   1      H2O      +  O1D       =    OH       +  OH                  
   2      H2       +  O1D       =    OH       +  H                   
   3      H2       +  O         =    OH       +  H                   
   4      H2       +  OH        =    H2O      +  H                   
   5      H        +  O3        =    OH       +  O2                  
   6      H        +  O2        =    HO2      +                      
   7      H        +  HO2       =    H2       +  O2                  
   8      H        +  HO2       =    H2O      +  O                   
   9      H        +  HO2       =    OH       +  OH                  
  10      OH       +  O         =    H        +  O2                  
  11      OH       +  HO2       =    H2O      +  O2                  
  12      OH       +  O3        =    HO2      +  O2                  
  13      HO2      +  O         =    OH       +  O2                  
  14      HO2      +  O3        =    OH       +  O2          O2      
  15      HO2      +  HO2       =    H2O2     +  O2                  
  16      H2O2     +  OH        =    HO2      +  H2O                 
  17      O        +  O         =    O2       +                      
  18      O        +  O2        =    O3       +                      
  19      O        +  O3        =    O2       +  O2                  
  20      OH       +  OH        =    H2O      +  O                   
  21      O1D      +  N2        =    O        +  N2                  
  22      O1D      +  O2        =    O        +  O2                  
  23      O2       +  HV        =    O        +  O1D                 
  24      O2       +  HV        =    O        +  O                   
  25      H2O      +  HV        =    H        +  OH                  
  26      H2O      +  HV        =    H2       +  O1D                 
  27      H2O      +  HV        =    H        +  H           O       
  28      O3       +  HV        =    O2       +  O1D                 
  29      O3       +  HV        =    O2       +  O                   
  30      O3       +  HV        =    O        +  O           O       
  31      H        +  CO        =    HCO      +                      
  32      H        +  HCO       =    H2       +  CO                  
  33      HCO      +  HCO       =    H2CO     +  CO                  
  34      OH       +  HCO       =    H2O      +  CO                  
  35      O        +  HCO       =    H        +  CO2                 
  36      O        +  HCO       =    OH       +  CO                  
  37      H2O2     +  HV        =    OH       +  OH                  
  38      CO2      +  HV        =    CO       +  O                   
  39      CO2      +  HV        =    CO       +  O1D                 
  40      CO       +  OH        =    CO2      +  H                   
  41      CO       +  O         =    CO2      +                      
  42      H2CO     +  HV        =    H2       +  CO                  
  43      H2CO     +  HV        =    HCO      +  H                   
  44      HCO      +  HV        =    H        +  CO                  
  45      H2CO     +  H         =    H2       +  HCO                 
  46      H        +  H         =    H2       +                      
  47      HCO      +  O2        =    HO2      +  CO                  
  48      H2CO     +  OH        =    H2O      +  HCO                 
  49      H        +  OH        =    H2O      +                      
  50      OH       +  OH        =    H2O2     +                      
  51      H2CO     +  O         =    HCO      +  OH                  
  52      H2O2     +  O         =    OH       +  HO2                 
  53      HO2      +  HV        =    OH       +  O                   
  54      CH4      +  HV        =    CH21     +  H2                  
  55      CH4      +  HV        =    CH3      +  H                   
  56      CH4      +  HV        =    CH23     +  H           H       
  57      C2H6     +  HV        =    CH23     +  CH23        H2      
  58      C2H6     +  HV        =    CH4      +  CH21                
  59      HNO2     +  HV        =    NO       +  OH                  
  60      HNO3     +  HV        =    NO2      +  OH                  
  61      HNO3     +  HV        =    HNO2     +  O                   
  62      HNO3     +  HV        =    HNO2     +  O1D                 
  63      NO       +  HV        =    N        +  O                   
  64      NO2      +  HV        =    NO       +  O1D                 
  65      NO2      +  HV        =    NO       +  O                   
  66      CH4      +  OH        =    CH3      +  H2O                 
  67      CH4      +  O1D       =    CH3      +  OH                  
  68      CH4      +  O1D       =    H2CO     +  H2                  
  69      CH21     +  CH4       =    CH3      +  CH3                 
  70      CH21     +  O2        =    HCO      +  OH                  
  71      CH21     +  N2        =    CH23     +  N2                  
  72      CH23     +  H2        =    CH3      +  H                   
  73      CH23     +  CH4       =    CH3      +  CH3                 
  74      CH23     +  O2        =    HCO      +  OH                  
  75      CH3      +  O2        =    H2CO     +  OH                  
  76      CH3      +  O         =    H2CO     +  H                   
  77      CH3      +  CH3       =    C2H6     +                      
  78      CH3      +  HV        =    CH21     +  H                   
  79      CH3      +  H         =    CH4      +                      
  80      CH3      +  HCO       =    CH4      +  CO                  
  81      CH3      +  HNO       =    CH4      +  NO                  
  82      CH3      +  H2CO      =    CH4      +  HCO                 
  83      H        +  NO        =    HNO      +                      
  84      N        +  N         =    N2       +                      
  85      N        +  O2        =    NO       +  O                   
  86      N        +  O3        =    NO       +  O2                  
  87      N        +  OH        =    NO       +  H                   
  88      N        +  NO        =    N2       +  O                   
  89      NO       +  O3        =    NO2      +  O2                  
  90      NO       +  O         =    NO2      +                      
  91      NO       +  HO2       =    NO2      +  OH                  
  92      NO       +  OH        =    HNO2     +                      
  93      NO2      +  O         =    NO       +  O2                  
  94      NO2      +  OH        =    HNO3     +                      
  95      NO2      +  H         =    NO       +  OH                  
  96      HNO3     +  OH        =    H2O      +  NO3                 
  97      HCO      +  NO        =    HNO      +  CO                  
  98      HNO      +  HV        =    NO       +  H                   
  99      H        +  HNO       =    H2       +  NO                  
 100      O        +  HNO       =    OH       +  NO                  
 101      OH       +  HNO       =    H2O      +  NO                  
 102      HNO2     +  OH        =    H2O      +  NO2                 
 103      CH4      +  O         =    CH3      +  OH                  
 104      CH21     +  H2        =    CH3      +  H                   
 105      CH21     +  CO2       =    H2CO     +  CO                  
 106      CH23     +  O         =    HCO      +  H                   
 107      CH23     +  CO2       =    H2CO     +  CO                  
 108      C2H6     +  OH        =    C2H5     +  H2O                 
 109      C2H6     +  O         =    C2H5     +  OH                  
 110      C2H6     +  O1D       =    C2H5     +  OH                  
 111      C2H5     +  H         =    CH3      +  CH3                 
 112      C2H5     +  O         =    CH3      +  HCO         H       
 113      C2H5     +  OH        =    CH3      +  HCO         H2      
 114      C2H5     +  HCO       =    C2H6     +  CO                  
 115      C2H5     +  HNO       =    C2H6     +  NO                  
 116      C2H5     +  O2        =    CH3      +  HCO         OH      
 117      SO       +  HV        =    S        +  O                   
 118      H2S      +  HV        =    HS       +  H                   
 119      SO2      +  HV        =    SO       +  O                   
 120      SO2      +  HV        =    SO21     +                      
 121      SO2      +  HV        =    SO23     +                      
 122      SO       +  O2        =    O        +  SO2                 
 123      SO       +  HO2       =    SO2      +  OH                  
 124      SO       +  O         =    SO2      +                      
 125      SO       +  OH        =    SO2      +  H                   
 126      SO2      +  OH        =    HSO3     +                      
 127      SO2      +  O         =    SO3      +                      
 128      SO3      +  H2O       =    H2SO4    +                      
 129      HSO3     +  O2        =    HO2      +  SO3                 
 130      HSO3     +  OH        =    H2O      +  SO3                 
 131      HSO3     +  H         =    H2       +  SO3                 
 132      HSO3     +  O         =    OH       +  SO3                 
 133      H2S      +  OH        =    H2O      +  HS                  
 134      H2S      +  H         =    H2       +  HS                  
 135      H2S      +  O         =    OH       +  HS                  
 136      HS       +  O         =    H        +  SO                  
 137      HS       +  O2        =    OH       +  SO                  
 138      HS       +  HO2       =    H2S      +  O2                  
 139      HS       +  HS        =    H2S      +  S                   
 140      HS       +  HCO       =    H2S      +  CO                  
 141      HS       +  H         =    H2       +  S                   
 142      HS       +  S         =    H        +  S2                  
 143      S        +  O2        =    SO       +  O                   
 144      S        +  OH        =    SO       +  H                   
 145      S        +  HCO       =    HS       +  CO                  
 146      S        +  HO2       =    HS       +  O2                  
 147      S        +  HO2       =    SO       +  OH                  
 148      S        +  S         =    S2       +                      
 149      S2       +  OH        =    HSO      +  S                   
 150      S2       +  O         =    S        +  SO                  
 151      HS       +  H2CO      =    H2S      +  HCO                 
 152      S2       +  HV        =    S        +  S                   
 153      S2       +  HV        =    S2       +                      
 154      S        +  S2        =    S3       +                      
 155      S2       +  S2        =    S4       +                      
 156      S        +  S3        =    S4       +                      
 157      S4       +  S4        =    S8       +                      
 158      S4       +  HV        =    S2       +  S2                  
 159      S3       +  HV        =    S2       +  S                   
 160      S8       +  HV        =    S4       +  S4                  
 161      S8       +  HV        =    S4       +  S4                  
 162      S8       +  HV        =    S4       +  S4                  
 163      SO3      +  HV        =    SO2      +  O                   
 164      SO21     +  M         =    SO23     +  M                   
 165      SO21     +  M         =    SO2      +  M                   
 166      SO21     +  HV        =    SO23     +  HV                  
 167      SO21     +  HV        =    SO2      +  HV                  
 168      SO21     +  O2        =    SO3      +  O                   
 169      SO21     +  SO2       =    SO3      +  SO                  
 170      SO23     +  M         =    SO2      +  M                   
 171      SO23     +  HV        =    SO2      +  HV                  
 172      SO23     +  SO2       =    SO3      +  SO                  
 173      SO       +  NO2       =    SO2      +  NO                  
 174      SO       +  O3        =    SO2      +  O2                  
 175      SO2      +  HO2       =    SO3      +  OH                  
 176      HS       +  O3        =    HSO      +  O2                  
 177      HS       +  NO2       =    HSO      +  NO                  
 178      S        +  O3        =    SO       +  O2                  
 179      SO       +  SO        =    SO2      +  S                   
 180      SO3      +  SO        =    SO2      +  SO2                 
 181      S        +  CO2       =    SO       +  CO                  
 182      SO       +  HO2       =    HSO      +  O2                  
 183      SO       +  HCO       =    HSO      +  CO                  
 184      H        +  SO        =    HSO      +                      
 185      HSO      +  HV        =    HS       +  O                   
 186      HSO      +  NO        =    HNO      +  SO                  
 187      HSO      +  OH        =    H2O      +  SO                  
 188      HSO      +  H         =    HS       +  OH                  
 189      HSO      +  H         =    H2       +  SO                  
 190      HSO      +  HS        =    H2S      +  SO                  
 191      HSO      +  O         =    OH       +  SO                  
 192      HSO      +  S         =    HS       +  SO                  
 193      SO3      +  CO        =    SO2      +  CO2                 
 194      H        +  OCS       =    CO       +  HS                  
 195      HS       +  CO        =    OCS      +  H                   
 196      O        +  OCS       =    CO       +  SO                  
 197      O        +  OCS       =    S        +  CO2                 
 198      OCS      +  S         =    CO       +  S2                  
 199      OCS      +  OH        =    CO2      +  HS                  
 200      S        +  HCO       =    OCS      +  H                   
 201      S        +  CO        =    OCS      +                      
 202      OCS      +  HV        =    CO       +  S                   
 203      CO       +  O1D       =    CO       +  O                   
 204      CO       +  O1D       =    CO2      +                      
 205      H2S      +  HO2       =    H2O      +  HSO                 
 206      OCS      +  S         =    OCS2     +                      
 207      OCS2     +  S         =    OCS      +  S2                  
 208      S3       +  O         =    S2       +  SO                  
 209      S4       +  O         =    S3       +  SO                  
 210      OCS2     +  CO        =    OCS      +  OCS                 
 211      O        +  NO3       =    O2       +  NO2                 
 212      HO2      +  NO3       =    OH       +  NO2         O2      
 213      NO       +  NO3       =    NO2      +  NO2                 
 214      O        +  NO2       =    NO3      +                      
 215      OH       +  NO3       =    HO2      +  NO2                 
 216      NO3      +  HV        =    NO       +  O2                  
 217      NO3      +  HV        =    NO2      +  O                   
 218      N        +  NO2       =    N2O      +  O                   
 219      O1D      +  N2        =    N2O      +                      
 220      O1D      +  N2O       =    N2       +  O2                  
 221      O1D      +  N2O       =    NO       +  NO                  
 222      N2O      +  HV        =    N2       +  O1D                 
 223      N        +  HO2       =    NO       +  OH                  
 224      O        +  N2O5      =    NO2      +  NO2         O2      
 225      NO2      +  NO3       =    N2O5     +                      
 226      N2O5     +  M         =    NO3      +  NO2                 
 227      NO2      +  NO3       =    NO       +  NO2         O2      
 228      NO2      +  O3        =    NO3      +  O2                  
 229      NO3      +  NO3       =    NO2      +  NO2         O2      
 230      HO2      +  NO2       =    HO2NO2   +                      
 231      O        +  HO2NO2    =    OH       +  NO2         O2      
 232      OH       +  HO2NO2    =    H2O      +  NO2         O2      
 233      HO2NO2   +  M         =    HO2      +  NO2                 
 234      HO2NO2   +  HV        =    HO2      +  NO2                 
 235      HO2NO2   +  HV        =    OH       +  NO3                 
 236      N2O5     +  HV        =    NO3      +  NO2                 
 237      N2O5     +  HV        =    NO3      +  NO          O       
 238      O        +  HNO3      =    OH       +  NO3                 
 239      HO2      +  NO2       =    HNO2     +  O2                  


 NQ=40     NZ=200     KJAC= 968000

 PO2= 4.326E-02  PNO= 2.038E-02  ZAPO2= 1.524E+03  ZAPNO = 7.180E+02  PRONO = 1.000E+09  PRONOP = 5.702E+08  ZAPCO = 1.124E+01  ZAPH2 = 1.884E+02
 N= 4     X= 5.44325E-01  ERR= 1.21214E-10

 TIME = 0.00E+00     TIMEY = 0.00E+00 YEARS

 NPHOT =    0

 MIXING RATIOS OF LONG-LIVED SPECIES


     Z        O        O2       H2O      H        OH       HO2      H2O2     H2       CO       HCO      H2CO     CH4      CH3      C2H6     NO       NO2      HNO      H2S     
  2.50E+04 8.18E-17 7.35E-02 1.12E-02 1.13E-20 4.17E-14 1.08E-11 1.06E-09 5.30E-07 1.10E-07 4.44E-22 2.29E-10 1.80E-06 4.04E-21 4.91E-26 1.96E-12 3.78E-12 1.73E-17 9.27E-12
  7.50E+04 9.38E-17 7.35E-02 9.35E-03 1.22E-20 4.46E-14 1.11E-11 1.12E-09 5.30E-07 1.07E-07 4.80E-22 2.27E-10 1.80E-06 4.05E-21 4.90E-26 2.13E-12 3.82E-12 1.76E-17 6.50E-12
  1.25E+05 1.09E-16 7.35E-02 7.87E-03 1.33E-20 4.84E-14 1.12E-11 1.16E-09 5.31E-07 1.05E-07 5.02E-22 2.16E-10 1.80E-06 4.11E-21 4.90E-26 2.36E-12 3.97E-12 1.52E-17 4.55E-12
  1.75E+05 1.27E-16 7.35E-02 6.47E-03 1.44E-20 5.23E-14 1.13E-11 1.17E-09 5.31E-07 1.02E-07 5.16E-22 2.03E-10 1.79E-06 4.14E-21 4.89E-26 2.66E-12 4.22E-12 1.25E-17 3.17E-12
  3.75E+05 2.51E-16 7.35E-02 2.53E-03 1.94E-20 7.00E-14 1.07E-11 1.04E-09 5.32E-07 9.21E-08 5.29E-22 1.48E-10 1.79E-06 4.05E-21 4.82E-26 4.79E-12 6.03E-12 4.88E-18 7.40E-13
  5.75E+05 4.71E-16 7.35E-02 7.04E-04 2.12E-20 7.77E-14 8.45E-12 7.05E-10 5.32E-07 8.41E-08 3.98E-22 8.77E-11 1.79E-06 2.96E-21 4.77E-26 7.27E-12 6.69E-12 1.59E-18 1.88E-13
  7.75E+05 8.04E-16 7.35E-02 1.20E-04 1.69E-20 6.34E-14 5.64E-12 3.98E-10 5.32E-07 7.80E-08 1.90E-22 3.66E-11 1.78E-06 1.34E-21 4.81E-26 7.73E-12 4.51E-12 4.61E-19 6.19E-14
  9.75E+05 1.30E-15 7.35E-02 1.23E-05 1.96E-20 7.51E-14 3.24E-12 1.98E-10 5.32E-07 7.34E-08 1.16E-22 1.71E-11 1.78E-06 7.45E-22 5.00E-26 1.90E-11 6.13E-12 3.49E-19 2.43E-14
  1.18E+06 3.50E-15 7.35E-02 4.43E-06 2.80E-20 9.29E-14 1.85E-12 6.62E-11 5.33E-07 6.69E-08 1.09E-22 1.17E-11 1.78E-06 7.87E-22 5.83E-26 4.40E-11 1.20E-11 1.85E-19 7.30E-15
  1.38E+06 1.81E-14 7.35E-02 4.25E-06 2.67E-20 8.12E-14 7.08E-13 5.55E-12 5.32E-07 5.27E-08 8.92E-23 7.36E-12 1.76E-06 7.66E-22 1.12E-25 1.09E-10 5.08E-11 5.46E-20 7.00E-16
  1.58E+06 9.40E-14 7.35E-02 4.35E-06 3.07E-20 9.47E-14 5.34E-13 9.87E-13 5.30E-07 3.58E-08 1.12E-22 6.60E-12 1.71E-06 1.14E-21 2.92E-25 2.19E-10 1.91E-10 8.95E-20 2.86E-17
  1.78E+06 3.70E-13 7.35E-02 4.52E-06 4.67E-20 1.48E-13 7.23E-13 1.09E-12 5.24E-07 2.29E-08 1.97E-22 7.92E-12 1.62E-06 2.32E-21 6.85E-25 3.65E-10 4.63E-10 1.69E-19 6.27E-19
  1.98E+06 1.18E-12 7.35E-02 4.74E-06 9.10E-20 2.72E-13 1.23E-12 1.97E-12 5.15E-07 1.54E-08 4.02E-22 1.06E-11 1.51E-06 5.41E-21 1.42E-24 5.72E-10 8.62E-10 1.53E-19 7.82E-21
  2.18E+06 3.29E-12 7.35E-02 4.99E-06 2.28E-19 5.60E-13 2.34E-12 4.30E-12 5.04E-07 1.17E-08 8.98E-22 1.51E-11 1.39E-06 1.38E-20 2.74E-24 8.69E-10 1.38E-09 8.26E-20 1.46E-22
  2.38E+06 8.54E-12 7.35E-02 5.24E-06 6.99E-19 1.23E-12 4.66E-12 9.70E-12 4.90E-07 1.01E-08 2.12E-21 2.16E-11 1.27E-06 3.69E-20 5.29E-24 1.28E-09 1.99E-09 7.06E-20 7.49E-23
  2.58E+06 2.11E-11 7.35E-02 5.49E-06 2.46E-18 2.71E-12 9.13E-12 2.02E-11 4.74E-07 9.53E-09 5.02E-21 3.00E-11 1.16E-06 9.98E-20 1.07E-23 1.82E-09 2.62E-09 1.14E-19 5.11E-23
  2.78E+06 5.07E-11 7.35E-02 5.73E-06 9.63E-18 5.61E-12 1.66E-11 3.55E-11 4.57E-07 9.47E-09 1.13E-20 3.92E-11 1.04E-06 2.63E-19 2.35E-23 2.49E-09 3.16E-09 2.34E-19 2.85E-23
  2.98E+06 1.20E-10 7.35E-02 5.98E-06 4.11E-17 1.06E-11 2.72E-11 5.11E-11 4.38E-07 9.79E-09 2.35E-20 4.84E-11 9.26E-07 6.72E-19 5.56E-23 3.20E-09 3.47E-09 4.77E-19 1.35E-23
  3.18E+06 2.82E-10 7.35E-02 6.21E-06 1.86E-16 1.86E-11 4.03E-11 6.15E-11 4.19E-07 1.04E-08 4.54E-20 5.73E-11 8.15E-07 1.66E-18 1.39E-22 3.85E-09 3.41E-09 9.17E-19 5.68E-24
  3.38E+06 6.64E-10 7.35E-02 6.44E-06 8.80E-16 3.12E-11 5.47E-11 6.27E-11 4.01E-07 1.11E-08 8.41E-20 6.57E-11 7.09E-07 4.07E-18 3.58E-22 4.30E-09 2.97E-09 1.66E-18 2.28E-24
  3.58E+06 1.56E-09 7.35E-02 6.64E-06 4.31E-15 5.25E-11 6.84E-11 5.51E-11 3.87E-07 1.16E-08 1.53E-19 7.27E-11 6.10E-07 9.81E-18 9.24E-22 4.53E-09 2.26E-09 2.90E-18 9.59E-25
  3.78E+06 3.60E-09 7.35E-02 6.81E-06 2.14E-14 8.89E-11 8.09E-11 4.42E-11 3.79E-07 1.19E-08 2.74E-19 7.71E-11 5.26E-07 2.31E-17 2.32E-21 4.59E-09 1.47E-09 4.92E-18 5.16E-25
  3.98E+06 7.98E-09 7.35E-02 6.94E-06 9.76E-14 1.43E-10 9.40E-11 3.61E-11 3.82E-07 1.20E-08 4.54E-19 7.63E-11 4.56E-07 4.93E-17 5.73E-21 4.43E-09 7.85E-10 7.64E-18 3.86E-25
  4.18E+06 1.59E-08 7.35E-02 7.02E-06 3.54E-13 2.04E-10 1.09E-10 3.17E-11 3.99E-07 1.20E-08 6.35E-19 6.91E-11 4.03E-07 8.75E-17 1.42E-20 4.03E-09 3.58E-10 9.89E-18 3.82E-25
  4.38E+06 2.74E-08 7.35E-02 7.06E-06 9.81E-13 2.55E-10 1.24E-10 2.92E-11 4.31E-07 1.22E-08 7.48E-19 5.84E-11 3.66E-07 1.28E-16 3.70E-20 3.47E-09 1.53E-10 1.07E-17 4.41E-25
  4.58E+06 4.26E-08 7.34E-02 7.05E-06 2.25E-12 2.94E-10 1.38E-10 2.71E-11 4.78E-07 1.30E-08 7.92E-19 4.79E-11 3.39E-07 1.65E-16 9.91E-20 2.90E-09 6.61E-11 1.04E-17 5.23E-25
  4.78E+06 6.23E-08 7.34E-02 7.02E-06 4.65E-12 3.25E-10 1.50E-10 2.47E-11 5.37E-07 1.49E-08 8.08E-19 3.93E-11 3.21E-07 2.08E-16 2.51E-19 2.41E-09 2.99E-11 9.62E-18 5.86E-25
  4.98E+06 8.76E-08 7.34E-02 6.97E-06 9.12E-12 3.54E-10 1.62E-10 2.25E-11 6.08E-07 1.83E-08 8.10E-19 3.21E-11 3.07E-07 2.58E-16 5.76E-19 2.00E-09 1.42E-11 8.68E-18 6.27E-25
  5.18E+06 1.20E-07 7.34E-02 6.90E-06 1.74E-11 3.83E-10 1.75E-10 2.07E-11 6.90E-07 2.42E-08 8.06E-19 2.63E-11 2.96E-07 3.20E-16 1.19E-18 1.67E-09 7.03E-12 7.84E-18 6.58E-25
  5.38E+06 1.62E-07 7.34E-02 6.81E-06 3.31E-11 4.19E-10 1.90E-10 1.95E-11 7.87E-07 3.36E-08 7.98E-19 2.14E-11 2.86E-07 3.94E-16 2.26E-18 1.40E-09 3.65E-12 7.17E-18 7.00E-25
  5.58E+06 2.15E-07 7.34E-02 6.71E-06 6.27E-11 4.62E-10 2.10E-10 1.88E-11 9.01E-07 4.81E-08 7.85E-19 1.74E-11 2.76E-07 4.83E-16 4.00E-18 1.18E-09 2.00E-12 6.67E-18 7.71E-25
  5.78E+06 2.80E-07 7.34E-02 6.58E-06 1.19E-10 5.18E-10 2.36E-10 1.88E-11 1.04E-06 6.98E-08 7.67E-19 1.40E-11 2.66E-07 5.87E-16 6.69E-18 9.99E-10 1.17E-12 6.35E-18 8.91E-25
  5.98E+06 3.62E-07 7.34E-02 6.42E-06 2.28E-10 5.88E-10 2.69E-10 1.92E-11 1.20E-06 1.02E-07 7.48E-19 1.12E-11 2.55E-07 7.04E-16 1.07E-17 8.55E-10 7.27E-13 6.18E-18 1.08E-24
  6.18E+06 4.63E-07 7.34E-02 6.24E-06 4.43E-10 6.80E-10 3.13E-10 2.06E-11 1.39E-06 1.48E-07 7.70E-19 9.16E-12 2.43E-07 8.47E-16 1.64E-17 7.40E-10 4.90E-13 6.22E-18 1.38E-24
  6.38E+06 5.74E-07 7.34E-02 6.01E-06 8.81E-10 8.24E-10 3.83E-10 2.46E-11 1.62E-06 2.14E-07 1.16E-18 9.08E-12 2.28E-07 1.21E-15 2.46E-17 6.53E-10 3.72E-13 6.69E-18 2.08E-24
  6.58E+06 6.60E-07 7.34E-02 5.73E-06 1.83E-09 1.11E-09 5.26E-10 3.65E-11 1.91E-06 3.07E-07 3.54E-18 1.57E-11 2.11E-07 3.04E-15 3.58E-17 5.92E-10 3.53E-13 8.29E-18 4.58E-24
  6.78E+06 7.14E-07 7.33E-02 5.39E-06 4.05E-09 1.67E-09 8.10E-10 6.50E-11 2.25E-06 4.38E-07 1.25E-17 3.76E-11 1.90E-07 1.09E-14 5.13E-17 5.54E-10 4.19E-13 1.19E-17 1.33E-23
  6.98E+06 8.09E-07 7.33E-02 4.98E-06 9.45E-09 2.57E-09 1.25E-09 1.14E-10 2.67E-06 6.22E-07 3.66E-17 7.96E-11 1.67E-07 3.46E-14 7.20E-17 5.41E-10 5.11E-13 1.80E-17 3.42E-23
  7.18E+06 1.03E-06 7.33E-02 4.49E-06 2.30E-08 3.68E-09 1.77E-09 1.70E-10 3.16E-06 8.76E-07 8.51E-17 1.36E-10 1.41E-07 8.18E-14 9.65E-17 5.50E-10 5.44E-13 2.61E-17 6.26E-23
  7.38E+06 1.52E-06 7.32E-02 3.92E-06 5.76E-08 4.74E-09 2.22E-09 2.01E-10 3.70E-06 1.22E-06 1.62E-16 1.91E-10 1.16E-07 1.38E-13 1.16E-16 5.84E-10 4.75E-13 3.53E-17 7.65E-23
  7.58E+06 2.46E-06 7.32E-02 3.30E-06 1.48E-07 5.64E-09 2.53E-09 1.93E-10 4.27E-06 1.67E-06 2.63E-16 2.27E-10 9.21E-08 1.68E-13 1.21E-16 6.50E-10 3.54E-13 4.59E-17 6.84E-23
  7.78E+06 6.88E-06 7.31E-02 2.64E-06 4.71E-07 4.97E-09 2.11E-09 1.12E-10 4.73E-06 2.25E-06 3.76E-16 2.04E-10 7.12E-08 9.86E-14 1.10E-16 7.54E-10 1.32E-13 4.52E-17 2.07E-23
  7.98E+06 5.70E-05 7.30E-02 2.00E-06 1.21E-06 1.56E-09 5.04E-10 2.01E-11 4.96E-06 2.92E-06 5.38E-16 7.82E-11 5.39E-08 1.62E-14 9.25E-17 8.96E-10 9.31E-15 1.24E-17 3.34E-25
  8.18E+06 2.74E-04 7.28E-02 1.46E-06 2.00E-06 7.08E-10 1.30E-10 2.49E-12 5.04E-06 3.67E-06 6.27E-16 2.26E-11 3.99E-08 4.09E-15 7.41E-17 1.11E-09 3.76E-15 3.93E-18 1.75E-27
  8.38E+06 8.50E-04 7.23E-02 1.03E-06 2.67E-06 4.15E-10 4.10E-11 2.48E-13 5.07E-06 4.47E-06 6.33E-16 8.59E-12 2.89E-08 1.51E-15 5.56E-17 1.40E-09 3.19E-15 1.56E-18 4.53E-30
  8.58E+06 2.00E-03 7.15E-02 7.14E-07 3.18E-06 2.62E-10 1.51E-11 1.99E-14 5.07E-06 5.32E-06 5.62E-16 4.06E-12 2.04E-08 7.07E-16 3.90E-17 1.61E-09 2.69E-15 6.74E-19 2.24E-32
  8.78E+06 3.92E-03 7.03E-02 4.82E-07 3.56E-06 1.67E-10 6.28E-12 1.35E-15 5.06E-06 6.20E-06 4.54E-16 2.23E-12 1.41E-08 3.87E-16 2.58E-17 1.65E-09 2.03E-15 2.91E-19 5.79E-34
  8.98E+06 6.71E-03 6.86E-02 3.20E-07 3.83E-06 1.05E-10 2.85E-12 8.85E-17 5.05E-06 7.08E-06 3.49E-16 1.36E-12 9.66E-09 2.35E-16 1.64E-17 1.58E-09 1.43E-15 1.29E-19 3.05E-35
  9.18E+06 1.04E-02 6.63E-02 2.09E-07 4.03E-06 6.48E-11 1.38E-12 7.01E-18 5.02E-06 7.93E-06 2.64E-16 8.96E-13 6.55E-09 1.55E-16 1.03E-17 1.49E-09 9.88E-16 6.09E-20 2.48E-36
  9.38E+06 1.49E-02 6.36E-02 1.36E-07 4.17E-06 3.88E-11 7.05E-13 8.31E-19 5.00E-06 8.72E-06 2.04E-16 6.33E-13 4.47E-09 1.09E-16 6.45E-18 1.39E-09 6.84E-16 3.04E-20 2.82E-37
  9.58E+06 2.01E-02 6.06E-02 9.04E-08 4.27E-06 2.27E-11 3.78E-13 1.45E-19 4.98E-06 9.39E-06 1.66E-16 4.87E-13 3.17E-09 8.41E-17 4.21E-18 1.31E-09 4.73E-16 1.60E-20 4.21E-38
  9.78E+06 2.55E-02 5.75E-02 6.46E-08 4.35E-06 1.30E-11 2.13E-13 3.25E-20 4.96E-06 9.89E-06 1.52E-16 4.33E-13 2.45E-09 7.48E-17 3.02E-18 1.23E-09 3.28E-16 8.94E-21 8.16E-39
  9.98E+06 3.00E-02 5.50E-02 5.60E-08 4.38E-06 7.53E-12 1.29E-13 1.12E-20 4.95E-06 1.01E-05 1.83E-16 5.26E-13 2.26E-09 9.08E-17 2.57E-18 1.17E-09 2.31E-16 5.41E-21 2.34E-39

     Z        HS       S        SO       SO2      H2SO4    HSO      S2       S4       S8       SO3      OCS      S3       O3       HNO3     N        NO3      N2O      HO2NO2  
  2.50E+04 2.61E-17 8.19E-32 3.59E-19 6.80E-11 3.94E-12 6.27E-13 1.27E-35 2.16E-61 8.36-104 1.63E-21 5.40E-22 6.03E-59 1.17E-08 2.01E-11 9.95-163 3.00E-16 3.00E-07 8.05E-14
  7.50E+04 1.91E-17 4.37E-32 3.45E-19 1.05E-10 5.99E-12 6.12E-13 8.09E-36 7.89E-62 8.36-104 3.31E-21 5.40E-22 1.81E-59 1.23E-08 2.24E-11 2.39-156 2.88E-16 3.00E-07 1.15E-13
  1.25E+05 1.40E-17 2.34E-32 3.09E-19 1.37E-10 8.10E-12 5.03E-13 4.40E-36 2.09E-62 8.36-104 5.62E-21 5.40E-22 4.66E-60 1.31E-08 2.53E-11 4.88-150 2.89E-16 3.00E-07 1.69E-13
  1.75E+05 1.01E-17 1.22E-32 2.66E-19 1.66E-10 1.03E-11 3.84E-13 2.18E-36 4.59E-63 8.36-104 9.14E-21 5.40E-22 1.07E-60 1.41E-08 2.88E-11 8.38-144 2.98E-16 3.00E-07 2.58E-13
  3.75E+05 2.57E-18 7.80E-34 1.25E-19 2.67E-10 1.89E-11 1.02E-13 7.93E-38 3.92E-66 8.36-104 5.86E-20 5.38E-22 1.53E-63 1.99E-08 4.56E-11 1.16-119 3.94E-16 3.00E-07 1.72E-12
  5.75E+05 5.88E-19 4.10E-35 5.67E-20 3.69E-10 2.39E-11 2.68E-14 1.85E-39 1.37E-69 8.36-104 3.90E-19 5.37E-22 1.17E-66 2.79E-08 5.59E-11 5.95E-97 4.41E-16 2.99E-07 1.21E-11
  7.75E+05 1.32E-19 2.72E-36 3.07E-20 4.76E-10 2.32E-11 8.85E-15 3.28E-41 2.79E-73 8.36-104 2.93E-18 5.36E-22 8.72E-70 3.73E-08 5.89E-11 1.34E-76 4.49E-16 2.99E-07 3.14E-11
  9.75E+05 5.28E-20 2.35E-35 8.89E-20 5.61E-10 2.59E-11 3.37E-15 3.55E-42 2.09E-75 8.36-104 4.86E-17 5.35E-22 5.10E-70 4.83E-08 6.60E-11 5.58E-61 5.87E-16 2.99E-07 3.27E-11
  1.18E+06 1.36E-20 2.55E-33 9.88E-19 7.08E-10 2.94E-11 1.02E-15 4.12E-41 1.55E-73 8.36-104 3.54E-16 5.31E-22 3.50E-67 7.66E-08 1.01E-10 1.55E-49 7.68E-16 2.98E-07 2.68E-11
  1.38E+06 4.59E-22 1.89E-31 1.10E-17 1.16E-09 2.86E-11 1.57E-16 7.15E-41 2.45E-73 8.35-104 6.06E-16 5.13E-22 2.33E-65 2.09E-07 3.11E-10 4.97E-41 1.65E-15 2.93E-07 3.16E-11
  1.58E+06 9.75E-24 6.31E-30 7.00E-17 1.52E-09 2.84E-11 1.80E-16 3.71E-41 3.41E-74 8.34-104 1.21E-15 4.61E-22 2.07E-64 5.52E-07 9.08E-10 9.23E-35 6.13E-15 2.77E-07 5.62E-11
  1.78E+06 4.16E-24 9.43E-29 2.27E-16 1.20E-09 2.24E-11 2.89E-16 1.61E-40 3.32E-73 8.32-104 1.95E-15 3.77E-22 6.94E-63 1.09E-06 1.85E-09 4.44E-30 1.89E-14 2.51E-07 1.00E-10
  1.98E+06 8.29E-24 5.08E-28 2.92E-16 4.24E-10 9.17E-12 2.28E-16 8.62E-40 4.99E-72 8.29-104 1.65E-15 2.74E-22 1.04E-61 1.75E-06 2.84E-09 1.69E-26 4.29E-14 2.16E-07 1.57E-10
  2.18E+06 9.40E-24 1.11E-27 1.67E-16 7.54E-11 2.09E-12 9.43E-17 1.11E-39 4.32E-72 8.25-104 8.21E-16 1.76E-22 1.53E-61 2.42E-06 3.51E-09 1.05E-23 7.85E-14 1.79E-07 2.09E-10
  2.38E+06 9.74E-24 1.84E-27 8.19E-17 1.29E-11 4.81E-13 3.63E-17 9.57E-40 1.69E-72 8.22-104 4.37E-16 9.84E-23 1.15E-61 3.08E-06 3.71E-09 1.67E-21 1.26E-13 1.43E-07 2.38E-10
  2.58E+06 8.57E-24 2.37E-27 3.49E-17 2.17E-12 1.11E-13 1.25E-17 5.27E-40 2.73E-73 8.18-104 2.34E-16 4.60E-23 4.34E-62 3.68E-06 3.44E-09 9.34E-20 1.82E-13 1.10E-07 2.29E-10
  2.78E+06 6.14E-24 2.45E-27 1.33E-17 3.67E-13 5.34E-14 3.66E-18 1.85E-40 1.79E-74 8.14-104 1.25E-16 1.70E-23 8.37E-63 4.17E-06 2.82E-09 2.22E-18 2.39E-13 8.18E-08 1.85E-10
  2.98E+06 3.79E-24 2.21E-27 4.98E-18 6.84E-14 1.93E-13 9.67E-19 4.81E-41 6.46E-76 8.09-104 7.20E-17 4.73E-24 1.05E-63 4.48E-06 2.00E-09 2.60E-17 2.89E-13 5.84E-08 1.26E-10
  3.18E+06 2.12E-24 1.89E-27 1.94E-18 1.50E-14 2.46E-13 2.43E-19 1.05E-41 1.64E-77 8.04-104 4.89E-17 9.12E-25 1.04E-64 4.60E-06 1.24E-09 1.70E-16 3.22E-13 4.01E-08 7.12E-11
  3.38E+06 1.16E-24 1.66E-27 8.55E-19 4.18E-15 2.56E-13 6.28E-20 2.27E-42 4.16E-79 7.99-104 4.08E-17 1.16E-25 1.07E-65 4.56E-06 6.85E-10 6.89E-16 3.27E-13 2.67E-08 3.32E-11
  3.58E+06 7.04E-25 1.67E-27 4.71E-19 1.57E-15 2.59E-13 1.87E-20 6.17E-43 1.69E-80 7.93-104 3.92E-17 9.46E-27 1.61E-66 4.37E-06 3.51E-10 1.94E-15 2.94E-13 1.74E-08 1.27E-11
  3.78E+06 5.58E-25 2.20E-27 3.68E-19 8.76E-16 2.59E-13 7.53E-21 2.88E-43 2.06E-81 7.87-104 3.81E-17 5.12E-28 5.54E-67 4.00E-06 1.66E-10 4.29E-15 2.27E-13 1.13E-08 3.98E-12
  3.98E+06 5.93E-25 3.67E-27 3.91E-19 6.74E-16 2.59E-13 4.22E-21 2.36E-43 7.87E-82 7.80-104 3.30E-17 1.93E-29 4.32E-67 3.41E-06 6.67E-11 8.10E-15 1.42E-13 7.38E-09 1.08E-12
  4.18E+06 7.67E-25 6.85E-27 4.97E-19 6.10E-16 2.59E-13 3.14E-21 2.90E-43 7.01E-82 7.73-104 2.56E-17 6.61E-31 5.84E-67 2.74E-06 2.21E-11 1.40E-14 7.11E-14 4.93E-09 2.78E-13
  4.38E+06 1.08E-24 1.35E-26 7.02E-19 5.86E-16 2.59E-13 2.93E-21 4.67E-43 1.09E-81 7.66-104 1.87E-17 1.09E-31 1.11E-66 2.16E-06 6.62E-12 2.39E-14 3.08E-14 3.39E-09 7.43E-14
  4.58E+06 1.51E-24 2.71E-26 1.05E-18 5.78E-16 2.59E-13 3.13E-21 8.52E-43 2.20E-81 7.59-104 1.34E-17 1.02E-31 2.48E-66 1.71E-06 1.95E-12 4.03E-14 1.26E-14 2.42E-09 2.12E-14
  4.78E+06 1.99E-24 5.37E-26 1.56E-18 5.75E-16 2.58E-13 3.47E-21 1.52E-42 4.25E-81 7.52-104 9.44E-18 1.20E-31 5.29E-66 1.36E-06 5.83E-13 6.47E-14 5.04E-15 1.80E-09 6.35E-15
  4.98E+06 2.50E-24 1.05E-25 2.30E-18 5.74E-16 2.58E-13 3.94E-21 2.66E-42 7.78E-81 7.45-104 6.65E-18 1.55E-31 1.08E-65 1.08E-06 1.80E-13 1.01E-13 2.04E-15 1.38E-09 2.00E-15
  5.18E+06 3.07E-24 2.03E-25 3.39E-18 5.73E-16 2.58E-13 4.56E-21 4.61E-42 1.40E-80 7.38-104 4.71E-18 2.16E-31 2.17E-65 8.65E-07 5.86E-14 1.53E-13 8.44E-16 1.09E-09 6.67E-16
  5.38E+06 3.81E-24 3.90E-25 4.97E-18 5.72E-16 2.57E-13 5.41E-21 8.15E-42 2.59E-80 7.30-104 3.34E-18 3.14E-31 4.37E-65 6.89E-07 2.00E-14 2.30E-13 3.58E-16 8.84E-10 2.35E-16
  5.58E+06 4.84E-24 7.46E-25 7.27E-18 5.70E-16 2.57E-13 6.60E-21 1.50E-41 5.18E-80 7.21-104 2.38E-18 4.68E-31 9.10E-65 5.44E-07 7.27E-15 3.41E-13 1.57E-16 7.30E-10 8.80E-17
  5.78E+06 6.37E-24 1.42E-24 1.06E-17 5.66E-16 2.56E-13 8.28E-21 2.89E-41 1.13E-79 7.12-104 1.69E-18 7.03E-31 1.96E-64 4.25E-07 2.83E-15 4.99E-13 7.18E-17 6.11E-10 3.55E-17
  5.98E+06 8.66E-24 2.71E-24 1.54E-17 5.61E-16 2.56E-13 1.06E-20 5.78E-41 2.64E-79 7.01-104 1.21E-18 1.05E-30 4.36E-64 3.28E-07 1.19E-15 7.23E-13 3.47E-17 5.18E-10 1.55E-17
  6.18E+06 1.23E-23 5.11E-24 2.21E-17 5.54E-16 2.55E-13 1.38E-20 1.21E-40 6.67E-79 6.89-104 8.59E-19 1.56E-30 9.97E-64 2.50E-07 5.49E-16 1.04E-12 1.79E-17 4.44E-10 7.40E-18
  6.38E+06 1.94E-23 9.49E-24 3.11E-17 5.44E-16 2.54E-13 1.92E-20 2.85E-40 2.15E-78 6.76-104 6.15E-19 2.35E-30 2.52E-63 1.84E-07 2.96E-16 1.47E-12 1.01E-17 3.83E-10 4.15E-18
  6.58E+06 4.00E-23 1.69E-23 4.20E-17 5.32E-16 2.53E-13 3.10E-20 9.08E-40 1.25E-77 6.60-104 4.52E-19 3.86E-30 8.18E-63 1.24E-07 2.18E-16 1.99E-12 6.62E-18 3.32E-10 3.21E-18
  6.78E+06 1.02E-22 2.79E-23 5.25E-17 5.21E-16 2.52E-13 5.47E-20 3.53E-39 1.07E-76 6.42-104 3.50E-19 7.37E-30 2.98E-62 7.81E-08 2.19E-16 2.50E-12 5.10E-18 2.88E-10 3.41E-18
  6.98E+06 2.42E-22 4.28E-23 6.06E-17 5.11E-16 2.51E-13 8.55E-20 1.12E-38 6.10E-76 6.21-104 2.82E-19 1.55E-29 8.21E-62 5.05E-08 2.31E-16 2.96E-12 4.15E-18 2.51E-10 3.70E-18
  7.18E+06 4.41E-22 6.37E-23 6.77E-17 5.01E-16 2.49E-13 1.05E-19 2.38E-38 1.54E-75 5.97-104 2.25E-19 3.19E-29 1.45E-61 3.57E-08 2.02E-16 3.57E-12 3.25E-18 2.18E-10 3.23E-18
  7.38E+06 6.06E-22 9.72E-23 7.70E-17 4.89E-16 2.47E-13 1.00E-19 3.41E-38 1.74E-75 5.69-104 1.69E-19 6.14E-29 1.75E-61 2.76E-08 1.32E-16 4.69E-12 2.33E-18 1.88E-10 2.05E-18
  7.58E+06 6.92E-22 1.54E-22 8.98E-17 4.73E-16 2.44E-13 8.08E-20 3.84E-38 1.19E-75 5.37-104 1.21E-19 1.10E-28 1.70E-61 2.12E-08 6.51E-17 6.76E-12 1.49E-18 1.62E-10 9.71E-19
  7.78E+06 3.04E-22 2.95E-22 1.26E-16 4.33E-16 2.40E-13 3.37E-20 1.17E-38 6.04E-77 5.00-104 9.63E-20 1.95E-28 5.36E-62 2.38E-08 1.80E-17 1.47E-11 7.37E-19 1.39E-10 2.13E-19
  7.98E+06 5.31E-24 7.66E-22 2.40E-16 3.13E-16 2.35E-13 1.95E-21 6.47E-41 1.02E-81 4.57-104 1.23E-19 2.88E-28 4.17E-64 7.59E-08 1.64E-18 6.76E-11 1.05E-19 1.18E-10 5.75E-21
  8.18E+06 1.28E-25 1.34E-21 3.08E-16 2.39E-16 2.29E-13 1.37E-22 5.70E-43 4.25E-86 4.09-104 1.94E-19 2.46E-28 3.48E-66 1.73E-07 1.34E-19 2.92E-10 4.14E-20 1.00E-10 1.81E-22
  8.38E+06 6.43E-27 2.02E-21 3.39E-16 2.00E-16 2.21E-13 1.59E-23 1.39E-44 1.56E-89 3.54-104 2.62E-19 1.51E-28 6.94E-68 2.92E-07 1.25E-20 1.34E-09 2.79E-20 8.39E-11 1.70E-23
  8.58E+06 5.70E-28 2.90E-21 3.56E-16 1.74E-16 2.11E-13 2.78E-24 7.91E-46 9.20E-92 2.95-104 2.94E-19 8.71E-29 3.08E-69 3.99E-07 1.65E-21 5.90E-09 1.78E-20 6.93E-11 2.68E-24
  8.78E+06 7.91E-29 4.14E-21 3.68E-16 1.50E-16 1.98E-13 6.69E-25 1.08E-46 5.80E-93 2.32-104 2.77E-19 5.25E-29 3.25E-70 4.64E-07 3.13E-22 2.26E-08 9.99E-21 5.65E-11 4.52E-25
  8.98E+06 1.56E-29 5.92E-21 3.78E-16 1.24E-16 1.83E-13 2.07E-25 4.02E-47 1.27E-93 1.72-104 2.24E-19 3.40E-29 9.44E-71 4.74E-07 6.76E-23 7.29E-08 5.22E-21 4.53E-11 7.80E-26
  9.18E+06 3.99E-30 8.44E-21 3.85E-16 9.83E-17 1.64E-13 7.68E-26 2.99E-47 5.69E-94 1.17-104 1.59E-19 2.39E-29 5.45E-71 4.34E-07 1.50E-23 1.98E-07 2.68E-21 3.59E-11 1.41E-26
  9.38E+06 1.25E-30 1.20E-20 3.86E-16 7.37E-17 1.43E-13 3.27E-26 2.88E-47 3.28E-94 7.19-105 1.00E-19 1.82E-29 4.07E-71 3.63E-07 3.32E-24 4.67E-07 1.37E-21 2.81E-11 2.71E-27
  9.58E+06 4.63E-31 1.68E-20 3.81E-16 5.23E-17 1.20E-13 1.54E-26 3.04E-47 2.04E-94 3.93-105 5.71E-20 1.54E-29 3.30E-71 2.80E-07 7.37E-25 9.69E-07 7.02E-22 2.22E-11 5.48E-28
  9.78E+06 1.98E-31 2.31E-20 3.68E-16 3.51E-17 9.68E-14 7.86E-27 3.34E-47 1.27E-94 1.88-105 3.05E-20 1.52E-29 2.73E-71 2.00E-07 1.65E-25 1.81E-06 3.60E-22 1.80E-11 1.17E-28
  9.98E+06 9.99E-32 3.07E-20 3.46E-16 2.35E-17 7.41E-14 4.38E-27 3.72E-47 7.55E-95 7.84-106 1.81E-20 1.87E-29 2.21E-71 1.34E-07 4.78E-26 3.12E-06 1.87E-22 1.57E-11 3.15E-29

     Z        N2O5     CO2      SO4AER   S8AER   
  2.50E+04 4.00E-18 1.96E-04 1.99E-10 1.00E-38
  7.50E+04 5.27E-18 1.96E-04 2.11E-10 1.00E-38
  1.25E+05 7.59E-18 1.96E-04 2.34E-10 1.00E-38
  1.75E+05 1.18E-17 1.96E-04 2.70E-10 1.00E-38
  3.75E+05 1.04E-16 1.96E-04 4.96E-10 1.00E-38
  5.75E+05 8.12E-16 1.96E-04 7.94E-10 1.00E-38
  7.75E+05 1.69E-15 1.96E-04 1.13E-09 1.00E-38
  9.75E+05 2.52E-15 1.96E-04 1.52E-09 1.00E-38
  1.18E+06 4.65E-15 1.96E-04 2.41E-09 1.00E-38
  1.38E+06 2.89E-14 1.96E-04 5.19E-09 1.00E-38
  1.58E+06 2.63E-13 1.96E-04 8.31E-09 1.00E-38
  1.78E+06 1.28E-12 1.96E-04 8.37E-09 1.00E-38
  1.98E+06 3.44E-12 1.96E-04 6.10E-09 1.00E-38
  2.18E+06 6.17E-12 1.96E-04 3.97E-09 1.00E-38
  2.38E+06 8.30E-12 1.96E-04 2.62E-09 1.00E-38
  2.58E+06 8.58E-12 1.96E-04 1.80E-09 1.00E-38
  2.78E+06 6.94E-12 1.96E-04 1.29E-09 1.00E-38
  2.98E+06 4.45E-12 1.97E-04 9.55E-10 1.00E-38
  3.18E+06 2.29E-12 1.97E-04 7.32E-10 1.00E-38
  3.38E+06 9.47E-13 1.97E-04 5.55E-10 1.00E-38
  3.58E+06 3.08E-13 1.97E-04 4.08E-10 1.00E-38
  3.78E+06 7.44E-14 1.97E-04 2.95E-10 1.00E-38
  3.98E+06 1.24E-14 1.97E-04 2.08E-10 1.00E-38
  4.18E+06 1.52E-15 1.97E-04 1.44E-10 1.00E-38
  4.38E+06 1.63E-16 1.97E-04 9.79E-11 1.00E-38
  4.58E+06 1.74E-17 1.97E-04 6.55E-11 1.00E-38
  4.78E+06 1.94E-18 1.97E-04 4.30E-11 1.00E-38
  4.98E+06 2.30E-19 1.97E-04 2.74E-11 1.00E-38
  5.18E+06 2.94E-20 1.97E-04 1.69E-11 1.00E-38
  5.38E+06 4.02E-21 1.97E-04 9.80E-12 1.00E-38
  5.58E+06 5.96E-22 1.96E-04 5.28E-12 1.00E-38
  5.78E+06 9.76E-23 1.96E-04 2.56E-12 1.00E-38
  5.98E+06 1.80E-23 1.96E-04 1.09E-12 1.00E-38
  6.18E+06 3.78E-24 1.96E-04 3.88E-13 1.00E-38
  6.38E+06 9.70E-25 1.96E-04 1.10E-13 1.00E-38
  6.58E+06 3.56E-25 1.96E-04 2.34E-14 1.00E-38
  6.78E+06 1.90E-25 1.95E-04 3.38E-15 1.00E-38
  6.98E+06 1.11E-25 1.95E-04 2.91E-16 1.00E-38
  7.18E+06 5.42E-26 1.94E-04 1.23E-17 1.00E-38
  7.38E+06 1.97E-26 1.93E-04 1.91E-19 1.00E-38
  7.58E+06 5.21E-27 1.92E-04 6.06E-22 1.00E-38
  7.78E+06 6.73E-28 1.91E-04 9.07E-26 1.00E-38
  7.98E+06 9.85E-30 1.89E-04 1.32E-31 1.00E-38
  8.18E+06 2.92E-31 1.88E-04 1.46E-36 1.00E-38
  8.38E+06 6.48E-32 1.85E-04 1.00E-38 1.00E-38
  8.58E+06 1.72E-32 1.82E-04 1.00E-38 1.00E-38
  8.78E+06 3.67E-33 1.78E-04 1.00E-38 1.00E-38
  8.98E+06 6.86E-34 1.74E-04 1.00E-38 1.00E-38
  9.18E+06 1.26E-34 1.69E-04 1.00E-38 1.00E-38
  9.38E+06 2.38E-35 1.62E-04 1.00E-38 1.00E-38
  9.58E+06 4.59E-36 1.55E-04 1.00E-38 1.00E-38
  9.78E+06 9.12E-37 1.46E-04 1.00E-38 1.00E-38
  9.98E+06 2.06E-37 1.36E-04 1.00E-38 1.00E-38
 NW =                   750    WAVELENGTH GRID:   1176.5000000000000       -   10000.000000000000       Angstroms


 PHOTOLYSIS RATES

     Z      PO2_O1D    PO2_O3P    PH2O_1     PH2O_2     PH2O_3     PO3_O1D    PO3_O      PO3_3O     
 2.50E+04   0.00E+00   9.44E-24   2.82E-24   0.00E+00   0.00E+00   6.85E-06   2.03E-04   1.20E-24
 1.75E+05   0.00E+00   3.97E-22   2.21E-22   0.00E+00   0.00E+00   7.93E-06   2.09E-04   3.36E-21
 3.25E+05   0.00E+00   1.17E-20   1.08E-20   0.00E+00   0.00E+00   8.86E-06   2.15E-04   1.10E-18
 4.75E+05   0.00E+00   2.26E-19   2.96E-19   0.00E+00   0.00E+00   9.66E-06   2.20E-04   7.24E-17
 6.25E+05   0.00E+00   2.93E-18   4.81E-18   0.00E+00   0.00E+00   1.03E-05   2.26E-04   1.76E-15
 7.75E+05   0.00E+00   2.69E-17   5.14E-17   0.00E+00   0.00E+00   1.10E-05   2.30E-04   2.35E-14
 9.25E+05   0.00E+00   1.83E-16   3.95E-16   0.00E+00   0.00E+00   1.16E-05   2.35E-04   2.10E-13
 1.08E+06   0.00E+00   9.57E-16   2.27E-15   0.00E+00   0.00E+00   1.22E-05   2.39E-04   1.36E-12
 1.22E+06   0.00E+00   3.77E-15   9.71E-15   0.00E+00   0.00E+00   1.30E-05   2.42E-04   6.36E-12
 1.38E+06   0.00E+00   1.20E-14   3.29E-14   0.00E+00   0.00E+00   1.38E-05   2.46E-04   2.32E-11
 1.52E+06   0.00E+00   3.32E-14   9.61E-14   0.00E+00   0.00E+00   1.48E-05   2.50E-04   7.16E-11
 1.68E+06   0.00E+00   8.52E-14   2.57E-13   0.00E+00   0.00E+00   1.63E-05   2.54E-04   1.99E-10
 1.82E+06   0.00E+00   2.07E-13   6.49E-13   0.00E+00   0.00E+00   1.85E-05   2.58E-04   5.14E-10
 1.98E+06   0.00E+00   4.81E-13   1.57E-12   0.00E+00   0.00E+00   2.17E-05   2.61E-04   1.24E-09
 2.12E+06   0.00E+00   1.06E-12   3.61E-12   0.00E+00   0.00E+00   2.62E-05   2.64E-04   2.79E-09
 2.28E+06   0.00E+00   2.21E-12   7.84E-12   0.00E+00   0.00E+00   3.24E-05   2.68E-04   5.84E-09
 2.42E+06   0.00E+00   4.32E-12   1.60E-11   0.00E+00   0.00E+00   4.11E-05   2.71E-04   1.13E-08
 2.58E+06   2.81-154   7.96E-12   3.04E-11   1.27-151   1.91-151   5.31E-05   2.74E-04   2.03E-08
 2.72E+06   3.63-126   1.39E-11   5.43E-11   1.64-123   2.47-123   6.99E-05   2.78E-04   3.39E-08
 2.88E+06   9.00-104   2.29E-11   9.20E-11   4.07-101   6.11-101   9.32E-05   2.82E-04   5.28E-08
 3.02E+06   5.77E-86   3.59E-11   1.49E-10   2.61E-83   3.92E-83   1.25E-04   2.87E-04   7.73E-08
 3.18E+06   7.84E-72   5.36E-11   2.34E-10   3.55E-69   5.33E-69   1.69E-04   2.94E-04   1.07E-07
 3.32E+06   1.26E-60   7.67E-11   3.57E-10   5.71E-58   8.56E-58   2.27E-04   3.01E-04   1.41E-07
 3.48E+06   9.83E-52   1.05E-10   5.26E-10   4.45E-49   6.68E-49   3.06E-04   3.11E-04   1.79E-07
 3.62E+06   1.16E-44   1.39E-10   7.45E-10   5.26E-42   7.90E-42   4.17E-04   3.24E-04   2.18E-07
 3.78E+06   5.11E-39   1.78E-10   1.01E-09   2.31E-36   3.47E-36   5.82E-04   3.43E-04   2.58E-07
 3.92E+06   1.69E-34   2.19E-10   1.33E-09   7.66E-32   1.15E-31   8.32E-04   3.71E-04   2.97E-07
 4.08E+06   7.43E-31   2.61E-10   1.68E-09   3.37E-28   5.05E-28   1.18E-03   4.10E-04   3.35E-07
 4.22E+06   6.96E-28   3.00E-10   2.06E-09   3.15E-25   4.73E-25   1.59E-03   4.55E-04   3.70E-07
 4.38E+06   2.02E-25   3.36E-10   2.47E-09   9.16E-23   1.37E-22   2.01E-03   5.03E-04   4.03E-07
 4.52E+06   2.36E-23   3.70E-10   2.91E-09   1.07E-20   1.61E-20   2.40E-03   5.47E-04   4.35E-07
 4.68E+06   1.30E-21   4.02E-10   3.42E-09   5.88E-19   8.82E-19   2.74E-03   5.85E-04   4.65E-07
 4.82E+06   3.71E-20   4.33E-10   4.03E-09   1.68E-17   2.52E-17   3.02E-03   6.16E-04   4.93E-07
 4.98E+06   6.02E-19   4.66E-10   4.80E-09   2.73E-16   4.09E-16   3.23E-03   6.40E-04   5.20E-07
 5.12E+06   6.04E-18   5.02E-10   5.79E-09   2.74E-15   4.11E-15   3.39E-03   6.58E-04   5.47E-07
 5.28E+06   4.04E-17   5.41E-10   7.05E-09   1.83E-14   2.74E-14   3.51E-03   6.71E-04   5.73E-07
 5.42E+06   1.92E-16   5.84E-10   8.58E-09   8.71E-14   1.31E-13   3.59E-03   6.81E-04   5.98E-07
 5.58E+06   6.93E-16   6.31E-10   1.04E-08   3.13E-13   4.70E-13   3.66E-03   6.88E-04   6.22E-07
 5.72E+06   2.05E-15   6.83E-10   1.24E-08   9.06E-13   1.36E-12   3.70E-03   6.92E-04   6.46E-07
 5.88E+06   6.47E-15   7.42E-10   1.47E-08   2.46E-12   3.69E-12   3.73E-03   6.96E-04   6.69E-07
 6.02E+06   3.24E-14   8.11E-10   1.72E-08   8.84E-12   1.33E-11   3.75E-03   6.98E-04   6.91E-07
 6.18E+06   1.99E-13   8.91E-10   2.03E-08   4.39E-11   6.59E-11   3.76E-03   7.00E-04   7.13E-07
 6.32E+06   1.01E-12   9.87E-10   2.47E-08   2.09E-10   3.13E-10   3.77E-03   7.01E-04   7.36E-07
 6.48E+06   3.98E-12   1.10E-09   3.29E-08   7.97E-10   1.19E-09   3.77E-03   7.02E-04   7.64E-07
 6.62E+06   1.23E-11   1.26E-09   4.98E-08   2.43E-09   3.64E-09   3.78E-03   7.02E-04   8.07E-07
 6.78E+06   3.13E-11   1.46E-09   8.29E-08   6.06E-09   9.10E-09   3.78E-03   7.03E-04   8.77E-07
 6.92E+06   6.72E-11   1.75E-09   1.41E-07   1.28E-08   1.92E-08   3.78E-03   7.03E-04   9.91E-07
 7.08E+06   1.25E-10   2.15E-09   2.31E-07   2.36E-08   3.55E-08   3.78E-03   7.03E-04   1.16E-06
 7.22E+06   2.08E-10   2.70E-09   3.56E-07   3.88E-08   5.82E-08   3.78E-03   7.03E-04   1.39E-06
 7.38E+06   3.14E-10   3.43E-09   5.14E-07   5.79E-08   8.69E-08   3.78E-03   7.03E-04   1.68E-06
 7.52E+06   4.36E-10   4.36E-09   6.95E-07   7.98E-08   1.20E-07   3.78E-03   7.03E-04   2.00E-06
 7.68E+06   5.68E-10   5.52E-09   8.88E-07   1.03E-07   1.55E-07   3.78E-03   7.03E-04   2.34E-06
 7.82E+06   7.08E-10   6.94E-09   1.09E-06   1.26E-07   1.90E-07   3.78E-03   7.03E-04   2.68E-06
 7.98E+06   8.65E-10   8.64E-09   1.28E-06   1.49E-07   2.23E-07   3.79E-03   7.03E-04   3.02E-06
 8.12E+06   1.07E-09   1.07E-08   1.47E-06   1.70E-07   2.56E-07   3.79E-03   7.03E-04   3.34E-06
 8.28E+06   1.36E-09   1.32E-08   1.66E-06   1.91E-07   2.87E-07   3.79E-03   7.03E-04   3.66E-06
 8.42E+06   1.78E-09   1.63E-08   1.85E-06   2.12E-07   3.18E-07   3.79E-03   7.03E-04   3.98E-06
 8.58E+06   2.41E-09   2.02E-08   2.06E-06   2.33E-07   3.49E-07   3.79E-03   7.03E-04   4.32E-06
 8.72E+06   3.42E-09   2.50E-08   2.27E-06   2.54E-07   3.80E-07   3.79E-03   7.03E-04   4.66E-06
 8.88E+06   5.24E-09   3.07E-08   2.49E-06   2.76E-07   4.11E-07   3.79E-03   7.04E-04   5.01E-06
 9.02E+06   8.91E-09   3.72E-08   2.72E-06   2.97E-07   4.42E-07   3.79E-03   7.04E-04   5.36E-06
 9.18E+06   1.64E-08   4.44E-08   2.97E-06   3.18E-07   4.71E-07   3.79E-03   7.04E-04   5.70E-06
 9.32E+06   3.11E-08   5.19E-08   3.24E-06   3.38E-07   4.99E-07   3.79E-03   7.04E-04   6.04E-06
 9.48E+06   5.92E-08   5.96E-08   3.55E-06   3.57E-07   5.24E-07   3.79E-03   7.04E-04   6.36E-06
 9.62E+06   1.13E-07   6.77E-08   3.92E-06   3.75E-07   5.46E-07   3.79E-03   7.04E-04   6.67E-06
 9.78E+06   2.26E-07   7.70E-08   4.39E-06   3.93E-07   5.67E-07   3.79E-03   7.04E-04   6.99E-06
 9.92E+06   6.34E-07   9.80E-08   5.08E-06   4.13E-07   5.85E-07   3.79E-03   7.04E-04   7.38E-06

     Z      PH2O2      PCO2_1     PCO2_2     PH2CO_1    PH2CO_2    PHO2       PCH4_1     PCH4_2     
 2.50E+04   1.95E-06   9.56E-30   0.00E+00   1.65E-05   9.60E-06   7.13E-18   0.00E+00   0.00E+00
 1.75E+05   2.20E-06   4.69E-26   0.00E+00   1.90E-05   1.12E-05   2.93E-16   0.00E+00   0.00E+00
 3.25E+05   2.40E-06   1.89E-23   0.00E+00   2.11E-05   1.26E-05   8.49E-15   0.00E+00   0.00E+00
 4.75E+05   2.57E-06   1.33E-21   0.00E+00   2.31E-05   1.39E-05   1.61E-13   0.00E+00   0.00E+00
 6.25E+05   2.70E-06   3.33E-20   0.00E+00   2.49E-05   1.51E-05   2.06E-12   0.00E+00   0.00E+00
 7.75E+05   2.80E-06   4.48E-19   0.00E+00   2.65E-05   1.62E-05   1.87E-11   0.00E+00   0.00E+00
 9.25E+05   2.89E-06   4.01E-18   0.00E+00   2.79E-05   1.73E-05   1.27E-10   0.00E+00   0.00E+00
 1.08E+06   2.99E-06   2.60E-17   0.00E+00   2.93E-05   1.82E-05   6.57E-10   0.00E+00   0.00E+00
 1.22E+06   3.11E-06   1.22E-16   0.00E+00   3.04E-05   1.90E-05   2.57E-09   0.00E+00   0.00E+00
 1.38E+06   3.23E-06   4.43E-16   0.00E+00   3.14E-05   1.97E-05   8.09E-09   0.00E+00   0.00E+00
 1.52E+06   3.36E-06   1.37E-15   0.00E+00   3.24E-05   2.05E-05   2.23E-08   0.00E+00   0.00E+00
 1.68E+06   3.50E-06   3.85E-15   0.00E+00   3.33E-05   2.14E-05   5.65E-08   0.00E+00   0.00E+00
 1.82E+06   3.66E-06   1.02E-14   0.00E+00   3.42E-05   2.23E-05   1.36E-07   0.00E+00   0.00E+00
 1.98E+06   3.84E-06   2.59E-14   0.00E+00   3.50E-05   2.32E-05   3.13E-07   0.00E+00   0.00E+00
 2.12E+06   4.07E-06   6.24E-14   0.00E+00   3.58E-05   2.43E-05   6.82E-07   0.00E+00   0.00E+00
 2.28E+06   4.37E-06   1.41E-13   0.00E+00   3.65E-05   2.55E-05   1.41E-06   0.00E+00   0.00E+00
 2.42E+06   4.76E-06   2.98E-13   0.00E+00   3.72E-05   2.69E-05   2.73E-06   0.00E+00   0.00E+00
 2.58E+06   5.28E-06   5.82E-13   5.64-153   3.79E-05   2.83E-05   5.01E-06   4.58-151   8.90-151
 2.72E+06   5.98E-06   1.05E-12   7.30-125   3.87E-05   2.99E-05   8.68E-06   5.92-123   1.15-122
 2.88E+06   6.92E-06   1.78E-12   1.81-102   3.94E-05   3.16E-05   1.43E-05   1.47-100   2.85-100
 3.02E+06   8.13E-06   2.84E-12   1.16E-84   4.01E-05   3.34E-05   2.23E-05   9.42E-83   1.83E-82
 3.18E+06   9.65E-06   4.30E-12   1.58E-70   4.09E-05   3.53E-05   3.32E-05   1.28E-68   2.49E-68
 3.32E+06   1.15E-05   6.20E-12   2.53E-59   4.16E-05   3.71E-05   4.75E-05   2.06E-57   3.99E-57
 3.48E+06   1.38E-05   8.60E-12   1.98E-50   4.23E-05   3.89E-05   6.54E-05   1.60E-48   3.11E-48
 3.62E+06   1.64E-05   1.15E-11   2.34E-43   4.31E-05   4.07E-05   8.71E-05   1.90E-41   3.68E-41
 3.78E+06   1.95E-05   1.48E-11   1.03E-37   4.37E-05   4.23E-05   1.12E-04   8.34E-36   1.62E-35
 3.92E+06   2.32E-05   1.84E-11   3.40E-33   4.44E-05   4.38E-05   1.40E-04   2.76E-31   5.36E-31
 4.08E+06   2.73E-05   2.22E-11   1.49E-29   4.50E-05   4.51E-05   1.68E-04   1.21E-27   2.36E-27
 4.22E+06   3.16E-05   2.62E-11   1.40E-26   4.56E-05   4.61E-05   1.95E-04   1.14E-24   2.21E-24
 4.38E+06   3.56E-05   3.03E-11   4.07E-24   4.60E-05   4.69E-05   2.18E-04   3.30E-22   6.41E-22
 4.52E+06   3.91E-05   3.45E-11   4.75E-22   4.64E-05   4.75E-05   2.38E-04   3.86E-20   7.49E-20
 4.68E+06   4.20E-05   3.90E-11   2.61E-20   4.67E-05   4.80E-05   2.53E-04   2.12E-18   4.11E-18
 4.82E+06   4.44E-05   4.37E-11   7.45E-19   4.69E-05   4.84E-05   2.66E-04   6.05E-17   1.18E-16
 4.98E+06   4.62E-05   4.88E-11   1.21E-17   4.71E-05   4.86E-05   2.75E-04   9.83E-16   1.91E-15
 5.12E+06   4.76E-05   5.45E-11   1.21E-16   4.72E-05   4.88E-05   2.82E-04   9.87E-15   1.92E-14
 5.28E+06   4.86E-05   6.09E-11   8.12E-16   4.73E-05   4.90E-05   2.87E-04   6.60E-14   1.28E-13
 5.42E+06   4.94E-05   6.80E-11   3.87E-15   4.74E-05   4.91E-05   2.91E-04   3.14E-13   6.10E-13
 5.58E+06   4.99E-05   7.57E-11   1.39E-14   4.74E-05   4.91E-05   2.94E-04   1.13E-12   2.19E-12
 5.72E+06   5.03E-05   8.39E-11   4.04E-14   4.74E-05   4.92E-05   2.96E-04   3.28E-12   6.31E-12
 5.88E+06   5.06E-05   9.27E-11   1.12E-13   4.75E-05   4.92E-05   2.98E-04   9.20E-12   1.64E-11
 6.02E+06   5.08E-05   1.02E-10   4.28E-13   4.75E-05   4.92E-05   2.99E-04   3.60E-11   5.21E-11
 6.18E+06   5.10E-05   1.12E-10   2.23E-12   4.75E-05   4.93E-05   3.00E-04   1.91E-10   2.31E-10
 6.32E+06   5.11E-05   1.23E-10   1.08E-11   4.75E-05   4.93E-05   3.01E-04   9.26E-10   1.04E-09
 6.48E+06   5.12E-05   1.34E-10   4.13E-11   4.75E-05   4.93E-05   3.02E-04   3.56E-09   3.92E-09
 6.62E+06   5.13E-05   1.47E-10   1.26E-10   4.75E-05   4.93E-05   3.02E-04   1.08E-08   1.19E-08
 6.78E+06   5.13E-05   1.62E-10   3.15E-10   4.75E-05   4.93E-05   3.03E-04   2.71E-08   2.95E-08
 6.92E+06   5.14E-05   1.80E-10   6.66E-10   4.76E-05   4.93E-05   3.03E-04   5.72E-08   6.22E-08
 7.08E+06   5.15E-05   2.00E-10   1.23E-09   4.76E-05   4.94E-05   3.03E-04   1.05E-07   1.14E-07
 7.22E+06   5.17E-05   2.25E-10   2.01E-09   4.77E-05   4.94E-05   3.04E-04   1.73E-07   1.87E-07
 7.38E+06   5.19E-05   2.53E-10   3.00E-09   4.77E-05   4.95E-05   3.04E-04   2.57E-07   2.79E-07
 7.52E+06   5.21E-05   2.86E-10   4.13E-09   4.78E-05   4.96E-05   3.04E-04   3.54E-07   3.83E-07
 7.68E+06   5.23E-05   3.24E-10   5.34E-09   4.79E-05   4.97E-05   3.05E-04   4.57E-07   4.94E-07
 7.82E+06   5.25E-05   3.66E-10   6.55E-09   4.80E-05   4.98E-05   3.05E-04   5.60E-07   6.05E-07
 7.98E+06   5.28E-05   4.12E-10   7.73E-09   4.81E-05   4.98E-05   3.05E-04   6.60E-07   7.14E-07
 8.12E+06   5.30E-05   4.62E-10   8.87E-09   4.81E-05   4.99E-05   3.05E-04   7.57E-07   8.18E-07
 8.28E+06   5.32E-05   5.17E-10   9.99E-09   4.82E-05   5.00E-05   3.06E-04   8.52E-07   9.21E-07
 8.42E+06   5.34E-05   5.79E-10   1.12E-08   4.83E-05   5.01E-05   3.06E-04   9.48E-07   1.03E-06
 8.58E+06   5.37E-05   6.50E-10   1.24E-08   4.84E-05   5.02E-05   3.06E-04   1.05E-06   1.13E-06
 8.72E+06   5.39E-05   7.32E-10   1.38E-08   4.85E-05   5.03E-05   3.06E-04   1.15E-06   1.25E-06
 8.88E+06   5.42E-05   8.31E-10   1.53E-08   4.86E-05   5.04E-05   3.07E-04   1.26E-06   1.36E-06
 9.02E+06   5.44E-05   9.58E-10   1.70E-08   4.88E-05   5.05E-05   3.07E-04   1.37E-06   1.48E-06
 9.18E+06   5.47E-05   1.14E-09   1.90E-08   4.90E-05   5.08E-05   3.07E-04   1.48E-06   1.60E-06
 9.32E+06   5.50E-05   1.41E-09   2.10E-08   4.93E-05   5.10E-05   3.07E-04   1.59E-06   1.71E-06
 9.48E+06   5.53E-05   1.84E-09   2.33E-08   4.96E-05   5.14E-05   3.07E-04   1.70E-06   1.82E-06
 9.62E+06   5.56E-05   2.48E-09   2.62E-08   5.00E-05   5.17E-05   3.08E-04   1.80E-06   1.92E-06
 9.78E+06   5.60E-05   3.37E-09   3.11E-08   5.04E-05   5.21E-05   3.08E-04   1.90E-06   2.02E-06
 9.92E+06   5.67E-05   4.48E-09   4.69E-08   5.09E-05   5.27E-05   3.08E-04   2.01E-06   2.12E-06

     Z      PCH4_3     PC2H6_1    PC2H6_2    PHNO2_1    PHNO3      PHNO3_3    PHNO3_1    PNO        
 2.50E+04   0.00E+00   0.00E+00   0.00E+00   5.38E-04   1.49E-07   4.41E-25   3.16E-25   0.00E+00
 1.75E+05   0.00E+00   0.00E+00   0.00E+00   5.98E-04   1.66E-07   3.56E-21   2.55E-21   0.00E+00
 3.25E+05   0.00E+00   0.00E+00   0.00E+00   6.51E-04   1.79E-07   1.60E-18   1.15E-18   0.00E+00
 4.75E+05   0.00E+00   0.00E+00   0.00E+00   6.99E-04   1.88E-07   1.18E-16   8.48E-17   6.71-108
 6.25E+05   0.00E+00   0.00E+00   0.00E+00   7.42E-04   1.92E-07   3.05E-15   2.19E-15   6.83E-81
 7.75E+05   0.00E+00   0.00E+00   0.00E+00   7.81E-04   1.92E-07   4.19E-14   3.01E-14   3.57E-65
 9.25E+05   0.00E+00   0.00E+00   0.00E+00   8.17E-04   1.89E-07   3.81E-13   2.74E-13   9.93E-54
 1.08E+06   0.00E+00   0.00E+00   0.00E+00   8.48E-04   1.90E-07   2.52E-12   1.81E-12   1.11E-44
 1.22E+06   0.00E+00   0.00E+00   0.00E+00   8.75E-04   1.99E-07   1.21E-11   8.72E-12   1.87E-37
 1.38E+06   0.00E+00   0.00E+00   0.00E+00   8.99E-04   2.12E-07   4.54E-11   3.26E-11   1.05E-31
 1.52E+06   0.00E+00   0.00E+00   0.00E+00   9.21E-04   2.32E-07   1.45E-10   1.04E-10   4.05E-27
 1.68E+06   0.00E+00   0.00E+00   0.00E+00   9.41E-04   2.66E-07   4.24E-10   3.05E-10   1.94E-23
 1.82E+06   0.00E+00   0.00E+00   0.00E+00   9.58E-04   3.29E-07   1.19E-09   8.54E-10   1.85E-20
 1.98E+06   0.00E+00   0.00E+00   0.00E+00   9.71E-04   4.50E-07   3.23E-09   2.32E-09   4.98E-18
 2.12E+06   0.00E+00   0.00E+00   0.00E+00   9.81E-04   6.74E-07   8.37E-09   6.01E-09   4.99E-16
 2.28E+06   0.00E+00   0.00E+00   0.00E+00   9.90E-04   1.07E-06   2.03E-08   1.46E-08   2.26E-14
 2.42E+06   0.00E+00   0.00E+00   0.00E+00   9.97E-04   1.73E-06   4.54E-08   3.26E-08   5.37E-13
 2.58E+06   1.37-150   0.00E+00   9.05-152   1.00E-03   2.76E-06   9.31E-08   6.68E-08   7.37E-12
 2.72E+06   1.77-122   0.00E+00   1.17-123   1.01E-03   4.25E-06   1.75E-07   1.26E-07   6.38E-11
 2.88E+06   4.40-100   0.00E+00   2.90-101   1.02E-03   6.26E-06   3.05E-07   2.19E-07   3.73E-10
 3.02E+06   2.82E-82   0.00E+00   1.86E-83   1.02E-03   8.79E-06   4.95E-07   3.55E-07   1.57E-09
 3.18E+06   3.83E-68   0.00E+00   2.53E-69   1.03E-03   1.18E-05   7.53E-07   5.40E-07   5.05E-09
 3.32E+06   6.16E-57   0.00E+00   4.06E-58   1.04E-03   1.52E-05   1.08E-06   7.77E-07   1.30E-08
 3.48E+06   4.81E-48   0.00E+00   3.17E-49   1.05E-03   1.88E-05   1.48E-06   1.06E-06   2.82E-08
 3.62E+06   5.68E-41   0.00E+00   3.75E-42   1.06E-03   2.26E-05   1.94E-06   1.39E-06   5.30E-08
 3.78E+06   2.50E-35   0.00E+00   1.65E-36   1.07E-03   2.64E-05   2.43E-06   1.75E-06   8.93E-08
 3.92E+06   8.27E-31   0.00E+00   5.45E-32   1.08E-03   3.02E-05   2.95E-06   2.12E-06   1.38E-07
 4.08E+06   3.63E-27   0.00E+00   2.40E-28   1.10E-03   3.37E-05   3.48E-06   2.50E-06   1.98E-07
 4.22E+06   3.41E-24   0.00E+00   2.24E-25   1.11E-03   3.69E-05   3.99E-06   2.87E-06   2.69E-07
 4.38E+06   9.89E-22   0.00E+00   6.52E-23   1.12E-03   3.97E-05   4.49E-06   3.23E-06   3.51E-07
 4.52E+06   1.16E-19   0.00E+00   7.62E-21   1.13E-03   4.20E-05   4.98E-06   3.58E-06   4.41E-07
 4.68E+06   6.35E-18   0.00E+00   4.18E-19   1.14E-03   4.39E-05   5.46E-06   3.92E-06   5.38E-07
 4.82E+06   1.81E-16   0.00E+00   1.19E-17   1.14E-03   4.55E-05   5.93E-06   4.26E-06   6.43E-07
 4.98E+06   2.94E-15   0.00E+00   1.94E-16   1.15E-03   4.67E-05   6.39E-06   4.59E-06   7.53E-07
 5.12E+06   2.95E-14   0.00E+00   1.95E-15   1.15E-03   4.77E-05   6.85E-06   4.92E-06   8.69E-07
 5.28E+06   1.98E-13   0.00E+00   1.30E-14   1.16E-03   4.85E-05   7.30E-06   5.24E-06   9.89E-07
 5.42E+06   9.41E-13   0.00E+00   6.20E-14   1.16E-03   4.92E-05   7.75E-06   5.56E-06   1.11E-06
 5.58E+06   3.38E-12   0.00E+00   2.23E-13   1.16E-03   4.97E-05   8.18E-06   5.87E-06   1.24E-06
 5.72E+06   9.61E-12   0.00E+00   6.65E-13   1.16E-03   5.02E-05   8.60E-06   6.18E-06   1.36E-06
 5.88E+06   2.28E-11   0.00E+00   2.19E-12   1.16E-03   5.05E-05   9.01E-06   6.47E-06   1.49E-06
 6.02E+06   4.89E-11   0.00E+00   1.17E-11   1.16E-03   5.09E-05   9.40E-06   6.75E-06   1.61E-06
 6.18E+06   1.09E-10   0.00E+00   7.36E-11   1.16E-03   5.11E-05   9.77E-06   7.02E-06   1.74E-06
 6.32E+06   2.87E-10   0.00E+00   3.73E-10   1.16E-03   5.13E-05   1.01E-05   7.28E-06   1.86E-06
 6.48E+06   8.21E-10   0.00E+00   1.44E-09   1.16E-03   5.15E-05   1.05E-05   7.53E-06   1.99E-06
 6.62E+06   2.21E-09   0.00E+00   4.37E-09   1.16E-03   5.17E-05   1.08E-05   7.77E-06   2.12E-06
 6.78E+06   5.21E-09   0.00E+00   1.08E-08   1.16E-03   5.19E-05   1.12E-05   8.02E-06   2.25E-06
 6.92E+06   1.07E-08   0.00E+00   2.25E-08   1.16E-03   5.20E-05   1.15E-05   8.28E-06   2.40E-06
 7.08E+06   1.93E-08   0.00E+00   4.09E-08   1.16E-03   5.22E-05   1.19E-05   8.56E-06   2.56E-06
 7.22E+06   3.14E-08   0.00E+00   6.63E-08   1.16E-03   5.24E-05   1.23E-05   8.86E-06   2.74E-06
 7.38E+06   4.64E-08   0.00E+00   9.79E-08   1.16E-03   5.27E-05   1.28E-05   9.19E-06   2.94E-06
 7.52E+06   6.36E-08   0.00E+00   1.34E-07   1.16E-03   5.32E-05   1.33E-05   9.54E-06   3.16E-06
 7.68E+06   8.18E-08   0.00E+00   1.71E-07   1.17E-03   5.36E-05   1.38E-05   9.90E-06   3.38E-06
 7.82E+06   1.00E-07   0.00E+00   2.08E-07   1.17E-03   5.40E-05   1.43E-05   1.03E-05   3.62E-06
 7.98E+06   1.18E-07   0.00E+00   2.45E-07   1.17E-03   5.45E-05   1.48E-05   1.06E-05   3.85E-06
 8.12E+06   1.35E-07   0.00E+00   2.81E-07   1.17E-03   5.49E-05   1.53E-05   1.10E-05   4.09E-06
 8.28E+06   1.53E-07   0.00E+00   3.17E-07   1.17E-03   5.53E-05   1.58E-05   1.13E-05   4.33E-06
 8.42E+06   1.70E-07   0.00E+00   3.56E-07   1.17E-03   5.57E-05   1.63E-05   1.17E-05   4.56E-06
 8.58E+06   1.89E-07   0.00E+00   3.98E-07   1.17E-03   5.62E-05   1.68E-05   1.20E-05   4.80E-06
 8.72E+06   2.09E-07   0.00E+00   4.43E-07   1.17E-03   5.66E-05   1.73E-05   1.24E-05   5.04E-06
 8.88E+06   2.30E-07   0.00E+00   4.91E-07   1.17E-03   5.70E-05   1.77E-05   1.27E-05   5.27E-06
 9.02E+06   2.51E-07   0.00E+00   5.40E-07   1.17E-03   5.73E-05   1.82E-05   1.31E-05   5.51E-06
 9.18E+06   2.72E-07   0.00E+00   5.90E-07   1.17E-03   5.77E-05   1.86E-05   1.34E-05   5.76E-06
 9.32E+06   2.92E-07   0.00E+00   6.39E-07   1.17E-03   5.81E-05   1.91E-05   1.37E-05   6.02E-06
 9.48E+06   3.12E-07   0.00E+00   6.86E-07   1.17E-03   5.85E-05   1.96E-05   1.41E-05   6.30E-06
 9.62E+06   3.30E-07   0.00E+00   7.30E-07   1.17E-03   5.90E-05   2.01E-05   1.44E-05   6.62E-06
 9.78E+06   3.46E-07   0.00E+00   7.70E-07   1.17E-03   5.95E-05   2.07E-05   1.48E-05   7.01E-06
 9.92E+06   3.64E-07   0.00E+00   8.11E-07   1.17E-03   6.01E-05   2.14E-05   1.54E-05   7.57E-06

     Z      PNO2_O1D   PNO2       PCH3_1     PSO        PH2S       PSO2       PSO2_SO21  PSO2_SO23  
 2.50E+04   3.38E-19   3.56E-03   3.89E-18   1.11E-17   2.36E-14   6.25E-18   3.52E-05   4.26E-07
 1.75E+05   1.36E-17   3.91E-03   1.60E-16   4.92E-16   2.89E-14   2.84E-16   4.16E-05   4.70E-07
 3.25E+05   3.83E-16   4.22E-03   4.59E-15   1.52E-14   3.99E-14   9.01E-15   4.75E-05   5.09E-07
 4.75E+05   7.10E-15   4.49E-03   8.55E-14   3.01E-13   1.70E-13   1.82E-13   5.30E-05   5.44E-07
 6.25E+05   8.94E-14   4.75E-03   1.07E-12   3.98E-12   1.83E-12   2.44E-12   5.81E-05   5.76E-07
 7.75E+05   8.02E-13   4.97E-03   9.56E-12   3.70E-11   1.69E-11   2.28E-11   6.28E-05   6.04E-07
 9.25E+05   5.38E-12   5.18E-03   6.36E-11   2.55E-10   1.18E-10   1.58E-10   6.73E-05   6.30E-07
 1.08E+06   2.77E-11   5.36E-03   3.24E-10   1.34E-09   6.24E-10   8.35E-10   7.14E-05   6.53E-07
 1.22E+06   1.08E-10   5.51E-03   1.25E-09   5.30E-09   2.49E-09   3.31E-09   7.52E-05   6.73E-07
 1.38E+06   3.37E-10   5.65E-03   3.86E-09   1.68E-08   7.93E-09   1.05E-08   7.90E-05   6.90E-07
 1.52E+06   9.24E-10   5.79E-03   1.05E-08   4.65E-08   2.20E-08   2.91E-08   8.34E-05   7.06E-07
 1.68E+06   2.34E-09   5.90E-03   2.64E-08   1.18E-07   5.59E-08   7.38E-08   8.88E-05   7.21E-07
 1.82E+06   5.66E-09   6.00E-03   6.34E-08   2.84E-07   1.34E-07   1.77E-07   9.59E-05   7.32E-07
 1.98E+06   1.30E-08   6.08E-03   1.45E-07   6.48E-07   3.04E-07   4.01E-07   1.05E-04   7.41E-07
 2.12E+06   2.86E-08   6.14E-03   3.19E-07   1.40E-06   6.52E-07   8.60E-07   1.17E-04   7.48E-07
 2.28E+06   5.95E-08   6.19E-03   6.63E-07   2.83E-06   1.31E-06   1.73E-06   1.31E-04   7.53E-07
 2.42E+06   1.17E-07   6.24E-03   1.31E-06   5.39E-06   2.48E-06   3.27E-06   1.49E-04   7.57E-07
 2.58E+06   2.18E-07   6.27E-03   2.48E-06   9.61E-06   4.38E-06   5.79E-06   1.71E-04   7.60E-07
 2.72E+06   3.83E-07   6.30E-03   4.45E-06   1.61E-05   7.29E-06   9.63E-06   1.98E-04   7.62E-07
 2.88E+06   6.42E-07   6.33E-03   7.61E-06   2.53E-05   1.14E-05   1.51E-05   2.31E-04   7.64E-07
 3.02E+06   1.02E-06   6.36E-03   1.22E-05   3.75E-05   1.69E-05   2.23E-05   2.70E-04   7.66E-07
 3.18E+06   1.56E-06   6.38E-03   1.85E-05   5.26E-05   2.39E-05   3.12E-05   3.15E-04   7.67E-07
 3.32E+06   2.28E-06   6.40E-03   2.61E-05   7.00E-05   3.21E-05   4.15E-05   3.65E-04   7.68E-07
 3.48E+06   3.20E-06   6.42E-03   3.46E-05   8.90E-05   4.14E-05   5.29E-05   4.21E-04   7.68E-07
 3.62E+06   4.33E-06   6.43E-03   4.34E-05   1.09E-04   5.15E-05   6.47E-05   4.79E-04   7.69E-07
 3.78E+06   5.65E-06   6.45E-03   5.18E-05   1.28E-04   6.19E-05   7.63E-05   5.41E-04   7.69E-07
 3.92E+06   7.07E-06   6.46E-03   5.92E-05   1.45E-04   7.22E-05   8.69E-05   6.02E-04   7.70E-07
 4.08E+06   8.47E-06   6.47E-03   6.54E-05   1.60E-04   8.16E-05   9.62E-05   6.61E-04   7.70E-07
 4.22E+06   9.75E-06   6.48E-03   7.03E-05   1.73E-04   8.98E-05   1.04E-04   7.14E-04   7.70E-07
 4.38E+06   1.08E-05   6.48E-03   7.40E-05   1.83E-04   9.66E-05   1.10E-04   7.59E-04   7.70E-07
 4.52E+06   1.17E-05   6.49E-03   7.68E-05   1.91E-04   1.02E-04   1.15E-04   7.95E-04   7.71E-07
 4.68E+06   1.24E-05   6.49E-03   7.90E-05   1.97E-04   1.07E-04   1.19E-04   8.24E-04   7.71E-07
 4.82E+06   1.30E-05   6.50E-03   8.06E-05   2.02E-04   1.10E-04   1.22E-04   8.47E-04   7.71E-07
 4.98E+06   1.34E-05   6.50E-03   8.18E-05   2.06E-04   1.13E-04   1.24E-04   8.63E-04   7.71E-07
 5.12E+06   1.37E-05   6.50E-03   8.27E-05   2.09E-04   1.15E-04   1.26E-04   8.75E-04   7.71E-07
 5.28E+06   1.39E-05   6.50E-03   8.34E-05   2.12E-04   1.17E-04   1.28E-04   8.84E-04   7.71E-07
 5.42E+06   1.41E-05   6.50E-03   8.39E-05   2.14E-04   1.18E-04   1.29E-04   8.90E-04   7.71E-07
 5.58E+06   1.43E-05   6.51E-03   8.43E-05   2.16E-04   1.19E-04   1.31E-04   8.94E-04   7.71E-07
 5.72E+06   1.44E-05   6.51E-03   8.46E-05   2.17E-04   1.20E-04   1.32E-04   8.97E-04   7.71E-07
 5.88E+06   1.45E-05   6.51E-03   8.49E-05   2.18E-04   1.21E-04   1.32E-04   9.00E-04   7.71E-07
 6.02E+06   1.46E-05   6.51E-03   8.50E-05   2.20E-04   1.22E-04   1.33E-04   9.01E-04   7.71E-07
 6.18E+06   1.47E-05   6.51E-03   8.52E-05   2.20E-04   1.22E-04   1.34E-04   9.02E-04   7.71E-07
 6.32E+06   1.48E-05   6.51E-03   8.53E-05   2.21E-04   1.23E-04   1.34E-04   9.03E-04   7.71E-07
 6.48E+06   1.48E-05   6.51E-03   8.54E-05   2.22E-04   1.23E-04   1.35E-04   9.03E-04   7.71E-07
 6.62E+06   1.49E-05   6.51E-03   8.54E-05   2.22E-04   1.24E-04   1.35E-04   9.03E-04   7.71E-07
 6.78E+06   1.50E-05   6.51E-03   8.55E-05   2.23E-04   1.24E-04   1.36E-04   9.04E-04   7.71E-07
 6.92E+06   1.51E-05   6.51E-03   8.55E-05   2.23E-04   1.25E-04   1.36E-04   9.04E-04   7.71E-07
 7.08E+06   1.52E-05   6.51E-03   8.55E-05   2.23E-04   1.25E-04   1.37E-04   9.04E-04   7.71E-07
 7.22E+06   1.54E-05   6.51E-03   8.56E-05   2.24E-04   1.26E-04   1.37E-04   9.04E-04   7.71E-07
 7.38E+06   1.56E-05   6.51E-03   8.56E-05   2.24E-04   1.26E-04   1.38E-04   9.04E-04   7.71E-07
 7.52E+06   1.58E-05   6.51E-03   8.56E-05   2.24E-04   1.27E-04   1.39E-04   9.04E-04   7.71E-07
 7.68E+06   1.60E-05   6.51E-03   8.56E-05   2.24E-04   1.28E-04   1.40E-04   9.04E-04   7.71E-07
 7.82E+06   1.62E-05   6.51E-03   8.56E-05   2.25E-04   1.28E-04   1.41E-04   9.04E-04   7.71E-07
 7.98E+06   1.64E-05   6.51E-03   8.56E-05   2.25E-04   1.29E-04   1.42E-04   9.04E-04   7.71E-07
 8.12E+06   1.67E-05   6.51E-03   8.56E-05   2.25E-04   1.30E-04   1.42E-04   9.04E-04   7.71E-07
 8.28E+06   1.69E-05   6.51E-03   8.56E-05   2.25E-04   1.30E-04   1.43E-04   9.04E-04   7.71E-07
 8.42E+06   1.71E-05   6.51E-03   8.56E-05   2.25E-04   1.31E-04   1.44E-04   9.04E-04   7.71E-07
 8.58E+06   1.74E-05   6.51E-03   8.56E-05   2.25E-04   1.31E-04   1.45E-04   9.04E-04   7.71E-07
 8.72E+06   1.76E-05   6.51E-03   8.56E-05   2.25E-04   1.32E-04   1.45E-04   9.04E-04   7.71E-07
 8.88E+06   1.79E-05   6.51E-03   8.56E-05   2.25E-04   1.33E-04   1.46E-04   9.04E-04   7.71E-07
 9.02E+06   1.82E-05   6.51E-03   8.57E-05   2.25E-04   1.33E-04   1.47E-04   9.04E-04   7.71E-07
 9.18E+06   1.84E-05   6.51E-03   8.57E-05   2.26E-04   1.34E-04   1.48E-04   9.04E-04   7.71E-07
 9.32E+06   1.87E-05   6.51E-03   8.57E-05   2.26E-04   1.35E-04   1.48E-04   9.04E-04   7.71E-07
 9.48E+06   1.91E-05   6.51E-03   8.57E-05   2.26E-04   1.35E-04   1.49E-04   9.04E-04   7.71E-07
 9.62E+06   1.95E-05   6.51E-03   8.57E-05   2.26E-04   1.36E-04   1.50E-04   9.04E-04   7.71E-07
 9.78E+06   2.00E-05   6.51E-03   8.57E-05   2.26E-04   1.36E-04   1.50E-04   9.04E-04   7.71E-07
 9.92E+06   2.09E-05   6.51E-03   8.57E-05   2.26E-04   1.37E-04   1.51E-04   9.04E-04   7.71E-07

     Z      PS2        PS4        PS3        PS8L       PS8R       PS8        PSO3       PHSO       
 2.50E+04   2.80E-05   1.15E-01   5.34E-01   0.00E+00   0.00E+00   7.58E-14   6.45E-08   7.13E-18
 1.75E+05   3.31E-05   1.19E-01   5.73E-01   0.00E+00   0.00E+00   1.06E-13   7.52E-08   2.93E-16
 3.25E+05   3.77E-05   1.22E-01   6.09E-01   0.00E+00   0.00E+00   1.45E-13   8.49E-08   8.49E-15
 4.75E+05   4.20E-05   1.26E-01   6.41E-01   0.00E+00   0.00E+00   1.93E-13   9.38E-08   1.61E-13
 6.25E+05   4.59E-05   1.28E-01   6.69E-01   0.00E+00   0.00E+00   2.54E-13   1.02E-07   2.06E-12
 7.75E+05   4.95E-05   1.31E-01   6.95E-01   0.00E+00   0.00E+00   3.31E-13   1.09E-07   1.87E-11
 9.25E+05   5.30E-05   1.33E-01   7.19E-01   0.00E+00   0.00E+00   4.30E-13   1.16E-07   1.27E-10
 1.08E+06   5.61E-05   1.35E-01   7.39E-01   0.00E+00   0.00E+00   5.67E-13   1.23E-07   6.57E-10
 1.22E+06   5.90E-05   1.37E-01   7.57E-01   0.00E+00   0.00E+00   7.56E-13   1.29E-07   2.57E-09
 1.38E+06   6.19E-05   1.39E-01   7.74E-01   0.00E+00   0.00E+00   1.01E-12   1.35E-07   8.09E-09
 1.52E+06   6.51E-05   1.41E-01   7.89E-01   0.00E+00   0.00E+00   1.34E-12   1.42E-07   2.23E-08
 1.68E+06   6.90E-05   1.43E-01   8.02E-01   0.00E+00   0.00E+00   1.80E-12   1.53E-07   5.65E-08
 1.82E+06   7.38E-05   1.45E-01   8.13E-01   0.00E+00   0.00E+00   2.40E-12   1.70E-07   1.36E-07
 1.98E+06   7.99E-05   1.46E-01   8.22E-01   0.00E+00   0.00E+00   3.19E-12   2.00E-07   3.13E-07
 2.12E+06   8.76E-05   1.47E-01   8.28E-01   0.00E+00   0.00E+00   4.26E-12   2.55E-07   6.82E-07
 2.28E+06   9.70E-05   1.47E-01   8.33E-01   0.00E+00   0.00E+00   5.70E-12   3.53E-07   1.41E-06
 2.42E+06   1.09E-04   1.48E-01   8.37E-01   0.00E+00   0.00E+00   7.63E-12   5.20E-07   2.73E-06
 2.58E+06   1.23E-04   1.48E-01   8.39E-01   0.00E+00   0.00E+00   1.02E-11   7.89E-07   5.01E-06
 2.72E+06   1.40E-04   1.49E-01   8.41E-01   0.00E+00   0.00E+00   1.38E-11   1.20E-06   8.68E-06
 2.88E+06   1.61E-04   1.49E-01   8.43E-01   0.00E+00   0.00E+00   1.87E-11   1.79E-06   1.43E-05
 3.02E+06   1.87E-04   1.49E-01   8.44E-01   0.00E+00   0.00E+00   2.54E-11   2.58E-06   2.23E-05
 3.18E+06   2.16E-04   1.49E-01   8.45E-01   0.00E+00   0.00E+00   3.46E-11   3.58E-06   3.32E-05
 3.32E+06   2.50E-04   1.49E-01   8.46E-01   0.00E+00   0.00E+00   4.71E-11   4.78E-06   4.75E-05
 3.48E+06   2.87E-04   1.49E-01   8.47E-01   0.00E+00   0.00E+00   6.41E-11   6.16E-06   6.54E-05
 3.62E+06   3.25E-04   1.50E-01   8.47E-01   0.00E+00   0.00E+00   8.69E-11   7.68E-06   8.71E-05
 3.78E+06   3.64E-04   1.50E-01   8.47E-01   0.00E+00   0.00E+00   1.18E-10   9.32E-06   1.12E-04
 3.92E+06   4.02E-04   1.50E-01   8.48E-01   0.00E+00   0.00E+00   1.59E-10   1.10E-05   1.40E-04
 4.08E+06   4.36E-04   1.50E-01   8.48E-01   0.00E+00   0.00E+00   2.12E-10   1.27E-05   1.68E-04
 4.22E+06   4.65E-04   1.50E-01   8.48E-01   0.00E+00   0.00E+00   2.81E-10   1.43E-05   1.95E-04
 4.38E+06   4.89E-04   1.50E-01   8.48E-01   0.00E+00   0.00E+00   3.66E-10   1.57E-05   2.18E-04
 4.52E+06   5.09E-04   1.50E-01   8.48E-01   0.00E+00   0.00E+00   4.71E-10   1.69E-05   2.38E-04
 4.68E+06   5.23E-04   1.50E-01   8.48E-01   0.00E+00   0.00E+00   5.98E-10   1.79E-05   2.53E-04
 4.82E+06   5.34E-04   1.50E-01   8.49E-01   0.00E+00   0.00E+00   7.52E-10   1.86E-05   2.66E-04
 4.98E+06   5.43E-04   1.50E-01   8.49E-01   0.00E+00   0.00E+00   9.39E-10   1.93E-05   2.75E-04
 5.12E+06   5.49E-04   1.50E-01   8.49E-01   0.00E+00   0.00E+00   1.17E-09   1.97E-05   2.82E-04
 5.28E+06   5.53E-04   1.50E-01   8.49E-01   0.00E+00   0.00E+00   1.44E-09   2.01E-05   2.87E-04
 5.42E+06   5.56E-04   1.50E-01   8.49E-01   0.00E+00   0.00E+00   1.78E-09   2.04E-05   2.91E-04
 5.58E+06   5.58E-04   1.50E-01   8.49E-01   0.00E+00   0.00E+00   2.19E-09   2.06E-05   2.94E-04
 5.72E+06   5.60E-04   1.50E-01   8.49E-01   0.00E+00   0.00E+00   2.70E-09   2.08E-05   2.96E-04
 5.88E+06   5.61E-04   1.50E-01   8.49E-01   0.00E+00   0.00E+00   3.33E-09   2.10E-05   2.98E-04
 6.02E+06   5.61E-04   1.50E-01   8.49E-01   0.00E+00   0.00E+00   4.11E-09   2.11E-05   2.99E-04
 6.18E+06   5.62E-04   1.50E-01   8.49E-01   0.00E+00   0.00E+00   5.08E-09   2.12E-05   3.00E-04
 6.32E+06   5.62E-04   1.50E-01   8.49E-01   0.00E+00   0.00E+00   6.28E-09   2.13E-05   3.01E-04
 6.48E+06   5.63E-04   1.50E-01   8.49E-01   0.00E+00   0.00E+00   7.77E-09   2.14E-05   3.02E-04
 6.62E+06   5.63E-04   1.50E-01   8.49E-01   0.00E+00   0.00E+00   9.64E-09   2.15E-05   3.02E-04
 6.78E+06   5.63E-04   1.50E-01   8.49E-01   0.00E+00   0.00E+00   1.20E-08   2.15E-05   3.03E-04
 6.92E+06   5.63E-04   1.50E-01   8.49E-01   0.00E+00   0.00E+00   1.49E-08   2.16E-05   3.03E-04
 7.08E+06   5.63E-04   1.50E-01   8.49E-01   0.00E+00   0.00E+00   1.86E-08   2.16E-05   3.03E-04
 7.22E+06   5.63E-04   1.50E-01   8.49E-01   0.00E+00   0.00E+00   2.33E-08   2.17E-05   3.04E-04
 7.38E+06   5.63E-04   1.50E-01   8.49E-01   0.00E+00   0.00E+00   2.92E-08   2.18E-05   3.04E-04
 7.52E+06   5.63E-04   1.50E-01   8.49E-01   0.00E+00   0.00E+00   3.68E-08   2.18E-05   3.04E-04
 7.68E+06   5.63E-04   1.50E-01   8.49E-01   0.00E+00   0.00E+00   4.63E-08   2.19E-05   3.05E-04
 7.82E+06   5.63E-04   1.50E-01   8.49E-01   0.00E+00   0.00E+00   5.83E-08   2.20E-05   3.05E-04
 7.98E+06   5.63E-04   1.50E-01   8.49E-01   0.00E+00   0.00E+00   7.33E-08   2.20E-05   3.05E-04
 8.12E+06   5.63E-04   1.50E-01   8.49E-01   0.00E+00   0.00E+00   9.22E-08   2.21E-05   3.05E-04
 8.28E+06   5.63E-04   1.50E-01   8.49E-01   0.00E+00   0.00E+00   1.16E-07   2.22E-05   3.06E-04
 8.42E+06   5.63E-04   1.50E-01   8.49E-01   0.00E+00   0.00E+00   1.46E-07   2.22E-05   3.06E-04
 8.58E+06   5.63E-04   1.50E-01   8.49E-01   0.00E+00   0.00E+00   1.83E-07   2.23E-05   3.06E-04
 8.72E+06   5.63E-04   1.50E-01   8.49E-01   0.00E+00   0.00E+00   2.31E-07   2.23E-05   3.06E-04
 8.88E+06   5.63E-04   1.50E-01   8.49E-01   0.00E+00   0.00E+00   2.90E-07   2.24E-05   3.07E-04
 9.02E+06   5.63E-04   1.50E-01   8.49E-01   0.00E+00   0.00E+00   3.64E-07   2.25E-05   3.07E-04
 9.18E+06   5.63E-04   1.50E-01   8.49E-01   0.00E+00   0.00E+00   4.57E-07   2.25E-05   3.07E-04
 9.32E+06   5.63E-04   1.50E-01   8.49E-01   0.00E+00   0.00E+00   5.73E-07   2.26E-05   3.07E-04
 9.48E+06   5.63E-04   1.50E-01   8.49E-01   0.00E+00   0.00E+00   7.18E-07   2.27E-05   3.07E-04
 9.62E+06   5.63E-04   1.50E-01   8.49E-01   0.00E+00   0.00E+00   8.99E-07   2.28E-05   3.08E-04
 9.78E+06   5.63E-04   1.50E-01   8.49E-01   0.00E+00   0.00E+00   1.13E-06   2.30E-05   3.08E-04
 9.92E+06   5.63E-04   1.50E-01   8.49E-01   0.00E+00   0.00E+00   1.41E-06   2.35E-05   3.08E-04

     Z      POCS       PNO3_NO    PNO3_NO2   PN2O       PHO2NO2_NO2PHO2NO2_NO3PN2O5_NO2  PN2O5_NO   
 2.50E+04   9.97E-12   1.06E-02   8.31E-02   1.02E-20   1.49E-06   3.72E-07   3.17E-10   9.97E-06
 1.75E+05   1.19E-11   1.08E-02   8.46E-02   5.21E-19   1.73E-06   4.34E-07   3.96E-10   1.14E-05
 3.25E+05   1.37E-11   1.10E-02   8.59E-02   1.84E-17   1.96E-06   4.89E-07   4.75E-10   1.27E-05
 4.75E+05   1.54E-11   1.12E-02   8.68E-02   3.96E-16   2.16E-06   5.40E-07   5.56E-10   1.39E-05
 6.25E+05   1.70E-11   1.14E-02   8.75E-02   5.41E-15   2.35E-06   5.86E-07   6.43E-10   1.50E-05
 7.75E+05   1.88E-11   1.15E-02   8.80E-02   5.03E-14   2.52E-06   6.30E-07   7.53E-10   1.60E-05
 9.25E+05   2.22E-11   1.17E-02   8.81E-02   3.41E-13   2.68E-06   6.69E-07   9.86E-10   1.69E-05
 1.08E+06   3.30E-11   1.19E-02   8.86E-02   1.79E-12   2.82E-06   7.06E-07   1.77E-09   1.77E-05
 1.22E+06   6.72E-11   1.20E-02   8.95E-02   7.26E-12   2.96E-06   7.39E-07   4.40E-09   1.84E-05
 1.38E+06   1.61E-10   1.21E-02   9.06E-02   2.35E-11   3.08E-06   7.71E-07   1.19E-08   1.91E-05
 1.52E+06   3.98E-10   1.23E-02   9.18E-02   6.63E-11   3.23E-06   8.07E-07   3.11E-08   1.98E-05
 1.68E+06   9.77E-10   1.24E-02   9.30E-02   1.71E-10   3.40E-06   8.50E-07   7.74E-08   2.05E-05
 1.82E+06   2.36E-09   1.26E-02   9.41E-02   4.12E-10   3.63E-06   9.08E-07   1.84E-07   2.12E-05
 1.98E+06   5.56E-09   1.27E-02   9.50E-02   9.39E-10   3.95E-06   9.92E-07   4.17E-07   2.20E-05
 2.12E+06   1.27E-08   1.28E-02   9.57E-02   2.01E-09   4.43E-06   1.12E-06   8.94E-07   2.29E-05
 2.28E+06   2.78E-08   1.28E-02   9.64E-02   4.05E-09   5.18E-06   1.32E-06   1.80E-06   2.38E-05
 2.42E+06   5.82E-08   1.29E-02   9.70E-02   7.60E-09   6.32E-06   1.63E-06   3.41E-06   2.50E-05
 2.58E+06   1.16E-07   1.29E-02   9.75E-02   1.33E-08   8.05E-06   2.09E-06   6.04E-06   2.62E-05
 2.72E+06   2.23E-07   1.29E-02   9.79E-02   2.18E-08   1.06E-05   2.78E-06   1.01E-05   2.77E-05
 2.88E+06   4.08E-07   1.30E-02   9.84E-02   3.37E-08   1.40E-05   3.74E-06   1.58E-05   2.94E-05
 3.02E+06   7.16E-07   1.30E-02   9.89E-02   4.90E-08   1.87E-05   5.00E-06   2.35E-05   3.13E-05
 3.18E+06   1.20E-06   1.30E-02   9.94E-02   6.76E-08   2.45E-05   6.60E-06   3.32E-05   3.34E-05
 3.32E+06   1.94E-06   1.30E-02   9.99E-02   8.92E-08   3.17E-05   8.55E-06   4.48E-05   3.58E-05
 3.48E+06   2.98E-06   1.30E-02   1.00E-01   1.13E-07   4.01E-05   1.08E-05   5.80E-05   3.84E-05
 3.62E+06   4.40E-06   1.30E-02   1.01E-01   1.38E-07   5.01E-05   1.35E-05   7.29E-05   4.12E-05
 3.78E+06   6.19E-06   1.30E-02   1.01E-01   1.63E-07   6.19E-05   1.66E-05   8.94E-05   4.42E-05
 3.92E+06   8.29E-06   1.30E-02   1.02E-01   1.87E-07   7.59E-05   2.03E-05   1.08E-04   4.74E-05
 4.08E+06   1.05E-05   1.30E-02   1.02E-01   2.08E-07   9.19E-05   2.45E-05   1.27E-04   5.07E-05
 4.22E+06   1.26E-05   1.30E-02   1.02E-01   2.26E-07   1.09E-04   2.88E-05   1.46E-04   5.40E-05
 4.38E+06   1.45E-05   1.30E-02   1.02E-01   2.41E-07   1.25E-04   3.30E-05   1.65E-04   5.70E-05
 4.52E+06   1.60E-05   1.30E-02   1.02E-01   2.53E-07   1.40E-04   3.68E-05   1.81E-04   5.95E-05
 4.68E+06   1.73E-05   1.30E-02   1.01E-01   2.63E-07   1.52E-04   3.99E-05   1.95E-04   6.16E-05
 4.82E+06   1.82E-05   1.30E-02   1.01E-01   2.72E-07   1.62E-04   4.25E-05   2.06E-04   6.33E-05
 4.98E+06   1.90E-05   1.30E-02   1.01E-01   2.80E-07   1.69E-04   4.45E-05   2.15E-04   6.45E-05
 5.12E+06   1.95E-05   1.30E-02   1.01E-01   2.88E-07   1.75E-04   4.61E-05   2.22E-04   6.54E-05
 5.28E+06   1.99E-05   1.30E-02   1.01E-01   2.95E-07   1.80E-04   4.72E-05   2.27E-04   6.61E-05
 5.42E+06   2.02E-05   1.30E-02   1.01E-01   3.02E-07   1.83E-04   4.81E-05   2.32E-04   6.65E-05
 5.58E+06   2.04E-05   1.30E-02   1.00E-01   3.08E-07   1.85E-04   4.88E-05   2.35E-04   6.69E-05
 5.72E+06   2.06E-05   1.30E-02   1.00E-01   3.14E-07   1.87E-04   4.93E-05   2.38E-04   6.71E-05
 5.88E+06   2.07E-05   1.30E-02   1.00E-01   3.19E-07   1.88E-04   4.97E-05   2.40E-04   6.73E-05
 6.02E+06   2.08E-05   1.30E-02   9.98E-02   3.24E-07   1.89E-04   4.99E-05   2.42E-04   6.74E-05
 6.18E+06   2.08E-05   1.31E-02   9.96E-02   3.29E-07   1.90E-04   5.02E-05   2.44E-04   6.75E-05
 6.32E+06   2.09E-05   1.31E-02   9.94E-02   3.33E-07   1.91E-04   5.03E-05   2.45E-04   6.75E-05
 6.48E+06   2.09E-05   1.31E-02   9.92E-02   3.38E-07   1.91E-04   5.04E-05   2.46E-04   6.76E-05
 6.62E+06   2.10E-05   1.31E-02   9.90E-02   3.45E-07   1.91E-04   5.05E-05   2.48E-04   6.76E-05
 6.78E+06   2.10E-05   1.31E-02   9.88E-02   3.55E-07   1.91E-04   5.06E-05   2.49E-04   6.76E-05
 6.92E+06   2.11E-05   1.31E-02   9.86E-02   3.70E-07   1.92E-04   5.07E-05   2.50E-04   6.76E-05
 7.08E+06   2.12E-05   1.31E-02   9.84E-02   3.92E-07   1.92E-04   5.07E-05   2.51E-04   6.76E-05
 7.22E+06   2.13E-05   1.31E-02   9.82E-02   4.22E-07   1.92E-04   5.07E-05   2.53E-04   6.76E-05
 7.38E+06   2.15E-05   1.32E-02   9.81E-02   4.60E-07   1.92E-04   5.08E-05   2.54E-04   6.76E-05
 7.52E+06   2.17E-05   1.32E-02   9.81E-02   5.04E-07   1.92E-04   5.08E-05   2.56E-04   6.76E-05
 7.68E+06   2.19E-05   1.32E-02   9.81E-02   5.51E-07   1.92E-04   5.08E-05   2.58E-04   6.76E-05
 7.82E+06   2.21E-05   1.32E-02   9.81E-02   5.99E-07   1.92E-04   5.08E-05   2.59E-04   6.76E-05
 7.98E+06   2.23E-05   1.32E-02   9.81E-02   6.47E-07   1.92E-04   5.08E-05   2.61E-04   6.76E-05
 8.12E+06   2.25E-05   1.32E-02   9.81E-02   6.94E-07   1.92E-04   5.08E-05   2.63E-04   6.76E-05
 8.28E+06   2.27E-05   1.32E-02   9.81E-02   7.42E-07   1.92E-04   5.09E-05   2.65E-04   6.76E-05
 8.42E+06   2.29E-05   1.32E-02   9.81E-02   7.94E-07   1.92E-04   5.09E-05   2.66E-04   6.76E-05
 8.58E+06   2.32E-05   1.32E-02   9.81E-02   8.53E-07   1.92E-04   5.09E-05   2.68E-04   6.76E-05
 8.72E+06   2.35E-05   1.32E-02   9.81E-02   9.24E-07   1.92E-04   5.09E-05   2.70E-04   6.76E-05
 8.88E+06   2.38E-05   1.32E-02   9.81E-02   1.01E-06   1.92E-04   5.09E-05   2.72E-04   6.76E-05
 9.02E+06   2.42E-05   1.32E-02   9.81E-02   1.12E-06   1.92E-04   5.09E-05   2.73E-04   6.76E-05
 9.18E+06   2.47E-05   1.32E-02   9.81E-02   1.25E-06   1.92E-04   5.09E-05   2.75E-04   6.76E-05
 9.32E+06   2.53E-05   1.32E-02   9.81E-02   1.40E-06   1.92E-04   5.09E-05   2.77E-04   6.76E-05
 9.48E+06   2.61E-05   1.32E-02   9.81E-02   1.55E-06   1.92E-04   5.09E-05   2.80E-04   6.76E-05
 9.62E+06   2.72E-05   1.32E-02   9.81E-02   1.72E-06   1.92E-04   5.09E-05   2.82E-04   6.76E-05
 9.78E+06   2.90E-05   1.32E-02   9.81E-02   1.91E-06   1.92E-04   5.09E-05   2.86E-04   6.76E-05
 9.92E+06   3.31E-05   1.32E-02   9.81E-02   2.14E-06   1.92E-04   5.09E-05   2.91E-04   6.76E-05
 N =    1  EMAX = 9.85E-05 FOR H       AT Z = 1.02E+06 U = 2.13E-20 RHS = 2.10E-24  DT = 5.00E-06  TIME = 1.00E-06
 N =    2  EMAX = 1.77E-04 FOR H       AT Z = 1.02E+06 U = 2.13E-20 RHS = 3.78E-24  DT = 2.50E-05  TIME = 6.00E-06
 N =    3  EMAX = 1.76E-04 FOR CH3     AT Z = 2.28E+06 U = 2.24E-20 RHS =-3.95E-24  DT = 1.25E-04  TIME = 3.10E-05
 N =    4  EMAX = 2.63E-04 FOR O       AT Z = 1.02E+06 U = 1.51E-15 RHS = 3.98E-19  DT = 6.25E-04  TIME = 1.56E-04
 N =    5  EMAX = 2.07E-04 FOR O       AT Z = 1.02E+06 U = 1.51E-15 RHS = 3.14E-19  DT = 3.13E-03  TIME = 7.81E-04
 N =    6  EMAX = 4.19E-04 FOR SO3     AT Z = 1.08E+06 U = 1.30E-16 RHS =-5.43E-20  DT = 1.56E-02  TIME = 3.91E-03
 N =    7  EMAX = 1.98E-03 FOR SO3     AT Z = 1.08E+06 U = 1.29E-16 RHS =-2.57E-19  DT = 4.69E-02  TIME = 1.95E-02
 N =    8  EMAX = 5.09E-03 FOR SO3     AT Z = 1.08E+06 U = 1.29E-16 RHS =-6.58E-19  DT = 9.38E-02  TIME = 6.64E-02
 N =    9  EMAX = 7.62E-03 FOR SO3     AT Z = 1.08E+06 U = 1.29E-16 RHS =-9.80E-19  DT = 1.88E-01  TIME = 1.60E-01
 N =   10  EMAX = 9.11E-03 FOR SO3     AT Z = 1.08E+06 U = 1.28E-16 RHS =-1.16E-18  DT = 2.62E-01  TIME = 3.48E-01
 N =   11  EMAX = 6.57E-03 FOR SO3     AT Z = 1.08E+06 U = 1.26E-16 RHS =-8.30E-19  DT = 5.25E-01  TIME = 6.10E-01
 N =   12  EMAX = 4.53E-03 FOR SO3     AT Z = 1.08E+06 U = 1.26E-16 RHS =-5.69E-19  DT = 1.05E+00  TIME = 1.14E+00
 N =   13  EMAX = 2.45E-03 FOR SO3     AT Z = 1.12E+06 U = 2.30E-16 RHS =-5.64E-19  DT = 3.15E+00  TIME = 2.19E+00
 N =   14  EMAX = 1.36E-03 FOR SO3     AT Z = 1.72E+06 U = 1.79E-15 RHS =-2.43E-18  DT = 9.45E+00  TIME = 5.34E+00
 N =   15  EMAX = 1.65E-03 FOR SO3     AT Z = 1.92E+06 U = 1.89E-15 RHS =-3.12E-18  DT = 2.83E+01  TIME = 1.48E+01
 N =   16  EMAX = 1.72E-03 FOR SO3     AT Z = 2.18E+06 U = 8.19E-16 RHS =-1.41E-18  DT = 8.50E+01  TIME = 4.31E+01
 N =   17  EMAX = 1.71E-03 FOR SO3     AT Z = 2.42E+06 U = 3.73E-16 RHS =-6.39E-19  DT = 2.55E+02  TIME = 1.28E+02
 N =   18  EMAX = 1.66E-03 FOR SO3     AT Z = 2.62E+06 U = 1.99E-16 RHS =-3.30E-19  DT = 7.65E+02  TIME = 3.83E+02
 N =   19  EMAX = 1.54E-03 FOR SO3     AT Z = 2.88E+06 U = 9.35E-17 RHS =-1.44E-19  DT = 2.30E+03  TIME = 1.15E+03
 N =   20  EMAX = 1.49E-03 FOR SO3     AT Z = 3.08E+06 U = 5.74E-17 RHS =-8.57E-20  DT = 6.89E+03  TIME = 3.45E+03
 N =   21  EMAX = 1.42E-03 FOR HO2NO2  AT Z = 7.78E+06 U = 2.13E-19 RHS =-3.03E-22  DT = 2.07E+04  TIME = 1.03E+04
 N =   22  EMAX = 1.54E-03 FOR HO2NO2  AT Z = 7.92E+06 U = 1.50E-20 RHS =-2.30E-23  DT = 6.20E+04  TIME = 3.10E+04
 N =   23  EMAX = 1.15E-03 FOR HNO3    AT Z = 8.22E+06 U = 7.26E-20 RHS =-8.34E-23  DT = 1.86E+05  TIME = 9.30E+04
 N =   24  EMAX = 1.44E-03 FOR N       AT Z = 8.42E+06 U = 1.96E-09 RHS = 2.82E-12  DT = 5.58E+05  TIME = 2.79E+05
 N =   25  EMAX = 1.18E-03 FOR N       AT Z = 8.52E+06 U = 4.13E-09 RHS = 4.87E-12  DT = 1.67E+06  TIME = 8.37E+05
 N =   26  EMAX = 6.88E-04 FOR SO      AT Z = 4.02E+06 U = 4.10E-19 RHS =-2.82E-22  DT = 6.70E+06  TIME = 2.51E+06
 N =   27  EMAX = 1.16E-03 FOR SO      AT Z = 4.42E+06 U = 7.75E-19 RHS =-9.02E-22  DT = 2.01E+07  TIME = 9.21E+06
 N =   28  EMAX = 1.75E-03 FOR H2S     AT Z = 1.92E+06 U = 2.46E-20 RHS =-4.31E-23  DT = 6.03E+07  TIME = 2.93E+07
 N =   29  EMAX = 2.65E-03 FOR SO3     AT Z = 9.98E+06 U = 1.80E-20 RHS =-4.77E-23  DT = 1.81E+08  TIME = 8.96E+07
 N =   30  EMAX = 3.38E-03 FOR SO      AT Z = 7.78E+06 U = 1.26E-16 RHS =-4.24E-19  DT = 5.42E+08  TIME = 2.70E+08
 N =   31  EMAX = 2.27E-03 FOR SO      AT Z = 7.78E+06 U = 1.25E-16 RHS =-2.84E-19  DT = 1.63E+09  TIME = 8.13E+08
 N =   32  EMAX = 6.29E-04 FOR SO      AT Z = 7.78E+06 U = 1.25E-16 RHS =-7.86E-20  DT = 6.51E+09  TIME = 2.44E+09
 N =   33  EMAX = 1.15E-04 FOR H2SO4   AT Z = 2.88E+06 U = 1.04E-13 RHS =-1.20E-17  DT = 3.25E+10  TIME = 8.95E+09
 N =   34  EMAX = 1.35E-05 FOR H       AT Z = 3.88E+06 U = 4.66E-14 RHS = 6.29E-19  DT = 1.63E+11  TIME = 4.15E+10
 N =   35  EMAX = 3.11E-06 FOR H       AT Z = 3.82E+06 U = 3.17E-14 RHS = 9.84E-20  DT = 8.14E+11  TIME = 2.04E+11
 N =   36  EMAX = 5.70E-07 FOR H       AT Z = 3.82E+06 U = 3.17E-14 RHS = 1.80E-20  DT = 4.07E+12  TIME = 1.02E+12
 N =   37  EMAX = 2.69E-07 FOR SO4AER  AT Z = 3.12E+06 U = 7.81E-10 RHS =-2.10E-16  DT = 2.03E+13  TIME = 5.09E+12
 N =   38  EMAX = 5.87E-08 FOR H2S     AT Z = 1.92E+06 U = 2.45E-20 RHS = 1.44E-27  DT = 1.02E+14  TIME = 2.54E+13
 N =   39  EMAX = 5.28E-08 FOR SO4AER  AT Z = 4.98E+06 U = 2.74E-11 RHS = 1.45E-18  DT = 5.08E+14  TIME = 1.27E+14
 N =   40  EMAX = 8.37E-09 FOR SO4AER  AT Z = 2.92E+06 U = 1.03E-09 RHS =-8.59E-18  DT = 2.54E+15  TIME = 6.36E+14
 N =   41  EMAX = 7.50E-09 FOR SO4AER  AT Z = 3.12E+06 U = 7.81E-10 RHS =-5.86E-18  DT = 1.27E+16  TIME = 3.18E+15
 N =   42  EMAX = 1.85E-09 FOR SO4AER  AT Z = 2.98E+06 U = 9.55E-10 RHS = 1.76E-18  DT = 6.36E+16  TIME = 1.59E+16
 N =   43  EMAX = 8.82E-10 FOR SO4AER  AT Z = 3.12E+06 U = 7.81E-10 RHS = 6.88E-19  DT = 3.18E+17  TIME = 7.95E+16
 N =   44  EMAX = 3.15E-10 FOR SO4AER  AT Z = 3.02E+06 U = 8.90E-10 RHS =-2.81E-19  DT = 1.59E+18  TIME = 3.97E+17

 ENERGY FLUXES IN W/m2/nm (NOT DIURNALLY AVERAGED)

  L   WAV      TAUR      EFLUX     GFLUX     S(1)
   1 1177.2  1.037E+02 5.413E-05 0.000E+00 0.000E+00
   2 1178.6  1.030E+02 4.768E-05 0.000E+00 0.000E+00
   3 1179.9  1.024E+02 4.123E-05 0.000E+00 0.000E+00
   4 1181.3  1.018E+02 3.455E-05 0.000E+00 0.000E+00
   5 1182.7  1.011E+02 2.786E-05 0.000E+00 0.000E+00
   6 1184.1  1.005E+02 2.117E-05 0.000E+00 0.000E+00
   7 1185.5  9.983E+01 1.899E-05 0.000E+00 0.000E+00
   8 1186.9  9.920E+01 2.442E-05 0.000E+00 0.000E+00
   9 1188.3  9.857E+01 3.017E-05 0.000E+00 0.000E+00
  10 1189.8  9.790E+01 3.593E-05 0.000E+00 0.000E+00
  11 1191.2  9.728E+01 4.149E-05 0.000E+00 0.000E+00
  12 1192.6  9.667E+01 4.704E-05 0.000E+00 0.000E+00
  13 1194.0  9.606E+01 5.260E-05 0.000E+00 0.000E+00
  14 1195.5  9.546E+01 5.608E-05 0.000E+00 0.000E+00
  15 1196.9  9.482E+01 5.512E-05 0.000E+00 0.000E+00
  16 1198.3  9.422E+01 5.891E-05 0.000E+00 0.000E+00
  17 1199.8  9.363E+01 6.400E-05 0.000E+00 0.000E+00
  18 1201.2  9.300E+01 5.848E-05 0.000E+00 0.000E+00
  19 1202.7  9.242E+01 5.851E-05 0.000E+00 0.000E+00
  20 1204.1  9.181E+01 1.550E-04 0.000E+00 0.000E+00
  21 1205.5  9.124E+01 3.814E-04 0.000E+00 0.000E+00
  22 1207.0  9.063E+01 3.958E-04 0.000E+00 0.000E+00
  23 1208.5  9.007E+01 1.820E-04 0.000E+00 0.000E+00
  24 1210.0  8.947E+01 1.014E-04 0.000E+00 0.000E+00
  25 1211.4  8.888E+01 2.778E-04 0.000E+00 0.000E+00
  26 1212.8  8.833E+01 4.063E-03 0.000E+00 0.000E+00
  27 1214.3  8.775E+01 1.837E-02 0.000E+00 0.000E+00
  28 1215.8  8.717E+01 2.550E-02 0.000E+00 0.000E+00
  29 1217.2  8.663E+01 1.269E-02 0.000E+00 0.000E+00
  30 1218.8  8.607E+01 1.953E-03 0.000E+00 0.000E+00
  31 1220.2  8.550E+01 2.304E-04 0.000E+00 0.000E+00
  32 1221.8  8.494E+01 9.415E-05 0.000E+00 0.000E+00
  33 1223.2  8.439E+01 6.190E-05 0.000E+00 0.000E+00
  34 1224.8  8.384E+01 4.859E-05 0.000E+00 0.000E+00
  35 1226.2  8.329E+01 4.298E-05 0.000E+00 0.000E+00
  36 1227.8  8.275E+01 4.077E-05 0.000E+00 0.000E+00
  37 1229.2  8.221E+01 3.730E-05 0.000E+00 0.000E+00
  38 1230.8  8.168E+01 3.304E-05 0.000E+00 0.000E+00
  39 1232.2  8.115E+01 3.085E-05 0.000E+00 0.000E+00
  40 1233.8  8.063E+01 3.007E-05 0.000E+00 0.000E+00
  41 1235.3  8.007E+01 3.114E-05 0.000E+00 0.000E+00
  42 1236.8  7.956E+01 4.785E-05 0.000E+00 0.000E+00
  43 1238.4  7.904E+01 6.985E-05 0.000E+00 0.000E+00
  44 1240.0  7.850E+01 5.861E-05 0.000E+00 0.000E+00
  45 1241.5  7.800E+01 4.901E-05 0.000E+00 0.000E+00
  46 1243.0  7.750E+01 4.753E-05 0.000E+00 0.000E+00
  47 1244.5  7.697E+01 3.176E-05 0.000E+00 0.000E+00
  48 1246.1  7.648E+01 2.375E-05 0.000E+00 0.000E+00
  49 1247.7  7.596E+01 2.316E-05 0.000E+00 0.000E+00
  50 1249.2  7.548E+01 2.327E-05 0.000E+00 0.000E+00
  51 1250.8  7.497E+01 2.382E-05 0.000E+00 0.000E+00
  52 1252.3  7.446E+01 2.661E-05 0.000E+00 0.000E+00
  53 1253.9  7.399E+01 3.071E-05 0.000E+00 0.000E+00
  54 1255.5  7.350E+01 3.062E-05 0.000E+00 0.000E+00
  55 1257.1  7.300E+01 3.412E-05 0.000E+00 0.000E+00
  56 1258.7  7.251E+01 4.922E-05 0.000E+00 0.000E+00
  57 1260.2  7.206E+01 5.734E-05 0.000E+00 0.000E+00
  58 1261.8  7.157E+01 4.188E-05 0.000E+00 0.000E+00
  59 1263.4  7.110E+01 5.704E-05 0.000E+00 0.000E+00
  60 1265.0  7.062E+01 8.211E-05 0.000E+00 0.000E+00
  61 1266.6  7.015E+01 5.035E-05 0.000E+00 0.000E+00
  62 1268.2  6.969E+01 2.200E-05 0.000E+00 0.000E+00
  63 1269.8  6.922E+01 1.766E-05 0.000E+00 0.000E+00
  64 1271.4  6.877E+01 1.748E-05 0.000E+00 0.000E+00
  65 1273.1  6.828E+01 2.007E-05 0.000E+00 0.000E+00
  66 1274.7  6.783E+01 2.742E-05 0.000E+00 0.000E+00
  67 1276.3  6.739E+01 3.156E-05 0.000E+00 0.000E+00
  68 1277.9  6.694E+01 3.090E-05 0.000E+00 0.000E+00
  69 1279.6  6.648E+01 2.813E-05 0.000E+00 0.000E+00
  70 1281.2  6.604E+01 2.158E-05 0.000E+00 0.000E+00
  71 1282.9  6.558E+01 1.577E-05 0.000E+00 0.000E+00
  72 1284.5  6.515E+01 1.463E-05 0.000E+00 0.000E+00
  73 1286.2  6.473E+01 1.767E-05 0.000E+00 0.000E+00
  74 1287.8  6.428E+01 2.579E-05 0.000E+00 0.000E+00
  75 1289.5  6.384E+01 2.603E-05 0.000E+00 0.000E+00
  76 1291.2  6.342E+01 1.933E-05 0.000E+00 0.000E+00
  77 1292.8  6.299E+01 1.789E-05 0.000E+00 0.000E+00
  78 1294.5  6.255E+01 2.386E-05 0.000E+00 0.000E+00
  79 1296.2  6.215E+01 2.750E-05 0.000E+00 0.000E+00
  80 1297.8  6.173E+01 3.032E-05 0.000E+00 0.000E+00
  81 1299.6  6.130E+01 6.221E-05 0.000E+00 0.000E+00
  82 1301.2  6.089E+01 1.605E-04 0.000E+00 0.000E+00
  83 1302.9  6.047E+01 2.341E-04 0.000E+00 0.000E+00
  84 1304.7  6.006E+01 3.161E-04 0.000E+00 0.000E+00
  85 1306.3  5.965E+01 2.521E-04 0.000E+00 0.000E+00
  86 1308.1  5.925E+01 9.567E-05 0.000E+00 0.000E+00
  87 1309.8  5.885E+01 5.384E-05 0.000E+00 0.000E+00
  88 1311.4  5.845E+01 3.787E-05 0.000E+00 0.000E+00
  89 1313.2  5.806E+01 2.660E-05 0.000E+00 0.000E+00
  90 1314.9  5.764E+01 2.578E-05 0.000E+00 0.000E+00
  91 1316.7  5.726E+01 3.090E-05 0.000E+00 0.000E+00
  92 1318.4  5.687E+01 3.087E-05 0.000E+00 0.000E+00
  93 1320.2  5.647E+01 2.333E-05 0.000E+00 0.000E+00
  94 1321.9  5.609E+01 1.999E-05 0.000E+00 0.000E+00
  95 1323.7  5.570E+01 2.261E-05 0.000E+00 0.000E+00
  96 1325.4  5.533E+01 2.198E-05 0.000E+00 0.000E+00
  97 1327.2  5.494E+01 2.565E-05 0.000E+00 0.000E+00
  98 1328.9  5.457E+01 3.306E-05 0.000E+00 0.000E+00
  99 1330.7  5.419E+01 3.243E-05 0.000E+00 0.000E+00
 100 1332.4  5.381E+01 1.605E-04 0.000E+00 0.000E+00
 101 1334.2  5.346E+01 5.537E-04 0.000E+00 0.000E+00
 102 1336.0  5.308E+01 5.056E-04 0.000E+00 0.000E+00
 103 1337.8  5.271E+01 1.145E-04 0.000E+00 0.000E+00
 104 1339.6  5.235E+01 2.202E-05 0.000E+00 0.000E+00
 105 1341.4  5.198E+01 2.130E-05 0.000E+00 0.000E+00
 106 1343.2  5.162E+01 2.151E-05 0.000E+00 0.000E+00
 107 1345.0  5.127E+01 2.168E-05 0.000E+00 0.000E+00
 108 1346.8  5.091E+01 2.256E-05 0.000E+00 0.000E+00
 109 1348.6  5.056E+01 2.619E-05 0.000E+00 0.000E+00
 110 1350.5  5.021E+01 3.956E-05 0.000E+00 0.000E+00
 111 1352.3  4.985E+01 4.245E-05 0.000E+00 0.000E+00
 112 1354.1  4.951E+01 4.974E-05 0.000E+00 0.000E+00
 113 1356.0  4.917E+01 6.151E-05 0.000E+00 0.000E+00
 114 1357.8  4.882E+01 5.111E-05 0.000E+00 0.000E+00
 115 1359.6  4.848E+01 4.212E-05 0.000E+00 0.000E+00
 116 1361.5  4.815E+01 3.367E-05 0.000E+00 0.000E+00
 117 1363.3  4.781E+01 3.233E-05 0.000E+00 0.000E+00
 118 1365.2  4.747E+01 3.022E-05 0.000E+00 0.000E+00
 119 1367.0  4.715E+01 2.976E-05 0.000E+00 0.000E+00
 120 1369.0  4.681E+01 3.424E-05 0.000E+00 0.000E+00
 121 1370.8  4.648E+01 3.814E-05 0.000E+00 0.000E+00
 122 1372.7  4.616E+01 3.609E-05 0.000E+00 0.000E+00
 123 1374.5  4.584E+01 3.130E-05 0.000E+00 0.000E+00
 124 1376.5  4.551E+01 2.991E-05 0.000E+00 0.000E+00
 125 1378.3  4.519E+01 3.258E-05 0.000E+00 0.000E+00
 126 1380.2  4.487E+01 3.565E-05 0.000E+00 0.000E+00
 127 1382.2  4.456E+01 3.438E-05 0.000E+00 0.000E+00
 128 1384.0  4.424E+01 3.249E-05 0.000E+00 0.000E+00
 129 1386.0  4.393E+01 3.416E-05 0.000E+00 0.000E+00
 130 1388.0  4.361E+01 3.596E-05 0.000E+00 0.000E+00
 131 1389.8  4.330E+01 4.015E-05 0.000E+00 0.000E+00
 132 1391.8  4.300E+01 1.225E-04 0.000E+00 0.000E+00
 133 1393.8  4.269E+01 2.103E-04 0.000E+00 0.000E+00
 134 1395.7  4.239E+01 1.132E-04 0.000E+00 0.000E+00
 135 1397.6  4.210E+01 4.745E-05 0.000E+00 0.000E+00
 136 1399.6  4.179E+01 6.685E-05 0.000E+00 0.000E+00
 137 1401.5  4.149E+01 1.299E-04 0.000E+00 0.000E+00
 138 1403.5  4.120E+01 1.288E-04 0.000E+00 0.000E+00
 139 1405.5  4.090E+01 6.890E-05 0.000E+00 0.000E+00
 140 1407.5  4.061E+01 4.960E-05 0.000E+00 0.000E+00
 141 1409.5  4.031E+01 4.897E-05 0.000E+00 0.000E+00
 142 1411.4  4.004E+01 5.215E-05 0.000E+00 0.000E+00
 143 1413.4  3.975E+01 5.092E-05 0.000E+00 0.000E+00
 144 1415.4  3.946E+01 4.986E-05 0.000E+00 0.000E+00
 145 1417.4  3.918E+01 5.040E-05 0.000E+00 0.000E+00
 146 1419.5  3.890E+01 4.958E-05 0.000E+00 0.000E+00
 147 1421.5  3.861E+01 5.019E-05 0.000E+00 0.000E+00
 148 1423.5  3.833E+01 5.965E-05 0.000E+00 0.000E+00
 149 1425.5  3.806E+01 6.274E-05 0.000E+00 0.000E+00
 150 1427.5  3.779E+01 5.269E-05 0.000E+00 0.000E+00
 151 1429.6  3.751E+01 5.402E-05 0.000E+00 0.000E+00
 152 1431.7  3.724E+01 6.567E-05 0.000E+00 0.000E+00
 153 1433.7  3.697E+01 6.713E-05 0.000E+00 0.000E+00
 154 1435.8  3.671E+01 6.111E-05 0.000E+00 0.000E+00
 155 1437.8  3.644E+01 5.862E-05 0.000E+00 0.000E+00
 156 1439.8  3.618E+01 5.711E-05 0.000E+00 0.000E+00
 157 1442.0  3.591E+01 5.829E-05 0.000E+00 0.000E+00
 158 1444.0  3.565E+01 6.098E-05 0.000E+00 0.000E+00
 159 1446.2  3.539E+01 6.205E-05 0.000E+00 0.000E+00
 160 1448.2  3.513E+01 5.994E-05 0.000E+00 0.000E+00
 161 1450.3  3.487E+01 5.957E-05 0.000E+00 0.000E+00
 162 1452.5  3.462E+01 6.227E-05 0.000E+00 0.000E+00
 163 1454.5  3.437E+01 6.600E-05 0.000E+00 0.000E+00
 164 1456.7  3.412E+01 6.589E-05 0.000E+00 0.000E+00
 165 1458.8  3.387E+01 6.696E-05 0.000E+00 0.000E+00
 166 1461.0  3.361E+01 6.926E-05 0.000E+00 0.000E+00
 167 1463.0  3.337E+01 7.491E-05 0.000E+00 0.000E+00
 168 1465.2  3.313E+01 7.765E-05 0.000E+00 0.000E+00
 169 1467.3  3.288E+01 8.866E-05 0.000E+00 0.000E+00
 170 1469.5  3.264E+01 8.868E-05 0.000E+00 0.000E+00
 171 1471.7  3.240E+01 1.093E-04 0.000E+00 0.000E+00
 172 1473.8  3.216E+01 1.260E-04 0.000E+00 0.000E+00
 173 1476.0  3.193E+01 9.189E-05 0.000E+00 0.000E+00
 174 1478.2  3.169E+01 7.718E-05 0.000E+00 0.000E+00
 175 1480.4  3.145E+01 9.513E-05 0.000E+00 0.000E+00
 176 1482.6  3.122E+01 1.090E-04 0.000E+00 0.000E+00
 177 1484.8  3.099E+01 9.774E-05 0.000E+00 0.000E+00
 178 1487.0  3.076E+01 9.585E-05 0.000E+00 0.000E+00
 179 1489.2  3.053E+01 8.629E-05 0.000E+00 0.000E+00
 180 1491.4  3.031E+01 8.798E-05 0.000E+00 0.000E+00
 181 1493.7  3.008E+01 9.053E-05 0.000E+00 0.000E+00
 182 1495.9  2.985E+01 8.783E-05 0.000E+00 0.000E+00
 183 1498.2  2.963E+01 9.003E-05 0.000E+00 0.000E+00
 184 1500.4  2.941E+01 9.779E-05 0.000E+00 0.000E+00
 185 1502.7  2.919E+01 9.895E-05 0.000E+00 0.000E+00
 186 1504.9  2.897E+01 9.643E-05 0.000E+00 0.000E+00
 187 1507.2  2.876E+01 9.797E-05 0.000E+00 0.000E+00
 188 1509.4  2.854E+01 1.057E-04 0.000E+00 0.000E+00
 189 1511.8  2.832E+01 1.091E-04 0.000E+00 0.000E+00
 190 1514.1  2.811E+01 1.031E-04 0.000E+00 0.000E+00
 191 1516.3  2.790E+01 1.031E-04 0.000E+00 0.000E+00
 192 1518.7  2.769E+01 1.035E-04 0.000E+00 0.000E+00
 193 1520.9  2.748E+01 1.071E-04 0.000E+00 0.000E+00
 194 1523.2  2.727E+01 1.179E-04 0.000E+00 0.000E+00
 195 1525.6  2.707E+01 1.600E-04 0.000E+00 0.000E+00
 196 1527.9  2.687E+01 1.577E-04 0.000E+00 0.000E+00
 197 1530.2  2.666E+01 1.299E-04 0.000E+00 0.000E+00
 198 1532.6  2.646E+01 1.766E-04 0.000E+00 0.000E+00
 199 1534.9  2.626E+01 1.678E-04 0.000E+00 0.000E+00
 200 1537.3  2.606E+01 1.354E-04 0.000E+00 0.000E+00
 201 1539.7  2.586E+01 1.384E-04 0.000E+00 0.000E+00
 202 1542.0  2.567E+01 1.408E-04 0.000E+00 0.000E+00
 203 1544.4  2.547E+01 1.459E-04 0.000E+00 0.000E+00
 204 1546.8  2.527E+01 3.516E-04 0.000E+00 0.000E+00
 205 1549.2  2.508E+01 4.828E-04 0.000E+00 0.000E+00
 206 1551.6  2.489E+01 2.998E-04 0.000E+00 0.000E+00
 207 1554.0  2.470E+01 1.518E-04 0.000E+00 0.000E+00
 208 1556.4  2.451E+01 1.538E-04 0.000E+00 0.000E+00
 209 1558.8  2.432E+01 2.564E-04 0.000E+00 0.000E+00
 210 1561.3  2.413E+01 2.890E-04 0.000E+00 0.000E+00
 211 1563.7  2.395E+01 1.903E-04 0.000E+00 0.000E+00
 212 1566.2  2.377E+01 1.711E-04 0.000E+00 0.000E+00
 213 1568.7  2.358E+01 1.946E-04 0.000E+00 0.000E+00
 214 1571.1  2.340E+01 1.993E-04 0.000E+00 0.000E+00
 215 1573.5  2.322E+01 2.187E-04 0.000E+00 0.000E+00
 216 1576.0  2.304E+01 2.004E-04 0.000E+00 0.000E+00
 217 1578.5  2.286E+01 1.707E-04 0.000E+00 0.000E+00
 218 1581.0  2.268E+01 1.771E-04 0.000E+00 0.000E+00
 219 1583.5  2.251E+01 1.776E-04 0.000E+00 0.000E+00
 220 1586.0  2.233E+01 1.916E-04 0.000E+00 0.000E+00
 221 1588.5  2.216E+01 1.992E-04 0.000E+00 0.000E+00
 222 1591.1  2.199E+01 1.891E-04 0.000E+00 0.000E+00
 223 1593.7  2.181E+01 1.969E-04 0.000E+00 0.000E+00
 224 1596.2  2.165E+01 1.861E-04 0.000E+00 0.000E+00
 225 1598.7  2.148E+01 1.789E-04 0.000E+00 0.000E+00
 226 1601.3  2.131E+01 2.093E-04 0.000E+00 0.000E+00
 227 1603.8  2.114E+01 2.073E-04 0.000E+00 0.000E+00
 228 1606.4  2.098E+01 2.038E-04 0.000E+00 0.000E+00
 229 1609.0  2.081E+01 2.312E-04 0.000E+00 0.000E+00
 230 1611.6  2.065E+01 2.644E-04 0.000E+00 0.000E+00
 231 1614.2  2.049E+01 2.544E-04 0.000E+00 0.000E+00
 232 1616.8  2.033E+01 2.298E-04 0.000E+00 0.000E+00
 233 1619.4  2.017E+01 2.476E-04 0.000E+00 0.000E+00
 234 1622.1  2.001E+01 2.793E-04 0.000E+00 0.000E+00
 235 1624.7  1.985E+01 2.934E-04 0.000E+00 0.000E+00
 236 1627.3  1.969E+01 2.898E-04 0.000E+00 0.000E+00
 237 1630.0  1.953E+01 2.857E-04 0.000E+00 0.000E+00
 238 1632.7  1.938E+01 3.076E-04 0.000E+00 0.000E+00
 239 1635.3  1.923E+01 3.009E-04 0.000E+00 0.000E+00
 240 1638.0  1.907E+01 3.555E-04 0.000E+00 0.000E+00
 241 1640.7  1.893E+01 4.226E-04 0.000E+00 0.000E+00
 242 1643.3  1.877E+01 3.455E-04 0.000E+00 0.000E+00
 243 1646.1  1.862E+01 3.101E-04 0.000E+00 0.000E+00
 244 1648.8  1.848E+01 3.060E-04 0.000E+00 0.000E+00
 245 1651.6  1.832E+01 2.994E-04 0.000E+00 0.000E+00
 246 1654.2  1.818E+01 4.522E-04 0.000E+00 0.000E+00
 247 1657.0  1.804E+01 8.233E-04 0.000E+00 0.000E+00
 248 1659.8  1.789E+01 5.530E-04 0.000E+00 0.000E+00
 249 1662.5  1.775E+01 3.785E-04 0.000E+00 0.000E+00
 250 1665.3  1.760E+01 3.720E-04 0.000E+00 0.000E+00
 251 1668.1  1.746E+01 3.955E-04 0.000E+00 0.000E+00
 252 1670.8  1.732E+01 4.912E-04 0.000E+00 0.000E+00
 253 1673.6  1.718E+01 4.275E-04 0.000E+00 0.000E+00
 254 1676.5  1.704E+01 4.123E-04 0.000E+00 0.000E+00
 255 1679.3  1.690E+01 4.218E-04 0.000E+00 0.000E+00
 256 1682.1  1.677E+01 4.298E-04 0.000E+00 0.000E+00
 257 1684.9  1.663E+01 4.870E-04 0.000E+00 0.000E+00
 258 1687.8  1.650E+01 5.413E-04 0.000E+00 0.000E+00
 259 1690.6  1.636E+01 5.700E-04 0.000E+00 0.000E+00
 260 1693.5  1.623E+01 6.138E-04 0.000E+00 0.000E+00
 261 1696.3  1.610E+01 6.693E-04 0.000E+00 0.000E+00
 262 1699.2  1.597E+01 6.997E-04 0.000E+00 0.000E+00
 263 1702.2  1.583E+01 7.582E-04 0.000E+00 0.000E+00
 264 1705.0  1.571E+01 7.069E-04 0.000E+00 0.000E+00
 265 1708.0  1.558E+01 7.524E-04 0.000E+00 0.000E+00
 266 1710.8  1.545E+01 7.515E-04 0.000E+00 0.000E+00
 267 1713.8  1.532E+01 7.052E-04 0.000E+00 0.000E+00
 268 1716.8  1.520E+01 7.787E-04 0.000E+00 0.000E+00
 269 1719.7  1.507E+01 8.083E-04 0.000E+00 0.000E+00
 270 1722.7  1.495E+01 7.764E-04 0.000E+00 0.000E+00
 271 1725.6  1.483E+01 8.303E-04 0.000E+00 0.000E+00
 272 1728.6  1.470E+01 7.812E-04 0.000E+00 0.000E+00
 273 1731.6  1.458E+01 7.491E-04 0.000E+00 0.000E+00
 274 1734.6  1.446E+01 8.041E-04 0.000E+00 0.000E+00
 275 1737.6  1.434E+01 8.396E-04 0.000E+00 0.000E+00
 276 1740.7  1.422E+01 9.183E-04 0.000E+00 0.000E+00
 277 1743.7  1.410E+01 1.002E-03 0.000E+00 0.000E+00
 278 1746.8  1.399E+01 9.724E-04 0.000E+00 0.000E+00
 279 1749.8  1.387E+01 1.021E-03 0.000E+00 0.000E+00
 280 1752.8  1.375E+01 1.142E-03 0.000E+00 0.000E+00
 281 1756.0  1.364E+01 1.218E-03 0.000E+00 0.000E+00
 282 1759.0  1.352E+01 1.261E-03 0.000E+00 0.000E+00
 283 1762.2  1.341E+01 1.261E-03 0.000E+00 0.000E+00
 284 1765.2  1.330E+01 1.209E-03 0.000E+00 0.000E+00
 285 1768.3  1.319E+01 1.383E-03 0.000E+00 0.000E+00
 286 1771.5  1.308E+01 1.592E-03 0.000E+00 0.000E+00
 287 1774.6  1.297E+01 1.512E-03 0.000E+00 0.000E+00
 288 1777.8  1.286E+01 1.493E-03 0.000E+00 0.000E+00
 289 1781.0  1.275E+01 1.673E-03 0.000E+00 0.000E+00
 290 1784.1  1.264E+01 1.671E-03 0.000E+00 0.000E+00
 291 1787.3  1.253E+01 1.733E-03 0.000E+00 0.000E+00
 292 1790.5  1.243E+01 1.811E-03 0.000E+00 0.000E+00
 293 1793.7  1.232E+01 1.615E-03 0.000E+00 0.000E+00
 294 1796.9  1.222E+01 1.666E-03 0.000E+00 0.000E+00
 295 1800.2  1.211E+01 1.826E-03 0.000E+00 0.000E+00
 296 1803.4  1.201E+01 1.913E-03 0.000E+00 0.000E+00
 297 1806.7  1.191E+01 2.258E-03 0.000E+00 0.000E+00
 298 1809.9  1.181E+01 2.205E-03 0.000E+00 0.000E+00
 299 1813.2  1.170E+01 1.959E-03 0.000E+00 0.000E+00
 300 1816.6  1.160E+01 3.257E-03 0.000E+00 0.000E+00
 301 1819.8  1.150E+01 2.531E-03 0.000E+00 0.000E+00
 302 1823.2  1.141E+01 2.483E-03 0.000E+00 0.000E+00
 303 1826.5  1.131E+01 2.353E-03 0.000E+00 0.000E+00
 304 1829.8  1.121E+01 2.349E-03 0.000E+00 0.000E+00
 305 1833.2  1.111E+01 2.529E-03 0.000E+00 0.000E+00
 306 1836.6  1.102E+01 2.578E-03 0.000E+00 0.000E+00
 307 1839.9  1.092E+01 2.423E-03 0.000E+00 0.000E+00
 308 1843.3  1.083E+01 2.274E-03 0.000E+00 0.000E+00
 309 1846.7  1.074E+01 2.086E-03 0.000E+00 0.000E+00
 310 1850.2  1.064E+01 2.105E-03 0.000E+00 0.000E+00
 311 1853.6  1.055E+01 2.457E-03 0.000E+00 0.000E+00
 312 1857.0  1.046E+01 2.775E-03 0.000E+00 0.000E+00
 313 1860.5  1.037E+01 2.625E-03 0.000E+00 0.000E+00
 314 1864.0  1.028E+01 2.755E-03 0.000E+00 0.000E+00
 315 1867.5  1.019E+01 3.096E-03 0.000E+00 0.000E+00
 316 1871.0  1.010E+01 3.421E-03 0.000E+00 0.000E+00
 317 1874.5  1.001E+01 3.345E-03 0.000E+00 0.000E+00
 318 1878.0  9.920E+00 3.235E-03 0.000E+00 0.000E+00
 319 1881.5  9.833E+00 3.230E-03 0.000E+00 0.000E+00
 320 1885.0  9.747E+00 3.637E-03 0.000E+00 0.000E+00
 321 1888.6  9.660E+00 3.743E-03 0.000E+00 0.000E+00
 322 1892.2  9.574E+00 4.130E-03 0.000E+00 0.000E+00
 323 1895.7  9.491E+00 4.004E-03 0.000E+00 0.000E+00
 324 1899.3  9.407E+00 3.648E-03 0.000E+00 0.000E+00
 325 1902.9  9.324E+00 4.003E-03 0.000E+00 0.000E+00
 326 1906.6  9.240E+00 4.221E-03 0.000E+00 0.000E+00
 327 1910.2  9.158E+00 4.305E-03 0.000E+00 0.000E+00
 328 1913.8  9.078E+00 4.450E-03 0.000E+00 0.000E+00
 329 1917.6  8.996E+00 4.630E-03 0.000E+00 0.000E+00
 330 1921.2  8.915E+00 4.912E-03 0.000E+00 0.000E+00
 331 1924.9  8.835E+00 4.706E-03 0.000E+00 0.000E+00
 332 1928.7  8.756E+00 4.445E-03 0.000E+00 0.000E+00
 333 1932.3  8.678E+00 3.413E-03 0.000E+00 0.000E+00
 334 1936.1  8.601E+00 3.368E-03 2.107E-79 6.258E-77
 335 1939.8  8.522E+00 4.997E-03 1.841E-71 3.684E-69
 336 1943.6  8.447E+00 6.086E-03 2.715E-64 4.460E-62
 337 1947.4  8.370E+00 6.134E-03 4.250-110 6.929-108
 338 1951.2  8.294E+00 5.782E-03 4.875-114 8.431-112
 339 1955.0  8.220E+00 5.932E-03 6.151E-48 1.037E-45
 340 1958.8  8.145E+00 6.066E-03 5.001E-51 8.244E-49
 341 1962.7  8.070E+00 6.006E-03 2.830-111 4.712-109
 342 1966.5  7.998E+00 7.110E-03 4.978E-92 7.002E-90
 343 1970.5  7.925E+00 7.006E-03 2.609-109 3.723-107
 344 1974.3  7.852E+00 6.665E-03 1.292-110 1.939-108
 345 1978.2  7.780E+00 6.534E-03 2.057E-25 3.149E-23
 346 1982.2  7.709E+00 6.950E-03 2.567E-45 3.693E-43
 347 1986.1  7.639E+00 6.526E-03 1.097E-45 1.681E-43
 348 1990.0  7.568E+00 6.519E-03 1.706E-21 2.618E-19
 349 1994.0  7.500E+00 7.415E-03 7.612E-20 1.027E-17
 350 1998.0  7.430E+00 7.273E-03 3.293E-30 4.528E-28
 351 2002.0  7.362E+00 7.651E-03 2.575E-29 3.366E-27
 352 2006.0  7.294E+00 7.954E-03 3.766E-19 4.735E-17
 353 2010.0  7.227E+00 8.162E-03 3.753E-24 4.598E-22
 354 2014.1  7.159E+00 8.565E-03 6.257E-23 7.305E-21
 355 2018.2  7.094E+00 8.873E-03 4.031E-17 4.543E-15
 356 2022.2  7.027E+00 8.774E-03 1.465E-16 1.670E-14
 357 2026.3  6.962E+00 8.543E-03 9.674E-17 1.132E-14
 358 2030.5  6.897E+00 9.592E-03 1.148E-16 1.197E-14
 359 2034.6  6.833E+00 9.627E-03 2.208E-16 2.294E-14
 360 2038.8  6.768E+00 9.960E-03 2.997E-16 3.009E-14
 361 2042.9  6.706E+00 1.084E-02 4.019E-16 3.707E-14
 362 2047.1  6.643E+00 1.114E-02 4.240E-16 3.806E-14
 363 2051.3  6.580E+00 1.135E-02 4.647E-16 4.095E-14
 364 2055.5  6.518E+00 1.125E-02 6.197E-16 5.509E-14
 365 2059.8  6.457E+00 1.128E-02 8.552E-16 7.581E-14
 366 2064.0  6.396E+00 1.151E-02 1.003E-15 8.717E-14
 367 2068.2  6.336E+00 1.221E-02 1.105E-15 9.049E-14
 368 2072.6  6.276E+00 1.303E-02 1.341E-15 1.029E-13
 369 2076.8  6.216E+00 1.393E-02 1.717E-15 1.232E-13
 370 2081.2  6.157E+00 1.426E-02 1.864E-15 1.307E-13
 371 2085.5  6.099E+00 1.571E-02 2.150E-15 1.368E-13
 372 2089.9  6.040E+00 1.840E-02 2.809E-15 1.526E-13
 373 2094.2  5.982E+00 2.200E-02 3.543E-15 1.610E-13
 374 2098.6  5.926E+00 2.490E-02 3.827E-15 1.537E-13
 375 2103.1  5.870E+00 2.854E-02 4.368E-15 1.531E-13
 376 2107.5  5.812E+00 3.135E-02 5.278E-15 1.684E-13
 377 2111.9  5.757E+00 3.264E-02 5.539E-15 1.697E-13
 378 2116.4  5.701E+00 3.679E-02 5.458E-15 1.483E-13
 379 2120.8  5.647E+00 3.851E-02 4.858E-15 1.261E-13
 380 2125.4  5.593E+00 2.960E-02 3.180E-15 1.074E-13
 381 2129.9  5.538E+00 3.265E-02 2.839E-15 8.694E-14
 382 2134.5  5.485E+00 3.259E-02 2.195E-15 6.734E-14
 383 2139.1  5.431E+00 3.680E-02 1.879E-15 5.107E-14
 384 2143.6  5.379E+00 4.501E-02 1.693E-15 3.761E-14
 385 2148.2  5.327E+00 4.120E-02 1.060E-15 2.573E-14
 386 2152.8  5.275E+00 4.049E-02 7.434E-16 1.836E-14
 387 2157.5  5.223E+00 3.376E-02 4.683E-16 1.387E-14
 388 2162.2  5.172E+00 3.763E-02 3.670E-16 9.754E-15
 389 2166.8  5.121E+00 3.159E-02 1.988E-16 6.293E-15
 390 2171.6  5.071E+00 3.453E-02 1.402E-16 4.060E-15
 391 2176.2  5.021E+00 3.489E-02 9.404E-17 2.695E-15
 392 2181.0  4.972E+00 4.829E-02 8.232E-17 1.705E-15
 393 2185.8  4.923E+00 4.612E-02 4.644E-17 1.007E-15
 394 2190.6  4.874E+00 4.576E-02 2.568E-17 5.611E-16
 395 2195.4  4.826E+00 5.013E-02 1.459E-17 2.910E-16
 396 2200.2  4.778E+00 5.135E-02 7.215E-18 1.405E-16
 397 2205.1  4.731E+00 5.468E-02 3.567E-18 6.523E-17
 398 2209.9  4.683E+00 3.881E-02 1.149E-18 2.961E-17
 399 2214.9  4.637E+00 4.120E-02 5.196E-19 1.261E-17
 400 2219.8  4.590E+00 4.492E-02 2.262E-19 5.035E-18
 401 2224.7  4.545E+00 5.151E-02 1.014E-19 1.969E-18
 402 2229.6  4.499E+00 5.498E-02 4.189E-20 7.619E-19
 403 2234.6  4.454E+00 7.085E-02 1.997E-20 2.818E-19
 404 2239.6  4.409E+00 6.537E-02 6.213E-21 9.504E-20
 405 2244.7  4.364E+00 5.969E-02 1.884E-21 3.157E-20
 406 2249.8  4.320E+00 6.034E-02 6.352E-22 1.053E-20
 407 2254.8  4.276E+00 5.395E-02 1.798E-22 3.333E-21
 408 2259.9  4.234E+00 4.912E-02 4.883E-23 9.942E-22
 409 2265.0  4.191E+00 4.027E-02 1.148E-23 2.851E-22
 410 2270.1  4.148E+00 3.456E-02 2.687E-24 7.774E-23
 411 2275.3  4.106E+00 3.964E-02 7.628E-25 1.924E-23
 412 2280.5  4.064E+00 5.145E-02 2.334E-25 4.536E-24
 413 2285.7  4.022E+00 5.448E-02 5.568E-26 1.022E-24
 414 2290.9  3.981E+00 5.028E-02 1.043E-26 2.075E-25
 415 2296.2  3.940E+00 4.940E-02 2.071E-27 4.193E-26
 416 2301.5  3.900E+00 4.792E-02 3.977E-28 8.299E-27
 417 2306.8  3.860E+00 6.023E-02 1.107E-28 1.838E-27
 418 2312.2  3.820E+00 4.720E-02 1.689E-29 3.579E-28
 419 2317.5  3.781E+00 5.539E-02 3.425E-30 6.184E-29
 420 2322.9  3.741E+00 5.678E-02 5.407E-31 9.522E-30
 421 2328.3  3.702E+00 5.140E-02 6.683E-32 1.300E-30
 422 2333.7  3.664E+00 4.677E-02 1.158E-32 2.476E-31
 423 2339.2  3.626E+00 4.205E-02 1.713E-33 4.072E-32
 424 2344.7  3.588E+00 3.790E-02 1.546E-34 4.079E-33
 425 2350.2  3.551E+00 4.593E-02 2.864E-35 6.236E-34
 426 2355.7  3.514E+00 5.672E-02 6.300E-36 1.111E-34
 427 2361.3  3.477E+00 4.961E-02 5.974E-37 1.204E-35
 428 2366.9  3.440E+00 4.837E-02 7.899E-38 1.633E-36
 429 2372.5  3.404E+00 5.323E-02 1.247E-38 2.343E-37
 430 2378.2  3.368E+00 4.954E-02 1.362E-39 2.751E-38
 431 2383.8  3.332E+00 3.920E-02 1.334E-40 3.404E-39
 432 2389.4  3.297E+00 4.709E-02 2.502E-41 5.314E-40
 433 2395.2  3.262E+00 4.436E-02 1.941E-42 4.376E-41
 434 2400.9  3.227E+00 4.382E-02 1.900E-43 4.335E-42
 435 2406.7  3.193E+00 3.933E-02 3.497E-44 8.890E-43
 436 2412.6  3.159E+00 4.349E-02 3.915E-45 9.003E-44
 437 2418.4  3.125E+00 6.294E-02 6.648E-46 1.056E-44
 438 2424.2  3.092E+00 7.230E-02 1.472E-45 2.036E-44
 439 2430.1  3.058E+00 7.332E-02 1.554E-46 2.119E-45
 440 2436.1  3.025E+00 6.667E-02 1.010E-47 1.515E-46
 441 2442.0  2.993E+00 6.764E-02 1.986E-48 2.935E-47
 442 2448.0  2.961E+00 5.894E-02 4.794E-49 8.133E-48
 443 2454.0  2.928E+00 5.126E-02 2.838E-50 5.537E-49
 444 2460.1  2.897E+00 5.015E-02 3.427E-51 6.833E-50
 445 2466.1  2.865E+00 5.137E-02 1.848E-51 3.597E-50
 446 2472.1  2.834E+00 5.640E-02 3.857E-52 6.839E-51
 447 2478.3  2.803E+00 5.606E-02 7.486E-53 1.335E-51
 448 2484.5  2.772E+00 4.697E-02 1.521E-53 3.238E-52
 449 2490.7  2.742E+00 4.445E-02 2.049E-54 4.609E-53
 450 2496.9  2.712E+00 6.412E-02 7.165E-55 1.117E-53
 451 2503.2  2.682E+00 6.400E-02 6.473E-55 1.012E-53
 452 2509.4  2.653E+00 5.619E-02 5.806E-55 1.033E-53
 453 2515.8  2.623E+00 4.520E-02 4.550E-56 1.007E-54
 454 2522.1  2.594E+00 4.222E-02 1.647E-56 3.902E-55
 455 2528.4  2.565E+00 4.386E-02 3.811E-56 8.690E-55
 456 2534.8  2.537E+00 5.354E-02 1.840E-56 3.436E-55
 457 2541.3  2.509E+00 5.788E-02 1.662E-56 2.872E-55
 458 2547.8  2.481E+00 6.165E-02 1.542E-56 2.502E-55
 459 2554.2  2.453E+00 8.123E-02 6.787E-57 8.356E-56
 460 2560.8  2.426E+00 9.049E-02 2.446E-56 2.703E-55
 461 2567.4  2.398E+00 1.128E-01 1.559E-55 1.382E-54
 462 2574.0  2.371E+00 1.268E-01 3.452E-55 2.722E-54
 463 2580.7  2.345E+00 1.373E-01 3.271E-55 2.383E-54
 464 2587.3  2.318E+00 1.233E-01 1.096E-55 8.883E-55
 465 2594.1  2.292E+00 1.154E-01 2.039E-54 1.767E-53
 466 2600.8  2.266E+00 8.971E-02 1.476E-53 1.646E-52
 467 2607.6  2.240E+00 8.767E-02 9.053E-54 1.033E-52
 468 2614.4  2.214E+00 8.788E-02 1.191E-52 1.355E-51
 469 2621.2  2.189E+00 1.094E-01 5.976E-52 5.462E-51
 470 2628.1  2.164E+00 1.040E-01 4.403E-51 4.234E-50
 471 2635.1  2.139E+00 1.585E-01 2.346E-49 1.480E-48
 472 2642.0  2.115E+00 2.627E-01 6.122E-49 2.331E-48
 473 2649.0  2.090E+00 2.404E-01 3.992E-48 1.661E-47
 474 2656.1  2.066E+00 2.713E-01 7.391E-47 2.724E-46
 475 2663.1  2.042E+00 2.608E-01 7.312E-46 2.804E-45
 476 2670.2  2.018E+00 2.535E-01 2.702E-44 1.066E-43
 477 2677.4  1.995E+00 2.618E-01 2.841E-43 1.085E-42
 478 2684.6  1.972E+00 2.575E-01 6.912E-42 2.684E-41
 479 2691.8  1.949E+00 2.451E-01 1.647E-40 6.718E-40
 480 2699.1  1.926E+00 2.587E-01 1.352E-39 5.226E-39
 481 2706.3  1.903E+00 2.792E-01 5.066E-38 1.815E-37
 482 2713.7  1.881E+00 2.494E-01 1.130E-36 4.531E-36
 483 2721.1  1.859E+00 1.902E-01 1.299E-35 6.829E-35
 484 2728.5  1.837E+00 2.263E-01 3.597E-34 1.589E-33
 485 2735.9  1.815E+00 1.974E-01 1.281E-32 6.489E-32
 486 2743.5  1.794E+00 1.397E-01 3.174E-31 2.272E-30
 487 2751.1  1.772E+00 1.557E-01 5.939E-30 3.813E-29
 488 2758.6  1.751E+00 2.121E-01 1.594E-28 7.515E-28
 489 2766.2  1.730E+00 2.558E-01 4.275E-27 1.671E-26
 490 2773.9  1.709E+00 2.569E-01 8.814E-26 3.431E-25
 491 2781.7  1.689E+00 1.875E-01 1.297E-24 6.914E-24
 492 2789.4  1.669E+00 1.354E-01 2.438E-23 1.801E-22
 493 2797.2  1.648E+00 8.132E-02 2.516E-22 3.094E-21
 494 2805.1  1.629E+00 9.790E-02 5.163E-21 5.274E-20
 495 2812.9  1.609E+00 1.921E-01 3.212E-19 1.672E-18
 496 2820.9  1.589E+00 2.792E-01 8.039E-18 2.880E-17
 497 2828.9  1.570E+00 3.235E-01 6.044E-17 1.869E-16
 498 2836.9  1.551E+00 3.239E-01 6.853E-16 2.116E-15
 499 2844.9  1.532E+00 2.570E-01 7.990E-15 3.109E-14
 500 2853.1  1.513E+00 1.401E-01 4.578E-14 3.268E-13
 501 2861.2  1.494E+00 2.826E-01 8.269E-13 2.926E-12
 502 2869.4  1.476E+00 3.659E-01 6.640E-12 1.815E-11
 503 2877.7  1.458E+00 3.310E-01 5.613E-11 1.696E-10
 504 2886.0  1.440E+00 3.428E-01 5.007E-10 1.461E-09
 505 2894.4  1.422E+00 4.682E-01 3.768E-09 8.047E-09
 506 2902.8  1.404E+00 6.167E-01 2.300E-08 3.730E-08
 507 2911.2  1.386E+00 6.155E-01 1.025E-07 1.665E-07
 508 2919.8  1.369E+00 5.713E-01 4.477E-07 7.836E-07
 509 2928.3  1.352E+00 5.279E-01 1.493E-06 2.828E-06
 510 2936.9  1.335E+00 5.470E-01 5.163E-06 9.438E-06
 511 2945.6  1.318E+00 5.216E-01 1.474E-05 2.826E-05
 512 2954.2  1.301E+00 5.615E-01 4.419E-05 7.870E-05
 513 2963.0  1.285E+00 5.575E-01 1.165E-04 2.090E-04
 514 2971.8  1.269E+00 4.783E-01 2.402E-04 5.023E-04
 515 2980.6  1.252E+00 5.294E-01 5.983E-04 1.130E-03
 516 2989.6  1.236E+00 4.960E-01 1.113E-03 2.243E-03
 517 2998.5  1.221E+00 4.648E-01 1.914E-03 4.118E-03
 518 3007.5  1.205E+00 4.431E-01 3.237E-03 7.307E-03
 519 3016.6  1.190E+00 4.699E-01 5.588E-03 1.189E-02
 520 3025.7  1.174E+00 5.187E-01 9.641E-03 1.859E-02
 521 3034.9  1.159E+00 6.473E-01 1.810E-02 2.797E-02
 522 3044.2  1.144E+00 6.183E-01 2.427E-02 3.925E-02
 523 3053.4  1.129E+00 6.420E-01 3.542E-02 5.516E-02
 524 3062.8  1.114E+00 5.638E-01 4.043E-02 7.172E-02
 525 3072.2  1.100E+00 6.284E-01 5.911E-02 9.406E-02
 526 3081.7  1.085E+00 6.508E-01 7.703E-02 1.184E-01
 527 3091.2  1.071E+00 5.660E-01 8.066E-02 1.425E-01
 528 3100.8  1.057E+00 5.362E-01 9.239E-02 1.723E-01
 529 3110.4  1.043E+00 7.776E-01 1.512E-01 1.944E-01
 530 3120.2  1.029E+00 6.951E-01 1.574E-01 2.265E-01
 531 3129.9  1.016E+00 7.004E-01 1.809E-01 2.583E-01
 532 3139.8  1.002E+00 7.325E-01 2.119E-01 2.893E-01
 533 3149.6  9.886E-01 6.813E-01 2.194E-01 3.220E-01
 534 3159.6  9.754E-01 5.985E-01 2.099E-01 3.507E-01
 535 3169.6  9.622E-01 7.619E-01 2.906E-01 3.814E-01
 536 3179.6  9.493E-01 7.239E-01 2.970E-01 4.103E-01
 537 3189.8  9.365E-01 7.041E-01 3.074E-01 4.367E-01
 538 3200.0  9.238E-01 7.954E-01 3.628E-01 4.561E-01
 539 3210.2  9.113E-01 7.579E-01 3.737E-01 4.930E-01
 540 3220.6  8.989E-01 7.435E-01 3.769E-01 5.069E-01
 541 3231.0  8.866E-01 6.604E-01 3.478E-01 5.267E-01
 542 3241.5  8.745E-01 7.627E-01 4.254E-01 5.577E-01
 543 3252.1  8.624E-01 8.479E-01 4.747E-01 5.598E-01
 544 3262.7  8.506E-01 1.010E+00 5.902E-01 5.842E-01
 545 3273.3  8.388E-01 9.921E-01 5.914E-01 5.961E-01
 546 3284.1  8.272E-01 9.435E-01 5.691E-01 6.032E-01
 547 3294.9  8.157E-01 1.100E+00 6.951E-01 6.321E-01
 548 3305.8  8.044E-01 1.041E+00 6.564E-01 6.303E-01
 549 3316.8  7.931E-01 1.005E+00 6.409E-01 6.377E-01
 550 3327.8  7.819E-01 9.758E-01 6.428E-01 6.588E-01
 551 3338.9  7.710E-01 9.516E-01 6.301E-01 6.621E-01
 552 3350.1  7.601E-01 1.011E+00 6.810E-01 6.733E-01
 553 3361.3  7.494E-01 8.890E-01 6.062E-01 6.819E-01
 554 3372.7  7.388E-01 8.586E-01 5.858E-01 6.823E-01
 555 3384.1  7.282E-01 9.485E-01 6.553E-01 6.909E-01
 556 3395.6  7.179E-01 1.008E+00 7.025E-01 6.969E-01
 557 3407.2  7.075E-01 1.022E+00 7.180E-01 7.022E-01
 558 3418.8  6.974E-01 9.797E-01 6.970E-01 7.115E-01
 559 3430.6  6.874E-01 1.040E+00 7.441E-01 7.153E-01
 560 3442.4  6.775E-01 8.392E-01 6.028E-01 7.184E-01
 561 3454.2  6.676E-01 9.750E-01 7.048E-01 7.229E-01
 562 3466.2  6.580E-01 9.653E-01 7.024E-01 7.276E-01
 563 3478.2  6.484E-01 9.291E-01 6.806E-01 7.325E-01
 564 3490.4  6.389E-01 9.296E-01 6.850E-01 7.369E-01
 565 3502.7  6.295E-01 1.051E+00 7.784E-01 7.409E-01
 566 3514.9  6.202E-01 1.028E+00 7.654E-01 7.447E-01
 567 3527.3  6.111E-01 9.648E-01 7.222E-01 7.485E-01
 568 3539.8  6.020E-01 1.127E+00 8.486E-01 7.528E-01
 569 3552.4  5.931E-01 1.114E+00 8.433E-01 7.568E-01
 570 3565.1  5.843E-01 9.549E-01 7.260E-01 7.603E-01
 571 3577.8  5.756E-01 8.137E-01 6.215E-01 7.638E-01
 572 3590.6  5.670E-01 8.845E-01 6.791E-01 7.678E-01
 573 3603.6  5.584E-01 1.040E+00 8.023E-01 7.714E-01
 574 3616.6  5.500E-01 9.341E-01 7.241E-01 7.751E-01
 575 3629.8  5.417E-01 1.057E+00 8.231E-01 7.790E-01
 576 3643.0  5.334E-01 1.067E+00 8.347E-01 7.824E-01
 577 3656.3  5.253E-01 1.225E+00 9.624E-01 7.858E-01
 578 3669.8  5.173E-01 1.260E+00 9.951E-01 7.896E-01
 579 3683.2  5.093E-01 1.161E+00 9.207E-01 7.932E-01
 580 3696.8  5.015E-01 1.288E+00 1.026E+00 7.968E-01
 581 3710.6  4.938E-01 1.204E+00 9.630E-01 8.002E-01
 582 3724.4  4.861E-01 1.105E+00 8.883E-01 8.037E-01
 583 3738.3  4.786E-01 9.608E-01 7.758E-01 8.074E-01
 584 3752.4  4.711E-01 1.030E+00 8.355E-01 8.108E-01
 585 3766.5  4.637E-01 1.140E+00 9.284E-01 8.143E-01
 586 3780.8  4.565E-01 1.385E+00 1.133E+00 8.180E-01
 587 3795.1  4.493E-01 1.131E+00 9.288E-01 8.213E-01
 588 3809.6  4.422E-01 1.225E+00 1.010E+00 8.246E-01
 589 3824.1  4.352E-01 8.587E-01 7.113E-01 8.283E-01
 590 3838.8  4.282E-01 8.091E-01 6.729E-01 8.317E-01
 591 3853.6  4.214E-01 1.043E+00 8.711E-01 8.351E-01
 592 3868.5  4.146E-01 1.035E+00 8.678E-01 8.386E-01
 593 3883.6  4.080E-01 1.023E+00 8.613E-01 8.419E-01
 594 3898.6  4.014E-01 1.224E+00 1.035E+00 8.453E-01
 595 3913.9  3.949E-01 1.305E+00 1.108E+00 8.487E-01
 596 3929.3  3.885E-01 8.235E-01 7.018E-01 8.522E-01
 597 3944.8  3.821E-01 1.014E+00 8.677E-01 8.556E-01
 598 3960.4  3.759E-01 1.087E+00 9.341E-01 8.590E-01
 599 3976.2  3.697E-01 1.060E+00 9.142E-01 8.621E-01
 600 3992.1  3.636E-01 1.604E+00 1.387E+00 8.652E-01
 601 4008.1  3.576E-01 1.719E+00 1.494E+00 8.691E-01
 602 4024.2  3.516E-01 1.783E+00 1.557E+00 8.735E-01
 603 4040.4  3.458E-01 1.711E+00 1.501E+00 8.773E-01
 604 4056.8  3.400E-01 1.683E+00 1.482E+00 8.811E-01
 605 4073.3  3.343E-01 1.648E+00 1.458E+00 8.846E-01
 606 4090.0  3.287E-01 1.747E+00 1.552E+00 8.881E-01
 607 4106.8  3.231E-01 1.639E+00 1.461E+00 8.916E-01
 608 4123.7  3.176E-01 1.809E+00 1.619E+00 8.949E-01
 609 4140.8  3.122E-01 1.772E+00 1.591E+00 8.982E-01
 610 4158.0  3.069E-01 1.822E+00 1.643E+00 9.015E-01
 611 4175.4  3.016E-01 1.729E+00 1.564E+00 9.047E-01
 612 4192.9  2.964E-01 1.738E+00 1.578E+00 9.079E-01
 613 4210.5  2.913E-01 1.775E+00 1.617E+00 9.111E-01
 614 4228.4  2.862E-01 1.728E+00 1.580E+00 9.141E-01
 615 4246.3  2.812E-01 1.779E+00 1.631E+00 9.171E-01
 616 4264.4  2.763E-01 1.730E+00 1.592E+00 9.202E-01
 617 4282.6  2.714E-01 1.638E+00 1.512E+00 9.233E-01
 618 4301.1  2.667E-01 1.371E+00 1.270E+00 9.264E-01
 619 4319.6  2.619E-01 1.606E+00 1.493E+00 9.293E-01
 620 4338.4  2.573E-01 1.678E+00 1.564E+00 9.323E-01
 621 4357.3  2.527E-01 1.819E+00 1.701E+00 9.353E-01
 622 4376.4  2.481E-01 1.731E+00 1.624E+00 9.381E-01
 623 4395.6  2.437E-01 1.817E+00 1.709E+00 9.408E-01
 624 4415.1  2.393E-01 1.935E+00 1.825E+00 9.433E-01
 625 4434.6  2.349E-01 1.972E+00 1.866E+00 9.461E-01
 626 4454.4  2.307E-01 1.905E+00 1.808E+00 9.492E-01
 627 4474.3  2.264E-01 2.009E+00 1.913E+00 9.521E-01
 628 4494.4  2.223E-01 2.061E+00 1.967E+00 9.547E-01
 629 4514.7  2.182E-01 2.154E+00 2.063E+00 9.574E-01
 630 4535.2  2.141E-01 2.000E+00 1.921E+00 9.602E-01
 631 4555.9  2.101E-01 2.080E+00 2.003E+00 9.627E-01
 632 4576.7  2.062E-01 2.094E+00 2.020E+00 9.648E-01
 633 4597.8  2.023E-01 2.078E+00 2.009E+00 9.666E-01
 634 4619.0  1.985E-01 2.131E+00 2.065E+00 9.689E-01
 635 4640.4  1.948E-01 2.077E+00 2.019E+00 9.718E-01
 636 4662.0  1.911E-01 2.031E+00 1.980E+00 9.748E-01
 637 4683.9  1.874E-01 2.048E+00 2.001E+00 9.771E-01
 638 4705.9  1.838E-01 2.010E+00 1.968E+00 9.794E-01
 639 4728.1  1.803E-01 2.077E+00 2.039E+00 9.818E-01
 640 4750.6  1.768E-01 2.112E+00 2.078E+00 9.839E-01
 641 4773.3  1.734E-01 2.090E+00 2.059E+00 9.852E-01
 642 4796.2  1.700E-01 2.099E+00 2.070E+00 9.861E-01
 643 4819.3  1.667E-01 2.111E+00 2.084E+00 9.873E-01
 644 4842.6  1.634E-01 2.041E+00 2.020E+00 9.898E-01
 645 4866.2  1.601E-01 1.771E+00 1.758E+00 9.929E-01
 646 4890.0  1.570E-01 1.997E+00 1.987E+00 9.952E-01
 647 4914.1  1.538E-01 1.971E+00 1.965E+00 9.970E-01
 648 4938.3  1.508E-01 2.008E+00 2.006E+00 9.990E-01
 649 4962.8  1.477E-01 2.024E+00 2.025E+00 1.001E+00
 650 4987.6  1.447E-01 1.974E+00 1.977E+00 1.001E+00
 651 5012.6  1.418E-01 1.869E+00 1.870E+00 1.001E+00
 652 5037.8  1.389E-01 1.942E+00 1.943E+00 1.001E+00
 653 5063.3  1.360E-01 1.979E+00 1.982E+00 1.002E+00
 654 5089.1  1.332E-01 1.877E+00 1.885E+00 1.004E+00
 655 5115.1  1.305E-01 1.944E+00 1.958E+00 1.007E+00
 656 5141.4  1.278E-01 1.856E+00 1.871E+00 1.008E+00
 657 5168.0  1.251E-01 1.760E+00 1.776E+00 1.009E+00
 658 5194.8  1.225E-01 1.780E+00 1.799E+00 1.010E+00
 659 5222.0  1.199E-01 1.847E+00 1.867E+00 1.011E+00
 660 5249.4  1.173E-01 1.914E+00 1.934E+00 1.010E+00
 661 5277.1  1.148E-01 1.801E+00 1.816E+00 1.009E+00
 662 5305.1  1.124E-01 1.937E+00 1.952E+00 1.008E+00
 663 5333.4  1.100E-01 1.855E+00 1.870E+00 1.008E+00
 664 5362.0  1.076E-01 1.905E+00 1.924E+00 1.010E+00
 665 5390.9  1.052E-01 1.878E+00 1.898E+00 1.011E+00
 666 5420.1  1.029E-01 1.842E+00 1.863E+00 1.011E+00
 667 5449.6  1.007E-01 1.901E+00 1.922E+00 1.011E+00
 668 5479.5  9.844E-02 1.888E+00 1.910E+00 1.012E+00
 669 5509.7  9.626E-02 1.898E+00 1.921E+00 1.012E+00
 670 5540.2  9.411E-02 1.890E+00 1.915E+00 1.013E+00
 671 5571.1  9.200E-02 1.853E+00 1.876E+00 1.012E+00
 672 5602.3  8.993E-02 1.813E+00 1.832E+00 1.011E+00
 673 5633.9  8.789E-02 1.855E+00 1.872E+00 1.009E+00
 674 5665.8  8.589E-02 1.818E+00 1.833E+00 1.008E+00
 675 5698.1  8.392E-02 1.795E+00 1.808E+00 1.007E+00
 676 5730.7  8.198E-02 1.863E+00 1.877E+00 1.007E+00
 677 5763.7  8.009E-02 1.835E+00 1.852E+00 1.009E+00
 678 5797.1  7.822E-02 1.814E+00 1.836E+00 1.012E+00
 679 5831.0  7.639E-02 1.847E+00 1.876E+00 1.015E+00
 680 5865.2  7.459E-02 1.806E+00 1.838E+00 1.018E+00
 681 5899.8  7.282E-02 1.727E+00 1.760E+00 1.019E+00
 682 5934.8  7.109E-02 1.787E+00 1.821E+00 1.019E+00
 683 5970.2  6.939E-02 1.773E+00 1.802E+00 1.017E+00
 684 6006.1  6.772E-02 1.741E+00 1.767E+00 1.015E+00
 685 6042.4  6.608E-02 1.754E+00 1.783E+00 1.017E+00
 686 6079.1  6.447E-02 1.748E+00 1.784E+00 1.021E+00
 687 6116.3  6.289E-02 1.724E+00 1.768E+00 1.026E+00
 688 6153.9  6.134E-02 1.670E+00 1.721E+00 1.031E+00
 689 6192.0  5.982E-02 1.699E+00 1.759E+00 1.035E+00
 690 6230.6  5.833E-02 1.666E+00 1.731E+00 1.039E+00
 691 6269.6  5.687E-02 1.673E+00 1.745E+00 1.043E+00
 692 6309.2  5.543E-02 1.657E+00 1.734E+00 1.047E+00
 693 6349.2  5.403E-02 1.643E+00 1.727E+00 1.051E+00
 694 6389.9  5.265E-02 1.641E+00 1.732E+00 1.055E+00
 695 6431.0  5.129E-02 1.613E+00 1.709E+00 1.060E+00
 696 6472.6  4.997E-02 1.610E+00 1.713E+00 1.063E+00
 697 6514.7  4.867E-02 1.583E+00 1.689E+00 1.067E+00
 698 6557.4  4.740E-02 1.463E+00 1.566E+00 1.071E+00
 699 6600.7  4.615E-02 1.553E+00 1.668E+00 1.074E+00
 700 6644.6  4.493E-02 1.532E+00 1.650E+00 1.078E+00
 701 6689.0  4.373E-02 1.539E+00 1.664E+00 1.081E+00
 702 6734.1  4.255E-02 1.537E+00 1.667E+00 1.085E+00
 703 6779.8  4.140E-02 1.514E+00 1.646E+00 1.088E+00
 704 6826.0  4.028E-02 1.492E+00 1.627E+00 1.090E+00
 705 6873.0  3.918E-02 1.496E+00 1.636E+00 1.093E+00
 706 6920.5  3.810E-02 1.465E+00 1.605E+00 1.096E+00
 707 6968.7  3.704E-02 1.463E+00 1.608E+00 1.099E+00
 708 7017.6  3.601E-02 1.446E+00 1.592E+00 1.102E+00
 709 7067.2  3.500E-02 1.441E+00 1.591E+00 1.104E+00
 710 7117.5  3.401E-02 1.402E+00 1.549E+00 1.105E+00
 711 7168.5  3.304E-02 1.370E+00 1.517E+00 1.107E+00
 712 7220.3  3.209E-02 1.360E+00 1.509E+00 1.109E+00
 713 7272.9  3.117E-02 1.338E+00 1.486E+00 1.111E+00
 714 7326.1  3.026E-02 1.333E+00 1.483E+00 1.113E+00
 715 7380.1  2.938E-02 1.306E+00 1.455E+00 1.114E+00
 716 7435.0  2.851E-02 1.291E+00 1.439E+00 1.115E+00
 717 7490.8  2.766E-02 1.286E+00 1.435E+00 1.116E+00
 718 7547.3  2.684E-02 1.277E+00 1.428E+00 1.118E+00
 719 7604.7  2.603E-02 1.251E+00 1.400E+00 1.120E+00
 720 7663.0  2.524E-02 1.225E+00 1.374E+00 1.121E+00
 721 7722.1  2.447E-02 1.207E+00 1.354E+00 1.121E+00
 722 7782.2  2.371E-02 1.191E+00 1.336E+00 1.122E+00
 723 7843.2  2.298E-02 1.173E+00 1.317E+00 1.123E+00
 724 7905.2  2.226E-02 1.159E+00 1.304E+00 1.125E+00
 725 7968.2  2.156E-02 1.138E+00 1.282E+00 1.126E+00
 726 8032.2  2.087E-02 1.128E+00 1.272E+00 1.127E+00
 727 8097.3  2.021E-02 1.118E+00 1.260E+00 1.127E+00
 728 8163.4  1.956E-02 1.105E+00 1.246E+00 1.128E+00
 729 8230.6  1.892E-02 1.076E+00 1.214E+00 1.129E+00
 730 8298.9  1.830E-02 1.066E+00 1.206E+00 1.131E+00
 731 8368.3  1.770E-02 1.043E+00 1.181E+00 1.132E+00
 732 8439.0  1.711E-02 1.027E+00 1.163E+00 1.132E+00
 733 8510.8  1.654E-02 9.429E-01 1.068E+00 1.132E+00
 734 8583.9  1.598E-02 9.775E-01 1.107E+00 1.133E+00
 735 8658.2  1.543E-02 9.655E-01 1.095E+00 1.134E+00
 736 8733.8  1.490E-02 9.832E-01 1.116E+00 1.135E+00
 737 8810.8  1.438E-02 9.527E-01 1.082E+00 1.136E+00
 738 8889.1  1.388E-02 9.335E-01 1.061E+00 1.136E+00
 739 8968.8  1.339E-02 9.153E-01 1.040E+00 1.137E+00
 740 9050.0  1.292E-02 8.918E-01 1.014E+00 1.137E+00
 741 9132.6  1.245E-02 8.811E-01 1.003E+00 1.138E+00
 742 9216.8  1.200E-02 8.526E-01 9.711E-01 1.139E+00
 743 9302.5  1.156E-02 8.536E-01 9.727E-01 1.139E+00
 744 9389.9  1.114E-02 8.303E-01 9.464E-01 1.140E+00
 745 9478.9  1.072E-02 8.202E-01 9.353E-01 1.140E+00
 746 9569.6  1.032E-02 7.969E-01 9.092E-01 1.141E+00
 747 9662.0  9.931E-03 7.851E-01 8.962E-01 1.142E+00
 748 9756.3  9.552E-03 7.699E-01 8.792E-01 1.142E+00
 749 9852.5  9.184E-03 7.565E-01 8.642E-01 1.142E+00
 750 9950.5  8.826E-03 7.427E-01 8.489E-01 1.143E+00


 PHOTOLYSIS RATES

     Z      PO2_O1D    PO2_O3P    PH2O_1     PH2O_2     PH2O_3     PO3_O1D    PO3_O      PO3_3O     
 2.50E+04   0.00E+00   9.44E-24   2.82E-24   0.00E+00   0.00E+00   6.85E-06   2.03E-04   1.20E-24
 1.75E+05   0.00E+00   3.97E-22   2.21E-22   0.00E+00   0.00E+00   7.93E-06   2.09E-04   3.36E-21
 3.25E+05   0.00E+00   1.17E-20   1.08E-20   0.00E+00   0.00E+00   8.86E-06   2.15E-04   1.10E-18
 4.75E+05   0.00E+00   2.26E-19   2.96E-19   0.00E+00   0.00E+00   9.66E-06   2.20E-04   7.24E-17
 6.25E+05   0.00E+00   2.93E-18   4.81E-18   0.00E+00   0.00E+00   1.03E-05   2.26E-04   1.76E-15
 7.75E+05   0.00E+00   2.68E-17   5.14E-17   0.00E+00   0.00E+00   1.10E-05   2.30E-04   2.35E-14
 9.25E+05   0.00E+00   1.83E-16   3.95E-16   0.00E+00   0.00E+00   1.16E-05   2.35E-04   2.10E-13
 1.08E+06   0.00E+00   9.57E-16   2.27E-15   0.00E+00   0.00E+00   1.22E-05   2.39E-04   1.36E-12
 1.22E+06   0.00E+00   3.77E-15   9.71E-15   0.00E+00   0.00E+00   1.30E-05   2.42E-04   6.36E-12
 1.38E+06   0.00E+00   1.20E-14   3.29E-14   0.00E+00   0.00E+00   1.38E-05   2.46E-04   2.32E-11
 1.52E+06   0.00E+00   3.32E-14   9.60E-14   0.00E+00   0.00E+00   1.48E-05   2.50E-04   7.16E-11
 1.68E+06   0.00E+00   8.52E-14   2.57E-13   0.00E+00   0.00E+00   1.63E-05   2.54E-04   1.99E-10
 1.82E+06   0.00E+00   2.07E-13   6.49E-13   0.00E+00   0.00E+00   1.85E-05   2.58E-04   5.14E-10
 1.98E+06   0.00E+00   4.81E-13   1.57E-12   0.00E+00   0.00E+00   2.17E-05   2.61E-04   1.24E-09
 2.12E+06   0.00E+00   1.06E-12   3.61E-12   0.00E+00   0.00E+00   2.62E-05   2.64E-04   2.79E-09
 2.28E+06   0.00E+00   2.21E-12   7.84E-12   0.00E+00   0.00E+00   3.24E-05   2.68E-04   5.83E-09
 2.42E+06   0.00E+00   4.32E-12   1.60E-11   0.00E+00   0.00E+00   4.11E-05   2.71E-04   1.13E-08
 2.58E+06   2.64-154   7.96E-12   3.04E-11   1.20-151   1.80-151   5.31E-05   2.74E-04   2.03E-08
 2.72E+06   3.46-126   1.39E-11   5.43E-11   1.57-123   2.35-123   6.99E-05   2.78E-04   3.39E-08
 2.88E+06   8.66-104   2.29E-11   9.20E-11   3.92-101   5.88-101   9.32E-05   2.82E-04   5.28E-08
 3.02E+06   5.60E-86   3.59E-11   1.49E-10   2.54E-83   3.80E-83   1.25E-04   2.87E-04   7.73E-08
 3.18E+06   7.65E-72   5.36E-11   2.34E-10   3.47E-69   5.20E-69   1.69E-04   2.94E-04   1.07E-07
 3.32E+06   1.24E-60   7.67E-11   3.57E-10   5.60E-58   8.39E-58   2.27E-04   3.01E-04   1.41E-07
 3.48E+06   9.67E-52   1.05E-10   5.26E-10   4.38E-49   6.57E-49   3.06E-04   3.11E-04   1.79E-07
 3.62E+06   1.15E-44   1.39E-10   7.45E-10   5.20E-42   7.80E-42   4.17E-04   3.24E-04   2.18E-07
 3.78E+06   5.06E-39   1.78E-10   1.01E-09   2.29E-36   3.44E-36   5.82E-04   3.43E-04   2.58E-07
 3.92E+06   1.68E-34   2.19E-10   1.33E-09   7.59E-32   1.14E-31   8.32E-04   3.71E-04   2.97E-07
 4.08E+06   7.38E-31   2.61E-10   1.68E-09   3.34E-28   5.01E-28   1.18E-03   4.10E-04   3.35E-07
 4.22E+06   6.93E-28   3.00E-10   2.06E-09   3.14E-25   4.70E-25   1.59E-03   4.55E-04   3.70E-07
 4.38E+06   2.01E-25   3.36E-10   2.47E-09   9.12E-23   1.37E-22   2.01E-03   5.03E-04   4.03E-07
 4.52E+06   2.36E-23   3.70E-10   2.91E-09   1.07E-20   1.60E-20   2.40E-03   5.47E-04   4.35E-07
 4.68E+06   1.29E-21   4.02E-10   3.42E-09   5.86E-19   8.79E-19   2.74E-03   5.85E-04   4.65E-07
 4.82E+06   3.70E-20   4.33E-10   4.03E-09   1.67E-17   2.51E-17   3.02E-03   6.16E-04   4.93E-07
 4.98E+06   6.01E-19   4.66E-10   4.80E-09   2.72E-16   4.08E-16   3.23E-03   6.40E-04   5.20E-07
 5.12E+06   6.03E-18   5.02E-10   5.79E-09   2.73E-15   4.10E-15   3.39E-03   6.58E-04   5.47E-07
 5.28E+06   4.04E-17   5.41E-10   7.05E-09   1.83E-14   2.74E-14   3.51E-03   6.71E-04   5.73E-07
 5.42E+06   1.92E-16   5.84E-10   8.58E-09   8.70E-14   1.31E-13   3.59E-03   6.81E-04   5.98E-07
 5.58E+06   6.92E-16   6.31E-10   1.04E-08   3.13E-13   4.69E-13   3.66E-03   6.88E-04   6.22E-07
 5.72E+06   2.05E-15   6.83E-10   1.24E-08   9.06E-13   1.36E-12   3.70E-03   6.92E-04   6.46E-07
 5.88E+06   6.46E-15   7.42E-10   1.47E-08   2.46E-12   3.69E-12   3.73E-03   6.96E-04   6.69E-07
 6.02E+06   3.24E-14   8.11E-10   1.72E-08   8.83E-12   1.33E-11   3.75E-03   6.98E-04   6.91E-07
 6.18E+06   1.99E-13   8.91E-10   2.03E-08   4.39E-11   6.59E-11   3.76E-03   7.00E-04   7.13E-07
 6.32E+06   1.01E-12   9.87E-10   2.47E-08   2.08E-10   3.13E-10   3.77E-03   7.01E-04   7.36E-07
 6.48E+06   3.98E-12   1.10E-09   3.29E-08   7.96E-10   1.19E-09   3.77E-03   7.02E-04   7.64E-07
 6.62E+06   1.23E-11   1.26E-09   4.98E-08   2.43E-09   3.64E-09   3.78E-03   7.02E-04   8.07E-07
 6.78E+06   3.13E-11   1.46E-09   8.29E-08   6.06E-09   9.09E-09   3.78E-03   7.03E-04   8.77E-07
 6.92E+06   6.72E-11   1.75E-09   1.41E-07   1.28E-08   1.92E-08   3.78E-03   7.03E-04   9.91E-07
 7.08E+06   1.25E-10   2.15E-09   2.31E-07   2.36E-08   3.54E-08   3.78E-03   7.03E-04   1.16E-06
 7.22E+06   2.08E-10   2.70E-09   3.56E-07   3.88E-08   5.82E-08   3.78E-03   7.03E-04   1.39E-06
 7.38E+06   3.14E-10   3.43E-09   5.14E-07   5.79E-08   8.69E-08   3.78E-03   7.03E-04   1.68E-06
 7.52E+06   4.36E-10   4.36E-09   6.95E-07   7.98E-08   1.20E-07   3.78E-03   7.03E-04   2.00E-06
 7.68E+06   5.68E-10   5.52E-09   8.88E-07   1.03E-07   1.55E-07   3.78E-03   7.03E-04   2.34E-06
 7.82E+06   7.08E-10   6.94E-09   1.09E-06   1.26E-07   1.90E-07   3.78E-03   7.03E-04   2.68E-06
 7.98E+06   8.65E-10   8.65E-09   1.28E-06   1.49E-07   2.23E-07   3.79E-03   7.03E-04   3.02E-06
 8.12E+06   1.07E-09   1.07E-08   1.47E-06   1.70E-07   2.56E-07   3.79E-03   7.03E-04   3.34E-06
 8.28E+06   1.36E-09   1.32E-08   1.66E-06   1.91E-07   2.87E-07   3.79E-03   7.03E-04   3.66E-06
 8.42E+06   1.78E-09   1.63E-08   1.85E-06   2.12E-07   3.18E-07   3.79E-03   7.03E-04   3.98E-06
 8.58E+06   2.41E-09   2.02E-08   2.06E-06   2.33E-07   3.49E-07   3.79E-03   7.03E-04   4.32E-06
 8.72E+06   3.42E-09   2.50E-08   2.27E-06   2.54E-07   3.80E-07   3.79E-03   7.03E-04   4.66E-06
 8.88E+06   5.24E-09   3.07E-08   2.49E-06   2.76E-07   4.11E-07   3.79E-03   7.04E-04   5.01E-06
 9.02E+06   8.91E-09   3.72E-08   2.72E-06   2.97E-07   4.42E-07   3.79E-03   7.04E-04   5.36E-06
 9.18E+06   1.64E-08   4.44E-08   2.97E-06   3.18E-07   4.71E-07   3.79E-03   7.04E-04   5.70E-06
 9.32E+06   3.11E-08   5.19E-08   3.24E-06   3.38E-07   4.99E-07   3.79E-03   7.04E-04   6.04E-06
 9.48E+06   5.92E-08   5.96E-08   3.55E-06   3.57E-07   5.24E-07   3.79E-03   7.04E-04   6.36E-06
 9.62E+06   1.13E-07   6.77E-08   3.92E-06   3.75E-07   5.46E-07   3.79E-03   7.04E-04   6.67E-06
 9.78E+06   2.26E-07   7.70E-08   4.39E-06   3.93E-07   5.67E-07   3.79E-03   7.04E-04   6.99E-06
 9.92E+06   6.34E-07   9.80E-08   5.08E-06   4.13E-07   5.85E-07   3.79E-03   7.04E-04   7.38E-06

     Z      PH2O2      PCO2_1     PCO2_2     PH2CO_1    PH2CO_2    PHO2       PCH4_1     PCH4_2     
 2.50E+04   1.95E-06   9.56E-30   0.00E+00   1.65E-05   9.60E-06   7.12E-18   0.00E+00   0.00E+00
 1.75E+05   2.20E-06   4.69E-26   0.00E+00   1.90E-05   1.12E-05   2.93E-16   0.00E+00   0.00E+00
 3.25E+05   2.40E-06   1.89E-23   0.00E+00   2.11E-05   1.26E-05   8.49E-15   0.00E+00   0.00E+00
 4.75E+05   2.57E-06   1.33E-21   0.00E+00   2.31E-05   1.39E-05   1.61E-13   0.00E+00   0.00E+00
 6.25E+05   2.70E-06   3.33E-20   0.00E+00   2.49E-05   1.51E-05   2.06E-12   0.00E+00   0.00E+00
 7.75E+05   2.80E-06   4.48E-19   0.00E+00   2.65E-05   1.62E-05   1.87E-11   0.00E+00   0.00E+00
 9.25E+05   2.89E-06   4.01E-18   0.00E+00   2.79E-05   1.73E-05   1.27E-10   0.00E+00   0.00E+00
 1.08E+06   2.99E-06   2.60E-17   0.00E+00   2.93E-05   1.82E-05   6.57E-10   0.00E+00   0.00E+00
 1.22E+06   3.11E-06   1.22E-16   0.00E+00   3.04E-05   1.90E-05   2.57E-09   0.00E+00   0.00E+00
 1.38E+06   3.23E-06   4.43E-16   0.00E+00   3.14E-05   1.97E-05   8.09E-09   0.00E+00   0.00E+00
 1.52E+06   3.36E-06   1.37E-15   0.00E+00   3.24E-05   2.05E-05   2.23E-08   0.00E+00   0.00E+00
 1.68E+06   3.50E-06   3.85E-15   0.00E+00   3.33E-05   2.14E-05   5.65E-08   0.00E+00   0.00E+00
 1.82E+06   3.66E-06   1.02E-14   0.00E+00   3.42E-05   2.23E-05   1.36E-07   0.00E+00   0.00E+00
 1.98E+06   3.84E-06   2.59E-14   0.00E+00   3.50E-05   2.32E-05   3.13E-07   0.00E+00   0.00E+00
 2.12E+06   4.07E-06   6.24E-14   0.00E+00   3.58E-05   2.43E-05   6.82E-07   0.00E+00   0.00E+00
 2.28E+06   4.37E-06   1.41E-13   0.00E+00   3.65E-05   2.55E-05   1.40E-06   0.00E+00   0.00E+00
 2.42E+06   4.76E-06   2.98E-13   0.00E+00   3.72E-05   2.69E-05   2.73E-06   0.00E+00   0.00E+00
 2.58E+06   5.28E-06   5.82E-13   5.31-153   3.79E-05   2.83E-05   5.01E-06   4.32-151   8.38-151
 2.72E+06   5.98E-06   1.05E-12   6.95-125   3.87E-05   2.99E-05   8.68E-06   5.65-123   1.10-122
 2.88E+06   6.91E-06   1.78E-12   1.74-102   3.94E-05   3.16E-05   1.43E-05   1.41-100   2.74-100
 3.02E+06   8.12E-06   2.84E-12   1.13E-84   4.01E-05   3.34E-05   2.23E-05   9.14E-83   1.77E-82
 3.18E+06   9.65E-06   4.30E-12   1.54E-70   4.09E-05   3.53E-05   3.32E-05   1.25E-68   2.43E-68
 3.32E+06   1.15E-05   6.20E-12   2.48E-59   4.16E-05   3.71E-05   4.75E-05   2.02E-57   3.92E-57
 3.48E+06   1.38E-05   8.60E-12   1.94E-50   4.23E-05   3.89E-05   6.54E-05   1.58E-48   3.07E-48
 3.62E+06   1.64E-05   1.15E-11   2.31E-43   4.31E-05   4.07E-05   8.71E-05   1.87E-41   3.64E-41
 3.78E+06   1.95E-05   1.48E-11   1.02E-37   4.37E-05   4.23E-05   1.12E-04   8.26E-36   1.60E-35
 3.92E+06   2.32E-05   1.84E-11   3.37E-33   4.44E-05   4.38E-05   1.40E-04   2.74E-31   5.31E-31
 4.08E+06   2.73E-05   2.22E-11   1.48E-29   4.50E-05   4.51E-05   1.68E-04   1.21E-27   2.34E-27
 4.22E+06   3.16E-05   2.62E-11   1.39E-26   4.56E-05   4.61E-05   1.95E-04   1.13E-24   2.20E-24
 4.38E+06   3.56E-05   3.03E-11   4.05E-24   4.60E-05   4.69E-05   2.18E-04   3.29E-22   6.38E-22
 4.52E+06   3.91E-05   3.45E-11   4.73E-22   4.64E-05   4.75E-05   2.38E-04   3.85E-20   7.47E-20
 4.68E+06   4.21E-05   3.90E-11   2.60E-20   4.67E-05   4.80E-05   2.53E-04   2.11E-18   4.10E-18
 4.82E+06   4.44E-05   4.37E-11   7.43E-19   4.69E-05   4.84E-05   2.66E-04   6.04E-17   1.17E-16
 4.98E+06   4.62E-05   4.88E-11   1.21E-17   4.71E-05   4.86E-05   2.75E-04   9.81E-16   1.90E-15
 5.12E+06   4.76E-05   5.45E-11   1.21E-16   4.72E-05   4.88E-05   2.82E-04   9.85E-15   1.91E-14
 5.28E+06   4.86E-05   6.09E-11   8.11E-16   4.73E-05   4.90E-05   2.87E-04   6.59E-14   1.28E-13
 5.42E+06   4.94E-05   6.80E-11   3.86E-15   4.74E-05   4.91E-05   2.91E-04   3.14E-13   6.09E-13
 5.58E+06   4.99E-05   7.57E-11   1.39E-14   4.74E-05   4.91E-05   2.94E-04   1.13E-12   2.19E-12
 5.72E+06   5.03E-05   8.39E-11   4.03E-14   4.74E-05   4.92E-05   2.96E-04   3.28E-12   6.30E-12
 5.88E+06   5.06E-05   9.27E-11   1.12E-13   4.75E-05   4.92E-05   2.98E-04   9.20E-12   1.64E-11
 6.02E+06   5.08E-05   1.02E-10   4.28E-13   4.75E-05   4.92E-05   2.99E-04   3.60E-11   5.20E-11
 6.18E+06   5.10E-05   1.12E-10   2.23E-12   4.75E-05   4.93E-05   3.00E-04   1.91E-10   2.30E-10
 6.32E+06   5.11E-05   1.23E-10   1.08E-11   4.75E-05   4.93E-05   3.01E-04   9.26E-10   1.04E-09
 6.48E+06   5.12E-05   1.34E-10   4.13E-11   4.75E-05   4.93E-05   3.02E-04   3.56E-09   3.92E-09
 6.62E+06   5.13E-05   1.47E-10   1.26E-10   4.75E-05   4.93E-05   3.02E-04   1.08E-08   1.19E-08
 6.78E+06   5.13E-05   1.62E-10   3.15E-10   4.75E-05   4.93E-05   3.03E-04   2.71E-08   2.95E-08
 6.92E+06   5.14E-05   1.80E-10   6.66E-10   4.76E-05   4.93E-05   3.03E-04   5.72E-08   6.22E-08
 7.08E+06   5.15E-05   2.00E-10   1.23E-09   4.76E-05   4.94E-05   3.03E-04   1.05E-07   1.14E-07
 7.22E+06   5.17E-05   2.25E-10   2.01E-09   4.77E-05   4.94E-05   3.04E-04   1.73E-07   1.87E-07
 7.38E+06   5.19E-05   2.53E-10   3.00E-09   4.77E-05   4.95E-05   3.04E-04   2.57E-07   2.79E-07
 7.52E+06   5.21E-05   2.86E-10   4.13E-09   4.78E-05   4.96E-05   3.04E-04   3.54E-07   3.83E-07
 7.68E+06   5.23E-05   3.24E-10   5.34E-09   4.79E-05   4.97E-05   3.05E-04   4.57E-07   4.94E-07
 7.82E+06   5.25E-05   3.66E-10   6.55E-09   4.80E-05   4.98E-05   3.05E-04   5.60E-07   6.05E-07
 7.98E+06   5.28E-05   4.12E-10   7.73E-09   4.81E-05   4.98E-05   3.05E-04   6.60E-07   7.14E-07
 8.12E+06   5.30E-05   4.62E-10   8.87E-09   4.81E-05   4.99E-05   3.05E-04   7.57E-07   8.18E-07
 8.28E+06   5.32E-05   5.17E-10   9.99E-09   4.82E-05   5.00E-05   3.06E-04   8.52E-07   9.21E-07
 8.42E+06   5.34E-05   5.79E-10   1.12E-08   4.83E-05   5.01E-05   3.06E-04   9.48E-07   1.03E-06
 8.58E+06   5.37E-05   6.50E-10   1.24E-08   4.84E-05   5.02E-05   3.06E-04   1.05E-06   1.13E-06
 8.72E+06   5.39E-05   7.32E-10   1.38E-08   4.85E-05   5.03E-05   3.06E-04   1.15E-06   1.25E-06
 8.88E+06   5.42E-05   8.31E-10   1.53E-08   4.86E-05   5.04E-05   3.07E-04   1.26E-06   1.36E-06
 9.02E+06   5.44E-05   9.58E-10   1.70E-08   4.88E-05   5.05E-05   3.07E-04   1.37E-06   1.48E-06
 9.18E+06   5.47E-05   1.14E-09   1.90E-08   4.90E-05   5.08E-05   3.07E-04   1.48E-06   1.60E-06
 9.32E+06   5.50E-05   1.41E-09   2.10E-08   4.93E-05   5.10E-05   3.07E-04   1.59E-06   1.71E-06
 9.48E+06   5.53E-05   1.84E-09   2.33E-08   4.96E-05   5.14E-05   3.07E-04   1.70E-06   1.82E-06
 9.62E+06   5.56E-05   2.48E-09   2.62E-08   5.00E-05   5.17E-05   3.08E-04   1.80E-06   1.92E-06
 9.78E+06   5.60E-05   3.37E-09   3.11E-08   5.04E-05   5.21E-05   3.08E-04   1.90E-06   2.02E-06
 9.92E+06   5.67E-05   4.48E-09   4.69E-08   5.09E-05   5.27E-05   3.08E-04   2.01E-06   2.12E-06

     Z      PCH4_3     PC2H6_1    PC2H6_2    PHNO2_1    PHNO3      PHNO3_3    PHNO3_1    PNO        
 2.50E+04   0.00E+00   0.00E+00   0.00E+00   5.38E-04   1.49E-07   4.41E-25   3.16E-25   0.00E+00
 1.75E+05   0.00E+00   0.00E+00   0.00E+00   5.98E-04   1.66E-07   3.56E-21   2.55E-21   0.00E+00
 3.25E+05   0.00E+00   0.00E+00   0.00E+00   6.51E-04   1.79E-07   1.60E-18   1.15E-18   0.00E+00
 4.75E+05   0.00E+00   0.00E+00   0.00E+00   6.99E-04   1.88E-07   1.18E-16   8.48E-17   6.70-108
 6.25E+05   0.00E+00   0.00E+00   0.00E+00   7.42E-04   1.92E-07   3.05E-15   2.19E-15   6.83E-81
 7.75E+05   0.00E+00   0.00E+00   0.00E+00   7.81E-04   1.92E-07   4.19E-14   3.01E-14   3.57E-65
 9.25E+05   0.00E+00   0.00E+00   0.00E+00   8.17E-04   1.89E-07   3.81E-13   2.73E-13   9.92E-54
 1.08E+06   0.00E+00   0.00E+00   0.00E+00   8.48E-04   1.90E-07   2.52E-12   1.81E-12   1.11E-44
 1.22E+06   0.00E+00   0.00E+00   0.00E+00   8.75E-04   1.99E-07   1.21E-11   8.72E-12   1.87E-37
 1.38E+06   0.00E+00   0.00E+00   0.00E+00   8.99E-04   2.12E-07   4.54E-11   3.26E-11   1.05E-31
 1.52E+06   0.00E+00   0.00E+00   0.00E+00   9.21E-04   2.32E-07   1.45E-10   1.04E-10   4.05E-27
 1.68E+06   0.00E+00   0.00E+00   0.00E+00   9.41E-04   2.66E-07   4.24E-10   3.05E-10   1.94E-23
 1.82E+06   0.00E+00   0.00E+00   0.00E+00   9.58E-04   3.29E-07   1.19E-09   8.54E-10   1.84E-20
 1.98E+06   0.00E+00   0.00E+00   0.00E+00   9.71E-04   4.50E-07   3.23E-09   2.32E-09   4.98E-18
 2.12E+06   0.00E+00   0.00E+00   0.00E+00   9.81E-04   6.74E-07   8.37E-09   6.01E-09   4.99E-16
 2.28E+06   0.00E+00   0.00E+00   0.00E+00   9.90E-04   1.07E-06   2.03E-08   1.46E-08   2.26E-14
 2.42E+06   0.00E+00   0.00E+00   0.00E+00   9.97E-04   1.73E-06   4.54E-08   3.26E-08   5.36E-13
 2.58E+06   1.29-150   0.00E+00   8.52-152   1.00E-03   2.76E-06   9.31E-08   6.68E-08   7.37E-12
 2.72E+06   1.69-122   0.00E+00   1.11-123   1.01E-03   4.25E-06   1.75E-07   1.26E-07   6.38E-11
 2.88E+06   4.23-100   0.00E+00   2.79-101   1.02E-03   6.26E-06   3.05E-07   2.19E-07   3.73E-10
 3.02E+06   2.74E-82   0.00E+00   1.80E-83   1.02E-03   8.79E-06   4.95E-07   3.55E-07   1.57E-09
 3.18E+06   3.74E-68   0.00E+00   2.47E-69   1.03E-03   1.18E-05   7.53E-07   5.40E-07   5.05E-09
 3.32E+06   6.04E-57   0.00E+00   3.98E-58   1.04E-03   1.52E-05   1.08E-06   7.77E-07   1.30E-08
 3.48E+06   4.73E-48   0.00E+00   3.12E-49   1.05E-03   1.88E-05   1.48E-06   1.06E-06   2.82E-08
 3.62E+06   5.61E-41   0.00E+00   3.70E-42   1.06E-03   2.26E-05   1.94E-06   1.39E-06   5.30E-08
 3.78E+06   2.47E-35   0.00E+00   1.63E-36   1.07E-03   2.64E-05   2.43E-06   1.75E-06   8.93E-08
 3.92E+06   8.20E-31   0.00E+00   5.40E-32   1.08E-03   3.02E-05   2.95E-06   2.12E-06   1.38E-07
 4.08E+06   3.61E-27   0.00E+00   2.38E-28   1.10E-03   3.37E-05   3.48E-06   2.50E-06   1.98E-07
 4.22E+06   3.39E-24   0.00E+00   2.23E-25   1.11E-03   3.69E-05   3.99E-06   2.87E-06   2.69E-07
 4.38E+06   9.85E-22   0.00E+00   6.49E-23   1.12E-03   3.97E-05   4.49E-06   3.23E-06   3.51E-07
 4.52E+06   1.15E-19   0.00E+00   7.59E-21   1.13E-03   4.20E-05   4.98E-06   3.58E-06   4.41E-07
 4.68E+06   6.33E-18   0.00E+00   4.17E-19   1.14E-03   4.39E-05   5.46E-06   3.92E-06   5.38E-07
 4.82E+06   1.81E-16   0.00E+00   1.19E-17   1.14E-03   4.55E-05   5.93E-06   4.26E-06   6.43E-07
 4.98E+06   2.94E-15   0.00E+00   1.94E-16   1.15E-03   4.67E-05   6.39E-06   4.59E-06   7.53E-07
 5.12E+06   2.95E-14   0.00E+00   1.94E-15   1.15E-03   4.77E-05   6.85E-06   4.92E-06   8.69E-07
 5.28E+06   1.97E-13   0.00E+00   1.30E-14   1.16E-03   4.85E-05   7.30E-06   5.24E-06   9.89E-07
 5.42E+06   9.40E-13   0.00E+00   6.19E-14   1.16E-03   4.92E-05   7.75E-06   5.56E-06   1.11E-06
 5.58E+06   3.37E-12   0.00E+00   2.23E-13   1.16E-03   4.97E-05   8.18E-06   5.87E-06   1.24E-06
 5.72E+06   9.61E-12   0.00E+00   6.65E-13   1.16E-03   5.02E-05   8.60E-06   6.18E-06   1.36E-06
 5.88E+06   2.28E-11   0.00E+00   2.19E-12   1.16E-03   5.05E-05   9.01E-06   6.47E-06   1.49E-06
 6.02E+06   4.88E-11   0.00E+00   1.17E-11   1.16E-03   5.09E-05   9.40E-06   6.75E-06   1.61E-06
 6.18E+06   1.09E-10   0.00E+00   7.36E-11   1.16E-03   5.11E-05   9.77E-06   7.02E-06   1.74E-06
 6.32E+06   2.87E-10   0.00E+00   3.73E-10   1.16E-03   5.13E-05   1.01E-05   7.28E-06   1.86E-06
 6.48E+06   8.21E-10   0.00E+00   1.44E-09   1.16E-03   5.15E-05   1.05E-05   7.53E-06   1.99E-06
 6.62E+06   2.21E-09   0.00E+00   4.37E-09   1.16E-03   5.17E-05   1.08E-05   7.77E-06   2.12E-06
 6.78E+06   5.21E-09   0.00E+00   1.08E-08   1.16E-03   5.19E-05   1.12E-05   8.02E-06   2.25E-06
 6.92E+06   1.07E-08   0.00E+00   2.25E-08   1.16E-03   5.20E-05   1.15E-05   8.28E-06   2.40E-06
 7.08E+06   1.93E-08   0.00E+00   4.09E-08   1.16E-03   5.22E-05   1.19E-05   8.56E-06   2.56E-06
 7.22E+06   3.14E-08   0.00E+00   6.63E-08   1.16E-03   5.24E-05   1.23E-05   8.86E-06   2.74E-06
 7.38E+06   4.64E-08   0.00E+00   9.79E-08   1.16E-03   5.27E-05   1.28E-05   9.19E-06   2.94E-06
 7.52E+06   6.36E-08   0.00E+00   1.34E-07   1.16E-03   5.32E-05   1.33E-05   9.54E-06   3.16E-06
 7.68E+06   8.18E-08   0.00E+00   1.71E-07   1.17E-03   5.36E-05   1.38E-05   9.90E-06   3.38E-06
 7.82E+06   1.00E-07   0.00E+00   2.08E-07   1.17E-03   5.40E-05   1.43E-05   1.03E-05   3.62E-06
 7.98E+06   1.18E-07   0.00E+00   2.45E-07   1.17E-03   5.45E-05   1.48E-05   1.06E-05   3.85E-06
 8.12E+06   1.35E-07   0.00E+00   2.81E-07   1.17E-03   5.49E-05   1.53E-05   1.10E-05   4.09E-06
 8.28E+06   1.53E-07   0.00E+00   3.17E-07   1.17E-03   5.53E-05   1.58E-05   1.13E-05   4.33E-06
 8.42E+06   1.70E-07   0.00E+00   3.56E-07   1.17E-03   5.57E-05   1.63E-05   1.17E-05   4.56E-06
 8.58E+06   1.89E-07   0.00E+00   3.98E-07   1.17E-03   5.62E-05   1.68E-05   1.20E-05   4.80E-06
 8.72E+06   2.09E-07   0.00E+00   4.43E-07   1.17E-03   5.66E-05   1.73E-05   1.24E-05   5.04E-06
 8.88E+06   2.30E-07   0.00E+00   4.91E-07   1.17E-03   5.70E-05   1.77E-05   1.27E-05   5.27E-06
 9.02E+06   2.51E-07   0.00E+00   5.40E-07   1.17E-03   5.73E-05   1.82E-05   1.31E-05   5.51E-06
 9.18E+06   2.72E-07   0.00E+00   5.90E-07   1.17E-03   5.77E-05   1.86E-05   1.34E-05   5.76E-06
 9.32E+06   2.92E-07   0.00E+00   6.39E-07   1.17E-03   5.81E-05   1.91E-05   1.37E-05   6.02E-06
 9.48E+06   3.12E-07   0.00E+00   6.86E-07   1.17E-03   5.85E-05   1.96E-05   1.41E-05   6.30E-06
 9.62E+06   3.30E-07   0.00E+00   7.30E-07   1.17E-03   5.90E-05   2.01E-05   1.44E-05   6.62E-06
 9.78E+06   3.46E-07   0.00E+00   7.70E-07   1.17E-03   5.95E-05   2.07E-05   1.48E-05   7.01E-06
 9.92E+06   3.64E-07   0.00E+00   8.11E-07   1.17E-03   6.01E-05   2.14E-05   1.54E-05   7.57E-06

     Z      PNO2_O1D   PNO2       PCH3_1     PSO        PH2S       PSO2       PSO2_SO21  PSO2_SO23  
 2.50E+04   3.38E-19   3.56E-03   3.89E-18   1.11E-17   2.36E-14   6.25E-18   3.52E-05   4.26E-07
 1.75E+05   1.36E-17   3.91E-03   1.60E-16   4.92E-16   2.89E-14   2.84E-16   4.16E-05   4.70E-07
 3.25E+05   3.83E-16   4.22E-03   4.59E-15   1.52E-14   3.99E-14   9.01E-15   4.75E-05   5.09E-07
 4.75E+05   7.10E-15   4.49E-03   8.54E-14   3.01E-13   1.70E-13   1.82E-13   5.30E-05   5.44E-07
 6.25E+05   8.93E-14   4.75E-03   1.07E-12   3.98E-12   1.83E-12   2.44E-12   5.81E-05   5.76E-07
 7.75E+05   8.02E-13   4.97E-03   9.56E-12   3.70E-11   1.69E-11   2.28E-11   6.28E-05   6.04E-07
 9.25E+05   5.38E-12   5.18E-03   6.36E-11   2.55E-10   1.18E-10   1.58E-10   6.73E-05   6.30E-07
 1.08E+06   2.77E-11   5.36E-03   3.24E-10   1.34E-09   6.24E-10   8.35E-10   7.14E-05   6.53E-07
 1.22E+06   1.08E-10   5.51E-03   1.25E-09   5.30E-09   2.49E-09   3.31E-09   7.52E-05   6.73E-07
 1.38E+06   3.37E-10   5.65E-03   3.86E-09   1.68E-08   7.93E-09   1.05E-08   7.90E-05   6.90E-07
 1.52E+06   9.24E-10   5.79E-03   1.05E-08   4.65E-08   2.20E-08   2.91E-08   8.34E-05   7.06E-07
 1.68E+06   2.34E-09   5.90E-03   2.64E-08   1.18E-07   5.59E-08   7.38E-08   8.88E-05   7.21E-07
 1.82E+06   5.65E-09   6.00E-03   6.33E-08   2.84E-07   1.34E-07   1.77E-07   9.59E-05   7.32E-07
 1.98E+06   1.30E-08   6.08E-03   1.45E-07   6.48E-07   3.04E-07   4.01E-07   1.05E-04   7.41E-07
 2.12E+06   2.86E-08   6.14E-03   3.19E-07   1.40E-06   6.52E-07   8.59E-07   1.17E-04   7.48E-07
 2.28E+06   5.95E-08   6.19E-03   6.63E-07   2.83E-06   1.31E-06   1.73E-06   1.31E-04   7.53E-07
 2.42E+06   1.17E-07   6.24E-03   1.31E-06   5.39E-06   2.47E-06   3.27E-06   1.49E-04   7.57E-07
 2.58E+06   2.17E-07   6.27E-03   2.48E-06   9.61E-06   4.38E-06   5.79E-06   1.71E-04   7.60E-07
 2.72E+06   3.83E-07   6.30E-03   4.45E-06   1.61E-05   7.28E-06   9.63E-06   1.98E-04   7.62E-07
 2.88E+06   6.41E-07   6.33E-03   7.60E-06   2.53E-05   1.14E-05   1.51E-05   2.31E-04   7.64E-07
 3.02E+06   1.02E-06   6.36E-03   1.22E-05   3.75E-05   1.69E-05   2.23E-05   2.70E-04   7.66E-07
 3.18E+06   1.56E-06   6.38E-03   1.85E-05   5.26E-05   2.39E-05   3.12E-05   3.15E-04   7.67E-07
 3.32E+06   2.28E-06   6.40E-03   2.61E-05   7.00E-05   3.21E-05   4.15E-05   3.65E-04   7.68E-07
 3.48E+06   3.20E-06   6.42E-03   3.46E-05   8.90E-05   4.14E-05   5.29E-05   4.21E-04   7.68E-07
 3.62E+06   4.33E-06   6.43E-03   4.34E-05   1.09E-04   5.15E-05   6.47E-05   4.79E-04   7.69E-07
 3.78E+06   5.65E-06   6.45E-03   5.18E-05   1.28E-04   6.19E-05   7.63E-05   5.41E-04   7.69E-07
 3.92E+06   7.07E-06   6.46E-03   5.92E-05   1.45E-04   7.22E-05   8.69E-05   6.02E-04   7.70E-07
 4.08E+06   8.47E-06   6.47E-03   6.54E-05   1.60E-04   8.16E-05   9.62E-05   6.61E-04   7.70E-07
 4.22E+06   9.75E-06   6.48E-03   7.03E-05   1.73E-04   8.98E-05   1.04E-04   7.14E-04   7.70E-07
 4.38E+06   1.08E-05   6.48E-03   7.40E-05   1.83E-04   9.66E-05   1.10E-04   7.59E-04   7.70E-07
 4.52E+06   1.17E-05   6.49E-03   7.68E-05   1.91E-04   1.02E-04   1.15E-04   7.95E-04   7.71E-07
 4.68E+06   1.24E-05   6.49E-03   7.90E-05   1.97E-04   1.07E-04   1.19E-04   8.24E-04   7.71E-07
 4.82E+06   1.30E-05   6.50E-03   8.06E-05   2.02E-04   1.10E-04   1.22E-04   8.47E-04   7.71E-07
 4.98E+06   1.34E-05   6.50E-03   8.18E-05   2.06E-04   1.13E-04   1.24E-04   8.63E-04   7.71E-07
 5.12E+06   1.37E-05   6.50E-03   8.27E-05   2.09E-04   1.15E-04   1.26E-04   8.75E-04   7.71E-07
 5.28E+06   1.39E-05   6.50E-03   8.34E-05   2.12E-04   1.17E-04   1.28E-04   8.84E-04   7.71E-07
 5.42E+06   1.41E-05   6.50E-03   8.39E-05   2.14E-04   1.18E-04   1.29E-04   8.90E-04   7.71E-07
 5.58E+06   1.43E-05   6.51E-03   8.43E-05   2.16E-04   1.19E-04   1.31E-04   8.94E-04   7.71E-07
 5.72E+06   1.44E-05   6.51E-03   8.46E-05   2.17E-04   1.20E-04   1.32E-04   8.98E-04   7.71E-07
 5.88E+06   1.45E-05   6.51E-03   8.49E-05   2.18E-04   1.21E-04   1.32E-04   9.00E-04   7.71E-07
 6.02E+06   1.46E-05   6.51E-03   8.50E-05   2.20E-04   1.22E-04   1.33E-04   9.01E-04   7.71E-07
 6.18E+06   1.47E-05   6.51E-03   8.52E-05   2.20E-04   1.22E-04   1.34E-04   9.02E-04   7.71E-07
 6.32E+06   1.48E-05   6.51E-03   8.53E-05   2.21E-04   1.23E-04   1.34E-04   9.03E-04   7.71E-07
 6.48E+06   1.48E-05   6.51E-03   8.54E-05   2.22E-04   1.23E-04   1.35E-04   9.03E-04   7.71E-07
 6.62E+06   1.49E-05   6.51E-03   8.54E-05   2.22E-04   1.24E-04   1.35E-04   9.03E-04   7.71E-07
 6.78E+06   1.50E-05   6.51E-03   8.55E-05   2.23E-04   1.24E-04   1.36E-04   9.04E-04   7.71E-07
 6.92E+06   1.51E-05   6.51E-03   8.55E-05   2.23E-04   1.25E-04   1.36E-04   9.04E-04   7.71E-07
 7.08E+06   1.52E-05   6.51E-03   8.55E-05   2.23E-04   1.25E-04   1.37E-04   9.04E-04   7.71E-07
 7.22E+06   1.54E-05   6.51E-03   8.56E-05   2.24E-04   1.26E-04   1.37E-04   9.04E-04   7.71E-07
 7.38E+06   1.56E-05   6.51E-03   8.56E-05   2.24E-04   1.26E-04   1.38E-04   9.04E-04   7.71E-07
 7.52E+06   1.58E-05   6.51E-03   8.56E-05   2.24E-04   1.27E-04   1.39E-04   9.04E-04   7.71E-07
 7.68E+06   1.60E-05   6.51E-03   8.56E-05   2.24E-04   1.28E-04   1.40E-04   9.04E-04   7.71E-07
 7.82E+06   1.62E-05   6.51E-03   8.56E-05   2.25E-04   1.28E-04   1.41E-04   9.04E-04   7.71E-07
 7.98E+06   1.64E-05   6.51E-03   8.56E-05   2.25E-04   1.29E-04   1.42E-04   9.04E-04   7.71E-07
 8.12E+06   1.67E-05   6.51E-03   8.56E-05   2.25E-04   1.30E-04   1.42E-04   9.04E-04   7.71E-07
 8.28E+06   1.69E-05   6.51E-03   8.56E-05   2.25E-04   1.30E-04   1.43E-04   9.04E-04   7.71E-07
 8.42E+06   1.71E-05   6.51E-03   8.56E-05   2.25E-04   1.31E-04   1.44E-04   9.04E-04   7.71E-07
 8.58E+06   1.74E-05   6.51E-03   8.56E-05   2.25E-04   1.31E-04   1.45E-04   9.04E-04   7.71E-07
 8.72E+06   1.76E-05   6.51E-03   8.56E-05   2.25E-04   1.32E-04   1.45E-04   9.04E-04   7.71E-07
 8.88E+06   1.79E-05   6.51E-03   8.56E-05   2.25E-04   1.33E-04   1.46E-04   9.04E-04   7.71E-07
 9.02E+06   1.82E-05   6.51E-03   8.57E-05   2.25E-04   1.33E-04   1.47E-04   9.04E-04   7.71E-07
 9.18E+06   1.84E-05   6.51E-03   8.57E-05   2.26E-04   1.34E-04   1.48E-04   9.04E-04   7.71E-07
 9.32E+06   1.87E-05   6.51E-03   8.57E-05   2.26E-04   1.35E-04   1.48E-04   9.04E-04   7.71E-07
 9.48E+06   1.91E-05   6.51E-03   8.57E-05   2.26E-04   1.35E-04   1.49E-04   9.04E-04   7.71E-07
 9.62E+06   1.95E-05   6.51E-03   8.57E-05   2.26E-04   1.36E-04   1.50E-04   9.04E-04   7.71E-07
 9.78E+06   2.00E-05   6.51E-03   8.57E-05   2.26E-04   1.36E-04   1.50E-04   9.04E-04   7.71E-07
 9.92E+06   2.09E-05   6.51E-03   8.57E-05   2.26E-04   1.37E-04   1.51E-04   9.04E-04   7.71E-07

     Z      PS2        PS4        PS3        PS8L       PS8R       PS8        PSO3       PHSO       
 2.50E+04   2.80E-05   1.15E-01   5.34E-01   0.00E+00   0.00E+00   7.58E-14   6.45E-08   7.12E-18
 1.75E+05   3.31E-05   1.19E-01   5.73E-01   0.00E+00   0.00E+00   1.06E-13   7.52E-08   2.93E-16
 3.25E+05   3.77E-05   1.22E-01   6.09E-01   0.00E+00   0.00E+00   1.45E-13   8.49E-08   8.49E-15
 4.75E+05   4.19E-05   1.26E-01   6.41E-01   0.00E+00   0.00E+00   1.93E-13   9.38E-08   1.61E-13
 6.25E+05   4.59E-05   1.28E-01   6.69E-01   0.00E+00   0.00E+00   2.54E-13   1.02E-07   2.06E-12
 7.75E+05   4.95E-05   1.31E-01   6.95E-01   0.00E+00   0.00E+00   3.31E-13   1.09E-07   1.87E-11
 9.25E+05   5.30E-05   1.33E-01   7.19E-01   0.00E+00   0.00E+00   4.30E-13   1.16E-07   1.27E-10
 1.08E+06   5.61E-05   1.35E-01   7.39E-01   0.00E+00   0.00E+00   5.67E-13   1.23E-07   6.57E-10
 1.22E+06   5.90E-05   1.37E-01   7.57E-01   0.00E+00   0.00E+00   7.56E-13   1.29E-07   2.57E-09
 1.38E+06   6.19E-05   1.39E-01   7.74E-01   0.00E+00   0.00E+00   1.01E-12   1.35E-07   8.09E-09
 1.52E+06   6.51E-05   1.41E-01   7.89E-01   0.00E+00   0.00E+00   1.34E-12   1.42E-07   2.23E-08
 1.68E+06   6.89E-05   1.43E-01   8.02E-01   0.00E+00   0.00E+00   1.80E-12   1.53E-07   5.65E-08
 1.82E+06   7.38E-05   1.45E-01   8.13E-01   0.00E+00   0.00E+00   2.40E-12   1.70E-07   1.36E-07
 1.98E+06   7.99E-05   1.46E-01   8.22E-01   0.00E+00   0.00E+00   3.19E-12   2.00E-07   3.13E-07
 2.12E+06   8.76E-05   1.47E-01   8.28E-01   0.00E+00   0.00E+00   4.26E-12   2.55E-07   6.82E-07
 2.28E+06   9.70E-05   1.47E-01   8.33E-01   0.00E+00   0.00E+00   5.70E-12   3.53E-07   1.40E-06
 2.42E+06   1.09E-04   1.48E-01   8.37E-01   0.00E+00   0.00E+00   7.63E-12   5.20E-07   2.73E-06
 2.58E+06   1.23E-04   1.48E-01   8.39E-01   0.00E+00   0.00E+00   1.02E-11   7.89E-07   5.01E-06
 2.72E+06   1.40E-04   1.49E-01   8.41E-01   0.00E+00   0.00E+00   1.38E-11   1.20E-06   8.68E-06
 2.88E+06   1.61E-04   1.49E-01   8.43E-01   0.00E+00   0.00E+00   1.87E-11   1.79E-06   1.43E-05
 3.02E+06   1.87E-04   1.49E-01   8.44E-01   0.00E+00   0.00E+00   2.54E-11   2.58E-06   2.23E-05
 3.18E+06   2.16E-04   1.49E-01   8.45E-01   0.00E+00   0.00E+00   3.46E-11   3.58E-06   3.32E-05
 3.32E+06   2.50E-04   1.49E-01   8.46E-01   0.00E+00   0.00E+00   4.71E-11   4.78E-06   4.75E-05
 3.48E+06   2.87E-04   1.49E-01   8.47E-01   0.00E+00   0.00E+00   6.41E-11   6.16E-06   6.54E-05
 3.62E+06   3.25E-04   1.50E-01   8.47E-01   0.00E+00   0.00E+00   8.69E-11   7.68E-06   8.71E-05
 3.78E+06   3.64E-04   1.50E-01   8.47E-01   0.00E+00   0.00E+00   1.18E-10   9.32E-06   1.12E-04
 3.92E+06   4.02E-04   1.50E-01   8.48E-01   0.00E+00   0.00E+00   1.59E-10   1.10E-05   1.40E-04
 4.08E+06   4.36E-04   1.50E-01   8.48E-01   0.00E+00   0.00E+00   2.12E-10   1.27E-05   1.68E-04
 4.22E+06   4.65E-04   1.50E-01   8.48E-01   0.00E+00   0.00E+00   2.81E-10   1.43E-05   1.95E-04
 4.38E+06   4.89E-04   1.50E-01   8.48E-01   0.00E+00   0.00E+00   3.66E-10   1.57E-05   2.18E-04
 4.52E+06   5.09E-04   1.50E-01   8.48E-01   0.00E+00   0.00E+00   4.71E-10   1.69E-05   2.38E-04
 4.68E+06   5.23E-04   1.50E-01   8.48E-01   0.00E+00   0.00E+00   5.98E-10   1.79E-05   2.53E-04
 4.82E+06   5.34E-04   1.50E-01   8.49E-01   0.00E+00   0.00E+00   7.52E-10   1.86E-05   2.66E-04
 4.98E+06   5.43E-04   1.50E-01   8.49E-01   0.00E+00   0.00E+00   9.39E-10   1.93E-05   2.75E-04
 5.12E+06   5.49E-04   1.50E-01   8.49E-01   0.00E+00   0.00E+00   1.17E-09   1.97E-05   2.82E-04
 5.28E+06   5.53E-04   1.50E-01   8.49E-01   0.00E+00   0.00E+00   1.44E-09   2.01E-05   2.87E-04
 5.42E+06   5.56E-04   1.50E-01   8.49E-01   0.00E+00   0.00E+00   1.78E-09   2.04E-05   2.91E-04
 5.58E+06   5.58E-04   1.50E-01   8.49E-01   0.00E+00   0.00E+00   2.19E-09   2.06E-05   2.94E-04
 5.72E+06   5.60E-04   1.50E-01   8.49E-01   0.00E+00   0.00E+00   2.70E-09   2.08E-05   2.96E-04
 5.88E+06   5.61E-04   1.50E-01   8.49E-01   0.00E+00   0.00E+00   3.33E-09   2.10E-05   2.98E-04
 6.02E+06   5.61E-04   1.50E-01   8.49E-01   0.00E+00   0.00E+00   4.11E-09   2.11E-05   2.99E-04
 6.18E+06   5.62E-04   1.50E-01   8.49E-01   0.00E+00   0.00E+00   5.08E-09   2.12E-05   3.00E-04
 6.32E+06   5.62E-04   1.50E-01   8.49E-01   0.00E+00   0.00E+00   6.28E-09   2.13E-05   3.01E-04
 6.48E+06   5.63E-04   1.50E-01   8.49E-01   0.00E+00   0.00E+00   7.77E-09   2.14E-05   3.02E-04
 6.62E+06   5.63E-04   1.50E-01   8.49E-01   0.00E+00   0.00E+00   9.64E-09   2.15E-05   3.02E-04
 6.78E+06   5.63E-04   1.50E-01   8.49E-01   0.00E+00   0.00E+00   1.20E-08   2.15E-05   3.03E-04
 6.92E+06   5.63E-04   1.50E-01   8.49E-01   0.00E+00   0.00E+00   1.49E-08   2.16E-05   3.03E-04
 7.08E+06   5.63E-04   1.50E-01   8.49E-01   0.00E+00   0.00E+00   1.86E-08   2.16E-05   3.03E-04
 7.22E+06   5.63E-04   1.50E-01   8.49E-01   0.00E+00   0.00E+00   2.33E-08   2.17E-05   3.04E-04
 7.38E+06   5.63E-04   1.50E-01   8.49E-01   0.00E+00   0.00E+00   2.92E-08   2.18E-05   3.04E-04
 7.52E+06   5.63E-04   1.50E-01   8.49E-01   0.00E+00   0.00E+00   3.68E-08   2.18E-05   3.04E-04
 7.68E+06   5.63E-04   1.50E-01   8.49E-01   0.00E+00   0.00E+00   4.63E-08   2.19E-05   3.05E-04
 7.82E+06   5.63E-04   1.50E-01   8.49E-01   0.00E+00   0.00E+00   5.83E-08   2.20E-05   3.05E-04
 7.98E+06   5.63E-04   1.50E-01   8.49E-01   0.00E+00   0.00E+00   7.33E-08   2.20E-05   3.05E-04
 8.12E+06   5.63E-04   1.50E-01   8.49E-01   0.00E+00   0.00E+00   9.22E-08   2.21E-05   3.05E-04
 8.28E+06   5.63E-04   1.50E-01   8.49E-01   0.00E+00   0.00E+00   1.16E-07   2.22E-05   3.06E-04
 8.42E+06   5.63E-04   1.50E-01   8.49E-01   0.00E+00   0.00E+00   1.46E-07   2.22E-05   3.06E-04
 8.58E+06   5.63E-04   1.50E-01   8.49E-01   0.00E+00   0.00E+00   1.83E-07   2.23E-05   3.06E-04
 8.72E+06   5.63E-04   1.50E-01   8.49E-01   0.00E+00   0.00E+00   2.31E-07   2.23E-05   3.06E-04
 8.88E+06   5.63E-04   1.50E-01   8.49E-01   0.00E+00   0.00E+00   2.90E-07   2.24E-05   3.07E-04
 9.02E+06   5.63E-04   1.50E-01   8.49E-01   0.00E+00   0.00E+00   3.64E-07   2.25E-05   3.07E-04
 9.18E+06   5.63E-04   1.50E-01   8.49E-01   0.00E+00   0.00E+00   4.57E-07   2.25E-05   3.07E-04
 9.32E+06   5.63E-04   1.50E-01   8.49E-01   0.00E+00   0.00E+00   5.73E-07   2.26E-05   3.07E-04
 9.48E+06   5.63E-04   1.50E-01   8.49E-01   0.00E+00   0.00E+00   7.18E-07   2.27E-05   3.07E-04
 9.62E+06   5.63E-04   1.50E-01   8.49E-01   0.00E+00   0.00E+00   8.99E-07   2.28E-05   3.08E-04
 9.78E+06   5.63E-04   1.50E-01   8.49E-01   0.00E+00   0.00E+00   1.13E-06   2.30E-05   3.08E-04
 9.92E+06   5.63E-04   1.50E-01   8.49E-01   0.00E+00   0.00E+00   1.41E-06   2.35E-05   3.08E-04

     Z      POCS       PNO3_NO    PNO3_NO2   PN2O       PHO2NO2_NO2PHO2NO2_NO3PN2O5_NO2  PN2O5_NO   
 2.50E+04   9.97E-12   1.06E-02   8.31E-02   1.02E-20   1.49E-06   3.72E-07   3.17E-10   9.97E-06
 1.75E+05   1.19E-11   1.08E-02   8.46E-02   5.21E-19   1.73E-06   4.34E-07   3.96E-10   1.14E-05
 3.25E+05   1.37E-11   1.10E-02   8.59E-02   1.84E-17   1.96E-06   4.89E-07   4.75E-10   1.27E-05
 4.75E+05   1.54E-11   1.12E-02   8.68E-02   3.96E-16   2.16E-06   5.40E-07   5.56E-10   1.39E-05
 6.25E+05   1.70E-11   1.14E-02   8.75E-02   5.41E-15   2.35E-06   5.86E-07   6.43E-10   1.50E-05
 7.75E+05   1.88E-11   1.15E-02   8.80E-02   5.03E-14   2.52E-06   6.30E-07   7.53E-10   1.60E-05
 9.25E+05   2.22E-11   1.17E-02   8.81E-02   3.41E-13   2.68E-06   6.69E-07   9.85E-10   1.69E-05
 1.08E+06   3.30E-11   1.19E-02   8.86E-02   1.79E-12   2.82E-06   7.06E-07   1.77E-09   1.77E-05
 1.22E+06   6.72E-11   1.20E-02   8.95E-02   7.26E-12   2.96E-06   7.39E-07   4.39E-09   1.84E-05
 1.38E+06   1.61E-10   1.21E-02   9.06E-02   2.35E-11   3.08E-06   7.71E-07   1.19E-08   1.91E-05
 1.52E+06   3.98E-10   1.23E-02   9.18E-02   6.63E-11   3.23E-06   8.07E-07   3.11E-08   1.98E-05
 1.68E+06   9.76E-10   1.24E-02   9.30E-02   1.70E-10   3.40E-06   8.50E-07   7.74E-08   2.05E-05
 1.82E+06   2.36E-09   1.26E-02   9.41E-02   4.12E-10   3.63E-06   9.08E-07   1.84E-07   2.12E-05
 1.98E+06   5.56E-09   1.27E-02   9.50E-02   9.38E-10   3.95E-06   9.92E-07   4.17E-07   2.20E-05
 2.12E+06   1.27E-08   1.28E-02   9.57E-02   2.01E-09   4.43E-06   1.12E-06   8.94E-07   2.29E-05
 2.28E+06   2.78E-08   1.28E-02   9.64E-02   4.05E-09   5.18E-06   1.32E-06   1.80E-06   2.38E-05
 2.42E+06   5.81E-08   1.29E-02   9.70E-02   7.60E-09   6.32E-06   1.63E-06   3.41E-06   2.50E-05
 2.58E+06   1.16E-07   1.29E-02   9.75E-02   1.33E-08   8.05E-06   2.09E-06   6.04E-06   2.62E-05
 2.72E+06   2.23E-07   1.29E-02   9.79E-02   2.18E-08   1.06E-05   2.78E-06   1.01E-05   2.77E-05
 2.88E+06   4.08E-07   1.30E-02   9.84E-02   3.36E-08   1.40E-05   3.73E-06   1.58E-05   2.94E-05
 3.02E+06   7.16E-07   1.30E-02   9.89E-02   4.90E-08   1.87E-05   5.00E-06   2.35E-05   3.13E-05
 3.18E+06   1.20E-06   1.30E-02   9.94E-02   6.76E-08   2.45E-05   6.60E-06   3.32E-05   3.34E-05
 3.32E+06   1.94E-06   1.30E-02   9.99E-02   8.92E-08   3.17E-05   8.55E-06   4.48E-05   3.58E-05
 3.48E+06   2.98E-06   1.30E-02   1.00E-01   1.13E-07   4.01E-05   1.08E-05   5.80E-05   3.84E-05
 3.62E+06   4.40E-06   1.30E-02   1.01E-01   1.38E-07   5.01E-05   1.35E-05   7.29E-05   4.12E-05
 3.78E+06   6.19E-06   1.30E-02   1.01E-01   1.63E-07   6.19E-05   1.66E-05   8.94E-05   4.42E-05
 3.92E+06   8.29E-06   1.30E-02   1.02E-01   1.87E-07   7.59E-05   2.03E-05   1.08E-04   4.74E-05
 4.08E+06   1.05E-05   1.30E-02   1.02E-01   2.08E-07   9.19E-05   2.45E-05   1.27E-04   5.07E-05
 4.22E+06   1.26E-05   1.30E-02   1.02E-01   2.26E-07   1.09E-04   2.88E-05   1.46E-04   5.40E-05
 4.38E+06   1.45E-05   1.30E-02   1.02E-01   2.41E-07   1.25E-04   3.30E-05   1.65E-04   5.70E-05
 4.52E+06   1.60E-05   1.30E-02   1.02E-01   2.53E-07   1.40E-04   3.68E-05   1.81E-04   5.95E-05
 4.68E+06   1.73E-05   1.30E-02   1.01E-01   2.63E-07   1.52E-04   3.99E-05   1.95E-04   6.16E-05
 4.82E+06   1.82E-05   1.30E-02   1.01E-01   2.72E-07   1.62E-04   4.25E-05   2.06E-04   6.33E-05
 4.98E+06   1.90E-05   1.30E-02   1.01E-01   2.80E-07   1.69E-04   4.45E-05   2.15E-04   6.45E-05
 5.12E+06   1.95E-05   1.30E-02   1.01E-01   2.88E-07   1.75E-04   4.61E-05   2.22E-04   6.54E-05
 5.28E+06   1.99E-05   1.30E-02   1.01E-01   2.95E-07   1.80E-04   4.72E-05   2.27E-04   6.61E-05
 5.42E+06   2.02E-05   1.30E-02   1.01E-01   3.02E-07   1.83E-04   4.81E-05   2.32E-04   6.65E-05
 5.58E+06   2.04E-05   1.30E-02   1.00E-01   3.08E-07   1.85E-04   4.88E-05   2.35E-04   6.69E-05
 5.72E+06   2.06E-05   1.30E-02   1.00E-01   3.14E-07   1.87E-04   4.93E-05   2.38E-04   6.71E-05
 5.88E+06   2.07E-05   1.30E-02   1.00E-01   3.19E-07   1.88E-04   4.97E-05   2.40E-04   6.73E-05
 6.02E+06   2.08E-05   1.30E-02   9.98E-02   3.24E-07   1.89E-04   4.99E-05   2.42E-04   6.74E-05
 6.18E+06   2.08E-05   1.31E-02   9.96E-02   3.29E-07   1.90E-04   5.02E-05   2.44E-04   6.75E-05
 6.32E+06   2.09E-05   1.31E-02   9.94E-02   3.33E-07   1.91E-04   5.03E-05   2.45E-04   6.75E-05
 6.48E+06   2.09E-05   1.31E-02   9.92E-02   3.38E-07   1.91E-04   5.04E-05   2.46E-04   6.76E-05
 6.62E+06   2.10E-05   1.31E-02   9.90E-02   3.45E-07   1.91E-04   5.05E-05   2.48E-04   6.76E-05
 6.78E+06   2.10E-05   1.31E-02   9.88E-02   3.55E-07   1.91E-04   5.06E-05   2.49E-04   6.76E-05
 6.92E+06   2.11E-05   1.31E-02   9.86E-02   3.70E-07   1.92E-04   5.07E-05   2.50E-04   6.76E-05
 7.08E+06   2.12E-05   1.31E-02   9.84E-02   3.92E-07   1.92E-04   5.07E-05   2.51E-04   6.76E-05
 7.22E+06   2.13E-05   1.31E-02   9.82E-02   4.22E-07   1.92E-04   5.07E-05   2.53E-04   6.76E-05
 7.38E+06   2.15E-05   1.32E-02   9.81E-02   4.60E-07   1.92E-04   5.08E-05   2.54E-04   6.76E-05
 7.52E+06   2.17E-05   1.32E-02   9.81E-02   5.04E-07   1.92E-04   5.08E-05   2.56E-04   6.76E-05
 7.68E+06   2.19E-05   1.32E-02   9.81E-02   5.51E-07   1.92E-04   5.08E-05   2.58E-04   6.76E-05
 7.82E+06   2.21E-05   1.32E-02   9.81E-02   5.99E-07   1.92E-04   5.08E-05   2.59E-04   6.76E-05
 7.98E+06   2.23E-05   1.32E-02   9.81E-02   6.47E-07   1.92E-04   5.08E-05   2.61E-04   6.76E-05
 8.12E+06   2.25E-05   1.32E-02   9.81E-02   6.94E-07   1.92E-04   5.08E-05   2.63E-04   6.76E-05
 8.28E+06   2.27E-05   1.32E-02   9.81E-02   7.42E-07   1.92E-04   5.09E-05   2.65E-04   6.76E-05
 8.42E+06   2.29E-05   1.32E-02   9.81E-02   7.94E-07   1.92E-04   5.09E-05   2.66E-04   6.76E-05
 8.58E+06   2.32E-05   1.32E-02   9.81E-02   8.53E-07   1.92E-04   5.09E-05   2.68E-04   6.76E-05
 8.72E+06   2.35E-05   1.32E-02   9.81E-02   9.24E-07   1.92E-04   5.09E-05   2.70E-04   6.76E-05
 8.88E+06   2.38E-05   1.32E-02   9.81E-02   1.01E-06   1.92E-04   5.09E-05   2.72E-04   6.76E-05
 9.02E+06   2.42E-05   1.32E-02   9.81E-02   1.12E-06   1.92E-04   5.09E-05   2.73E-04   6.76E-05
 9.18E+06   2.47E-05   1.32E-02   9.81E-02   1.25E-06   1.92E-04   5.09E-05   2.75E-04   6.76E-05
 9.32E+06   2.53E-05   1.32E-02   9.81E-02   1.40E-06   1.92E-04   5.09E-05   2.77E-04   6.76E-05
 9.48E+06   2.61E-05   1.32E-02   9.81E-02   1.55E-06   1.92E-04   5.09E-05   2.80E-04   6.76E-05
 9.62E+06   2.72E-05   1.32E-02   9.81E-02   1.72E-06   1.92E-04   5.09E-05   2.82E-04   6.76E-05
 9.78E+06   2.90E-05   1.32E-02   9.81E-02   1.91E-06   1.92E-04   5.09E-05   2.86E-04   6.76E-05
 9.92E+06   3.31E-05   1.32E-02   9.81E-02   2.14E-06   1.92E-04   5.09E-05   2.91E-04   6.76E-05
 N =   45  EMAX = 9.79E-11 FOR SO4AER  AT Z = 3.22E+06 U = 6.85E-10 RHS =-6.71E-20  DT = 7.95E+18  TIME = 1.99E+18

 TIME = 1.99E+18     TIMEY = 6.30E+10 YEARS

 NPHOT =   30

 MIXING RATIOS OF LONG-LIVED SPECIES


     Z        O        O2       H2O      H        OH       HO2      H2O2     H2       CO       HCO      H2CO     CH4      CH3      C2H6     NO       NO2      HNO      H2S     
  2.50E+04 8.18E-17 7.35E-02 1.12E-02 1.13E-20 4.17E-14 1.08E-11 1.06E-09 5.30E-07 1.10E-07 4.44E-22 2.29E-10 1.80E-06 4.04E-21 4.91E-26 1.96E-12 3.78E-12 1.73E-17 9.27E-12
  7.50E+04 9.38E-17 7.35E-02 9.35E-03 1.22E-20 4.46E-14 1.11E-11 1.12E-09 5.30E-07 1.07E-07 4.80E-22 2.27E-10 1.80E-06 4.05E-21 4.90E-26 2.13E-12 3.82E-12 1.76E-17 6.50E-12
  1.25E+05 1.09E-16 7.35E-02 7.87E-03 1.33E-20 4.84E-14 1.12E-11 1.16E-09 5.31E-07 1.05E-07 5.02E-22 2.16E-10 1.80E-06 4.11E-21 4.90E-26 2.36E-12 3.97E-12 1.52E-17 4.55E-12
  1.75E+05 1.27E-16 7.35E-02 6.47E-03 1.44E-20 5.23E-14 1.13E-11 1.17E-09 5.31E-07 1.02E-07 5.16E-22 2.03E-10 1.79E-06 4.14E-21 4.89E-26 2.66E-12 4.22E-12 1.25E-17 3.17E-12
  2.75E+05 1.78E-16 7.35E-02 4.18E-03 1.68E-20 6.10E-14 1.12E-11 1.15E-09 5.31E-07 9.68E-08 5.31E-22 1.75E-10 1.79E-06 4.14E-21 4.86E-26 3.51E-12 4.98E-12 7.89E-18 1.53E-12
  3.75E+05 2.51E-16 7.35E-02 2.53E-03 1.94E-20 7.00E-14 1.07E-11 1.04E-09 5.32E-07 9.21E-08 5.29E-22 1.48E-10 1.79E-06 4.05E-21 4.82E-26 4.79E-12 6.03E-12 4.88E-18 7.40E-13
  4.75E+05 3.48E-16 7.35E-02 1.41E-03 2.13E-20 7.73E-14 9.72E-12 8.80E-10 5.32E-07 8.78E-08 4.90E-22 1.19E-10 1.79E-06 3.70E-21 4.79E-26 6.34E-12 6.94E-12 2.93E-18 3.64E-13
  5.75E+05 4.71E-16 7.35E-02 7.04E-04 2.12E-20 7.77E-14 8.46E-12 7.05E-10 5.32E-07 8.41E-08 3.98E-22 8.77E-11 1.79E-06 2.96E-21 4.77E-26 7.27E-12 6.69E-12 1.59E-18 1.88E-13
  6.75E+05 6.21E-16 7.35E-02 3.10E-04 1.88E-20 6.96E-14 7.04E-12 5.41E-10 5.32E-07 8.08E-08 2.79E-22 5.79E-11 1.79E-06 2.02E-21 4.77E-26 7.05E-12 5.25E-12 7.87E-19 1.05E-13
  7.75E+05 8.04E-16 7.35E-02 1.20E-04 1.69E-20 6.34E-14 5.64E-12 3.98E-10 5.32E-07 7.80E-08 1.90E-22 3.66E-11 1.78E-06 1.34E-21 4.81E-26 7.73E-12 4.51E-12 4.61E-19 6.18E-14
  8.75E+05 1.03E-15 7.35E-02 4.09E-05 1.74E-20 6.61E-14 4.33E-12 2.82E-10 5.32E-07 7.55E-08 1.43E-22 2.43E-11 1.78E-06 9.76E-22 4.89E-26 1.16E-11 5.12E-12 3.78E-19 3.80E-14
  9.75E+05 1.30E-15 7.35E-02 1.23E-05 1.96E-20 7.51E-14 3.25E-12 1.98E-10 5.32E-07 7.34E-08 1.16E-22 1.71E-11 1.78E-06 7.45E-22 4.99E-26 1.90E-11 6.13E-12 3.48E-19 2.43E-14
  1.08E+06 1.89E-15 7.35E-02 6.78E-06 2.41E-20 8.66E-14 2.60E-12 1.35E-10 5.33E-07 7.12E-08 1.10E-22 1.37E-11 1.78E-06 7.31E-22 5.19E-26 2.83E-11 7.56E-12 2.88E-19 1.55E-14
  1.18E+06 3.50E-15 7.35E-02 4.44E-06 2.81E-20 9.29E-14 1.85E-12 6.63E-11 5.33E-07 6.69E-08 1.09E-22 1.17E-11 1.78E-06 7.88E-22 5.82E-26 4.39E-11 1.20E-11 1.85E-19 7.29E-15
  1.28E+06 7.42E-15 7.35E-02 4.24E-06 2.88E-20 8.96E-14 1.17E-12 2.30E-11 5.32E-07 6.09E-08 1.00E-22 9.42E-12 1.77E-06 7.86E-22 7.37E-26 6.86E-11 2.24E-11 9.75E-20 2.63E-15
  1.38E+06 1.81E-14 7.35E-02 4.26E-06 2.67E-20 8.13E-14 7.09E-13 5.56E-12 5.32E-07 5.27E-08 8.93E-23 7.36E-12 1.76E-06 7.67E-22 1.12E-25 1.09E-10 5.07E-11 5.45E-20 6.99E-16
  1.48E+06 4.28E-14 7.35E-02 4.30E-06 2.72E-20 8.30E-14 5.50E-13 1.65E-12 5.31E-07 4.40E-08 9.34E-23 6.57E-12 1.74E-06 8.76E-22 1.82E-25 1.60E-10 1.05E-10 5.82E-20 1.52E-16
  1.58E+06 9.40E-14 7.35E-02 4.36E-06 3.07E-20 9.48E-14 5.35E-13 9.89E-13 5.30E-07 3.58E-08 1.12E-22 6.61E-12 1.71E-06 1.14E-21 2.92E-25 2.19E-10 1.91E-10 8.94E-20 2.86E-17
  1.68E+06 1.93E-13 7.35E-02 4.43E-06 3.67E-20 1.15E-13 5.96E-13 9.36E-13 5.27E-07 2.86E-08 1.45E-22 7.09E-12 1.67E-06 1.59E-21 4.56E-25 2.87E-10 3.11E-10 1.31E-19 4.52E-18
  1.78E+06 3.70E-13 7.35E-02 4.53E-06 4.67E-20 1.48E-13 7.23E-13 1.09E-12 5.24E-07 2.29E-08 1.98E-22 7.92E-12 1.62E-06 2.32E-21 6.84E-25 3.65E-10 4.63E-10 1.69E-19 6.25E-19
  1.88E+06 6.73E-13 7.35E-02 4.63E-06 6.31E-20 1.97E-13 9.26E-13 1.42E-12 5.20E-07 1.85E-08 2.78E-22 9.09E-12 1.57E-06 3.50E-21 9.96E-25 4.59E-10 6.46E-10 1.83E-19 7.49E-20
  1.98E+06 1.18E-12 7.35E-02 4.75E-06 9.09E-20 2.72E-13 1.23E-12 1.98E-12 5.15E-07 1.54E-08 4.02E-22 1.06E-11 1.51E-06 5.41E-21 1.42E-24 5.72E-10 8.62E-10 1.52E-19 7.78E-21
  2.08E+06 1.99E-12 7.35E-02 4.87E-06 1.40E-19 3.86E-13 1.68E-12 2.88E-12 5.10E-07 1.32E-08 5.96E-22 1.26E-11 1.45E-06 8.56E-21 1.98E-24 7.06E-10 1.10E-09 1.09E-19 7.92E-22
  2.18E+06 3.29E-12 7.35E-02 5.00E-06 2.28E-19 5.60E-13 2.35E-12 4.30E-12 5.04E-07 1.17E-08 8.99E-22 1.51E-11 1.39E-06 1.38E-20 2.74E-24 8.68E-10 1.38E-09 8.25E-20 1.46E-22
  2.28E+06 5.34E-12 7.35E-02 5.12E-06 3.91E-19 8.27E-13 3.30E-12 6.49E-12 4.97E-07 1.07E-08 1.37E-21 1.81E-11 1.33E-06 2.24E-20 3.79E-24 1.06E-09 1.67E-09 7.00E-20 8.79E-23
  2.38E+06 8.54E-12 7.35E-02 5.25E-06 6.98E-19 1.23E-12 4.67E-12 9.72E-12 4.90E-07 1.01E-08 2.12E-21 2.16E-11 1.27E-06 3.69E-20 5.28E-24 1.28E-09 1.99E-09 7.06E-20 7.48E-23
  2.48E+06 1.35E-11 7.35E-02 5.37E-06 1.29E-18 1.83E-12 6.57E-12 1.43E-11 4.82E-07 9.73E-09 3.27E-21 2.56E-11 1.21E-06 6.07E-20 7.45E-24 1.54E-09 2.30E-09 8.46E-20 6.31E-23
  2.58E+06 2.11E-11 7.35E-02 5.50E-06 2.46E-18 2.71E-12 9.14E-12 2.02E-11 4.74E-07 9.52E-09 5.02E-21 3.00E-11 1.16E-06 9.98E-20 1.07E-23 1.82E-09 2.62E-09 1.14E-19 5.10E-23
  2.68E+06 3.28E-11 7.35E-02 5.62E-06 4.81E-18 3.94E-12 1.25E-11 2.75E-11 4.66E-07 9.44E-09 7.59E-21 3.46E-11 1.10E-06 1.63E-19 1.57E-23 2.14E-09 2.91E-09 1.62E-19 3.90E-23
  2.78E+06 5.07E-11 7.35E-02 5.74E-06 9.63E-18 5.61E-12 1.66E-11 3.55E-11 4.57E-07 9.46E-09 1.13E-20 3.92E-11 1.04E-06 2.63E-19 2.35E-23 2.48E-09 3.16E-09 2.34E-19 2.84E-23
  2.88E+06 7.80E-11 7.35E-02 5.86E-06 1.97E-17 7.81E-12 2.15E-11 4.37E-11 4.48E-07 9.58E-09 1.65E-20 4.39E-11 9.83E-07 4.23E-19 3.57E-23 2.84E-09 3.35E-09 3.36E-19 2.00E-23
  2.98E+06 1.20E-10 7.35E-02 5.98E-06 4.11E-17 1.06E-11 2.72E-11 5.12E-11 4.38E-07 9.78E-09 2.35E-20 4.84E-11 9.26E-07 6.71E-19 5.55E-23 3.20E-09 3.47E-09 4.77E-19 1.34E-23
  3.08E+06 1.84E-10 7.35E-02 6.10E-06 8.69E-17 1.42E-11 3.35E-11 5.73E-11 4.28E-07 1.01E-08 3.29E-20 5.29E-11 8.70E-07 1.06E-18 8.76E-23 3.54E-09 3.49E-09 6.67E-19 8.77E-24
  3.18E+06 2.82E-10 7.35E-02 6.22E-06 1.86E-16 1.86E-11 4.03E-11 6.16E-11 4.19E-07 1.04E-08 4.54E-20 5.73E-11 8.15E-07 1.66E-18 1.39E-22 3.85E-09 3.41E-09 9.17E-19 5.65E-24
  3.28E+06 4.33E-10 7.35E-02 6.33E-06 4.03E-16 2.41E-11 4.75E-11 6.35E-11 4.10E-07 1.07E-08 6.20E-20 6.16E-11 7.61E-07 2.61E-18 2.22E-22 4.10E-09 3.24E-09 1.24E-18 3.59E-24
  3.38E+06 6.64E-10 7.35E-02 6.45E-06 8.80E-16 3.12E-11 5.48E-11 6.28E-11 4.01E-07 1.11E-08 8.41E-20 6.57E-11 7.09E-07 4.07E-18 3.58E-22 4.30E-09 2.97E-09 1.66E-18 2.27E-24
  3.48E+06 1.02E-09 7.35E-02 6.55E-06 1.94E-15 4.04E-11 6.18E-11 5.98E-11 3.93E-07 1.14E-08 1.14E-19 6.94E-11 6.58E-07 6.33E-18 5.75E-22 4.44E-09 2.64E-09 2.20E-18 1.45E-24
  3.58E+06 1.56E-09 7.35E-02 6.65E-06 4.31E-15 5.25E-11 6.85E-11 5.51E-11 3.87E-07 1.16E-08 1.53E-19 7.27E-11 6.10E-07 9.81E-18 9.24E-22 4.53E-09 2.26E-09 2.90E-18 9.54E-25
  3.68E+06 2.37E-09 7.35E-02 6.74E-06 9.62E-15 6.84E-11 7.48E-11 4.96E-11 3.82E-07 1.18E-08 2.06E-19 7.54E-11 5.66E-07 1.51E-17 1.47E-21 4.58E-09 1.87E-09 3.80E-18 6.71E-25
  3.78E+06 3.60E-09 7.35E-02 6.82E-06 2.14E-14 8.90E-11 8.09E-11 4.42E-11 3.79E-07 1.19E-08 2.74E-19 7.71E-11 5.26E-07 2.31E-17 2.32E-21 4.59E-09 1.47E-09 4.92E-18 5.12E-25
  3.88E+06 5.41E-09 7.35E-02 6.89E-06 4.66E-14 1.14E-10 8.73E-11 3.96E-11 3.79E-07 1.19E-08 3.58E-19 7.75E-11 4.89E-07 3.43E-17 3.66E-21 4.54E-09 1.10E-09 6.24E-18 4.25E-25
  3.98E+06 7.98E-09 7.35E-02 6.95E-06 9.76E-14 1.44E-10 9.41E-11 3.61E-11 3.82E-07 1.19E-08 4.54E-19 7.63E-11 4.56E-07 4.93E-17 5.73E-21 4.43E-09 7.85E-10 7.64E-18 3.83E-25
  4.08E+06 1.14E-08 7.35E-02 7.00E-06 1.93E-13 1.74E-10 1.01E-10 3.36E-11 3.89E-07 1.20E-08 5.50E-19 7.34E-11 4.28E-07 6.75E-17 8.97E-21 4.26E-09 5.37E-10 8.92E-18 3.71E-25
  4.18E+06 1.59E-08 7.35E-02 7.03E-06 3.54E-13 2.04E-10 1.09E-10 3.17E-11 3.99E-07 1.20E-08 6.35E-19 6.91E-11 4.03E-07 8.75E-17 1.42E-20 4.03E-09 3.58E-10 9.89E-18 3.79E-25
  4.28E+06 2.12E-08 7.35E-02 7.05E-06 6.07E-13 2.31E-10 1.17E-10 3.03E-11 4.14E-07 1.21E-08 7.01E-19 6.39E-11 3.83E-07 1.08E-16 2.28E-20 3.75E-09 2.34E-10 1.05E-17 4.03E-25
  4.38E+06 2.74E-08 7.35E-02 7.06E-06 9.82E-13 2.55E-10 1.24E-10 2.92E-11 4.32E-07 1.22E-08 7.48E-19 5.84E-11 3.66E-07 1.28E-16 3.70E-20 3.47E-09 1.53E-10 1.07E-17 4.37E-25
  4.48E+06 3.46E-08 7.34E-02 7.07E-06 1.51E-12 2.76E-10 1.31E-10 2.82E-11 4.53E-07 1.25E-08 7.76E-19 5.30E-11 3.51E-07 1.46E-16 6.05E-20 3.18E-09 1.00E-10 1.07E-17 4.77E-25
  4.58E+06 4.26E-08 7.34E-02 7.06E-06 2.25E-12 2.94E-10 1.38E-10 2.71E-11 4.78E-07 1.30E-08 7.92E-19 4.79E-11 3.39E-07 1.65E-16 9.92E-20 2.90E-09 6.61E-11 1.04E-17 5.18E-25
  4.68E+06 5.18E-08 7.34E-02 7.05E-06 3.26E-12 3.11E-10 1.44E-10 2.59E-11 5.06E-07 1.38E-08 8.02E-19 4.34E-11 3.29E-07 1.86E-16 1.59E-19 2.64E-09 4.42E-11 1.01E-17 5.52E-25
  4.78E+06 6.23E-08 7.34E-02 7.03E-06 4.65E-12 3.26E-10 1.50E-10 2.48E-11 5.37E-07 1.48E-08 8.08E-19 3.93E-11 3.21E-07 2.08E-16 2.51E-19 2.41E-09 2.99E-11 9.62E-18 5.81E-25
  4.88E+06 7.41E-08 7.34E-02 7.01E-06 6.54E-12 3.40E-10 1.56E-10 2.36E-11 5.71E-07 1.63E-08 8.10E-19 3.55E-11 3.13E-07 2.32E-16 3.86E-19 2.19E-09 2.04E-11 9.14E-18 6.03E-25
  4.98E+06 8.76E-08 7.34E-02 6.98E-06 9.12E-12 3.54E-10 1.62E-10 2.26E-11 6.08E-07 1.83E-08 8.10E-19 3.21E-11 3.07E-07 2.58E-16 5.77E-19 2.00E-09 1.41E-11 8.68E-18 6.21E-25
  5.08E+06 1.03E-07 7.34E-02 6.95E-06 1.26E-11 3.68E-10 1.68E-10 2.16E-11 6.48E-07 2.09E-08 8.08E-19 2.90E-11 3.01E-07 2.87E-16 8.39E-19 1.82E-09 9.91E-12 8.24E-18 6.37E-25
  5.18E+06 1.20E-07 7.34E-02 6.91E-06 1.75E-11 3.84E-10 1.75E-10 2.08E-11 6.91E-07 2.42E-08 8.06E-19 2.63E-11 2.96E-07 3.19E-16 1.19E-18 1.67E-09 7.02E-12 7.84E-18 6.52E-25
  5.28E+06 1.40E-07 7.34E-02 6.87E-06 2.41E-11 4.00E-10 1.82E-10 2.01E-11 7.37E-07 2.84E-08 8.02E-19 2.37E-11 2.91E-07 3.55E-16 1.66E-18 1.52E-09 5.03E-12 7.48E-18 6.71E-25
  5.38E+06 1.62E-07 7.34E-02 6.82E-06 3.31E-11 4.19E-10 1.90E-10 1.95E-11 7.88E-07 3.36E-08 7.98E-19 2.14E-11 2.86E-07 3.94E-16 2.26E-18 1.40E-09 3.65E-12 7.17E-18 6.94E-25
  5.48E+06 1.87E-07 7.34E-02 6.77E-06 4.56E-11 4.39E-10 2.00E-10 1.91E-11 8.42E-07 4.01E-08 7.92E-19 1.93E-11 2.81E-07 4.37E-16 3.03E-18 1.28E-09 2.68E-12 6.90E-18 7.25E-25
  5.58E+06 2.15E-07 7.34E-02 6.71E-06 6.27E-11 4.63E-10 2.10E-10 1.89E-11 9.01E-07 4.81E-08 7.85E-19 1.74E-11 2.76E-07 4.83E-16 4.00E-18 1.18E-09 2.00E-12 6.67E-18 7.65E-25
  5.68E+06 2.46E-07 7.34E-02 6.65E-06 8.64E-11 4.89E-10 2.23E-10 1.87E-11 9.66E-07 5.79E-08 7.76E-19 1.56E-11 2.71E-07 5.33E-16 5.21E-18 1.08E-09 1.52E-12 6.49E-18 8.18E-25
  5.78E+06 2.80E-07 7.34E-02 6.59E-06 1.19E-10 5.18E-10 2.36E-10 1.88E-11 1.04E-06 6.98E-08 7.66E-19 1.40E-11 2.66E-07 5.87E-16 6.70E-18 9.98E-10 1.17E-12 6.35E-18 8.84E-25
  5.88E+06 3.19E-07 7.34E-02 6.51E-06 1.65E-10 5.51E-10 2.52E-10 1.89E-11 1.11E-06 8.43E-08 7.56E-19 1.26E-11 2.61E-07 6.43E-16 8.51E-18 9.22E-10 9.13E-13 6.24E-18 9.66E-25
  5.98E+06 3.62E-07 7.34E-02 6.43E-06 2.28E-10 5.88E-10 2.69E-10 1.93E-11 1.20E-06 1.02E-07 7.48E-19 1.12E-11 2.55E-07 7.03E-16 1.07E-17 8.54E-10 7.27E-13 6.18E-18 1.07E-24
  6.08E+06 4.10E-07 7.34E-02 6.34E-06 3.18E-10 6.31E-10 2.90E-10 1.98E-11 1.29E-06 1.23E-07 7.46E-19 1.01E-11 2.49E-07 7.68E-16 1.33E-17 7.94E-10 5.91E-13 6.17E-18 1.19E-24
  6.18E+06 4.63E-07 7.34E-02 6.24E-06 4.44E-10 6.81E-10 3.13E-10 2.06E-11 1.39E-06 1.48E-07 7.69E-19 9.16E-12 2.43E-07 8.46E-16 1.65E-17 7.40E-10 4.90E-13 6.22E-18 1.37E-24
  6.28E+06 5.19E-07 7.34E-02 6.13E-06 6.23E-10 7.42E-10 3.43E-10 2.21E-11 1.50E-06 1.78E-07 8.68E-19 8.68E-12 2.36E-07 9.67E-16 2.02E-17 6.93E-10 4.19E-13 6.37E-18 1.62E-24
  6.38E+06 5.74E-07 7.34E-02 6.01E-06 8.82E-10 8.24E-10 3.83E-10 2.46E-11 1.62E-06 2.14E-07 1.16E-18 9.08E-12 2.28E-07 1.21E-15 2.46E-17 6.53E-10 3.73E-13 6.69E-18 2.07E-24
  6.48E+06 6.23E-07 7.34E-02 5.88E-06 1.26E-09 9.41E-10 4.41E-10 2.90E-11 1.76E-06 2.56E-07 1.91E-18 1.11E-11 2.20E-07 1.77E-15 2.98E-17 6.19E-10 3.51E-13 7.29E-18 2.91E-24
  6.58E+06 6.60E-07 7.34E-02 5.74E-06 1.83E-09 1.11E-09 5.26E-10 3.65E-11 1.91E-06 3.07E-07 3.54E-18 1.57E-11 2.11E-07 3.05E-15 3.58E-17 5.91E-10 3.54E-13 8.30E-18 4.55E-24
  6.68E+06 6.87E-07 7.33E-02 5.58E-06 2.71E-09 1.35E-09 6.48E-10 4.82E-11 2.07E-06 3.67E-07 6.76E-18 2.43E-11 2.01E-07 5.73E-15 4.30E-17 5.70E-10 3.78E-13 9.82E-18 7.66E-24
  6.78E+06 7.14E-07 7.33E-02 5.40E-06 4.05E-09 1.68E-09 8.10E-10 6.51E-11 2.25E-06 4.38E-07 1.25E-17 3.76E-11 1.90E-07 1.09E-14 5.13E-17 5.54E-10 4.20E-13 1.19E-17 1.32E-23
  6.88E+06 7.50E-07 7.33E-02 5.20E-06 6.15E-09 2.08E-09 1.01E-09 8.74E-11 2.45E-06 5.22E-07 2.21E-17 5.62E-11 1.79E-07 2.01E-14 6.10E-17 5.45E-10 4.68E-13 1.47E-17 2.19E-23
  6.98E+06 8.08E-07 7.33E-02 4.99E-06 9.46E-09 2.57E-09 1.25E-09 1.14E-10 2.67E-06 6.22E-07 3.66E-17 7.96E-11 1.67E-07 3.46E-14 7.21E-17 5.41E-10 5.12E-13 1.80E-17 3.40E-23
  7.08E+06 8.98E-07 7.33E-02 4.75E-06 1.47E-08 3.11E-09 1.51E-09 1.43E-10 2.91E-06 7.39E-07 5.74E-17 1.07E-10 1.54E-07 5.55E-14 8.42E-17 5.42E-10 5.40E-13 2.18E-17 4.82E-23
  7.18E+06 1.03E-06 7.33E-02 4.50E-06 2.30E-08 3.68E-09 1.77E-09 1.70E-10 3.16E-06 8.76E-07 8.52E-17 1.36E-10 1.41E-07 8.18E-14 9.65E-17 5.50E-10 5.45E-13 2.61E-17 6.21E-23
  7.28E+06 1.23E-06 7.33E-02 4.22E-06 3.63E-08 4.24E-09 2.02E-09 1.91E-10 3.43E-06 1.04E-06 1.20E-16 1.65E-10 1.29E-07 1.11E-13 1.08E-16 5.64E-10 5.24E-13 3.07E-17 7.25E-23
  7.38E+06 1.52E-06 7.32E-02 3.93E-06 5.77E-08 4.75E-09 2.22E-09 2.01E-10 3.71E-06 1.22E-06 1.62E-16 1.92E-10 1.16E-07 1.38E-13 1.16E-16 5.85E-10 4.76E-13 3.53E-17 7.59E-23
  7.48E+06 1.93E-06 7.32E-02 3.62E-06 9.20E-08 5.15E-09 2.36E-09 2.00E-10 3.99E-06 1.43E-06 2.10E-16 2.13E-10 1.04E-07 1.57E-13 1.21E-16 6.13E-10 4.09E-13 3.98E-17 7.24E-23
  7.58E+06 2.46E-06 7.32E-02 3.30E-06 1.48E-07 5.64E-09 2.53E-09 1.93E-10 4.27E-06 1.67E-06 2.63E-16 2.27E-10 9.21E-08 1.68E-13 1.21E-16 6.50E-10 3.55E-13 4.59E-17 6.78E-23
  7.68E+06 3.33E-06 7.31E-02 2.98E-06 2.54E-07 6.22E-09 2.71E-09 1.72E-10 4.53E-06 1.94E-06 3.18E-16 2.28E-10 8.12E-08 1.61E-13 1.17E-16 6.98E-10 2.91E-13 5.37E-17 5.47E-23
  7.78E+06 6.89E-06 7.31E-02 2.64E-06 4.71E-07 4.98E-09 2.11E-09 1.12E-10 4.74E-06 2.25E-06 3.76E-16 2.04E-10 7.12E-08 9.86E-14 1.10E-16 7.55E-10 1.32E-13 4.53E-17 2.05E-23
  7.88E+06 2.05E-05 7.31E-02 2.31E-06 8.10E-07 2.75E-09 1.08E-09 5.15E-11 4.88E-06 2.58E-06 4.57E-16 1.43E-10 6.21E-08 3.95E-14 1.01E-16 8.19E-10 3.19E-14 2.46E-17 3.20E-24
  7.98E+06 5.71E-05 7.30E-02 2.00E-06 1.21E-06 1.56E-09 5.04E-10 2.01E-11 4.96E-06 2.92E-06 5.38E-16 7.82E-11 5.39E-08 1.62E-14 9.26E-17 8.96E-10 9.31E-15 1.24E-17 3.30E-25
  8.08E+06 1.34E-04 7.29E-02 1.72E-06 1.61E-06 1.00E-09 2.48E-10 7.30E-12 5.02E-06 3.29E-06 5.93E-16 4.08E-11 4.65E-08 7.66E-15 8.35E-17 9.93E-10 4.84E-15 6.73E-18 2.67E-26
  8.18E+06 2.74E-04 7.28E-02 1.46E-06 2.00E-06 7.08E-10 1.30E-10 2.49E-12 5.05E-06 3.67E-06 6.27E-16 2.26E-11 3.99E-08 4.08E-15 7.42E-17 1.11E-09 3.76E-15 3.93E-18 1.73E-27
  8.28E+06 5.04E-04 7.26E-02 1.23E-06 2.35E-06 5.33E-10 7.13E-11 8.08E-13 5.07E-06 4.07E-06 6.41E-16 1.35E-11 3.40E-08 2.39E-15 6.48E-17 1.25E-09 3.40E-15 2.43E-18 9.27E-29
  8.38E+06 8.51E-04 7.23E-02 1.04E-06 2.67E-06 4.14E-10 4.10E-11 2.48E-13 5.08E-06 4.47E-06 6.33E-16 8.59E-12 2.89E-08 1.51E-15 5.56E-17 1.40E-09 3.19E-15 1.56E-18 4.48E-30
  8.48E+06 1.34E-03 7.20E-02 8.63E-07 2.95E-06 3.28E-10 2.45E-11 7.20E-14 5.08E-06 4.90E-06 6.05E-16 5.78E-12 2.43E-08 1.01E-15 4.70E-17 1.52E-09 2.96E-15 1.02E-18 2.49E-31
  8.58E+06 2.01E-03 7.15E-02 7.15E-07 3.19E-06 2.62E-10 1.51E-11 1.99E-14 5.08E-06 5.32E-06 5.62E-16 4.06E-12 2.04E-08 7.07E-16 3.90E-17 1.61E-09 2.68E-15 6.73E-19 2.21E-32
  8.68E+06 2.86E-03 7.10E-02 5.89E-07 3.39E-06 2.10E-10 9.63E-12 5.26E-15 5.07E-06 5.76E-06 5.10E-16 2.97E-12 1.70E-08 5.14E-16 3.20E-17 1.65E-09 2.36E-15 4.42E-19 3.13E-33
  8.78E+06 3.93E-03 7.03E-02 4.83E-07 3.56E-06 1.67E-10 6.28E-12 1.35E-15 5.07E-06 6.20E-06 4.54E-16 2.23E-12 1.41E-08 3.86E-16 2.59E-17 1.65E-09 2.02E-15 2.91E-19 5.73E-34
  8.88E+06 5.21E-03 6.95E-02 3.94E-07 3.71E-06 1.33E-10 4.19E-12 3.43E-16 5.06E-06 6.64E-06 3.99E-16 1.72E-12 1.17E-08 2.98E-16 2.07E-17 1.62E-09 1.70E-15 1.93E-19 1.23E-34
  8.98E+06 6.72E-03 6.86E-02 3.20E-07 3.84E-06 1.05E-10 2.85E-12 8.86E-17 5.05E-06 7.08E-06 3.49E-16 1.36E-12 9.65E-09 2.35E-16 1.65E-17 1.58E-09 1.42E-15 1.29E-19 3.01E-35
  9.08E+06 8.45E-03 6.75E-02 2.59E-07 3.94E-06 8.29E-11 1.97E-12 2.39E-17 5.04E-06 7.51E-06 3.03E-16 1.09E-12 7.95E-09 1.89E-16 1.30E-17 1.53E-09 1.19E-15 8.79E-20 8.21E-36
  9.18E+06 1.04E-02 6.63E-02 2.09E-07 4.03E-06 6.48E-11 1.38E-12 7.02E-18 5.03E-06 7.93E-06 2.64E-16 8.97E-13 6.55E-09 1.55E-16 1.03E-17 1.49E-09 9.87E-16 6.08E-20 2.46E-36
  9.28E+06 1.26E-02 6.50E-02 1.69E-07 4.11E-06 5.03E-11 9.80E-13 2.29E-18 5.02E-06 8.34E-06 2.31E-16 7.47E-13 5.40E-09 1.29E-16 8.14E-18 1.44E-09 8.21E-16 4.27E-20 7.98E-37
  9.38E+06 1.49E-02 6.36E-02 1.36E-07 4.17E-06 3.88E-11 7.05E-13 8.32E-19 5.01E-06 8.72E-06 2.04E-16 6.33E-13 4.47E-09 1.09E-16 6.47E-18 1.39E-09 6.82E-16 3.04E-20 2.79E-37
  9.48E+06 1.75E-02 6.21E-02 1.11E-07 4.23E-06 2.98E-11 5.13E-13 3.34E-19 5.00E-06 9.07E-06 1.82E-16 5.48E-13 3.74E-09 9.45E-17 5.19E-18 1.35E-09 5.67E-16 2.19E-20 1.04E-37
  9.58E+06 2.01E-02 6.06E-02 9.05E-08 4.28E-06 2.27E-11 3.78E-13 1.45E-19 4.99E-06 9.39E-06 1.66E-16 4.88E-13 3.17E-09 8.40E-17 4.22E-18 1.31E-09 4.72E-16 1.60E-20 4.17E-38
  9.68E+06 2.28E-02 5.90E-02 7.54E-08 4.32E-06 1.72E-11 2.81E-13 6.67E-20 4.98E-06 9.66E-06 1.55E-16 4.49E-13 2.74E-09 7.74E-17 3.52E-18 1.26E-09 3.93E-16 1.19E-20 1.77E-38
  9.78E+06 2.55E-02 5.75E-02 6.47E-08 4.35E-06 1.30E-11 2.13E-13 3.25E-20 4.97E-06 9.89E-06 1.52E-16 4.34E-13 2.45E-09 7.48E-17 3.03E-18 1.23E-09 3.28E-16 8.93E-21 8.08E-39
  9.88E+06 2.80E-02 5.61E-02 5.82E-08 4.37E-06 9.86E-12 1.64E-13 1.71E-20 4.96E-06 1.01E-05 1.59E-16 4.49E-13 2.29E-09 7.73E-17 2.72E-18 1.19E-09 2.74E-16 6.84E-21 4.00E-39
  9.98E+06 3.00E-02 5.50E-02 5.61E-08 4.39E-06 7.53E-12 1.29E-13 1.12E-20 4.95E-06 1.01E-05 1.83E-16 5.26E-13 2.26E-09 9.08E-17 2.58E-18 1.17E-09 2.31E-16 5.40E-21 2.32E-39

 TP, TL
           2.35E+15 2.41E+15 4.59E+10 2.86E+12 3.49E+12 2.62E+12 8.15E+10 4.87E+10 1.01E+11 5.20E+10 1.02E+11 1.03E+03 1.02E+11 1.21E-01 2.13E+13 2.14E+13 2.50E+05 7.93E+05
           2.35E+15 2.41E+15 3.38E+10 2.86E+12 3.49E+12 2.62E+12 7.62E+10 3.34E+10 2.45E+11 5.20E+10 1.01E+11 1.02E+11 1.02E+11 1.21E-01 2.13E+13 2.14E+13 2.50E+05 2.01E+08

     Z        HS       S        SO       SO2      H2SO4    HSO      S2       S4       S8       SO3      OCS      S3       O3       HNO3     N        NO3      N2O      HO2NO2  
  2.50E+04 2.61E-17 8.19E-32 3.59E-19 6.80E-11 3.94E-12 6.27E-13 1.27E-35 2.16E-61 8.36-104 1.63E-21 5.40E-22 6.03E-59 1.17E-08 2.01E-11 9.87-163 3.00E-16 3.00E-07 8.05E-14
  7.50E+04 1.91E-17 4.37E-32 3.45E-19 1.05E-10 5.99E-12 6.12E-13 8.09E-36 7.89E-62 8.36-104 3.31E-21 5.40E-22 1.81E-59 1.23E-08 2.24E-11 2.37-156 2.88E-16 3.00E-07 1.15E-13
  1.25E+05 1.40E-17 2.34E-32 3.09E-19 1.37E-10 8.10E-12 5.03E-13 4.40E-36 2.09E-62 8.36-104 5.62E-21 5.40E-22 4.66E-60 1.31E-08 2.53E-11 4.84-150 2.89E-16 3.00E-07 1.69E-13
  1.75E+05 1.01E-17 1.22E-32 2.66E-19 1.66E-10 1.03E-11 3.84E-13 2.18E-36 4.59E-63 8.36-104 9.14E-21 5.40E-22 1.07E-60 1.41E-08 2.88E-11 8.32-144 2.98E-16 3.00E-07 2.58E-13
  2.75E+05 5.17E-18 3.16E-33 1.86E-19 2.18E-10 1.48E-11 2.03E-13 4.49E-37 1.57E-64 8.36-104 2.29E-20 5.39E-22 4.48E-62 1.66E-08 3.72E-11 1.43-131 3.38E-16 3.00E-07 6.51E-13
  3.75E+05 2.57E-18 7.80E-34 1.25E-19 2.67E-10 1.89E-11 1.02E-13 7.94E-38 3.93E-66 8.36-104 5.86E-20 5.38E-22 1.54E-63 1.99E-08 4.56E-11 1.15-119 3.93E-16 3.00E-07 1.72E-12
  4.75E+05 1.25E-18 1.85E-34 8.45E-20 3.17E-10 2.23E-11 5.13E-14 1.26E-38 7.97E-68 8.36-104 1.51E-19 5.38E-22 4.56E-65 2.37E-08 5.22E-11 4.13-108 4.37E-16 3.00E-07 4.78E-12
  5.75E+05 5.88E-19 4.10E-35 5.67E-20 3.69E-10 2.39E-11 2.68E-14 1.85E-39 1.37E-69 8.36-104 3.90E-19 5.37E-22 1.17E-66 2.79E-08 5.59E-11 5.91E-97 4.41E-16 2.99E-07 1.21E-11
  6.75E+05 2.67E-19 8.75E-36 3.85E-20 4.24E-10 2.37E-11 1.50E-14 2.52E-40 2.05E-71 8.36-104 1.00E-18 5.37E-22 2.71E-68 3.24E-08 5.74E-11 2.84E-86 4.28E-16 2.99E-07 2.28E-11
  7.75E+05 1.32E-19 2.72E-36 3.07E-20 4.76E-10 2.32E-11 8.85E-15 3.28E-41 2.79E-73 8.36-104 2.93E-18 5.36E-22 8.73E-70 3.73E-08 5.89E-11 1.33E-76 4.49E-16 2.99E-07 3.14E-11
  8.75E+05 7.80E-20 3.48E-36 3.70E-20 5.22E-10 2.40E-11 5.36E-15 4.77E-42 4.73E-75 8.36-104 1.08E-17 5.36E-22 1.29E-70 4.26E-08 6.17E-11 3.14E-68 5.04E-16 2.99E-07 3.44E-11
  9.75E+05 5.28E-20 2.35E-35 8.88E-20 5.61E-10 2.59E-11 3.37E-15 3.54E-42 2.08E-75 8.36-104 4.86E-17 5.35E-22 5.09E-70 4.83E-08 6.60E-11 5.55E-61 5.86E-16 2.99E-07 3.27E-11
  1.08E+06 3.50E-20 2.50E-34 2.89E-19 6.05E-10 2.77E-11 2.13E-15 1.30E-41 2.10E-74 8.36-104 1.25E-16 5.34E-22 1.49E-68 5.60E-08 7.41E-11 8.03E-55 6.56E-16 2.99E-07 2.96E-11
  1.18E+06 1.36E-20 2.55E-33 9.86E-19 7.08E-10 2.94E-11 1.02E-15 4.12E-41 1.54E-73 8.36-104 3.50E-16 5.31E-22 3.48E-67 7.66E-08 1.01E-10 1.54E-49 7.68E-16 2.98E-07 2.68E-11
  1.28E+06 3.21E-21 2.35E-32 3.38E-18 8.84E-10 2.95E-11 3.93E-16 7.42E-41 3.65E-73 8.36-104 4.72E-16 5.26E-22 4.18E-66 1.19E-07 1.64E-10 5.63E-45 1.01E-15 2.96E-07 2.68E-11
  1.38E+06 4.59E-22 1.89E-31 1.10E-17 1.16E-09 2.87E-11 1.57E-16 7.13E-41 2.43E-73 8.36-104 6.03E-16 5.13E-22 2.32E-65 2.09E-07 3.11E-10 4.94E-41 1.65E-15 2.93E-07 3.16E-11
  1.48E+06 6.25E-23 1.22E-30 3.03E-17 1.40E-09 2.87E-11 1.33E-16 5.18E-41 9.25E-74 8.35-104 8.46E-16 4.91E-22 7.80E-65 3.54E-07 5.59E-10 1.17E-37 3.15E-15 2.86E-07 4.14E-11
  1.58E+06 9.73E-24 6.30E-30 6.99E-17 1.52E-09 2.84E-11 1.80E-16 3.69E-41 3.38E-74 8.34-104 1.20E-15 4.62E-22 2.06E-64 5.52E-07 9.08E-10 9.19E-35 6.13E-15 2.77E-07 5.62E-11
  1.68E+06 3.30E-24 2.68E-29 1.37E-16 1.45E-09 2.64E-11 2.40E-16 5.03E-41 4.51E-74 8.33-104 1.60E-15 4.22E-22 8.58E-64 8.04E-07 1.35E-09 2.93E-32 1.13E-14 2.65E-07 7.64E-11
  1.78E+06 4.16E-24 9.41E-29 2.27E-16 1.20E-09 2.24E-11 2.88E-16 1.60E-40 3.30E-73 8.32-104 1.94E-15 3.77E-22 6.90E-63 1.09E-06 1.85E-09 4.42E-30 1.89E-14 2.51E-07 1.01E-10
  1.88E+06 6.55E-24 2.59E-28 3.01E-16 8.25E-10 1.62E-11 2.94E-16 4.83E-40 2.17E-72 8.31-104 2.02E-15 3.26E-22 4.13E-62 1.41E-06 2.36E-09 3.56E-28 2.94E-14 2.34E-07 1.28E-10
  1.98E+06 8.28E-24 5.07E-28 2.91E-16 4.24E-10 9.16E-12 2.28E-16 8.60E-40 4.96E-72 8.29-104 1.63E-15 2.74E-22 1.04E-61 1.75E-06 2.84E-09 1.69E-26 4.29E-14 2.16E-07 1.57E-10
  2.08E+06 8.88E-24 7.75E-28 2.25E-16 1.80E-10 4.37E-12 1.48E-16 1.02E-39 5.07E-72 8.27-104 1.14E-15 2.24E-22 1.36E-61 2.09E-06 3.23E-09 5.09E-25 5.91E-14 1.98E-07 1.85E-10
  2.18E+06 9.38E-24 1.10E-27 1.67E-16 7.53E-11 2.09E-12 9.42E-17 1.10E-39 4.29E-72 8.26-104 8.14E-16 1.76E-22 1.52E-61 2.42E-06 3.51E-09 1.04E-23 7.85E-14 1.79E-07 2.09E-10
  2.28E+06 9.71E-24 1.47E-27 1.19E-16 3.13E-11 1.00E-12 5.91E-17 1.08E-39 2.98E-72 8.24-104 5.91E-16 1.34E-22 1.44E-61 2.76E-06 3.67E-09 1.53E-22 1.01E-13 1.61E-07 2.28E-10
  2.38E+06 9.72E-24 1.84E-27 8.17E-17 1.29E-11 4.80E-13 3.63E-17 9.52E-40 1.68E-72 8.22-104 4.33E-16 9.84E-23 1.14E-61 3.08E-06 3.71E-09 1.67E-21 1.26E-13 1.43E-07 2.38E-10
  2.48E+06 9.33E-24 2.15E-27 5.41E-17 5.29E-12 2.30E-13 2.16E-17 7.48E-40 7.53E-73 8.20-104 3.17E-16 6.90E-23 7.64E-62 3.39E-06 3.63E-09 1.41E-20 1.53E-13 1.26E-07 2.39E-10
  2.58E+06 8.54E-24 2.37E-27 3.48E-17 2.16E-12 1.11E-13 1.24E-17 5.24E-40 2.69E-73 8.18-104 2.32E-16 4.60E-23 4.30E-62 3.68E-06 3.44E-09 9.33E-20 1.82E-13 1.10E-07 2.29E-10
  2.68E+06 7.41E-24 2.46E-27 2.17E-17 8.85E-13 5.97E-14 6.86E-18 3.27E-40 7.65E-74 8.16-104 1.69E-16 2.89E-23 2.03E-62 3.94E-06 3.17E-09 5.01E-19 2.11E-13 9.55E-08 2.10E-10
  2.78E+06 6.12E-24 2.44E-27 1.33E-17 3.65E-13 5.32E-14 3.65E-18 1.84E-40 1.77E-74 8.14-104 1.23E-16 1.70E-23 8.28E-63 4.17E-06 2.82E-09 2.22E-18 2.39E-13 8.18E-08 1.85E-10
  2.88E+06 4.90E-24 2.35E-27 8.13E-18 1.56E-13 1.04E-13 1.90E-18 9.74E-41 3.62E-75 8.12-104 9.28E-17 9.38E-24 3.09E-63 4.35E-06 2.42E-09 8.23E-18 2.66E-13 6.95E-08 1.56E-10
  2.98E+06 3.77E-24 2.21E-27 4.96E-18 6.81E-14 1.92E-13 9.64E-19 4.78E-41 6.36E-76 8.10-104 7.14E-17 4.73E-24 1.04E-63 4.48E-06 2.01E-09 2.60E-17 2.89E-13 5.84E-08 1.26E-10
  3.08E+06 2.83E-24 2.03E-27 3.05E-18 3.10E-14 2.29E-13 4.81E-19 2.23E-41 1.02E-76 8.07-104 5.70E-17 2.17E-24 3.27E-64 4.56E-06 1.60E-09 7.12E-17 3.09E-13 4.86E-08 9.68E-11
  3.18E+06 2.11E-24 1.88E-27 1.93E-18 1.50E-14 2.45E-13 2.42E-19 1.04E-41 1.61E-77 8.05-104 4.85E-17 9.14E-25 1.03E-64 4.60E-06 1.24E-09 1.70E-16 3.22E-13 4.02E-08 7.12E-11
  3.28E+06 1.56E-24 1.75E-27 1.26E-18 7.65E-15 2.52E-13 1.22E-19 4.79E-42 2.52E-78 8.02-104 4.33E-17 3.45E-25 3.24E-65 4.60E-06 9.32E-10 3.61E-16 3.29E-13 3.29E-08 4.99E-11
  3.38E+06 1.16E-24 1.65E-27 8.50E-19 4.16E-15 2.55E-13 6.25E-20 2.25E-42 4.08E-79 7.99-104 4.04E-17 1.17E-25 1.06E-65 4.56E-06 6.86E-10 6.89E-16 3.27E-13 2.67E-08 3.32E-11
  3.48E+06 8.81E-25 1.61E-27 6.09E-19 2.44E-15 2.57E-13 3.32E-20 1.12E-42 7.45E-80 7.96-104 3.92E-17 3.52E-26 3.79E-66 4.48E-06 4.95E-10 1.20E-15 3.15E-13 2.16E-08 2.11E-11
  3.58E+06 7.00E-25 1.66E-27 4.68E-19 1.56E-15 2.58E-13 1.86E-20 6.10E-43 1.65E-80 7.93-104 3.88E-17 9.47E-27 1.58E-66 4.37E-06 3.52E-10 1.94E-15 2.94E-13 1.74E-08 1.27E-11
  3.68E+06 5.98E-25 1.83E-27 3.95E-19 1.11E-15 2.58E-13 1.13E-20 3.85E-43 4.89E-81 7.90-104 3.86E-17 2.31E-27 8.23E-67 4.21E-06 2.45E-10 2.96E-15 2.64E-13 1.40E-08 7.27E-12
  3.78E+06 5.54E-25 2.18E-27 3.65E-19 8.69E-16 2.58E-13 7.47E-21 2.84E-43 1.99E-81 7.87-104 3.77E-17 5.13E-28 5.41E-67 4.00E-06 1.66E-10 4.29E-15 2.27E-13 1.13E-08 3.99E-12
  3.88E+06 5.52E-25 2.76E-27 3.65E-19 7.39E-16 2.58E-13 5.38E-21 2.41E-43 1.09E-81 7.84-104 3.57E-17 1.03E-28 4.38E-67 3.73E-06 1.08E-10 5.98E-15 1.84E-13 9.10E-09 2.10E-12
  3.98E+06 5.88E-25 3.63E-27 3.87E-19 6.68E-16 2.58E-13 4.18E-21 2.32E-43 7.60E-82 7.80-104 3.27E-17 1.93E-29 4.21E-67 3.41E-06 6.67E-11 8.10E-15 1.42E-13 7.38E-09 1.08E-12
  4.08E+06 6.57E-25 4.92E-27 4.30E-19 6.27E-16 2.58E-13 3.50E-21 2.46E-43 6.57E-82 7.77-104 2.91E-17 3.48E-30 4.64E-67 3.07E-06 3.93E-11 1.07E-14 1.03E-13 6.02E-09 5.48E-13
  4.18E+06 7.60E-25 6.78E-27 4.92E-19 6.04E-16 2.58E-13 3.11E-21 2.85E-43 6.76E-82 7.74-104 2.53E-17 6.61E-31 5.68E-67 2.74E-06 2.21E-11 1.40E-14 7.11E-14 4.93E-09 2.78E-13
  4.28E+06 8.96E-25 9.47E-27 5.79E-19 5.89E-16 2.58E-13 2.94E-21 3.53E-43 8.00E-82 7.70-104 2.17E-17 1.86E-31 7.59E-67 2.43E-06 1.22E-11 1.83E-14 4.74E-14 4.07E-09 1.43E-13
  4.38E+06 1.07E-24 1.34E-26 6.95E-19 5.80E-16 2.58E-13 2.90E-21 4.59E-43 1.05E-81 7.67-104 1.85E-17 1.08E-31 1.08E-66 2.16E-06 6.62E-12 2.39E-14 3.08E-14 3.39E-09 7.43E-14
  4.48E+06 1.27E-24 1.90E-26 8.47E-19 5.75E-16 2.58E-13 2.97E-21 6.16E-43 1.48E-81 7.63-104 1.57E-17 9.77E-32 1.61E-66 1.92E-06 3.60E-12 3.12E-14 1.98E-14 2.86E-09 3.95E-14
  4.58E+06 1.50E-24 2.69E-26 1.04E-18 5.72E-16 2.58E-13 3.10E-21 8.36E-43 2.12E-81 7.60-104 1.32E-17 1.00E-31 2.41E-66 1.71E-06 1.95E-12 4.03E-14 1.25E-14 2.42E-09 2.12E-14
  4.68E+06 1.73E-24 3.79E-26 1.27E-18 5.70E-16 2.57E-13 3.25E-21 1.12E-42 2.97E-81 7.56-104 1.11E-17 1.08E-31 3.54E-66 1.52E-06 1.06E-12 5.14E-14 7.95E-15 2.08E-09 1.15E-14
  4.78E+06 1.97E-24 5.32E-26 1.54E-18 5.69E-16 2.57E-13 3.44E-21 1.49E-42 4.09E-81 7.53-104 9.35E-18 1.19E-31 5.14E-66 1.36E-06 5.83E-13 6.48E-14 5.04E-15 1.80E-09 6.35E-15
  4.88E+06 2.22E-24 7.44E-26 1.87E-18 5.68E-16 2.57E-13 3.65E-21 1.98E-42 5.57E-81 7.49-104 7.84E-18 1.34E-31 7.39E-66 1.21E-06 3.22E-13 8.10E-14 3.20E-15 1.57E-09 3.54E-15
  4.98E+06 2.48E-24 1.04E-25 2.28E-18 5.68E-16 2.57E-13 3.90E-21 2.61E-42 7.50E-81 7.46-104 6.59E-18 1.54E-31 1.05E-65 1.08E-06 1.80E-13 1.01E-13 2.04E-15 1.38E-09 2.00E-15
  5.08E+06 2.75E-24 1.44E-25 2.77E-18 5.68E-16 2.57E-13 4.19E-21 3.43E-42 1.00E-80 7.42-104 5.54E-18 1.80E-31 1.49E-65 9.67E-07 1.02E-13 1.25E-13 1.31E-15 1.22E-09 1.15E-15
  5.18E+06 3.05E-24 2.01E-25 3.35E-18 5.67E-16 2.57E-13 4.52E-21 4.53E-42 1.35E-80 7.38-104 4.66E-18 2.13E-31 2.11E-65 8.64E-07 5.86E-14 1.53E-13 8.44E-16 1.09E-09 6.67E-16
  5.28E+06 3.38E-24 2.78E-25 4.06E-18 5.67E-16 2.56E-13 4.91E-21 5.99E-42 1.82E-80 7.34-104 3.93E-18 2.56E-31 2.99E-65 7.72E-07 3.40E-14 1.88E-13 5.48E-16 9.80E-10 3.93E-16
  5.38E+06 3.77E-24 3.86E-25 4.92E-18 5.66E-16 2.56E-13 5.36E-21 8.00E-42 2.50E-80 7.30-104 3.31E-18 3.10E-31 4.25E-65 6.89E-07 2.00E-14 2.30E-13 3.58E-16 8.84E-10 2.35E-16
  5.48E+06 4.24E-24 5.34E-25 5.95E-18 5.65E-16 2.56E-13 5.90E-21 1.08E-41 3.49E-80 7.26-104 2.79E-18 3.78E-31 6.11E-65 6.13E-07 1.20E-14 2.81E-13 2.36E-16 8.02E-10 1.43E-16
  5.58E+06 4.80E-24 7.39E-25 7.20E-18 5.64E-16 2.56E-13 6.55E-21 1.47E-41 4.99E-80 7.22-104 2.36E-18 4.63E-31 8.85E-65 5.44E-07 7.27E-15 3.41E-13 1.57E-16 7.30E-10 8.80E-17
  5.68E+06 5.48E-24 1.02E-24 8.69E-18 5.62E-16 2.56E-13 7.31E-21 2.03E-41 7.29E-80 7.17-104 1.99E-18 5.68E-31 1.29E-64 4.81E-07 4.50E-15 4.13E-13 1.05E-16 6.67E-10 5.54E-17
  5.78E+06 6.31E-24 1.41E-24 1.05E-17 5.61E-16 2.55E-13 8.21E-21 2.84E-41 1.09E-79 7.12-104 1.68E-18 6.96E-31 1.91E-64 4.25E-07 2.83E-15 4.99E-13 7.18E-17 6.11E-10 3.55E-17
  5.88E+06 7.34E-24 1.95E-24 1.26E-17 5.58E-16 2.55E-13 9.27E-21 4.00E-41 1.65E-79 7.07-104 1.42E-18 8.51E-31 2.84E-64 3.73E-07 1.82E-15 6.01E-13 4.96E-17 5.62E-10 2.32E-17
  5.98E+06 8.59E-24 2.68E-24 1.52E-17 5.56E-16 2.55E-13 1.05E-20 5.68E-41 2.55E-79 7.02-104 1.19E-18 1.04E-30 4.25E-64 3.28E-07 1.19E-15 7.23E-13 3.47E-17 5.18E-10 1.55E-17
  6.08E+06 1.02E-23 3.69E-24 1.83E-17 5.52E-16 2.55E-13 1.20E-20 8.14E-41 3.99E-79 6.96-104 1.01E-18 1.27E-30 6.38E-64 2.87E-07 7.98E-16 8.68E-13 2.47E-17 4.79E-10 1.06E-17
  6.18E+06 1.22E-23 5.06E-24 2.19E-17 5.48E-16 2.54E-13 1.37E-20 1.19E-40 6.44E-79 6.90-104 8.50E-19 1.54E-30 9.70E-64 2.50E-07 5.49E-16 1.04E-12 1.79E-17 4.44E-10 7.40E-18
  6.28E+06 1.50E-23 6.92E-24 2.60E-17 5.44E-16 2.54E-13 1.60E-20 1.78E-40 1.10E-78 6.83-104 7.18E-19 1.88E-30 1.51E-63 2.16E-07 3.92E-16 1.24E-12 1.33E-17 4.12E-10 5.39E-18
  6.38E+06 1.93E-23 9.40E-24 3.08E-17 5.39E-16 2.53E-13 1.91E-20 2.81E-40 2.08E-78 6.76-104 6.09E-19 2.32E-30 2.46E-63 1.84E-07 2.96E-16 1.47E-12 1.01E-17 3.83E-10 4.15E-18
  6.48E+06 2.66E-23 1.26E-23 3.61E-17 5.33E-16 2.53E-13 2.37E-20 4.79E-40 4.60E-78 6.68-104 5.19E-19 2.93E-30 4.27E-63 1.53E-07 2.42E-16 1.73E-12 7.99E-18 3.56E-10 3.48E-18
  6.58E+06 3.97E-23 1.67E-23 4.16E-17 5.27E-16 2.52E-13 3.07E-20 8.93E-40 1.20E-77 6.60-104 4.48E-19 3.82E-30 7.96E-63 1.24E-07 2.18E-16 1.99E-12 6.62E-18 3.32E-10 3.21E-18
  6.68E+06 6.29E-23 2.17E-23 4.70E-17 5.21E-16 2.52E-13 4.09E-20 1.76E-39 3.53E-77 6.52-104 3.91E-19 5.18E-30 1.54E-62 9.88E-08 2.13E-16 2.25E-12 5.73E-18 3.09E-10 3.23E-18
  6.78E+06 1.02E-22 2.76E-23 5.19E-17 5.15E-16 2.51E-13 5.43E-20 3.47E-39 1.03E-76 6.42-104 3.47E-19 7.30E-30 2.90E-62 7.81E-08 2.20E-16 2.50E-12 5.10E-18 2.89E-10 3.41E-18
  6.88E+06 1.60E-22 3.44E-23 5.62E-17 5.10E-16 2.50E-13 6.97E-20 6.47E-39 2.70E-76 6.32-104 3.11E-19 1.05E-29 5.08E-62 6.22E-08 2.28E-16 2.73E-12 4.61E-18 2.69E-10 3.61E-18
  6.98E+06 2.40E-22 4.23E-23 6.00E-17 5.05E-16 2.50E-13 8.48E-20 1.10E-38 5.88E-76 6.21-104 2.79E-19 1.53E-29 7.98E-62 5.04E-08 2.31E-16 2.96E-12 4.15E-18 2.51E-10 3.70E-18
  7.08E+06 3.36E-22 5.17E-23 6.35E-17 5.01E-16 2.49E-13 9.69E-20 1.69E-38 1.04E-75 6.10-104 2.51E-19 2.21E-29 1.12E-61 4.19E-08 2.23E-16 3.23E-12 3.71E-18 2.34E-10 3.58E-18
  7.18E+06 4.38E-22 6.30E-23 6.70E-17 4.96E-16 2.48E-13 1.04E-19 2.34E-38 1.48E-75 5.97-104 2.23E-19 3.16E-29 1.41E-61 3.57E-08 2.02E-16 3.57E-12 3.26E-18 2.18E-10 3.23E-18
  7.28E+06 5.33E-22 7.73E-23 7.11E-17 4.91E-16 2.47E-13 1.05E-19 2.94E-38 1.74E-75 5.84-104 1.95E-19 4.42E-29 1.62E-61 3.12E-08 1.71E-16 4.03E-12 2.80E-18 2.03E-10 2.70E-18
  7.38E+06 6.01E-22 9.62E-23 7.62E-17 4.84E-16 2.45E-13 9.93E-20 3.34E-38 1.67E-75 5.69-104 1.68E-19 6.08E-29 1.70E-61 2.76E-08 1.32E-16 4.69E-12 2.33E-18 1.88E-10 2.05E-18
  7.48E+06 6.34E-22 1.22E-22 8.26E-17 4.76E-16 2.44E-13 8.92E-20 3.52E-38 1.36E-75 5.54-104 1.42E-19 8.22E-29 1.66E-61 2.44E-08 9.43E-17 5.61E-12 1.86E-18 1.75E-10 1.42E-18
  7.58E+06 6.86E-22 1.53E-22 8.88E-17 4.68E-16 2.43E-13 8.00E-20 3.76E-38 1.15E-75 5.37-104 1.20E-19 1.09E-28 1.65E-61 2.12E-08 6.52E-17 6.76E-12 1.49E-18 1.62E-10 9.72E-19
  7.68E+06 6.99E-22 1.93E-22 9.60E-17 4.59E-16 2.41E-13 6.73E-20 3.58E-38 7.63E-76 5.19-104 1.04E-19 1.45E-28 1.45E-61 1.88E-08 4.11E-17 8.60E-12 1.19E-18 1.50E-10 6.12E-19
  7.78E+06 3.01E-22 2.92E-22 1.25E-16 4.28E-16 2.39E-13 3.33E-20 1.15E-38 5.79E-77 5.00-104 9.53E-20 1.93E-28 5.19E-62 2.38E-08 1.80E-17 1.48E-11 7.37E-19 1.39E-10 2.13E-19
  7.88E+06 4.39E-23 4.98E-22 1.82E-16 3.68E-16 2.37E-13 8.58E-21 9.66E-40 3.07E-79 4.79-104 1.01E-19 2.49E-28 5.49E-63 4.29E-08 5.69E-18 3.20E-11 2.85E-19 1.28E-10 3.87E-20
  7.98E+06 5.25E-24 7.58E-22 2.38E-16 3.10E-16 2.34E-13 1.93E-21 6.33E-41 9.72E-82 4.58-104 1.22E-19 2.85E-28 4.04E-64 7.59E-08 1.64E-18 6.78E-11 1.05E-19 1.18E-10 5.75E-21
  8.08E+06 7.39E-25 1.03E-21 2.78E-16 2.67E-16 2.31E-13 4.78E-22 5.18E-42 4.77E-84 4.34-104 1.55E-19 2.81E-28 3.32E-65 1.20E-07 4.69E-19 1.40E-10 5.66E-20 1.09E-10 9.09E-22
  8.18E+06 1.27E-25 1.33E-21 3.05E-16 2.36E-16 2.28E-13 1.36E-22 5.58E-43 4.07E-86 4.09-104 1.92E-19 2.44E-28 3.37E-66 1.73E-07 1.35E-19 2.93E-10 4.14E-20 1.00E-10 1.81E-22
  8.28E+06 2.62E-26 1.64E-21 3.23E-16 2.15E-16 2.24E-13 4.37E-23 7.78E-44 5.92E-88 3.83-104 2.29E-19 1.95E-28 4.29E-67 2.32E-07 3.97E-20 6.26E-10 3.37E-20 9.19E-11 4.92E-23
  8.38E+06 6.36E-27 2.00E-21 3.36E-16 1.98E-16 2.20E-13 1.58E-23 1.36E-44 1.49E-89 3.55-104 2.60E-19 1.50E-28 6.72E-68 2.92E-07 1.25E-20 1.35E-09 2.79E-20 8.39E-11 1.70E-23
  8.48E+06 1.78E-27 2.40E-21 3.45E-16 1.84E-16 2.16E-13 6.29E-24 2.94E-45 7.65E-91 3.25-104 2.81E-19 1.13E-28 1.28E-68 3.49E-07 4.29E-21 2.86E-09 2.26E-20 7.64E-11 6.60E-24
  8.58E+06 5.64E-28 2.87E-21 3.52E-16 1.72E-16 2.10E-13 2.75E-24 7.75E-46 8.81E-92 2.95-104 2.90E-19 8.63E-29 2.99E-69 3.99E-07 1.65E-21 5.93E-09 1.78E-20 6.94E-11 2.67E-24
  8.68E+06 2.00E-28 3.43E-21 3.58E-16 1.60E-16 2.04E-13 1.30E-24 2.53E-46 1.83E-92 2.64-104 2.88E-19 6.65E-29 8.58E-70 4.38E-07 6.97E-22 1.18E-08 1.35E-20 6.27E-11 1.10E-24
  8.78E+06 7.83E-29 4.10E-21 3.64E-16 1.48E-16 1.98E-13 6.62E-25 1.05E-46 5.56E-93 2.32-104 2.74E-19 5.20E-29 3.15E-70 4.64E-07 3.12E-22 2.27E-08 9.98E-21 5.65E-11 4.51E-25
  8.88E+06 3.34E-29 4.90E-21 3.69E-16 1.36E-16 1.90E-13 3.58E-25 5.72E-47 2.30E-93 2.02-104 2.51E-19 4.15E-29 1.51E-70 4.76E-07 1.44E-22 4.17E-08 7.25E-21 5.07E-11 1.87E-25
  8.98E+06 1.54E-29 5.86E-21 3.74E-16 1.23E-16 1.82E-13 2.04E-25 3.94E-47 1.22E-93 1.72-104 2.22E-19 3.37E-29 9.15E-71 4.74E-07 6.74E-23 7.31E-08 5.21E-21 4.53E-11 7.79E-26
  9.08E+06 7.57E-30 7.00E-21 3.78E-16 1.10E-16 1.73E-13 1.22E-25 3.22E-47 7.74E-94 1.43-104 1.89E-19 2.79E-29 6.60E-71 4.59E-07 3.17E-23 1.23E-07 3.74E-21 4.04E-11 3.29E-26
  9.18E+06 3.95E-30 8.36E-21 3.81E-16 9.72E-17 1.64E-13 7.60E-26 2.93E-47 5.46E-94 1.17-104 1.57E-19 2.36E-29 5.28E-71 4.34E-07 1.49E-23 1.99E-07 2.67E-21 3.59E-11 1.41E-26
  9.28E+06 2.16E-30 9.97E-21 3.82E-16 8.47E-17 1.54E-13 4.89E-26 2.82E-47 4.08E-94 9.28-105 1.26E-19 2.04E-29 4.49E-71 4.01E-07 7.03E-24 3.10E-07 1.91E-21 3.18E-11 6.13E-27
  9.38E+06 1.24E-30 1.19E-20 3.82E-16 7.29E-17 1.43E-13 3.24E-26 2.82E-47 3.15E-94 7.18-105 9.90E-20 1.80E-29 3.94E-71 3.63E-07 3.31E-24 4.68E-07 1.37E-21 2.82E-11 2.70E-27
  9.48E+06 7.40E-31 1.41E-20 3.81E-16 6.18E-17 1.32E-13 2.20E-26 2.88E-47 2.47E-94 5.39-105 7.56E-20 1.63E-29 3.53E-71 3.22E-07 1.56E-24 6.83E-07 9.78E-22 2.50E-11 1.21E-27
  9.58E+06 4.59E-31 1.66E-20 3.77E-16 5.17E-17 1.20E-13 1.52E-26 2.98E-47 1.95E-94 3.92-105 5.64E-20 1.52E-29 3.19E-71 2.80E-07 7.35E-25 9.71E-07 7.00E-22 2.22E-11 5.47E-28
  9.68E+06 2.94E-31 1.96E-20 3.72E-16 4.26E-17 1.08E-13 1.08E-26 3.12E-47 1.55E-94 2.76-105 4.14E-20 1.48E-29 2.91E-71 2.39E-07 3.47E-25 1.34E-06 5.01E-22 1.99E-11 2.51E-28
  9.78E+06 1.96E-31 2.29E-20 3.64E-16 3.47E-17 9.64E-14 7.77E-27 3.27E-47 1.22E-94 1.87-105 3.01E-20 1.51E-29 2.64E-71 2.00E-07 1.64E-25 1.82E-06 3.59E-22 1.80E-11 1.17E-28
  9.88E+06 1.35E-31 2.66E-20 3.55E-16 2.80E-17 8.48E-14 5.73E-27 3.45E-47 9.51E-95 1.23-105 2.23E-20 1.64E-29 2.40E-71 1.65E-07 8.04E-26 2.40E-06 2.58E-22 1.66E-11 5.63E-29
  9.98E+06 9.88E-32 3.04E-20 3.43E-16 2.32E-17 7.37E-14 4.34E-27 3.64E-47 7.23E-95 7.83-106 1.78E-20 1.85E-29 2.14E-71 1.33E-07 4.77E-26 3.12E-06 1.87E-22 1.57E-11 3.15E-29

 TP, TL
           1.75E+08 4.55E+02 4.30E+08 6.34E+11 6.65E+09 1.31E+08 1.03E-15 4.54E-38 1.01E-89 6.65E+09 1.78E-05 5.57E-35 2.35E+15 1.35E+10 1.16E+08 3.29E+10 1.36E+06 2.45E+10
           1.75E+08 4.55E+02 4.30E+08 6.42E+11 6.55E+09 1.15E+08 1.03E-15 4.54E-38 1.01E-89 6.65E+09 1.78E-05 5.57E-35 2.35E+15 1.34E+10 2.16E+08 3.29E+10 1.73E+09 2.45E+10

     Z        N2O5     CO2      SO4AER   S8AER   
  2.50E+04 4.00E-18 1.96E-04 2.00E-10 1.00E-38
  7.50E+04 5.27E-18 1.96E-04 2.11E-10 1.00E-38
  1.25E+05 7.58E-18 1.96E-04 2.34E-10 1.00E-38
  1.75E+05 1.18E-17 1.96E-04 2.70E-10 1.00E-38
  2.75E+05 3.32E-17 1.96E-04 3.70E-10 1.00E-38
  3.75E+05 1.04E-16 1.96E-04 4.96E-10 1.00E-38
  4.75E+05 3.31E-16 1.96E-04 6.39E-10 1.00E-38
  5.75E+05 8.11E-16 1.96E-04 7.94E-10 1.00E-38
  6.75E+05 1.31E-15 1.96E-04 9.59E-10 1.00E-38
  7.75E+05 1.69E-15 1.96E-04 1.13E-09 1.00E-38
  8.75E+05 2.09E-15 1.96E-04 1.32E-09 1.00E-38
  9.75E+05 2.51E-15 1.96E-04 1.52E-09 1.00E-38
  1.08E+06 3.01E-15 1.96E-04 1.78E-09 1.00E-38
  1.18E+06 4.65E-15 1.96E-04 2.41E-09 1.00E-38
  1.28E+06 9.49E-15 1.96E-04 3.48E-09 1.00E-38
  1.38E+06 2.89E-14 1.96E-04 5.19E-09 1.00E-38
  1.48E+06 9.27E-14 1.96E-04 7.00E-09 1.00E-38
  1.58E+06 2.63E-13 1.96E-04 8.31E-09 1.00E-38
  1.68E+06 6.37E-13 1.96E-04 8.78E-09 1.00E-38
  1.78E+06 1.28E-12 1.96E-04 8.37E-09 1.00E-38
  1.88E+06 2.22E-12 1.96E-04 7.35E-09 1.00E-38
  1.98E+06 3.44E-12 1.96E-04 6.10E-09 1.00E-38
  2.08E+06 4.78E-12 1.96E-04 4.93E-09 1.00E-38
  2.18E+06 6.17E-12 1.96E-04 3.97E-09 1.00E-38
  2.28E+06 7.40E-12 1.96E-04 3.21E-09 1.00E-38
  2.38E+06 8.29E-12 1.96E-04 2.62E-09 1.00E-38
  2.48E+06 8.71E-12 1.96E-04 2.16E-09 1.00E-38
  2.58E+06 8.58E-12 1.96E-04 1.80E-09 1.00E-38
  2.68E+06 7.95E-12 1.96E-04 1.52E-09 1.00E-38
  2.78E+06 6.94E-12 1.96E-04 1.29E-09 1.00E-38
  2.88E+06 5.71E-12 1.96E-04 1.11E-09 1.00E-38
  2.98E+06 4.45E-12 1.97E-04 9.55E-10 1.00E-38
  3.08E+06 3.28E-12 1.97E-04 8.32E-10 1.00E-38
  3.18E+06 2.29E-12 1.97E-04 7.32E-10 1.00E-38
  3.28E+06 1.51E-12 1.97E-04 6.40E-10 1.00E-38
  3.38E+06 9.47E-13 1.97E-04 5.55E-10 1.00E-38
  3.48E+06 5.58E-13 1.97E-04 4.78E-10 1.00E-38
  3.58E+06 3.08E-13 1.97E-04 4.08E-10 1.00E-38
  3.68E+06 1.58E-13 1.97E-04 3.48E-10 1.00E-38
  3.78E+06 7.44E-14 1.97E-04 2.95E-10 1.00E-38
  3.88E+06 3.19E-14 1.97E-04 2.48E-10 1.00E-38
  3.98E+06 1.24E-14 1.97E-04 2.08E-10 1.00E-38
  4.08E+06 4.48E-15 1.97E-04 1.74E-10 1.00E-38
  4.18E+06 1.52E-15 1.97E-04 1.44E-10 1.00E-38
  4.28E+06 5.00E-16 1.97E-04 1.19E-10 1.00E-38
  4.38E+06 1.63E-16 1.97E-04 9.79E-11 1.00E-38
  4.48E+06 5.33E-17 1.97E-04 8.04E-11 1.00E-38
  4.58E+06 1.74E-17 1.97E-04 6.55E-11 1.00E-38
  4.68E+06 5.77E-18 1.97E-04 5.32E-11 1.00E-38
  4.78E+06 1.94E-18 1.97E-04 4.30E-11 1.00E-38
  4.88E+06 6.61E-19 1.97E-04 3.44E-11 1.00E-38
  4.98E+06 2.30E-19 1.97E-04 2.74E-11 1.00E-38
  5.08E+06 8.14E-20 1.97E-04 2.16E-11 1.00E-38
  5.18E+06 2.93E-20 1.97E-04 1.69E-11 1.00E-38
  5.28E+06 1.07E-20 1.97E-04 1.30E-11 1.00E-38
  5.38E+06 4.01E-21 1.97E-04 9.80E-12 1.00E-38
  5.48E+06 1.53E-21 1.97E-04 7.27E-12 1.00E-38
  5.58E+06 5.95E-22 1.96E-04 5.28E-12 1.00E-38
  5.68E+06 2.38E-22 1.96E-04 3.73E-12 1.00E-38
  5.78E+06 9.75E-23 1.96E-04 2.56E-12 1.00E-38
  5.88E+06 4.12E-23 1.96E-04 1.70E-12 1.00E-38
  5.98E+06 1.79E-23 1.96E-04 1.09E-12 1.00E-38
  6.08E+06 8.08E-24 1.96E-04 6.65E-13 1.00E-38
  6.18E+06 3.78E-24 1.96E-04 3.88E-13 1.00E-38
  6.28E+06 1.85E-24 1.96E-04 2.14E-13 1.00E-38
  6.38E+06 9.70E-25 1.96E-04 1.10E-13 1.00E-38
  6.48E+06 5.56E-25 1.96E-04 5.30E-14 1.00E-38
  6.58E+06 3.56E-25 1.96E-04 2.34E-14 1.00E-38
  6.68E+06 2.52E-25 1.95E-04 9.40E-15 1.00E-38
  6.78E+06 1.91E-25 1.95E-04 3.38E-15 1.00E-38
  6.88E+06 1.47E-25 1.95E-04 1.07E-15 1.00E-38
  6.98E+06 1.11E-25 1.95E-04 2.90E-16 1.00E-38
  7.08E+06 8.00E-26 1.95E-04 6.63E-17 1.00E-38
  7.18E+06 5.43E-26 1.94E-04 1.23E-17 1.00E-38
  7.28E+06 3.44E-26 1.94E-04 1.78E-18 1.00E-38
  7.38E+06 1.97E-26 1.93E-04 1.90E-19 1.00E-38
  7.48E+06 1.02E-26 1.93E-04 1.38E-20 1.00E-38
  7.58E+06 5.22E-27 1.92E-04 6.01E-22 1.00E-38
  7.68E+06 2.49E-27 1.92E-04 1.30E-23 1.00E-38
  7.78E+06 6.73E-28 1.91E-04 8.94E-26 1.00E-38
  7.88E+06 9.11E-29 1.90E-04 1.14E-29 1.00E-38
  7.98E+06 9.85E-30 1.89E-04 1.23E-31 1.00E-38
  8.08E+06 1.26E-30 1.89E-04 6.34E-34 1.00E-38
  8.18E+06 2.92E-31 1.88E-04 1.35E-36 1.00E-38
  8.28E+06 1.24E-31 1.86E-04 1.00E-38 1.00E-38
  8.38E+06 6.47E-32 1.85E-04 1.00E-38 1.00E-38
  8.48E+06 3.41E-32 1.84E-04 1.00E-38 1.00E-38
  8.58E+06 1.72E-32 1.82E-04 1.00E-38 1.00E-38
  8.68E+06 8.12E-33 1.80E-04 1.00E-38 1.00E-38
  8.78E+06 3.66E-33 1.78E-04 1.00E-38 1.00E-38
  8.88E+06 1.59E-33 1.76E-04 1.00E-38 1.00E-38
  8.98E+06 6.83E-34 1.74E-04 1.00E-38 1.00E-38
  9.08E+06 2.93E-34 1.71E-04 1.00E-38 1.00E-38
  9.18E+06 1.26E-34 1.69E-04 1.00E-38 1.00E-38
  9.28E+06 5.43E-35 1.65E-04 1.00E-38 1.00E-38
  9.38E+06 2.36E-35 1.62E-04 1.00E-38 1.00E-38
  9.48E+06 1.04E-35 1.58E-04 1.00E-38 1.00E-38
  9.58E+06 4.57E-36 1.55E-04 1.00E-38 1.00E-38
  9.68E+06 2.03E-36 1.50E-04 1.00E-38 1.00E-38
  9.78E+06 9.07E-37 1.46E-04 1.00E-38 1.00E-38
  9.88E+06 4.11E-37 1.41E-04 1.00E-38 1.00E-38
  9.98E+06 2.04E-37 1.36E-04 1.00E-38 1.00E-38

 TP, TL
           2.47E+08 2.45E+11 6.36E+09 0.00E+00
           2.47E+08 2.18E+09 6.28E+09 1.71E-19

     TP = 0.000E+00  TL = 1.711E-19


 OZONE COLUMN DEPTH =  6.0436E+18


 O2, CO, CH4 COLUMN DEPTHs =      1.615E+24     1.738E+18     3.827E+19

 SULFUR COLUMN DEPTHS:  H2S = 3.455E+13  SO2 = 9.163E+15  S2 = 3.441E-11  S4 = 3.920E-37  S8 = 0.000E+00

 SCALED AEROSOL EXTINCTION OPTICAL DEPTHS
     SULFATE = 7.051E-02     S8(VIS) = 2.041E-30     S8(UV) = 4.081E-30

 FH2O AT COLD TRAP = 6.780E-06

 NUMBER DENSITIES OF LONG-LIVED SPECIES


     Z        O        O2       H2O      H        OH       HO2      H2O2     H2       CO       HCO      H2CO     CH4      CH3      C2H6     NO       NO2      HNO      H2S     
  2.50E+04 2.04E+03 1.83E+18 2.80E+17 2.82E-01 1.04E+06 2.69E+08 2.65E+10 1.32E+13 2.74E+12 1.11E-02 5.71E+09 4.49E+13 1.01E-01 1.22E-06 4.89E+07 9.41E+07 4.31E+02 2.31E+08
  1.25E+05 2.46E+03 1.66E+18 1.78E+17 3.01E-01 1.09E+06 2.54E+08 2.61E+10 1.20E+13 2.36E+12 1.13E-02 4.87E+09 4.05E+13 9.27E-02 1.10E-06 5.32E+07 8.96E+07 3.44E+02 1.03E+08
  2.25E+05 3.07E+03 1.50E+18 1.08E+17 3.20E-01 1.16E+06 2.31E+08 2.40E+10 1.08E+13 2.03E+12 1.08E-02 3.86E+09 3.66E+13 8.51E-02 9.95E-07 6.20E+07 9.30E+07 2.04E+02 4.50E+07
  3.25E+05 3.90E+03 1.36E+18 6.06E+16 3.34E-01 1.21E+06 2.02E+08 2.04E+10 9.80E+12 1.74E+12 9.84E-03 2.99E+09 3.30E+13 7.61E-02 8.93E-07 7.56E+07 1.01E+08 1.15E+02 1.96E+07
  4.25E+05 4.93E+03 1.22E+18 3.18E+16 3.41E-01 1.23E+06 1.70E+08 1.61E+10 8.86E+12 1.50E+12 8.58E-03 2.23E+09 2.98E+13 6.52E-02 8.01E-07 9.27E+07 1.09E+08 6.34E+01 8.62E+06
  5.25E+05 6.11E+03 1.11E+18 1.52E+16 3.25E-01 1.18E+06 1.37E+08 1.19E+10 8.00E+12 1.29E+12 6.78E-03 1.56E+09 2.69E+13 5.08E-02 7.19E-07 1.05E+08 1.06E+08 3.31E+01 3.91E+06
  6.25E+05 7.37E+03 9.99E+17 6.45E+15 2.75E-01 1.01E+06 1.05E+08 8.44E+09 7.23E+12 1.12E+12 4.59E-03 9.79E+08 2.43E+13 3.37E-02 6.48E-07 9.83E+07 8.17E+07 1.52E+01 1.89E+06
  7.25E+05 8.68E+03 9.02E+17 2.41E+15 2.16E-01 8.04E+05 7.77E+07 5.73E+09 6.53E+12 9.74E+11 2.81E-03 5.64E+08 2.19E+13 2.00E-02 5.88E-07 8.71E+07 5.76E+07 7.08E+00 9.81E+05
  8.25E+05 1.01E+04 8.13E+17 7.88E+14 1.87E-01 7.04E+05 5.50E+07 3.72E+09 5.89E+12 8.49E+11 1.80E-03 3.27E+08 1.97E+13 1.25E-02 5.36E-07 1.02E+08 5.18E+07 4.47E+00 5.34E+05
  9.25E+05 1.15E+04 7.31E+17 2.27E+14 1.83E-01 6.98E+05 3.74E+07 2.36E+09 5.30E+12 7.41E+11 1.27E-03 2.02E+08 1.77E+13 8.49E-03 4.91E-07 1.48E+08 5.61E+07 3.61E+00 3.01E+05
  1.02E+06 1.34E+04 6.51E+17 6.82E+13 1.89E-01 7.14E+05 2.53E+07 1.46E+09 4.72E+12 6.41E+11 9.73E-04 1.32E+08 1.58E+13 6.11E-03 4.50E-07 2.09E+08 5.91E+07 2.88E+00 1.73E+05
  1.12E+06 1.90E+04 5.60E+17 3.99E+13 2.03E-01 6.96E+05 1.74E+07 7.76E+08 4.06E+12 5.30E+11 8.48E-04 9.74E+07 1.36E+13 5.88E-03 4.11E-07 2.63E+08 6.89E+07 1.83E+00 8.69E+04
  1.22E+06 3.31E+04 4.81E+17 2.77E+13 1.87E-01 6.00E+05 9.63E+06 2.61E+08 3.48E+12 4.18E+11 6.88E-04 6.88E+07 1.16E+13 5.15E-03 4.23E-07 3.61E+08 1.06E+08 8.82E-01 2.89E+04
  1.32E+06 6.38E+04 4.11E+17 2.37E+13 1.56E-01 4.78E+05 5.08E+06 6.62E+07 2.98E+12 3.20E+11 5.28E-04 4.65E+07 9.88E+12 4.33E-03 4.96E-07 4.83E+08 1.84E+08 3.93E-01 7.98E+03
  1.42E+06 1.35E+05 3.51E+17 2.04E+13 1.26E-01 3.84E+05 2.86E+06 1.33E+07 2.54E+12 2.30E+11 4.24E-04 3.25E+07 8.35E+12 3.82E-03 6.85E-07 6.40E+08 3.59E+08 2.45E-01 1.57E+03
  1.52E+06 2.60E+05 2.99E+17 1.76E+13 1.17E-01 3.57E+05 2.16E+06 4.79E+06 2.16E+12 1.62E+11 4.11E-04 2.65E+07 7.01E+12 4.01E-03 9.39E-07 7.66E+08 5.85E+08 2.91E-01 2.74E+02
  1.62E+06 4.70E+05 2.54E+17 1.52E+13 1.15E-01 3.60E+05 1.93E+06 3.21E+06 1.83E+12 1.11E+11 4.39E-04 2.35E+07 5.85E+12 4.62E-03 1.27E-06 8.70E+08 8.55E+08 3.79E-01 4.01E+01
  1.72E+06 7.94E+05 2.17E+17 1.32E+13 1.21E-01 3.83E+05 1.92E+06 2.93E+06 1.55E+12 7.54E+10 4.97E-04 2.20E+07 4.86E+12 5.63E-03 1.66E-06 9.57E+08 1.13E+09 4.47E-01 5.03E+00
  1.82E+06 1.26E+06 1.85E+17 1.15E+13 1.35E-01 4.28E+05 2.05E+06 3.09E+06 1.31E+12 5.17E+10 5.87E-04 2.13E+07 4.02E+12 7.14E-03 2.08E-06 1.03E+09 1.38E+09 4.55E-01 5.55E-01
  1.92E+06 1.92E+06 1.57E+17 1.01E+13 1.61E-01 4.94E+05 2.28E+06 3.56E+06 1.11E+12 3.60E+10 7.14E-04 2.10E+07 3.30E+12 9.30E-03 2.55E-06 1.10E+09 1.61E+09 3.72E-01 5.25E-02
  2.02E+06 2.81E+06 1.34E+17 8.79E+12 2.05E-01 5.90E+05 2.62E+06 4.34E+06 9.36E+11 2.59E+10 8.92E-04 2.11E+07 2.71E+12 1.24E-02 3.06E-06 1.16E+09 1.79E+09 2.34E-01 4.47E-03
  2.12E+06 4.00E+06 1.14E+17 7.68E+12 2.77E-01 7.22E+05 3.09E+06 5.47E+06 7.89E+11 1.93E+10 1.14E-03 2.15E+07 2.22E+12 1.69E-02 3.62E-06 1.22E+09 1.92E+09 1.46E-01 4.55E-04
  2.22E+06 5.58E+06 9.76E+16 6.72E+12 3.95E-01 9.02E+05 3.69E+06 7.01E+06 6.64E+11 1.48E+10 1.47E-03 2.19E+07 1.81E+12 2.33E-02 4.28E-06 1.27E+09 2.02E+09 9.90E-02 1.36E-04
  2.32E+06 7.66E+06 8.32E+16 5.87E+12 5.89E-01 1.14E+06 4.45E+06 9.01E+06 5.59E+11 1.18E+10 1.93E-03 2.24E+07 1.48E+12 3.26E-02 5.06E-06 1.32E+09 2.07E+09 7.78E-02 9.12E-05
  2.42E+06 1.04E+07 7.10E+16 5.13E+12 9.14E-01 1.45E+06 5.36E+06 1.14E+07 4.70E+11 9.57E+09 2.54E-03 2.28E+07 1.20E+12 4.57E-02 6.05E-06 1.36E+09 2.07E+09 7.33E-02 6.67E-05
  2.52E+06 1.39E+07 6.07E+16 4.48E+12 1.46E+00 1.84E+06 6.41E+06 1.41E+07 3.95E+11 7.93E+09 3.35E-03 2.29E+07 9.78E+11 6.43E-02 7.35E-06 1.38E+09 2.03E+09 8.02E-02 4.71E-05
  2.62E+06 1.86E+07 5.18E+16 3.92E+12 2.42E+00 2.31E+06 7.54E+06 1.67E+07 3.31E+11 6.68E+09 4.36E-03 2.27E+07 7.95E+11 9.00E-02 9.10E-06 1.40E+09 1.95E+09 9.55E-02 3.17E-05
  2.72E+06 2.46E+07 4.43E+16 3.42E+12 4.09E+00 2.84E+06 8.69E+06 1.89E+07 2.78E+11 5.69E+09 5.60E-03 2.22E+07 6.44E+11 1.25E-01 1.15E-05 1.39E+09 1.83E+09 1.17E-01 2.02E-05
  2.82E+06 3.24E+07 3.79E+16 2.99E+12 7.09E+00 3.42E+06 9.77E+06 2.04E+07 2.33E+11 4.90E+09 7.04E-03 2.14E+07 5.21E+11 1.72E-01 1.49E-05 1.37E+09 1.68E+09 1.45E-01 1.23E-05
  2.92E+06 4.26E+07 3.24E+16 2.61E+12 1.25E+01 4.03E+06 1.07E+07 2.10E+07 1.95E+11 4.26E+09 8.69E-03 2.03E+07 4.21E+11 2.35E-01 1.96E-05 1.33E+09 1.51E+09 1.77E-01 7.26E-06
  3.02E+06 5.60E+07 2.77E+16 2.28E+12 2.25E+01 4.63E+06 1.14E+07 2.05E+07 1.63E+11 3.74E+09 1.05E-02 1.91E+07 3.39E+11 3.18E-01 2.63E-05 1.27E+09 1.32E+09 2.13E-01 4.10E-06
  3.12E+06 7.35E+07 2.37E+16 1.99E+12 4.10E+01 5.24E+06 1.19E+07 1.93E+07 1.37E+11 3.30E+09 1.25E-02 1.78E+07 2.72E+11 4.29E-01 3.56E-05 1.19E+09 1.12E+09 2.53E-01 2.27E-06
  3.22E+06 9.66E+07 2.03E+16 1.74E+12 7.56E+01 5.85E+06 1.21E+07 1.74E+07 1.14E+11 2.92E+09 1.47E-02 1.64E+07 2.18E+11 5.76E-01 4.85E-05 1.10E+09 9.22E+08 2.96E-01 1.25E-06
  3.32E+06 1.27E+08 1.74E+16 1.51E+12 1.41E+02 6.50E+06 1.21E+07 1.50E+07 9.60E+10 2.58E+09 1.71E-02 1.51E+07 1.74E+11 7.72E-01 6.69E-05 9.98E+08 7.38E+08 3.41E-01 6.76E-07
  3.42E+06 1.67E+08 1.50E+16 1.32E+12 2.66E+02 7.22E+06 1.19E+07 1.25E+07 8.08E+10 2.28E+09 1.99E-02 1.38E+07 1.39E+11 1.03E+00 9.24E-05 8.92E+08 5.73E+08 3.90E-01 3.67E-07
  3.52E+06 2.20E+08 1.29E+16 1.16E+12 5.06E+02 8.07E+06 1.14E+07 1.01E+07 6.83E+10 2.01E+09 2.31E-02 1.25E+07 1.11E+11 1.38E+00 1.28E-04 7.88E+08 4.31E+08 4.43E-01 2.05E-07
  3.62E+06 2.90E+08 1.11E+16 1.01E+12 9.73E+02 9.06E+06 1.08E+07 7.92E+06 5.80E+10 1.77E+09 2.68E-02 1.12E+07 8.89E+10 1.84E+00 1.76E-04 6.90E+08 3.12E+08 5.02E-01 1.20E-07
  3.72E+06 3.82E+08 9.61E+15 8.87E+11 1.88E+03 1.02E+07 1.02E+07 6.13E+06 4.97E+10 1.55E+09 3.11E-02 9.98E+06 7.13E+10 2.45E+00 2.42E-04 6.00E+08 2.18E+08 5.67E-01 7.59E-08
  3.82E+06 5.01E+08 8.33E+15 7.78E+11 3.59E+03 1.15E+07 9.53E+06 4.74E+06 4.30E+10 1.35E+09 3.56E-02 8.79E+06 5.75E+10 3.20E+00 3.31E-04 5.19E+08 1.45E+08 6.31E-01 5.24E-08
  3.92E+06 6.50E+08 7.25E+15 6.83E+11 6.70E+03 1.27E+07 8.94E+06 3.72E+06 3.75E+10 1.18E+09 4.00E-02 7.61E+06 4.66E+10 4.08E+00 4.52E-04 4.44E+08 9.22E+07 6.85E-01 3.94E-08
  4.02E+06 8.26E+08 6.33E+15 6.00E+11 1.19E+04 1.37E+07 8.41E+06 2.99E+06 3.32E+10 1.03E+09 4.32E-02 6.46E+06 3.80E+10 5.00E+00 6.17E-04 3.75E+08 5.62E+07 7.16E-01 3.22E-08
  4.12E+06 1.02E+09 5.54E+15 5.29E+11 1.99E+04 1.43E+07 7.93E+06 2.46E+06 2.97E+10 9.02E+08 4.48E-02 5.38E+06 3.13E+10 5.83E+00 8.49E-04 3.13E+08 3.31E+07 7.13E-01 2.81E-08
  4.22E+06 1.22E+09 4.86E+15 4.66E+11 3.09E+04 1.44E+07 7.47E+06 2.05E+06 2.69E+10 7.95E+08 4.44E-02 4.40E+06 2.60E+10 6.47E+00 1.19E-03 2.58E+08 1.92E+07 6.78E-01 2.58E-08
  4.32E+06 1.41E+09 4.28E+15 4.12E+11 4.53E+04 1.42E+07 7.02E+06 1.73E+06 2.46E+10 7.06E+08 4.24E-02 3.56E+06 2.18E+10 6.87E+00 1.69E-03 2.10E+08 1.10E+07 6.21E-01 2.44E-08
  4.42E+06 1.59E+09 3.78E+15 3.63E+11 6.29E+04 1.37E+07 6.57E+06 1.47E+06 2.27E+10 6.34E+08 3.92E-02 2.86E+06 1.84E+10 7.04E+00 2.43E-03 1.71E+08 6.36E+06 5.52E-01 2.35E-08
  4.52E+06 1.75E+09 3.33E+15 3.21E+11 8.40E+04 1.30E+07 6.11E+06 1.25E+06 2.11E+10 5.78E+08 3.56E-02 2.29E+06 1.57E+10 7.06E+00 3.52E-03 1.38E+08 3.69E+06 4.81E-01 2.26E-08
  4.62E+06 1.89E+09 2.94E+15 2.83E+11 1.09E+05 1.21E+07 5.65E+06 1.06E+06 1.97E+10 5.35E+08 3.19E-02 1.83E+06 1.34E+10 7.01E+00 5.05E-03 1.11E+08 2.16E+06 4.11E-01 2.15E-08
  4.72E+06 2.01E+09 2.59E+15 2.49E+11 1.38E+05 1.12E+07 5.19E+06 8.95E+05 1.84E+10 5.03E+08 2.84E-02 1.46E+06 1.15E+10 6.93E+00 7.08E-03 8.91E+07 1.28E+06 3.48E-01 2.00E-08
  4.82E+06 2.11E+09 2.28E+15 2.18E+11 1.72E+05 1.03E+07 4.76E+06 7.52E+05 1.72E+10 4.83E+08 2.52E-02 1.16E+06 9.86E+09 6.82E+00 9.71E-03 7.14E+07 7.67E+05 2.92E-01 1.84E-08
  4.92E+06 2.21E+09 2.01E+15 1.91E+11 2.12E+05 9.49E+06 4.35E+06 6.32E+05 1.61E+10 4.73E+08 2.22E-02 9.25E+05 8.49E+09 6.69E+00 1.30E-02 5.73E+07 4.65E+05 2.44E-01 1.68E-08
  5.02E+06 2.29E+09 1.77E+15 1.68E+11 2.59E+05 8.69E+06 3.97E+06 5.32E+05 1.51E+10 4.71E+08 1.95E-02 7.36E+05 7.32E+09 6.55E+00 1.68E-02 4.59E+07 2.85E+05 2.04E-01 1.52E-08
  5.12E+06 2.36E+09 1.55E+15 1.47E+11 3.14E+05 7.95E+06 3.63E+06 4.48E+05 1.42E+10 4.76E+08 1.71E-02 5.85E+05 6.31E+09 6.41E+00 2.12E-02 3.69E+07 1.76E+05 1.70E-01 1.36E-08
  5.22E+06 2.41E+09 1.37E+15 1.28E+11 3.81E+05 7.29E+06 3.32E+06 3.79E+05 1.33E+10 4.87E+08 1.50E-02 4.64E+05 5.45E+09 6.26E+00 2.62E-02 2.96E+07 1.10E+05 1.42E-01 1.23E-08
  5.32E+06 2.46E+09 1.20E+15 1.12E+11 4.61E+05 6.68E+06 3.04E+06 3.23E+05 1.24E+10 5.04E+08 1.31E-02 3.68E+05 4.70E+09 6.11E+00 3.17E-02 2.38E+07 6.99E+04 1.20E-01 1.11E-08
  5.42E+06 2.49E+09 1.05E+15 9.73E+10 5.56E+05 6.14E+06 2.79E+06 2.76E+05 1.17E+10 5.25E+08 1.14E-02 2.91E+05 4.06E+09 5.94E+00 3.76E-02 1.91E+07 4.48E+04 1.01E-01 1.01E-08
  5.52E+06 2.52E+09 9.22E+14 8.47E+10 6.71E+05 5.66E+06 2.57E+06 2.38E+05 1.09E+10 5.51E+08 9.90E-03 2.30E+05 3.50E+09 5.77E+00 4.38E-02 1.54E+07 2.91E+04 8.51E-02 9.34E-09
  5.62E+06 2.53E+09 8.07E+14 7.35E+10 8.09E+05 5.23E+06 2.38E+06 2.07E+05 1.03E+10 5.80E+08 8.58E-03 1.81E+05 3.01E+09 5.59E+00 5.03E-02 1.24E+07 1.91E+04 7.23E-02 8.69E-09
  5.72E+06 2.53E+09 7.07E+14 6.37E+10 9.77E+05 4.84E+06 2.21E+06 1.80E+05 9.63E+09 6.12E+08 7.43E-03 1.42E+05 2.59E+09 5.39E+00 5.70E-02 1.00E+07 1.28E+04 6.17E-02 8.17E-09
  5.82E+06 2.52E+09 6.18E+14 5.52E+10 1.18E+06 4.50E+06 2.05E+06 1.59E+05 9.04E+09 6.46E+08 6.41E-03 1.12E+05 2.22E+09 5.18E+00 6.37E-02 8.08E+06 8.67E+03 5.30E-02 7.77E-09
  5.92E+06 2.50E+09 5.40E+14 4.76E+10 1.43E+06 4.19E+06 1.92E+06 1.40E+05 8.49E+09 6.81E+08 5.53E-03 8.74E+04 1.90E+09 4.95E+00 7.03E-02 6.53E+06 5.98E+03 4.57E-02 7.46E-09
  6.02E+06 2.47E+09 4.72E+14 4.11E+10 1.73E+06 3.92E+06 1.79E+06 1.25E+05 7.98E+09 7.18E+08 4.79E-03 6.83E+04 1.62E+09 4.72E+00 7.68E-02 5.29E+06 4.20E+03 3.97E-02 7.24E-09
  6.12E+06 2.44E+09 4.12E+14 3.53E+10 2.10E+06 3.67E+06 1.69E+06 1.13E+05 7.51E+09 7.56E+08 4.22E-03 5.37E+04 1.38E+09 4.51E+00 8.32E-02 4.30E+06 3.01E+03 3.47E-02 7.14E-09
  6.22E+06 2.40E+09 3.59E+14 3.03E+10 2.57E+06 3.47E+06 1.60E+06 1.04E+05 7.07E+09 7.94E+08 3.93E-03 4.33E+04 1.17E+09 4.39E+00 8.93E-02 3.50E+06 2.21E+03 3.07E-02 7.24E-09
  6.32E+06 2.33E+09 3.13E+14 2.59E+10 3.16E+06 3.32E+06 1.54E+06 9.87E+04 6.66E+09 8.31E+08 4.18E-03 3.72E+04 9.88E+08 4.54E+00 9.50E-02 2.87E+06 1.67E+03 2.77E-02 7.73E-09
  6.42E+06 2.23E+09 2.72E+14 2.21E+10 3.91E+06 3.26E+06 1.52E+06 9.84E+04 6.27E+09 8.69E+08 5.40E-03 3.65E+04 8.31E+08 5.32E+00 1.00E-01 2.36E+06 1.33E+03 2.58E-02 8.98E-09
  6.52E+06 2.07E+09 2.37E+14 1.88E+10 4.90E+06 3.29E+06 1.55E+06 1.04E+05 5.91E+09 9.06E+08 8.31E-03 4.20E+04 6.95E+08 7.38E+00 1.05E-01 1.95E+06 1.13E+03 2.50E-02 1.16E-08
  6.62E+06 1.89E+09 2.06E+14 1.59E+10 6.24E+06 3.43E+06 1.63E+06 1.17E+05 5.58E+09 9.41E+08 1.37E-02 5.46E+04 5.77E+08 1.17E+01 1.10E-01 1.63E+06 1.02E+03 2.52E-02 1.65E-08
  6.72E+06 1.71E+09 1.79E+14 1.34E+10 8.05E+06 3.66E+06 1.76E+06 1.36E+05 5.27E+09 9.76E+08 2.26E-02 7.38E+04 4.76E+08 1.93E+01 1.14E-01 1.37E+06 9.68E+02 2.63E-02 2.45E-08
  6.82E+06 1.54E+09 1.55E+14 1.12E+10 1.05E+07 3.95E+06 1.92E+06 1.60E+05 4.97E+09 1.01E+09 3.54E-02 9.78E+04 3.90E+08 3.15E+01 1.18E-01 1.16E+06 9.37E+02 2.79E-02 3.61E-08
  6.92E+06 1.42E+09 1.34E+14 9.33E+09 1.39E+07 4.24E+06 2.07E+06 1.84E+05 4.69E+09 1.04E+09 5.25E-02 1.23E+05 3.16E+08 4.87E+01 1.22E-01 9.92E+05 8.99E+02 2.97E-02 5.04E-08
  7.02E+06 1.35E+09 1.16E+14 7.72E+09 1.87E+07 4.49E+06 2.19E+06 2.04E+05 4.42E+09 1.07E+09 7.32E-02 1.47E+05 2.54E+08 7.02E+01 1.24E-01 8.57E+05 8.37E+02 3.14E-02 6.49E-08
  7.12E+06 1.31E+09 1.00E+14 6.34E+09 2.52E+07 4.65E+06 2.25E+06 2.15E+05 4.16E+09 1.10E+09 9.65E-02 1.66E+05 2.03E+08 9.33E+01 1.24E-01 7.48E+05 7.48E+02 3.28E-02 7.60E-08
  7.22E+06 1.33E+09 8.68E+13 5.16E+09 3.42E+07 4.70E+06 2.25E+06 2.15E+05 3.90E+09 1.13E+09 1.20E-01 1.78E+05 1.60E+08 1.14E+02 1.21E-01 6.59E+05 6.37E+02 3.36E-02 8.05E-08
  7.32E+06 1.39E+09 7.49E+13 4.17E+09 4.67E+07 4.61E+06 2.18E+06 2.02E+05 3.65E+09 1.15E+09 1.43E-01 1.83E+05 1.25E+08 1.28E+02 1.15E-01 5.86E+05 5.16E+02 3.38E-02 7.70E-08
  7.42E+06 1.50E+09 6.42E+13 3.31E+09 6.39E+07 4.35E+06 2.01E+06 1.77E+05 3.38E+09 1.16E+09 1.63E-01 1.78E+05 9.63E+07 1.31E+02 1.05E-01 5.24E+05 3.88E+02 3.29E-02 6.55E-08
  7.52E+06 1.64E+09 5.51E+13 2.61E+09 8.74E+07 4.04E+06 1.83E+06 1.49E+05 3.11E+09 1.16E+09 1.78E-01 1.66E+05 7.36E+07 1.23E+02 9.16E-02 4.74E+05 2.85E+02 3.20E-02 5.28E-08
  7.62E+06 1.80E+09 4.72E+13 2.03E+09 1.24E+08 3.87E+06 1.71E+06 1.20E+05 2.84E+09 1.16E+09 1.87E-01 1.48E+05 5.59E+07 1.09E+02 7.72E-02 4.35E+05 2.14E+02 3.24E-02 4.12E-08
  7.72E+06 2.47E+09 4.05E+13 1.56E+09 1.91E+08 3.29E+06 1.42E+06 8.09E+04 2.57E+09 1.16E+09 1.91E-01 1.22E+05 4.21E+07 7.53E+01 6.30E-02 4.02E+05 1.21E+02 2.93E-02 2.12E-08
  7.82E+06 5.59E+09 3.47E+13 1.18E+09 2.99E+08 1.79E+06 7.38E+05 3.73E+04 2.29E+09 1.14E+09 1.96E-01 8.42E+04 3.16E+07 3.03E+01 5.02E-02 3.74E+05 3.16E+01 1.63E-02 4.15E-09
  7.92E+06 1.43E+10 2.98E+13 8.77E+08 4.10E+08 8.30E+05 2.99E+05 1.33E+04 2.01E+09 1.12E+09 2.04E-01 4.39E+04 2.36E+07 1.01E+01 3.96E-02 3.49E+05 6.58E+00 7.08E-03 4.34E-10
  8.02E+06 3.12E+10 2.55E+13 6.49E+08 4.93E+08 4.30E+05 1.23E+05 4.27E+03 1.75E+09 1.09E+09 1.99E-01 1.97E+04 1.75E+07 3.83E+00 3.08E-02 3.30E+05 2.19E+00 3.17E-03 3.38E-11
  8.12E+06 5.84E+10 2.19E+13 4.76E+08 5.43E+08 2.50E+05 5.34E+04 1.29E+03 1.51E+09 1.04E+09 1.84E-01 9.02E+03 1.30E+07 1.66E+00 2.37E-02 3.15E+05 1.24E+00 1.53E-03 2.09E-12
  8.22E+06 9.69E+10 1.87E+13 3.46E+08 5.62E+08 1.57E+05 2.46E+04 3.68E+02 1.30E+09 9.96E+08 1.64E-01 4.45E+03 9.50E+06 7.97E-01 1.79E-02 3.05E+05 9.13E-01 7.92E-04 1.05E-13
  8.32E+06 1.46E+11 1.60E+13 2.50E+08 5.56E+08 1.04E+05 1.19E+04 9.96E+01 1.12E+09 9.44E+08 1.41E-01 2.36E+03 6.93E+06 4.17E-01 1.33E-02 2.93E+05 7.27E-01 4.30E-04 4.52E-15
  8.42E+06 2.04E+11 1.37E+13 1.79E+08 5.34E+08 6.99E+04 5.99E+03 2.55E+01 9.64E+08 8.89E+08 1.18E-01 1.33E+03 5.03E+06 2.33E-01 9.72E-03 2.78E+05 5.84E-01 2.40E-04 1.93E-16
  8.52E+06 2.69E+11 1.17E+13 1.28E+08 5.00E+08 4.77E+04 3.13E+03 6.20E+00 8.27E+08 8.32E+08 9.53E-02 7.85E+02 3.63E+06 1.37E-01 6.99E-03 2.56E+05 4.61E-01 1.35E-04 1.13E-17
  8.62E+06 3.37E+11 9.96E+12 9.08E+07 4.60E+08 3.28E+04 1.68E+03 1.44E+00 7.10E+08 7.75E+08 7.51E-02 4.83E+02 2.61E+06 8.40E-02 4.95E-03 2.29E+05 3.53E-01 7.63E-05 1.11E-18
  8.72E+06 4.04E+11 8.48E+12 6.40E+07 4.18E+08 2.25E+04 9.31E+02 3.21E-01 6.09E+08 7.18E+08 5.79E-02 3.08E+02 1.86E+06 5.33E-02 3.46E-03 1.99E+05 2.63E-01 4.30E-05 1.57E-19
  8.82E+06 4.68E+11 7.21E+12 4.50E+07 3.75E+08 1.54E+04 5.27E+02 7.02E-02 5.22E+08 6.62E+08 4.39E-02 2.02E+02 1.33E+06 3.49E-02 2.39E-03 1.69E+05 1.92E-01 2.44E-05 2.69E-20
  8.92E+06 5.25E+11 6.11E+12 3.14E+07 3.34E+08 1.05E+04 3.05E+02 1.54E-02 4.48E+08 6.08E+08 3.30E-02 1.35E+02 9.41E+05 2.34E-02 1.64E-03 1.42E+05 1.38E-01 1.39E-05 5.32E-21
  9.02E+06 5.74E+11 5.17E+12 2.19E+07 2.96E+08 7.11E+03 1.79E+02 3.47E-03 3.84E+08 5.55E+08 2.47E-02 9.26E+01 6.66E+05 1.60E-02 1.11E-03 1.18E+05 9.89E-02 8.09E-06 1.18E-21
  9.12E+06 6.14E+11 4.37E+12 1.52E+07 2.61E+08 4.79E+03 1.07E+02 8.37E-04 3.29E+08 5.05E+08 1.85E-02 6.46E+01 4.71E+05 1.11E-02 7.56E-04 9.86E+04 7.07E-02 4.77E-06 2.90E-22
  9.22E+06 6.43E+11 3.69E+12 1.06E+07 2.29E+08 3.20E+03 6.51E+01 2.22E-04 2.82E+08 4.57E+08 1.38E-02 4.58E+01 3.34E+05 7.90E-03 5.13E-04 8.21E+04 5.05E-02 2.85E-06 7.78E-23
  9.32E+06 6.62E+11 3.10E+12 7.32E+06 2.00E+08 2.13E+03 4.00E+01 6.57E-05 2.42E+08 4.12E+08 1.04E-02 3.31E+01 2.37E+05 5.71E-03 3.50E-04 6.83E+04 3.61E-02 1.73E-06 2.26E-23
  9.42E+06 6.71E+11 2.61E+12 5.09E+06 1.74E+08 1.41E+03 2.49E+01 2.16E-05 2.07E+08 3.69E+08 7.96E-03 2.44E+01 1.69E+05 4.20E-03 2.40E-04 5.68E+04 2.58E-02 1.07E-06 7.02E-24
  9.52E+06 6.69E+11 2.19E+12 3.56E+06 1.52E+08 9.27E+02 1.57E+01 7.77E-06 1.78E+08 3.29E+08 6.17E-03 1.84E+01 1.22E+05 3.17E-03 1.67E-04 4.73E+04 1.85E-02 6.67E-07 2.33E-24
  9.62E+06 6.58E+11 1.83E+12 2.53E+06 1.32E+08 6.07E+02 9.98E+00 2.99E-06 1.53E+08 2.92E+08 4.90E-03 1.43E+01 9.00E+04 2.46E-03 1.18E-04 3.94E+04 1.32E-02 4.22E-07 8.27E-25
  9.72E+06 6.38E+11 1.54E+12 1.83E+06 1.14E+08 3.96E+02 6.44E+00 1.22E-06 1.31E+08 2.58E+08 4.03E-03 1.16E+01 6.81E+04 1.99E-03 8.57E-05 3.28E+04 9.46E-03 2.71E-07 3.13E-25
  9.82E+06 6.08E+11 1.29E+12 1.38E+06 9.90E+07 2.57E+02 4.22E+00 5.29E-07 1.13E+08 2.27E+08 3.50E-03 9.91E+00 5.34E+04 1.71E-03 6.47E-05 2.74E+04 6.80E-03 1.77E-07 1.28E-25
  9.92E+06 5.68E+11 1.08E+12 1.11E+06 8.56E+07 1.68E+02 2.83E+00 2.59E-07 9.68E+07 1.98E+08 3.27E-03 9.29E+00 4.41E+04 1.60E-03 5.13E-05 2.30E+04 4.90E-03 1.18E-07 5.75E-26

     Z        HS       S        SO       SO2      H2SO4    HSO      S2       S4       S8       SO3      OCS      S3       O3       HNO3     N        NO3      N2O      HO2NO2  
  2.50E+04 6.51E+02 2.04E-12 8.94E+00 1.69E+09 9.82E+07 1.56E+07 3.15E-16 5.38E-42 2.08E-84 4.05E-02 1.35E-02 1.50E-39 2.90E+11 5.01E+08 2.46-143 7.48E+03 7.48E+12 2.01E+06
  1.25E+05 3.16E+02 5.27E-13 6.98E+00 3.08E+09 1.83E+08 1.14E+07 9.92E-17 4.72E-43 1.89E-84 1.27E-01 1.22E-02 1.05E-40 2.95E+11 5.70E+08 1.09-130 6.51E+03 6.77E+12 3.81E+06
  2.25E+05 1.49E+02 1.29E-13 4.58E+00 3.93E+09 2.56E+08 5.76E+06 2.07E-17 1.82E-44 1.71E-84 2.92E-01 1.10E-02 4.63E-42 3.12E+11 6.72E+08 2.44-118 6.45E+03 6.12E+12 8.31E+06
  3.25E+05 6.75E+01 2.91E-14 2.82E+00 4.48E+09 3.12E+08 2.67E+06 3.54E-18 4.72E-46 1.54E-84 6.76E-01 9.94E-03 1.56E-43 3.36E+11 7.67E+08 2.61-106 6.74E+03 5.53E+12 1.93E+07
  4.25E+05 3.00E+01 6.36E-15 1.71E+00 4.86E+09 3.46E+08 1.20E+06 5.33E-19 9.53E-48 1.39E-84 1.57E+00 8.96E-03 4.48E-45 3.62E+11 8.20E+08 1.28E-94 6.97E+03 4.99E+12 4.77E+07
  5.25E+05 1.30E+01 1.32E-15 1.04E+00 5.15E+09 3.51E+08 5.54E+05 7.33E-20 1.60E-49 1.26E-84 3.66E+00 8.09E-03 1.12E-46 3.87E+11 8.19E+08 2.65E-83 6.68E+03 4.51E+12 1.17E+08
  6.25E+05 5.38E+00 2.55E-16 6.31E-01 5.38E+09 3.25E+08 2.70E+05 9.34E-21 2.31E-51 1.14E-84 8.46E+00 7.30E-03 2.42E-48 4.09E+11 7.72E+08 2.07E-72 5.88E+03 4.07E+12 2.35E+08
  7.25E+05 2.26E+00 5.44E-17 4.08E-01 5.53E+09 2.86E+08 1.41E+05 1.12E-21 2.96E-53 1.03E-84 2.05E+01 6.58E-03 5.44E-50 4.27E+11 7.12E+08 3.55E-62 5.32E+03 3.67E+12 3.40E+08
  8.25E+05 1.10E+00 2.66E-17 3.47E-01 5.53E+09 2.59E+08 7.60E+04 1.32E-22 3.65E-55 9.25E-85 6.05E+01 5.93E-03 2.76E-51 4.41E+11 6.65E+08 3.22E-53 5.24E+03 3.31E+12 3.72E+08
  9.25E+05 6.33E-01 7.77E-17 5.20E-01 5.39E+09 2.48E+08 4.21E+04 2.86E-23 1.53E-56 8.32E-85 2.24E+02 5.33E-03 1.54E-51 4.51E+11 6.33E+08 1.76E-45 5.38E+03 2.98E+12 3.38E+08
  1.02E+06 3.87E-01 6.97E-16 1.45E+00 5.15E+09 2.38E+08 2.39E+04 5.85E-23 5.62E-56 7.41E-85 8.14E+02 4.74E-03 2.46E-50 4.58E+11 6.14E+08 8.36E-39 5.60E+03 2.65E+12 2.76E+08
  1.12E+06 1.87E-01 6.08E-15 4.01E+00 4.91E+09 2.18E+08 1.20E+04 1.90E-22 5.05E-55 6.37E-85 1.74E+03 4.06E-03 5.91E-49 4.83E+11 6.35E+08 3.28E-33 5.29E+03 2.27E+12 2.13E+08
  1.22E+06 4.42E-02 5.17E-14 1.21E+01 5.16E+09 1.94E+08 4.13E+03 3.81E-22 1.72E-54 5.47E-85 2.78E+03 3.46E-03 8.50E-48 6.21E+11 8.36E+08 2.35E-28 5.68E+03 1.94E+12 1.73E+08
  1.32E+06 7.28E-03 3.79E-13 3.44E+01 5.64E+09 1.63E+08 1.34E+03 4.45E-22 1.99E-54 4.67E-85 2.96E+03 2.91E-03 6.13E-47 8.69E+11 1.24E+09 3.48E-24 6.93E+03 1.65E+12 1.59E+08
  1.42E+06 7.84E-04 2.36E-12 8.92E+01 6.18E+09 1.36E+08 6.17E+02 2.90E-22 7.17E-55 3.99E-85 3.37E+03 2.40E-03 2.09E-46 1.32E+12 2.03E+09 1.34E-20 1.08E+04 1.38E+12 1.72E+08
  1.52E+06 9.76E-05 1.15E-11 1.91E+02 6.02E+09 1.17E+08 6.21E+02 1.75E-22 2.19E-55 3.39E-85 4.11E+03 1.94E-03 5.19E-46 1.81E+12 2.93E+09 1.51E-17 1.79E+04 1.15E+12 1.95E+08
  1.62E+06 1.63E-05 4.61E-11 3.46E+02 5.21E+09 9.56E+07 7.26E+02 1.29E-22 1.02E-55 2.89E-85 4.85E+03 1.53E-03 1.29E-45 2.33E+12 3.88E+09 6.29E-15 2.91E+04 9.40E+11 2.27E+08
  1.72E+06 9.97E-06 1.52E-10 5.32E+02 3.97E+09 7.27E+07 7.87E+02 2.53E-22 3.30E-55 2.46E-85 5.26E+03 1.18E-03 7.05E-45 2.79E+12 4.72E+09 1.16E-12 4.36E+04 7.62E+11 2.60E+08
  1.82E+06 1.33E-05 4.07E-10 6.79E+02 2.58E+09 4.91E+07 7.52E+02 7.31E-22 2.33E-54 2.09E-85 5.09E+03 8.85E-04 4.60E-44 3.14E+12 5.30E+09 1.07E-10 5.98E+04 6.11E+11 2.86E+08
  1.92E+06 1.64E-05 8.17E-10 6.65E+02 1.32E+09 2.71E+07 5.77E+02 1.50E-21 8.30E-54 1.78E-85 4.04E+03 6.43E-04 1.60E-43 3.39E+12 5.59E+09 5.58E-09 7.66E+04 4.83E+11 3.05E+08
  2.02E+06 1.56E-05 1.15E-09 4.69E+02 5.04E+08 1.16E+07 3.35E+02 1.73E-21 9.31E-54 1.51E-85 2.48E+03 4.54E-04 2.21E-43 3.50E+12 5.57E+09 1.78E-07 9.25E+04 3.78E+11 3.12E+08
  2.12E+06 1.43E-05 1.45E-09 3.03E+02 1.81E+08 4.70E+06 1.84E+02 1.68E-21 7.46E-54 1.29E-85 1.50E+03 3.11E-04 2.29E-43 3.51E+12 5.27E+09 3.75E-06 1.07E+05 2.94E+11 3.08E+08
  2.22E+06 1.27E-05 1.71E-09 1.88E+02 6.45E+07 1.92E+06 9.93E+01 1.47E-21 4.86E-54 1.09E-85 9.18E+02 2.05E-04 2.00E-43 3.44E+12 4.79E+09 5.52E-05 1.19E+05 2.26E+11 2.92E+08
  2.32E+06 1.11E-05 1.88E-09 1.12E+02 2.28E+07 7.85E+05 5.26E+01 1.17E-21 2.60E-54 9.32E-86 5.72E+02 1.31E-04 1.48E-43 3.31E+12 4.20E+09 5.93E-04 1.28E+05 1.72E+11 2.65E+08
  2.42E+06 9.25E-06 1.93E-09 6.45E+01 7.99E+06 3.21E+05 2.72E+01 8.27E-22 1.12E-54 7.94E-86 3.58E+02 8.01E-05 9.24E-44 3.13E+12 3.56E+09 4.83E-03 1.35E+05 1.30E+11 2.32E+08
  2.52E+06 7.41E-06 1.87E-09 3.59E+01 2.79E+06 1.31E+05 1.36E+01 5.24E-22 3.82E-55 6.76E-86 2.24E+02 4.68E-05 4.83E-44 2.92E+12 2.93E+09 3.07E-02 1.38E+05 9.76E+10 1.94E+08
  2.62E+06 5.65E-06 1.71E-09 1.94E+01 9.75E+05 5.58E+04 6.55E+00 2.96E-22 1.04E-55 5.76E-86 1.40E+02 2.59E-05 2.13E-44 2.69E+12 2.34E+09 1.56E-01 1.38E+05 7.25E+10 1.56E+08
  2.72E+06 4.08E-06 1.48E-09 1.02E+01 3.42E+05 3.07E+04 3.03E+00 1.49E-22 2.26E-56 4.91E-86 8.69E+01 1.35E-05 7.93E-45 2.45E+12 1.81E+09 6.50E-01 1.36E+05 5.33E+10 1.20E+08
  2.82E+06 2.83E-06 1.24E-09 5.35E+00 1.22E+05 3.56E+04 1.36E+00 6.95E-23 4.18E-57 4.19E-86 5.49E+01 6.57E-06 2.63E-45 2.20E+12 1.35E+09 2.25E+00 1.30E+05 3.89E+10 8.80E+07
  2.92E+06 1.91E-06 1.01E-09 2.80E+00 4.53E+04 6.93E+04 5.99E-01 3.04E-23 6.82E-58 3.57E-86 3.57E+01 2.97E-06 8.00E-46 1.95E+12 9.76E+08 6.58E+00 1.23E+05 2.81E+10 6.20E+07
  3.02E+06 1.23E-06 7.98E-10 1.46E+00 1.72E+04 8.08E+04 2.57E-01 1.23E-23 9.64E-59 3.05E-86 2.39E+01 1.22E-06 2.20E-46 1.71E+12 6.79E+08 1.65E+01 1.13E+05 2.01E+10 4.18E+07
  3.12E+06 7.88E-07 6.30E-10 7.79E-01 6.90E+03 7.69E+04 1.10E-01 4.91E-24 1.30E-59 2.60E-86 1.68E+01 4.60E-07 5.90E-47 1.48E+12 4.57E+08 3.61E+01 1.02E+05 1.43E+10 2.70E+07
  3.22E+06 5.01E-07 5.00E-10 4.29E-01 2.94E+03 6.89E+04 4.74E-02 1.95E-24 1.76E-60 2.22E-86 1.26E+01 1.58E-07 1.60E-47 1.27E+12 2.98E+08 6.95E+01 9.03E+04 1.01E+10 1.66E+07
  3.32E+06 3.18E-07 4.01E-10 2.44E-01 1.33E+03 6.02E+04 2.06E-02 7.75E-25 2.38E-61 1.90E-86 9.85E+00 4.82E-08 4.35E-48 1.09E+12 1.90E+08 1.20E+02 7.80E+04 7.03E+09 9.72E+06
  3.42E+06 2.05E-07 3.30E-10 1.45E-01 6.42E+02 5.22E+04 9.22E-03 3.20E-25 3.48E-62 1.62E-86 8.06E+00 1.32E-08 1.27E-48 9.21E+11 1.19E+08 1.87E+02 6.56E+04 4.89E+09 5.42E+06
  3.52E+06 1.37E-07 2.84E-10 9.26E-02 3.38E+02 4.51E+04 4.32E-03 1.43E-25 5.96E-63 1.39E-86 6.81E+00 3.25E-09 4.19E-49 7.77E+11 7.33E+07 2.70E+02 5.36E+04 3.39E+09 2.88E+06
  3.62E+06 9.69E-08 2.61E-10 6.42E-02 1.96E+02 3.90E+04 2.17E-03 7.19E-26 1.31E-63 1.20E-86 5.85E+00 7.15E-10 1.68E-49 6.50E+11 4.45E+07 3.65E+02 4.24E+04 2.35E+09 1.46E+06
  3.72E+06 7.46E-08 2.59E-10 4.91E-02 1.27E+02 3.38E+04 1.19E-03 4.25E-26 3.95E-64 1.03E-86 5.00E+00 1.44E-10 8.51E-50 5.38E+11 2.65E+07 4.69E+02 3.22E+04 1.64E+09 7.08E+05
  3.82E+06 6.22E-08 2.76E-10 4.10E-02 9.01E+01 2.93E+04 7.12E-04 2.92E-26 1.62E-64 8.91E-87 4.18E+00 2.64E-11 5.40E-50 4.39E+11 1.53E+07 5.77E+02 2.34E+04 1.15E+09 3.30E+05
  3.92E+06 5.59E-08 3.11E-10 3.69E-02 6.89E+01 2.55E+04 4.64E-04 2.30E-26 8.72E-65 7.72E-87 3.38E+00 4.44E-12 4.16E-50 3.53E+11 8.42E+06 6.89E+02 1.61E+04 8.08E+08 1.49E+05
  4.02E+06 5.33E-08 3.63E-10 3.50E-02 5.55E+01 2.22E+04 3.27E-04 2.03E-26 5.95E-65 6.71E-87 2.67E+00 7.08E-13 3.75E-50 2.79E+11 4.43E+06 8.05E+02 1.05E+04 5.74E+08 6.62E+04
  4.12E+06 5.31E-08 4.35E-10 3.46E-02 4.63E+01 1.95E+04 2.47E-04 1.98E-26 4.93E-65 5.85E-87 2.05E+00 1.12E-13 3.83E-50 2.19E+11 2.23E+06 9.27E+02 6.49E+03 4.10E+08 2.94E+04
  4.22E+06 5.46E-08 5.30E-10 3.52E-02 3.94E+01 1.71E+04 1.99E-04 2.08E-26 4.80E-65 5.11E-87 1.55E+00 2.14E-14 4.31E-50 1.71E+11 1.09E+06 1.06E+03 3.86E+03 2.96E+08 1.31E+04
  4.32E+06 5.70E-08 6.55E-10 3.69E-02 3.41E+01 1.50E+04 1.70E-04 2.34E-26 5.31E-65 4.48E-87 1.17E+00 7.60E-15 5.26E-50 1.34E+11 5.24E+05 1.22E+03 2.23E+03 2.16E+08 5.99E+03
  4.42E+06 5.99E-08 8.18E-10 3.95E-02 2.97E+01 1.33E+04 1.51E-04 2.73E-26 6.41E-65 3.93E-87 8.75E-01 5.14E-15 6.77E-50 1.05E+11 2.51E+05 1.41E+03 1.27E+03 1.60E+08 2.78E+03
  4.52E+06 6.27E-08 1.03E-09 4.26E-02 2.60E+01 1.17E+04 1.38E-04 3.26E-26 8.06E-65 3.46E-87 6.54E-01 4.46E-15 8.94E-50 8.24E+10 1.20E+05 1.61E+03 7.16E+02 1.19E+08 1.31E+03
  4.62E+06 6.45E-08 1.28E-09 4.59E-02 2.29E+01 1.03E+04 1.27E-04 3.88E-26 1.01E-64 3.04E-87 4.86E-01 4.15E-15 1.17E-49 6.47E+10 5.75E+04 1.82E+03 4.00E+02 8.97E+07 6.24E+02
  4.72E+06 6.53E-08 1.58E-09 4.93E-02 2.01E+01 9.08E+03 1.18E-04 4.57E-26 1.23E-64 2.66E-87 3.60E-01 3.98E-15 1.51E-49 5.07E+10 2.77E+04 2.04E+03 2.23E+02 6.81E+07 3.01E+02
  4.82E+06 6.51E-08 1.96E-09 5.29E-02 1.77E+01 8.00E+03 1.10E-04 5.35E-26 1.49E-64 2.34E-87 2.66E-01 3.91E-15 1.92E-49 3.98E+10 1.35E+04 2.25E+03 1.25E+02 5.22E+07 1.47E+02
  4.92E+06 6.42E-08 2.41E-09 5.66E-02 1.56E+01 7.04E+03 1.03E-04 6.23E-26 1.77E-64 2.05E-87 1.97E-01 3.92E-15 2.42E-49 3.13E+10 6.59E+03 2.47E+03 6.98E+01 4.02E+07 7.27E+01
  5.02E+06 6.29E-08 2.95E-09 6.05E-02 1.37E+01 6.19E+03 9.73E-05 7.21E-26 2.09E-64 1.79E-87 1.45E-01 4.00E-15 3.02E-49 2.46E+10 3.26E+03 2.70E+03 3.93E+01 3.12E+07 3.64E+01
  5.12E+06 6.13E-08 3.60E-09 6.45E-02 1.20E+01 5.44E+03 9.20E-05 8.34E-26 2.46E-64 1.57E-87 1.08E-01 4.14E-15 3.75E-49 1.94E+10 1.64E+03 2.93E+03 2.22E+01 2.44E+07 1.85E+01
  5.22E+06 5.97E-08 4.40E-09 6.87E-02 1.05E+01 4.77E+03 8.75E-05 9.68E-26 2.91E-64 1.37E-87 7.95E-02 4.34E-15 4.66E-49 1.52E+10 8.29E+02 3.16E+03 1.26E+01 1.92E+07 9.50E+00
  5.32E+06 5.83E-08 5.35E-09 7.30E-02 9.25E+00 4.19E+03 8.37E-05 1.13E-25 3.48E-64 1.20E-87 5.88E-02 4.60E-15 5.81E-49 1.19E+10 4.26E+02 3.40E+03 7.22E+00 1.52E+07 4.95E+00
  5.42E+06 5.72E-08 6.50E-09 7.75E-02 8.10E+00 3.67E+03 8.05E-05 1.33E-25 4.22E-64 1.04E-87 4.35E-02 4.91E-15 7.29E-49 9.31E+09 2.21E+02 3.64E+03 4.16E+00 1.21E+07 2.61E+00
  5.52E+06 5.65E-08 7.89E-09 8.22E-02 7.09E+00 3.21E+03 7.80E-05 1.58E-25 5.23E-64 9.09E-88 3.22E-02 5.25E-15 9.22E-49 7.25E+09 1.17E+02 3.88E+03 2.41E+00 9.60E+06 1.40E+00
  5.62E+06 5.63E-08 9.56E-09 8.70E-02 6.19E+00 2.81E+03 7.60E-05 1.90E-25 6.62E-64 7.91E-88 2.38E-02 5.64E-15 1.18E-48 5.63E+09 6.27E+01 4.13E+03 1.41E+00 7.67E+06 7.66E-01
  5.72E+06 5.66E-08 1.16E-08 9.20E-02 5.41E+00 2.46E+03 7.45E-05 2.31E-25 8.55E-64 6.88E-88 1.76E-02 6.05E-15 1.51E-48 4.35E+09 3.43E+01 4.37E+03 8.36E-01 6.15E+06 4.26E-01
  5.82E+06 5.73E-08 1.40E-08 9.70E-02 4.71E+00 2.15E+03 7.34E-05 2.83E-25 1.13E-63 5.98E-88 1.30E-02 6.48E-15 1.96E-48 3.35E+09 1.90E+01 4.61E+03 5.01E-01 4.94E+06 2.41E-01
  5.92E+06 5.84E-08 1.68E-08 1.02E-01 4.10E+00 1.88E+03 7.26E-05 3.50E-25 1.51E-63 5.18E-88 9.57E-03 6.93E-15 2.55E-48 2.58E+09 1.08E+01 4.85E+03 3.05E-01 3.97E+06 1.39E-01
  6.02E+06 6.00E-08 2.02E-08 1.07E-01 3.56E+00 1.64E+03 7.21E-05 4.37E-25 2.04E-63 4.49E-88 7.05E-03 7.38E-15 3.34E-48 1.97E+09 6.25E+00 5.09E+03 1.88E-01 3.20E+06 8.20E-02
  6.12E+06 6.22E-08 2.42E-08 1.12E-01 3.09E+00 1.43E+03 7.18E-05 5.50E-25 2.83E-63 3.89E-88 5.19E-03 7.83E-15 4.41E-48 1.50E+09 3.70E+00 5.33E+03 1.18E-01 2.59E+06 4.94E-02
  6.22E+06 6.57E-08 2.90E-08 1.17E-01 2.67E+00 1.24E+03 7.23E-05 7.06E-25 4.07E-63 3.36E-88 3.82E-03 8.32E-15 5.90E-48 1.14E+09 2.26E+00 5.56E+03 7.52E-02 2.09E+06 3.07E-02
  6.32E+06 7.19E-08 3.44E-08 1.21E-01 2.31E+00 1.08E+03 7.41E-05 9.43E-25 6.33E-63 2.90E-88 2.82E-03 8.89E-15 8.15E-48 8.51E+08 1.44E+00 5.76E+03 4.91E-02 1.69E+06 2.00E-02
  6.42E+06 8.32E-08 4.05E-08 1.24E-01 1.99E+00 9.39E+02 7.84E-05 1.35E-24 1.12E-62 2.49E-88 2.08E-03 9.65E-15 1.19E-47 6.24E+08 9.83E-01 5.92E+03 3.32E-02 1.37E+06 1.39E-02
  6.52E+06 1.04E-07 4.70E-08 1.25E-01 1.71E+00 8.16E+02 8.66E-05 2.09E-24 2.36E-62 2.14E-88 1.55E-03 1.07E-14 1.87E-47 4.46E+08 7.33E-01 6.00E+03 2.33E-02 1.11E+06 1.07E-02
  6.62E+06 1.39E-07 5.36E-08 1.24E-01 1.47E+00 7.07E+02 9.92E-05 3.50E-24 5.74E-62 1.84E-88 1.17E-03 1.24E-14 3.10E-47 3.11E+08 5.99E-01 5.96E+03 1.72E-02 8.99E+05 8.96E-03
  6.72E+06 1.95E-07 5.98E-08 1.21E-01 1.26E+00 6.13E+02 1.15E-04 6.04E-24 1.48E-61 1.58E-88 8.96E-04 1.49E-14 5.18E-47 2.14E+08 5.25E-01 5.79E+03 1.31E-02 7.28E+05 8.07E-03
  6.82E+06 2.71E-07 6.53E-08 1.14E-01 1.08E+00 5.30E+02 1.31E-04 1.01E-23 3.60E-61 1.35E-88 6.93E-04 1.85E-14 8.21E-47 1.47E+08 4.74E-01 5.52E+03 1.02E-02 5.89E+05 7.44E-03
  6.92E+06 3.62E-07 7.00E-08 1.07E-01 9.30E-01 4.58E+02 1.42E-04 1.57E-23 7.49E-61 1.15E-88 5.39E-04 2.33E-14 1.18E-46 1.02E+08 4.23E-01 5.20E+03 8.02E-03 4.76E+05 6.74E-03
  7.02E+06 4.54E-07 7.42E-08 9.79E-02 7.98E-01 3.95E+02 1.45E-04 2.19E-23 1.27E-60 9.76E-89 4.20E-04 2.92E-14 1.52E-46 7.26E+07 3.63E-01 4.89E+03 6.23E-03 3.84E+05 5.82E-03
  7.12E+06 5.30E-07 7.82E-08 8.94E-02 6.84E-01 3.40E+02 1.39E-04 2.76E-23 1.74E-60 8.28E-89 3.25E-04 3.63E-14 1.74E-46 5.29E+07 2.94E-01 4.64E+03 4.77E-03 3.09E+05 4.71E-03
  7.22E+06 5.77E-07 8.26E-08 8.17E-02 5.85E-01 2.93E+02 1.24E-04 3.14E-23 1.95E-60 7.00E-89 2.47E-04 4.44E-14 1.81E-46 3.94E+07 2.22E-01 4.48E+03 3.59E-03 2.49E+05 3.54E-03
  7.32E+06 5.86E-07 8.79E-08 7.51E-02 4.99E-01 2.52E+02 1.05E-04 3.25E-23 1.81E-60 5.90E-89 1.85E-04 5.31E-14 1.72E-46 3.00E+07 1.55E-01 4.43E+03 2.64E-03 2.00E+05 2.45E-03
  7.42E+06 5.43E-07 9.49E-08 6.95E-02 4.22E-01 2.15E+02 8.28E-05 3.02E-23 1.34E-60 4.93E-89 1.35E-04 6.22E-14 1.48E-46 2.28E+07 9.86E-02 4.49E+03 1.83E-03 1.59E+05 1.50E-03
  7.52E+06 4.92E-07 1.03E-07 6.47E-02 3.55E-01 1.83E+02 6.34E-05 2.72E-23 9.28E-61 4.11E-89 9.79E-05 7.15E-14 1.24E-46 1.72E+07 5.92E-02 4.64E+03 1.25E-03 1.27E+05 8.81E-04
  7.62E+06 4.65E-07 1.10E-07 5.91E-02 3.00E-01 1.56E+02 4.87E-05 2.50E-23 6.75E-61 3.41E-89 7.17E-05 8.11E-14 1.05E-46 1.27E+07 3.43E-02 4.83E+03 8.69E-04 1.01E+05 5.15E-04
  7.72E+06 3.01E-07 1.27E-07 5.87E-02 2.48E-01 1.33E+02 2.90E-05 1.38E-23 1.76E-61 2.82E-89 5.44E-05 9.26E-14 5.72E-47 1.10E+07 1.60E-02 5.94E+03 5.51E-04 7.99E+04 2.22E-04
  7.82E+06 5.89E-08 1.83E-07 7.22E-02 1.90E-01 1.13E+02 8.44E-06 1.74E-24 2.43E-63 2.33E-89 4.56E-05 1.05E-13 8.90E-48 1.49E+07 4.92E-03 1.03E+04 2.28E-04 6.34E+04 4.54E-05
  7.92E+06 6.11E-09 2.55E-07 8.64E-02 1.38E-01 9.60E+01 1.65E-06 9.92E-26 6.82E-66 1.91E-89 4.47E-05 1.11E-13 6.07E-49 2.36E+07 1.25E-03 1.91E+04 6.83E-05 5.03E+04 6.11E-06
  8.02E+06 6.72E-10 3.13E-07 9.09E-02 1.00E-01 8.14E+01 3.30E-07 6.13E-27 2.23E-68 1.56E-89 4.81E-05 1.01E-13 3.96E-50 3.39E+07 3.07E-04 3.40E+04 2.56E-05 3.98E+04 7.85E-07
  8.12E+06 8.97E-11 3.54E-07 8.79E-02 7.51E-02 6.90E+01 7.52E-08 4.93E-28 1.23E-70 1.27E-89 5.20E-05 7.96E-14 3.09E-51 4.38E+07 7.52E-05 6.06E+04 1.42E-05 3.14E+04 1.17E-07
  8.22E+06 1.45E-11 3.81E-07 8.12E-02 5.79E-02 5.83E+01 1.95E-08 5.21E-29 1.18E-72 1.02E-89 5.43E-05 5.66E-14 3.01E-52 5.21E+07 1.87E-05 1.10E+05 9.57E-06 2.47E+04 2.34E-08
  8.32E+06 2.80E-12 4.01E-07 7.30E-02 4.55E-02 4.92E+01 5.72E-09 7.00E-30 1.93E-74 8.15E-90 5.42E-05 3.79E-14 3.66E-53 5.79E+07 4.87E-06 2.03E+05 6.78E-06 1.94E+04 6.26E-09
  8.42E+06 6.27E-13 4.16E-07 6.47E-02 3.62E-02 4.14E+01 1.87E-09 1.17E-30 5.79E-76 6.45E-90 5.15E-05 2.47E-14 5.44E-54 6.09E+07 1.37E-06 3.73E+05 4.78E-06 1.52E+04 1.99E-09
  8.52E+06 1.61E-13 4.28E-07 5.68E-02 2.90E-02 3.47E+01 6.70E-10 2.40E-31 3.86E-77 5.05E-90 4.68E-05 1.61E-14 9.84E-55 6.11E+07 4.28E-07 6.73E+05 3.28E-06 1.19E+04 6.83E-10
  8.62E+06 4.63E-14 4.39E-07 4.97E-02 2.32E-02 2.90E+01 2.62E-10 6.01E-32 5.31E-78 3.90E-90 4.06E-05 1.06E-14 2.18E-55 5.87E+07 1.49E-07 1.18E+06 2.17E-06 9.23E+03 2.39E-10
  8.72E+06 1.48E-14 4.50E-07 4.34E-02 1.85E-02 2.41E+01 1.11E-10 1.90E-32 1.16E-78 2.98E-90 3.38E-05 7.04E-15 6.04E-56 5.44E+07 5.57E-08 1.98E+06 1.40E-06 7.15E+03 8.44E-11
  8.82E+06 5.22E-15 4.62E-07 3.78E-02 1.46E-02 2.00E+01 4.98E-11 7.74E-33 3.56E-79 2.24E-90 2.71E-05 4.78E-15 2.17E-56 4.86E+07 2.18E-08 3.19E+06 8.78E-07 5.52E+03 2.99E-11
  8.92E+06 1.99E-15 4.74E-07 3.29E-02 1.14E-02 1.65E+01 2.38E-11 4.09E-33 1.44E-79 1.65E-90 2.09E-05 3.30E-15 1.01E-56 4.22E+07 8.71E-09 4.91E+06 5.44E-07 4.25E+03 1.07E-11
  9.02E+06 8.15E-16 4.87E-07 2.86E-02 8.85E-03 1.35E+01 1.20E-11 2.66E-33 7.27E-80 1.20E-90 1.56E-05 2.33E-15 5.81E-57 3.56E+07 3.51E-09 7.25E+06 3.36E-07 3.25E+03 3.84E-12
  9.12E+06 3.55E-16 5.00E-07 2.48E-02 6.76E-03 1.10E+01 6.27E-12 1.99E-33 4.20E-80 8.47E-91 1.13E-05 1.67E-15 3.82E-57 2.93E+07 1.42E-09 1.03E+07 2.06E-07 2.49E+03 1.40E-12
  9.22E+06 1.63E-16 5.13E-07 2.14E-02 5.10E-03 8.91E+00 3.41E-12 1.60E-33 2.63E-80 5.86E-91 7.93E-06 1.23E-15 2.72E-57 2.35E+07 5.75E-10 1.40E+07 1.27E-07 1.90E+03 5.21E-13
  9.32E+06 7.86E-17 5.25E-07 1.85E-02 3.80E-03 7.15E+00 1.91E-12 1.36E-33 1.72E-80 3.95E-91 5.41E-06 9.23E-16 2.02E-57 1.84E+07 2.33E-10 1.84E+07 7.80E-08 1.44E+03 1.96E-13
  9.42E+06 3.96E-17 5.36E-07 1.58E-02 2.79E-03 5.69E+00 1.10E-12 1.18E-33 1.16E-80 2.59E-91 3.60E-06 7.09E-16 1.54E-57 1.42E+07 9.43E-11 2.35E+07 4.80E-08 1.10E+03 7.48E-14
  9.52E+06 2.07E-17 5.46E-07 1.35E-02 2.02E-03 4.48E+00 6.50E-13 1.04E-33 7.83E-81 1.65E-91 2.33E-06 5.60E-16 1.20E-57 1.07E+07 3.82E-11 2.91E+07 2.95E-08 8.39E+02 2.89E-14
  9.62E+06 1.12E-17 5.54E-07 1.15E-02 1.44E-03 3.50E+00 3.92E-13 9.34E-34 5.34E-81 1.01E-91 1.48E-06 4.58E-16 9.34E-58 7.94E+06 1.55E-11 3.51E+07 1.82E-08 6.44E+02 1.13E-14
  9.72E+06 6.30E-18 5.59E-07 9.72E-03 1.02E-03 2.70E+00 2.41E-13 8.42E-34 3.63E-81 6.03E-92 9.31E-07 3.91E-16 7.31E-58 5.78E+06 6.29E-12 4.13E+07 1.12E-08 4.99E+02 4.51E-15
  9.82E+06 3.68E-18 5.61E-07 8.17E-03 7.07E-04 2.06E+00 1.51E-13 7.63E-34 2.45E-81 3.46E-92 5.86E-07 3.54E-16 5.72E-58 4.14E+06 2.59E-12 4.76E+07 6.91E-09 3.92E+02 1.83E-15
  9.92E+06 2.24E-18 5.57E-07 6.82E-03 4.94E-04 1.55E+00 9.70E-14 6.93E-34 1.63E-81 1.92E-92 3.84E-07 3.42E-16 4.44E-58 2.90E+06 1.15E-12 5.36E+07 4.29E-09 3.14E+02 7.91E-16

     Z        N2O5     CO2      SO4AER   S8AER   
  2.50E+04 9.96E+01 4.88E+15 4.97E+09 2.49E-19
  1.25E+05 1.71E+02 4.42E+15 5.29E+09 2.26E-19
  2.25E+05 3.96E+02 4.00E+15 6.45E+09 2.04E-19
  3.25E+05 1.07E+03 3.61E+15 7.94E+09 1.84E-19
  4.25E+05 3.13E+03 3.26E+15 9.42E+09 1.67E-19
  5.25E+05 8.20E+03 2.94E+15 1.08E+10 1.50E-19
  6.25E+05 1.47E+04 2.66E+15 1.19E+10 1.36E-19
  7.25E+05 1.85E+04 2.40E+15 1.28E+10 1.23E-19
  8.25E+05 2.08E+04 2.17E+15 1.36E+10 1.11E-19
  9.25E+05 2.29E+04 1.95E+15 1.41E+10 9.95E-20
  1.02E+06 2.43E+04 1.73E+15 1.45E+10 8.86E-20
  1.12E+06 2.68E+04 1.49E+15 1.53E+10 7.62E-20
  1.22E+06 4.25E+04 1.28E+15 1.90E+10 6.54E-20
  1.32E+06 8.76E+04 1.09E+15 2.37E+10 5.59E-20
  1.42E+06 2.53E+05 9.34E+14 2.93E+10 4.77E-20
  1.52E+06 6.45E+05 7.96E+14 3.15E+10 4.06E-20
  1.62E+06 1.45E+06 6.78E+14 3.00E+10 3.46E-20
  1.72E+06 2.72E+06 5.78E+14 2.56E+10 2.95E-20
  1.82E+06 4.30E+06 4.93E+14 1.99E+10 2.51E-20
  1.92E+06 6.00E+06 4.20E+14 1.44E+10 2.14E-20
  2.02E+06 7.49E+06 3.58E+14 1.00E+10 1.83E-20
  2.12E+06 8.53E+06 3.05E+14 6.89E+09 1.56E-20
  2.22E+06 9.04E+06 2.60E+14 4.73E+09 1.33E-20
  2.32E+06 8.94E+06 2.22E+14 3.28E+09 1.13E-20
  2.42E+06 8.28E+06 1.90E+14 2.30E+09 9.67E-21
  2.52E+06 7.19E+06 1.62E+14 1.63E+09 8.25E-21
  2.62E+06 5.87E+06 1.38E+14 1.16E+09 7.05E-21
  2.72E+06 4.51E+06 1.18E+14 8.42E+08 6.03E-21
  2.82E+06 3.27E+06 1.01E+14 6.15E+08 5.15E-21
  2.92E+06 2.24E+06 8.66E+13 4.53E+08 4.41E-21
  3.02E+06 1.45E+06 7.41E+13 3.36E+08 3.77E-21
  3.12E+06 8.90E+05 6.34E+13 2.52E+08 3.23E-21
  3.22E+06 5.18E+05 5.44E+13 1.89E+08 2.76E-21
  3.32E+06 2.86E+05 4.66E+13 1.41E+08 2.37E-21
  3.42E+06 1.49E+05 4.00E+13 1.05E+08 2.04E-21
  3.52E+06 7.33E+04 3.45E+13 7.75E+07 1.75E-21
  3.62E+06 3.37E+04 2.97E+13 5.70E+07 1.51E-21
  3.72E+06 1.43E+04 2.57E+13 4.19E+07 1.31E-21
  3.82E+06 5.59E+03 2.23E+13 3.07E+07 1.13E-21
  3.92E+06 1.99E+03 1.94E+13 2.24E+07 9.87E-22
  4.02E+06 6.48E+02 1.69E+13 1.64E+07 8.61E-22
  4.12E+06 1.98E+02 1.48E+13 1.19E+07 7.54E-22
  4.22E+06 5.78E+01 1.30E+13 8.66E+06 6.62E-22
  4.32E+06 1.66E+01 1.15E+13 6.29E+06 5.83E-22
  4.42E+06 4.79E+00 1.01E+13 4.56E+06 5.14E-22
  4.52E+06 1.38E+00 8.93E+12 3.30E+06 4.54E-22
  4.62E+06 4.01E-01 7.88E+12 2.36E+06 4.00E-22
  4.72E+06 1.18E-01 6.94E+12 1.69E+06 3.53E-22
  4.82E+06 3.52E-02 6.12E+12 1.20E+06 3.11E-22
  4.92E+06 1.06E-02 5.38E+12 8.42E+05 2.74E-22
  5.02E+06 3.29E-03 4.74E+12 5.87E+05 2.41E-22
  5.12E+06 1.03E-03 4.16E+12 4.05E+05 2.12E-22
  5.22E+06 3.29E-04 3.66E+12 2.75E+05 1.86E-22
  5.32E+06 1.07E-04 3.21E+12 1.84E+05 1.63E-22
  5.42E+06 3.54E-05 2.81E+12 1.21E+05 1.43E-22
  5.52E+06 1.19E-05 2.47E+12 7.80E+04 1.26E-22
  5.62E+06 4.12E-06 2.16E+12 4.90E+04 1.10E-22
  5.72E+06 1.46E-06 1.89E+12 2.99E+04 9.63E-23
  5.82E+06 5.32E-07 1.65E+12 1.76E+04 8.42E-23
  5.92E+06 1.99E-07 1.44E+12 1.01E+04 7.36E-23
  6.02E+06 7.71E-08 1.26E+12 5.50E+03 6.43E-23
  6.12E+06 3.09E-08 1.10E+12 2.87E+03 5.61E-23
  6.22E+06 1.29E-08 9.59E+11 1.42E+03 4.89E-23
  6.32E+06 5.66E-09 8.35E+11 6.60E+02 4.26E-23
  6.42E+06 2.69E-09 7.27E+11 2.87E+02 3.71E-23
  6.52E+06 1.42E-09 6.32E+11 1.15E+02 3.23E-23
  6.62E+06 8.31E-10 5.48E+11 4.22E+01 2.81E-23
  6.72E+06 5.31E-10 4.76E+11 1.39E+01 2.44E-23
  6.82E+06 3.54E-10 4.12E+11 4.08E+00 2.11E-23
  6.92E+06 2.35E-10 3.57E+11 1.04E+00 1.83E-23
  7.02E+06 1.50E-10 3.09E+11 2.25E-01 1.59E-23
  7.12E+06 9.11E-11 2.66E+11 4.03E-02 1.37E-23
  7.22E+06 5.17E-11 2.30E+11 5.74E-03 1.18E-23
  7.32E+06 2.71E-11 1.98E+11 6.20E-04 1.02E-23
  7.42E+06 1.25E-11 1.69E+11 4.73E-05 8.77E-24
  7.52E+06 5.47E-12 1.45E+11 2.33E-06 7.53E-24
  7.62E+06 2.40E-12 1.24E+11 6.35E-08 6.46E-24
  7.72E+06 7.95E-13 1.06E+11 7.24E-10 5.54E-24
  7.82E+06 1.25E-13 9.06E+10 1.53E-12 4.75E-24
  7.92E+06 1.22E-14 7.74E+10 5.19E-16 4.08E-24
  8.02E+06 1.18E-15 6.61E+10 3.42E-18 3.50E-24
  8.12E+06 1.66E-16 5.64E+10 9.89E-21 3.00E-24
  8.22E+06 4.66E-17 4.82E+10 1.10E-23 2.58E-24
  8.32E+06 1.96E-17 4.11E+10 2.21E-24 2.21E-24
  8.42E+06 8.96E-18 3.50E+10 1.90E-24 1.90E-24
  8.52E+06 3.97E-18 2.98E+10 1.63E-24 1.63E-24
  8.62E+06 1.66E-18 2.53E+10 1.40E-24 1.40E-24
  8.72E+06 6.57E-19 2.15E+10 1.20E-24 1.20E-24
  8.82E+06 2.49E-19 1.83E+10 1.03E-24 1.03E-24
  8.92E+06 9.24E-20 1.55E+10 8.85E-25 8.85E-25
  9.02E+06 3.40E-20 1.31E+10 7.60E-25 7.60E-25
  9.12E+06 1.25E-20 1.11E+10 6.53E-25 6.53E-25
  9.22E+06 4.64E-21 9.37E+09 5.61E-25 5.61E-25
  9.32E+06 1.73E-21 7.90E+09 4.82E-25 4.82E-25
  9.42E+06 6.48E-22 6.65E+09 4.15E-25 4.15E-25
  9.52E+06 2.45E-22 5.58E+09 3.57E-25 3.57E-25
  9.62E+06 9.32E-23 4.68E+09 3.07E-25 3.07E-25
  9.72E+06 3.57E-23 3.91E+09 2.64E-25 2.64E-25
  9.82E+06 1.38E-23 3.26E+09 2.27E-25 2.27E-25
  9.92E+06 5.50E-24 2.71E+09 1.95E-25 1.95E-25

 FLUXES OF LONG-LIVED SPECIES


     Z        O         O2        H2O       H         OH        HO2       H2O2      H2        CO        HCO       H2CO      CH4       CH3       C2H6      NO        NO2       HNO       H2S     
  0.00E+00 -2.04E+03  5.10E+11  1.02E+13 -2.78E-01 -1.04E+06 -2.69E+08 -5.29E+09 -1.52E+10  1.44E+11 -1.00E-02 -1.14E+09  1.02E+11 -9.90E-02  2.19E-21 -1.47E+04 -2.82E+05 -4.31E+02  2.00E+08
  5.00E+04 -5.83E+02  4.70E+11  0.00E+00 -4.52E-02 -1.42E+05 -1.32E+07 -3.02E+09 -1.40E+10  1.34E+11 -1.77E-03  1.16E+08  9.05E+10 -7.78E-04  1.75E-09 -7.98E+06 -2.01E+06 -1.28E+01  1.35E+08
  1.50E+05 -8.19E+02  3.86E+11  0.00E+00 -4.93E-02 -1.74E+05 -2.59E+06 -7.46E+08 -1.12E+10  1.16E+11 -6.09E-04  5.81E+08  7.03E+10 -1.37E-03  4.35E-09 -1.33E+07 -1.09E+07  1.21E+02  6.06E+07
  2.50E+05 -1.10E+03  3.14E+11  0.00E+00 -4.68E-02 -1.68E+05  5.38E+06  9.65E+08 -8.51E+09  9.94E+10 -1.82E-04  5.48E+08  5.31E+10  9.28E-04  5.99E-09 -1.90E+07 -1.68E+07  8.28E+01  2.68E+07
  3.50E+05 -1.41E+03  2.56E+11  0.00E+00 -4.45E-02 -1.61E+05  1.12E+07  2.28E+09 -6.22E+09  8.30E+10  1.69E-04  4.92E+08  3.90E+10  2.54E-03  6.35E-09 -2.49E+07 -1.98E+07  4.79E+01  1.16E+07
  4.50E+05 -1.68E+03  2.09E+11  0.00E+00 -2.66E-02 -1.03E+05  1.68E+07  2.73E+09 -4.36E+09  6.74E+10  8.21E-04  4.82E+08  2.77E+10  7.11E-03  5.25E-09 -2.52E+07 -1.24E+07  2.85E+01  4.97E+06
  5.50E+05 -1.90E+03  1.72E+11  0.00E+00  1.07E-02  3.00E+04  1.94E+07  2.56E+09 -2.90E+09  5.31E+10  1.54E-03  4.69E+08  1.93E+10  1.23E-02  2.36E-09 -9.09E+06  9.64E+06  1.77E+01  2.10E+06
  6.50E+05 -2.08E+03  1.47E+11  0.00E+00  3.60E-02  1.23E+05  1.89E+07  2.12E+09 -1.81E+09  4.14E+10  1.56E-03  3.77E+08  1.39E+10  1.23E-02 -1.76E-09  4.91E+06  2.02E+07  8.87E+00  9.11E+05
  7.50E+05 -2.30E+03  1.31E+11  0.00E+00  1.70E-02  5.18E+04  1.66E+07  1.64E+09 -1.06E+09  3.27E+10  9.16E-04  2.23E+08  1.08E+10  6.99E-03 -5.64E-09 -1.52E+07  4.49E+06  2.77E+00  4.34E+05
  8.50E+05 -2.52E+03  1.20E+11  0.00E+00 -1.14E-02 -5.35E+04  1.37E+07  1.16E+09 -5.94E+08  2.57E+10  4.29E-04  1.14E+08  9.04E+09  3.31E-03 -8.71E-09 -5.18E+07 -9.30E+06  5.73E-01  2.21E+05
  9.50E+05 -2.69E+03  1.09E+11  0.00E+00 -2.27E-02 -9.17E+04  9.49E+06  7.17E+08 -2.98E+08  1.95E+10  2.14E-04  5.87E+07  7.92E+09  2.02E-03 -1.12E-08 -7.60E+07 -9.13E+06  2.68E-01  1.11E+05
  1.05E+06 -4.46E+03  9.73E+10  0.00E+00 -3.23E-02 -7.06E+04  2.97E+06  3.54E+08 -9.91E+07  1.38E+10 -3.94E-06  1.39E+07  7.18E+09 -4.88E-04 -1.32E-08 -5.57E+07 -1.04E+07  4.37E-01  4.74E+04
  1.15E+06 -3.54E+03  8.72E+10  2.79E+12 -5.10E-03 -5.74E+03  1.50E+06  1.24E+08  4.03E+07  8.96E+09  6.47E-06  3.79E+06  6.62E+09 -6.02E-05 -1.49E-08 -3.28E+07 -1.02E+07  1.95E-01  1.43E+04
  1.25E+06 -4.24E+03  7.95E+10 -1.12E+10 -2.59E-04  3.99E+03  5.37E+05  3.04E+07  1.42E+08  5.50E+09  8.46E-06  1.98E+06  6.20E+09  4.55E-06 -1.63E-08 -2.40E+07 -1.10E+07  6.71E-02  3.23E+03
  1.35E+06 -5.02E+03  7.39E+10 -1.10E+10  9.48E-04  3.18E+03  1.50E+05  4.69E+06  2.16E+08  3.34E+09  3.85E-06  7.12E+05  5.91E+09  4.75E-06 -1.77E-08 -1.71E+07 -1.33E+07  1.18E-02  5.45E+02
  1.45E+06 -7.25E+03  6.98E+10 -1.08E+10 -4.13E-04 -1.29E+03  2.48E+04  5.62E+05  2.68E+08  2.12E+09 -2.19E-06  1.17E+05  5.72E+09 -3.77E-05 -1.91E-08 -1.30E+07 -1.51E+07 -3.36E-03  8.78E+01
  1.55E+06 -1.03E+04  6.63E+10 -1.08E+10 -6.92E-04 -2.38E+03 -1.33E+03  6.52E+04  3.10E+08  1.38E+09 -3.80E-06 -2.91E+04  5.56E+09 -5.20E-05 -2.10E-08 -1.04E+07 -1.62E+07 -6.11E-03  1.34E+01
  1.65E+06 -1.50E+04  6.29E+10 -1.07E+10 -8.84E-04 -3.04E+03 -1.02E+04 -2.30E+03  3.47E+08  9.00E+08 -4.86E-06 -7.52E+04  5.43E+09 -6.63E-05 -2.35E-08 -9.22E+06 -1.69E+07 -5.57E-03  1.86E+00
  1.75E+06 -2.22E+04  5.96E+10 -1.06E+10 -1.24E-03 -3.98E+03 -1.60E+04 -2.16E+04  3.81E+08  5.90E+08 -6.41E-06 -1.01E+05  5.29E+09 -9.04E-05 -2.70E-08 -9.03E+06 -1.75E+07 -3.93E-03  2.39E-01
  1.85E+06 -3.27E+04  5.64E+10 -1.05E+10 -1.76E-03 -5.17E+03 -2.14E+04 -3.56E+04  4.13E+08  3.85E+08 -8.48E-06 -1.20E+05  5.17E+09 -1.26E-04 -3.21E-08 -9.33E+06 -1.83E+07 -4.54E-04  2.77E-02
  1.95E+06 -4.91E+04  5.36E+10 -1.03E+10 -2.74E-03 -7.14E+03 -2.91E+04 -5.44E+04  4.44E+08  2.51E+08 -1.19E-05 -1.42E+05  5.03E+09 -1.86E-04 -3.92E-08 -1.02E+07 -1.93E+07  3.68E-03  2.90E-03
  2.05E+06 -7.54E+04  5.12E+10 -1.01E+10 -4.67E-03 -1.05E+04 -4.12E+04 -8.36E+04  4.74E+08  1.63E+08 -1.78E-05 -1.74E+05  4.90E+09 -2.94E-04 -4.96E-08 -1.17E+07 -2.06E+07  3.18E-03  2.75E-04
  2.15E+06 -1.14E+05  4.89E+10 -9.83E+09 -7.99E-03 -1.52E+04 -5.69E+04 -1.25E+05  5.02E+08  1.05E+08 -2.65E-05 -2.04E+05  4.76E+09 -4.62E-04 -6.48E-08 -1.33E+07 -2.20E+07  1.81E-03  2.31E-05
  2.25E+06 -1.74E+05  4.67E+10 -9.56E+09 -1.44E-02 -2.25E+04 -7.98E+04 -1.84E+05  5.27E+08  6.62E+07 -4.05E-05 -2.40E+05  4.61E+09 -7.48E-04 -8.71E-08 -1.52E+07 -2.31E+07  6.99E-04  2.23E-06
  2.35E+06 -2.63E+05  4.42E+10 -9.26E+09 -2.65E-02 -3.31E+04 -1.10E+05 -2.62E+05  5.50E+08  4.09E+07 -6.14E-05 -2.72E+05  4.44E+09 -1.21E-03 -1.21E-07 -1.71E+07 -2.35E+07 -2.83E-04  8.63E-07
  2.45E+06 -3.95E+05  4.12E+10 -8.94E+09 -4.97E-02 -4.75E+04 -1.48E+05 -3.52E+05  5.69E+08  2.39E+07 -9.17E-05 -2.96E+05  4.27E+09 -1.93E-03 -1.71E-07 -1.89E+07 -2.30E+07 -1.27E-03  8.49E-07
  2.55E+06 -5.86E+05  3.74E+10 -8.58E+09 -9.50E-02 -6.62E+04 -1.91E+05 -4.39E+05  5.82E+08  1.22E+07 -1.34E-04 -3.09E+05  4.08E+09 -3.04E-03 -2.48E-07 -2.05E+07 -2.14E+07 -2.33E-03  8.47E-07
  2.65E+06 -8.57E+05  3.28E+10 -8.18E+09 -1.83E-01 -8.81E+04 -2.34E+05 -4.99E+05  5.88E+08  3.56E+06 -1.87E-04 -3.06E+05  3.88E+09 -4.68E-03 -3.67E-07 -2.15E+07 -1.89E+07 -3.53E-03  7.80E-07
  2.75E+06 -1.25E+06  2.76E+10 -7.76E+09 -3.62E-01 -1.14E+05 -2.74E+05 -5.18E+05  5.85E+08 -3.09E+06 -2.54E-04 -2.94E+05  3.66E+09 -7.10E-03 -5.49E-07 -2.21E+07 -1.52E+07 -4.97E-03  6.45E-07
  2.85E+06 -1.84E+06  2.21E+10 -7.31E+09 -7.29E-01 -1.43E+05 -3.12E+05 -4.91E+05  5.74E+08 -8.42E+06 -3.40E-04 -2.83E+05  3.44E+09 -1.08E-02 -8.29E-07 -2.19E+07 -1.07E+07 -6.74E-03  4.81E-07
  2.95E+06 -2.61E+06  1.66E+10 -6.83E+09 -1.44E+00 -1.68E+05 -3.30E+05 -4.11E+05  5.54E+08 -1.25E+07 -4.26E-04 -2.56E+05  3.22E+09 -1.56E-02 -1.26E-06 -2.02E+07 -5.38E+06 -8.58E-03  3.42E-07
  3.05E+06 -3.78E+06  1.17E+10 -6.35E+09 -2.91E+00 -1.99E+05 -3.44E+05 -3.06E+05  5.25E+08 -1.53E+07 -5.37E-04 -2.36E+05  2.99E+09 -2.29E-02 -1.91E-06 -1.79E+07  1.76E+05 -1.09E-02  2.25E-07
  3.15E+06 -5.53E+06  7.45E+09 -5.85E+09 -6.03E+00 -2.37E+05 -3.54E+05 -1.87E+05  4.88E+08 -1.68E+07 -6.82E-04 -2.24E+05  2.76E+09 -3.42E-02 -2.92E-06 -1.50E+07  5.24E+06 -1.36E-02  1.42E-07
  3.25E+06 -7.91E+06  4.06E+09 -5.36E+09 -1.23E+01 -2.78E+05 -3.42E+05 -5.98E+04  4.43E+08 -1.65E+07 -8.43E-04 -2.02E+05  2.54E+09 -4.95E-02 -4.44E-06 -1.14E+07  9.41E+06 -1.64E-02  8.74E-08
  3.35E+06 -1.14E+07  1.38E+09 -4.87E+09 -2.55E+01 -3.35E+05 -3.21E+05  5.72E+04  3.89E+08 -1.48E+07 -1.05E-03 -1.79E+05  2.32E+09 -7.21E-02 -6.74E-06 -8.16E+06  1.26E+07 -1.98E-02  5.22E-08
  3.45E+06 -1.65E+07 -1.00E+09 -4.37E+09 -5.38E+01 -4.14E+05 -2.94E+05  1.48E+05  3.27E+08 -1.21E+07 -1.34E-03 -1.55E+05  2.11E+09 -1.06E-01 -1.02E-05 -5.43E+06  1.46E+07 -2.43E-02  3.03E-08
  3.55E+06 -2.38E+07 -3.57E+09 -3.88E+09 -1.14E+02 -5.18E+05 -2.63E+05  2.01E+05  2.56E+08 -8.97E+06 -1.70E-03 -1.26E+05  1.90E+09 -1.55E-01 -1.56E-05 -3.12E+06  1.54E+07 -2.97E-02  1.71E-08
  3.65E+06 -3.52E+07 -6.66E+09 -3.39E+09 -2.49E+02 -6.64E+05 -2.44E+05  2.17E+05  1.75E+08 -5.97E+06 -2.21E-03 -9.92E+04  1.69E+09 -2.30E-01 -2.36E-05 -1.49E+06  1.56E+07 -3.72E-02  9.49E-09
  3.75E+06 -5.08E+07 -9.93E+09 -2.90E+09 -5.30E+02 -8.19E+05 -2.32E+05  1.97E+05  8.33E+07 -3.39E+06 -2.74E-03 -5.69E+04  1.49E+09 -3.27E-01 -3.57E-05  2.50E+05  1.47E+07 -4.44E-02  5.15E-09
  3.85E+06 -7.15E+07 -1.29E+10 -2.41E+09 -1.08E+03 -9.58E+05 -2.33E+05  1.57E+05 -1.93E+07 -1.55E+06 -3.18E-03 -2.19E+03  1.30E+09 -4.41E-01 -5.37E-05  2.25E+06  1.29E+07 -4.91E-02  2.66E-09
  3.95E+06 -9.85E+07 -1.51E+10 -1.92E+09 -2.11E+03 -1.05E+06 -2.46E+05  1.15E+05 -1.31E+08 -5.93E+05 -3.43E-03  5.65E+04  1.11E+09 -5.62E-01 -8.09E-05  4.36E+06  1.06E+07 -4.93E-02  1.18E-09
  4.05E+06 -1.27E+08 -1.58E+10 -1.45E+09 -3.73E+03 -1.05E+06 -2.54E+05  8.00E+04 -2.50E+08 -4.19E+05 -3.25E-03  1.13E+05  9.37E+08 -6.45E-01 -1.24E-04  6.52E+06  7.85E+06 -4.18E-02  2.19E-10
  4.15E+06 -1.54E+08 -1.50E+10 -1.02E+09 -6.01E+03 -9.63E+05 -2.54E+05  5.61E+04 -3.70E+08 -1.07E+06 -2.69E-03  1.53E+05  7.79E+08 -6.73E-01 -1.94E-04  8.17E+06  5.41E+06 -2.91E-02 -4.17E-10
  4.25E+06 -1.80E+08 -1.35E+10 -6.25E+08 -9.10E+03 -8.54E+05 -2.48E+05  4.23E+04 -4.88E+08 -2.78E+06 -2.01E-03  1.73E+05  6.41E+08 -6.62E-01 -3.13E-04  9.04E+06  3.59E+06 -1.62E-02 -8.51E-10
  4.35E+06 -2.07E+08 -1.19E+10 -2.84E+08 -1.32E+04 -7.46E+05 -2.37E+05  3.51E+04 -5.97E+08 -5.87E+06 -1.34E-03  1.76E+05  5.25E+08 -6.28E-01 -5.13E-04  9.24E+06  2.33E+06 -5.33E-03 -1.15E-09
  4.45E+06 -2.33E+08 -1.04E+10  6.31E+06 -1.83E+04 -6.44E+05 -2.22E+05  3.27E+04 -6.97E+08 -1.06E+07 -8.04E-04  1.67E+05  4.30E+08 -5.96E-01 -8.34E-04  8.96E+06  1.49E+06  2.96E-03 -1.29E-09
  4.55E+06 -2.53E+08 -9.06E+09  2.48E+08 -2.43E+04 -5.38E+05 -1.98E+05  3.35E+04 -7.85E+08 -1.70E+07 -4.16E-04  1.50E+05  3.53E+08 -5.78E-01 -1.32E-03  8.39E+06  9.24E+05  9.27E-03 -1.21E-09
  4.65E+06 -2.88E+08 -8.11E+09  4.47E+08 -3.34E+04 -4.82E+05 -1.87E+05  3.50E+04 -8.62E+08 -2.51E+07 -2.80E-04  1.34E+05  2.92E+08 -6.32E-01 -2.02E-03  7.63E+06  5.93E+05  1.20E-02 -9.93E-10
  4.75E+06 -3.17E+08 -7.04E+09  6.09E+08 -4.41E+04 -4.30E+05 -1.74E+05  3.43E+04 -9.29E+08 -3.48E+07 -1.30E-04  1.19E+05  2.44E+08 -6.61E-01 -2.97E-03  6.82E+06  3.77E+05  1.35E-02 -7.90E-10
  4.85E+06 -3.48E+08 -6.07E+09  7.42E+08 -5.81E+04 -3.99E+05 -1.66E+05  3.20E+04 -9.86E+08 -4.59E+07 -3.66E-05  1.04E+05  2.06E+08 -6.97E-01 -4.20E-03  6.01E+06  2.41E+05  1.36E-02 -6.08E-10
  4.95E+06 -3.86E+08 -5.28E+09  8.49E+08 -7.73E+04 -3.90E+05 -1.66E+05  2.89E+04 -1.03E+09 -5.88E+07  6.60E-06  9.18E+04  1.77E+08 -7.51E-01 -5.73E-03  5.25E+06  1.57E+05  1.27E-02 -4.74E-10
  5.05E+06 -4.23E+08 -4.59E+09  9.36E+08 -1.02E+05 -3.90E+05 -1.69E+05  2.49E+04 -1.08E+09 -7.33E+07  4.11E-05  8.03E+04  1.54E+08 -8.00E-01 -7.56E-03  4.55E+06  1.02E+05  1.14E-02 -4.08E-10
  5.15E+06 -4.58E+08 -3.99E+09  1.01E+09 -1.33E+05 -3.99E+05 -1.76E+05  2.06E+04 -1.11E+09 -8.94E+07  6.71E-05  6.97E+04  1.37E+08 -8.46E-01 -9.68E-03  3.92E+06  6.68E+04  9.97E-03 -4.07E-10
  5.25E+06 -4.92E+08 -3.48E+09  1.06E+09 -1.73E+05 -4.14E+05 -1.85E+05  1.61E+04 -1.14E+09 -1.07E+08  9.03E-05  6.02E+04  1.23E+08 -8.85E-01 -1.21E-02  3.35E+06  4.38E+04  8.43E-03 -4.65E-10
  5.35E+06 -5.21E+08 -3.03E+09  1.11E+09 -2.24E+05 -4.33E+05 -1.95E+05  1.18E+04 -1.16E+09 -1.26E+08  1.13E-04  5.17E+04  1.12E+08 -9.15E-01 -1.47E-02  2.85E+06  2.88E+04  6.94E-03 -5.70E-10
  5.45E+06 -5.48E+08 -2.65E+09  1.14E+09 -2.89E+05 -4.54E+05 -2.08E+05  7.88E+03 -1.18E+09 -1.47E+08  1.35E-04  4.42E+04  1.04E+08 -9.36E-01 -1.75E-02  2.41E+06  1.89E+04  5.56E-03 -7.09E-10
  5.55E+06 -5.70E+08 -2.31E+09  1.17E+09 -3.72E+05 -4.76E+05 -2.20E+05  4.37E+03 -1.20E+09 -1.68E+08  1.53E-04  3.77E+04  9.80E+07 -9.46E-01 -2.05E-02  2.03E+06  1.25E+04  4.31E-03 -8.67E-10
  5.65E+06 -5.91E+08 -2.01E+09  1.20E+09 -4.78E+05 -4.98E+05 -2.32E+05  1.36E+03 -1.21E+09 -1.91E+08  1.65E-04  3.19E+04  9.32E+07 -9.45E-01 -2.37E-02  1.70E+06  8.29E+03  3.22E-03 -1.03E-09
  5.75E+06 -6.09E+08 -1.75E+09  1.21E+09 -6.14E+05 -5.20E+05 -2.44E+05 -1.19E+03 -1.22E+09 -2.16E+08  1.69E-04  2.70E+04  8.96E+07 -9.33E-01 -2.69E-02  1.42E+06  5.52E+03  2.28E-03 -1.20E-09
  5.85E+06 -6.28E+08 -1.52E+09  1.23E+09 -7.88E+05 -5.40E+05 -2.55E+05 -3.37E+03 -1.23E+09 -2.41E+08  1.59E-04  2.26E+04  8.68E+07 -9.10E-01 -3.02E-02  1.17E+06  3.70E+03  1.46E-03 -1.37E-09
  5.95E+06 -6.45E+08 -1.32E+09  1.24E+09 -1.01E+06 -5.61E+05 -2.66E+05 -5.40E+03 -1.24E+09 -2.67E+08  1.17E-04  1.87E+04  8.47E+07 -8.85E-01 -3.35E-02  9.65E+05  2.49E+03  7.34E-04 -1.56E-09
  6.05E+06 -6.59E+08 -1.16E+09  1.25E+09 -1.30E+06 -5.87E+05 -2.80E+05 -7.81E+03 -1.24E+09 -2.94E+08 -1.69E-05  1.49E+04  8.31E+07 -8.89E-01 -3.68E-02  7.86E+05  1.69E+03  1.48E-05 -1.81E-09
  6.15E+06 -6.60E+08 -1.03E+09  1.25E+09 -1.68E+06 -6.33E+05 -3.04E+05 -1.16E+04 -1.25E+09 -3.22E+08 -4.10E-04  1.03E+04  8.18E+07 -1.02E+00 -4.00E-02  6.33E+05  1.13E+03 -8.35E-04 -2.27E-09
  6.25E+06 -6.29E+08 -9.64E+08  1.26E+09 -2.19E+06 -7.24E+05 -3.52E+05 -1.82E+04 -1.25E+09 -3.50E+08 -1.43E-03  3.58E+03  8.09E+07 -1.54E+00 -4.32E-02  5.03E+05  7.22E+02 -2.03E-03 -3.22E-09
  6.35E+06 -5.50E+08 -9.45E+08  1.26E+09 -2.89E+06 -8.95E+05 -4.41E+05 -2.93E+04 -1.25E+09 -3.78E+08 -3.73E-03 -7.00E+03  8.00E+07 -2.97E+00 -4.64E-02  3.92E+05  4.04E+02 -3.82E-03 -5.18E-09
  6.45E+06 -4.21E+08 -9.62E+08  1.26E+09 -3.87E+06 -1.17E+06 -5.84E+05 -4.65E+04 -1.25E+09 -4.08E+08 -8.25E-03 -2.32E+04  7.91E+07 -6.23E+00 -4.95E-02  2.97E+05  1.41E+02 -6.31E-03 -8.98E-09
  6.55E+06 -2.82E+08 -9.79E+08  1.26E+09 -5.28E+06 -1.54E+06 -7.76E+05 -6.96E+04 -1.24E+09 -4.38E+08 -1.60E-02 -4.55E+04  7.80E+07 -1.26E+01 -5.26E-02  2.17E+05 -7.30E+01 -9.34E-03 -1.58E-08
  6.65E+06 -1.92E+08 -9.62E+08  1.26E+09 -7.30E+06 -1.95E+06 -9.85E+05 -9.67E+04 -1.24E+09 -4.68E+08 -2.79E-02 -7.21E+04  7.64E+07 -2.37E+01 -5.56E-02  1.50E+05 -2.26E+02 -1.25E-02 -2.69E-08
  6.75E+06 -1.82E+08 -9.05E+08  1.25E+09 -1.02E+07 -2.32E+06 -1.17E+06 -1.23E+05 -1.22E+09 -5.00E+08 -4.43E-02 -9.89E+04  7.42E+07 -4.05E+01 -5.86E-02  9.47E+04 -3.02E+02 -1.53E-02 -4.20E-08
  6.85E+06 -2.43E+08 -8.24E+08  1.24E+09 -1.43E+07 -2.59E+06 -1.29E+06 -1.43E+05 -1.20E+09 -5.32E+08 -6.45E-02 -1.21E+05  7.11E+07 -6.27E+01 -6.10E-02  4.97E+04 -2.97E+02 -1.74E-02 -5.82E-08
  6.95E+06 -3.48E+08 -7.35E+08  1.22E+09 -2.03E+07 -2.72E+06 -1.33E+06 -1.50E+05 -1.17E+09 -5.63E+08 -8.70E-02 -1.33E+05  6.71E+07 -8.74E+01 -6.19E-02  1.35E+04 -2.25E+02 -1.88E-02 -6.98E-08
  7.05E+06 -4.81E+08 -6.44E+08  1.19E+09 -2.90E+07 -2.69E+06 -1.28E+06 -1.40E+05 -1.13E+09 -5.93E+08 -1.09E-01 -1.36E+05  6.22E+07 -1.09E+02 -5.98E-02 -1.59E+04 -1.15E+02 -1.93E-02 -7.08E-08
  7.15E+06 -6.38E+08 -5.46E+08  1.15E+09 -4.12E+07 -2.48E+06 -1.14E+06 -1.13E+05 -1.08E+09 -6.20E+08 -1.28E-01 -1.28E+05  5.65E+07 -1.20E+02 -5.34E-02 -4.01E+04  3.81E+00 -1.90E-02 -5.86E-08
  7.25E+06 -8.22E+08 -4.34E+08  1.10E+09 -5.85E+07 -2.15E+06 -9.30E+05 -7.33E+04 -1.01E+09 -6.42E+08 -1.42E-01 -1.12E+05  5.03E+07 -1.13E+02 -4.19E-02 -6.03E+04  1.01E+02 -1.80E-02 -3.53E-08
  7.35E+06 -1.10E+09 -2.70E+08  1.04E+09 -8.48E+07 -1.60E+06 -6.29E+05 -2.42E+04 -9.16E+08 -6.58E+08 -1.52E-01 -8.84E+04  4.39E+07 -8.92E+01 -2.67E-02 -7.78E+04  1.98E+02 -1.56E-02 -3.92E-09
  7.45E+06 -1.36E+09 -1.09E+08  9.63E+08 -1.20E+08 -1.17E+06 -4.09E+05  8.36E+03 -8.08E+08 -6.67E+08 -1.51E-01 -6.13E+04  3.75E+07 -5.15E+01 -1.08E-02 -9.34E+04  2.02E+02 -1.41E-02  1.34E-08
  7.55E+06 -1.47E+09 -1.62E+07  8.75E+08 -1.76E+08 -1.50E+06 -5.34E+05  2.12E+04 -6.80E+08 -6.68E+08 -1.44E-01 -3.09E+04  3.15E+07 -2.39E+01  2.55E-03 -1.08E+05  1.28E+02 -1.87E-02  1.24E-08
  7.65E+06 -2.58E+09  5.83E+08  7.95E+08 -3.11E+08 -1.08E+06 -2.95E+05  6.91E+04 -5.22E+08 -6.65E+08 -1.32E-01  6.55E+03  2.60E+07  4.13E+01  1.22E-02 -1.20E+05  1.90E+02 -1.70E-02  4.37E-08
  7.75E+06 -1.03E+10  4.49E+09  7.25E+08 -5.55E+08  4.10E+06  1.87E+06  1.43E+05 -3.24E+08 -6.56E+08 -1.29E-01  6.88E+04  2.11E+07  1.59E+02  1.63E-02 -1.24E+05  3.64E+02  3.19E-02  7.48E-08
  7.85E+06 -3.28E+10  1.59E+10  6.24E+08 -7.06E+08  3.81E+06  1.77E+06  9.99E+04 -1.40E+08 -6.26E+08 -1.63E-01  1.29E+05  1.69E+07  9.09E+01  1.59E-02 -1.25E+05  1.29E+02  3.65E-02  2.06E-08
  7.95E+06 -7.30E+10  3.60E+10  5.10E+08 -6.89E+08  1.59E+06  7.55E+05  4.09E+04 -2.47E+07 -5.79E+08 -1.23E-01  9.65E+04  1.34E+07  2.88E+01  1.45E-02 -1.34E+05  2.24E+01  1.63E-02  2.41E-09
  8.05E+06 -1.29E+11  6.40E+10  4.04E+08 -5.90E+08  6.64E+05  2.93E+05  1.40E+04  3.79E+07 -5.27E+08 -6.99E-02  4.43E+04  1.05E+07  9.54E+00  1.31E-02 -1.48E+05  4.03E+00  6.63E-03  2.00E-10
  8.15E+06 -1.97E+11  9.82E+10  3.15E+08 -4.68E+08  3.15E+05  1.19E+05  4.43E+03  7.15E+07 -4.75E+08 -3.61E-02  1.84E+04  8.19E+06  3.60E+00  1.15E-02 -1.57E+05  8.99E-01  2.88E-03  1.29E-11
  8.25E+06 -2.73E+11  1.36E+11  2.41E+08 -3.50E+08  1.71E+05  5.15E+04  1.32E+03  9.00E+07 -4.26E+08 -9.22E-03  8.12E+03  6.32E+06  1.53E+00  9.95E-03 -1.53E+05  2.86E-01  1.37E-03  6.73E-13
  8.35E+06 -3.52E+11  1.76E+11  1.83E+08 -2.49E+08  1.03E+05  2.35E+04  3.73E+02  1.00E+08 -3.81E+08  1.19E-02  3.86E+03  4.83E+06  7.14E-01  8.35E-03 -1.32E+05  1.71E-01  7.01E-04  2.94E-14
  8.45E+06 -4.27E+11  2.13E+11  1.38E+08 -1.66E+08  6.64E+04  1.12E+04  9.97E+01  1.07E+08 -3.39E+08  2.56E-02  1.96E+03  3.67E+06  3.60E-01  6.79E-03 -9.67E+04  1.72E-01  3.84E-04  1.22E-15
  8.55E+06 -4.93E+11  2.46E+11  1.03E+08 -9.95E+07  4.51E+04  5.60E+03  2.52E+01  1.10E+08 -3.00E+08  3.20E-02  1.05E+03  2.78E+06  1.93E-01  5.36E-03 -5.48E+04  1.88E-01  2.18E-04  6.54E-17
  8.65E+06 -5.47E+11  2.73E+11  7.65E+07 -4.73E+07  3.14E+04  2.89E+03  6.05E+00  1.12E+08 -2.65E+08  3.26E-02  5.94E+02  2.09E+06  1.09E-01  4.12E-03 -1.84E+04  1.87E-01  1.25E-04  5.84E-18
  8.75E+06 -5.86E+11  2.93E+11  5.65E+07 -6.76E+06  2.23E+04  1.54E+03  1.39E+00  1.13E+08 -2.33E+08  2.96E-02  3.50E+02  1.56E+06  6.47E-02  3.09E-03  4.74E+03  1.65E-01  7.12E-05  7.72E-19
  8.85E+06 -6.11E+11  3.05E+11  4.15E+07  2.45E+07  1.59E+04  8.49E+02  3.10E-01  1.13E+08 -2.04E+08  2.49E-02  2.13E+02  1.16E+06  3.99E-02  2.26E-03  1.50E+04  1.33E-01  4.03E-05  1.27E-19
  8.95E+06 -6.22E+11  3.11E+11  3.04E+07  4.84E+07  1.14E+04  4.79E+02  6.85E-02  1.13E+08 -1.77E+08  2.00E-02  1.35E+02  8.60E+05  2.55E-02  1.63E-03  1.72E+04  1.00E-01  2.28E-05  2.41E-20
  9.05E+06 -6.21E+11  3.10E+11  2.21E+07  6.68E+07  8.16E+03  2.77E+02  1.53E-02  1.12E+08 -1.53E+08  1.55E-02  8.70E+01  6.34E+05  1.67E-02  1.15E-03  1.61E+04  7.37E-02  1.30E-05  5.17E-21
  9.15E+06 -6.09E+11  3.04E+11  1.61E+07  8.08E+07  5.83E+03  1.64E+02  3.60E-03  1.11E+08 -1.31E+08  1.18E-02  5.74E+01  4.66E+05  1.12E-02  8.05E-04  1.41E+04  5.36E-02  7.58E-06  1.23E-21
  9.25E+06 -5.87E+11  2.93E+11  1.16E+07  9.15E+07  4.15E+03  9.85E+01  9.15E-04  1.11E+08 -1.11E+08  8.78E-03  3.84E+01  3.41E+05  7.69E-03  5.57E-04  1.22E+04  3.89E-02  4.50E-06  3.23E-22
  9.35E+06 -5.57E+11  2.78E+11  8.38E+06  9.99E+07  2.95E+03  6.03E+01  2.58E-04  1.10E+08 -9.23E+07  6.38E-03  2.57E+01  2.48E+05  5.31E-03  3.82E-04  1.05E+04  2.83E-02  2.72E-06  9.20E-23
  9.45E+06 -5.18E+11  2.59E+11  6.00E+06  1.06E+08  2.09E+03  3.76E+01  8.14E-05  1.09E+08 -7.58E+07  4.46E-03  1.70E+01  1.78E+05  3.65E-03  2.60E-04  8.98E+03  2.06E-02  1.67E-06  2.82E-23
  9.55E+06 -4.72E+11  2.36E+11  4.23E+06  1.12E+08  1.47E+03  2.37E+01  2.84E-05  1.09E+08 -6.09E+07  2.87E-03  1.06E+01  1.26E+05  2.44E-03  1.74E-04  7.69E+03  1.50E-02  1.05E-06  9.24E-24
  9.65E+06 -4.16E+11  2.08E+11  2.90E+06  1.16E+08  1.04E+03  1.52E+01  1.08E-05  1.08E+08 -4.71E+07  1.49E-03  5.63E+00  8.67E+04  1.48E-03  1.13E-04  6.51E+03  1.10E-02  6.63E-07  3.22E-24
  9.75E+06 -3.48E+11  1.74E+11  1.88E+06  1.20E+08  7.28E+02  9.77E+00  4.32E-06  1.07E+08 -3.44E+07  1.50E-04  1.18E+00  5.59E+04  6.45E-04  6.98E-05  5.37E+03  7.99E-03  4.25E-07  1.19E-24
  9.85E+06 -2.61E+11  1.31E+11  1.06E+06  1.23E+08  5.08E+02  6.30E+00  1.76E-06  1.06E+08 -2.21E+07 -1.42E-03 -3.87E+00  3.11E+04 -2.83E-04  3.75E-05  4.13E+03  5.79E-03  2.73E-07  4.63E-25
  9.95E+06 -1.26E+11  6.29E+10  3.47E+05  1.27E+08  3.39E+02  3.91E+00  5.11E-07  1.05E+08 -8.76E+06 -4.33E-03 -1.42E+01  9.93E+03 -2.24E-03  1.20E-05  2.31E+03  4.06E-03  1.69E-07  1.62E-25
  1.00E+07 -1.30E-02  3.43E-04  2.21E-09  1.30E+08 -8.92E-06  4.06E-07  2.28E-19  1.04E+08 -3.22E-04 -7.63E-09 -3.83E-09  1.40E-10 -3.77E-09  1.50E-18 -2.11E-07 -1.64E-10  8.46E-15 -3.59E-35

     Z        HS        S         SO        SO2       H2SO4     HSO       S2        S4        S8        SO3       OCS       S3        O3        HNO3      N         NO3       N2O       HO2NO2  
  0.00E+00  7.73E-06  1.16E-13  4.07E-06 -1.69E+09 -9.82E+07 -1.56E+07  1.96E-28  7.97E-51  3.08-100 -1.11E-05  2.60E-18  1.63E-47 -2.03E+10 -1.00E+08  1.91-152 -5.11E-06  1.73E+09 -4.01E+05
  5.00E+04  3.41E+02  1.86E-12  6.62E-01 -1.77E+09 -9.94E+07  6.92E+05  2.22E-16  6.65E-42  8.99E-90 -8.18E-02  7.77E-06  2.05E-39 -2.94E+10 -1.12E+08 -1.15-136  5.83E+02  1.72E+09 -1.66E+06
  1.50E+05  1.70E+02  4.91E-13  1.92E+00 -1.27E+09 -9.68E+07  5.24E+06  9.77E-17  7.18E-43  1.01E-89 -1.55E-01  1.24E-05  1.58E-40 -4.42E+10 -1.57E+08 -3.66-124 -4.29E+02  1.72E+09 -3.91E+06
  2.50E+05  8.43E+01  1.25E-13  1.54E+00 -1.02E+09 -8.82E+07  3.15E+06  2.24E-17  2.92E-44  1.01E-89 -3.44E-01  1.21E-05  7.25E-42 -5.50E+10 -1.72E+08 -5.70-112 -8.95E+02  1.71E+09 -9.73E+06
  3.50E+05  3.90E+01  2.87E-14  9.85E-01 -8.81E+08 -7.28E+07  1.52E+06  4.04E-18  7.78E-46  1.00E-89 -7.89E-01  1.08E-05  2.49E-43 -6.13E+10 -1.46E+08 -4.15-100 -1.01E+03  1.71E+09 -2.42E+07
  4.50E+05  1.78E+01  6.40E-15  5.95E-01 -8.11E+08 -4.91E+07  6.80E+05  6.30E-19  1.60E-47  1.00E-89 -1.86E+00  9.40E-06  7.26E-45 -6.34E+10 -9.68E+07 -1.34E-88 -5.85E+02  1.71E+09 -6.21E+07
  5.50E+05  8.09E+00  1.38E-15  3.69E-01 -7.78E+08 -1.60E+07  2.93E+05  8.88E-20  2.72E-49  9.99E-90 -4.30E+00  8.27E-06  1.84E-46 -6.24E+10 -4.32E+07 -1.73E-77  9.22E+01  1.71E+09 -1.25E+08
  6.50E+05  3.41E+00  2.66E-16  2.09E-01 -7.26E+08  7.52E+06  1.29E+05  1.15E-20  3.97E-51  9.96E-90 -1.01E+01  7.47E-06  4.00E-48 -6.08E+10 -1.64E+07 -7.52E-67  1.21E+02  1.70E+09 -1.45E+08
  7.50E+05  1.24E+00  4.08E-17  6.09E-02 -6.12E+08  3.00E+06  6.28E+04  1.40E-21  5.10E-53  9.93E-90 -3.01E+01  6.95E-06  8.51E-50 -5.98E+10 -2.04E+07 -3.18E-57 -3.83E+02  1.70E+09 -8.82E+07
  8.50E+05  4.55E-01 -2.31E-17 -1.21E-01 -4.72E+08 -1.29E+07  3.24E+04  1.54E-22  6.09E-55  9.90E-90 -1.16E+02  6.62E-06  2.61E-51 -5.82E+10 -3.36E+07 -6.78E-49 -6.56E+02  1.70E+09 -1.68E+07
  9.50E+05  2.02E-01 -2.92E-16 -6.81E-01 -3.57E+08 -1.85E+07  1.61E+04 -1.25E-23 -1.02E-56  9.86E-90 -4.85E+02  6.38E-06 -6.60E-51 -5.50E+10 -4.51E+07 -1.03E-41 -8.54E+02  1.70E+09  2.27E+07
  1.05E+06  1.02E-01 -2.01E-15 -1.47E+00 -2.85E+08 -1.01E+07  6.58E+03 -7.47E-23 -1.72E-55  9.82E-90 -3.85E+02  6.19E-06 -1.41E-49 -5.07E+10 -5.65E+07 -9.39E-36 -2.76E+02  1.70E+09  1.86E+07
  1.15E+06  3.80E-02 -6.11E-15 -1.61E+00 -2.25E+08 -2.66E+06  1.92E+03 -5.67E-23 -3.08E-55  9.79E-90 -4.26E+02  6.04E-06 -9.45E-49 -4.64E+10 -6.31E+07 -5.36E-31 -2.60E+02  1.70E+09  4.21E+06
  1.25E+06  6.38E-03 -2.80E-14 -2.77E+00 -1.70E+08  2.63E+05  4.29E+02 -2.87E-23 -1.82E-55  9.74E-90 -8.32E+01  5.91E-06 -5.18E-48 -4.30E+10 -6.52E+07 -1.00E-26 -2.47E+02  1.70E+09 -7.46E+05
  1.35E+06  6.31E-04 -9.04E-14 -3.61E+00 -1.11E+08  3.15E+05  6.21E+01  6.15E-24  8.45E-56  9.70E-90 -5.54E+01  5.80E-06 -9.15E-48 -4.04E+10 -6.67E+07 -3.65E-23 -3.06E+02  1.69E+09 -2.41E+06
  1.45E+06  5.07E-05 -3.60E-13 -5.76E+00 -5.44E+07 -6.00E+04 -2.02E+00  4.49E-24  2.88E-56  9.66E-90 -6.89E+01  5.69E-06 -1.69E-47 -3.85E+10 -6.66E+07 -5.68E-20 -4.38E+02  1.69E+09 -2.67E+06
  1.55E+06  4.92E-06 -1.19E-12 -7.89E+00 -1.22E+07  1.06E+05 -9.28E+00  2.08E-24  6.95E-57  9.61E-90 -6.48E+01  5.56E-06 -2.70E-47 -3.66E+10 -6.48E+07 -3.04E-17 -5.93E+02  1.68E+09 -2.79E+06
  1.65E+06  3.70E-07 -3.55E-12 -9.75E+00  1.53E+07  3.25E+05 -7.85E+00 -3.39E-24 -4.14E-57  9.57E-90 -5.23E+01  5.39E-06 -1.27E-46 -3.47E+10 -6.11E+07 -7.21E-15 -7.57E+02  1.66E+09 -2.81E+06
  1.75E+06 -1.72E-07 -9.40E-12 -1.03E+01  3.15E+07  5.02E+05 -4.76E+00 -1.64E-23 -4.82E-56  9.52E-90 -3.35E+01  5.17E-06 -9.96E-46 -3.28E+10 -5.56E+07 -8.90E-13 -9.13E+02  1.64E+09 -2.75E+06
  1.85E+06 -2.40E-07 -1.85E-11 -5.97E+00  3.80E+07  6.27E+05  9.91E-01 -3.66E-23 -2.36E-55  9.47E-90  1.56E+00  4.89E-06 -4.38E-45 -3.10E+10 -4.86E+07 -5.97E-11 -1.07E+03  1.62E+09 -2.67E+06
  1.95E+06 -1.09E-07 -2.18E-11  3.33E+00  3.35E+07  6.06E+05  7.21E+00 -2.76E-23 -1.89E-55  9.42E-90  4.34E+01  4.54E-06 -5.03E-45 -2.93E+10 -4.00E+07 -2.47E-09 -1.23E+03  1.58E+09 -2.52E+06
  2.05E+06 -5.17E-08 -2.38E-11  5.29E+00  1.60E+07  3.25E+05  5.94E+00 -1.27E-23  4.56E-57  9.36E-90  3.61E+01  4.12E-06 -2.57E-45 -2.79E+10 -3.02E+07 -6.83E-08 -1.41E+03  1.53E+09 -2.27E+06
  2.15E+06 -3.61E-08 -2.69E-11  4.42E+00  6.49E+06  1.47E+05  3.78E+00 -4.33E-24  7.90E-56  9.31E-90  2.33E+01  3.63E-06 -7.45E-46 -2.66E+10 -2.00E+07 -1.26E-06 -1.59E+03  1.47E+09 -1.87E+06
  2.25E+06 -2.04E-08 -2.86E-11  3.45E+00  2.64E+06  6.77E+04  2.39E+00  3.78E-24  1.04E-55  9.25E-90  1.55E+01  3.10E-06  1.07E-45 -2.53E+10 -9.89E+06 -1.71E-05 -1.76E+03  1.39E+09 -1.29E+06
  2.35E+06  6.07E-09 -2.65E-11  2.57E+00  1.07E+06  3.16E+04  1.51E+00  1.14E-23  9.23E-56  9.20E-90  1.08E+01  2.55E-06  2.46E-45 -2.38E+10 -5.23E+05 -1.71E-04 -1.90E+03  1.30E+09 -5.84E+05
  2.45E+06  3.56E-08 -2.10E-11  1.82E+00  4.29E+05  1.48E+04  9.37E-01  1.56E-23  5.81E-56  9.14E-90  7.68E+00  2.00E-06  2.76E-45 -2.20E+10  7.69E+06 -1.30E-03 -1.99E+03  1.20E+09  1.62E+05
  2.55E+06  6.11E-08 -1.32E-11  1.22E+00  1.69E+05  6.69E+03  5.60E-01  1.54E-23  2.69E-56  9.07E-90  5.47E+00  1.49E-06  2.16E-45 -1.97E+10  1.45E+07 -7.79E-03 -2.00E+03  1.09E+09  8.45E+05
  2.65E+06  7.95E-08 -4.02E-12  7.77E-01  6.60E+04  2.57E+03  3.21E-01  1.23E-23  9.46E-57  9.01E-90  3.84E+00  1.04E-06  1.31E-45 -1.69E+10  1.96E+07 -3.70E-02 -1.94E+03  9.68E+08  1.36E+06
  2.75E+06  8.23E-08  2.78E-12  4.71E-01  2.56E+04 -2.81E+02  1.74E-01  8.08E-24  2.52E-57  8.94E-90  2.64E+00  6.79E-07  6.19E-46 -1.37E+10  2.31E+07 -1.44E-01 -1.78E+03  8.46E+08  1.69E+06
  2.85E+06  7.26E-08  5.82E-12  2.74E-01  9.95E+03 -4.26E+03  8.98E-02  4.56E-24  5.47E-58  8.87E-90  1.67E+00  4.10E-07  2.46E-46 -1.03E+10  2.46E+07 -4.71E-01 -1.59E+03  7.26E+08  1.81E+06
  2.95E+06  6.22E-08  9.35E-12  1.58E-01  3.90E+03 -3.90E+03  4.46E-02  2.39E-24  1.03E-58  8.80E-90  1.09E+00  2.27E-07  8.79E-47 -6.87E+09  2.36E+07 -1.25E+00 -1.30E+03  6.11E+08  1.70E+06
  3.05E+06  4.73E-08  9.17E-12  8.83E-02  1.57E+03 -1.57E+03  2.13E-02  1.11E-24  1.64E-59  8.72E-90  6.86E-01  1.14E-07  2.74E-47 -3.86E+09  2.11E+07 -2.92E+00 -9.52E+02  5.06E+08  1.50E+06
  3.15E+06  3.40E-08  7.33E-12  4.93E-02  6.52E+02 -6.52E+02  1.01E-02  4.92E-25  2.47E-60  8.64E-90  3.81E-01  5.21E-08  8.14E-48 -1.33E+09  1.78E+07 -5.94E+00 -6.12E+02  4.12E+08  1.25E+06
  3.25E+06  2.41E-08  6.04E-12  2.79E-02  2.82E+02 -2.82E+02  4.70E-03  2.14E-25  3.65E-61  8.56E-90  2.11E-01  2.13E-08  2.40E-48  6.44E+08  1.39E+07 -1.04E+01 -2.22E+02  3.31E+08  9.54E+05
  3.35E+06  1.64E-08  3.85E-12  1.58E-02  1.28E+02 -1.28E+02  2.18E-03  9.08E-26  5.31E-62  8.47E-90  1.05E-01  7.73E-09  6.94E-49  2.14E+09  1.03E+07 -1.64E+01  1.87E+02  2.62E+08  6.89E+05
  3.45E+06  1.05E-08  8.16E-13  8.86E-03  6.01E+01 -6.02E+01  1.02E-03  3.82E-26  8.14E-63  8.38E-90  3.73E-02  2.51E-09  2.06E-49  3.45E+09  7.47E+06 -2.38E+01  5.80E+02  2.06E+08  4.70E+05
  3.55E+06  6.39E-09 -2.82E-12  4.84E-03  2.94E+01 -2.94E+01  4.84E-04  1.63E-26  1.40E-63  8.28E-90  8.60E-03  7.25E-10  6.52E-50  4.87E+09  5.33E+06 -3.21E+01  9.36E+02  1.61E+08  3.01E+05
  3.65E+06  3.36E-09 -8.30E-12  2.35E-03  1.48E+01 -1.48E+01  2.38E-04  7.08E-27  2.93E-64  8.18E-90  7.60E-03  1.89E-10  2.23E-50  6.65E+09  3.85E+06 -4.23E+01  1.24E+03  1.24E+08  1.86E+05
  3.75E+06  1.25E-09 -1.49E-11  8.06E-04  7.60E+00 -7.64E+00  1.22E-04  3.09E-27  7.68E-65  8.07E-90  4.12E-02  4.43E-11  8.20E-51  8.56E+09  2.75E+06 -5.29E+01  1.46E+03  9.61E+07  1.07E+05
  3.85E+06 -2.84E-10 -2.30E-11 -2.08E-04  3.99E+00 -4.07E+00  6.52E-05  1.19E-27  2.46E-65  7.95E-90  8.20E-02  9.35E-12  2.77E-51  1.03E+10  1.93E+06 -6.44E+01  1.55E+03  7.41E+07  5.81E+04
  3.95E+06 -1.54E-09 -3.41E-11 -9.76E-04  2.15E+00 -2.26E+00  3.65E-05  1.12E-28  8.74E-66  7.83E-90  1.12E-01  1.81E-12  4.71E-53  1.15E+10  1.32E+06 -7.87E+01  1.49E+03  5.70E+07  3.04E+04
  4.05E+06 -2.64E-09 -4.81E-11 -1.61E-03  1.19E+00 -1.31E+00  2.03E-05 -6.92E-28  2.30E-66  7.71E-90  1.26E-01  3.24E-13 -1.91E-51  1.16E+10  8.35E+05 -9.48E+01  1.28E+03  4.39E+07  1.52E+04
  4.15E+06 -3.66E-09 -6.70E-11 -2.24E-03  6.80E-01 -8.03E-01  1.06E-05 -1.48E-27 -1.44E-66  7.57E-90  1.25E-01  5.45E-14 -4.01E-51  1.09E+10  4.93E+05 -1.15E+02  9.84E+02  3.39E+07  7.39E+03
  4.25E+06 -4.66E-09 -9.48E-11 -3.01E-03  4.00E-01 -5.11E-01  4.46E-06 -2.44E-27 -4.82E-66  7.43E-90  1.14E-01  8.89E-15 -6.96E-51  9.69E+09  2.77E+05 -1.46E+02  7.04E+02  2.62E+07  3.63E+03
  4.35E+06 -5.69E-09 -1.36E-10 -3.98E-03  2.39E-01 -3.35E-01  2.20E-07 -3.73E-27 -9.11E-66  7.28E-90  9.99E-02  1.42E-15 -1.16E-50  8.42E+09  1.51E+05 -1.90E+02  4.79E+02  2.04E+07  1.82E+03
  4.45E+06 -6.56E-09 -1.93E-10 -5.08E-03  1.42E-01 -2.22E-01 -2.64E-06 -5.38E-27 -1.48E-65  7.12E-90  8.53E-02  1.44E-16 -1.83E-50  7.27E+09  8.11E+04 -2.44E+02  3.13E+02  1.59E+07  9.24E+02
  4.55E+06 -6.99E-09 -2.61E-10 -6.05E-03  8.11E-02 -1.47E-01 -4.16E-06 -7.17E-27 -2.11E-65  6.96E-90  7.19E-02 -1.32E-16 -2.66E-50  6.27E+09  4.26E+04 -2.91E+02  1.96E+02  1.25E+07  4.68E+02
  4.65E+06 -7.13E-09 -3.61E-10 -7.25E-03  4.33E-02 -9.66E-02 -4.90E-06 -9.24E-27 -2.75E-65  6.80E-90  6.06E-02 -2.49E-16 -3.73E-50  5.54E+09  2.27E+04 -3.51E+02  1.24E+02  9.85E+06  2.47E+02
  4.75E+06 -7.16E-09 -4.87E-10 -8.53E-03  2.19E-02 -6.34E-02 -5.68E-06 -1.17E-26 -3.55E-65  6.63E-90  5.01E-02 -3.51E-16 -5.13E-50  4.74E+09  1.20E+04 -4.14E+02  7.60E+01  7.81E+06  1.29E+02
  4.85E+06 -7.14E-09 -6.53E-10 -9.96E-03  1.07E-02 -4.16E-02 -6.37E-06 -1.47E-26 -4.50E-65  6.45E-90  4.09E-02 -4.64E-16 -6.94E-50  4.03E+09  6.30E+03 -4.84E+02  4.63E+01  6.22E+06  6.79E+01
  4.95E+06 -7.22E-09 -8.81E-10 -1.17E-02  5.78E-03 -2.72E-02 -7.12E-06 -1.86E-26 -5.71E-65  6.27E-90  3.32E-02 -5.94E-16 -9.42E-50  3.46E+09  3.35E+03 -5.73E+02  2.84E+01  4.97E+06  3.63E+01
  5.05E+06 -7.43E-09 -1.18E-09 -1.37E-02  4.76E-03 -1.78E-02 -7.92E-06 -2.36E-26 -7.29E-65  6.09E-90  2.67E-02 -7.43E-16 -1.27E-49  2.96E+09  1.78E+03 -6.69E+02  1.73E+01  3.99E+06  1.95E+01
  5.15E+06 -7.81E-09 -1.55E-09 -1.58E-02  6.06E-03 -1.17E-02 -8.80E-06 -2.99E-26 -9.46E-65  5.91E-90  2.14E-02 -9.12E-16 -1.72E-49  2.54E+09  9.54E+02 -7.73E+02  1.05E+01  3.21E+06  1.05E+01
  5.25E+06 -8.42E-09 -2.04E-09 -1.81E-02  8.70E-03 -7.62E-03 -9.80E-06 -3.84E-26 -1.25E-64  5.73E-90  1.70E-02 -1.10E-15 -2.33E-49  2.17E+09  5.12E+02 -8.85E+02  6.38E+00  2.60E+06  5.72E+00
  5.35E+06 -9.29E-09 -2.66E-09 -2.05E-02  1.21E-02 -4.97E-03 -1.09E-05 -4.97E-26 -1.70E-64  5.54E-90  1.34E-02 -1.31E-15 -3.18E-49  1.86E+09  2.76E+02 -1.00E+03  3.86E+00  2.10E+06  3.12E+00
  5.45E+06 -1.04E-08 -3.44E-09 -2.32E-02  1.59E-02 -3.24E-03 -1.21E-05 -6.49E-26 -2.35E-64  5.36E-90  1.06E-02 -1.54E-15 -4.37E-49  1.59E+09  1.49E+02 -1.13E+03  2.33E+00  1.71E+06  1.72E+00
  5.55E+06 -1.18E-08 -4.44E-09 -2.61E-02  1.99E-02 -2.11E-03 -1.35E-05 -8.57E-26 -3.33E-64  5.17E-90  8.33E-03 -1.79E-15 -6.05E-49  1.35E+09  8.16E+01 -1.26E+03  1.41E+00  1.39E+06  9.50E-01
  5.65E+06 -1.34E-08 -5.69E-09 -2.92E-02  2.40E-02 -1.37E-03 -1.48E-05 -1.14E-25 -4.77E-64  4.98E-90  6.53E-03 -2.05E-15 -8.42E-49  1.14E+09  4.50E+01 -1.40E+03  8.54E-01  1.13E+06  5.31E-01
  5.75E+06 -1.51E-08 -7.25E-09 -3.24E-02  2.82E-02 -8.88E-04 -1.62E-05 -1.51E-25 -6.89E-64  4.80E-90  5.10E-03 -2.32E-15 -1.17E-48  9.51E+08  2.51E+01 -1.55E+03  5.19E-01  9.24E+05  3.00E-01
  5.85E+06 -1.71E-08 -9.19E-09 -3.58E-02  3.24E-02 -5.74E-04 -1.76E-05 -2.02E-25 -1.00E-63  4.61E-90  3.97E-03 -2.60E-15 -1.63E-48  7.88E+08  1.41E+01 -1.70E+03  3.17E-01  7.56E+05  1.72E-01
  5.95E+06 -1.93E-08 -1.16E-08 -3.92E-02  3.65E-02 -3.71E-04 -1.89E-05 -2.69E-25 -1.47E-63  4.43E-90  3.08E-03 -2.88E-15 -2.27E-48  6.48E+08  8.06E+00 -1.86E+03  1.95E-01  6.20E+05  9.97E-02
  6.05E+06 -2.21E-08 -1.45E-08 -4.26E-02  4.05E-02 -2.39E-04 -2.04E-05 -3.63E-25 -2.18E-63  4.24E-90  2.38E-03 -3.18E-15 -3.17E-48  5.31E+08  4.65E+00 -2.02E+03  1.21E-01  5.09E+05  5.84E-02
  6.15E+06 -2.64E-08 -1.81E-08 -4.59E-02  4.42E-02 -1.54E-04 -2.27E-05 -5.03E-25 -3.41E-63  4.06E-90  1.83E-03 -3.54E-15 -4.53E-48  4.39E+08  2.69E+00 -2.18E+03  7.51E-02  4.19E+05  3.43E-02
  6.25E+06 -3.41E-08 -2.22E-08 -4.86E-02  4.73E-02 -9.90E-05 -2.67E-05 -7.41E-25 -5.93E-63  3.87E-90  1.39E-03 -4.03E-15 -6.80E-48  3.70E+08  1.54E+00 -2.32E+03  4.68E-02  3.45E+05  1.98E-02
  6.35E+06 -4.90E-08 -2.69E-08 -5.00E-02  4.91E-02 -6.37E-05 -3.43E-05 -1.20E-24 -1.20E-62  3.69E-90  1.04E-03 -4.80E-15 -1.11E-47  3.20E+08  8.42E-01 -2.41E+03  2.88E-02  2.86E+05  1.08E-02
  6.45E+06 -7.68E-08 -3.16E-08 -4.95E-02  4.88E-02 -4.10E-05 -4.69E-05 -2.15E-24 -2.89E-62  3.51E-90  7.69E-04 -6.08E-15 -1.96E-47  2.78E+08  4.12E-01 -2.39E+03  1.72E-02  2.37E+05  5.05E-03
  6.55E+06 -1.25E-07 -3.58E-08 -4.61E-02  4.56E-02 -2.63E-05 -6.43E-05 -4.07E-24 -7.89E-62  3.33E-90  5.53E-04 -8.17E-15 -3.61E-47  2.33E+08  1.51E-01 -2.21E+03  1.01E-02  1.97E+05  1.44E-03
  6.65E+06 -1.98E-07 -3.91E-08 -4.00E-02  3.97E-02 -1.68E-05 -8.28E-05 -7.65E-24 -2.22E-61  3.15E-90  3.91E-04 -1.14E-14 -6.49E-47  1.82E+08  4.03E-03 -1.92E+03  5.96E-03  1.64E+05 -6.18E-04
  6.75E+06 -2.92E-07 -4.13E-08 -3.26E-02  3.24E-02 -1.07E-05 -9.54E-05 -1.34E-23 -5.74E-61  2.98E-90  2.78E-04 -1.59E-14 -1.05E-46  1.31E+08 -5.65E-02 -1.60E+03  3.84E-03  1.37E+05 -1.42E-03
  6.85E+06 -3.89E-07 -4.29E-08 -2.55E-02  2.54E-02 -6.67E-06 -9.53E-05 -2.05E-23 -1.21E-60  2.80E-90  2.04E-04 -2.16E-14 -1.45E-46  8.90E+07 -5.21E-02 -1.36E+03  2.85E-03  1.15E+05 -1.19E-03
  6.95E+06 -4.60E-07 -4.46E-08 -2.01E-02  2.00E-02 -4.06E-06 -8.01E-05 -2.69E-23 -1.96E-60  2.63E-90  1.60E-04 -2.85E-14 -1.66E-46  5.84E+07 -6.69E-03 -1.27E+03  2.39E-03  9.63E+04 -2.89E-04
  7.05E+06 -4.81E-07 -4.75E-08 -1.70E-02  1.69E-02 -2.39E-06 -5.41E-05 -3.00E-23 -2.30E-60  2.46E-90  1.34E-04 -3.62E-14 -1.57E-46  3.79E+07  5.28E-02 -1.35E+03  2.14E-03  8.08E+04  8.18E-04
  7.15E+06 -4.43E-07 -5.21E-08 -1.62E-02  1.61E-02 -1.34E-06 -2.45E-05 -2.83E-23 -1.85E-60  2.30E-90  1.18E-04 -4.43E-14 -1.22E-46  2.46E+07  1.03E-01 -1.58E+03  1.94E-03  6.78E+04  1.71E-03
  7.25E+06 -3.55E-07 -5.89E-08 -1.70E-02  1.68E-02 -7.09E-07  1.31E-06 -2.25E-23 -8.11E-61  2.13E-90  1.04E-04 -5.27E-14 -7.46E-47  1.62E+07  1.29E-01 -1.94E+03  1.73E-03  5.69E+04  2.15E-03
  7.35E+06 -1.92E-07 -7.07E-08 -1.90E-02  1.89E-02 -3.39E-07  2.57E-05 -1.14E-23  5.94E-61  1.97E-90  9.23E-05 -6.14E-14 -1.40E-47  1.21E+07  1.36E-01 -2.45E+03  1.71E-03  4.76E+04  2.33E-03
  7.45E+06 -9.21E-08 -8.32E-08 -2.09E-02  2.08E-02 -1.54E-07  3.14E-05 -4.81E-24  9.37E-61  1.82E-90  7.47E-05 -6.97E-14  1.10E-47  9.17E+06  1.09E-01 -3.00E+03  1.35E-03  3.97E+04  1.79E-03
  7.55E+06 -1.74E-07 -8.63E-08 -1.61E-02  1.61E-02 -7.06E-08  2.23E-05 -8.53E-24  4.25E-61  1.66E-90  5.31E-05 -7.81E-14 -1.34E-48  8.85E+06  7.17E-02 -3.22E+03  8.85E-04  3.30E+04  1.05E-03
  7.65E+06  9.84E-08 -1.08E-07 -2.16E-02  2.15E-02 -3.35E-08  3.83E-05  1.39E-23  1.32E-60  1.52E-90  3.31E-05 -9.17E-14  7.71E-47  3.67E+06  5.66E-02 -5.32E+03  7.12E-04  2.74E+04  8.77E-04
  7.75E+06  1.02E-06 -2.65E-07 -8.02E-02  8.01E-02 -1.70E-08  7.97E-05  5.62E-23  1.08E-60  1.37E-90  1.12E-05 -1.11E-13  2.14E-46 -1.68E+07  4.52E-02 -1.70E+04  1.07E-03  2.26E+04  7.82E-04
  7.85E+06  2.98E-07 -4.25E-07 -1.14E-01  1.14E-01 -9.30E-09  3.40E-05  9.99E-24  1.77E-62  1.24E-90 -1.92E-05 -1.04E-13  4.88E-47 -4.27E+07  1.72E-02 -3.89E+04  7.17E-04  1.87E+04  2.10E-04
  7.95E+06  3.20E-08 -4.39E-07 -8.65E-02  8.66E-02 -5.26E-09  6.91E-06  5.88E-25  5.12E-65  1.11E-90 -4.22E-05 -4.67E-14  3.53E-48 -5.96E+07  4.64E-03 -6.90E+04  2.03E-04  1.53E+04  3.00E-05
  8.05E+06  3.37E-09 -4.00E-07 -5.33E-02  5.33E-02 -2.92E-09  1.32E-06  3.50E-26  1.66E-67  9.80E-91 -5.10E-05  1.81E-14  2.25E-49 -6.73E+07  1.16E-03 -1.22E+05  4.66E-05  1.26E+04  3.77E-06
  8.15E+06  4.23E-10 -3.67E-07 -3.16E-02  3.16E-02 -1.55E-09  2.81E-07  2.65E-27  9.00E-70  8.62E-91 -4.90E-05  4.99E-14  1.68E-50 -6.84E+07  2.83E-04 -2.26E+05  1.40E-05  1.03E+04  5.10E-07
  8.25E+06  6.44E-11 -3.47E-07 -1.92E-02  1.93E-02 -7.79E-10  6.78E-08  2.62E-28  8.39E-72  7.50E-91 -4.08E-05  5.06E-14  1.55E-51 -6.43E+07  6.94E-05 -4.27E+05  6.97E-06  8.38E+03  8.71E-08
  8.35E+06  1.16E-11 -3.39E-07 -1.24E-02  1.24E-02 -3.71E-10  1.85E-08  3.29E-29  1.31E-73  6.46E-91 -2.97E-05  3.84E-14  1.77E-52 -5.65E+07  1.74E-05 -7.97E+05  4.89E-06  6.82E+03  2.04E-08
  8.45E+06  2.44E-12 -3.39E-07 -8.66E-03  8.68E-03 -1.67E-10  5.60E-09  5.08E-30  3.56E-75  5.50E-91 -1.84E-05  2.58E-14  2.47E-53 -4.63E+07  4.58E-06 -1.45E+06  3.88E-06  5.54E+03  6.07E-09
  8.55E+06  5.86E-13 -3.45E-07 -6.66E-03  6.67E-03 -7.13E-11  1.87E-09  9.47E-31  1.99E-76  4.62E-91 -8.30E-06  1.64E-14  4.11E-54 -3.50E+07  1.32E-06 -2.52E+06  3.08E-06  4.50E+03  2.04E-09
  8.65E+06  1.59E-13 -3.57E-07 -5.56E-03  5.56E-03 -2.90E-11  6.78E-10  2.09E-31  2.27E-77  3.83E-91 -4.59E-07  1.03E-14  8.10E-55 -2.41E+07  4.29E-07 -4.19E+06  2.32E-06  3.64E+03  7.15E-10
  8.75E+06  4.77E-14 -3.72E-07 -4.86E-03  4.86E-03 -1.12E-11  2.66E-10  5.35E-32  4.07E-78  3.12E-91  4.85E-06  6.45E-15  1.88E-55 -1.43E+07  1.54E-07 -6.64E+06  1.63E-06  2.94E+03  2.54E-10
  8.85E+06  1.58E-14 -3.90E-07 -4.34E-03  4.33E-03 -4.11E-12  1.12E-10  1.56E-32  9.66E-79  2.50E-91  7.80E-06  4.05E-15  5.11E-56 -6.41E+06  5.96E-08 -1.00E+07  1.08E-06  2.37E+03  9.04E-11
  8.95E+06  5.69E-15 -4.10E-07 -3.87E-03  3.86E-03 -1.44E-12  5.01E-11  5.02E-33  2.86E-79  1.96E-91  8.85E-06  2.55E-15  1.63E-56 -4.75E+05  2.39E-08 -1.44E+07  6.93E-07  1.90E+03  3.23E-11
  9.05E+06  2.21E-15 -4.31E-07 -3.40E-03  3.39E-03 -5.09E-13  2.37E-11  1.64E-33  1.04E-79  1.51E-91  8.60E-06  1.61E-15  5.97E-57  3.57E+06  9.74E-09 -1.99E+07  4.35E-07  1.51E+03  1.17E-11
  9.15E+06  9.21E-16 -4.53E-07 -2.94E-03  2.93E-03 -1.89E-13  1.18E-11  4.14E-34  4.46E-80  1.13E-91  7.58E-06  1.01E-15  2.46E-57  6.00E+06  4.00E-09 -2.65E+07  2.72E-07  1.20E+03  4.27E-12
  9.25E+06  4.07E-16 -4.76E-07 -2.49E-03  2.48E-03 -1.64E-14  6.13E-12 -8.46E-35  2.18E-80  8.22E-92  6.24E-06  6.25E-16  1.09E-57  7.17E+06  1.66E-09 -3.39E+07  1.70E-07  9.37E+02  1.59E-12
  9.35E+06  1.89E-16 -4.98E-07 -2.07E-03  2.06E-03 -6.66E-15  3.31E-12 -3.13E-34  1.17E-80  5.81E-92  4.86E-06  3.68E-16  4.83E-58  7.44E+06  6.86E-10 -4.22E+07  1.06E-07  7.24E+02  6.03E-13
  9.45E+06  9.25E-17 -5.20E-07 -1.69E-03  1.68E-03 -2.09E-14  1.84E-12 -4.29E-34  6.60E-81  3.95E-92  3.62E-06  1.86E-16  1.87E-58  7.10E+06  2.86E-10 -5.11E+07  6.62E-08  5.49E+02  2.32E-13
  9.55E+06  4.70E-17 -5.42E-07 -1.35E-03  1.35E-03  5.33E-15  1.06E-12 -4.95E-34  3.87E-81  2.57E-92  2.59E-06  4.50E-17  3.44E-59  6.42E+06  1.19E-10 -6.03E+07  4.15E-08  4.07E+02  9.07E-14
  9.65E+06  2.48E-17 -5.61E-07 -1.07E-03  1.07E-03 -1.33E-15  6.22E-13 -5.37E-34  2.32E-81  1.58E-92  1.77E-06 -7.97E-17 -4.52E-59  5.58E+06  4.99E-11 -6.96E+07  2.61E-08  2.89E+02  3.60E-14
  9.75E+06  1.35E-17 -5.76E-07 -8.23E-04  8.22E-04 -2.89E-15  3.73E-13 -5.66E-34  1.43E-81  8.81E-93  1.13E-06 -2.11E-16 -8.30E-59  4.72E+06  2.09E-11 -7.87E+07  1.64E-08  1.91E+02  1.45E-14
  9.85E+06  7.51E-18 -5.81E-07 -5.96E-04  5.96E-04 -8.88E-16  2.26E-13 -5.84E-34  9.52E-82  4.13E-93  6.30E-07 -3.69E-16 -9.09E-59  3.91E+06  8.45E-12 -8.76E+07  1.03E-08  1.08E+02  5.81E-15
  9.95E+06  4.07E-18 -5.54E-07 -2.84E-04  2.85E-04 -2.66E-15  1.34E-13 -5.85E-34  7.86E-82  1.08E-93  2.08E-07 -4.15E-16 -6.30E-59  3.12E+06  2.39E-12 -9.60E+07  6.40E-09  3.55E+01  1.78E-15
  1.00E+07 -1.15E-22 -1.06E-12 -1.12E-12 -3.35E-13 -2.65E-15 -9.57E-19 -5.92E-39 -5.91E-88 -1.28-107 -2.87E-18 -1.19E-25 -7.44E-64 -1.95E-04 -2.97E-25 -1.00E+08 -1.02E-16  6.47E-13 -9.15E-29

     Z        N2O5      CO2       SO4AER    S8AER   
  0.00E+00 -4.62E-09 -2.44E+11 -7.49E+07  2.95E-20
  5.00E+04 -6.21E+01 -2.24E+11 -5.86E+08 -1.17E-22
  1.50E+05 -1.84E+02 -1.87E+11 -1.57E+09 -1.13E-22
  2.50E+05 -5.51E+02 -1.53E+11 -2.17E+09 -1.10E-22
  3.50E+05 -1.65E+03 -1.23E+11 -2.39E+09 -1.08E-22
  4.50E+05 -4.65E+03 -9.58E+10 -2.42E+09 -1.06E-22
  5.50E+05 -7.79E+03 -7.31E+10 -2.35E+09 -1.04E-22
  6.50E+05 -6.19E+03 -5.59E+10 -2.26E+09 -1.04E-22
  7.50E+05 -4.37E+03 -4.39E+10 -2.18E+09 -1.04E-22
  8.50E+05 -4.39E+03 -3.50E+10 -2.09E+09 -1.05E-22
  9.50E+05 -4.02E+03 -2.76E+10 -1.96E+09 -1.06E-22
  1.05E+06 -3.16E+03 -2.10E+10 -1.77E+09 -1.07E-22
  1.15E+06 -3.96E+03 -1.56E+10 -1.48E+09 -1.04E-22
  1.25E+06 -5.37E+03 -1.17E+10 -1.16E+09 -1.02E-22
  1.35E+06 -9.90E+03 -9.25E+09 -8.89E+08 -1.00E-22
  1.45E+06 -1.98E+04 -7.84E+09 -6.61E+08 -9.82E-23
  1.55E+06 -3.59E+04 -6.94E+09 -4.67E+08 -9.65E-23
  1.65E+06 -5.73E+04 -6.33E+09 -3.06E+08 -9.50E-23
  1.75E+06 -7.84E+04 -5.88E+09 -1.80E+08 -9.37E-23
  1.85E+06 -9.72E+04 -5.55E+09 -9.19E+07 -9.26E-23
  1.95E+06 -1.10E+05 -5.29E+09 -4.01E+07 -9.15E-23
  2.05E+06 -1.13E+05 -5.06E+09 -1.63E+07 -9.05E-23
  2.15E+06 -1.08E+05 -4.86E+09 -6.64E+06 -8.96E-23
  2.25E+06 -8.95E+04 -4.67E+09 -2.71E+06 -8.87E-23
  2.35E+06 -5.89E+04 -4.48E+09 -1.10E+06 -8.79E-23
  2.45E+06 -2.05E+04 -4.29E+09 -4.43E+05 -8.71E-23
  2.55E+06  1.82E+04 -4.09E+09 -1.76E+05 -8.63E-23
  2.65E+06  4.87E+04 -3.88E+09 -6.86E+04 -8.56E-23
  2.75E+06  6.90E+04 -3.66E+09 -2.53E+04 -8.48E-23
  2.85E+06  7.65E+04 -3.44E+09 -5.69E+03 -8.40E-23
  2.95E+06  7.07E+04 -3.21E+09  2.05E-08 -8.31E-23
  3.05E+06  6.05E+04 -2.97E+09  1.12E-08 -8.22E-23
  3.15E+06  4.76E+04 -2.75E+09  9.31E-09 -8.12E-23
  3.25E+06  3.41E+04 -2.52E+09  6.52E-09 -8.02E-23
  3.35E+06  2.30E+04 -2.31E+09  5.12E-09 -7.92E-23
  3.45E+06  1.47E+04 -2.09E+09 -1.86E-09 -7.82E-23
  3.55E+06  8.82E+03 -1.89E+09  5.12E-09 -7.73E-23
  3.65E+06  5.05E+03 -1.69E+09  6.98E-09 -7.64E-23
  3.75E+06  2.64E+03 -1.49E+09  6.29E-09 -7.56E-23
  3.85E+06  1.26E+03 -1.30E+09  3.03E-09 -7.50E-23
  3.95E+06  5.43E+02 -1.11E+09  2.33E-10 -7.45E-23
  4.05E+06  2.09E+02 -9.36E+08  0.00E+00 -7.41E-23
  4.15E+06  7.28E+01 -7.78E+08  1.28E-09 -7.39E-23
  4.25E+06  2.42E+01 -6.38E+08 -5.82E-10 -7.38E-23
  4.35E+06  7.85E+00 -5.19E+08  1.16E-10 -7.40E-23
  4.45E+06  2.52E+00 -4.19E+08 -6.98E-10 -7.42E-23
  4.55E+06  7.93E-01 -3.36E+08 -1.51E-09 -7.46E-23
  4.65E+06  2.57E-01 -2.67E+08 -5.82E-10 -7.49E-23
  4.75E+06  8.25E-02 -2.09E+08 -5.24E-10 -7.52E-23
  4.85E+06  2.67E-02 -1.61E+08 -2.04E-10 -7.55E-23
  4.95E+06  8.82E-03 -1.18E+08 -8.73E-11 -7.59E-23
  5.05E+06  2.95E-03 -8.11E+07 -5.82E-11 -7.62E-23
  5.15E+06  9.92E-04 -4.73E+07 -5.82E-11 -7.66E-23
  5.25E+06  3.38E-04 -1.60E+07 -4.37E-11 -7.69E-23
  5.35E+06  1.16E-04  1.37E+07 -4.37E-11 -7.73E-23
  5.45E+06  4.04E-05  4.23E+07  7.28E-12 -7.77E-23
  5.55E+06  1.42E-05  7.04E+07 -2.91E-11 -7.81E-23
  5.65E+06  5.11E-06  9.82E+07 -1.09E-11 -7.85E-23
  5.75E+06  1.87E-06  1.26E+08  2.18E-11 -7.88E-23
  5.85E+06  6.96E-07  1.54E+08  2.18E-11 -7.93E-23
  5.95E+06  2.66E-07  1.82E+08 -1.82E-12 -7.97E-23
  6.05E+06  1.04E-07  2.11E+08 -1.82E-12 -8.01E-23
  6.15E+06  4.19E-08  2.40E+08 -4.55E-13 -8.05E-23
  6.25E+06  1.72E-08  2.69E+08 -1.14E-12 -8.10E-23
  6.35E+06  7.21E-09  2.98E+08 -2.27E-13 -8.14E-23
  6.45E+06  3.08E-09  3.29E+08 -1.14E-13 -8.19E-23
  6.55E+06  1.37E-09  3.60E+08  1.14E-13 -8.24E-23
  6.65E+06  6.55E-10  3.92E+08  1.42E-14 -8.28E-23
  6.75E+06  3.65E-10  4.26E+08  0.00E+00 -8.33E-23
  6.85E+06  2.45E-10  4.61E+08  5.33E-15 -8.38E-23
  6.95E+06  1.85E-10  4.96E+08  0.00E+00 -8.43E-23
  7.05E+06  1.42E-10  5.31E+08 -1.11E-16 -8.47E-23
  7.15E+06  1.04E-10  5.63E+08 -2.78E-17 -8.52E-23
  7.25E+06  7.05E-11  5.91E+08 -1.04E-17 -8.57E-23
  7.35E+06  4.65E-11  6.14E+08  0.00E+00 -8.60E-23
  7.45E+06  2.46E-11  6.30E+08  0.00E+00 -8.60E-23
  7.55E+06  1.09E-11  6.37E+08 -1.69E-21 -8.60E-23
  7.65E+06  5.77E-12  6.39E+08  0.00E+00 -8.60E-23
  7.75E+06  3.17E-12  6.35E+08  8.27E-25 -8.59E-23
  7.85E+06  6.31E-13  6.09E+08  6.46E-27 -8.59E-23
  7.95E+06  6.55E-14  5.65E+08 -1.36E-15 -8.59E-23
  8.05E+06  5.92E-15  5.16E+08 -1.24E-17 -8.58E-23
  8.15E+06  6.28E-16  4.67E+08 -4.96E-20 -8.58E-23
  8.25E+06  1.18E-16  4.20E+08 -1.25E-22 -8.58E-23
  8.35E+06  4.24E-17  3.76E+08 -7.26E-23 -8.58E-23
  8.45E+06  1.98E-17  3.35E+08 -7.26E-23 -8.57E-23
  8.55E+06  9.48E-18  2.97E+08 -7.26E-23 -8.57E-23
  8.65E+06  4.28E-18  2.63E+08 -7.26E-23 -8.57E-23
  8.75E+06  1.79E-18  2.31E+08 -7.25E-23 -8.57E-23
  8.85E+06  7.05E-19  2.03E+08 -7.25E-23 -8.56E-23
  8.95E+06  2.67E-19  1.76E+08 -7.25E-23 -8.56E-23
  9.05E+06  9.91E-20  1.52E+08 -7.25E-23 -8.56E-23
  9.15E+06  3.68E-20  1.30E+08 -7.25E-23 -8.56E-23
  9.25E+06  1.37E-20  1.10E+08 -7.24E-23 -8.55E-23
  9.35E+06  5.15E-21  9.21E+07 -7.24E-23 -8.55E-23
  9.45E+06  1.95E-21  7.57E+07 -7.24E-23 -8.55E-23
  9.55E+06  7.46E-22  6.07E+07 -7.24E-23 -8.54E-23
  9.65E+06  2.88E-22  4.70E+07 -7.23E-23 -8.54E-23
  9.75E+06  1.12E-22  3.43E+07 -7.23E-23 -8.54E-23
  9.85E+06  4.36E-23  2.20E+07 -7.23E-23 -8.54E-23
  9.95E+06  1.41E-23  8.75E+06 -7.23E-23 -8.53E-23
  1.00E+07 -1.26E-35  1.51E-06 -7.23E-23 -8.53E-23

 AQUEOUS PHASE SPECIES

     Z      (SO2)g   (H2CO)g  (SO2)aq CH2(OH)2   HCO3-    CO3=     HSO3-    SO3=   CH2OHSO3-   OH-     SO4=      PH
  2.50E+04 6.31E-11 1.90E-10 1.33E-10 1.58E-06 3.72E-07 1.20E-12 1.74E-07 7.02E-10 2.76E-08 2.23E-10 8.42E-06 4.76E+00
  1.25E+05 1.23E-10 1.58E-10 3.13E-10 2.07E-06 3.33E-07 9.81E-13 4.30E-07 1.71E-09 8.88E-08 1.31E-10 9.09E-06 4.72E+00
  2.25E+05 1.67E-10 1.13E-10 5.27E-10 2.42E-06 2.68E-07 6.42E-13 6.87E-07 2.41E-09 1.66E-07 6.53E-11 1.11E-05 4.63E+00
  3.25E+05 2.11E-10 8.53E-11 7.15E-10 2.18E-06 2.04E-07 4.00E-13 8.04E-07 2.38E-09 1.75E-07 4.50E-11 1.37E-05 4.54E+00
  4.25E+05 2.56E-10 6.71E-11 8.70E-10 1.71E-06 1.57E-07 2.62E-13 8.33E-07 2.10E-09 1.43E-07 3.83E-11 1.62E-05 4.47E+00
  5.25E+05 3.03E-10 4.92E-11 1.03E-09 1.25E-06 1.25E-07 1.85E-13 8.70E-07 1.93E-09 1.09E-07 3.38E-11 1.85E-05 4.42E+00
  6.25E+05 3.52E-10 3.23E-11 1.19E-09 8.23E-07 1.03E-07 1.39E-13 9.21E-07 1.87E-09 7.58E-08 3.09E-11 2.03E-05 4.38E+00
  7.25E+05 4.00E-10 1.94E-11 1.36E-09 4.94E-07 8.70E-08 1.09E-13 9.77E-07 1.85E-09 4.83E-08 2.88E-11 2.18E-05 4.35E+00
  8.25E+05 4.42E-10 1.17E-11 1.50E-09 2.98E-07 7.45E-08 8.87E-14 1.03E-06 1.84E-09 3.06E-08 2.73E-11 2.30E-05 4.33E+00
  9.25E+05 4.76E-10 7.49E-12 1.61E-09 1.91E-07 6.46E-08 7.42E-14 1.06E-06 1.84E-09 2.03E-08 2.64E-11 2.38E-05 4.31E+00
  1.02E+06 5.05E-10 5.10E-12 1.71E-09 1.30E-07 5.61E-08 6.28E-14 1.10E-06 1.86E-09 1.43E-08 2.57E-11 2.44E-05 4.30E+00

 NORMAL HENRYS LAW COEFFICIENTS


     Z        O        O2       H2O      H        OH       HO2      H2O2     H2       CO       HCO      H2CO     CH4      CH3      C2H6     NO       NO2      HNO      H2S     
  2.50E+04 0.00E+00 1.61E-03 0.00E+00 0.00E+00 5.65E+01 9.18E+03 2.35E+05 8.37E-04 1.20E-03 0.00E+00 8.33E+03 1.75E-03 0.00E+00 2.63E-03 2.35E-03 1.71E-02 0.00E+00 1.33E-01
  1.25E+05 0.00E+00 1.77E-03 0.00E+00 0.00E+00 7.60E+01 1.35E+04 3.83E+05 8.65E-04 1.31E-03 0.00E+00 1.30E+04 1.95E-03 0.00E+00 3.06E-03 2.59E-03 2.01E-02 0.00E+00 1.51E-01
  2.25E+05 0.00E+00 1.98E-03 0.00E+00 0.00E+00 1.06E+02 2.08E+04 6.58E+05 8.97E-04 1.44E-03 0.00E+00 2.14E+04 2.19E-03 0.00E+00 3.62E-03 2.89E-03 2.42E-02 0.00E+00 1.75E-01
  3.25E+05 0.00E+00 2.06E-03 0.00E+00 0.00E+00 1.19E+02 2.42E+04 7.95E+05 9.09E-04 1.49E-03 0.00E+00 2.55E+04 2.28E-03 0.00E+00 3.83E-03 3.00E-03 2.57E-02 0.00E+00 1.84E-01
  4.25E+05 0.00E+00 2.06E-03 0.00E+00 0.00E+00 1.19E+02 2.42E+04 7.95E+05 9.09E-04 1.49E-03 0.00E+00 2.55E+04 2.28E-03 0.00E+00 3.83E-03 3.00E-03 2.57E-02 0.00E+00 1.84E-01
  5.25E+05 0.00E+00 2.06E-03 0.00E+00 0.00E+00 1.19E+02 2.42E+04 7.95E+05 9.09E-04 1.49E-03 0.00E+00 2.55E+04 2.28E-03 0.00E+00 3.83E-03 3.00E-03 2.57E-02 0.00E+00 1.84E-01
  6.25E+05 0.00E+00 2.06E-03 0.00E+00 0.00E+00 1.19E+02 2.42E+04 7.95E+05 9.09E-04 1.49E-03 0.00E+00 2.55E+04 2.28E-03 0.00E+00 3.83E-03 3.00E-03 2.57E-02 0.00E+00 1.84E-01
  7.25E+05 0.00E+00 2.06E-03 0.00E+00 0.00E+00 1.19E+02 2.42E+04 7.95E+05 9.09E-04 1.49E-03 0.00E+00 2.55E+04 2.28E-03 0.00E+00 3.83E-03 3.00E-03 2.57E-02 0.00E+00 1.84E-01
  8.25E+05 0.00E+00 2.06E-03 0.00E+00 0.00E+00 1.19E+02 2.42E+04 7.95E+05 9.09E-04 1.49E-03 0.00E+00 2.55E+04 2.28E-03 0.00E+00 3.83E-03 3.00E-03 2.57E-02 0.00E+00 1.84E-01
  9.25E+05 0.00E+00 2.06E-03 0.00E+00 0.00E+00 1.19E+02 2.42E+04 7.95E+05 9.09E-04 1.49E-03 0.00E+00 2.55E+04 2.28E-03 0.00E+00 3.83E-03 3.00E-03 2.57E-02 0.00E+00 1.84E-01
  1.02E+06 0.00E+00 2.06E-03 0.00E+00 0.00E+00 1.19E+02 2.42E+04 7.95E+05 9.09E-04 1.49E-03 0.00E+00 2.55E+04 2.28E-03 0.00E+00 3.83E-03 3.00E-03 2.57E-02 0.00E+00 1.84E-01

     Z        HS       S        SO       SO2      H2SO4    HSO      S2       S4       S8       SO3      OCS      S3       O3       HNO3     N        NO3      N2O      HO2NO2  
  2.50E+04 1.00E+05 0.00E+00 1.90E-03 2.11E+00 7.00E+11 9.00E+03 0.00E+00 0.00E+00 0.00E+00 7.00E+11 2.96E-02 0.00E+00 0.00E+00 7.14E+05 0.00E+00 3.80E-02 3.60E-02 3.17E+04
  1.25E+05 1.00E+05 0.00E+00 1.90E-03 2.55E+00 7.00E+11 9.00E+03 0.00E+00 0.00E+00 0.00E+00 7.00E+11 3.39E-02 0.00E+00 0.00E+00 1.27E+06 0.00E+00 3.80E-02 4.28E-02 4.99E+04
  2.25E+05 1.00E+05 0.00E+00 1.90E-03 3.15E+00 7.00E+11 9.00E+03 0.00E+00 0.00E+00 0.00E+00 7.00E+11 3.96E-02 0.00E+00 0.00E+00 2.40E+06 0.00E+00 3.80E-02 5.17E-02 8.27E+04
  3.25E+05 1.00E+05 0.00E+00 1.90E-03 3.39E+00 7.00E+11 9.00E+03 0.00E+00 0.00E+00 0.00E+00 7.00E+11 4.18E-02 0.00E+00 0.00E+00 2.99E+06 0.00E+00 3.80E-02 5.53E-02 9.86E+04
  4.25E+05 1.00E+05 0.00E+00 1.90E-03 3.39E+00 7.00E+11 9.00E+03 0.00E+00 0.00E+00 0.00E+00 7.00E+11 4.18E-02 0.00E+00 0.00E+00 2.99E+06 0.00E+00 3.80E-02 5.53E-02 9.86E+04
  5.25E+05 1.00E+05 0.00E+00 1.90E-03 3.39E+00 7.00E+11 9.00E+03 0.00E+00 0.00E+00 0.00E+00 7.00E+11 4.18E-02 0.00E+00 0.00E+00 2.99E+06 0.00E+00 3.80E-02 5.53E-02 9.86E+04
  6.25E+05 1.00E+05 0.00E+00 1.90E-03 3.39E+00 7.00E+11 9.00E+03 0.00E+00 0.00E+00 0.00E+00 7.00E+11 4.18E-02 0.00E+00 0.00E+00 2.99E+06 0.00E+00 3.80E-02 5.53E-02 9.86E+04
  7.25E+05 1.00E+05 0.00E+00 1.90E-03 3.39E+00 7.00E+11 9.00E+03 0.00E+00 0.00E+00 0.00E+00 7.00E+11 4.18E-02 0.00E+00 0.00E+00 2.99E+06 0.00E+00 3.80E-02 5.53E-02 9.86E+04
  8.25E+05 1.00E+05 0.00E+00 1.90E-03 3.39E+00 7.00E+11 9.00E+03 0.00E+00 0.00E+00 0.00E+00 7.00E+11 4.18E-02 0.00E+00 0.00E+00 2.99E+06 0.00E+00 3.80E-02 5.53E-02 9.86E+04
  9.25E+05 1.00E+05 0.00E+00 1.90E-03 3.39E+00 7.00E+11 9.00E+03 0.00E+00 0.00E+00 0.00E+00 7.00E+11 4.18E-02 0.00E+00 0.00E+00 2.99E+06 0.00E+00 3.80E-02 5.53E-02 9.86E+04
  1.02E+06 1.00E+05 0.00E+00 1.90E-03 3.39E+00 7.00E+11 9.00E+03 0.00E+00 0.00E+00 0.00E+00 7.00E+11 4.18E-02 0.00E+00 0.00E+00 2.99E+06 0.00E+00 3.80E-02 5.53E-02 9.86E+04

     Z        N2O5     CO2      SO4AER   S8AER   
  2.50E+04 3.60E-02 0.00E+00 7.00E+11 7.00E+11
  1.25E+05 4.28E-02 0.00E+00 7.00E+11 7.00E+11
  2.25E+05 5.17E-02 0.00E+00 7.00E+11 7.00E+11
  3.25E+05 5.53E-02 0.00E+00 7.00E+11 7.00E+11
  4.25E+05 5.53E-02 0.00E+00 7.00E+11 7.00E+11
  5.25E+05 5.53E-02 0.00E+00 7.00E+11 7.00E+11
  6.25E+05 5.53E-02 0.00E+00 7.00E+11 7.00E+11
  7.25E+05 5.53E-02 0.00E+00 7.00E+11 7.00E+11
  8.25E+05 5.53E-02 0.00E+00 7.00E+11 7.00E+11
  9.25E+05 5.53E-02 0.00E+00 7.00E+11 7.00E+11
  1.02E+06 5.53E-02 0.00E+00 7.00E+11 7.00E+11

 ENHANCEMENTS OF HENRYS LAW COEFFICIENTS


     Z        O        O2       H2O      H        OH       HO2      H2O2     H2       CO       HCO      H2CO     CH4      CH3      C2H6     NO       NO2      HNO      H2S     
  2.50E+04 1.00E+00 1.00E+00 1.00E+00 1.00E+00 1.00E+00 1.00E+00 1.00E+00 1.00E+00 1.00E+00 1.00E+00 1.02E+00 1.00E+00 1.00E+00 1.00E+00 1.00E+00 1.00E+00 1.00E+00 1.01E+00
  1.25E+05 1.00E+00 1.00E+00 1.00E+00 1.00E+00 1.00E+00 1.00E+00 1.00E+00 1.00E+00 1.00E+00 1.00E+00 1.04E+00 1.00E+00 1.00E+00 1.00E+00 1.00E+00 1.00E+00 1.00E+00 1.01E+00
  2.25E+05 1.00E+00 1.00E+00 1.00E+00 1.00E+00 1.00E+00 1.00E+00 1.00E+00 1.00E+00 1.00E+00 1.00E+00 1.07E+00 1.00E+00 1.00E+00 1.00E+00 1.00E+00 1.00E+00 1.00E+00 1.00E+00
  3.25E+05 1.00E+00 1.00E+00 1.00E+00 1.00E+00 1.00E+00 1.00E+00 1.00E+00 1.00E+00 1.00E+00 1.00E+00 1.08E+00 1.00E+00 1.00E+00 1.00E+00 1.00E+00 1.00E+00 1.00E+00 1.00E+00
  4.25E+05 1.00E+00 1.00E+00 1.00E+00 1.00E+00 1.00E+00 1.00E+00 1.00E+00 1.00E+00 1.00E+00 1.00E+00 1.08E+00 1.00E+00 1.00E+00 1.00E+00 1.00E+00 1.00E+00 1.00E+00 1.00E+00
  5.25E+05 1.00E+00 1.00E+00 1.00E+00 1.00E+00 1.00E+00 1.00E+00 1.00E+00 1.00E+00 1.00E+00 1.00E+00 1.09E+00 1.00E+00 1.00E+00 1.00E+00 1.00E+00 1.00E+00 1.00E+00 1.00E+00
  6.25E+05 1.00E+00 1.00E+00 1.00E+00 1.00E+00 1.00E+00 1.00E+00 1.00E+00 1.00E+00 1.00E+00 1.00E+00 1.09E+00 1.00E+00 1.00E+00 1.00E+00 1.00E+00 1.00E+00 1.00E+00 1.00E+00
  7.25E+05 1.00E+00 1.00E+00 1.00E+00 1.00E+00 1.00E+00 1.00E+00 1.00E+00 1.00E+00 1.00E+00 1.00E+00 1.10E+00 1.00E+00 1.00E+00 1.00E+00 1.00E+00 1.00E+00 1.00E+00 1.00E+00
  8.25E+05 1.00E+00 1.00E+00 1.00E+00 1.00E+00 1.00E+00 1.00E+00 1.00E+00 1.00E+00 1.00E+00 1.00E+00 1.10E+00 1.00E+00 1.00E+00 1.00E+00 1.00E+00 1.00E+00 1.00E+00 1.00E+00
  9.25E+05 1.00E+00 1.00E+00 1.00E+00 1.00E+00 1.00E+00 1.00E+00 1.00E+00 1.00E+00 1.00E+00 1.00E+00 1.11E+00 1.00E+00 1.00E+00 1.00E+00 1.00E+00 1.00E+00 1.00E+00 1.00E+00
  1.02E+06 1.00E+00 1.00E+00 1.00E+00 1.00E+00 1.00E+00 1.00E+00 1.00E+00 1.00E+00 1.00E+00 1.00E+00 1.11E+00 1.00E+00 1.00E+00 1.00E+00 1.00E+00 1.00E+00 1.00E+00 1.00E+00

     Z        HS       S        SO       SO2      H2SO4    HSO      S2       S4       S8       SO3      OCS      S3       O3       HNO3     N        NO3      N2O      HO2NO2  
  2.50E+04 1.00E+00 1.00E+00 1.00E+00 1.52E+03 1.00E+00 1.00E+00 1.00E+00 1.00E+00 1.00E+00 1.00E+00 1.00E+00 1.00E+00 1.00E+00 1.00E+00 1.00E+00 1.00E+00 1.00E+00 1.00E+00
  1.25E+05 1.00E+00 1.00E+00 1.00E+00 1.67E+03 1.00E+00 1.00E+00 1.00E+00 1.00E+00 1.00E+00 1.00E+00 1.00E+00 1.00E+00 1.00E+00 1.00E+00 1.00E+00 1.00E+00 1.00E+00 1.00E+00
  2.25E+05 1.00E+00 1.00E+00 1.00E+00 1.63E+03 1.00E+00 1.00E+00 1.00E+00 1.00E+00 1.00E+00 1.00E+00 1.00E+00 1.00E+00 1.00E+00 1.00E+00 1.00E+00 1.00E+00 1.00E+00 1.00E+00
  3.25E+05 1.00E+00 1.00E+00 1.00E+00 1.37E+03 1.00E+00 1.00E+00 1.00E+00 1.00E+00 1.00E+00 1.00E+00 1.00E+00 1.00E+00 1.00E+00 1.00E+00 1.00E+00 1.00E+00 1.00E+00 1.00E+00
  4.25E+05 1.00E+00 1.00E+00 1.00E+00 1.13E+03 1.00E+00 1.00E+00 1.00E+00 1.00E+00 1.00E+00 1.00E+00 1.00E+00 1.00E+00 1.00E+00 1.00E+00 1.00E+00 1.00E+00 1.00E+00 1.00E+00
  5.25E+05 1.00E+00 1.00E+00 1.00E+00 9.55E+02 1.00E+00 1.00E+00 1.00E+00 1.00E+00 1.00E+00 1.00E+00 1.00E+00 1.00E+00 1.00E+00 1.00E+00 1.00E+00 1.00E+00 1.00E+00 1.00E+00
  6.25E+05 1.00E+00 1.00E+00 1.00E+00 8.37E+02 1.00E+00 1.00E+00 1.00E+00 1.00E+00 1.00E+00 1.00E+00 1.00E+00 1.00E+00 1.00E+00 1.00E+00 1.00E+00 1.00E+00 1.00E+00 1.00E+00
  7.25E+05 1.00E+00 1.00E+00 1.00E+00 7.58E+02 1.00E+00 1.00E+00 1.00E+00 1.00E+00 1.00E+00 1.00E+00 1.00E+00 1.00E+00 1.00E+00 1.00E+00 1.00E+00 1.00E+00 1.00E+00 1.00E+00
  8.25E+05 1.00E+00 1.00E+00 1.00E+00 7.06E+02 1.00E+00 1.00E+00 1.00E+00 1.00E+00 1.00E+00 1.00E+00 1.00E+00 1.00E+00 1.00E+00 1.00E+00 1.00E+00 1.00E+00 1.00E+00 1.00E+00
  9.25E+05 1.00E+00 1.00E+00 1.00E+00 6.74E+02 1.00E+00 1.00E+00 1.00E+00 1.00E+00 1.00E+00 1.00E+00 1.00E+00 1.00E+00 1.00E+00 1.00E+00 1.00E+00 1.00E+00 1.00E+00 1.00E+00
  1.02E+06 1.00E+00 1.00E+00 1.00E+00 6.54E+02 1.00E+00 1.00E+00 1.00E+00 1.00E+00 1.00E+00 1.00E+00 1.00E+00 1.00E+00 1.00E+00 1.00E+00 1.00E+00 1.00E+00 1.00E+00 1.00E+00

     Z        N2O5     CO2      SO4AER   S8AER   
  2.50E+04 1.00E+00 1.00E+00 1.00E+00 1.00E+00
  1.25E+05 1.00E+00 1.00E+00 1.00E+00 1.00E+00
  2.25E+05 1.00E+00 1.00E+00 1.00E+00 1.00E+00
  3.25E+05 1.00E+00 1.00E+00 1.00E+00 1.00E+00
  4.25E+05 1.00E+00 1.00E+00 1.00E+00 1.00E+00
  5.25E+05 1.00E+00 1.00E+00 1.00E+00 1.00E+00
  6.25E+05 1.00E+00 1.00E+00 1.00E+00 1.00E+00
  7.25E+05 1.00E+00 1.00E+00 1.00E+00 1.00E+00
  8.25E+05 1.00E+00 1.00E+00 1.00E+00 1.00E+00
  9.25E+05 1.00E+00 1.00E+00 1.00E+00 1.00E+00
  1.02E+06 1.00E+00 1.00E+00 1.00E+00 1.00E+00

 GIORGI AND CHAMEIDES RAINOUT RATES


     Z        O        O2       H2O      H        OH       HO2      H2O2     H2       CO       HCO      H2CO     CH4      CH3      C2H6     NO       NO2      HNO      H2S     
  2.50E+04 0.00E+00 2.69E-13 0.00E+00 0.00E+00 9.45E-09 9.99E-07 2.29E-06 1.40E-13 2.01E-13 0.00E+00 9.49E-07 2.94E-13 0.00E+00 4.40E-13 3.94E-13 2.86E-12 0.00E+00 2.24E-11
  1.25E+05 0.00E+00 3.26E-13 0.00E+00 0.00E+00 1.39E-08 1.34E-06 2.38E-06 1.59E-13 2.41E-13 0.00E+00 1.34E-06 3.59E-13 0.00E+00 5.62E-13 4.77E-13 3.70E-12 0.00E+00 2.80E-11
  2.25E+05 0.00E+00 2.72E-13 0.00E+00 0.00E+00 1.44E-08 1.03E-06 1.33E-06 1.24E-13 1.98E-13 0.00E+00 1.06E-06 3.02E-13 0.00E+00 4.98E-13 3.98E-13 3.33E-12 0.00E+00 2.42E-11
  3.25E+05 0.00E+00 2.03E-13 0.00E+00 0.00E+00 1.16E-08 7.00E-07 8.19E-07 8.97E-14 1.47E-13 0.00E+00 7.18E-07 2.25E-13 0.00E+00 3.78E-13 2.96E-13 2.54E-12 0.00E+00 1.82E-11
  4.25E+05 0.00E+00 1.39E-13 0.00E+00 0.00E+00 7.95E-09 4.93E-07 5.83E-07 6.15E-14 1.01E-13 0.00E+00 5.07E-07 1.54E-13 0.00E+00 2.59E-13 2.03E-13 1.74E-12 0.00E+00 1.25E-11
  5.25E+05 0.00E+00 9.11E-14 0.00E+00 0.00E+00 5.21E-09 3.60E-07 4.49E-07 4.03E-14 6.60E-14 0.00E+00 3.72E-07 1.01E-13 0.00E+00 1.70E-13 1.33E-13 1.14E-12 0.00E+00 8.19E-12
  6.25E+05 0.00E+00 5.70E-14 0.00E+00 0.00E+00 3.27E-09 2.61E-07 3.60E-07 2.52E-14 4.13E-14 0.00E+00 2.73E-07 6.33E-14 0.00E+00 1.06E-13 8.34E-14 7.15E-13 0.00E+00 5.13E-12
  7.25E+05 0.00E+00 3.41E-14 0.00E+00 0.00E+00 1.96E-09 1.82E-07 2.89E-07 1.51E-14 2.47E-14 0.00E+00 1.93E-07 3.79E-14 0.00E+00 6.36E-14 4.98E-14 4.27E-13 0.00E+00 3.06E-12
  8.25E+05 0.00E+00 1.95E-14 0.00E+00 0.00E+00 1.12E-09 1.21E-07 2.29E-07 8.61E-15 1.41E-14 0.00E+00 1.30E-07 2.16E-14 0.00E+00 3.63E-14 2.85E-14 2.44E-13 0.00E+00 1.75E-12
  9.25E+05 0.00E+00 1.06E-14 0.00E+00 0.00E+00 6.11E-10 7.51E-08 1.73E-07 4.70E-15 7.69E-15 0.00E+00 8.20E-08 1.18E-14 0.00E+00 1.98E-14 1.55E-14 1.33E-13 0.00E+00 9.55E-13
  1.02E+06 0.00E+00 5.59E-15 0.00E+00 0.00E+00 3.21E-10 4.28E-08 1.14E-07 2.47E-15 4.04E-15 0.00E+00 4.72E-08 6.20E-15 0.00E+00 1.04E-14 8.16E-15 7.00E-14 0.00E+00 5.02E-13

     Z        HS       S        SO       SO2      H2SO4    HSO      S2       S4       S8       SO3      OCS      S3       O3       HNO3     N        NO3      N2O      HO2NO2  
  2.50E+04 2.18E-06 0.00E+00 3.19E-13 4.55E-07 2.37E-06 9.86E-07 0.00E+00 0.00E+00 0.00E+00 2.37E-06 4.96E-12 0.00E+00 0.00E+00 2.35E-06 0.00E+00 6.37E-12 6.05E-12 1.77E-06
  1.25E+05 2.25E-06 0.00E+00 3.50E-13 6.22E-07 2.42E-06 1.06E-06 0.00E+00 0.00E+00 0.00E+00 2.42E-06 6.25E-12 0.00E+00 0.00E+00 2.40E-06 0.00E+00 6.99E-12 7.87E-12 2.06E-06
  2.25E+05 1.29E-06 0.00E+00 2.62E-13 5.06E-07 1.34E-06 7.23E-07 0.00E+00 0.00E+00 0.00E+00 1.34E-06 5.45E-12 0.00E+00 0.00E+00 1.34E-06 0.00E+00 5.23E-12 7.12E-12 1.28E-06
  3.25E+05 8.04E-07 0.00E+00 1.87E-13 3.28E-07 8.20E-07 4.89E-07 0.00E+00 0.00E+00 0.00E+00 8.20E-07 4.12E-12 0.00E+00 0.00E+00 8.20E-07 0.00E+00 3.75E-12 5.46E-12 8.03E-07
  4.25E+05 5.72E-07 0.00E+00 1.29E-13 1.96E-07 5.84E-07 3.41E-07 0.00E+00 0.00E+00 0.00E+00 5.84E-07 2.83E-12 0.00E+00 0.00E+00 5.84E-07 0.00E+00 2.57E-12 3.74E-12 5.71E-07
  5.25E+05 4.35E-07 0.00E+00 8.43E-14 1.17E-07 4.50E-07 2.37E-07 0.00E+00 0.00E+00 0.00E+00 4.50E-07 1.85E-12 0.00E+00 0.00E+00 4.50E-07 0.00E+00 1.69E-12 2.45E-12 4.35E-07
  6.25E+05 3.40E-07 0.00E+00 5.27E-14 6.76E-08 3.62E-07 1.61E-07 0.00E+00 0.00E+00 0.00E+00 3.62E-07 1.16E-12 0.00E+00 0.00E+00 3.61E-07 0.00E+00 1.05E-12 1.53E-12 3.39E-07
  7.25E+05 2.61E-07 0.00E+00 3.15E-14 3.81E-08 2.93E-07 1.04E-07 0.00E+00 0.00E+00 0.00E+00 2.93E-07 6.93E-13 0.00E+00 0.00E+00 2.92E-07 0.00E+00 6.31E-13 9.17E-13 2.61E-07
  8.25E+05 1.94E-07 0.00E+00 1.80E-14 2.09E-08 2.35E-07 6.43E-08 0.00E+00 0.00E+00 0.00E+00 2.35E-07 3.96E-13 0.00E+00 0.00E+00 2.34E-07 0.00E+00 3.60E-13 5.24E-13 1.94E-07
  9.25E+05 1.36E-07 0.00E+00 9.83E-15 1.11E-08 1.81E-07 3.74E-08 0.00E+00 0.00E+00 0.00E+00 1.81E-07 2.16E-13 0.00E+00 0.00E+00 1.79E-07 0.00E+00 1.97E-13 2.86E-13 1.35E-07
  1.02E+06 8.39E-08 0.00E+00 5.16E-15 5.75E-09 1.21E-07 2.04E-08 0.00E+00 0.00E+00 0.00E+00 1.21E-07 1.14E-13 0.00E+00 0.00E+00 1.19E-07 0.00E+00 1.03E-13 1.50E-13 8.36E-08

     Z        N2O5     CO2      SO4AER   S8AER   
  2.50E+04 6.05E-12 0.00E+00 2.37E-06 2.37E-06
  1.25E+05 7.87E-12 0.00E+00 2.42E-06 2.42E-06
  2.25E+05 7.12E-12 0.00E+00 1.34E-06 1.34E-06
  3.25E+05 5.46E-12 0.00E+00 8.20E-07 8.20E-07
  4.25E+05 3.74E-12 0.00E+00 5.84E-07 5.84E-07
  5.25E+05 2.45E-12 0.00E+00 4.50E-07 4.50E-07
  6.25E+05 1.53E-12 0.00E+00 3.62E-07 3.62E-07
  7.25E+05 9.17E-13 0.00E+00 2.93E-07 2.93E-07
  8.25E+05 5.24E-13 0.00E+00 2.35E-07 2.35E-07
  9.25E+05 2.86E-13 0.00E+00 1.81E-07 1.81E-07
  1.02E+06 1.50E-13 0.00E+00 1.21E-07 1.21E-07

 RAINOUT RATE, PHIDEP, TLOSS, LOWER B.C. and vdep

 FOLLOWED BY TP, TL, FUP, FLOW, CON


     Z        O        O2       H2O      H        OH       HO2      H2O2     H2       CO       HCO      H2CO     CH4      CH3      C2H6     NO       NO2      HNO      H2S     
           0.00E+00 1.99E+11 0.00E+00 0.00E+00 7.60E+03 1.11E+08 1.77E+10 6.77E+05 1.97E+05 0.00E+00 1.91E+09 5.35E+06 0.00E+00 2.34E-13 1.40E+01 1.52E+02 0.00E+00 8.21E+02
           2.04E+03 0.00E+00 0.00E+00 2.82E-01 1.04E+06 2.69E+08 5.29E+09 3.17E+09 3.29E+08 1.11E-02 1.14E+09 0.00E+00 1.01E-01 0.00E+00 1.47E+04 2.82E+05 4.31E+02 4.62E+06
           2.04E+03 1.99E+11 0.00E+00 2.82E-01 1.05E+06 3.81E+08 2.30E+10 3.17E+09 3.29E+08 1.11E-02 3.06E+09 5.35E+06 1.01E-01 2.34E-13 1.47E+04 2.82E+05 4.31E+02 4.62E+06
              0        1        0        0        0        0        0        1        1        0        0        1        0        0        0        0        0        2
           1.00E+00 0.00E+00 0.00E+00 1.00E+00 1.00E+00 1.00E+00 2.00E-01 2.40E-04 1.20E-04 1.00E+00 2.00E-01 0.00E+00 1.00E+00 0.00E+00 3.00E-04 3.00E-03 1.00E+00 2.00E-02

           2.35E+15 2.41E+15 4.59E+10 2.86E+12 3.49E+12 2.62E+12 8.15E+10 4.87E+10 1.01E+11 5.20E+10 1.02E+11 1.03E+03 1.02E+11 1.21E-01 2.13E+13 2.14E+13 2.50E+05 7.93E+05
           2.35E+15 2.41E+15 3.38E+10 2.86E+12 3.49E+12 2.62E+12 7.62E+10 3.34E+10 2.45E+11 5.20E+10 1.01E+11 1.02E+11 1.02E+11 1.21E-01 2.13E+13 2.14E+13 2.50E+05 2.01E+08
          -1.30E-02 3.43E-04 2.21E-09 1.30E+08-8.92E-06 4.06E-07 2.28E-19 1.04E+08-3.22E-04-7.63E-09-3.83E-09 1.40E-10-3.77E-09 1.50E-18-2.11E-07-1.64E-10 8.46E-15-3.59E-35
          -2.04E+03 5.10E+11 1.02E+13-2.78E-01-1.04E+06-2.69E+08-5.29E+09-1.52E+10 1.44E+11-1.00E-02-1.14E+09 1.02E+11-9.90E-02 2.19E-21-1.47E+04-2.82E+05-4.31E+02 2.00E+08
          -1.28E+03-2.50E+03 1.03E+13 1.28E-03-1.29E-02 5.48E-03 3.72E-03-3.16E-02 2.09E-02-8.01E-04 9.82E-03 9.24E-02 3.71E-04-2.24E-16-1.07E+01 1.07E+01-1.07E-08-8.85E-06

     Z        HS       S        SO       SO2      H2SO4    HSO      S2       S4       S8       SO3      OCS      S3       O3       HNO3     N        NO3      N2O      HO2NO2  
           1.98E+02 0.00E+00 6.71E-07 8.36E+08 1.93E+08 2.99E+06 0.00E+00 0.00E+00 0.00E+00 1.87E+01 2.86E-08 0.00E+00 0.00E+00 5.47E+08 0.00E+00 1.83E-02 2.04E+07 4.27E+07
           0.00E+00 0.00E+00 0.00E+00 1.69E+09 9.82E+07 1.56E+07 0.00E+00 0.00E+00 0.00E+00 0.00E+00 0.00E+00 0.00E+00 2.03E+10 1.00E+08 0.00E+00 0.00E+00 0.00E+00 4.01E+05
           1.98E+02 0.00E+00 6.71E-07 2.53E+09 2.91E+08 1.86E+07 0.00E+00 0.00E+00 0.00E+00 1.87E+01 2.86E-08 0.00E+00 2.03E+10 6.47E+08 0.00E+00 1.83E-02 2.04E+07 4.31E+07
              0        0        0        3        0        0        0        0        0        0        0        0        0        0        0        0        1        0
           0.00E+00 0.00E+00 0.00E+00 1.00E+00 1.00E+00 1.00E+00 0.00E+00 0.00E+00 0.00E+00 0.00E+00 0.00E+00 0.00E+00 7.00E-02 2.00E-01 0.00E+00 0.00E+00 0.00E+00 2.00E-01

           1.75E+08 4.55E+02 4.30E+08 6.34E+11 6.65E+09 1.31E+08 1.03E-15 4.54E-38 1.01E-89 6.65E+09 1.78E-05 5.57E-35 2.35E+15 1.35E+10 1.16E+08 3.29E+10 1.36E+06 2.45E+10
           1.75E+08 4.55E+02 4.30E+08 6.42E+11 6.55E+09 1.15E+08 1.03E-15 4.54E-38 1.01E-89 6.65E+09 1.78E-05 5.57E-35 2.35E+15 1.34E+10 2.16E+08 3.29E+10 1.73E+09 2.45E+10
          -1.15E-22-1.06E-12-1.12E-12-3.35E-13-2.65E-15-9.57E-19-5.92E-39-5.91E-88-1.28-107-2.87E-18-1.19E-25-7.44E-64-1.95E-04-2.97E-25-1.00E+08-1.02E-16 6.47E-13-9.15E-29
           7.73E-06 1.16E-13 4.07E-06-1.69E+09-9.82E+07-1.56E+07 1.96E-28 7.97E-51 3.08-100-1.11E-05 2.60E-18 1.63E-47-2.03E+10-1.00E+08 1.91-152-5.11E-06 1.73E+09-4.01E+05
           7.52E-06-2.74E-10 1.16E-04-9.00E+09 3.02E-06-1.94E-06 1.62E-29 1.58E-50-2.49E-99-3.51E-06-3.47E-12 2.45E-47 1.27E+03 1.07E-02-1.49E-08 1.02E-02 1.37E-02 2.69E-03

     Z        N2O5     CO2      SO4AER   S8AER   
           1.04E-02 0.00E+00 6.28E+09 1.71E-19
           0.00E+00 2.44E+11 6.21E+07 2.61E-21
           1.04E-02 2.44E+11 6.35E+09 1.74E-19
              0        3        0        0
           0.00E+00 5.00E-05 1.25E-02 1.05E-02

           2.47E+08 2.45E+11 6.36E+09 0.00E+00
           2.47E+08 2.18E+09 6.28E+09 1.71E-19
          -1.26E-35 1.51E-06-7.23E-23-8.53E-23
          -4.62E-09-2.44E+11-7.49E+07 2.95E-20
           2.08E-04-6.88E+08-1.69E-04-1.42E-19

 CONSERVATION OF SULFUR:
     S loss = 9.200E+09  S prod = 9.200000E+09  SO4LOS = 6.637506E+09  8 S8LOSS = 1.389721E-18  sulrain = 7.316E+09   Difference =-8.144E-04

                    OxidOut = -1.2949E-02
                    RedOut  =  1.6882E+08
                       / \
                      /\
  OxidUp = 6.8725E-04 |
  RedUp  = 1.6882E+08 | |
-----------------------|-|----------------
                       | | OxidDown = -1.3636E-02
                         | RedDown  = -3.2229E-04
                         \/
/\
 | OxidDist = 0.0000E+00
 | RedDist  = 0.0000E+00
 |                             /\
 | | OxidRain = 4.2349E+11     | OxidAtm = 1.0220E+12
 | | RedRain  = 3.8556E+09     | RedAtm  = 5.5297E+11
---|--------------------------|-|---------
  \/  OxidOcean = -6.7106E+10| |
      RedOcean  = -1.7518E+10|
                             \/
                              \ /
                         OxidFlow =  9.5491E+11
                         RedFlow  =  5.3545E+11

    global imbalance (ocean)    =  1.6883E+08
    global imbalance (dist-fup) =  1.6882E+08

old redox budget numbers:
     OxidIn = 9.549116E+11  OxidOut =-1.294853E-02  RedIn = 5.354506E+11  RedOut = 1.688231E+08  RedRain = 3.855646E+09  OxidRain = 4.234855E+11   redox = 2.465723E+03

 INTEGRATED REACTION RATES

         1         2         3         4         5         6         7         8         9        10
  1   6.930E+10 1.086E+09 6.479E+07 3.220E+10 7.598E+11 2.083E+12 1.126E+09 2.611E+08 1.175E+10 2.543E+12   10
 11   4.924E+10 4.373E+11 1.910E+12 1.178E+11 8.147E+10 2.490E+10 4.090E+10 2.347E+15 7.326E+11 5.554E+08   20
 21   6.125E+14 5.987E+13 2.980E+11 4.572E+12 5.326E+09 2.601E+08 3.900E+08 6.722E+14 1.651E+15 2.408E+11   30
 31   1.177E+04 1.496E+04 1.993E-06 1.379E+02 1.290E+06 1.290E+06 3.360E+10 1.052E+09 1.130E+09 2.453E+11   40
 41   9.522E+05 4.699E+10 2.839E+10 3.729E+03 1.262E+05 7.076E+05 5.200E+10 2.312E+10 4.931E+05 2.543E+07   50
 51   4.473E+08 2.276E+06 4.025E+09 3.448E+07 3.739E+07 6.356E+06 0.000E+00 1.397E-02 6.508E+09 9.183E+09   60
 61   3.561E+08 2.557E+08 1.156E+08 1.885E+09 1.971E+13 1.003E+11 1.527E+09 1.018E+08 1.336E+01 7.364E+06   70
 71   2.712E+07 6.812E+01 2.138E-08 3.283E+07 1.019E+11 2.962E+07 1.205E-01 9.896E+03 1.029E+03 7.071E-04   80
 81   1.284E-06 9.394E-05 5.175E+04 3.760E+02 1.397E+08 6.915E+04 8.068E+06 6.542E+07 2.095E+13 7.290E+09   90
 91   3.418E+11 5.951E+09 1.582E+12 1.352E+10 7.015E+07 3.073E+09 3.969E+02 1.933E+05 9.463E+00 4.952E+04  100
101   6.782E+03 7.180E+07 6.181E+07 1.659E+03 6.452E+02 6.503E+05 6.881E+02 8.590E-02 1.736E-02 3.315E-03  110
111   2.628E-05 9.894E-03 2.426E-07 2.995E-14 7.565E-19 9.665E-02 4.545E+02 3.699E+01 2.486E+08 6.282E+11  120
121   5.730E+09 4.002E+08 4.399E+04 9.250E+02 2.823E+04 6.646E+09 3.227E+06 6.650E+09 6.646E+09 2.246E-01  130
131   1.682E-07 1.165E-01 1.750E+08 7.421E+00 1.293E+03 4.434E+01 6.928E+07 2.589E+05 8.168E-01 2.268E-05  140
141   1.212E-03 1.025E-15 4.552E+02 4.211E-05 6.944E-13 1.466E-06 1.466E-06 4.486E-26 0.000E+00 1.373E-18  150
151   4.982E+05 1.024E-15 0.000E+00 5.574E-35 4.537E-38 2.326E-58 1.011E-89 4.537E-38 5.574E-35 0.000E+00  160
161   0.000E+00 1.011E-89 8.110E+02 5.709E+10 5.709E+11 1.502E+07 2.203E+08 4.196E+05 1.825E+02 6.276E+10  170
171   8.017E+07 2.330E+01 7.526E+06 2.218E+07 6.354E+05 1.042E+08 6.883E+05 6.802E-02 3.436E-04 2.747E-03  180
181   4.801E-09 4.399E+04 2.360E-06 1.499E-03 1.103E+02 1.979E+05 1.116E+08 2.051E+01 1.026E+01 3.556E+04  190
191   3.048E+05 9.009E-11 0.000E+00 1.620E-11 1.780E-05 1.149E-06 3.690E-12 9.673E-21 1.179E-05 5.555E-12  200
201   1.345E-10 4.838E-06 2.825E+07 0.000E+00 2.583E+07 5.176E-21 1.591E-39 0.000E+00 0.000E+00 5.176E-21  210
211   1.515E+08 9.000E+06 8.125E+09 1.511E+10 1.584E+07 2.829E+09 2.148E+10 1.363E+06 0.000E+00 4.527E+07  220
221   7.083E+07 1.591E+09 9.573E+05 3.287E+04 2.473E+08 9.743E+05 4.770E+04 1.374E+10 3.297E-01 2.453E+10  230
231   7.950E+04 3.741E+09 1.737E+10 2.683E+09 6.866E+08 3.950E+07 2.068E+08 1.729E+06 1.677E+07
         1         2         3         4         5         6         7         8         9        10

 PHOTOCHEMICAL EQUILIBRIUM AND INERT SPECIES

     Z        HNO2     O1D      CH21     CH23     C2H5     SO21     SO23     HSO3     OCS2     N2      
  2.50E+04 7.64E+05 2.36E-03 1.55E-27 5.62E-26 2.00E-20 2.17E-04 1.64E-03 2.37E-03 6.91E-28 2.26E+19
  1.25E+05 7.86E+05 2.97E-03 1.91E-26 7.33E-25 1.96E-20 4.91E-04 3.69E-03 5.09E-03 1.70E-28 2.05E+19
  2.25E+05 8.87E+05 3.79E-03 2.09E-25 8.51E-24 1.92E-20 7.64E-04 5.71E-03 7.76E-03 3.95E-29 1.86E+19
  3.25E+05 1.04E+06 4.86E-03 1.85E-24 7.98E-23 1.84E-20 1.05E-03 7.82E-03 1.05E-02 8.49E-30 1.68E+19
  4.25E+05 1.20E+06 6.15E-03 1.29E-23 5.96E-22 1.71E-20 1.36E-03 1.01E-02 1.32E-02 1.75E-30 1.52E+19
  5.25E+05 1.23E+06 7.62E-03 6.81E-23 3.40E-21 1.47E-20 1.70E-03 1.26E-02 1.54E-02 3.45E-31 1.38E+19
  6.25E+05 9.32E+05 9.21E-03 2.59E-22 1.42E-20 1.10E-20 2.09E-03 1.55E-02 1.60E-02 6.26E-32 1.24E+19
  7.25E+05 6.32E+05 1.09E-02 7.58E-22 4.62E-20 7.62E-21 2.51E-03 1.85E-02 1.54E-02 1.25E-32 1.12E+19
  8.25E+05 6.26E+05 1.28E-02 2.04E-21 1.41E-19 5.71E-21 2.92E-03 2.15E-02 1.60E-02 5.70E-33 1.01E+19
  9.25E+05 8.81E+05 1.48E-02 5.29E-21 4.19E-19 4.78E-21 3.31E-03 2.43E-02 1.86E-02 1.54E-32 9.12E+18
  1.02E+06 1.23E+06 1.71E-02 1.31E-20 1.18E-18 4.20E-21 3.70E-03 2.72E-02 2.19E-02 1.26E-31 8.12E+18
  1.12E+06 1.36E+06 2.18E-02 3.92E-20 3.63E-18 4.23E-21 4.25E-03 3.12E-02 2.32E-02 9.84E-31 6.99E+18
  1.22E+06 1.45E+06 3.39E-02 9.57E-20 9.00E-18 4.29E-21 5.39E-03 3.95E-02 2.39E-02 7.73E-30 5.99E+18
  1.32E+06 1.38E+06 5.76E-02 2.03E-19 1.93E-17 4.66E-21 7.12E-03 5.20E-02 2.34E-02 5.34E-29 5.12E+18
  1.42E+06 1.30E+06 1.07E-01 4.25E-19 4.02E-17 6.09E-21 9.46E-03 6.90E-02 2.29E-02 3.25E-28 4.37E+18
  1.52E+06 1.27E+06 1.82E-01 1.01E-18 9.50E-17 9.27E-21 1.12E-02 8.17E-02 2.30E-02 1.56E-27 3.72E+18
  1.62E+06 1.27E+06 2.92E-01 2.54E-18 2.37E-16 1.51E-20 1.19E-02 8.63E-02 2.20E-02 6.10E-27 3.17E+18
  1.72E+06 1.30E+06 4.42E-01 6.61E-18 6.11E-16 2.52E-20 1.11E-02 8.04E-02 1.95E-02 1.94E-26 2.70E+18
  1.82E+06 1.37E+06 6.39E-01 1.75E-17 1.60E-15 4.24E-20 8.93E-03 6.44E-02 1.54E-02 4.85E-26 2.30E+18
  1.92E+06 1.47E+06 8.95E-01 4.68E-17 4.24E-15 7.23E-20 5.70E-03 4.09E-02 9.88E-03 8.65E-26 1.96E+18
  2.02E+06 1.63E+06 1.22E+00 1.26E-16 1.12E-14 1.25E-19 2.72E-03 1.94E-02 4.83E-03 1.02E-25 1.67E+18
  2.12E+06 1.83E+06 1.64E+00 3.36E-16 2.96E-14 2.19E-19 1.23E-03 8.77E-03 2.28E-03 1.01E-25 1.43E+18
  2.22E+06 2.09E+06 2.17E+00 8.93E-16 7.73E-14 3.91E-19 5.55E-04 3.92E-03 1.08E-03 8.68E-26 1.22E+18
  2.32E+06 2.40E+06 2.85E+00 2.34E-15 1.99E-13 7.12E-19 2.49E-04 1.75E-03 5.13E-04 6.54E-26 1.04E+18
  2.42E+06 2.74E+06 3.72E+00 6.05E-15 5.04E-13 1.32E-18 1.12E-04 7.82E-04 2.42E-04 4.33E-26 8.86E+17
  2.52E+06 3.08E+06 4.83E+00 1.53E-14 1.25E-12 2.47E-18 5.01E-05 3.49E-04 1.13E-04 2.53E-26 7.56E+17
  2.62E+06 3.37E+06 6.23E+00 3.76E-14 3.01E-12 4.70E-18 2.25E-05 1.56E-04 5.21E-05 1.30E-26 6.46E+17
  2.72E+06 3.56E+06 8.01E+00 8.99E-14 7.02E-12 9.02E-18 1.02E-05 7.02E-05 2.35E-05 5.86E-27 5.52E+17
  2.82E+06 3.61E+06 1.02E+01 2.08E-13 1.58E-11 1.73E-17 4.72E-06 3.23E-05 1.05E-05 2.37E-27 4.72E+17
  2.92E+06 3.50E+06 1.29E+01 4.66E-13 3.44E-11 3.34E-17 2.26E-06 1.54E-05 4.67E-06 8.58E-28 4.04E+17
  3.02E+06 3.24E+06 1.62E+01 1.01E-12 7.19E-11 6.49E-17 1.11E-06 7.55E-06 2.08E-06 2.73E-28 3.46E+17
  3.12E+06 2.87E+06 2.02E+01 2.10E-12 1.45E-10 1.26E-16 5.78E-07 3.89E-06 9.43E-07 7.85E-29 2.96E+17
  3.22E+06 2.45E+06 2.48E+01 4.24E-12 2.81E-10 2.45E-16 3.18E-07 2.13E-06 4.45E-07 2.07E-29 2.53E+17
  3.32E+06 2.03E+06 3.03E+01 8.27E-12 5.26E-10 4.82E-16 1.84E-07 1.23E-06 2.19E-07 4.91E-30 2.17E+17
  3.42E+06 1.65E+06 3.66E+01 1.57E-11 9.56E-10 9.54E-16 1.14E-07 7.54E-07 1.15E-07 1.08E-30 1.87E+17
  3.52E+06 1.33E+06 4.41E+01 2.88E-11 1.69E-09 1.90E-15 7.62E-08 5.01E-07 6.53E-08 2.22E-31 1.61E+17
  3.62E+06 1.07E+06 5.29E+01 5.15E-11 2.91E-09 3.80E-15 5.58E-08 3.65E-07 4.12E-08 4.42E-32 1.39E+17
  3.72E+06 8.58E+05 6.34E+01 8.94E-11 4.88E-09 7.55E-15 4.51E-08 2.93E-07 2.90E-08 8.75E-33 1.20E+17
  3.82E+06 6.84E+05 7.56E+01 1.49E-10 7.93E-09 1.49E-14 3.98E-08 2.56E-07 2.25E-08 1.70E-33 1.04E+17
  3.92E+06 5.35E+05 8.90E+01 2.38E-10 1.23E-08 2.85E-14 3.74E-08 2.39E-07 1.85E-08 3.20E-34 9.04E+16
  4.02E+06 4.08E+05 1.02E+02 3.59E-10 1.83E-08 5.27E-14 3.67E-08 2.32E-07 1.58E-08 5.95E-35 7.89E+16
  4.12E+06 3.02E+05 1.14E+02 5.06E-10 2.55E-08 9.38E-14 3.69E-08 2.31E-07 1.37E-08 1.13E-35 6.91E+16
  4.22E+06 2.17E+05 1.23E+02 6.69E-10 3.36E-08 1.62E-13 3.74E-08 2.32E-07 1.19E-08 2.61E-36 6.07E+16
  4.32E+06 1.52E+05 1.29E+02 8.36E-10 4.23E-08 2.72E-13 3.82E-08 2.34E-07 1.03E-08 1.14E-36 5.34E+16
  4.42E+06 1.05E+05 1.31E+02 1.00E-09 5.13E-08 4.46E-13 3.89E-08 2.36E-07 8.97E-09 9.44E-37 4.71E+16
  4.52E+06 7.19E+04 1.30E+02 1.16E-09 6.06E-08 7.19E-13 3.96E-08 2.37E-07 7.74E-09 9.95E-37 4.16E+16
  4.62E+06 4.83E+04 1.27E+02 1.34E-09 7.08E-08 1.14E-12 4.02E-08 2.37E-07 6.61E-09 1.10E-36 3.67E+16
  4.72E+06 3.21E+04 1.22E+02 1.52E-09 8.20E-08 1.74E-12 4.06E-08 2.36E-07 5.60E-09 1.22E-36 3.23E+16
  4.82E+06 2.12E+04 1.15E+02 1.72E-09 9.48E-08 2.60E-12 4.10E-08 2.34E-07 4.71E-09 1.36E-36 2.85E+16
  4.92E+06 1.39E+04 1.07E+02 1.95E-09 1.11E-07 3.76E-12 4.11E-08 2.30E-07 3.95E-09 1.51E-36 2.51E+16
  5.02E+06 9.14E+03 9.93E+01 2.24E-09 1.41E-07 5.28E-12 4.11E-08 2.26E-07 3.30E-09 1.67E-36 2.21E+16
  5.12E+06 6.00E+03 9.13E+01 2.73E-09 2.20E-07 7.24E-12 4.10E-08 2.20E-07 2.75E-09 1.84E-36 1.94E+16
  5.22E+06 3.94E+03 8.34E+01 3.77E-09 4.54E-07 9.70E-12 4.07E-08 2.13E-07 2.30E-09 2.02E-36 1.70E+16
  5.32E+06 2.59E+03 7.57E+01 6.27E-09 1.11E-06 1.28E-11 4.03E-08 2.05E-07 1.92E-09 2.21E-36 1.50E+16
  5.42E+06 1.71E+03 6.83E+01 1.20E-08 2.75E-06 1.65E-11 3.98E-08 1.96E-07 1.60E-09 2.41E-36 1.31E+16
  5.52E+06 1.13E+03 6.13E+01 2.43E-08 6.37E-06 2.11E-11 3.92E-08 1.86E-07 1.34E-09 2.61E-36 1.15E+16
  5.62E+06 7.50E+02 5.47E+01 4.79E-08 1.35E-05 2.67E-11 3.84E-08 1.76E-07 1.12E-09 2.83E-36 1.01E+16
  5.72E+06 4.99E+02 4.85E+01 9.04E-08 2.65E-05 3.34E-11 3.75E-08 1.66E-07 9.45E-10 3.05E-36 8.82E+15
  5.82E+06 3.33E+02 4.28E+01 1.70E-07 4.85E-05 4.13E-11 3.65E-08 1.55E-07 7.94E-10 3.26E-36 7.72E+15
  5.92E+06 2.23E+02 3.77E+01 3.51E-07 8.69E-05 5.09E-11 3.53E-08 1.43E-07 6.69E-10 3.48E-36 6.75E+15
  6.02E+06 1.50E+02 3.30E+01 8.90E-07 1.65E-04 6.23E-11 3.41E-08 1.32E-07 5.64E-10 3.69E-36 5.89E+15
  6.12E+06 1.02E+02 2.89E+01 2.61E-06 3.58E-04 7.59E-11 3.27E-08 1.21E-07 4.77E-10 3.90E-36 5.14E+15
  6.22E+06 6.94E+01 2.50E+01 7.70E-06 8.62E-04 9.25E-11 3.12E-08 1.10E-07 4.06E-10 4.11E-36 4.48E+15
  6.32E+06 4.83E+01 2.15E+01 2.09E-05 2.12E-03 1.13E-10 2.96E-08 9.91E-08 3.49E-10 4.34E-36 3.91E+15
  6.42E+06 3.44E+01 1.81E+01 5.09E-05 4.98E-03 1.41E-10 2.79E-08 8.87E-08 3.07E-10 4.62E-36 3.40E+15
  6.52E+06 2.55E+01 1.48E+01 1.11E-04 1.08E-02 1.78E-10 2.62E-08 7.90E-08 2.77E-10 4.98E-36 2.96E+15
  6.62E+06 1.96E+01 1.19E+01 2.17E-04 2.12E-02 2.33E-10 2.44E-08 6.99E-08 2.58E-10 5.49E-36 2.57E+15
  6.72E+06 1.55E+01 9.41E+00 3.88E-04 3.84E-02 3.11E-10 2.27E-08 6.15E-08 2.46E-10 6.16E-36 2.23E+15
  6.82E+06 1.25E+01 7.48E+00 6.35E-04 6.40E-02 4.21E-10 2.09E-08 5.40E-08 2.37E-10 6.98E-36 1.94E+15
  6.92E+06 1.02E+01 6.06E+00 9.63E-04 9.88E-02 5.68E-10 1.93E-08 4.72E-08 2.27E-10 7.90E-36 1.68E+15
  7.02E+06 8.17E+00 5.06E+00 1.36E-03 1.42E-01 7.55E-10 1.76E-08 4.11E-08 2.15E-10 8.85E-36 1.45E+15
  7.12E+06 6.49E+00 4.38E+00 1.81E-03 1.93E-01 9.74E-10 1.60E-08 3.56E-08 1.98E-10 9.77E-36 1.26E+15
  7.22E+06 5.06E+00 3.93E+00 2.27E-03 2.47E-01 1.20E-09 1.45E-08 3.08E-08 1.77E-10 1.06E-35 1.09E+15
  7.32E+06 3.88E+00 3.65E+00 2.71E-03 3.00E-01 1.41E-09 1.30E-08 2.64E-08 1.54E-10 1.15E-35 9.37E+14
  7.42E+06 2.81E+00 3.46E+00 3.09E-03 3.43E-01 1.61E-09 1.15E-08 2.25E-08 1.23E-10 1.23E-35 8.04E+14
  7.52E+06 2.03E+00 3.31E+00 3.38E-03 3.75E-01 1.75E-09 1.01E-08 1.90E-08 9.64E-11 1.31E-35 6.90E+14
  7.62E+06 1.53E+00 3.15E+00 3.56E-03 3.95E-01 1.89E-09 8.86E-09 1.61E-08 7.81E-11 1.37E-35 5.92E+14
  7.72E+06 1.03E+00 3.36E+00 3.64E-03 4.04E-01 1.77E-09 7.58E-09 1.33E-08 5.50E-11 1.56E-35 5.08E+14
  7.82E+06 4.50E-01 4.77E+00 3.63E-03 4.03E-01 1.17E-09 5.98E-09 1.02E-08 2.28E-11 2.21E-35 4.36E+14
  7.92E+06 1.68E-01 7.74E+00 3.54E-03 3.92E-01 9.43E-10 4.44E-09 7.39E-09 7.61E-12 2.84E-35 3.74E+14
  8.02E+06 7.07E-02 1.21E+01 3.38E-03 3.73E-01 1.00E-09 3.31E-09 5.38E-09 2.81E-12 2.81E-35 3.21E+14
  8.12E+06 3.38E-02 1.75E+01 3.18E-03 3.47E-01 9.84E-10 2.53E-09 4.03E-09 1.17E-12 2.24E-35 2.75E+14
  8.22E+06 1.76E-02 2.38E+01 2.95E-03 3.16E-01 8.47E-10 1.99E-09 3.11E-09 5.25E-13 1.55E-35 2.36E+14
  8.32E+06 9.59E-03 3.05E+01 2.71E-03 2.82E-01 6.71E-10 1.59E-09 2.44E-09 2.44E-13 9.84E-36 2.03E+14
  8.42E+06 5.27E-03 3.73E+01 2.46E-03 2.46E-01 5.05E-10 1.28E-09 1.94E-09 1.14E-13 6.07E-36 1.74E+14
  8.52E+06 2.85E-03 4.38E+01 2.21E-03 2.11E-01 3.69E-10 1.04E-09 1.55E-09 5.25E-14 3.73E-36 1.49E+14
  8.62E+06 1.50E-03 4.96E+01 1.98E-03 1.77E-01 2.63E-10 8.38E-10 1.24E-09 2.40E-14 2.32E-36 1.28E+14
  8.72E+06 7.69E-04 5.44E+01 1.76E-03 1.45E-01 1.84E-10 6.73E-10 9.88E-10 1.08E-14 1.47E-36 1.10E+14
  8.82E+06 3.84E-04 5.86E+01 1.55E-03 1.18E-01 1.28E-10 5.36E-10 7.81E-10 4.82E-15 9.51E-37 9.43E+13
  8.92E+06 1.89E-04 6.23E+01 1.36E-03 9.39E-02 8.76E-11 4.23E-10 6.11E-10 2.12E-15 6.31E-37 8.10E+13
  9.02E+06 9.17E-05 6.65E+01 1.19E-03 7.43E-02 5.97E-11 3.29E-10 4.72E-10 9.25E-16 4.30E-37 6.95E+13
  9.12E+06 4.42E-05 7.25E+01 1.04E-03 5.84E-02 4.06E-11 2.53E-10 3.61E-10 4.00E-16 3.00E-37 5.97E+13
  9.22E+06 2.12E-05 8.19E+01 9.02E-04 4.57E-02 2.76E-11 1.91E-10 2.72E-10 1.71E-16 2.14E-37 5.12E+13
  9.32E+06 1.01E-05 9.72E+01 7.85E-04 3.58E-02 1.88E-11 1.43E-10 2.02E-10 7.27E-17 1.57E-37 4.40E+13
  9.42E+06 4.77E-06 1.21E+02 6.85E-04 2.83E-02 1.30E-11 1.05E-10 1.49E-10 3.06E-17 1.18E-37 3.78E+13
  9.52E+06 2.24E-06 1.59E+02 6.03E-04 2.26E-02 9.05E-12 7.64E-11 1.08E-10 1.27E-17 9.16E-38 3.24E+13
  9.62E+06 1.05E-06 2.19E+02 5.39E-04 1.84E-02 6.47E-12 5.47E-11 7.68E-11 5.28E-18 7.35E-38 2.79E+13
  9.72E+06 4.92E-07 3.16E+02 4.95E-04 1.54E-02 4.78E-12 3.86E-11 5.41E-11 2.18E-18 6.18E-38 2.39E+13
  9.82E+06 2.30E-07 5.00E+02 4.70E-04 1.36E-02 3.73E-12 2.69E-11 3.77E-11 8.97E-19 5.51E-38 2.06E+13
  9.92E+06 1.08E-07 1.02E+03 4.71E-04 1.28E-02 3.24E-12 1.88E-11 2.63E-11 3.78E-19 5.22E-38 1.77E+13

 ATMOSPHERIC PARAMETERS

    Z         T         EDD       DEN        P        H2OSAT     H2O       RELH     CONDEN    H FLUX
  2.500E+04 2.860E+02 1.000E+05 2.492E+19 9.835E-01 1.504E-02 1.124E-02 7.475E-01 0.000E+00 3.270E+11
  1.250E+05 2.807E+02 1.000E+05 2.257E+19 8.742E-01 1.189E-02 7.871E-03 6.621E-01 0.000E+00 2.550E+11
  2.250E+05 2.751E+02 1.000E+05 2.042E+19 7.752E-01 9.037E-03 5.287E-03 5.851E-01 0.000E+00 1.939E+11
  3.250E+05 2.693E+02 1.000E+05 1.845E+19 6.856E-01 6.451E-03 3.283E-03 5.089E-01 0.000E+00 1.441E+11
  4.250E+05 2.631E+02 1.000E+05 1.666E+19 6.047E-01 4.274E-03 1.911E-03 4.470E-01 0.000E+00 1.035E+11
  5.250E+05 2.561E+02 1.000E+05 1.504E+19 5.317E-01 2.584E-03 1.011E-03 3.913E-01 0.000E+00 7.272E+10
  6.250E+05 2.484E+02 1.000E+05 1.359E+19 4.657E-01 1.394E-03 4.750E-04 3.408E-01 0.000E+00 5.235E+10
  7.250E+05 2.398E+02 1.000E+05 1.227E+19 4.061E-01 6.645E-04 1.961E-04 2.952E-01 0.000E+00 4.043E+10
  8.250E+05 2.308E+02 1.000E+05 1.106E+19 3.523E-01 2.803E-04 7.121E-05 2.541E-01 0.000E+00 3.330E+10
  9.250E+05 2.214E+02 1.000E+05 9.950E+18 3.040E-01 1.050E-04 2.281E-05 2.172E-01 0.000E+00 2.866E+10
  1.025E+06 2.131E+02 8.000E+04 8.862E+18 2.606E-01 4.174E-05 7.690E-06 1.842E-01 0.000E+00 2.567E+10
  1.125E+06 2.116E+02 3.000E+04 7.624E+18 2.227E-01 4.019E-05 5.240E-06 1.304E-01 1.954E-11 5.604E+12
  1.225E+06 2.107E+02 1.700E+04 6.539E+18 1.901E-01 4.128E-05 4.229E-06 1.024E-01 1.616E-12 3.376E+08
  1.325E+06 2.102E+02 8.000E+03 5.592E+18 1.622E-01 4.551E-05 4.245E-06 9.327E-02 0.000E+00 3.376E+08
  1.425E+06 2.103E+02 5.800E+03 4.771E+18 1.384E-01 5.369E-05 4.278E-06 7.967E-02 0.000E+00 3.376E+08
  1.525E+06 2.107E+02 4.600E+03 4.064E+18 1.182E-01 6.629E-05 4.326E-06 6.526E-02 0.000E+00 3.376E+08
  1.625E+06 2.112E+02 4.000E+03 3.462E+18 1.009E-01 8.324E-05 4.394E-06 5.278E-02 0.000E+00 3.376E+08
  1.725E+06 2.117E+02 3.900E+03 2.950E+18 8.619E-02 1.048E-04 4.479E-06 4.273E-02 0.000E+00 3.376E+08
  1.825E+06 2.123E+02 3.900E+03 2.514E+18 7.365E-02 1.328E-04 4.579E-06 3.448E-02 0.000E+00 3.376E+08
  1.925E+06 2.130E+02 4.100E+03 2.143E+18 6.298E-02 1.702E-04 4.692E-06 2.756E-02 0.000E+00 3.376E+08
  2.025E+06 2.138E+02 4.600E+03 1.826E+18 5.388E-02 2.216E-04 4.811E-06 2.171E-02 0.000E+00 3.376E+08
  2.125E+06 2.147E+02 5.100E+03 1.557E+18 4.613E-02 2.934E-04 4.934E-06 1.682E-02 0.000E+00 3.376E+08
  2.225E+06 2.157E+02 5.800E+03 1.328E+18 3.952E-02 3.929E-04 5.059E-06 1.288E-02 0.000E+00 3.376E+08
  2.325E+06 2.169E+02 6.600E+03 1.132E+18 3.389E-02 5.315E-04 5.184E-06 9.755E-03 0.000E+00 3.376E+08
  2.425E+06 2.181E+02 7.500E+03 9.665E+17 2.909E-02 7.240E-04 5.309E-06 7.333E-03 0.000E+00 3.376E+08
  2.525E+06 2.194E+02 8.500E+03 8.254E+17 2.499E-02 9.948E-04 5.433E-06 5.462E-03 0.000E+00 3.376E+08
  2.625E+06 2.208E+02 9.500E+03 7.052E+17 2.149E-02 1.380E-03 5.557E-06 4.027E-03 0.000E+00 3.376E+08
  2.725E+06 2.223E+02 1.060E+04 6.028E+17 1.849E-02 1.948E-03 5.681E-06 2.916E-03 0.000E+00 3.376E+08
  2.825E+06 2.241E+02 1.200E+04 5.154E+17 1.594E-02 2.802E-03 5.803E-06 2.071E-03 0.000E+00 3.376E+08
  2.925E+06 2.261E+02 1.300E+04 4.408E+17 1.375E-02 4.130E-03 5.923E-06 1.434E-03 0.000E+00 3.376E+08
  3.025E+06 2.283E+02 1.430E+04 3.771E+17 1.188E-02 6.270E-03 6.044E-06 9.640E-04 0.000E+00 3.376E+08
  3.125E+06 2.309E+02 1.600E+04 3.228E+17 1.028E-02 9.758E-03 6.163E-06 6.316E-04 0.000E+00 3.376E+08
  3.225E+06 2.337E+02 1.740E+04 2.765E+17 8.916E-03 1.550E-02 6.278E-06 4.050E-04 0.000E+00 3.376E+08
  3.325E+06 2.367E+02 1.900E+04 2.370E+17 7.744E-03 2.494E-02 6.391E-06 2.562E-04 0.000E+00 3.376E+08
  3.425E+06 2.398E+02 2.100E+04 2.036E+17 6.739E-03 4.010E-02 6.499E-06 1.621E-04 0.000E+00 3.376E+08
  3.525E+06 2.429E+02 2.300E+04 1.752E+17 5.875E-03 6.371E-02 6.602E-06 1.036E-04 0.000E+00 3.376E+08
  3.625E+06 2.459E+02 2.600E+04 1.512E+17 5.130E-03 9.909E-02 6.697E-06 6.759E-05 0.000E+00 3.376E+08
  3.725E+06 2.487E+02 2.900E+04 1.308E+17 4.487E-03 1.496E-01 6.782E-06 4.534E-05 0.000E+00 3.376E+08
  3.825E+06 2.512E+02 3.200E+04 1.134E+17 3.931E-03 2.175E-01 6.857E-06 3.153E-05 0.000E+00 3.376E+08
  3.925E+06 2.532E+02 3.600E+04 9.867E+16 3.448E-03 3.019E-01 6.922E-06 2.293E-05 0.000E+00 3.376E+08
  4.025E+06 2.547E+02 4.000E+04 8.611E+16 3.027E-03 3.969E-01 6.974E-06 1.757E-05 0.000E+00 3.376E+08
  4.125E+06 2.556E+02 4.400E+04 7.538E+16 2.659E-03 4.905E-01 7.014E-06 1.430E-05 0.000E+00 3.376E+08
  4.225E+06 2.558E+02 4.900E+04 6.620E+16 2.336E-03 5.674E-01 7.043E-06 1.241E-05 0.000E+00 3.376E+08
  4.325E+06 2.552E+02 5.500E+04 5.829E+16 2.053E-03 6.147E-01 7.060E-06 1.149E-05 0.000E+00 3.376E+08
  4.425E+06 2.541E+02 6.200E+04 5.142E+16 1.803E-03 6.299E-01 7.067E-06 1.122E-05 0.000E+00 3.376E+08
  4.525E+06 2.527E+02 6.700E+04 4.539E+16 1.583E-03 6.265E-01 7.066E-06 1.128E-05 0.000E+00 3.376E+08
  4.625E+06 2.513E+02 7.600E+04 4.004E+16 1.389E-03 6.219E-01 7.057E-06 1.135E-05 0.000E+00 3.376E+08
  4.725E+06 2.499E+02 8.400E+04 3.530E+16 1.217E-03 6.186E-01 7.041E-06 1.138E-05 0.000E+00 3.376E+08
  4.825E+06 2.485E+02 9.200E+04 3.110E+16 1.066E-03 6.148E-01 7.020E-06 1.142E-05 0.000E+00 3.376E+08
  4.925E+06 2.471E+02 1.020E+05 2.737E+16 9.333E-04 6.106E-01 6.994E-06 1.145E-05 0.000E+00 3.376E+08
  5.025E+06 2.457E+02 1.120E+05 2.408E+16 8.163E-04 6.058E-01 6.963E-06 1.149E-05 0.000E+00 3.376E+08
  5.125E+06 2.443E+02 1.220E+05 2.117E+16 7.136E-04 6.005E-01 6.928E-06 1.154E-05 0.000E+00 3.376E+08
  5.225E+06 2.428E+02 1.320E+05 1.860E+16 6.233E-04 5.946E-01 6.889E-06 1.159E-05 0.000E+00 3.376E+08
  5.325E+06 2.414E+02 1.420E+05 1.633E+16 5.440E-04 5.881E-01 6.845E-06 1.164E-05 0.000E+00 3.376E+08
  5.425E+06 2.400E+02 1.520E+05 1.432E+16 4.744E-04 5.809E-01 6.796E-06 1.170E-05 0.000E+00 3.376E+08
  5.525E+06 2.386E+02 1.620E+05 1.256E+16 4.134E-04 5.731E-01 6.743E-06 1.177E-05 0.000E+00 3.376E+08
  5.625E+06 2.372E+02 1.720E+05 1.100E+16 3.600E-04 5.646E-01 6.684E-06 1.184E-05 0.000E+00 3.376E+08
  5.725E+06 2.358E+02 1.820E+05 9.628E+15 3.133E-04 5.554E-01 6.620E-06 1.192E-05 0.000E+00 3.376E+08
  5.825E+06 2.344E+02 1.920E+05 8.421E+15 2.724E-04 5.454E-01 6.549E-06 1.201E-05 0.000E+00 3.376E+08
  5.925E+06 2.329E+02 2.020E+05 7.361E+15 2.366E-04 5.346E-01 6.471E-06 1.210E-05 0.000E+00 3.376E+08
  6.025E+06 2.315E+02 2.120E+05 6.429E+15 2.054E-04 5.231E-01 6.386E-06 1.221E-05 0.000E+00 3.376E+08
  6.125E+06 2.301E+02 2.220E+05 5.610E+15 1.781E-04 5.108E-01 6.293E-06 1.232E-05 0.000E+00 3.376E+08
  6.225E+06 2.286E+02 2.320E+05 4.892E+15 1.543E-04 4.978E-01 6.189E-06 1.243E-05 0.000E+00 3.376E+08
  6.325E+06 2.272E+02 2.420E+05 4.263E+15 1.336E-04 4.844E-01 6.076E-06 1.254E-05 0.000E+00 3.376E+08
  6.425E+06 2.257E+02 2.520E+05 3.711E+15 1.156E-04 4.708E-01 5.950E-06 1.264E-05 0.000E+00 3.376E+08
  6.525E+06 2.243E+02 2.620E+05 3.228E+15 9.990E-05 4.570E-01 5.812E-06 1.272E-05 0.000E+00 3.376E+08
  6.625E+06 2.228E+02 2.720E+05 2.805E+15 8.626E-05 4.435E-01 5.659E-06 1.276E-05 0.000E+00 3.376E+08
  6.725E+06 2.214E+02 2.820E+05 2.436E+15 7.442E-05 4.305E-01 5.490E-06 1.275E-05 0.000E+00 3.376E+08
  6.825E+06 2.200E+02 2.920E+05 2.113E+15 6.414E-05 4.184E-01 5.303E-06 1.268E-05 0.000E+00 3.376E+08
  6.925E+06 2.186E+02 3.020E+05 1.831E+15 5.524E-05 4.074E-01 5.097E-06 1.251E-05 0.000E+00 3.376E+08
  7.025E+06 2.172E+02 3.120E+05 1.585E+15 4.752E-05 3.979E-01 4.872E-06 1.224E-05 0.000E+00 3.376E+08
  7.125E+06 2.159E+02 3.220E+05 1.371E+15 4.085E-05 3.903E-01 4.626E-06 1.185E-05 0.000E+00 3.376E+08
  7.225E+06 2.147E+02 3.320E+05 1.184E+15 3.509E-05 3.847E-01 4.360E-06 1.133E-05 0.000E+00 3.376E+08
  7.325E+06 2.135E+02 3.420E+05 1.022E+15 3.011E-05 3.811E-01 4.075E-06 1.069E-05 0.000E+00 3.376E+08
  7.425E+06 2.134E+02 3.520E+05 8.773E+14 2.583E-05 4.381E-01 3.775E-06 8.617E-06 0.000E+00 3.376E+08
  7.525E+06 2.134E+02 3.620E+05 7.526E+14 2.216E-05 5.107E-01 3.462E-06 6.780E-06 0.000E+00 3.376E+08
  7.625E+06 2.134E+02 3.720E+05 6.456E+14 1.901E-05 5.953E-01 3.142E-06 5.278E-06 0.000E+00 3.376E+08
  7.725E+06 2.134E+02 3.820E+05 5.539E+14 1.631E-05 6.939E-01 2.812E-06 4.052E-06 0.000E+00 3.376E+08
  7.825E+06 2.134E+02 3.920E+05 4.752E+14 1.399E-05 8.087E-01 2.475E-06 3.060E-06 0.000E+00 3.376E+08
  7.925E+06 2.134E+02 4.020E+05 4.077E+14 1.201E-05 9.426E-01 2.152E-06 2.283E-06 0.000E+00 3.376E+08
  8.025E+06 2.134E+02 4.070E+05 3.498E+14 1.030E-05 1.099E+00 1.855E-06 1.689E-06 0.000E+00 3.376E+08
  8.125E+06 2.134E+02 4.070E+05 3.002E+14 8.839E-06 1.280E+00 1.585E-06 1.238E-06 0.000E+00 3.376E+08
  8.225E+06 2.134E+02 4.070E+05 2.576E+14 7.585E-06 1.492E+00 1.344E-06 9.009E-07 0.000E+00 3.376E+08
  8.325E+06 2.134E+02 4.070E+05 2.211E+14 6.510E-06 1.738E+00 1.131E-06 6.507E-07 0.000E+00 3.376E+08
  8.425E+06 2.134E+02 4.070E+05 1.898E+14 5.587E-06 2.025E+00 9.458E-07 4.670E-07 0.000E+00 3.376E+08
  8.525E+06 2.134E+02 4.070E+05 1.629E+14 4.796E-06 2.360E+00 7.859E-07 3.331E-07 0.000E+00 3.376E+08
  8.625E+06 2.134E+02 4.070E+05 1.398E+14 4.117E-06 2.749E+00 6.492E-07 2.362E-07 0.000E+00 3.376E+08
  8.725E+06 2.134E+02 4.070E+05 1.200E+14 3.535E-06 3.202E+00 5.335E-07 1.666E-07 0.000E+00 3.376E+08
  8.825E+06 2.134E+02 4.070E+05 1.031E+14 3.035E-06 3.729E+00 4.362E-07 1.170E-07 0.000E+00 3.376E+08
  8.925E+06 2.134E+02 4.070E+05 8.852E+13 2.606E-06 4.342E+00 3.551E-07 8.180E-08 0.000E+00 3.376E+08
  9.025E+06 2.134E+02 4.070E+05 7.603E+13 2.239E-06 5.055E+00 2.880E-07 5.699E-08 0.000E+00 3.376E+08
  9.125E+06 2.134E+02 4.070E+05 6.532E+13 1.923E-06 5.884E+00 2.329E-07 3.959E-08 0.000E+00 3.376E+08
  9.225E+06 2.134E+02 4.070E+05 5.612E+13 1.653E-06 6.847E+00 1.880E-07 2.746E-08 0.000E+00 3.376E+08
  9.325E+06 2.134E+02 4.070E+05 4.824E+13 1.420E-06 7.967E+00 1.518E-07 1.905E-08 0.000E+00 3.376E+08
  9.425E+06 2.134E+02 4.070E+05 4.147E+13 1.221E-06 9.268E+00 1.227E-07 1.324E-08 0.000E+00 3.376E+08
  9.525E+06 2.134E+02 4.070E+05 3.566E+13 1.050E-06 1.078E+01 9.991E-08 9.269E-09 0.000E+00 3.376E+08
  9.625E+06 2.134E+02 4.070E+05 3.067E+13 9.030E-07 1.253E+01 8.237E-08 6.573E-09 0.000E+00 3.376E+08
  9.725E+06 2.134E+02 4.070E+05 2.638E+13 7.768E-07 1.457E+01 6.951E-08 4.772E-09 0.000E+00 3.376E+08
  9.825E+06 2.134E+02 4.070E+05 2.270E+13 6.685E-07 1.693E+01 6.094E-08 3.600E-09 0.000E+00 3.376E+08
  9.925E+06 2.134E+02 4.070E+05 1.954E+13 5.754E-07 1.967E+01 5.660E-08 2.878E-09 0.000E+00 3.376E+08

 SULFATE AEROSOL PARAMETERS

    Z        AERSOL     RPAR      WFALL     FSULF    TAUSED    TAUEDD    TAUC      H2SO4S    H2SO4     CONSO4    CONVER
  2.500E+04 8.670E+00 3.756E-05 2.500E-03 2.353E-01 3.429E+08 7.349E+06 3.285E+08 4.688E-19 3.943E-12 6.308E-17 5.734E+08
  1.250E+05 7.407E+00 3.756E-05 2.682E-03 2.930E-01 3.135E+08 7.069E+06 3.793E+08 8.759E-19 8.101E-12 1.296E-16 7.138E+08
  2.250E+05 7.711E+00 3.756E-05 2.870E-03 3.432E-01 2.869E+08 6.779E+06 3.588E+08 1.276E-18 1.255E-11 2.008E-16 8.361E+08
  3.250E+05 7.876E+00 3.756E-05 3.115E-03 4.136E-01 2.586E+08 6.492E+06 3.451E+08 3.373E-18 1.691E-11 2.706E-16 1.008E+09
  4.250E+05 8.709E+00 3.756E-05 3.312E-03 4.441E-01 2.376E+08 6.194E+06 3.061E+08 2.908E-18 2.076E-11 3.321E-16 1.082E+09
  5.250E+05 9.324E+00 3.756E-05 3.538E-03 4.737E-01 2.166E+08 5.871E+06 2.798E+08 2.047E-18 2.335E-11 3.735E-16 1.154E+09
  6.250E+05 9.710E+00 3.756E-05 3.800E-03 5.029E-01 1.955E+08 5.522E+06 2.625E+08 1.138E-18 2.393E-11 3.829E-16 1.225E+09
  7.250E+05 1.005E+01 3.756E-05 4.091E-03 5.237E-01 1.754E+08 5.151E+06 2.470E+08 3.752E-19 2.332E-11 3.731E-16 1.276E+09
  8.250E+05 1.027E+01 3.756E-05 4.430E-03 5.419E-01 1.559E+08 4.771E+06 2.346E+08 8.800E-20 2.342E-11 3.748E-16 1.320E+09
  9.250E+05 1.035E+01 3.756E-05 4.832E-03 5.589E-01 1.372E+08 4.393E+06 2.250E+08 1.552E-20 2.489E-11 3.982E-16 1.362E+09
  1.025E+06 1.033E+01 3.756E-05 5.295E-03 5.747E-01 1.205E+08 5.091E+06 2.159E+08 3.099E-21 2.686E-11 4.298E-16 1.400E+09
  1.125E+06 1.049E+01 3.756E-05 5.775E-03 6.006E-01 1.098E+08 1.340E+07 1.995E+08 7.988E-21 2.862E-11 4.579E-16 1.464E+09
  1.225E+06 1.261E+01 3.756E-05 6.311E-03 6.184E-01 1.001E+08 2.345E+07 1.544E+08 1.637E-20 2.961E-11 4.738E-16 1.507E+09
  1.325E+06 1.557E+01 3.756E-05 6.904E-03 6.253E-01 9.130E+07 4.966E+07 1.153E+08 2.337E-20 2.908E-11 4.652E-16 1.524E+09
  1.425E+06 1.894E+01 3.756E-05 7.617E-03 6.352E-01 8.279E+07 6.857E+07 8.665E+07 4.502E-20 2.856E-11 4.569E-16 1.548E+09
  1.525E+06 1.996E+01 3.756E-05 8.473E-03 6.471E-01 7.459E+07 8.683E+07 7.459E+07 1.061E-19 2.868E-11 4.589E-16 1.577E+09
  1.625E+06 1.952E+01 3.699E-05 9.310E-03 6.598E-01 6.807E+07 1.004E+08 6.807E+07 2.698E-19 2.763E-11 4.420E-16 1.536E+09
  1.725E+06 1.830E+01 3.562E-05 1.002E-02 6.720E-01 6.341E+07 1.036E+08 6.341E+07 6.748E-19 2.464E-11 3.942E-16 1.397E+09
  1.825E+06 1.658E+01 3.367E-05 1.064E-02 6.833E-01 5.993E+07 1.042E+08 5.993E+07 1.649E-18 1.954E-11 3.126E-16 1.200E+09
  1.925E+06 1.464E+01 3.134E-05 1.119E-02 6.951E-01 5.717E+07 9.980E+07 5.717E+07 4.258E-18 1.266E-11 2.026E-16 9.848E+08
  2.025E+06 1.277E+01 2.891E-05 1.174E-02 7.065E-01 5.472E+07 8.968E+07 5.472E+07 1.120E-17 6.332E-12 1.013E-16 7.854E+08
  2.125E+06 1.113E+01 2.657E-05 1.234E-02 7.173E-01 5.229E+07 8.165E+07 5.229E+07 2.998E-17 3.019E-12 4.830E-17 6.188E+08
  2.225E+06 9.753E+00 2.437E-05 1.302E-02 7.286E-01 4.983E+07 7.254E+07 4.983E+07 8.388E-17 1.443E-12 2.309E-17 4.848E+08
  2.325E+06 8.641E+00 2.234E-05 1.377E-02 7.393E-01 4.735E+07 6.446E+07 4.735E+07 2.332E-16 6.935E-13 1.109E-17 3.791E+08
  2.425E+06 7.758E+00 2.047E-05 1.460E-02 7.503E-01 4.492E+07 5.739E+07 4.492E+07 6.698E-16 3.324E-13 5.307E-18 2.958E+08
  2.525E+06 7.075E+00 1.873E-05 1.549E-02 7.604E-01 4.261E+07 5.127E+07 4.261E+07 1.838E-15 1.591E-13 2.516E-18 2.299E+08
  2.625E+06 6.567E+00 1.710E-05 1.641E-02 7.708E-01 4.049E+07 4.649E+07 4.049E+07 5.264E-15 7.907E-14 1.181E-18 1.774E+08
  2.725E+06 6.215E+00 1.556E-05 1.734E-02 7.814E-01 3.860E+07 4.228E+07 3.860E+07 1.588E-14 5.096E-14 5.614E-19 1.354E+08
  2.825E+06 6.014E+00 1.410E-05 1.825E-02 7.917E-01 3.697E+07 3.796E+07 3.697E+07 4.906E-14 6.912E-14 3.209E-19 1.022E+08
  2.925E+06 5.954E+00 1.273E-05 1.912E-02 8.018E-01 3.562E+07 3.569E+07 3.562E+07 1.601E-13 1.572E-13-4.700E-20 7.602E+07
  3.025E+06 6.304E+00 1.126E-05 1.962E-02 8.114E-01 3.508E+07 3.312E+07 3.312E+07 5.317E-13 2.142E-13-5.080E-18 5.326E+07
  3.125E+06 6.665E+00 1.000E-05 2.020E-02 8.217E-01 3.446E+07 3.029E+07 3.158E+07 1.923E-12 2.384E-13-2.696E-17 3.780E+07
  3.225E+06 4.942E+00 1.000E-05 2.343E-02 8.332E-01 3.009E+07 2.855E+07 4.165E+07 7.460E-12 2.491E-13-1.154E-16 3.833E+07
  3.325E+06 3.638E+00 1.000E-05 2.713E-02 8.448E-01 2.633E+07 2.685E+07 5.549E+07 2.846E-11 2.540E-13-4.512E-16 3.886E+07
  3.425E+06 2.664E+00 1.000E-05 3.136E-02 8.561E-01 2.308E+07 2.495E+07 7.448E+07 1.011E-10 2.564E-13-1.614E-15 3.938E+07
  3.525E+06 1.940E+00 1.000E-05 3.620E-02 8.681E-01 2.026E+07 2.338E+07 1.007E+08 3.212E-10 2.575E-13-5.135E-15 3.993E+07
  3.625E+06 1.407E+00 1.000E-05 4.172E-02 8.803E-01 1.780E+07 2.121E+07 1.370E+08 9.239E-10 2.580E-13-1.478E-14 4.049E+07
  3.725E+06 1.021E+00 1.000E-05 4.799E-02 8.919E-01 1.565E+07 1.946E+07 1.866E+08 2.439E-09 2.582E-13-3.902E-14 4.103E+07
  3.825E+06 7.388E-01 1.000E-05 5.511E-02 9.027E-01 1.377E+07 1.800E+07 2.552E+08 5.652E-09 2.583E-13-9.043E-14 4.153E+07
  3.925E+06 5.343E-01 1.000E-05 6.316E-02 9.124E-01 1.212E+07 1.627E+07 3.499E+08 1.064E-08 2.583E-13-1.702E-13 4.197E+07
  4.025E+06 3.869E-01 1.000E-05 7.223E-02 9.203E-01 1.066E+07 1.483E+07 4.801E+08 1.771E-08 2.582E-13-2.833E-13 4.233E+07
  4.125E+06 2.800E-01 1.000E-05 8.245E-02 9.261E-01 9.376E+06 1.358E+07 6.606E+08 2.562E-08 2.581E-13-4.100E-13 4.260E+07
  4.225E+06 2.026E-01 1.000E-05 9.394E-02 9.297E-01 8.236E+06 1.222E+07 9.111E+08 3.199E-08 2.580E-13-5.118E-13 4.277E+07
  4.325E+06 1.468E-01 1.000E-05 1.069E-01 9.310E-01 7.226E+06 1.085E+07 1.257E+09 3.446E-08 2.579E-13-5.514E-13 4.283E+07
  4.425E+06 1.066E-01 1.000E-05 1.215E-01 9.304E-01 6.331E+06 9.545E+06 1.734E+09 3.283E-08 2.578E-13-5.252E-13 4.280E+07
  4.525E+06 7.714E-02 1.000E-05 1.381E-01 9.287E-01 5.539E+06 8.739E+06 2.404E+09 2.906E-08 2.576E-13-4.649E-13 4.272E+07
  4.625E+06 5.542E-02 1.000E-05 1.571E-01 9.270E-01 4.843E+06 7.622E+06 3.355E+09 2.567E-08 2.575E-13-4.107E-13 4.264E+07
  4.725E+06 3.968E-02 1.000E-05 1.789E-01 9.254E-01 4.231E+06 6.824E+06 4.700E+09 2.284E-08 2.573E-13-3.654E-13 4.257E+07
  4.825E+06 2.818E-02 1.000E-05 2.039E-01 9.237E-01 3.694E+06 6.164E+06 6.639E+09 2.016E-08 2.572E-13-3.225E-13 4.249E+07
  4.925E+06 1.984E-02 1.000E-05 2.324E-01 9.221E-01 3.223E+06 5.501E+06 9.458E+09 1.782E-08 2.571E-13-2.851E-13 4.242E+07
  5.025E+06 1.386E-02 1.000E-05 2.652E-01 9.205E-01 2.809E+06 4.956E+06 1.358E+10 1.572E-08 2.569E-13-2.516E-13 4.234E+07
  5.125E+06 9.576E-03 1.000E-05 3.028E-01 9.188E-01 2.447E+06 4.501E+06 1.972E+10 1.378E-08 2.567E-13-2.204E-13 4.226E+07
  5.225E+06 6.529E-03 1.000E-05 3.461E-01 9.171E-01 2.130E+06 4.115E+06 2.901E+10 1.208E-08 2.566E-13-1.933E-13 4.219E+07
  5.325E+06 4.381E-03 1.000E-05 3.958E-01 9.153E-01 1.852E+06 3.783E+06 4.338E+10 1.056E-08 2.564E-13-1.689E-13 4.211E+07
  5.425E+06 2.885E-03 1.000E-05 4.529E-01 9.135E-01 1.609E+06 3.495E+06 6.608E+10 9.169E-09 2.562E-13-1.467E-13 4.202E+07
  5.525E+06 1.860E-03 1.000E-05 5.188E-01 9.118E-01 1.397E+06 3.243E+06 1.029E+11 7.968E-09 2.560E-13-1.275E-13 4.194E+07
  5.625E+06 1.169E-03 1.000E-05 5.947E-01 9.100E-01 1.212E+06 3.020E+06 1.641E+11 6.882E-09 2.558E-13-1.101E-13 4.186E+07
  5.725E+06 7.150E-04 1.000E-05 6.822E-01 9.081E-01 1.051E+06 2.822E+06 2.693E+11 5.914E-09 2.555E-13-9.461E-14 4.177E+07
  5.825E+06 4.234E-04 1.000E-05 7.833E-01 9.062E-01 9.098E+05 2.645E+06 4.565E+11 5.083E-09 2.553E-13-8.133E-14 4.169E+07
  5.925E+06 2.418E-04 1.000E-05 9.000E-01 9.042E-01 7.872E+05 2.485E+06 8.022E+11 4.327E-09 2.550E-13-6.923E-14 4.159E+07
  6.025E+06 1.325E-04 1.000E-05 1.035E+00 9.023E-01 6.805E+05 2.340E+06 1.469E+12 3.672E-09 2.547E-13-5.874E-14 4.150E+07
  6.125E+06 6.924E-05 1.000E-05 1.191E+00 9.004E-01 5.877E+05 2.208E+06 2.821E+12 3.088E-09 2.544E-13-4.940E-14 4.142E+07
  6.225E+06 3.432E-05 1.000E-05 1.372E+00 8.984E-01 5.071E+05 2.088E+06 5.712E+12 2.550E-09 2.540E-13-4.080E-14 4.133E+07
  6.325E+06 1.600E-05 1.000E-05 1.583E+00 8.966E-01 4.371E+05 1.977E+06 1.229E+13 2.082E-09 2.536E-13-3.331E-14 4.124E+07
  6.425E+06 6.964E-06 1.000E-05 1.827E+00 8.949E-01 3.764E+05 1.876E+06 2.835E+13 1.699E-09 2.531E-13-2.718E-14 4.117E+07
  6.525E+06 2.800E-06 1.000E-05 2.110E+00 8.931E-01 3.238E+05 1.782E+06 7.077E+13 1.373E-09 2.527E-13-2.196E-14 4.108E+07
  6.625E+06 1.028E-06 1.000E-05 2.440E+00 8.915E-01 2.783E+05 1.696E+06 1.934E+14 1.117E-09 2.521E-13-1.787E-14 4.101E+07
  6.725E+06 3.403E-07 1.000E-05 2.825E+00 8.900E-01 2.390E+05 1.616E+06 5.865E+14 9.092E-10 2.515E-13-1.454E-14 4.094E+07
  6.825E+06 9.985E-08 1.000E-05 3.273E+00 8.885E-01 2.050E+05 1.542E+06 2.006E+15 7.410E-10 2.508E-13-1.185E-14 4.087E+07
  6.925E+06 2.548E-08 1.000E-05 3.796E+00 8.873E-01 1.757E+05 1.473E+06 7.886E+15 6.128E-10 2.501E-13-9.800E-15 4.081E+07
  7.025E+06 5.527E-09 1.000E-05 4.408E+00 8.862E-01 1.504E+05 1.409E+06 3.648E+16 5.104E-10 2.493E-13-8.163E-15 4.076E+07
  7.125E+06 9.895E-10 1.000E-05 5.123E+00 8.853E-01 1.287E+05 1.350E+06 2.044E+17 4.308E-10 2.483E-13-6.889E-15 4.072E+07
  7.225E+06 1.410E-10 1.000E-05 5.960E+00 8.848E-01 1.100E+05 1.295E+06 1.439E+18 3.724E-10 2.473E-13-5.954E-15 4.070E+07
  7.325E+06 1.525E-11 1.000E-05 6.940E+00 8.845E-01 9.396E+04 1.243E+06 1.335E+19 3.272E-10 2.461E-13-5.230E-15 4.069E+07
  7.425E+06 1.159E-12 1.000E-05 8.103E+00 8.883E-01 8.047E+04 1.208E+06 1.755E+20 4.351E-10 2.448E-13-6.958E-15 4.086E+07
  7.525E+06 5.669E-14 1.000E-05 9.461E+00 8.926E-01 6.893E+04 1.175E+06 3.584E+21 6.062E-10 2.433E-13-9.695E-15 4.106E+07
  7.625E+06 1.539E-15 1.000E-05 1.105E+01 8.970E-01 5.905E+04 1.144E+06 1.319E+23 8.513E-10 2.417E-13-1.362E-14 4.126E+07
  7.725E+06 1.744E-17 1.000E-05 1.290E+01 9.022E-01 5.057E+04 1.115E+06 1.162E+25 1.174E-09 2.398E-13-1.877E-14 4.150E+07
  7.825E+06 3.668E-20 1.000E-05 1.508E+01 9.083E-01 4.329E+04 1.087E+06 5.519E+27 1.552E-09 2.377E-13-2.483E-14 4.178E+07
  7.925E+06 1.234E-23 1.000E-05 1.762E+01 9.147E-01 3.706E+04 1.061E+06 1.638E+31 2.064E-09 2.354E-13-3.302E-14 4.208E+07
  8.025E+06 8.064E-26 1.000E-05 2.059E+01 9.213E-01 3.172E+04 1.049E+06 2.503E+33 2.755E-09 2.328E-13-4.408E-14 4.238E+07
  8.125E+06 2.318E-28 1.000E-05 2.407E+01 9.281E-01 2.715E+04 1.049E+06 8.694E+35 3.692E-09 2.298E-13-5.906E-14 4.269E+07
  8.225E+06 2.550E-31 1.000E-05 2.813E+01 9.351E-01 2.324E+04 1.050E+06 7.889E+38 4.964E-09 2.263E-13-7.942E-14 4.302E+07
  8.325E+06 5.105E-32 1.000E-05 3.286E+01 9.414E-01 1.991E+04 1.051E+06 3.935E+39 6.582E-09 2.224E-13-1.053E-13 4.330E+07
  8.425E+06 4.382E-32 1.000E-05 3.827E+01 9.414E-01 1.710E+04 1.052E+06 4.585E+39 7.668E-09 2.180E-13-1.227E-13 4.330E+07
  8.525E+06 3.761E-32 1.000E-05 4.457E+01 9.414E-01 1.469E+04 1.054E+06 5.341E+39 8.934E-09 2.130E-13-1.429E-13 4.330E+07
  8.625E+06 3.229E-32 1.000E-05 5.191E+01 9.414E-01 1.262E+04 1.055E+06 6.222E+39 1.041E-08 2.074E-13-1.665E-13 4.330E+07
  8.725E+06 2.772E-32 1.000E-05 6.044E+01 9.414E-01 1.085E+04 1.057E+06 7.247E+39 1.212E-08 2.011E-13-1.939E-13 4.330E+07
  8.825E+06 2.380E-32 1.000E-05 7.037E+01 9.414E-01 9.328E+03 1.059E+06 8.440E+39 1.412E-08 1.940E-13-2.259E-13 4.330E+07
  8.925E+06 2.044E-32 1.000E-05 8.192E+01 9.414E-01 8.021E+03 1.061E+06 9.828E+39 1.644E-08 1.863E-13-2.630E-13 4.330E+07
  9.025E+06 1.756E-32 1.000E-05 9.534E+01 9.414E-01 6.900E+03 1.063E+06 1.144E+40 1.914E-08 1.778E-13-3.062E-13 4.330E+07
  9.125E+06 1.508E-32 1.000E-05 1.109E+02 9.414E-01 5.937E+03 1.066E+06 1.332E+40 2.228E-08 1.686E-13-3.564E-13 4.330E+07
  9.225E+06 1.296E-32 1.000E-05 1.291E+02 9.414E-01 5.110E+03 1.069E+06 1.550E+40 2.593E-08 1.588E-13-4.148E-13 4.330E+07
  9.325E+06 1.114E-32 1.000E-05 1.501E+02 9.414E-01 4.399E+03 1.072E+06 1.804E+40 3.017E-08 1.482E-13-4.827E-13 4.330E+07
  9.425E+06 9.576E-33 1.000E-05 1.746E+02 9.414E-01 3.789E+03 1.075E+06 2.098E+40 3.509E-08 1.372E-13-5.615E-13 4.330E+07
  9.525E+06 8.234E-33 1.000E-05 2.030E+02 9.414E-01 3.264E+03 1.079E+06 2.440E+40 4.081E-08 1.257E-13-6.530E-13 4.330E+07
  9.625E+06 7.082E-33 1.000E-05 2.359E+02 9.414E-01 2.813E+03 1.082E+06 2.837E+40 4.745E-08 1.140E-13-7.592E-13 4.330E+07
  9.725E+06 6.092E-33 1.000E-05 2.742E+02 9.414E-01 2.425E+03 1.086E+06 3.298E+40 5.515E-08 1.022E-13-8.825E-13 4.330E+07
  9.825E+06 5.243E-33 1.000E-05 3.185E+02 9.414E-01 2.091E+03 1.090E+06 3.832E+40 6.409E-08 9.057E-14-1.026E-12 4.330E+07
  9.925E+06 4.512E-33 1.000E-05 3.699E+02 9.414E-01 1.803E+03 1.093E+06 4.452E+40 7.447E-08 7.923E-14-1.191E-12 4.330E+07

 S8 AEROSOL PARAMETERS

    Z        AERSOL     RPAR      WFALL     TAUSED    TAUEDD    TAUC      CONVER
  2.500E+04 1.227E-26 1.000E-05 4.739E-04 1.809E+09 7.349E+06 1.561E+35 2.030E+07
  1.250E+05 1.112E-26 1.000E-05 5.060E-04 1.661E+09 7.069E+06 1.650E+35 2.030E+07
  2.250E+05 1.006E-26 1.000E-05 5.432E-04 1.516E+09 6.779E+06 1.739E+35 2.030E+07
  3.250E+05 9.088E-27 1.000E-05 5.862E-04 1.375E+09 6.492E+06 1.830E+35 2.030E+07
  4.250E+05 8.205E-27 1.000E-05 6.362E-04 1.237E+09 6.194E+06 1.920E+35 2.030E+07
  5.250E+05 7.409E-27 1.000E-05 6.948E-04 1.103E+09 5.871E+06 2.011E+35 2.030E+07
  6.250E+05 6.693E-27 1.000E-05 7.640E-04 9.727E+08 5.522E+06 2.100E+35 2.030E+07
  7.250E+05 6.044E-27 1.000E-05 8.463E-04 8.481E+08 5.151E+06 2.190E+35 2.030E+07
  8.250E+05 5.451E-27 1.000E-05 9.451E-04 7.309E+08 4.771E+06 2.279E+35 2.030E+07
  9.250E+05 4.902E-27 1.000E-05 1.065E-03 6.226E+08 4.393E+06 2.368E+35 2.030E+07
  1.025E+06 4.366E-27 1.000E-05 1.209E-03 5.278E+08 5.091E+06 2.461E+35 2.030E+07
  1.125E+06 3.756E-27 1.000E-05 1.375E-03 4.613E+08 1.340E+07 2.573E+35 2.030E+07
  1.225E+06 3.221E-27 1.000E-05 1.570E-03 4.023E+08 2.345E+07 2.687E+35 2.030E+07
  1.325E+06 2.755E-27 1.000E-05 1.799E-03 3.503E+08 4.966E+07 2.806E+35 2.030E+07
  1.425E+06 2.350E-27 1.000E-05 2.069E-03 3.049E+08 6.857E+07 2.931E+35 2.030E+07
  1.525E+06 2.002E-27 1.000E-05 2.385E-03 2.650E+08 8.683E+07 3.065E+35 2.030E+07
  1.625E+06 1.705E-27 1.000E-05 2.755E-03 2.301E+08 1.004E+08 3.210E+35 2.030E+07
  1.725E+06 1.453E-27 1.000E-05 3.187E-03 1.994E+08 1.036E+08 3.371E+35 2.030E+07
  1.825E+06 1.239E-27 1.000E-05 3.693E-03 1.726E+08 1.042E+08 3.552E+35 2.030E+07
  1.925E+06 1.056E-27 1.000E-05 4.282E-03 1.494E+08 9.980E+07 3.759E+35 2.030E+07
  2.025E+06 8.998E-28 1.000E-05 4.970E-03 1.292E+08 8.968E+07 3.996E+35 2.030E+07
  2.125E+06 7.669E-28 1.000E-05 5.770E-03 1.118E+08 8.165E+07 4.273E+35 2.030E+07
  2.225E+06 6.540E-28 1.000E-05 6.700E-03 9.681E+07 7.254E+07 4.597E+35 2.030E+07
  2.325E+06 5.578E-28 1.000E-05 7.780E-03 8.384E+07 6.446E+07 4.979E+35 2.030E+07
  2.425E+06 4.761E-28 1.000E-05 9.032E-03 7.264E+07 5.739E+07 5.430E+35 2.030E+07
  2.525E+06 4.066E-28 1.000E-05 1.048E-02 6.298E+07 5.127E+07 5.964E+35 2.030E+07
  2.625E+06 3.474E-28 1.000E-05 1.216E-02 5.466E+07 4.649E+07 6.598E+35 2.030E+07
  2.725E+06 2.969E-28 1.000E-05 1.410E-02 4.749E+07 4.228E+07 7.350E+35 2.030E+07
  2.825E+06 2.539E-28 1.000E-05 1.633E-02 4.133E+07 3.796E+07 8.242E+35 2.030E+07
  2.925E+06 2.172E-28 1.000E-05 1.890E-02 3.604E+07 3.569E+07 9.295E+35 2.030E+07
  3.025E+06 1.858E-28 1.000E-05 2.185E-02 3.150E+07 3.312E+07 1.054E+36 2.030E+07
  3.125E+06 1.590E-28 1.000E-05 2.523E-02 2.759E+07 3.029E+07 1.199E+36 2.030E+07
  3.225E+06 1.362E-28 1.000E-05 2.910E-02 2.422E+07 2.855E+07 1.369E+36 2.030E+07
  3.325E+06 1.168E-28 1.000E-05 3.351E-02 2.131E+07 2.685E+07 1.567E+36 2.030E+07
  3.425E+06 1.003E-28 1.000E-05 3.852E-02 1.879E+07 2.495E+07 1.795E+36 2.030E+07
  3.525E+06 8.632E-29 1.000E-05 4.422E-02 1.659E+07 2.338E+07 2.057E+36 2.030E+07
  3.625E+06 7.447E-29 1.000E-05 5.067E-02 1.466E+07 2.121E+07 2.356E+36 2.030E+07
  3.725E+06 6.441E-29 1.000E-05 5.798E-02 1.296E+07 1.946E+07 2.697E+36 2.030E+07
  3.825E+06 5.587E-29 1.000E-05 6.624E-02 1.146E+07 1.800E+07 3.083E+36 2.030E+07
  3.925E+06 4.860E-29 1.000E-05 7.557E-02 1.013E+07 1.627E+07 3.521E+36 2.030E+07
  4.025E+06 4.242E-29 1.000E-05 8.612E-02 8.943E+06 1.483E+07 4.015E+36 2.030E+07
  4.125E+06 3.713E-29 1.000E-05 9.803E-02 7.885E+06 1.358E+07 4.572E+36 2.030E+07
  4.225E+06 3.261E-29 1.000E-05 1.115E-01 6.938E+06 1.222E+07 5.198E+36 2.030E+07
  4.325E+06 2.871E-29 1.000E-05 1.268E-01 6.091E+06 1.085E+07 5.905E+36 2.030E+07
  4.425E+06 2.533E-29 1.000E-05 1.442E-01 5.335E+06 9.545E+06 6.704E+36 2.030E+07
  4.525E+06 2.236E-29 1.000E-05 1.641E-01 4.664E+06 8.739E+06 7.611E+36 2.030E+07
  4.625E+06 1.973E-29 1.000E-05 1.868E-01 4.075E+06 7.622E+06 8.649E+36 2.030E+07
  4.725E+06 1.739E-29 1.000E-05 2.128E-01 3.557E+06 6.824E+06 9.836E+36 2.030E+07
  4.825E+06 1.532E-29 1.000E-05 2.427E-01 3.103E+06 6.164E+06 1.119E+37 2.030E+07
  4.925E+06 1.348E-29 1.000E-05 2.769E-01 2.705E+06 5.501E+06 1.275E+37 2.030E+07
  5.025E+06 1.186E-29 1.000E-05 3.162E-01 2.356E+06 4.956E+06 1.453E+37 2.030E+07
  5.125E+06 1.043E-29 1.000E-05 3.613E-01 2.051E+06 4.501E+06 1.658E+37 2.030E+07
  5.225E+06 9.161E-30 1.000E-05 4.132E-01 1.784E+06 4.115E+06 1.892E+37 2.030E+07
  5.325E+06 8.043E-30 1.000E-05 4.729E-01 1.550E+06 3.783E+06 2.162E+37 2.030E+07
  5.425E+06 7.055E-30 1.000E-05 5.417E-01 1.346E+06 3.495E+06 2.471E+37 2.030E+07
  5.525E+06 6.185E-30 1.000E-05 6.210E-01 1.167E+06 3.243E+06 2.827E+37 2.030E+07
  5.625E+06 5.418E-30 1.000E-05 7.124E-01 1.012E+06 3.020E+06 3.237E+37 2.030E+07
  5.725E+06 4.743E-30 1.000E-05 8.180E-01 8.762E+05 2.822E+06 3.709E+37 2.030E+07
  5.825E+06 4.148E-30 1.000E-05 9.399E-01 7.581E+05 2.645E+06 4.253E+37 2.030E+07
  5.925E+06 3.626E-30 1.000E-05 1.081E+00 6.554E+05 2.485E+06 4.880E+37 2.030E+07
  6.025E+06 3.167E-30 1.000E-05 1.244E+00 5.660E+05 2.340E+06 5.605E+37 2.030E+07
  6.125E+06 2.764E-30 1.000E-05 1.433E+00 4.884E+05 2.208E+06 6.443E+37 2.030E+07
  6.225E+06 2.410E-30 1.000E-05 1.653E+00 4.210E+05 2.088E+06 7.411E+37 2.030E+07
  6.325E+06 2.100E-30 1.000E-05 1.908E+00 3.626E+05 1.977E+06 8.533E+37 2.030E+07
  6.425E+06 1.828E-30 1.000E-05 2.204E+00 3.120E+05 1.876E+06 9.833E+37 2.030E+07
  6.525E+06 1.590E-30 1.000E-05 2.548E+00 2.682E+05 1.782E+06 1.134E+38 2.030E+07
  6.625E+06 1.382E-30 1.000E-05 2.949E+00 2.303E+05 1.696E+06 1.309E+38 2.030E+07
  6.725E+06 1.200E-30 1.000E-05 3.416E+00 1.976E+05 1.616E+06 1.513E+38 2.030E+07
  6.825E+06 1.041E-30 1.000E-05 3.960E+00 1.694E+05 1.542E+06 1.749E+38 2.030E+07
  6.925E+06 9.020E-31 1.000E-05 4.596E+00 1.451E+05 1.473E+06 2.025E+38 2.030E+07
  7.025E+06 7.809E-31 1.000E-05 5.339E+00 1.242E+05 1.409E+06 2.346E+38 2.030E+07
  7.125E+06 6.753E-31 1.000E-05 6.207E+00 1.062E+05 1.350E+06 2.721E+38 2.030E+07
  7.225E+06 5.834E-31 1.000E-05 7.224E+00 9.076E+04 1.295E+06 3.159E+38 2.030E+07
  7.325E+06 5.035E-31 1.000E-05 8.413E+00 7.751E+04 1.243E+06 3.671E+38 2.030E+07
  7.425E+06 4.322E-31 1.000E-05 9.805E+00 6.650E+04 1.208E+06 4.278E+38 2.030E+07
  7.525E+06 3.707E-31 1.000E-05 1.143E+01 5.708E+04 1.175E+06 4.987E+38 2.030E+07
  7.625E+06 3.180E-31 1.000E-05 1.332E+01 4.900E+04 1.144E+06 5.813E+38 2.030E+07
  7.725E+06 2.728E-31 1.000E-05 1.552E+01 4.206E+04 1.115E+06 6.776E+38 2.030E+07
  7.825E+06 2.341E-31 1.000E-05 1.808E+01 3.611E+04 1.087E+06 7.898E+38 2.030E+07
  7.925E+06 2.008E-31 1.000E-05 2.106E+01 3.100E+04 1.061E+06 9.205E+38 2.030E+07
  8.025E+06 1.723E-31 1.000E-05 2.454E+01 2.662E+04 1.049E+06 1.073E+39 2.030E+07
  8.125E+06 1.479E-31 1.000E-05 2.859E+01 2.286E+04 1.049E+06 1.250E+39 2.030E+07
  8.225E+06 1.269E-31 1.000E-05 3.331E+01 1.963E+04 1.050E+06 1.457E+39 2.030E+07
  8.325E+06 1.089E-31 1.000E-05 3.880E+01 1.686E+04 1.051E+06 1.698E+39 2.030E+07
  8.425E+06 9.347E-32 1.000E-05 4.519E+01 1.448E+04 1.052E+06 1.978E+39 2.030E+07
  8.525E+06 8.023E-32 1.000E-05 5.263E+01 1.244E+04 1.054E+06 2.304E+39 2.030E+07
  8.625E+06 6.888E-32 1.000E-05 6.129E+01 1.069E+04 1.055E+06 2.684E+39 2.030E+07
  8.725E+06 5.913E-32 1.000E-05 7.137E+01 9.189E+03 1.057E+06 3.127E+39 2.030E+07
  8.825E+06 5.077E-32 1.000E-05 8.309E+01 7.900E+03 1.059E+06 3.641E+39 2.030E+07
  8.925E+06 4.360E-32 1.000E-05 9.672E+01 6.793E+03 1.061E+06 4.240E+39 2.030E+07
  9.025E+06 3.745E-32 1.000E-05 1.126E+02 5.843E+03 1.063E+06 4.936E+39 2.030E+07
  9.125E+06 3.218E-32 1.000E-05 1.310E+02 5.028E+03 1.066E+06 5.746E+39 2.030E+07
  9.225E+06 2.765E-32 1.000E-05 1.524E+02 4.328E+03 1.069E+06 6.687E+39 2.030E+07
  9.325E+06 2.376E-32 1.000E-05 1.773E+02 3.726E+03 1.072E+06 7.781E+39 2.030E+07
  9.425E+06 2.043E-32 1.000E-05 2.061E+02 3.209E+03 1.075E+06 9.051E+39 2.030E+07
  9.525E+06 1.756E-32 1.000E-05 2.397E+02 2.765E+03 1.079E+06 1.053E+40 2.030E+07
  9.625E+06 1.511E-32 1.000E-05 2.786E+02 2.383E+03 1.082E+06 1.224E+40 2.030E+07
  9.725E+06 1.300E-32 1.000E-05 3.237E+02 2.054E+03 1.086E+06 1.423E+40 2.030E+07
  9.825E+06 1.118E-32 1.000E-05 3.761E+02 1.771E+03 1.090E+06 1.653E+40 2.030E+07
  9.925E+06 9.626E-33 1.000E-05 4.368E+02 1.527E+03 1.093E+06 1.921E+40 2.030E+07


 PHOTOLYSIS RATES

     Z      PO2_O1D    PO2_O3P    PH2O_1     PH2O_2     PH2O_3     PO3_O1D    PO3_O      PO3_3O     
 2.50E+04   0.00E+00   9.44E-24   2.82E-24   0.00E+00   0.00E+00   6.85E-06   2.03E-04   1.20E-24
 1.75E+05   0.00E+00   3.97E-22   2.21E-22   0.00E+00   0.00E+00   7.93E-06   2.09E-04   3.36E-21
 3.25E+05   0.00E+00   1.17E-20   1.08E-20   0.00E+00   0.00E+00   8.86E-06   2.15E-04   1.10E-18
 4.75E+05   0.00E+00   2.26E-19   2.96E-19   0.00E+00   0.00E+00   9.66E-06   2.20E-04   7.24E-17
 6.25E+05   0.00E+00   2.93E-18   4.81E-18   0.00E+00   0.00E+00   1.03E-05   2.26E-04   1.76E-15
 7.75E+05   0.00E+00   2.68E-17   5.14E-17   0.00E+00   0.00E+00   1.10E-05   2.30E-04   2.35E-14
 9.25E+05   0.00E+00   1.83E-16   3.95E-16   0.00E+00   0.00E+00   1.16E-05   2.35E-04   2.10E-13
 1.08E+06   0.00E+00   9.57E-16   2.27E-15   0.00E+00   0.00E+00   1.22E-05   2.39E-04   1.36E-12
 1.22E+06   0.00E+00   3.77E-15   9.71E-15   0.00E+00   0.00E+00   1.30E-05   2.42E-04   6.36E-12
 1.38E+06   0.00E+00   1.20E-14   3.29E-14   0.00E+00   0.00E+00   1.38E-05   2.46E-04   2.32E-11
 1.52E+06   0.00E+00   3.32E-14   9.60E-14   0.00E+00   0.00E+00   1.48E-05   2.50E-04   7.16E-11
 1.68E+06   0.00E+00   8.52E-14   2.57E-13   0.00E+00   0.00E+00   1.63E-05   2.54E-04   1.99E-10
 1.82E+06   0.00E+00   2.07E-13   6.49E-13   0.00E+00   0.00E+00   1.85E-05   2.58E-04   5.14E-10
 1.98E+06   0.00E+00   4.81E-13   1.57E-12   0.00E+00   0.00E+00   2.17E-05   2.61E-04   1.24E-09
 2.12E+06   0.00E+00   1.06E-12   3.61E-12   0.00E+00   0.00E+00   2.62E-05   2.64E-04   2.79E-09
 2.28E+06   0.00E+00   2.21E-12   7.84E-12   0.00E+00   0.00E+00   3.24E-05   2.68E-04   5.83E-09
 2.42E+06   0.00E+00   4.32E-12   1.60E-11   0.00E+00   0.00E+00   4.11E-05   2.71E-04   1.13E-08
 2.58E+06   2.64-154   7.96E-12   3.04E-11   1.20-151   1.80-151   5.31E-05   2.74E-04   2.03E-08
 2.72E+06   3.46-126   1.39E-11   5.43E-11   1.57-123   2.35-123   6.99E-05   2.78E-04   3.39E-08
 2.88E+06   8.66-104   2.29E-11   9.20E-11   3.92-101   5.88-101   9.32E-05   2.82E-04   5.28E-08
 3.02E+06   5.60E-86   3.59E-11   1.49E-10   2.54E-83   3.80E-83   1.25E-04   2.87E-04   7.73E-08
 3.18E+06   7.65E-72   5.36E-11   2.34E-10   3.47E-69   5.20E-69   1.69E-04   2.94E-04   1.07E-07
 3.32E+06   1.24E-60   7.67E-11   3.57E-10   5.60E-58   8.39E-58   2.27E-04   3.01E-04   1.41E-07
 3.48E+06   9.67E-52   1.05E-10   5.26E-10   4.38E-49   6.57E-49   3.06E-04   3.11E-04   1.79E-07
 3.62E+06   1.15E-44   1.39E-10   7.45E-10   5.20E-42   7.80E-42   4.17E-04   3.24E-04   2.18E-07
 3.78E+06   5.06E-39   1.78E-10   1.01E-09   2.29E-36   3.44E-36   5.82E-04   3.43E-04   2.58E-07
 3.92E+06   1.68E-34   2.19E-10   1.33E-09   7.59E-32   1.14E-31   8.32E-04   3.71E-04   2.97E-07
 4.08E+06   7.38E-31   2.61E-10   1.68E-09   3.34E-28   5.01E-28   1.18E-03   4.10E-04   3.35E-07
 4.22E+06   6.93E-28   3.00E-10   2.06E-09   3.14E-25   4.70E-25   1.59E-03   4.55E-04   3.70E-07
 4.38E+06   2.01E-25   3.36E-10   2.47E-09   9.12E-23   1.37E-22   2.01E-03   5.03E-04   4.03E-07
 4.52E+06   2.36E-23   3.70E-10   2.91E-09   1.07E-20   1.60E-20   2.40E-03   5.47E-04   4.35E-07
 4.68E+06   1.29E-21   4.02E-10   3.42E-09   5.86E-19   8.79E-19   2.74E-03   5.85E-04   4.65E-07
 4.82E+06   3.70E-20   4.33E-10   4.03E-09   1.67E-17   2.51E-17   3.02E-03   6.16E-04   4.93E-07
 4.98E+06   6.01E-19   4.66E-10   4.80E-09   2.72E-16   4.08E-16   3.23E-03   6.40E-04   5.20E-07
 5.12E+06   6.03E-18   5.02E-10   5.79E-09   2.73E-15   4.10E-15   3.39E-03   6.58E-04   5.47E-07
 5.28E+06   4.04E-17   5.41E-10   7.05E-09   1.83E-14   2.74E-14   3.51E-03   6.71E-04   5.73E-07
 5.42E+06   1.92E-16   5.84E-10   8.58E-09   8.70E-14   1.31E-13   3.59E-03   6.81E-04   5.98E-07
 5.58E+06   6.92E-16   6.31E-10   1.04E-08   3.13E-13   4.69E-13   3.66E-03   6.88E-04   6.22E-07
 5.72E+06   2.05E-15   6.83E-10   1.24E-08   9.06E-13   1.36E-12   3.70E-03   6.92E-04   6.46E-07
 5.88E+06   6.46E-15   7.42E-10   1.47E-08   2.46E-12   3.69E-12   3.73E-03   6.96E-04   6.69E-07
 6.02E+06   3.24E-14   8.11E-10   1.72E-08   8.83E-12   1.33E-11   3.75E-03   6.98E-04   6.91E-07
 6.18E+06   1.99E-13   8.91E-10   2.03E-08   4.39E-11   6.59E-11   3.76E-03   7.00E-04   7.13E-07
 6.32E+06   1.01E-12   9.87E-10   2.47E-08   2.08E-10   3.13E-10   3.77E-03   7.01E-04   7.36E-07
 6.48E+06   3.98E-12   1.10E-09   3.29E-08   7.96E-10   1.19E-09   3.77E-03   7.02E-04   7.64E-07
 6.62E+06   1.23E-11   1.26E-09   4.98E-08   2.43E-09   3.64E-09   3.78E-03   7.02E-04   8.07E-07
 6.78E+06   3.13E-11   1.46E-09   8.29E-08   6.06E-09   9.09E-09   3.78E-03   7.03E-04   8.77E-07
 6.92E+06   6.72E-11   1.75E-09   1.41E-07   1.28E-08   1.92E-08   3.78E-03   7.03E-04   9.91E-07
 7.08E+06   1.25E-10   2.15E-09   2.31E-07   2.36E-08   3.54E-08   3.78E-03   7.03E-04   1.16E-06
 7.22E+06   2.08E-10   2.70E-09   3.56E-07   3.88E-08   5.82E-08   3.78E-03   7.03E-04   1.39E-06
 7.38E+06   3.14E-10   3.43E-09   5.14E-07   5.79E-08   8.69E-08   3.78E-03   7.03E-04   1.68E-06
 7.52E+06   4.36E-10   4.36E-09   6.95E-07   7.98E-08   1.20E-07   3.78E-03   7.03E-04   2.00E-06
 7.68E+06   5.68E-10   5.52E-09   8.88E-07   1.03E-07   1.55E-07   3.78E-03   7.03E-04   2.34E-06
 7.82E+06   7.08E-10   6.94E-09   1.09E-06   1.26E-07   1.90E-07   3.78E-03   7.03E-04   2.68E-06
 7.98E+06   8.65E-10   8.65E-09   1.28E-06   1.49E-07   2.23E-07   3.79E-03   7.03E-04   3.02E-06
 8.12E+06   1.07E-09   1.07E-08   1.47E-06   1.70E-07   2.56E-07   3.79E-03   7.03E-04   3.34E-06
 8.28E+06   1.36E-09   1.32E-08   1.66E-06   1.91E-07   2.87E-07   3.79E-03   7.03E-04   3.66E-06
 8.42E+06   1.78E-09   1.63E-08   1.85E-06   2.12E-07   3.18E-07   3.79E-03   7.03E-04   3.98E-06
 8.58E+06   2.41E-09   2.02E-08   2.06E-06   2.33E-07   3.49E-07   3.79E-03   7.03E-04   4.32E-06
 8.72E+06   3.42E-09   2.50E-08   2.27E-06   2.54E-07   3.80E-07   3.79E-03   7.03E-04   4.66E-06
 8.88E+06   5.24E-09   3.07E-08   2.49E-06   2.76E-07   4.11E-07   3.79E-03   7.04E-04   5.01E-06
 9.02E+06   8.91E-09   3.72E-08   2.72E-06   2.97E-07   4.42E-07   3.79E-03   7.04E-04   5.36E-06
 9.18E+06   1.64E-08   4.44E-08   2.97E-06   3.18E-07   4.71E-07   3.79E-03   7.04E-04   5.70E-06
 9.32E+06   3.11E-08   5.19E-08   3.24E-06   3.38E-07   4.99E-07   3.79E-03   7.04E-04   6.04E-06
 9.48E+06   5.92E-08   5.96E-08   3.55E-06   3.57E-07   5.24E-07   3.79E-03   7.04E-04   6.36E-06
 9.62E+06   1.13E-07   6.77E-08   3.92E-06   3.75E-07   5.46E-07   3.79E-03   7.04E-04   6.67E-06
 9.78E+06   2.26E-07   7.70E-08   4.39E-06   3.93E-07   5.67E-07   3.79E-03   7.04E-04   6.99E-06
 9.92E+06   6.34E-07   9.80E-08   5.08E-06   4.13E-07   5.85E-07   3.79E-03   7.04E-04   7.38E-06

     Z      PH2O2      PCO2_1     PCO2_2     PH2CO_1    PH2CO_2    PHO2       PCH4_1     PCH4_2     
 2.50E+04   1.95E-06   9.56E-30   0.00E+00   1.65E-05   9.60E-06   7.12E-18   0.00E+00   0.00E+00
 1.75E+05   2.20E-06   4.69E-26   0.00E+00   1.90E-05   1.12E-05   2.93E-16   0.00E+00   0.00E+00
 3.25E+05   2.40E-06   1.89E-23   0.00E+00   2.11E-05   1.26E-05   8.49E-15   0.00E+00   0.00E+00
 4.75E+05   2.57E-06   1.33E-21   0.00E+00   2.31E-05   1.39E-05   1.61E-13   0.00E+00   0.00E+00
 6.25E+05   2.70E-06   3.33E-20   0.00E+00   2.49E-05   1.51E-05   2.06E-12   0.00E+00   0.00E+00
 7.75E+05   2.80E-06   4.48E-19   0.00E+00   2.65E-05   1.62E-05   1.87E-11   0.00E+00   0.00E+00
 9.25E+05   2.89E-06   4.01E-18   0.00E+00   2.79E-05   1.73E-05   1.27E-10   0.00E+00   0.00E+00
 1.08E+06   2.99E-06   2.60E-17   0.00E+00   2.93E-05   1.82E-05   6.57E-10   0.00E+00   0.00E+00
 1.22E+06   3.11E-06   1.22E-16   0.00E+00   3.04E-05   1.90E-05   2.57E-09   0.00E+00   0.00E+00
 1.38E+06   3.23E-06   4.43E-16   0.00E+00   3.14E-05   1.97E-05   8.09E-09   0.00E+00   0.00E+00
 1.52E+06   3.36E-06   1.37E-15   0.00E+00   3.24E-05   2.05E-05   2.23E-08   0.00E+00   0.00E+00
 1.68E+06   3.50E-06   3.85E-15   0.00E+00   3.33E-05   2.14E-05   5.65E-08   0.00E+00   0.00E+00
 1.82E+06   3.66E-06   1.02E-14   0.00E+00   3.42E-05   2.23E-05   1.36E-07   0.00E+00   0.00E+00
 1.98E+06   3.84E-06   2.59E-14   0.00E+00   3.50E-05   2.32E-05   3.13E-07   0.00E+00   0.00E+00
 2.12E+06   4.07E-06   6.24E-14   0.00E+00   3.58E-05   2.43E-05   6.82E-07   0.00E+00   0.00E+00
 2.28E+06   4.37E-06   1.41E-13   0.00E+00   3.65E-05   2.55E-05   1.40E-06   0.00E+00   0.00E+00
 2.42E+06   4.76E-06   2.98E-13   0.00E+00   3.72E-05   2.69E-05   2.73E-06   0.00E+00   0.00E+00
 2.58E+06   5.28E-06   5.82E-13   5.31-153   3.79E-05   2.83E-05   5.01E-06   4.32-151   8.38-151
 2.72E+06   5.98E-06   1.05E-12   6.95-125   3.87E-05   2.99E-05   8.68E-06   5.65-123   1.10-122
 2.88E+06   6.91E-06   1.78E-12   1.74-102   3.94E-05   3.16E-05   1.43E-05   1.41-100   2.74-100
 3.02E+06   8.12E-06   2.84E-12   1.13E-84   4.01E-05   3.34E-05   2.23E-05   9.14E-83   1.77E-82
 3.18E+06   9.65E-06   4.30E-12   1.54E-70   4.09E-05   3.53E-05   3.32E-05   1.25E-68   2.43E-68
 3.32E+06   1.15E-05   6.20E-12   2.48E-59   4.16E-05   3.71E-05   4.75E-05   2.02E-57   3.92E-57
 3.48E+06   1.38E-05   8.60E-12   1.94E-50   4.23E-05   3.89E-05   6.54E-05   1.58E-48   3.07E-48
 3.62E+06   1.64E-05   1.15E-11   2.31E-43   4.31E-05   4.07E-05   8.71E-05   1.87E-41   3.64E-41
 3.78E+06   1.95E-05   1.48E-11   1.02E-37   4.37E-05   4.23E-05   1.12E-04   8.26E-36   1.60E-35
 3.92E+06   2.32E-05   1.84E-11   3.37E-33   4.44E-05   4.38E-05   1.40E-04   2.74E-31   5.31E-31
 4.08E+06   2.73E-05   2.22E-11   1.48E-29   4.50E-05   4.51E-05   1.68E-04   1.21E-27   2.34E-27
 4.22E+06   3.16E-05   2.62E-11   1.39E-26   4.56E-05   4.61E-05   1.95E-04   1.13E-24   2.20E-24
 4.38E+06   3.56E-05   3.03E-11   4.05E-24   4.60E-05   4.69E-05   2.18E-04   3.29E-22   6.38E-22
 4.52E+06   3.91E-05   3.45E-11   4.73E-22   4.64E-05   4.75E-05   2.38E-04   3.85E-20   7.47E-20
 4.68E+06   4.21E-05   3.90E-11   2.60E-20   4.67E-05   4.80E-05   2.53E-04   2.11E-18   4.10E-18
 4.82E+06   4.44E-05   4.37E-11   7.43E-19   4.69E-05   4.84E-05   2.66E-04   6.04E-17   1.17E-16
 4.98E+06   4.62E-05   4.88E-11   1.21E-17   4.71E-05   4.86E-05   2.75E-04   9.81E-16   1.90E-15
 5.12E+06   4.76E-05   5.45E-11   1.21E-16   4.72E-05   4.88E-05   2.82E-04   9.85E-15   1.91E-14
 5.28E+06   4.86E-05   6.09E-11   8.11E-16   4.73E-05   4.90E-05   2.87E-04   6.59E-14   1.28E-13
 5.42E+06   4.94E-05   6.80E-11   3.86E-15   4.74E-05   4.91E-05   2.91E-04   3.14E-13   6.09E-13
 5.58E+06   4.99E-05   7.57E-11   1.39E-14   4.74E-05   4.91E-05   2.94E-04   1.13E-12   2.19E-12
 5.72E+06   5.03E-05   8.39E-11   4.03E-14   4.74E-05   4.92E-05   2.96E-04   3.28E-12   6.30E-12
 5.88E+06   5.06E-05   9.27E-11   1.12E-13   4.75E-05   4.92E-05   2.98E-04   9.20E-12   1.64E-11
 6.02E+06   5.08E-05   1.02E-10   4.28E-13   4.75E-05   4.92E-05   2.99E-04   3.60E-11   5.20E-11
 6.18E+06   5.10E-05   1.12E-10   2.23E-12   4.75E-05   4.93E-05   3.00E-04   1.91E-10   2.30E-10
 6.32E+06   5.11E-05   1.23E-10   1.08E-11   4.75E-05   4.93E-05   3.01E-04   9.26E-10   1.04E-09
 6.48E+06   5.12E-05   1.34E-10   4.13E-11   4.75E-05   4.93E-05   3.02E-04   3.56E-09   3.92E-09
 6.62E+06   5.13E-05   1.47E-10   1.26E-10   4.75E-05   4.93E-05   3.02E-04   1.08E-08   1.19E-08
 6.78E+06   5.13E-05   1.62E-10   3.15E-10   4.75E-05   4.93E-05   3.03E-04   2.71E-08   2.95E-08
 6.92E+06   5.14E-05   1.80E-10   6.66E-10   4.76E-05   4.93E-05   3.03E-04   5.72E-08   6.22E-08
 7.08E+06   5.15E-05   2.00E-10   1.23E-09   4.76E-05   4.94E-05   3.03E-04   1.05E-07   1.14E-07
 7.22E+06   5.17E-05   2.25E-10   2.01E-09   4.77E-05   4.94E-05   3.04E-04   1.73E-07   1.87E-07
 7.38E+06   5.19E-05   2.53E-10   3.00E-09   4.77E-05   4.95E-05   3.04E-04   2.57E-07   2.79E-07
 7.52E+06   5.21E-05   2.86E-10   4.13E-09   4.78E-05   4.96E-05   3.04E-04   3.54E-07   3.83E-07
 7.68E+06   5.23E-05   3.24E-10   5.34E-09   4.79E-05   4.97E-05   3.05E-04   4.57E-07   4.94E-07
 7.82E+06   5.25E-05   3.66E-10   6.55E-09   4.80E-05   4.98E-05   3.05E-04   5.60E-07   6.05E-07
 7.98E+06   5.28E-05   4.12E-10   7.73E-09   4.81E-05   4.98E-05   3.05E-04   6.60E-07   7.14E-07
 8.12E+06   5.30E-05   4.62E-10   8.87E-09   4.81E-05   4.99E-05   3.05E-04   7.57E-07   8.18E-07
 8.28E+06   5.32E-05   5.17E-10   9.99E-09   4.82E-05   5.00E-05   3.06E-04   8.52E-07   9.21E-07
 8.42E+06   5.34E-05   5.79E-10   1.12E-08   4.83E-05   5.01E-05   3.06E-04   9.48E-07   1.03E-06
 8.58E+06   5.37E-05   6.50E-10   1.24E-08   4.84E-05   5.02E-05   3.06E-04   1.05E-06   1.13E-06
 8.72E+06   5.39E-05   7.32E-10   1.38E-08   4.85E-05   5.03E-05   3.06E-04   1.15E-06   1.25E-06
 8.88E+06   5.42E-05   8.31E-10   1.53E-08   4.86E-05   5.04E-05   3.07E-04   1.26E-06   1.36E-06
 9.02E+06   5.44E-05   9.58E-10   1.70E-08   4.88E-05   5.05E-05   3.07E-04   1.37E-06   1.48E-06
 9.18E+06   5.47E-05   1.14E-09   1.90E-08   4.90E-05   5.08E-05   3.07E-04   1.48E-06   1.60E-06
 9.32E+06   5.50E-05   1.41E-09   2.10E-08   4.93E-05   5.10E-05   3.07E-04   1.59E-06   1.71E-06
 9.48E+06   5.53E-05   1.84E-09   2.33E-08   4.96E-05   5.14E-05   3.07E-04   1.70E-06   1.82E-06
 9.62E+06   5.56E-05   2.48E-09   2.62E-08   5.00E-05   5.17E-05   3.08E-04   1.80E-06   1.92E-06
 9.78E+06   5.60E-05   3.37E-09   3.11E-08   5.04E-05   5.21E-05   3.08E-04   1.90E-06   2.02E-06
 9.92E+06   5.67E-05   4.48E-09   4.69E-08   5.09E-05   5.27E-05   3.08E-04   2.01E-06   2.12E-06

     Z      PCH4_3     PC2H6_1    PC2H6_2    PHNO2_1    PHNO3      PHNO3_3    PHNO3_1    PNO        
 2.50E+04   0.00E+00   0.00E+00   0.00E+00   5.38E-04   1.49E-07   4.41E-25   3.16E-25   0.00E+00
 1.75E+05   0.00E+00   0.00E+00   0.00E+00   5.98E-04   1.66E-07   3.56E-21   2.55E-21   0.00E+00
 3.25E+05   0.00E+00   0.00E+00   0.00E+00   6.51E-04   1.79E-07   1.60E-18   1.15E-18   0.00E+00
 4.75E+05   0.00E+00   0.00E+00   0.00E+00   6.99E-04   1.88E-07   1.18E-16   8.48E-17   6.70-108
 6.25E+05   0.00E+00   0.00E+00   0.00E+00   7.42E-04   1.92E-07   3.05E-15   2.19E-15   6.83E-81
 7.75E+05   0.00E+00   0.00E+00   0.00E+00   7.81E-04   1.92E-07   4.19E-14   3.01E-14   3.57E-65
 9.25E+05   0.00E+00   0.00E+00   0.00E+00   8.17E-04   1.89E-07   3.81E-13   2.73E-13   9.92E-54
 1.08E+06   0.00E+00   0.00E+00   0.00E+00   8.48E-04   1.90E-07   2.52E-12   1.81E-12   1.11E-44
 1.22E+06   0.00E+00   0.00E+00   0.00E+00   8.75E-04   1.99E-07   1.21E-11   8.72E-12   1.87E-37
 1.38E+06   0.00E+00   0.00E+00   0.00E+00   8.99E-04   2.12E-07   4.54E-11   3.26E-11   1.05E-31
 1.52E+06   0.00E+00   0.00E+00   0.00E+00   9.21E-04   2.32E-07   1.45E-10   1.04E-10   4.05E-27
 1.68E+06   0.00E+00   0.00E+00   0.00E+00   9.41E-04   2.66E-07   4.24E-10   3.05E-10   1.94E-23
 1.82E+06   0.00E+00   0.00E+00   0.00E+00   9.58E-04   3.29E-07   1.19E-09   8.54E-10   1.84E-20
 1.98E+06   0.00E+00   0.00E+00   0.00E+00   9.71E-04   4.50E-07   3.23E-09   2.32E-09   4.98E-18
 2.12E+06   0.00E+00   0.00E+00   0.00E+00   9.81E-04   6.74E-07   8.37E-09   6.01E-09   4.99E-16
 2.28E+06   0.00E+00   0.00E+00   0.00E+00   9.90E-04   1.07E-06   2.03E-08   1.46E-08   2.26E-14
 2.42E+06   0.00E+00   0.00E+00   0.00E+00   9.97E-04   1.73E-06   4.54E-08   3.26E-08   5.36E-13
 2.58E+06   1.29-150   0.00E+00   8.52-152   1.00E-03   2.76E-06   9.31E-08   6.68E-08   7.37E-12
 2.72E+06   1.69-122   0.00E+00   1.11-123   1.01E-03   4.25E-06   1.75E-07   1.26E-07   6.38E-11
 2.88E+06   4.23-100   0.00E+00   2.79-101   1.02E-03   6.26E-06   3.05E-07   2.19E-07   3.73E-10
 3.02E+06   2.74E-82   0.00E+00   1.80E-83   1.02E-03   8.79E-06   4.95E-07   3.55E-07   1.57E-09
 3.18E+06   3.74E-68   0.00E+00   2.47E-69   1.03E-03   1.18E-05   7.53E-07   5.40E-07   5.05E-09
 3.32E+06   6.04E-57   0.00E+00   3.98E-58   1.04E-03   1.52E-05   1.08E-06   7.77E-07   1.30E-08
 3.48E+06   4.73E-48   0.00E+00   3.12E-49   1.05E-03   1.88E-05   1.48E-06   1.06E-06   2.82E-08
 3.62E+06   5.61E-41   0.00E+00   3.70E-42   1.06E-03   2.26E-05   1.94E-06   1.39E-06   5.30E-08
 3.78E+06   2.47E-35   0.00E+00   1.63E-36   1.07E-03   2.64E-05   2.43E-06   1.75E-06   8.93E-08
 3.92E+06   8.20E-31   0.00E+00   5.40E-32   1.08E-03   3.02E-05   2.95E-06   2.12E-06   1.38E-07
 4.08E+06   3.61E-27   0.00E+00   2.38E-28   1.10E-03   3.37E-05   3.48E-06   2.50E-06   1.98E-07
 4.22E+06   3.39E-24   0.00E+00   2.23E-25   1.11E-03   3.69E-05   3.99E-06   2.87E-06   2.69E-07
 4.38E+06   9.85E-22   0.00E+00   6.49E-23   1.12E-03   3.97E-05   4.49E-06   3.23E-06   3.51E-07
 4.52E+06   1.15E-19   0.00E+00   7.59E-21   1.13E-03   4.20E-05   4.98E-06   3.58E-06   4.41E-07
 4.68E+06   6.33E-18   0.00E+00   4.17E-19   1.14E-03   4.39E-05   5.46E-06   3.92E-06   5.38E-07
 4.82E+06   1.81E-16   0.00E+00   1.19E-17   1.14E-03   4.55E-05   5.93E-06   4.26E-06   6.43E-07
 4.98E+06   2.94E-15   0.00E+00   1.94E-16   1.15E-03   4.67E-05   6.39E-06   4.59E-06   7.53E-07
 5.12E+06   2.95E-14   0.00E+00   1.94E-15   1.15E-03   4.77E-05   6.85E-06   4.92E-06   8.69E-07
 5.28E+06   1.97E-13   0.00E+00   1.30E-14   1.16E-03   4.85E-05   7.30E-06   5.24E-06   9.89E-07
 5.42E+06   9.40E-13   0.00E+00   6.19E-14   1.16E-03   4.92E-05   7.75E-06   5.56E-06   1.11E-06
 5.58E+06   3.37E-12   0.00E+00   2.23E-13   1.16E-03   4.97E-05   8.18E-06   5.87E-06   1.24E-06
 5.72E+06   9.61E-12   0.00E+00   6.65E-13   1.16E-03   5.02E-05   8.60E-06   6.18E-06   1.36E-06
 5.88E+06   2.28E-11   0.00E+00   2.19E-12   1.16E-03   5.05E-05   9.01E-06   6.47E-06   1.49E-06
 6.02E+06   4.88E-11   0.00E+00   1.17E-11   1.16E-03   5.09E-05   9.40E-06   6.75E-06   1.61E-06
 6.18E+06   1.09E-10   0.00E+00   7.36E-11   1.16E-03   5.11E-05   9.77E-06   7.02E-06   1.74E-06
 6.32E+06   2.87E-10   0.00E+00   3.73E-10   1.16E-03   5.13E-05   1.01E-05   7.28E-06   1.86E-06
 6.48E+06   8.21E-10   0.00E+00   1.44E-09   1.16E-03   5.15E-05   1.05E-05   7.53E-06   1.99E-06
 6.62E+06   2.21E-09   0.00E+00   4.37E-09   1.16E-03   5.17E-05   1.08E-05   7.77E-06   2.12E-06
 6.78E+06   5.21E-09   0.00E+00   1.08E-08   1.16E-03   5.19E-05   1.12E-05   8.02E-06   2.25E-06
 6.92E+06   1.07E-08   0.00E+00   2.25E-08   1.16E-03   5.20E-05   1.15E-05   8.28E-06   2.40E-06
 7.08E+06   1.93E-08   0.00E+00   4.09E-08   1.16E-03   5.22E-05   1.19E-05   8.56E-06   2.56E-06
 7.22E+06   3.14E-08   0.00E+00   6.63E-08   1.16E-03   5.24E-05   1.23E-05   8.86E-06   2.74E-06
 7.38E+06   4.64E-08   0.00E+00   9.79E-08   1.16E-03   5.27E-05   1.28E-05   9.19E-06   2.94E-06
 7.52E+06   6.36E-08   0.00E+00   1.34E-07   1.16E-03   5.32E-05   1.33E-05   9.54E-06   3.16E-06
 7.68E+06   8.18E-08   0.00E+00   1.71E-07   1.17E-03   5.36E-05   1.38E-05   9.90E-06   3.38E-06
 7.82E+06   1.00E-07   0.00E+00   2.08E-07   1.17E-03   5.40E-05   1.43E-05   1.03E-05   3.62E-06
 7.98E+06   1.18E-07   0.00E+00   2.45E-07   1.17E-03   5.45E-05   1.48E-05   1.06E-05   3.85E-06
 8.12E+06   1.35E-07   0.00E+00   2.81E-07   1.17E-03   5.49E-05   1.53E-05   1.10E-05   4.09E-06
 8.28E+06   1.53E-07   0.00E+00   3.17E-07   1.17E-03   5.53E-05   1.58E-05   1.13E-05   4.33E-06
 8.42E+06   1.70E-07   0.00E+00   3.56E-07   1.17E-03   5.57E-05   1.63E-05   1.17E-05   4.56E-06
 8.58E+06   1.89E-07   0.00E+00   3.98E-07   1.17E-03   5.62E-05   1.68E-05   1.20E-05   4.80E-06
 8.72E+06   2.09E-07   0.00E+00   4.43E-07   1.17E-03   5.66E-05   1.73E-05   1.24E-05   5.04E-06
 8.88E+06   2.30E-07   0.00E+00   4.91E-07   1.17E-03   5.70E-05   1.77E-05   1.27E-05   5.27E-06
 9.02E+06   2.51E-07   0.00E+00   5.40E-07   1.17E-03   5.73E-05   1.82E-05   1.31E-05   5.51E-06
 9.18E+06   2.72E-07   0.00E+00   5.90E-07   1.17E-03   5.77E-05   1.86E-05   1.34E-05   5.76E-06
 9.32E+06   2.92E-07   0.00E+00   6.39E-07   1.17E-03   5.81E-05   1.91E-05   1.37E-05   6.02E-06
 9.48E+06   3.12E-07   0.00E+00   6.86E-07   1.17E-03   5.85E-05   1.96E-05   1.41E-05   6.30E-06
 9.62E+06   3.30E-07   0.00E+00   7.30E-07   1.17E-03   5.90E-05   2.01E-05   1.44E-05   6.62E-06
 9.78E+06   3.46E-07   0.00E+00   7.70E-07   1.17E-03   5.95E-05   2.07E-05   1.48E-05   7.01E-06
 9.92E+06   3.64E-07   0.00E+00   8.11E-07   1.17E-03   6.01E-05   2.14E-05   1.54E-05   7.57E-06

     Z      PNO2_O1D   PNO2       PCH3_1     PSO        PH2S       PSO2       PSO2_SO21  PSO2_SO23  
 2.50E+04   3.38E-19   3.56E-03   3.89E-18   1.11E-17   2.36E-14   6.25E-18   3.52E-05   4.26E-07
 1.75E+05   1.36E-17   3.91E-03   1.60E-16   4.92E-16   2.89E-14   2.84E-16   4.16E-05   4.70E-07
 3.25E+05   3.83E-16   4.22E-03   4.59E-15   1.52E-14   3.99E-14   9.01E-15   4.75E-05   5.09E-07
 4.75E+05   7.10E-15   4.49E-03   8.54E-14   3.01E-13   1.70E-13   1.82E-13   5.30E-05   5.44E-07
 6.25E+05   8.93E-14   4.75E-03   1.07E-12   3.98E-12   1.83E-12   2.44E-12   5.81E-05   5.76E-07
 7.75E+05   8.02E-13   4.97E-03   9.56E-12   3.70E-11   1.69E-11   2.28E-11   6.28E-05   6.04E-07
 9.25E+05   5.38E-12   5.18E-03   6.36E-11   2.55E-10   1.18E-10   1.58E-10   6.73E-05   6.30E-07
 1.08E+06   2.77E-11   5.36E-03   3.24E-10   1.34E-09   6.24E-10   8.35E-10   7.14E-05   6.53E-07
 1.22E+06   1.08E-10   5.51E-03   1.25E-09   5.30E-09   2.49E-09   3.31E-09   7.52E-05   6.73E-07
 1.38E+06   3.37E-10   5.65E-03   3.86E-09   1.68E-08   7.93E-09   1.05E-08   7.90E-05   6.90E-07
 1.52E+06   9.24E-10   5.79E-03   1.05E-08   4.65E-08   2.20E-08   2.91E-08   8.34E-05   7.06E-07
 1.68E+06   2.34E-09   5.90E-03   2.64E-08   1.18E-07   5.59E-08   7.38E-08   8.88E-05   7.21E-07
 1.82E+06   5.65E-09   6.00E-03   6.33E-08   2.84E-07   1.34E-07   1.77E-07   9.59E-05   7.32E-07
 1.98E+06   1.30E-08   6.08E-03   1.45E-07   6.48E-07   3.04E-07   4.01E-07   1.05E-04   7.41E-07
 2.12E+06   2.86E-08   6.14E-03   3.19E-07   1.40E-06   6.52E-07   8.59E-07   1.17E-04   7.48E-07
 2.28E+06   5.95E-08   6.19E-03   6.63E-07   2.83E-06   1.31E-06   1.73E-06   1.31E-04   7.53E-07
 2.42E+06   1.17E-07   6.24E-03   1.31E-06   5.39E-06   2.47E-06   3.27E-06   1.49E-04   7.57E-07
 2.58E+06   2.17E-07   6.27E-03   2.48E-06   9.61E-06   4.38E-06   5.79E-06   1.71E-04   7.60E-07
 2.72E+06   3.83E-07   6.30E-03   4.45E-06   1.61E-05   7.28E-06   9.63E-06   1.98E-04   7.62E-07
 2.88E+06   6.41E-07   6.33E-03   7.60E-06   2.53E-05   1.14E-05   1.51E-05   2.31E-04   7.64E-07
 3.02E+06   1.02E-06   6.36E-03   1.22E-05   3.75E-05   1.69E-05   2.23E-05   2.70E-04   7.66E-07
 3.18E+06   1.56E-06   6.38E-03   1.85E-05   5.26E-05   2.39E-05   3.12E-05   3.15E-04   7.67E-07
 3.32E+06   2.28E-06   6.40E-03   2.61E-05   7.00E-05   3.21E-05   4.15E-05   3.65E-04   7.68E-07
 3.48E+06   3.20E-06   6.42E-03   3.46E-05   8.90E-05   4.14E-05   5.29E-05   4.21E-04   7.68E-07
 3.62E+06   4.33E-06   6.43E-03   4.34E-05   1.09E-04   5.15E-05   6.47E-05   4.79E-04   7.69E-07
 3.78E+06   5.65E-06   6.45E-03   5.18E-05   1.28E-04   6.19E-05   7.63E-05   5.41E-04   7.69E-07
 3.92E+06   7.07E-06   6.46E-03   5.92E-05   1.45E-04   7.22E-05   8.69E-05   6.02E-04   7.70E-07
 4.08E+06   8.47E-06   6.47E-03   6.54E-05   1.60E-04   8.16E-05   9.62E-05   6.61E-04   7.70E-07
 4.22E+06   9.75E-06   6.48E-03   7.03E-05   1.73E-04   8.98E-05   1.04E-04   7.14E-04   7.70E-07
 4.38E+06   1.08E-05   6.48E-03   7.40E-05   1.83E-04   9.66E-05   1.10E-04   7.59E-04   7.70E-07
 4.52E+06   1.17E-05   6.49E-03   7.68E-05   1.91E-04   1.02E-04   1.15E-04   7.95E-04   7.71E-07
 4.68E+06   1.24E-05   6.49E-03   7.90E-05   1.97E-04   1.07E-04   1.19E-04   8.24E-04   7.71E-07
 4.82E+06   1.30E-05   6.50E-03   8.06E-05   2.02E-04   1.10E-04   1.22E-04   8.47E-04   7.71E-07
 4.98E+06   1.34E-05   6.50E-03   8.18E-05   2.06E-04   1.13E-04   1.24E-04   8.63E-04   7.71E-07
 5.12E+06   1.37E-05   6.50E-03   8.27E-05   2.09E-04   1.15E-04   1.26E-04   8.75E-04   7.71E-07
 5.28E+06   1.39E-05   6.50E-03   8.34E-05   2.12E-04   1.17E-04   1.28E-04   8.84E-04   7.71E-07
 5.42E+06   1.41E-05   6.50E-03   8.39E-05   2.14E-04   1.18E-04   1.29E-04   8.90E-04   7.71E-07
 5.58E+06   1.43E-05   6.51E-03   8.43E-05   2.16E-04   1.19E-04   1.31E-04   8.94E-04   7.71E-07
 5.72E+06   1.44E-05   6.51E-03   8.46E-05   2.17E-04   1.20E-04   1.32E-04   8.98E-04   7.71E-07
 5.88E+06   1.45E-05   6.51E-03   8.49E-05   2.18E-04   1.21E-04   1.32E-04   9.00E-04   7.71E-07
 6.02E+06   1.46E-05   6.51E-03   8.50E-05   2.20E-04   1.22E-04   1.33E-04   9.01E-04   7.71E-07
 6.18E+06   1.47E-05   6.51E-03   8.52E-05   2.20E-04   1.22E-04   1.34E-04   9.02E-04   7.71E-07
 6.32E+06   1.48E-05   6.51E-03   8.53E-05   2.21E-04   1.23E-04   1.34E-04   9.03E-04   7.71E-07
 6.48E+06   1.48E-05   6.51E-03   8.54E-05   2.22E-04   1.23E-04   1.35E-04   9.03E-04   7.71E-07
 6.62E+06   1.49E-05   6.51E-03   8.54E-05   2.22E-04   1.24E-04   1.35E-04   9.03E-04   7.71E-07
 6.78E+06   1.50E-05   6.51E-03   8.55E-05   2.23E-04   1.24E-04   1.36E-04   9.04E-04   7.71E-07
 6.92E+06   1.51E-05   6.51E-03   8.55E-05   2.23E-04   1.25E-04   1.36E-04   9.04E-04   7.71E-07
 7.08E+06   1.52E-05   6.51E-03   8.55E-05   2.23E-04   1.25E-04   1.37E-04   9.04E-04   7.71E-07
 7.22E+06   1.54E-05   6.51E-03   8.56E-05   2.24E-04   1.26E-04   1.37E-04   9.04E-04   7.71E-07
 7.38E+06   1.56E-05   6.51E-03   8.56E-05   2.24E-04   1.26E-04   1.38E-04   9.04E-04   7.71E-07
 7.52E+06   1.58E-05   6.51E-03   8.56E-05   2.24E-04   1.27E-04   1.39E-04   9.04E-04   7.71E-07
 7.68E+06   1.60E-05   6.51E-03   8.56E-05   2.24E-04   1.28E-04   1.40E-04   9.04E-04   7.71E-07
 7.82E+06   1.62E-05   6.51E-03   8.56E-05   2.25E-04   1.28E-04   1.41E-04   9.04E-04   7.71E-07
 7.98E+06   1.64E-05   6.51E-03   8.56E-05   2.25E-04   1.29E-04   1.42E-04   9.04E-04   7.71E-07
 8.12E+06   1.67E-05   6.51E-03   8.56E-05   2.25E-04   1.30E-04   1.42E-04   9.04E-04   7.71E-07
 8.28E+06   1.69E-05   6.51E-03   8.56E-05   2.25E-04   1.30E-04   1.43E-04   9.04E-04   7.71E-07
 8.42E+06   1.71E-05   6.51E-03   8.56E-05   2.25E-04   1.31E-04   1.44E-04   9.04E-04   7.71E-07
 8.58E+06   1.74E-05   6.51E-03   8.56E-05   2.25E-04   1.31E-04   1.45E-04   9.04E-04   7.71E-07
 8.72E+06   1.76E-05   6.51E-03   8.56E-05   2.25E-04   1.32E-04   1.45E-04   9.04E-04   7.71E-07
 8.88E+06   1.79E-05   6.51E-03   8.56E-05   2.25E-04   1.33E-04   1.46E-04   9.04E-04   7.71E-07
 9.02E+06   1.82E-05   6.51E-03   8.57E-05   2.25E-04   1.33E-04   1.47E-04   9.04E-04   7.71E-07
 9.18E+06   1.84E-05   6.51E-03   8.57E-05   2.26E-04   1.34E-04   1.48E-04   9.04E-04   7.71E-07
 9.32E+06   1.87E-05   6.51E-03   8.57E-05   2.26E-04   1.35E-04   1.48E-04   9.04E-04   7.71E-07
 9.48E+06   1.91E-05   6.51E-03   8.57E-05   2.26E-04   1.35E-04   1.49E-04   9.04E-04   7.71E-07
 9.62E+06   1.95E-05   6.51E-03   8.57E-05   2.26E-04   1.36E-04   1.50E-04   9.04E-04   7.71E-07
 9.78E+06   2.00E-05   6.51E-03   8.57E-05   2.26E-04   1.36E-04   1.50E-04   9.04E-04   7.71E-07
 9.92E+06   2.09E-05   6.51E-03   8.57E-05   2.26E-04   1.37E-04   1.51E-04   9.04E-04   7.71E-07

     Z      PS2        PS4        PS3        PS8L       PS8R       PS8        PSO3       PHSO       
 2.50E+04   2.80E-05   1.15E-01   5.34E-01   0.00E+00   0.00E+00   7.58E-14   6.45E-08   7.12E-18
 1.75E+05   3.31E-05   1.19E-01   5.73E-01   0.00E+00   0.00E+00   1.06E-13   7.52E-08   2.93E-16
 3.25E+05   3.77E-05   1.22E-01   6.09E-01   0.00E+00   0.00E+00   1.45E-13   8.49E-08   8.49E-15
 4.75E+05   4.19E-05   1.26E-01   6.41E-01   0.00E+00   0.00E+00   1.93E-13   9.38E-08   1.61E-13
 6.25E+05   4.59E-05   1.28E-01   6.69E-01   0.00E+00   0.00E+00   2.54E-13   1.02E-07   2.06E-12
 7.75E+05   4.95E-05   1.31E-01   6.95E-01   0.00E+00   0.00E+00   3.31E-13   1.09E-07   1.87E-11
 9.25E+05   5.30E-05   1.33E-01   7.19E-01   0.00E+00   0.00E+00   4.30E-13   1.16E-07   1.27E-10
 1.08E+06   5.61E-05   1.35E-01   7.39E-01   0.00E+00   0.00E+00   5.67E-13   1.23E-07   6.57E-10
 1.22E+06   5.90E-05   1.37E-01   7.57E-01   0.00E+00   0.00E+00   7.56E-13   1.29E-07   2.57E-09
 1.38E+06   6.19E-05   1.39E-01   7.74E-01   0.00E+00   0.00E+00   1.01E-12   1.35E-07   8.09E-09
 1.52E+06   6.51E-05   1.41E-01   7.89E-01   0.00E+00   0.00E+00   1.34E-12   1.42E-07   2.23E-08
 1.68E+06   6.89E-05   1.43E-01   8.02E-01   0.00E+00   0.00E+00   1.80E-12   1.53E-07   5.65E-08
 1.82E+06   7.38E-05   1.45E-01   8.13E-01   0.00E+00   0.00E+00   2.40E-12   1.70E-07   1.36E-07
 1.98E+06   7.99E-05   1.46E-01   8.22E-01   0.00E+00   0.00E+00   3.19E-12   2.00E-07   3.13E-07
 2.12E+06   8.76E-05   1.47E-01   8.28E-01   0.00E+00   0.00E+00   4.26E-12   2.55E-07   6.82E-07
 2.28E+06   9.70E-05   1.47E-01   8.33E-01   0.00E+00   0.00E+00   5.70E-12   3.53E-07   1.40E-06
 2.42E+06   1.09E-04   1.48E-01   8.37E-01   0.00E+00   0.00E+00   7.63E-12   5.20E-07   2.73E-06
 2.58E+06   1.23E-04   1.48E-01   8.39E-01   0.00E+00   0.00E+00   1.02E-11   7.89E-07   5.01E-06
 2.72E+06   1.40E-04   1.49E-01   8.41E-01   0.00E+00   0.00E+00   1.38E-11   1.20E-06   8.68E-06
 2.88E+06   1.61E-04   1.49E-01   8.43E-01   0.00E+00   0.00E+00   1.87E-11   1.79E-06   1.43E-05
 3.02E+06   1.87E-04   1.49E-01   8.44E-01   0.00E+00   0.00E+00   2.54E-11   2.58E-06   2.23E-05
 3.18E+06   2.16E-04   1.49E-01   8.45E-01   0.00E+00   0.00E+00   3.46E-11   3.58E-06   3.32E-05
 3.32E+06   2.50E-04   1.49E-01   8.46E-01   0.00E+00   0.00E+00   4.71E-11   4.78E-06   4.75E-05
 3.48E+06   2.87E-04   1.49E-01   8.47E-01   0.00E+00   0.00E+00   6.41E-11   6.16E-06   6.54E-05
 3.62E+06   3.25E-04   1.50E-01   8.47E-01   0.00E+00   0.00E+00   8.69E-11   7.68E-06   8.71E-05
 3.78E+06   3.64E-04   1.50E-01   8.47E-01   0.00E+00   0.00E+00   1.18E-10   9.32E-06   1.12E-04
 3.92E+06   4.02E-04   1.50E-01   8.48E-01   0.00E+00   0.00E+00   1.59E-10   1.10E-05   1.40E-04
 4.08E+06   4.36E-04   1.50E-01   8.48E-01   0.00E+00   0.00E+00   2.12E-10   1.27E-05   1.68E-04
 4.22E+06   4.65E-04   1.50E-01   8.48E-01   0.00E+00   0.00E+00   2.81E-10   1.43E-05   1.95E-04
 4.38E+06   4.89E-04   1.50E-01   8.48E-01   0.00E+00   0.00E+00   3.66E-10   1.57E-05   2.18E-04
 4.52E+06   5.09E-04   1.50E-01   8.48E-01   0.00E+00   0.00E+00   4.71E-10   1.69E-05   2.38E-04
 4.68E+06   5.23E-04   1.50E-01   8.48E-01   0.00E+00   0.00E+00   5.98E-10   1.79E-05   2.53E-04
 4.82E+06   5.34E-04   1.50E-01   8.49E-01   0.00E+00   0.00E+00   7.52E-10   1.86E-05   2.66E-04
 4.98E+06   5.43E-04   1.50E-01   8.49E-01   0.00E+00   0.00E+00   9.39E-10   1.93E-05   2.75E-04
 5.12E+06   5.49E-04   1.50E-01   8.49E-01   0.00E+00   0.00E+00   1.17E-09   1.97E-05   2.82E-04
 5.28E+06   5.53E-04   1.50E-01   8.49E-01   0.00E+00   0.00E+00   1.44E-09   2.01E-05   2.87E-04
 5.42E+06   5.56E-04   1.50E-01   8.49E-01   0.00E+00   0.00E+00   1.78E-09   2.04E-05   2.91E-04
 5.58E+06   5.58E-04   1.50E-01   8.49E-01   0.00E+00   0.00E+00   2.19E-09   2.06E-05   2.94E-04
 5.72E+06   5.60E-04   1.50E-01   8.49E-01   0.00E+00   0.00E+00   2.70E-09   2.08E-05   2.96E-04
 5.88E+06   5.61E-04   1.50E-01   8.49E-01   0.00E+00   0.00E+00   3.33E-09   2.10E-05   2.98E-04
 6.02E+06   5.61E-04   1.50E-01   8.49E-01   0.00E+00   0.00E+00   4.11E-09   2.11E-05   2.99E-04
 6.18E+06   5.62E-04   1.50E-01   8.49E-01   0.00E+00   0.00E+00   5.08E-09   2.12E-05   3.00E-04
 6.32E+06   5.62E-04   1.50E-01   8.49E-01   0.00E+00   0.00E+00   6.28E-09   2.13E-05   3.01E-04
 6.48E+06   5.63E-04   1.50E-01   8.49E-01   0.00E+00   0.00E+00   7.77E-09   2.14E-05   3.02E-04
 6.62E+06   5.63E-04   1.50E-01   8.49E-01   0.00E+00   0.00E+00   9.64E-09   2.15E-05   3.02E-04
 6.78E+06   5.63E-04   1.50E-01   8.49E-01   0.00E+00   0.00E+00   1.20E-08   2.15E-05   3.03E-04
 6.92E+06   5.63E-04   1.50E-01   8.49E-01   0.00E+00   0.00E+00   1.49E-08   2.16E-05   3.03E-04
 7.08E+06   5.63E-04   1.50E-01   8.49E-01   0.00E+00   0.00E+00   1.86E-08   2.16E-05   3.03E-04
 7.22E+06   5.63E-04   1.50E-01   8.49E-01   0.00E+00   0.00E+00   2.33E-08   2.17E-05   3.04E-04
 7.38E+06   5.63E-04   1.50E-01   8.49E-01   0.00E+00   0.00E+00   2.92E-08   2.18E-05   3.04E-04
 7.52E+06   5.63E-04   1.50E-01   8.49E-01   0.00E+00   0.00E+00   3.68E-08   2.18E-05   3.04E-04
 7.68E+06   5.63E-04   1.50E-01   8.49E-01   0.00E+00   0.00E+00   4.63E-08   2.19E-05   3.05E-04
 7.82E+06   5.63E-04   1.50E-01   8.49E-01   0.00E+00   0.00E+00   5.83E-08   2.20E-05   3.05E-04
 7.98E+06   5.63E-04   1.50E-01   8.49E-01   0.00E+00   0.00E+00   7.33E-08   2.20E-05   3.05E-04
 8.12E+06   5.63E-04   1.50E-01   8.49E-01   0.00E+00   0.00E+00   9.22E-08   2.21E-05   3.05E-04
 8.28E+06   5.63E-04   1.50E-01   8.49E-01   0.00E+00   0.00E+00   1.16E-07   2.22E-05   3.06E-04
 8.42E+06   5.63E-04   1.50E-01   8.49E-01   0.00E+00   0.00E+00   1.46E-07   2.22E-05   3.06E-04
 8.58E+06   5.63E-04   1.50E-01   8.49E-01   0.00E+00   0.00E+00   1.83E-07   2.23E-05   3.06E-04
 8.72E+06   5.63E-04   1.50E-01   8.49E-01   0.00E+00   0.00E+00   2.31E-07   2.23E-05   3.06E-04
 8.88E+06   5.63E-04   1.50E-01   8.49E-01   0.00E+00   0.00E+00   2.90E-07   2.24E-05   3.07E-04
 9.02E+06   5.63E-04   1.50E-01   8.49E-01   0.00E+00   0.00E+00   3.64E-07   2.25E-05   3.07E-04
 9.18E+06   5.63E-04   1.50E-01   8.49E-01   0.00E+00   0.00E+00   4.57E-07   2.25E-05   3.07E-04
 9.32E+06   5.63E-04   1.50E-01   8.49E-01   0.00E+00   0.00E+00   5.73E-07   2.26E-05   3.07E-04
 9.48E+06   5.63E-04   1.50E-01   8.49E-01   0.00E+00   0.00E+00   7.18E-07   2.27E-05   3.07E-04
 9.62E+06   5.63E-04   1.50E-01   8.49E-01   0.00E+00   0.00E+00   8.99E-07   2.28E-05   3.08E-04
 9.78E+06   5.63E-04   1.50E-01   8.49E-01   0.00E+00   0.00E+00   1.13E-06   2.30E-05   3.08E-04
 9.92E+06   5.63E-04   1.50E-01   8.49E-01   0.00E+00   0.00E+00   1.41E-06   2.35E-05   3.08E-04

     Z      POCS       PNO3_NO    PNO3_NO2   PN2O       PHO2NO2_NO2PHO2NO2_NO3PN2O5_NO2  PN2O5_NO   
 2.50E+04   9.97E-12   1.06E-02   8.31E-02   1.02E-20   1.49E-06   3.72E-07   3.17E-10   9.97E-06
 1.75E+05   1.19E-11   1.08E-02   8.46E-02   5.21E-19   1.73E-06   4.34E-07   3.96E-10   1.14E-05
 3.25E+05   1.37E-11   1.10E-02   8.59E-02   1.84E-17   1.96E-06   4.89E-07   4.75E-10   1.27E-05
 4.75E+05   1.54E-11   1.12E-02   8.68E-02   3.96E-16   2.16E-06   5.40E-07   5.56E-10   1.39E-05
 6.25E+05   1.70E-11   1.14E-02   8.75E-02   5.41E-15   2.35E-06   5.86E-07   6.43E-10   1.50E-05
 7.75E+05   1.88E-11   1.15E-02   8.80E-02   5.03E-14   2.52E-06   6.30E-07   7.53E-10   1.60E-05
 9.25E+05   2.22E-11   1.17E-02   8.81E-02   3.41E-13   2.68E-06   6.69E-07   9.85E-10   1.69E-05
 1.08E+06   3.30E-11   1.19E-02   8.86E-02   1.79E-12   2.82E-06   7.06E-07   1.77E-09   1.77E-05
 1.22E+06   6.72E-11   1.20E-02   8.95E-02   7.26E-12   2.96E-06   7.39E-07   4.39E-09   1.84E-05
 1.38E+06   1.61E-10   1.21E-02   9.06E-02   2.35E-11   3.08E-06   7.71E-07   1.19E-08   1.91E-05
 1.52E+06   3.98E-10   1.23E-02   9.18E-02   6.63E-11   3.23E-06   8.07E-07   3.11E-08   1.98E-05
 1.68E+06   9.76E-10   1.24E-02   9.30E-02   1.70E-10   3.40E-06   8.50E-07   7.74E-08   2.05E-05
 1.82E+06   2.36E-09   1.26E-02   9.41E-02   4.12E-10   3.63E-06   9.08E-07   1.84E-07   2.12E-05
 1.98E+06   5.56E-09   1.27E-02   9.50E-02   9.38E-10   3.95E-06   9.92E-07   4.17E-07   2.20E-05
 2.12E+06   1.27E-08   1.28E-02   9.57E-02   2.01E-09   4.43E-06   1.12E-06   8.94E-07   2.29E-05
 2.28E+06   2.78E-08   1.28E-02   9.64E-02   4.05E-09   5.18E-06   1.32E-06   1.80E-06   2.38E-05
 2.42E+06   5.81E-08   1.29E-02   9.70E-02   7.60E-09   6.32E-06   1.63E-06   3.41E-06   2.50E-05
 2.58E+06   1.16E-07   1.29E-02   9.75E-02   1.33E-08   8.05E-06   2.09E-06   6.04E-06   2.62E-05
 2.72E+06   2.23E-07   1.29E-02   9.79E-02   2.18E-08   1.06E-05   2.78E-06   1.01E-05   2.77E-05
 2.88E+06   4.08E-07   1.30E-02   9.84E-02   3.36E-08   1.40E-05   3.73E-06   1.58E-05   2.94E-05
 3.02E+06   7.16E-07   1.30E-02   9.89E-02   4.90E-08   1.87E-05   5.00E-06   2.35E-05   3.13E-05
 3.18E+06   1.20E-06   1.30E-02   9.94E-02   6.76E-08   2.45E-05   6.60E-06   3.32E-05   3.34E-05
 3.32E+06   1.94E-06   1.30E-02   9.99E-02   8.92E-08   3.17E-05   8.55E-06   4.48E-05   3.58E-05
 3.48E+06   2.98E-06   1.30E-02   1.00E-01   1.13E-07   4.01E-05   1.08E-05   5.80E-05   3.84E-05
 3.62E+06   4.40E-06   1.30E-02   1.01E-01   1.38E-07   5.01E-05   1.35E-05   7.29E-05   4.12E-05
 3.78E+06   6.19E-06   1.30E-02   1.01E-01   1.63E-07   6.19E-05   1.66E-05   8.94E-05   4.42E-05
 3.92E+06   8.29E-06   1.30E-02   1.02E-01   1.87E-07   7.59E-05   2.03E-05   1.08E-04   4.74E-05
 4.08E+06   1.05E-05   1.30E-02   1.02E-01   2.08E-07   9.19E-05   2.45E-05   1.27E-04   5.07E-05
 4.22E+06   1.26E-05   1.30E-02   1.02E-01   2.26E-07   1.09E-04   2.88E-05   1.46E-04   5.40E-05
 4.38E+06   1.45E-05   1.30E-02   1.02E-01   2.41E-07   1.25E-04   3.30E-05   1.65E-04   5.70E-05
 4.52E+06   1.60E-05   1.30E-02   1.02E-01   2.53E-07   1.40E-04   3.68E-05   1.81E-04   5.95E-05
 4.68E+06   1.73E-05   1.30E-02   1.01E-01   2.63E-07   1.52E-04   3.99E-05   1.95E-04   6.16E-05
 4.82E+06   1.82E-05   1.30E-02   1.01E-01   2.72E-07   1.62E-04   4.25E-05   2.06E-04   6.33E-05
 4.98E+06   1.90E-05   1.30E-02   1.01E-01   2.80E-07   1.69E-04   4.45E-05   2.15E-04   6.45E-05
 5.12E+06   1.95E-05   1.30E-02   1.01E-01   2.88E-07   1.75E-04   4.61E-05   2.22E-04   6.54E-05
 5.28E+06   1.99E-05   1.30E-02   1.01E-01   2.95E-07   1.80E-04   4.72E-05   2.27E-04   6.61E-05
 5.42E+06   2.02E-05   1.30E-02   1.01E-01   3.02E-07   1.83E-04   4.81E-05   2.32E-04   6.65E-05
 5.58E+06   2.04E-05   1.30E-02   1.00E-01   3.08E-07   1.85E-04   4.88E-05   2.35E-04   6.69E-05
 5.72E+06   2.06E-05   1.30E-02   1.00E-01   3.14E-07   1.87E-04   4.93E-05   2.38E-04   6.71E-05
 5.88E+06   2.07E-05   1.30E-02   1.00E-01   3.19E-07   1.88E-04   4.97E-05   2.40E-04   6.73E-05
 6.02E+06   2.08E-05   1.30E-02   9.98E-02   3.24E-07   1.89E-04   4.99E-05   2.42E-04   6.74E-05
 6.18E+06   2.08E-05   1.31E-02   9.96E-02   3.29E-07   1.90E-04   5.02E-05   2.44E-04   6.75E-05
 6.32E+06   2.09E-05   1.31E-02   9.94E-02   3.33E-07   1.91E-04   5.03E-05   2.45E-04   6.75E-05
 6.48E+06   2.09E-05   1.31E-02   9.92E-02   3.38E-07   1.91E-04   5.04E-05   2.46E-04   6.76E-05
 6.62E+06   2.10E-05   1.31E-02   9.90E-02   3.45E-07   1.91E-04   5.05E-05   2.48E-04   6.76E-05
 6.78E+06   2.10E-05   1.31E-02   9.88E-02   3.55E-07   1.91E-04   5.06E-05   2.49E-04   6.76E-05
 6.92E+06   2.11E-05   1.31E-02   9.86E-02   3.70E-07   1.92E-04   5.07E-05   2.50E-04   6.76E-05
 7.08E+06   2.12E-05   1.31E-02   9.84E-02   3.92E-07   1.92E-04   5.07E-05   2.51E-04   6.76E-05
 7.22E+06   2.13E-05   1.31E-02   9.82E-02   4.22E-07   1.92E-04   5.07E-05   2.53E-04   6.76E-05
 7.38E+06   2.15E-05   1.32E-02   9.81E-02   4.60E-07   1.92E-04   5.08E-05   2.54E-04   6.76E-05
 7.52E+06   2.17E-05   1.32E-02   9.81E-02   5.04E-07   1.92E-04   5.08E-05   2.56E-04   6.76E-05
 7.68E+06   2.19E-05   1.32E-02   9.81E-02   5.51E-07   1.92E-04   5.08E-05   2.58E-04   6.76E-05
 7.82E+06   2.21E-05   1.32E-02   9.81E-02   5.99E-07   1.92E-04   5.08E-05   2.59E-04   6.76E-05
 7.98E+06   2.23E-05   1.32E-02   9.81E-02   6.47E-07   1.92E-04   5.08E-05   2.61E-04   6.76E-05
 8.12E+06   2.25E-05   1.32E-02   9.81E-02   6.94E-07   1.92E-04   5.08E-05   2.63E-04   6.76E-05
 8.28E+06   2.27E-05   1.32E-02   9.81E-02   7.42E-07   1.92E-04   5.09E-05   2.65E-04   6.76E-05
 8.42E+06   2.29E-05   1.32E-02   9.81E-02   7.94E-07   1.92E-04   5.09E-05   2.66E-04   6.76E-05
 8.58E+06   2.32E-05   1.32E-02   9.81E-02   8.53E-07   1.92E-04   5.09E-05   2.68E-04   6.76E-05
 8.72E+06   2.35E-05   1.32E-02   9.81E-02   9.24E-07   1.92E-04   5.09E-05   2.70E-04   6.76E-05
 8.88E+06   2.38E-05   1.32E-02   9.81E-02   1.01E-06   1.92E-04   5.09E-05   2.72E-04   6.76E-05
 9.02E+06   2.42E-05   1.32E-02   9.81E-02   1.12E-06   1.92E-04   5.09E-05   2.73E-04   6.76E-05
 9.18E+06   2.47E-05   1.32E-02   9.81E-02   1.25E-06   1.92E-04   5.09E-05   2.75E-04   6.76E-05
 9.32E+06   2.53E-05   1.32E-02   9.81E-02   1.40E-06   1.92E-04   5.09E-05   2.77E-04   6.76E-05
 9.48E+06   2.61E-05   1.32E-02   9.81E-02   1.55E-06   1.92E-04   5.09E-05   2.80E-04   6.76E-05
 9.62E+06   2.72E-05   1.32E-02   9.81E-02   1.72E-06   1.92E-04   5.09E-05   2.82E-04   6.76E-05
 9.78E+06   2.90E-05   1.32E-02   9.81E-02   1.91E-06   1.92E-04   5.09E-05   2.86E-04   6.76E-05
 9.92E+06   3.31E-05   1.32E-02   9.81E-02   2.14E-06   1.92E-04   5.09E-05   2.91E-04   6.76E-05
