   1      H2O      +  O1D       =    OH       +  OH                  
   2      H2       +  O1D       =    OH       +  H                   
   3      H2       +  O         =    OH       +  H                   
   4      H2       +  OH        =    H2O      +  H                   
   5      H        +  O3        =    OH       +  O2                  
   6      H        +  O2        =    HO2      +                      
   7      H        +  HO2       =    H2       +  O2                  
   8      H        +  HO2       =    H2O      +  O                   
   9      H        +  HO2       =    OH       +  OH                  
  10      OH       +  O         =    H        +  O2                  
  11      OH       +  HO2       =    H2O      +  O2                  
  12      OH       +  O3        =    HO2      +  O2                  
  13      HO2      +  O         =    OH       +  O2                  
  14      HO2      +  O3        =    OH       +  O2          O2      
  15      HO2      +  HO2       =    H2O2     +  O2                  
  16      H2O2     +  OH        =    HO2      +  H2O                 
  17      O        +  O         =    O2       +                      
  18      O        +  O2        =    O3       +                      
  19      O        +  O3        =    O2       +  O2                  
  20      OH       +  OH        =    H2O      +  O                   
  21      O1D      +  N2        =    O        +  N2                  
  22      O1D      +  O2        =    O        +  O2                  
  23      O2       +  HV        =    O        +  O1D                 
  24      O2       +  HV        =    O        +  O                   
  25      H2O      +  HV        =    H        +  OH                  
  26      H2O      +  HV        =    H2       +  O1D                 
  27      H2O      +  HV        =    H        +  H           O       
  28      O3       +  HV        =    O2       +  O1D                 
  29      O3       +  HV        =    O2       +  O                   
  30      O3       +  HV        =    O        +  O           O       
  31      H        +  CO        =    HCO      +                      
  32      H        +  HCO       =    H2       +  CO                  
  33      HCO      +  HCO       =    H2CO     +  CO                  
  34      OH       +  HCO       =    H2O      +  CO                  
  35      O        +  HCO       =    H        +  CO2                 
  36      O        +  HCO       =    OH       +  CO                  
  37      H2O2     +  HV        =    OH       +  OH                  
  38      CO2      +  HV        =    CO       +  O                   
  39      CO2      +  HV        =    CO       +  O1D                 
  40      CO       +  OH        =    CO2      +  H                   
  41      CO       +  O         =    CO2      +                      
  42      H2CO     +  HV        =    H2       +  CO                  
  43      H2CO     +  HV        =    HCO      +  H                   
  44      HCO      +  HV        =    H        +  CO                  
  45      H2CO     +  H         =    H2       +  HCO                 
  46      H        +  H         =    H2       +                      
  47      HCO      +  O2        =    HO2      +  CO                  
  48      H2CO     +  OH        =    H2O      +  HCO                 
  49      H        +  OH        =    H2O      +                      
  50      OH       +  OH        =    H2O2     +                      
  51      H2CO     +  O         =    HCO      +  OH                  
  52      H2O2     +  O         =    OH       +  HO2                 
  53      HO2      +  HV        =    OH       +  O                   
  54      CH4      +  HV        =    CH21     +  H2                  
  55      CH4      +  HV        =    CH3      +  H                   
  56      CH4      +  HV        =    CH23     +  H           H       
  57      C2H6     +  HV        =    CH23     +  CH23        H2      
  58      C2H6     +  HV        =    CH4      +  CH21                
  59      HNO2     +  HV        =    NO       +  OH                  
  60      HNO3     +  HV        =    NO2      +  OH                  
  61      HNO3     +  HV        =    HNO2     +  O                   
  62      HNO3     +  HV        =    HNO2     +  O1D                 
  63      NO       +  HV        =    N        +  O                   
  64      NO2      +  HV        =    NO       +  O1D                 
  65      NO2      +  HV        =    NO       +  O                   
  66      CH4      +  OH        =    CH3      +  H2O                 
  67      CH4      +  O1D       =    CH3      +  OH                  
  68      CH4      +  O1D       =    H2CO     +  H2                  
  69      CH21     +  CH4       =    CH3      +  CH3                 
  70      CH21     +  O2        =    HCO      +  OH                  
  71      CH21     +  N2        =    CH23     +  N2                  
  72      CH23     +  H2        =    CH3      +  H                   
  73      CH23     +  CH4       =    CH3      +  CH3                 
  74      CH23     +  O2        =    HCO      +  OH                  
  75      CH3      +  O2        =    H2CO     +  OH                  
  76      CH3      +  O         =    H2CO     +  H                   
  77      CH3      +  CH3       =    C2H6     +                      
  78      CH3      +  HV        =    CH21     +  H                   
  79      CH3      +  H         =    CH4      +                      
  80      CH3      +  HCO       =    CH4      +  CO                  
  81      CH3      +  HNO       =    CH4      +  NO                  
  82      CH3      +  H2CO      =    CH4      +  HCO                 
  83      H        +  NO        =    HNO      +                      
  84      N        +  N         =    N2       +                      
  85      N        +  O2        =    NO       +  O                   
  86      N        +  O3        =    NO       +  O2                  
  87      N        +  OH        =    NO       +  H                   
  88      N        +  NO        =    N2       +  O                   
  89      NO       +  O3        =    NO2      +  O2                  
  90      NO       +  O         =    NO2      +                      
  91      NO       +  HO2       =    NO2      +  OH                  
  92      NO       +  OH        =    HNO2     +                      
  93      NO2      +  O         =    NO       +  O2                  
  94      NO2      +  OH        =    HNO3     +                      
  95      NO2      +  H         =    NO       +  OH                  
  96      HNO3     +  OH        =    H2O      +  NO3                 
  97      HCO      +  NO        =    HNO      +  CO                  
  98      HNO      +  HV        =    NO       +  H                   
  99      H        +  HNO       =    H2       +  NO                  
 100      O        +  HNO       =    OH       +  NO                  
 101      OH       +  HNO       =    H2O      +  NO                  
 102      HNO2     +  OH        =    H2O      +  NO2                 
 103      CH4      +  O         =    CH3      +  OH                  
 104      CH21     +  H2        =    CH3      +  H                   
 105      CH21     +  CO2       =    H2CO     +  CO                  
 106      CH23     +  O         =    HCO      +  H                   
 107      CH23     +  CO2       =    H2CO     +  CO                  
 108      C2H6     +  OH        =    C2H5     +  H2O                 
 109      C2H6     +  O         =    C2H5     +  OH                  
 110      C2H6     +  O1D       =    C2H5     +  OH                  
 111      C2H5     +  H         =    CH3      +  CH3                 
 112      C2H5     +  O         =    CH3      +  HCO         H       
 113      C2H5     +  OH        =    CH3      +  HCO         H2      
 114      C2H5     +  HCO       =    C2H6     +  CO                  
 115      C2H5     +  HNO       =    C2H6     +  NO                  
 116      C2H5     +  O2        =    CH3      +  HCO         OH      
 117      SO       +  HV        =    S        +  O                   
 118      H2S      +  HV        =    HS       +  H                   
 119      SO2      +  HV        =    SO       +  O                   
 120      SO2      +  HV        =    SO21     +                      
 121      SO2      +  HV        =    SO23     +                      
 122      SO       +  O2        =    O        +  SO2                 
 123      SO       +  HO2       =    SO2      +  OH                  
 124      SO       +  O         =    SO2      +                      
 125      SO       +  OH        =    SO2      +  H                   
 126      SO2      +  OH        =    HSO3     +                      
 127      SO2      +  O         =    SO3      +                      
 128      SO3      +  H2O       =    H2SO4    +                      
 129      HSO3     +  O2        =    HO2      +  SO3                 
 130      HSO3     +  OH        =    H2O      +  SO3                 
 131      HSO3     +  H         =    H2       +  SO3                 
 132      HSO3     +  O         =    OH       +  SO3                 
 133      H2S      +  OH        =    H2O      +  HS                  
 134      H2S      +  H         =    H2       +  HS                  
 135      H2S      +  O         =    OH       +  HS                  
 136      HS       +  O         =    H        +  SO                  
 137      HS       +  O2        =    OH       +  SO                  
 138      HS       +  HO2       =    H2S      +  O2                  
 139      HS       +  HS        =    H2S      +  S                   
 140      HS       +  HCO       =    H2S      +  CO                  
 141      HS       +  H         =    H2       +  S                   
 142      HS       +  S         =    H        +  S2                  
 143      S        +  O2        =    SO       +  O                   
 144      S        +  OH        =    SO       +  H                   
 145      S        +  HCO       =    HS       +  CO                  
 146      S        +  HO2       =    HS       +  O2                  
 147      S        +  HO2       =    SO       +  OH                  
 148      S        +  S         =    S2       +                      
 149      S2       +  OH        =    HSO      +  S                   
 150      S2       +  O         =    S        +  SO                  
 151      HS       +  H2CO      =    H2S      +  HCO                 
 152      S2       +  HV        =    S        +  S                   
 153      S2       +  HV        =    S2       +                      
 154      S        +  S2        =    S3       +                      
 155      S2       +  S2        =    S4       +                      
 156      S        +  S3        =    S4       +                      
 157      S4       +  S4        =    S8       +                      
 158      S4       +  HV        =    S2       +  S2                  
 159      S3       +  HV        =    S2       +  S                   
 160      S8       +  HV        =    S4       +  S4                  
 161      S8       +  HV        =    S4       +  S4                  
 162      S8       +  HV        =    S4       +  S4                  
 163      SO3      +  HV        =    SO2      +  O                   
 164      SO21     +  M         =    SO23     +  M                   
 165      SO21     +  M         =    SO2      +  M                   
 166      SO21     +  HV        =    SO23     +  HV                  
 167      SO21     +  HV        =    SO2      +  HV                  
 168      SO21     +  O2        =    SO3      +  O                   
 169      SO21     +  SO2       =    SO3      +  SO                  
 170      SO23     +  M         =    SO2      +  M                   
 171      SO23     +  HV        =    SO2      +  HV                  
 172      SO23     +  SO2       =    SO3      +  SO                  
 173      SO       +  NO2       =    SO2      +  NO                  
 174      SO       +  O3        =    SO2      +  O2                  
 175      SO2      +  HO2       =    SO3      +  OH                  
 176      HS       +  O3        =    HSO      +  O2                  
 177      HS       +  NO2       =    HSO      +  NO                  
 178      S        +  O3        =    SO       +  O2                  
 179      SO       +  SO        =    SO2      +  S                   
 180      SO3      +  SO        =    SO2      +  SO2                 
 181      S        +  CO2       =    SO       +  CO                  
 182      SO       +  HO2       =    HSO      +  O2                  
 183      SO       +  HCO       =    HSO      +  CO                  
 184      H        +  SO        =    HSO      +                      
 185      HSO      +  HV        =    HS       +  O                   
 186      HSO      +  NO        =    HNO      +  SO                  
 187      HSO      +  OH        =    H2O      +  SO                  
 188      HSO      +  H         =    HS       +  OH                  
 189      HSO      +  H         =    H2       +  SO                  
 190      HSO      +  HS        =    H2S      +  SO                  
 191      HSO      +  O         =    OH       +  SO                  
 192      HSO      +  S         =    HS       +  SO                  
 193      SO3      +  CO        =    SO2      +  CO2                 
 194      H        +  OCS       =    CO       +  HS                  
 195      HS       +  CO        =    OCS      +  H                   
 196      O        +  OCS       =    CO       +  SO                  
 197      O        +  OCS       =    S        +  CO2                 
 198      OCS      +  S         =    CO       +  S2                  
 199      OCS      +  OH        =    CO2      +  HS                  
 200      S        +  HCO       =    OCS      +  H                   
 201      S        +  CO        =    OCS      +                      
 202      OCS      +  HV        =    CO       +  S                   
 203      CO       +  O1D       =    CO       +  O                   
 204      CO       +  O1D       =    CO2      +                      
 205      H2S      +  HO2       =    H2O      +  HSO                 
 206      OCS      +  S         =    OCS2     +                      
 207      OCS2     +  S         =    OCS      +  S2                  
 208      S3       +  O         =    S2       +  SO                  
 209      S4       +  O         =    S3       +  SO                  
 210      OCS2     +  CO        =    OCS      +  OCS                 
 211      O        +  NO3       =    O2       +  NO2                 
 212      HO2      +  NO3       =    OH       +  NO2         O2      
 213      NO       +  NO3       =    NO2      +  NO2                 
 214      O        +  NO2       =    NO3      +                      
 215      OH       +  NO3       =    HO2      +  NO2                 
 216      NO3      +  HV        =    NO       +  O2                  
 217      NO3      +  HV        =    NO2      +  O                   
 218      N        +  NO2       =    N2O      +  O                   
 219      O1D      +  N2        =    N2O      +                      
 220      O1D      +  N2O       =    N2       +  O2                  
 221      O1D      +  N2O       =    NO       +  NO                  
 222      N2O      +  HV        =    N2       +  O1D                 
 223      N        +  HO2       =    NO       +  OH                  
 224      O        +  N2O5      =    NO2      +  NO2         O2      
 225      NO2      +  NO3       =    N2O5     +                      
 226      N2O5     +  M         =    NO3      +  NO2                 
 227      NO2      +  NO3       =    NO       +  NO2         O2      
 228      NO2      +  O3        =    NO3      +  O2                  
 229      NO3      +  NO3       =    NO2      +  NO2         O2      
 230      HO2      +  NO2       =    HO2NO2   +                      
 231      O        +  HO2NO2    =    OH       +  NO2         O2      
 232      OH       +  HO2NO2    =    H2O      +  NO2         O2      
 233      HO2NO2   +  M         =    HO2      +  NO2                 
 234      HO2NO2   +  HV        =    HO2      +  NO2                 
 235      HO2NO2   +  HV        =    OH       +  NO3                 
 236      N2O5     +  HV        =    NO3      +  NO2                 
 237      N2O5     +  HV        =    NO3      +  NO          O       
 238      O        +  HNO3      =    OH       +  NO3                 
 239      HO2      +  NO2       =    HNO2     +  O2                  


 NQ=40     NZ=200     KJAC= 968000

 PO2= 1.516E-01  PNO= 3.515E-02  ZAPO2= 5.341E+03  ZAPNO = 1.238E+03  PRONO = 1.000E+09  PRONOP = 9.835E+08  ZAPCO = 1.022E+01  ZAPH2 = 1.318E+02
 N= 3     X= 7.01599E-01  ERR= 1.01068E-06

 TIME = 0.00E+00     TIMEY = 0.00E+00 YEARS

 NPHOT =    0

 MIXING RATIOS OF LONG-LIVED SPECIES


     Z        O        O2       H2O      H        OH       HO2      H2O2     H2       CO       HCO      H2CO     CH4      CH3      C2H6     NO       NO2      HNO      H2S     
  2.50E+04 3.37E-17 2.10E-01 1.15E-02 4.75E-21 5.00E-14 1.17E-11 1.15E-09 5.30E-07 1.10E-07 1.96E-22 2.61E-10 1.80E-06 1.71E-21 8.39E-27 2.48E-12 5.39E-12 1.40E-17 8.37E-12
  7.50E+04 3.87E-17 2.10E-01 9.55E-03 5.14E-21 5.36E-14 1.19E-11 1.21E-09 5.30E-07 1.07E-07 2.12E-22 2.58E-10 1.80E-06 1.72E-21 8.39E-27 2.71E-12 5.46E-12 1.38E-17 5.69E-12
  1.25E+05 4.50E-17 2.10E-01 8.00E-03 5.58E-21 5.81E-14 1.21E-11 1.24E-09 5.31E-07 1.04E-07 2.22E-22 2.46E-10 1.80E-06 1.74E-21 8.40E-27 3.02E-12 5.71E-12 1.16E-17 3.85E-12
  1.75E+05 5.28E-17 2.10E-01 6.56E-03 6.05E-21 6.30E-14 1.21E-11 1.24E-09 5.31E-07 1.01E-07 2.28E-22 2.30E-10 1.79E-06 1.76E-21 8.40E-27 3.43E-12 6.09E-12 9.17E-18 2.60E-12
  3.75E+05 1.04E-16 2.10E-01 2.53E-03 8.12E-21 8.52E-14 1.11E-11 1.04E-09 5.32E-07 8.98E-08 2.35E-22 1.69E-10 1.79E-06 1.73E-21 8.48E-27 6.36E-12 8.82E-12 3.21E-18 5.28E-13
  5.75E+05 1.92E-16 2.10E-01 6.87E-04 8.90E-21 9.54E-14 8.40E-12 6.56E-10 5.32E-07 8.09E-08 1.77E-22 1.00E-10 1.78E-06 1.26E-21 8.75E-27 1.02E-11 1.00E-11 9.79E-19 1.16E-13
  7.75E+05 3.18E-16 2.10E-01 1.13E-04 7.20E-21 7.98E-14 5.04E-12 3.30E-10 5.33E-07 7.42E-08 8.49E-23 4.23E-11 1.78E-06 5.79E-22 9.41E-27 1.32E-11 7.78E-12 3.08E-19 3.37E-14
  9.75E+05 4.98E-16 2.10E-01 1.13E-05 8.42E-21 9.58E-14 2.40E-12 1.42E-10 5.33E-07 6.93E-08 5.26E-23 1.99E-11 1.78E-06 3.25E-22 1.06E-26 3.58E-11 1.09E-11 2.29E-19 1.18E-14
  1.18E+06 1.22E-15 2.10E-01 4.17E-06 1.09E-20 1.06E-13 1.19E-12 4.03E-11 5.33E-07 6.32E-08 4.33E-23 1.23E-11 1.78E-06 3.07E-22 1.48E-26 7.99E-11 1.87E-11 1.10E-19 3.22E-15
  1.38E+06 5.31E-15 2.10E-01 3.94E-06 8.26E-21 7.21E-14 3.22E-13 2.30E-12 5.32E-07 5.12E-08 2.62E-23 6.03E-12 1.76E-06 2.27E-22 4.09E-26 2.16E-10 7.25E-11 2.62E-20 3.40E-16
  1.58E+06 2.59E-14 2.10E-01 4.02E-06 8.45E-21 7.01E-14 1.74E-13 1.31E-13 5.29E-07 3.74E-08 2.70E-23 4.51E-12 1.72E-06 2.80E-22 1.23E-25 4.85E-10 2.81E-10 5.49E-21 2.25E-17
  1.78E+06 1.06E-13 2.10E-01 4.17E-06 1.31E-20 1.04E-13 2.15E-13 1.09E-13 5.22E-07 2.59E-08 4.62E-23 5.29E-12 1.65E-06 5.60E-22 2.91E-25 8.13E-10 6.94E-10 1.05E-20 1.02E-18
  1.98E+06 3.71E-13 2.10E-01 4.36E-06 2.62E-20 1.87E-13 4.07E-13 2.42E-13 5.13E-07 1.84E-08 9.59E-23 7.36E-12 1.55E-06 1.36E-21 5.79E-25 1.14E-09 1.26E-09 2.11E-20 3.23E-20
  2.18E+06 1.18E-12 2.10E-01 4.58E-06 6.51E-20 3.78E-13 9.57E-13 8.00E-13 5.01E-07 1.43E-08 2.19E-22 1.10E-11 1.44E-06 3.68E-21 1.04E-24 1.47E-09 1.95E-09 2.58E-20 7.40E-22
  2.38E+06 3.49E-12 2.10E-01 4.81E-06 1.90E-19 8.15E-13 2.35E-12 2.81E-12 4.86E-07 1.23E-08 5.28E-22 1.68E-11 1.33E-06 1.04E-20 1.82E-24 1.90E-09 2.84E-09 3.20E-20 1.71E-23
  2.58E+06 9.73E-12 2.10E-01 5.05E-06 6.28E-19 1.81E-12 5.50E-12 8.59E-12 4.70E-07 1.14E-08 1.30E-21 2.51E-11 1.22E-06 3.03E-20 3.28E-24 2.55E-09 4.04E-09 4.88E-20 1.22E-23
  2.78E+06 2.56E-11 2.10E-01 5.29E-06 2.31E-18 3.99E-12 1.17E-11 2.11E-11 4.51E-07 1.12E-08 3.16E-21 3.61E-11 1.11E-06 8.77E-20 6.39E-24 3.52E-09 5.54E-09 9.53E-20 1.70E-23
  2.98E+06 6.38E-11 2.10E-01 5.53E-06 9.43E-18 8.31E-12 2.23E-11 4.02E-11 4.29E-07 1.14E-08 7.31E-21 4.87E-11 9.97E-07 2.48E-19 1.36E-23 4.85E-09 7.12E-09 2.09E-19 1.77E-23
  3.18E+06 1.53E-10 2.10E-01 5.78E-06 4.13E-17 1.57E-11 3.70E-11 5.94E-11 4.04E-07 1.18E-08 1.55E-20 6.13E-11 8.84E-07 6.70E-19 3.18E-23 6.48E-09 8.37E-09 4.56E-19 1.45E-23
  3.38E+06 3.56E-10 2.10E-01 6.02E-06 1.84E-16 2.72E-11 5.45E-11 7.09E-11 3.78E-07 1.24E-08 2.96E-20 7.25E-11 7.74E-07 1.69E-18 7.86E-23 8.22E-09 8.86E-09 9.41E-19 1.06E-23
  3.58E+06 8.08E-10 2.10E-01 6.25E-06 8.21E-16 4.43E-11 7.31E-11 7.27E-11 3.52E-07 1.30E-08 5.21E-20 8.09E-11 6.69E-07 4.00E-18 1.96E-22 9.90E-09 8.41E-09 1.82E-18 7.92E-24
  3.78E+06 1.81E-09 2.10E-01 6.46E-06 3.66E-15 7.08E-11 9.17E-11 6.68E-11 3.28E-07 1.35E-08 8.83E-20 8.67E-11 5.76E-07 9.06E-18 4.75E-22 1.14E-08 7.21E-09 3.37E-18 6.86E-24
  3.98E+06 4.04E-09 2.10E-01 6.63E-06 1.65E-14 1.13E-10 1.10E-10 5.73E-11 3.08E-07 1.37E-08 1.48E-19 8.96E-11 4.94E-07 2.00E-17 1.11E-21 1.27E-08 5.52E-09 6.05E-18 6.35E-24
  4.18E+06 9.00E-09 2.10E-01 6.78E-06 7.41E-14 1.80E-10 1.30E-10 4.86E-11 2.94E-07 1.38E-08 2.43E-19 8.87E-11 4.26E-07 4.29E-17 2.48E-21 1.36E-08 3.69E-09 1.03E-17 5.84E-24
  4.38E+06 1.93E-08 2.10E-01 6.88E-06 3.01E-13 2.70E-10 1.54E-10 4.32E-11 2.88E-07 1.40E-08 3.73E-19 8.25E-11 3.71E-07 8.44E-17 5.13E-21 1.40E-08 2.12E-09 1.59E-17 5.50E-24
  4.58E+06 3.77E-08 2.10E-01 6.95E-06 1.01E-12 3.68E-10 1.82E-10 4.04E-11 2.92E-07 1.42E-08 5.08E-19 7.17E-11 3.30E-07 1.44E-16 9.59E-21 1.37E-08 1.09E-09 2.09E-17 5.49E-24
  4.78E+06 6.56E-08 2.10E-01 6.99E-06 2.74E-12 4.56E-10 2.09E-10 3.86E-11 3.05E-07 1.47E-08 6.11E-19 5.98E-11 3.00E-07 2.13E-16 1.63E-20 1.28E-08 5.29E-10 2.42E-17 5.75E-24
  4.98E+06 1.04E-07 2.10E-01 7.00E-06 6.31E-12 5.28E-10 2.34E-10 3.66E-11 3.27E-07 1.60E-08 6.72E-19 4.91E-11 2.79E-07 2.85E-16 2.63E-20 1.17E-08 2.56E-10 2.55E-17 6.10E-24
  5.18E+06 1.54E-07 2.10E-01 6.99E-06 1.31E-11 5.86E-10 2.54E-10 3.40E-11 3.58E-07 1.84E-08 7.11E-19 4.03E-11 2.65E-07 3.67E-16 4.14E-20 1.05E-08 1.27E-10 2.53E-17 6.26E-24
  5.38E+06 2.18E-07 2.10E-01 6.96E-06 2.55E-11 6.33E-10 2.72E-10 3.08E-11 3.97E-07 2.27E-08 7.34E-19 3.31E-11 2.54E-07 4.64E-16 6.43E-20 9.35E-09 6.41E-11 2.43E-17 6.21E-24
  5.58E+06 3.03E-07 2.10E-01 6.92E-06 4.80E-11 6.77E-10 2.89E-10 2.77E-11 4.46E-07 2.99E-08 7.49E-19 2.73E-11 2.45E-07 5.80E-16 9.87E-20 8.25E-09 3.32E-11 2.28E-17 6.03E-24
  5.78E+06 4.15E-07 2.10E-01 6.86E-06 8.92E-11 7.22E-10 3.06E-10 2.50E-11 5.06E-07 4.11E-08 7.60E-19 2.24E-11 2.38E-07 7.20E-16 1.49E-19 7.24E-09 1.75E-11 2.12E-17 5.83E-24
  5.98E+06 5.62E-07 2.10E-01 6.78E-06 1.65E-10 7.73E-10 3.26E-10 2.27E-11 5.79E-07 5.80E-08 7.67E-19 1.84E-11 2.32E-07 8.84E-16 2.22E-19 6.32E-09 9.43E-12 1.97E-17 5.72E-24
  6.18E+06 7.54E-07 2.10E-01 6.69E-06 3.06E-10 8.34E-10 3.50E-10 2.09E-11 6.67E-07 8.27E-08 7.70E-19 1.51E-11 2.26E-07 1.07E-15 3.26E-19 5.49E-09 5.22E-12 1.83E-17 5.80E-24
  6.38E+06 1.00E-06 2.10E-01 6.57E-06 5.71E-10 9.08E-10 3.81E-10 1.97E-11 7.73E-07 1.18E-07 7.66E-19 1.23E-11 2.20E-07 1.26E-15 4.72E-19 4.75E-09 2.98E-12 1.72E-17 6.15E-24
  6.58E+06 1.32E-06 2.10E-01 6.43E-06 1.07E-09 1.00E-09 4.19E-10 1.90E-11 9.02E-07 1.67E-07 7.57E-19 9.98E-12 2.13E-07 1.43E-15 6.75E-19 4.11E-09 1.78E-12 1.64E-17 6.82E-24
  6.78E+06 1.74E-06 2.10E-01 6.26E-06 2.04E-09 1.11E-09 4.66E-10 1.86E-11 1.06E-06 2.34E-07 7.53E-19 8.06E-12 2.05E-07 1.56E-15 9.56E-19 3.56E-09 1.11E-12 1.57E-17 7.90E-24
  6.98E+06 2.28E-06 2.10E-01 6.05E-06 3.96E-09 1.26E-09 5.30E-10 1.93E-11 1.25E-06 3.26E-07 8.38E-19 6.82E-12 1.96E-07 1.69E-15 1.34E-18 3.09E-09 7.35E-13 1.55E-17 9.97E-24
  7.18E+06 2.85E-06 2.09E-01 5.79E-06 7.98E-09 1.52E-09 6.49E-10 2.31E-11 1.48E-06 4.49E-07 1.58E-18 7.91E-12 1.85E-07 2.40E-15 1.87E-18 2.72E-09 5.55E-13 1.67E-17 1.66E-23
  7.38E+06 3.31E-06 2.09E-01 5.47E-06 1.72E-08 2.08E-09 9.11E-10 3.48E-11 1.77E-06 6.15E-07 5.18E-18 1.62E-11 1.71E-07 6.05E-15 2.57E-18 2.43E-09 5.27E-13 2.09E-17 4.18E-23
  7.58E+06 3.87E-06 2.09E-01 5.09E-06 4.02E-08 3.03E-09 1.36E-09 5.62E-11 2.11E-06 8.36E-07 1.72E-17 3.84E-11 1.56E-07 1.81E-14 3.46E-18 2.22E-09 5.55E-13 2.86E-17 1.12E-22
  7.78E+06 4.82E-06 2.09E-01 4.61E-06 9.85E-08 4.37E-09 1.97E-09 8.56E-11 2.51E-06 1.13E-06 4.59E-17 7.54E-11 1.37E-07 4.27E-14 4.39E-18 2.09E-09 5.57E-13 3.96E-17 2.58E-22
  7.98E+06 7.10E-06 2.09E-01 4.06E-06 2.74E-07 6.17E-09 2.72E-09 1.02E-10 2.91E-06 1.51E-06 9.89E-17 1.12E-10 1.18E-07 6.83E-14 4.76E-18 2.03E-09 4.64E-13 5.42E-17 3.65E-22
  8.18E+06 3.07E-05 2.09E-01 3.40E-06 8.18E-07 3.72E-09 1.42E-09 3.98E-11 3.22E-06 1.99E-06 1.91E-16 8.27E-11 9.77E-08 3.09E-14 4.16E-18 2.05E-09 7.14E-14 2.85E-17 3.39E-23
  8.38E+06 1.72E-04 2.08E-01 2.71E-06 1.69E-06 1.63E-09 3.99E-10 6.36E-12 3.36E-06 2.57E-06 3.08E-16 2.98E-11 7.82E-08 8.74E-15 3.21E-18 2.18E-09 9.53E-15 8.40E-18 3.30E-25
  8.58E+06 6.42E-04 2.08E-01 2.08E-06 2.60E-06 9.22E-10 1.23E-10 6.91E-13 3.42E-06 3.22E-06 4.12E-16 1.16E-11 6.06E-08 3.27E-15 2.23E-18 2.53E-09 5.25E-15 3.01E-18 1.09E-27
  8.78E+06 1.75E-03 2.06E-01 1.54E-06 3.40E-06 5.88E-10 4.40E-11 5.41E-14 3.43E-06 3.92E-06 4.78E-16 5.53E-12 4.57E-08 1.53E-15 1.37E-18 3.25E-09 4.69E-15 1.38E-18 5.06E-30
  8.98E+06 3.82E-03 2.05E-01 1.12E-06 4.04E-06 3.87E-10 1.78E-11 3.25E-15 3.41E-06 4.63E-06 4.89E-16 3.05E-12 3.36E-08 8.41E-16 7.46E-19 4.58E-09 4.83E-15 7.93E-19 9.98E-32
  9.18E+06 7.08E-03 2.02E-01 7.90E-07 4.53E-06 2.54E-10 7.96E-12 1.92E-16 3.39E-06 5.34E-06 4.59E-16 1.89E-12 2.43E-08 5.21E-16 3.71E-19 6.73E-09 5.26E-15 5.28E-19 4.15E-33
  9.38E+06 1.16E-02 1.99E-01 5.52E-07 4.90E-06 1.64E-10 3.86E-12 1.69E-17 3.36E-06 6.00E-06 4.13E-16 1.30E-12 1.74E-08 3.57E-16 1.73E-19 9.37E-09 5.44E-15 3.63E-19 2.86E-34
  9.58E+06 1.72E-02 1.94E-01 3.88E-07 5.16E-06 1.04E-10 2.01E-12 2.52E-18 3.33E-06 6.59E-06 3.76E-16 9.89E-13 1.26E-08 2.72E-16 8.03E-20 1.12E-08 4.84E-15 2.30E-19 2.94E-35
  9.78E+06 2.36E-02 1.90E-01 2.88E-07 5.33E-06 6.46E-11 1.11E-12 5.24E-19 3.31E-06 7.04E-06 3.75E-16 8.79E-13 9.80E-09 2.41E-16 4.02E-20 1.16E-08 3.75E-15 1.36E-19 4.26E-36
  9.98E+06 2.91E-02 1.85E-01 2.50E-07 5.41E-06 3.98E-11 6.68E-13 1.66E-19 3.29E-06 7.27E-06 5.00E-16 1.14E-12 8.91E-09 3.13E-16 2.75E-20 1.15E-08 2.77E-15 8.25E-20 9.71E-37

     Z        HS       S        SO       SO2      H2SO4    HSO      S2       S4       S8       SO3      OCS      S3       O3       HNO3     N        NO3      N2O      HO2NO2  
  2.50E+04 1.50E-17 9.49E-33 1.50E-19 6.19E-11 4.26E-12 4.05E-13 8.11E-37 8.80E-64 1.46-108 1.74E-21 3.15E-22 4.43E-61 1.35E-08 3.39E-11 1.06-228 5.10E-16 3.00E-07 1.18E-13
  7.50E+04 1.08E-17 4.86E-33 1.31E-19 9.51E-11 6.47E-12 3.81E-13 5.06E-37 3.06E-64 1.46-108 3.54E-21 3.15E-22 1.25E-61 1.42E-08 3.78E-11 7.37-222 4.93E-16 3.00E-07 1.69E-13
  1.25E+05 7.73E-18 2.49E-33 1.10E-19 1.24E-10 8.72E-12 3.01E-13 2.67E-37 7.64E-65 1.46-108 6.05E-21 3.15E-22 2.98E-62 1.52E-08 4.26E-11 4.34-215 4.97E-16 3.00E-07 2.51E-13
  1.75E+05 5.50E-18 1.26E-33 9.01E-20 1.49E-10 1.11E-11 2.21E-13 1.29E-37 1.59E-65 1.46-108 9.82E-21 3.14E-22 6.41E-63 1.63E-08 4.86E-11 2.15-208 5.18E-16 3.00E-07 3.84E-13
  3.75E+05 1.32E-18 7.16E-35 3.65E-20 2.36E-10 2.01E-11 5.14E-14 4.28E-39 1.12E-68 1.46-108 6.32E-20 3.14E-22 7.42E-66 2.29E-08 7.74E-11 1.99-182 6.97E-16 3.00E-07 2.59E-12
  5.75E+05 2.82E-19 3.29E-36 1.45E-20 3.23E-10 2.54E-11 1.20E-14 9.19E-41 3.29E-72 1.45-108 4.34E-19 3.13E-22 4.55E-69 3.15E-08 9.52E-11 6.45-158 7.85E-16 3.00E-07 1.81E-11
  7.75E+05 6.09E-20 1.62E-37 6.89E-21 4.19E-10 2.52E-11 3.54E-15 1.51E-42 5.70E-76 1.45-108 3.51E-18 3.13E-22 2.31E-72 4.07E-08 1.00E-10 2.84-135 7.82E-16 3.00E-07 4.35E-11
  9.75E+05 2.32E-20 2.89E-38 6.72E-21 5.01E-10 2.85E-11 1.21E-15 2.17E-44 7.46E-80 1.45-108 6.17E-17 3.12E-22 3.66E-75 5.04E-08 1.10E-10 5.26-115 9.84E-16 2.99E-07 3.85E-11
  1.18E+06 5.69E-21 7.33E-39 2.90E-21 6.78E-10 3.11E-11 3.44E-16 1.14E-46 1.12E-84 1.45-108 4.04E-16 3.11E-22 2.61E-78 7.19E-08 1.54E-10 8.49E-96 1.08E-15 2.99E-07 2.51E-11
  1.38E+06 2.18E-22 6.59E-37 2.28E-20 1.32E-09 2.81E-11 3.88E-17 1.14E-46 5.82E-85 1.45-108 6.19E-16 3.04E-22 1.21E-76 1.65E-07 4.08E-10 7.23E-76 1.48E-15 2.95E-07 2.09E-11
  1.58E+06 6.30E-24 4.12E-34 6.96E-19 2.02E-09 2.68E-11 3.10E-18 1.52E-45 5.25E-83 1.45-108 1.11E-15 2.85E-22 5.11E-73 4.06E-07 1.15E-09 5.69E-60 4.23E-15 2.85E-07 2.87E-11
  1.78E+06 2.22E-25 4.82E-32 6.77E-18 1.77E-09 2.18E-11 5.81E-18 1.42E-44 2.36E-81 1.45-108 1.91E-15 2.53E-22 2.85E-70 8.21E-07 2.46E-09 2.06E-48 1.26E-14 2.68E-07 4.88E-11
  1.98E+06 6.28E-26 1.18E-30 2.04E-17 7.49E-10 1.02E-11 1.29E-17 1.61E-43 1.55E-79 1.44-108 2.08E-15 2.09E-22 4.02E-68 1.41E-06 4.16E-09 5.26E-40 3.03E-14 2.44E-07 8.56E-11
  2.18E+06 2.51E-25 9.42E-30 2.69E-17 1.96E-10 3.25E-12 1.50E-17 9.07E-43 2.51E-78 1.44-108 1.69E-15 1.62E-22 9.24E-67 2.18E-06 5.83E-09 7.55E-34 6.21E-14 2.18E-07 1.44E-10
  2.38E+06 7.79E-25 4.68E-29 2.77E-17 5.12E-11 1.09E-12 1.39E-17 4.00E-42 2.52E-77 1.43-108 1.51E-15 1.15E-22 1.04E-65 3.12E-06 7.05E-09 2.95E-29 1.15E-13 1.89E-07 2.17E-10
  2.58E+06 1.75E-24 1.60E-28 2.37E-17 1.33E-11 3.82E-13 1.04E-17 1.24E-41 1.27E-76 1.42-108 1.38E-15 7.33E-23 5.79E-65 4.17E-06 7.47E-09 9.88E-26 1.96E-13 1.61E-07 2.79E-10
  2.78E+06 2.93E-24 3.96E-28 1.70E-17 3.42E-12 2.19E-13 6.27E-18 2.32E-41 2.33E-76 1.42-108 1.24E-15 3.99E-23 1.41E-64 5.20E-06 6.99E-09 5.59E-23 3.04E-13 1.32E-07 2.98E-10
  2.98E+06 3.81E-24 7.54E-28 1.08E-17 9.12E-13 9.10E-13 3.11E-18 2.66E-41 1.62E-76 1.41-108 1.14E-15 1.78E-23 1.62E-64 6.01E-06 5.72E-09 7.60E-21 4.24E-13 1.05E-07 2.61E-10
  3.18E+06 4.04E-24 1.18E-27 6.49E-18 2.69E-13 1.55E-12 1.33E-18 2.05E-41 5.11E-77 1.40-108 1.12E-15 6.00E-24 1.04E-64 6.45E-06 4.08E-09 3.20E-19 5.34E-13 8.06E-08 1.88E-10
  3.38E+06 3.91E-24 1.72E-27 4.14E-18 9.67E-14 1.72E-12 5.50E-19 1.35E-41 1.19E-77 1.39-108 1.21E-15 1.46E-24 5.38E-65 6.54E-06 2.55E-09 5.31E-18 6.02E-13 5.96E-08 1.12E-10
  3.58E+06 4.02E-24 2.75E-27 3.25E-18 4.75E-14 1.77E-12 2.60E-19 1.04E-41 3.86E-78 1.38-108 1.39E-15 2.48E-25 3.61E-65 6.43E-06 1.46E-09 4.36E-17 6.14E-13 4.27E-08 5.69E-11
  3.78E+06 4.88E-24 5.35E-27 3.43E-18 3.37E-14 1.78E-12 1.56E-19 1.15E-41 2.64E-78 1.37-108 1.49E-15 3.01E-26 4.33E-65 6.21E-06 7.99E-10 2.16E-16 5.71E-13 3.02E-08 2.53E-11
  3.98E+06 6.41E-24 1.15E-26 4.34E-18 3.01E-14 1.78E-12 1.07E-19 1.52E-41 2.59E-78 1.35-108 1.35E-15 2.61E-27 6.96E-65 5.89E-06 4.19E-10 7.50E-16 4.82E-13 2.13E-08 9.83E-12
  4.18E+06 8.24E-24 2.45E-26 5.78E-18 2.94E-14 1.78E-12 7.66E-20 1.92E-41 2.38E-78 1.34-108 1.10E-15 1.66E-28 1.07E-64 5.41E-06 2.02E-10 2.02E-15 3.61E-13 1.50E-08 3.39E-12
  4.38E+06 1.03E-23 4.99E-26 7.80E-18 2.93E-14 1.78E-12 5.75E-20 2.33E-41 2.05E-78 1.33-108 8.58E-16 8.52E-30 1.55E-64 4.80E-06 8.54E-11 4.59E-15 2.32E-13 1.07E-08 1.08E-12
  4.58E+06 1.29E-23 9.91E-26 1.08E-17 2.94E-14 1.78E-12 4.82E-20 3.00E-41 2.04E-78 1.31-108 6.57E-16 8.23E-31 2.39E-64 4.12E-06 3.15E-11 9.49E-15 1.28E-13 7.85E-09 3.35E-13
  4.78E+06 1.63E-23 1.97E-25 1.57E-17 2.95E-14 1.78E-12 4.62E-20 4.36E-41 2.62E-78 1.30-108 4.98E-16 5.14E-31 4.21E-64 3.48E-06 1.08E-11 1.90E-14 6.32E-14 5.89E-09 1.07E-13
  4.98E+06 2.04E-23 3.94E-25 2.33E-17 2.95E-14 1.77E-12 4.87E-20 6.90E-41 4.05E-78 1.29-108 3.72E-16 5.56E-31 8.18E-64 2.91E-06 3.62E-12 3.68E-14 2.92E-14 4.54E-09 3.49E-14
  5.18E+06 2.46E-23 7.72E-25 3.45E-17 2.96E-14 1.77E-12 5.30E-20 1.10E-40 6.32E-78 1.27-108 2.74E-16 6.71E-31 1.57E-63 2.40E-06 1.20E-12 6.71E-14 1.31E-14 3.61E-09 1.16E-14
  5.38E+06 2.88E-23 1.49E-24 5.07E-17 2.96E-14 1.77E-12 5.87E-20 1.75E-40 9.75E-78 1.26-108 2.00E-16 8.78E-31 2.93E-63 1.97E-06 4.01E-13 1.16E-13 5.77E-15 2.93E-09 3.95E-15
  5.58E+06 3.32E-23 2.85E-24 7.42E-17 2.96E-14 1.77E-12 6.57E-20 2.79E-40 1.50E-77 1.24-108 1.45E-16 1.23E-30 5.41E-63 1.62E-06 1.36E-13 1.93E-13 2.54E-15 2.42E-09 1.36E-15
  5.78E+06 3.81E-23 5.43E-24 1.09E-16 2.96E-14 1.76E-12 7.44E-20 4.47E-40 2.32E-77 1.23-108 1.06E-16 1.79E-30 9.96E-63 1.33E-06 4.67E-14 3.13E-13 1.12E-15 2.03E-09 4.81E-16
  5.98E+06 4.44E-23 1.04E-23 1.59E-16 2.95E-14 1.76E-12 8.57E-20 7.33E-40 3.73E-77 1.21-108 7.77E-17 2.69E-30 1.87E-62 1.09E-06 1.64E-14 4.96E-13 4.97E-16 1.73E-09 1.74E-16
  6.18E+06 5.31E-23 1.98E-23 2.33E-16 2.94E-14 1.75E-12 1.01E-19 1.25E-39 6.47E-77 1.19-108 5.70E-17 4.07E-30 3.62E-62 8.87E-07 5.96E-15 7.72E-13 2.24E-16 1.48E-09 6.48E-17
  6.38E+06 6.59E-23 3.79E-23 3.43E-16 2.93E-14 1.75E-12 1.21E-19 2.23E-39 1.23E-76 1.16-108 4.18E-17 6.14E-30 7.37E-62 7.15E-07 2.24E-15 1.18E-12 1.03E-16 1.29E-09 2.52E-17
  6.58E+06 8.50E-23 7.27E-23 5.04E-16 2.91E-14 1.74E-12 1.48E-19 4.19E-39 2.55E-76 1.13-108 3.06E-17 9.17E-30 1.56E-61 5.71E-07 8.84E-16 1.79E-12 4.89E-17 1.12E-09 1.02E-17
  6.78E+06 1.14E-22 1.39E-22 7.40E-16 2.88E-14 1.73E-12 1.84E-19 8.17E-39 5.66E-76 1.10-108 2.23E-17 1.36E-29 3.42E-61 4.52E-07 3.66E-16 2.68E-12 2.41E-17 9.87E-10 4.37E-18
  6.98E+06 1.61E-22 2.66E-22 1.08E-15 2.84E-14 1.72E-12 2.33E-19 1.69E-38 1.41E-75 1.07-108 1.61E-17 2.02E-29 7.86E-61 3.52E-07 1.63E-16 3.96E-12 1.25E-17 8.72E-10 2.01E-18
  7.18E+06 2.77E-22 5.01E-22 1.54E-15 2.78E-14 1.71E-12 3.25E-19 4.36E-38 5.40E-75 1.03-108 1.15E-17 3.22E-29 2.19E-60 2.59E-07 8.61E-17 5.74E-12 7.05E-18 7.73E-10 1.12E-18
  7.38E+06 6.58E-22 9.10E-22 2.12E-15 2.71E-14 1.70E-12 5.39E-19 1.62E-37 4.25E-74 9.82-109 8.14E-18 6.01E-29 8.45E-60 1.73E-07 6.14E-17 8.02E-12 4.68E-18 6.86E-10 8.65E-19
  7.58E+06 1.66E-21 1.52E-21 2.63E-15 2.64E-14 1.68E-12 8.49E-19 5.82E-37 3.06E-73 9.30-109 5.81E-18 1.30E-28 2.82E-59 1.08E-07 5.08E-17 1.00E-11 3.32E-18 6.09E-10 7.55E-19
  7.78E+06 3.83E-21 2.44E-21 3.15E-15 2.57E-14 1.66E-12 1.17E-18 1.73E-36 1.51E-72 8.70-109 4.33E-18 2.87E-28 7.52E-59 6.88E-08 4.02E-17 1.23E-11 2.35E-18 5.39E-10 6.13E-19
  7.98E+06 6.93E-21 3.85E-21 3.70E-15 2.49E-14 1.63E-12 1.27E-18 3.36E-36 3.16E-72 8.02-109 3.75E-18 5.73E-28 1.28E-58 4.75E-08 2.46E-17 1.56E-11 1.58E-18 4.75E-10 3.80E-19
  8.18E+06 7.95E-22 7.48E-21 5.35E-15 2.29E-14 1.59E-12 2.26E-19 1.76E-37 4.88E-75 7.26-109 4.93E-18 9.52E-28 7.27E-60 8.27E-08 4.45E-18 2.82E-11 4.01E-19 4.15E-10 3.49E-20
  8.38E+06 2.03E-23 1.39E-20 7.42E-15 2.04E-14 1.54E-12 1.59E-20 1.49E-39 1.97E-79 6.38-109 9.01E-18 1.04E-27 6.42E-62 2.03E-07 4.21E-19 5.43E-11 6.84E-20 3.59E-10 1.03E-21
  8.58E+06 8.67E-25 2.32E-20 9.17E-15 1.81E-14 1.48E-12 1.65E-21 2.84E-41 3.98E-83 5.43-109 1.47E-17 8.00E-28 1.13E-63 3.83E-07 3.96E-20 1.01E-10 3.29E-20 3.08E-10 5.53E-23
  8.78E+06 6.51E-26 3.65E-20 1.07E-14 1.59E-14 1.41E-12 2.59E-22 1.24E-42 5.06E-86 4.41-109 1.91E-17 5.71E-28 4.35E-65 5.84E-07 4.89E-21 2.04E-10 2.30E-20 2.60E-10 7.73E-24
  8.98E+06 7.73E-27 5.56E-20 1.21E-14 1.38E-14 1.31E-12 5.61E-23 1.08E-43 7.19E-88 3.40-109 2.04E-17 4.17E-28 3.21E-66 7.49E-07 1.04E-21 5.34E-10 1.81E-20 2.18E-10 1.67E-24
  9.18E+06 1.32E-27 8.30E-20 1.33E-14 1.16E-14 1.20E-12 1.57E-23 1.89E-44 6.93E-89 2.45-109 1.85E-17 3.18E-28 4.70E-67 8.36E-07 3.30E-22 2.16E-09 1.48E-20 1.81E-10 4.38E-25
  9.38E+06 3.03E-28 1.22E-19 1.43E-14 9.45E-15 1.07E-12 5.41E-24 7.58E-45 1.82E-89 1.63-109 1.45E-17 2.57E-28 1.55E-67 8.31E-07 1.14E-22 1.16E-08 1.15E-20 1.49E-10 1.21E-25
  9.58E+06 8.79E-29 1.75E-19 1.51E-14 7.41E-15 9.31E-13 2.17E-24 5.69E-45 8.81E-90 9.82-110 1.01E-17 2.27E-28 9.37E-68 7.49E-07 3.63E-23 6.12E-08 7.71E-21 1.23E-10 3.18E-26
  9.78E+06 3.10E-29 2.45E-19 1.55E-14 5.56E-15 7.78E-13 9.89E-25 5.57E-45 5.37E-90 5.32-110 6.42E-18 2.32E-28 7.24E-68 6.18E-07 1.02E-23 2.73E-07 4.48E-21 1.02E-10 7.78E-27
  9.98E+06 1.37E-29 3.32E-19 1.53E-14 4.12E-15 6.24E-13 5.15E-25 6.01E-45 3.37E-90 2.58-110 4.31E-18 3.20E-28 5.96E-68 4.63E-07 3.32E-24 9.81E-07 2.48E-21 9.03E-11 2.22E-27

     Z        N2O5     CO2      SO4AER   S8AER   
  2.50E+04 9.26E-18 2.25E-04 2.10E-10 1.00E-38
  7.50E+04 1.24E-17 2.25E-04 2.22E-10 1.00E-38
  1.25E+05 1.81E-17 2.25E-04 2.46E-10 1.00E-38
  1.75E+05 2.85E-17 2.25E-04 2.83E-10 1.00E-38
  3.75E+05 2.67E-16 2.25E-04 5.20E-10 1.00E-38
  5.75E+05 2.21E-15 2.25E-04 8.31E-10 1.00E-38
  7.75E+05 4.94E-15 2.25E-04 1.19E-09 1.00E-38
  9.75E+05 7.05E-15 2.25E-04 1.58E-09 1.00E-38
  1.18E+06 9.67E-15 2.25E-04 2.47E-09 1.00E-38
  1.38E+06 3.51E-14 2.25E-04 5.17E-09 1.00E-38
  1.58E+06 2.54E-13 2.25E-04 8.19E-09 1.00E-38
  1.78E+06 1.21E-12 2.26E-04 8.33E-09 1.00E-38
  1.98E+06 3.41E-12 2.26E-04 6.20E-09 1.00E-38
  2.18E+06 6.73E-12 2.26E-04 4.09E-09 1.00E-38
  2.38E+06 1.09E-11 2.26E-04 2.70E-09 1.00E-38
  2.58E+06 1.52E-11 2.26E-04 1.84E-09 1.00E-38
  2.78E+06 1.75E-11 2.26E-04 1.30E-09 1.00E-38
  2.98E+06 1.59E-11 2.26E-04 9.50E-10 1.00E-38
  3.18E+06 1.12E-11 2.26E-04 7.15E-10 1.00E-38
  3.38E+06 6.16E-12 2.26E-04 5.26E-10 1.00E-38
  3.58E+06 2.74E-12 2.26E-04 3.75E-10 1.00E-38
  3.78E+06 1.00E-12 2.26E-04 2.61E-10 1.00E-38
  3.98E+06 2.97E-13 2.26E-04 1.77E-10 1.00E-38
  4.18E+06 6.95E-14 2.26E-04 1.17E-10 1.00E-38
  4.38E+06 1.28E-14 2.26E-04 7.62E-11 1.00E-38
  4.58E+06 2.00E-15 2.26E-04 4.87E-11 1.00E-38
  4.78E+06 2.96E-16 2.26E-04 3.06E-11 1.00E-38
  4.98E+06 4.24E-17 2.26E-04 1.87E-11 1.00E-38
  5.18E+06 5.92E-18 2.26E-04 1.11E-11 1.00E-38
  5.38E+06 8.30E-19 2.26E-04 6.22E-12 1.00E-38
  5.58E+06 1.18E-19 2.26E-04 3.24E-12 1.00E-38
  5.78E+06 1.72E-20 2.26E-04 1.53E-12 1.00E-38
  5.98E+06 2.57E-21 2.26E-04 6.33E-13 1.00E-38
  6.18E+06 3.98E-22 2.26E-04 2.23E-13 1.00E-38
  6.38E+06 6.48E-23 2.25E-04 6.33E-14 1.00E-38
  6.58E+06 1.12E-23 2.25E-04 1.37E-14 1.00E-38
  6.78E+06 2.10E-24 2.25E-04 2.08E-15 1.00E-38
  6.98E+06 4.34E-25 2.24E-04 1.98E-16 1.00E-38
  7.18E+06 1.10E-25 2.24E-04 1.01E-17 1.00E-38
  7.38E+06 3.97E-26 2.23E-04 2.19E-19 1.00E-38
  7.58E+06 1.67E-26 2.22E-04 1.32E-21 1.00E-38
  7.78E+06 6.63E-27 2.21E-04 9.42E-25 1.00E-38
  7.98E+06 2.09E-27 2.20E-04 5.49E-31 1.00E-38
  8.18E+06 9.88E-29 2.18E-04 2.84E-35 1.00E-38
  8.38E+06 1.47E-30 2.16E-04 1.00E-38 1.00E-38
  8.58E+06 8.76E-32 2.13E-04 1.00E-38 1.00E-38
  8.78E+06 2.45E-32 2.10E-04 1.00E-38 1.00E-38
  8.98E+06 9.78E-33 2.06E-04 1.00E-38 1.00E-38
  9.18E+06 4.40E-33 2.01E-04 1.00E-38 1.00E-38
  9.38E+06 1.85E-33 1.95E-04 1.00E-38 1.00E-38
  9.58E+06 6.01E-34 1.88E-04 1.00E-38 1.00E-38
  9.78E+06 1.52E-34 1.79E-04 1.00E-38 1.00E-38
  9.98E+06 3.84E-35 1.70E-04 1.00E-38 1.00E-38
 NW =                   750    WAVELENGTH GRID:   1176.5000000000000       -   10000.000000000000       Angstroms


 PHOTOLYSIS RATES

     Z      PO2_O1D    PO2_O3P    PH2O_1     PH2O_2     PH2O_3     PO3_O1D    PO3_O      PO3_3O     
 2.50E+04   0.00E+00   4.47E-36   9.63E-38   0.00E+00   0.00E+00   7.21E-06   2.04E-04   1.44E-41
 1.75E+05   0.00E+00   6.34E-33   3.18E-34   0.00E+00   0.00E+00   8.34E-06   2.10E-04   4.99E-35
 3.25E+05   0.00E+00   5.60E-30   5.94E-31   0.00E+00   0.00E+00   9.31E-06   2.16E-04   4.00E-30
 4.75E+05   0.00E+00   2.55E-27   5.72E-28   0.00E+00   0.00E+00   1.02E-05   2.22E-04   2.43E-26
 6.25E+05   0.00E+00   6.01E-25   2.62E-25   0.00E+00   0.00E+00   1.09E-05   2.27E-04   2.73E-23
 7.75E+05   0.00E+00   7.67E-23   5.60E-23   0.00E+00   0.00E+00   1.16E-05   2.32E-04   9.74E-21
 9.25E+05   0.00E+00   5.50E-21   5.83E-21   0.00E+00   0.00E+00   1.22E-05   2.36E-04   1.46E-18
 1.08E+06   0.00E+00   2.21E-19   3.06E-19   0.00E+00   0.00E+00   1.29E-05   2.40E-04   1.01E-16
 1.22E+06   0.00E+00   4.67E-18   7.81E-18   0.00E+00   0.00E+00   1.37E-05   2.43E-04   3.21E-15
 1.38E+06   0.00E+00   5.67E-17   1.09E-16   0.00E+00   0.00E+00   1.45E-05   2.47E-04   5.29E-14
 1.52E+06   0.00E+00   4.51E-16   9.57E-16   0.00E+00   0.00E+00   1.54E-05   2.51E-04   5.28E-13
 1.68E+06   0.00E+00   2.59E-15   5.89E-15   0.00E+00   0.00E+00   1.66E-05   2.54E-04   3.58E-12
 1.82E+06   0.00E+00   1.15E-14   2.75E-14   0.00E+00   0.00E+00   1.82E-05   2.58E-04   1.80E-11
 1.98E+06   0.00E+00   4.20E-14   1.03E-13   0.00E+00   0.00E+00   2.03E-05   2.61E-04   7.16E-11
 2.12E+06   0.00E+00   1.30E-13   3.23E-13   0.00E+00   0.00E+00   2.32E-05   2.63E-04   2.35E-10
 2.28E+06   0.00E+00   3.52E-13   8.85E-13   0.00E+00   0.00E+00   2.72E-05   2.66E-04   6.64E-10
 2.42E+06   0.00E+00   8.58E-13   2.18E-12   0.00E+00   0.00E+00   3.27E-05   2.68E-04   1.66E-09
 2.58E+06   0.00E+00   1.91E-12   4.96E-12   0.00E+00   0.00E+00   4.03E-05   2.71E-04   3.74E-09
 2.72E+06   0.00E+00   3.94E-12   1.05E-11   0.00E+00   0.00E+00   5.10E-05   2.74E-04   7.66E-09
 2.88E+06   0.00E+00   7.54E-12   2.05E-11   0.00E+00   0.00E+00   6.59E-05   2.77E-04   1.44E-08
 3.02E+06   5.41-166   1.34E-11   3.70E-11   2.45-163   3.67-163   8.65E-05   2.81E-04   2.48E-08
 3.18E+06   2.63-136   2.23E-11   6.19E-11   1.19-133   1.79-133   1.15E-04   2.86E-04   3.93E-08
 3.32E+06   8.73-113   3.47E-11   9.69E-11   3.96-110   5.93-110   1.52E-04   2.91E-04   5.79E-08
 3.48E+06   4.02E-94   5.10E-11   1.44E-10   1.82E-91   2.73E-91   2.01E-04   2.97E-04   8.01E-08
 3.62E+06   2.90E-79   7.13E-11   2.06E-10   1.31E-76   1.97E-76   2.62E-04   3.05E-04   1.05E-07
 3.78E+06   2.20E-67   9.58E-11   2.90E-10   9.98E-65   1.50E-64   3.42E-04   3.14E-04   1.33E-07
 3.92E+06   7.67E-58   1.24E-10   4.02E-10   3.47E-55   5.21E-55   4.51E-04   3.27E-04   1.63E-07
 4.08E+06   3.79E-50   1.56E-10   5.47E-10   1.71E-47   2.57E-47   6.04E-04   3.44E-04   1.95E-07
 4.22E+06   6.42E-44   1.90E-10   7.31E-10   2.91E-41   4.36E-41   8.20E-04   3.68E-04   2.27E-07
 4.38E+06   7.51E-39   2.24E-10   9.53E-10   3.40E-36   5.10E-36   1.11E-03   4.01E-04   2.59E-07
 4.52E+06   1.07E-34   2.58E-10   1.21E-09   4.85E-32   7.28E-32   1.46E-03   4.40E-04   2.92E-07
 4.68E+06   2.99E-31   2.89E-10   1.51E-09   1.35E-28   2.03E-28   1.83E-03   4.82E-04   3.24E-07
 4.82E+06   2.40E-28   3.19E-10   1.83E-09   1.09E-25   1.63E-25   2.20E-03   5.23E-04   3.55E-07
 4.98E+06   7.23E-26   3.46E-10   2.19E-09   3.27E-23   4.91E-23   2.54E-03   5.61E-04   3.85E-07
 5.12E+06   9.35E-24   3.72E-10   2.58E-09   4.24E-21   6.35E-21   2.83E-03   5.94E-04   4.14E-07
 5.28E+06   5.69E-22   3.96E-10   3.01E-09   2.58E-19   3.87E-19   3.07E-03   6.21E-04   4.42E-07
 5.42E+06   1.78E-20   4.21E-10   3.51E-09   8.05E-18   1.21E-17   3.26E-03   6.42E-04   4.69E-07
 5.58E+06   3.12E-19   4.47E-10   4.11E-09   1.41E-16   2.12E-16   3.40E-03   6.58E-04   4.95E-07
 5.72E+06   3.36E-18   4.76E-10   4.88E-09   1.52E-15   2.28E-15   3.51E-03   6.70E-04   5.20E-07
 5.88E+06   2.39E-17   5.08E-10   5.88E-09   1.08E-14   1.63E-14   3.58E-03   6.79E-04   5.45E-07
 6.02E+06   1.21E-16   5.45E-10   7.14E-09   5.48E-14   8.22E-14   3.64E-03   6.85E-04   5.70E-07
 6.18E+06   4.59E-16   5.86E-10   8.68E-09   2.08E-13   3.12E-13   3.68E-03   6.90E-04   5.94E-07
 6.32E+06   1.38E-15   6.32E-10   1.05E-08   6.23E-13   9.35E-13   3.71E-03   6.93E-04   6.18E-07
 6.48E+06   3.59E-15   6.83E-10   1.25E-08   1.57E-12   2.36E-12   3.73E-03   6.96E-04   6.41E-07
 6.62E+06   1.10E-14   7.42E-10   1.48E-08   3.99E-12   5.98E-12   3.75E-03   6.98E-04   6.63E-07
 6.78E+06   5.51E-14   8.10E-10   1.74E-08   1.43E-11   2.15E-11   3.76E-03   6.99E-04   6.85E-07
 6.92E+06   3.14E-13   8.90E-10   2.06E-08   6.83E-11   1.02E-10   3.77E-03   7.00E-04   7.07E-07
 7.08E+06   1.47E-12   9.87E-10   2.55E-08   3.01E-10   4.51E-10   3.77E-03   7.01E-04   7.31E-07
 7.22E+06   5.35E-12   1.11E-09   3.51E-08   1.07E-09   1.60E-09   3.77E-03   7.01E-04   7.62E-07
 7.38E+06   1.56E-11   1.26E-09   5.49E-08   3.07E-09   4.60E-09   3.78E-03   7.01E-04   8.09E-07
 7.52E+06   3.77E-11   1.48E-09   9.25E-08   7.29E-09   1.09E-08   3.78E-03   7.01E-04   8.88E-07
 7.68E+06   7.75E-11   1.77E-09   1.56E-07   1.48E-08   2.22E-08   3.78E-03   7.02E-04   1.01E-06
 7.82E+06   1.39E-10   2.18E-09   2.52E-07   2.63E-08   3.94E-08   3.78E-03   7.02E-04   1.19E-06
 7.98E+06   2.25E-10   2.74E-09   3.81E-07   4.19E-08   6.29E-08   3.78E-03   7.02E-04   1.43E-06
 8.12E+06   3.32E-10   3.47E-09   5.40E-07   6.13E-08   9.19E-08   3.78E-03   7.02E-04   1.72E-06
 8.28E+06   4.55E-10   4.42E-09   7.22E-07   8.33E-08   1.25E-07   3.78E-03   7.02E-04   2.04E-06
 8.42E+06   5.89E-10   5.63E-09   9.18E-07   1.07E-07   1.60E-07   3.78E-03   7.02E-04   2.39E-06
 8.58E+06   7.34E-10   7.12E-09   1.12E-06   1.31E-07   1.96E-07   3.78E-03   7.02E-04   2.74E-06
 8.72E+06   9.03E-10   8.96E-09   1.32E-06   1.54E-07   2.31E-07   3.78E-03   7.02E-04   3.08E-06
 8.88E+06   1.14E-09   1.13E-08   1.53E-06   1.77E-07   2.65E-07   3.78E-03   7.02E-04   3.43E-06
 9.02E+06   1.50E-09   1.43E-08   1.74E-06   2.00E-07   3.00E-07   3.78E-03   7.02E-04   3.78E-06
 9.18E+06   2.09E-09   1.83E-08   1.96E-06   2.24E-07   3.35E-07   3.78E-03   7.02E-04   4.16E-06
 9.32E+06   3.12E-09   2.37E-08   2.22E-06   2.49E-07   3.73E-07   3.78E-03   7.02E-04   4.57E-06
 9.48E+06   5.45E-09   3.11E-08   2.51E-06   2.77E-07   4.14E-07   3.78E-03   7.02E-04   5.03E-06
 9.62E+06   1.25E-08   4.12E-08   2.86E-06   3.09E-07   4.59E-07   3.78E-03   7.02E-04   5.54E-06
 9.78E+06   3.86E-08   5.45E-08   3.34E-06   3.44E-07   5.07E-07   3.78E-03   7.02E-04   6.14E-06
 9.92E+06   1.86E-07   7.43E-08   4.25E-06   3.88E-07   5.61E-07   3.79E-03   7.02E-04   6.90E-06

     Z      PH2O2      PCO2_1     PCO2_2     PH2CO_1    PH2CO_2    PHO2       PCH4_1     PCH4_2     
 2.50E+04   1.99E-06   2.87E-46   0.00E+00   1.68E-05   9.85E-06   3.71E-30   0.00E+00   0.00E+00
 1.75E+05   2.24E-06   1.07E-39   0.00E+00   1.92E-05   1.15E-05   5.11E-27   0.00E+00   0.00E+00
 3.25E+05   2.45E-06   8.67E-35   0.00E+00   2.14E-05   1.29E-05   4.41E-24   0.00E+00   0.00E+00
 4.75E+05   2.62E-06   5.21E-31   0.00E+00   2.34E-05   1.42E-05   1.97E-21   0.00E+00   0.00E+00
 6.25E+05   2.74E-06   5.77E-28   0.00E+00   2.51E-05   1.54E-05   4.55E-19   0.00E+00   0.00E+00
 7.75E+05   2.85E-06   2.01E-25   0.00E+00   2.67E-05   1.66E-05   5.68E-17   0.00E+00   0.00E+00
 9.25E+05   2.93E-06   2.93E-23   0.00E+00   2.82E-05   1.76E-05   4.00E-15   0.00E+00   0.00E+00
 1.08E+06   3.04E-06   1.99E-21   0.00E+00   2.95E-05   1.85E-05   1.58E-13   0.00E+00   0.00E+00
 1.22E+06   3.16E-06   6.25E-20   0.00E+00   3.06E-05   1.93E-05   3.29E-12   0.00E+00   0.00E+00
 1.38E+06   3.27E-06   1.03E-18   0.00E+00   3.16E-05   2.00E-05   3.96E-11   0.00E+00   0.00E+00
 1.52E+06   3.39E-06   1.02E-17   0.00E+00   3.26E-05   2.08E-05   3.13E-10   0.00E+00   0.00E+00
 1.68E+06   3.51E-06   6.96E-17   0.00E+00   3.34E-05   2.15E-05   1.79E-09   0.00E+00   0.00E+00
 1.82E+06   3.63E-06   3.50E-16   0.00E+00   3.42E-05   2.23E-05   7.93E-09   0.00E+00   0.00E+00
 1.98E+06   3.77E-06   1.39E-15   0.00E+00   3.49E-05   2.30E-05   2.88E-08   0.00E+00   0.00E+00
 2.12E+06   3.92E-06   4.59E-15   0.00E+00   3.55E-05   2.39E-05   8.86E-08   0.00E+00   0.00E+00
 2.28E+06   4.11E-06   1.31E-14   0.00E+00   3.61E-05   2.48E-05   2.39E-07   0.00E+00   0.00E+00
 2.42E+06   4.34E-06   3.40E-14   0.00E+00   3.67E-05   2.58E-05   5.82E-07   0.00E+00   0.00E+00
 2.58E+06   4.64E-06   8.10E-14   0.00E+00   3.73E-05   2.69E-05   1.29E-06   0.00E+00   0.00E+00
 2.72E+06   5.05E-06   1.79E-13   0.00E+00   3.79E-05   2.82E-05   2.66E-06   0.00E+00   0.00E+00
 2.88E+06   5.60E-06   3.65E-13   0.00E+00   3.86E-05   2.97E-05   5.08E-06   0.00E+00   0.00E+00
 3.02E+06   6.36E-06   6.83E-13   1.09-164   3.92E-05   3.12E-05   9.07E-06   8.83-163   1.71-162
 3.18E+06   7.36E-06   1.17E-12   5.30-135   3.99E-05   3.29E-05   1.51E-05   4.30-133   8.35-133
 3.32E+06   8.62E-06   1.86E-12   1.76-111   4.06E-05   3.46E-05   2.37E-05   1.43-109   2.77-109
 3.48E+06   1.02E-05   2.76E-12   8.08E-93   4.13E-05   3.63E-05   3.49E-05   6.56E-91   1.27E-90
 3.62E+06   1.20E-05   3.91E-12   5.84E-78   4.19E-05   3.80E-05   4.91E-05   4.74E-76   9.20E-76
 3.78E+06   1.41E-05   5.33E-12   4.43E-66   4.25E-05   3.96E-05   6.61E-05   3.60E-64   6.99E-64
 3.92E+06   1.66E-05   7.05E-12   1.54E-56   4.31E-05   4.11E-05   8.60E-05   1.25E-54   2.43E-54
 4.08E+06   1.94E-05   9.12E-12   7.61E-49   4.37E-05   4.24E-05   1.08E-04   6.18E-47   1.20E-46
 4.22E+06   2.26E-05   1.15E-11   1.29E-42   4.43E-05   4.37E-05   1.33E-04   1.05E-40   2.03E-40
 4.38E+06   2.61E-05   1.42E-11   1.51E-37   4.48E-05   4.48E-05   1.57E-04   1.23E-35   2.38E-35
 4.52E+06   2.99E-05   1.73E-11   2.15E-33   4.53E-05   4.57E-05   1.82E-04   1.75E-31   3.39E-31
 4.68E+06   3.36E-05   2.05E-11   6.01E-30   4.57E-05   4.65E-05   2.04E-04   4.88E-28   9.48E-28
 4.82E+06   3.70E-05   2.40E-11   4.83E-27   4.61E-05   4.71E-05   2.23E-04   3.93E-25   7.62E-25
 4.98E+06   4.01E-05   2.77E-11   1.45E-24   4.64E-05   4.76E-05   2.40E-04   1.18E-22   2.29E-22
 5.12E+06   4.26E-05   3.15E-11   1.88E-22   4.66E-05   4.80E-05   2.54E-04   1.53E-20   2.96E-20
 5.28E+06   4.47E-05   3.55E-11   1.14E-20   4.68E-05   4.83E-05   2.64E-04   9.29E-19   1.80E-18
 5.42E+06   4.63E-05   3.97E-11   3.57E-19   4.70E-05   4.85E-05   2.73E-04   2.90E-17   5.63E-17
 5.58E+06   4.75E-05   4.42E-11   6.27E-18   4.71E-05   4.87E-05   2.79E-04   5.09E-16   9.89E-16
 5.72E+06   4.84E-05   4.92E-11   6.75E-17   4.71E-05   4.88E-05   2.84E-04   5.48E-15   1.06E-14
 5.88E+06   4.91E-05   5.48E-11   4.81E-16   4.72E-05   4.89E-05   2.88E-04   3.91E-14   7.59E-14
 6.02E+06   4.97E-05   6.11E-11   2.43E-15   4.72E-05   4.90E-05   2.91E-04   1.97E-13   3.83E-13
 6.18E+06   5.01E-05   6.81E-11   9.23E-15   4.73E-05   4.90E-05   2.93E-04   7.49E-13   1.45E-12
 6.32E+06   5.04E-05   7.58E-11   2.77E-14   4.73E-05   4.91E-05   2.95E-04   2.25E-12   4.36E-12
 6.48E+06   5.06E-05   8.40E-11   7.01E-14   4.73E-05   4.91E-05   2.96E-04   5.71E-12   1.09E-11
 6.62E+06   5.07E-05   9.27E-11   1.83E-13   4.73E-05   4.91E-05   2.98E-04   1.51E-11   2.62E-11
 6.78E+06   5.09E-05   1.02E-10   7.01E-13   4.73E-05   4.91E-05   2.98E-04   5.92E-11   8.24E-11
 6.92E+06   5.10E-05   1.12E-10   3.48E-12   4.73E-05   4.91E-05   2.99E-04   2.99E-10   3.54E-10
 7.08E+06   5.10E-05   1.23E-10   1.55E-11   4.74E-05   4.91E-05   3.00E-04   1.34E-09   1.50E-09
 7.22E+06   5.11E-05   1.34E-10   5.54E-11   4.74E-05   4.91E-05   3.00E-04   4.77E-09   5.26E-09
 7.38E+06   5.12E-05   1.48E-10   1.59E-10   4.74E-05   4.92E-05   3.01E-04   1.37E-08   1.50E-08
 7.52E+06   5.13E-05   1.63E-10   3.79E-10   4.74E-05   4.92E-05   3.01E-04   3.26E-08   3.55E-08
 7.68E+06   5.14E-05   1.80E-10   7.67E-10   4.74E-05   4.92E-05   3.01E-04   6.59E-08   7.17E-08
 7.82E+06   5.15E-05   2.01E-10   1.36E-09   4.75E-05   4.92E-05   3.02E-04   1.17E-07   1.27E-07
 7.98E+06   5.17E-05   2.26E-10   2.17E-09   4.75E-05   4.93E-05   3.02E-04   1.86E-07   2.02E-07
 8.12E+06   5.19E-05   2.54E-10   3.17E-09   4.76E-05   4.94E-05   3.02E-04   2.72E-07   2.95E-07
 8.28E+06   5.21E-05   2.88E-10   4.31E-09   4.77E-05   4.94E-05   3.02E-04   3.69E-07   4.00E-07
 8.42E+06   5.23E-05   3.26E-10   5.53E-09   4.77E-05   4.95E-05   3.03E-04   4.73E-07   5.12E-07
 8.58E+06   5.26E-05   3.70E-10   6.77E-09   4.78E-05   4.96E-05   3.03E-04   5.78E-07   6.25E-07
 8.72E+06   5.28E-05   4.19E-10   7.99E-09   4.79E-05   4.97E-05   3.03E-04   6.82E-07   7.38E-07
 8.88E+06   5.31E-05   4.74E-10   9.20E-09   4.80E-05   4.98E-05   3.04E-04   7.85E-07   8.49E-07
 9.02E+06   5.33E-05   5.38E-10   1.05E-08   4.81E-05   4.99E-05   3.04E-04   8.90E-07   9.63E-07
 9.18E+06   5.36E-05   6.14E-10   1.18E-08   4.82E-05   5.00E-05   3.04E-04   1.00E-06   1.08E-06
 9.32E+06   5.39E-05   7.10E-10   1.34E-08   4.83E-05   5.01E-05   3.04E-04   1.13E-06   1.22E-06
 9.48E+06   5.42E-05   8.39E-10   1.55E-08   4.85E-05   5.02E-05   3.05E-04   1.27E-06   1.37E-06
 9.62E+06   5.46E-05   1.05E-09   1.81E-08   4.87E-05   5.05E-05   3.05E-04   1.43E-06   1.55E-06
 9.78E+06   5.51E-05   1.53E-09   2.18E-08   4.92E-05   5.10E-05   3.05E-04   1.63E-06   1.75E-06
 9.92E+06   5.59E-05   3.11E-09   2.95E-08   5.01E-05   5.19E-05   3.06E-04   1.87E-06   1.99E-06

     Z      PCH4_3     PC2H6_1    PC2H6_2    PHNO2_1    PHNO3      PHNO3_3    PHNO3_1    PNO        
 2.50E+04   0.00E+00   0.00E+00   0.00E+00   5.44E-04   1.54E-07   2.49E-41   1.78E-41   0.00E+00
 1.75E+05   0.00E+00   0.00E+00   0.00E+00   6.03E-04   1.72E-07   9.40E-35   6.75E-35   0.00E+00
 3.25E+05   0.00E+00   0.00E+00   0.00E+00   6.56E-04   1.86E-07   7.53E-30   5.41E-30   0.00E+00
 4.75E+05   0.00E+00   0.00E+00   0.00E+00   7.04E-04   1.94E-07   4.47E-26   3.21E-26   0.00E+00
 6.25E+05   0.00E+00   0.00E+00   0.00E+00   7.46E-04   1.98E-07   4.87E-23   3.50E-23   0.00E+00
 7.75E+05   0.00E+00   0.00E+00   0.00E+00   7.85E-04   1.98E-07   1.68E-20   1.20E-20   3.21-155
 9.25E+05   0.00E+00   0.00E+00   0.00E+00   8.20E-04   1.94E-07   2.42E-18   1.74E-18   2.26-125
 1.08E+06   0.00E+00   0.00E+00   0.00E+00   8.50E-04   1.96E-07   1.67E-16   1.20E-16   3.54-101
 1.22E+06   0.00E+00   0.00E+00   0.00E+00   8.77E-04   2.04E-07   5.41E-15   3.89E-15   8.06E-82
 1.38E+06   0.00E+00   0.00E+00   0.00E+00   9.00E-04   2.12E-07   9.22E-14   6.62E-14   1.65E-66
 1.52E+06   0.00E+00   0.00E+00   0.00E+00   9.22E-04   2.23E-07   9.56E-13   6.86E-13   1.97E-54
 1.68E+06   0.00E+00   0.00E+00   0.00E+00   9.40E-04   2.36E-07   6.74E-12   4.84E-12   6.42E-45
 1.82E+06   0.00E+00   0.00E+00   0.00E+00   9.56E-04   2.54E-07   3.52E-11   2.52E-11   2.02E-37
 1.98E+06   0.00E+00   0.00E+00   0.00E+00   9.68E-04   2.84E-07   1.44E-10   1.04E-10   1.65E-31
 2.12E+06   0.00E+00   0.00E+00   0.00E+00   9.78E-04   3.39E-07   4.94E-10   3.55E-10   7.86E-27
 2.28E+06   0.00E+00   0.00E+00   0.00E+00   9.86E-04   4.43E-07   1.49E-09   1.07E-09   4.13E-23
 2.42E+06   0.00E+00   0.00E+00   0.00E+00   9.92E-04   6.41E-07   4.10E-09   2.94E-09   4.09E-20
 2.58E+06   0.00E+00   0.00E+00   0.00E+00   9.97E-04   1.00E-06   1.05E-08   7.56E-09   1.14E-17
 2.72E+06   0.00E+00   0.00E+00   0.00E+00   1.00E-03   1.62E-06   2.51E-08   1.80E-08   1.16E-15
 2.88E+06   0.00E+00   0.00E+00   0.00E+00   1.01E-03   2.61E-06   5.48E-08   3.93E-08   5.13E-14
 3.02E+06   2.64-162   0.00E+00   1.74-163   1.01E-03   4.06E-06   1.08E-07   7.79E-08   1.12E-12
 3.18E+06   1.29-132   0.00E+00   8.49-134   1.02E-03   6.01E-06   1.95E-07   1.40E-07   1.36E-11
 3.32E+06   4.27-109   0.00E+00   2.81-110   1.02E-03   8.43E-06   3.20E-07   2.29E-07   1.01E-10
 3.48E+06   1.97E-90   0.00E+00   1.30E-91   1.03E-03   1.12E-05   4.87E-07   3.50E-07   5.05E-10
 3.62E+06   1.42E-75   0.00E+00   9.36E-77   1.04E-03   1.43E-05   7.00E-07   5.03E-07   1.84E-09
 3.78E+06   1.08E-63   0.00E+00   7.10E-65   1.05E-03   1.76E-05   9.60E-07   6.89E-07   5.27E-09
 3.92E+06   3.75E-54   0.00E+00   2.47E-55   1.05E-03   2.09E-05   1.27E-06   9.09E-07   1.24E-08
 4.08E+06   1.85E-46   0.00E+00   1.22E-47   1.06E-03   2.44E-05   1.62E-06   1.16E-06   2.52E-08
 4.22E+06   3.14E-40   0.00E+00   2.07E-41   1.08E-03   2.78E-05   2.01E-06   1.44E-06   4.53E-08
 4.38E+06   3.67E-35   0.00E+00   2.42E-36   1.09E-03   3.11E-05   2.42E-06   1.74E-06   7.42E-08
 4.52E+06   5.24E-31   0.00E+00   3.45E-32   1.10E-03   3.42E-05   2.86E-06   2.05E-06   1.13E-07
 4.68E+06   1.46E-27   0.00E+00   9.64E-29   1.11E-03   3.70E-05   3.31E-06   2.38E-06   1.62E-07
 4.82E+06   1.18E-24   0.00E+00   7.75E-26   1.12E-03   3.95E-05   3.76E-06   2.70E-06   2.21E-07
 4.98E+06   3.54E-22   0.00E+00   2.33E-23   1.13E-03   4.16E-05   4.22E-06   3.03E-06   2.91E-07
 5.12E+06   4.57E-20   0.00E+00   3.01E-21   1.13E-03   4.34E-05   4.67E-06   3.35E-06   3.71E-07
 5.28E+06   2.78E-18   0.00E+00   1.83E-19   1.14E-03   4.48E-05   5.12E-06   3.68E-06   4.59E-07
 5.42E+06   8.69E-17   0.00E+00   5.73E-18   1.15E-03   4.61E-05   5.56E-06   3.99E-06   5.54E-07
 5.58E+06   1.53E-15   0.00E+00   1.01E-16   1.15E-03   4.70E-05   6.01E-06   4.31E-06   6.56E-07
 5.72E+06   1.64E-14   0.00E+00   1.08E-15   1.15E-03   4.79E-05   6.44E-06   4.63E-06   7.64E-07
 5.88E+06   1.17E-13   0.00E+00   7.71E-15   1.15E-03   4.85E-05   6.88E-06   4.94E-06   8.78E-07
 6.02E+06   5.91E-13   0.00E+00   3.90E-14   1.15E-03   4.91E-05   7.32E-06   5.25E-06   9.95E-07
 6.18E+06   2.24E-12   0.00E+00   1.48E-13   1.16E-03   4.96E-05   7.75E-06   5.56E-06   1.12E-06
 6.32E+06   6.71E-12   0.00E+00   4.45E-13   1.16E-03   5.00E-05   8.17E-06   5.87E-06   1.24E-06
 6.48E+06   1.65E-11   0.00E+00   1.17E-12   1.16E-03   5.03E-05   8.59E-06   6.16E-06   1.36E-06
 6.62E+06   3.51E-11   0.00E+00   3.78E-12   1.16E-03   5.06E-05   8.98E-06   6.45E-06   1.49E-06
 6.78E+06   6.98E-11   0.00E+00   2.01E-11   1.16E-03   5.08E-05   9.37E-06   6.73E-06   1.61E-06
 6.92E+06   1.51E-10   0.00E+00   1.17E-10   1.16E-03   5.11E-05   9.74E-06   6.99E-06   1.74E-06
 7.08E+06   3.89E-10   0.00E+00   5.41E-10   1.16E-03   5.13E-05   1.01E-05   7.25E-06   1.86E-06
 7.22E+06   1.07E-09   0.00E+00   1.94E-09   1.16E-03   5.14E-05   1.05E-05   7.50E-06   1.99E-06
 7.38E+06   2.76E-09   0.00E+00   5.52E-09   1.16E-03   5.16E-05   1.08E-05   7.75E-06   2.12E-06
 7.52E+06   6.23E-09   0.00E+00   1.30E-08   1.16E-03   5.19E-05   1.12E-05   8.01E-06   2.26E-06
 7.68E+06   1.23E-08   0.00E+00   2.59E-08   1.16E-03   5.23E-05   1.15E-05   8.28E-06   2.41E-06
 7.82E+06   2.15E-08   0.00E+00   4.54E-08   1.16E-03   5.26E-05   1.19E-05   8.57E-06   2.57E-06
 7.98E+06   3.39E-08   0.00E+00   7.16E-08   1.16E-03   5.30E-05   1.24E-05   8.87E-06   2.75E-06
 8.12E+06   4.91E-08   0.00E+00   1.03E-07   1.16E-03   5.34E-05   1.28E-05   9.20E-06   2.95E-06
 8.28E+06   6.63E-08   0.00E+00   1.39E-07   1.16E-03   5.38E-05   1.33E-05   9.55E-06   3.17E-06
 8.42E+06   8.47E-08   0.00E+00   1.77E-07   1.16E-03   5.43E-05   1.38E-05   9.92E-06   3.40E-06
 8.58E+06   1.03E-07   0.00E+00   2.15E-07   1.16E-03   5.47E-05   1.43E-05   1.03E-05   3.64E-06
 8.72E+06   1.22E-07   0.00E+00   2.53E-07   1.16E-03   5.52E-05   1.49E-05   1.07E-05   3.89E-06
 8.88E+06   1.40E-07   0.00E+00   2.91E-07   1.16E-03   5.56E-05   1.54E-05   1.11E-05   4.14E-06
 9.02E+06   1.60E-07   0.00E+00   3.32E-07   1.16E-03   5.61E-05   1.60E-05   1.15E-05   4.41E-06
 9.18E+06   1.81E-07   0.00E+00   3.78E-07   1.16E-03   5.66E-05   1.65E-05   1.19E-05   4.68E-06
 9.32E+06   2.05E-07   0.00E+00   4.32E-07   1.16E-03   5.71E-05   1.71E-05   1.23E-05   4.97E-06
 9.48E+06   2.32E-07   0.00E+00   4.95E-07   1.16E-03   5.76E-05   1.77E-05   1.27E-05   5.29E-06
 9.62E+06   2.63E-07   0.00E+00   5.69E-07   1.16E-03   5.82E-05   1.84E-05   1.32E-05   5.64E-06
 9.78E+06   2.99E-07   0.00E+00   6.55E-07   1.16E-03   5.89E-05   1.92E-05   1.38E-05   6.10E-06
 9.92E+06   3.42E-07   0.00E+00   7.59E-07   1.16E-03   5.99E-05   2.05E-05   1.47E-05   6.89E-06

     Z      PNO2_O1D   PNO2       PCH3_1     PSO        PH2S       PSO2       PSO2_SO21  PSO2_SO23  
 2.50E+04   2.03E-31   3.60E-03   2.36E-30   2.78E-30   2.55E-14   1.75E-30   3.66E-05   4.30E-07
 1.75E+05   2.68E-28   3.94E-03   4.02E-27   5.05E-27   3.10E-14   2.95E-27   4.32E-05   4.73E-07
 3.25E+05   2.23E-25   4.25E-03   3.21E-24   5.31E-24   3.62E-14   3.00E-24   4.93E-05   5.12E-07
 4.75E+05   9.64E-23   4.52E-03   1.24E-21   2.71E-21   4.13E-14   1.52E-21   5.49E-05   5.47E-07
 6.25E+05   2.16E-20   4.77E-03   2.59E-19   6.94E-19   4.62E-14   3.95E-19   6.02E-05   5.78E-07
 7.75E+05   2.63E-18   4.99E-03   3.08E-17   9.42E-17   5.12E-14   5.49E-17   6.51E-05   6.06E-07
 9.25E+05   1.80E-16   5.19E-03   2.12E-15   7.07E-15   5.92E-14   4.21E-15   6.97E-05   6.32E-07
 1.08E+06   6.98E-15   5.37E-03   8.25E-14   2.93E-13   1.90E-13   1.77E-13   7.39E-05   6.54E-07
 1.22E+06   1.43E-13   5.52E-03   1.70E-12   6.32E-12   2.90E-12   3.87E-12   7.78E-05   6.73E-07
 1.38E+06   1.70E-12   5.66E-03   2.01E-11   7.79E-11   3.55E-11   4.80E-11   8.15E-05   6.90E-07
 1.52E+06   1.34E-11   5.79E-03   1.57E-10   6.24E-10   2.87E-10   3.87E-10   8.55E-05   7.06E-07
 1.68E+06   7.59E-11   5.90E-03   8.86E-10   3.59E-09   1.66E-09   2.24E-09   9.00E-05   7.20E-07
 1.82E+06   3.36E-10   5.99E-03   3.90E-09   1.60E-08   7.40E-09   9.96E-09   9.54E-05   7.31E-07
 1.98E+06   1.22E-09   6.06E-03   1.41E-08   5.80E-08   2.68E-08   3.61E-08   1.02E-04   7.39E-07
 2.12E+06   3.76E-09   6.12E-03   4.33E-08   1.78E-07   8.20E-08   1.10E-07   1.10E-04   7.46E-07
 2.28E+06   1.02E-08   6.17E-03   1.17E-07   4.77E-07   2.19E-07   2.94E-07   1.20E-04   7.51E-07
 2.42E+06   2.50E-08   6.21E-03   2.87E-07   1.14E-06   5.22E-07   7.01E-07   1.32E-04   7.54E-07
 2.58E+06   5.60E-08   6.24E-03   6.48E-07   2.49E-06   1.13E-06   1.52E-06   1.48E-04   7.57E-07
 2.72E+06   1.17E-07   6.27E-03   1.36E-06   5.00E-06   2.25E-06   3.02E-06   1.68E-04   7.59E-07
 2.88E+06   2.26E-07   6.29E-03   2.69E-06   9.25E-06   4.15E-06   5.56E-06   1.93E-04   7.61E-07
 3.02E+06   4.10E-07   6.32E-03   4.97E-06   1.59E-05   7.09E-06   9.48E-06   2.23E-04   7.63E-07
 3.18E+06   6.96E-07   6.34E-03   8.52E-06   2.52E-05   1.13E-05   1.50E-05   2.58E-04   7.64E-07
 3.32E+06   1.11E-06   6.36E-03   1.35E-05   3.72E-05   1.67E-05   2.21E-05   2.99E-04   7.65E-07
 3.48E+06   1.67E-06   6.37E-03   1.98E-05   5.16E-05   2.34E-05   3.06E-05   3.44E-04   7.65E-07
 3.62E+06   2.39E-06   6.39E-03   2.70E-05   6.76E-05   3.11E-05   4.02E-05   3.92E-04   7.66E-07
 3.78E+06   3.27E-06   6.40E-03   3.47E-05   8.47E-05   3.95E-05   5.04E-05   4.42E-04   7.66E-07
 3.92E+06   4.31E-06   6.41E-03   4.25E-05   1.02E-04   4.85E-05   6.08E-05   4.94E-04   7.66E-07
 4.08E+06   5.47E-06   6.43E-03   4.98E-05   1.19E-04   5.78E-05   7.10E-05   5.47E-04   7.67E-07
 4.22E+06   6.70E-06   6.44E-03   5.64E-05   1.35E-04   6.68E-05   8.05E-05   6.00E-04   7.67E-07
 4.38E+06   7.93E-06   6.44E-03   6.21E-05   1.49E-04   7.54E-05   8.90E-05   6.51E-04   7.67E-07
 4.52E+06   9.10E-06   6.45E-03   6.69E-05   1.61E-04   8.31E-05   9.65E-05   6.98E-04   7.67E-07
 4.68E+06   1.01E-05   6.46E-03   7.08E-05   1.71E-04   8.99E-05   1.03E-04   7.40E-04   7.67E-07
 4.82E+06   1.10E-05   6.46E-03   7.38E-05   1.80E-04   9.57E-05   1.08E-04   7.76E-04   7.67E-07
 4.98E+06   1.18E-05   6.47E-03   7.63E-05   1.87E-04   1.01E-04   1.12E-04   8.07E-04   7.67E-07
 5.12E+06   1.24E-05   6.47E-03   7.82E-05   1.93E-04   1.05E-04   1.16E-04   8.31E-04   7.67E-07
 5.28E+06   1.29E-05   6.47E-03   7.97E-05   1.98E-04   1.08E-04   1.19E-04   8.50E-04   7.68E-07
 5.42E+06   1.32E-05   6.47E-03   8.08E-05   2.01E-04   1.11E-04   1.21E-04   8.64E-04   7.68E-07
 5.58E+06   1.35E-05   6.48E-03   8.17E-05   2.05E-04   1.13E-04   1.23E-04   8.74E-04   7.68E-07
 5.72E+06   1.38E-05   6.48E-03   8.24E-05   2.07E-04   1.14E-04   1.25E-04   8.82E-04   7.68E-07
 5.88E+06   1.39E-05   6.48E-03   8.29E-05   2.10E-04   1.16E-04   1.27E-04   8.88E-04   7.68E-07
 6.02E+06   1.41E-05   6.48E-03   8.33E-05   2.11E-04   1.17E-04   1.28E-04   8.92E-04   7.68E-07
 6.18E+06   1.42E-05   6.48E-03   8.37E-05   2.13E-04   1.18E-04   1.29E-04   8.95E-04   7.68E-07
 6.32E+06   1.43E-05   6.48E-03   8.39E-05   2.14E-04   1.19E-04   1.30E-04   8.97E-04   7.68E-07
 6.48E+06   1.44E-05   6.48E-03   8.41E-05   2.16E-04   1.20E-04   1.31E-04   8.99E-04   7.68E-07
 6.62E+06   1.45E-05   6.48E-03   8.43E-05   2.17E-04   1.20E-04   1.31E-04   9.00E-04   7.68E-07
 6.78E+06   1.46E-05   6.48E-03   8.44E-05   2.18E-04   1.21E-04   1.32E-04   9.00E-04   7.68E-07
 6.92E+06   1.46E-05   6.48E-03   8.45E-05   2.18E-04   1.21E-04   1.32E-04   9.01E-04   7.68E-07
 7.08E+06   1.47E-05   6.48E-03   8.46E-05   2.19E-04   1.22E-04   1.33E-04   9.01E-04   7.68E-07
 7.22E+06   1.48E-05   6.48E-03   8.46E-05   2.19E-04   1.22E-04   1.33E-04   9.01E-04   7.68E-07
 7.38E+06   1.48E-05   6.48E-03   8.47E-05   2.20E-04   1.23E-04   1.34E-04   9.02E-04   7.68E-07
 7.52E+06   1.49E-05   6.48E-03   8.47E-05   2.20E-04   1.23E-04   1.34E-04   9.02E-04   7.68E-07
 7.68E+06   1.50E-05   6.48E-03   8.47E-05   2.21E-04   1.23E-04   1.35E-04   9.02E-04   7.68E-07
 7.82E+06   1.52E-05   6.48E-03   8.48E-05   2.21E-04   1.24E-04   1.35E-04   9.02E-04   7.68E-07
 7.98E+06   1.53E-05   6.48E-03   8.48E-05   2.21E-04   1.24E-04   1.36E-04   9.02E-04   7.68E-07
 8.12E+06   1.55E-05   6.48E-03   8.48E-05   2.21E-04   1.25E-04   1.37E-04   9.02E-04   7.68E-07
 8.28E+06   1.57E-05   6.48E-03   8.48E-05   2.22E-04   1.26E-04   1.38E-04   9.02E-04   7.68E-07
 8.42E+06   1.59E-05   6.48E-03   8.48E-05   2.22E-04   1.26E-04   1.39E-04   9.02E-04   7.68E-07
 8.58E+06   1.62E-05   6.48E-03   8.48E-05   2.22E-04   1.27E-04   1.39E-04   9.02E-04   7.68E-07
 8.72E+06   1.64E-05   6.48E-03   8.48E-05   2.22E-04   1.28E-04   1.40E-04   9.02E-04   7.68E-07
 8.88E+06   1.66E-05   6.48E-03   8.48E-05   2.22E-04   1.29E-04   1.41E-04   9.02E-04   7.68E-07
 9.02E+06   1.69E-05   6.48E-03   8.48E-05   2.23E-04   1.29E-04   1.42E-04   9.02E-04   7.68E-07
 9.18E+06   1.72E-05   6.48E-03   8.48E-05   2.23E-04   1.30E-04   1.43E-04   9.02E-04   7.68E-07
 9.32E+06   1.75E-05   6.48E-03   8.48E-05   2.23E-04   1.31E-04   1.44E-04   9.02E-04   7.68E-07
 9.48E+06   1.78E-05   6.48E-03   8.48E-05   2.23E-04   1.32E-04   1.45E-04   9.02E-04   7.68E-07
 9.62E+06   1.82E-05   6.48E-03   8.48E-05   2.23E-04   1.33E-04   1.46E-04   9.02E-04   7.68E-07
 9.78E+06   1.88E-05   6.48E-03   8.48E-05   2.23E-04   1.34E-04   1.47E-04   9.02E-04   7.68E-07
 9.92E+06   1.98E-05   6.49E-03   8.48E-05   2.23E-04   1.35E-04   1.49E-04   9.02E-04   7.68E-07

     Z      PS2        PS4        PS3        PS8L       PS8R       PS8        PSO3       PHSO       
 2.50E+04   2.91E-05   1.16E-01   5.38E-01   0.00E+00   0.00E+00   7.87E-14   6.63E-08   3.71E-30
 1.75E+05   3.43E-05   1.20E-01   5.77E-01   0.00E+00   0.00E+00   1.11E-13   7.72E-08   5.11E-27
 3.25E+05   3.90E-05   1.23E-01   6.12E-01   0.00E+00   0.00E+00   1.51E-13   8.70E-08   4.41E-24
 4.75E+05   4.33E-05   1.26E-01   6.44E-01   0.00E+00   0.00E+00   2.01E-13   9.60E-08   1.97E-21
 6.25E+05   4.74E-05   1.29E-01   6.72E-01   0.00E+00   0.00E+00   2.65E-13   1.04E-07   4.55E-19
 7.75E+05   5.11E-05   1.31E-01   6.98E-01   0.00E+00   0.00E+00   3.47E-13   1.12E-07   5.68E-17
 9.25E+05   5.47E-05   1.34E-01   7.20E-01   0.00E+00   0.00E+00   4.53E-13   1.19E-07   4.00E-15
 1.08E+06   5.79E-05   1.36E-01   7.41E-01   0.00E+00   0.00E+00   5.99E-13   1.25E-07   1.58E-13
 1.22E+06   6.08E-05   1.38E-01   7.58E-01   0.00E+00   0.00E+00   8.02E-13   1.31E-07   3.29E-12
 1.38E+06   6.36E-05   1.40E-01   7.74E-01   0.00E+00   0.00E+00   1.07E-12   1.36E-07   3.96E-11
 1.52E+06   6.65E-05   1.41E-01   7.89E-01   0.00E+00   0.00E+00   1.43E-12   1.41E-07   3.13E-10
 1.68E+06   6.98E-05   1.43E-01   8.02E-01   0.00E+00   0.00E+00   1.92E-12   1.47E-07   1.79E-09
 1.82E+06   7.36E-05   1.45E-01   8.13E-01   0.00E+00   0.00E+00   2.55E-12   1.54E-07   7.93E-09
 1.98E+06   7.80E-05   1.46E-01   8.21E-01   0.00E+00   0.00E+00   3.40E-12   1.63E-07   2.88E-08
 2.12E+06   8.33E-05   1.47E-01   8.27E-01   0.00E+00   0.00E+00   4.51E-12   1.77E-07   8.86E-08
 2.28E+06   8.99E-05   1.47E-01   8.31E-01   0.00E+00   0.00E+00   5.99E-12   2.04E-07   2.39E-07
 2.42E+06   9.81E-05   1.48E-01   8.34E-01   0.00E+00   0.00E+00   7.95E-12   2.54E-07   5.82E-07
 2.58E+06   1.08E-04   1.48E-01   8.37E-01   0.00E+00   0.00E+00   1.06E-11   3.48E-07   1.29E-06
 2.72E+06   1.21E-04   1.48E-01   8.39E-01   0.00E+00   0.00E+00   1.41E-11   5.13E-07   2.66E-06
 2.88E+06   1.37E-04   1.49E-01   8.40E-01   0.00E+00   0.00E+00   1.90E-11   7.89E-07   5.08E-06
 3.02E+06   1.56E-04   1.49E-01   8.42E-01   0.00E+00   0.00E+00   2.55E-11   1.21E-06   9.07E-06
 3.18E+06   1.79E-04   1.49E-01   8.43E-01   0.00E+00   0.00E+00   3.44E-11   1.82E-06   1.51E-05
 3.32E+06   2.06E-04   1.49E-01   8.43E-01   0.00E+00   0.00E+00   4.65E-11   2.61E-06   2.37E-05
 3.48E+06   2.36E-04   1.49E-01   8.44E-01   0.00E+00   0.00E+00   6.27E-11   3.59E-06   3.49E-05
 3.62E+06   2.68E-04   1.49E-01   8.44E-01   0.00E+00   0.00E+00   8.43E-11   4.72E-06   4.91E-05
 3.78E+06   3.01E-04   1.49E-01   8.45E-01   0.00E+00   0.00E+00   1.13E-10   5.99E-06   6.61E-05
 3.92E+06   3.35E-04   1.49E-01   8.45E-01   0.00E+00   0.00E+00   1.50E-10   7.36E-06   8.60E-05
 4.08E+06   3.68E-04   1.49E-01   8.45E-01   0.00E+00   0.00E+00   1.99E-10   8.80E-06   1.08E-04
 4.22E+06   4.00E-04   1.50E-01   8.45E-01   0.00E+00   0.00E+00   2.64E-10   1.03E-05   1.33E-04
 4.38E+06   4.30E-04   1.50E-01   8.45E-01   0.00E+00   0.00E+00   3.48E-10   1.18E-05   1.57E-04
 4.52E+06   4.56E-04   1.50E-01   8.46E-01   0.00E+00   0.00E+00   4.55E-10   1.32E-05   1.82E-04
 4.68E+06   4.79E-04   1.50E-01   8.46E-01   0.00E+00   0.00E+00   5.88E-10   1.46E-05   2.04E-04
 4.82E+06   4.98E-04   1.50E-01   8.46E-01   0.00E+00   0.00E+00   7.52E-10   1.58E-05   2.23E-04
 4.98E+06   5.14E-04   1.50E-01   8.46E-01   0.00E+00   0.00E+00   9.51E-10   1.68E-05   2.40E-04
 5.12E+06   5.26E-04   1.50E-01   8.46E-01   0.00E+00   0.00E+00   1.19E-09   1.77E-05   2.54E-04
 5.28E+06   5.36E-04   1.50E-01   8.46E-01   0.00E+00   0.00E+00   1.49E-09   1.84E-05   2.64E-04
 5.42E+06   5.43E-04   1.50E-01   8.46E-01   0.00E+00   0.00E+00   1.84E-09   1.90E-05   2.73E-04
 5.58E+06   5.48E-04   1.50E-01   8.46E-01   0.00E+00   0.00E+00   2.27E-09   1.94E-05   2.79E-04
 5.72E+06   5.52E-04   1.50E-01   8.46E-01   0.00E+00   0.00E+00   2.79E-09   1.98E-05   2.84E-04
 5.88E+06   5.55E-04   1.50E-01   8.46E-01   0.00E+00   0.00E+00   3.42E-09   2.01E-05   2.88E-04
 6.02E+06   5.57E-04   1.50E-01   8.46E-01   0.00E+00   0.00E+00   4.19E-09   2.03E-05   2.91E-04
 6.18E+06   5.58E-04   1.50E-01   8.46E-01   0.00E+00   0.00E+00   5.14E-09   2.05E-05   2.93E-04
 6.32E+06   5.59E-04   1.50E-01   8.46E-01   0.00E+00   0.00E+00   6.30E-09   2.07E-05   2.95E-04
 6.48E+06   5.60E-04   1.50E-01   8.46E-01   0.00E+00   0.00E+00   7.74E-09   2.08E-05   2.96E-04
 6.62E+06   5.60E-04   1.50E-01   8.46E-01   0.00E+00   0.00E+00   9.51E-09   2.09E-05   2.98E-04
 6.78E+06   5.61E-04   1.50E-01   8.46E-01   0.00E+00   0.00E+00   1.17E-08   2.10E-05   2.98E-04
 6.92E+06   5.61E-04   1.50E-01   8.46E-01   0.00E+00   0.00E+00   1.44E-08   2.11E-05   2.99E-04
 7.08E+06   5.61E-04   1.50E-01   8.46E-01   0.00E+00   0.00E+00   1.78E-08   2.12E-05   3.00E-04
 7.22E+06   5.61E-04   1.50E-01   8.46E-01   0.00E+00   0.00E+00   2.20E-08   2.12E-05   3.00E-04
 7.38E+06   5.61E-04   1.50E-01   8.46E-01   0.00E+00   0.00E+00   2.73E-08   2.13E-05   3.01E-04
 7.52E+06   5.61E-04   1.50E-01   8.46E-01   0.00E+00   0.00E+00   3.40E-08   2.14E-05   3.01E-04
 7.68E+06   5.61E-04   1.50E-01   8.46E-01   0.00E+00   0.00E+00   4.24E-08   2.14E-05   3.01E-04
 7.82E+06   5.62E-04   1.50E-01   8.46E-01   0.00E+00   0.00E+00   5.28E-08   2.15E-05   3.02E-04
 7.98E+06   5.62E-04   1.50E-01   8.46E-01   0.00E+00   0.00E+00   6.57E-08   2.15E-05   3.02E-04
 8.12E+06   5.62E-04   1.50E-01   8.46E-01   0.00E+00   0.00E+00   8.18E-08   2.16E-05   3.02E-04
 8.28E+06   5.62E-04   1.50E-01   8.46E-01   0.00E+00   0.00E+00   1.02E-07   2.17E-05   3.02E-04
 8.42E+06   5.62E-04   1.50E-01   8.46E-01   0.00E+00   0.00E+00   1.27E-07   2.17E-05   3.03E-04
 8.58E+06   5.62E-04   1.50E-01   8.46E-01   0.00E+00   0.00E+00   1.58E-07   2.18E-05   3.03E-04
 8.72E+06   5.62E-04   1.50E-01   8.46E-01   0.00E+00   0.00E+00   1.97E-07   2.19E-05   3.03E-04
 8.88E+06   5.62E-04   1.50E-01   8.46E-01   0.00E+00   0.00E+00   2.45E-07   2.19E-05   3.04E-04
 9.02E+06   5.62E-04   1.50E-01   8.46E-01   0.00E+00   0.00E+00   3.04E-07   2.20E-05   3.04E-04
 9.18E+06   5.62E-04   1.50E-01   8.46E-01   0.00E+00   0.00E+00   3.78E-07   2.21E-05   3.04E-04
 9.32E+06   5.62E-04   1.50E-01   8.46E-01   0.00E+00   0.00E+00   4.69E-07   2.22E-05   3.04E-04
 9.48E+06   5.62E-04   1.50E-01   8.46E-01   0.00E+00   0.00E+00   5.83E-07   2.22E-05   3.05E-04
 9.62E+06   5.62E-04   1.50E-01   8.46E-01   0.00E+00   0.00E+00   7.23E-07   2.23E-05   3.05E-04
 9.78E+06   5.62E-04   1.50E-01   8.46E-01   0.00E+00   0.00E+00   8.95E-07   2.25E-05   3.05E-04
 9.92E+06   5.62E-04   1.50E-01   8.46E-01   0.00E+00   0.00E+00   1.11E-06   2.27E-05   3.06E-04

     Z      POCS       PNO3_NO    PNO3_NO2   PN2O       PHO2NO2_NO2PHO2NO2_NO3PN2O5_NO2  PN2O5_NO   
 2.50E+04   1.05E-11   1.06E-02   8.35E-02   1.46E-33   1.53E-06   3.82E-07   3.63E-10   1.02E-05
 1.75E+05   1.25E-11   1.09E-02   8.50E-02   2.87E-30   1.78E-06   4.45E-07   4.54E-10   1.16E-05
 3.25E+05   1.44E-11   1.10E-02   8.62E-02   3.27E-27   2.00E-06   5.01E-07   5.47E-10   1.29E-05
 4.75E+05   1.61E-11   1.12E-02   8.71E-02   1.86E-24   2.21E-06   5.53E-07   6.42E-10   1.41E-05
 6.25E+05   1.78E-11   1.14E-02   8.78E-02   5.42E-22   2.40E-06   6.00E-07   7.44E-10   1.52E-05
 7.75E+05   1.94E-11   1.16E-02   8.82E-02   8.30E-20   2.58E-06   6.44E-07   8.52E-10   1.62E-05
 9.25E+05   2.09E-11   1.17E-02   8.83E-02   6.81E-18   2.74E-06   6.84E-07   9.69E-10   1.71E-05
 1.08E+06   2.23E-11   1.19E-02   8.88E-02   3.07E-16   2.88E-06   7.21E-07   1.09E-09   1.79E-05
 1.22E+06   2.37E-11   1.20E-02   8.97E-02   7.15E-15   3.01E-06   7.54E-07   1.22E-09   1.86E-05
 1.38E+06   2.58E-11   1.22E-02   9.06E-02   9.32E-14   3.14E-06   7.84E-07   1.43E-09   1.93E-05
 1.52E+06   3.26E-11   1.23E-02   9.18E-02   7.78E-13   3.26E-06   8.15E-07   2.01E-09   1.99E-05
 1.68E+06   6.24E-11   1.25E-02   9.29E-02   4.61E-12   3.39E-06   8.48E-07   4.28E-09   2.05E-05
 1.82E+06   1.81E-10   1.26E-02   9.39E-02   2.09E-11   3.54E-06   8.84E-07   1.28E-08   2.12E-05
 1.98E+06   5.81E-10   1.27E-02   9.48E-02   7.66E-11   3.71E-06   9.27E-07   4.04E-08   2.18E-05
 2.12E+06   1.76E-09   1.27E-02   9.56E-02   2.36E-10   3.93E-06   9.83E-07   1.18E-07   2.24E-05
 2.28E+06   4.86E-09   1.28E-02   9.62E-02   6.33E-10   4.24E-06   1.06E-06   3.07E-07   2.32E-05
 2.42E+06   1.23E-08   1.28E-02   9.68E-02   1.51E-09   4.71E-06   1.18E-06   7.26E-07   2.40E-05
 2.58E+06   2.91E-08   1.29E-02   9.74E-02   3.25E-09   5.45E-06   1.38E-06   1.57E-06   2.50E-05
 2.72E+06   6.44E-08   1.29E-02   9.79E-02   6.43E-09   6.60E-06   1.68E-06   3.12E-06   2.61E-05
 2.88E+06   1.35E-07   1.29E-02   9.84E-02   1.17E-08   8.39E-06   2.15E-06   5.74E-06   2.74E-05
 3.02E+06   2.65E-07   1.29E-02   9.89E-02   1.97E-08   1.10E-05   2.85E-06   9.82E-06   2.90E-05
 3.18E+06   4.90E-07   1.29E-02   9.94E-02   3.09E-08   1.46E-05   3.82E-06   1.56E-05   3.07E-05
 3.32E+06   8.55E-07   1.30E-02   1.00E-01   4.51E-08   1.93E-05   5.07E-06   2.32E-05   3.27E-05
 3.48E+06   1.40E-06   1.30E-02   1.00E-01   6.21E-08   2.51E-05   6.62E-06   3.25E-05   3.48E-05
 3.62E+06   2.18E-06   1.30E-02   1.01E-01   8.12E-08   3.20E-05   8.45E-06   4.33E-05   3.70E-05
 3.78E+06   3.22E-06   1.30E-02   1.01E-01   1.02E-07   3.99E-05   1.06E-05   5.54E-05   3.94E-05
 3.92E+06   4.55E-06   1.30E-02   1.02E-01   1.23E-07   4.90E-05   1.30E-05   6.87E-05   4.18E-05
 4.08E+06   6.15E-06   1.30E-02   1.02E-01   1.45E-07   5.96E-05   1.58E-05   8.33E-05   4.44E-05
 4.22E+06   7.96E-06   1.30E-02   1.03E-01   1.67E-07   7.18E-05   1.90E-05   9.92E-05   4.72E-05
 4.38E+06   9.87E-06   1.30E-02   1.03E-01   1.87E-07   8.57E-05   2.26E-05   1.16E-04   5.01E-05
 4.52E+06   1.18E-05   1.30E-02   1.03E-01   2.05E-07   1.01E-04   2.64E-05   1.34E-04   5.30E-05
 4.68E+06   1.35E-05   1.30E-02   1.03E-01   2.21E-07   1.15E-04   3.03E-05   1.51E-04   5.57E-05
 4.82E+06   1.51E-05   1.30E-02   1.03E-01   2.35E-07   1.30E-04   3.39E-05   1.67E-04   5.82E-05
 4.98E+06   1.64E-05   1.30E-02   1.03E-01   2.46E-07   1.42E-04   3.72E-05   1.81E-04   6.03E-05
 5.12E+06   1.74E-05   1.30E-02   1.02E-01   2.56E-07   1.53E-04   4.00E-05   1.93E-04   6.21E-05
 5.28E+06   1.83E-05   1.30E-02   1.02E-01   2.65E-07   1.61E-04   4.23E-05   2.03E-04   6.34E-05
 5.42E+06   1.89E-05   1.30E-02   1.02E-01   2.73E-07   1.68E-04   4.41E-05   2.11E-04   6.45E-05
 5.58E+06   1.94E-05   1.30E-02   1.02E-01   2.81E-07   1.74E-04   4.55E-05   2.18E-04   6.53E-05
 5.72E+06   1.98E-05   1.30E-02   1.02E-01   2.88E-07   1.78E-04   4.66E-05   2.23E-04   6.59E-05
 5.88E+06   2.01E-05   1.30E-02   1.01E-01   2.94E-07   1.81E-04   4.75E-05   2.27E-04   6.64E-05
 6.02E+06   2.03E-05   1.30E-02   1.01E-01   3.01E-07   1.83E-04   4.81E-05   2.31E-04   6.67E-05
 6.18E+06   2.04E-05   1.30E-02   1.01E-01   3.06E-07   1.85E-04   4.87E-05   2.33E-04   6.69E-05
 6.32E+06   2.05E-05   1.30E-02   1.01E-01   3.12E-07   1.87E-04   4.91E-05   2.36E-04   6.71E-05
 6.48E+06   2.06E-05   1.30E-02   1.01E-01   3.17E-07   1.88E-04   4.94E-05   2.38E-04   6.72E-05
 6.62E+06   2.07E-05   1.30E-02   1.00E-01   3.22E-07   1.88E-04   4.96E-05   2.40E-04   6.73E-05
 6.78E+06   2.07E-05   1.30E-02   1.00E-01   3.27E-07   1.89E-04   4.98E-05   2.41E-04   6.73E-05
 6.92E+06   2.08E-05   1.30E-02   9.99E-02   3.31E-07   1.89E-04   5.00E-05   2.43E-04   6.74E-05
 7.08E+06   2.08E-05   1.30E-02   9.97E-02   3.36E-07   1.90E-04   5.01E-05   2.44E-04   6.74E-05
 7.22E+06   2.09E-05   1.30E-02   9.96E-02   3.41E-07   1.90E-04   5.02E-05   2.45E-04   6.74E-05
 7.38E+06   2.09E-05   1.31E-02   9.94E-02   3.49E-07   1.90E-04   5.03E-05   2.46E-04   6.74E-05
 7.52E+06   2.09E-05   1.31E-02   9.94E-02   3.62E-07   1.91E-04   5.04E-05   2.47E-04   6.74E-05
 7.68E+06   2.10E-05   1.31E-02   9.94E-02   3.81E-07   1.91E-04   5.04E-05   2.48E-04   6.74E-05
 7.82E+06   2.11E-05   1.31E-02   9.94E-02   4.07E-07   1.91E-04   5.04E-05   2.50E-04   6.74E-05
 7.98E+06   2.12E-05   1.31E-02   9.94E-02   4.40E-07   1.91E-04   5.05E-05   2.51E-04   6.74E-05
 8.12E+06   2.14E-05   1.31E-02   9.94E-02   4.79E-07   1.91E-04   5.05E-05   2.53E-04   6.74E-05
 8.28E+06   2.16E-05   1.31E-02   9.94E-02   5.24E-07   1.91E-04   5.05E-05   2.54E-04   6.74E-05
 8.42E+06   2.18E-05   1.31E-02   9.94E-02   5.72E-07   1.91E-04   5.05E-05   2.56E-04   6.74E-05
 8.58E+06   2.20E-05   1.31E-02   9.94E-02   6.21E-07   1.91E-04   5.05E-05   2.58E-04   6.74E-05
 8.72E+06   2.22E-05   1.31E-02   9.94E-02   6.70E-07   1.91E-04   5.06E-05   2.60E-04   6.74E-05
 8.88E+06   2.25E-05   1.31E-02   9.94E-02   7.21E-07   1.91E-04   5.06E-05   2.62E-04   6.74E-05
 9.02E+06   2.27E-05   1.31E-02   9.94E-02   7.76E-07   1.91E-04   5.06E-05   2.63E-04   6.75E-05
 9.18E+06   2.30E-05   1.31E-02   9.94E-02   8.39E-07   1.91E-04   5.06E-05   2.66E-04   6.75E-05
 9.32E+06   2.33E-05   1.31E-02   9.94E-02   9.20E-07   1.91E-04   5.06E-05   2.68E-04   6.75E-05
 9.48E+06   2.38E-05   1.31E-02   9.94E-02   1.04E-06   1.91E-04   5.06E-05   2.70E-04   6.75E-05
 9.62E+06   2.44E-05   1.31E-02   9.94E-02   1.21E-06   1.91E-04   5.06E-05   2.73E-04   6.75E-05
 9.78E+06   2.54E-05   1.31E-02   9.94E-02   1.46E-06   1.91E-04   5.06E-05   2.76E-04   6.75E-05
 9.92E+06   2.83E-05   1.31E-02   9.94E-02   1.87E-06   1.91E-04   5.06E-05   2.83E-04   6.75E-05
 N =    1  EMAX = 8.83E-05 FOR H       AT Z = 1.18E+06 U = 1.09E-20 RHS = 9.59E-25  DT = 5.00E-06  TIME = 1.00E-06
 N =    2  EMAX = 1.13E-04 FOR CH3     AT Z = 2.38E+06 U = 1.04E-20 RHS =-1.18E-24  DT = 2.50E-05  TIME = 6.00E-06
 N =    3  EMAX = 1.99E-04 FOR O       AT Z = 1.02E+06 U = 5.81E-16 RHS = 1.15E-19  DT = 1.25E-04  TIME = 3.10E-05
 N =    4  EMAX = 2.56E-04 FOR O       AT Z = 1.02E+06 U = 5.81E-16 RHS = 1.48E-19  DT = 6.25E-04  TIME = 1.56E-04
 N =    5  EMAX = 1.41E-04 FOR CH3     AT Z = 3.48E+06 U = 2.62E-18 RHS =-3.69E-22  DT = 3.13E-03  TIME = 7.81E-04
 N =    6  EMAX = 1.77E-04 FOR SO3     AT Z = 6.75E+05 U = 1.14E-18 RHS =-2.02E-22  DT = 1.56E-02  TIME = 3.91E-03
 N =    7  EMAX = 3.22E-04 FOR SO3     AT Z = 1.02E+06 U = 1.06E-16 RHS =-3.40E-20  DT = 7.81E-02  TIME = 1.95E-02
 N =    8  EMAX = 1.18E-03 FOR SO3     AT Z = 1.02E+06 U = 1.06E-16 RHS =-1.25E-19  DT = 2.34E-01  TIME = 9.77E-02
 N =    9  EMAX = 1.71E-03 FOR SO3     AT Z = 1.02E+06 U = 1.05E-16 RHS =-1.81E-19  DT = 7.03E-01  TIME = 3.32E-01
 N =   10  EMAX = 1.22E-03 FOR SO3     AT Z = 1.02E+06 U = 1.05E-16 RHS =-1.29E-19  DT = 2.11E+00  TIME = 1.04E+00
 N =   11  EMAX = 4.28E-04 FOR SO3     AT Z = 1.78E+06 U = 1.91E-15 RHS =-8.16E-19  DT = 1.05E+01  TIME = 3.14E+00
 N =   12  EMAX = 8.85E-04 FOR SO3     AT Z = 1.92E+06 U = 2.17E-15 RHS =-1.92E-18  DT = 4.22E+01  TIME = 1.37E+01
 N =   13  EMAX = 1.04E-03 FOR SO3     AT Z = 2.12E+06 U = 1.75E-15 RHS =-1.82E-18  DT = 1.27E+02  TIME = 5.59E+01
 N =   14  EMAX = 9.67E-04 FOR SO3     AT Z = 2.38E+06 U = 1.50E-15 RHS =-1.45E-18  DT = 5.06E+02  TIME = 1.82E+02
 N =   15  EMAX = 1.08E-03 FOR SO3     AT Z = 2.62E+06 U = 1.34E-15 RHS =-1.44E-18  DT = 1.52E+03  TIME = 6.89E+02
 N =   16  EMAX = 9.44E-04 FOR SO3     AT Z = 2.88E+06 U = 1.18E-15 RHS =-1.12E-18  DT = 6.08E+03  TIME = 2.21E+03
 N =   17  EMAX = 9.41E-04 FOR SO3     AT Z = 3.08E+06 U = 1.11E-15 RHS =-1.04E-18  DT = 2.43E+04  TIME = 8.28E+03
 N =   18  EMAX = 8.60E-04 FOR SO3     AT Z = 3.32E+06 U = 1.18E-15 RHS =-1.01E-18  DT = 9.72E+04  TIME = 3.26E+04
 N =   19  EMAX = 1.51E-03 FOR H2O     AT Z = 1.28E+06 U = 3.92E-06 RHS = 5.94E-09  DT = 2.92E+05  TIME = 1.30E+05
 N =   20  EMAX = 5.95E-04 FOR H2O     AT Z = 1.32E+06 U = 3.93E-06 RHS = 2.34E-09  DT = 1.17E+06  TIME = 4.21E+05
 N =   21  EMAX = 6.92E-04 FOR H2O     AT Z = 1.38E+06 U = 3.94E-06 RHS = 2.73E-09  DT = 4.67E+06  TIME = 1.59E+06
 N =   22  EMAX = 1.42E-03 FOR H2S     AT Z = 1.72E+06 U = 2.27E-18 RHS =-3.24E-21  DT = 1.40E+07  TIME = 6.25E+06
 N =   23  EMAX = 2.26E-03 FOR H2S     AT Z = 2.02E+06 U = 1.30E-20 RHS =-2.93E-23  DT = 4.20E+07  TIME = 2.03E+07
 N =   24  EMAX = 2.09E-03 FOR H2S     AT Z = 2.02E+06 U = 1.29E-20 RHS =-2.70E-23  DT = 1.26E+08  TIME = 6.22E+07
 N =   25  EMAX = 2.99E-03 FOR SO3     AT Z = 8.28E+06 U = 6.61E-18 RHS =-1.98E-20  DT = 3.78E+08  TIME = 1.88E+08
 N =   26  EMAX = 2.72E-03 FOR SO3     AT Z = 8.28E+06 U = 6.59E-18 RHS =-1.79E-20  DT = 1.13E+09  TIME = 5.66E+08
 N =   27  EMAX = 9.19E-04 FOR SO3     AT Z = 8.28E+06 U = 6.58E-18 RHS =-6.04E-21  DT = 4.53E+09  TIME = 1.70E+09
 N =   28  EMAX = 2.13E-04 FOR H2SO4   AT Z = 2.98E+06 U = 9.05E-13 RHS =-1.93E-16  DT = 2.27E+10  TIME = 6.23E+09
 N =   29  EMAX = 2.70E-05 FOR H2SO4   AT Z = 2.98E+06 U = 9.05E-13 RHS =-2.44E-17  DT = 1.13E+11  TIME = 2.89E+10
 N =   30  EMAX = 7.46E-06 FOR H2S     AT Z = 2.02E+06 U = 1.29E-20 RHS = 9.61E-26  DT = 5.67E+11  TIME = 1.42E+11
 N =   31  EMAX = 2.65E-06 FOR H2S     AT Z = 2.02E+06 U = 1.29E-20 RHS =-3.42E-26  DT = 2.83E+12  TIME = 7.09E+11
 N =   32  EMAX = 2.60E-07 FOR H2S     AT Z = 2.02E+06 U = 1.29E-20 RHS = 3.35E-27  DT = 1.42E+13  TIME = 3.54E+12
 N =   33  EMAX = 2.11E-07 FOR SO4AER  AT Z = 3.12E+06 U = 7.67E-10 RHS =-1.62E-16  DT = 7.09E+13  TIME = 1.77E+13
 N =   34  EMAX = 5.83E-08 FOR H2S     AT Z = 2.02E+06 U = 1.29E-20 RHS =-7.51E-28  DT = 3.54E+14  TIME = 8.86E+13
 N =   35  EMAX = 3.26E-08 FOR SO4AER  AT Z = 3.12E+06 U = 7.67E-10 RHS = 2.50E-17  DT = 1.77E+15  TIME = 4.43E+14
 N =   36  EMAX = 5.47E-09 FOR H2S     AT Z = 2.02E+06 U = 1.29E-20 RHS = 7.04E-29  DT = 8.86E+15  TIME = 2.21E+15
 N =   37  EMAX = 6.44E-09 FOR SO4AER  AT Z = 3.52E+06 U = 4.09E-10 RHS =-2.64E-18  DT = 4.43E+16  TIME = 1.11E+16
 N =   38  EMAX = 1.19E-09 FOR SO4AER  AT Z = 2.98E+06 U = 9.50E-10 RHS = 1.13E-18  DT = 2.21E+17  TIME = 5.54E+16
 N =   39  EMAX = 1.25E-09 FOR SO4AER  AT Z = 4.08E+06 U = 1.44E-10 RHS = 1.81E-19  DT = 1.11E+18  TIME = 2.77E+17

 ENERGY FLUXES IN W/m2/nm (NOT DIURNALLY AVERAGED)

  L   WAV      TAUR      EFLUX     GFLUX     S(1)
   1 1177.2  9.719E+01 5.413E-05 0.000E+00 0.000E+00
   2 1178.6  9.657E+01 4.768E-05 0.000E+00 0.000E+00
   3 1179.9  9.600E+01 4.123E-05 0.000E+00 0.000E+00
   4 1181.3  9.539E+01 3.455E-05 0.000E+00 0.000E+00
   5 1182.7  9.479E+01 2.786E-05 0.000E+00 0.000E+00
   6 1184.1  9.419E+01 2.117E-05 0.000E+00 0.000E+00
   7 1185.5  9.359E+01 1.899E-05 0.000E+00 0.000E+00
   8 1186.9  9.300E+01 2.442E-05 0.000E+00 0.000E+00
   9 1188.3  9.242E+01 3.017E-05 0.000E+00 0.000E+00
  10 1189.8  9.180E+01 3.593E-05 0.000E+00 0.000E+00
  11 1191.2  9.122E+01 4.149E-05 0.000E+00 0.000E+00
  12 1192.6  9.065E+01 4.704E-05 0.000E+00 0.000E+00
  13 1194.0  9.008E+01 5.260E-05 0.000E+00 0.000E+00
  14 1195.5  8.952E+01 5.608E-05 0.000E+00 0.000E+00
  15 1196.9  8.892E+01 5.512E-05 0.000E+00 0.000E+00
  16 1198.3  8.837E+01 5.891E-05 0.000E+00 0.000E+00
  17 1199.8  8.782E+01 6.400E-05 0.000E+00 0.000E+00
  18 1201.2  8.723E+01 5.848E-05 0.000E+00 0.000E+00
  19 1202.7  8.669E+01 5.851E-05 0.000E+00 0.000E+00
  20 1204.1  8.612E+01 1.550E-04 0.000E+00 0.000E+00
  21 1205.5  8.559E+01 3.814E-04 0.000E+00 0.000E+00
  22 1207.0  8.502E+01 3.958E-04 0.000E+00 0.000E+00
  23 1208.5  8.450E+01 1.820E-04 0.000E+00 0.000E+00
  24 1210.0  8.394E+01 1.014E-04 0.000E+00 0.000E+00
  25 1211.4  8.339E+01 2.778E-04 0.000E+00 0.000E+00
  26 1212.8  8.288E+01 4.063E-03 0.000E+00 0.000E+00
  27 1214.3  8.234E+01 1.837E-02 0.000E+00 0.000E+00
  28 1215.8  8.180E+01 2.550E-02 0.000E+00 0.000E+00
  29 1217.2  8.130E+01 1.269E-02 0.000E+00 0.000E+00
  30 1218.8  8.077E+01 1.953E-03 0.000E+00 0.000E+00
  31 1220.2  8.024E+01 2.304E-04 0.000E+00 0.000E+00
  32 1221.8  7.972E+01 9.415E-05 0.000E+00 0.000E+00
  33 1223.2  7.920E+01 6.190E-05 0.000E+00 0.000E+00
  34 1224.8  7.869E+01 4.859E-05 0.000E+00 0.000E+00
  35 1226.2  7.818E+01 4.298E-05 0.000E+00 0.000E+00
  36 1227.8  7.768E+01 4.077E-05 0.000E+00 0.000E+00
  37 1229.2  7.718E+01 3.730E-05 0.000E+00 0.000E+00
  38 1230.8  7.668E+01 3.304E-05 0.000E+00 0.000E+00
  39 1232.2  7.619E+01 3.085E-05 0.000E+00 0.000E+00
  40 1233.8  7.570E+01 3.007E-05 0.000E+00 0.000E+00
  41 1235.3  7.518E+01 3.114E-05 0.000E+00 0.000E+00
  42 1236.8  7.470E+01 4.785E-05 0.000E+00 0.000E+00
  43 1238.4  7.422E+01 6.985E-05 0.000E+00 0.000E+00
  44 1240.0  7.372E+01 5.861E-05 0.000E+00 0.000E+00
  45 1241.5  7.325E+01 4.901E-05 0.000E+00 0.000E+00
  46 1243.0  7.278E+01 4.753E-05 0.000E+00 0.000E+00
  47 1244.5  7.229E+01 3.176E-05 0.000E+00 0.000E+00
  48 1246.1  7.183E+01 2.375E-05 0.000E+00 0.000E+00
  49 1247.7  7.135E+01 2.316E-05 0.000E+00 0.000E+00
  50 1249.2  7.090E+01 2.327E-05 0.000E+00 0.000E+00
  51 1250.8  7.042E+01 2.382E-05 0.000E+00 0.000E+00
  52 1252.3  6.995E+01 2.661E-05 0.000E+00 0.000E+00
  53 1253.9  6.951E+01 3.071E-05 0.000E+00 0.000E+00
  54 1255.5  6.905E+01 3.062E-05 0.000E+00 0.000E+00
  55 1257.1  6.859E+01 3.412E-05 0.000E+00 0.000E+00
  56 1258.7  6.813E+01 4.922E-05 0.000E+00 0.000E+00
  57 1260.2  6.770E+01 5.734E-05 0.000E+00 0.000E+00
  58 1261.8  6.726E+01 4.188E-05 0.000E+00 0.000E+00
  59 1263.4  6.681E+01 5.704E-05 0.000E+00 0.000E+00
  60 1265.0  6.637E+01 8.211E-05 0.000E+00 0.000E+00
  61 1266.6  6.593E+01 5.035E-05 0.000E+00 0.000E+00
  62 1268.2  6.549E+01 2.200E-05 0.000E+00 0.000E+00
  63 1269.8  6.506E+01 1.766E-05 0.000E+00 0.000E+00
  64 1271.4  6.463E+01 1.748E-05 0.000E+00 0.000E+00
  65 1273.1  6.418E+01 2.007E-05 0.000E+00 0.000E+00
  66 1274.7  6.376E+01 2.742E-05 0.000E+00 0.000E+00
  67 1276.3  6.335E+01 3.156E-05 0.000E+00 0.000E+00
  68 1277.9  6.293E+01 3.090E-05 0.000E+00 0.000E+00
  69 1279.6  6.250E+01 2.813E-05 0.000E+00 0.000E+00
  70 1281.2  6.209E+01 2.158E-05 0.000E+00 0.000E+00
  71 1282.9  6.166E+01 1.577E-05 0.000E+00 0.000E+00
  72 1284.5  6.126E+01 1.463E-05 0.000E+00 0.000E+00
  73 1286.2  6.086E+01 1.767E-05 0.000E+00 0.000E+00
  74 1287.8  6.045E+01 2.579E-05 0.000E+00 0.000E+00
  75 1289.5  6.003E+01 2.603E-05 0.000E+00 0.000E+00
  76 1291.2  5.965E+01 1.933E-05 0.000E+00 0.000E+00
  77 1292.8  5.924E+01 1.789E-05 0.000E+00 0.000E+00
  78 1294.5  5.883E+01 2.386E-05 0.000E+00 0.000E+00
  79 1296.2  5.846E+01 2.750E-05 0.000E+00 0.000E+00
  80 1297.8  5.806E+01 3.032E-05 0.000E+00 0.000E+00
  81 1299.6  5.767E+01 6.221E-05 0.000E+00 0.000E+00
  82 1301.2  5.727E+01 1.605E-04 0.000E+00 0.000E+00
  83 1302.9  5.689E+01 2.341E-04 0.000E+00 0.000E+00
  84 1304.7  5.650E+01 3.161E-04 0.000E+00 0.000E+00
  85 1306.3  5.612E+01 2.521E-04 0.000E+00 0.000E+00
  86 1308.1  5.574E+01 9.567E-05 0.000E+00 0.000E+00
  87 1309.8  5.537E+01 5.384E-05 0.000E+00 0.000E+00
  88 1311.4  5.500E+01 3.787E-05 0.000E+00 0.000E+00
  89 1313.2  5.463E+01 2.660E-05 0.000E+00 0.000E+00
  90 1314.9  5.424E+01 2.578E-05 0.000E+00 0.000E+00
  91 1316.7  5.388E+01 3.090E-05 0.000E+00 0.000E+00
  92 1318.4  5.352E+01 3.087E-05 0.000E+00 0.000E+00
  93 1320.2  5.315E+01 2.333E-05 0.000E+00 0.000E+00
  94 1321.9  5.279E+01 1.999E-05 0.000E+00 0.000E+00
  95 1323.7  5.242E+01 2.261E-05 0.000E+00 0.000E+00
  96 1325.4  5.208E+01 2.198E-05 0.000E+00 0.000E+00
  97 1327.2  5.171E+01 2.565E-05 0.000E+00 0.000E+00
  98 1328.9  5.137E+01 3.306E-05 0.000E+00 0.000E+00
  99 1330.7  5.102E+01 3.243E-05 0.000E+00 0.000E+00
 100 1332.4  5.066E+01 1.605E-04 0.000E+00 0.000E+00
 101 1334.2  5.033E+01 5.537E-04 0.000E+00 0.000E+00
 102 1336.0  4.998E+01 5.056E-04 0.000E+00 0.000E+00
 103 1337.8  4.963E+01 1.145E-04 0.000E+00 0.000E+00
 104 1339.6  4.929E+01 2.202E-05 0.000E+00 0.000E+00
 105 1341.4  4.895E+01 2.130E-05 0.000E+00 0.000E+00
 106 1343.2  4.862E+01 2.151E-05 0.000E+00 0.000E+00
 107 1345.0  4.828E+01 2.168E-05 0.000E+00 0.000E+00
 108 1346.8  4.795E+01 2.256E-05 0.000E+00 0.000E+00
 109 1348.6  4.762E+01 2.619E-05 0.000E+00 0.000E+00
 110 1350.5  4.730E+01 3.956E-05 0.000E+00 0.000E+00
 111 1352.3  4.696E+01 4.245E-05 0.000E+00 0.000E+00
 112 1354.1  4.664E+01 4.974E-05 0.000E+00 0.000E+00
 113 1356.0  4.632E+01 6.151E-05 0.000E+00 0.000E+00
 114 1357.8  4.599E+01 5.111E-05 0.000E+00 0.000E+00
 115 1359.6  4.568E+01 4.212E-05 0.000E+00 0.000E+00
 116 1361.5  4.537E+01 3.367E-05 0.000E+00 0.000E+00
 117 1363.3  4.505E+01 3.233E-05 0.000E+00 0.000E+00
 118 1365.2  4.473E+01 3.022E-05 0.000E+00 0.000E+00
 119 1367.0  4.443E+01 2.976E-05 0.000E+00 0.000E+00
 120 1369.0  4.411E+01 3.424E-05 0.000E+00 0.000E+00
 121 1370.8  4.380E+01 3.814E-05 0.000E+00 0.000E+00
 122 1372.7  4.351E+01 3.609E-05 0.000E+00 0.000E+00
 123 1374.5  4.320E+01 3.130E-05 0.000E+00 0.000E+00
 124 1376.5  4.290E+01 2.991E-05 0.000E+00 0.000E+00
 125 1378.3  4.260E+01 3.258E-05 0.000E+00 0.000E+00
 126 1380.2  4.230E+01 3.565E-05 0.000E+00 0.000E+00
 127 1382.2  4.200E+01 3.438E-05 0.000E+00 0.000E+00
 128 1384.0  4.171E+01 3.249E-05 0.000E+00 0.000E+00
 129 1386.0  4.142E+01 3.416E-05 0.000E+00 0.000E+00
 130 1388.0  4.111E+01 3.596E-05 0.000E+00 0.000E+00
 131 1389.8  4.083E+01 4.015E-05 0.000E+00 0.000E+00
 132 1391.8  4.055E+01 1.225E-04 0.000E+00 0.000E+00
 133 1393.8  4.025E+01 2.103E-04 0.000E+00 0.000E+00
 134 1395.7  3.997E+01 1.132E-04 0.000E+00 0.000E+00
 135 1397.6  3.970E+01 4.745E-05 0.000E+00 0.000E+00
 136 1399.6  3.941E+01 6.685E-05 0.000E+00 0.000E+00
 137 1401.5  3.913E+01 1.299E-04 0.000E+00 0.000E+00
 138 1403.5  3.886E+01 1.288E-04 0.000E+00 0.000E+00
 139 1405.5  3.858E+01 6.890E-05 0.000E+00 0.000E+00
 140 1407.5  3.830E+01 4.960E-05 0.000E+00 0.000E+00
 141 1409.5  3.803E+01 4.897E-05 0.000E+00 0.000E+00
 142 1411.4  3.777E+01 5.215E-05 0.000E+00 0.000E+00
 143 1413.4  3.750E+01 5.092E-05 0.000E+00 0.000E+00
 144 1415.4  3.723E+01 4.986E-05 0.000E+00 0.000E+00
 145 1417.4  3.696E+01 5.040E-05 0.000E+00 0.000E+00
 146 1419.5  3.670E+01 4.958E-05 0.000E+00 0.000E+00
 147 1421.5  3.643E+01 5.019E-05 0.000E+00 0.000E+00
 148 1423.5  3.617E+01 5.965E-05 0.000E+00 0.000E+00
 149 1425.5  3.592E+01 6.274E-05 0.000E+00 0.000E+00
 150 1427.5  3.566E+01 5.269E-05 0.000E+00 0.000E+00
 151 1429.6  3.540E+01 5.402E-05 0.000E+00 0.000E+00
 152 1431.7  3.515E+01 6.567E-05 0.000E+00 0.000E+00
 153 1433.7  3.489E+01 6.713E-05 0.000E+00 0.000E+00
 154 1435.8  3.465E+01 6.111E-05 0.000E+00 0.000E+00
 155 1437.8  3.439E+01 5.862E-05 0.000E+00 0.000E+00
 156 1439.8  3.415E+01 5.711E-05 0.000E+00 0.000E+00
 157 1442.0  3.390E+01 5.829E-05 0.000E+00 0.000E+00
 158 1444.0  3.365E+01 6.098E-05 0.000E+00 0.000E+00
 159 1446.2  3.341E+01 6.205E-05 0.000E+00 0.000E+00
 160 1448.2  3.317E+01 5.994E-05 0.000E+00 0.000E+00
 161 1450.3  3.293E+01 5.957E-05 0.000E+00 0.000E+00
 162 1452.5  3.269E+01 6.227E-05 0.000E+00 0.000E+00
 163 1454.5  3.245E+01 6.600E-05 0.000E+00 0.000E+00
 164 1456.7  3.222E+01 6.589E-05 0.000E+00 0.000E+00
 165 1458.8  3.199E+01 6.696E-05 0.000E+00 0.000E+00
 166 1461.0  3.174E+01 6.926E-05 0.000E+00 0.000E+00
 167 1463.0  3.152E+01 7.491E-05 0.000E+00 0.000E+00
 168 1465.2  3.129E+01 7.765E-05 0.000E+00 0.000E+00
 169 1467.3  3.106E+01 8.866E-05 0.000E+00 0.000E+00
 170 1469.5  3.084E+01 8.868E-05 0.000E+00 0.000E+00
 171 1471.7  3.061E+01 1.093E-04 0.000E+00 0.000E+00
 172 1473.8  3.038E+01 1.260E-04 0.000E+00 0.000E+00
 173 1476.0  3.016E+01 9.189E-05 0.000E+00 0.000E+00
 174 1478.2  2.994E+01 7.718E-05 0.000E+00 0.000E+00
 175 1480.4  2.972E+01 9.513E-05 0.000E+00 0.000E+00
 176 1482.6  2.950E+01 1.090E-04 0.000E+00 0.000E+00
 177 1484.8  2.928E+01 9.774E-05 0.000E+00 0.000E+00
 178 1487.0  2.906E+01 9.585E-05 0.000E+00 0.000E+00
 179 1489.2  2.885E+01 8.629E-05 0.000E+00 0.000E+00
 180 1491.4  2.864E+01 8.798E-05 0.000E+00 0.000E+00
 181 1493.7  2.843E+01 9.053E-05 0.000E+00 0.000E+00
 182 1495.9  2.821E+01 8.783E-05 0.000E+00 0.000E+00
 183 1498.2  2.801E+01 9.003E-05 0.000E+00 0.000E+00
 184 1500.4  2.779E+01 9.779E-05 0.000E+00 0.000E+00
 185 1502.7  2.759E+01 9.895E-05 0.000E+00 0.000E+00
 186 1504.9  2.738E+01 9.643E-05 0.000E+00 0.000E+00
 187 1507.2  2.719E+01 9.797E-05 0.000E+00 0.000E+00
 188 1509.4  2.698E+01 1.057E-04 0.000E+00 0.000E+00
 189 1511.8  2.678E+01 1.091E-04 0.000E+00 0.000E+00
 190 1514.1  2.658E+01 1.031E-04 0.000E+00 0.000E+00
 191 1516.3  2.638E+01 1.031E-04 0.000E+00 0.000E+00
 192 1518.7  2.618E+01 1.035E-04 0.000E+00 0.000E+00
 193 1520.9  2.598E+01 1.071E-04 0.000E+00 0.000E+00
 194 1523.2  2.579E+01 1.179E-04 0.000E+00 0.000E+00
 195 1525.6  2.560E+01 1.600E-04 0.000E+00 0.000E+00
 196 1527.9  2.541E+01 1.577E-04 0.000E+00 0.000E+00
 197 1530.2  2.521E+01 1.299E-04 0.000E+00 0.000E+00
 198 1532.6  2.503E+01 1.766E-04 0.000E+00 0.000E+00
 199 1534.9  2.484E+01 1.678E-04 0.000E+00 0.000E+00
 200 1537.3  2.465E+01 1.354E-04 0.000E+00 0.000E+00
 201 1539.7  2.446E+01 1.384E-04 0.000E+00 0.000E+00
 202 1542.0  2.428E+01 1.408E-04 0.000E+00 0.000E+00
 203 1544.4  2.410E+01 1.459E-04 0.000E+00 0.000E+00
 204 1546.8  2.391E+01 3.516E-04 0.000E+00 0.000E+00
 205 1549.2  2.373E+01 4.828E-04 0.000E+00 0.000E+00
 206 1551.6  2.355E+01 2.998E-04 0.000E+00 0.000E+00
 207 1554.0  2.337E+01 1.518E-04 0.000E+00 0.000E+00
 208 1556.4  2.319E+01 1.538E-04 0.000E+00 0.000E+00
 209 1558.8  2.302E+01 2.564E-04 0.000E+00 0.000E+00
 210 1561.3  2.284E+01 2.890E-04 0.000E+00 0.000E+00
 211 1563.7  2.267E+01 1.903E-04 0.000E+00 0.000E+00
 212 1566.2  2.250E+01 1.711E-04 0.000E+00 0.000E+00
 213 1568.7  2.232E+01 1.946E-04 0.000E+00 0.000E+00
 214 1571.1  2.215E+01 1.993E-04 0.000E+00 0.000E+00
 215 1573.5  2.198E+01 2.187E-04 0.000E+00 0.000E+00
 216 1576.0  2.181E+01 2.004E-04 0.000E+00 0.000E+00
 217 1578.5  2.164E+01 1.707E-04 0.000E+00 0.000E+00
 218 1581.0  2.148E+01 1.771E-04 0.000E+00 0.000E+00
 219 1583.5  2.131E+01 1.776E-04 0.000E+00 0.000E+00
 220 1586.0  2.115E+01 1.916E-04 0.000E+00 0.000E+00
 221 1588.5  2.098E+01 1.992E-04 0.000E+00 0.000E+00
 222 1591.1  2.082E+01 1.891E-04 0.000E+00 0.000E+00
 223 1593.7  2.066E+01 1.969E-04 0.000E+00 0.000E+00
 224 1596.2  2.050E+01 1.861E-04 0.000E+00 0.000E+00
 225 1598.7  2.034E+01 1.789E-04 0.000E+00 0.000E+00
 226 1601.3  2.018E+01 2.093E-04 0.000E+00 0.000E+00
 227 1603.8  2.002E+01 2.073E-04 0.000E+00 0.000E+00
 228 1606.4  1.987E+01 2.038E-04 0.000E+00 0.000E+00
 229 1609.0  1.972E+01 2.312E-04 0.000E+00 0.000E+00
 230 1611.6  1.956E+01 2.644E-04 0.000E+00 0.000E+00
 231 1614.2  1.941E+01 2.544E-04 0.000E+00 0.000E+00
 232 1616.8  1.926E+01 2.298E-04 0.000E+00 0.000E+00
 233 1619.4  1.911E+01 2.476E-04 0.000E+00 0.000E+00
 234 1622.1  1.896E+01 2.793E-04 0.000E+00 0.000E+00
 235 1624.7  1.881E+01 2.934E-04 0.000E+00 0.000E+00
 236 1627.3  1.866E+01 2.898E-04 0.000E+00 0.000E+00
 237 1630.0  1.851E+01 2.857E-04 0.000E+00 0.000E+00
 238 1632.7  1.837E+01 3.076E-04 0.000E+00 0.000E+00
 239 1635.3  1.822E+01 3.009E-04 0.000E+00 0.000E+00
 240 1638.0  1.808E+01 3.555E-04 0.000E+00 0.000E+00
 241 1640.7  1.794E+01 4.226E-04 0.000E+00 0.000E+00
 242 1643.3  1.779E+01 3.455E-04 0.000E+00 0.000E+00
 243 1646.1  1.765E+01 3.101E-04 0.000E+00 0.000E+00
 244 1648.8  1.751E+01 3.060E-04 0.000E+00 0.000E+00
 245 1651.6  1.737E+01 2.994E-04 0.000E+00 0.000E+00
 246 1654.2  1.723E+01 4.522E-04 0.000E+00 0.000E+00
 247 1657.0  1.710E+01 8.233E-04 0.000E+00 0.000E+00
 248 1659.8  1.696E+01 5.530E-04 0.000E+00 0.000E+00
 249 1662.5  1.683E+01 3.785E-04 0.000E+00 0.000E+00
 250 1665.3  1.669E+01 3.720E-04 0.000E+00 0.000E+00
 251 1668.1  1.656E+01 3.955E-04 0.000E+00 0.000E+00
 252 1670.8  1.643E+01 4.912E-04 0.000E+00 0.000E+00
 253 1673.6  1.630E+01 4.275E-04 0.000E+00 0.000E+00
 254 1676.5  1.616E+01 4.123E-04 0.000E+00 0.000E+00
 255 1679.3  1.603E+01 4.218E-04 0.000E+00 0.000E+00
 256 1682.1  1.590E+01 4.298E-04 0.000E+00 0.000E+00
 257 1684.9  1.578E+01 4.870E-04 0.000E+00 0.000E+00
 258 1687.8  1.565E+01 5.413E-04 0.000E+00 0.000E+00
 259 1690.6  1.552E+01 5.700E-04 0.000E+00 0.000E+00
 260 1693.5  1.540E+01 6.138E-04 0.000E+00 0.000E+00
 261 1696.3  1.527E+01 6.693E-04 0.000E+00 0.000E+00
 262 1699.2  1.515E+01 6.997E-04 0.000E+00 0.000E+00
 263 1702.2  1.502E+01 7.582E-04 0.000E+00 0.000E+00
 264 1705.0  1.490E+01 7.069E-04 0.000E+00 0.000E+00
 265 1708.0  1.478E+01 7.524E-04 0.000E+00 0.000E+00
 266 1710.8  1.466E+01 7.515E-04 0.000E+00 0.000E+00
 267 1713.8  1.454E+01 7.052E-04 0.000E+00 0.000E+00
 268 1716.8  1.442E+01 7.787E-04 0.000E+00 0.000E+00
 269 1719.7  1.430E+01 8.083E-04 0.000E+00 0.000E+00
 270 1722.7  1.419E+01 7.764E-04 0.000E+00 0.000E+00
 271 1725.6  1.407E+01 8.303E-04 0.000E+00 0.000E+00
 272 1728.6  1.396E+01 7.812E-04 0.000E+00 0.000E+00
 273 1731.6  1.384E+01 7.491E-04 0.000E+00 0.000E+00
 274 1734.6  1.373E+01 8.041E-04 0.000E+00 0.000E+00
 275 1737.6  1.361E+01 8.396E-04 0.000E+00 0.000E+00
 276 1740.7  1.350E+01 9.183E-04 0.000E+00 0.000E+00
 277 1743.7  1.339E+01 1.002E-03 0.000E+00 0.000E+00
 278 1746.8  1.328E+01 9.724E-04 0.000E+00 0.000E+00
 279 1749.8  1.317E+01 1.021E-03 0.000E+00 0.000E+00
 280 1752.8  1.306E+01 1.142E-03 0.000E+00 0.000E+00
 281 1756.0  1.295E+01 1.218E-03 0.000E+00 0.000E+00
 282 1759.0  1.284E+01 1.261E-03 0.000E+00 0.000E+00
 283 1762.2  1.274E+01 1.261E-03 0.000E+00 0.000E+00
 284 1765.2  1.263E+01 1.209E-03 0.000E+00 0.000E+00
 285 1768.3  1.252E+01 1.383E-03 0.000E+00 0.000E+00
 286 1771.5  1.242E+01 1.592E-03 0.000E+00 0.000E+00
 287 1774.6  1.232E+01 1.512E-03 0.000E+00 0.000E+00
 288 1777.8  1.221E+01 1.493E-03 0.000E+00 0.000E+00
 289 1781.0  1.211E+01 1.673E-03 0.000E+00 0.000E+00
 290 1784.1  1.201E+01 1.671E-03 0.000E+00 0.000E+00
 291 1787.3  1.191E+01 1.733E-03 0.000E+00 0.000E+00
 292 1790.5  1.181E+01 1.811E-03 0.000E+00 0.000E+00
 293 1793.7  1.171E+01 1.615E-03 0.000E+00 0.000E+00
 294 1796.9  1.161E+01 1.666E-03 0.000E+00 0.000E+00
 295 1800.2  1.151E+01 1.826E-03 0.000E+00 0.000E+00
 296 1803.4  1.141E+01 1.913E-03 0.000E+00 0.000E+00
 297 1806.7  1.131E+01 2.258E-03 0.000E+00 0.000E+00
 298 1809.9  1.122E+01 2.205E-03 0.000E+00 0.000E+00
 299 1813.2  1.112E+01 1.959E-03 0.000E+00 0.000E+00
 300 1816.6  1.103E+01 3.257E-03 0.000E+00 0.000E+00
 301 1819.8  1.094E+01 2.531E-03 0.000E+00 0.000E+00
 302 1823.2  1.084E+01 2.483E-03 0.000E+00 0.000E+00
 303 1826.5  1.075E+01 2.353E-03 0.000E+00 0.000E+00
 304 1829.8  1.066E+01 2.349E-03 0.000E+00 0.000E+00
 305 1833.2  1.057E+01 2.529E-03 0.000E+00 0.000E+00
 306 1836.6  1.047E+01 2.578E-03 0.000E+00 0.000E+00
 307 1839.9  1.039E+01 2.423E-03 0.000E+00 0.000E+00
 308 1843.3  1.030E+01 2.274E-03 0.000E+00 0.000E+00
 309 1846.7  1.021E+01 2.086E-03 0.000E+00 0.000E+00
 310 1850.2  1.012E+01 2.105E-03 0.000E+00 0.000E+00
 311 1853.6  1.003E+01 2.457E-03 0.000E+00 0.000E+00
 312 1857.0  9.944E+00 2.775E-03 0.000E+00 0.000E+00
 313 1860.5  9.859E+00 2.625E-03 0.000E+00 0.000E+00
 314 1864.0  9.773E+00 2.755E-03 0.000E+00 0.000E+00
 315 1867.5  9.687E+00 3.096E-03 0.000E+00 0.000E+00
 316 1871.0  9.602E+00 3.421E-03 0.000E+00 0.000E+00
 317 1874.5  9.519E+00 3.345E-03 0.000E+00 0.000E+00
 318 1878.0  9.436E+00 3.235E-03 0.000E+00 0.000E+00
 319 1881.5  9.354E+00 3.230E-03 0.000E+00 0.000E+00
 320 1885.0  9.273E+00 3.637E-03 0.000E+00 0.000E+00
 321 1888.6  9.191E+00 3.743E-03 0.000E+00 0.000E+00
 322 1892.2  9.109E+00 4.130E-03 0.000E+00 0.000E+00
 323 1895.7  9.031E+00 4.004E-03 0.000E+00 0.000E+00
 324 1899.3  8.951E+00 3.648E-03 0.000E+00 0.000E+00
 325 1902.9  8.872E+00 4.003E-03 0.000E+00 0.000E+00
 326 1906.6  8.792E+00 4.221E-03 0.000E+00 0.000E+00
 327 1910.2  8.715E+00 4.305E-03 0.000E+00 0.000E+00
 328 1913.8  8.639E+00 4.450E-03 0.000E+00 0.000E+00
 329 1917.6  8.562E+00 4.630E-03 0.000E+00 0.000E+00
 330 1921.2  8.485E+00 4.912E-03 0.000E+00 0.000E+00
 331 1924.9  8.410E+00 4.706E-03 0.000E+00 0.000E+00
 332 1928.7  8.335E+00 4.445E-03 0.000E+00 0.000E+00
 333 1932.3  8.261E+00 3.413E-03 0.000E+00 0.000E+00
 334 1936.1  8.188E+00 3.368E-03 3.773-140 1.120-137
 335 1939.8  8.113E+00 4.997E-03 1.538-118 3.078-116
 336 1943.6  8.042E+00 6.086E-03 7.186-109 1.181-106
 337 1947.4  7.969E+00 6.134E-03 0.000E+00 0.000E+00
 338 1951.2  7.897E+00 5.782E-03 0.000E+00 0.000E+00
 339 1955.0  7.826E+00 5.932E-03 1.027E-85 1.731E-83
 340 1958.8  7.756E+00 6.066E-03 1.317E-99 2.171E-97
 341 1962.7  7.685E+00 6.006E-03 0.000E+00 0.000E+00
 342 1966.5  7.617E+00 7.110E-03 0.000E+00 0.000E+00
 343 1970.5  7.547E+00 7.006E-03 0.000E+00 0.000E+00
 344 1974.3  7.478E+00 6.665E-03 0.000E+00 0.000E+00
 345 1978.2  7.410E+00 6.534E-03 4.569E-45 6.993E-43
 346 1982.2  7.343E+00 6.950E-03 1.916-102 2.756-100
 347 1986.1  7.277E+00 6.526E-03 4.128-105 6.325-103
 348 1990.0  7.209E+00 6.519E-03 2.573E-39 3.947E-37
 349 1994.0  7.144E+00 7.415E-03 4.436E-36 5.982E-34
 350 1998.0  7.079E+00 7.273E-03 8.127E-66 1.117E-63
 351 2002.0  7.014E+00 7.651E-03 3.243E-64 4.239E-62
 352 2006.0  6.949E+00 7.954E-03 8.368E-37 1.052E-34
 353 2010.0  6.886E+00 8.162E-03 2.477E-51 3.035E-49
 354 2014.1  6.821E+00 8.565E-03 1.532E-48 1.789E-46
 355 2018.2  6.759E+00 8.873E-03 6.028E-33 6.793E-31
 356 2022.2  6.697E+00 8.774E-03 9.026E-32 1.029E-29
 357 2026.3  6.634E+00 8.543E-03 1.411E-32 1.651E-30
 358 2030.5  6.573E+00 9.592E-03 9.200E-33 9.591E-31
 359 2034.6  6.512E+00 9.627E-03 3.858E-32 4.007E-30
 360 2038.8  6.451E+00 9.960E-03 5.871E-32 5.895E-30
 361 2042.9  6.392E+00 1.084E-02 7.601E-32 7.010E-30
 362 2047.1  6.332E+00 1.114E-02 6.878E-32 6.174E-30
 363 2051.3  6.272E+00 1.135E-02 8.278E-32 7.295E-30
 364 2055.5  6.214E+00 1.125E-02 1.644E-31 1.461E-29
 365 2059.8  6.156E+00 1.128E-02 3.374E-31 2.991E-29
 366 2064.0  6.097E+00 1.151E-02 5.099E-31 4.430E-29
 367 2068.2  6.041E+00 1.221E-02 6.735E-31 5.518E-29
 368 2072.6  5.984E+00 1.303E-02 1.104E-30 8.476E-29
 369 2076.8  5.927E+00 1.393E-02 2.123E-30 1.524E-28
 370 2081.2  5.871E+00 1.426E-02 3.434E-30 2.409E-28
 371 2085.5  5.816E+00 1.571E-02 5.869E-30 3.735E-28
 372 2089.9  5.760E+00 1.840E-02 1.132E-29 6.153E-28
 373 2094.2  5.705E+00 2.200E-02 2.079E-29 9.451E-28
 374 2098.6  5.652E+00 2.490E-02 3.319E-29 1.333E-27
 375 2103.1  5.598E+00 2.854E-02 6.306E-29 2.210E-27
 376 2107.5  5.544E+00 3.135E-02 1.386E-28 4.420E-27
 377 2111.9  5.491E+00 3.264E-02 2.437E-28 7.466E-27
 378 2116.4  5.438E+00 3.679E-02 3.696E-28 1.004E-26
 379 2120.8  5.387E+00 3.851E-02 4.921E-28 1.278E-26
 380 2125.4  5.335E+00 2.960E-02 4.705E-28 1.590E-26
 381 2129.9  5.283E+00 3.265E-02 6.108E-28 1.871E-26
 382 2134.5  5.233E+00 3.259E-02 6.947E-28 2.132E-26
 383 2139.1  5.182E+00 3.680E-02 8.695E-28 2.363E-26
 384 2143.6  5.132E+00 4.501E-02 1.095E-27 2.433E-26
 385 2148.2  5.083E+00 4.120E-02 9.457E-28 2.295E-26
 386 2152.8  5.033E+00 4.049E-02 1.041E-27 2.571E-26
 387 2157.5  4.984E+00 3.376E-02 1.150E-27 3.407E-26
 388 2162.2  4.936E+00 3.763E-02 1.549E-27 4.115E-26
 389 2166.8  4.887E+00 3.159E-02 1.417E-27 4.486E-26
 390 2171.6  4.840E+00 3.453E-02 1.737E-27 5.029E-26
 391 2176.2  4.793E+00 3.489E-02 2.096E-27 6.007E-26
 392 2181.0  4.746E+00 4.829E-02 3.315E-27 6.863E-26
 393 2185.8  4.699E+00 4.612E-02 3.361E-27 7.287E-26
 394 2190.6  4.652E+00 4.576E-02 3.186E-27 6.963E-26
 395 2195.4  4.607E+00 5.013E-02 2.896E-27 5.776E-26
 396 2200.2  4.561E+00 5.135E-02 2.261E-27 4.403E-26
 397 2205.1  4.517E+00 5.468E-02 1.817E-27 3.323E-26
 398 2209.9  4.471E+00 3.881E-02 9.497E-28 2.447E-26
 399 2214.9  4.427E+00 4.120E-02 6.726E-28 1.632E-26
 400 2219.8  4.383E+00 4.492E-02 4.578E-28 1.019E-26
 401 2224.7  4.340E+00 5.151E-02 3.347E-28 6.498E-27
 402 2229.6  4.296E+00 5.498E-02 2.322E-28 4.224E-27
 403 2234.6  4.254E+00 7.085E-02 1.907E-28 2.692E-27
 404 2239.6  4.211E+00 6.537E-02 1.050E-28 1.606E-27
 405 2244.7  4.168E+00 5.969E-02 5.632E-29 9.435E-28
 406 2249.8  4.126E+00 6.034E-02 3.396E-29 5.628E-28
 407 2254.8  4.085E+00 5.395E-02 1.764E-29 3.270E-28
 408 2259.9  4.044E+00 4.912E-02 8.868E-30 1.805E-28
 409 2265.0  4.003E+00 4.027E-02 3.860E-30 9.585E-29
 410 2270.1  3.962E+00 3.456E-02 1.640E-30 4.746E-29
 411 2275.3  3.922E+00 3.964E-02 8.261E-31 2.084E-29
 412 2280.5  3.882E+00 5.145E-02 4.225E-31 8.213E-30
 413 2285.7  3.843E+00 5.448E-02 1.542E-31 2.831E-30
 414 2290.9  3.804E+00 5.028E-02 4.524E-32 8.997E-31
 415 2296.2  3.765E+00 4.940E-02 1.526E-32 3.089E-31
 416 2301.5  3.726E+00 4.792E-02 4.983E-33 1.040E-31
 417 2306.8  3.688E+00 6.023E-02 2.303E-33 3.824E-32
 418 2312.2  3.650E+00 4.720E-02 5.646E-34 1.196E-32
 419 2317.5  3.613E+00 5.539E-02 1.772E-34 3.199E-33
 420 2322.9  3.575E+00 5.678E-02 4.399E-35 7.747E-34
 421 2328.3  3.538E+00 5.140E-02 8.684E-36 1.690E-34
 422 2333.7  3.502E+00 4.677E-02 2.389E-36 5.107E-35
 423 2339.2  3.466E+00 4.205E-02 5.622E-37 1.337E-35
 424 2344.7  3.430E+00 3.790E-02 8.082E-38 2.132E-36
 425 2350.2  3.394E+00 4.593E-02 2.343E-38 5.102E-37
 426 2355.7  3.359E+00 5.672E-02 8.075E-39 1.424E-37
 427 2361.3  3.323E+00 4.961E-02 1.204E-39 2.427E-38
 428 2366.9  3.288E+00 4.837E-02 2.459E-40 5.084E-39
 429 2372.5  3.254E+00 5.323E-02 5.813E-41 1.092E-39
 430 2378.2  3.220E+00 4.954E-02 9.316E-42 1.881E-40
 431 2383.8  3.186E+00 3.920E-02 1.335E-42 3.405E-41
 432 2389.4  3.153E+00 4.709E-02 3.584E-43 7.611E-42
 433 2395.2  3.119E+00 4.436E-02 3.886E-44 8.760E-43
 434 2400.9  3.086E+00 4.382E-02 5.122E-45 1.169E-43
 435 2406.7  3.054E+00 3.933E-02 1.236E-45 3.142E-44
 436 2412.6  3.021E+00 4.349E-02 1.861E-46 4.279E-45
 437 2418.4  2.989E+00 6.294E-02 4.278E-47 6.796E-46
 438 2424.2  2.957E+00 7.230E-02 6.884E-45 9.522E-44
 439 2430.1  2.925E+00 7.332E-02 7.596E-46 1.036E-44
 440 2436.1  2.894E+00 6.667E-02 5.199E-47 7.799E-46
 441 2442.0  2.863E+00 6.764E-02 1.056E-47 1.561E-46
 442 2448.0  2.832E+00 5.894E-02 2.613E-48 4.433E-47
 443 2454.0  2.801E+00 5.126E-02 1.631E-49 3.182E-48
 444 2460.1  2.771E+00 5.015E-02 2.052E-50 4.091E-49
 445 2466.1  2.741E+00 5.137E-02 1.120E-50 2.180E-49
 446 2472.1  2.712E+00 5.640E-02 2.415E-51 4.282E-50
 447 2478.3  2.682E+00 5.606E-02 4.839E-52 8.632E-51
 448 2484.5  2.653E+00 4.697E-02 1.011E-52 2.152E-51
 449 2490.7  2.624E+00 4.445E-02 1.414E-53 3.182E-52
 450 2496.9  2.595E+00 6.412E-02 5.085E-54 7.931E-53
 451 2503.2  2.567E+00 6.400E-02 4.601E-54 7.190E-53
 452 2509.4  2.538E+00 5.619E-02 4.123E-54 7.337E-53
 453 2515.8  2.510E+00 4.520E-02 3.383E-55 7.485E-54
 454 2522.1  2.483E+00 4.222E-02 1.247E-55 2.954E-54
 455 2528.4  2.455E+00 4.386E-02 2.838E-55 6.470E-54
 456 2534.8  2.428E+00 5.354E-02 1.395E-55 2.605E-54
 457 2541.3  2.401E+00 5.788E-02 1.264E-55 2.183E-54
 458 2547.8  2.375E+00 6.165E-02 1.175E-55 1.906E-54
 459 2554.2  2.348E+00 8.123E-02 5.282E-56 6.503E-55
 460 2560.8  2.322E+00 9.049E-02 1.858E-55 2.054E-54
 461 2567.4  2.296E+00 1.128E-01 1.146E-54 1.016E-53
 462 2574.0  2.270E+00 1.268E-01 2.501E-54 1.972E-53
 463 2580.7  2.245E+00 1.373E-01 2.375E-54 1.730E-53
 464 2587.3  2.219E+00 1.233E-01 8.108E-55 6.573E-54
 465 2594.1  2.194E+00 1.154E-01 1.420E-53 1.231E-52
 466 2600.8  2.170E+00 8.971E-02 9.831E-53 1.096E-51
 467 2607.6  2.145E+00 8.767E-02 6.080E-53 6.936E-52
 468 2614.4  2.121E+00 8.788E-02 7.593E-52 8.640E-51
 469 2621.2  2.096E+00 1.094E-01 3.704E-51 3.385E-50
 470 2628.1  2.072E+00 1.040E-01 2.618E-50 2.517E-49
 471 2635.1  2.049E+00 1.585E-01 1.299E-48 8.194E-48
 472 2642.0  2.025E+00 2.627E-01 3.357E-48 1.278E-47
 473 2649.0  2.002E+00 2.404E-01 2.104E-47 8.751E-47
 474 2656.1  1.979E+00 2.713E-01 3.683E-46 1.357E-45
 475 2663.1  1.956E+00 2.608E-01 3.477E-45 1.333E-44
 476 2670.2  1.934E+00 2.535E-01 1.195E-43 4.713E-43
 477 2677.4  1.911E+00 2.618E-01 1.199E-42 4.580E-42
 478 2684.6  1.889E+00 2.575E-01 2.737E-41 1.063E-40
 479 2691.8  1.867E+00 2.451E-01 6.118E-40 2.496E-39
 480 2699.1  1.845E+00 2.587E-01 4.822E-39 1.864E-38
 481 2706.3  1.824E+00 2.792E-01 1.685E-37 6.038E-37
 482 2713.7  1.802E+00 2.494E-01 3.531E-36 1.415E-35
 483 2721.1  1.781E+00 1.902E-01 3.848E-35 2.024E-34
 484 2728.5  1.760E+00 2.263E-01 1.003E-33 4.433E-33
 485 2735.9  1.739E+00 1.974E-01 3.329E-32 1.687E-31
 486 2743.5  1.719E+00 1.397E-01 7.721E-31 5.526E-30
 487 2751.1  1.698E+00 1.557E-01 1.372E-29 8.809E-29
 488 2758.6  1.678E+00 2.121E-01 3.491E-28 1.646E-27
 489 2766.2  1.658E+00 2.558E-01 8.877E-27 3.470E-26
 490 2773.9  1.638E+00 2.569E-01 1.741E-25 6.777E-25
 491 2781.7  1.619E+00 1.875E-01 2.445E-24 1.304E-23
 492 2789.4  1.599E+00 1.354E-01 4.387E-23 3.240E-22
 493 2797.2  1.580E+00 8.132E-02 4.361E-22 5.363E-21
 494 2805.1  1.561E+00 9.790E-02 8.658E-21 8.843E-20
 495 2812.9  1.542E+00 1.921E-01 5.199E-19 2.706E-18
 496 2820.9  1.524E+00 2.792E-01 1.269E-17 4.546E-17
 497 2828.9  1.505E+00 3.235E-01 9.403E-17 2.907E-16
 498 2836.9  1.487E+00 3.239E-01 1.047E-15 3.234E-15
 499 2844.9  1.469E+00 2.570E-01 1.198E-14 4.662E-14
 500 2853.1  1.451E+00 1.401E-01 6.752E-14 4.820E-13
 501 2861.2  1.433E+00 2.826E-01 1.200E-12 4.245E-12
 502 2869.4  1.415E+00 3.659E-01 9.496E-12 2.596E-11
 503 2877.7  1.398E+00 3.310E-01 7.871E-11 2.378E-10
 504 2886.0  1.381E+00 3.428E-01 6.873E-10 2.005E-09
 505 2894.4  1.363E+00 4.682E-01 5.078E-09 1.085E-08
 506 2902.8  1.346E+00 6.167E-01 3.045E-08 4.938E-08
 507 2911.2  1.330E+00 6.155E-01 1.332E-07 2.164E-07
 508 2919.8  1.313E+00 5.713E-01 5.703E-07 9.982E-07
 509 2928.3  1.297E+00 5.279E-01 1.869E-06 3.540E-06
 510 2936.9  1.280E+00 5.470E-01 6.352E-06 1.161E-05
 511 2945.6  1.264E+00 5.216E-01 1.784E-05 3.421E-05
 512 2954.2  1.248E+00 5.615E-01 5.269E-05 9.383E-05
 513 2963.0  1.233E+00 5.575E-01 1.368E-04 2.455E-04
 514 2971.8  1.217E+00 4.783E-01 2.782E-04 5.817E-04
 515 2980.6  1.202E+00 5.294E-01 6.838E-04 1.292E-03
 516 2989.6  1.186E+00 4.960E-01 1.258E-03 2.535E-03
 517 2998.5  1.171E+00 4.648E-01 2.142E-03 4.608E-03
 518 3007.5  1.156E+00 4.431E-01 3.588E-03 8.098E-03
 519 3016.6  1.141E+00 4.699E-01 6.142E-03 1.307E-02
 520 3025.7  1.127E+00 5.187E-01 1.051E-02 2.027E-02
 521 3034.9  1.112E+00 6.473E-01 1.960E-02 3.028E-02
 522 3044.2  1.098E+00 6.183E-01 2.612E-02 4.225E-02
 523 3053.4  1.084E+00 6.420E-01 3.789E-02 5.901E-02
 524 3062.8  1.069E+00 5.638E-01 4.304E-02 7.635E-02
 525 3072.2  1.055E+00 6.284E-01 6.260E-02 9.962E-02
 526 3081.7  1.042E+00 6.508E-01 8.122E-02 1.248E-01
 527 3091.2  1.028E+00 5.660E-01 8.474E-02 1.497E-01
 528 3100.8  1.015E+00 5.362E-01 9.669E-02 1.803E-01
 529 3110.4  1.001E+00 7.776E-01 1.578E-01 2.030E-01
 530 3120.2  9.879E-01 6.951E-01 1.638E-01 2.357E-01
 531 3129.9  9.749E-01 7.004E-01 1.878E-01 2.681E-01
 532 3139.8  9.619E-01 7.325E-01 2.194E-01 2.995E-01
 533 3149.6  9.490E-01 6.813E-01 2.265E-01 3.325E-01
 534 3159.6  9.364E-01 5.985E-01 2.163E-01 3.614E-01
 535 3169.6  9.238E-01 7.619E-01 2.989E-01 3.923E-01
 536 3179.6  9.115E-01 7.239E-01 3.050E-01 4.212E-01
 537 3189.8  8.992E-01 7.041E-01 3.152E-01 4.477E-01
 538 3200.0  8.870E-01 7.954E-01 3.716E-01 4.671E-01
 539 3210.2  8.751E-01 7.579E-01 3.820E-01 5.040E-01
 540 3220.6  8.632E-01 7.435E-01 3.850E-01 5.178E-01
 541 3231.0  8.514E-01 6.604E-01 3.550E-01 5.375E-01
 542 3241.5  8.398E-01 7.627E-01 4.335E-01 5.684E-01
 543 3252.1  8.282E-01 8.479E-01 4.837E-01 5.704E-01
 544 3262.7  8.169E-01 1.010E+00 6.006E-01 5.946E-01
 545 3273.3  8.056E-01 9.921E-01 6.016E-01 6.064E-01
 546 3284.1  7.945E-01 9.435E-01 5.788E-01 6.134E-01
 547 3294.9  7.835E-01 1.100E+00 7.060E-01 6.420E-01
 548 3305.8  7.726E-01 1.041E+00 6.667E-01 6.402E-01
 549 3316.8  7.618E-01 1.005E+00 6.508E-01 6.475E-01
 550 3327.8  7.511E-01 9.758E-01 6.521E-01 6.683E-01
 551 3338.9  7.407E-01 9.516E-01 6.392E-01 6.717E-01
 552 3350.1  7.302E-01 1.011E+00 6.906E-01 6.828E-01
 553 3361.3  7.199E-01 8.890E-01 6.144E-01 6.911E-01
 554 3372.7  7.097E-01 8.586E-01 5.938E-01 6.916E-01
 555 3384.1  6.997E-01 9.485E-01 6.640E-01 7.000E-01
 556 3395.6  6.897E-01 1.008E+00 7.115E-01 7.059E-01
 557 3407.2  6.798E-01 1.022E+00 7.270E-01 7.111E-01
 558 3418.8  6.701E-01 9.797E-01 7.056E-01 7.202E-01
 559 3430.6  6.605E-01 1.040E+00 7.532E-01 7.241E-01
 560 3442.4  6.510E-01 8.392E-01 6.101E-01 7.270E-01
 561 3454.2  6.416E-01 9.750E-01 7.132E-01 7.314E-01
 562 3466.2  6.323E-01 9.653E-01 7.105E-01 7.360E-01
 563 3478.2  6.231E-01 9.291E-01 6.882E-01 7.407E-01
 564 3490.4  6.140E-01 9.296E-01 6.926E-01 7.451E-01
 565 3502.7  6.050E-01 1.051E+00 7.871E-01 7.491E-01
 566 3514.9  5.961E-01 1.028E+00 7.737E-01 7.529E-01
 567 3527.3  5.874E-01 9.648E-01 7.301E-01 7.567E-01
 568 3539.8  5.787E-01 1.127E+00 8.576E-01 7.607E-01
 569 3552.4  5.701E-01 1.114E+00 8.520E-01 7.646E-01
 570 3565.1  5.617E-01 9.549E-01 7.333E-01 7.680E-01
 571 3577.8  5.533E-01 8.137E-01 6.277E-01 7.714E-01
 572 3590.6  5.450E-01 8.845E-01 6.859E-01 7.755E-01
 573 3603.6  5.368E-01 1.040E+00 8.102E-01 7.790E-01
 574 3616.6  5.288E-01 9.341E-01 7.310E-01 7.825E-01
 575 3629.8  5.208E-01 1.057E+00 8.309E-01 7.864E-01
 576 3643.0  5.128E-01 1.067E+00 8.424E-01 7.896E-01
 577 3656.3  5.051E-01 1.225E+00 9.712E-01 7.930E-01
 578 3669.8  4.974E-01 1.260E+00 1.004E+00 7.967E-01
 579 3683.2  4.897E-01 1.161E+00 9.289E-01 8.002E-01
 580 3696.8  4.823E-01 1.288E+00 1.035E+00 8.038E-01
 581 3710.6  4.748E-01 1.204E+00 9.713E-01 8.070E-01
 582 3724.4  4.675E-01 1.105E+00 8.958E-01 8.105E-01
 583 3738.3  4.602E-01 9.608E-01 7.823E-01 8.142E-01
 584 3752.4  4.531E-01 1.030E+00 8.424E-01 8.175E-01
 585 3766.5  4.460E-01 1.140E+00 9.359E-01 8.209E-01
 586 3780.8  4.390E-01 1.385E+00 1.142E+00 8.246E-01
 587 3795.1  4.321E-01 1.131E+00 9.360E-01 8.276E-01
 588 3809.6  4.253E-01 1.225E+00 1.018E+00 8.308E-01
 589 3824.1  4.186E-01 8.587E-01 7.167E-01 8.346E-01
 590 3838.8  4.119E-01 8.091E-01 6.779E-01 8.378E-01
 591 3853.6  4.053E-01 1.043E+00 8.774E-01 8.411E-01
 592 3868.5  3.989E-01 1.035E+00 8.740E-01 8.445E-01
 593 3883.6  3.924E-01 1.023E+00 8.672E-01 8.476E-01
 594 3898.6  3.861E-01 1.224E+00 1.042E+00 8.510E-01
 595 3913.9  3.799E-01 1.305E+00 1.115E+00 8.544E-01
 596 3929.3  3.737E-01 8.235E-01 7.064E-01 8.579E-01
 597 3944.8  3.676E-01 1.014E+00 8.734E-01 8.612E-01
 598 3960.4  3.616E-01 1.087E+00 9.401E-01 8.645E-01
 599 3976.2  3.557E-01 1.060E+00 9.198E-01 8.674E-01
 600 3992.1  3.498E-01 1.604E+00 1.395E+00 8.702E-01
 601 4008.1  3.441E-01 1.719E+00 1.503E+00 8.744E-01
 602 4024.2  3.384E-01 1.783E+00 1.568E+00 8.795E-01
 603 4040.4  3.327E-01 1.711E+00 1.512E+00 8.835E-01
 604 4056.8  3.272E-01 1.683E+00 1.493E+00 8.875E-01
 605 4073.3  3.217E-01 1.648E+00 1.469E+00 8.913E-01
 606 4090.0  3.163E-01 1.747E+00 1.564E+00 8.948E-01
 607 4106.8  3.109E-01 1.639E+00 1.472E+00 8.984E-01
 608 4123.7  3.057E-01 1.809E+00 1.631E+00 9.017E-01
 609 4140.8  3.005E-01 1.772E+00 1.604E+00 9.050E-01
 610 4158.0  2.953E-01 1.822E+00 1.655E+00 9.083E-01
 611 4175.4  2.903E-01 1.729E+00 1.576E+00 9.115E-01
 612 4192.9  2.853E-01 1.738E+00 1.590E+00 9.147E-01
 613 4210.5  2.803E-01 1.775E+00 1.629E+00 9.178E-01
 614 4228.4  2.755E-01 1.728E+00 1.591E+00 9.208E-01
 615 4246.3  2.707E-01 1.779E+00 1.643E+00 9.238E-01
 616 4264.4  2.660E-01 1.730E+00 1.603E+00 9.267E-01
 617 4282.6  2.613E-01 1.638E+00 1.523E+00 9.298E-01
 618 4301.1  2.567E-01 1.371E+00 1.279E+00 9.328E-01
 619 4319.6  2.522E-01 1.606E+00 1.503E+00 9.357E-01
 620 4338.4  2.477E-01 1.678E+00 1.575E+00 9.385E-01
 621 4357.3  2.433E-01 1.819E+00 1.713E+00 9.414E-01
 622 4376.4  2.389E-01 1.731E+00 1.634E+00 9.442E-01
 623 4395.6  2.346E-01 1.817E+00 1.720E+00 9.468E-01
 624 4415.1  2.304E-01 1.935E+00 1.837E+00 9.493E-01
 625 4434.6  2.262E-01 1.972E+00 1.877E+00 9.520E-01
 626 4454.4  2.221E-01 1.905E+00 1.819E+00 9.550E-01
 627 4474.3  2.180E-01 2.009E+00 1.925E+00 9.579E-01
 628 4494.4  2.140E-01 2.061E+00 1.979E+00 9.604E-01
 629 4514.7  2.101E-01 2.154E+00 2.075E+00 9.630E-01
 630 4535.2  2.062E-01 2.000E+00 1.932E+00 9.657E-01
 631 4555.9  2.024E-01 2.080E+00 2.014E+00 9.682E-01
 632 4576.7  1.986E-01 2.094E+00 2.032E+00 9.702E-01
 633 4597.8  1.949E-01 2.078E+00 2.020E+00 9.720E-01
 634 4619.0  1.912E-01 2.131E+00 2.076E+00 9.742E-01
 635 4640.4  1.876E-01 2.077E+00 2.030E+00 9.770E-01
 636 4662.0  1.840E-01 2.031E+00 1.991E+00 9.800E-01
 637 4683.9  1.805E-01 2.048E+00 2.011E+00 9.822E-01
 638 4705.9  1.771E-01 2.010E+00 1.978E+00 9.844E-01
 639 4728.1  1.737E-01 2.077E+00 2.049E+00 9.868E-01
 640 4750.6  1.703E-01 2.112E+00 2.088E+00 9.888E-01
 641 4773.3  1.670E-01 2.090E+00 2.069E+00 9.901E-01
 642 4796.2  1.638E-01 2.099E+00 2.080E+00 9.909E-01
 643 4819.3  1.606E-01 2.111E+00 2.094E+00 9.921E-01
 644 4842.6  1.574E-01 2.041E+00 2.029E+00 9.945E-01
 645 4866.2  1.543E-01 1.771E+00 1.767E+00 9.975E-01
 646 4890.0  1.512E-01 1.997E+00 1.996E+00 9.998E-01
 647 4914.1  1.482E-01 1.971E+00 1.974E+00 1.002E+00
 648 4938.3  1.452E-01 2.008E+00 2.015E+00 1.003E+00
 649 4962.8  1.423E-01 2.024E+00 2.034E+00 1.005E+00
 650 4987.6  1.395E-01 1.974E+00 1.985E+00 1.006E+00
 651 5012.6  1.366E-01 1.869E+00 1.879E+00 1.005E+00
 652 5037.8  1.338E-01 1.942E+00 1.951E+00 1.005E+00
 653 5063.3  1.311E-01 1.979E+00 1.990E+00 1.006E+00
 654 5089.1  1.284E-01 1.877E+00 1.893E+00 1.008E+00
 655 5115.1  1.257E-01 1.944E+00 1.966E+00 1.011E+00
 656 5141.4  1.231E-01 1.856E+00 1.879E+00 1.012E+00
 657 5168.0  1.206E-01 1.760E+00 1.783E+00 1.013E+00
 658 5194.8  1.180E-01 1.780E+00 1.806E+00 1.014E+00
 659 5222.0  1.155E-01 1.847E+00 1.874E+00 1.015E+00
 660 5249.4  1.131E-01 1.914E+00 1.941E+00 1.014E+00
 661 5277.1  1.107E-01 1.801E+00 1.824E+00 1.013E+00
 662 5305.1  1.083E-01 1.937E+00 1.960E+00 1.012E+00
 663 5333.4  1.060E-01 1.855E+00 1.877E+00 1.012E+00
 664 5362.0  1.037E-01 1.905E+00 1.931E+00 1.013E+00
 665 5390.9  1.014E-01 1.878E+00 1.905E+00 1.015E+00
 666 5420.1  9.922E-02 1.842E+00 1.870E+00 1.015E+00
 667 5449.6  9.704E-02 1.901E+00 1.930E+00 1.015E+00
 668 5479.5  9.490E-02 1.888E+00 1.917E+00 1.016E+00
 669 5509.7  9.279E-02 1.898E+00 1.928E+00 1.016E+00
 670 5540.2  9.072E-02 1.890E+00 1.922E+00 1.016E+00
 671 5571.1  8.869E-02 1.853E+00 1.883E+00 1.016E+00
 672 5602.3  8.669E-02 1.813E+00 1.839E+00 1.014E+00
 673 5633.9  8.473E-02 1.855E+00 1.879E+00 1.013E+00
 674 5665.8  8.280E-02 1.818E+00 1.839E+00 1.012E+00
 675 5698.1  8.090E-02 1.795E+00 1.815E+00 1.011E+00
 676 5730.7  7.904E-02 1.863E+00 1.884E+00 1.011E+00
 677 5763.7  7.721E-02 1.835E+00 1.858E+00 1.013E+00
 678 5797.1  7.542E-02 1.814E+00 1.842E+00 1.016E+00
 679 5831.0  7.365E-02 1.847E+00 1.882E+00 1.019E+00
 680 5865.2  7.192E-02 1.806E+00 1.845E+00 1.021E+00
 681 5899.8  7.022E-02 1.727E+00 1.766E+00 1.023E+00
 682 5934.8  6.855E-02 1.787E+00 1.827E+00 1.022E+00
 683 5970.2  6.691E-02 1.773E+00 1.808E+00 1.020E+00
 684 6006.1  6.530E-02 1.741E+00 1.773E+00 1.019E+00
 685 6042.4  6.372E-02 1.754E+00 1.789E+00 1.020E+00
 686 6079.1  6.217E-02 1.748E+00 1.790E+00 1.024E+00
 687 6116.3  6.065E-02 1.724E+00 1.774E+00 1.029E+00
 688 6153.9  5.915E-02 1.670E+00 1.726E+00 1.034E+00
 689 6192.0  5.769E-02 1.699E+00 1.764E+00 1.038E+00
 690 6230.6  5.625E-02 1.666E+00 1.736E+00 1.042E+00
 691 6269.6  5.484E-02 1.673E+00 1.750E+00 1.046E+00
 692 6309.2  5.346E-02 1.657E+00 1.739E+00 1.050E+00
 693 6349.2  5.211E-02 1.643E+00 1.731E+00 1.054E+00
 694 6389.9  5.078E-02 1.641E+00 1.736E+00 1.058E+00
 695 6431.0  4.947E-02 1.613E+00 1.713E+00 1.062E+00
 696 6472.6  4.820E-02 1.610E+00 1.716E+00 1.066E+00
 697 6514.7  4.694E-02 1.583E+00 1.693E+00 1.069E+00
 698 6557.4  4.572E-02 1.463E+00 1.569E+00 1.073E+00
 699 6600.7  4.451E-02 1.553E+00 1.671E+00 1.076E+00
 700 6644.6  4.334E-02 1.532E+00 1.653E+00 1.080E+00
 701 6689.0  4.218E-02 1.539E+00 1.667E+00 1.083E+00
 702 6734.1  4.105E-02 1.537E+00 1.670E+00 1.086E+00
 703 6779.8  3.994E-02 1.514E+00 1.649E+00 1.090E+00
 704 6826.0  3.886E-02 1.492E+00 1.630E+00 1.092E+00
 705 6873.0  3.780E-02 1.496E+00 1.638E+00 1.095E+00
 706 6920.5  3.675E-02 1.465E+00 1.608E+00 1.098E+00
 707 6968.7  3.574E-02 1.463E+00 1.610E+00 1.101E+00
 708 7017.6  3.474E-02 1.446E+00 1.594E+00 1.103E+00
 709 7067.2  3.376E-02 1.441E+00 1.593E+00 1.105E+00
 710 7117.5  3.281E-02 1.402E+00 1.551E+00 1.107E+00
 711 7168.5  3.188E-02 1.370E+00 1.519E+00 1.108E+00
 712 7220.3  3.096E-02 1.360E+00 1.510E+00 1.110E+00
 713 7272.9  3.007E-02 1.338E+00 1.488E+00 1.112E+00
 714 7326.1  2.920E-02 1.333E+00 1.485E+00 1.114E+00
 715 7380.1  2.834E-02 1.306E+00 1.456E+00 1.115E+00
 716 7435.0  2.751E-02 1.291E+00 1.440E+00 1.116E+00
 717 7490.8  2.669E-02 1.286E+00 1.436E+00 1.117E+00
 718 7547.3  2.589E-02 1.277E+00 1.429E+00 1.119E+00
 719 7604.7  2.511E-02 1.251E+00 1.402E+00 1.121E+00
 720 7663.0  2.435E-02 1.225E+00 1.375E+00 1.122E+00
 721 7722.1  2.361E-02 1.207E+00 1.355E+00 1.122E+00
 722 7782.2  2.288E-02 1.191E+00 1.337E+00 1.123E+00
 723 7843.2  2.217E-02 1.173E+00 1.318E+00 1.124E+00
 724 7905.2  2.148E-02 1.159E+00 1.305E+00 1.126E+00
 725 7968.2  2.080E-02 1.138E+00 1.283E+00 1.127E+00
 726 8032.2  2.015E-02 1.128E+00 1.273E+00 1.128E+00
 727 8097.3  1.950E-02 1.118E+00 1.261E+00 1.128E+00
 728 8163.4  1.887E-02 1.105E+00 1.247E+00 1.129E+00
 729 8230.6  1.826E-02 1.076E+00 1.215E+00 1.130E+00
 730 8298.9  1.766E-02 1.066E+00 1.206E+00 1.131E+00
 731 8368.3  1.708E-02 1.043E+00 1.181E+00 1.132E+00
 732 8439.0  1.651E-02 1.027E+00 1.163E+00 1.133E+00
 733 8510.8  1.596E-02 9.429E-01 1.068E+00 1.133E+00
 734 8583.9  1.542E-02 9.775E-01 1.108E+00 1.134E+00
 735 8658.2  1.489E-02 9.655E-01 1.096E+00 1.135E+00
 736 8733.8  1.438E-02 9.832E-01 1.117E+00 1.136E+00
 737 8810.8  1.388E-02 9.527E-01 1.083E+00 1.136E+00
 738 8889.1  1.340E-02 9.335E-01 1.061E+00 1.137E+00
 739 8968.8  1.293E-02 9.153E-01 1.041E+00 1.137E+00
 740 9050.0  1.247E-02 8.918E-01 1.015E+00 1.138E+00
 741 9132.6  1.202E-02 8.811E-01 1.003E+00 1.139E+00
 742 9216.8  1.159E-02 8.526E-01 9.714E-01 1.139E+00
 743 9302.5  1.116E-02 8.536E-01 9.730E-01 1.140E+00
 744 9389.9  1.075E-02 8.303E-01 9.467E-01 1.140E+00
 745 9478.9  1.035E-02 8.202E-01 9.356E-01 1.141E+00
 746 9569.6  9.964E-03 7.969E-01 9.094E-01 1.141E+00
 747 9662.0  9.587E-03 7.851E-01 8.964E-01 1.142E+00
 748 9756.3  9.221E-03 7.699E-01 8.794E-01 1.142E+00
 749 9852.5  8.866E-03 7.565E-01 8.644E-01 1.143E+00
 750 9950.5  8.521E-03 7.427E-01 8.491E-01 1.143E+00


 PHOTOLYSIS RATES

     Z      PO2_O1D    PO2_O3P    PH2O_1     PH2O_2     PH2O_3     PO3_O1D    PO3_O      PO3_3O     
 2.50E+04   0.00E+00   4.47E-36   9.62E-38   0.00E+00   0.00E+00   7.21E-06   2.04E-04   1.44E-41
 1.75E+05   0.00E+00   6.34E-33   3.18E-34   0.00E+00   0.00E+00   8.34E-06   2.10E-04   4.99E-35
 3.25E+05   0.00E+00   5.59E-30   5.94E-31   0.00E+00   0.00E+00   9.31E-06   2.16E-04   4.00E-30
 4.75E+05   0.00E+00   2.55E-27   5.72E-28   0.00E+00   0.00E+00   1.02E-05   2.22E-04   2.42E-26
 6.25E+05   0.00E+00   6.01E-25   2.62E-25   0.00E+00   0.00E+00   1.09E-05   2.27E-04   2.73E-23
 7.75E+05   0.00E+00   7.67E-23   5.60E-23   0.00E+00   0.00E+00   1.16E-05   2.32E-04   9.74E-21
 9.25E+05   0.00E+00   5.50E-21   5.83E-21   0.00E+00   0.00E+00   1.22E-05   2.36E-04   1.45E-18
 1.08E+06   0.00E+00   2.21E-19   3.06E-19   0.00E+00   0.00E+00   1.29E-05   2.40E-04   1.01E-16
 1.22E+06   0.00E+00   4.67E-18   7.81E-18   0.00E+00   0.00E+00   1.37E-05   2.43E-04   3.21E-15
 1.38E+06   0.00E+00   5.67E-17   1.09E-16   0.00E+00   0.00E+00   1.45E-05   2.47E-04   5.29E-14
 1.52E+06   0.00E+00   4.51E-16   9.57E-16   0.00E+00   0.00E+00   1.54E-05   2.51E-04   5.28E-13
 1.68E+06   0.00E+00   2.59E-15   5.89E-15   0.00E+00   0.00E+00   1.66E-05   2.54E-04   3.58E-12
 1.82E+06   0.00E+00   1.15E-14   2.75E-14   0.00E+00   0.00E+00   1.82E-05   2.58E-04   1.80E-11
 1.98E+06   0.00E+00   4.19E-14   1.03E-13   0.00E+00   0.00E+00   2.03E-05   2.61E-04   7.16E-11
 2.12E+06   0.00E+00   1.30E-13   3.23E-13   0.00E+00   0.00E+00   2.32E-05   2.63E-04   2.35E-10
 2.28E+06   0.00E+00   3.52E-13   8.85E-13   0.00E+00   0.00E+00   2.72E-05   2.66E-04   6.64E-10
 2.42E+06   0.00E+00   8.58E-13   2.18E-12   0.00E+00   0.00E+00   3.27E-05   2.68E-04   1.66E-09
 2.58E+06   0.00E+00   1.91E-12   4.96E-12   0.00E+00   0.00E+00   4.03E-05   2.71E-04   3.73E-09
 2.72E+06   0.00E+00   3.94E-12   1.05E-11   0.00E+00   0.00E+00   5.10E-05   2.74E-04   7.66E-09
 2.88E+06   0.00E+00   7.54E-12   2.04E-11   0.00E+00   0.00E+00   6.58E-05   2.77E-04   1.44E-08
 3.02E+06   5.25-166   1.34E-11   3.70E-11   2.38-163   3.56-163   8.65E-05   2.81E-04   2.47E-08
 3.18E+06   2.57-136   2.23E-11   6.19E-11   1.16-133   1.75-133   1.15E-04   2.86E-04   3.93E-08
 3.32E+06   8.57-113   3.47E-11   9.69E-11   3.88-110   5.82-110   1.52E-04   2.91E-04   5.79E-08
 3.48E+06   3.96E-94   5.10E-11   1.44E-10   1.79E-91   2.69E-91   2.01E-04   2.97E-04   8.01E-08
 3.62E+06   2.87E-79   7.13E-11   2.06E-10   1.30E-76   1.95E-76   2.62E-04   3.05E-04   1.05E-07
 3.78E+06   2.18E-67   9.58E-11   2.90E-10   9.89E-65   1.48E-64   3.42E-04   3.14E-04   1.33E-07
 3.92E+06   7.60E-58   1.24E-10   4.02E-10   3.44E-55   5.17E-55   4.51E-04   3.27E-04   1.63E-07
 4.08E+06   3.76E-50   1.56E-10   5.47E-10   1.70E-47   2.56E-47   6.04E-04   3.44E-04   1.95E-07
 4.22E+06   6.38E-44   1.90E-10   7.31E-10   2.89E-41   4.34E-41   8.21E-04   3.68E-04   2.27E-07
 4.38E+06   7.48E-39   2.24E-10   9.53E-10   3.39E-36   5.08E-36   1.11E-03   4.01E-04   2.59E-07
 4.52E+06   1.07E-34   2.58E-10   1.21E-09   4.83E-32   7.25E-32   1.46E-03   4.40E-04   2.92E-07
 4.68E+06   2.98E-31   2.90E-10   1.51E-09   1.35E-28   2.03E-28   1.83E-03   4.82E-04   3.24E-07
 4.82E+06   2.40E-28   3.19E-10   1.83E-09   1.09E-25   1.63E-25   2.20E-03   5.23E-04   3.55E-07
 4.98E+06   7.22E-26   3.46E-10   2.19E-09   3.27E-23   4.90E-23   2.54E-03   5.61E-04   3.85E-07
 5.12E+06   9.34E-24   3.72E-10   2.58E-09   4.23E-21   6.34E-21   2.83E-03   5.94E-04   4.14E-07
 5.28E+06   5.68E-22   3.96E-10   3.01E-09   2.57E-19   3.86E-19   3.07E-03   6.21E-04   4.42E-07
 5.42E+06   1.77E-20   4.21E-10   3.51E-09   8.04E-18   1.21E-17   3.26E-03   6.42E-04   4.69E-07
 5.58E+06   3.12E-19   4.47E-10   4.11E-09   1.41E-16   2.12E-16   3.40E-03   6.58E-04   4.95E-07
 5.72E+06   3.35E-18   4.76E-10   4.88E-09   1.52E-15   2.28E-15   3.51E-03   6.70E-04   5.20E-07
 5.88E+06   2.39E-17   5.08E-10   5.88E-09   1.08E-14   1.62E-14   3.58E-03   6.79E-04   5.45E-07
 6.02E+06   1.21E-16   5.45E-10   7.14E-09   5.47E-14   8.21E-14   3.64E-03   6.85E-04   5.70E-07
 6.18E+06   4.59E-16   5.86E-10   8.68E-09   2.08E-13   3.12E-13   3.68E-03   6.90E-04   5.94E-07
 6.32E+06   1.38E-15   6.32E-10   1.05E-08   6.23E-13   9.34E-13   3.71E-03   6.93E-04   6.18E-07
 6.48E+06   3.59E-15   6.83E-10   1.25E-08   1.57E-12   2.36E-12   3.73E-03   6.96E-04   6.41E-07
 6.62E+06   1.10E-14   7.42E-10   1.48E-08   3.99E-12   5.98E-12   3.75E-03   6.98E-04   6.63E-07
 6.78E+06   5.51E-14   8.10E-10   1.74E-08   1.43E-11   2.15E-11   3.76E-03   6.99E-04   6.85E-07
 6.92E+06   3.14E-13   8.90E-10   2.06E-08   6.83E-11   1.02E-10   3.77E-03   7.00E-04   7.07E-07
 7.08E+06   1.47E-12   9.87E-10   2.55E-08   3.01E-10   4.51E-10   3.77E-03   7.01E-04   7.31E-07
 7.22E+06   5.35E-12   1.11E-09   3.51E-08   1.07E-09   1.60E-09   3.77E-03   7.01E-04   7.62E-07
 7.38E+06   1.56E-11   1.26E-09   5.49E-08   3.07E-09   4.60E-09   3.78E-03   7.01E-04   8.09E-07
 7.52E+06   3.77E-11   1.48E-09   9.25E-08   7.29E-09   1.09E-08   3.78E-03   7.01E-04   8.88E-07
 7.68E+06   7.75E-11   1.77E-09   1.56E-07   1.48E-08   2.22E-08   3.78E-03   7.02E-04   1.01E-06
 7.82E+06   1.39E-10   2.18E-09   2.52E-07   2.63E-08   3.94E-08   3.78E-03   7.02E-04   1.19E-06
 7.98E+06   2.25E-10   2.74E-09   3.81E-07   4.19E-08   6.29E-08   3.78E-03   7.02E-04   1.43E-06
 8.12E+06   3.32E-10   3.47E-09   5.40E-07   6.13E-08   9.19E-08   3.78E-03   7.02E-04   1.72E-06
 8.28E+06   4.55E-10   4.42E-09   7.22E-07   8.33E-08   1.25E-07   3.78E-03   7.02E-04   2.04E-06
 8.42E+06   5.89E-10   5.63E-09   9.18E-07   1.07E-07   1.60E-07   3.78E-03   7.02E-04   2.39E-06
 8.58E+06   7.34E-10   7.12E-09   1.12E-06   1.31E-07   1.96E-07   3.78E-03   7.02E-04   2.74E-06
 8.72E+06   9.03E-10   8.96E-09   1.32E-06   1.54E-07   2.31E-07   3.78E-03   7.02E-04   3.08E-06
 8.88E+06   1.14E-09   1.13E-08   1.53E-06   1.77E-07   2.65E-07   3.78E-03   7.02E-04   3.43E-06
 9.02E+06   1.50E-09   1.43E-08   1.74E-06   2.00E-07   3.00E-07   3.78E-03   7.02E-04   3.78E-06
 9.18E+06   2.09E-09   1.83E-08   1.96E-06   2.24E-07   3.35E-07   3.78E-03   7.02E-04   4.16E-06
 9.32E+06   3.12E-09   2.37E-08   2.22E-06   2.49E-07   3.73E-07   3.78E-03   7.02E-04   4.57E-06
 9.48E+06   5.45E-09   3.11E-08   2.51E-06   2.77E-07   4.14E-07   3.78E-03   7.02E-04   5.03E-06
 9.62E+06   1.25E-08   4.12E-08   2.86E-06   3.09E-07   4.59E-07   3.78E-03   7.02E-04   5.54E-06
 9.78E+06   3.86E-08   5.45E-08   3.34E-06   3.44E-07   5.07E-07   3.78E-03   7.02E-04   6.14E-06
 9.92E+06   1.86E-07   7.43E-08   4.25E-06   3.88E-07   5.61E-07   3.79E-03   7.02E-04   6.90E-06

     Z      PH2O2      PCO2_1     PCO2_2     PH2CO_1    PH2CO_2    PHO2       PCH4_1     PCH4_2     
 2.50E+04   1.99E-06   2.86E-46   0.00E+00   1.68E-05   9.85E-06   3.71E-30   0.00E+00   0.00E+00
 1.75E+05   2.24E-06   1.07E-39   0.00E+00   1.92E-05   1.15E-05   5.11E-27   0.00E+00   0.00E+00
 3.25E+05   2.45E-06   8.67E-35   0.00E+00   2.14E-05   1.29E-05   4.40E-24   0.00E+00   0.00E+00
 4.75E+05   2.62E-06   5.21E-31   0.00E+00   2.34E-05   1.42E-05   1.97E-21   0.00E+00   0.00E+00
 6.25E+05   2.74E-06   5.77E-28   0.00E+00   2.51E-05   1.54E-05   4.54E-19   0.00E+00   0.00E+00
 7.75E+05   2.85E-06   2.01E-25   0.00E+00   2.67E-05   1.66E-05   5.68E-17   0.00E+00   0.00E+00
 9.25E+05   2.93E-06   2.93E-23   0.00E+00   2.82E-05   1.76E-05   3.99E-15   0.00E+00   0.00E+00
 1.08E+06   3.04E-06   1.99E-21   0.00E+00   2.95E-05   1.85E-05   1.58E-13   0.00E+00   0.00E+00
 1.22E+06   3.16E-06   6.25E-20   0.00E+00   3.06E-05   1.93E-05   3.29E-12   0.00E+00   0.00E+00
 1.38E+06   3.27E-06   1.03E-18   0.00E+00   3.16E-05   2.00E-05   3.96E-11   0.00E+00   0.00E+00
 1.52E+06   3.39E-06   1.02E-17   0.00E+00   3.26E-05   2.08E-05   3.13E-10   0.00E+00   0.00E+00
 1.68E+06   3.51E-06   6.96E-17   0.00E+00   3.34E-05   2.15E-05   1.79E-09   0.00E+00   0.00E+00
 1.82E+06   3.63E-06   3.50E-16   0.00E+00   3.42E-05   2.23E-05   7.93E-09   0.00E+00   0.00E+00
 1.98E+06   3.77E-06   1.39E-15   0.00E+00   3.49E-05   2.30E-05   2.87E-08   0.00E+00   0.00E+00
 2.12E+06   3.92E-06   4.58E-15   0.00E+00   3.55E-05   2.38E-05   8.86E-08   0.00E+00   0.00E+00
 2.28E+06   4.11E-06   1.31E-14   0.00E+00   3.61E-05   2.48E-05   2.39E-07   0.00E+00   0.00E+00
 2.42E+06   4.34E-06   3.40E-14   0.00E+00   3.67E-05   2.58E-05   5.82E-07   0.00E+00   0.00E+00
 2.58E+06   4.64E-06   8.10E-14   0.00E+00   3.73E-05   2.69E-05   1.29E-06   0.00E+00   0.00E+00
 2.72E+06   5.05E-06   1.79E-13   0.00E+00   3.79E-05   2.82E-05   2.66E-06   0.00E+00   0.00E+00
 2.88E+06   5.60E-06   3.65E-13   0.00E+00   3.86E-05   2.97E-05   5.08E-06   0.00E+00   0.00E+00
 3.02E+06   6.36E-06   6.83E-13   1.05-164   3.92E-05   3.12E-05   9.07E-06   8.56-163   1.66-162
 3.18E+06   7.36E-06   1.17E-12   5.17-135   3.99E-05   3.29E-05   1.51E-05   4.20-133   8.15-133
 3.32E+06   8.62E-06   1.86E-12   1.72-111   4.06E-05   3.46E-05   2.37E-05   1.40-109   2.72-109
 3.48E+06   1.02E-05   2.76E-12   7.96E-93   4.13E-05   3.63E-05   3.49E-05   6.46E-91   1.26E-90
 3.62E+06   1.20E-05   3.91E-12   5.76E-78   4.19E-05   3.80E-05   4.91E-05   4.68E-76   9.09E-76
 3.78E+06   1.41E-05   5.33E-12   4.39E-66   4.25E-05   3.96E-05   6.61E-05   3.56E-64   6.92E-64
 3.92E+06   1.66E-05   7.05E-12   1.53E-56   4.31E-05   4.11E-05   8.60E-05   1.24E-54   2.41E-54
 4.08E+06   1.94E-05   9.12E-12   7.56E-49   4.37E-05   4.24E-05   1.08E-04   6.14E-47   1.19E-46
 4.22E+06   2.26E-05   1.15E-11   1.28E-42   4.43E-05   4.37E-05   1.33E-04   1.04E-40   2.02E-40
 4.38E+06   2.61E-05   1.42E-11   1.50E-37   4.48E-05   4.48E-05   1.57E-04   1.22E-35   2.37E-35
 4.52E+06   2.99E-05   1.73E-11   2.15E-33   4.53E-05   4.57E-05   1.82E-04   1.74E-31   3.38E-31
 4.68E+06   3.36E-05   2.05E-11   6.00E-30   4.57E-05   4.65E-05   2.04E-04   4.87E-28   9.45E-28
 4.82E+06   3.70E-05   2.40E-11   4.82E-27   4.61E-05   4.71E-05   2.23E-04   3.92E-25   7.60E-25
 4.98E+06   4.01E-05   2.77E-11   1.45E-24   4.64E-05   4.76E-05   2.40E-04   1.18E-22   2.29E-22
 5.12E+06   4.26E-05   3.15E-11   1.88E-22   4.66E-05   4.80E-05   2.54E-04   1.52E-20   2.96E-20
 5.28E+06   4.47E-05   3.55E-11   1.14E-20   4.68E-05   4.83E-05   2.64E-04   9.28E-19   1.80E-18
 5.42E+06   4.63E-05   3.97E-11   3.57E-19   4.70E-05   4.85E-05   2.73E-04   2.90E-17   5.63E-17
 5.58E+06   4.75E-05   4.42E-11   6.26E-18   4.71E-05   4.87E-05   2.79E-04   5.09E-16   9.88E-16
 5.72E+06   4.84E-05   4.92E-11   6.74E-17   4.71E-05   4.88E-05   2.84E-04   5.48E-15   1.06E-14
 5.88E+06   4.92E-05   5.48E-11   4.81E-16   4.72E-05   4.89E-05   2.88E-04   3.90E-14   7.58E-14
 6.02E+06   4.97E-05   6.11E-11   2.43E-15   4.72E-05   4.90E-05   2.91E-04   1.97E-13   3.83E-13
 6.18E+06   5.01E-05   6.81E-11   9.22E-15   4.73E-05   4.90E-05   2.93E-04   7.49E-13   1.45E-12
 6.32E+06   5.04E-05   7.58E-11   2.77E-14   4.73E-05   4.91E-05   2.95E-04   2.25E-12   4.36E-12
 6.48E+06   5.06E-05   8.40E-11   7.01E-14   4.73E-05   4.91E-05   2.96E-04   5.71E-12   1.09E-11
 6.62E+06   5.07E-05   9.27E-11   1.83E-13   4.73E-05   4.91E-05   2.98E-04   1.51E-11   2.62E-11
 6.78E+06   5.09E-05   1.02E-10   7.01E-13   4.73E-05   4.91E-05   2.98E-04   5.92E-11   8.24E-11
 6.92E+06   5.10E-05   1.12E-10   3.48E-12   4.73E-05   4.91E-05   2.99E-04   2.98E-10   3.54E-10
 7.08E+06   5.10E-05   1.23E-10   1.55E-11   4.74E-05   4.91E-05   3.00E-04   1.34E-09   1.50E-09
 7.22E+06   5.11E-05   1.34E-10   5.54E-11   4.74E-05   4.91E-05   3.00E-04   4.77E-09   5.26E-09
 7.38E+06   5.12E-05   1.48E-10   1.59E-10   4.74E-05   4.92E-05   3.01E-04   1.37E-08   1.50E-08
 7.52E+06   5.13E-05   1.63E-10   3.79E-10   4.74E-05   4.92E-05   3.01E-04   3.26E-08   3.55E-08
 7.68E+06   5.14E-05   1.80E-10   7.67E-10   4.74E-05   4.92E-05   3.01E-04   6.59E-08   7.17E-08
 7.82E+06   5.15E-05   2.01E-10   1.36E-09   4.75E-05   4.92E-05   3.02E-04   1.17E-07   1.27E-07
 7.98E+06   5.17E-05   2.26E-10   2.17E-09   4.75E-05   4.93E-05   3.02E-04   1.86E-07   2.02E-07
 8.12E+06   5.19E-05   2.54E-10   3.17E-09   4.76E-05   4.94E-05   3.02E-04   2.72E-07   2.95E-07
 8.28E+06   5.21E-05   2.88E-10   4.31E-09   4.77E-05   4.94E-05   3.02E-04   3.69E-07   4.00E-07
 8.42E+06   5.23E-05   3.26E-10   5.53E-09   4.77E-05   4.95E-05   3.03E-04   4.73E-07   5.12E-07
 8.58E+06   5.26E-05   3.70E-10   6.77E-09   4.78E-05   4.96E-05   3.03E-04   5.78E-07   6.25E-07
 8.72E+06   5.28E-05   4.19E-10   7.99E-09   4.79E-05   4.97E-05   3.03E-04   6.82E-07   7.38E-07
 8.88E+06   5.31E-05   4.74E-10   9.20E-09   4.80E-05   4.98E-05   3.04E-04   7.85E-07   8.49E-07
 9.02E+06   5.33E-05   5.38E-10   1.05E-08   4.81E-05   4.99E-05   3.04E-04   8.90E-07   9.63E-07
 9.18E+06   5.36E-05   6.14E-10   1.18E-08   4.82E-05   5.00E-05   3.04E-04   1.00E-06   1.08E-06
 9.32E+06   5.39E-05   7.10E-10   1.34E-08   4.83E-05   5.01E-05   3.04E-04   1.13E-06   1.22E-06
 9.48E+06   5.42E-05   8.39E-10   1.55E-08   4.85E-05   5.02E-05   3.05E-04   1.27E-06   1.37E-06
 9.62E+06   5.46E-05   1.05E-09   1.81E-08   4.87E-05   5.05E-05   3.05E-04   1.43E-06   1.55E-06
 9.78E+06   5.51E-05   1.53E-09   2.18E-08   4.92E-05   5.10E-05   3.05E-04   1.63E-06   1.75E-06
 9.92E+06   5.59E-05   3.11E-09   2.95E-08   5.01E-05   5.19E-05   3.06E-04   1.87E-06   1.99E-06

     Z      PCH4_3     PC2H6_1    PC2H6_2    PHNO2_1    PHNO3      PHNO3_3    PHNO3_1    PNO        
 2.50E+04   0.00E+00   0.00E+00   0.00E+00   5.44E-04   1.54E-07   2.49E-41   1.78E-41   0.00E+00
 1.75E+05   0.00E+00   0.00E+00   0.00E+00   6.03E-04   1.72E-07   9.40E-35   6.75E-35   0.00E+00
 3.25E+05   0.00E+00   0.00E+00   0.00E+00   6.56E-04   1.86E-07   7.53E-30   5.41E-30   0.00E+00
 4.75E+05   0.00E+00   0.00E+00   0.00E+00   7.04E-04   1.94E-07   4.47E-26   3.21E-26   0.00E+00
 6.25E+05   0.00E+00   0.00E+00   0.00E+00   7.46E-04   1.98E-07   4.87E-23   3.50E-23   0.00E+00
 7.75E+05   0.00E+00   0.00E+00   0.00E+00   7.85E-04   1.98E-07   1.67E-20   1.20E-20   3.20-155
 9.25E+05   0.00E+00   0.00E+00   0.00E+00   8.20E-04   1.94E-07   2.42E-18   1.74E-18   2.25-125
 1.08E+06   0.00E+00   0.00E+00   0.00E+00   8.50E-04   1.96E-07   1.67E-16   1.20E-16   3.53-101
 1.22E+06   0.00E+00   0.00E+00   0.00E+00   8.77E-04   2.04E-07   5.41E-15   3.88E-15   8.05E-82
 1.38E+06   0.00E+00   0.00E+00   0.00E+00   9.00E-04   2.12E-07   9.22E-14   6.62E-14   1.65E-66
 1.52E+06   0.00E+00   0.00E+00   0.00E+00   9.22E-04   2.23E-07   9.56E-13   6.86E-13   1.97E-54
 1.68E+06   0.00E+00   0.00E+00   0.00E+00   9.40E-04   2.36E-07   6.74E-12   4.84E-12   6.42E-45
 1.82E+06   0.00E+00   0.00E+00   0.00E+00   9.56E-04   2.54E-07   3.52E-11   2.52E-11   2.01E-37
 1.98E+06   0.00E+00   0.00E+00   0.00E+00   9.68E-04   2.84E-07   1.44E-10   1.04E-10   1.65E-31
 2.12E+06   0.00E+00   0.00E+00   0.00E+00   9.78E-04   3.39E-07   4.94E-10   3.55E-10   7.85E-27
 2.28E+06   0.00E+00   0.00E+00   0.00E+00   9.86E-04   4.43E-07   1.49E-09   1.07E-09   4.13E-23
 2.42E+06   0.00E+00   0.00E+00   0.00E+00   9.92E-04   6.41E-07   4.10E-09   2.94E-09   4.09E-20
 2.58E+06   0.00E+00   0.00E+00   0.00E+00   9.97E-04   1.00E-06   1.05E-08   7.56E-09   1.13E-17
 2.72E+06   0.00E+00   0.00E+00   0.00E+00   1.00E-03   1.62E-06   2.51E-08   1.80E-08   1.16E-15
 2.88E+06   0.00E+00   0.00E+00   0.00E+00   1.01E-03   2.61E-06   5.48E-08   3.93E-08   5.13E-14
 3.02E+06   2.56-162   0.00E+00   1.69-163   1.01E-03   4.06E-06   1.08E-07   7.78E-08   1.12E-12
 3.18E+06   1.26-132   0.00E+00   8.29-134   1.02E-03   6.01E-06   1.95E-07   1.40E-07   1.36E-11
 3.32E+06   4.19-109   0.00E+00   2.76-110   1.02E-03   8.43E-06   3.20E-07   2.29E-07   1.01E-10
 3.48E+06   1.94E-90   0.00E+00   1.28E-91   1.03E-03   1.12E-05   4.87E-07   3.50E-07   5.05E-10
 3.62E+06   1.40E-75   0.00E+00   9.24E-77   1.04E-03   1.43E-05   7.00E-07   5.03E-07   1.84E-09
 3.78E+06   1.07E-63   0.00E+00   7.03E-65   1.05E-03   1.76E-05   9.60E-07   6.89E-07   5.27E-09
 3.92E+06   3.72E-54   0.00E+00   2.45E-55   1.05E-03   2.09E-05   1.27E-06   9.09E-07   1.24E-08
 4.08E+06   1.84E-46   0.00E+00   1.21E-47   1.06E-03   2.44E-05   1.62E-06   1.16E-06   2.52E-08
 4.22E+06   3.12E-40   0.00E+00   2.06E-41   1.08E-03   2.78E-05   2.01E-06   1.44E-06   4.53E-08
 4.38E+06   3.66E-35   0.00E+00   2.41E-36   1.09E-03   3.11E-05   2.42E-06   1.74E-06   7.42E-08
 4.52E+06   5.22E-31   0.00E+00   3.44E-32   1.10E-03   3.42E-05   2.86E-06   2.05E-06   1.13E-07
 4.68E+06   1.46E-27   0.00E+00   9.61E-29   1.11E-03   3.70E-05   3.31E-06   2.38E-06   1.62E-07
 4.82E+06   1.17E-24   0.00E+00   7.73E-26   1.12E-03   3.95E-05   3.76E-06   2.70E-06   2.21E-07
 4.98E+06   3.53E-22   0.00E+00   2.33E-23   1.13E-03   4.16E-05   4.22E-06   3.03E-06   2.91E-07
 5.12E+06   4.57E-20   0.00E+00   3.01E-21   1.13E-03   4.34E-05   4.67E-06   3.35E-06   3.71E-07
 5.28E+06   2.78E-18   0.00E+00   1.83E-19   1.14E-03   4.48E-05   5.12E-06   3.68E-06   4.59E-07
 5.42E+06   8.68E-17   0.00E+00   5.72E-18   1.15E-03   4.61E-05   5.56E-06   3.99E-06   5.54E-07
 5.58E+06   1.52E-15   0.00E+00   1.00E-16   1.15E-03   4.70E-05   6.01E-06   4.31E-06   6.56E-07
 5.72E+06   1.64E-14   0.00E+00   1.08E-15   1.15E-03   4.79E-05   6.44E-06   4.63E-06   7.64E-07
 5.88E+06   1.17E-13   0.00E+00   7.71E-15   1.15E-03   4.85E-05   6.88E-06   4.94E-06   8.78E-07
 6.02E+06   5.91E-13   0.00E+00   3.90E-14   1.15E-03   4.91E-05   7.32E-06   5.25E-06   9.95E-07
 6.18E+06   2.24E-12   0.00E+00   1.48E-13   1.16E-03   4.96E-05   7.75E-06   5.56E-06   1.12E-06
 6.32E+06   6.71E-12   0.00E+00   4.45E-13   1.16E-03   5.00E-05   8.17E-06   5.87E-06   1.24E-06
 6.48E+06   1.65E-11   0.00E+00   1.17E-12   1.16E-03   5.03E-05   8.59E-06   6.16E-06   1.36E-06
 6.62E+06   3.50E-11   0.00E+00   3.78E-12   1.16E-03   5.06E-05   8.98E-06   6.45E-06   1.49E-06
 6.78E+06   6.97E-11   0.00E+00   2.01E-11   1.16E-03   5.08E-05   9.37E-06   6.73E-06   1.61E-06
 6.92E+06   1.51E-10   0.00E+00   1.17E-10   1.16E-03   5.11E-05   9.74E-06   6.99E-06   1.74E-06
 7.08E+06   3.89E-10   0.00E+00   5.41E-10   1.16E-03   5.13E-05   1.01E-05   7.25E-06   1.86E-06
 7.22E+06   1.07E-09   0.00E+00   1.94E-09   1.16E-03   5.14E-05   1.05E-05   7.50E-06   1.99E-06
 7.38E+06   2.76E-09   0.00E+00   5.52E-09   1.16E-03   5.16E-05   1.08E-05   7.75E-06   2.12E-06
 7.52E+06   6.23E-09   0.00E+00   1.30E-08   1.16E-03   5.19E-05   1.12E-05   8.01E-06   2.26E-06
 7.68E+06   1.23E-08   0.00E+00   2.59E-08   1.16E-03   5.23E-05   1.15E-05   8.28E-06   2.41E-06
 7.82E+06   2.15E-08   0.00E+00   4.54E-08   1.16E-03   5.26E-05   1.19E-05   8.57E-06   2.57E-06
 7.98E+06   3.39E-08   0.00E+00   7.16E-08   1.16E-03   5.30E-05   1.24E-05   8.87E-06   2.75E-06
 8.12E+06   4.91E-08   0.00E+00   1.03E-07   1.16E-03   5.34E-05   1.28E-05   9.20E-06   2.95E-06
 8.28E+06   6.63E-08   0.00E+00   1.39E-07   1.16E-03   5.38E-05   1.33E-05   9.55E-06   3.17E-06
 8.42E+06   8.47E-08   0.00E+00   1.77E-07   1.16E-03   5.43E-05   1.38E-05   9.92E-06   3.40E-06
 8.58E+06   1.03E-07   0.00E+00   2.15E-07   1.16E-03   5.47E-05   1.43E-05   1.03E-05   3.64E-06
 8.72E+06   1.22E-07   0.00E+00   2.53E-07   1.16E-03   5.52E-05   1.49E-05   1.07E-05   3.89E-06
 8.88E+06   1.40E-07   0.00E+00   2.91E-07   1.16E-03   5.56E-05   1.54E-05   1.11E-05   4.14E-06
 9.02E+06   1.60E-07   0.00E+00   3.32E-07   1.16E-03   5.61E-05   1.60E-05   1.15E-05   4.41E-06
 9.18E+06   1.81E-07   0.00E+00   3.78E-07   1.16E-03   5.66E-05   1.65E-05   1.19E-05   4.68E-06
 9.32E+06   2.05E-07   0.00E+00   4.32E-07   1.16E-03   5.71E-05   1.71E-05   1.23E-05   4.97E-06
 9.48E+06   2.32E-07   0.00E+00   4.95E-07   1.16E-03   5.76E-05   1.77E-05   1.27E-05   5.29E-06
 9.62E+06   2.63E-07   0.00E+00   5.69E-07   1.16E-03   5.82E-05   1.84E-05   1.32E-05   5.64E-06
 9.78E+06   2.99E-07   0.00E+00   6.55E-07   1.16E-03   5.89E-05   1.92E-05   1.38E-05   6.10E-06
 9.92E+06   3.42E-07   0.00E+00   7.59E-07   1.16E-03   5.99E-05   2.05E-05   1.47E-05   6.89E-06

     Z      PNO2_O1D   PNO2       PCH3_1     PSO        PH2S       PSO2       PSO2_SO21  PSO2_SO23  
 2.50E+04   2.03E-31   3.60E-03   2.36E-30   2.78E-30   2.55E-14   1.75E-30   3.66E-05   4.30E-07
 1.75E+05   2.68E-28   3.94E-03   4.02E-27   5.04E-27   3.10E-14   2.95E-27   4.32E-05   4.73E-07
 3.25E+05   2.23E-25   4.25E-03   3.21E-24   5.31E-24   3.62E-14   2.99E-24   4.93E-05   5.12E-07
 4.75E+05   9.64E-23   4.52E-03   1.24E-21   2.71E-21   4.13E-14   1.52E-21   5.49E-05   5.47E-07
 6.25E+05   2.16E-20   4.77E-03   2.59E-19   6.94E-19   4.62E-14   3.95E-19   6.02E-05   5.78E-07
 7.75E+05   2.63E-18   4.99E-03   3.08E-17   9.42E-17   5.12E-14   5.49E-17   6.51E-05   6.06E-07
 9.25E+05   1.80E-16   5.19E-03   2.12E-15   7.07E-15   5.92E-14   4.21E-15   6.97E-05   6.32E-07
 1.08E+06   6.98E-15   5.37E-03   8.25E-14   2.93E-13   1.90E-13   1.77E-13   7.39E-05   6.54E-07
 1.22E+06   1.43E-13   5.52E-03   1.70E-12   6.32E-12   2.90E-12   3.87E-12   7.78E-05   6.73E-07
 1.38E+06   1.70E-12   5.66E-03   2.01E-11   7.78E-11   3.55E-11   4.80E-11   8.15E-05   6.90E-07
 1.52E+06   1.34E-11   5.79E-03   1.57E-10   6.24E-10   2.87E-10   3.87E-10   8.55E-05   7.06E-07
 1.68E+06   7.59E-11   5.90E-03   8.86E-10   3.59E-09   1.66E-09   2.24E-09   9.00E-05   7.20E-07
 1.82E+06   3.36E-10   5.99E-03   3.90E-09   1.60E-08   7.40E-09   9.96E-09   9.54E-05   7.31E-07
 1.98E+06   1.22E-09   6.06E-03   1.41E-08   5.80E-08   2.68E-08   3.60E-08   1.02E-04   7.39E-07
 2.12E+06   3.76E-09   6.12E-03   4.33E-08   1.78E-07   8.20E-08   1.10E-07   1.10E-04   7.46E-07
 2.28E+06   1.02E-08   6.17E-03   1.17E-07   4.76E-07   2.19E-07   2.94E-07   1.20E-04   7.51E-07
 2.42E+06   2.50E-08   6.21E-03   2.87E-07   1.14E-06   5.22E-07   7.01E-07   1.32E-04   7.54E-07
 2.58E+06   5.60E-08   6.24E-03   6.48E-07   2.49E-06   1.13E-06   1.52E-06   1.48E-04   7.57E-07
 2.72E+06   1.17E-07   6.27E-03   1.36E-06   5.00E-06   2.25E-06   3.02E-06   1.68E-04   7.59E-07
 2.88E+06   2.26E-07   6.29E-03   2.69E-06   9.25E-06   4.15E-06   5.56E-06   1.93E-04   7.61E-07
 3.02E+06   4.10E-07   6.32E-03   4.97E-06   1.59E-05   7.09E-06   9.48E-06   2.23E-04   7.63E-07
 3.18E+06   6.96E-07   6.34E-03   8.52E-06   2.52E-05   1.13E-05   1.50E-05   2.58E-04   7.64E-07
 3.32E+06   1.11E-06   6.36E-03   1.35E-05   3.72E-05   1.67E-05   2.21E-05   2.99E-04   7.65E-07
 3.48E+06   1.67E-06   6.37E-03   1.98E-05   5.16E-05   2.34E-05   3.06E-05   3.44E-04   7.65E-07
 3.62E+06   2.39E-06   6.39E-03   2.70E-05   6.76E-05   3.11E-05   4.02E-05   3.92E-04   7.66E-07
 3.78E+06   3.27E-06   6.40E-03   3.47E-05   8.47E-05   3.95E-05   5.04E-05   4.42E-04   7.66E-07
 3.92E+06   4.31E-06   6.41E-03   4.25E-05   1.02E-04   4.85E-05   6.08E-05   4.94E-04   7.66E-07
 4.08E+06   5.47E-06   6.43E-03   4.98E-05   1.19E-04   5.78E-05   7.10E-05   5.47E-04   7.67E-07
 4.22E+06   6.70E-06   6.44E-03   5.64E-05   1.35E-04   6.68E-05   8.05E-05   6.00E-04   7.67E-07
 4.38E+06   7.93E-06   6.44E-03   6.21E-05   1.49E-04   7.54E-05   8.90E-05   6.51E-04   7.67E-07
 4.52E+06   9.10E-06   6.45E-03   6.69E-05   1.61E-04   8.31E-05   9.65E-05   6.98E-04   7.67E-07
 4.68E+06   1.01E-05   6.46E-03   7.08E-05   1.71E-04   8.99E-05   1.03E-04   7.40E-04   7.67E-07
 4.82E+06   1.10E-05   6.46E-03   7.38E-05   1.80E-04   9.57E-05   1.08E-04   7.76E-04   7.67E-07
 4.98E+06   1.18E-05   6.47E-03   7.63E-05   1.87E-04   1.01E-04   1.12E-04   8.07E-04   7.67E-07
 5.12E+06   1.24E-05   6.47E-03   7.82E-05   1.93E-04   1.05E-04   1.16E-04   8.31E-04   7.67E-07
 5.28E+06   1.29E-05   6.47E-03   7.97E-05   1.98E-04   1.08E-04   1.19E-04   8.50E-04   7.68E-07
 5.42E+06   1.32E-05   6.47E-03   8.08E-05   2.01E-04   1.11E-04   1.21E-04   8.64E-04   7.68E-07
 5.58E+06   1.35E-05   6.48E-03   8.17E-05   2.05E-04   1.13E-04   1.23E-04   8.74E-04   7.68E-07
 5.72E+06   1.38E-05   6.48E-03   8.24E-05   2.07E-04   1.14E-04   1.25E-04   8.82E-04   7.68E-07
 5.88E+06   1.39E-05   6.48E-03   8.29E-05   2.10E-04   1.16E-04   1.27E-04   8.88E-04   7.68E-07
 6.02E+06   1.41E-05   6.48E-03   8.33E-05   2.11E-04   1.17E-04   1.28E-04   8.92E-04   7.68E-07
 6.18E+06   1.42E-05   6.48E-03   8.37E-05   2.13E-04   1.18E-04   1.29E-04   8.95E-04   7.68E-07
 6.32E+06   1.43E-05   6.48E-03   8.39E-05   2.14E-04   1.19E-04   1.30E-04   8.97E-04   7.68E-07
 6.48E+06   1.44E-05   6.48E-03   8.41E-05   2.16E-04   1.20E-04   1.31E-04   8.99E-04   7.68E-07
 6.62E+06   1.45E-05   6.48E-03   8.43E-05   2.17E-04   1.20E-04   1.31E-04   9.00E-04   7.68E-07
 6.78E+06   1.46E-05   6.48E-03   8.44E-05   2.18E-04   1.21E-04   1.32E-04   9.00E-04   7.68E-07
 6.92E+06   1.46E-05   6.48E-03   8.45E-05   2.18E-04   1.21E-04   1.32E-04   9.01E-04   7.68E-07
 7.08E+06   1.47E-05   6.48E-03   8.46E-05   2.19E-04   1.22E-04   1.33E-04   9.01E-04   7.68E-07
 7.22E+06   1.48E-05   6.48E-03   8.46E-05   2.19E-04   1.22E-04   1.33E-04   9.01E-04   7.68E-07
 7.38E+06   1.48E-05   6.48E-03   8.47E-05   2.20E-04   1.23E-04   1.34E-04   9.02E-04   7.68E-07
 7.52E+06   1.49E-05   6.48E-03   8.47E-05   2.20E-04   1.23E-04   1.34E-04   9.02E-04   7.68E-07
 7.68E+06   1.50E-05   6.48E-03   8.47E-05   2.21E-04   1.23E-04   1.35E-04   9.02E-04   7.68E-07
 7.82E+06   1.52E-05   6.48E-03   8.48E-05   2.21E-04   1.24E-04   1.35E-04   9.02E-04   7.68E-07
 7.98E+06   1.53E-05   6.48E-03   8.48E-05   2.21E-04   1.24E-04   1.36E-04   9.02E-04   7.68E-07
 8.12E+06   1.55E-05   6.48E-03   8.48E-05   2.21E-04   1.25E-04   1.37E-04   9.02E-04   7.68E-07
 8.28E+06   1.57E-05   6.48E-03   8.48E-05   2.22E-04   1.26E-04   1.38E-04   9.02E-04   7.68E-07
 8.42E+06   1.59E-05   6.48E-03   8.48E-05   2.22E-04   1.26E-04   1.39E-04   9.02E-04   7.68E-07
 8.58E+06   1.62E-05   6.48E-03   8.48E-05   2.22E-04   1.27E-04   1.39E-04   9.02E-04   7.68E-07
 8.72E+06   1.64E-05   6.48E-03   8.48E-05   2.22E-04   1.28E-04   1.40E-04   9.02E-04   7.68E-07
 8.88E+06   1.66E-05   6.48E-03   8.48E-05   2.22E-04   1.29E-04   1.41E-04   9.02E-04   7.68E-07
 9.02E+06   1.69E-05   6.48E-03   8.48E-05   2.23E-04   1.29E-04   1.42E-04   9.02E-04   7.68E-07
 9.18E+06   1.72E-05   6.48E-03   8.48E-05   2.23E-04   1.30E-04   1.43E-04   9.02E-04   7.68E-07
 9.32E+06   1.75E-05   6.48E-03   8.48E-05   2.23E-04   1.31E-04   1.44E-04   9.02E-04   7.68E-07
 9.48E+06   1.78E-05   6.48E-03   8.48E-05   2.23E-04   1.32E-04   1.45E-04   9.02E-04   7.68E-07
 9.62E+06   1.82E-05   6.48E-03   8.48E-05   2.23E-04   1.33E-04   1.46E-04   9.02E-04   7.68E-07
 9.78E+06   1.88E-05   6.48E-03   8.48E-05   2.23E-04   1.34E-04   1.47E-04   9.02E-04   7.68E-07
 9.92E+06   1.98E-05   6.49E-03   8.48E-05   2.23E-04   1.35E-04   1.49E-04   9.02E-04   7.68E-07

     Z      PS2        PS4        PS3        PS8L       PS8R       PS8        PSO3       PHSO       
 2.50E+04   2.91E-05   1.16E-01   5.38E-01   0.00E+00   0.00E+00   7.87E-14   6.63E-08   3.71E-30
 1.75E+05   3.43E-05   1.20E-01   5.77E-01   0.00E+00   0.00E+00   1.11E-13   7.72E-08   5.11E-27
 3.25E+05   3.90E-05   1.23E-01   6.12E-01   0.00E+00   0.00E+00   1.51E-13   8.70E-08   4.40E-24
 4.75E+05   4.33E-05   1.26E-01   6.44E-01   0.00E+00   0.00E+00   2.01E-13   9.60E-08   1.97E-21
 6.25E+05   4.74E-05   1.29E-01   6.72E-01   0.00E+00   0.00E+00   2.65E-13   1.04E-07   4.54E-19
 7.75E+05   5.11E-05   1.31E-01   6.98E-01   0.00E+00   0.00E+00   3.47E-13   1.12E-07   5.68E-17
 9.25E+05   5.47E-05   1.34E-01   7.20E-01   0.00E+00   0.00E+00   4.53E-13   1.19E-07   3.99E-15
 1.08E+06   5.79E-05   1.36E-01   7.41E-01   0.00E+00   0.00E+00   5.99E-13   1.25E-07   1.58E-13
 1.22E+06   6.08E-05   1.38E-01   7.58E-01   0.00E+00   0.00E+00   8.02E-13   1.31E-07   3.29E-12
 1.38E+06   6.36E-05   1.40E-01   7.74E-01   0.00E+00   0.00E+00   1.07E-12   1.36E-07   3.96E-11
 1.52E+06   6.65E-05   1.41E-01   7.89E-01   0.00E+00   0.00E+00   1.43E-12   1.41E-07   3.13E-10
 1.68E+06   6.98E-05   1.43E-01   8.02E-01   0.00E+00   0.00E+00   1.92E-12   1.47E-07   1.79E-09
 1.82E+06   7.35E-05   1.45E-01   8.13E-01   0.00E+00   0.00E+00   2.55E-12   1.54E-07   7.93E-09
 1.98E+06   7.80E-05   1.46E-01   8.21E-01   0.00E+00   0.00E+00   3.40E-12   1.63E-07   2.87E-08
 2.12E+06   8.33E-05   1.47E-01   8.27E-01   0.00E+00   0.00E+00   4.51E-12   1.77E-07   8.86E-08
 2.28E+06   8.99E-05   1.47E-01   8.31E-01   0.00E+00   0.00E+00   5.99E-12   2.04E-07   2.39E-07
 2.42E+06   9.81E-05   1.48E-01   8.34E-01   0.00E+00   0.00E+00   7.95E-12   2.54E-07   5.82E-07
 2.58E+06   1.08E-04   1.48E-01   8.37E-01   0.00E+00   0.00E+00   1.06E-11   3.48E-07   1.29E-06
 2.72E+06   1.21E-04   1.48E-01   8.39E-01   0.00E+00   0.00E+00   1.41E-11   5.13E-07   2.66E-06
 2.88E+06   1.37E-04   1.49E-01   8.40E-01   0.00E+00   0.00E+00   1.90E-11   7.89E-07   5.08E-06
 3.02E+06   1.56E-04   1.49E-01   8.42E-01   0.00E+00   0.00E+00   2.55E-11   1.21E-06   9.07E-06
 3.18E+06   1.79E-04   1.49E-01   8.43E-01   0.00E+00   0.00E+00   3.44E-11   1.82E-06   1.51E-05
 3.32E+06   2.06E-04   1.49E-01   8.43E-01   0.00E+00   0.00E+00   4.65E-11   2.61E-06   2.37E-05
 3.48E+06   2.36E-04   1.49E-01   8.44E-01   0.00E+00   0.00E+00   6.27E-11   3.59E-06   3.49E-05
 3.62E+06   2.68E-04   1.49E-01   8.44E-01   0.00E+00   0.00E+00   8.43E-11   4.72E-06   4.91E-05
 3.78E+06   3.01E-04   1.49E-01   8.45E-01   0.00E+00   0.00E+00   1.13E-10   5.99E-06   6.61E-05
 3.92E+06   3.35E-04   1.49E-01   8.45E-01   0.00E+00   0.00E+00   1.50E-10   7.36E-06   8.60E-05
 4.08E+06   3.68E-04   1.49E-01   8.45E-01   0.00E+00   0.00E+00   1.99E-10   8.80E-06   1.08E-04
 4.22E+06   4.00E-04   1.50E-01   8.45E-01   0.00E+00   0.00E+00   2.64E-10   1.03E-05   1.33E-04
 4.38E+06   4.30E-04   1.50E-01   8.45E-01   0.00E+00   0.00E+00   3.48E-10   1.18E-05   1.57E-04
 4.52E+06   4.56E-04   1.50E-01   8.46E-01   0.00E+00   0.00E+00   4.55E-10   1.32E-05   1.82E-04
 4.68E+06   4.79E-04   1.50E-01   8.46E-01   0.00E+00   0.00E+00   5.88E-10   1.46E-05   2.04E-04
 4.82E+06   4.98E-04   1.50E-01   8.46E-01   0.00E+00   0.00E+00   7.52E-10   1.58E-05   2.23E-04
 4.98E+06   5.14E-04   1.50E-01   8.46E-01   0.00E+00   0.00E+00   9.51E-10   1.68E-05   2.40E-04
 5.12E+06   5.26E-04   1.50E-01   8.46E-01   0.00E+00   0.00E+00   1.19E-09   1.77E-05   2.54E-04
 5.28E+06   5.36E-04   1.50E-01   8.46E-01   0.00E+00   0.00E+00   1.49E-09   1.84E-05   2.64E-04
 5.42E+06   5.43E-04   1.50E-01   8.46E-01   0.00E+00   0.00E+00   1.84E-09   1.90E-05   2.73E-04
 5.58E+06   5.48E-04   1.50E-01   8.46E-01   0.00E+00   0.00E+00   2.27E-09   1.94E-05   2.79E-04
 5.72E+06   5.52E-04   1.50E-01   8.46E-01   0.00E+00   0.00E+00   2.79E-09   1.98E-05   2.84E-04
 5.88E+06   5.55E-04   1.50E-01   8.46E-01   0.00E+00   0.00E+00   3.42E-09   2.01E-05   2.88E-04
 6.02E+06   5.57E-04   1.50E-01   8.46E-01   0.00E+00   0.00E+00   4.19E-09   2.03E-05   2.91E-04
 6.18E+06   5.58E-04   1.50E-01   8.46E-01   0.00E+00   0.00E+00   5.14E-09   2.05E-05   2.93E-04
 6.32E+06   5.59E-04   1.50E-01   8.46E-01   0.00E+00   0.00E+00   6.30E-09   2.07E-05   2.95E-04
 6.48E+06   5.60E-04   1.50E-01   8.46E-01   0.00E+00   0.00E+00   7.74E-09   2.08E-05   2.96E-04
 6.62E+06   5.60E-04   1.50E-01   8.46E-01   0.00E+00   0.00E+00   9.51E-09   2.09E-05   2.98E-04
 6.78E+06   5.61E-04   1.50E-01   8.46E-01   0.00E+00   0.00E+00   1.17E-08   2.10E-05   2.98E-04
 6.92E+06   5.61E-04   1.50E-01   8.46E-01   0.00E+00   0.00E+00   1.44E-08   2.11E-05   2.99E-04
 7.08E+06   5.61E-04   1.50E-01   8.46E-01   0.00E+00   0.00E+00   1.78E-08   2.12E-05   3.00E-04
 7.22E+06   5.61E-04   1.50E-01   8.46E-01   0.00E+00   0.00E+00   2.20E-08   2.12E-05   3.00E-04
 7.38E+06   5.61E-04   1.50E-01   8.46E-01   0.00E+00   0.00E+00   2.73E-08   2.13E-05   3.01E-04
 7.52E+06   5.61E-04   1.50E-01   8.46E-01   0.00E+00   0.00E+00   3.40E-08   2.14E-05   3.01E-04
 7.68E+06   5.61E-04   1.50E-01   8.46E-01   0.00E+00   0.00E+00   4.24E-08   2.14E-05   3.01E-04
 7.82E+06   5.62E-04   1.50E-01   8.46E-01   0.00E+00   0.00E+00   5.28E-08   2.15E-05   3.02E-04
 7.98E+06   5.62E-04   1.50E-01   8.46E-01   0.00E+00   0.00E+00   6.57E-08   2.15E-05   3.02E-04
 8.12E+06   5.62E-04   1.50E-01   8.46E-01   0.00E+00   0.00E+00   8.18E-08   2.16E-05   3.02E-04
 8.28E+06   5.62E-04   1.50E-01   8.46E-01   0.00E+00   0.00E+00   1.02E-07   2.17E-05   3.02E-04
 8.42E+06   5.62E-04   1.50E-01   8.46E-01   0.00E+00   0.00E+00   1.27E-07   2.17E-05   3.03E-04
 8.58E+06   5.62E-04   1.50E-01   8.46E-01   0.00E+00   0.00E+00   1.58E-07   2.18E-05   3.03E-04
 8.72E+06   5.62E-04   1.50E-01   8.46E-01   0.00E+00   0.00E+00   1.97E-07   2.19E-05   3.03E-04
 8.88E+06   5.62E-04   1.50E-01   8.46E-01   0.00E+00   0.00E+00   2.45E-07   2.19E-05   3.04E-04
 9.02E+06   5.62E-04   1.50E-01   8.46E-01   0.00E+00   0.00E+00   3.04E-07   2.20E-05   3.04E-04
 9.18E+06   5.62E-04   1.50E-01   8.46E-01   0.00E+00   0.00E+00   3.78E-07   2.21E-05   3.04E-04
 9.32E+06   5.62E-04   1.50E-01   8.46E-01   0.00E+00   0.00E+00   4.69E-07   2.22E-05   3.04E-04
 9.48E+06   5.62E-04   1.50E-01   8.46E-01   0.00E+00   0.00E+00   5.83E-07   2.22E-05   3.05E-04
 9.62E+06   5.62E-04   1.50E-01   8.46E-01   0.00E+00   0.00E+00   7.23E-07   2.23E-05   3.05E-04
 9.78E+06   5.62E-04   1.50E-01   8.46E-01   0.00E+00   0.00E+00   8.95E-07   2.25E-05   3.05E-04
 9.92E+06   5.62E-04   1.50E-01   8.46E-01   0.00E+00   0.00E+00   1.11E-06   2.27E-05   3.06E-04

     Z      POCS       PNO3_NO    PNO3_NO2   PN2O       PHO2NO2_NO2PHO2NO2_NO3PN2O5_NO2  PN2O5_NO   
 2.50E+04   1.05E-11   1.06E-02   8.35E-02   1.45E-33   1.53E-06   3.82E-07   3.63E-10   1.02E-05
 1.75E+05   1.25E-11   1.09E-02   8.50E-02   2.87E-30   1.78E-06   4.45E-07   4.54E-10   1.16E-05
 3.25E+05   1.44E-11   1.10E-02   8.62E-02   3.27E-27   2.00E-06   5.01E-07   5.47E-10   1.29E-05
 4.75E+05   1.61E-11   1.12E-02   8.71E-02   1.86E-24   2.21E-06   5.53E-07   6.42E-10   1.41E-05
 6.25E+05   1.78E-11   1.14E-02   8.78E-02   5.41E-22   2.40E-06   6.00E-07   7.44E-10   1.52E-05
 7.75E+05   1.93E-11   1.16E-02   8.82E-02   8.30E-20   2.58E-06   6.44E-07   8.52E-10   1.62E-05
 9.25E+05   2.09E-11   1.17E-02   8.83E-02   6.81E-18   2.74E-06   6.84E-07   9.69E-10   1.71E-05
 1.08E+06   2.23E-11   1.19E-02   8.88E-02   3.06E-16   2.88E-06   7.21E-07   1.09E-09   1.79E-05
 1.22E+06   2.37E-11   1.20E-02   8.97E-02   7.15E-15   3.01E-06   7.54E-07   1.22E-09   1.86E-05
 1.38E+06   2.58E-11   1.22E-02   9.06E-02   9.32E-14   3.14E-06   7.84E-07   1.42E-09   1.93E-05
 1.52E+06   3.26E-11   1.23E-02   9.18E-02   7.78E-13   3.26E-06   8.15E-07   2.01E-09   1.99E-05
 1.68E+06   6.24E-11   1.25E-02   9.29E-02   4.61E-12   3.39E-06   8.48E-07   4.28E-09   2.05E-05
 1.82E+06   1.80E-10   1.26E-02   9.39E-02   2.09E-11   3.54E-06   8.84E-07   1.28E-08   2.12E-05
 1.98E+06   5.81E-10   1.27E-02   9.48E-02   7.66E-11   3.71E-06   9.27E-07   4.04E-08   2.18E-05
 2.12E+06   1.76E-09   1.27E-02   9.56E-02   2.36E-10   3.93E-06   9.83E-07   1.18E-07   2.24E-05
 2.28E+06   4.86E-09   1.28E-02   9.62E-02   6.32E-10   4.24E-06   1.06E-06   3.07E-07   2.32E-05
 2.42E+06   1.23E-08   1.28E-02   9.68E-02   1.51E-09   4.71E-06   1.18E-06   7.26E-07   2.40E-05
 2.58E+06   2.91E-08   1.29E-02   9.74E-02   3.25E-09   5.45E-06   1.38E-06   1.57E-06   2.50E-05
 2.72E+06   6.44E-08   1.29E-02   9.79E-02   6.43E-09   6.60E-06   1.68E-06   3.12E-06   2.61E-05
 2.88E+06   1.34E-07   1.29E-02   9.84E-02   1.17E-08   8.39E-06   2.15E-06   5.74E-06   2.74E-05
 3.02E+06   2.65E-07   1.29E-02   9.89E-02   1.97E-08   1.10E-05   2.85E-06   9.82E-06   2.90E-05
 3.18E+06   4.90E-07   1.29E-02   9.94E-02   3.09E-08   1.46E-05   3.82E-06   1.56E-05   3.07E-05
 3.32E+06   8.54E-07   1.30E-02   1.00E-01   4.51E-08   1.93E-05   5.07E-06   2.32E-05   3.27E-05
 3.48E+06   1.40E-06   1.30E-02   1.00E-01   6.21E-08   2.51E-05   6.62E-06   3.25E-05   3.48E-05
 3.62E+06   2.18E-06   1.30E-02   1.01E-01   8.12E-08   3.20E-05   8.45E-06   4.33E-05   3.70E-05
 3.78E+06   3.22E-06   1.30E-02   1.01E-01   1.02E-07   3.99E-05   1.06E-05   5.54E-05   3.94E-05
 3.92E+06   4.55E-06   1.30E-02   1.02E-01   1.23E-07   4.90E-05   1.30E-05   6.87E-05   4.18E-05
 4.08E+06   6.15E-06   1.30E-02   1.02E-01   1.45E-07   5.96E-05   1.58E-05   8.33E-05   4.44E-05
 4.22E+06   7.96E-06   1.30E-02   1.03E-01   1.67E-07   7.18E-05   1.90E-05   9.93E-05   4.72E-05
 4.38E+06   9.87E-06   1.30E-02   1.03E-01   1.87E-07   8.57E-05   2.26E-05   1.16E-04   5.01E-05
 4.52E+06   1.18E-05   1.30E-02   1.03E-01   2.05E-07   1.01E-04   2.64E-05   1.34E-04   5.30E-05
 4.68E+06   1.35E-05   1.30E-02   1.03E-01   2.21E-07   1.15E-04   3.03E-05   1.51E-04   5.57E-05
 4.82E+06   1.51E-05   1.30E-02   1.03E-01   2.35E-07   1.30E-04   3.39E-05   1.67E-04   5.82E-05
 4.98E+06   1.64E-05   1.30E-02   1.03E-01   2.46E-07   1.42E-04   3.72E-05   1.81E-04   6.03E-05
 5.12E+06   1.74E-05   1.30E-02   1.02E-01   2.56E-07   1.53E-04   4.00E-05   1.93E-04   6.21E-05
 5.28E+06   1.83E-05   1.30E-02   1.02E-01   2.65E-07   1.61E-04   4.23E-05   2.03E-04   6.35E-05
 5.42E+06   1.89E-05   1.30E-02   1.02E-01   2.73E-07   1.68E-04   4.41E-05   2.11E-04   6.45E-05
 5.58E+06   1.94E-05   1.30E-02   1.02E-01   2.81E-07   1.74E-04   4.55E-05   2.18E-04   6.53E-05
 5.72E+06   1.98E-05   1.30E-02   1.02E-01   2.88E-07   1.78E-04   4.66E-05   2.23E-04   6.59E-05
 5.88E+06   2.01E-05   1.30E-02   1.01E-01   2.94E-07   1.81E-04   4.75E-05   2.27E-04   6.64E-05
 6.02E+06   2.03E-05   1.30E-02   1.01E-01   3.01E-07   1.83E-04   4.81E-05   2.31E-04   6.67E-05
 6.18E+06   2.04E-05   1.30E-02   1.01E-01   3.06E-07   1.85E-04   4.87E-05   2.33E-04   6.69E-05
 6.32E+06   2.05E-05   1.30E-02   1.01E-01   3.12E-07   1.87E-04   4.91E-05   2.36E-04   6.71E-05
 6.48E+06   2.06E-05   1.30E-02   1.01E-01   3.17E-07   1.88E-04   4.94E-05   2.38E-04   6.72E-05
 6.62E+06   2.07E-05   1.30E-02   1.00E-01   3.22E-07   1.88E-04   4.96E-05   2.40E-04   6.73E-05
 6.78E+06   2.07E-05   1.30E-02   1.00E-01   3.27E-07   1.89E-04   4.98E-05   2.41E-04   6.73E-05
 6.92E+06   2.08E-05   1.30E-02   9.99E-02   3.31E-07   1.89E-04   5.00E-05   2.43E-04   6.74E-05
 7.08E+06   2.08E-05   1.30E-02   9.97E-02   3.36E-07   1.90E-04   5.01E-05   2.44E-04   6.74E-05
 7.22E+06   2.09E-05   1.30E-02   9.96E-02   3.41E-07   1.90E-04   5.02E-05   2.45E-04   6.74E-05
 7.38E+06   2.09E-05   1.31E-02   9.94E-02   3.49E-07   1.90E-04   5.03E-05   2.46E-04   6.74E-05
 7.52E+06   2.09E-05   1.31E-02   9.94E-02   3.62E-07   1.91E-04   5.04E-05   2.47E-04   6.74E-05
 7.68E+06   2.10E-05   1.31E-02   9.94E-02   3.81E-07   1.91E-04   5.04E-05   2.48E-04   6.74E-05
 7.82E+06   2.11E-05   1.31E-02   9.94E-02   4.07E-07   1.91E-04   5.04E-05   2.50E-04   6.74E-05
 7.98E+06   2.12E-05   1.31E-02   9.94E-02   4.40E-07   1.91E-04   5.05E-05   2.51E-04   6.74E-05
 8.12E+06   2.14E-05   1.31E-02   9.94E-02   4.79E-07   1.91E-04   5.05E-05   2.53E-04   6.74E-05
 8.28E+06   2.16E-05   1.31E-02   9.94E-02   5.24E-07   1.91E-04   5.05E-05   2.54E-04   6.74E-05
 8.42E+06   2.18E-05   1.31E-02   9.94E-02   5.72E-07   1.91E-04   5.05E-05   2.56E-04   6.74E-05
 8.58E+06   2.20E-05   1.31E-02   9.94E-02   6.21E-07   1.91E-04   5.05E-05   2.58E-04   6.74E-05
 8.72E+06   2.22E-05   1.31E-02   9.94E-02   6.70E-07   1.91E-04   5.06E-05   2.60E-04   6.74E-05
 8.88E+06   2.25E-05   1.31E-02   9.94E-02   7.21E-07   1.91E-04   5.06E-05   2.62E-04   6.74E-05
 9.02E+06   2.27E-05   1.31E-02   9.94E-02   7.76E-07   1.91E-04   5.06E-05   2.63E-04   6.75E-05
 9.18E+06   2.30E-05   1.31E-02   9.94E-02   8.39E-07   1.91E-04   5.06E-05   2.66E-04   6.75E-05
 9.32E+06   2.33E-05   1.31E-02   9.94E-02   9.20E-07   1.91E-04   5.06E-05   2.68E-04   6.75E-05
 9.48E+06   2.38E-05   1.31E-02   9.94E-02   1.04E-06   1.91E-04   5.06E-05   2.70E-04   6.75E-05
 9.62E+06   2.44E-05   1.31E-02   9.94E-02   1.21E-06   1.91E-04   5.06E-05   2.73E-04   6.75E-05
 9.78E+06   2.54E-05   1.31E-02   9.94E-02   1.46E-06   1.91E-04   5.06E-05   2.76E-04   6.75E-05
 9.92E+06   2.83E-05   1.31E-02   9.94E-02   1.87E-06   1.91E-04   5.06E-05   2.83E-04   6.75E-05
 N =   40  EMAX = 4.64E-10 FOR SO4AER  AT Z = 3.02E+06 U = 8.82E-10 RHS =-4.09E-19  DT = 5.54E+18  TIME = 1.38E+18

 TIME = 1.38E+18     TIMEY = 4.39E+10 YEARS

 NPHOT =   28

 MIXING RATIOS OF LONG-LIVED SPECIES


     Z        O        O2       H2O      H        OH       HO2      H2O2     H2       CO       HCO      H2CO     CH4      CH3      C2H6     NO       NO2      HNO      H2S     
  2.50E+04 3.37E-17 2.10E-01 1.15E-02 4.75E-21 5.00E-14 1.17E-11 1.15E-09 5.30E-07 1.10E-07 1.96E-22 2.61E-10 1.80E-06 1.71E-21 8.39E-27 2.48E-12 5.39E-12 1.40E-17 8.38E-12
  7.50E+04 3.87E-17 2.10E-01 9.55E-03 5.14E-21 5.36E-14 1.19E-11 1.21E-09 5.30E-07 1.07E-07 2.12E-22 2.58E-10 1.80E-06 1.72E-21 8.39E-27 2.71E-12 5.46E-12 1.38E-17 5.69E-12
  1.25E+05 4.50E-17 2.10E-01 8.00E-03 5.58E-21 5.81E-14 1.21E-11 1.24E-09 5.31E-07 1.04E-07 2.22E-22 2.46E-10 1.80E-06 1.74E-21 8.39E-27 3.02E-12 5.71E-12 1.16E-17 3.85E-12
  1.75E+05 5.28E-17 2.10E-01 6.56E-03 6.05E-21 6.30E-14 1.21E-11 1.24E-09 5.31E-07 1.01E-07 2.28E-22 2.30E-10 1.79E-06 1.76E-21 8.40E-27 3.43E-12 6.09E-12 9.17E-18 2.60E-12
  2.75E+05 7.37E-17 2.10E-01 4.21E-03 7.05E-21 7.37E-14 1.18E-11 1.19E-09 5.31E-07 9.51E-08 2.35E-22 1.99E-10 1.79E-06 1.76E-21 8.42E-27 4.59E-12 7.23E-12 5.46E-18 1.17E-12
  3.75E+05 1.04E-16 2.10E-01 2.53E-03 8.13E-21 8.52E-14 1.11E-11 1.04E-09 5.32E-07 8.98E-08 2.35E-22 1.69E-10 1.79E-06 1.73E-21 8.48E-27 6.36E-12 8.82E-12 3.21E-18 5.28E-13
  4.75E+05 1.43E-16 2.10E-01 1.40E-03 8.96E-21 9.48E-14 9.93E-12 8.53E-10 5.32E-07 8.51E-08 2.18E-22 1.36E-10 1.79E-06 1.59E-21 8.57E-27 8.61E-12 1.03E-11 1.85E-18 2.42E-13
  5.75E+05 1.92E-16 2.10E-01 6.87E-04 8.90E-21 9.54E-14 8.40E-12 6.56E-10 5.32E-07 8.09E-08 1.77E-22 1.00E-10 1.78E-06 1.26E-21 8.74E-27 1.02E-11 1.00E-11 9.79E-19 1.16E-13
  6.75E+05 2.50E-16 2.10E-01 2.97E-04 7.86E-21 8.54E-14 6.72E-12 4.79E-10 5.32E-07 7.73E-08 1.23E-22 6.60E-11 1.78E-06 8.57E-22 9.02E-27 1.06E-11 8.22E-12 4.91E-19 6.08E-14
  7.75E+05 3.18E-16 2.10E-01 1.13E-04 7.20E-21 7.98E-14 5.04E-12 3.30E-10 5.33E-07 7.42E-08 8.50E-23 4.23E-11 1.78E-06 5.79E-22 9.40E-27 1.32E-11 7.78E-12 3.08E-19 3.37E-14
  8.75E+05 3.99E-16 2.10E-01 3.73E-05 7.60E-21 8.58E-14 3.52E-12 2.18E-10 5.33E-07 7.16E-08 6.52E-23 2.85E-11 1.78E-06 4.31E-22 9.91E-27 2.17E-11 9.32E-12 2.60E-19 1.94E-14
  9.75E+05 4.98E-16 2.10E-01 1.13E-05 8.42E-21 9.58E-14 2.40E-12 1.42E-10 5.33E-07 6.93E-08 5.26E-23 1.99E-11 1.78E-06 3.25E-22 1.06E-26 3.58E-11 1.09E-11 2.29E-19 1.18E-14
  1.08E+06 7.09E-16 2.10E-01 6.44E-06 9.97E-21 1.06E-13 1.81E-12 9.05E-11 5.33E-07 6.71E-08 4.78E-23 1.55E-11 1.78E-06 3.09E-22 1.16E-26 5.22E-11 1.28E-11 1.78E-19 7.16E-15
  1.18E+06 1.22E-15 2.10E-01 4.18E-06 1.09E-20 1.06E-13 1.19E-12 4.04E-11 5.33E-07 6.32E-08 4.33E-23 1.23E-11 1.78E-06 3.07E-22 1.48E-26 7.99E-11 1.87E-11 1.10E-19 3.22E-15
  1.28E+06 2.37E-15 2.10E-01 3.93E-06 1.02E-20 9.34E-14 6.70E-13 1.23E-11 5.32E-07 5.80E-08 3.55E-23 9.07E-12 1.77E-06 2.77E-22 2.24E-26 1.27E-10 3.28E-11 5.82E-20 1.16E-15
  1.38E+06 5.31E-15 2.10E-01 3.95E-06 8.26E-21 7.22E-14 3.22E-13 2.30E-12 5.32E-07 5.12E-08 2.62E-23 6.04E-12 1.76E-06 2.28E-22 4.08E-26 2.15E-10 7.25E-11 2.61E-20 3.39E-16
  1.48E+06 1.20E-14 2.10E-01 3.98E-06 7.72E-21 6.55E-14 2.05E-13 3.95E-13 5.31E-07 4.42E-08 2.40E-23 4.77E-12 1.74E-06 2.29E-22 7.32E-26 3.39E-10 1.52E-10 1.03E-20 9.06E-17
  1.58E+06 2.59E-14 2.10E-01 4.03E-06 8.45E-21 7.02E-14 1.75E-13 1.32E-13 5.29E-07 3.74E-08 2.70E-23 4.52E-12 1.72E-06 2.80E-22 1.23E-25 4.85E-10 2.81E-10 5.48E-21 2.24E-17
  1.68E+06 5.36E-14 2.10E-01 4.10E-06 1.01E-20 8.27E-14 1.80E-13 9.82E-14 5.26E-07 3.12E-08 3.41E-23 4.74E-12 1.69E-06 3.82E-22 1.95E-25 6.46E-10 4.65E-10 6.30E-21 4.97E-18
  1.78E+06 1.06E-13 2.10E-01 4.18E-06 1.31E-20 1.04E-13 2.15E-13 1.10E-13 5.22E-07 2.59E-08 4.62E-23 5.30E-12 1.65E-06 5.60E-22 2.91E-25 8.12E-10 6.94E-10 1.05E-20 1.01E-18
  1.88E+06 2.00E-13 2.10E-01 4.27E-06 1.80E-20 1.37E-13 2.84E-13 1.51E-13 5.18E-07 2.17E-08 6.55E-23 6.16E-12 1.60E-06 8.60E-22 4.16E-25 9.78E-10 9.62E-10 1.65E-20 1.89E-19
  1.98E+06 3.71E-13 2.10E-01 4.37E-06 2.62E-20 1.87E-13 4.07E-13 2.42E-13 5.13E-07 1.84E-08 9.59E-23 7.37E-12 1.55E-06 1.37E-21 5.78E-25 1.14E-09 1.26E-09 2.11E-20 3.21E-20
  2.08E+06 6.66E-13 2.10E-01 4.48E-06 4.03E-20 2.63E-13 6.15E-13 4.29E-13 5.07E-07 1.60E-08 1.44E-22 8.95E-12 1.50E-06 2.22E-21 7.79E-25 1.30E-09 1.59E-09 2.36E-20 5.09E-21
  2.18E+06 1.18E-12 2.10E-01 4.59E-06 6.51E-20 3.78E-13 9.58E-13 8.01E-13 5.01E-07 1.43E-08 2.19E-22 1.10E-11 1.44E-06 3.68E-21 1.04E-24 1.47E-09 1.95E-09 2.58E-20 7.34E-22
  2.28E+06 2.04E-12 2.10E-01 4.71E-06 1.09E-19 5.52E-13 1.51E-12 1.52E-12 4.94E-07 1.31E-08 3.39E-22 1.36E-11 1.39E-06 6.18E-21 1.37E-24 1.67E-09 2.36E-09 2.83E-20 9.86E-23
  2.38E+06 3.49E-12 2.10E-01 4.82E-06 1.90E-19 8.15E-13 2.36E-12 2.81E-12 4.86E-07 1.23E-08 5.28E-22 1.68E-11 1.33E-06 1.04E-20 1.82E-24 1.90E-09 2.84E-09 3.19E-20 1.70E-23
  2.48E+06 5.87E-12 2.10E-01 4.94E-06 3.41E-19 1.21E-12 3.63E-12 5.04E-12 4.78E-07 1.17E-08 8.27E-22 2.06E-11 1.28E-06 1.78E-20 2.42E-24 2.19E-09 3.39E-09 3.81E-20 1.01E-23
  2.58E+06 9.72E-12 2.10E-01 5.06E-06 6.28E-19 1.81E-12 5.50E-12 8.60E-12 4.70E-07 1.14E-08 1.30E-21 2.51E-11 1.22E-06 3.03E-20 3.28E-24 2.55E-09 4.03E-09 4.88E-20 1.22E-23
  2.68E+06 1.59E-11 2.10E-01 5.18E-06 1.19E-18 2.70E-12 8.14E-12 1.39E-11 4.60E-07 1.13E-08 2.03E-21 3.03E-11 1.17E-06 5.16E-20 4.52E-24 2.99E-09 4.76E-09 6.66E-20 1.49E-23
  2.78E+06 2.55E-11 2.10E-01 5.30E-06 2.31E-18 4.00E-12 1.17E-11 2.11E-11 4.50E-07 1.12E-08 3.16E-21 3.61E-11 1.11E-06 8.77E-20 6.38E-24 3.52E-09 5.54E-09 9.53E-20 1.69E-23
  2.88E+06 4.06E-11 2.10E-01 5.42E-06 4.61E-18 5.82E-12 1.64E-11 3.01E-11 4.40E-07 1.12E-08 4.85E-21 4.23E-11 1.05E-06 1.48E-19 9.18E-24 4.14E-09 6.34E-09 1.40E-19 1.80E-23
  2.98E+06 6.38E-11 2.10E-01 5.54E-06 9.43E-18 8.31E-12 2.23E-11 4.02E-11 4.29E-07 1.14E-08 7.31E-21 4.87E-11 9.97E-07 2.48E-19 1.36E-23 4.85E-09 7.12E-09 2.09E-19 1.77E-23
  3.08E+06 9.93E-11 2.10E-01 5.67E-06 1.96E-17 1.16E-11 2.92E-11 5.04E-11 4.17E-07 1.16E-08 1.08E-20 5.51E-11 9.40E-07 4.10E-19 2.07E-23 5.64E-09 7.82E-09 3.10E-19 1.63E-23
  3.18E+06 1.53E-10 2.10E-01 5.79E-06 4.13E-17 1.58E-11 3.70E-11 5.94E-11 4.04E-07 1.18E-08 1.55E-20 6.13E-11 8.84E-07 6.70E-19 3.18E-23 6.48E-09 8.37E-09 4.56E-19 1.45E-23
  3.28E+06 2.34E-10 2.10E-01 5.91E-06 8.72E-17 2.09E-11 4.56E-11 6.65E-11 3.91E-07 1.21E-08 2.16E-20 6.72E-11 8.28E-07 1.07E-18 4.97E-23 7.35E-09 8.73E-09 6.61E-19 1.24E-23
  3.38E+06 3.56E-10 2.10E-01 6.03E-06 1.84E-16 2.72E-11 5.45E-11 7.10E-11 3.78E-07 1.24E-08 2.96E-20 7.25E-11 7.73E-07 1.69E-18 7.85E-23 8.22E-09 8.85E-09 9.42E-19 1.05E-23
  3.48E+06 5.37E-10 2.10E-01 6.15E-06 3.89E-16 3.49E-11 6.38E-11 7.30E-11 3.65E-07 1.27E-08 3.96E-20 7.71E-11 7.20E-07 2.62E-18 1.24E-22 9.08E-09 8.74E-09 1.32E-18 8.97E-24
  3.58E+06 8.08E-10 2.10E-01 6.26E-06 8.21E-16 4.44E-11 7.31E-11 7.28E-11 3.52E-07 1.30E-08 5.21E-20 8.09E-11 6.69E-07 4.00E-18 1.96E-22 9.90E-09 8.41E-09 1.82E-18 7.88E-24
  3.68E+06 1.21E-09 2.10E-01 6.37E-06 1.73E-15 5.61E-11 8.25E-11 7.06E-11 3.40E-07 1.33E-08 6.80E-20 8.41E-11 6.21E-07 6.05E-18 3.06E-22 1.07E-08 7.89E-09 2.49E-18 7.21E-24
  3.78E+06 1.81E-09 2.10E-01 6.47E-06 3.66E-15 7.08E-11 9.18E-11 6.69E-11 3.28E-07 1.35E-08 8.83E-20 8.66E-11 5.76E-07 9.06E-18 4.74E-22 1.14E-08 7.21E-09 3.38E-18 6.82E-24
  3.88E+06 2.71E-09 2.10E-01 6.56E-06 7.78E-15 8.96E-11 1.01E-10 6.23E-11 3.18E-07 1.36E-08 1.14E-19 8.84E-11 5.33E-07 1.35E-17 7.30E-22 1.21E-08 6.41E-09 4.54E-18 6.55E-24
  3.98E+06 4.04E-09 2.10E-01 6.64E-06 1.66E-14 1.13E-10 1.10E-10 5.74E-11 3.08E-07 1.37E-08 1.48E-19 8.95E-11 4.94E-07 2.00E-17 1.11E-21 1.27E-08 5.52E-09 6.06E-18 6.31E-24
  4.08E+06 6.04E-09 2.10E-01 6.72E-06 3.52E-14 1.44E-10 1.20E-10 5.27E-11 3.01E-07 1.38E-08 1.90E-19 8.97E-11 4.58E-07 2.95E-17 1.67E-21 1.32E-08 4.60E-09 7.99E-18 6.05E-24
  4.18E+06 9.00E-09 2.10E-01 6.79E-06 7.41E-14 1.80E-10 1.30E-10 4.87E-11 2.94E-07 1.38E-08 2.43E-19 8.87E-11 4.26E-07 4.29E-17 2.48E-21 1.36E-08 3.69E-09 1.03E-17 5.80E-24
  4.28E+06 1.33E-08 2.10E-01 6.84E-06 1.52E-13 2.23E-10 1.42E-10 4.55E-11 2.90E-07 1.39E-08 3.05E-19 8.63E-11 3.96E-07 6.11E-17 3.61E-21 1.39E-08 2.85E-09 1.30E-17 5.60E-24
  4.38E+06 1.93E-08 2.10E-01 6.89E-06 3.02E-13 2.70E-10 1.55E-10 4.32E-11 2.88E-07 1.40E-08 3.73E-19 8.25E-11 3.71E-07 8.44E-17 5.12E-21 1.40E-08 2.12E-09 1.59E-17 5.46E-24
  4.48E+06 2.74E-08 2.10E-01 6.93E-06 5.68E-13 3.19E-10 1.68E-10 4.16E-11 2.89E-07 1.40E-08 4.43E-19 7.75E-11 3.49E-07 1.13E-16 7.08E-21 1.39E-08 1.53E-09 1.86E-17 5.42E-24
  4.58E+06 3.77E-08 2.10E-01 6.96E-06 1.01E-12 3.68E-10 1.82E-10 4.04E-11 2.92E-07 1.42E-08 5.08E-19 7.17E-11 3.30E-07 1.44E-16 9.58E-21 1.37E-08 1.09E-09 2.09E-17 5.45E-24
  4.68E+06 5.04E-08 2.10E-01 6.99E-06 1.71E-12 4.14E-10 1.96E-10 3.94E-11 2.97E-07 1.44E-08 5.65E-19 6.57E-11 3.14E-07 1.78E-16 1.26E-20 1.33E-08 7.61E-10 2.28E-17 5.55E-24
  4.78E+06 6.56E-08 2.10E-01 7.00E-06 2.74E-12 4.56E-10 2.09E-10 3.86E-11 3.05E-07 1.47E-08 6.11E-19 5.98E-11 3.00E-07 2.13E-16 1.63E-20 1.28E-08 5.29E-10 2.42E-17 5.71E-24
  4.88E+06 8.32E-08 2.10E-01 7.01E-06 4.23E-12 4.94E-10 2.22E-10 3.77E-11 3.15E-07 1.52E-08 6.45E-19 5.42E-11 2.89E-07 2.48E-16 2.08E-20 1.23E-08 3.67E-10 2.51E-17 5.90E-24
  4.98E+06 1.04E-07 2.10E-01 7.01E-06 6.31E-12 5.28E-10 2.34E-10 3.67E-11 3.27E-07 1.59E-08 6.72E-19 4.91E-11 2.79E-07 2.85E-16 2.63E-20 1.17E-08 2.56E-10 2.55E-17 6.07E-24
  5.08E+06 1.27E-07 2.10E-01 7.01E-06 9.18E-12 5.59E-10 2.45E-10 3.54E-11 3.41E-07 1.70E-08 6.94E-19 4.45E-11 2.71E-07 3.24E-16 3.30E-20 1.11E-08 1.79E-10 2.55E-17 6.17E-24
  5.18E+06 1.54E-07 2.10E-01 7.00E-06 1.31E-11 5.86E-10 2.55E-10 3.40E-11 3.58E-07 1.84E-08 7.10E-19 4.03E-11 2.65E-07 3.67E-16 4.13E-20 1.05E-08 1.27E-10 2.53E-17 6.22E-24
  5.28E+06 1.84E-07 2.10E-01 6.99E-06 1.84E-11 6.11E-10 2.64E-10 3.24E-11 3.76E-07 2.02E-08 7.23E-19 3.65E-11 2.59E-07 4.13E-16 5.16E-20 9.92E-09 8.98E-11 2.49E-17 6.22E-24
  5.38E+06 2.18E-07 2.10E-01 6.97E-06 2.55E-11 6.34E-10 2.73E-10 3.09E-11 3.97E-07 2.27E-08 7.34E-19 3.31E-11 2.54E-07 4.64E-16 6.42E-20 9.35E-09 6.41E-11 2.43E-17 6.17E-24
  5.48E+06 2.58E-07 2.10E-01 6.95E-06 3.51E-11 6.56E-10 2.81E-10 2.93E-11 4.21E-07 2.58E-08 7.42E-19 3.00E-11 2.49E-07 5.19E-16 7.97E-20 8.79E-09 4.60E-11 2.36E-17 6.09E-24
  5.58E+06 3.03E-07 2.10E-01 6.93E-06 4.81E-11 6.77E-10 2.89E-10 2.78E-11 4.46E-07 2.98E-08 7.49E-19 2.73E-11 2.45E-07 5.80E-16 9.86E-20 8.25E-09 3.32E-11 2.28E-17 6.00E-24
  5.68E+06 3.55E-07 2.10E-01 6.90E-06 6.55E-11 6.99E-10 2.98E-10 2.63E-11 4.75E-07 3.49E-08 7.54E-19 2.47E-11 2.42E-07 6.47E-16 1.22E-19 7.73E-09 2.40E-11 2.20E-17 5.89E-24
  5.78E+06 4.15E-07 2.10E-01 6.87E-06 8.92E-11 7.22E-10 3.06E-10 2.50E-11 5.06E-07 4.11E-08 7.59E-19 2.24E-11 2.38E-07 7.20E-16 1.49E-19 7.24E-09 1.75E-11 2.12E-17 5.80E-24
  5.88E+06 4.83E-07 2.10E-01 6.83E-06 1.21E-10 7.47E-10 3.16E-10 2.38E-11 5.41E-07 4.87E-08 7.64E-19 2.03E-11 2.35E-07 7.99E-16 1.83E-19 6.76E-09 1.28E-11 2.04E-17 5.73E-24
  5.98E+06 5.62E-07 2.10E-01 6.79E-06 1.65E-10 7.73E-10 3.26E-10 2.27E-11 5.79E-07 5.80E-08 7.67E-19 1.84E-11 2.32E-07 8.84E-16 2.22E-19 6.32E-09 9.43E-12 1.97E-17 5.69E-24
  6.08E+06 6.52E-07 2.10E-01 6.75E-06 2.25E-10 8.02E-10 3.38E-10 2.17E-11 6.21E-07 6.92E-08 7.69E-19 1.67E-11 2.29E-07 9.74E-16 2.70E-19 5.89E-09 6.99E-12 1.90E-17 5.70E-24
  6.18E+06 7.54E-07 2.10E-01 6.70E-06 3.06E-10 8.34E-10 3.50E-10 2.09E-11 6.67E-07 8.27E-08 7.69E-19 1.51E-11 2.26E-07 1.07E-15 3.26E-19 5.49E-09 5.22E-12 1.83E-17 5.77E-24
  6.28E+06 8.70E-07 2.10E-01 6.64E-06 4.18E-10 8.69E-10 3.65E-10 2.03E-11 7.18E-07 9.88E-08 7.68E-19 1.36E-11 2.23E-07 1.16E-15 3.93E-19 5.11E-09 3.93E-12 1.78E-17 5.90E-24
  6.38E+06 1.00E-06 2.10E-01 6.58E-06 5.71E-10 9.09E-10 3.81E-10 1.97E-11 7.74E-07 1.18E-07 7.65E-19 1.23E-11 2.20E-07 1.26E-15 4.72E-19 4.75E-09 2.98E-12 1.72E-17 6.12E-24
  6.48E+06 1.15E-06 2.10E-01 6.51E-06 7.82E-10 9.52E-10 3.99E-10 1.93E-11 8.35E-07 1.40E-07 7.61E-19 1.11E-11 2.16E-07 1.35E-15 5.65E-19 4.42E-09 2.29E-12 1.68E-17 6.41E-24
  6.58E+06 1.32E-06 2.10E-01 6.44E-06 1.07E-09 1.00E-09 4.19E-10 1.90E-11 9.02E-07 1.67E-07 7.57E-19 9.98E-12 2.13E-07 1.43E-15 6.75E-19 4.11E-09 1.78E-12 1.64E-17 6.79E-24
  6.68E+06 1.52E-06 2.10E-01 6.36E-06 1.48E-09 1.05E-09 4.41E-10 1.88E-11 9.77E-07 1.98E-07 7.52E-19 8.96E-12 2.09E-07 1.50E-15 8.05E-19 3.82E-09 1.40E-12 1.60E-17 7.26E-24
  6.78E+06 1.74E-06 2.10E-01 6.27E-06 2.04E-09 1.11E-09 4.66E-10 1.87E-11 1.06E-06 2.34E-07 7.52E-19 8.06E-12 2.05E-07 1.56E-15 9.56E-19 3.56E-09 1.11E-12 1.57E-17 7.86E-24
  6.88E+06 2.00E-06 2.10E-01 6.17E-06 2.84E-09 1.18E-09 4.95E-10 1.88E-11 1.15E-06 2.77E-07 7.69E-19 7.30E-12 2.00E-07 1.61E-15 1.13E-18 3.32E-09 8.94E-13 1.56E-17 8.67E-24
  6.98E+06 2.28E-06 2.10E-01 6.06E-06 3.96E-09 1.26E-09 5.30E-10 1.93E-11 1.25E-06 3.26E-07 8.38E-19 6.82E-12 1.96E-07 1.69E-15 1.34E-18 3.09E-09 7.36E-13 1.55E-17 9.92E-24
  7.08E+06 2.57E-06 2.09E-01 5.93E-06 5.59E-09 1.37E-09 5.79E-10 2.06E-11 1.36E-06 3.83E-07 1.05E-18 6.86E-12 1.90E-07 1.89E-15 1.58E-18 2.89E-09 6.24E-13 1.59E-17 1.22E-23
  7.18E+06 2.85E-06 2.09E-01 5.80E-06 7.98E-09 1.52E-09 6.50E-10 2.32E-11 1.48E-06 4.49E-07 1.58E-18 7.91E-12 1.85E-07 2.40E-15 1.87E-18 2.72E-09 5.56E-13 1.67E-17 1.65E-23
  7.28E+06 3.10E-06 2.09E-01 5.65E-06 1.16E-08 1.75E-09 7.57E-10 2.77E-11 1.62E-06 5.26E-07 2.77E-18 1.07E-11 1.78E-07 3.59E-15 2.19E-18 2.56E-09 5.26E-13 1.83E-17 2.51E-23
  7.38E+06 3.31E-06 2.09E-01 5.48E-06 1.72E-08 2.08E-09 9.12E-10 3.48E-11 1.77E-06 6.15E-07 5.18E-18 1.63E-11 1.71E-07 6.05E-15 2.57E-18 2.43E-09 5.27E-13 2.09E-17 4.16E-23
  7.48E+06 3.55E-06 2.09E-01 5.30E-06 2.61E-08 2.51E-09 1.11E-09 4.44E-11 1.93E-06 7.17E-07 9.63E-18 2.53E-11 1.64E-07 1.07E-14 3.00E-18 2.31E-09 5.42E-13 2.44E-17 6.90E-23
  7.58E+06 3.87E-06 2.09E-01 5.09E-06 4.02E-08 3.03E-09 1.36E-09 5.63E-11 2.11E-06 8.35E-07 1.72E-17 3.84E-11 1.55E-07 1.81E-14 3.46E-18 2.22E-09 5.55E-13 2.87E-17 1.11E-22
  7.68E+06 4.28E-06 2.09E-01 4.87E-06 6.25E-08 3.64E-09 1.64E-09 7.02E-11 2.31E-06 9.72E-07 2.89E-17 5.53E-11 1.47E-07 2.89E-14 3.95E-18 2.15E-09 5.59E-13 3.36E-17 1.72E-22
  7.78E+06 4.81E-06 2.09E-01 4.62E-06 9.85E-08 4.37E-09 1.97E-09 8.57E-11 2.51E-06 1.13E-06 4.59E-17 7.54E-11 1.37E-07 4.27E-14 4.39E-18 2.09E-09 5.57E-13 3.96E-17 2.57E-22
  7.88E+06 5.51E-06 2.09E-01 4.35E-06 1.60E-07 5.33E-09 2.39E-09 1.00E-10 2.72E-06 1.30E-06 6.90E-17 9.64E-11 1.28E-07 5.86E-14 4.70E-18 2.05E-09 5.50E-13 4.76E-17 3.58E-22
  7.98E+06 7.09E-06 2.09E-01 4.06E-06 2.74E-07 6.17E-09 2.73E-09 1.02E-10 2.92E-06 1.51E-06 9.89E-17 1.12E-10 1.18E-07 6.83E-14 4.77E-18 2.03E-09 4.65E-13 5.43E-17 3.63E-22
  8.08E+06 1.27E-05 2.09E-01 3.75E-06 4.87E-07 5.53E-09 2.34E-09 7.56E-11 3.09E-06 1.73E-06 1.38E-16 1.09E-10 1.08E-07 5.50E-14 4.55E-18 2.03E-09 2.36E-13 4.68E-17 1.70E-22
  8.18E+06 3.06E-05 2.09E-01 3.40E-06 8.18E-07 3.73E-09 1.43E-09 3.98E-11 3.22E-06 1.99E-06 1.91E-16 8.27E-11 9.77E-08 3.09E-14 4.16E-18 2.05E-09 7.15E-14 2.85E-17 3.38E-23
  8.28E+06 7.62E-05 2.08E-01 3.06E-06 1.23E-06 2.39E-09 7.56E-10 1.70E-11 3.31E-06 2.27E-06 2.50E-16 5.09E-11 8.78E-08 1.60E-14 3.71E-18 2.10E-09 2.15E-14 1.54E-17 3.97E-24
  8.38E+06 1.72E-04 2.08E-01 2.71E-06 1.69E-06 1.63E-09 3.99E-10 6.38E-12 3.37E-06 2.57E-06 3.08E-16 2.98E-11 7.82E-08 8.74E-15 3.22E-18 2.18E-09 9.53E-15 8.41E-18 3.29E-25
  8.48E+06 3.48E-04 2.08E-01 2.39E-06 2.16E-06 1.20E-09 2.18E-10 2.19E-12 3.40E-06 2.89E-06 3.63E-16 1.81E-11 6.91E-08 5.17E-15 2.72E-18 2.32E-09 6.32E-15 4.87E-18 2.06E-26
  8.58E+06 6.42E-04 2.08E-01 2.08E-06 2.61E-06 9.22E-10 1.23E-10 6.93E-13 3.42E-06 3.22E-06 4.12E-16 1.17E-11 6.06E-08 3.27E-15 2.23E-18 2.53E-09 5.25E-15 3.01E-18 1.09E-27
  8.68E+06 1.10E-03 2.07E-01 1.80E-06 3.02E-06 7.31E-10 7.25E-11 2.02E-13 3.43E-06 3.56E-06 4.51E-16 7.86E-12 5.28E-08 2.19E-15 1.77E-18 2.84E-09 4.83E-15 1.98E-18 6.11E-29
  8.78E+06 1.75E-03 2.06E-01 1.54E-06 3.40E-06 5.88E-10 4.41E-11 5.42E-14 3.43E-06 3.92E-06 4.78E-16 5.53E-12 4.57E-08 1.53E-15 1.37E-18 3.25E-09 4.69E-15 1.39E-18 5.04E-30
  8.88E+06 2.65E-03 2.06E-01 1.32E-06 3.74E-06 4.77E-10 2.76E-11 1.36E-14 3.43E-06 4.27E-06 4.90E-16 4.04E-12 3.93E-08 1.12E-15 1.02E-18 3.82E-09 4.70E-15 1.02E-18 6.23E-31
  8.98E+06 3.82E-03 2.05E-01 1.12E-06 4.05E-06 3.87E-10 1.78E-11 3.26E-15 3.42E-06 4.63E-06 4.89E-16 3.05E-12 3.36E-08 8.41E-16 7.47E-19 4.58E-09 4.83E-15 7.94E-19 9.93E-32
  9.08E+06 5.29E-03 2.03E-01 9.42E-07 4.31E-06 3.14E-10 1.18E-11 7.73E-16 3.41E-06 4.98E-06 4.78E-16 2.37E-12 2.86E-08 6.53E-16 5.32E-19 5.55E-09 5.04E-15 6.39E-19 1.89E-32
  9.18E+06 7.08E-03 2.02E-01 7.91E-07 4.54E-06 2.54E-10 7.96E-12 1.92E-16 3.39E-06 5.34E-06 4.59E-16 1.89E-12 2.42E-08 5.20E-16 3.71E-19 6.73E-09 5.26E-15 5.28E-19 4.13E-33
  9.28E+06 9.18E-03 2.00E-01 6.62E-07 4.73E-06 2.05E-10 5.50E-12 5.32E-17 3.38E-06 5.68E-06 4.36E-16 1.55E-12 2.05E-08 4.26E-16 2.55E-19 8.05E-09 5.42E-15 4.40E-19 1.03E-33
  9.38E+06 1.16E-02 1.99E-01 5.53E-07 4.90E-06 1.64E-10 3.87E-12 1.69E-17 3.37E-06 6.00E-06 4.13E-16 1.30E-12 1.74E-08 3.57E-16 1.74E-19 9.36E-09 5.44E-15 3.63E-19 2.85E-34
  9.48E+06 1.43E-02 1.97E-01 4.62E-07 5.04E-06 1.31E-10 2.77E-12 6.19E-18 3.35E-06 6.31E-06 3.92E-16 1.12E-12 1.47E-08 3.07E-16 1.18E-19 1.05E-08 5.24E-15 2.93E-19 8.72E-35
  9.58E+06 1.72E-02 1.94E-01 3.89E-07 5.16E-06 1.04E-10 2.01E-12 2.52E-18 3.34E-06 6.59E-06 3.76E-16 9.89E-13 1.26E-08 2.72E-16 8.05E-20 1.12E-08 4.84E-15 2.30E-19 2.92E-35
  9.68E+06 2.04E-02 1.92E-01 3.31E-07 5.26E-06 8.22E-11 1.48E-12 1.11E-18 3.33E-06 6.83E-06 3.69E-16 9.09E-13 1.10E-08 2.50E-16 5.59E-20 1.15E-08 4.30E-15 1.77E-19 1.07E-35
  9.78E+06 2.36E-02 1.90E-01 2.88E-07 5.33E-06 6.46E-11 1.11E-12 5.25E-19 3.31E-06 7.03E-06 3.75E-16 8.78E-13 9.80E-09 2.41E-16 4.03E-20 1.16E-08 3.74E-15 1.36E-19 4.24E-36
  9.88E+06 2.66E-02 1.87E-01 2.61E-07 5.39E-06 5.07E-11 8.49E-13 2.66E-19 3.31E-06 7.19E-06 4.05E-16 9.16E-13 9.10E-09 2.51E-16 3.14E-20 1.16E-08 3.22E-15 1.04E-19 1.86E-36
  9.98E+06 2.92E-02 1.85E-01 2.51E-07 5.42E-06 3.98E-11 6.68E-13 1.66E-19 3.30E-06 7.27E-06 5.00E-16 1.14E-12 8.91E-09 3.13E-16 2.76E-20 1.15E-08 2.76E-15 8.26E-20 9.66E-37

 TP, TL
           2.34E+15 2.51E+15 3.88E+10 3.33E+12 4.03E+12 2.89E+12 8.78E+10 5.40E+10 1.17E+11 6.31E+10 1.20E+11 1.17E+02 1.20E+11 4.56E-03 3.57E+13 3.58E+13 2.32E+05 4.82E+05
           2.34E+15 2.51E+15 2.89E+10 3.33E+12 4.03E+12 2.89E+12 8.21E+10 3.81E+10 2.81E+11 6.31E+10 1.18E+11 1.20E+11 1.20E+11 4.56E-03 3.57E+13 3.58E+13 2.32E+05 2.00E+08

     Z        HS       S        SO       SO2      H2SO4    HSO      S2       S4       S8       SO3      OCS      S3       O3       HNO3     N        NO3      N2O      HO2NO2  
  2.50E+04 1.50E-17 9.49E-33 1.50E-19 6.19E-11 4.26E-12 4.05E-13 8.11E-37 8.80E-64 1.46-108 1.74E-21 3.15E-22 4.43E-61 1.35E-08 3.39E-11 1.03-228 5.10E-16 3.00E-07 1.18E-13
  7.50E+04 1.08E-17 4.86E-33 1.31E-19 9.51E-11 6.47E-12 3.81E-13 5.06E-37 3.06E-64 1.46-108 3.54E-21 3.15E-22 1.25E-61 1.42E-08 3.78E-11 7.19-222 4.93E-16 3.00E-07 1.69E-13
  1.25E+05 7.73E-18 2.49E-33 1.10E-19 1.24E-10 8.72E-12 3.01E-13 2.67E-37 7.64E-65 1.46-108 6.05E-21 3.15E-22 2.98E-62 1.52E-08 4.26E-11 4.23-215 4.97E-16 3.00E-07 2.50E-13
  1.75E+05 5.50E-18 1.26E-33 9.01E-20 1.49E-10 1.11E-11 2.21E-13 1.29E-37 1.59E-65 1.46-108 9.82E-21 3.15E-22 6.41E-63 1.63E-08 4.86E-11 2.10-208 5.18E-16 3.00E-07 3.84E-13
  2.75E+05 2.72E-18 3.07E-34 5.80E-20 1.94E-10 1.57E-11 1.09E-13 2.53E-38 4.89E-67 1.46-108 2.46E-20 3.14E-22 2.40E-64 1.93E-08 6.30E-11 2.97-195 5.94E-16 3.00E-07 9.77E-13
  3.75E+05 1.32E-18 7.16E-35 3.65E-20 2.36E-10 2.01E-11 5.14E-14 4.28E-39 1.12E-68 1.46-108 6.32E-20 3.14E-22 7.43E-66 2.29E-08 7.74E-11 1.94-182 6.97E-16 3.00E-07 2.59E-12
  4.75E+05 6.24E-19 1.60E-35 2.30E-20 2.78E-10 2.36E-11 2.43E-14 6.53E-40 2.08E-70 1.46-108 1.65E-19 3.14E-22 1.99E-67 2.71E-08 8.88E-11 5.58-170 7.79E-16 3.00E-07 7.20E-12
  5.75E+05 2.82E-19 3.29E-36 1.45E-20 3.23E-10 2.54E-11 1.20E-14 9.19E-41 3.30E-72 1.46-108 4.34E-19 3.13E-22 4.55E-69 3.15E-08 9.53E-11 6.30-158 7.85E-16 3.00E-07 1.81E-11
  6.75E+05 1.24E-19 6.48E-37 9.26E-21 3.72E-10 2.52E-11 6.36E-15 1.21E-41 4.58E-74 1.46-108 1.14E-18 3.13E-22 9.32E-71 3.60E-08 9.79E-11 2.44-146 7.53E-16 3.00E-07 3.32E-11
  7.75E+05 6.09E-20 1.62E-37 6.89E-21 4.19E-10 2.52E-11 3.54E-15 1.51E-42 5.71E-76 1.46-108 3.51E-18 3.13E-22 2.31E-72 4.07E-08 1.00E-10 2.78-135 7.82E-16 3.00E-07 4.35E-11
  8.75E+05 3.59E-20 6.08E-38 6.40E-21 4.62E-10 2.66E-11 2.02E-15 1.82E-43 6.59E-78 1.46-108 1.39E-17 3.13E-22 8.22E-74 4.55E-08 1.04E-10 7.98-125 8.68E-16 2.99E-07 4.42E-11
  9.75E+05 2.32E-20 2.89E-38 6.71E-21 5.01E-10 2.85E-11 1.21E-15 2.18E-44 7.48E-80 1.46-108 6.16E-17 3.12E-22 3.66E-75 5.04E-08 1.10E-10 5.15-115 9.84E-16 2.99E-07 3.85E-11
  1.08E+06 1.47E-20 1.54E-38 5.53E-21 5.51E-10 3.00E-11 7.35E-16 2.29E-45 6.21E-82 1.46-108 1.48E-16 3.12E-22 1.53E-76 5.65E-08 1.20E-10 1.25-105 1.04E-15 2.99E-07 3.17E-11
  1.18E+06 5.69E-21 7.33E-39 2.89E-21 6.77E-10 3.11E-11 3.44E-16 1.14E-46 1.12E-84 1.46-108 4.03E-16 3.11E-22 2.61E-78 7.19E-08 1.54E-10 8.35E-96 1.08E-15 2.99E-07 2.51E-11
  1.28E+06 1.40E-21 1.97E-38 3.44E-21 9.14E-10 3.06E-11 1.31E-16 2.81E-47 4.92E-86 1.45-108 5.33E-16 3.09E-22 1.24E-78 1.02E-07 2.30E-10 1.17E-85 1.18E-15 2.98E-07 2.16E-11
  1.38E+06 2.18E-22 6.56E-37 2.27E-20 1.32E-09 2.81E-11 3.88E-17 1.14E-46 5.77E-85 1.45-108 6.18E-16 3.04E-22 1.20E-76 1.65E-07 4.08E-10 7.13E-76 1.48E-15 2.95E-07 2.09E-11
  1.48E+06 3.50E-23 2.07E-35 1.47E-19 1.75E-09 2.71E-11 9.88E-18 4.77E-46 7.28E-84 1.45-108 8.05E-16 2.97E-22 1.13E-74 2.65E-07 7.09E-10 2.67E-67 2.38E-15 2.91E-07 2.34E-11
  1.58E+06 6.29E-24 4.11E-34 6.94E-19 2.02E-09 2.68E-11 3.09E-18 1.51E-45 5.20E-83 1.45-108 1.11E-15 2.85E-22 5.07E-73 4.06E-07 1.15E-09 5.62E-60 4.23E-15 2.85E-07 2.87E-11
  1.68E+06 1.15E-24 5.38E-33 2.48E-18 2.03E-09 2.52E-11 3.06E-18 4.17E-45 2.84E-82 1.45-108 1.50E-15 2.71E-22 1.31E-71 5.93E-07 1.74E-09 9.80E-54 7.52E-15 2.77E-07 3.72E-11
  1.78E+06 2.21E-25 4.80E-32 6.75E-18 1.76E-09 2.18E-11 5.80E-18 1.42E-44 2.34E-81 1.45-108 1.90E-15 2.53E-22 2.83E-70 8.21E-07 2.46E-09 2.04E-48 1.26E-14 2.68E-07 4.88E-11
  1.88E+06 6.02E-26 2.92E-31 1.38E-17 1.29E-09 1.65E-11 9.88E-18 5.32E-44 2.36E-80 1.45-108 2.16E-15 2.32E-22 4.60E-69 1.09E-06 3.28E-09 7.00E-44 2.00E-14 2.57E-07 6.46E-11
  1.98E+06 6.27E-26 1.18E-30 2.03E-17 7.48E-10 1.02E-11 1.29E-17 1.61E-43 1.54E-79 1.44-108 2.07E-15 2.09E-22 3.99E-68 1.41E-06 4.16E-09 5.22E-40 3.03E-14 2.44E-07 8.56E-11
  2.08E+06 1.25E-25 3.56E-30 2.42E-17 3.83E-10 5.74E-12 1.43E-17 3.95E-43 6.66E-79 1.44-108 1.83E-15 1.86E-22 2.13E-67 1.77E-06 5.02E-09 1.07E-36 4.40E-14 2.31E-07 1.12E-10
  2.18E+06 2.50E-25 9.39E-30 2.69E-17 1.95E-10 3.25E-12 1.50E-17 9.03E-43 2.49E-78 1.44-108 1.68E-15 1.62E-22 9.17E-67 2.18E-06 5.83E-09 7.51E-34 6.21E-14 2.18E-07 1.44E-10
  2.28E+06 4.60E-25 2.20E-29 2.80E-17 9.99E-11 1.87E-12 1.48E-17 1.96E-42 8.38E-78 1.43-108 1.57E-15 1.38E-22 3.34E-66 2.63E-06 6.52E-09 2.15E-31 8.56E-14 2.04E-07 1.80E-10
  2.38E+06 7.77E-25 4.66E-29 2.77E-17 5.10E-11 1.09E-12 1.39E-17 3.98E-42 2.50E-77 1.43-108 1.50E-15 1.15E-22 1.03E-65 3.12E-06 7.05E-09 2.94E-29 1.15E-13 1.89E-07 2.17E-10
  2.48E+06 1.21E-24 8.99E-29 2.61E-17 2.60E-11 6.39E-13 1.24E-17 7.41E-42 6.24E-77 1.43-108 1.43E-15 9.33E-23 2.68E-65 3.64E-06 7.38E-09 2.20E-27 1.52E-13 1.75E-07 2.51E-10
  2.58E+06 1.75E-24 1.59E-28 2.36E-17 1.33E-11 3.81E-13 1.04E-17 1.23E-41 1.25E-76 1.42-108 1.37E-15 7.33E-23 5.73E-65 4.17E-06 7.48E-09 9.86E-26 1.96E-13 1.61E-07 2.79E-10
  2.68E+06 2.34E-24 2.60E-28 2.04E-17 6.72E-12 2.45E-13 8.29E-18 1.80E-41 1.94E-76 1.42-108 1.30E-15 5.54E-23 9.90E-65 4.70E-06 7.34E-09 2.85E-24 2.47E-13 1.46E-07 2.96E-10
  2.78E+06 2.92E-24 3.94E-28 1.69E-17 3.41E-12 2.18E-13 6.25E-18 2.30E-41 2.30E-76 1.42-108 1.23E-15 4.00E-23 1.39E-64 5.20E-06 6.99E-09 5.58E-23 3.03E-13 1.32E-07 2.98E-10
  2.88E+06 3.44E-24 5.62E-28 1.37E-17 1.75E-12 3.68E-13 4.52E-18 2.63E-41 2.18E-76 1.41-108 1.18E-15 2.75E-23 1.65E-64 5.64E-06 6.44E-09 7.65E-22 3.63E-13 1.19E-07 2.86E-10
  2.98E+06 3.80E-24 7.50E-28 1.08E-17 9.08E-13 9.05E-13 3.10E-18 2.64E-41 1.59E-76 1.41-108 1.13E-15 1.78E-23 1.60E-64 6.01E-06 5.73E-09 7.60E-21 4.24E-13 1.05E-07 2.61E-10
  3.08E+06 3.97E-24 9.52E-28 8.32E-18 4.82E-13 1.33E-12 2.04E-18 2.38E-41 9.48E-77 1.40-108 1.10E-15 1.07E-23 1.34E-64 6.28E-06 4.92E-09 5.63E-20 4.82E-13 9.25E-08 2.27E-10
  3.18E+06 4.02E-24 1.17E-27 6.46E-18 2.67E-13 1.54E-12 1.32E-18 2.03E-41 5.02E-77 1.40-108 1.11E-15 6.01E-24 1.03E-64 6.45E-06 4.08E-09 3.20E-19 5.33E-13 8.06E-08 1.88E-10
  3.28E+06 3.97E-24 1.42E-27 5.08E-18 1.56E-13 1.66E-12 8.47E-19 1.65E-41 2.43E-77 1.39-108 1.14E-15 3.10E-24 7.39E-65 6.54E-06 3.27E-09 1.44E-18 5.75E-13 6.96E-08 1.48E-10
  3.38E+06 3.89E-24 1.71E-27 4.12E-18 9.62E-14 1.71E-12 5.47E-19 1.34E-41 1.17E-77 1.39-108 1.20E-15 1.47E-24 5.29E-65 6.55E-06 2.55E-09 5.31E-18 6.02E-13 5.96E-08 1.12E-10
  3.48E+06 3.88E-24 2.12E-27 3.53E-18 6.44E-14 1.75E-12 3.67E-19 1.13E-41 6.13E-78 1.38-108 1.28E-15 6.33E-25 4.07E-65 6.50E-06 1.95E-09 1.64E-17 6.15E-13 5.06E-08 8.14E-11
  3.58E+06 4.00E-24 2.73E-27 3.23E-18 4.72E-14 1.76E-12 2.59E-19 1.03E-41 3.77E-78 1.38-108 1.38E-15 2.49E-25 3.55E-65 6.43E-06 1.46E-09 4.36E-17 6.14E-13 4.27E-08 5.70E-11
  3.68E+06 4.32E-24 3.73E-27 3.21E-18 3.81E-14 1.77E-12 1.95E-19 1.04E-41 2.86E-78 1.37-108 1.46E-15 9.01E-26 3.64E-65 6.33E-06 1.09E-09 1.02E-16 5.99E-13 3.59E-08 3.86E-11
  3.78E+06 4.85E-24 5.32E-27 3.41E-18 3.34E-14 1.77E-12 1.55E-19 1.14E-41 2.57E-78 1.37-108 1.48E-15 3.01E-26 4.25E-65 6.21E-06 8.00E-10 2.16E-16 5.71E-13 3.02E-08 2.53E-11
  3.88E+06 5.55E-24 7.78E-27 3.79E-18 3.11E-14 1.78E-12 1.28E-19 1.30E-41 2.52E-78 1.36-108 1.43E-15 9.21E-27 5.33E-65 6.06E-06 5.83E-10 4.18E-16 5.32E-13 2.53E-08 1.60E-11
  3.98E+06 6.37E-24 1.15E-26 4.31E-18 2.99E-14 1.78E-12 1.07E-19 1.50E-41 2.52E-78 1.35-108 1.34E-15 2.61E-27 6.81E-65 5.89E-06 4.19E-10 7.50E-16 4.82E-13 2.13E-08 9.83E-12
  4.08E+06 7.25E-24 1.68E-26 4.96E-18 2.94E-14 1.78E-12 8.98E-20 1.70E-41 2.45E-78 1.35-108 1.22E-15 6.86E-28 8.57E-65 5.67E-06 2.96E-10 1.26E-15 4.25E-13 1.79E-08 5.85E-12
  4.18E+06 8.18E-24 2.43E-26 5.73E-18 2.92E-14 1.77E-12 7.60E-20 1.89E-41 2.31E-78 1.34-108 1.09E-15 1.66E-28 1.05E-64 5.41E-06 2.02E-10 2.02E-15 3.61E-13 1.50E-08 3.39E-12
  4.28E+06 9.18E-24 3.49E-26 6.65E-18 2.91E-14 1.77E-12 6.52E-20 2.08E-41 2.14E-78 1.33-108 9.67E-16 3.80E-29 1.27E-64 5.12E-06 1.34E-10 3.10E-15 2.95E-13 1.27E-08 1.92E-12
  4.38E+06 1.03E-23 4.95E-26 7.74E-18 2.91E-14 1.77E-12 5.71E-20 2.29E-41 1.99E-78 1.33-108 8.52E-16 8.52E-30 1.52E-64 4.80E-06 8.54E-11 4.59E-15 2.32E-13 1.07E-08 1.08E-12
  4.48E+06 1.15E-23 6.98E-26 9.08E-18 2.91E-14 1.77E-12 5.14E-20 2.57E-41 1.93E-78 1.32-108 7.48E-16 2.16E-30 1.86E-64 4.46E-06 5.27E-11 6.66E-15 1.76E-13 9.17E-09 6.01E-13
  4.58E+06 1.28E-23 9.84E-26 1.07E-17 2.91E-14 1.77E-12 4.79E-20 2.96E-41 1.99E-78 1.31-108 6.53E-16 8.19E-31 2.33E-64 4.12E-06 3.15E-11 9.49E-15 1.28E-13 7.85E-09 3.35E-13
  4.68E+06 1.44E-23 1.39E-25 1.29E-17 2.92E-14 1.77E-12 4.61E-20 3.51E-41 2.18E-78 1.31-108 5.69E-16 5.54E-31 3.04E-64 3.79E-06 1.86E-11 1.34E-14 9.10E-14 6.77E-09 1.88E-13
  4.78E+06 1.62E-23 1.96E-25 1.56E-17 2.92E-14 1.77E-12 4.59E-20 4.30E-41 2.55E-78 1.30-108 4.94E-16 5.10E-31 4.12E-64 3.48E-06 1.08E-11 1.90E-14 6.32E-14 5.89E-09 1.07E-13
  4.88E+06 1.82E-23 2.77E-25 1.90E-17 2.93E-14 1.77E-12 4.68E-20 5.38E-41 3.14E-78 1.29-108 4.28E-16 5.20E-31 5.72E-64 3.19E-06 6.27E-12 2.66E-14 4.32E-14 5.15E-09 6.09E-14
  4.98E+06 2.02E-23 3.91E-25 2.32E-17 2.93E-14 1.77E-12 4.84E-20 6.81E-41 3.94E-78 1.29-108 3.70E-16 5.52E-31 8.00E-64 2.91E-06 3.62E-12 3.68E-14 2.92E-14 4.54E-09 3.49E-14
  5.08E+06 2.23E-23 5.49E-25 2.82E-17 2.93E-14 1.77E-12 5.04E-20 8.61E-41 4.93E-78 1.28-108 3.18E-16 6.00E-31 1.11E-63 2.65E-06 2.09E-12 5.00E-14 1.96E-14 4.04E-09 2.01E-14
  5.18E+06 2.44E-23 7.66E-25 3.43E-17 2.94E-14 1.76E-12 5.27E-20 1.09E-40 6.15E-78 1.27-108 2.72E-16 6.66E-31 1.53E-63 2.40E-06 1.20E-12 6.71E-14 1.31E-14 3.61E-09 1.16E-14
  5.28E+06 2.65E-23 1.07E-24 4.15E-17 2.94E-14 1.76E-12 5.53E-20 1.37E-40 7.65E-78 1.27-108 2.32E-16 7.54E-31 2.10E-63 2.18E-06 6.94E-13 8.88E-14 8.69E-15 3.24E-09 6.76E-15
  5.38E+06 2.86E-23 1.48E-24 5.03E-17 2.94E-14 1.76E-12 5.83E-20 1.73E-40 9.49E-78 1.26-108 1.98E-16 8.71E-31 2.87E-63 1.97E-06 4.02E-13 1.16E-13 5.76E-15 2.93E-09 3.95E-15
  5.48E+06 3.07E-23 2.05E-24 6.09E-17 2.94E-14 1.76E-12 6.16E-20 2.18E-40 1.18E-77 1.25-108 1.69E-16 1.02E-30 3.90E-63 1.79E-06 2.33E-13 1.51E-13 3.82E-15 2.66E-09 2.32E-15
  5.58E+06 3.29E-23 2.83E-24 7.37E-17 2.94E-14 1.76E-12 6.52E-20 2.75E-40 1.46E-77 1.24-108 1.44E-16 1.22E-30 5.29E-63 1.62E-06 1.36E-13 1.93E-13 2.53E-15 2.42E-09 1.37E-15
  5.68E+06 3.53E-23 3.90E-24 8.91E-17 2.94E-14 1.76E-12 6.93E-20 3.48E-40 1.81E-77 1.23-108 1.23E-16 1.47E-30 7.18E-63 1.47E-06 7.94E-14 2.47E-13 1.68E-15 2.22E-09 8.09E-16
  5.78E+06 3.79E-23 5.39E-24 1.08E-16 2.94E-14 1.76E-12 7.39E-20 4.41E-40 2.26E-77 1.23-108 1.05E-16 1.78E-30 9.76E-63 1.33E-06 4.67E-14 3.13E-13 1.12E-15 2.03E-09 4.82E-16
  5.88E+06 4.08E-23 7.44E-24 1.30E-16 2.93E-14 1.75E-12 7.91E-20 5.63E-40 2.84E-77 1.22-108 9.01E-17 2.17E-30 1.33E-62 1.20E-06 2.76E-14 3.95E-13 7.44E-16 1.87E-09 2.89E-16
  5.98E+06 4.41E-23 1.03E-23 1.58E-16 2.93E-14 1.75E-12 8.51E-20 7.23E-40 3.64E-77 1.21-108 7.71E-17 2.67E-30 1.83E-62 1.09E-06 1.64E-14 4.96E-13 4.97E-16 1.73E-09 1.74E-16
  6.08E+06 4.80E-23 1.42E-23 1.91E-16 2.93E-14 1.75E-12 9.20E-20 9.38E-40 4.73E-77 1.20-108 6.60E-17 3.28E-30 2.53E-62 9.84E-07 9.86E-15 6.20E-13 3.33E-16 1.60E-09 1.06E-16
  6.18E+06 5.27E-23 1.96E-23 2.31E-16 2.92E-14 1.75E-12 1.00E-19 1.23E-39 6.30E-77 1.19-108 5.65E-17 4.03E-30 3.55E-62 8.87E-07 5.96E-15 7.72E-13 2.24E-16 1.48E-09 6.49E-17
  6.28E+06 5.85E-23 2.72E-23 2.81E-16 2.91E-14 1.74E-12 1.09E-19 1.64E-39 8.58E-77 1.17-108 4.84E-17 4.96E-30 5.03E-62 7.97E-07 3.64E-15 9.57E-13 1.51E-16 1.38E-09 4.02E-17
  6.38E+06 6.55E-23 3.76E-23 3.40E-16 2.91E-14 1.74E-12 1.20E-19 2.21E-39 1.20E-76 1.16-108 4.15E-17 6.09E-30 7.22E-62 7.15E-07 2.25E-15 1.18E-12 1.03E-16 1.29E-09 2.52E-17
  6.48E+06 7.41E-23 5.21E-23 4.13E-16 2.90E-14 1.74E-12 1.33E-19 3.01E-39 1.71E-76 1.15-108 3.55E-17 7.45E-30 1.05E-61 6.40E-07 1.40E-15 1.46E-12 7.07E-17 1.20E-09 1.60E-17
  6.58E+06 8.45E-23 7.22E-23 5.00E-16 2.88E-14 1.73E-12 1.47E-19 4.14E-39 2.48E-76 1.13-108 3.03E-17 9.10E-30 1.53E-61 5.71E-07 8.85E-16 1.79E-12 4.89E-17 1.12E-09 1.02E-17
  6.68E+06 9.73E-23 1.00E-22 6.07E-16 2.87E-14 1.73E-12 1.64E-19 5.75E-39 3.67E-76 1.12-108 2.59E-17 1.11E-29 2.26E-61 5.09E-07 5.66E-16 2.19E-12 3.42E-17 1.05E-09 6.65E-18
  6.78E+06 1.13E-22 1.38E-22 7.34E-16 2.86E-14 1.73E-12 1.83E-19 8.06E-39 5.51E-76 1.10-108 2.21E-17 1.35E-29 3.35E-61 4.52E-07 3.67E-16 2.68E-12 2.41E-17 9.87E-10 4.38E-18
  6.88E+06 1.33E-22 1.91E-22 8.87E-16 2.84E-14 1.72E-12 2.04E-19 1.15E-38 8.49E-76 1.09-108 1.88E-17 1.64E-29 5.02E-61 4.00E-07 2.42E-16 3.26E-12 1.72E-17 9.27E-10 2.93E-18
  6.98E+06 1.61E-22 2.64E-22 1.07E-15 2.81E-14 1.72E-12 2.31E-19 1.67E-38 1.38E-75 1.07-108 1.60E-17 2.00E-29 7.70E-61 3.51E-07 1.63E-16 3.96E-12 1.25E-17 8.72E-10 2.01E-18
  7.08E+06 2.03E-22 3.63E-22 1.28E-15 2.79E-14 1.71E-12 2.68E-19 2.57E-38 2.48E-75 1.05-108 1.35E-17 2.49E-29 1.24E-60 3.05E-07 1.15E-16 4.78E-12 9.22E-18 8.21E-10 1.45E-18
  7.18E+06 2.75E-22 4.97E-22 1.53E-15 2.76E-14 1.70E-12 3.23E-19 4.31E-38 5.27E-75 1.03-108 1.14E-17 3.19E-29 2.15E-60 2.58E-07 8.62E-17 5.74E-12 7.05E-18 7.73E-10 1.12E-18
  7.28E+06 4.08E-22 6.74E-22 1.80E-15 2.72E-14 1.70E-12 4.08E-19 7.96E-38 1.36E-74 1.01-108 9.61E-18 4.27E-29 4.07E-60 2.14E-07 7.01E-17 6.83E-12 5.62E-18 7.28E-10 9.43E-19
  7.38E+06 6.54E-22 9.03E-22 2.10E-15 2.69E-14 1.69E-12 5.35E-19 1.60E-37 4.14E-74 9.82-109 8.08E-18 5.97E-29 8.28E-60 1.73E-07 6.15E-17 8.02E-12 4.68E-18 6.86E-10 8.66E-19
  7.48E+06 1.05E-21 1.18E-21 2.36E-15 2.65E-14 1.68E-12 6.84E-19 3.11E-37 1.17E-73 9.57-109 6.81E-18 8.67E-29 1.57E-59 1.37E-07 5.59E-17 9.05E-12 3.94E-18 6.47E-10 8.14E-19
  7.58E+06 1.65E-21 1.50E-21 2.61E-15 2.62E-14 1.67E-12 8.44E-19 5.74E-37 2.99E-73 9.30-109 5.76E-18 1.29E-28 2.77E-59 1.08E-07 5.08E-17 1.00E-11 3.32E-18 6.09E-10 7.56E-19
  7.68E+06 2.52E-21 1.92E-21 2.87E-15 2.58E-14 1.66E-12 1.00E-18 1.01E-36 6.85E-73 9.01-109 4.93E-18 1.93E-28 4.61E-59 8.61E-08 4.56E-17 1.11E-11 2.80E-18 5.73E-10 6.86E-19
  7.78E+06 3.80E-21 2.42E-21 3.12E-15 2.55E-14 1.65E-12 1.17E-18 1.71E-36 1.47E-72 8.70-109 4.29E-18 2.84E-28 7.36E-59 6.88E-08 4.02E-17 1.23E-11 2.35E-18 5.39E-10 6.13E-19
  7.88E+06 5.72E-21 3.03E-21 3.37E-15 2.51E-14 1.63E-12 1.32E-18 2.80E-36 2.95E-72 8.37-109 3.87E-18 4.09E-28 1.13E-58 5.49E-08 3.42E-17 1.36E-11 1.99E-18 5.06E-10 5.35E-19
  7.98E+06 6.89E-21 3.82E-21 3.67E-15 2.47E-14 1.62E-12 1.26E-18 3.32E-36 3.09E-72 8.02-109 3.72E-18 5.69E-28 1.26E-58 4.74E-08 2.47E-17 1.56E-11 1.58E-18 4.75E-10 3.81E-19
  8.08E+06 3.70E-21 5.19E-21 4.30E-15 2.39E-14 1.60E-12 7.12E-19 1.36E-36 3.90E-73 7.65-109 3.98E-18 7.59E-28 5.24E-59 5.43E-08 1.24E-17 2.00E-11 9.64E-19 4.45E-10 1.55E-19
  8.18E+06 7.92E-22 7.42E-21 5.31E-15 2.27E-14 1.58E-12 2.24E-19 1.74E-37 4.78E-75 7.26-109 4.89E-18 9.45E-28 7.14E-60 8.26E-08 4.46E-18 2.82E-11 4.02E-19 4.15E-10 3.50E-20
  8.28E+06 1.23E-22 1.03E-20 6.38E-15 2.15E-14 1.56E-12 5.82E-20 1.51E-38 2.71E-77 6.83-109 6.57E-18 1.05E-27 6.46E-61 1.33E-07 1.40E-18 3.96E-11 1.47E-19 3.87E-10 6.03E-21
  8.38E+06 2.02E-23 1.38E-20 7.36E-15 2.02E-14 1.54E-12 1.58E-20 1.48E-39 1.92E-79 6.39-109 8.93E-18 1.03E-27 6.30E-62 2.02E-07 4.22E-19 5.43E-11 6.84E-20 3.59E-10 1.03E-21
  8.48E+06 3.86E-24 1.80E-20 8.26E-15 1.91E-14 1.51E-12 4.82E-21 1.81E-40 2.16E-81 5.92-109 1.17E-17 9.28E-28 7.52E-63 2.87E-07 1.27E-19 7.37E-11 4.34E-20 3.33E-10 2.08E-22
  8.58E+06 8.62E-25 2.30E-20 9.10E-15 1.80E-14 1.48E-12 1.64E-21 2.81E-41 3.88E-83 5.43-109 1.45E-17 7.94E-28 1.11E-63 3.83E-07 3.96E-20 1.01E-10 3.29E-20 3.08E-10 5.54E-23
  8.68E+06 2.22E-25 2.90E-20 9.89E-15 1.69E-14 1.44E-12 6.22E-22 5.35E-42 1.09E-84 4.93-109 1.71E-17 6.70E-28 1.99E-64 4.84E-07 1.32E-20 1.41E-10 2.70E-20 2.83E-10 1.90E-23
  8.78E+06 6.48E-26 3.62E-20 1.06E-14 1.58E-14 1.40E-12 2.57E-22 1.23E-42 4.93E-86 4.42-109 1.90E-17 5.67E-28 4.26E-65 5.83E-07 4.89E-21 2.04E-10 2.30E-20 2.60E-10 7.74E-24
  8.88E+06 2.12E-26 4.49E-20 1.13E-14 1.47E-14 1.36E-12 1.16E-22 3.32E-43 4.20E-87 3.91-109 2.01E-17 4.82E-28 1.07E-65 6.73E-07 2.10E-21 3.15E-10 2.02E-20 2.39E-10 3.48E-24
  8.98E+06 7.68E-27 5.52E-20 1.20E-14 1.37E-14 1.31E-12 5.58E-23 1.06E-43 6.99E-88 3.40-109 2.03E-17 4.14E-28 3.15E-66 7.49E-07 1.04E-21 5.34E-10 1.81E-20 2.18E-10 1.67E-24
  9.08E+06 3.05E-27 6.76E-20 1.26E-14 1.26E-14 1.26E-12 2.87E-23 4.04E-44 1.86E-88 2.91-109 1.96E-17 3.60E-28 1.09E-66 8.04E-07 5.68E-22 1.02E-09 1.64E-20 1.99E-10 8.43E-25
  9.18E+06 1.31E-27 8.24E-20 1.32E-14 1.15E-14 1.20E-12 1.56E-23 1.86E-44 6.73E-89 2.45-109 1.83E-17 3.16E-28 4.60E-67 8.36E-07 3.30E-22 2.16E-09 1.48E-20 1.81E-10 4.38E-25
  9.28E+06 6.10E-28 1.00E-19 1.38E-14 1.04E-14 1.14E-12 8.96E-24 1.07E-44 3.10E-89 2.02-109 1.65E-17 2.82E-28 2.39E-67 8.44E-07 1.95E-22 4.93E-09 1.33E-20 1.65E-10 2.31E-25
  9.38E+06 3.02E-28 1.21E-19 1.42E-14 9.38E-15 1.07E-12 5.37E-24 7.47E-45 1.76E-89 1.63-109 1.44E-17 2.55E-28 1.52E-67 8.30E-07 1.14E-22 1.16E-08 1.15E-20 1.49E-10 1.21E-25
  9.48E+06 1.58E-28 1.45E-19 1.47E-14 8.35E-15 1.00E-12 3.34E-24 6.14E-45 1.17E-89 1.28-109 1.21E-17 2.37E-28 1.12E-67 7.97E-07 6.55E-23 2.70E-08 9.64E-21 1.35E-10 6.28E-26
  9.58E+06 8.73E-29 1.73E-19 1.50E-14 7.35E-15 9.27E-13 2.16E-24 5.60E-45 8.55E-90 9.82-110 9.98E-18 2.25E-28 9.16E-68 7.48E-07 3.63E-23 6.13E-08 7.71E-21 1.23E-10 3.18E-26
  9.68E+06 5.07E-29 2.06E-19 1.52E-14 6.40E-15 8.52E-13 1.43E-24 5.44E-45 6.59E-90 7.33-110 8.02E-18 2.22E-28 7.93E-68 6.87E-07 1.94E-23 1.33E-07 5.95E-21 1.12E-10 1.58E-26
  9.78E+06 3.08E-29 2.44E-19 1.54E-14 5.51E-15 7.75E-13 9.82E-25 5.48E-45 5.21E-90 5.32-110 6.37E-18 2.30E-28 7.08E-68 6.18E-07 1.02E-23 2.73E-07 4.48E-21 1.03E-10 7.78E-27
  9.88E+06 1.98E-29 2.85E-19 1.54E-14 4.71E-15 6.98E-13 6.95E-25 5.66E-45 4.16E-90 3.75-110 5.09E-18 2.58E-28 6.42E-68 5.43E-07 5.37E-24 5.32E-07 3.34E-21 9.53E-11 3.89E-27
  9.98E+06 1.36E-29 3.30E-19 1.52E-14 4.09E-15 6.21E-13 5.12E-25 5.92E-45 3.27E-90 2.58-110 4.27E-18 3.17E-28 5.82E-68 4.63E-07 3.31E-24 9.81E-07 2.48E-21 9.03E-11 2.23E-27

 TP, TL
           1.77E+08 1.49E+03 2.24E+08 6.87E+11 6.92E+09 9.06E+07 8.64E-17 1.82E-40 1.65E-94 6.92E+09 1.02E-05 4.23E-37 2.33E+15 1.52E+10 1.48E+08 4.31E+10 3.77E+05 3.26E+10
           1.77E+08 1.49E+03 2.24E+08 6.94E+11 6.82E+09 8.05E+07 8.64E-17 1.82E-40 1.65E-94 6.92E+09 1.02E-05 4.23E-37 2.33E+15 1.51E+10 2.48E+08 4.31E+10 1.08E+09 3.26E+10

     Z        N2O5     CO2      SO4AER   S8AER   
  2.50E+04 9.26E-18 2.25E-04 2.10E-10 1.00E-38
  7.50E+04 1.24E-17 2.25E-04 2.22E-10 1.00E-38
  1.25E+05 1.81E-17 2.25E-04 2.46E-10 1.00E-38
  1.75E+05 2.85E-17 2.25E-04 2.83E-10 1.00E-38
  2.75E+05 8.30E-17 2.25E-04 3.88E-10 1.00E-38
  3.75E+05 2.67E-16 2.25E-04 5.20E-10 1.00E-38
  4.75E+05 8.77E-16 2.25E-04 6.70E-10 1.00E-38
  5.75E+05 2.21E-15 2.25E-04 8.31E-10 1.00E-38
  6.75E+05 3.69E-15 2.25E-04 1.00E-09 1.00E-38
  7.75E+05 4.94E-15 2.25E-04 1.19E-09 1.00E-38
  8.75E+05 6.13E-15 2.25E-04 1.38E-09 1.00E-38
  9.75E+05 7.05E-15 2.25E-04 1.58E-09 1.00E-38
  1.08E+06 7.67E-15 2.25E-04 1.84E-09 1.00E-38
  1.18E+06 9.68E-15 2.25E-04 2.47E-09 1.00E-38
  1.28E+06 1.53E-14 2.25E-04 3.52E-09 1.00E-38
  1.38E+06 3.51E-14 2.25E-04 5.17E-09 1.00E-38
  1.48E+06 9.58E-14 2.25E-04 6.92E-09 1.00E-38
  1.58E+06 2.54E-13 2.25E-04 8.19E-09 1.00E-38
  1.68E+06 6.04E-13 2.25E-04 8.67E-09 1.00E-38
  1.78E+06 1.21E-12 2.26E-04 8.33E-09 1.00E-38
  1.88E+06 2.14E-12 2.26E-04 7.39E-09 1.00E-38
  1.98E+06 3.41E-12 2.26E-04 6.20E-09 1.00E-38
  2.08E+06 4.93E-12 2.26E-04 5.06E-09 1.00E-38
  2.18E+06 6.73E-12 2.26E-04 4.09E-09 1.00E-38
  2.28E+06 8.75E-12 2.26E-04 3.31E-09 1.00E-38
  2.38E+06 1.09E-11 2.26E-04 2.70E-09 1.00E-38
  2.48E+06 1.32E-11 2.26E-04 2.22E-09 1.00E-38
  2.58E+06 1.52E-11 2.26E-04 1.84E-09 1.00E-38
  2.68E+06 1.68E-11 2.26E-04 1.54E-09 1.00E-38
  2.78E+06 1.75E-11 2.26E-04 1.30E-09 1.00E-38
  2.88E+06 1.72E-11 2.26E-04 1.11E-09 1.00E-38
  2.98E+06 1.59E-11 2.26E-04 9.50E-10 1.00E-38
  3.08E+06 1.38E-11 2.26E-04 8.22E-10 1.00E-38
  3.18E+06 1.12E-11 2.26E-04 7.15E-10 1.00E-38
  3.28E+06 8.55E-12 2.26E-04 6.16E-10 1.00E-38
  3.38E+06 6.16E-12 2.26E-04 5.26E-10 1.00E-38
  3.48E+06 4.21E-12 2.26E-04 4.46E-10 1.00E-38
  3.58E+06 2.74E-12 2.26E-04 3.75E-10 1.00E-38
  3.68E+06 1.69E-12 2.26E-04 3.13E-10 1.00E-38
  3.78E+06 1.00E-12 2.26E-04 2.61E-10 1.00E-38
  3.88E+06 5.61E-13 2.26E-04 2.15E-10 1.00E-38
  3.98E+06 2.97E-13 2.26E-04 1.77E-10 1.00E-38
  4.08E+06 1.48E-13 2.26E-04 1.44E-10 1.00E-38
  4.18E+06 6.95E-14 2.26E-04 1.17E-10 1.00E-38
  4.28E+06 3.06E-14 2.26E-04 9.46E-11 1.00E-38
  4.38E+06 1.28E-14 2.26E-04 7.62E-11 1.00E-38
  4.48E+06 5.12E-15 2.26E-04 6.12E-11 1.00E-38
  4.58E+06 2.00E-15 2.26E-04 4.87E-11 1.00E-38
  4.68E+06 7.72E-16 2.26E-04 3.87E-11 1.00E-38
  4.78E+06 2.96E-16 2.26E-04 3.06E-11 1.00E-38
  4.88E+06 1.12E-16 2.26E-04 2.40E-11 1.00E-38
  4.98E+06 4.24E-17 2.26E-04 1.87E-11 1.00E-38
  5.08E+06 1.59E-17 2.26E-04 1.45E-11 1.00E-38
  5.18E+06 5.92E-18 2.26E-04 1.11E-11 1.00E-38
  5.28E+06 2.21E-18 2.26E-04 8.37E-12 1.00E-38
  5.38E+06 8.30E-19 2.26E-04 6.22E-12 1.00E-38
  5.48E+06 3.12E-19 2.26E-04 4.54E-12 1.00E-38
  5.58E+06 1.18E-19 2.26E-04 3.24E-12 1.00E-38
  5.68E+06 4.50E-20 2.26E-04 2.26E-12 1.00E-38
  5.78E+06 1.72E-20 2.26E-04 1.53E-12 1.00E-38
  5.88E+06 6.63E-21 2.26E-04 1.00E-12 1.00E-38
  5.98E+06 2.57E-21 2.26E-04 6.33E-13 1.00E-38
  6.08E+06 1.01E-21 2.26E-04 3.84E-13 1.00E-38
  6.18E+06 3.98E-22 2.26E-04 2.23E-13 1.00E-38
  6.28E+06 1.59E-22 2.25E-04 1.22E-13 1.00E-38
  6.38E+06 6.48E-23 2.25E-04 6.33E-14 1.00E-38
  6.48E+06 2.67E-23 2.25E-04 3.06E-14 1.00E-38
  6.58E+06 1.12E-23 2.25E-04 1.37E-14 1.00E-38
  6.68E+06 4.82E-24 2.25E-04 5.62E-15 1.00E-38
  6.78E+06 2.10E-24 2.25E-04 2.08E-15 1.00E-38
  6.88E+06 9.41E-25 2.25E-04 6.86E-16 1.00E-38
  6.98E+06 4.34E-25 2.24E-04 1.98E-16 1.00E-38
  7.08E+06 2.10E-25 2.24E-04 4.89E-17 1.00E-38
  7.18E+06 1.10E-25 2.24E-04 1.01E-17 1.00E-38
  7.28E+06 6.30E-26 2.24E-04 1.69E-18 1.00E-38
  7.38E+06 3.98E-26 2.23E-04 2.18E-19 1.00E-38
  7.48E+06 2.59E-26 2.23E-04 2.07E-20 1.00E-38
  7.58E+06 1.67E-26 2.22E-04 1.32E-21 1.00E-38
  7.68E+06 1.06E-26 2.22E-04 5.02E-23 1.00E-38
  7.78E+06 6.64E-27 2.21E-04 9.40E-25 1.00E-38
  7.88E+06 4.09E-27 2.21E-04 5.55E-27 1.00E-38
  7.98E+06 2.09E-27 2.20E-04 5.38E-31 1.00E-38
  8.08E+06 6.19E-28 2.19E-04 5.54E-33 1.00E-38
  8.18E+06 9.91E-29 2.18E-04 2.78E-35 1.00E-38
  8.28E+06 1.19E-29 2.17E-04 6.07E-38 1.00E-38
  8.38E+06 1.47E-30 2.16E-04 1.00E-38 1.00E-38
  8.48E+06 2.65E-31 2.15E-04 1.00E-38 1.00E-38
  8.58E+06 8.76E-32 2.13E-04 1.00E-38 1.00E-38
  8.68E+06 4.28E-32 2.12E-04 1.00E-38 1.00E-38
  8.78E+06 2.45E-32 2.10E-04 1.00E-38 1.00E-38
  8.88E+06 1.51E-32 2.08E-04 1.00E-38 1.00E-38
  8.98E+06 9.78E-33 2.06E-04 1.00E-38 1.00E-38
  9.08E+06 6.53E-33 2.04E-04 1.00E-38 1.00E-38
  9.18E+06 4.40E-33 2.01E-04 1.00E-38 1.00E-38
  9.28E+06 2.92E-33 1.98E-04 1.00E-38 1.00E-38
  9.38E+06 1.85E-33 1.95E-04 1.00E-38 1.00E-38
  9.48E+06 1.09E-33 1.91E-04 1.00E-38 1.00E-38
  9.58E+06 6.00E-34 1.88E-04 1.00E-38 1.00E-38
  9.68E+06 3.08E-34 1.83E-04 1.00E-38 1.00E-38
  9.78E+06 1.52E-34 1.79E-04 1.00E-38 1.00E-38
  9.88E+06 7.38E-35 1.75E-04 1.00E-38 1.00E-38
  9.98E+06 3.83E-35 1.70E-04 1.00E-38 1.00E-38

 TP, TL
           3.46E+08 2.81E+11 6.61E+09 0.00E+00
           3.46E+08 9.51E+08 6.53E+09 1.70E-19

     TP = 0.000E+00  TL = 1.702E-19


 OZONE COLUMN DEPTH =  5.9208E+18


 O2, CO, CH4 COLUMN DEPTHs =      4.527E+24     1.677E+18     3.767E+19

 SULFUR COLUMN DEPTHS:  H2S = 2.921E+13  SO2 = 9.314E+15  S2 = 2.145E-12  S4 = 1.563E-39  S8 = 0.000E+00

 SCALED AEROSOL EXTINCTION OPTICAL DEPTHS
     SULFATE = 7.065E-02     S8(VIS) = 2.002E-30     S8(UV) = 4.004E-30

 FH2O AT COLD TRAP = 6.443E-06

 NUMBER DENSITIES OF LONG-LIVED SPECIES


     Z        O        O2       H2O      H        OH       HO2      H2O2     H2       CO       HCO      H2CO     CH4      CH3      C2H6     NO       NO2      HNO      H2S     
  2.50E+04 8.39E+02 5.22E+18 2.85E+17 1.18E-01 1.24E+06 2.90E+08 2.85E+10 1.32E+13 2.74E+12 4.88E-03 6.50E+09 4.48E+13 4.25E-02 2.09E-07 6.18E+07 1.34E+08 3.49E+02 2.08E+08
  1.25E+05 1.01E+03 4.72E+18 1.80E+17 1.26E-01 1.31E+06 2.71E+08 2.78E+10 1.19E+13 2.33E+12 4.98E-03 5.52E+09 4.04E+13 3.92E-02 1.89E-07 6.79E+07 1.28E+08 2.60E+02 8.66E+07
  2.25E+05 1.26E+03 4.26E+18 1.09E+17 1.33E-01 1.39E+06 2.44E+08 2.49E+10 1.08E+13 1.99E+12 4.73E-03 4.37E+09 3.64E+13 3.60E-02 1.71E-07 8.00E+07 1.34E+08 1.44E+02 3.55E+07
  3.25E+05 1.60E+03 3.85E+18 6.04E+16 1.39E-01 1.46E+06 2.11E+08 2.06E+10 9.73E+12 1.69E+12 4.32E-03 3.37E+09 3.28E+13 3.22E-02 1.55E-07 9.87E+07 1.46E+08 7.66E+01 1.44E+07
  4.25E+05 2.02E+03 3.46E+18 3.14E+16 1.42E-01 1.49E+06 1.74E+08 1.57E+10 8.77E+12 1.44E+12 3.78E-03 2.52E+09 2.95E+13 2.77E-02 1.41E-07 1.23E+08 1.59E+08 4.04E+01 5.87E+06
  5.25E+05 2.48E+03 3.12E+18 1.48E+16 1.35E-01 1.44E+06 1.37E+08 1.12E+10 7.91E+12 1.23E+12 2.98E-03 1.76E+09 2.65E+13 2.15E-02 1.29E-07 1.43E+08 1.55E+08 2.03E+01 2.47E+06
  6.25E+05 2.94E+03 2.81E+18 6.16E+15 1.13E-01 1.22E+06 1.01E+08 7.56E+09 7.14E+12 1.06E+12 2.00E-03 1.10E+09 2.39E+13 1.41E-02 1.19E-07 1.40E+08 1.23E+08 9.23E+00 1.12E+06
  7.25E+05 3.41E+03 2.54E+18 2.25E+15 8.93E-02 9.79E+05 7.09E+07 4.84E+09 6.43E+12 9.15E+11 1.22E-03 6.36E+08 2.15E+13 8.41E-03 1.11E-07 1.37E+08 9.30E+07 4.49E+00 5.44E+05
  8.25E+05 3.88E+03 2.28E+18 7.17E+14 7.94E-02 8.88E+05 4.61E+07 2.93E+09 5.79E+12 7.92E+11 8.01E-04 3.75E+08 1.94E+13 5.39E-03 1.05E-07 1.81E+08 9.13E+07 3.01E+00 2.77E+05
  9.25E+05 4.33E+03 2.05E+18 1.99E+14 7.79E-02 8.85E+05 2.82E+07 1.72E+09 5.19E+12 6.87E+11 5.68E-04 2.31E+08 1.74E+13 3.64E-03 9.95E-08 2.76E+08 9.94E+07 2.40E+00 1.46E+05
  1.02E+06 5.01E+03 1.81E+18 6.68E+13 7.84E-02 8.69E+05 1.77E+07 9.88E+08 4.59E+12 5.89E+11 4.25E-04 1.49E+08 1.53E+13 2.64E-03 9.46E-08 3.77E+08 1.01E+08 1.77E+00 7.96E+04
  1.12E+06 6.69E+03 1.56E+18 3.68E+13 7.92E-02 8.03E+05 1.14E+07 4.86E+08 3.95E+12 4.86E+11 3.43E-04 1.04E+08 1.32E+13 2.32E-03 9.40E-08 4.69E+08 1.09E+08 1.08E+00 3.81E+04
  1.22E+06 1.07E+04 1.33E+18 2.50E+13 6.76E-02 6.38E+05 5.70E+06 1.45E+08 3.38E+12 3.84E+11 2.51E-04 6.76E+07 1.13E+13 1.86E-03 1.14E-07 6.40E+08 1.56E+08 5.11E-01 1.23E+04
  1.32E+06 1.88E+04 1.14E+18 2.13E+13 5.05E-02 4.48E+05 2.54E+06 3.10E+07 2.88E+12 2.97E+11 1.66E-04 4.03E+07 9.57E+12 1.36E-03 1.60E-07 8.89E+08 2.56E+08 2.18E-01 3.51E+03
  1.42E+06 3.71E+04 9.67E+17 1.82E+13 3.56E-02 3.07E+05 1.12E+06 4.19E+06 2.45E+12 2.19E+11 1.11E-04 2.39E+07 8.07E+12 1.01E-03 2.55E-07 1.26E+09 4.96E+08 7.50E-02 8.06E+02
  1.52E+06 6.92E+04 8.21E+17 1.57E+13 3.12E-02 2.61E+05 7.19E+05 7.92E+05 2.07E+12 1.59E+11 9.79E-05 1.79E+07 6.78E+12 9.74E-04 3.74E-07 1.60E+09 8.19E+08 2.71E-02 1.79E+02
  1.62E+06 1.24E+05 6.97E+17 1.35E+13 3.04E-02 2.51E+05 5.77E+05 3.51E+05 1.75E+12 1.13E+11 9.97E-05 1.52E+07 5.65E+12 1.07E-03 5.18E-07 1.87E+09 1.22E+09 1.79E-02 3.55E+01
  1.72E+06 2.13E+05 5.91E+17 1.16E+13 3.22E-02 2.60E+05 5.46E+05 2.83E+05 1.48E+12 8.00E+10 1.11E-04 1.40E+07 4.69E+12 1.29E-03 6.75E-07 2.05E+09 1.62E+09 2.27E-02 6.38E+00
  1.82E+06 3.49E+05 5.01E+17 1.01E+13 3.64E-02 2.84E+05 5.84E+05 3.01E+05 1.24E+12 5.65E+10 1.31E-04 1.36E+07 3.88E+12 1.65E-03 8.34E-07 2.14E+09 1.97E+09 3.20E-02 1.06E+00
  1.92E+06 5.53E+05 4.25E+17 8.74E+12 4.36E-02 3.23E+05 6.83E+05 3.81E+05 1.04E+12 4.03E+10 1.60E-04 1.36E+07 3.19E+12 2.18E-03 9.96E-07 2.15E+09 2.25E+09 3.88E-02 1.59E-01
  2.02E+06 8.55E+05 3.60E+17 7.59E+12 5.53E-02 3.80E+05 8.54E+05 5.48E+05 8.75E+11 2.93E+10 2.01E-04 1.39E+07 2.61E+12 2.98E-03 1.15E-06 2.09E+09 2.44E+09 3.84E-02 2.21E-02
  2.12E+06 1.29E+06 3.05E+17 6.59E+12 7.40E-02 4.58E+05 1.11E+06 8.49E+05 7.33E+11 2.19E+10 2.58E-04 1.44E+07 2.14E+12 4.15E-03 1.31E-06 2.01E+09 2.56E+09 3.60E-02 2.85E-03
  2.22E+06 1.92E+06 2.59E+17 5.73E+12 1.04E-01 5.62E+05 1.48E+06 1.36E+06 6.13E+11 1.68E+10 3.36E-04 1.51E+07 1.75E+12 5.87E-03 1.47E-06 1.93E+09 2.65E+09 3.32E-02 3.33E-04
  2.32E+06 2.80E+06 2.20E+17 4.98E+12 1.50E-01 7.01E+05 1.97E+06 2.17E+06 5.13E+11 1.32E+10 4.42E-04 1.58E+07 1.42E+12 8.40E-03 1.65E-06 1.86E+09 2.71E+09 3.13E-02 3.92E-05
  2.42E+06 4.04E+06 1.87E+17 4.34E+12 2.26E-01 8.84E+05 2.61E+06 3.37E+06 4.29E+11 1.07E+10 5.87E-04 1.65E+07 1.16E+12 1.21E-02 1.86E-06 1.81E+09 2.76E+09 3.08E-02 9.79E-06
  2.52E+06 5.73E+06 1.59E+17 3.78E+12 3.49E-01 1.12E+06 3.39E+06 5.01E+06 3.59E+11 8.75E+09 7.84E-04 1.72E+07 9.46E+11 1.75E-02 2.13E-06 1.79E+09 2.80E+09 3.23E-02 8.23E-06
  2.62E+06 8.02E+06 1.35E+17 3.30E+12 5.55E-01 1.43E+06 4.32E+06 7.09E+06 3.00E+11 7.30E+09 1.05E-03 1.78E+07 7.70E+11 2.55E-02 2.47E-06 1.78E+09 2.83E+09 3.64E-02 8.77E-06
  2.72E+06 1.11E+07 1.15E+17 2.88E+12 9.07E-01 1.81E+06 5.39E+06 9.49E+06 2.50E+11 6.16E+09 1.39E-03 1.82E+07 6.25E+11 3.70E-02 2.94E-06 1.78E+09 2.82E+09 4.35E-02 8.81E-06
  2.82E+06 1.51E+07 9.83E+16 2.51E+12 1.52E+00 2.26E+06 6.53E+06 1.19E+07 2.09E+11 5.25E+09 1.84E-03 1.83E+07 5.07E+11 5.34E-02 3.57E-06 1.79E+09 2.78E+09 5.40E-02 8.24E-06
  2.92E+06 2.04E+07 8.39E+16 2.19E+12 2.63E+00 2.79E+06 7.68E+06 1.40E+07 1.74E+11 4.51E+09 2.39E-03 1.82E+07 4.10E+11 7.67E-02 4.45E-06 1.79E+09 2.69E+09 6.84E-02 7.19E-06
  3.02E+06 2.72E+07 7.16E+16 1.91E+12 4.63E+00 3.36E+06 8.74E+06 1.55E+07 1.44E+11 3.90E+09 3.04E-03 1.77E+07 3.30E+11 1.09E-01 5.71E-06 1.79E+09 2.55E+09 8.69E-02 5.84E-06
  3.12E+06 3.60E+07 6.12E+16 1.67E+12 8.29E+00 3.95E+06 9.63E+06 1.61E+07 1.20E+11 3.40E+09 3.77E-03 1.70E+07 2.66E+11 1.53E-01 7.46E-06 1.76E+09 2.37E+09 1.10E-01 4.50E-06
  3.22E+06 4.73E+07 5.23E+16 1.46E+12 1.50E+01 4.54E+06 1.03E+07 1.58E+07 9.91E+10 2.98E+09 4.58E-03 1.60E+07 2.13E+11 2.12E-01 9.89E-06 1.72E+09 2.14E+09 1.37E-01 3.36E-06
  3.32E+06 6.17E+07 4.48E+16 1.27E+12 2.71E+01 5.11E+06 1.07E+07 1.47E+07 8.21E+10 2.62E+09 5.42E-03 1.49E+07 1.71E+11 2.89E-01 1.33E-05 1.66E+09 1.88E+09 1.69E-01 2.44E-06
  3.42E+06 8.01E+07 3.84E+16 1.12E+12 4.91E+01 5.66E+06 1.08E+07 1.32E+07 6.80E+10 2.30E+09 6.28E-03 1.37E+07 1.37E+11 3.87E-01 1.81E-05 1.59E+09 1.62E+09 2.05E-01 1.77E-06
  3.52E+06 1.04E+08 3.30E+16 9.77E+11 8.90E+01 6.20E+06 1.08E+07 1.15E+07 5.64E+10 2.03E+09 7.16E-03 1.25E+07 1.09E+11 5.11E-01 2.46E-05 1.50E+09 1.35E+09 2.45E-01 1.32E-06
  3.62E+06 1.34E+08 2.85E+16 8.57E+11 1.62E+02 6.77E+06 1.06E+07 9.75E+06 4.69E+10 1.78E+09 8.09E-03 1.12E+07 8.74E+10 6.68E-01 3.33E-05 1.40E+09 1.11E+09 2.90E-01 1.02E-06
  3.72E+06 1.73E+08 2.46E+16 7.52E+11 2.95E+02 7.38E+06 1.02E+07 8.07E+06 3.91E+10 1.56E+09 9.08E-03 1.00E+07 7.00E+10 8.68E-01 4.47E-05 1.29E+09 8.86E+08 3.40E-01 8.19E-07
  3.82E+06 2.24E+08 2.13E+16 6.60E+11 5.41E+02 8.07E+06 9.77E+06 6.55E+06 3.27E+10 1.37E+09 1.02E-02 8.88E+06 5.61E+10 1.12E+00 5.97E-05 1.19E+09 6.91E+08 3.97E-01 6.77E-07
  3.92E+06 2.91E+08 1.84E+16 5.80E+11 9.97E+02 8.86E+06 9.28E+06 5.26E+06 2.75E+10 1.20E+09 1.14E-02 7.83E+06 4.51E+10 1.44E+00 7.93E-05 1.09E+09 5.25E+08 4.61E-01 5.65E-07
  4.02E+06 3.78E+08 1.60E+16 5.10E+11 1.84E+03 9.75E+06 8.79E+06 4.20E+06 2.32E+10 1.05E+09 1.28E-02 6.85E+06 3.64E+10 1.86E+00 1.04E-04 9.90E+08 3.87E+08 5.32E-01 4.72E-07
  4.12E+06 4.91E+08 1.40E+16 4.49E+11 3.40E+03 1.07E+07 8.32E+06 3.37E+06 1.98E+10 9.18E+08 1.43E-02 5.94E+06 2.94E+10 2.37E+00 1.35E-04 8.94E+08 2.75E+08 6.07E-01 3.95E-07
  4.22E+06 6.36E+08 1.22E+16 3.96E+11 6.19E+03 1.17E+07 7.90E+06 2.73E+06 1.70E+10 8.05E+08 1.58E-02 5.09E+06 2.38E+10 2.98E+00 1.74E-04 8.01E+08 1.89E+08 6.77E-01 3.31E-07
  4.32E+06 8.15E+08 1.07E+16 3.49E+11 1.09E+04 1.25E+07 7.53E+06 2.25E+06 1.47E+10 7.07E+08 1.72E-02 4.29E+06 1.95E+10 3.66E+00 2.19E-04 7.11E+08 1.25E+08 7.34E-01 2.81E-07
  4.42E+06 1.03E+09 9.36E+15 3.08E+11 1.86E+04 1.31E+07 7.19E+06 1.89E+06 1.29E+10 6.24E+08 1.82E-02 3.57E+06 1.60E+10 4.36E+00 2.69E-04 6.24E+08 8.07E+07 7.69E-01 2.42E-07
  4.52E+06 1.26E+09 8.23E+15 2.73E+11 2.99E+04 1.35E+07 6.86E+06 1.61E+06 1.14E+10 5.53E+08 1.87E-02 2.93E+06 1.33E+10 5.02E+00 3.24E-04 5.42E+08 5.08E+07 7.77E-01 2.13E-07
  4.62E+06 1.51E+09 7.26E+15 2.41E+11 4.57E+04 1.35E+07 6.53E+06 1.38E+06 1.02E+10 4.94E+08 1.86E-02 2.38E+06 1.11E+10 5.58E+00 3.81E-04 4.67E+08 3.15E+07 7.59E-01 1.90E-07
  4.72E+06 1.76E+09 6.41E+15 2.14E+11 6.65E+04 1.33E+07 6.19E+06 1.19E+06 9.18E+09 4.44E+08 1.80E-02 1.92E+06 9.37E+09 5.99E+00 4.39E-04 3.99E+08 1.94E+07 7.20E-01 1.72E-07
  4.82E+06 2.01E+09 5.68E+15 1.90E+11 9.26E+04 1.29E+07 5.83E+06 1.03E+06 8.37E+09 4.04E+08 1.70E-02 1.54E+06 7.96E+09 6.25E+00 4.99E-04 3.40E+08 1.19E+07 6.68E-01 1.57E-07
  4.92E+06 2.23E+09 5.03E+15 1.68E+11 1.24E+05 1.23E+07 5.46E+06 8.92E+05 7.68E+09 3.73E+08 1.58E-02 1.24E+06 6.80E+09 6.38E+00 5.61E-04 2.87E+08 7.35E+06 6.07E-01 1.44E-07
  5.02E+06 2.44E+09 4.45E+15 1.49E+11 1.62E+05 1.15E+07 5.08E+06 7.65E+05 7.08E+09 3.48E+08 1.45E-02 9.91E+05 5.84E+09 6.45E+00 6.25E-04 2.42E+08 4.54E+06 5.42E-01 1.30E-07
  5.12E+06 2.63E+09 3.94E+15 1.31E+11 2.06E+05 1.08E+07 4.69E+06 6.52E+05 6.55E+09 3.31E+08 1.32E-02 7.95E+05 5.03E+09 6.47E+00 6.94E-04 2.03E+08 2.83E+06 4.78E-01 1.16E-07
  5.22E+06 2.79E+09 3.48E+15 1.16E+11 2.58E+05 9.94E+06 4.30E+06 5.51E+05 6.09E+09 3.19E+08 1.19E-02 6.37E+05 4.34E+09 6.46E+00 7.67E-04 1.69E+08 1.77E+06 4.17E-01 1.03E-07
  5.32E+06 2.94E+09 3.08E+15 1.02E+11 3.18E+05 9.13E+06 3.93E+06 4.64E+05 5.67E+09 3.14E+08 1.07E-02 5.10E+05 3.76E+09 6.42E+00 8.45E-04 1.41E+08 1.11E+06 3.61E-01 9.09E-08
  5.42E+06 3.07E+09 2.72E+15 9.01E+10 3.88E+05 8.35E+06 3.58E+06 3.89E+05 5.29E+09 3.13E+08 9.56E-03 4.09E+05 3.26E+09 6.35E+00 9.27E-04 1.17E+08 7.02E+05 3.10E-01 7.94E-08
  5.52E+06 3.20E+09 2.40E+15 7.93E+10 4.70E+05 7.61E+06 3.26E+06 3.26E+05 4.95E+09 3.17E+08 8.52E-03 3.27E+05 2.82E+09 6.27E+00 1.01E-03 9.73E+07 4.46E+05 2.65E-01 6.91E-08
  5.62E+06 3.31E+09 2.11E+15 6.96E+10 5.66E+05 6.93E+06 2.95E+06 2.72E+05 4.64E+09 3.25E+08 7.57E-03 2.61E+05 2.45E+09 6.17E+00 1.10E-03 8.05E+07 2.84E+05 2.26E-01 5.99E-08
  5.72E+06 3.41E+09 1.86E+15 6.11E+10 6.79E+05 6.31E+06 2.68E+06 2.28E+05 4.35E+09 3.36E+08 6.72E-03 2.09E+05 2.13E+09 6.06E+00 1.20E-03 6.64E+07 1.82E+05 1.92E-01 5.19E-08
  5.82E+06 3.50E+09 1.64E+15 5.35E+10 8.14E+05 5.74E+06 2.43E+06 1.90E+05 4.09E+09 3.49E+08 5.96E-03 1.67E+05 1.85E+09 5.93E+00 1.29E-03 5.47E+07 1.17E+05 1.63E-01 4.50E-08
  5.92E+06 3.59E+09 1.44E+15 4.69E+10 9.74E+05 5.23E+06 2.21E+06 1.60E+05 3.85E+09 3.66E+08 5.27E-03 1.33E+05 1.61E+09 5.78E+00 1.39E-03 4.50E+07 7.56E+04 1.38E-01 3.92E-08
  6.02E+06 3.66E+09 1.27E+15 4.10E+10 1.17E+06 4.76E+06 2.01E+06 1.34E+05 3.63E+09 3.83E+08 4.65E-03 1.06E+05 1.39E+09 5.62E+00 1.48E-03 3.69E+07 4.91E+04 1.17E-01 3.44E-08
  6.12E+06 3.73E+09 1.12E+15 3.57E+10 1.39E+06 4.35E+06 1.83E+06 1.13E+05 3.42E+09 4.02E+08 4.09E-03 8.43E+04 1.21E+09 5.43E+00 1.58E-03 3.02E+07 3.21E+04 9.92E-02 3.04E-08
  6.22E+06 3.78E+09 9.79E+14 3.11E+10 1.67E+06 3.98E+06 1.67E+06 9.62E+04 3.23E+09 4.22E+08 3.59E-03 6.70E+04 1.05E+09 5.21E+00 1.67E-03 2.47E+07 2.11E+04 8.43E-02 2.72E-08
  6.32E+06 3.83E+09 8.59E+14 2.71E+10 2.00E+06 3.64E+06 1.53E+06 8.19E+04 3.05E+09 4.42E+08 3.14E-03 5.31E+04 9.06E+08 4.96E+00 1.77E-03 2.02E+07 1.40E+04 7.17E-02 2.46E-08
  6.42E+06 3.86E+09 7.53E+14 2.35E+10 2.40E+06 3.34E+06 1.40E+06 7.01E+04 2.89E+09 4.62E+08 2.74E-03 4.20E+04 7.83E+08 4.68E+00 1.86E-03 1.65E+07 9.38E+03 6.11E-02 2.25E-08
  6.52E+06 3.89E+09 6.60E+14 2.04E+10 2.88E+06 3.07E+06 1.29E+06 6.02E+04 2.73E+09 4.82E+08 2.39E-03 3.31E+04 6.75E+08 4.37E+00 1.95E-03 1.34E+07 6.35E+03 5.21E-02 2.07E-08
  6.62E+06 3.90E+09 5.78E+14 1.76E+10 3.47E+06 2.83E+06 1.18E+06 5.20E+04 2.59E+09 5.01E+08 2.08E-03 2.61E+04 5.81E+08 4.03E+00 2.03E-03 1.09E+07 4.34E+03 4.46E-02 1.93E-08
  6.72E+06 3.92E+09 5.05E+14 1.52E+10 4.18E+06 2.61E+06 1.09E+06 4.50E+04 2.45E+09 5.19E+08 1.81E-03 2.05E+04 4.99E+08 3.68E+00 2.11E-03 8.89E+06 3.00E+03 3.83E-02 1.82E-08
  6.82E+06 3.93E+09 4.41E+14 1.31E+10 5.07E+06 2.41E+06 1.01E+06 3.93E+04 2.32E+09 5.36E+08 1.59E-03 1.61E+04 4.27E+08 3.33E+00 2.19E-03 7.23E+06 2.09E+03 3.29E-02 1.73E-08
  6.92E+06 3.92E+09 3.85E+14 1.12E+10 6.16E+06 2.24E+06 9.40E+05 3.49E+04 2.20E+09 5.52E+08 1.46E-03 1.29E+04 3.64E+08 3.02E+00 2.27E-03 5.89E+06 1.49E+03 2.85E-02 1.69E-08
  7.02E+06 3.88E+09 3.36E+14 9.61E+09 7.53E+06 2.10E+06 8.86E+05 3.18E+04 2.09E+09 5.67E+08 1.47E-03 1.08E+04 3.10E+08 2.83E+00 2.34E-03 4.80E+06 1.08E+03 2.51E-02 1.74E-08
  7.12E+06 3.79E+09 2.93E+14 8.20E+09 9.31E+06 2.01E+06 8.53E+05 3.03E+04 1.98E+09 5.80E+08 1.75E-03 1.01E+04 2.62E+08 2.92E+00 2.40E-03 3.91E+06 8.17E+02 2.26E-02 1.95E-08
  7.22E+06 3.62E+09 2.55E+14 6.96E+09 1.17E+07 1.98E+06 8.48E+05 3.06E+04 1.88E+09 5.91E+08 2.51E-03 1.10E+04 2.21E+08 3.50E+00 2.46E-03 3.20E+06 6.52E+02 2.12E-02 2.44E-08
  7.32E+06 3.39E+09 2.21E+14 5.88E+09 1.49E+07 2.01E+06 8.75E+05 3.27E+04 1.79E+09 6.01E+08 4.00E-03 1.38E+04 1.85E+08 4.88E+00 2.51E-03 2.63E+06 5.53E+02 2.06E-02 3.39E-08
  7.42E+06 3.14E+09 1.92E+14 4.94E+09 1.93E+07 2.09E+06 9.25E+05 3.61E+04 1.70E+09 6.09E+08 6.49E-03 1.86E+04 1.54E+08 7.36E+00 2.55E-03 2.17E+06 4.90E+02 2.07E-02 4.93E-08
  7.52E+06 2.93E+09 1.66E+14 4.12E+09 2.56E+07 2.18E+06 9.75E+05 3.96E+04 1.60E+09 6.13E+08 1.03E-02 2.48E+04 1.26E+08 1.11E+01 2.55E-03 1.79E+06 4.35E+02 2.09E-02 6.97E-08
  7.62E+06 2.78E+09 1.43E+14 3.41E+09 3.43E+07 2.27E+06 1.02E+06 4.31E+04 1.51E+09 6.17E+08 1.53E-02 3.17E+04 1.03E+08 1.58E+01 2.54E-03 1.49E+06 3.82E+02 2.12E-02 9.50E-08
  7.72E+06 2.68E+09 1.24E+14 2.80E+09 4.63E+07 2.35E+06 1.06E+06 4.60E+04 1.42E+09 6.19E+08 2.17E-02 3.85E+04 8.39E+07 2.09E+01 2.47E-03 1.25E+06 3.30E+02 2.15E-02 1.25E-07
  7.82E+06 2.62E+09 1.07E+14 2.29E+09 6.37E+07 2.46E+06 1.11E+06 4.78E+04 1.33E+09 6.19E+08 2.89E-02 4.39E+04 6.76E+07 2.58E+01 2.33E-03 1.06E+06 2.84E+02 2.21E-02 1.57E-07
  7.92E+06 2.68E+09 9.21E+13 1.86E+09 9.17E+07 2.57E+06 1.15E+06 4.58E+04 1.24E+09 6.18E+08 3.66E-02 4.65E+04 5.41E+07 2.88E+01 2.10E-03 9.01E+05 2.32E+02 2.28E-02 1.70E-07
  8.02E+06 3.44E+09 7.96E+13 1.49E+09 1.39E+08 2.33E+06 1.01E+06 3.50E+04 1.15E+09 6.16E+08 4.46E-02 4.33E+04 4.29E+07 2.47E+01 1.79E-03 7.74E+05 1.37E+02 2.02E-02 1.07E-07
  8.12E+06 6.36E+09 6.87E+13 1.18E+09 2.10E+08 1.53E+06 6.21E+05 1.87E+04 1.04E+09 6.12E+08 5.37E-02 3.24E+04 3.38E+07 1.40E+01 1.44E-03 6.71E+05 4.44E+01 1.24E-02 2.72E-08
  8.22E+06 1.39E+10 5.93E+13 9.19E+08 2.90E+08 8.44E+05 2.97E+05 7.53E+03 9.31E+08 6.05E+08 6.27E-02 1.88E+04 2.64E+07 6.31E+00 1.12E-03 5.88E+05 1.08E+01 5.97E-03 3.47E-09
  8.32E+06 2.85E+10 5.12E+13 7.09E+08 3.59E+08 4.81E+05 1.35E+05 2.59E+03 8.22E+08 5.94E+08 6.86E-02 9.56E+03 2.04E+07 2.88E+00 8.51E-04 5.24E+05 3.32E+00 2.78E-03 2.92E-10
  8.42E+06 5.27E+10 4.42E+13 5.41E+08 4.09E+08 2.95E+05 6.23E+04 8.03E+02 7.19E+08 5.79E+08 7.14E-02 4.91E+03 1.56E+07 1.41E+00 6.30E-04 4.77E+05 1.58E+00 1.35E-03 1.80E-11
  8.52E+06 8.77E+10 3.81E+13 4.09E+08 4.38E+08 1.92E+05 2.99E+04 2.29E+02 6.26E+08 5.60E+08 7.13E-02 2.65E+03 1.19E+07 7.49E-01 4.53E-04 4.44E+05 1.04E+00 6.98E-04 8.79E-13
  8.62E+06 1.34E+11 3.29E+13 3.07E+08 4.47E+08 1.30E+05 1.49E+04 5.99E+01 5.43E+08 5.38E+08 6.87E-02 1.51E+03 8.98E+06 4.22E-01 3.16E-04 4.24E+05 7.92E-01 3.85E-04 3.97E-14
  8.72E+06 1.91E+11 2.83E+13 2.29E+08 4.41E+08 8.97E+04 7.72E+03 1.45E+01 4.70E+08 5.13E+08 6.39E-02 8.99E+02 6.74E+06 2.50E-01 2.14E-04 4.15E+05 6.49E-01 2.26E-04 2.27E-15
  8.82E+06 2.57E+11 2.44E+13 1.69E+08 4.24E+08 6.27E+04 4.12E+03 3.24E+00 4.06E+08 4.85E+08 5.75E-02 5.58E+02 5.02E+06 1.54E-01 1.41E-04 4.17E+05 5.55E-01 1.40E-04 2.02E-16
  8.92E+06 3.27E+11 2.10E+13 1.24E+08 4.00E+08 4.40E+04 2.26E+03 6.84E-01 3.51E+08 4.56E+08 5.03E-02 3.58E+02 3.72E+06 9.89E-02 8.99E-05 4.28E+05 4.87E-01 9.18E-05 2.49E-17
  9.02E+06 4.00E+11 1.81E+13 9.09E+07 3.70E+08 3.09E+04 1.28E+03 1.40E-01 3.02E+08 4.26E+08 4.29E-02 2.37E+02 2.75E+06 6.54E-02 5.60E-05 4.46E+05 4.36E-01 6.28E-05 3.76E-18
  9.12E+06 4.71E+11 1.55E+13 6.62E+07 3.39E+08 2.17E+04 7.40E+02 2.93E-02 2.60E+08 3.95E+08 3.59E-02 1.62E+02 2.02E+06 4.45E-02 3.41E-05 4.68E+05 3.94E-01 4.44E-05 6.65E-19
  9.22E+06 5.36E+11 1.33E+13 4.80E+07 3.07E+08 1.51E+04 4.37E+02 6.59E-03 2.24E+08 3.65E+08 2.97E-02 1.13E+02 1.48E+06 3.11E-02 2.04E-05 4.89E+05 3.54E-01 3.19E-05 1.34E-19
  9.32E+06 5.93E+11 1.14E+13 3.47E+07 2.76E+08 1.05E+04 2.64E+02 1.69E-03 1.93E+08 3.35E+08 2.43E-02 8.10E+01 1.08E+06 2.23E-02 1.21E-05 5.00E+05 3.12E-01 2.29E-05 3.06E-20
  9.42E+06 6.40E+11 9.80E+12 2.51E+07 2.47E+08 7.28E+03 1.62E+02 5.00E-04 1.67E+08 3.05E+08 1.99E-02 5.95E+01 7.93E+05 1.64E-02 7.10E-06 4.94E+05 2.66E-01 1.62E-05 7.72E-21
  9.52E+06 6.75E+11 8.39E+12 1.82E+07 2.19E+08 5.01E+03 1.01E+02 1.68E-04 1.44E+08 2.77E+08 1.65E-02 4.49E+01 5.85E+05 1.23E-02 4.18E-06 4.67E+05 2.17E-01 1.12E-05 2.14E-21
  9.62E+06 6.98E+11 7.18E+12 1.33E+07 1.94E+08 3.44E+03 6.40E+01 6.17E-05 1.24E+08 2.49E+08 1.38E-02 3.50E+01 4.36E+05 9.63E-03 2.48E-06 4.24E+05 1.70E-01 7.53E-06 6.49E-22
  9.72E+06 7.06E+11 6.14E+12 9.90E+06 1.70E+08 2.35E+03 4.12E+01 2.44E-05 1.07E+08 2.23E+08 1.19E-02 2.85E+01 3.32E+05 7.84E-03 1.52E-06 3.73E+05 1.29E-01 4.99E-06 2.14E-22
  9.82E+06 7.01E+11 5.25E+12 7.60E+06 1.49E+08 1.60E+03 2.70E+01 1.03E-05 9.23E+07 1.98E+08 1.08E-02 2.47E+01 2.62E+05 6.78E-03 9.79E-07 3.23E+05 9.69E-02 3.31E-06 7.71E-23
  9.92E+06 6.77E+11 4.49E+12 6.12E+06 1.31E+08 1.08E+03 1.81E+01 4.85E-06 7.97E+07 1.75E+08 1.06E-02 2.37E+01 2.16E+05 6.48E-03 6.97E-07 2.78E+05 7.21E-02 2.23E-06 3.12E-23

     Z        HS       S        SO       SO2      H2SO4    HSO      S2       S4       S8       SO3      OCS      S3       O3       HNO3     N        NO3      N2O      HO2NO2  
  2.50E+04 3.74E+02 2.36E-13 3.73E+00 1.54E+09 1.06E+08 1.01E+07 2.02E-17 2.19E-44 3.62E-89 4.34E-02 7.83E-03 1.10E-41 3.37E+11 8.42E+08 2.57-209 1.27E+04 7.46E+12 2.94E+06
  1.25E+05 1.74E+02 5.61E-14 2.48E+00 2.78E+09 1.96E+08 6.77E+06 6.01E-18 1.72E-45 3.27E-89 1.36E-01 7.08E-03 6.71E-43 3.41E+11 9.58E+08 9.52-196 1.12E+04 6.74E+12 5.63E+06
  2.25E+05 7.92E+01 1.28E-14 1.48E+00 3.50E+09 2.73E+08 3.18E+06 1.19E-18 5.93E-47 2.96E-89 3.11E-01 6.38E-03 2.62E-44 3.60E+11 1.13E+09 1.76-182 1.12E+04 6.09E+12 1.23E+07
  3.25E+05 3.48E+01 2.73E-15 8.42E-01 3.94E+09 3.30E+08 1.37E+06 1.93E-19 1.39E-48 2.67E-89 7.21E-01 5.75E-03 7.89E-46 3.85E+11 1.29E+09 1.53-169 1.18E+04 5.49E+12 2.88E+07
  4.25E+05 1.50E+01 5.61E-16 4.78E-01 4.23E+09 3.64E+08 5.81E+05 2.79E-20 2.57E-50 2.40E-89 1.68E+00 5.18E-03 2.04E-47 4.12E+11 1.38E+09 6.06-157 1.23E+04 4.95E+12 7.12E+07
  5.25E+05 6.28E+00 1.09E-16 2.72E-01 4.46E+09 3.68E+08 2.51E+05 3.68E-21 3.97E-52 2.16E-89 3.99E+00 4.66E-03 4.57E-49 4.35E+11 1.38E+09 9.99-145 1.18E+04 4.46E+12 1.74E+08
  6.25E+05 2.50E+00 1.94E-17 1.54E-01 4.65E+09 3.41E+08 1.16E+05 4.50E-22 5.29E-54 1.95E-89 9.37E+00 4.20E-03 8.73E-51 4.52E+11 1.30E+09 6.06-133 1.03E+04 4.02E+12 3.43E+08
  7.25E+05 1.03E+00 3.72E-18 9.37E-02 4.78E+09 3.03E+08 5.71E+04 5.19E-23 6.24E-56 1.76E-89 2.34E+01 3.78E-03 1.69E-52 4.63E+11 1.20E+09 1.17-121 9.15E+03 3.62E+12 4.77E+08
  8.25E+05 4.99E-01 1.04E-18 7.05E-02 4.79E+09 2.80E+08 2.90E+04 5.71E-24 6.71E-58 1.58E-89 7.38E+01 3.40E-03 4.56E-54 4.68E+11 1.11E+09 6.14-111 8.92E+03 3.25E+12 4.89E+08
  9.25E+05 2.80E-01 4.01E-19 6.38E-02 4.69E+09 2.69E+08 1.51E+04 6.15E-25 6.90E-60 1.42E-89 2.87E+02 3.05E-03 1.67E-55 4.67E+11 1.04E+09 7.49-101 9.00E+03 2.92E+12 4.07E+08
  1.02E+06 1.61E-01 1.80E-19 5.49E-02 4.51E+09 2.53E+08 8.14E+03 6.29E-26 6.32E-62 1.25E-89 9.06E+02 2.69E-03 6.66E-57 4.58E+11 9.84E+08 2.24E-91 8.81E+03 2.58E+12 3.02E+08
  1.12E+06 7.55E-02 7.84E-20 3.17E-02 4.43E+09 2.27E+08 3.96E+03 4.25E-27 2.46E-64 1.08E-89 1.94E+03 2.31E-03 1.65E-58 4.60E+11 9.76E+08 6.12E-82 7.79E+03 2.22E+12 2.10E+08
  1.22E+06 1.83E-02 5.03E-20 1.50E-02 4.97E+09 1.97E+08 1.35E+03 2.11E-28 5.12E-67 9.23E-90 3.11E+03 1.97E-03 4.44E-60 5.39E+11 1.18E+09 6.26E-72 7.10E+03 1.89E+12 1.45E+08
  1.32E+06 3.19E-03 5.54E-19 4.44E-02 5.92E+09 1.60E+08 4.03E+02 2.86E-28 7.99E-67 7.87E-90 3.10E+03 1.66E-03 5.58E-59 6.89E+11 1.62E+09 6.43E-62 6.92E+03 1.61E+12 1.13E+08
  1.42E+06 3.86E-04 1.80E-17 2.77E-01 7.15E+09 1.26E+08 8.99E+01 1.10E-27 9.85E-66 6.69E-90 3.19E+03 1.38E-03 5.84E-57 9.72E+11 2.51E+09 9.33E-53 8.48E+03 1.35E+12 1.00E+08
  1.52E+06 5.78E-05 3.81E-16 1.29E+00 7.47E+09 1.06E+08 2.00E+01 3.44E-27 8.17E-65 5.68E-90 3.70E+03 1.14E-03 3.24E-55 1.29E+12 3.56E+09 6.71E-45 1.23E+04 1.13E+12 1.00E+08
  1.62E+06 8.89E-06 5.18E-15 4.51E+00 6.83E+09 8.70E+07 8.64E+00 8.26E-27 3.98E-64 4.82E-90 4.31E+03 9.24E-04 8.91E-54 1.64E+12 4.74E+09 3.29E-38 1.88E+04 9.35E+11 1.08E+08
  1.72E+06 1.40E-06 4.74E-14 1.19E+01 5.43E+09 6.69E+07 1.18E+01 2.09E-26 2.15E-63 4.08E-90 4.80E+03 7.38E-04 1.74E-52 1.98E+12 5.89E+09 1.61E-32 2.76E+04 7.68E+11 1.20E+08
  1.82E+06 2.48E-07 2.97E-13 2.40E+01 3.69E+09 4.63E+07 1.86E+01 6.63E-26 1.81E-62 3.46E-90 4.93E+03 5.80E-04 2.89E-51 2.27E+12 6.83E+09 1.11E-27 3.80E+04 6.27E+11 1.34E+08
  1.92E+06 1.05E-07 1.25E-12 3.54E+01 2.05E+09 2.70E+07 2.37E+01 1.95E-25 1.32E-61 2.92E-90 4.38E+03 4.47E-04 3.01E-50 2.53E+12 7.53E+09 1.46E-23 5.00E+04 5.07E+11 1.51E+08
  2.02E+06 1.49E-07 3.57E-12 3.84E+01 9.17E+08 1.31E+07 2.35E+01 4.36E-25 5.59E-61 2.47E-90 3.31E+03 3.39E-04 1.62E-49 2.72E+12 7.89E+09 4.71E-20 6.29E+04 4.08E+11 1.68E+08
  2.12E+06 2.60E-07 8.54E-12 3.74E+01 3.98E+08 6.27E+06 2.14E+01 8.76E-25 1.90E-60 2.09E-90 2.54E+03 2.53E-04 6.58E-49 2.86E+12 7.91E+09 4.67E-17 7.62E+04 3.26E+11 1.85E+08
  2.22E+06 4.23E-07 1.80E-11 3.40E+01 1.72E+08 3.03E+06 1.85E+01 1.65E-24 5.70E-60 1.77E-90 2.00E+03 1.85E-04 2.20E-48 2.96E+12 7.64E+09 1.73E-14 9.01E+04 2.60E+11 1.99E+08
  2.32E+06 6.33E-07 3.39E-11 2.93E+01 7.47E+07 1.49E+06 1.51E+01 2.95E-24 1.54E-59 1.50E-90 1.60E+03 1.32E-04 6.28E-48 3.00E+12 7.13E+09 2.86E-12 1.04E+05 2.06E+11 2.07E+08
  2.42E+06 8.71E-07 5.82E-11 2.40E+01 3.24E+07 7.41E+05 1.17E+01 4.89E-24 3.60E-59 1.27E-90 1.30E+03 9.24E-05 1.52E-47 3.00E+12 6.44E+09 2.42E-10 1.18E+05 1.62E+11 2.09E+08
  2.52E+06 1.11E-06 9.15E-11 1.89E+01 1.41E+07 3.72E+05 8.64E+00 7.35E-24 6.90E-59 1.08E-90 1.06E+03 6.28E-05 3.04E-47 2.95E+12 5.64E+09 1.18E-08 1.31E+05 1.27E+11 2.01E+08
  2.62E+06 1.31E-06 1.33E-10 1.42E+01 6.09E+06 1.94E+05 6.03E+00 9.78E-24 1.04E-58 9.16E-91 8.58E+02 4.13E-05 4.99E-47 2.86E+12 4.79E+09 3.60E-07 1.42E+05 9.89E+10 1.86E+08
  2.72E+06 1.44E-06 1.77E-10 1.02E+01 2.63E+06 1.19E+05 3.98E+00 1.14E-23 1.19E-58 7.79E-91 6.92E+02 2.60E-05 6.60E-47 2.72E+12 3.95E+09 7.26E-06 1.51E+05 7.65E+10 1.64E+08
  2.82E+06 1.49E-06 2.22E-10 7.16E+00 1.14E+06 1.23E+05 2.50E+00 1.17E-23 1.08E-58 6.62E-91 5.62E+02 1.56E-05 7.24E-47 2.54E+12 3.15E+09 1.01E-04 1.56E+05 5.87E+10 1.38E+08
  2.92E+06 1.46E-06 2.62E-10 4.88E+00 5.03E+05 2.29E+05 1.51E+00 1.07E-23 7.71E-59 5.64E-91 4.60E+02 8.92E-06 6.66E-47 2.33E+12 2.44E+09 1.00E-03 1.57E+05 4.47E+10 1.10E+08
  3.02E+06 1.33E-06 2.90E-10 3.23E+00 2.25E+05 3.94E+05 8.62E-01 8.64E-24 4.28E-59 4.80E-91 3.80E+02 4.75E-06 5.08E-47 2.10E+12 1.82E+09 7.31E-03 1.55E+05 3.37E+10 8.36E+07
  3.12E+06 1.17E-06 3.09E-10 2.13E+00 1.04E+05 4.24E+05 4.80E-01 6.45E-24 2.03E-59 4.09E-91 3.22E+02 2.36E-06 3.44E-47 1.86E+12 1.31E+09 4.04E-02 1.48E+05 2.52E+10 6.05E+07
  3.22E+06 9.99E-07 3.22E-10 1.43E+00 5.05E+04 4.01E+05 2.64E-01 4.58E-24 8.78E-60 3.48E-91 2.80E+02 1.09E-06 2.18E-47 1.62E+12 9.14E+08 1.74E-01 1.39E+05 1.87E+10 4.18E+07
  3.32E+06 8.39E-07 3.32E-10 9.72E-01 2.59E+04 3.61E+05 1.45E-01 3.16E-24 3.58E-60 2.97E-91 2.49E+02 4.60E-07 1.33E-47 1.40E+12 6.19E+08 6.05E-01 1.26E+05 1.38E+10 2.76E+07
  3.42E+06 7.09E-07 3.47E-10 6.93E-01 1.43E+04 3.17E+05 8.16E-02 2.23E-24 1.52E-60 2.54E-91 2.27E+02 1.78E-07 8.39E-48 1.20E+12 4.09E+08 1.74E+00 1.12E+05 1.01E+10 1.76E+07
  3.52E+06 6.17E-07 3.76E-10 5.27E-01 8.57E+03 2.76E+05 4.81E-02 1.67E-24 7.38E-61 2.17E-91 2.10E+02 6.32E-08 5.87E-48 1.02E+12 2.66E+08 4.28E+00 9.70E+04 7.32E+09 1.08E+07
  3.62E+06 5.61E-07 4.30E-10 4.33E-01 5.68E+03 2.40E+05 3.03E-02 1.38E-24 4.35E-61 1.87E-91 1.93E+02 2.05E-08 4.78E-48 8.66E+11 1.71E+08 9.20E+00 8.25E+04 5.31E+09 6.38E+06
  3.72E+06 5.35E-07 5.19E-10 3.85E-01 4.14E+03 2.08E+05 2.03E-02 1.26E-24 3.13E-61 1.60E-91 1.73E+02 6.17E-09 4.55E-48 7.35E+11 1.09E+08 1.77E+01 6.87E+04 3.86E+09 3.67E+06
  3.82E+06 5.26E-07 6.51E-10 3.63E-01 3.25E+03 1.80E+05 1.42E-02 1.23E-24 2.57E-61 1.38E-91 1.48E+02 1.71E-09 4.80E-48 6.22E+11 6.93E+07 3.08E+01 5.60E+04 2.81E+09 2.05E+06
  3.92E+06 5.23E-07 8.30E-10 3.55E-01 2.67E+03 1.56E+05 1.03E-02 1.23E-24 2.22E-61 1.19E-91 1.22E+02 4.35E-10 5.31E-48 5.26E+11 4.35E+07 4.97E+01 4.46E+04 2.04E+09 1.11E+06
  4.02E+06 5.20E-07 1.06E-09 3.53E-01 2.26E+03 1.36E+05 7.48E-03 1.22E-24 1.91E-61 1.03E-91 9.76E+01 1.03E-10 5.87E-48 4.42E+11 2.70E+07 7.50E+01 3.47E+04 1.49E+09 5.82E+05
  4.12E+06 5.14E-07 1.35E-09 3.55E-01 1.95E+03 1.18E+05 5.50E-03 1.20E-24 1.60E-61 8.95E-92 7.67E+01 2.27E-11 6.36E-48 3.69E+11 1.63E+07 1.07E+02 2.61E+04 1.09E+09 2.97E+05
  4.22E+06 5.04E-07 1.70E-09 3.59E-01 1.69E+03 1.03E+05 4.09E-03 1.16E-24 1.30E-61 7.77E-92 5.97E+01 4.64E-12 6.74E-48 3.06E+11 9.61E+06 1.46E+02 1.91E+04 8.02E+08 1.49E+05
  4.32E+06 4.94E-07 2.12E-09 3.65E-01 1.48E+03 9.01E+04 3.10E-03 1.11E-24 1.05E-61 6.77E-92 4.62E+01 9.11E-13 7.08E-48 2.52E+11 5.46E+06 1.93E+02 1.34E+04 5.93E+08 7.33E+04
  4.42E+06 4.84E-07 2.63E-09 3.74E-01 1.30E+03 7.90E+04 2.41E-03 1.08E-24 8.75E-62 5.91E-92 3.56E+01 1.86E-13 7.50E-48 2.07E+11 3.00E+06 2.48E+02 9.05E+03 4.42E+08 3.59E+04
  4.52E+06 4.76E-07 3.25E-09 3.87E-01 1.14E+03 6.95E+04 1.94E-03 1.08E-24 7.64E-62 5.17E-92 2.74E+01 4.85E-14 8.14E-48 1.68E+11 1.60E+06 3.13E+02 5.91E+03 3.33E+08 1.76E+04
  4.62E+06 4.70E-07 4.04E-09 4.06E-01 1.01E+03 6.12E+04 1.62E-03 1.11E-24 7.13E-62 4.54E-92 2.11E+01 2.19E-14 9.17E-48 1.37E+11 8.38E+05 3.91E+02 3.74E+03 2.52E+08 8.67E+03
  4.72E+06 4.66E-07 5.03E-09 4.31E-01 8.93E+02 5.41E+04 1.40E-03 1.18E-24 7.11E-62 3.99E-92 1.62E+01 1.59E-14 1.07E-47 1.11E+11 4.34E+05 4.87E+02 2.32E+03 1.93E+08 4.32E+03
  4.82E+06 4.63E-07 6.30E-09 4.64E-01 7.91E+02 4.78E+04 1.25E-03 1.29E-24 7.57E-62 3.51E-92 1.25E+01 1.38E-14 1.30E-47 9.01E+10 2.23E+05 6.07E+02 1.42E+03 1.49E+08 2.18E+03
  4.92E+06 4.60E-07 7.90E-09 5.02E-01 7.02E+02 4.24E+04 1.14E-03 1.45E-24 8.42E-62 3.09E-92 9.54E+00 1.28E-14 1.62E-47 7.30E+10 1.14E+05 7.51E+02 8.53E+02 1.16E+08 1.10E+03
  5.02E+06 4.52E-07 9.84E-09 5.42E-01 6.22E+02 3.75E+04 1.05E-03 1.62E-24 9.36E-62 2.73E-92 7.27E+00 1.22E-14 2.00E-47 5.89E+10 5.84E+04 9.12E+02 5.08E+02 9.08E+07 5.62E+02
  5.12E+06 4.38E-07 1.22E-08 5.84E-01 5.51E+02 3.31E+04 9.66E-04 1.82E-24 1.03E-61 2.40E-92 5.52E+00 1.18E-14 2.45E-47 4.73E+10 2.98E+04 1.09E+03 3.01E+02 7.16E+07 2.87E+02
  5.22E+06 4.22E-07 1.50E-08 6.26E-01 4.87E+02 2.93E+04 8.95E-04 2.03E-24 1.14E-61 2.11E-92 4.17E+00 1.17E-14 2.98E-47 3.79E+10 1.52E+04 1.28E+03 1.77E+02 5.67E+07 1.47E+02
  5.32E+06 4.04E-07 1.84E-08 6.71E-01 4.31E+02 2.58E+04 8.32E-04 2.26E-24 1.25E-61 1.85E-92 3.15E+00 1.19E-14 3.60E-47 3.04E+10 7.74E+03 1.49E+03 1.04E+02 4.52E+07 7.57E+01
  5.42E+06 3.84E-07 2.25E-08 7.17E-01 3.80E+02 2.28E+04 7.75E-04 2.51E-24 1.37E-61 1.63E-92 2.37E+00 1.22E-14 4.33E-47 2.43E+10 3.96E+03 1.71E+03 6.08E+01 3.61E+07 3.91E+01
  5.52E+06 3.64E-07 2.75E-08 7.65E-01 3.36E+02 2.01E+04 7.24E-04 2.80E-24 1.50E-61 1.43E-92 1.79E+00 1.27E-14 5.19E-47 1.94E+10 2.03E+03 1.95E+03 3.56E+01 2.90E+07 2.03E+01
  5.62E+06 3.44E-07 3.35E-08 8.16E-01 2.96E+02 1.77E+04 6.77E-04 3.12E-24 1.63E-61 1.25E-92 1.34E+00 1.34E-14 6.21E-47 1.55E+10 1.05E+03 2.20E+03 2.08E+01 2.33E+07 1.06E+01
  5.72E+06 3.25E-07 4.07E-08 8.70E-01 2.61E+02 1.56E+04 6.35E-04 3.47E-24 1.79E-61 1.09E-92 1.01E+00 1.43E-14 7.43E-47 1.24E+10 5.40E+02 2.47E+03 1.22E+01 1.88E+07 5.54E+00
  5.82E+06 3.07E-07 4.95E-08 9.26E-01 2.29E+02 1.37E+04 5.98E-04 3.89E-24 1.98E-61 9.55E-93 7.61E-01 1.54E-14 8.90E-47 9.89E+09 2.81E+02 2.75E+03 7.13E+00 1.53E+07 2.91E+00
  5.92E+06 2.91E-07 6.02E-08 9.87E-01 2.02E+02 1.21E+04 5.64E-04 4.38E-24 2.21E-61 8.34E-93 5.73E-01 1.66E-14 1.07E-46 7.88E+09 1.46E+02 3.05E+03 4.18E+00 1.24E+07 1.54E+00
  6.02E+06 2.78E-07 7.31E-08 1.05E+00 1.77E+02 1.06E+04 5.35E-04 4.98E-24 2.50E-61 7.27E-93 4.32E-01 1.79E-14 1.30E-46 6.27E+09 7.69E+01 3.36E+03 2.46E+00 1.01E+07 8.20E-01
  6.12E+06 2.67E-07 8.88E-08 1.12E+00 1.55E+02 9.30E+03 5.10E-04 5.71E-24 2.90E-61 6.33E-93 3.25E-01 1.93E-14 1.59E-46 4.97E+09 4.07E+01 3.68E+03 1.45E+00 8.19E+06 4.40E-01
  6.22E+06 2.59E-07 1.08E-07 1.19E+00 1.36E+02 8.15E+03 4.88E-04 6.62E-24 3.42E-61 5.51E-93 2.44E-01 2.09E-14 1.97E-46 3.93E+09 2.17E+01 4.02E+03 8.59E-01 6.68E+06 2.38E-01
  6.32E+06 2.53E-07 1.31E-07 1.27E+00 1.19E+02 7.14E+03 4.70E-04 7.78E-24 4.14E-61 4.79E-93 1.84E-01 2.25E-14 2.47E-46 3.10E+09 1.17E+01 4.36E+03 5.12E-01 5.46E+06 1.30E-01
  6.42E+06 2.50E-07 1.59E-07 1.35E+00 1.04E+02 6.25E+03 4.54E-04 9.24E-24 5.13E-61 4.15E-93 1.38E-01 2.42E-14 3.12E-46 2.43E+09 6.36E+00 4.72E+03 3.06E-01 4.47E+06 7.19E-02
  6.52E+06 2.49E-07 1.93E-07 1.43E+00 9.10E+01 5.47E+03 4.40E-04 1.11E-23 6.47E-61 3.59E-93 1.03E-01 2.59E-14 3.98E-46 1.90E+09 3.50E+00 5.09E+03 1.85E-01 3.66E+06 4.02E-02
  6.62E+06 2.50E-07 2.34E-07 1.52E+00 7.93E+01 4.77E+03 4.28E-04 1.34E-23 8.31E-61 3.11E-93 7.72E-02 2.77E-14 5.12E-46 1.49E+09 1.95E+00 5.47E+03 1.13E-01 3.00E+06 2.27E-02
  6.72E+06 2.52E-07 2.84E-07 1.61E+00 6.90E+01 4.17E+03 4.17E-04 1.64E-23 1.08E-60 2.68E-93 5.77E-02 2.94E-14 6.62E-46 1.16E+09 1.10E+00 5.85E+03 6.91E-02 2.46E+06 1.30E-02
  6.82E+06 2.58E-07 3.43E-07 1.70E+00 5.99E+01 3.63E+03 4.07E-04 2.02E-23 1.43E-60 2.31E-93 4.30E-02 3.12E-14 8.62E-46 8.96E+08 6.25E-01 6.23E+03 4.28E-02 2.01E+06 7.52E-03
  6.92E+06 2.68E-07 4.14E-07 1.79E+00 5.19E+01 3.16E+03 3.99E-04 2.53E-23 1.97E-60 1.98E-93 3.19E-02 3.32E-14 1.14E-45 6.90E+08 3.64E-01 6.61E+03 2.69E-02 1.65E+06 4.44E-03
  7.02E+06 2.87E-07 4.97E-07 1.88E+00 4.49E+01 2.75E+03 3.97E-04 3.30E-23 2.91E-60 1.70E-93 2.36E-02 3.57E-14 1.55E-45 5.26E+08 2.18E-01 6.98E+03 1.71E-02 1.36E+06 2.72E-03
  7.12E+06 3.27E-07 5.94E-07 1.96E+00 3.87E+01 2.39E+03 4.08E-04 4.59E-23 4.93E-60 1.45E-93 1.74E-02 3.92E-14 2.25E-45 3.93E+08 1.38E-01 7.33E+03 1.12E-02 1.11E+06 1.76E-03
  7.22E+06 4.03E-07 7.04E-07 2.02E+00 3.33E+01 2.07E+03 4.39E-04 7.03E-23 1.00E-59 1.24E-93 1.27E-02 4.46E-14 3.55E-45 2.86E+08 9.35E-02 7.62E+03 7.61E-03 9.12E+05 1.23E-03
  7.32E+06 5.42E-07 8.26E-07 2.06E+00 2.86E+01 1.79E+03 4.92E-04 1.18E-22 2.47E-59 1.05E-93 9.31E-03 5.30E-14 6.10E-45 2.03E+08 6.89E-02 7.84E+03 5.40E-03 7.47E+05 9.47E-04
  7.42E+06 7.65E-07 9.50E-07 2.06E+00 2.45E+01 1.55E+03 5.60E-04 2.07E-22 6.56E-59 8.89E-94 6.80E-03 6.57E-14 1.06E-44 1.41E+08 5.37E-02 7.86E+03 3.95E-03 6.11E+05 7.71E-04
  7.52E+06 1.05E-06 1.05E-06 1.97E+00 2.09E+01 1.33E+03 6.04E-04 3.37E-22 1.50E-58 7.47E-94 4.96E-03 8.36E-14 1.66E-44 9.61E+07 4.23E-02 7.55E+03 2.87E-03 4.97E+05 6.23E-04
  7.62E+06 1.40E-06 1.16E-06 1.87E+00 1.78E+01 1.14E+03 6.33E-04 5.24E-22 3.13E-58 6.26E-94 3.64E-03 1.08E-13 2.46E-44 6.59E+07 3.30E-02 7.23E+03 2.09E-03 4.04E+05 4.94E-04
  7.72E+06 1.83E-06 1.27E-06 1.77E+00 1.52E+01 9.78E+02 6.41E-04 7.76E-22 5.94E-58 5.23E-94 2.71E-03 1.39E-13 3.45E-44 4.55E+07 2.54E-02 6.92E+03 1.51E-03 3.29E+05 3.84E-04
  7.82E+06 2.39E-06 1.38E-06 1.66E+00 1.29E+01 8.38E+02 6.38E-04 1.13E-21 1.09E-57 4.36E-94 2.07E-03 1.75E-13 4.71E-44 3.13E+07 1.91E-02 6.62E+03 1.10E-03 2.67E+05 2.95E-04
  7.92E+06 2.94E-06 1.49E-06 1.55E+00 1.10E+01 7.18E+02 5.94E-04 1.46E-21 1.57E-57 3.62E-94 1.65E-03 2.14E-13 5.68E-44 2.20E+07 1.32E-02 6.37E+03 7.95E-04 2.16E+05 2.09E-04
  8.02E+06 2.20E-06 1.68E-06 1.50E+00 9.28E+00 6.14E+02 3.94E-04 9.62E-22 5.90E-58 2.99E-94 1.44E-03 2.52E-13 3.64E-44 1.85E+07 7.02E-03 6.61E+03 4.93E-04 1.75E+05 1.01E-04
  8.12E+06 6.11E-07 2.04E-06 1.57E+00 7.68E+00 5.25E+02 1.38E-04 1.77E-22 1.74E-59 2.46E-94 1.43E-03 2.82E-13 7.04E-45 2.16E+07 2.52E-03 7.77E+03 2.13E-04 1.42E+05 2.57E-05
  8.22E+06 8.94E-08 2.50E-06 1.66E+00 6.28E+00 4.47E+02 3.26E-05 1.46E-23 1.03E-61 2.00E-94 1.60E-03 2.88E-13 6.17E-46 2.99E+07 7.17E-04 9.53E+03 6.85E-05 1.14E+05 4.20E-06
  8.32E+06 1.21E-08 2.95E-06 1.69E+00 5.12E+00 3.81E+02 7.36E-06 1.13E-24 5.32E-64 1.63E-94 1.89E-03 2.60E-13 4.85E-47 4.07E+07 1.89E-04 1.14E+04 2.37E-05 9.17E+04 6.06E-07
  8.42E+06 1.84E-09 3.36E-06 1.66E+00 4.18E+00 3.23E+02 1.83E-06 1.07E-25 4.07E-66 1.31E-94 2.19E-03 2.10E-13 4.50E-48 5.16E+07 4.92E-05 1.34E+04 1.12E-05 7.35E+04 9.53E-08
  8.52E+06 3.29E-10 3.74E-06 1.59E+00 3.40E+00 2.74E+02 5.10E-07 1.27E-26 5.02E-68 1.04E-94 2.41E-03 1.58E-13 5.17E-49 6.13E+07 1.30E-05 1.58E+04 6.83E-06 5.88E+04 1.90E-08
  8.62E+06 6.82E-11 4.10E-06 1.51E+00 2.77E+00 2.31E+02 1.58E-07 1.90E-27 9.74E-70 8.21E-95 2.52E-03 1.16E-13 7.29E-50 6.87E+07 3.58E-06 1.88E+04 4.69E-06 4.68E+04 5.02E-09
  8.72E+06 1.62E-11 4.45E-06 1.41E+00 2.24E+00 1.95E+02 5.42E-08 3.43E-28 2.96E-71 6.40E-95 2.48E-03 8.44E-14 1.24E-50 7.32E+07 1.08E-06 2.31E+04 3.40E-06 3.73E+04 1.64E-09
  8.82E+06 4.33E-12 4.78E-06 1.30E+00 1.81E+00 1.64E+02 2.02E-08 7.41E-29 1.56E-72 4.93E-95 2.32E-03 6.19E-14 2.48E-51 7.46E+07 3.73E-07 2.98E+04 2.55E-06 2.96E+04 6.09E-10
  8.92E+06 1.29E-12 5.10E-06 1.20E+00 1.45E+00 1.37E+02 8.15E-09 1.89E-29 1.63E-73 3.74E-95 2.08E-03 4.58E-14 5.83E-52 7.31E+07 1.49E-07 4.15E+04 1.95E-06 2.34E+04 2.45E-10
  9.02E+06 4.24E-13 5.42E-06 1.09E+00 1.16E+00 1.14E+02 3.52E-09 5.67E-30 3.05E-74 2.80E-95 1.78E-03 3.41E-14 1.61E-52 6.90E+07 6.73E-08 6.44E+04 1.52E-06 1.85E+04 1.05E-10
  9.12E+06 1.52E-13 5.72E-06 9.91E-01 9.22E-01 9.40E+01 1.61E-09 2.05E-30 8.30E-75 2.05E-95 1.46E-03 2.58E-14 5.30E-53 6.30E+07 3.30E-08 1.12E+05 1.19E-06 1.45E+04 4.64E-11
  9.22E+06 5.88E-14 6.02E-06 8.94E-01 7.27E-01 7.74E+01 7.80E-10 9.08E-31 2.94E-75 1.48E-95 1.16E-03 1.97E-14 2.14E-53 5.58E+07 1.68E-08 2.15E+05 9.32E-07 1.14E+04 2.10E-11
  9.32E+06 2.44E-14 6.30E-06 8.03E-01 5.68E-01 6.33E+01 3.95E-10 5.00E-31 1.31E-75 1.04E-95 8.85E-04 1.53E-14 1.07E-53 4.81E+07 8.58E-09 4.32E+05 7.12E-07 8.98E+03 9.60E-12
  9.42E+06 1.08E-14 6.57E-06 7.17E-01 4.39E-01 5.14E+01 2.09E-10 3.31E-31 7.01E-76 7.18E-96 6.57E-04 1.22E-14 6.36E-54 4.05E+07 4.31E-09 8.79E+05 5.26E-07 7.04E+03 4.34E-12
  9.52E+06 5.01E-15 6.81E-06 6.37E-01 3.37E-01 4.14E+01 1.15E-10 2.49E-31 4.25E-76 4.83E-96 4.74E-04 9.87E-15 4.31E-54 3.32E+07 2.10E-09 1.75E+06 3.72E-07 5.53E+03 1.92E-12
  9.62E+06 2.46E-15 7.03E-06 5.62E-01 2.55E-01 3.31E+01 6.51E-11 2.04E-31 2.78E-76 3.16E-96 3.33E-04 8.27E-15 3.15E-54 2.67E+07 9.90E-10 3.37E+06 2.53E-07 4.35E+03 8.34E-13
  9.72E+06 1.26E-15 7.22E-06 4.93E-01 1.91E-01 2.62E+01 3.80E-11 1.75E-31 1.88E-76 2.02E-96 2.30E-04 7.23E-15 2.40E-54 2.10E+07 4.53E-10 6.17E+06 1.66E-07 3.44E+03 3.57E-13
  9.82E+06 6.83E-16 7.36E-06 4.30E-01 1.42E-01 2.05E+01 2.29E-11 1.55E-31 1.30E-76 1.25E-96 1.58E-04 6.72E-15 1.88E-54 1.62E+07 2.05E-10 1.07E+07 1.08E-07 2.75E+03 1.53E-13
  9.92E+06 3.91E-16 7.43E-06 3.71E-01 1.05E-01 1.59E+01 1.43E-11 1.40E-31 8.95E-77 7.54E-97 1.12E-04 6.85E-15 1.48E-54 1.22E+07 9.77E-11 1.76E+07 6.95E-08 2.23E+03 6.85E-14

     Z        N2O5     CO2      SO4AER   S8AER   
  2.50E+04 2.30E+02 5.61E+15 5.22E+09 2.49E-19
  1.25E+05 4.07E+02 5.07E+15 5.54E+09 2.25E-19
  2.25E+05 9.67E+02 4.58E+15 6.73E+09 2.03E-19
  3.25E+05 2.69E+03 4.13E+15 8.26E+09 1.83E-19
  4.25E+05 8.08E+03 3.72E+15 9.78E+09 1.65E-19
  5.25E+05 2.18E+04 3.35E+15 1.11E+10 1.49E-19
  6.25E+05 4.00E+04 3.02E+15 1.23E+10 1.34E-19
  7.25E+05 5.23E+04 2.72E+15 1.32E+10 1.21E-19
  8.25E+05 6.03E+04 2.45E+15 1.39E+10 1.09E-19
  9.25E+05 6.47E+04 2.20E+15 1.44E+10 9.75E-20
  1.02E+06 6.35E+04 1.94E+15 1.46E+10 8.62E-20
  1.12E+06 6.12E+04 1.67E+15 1.54E+10 7.42E-20
  1.22E+06 7.57E+04 1.43E+15 1.88E+10 6.34E-20
  1.32E+06 1.18E+05 1.22E+15 2.31E+10 5.41E-20
  1.42E+06 2.69E+05 1.04E+15 2.80E+10 4.60E-20
  1.52E+06 6.16E+05 8.82E+14 2.99E+10 3.91E-20
  1.62E+06 1.33E+06 7.49E+14 2.84E+10 3.32E-20
  1.72E+06 2.46E+06 6.35E+14 2.42E+10 2.82E-20
  1.82E+06 3.90E+06 5.39E+14 1.89E+10 2.39E-20
  1.92E+06 5.54E+06 4.57E+14 1.38E+10 2.02E-20
  2.02E+06 7.10E+06 3.87E+14 9.62E+09 1.72E-20
  2.12E+06 8.42E+06 3.28E+14 6.62E+09 1.45E-20
  2.22E+06 9.51E+06 2.78E+14 4.54E+09 1.23E-20
  2.32E+06 1.03E+07 2.36E+14 3.13E+09 1.05E-20
  2.42E+06 1.07E+07 2.01E+14 2.17E+09 8.89E-21
  2.52E+06 1.08E+07 1.71E+14 1.53E+09 7.56E-21
  2.62E+06 1.03E+07 1.46E+14 1.08E+09 6.44E-21
  2.72E+06 9.48E+06 1.24E+14 7.75E+08 5.49E-21
  2.82E+06 8.18E+06 1.06E+14 5.61E+08 4.68E-21
  2.92E+06 6.65E+06 9.03E+13 4.09E+08 4.00E-21
  3.02E+06 5.08E+06 7.71E+13 3.01E+08 3.41E-21
  3.12E+06 3.64E+06 6.59E+13 2.24E+08 2.92E-21
  3.22E+06 2.45E+06 5.64E+13 1.66E+08 2.49E-21
  3.32E+06 1.56E+06 4.83E+13 1.22E+08 2.13E-21
  3.42E+06 9.39E+05 4.14E+13 8.88E+07 1.83E-21
  3.52E+06 5.38E+05 3.56E+13 6.44E+07 1.57E-21
  3.62E+06 2.94E+05 3.07E+13 4.65E+07 1.36E-21
  3.72E+06 1.53E+05 2.65E+13 3.35E+07 1.17E-21
  3.82E+06 7.64E+04 2.29E+13 2.40E+07 1.01E-21
  3.92E+06 3.61E+04 1.99E+13 1.72E+07 8.79E-22
  4.02E+06 1.62E+04 1.73E+13 1.22E+07 7.64E-22
  4.12E+06 6.82E+03 1.51E+13 8.66E+06 6.65E-22
  4.22E+06 2.70E+03 1.31E+13 6.12E+06 5.81E-22
  4.32E+06 1.01E+03 1.15E+13 4.32E+06 5.08E-22
  4.42E+06 3.62E+02 1.01E+13 3.05E+06 4.46E-22
  4.52E+06 1.26E+02 8.87E+12 2.14E+06 3.92E-22
  4.62E+06 4.30E+01 7.82E+12 1.50E+06 3.46E-22
  4.72E+06 1.46E+01 6.91E+12 1.05E+06 3.06E-22
  4.82E+06 4.94E+00 6.12E+12 7.34E+05 2.71E-22
  4.92E+06 1.66E+00 5.42E+12 5.09E+05 2.40E-22
  5.02E+06 5.50E-01 4.80E+12 3.50E+05 2.12E-22
  5.12E+06 1.82E-01 4.24E+12 2.38E+05 1.88E-22
  5.22E+06 6.01E-02 3.75E+12 1.60E+05 1.66E-22
  5.32E+06 1.99E-02 3.31E+12 1.06E+05 1.47E-22
  5.42E+06 6.59E-03 2.93E+12 6.90E+04 1.29E-22
  5.52E+06 2.19E-03 2.58E+12 4.39E+04 1.14E-22
  5.62E+06 7.34E-04 2.28E+12 2.73E+04 1.01E-22
  5.72E+06 2.47E-04 2.01E+12 1.65E+04 8.88E-23
  5.82E+06 8.34E-05 1.77E+12 9.71E+03 7.82E-23
  5.92E+06 2.84E-05 1.55E+12 5.51E+03 6.88E-23
  6.02E+06 9.72E-06 1.37E+12 3.00E+03 6.05E-23
  6.12E+06 3.36E-06 1.20E+12 1.57E+03 5.32E-23
  6.22E+06 1.17E-06 1.05E+12 7.76E+02 4.67E-23
  6.32E+06 4.16E-07 9.23E+11 3.64E+02 4.10E-23
  6.42E+06 1.49E-07 8.09E+11 1.60E+02 3.59E-23
  6.52E+06 5.45E-08 7.09E+11 6.51E+01 3.15E-23
  6.62E+06 2.02E-08 6.20E+11 2.45E+01 2.76E-23
  6.72E+06 7.65E-09 5.42E+11 8.35E+00 2.41E-23
  6.82E+06 2.95E-09 4.73E+11 2.55E+00 2.11E-23
  6.92E+06 1.17E-09 4.13E+11 6.90E-01 1.84E-23
  7.02E+06 4.81E-10 3.59E+11 1.61E-01 1.60E-23
  7.12E+06 2.10E-10 3.13E+11 3.18E-02 1.40E-23
  7.22E+06 9.97E-11 2.72E+11 5.17E-03 1.22E-23
  7.32E+06 5.24E-11 2.36E+11 6.64E-04 1.06E-23
  7.42E+06 2.95E-11 2.05E+11 6.44E-05 9.17E-24
  7.52E+06 1.65E-11 1.76E+11 4.37E-06 7.92E-24
  7.62E+06 9.12E-12 1.52E+11 1.89E-07 6.84E-24
  7.72E+06 4.96E-12 1.31E+11 4.52E-09 5.91E-24
  7.82E+06 2.68E-12 1.13E+11 4.48E-11 5.11E-24
  7.92E+06 1.35E-12 9.72E+10 8.13E-14 4.41E-24
  8.02E+06 4.73E-13 8.37E+10 2.26E-17 3.81E-24
  8.12E+06 8.65E-14 7.20E+10 1.42E-19 3.29E-24
  8.22E+06 9.91E-15 6.20E+10 4.13E-22 2.84E-24
  8.32E+06 1.00E-15 5.33E+10 2.46E-24 2.46E-24
  8.42E+06 1.23E-16 4.58E+10 2.12E-24 2.12E-24
  8.52E+06 2.61E-17 3.93E+10 1.84E-24 1.84E-24
  8.62E+06 9.42E-18 3.37E+10 1.59E-24 1.59E-24
  8.72E+06 4.38E-18 2.89E+10 1.37E-24 1.37E-24
  8.82E+06 2.26E-18 2.48E+10 1.18E-24 1.18E-24
  8.92E+06 1.24E-18 2.12E+10 1.02E-24 1.02E-24
  9.02E+06 7.06E-19 1.81E+10 8.86E-25 8.86E-25
  9.12E+06 4.11E-19 1.55E+10 7.66E-25 7.66E-25
  9.22E+06 2.38E-19 1.32E+10 6.62E-25 6.62E-25
  9.32E+06 1.34E-19 1.13E+10 5.73E-25 5.73E-25
  9.42E+06 7.12E-20 9.57E+09 4.96E-25 4.96E-25
  9.52E+06 3.51E-20 8.13E+09 4.29E-25 4.29E-25
  9.62E+06 1.61E-20 6.89E+09 3.72E-25 3.72E-25
  9.72E+06 6.99E-21 5.84E+09 3.22E-25 3.22E-25
  9.82E+06 2.95E-21 4.93E+09 2.79E-25 2.79E-25
  9.92E+06 1.25E-21 4.16E+09 2.42E-25 2.42E-25

 FLUXES OF LONG-LIVED SPECIES


     Z        O         O2        H2O       H         OH        HO2       H2O2      H2        CO        HCO       H2CO      CH4       CH3       C2H6      NO        NO2       HNO       H2S     
  0.00E+00 -8.65E+02  9.25E+11  9.61E+12  1.76E-03 -1.24E+06 -2.90E+08 -5.71E+09 -1.58E+10  1.63E+11  2.85E-02 -1.30E+09  1.20E+11  1.17E-02  1.06E-20 -1.85E+04 -4.02E+05 -3.49E+02  2.00E+08
  5.00E+04 -2.43E+02  8.36E+11  0.00E+00 -1.90E-02 -1.77E+05 -1.29E+07 -3.00E+09 -1.46E+10  1.52E+11 -7.72E-04  1.47E+08  1.06E+11 -4.81E-04 -5.29E-11 -1.08E+07 -3.84E+06  1.18E+01  1.30E+08
  1.50E+05 -3.41E+02  6.46E+11  0.00E+00 -2.05E-02 -2.13E+05 -6.77E+05 -2.81E+08 -1.16E+10  1.31E+11 -2.68E-04  6.64E+08  8.15E+10 -6.72E-04 -2.58E-10 -1.79E+07 -1.67E+07  1.05E+02  5.49E+07
  2.50E+05 -4.52E+02  4.85E+11  0.00E+00 -1.92E-02 -2.06E+05  8.71E+06  1.59E+09 -8.85E+09  1.11E+11 -8.13E-05  6.22E+08  6.10E+10  4.32E-04 -5.81E-10 -2.57E+07 -2.50E+07  6.48E+01  2.27E+07
  3.50E+05 -5.77E+02  3.62E+11  0.00E+00 -1.89E-02 -2.06E+05  1.46E+07  2.87E+09 -6.48E+09  9.23E+10  5.03E-05  5.48E+08  4.41E+10  9.04E-04 -1.09E-09 -3.45E+07 -2.98E+07  3.49E+01  9.22E+06
  4.50E+05 -6.74E+02  2.71E+11  0.00E+00 -1.14E-02 -1.36E+05  2.05E+07  3.18E+09 -4.55E+09  7.44E+10  3.48E-04  5.38E+08  3.05E+10  2.90E-03 -1.81E-09 -3.68E+07 -1.98E+07  1.93E+01  3.67E+06
  5.50E+05 -7.37E+02  2.05E+11  0.00E+00  5.30E-03  3.90E+04  2.32E+07  2.81E+09 -3.03E+09  5.81E+10  7.01E-04  5.31E+08  2.05E+10  5.34E-03 -2.79E-09 -1.77E+07  1.18E+07  1.12E+01  1.44E+06
  6.50E+05 -7.86E+02  1.60E+11  0.00E+00  1.51E-02  1.47E+05  2.21E+07  2.23E+09 -1.88E+09  4.49E+10  6.90E-04  4.21E+08  1.41E+10  5.19E-03 -3.91E-09 -4.35E+06  2.42E+07  5.18E+00  5.88E+05
  7.50E+05 -8.40E+02  1.32E+11  0.00E+00  4.51E-03  3.05E+04  1.96E+07  1.65E+09 -1.08E+09  3.50E+10  3.75E-04  2.43E+08  1.04E+10  2.75E-03 -4.89E-09 -4.43E+07 -1.90E+06  1.49E+00  2.66E+05
  8.50E+05 -8.90E+02  1.11E+11  0.00E+00 -6.32E-03 -8.74E+04  1.54E+07  1.09E+09 -5.70E+08  2.70E+10  1.79E-04  1.27E+08  8.31E+09  1.37E-03 -5.66E-09 -1.08E+08 -1.93E+07  3.64E-01  1.28E+05
  9.50E+05 -9.72E+02  9.34E+10  0.00E+00 -7.99E-03 -9.06E+04  9.02E+06  6.13E+08 -2.47E+08  1.97E+10  1.03E-04  6.90E+07  6.95E+09  8.90E-04 -6.30E-09 -1.38E+08 -1.25E+07  3.08E-01  5.96E+04
  1.05E+06 -1.46E+03  7.75E+10  0.00E+00 -1.01E-02 -5.69E+04  2.81E+06  2.75E+08 -3.08E+07  1.32E+10  1.61E-05  2.00E+07  6.08E+09 -4.07E-05 -6.82E-09 -9.61E+07 -1.27E+07  3.17E-01  2.36E+04
  1.15E+06 -1.08E+03  6.50E+10  2.65E+12 -6.53E-04  7.32E+03  1.16E+06  8.54E+07  1.17E+08  8.02E+09  9.98E-06  5.63E+06  5.45E+09  1.74E-05 -7.27E-09 -5.67E+07 -1.36E+07  1.19E-01  6.50E+03
  1.25E+06 -1.19E+03  5.66E+10  1.90E+10  7.28E-04  1.25E+04  3.99E+05  1.84E+07  2.20E+08  4.57E+09  7.02E-06  2.76E+06  5.02E+09  2.93E-05 -7.70E-09 -4.54E+07 -1.44E+07  3.90E-02  1.36E+03
  1.35E+06 -1.33E+03  5.15E+10 -8.79E+09  7.75E-04  7.76E+03  1.06E+05  2.47E+06  2.86E+08  2.62E+09  3.18E-06  1.02E+06  4.76E+09  1.75E-05 -8.11E-09 -3.70E+07 -1.82E+07  1.03E-02  2.24E+02
  1.45E+06 -1.89E+03  4.88E+10 -8.74E+09  8.82E-06  5.33E+02  1.88E+04  2.47E+05  3.27E+08  1.66E+09  6.72E-08  2.04E+05  4.61E+09 -4.18E-06 -8.54E-09 -3.07E+07 -2.13E+07  2.88E-03  4.05E+01
  1.55E+06 -2.71E+03  4.73E+10 -8.74E+09 -1.60E-04 -1.12E+03  3.09E+03  2.35E+04  3.57E+08  1.11E+09 -6.65E-07  1.73E+04  4.51E+09 -1.03E-05 -9.08E-09 -2.51E+07 -2.36E+07  4.80E-04  7.71E+00
  1.65E+06 -4.05E+03  4.65E+10 -8.73E+09 -2.44E-04 -1.82E+03 -1.65E+03  1.88E+03  3.82E+08  7.57E+08 -1.02E-06 -3.95E+04  4.42E+09 -1.47E-05 -9.79E-09 -2.07E+07 -2.48E+07 -2.31E-04  1.44E+00
  1.75E+06 -6.29E+03  4.64E+10 -8.70E+09 -3.53E-04 -2.52E+03 -4.44E+03 -1.93E+03  4.05E+08  5.23E+08 -1.43E-06 -6.72E+04  4.34E+09 -2.12E-05 -1.08E-08 -1.75E+07 -2.51E+07 -5.13E-04  2.63E-01
  1.85E+06 -9.84E+03  4.71E+10 -8.65E+09 -4.96E-04 -3.30E+03 -7.19E+03 -4.55E+03  4.26E+08  3.62E+08 -1.94E-06 -8.52E+04  4.25E+09 -3.05E-05 -1.21E-08 -1.49E+07 -2.51E+07 -5.54E-04  4.59E-02
  1.95E+06 -1.59E+04  4.87E+10 -8.56E+09 -7.58E-04 -4.52E+03 -1.14E+04 -8.83E+03  4.48E+08  2.50E+08 -2.77E-06 -1.06E+05  4.17E+09 -4.67E-05 -1.39E-08 -1.32E+07 -2.52E+07 -3.13E-04  7.62E-03
  2.05E+06 -2.62E+04  5.11E+10 -8.44E+09 -1.25E-03 -6.52E+03 -1.83E+04 -1.70E+04  4.69E+08  1.71E+08 -4.14E-06 -1.31E+05  4.09E+09 -7.54E-05 -1.65E-08 -1.25E+07 -2.57E+07 -1.89E-04  1.21E-03
  2.15E+06 -4.26E+04  5.39E+10 -8.29E+09 -2.08E-03 -9.29E+03 -2.82E+04 -3.20E+04  4.91E+08  1.15E+08 -6.17E-06 -1.59E+05  4.00E+09 -1.21E-04 -2.02E-08 -1.28E+07 -2.73E+07 -1.57E-04  1.80E-04
  2.25E+06 -6.95E+04  5.66E+10 -8.13E+09 -3.61E-03 -1.36E+04 -4.33E+04 -5.85E+04  5.12E+08  7.65E+07 -9.44E-06 -1.93E+05  3.90E+09 -2.01E-04 -2.53E-08 -1.43E+07 -3.01E+07 -1.86E-04  2.43E-05
  2.35E+06 -1.12E+05  5.86E+10 -7.95E+09 -6.40E-03 -1.99E+04 -6.44E+04 -1.02E+05  5.32E+08  4.93E+07 -1.44E-05 -2.29E+05  3.79E+09 -3.32E-04 -3.27E-08 -1.69E+07 -3.39E+07 -2.82E-04  2.81E-06
  2.45E+06 -1.77E+05  5.93E+10 -7.75E+09 -1.16E-02 -2.91E+04 -9.29E+04 -1.66E+05  5.52E+08  3.06E+07 -2.20E-05 -2.66E+05  3.68E+09 -5.49E-04 -4.34E-08 -2.03E+07 -3.82E+07 -4.67E-04  1.21E-07
  2.55E+06 -2.74E+05  5.80E+10 -7.52E+09 -2.13E-02 -4.20E+04 -1.29E+05 -2.51E+05  5.70E+08  1.76E+07 -3.33E-05 -3.00E+05  3.55E+09 -9.02E-04 -5.92E-08 -2.42E+07 -4.22E+07 -7.67E-04 -1.68E-07
  2.65E+06 -4.15E+05  5.45E+10 -7.27E+09 -3.97E-02 -5.90E+04 -1.73E+05 -3.49E+05  5.85E+08  8.53E+06 -4.93E-05 -3.24E+05  3.42E+09 -1.46E-03 -8.26E-08 -2.80E+07 -4.49E+07 -1.21E-03 -1.59E-07
  2.75E+06 -6.21E+05  4.89E+10 -6.99E+09 -7.62E-02 -8.14E+04 -2.22E+05 -4.46E+05  5.97E+08  1.90E+06 -7.19E-05 -3.39E+05  3.27E+09 -2.35E-03 -1.18E-07 -3.19E+07 -4.58E+07 -1.85E-03 -1.03E-07
  2.85E+06 -9.21E+05  4.14E+10 -6.68E+09 -1.51E-01 -1.09E+05 -2.76E+05 -5.17E+05  6.03E+08 -3.20E+06 -1.03E-04 -3.46E+05  3.10E+09 -3.77E-03 -1.72E-07 -3.54E+07 -4.41E+07 -2.76E-03 -4.10E-08
  2.95E+06 -1.32E+06  3.24E+10 -6.34E+09 -2.93E-01 -1.37E+05 -3.14E+05 -5.26E+05  6.04E+08 -7.25E+06 -1.37E-04 -3.29E+05  2.93E+09 -5.75E-03 -2.54E-07 -3.73E+07 -3.96E+07 -3.86E-03  3.18E-08
  3.05E+06 -1.89E+06  2.33E+10 -5.97E+09 -5.85E-01 -1.68E+05 -3.46E+05 -4.83E+05  5.98E+08 -1.03E+07 -1.80E-04 -3.08E+05  2.75E+09 -8.77E-03 -3.79E-07 -3.87E+07 -3.25E+07 -5.36E-03  7.42E-08
  3.15E+06 -2.72E+06  1.52E+10 -5.58E+09 -1.18E+00 -2.02E+05 -3.69E+05 -3.96E+05  5.84E+08 -1.24E+07 -2.31E-04 -2.83E+05  2.57E+09 -1.33E-02 -5.70E-07 -3.91E+07 -2.32E+07 -7.29E-03  8.82E-08
  3.25E+06 -3.82E+06  8.64E+09 -5.18E+09 -2.33E+00 -2.32E+05 -3.69E+05 -2.75E+05  5.65E+08 -1.32E+07 -2.81E-04 -2.45E+05  2.38E+09 -1.92E-02 -8.57E-07 -3.75E+07 -1.29E+07 -9.46E-03  8.85E-08
  3.35E+06 -5.36E+06  4.05E+09 -4.78E+09 -4.62E+00 -2.65E+05 -3.63E+05 -1.57E+05  5.39E+08 -1.28E+07 -3.36E-04 -2.05E+05  2.19E+09 -2.73E-02 -1.29E-06 -3.51E+07 -2.70E+06 -1.21E-02  7.41E-08
  3.45E+06 -7.58E+06  1.14E+09 -4.38E+09 -9.24E+00 -3.07E+05 -3.53E+05 -5.40E+04  5.08E+08 -1.16E+07 -4.01E-04 -1.68E+05  2.01E+09 -3.88E-02 -1.93E-06 -3.23E+07  6.42E+06 -1.54E-02  5.40E-08
  3.55E+06 -1.07E+07 -7.05E+08 -3.99E+09 -1.85E+01 -3.57E+05 -3.37E+05  2.93E+04  4.72E+08 -9.86E+06 -4.78E-04 -1.32E+05  1.83E+09 -5.45E-02 -2.87E-06 -2.92E+07  1.38E+07 -1.94E-02  3.51E-08
  3.65E+06 -1.55E+07 -2.06E+09 -3.61E+09 -3.80E+01 -4.33E+05 -3.28E+05  9.20E+04  4.31E+08 -7.97E+06 -5.91E-04 -1.07E+05  1.66E+09 -7.86E-02 -4.26E-06 -2.67E+07  1.98E+07 -2.50E-02  2.01E-08
  3.75E+06 -2.22E+07 -3.30E+09 -3.24E+09 -7.74E+01 -5.26E+05 -3.12E+05  1.34E+05  3.87E+08 -6.05E+06 -7.24E-04 -7.98E+04  1.50E+09 -1.11E-01 -6.26E-06 -2.39E+07  2.40E+07 -3.18E-02  1.17E-08
  3.85E+06 -3.18E+07 -4.70E+09 -2.89E+09 -1.58E+02 -6.41E+05 -2.98E+05  1.54E+05  3.40E+08 -4.33E+06 -8.92E-04 -5.33E+04  1.35E+09 -1.57E-01 -9.10E-06 -2.11E+07  2.66E+07 -4.00E-02  8.31E-09
  3.95E+06 -4.64E+07 -6.40E+09 -2.54E+09 -3.29E+02 -7.95E+05 -2.96E+05  1.54E+05  2.88E+08 -2.99E+06 -1.12E-03 -2.97E+04  1.20E+09 -2.26E-01 -1.31E-05 -1.86E+07  2.81E+07 -5.08E-02  7.82E-09
  4.05E+06 -6.67E+07 -8.16E+09 -2.21E+09 -6.74E+02 -9.61E+05 -3.00E+05  1.38E+05  2.32E+08 -2.06E+06 -1.37E-03  9.70E+02  1.06E+09 -3.15E-01 -1.85E-05 -1.53E+07  2.80E+07 -6.19E-02  7.98E-09
  4.15E+06 -9.46E+07 -9.78E+09 -1.89E+09 -1.34E+03 -1.12E+06 -3.13E+05  1.11E+05  1.73E+08 -1.58E+06 -1.61E-03  3.81E+04  9.32E+08 -4.24E-01 -2.56E-05 -1.12E+07  2.61E+07 -7.15E-02  7.35E-09
  4.25E+06 -1.33E+08 -1.12E+10 -1.57E+09 -2.61E+03 -1.26E+06 -3.36E+05  8.30E+04  1.10E+08 -1.59E+06 -1.83E-03  7.68E+04  8.07E+08 -5.56E-01 -3.46E-05 -6.55E+06  2.32E+07 -7.82E-02  5.75E-09
  4.35E+06 -1.82E+08 -1.24E+10 -1.28E+09 -4.83E+03 -1.34E+06 -3.60E+05  5.91E+04  4.43E+07 -2.01E+06 -1.95E-03  1.13E+05  6.90E+08 -6.96E-01 -4.53E-05 -1.57E+06  1.93E+07 -7.92E-02  3.49E-09
  4.45E+06 -2.37E+08 -1.28E+10 -9.94E+08 -8.35E+03 -1.35E+06 -3.74E+05  4.12E+04 -2.19E+07 -2.80E+06 -1.92E-03  1.41E+05  5.83E+08 -8.12E-01 -5.70E-05  3.36E+06  1.50E+07 -7.29E-02  1.07E-09
  4.55E+06 -2.87E+08 -1.25E+10 -7.37E+08 -1.31E+04 -1.26E+06 -3.65E+05  2.97E+04 -8.69E+07 -4.06E+06 -1.67E-03  1.55E+05  4.87E+08 -8.58E-01 -6.94E-05  7.79E+06  1.09E+07 -5.89E-02 -1.28E-09
  4.65E+06 -3.49E+08 -1.20E+10 -5.07E+08 -2.02E+04 -1.18E+06 -3.61E+05  2.36E+04 -1.49E+08 -6.11E+06 -1.42E-03  1.58E+05  4.03E+08 -8.99E-01 -8.31E-05  1.07E+07  7.84E+06 -4.62E-02 -3.12E-09
  4.75E+06 -4.02E+08 -1.10E+10 -3.05E+08 -2.90E+04 -1.05E+06 -3.39E+05  2.12E+04 -2.06E+08 -9.17E+06 -1.07E-03  1.51E+05  3.31E+08 -8.74E-01 -9.86E-05  1.28E+07  5.40E+06 -3.15E-02 -4.65E-09
  4.85E+06 -4.53E+08 -1.01E+10 -1.33E+08 -4.01E+04 -9.21E+05 -3.11E+05  2.24E+04 -2.59E+08 -1.35E+07 -7.74E-04  1.37E+05  2.71E+08 -8.54E-01 -1.17E-04  1.39E+07  3.65E+06 -1.84E-02 -5.06E-09
  4.95E+06 -5.14E+08 -9.54E+09  1.26E+07 -5.51E+04 -8.09E+05 -2.83E+05  2.66E+04 -3.05E+08 -1.92E+07 -6.16E-04  1.21E+05  2.21E+08 -9.02E-01 -1.40E-04  1.42E+07  2.46E+06 -8.06E-03 -3.77E-09
  5.05E+06 -5.69E+08 -8.80E+09  1.34E+08 -7.35E+04 -6.96E+05 -2.52E+05  3.08E+04 -3.46E+08 -2.62E+07 -4.76E-04  1.06E+05  1.81E+08 -9.47E-01 -1.68E-04  1.40E+07  1.64E+06  3.94E-04 -2.18E-09
  5.15E+06 -6.23E+08 -7.87E+09  2.34E+08 -9.60E+04 -6.00E+05 -2.22E+05  3.32E+04 -3.81E+08 -3.43E+07 -3.58E-04  9.21E+04  1.48E+08 -9.88E-01 -1.99E-04  1.35E+07  1.09E+06  6.60E-03 -7.75E-10
  5.25E+06 -6.78E+08 -6.88E+09  3.16E+08 -1.24E+05 -5.22E+05 -1.97E+05  3.36E+04 -4.11E+08 -4.35E+07 -2.66E-04  7.96E+04  1.22E+08 -1.03E+00 -2.35E-04  1.27E+07  7.25E+05  1.07E-02  3.36E-10
  5.35E+06 -7.35E+08 -5.92E+09  3.84E+08 -1.58E+05 -4.64E+05 -1.77E+05  3.26E+04 -4.37E+08 -5.38E+07 -2.00E-04  6.84E+04  1.02E+08 -1.07E+00 -2.74E-04  1.17E+07  4.82E+05  1.31E-02  1.15E-09
  5.45E+06 -7.94E+08 -5.04E+09  4.38E+08 -2.01E+05 -4.21E+05 -1.62E+05  3.05E+04 -4.59E+08 -6.51E+07 -1.53E-04  5.85E+04  8.54E+07 -1.10E+00 -3.17E-04  1.08E+07  3.21E+05  1.42E-02  1.64E-09
  5.55E+06 -8.55E+08 -4.25E+09  4.83E+08 -2.55E+05 -3.93E+05 -1.51E+05  2.76E+04 -4.78E+08 -7.74E+07 -1.20E-04  4.98E+04  7.25E+07 -1.14E+00 -3.62E-04  9.74E+06  2.14E+05  1.43E-02  1.82E-09
  5.65E+06 -9.19E+08 -3.57E+09  5.19E+08 -3.23E+05 -3.75E+05 -1.45E+05  2.43E+04 -4.93E+08 -9.04E+07 -9.52E-05  4.23E+04  6.24E+07 -1.17E+00 -4.11E-04  8.75E+06  1.43E+05  1.37E-02  1.74E-09
  5.75E+06 -9.83E+08 -2.98E+09  5.48E+08 -4.08E+05 -3.67E+05 -1.43E+05  2.08E+04 -5.06E+08 -1.04E+08 -7.54E-05  3.58E+04  5.44E+07 -1.18E+00 -4.62E-04  7.80E+06  9.52E+04  1.27E-02  1.43E-09
  5.85E+06 -1.05E+09 -2.48E+09  5.71E+08 -5.14E+05 -3.65E+05 -1.43E+05  1.75E+04 -5.17E+08 -1.19E+08 -5.69E-05  3.02E+04  4.81E+07 -1.19E+00 -5.15E-04  6.90E+06  6.36E+04  1.14E-02  9.52E-10
  5.95E+06 -1.11E+09 -2.06E+09  5.90E+08 -6.48E+05 -3.68E+05 -1.46E+05  1.43E+04 -5.26E+08 -1.33E+08 -3.85E-05  2.55E+04  4.33E+07 -1.18E+00 -5.69E-04  6.07E+06  4.24E+04  9.96E-03  3.51E-10
  6.05E+06 -1.17E+09 -1.70E+09  6.05E+08 -8.16E+05 -3.72E+05 -1.49E+05  1.14E+04 -5.33E+08 -1.48E+08 -2.02E-05  2.14E+04  3.95E+07 -1.15E+00 -6.26E-04  5.30E+06  2.83E+04  8.56E-03 -3.09E-10
  6.15E+06 -1.22E+09 -1.39E+09  6.16E+08 -1.03E+06 -3.78E+05 -1.54E+05  8.87E+03 -5.39E+08 -1.63E+08 -1.75E-06  1.80E+04  3.65E+07 -1.09E+00 -6.83E-04  4.60E+06  1.89E+04  7.23E-03 -9.88E-10
  6.25E+06 -1.28E+09 -1.13E+09  6.25E+08 -1.29E+06 -3.84E+05 -1.58E+05  6.73E+03 -5.43E+08 -1.79E+08  1.52E-05  1.51E+04  3.42E+07 -1.01E+00 -7.43E-04  3.97E+06  1.26E+04  6.01E-03 -1.65E-09
  6.35E+06 -1.33E+09 -8.92E+08  6.32E+08 -1.62E+06 -3.89E+05 -1.62E+05  4.96E+03 -5.46E+08 -1.94E+08  2.93E-05  1.27E+04  3.24E+07 -9.04E-01 -8.03E-04  3.41E+06  8.47E+03  4.93E-03 -2.26E-09
  6.45E+06 -1.38E+09 -6.85E+08  6.37E+08 -2.04E+06 -3.93E+05 -1.65E+05  3.54E+03 -5.49E+08 -2.09E+08  3.87E-05  1.06E+04  3.11E+07 -7.78E-01 -8.65E-04  2.91E+06  5.69E+03  3.98E-03 -2.79E-09
  6.55E+06 -1.43E+09 -5.01E+08  6.41E+08 -2.58E+06 -3.95E+05 -1.68E+05  2.40E+03 -5.50E+08 -2.24E+08  4.07E-05  8.83E+03  3.00E+07 -6.36E-01 -9.28E-04  2.47E+06  3.84E+03  3.16E-03 -3.26E-09
  6.65E+06 -1.49E+09 -3.39E+08  6.43E+08 -3.26E+06 -3.97E+05 -1.69E+05  1.42E+03 -5.50E+08 -2.38E+08  2.96E-05  7.29E+03  2.92E+07 -4.89E-01 -9.92E-04  2.08E+06  2.61E+03  2.45E-03 -3.69E-09
  6.75E+06 -1.54E+09 -2.01E+08  6.45E+08 -4.14E+06 -4.02E+05 -1.72E+05  3.67E+02 -5.50E+08 -2.52E+08 -1.41E-05  5.86E+03  2.86E+07 -3.64E-01 -1.06E-03  1.74E+06  1.77E+03  1.75E-03 -4.26E-09
  6.85E+06 -1.58E+09 -9.74E+07  6.45E+08 -5.28E+06 -4.19E+05 -1.82E+05 -1.13E+03 -5.49E+08 -2.66E+08 -1.45E-04  4.27E+03  2.82E+07 -3.26E-01 -1.12E-03  1.44E+06  1.20E+03  9.21E-04 -5.35E-09
  6.95E+06 -1.56E+09 -4.56E+07  6.45E+08 -6.79E+06 -4.68E+05 -2.07E+05 -3.61E+03 -5.47E+08 -2.80E+08 -4.90E-04  2.14E+03  2.78E+07 -5.21E-01 -1.18E-03  1.18E+06  7.95E+02 -2.70E-04 -7.73E-09
  7.05E+06 -1.44E+09 -6.33E+07  6.43E+08 -8.87E+06 -5.73E+05 -2.60E+05 -7.59E+03 -5.44E+08 -2.92E+08 -1.28E-03 -1.10E+03  2.75E+07 -1.21E+00 -1.24E-03  9.57E+05  4.90E+02 -2.06E-03 -1.27E-08
  7.15E+06 -1.21E+09 -1.44E+08  6.41E+08 -1.19E+07 -7.50E+05 -3.49E+05 -1.33E+04 -5.39E+08 -3.05E+08 -2.87E-03 -6.13E+03  2.72E+07 -2.77E+00 -1.30E-03  7.64E+05  2.56E+02 -4.50E-03 -2.25E-08
  7.25E+06 -9.33E+08 -2.45E+08  6.38E+08 -1.62E+07 -9.92E+05 -4.69E+05 -2.05E+04 -5.33E+08 -3.17E+08 -5.66E-03 -1.34E+04  2.68E+07 -5.66E+00 -1.35E-03  6.00E+05  8.17E+01 -7.36E-03 -4.02E-08
  7.35E+06 -7.38E+08 -2.95E+08  6.34E+08 -2.27E+07 -1.27E+06 -6.04E+05 -2.78E+04 -5.25E+08 -3.28E+08 -9.98E-03 -2.27E+04  2.63E+07 -1.03E+01 -1.39E-03  4.60E+05 -3.27E+01 -1.02E-02 -6.77E-08
  7.45E+06 -8.08E+08 -2.18E+08  6.27E+08 -3.26E+07 -1.43E+06 -6.79E+05 -3.25E+04 -5.12E+08 -3.39E+08 -1.63E-02 -3.19E+04  2.57E+07 -1.68E+01 -1.40E-03  3.42E+05 -4.87E+01 -1.17E-02 -9.74E-08
  7.55E+06 -9.41E+08 -9.92E+07  6.18E+08 -4.61E+07 -1.54E+06 -7.24E+05 -3.54E+04 -4.93E+08 -3.48E+08 -2.40E-02 -4.00E+04  2.47E+07 -2.36E+01 -1.36E-03  2.48E+05 -3.65E+01 -1.26E-02 -1.32E-07
  7.65E+06 -1.12E+09  2.72E+07  6.04E+08 -6.52E+07 -1.59E+06 -7.36E+05 -3.64E+04 -4.67E+08 -3.56E+08 -3.27E-02 -4.53E+04  2.35E+07 -2.92E+01 -1.22E-03  1.74E+05 -6.17E+00 -1.29E-02 -1.67E-07
  7.75E+06 -1.24E+09  1.13E+08  5.85E+08 -9.45E+07 -1.74E+06 -7.92E+05 -3.59E+04 -4.31E+08 -3.62E+08 -4.15E-02 -4.66E+04  2.20E+07 -3.29E+01 -9.50E-04  1.14E+05  2.60E+00 -1.44E-02 -2.07E-07
  7.85E+06 -1.53E+09  2.85E+08  5.64E+08 -1.47E+08 -2.01E+06 -8.86E+05 -2.70E+04 -3.80E+08 -3.66E+08 -4.95E-02 -4.13E+04  2.03E+07 -3.18E+01 -5.24E-04  6.56E+04  2.18E+01 -1.70E-02 -1.98E-07
  7.95E+06 -3.58E+09  1.34E+09  5.45E+08 -2.49E+08 -1.19E+06 -4.38E+05  7.67E+03 -3.07E+08 -3.68E+08 -5.66E-02 -2.27E+04  1.83E+07 -1.04E+01  8.44E-06  2.75E+04  2.14E+02 -9.03E-03  7.75E-08
  8.05E+06 -1.14E+10  5.31E+09  5.24E+08 -4.02E+08  1.83E+06  9.63E+05  5.06E+04 -2.07E+08 -3.66E+08 -6.58E-02  1.36E+04  1.62E+07  3.12E+01  4.28E-04 -2.50E+03  3.81E+02  1.91E-02  3.42E-07
  8.15E+06 -3.07E+10  1.50E+10  4.83E+08 -5.17E+08  2.50E+06  1.24E+06  4.59E+04 -1.05E+08 -3.55E+08 -7.55E-02  4.21E+04  1.41E+07  3.15E+01  5.59E-04 -3.18E+04  1.70E+02  2.47E-02  1.32E-07
  8.25E+06 -6.50E+10  3.22E+10  4.25E+08 -5.42E+08  1.39E+06  6.75E+05  2.24E+04 -2.96E+07 -3.36E+08 -6.98E-02  3.53E+04  1.21E+07  1.48E+01  5.50E-04 -6.55E+04  3.84E+01  1.33E-02  1.93E-08
  8.35E+06 -1.15E+11  5.74E+10  3.62E+08 -4.99E+08  6.74E+05  3.03E+05  8.47E+03  1.66E+07 -3.13E+08 -5.89E-02  1.86E+04  1.02E+07  6.19E+00  5.05E-04 -1.02E+05  8.05E+00  5.90E-03  1.75E-09
  8.45E+06 -1.80E+11  9.00E+10  3.01E+08 -4.23E+08  3.50E+05  1.35E+05  2.83E+03  4.35E+07 -2.87E+08 -4.83E-02  8.85E+03  8.43E+06  2.73E+00  4.45E-04 -1.40E+05  1.99E+00  2.63E-03  1.14E-10
  8.55E+06 -2.57E+11  1.28E+11  2.45E+08 -3.37E+08  2.00E+05  6.18E+04  8.58E+02  5.93E+07 -2.61E+08 -3.67E-02  4.35E+03  6.90E+06  1.30E+00  3.76E-04 -1.81E+05  6.04E-01  1.23E-03  5.76E-12
  8.65E+06 -3.41E+11  1.70E+11  1.97E+08 -2.54E+08  1.25E+05  2.94E+04  2.39E+02  6.85E+07 -2.35E+08 -2.47E-02  2.26E+03  5.57E+06  6.67E-01  3.03E-04 -2.24E+05  1.96E-01  6.02E-04  2.57E-13
  8.75E+06 -4.26E+11  2.13E+11  1.56E+08 -1.79E+08  8.35E+04  1.45E+04  6.11E+01  7.39E+07 -2.10E+08 -1.37E-02  1.23E+03  4.45E+06  3.62E-01  2.33E-04 -2.71E+05  3.43E-02  3.09E-04  1.37E-14
  8.85E+06 -5.05E+11  2.52E+11  1.23E+08 -1.14E+08  5.83E+04  7.44E+03  1.44E+01  7.70E+07 -1.86E+08 -4.66E-03  6.98E+02  3.53E+06  2.06E-01  1.71E-04 -3.21E+05 -4.75E-02  1.67E-04  1.13E-15
  8.95E+06 -5.73E+11  2.87E+11  9.57E+07 -6.01E+07  4.18E+04  3.93E+03  3.14E+00  7.85E+07 -1.64E+08  1.76E-03  4.12E+02  2.77E+06  1.23E-01  1.20E-04 -3.73E+05 -9.19E-02  9.43E-05  1.32E-16
  9.05E+06 -6.27E+11  3.13E+11  7.40E+07 -1.53E+07  3.04E+04  2.15E+03  6.56E-01  7.90E+07 -1.44E+08  5.57E-03  2.51E+02  2.16E+06  7.55E-02  8.15E-05 -4.19E+05 -1.10E-01  5.67E-05  1.91E-17
  9.15E+06 -6.64E+11  3.32E+11  5.68E+07  2.14E+07  2.23E+04  1.21E+03  1.36E-01  7.88E+07 -1.25E+08  7.25E-03  1.57E+02  1.67E+06  4.80E-02  5.33E-05 -4.45E+05 -1.02E-01  3.69E-05  3.25E-18
  9.25E+06 -6.84E+11  3.42E+11  4.33E+07  5.11E+07  1.64E+04  6.95E+02  2.93E-02  7.82E+07 -1.07E+08  7.39E-03  1.00E+02  1.29E+06  3.13E-02  3.38E-05 -4.33E+05 -6.86E-02  2.66E-05  6.36E-19
  9.35E+06 -6.86E+11  3.43E+11  3.28E+07  7.52E+07  1.21E+04  4.11E+02  7.05E-03  7.73E+07 -9.04E+07  6.54E-03  6.50E+01  9.78E+05  2.08E-02  2.10E-05 -3.70E+05 -1.68E-02  2.10E-05  1.40E-19
  9.45E+06 -6.73E+11  3.36E+11  2.45E+07  9.47E+07  8.92E+03  2.48E+02  1.95E-03  7.63E+07 -7.52E+07  5.09E-03  4.19E+01  7.34E+05  1.39E-02  1.28E-05 -2.64E+05  3.79E-02  1.72E-05  3.44E-20
  9.55E+06 -6.43E+11  3.22E+11  1.80E+07  1.10E+08  6.56E+03  1.53E+02  6.22E-04  7.53E+07 -6.09E+07  3.21E-03  2.59E+01  5.40E+05  9.07E-03  7.65E-06 -1.47E+05  7.64E-02  1.37E-05  9.32E-21
  9.65E+06 -5.98E+11  2.99E+11  1.29E+07  1.23E+08  4.82E+03  9.62E+01  2.21E-04  7.43E+07 -4.74E+07  9.09E-04  1.37E+01  3.84E+05  5.40E-03  4.49E-06 -5.83E+04  8.93E-02  1.02E-05  2.75E-21
  9.75E+06 -5.31E+11  2.66E+11  8.70E+06  1.34E+08  3.53E+03  6.12E+01  8.53E-05  7.33E+07 -3.46E+07 -2.04E-03  2.78E+00  2.56E+05  2.16E-03  2.52E-06 -1.05E+04  8.23E-02  7.14E-06  8.81E-22
  9.85E+06 -4.31E+11  2.15E+11  5.15E+06  1.44E+08  2.58E+03  3.91E+01  3.40E-05  7.23E+07 -2.20E+07 -6.50E-03 -1.03E+01  1.47E+05 -1.64E-03  1.26E-06  7.34E+03  6.75E-02  4.76E-06  3.01E-22
  9.95E+06 -2.44E+11  1.22E+11  1.83E+06  1.54E+08  1.83E+03  2.39E+01  1.03E-05  7.09E+07 -8.86E+06 -1.95E-02 -5.13E+01  4.91E+04 -1.35E-02  3.85E-07  8.43E+03  5.18E-02  2.97E-06  9.84E-23
  1.00E+07 -3.51E-03 -7.48E-04  4.66E-10  1.60E+08  1.37E-04  5.17E-06  1.10E-17  6.95E+07 -4.73E-04  6.88E-08  3.63E-08  4.44E-10  3.64E-08  4.07E-20 -1.18E-07 -2.77E-10  3.39E-13  7.10E-32

     Z        HS        S         SO        SO2       H2SO4     HSO       S2        S4        S8        SO3       OCS       S3        O3        HNO3      N         NO3       N2O       HO2NO2  
  0.00E+00  2.42E-04  1.12E-12  1.41E-04 -1.54E+09 -1.06E+08 -1.01E+07  5.29E-28  1.37E-51  7.75-105  1.76E-04  1.97E-17  3.97E-48 -2.36E+10 -1.68E+08  9.07-218 -5.16E-04  1.08E+09 -5.89E+05
  5.00E+04  2.07E+02  2.25E-13  8.90E-01 -1.61E+09 -1.07E+08  1.16E+06  1.48E-17  2.79E-44  1.49E-94 -8.72E-02  4.47E-06  1.55E-41 -3.41E+10 -1.89E+08 -3.49-202  8.17E+02  1.08E+09 -2.47E+06
  1.50E+05  9.78E+01  5.41E-14  8.85E-01 -1.11E+09 -1.02E+08  3.50E+06  6.07E-18  2.65E-45  1.65E-94 -1.66E-01  6.83E-06  1.03E-42 -5.08E+10 -2.65E+08 -9.19-189 -9.03E+02  1.07E+09 -5.84E+06
  2.50E+05  4.65E+01  1.28E-14  5.88E-01 -8.61E+08 -9.19E+07  1.89E+06  1.31E-18  9.62E-47  1.65E-94 -3.68E-01  6.38E-06  4.15E-44 -6.23E+10 -2.92E+08 -1.17-175 -1.66E+03  1.07E+09 -1.47E+07
  3.50E+05  2.08E+01  2.76E-15  3.40E-01 -7.37E+08 -7.59E+07  8.42E+05  2.24E-19  2.32E-48  1.64E-94 -8.50E-01  5.40E-06  1.27E-45 -6.79E+10 -2.50E+08 -6.93-163 -1.87E+03  1.07E+09 -3.62E+07
  4.50E+05  9.21E+00  5.81E-16  1.90E-01 -6.84E+08 -5.14E+07  3.52E+05  3.33E-20  4.34E-50  1.64E-94 -2.04E+00  4.44E-06  3.33E-47 -6.80E+10 -1.66E+08 -1.79-150 -1.10E+03  1.06E+09 -9.26E+07
  5.50E+05  4.06E+00  1.17E-16  1.10E-01 -6.73E+08 -1.69E+07  1.43E+05  4.50E-21  6.77E-52  1.63E-94 -4.80E+00  3.66E-06  7.59E-49 -6.40E+10 -7.47E+07 -1.82-138  2.12E+02  1.06E+09 -1.83E+08
  6.50E+05  1.64E+00  2.10E-17  5.85E-02 -6.40E+08  5.28E+06  5.99E+04  5.62E-22  9.10E-54  1.63E-94 -1.15E+01  3.11E-06  1.46E-50 -5.95E+10 -2.88E+07 -6.37-127  3.45E+02  1.06E+09 -1.98E+08
  7.50E+05  5.64E-01  3.43E-18  2.05E-02 -5.45E+08 -3.29E+06  2.79E+04  6.56E-23  1.08E-55  1.62E-94 -3.70E+01  2.77E-06  2.75E-52 -5.58E+10 -3.28E+07 -6.54-116 -5.65E+02  1.06E+09 -9.51E+07
  8.50E+05  2.12E-01  7.29E-19  1.77E-03 -4.36E+08 -1.80E+07  1.37E+04  7.27E-24  1.17E-57  1.62E-94 -1.50E+02  2.54E-06  7.13E-54 -5.13E+10 -4.71E+07 -1.69-105 -1.00E+03  1.06E+09  1.72E+07
  9.50E+05  1.01E-01  2.24E-19 -3.18E-03 -3.62E+08 -1.73E+07  6.30E+03  7.52E-25  1.15E-59  1.61E-94 -5.85E+02  2.37E-06  2.45E-55 -4.52E+10 -5.64E+07 -9.39E-96 -1.12E+03  1.06E+09  5.95E+07
  1.05E+06  4.57E-02  6.27E-20  9.60E-03 -3.18E+08 -7.59E+06  2.39E+03  5.70E-26  7.65E-62  1.60E-94 -4.93E+02  2.25E-06  7.06E-57 -3.88E+10 -6.82E+07 -1.43E-86 -1.56E+02  1.06E+09  3.77E+07
  1.15E+06  1.52E-02  1.10E-20  4.68E-03 -2.74E+08 -1.64E+06  6.45E+02  1.56E-27  1.09E-64  1.60E-94 -4.79E+02  2.15E-06  6.68E-59 -3.33E+10 -7.56E+07 -2.83E-77 -9.59E+01  1.06E+09  1.08E+07
  1.25E+06  2.58E-03 -2.04E-20 -1.87E-03 -2.26E+08  8.83E+05  1.44E+02  8.88E-30  5.50E-68  1.59E-94 -7.50E+01  2.08E-06 -9.49E-61 -2.94E+10 -7.68E+07 -2.04E-67 -1.02E+02  1.06E+09  2.39E+06
  1.35E+06  2.69E-04 -4.01E-19 -1.05E-02 -1.67E+08  9.96E+05  2.59E+01 -4.39E-29 -3.10E-67  1.58E-94 -3.29E+01  2.04E-06 -7.94E-59 -2.71E+10 -7.78E+07 -5.16E-58 -1.48E+02  1.05E+09 -6.33E+04
  1.45E+06  2.35E-05 -8.04E-18 -4.15E-02 -9.48E+07  1.03E+05  4.63E+00 -1.15E-28 -2.46E-66  1.57E-94 -5.35E+01  2.01E-06 -4.83E-57 -2.59E+10 -7.86E+07 -1.28E-49 -2.57E+02  1.05E+09 -7.44E+05
  1.55E+06  2.81E-06 -1.04E-16 -1.20E-01 -3.49E+07  8.61E+04  6.72E-01 -2.08E-28 -1.03E-65  1.57E-94 -5.50E+01  1.99E-06 -1.40E-55 -2.52E+10 -7.94E+07 -1.86E-42 -3.57E+02  1.05E+09 -1.02E+06
  1.65E+06  3.85E-07 -9.60E-16 -2.82E-01  7.52E+06  2.50E+05 -1.14E-01 -4.22E-28 -4.13E-65  1.56E-94 -5.03E+01  1.97E-06 -2.61E-54 -2.49E+10 -7.94E+07 -2.46E-36 -4.65E+02  1.05E+09 -1.16E+06
  1.75E+06  5.83E-08 -6.57E-15 -5.31E-01  3.42E+07  4.07E+05 -3.43E-01 -1.42E-27 -3.33E-64  1.55E-94 -4.15E+01  1.95E-06 -4.66E-53 -2.51E+10 -7.83E+07 -4.28E-31 -5.83E+02  1.05E+09 -1.31E+06
  1.85E+06  7.91E-09 -3.03E-14 -6.82E-01  4.65E+07  5.20E+05 -3.78E-01 -4.59E-27 -2.89E-63  1.54E-94 -1.75E+01  1.92E-06 -6.12E-52 -2.58E+10 -7.61E+07 -1.26E-26 -7.27E+02  1.04E+09 -1.53E+06
  1.95E+06 -1.77E-09 -9.12E-14 -4.65E-01  4.33E+07  5.06E+05 -2.00E-01 -1.05E-26 -1.45E-62  1.53E-94  1.59E+01  1.88E-06 -4.10E-51 -2.70E+10 -7.23E+07 -8.42E-23 -9.11E+02  1.03E+09 -1.83E+06
  2.05E+06 -5.94E-09 -2.30E-13 -2.88E-01  2.36E+07  2.98E+05 -9.62E-02 -2.19E-26 -5.29E-62  1.52E-94  1.58E+01  1.83E-06 -1.84E-50 -2.87E+10 -6.63E+07 -1.63E-19 -1.14E+03  1.03E+09 -2.15E+06
  2.15E+06 -1.05E-08 -5.16E-13 -1.62E-01  1.15E+07  1.56E+05 -3.30E-02 -4.42E-26 -1.74E-61  1.51E-94  1.03E+01  1.77E-06 -6.82E-50 -3.07E+10 -5.79E+07 -1.06E-16 -1.42E+03  1.01E+09 -2.44E+06
  2.25E+06 -1.67E-08 -1.06E-12 -5.43E-02  5.64E+06  8.38E+04  2.33E-02 -8.77E-26 -5.33E-61  1.50E-94  6.54E+00  1.67E-06 -2.21E-49 -3.27E+10 -4.66E+07 -2.85E-14 -1.77E+03  9.97E+08 -2.59E+06
  2.35E+06 -2.37E-08 -1.94E-12  4.45E-02  2.79E+06  4.61E+04  7.48E-02 -1.59E-25 -1.40E-60  1.49E-94  4.96E+00  1.56E-06 -5.95E-49 -3.41E+10 -3.30E+07 -3.66E-12 -2.15E+03  9.75E+08 -2.54E+06
  2.45E+06 -3.05E-08 -3.24E-12  1.22E-01  1.38E+06  2.57E+04  1.11E-01 -2.53E-25 -2.91E-60  1.48E-94  4.30E+00  1.41E-06 -1.29E-48 -3.47E+10 -1.79E+07 -2.54E-10 -2.55E+03  9.46E+08 -2.22E+06
  2.55E+06 -3.55E-08 -4.90E-12  1.73E-01  6.78E+05  1.41E+04  1.28E-01 -3.36E-25 -4.36E-60  1.47E-94  4.13E+00  1.24E-06 -2.18E-48 -3.41E+10 -2.72E+06 -1.06E-08 -2.91E+03  9.09E+08 -1.62E+06
  2.65E+06 -3.60E-08 -6.60E-12  2.01E-01  3.30E+05  6.67E+03  1.29E-01 -3.45E-25 -3.93E-60  1.46E-94  4.22E+00  1.05E-06 -2.62E-48 -3.19E+10  1.13E+07 -2.78E-07 -3.19E+03  8.64E+08 -8.28E+05
  2.75E+06 -3.28E-08 -8.21E-12  1.98E-01  1.59E+05 -2.60E+02  1.14E-01 -2.69E-25 -1.39E-60  1.45E-94  3.94E+00  8.47E-07 -2.18E-48 -2.84E+10  2.35E+07 -4.92E-06 -3.34E+03  8.10E+08  5.27E+04
  2.85E+06 -2.79E-08 -9.73E-12  1.73E-01  7.59E+04 -1.17E+04  9.10E-02 -1.51E-25  1.30E-60  1.44E-94  2.64E+00  6.48E-07 -1.14E-48 -2.35E+10  3.29E+07 -6.08E-05 -3.32E+03  7.48E+08  8.69E+05
  2.95E+06 -1.54E-08 -9.77E-12  1.47E-01  3.59E+04 -3.39E+04  6.85E-02  4.29E-26  3.42E-60  1.43E-94  2.08E+00  4.65E-07  6.42E-49 -1.77E+10  3.80E+07 -5.21E-04 -3.14E+03  6.79E+08  1.41E+06
  3.05E+06 -6.49E-09 -9.89E-12  1.11E-01  1.71E+04 -1.71E+04  4.67E-02  1.45E-25  2.96E-60  1.42E-94  9.34E-01  3.10E-07  1.43E-48 -1.19E+10  3.99E+07 -3.37E-03 -2.76E+03  6.07E+08  1.75E+06
  3.15E+06 -1.37E-09 -1.05E-11  7.87E-02  8.21E+03 -8.21E+03  2.97E-02  1.66E-25  1.79E-60  1.40E-94 -6.25E-01  1.91E-07  1.42E-48 -6.76E+09  3.84E+07 -1.67E-02 -2.23E+03  5.33E+08  1.83E+06
  3.25E+06  3.03E-09 -1.08E-11  5.41E-02  4.02E+03 -4.02E+03  1.81E-02  1.59E-25  9.27E-61  1.39E-94 -1.62E+00  1.08E-07  1.16E-48 -2.62E+09  3.37E+07 -6.36E-02 -1.62E+03  4.61E+08  1.67E+06
  3.35E+06  3.04E-09 -1.25E-11  3.45E-02  2.01E+03 -2.00E+03  1.05E-02  1.17E-25  4.08E-61  1.38E-94 -2.57E+00  5.54E-08  7.48E-49  2.01E+08  2.77E+07 -1.98E-01 -9.68E+02  3.92E+08  1.40E+06
  3.45E+06 -5.40E-10 -1.69E-11  1.94E-02  1.02E+03 -1.02E+03  5.97E-03  6.81E-26  1.66E-61  1.36E-94 -3.39E+00  2.59E-08  3.86E-49  1.91E+09  2.17E+07 -5.22E-01 -3.57E+02  3.30E+08  1.10E+06
  3.55E+06 -5.96E-09 -2.46E-11  7.94E-03  5.23E+02 -5.19E+02  3.37E-03  2.56E-26  6.60E-62  1.35E-94 -3.41E+00  1.10E-08  1.30E-49  2.91E+09  1.64E+07 -1.18E+00  1.76E+02  2.74E+08  8.20E+05
  3.65E+06 -1.33E-08 -3.90E-11 -1.40E-03  2.65E+02 -2.63E+02  1.95E-03 -1.28E-26  2.38E-62  1.33E-94 -2.36E+00  4.27E-09 -8.07E-50  3.60E+09  1.23E+07 -2.43E+00  6.34E+02  2.26E+08  5.94E+05
  3.75E+06 -1.93E-08 -5.95E-11 -8.28E-03  1.31E+02 -1.31E+02  1.21E-03 -3.96E-26  6.87E-63  1.32E-94 -1.71E-01  1.52E-09 -2.45E-49  4.21E+09  8.98E+06 -4.42E+00  1.02E+03  1.85E+08  4.09E+05
  3.85E+06 -2.35E-08 -8.75E-11 -1.33E-02  6.28E+01 -6.48E+01  8.23E-04 -5.58E-26  9.06E-64  1.30E-94  1.95E+00  4.92E-10 -3.81E-49  4.93E+09  6.52E+06 -7.37E+00  1.34E+03  1.50E+08  2.70E+05
  3.95E+06 -2.61E-08 -1.27E-10 -1.74E-02  2.89E+01 -3.22E+01  6.24E-04 -6.22E-26  6.80E-64  1.28E-94  3.25E+00  1.47E-10 -4.86E-49  5.87E+09  4.78E+06 -1.16E+01  1.61E+03  1.22E+08  1.74E+05
  4.05E+06 -2.68E-08 -1.75E-10 -2.04E-02  1.26E+01 -1.63E+01  4.92E-04 -5.89E-26  3.18E-63  1.26E-94  3.72E+00  4.03E-11 -5.37E-49  6.86E+09  3.48E+06 -1.71E+01  1.79E+03  9.83E+07  1.07E+05
  4.15E+06 -2.69E-08 -2.37E-10 -2.32E-02  4.86E+00 -8.51E+00  3.85E-04 -5.25E-26  5.35E-63  1.24E-94  3.68E+00  1.02E-11 -5.56E-49  7.76E+09  2.51E+06 -2.39E+01  1.86E+03  7.91E+07  6.28E+04
  4.25E+06 -2.78E-08 -3.22E-10 -2.66E-02  1.25E+00 -4.65E+00  2.95E-04 -5.07E-26  5.77E-63  1.22E-94  3.43E+00  2.38E-12 -5.98E-49  8.56E+09  1.79E+06 -3.28E+01  1.84E+03  6.37E+07  3.61E+04
  4.35E+06 -3.01E-08 -4.39E-10 -3.15E-02 -4.14E-01 -2.67E+00  2.15E-04 -5.85E-26  4.36E-63  1.20E-94  3.12E+00  5.25E-13 -7.15E-49  9.16E+09  1.23E+06 -4.47E+01  1.72E+03  5.12E+07  2.03E+04
  4.45E+06 -3.32E-08 -6.01E-10 -3.80E-02 -1.13E+00 -1.62E+00  1.44E-04 -7.75E-26  1.70E-63  1.18E-94  2.78E+00  1.10E-13 -9.52E-49  9.33E+09  8.03E+05 -6.05E+01  1.49E+03  4.12E+07  1.12E+04
  4.55E+06 -3.70E-08 -8.11E-10 -4.59E-02 -1.36E+00 -1.02E+00  8.16E-05 -1.09E-25 -1.99E-63  1.16E-94  2.43E+00  2.19E-14 -1.35E-48  8.98E+09  4.93E+05 -8.01E+01  1.18E+03  3.31E+07  5.96E+03
  4.65E+06 -4.24E-08 -1.15E-09 -5.89E-02 -1.39E+00 -6.73E-01  3.41E-05 -1.58E-25 -6.22E-63  1.13E-94  2.12E+00  4.22E-15 -2.06E-48  8.51E+09  2.96E+05 -1.12E+02  9.07E+02  2.67E+07  3.27E+03
  4.75E+06 -4.80E-08 -1.60E-09 -7.40E-02 -1.31E+00 -4.53E-01 -6.17E-06 -2.24E-25 -1.16E-62  1.11E-94  1.84E+00  5.31E-16 -3.11E-48  7.77E+09  1.72E+05 -1.54E+02  6.54E+02  2.15E+07  1.78E+03
  4.85E+06 -5.15E-08 -2.20E-09 -9.05E-02 -1.19E+00 -3.08E-01 -3.21E-05 -2.98E-25 -1.70E-62  1.08E-94  1.59E+00 -4.37E-16 -4.48E-48  7.10E+09  9.80E+04 -2.06E+02  4.54E+02  1.74E+07  9.73E+02
  4.95E+06 -5.08E-08 -3.00E-09 -1.07E-01 -1.06E+00 -2.09E-01 -4.20E-05 -3.69E-25 -2.07E-62  1.05E-94  1.38E+00 -8.73E-16 -6.02E-48  6.66E+09  5.57E+04 -2.66E+02  3.09E+02  1.41E+07  5.43E+02
  5.05E+06 -4.91E-08 -4.02E-09 -1.25E-01 -9.18E-01 -1.41E-01 -4.89E-05 -4.50E-25 -2.47E-62  1.03E-94  1.18E+00 -1.23E-15 -7.93E-48  6.11E+09  3.13E+04 -3.33E+02  2.06E+02  1.14E+07  3.01E+02
  5.15E+06 -4.72E-08 -5.33E-09 -1.44E-01 -7.58E-01 -9.50E-02 -5.46E-05 -5.44E-25 -2.93E-62  9.97E-95  9.97E-01 -1.62E-15 -1.03E-47  5.45E+09  1.73E+04 -4.11E+02  1.34E+02  9.31E+06  1.66E+02
  5.25E+06 -4.53E-08 -7.02E-09 -1.66E-01 -5.96E-01 -6.38E-02 -5.93E-05 -6.54E-25 -3.44E-62  9.68E-95  8.25E-01 -2.07E-15 -1.33E-47  4.76E+09  9.52E+03 -4.98E+02  8.55E+01  7.59E+06  9.11E+01
  5.35E+06 -4.34E-08 -9.17E-09 -1.89E-01 -4.40E-01 -4.29E-02 -6.29E-05 -7.80E-25 -4.00E-62  9.39E-95  6.73E-01 -2.57E-15 -1.70E-47  4.11E+09  5.20E+03 -5.96E+02  5.41E+01  6.20E+06  5.00E+01
  5.45E+06 -4.19E-08 -1.19E-08 -2.15E-01 -2.98E-01 -2.88E-02 -6.60E-05 -9.29E-25 -4.65E-62  9.09E-95  5.42E-01 -3.14E-15 -2.16E-47  3.51E+09  2.83E+03 -7.06E+02  3.39E+01  5.07E+06  2.74E+01
  5.55E+06 -4.11E-08 -1.54E-08 -2.44E-01 -1.70E-01 -1.93E-02 -6.90E-05 -1.11E-24 -5.42E-62  8.79E-95  4.33E-01 -3.79E-15 -2.74E-47  2.98E+09  1.53E+03 -8.28E+02  2.11E+01  4.16E+06  1.50E+01
  5.65E+06 -4.11E-08 -1.99E-08 -2.77E-01 -5.48E-02 -1.29E-02 -7.21E-05 -1.32E-24 -6.39E-62  8.49E-95  3.44E-01 -4.51E-15 -3.48E-47  2.52E+09  8.31E+02 -9.63E+02  1.31E+01  3.41E+06  8.24E+00
  5.75E+06 -4.20E-08 -2.56E-08 -3.12E-01  4.83E-02 -8.68E-03 -7.58E-05 -1.59E-24 -7.66E-62  8.18E-95  2.72E-01 -5.30E-15 -4.44E-47  2.13E+09  4.51E+02 -1.11E+03  8.05E+00  2.81E+06  4.52E+00
  5.85E+06 -4.42E-08 -3.28E-08 -3.51E-01  1.42E-01 -5.82E-03 -8.02E-05 -1.92E-24 -9.39E-62  7.88E-95  2.15E-01 -6.18E-15 -5.72E-47  1.80E+09  2.44E+02 -1.28E+03  4.95E+00  2.31E+06  2.48E+00
  5.95E+06 -4.75E-08 -4.20E-08 -3.94E-01  2.29E-01 -3.90E-03 -8.52E-05 -2.36E-24 -1.18E-61  7.57E-95  1.69E-01 -7.13E-15 -7.43E-47  1.53E+09  1.33E+02 -1.45E+03  3.03E+00  1.90E+06  1.36E+00
  6.05E+06 -5.19E-08 -5.36E-08 -4.42E-01  3.11E-01 -2.61E-03 -9.09E-05 -2.93E-24 -1.52E-61  7.27E-95  1.33E-01 -8.16E-15 -9.74E-47  1.30E+09  7.21E+01 -1.65E+03  1.86E+00  1.57E+06  7.49E-01
  6.15E+06 -5.75E-08 -6.83E-08 -4.93E-01  3.90E-01 -1.74E-03 -9.72E-05 -3.69E-24 -1.99E-61  6.96E-95  1.05E-01 -9.25E-15 -1.29E-46  1.10E+09  3.93E+01 -1.85E+03  1.13E+00  1.30E+06  4.14E-01
  6.25E+06 -6.42E-08 -8.68E-08 -5.50E-01  4.69E-01 -1.16E-03 -1.04E-04 -4.69E-24 -2.68E-61  6.66E-95  8.25E-02 -1.04E-14 -1.73E-46  9.29E+08  2.15E+01 -2.07E+03  6.93E-01  1.07E+06  2.30E-01
  6.35E+06 -7.19E-08 -1.10E-07 -6.11E-01  5.48E-01 -7.67E-04 -1.11E-04 -6.02E-24 -3.66E-61  6.36E-95  6.48E-02 -1.16E-14 -2.35E-46  7.82E+08  1.19E+01 -2.31E+03  4.23E-01  8.89E+05  1.28E-01
  6.45E+06 -8.03E-08 -1.40E-07 -6.78E-01  6.28E-01 -5.06E-04 -1.17E-04 -7.76E-24 -5.05E-61  6.06E-95  5.08E-02 -1.28E-14 -3.19E-46  6.53E+08  6.57E+00 -2.56E+03  2.59E-01  7.37E+05  7.20E-02
  6.55E+06 -8.92E-08 -1.76E-07 -7.48E-01  7.09E-01 -3.31E-04 -1.22E-04 -1.00E-23 -7.00E-61  5.76E-95  3.97E-02 -1.40E-14 -4.35E-46  5.41E+08  3.67E+00 -2.83E+03  1.59E-01  6.11E+05  4.08E-02
  6.65E+06 -9.90E-08 -2.22E-07 -8.21E-01  7.90E-01 -2.15E-04 -1.26E-04 -1.30E-23 -9.75E-61  5.46E-95  3.10E-02 -1.53E-14 -5.92E-46  4.46E+08  2.07E+00 -3.11E+03  9.79E-02  5.07E+05  2.33E-02
  6.75E+06 -1.11E-07 -2.78E-07 -8.95E-01  8.71E-01 -1.38E-04 -1.30E-04 -1.69E-23 -1.38E-60  5.17E-95  2.42E-02 -1.67E-14 -8.08E-46  3.68E+08  1.17E+00 -3.39E+03  6.06E-02  4.22E+05  1.34E-02
  6.85E+06 -1.29E-07 -3.47E-07 -9.69E-01  9.50E-01 -8.73E-05 -1.38E-04 -2.26E-23 -2.04E-60  4.88E-95  1.88E-02 -1.86E-14 -1.13E-45  3.06E+08  6.66E-01 -3.68E+03  3.77E-02  3.51E+05  7.73E-03
  6.95E+06 -1.64E-07 -4.29E-07 -1.04E+00  1.02E+00 -5.44E-05 -1.57E-04 -3.23E-23 -3.37E-60  4.59E-95  1.47E-02 -2.15E-14 -1.66E-45  2.60E+08  3.76E-01 -3.97E+03  2.34E-02  2.93E+05  4.39E-03
  7.05E+06 -2.34E-07 -5.26E-07 -1.10E+00  1.09E+00 -3.32E-05 -1.99E-04 -5.12E-23 -6.58E-60  4.31E-95  1.14E-02 -2.63E-14 -2.67E-45  2.28E+08  2.07E-01 -4.22E+03  1.43E-02  2.45E+05  2.41E-03
  7.15E+06 -3.69E-07 -6.36E-07 -1.13E+00  1.12E+00 -1.98E-05 -2.72E-04 -9.06E-23 -1.55E-59  4.03E-95  8.88E-03 -3.44E-14 -4.78E-45  2.02E+08  1.09E-01 -4.40E+03  8.56E-03  2.05E+05  1.23E-03
  7.25E+06 -6.12E-07 -7.54E-07 -1.14E+00  1.13E+00 -1.14E-05 -3.78E-04 -1.74E-22 -4.28E-59  3.76E-95  6.80E-03 -4.77E-14 -9.19E-45  1.74E+08  5.36E-02 -4.45E+03  5.02E-03  1.72E+05  5.53E-04
  7.35E+06 -1.01E-06 -8.72E-07 -1.09E+00  1.09E+00 -6.32E-06 -4.98E-04 -3.42E-22 -1.29E-58  3.49E-95  5.10E-03 -6.81E-14 -1.79E-44  1.40E+08  2.54E-02 -4.28E+03  2.96E-03  1.45E+05  2.05E-04
  7.45E+06 -1.39E-06 -8.95E-07 -7.87E-01  7.84E-01 -3.27E-06 -4.76E-04 -5.46E-22 -2.94E-58  3.23E-95  3.77E-03 -9.65E-14 -2.62E-44  1.10E+08  1.66E-02 -3.01E+03  2.28E-03  1.22E+05  1.63E-04
  7.55E+06 -1.88E-06 -9.89E-07 -7.19E-01  7.16E-01 -1.68E-06 -4.64E-04 -8.51E-22 -6.25E-58  2.97E-95  2.72E-03 -1.34E-13 -3.84E-44  7.51E+07  1.39E-02 -2.81E+03  1.64E-03  1.03E+05  1.61E-04
  7.65E+06 -2.40E-06 -1.10E-06 -6.66E-01  6.65E-01 -8.76E-07 -4.08E-04 -1.22E-21 -1.15E-57  2.72E-95  1.91E-03 -1.78E-13 -5.16E-44  5.11E+07  1.29E-02 -2.79E+03  1.26E-03  8.71E+04  1.74E-04
  7.75E+06 -3.19E-06 -1.19E-06 -5.93E-01  5.92E-01 -4.72E-07 -3.72E-04 -1.78E-21 -2.10E-57  2.48E-95  1.26E-03 -2.25E-13 -6.93E-44  3.66E+07  1.17E-02 -2.71E+03  9.26E-04  7.38E+04  1.53E-04
  7.85E+06 -4.15E-06 -1.27E-06 -5.05E-01  5.04E-01 -2.67E-07 -2.96E-04 -2.38E-21 -3.35E-57  2.25E-95  6.78E-04 -2.69E-13 -8.38E-44  2.55E+07  1.26E-02 -2.66E+03  6.79E-04  6.25E+04  1.62E-04
  7.95E+06 -8.11E-07 -1.56E-06 -6.26E-01  6.26E-01 -1.61E-07  2.87E-04 -6.21E-23  1.57E-57  2.03E-95  7.37E-05 -3.02E-13  7.83E-45  8.62E+06  1.87E-02 -3.99E+03  7.76E-04  5.28E+04  3.21E-04
  8.05E+06  6.44E-06 -2.44E-06 -1.17E+00  1.17E+00 -1.02E-07  9.91E-04  3.58E-21  3.55E-57  1.81E-95 -6.59E-04 -3.09E-13  1.32E-43 -1.82E+07  1.85E-02 -8.20E+03  1.01E-03  4.46E+04  3.37E-04
  8.15E+06  2.87E-06 -3.29E-06 -1.46E+00  1.46E+00 -6.73E-08  5.26E-04  9.75E-22  1.28E-58  1.61E-95 -1.53E-03 -2.44E-13  3.79E-44 -4.62E+07  8.51E-03 -1.23E+04  6.56E-04  3.75E+04  1.14E-04
  8.25E+06  4.49E-07 -3.60E-06 -1.27E+00  1.27E+00 -4.39E-08  1.32E-04  8.46E-23  7.78E-61  1.42E-95 -2.26E-03 -9.83E-14  3.52E-45 -6.56E+07  2.60E-03 -1.43E+04  2.17E-04  3.14E+04  2.02E-05
  8.35E+06  5.89E-08 -3.74E-06 -1.02E+00  1.02E+00 -2.75E-08  2.87E-05  6.33E-24  3.96E-63  1.24E-95 -2.65E-03  3.87E-14  2.70E-46 -7.61E+07  7.01E-04 -1.59E+04  5.58E-05  2.63E+04  2.89E-06
  8.45E+06  8.55E-09 -3.90E-06 -8.26E-01  8.29E-01 -1.63E-08  6.68E-06  5.64E-25  2.97E-65  1.07E-95 -2.65E-03  9.85E-14  2.39E-47 -7.97E+07  1.83E-04 -1.86E+04  1.62E-05  2.19E+04  4.21E-07
  8.55E+06  1.44E-09 -4.09E-06 -6.86E-01  6.88E-01 -9.12E-09  1.74E-06  6.33E-26  3.57E-67  9.10E-96 -2.33E-03  9.71E-14  2.59E-48 -7.76E+07  4.74E-05 -2.29E+04  6.42E-06  1.81E+04  7.31E-08
  8.65E+06  2.83E-10 -4.30E-06 -5.77E-01  5.79E-01 -4.80E-09  5.06E-07  8.83E-27  6.69E-69  7.67E-96 -1.82E-03  7.48E-14  3.44E-49 -7.09E+07  1.25E-05 -3.00E+04  3.28E-06  1.50E+04  1.66E-08
  8.75E+06  6.34E-11 -4.53E-06 -4.90E-01  4.91E-01 -2.38E-09  1.62E-07  1.49E-27  1.92E-70  6.38E-96 -1.25E-03  5.32E-14  5.48E-50 -6.08E+07  3.48E-06 -4.26E+04  1.90E-06  1.23E+04  4.82E-09
  8.85E+06  1.60E-11 -4.78E-06 -4.19E-01  4.20E-01 -1.12E-09  5.65E-08  2.98E-28  8.99E-72  5.22E-96 -7.04E-04  3.71E-14  1.03E-50 -4.87E+07  1.06E-06 -6.74E+04  1.16E-06  1.01E+04  1.65E-09
  8.95E+06  4.52E-12 -5.04E-06 -3.61E-01  3.61E-01 -5.03E-10  2.14E-08  6.93E-29  7.74E-73  4.21E-96 -2.55E-04  2.57E-14  2.22E-51 -3.60E+07  3.66E-07 -1.21E+05  7.40E-07  8.27E+03  6.28E-10
  9.05E+06  1.41E-12 -5.32E-06 -3.13E-01  3.12E-01 -2.16E-10  8.65E-09  1.84E-29  1.19E-73  3.32E-96  7.24E-05  1.76E-14  5.47E-52 -2.40E+07  1.47E-07 -2.41E+05  5.09E-07  6.75E+03  2.57E-10
  9.15E+06  4.78E-13 -5.62E-06 -2.71E-01  2.71E-01 -8.85E-11  3.73E-09  5.49E-30  2.65E-74  2.57E-96  2.78E-04  1.19E-14  1.52E-52 -1.36E+07  6.79E-08 -5.11E+05  4.04E-07  5.48E+03  1.11E-10
  9.25E+06  1.76E-13 -5.93E-06 -2.35E-01  2.35E-01 -3.50E-11  1.71E-09  1.79E-30  7.33E-75  1.94E-96  3.81E-04  7.67E-15  4.72E-53 -5.25E+06  3.44E-08 -1.10E+06  3.80E-07  4.43E+03  5.04E-11
  9.35E+06  6.98E-14 -6.24E-06 -2.03E-01  2.03E-01 -1.34E-11  8.21E-10  6.15E-31  2.37E-75  1.42E-96  4.06E-04  4.60E-15  1.61E-53  9.37E+05  1.83E-08 -2.36E+06  3.90E-07  3.55E+03  2.36E-11
  9.45E+06  2.95E-14 -6.55E-06 -1.74E-01  1.74E-01 -5.02E-12  4.14E-10  1.99E-31  8.78E-76  1.01E-96  3.81E-04  2.23E-15  5.91E-54  5.15E+06  9.87E-09 -4.88E+06  3.88E-07  2.82E+03  1.11E-11
  9.55E+06  1.32E-14 -6.85E-06 -1.48E-01  1.48E-01 -1.72E-12  2.17E-10  3.80E-32  3.70E-76  6.87E-97  3.28E-04  2.46E-16  2.23E-54  7.70E+06  5.21E-09 -9.63E+06  3.50E-07  2.18E+03  5.20E-12
  9.65E+06  6.25E-15 -7.13E-06 -1.24E-01  1.24E-01 -7.02E-13  1.18E-10 -3.11E-32  1.75E-76  4.40E-97  2.61E-04 -1.68E-15  7.85E-55  9.01E+06  2.64E-09 -1.79E+07  2.81E-07  1.63E+03  2.37E-12
  9.75E+06  3.08E-15 -7.38E-06 -1.02E-01  1.02E-01 -3.75E-13  6.62E-11 -6.46E-32  9.01E-77  2.58E-97  1.90E-04 -3.98E-15  1.68E-55  9.48E+06  1.29E-09 -3.15E+07  2.04E-07  1.14E+03  1.05E-12
  9.85E+06  1.56E-15 -7.50E-06 -7.99E-02  7.98E-02 -1.71E-13  3.76E-11 -8.36E-32  5.13E-77  1.27E-97  1.18E-04 -7.48E-15 -1.00E-55  9.51E+06  5.84E-10 -5.20E+07  1.40E-07  6.92E+02  4.47E-13
  9.95E+06  7.75E-16 -7.10E-06 -4.17E-02  4.17E-02 -1.07E-14  2.09E-11 -9.38E-32  4.06E-77  3.46E-98  4.19E-05 -1.24E-14 -1.20E-55  9.41E+06  1.82E-10 -8.15E+07  9.31E-08  2.49E+02  1.45E-13
  1.00E+07  4.49E-20  1.06E-10  1.24E-10  1.32E-10  1.34E-14  3.15E-16  2.65E-36  6.14E-83 -8.58-112  1.90E-15  9.65E-24  4.59E-60 -5.33E-04  3.70E-23 -1.00E+08 -2.17E-16  2.93E-12  7.37E-26

     Z        N2O5      CO2       SO4AER    S8AER   
  0.00E+00 -8.39E-07 -2.80E+11 -7.79E+07  2.94E-20
  5.00E+04 -1.52E+02 -2.56E+11 -6.13E+08 -1.17E-22
  1.50E+05 -4.55E+02 -2.12E+11 -1.64E+09 -1.13E-22
  2.50E+05 -1.40E+03 -1.73E+11 -2.26E+09 -1.10E-22
  3.50E+05 -4.29E+03 -1.37E+11 -2.47E+09 -1.07E-22
  4.50E+05 -1.24E+04 -1.06E+11 -2.50E+09 -1.05E-22
  5.50E+05 -2.16E+04 -7.94E+10 -2.42E+09 -1.04E-22
  6.50E+05 -1.85E+04 -5.96E+10 -2.32E+09 -1.03E-22
  7.50E+05 -1.44E+04 -4.58E+10 -2.23E+09 -1.04E-22
  8.50E+05 -1.23E+04 -3.55E+10 -2.11E+09 -1.05E-22
  9.50E+05 -7.50E+03 -2.68E+10 -1.96E+09 -1.06E-22
  1.05E+06 -3.49E+03 -1.94E+10 -1.74E+09 -1.06E-22
  1.15E+06 -4.82E+03 -1.35E+10 -1.43E+09 -1.04E-22
  1.25E+06 -5.91E+03 -9.60E+09 -1.11E+09 -1.02E-22
  1.35E+06 -9.59E+03 -7.38E+09 -8.34E+08 -1.00E-22
  1.45E+06 -1.80E+04 -6.27E+09 -6.21E+08 -9.86E-23
  1.55E+06 -3.21E+04 -5.61E+09 -4.44E+08 -9.70E-23
  1.65E+06 -5.13E+04 -5.17E+09 -2.98E+08 -9.56E-23
  1.75E+06 -7.15E+04 -4.86E+09 -1.83E+08 -9.42E-23
  1.85E+06 -9.17E+04 -4.62E+09 -1.00E+08 -9.30E-23
  1.95E+06 -1.10E+05 -4.42E+09 -4.97E+07 -9.18E-23
  2.05E+06 -1.23E+05 -4.26E+09 -2.39E+07 -9.07E-23
  2.15E+06 -1.37E+05 -4.11E+09 -1.16E+07 -8.96E-23
  2.25E+06 -1.47E+05 -3.98E+09 -5.73E+06 -8.85E-23
  2.35E+06 -1.52E+05 -3.84E+09 -2.84E+06 -8.75E-23
  2.45E+06 -1.47E+05 -3.71E+09 -1.40E+06 -8.66E-23
  2.55E+06 -1.24E+05 -3.57E+09 -6.92E+05 -8.57E-23
  2.65E+06 -8.49E+04 -3.42E+09 -3.36E+05 -8.49E-23
  2.75E+06 -2.86E+04 -3.27E+09 -1.59E+05 -8.41E-23
  2.85E+06  3.30E+04 -3.10E+09 -6.42E+04 -8.32E-23
  2.95E+06  7.76E+04 -2.93E+09 -2.00E+03 -8.23E-23
  3.05E+06  1.10E+05 -2.74E+09  5.59E-09 -8.14E-23
  3.15E+06  1.21E+05 -2.55E+09 -7.45E-09 -8.04E-23
  3.25E+06  1.11E+05 -2.36E+09  4.66E-10 -7.94E-23
  3.35E+06  9.16E+04 -2.18E+09  1.40E-08 -7.84E-23
  3.45E+06  6.95E+04 -1.99E+09  7.92E-09 -7.74E-23
  3.55E+06  4.88E+04 -1.82E+09  2.79E-09 -7.65E-23
  3.65E+06  3.30E+04 -1.65E+09  1.40E-09 -7.56E-23
  3.75E+06  2.08E+04 -1.49E+09  3.26E-09 -7.48E-23
  3.85E+06  1.25E+04 -1.34E+09  4.89E-09 -7.41E-23
  3.95E+06  7.15E+03 -1.20E+09  6.05E-09 -7.34E-23
  4.05E+06  3.84E+03 -1.06E+09  2.56E-09 -7.28E-23
  4.15E+06  1.92E+03 -9.30E+08  1.51E-09 -7.22E-23
  4.25E+06  9.01E+02 -8.06E+08  1.16E-10 -7.18E-23
  4.35E+06  3.98E+02 -6.88E+08 -8.73E-10 -7.14E-23
  4.45E+06  1.64E+02 -5.80E+08 -2.27E-09 -7.11E-23
  4.55E+06  6.36E+01 -4.83E+08 -1.22E-09 -7.10E-23
  4.65E+06  2.47E+01 -3.97E+08 -1.02E-09 -7.10E-23
  4.75E+06  9.30E+00 -3.22E+08 -7.28E-10 -7.11E-23
  4.85E+06  3.47E+00 -2.57E+08 -2.91E-10 -7.14E-23
  4.95E+06  1.30E+00 -2.02E+08 -1.02E-10 -7.17E-23
  5.05E+06  4.76E-01 -1.55E+08 -8.73E-11 -7.20E-23
  5.15E+06  1.71E-01 -1.14E+08 -2.91E-10 -7.23E-23
  5.25E+06  6.09E-02 -7.91E+07  5.82E-11 -7.26E-23
  5.35E+06  2.16E-02 -4.81E+07  6.55E-11 -7.29E-23
  5.45E+06  7.63E-03 -2.04E+07  3.27E-11 -7.32E-23
  5.55E+06  2.69E-03  4.79E+06 -7.28E-12 -7.36E-23
  5.65E+06  9.52E-04  2.80E+07  1.82E-11 -7.39E-23
  5.75E+06  3.37E-04  4.98E+07  0.00E+00 -7.42E-23
  5.85E+06  1.19E-04  7.03E+07  1.00E-11 -7.46E-23
  5.95E+06  4.24E-05  9.00E+07  2.73E-12 -7.50E-23
  6.05E+06  1.51E-05  1.09E+08  4.55E-13 -7.53E-23
  6.15E+06  5.42E-06  1.27E+08 -3.64E-12 -7.57E-23
  6.25E+06  1.96E-06  1.44E+08 -6.82E-13 -7.61E-23
  6.35E+06  7.13E-07  1.61E+08 -2.84E-13 -7.65E-23
  6.45E+06  2.62E-07  1.78E+08 -8.53E-14 -7.69E-23
  6.55E+06  9.79E-08  1.94E+08 -4.26E-14 -7.73E-23
  6.65E+06  3.71E-08  2.09E+08 -1.42E-14 -7.78E-23
  6.75E+06  1.42E-08  2.24E+08  0.00E+00 -7.82E-23
  6.85E+06  5.56E-09  2.38E+08 -8.88E-16 -7.86E-23
  6.95E+06  2.20E-09  2.52E+08 -6.66E-16 -7.91E-23
  7.05E+06  8.77E-10  2.65E+08 -2.22E-16 -7.95E-23
  7.15E+06  3.56E-10  2.78E+08 -4.16E-17 -7.99E-23
  7.25E+06  1.50E-10  2.90E+08  0.00E+00 -8.03E-23
  7.35E+06  6.86E-11  3.02E+08  0.00E+00 -8.07E-23
  7.45E+06  3.94E-11  3.13E+08 -5.42E-20 -8.09E-23
  7.55E+06  2.29E-11  3.24E+08  0.00E+00 -8.09E-23
  7.65E+06  1.36E-11  3.33E+08  0.00E+00 -8.08E-23
  7.75E+06  7.70E-12  3.40E+08  0.00E+00 -8.08E-23
  7.85E+06  4.51E-12  3.46E+08  0.00E+00 -8.08E-23
  7.95E+06  3.36E-12  3.49E+08  1.01E-28 -8.08E-23
  8.05E+06  1.90E-12  3.49E+08 -6.09E-17 -8.07E-23
  8.15E+06  4.35E-13  3.41E+08 -5.27E-19 -8.07E-23
  8.25E+06  5.30E-14  3.24E+08 -2.06E-21 -8.07E-23
  8.35E+06  5.24E-15  3.03E+08 -6.83E-23 -8.07E-23
  8.45E+06  5.49E-16  2.79E+08 -6.83E-23 -8.06E-23
  8.55E+06  8.18E-17  2.54E+08 -6.83E-23 -8.06E-23
  8.65E+06  2.13E-17  2.29E+08 -6.82E-23 -8.06E-23
  8.75E+06  8.23E-18  2.06E+08 -6.82E-23 -8.06E-23
  8.85E+06  3.77E-18  1.83E+08 -6.82E-23 -8.05E-23
  8.95E+06  1.87E-18  1.61E+08 -6.82E-23 -8.05E-23
  9.05E+06  1.00E-18  1.41E+08 -6.82E-23 -8.05E-23
  9.15E+06  5.77E-19  1.23E+08 -6.81E-23 -8.05E-23
  9.25E+06  3.57E-19  1.06E+08 -6.81E-23 -8.04E-23
  9.35E+06  2.28E-19  8.95E+07 -6.81E-23 -8.04E-23
  9.45E+06  1.42E-19  7.44E+07 -6.81E-23 -8.04E-23
  9.55E+06  8.07E-20  6.04E+07 -6.81E-23 -8.04E-23
  9.65E+06  4.13E-20  4.70E+07 -6.80E-23 -8.03E-23
  9.75E+06  1.92E-20  3.43E+07 -6.80E-23 -8.03E-23
  9.85E+06  8.42E-21  2.19E+07 -6.80E-23 -8.03E-23
  9.95E+06  3.00E-21  8.81E+06 -6.80E-23 -8.03E-23
  1.00E+07  1.34E-33 -7.45E-09 -6.80E-23 -8.03E-23

 AQUEOUS PHASE SPECIES

     Z      (SO2)g   (H2CO)g  (SO2)aq CH2(OH)2   HCO3-    CO3=     HSO3-    SO3=   CH2OHSO3-   OH-     SO4=      PH
  2.50E+04 5.76E-11 2.18E-10 1.20E-10 1.77E-06 3.53E-07 1.08E-12 1.49E-07 5.72E-10 2.63E-08 2.19E-10 8.85E-06 4.74E+00
  1.25E+05 1.11E-10 1.81E-10 2.82E-10 2.31E-06 3.18E-07 8.97E-13 3.69E-07 1.40E-09 8.54E-08 1.29E-10 9.53E-06 4.70E+00
  2.25E+05 1.50E-10 1.29E-10 4.69E-10 2.73E-06 2.56E-07 5.91E-13 5.87E-07 1.98E-09 1.60E-07 6.39E-11 1.16E-05 4.61E+00
  3.25E+05 1.87E-10 9.71E-11 6.33E-10 2.48E-06 1.96E-07 3.71E-13 6.88E-07 1.96E-09 1.70E-07 4.35E-11 1.43E-05 4.53E+00
  4.25E+05 2.25E-10 7.65E-11 7.65E-10 1.95E-06 1.51E-07 2.43E-13 7.09E-07 1.73E-09 1.38E-07 3.71E-11 1.69E-05 4.46E+00
  5.25E+05 2.65E-10 5.61E-11 9.01E-10 1.43E-06 1.20E-07 1.72E-13 7.39E-07 1.59E-09 1.06E-07 3.28E-11 1.91E-05 4.41E+00
  6.25E+05 3.08E-10 3.67E-11 1.05E-09 9.37E-07 9.90E-08 1.29E-13 7.85E-07 1.55E-09 7.36E-08 3.00E-11 2.10E-05 4.37E+00
  7.25E+05 3.52E-10 2.21E-11 1.19E-09 5.65E-07 8.35E-08 1.02E-13 8.38E-07 1.54E-09 4.73E-08 2.81E-11 2.24E-05 4.34E+00
  8.25E+05 3.90E-10 1.36E-11 1.32E-09 3.47E-07 7.16E-08 8.33E-14 8.85E-07 1.55E-09 3.07E-08 2.67E-11 2.36E-05 4.32E+00
  9.25E+05 4.22E-10 8.72E-12 1.43E-09 2.22E-07 6.22E-08 7.01E-14 9.28E-07 1.58E-09 2.06E-08 2.59E-11 2.43E-05 4.30E+00
  1.02E+06 4.53E-10 5.85E-12 1.54E-09 1.49E-07 5.42E-08 6.02E-14 9.82E-07 1.64E-09 1.47E-08 2.55E-11 2.47E-05 4.30E+00

 NORMAL HENRYS LAW COEFFICIENTS


     Z        O        O2       H2O      H        OH       HO2      H2O2     H2       CO       HCO      H2CO     CH4      CH3      C2H6     NO       NO2      HNO      H2S     
  2.50E+04 0.00E+00 1.60E-03 0.00E+00 0.00E+00 5.55E+01 8.97E+03 2.29E+05 8.35E-04 1.19E-03 0.00E+00 8.12E+03 1.74E-03 0.00E+00 2.60E-03 2.33E-03 1.69E-02 0.00E+00 1.31E-01
  1.25E+05 0.00E+00 1.76E-03 0.00E+00 0.00E+00 7.49E+01 1.33E+04 3.74E+05 8.64E-04 1.30E-03 0.00E+00 1.28E+04 1.94E-03 0.00E+00 3.03E-03 2.58E-03 2.00E-02 0.00E+00 1.50E-01
  2.25E+05 0.00E+00 1.97E-03 0.00E+00 0.00E+00 1.05E+02 2.06E+04 6.47E+05 8.96E-04 1.43E-03 0.00E+00 2.11E+04 2.18E-03 0.00E+00 3.60E-03 2.88E-03 2.40E-02 0.00E+00 1.74E-01
  3.25E+05 0.00E+00 2.06E-03 0.00E+00 0.00E+00 1.19E+02 2.42E+04 7.95E+05 9.09E-04 1.49E-03 0.00E+00 2.55E+04 2.28E-03 0.00E+00 3.83E-03 3.00E-03 2.57E-02 0.00E+00 1.84E-01
  4.25E+05 0.00E+00 2.06E-03 0.00E+00 0.00E+00 1.19E+02 2.42E+04 7.95E+05 9.09E-04 1.49E-03 0.00E+00 2.55E+04 2.28E-03 0.00E+00 3.83E-03 3.00E-03 2.57E-02 0.00E+00 1.84E-01
  5.25E+05 0.00E+00 2.06E-03 0.00E+00 0.00E+00 1.19E+02 2.42E+04 7.95E+05 9.09E-04 1.49E-03 0.00E+00 2.55E+04 2.28E-03 0.00E+00 3.83E-03 3.00E-03 2.57E-02 0.00E+00 1.84E-01
  6.25E+05 0.00E+00 2.06E-03 0.00E+00 0.00E+00 1.19E+02 2.42E+04 7.95E+05 9.09E-04 1.49E-03 0.00E+00 2.55E+04 2.28E-03 0.00E+00 3.83E-03 3.00E-03 2.57E-02 0.00E+00 1.84E-01
  7.25E+05 0.00E+00 2.06E-03 0.00E+00 0.00E+00 1.19E+02 2.42E+04 7.95E+05 9.09E-04 1.49E-03 0.00E+00 2.55E+04 2.28E-03 0.00E+00 3.83E-03 3.00E-03 2.57E-02 0.00E+00 1.84E-01
  8.25E+05 0.00E+00 2.06E-03 0.00E+00 0.00E+00 1.19E+02 2.42E+04 7.95E+05 9.09E-04 1.49E-03 0.00E+00 2.55E+04 2.28E-03 0.00E+00 3.83E-03 3.00E-03 2.57E-02 0.00E+00 1.84E-01
  9.25E+05 0.00E+00 2.06E-03 0.00E+00 0.00E+00 1.19E+02 2.42E+04 7.95E+05 9.09E-04 1.49E-03 0.00E+00 2.55E+04 2.28E-03 0.00E+00 3.83E-03 3.00E-03 2.57E-02 0.00E+00 1.84E-01
  1.02E+06 0.00E+00 2.06E-03 0.00E+00 0.00E+00 1.19E+02 2.42E+04 7.95E+05 9.09E-04 1.49E-03 0.00E+00 2.55E+04 2.28E-03 0.00E+00 3.83E-03 3.00E-03 2.57E-02 0.00E+00 1.84E-01

     Z        HS       S        SO       SO2      H2SO4    HSO      S2       S4       S8       SO3      OCS      S3       O3       HNO3     N        NO3      N2O      HO2NO2  
  2.50E+04 1.00E+05 0.00E+00 1.90E-03 2.08E+00 7.00E+11 9.00E+03 0.00E+00 0.00E+00 0.00E+00 7.00E+11 2.93E-02 0.00E+00 0.00E+00 6.91E+05 0.00E+00 3.80E-02 3.57E-02 3.09E+04
  1.25E+05 1.00E+05 0.00E+00 1.90E-03 2.53E+00 7.00E+11 9.00E+03 0.00E+00 0.00E+00 0.00E+00 7.00E+11 3.37E-02 0.00E+00 0.00E+00 1.23E+06 0.00E+00 3.80E-02 4.24E-02 4.88E+04
  2.25E+05 1.00E+05 0.00E+00 1.90E-03 3.13E+00 7.00E+11 9.00E+03 0.00E+00 0.00E+00 0.00E+00 7.00E+11 3.94E-02 0.00E+00 0.00E+00 2.35E+06 0.00E+00 3.80E-02 5.14E-02 8.14E+04
  3.25E+05 1.00E+05 0.00E+00 1.90E-03 3.39E+00 7.00E+11 9.00E+03 0.00E+00 0.00E+00 0.00E+00 7.00E+11 4.18E-02 0.00E+00 0.00E+00 2.99E+06 0.00E+00 3.80E-02 5.53E-02 9.86E+04
  4.25E+05 1.00E+05 0.00E+00 1.90E-03 3.39E+00 7.00E+11 9.00E+03 0.00E+00 0.00E+00 0.00E+00 7.00E+11 4.18E-02 0.00E+00 0.00E+00 2.99E+06 0.00E+00 3.80E-02 5.53E-02 9.86E+04
  5.25E+05 1.00E+05 0.00E+00 1.90E-03 3.39E+00 7.00E+11 9.00E+03 0.00E+00 0.00E+00 0.00E+00 7.00E+11 4.18E-02 0.00E+00 0.00E+00 2.99E+06 0.00E+00 3.80E-02 5.53E-02 9.86E+04
  6.25E+05 1.00E+05 0.00E+00 1.90E-03 3.39E+00 7.00E+11 9.00E+03 0.00E+00 0.00E+00 0.00E+00 7.00E+11 4.18E-02 0.00E+00 0.00E+00 2.99E+06 0.00E+00 3.80E-02 5.53E-02 9.86E+04
  7.25E+05 1.00E+05 0.00E+00 1.90E-03 3.39E+00 7.00E+11 9.00E+03 0.00E+00 0.00E+00 0.00E+00 7.00E+11 4.18E-02 0.00E+00 0.00E+00 2.99E+06 0.00E+00 3.80E-02 5.53E-02 9.86E+04
  8.25E+05 1.00E+05 0.00E+00 1.90E-03 3.39E+00 7.00E+11 9.00E+03 0.00E+00 0.00E+00 0.00E+00 7.00E+11 4.18E-02 0.00E+00 0.00E+00 2.99E+06 0.00E+00 3.80E-02 5.53E-02 9.86E+04
  9.25E+05 1.00E+05 0.00E+00 1.90E-03 3.39E+00 7.00E+11 9.00E+03 0.00E+00 0.00E+00 0.00E+00 7.00E+11 4.18E-02 0.00E+00 0.00E+00 2.99E+06 0.00E+00 3.80E-02 5.53E-02 9.86E+04
  1.02E+06 1.00E+05 0.00E+00 1.90E-03 3.39E+00 7.00E+11 9.00E+03 0.00E+00 0.00E+00 0.00E+00 7.00E+11 4.18E-02 0.00E+00 0.00E+00 2.99E+06 0.00E+00 3.80E-02 5.53E-02 9.86E+04

     Z        N2O5     CO2      SO4AER   S8AER   
  2.50E+04 3.57E-02 0.00E+00 7.00E+11 7.00E+11
  1.25E+05 4.24E-02 0.00E+00 7.00E+11 7.00E+11
  2.25E+05 5.14E-02 0.00E+00 7.00E+11 7.00E+11
  3.25E+05 5.53E-02 0.00E+00 7.00E+11 7.00E+11
  4.25E+05 5.53E-02 0.00E+00 7.00E+11 7.00E+11
  5.25E+05 5.53E-02 0.00E+00 7.00E+11 7.00E+11
  6.25E+05 5.53E-02 0.00E+00 7.00E+11 7.00E+11
  7.25E+05 5.53E-02 0.00E+00 7.00E+11 7.00E+11
  8.25E+05 5.53E-02 0.00E+00 7.00E+11 7.00E+11
  9.25E+05 5.53E-02 0.00E+00 7.00E+11 7.00E+11
  1.02E+06 5.53E-02 0.00E+00 7.00E+11 7.00E+11

 ENHANCEMENTS OF HENRYS LAW COEFFICIENTS


     Z        O        O2       H2O      H        OH       HO2      H2O2     H2       CO       HCO      H2CO     CH4      CH3      C2H6     NO       NO2      HNO      H2S     
  2.50E+04 1.00E+00 1.00E+00 1.00E+00 1.00E+00 1.00E+00 1.00E+00 1.00E+00 1.00E+00 1.00E+00 1.00E+00 1.01E+00 1.00E+00 1.00E+00 1.00E+00 1.00E+00 1.00E+00 1.00E+00 1.01E+00
  1.25E+05 1.00E+00 1.00E+00 1.00E+00 1.00E+00 1.00E+00 1.00E+00 1.00E+00 1.00E+00 1.00E+00 1.00E+00 1.04E+00 1.00E+00 1.00E+00 1.00E+00 1.00E+00 1.00E+00 1.00E+00 1.01E+00
  2.25E+05 1.00E+00 1.00E+00 1.00E+00 1.00E+00 1.00E+00 1.00E+00 1.00E+00 1.00E+00 1.00E+00 1.00E+00 1.06E+00 1.00E+00 1.00E+00 1.00E+00 1.00E+00 1.00E+00 1.00E+00 1.00E+00
  3.25E+05 1.00E+00 1.00E+00 1.00E+00 1.00E+00 1.00E+00 1.00E+00 1.00E+00 1.00E+00 1.00E+00 1.00E+00 1.07E+00 1.00E+00 1.00E+00 1.00E+00 1.00E+00 1.00E+00 1.00E+00 1.00E+00
  4.25E+05 1.00E+00 1.00E+00 1.00E+00 1.00E+00 1.00E+00 1.00E+00 1.00E+00 1.00E+00 1.00E+00 1.00E+00 1.07E+00 1.00E+00 1.00E+00 1.00E+00 1.00E+00 1.00E+00 1.00E+00 1.00E+00
  5.25E+05 1.00E+00 1.00E+00 1.00E+00 1.00E+00 1.00E+00 1.00E+00 1.00E+00 1.00E+00 1.00E+00 1.00E+00 1.07E+00 1.00E+00 1.00E+00 1.00E+00 1.00E+00 1.00E+00 1.00E+00 1.00E+00
  6.25E+05 1.00E+00 1.00E+00 1.00E+00 1.00E+00 1.00E+00 1.00E+00 1.00E+00 1.00E+00 1.00E+00 1.00E+00 1.08E+00 1.00E+00 1.00E+00 1.00E+00 1.00E+00 1.00E+00 1.00E+00 1.00E+00
  7.25E+05 1.00E+00 1.00E+00 1.00E+00 1.00E+00 1.00E+00 1.00E+00 1.00E+00 1.00E+00 1.00E+00 1.00E+00 1.08E+00 1.00E+00 1.00E+00 1.00E+00 1.00E+00 1.00E+00 1.00E+00 1.00E+00
  8.25E+05 1.00E+00 1.00E+00 1.00E+00 1.00E+00 1.00E+00 1.00E+00 1.00E+00 1.00E+00 1.00E+00 1.00E+00 1.09E+00 1.00E+00 1.00E+00 1.00E+00 1.00E+00 1.00E+00 1.00E+00 1.00E+00
  9.25E+05 1.00E+00 1.00E+00 1.00E+00 1.00E+00 1.00E+00 1.00E+00 1.00E+00 1.00E+00 1.00E+00 1.00E+00 1.09E+00 1.00E+00 1.00E+00 1.00E+00 1.00E+00 1.00E+00 1.00E+00 1.00E+00
  1.02E+06 1.00E+00 1.00E+00 1.00E+00 1.00E+00 1.00E+00 1.00E+00 1.00E+00 1.00E+00 1.00E+00 1.00E+00 1.10E+00 1.00E+00 1.00E+00 1.00E+00 1.00E+00 1.00E+00 1.00E+00 1.00E+00

     Z        HS       S        SO       SO2      H2SO4    HSO      S2       S4       S8       SO3      OCS      S3       O3       HNO3     N        NO3      N2O      HO2NO2  
  2.50E+04 1.00E+00 1.00E+00 1.00E+00 1.47E+03 1.00E+00 1.00E+00 1.00E+00 1.00E+00 1.00E+00 1.00E+00 1.00E+00 1.00E+00 1.00E+00 1.00E+00 1.00E+00 1.00E+00 1.00E+00 1.00E+00
  1.25E+05 1.00E+00 1.00E+00 1.00E+00 1.62E+03 1.00E+00 1.00E+00 1.00E+00 1.00E+00 1.00E+00 1.00E+00 1.00E+00 1.00E+00 1.00E+00 1.00E+00 1.00E+00 1.00E+00 1.00E+00 1.00E+00
  2.25E+05 1.00E+00 1.00E+00 1.00E+00 1.60E+03 1.00E+00 1.00E+00 1.00E+00 1.00E+00 1.00E+00 1.00E+00 1.00E+00 1.00E+00 1.00E+00 1.00E+00 1.00E+00 1.00E+00 1.00E+00 1.00E+00
  3.25E+05 1.00E+00 1.00E+00 1.00E+00 1.36E+03 1.00E+00 1.00E+00 1.00E+00 1.00E+00 1.00E+00 1.00E+00 1.00E+00 1.00E+00 1.00E+00 1.00E+00 1.00E+00 1.00E+00 1.00E+00 1.00E+00
  4.25E+05 1.00E+00 1.00E+00 1.00E+00 1.11E+03 1.00E+00 1.00E+00 1.00E+00 1.00E+00 1.00E+00 1.00E+00 1.00E+00 1.00E+00 1.00E+00 1.00E+00 1.00E+00 1.00E+00 1.00E+00 1.00E+00
  5.25E+05 1.00E+00 1.00E+00 1.00E+00 9.41E+02 1.00E+00 1.00E+00 1.00E+00 1.00E+00 1.00E+00 1.00E+00 1.00E+00 1.00E+00 1.00E+00 1.00E+00 1.00E+00 1.00E+00 1.00E+00 1.00E+00
  6.25E+05 1.00E+00 1.00E+00 1.00E+00 8.23E+02 1.00E+00 1.00E+00 1.00E+00 1.00E+00 1.00E+00 1.00E+00 1.00E+00 1.00E+00 1.00E+00 1.00E+00 1.00E+00 1.00E+00 1.00E+00 1.00E+00
  7.25E+05 1.00E+00 1.00E+00 1.00E+00 7.44E+02 1.00E+00 1.00E+00 1.00E+00 1.00E+00 1.00E+00 1.00E+00 1.00E+00 1.00E+00 1.00E+00 1.00E+00 1.00E+00 1.00E+00 1.00E+00 1.00E+00
  8.25E+05 1.00E+00 1.00E+00 1.00E+00 6.94E+02 1.00E+00 1.00E+00 1.00E+00 1.00E+00 1.00E+00 1.00E+00 1.00E+00 1.00E+00 1.00E+00 1.00E+00 1.00E+00 1.00E+00 1.00E+00 1.00E+00
  9.25E+05 1.00E+00 1.00E+00 1.00E+00 6.64E+02 1.00E+00 1.00E+00 1.00E+00 1.00E+00 1.00E+00 1.00E+00 1.00E+00 1.00E+00 1.00E+00 1.00E+00 1.00E+00 1.00E+00 1.00E+00 1.00E+00
  1.02E+06 1.00E+00 1.00E+00 1.00E+00 6.50E+02 1.00E+00 1.00E+00 1.00E+00 1.00E+00 1.00E+00 1.00E+00 1.00E+00 1.00E+00 1.00E+00 1.00E+00 1.00E+00 1.00E+00 1.00E+00 1.00E+00

     Z        N2O5     CO2      SO4AER   S8AER   
  2.50E+04 1.00E+00 1.00E+00 1.00E+00 1.00E+00
  1.25E+05 1.00E+00 1.00E+00 1.00E+00 1.00E+00
  2.25E+05 1.00E+00 1.00E+00 1.00E+00 1.00E+00
  3.25E+05 1.00E+00 1.00E+00 1.00E+00 1.00E+00
  4.25E+05 1.00E+00 1.00E+00 1.00E+00 1.00E+00
  5.25E+05 1.00E+00 1.00E+00 1.00E+00 1.00E+00
  6.25E+05 1.00E+00 1.00E+00 1.00E+00 1.00E+00
  7.25E+05 1.00E+00 1.00E+00 1.00E+00 1.00E+00
  8.25E+05 1.00E+00 1.00E+00 1.00E+00 1.00E+00
  9.25E+05 1.00E+00 1.00E+00 1.00E+00 1.00E+00
  1.02E+06 1.00E+00 1.00E+00 1.00E+00 1.00E+00

 GIORGI AND CHAMEIDES RAINOUT RATES


     Z        O        O2       H2O      H        OH       HO2      H2O2     H2       CO       HCO      H2CO     CH4      CH3      C2H6     NO       NO2      HNO      H2S     
  2.50E+04 0.00E+00 2.68E-13 0.00E+00 0.00E+00 9.30E-09 9.85E-07 2.29E-06 1.40E-13 2.01E-13 0.00E+00 9.32E-07 2.93E-13 0.00E+00 4.37E-13 3.92E-13 2.84E-12 0.00E+00 2.22E-11
  1.25E+05 0.00E+00 3.25E-13 0.00E+00 0.00E+00 1.37E-08 1.33E-06 2.37E-06 1.59E-13 2.40E-13 0.00E+00 1.32E-06 3.57E-13 0.00E+00 5.59E-13 4.75E-13 3.68E-12 0.00E+00 2.78E-11
  2.25E+05 0.00E+00 2.72E-13 0.00E+00 0.00E+00 1.43E-08 1.03E-06 1.33E-06 1.23E-13 1.98E-13 0.00E+00 1.06E-06 3.01E-13 0.00E+00 4.96E-13 3.97E-13 3.31E-12 0.00E+00 2.41E-11
  3.25E+05 0.00E+00 2.03E-13 0.00E+00 0.00E+00 1.16E-08 7.00E-07 8.19E-07 8.97E-14 1.47E-13 0.00E+00 7.17E-07 2.25E-13 0.00E+00 3.78E-13 2.96E-13 2.54E-12 0.00E+00 1.82E-11
  4.25E+05 0.00E+00 1.39E-13 0.00E+00 0.00E+00 7.94E-09 4.93E-07 5.83E-07 6.15E-14 1.01E-13 0.00E+00 5.06E-07 1.54E-13 0.00E+00 2.59E-13 2.03E-13 1.74E-12 0.00E+00 1.25E-11
  5.25E+05 0.00E+00 9.11E-14 0.00E+00 0.00E+00 5.21E-09 3.60E-07 4.49E-07 4.03E-14 6.59E-14 0.00E+00 3.71E-07 1.01E-13 0.00E+00 1.70E-13 1.33E-13 1.14E-12 0.00E+00 8.19E-12
  6.25E+05 0.00E+00 5.70E-14 0.00E+00 0.00E+00 3.26E-09 2.61E-07 3.60E-07 2.52E-14 4.12E-14 0.00E+00 2.72E-07 6.33E-14 0.00E+00 1.06E-13 8.33E-14 7.14E-13 0.00E+00 5.12E-12
  7.25E+05 0.00E+00 3.40E-14 0.00E+00 0.00E+00 1.95E-09 1.82E-07 2.89E-07 1.50E-14 2.46E-14 0.00E+00 1.92E-07 3.78E-14 0.00E+00 6.35E-14 4.97E-14 4.26E-13 0.00E+00 3.06E-12
  8.25E+05 0.00E+00 1.94E-14 0.00E+00 0.00E+00 1.12E-09 1.21E-07 2.29E-07 8.59E-15 1.41E-14 0.00E+00 1.29E-07 2.16E-14 0.00E+00 3.62E-14 2.84E-14 2.43E-13 0.00E+00 1.74E-12
  9.25E+05 0.00E+00 1.06E-14 0.00E+00 0.00E+00 6.09E-10 7.49E-08 1.73E-07 4.68E-15 7.66E-15 0.00E+00 8.12E-08 1.18E-14 0.00E+00 1.98E-14 1.55E-14 1.33E-13 0.00E+00 9.51E-13
  1.02E+06 0.00E+00 5.59E-15 0.00E+00 0.00E+00 3.21E-10 4.28E-08 1.14E-07 2.47E-15 4.04E-15 0.00E+00 4.69E-08 6.20E-15 0.00E+00 1.04E-14 8.17E-15 7.00E-14 0.00E+00 5.02E-13

     Z        HS       S        SO       SO2      H2SO4    HSO      S2       S4       S8       SO3      OCS      S3       O3       HNO3     N        NO3      N2O      HO2NO2  
  2.50E+04 2.18E-06 0.00E+00 3.19E-13 4.36E-07 2.37E-06 9.87E-07 0.00E+00 0.00E+00 0.00E+00 2.37E-06 4.92E-12 0.00E+00 0.00E+00 2.35E-06 0.00E+00 6.38E-12 5.99E-12 1.76E-06
  1.25E+05 2.25E-06 0.00E+00 3.50E-13 6.04E-07 2.42E-06 1.06E-06 0.00E+00 0.00E+00 0.00E+00 2.42E-06 6.21E-12 0.00E+00 0.00E+00 2.40E-06 0.00E+00 7.00E-12 7.82E-12 2.05E-06
  2.25E+05 1.29E-06 0.00E+00 2.62E-13 4.98E-07 1.34E-06 7.23E-07 0.00E+00 0.00E+00 0.00E+00 1.34E-06 5.43E-12 0.00E+00 0.00E+00 1.34E-06 0.00E+00 5.24E-12 7.09E-12 1.28E-06
  3.25E+05 8.04E-07 0.00E+00 1.88E-13 3.25E-07 8.20E-07 4.89E-07 0.00E+00 0.00E+00 0.00E+00 8.20E-07 4.12E-12 0.00E+00 0.00E+00 8.20E-07 0.00E+00 3.75E-12 5.46E-12 8.03E-07
  4.25E+05 5.72E-07 0.00E+00 1.29E-13 1.94E-07 5.84E-07 3.41E-07 0.00E+00 0.00E+00 0.00E+00 5.84E-07 2.83E-12 0.00E+00 0.00E+00 5.84E-07 0.00E+00 2.57E-12 3.74E-12 5.71E-07
  5.25E+05 4.35E-07 0.00E+00 8.42E-14 1.15E-07 4.50E-07 2.37E-07 0.00E+00 0.00E+00 0.00E+00 4.50E-07 1.85E-12 0.00E+00 0.00E+00 4.50E-07 0.00E+00 1.68E-12 2.45E-12 4.35E-07
  6.25E+05 3.40E-07 0.00E+00 5.27E-14 6.65E-08 3.62E-07 1.61E-07 0.00E+00 0.00E+00 0.00E+00 3.62E-07 1.16E-12 0.00E+00 0.00E+00 3.61E-07 0.00E+00 1.05E-12 1.53E-12 3.39E-07
  7.25E+05 2.61E-07 0.00E+00 3.15E-14 3.74E-08 2.93E-07 1.04E-07 0.00E+00 0.00E+00 0.00E+00 2.93E-07 6.92E-13 0.00E+00 0.00E+00 2.92E-07 0.00E+00 6.29E-13 9.16E-13 2.61E-07
  8.25E+05 1.94E-07 0.00E+00 1.80E-14 2.05E-08 2.35E-07 6.41E-08 0.00E+00 0.00E+00 0.00E+00 2.35E-07 3.95E-13 0.00E+00 0.00E+00 2.34E-07 0.00E+00 3.59E-13 5.22E-13 1.94E-07
  9.25E+05 1.36E-07 0.00E+00 9.79E-15 1.09E-08 1.81E-07 3.72E-08 0.00E+00 0.00E+00 0.00E+00 1.81E-07 2.15E-13 0.00E+00 0.00E+00 1.79E-07 0.00E+00 1.96E-13 2.85E-13 1.35E-07
  1.02E+06 8.39E-08 0.00E+00 5.17E-15 5.72E-09 1.21E-07 2.04E-08 0.00E+00 0.00E+00 0.00E+00 1.21E-07 1.14E-13 0.00E+00 0.00E+00 1.19E-07 0.00E+00 1.03E-13 1.50E-13 8.36E-08

     Z        N2O5     CO2      SO4AER   S8AER   
  2.50E+04 5.99E-12 0.00E+00 2.37E-06 2.37E-06
  1.25E+05 7.82E-12 0.00E+00 2.42E-06 2.42E-06
  2.25E+05 7.09E-12 0.00E+00 1.34E-06 1.34E-06
  3.25E+05 5.46E-12 0.00E+00 8.20E-07 8.20E-07
  4.25E+05 3.74E-12 0.00E+00 5.84E-07 5.84E-07
  5.25E+05 2.45E-12 0.00E+00 4.50E-07 4.50E-07
  6.25E+05 1.53E-12 0.00E+00 3.62E-07 3.62E-07
  7.25E+05 9.16E-13 0.00E+00 2.93E-07 2.93E-07
  8.25E+05 5.22E-13 0.00E+00 2.35E-07 2.35E-07
  9.25E+05 2.85E-13 0.00E+00 1.81E-07 1.81E-07
  1.02E+06 1.50E-13 0.00E+00 1.21E-07 1.21E-07

 RAINOUT RATE, PHIDEP, TLOSS, LOWER B.C. and vdep

 FOLLOWED BY TP, TL, FUP, FLOW, CON


     Z        O        O2       H2O      H        OH       HO2      H2O2     H2       CO       HCO      H2CO     CH4      CH3      C2H6     NO       NO2      HNO      H2S     
           0.00E+00 5.63E+11 0.00E+00 0.00E+00 9.09E+03 1.16E+08 1.84E+10 6.73E+05 1.93E+05 0.00E+00 2.14E+09 5.31E+06 0.00E+00 4.04E-14 1.87E+01 2.20E+02 0.00E+00 6.96E+02
           8.39E+02 0.00E+00 0.00E+00 1.18E-01 1.24E+06 2.90E+08 5.71E+09 3.16E+09 3.28E+08 4.88E-03 1.30E+09 0.00E+00 4.25E-02 0.00E+00 1.85E+04 4.02E+05 3.49E+02 4.17E+06
           8.39E+02 5.63E+11 0.00E+00 1.18E-01 1.25E+06 4.06E+08 2.41E+10 3.17E+09 3.29E+08 4.88E-03 3.44E+09 5.31E+06 4.25E-02 4.04E-14 1.86E+04 4.02E+05 3.49E+02 4.17E+06
              0        1        0        0        0        0        0        1        1        0        0        1        0        0        0        0        0        2
           1.00E+00 0.00E+00 0.00E+00 1.00E+00 1.00E+00 1.00E+00 2.00E-01 2.40E-04 1.20E-04 1.00E+00 2.00E-01 0.00E+00 1.00E+00 0.00E+00 3.00E-04 3.00E-03 1.00E+00 2.00E-02

           2.34E+15 2.51E+15 3.88E+10 3.33E+12 4.03E+12 2.89E+12 8.78E+10 5.40E+10 1.17E+11 6.31E+10 1.20E+11 1.17E+02 1.20E+11 4.56E-03 3.57E+13 3.58E+13 2.32E+05 4.82E+05
           2.34E+15 2.51E+15 2.89E+10 3.33E+12 4.03E+12 2.89E+12 8.21E+10 3.81E+10 2.81E+11 6.31E+10 1.18E+11 1.20E+11 1.20E+11 4.56E-03 3.57E+13 3.58E+13 2.32E+05 2.00E+08
          -3.51E-03-7.48E-04 4.66E-10 1.60E+08 1.37E-04 5.17E-06 1.10E-17 6.95E+07-4.73E-04 6.88E-08 3.63E-08 4.44E-10 3.64E-08 4.07E-20-1.18E-07-2.77E-10 3.39E-13 7.10E-32
          -8.65E+02 9.25E+11 9.61E+12 1.76E-03-1.24E+06-2.90E+08-5.71E+09-1.58E+10 1.63E+11 2.85E-02-1.30E+09 1.20E+11 1.17E-02 1.06E-20-1.85E+04-4.02E+05-3.49E+02 2.00E+08
          -2.71E+03-1.40E+04 9.62E+12 1.74E-01 1.70E+00 1.88E-01 1.50E-02-3.65E-02 2.57E-01 8.71E-02 9.03E-02 3.45E-01 5.55E-02-5.38E-17-7.07E+01 7.05E+01-2.51E-07-2.75E-04

     Z        HS       S        SO       SO2      H2SO4    HSO      S2       S4       S8       SO3      OCS      S3       O3       HNO3     N        NO3      N2O      HO2NO2  
           1.10E+02 0.00E+00 2.40E-07 7.28E+08 2.05E+08 1.80E+06 0.00E+00 0.00E+00 0.00E+00 2.20E+01 1.65E-08 0.00E+00 0.00E+00 9.18E+08 0.00E+00 3.16E-02 2.02E+07 5.90E+07
           0.00E+00 0.00E+00 0.00E+00 1.54E+09 1.06E+08 1.01E+07 0.00E+00 0.00E+00 0.00E+00 0.00E+00 0.00E+00 0.00E+00 2.36E+10 1.68E+08 0.00E+00 0.00E+00 0.00E+00 5.89E+05
           1.10E+02 0.00E+00 2.40E-07 2.27E+09 3.11E+08 1.19E+07 0.00E+00 0.00E+00 0.00E+00 2.20E+01 1.65E-08 0.00E+00 2.36E+10 1.09E+09 0.00E+00 3.16E-02 2.02E+07 5.96E+07
              0        0        0        3        0        0        0        0        0        0        0        0        0        0        0        0        1        0
           0.00E+00 0.00E+00 0.00E+00 1.00E+00 1.00E+00 1.00E+00 0.00E+00 0.00E+00 0.00E+00 0.00E+00 0.00E+00 0.00E+00 7.00E-02 2.00E-01 0.00E+00 0.00E+00 0.00E+00 2.00E-01

           1.77E+08 1.49E+03 2.24E+08 6.87E+11 6.92E+09 9.06E+07 8.64E-17 1.82E-40 1.65E-94 6.92E+09 1.02E-05 4.23E-37 2.33E+15 1.52E+10 1.48E+08 4.31E+10 3.77E+05 3.26E+10
           1.77E+08 1.49E+03 2.24E+08 6.94E+11 6.82E+09 8.05E+07 8.64E-17 1.82E-40 1.65E-94 6.92E+09 1.02E-05 4.23E-37 2.33E+15 1.51E+10 2.48E+08 4.31E+10 1.08E+09 3.26E+10
           4.49E-20 1.06E-10 1.24E-10 1.32E-10 1.34E-14 3.15E-16 2.65E-36 6.14E-83-8.58-112 1.90E-15 9.65E-24 4.59E-60-5.33E-04 3.70E-23-1.00E+08-2.17E-16 2.93E-12 7.37E-26
           2.42E-04 1.12E-12 1.41E-04-1.54E+09-1.06E+08-1.01E+07 5.29E-28 1.37E-51 7.75-105 1.76E-04 1.97E-17 3.97E-48-2.36E+10-1.68E+08 9.07-218-5.16E-04 1.08E+09-5.89E+05
           2.42E-04-2.20E-10 9.75E-04-9.00E+09-1.12E-05-7.96E-05 1.68E-30 2.21E-51-9.36-104 1.96E-04 2.39E-17 5.66E-48 2.57E+03 9.52E-03 1.45E-05 1.02E-02 1.49E-02 2.37E-03

     Z        N2O5     CO2      SO4AER   S8AER   
           2.80E-02 0.00E+00 6.53E+09 1.70E-19
           0.00E+00 2.80E+11 6.49E+07 2.61E-21
           2.80E-02 2.80E+11 6.60E+09 1.73E-19
              0        3        0        0
           0.00E+00 5.00E-05 1.24E-02 1.05E-02

           3.46E+08 2.81E+11 6.61E+09 0.00E+00
           3.46E+08 9.51E+08 6.53E+09 1.70E-19
           1.34E-33-7.45E-09-6.80E-23-8.03E-23
          -8.39E-07-2.80E+11-7.79E+07 2.94E-20
           5.13E-04-6.87E+08-4.55E-04-1.41E-19

 CONSERVATION OF SULFUR:
     S loss = 9.200E+09  S prod = 9.200000E+09  SO4LOS = 6.907816E+09  8 S8LOSS = 1.382168E-18  sulrain = 7.467E+09   Difference =-5.739E-03

                    OxidOut = -6.5266E-03
                    RedOut  =  1.4966E+08
                       / \
                      /\
  OxidUp = 7.6428E-05 |
  RedUp  = 1.4966E+08 | |
-----------------------|-|----------------
                       | | OxidDown = -6.6031E-03
                         | RedDown  = -4.7337E-04
                         \/
/\
 | OxidDist = 0.0000E+00
 | RedDist  = 0.0000E+00
 |                             /\
 | | OxidRain = 1.1546E+12     | OxidAtm = 1.8517E+12
 | | RedRain  = 4.3147E+09     | RedAtm  = 6.4255E+11
---|--------------------------|-|---------
  \/  OxidOcean = -7.7508E+10| |
      RedOcean  = -1.8424E+10|
                             \/
                              \ /
                         OxidFlow =  1.7742E+12
                         RedFlow  =  6.2413E+11

    global imbalance (ocean)    =  1.4968E+08
    global imbalance (dist-fup) =  1.4966E+08

old redox budget numbers:
     OxidIn = 1.774235E+12  OxidOut =-6.526639E-03  RedIn = 6.241274E+11  RedOut = 1.496604E+08  RedRain = 4.314750E+09  OxidRain = 1.154572E+12   redox = 2.287577E+04

 INTEGRATED REACTION RATES

         1         2         3         4         5         6         7         8         9        10
  1   7.591E+10 8.705E+08 7.370E+07 3.720E+10 1.031E+12 2.291E+12 5.888E+08 1.365E+08 6.144E+09 2.977E+12   10
 11   4.915E+10 4.721E+11 2.058E+12 1.231E+11 8.783E+10 3.004E+10 2.486E+10 2.334E+15 1.122E+12 5.115E+08   20
 21   5.058E+14 1.673E+14 2.724E+11 6.545E+12 1.969E+09 8.891E+07 1.333E+08 6.729E+14 1.623E+15 1.599E+11   30
 31   4.403E+03 5.255E+03 2.331E-07 4.152E+01 9.494E+05 9.494E+05 3.367E+10 4.973E+08 4.532E+08 2.805E+11   40
 41   4.850E+05 5.314E+10 3.224E+10 1.358E+03 5.153E+04 2.990E+05 6.306E+10 3.036E+10 1.872E+05 2.024E+07   50
 51   4.450E+08 2.757E+06 3.288E+09 1.170E+07 1.269E+07 2.158E+06 0.000E+00 1.454E-04 7.402E+09 9.917E+09   60
 61   2.174E+08 1.561E+08 1.485E+08 3.108E+09 3.302E+13 1.180E+11 1.394E+09 9.294E+07 3.082E+00 5.560E+06   70
 71   6.139E+06 3.762E+00 4.182E-09 8.023E+06 1.195E+11 1.712E+07 4.559E-03 2.674E+03 1.174E+02 3.448E-05   80
 81   6.988E-07 4.812E-05 8.502E+04 1.964E+01 1.800E+08 1.899E+04 3.517E+06 6.400E+07 3.524E+13 7.063E+09   90
 91   4.421E+11 7.077E+09 2.672E+12 1.522E+10 1.872E+08 3.845E+09 3.010E+02 1.432E+05 6.721E+00 8.232E+04  100
101   6.133E+03 7.146E+07 7.894E+07 3.463E+02 1.927E+02 2.741E+05 5.491E+01 2.988E-03 1.175E-03 2.511E-04  110
111   9.520E-07 4.435E-04 3.385E-09 3.082E-16 2.058E-20 3.970E-03 1.490E+03 8.691E-01 3.540E+07 6.808E+11  120
121   5.947E+09 2.207E+08 8.120E+03 1.212E+02 5.343E+03 6.918E+09 1.225E+06 6.921E+09 6.918E+09 9.066E-02  130
131   5.776E-07 1.907E-02 1.769E+08 2.639E+00 4.491E+02 1.107E+01 1.094E+08 1.535E+05 2.600E-01 5.530E-06  140
141   2.324E-03 8.641E-17 1.491E+03 2.985E-04 3.695E-12 9.086E-06 9.086E-06 3.928E-24 0.000E+00 2.009E-17  150
151   3.164E+05 6.632E-17 0.000E+00 4.231E-37 1.816E-40 1.097E-60 1.654E-94 1.816E-40 4.231E-37 0.000E+00  160
161   0.000E+00 1.654E-94 2.127E+03 6.186E+10 6.186E+11 1.932E+07 2.834E+08 1.299E+06 2.575E+02 6.772E+10  170
171   1.027E+08 3.274E+01 1.058E+06 1.756E+06 5.511E+05 6.644E+07 5.431E+05 3.295E-02 1.666E-06 1.546E-04  180
181   6.407E-09 8.120E+03 1.073E-06 1.506E-02 1.080E+01 1.467E+05 7.847E+07 5.614E+00 2.807E+00 1.237E+04  190
191   6.811E+04 6.012E-12 0.000E+00 4.042E-12 1.025E-05 4.464E-07 1.214E-12 2.026E-22 8.162E-06 2.956E-11  200
201   1.475E-11 1.625E-06 3.022E+07 0.000E+00 2.359E+07 6.239E-23 2.372E-42 0.000E+00 0.000E+00 6.239E-23  210
211   1.852E+08 1.177E+07 1.345E+10 1.327E+10 1.926E+07 3.359E+09 2.569E+10 3.774E+05 0.000E+00 5.455E+07  220
221   8.535E+07 9.226E+08 5.224E+05 4.020E+04 3.464E+08 3.501E+06 9.513E+04 2.501E+10 6.120E-01 3.259E+10  230
231   1.075E+05 3.717E+09 2.590E+10 2.329E+09 5.899E+08 4.197E+07 3.009E+08 1.931E+06 2.352E+07
         1         2         3         4         5         6         7         8         9        10

 PHOTOCHEMICAL EQUILIBRIUM AND INERT SPECIES

     Z        HNO2     O1D      CH21     CH23     C2H5     SO21     SO23     HSO3     OCS2     N2      
  2.50E+04 1.14E+06 2.79E-03 3.08E-40 3.32E-39 1.44E-21 2.06E-04 1.55E-03 9.01E-04 4.65E-29 1.91E+19
  1.25E+05 1.19E+06 3.51E-03 4.81E-38 5.47E-37 1.41E-21 4.62E-04 3.46E-03 1.92E-03 1.06E-29 1.74E+19
  2.25E+05 1.35E+06 4.47E-03 5.50E-36 6.64E-35 1.40E-21 7.09E-04 5.29E-03 2.91E-03 2.31E-30 1.57E+19
  3.25E+05 1.61E+06 5.71E-03 4.29E-34 5.51E-33 1.35E-21 9.64E-04 7.16E-03 3.89E-03 4.70E-31 1.42E+19
  4.25E+05 1.91E+06 7.19E-03 2.34E-32 3.22E-31 1.28E-21 1.24E-03 9.16E-03 4.91E-03 9.20E-32 1.28E+19
  5.25E+05 2.00E+06 8.82E-03 8.65E-31 1.29E-29 1.13E-21 1.55E-03 1.14E-02 5.74E-03 1.70E-32 1.16E+19
  6.25E+05 1.58E+06 1.05E-02 2.08E-29 3.40E-28 8.62E-22 1.90E-03 1.40E-02 5.92E-03 2.86E-33 1.04E+19
  7.25E+05 1.19E+06 1.23E-02 3.52E-28 6.43E-27 6.18E-22 2.28E-03 1.68E-02 5.77E-03 5.14E-34 9.42E+18
  8.25E+05 1.39E+06 1.41E-02 5.05E-27 1.05E-25 4.95E-22 2.67E-03 1.96E-02 6.26E-03 1.34E-34 8.47E+18
  9.25E+05 2.05E+06 1.60E-02 6.01E-26 1.44E-24 4.31E-22 3.05E-03 2.23E-02 7.38E-03 4.80E-35 7.60E+18
  1.02E+06 2.64E+06 1.81E-02 6.06E-25 1.63E-23 3.88E-22 3.45E-03 2.52E-02 8.34E-03 1.97E-35 6.72E+18
  1.12E+06 2.76E+06 2.19E-02 5.75E-24 1.60E-22 3.95E-22 4.08E-03 2.98E-02 8.71E-03 7.65E-36 5.78E+18
  1.22E+06 2.69E+06 3.11E-02 3.78E-23 1.07E-21 4.36E-22 5.54E-03 4.04E-02 8.83E-03 4.52E-36 4.95E+18
  1.32E+06 2.34E+06 4.83E-02 1.78E-22 5.11E-21 4.97E-22 7.98E-03 5.81E-02 8.36E-03 4.64E-35 4.22E+18
  1.42E+06 2.02E+06 8.32E-02 6.96E-22 2.01E-20 6.37E-22 1.17E-02 8.50E-02 7.75E-03 1.45E-33 3.59E+18
  1.52E+06 1.92E+06 1.36E-01 2.97E-21 8.55E-20 9.46E-22 1.48E-02 1.08E-01 7.68E-03 2.95E-32 3.05E+18
  1.62E+06 1.88E+06 2.13E-01 1.26E-20 3.61E-19 1.50E-21 1.65E-02 1.20E-01 7.42E-03 3.88E-31 2.59E+18
  1.72E+06 1.86E+06 3.21E-01 5.19E-20 1.48E-18 2.45E-21 1.61E-02 1.16E-01 6.70E-03 3.41E-30 2.20E+18
  1.82E+06 1.83E+06 4.64E-01 2.05E-19 5.74E-18 4.01E-21 1.34E-02 9.66E-02 5.43E-03 2.01E-29 1.86E+18
  1.92E+06 1.80E+06 6.56E-01 7.67E-19 2.12E-17 6.65E-21 9.16E-03 6.58E-02 3.70E-03 7.76E-29 1.58E+18
  2.02E+06 1.77E+06 9.07E-01 2.75E-18 7.43E-17 1.11E-20 5.07E-03 3.63E-02 2.08E-03 1.96E-28 1.34E+18
  2.12E+06 1.75E+06 1.24E+00 9.39E-18 2.48E-16 1.87E-20 2.73E-03 1.95E-02 1.16E-03 3.97E-28 1.13E+18
  2.22E+06 1.76E+06 1.68E+00 3.08E-17 7.96E-16 3.18E-20 1.47E-03 1.05E-02 6.53E-04 6.74E-28 9.61E+17
  2.32E+06 1.81E+06 2.25E+00 9.75E-17 2.45E-15 5.50E-20 8.02E-04 5.67E-03 3.73E-04 9.83E-28 8.16E+17
  2.42E+06 1.90E+06 3.01E+00 2.97E-16 7.29E-15 9.68E-20 4.38E-04 3.08E-03 2.15E-04 1.24E-27 6.93E+17
  2.52E+06 2.04E+06 4.01E+00 8.78E-16 2.10E-14 1.74E-19 2.40E-04 1.68E-03 1.24E-04 1.37E-27 5.90E+17
  2.62E+06 2.22E+06 5.30E+00 2.51E-15 5.86E-14 3.17E-19 1.32E-04 9.21E-04 7.14E-05 1.34E-27 5.02E+17
  2.72E+06 2.42E+06 6.97E+00 6.97E-15 1.58E-13 5.93E-19 7.28E-05 5.04E-04 4.05E-05 1.14E-27 4.28E+17
  2.82E+06 2.61E+06 9.07E+00 1.87E-14 4.13E-13 1.13E-18 4.06E-05 2.79E-04 2.27E-05 8.57E-28 3.65E+17
  2.92E+06 2.75E+06 1.17E+01 4.85E-14 1.04E-12 2.17E-18 2.30E-05 1.58E-04 1.26E-05 5.72E-28 3.12E+17
  3.02E+06 2.80E+06 1.49E+01 1.21E-13 2.49E-12 4.23E-18 1.33E-05 9.02E-05 6.82E-06 3.33E-28 2.66E+17
  3.12E+06 2.74E+06 1.87E+01 2.87E-13 5.69E-12 8.29E-18 7.92E-06 5.35E-05 3.69E-06 1.73E-28 2.27E+17
  3.22E+06 2.57E+06 2.31E+01 6.48E-13 1.24E-11 1.62E-17 4.96E-06 3.33E-05 2.03E-06 8.12E-29 1.94E+17
  3.32E+06 2.32E+06 2.83E+01 1.39E-12 2.54E-11 3.17E-17 3.26E-06 2.18E-05 1.14E-06 3.45E-29 1.66E+17
  3.42E+06 2.04E+06 3.41E+01 2.82E-12 4.95E-11 6.17E-17 2.30E-06 1.52E-05 6.77E-07 1.36E-29 1.43E+17
  3.52E+06 1.74E+06 4.07E+01 5.45E-12 9.22E-11 1.19E-16 1.76E-06 1.16E-05 4.31E-07 5.11E-30 1.23E+17
  3.62E+06 1.47E+06 4.82E+01 1.01E-11 1.65E-10 2.29E-16 1.47E-06 9.60E-06 3.00E-07 1.85E-30 1.06E+17
  3.72E+06 1.23E+06 5.68E+01 1.81E-11 2.84E-10 4.35E-16 1.34E-06 8.71E-06 2.30E-07 6.63E-31 9.13E+16
  3.82E+06 1.02E+06 6.68E+01 3.14E-11 4.77E-10 8.24E-16 1.31E-06 8.42E-06 1.89E-07 2.27E-31 7.90E+16
  3.92E+06 8.49E+05 7.86E+01 5.31E-11 7.82E-10 1.56E-15 1.33E-06 8.49E-06 1.64E-07 7.31E-32 6.85E+16
  4.02E+06 7.04E+05 9.25E+01 8.76E-11 1.25E-09 2.91E-15 1.39E-06 8.74E-06 1.47E-07 2.21E-32 5.96E+16
  4.12E+06 5.81E+05 1.09E+02 1.41E-10 1.97E-09 5.36E-15 1.46E-06 9.07E-06 1.34E-07 6.13E-33 5.19E+16
  4.22E+06 4.74E+05 1.27E+02 2.20E-10 3.00E-09 9.63E-15 1.53E-06 9.43E-06 1.23E-07 1.57E-33 4.53E+16
  4.32E+06 3.80E+05 1.47E+02 3.30E-10 4.42E-09 1.66E-14 1.61E-06 9.77E-06 1.13E-07 3.83E-34 3.96E+16
  4.42E+06 2.98E+05 1.67E+02 4.75E-10 6.28E-09 2.69E-14 1.68E-06 1.01E-05 1.02E-07 9.64E-35 3.48E+16
  4.52E+06 2.29E+05 1.85E+02 6.51E-10 8.56E-09 4.14E-14 1.75E-06 1.03E-05 9.21E-08 3.09E-35 3.06E+16
  4.62E+06 1.72E+05 2.00E+02 8.52E-10 1.12E-08 6.00E-14 1.81E-06 1.05E-05 8.20E-08 1.72E-35 2.70E+16
  4.72E+06 1.28E+05 2.10E+02 1.07E-09 1.42E-08 8.22E-14 1.87E-06 1.07E-05 7.27E-08 1.52E-35 2.38E+16
  4.82E+06 9.33E+04 2.17E+02 1.30E-09 1.73E-08 1.08E-13 1.91E-06 1.07E-05 6.41E-08 1.61E-35 2.11E+16
  4.92E+06 6.73E+04 2.18E+02 1.53E-09 2.08E-08 1.37E-13 1.95E-06 1.07E-05 5.61E-08 1.80E-35 1.87E+16
  5.02E+06 4.78E+04 2.16E+02 1.78E-09 2.46E-08 1.70E-13 1.97E-06 1.06E-05 4.85E-08 2.02E-35 1.65E+16
  5.12E+06 3.35E+04 2.10E+02 2.05E-09 2.88E-08 2.10E-13 1.99E-06 1.04E-05 4.14E-08 2.26E-35 1.46E+16
  5.22E+06 2.32E+04 2.01E+02 2.34E-09 3.34E-08 2.55E-13 2.00E-06 1.02E-05 3.51E-08 2.53E-35 1.29E+16
  5.32E+06 1.59E+04 1.90E+02 2.66E-09 3.87E-08 3.08E-13 1.99E-06 9.86E-06 2.95E-08 2.82E-35 1.14E+16
  5.42E+06 1.09E+04 1.78E+02 3.01E-09 4.45E-08 3.71E-13 1.98E-06 9.50E-06 2.47E-08 3.14E-35 1.01E+16
  5.52E+06 7.36E+03 1.66E+02 3.40E-09 5.14E-08 4.44E-13 1.96E-06 9.10E-06 2.06E-08 3.49E-35 8.91E+15
  5.62E+06 4.97E+03 1.54E+02 3.84E-09 6.05E-08 5.29E-13 1.93E-06 8.66E-06 1.71E-08 3.86E-35 7.86E+15
  5.72E+06 3.34E+03 1.42E+02 4.37E-09 7.69E-08 6.29E-13 1.90E-06 8.18E-06 1.42E-08 4.27E-35 6.93E+15
  5.82E+06 2.24E+03 1.30E+02 5.15E-09 1.16E-07 7.46E-13 1.86E-06 7.69E-06 1.18E-08 4.71E-35 6.10E+15
  5.92E+06 1.50E+03 1.19E+02 6.54E-09 2.19E-07 8.83E-13 1.81E-06 7.18E-06 9.81E-09 5.19E-35 5.37E+15
  6.02E+06 1.01E+03 1.08E+02 9.34E-09 4.79E-07 1.04E-12 1.75E-06 6.67E-06 8.15E-09 5.71E-35 4.72E+15
  6.12E+06 6.73E+02 9.84E+01 1.50E-08 1.07E-06 1.23E-12 1.69E-06 6.15E-06 6.77E-09 6.28E-35 4.15E+15
  6.22E+06 4.50E+02 8.89E+01 2.60E-08 2.29E-06 1.45E-12 1.63E-06 5.64E-06 5.64E-09 6.90E-35 3.64E+15
  6.32E+06 3.01E+02 8.01E+01 4.55E-08 4.55E-06 1.70E-12 1.56E-06 5.15E-06 4.70E-09 7.56E-35 3.20E+15
  6.42E+06 2.01E+02 7.18E+01 7.83E-08 8.42E-06 2.00E-12 1.49E-06 4.66E-06 3.92E-09 8.28E-35 2.80E+15
  6.52E+06 1.34E+02 6.42E+01 1.35E-07 1.46E-05 2.35E-12 1.41E-06 4.20E-06 3.27E-09 9.05E-35 2.46E+15
  6.62E+06 8.97E+01 5.72E+01 2.51E-07 2.45E-05 2.77E-12 1.33E-06 3.77E-06 2.73E-09 9.86E-35 2.15E+15
  6.72E+06 6.00E+01 5.09E+01 5.72E-07 4.23E-05 3.25E-12 1.24E-06 3.36E-06 2.27E-09 1.07E-34 1.88E+15
  6.82E+06 4.01E+01 4.51E+01 1.57E-06 8.07E-05 3.83E-12 1.16E-06 2.98E-06 1.90E-09 1.16E-34 1.64E+15
  6.92E+06 2.70E+01 3.97E+01 4.51E-06 1.74E-04 4.52E-12 1.07E-06 2.63E-06 1.59E-09 1.27E-34 1.43E+15
  7.02E+06 1.83E+01 3.46E+01 1.22E-05 4.03E-04 5.36E-12 9.84E-07 2.30E-06 1.34E-09 1.39E-34 1.25E+15
  7.12E+06 1.26E+01 2.97E+01 2.99E-05 9.18E-04 6.41E-12 8.98E-07 2.01E-06 1.14E-09 1.55E-34 1.09E+15
  7.22E+06 9.01E+00 2.48E+01 6.59E-05 1.97E-03 7.79E-12 8.15E-07 1.74E-06 1.00E-09 1.79E-34 9.49E+14
  7.32E+06 6.64E+00 2.03E+01 1.31E-04 3.89E-03 9.66E-12 7.34E-07 1.51E-06 9.05E-10 2.13E-34 8.25E+14
  7.42E+06 5.01E+00 1.63E+01 2.38E-04 7.07E-03 1.23E-11 6.57E-07 1.30E-06 8.29E-10 2.60E-34 7.16E+14
  7.52E+06 3.73E+00 1.29E+01 3.96E-04 1.17E-02 1.65E-11 5.85E-07 1.11E-06 7.39E-10 3.15E-34 6.18E+14
  7.62E+06 2.79E+00 1.05E+01 6.09E-04 1.79E-02 2.20E-11 5.17E-07 9.51E-07 6.57E-10 3.85E-34 5.34E+14
  7.72E+06 2.09E+00 8.64E+00 8.74E-04 2.56E-02 2.88E-11 4.56E-07 8.12E-07 5.81E-10 4.67E-34 4.61E+14
  7.82E+06 1.60E+00 7.26E+00 1.18E-03 3.45E-02 3.69E-11 4.00E-07 6.92E-07 5.18E-10 5.52E-34 3.99E+14
  7.92E+06 1.23E+00 6.38E+00 1.51E-03 4.40E-02 4.56E-11 3.49E-07 5.89E-07 4.61E-10 6.30E-34 3.44E+14
  8.02E+06 8.26E-01 6.61E+00 1.83E-03 5.34E-02 4.87E-11 3.02E-07 4.97E-07 3.53E-10 7.23E-34 2.98E+14
  8.12E+06 4.07E-01 8.84E+00 2.13E-03 6.20E-02 4.47E-11 2.55E-07 4.12E-07 1.92E-10 8.57E-34 2.57E+14
  8.22E+06 1.71E-01 1.35E+01 2.37E-03 6.90E-02 4.89E-11 2.13E-07 3.36E-07 8.64E-11 9.38E-34 2.22E+14
  8.32E+06 7.50E-02 2.03E+01 2.55E-03 7.41E-02 5.90E-11 1.76E-07 2.74E-07 3.98E-11 8.77E-34 1.92E+14
  8.42E+06 3.62E-02 2.90E+01 2.65E-03 7.68E-02 6.08E-11 1.46E-07 2.23E-07 1.96E-11 7.15E-34 1.66E+14
  8.52E+06 1.90E-02 3.91E+01 2.69E-03 7.73E-02 5.24E-11 1.20E-07 1.82E-07 1.00E-11 5.36E-34 1.43E+14
  8.62E+06 1.06E-02 5.01E+01 2.65E-03 7.55E-02 4.00E-11 9.88E-08 1.48E-07 5.25E-12 3.87E-34 1.24E+14
  8.72E+06 6.21E-03 6.14E+01 2.56E-03 7.20E-02 2.83E-11 8.08E-08 1.20E-07 2.74E-12 2.78E-34 1.07E+14
  8.82E+06 3.77E-03 7.24E+01 2.44E-03 6.70E-02 1.90E-11 6.58E-08 9.65E-08 1.41E-12 2.00E-34 9.26E+13
  8.92E+06 2.34E-03 8.24E+01 2.29E-03 6.12E-02 1.23E-11 5.33E-08 7.75E-08 7.12E-13 1.45E-34 8.00E+13
  9.02E+06 1.48E-03 9.09E+01 2.12E-03 5.50E-02 7.69E-12 4.28E-08 6.19E-08 3.52E-13 1.06E-34 6.92E+13
  9.12E+06 9.45E-04 9.77E+01 1.96E-03 4.88E-02 4.70E-12 3.42E-08 4.91E-08 1.71E-13 7.91E-35 5.98E+13
  9.22E+06 5.96E-04 1.03E+02 1.80E-03 4.29E-02 2.82E-12 2.71E-08 3.87E-08 8.14E-14 5.96E-35 5.17E+13
  9.32E+06 3.67E-04 1.07E+02 1.66E-03 3.74E-02 1.67E-12 2.12E-08 3.02E-08 3.83E-14 4.58E-35 4.47E+13
  9.42E+06 2.17E-04 1.12E+02 1.53E-03 3.26E-02 9.82E-13 1.65E-08 2.34E-08 1.78E-14 3.59E-35 3.86E+13
  9.52E+06 1.22E-04 1.21E+02 1.42E-03 2.86E-02 5.78E-13 1.27E-08 1.79E-08 8.21E-15 2.88E-35 3.34E+13
  9.62E+06 6.60E-05 1.46E+02 1.33E-03 2.53E-02 3.44E-13 9.63E-09 1.36E-08 3.76E-15 2.40E-35 2.89E+13
  9.72E+06 3.44E-05 2.10E+02 1.28E-03 2.30E-02 2.11E-13 7.24E-09 1.02E-08 1.71E-15 2.08E-35 2.50E+13
  9.82E+06 1.75E-05 3.89E+02 1.28E-03 2.17E-02 1.38E-13 5.39E-09 7.55E-09 7.77E-16 1.92E-35 2.16E+13
  9.92E+06 8.88E-06 1.05E+03 1.35E-03 2.18E-02 1.02E-13 4.00E-09 5.60E-09 3.59E-16 1.94E-35 1.87E+13

 ATMOSPHERIC PARAMETERS

    Z         T         EDD       DEN        P        H2OSAT     H2O       RELH     CONDEN    H FLUX
  2.500E+04 2.863E+02 1.000E+05 2.488E+19 9.830E-01 1.536E-02 1.146E-02 7.463E-01 0.000E+00 3.869E+11
  1.250E+05 2.810E+02 1.000E+05 2.249E+19 8.719E-01 1.212E-02 7.998E-03 6.598E-01 0.000E+00 2.998E+11
  2.250E+05 2.752E+02 1.000E+05 2.031E+19 7.714E-01 9.196E-03 5.358E-03 5.827E-01 0.000E+00 2.256E+11
  3.250E+05 2.694E+02 1.000E+05 1.831E+19 6.807E-01 6.533E-03 3.299E-03 5.050E-01 0.000E+00 1.648E+11
  4.250E+05 2.631E+02 1.000E+05 1.650E+19 5.989E-01 4.305E-03 1.905E-03 4.425E-01 0.000E+00 1.151E+11
  5.250E+05 2.560E+02 1.000E+05 1.487E+19 5.252E-01 2.577E-03 9.953E-04 3.863E-01 0.000E+00 7.757E+10
  6.250E+05 2.480E+02 1.000E+05 1.340E+19 4.588E-01 1.370E-03 4.596E-04 3.354E-01 0.000E+00 5.304E+10
  7.250E+05 2.394E+02 1.000E+05 1.208E+19 3.990E-01 6.423E-04 1.861E-04 2.897E-01 0.000E+00 3.885E+10
  8.250E+05 2.301E+02 1.000E+05 1.087E+19 3.451E-01 2.651E-04 6.593E-05 2.487E-01 0.000E+00 3.027E+10
  9.250E+05 2.205E+02 1.000E+05 9.751E+18 2.967E-01 9.664E-05 2.045E-05 2.116E-01 0.000E+00 2.476E+10
  1.025E+06 2.131E+02 8.000E+04 8.619E+18 2.535E-01 4.334E-05 7.747E-06 1.788E-01 0.000E+00 2.132E+10
  1.125E+06 2.110E+02 3.000E+04 7.417E+18 2.159E-01 3.784E-05 4.957E-06 1.310E-01 1.877E-11 5.327E+12
  1.225E+06 2.099E+02 1.700E+04 6.342E+18 1.837E-01 3.832E-05 3.938E-06 1.028E-01 1.707E-12 5.630E+10
  1.325E+06 2.092E+02 8.000E+03 5.411E+18 1.562E-01 4.078E-05 3.935E-06 9.651E-02 0.000E+00 2.993E+08
  1.425E+06 2.089E+02 5.800E+03 4.604E+18 1.327E-01 4.618E-05 3.963E-06 8.582E-02 0.000E+00 2.993E+08
  1.525E+06 2.090E+02 4.600E+03 3.912E+18 1.128E-01 5.498E-05 4.003E-06 7.281E-02 0.000E+00 2.993E+08
  1.625E+06 2.093E+02 4.000E+03 3.320E+18 9.591E-02 6.776E-05 4.061E-06 5.993E-02 0.000E+00 2.993E+08
  1.725E+06 2.099E+02 3.900E+03 2.816E+18 8.156E-02 8.581E-05 4.134E-06 4.817E-02 0.000E+00 2.993E+08
  1.825E+06 2.106E+02 3.900E+03 2.388E+18 6.940E-02 1.118E-04 4.220E-06 3.773E-02 0.000E+00 2.993E+08
  1.925E+06 2.116E+02 4.100E+03 2.024E+18 5.909E-02 1.502E-04 4.319E-06 2.876E-02 0.000E+00 2.993E+08
  2.025E+06 2.128E+02 4.600E+03 1.715E+18 5.036E-02 2.076E-04 4.424E-06 2.131E-02 0.000E+00 2.993E+08
  2.125E+06 2.142E+02 5.100E+03 1.454E+18 4.296E-02 2.931E-04 4.534E-06 1.547E-02 0.000E+00 2.993E+08
  2.225E+06 2.157E+02 5.800E+03 1.233E+18 3.669E-02 4.194E-04 4.648E-06 1.108E-02 0.000E+00 2.993E+08
  2.325E+06 2.173E+02 6.600E+03 1.046E+18 3.137E-02 6.035E-04 4.763E-06 7.893E-03 0.000E+00 2.993E+08
  2.425E+06 2.189E+02 7.500E+03 8.892E+17 2.686E-02 8.687E-04 4.880E-06 5.617E-03 0.000E+00 2.993E+08
  2.525E+06 2.205E+02 8.500E+03 7.565E+17 2.302E-02 1.250E-03 4.998E-06 3.998E-03 0.000E+00 2.993E+08
  2.625E+06 2.222E+02 9.500E+03 6.442E+17 1.976E-02 1.802E-03 5.117E-06 2.840E-03 0.000E+00 2.993E+08
  2.725E+06 2.240E+02 1.060E+04 5.491E+17 1.697E-02 2.615E-03 5.237E-06 2.003E-03 0.000E+00 2.993E+08
  2.825E+06 2.260E+02 1.200E+04 4.683E+17 1.460E-02 3.851E-03 5.359E-06 1.392E-03 0.000E+00 2.993E+08
  2.925E+06 2.281E+02 1.300E+04 3.997E+17 1.258E-02 5.776E-03 5.481E-06 9.488E-04 0.000E+00 2.993E+08
  3.025E+06 2.306E+02 1.430E+04 3.412E+17 1.086E-02 8.889E-03 5.605E-06 6.306E-04 0.000E+00 2.993E+08
  3.125E+06 2.333E+02 1.600E+04 2.915E+17 9.384E-03 1.401E-02 5.729E-06 4.090E-04 0.000E+00 2.993E+08
  3.225E+06 2.362E+02 1.740E+04 2.493E+17 8.126E-03 2.242E-02 5.851E-06 2.609E-04 0.000E+00 2.993E+08
  3.325E+06 2.393E+02 1.900E+04 2.135E+17 7.049E-03 3.611E-02 5.972E-06 1.654E-04 0.000E+00 2.993E+08
  3.425E+06 2.424E+02 2.100E+04 1.831E+17 6.127E-03 5.795E-02 6.091E-06 1.051E-04 0.000E+00 2.993E+08
  3.525E+06 2.456E+02 2.300E+04 1.574E+17 5.335E-03 9.186E-02 6.206E-06 6.756E-05 0.000E+00 2.993E+08
  3.625E+06 2.486E+02 2.600E+04 1.356E+17 4.654E-03 1.433E-01 6.316E-06 4.409E-05 0.000E+00 2.993E+08
  3.725E+06 2.516E+02 2.900E+04 1.171E+17 4.066E-03 2.193E-01 6.418E-06 2.926E-05 0.000E+00 2.993E+08
  3.825E+06 2.544E+02 3.200E+04 1.014E+17 3.559E-03 3.293E-01 6.513E-06 1.978E-05 0.000E+00 2.993E+08
  3.925E+06 2.572E+02 3.600E+04 8.789E+16 3.119E-03 4.849E-01 6.601E-06 1.361E-05 0.000E+00 2.993E+08
  4.025E+06 2.597E+02 4.000E+04 7.639E+16 2.738E-03 6.988E-01 6.681E-06 9.560E-06 0.000E+00 2.993E+08
  4.125E+06 2.621E+02 4.400E+04 6.653E+16 2.406E-03 9.825E-01 6.753E-06 6.873E-06 0.000E+00 2.993E+08
  4.225E+06 2.641E+02 4.900E+04 5.808E+16 2.117E-03 1.340E+00 6.816E-06 5.087E-06 0.000E+00 2.993E+08
  4.325E+06 2.658E+02 5.500E+04 5.082E+16 1.864E-03 1.761E+00 6.870E-06 3.901E-06 0.000E+00 2.993E+08
  4.425E+06 2.670E+02 6.200E+04 4.459E+16 1.643E-03 2.216E+00 6.914E-06 3.119E-06 0.000E+00 2.993E+08
  4.525E+06 2.676E+02 6.700E+04 3.922E+16 1.449E-03 2.656E+00 6.949E-06 2.617E-06 0.000E+00 2.993E+08
  4.625E+06 2.677E+02 7.600E+04 3.458E+16 1.278E-03 3.019E+00 6.976E-06 2.311E-06 0.000E+00 2.993E+08
  4.725E+06 2.671E+02 8.400E+04 3.056E+16 1.127E-03 3.255E+00 6.994E-06 2.149E-06 0.000E+00 2.993E+08
  4.825E+06 2.660E+02 9.200E+04 2.706E+16 9.930E-04 3.348E+00 7.005E-06 2.092E-06 0.000E+00 2.993E+08
  4.925E+06 2.645E+02 1.020E+05 2.397E+16 8.748E-04 3.342E+00 7.010E-06 2.098E-06 0.000E+00 2.993E+08
  5.025E+06 2.630E+02 1.120E+05 2.122E+16 7.701E-04 3.326E+00 7.009E-06 2.107E-06 0.000E+00 2.993E+08
  5.125E+06 2.615E+02 1.220E+05 1.877E+16 6.775E-04 3.316E+00 7.004E-06 2.112E-06 0.000E+00 2.993E+08
  5.225E+06 2.600E+02 1.320E+05 1.660E+16 5.956E-04 3.304E+00 6.993E-06 2.117E-06 0.000E+00 2.993E+08
  5.325E+06 2.586E+02 1.420E+05 1.466E+16 5.233E-04 3.288E+00 6.979E-06 2.123E-06 0.000E+00 2.993E+08
  5.425E+06 2.571E+02 1.520E+05 1.295E+16 4.594E-04 3.268E+00 6.961E-06 2.130E-06 0.000E+00 2.993E+08
  5.525E+06 2.556E+02 1.620E+05 1.143E+16 4.030E-04 3.243E+00 6.938E-06 2.139E-06 0.000E+00 2.993E+08
  5.625E+06 2.541E+02 1.720E+05 1.008E+16 3.533E-04 3.214E+00 6.912E-06 2.151E-06 0.000E+00 2.993E+08
  5.725E+06 2.526E+02 1.820E+05 8.879E+15 3.095E-04 3.180E+00 6.883E-06 2.164E-06 0.000E+00 2.993E+08
  5.825E+06 2.511E+02 1.920E+05 7.819E+15 2.709E-04 3.141E+00 6.849E-06 2.181E-06 0.000E+00 2.993E+08
  5.925E+06 2.496E+02 2.020E+05 6.881E+15 2.370E-04 3.095E+00 6.811E-06 2.201E-06 0.000E+00 2.993E+08
  6.025E+06 2.481E+02 2.120E+05 6.051E+15 2.071E-04 3.043E+00 6.769E-06 2.224E-06 0.000E+00 2.993E+08
  6.125E+06 2.465E+02 2.220E+05 5.318E+15 1.809E-04 2.985E+00 6.721E-06 2.252E-06 0.000E+00 2.993E+08
  6.225E+06 2.450E+02 2.320E+05 4.670E+15 1.579E-04 2.921E+00 6.669E-06 2.283E-06 0.000E+00 2.993E+08
  6.325E+06 2.434E+02 2.420E+05 4.098E+15 1.376E-04 2.853E+00 6.611E-06 2.317E-06 0.000E+00 2.993E+08
  6.425E+06 2.418E+02 2.520E+05 3.593E+15 1.199E-04 2.782E+00 6.548E-06 2.354E-06 0.000E+00 2.993E+08
  6.525E+06 2.403E+02 2.620E+05 3.148E+15 1.044E-04 2.708E+00 6.477E-06 2.392E-06 0.000E+00 2.993E+08
  6.625E+06 2.387E+02 2.720E+05 2.755E+15 9.077E-05 2.634E+00 6.399E-06 2.429E-06 0.000E+00 2.993E+08
  6.725E+06 2.372E+02 2.820E+05 2.410E+15 7.887E-05 2.562E+00 6.313E-06 2.464E-06 0.000E+00 2.993E+08
  6.825E+06 2.356E+02 2.920E+05 2.106E+15 6.847E-05 2.495E+00 6.218E-06 2.492E-06 0.000E+00 2.993E+08
  6.925E+06 2.341E+02 3.020E+05 1.838E+15 5.939E-05 2.435E+00 6.113E-06 2.511E-06 0.000E+00 2.993E+08
  7.025E+06 2.327E+02 3.120E+05 1.603E+15 5.147E-05 2.384E+00 5.997E-06 2.515E-06 0.000E+00 2.993E+08
  7.125E+06 2.313E+02 3.220E+05 1.397E+15 4.457E-05 2.345E+00 5.868E-06 2.502E-06 0.000E+00 2.993E+08
  7.225E+06 2.299E+02 3.320E+05 1.216E+15 3.857E-05 2.320E+00 5.725E-06 2.468E-06 0.000E+00 2.993E+08
  7.325E+06 2.286E+02 3.420E+05 1.057E+15 3.334E-05 2.307E+00 5.566E-06 2.413E-06 0.000E+00 2.993E+08
  7.425E+06 2.276E+02 3.520E+05 9.170E+14 2.880E-05 2.374E+00 5.391E-06 2.271E-06 0.000E+00 2.993E+08
  7.525E+06 2.276E+02 3.620E+05 7.921E+14 2.488E-05 2.749E+00 5.196E-06 1.890E-06 0.000E+00 2.993E+08
  7.625E+06 2.276E+02 3.720E+05 6.842E+14 2.149E-05 3.182E+00 4.981E-06 1.565E-06 0.000E+00 2.993E+08
  7.725E+06 2.276E+02 3.820E+05 5.910E+14 1.856E-05 3.684E+00 4.746E-06 1.288E-06 0.000E+00 2.993E+08
  7.825E+06 2.276E+02 3.920E+05 5.105E+14 1.604E-05 4.265E+00 4.490E-06 1.053E-06 0.000E+00 2.993E+08
  7.925E+06 2.276E+02 4.020E+05 4.410E+14 1.385E-05 4.937E+00 4.212E-06 8.532E-07 0.000E+00 2.993E+08
  8.025E+06 2.276E+02 4.070E+05 3.810E+14 1.197E-05 5.714E+00 3.909E-06 6.840E-07 0.000E+00 2.993E+08
  8.125E+06 2.276E+02 4.070E+05 3.292E+14 1.034E-05 6.614E+00 3.577E-06 5.408E-07 0.000E+00 2.993E+08
  8.225E+06 2.276E+02 4.070E+05 2.844E+14 8.934E-06 7.655E+00 3.230E-06 4.220E-07 0.000E+00 2.993E+08
  8.325E+06 2.276E+02 4.070E+05 2.458E+14 7.719E-06 8.859E+00 2.883E-06 3.255E-07 0.000E+00 2.993E+08
  8.425E+06 2.276E+02 4.070E+05 2.124E+14 6.670E-06 1.025E+01 2.547E-06 2.485E-07 0.000E+00 2.993E+08
  8.525E+06 2.276E+02 4.070E+05 1.835E+14 5.764E-06 1.186E+01 2.230E-06 1.880E-07 0.000E+00 2.993E+08
  8.625E+06 2.276E+02 4.070E+05 1.586E+14 4.982E-06 1.373E+01 1.936E-06 1.410E-07 0.000E+00 2.993E+08
  8.725E+06 2.276E+02 4.070E+05 1.371E+14 4.306E-06 1.588E+01 1.668E-06 1.050E-07 0.000E+00 2.993E+08
  8.825E+06 2.276E+02 4.070E+05 1.185E+14 3.722E-06 1.837E+01 1.428E-06 7.769E-08 0.000E+00 2.993E+08
  8.925E+06 2.276E+02 4.070E+05 1.024E+14 3.217E-06 2.126E+01 1.214E-06 5.712E-08 0.000E+00 2.993E+08
  9.025E+06 2.276E+02 4.070E+05 8.857E+13 2.782E-06 2.458E+01 1.027E-06 4.176E-08 0.000E+00 2.993E+08
  9.125E+06 2.276E+02 4.070E+05 7.659E+13 2.406E-06 2.843E+01 8.638E-07 3.039E-08 0.000E+00 2.993E+08
  9.225E+06 2.276E+02 4.070E+05 6.624E+13 2.081E-06 3.287E+01 7.239E-07 2.203E-08 0.000E+00 2.993E+08
  9.325E+06 2.276E+02 4.070E+05 5.731E+13 1.800E-06 3.799E+01 6.051E-07 1.593E-08 0.000E+00 2.993E+08
  9.425E+06 2.276E+02 4.070E+05 4.959E+13 1.558E-06 4.391E+01 5.055E-07 1.151E-08 0.000E+00 2.993E+08
  9.525E+06 2.276E+02 4.070E+05 4.292E+13 1.348E-06 5.073E+01 4.236E-07 8.350E-09 0.000E+00 2.993E+08
  9.625E+06 2.276E+02 4.070E+05 3.716E+13 1.167E-06 5.860E+01 3.579E-07 6.108E-09 0.000E+00 2.993E+08
  9.725E+06 2.276E+02 4.070E+05 3.218E+13 1.011E-06 6.766E+01 3.077E-07 4.547E-09 0.000E+00 2.993E+08
  9.825E+06 2.276E+02 4.070E+05 2.787E+13 8.756E-07 7.811E+01 2.726E-07 3.490E-09 0.000E+00 2.993E+08
  9.925E+06 2.276E+02 4.070E+05 2.415E+13 7.587E-07 9.014E+01 2.534E-07 2.811E-09 0.000E+00 2.993E+08

 SULFATE AEROSOL PARAMETERS

    Z        AERSOL     RPAR      WFALL     FSULF    TAUSED    TAUEDD    TAUC      H2SO4S    H2SO4     CONSO4    CONVER
  2.500E+04 9.493E+00 3.699E-05 2.432E-03 2.362E-01 3.462E+08 7.090E+06 2.991E+08 5.128E-19 4.264E-12 6.822E-17 5.500E+08
  1.250E+05 8.069E+00 3.699E-05 2.613E-03 2.948E-01 3.160E+08 6.817E+06 3.469E+08 9.744E-19 8.725E-12 1.396E-16 6.864E+08
  2.250E+05 8.378E+00 3.699E-05 2.799E-03 3.451E-01 2.888E+08 6.534E+06 3.288E+08 1.410E-18 1.343E-11 2.148E-16 8.036E+08
  3.250E+05 8.543E+00 3.699E-05 3.041E-03 4.154E-01 2.600E+08 6.252E+06 3.165E+08 3.652E-18 1.800E-11 2.880E-16 9.673E+08
  4.250E+05 9.421E+00 3.699E-05 3.237E-03 4.459E-01 2.385E+08 5.961E+06 2.813E+08 3.116E-18 2.205E-11 3.527E-16 1.038E+09
  5.250E+05 1.005E+01 3.699E-05 3.464E-03 4.760E-01 2.169E+08 5.645E+06 2.578E+08 2.180E-18 2.478E-11 3.965E-16 1.108E+09
  6.250E+05 1.043E+01 3.699E-05 3.729E-03 5.057E-01 1.952E+08 5.301E+06 2.424E+08 1.194E-18 2.545E-11 4.071E-16 1.178E+09
  7.250E+05 1.078E+01 3.699E-05 4.022E-03 5.259E-01 1.747E+08 4.939E+06 2.282E+08 3.706E-19 2.508E-11 4.013E-16 1.225E+09
  8.250E+05 1.097E+01 3.699E-05 4.367E-03 5.444E-01 1.548E+08 4.567E+06 2.173E+08 8.386E-20 2.576E-11 4.121E-16 1.268E+09
  9.250E+05 1.100E+01 3.699E-05 4.777E-03 5.614E-01 1.356E+08 4.196E+06 2.089E+08 1.386E-20 2.759E-11 4.414E-16 1.307E+09
  1.025E+06 1.086E+01 3.699E-05 5.237E-03 5.774E-01 1.196E+08 4.904E+06 2.018E+08 3.698E-21 2.935E-11 4.695E-16 1.345E+09
  1.125E+06 1.102E+01 3.699E-05 5.733E-03 6.002E-01 1.082E+08 1.282E+07 1.863E+08 6.579E-21 3.066E-11 4.906E-16 1.398E+09
  1.225E+06 1.304E+01 3.699E-05 6.292E-03 6.180E-01 9.809E+07 2.241E+07 1.459E+08 1.309E-20 3.113E-11 4.980E-16 1.439E+09
  1.325E+06 1.591E+01 3.699E-05 6.909E-03 6.224E-01 8.906E+07 4.732E+07 1.100E+08 1.511E-20 2.952E-11 4.723E-16 1.449E+09
  1.425E+06 1.911E+01 3.699E-05 7.657E-03 6.303E-01 8.028E+07 6.515E+07 8.341E+07 2.400E-20 2.736E-11 4.378E-16 1.468E+09
  1.525E+06 2.004E+01 3.699E-05 8.556E-03 6.400E-01 7.190E+07 8.226E+07 7.190E+07 4.690E-20 2.704E-11 4.326E-16 1.490E+09
  1.625E+06 1.960E+01 3.641E-05 9.444E-03 6.517E-01 6.526E+07 9.496E+07 6.526E+07 1.087E-19 2.620E-11 4.191E-16 1.447E+09
  1.725E+06 1.838E+01 3.505E-05 1.023E-02 6.648E-01 6.043E+07 9.795E+07 6.043E+07 2.886E-19 2.375E-11 3.800E-16 1.316E+09
  1.825E+06 1.667E+01 3.313E-05 1.093E-02 6.781E-01 5.675E+07 9.871E+07 5.675E+07 8.206E-19 1.937E-11 3.099E-16 1.134E+09
  1.925E+06 1.473E+01 3.084E-05 1.159E-02 6.924E-01 5.381E+07 9.482E+07 5.381E+07 2.629E-18 1.334E-11 2.135E-16 9.345E+08
  2.025E+06 1.285E+01 2.845E-05 1.225E-02 7.068E-01 5.122E+07 8.553E+07 5.122E+07 9.168E-18 7.658E-12 1.225E-16 7.488E+08
  2.125E+06 1.120E+01 2.613E-05 1.295E-02 7.206E-01 4.875E+07 7.820E+07 4.875E+07 3.290E-17 4.314E-12 6.903E-17 5.913E+08
  2.225E+06 9.804E+00 2.393E-05 1.372E-02 7.341E-01 4.636E+07 6.978E+07 4.636E+07 1.182E-16 2.461E-12 3.938E-17 4.628E+08
  2.325E+06 8.677E+00 2.189E-05 1.456E-02 7.473E-01 4.403E+07 6.227E+07 4.403E+07 4.243E-16 1.425E-12 2.280E-17 3.604E+08
  2.425E+06 7.789E+00 1.999E-05 1.545E-02 7.593E-01 4.180E+07 5.565E+07 4.180E+07 1.420E-15 8.334E-13 1.331E-17 2.791E+08
  2.525E+06 7.113E+00 1.823E-05 1.639E-02 7.709E-01 3.973E+07 4.988E+07 3.973E+07 4.648E-15 4.921E-13 7.799E-18 2.147E+08
  2.625E+06 6.625E+00 1.656E-05 1.734E-02 7.821E-01 3.785E+07 4.534E+07 3.785E+07 1.511E-14 3.004E-13 4.564E-18 1.635E+08
  2.725E+06 6.309E+00 1.499E-05 1.827E-02 7.925E-01 3.623E+07 4.132E+07 3.623E+07 4.775E-14 2.161E-13 2.693E-18 1.229E+08
  2.825E+06 6.157E+00 1.351E-05 1.916E-02 8.024E-01 3.486E+07 3.716E+07 3.486E+07 1.531E-13 2.619E-13 1.741E-18 9.107E+07
  2.925E+06 6.156E+00 1.212E-05 1.998E-02 8.116E-01 3.375E+07 3.499E+07 3.375E+07 4.853E-13 5.738E-13 1.416E-18 6.652E+07
  3.025E+06 6.365E+00 1.078E-05 2.064E-02 8.216E-01 3.303E+07 3.251E+07 3.251E+07 1.682E-12 1.154E-12-8.439E-18 4.729E+07
  3.125E+06 5.837E+00 1.000E-05 2.226E-02 8.327E-01 3.099E+07 2.976E+07 3.546E+07 6.284E-12 1.456E-12-7.725E-17 3.830E+07
  3.225E+06 4.265E+00 1.000E-05 2.585E-02 8.441E-01 2.703E+07 2.807E+07 4.754E+07 2.362E-11 1.609E-12-3.522E-16 3.883E+07
  3.325E+06 3.093E+00 1.000E-05 2.997E-02 8.553E-01 2.363E+07 2.640E+07 6.439E+07 8.403E-11 1.690E-12-1.317E-15 3.934E+07
  3.425E+06 2.226E+00 1.000E-05 3.470E-02 8.674E-01 2.069E+07 2.454E+07 8.805E+07 2.751E-10 1.732E-12-4.374E-15 3.990E+07
  3.525E+06 1.591E+00 1.000E-05 4.012E-02 8.800E-01 1.813E+07 2.300E+07 1.214E+08 8.259E-10 1.755E-12-1.319E-14 4.048E+07
  3.625E+06 1.133E+00 1.000E-05 4.631E-02 8.925E-01 1.591E+07 2.087E+07 1.683E+08 2.368E-09 1.767E-12-3.786E-14 4.105E+07
  3.725E+06 8.050E-01 1.000E-05 5.336E-02 9.049E-01 1.397E+07 1.917E+07 2.340E+08 6.098E-09 1.772E-12-9.753E-14 4.163E+07
  3.825E+06 5.695E-01 1.000E-05 6.139E-02 9.173E-01 1.229E+07 1.778E+07 3.273E+08 1.367E-08 1.775E-12-2.187E-13 4.219E+07
  3.925E+06 4.015E-01 1.000E-05 7.050E-02 9.290E-01 1.082E+07 1.616E+07 4.596E+08 2.925E-08 1.776E-12-4.680E-13 4.274E+07
  4.025E+06 2.826E-01 1.000E-05 8.083E-02 9.402E-01 9.532E+06 1.484E+07 6.473E+08 5.967E-08 1.776E-12-9.547E-13 4.325E+07
  4.125E+06 2.001E-01 1.000E-05 9.213E-02 9.414E-01 8.441E+06 1.374E+07 9.090E+08 9.747E-08 1.775E-12-1.560E-12 4.330E+07
  4.225E+06 1.413E-01 1.000E-05 1.048E-01 9.414E-01 7.480E+06 1.254E+07 1.281E+09 1.479E-07 1.774E-12-2.366E-12 4.330E+07
  4.325E+06 9.967E-02 1.000E-05 1.191E-01 9.414E-01 6.626E+06 1.133E+07 1.810E+09 2.125E-07 1.773E-12-3.399E-12 4.330E+07
  4.425E+06 7.034E-02 1.000E-05 1.352E-01 9.414E-01 5.865E+06 1.014E+07 2.557E+09 2.840E-07 1.773E-12-4.543E-12 4.330E+07
  4.525E+06 4.949E-02 1.000E-05 1.534E-01 9.414E-01 5.184E+06 9.438E+06 3.628E+09 3.513E-07 1.772E-12-5.621E-12 4.330E+07
  4.625E+06 3.469E-02 1.000E-05 1.739E-01 9.414E-01 4.576E+06 8.327E+06 5.176E+09 3.999E-07 1.771E-12-6.399E-12 4.330E+07
  4.725E+06 2.432E-02 1.000E-05 1.970E-01 9.414E-01 4.031E+06 7.506E+06 7.389E+09 4.187E-07 1.769E-12-6.699E-12 4.330E+07
  4.825E+06 1.696E-02 1.000E-05 2.232E-01 9.414E-01 3.543E+06 6.799E+06 1.062E+10 4.070E-07 1.768E-12-6.512E-12 4.330E+07
  4.925E+06 1.175E-02 1.000E-05 2.530E-01 9.414E-01 3.110E+06 6.069E+06 1.537E+10 3.756E-07 1.767E-12-6.009E-12 4.330E+07
  5.025E+06 8.082E-03 1.000E-05 2.870E-01 9.414E-01 2.727E+06 5.468E+06 2.240E+10 3.457E-07 1.766E-12-5.531E-12 4.330E+07
  5.125E+06 5.503E-03 1.000E-05 3.257E-01 9.414E-01 2.390E+06 4.967E+06 3.298E+10 3.189E-07 1.765E-12-5.102E-12 4.330E+07
  5.225E+06 3.700E-03 1.000E-05 3.700E-01 9.414E-01 2.093E+06 4.542E+06 4.920E+10 2.931E-07 1.764E-12-4.690E-12 4.330E+07
  5.325E+06 2.450E-03 1.000E-05 4.206E-01 9.414E-01 1.831E+06 4.177E+06 7.451E+10 2.695E-07 1.762E-12-4.311E-12 4.330E+07
  5.425E+06 1.593E-03 1.000E-05 4.784E-01 9.414E-01 1.601E+06 3.860E+06 1.149E+11 2.467E-07 1.761E-12-3.947E-12 4.330E+07
  5.525E+06 1.015E-03 1.000E-05 5.446E-01 9.414E-01 1.399E+06 3.582E+06 1.809E+11 2.252E-07 1.759E-12-3.603E-12 4.330E+07
  5.625E+06 6.311E-04 1.000E-05 6.204E-01 9.414E-01 1.221E+06 3.337E+06 2.917E+11 2.055E-07 1.758E-12-3.288E-12 4.330E+07
  5.725E+06 3.821E-04 1.000E-05 7.073E-01 9.414E-01 1.065E+06 3.118E+06 4.833E+11 1.862E-07 1.756E-12-2.979E-12 4.330E+07
  5.825E+06 2.243E-04 1.000E-05 8.070E-01 9.414E-01 9.282E+05 2.923E+06 8.257E+11 1.684E-07 1.754E-12-2.695E-12 4.330E+07
  5.925E+06 1.272E-04 1.000E-05 9.215E-01 9.414E-01 8.083E+05 2.746E+06 1.461E+12 1.519E-07 1.752E-12-2.431E-12 4.330E+07
  6.025E+06 6.932E-05 1.000E-05 1.053E+00 9.414E-01 7.032E+05 2.586E+06 2.688E+12 1.360E-07 1.750E-12-2.176E-12 4.330E+07
  6.125E+06 3.615E-05 1.000E-05 1.204E+00 9.414E-01 6.112E+05 2.441E+06 5.171E+12 1.217E-07 1.748E-12-1.947E-12 4.330E+07
  6.225E+06 1.792E-05 1.000E-05 1.379E+00 9.414E-01 5.308E+05 2.308E+06 1.046E+13 1.081E-07 1.745E-12-1.730E-12 4.330E+07
  6.325E+06 8.395E-06 1.000E-05 1.579E+00 9.414E-01 4.605E+05 2.186E+06 2.240E+13 9.572E-08 1.743E-12-1.532E-12 4.330E+07
  6.425E+06 3.687E-06 1.000E-05 1.811E+00 9.414E-01 3.992E+05 2.073E+06 5.119E+13 8.467E-08 1.740E-12-1.355E-12 4.330E+07
  6.525E+06 1.504E-06 1.000E-05 2.078E+00 9.414E-01 3.457E+05 1.969E+06 1.258E+14 7.434E-08 1.736E-12-1.189E-12 4.330E+07
  6.625E+06 5.648E-07 1.000E-05 2.387E+00 9.414E-01 2.991E+05 1.874E+06 3.363E+14 6.537E-08 1.733E-12-1.046E-12 4.330E+07
  6.725E+06 1.928E-07 1.000E-05 2.744E+00 9.414E-01 2.585E+05 1.785E+06 9.886E+14 5.736E-08 1.729E-12-9.177E-13 4.330E+07
  6.825E+06 5.899E-08 1.000E-05 3.158E+00 9.414E-01 2.233E+05 1.703E+06 3.241E+15 5.035E-08 1.724E-12-8.056E-13 4.330E+07
  6.925E+06 1.592E-08 1.000E-05 3.637E+00 9.414E-01 1.927E+05 1.626E+06 1.204E+16 4.449E-08 1.719E-12-7.118E-13 4.330E+07
  7.025E+06 3.727E-09 1.000E-05 4.190E+00 9.396E-01 1.663E+05 1.556E+06 5.164E+16 3.795E-08 1.714E-12-6.072E-13 4.322E+07
  7.125E+06 7.377E-10 1.000E-05 4.830E+00 9.379E-01 1.434E+05 1.490E+06 2.618E+17 3.270E-08 1.708E-12-5.231E-13 4.314E+07
  7.225E+06 1.199E-10 1.000E-05 5.574E+00 9.364E-01 1.236E+05 1.429E+06 1.615E+18 2.863E-08 1.701E-12-4.581E-13 4.308E+07
  7.325E+06 1.544E-11 1.000E-05 6.439E+00 9.352E-01 1.064E+05 1.373E+06 1.259E+19 2.523E-08 1.694E-12-4.036E-13 4.302E+07
  7.425E+06 1.497E-12 1.000E-05 7.449E+00 9.352E-01 9.162E+04 1.323E+06 1.301E+20 2.414E-08 1.686E-12-3.862E-13 4.302E+07
  7.525E+06 1.011E-13 1.000E-05 8.638E+00 9.393E-01 7.903E+04 1.287E+06 1.924E+21 3.034E-08 1.677E-12-4.854E-13 4.321E+07
  7.625E+06 4.371E-15 1.000E-05 1.001E+01 9.414E-01 6.825E+04 1.254E+06 4.450E+22 3.660E-08 1.666E-12-5.856E-13 4.330E+07
  7.725E+06 1.044E-16 1.000E-05 1.158E+01 9.414E-01 5.899E+04 1.222E+06 1.864E+24 4.237E-08 1.655E-12-6.780E-13 4.330E+07
  7.825E+06 1.034E-18 1.000E-05 1.340E+01 9.414E-01 5.099E+04 1.191E+06 1.881E+26 4.905E-08 1.642E-12-7.848E-13 4.330E+07
  7.925E+06 1.877E-21 1.000E-05 1.551E+01 9.414E-01 4.408E+04 1.162E+06 1.036E+29 5.678E-08 1.628E-12-9.085E-13 4.330E+07
  8.025E+06 5.219E-25 1.000E-05 1.794E+01 9.414E-01 3.810E+04 1.149E+06 3.727E+32 6.573E-08 1.612E-12-1.052E-12 4.330E+07
  8.125E+06 3.284E-27 1.000E-05 2.076E+01 9.414E-01 3.294E+04 1.149E+06 5.923E+34 7.607E-08 1.593E-12-1.217E-12 4.330E+07
  8.225E+06 9.539E-30 1.000E-05 2.402E+01 9.414E-01 2.848E+04 1.150E+06 2.039E+37 8.805E-08 1.573E-12-1.409E-12 4.330E+07
  8.325E+06 5.675E-32 1.000E-05 2.780E+01 9.414E-01 2.463E+04 1.151E+06 3.427E+39 1.019E-07 1.549E-12-1.630E-12 4.330E+07
  8.425E+06 4.904E-32 1.000E-05 3.216E+01 9.414E-01 2.129E+04 1.152E+06 3.966E+39 1.179E-07 1.523E-12-1.887E-12 4.330E+07
  8.525E+06 4.238E-32 1.000E-05 3.720E+01 9.414E-01 1.842E+04 1.153E+06 4.590E+39 1.365E-07 1.493E-12-2.183E-12 4.330E+07
  8.625E+06 3.662E-32 1.000E-05 4.303E+01 9.414E-01 1.593E+04 1.154E+06 5.311E+39 1.579E-07 1.459E-12-2.526E-12 4.330E+07
  8.725E+06 3.165E-32 1.000E-05 4.977E+01 9.414E-01 1.378E+04 1.156E+06 6.145E+39 1.827E-07 1.422E-12-2.923E-12 4.330E+07
  8.825E+06 2.736E-32 1.000E-05 5.756E+01 9.414E-01 1.192E+04 1.157E+06 7.109E+39 2.113E-07 1.380E-12-3.382E-12 4.330E+07
  8.925E+06 2.365E-32 1.000E-05 6.656E+01 9.414E-01 1.032E+04 1.159E+06 8.223E+39 2.445E-07 1.334E-12-3.912E-12 4.330E+07
  9.025E+06 2.045E-32 1.000E-05 7.696E+01 9.414E-01 8.935E+03 1.162E+06 9.510E+39 2.828E-07 1.283E-12-4.524E-12 4.330E+07
  9.125E+06 1.769E-32 1.000E-05 8.897E+01 9.414E-01 7.738E+03 1.164E+06 1.100E+40 3.270E-07 1.228E-12-5.232E-12 4.330E+07
  9.225E+06 1.530E-32 1.000E-05 1.028E+02 9.414E-01 6.703E+03 1.168E+06 1.272E+40 3.780E-07 1.168E-12-6.049E-12 4.330E+07
  9.325E+06 1.323E-32 1.000E-05 1.188E+02 9.414E-01 5.810E+03 1.171E+06 1.470E+40 4.370E-07 1.104E-12-6.992E-12 4.330E+07
  9.425E+06 1.145E-32 1.000E-05 1.373E+02 9.414E-01 5.037E+03 1.175E+06 1.699E+40 5.050E-07 1.036E-12-8.080E-12 4.330E+07
  9.525E+06 9.911E-33 1.000E-05 1.586E+02 9.414E-01 4.369E+03 1.179E+06 1.963E+40 5.835E-07 9.640E-13-9.336E-12 4.330E+07
  9.625E+06 8.580E-33 1.000E-05 1.831E+02 9.414E-01 3.791E+03 1.184E+06 2.267E+40 6.740E-07 8.896E-13-1.078E-11 4.330E+07
  9.725E+06 7.431E-33 1.000E-05 2.114E+02 9.414E-01 3.290E+03 1.188E+06 2.618E+40 7.782E-07 8.133E-13-1.245E-11 4.330E+07
  9.825E+06 6.437E-33 1.000E-05 2.439E+02 9.414E-01 2.857E+03 1.193E+06 3.022E+40 8.984E-07 7.362E-13-1.437E-11 4.330E+07
  9.925E+06 5.577E-33 1.000E-05 2.814E+02 9.414E-01 2.481E+03 1.197E+06 3.487E+40 1.037E-06 6.594E-13-1.659E-11 4.330E+07

 S8 AEROSOL PARAMETERS

    Z        AERSOL     RPAR      WFALL     TAUSED    TAUEDD    TAUC      CONVER
  2.500E+04 1.225E-26 1.000E-05 4.739E-04 1.777E+09 7.090E+06 1.562E+35 2.030E+07
  1.250E+05 1.108E-26 1.000E-05 5.067E-04 1.629E+09 6.817E+06 1.652E+35 2.030E+07
  2.250E+05 1.000E-26 1.000E-05 5.447E-04 1.484E+09 6.534E+06 1.743E+35 2.030E+07
  3.250E+05 9.021E-27 1.000E-05 5.887E-04 1.343E+09 6.252E+06 1.836E+35 2.030E+07
  4.250E+05 8.127E-27 1.000E-05 6.401E-04 1.206E+09 5.961E+06 1.928E+35 2.030E+07
  5.250E+05 7.325E-27 1.000E-05 7.005E-04 1.073E+09 5.645E+06 2.020E+35 2.030E+07
  6.250E+05 6.603E-27 1.000E-05 7.720E-04 9.431E+08 5.301E+06 2.111E+35 2.030E+07
  7.250E+05 5.951E-27 1.000E-05 8.575E-04 8.196E+08 4.939E+06 2.202E+35 2.030E+07
  8.250E+05 5.354E-27 1.000E-05 9.604E-04 7.037E+08 4.567E+06 2.293E+35 2.030E+07
  9.250E+05 4.803E-27 1.000E-05 1.085E-03 5.968E+08 4.196E+06 2.384E+35 2.030E+07
  1.025E+06 4.246E-27 1.000E-05 1.236E-03 5.069E+08 4.904E+06 2.482E+35 2.030E+07
  1.125E+06 3.653E-27 1.000E-05 1.411E-03 4.397E+08 1.282E+07 2.594E+35 2.030E+07
  1.225E+06 3.124E-27 1.000E-05 1.617E-03 3.817E+08 2.241E+07 2.711E+35 2.030E+07
  1.325E+06 2.665E-27 1.000E-05 1.861E-03 3.306E+08 4.732E+07 2.833E+35 2.030E+07
  1.425E+06 2.268E-27 1.000E-05 2.149E-03 2.860E+08 6.515E+07 2.962E+35 2.030E+07
  1.525E+06 1.927E-27 1.000E-05 2.489E-03 2.472E+08 8.226E+07 3.101E+35 2.030E+07
  1.625E+06 1.636E-27 1.000E-05 2.888E-03 2.134E+08 9.496E+07 3.255E+35 2.030E+07
  1.725E+06 1.387E-27 1.000E-05 3.357E-03 1.841E+08 9.795E+07 3.427E+35 2.030E+07
  1.825E+06 1.176E-27 1.000E-05 3.908E-03 1.588E+08 9.871E+07 3.621E+35 2.030E+07
  1.925E+06 9.970E-28 1.000E-05 4.552E-03 1.370E+08 9.482E+07 3.846E+35 2.030E+07
  2.025E+06 8.448E-28 1.000E-05 5.304E-03 1.183E+08 8.553E+07 4.106E+35 2.030E+07
  2.125E+06 7.161E-28 1.000E-05 6.181E-03 1.022E+08 7.820E+07 4.411E+35 2.030E+07
  2.225E+06 6.073E-28 1.000E-05 7.202E-03 8.833E+07 6.978E+07 4.770E+35 2.030E+07
  2.325E+06 5.155E-28 1.000E-05 8.389E-03 7.642E+07 6.227E+07 5.195E+35 2.030E+07
  2.425E+06 4.380E-28 1.000E-05 9.766E-03 6.615E+07 5.565E+07 5.699E+35 2.030E+07
  2.525E+06 3.726E-28 1.000E-05 1.136E-02 5.730E+07 4.988E+07 6.298E+35 2.030E+07
  2.625E+06 3.173E-28 1.000E-05 1.321E-02 4.968E+07 4.534E+07 7.009E+35 2.030E+07
  2.725E+06 2.705E-28 1.000E-05 1.535E-02 4.313E+07 4.132E+07 7.854E+35 2.030E+07
  2.825E+06 2.307E-28 1.000E-05 1.781E-02 3.749E+07 3.716E+07 8.855E+35 2.030E+07
  2.925E+06 1.969E-28 1.000E-05 2.065E-02 3.266E+07 3.499E+07 1.004E+36 2.030E+07
  3.025E+06 1.681E-28 1.000E-05 2.392E-02 2.851E+07 3.251E+07 1.143E+36 2.030E+07
  3.125E+06 1.436E-28 1.000E-05 2.766E-02 2.495E+07 2.976E+07 1.307E+36 2.030E+07
  3.225E+06 1.228E-28 1.000E-05 3.195E-02 2.188E+07 2.807E+07 1.497E+36 2.030E+07
  3.325E+06 1.052E-28 1.000E-05 3.684E-02 1.923E+07 2.640E+07 1.719E+36 2.030E+07
  3.425E+06 9.021E-29 1.000E-05 4.241E-02 1.693E+07 2.454E+07 1.974E+36 2.030E+07
  3.525E+06 7.755E-29 1.000E-05 4.874E-02 1.492E+07 2.300E+07 2.267E+36 2.030E+07
  3.625E+06 6.682E-29 1.000E-05 5.593E-02 1.317E+07 2.087E+07 2.603E+36 2.030E+07
  3.725E+06 5.769E-29 1.000E-05 6.407E-02 1.164E+07 1.917E+07 2.985E+36 2.030E+07
  3.825E+06 4.993E-29 1.000E-05 7.329E-02 1.029E+07 1.778E+07 3.421E+36 2.030E+07
  3.925E+06 4.330E-29 1.000E-05 8.372E-02 9.109E+06 1.616E+07 3.916E+36 2.030E+07
  4.025E+06 3.763E-29 1.000E-05 9.550E-02 8.068E+06 1.484E+07 4.476E+36 2.030E+07
  4.125E+06 3.277E-29 1.000E-05 1.088E-01 7.149E+06 1.374E+07 5.110E+36 2.030E+07
  4.225E+06 2.861E-29 1.000E-05 1.238E-01 6.335E+06 1.254E+07 5.826E+36 2.030E+07
  4.325E+06 2.504E-29 1.000E-05 1.407E-01 5.611E+06 1.133E+07 6.632E+36 2.030E+07
  4.425E+06 2.197E-29 1.000E-05 1.597E-01 4.967E+06 1.014E+07 7.538E+36 2.030E+07
  4.525E+06 1.932E-29 1.000E-05 1.811E-01 4.391E+06 9.438E+06 8.556E+36 2.030E+07
  4.625E+06 1.704E-29 1.000E-05 2.053E-01 3.875E+06 8.327E+06 9.699E+36 2.030E+07
  4.725E+06 1.506E-29 1.000E-05 2.326E-01 3.414E+06 7.506E+06 1.098E+37 2.030E+07
  4.825E+06 1.333E-29 1.000E-05 2.636E-01 3.001E+06 6.799E+06 1.243E+37 2.030E+07
  4.925E+06 1.181E-29 1.000E-05 2.987E-01 2.634E+06 6.069E+06 1.407E+37 2.030E+07
  5.025E+06 1.045E-29 1.000E-05 3.388E-01 2.309E+06 5.468E+06 1.594E+37 2.030E+07
  5.125E+06 9.248E-30 1.000E-05 3.846E-01 2.024E+06 4.967E+06 1.806E+37 2.030E+07
  5.225E+06 8.176E-30 1.000E-05 4.369E-01 1.772E+06 4.542E+06 2.049E+37 2.030E+07
  5.325E+06 7.224E-30 1.000E-05 4.966E-01 1.551E+06 4.177E+06 2.325E+37 2.030E+07
  5.425E+06 6.379E-30 1.000E-05 5.649E-01 1.356E+06 3.860E+06 2.641E+37 2.030E+07
  5.525E+06 5.628E-30 1.000E-05 6.431E-01 1.185E+06 3.582E+06 3.001E+37 2.030E+07
  5.625E+06 4.963E-30 1.000E-05 7.326E-01 1.034E+06 3.337E+06 3.414E+37 2.030E+07
  5.725E+06 4.374E-30 1.000E-05 8.352E-01 9.020E+05 3.118E+06 3.885E+37 2.030E+07
  5.825E+06 3.852E-30 1.000E-05 9.529E-01 7.861E+05 2.923E+06 4.425E+37 2.030E+07
  5.925E+06 3.389E-30 1.000E-05 1.088E+00 6.845E+05 2.746E+06 5.043E+37 2.030E+07
  6.025E+06 2.981E-30 1.000E-05 1.243E+00 5.955E+05 2.586E+06 5.753E+37 2.030E+07
  6.125E+06 2.619E-30 1.000E-05 1.422E+00 5.176E+05 2.441E+06 6.566E+37 2.030E+07
  6.225E+06 2.300E-30 1.000E-05 1.628E+00 4.495E+05 2.308E+06 7.501E+37 2.030E+07
  6.325E+06 2.019E-30 1.000E-05 1.865E+00 3.900E+05 2.186E+06 8.576E+37 2.030E+07
  6.425E+06 1.770E-30 1.000E-05 2.138E+00 3.381E+05 2.073E+06 9.812E+37 2.030E+07
  6.525E+06 1.551E-30 1.000E-05 2.454E+00 2.928E+05 1.969E+06 1.124E+38 2.030E+07
  6.625E+06 1.357E-30 1.000E-05 2.818E+00 2.533E+05 1.874E+06 1.288E+38 2.030E+07
  6.725E+06 1.187E-30 1.000E-05 3.240E+00 2.190E+05 1.785E+06 1.477E+38 2.030E+07
  6.825E+06 1.037E-30 1.000E-05 3.729E+00 1.891E+05 1.703E+06 1.696E+38 2.030E+07
  6.925E+06 9.056E-31 1.000E-05 4.295E+00 1.632E+05 1.626E+06 1.949E+38 2.030E+07
  7.025E+06 7.897E-31 1.000E-05 4.951E+00 1.407E+05 1.556E+06 2.242E+38 2.030E+07
  7.125E+06 6.880E-31 1.000E-05 5.712E+00 1.213E+05 1.490E+06 2.581E+38 2.030E+07
  7.225E+06 5.988E-31 1.000E-05 6.597E+00 1.044E+05 1.429E+06 2.974E+38 2.030E+07
  7.325E+06 5.206E-31 1.000E-05 7.625E+00 8.987E+04 1.373E+06 3.431E+38 2.030E+07
  7.425E+06 4.517E-31 1.000E-05 8.820E+00 7.737E+04 1.323E+06 3.962E+38 2.030E+07
  7.525E+06 3.902E-31 1.000E-05 1.021E+01 6.687E+04 1.287E+06 4.588E+38 2.030E+07
  7.625E+06 3.370E-31 1.000E-05 1.181E+01 5.780E+04 1.254E+06 5.311E+38 2.030E+07
  7.725E+06 2.911E-31 1.000E-05 1.367E+01 4.996E+04 1.222E+06 6.149E+38 2.030E+07
  7.825E+06 2.515E-31 1.000E-05 1.582E+01 4.318E+04 1.191E+06 7.118E+38 2.030E+07
  7.925E+06 2.173E-31 1.000E-05 1.831E+01 3.733E+04 1.162E+06 8.239E+38 2.030E+07
  8.025E+06 1.877E-31 1.000E-05 2.119E+01 3.227E+04 1.149E+06 9.537E+38 2.030E+07
  8.125E+06 1.622E-31 1.000E-05 2.452E+01 2.790E+04 1.149E+06 1.104E+39 2.030E+07
  8.225E+06 1.401E-31 1.000E-05 2.837E+01 2.412E+04 1.150E+06 1.278E+39 2.030E+07
  8.325E+06 1.211E-31 1.000E-05 3.282E+01 2.086E+04 1.151E+06 1.479E+39 2.030E+07
  8.425E+06 1.046E-31 1.000E-05 3.797E+01 1.803E+04 1.152E+06 1.711E+39 2.030E+07
  8.525E+06 9.040E-32 1.000E-05 4.392E+01 1.560E+04 1.153E+06 1.980E+39 2.030E+07
  8.625E+06 7.813E-32 1.000E-05 5.081E+01 1.349E+04 1.154E+06 2.291E+39 2.030E+07
  8.725E+06 6.753E-32 1.000E-05 5.877E+01 1.167E+04 1.156E+06 2.651E+39 2.030E+07
  8.825E+06 5.837E-32 1.000E-05 6.797E+01 1.010E+04 1.157E+06 3.067E+39 2.030E+07
  8.925E+06 5.046E-32 1.000E-05 7.859E+01 8.740E+03 1.159E+06 3.547E+39 2.030E+07
  9.025E+06 4.363E-32 1.000E-05 9.087E+01 7.567E+03 1.162E+06 4.103E+39 2.030E+07
  9.125E+06 3.773E-32 1.000E-05 1.051E+02 6.553E+03 1.164E+06 4.745E+39 2.030E+07
  9.225E+06 3.263E-32 1.000E-05 1.214E+02 5.677E+03 1.168E+06 5.486E+39 2.030E+07
  9.325E+06 2.823E-32 1.000E-05 1.403E+02 4.920E+03 1.171E+06 6.341E+39 2.030E+07
  9.425E+06 2.443E-32 1.000E-05 1.621E+02 4.266E+03 1.175E+06 7.328E+39 2.030E+07
  9.525E+06 2.114E-32 1.000E-05 1.872E+02 3.700E+03 1.179E+06 8.467E+39 2.030E+07
  9.625E+06 1.830E-32 1.000E-05 2.162E+02 3.210E+03 1.184E+06 9.779E+39 2.030E+07
  9.725E+06 1.585E-32 1.000E-05 2.496E+02 2.787E+03 1.188E+06 1.129E+40 2.030E+07
  9.825E+06 1.373E-32 1.000E-05 2.880E+02 2.419E+03 1.193E+06 1.304E+40 2.030E+07
  9.925E+06 1.190E-32 1.000E-05 3.323E+02 2.101E+03 1.197E+06 1.504E+40 2.030E+07


 PHOTOLYSIS RATES

     Z      PO2_O1D    PO2_O3P    PH2O_1     PH2O_2     PH2O_3     PO3_O1D    PO3_O      PO3_3O     
 2.50E+04   0.00E+00   4.47E-36   9.62E-38   0.00E+00   0.00E+00   7.21E-06   2.04E-04   1.44E-41
 1.75E+05   0.00E+00   6.34E-33   3.18E-34   0.00E+00   0.00E+00   8.34E-06   2.10E-04   4.99E-35
 3.25E+05   0.00E+00   5.59E-30   5.94E-31   0.00E+00   0.00E+00   9.31E-06   2.16E-04   4.00E-30
 4.75E+05   0.00E+00   2.55E-27   5.72E-28   0.00E+00   0.00E+00   1.02E-05   2.22E-04   2.42E-26
 6.25E+05   0.00E+00   6.01E-25   2.62E-25   0.00E+00   0.00E+00   1.09E-05   2.27E-04   2.73E-23
 7.75E+05   0.00E+00   7.67E-23   5.60E-23   0.00E+00   0.00E+00   1.16E-05   2.32E-04   9.74E-21
 9.25E+05   0.00E+00   5.50E-21   5.83E-21   0.00E+00   0.00E+00   1.22E-05   2.36E-04   1.45E-18
 1.08E+06   0.00E+00   2.21E-19   3.06E-19   0.00E+00   0.00E+00   1.29E-05   2.40E-04   1.01E-16
 1.22E+06   0.00E+00   4.67E-18   7.81E-18   0.00E+00   0.00E+00   1.37E-05   2.43E-04   3.21E-15
 1.38E+06   0.00E+00   5.67E-17   1.09E-16   0.00E+00   0.00E+00   1.45E-05   2.47E-04   5.29E-14
 1.52E+06   0.00E+00   4.51E-16   9.57E-16   0.00E+00   0.00E+00   1.54E-05   2.51E-04   5.28E-13
 1.68E+06   0.00E+00   2.59E-15   5.89E-15   0.00E+00   0.00E+00   1.66E-05   2.54E-04   3.58E-12
 1.82E+06   0.00E+00   1.15E-14   2.75E-14   0.00E+00   0.00E+00   1.82E-05   2.58E-04   1.80E-11
 1.98E+06   0.00E+00   4.19E-14   1.03E-13   0.00E+00   0.00E+00   2.03E-05   2.61E-04   7.16E-11
 2.12E+06   0.00E+00   1.30E-13   3.23E-13   0.00E+00   0.00E+00   2.32E-05   2.63E-04   2.35E-10
 2.28E+06   0.00E+00   3.52E-13   8.85E-13   0.00E+00   0.00E+00   2.72E-05   2.66E-04   6.64E-10
 2.42E+06   0.00E+00   8.58E-13   2.18E-12   0.00E+00   0.00E+00   3.27E-05   2.68E-04   1.66E-09
 2.58E+06   0.00E+00   1.91E-12   4.96E-12   0.00E+00   0.00E+00   4.03E-05   2.71E-04   3.73E-09
 2.72E+06   0.00E+00   3.94E-12   1.05E-11   0.00E+00   0.00E+00   5.10E-05   2.74E-04   7.66E-09
 2.88E+06   0.00E+00   7.54E-12   2.04E-11   0.00E+00   0.00E+00   6.58E-05   2.77E-04   1.44E-08
 3.02E+06   5.25-166   1.34E-11   3.70E-11   2.38-163   3.56-163   8.65E-05   2.81E-04   2.47E-08
 3.18E+06   2.57-136   2.23E-11   6.19E-11   1.16-133   1.75-133   1.15E-04   2.86E-04   3.93E-08
 3.32E+06   8.57-113   3.47E-11   9.69E-11   3.88-110   5.82-110   1.52E-04   2.91E-04   5.79E-08
 3.48E+06   3.96E-94   5.10E-11   1.44E-10   1.79E-91   2.69E-91   2.01E-04   2.97E-04   8.01E-08
 3.62E+06   2.87E-79   7.13E-11   2.06E-10   1.30E-76   1.95E-76   2.62E-04   3.05E-04   1.05E-07
 3.78E+06   2.18E-67   9.58E-11   2.90E-10   9.89E-65   1.48E-64   3.42E-04   3.14E-04   1.33E-07
 3.92E+06   7.60E-58   1.24E-10   4.02E-10   3.44E-55   5.17E-55   4.51E-04   3.27E-04   1.63E-07
 4.08E+06   3.76E-50   1.56E-10   5.47E-10   1.70E-47   2.56E-47   6.04E-04   3.44E-04   1.95E-07
 4.22E+06   6.38E-44   1.90E-10   7.31E-10   2.89E-41   4.34E-41   8.21E-04   3.68E-04   2.27E-07
 4.38E+06   7.48E-39   2.24E-10   9.53E-10   3.39E-36   5.08E-36   1.11E-03   4.01E-04   2.59E-07
 4.52E+06   1.07E-34   2.58E-10   1.21E-09   4.83E-32   7.25E-32   1.46E-03   4.40E-04   2.92E-07
 4.68E+06   2.98E-31   2.90E-10   1.51E-09   1.35E-28   2.03E-28   1.83E-03   4.82E-04   3.24E-07
 4.82E+06   2.40E-28   3.19E-10   1.83E-09   1.09E-25   1.63E-25   2.20E-03   5.23E-04   3.55E-07
 4.98E+06   7.22E-26   3.46E-10   2.19E-09   3.27E-23   4.90E-23   2.54E-03   5.61E-04   3.85E-07
 5.12E+06   9.34E-24   3.72E-10   2.58E-09   4.23E-21   6.34E-21   2.83E-03   5.94E-04   4.14E-07
 5.28E+06   5.68E-22   3.96E-10   3.01E-09   2.57E-19   3.86E-19   3.07E-03   6.21E-04   4.42E-07
 5.42E+06   1.77E-20   4.21E-10   3.51E-09   8.04E-18   1.21E-17   3.26E-03   6.42E-04   4.69E-07
 5.58E+06   3.12E-19   4.47E-10   4.11E-09   1.41E-16   2.12E-16   3.40E-03   6.58E-04   4.95E-07
 5.72E+06   3.35E-18   4.76E-10   4.88E-09   1.52E-15   2.28E-15   3.51E-03   6.70E-04   5.20E-07
 5.88E+06   2.39E-17   5.08E-10   5.88E-09   1.08E-14   1.62E-14   3.58E-03   6.79E-04   5.45E-07
 6.02E+06   1.21E-16   5.45E-10   7.14E-09   5.47E-14   8.21E-14   3.64E-03   6.85E-04   5.70E-07
 6.18E+06   4.59E-16   5.86E-10   8.68E-09   2.08E-13   3.12E-13   3.68E-03   6.90E-04   5.94E-07
 6.32E+06   1.38E-15   6.32E-10   1.05E-08   6.23E-13   9.34E-13   3.71E-03   6.93E-04   6.18E-07
 6.48E+06   3.59E-15   6.83E-10   1.25E-08   1.57E-12   2.36E-12   3.73E-03   6.96E-04   6.41E-07
 6.62E+06   1.10E-14   7.42E-10   1.48E-08   3.99E-12   5.98E-12   3.75E-03   6.98E-04   6.63E-07
 6.78E+06   5.51E-14   8.10E-10   1.74E-08   1.43E-11   2.15E-11   3.76E-03   6.99E-04   6.85E-07
 6.92E+06   3.14E-13   8.90E-10   2.06E-08   6.83E-11   1.02E-10   3.77E-03   7.00E-04   7.07E-07
 7.08E+06   1.47E-12   9.87E-10   2.55E-08   3.01E-10   4.51E-10   3.77E-03   7.01E-04   7.31E-07
 7.22E+06   5.35E-12   1.11E-09   3.51E-08   1.07E-09   1.60E-09   3.77E-03   7.01E-04   7.62E-07
 7.38E+06   1.56E-11   1.26E-09   5.49E-08   3.07E-09   4.60E-09   3.78E-03   7.01E-04   8.09E-07
 7.52E+06   3.77E-11   1.48E-09   9.25E-08   7.29E-09   1.09E-08   3.78E-03   7.01E-04   8.88E-07
 7.68E+06   7.75E-11   1.77E-09   1.56E-07   1.48E-08   2.22E-08   3.78E-03   7.02E-04   1.01E-06
 7.82E+06   1.39E-10   2.18E-09   2.52E-07   2.63E-08   3.94E-08   3.78E-03   7.02E-04   1.19E-06
 7.98E+06   2.25E-10   2.74E-09   3.81E-07   4.19E-08   6.29E-08   3.78E-03   7.02E-04   1.43E-06
 8.12E+06   3.32E-10   3.47E-09   5.40E-07   6.13E-08   9.19E-08   3.78E-03   7.02E-04   1.72E-06
 8.28E+06   4.55E-10   4.42E-09   7.22E-07   8.33E-08   1.25E-07   3.78E-03   7.02E-04   2.04E-06
 8.42E+06   5.89E-10   5.63E-09   9.18E-07   1.07E-07   1.60E-07   3.78E-03   7.02E-04   2.39E-06
 8.58E+06   7.34E-10   7.12E-09   1.12E-06   1.31E-07   1.96E-07   3.78E-03   7.02E-04   2.74E-06
 8.72E+06   9.03E-10   8.96E-09   1.32E-06   1.54E-07   2.31E-07   3.78E-03   7.02E-04   3.08E-06
 8.88E+06   1.14E-09   1.13E-08   1.53E-06   1.77E-07   2.65E-07   3.78E-03   7.02E-04   3.43E-06
 9.02E+06   1.50E-09   1.43E-08   1.74E-06   2.00E-07   3.00E-07   3.78E-03   7.02E-04   3.78E-06
 9.18E+06   2.09E-09   1.83E-08   1.96E-06   2.24E-07   3.35E-07   3.78E-03   7.02E-04   4.16E-06
 9.32E+06   3.12E-09   2.37E-08   2.22E-06   2.49E-07   3.73E-07   3.78E-03   7.02E-04   4.57E-06
 9.48E+06   5.45E-09   3.11E-08   2.51E-06   2.77E-07   4.14E-07   3.78E-03   7.02E-04   5.03E-06
 9.62E+06   1.25E-08   4.12E-08   2.86E-06   3.09E-07   4.59E-07   3.78E-03   7.02E-04   5.54E-06
 9.78E+06   3.86E-08   5.45E-08   3.34E-06   3.44E-07   5.07E-07   3.78E-03   7.02E-04   6.14E-06
 9.92E+06   1.86E-07   7.43E-08   4.25E-06   3.88E-07   5.61E-07   3.79E-03   7.02E-04   6.90E-06

     Z      PH2O2      PCO2_1     PCO2_2     PH2CO_1    PH2CO_2    PHO2       PCH4_1     PCH4_2     
 2.50E+04   1.99E-06   2.86E-46   0.00E+00   1.68E-05   9.85E-06   3.71E-30   0.00E+00   0.00E+00
 1.75E+05   2.24E-06   1.07E-39   0.00E+00   1.92E-05   1.15E-05   5.11E-27   0.00E+00   0.00E+00
 3.25E+05   2.45E-06   8.67E-35   0.00E+00   2.14E-05   1.29E-05   4.40E-24   0.00E+00   0.00E+00
 4.75E+05   2.62E-06   5.21E-31   0.00E+00   2.34E-05   1.42E-05   1.97E-21   0.00E+00   0.00E+00
 6.25E+05   2.74E-06   5.77E-28   0.00E+00   2.51E-05   1.54E-05   4.54E-19   0.00E+00   0.00E+00
 7.75E+05   2.85E-06   2.01E-25   0.00E+00   2.67E-05   1.66E-05   5.68E-17   0.00E+00   0.00E+00
 9.25E+05   2.93E-06   2.93E-23   0.00E+00   2.82E-05   1.76E-05   3.99E-15   0.00E+00   0.00E+00
 1.08E+06   3.04E-06   1.99E-21   0.00E+00   2.95E-05   1.85E-05   1.58E-13   0.00E+00   0.00E+00
 1.22E+06   3.16E-06   6.25E-20   0.00E+00   3.06E-05   1.93E-05   3.29E-12   0.00E+00   0.00E+00
 1.38E+06   3.27E-06   1.03E-18   0.00E+00   3.16E-05   2.00E-05   3.96E-11   0.00E+00   0.00E+00
 1.52E+06   3.39E-06   1.02E-17   0.00E+00   3.26E-05   2.08E-05   3.13E-10   0.00E+00   0.00E+00
 1.68E+06   3.51E-06   6.96E-17   0.00E+00   3.34E-05   2.15E-05   1.79E-09   0.00E+00   0.00E+00
 1.82E+06   3.63E-06   3.50E-16   0.00E+00   3.42E-05   2.23E-05   7.93E-09   0.00E+00   0.00E+00
 1.98E+06   3.77E-06   1.39E-15   0.00E+00   3.49E-05   2.30E-05   2.87E-08   0.00E+00   0.00E+00
 2.12E+06   3.92E-06   4.58E-15   0.00E+00   3.55E-05   2.38E-05   8.86E-08   0.00E+00   0.00E+00
 2.28E+06   4.11E-06   1.31E-14   0.00E+00   3.61E-05   2.48E-05   2.39E-07   0.00E+00   0.00E+00
 2.42E+06   4.34E-06   3.40E-14   0.00E+00   3.67E-05   2.58E-05   5.82E-07   0.00E+00   0.00E+00
 2.58E+06   4.64E-06   8.10E-14   0.00E+00   3.73E-05   2.69E-05   1.29E-06   0.00E+00   0.00E+00
 2.72E+06   5.05E-06   1.79E-13   0.00E+00   3.79E-05   2.82E-05   2.66E-06   0.00E+00   0.00E+00
 2.88E+06   5.60E-06   3.65E-13   0.00E+00   3.86E-05   2.97E-05   5.08E-06   0.00E+00   0.00E+00
 3.02E+06   6.36E-06   6.83E-13   1.05-164   3.92E-05   3.12E-05   9.07E-06   8.56-163   1.66-162
 3.18E+06   7.36E-06   1.17E-12   5.17-135   3.99E-05   3.29E-05   1.51E-05   4.20-133   8.15-133
 3.32E+06   8.62E-06   1.86E-12   1.72-111   4.06E-05   3.46E-05   2.37E-05   1.40-109   2.72-109
 3.48E+06   1.02E-05   2.76E-12   7.96E-93   4.13E-05   3.63E-05   3.49E-05   6.46E-91   1.26E-90
 3.62E+06   1.20E-05   3.91E-12   5.76E-78   4.19E-05   3.80E-05   4.91E-05   4.68E-76   9.09E-76
 3.78E+06   1.41E-05   5.33E-12   4.39E-66   4.25E-05   3.96E-05   6.61E-05   3.56E-64   6.92E-64
 3.92E+06   1.66E-05   7.05E-12   1.53E-56   4.31E-05   4.11E-05   8.60E-05   1.24E-54   2.41E-54
 4.08E+06   1.94E-05   9.12E-12   7.56E-49   4.37E-05   4.24E-05   1.08E-04   6.14E-47   1.19E-46
 4.22E+06   2.26E-05   1.15E-11   1.28E-42   4.43E-05   4.37E-05   1.33E-04   1.04E-40   2.02E-40
 4.38E+06   2.61E-05   1.42E-11   1.50E-37   4.48E-05   4.48E-05   1.57E-04   1.22E-35   2.37E-35
 4.52E+06   2.99E-05   1.73E-11   2.15E-33   4.53E-05   4.57E-05   1.82E-04   1.74E-31   3.38E-31
 4.68E+06   3.36E-05   2.05E-11   6.00E-30   4.57E-05   4.65E-05   2.04E-04   4.87E-28   9.45E-28
 4.82E+06   3.70E-05   2.40E-11   4.82E-27   4.61E-05   4.71E-05   2.23E-04   3.92E-25   7.60E-25
 4.98E+06   4.01E-05   2.77E-11   1.45E-24   4.64E-05   4.76E-05   2.40E-04   1.18E-22   2.29E-22
 5.12E+06   4.26E-05   3.15E-11   1.88E-22   4.66E-05   4.80E-05   2.54E-04   1.52E-20   2.96E-20
 5.28E+06   4.47E-05   3.55E-11   1.14E-20   4.68E-05   4.83E-05   2.64E-04   9.28E-19   1.80E-18
 5.42E+06   4.63E-05   3.97E-11   3.57E-19   4.70E-05   4.85E-05   2.73E-04   2.90E-17   5.63E-17
 5.58E+06   4.75E-05   4.42E-11   6.26E-18   4.71E-05   4.87E-05   2.79E-04   5.09E-16   9.88E-16
 5.72E+06   4.84E-05   4.92E-11   6.74E-17   4.71E-05   4.88E-05   2.84E-04   5.48E-15   1.06E-14
 5.88E+06   4.92E-05   5.48E-11   4.81E-16   4.72E-05   4.89E-05   2.88E-04   3.90E-14   7.58E-14
 6.02E+06   4.97E-05   6.11E-11   2.43E-15   4.72E-05   4.90E-05   2.91E-04   1.97E-13   3.83E-13
 6.18E+06   5.01E-05   6.81E-11   9.22E-15   4.73E-05   4.90E-05   2.93E-04   7.49E-13   1.45E-12
 6.32E+06   5.04E-05   7.58E-11   2.77E-14   4.73E-05   4.91E-05   2.95E-04   2.25E-12   4.36E-12
 6.48E+06   5.06E-05   8.40E-11   7.01E-14   4.73E-05   4.91E-05   2.96E-04   5.71E-12   1.09E-11
 6.62E+06   5.07E-05   9.27E-11   1.83E-13   4.73E-05   4.91E-05   2.98E-04   1.51E-11   2.62E-11
 6.78E+06   5.09E-05   1.02E-10   7.01E-13   4.73E-05   4.91E-05   2.98E-04   5.92E-11   8.24E-11
 6.92E+06   5.10E-05   1.12E-10   3.48E-12   4.73E-05   4.91E-05   2.99E-04   2.98E-10   3.54E-10
 7.08E+06   5.10E-05   1.23E-10   1.55E-11   4.74E-05   4.91E-05   3.00E-04   1.34E-09   1.50E-09
 7.22E+06   5.11E-05   1.34E-10   5.54E-11   4.74E-05   4.91E-05   3.00E-04   4.77E-09   5.26E-09
 7.38E+06   5.12E-05   1.48E-10   1.59E-10   4.74E-05   4.92E-05   3.01E-04   1.37E-08   1.50E-08
 7.52E+06   5.13E-05   1.63E-10   3.79E-10   4.74E-05   4.92E-05   3.01E-04   3.26E-08   3.55E-08
 7.68E+06   5.14E-05   1.80E-10   7.67E-10   4.74E-05   4.92E-05   3.01E-04   6.59E-08   7.17E-08
 7.82E+06   5.15E-05   2.01E-10   1.36E-09   4.75E-05   4.92E-05   3.02E-04   1.17E-07   1.27E-07
 7.98E+06   5.17E-05   2.26E-10   2.17E-09   4.75E-05   4.93E-05   3.02E-04   1.86E-07   2.02E-07
 8.12E+06   5.19E-05   2.54E-10   3.17E-09   4.76E-05   4.94E-05   3.02E-04   2.72E-07   2.95E-07
 8.28E+06   5.21E-05   2.88E-10   4.31E-09   4.77E-05   4.94E-05   3.02E-04   3.69E-07   4.00E-07
 8.42E+06   5.23E-05   3.26E-10   5.53E-09   4.77E-05   4.95E-05   3.03E-04   4.73E-07   5.12E-07
 8.58E+06   5.26E-05   3.70E-10   6.77E-09   4.78E-05   4.96E-05   3.03E-04   5.78E-07   6.25E-07
 8.72E+06   5.28E-05   4.19E-10   7.99E-09   4.79E-05   4.97E-05   3.03E-04   6.82E-07   7.38E-07
 8.88E+06   5.31E-05   4.74E-10   9.20E-09   4.80E-05   4.98E-05   3.04E-04   7.85E-07   8.49E-07
 9.02E+06   5.33E-05   5.38E-10   1.05E-08   4.81E-05   4.99E-05   3.04E-04   8.90E-07   9.63E-07
 9.18E+06   5.36E-05   6.14E-10   1.18E-08   4.82E-05   5.00E-05   3.04E-04   1.00E-06   1.08E-06
 9.32E+06   5.39E-05   7.10E-10   1.34E-08   4.83E-05   5.01E-05   3.04E-04   1.13E-06   1.22E-06
 9.48E+06   5.42E-05   8.39E-10   1.55E-08   4.85E-05   5.02E-05   3.05E-04   1.27E-06   1.37E-06
 9.62E+06   5.46E-05   1.05E-09   1.81E-08   4.87E-05   5.05E-05   3.05E-04   1.43E-06   1.55E-06
 9.78E+06   5.51E-05   1.53E-09   2.18E-08   4.92E-05   5.10E-05   3.05E-04   1.63E-06   1.75E-06
 9.92E+06   5.59E-05   3.11E-09   2.95E-08   5.01E-05   5.19E-05   3.06E-04   1.87E-06   1.99E-06

     Z      PCH4_3     PC2H6_1    PC2H6_2    PHNO2_1    PHNO3      PHNO3_3    PHNO3_1    PNO        
 2.50E+04   0.00E+00   0.00E+00   0.00E+00   5.44E-04   1.54E-07   2.49E-41   1.78E-41   0.00E+00
 1.75E+05   0.00E+00   0.00E+00   0.00E+00   6.03E-04   1.72E-07   9.40E-35   6.75E-35   0.00E+00
 3.25E+05   0.00E+00   0.00E+00   0.00E+00   6.56E-04   1.86E-07   7.53E-30   5.41E-30   0.00E+00
 4.75E+05   0.00E+00   0.00E+00   0.00E+00   7.04E-04   1.94E-07   4.47E-26   3.21E-26   0.00E+00
 6.25E+05   0.00E+00   0.00E+00   0.00E+00   7.46E-04   1.98E-07   4.87E-23   3.50E-23   0.00E+00
 7.75E+05   0.00E+00   0.00E+00   0.00E+00   7.85E-04   1.98E-07   1.67E-20   1.20E-20   3.20-155
 9.25E+05   0.00E+00   0.00E+00   0.00E+00   8.20E-04   1.94E-07   2.42E-18   1.74E-18   2.25-125
 1.08E+06   0.00E+00   0.00E+00   0.00E+00   8.50E-04   1.96E-07   1.67E-16   1.20E-16   3.53-101
 1.22E+06   0.00E+00   0.00E+00   0.00E+00   8.77E-04   2.04E-07   5.41E-15   3.88E-15   8.05E-82
 1.38E+06   0.00E+00   0.00E+00   0.00E+00   9.00E-04   2.12E-07   9.22E-14   6.62E-14   1.65E-66
 1.52E+06   0.00E+00   0.00E+00   0.00E+00   9.22E-04   2.23E-07   9.56E-13   6.86E-13   1.97E-54
 1.68E+06   0.00E+00   0.00E+00   0.00E+00   9.40E-04   2.36E-07   6.74E-12   4.84E-12   6.42E-45
 1.82E+06   0.00E+00   0.00E+00   0.00E+00   9.56E-04   2.54E-07   3.52E-11   2.52E-11   2.01E-37
 1.98E+06   0.00E+00   0.00E+00   0.00E+00   9.68E-04   2.84E-07   1.44E-10   1.04E-10   1.65E-31
 2.12E+06   0.00E+00   0.00E+00   0.00E+00   9.78E-04   3.39E-07   4.94E-10   3.55E-10   7.85E-27
 2.28E+06   0.00E+00   0.00E+00   0.00E+00   9.86E-04   4.43E-07   1.49E-09   1.07E-09   4.13E-23
 2.42E+06   0.00E+00   0.00E+00   0.00E+00   9.92E-04   6.41E-07   4.10E-09   2.94E-09   4.09E-20
 2.58E+06   0.00E+00   0.00E+00   0.00E+00   9.97E-04   1.00E-06   1.05E-08   7.56E-09   1.13E-17
 2.72E+06   0.00E+00   0.00E+00   0.00E+00   1.00E-03   1.62E-06   2.51E-08   1.80E-08   1.16E-15
 2.88E+06   0.00E+00   0.00E+00   0.00E+00   1.01E-03   2.61E-06   5.48E-08   3.93E-08   5.13E-14
 3.02E+06   2.56-162   0.00E+00   1.69-163   1.01E-03   4.06E-06   1.08E-07   7.78E-08   1.12E-12
 3.18E+06   1.26-132   0.00E+00   8.29-134   1.02E-03   6.01E-06   1.95E-07   1.40E-07   1.36E-11
 3.32E+06   4.19-109   0.00E+00   2.76-110   1.02E-03   8.43E-06   3.20E-07   2.29E-07   1.01E-10
 3.48E+06   1.94E-90   0.00E+00   1.28E-91   1.03E-03   1.12E-05   4.87E-07   3.50E-07   5.05E-10
 3.62E+06   1.40E-75   0.00E+00   9.24E-77   1.04E-03   1.43E-05   7.00E-07   5.03E-07   1.84E-09
 3.78E+06   1.07E-63   0.00E+00   7.03E-65   1.05E-03   1.76E-05   9.60E-07   6.89E-07   5.27E-09
 3.92E+06   3.72E-54   0.00E+00   2.45E-55   1.05E-03   2.09E-05   1.27E-06   9.09E-07   1.24E-08
 4.08E+06   1.84E-46   0.00E+00   1.21E-47   1.06E-03   2.44E-05   1.62E-06   1.16E-06   2.52E-08
 4.22E+06   3.12E-40   0.00E+00   2.06E-41   1.08E-03   2.78E-05   2.01E-06   1.44E-06   4.53E-08
 4.38E+06   3.66E-35   0.00E+00   2.41E-36   1.09E-03   3.11E-05   2.42E-06   1.74E-06   7.42E-08
 4.52E+06   5.22E-31   0.00E+00   3.44E-32   1.10E-03   3.42E-05   2.86E-06   2.05E-06   1.13E-07
 4.68E+06   1.46E-27   0.00E+00   9.61E-29   1.11E-03   3.70E-05   3.31E-06   2.38E-06   1.62E-07
 4.82E+06   1.17E-24   0.00E+00   7.73E-26   1.12E-03   3.95E-05   3.76E-06   2.70E-06   2.21E-07
 4.98E+06   3.53E-22   0.00E+00   2.33E-23   1.13E-03   4.16E-05   4.22E-06   3.03E-06   2.91E-07
 5.12E+06   4.57E-20   0.00E+00   3.01E-21   1.13E-03   4.34E-05   4.67E-06   3.35E-06   3.71E-07
 5.28E+06   2.78E-18   0.00E+00   1.83E-19   1.14E-03   4.48E-05   5.12E-06   3.68E-06   4.59E-07
 5.42E+06   8.68E-17   0.00E+00   5.72E-18   1.15E-03   4.61E-05   5.56E-06   3.99E-06   5.54E-07
 5.58E+06   1.52E-15   0.00E+00   1.00E-16   1.15E-03   4.70E-05   6.01E-06   4.31E-06   6.56E-07
 5.72E+06   1.64E-14   0.00E+00   1.08E-15   1.15E-03   4.79E-05   6.44E-06   4.63E-06   7.64E-07
 5.88E+06   1.17E-13   0.00E+00   7.71E-15   1.15E-03   4.85E-05   6.88E-06   4.94E-06   8.78E-07
 6.02E+06   5.91E-13   0.00E+00   3.90E-14   1.15E-03   4.91E-05   7.32E-06   5.25E-06   9.95E-07
 6.18E+06   2.24E-12   0.00E+00   1.48E-13   1.16E-03   4.96E-05   7.75E-06   5.56E-06   1.12E-06
 6.32E+06   6.71E-12   0.00E+00   4.45E-13   1.16E-03   5.00E-05   8.17E-06   5.87E-06   1.24E-06
 6.48E+06   1.65E-11   0.00E+00   1.17E-12   1.16E-03   5.03E-05   8.59E-06   6.16E-06   1.36E-06
 6.62E+06   3.50E-11   0.00E+00   3.78E-12   1.16E-03   5.06E-05   8.98E-06   6.45E-06   1.49E-06
 6.78E+06   6.97E-11   0.00E+00   2.01E-11   1.16E-03   5.08E-05   9.37E-06   6.73E-06   1.61E-06
 6.92E+06   1.51E-10   0.00E+00   1.17E-10   1.16E-03   5.11E-05   9.74E-06   6.99E-06   1.74E-06
 7.08E+06   3.89E-10   0.00E+00   5.41E-10   1.16E-03   5.13E-05   1.01E-05   7.25E-06   1.86E-06
 7.22E+06   1.07E-09   0.00E+00   1.94E-09   1.16E-03   5.14E-05   1.05E-05   7.50E-06   1.99E-06
 7.38E+06   2.76E-09   0.00E+00   5.52E-09   1.16E-03   5.16E-05   1.08E-05   7.75E-06   2.12E-06
 7.52E+06   6.23E-09   0.00E+00   1.30E-08   1.16E-03   5.19E-05   1.12E-05   8.01E-06   2.26E-06
 7.68E+06   1.23E-08   0.00E+00   2.59E-08   1.16E-03   5.23E-05   1.15E-05   8.28E-06   2.41E-06
 7.82E+06   2.15E-08   0.00E+00   4.54E-08   1.16E-03   5.26E-05   1.19E-05   8.57E-06   2.57E-06
 7.98E+06   3.39E-08   0.00E+00   7.16E-08   1.16E-03   5.30E-05   1.24E-05   8.87E-06   2.75E-06
 8.12E+06   4.91E-08   0.00E+00   1.03E-07   1.16E-03   5.34E-05   1.28E-05   9.20E-06   2.95E-06
 8.28E+06   6.63E-08   0.00E+00   1.39E-07   1.16E-03   5.38E-05   1.33E-05   9.55E-06   3.17E-06
 8.42E+06   8.47E-08   0.00E+00   1.77E-07   1.16E-03   5.43E-05   1.38E-05   9.92E-06   3.40E-06
 8.58E+06   1.03E-07   0.00E+00   2.15E-07   1.16E-03   5.47E-05   1.43E-05   1.03E-05   3.64E-06
 8.72E+06   1.22E-07   0.00E+00   2.53E-07   1.16E-03   5.52E-05   1.49E-05   1.07E-05   3.89E-06
 8.88E+06   1.40E-07   0.00E+00   2.91E-07   1.16E-03   5.56E-05   1.54E-05   1.11E-05   4.14E-06
 9.02E+06   1.60E-07   0.00E+00   3.32E-07   1.16E-03   5.61E-05   1.60E-05   1.15E-05   4.41E-06
 9.18E+06   1.81E-07   0.00E+00   3.78E-07   1.16E-03   5.66E-05   1.65E-05   1.19E-05   4.68E-06
 9.32E+06   2.05E-07   0.00E+00   4.32E-07   1.16E-03   5.71E-05   1.71E-05   1.23E-05   4.97E-06
 9.48E+06   2.32E-07   0.00E+00   4.95E-07   1.16E-03   5.76E-05   1.77E-05   1.27E-05   5.29E-06
 9.62E+06   2.63E-07   0.00E+00   5.69E-07   1.16E-03   5.82E-05   1.84E-05   1.32E-05   5.64E-06
 9.78E+06   2.99E-07   0.00E+00   6.55E-07   1.16E-03   5.89E-05   1.92E-05   1.38E-05   6.10E-06
 9.92E+06   3.42E-07   0.00E+00   7.59E-07   1.16E-03   5.99E-05   2.05E-05   1.47E-05   6.89E-06

     Z      PNO2_O1D   PNO2       PCH3_1     PSO        PH2S       PSO2       PSO2_SO21  PSO2_SO23  
 2.50E+04   2.03E-31   3.60E-03   2.36E-30   2.78E-30   2.55E-14   1.75E-30   3.66E-05   4.30E-07
 1.75E+05   2.68E-28   3.94E-03   4.02E-27   5.04E-27   3.10E-14   2.95E-27   4.32E-05   4.73E-07
 3.25E+05   2.23E-25   4.25E-03   3.21E-24   5.31E-24   3.62E-14   2.99E-24   4.93E-05   5.12E-07
 4.75E+05   9.64E-23   4.52E-03   1.24E-21   2.71E-21   4.13E-14   1.52E-21   5.49E-05   5.47E-07
 6.25E+05   2.16E-20   4.77E-03   2.59E-19   6.94E-19   4.62E-14   3.95E-19   6.02E-05   5.78E-07
 7.75E+05   2.63E-18   4.99E-03   3.08E-17   9.42E-17   5.12E-14   5.49E-17   6.51E-05   6.06E-07
 9.25E+05   1.80E-16   5.19E-03   2.12E-15   7.07E-15   5.92E-14   4.21E-15   6.97E-05   6.32E-07
 1.08E+06   6.98E-15   5.37E-03   8.25E-14   2.93E-13   1.90E-13   1.77E-13   7.39E-05   6.54E-07
 1.22E+06   1.43E-13   5.52E-03   1.70E-12   6.32E-12   2.90E-12   3.87E-12   7.78E-05   6.73E-07
 1.38E+06   1.70E-12   5.66E-03   2.01E-11   7.78E-11   3.55E-11   4.80E-11   8.15E-05   6.90E-07
 1.52E+06   1.34E-11   5.79E-03   1.57E-10   6.24E-10   2.87E-10   3.87E-10   8.55E-05   7.06E-07
 1.68E+06   7.59E-11   5.90E-03   8.86E-10   3.59E-09   1.66E-09   2.24E-09   9.00E-05   7.20E-07
 1.82E+06   3.36E-10   5.99E-03   3.90E-09   1.60E-08   7.40E-09   9.96E-09   9.54E-05   7.31E-07
 1.98E+06   1.22E-09   6.06E-03   1.41E-08   5.80E-08   2.68E-08   3.60E-08   1.02E-04   7.39E-07
 2.12E+06   3.76E-09   6.12E-03   4.33E-08   1.78E-07   8.20E-08   1.10E-07   1.10E-04   7.46E-07
 2.28E+06   1.02E-08   6.17E-03   1.17E-07   4.76E-07   2.19E-07   2.94E-07   1.20E-04   7.51E-07
 2.42E+06   2.50E-08   6.21E-03   2.87E-07   1.14E-06   5.22E-07   7.01E-07   1.32E-04   7.54E-07
 2.58E+06   5.60E-08   6.24E-03   6.48E-07   2.49E-06   1.13E-06   1.52E-06   1.48E-04   7.57E-07
 2.72E+06   1.17E-07   6.27E-03   1.36E-06   5.00E-06   2.25E-06   3.02E-06   1.68E-04   7.59E-07
 2.88E+06   2.26E-07   6.29E-03   2.69E-06   9.25E-06   4.15E-06   5.56E-06   1.93E-04   7.61E-07
 3.02E+06   4.10E-07   6.32E-03   4.97E-06   1.59E-05   7.09E-06   9.48E-06   2.23E-04   7.63E-07
 3.18E+06   6.96E-07   6.34E-03   8.52E-06   2.52E-05   1.13E-05   1.50E-05   2.58E-04   7.64E-07
 3.32E+06   1.11E-06   6.36E-03   1.35E-05   3.72E-05   1.67E-05   2.21E-05   2.99E-04   7.65E-07
 3.48E+06   1.67E-06   6.37E-03   1.98E-05   5.16E-05   2.34E-05   3.06E-05   3.44E-04   7.65E-07
 3.62E+06   2.39E-06   6.39E-03   2.70E-05   6.76E-05   3.11E-05   4.02E-05   3.92E-04   7.66E-07
 3.78E+06   3.27E-06   6.40E-03   3.47E-05   8.47E-05   3.95E-05   5.04E-05   4.42E-04   7.66E-07
 3.92E+06   4.31E-06   6.41E-03   4.25E-05   1.02E-04   4.85E-05   6.08E-05   4.94E-04   7.66E-07
 4.08E+06   5.47E-06   6.43E-03   4.98E-05   1.19E-04   5.78E-05   7.10E-05   5.47E-04   7.67E-07
 4.22E+06   6.70E-06   6.44E-03   5.64E-05   1.35E-04   6.68E-05   8.05E-05   6.00E-04   7.67E-07
 4.38E+06   7.93E-06   6.44E-03   6.21E-05   1.49E-04   7.54E-05   8.90E-05   6.51E-04   7.67E-07
 4.52E+06   9.10E-06   6.45E-03   6.69E-05   1.61E-04   8.31E-05   9.65E-05   6.98E-04   7.67E-07
 4.68E+06   1.01E-05   6.46E-03   7.08E-05   1.71E-04   8.99E-05   1.03E-04   7.40E-04   7.67E-07
 4.82E+06   1.10E-05   6.46E-03   7.38E-05   1.80E-04   9.57E-05   1.08E-04   7.76E-04   7.67E-07
 4.98E+06   1.18E-05   6.47E-03   7.63E-05   1.87E-04   1.01E-04   1.12E-04   8.07E-04   7.67E-07
 5.12E+06   1.24E-05   6.47E-03   7.82E-05   1.93E-04   1.05E-04   1.16E-04   8.31E-04   7.67E-07
 5.28E+06   1.29E-05   6.47E-03   7.97E-05   1.98E-04   1.08E-04   1.19E-04   8.50E-04   7.68E-07
 5.42E+06   1.32E-05   6.47E-03   8.08E-05   2.01E-04   1.11E-04   1.21E-04   8.64E-04   7.68E-07
 5.58E+06   1.35E-05   6.48E-03   8.17E-05   2.05E-04   1.13E-04   1.23E-04   8.74E-04   7.68E-07
 5.72E+06   1.38E-05   6.48E-03   8.24E-05   2.07E-04   1.14E-04   1.25E-04   8.82E-04   7.68E-07
 5.88E+06   1.39E-05   6.48E-03   8.29E-05   2.10E-04   1.16E-04   1.27E-04   8.88E-04   7.68E-07
 6.02E+06   1.41E-05   6.48E-03   8.33E-05   2.11E-04   1.17E-04   1.28E-04   8.92E-04   7.68E-07
 6.18E+06   1.42E-05   6.48E-03   8.37E-05   2.13E-04   1.18E-04   1.29E-04   8.95E-04   7.68E-07
 6.32E+06   1.43E-05   6.48E-03   8.39E-05   2.14E-04   1.19E-04   1.30E-04   8.97E-04   7.68E-07
 6.48E+06   1.44E-05   6.48E-03   8.41E-05   2.16E-04   1.20E-04   1.31E-04   8.99E-04   7.68E-07
 6.62E+06   1.45E-05   6.48E-03   8.43E-05   2.17E-04   1.20E-04   1.31E-04   9.00E-04   7.68E-07
 6.78E+06   1.46E-05   6.48E-03   8.44E-05   2.18E-04   1.21E-04   1.32E-04   9.00E-04   7.68E-07
 6.92E+06   1.46E-05   6.48E-03   8.45E-05   2.18E-04   1.21E-04   1.32E-04   9.01E-04   7.68E-07
 7.08E+06   1.47E-05   6.48E-03   8.46E-05   2.19E-04   1.22E-04   1.33E-04   9.01E-04   7.68E-07
 7.22E+06   1.48E-05   6.48E-03   8.46E-05   2.19E-04   1.22E-04   1.33E-04   9.01E-04   7.68E-07
 7.38E+06   1.48E-05   6.48E-03   8.47E-05   2.20E-04   1.23E-04   1.34E-04   9.02E-04   7.68E-07
 7.52E+06   1.49E-05   6.48E-03   8.47E-05   2.20E-04   1.23E-04   1.34E-04   9.02E-04   7.68E-07
 7.68E+06   1.50E-05   6.48E-03   8.47E-05   2.21E-04   1.23E-04   1.35E-04   9.02E-04   7.68E-07
 7.82E+06   1.52E-05   6.48E-03   8.48E-05   2.21E-04   1.24E-04   1.35E-04   9.02E-04   7.68E-07
 7.98E+06   1.53E-05   6.48E-03   8.48E-05   2.21E-04   1.24E-04   1.36E-04   9.02E-04   7.68E-07
 8.12E+06   1.55E-05   6.48E-03   8.48E-05   2.21E-04   1.25E-04   1.37E-04   9.02E-04   7.68E-07
 8.28E+06   1.57E-05   6.48E-03   8.48E-05   2.22E-04   1.26E-04   1.38E-04   9.02E-04   7.68E-07
 8.42E+06   1.59E-05   6.48E-03   8.48E-05   2.22E-04   1.26E-04   1.39E-04   9.02E-04   7.68E-07
 8.58E+06   1.62E-05   6.48E-03   8.48E-05   2.22E-04   1.27E-04   1.39E-04   9.02E-04   7.68E-07
 8.72E+06   1.64E-05   6.48E-03   8.48E-05   2.22E-04   1.28E-04   1.40E-04   9.02E-04   7.68E-07
 8.88E+06   1.66E-05   6.48E-03   8.48E-05   2.22E-04   1.29E-04   1.41E-04   9.02E-04   7.68E-07
 9.02E+06   1.69E-05   6.48E-03   8.48E-05   2.23E-04   1.29E-04   1.42E-04   9.02E-04   7.68E-07
 9.18E+06   1.72E-05   6.48E-03   8.48E-05   2.23E-04   1.30E-04   1.43E-04   9.02E-04   7.68E-07
 9.32E+06   1.75E-05   6.48E-03   8.48E-05   2.23E-04   1.31E-04   1.44E-04   9.02E-04   7.68E-07
 9.48E+06   1.78E-05   6.48E-03   8.48E-05   2.23E-04   1.32E-04   1.45E-04   9.02E-04   7.68E-07
 9.62E+06   1.82E-05   6.48E-03   8.48E-05   2.23E-04   1.33E-04   1.46E-04   9.02E-04   7.68E-07
 9.78E+06   1.88E-05   6.48E-03   8.48E-05   2.23E-04   1.34E-04   1.47E-04   9.02E-04   7.68E-07
 9.92E+06   1.98E-05   6.49E-03   8.48E-05   2.23E-04   1.35E-04   1.49E-04   9.02E-04   7.68E-07

     Z      PS2        PS4        PS3        PS8L       PS8R       PS8        PSO3       PHSO       
 2.50E+04   2.91E-05   1.16E-01   5.38E-01   0.00E+00   0.00E+00   7.87E-14   6.63E-08   3.71E-30
 1.75E+05   3.43E-05   1.20E-01   5.77E-01   0.00E+00   0.00E+00   1.11E-13   7.72E-08   5.11E-27
 3.25E+05   3.90E-05   1.23E-01   6.12E-01   0.00E+00   0.00E+00   1.51E-13   8.70E-08   4.40E-24
 4.75E+05   4.33E-05   1.26E-01   6.44E-01   0.00E+00   0.00E+00   2.01E-13   9.60E-08   1.97E-21
 6.25E+05   4.74E-05   1.29E-01   6.72E-01   0.00E+00   0.00E+00   2.65E-13   1.04E-07   4.54E-19
 7.75E+05   5.11E-05   1.31E-01   6.98E-01   0.00E+00   0.00E+00   3.47E-13   1.12E-07   5.68E-17
 9.25E+05   5.47E-05   1.34E-01   7.20E-01   0.00E+00   0.00E+00   4.53E-13   1.19E-07   3.99E-15
 1.08E+06   5.79E-05   1.36E-01   7.41E-01   0.00E+00   0.00E+00   5.99E-13   1.25E-07   1.58E-13
 1.22E+06   6.08E-05   1.38E-01   7.58E-01   0.00E+00   0.00E+00   8.02E-13   1.31E-07   3.29E-12
 1.38E+06   6.36E-05   1.40E-01   7.74E-01   0.00E+00   0.00E+00   1.07E-12   1.36E-07   3.96E-11
 1.52E+06   6.65E-05   1.41E-01   7.89E-01   0.00E+00   0.00E+00   1.43E-12   1.41E-07   3.13E-10
 1.68E+06   6.98E-05   1.43E-01   8.02E-01   0.00E+00   0.00E+00   1.92E-12   1.47E-07   1.79E-09
 1.82E+06   7.35E-05   1.45E-01   8.13E-01   0.00E+00   0.00E+00   2.55E-12   1.54E-07   7.93E-09
 1.98E+06   7.80E-05   1.46E-01   8.21E-01   0.00E+00   0.00E+00   3.40E-12   1.63E-07   2.87E-08
 2.12E+06   8.33E-05   1.47E-01   8.27E-01   0.00E+00   0.00E+00   4.51E-12   1.77E-07   8.86E-08
 2.28E+06   8.99E-05   1.47E-01   8.31E-01   0.00E+00   0.00E+00   5.99E-12   2.04E-07   2.39E-07
 2.42E+06   9.81E-05   1.48E-01   8.34E-01   0.00E+00   0.00E+00   7.95E-12   2.54E-07   5.82E-07
 2.58E+06   1.08E-04   1.48E-01   8.37E-01   0.00E+00   0.00E+00   1.06E-11   3.48E-07   1.29E-06
 2.72E+06   1.21E-04   1.48E-01   8.39E-01   0.00E+00   0.00E+00   1.41E-11   5.13E-07   2.66E-06
 2.88E+06   1.37E-04   1.49E-01   8.40E-01   0.00E+00   0.00E+00   1.90E-11   7.89E-07   5.08E-06
 3.02E+06   1.56E-04   1.49E-01   8.42E-01   0.00E+00   0.00E+00   2.55E-11   1.21E-06   9.07E-06
 3.18E+06   1.79E-04   1.49E-01   8.43E-01   0.00E+00   0.00E+00   3.44E-11   1.82E-06   1.51E-05
 3.32E+06   2.06E-04   1.49E-01   8.43E-01   0.00E+00   0.00E+00   4.65E-11   2.61E-06   2.37E-05
 3.48E+06   2.36E-04   1.49E-01   8.44E-01   0.00E+00   0.00E+00   6.27E-11   3.59E-06   3.49E-05
 3.62E+06   2.68E-04   1.49E-01   8.44E-01   0.00E+00   0.00E+00   8.43E-11   4.72E-06   4.91E-05
 3.78E+06   3.01E-04   1.49E-01   8.45E-01   0.00E+00   0.00E+00   1.13E-10   5.99E-06   6.61E-05
 3.92E+06   3.35E-04   1.49E-01   8.45E-01   0.00E+00   0.00E+00   1.50E-10   7.36E-06   8.60E-05
 4.08E+06   3.68E-04   1.49E-01   8.45E-01   0.00E+00   0.00E+00   1.99E-10   8.80E-06   1.08E-04
 4.22E+06   4.00E-04   1.50E-01   8.45E-01   0.00E+00   0.00E+00   2.64E-10   1.03E-05   1.33E-04
 4.38E+06   4.30E-04   1.50E-01   8.45E-01   0.00E+00   0.00E+00   3.48E-10   1.18E-05   1.57E-04
 4.52E+06   4.56E-04   1.50E-01   8.46E-01   0.00E+00   0.00E+00   4.55E-10   1.32E-05   1.82E-04
 4.68E+06   4.79E-04   1.50E-01   8.46E-01   0.00E+00   0.00E+00   5.88E-10   1.46E-05   2.04E-04
 4.82E+06   4.98E-04   1.50E-01   8.46E-01   0.00E+00   0.00E+00   7.52E-10   1.58E-05   2.23E-04
 4.98E+06   5.14E-04   1.50E-01   8.46E-01   0.00E+00   0.00E+00   9.51E-10   1.68E-05   2.40E-04
 5.12E+06   5.26E-04   1.50E-01   8.46E-01   0.00E+00   0.00E+00   1.19E-09   1.77E-05   2.54E-04
 5.28E+06   5.36E-04   1.50E-01   8.46E-01   0.00E+00   0.00E+00   1.49E-09   1.84E-05   2.64E-04
 5.42E+06   5.43E-04   1.50E-01   8.46E-01   0.00E+00   0.00E+00   1.84E-09   1.90E-05   2.73E-04
 5.58E+06   5.48E-04   1.50E-01   8.46E-01   0.00E+00   0.00E+00   2.27E-09   1.94E-05   2.79E-04
 5.72E+06   5.52E-04   1.50E-01   8.46E-01   0.00E+00   0.00E+00   2.79E-09   1.98E-05   2.84E-04
 5.88E+06   5.55E-04   1.50E-01   8.46E-01   0.00E+00   0.00E+00   3.42E-09   2.01E-05   2.88E-04
 6.02E+06   5.57E-04   1.50E-01   8.46E-01   0.00E+00   0.00E+00   4.19E-09   2.03E-05   2.91E-04
 6.18E+06   5.58E-04   1.50E-01   8.46E-01   0.00E+00   0.00E+00   5.14E-09   2.05E-05   2.93E-04
 6.32E+06   5.59E-04   1.50E-01   8.46E-01   0.00E+00   0.00E+00   6.30E-09   2.07E-05   2.95E-04
 6.48E+06   5.60E-04   1.50E-01   8.46E-01   0.00E+00   0.00E+00   7.74E-09   2.08E-05   2.96E-04
 6.62E+06   5.60E-04   1.50E-01   8.46E-01   0.00E+00   0.00E+00   9.51E-09   2.09E-05   2.98E-04
 6.78E+06   5.61E-04   1.50E-01   8.46E-01   0.00E+00   0.00E+00   1.17E-08   2.10E-05   2.98E-04
 6.92E+06   5.61E-04   1.50E-01   8.46E-01   0.00E+00   0.00E+00   1.44E-08   2.11E-05   2.99E-04
 7.08E+06   5.61E-04   1.50E-01   8.46E-01   0.00E+00   0.00E+00   1.78E-08   2.12E-05   3.00E-04
 7.22E+06   5.61E-04   1.50E-01   8.46E-01   0.00E+00   0.00E+00   2.20E-08   2.12E-05   3.00E-04
 7.38E+06   5.61E-04   1.50E-01   8.46E-01   0.00E+00   0.00E+00   2.73E-08   2.13E-05   3.01E-04
 7.52E+06   5.61E-04   1.50E-01   8.46E-01   0.00E+00   0.00E+00   3.40E-08   2.14E-05   3.01E-04
 7.68E+06   5.61E-04   1.50E-01   8.46E-01   0.00E+00   0.00E+00   4.24E-08   2.14E-05   3.01E-04
 7.82E+06   5.62E-04   1.50E-01   8.46E-01   0.00E+00   0.00E+00   5.28E-08   2.15E-05   3.02E-04
 7.98E+06   5.62E-04   1.50E-01   8.46E-01   0.00E+00   0.00E+00   6.57E-08   2.15E-05   3.02E-04
 8.12E+06   5.62E-04   1.50E-01   8.46E-01   0.00E+00   0.00E+00   8.18E-08   2.16E-05   3.02E-04
 8.28E+06   5.62E-04   1.50E-01   8.46E-01   0.00E+00   0.00E+00   1.02E-07   2.17E-05   3.02E-04
 8.42E+06   5.62E-04   1.50E-01   8.46E-01   0.00E+00   0.00E+00   1.27E-07   2.17E-05   3.03E-04
 8.58E+06   5.62E-04   1.50E-01   8.46E-01   0.00E+00   0.00E+00   1.58E-07   2.18E-05   3.03E-04
 8.72E+06   5.62E-04   1.50E-01   8.46E-01   0.00E+00   0.00E+00   1.97E-07   2.19E-05   3.03E-04
 8.88E+06   5.62E-04   1.50E-01   8.46E-01   0.00E+00   0.00E+00   2.45E-07   2.19E-05   3.04E-04
 9.02E+06   5.62E-04   1.50E-01   8.46E-01   0.00E+00   0.00E+00   3.04E-07   2.20E-05   3.04E-04
 9.18E+06   5.62E-04   1.50E-01   8.46E-01   0.00E+00   0.00E+00   3.78E-07   2.21E-05   3.04E-04
 9.32E+06   5.62E-04   1.50E-01   8.46E-01   0.00E+00   0.00E+00   4.69E-07   2.22E-05   3.04E-04
 9.48E+06   5.62E-04   1.50E-01   8.46E-01   0.00E+00   0.00E+00   5.83E-07   2.22E-05   3.05E-04
 9.62E+06   5.62E-04   1.50E-01   8.46E-01   0.00E+00   0.00E+00   7.23E-07   2.23E-05   3.05E-04
 9.78E+06   5.62E-04   1.50E-01   8.46E-01   0.00E+00   0.00E+00   8.95E-07   2.25E-05   3.05E-04
 9.92E+06   5.62E-04   1.50E-01   8.46E-01   0.00E+00   0.00E+00   1.11E-06   2.27E-05   3.06E-04

     Z      POCS       PNO3_NO    PNO3_NO2   PN2O       PHO2NO2_NO2PHO2NO2_NO3PN2O5_NO2  PN2O5_NO   
 2.50E+04   1.05E-11   1.06E-02   8.35E-02   1.45E-33   1.53E-06   3.82E-07   3.63E-10   1.02E-05
 1.75E+05   1.25E-11   1.09E-02   8.50E-02   2.87E-30   1.78E-06   4.45E-07   4.54E-10   1.16E-05
 3.25E+05   1.44E-11   1.10E-02   8.62E-02   3.27E-27   2.00E-06   5.01E-07   5.47E-10   1.29E-05
 4.75E+05   1.61E-11   1.12E-02   8.71E-02   1.86E-24   2.21E-06   5.53E-07   6.42E-10   1.41E-05
 6.25E+05   1.78E-11   1.14E-02   8.78E-02   5.41E-22   2.40E-06   6.00E-07   7.44E-10   1.52E-05
 7.75E+05   1.93E-11   1.16E-02   8.82E-02   8.30E-20   2.58E-06   6.44E-07   8.52E-10   1.62E-05
 9.25E+05   2.09E-11   1.17E-02   8.83E-02   6.81E-18   2.74E-06   6.84E-07   9.69E-10   1.71E-05
 1.08E+06   2.23E-11   1.19E-02   8.88E-02   3.06E-16   2.88E-06   7.21E-07   1.09E-09   1.79E-05
 1.22E+06   2.37E-11   1.20E-02   8.97E-02   7.15E-15   3.01E-06   7.54E-07   1.22E-09   1.86E-05
 1.38E+06   2.58E-11   1.22E-02   9.06E-02   9.32E-14   3.14E-06   7.84E-07   1.42E-09   1.93E-05
 1.52E+06   3.26E-11   1.23E-02   9.18E-02   7.78E-13   3.26E-06   8.15E-07   2.01E-09   1.99E-05
 1.68E+06   6.24E-11   1.25E-02   9.29E-02   4.61E-12   3.39E-06   8.48E-07   4.28E-09   2.05E-05
 1.82E+06   1.80E-10   1.26E-02   9.39E-02   2.09E-11   3.54E-06   8.84E-07   1.28E-08   2.12E-05
 1.98E+06   5.81E-10   1.27E-02   9.48E-02   7.66E-11   3.71E-06   9.27E-07   4.04E-08   2.18E-05
 2.12E+06   1.76E-09   1.27E-02   9.56E-02   2.36E-10   3.93E-06   9.83E-07   1.18E-07   2.24E-05
 2.28E+06   4.86E-09   1.28E-02   9.62E-02   6.32E-10   4.24E-06   1.06E-06   3.07E-07   2.32E-05
 2.42E+06   1.23E-08   1.28E-02   9.68E-02   1.51E-09   4.71E-06   1.18E-06   7.26E-07   2.40E-05
 2.58E+06   2.91E-08   1.29E-02   9.74E-02   3.25E-09   5.45E-06   1.38E-06   1.57E-06   2.50E-05
 2.72E+06   6.44E-08   1.29E-02   9.79E-02   6.43E-09   6.60E-06   1.68E-06   3.12E-06   2.61E-05
 2.88E+06   1.34E-07   1.29E-02   9.84E-02   1.17E-08   8.39E-06   2.15E-06   5.74E-06   2.74E-05
 3.02E+06   2.65E-07   1.29E-02   9.89E-02   1.97E-08   1.10E-05   2.85E-06   9.82E-06   2.90E-05
 3.18E+06   4.90E-07   1.29E-02   9.94E-02   3.09E-08   1.46E-05   3.82E-06   1.56E-05   3.07E-05
 3.32E+06   8.54E-07   1.30E-02   1.00E-01   4.51E-08   1.93E-05   5.07E-06   2.32E-05   3.27E-05
 3.48E+06   1.40E-06   1.30E-02   1.00E-01   6.21E-08   2.51E-05   6.62E-06   3.25E-05   3.48E-05
 3.62E+06   2.18E-06   1.30E-02   1.01E-01   8.12E-08   3.20E-05   8.45E-06   4.33E-05   3.70E-05
 3.78E+06   3.22E-06   1.30E-02   1.01E-01   1.02E-07   3.99E-05   1.06E-05   5.54E-05   3.94E-05
 3.92E+06   4.55E-06   1.30E-02   1.02E-01   1.23E-07   4.90E-05   1.30E-05   6.87E-05   4.18E-05
 4.08E+06   6.15E-06   1.30E-02   1.02E-01   1.45E-07   5.96E-05   1.58E-05   8.33E-05   4.44E-05
 4.22E+06   7.96E-06   1.30E-02   1.03E-01   1.67E-07   7.18E-05   1.90E-05   9.93E-05   4.72E-05
 4.38E+06   9.87E-06   1.30E-02   1.03E-01   1.87E-07   8.57E-05   2.26E-05   1.16E-04   5.01E-05
 4.52E+06   1.18E-05   1.30E-02   1.03E-01   2.05E-07   1.01E-04   2.64E-05   1.34E-04   5.30E-05
 4.68E+06   1.35E-05   1.30E-02   1.03E-01   2.21E-07   1.15E-04   3.03E-05   1.51E-04   5.57E-05
 4.82E+06   1.51E-05   1.30E-02   1.03E-01   2.35E-07   1.30E-04   3.39E-05   1.67E-04   5.82E-05
 4.98E+06   1.64E-05   1.30E-02   1.03E-01   2.46E-07   1.42E-04   3.72E-05   1.81E-04   6.03E-05
 5.12E+06   1.74E-05   1.30E-02   1.02E-01   2.56E-07   1.53E-04   4.00E-05   1.93E-04   6.21E-05
 5.28E+06   1.83E-05   1.30E-02   1.02E-01   2.65E-07   1.61E-04   4.23E-05   2.03E-04   6.35E-05
 5.42E+06   1.89E-05   1.30E-02   1.02E-01   2.73E-07   1.68E-04   4.41E-05   2.11E-04   6.45E-05
 5.58E+06   1.94E-05   1.30E-02   1.02E-01   2.81E-07   1.74E-04   4.55E-05   2.18E-04   6.53E-05
 5.72E+06   1.98E-05   1.30E-02   1.02E-01   2.88E-07   1.78E-04   4.66E-05   2.23E-04   6.59E-05
 5.88E+06   2.01E-05   1.30E-02   1.01E-01   2.94E-07   1.81E-04   4.75E-05   2.27E-04   6.64E-05
 6.02E+06   2.03E-05   1.30E-02   1.01E-01   3.01E-07   1.83E-04   4.81E-05   2.31E-04   6.67E-05
 6.18E+06   2.04E-05   1.30E-02   1.01E-01   3.06E-07   1.85E-04   4.87E-05   2.33E-04   6.69E-05
 6.32E+06   2.05E-05   1.30E-02   1.01E-01   3.12E-07   1.87E-04   4.91E-05   2.36E-04   6.71E-05
 6.48E+06   2.06E-05   1.30E-02   1.01E-01   3.17E-07   1.88E-04   4.94E-05   2.38E-04   6.72E-05
 6.62E+06   2.07E-05   1.30E-02   1.00E-01   3.22E-07   1.88E-04   4.96E-05   2.40E-04   6.73E-05
 6.78E+06   2.07E-05   1.30E-02   1.00E-01   3.27E-07   1.89E-04   4.98E-05   2.41E-04   6.73E-05
 6.92E+06   2.08E-05   1.30E-02   9.99E-02   3.31E-07   1.89E-04   5.00E-05   2.43E-04   6.74E-05
 7.08E+06   2.08E-05   1.30E-02   9.97E-02   3.36E-07   1.90E-04   5.01E-05   2.44E-04   6.74E-05
 7.22E+06   2.09E-05   1.30E-02   9.96E-02   3.41E-07   1.90E-04   5.02E-05   2.45E-04   6.74E-05
 7.38E+06   2.09E-05   1.31E-02   9.94E-02   3.49E-07   1.90E-04   5.03E-05   2.46E-04   6.74E-05
 7.52E+06   2.09E-05   1.31E-02   9.94E-02   3.62E-07   1.91E-04   5.04E-05   2.47E-04   6.74E-05
 7.68E+06   2.10E-05   1.31E-02   9.94E-02   3.81E-07   1.91E-04   5.04E-05   2.48E-04   6.74E-05
 7.82E+06   2.11E-05   1.31E-02   9.94E-02   4.07E-07   1.91E-04   5.04E-05   2.50E-04   6.74E-05
 7.98E+06   2.12E-05   1.31E-02   9.94E-02   4.40E-07   1.91E-04   5.05E-05   2.51E-04   6.74E-05
 8.12E+06   2.14E-05   1.31E-02   9.94E-02   4.79E-07   1.91E-04   5.05E-05   2.53E-04   6.74E-05
 8.28E+06   2.16E-05   1.31E-02   9.94E-02   5.24E-07   1.91E-04   5.05E-05   2.54E-04   6.74E-05
 8.42E+06   2.18E-05   1.31E-02   9.94E-02   5.72E-07   1.91E-04   5.05E-05   2.56E-04   6.74E-05
 8.58E+06   2.20E-05   1.31E-02   9.94E-02   6.21E-07   1.91E-04   5.05E-05   2.58E-04   6.74E-05
 8.72E+06   2.22E-05   1.31E-02   9.94E-02   6.70E-07   1.91E-04   5.06E-05   2.60E-04   6.74E-05
 8.88E+06   2.25E-05   1.31E-02   9.94E-02   7.21E-07   1.91E-04   5.06E-05   2.62E-04   6.74E-05
 9.02E+06   2.27E-05   1.31E-02   9.94E-02   7.76E-07   1.91E-04   5.06E-05   2.63E-04   6.75E-05
 9.18E+06   2.30E-05   1.31E-02   9.94E-02   8.39E-07   1.91E-04   5.06E-05   2.66E-04   6.75E-05
 9.32E+06   2.33E-05   1.31E-02   9.94E-02   9.20E-07   1.91E-04   5.06E-05   2.68E-04   6.75E-05
 9.48E+06   2.38E-05   1.31E-02   9.94E-02   1.04E-06   1.91E-04   5.06E-05   2.70E-04   6.75E-05
 9.62E+06   2.44E-05   1.31E-02   9.94E-02   1.21E-06   1.91E-04   5.06E-05   2.73E-04   6.75E-05
 9.78E+06   2.54E-05   1.31E-02   9.94E-02   1.46E-06   1.91E-04   5.06E-05   2.76E-04   6.75E-05
 9.92E+06   2.83E-05   1.31E-02   9.94E-02   1.87E-06   1.91E-04   5.06E-05   2.83E-04   6.75E-05
