   1      H2O      +  O1D       =    OH       +  OH                  
   2      H2       +  O1D       =    OH       +  H                   
   3      H2       +  O         =    OH       +  H                   
   4      H2       +  OH        =    H2O      +  H                   
   5      H        +  O3        =    OH       +  O2                  
   6      H        +  O2        =    HO2      +                      
   7      H        +  HO2       =    H2       +  O2                  
   8      H        +  HO2       =    H2O      +  O                   
   9      H        +  HO2       =    OH       +  OH                  
  10      OH       +  O         =    H        +  O2                  
  11      OH       +  HO2       =    H2O      +  O2                  
  12      OH       +  O3        =    HO2      +  O2                  
  13      HO2      +  O         =    OH       +  O2                  
  14      HO2      +  O3        =    OH       +  O2          O2      
  15      HO2      +  HO2       =    H2O2     +  O2                  
  16      H2O2     +  OH        =    HO2      +  H2O                 
  17      O        +  O         =    O2       +                      
  18      O        +  O2        =    O3       +                      
  19      O        +  O3        =    O2       +  O2                  
  20      OH       +  OH        =    H2O      +  O                   
  21      O1D      +  N2        =    O        +  N2                  
  22      O1D      +  O2        =    O        +  O2                  
  23      O2       +  HV        =    O        +  O1D                 
  24      O2       +  HV        =    O        +  O                   
  25      H2O      +  HV        =    H        +  OH                  
  26      H2O      +  HV        =    H2       +  O1D                 
  27      H2O      +  HV        =    H        +  H           O       
  28      O3       +  HV        =    O2       +  O1D                 
  29      O3       +  HV        =    O2       +  O                   
  30      O3       +  HV        =    O        +  O           O       
  31      H        +  CO        =    HCO      +                      
  32      H        +  HCO       =    H2       +  CO                  
  33      HCO      +  HCO       =    H2CO     +  CO                  
  34      OH       +  HCO       =    H2O      +  CO                  
  35      O        +  HCO       =    H        +  CO2                 
  36      O        +  HCO       =    OH       +  CO                  
  37      H2O2     +  HV        =    OH       +  OH                  
  38      CO2      +  HV        =    CO       +  O                   
  39      CO2      +  HV        =    CO       +  O1D                 
  40      CO       +  OH        =    CO2      +  H                   
  41      CO       +  O         =    CO2      +                      
  42      H2CO     +  HV        =    H2       +  CO                  
  43      H2CO     +  HV        =    HCO      +  H                   
  44      HCO      +  HV        =    H        +  CO                  
  45      H2CO     +  H         =    H2       +  HCO                 
  46      H        +  H         =    H2       +                      
  47      HCO      +  O2        =    HO2      +  CO                  
  48      H2CO     +  OH        =    H2O      +  HCO                 
  49      H        +  OH        =    H2O      +                      
  50      OH       +  OH        =    H2O2     +                      
  51      H2CO     +  O         =    HCO      +  OH                  
  52      H2O2     +  O         =    OH       +  HO2                 
  53      HO2      +  HV        =    OH       +  O                   
  54      CH4      +  HV        =    CH21     +  H2                  
  55      CH4      +  HV        =    CH3      +  H                   
  56      CH4      +  HV        =    CH23     +  H           H       
  57      C2H6     +  HV        =    CH23     +  CH23        H2      
  58      C2H6     +  HV        =    CH4      +  CH21                
  59      HNO2     +  HV        =    NO       +  OH                  
  60      HNO3     +  HV        =    NO2      +  OH                  
  61      HNO3     +  HV        =    HNO2     +  O                   
  62      HNO3     +  HV        =    HNO2     +  O1D                 
  63      NO       +  HV        =    N        +  O                   
  64      NO2      +  HV        =    NO       +  O1D                 
  65      NO2      +  HV        =    NO       +  O                   
  66      CH4      +  OH        =    CH3      +  H2O                 
  67      CH4      +  O1D       =    CH3      +  OH                  
  68      CH4      +  O1D       =    H2CO     +  H2                  
  69      CH21     +  CH4       =    CH3      +  CH3                 
  70      CH21     +  O2        =    HCO      +  OH                  
  71      CH21     +  N2        =    CH23     +  N2                  
  72      CH23     +  H2        =    CH3      +  H                   
  73      CH23     +  CH4       =    CH3      +  CH3                 
  74      CH23     +  O2        =    HCO      +  OH                  
  75      CH3      +  O2        =    H2CO     +  OH                  
  76      CH3      +  O         =    H2CO     +  H                   
  77      CH3      +  CH3       =    C2H6     +                      
  78      CH3      +  HV        =    CH21     +  H                   
  79      CH3      +  H         =    CH4      +                      
  80      CH3      +  HCO       =    CH4      +  CO                  
  81      CH3      +  HNO       =    CH4      +  NO                  
  82      CH3      +  H2CO      =    CH4      +  HCO                 
  83      H        +  NO        =    HNO      +                      
  84      N        +  N         =    N2       +                      
  85      N        +  O2        =    NO       +  O                   
  86      N        +  O3        =    NO       +  O2                  
  87      N        +  OH        =    NO       +  H                   
  88      N        +  NO        =    N2       +  O                   
  89      NO       +  O3        =    NO2      +  O2                  
  90      NO       +  O         =    NO2      +                      
  91      NO       +  HO2       =    NO2      +  OH                  
  92      NO       +  OH        =    HNO2     +                      
  93      NO2      +  O         =    NO       +  O2                  
  94      NO2      +  OH        =    HNO3     +                      
  95      NO2      +  H         =    NO       +  OH                  
  96      HNO3     +  OH        =    H2O      +  NO3                 
  97      HCO      +  NO        =    HNO      +  CO                  
  98      HNO      +  HV        =    NO       +  H                   
  99      H        +  HNO       =    H2       +  NO                  
 100      O        +  HNO       =    OH       +  NO                  
 101      OH       +  HNO       =    H2O      +  NO                  
 102      HNO2     +  OH        =    H2O      +  NO2                 
 103      CH4      +  O         =    CH3      +  OH                  
 104      CH21     +  H2        =    CH3      +  H                   
 105      CH21     +  CO2       =    H2CO     +  CO                  
 106      CH23     +  O         =    HCO      +  H                   
 107      CH23     +  CO2       =    H2CO     +  CO                  
 108      C2H6     +  OH        =    C2H5     +  H2O                 
 109      C2H6     +  O         =    C2H5     +  OH                  
 110      C2H6     +  O1D       =    C2H5     +  OH                  
 111      C2H5     +  H         =    CH3      +  CH3                 
 112      C2H5     +  O         =    CH3      +  HCO         H       
 113      C2H5     +  OH        =    CH3      +  HCO         H2      
 114      C2H5     +  HCO       =    C2H6     +  CO                  
 115      C2H5     +  HNO       =    C2H6     +  NO                  
 116      C2H5     +  O2        =    CH3      +  HCO         OH      
 117      SO       +  HV        =    S        +  O                   
 118      H2S      +  HV        =    HS       +  H                   
 119      SO2      +  HV        =    SO       +  O                   
 120      SO2      +  HV        =    SO21     +                      
 121      SO2      +  HV        =    SO23     +                      
 122      SO       +  O2        =    O        +  SO2                 
 123      SO       +  HO2       =    SO2      +  OH                  
 124      SO       +  O         =    SO2      +                      
 125      SO       +  OH        =    SO2      +  H                   
 126      SO2      +  OH        =    HSO3     +                      
 127      SO2      +  O         =    SO3      +                      
 128      SO3      +  H2O       =    H2SO4    +                      
 129      HSO3     +  O2        =    HO2      +  SO3                 
 130      HSO3     +  OH        =    H2O      +  SO3                 
 131      HSO3     +  H         =    H2       +  SO3                 
 132      HSO3     +  O         =    OH       +  SO3                 
 133      H2S      +  OH        =    H2O      +  HS                  
 134      H2S      +  H         =    H2       +  HS                  
 135      H2S      +  O         =    OH       +  HS                  
 136      HS       +  O         =    H        +  SO                  
 137      HS       +  O2        =    OH       +  SO                  
 138      HS       +  HO2       =    H2S      +  O2                  
 139      HS       +  HS        =    H2S      +  S                   
 140      HS       +  HCO       =    H2S      +  CO                  
 141      HS       +  H         =    H2       +  S                   
 142      HS       +  S         =    H        +  S2                  
 143      S        +  O2        =    SO       +  O                   
 144      S        +  OH        =    SO       +  H                   
 145      S        +  HCO       =    HS       +  CO                  
 146      S        +  HO2       =    HS       +  O2                  
 147      S        +  HO2       =    SO       +  OH                  
 148      S        +  S         =    S2       +                      
 149      S2       +  OH        =    HSO      +  S                   
 150      S2       +  O         =    S        +  SO                  
 151      HS       +  H2CO      =    H2S      +  HCO                 
 152      S2       +  HV        =    S        +  S                   
 153      S2       +  HV        =    S2       +                      
 154      S        +  S2        =    S3       +                      
 155      S2       +  S2        =    S4       +                      
 156      S        +  S3        =    S4       +                      
 157      S4       +  S4        =    S8       +                      
 158      S4       +  HV        =    S2       +  S2                  
 159      S3       +  HV        =    S2       +  S                   
 160      S8       +  HV        =    S4       +  S4                  
 161      S8       +  HV        =    S4       +  S4                  
 162      S8       +  HV        =    S4       +  S4                  
 163      SO3      +  HV        =    SO2      +  O                   
 164      SO21     +  M         =    SO23     +  M                   
 165      SO21     +  M         =    SO2      +  M                   
 166      SO21     +  HV        =    SO23     +  HV                  
 167      SO21     +  HV        =    SO2      +  HV                  
 168      SO21     +  O2        =    SO3      +  O                   
 169      SO21     +  SO2       =    SO3      +  SO                  
 170      SO23     +  M         =    SO2      +  M                   
 171      SO23     +  HV        =    SO2      +  HV                  
 172      SO23     +  SO2       =    SO3      +  SO                  
 173      SO       +  NO2       =    SO2      +  NO                  
 174      SO       +  O3        =    SO2      +  O2                  
 175      SO2      +  HO2       =    SO3      +  OH                  
 176      HS       +  O3        =    HSO      +  O2                  
 177      HS       +  NO2       =    HSO      +  NO                  
 178      S        +  O3        =    SO       +  O2                  
 179      SO       +  SO        =    SO2      +  S                   
 180      SO3      +  SO        =    SO2      +  SO2                 
 181      S        +  CO2       =    SO       +  CO                  
 182      SO       +  HO2       =    HSO      +  O2                  
 183      SO       +  HCO       =    HSO      +  CO                  
 184      H        +  SO        =    HSO      +                      
 185      HSO      +  HV        =    HS       +  O                   
 186      HSO      +  NO        =    HNO      +  SO                  
 187      HSO      +  OH        =    H2O      +  SO                  
 188      HSO      +  H         =    HS       +  OH                  
 189      HSO      +  H         =    H2       +  SO                  
 190      HSO      +  HS        =    H2S      +  SO                  
 191      HSO      +  O         =    OH       +  SO                  
 192      HSO      +  S         =    HS       +  SO                  
 193      SO3      +  CO        =    SO2      +  CO2                 
 194      H        +  OCS       =    CO       +  HS                  
 195      HS       +  CO        =    OCS      +  H                   
 196      O        +  OCS       =    CO       +  SO                  
 197      O        +  OCS       =    S        +  CO2                 
 198      OCS      +  S         =    CO       +  S2                  
 199      OCS      +  OH        =    CO2      +  HS                  
 200      S        +  HCO       =    OCS      +  H                   
 201      S        +  CO        =    OCS      +                      
 202      OCS      +  HV        =    CO       +  S                   
 203      CO       +  O1D       =    CO       +  O                   
 204      CO       +  O1D       =    CO2      +                      
 205      H2S      +  HO2       =    H2O      +  HSO                 
 206      OCS      +  S         =    OCS2     +                      
 207      OCS2     +  S         =    OCS      +  S2                  
 208      S3       +  O         =    S2       +  SO                  
 209      S4       +  O         =    S3       +  SO                  
 210      OCS2     +  CO        =    OCS      +  OCS                 
 211      O        +  NO3       =    O2       +  NO2                 
 212      HO2      +  NO3       =    OH       +  NO2         O2      
 213      NO       +  NO3       =    NO2      +  NO2                 
 214      O        +  NO2       =    NO3      +                      
 215      OH       +  NO3       =    HO2      +  NO2                 
 216      NO3      +  HV        =    NO       +  O2                  
 217      NO3      +  HV        =    NO2      +  O                   
 218      N        +  NO2       =    N2O      +  O                   
 219      O1D      +  N2        =    N2O      +                      
 220      O1D      +  N2O       =    N2       +  O2                  
 221      O1D      +  N2O       =    NO       +  NO                  
 222      N2O      +  HV        =    N2       +  O1D                 
 223      N        +  HO2       =    NO       +  OH                  
 224      O        +  N2O5      =    NO2      +  NO2         O2      
 225      NO2      +  NO3       =    N2O5     +                      
 226      N2O5     +  M         =    NO3      +  NO2                 
 227      NO2      +  NO3       =    NO       +  NO2         O2      
 228      NO2      +  O3        =    NO3      +  O2                  
 229      NO3      +  NO3       =    NO2      +  NO2         O2      
 230      HO2      +  NO2       =    HO2NO2   +                      
 231      O        +  HO2NO2    =    OH       +  NO2         O2      
 232      OH       +  HO2NO2    =    H2O      +  NO2         O2      
 233      HO2NO2   +  M         =    HO2      +  NO2                 
 234      HO2NO2   +  HV        =    HO2      +  NO2                 
 235      HO2NO2   +  HV        =    OH       +  NO3                 
 236      N2O5     +  HV        =    NO3      +  NO2                 
 237      N2O5     +  HV        =    NO3      +  NO          O       
 238      O        +  HNO3      =    OH       +  NO3                 
 239      HO2      +  NO2       =    HNO2     +  O2                  


 NQ=40     NZ=200     KJAC= 968000

 PO2= 2.174E-02  PNO= 1.469E-02  ZAPO2= 7.657E+02  ZAPNO = 5.177E+02  PRONO = 1.000E+09  PRONOP = 4.112E+08  ZAPCO = 1.163E+01  ZAPH2 = 2.209E+02
 N= 4     X= 4.53340E-01  ERR= 5.26792E-09

 TIME = 0.00E+00     TIMEY = 0.00E+00 YEARS

 NPHOT =    0

 MIXING RATIOS OF LONG-LIVED SPECIES


     Z        O        O2       H2O      H        OH       HO2      H2O2     H2       CO       HCO      H2CO     CH4      CH3      C2H6     NO       NO2      HNO      H2S     
  2.50E+04 1.29E-16 4.20E-02 1.12E-02 1.84E-20 3.88E-14 1.06E-11 1.05E-09 5.30E-07 1.10E-07 7.11E-22 2.16E-10 1.80E-06 6.56E-21 1.34E-25 1.66E-12 2.97E-12 1.72E-17 9.64E-12
  7.50E+04 1.48E-16 4.20E-02 9.30E-03 2.00E-20 4.16E-14 1.09E-11 1.12E-09 5.30E-07 1.07E-07 7.70E-22 2.13E-10 1.80E-06 6.59E-21 1.34E-25 1.79E-12 3.00E-12 1.77E-17 6.84E-12
  1.25E+05 1.73E-16 4.20E-02 7.83E-03 2.18E-20 4.51E-14 1.11E-11 1.15E-09 5.31E-07 1.05E-07 8.06E-22 2.03E-10 1.80E-06 6.68E-21 1.34E-25 1.98E-12 3.12E-12 1.55E-17 4.84E-12
  1.75E+05 2.03E-16 4.20E-02 6.44E-03 2.36E-20 4.87E-14 1.12E-11 1.18E-09 5.31E-07 1.02E-07 8.28E-22 1.91E-10 1.80E-06 6.73E-21 1.34E-25 2.22E-12 3.31E-12 1.28E-17 3.41E-12
  3.75E+05 4.05E-16 4.20E-02 2.53E-03 3.17E-20 6.50E-14 1.07E-11 1.07E-09 5.32E-07 9.30E-08 8.46E-22 1.39E-10 1.79E-06 6.57E-21 1.31E-25 3.95E-12 4.73E-12 5.16E-18 8.37E-13
  5.75E+05 7.80E-16 4.20E-02 7.07E-04 3.47E-20 7.16E-14 8.67E-12 7.48E-10 5.32E-07 8.53E-08 6.34E-22 8.21E-11 1.79E-06 4.77E-21 1.29E-25 5.82E-12 5.20E-12 1.70E-18 2.24E-13
  7.75E+05 1.37E-15 4.20E-02 1.21E-04 2.77E-20 5.84E-14 6.01E-12 4.41E-10 5.32E-07 7.95E-08 3.05E-22 3.41E-11 1.79E-06 2.17E-21 1.28E-25 5.70E-12 3.34E-12 4.70E-19 7.71E-14
  9.75E+05 2.29E-15 4.20E-02 1.26E-05 3.11E-20 6.70E-14 3.74E-12 2.34E-10 5.32E-07 7.50E-08 1.81E-22 1.56E-11 1.78E-06 1.17E-21 1.30E-25 1.33E-11 4.49E-12 3.57E-19 3.19E-14
  1.18E+06 6.52E-15 4.20E-02 4.56E-06 4.67E-20 8.68E-14 2.30E-12 8.50E-11 5.33E-07 6.84E-08 1.80E-22 1.11E-11 1.78E-06 1.30E-21 1.42E-25 3.15E-11 9.45E-12 2.29E-19 1.00E-14
  1.38E+06 3.60E-14 4.20E-02 4.39E-06 5.10E-20 8.86E-14 1.04E-12 9.03E-12 5.32E-07 5.29E-08 1.76E-22 8.12E-12 1.76E-06 1.50E-21 2.31E-25 7.79E-11 4.24E-11 1.81E-19 8.92E-16
  1.58E+06 1.85E-13 4.20E-02 4.50E-06 6.30E-20 1.16E-13 8.82E-13 2.49E-12 5.30E-07 3.41E-08 2.49E-22 8.07E-12 1.70E-06 2.47E-21 5.39E-25 1.55E-10 1.58E-10 3.16E-19 2.52E-17
  1.78E+06 6.92E-13 4.20E-02 4.69E-06 9.49E-20 1.88E-13 1.17E-12 2.67E-12 5.26E-07 2.07E-08 4.45E-22 9.70E-12 1.61E-06 5.05E-21 1.25E-24 2.75E-10 3.84E-10 4.28E-19 3.10E-19
  1.98E+06 2.06E-12 4.20E-02 4.93E-06 1.87E-19 3.54E-13 1.86E-12 4.18E-12 5.18E-07 1.35E-08 9.03E-22 1.28E-11 1.49E-06 1.16E-20 2.68E-24 4.65E-10 7.18E-10 2.90E-19 2.34E-21
  2.18E+06 5.43E-12 4.20E-02 5.18E-06 4.89E-19 7.46E-13 3.35E-12 7.96E-12 5.08E-07 1.03E-08 2.01E-21 1.76E-11 1.36E-06 2.89E-20 5.45E-24 7.35E-10 1.11E-09 1.14E-19 3.01E-22
  2.38E+06 1.35E-11 4.20E-02 5.45E-06 1.58E-18 1.63E-12 6.38E-12 1.60E-11 4.96E-07 9.08E-09 4.68E-21 2.43E-11 1.24E-06 7.55E-20 1.13E-23 1.08E-09 1.51E-09 1.01E-19 1.41E-22
  2.58E+06 3.27E-11 4.20E-02 5.70E-06 5.87E-18 3.45E-12 1.18E-11 2.95E-11 4.82E-07 8.79E-09 1.06E-20 3.21E-11 1.11E-06 1.96E-19 2.46E-23 1.47E-09 1.84E-09 1.80E-19 5.93E-23
  2.78E+06 7.83E-11 4.20E-02 5.95E-06 2.42E-17 6.72E-12 2.02E-11 4.61E-11 4.67E-07 8.98E-09 2.25E-20 4.00E-11 9.95E-07 4.93E-19 5.78E-23 1.88E-09 2.03E-09 3.52E-19 2.15E-23
  2.98E+06 1.88E-10 4.20E-02 6.19E-06 1.09E-16 1.22E-11 3.14E-11 5.98E-11 4.52E-07 9.51E-09 4.50E-20 4.81E-11 8.80E-07 1.22E-18 1.44E-22 2.22E-09 1.99E-09 6.54E-19 7.01E-24
  3.18E+06 4.56E-10 4.20E-02 6.42E-06 5.35E-16 2.13E-11 4.41E-11 6.37E-11 4.39E-07 1.02E-08 8.73E-20 5.65E-11 7.69E-07 3.04E-18 3.76E-22 2.40E-09 1.70E-09 1.15E-18 2.06E-24
  3.38E+06 1.10E-09 4.20E-02 6.64E-06 2.78E-15 3.75E-11 5.58E-11 5.53E-11 4.29E-07 1.07E-08 1.69E-19 6.46E-11 6.65E-07 7.69E-18 1.01E-21 2.43E-09 1.25E-09 1.97E-18 5.64E-25
  3.58E+06 2.59E-09 4.20E-02 6.82E-06 1.46E-14 6.65E-11 6.54E-11 4.22E-11 4.28E-07 1.10E-08 3.18E-19 7.03E-11 5.70E-07 1.90E-17 2.80E-21 2.33E-09 7.56E-10 3.28E-18 1.74E-25
  3.78E+06 5.76E-09 4.20E-02 6.95E-06 6.95E-14 1.10E-10 7.47E-11 3.26E-11 4.40E-07 1.10E-08 5.40E-19 7.07E-11 4.94E-07 4.16E-17 8.01E-21 2.14E-09 3.67E-10 4.97E-18 8.29E-26
  3.98E+06 1.12E-08 4.20E-02 7.03E-06 2.49E-13 1.57E-10 8.52E-11 2.77E-11 4.69E-07 1.10E-08 7.41E-19 6.40E-11 4.36E-07 7.25E-17 2.51E-20 1.83E-09 1.50E-10 6.10E-18 6.62E-26
  4.18E+06 1.88E-08 4.20E-02 7.06E-06 6.69E-13 1.93E-10 9.59E-11 2.49E-11 5.18E-07 1.11E-08 8.40E-19 5.37E-11 3.95E-07 1.02E-16 8.53E-20 1.48E-09 5.90E-11 6.17E-18 7.08E-26
  4.38E+06 2.85E-08 4.20E-02 7.04E-06 1.49E-12 2.21E-10 1.06E-10 2.28E-11 5.85E-07 1.19E-08 8.58E-19 4.37E-11 3.66E-07 1.28E-16 2.76E-19 1.17E-09 2.40E-11 5.63E-18 8.26E-26
  4.58E+06 4.09E-08 4.20E-02 6.99E-06 3.06E-12 2.45E-10 1.16E-10 2.09E-11 6.68E-07 1.36E-08 8.52E-19 3.55E-11 3.45E-07 1.57E-16 7.82E-19 9.25E-10 1.04E-11 4.95E-18 9.44E-26
  4.78E+06 5.66E-08 4.20E-02 6.92E-06 6.02E-12 2.69E-10 1.26E-10 1.94E-11 7.64E-07 1.68E-08 8.37E-19 2.88E-11 3.28E-07 1.92E-16 1.89E-18 7.38E-10 4.79E-12 4.35E-18 1.06E-25
  4.98E+06 7.65E-08 4.20E-02 6.83E-06 1.16E-11 2.96E-10 1.39E-10 1.84E-11 8.75E-07 2.23E-08 8.16E-19 2.33E-11 3.14E-07 2.35E-16 4.04E-18 5.97E-10 2.37E-12 3.89E-18 1.20E-25
  5.18E+06 1.01E-07 4.20E-02 6.72E-06 2.24E-11 3.31E-10 1.56E-10 1.81E-11 1.00E-06 3.11E-08 7.92E-19 1.88E-11 3.01E-07 2.87E-16 7.72E-18 4.92E-10 1.26E-12 3.59E-18 1.39E-25
  5.38E+06 1.31E-07 4.20E-02 6.58E-06 4.30E-11 3.76E-10 1.77E-10 1.85E-11 1.15E-06 4.48E-08 7.65E-19 1.50E-11 2.89E-07 3.49E-16 1.37E-17 4.13E-10 7.30E-13 3.43E-18 1.69E-25
  5.58E+06 1.68E-07 4.20E-02 6.43E-06 8.34E-11 4.33E-10 2.05E-10 1.94E-11 1.32E-06 6.57E-08 7.40E-19 1.19E-11 2.75E-07 4.23E-16 2.28E-17 3.55E-10 4.63E-13 3.40E-18 2.12E-25
  5.78E+06 2.13E-07 4.19E-02 6.24E-06 1.64E-10 5.08E-10 2.42E-10 2.14E-11 1.52E-06 9.72E-08 7.62E-19 9.66E-12 2.60E-07 5.21E-16 3.62E-17 3.13E-10 3.25E-13 3.53E-18 2.79E-25
  5.98E+06 2.62E-07 4.19E-02 6.02E-06 3.30E-10 6.27E-10 3.02E-10 2.63E-11 1.76E-06 1.44E-07 1.22E-18 9.75E-12 2.42E-07 7.97E-16 5.56E-17 2.87E-10 2.64E-13 4.02E-18 4.29E-25
  6.18E+06 2.96E-07 4.19E-02 5.75E-06 6.96E-10 8.68E-10 4.25E-10 4.07E-11 2.05E-06 2.13E-07 4.03E-18 1.77E-11 2.21E-07 2.25E-15 8.29E-17 2.77E-10 2.78E-13 5.44E-18 9.38E-25
  6.38E+06 3.16E-07 4.19E-02 5.43E-06 1.56E-09 1.35E-09 6.71E-10 7.58E-11 2.40E-06 3.14E-07 1.48E-17 4.22E-11 1.97E-07 8.79E-15 1.21E-16 2.83E-10 3.74E-13 8.74E-18 2.59E-24
  6.58E+06 3.55E-07 4.19E-02 5.03E-06 3.71E-09 2.12E-09 1.06E-09 1.38E-10 2.82E-06 4.60E-07 4.33E-17 8.60E-11 1.70E-07 2.95E-14 1.75E-16 3.08E-10 5.22E-13 1.49E-17 6.19E-24
  6.78E+06 4.48E-07 4.19E-02 4.56E-06 9.21E-09 3.11E-09 1.54E-09 2.17E-10 3.31E-06 6.70E-07 9.91E-17 1.41E-10 1.41E-07 7.53E-14 2.45E-16 3.53E-10 6.53E-13 2.50E-17 1.08E-23
  6.98E+06 6.36E-07 4.19E-02 4.00E-06 2.32E-08 4.17E-09 2.00E-09 2.77E-10 3.88E-06 9.64E-07 1.83E-16 1.92E-10 1.13E-07 1.42E-13 3.15E-16 4.24E-10 6.97E-13 3.96E-17 1.37E-23
  7.18E+06 1.01E-06 4.19E-02 3.38E-06 5.81E-08 4.97E-09 2.30E-09 2.83E-10 4.48E-06 1.37E-06 2.85E-16 2.29E-10 8.70E-08 1.94E-13 3.55E-16 5.31E-10 6.21E-13 5.81E-17 1.25E-23
  7.38E+06 1.75E-06 4.18E-02 2.74E-06 1.49E-07 5.53E-09 2.43E-09 2.36E-10 5.07E-06 1.89E-06 3.93E-16 2.40E-10 6.55E-08 1.98E-13 3.49E-16 6.90E-10 4.78E-13 8.23E-17 8.91E-24
  7.58E+06 6.74E-06 4.18E-02 2.09E-06 5.11E-07 3.82E-09 1.59E-09 1.06E-10 5.52E-06 2.57E-06 4.93E-16 2.00E-10 4.81E-08 7.76E-14 3.12E-16 9.17E-10 1.30E-13 7.24E-17 1.64E-24
  7.78E+06 6.52E-05 4.17E-02 1.50E-06 1.24E-06 1.03E-09 3.07E-10 1.55E-11 5.71E-06 3.36E-06 6.46E-16 6.97E-11 3.47E-08 9.89E-15 2.68E-16 1.09E-09 8.89E-15 1.59E-17 1.92E-26
  7.98E+06 2.95E-04 4.15E-02 1.05E-06 1.93E-06 4.78E-10 7.70E-11 1.82E-12 5.77E-06 4.20E-06 6.80E-16 2.02E-11 2.47E-08 2.49E-15 2.23E-16 1.03E-09 3.78E-15 3.73E-18 1.05E-28
  8.18E+06 8.58E-04 4.12E-02 7.17E-07 2.46E-06 2.78E-10 2.44E-11 1.91E-13 5.80E-06 5.09E-06 6.16E-16 7.90E-12 1.73E-08 9.46E-16 1.80E-16 8.10E-10 2.09E-15 9.39E-19 3.45E-31
  8.38E+06 1.93E-03 4.05E-02 4.78E-07 2.85E-06 1.72E-10 9.00E-12 1.74E-14 5.81E-06 6.03E-06 4.89E-16 3.80E-12 1.18E-08 4.49E-16 1.39E-16 6.31E-10 1.18E-15 2.74E-19 1.31E-33
  8.58E+06 3.63E-03 3.95E-02 3.13E-07 3.12E-06 1.06E-10 3.71E-12 1.43E-15 5.80E-06 7.02E-06 3.59E-16 2.10E-12 7.98E-09 2.46E-16 1.05E-16 5.12E-10 6.96E-16 9.40E-20 2.80E-35
  8.78E+06 6.04E-03 3.81E-02 2.01E-07 3.31E-06 6.37E-11 1.66E-12 1.13E-16 5.80E-06 8.02E-06 2.57E-16 1.27E-12 5.32E-09 1.49E-16 7.74E-17 4.30E-10 4.24E-16 3.66E-20 1.58E-36
  8.98E+06 9.16E-03 3.64E-02 1.27E-07 3.44E-06 3.72E-11 7.90E-13 9.39E-18 5.79E-06 9.01E-06 1.84E-16 8.26E-13 3.52E-09 9.67E-17 5.68E-17 3.71E-10 2.66E-16 1.57E-20 1.38E-37
  9.18E+06 1.30E-02 3.43E-02 8.04E-08 3.53E-06 2.11E-11 3.94E-13 9.28E-19 5.77E-06 9.95E-06 1.35E-16 5.71E-13 2.35E-09 6.68E-17 4.20E-17 3.26E-10 1.70E-16 7.30E-21 1.62E-38
  9.38E+06 1.73E-02 3.19E-02 5.11E-08 3.60E-06 1.16E-11 2.04E-13 1.20E-19 5.76E-06 1.08E-05 1.04E-16 4.22E-13 1.61E-09 4.94E-17 3.18E-17 2.90E-10 1.10E-16 3.61E-21 2.44E-39
  9.58E+06 2.20E-02 2.95E-02 3.37E-08 3.66E-06 6.23E-12 1.10E-13 2.04E-20 5.74E-06 1.15E-05 8.59E-17 3.42E-13 1.15E-09 4.00E-17 2.51E-17 2.60E-10 7.20E-17 1.89E-21 4.53E-40
  9.78E+06 2.66E-02 2.73E-02 2.44E-08 3.70E-06 3.31E-12 6.18E-14 4.41E-21 5.73E-06 1.20E-05 8.19E-17 3.21E-13 9.21E-10 3.77E-17 2.11E-17 2.36E-10 4.77E-17 1.04E-21 1.05E-40
  9.98E+06 3.04E-02 2.57E-02 2.17E-08 3.72E-06 1.82E-12 3.75E-14 1.56E-21 5.72E-06 1.23E-05 9.89E-17 3.88E-13 8.71E-10 4.58E-17 1.95E-17 2.21E-10 3.25E-17 6.28E-22 3.54E-41

     Z        HS       S        SO       SO2      H2SO4    HSO      S2       S4       S8       SO3      OCS      S3       O3       HNO3     N        NO3      N2O      HO2NO2  
  2.50E+04 3.32E-17 2.31E-31 5.75E-19 7.06E-11 3.82E-12 7.37E-13 4.46E-35 2.68E-60 1.26-101 1.58E-21 6.27E-22 6.00E-58 1.05E-08 1.48E-11 1.67-133 2.12E-16 3.00E-07 6.32E-14
  7.50E+04 2.44E-17 1.25E-31 5.79E-19 1.08E-10 5.81E-12 7.29E-13 2.85E-35 9.84E-61 1.26-101 3.21E-21 6.26E-22 1.83E-58 1.11E-08 1.65E-11 2.29-127 2.04E-16 3.00E-07 9.01E-14
  1.25E+05 1.80E-17 6.74E-32 5.34E-19 1.42E-10 7.87E-12 6.07E-13 1.55E-35 2.60E-61 1.26-101 5.46E-21 6.26E-22 4.76E-59 1.18E-08 1.86E-11 2.66-121 2.04E-16 3.00E-07 1.33E-13
  1.75E+05 1.30E-17 3.54E-32 4.69E-19 1.72E-10 1.00E-11 4.69E-13 7.65E-36 5.69E-62 1.26-101 8.91E-21 6.26E-22 1.09E-59 1.28E-08 2.12E-11 2.60-115 2.11E-16 3.00E-07 2.03E-13
  3.75E+05 3.33E-18 2.29E-33 2.35E-19 2.81E-10 1.85E-11 1.31E-13 2.72E-37 4.64E-65 1.26-101 5.72E-20 6.24E-22 1.55E-62 1.84E-08 3.36E-11 3.82E-92 2.82E-16 3.00E-07 1.36E-12
  5.75E+05 7.60E-19 1.34E-34 1.15E-19 3.90E-10 2.33E-11 3.56E-14 6.13E-39 1.52E-68 1.26-101 3.77E-19 6.22E-22 1.28E-65 2.64E-08 4.11E-11 2.09E-70 3.23E-16 2.99E-07 9.66E-12
  7.75E+05 1.71E-19 1.62E-34 1.45E-19 5.03E-10 2.25E-11 1.21E-14 2.01E-40 1.06E-71 1.26-101 2.81E-18 6.21E-22 3.22E-67 3.64E-08 4.35E-11 1.92E-54 3.41E-16 2.99E-07 2.57E-11
  9.75E+05 6.71E-20 1.17E-32 1.68E-18 5.91E-10 2.46E-11 4.89E-15 1.63E-39 4.43E-70 1.26-101 4.45E-17 6.19E-22 1.18E-64 4.87E-08 4.93E-11 1.83E-44 4.50E-16 2.99E-07 2.87E-11
  1.18E+06 1.75E-20 5.07E-31 1.39E-17 7.28E-10 2.84E-11 1.75E-15 1.02E-38 9.62E-69 1.26-101 3.28E-16 6.13E-22 1.74E-62 8.19E-08 7.92E-11 2.32E-37 6.38E-16 2.97E-07 2.66E-11
  1.38E+06 5.95E-22 1.30E-29 8.60E-17 1.08E-09 2.93E-11 7.52E-16 6.17E-39 1.85E-69 1.26-101 6.09E-16 5.84E-22 1.41E-61 2.39E-07 2.57E-10 4.38E-32 1.70E-15 2.90E-07 3.67E-11
  1.58E+06 2.61E-23 1.95E-28 3.43E-16 1.28E-09 2.96E-11 9.21E-16 2.67E-39 1.80E-70 1.26-101 1.23E-15 5.07E-22 4.69E-61 6.26E-07 7.50E-10 3.76E-28 7.00E-15 2.71E-07 6.94E-11
  1.78E+06 3.64E-23 1.69E-27 8.12E-16 9.49E-10 2.28E-11 9.93E-16 1.80E-38 4.29E-69 1.25-101 1.85E-15 3.86E-22 1.43E-59 1.19E-06 1.46E-09 4.12E-25 2.14E-14 2.38E-07 1.19E-10
  1.98E+06 4.77E-23 5.71E-27 7.75E-16 2.96E-10 8.59E-12 5.53E-16 4.25E-38 1.25E-68 1.25-101 1.34E-15 2.53E-22 5.96E-59 1.79E-06 2.10E-09 1.07E-22 4.67E-14 1.97E-07 1.68E-10
  2.18E+06 3.21E-23 7.06E-27 2.89E-16 3.91E-11 1.51E-12 1.46E-16 1.82E-38 1.20E-69 1.24-101 4.82E-16 1.41E-22 1.65E-59 2.34E-06 2.42E-09 9.06E-21 8.07E-14 1.54E-07 1.98E-10
  2.38E+06 2.02E-23 6.84E-27 9.30E-17 4.93E-12 2.56E-13 3.65E-17 5.46E-39 5.73E-71 1.24-101 1.83E-16 6.56E-23 2.54E-60 2.84E-06 2.38E-09 3.14E-19 1.21E-13 1.16E-07 1.97E-10
  2.58E+06 1.10E-23 5.41E-27 2.70E-17 6.22E-13 4.38E-14 8.26E-18 1.12E-39 1.28E-72 1.23-101 7.08E-17 2.45E-23 2.19E-61 3.28E-06 2.04E-09 5.31E-18 1.65E-13 8.37E-08 1.67E-10
  2.78E+06 5.11E-24 3.73E-27 7.55E-18 8.36E-14 2.64E-14 1.67E-18 1.67E-40 1.51E-74 1.22-101 2.88E-17 6.88E-24 1.19E-62 3.64E-06 1.51E-09 5.00E-17 2.07E-13 5.79E-08 1.19E-10
  2.98E+06 2.19E-24 2.47E-27 2.22E-18 1.31E-14 7.77E-14 3.24E-19 2.13E-41 1.31E-76 1.22-101 1.39E-17 1.37E-24 5.37E-64 3.88E-06 9.58E-10 2.89E-16 2.38E-13 3.85E-08 7.00E-11
  3.18E+06 8.84E-25 1.62E-27 7.06E-19 2.48E-15 8.83E-14 6.09E-20 2.47E-42 9.47E-79 1.21-101 8.39E-18 1.76E-25 2.20E-65 3.95E-06 5.34E-10 1.09E-15 2.46E-13 2.47E-08 3.26E-11
  3.38E+06 3.58E-25 1.12E-27 2.55E-19 5.83E-16 9.01E-14 1.17E-20 2.97E-43 7.42E-81 1.20-101 6.28E-18 1.37E-26 9.83E-67 3.83E-06 2.69E-10 2.90E-15 2.20E-13 1.54E-08 1.17E-11
  3.58E+06 1.70E-25 8.81E-28 1.15E-19 1.82E-16 9.04E-14 2.65E-21 4.88E-44 1.10E-82 1.19-101 5.05E-18 6.18E-28 7.01E-68 3.45E-06 1.20E-10 5.87E-15 1.61E-13 9.45E-09 3.27E-12
  3.78E+06 1.20E-25 9.30E-28 7.60E-20 8.39E-17 9.05E-14 9.03E-22 1.67E-44 7.29E-84 1.18-101 3.83E-18 1.81E-29 1.43E-68 2.80E-06 4.45E-11 1.01E-14 9.15E-14 5.84E-09 7.66E-13
  3.98E+06 1.27E-25 1.32E-27 7.25E-20 5.53E-17 9.04E-14 5.08E-22 1.31E-44 2.59E-84 1.17-101 2.59E-18 4.26E-31 9.21E-69 2.12E-06 1.32E-11 1.61E-14 4.04E-14 3.69E-09 1.73E-13
  4.18E+06 1.67E-25 2.25E-27 8.86E-20 4.49E-17 9.03E-14 4.17E-22 1.75E-44 2.79E-84 1.16-101 1.69E-18 3.11E-32 1.26E-68 1.59E-06 3.56E-12 2.52E-14 1.56E-14 2.41E-09 4.19E-14
  4.38E+06 2.30E-25 4.22E-27 1.23E-19 4.05E-17 9.02E-14 4.23E-22 3.01E-44 4.93E-84 1.15-101 1.12E-18 2.28E-32 2.44E-68 1.22E-06 9.70E-13 3.96E-14 5.82E-15 1.64E-09 1.11E-14
  4.58E+06 3.08E-25 8.13E-27 1.78E-19 3.86E-17 9.02E-14 4.65E-22 5.43E-44 9.56E-84 1.14-101 7.66E-19 2.59E-32 5.06E-68 9.49E-07 2.76E-13 5.99E-14 2.19E-15 1.16E-09 3.19E-15
  4.78E+06 4.02E-25 1.58E-26 2.61E-19 3.78E-17 9.01E-14 5.38E-22 9.94E-44 1.90E-83 1.13-101 5.35E-19 3.28E-32 1.07E-67 7.44E-07 8.38E-14 8.88E-14 8.47E-16 8.61E-10 9.88E-16
  4.98E+06 5.25E-25 3.07E-26 3.84E-19 3.73E-17 8.99E-14 6.47E-22 1.87E-43 3.97E-83 1.12-101 3.77E-19 4.51E-32 2.30E-67 5.82E-07 2.73E-14 1.30E-13 3.41E-16 6.59E-10 3.32E-16
  5.18E+06 7.00E-25 5.94E-26 5.64E-19 3.70E-17 8.98E-14 8.05E-22 3.64E-43 8.86E-83 1.11-101 2.68E-19 6.48E-32 5.09E-67 4.52E-07 9.71E-15 1.89E-13 1.44E-16 5.20E-10 1.22E-16
  5.38E+06 9.57E-25 1.14E-25 8.24E-19 3.67E-17 8.97E-14 1.03E-21 7.39E-43 2.12E-82 1.10-101 1.91E-19 9.53E-32 1.16E-66 3.47E-07 3.78E-15 2.73E-13 6.50E-17 4.21E-10 4.93E-17
  5.58E+06 1.34E-24 2.17E-25 1.19E-18 3.63E-17 8.96E-14 1.35E-21 1.54E-42 5.31E-82 1.09-101 1.36E-19 1.40E-31 2.65E-66 2.64E-07 1.63E-15 3.92E-13 3.16E-17 3.47E-10 2.21E-17
  5.78E+06 1.93E-24 4.08E-25 1.70E-18 3.58E-17 8.94E-14 1.78E-21 3.27E-42 1.38E-81 1.07-101 9.72E-20 2.06E-31 6.09E-66 1.98E-07 7.91E-16 5.60E-13 1.67E-17 2.90E-10 1.11E-17
  5.98E+06 3.07E-24 7.46E-25 2.34E-18 3.51E-17 8.92E-14 2.50E-21 7.72E-42 4.41E-81 1.06-101 7.07E-20 3.05E-31 1.50E-65 1.43E-07 4.64E-16 7.89E-13 9.92E-18 2.45E-10 6.75E-18
  6.18E+06 6.25E-24 1.27E-24 3.03E-18 3.44E-17 8.89E-14 4.00E-21 2.36E-41 2.34E-80 1.04-101 5.43E-20 4.89E-31 4.45E-65 9.50E-08 3.89E-16 1.05E-12 7.02E-18 2.09E-10 5.89E-18
  6.38E+06 1.51E-23 1.96E-24 3.50E-18 3.38E-17 8.86E-14 6.82E-21 8.15E-41 1.57E-79 1.02-101 4.51E-20 9.05E-31 1.33E-64 5.87E-08 4.58E-16 1.28E-12 5.97E-18 1.79E-10 7.19E-18
  6.58E+06 3.23E-23 2.77E-24 3.71E-18 3.36E-17 8.82E-14 1.01E-20 2.18E-40 6.24E-79 9.91-102 3.91E-20 1.81E-30 2.80E-64 3.77E-08 5.65E-16 1.52E-12 5.47E-18 1.53E-10 9.03E-18
  6.78E+06 5.44E-23 3.82E-24 3.84E-18 3.33E-17 8.78E-14 1.19E-20 4.01E-40 1.17E-78 9.61-102 3.30E-20 3.51E-30 3.95E-64 2.67E-08 5.89E-16 1.90E-12 4.95E-18 1.31E-10 9.40E-18
  6.98E+06 7.37E-23 5.48E-24 4.10E-18 3.29E-17 8.72E-14 1.14E-20 5.49E-40 1.21E-78 9.27-102 2.59E-20 6.34E-30 4.26E-64 2.07E-08 4.81E-16 2.64E-12 4.23E-18 1.12E-10 7.57E-18
  7.18E+06 8.10E-23 8.47E-24 4.69E-18 3.22E-17 8.64E-14 9.26E-21 5.89E-40 7.57E-79 8.88-102 1.85E-20 1.09E-29 3.84E-64 1.73E-08 2.96E-16 4.20E-12 3.32E-18 9.49E-11 4.54E-18
  7.38E+06 7.94E-23 1.41E-23 5.69E-18 3.10E-17 8.55E-14 6.72E-21 5.62E-40 3.65E-79 8.41-102 1.21E-20 1.86E-29 3.24E-64 1.39E-08 1.39E-16 7.50E-12 2.30E-18 8.03E-11 2.06E-18
  7.58E+06 1.96E-23 3.33E-23 9.72E-18 2.67E-17 8.43E-14 1.99E-21 8.76E-41 4.70E-81 7.87-102 7.95E-21 3.46E-29 6.26E-65 2.00E-08 3.05E-17 3.27E-11 1.04E-18 6.77E-11 3.18E-19
  7.78E+06 2.14E-25 9.55E-23 2.01E-17 1.60E-17 8.27E-14 8.74E-23 2.85E-43 2.64E-86 7.24-102 8.39E-21 5.31E-29 3.06E-67 7.38E-08 2.32E-18 4.17E-10 1.39E-19 5.68E-11 6.15E-21
  7.98E+06 5.11E-27 1.61E-22 2.45E-17 1.13E-17 8.08E-14 6.10E-24 2.53E-45 1.10E-90 6.53-102 1.16E-20 4.51E-29 2.41E-69 1.62E-07 1.72E-19 3.04E-09 5.33E-20 4.75E-11 1.75E-22
  8.18E+06 2.71E-28 2.34E-22 2.56E-17 9.74E-18 7.82E-14 7.37E-25 6.81E-47 6.19E-94 5.72-102 1.47E-20 2.71E-29 4.98E-71 2.58E-07 1.37E-20 1.44E-08 2.27E-20 3.93E-11 1.15E-23
  8.38E+06 2.59E-29 3.32E-22 2.59E-17 8.82E-18 7.49E-14 1.35E-25 4.65E-48 8.88E-96 4.82-102 1.58E-20 1.48E-29 2.54E-72 3.33E-07 1.23E-21 4.96E-08 9.50E-21 3.20E-11 1.14E-24
  8.58E+06 3.90E-30 4.75E-22 2.63E-17 7.75E-18 7.07E-14 3.47E-26 9.29E-49 9.17E-97 3.85-102 1.43E-20 8.50E-30 3.83E-73 3.65E-07 1.40E-22 1.35E-07 4.11E-21 2.56E-11 1.40E-25
  8.78E+06 8.27E-31 6.87E-22 2.67E-17 6.42E-18 6.53E-14 1.14E-26 5.11E-49 2.91E-97 2.87-102 1.10E-20 5.35E-30 1.61E-73 3.51E-07 2.04E-23 3.06E-07 1.83E-21 2.02E-11 1.96E-26
  8.98E+06 2.26E-31 1.00E-21 2.69E-17 4.99E-18 5.89E-14 4.45E-27 4.55E-49 1.53E-97 1.97-102 7.38E-21 3.69E-30 1.10E-73 3.02E-07 3.48E-24 6.11E-07 8.36E-22 1.56E-11 3.04E-27
  9.18E+06 7.45E-32 1.45E-21 2.68E-17 3.64E-18 5.14E-14 1.96E-27 4.77E-49 9.50E-98 1.22-102 4.39E-21 2.78E-30 8.90E-74 2.37E-07 6.39E-25 1.10E-06 3.89E-22 1.20E-11 5.09E-28
  9.38E+06 2.84E-32 2.10E-21 2.62E-17 2.50E-18 4.31E-14 9.43E-28 5.35E-49 6.24E-98 6.61-103 2.35E-21 2.28E-30 7.64E-74 1.71E-07 1.21E-25 1.85E-06 1.84E-22 9.21E-12 9.04E-29
  9.58E+06 1.22E-32 2.98E-21 2.51E-17 1.61E-18 3.45E-14 4.82E-28 6.18E-49 4.12E-98 3.08-103 1.15E-21 2.09E-30 6.67E-74 1.15E-07 2.33E-26 2.91E-06 8.75E-23 7.15E-12 1.69E-29
  9.78E+06 5.82E-33 4.14E-21 2.35E-17 9.83E-19 2.62E-14 2.59E-28 7.17E-49 2.61E-98 1.21-103 5.38E-22 2.22E-30 5.71E-74 7.26E-08 4.62E-27 4.35E-06 4.22E-23 5.76E-12 3.37E-30
  9.98E+06 3.16E-33 5.48E-21 2.14E-17 6.07E-19 1.87E-14 1.47E-28 8.05E-49 1.47E-98 4.05-104 2.89E-22 2.60E-30 4.53E-74 4.40E-08 1.25E-27 6.25E-06 2.09E-23 4.95E-12 8.58E-31

     Z        N2O5     CO2      SO4AER   S8AER   
  2.50E+04 2.26E-18 1.85E-04 1.95E-10 1.00E-38
  7.50E+04 2.97E-18 1.85E-04 2.07E-10 1.00E-38
  1.25E+05 4.27E-18 1.85E-04 2.30E-10 1.00E-38
  1.75E+05 6.62E-18 1.85E-04 2.64E-10 1.00E-38
  3.75E+05 5.89E-17 1.85E-04 4.87E-10 1.00E-38
  5.75E+05 4.60E-16 1.85E-04 7.80E-10 1.00E-38
  7.75E+05 9.49E-16 1.85E-04 1.11E-09 1.00E-38
  9.75E+05 1.43E-15 1.85E-04 1.49E-09 1.00E-38
  1.18E+06 3.07E-15 1.85E-04 2.39E-09 1.00E-38
  1.38E+06 2.49E-14 1.85E-04 5.24E-09 1.00E-38
  1.58E+06 2.46E-13 1.85E-04 8.44E-09 1.00E-38
  1.78E+06 1.18E-12 1.85E-04 8.43E-09 1.00E-38
  1.98E+06 3.03E-12 1.85E-04 6.04E-09 1.00E-38
  2.18E+06 4.86E-12 1.86E-04 3.89E-09 1.00E-38
  2.38E+06 5.58E-12 1.86E-04 2.56E-09 1.00E-38
  2.58E+06 4.86E-12 1.86E-04 1.77E-09 1.00E-38
  2.78E+06 3.31E-12 1.86E-04 1.27E-09 1.00E-38
  2.98E+06 1.77E-12 1.86E-04 9.45E-10 1.00E-38
  3.18E+06 7.30E-13 1.86E-04 7.27E-10 1.00E-38
  3.38E+06 2.24E-13 1.86E-04 5.54E-10 1.00E-38
  3.58E+06 4.79E-14 1.86E-04 4.10E-10 1.00E-38
  3.78E+06 6.61E-15 1.86E-04 2.98E-10 1.00E-38
  3.98E+06 6.40E-16 1.86E-04 2.12E-10 1.00E-38
  4.18E+06 5.58E-17 1.86E-04 1.49E-10 1.00E-38
  4.38E+06 5.10E-18 1.86E-04 1.02E-10 1.00E-38
  4.58E+06 5.08E-19 1.86E-04 6.88E-11 1.00E-38
  4.78E+06 5.63E-20 1.86E-04 4.53E-11 1.00E-38
  4.98E+06 6.96E-21 1.86E-04 2.89E-11 1.00E-38
  5.18E+06 9.72E-22 1.86E-04 1.77E-11 1.00E-38
  5.38E+06 1.56E-22 1.86E-04 1.02E-11 1.00E-38
  5.58E+06 2.94E-23 1.86E-04 5.37E-12 1.00E-38
  5.78E+06 6.61E-24 1.86E-04 2.53E-12 1.00E-38
  5.98E+06 1.91E-24 1.86E-04 1.02E-12 1.00E-38
  6.18E+06 8.41E-25 1.85E-04 3.38E-13 1.00E-38
  6.38E+06 5.63E-25 1.85E-04 8.64E-14 1.00E-38
  6.58E+06 4.22E-25 1.85E-04 1.56E-14 1.00E-38
  6.78E+06 2.79E-25 1.84E-04 1.78E-15 1.00E-38
  6.98E+06 1.48E-25 1.84E-04 1.08E-16 1.00E-38
  7.18E+06 5.95E-26 1.83E-04 2.63E-18 1.00E-38
  7.38E+06 1.74E-26 1.82E-04 1.62E-20 1.00E-38
  7.58E+06 1.74E-27 1.81E-04 8.45E-24 1.00E-38
  7.78E+06 1.87E-29 1.79E-04 1.24E-29 1.00E-38
  7.98E+06 5.57E-31 1.77E-04 3.54E-34 1.00E-38
  8.18E+06 5.51E-32 1.75E-04 1.00E-38 1.00E-38
  8.38E+06 6.13E-33 1.72E-04 1.00E-38 1.00E-38
  8.58E+06 7.45E-34 1.69E-04 1.00E-38 1.00E-38
  8.78E+06 9.94E-35 1.64E-04 1.00E-38 1.00E-38
  8.98E+06 1.44E-35 1.59E-04 1.00E-38 1.00E-38
  9.18E+06 2.23E-36 1.53E-04 1.00E-38 1.00E-38
  9.38E+06 3.63E-37 1.45E-04 1.00E-38 1.00E-38
  9.58E+06 6.15E-38 1.37E-04 1.00E-38 1.00E-38
  9.78E+06 1.08E-38 1.27E-04 1.00E-38 1.00E-38
  9.98E+06 2.24E-39 1.17E-04 1.00E-38 1.00E-38
 NW =                   750    WAVELENGTH GRID:   1176.5000000000000       -   10000.000000000000       Angstroms


 PHOTOLYSIS RATES

     Z      PO2_O1D    PO2_O3P    PH2O_1     PH2O_2     PH2O_3     PO3_O1D    PO3_O      PO3_3O     
 2.50E+04   0.00E+00   3.02E-20   1.47E-20   0.00E+00   0.00E+00   7.19E-06   2.03E-04   2.33E-20
 1.75E+05   0.00E+00   4.33E-19   3.56E-19   0.00E+00   0.00E+00   8.34E-06   2.10E-04   1.15E-17
 3.25E+05   0.00E+00   4.69E-18   5.79E-18   0.00E+00   0.00E+00   9.33E-06   2.15E-04   9.69E-16
 4.75E+05   0.00E+00   3.63E-17   6.01E-17   0.00E+00   0.00E+00   1.02E-05   2.21E-04   2.13E-14
 6.25E+05   0.00E+00   2.08E-16   4.17E-16   0.00E+00   0.00E+00   1.09E-05   2.26E-04   2.05E-13
 7.75E+05   0.00E+00   9.29E-16   2.11E-15   0.00E+00   0.00E+00   1.16E-05   2.31E-04   1.22E-12
 9.25E+05   0.00E+00   3.40E-15   8.49E-15   0.00E+00   0.00E+00   1.22E-05   2.35E-04   5.45E-12
 1.08E+06   0.00E+00   1.05E-14   2.82E-14   0.00E+00   0.00E+00   1.29E-05   2.39E-04   1.97E-11
 1.22E+06   0.00E+00   2.70E-14   7.80E-14   0.00E+00   0.00E+00   1.38E-05   2.43E-04   5.80E-11
 1.38E+06   0.00E+00   6.13E-14   1.89E-13   0.00E+00   0.00E+00   1.47E-05   2.47E-04   1.47E-10
 1.52E+06   0.00E+00   1.32E-13   4.34E-13   0.00E+00   0.00E+00   1.59E-05   2.51E-04   3.47E-10
 1.68E+06   0.00E+00   2.81E-13   9.81E-13   0.00E+00   0.00E+00   1.78E-05   2.55E-04   7.88E-10
 1.82E+06   0.00E+00   5.93E-13   2.20E-12   0.00E+00   0.00E+00   2.05E-05   2.59E-04   1.74E-09
 1.98E+06   0.00E+00   1.23E-12   4.84E-12   0.00E+00   0.00E+00   2.46E-05   2.63E-04   3.68E-09
 2.12E+06   0.00E+00   2.47E-12   1.02E-11   0.00E+00   0.00E+00   3.04E-05   2.66E-04   7.38E-09
 2.28E+06   1.35-167   4.71E-12   2.03E-11   6.13-165   9.19-165   3.84E-05   2.70E-04   1.39E-08
 2.42E+06   1.44-136   8.54E-12   3.84E-11   6.50-134   9.75-134   4.96E-05   2.74E-04   2.43E-08
 2.58E+06   8.38-112   1.48E-11   6.91E-11   3.80-109   5.69-109   6.51E-05   2.77E-04   4.00E-08
 2.72E+06   4.78E-92   2.43E-11   1.20E-10   2.16E-89   3.24E-89   8.68E-05   2.82E-04   6.19E-08
 2.88E+06   2.61E-76   3.83E-11   2.01E-10   1.18E-73   1.77E-73   1.17E-04   2.87E-04   9.05E-08
 3.02E+06   8.50E-64   5.78E-11   3.26E-10   3.85E-61   5.78E-61   1.60E-04   2.93E-04   1.26E-07
 3.18E+06   7.19E-54   8.36E-11   5.08E-10   3.26E-51   4.88E-51   2.19E-04   3.01E-04   1.66E-07
 3.32E+06   5.23E-46   1.16E-10   7.54E-10   2.37E-43   3.55E-43   3.03E-04   3.11E-04   2.10E-07
 3.48E+06   8.71E-40   1.56E-10   1.06E-09   3.94E-37   5.92E-37   4.27E-04   3.26E-04   2.56E-07
 3.62E+06   7.31E-35   2.00E-10   1.43E-09   3.31E-32   4.97E-32   6.23E-04   3.48E-04   3.01E-07
 3.78E+06   5.90E-31   2.48E-10   1.83E-09   2.67E-28   4.01E-28   9.27E-04   3.82E-04   3.44E-07
 3.92E+06   7.87E-28   2.94E-10   2.26E-09   3.56E-25   5.35E-25   1.33E-03   4.28E-04   3.83E-07
 4.08E+06   2.71E-25   3.36E-10   2.72E-09   1.23E-22   1.84E-22   1.79E-03   4.79E-04   4.19E-07
 4.22E+06   3.38E-23   3.75E-10   3.23E-09   1.53E-20   2.30E-20   2.23E-03   5.28E-04   4.53E-07
 4.38E+06   1.89E-21   4.13E-10   3.83E-09   8.56E-19   1.28E-18   2.61E-03   5.72E-04   4.84E-07
 4.52E+06   5.41E-20   4.50E-10   4.58E-09   2.45E-17   3.67E-17   2.93E-03   6.07E-04   5.14E-07
 4.68E+06   8.72E-19   4.89E-10   5.54E-09   3.95E-16   5.93E-16   3.17E-03   6.34E-04   5.42E-07
 4.82E+06   8.64E-18   5.30E-10   6.76E-09   3.91E-15   5.87E-15   3.36E-03   6.55E-04   5.70E-07
 4.98E+06   5.68E-17   5.74E-10   8.26E-09   2.57E-14   3.86E-14   3.49E-03   6.70E-04   5.96E-07
 5.12E+06   2.65E-16   6.23E-10   1.00E-08   1.20E-13   1.80E-13   3.59E-03   6.81E-04   6.22E-07
 5.28E+06   9.47E-16   6.76E-10   1.21E-08   4.24E-13   6.36E-13   3.65E-03   6.88E-04   6.47E-07
 5.42E+06   3.15E-15   7.36E-10   1.43E-08   1.28E-12   1.92E-12   3.70E-03   6.93E-04   6.70E-07
 5.58E+06   1.54E-14   8.05E-10   1.69E-08   4.57E-12   6.86E-12   3.73E-03   6.97E-04   6.93E-07
 5.72E+06   1.04E-13   8.85E-10   1.98E-08   2.37E-11   3.56E-11   3.75E-03   6.99E-04   7.16E-07
 5.88E+06   6.11E-13   9.81E-10   2.38E-08   1.27E-10   1.90E-10   3.76E-03   7.01E-04   7.38E-07
 6.02E+06   2.72E-12   1.10E-09   3.07E-08   5.46E-10   8.19E-10   3.77E-03   7.02E-04   7.65E-07
 6.18E+06   9.32E-12   1.25E-09   4.51E-08   1.84E-09   2.75E-09   3.78E-03   7.03E-04   8.03E-07
 6.32E+06   2.55E-11   1.45E-09   7.43E-08   4.95E-09   7.43E-09   3.78E-03   7.03E-04   8.67E-07
 6.48E+06   5.81E-11   1.74E-09   1.28E-07   1.11E-08   1.67E-08   3.78E-03   7.04E-04   9.73E-07
 6.62E+06   1.13E-10   2.14E-09   2.14E-07   2.14E-08   3.21E-08   3.79E-03   7.04E-04   1.14E-06
 6.78E+06   1.95E-10   2.69E-09   3.38E-07   3.63E-08   5.45E-08   3.79E-03   7.04E-04   1.36E-06
 6.92E+06   3.01E-10   3.43E-09   4.96E-07   5.55E-08   8.33E-08   3.79E-03   7.04E-04   1.65E-06
 7.08E+06   4.26E-10   4.39E-09   6.81E-07   7.80E-08   1.17E-07   3.79E-03   7.04E-04   1.98E-06
 7.22E+06   5.64E-10   5.60E-09   8.83E-07   1.02E-07   1.53E-07   3.79E-03   7.04E-04   2.34E-06
 7.38E+06   7.11E-10   7.09E-09   1.09E-06   1.26E-07   1.90E-07   3.79E-03   7.05E-04   2.69E-06
 7.52E+06   8.77E-10   8.87E-09   1.29E-06   1.50E-07   2.25E-07   3.79E-03   7.05E-04   3.04E-06
 7.68E+06   1.09E-09   1.10E-08   1.49E-06   1.72E-07   2.58E-07   3.79E-03   7.05E-04   3.37E-06
 7.82E+06   1.40E-09   1.36E-08   1.68E-06   1.93E-07   2.90E-07   3.79E-03   7.05E-04   3.70E-06
 7.98E+06   1.85E-09   1.68E-08   1.88E-06   2.14E-07   3.21E-07   3.79E-03   7.05E-04   4.03E-06
 8.12E+06   2.52E-09   2.08E-08   2.08E-06   2.35E-07   3.53E-07   3.79E-03   7.05E-04   4.36E-06
 8.28E+06   3.57E-09   2.56E-08   2.29E-06   2.56E-07   3.83E-07   3.79E-03   7.05E-04   4.70E-06
 8.42E+06   5.46E-09   3.12E-08   2.51E-06   2.77E-07   4.14E-07   3.79E-03   7.05E-04   5.04E-06
 8.58E+06   9.09E-09   3.74E-08   2.73E-06   2.97E-07   4.43E-07   3.79E-03   7.05E-04   5.37E-06
 8.72E+06   1.60E-08   4.41E-08   2.96E-06   3.17E-07   4.70E-07   3.79E-03   7.05E-04   5.69E-06
 8.88E+06   2.82E-08   5.07E-08   3.20E-06   3.35E-07   4.94E-07   3.79E-03   7.05E-04   5.99E-06
 9.02E+06   4.86E-08   5.72E-08   3.45E-06   3.51E-07   5.16E-07   3.79E-03   7.05E-04   6.27E-06
 9.18E+06   8.06E-08   6.34E-08   3.72E-06   3.66E-07   5.35E-07   3.79E-03   7.05E-04   6.52E-06
 9.32E+06   1.29E-07   6.94E-08   4.01E-06   3.79E-07   5.51E-07   3.79E-03   7.05E-04   6.75E-06
 9.48E+06   2.03E-07   7.55E-08   4.32E-06   3.90E-07   5.64E-07   3.79E-03   7.05E-04   6.95E-06
 9.62E+06   3.24E-07   8.25E-08   4.65E-06   4.01E-07   5.75E-07   3.79E-03   7.05E-04   7.15E-06
 9.78E+06   5.62E-07   9.43E-08   5.00E-06   4.11E-07   5.83E-07   3.79E-03   7.05E-04   7.34E-06
 9.92E+06   1.13E-06   1.26E-07   5.41E-06   4.23E-07   5.92E-07   3.80E-03   7.05E-04   7.60E-06

     Z      PH2O2      PCO2_1     PCO2_2     PH2CO_1    PH2CO_2    PHO2       PCH4_1     PCH4_2     
 2.50E+04   1.97E-06   1.50E-25   0.00E+00   1.66E-05   9.71E-06   2.23E-14   0.00E+00   0.00E+00
 1.75E+05   2.22E-06   1.32E-22   0.00E+00   1.90E-05   1.13E-05   3.12E-13   0.00E+00   0.00E+00
 3.25E+05   2.43E-06   1.51E-20   0.00E+00   2.12E-05   1.28E-05   3.33E-12   0.00E+00   0.00E+00
 4.75E+05   2.60E-06   3.75E-19   0.00E+00   2.32E-05   1.41E-05   2.54E-11   0.00E+00   0.00E+00
 6.25E+05   2.73E-06   3.80E-18   0.00E+00   2.49E-05   1.53E-05   1.44E-10   0.00E+00   0.00E+00
 7.75E+05   2.83E-06   2.30E-17   0.00E+00   2.66E-05   1.64E-05   6.39E-10   0.00E+00   0.00E+00
 9.25E+05   2.92E-06   1.03E-16   0.00E+00   2.81E-05   1.75E-05   2.32E-09   0.00E+00   0.00E+00
 1.08E+06   3.03E-06   3.73E-16   0.00E+00   2.94E-05   1.84E-05   7.08E-09   0.00E+00   0.00E+00
 1.22E+06   3.16E-06   1.10E-15   0.00E+00   3.05E-05   1.92E-05   1.80E-08   0.00E+00   0.00E+00
 1.38E+06   3.28E-06   2.83E-15   0.00E+00   3.16E-05   2.00E-05   4.04E-08   0.00E+00   0.00E+00
 1.52E+06   3.42E-06   6.86E-15   0.00E+00   3.26E-05   2.09E-05   8.57E-08   0.00E+00   0.00E+00
 1.68E+06   3.58E-06   1.63E-14   0.00E+00   3.36E-05   2.18E-05   1.79E-07   0.00E+00   0.00E+00
 1.82E+06   3.77E-06   3.85E-14   0.00E+00   3.45E-05   2.28E-05   3.73E-07   0.00E+00   0.00E+00
 1.98E+06   4.00E-06   8.81E-14   0.00E+00   3.54E-05   2.39E-05   7.64E-07   0.00E+00   0.00E+00
 2.12E+06   4.30E-06   1.92E-13   0.00E+00   3.62E-05   2.52E-05   1.51E-06   0.00E+00   0.00E+00
 2.28E+06   4.69E-06   3.93E-13   2.72-166   3.70E-05   2.65E-05   2.85E-06   2.21-164   4.29-164
 2.42E+06   5.21E-06   7.51E-13   2.89-135   3.77E-05   2.80E-05   5.11E-06   2.34-133   4.55-133
 2.58E+06   5.90E-06   1.35E-12   1.68-110   3.85E-05   2.95E-05   8.71E-06   1.37-108   2.66-108
 2.72E+06   6.82E-06   2.28E-12   9.60E-91   3.92E-05   3.13E-05   1.42E-05   7.80E-89   1.51E-88
 2.88E+06   8.02E-06   3.66E-12   5.25E-75   4.00E-05   3.31E-05   2.21E-05   4.26E-73   8.28E-73
 3.02E+06   9.58E-06   5.61E-12   1.71E-62   4.08E-05   3.50E-05   3.32E-05   1.39E-60   2.70E-60
 3.18E+06   1.15E-05   8.18E-12   1.45E-52   4.16E-05   3.70E-05   4.81E-05   1.17E-50   2.28E-50
 3.32E+06   1.39E-05   1.14E-11   1.05E-44   4.24E-05   3.90E-05   6.74E-05   8.54E-43   1.66E-42
 3.48E+06   1.69E-05   1.51E-11   1.75E-38   4.32E-05   4.09E-05   9.14E-05   1.42E-36   2.76E-36
 3.62E+06   2.04E-05   1.93E-11   1.47E-33   4.40E-05   4.27E-05   1.20E-04   1.19E-31   2.32E-31
 3.78E+06   2.46E-05   2.37E-11   1.19E-29   4.47E-05   4.43E-05   1.51E-04   9.64E-28   1.87E-27
 3.92E+06   2.92E-05   2.82E-11   1.58E-26   4.53E-05   4.56E-05   1.81E-04   1.28E-24   2.49E-24
 4.08E+06   3.36E-05   3.27E-11   5.46E-24   4.59E-05   4.66E-05   2.08E-04   4.43E-22   8.60E-22
 4.22E+06   3.77E-05   3.73E-11   6.80E-22   4.63E-05   4.74E-05   2.31E-04   5.52E-20   1.07E-19
 4.38E+06   4.10E-05   4.22E-11   3.80E-20   4.67E-05   4.80E-05   2.49E-04   3.09E-18   5.99E-18
 4.52E+06   4.37E-05   4.74E-11   1.09E-18   4.70E-05   4.84E-05   2.63E-04   8.83E-17   1.71E-16
 4.68E+06   4.58E-05   5.32E-11   1.75E-17   4.72E-05   4.87E-05   2.74E-04   1.42E-15   2.76E-15
 4.82E+06   4.74E-05   5.96E-11   1.74E-16   4.73E-05   4.90E-05   2.82E-04   1.41E-14   2.74E-14
 4.98E+06   4.86E-05   6.67E-11   1.14E-15   4.74E-05   4.91E-05   2.88E-04   9.27E-14   1.80E-13
 5.12E+06   4.94E-05   7.45E-11   5.32E-15   4.75E-05   4.92E-05   2.92E-04   4.32E-13   8.39E-13
 5.28E+06   5.00E-05   8.28E-11   1.89E-14   4.76E-05   4.93E-05   2.96E-04   1.53E-12   2.96E-12
 5.42E+06   5.04E-05   9.17E-11   5.78E-14   4.76E-05   4.94E-05   2.98E-04   4.73E-12   8.73E-12
 5.58E+06   5.07E-05   1.01E-10   2.18E-13   4.76E-05   4.94E-05   3.00E-04   1.82E-11   2.80E-11
 5.72E+06   5.09E-05   1.11E-10   1.20E-12   4.76E-05   4.94E-05   3.01E-04   1.02E-10   1.27E-10
 5.88E+06   5.11E-05   1.22E-10   6.54E-12   4.76E-05   4.95E-05   3.02E-04   5.62E-10   6.40E-10
 6.02E+06   5.12E-05   1.34E-10   2.83E-11   4.77E-05   4.95E-05   3.03E-04   2.44E-09   2.70E-09
 6.18E+06   5.13E-05   1.47E-10   9.53E-11   4.77E-05   4.95E-05   3.03E-04   8.20E-09   8.98E-09
 6.32E+06   5.14E-05   1.62E-10   2.57E-10   4.77E-05   4.95E-05   3.04E-04   2.21E-08   2.41E-08
 6.48E+06   5.15E-05   1.80E-10   5.76E-10   4.77E-05   4.95E-05   3.04E-04   4.95E-08   5.39E-08
 6.62E+06   5.16E-05   2.01E-10   1.11E-09   4.77E-05   4.96E-05   3.05E-04   9.53E-08   1.03E-07
 6.78E+06   5.18E-05   2.25E-10   1.88E-09   4.78E-05   4.96E-05   3.05E-04   1.61E-07   1.75E-07
 6.92E+06   5.19E-05   2.54E-10   2.88E-09   4.79E-05   4.97E-05   3.05E-04   2.47E-07   2.67E-07
 7.08E+06   5.21E-05   2.88E-10   4.04E-09   4.80E-05   4.98E-05   3.06E-04   3.46E-07   3.74E-07
 7.22E+06   5.23E-05   3.27E-10   5.29E-09   4.80E-05   4.99E-05   3.06E-04   4.53E-07   4.90E-07
 7.38E+06   5.26E-05   3.70E-10   6.56E-09   4.81E-05   5.00E-05   3.06E-04   5.60E-07   6.06E-07
 7.52E+06   5.28E-05   4.18E-10   7.78E-09   4.82E-05   5.00E-05   3.07E-04   6.64E-07   7.18E-07
 7.68E+06   5.31E-05   4.70E-10   8.95E-09   4.83E-05   5.01E-05   3.07E-04   7.64E-07   8.26E-07
 7.82E+06   5.33E-05   5.26E-10   1.01E-08   4.84E-05   5.02E-05   3.07E-04   8.61E-07   9.31E-07
 7.98E+06   5.35E-05   5.89E-10   1.13E-08   4.85E-05   5.03E-05   3.07E-04   9.59E-07   1.04E-06
 8.12E+06   5.37E-05   6.61E-10   1.25E-08   4.85E-05   5.04E-05   3.08E-04   1.06E-06   1.15E-06
 8.28E+06   5.40E-05   7.44E-10   1.39E-08   4.86E-05   5.05E-05   3.08E-04   1.16E-06   1.26E-06
 8.42E+06   5.42E-05   8.42E-10   1.54E-08   4.88E-05   5.06E-05   3.08E-04   1.27E-06   1.37E-06
 8.58E+06   5.45E-05   9.64E-10   1.71E-08   4.89E-05   5.08E-05   3.08E-04   1.37E-06   1.48E-06
 8.72E+06   5.47E-05   1.13E-09   1.89E-08   4.91E-05   5.10E-05   3.08E-04   1.48E-06   1.59E-06
 8.88E+06   5.50E-05   1.36E-09   2.07E-08   4.94E-05   5.12E-05   3.09E-04   1.57E-06   1.69E-06
 9.02E+06   5.52E-05   1.69E-09   2.26E-08   4.96E-05   5.15E-05   3.09E-04   1.66E-06   1.79E-06
 9.18E+06   5.55E-05   2.12E-09   2.46E-08   4.99E-05   5.18E-05   3.09E-04   1.75E-06   1.87E-06
 9.32E+06   5.57E-05   2.65E-09   2.70E-08   5.02E-05   5.20E-05   3.09E-04   1.82E-06   1.94E-06
 9.48E+06   5.60E-05   3.23E-09   3.02E-08   5.05E-05   5.23E-05   3.09E-04   1.89E-06   2.01E-06
 9.62E+06   5.63E-05   3.82E-09   3.50E-08   5.07E-05   5.25E-05   3.09E-04   1.94E-06   2.06E-06
 9.78E+06   5.66E-05   4.38E-09   4.42E-08   5.10E-05   5.28E-05   3.09E-04   2.00E-06   2.11E-06
 9.92E+06   5.71E-05   4.88E-09   6.52E-08   5.14E-05   5.32E-05   3.09E-04   2.06E-06   2.17E-06

     Z      PCH4_3     PC2H6_1    PC2H6_2    PHNO2_1    PHNO3      PHNO3_3    PHNO3_1    PNO        
 2.50E+04   0.00E+00   0.00E+00   0.00E+00   5.38E-04   1.52E-07   4.50E-21   3.23E-21   0.00E+00
 1.75E+05   0.00E+00   0.00E+00   0.00E+00   5.97E-04   1.71E-07   9.06E-18   6.51E-18   0.00E+00
 3.25E+05   0.00E+00   0.00E+00   0.00E+00   6.51E-04   1.84E-07   1.27E-15   9.14E-16   4.50-142
 4.75E+05   0.00E+00   0.00E+00   0.00E+00   6.99E-04   1.93E-07   3.51E-14   2.52E-14   1.01E-74
 6.25E+05   0.00E+00   0.00E+00   0.00E+00   7.42E-04   1.98E-07   3.74E-13   2.68E-13   1.35E-53
 7.75E+05   0.00E+00   0.00E+00   0.00E+00   7.82E-04   1.98E-07   2.32E-12   1.66E-12   5.59E-43
 9.25E+05   0.00E+00   0.00E+00   0.00E+00   8.17E-04   1.96E-07   1.05E-11   7.53E-12   5.83E-36
 1.08E+06   0.00E+00   0.00E+00   0.00E+00   8.48E-04   2.00E-07   3.84E-11   2.76E-11   1.47E-30
 1.22E+06   0.00E+00   0.00E+00   0.00E+00   8.76E-04   2.15E-07   1.17E-10   8.39E-11   2.92E-26
 1.38E+06   0.00E+00   0.00E+00   0.00E+00   9.00E-04   2.38E-07   3.13E-10   2.25E-10   7.95E-23
 1.52E+06   0.00E+00   0.00E+00   0.00E+00   9.23E-04   2.78E-07   8.01E-10   5.75E-10   4.74E-20
 1.68E+06   0.00E+00   0.00E+00   0.00E+00   9.43E-04   3.49E-07   2.03E-09   1.46E-09   8.90E-18
 1.82E+06   0.00E+00   0.00E+00   0.00E+00   9.59E-04   4.80E-07   5.12E-09   3.68E-09   6.87E-16
 1.98E+06   0.00E+00   0.00E+00   0.00E+00   9.73E-04   7.22E-07   1.25E-08   8.99E-09   2.61E-14
 2.12E+06   0.00E+00   0.00E+00   0.00E+00   9.84E-04   1.14E-06   2.89E-08   2.07E-08   5.53E-13
 2.28E+06   6.62-164   0.00E+00   4.36-165   9.93E-04   1.84E-06   6.20E-08   4.45E-08   7.12E-12
 2.42E+06   7.02-133   0.00E+00   4.63-134   1.00E-03   2.90E-06   1.23E-07   8.85E-08   5.99E-11
 2.58E+06   4.10-108   0.00E+00   2.70-109   1.01E-03   4.43E-06   2.28E-07   1.64E-07   3.51E-10
 2.72E+06   2.34E-88   0.00E+00   1.54E-89   1.01E-03   6.50E-06   3.92E-07   2.82E-07   1.51E-09
 2.88E+06   1.28E-72   0.00E+00   8.42E-74   1.02E-03   9.14E-06   6.34E-07   4.55E-07   5.04E-09
 3.02E+06   4.16E-60   0.00E+00   2.74E-61   1.03E-03   1.23E-05   9.64E-07   6.92E-07   1.36E-08
 3.18E+06   3.52E-50   0.00E+00   2.32E-51   1.04E-03   1.59E-05   1.38E-06   9.93E-07   3.05E-08
 3.32E+06   2.56E-42   0.00E+00   1.69E-43   1.05E-03   1.99E-05   1.88E-06   1.35E-06   5.94E-08
 3.48E+06   4.26E-36   0.00E+00   2.81E-37   1.06E-03   2.40E-05   2.44E-06   1.75E-06   1.02E-07
 3.62E+06   3.58E-31   0.00E+00   2.36E-32   1.07E-03   2.82E-05   3.03E-06   2.18E-06   1.60E-07
 3.78E+06   2.89E-27   0.00E+00   1.90E-28   1.09E-03   3.21E-05   3.63E-06   2.60E-06   2.31E-07
 3.92E+06   3.85E-24   0.00E+00   2.54E-25   1.10E-03   3.58E-05   4.20E-06   3.01E-06   3.14E-07
 4.08E+06   1.33E-21   0.00E+00   8.75E-23   1.12E-03   3.90E-05   4.74E-06   3.41E-06   4.06E-07
 4.22E+06   1.65E-19   0.00E+00   1.09E-20   1.13E-03   4.16E-05   5.27E-06   3.78E-06   5.05E-07
 4.38E+06   9.25E-18   0.00E+00   6.09E-19   1.14E-03   4.37E-05   5.77E-06   4.14E-06   6.11E-07
 4.52E+06   2.64E-16   0.00E+00   1.74E-17   1.14E-03   4.54E-05   6.26E-06   4.49E-06   7.24E-07
 4.68E+06   4.27E-15   0.00E+00   2.81E-16   1.15E-03   4.68E-05   6.74E-06   4.84E-06   8.42E-07
 4.82E+06   4.23E-14   0.00E+00   2.78E-15   1.16E-03   4.78E-05   7.21E-06   5.18E-06   9.64E-07
 4.98E+06   2.78E-13   0.00E+00   1.83E-14   1.16E-03   4.87E-05   7.68E-06   5.51E-06   1.09E-06
 5.12E+06   1.29E-12   0.00E+00   8.54E-14   1.16E-03   4.94E-05   8.13E-06   5.84E-06   1.22E-06
 5.28E+06   4.54E-12   0.00E+00   3.06E-13   1.16E-03   4.99E-05   8.56E-06   6.15E-06   1.34E-06
 5.42E+06   1.27E-11   0.00E+00   1.05E-12   1.16E-03   5.04E-05   8.98E-06   6.45E-06   1.47E-06
 5.58E+06   3.03E-11   0.00E+00   5.48E-12   1.16E-03   5.08E-05   9.39E-06   6.74E-06   1.60E-06
 5.72E+06   7.14E-11   0.00E+00   3.84E-11   1.17E-03   5.10E-05   9.77E-06   7.02E-06   1.73E-06
 5.88E+06   1.94E-10   0.00E+00   2.25E-10   1.17E-03   5.13E-05   1.01E-05   7.28E-06   1.85E-06
 6.02E+06   5.86E-10   0.00E+00   9.88E-10   1.17E-03   5.15E-05   1.05E-05   7.54E-06   1.98E-06
 6.18E+06   1.69E-09   0.00E+00   3.30E-09   1.17E-03   5.17E-05   1.09E-05   7.79E-06   2.12E-06
 6.32E+06   4.28E-09   0.00E+00   8.82E-09   1.17E-03   5.18E-05   1.12E-05   8.04E-06   2.25E-06
 6.48E+06   9.28E-09   0.00E+00   1.95E-08   1.17E-03   5.20E-05   1.16E-05   8.31E-06   2.40E-06
 6.62E+06   1.75E-08   0.00E+00   3.71E-08   1.17E-03   5.22E-05   1.20E-05   8.58E-06   2.57E-06
 6.78E+06   2.94E-08   0.00E+00   6.21E-08   1.17E-03   5.24E-05   1.24E-05   8.89E-06   2.75E-06
 6.92E+06   4.45E-08   0.00E+00   9.38E-08   1.17E-03   5.26E-05   1.28E-05   9.21E-06   2.95E-06
 7.08E+06   6.21E-08   0.00E+00   1.30E-07   1.17E-03   5.29E-05   1.33E-05   9.56E-06   3.17E-06
 7.22E+06   8.11E-08   0.00E+00   1.69E-07   1.17E-03   5.31E-05   1.38E-05   9.93E-06   3.40E-06
 7.38E+06   1.00E-07   0.00E+00   2.09E-07   1.17E-03   5.36E-05   1.44E-05   1.03E-05   3.64E-06
 7.52E+06   1.19E-07   0.00E+00   2.46E-07   1.17E-03   5.40E-05   1.49E-05   1.07E-05   3.88E-06
 7.68E+06   1.37E-07   0.00E+00   2.83E-07   1.17E-03   5.45E-05   1.54E-05   1.11E-05   4.13E-06
 7.82E+06   1.54E-07   0.00E+00   3.21E-07   1.17E-03   5.49E-05   1.59E-05   1.14E-05   4.37E-06
 7.98E+06   1.73E-07   0.00E+00   3.60E-07   1.17E-03   5.53E-05   1.64E-05   1.18E-05   4.60E-06
 8.12E+06   1.92E-07   0.00E+00   4.03E-07   1.17E-03   5.57E-05   1.69E-05   1.21E-05   4.84E-06
 8.28E+06   2.11E-07   0.00E+00   4.48E-07   1.17E-03   5.61E-05   1.73E-05   1.24E-05   5.07E-06
 8.42E+06   2.31E-07   0.00E+00   4.95E-07   1.17E-03   5.65E-05   1.78E-05   1.28E-05   5.30E-06
 8.58E+06   2.51E-07   0.00E+00   5.42E-07   1.17E-03   5.69E-05   1.82E-05   1.31E-05   5.53E-06
 8.72E+06   2.71E-07   0.00E+00   5.88E-07   1.17E-03   5.73E-05   1.86E-05   1.34E-05   5.75E-06
 8.88E+06   2.89E-07   0.00E+00   6.32E-07   1.17E-03   5.76E-05   1.91E-05   1.37E-05   5.98E-06
 9.02E+06   3.06E-07   0.00E+00   6.72E-07   1.17E-03   5.79E-05   1.95E-05   1.40E-05   6.22E-06
 9.18E+06   3.21E-07   0.00E+00   7.08E-07   1.17E-03   5.83E-05   1.98E-05   1.42E-05   6.45E-06
 9.32E+06   3.33E-07   0.00E+00   7.38E-07   1.17E-03   5.86E-05   2.02E-05   1.45E-05   6.70E-06
 9.48E+06   3.44E-07   0.00E+00   7.65E-07   1.17E-03   5.89E-05   2.06E-05   1.48E-05   6.96E-06
 9.62E+06   3.53E-07   0.00E+00   7.87E-07   1.17E-03   5.92E-05   2.10E-05   1.51E-05   7.22E-06
 9.78E+06   3.62E-07   0.00E+00   8.07E-07   1.17E-03   5.96E-05   2.14E-05   1.54E-05   7.52E-06
 9.92E+06   3.73E-07   0.00E+00   8.31E-07   1.17E-03   6.00E-05   2.19E-05   1.57E-05   7.90E-06

     Z      PNO2_O1D   PNO2       PCH3_1     PSO        PH2S       PSO2       PSO2_SO21  PSO2_SO23  
 2.50E+04   1.03E-15   3.56E-03   1.23E-14   3.77E-14   4.12E-14   2.17E-14   3.62E-05   4.25E-07
 1.75E+05   1.41E-14   3.91E-03   1.73E-13   5.60E-13   2.67E-13   3.32E-13   4.30E-05   4.69E-07
 3.25E+05   1.47E-13   4.22E-03   1.81E-12   6.26E-12   2.79E-12   3.80E-12   4.91E-05   5.08E-07
 4.75E+05   1.10E-12   4.49E-03   1.33E-11   4.95E-11   2.24E-11   3.04E-11   5.47E-05   5.44E-07
 6.25E+05   6.15E-12   4.75E-03   7.34E-11   2.87E-10   1.32E-10   1.78E-10   5.99E-05   5.75E-07
 7.75E+05   2.70E-11   4.97E-03   3.18E-10   1.29E-09   6.01E-10   8.05E-10   6.48E-05   6.04E-07
 9.25E+05   9.75E-11   5.18E-03   1.14E-09   4.76E-09   2.23E-09   2.97E-09   6.95E-05   6.30E-07
 1.08E+06   2.95E-10   5.36E-03   3.40E-09   1.47E-08   6.91E-09   9.17E-09   7.38E-05   6.53E-07
 1.22E+06   7.48E-10   5.52E-03   8.50E-09   3.77E-08   1.78E-08   2.36E-08   7.78E-05   6.73E-07
 1.38E+06   1.67E-09   5.66E-03   1.88E-08   8.50E-08   4.04E-08   5.31E-08   8.19E-05   6.90E-07
 1.52E+06   3.53E-09   5.79E-03   3.93E-08   1.81E-07   8.61E-08   1.13E-07   8.68E-05   7.07E-07
 1.68E+06   7.39E-09   5.91E-03   8.15E-08   3.79E-07   1.80E-07   2.35E-07   9.32E-05   7.21E-07
 1.82E+06   1.54E-08   6.01E-03   1.69E-07   7.85E-07   3.71E-07   4.85E-07   1.02E-04   7.33E-07
 1.98E+06   3.18E-08   6.09E-03   3.47E-07   1.59E-06   7.48E-07   9.77E-07   1.13E-04   7.42E-07
 2.12E+06   6.34E-08   6.16E-03   6.92E-07   3.10E-06   1.45E-06   1.89E-06   1.27E-04   7.49E-07
 2.28E+06   1.21E-07   6.21E-03   1.33E-06   5.73E-06   2.65E-06   3.47E-06   1.44E-04   7.54E-07
 2.42E+06   2.20E-07   6.25E-03   2.45E-06   1.00E-05   4.59E-06   6.02E-06   1.65E-04   7.58E-07
 2.58E+06   3.81E-07   6.29E-03   4.33E-06   1.65E-05   7.53E-06   9.88E-06   1.91E-04   7.61E-07
 2.72E+06   6.32E-07   6.32E-03   7.34E-06   2.58E-05   1.17E-05   1.54E-05   2.23E-04   7.63E-07
 2.88E+06   1.01E-06   6.35E-03   1.19E-05   3.82E-05   1.73E-05   2.27E-05   2.61E-04   7.65E-07
 3.02E+06   1.55E-06   6.38E-03   1.82E-05   5.39E-05   2.45E-05   3.19E-05   3.07E-04   7.67E-07
 3.18E+06   2.29E-06   6.40E-03   2.61E-05   7.24E-05   3.32E-05   4.29E-05   3.60E-04   7.68E-07
 3.32E+06   3.29E-06   6.42E-03   3.54E-05   9.30E-05   4.33E-05   5.53E-05   4.19E-04   7.69E-07
 3.48E+06   4.55E-06   6.44E-03   4.50E-05   1.15E-04   5.45E-05   6.83E-05   4.85E-04   7.69E-07
 3.62E+06   6.03E-06   6.45E-03   5.42E-05   1.35E-04   6.60E-05   8.09E-05   5.53E-04   7.70E-07
 3.78E+06   7.61E-06   6.47E-03   6.20E-05   1.54E-04   7.71E-05   9.23E-05   6.21E-04   7.70E-07
 3.92E+06   9.10E-06   6.48E-03   6.82E-05   1.69E-04   8.68E-05   1.02E-04   6.84E-04   7.71E-07
 4.08E+06   1.04E-05   6.49E-03   7.28E-05   1.81E-04   9.49E-05   1.09E-04   7.37E-04   7.71E-07
 4.22E+06   1.14E-05   6.50E-03   7.62E-05   1.91E-04   1.01E-04   1.15E-04   7.81E-04   7.71E-07
 4.38E+06   1.22E-05   6.50E-03   7.87E-05   1.98E-04   1.06E-04   1.19E-04   8.15E-04   7.71E-07
 4.52E+06   1.29E-05   6.50E-03   8.06E-05   2.03E-04   1.10E-04   1.23E-04   8.41E-04   7.72E-07
 4.68E+06   1.34E-05   6.51E-03   8.20E-05   2.08E-04   1.14E-04   1.25E-04   8.60E-04   7.72E-07
 4.82E+06   1.37E-05   6.51E-03   8.30E-05   2.11E-04   1.16E-04   1.28E-04   8.74E-04   7.72E-07
 4.98E+06   1.40E-05   6.51E-03   8.38E-05   2.14E-04   1.18E-04   1.29E-04   8.84E-04   7.72E-07
 5.12E+06   1.42E-05   6.51E-03   8.44E-05   2.16E-04   1.19E-04   1.31E-04   8.91E-04   7.72E-07
 5.28E+06   1.44E-05   6.51E-03   8.48E-05   2.18E-04   1.21E-04   1.32E-04   8.96E-04   7.72E-07
 5.42E+06   1.45E-05   6.52E-03   8.51E-05   2.19E-04   1.22E-04   1.33E-04   8.99E-04   7.72E-07
 5.58E+06   1.46E-05   6.52E-03   8.54E-05   2.21E-04   1.22E-04   1.34E-04   9.02E-04   7.72E-07
 5.72E+06   1.47E-05   6.52E-03   8.56E-05   2.22E-04   1.23E-04   1.34E-04   9.03E-04   7.72E-07
 5.88E+06   1.48E-05   6.52E-03   8.57E-05   2.23E-04   1.24E-04   1.35E-04   9.04E-04   7.72E-07
 6.02E+06   1.49E-05   6.52E-03   8.58E-05   2.23E-04   1.24E-04   1.36E-04   9.05E-04   7.72E-07
 6.18E+06   1.50E-05   6.52E-03   8.59E-05   2.24E-04   1.24E-04   1.36E-04   9.05E-04   7.72E-07
 6.32E+06   1.51E-05   6.52E-03   8.60E-05   2.24E-04   1.25E-04   1.37E-04   9.06E-04   7.72E-07
 6.48E+06   1.52E-05   6.52E-03   8.60E-05   2.25E-04   1.25E-04   1.37E-04   9.06E-04   7.72E-07
 6.62E+06   1.53E-05   6.52E-03   8.61E-05   2.25E-04   1.26E-04   1.38E-04   9.06E-04   7.72E-07
 6.78E+06   1.54E-05   6.52E-03   8.61E-05   2.25E-04   1.26E-04   1.38E-04   9.06E-04   7.72E-07
 6.92E+06   1.56E-05   6.52E-03   8.61E-05   2.26E-04   1.27E-04   1.39E-04   9.06E-04   7.72E-07
 7.08E+06   1.58E-05   6.52E-03   8.62E-05   2.26E-04   1.28E-04   1.40E-04   9.06E-04   7.72E-07
 7.22E+06   1.61E-05   6.52E-03   8.62E-05   2.26E-04   1.28E-04   1.41E-04   9.06E-04   7.72E-07
 7.38E+06   1.63E-05   6.52E-03   8.62E-05   2.26E-04   1.29E-04   1.42E-04   9.06E-04   7.72E-07
 7.52E+06   1.65E-05   6.52E-03   8.62E-05   2.26E-04   1.30E-04   1.43E-04   9.06E-04   7.72E-07
 7.68E+06   1.68E-05   6.52E-03   8.62E-05   2.27E-04   1.31E-04   1.43E-04   9.06E-04   7.72E-07
 7.82E+06   1.70E-05   6.52E-03   8.62E-05   2.27E-04   1.31E-04   1.44E-04   9.06E-04   7.72E-07
 7.98E+06   1.72E-05   6.52E-03   8.62E-05   2.27E-04   1.32E-04   1.45E-04   9.06E-04   7.72E-07
 8.12E+06   1.75E-05   6.52E-03   8.62E-05   2.27E-04   1.32E-04   1.46E-04   9.06E-04   7.72E-07
 8.28E+06   1.77E-05   6.52E-03   8.62E-05   2.27E-04   1.33E-04   1.47E-04   9.06E-04   7.72E-07
 8.42E+06   1.80E-05   6.52E-03   8.62E-05   2.27E-04   1.34E-04   1.47E-04   9.06E-04   7.72E-07
 8.58E+06   1.82E-05   6.52E-03   8.62E-05   2.27E-04   1.34E-04   1.48E-04   9.07E-04   7.72E-07
 8.72E+06   1.85E-05   6.52E-03   8.62E-05   2.27E-04   1.35E-04   1.49E-04   9.07E-04   7.72E-07
 8.88E+06   1.88E-05   6.52E-03   8.62E-05   2.27E-04   1.35E-04   1.49E-04   9.07E-04   7.72E-07
 9.02E+06   1.90E-05   6.52E-03   8.62E-05   2.28E-04   1.36E-04   1.50E-04   9.07E-04   7.72E-07
 9.18E+06   1.93E-05   6.52E-03   8.62E-05   2.28E-04   1.36E-04   1.51E-04   9.07E-04   7.72E-07
 9.32E+06   1.97E-05   6.52E-03   8.62E-05   2.28E-04   1.37E-04   1.51E-04   9.07E-04   7.72E-07
 9.48E+06   2.00E-05   6.52E-03   8.62E-05   2.28E-04   1.37E-04   1.51E-04   9.07E-04   7.72E-07
 9.62E+06   2.04E-05   6.52E-03   8.62E-05   2.28E-04   1.37E-04   1.52E-04   9.07E-04   7.72E-07
 9.78E+06   2.08E-05   6.52E-03   8.62E-05   2.28E-04   1.38E-04   1.52E-04   9.07E-04   7.72E-07
 9.92E+06   2.15E-05   6.52E-03   8.62E-05   2.28E-04   1.39E-04   1.53E-04   9.07E-04   7.72E-07

     Z      PS2        PS4        PS3        PS8L       PS8R       PS8        PSO3       PHSO       
 2.50E+04   2.88E-05   1.15E-01   5.33E-01   0.00E+00   0.00E+00   7.64E-14   6.54E-08   2.23E-14
 1.75E+05   3.40E-05   1.19E-01   5.73E-01   0.00E+00   0.00E+00   1.07E-13   7.64E-08   3.12E-13
 3.25E+05   3.88E-05   1.22E-01   6.08E-01   0.00E+00   0.00E+00   1.46E-13   8.63E-08   3.33E-12
 4.75E+05   4.31E-05   1.26E-01   6.40E-01   0.00E+00   0.00E+00   1.94E-13   9.53E-08   2.54E-11
 6.25E+05   4.71E-05   1.28E-01   6.69E-01   0.00E+00   0.00E+00   2.55E-13   1.04E-07   1.44E-10
 7.75E+05   5.09E-05   1.31E-01   6.95E-01   0.00E+00   0.00E+00   3.33E-13   1.11E-07   6.39E-10
 9.25E+05   5.45E-05   1.33E-01   7.18E-01   0.00E+00   0.00E+00   4.32E-13   1.19E-07   2.32E-09
 1.08E+06   5.77E-05   1.35E-01   7.39E-01   0.00E+00   0.00E+00   5.69E-13   1.26E-07   7.08E-09
 1.22E+06   6.08E-05   1.37E-01   7.57E-01   0.00E+00   0.00E+00   7.58E-13   1.33E-07   1.80E-08
 1.38E+06   6.38E-05   1.39E-01   7.73E-01   0.00E+00   0.00E+00   1.01E-12   1.41E-07   4.04E-08
 1.52E+06   6.74E-05   1.41E-01   7.89E-01   0.00E+00   0.00E+00   1.35E-12   1.53E-07   8.57E-08
 1.68E+06   7.19E-05   1.43E-01   8.03E-01   0.00E+00   0.00E+00   1.81E-12   1.72E-07   1.79E-07
 1.82E+06   7.76E-05   1.45E-01   8.14E-01   0.00E+00   0.00E+00   2.42E-12   2.05E-07   3.73E-07
 1.98E+06   8.50E-05   1.46E-01   8.23E-01   0.00E+00   0.00E+00   3.23E-12   2.63E-07   7.64E-07
 2.12E+06   9.41E-05   1.47E-01   8.29E-01   0.00E+00   0.00E+00   4.33E-12   3.64E-07   1.51E-06
 2.28E+06   1.05E-04   1.48E-01   8.34E-01   0.00E+00   0.00E+00   5.82E-12   5.35E-07   2.85E-06
 2.42E+06   1.19E-04   1.48E-01   8.37E-01   0.00E+00   0.00E+00   7.83E-12   8.07E-07   5.11E-06
 2.58E+06   1.36E-04   1.48E-01   8.40E-01   0.00E+00   0.00E+00   1.06E-11   1.22E-06   8.71E-06
 2.72E+06   1.56E-04   1.49E-01   8.42E-01   0.00E+00   0.00E+00   1.43E-11   1.81E-06   1.42E-05
 2.88E+06   1.81E-04   1.49E-01   8.44E-01   0.00E+00   0.00E+00   1.95E-11   2.60E-06   2.21E-05
 3.02E+06   2.11E-04   1.49E-01   8.45E-01   0.00E+00   0.00E+00   2.67E-11   3.64E-06   3.32E-05
 3.18E+06   2.46E-04   1.49E-01   8.46E-01   0.00E+00   0.00E+00   3.67E-11   4.91E-06   4.81E-05
 3.32E+06   2.86E-04   1.50E-01   8.47E-01   0.00E+00   0.00E+00   5.05E-11   6.40E-06   6.74E-05
 3.48E+06   3.29E-04   1.50E-01   8.47E-01   0.00E+00   0.00E+00   6.95E-11   8.09E-06   9.14E-05
 3.62E+06   3.72E-04   1.50E-01   8.48E-01   0.00E+00   0.00E+00   9.53E-11   9.92E-06   1.20E-04
 3.78E+06   4.13E-04   1.50E-01   8.48E-01   0.00E+00   0.00E+00   1.30E-10   1.18E-05   1.51E-04
 3.92E+06   4.49E-04   1.50E-01   8.49E-01   0.00E+00   0.00E+00   1.76E-10   1.36E-05   1.81E-04
 4.08E+06   4.78E-04   1.50E-01   8.49E-01   0.00E+00   0.00E+00   2.34E-10   1.52E-05   2.08E-04
 4.22E+06   5.01E-04   1.50E-01   8.49E-01   0.00E+00   0.00E+00   3.05E-10   1.66E-05   2.31E-04
 4.38E+06   5.19E-04   1.50E-01   8.49E-01   0.00E+00   0.00E+00   3.92E-10   1.77E-05   2.49E-04
 4.52E+06   5.32E-04   1.50E-01   8.49E-01   0.00E+00   0.00E+00   4.97E-10   1.86E-05   2.63E-04
 4.68E+06   5.42E-04   1.50E-01   8.49E-01   0.00E+00   0.00E+00   6.26E-10   1.93E-05   2.74E-04
 4.82E+06   5.49E-04   1.50E-01   8.49E-01   0.00E+00   0.00E+00   7.82E-10   1.98E-05   2.82E-04
 4.98E+06   5.53E-04   1.50E-01   8.49E-01   0.00E+00   0.00E+00   9.73E-10   2.02E-05   2.88E-04
 5.12E+06   5.57E-04   1.50E-01   8.49E-01   0.00E+00   0.00E+00   1.21E-09   2.06E-05   2.92E-04
 5.28E+06   5.59E-04   1.50E-01   8.50E-01   0.00E+00   0.00E+00   1.50E-09   2.08E-05   2.96E-04
 5.42E+06   5.61E-04   1.50E-01   8.50E-01   0.00E+00   0.00E+00   1.85E-09   2.10E-05   2.98E-04
 5.58E+06   5.62E-04   1.50E-01   8.50E-01   0.00E+00   0.00E+00   2.29E-09   2.12E-05   3.00E-04
 5.72E+06   5.63E-04   1.50E-01   8.50E-01   0.00E+00   0.00E+00   2.84E-09   2.13E-05   3.01E-04
 5.88E+06   5.64E-04   1.50E-01   8.50E-01   0.00E+00   0.00E+00   3.53E-09   2.14E-05   3.02E-04
 6.02E+06   5.64E-04   1.50E-01   8.50E-01   0.00E+00   0.00E+00   4.38E-09   2.15E-05   3.03E-04
 6.18E+06   5.64E-04   1.50E-01   8.50E-01   0.00E+00   0.00E+00   5.46E-09   2.16E-05   3.03E-04
 6.32E+06   5.64E-04   1.50E-01   8.50E-01   0.00E+00   0.00E+00   6.80E-09   2.16E-05   3.04E-04
 6.48E+06   5.64E-04   1.50E-01   8.50E-01   0.00E+00   0.00E+00   8.50E-09   2.17E-05   3.04E-04
 6.62E+06   5.64E-04   1.50E-01   8.50E-01   0.00E+00   0.00E+00   1.07E-08   2.18E-05   3.05E-04
 6.78E+06   5.64E-04   1.50E-01   8.50E-01   0.00E+00   0.00E+00   1.34E-08   2.18E-05   3.05E-04
 6.92E+06   5.64E-04   1.50E-01   8.50E-01   0.00E+00   0.00E+00   1.68E-08   2.19E-05   3.05E-04
 7.08E+06   5.65E-04   1.50E-01   8.50E-01   0.00E+00   0.00E+00   2.12E-08   2.19E-05   3.06E-04
 7.22E+06   5.65E-04   1.50E-01   8.50E-01   0.00E+00   0.00E+00   2.69E-08   2.20E-05   3.06E-04
 7.38E+06   5.65E-04   1.50E-01   8.50E-01   0.00E+00   0.00E+00   3.42E-08   2.21E-05   3.06E-04
 7.52E+06   5.65E-04   1.50E-01   8.50E-01   0.00E+00   0.00E+00   4.35E-08   2.22E-05   3.07E-04
 7.68E+06   5.65E-04   1.50E-01   8.50E-01   0.00E+00   0.00E+00   5.54E-08   2.22E-05   3.07E-04
 7.82E+06   5.65E-04   1.50E-01   8.50E-01   0.00E+00   0.00E+00   7.05E-08   2.23E-05   3.07E-04
 7.98E+06   5.65E-04   1.50E-01   8.50E-01   0.00E+00   0.00E+00   8.96E-08   2.24E-05   3.07E-04
 8.12E+06   5.65E-04   1.50E-01   8.50E-01   0.00E+00   0.00E+00   1.14E-07   2.24E-05   3.08E-04
 8.28E+06   5.65E-04   1.50E-01   8.50E-01   0.00E+00   0.00E+00   1.45E-07   2.25E-05   3.08E-04
 8.42E+06   5.65E-04   1.50E-01   8.50E-01   0.00E+00   0.00E+00   1.84E-07   2.25E-05   3.08E-04
 8.58E+06   5.65E-04   1.50E-01   8.50E-01   0.00E+00   0.00E+00   2.34E-07   2.26E-05   3.08E-04
 8.72E+06   5.65E-04   1.50E-01   8.50E-01   0.00E+00   0.00E+00   2.98E-07   2.27E-05   3.08E-04
 8.88E+06   5.65E-04   1.50E-01   8.50E-01   0.00E+00   0.00E+00   3.78E-07   2.27E-05   3.09E-04
 9.02E+06   5.65E-04   1.50E-01   8.50E-01   0.00E+00   0.00E+00   4.79E-07   2.28E-05   3.09E-04
 9.18E+06   5.65E-04   1.50E-01   8.50E-01   0.00E+00   0.00E+00   6.08E-07   2.29E-05   3.09E-04
 9.32E+06   5.65E-04   1.50E-01   8.50E-01   0.00E+00   0.00E+00   7.71E-07   2.30E-05   3.09E-04
 9.48E+06   5.65E-04   1.50E-01   8.50E-01   0.00E+00   0.00E+00   9.76E-07   2.31E-05   3.09E-04
 9.62E+06   5.65E-04   1.50E-01   8.50E-01   0.00E+00   0.00E+00   1.24E-06   2.32E-05   3.09E-04
 9.78E+06   5.65E-04   1.50E-01   8.50E-01   0.00E+00   0.00E+00   1.56E-06   2.35E-05   3.09E-04
 9.92E+06   5.65E-04   1.50E-01   8.50E-01   0.00E+00   0.00E+00   1.98E-06   2.45E-05   3.09E-04

     Z      POCS       PNO3_NO    PNO3_NO2   PN2O       PHO2NO2_NO2PHO2NO2_NO3PN2O5_NO2  PN2O5_NO   
 2.50E+04   1.05E-11   1.06E-02   8.32E-02   4.06E-17   1.51E-06   3.78E-07   3.92E-10   1.00E-05
 1.75E+05   1.25E-11   1.08E-02   8.47E-02   6.93E-16   1.76E-06   4.40E-07   4.90E-10   1.15E-05
 3.25E+05   1.45E-11   1.10E-02   8.59E-02   8.61E-15   1.99E-06   4.97E-07   5.90E-10   1.28E-05
 4.75E+05   1.67E-11   1.12E-02   8.69E-02   7.20E-14   2.20E-06   5.49E-07   7.14E-10   1.40E-05
 6.25E+05   2.06E-11   1.14E-02   8.76E-02   4.24E-13   2.39E-06   5.97E-07   9.64E-10   1.51E-05
 7.75E+05   3.11E-11   1.15E-02   8.80E-02   1.88E-12   2.56E-06   6.41E-07   1.71E-09   1.61E-05
 9.25E+05   6.19E-11   1.17E-02   8.82E-02   6.75E-12   2.73E-06   6.82E-07   4.02E-09   1.70E-05
 1.08E+06   1.43E-10   1.19E-02   8.86E-02   2.06E-11   2.88E-06   7.20E-07   1.05E-08   1.79E-05
 1.22E+06   3.24E-10   1.20E-02   8.96E-02   5.39E-11   3.02E-06   7.55E-07   2.53E-08   1.86E-05
 1.38E+06   6.86E-10   1.22E-02   9.07E-02   1.24E-10   3.17E-06   7.92E-07   5.60E-08   1.93E-05
 1.52E+06   1.42E-09   1.23E-02   9.19E-02   2.69E-10   3.34E-06   8.36E-07   1.18E-07   2.00E-05
 1.68E+06   2.97E-09   1.25E-02   9.32E-02   5.68E-10   3.57E-06   8.96E-07   2.46E-07   2.08E-05
 1.82E+06   6.33E-09   1.26E-02   9.43E-02   1.18E-09   3.90E-06   9.82E-07   5.07E-07   2.16E-05
 1.98E+06   1.35E-08   1.27E-02   9.52E-02   2.39E-09   4.40E-06   1.11E-06   1.02E-06   2.25E-05
 2.12E+06   2.84E-08   1.28E-02   9.59E-02   4.62E-09   5.16E-06   1.32E-06   1.99E-06   2.35E-05
 2.28E+06   5.76E-08   1.29E-02   9.65E-02   8.43E-09   6.32E-06   1.64E-06   3.65E-06   2.46E-05
 2.42E+06   1.13E-07   1.29E-02   9.71E-02   1.45E-08   8.06E-06   2.12E-06   6.35E-06   2.59E-05
 2.58E+06   2.12E-07   1.29E-02   9.76E-02   2.35E-08   1.06E-05   2.81E-06   1.04E-05   2.73E-05
 2.72E+06   3.86E-07   1.30E-02   9.80E-02   3.60E-08   1.40E-05   3.78E-06   1.63E-05   2.90E-05
 2.88E+06   6.78E-07   1.30E-02   9.85E-02   5.23E-08   1.87E-05   5.08E-06   2.42E-05   3.09E-05
 3.02E+06   1.15E-06   1.30E-02   9.90E-02   7.25E-08   2.48E-05   6.75E-06   3.42E-05   3.31E-05
 3.18E+06   1.90E-06   1.30E-02   9.95E-02   9.61E-08   3.23E-05   8.81E-06   4.66E-05   3.56E-05
 3.32E+06   3.02E-06   1.30E-02   1.00E-01   1.22E-07   4.15E-05   1.13E-05   6.11E-05   3.84E-05
 3.48E+06   4.60E-06   1.30E-02   1.00E-01   1.50E-07   5.25E-05   1.43E-05   7.76E-05   4.14E-05
 3.62E+06   6.65E-06   1.30E-02   1.01E-01   1.77E-07   6.59E-05   1.78E-05   9.61E-05   4.48E-05
 3.78E+06   9.03E-06   1.30E-02   1.01E-01   2.02E-07   8.20E-05   2.20E-05   1.17E-04   4.85E-05
 3.92E+06   1.14E-05   1.30E-02   1.01E-01   2.23E-07   9.99E-05   2.66E-05   1.38E-04   5.22E-05
 4.08E+06   1.36E-05   1.30E-02   1.01E-01   2.40E-07   1.18E-04   3.13E-05   1.58E-04   5.56E-05
 4.22E+06   1.54E-05   1.30E-02   1.01E-01   2.53E-07   1.34E-04   3.55E-05   1.77E-04   5.85E-05
 4.38E+06   1.69E-05   1.30E-02   1.01E-01   2.64E-07   1.48E-04   3.91E-05   1.92E-04   6.10E-05
 4.52E+06   1.80E-05   1.30E-02   1.01E-01   2.73E-07   1.59E-04   4.20E-05   2.05E-04   6.29E-05
 4.68E+06   1.88E-05   1.30E-02   1.01E-01   2.82E-07   1.68E-04   4.43E-05   2.15E-04   6.43E-05
 4.82E+06   1.95E-05   1.30E-02   1.00E-01   2.90E-07   1.75E-04   4.60E-05   2.23E-04   6.53E-05
 4.98E+06   1.99E-05   1.30E-02   1.00E-01   2.97E-07   1.80E-04   4.74E-05   2.29E-04   6.61E-05
 5.12E+06   2.02E-05   1.31E-02   1.00E-01   3.04E-07   1.83E-04   4.83E-05   2.33E-04   6.66E-05
 5.28E+06   2.05E-05   1.31E-02   9.99E-02   3.10E-07   1.86E-04   4.90E-05   2.37E-04   6.70E-05
 5.42E+06   2.06E-05   1.31E-02   9.97E-02   3.15E-07   1.88E-04   4.96E-05   2.40E-04   6.73E-05
 5.58E+06   2.08E-05   1.31E-02   9.95E-02   3.21E-07   1.89E-04   4.99E-05   2.42E-04   6.75E-05
 5.72E+06   2.09E-05   1.31E-02   9.93E-02   3.26E-07   1.90E-04   5.02E-05   2.44E-04   6.76E-05
 5.88E+06   2.09E-05   1.31E-02   9.91E-02   3.30E-07   1.91E-04   5.04E-05   2.46E-04   6.77E-05
 6.02E+06   2.10E-05   1.31E-02   9.89E-02   3.35E-07   1.91E-04   5.06E-05   2.47E-04   6.77E-05
 6.18E+06   2.10E-05   1.31E-02   9.87E-02   3.41E-07   1.92E-04   5.07E-05   2.49E-04   6.77E-05
 6.32E+06   2.11E-05   1.31E-02   9.85E-02   3.50E-07   1.92E-04   5.08E-05   2.50E-04   6.78E-05
 6.48E+06   2.11E-05   1.32E-02   9.82E-02   3.64E-07   1.92E-04   5.09E-05   2.51E-04   6.78E-05
 6.62E+06   2.12E-05   1.32E-02   9.80E-02   3.86E-07   1.92E-04   5.09E-05   2.52E-04   6.78E-05
 6.78E+06   2.14E-05   1.32E-02   9.78E-02   4.15E-07   1.93E-04   5.10E-05   2.54E-04   6.78E-05
 6.92E+06   2.15E-05   1.32E-02   9.76E-02   4.52E-07   1.93E-04   5.10E-05   2.55E-04   6.78E-05
 7.08E+06   2.17E-05   1.32E-02   9.74E-02   4.94E-07   1.93E-04   5.10E-05   2.57E-04   6.78E-05
 7.22E+06   2.19E-05   1.32E-02   9.72E-02   5.41E-07   1.93E-04   5.10E-05   2.59E-04   6.78E-05
 7.38E+06   2.21E-05   1.32E-02   9.72E-02   5.91E-07   1.93E-04   5.10E-05   2.61E-04   6.78E-05
 7.52E+06   2.24E-05   1.32E-02   9.72E-02   6.40E-07   1.93E-04   5.11E-05   2.63E-04   6.78E-05
 7.68E+06   2.26E-05   1.32E-02   9.72E-02   6.88E-07   1.93E-04   5.11E-05   2.64E-04   6.78E-05
 7.82E+06   2.28E-05   1.32E-02   9.72E-02   7.38E-07   1.93E-04   5.11E-05   2.66E-04   6.78E-05
 7.98E+06   2.31E-05   1.32E-02   9.72E-02   7.91E-07   1.93E-04   5.11E-05   2.68E-04   6.78E-05
 8.12E+06   2.33E-05   1.32E-02   9.72E-02   8.51E-07   1.93E-04   5.11E-05   2.70E-04   6.78E-05
 8.28E+06   2.36E-05   1.32E-02   9.72E-02   9.23E-07   1.93E-04   5.11E-05   2.71E-04   6.78E-05
 8.42E+06   2.39E-05   1.32E-02   9.72E-02   1.01E-06   1.93E-04   5.11E-05   2.73E-04   6.78E-05
 8.58E+06   2.43E-05   1.32E-02   9.72E-02   1.11E-06   1.93E-04   5.11E-05   2.75E-04   6.78E-05
 8.72E+06   2.47E-05   1.32E-02   9.72E-02   1.23E-06   1.93E-04   5.11E-05   2.77E-04   6.78E-05
 8.88E+06   2.52E-05   1.32E-02   9.72E-02   1.36E-06   1.93E-04   5.11E-05   2.78E-04   6.78E-05
 9.02E+06   2.59E-05   1.32E-02   9.72E-02   1.49E-06   1.93E-04   5.11E-05   2.80E-04   6.78E-05
 9.18E+06   2.67E-05   1.32E-02   9.72E-02   1.62E-06   1.93E-04   5.11E-05   2.82E-04   6.78E-05
 9.32E+06   2.76E-05   1.32E-02   9.72E-02   1.75E-06   1.93E-04   5.11E-05   2.84E-04   6.78E-05
 9.48E+06   2.87E-05   1.32E-02   9.72E-02   1.87E-06   1.93E-04   5.11E-05   2.87E-04   6.78E-05
 9.62E+06   3.02E-05   1.32E-02   9.72E-02   1.99E-06   1.93E-04   5.11E-05   2.89E-04   6.78E-05
 9.78E+06   3.26E-05   1.32E-02   9.72E-02   2.10E-06   1.93E-04   5.11E-05   2.92E-04   6.78E-05
 9.92E+06   3.71E-05   1.32E-02   9.72E-02   2.26E-06   1.93E-04   5.11E-05   2.96E-04   6.78E-05
 N =    1  EMAX = 4.01E-05 FOR H       AT Z = 1.02E+06 U = 3.40E-20 RHS = 1.36E-24  DT = 5.00E-06  TIME = 1.00E-06
 N =    2  EMAX = 9.89E-05 FOR H       AT Z = 1.02E+06 U = 3.40E-20 RHS = 3.36E-24  DT = 2.50E-05  TIME = 6.00E-06
 N =    3  EMAX = 1.39E-04 FOR CH3     AT Z = 2.28E+06 U = 4.66E-20 RHS =-6.49E-24  DT = 1.25E-04  TIME = 3.10E-05
 N =    4  EMAX = 1.76E-04 FOR CH3     AT Z = 2.52E+06 U = 1.55E-19 RHS =-2.73E-23  DT = 6.25E-04  TIME = 1.56E-04
 N =    5  EMAX = 1.70E-04 FOR CH3     AT Z = 3.18E+06 U = 3.04E-18 RHS =-5.16E-22  DT = 3.13E-03  TIME = 7.81E-04
 N =    6  EMAX = 1.32E-04 FOR HCO     AT Z = 6.42E+06 U = 1.98E-17 RHS = 2.61E-21  DT = 1.56E-02  TIME = 3.91E-03
 N =    7  EMAX = 2.24E-04 FOR SO3     AT Z = 1.02E+06 U = 8.44E-17 RHS =-1.89E-20  DT = 7.81E-02  TIME = 1.95E-02
 N =    8  EMAX = 8.05E-04 FOR SO3     AT Z = 1.02E+06 U = 8.44E-17 RHS =-6.80E-20  DT = 3.12E-01  TIME = 9.77E-02
 N =    9  EMAX = 1.26E-03 FOR SO3     AT Z = 1.02E+06 U = 8.43E-17 RHS =-1.06E-19  DT = 9.38E-01  TIME = 4.10E-01
 N =   10  EMAX = 8.12E-04 FOR SO3     AT Z = 1.08E+06 U = 1.13E-16 RHS =-9.19E-20  DT = 3.75E+00  TIME = 1.35E+00
 N =   11  EMAX = 8.68E-04 FOR SO3     AT Z = 1.72E+06 U = 1.75E-15 RHS =-1.52E-18  DT = 1.50E+01  TIME = 5.10E+00
 N =   12  EMAX = 1.11E-03 FOR SO3     AT Z = 2.02E+06 U = 1.03E-15 RHS =-1.14E-18  DT = 4.50E+01  TIME = 2.01E+01
 N =   13  EMAX = 1.07E-03 FOR SO3     AT Z = 2.32E+06 U = 2.32E-16 RHS =-2.49E-19  DT = 1.35E+02  TIME = 6.51E+01
 N =   14  EMAX = 1.02E-03 FOR SO3     AT Z = 2.52E+06 U = 8.94E-17 RHS =-9.16E-20  DT = 4.05E+02  TIME = 2.00E+02
 N =   15  EMAX = 9.45E-04 FOR SO3     AT Z = 2.78E+06 U = 2.88E-17 RHS =-2.72E-20  DT = 1.62E+03  TIME = 6.05E+02
 N =   16  EMAX = 1.05E-03 FOR SO3     AT Z = 3.02E+06 U = 1.19E-17 RHS =-1.25E-20  DT = 4.86E+03  TIME = 2.23E+03
 N =   17  EMAX = 9.45E-04 FOR SO3     AT Z = 3.22E+06 U = 7.69E-18 RHS =-7.27E-21  DT = 1.94E+04  TIME = 7.09E+03
 N =   18  EMAX = 9.87E-04 FOR HO2NO2  AT Z = 7.68E+06 U = 4.63E-20 RHS =-4.57E-23  DT = 7.78E+04  TIME = 2.65E+04
 N =   19  EMAX = 9.63E-04 FOR H2O     AT Z = 1.18E+06 U = 4.57E-06 RHS = 4.40E-09  DT = 3.11E+05  TIME = 1.04E+05
 N =   20  EMAX = 9.11E-04 FOR N       AT Z = 7.92E+06 U = 1.94E-09 RHS = 1.77E-12  DT = 1.24E+06  TIME = 4.15E+05
 N =   21  EMAX = 8.07E-04 FOR N       AT Z = 8.08E+06 U = 6.93E-09 RHS = 5.60E-12  DT = 4.98E+06  TIME = 1.66E+06
 N =   22  EMAX = 9.98E-04 FOR H2S     AT Z = 1.72E+06 U = 9.93E-19 RHS =-9.91E-22  DT = 1.99E+07  TIME = 6.64E+06
 N =   23  EMAX = 2.13E-03 FOR H2S     AT Z = 1.88E+06 U = 2.65E-20 RHS =-5.63E-23  DT = 5.97E+07  TIME = 2.65E+07
 N =   24  EMAX = 2.91E-03 FOR SO      AT Z = 7.58E+06 U = 9.71E-18 RHS =-2.82E-20  DT = 1.79E+08  TIME = 8.63E+07
 N =   25  EMAX = 4.46E-03 FOR SO      AT Z = 7.58E+06 U = 9.68E-18 RHS =-4.31E-20  DT = 3.58E+08  TIME = 2.65E+08
 N =   26  EMAX = 2.94E-03 FOR SO      AT Z = 7.58E+06 U = 9.64E-18 RHS =-2.84E-20  DT = 1.07E+09  TIME = 6.24E+08
 N =   27  EMAX = 1.18E-03 FOR SO      AT Z = 7.58E+06 U = 9.61E-18 RHS =-1.13E-20  DT = 3.22E+09  TIME = 1.70E+09
 N =   28  EMAX = 2.25E-04 FOR SO      AT Z = 7.58E+06 U = 9.60E-18 RHS =-2.16E-21  DT = 1.61E+10  TIME = 4.92E+09
 N =   29  EMAX = 3.43E-05 FOR SO      AT Z = 7.58E+06 U = 9.60E-18 RHS =-3.29E-22  DT = 8.06E+10  TIME = 2.10E+10
 N =   30  EMAX = 6.59E-06 FOR SO3     AT Z = 6.52E+06 U = 4.00E-20 RHS =-2.64E-25  DT = 4.03E+11  TIME = 1.02E+11
 N =   31  EMAX = 1.53E-06 FOR SO3     AT Z = 6.52E+06 U = 4.00E-20 RHS =-6.11E-26  DT = 2.02E+12  TIME = 5.05E+11
 N =   32  EMAX = 3.20E-07 FOR SO3     AT Z = 6.52E+06 U = 4.00E-20 RHS =-1.28E-26  DT = 1.01E+13  TIME = 2.52E+12
 N =   33  EMAX = 1.22E-07 FOR SO4AER  AT Z = 3.12E+06 U = 7.74E-10 RHS =-9.47E-17  DT = 5.04E+13  TIME = 1.26E+13
 N =   34  EMAX = 4.56E-08 FOR SO4AER  AT Z = 2.92E+06 U = 1.01E-09 RHS = 4.62E-17  DT = 2.52E+14  TIME = 6.30E+13
 N =   35  EMAX = 1.60E-08 FOR SO4AER  AT Z = 4.98E+06 U = 2.89E-11 RHS = 4.62E-19  DT = 1.26E+15  TIME = 3.15E+14
 N =   36  EMAX = 1.09E-08 FOR SO4AER  AT Z = 3.12E+06 U = 7.74E-10 RHS =-8.42E-18  DT = 6.30E+15  TIME = 1.57E+15
 N =   37  EMAX = 1.02E-09 FOR SO4AER  AT Z = 2.68E+06 U = 1.49E-09 RHS = 1.52E-18  DT = 3.15E+16  TIME = 7.87E+15
 N =   38  EMAX = 1.77E-09 FOR SO4AER  AT Z = 3.12E+06 U = 7.74E-10 RHS = 1.37E-18  DT = 1.57E+17  TIME = 3.94E+16
 N =   39  EMAX = 3.79E-10 FOR SO4AER  AT Z = 2.88E+06 U = 1.09E-09 RHS =-4.14E-19  DT = 7.87E+17  TIME = 1.97E+17

 ENERGY FLUXES IN W/m2/nm (NOT DIURNALLY AVERAGED)

  L   WAV      TAUR      EFLUX     GFLUX     S(1)
   1 1177.2  1.052E+02 5.413E-05 0.000E+00 0.000E+00
   2 1178.6  1.046E+02 4.768E-05 0.000E+00 0.000E+00
   3 1179.9  1.039E+02 4.123E-05 0.000E+00 0.000E+00
   4 1181.3  1.033E+02 3.455E-05 0.000E+00 0.000E+00
   5 1182.7  1.026E+02 2.786E-05 0.000E+00 0.000E+00
   6 1184.1  1.020E+02 2.117E-05 0.000E+00 0.000E+00
   7 1185.5  1.013E+02 1.899E-05 0.000E+00 0.000E+00
   8 1186.9  1.007E+02 2.442E-05 0.000E+00 0.000E+00
   9 1188.3  1.000E+02 3.017E-05 0.000E+00 0.000E+00
  10 1189.8  9.935E+01 3.593E-05 0.000E+00 0.000E+00
  11 1191.2  9.872E+01 4.149E-05 0.000E+00 0.000E+00
  12 1192.6  9.809E+01 4.704E-05 0.000E+00 0.000E+00
  13 1194.0  9.748E+01 5.260E-05 0.000E+00 0.000E+00
  14 1195.5  9.686E+01 5.608E-05 0.000E+00 0.000E+00
  15 1196.9  9.621E+01 5.512E-05 0.000E+00 0.000E+00
  16 1198.3  9.561E+01 5.891E-05 0.000E+00 0.000E+00
  17 1199.8  9.501E+01 6.400E-05 0.000E+00 0.000E+00
  18 1201.2  9.437E+01 5.848E-05 0.000E+00 0.000E+00
  19 1202.7  9.378E+01 5.851E-05 0.000E+00 0.000E+00
  20 1204.1  9.315E+01 1.550E-04 0.000E+00 0.000E+00
  21 1205.5  9.257E+01 3.814E-04 0.000E+00 0.000E+00
  22 1207.0  9.196E+01 3.958E-04 0.000E+00 0.000E+00
  23 1208.5  9.139E+01 1.820E-04 0.000E+00 0.000E+00
  24 1210.0  9.078E+01 1.014E-04 0.000E+00 0.000E+00
  25 1211.4  9.018E+01 2.778E-04 0.000E+00 0.000E+00
  26 1212.8  8.962E+01 4.063E-03 0.000E+00 0.000E+00
  27 1214.3  8.903E+01 1.837E-02 0.000E+00 0.000E+00
  28 1215.8  8.844E+01 2.550E-02 0.000E+00 0.000E+00
  29 1217.2  8.790E+01 1.269E-02 0.000E+00 0.000E+00
  30 1218.8  8.732E+01 1.953E-03 0.000E+00 0.000E+00
  31 1220.2  8.674E+01 2.304E-04 0.000E+00 0.000E+00
  32 1221.8  8.618E+01 9.415E-05 0.000E+00 0.000E+00
  33 1223.2  8.561E+01 6.190E-05 0.000E+00 0.000E+00
  34 1224.8  8.505E+01 4.859E-05 0.000E+00 0.000E+00
  35 1226.2  8.450E+01 4.298E-05 0.000E+00 0.000E+00
  36 1227.8  8.395E+01 4.077E-05 0.000E+00 0.000E+00
  37 1229.2  8.340E+01 3.730E-05 0.000E+00 0.000E+00
  38 1230.8  8.286E+01 3.304E-05 0.000E+00 0.000E+00
  39 1232.2  8.232E+01 3.085E-05 0.000E+00 0.000E+00
  40 1233.8  8.179E+01 3.007E-05 0.000E+00 0.000E+00
  41 1235.3  8.123E+01 3.114E-05 0.000E+00 0.000E+00
  42 1236.8  8.070E+01 4.785E-05 0.000E+00 0.000E+00
  43 1238.4  8.018E+01 6.985E-05 0.000E+00 0.000E+00
  44 1240.0  7.963E+01 5.861E-05 0.000E+00 0.000E+00
  45 1241.5  7.912E+01 4.901E-05 0.000E+00 0.000E+00
  46 1243.0  7.862E+01 4.753E-05 0.000E+00 0.000E+00
  47 1244.5  7.808E+01 3.176E-05 0.000E+00 0.000E+00
  48 1246.1  7.758E+01 2.375E-05 0.000E+00 0.000E+00
  49 1247.7  7.705E+01 2.316E-05 0.000E+00 0.000E+00
  50 1249.2  7.656E+01 2.327E-05 0.000E+00 0.000E+00
  51 1250.8  7.605E+01 2.382E-05 0.000E+00 0.000E+00
  52 1252.3  7.553E+01 2.661E-05 0.000E+00 0.000E+00
  53 1253.9  7.505E+01 3.071E-05 0.000E+00 0.000E+00
  54 1255.5  7.455E+01 3.062E-05 0.000E+00 0.000E+00
  55 1257.1  7.405E+01 3.412E-05 0.000E+00 0.000E+00
  56 1258.7  7.355E+01 4.922E-05 0.000E+00 0.000E+00
  57 1260.2  7.309E+01 5.734E-05 0.000E+00 0.000E+00
  58 1261.8  7.260E+01 4.188E-05 0.000E+00 0.000E+00
  59 1263.4  7.211E+01 5.704E-05 0.000E+00 0.000E+00
  60 1265.0  7.163E+01 8.211E-05 0.000E+00 0.000E+00
  61 1266.6  7.115E+01 5.035E-05 0.000E+00 0.000E+00
  62 1268.2  7.068E+01 2.200E-05 0.000E+00 0.000E+00
  63 1269.8  7.021E+01 1.766E-05 0.000E+00 0.000E+00
  64 1271.4  6.974E+01 1.748E-05 0.000E+00 0.000E+00
  65 1273.1  6.925E+01 2.007E-05 0.000E+00 0.000E+00
  66 1274.7  6.880E+01 2.742E-05 0.000E+00 0.000E+00
  67 1276.3  6.834E+01 3.156E-05 0.000E+00 0.000E+00
  68 1277.9  6.789E+01 3.090E-05 0.000E+00 0.000E+00
  69 1279.6  6.742E+01 2.813E-05 0.000E+00 0.000E+00
  70 1281.2  6.697E+01 2.158E-05 0.000E+00 0.000E+00
  71 1282.9  6.651E+01 1.577E-05 0.000E+00 0.000E+00
  72 1284.5  6.607E+01 1.463E-05 0.000E+00 0.000E+00
  73 1286.2  6.564E+01 1.767E-05 0.000E+00 0.000E+00
  74 1287.8  6.519E+01 2.579E-05 0.000E+00 0.000E+00
  75 1289.5  6.474E+01 2.603E-05 0.000E+00 0.000E+00
  76 1291.2  6.432E+01 1.933E-05 0.000E+00 0.000E+00
  77 1292.8  6.387E+01 1.789E-05 0.000E+00 0.000E+00
  78 1294.5  6.343E+01 2.386E-05 0.000E+00 0.000E+00
  79 1296.2  6.302E+01 2.750E-05 0.000E+00 0.000E+00
  80 1297.8  6.259E+01 3.032E-05 0.000E+00 0.000E+00
  81 1299.6  6.216E+01 6.221E-05 0.000E+00 0.000E+00
  82 1301.2  6.174E+01 1.605E-04 0.000E+00 0.000E+00
  83 1302.9  6.132E+01 2.341E-04 0.000E+00 0.000E+00
  84 1304.7  6.090E+01 3.161E-04 0.000E+00 0.000E+00
  85 1306.3  6.049E+01 2.521E-04 0.000E+00 0.000E+00
  86 1308.1  6.008E+01 9.567E-05 0.000E+00 0.000E+00
  87 1309.8  5.967E+01 5.384E-05 0.000E+00 0.000E+00
  88 1311.4  5.927E+01 3.787E-05 0.000E+00 0.000E+00
  89 1313.2  5.887E+01 2.660E-05 0.000E+00 0.000E+00
  90 1314.9  5.845E+01 2.578E-05 0.000E+00 0.000E+00
  91 1316.7  5.805E+01 3.090E-05 0.000E+00 0.000E+00
  92 1318.4  5.766E+01 3.087E-05 0.000E+00 0.000E+00
  93 1320.2  5.725E+01 2.333E-05 0.000E+00 0.000E+00
  94 1321.9  5.687E+01 1.999E-05 0.000E+00 0.000E+00
  95 1323.7  5.647E+01 2.261E-05 0.000E+00 0.000E+00
  96 1325.4  5.609E+01 2.198E-05 0.000E+00 0.000E+00
  97 1327.2  5.570E+01 2.565E-05 0.000E+00 0.000E+00
  98 1328.9  5.533E+01 3.306E-05 0.000E+00 0.000E+00
  99 1330.7  5.494E+01 3.243E-05 0.000E+00 0.000E+00
 100 1332.4  5.455E+01 1.605E-04 0.000E+00 0.000E+00
 101 1334.2  5.419E+01 5.537E-04 0.000E+00 0.000E+00
 102 1336.0  5.382E+01 5.056E-04 0.000E+00 0.000E+00
 103 1337.8  5.344E+01 1.145E-04 0.000E+00 0.000E+00
 104 1339.6  5.307E+01 2.202E-05 0.000E+00 0.000E+00
 105 1341.4  5.270E+01 2.130E-05 0.000E+00 0.000E+00
 106 1343.2  5.233E+01 2.151E-05 0.000E+00 0.000E+00
 107 1345.0  5.197E+01 2.168E-05 0.000E+00 0.000E+00
 108 1346.8  5.161E+01 2.256E-05 0.000E+00 0.000E+00
 109 1348.6  5.126E+01 2.619E-05 0.000E+00 0.000E+00
 110 1350.5  5.090E+01 3.956E-05 0.000E+00 0.000E+00
 111 1352.3  5.053E+01 4.245E-05 0.000E+00 0.000E+00
 112 1354.1  5.019E+01 4.974E-05 0.000E+00 0.000E+00
 113 1356.0  4.984E+01 6.151E-05 0.000E+00 0.000E+00
 114 1357.8  4.948E+01 5.111E-05 0.000E+00 0.000E+00
 115 1359.6  4.915E+01 4.212E-05 0.000E+00 0.000E+00
 116 1361.5  4.881E+01 3.367E-05 0.000E+00 0.000E+00
 117 1363.3  4.846E+01 3.233E-05 0.000E+00 0.000E+00
 118 1365.2  4.811E+01 3.022E-05 0.000E+00 0.000E+00
 119 1367.0  4.779E+01 2.976E-05 0.000E+00 0.000E+00
 120 1369.0  4.745E+01 3.424E-05 0.000E+00 0.000E+00
 121 1370.8  4.711E+01 3.814E-05 0.000E+00 0.000E+00
 122 1372.7  4.679E+01 3.609E-05 0.000E+00 0.000E+00
 123 1374.5  4.646E+01 3.130E-05 0.000E+00 0.000E+00
 124 1376.5  4.613E+01 2.991E-05 0.000E+00 0.000E+00
 125 1378.3  4.580E+01 3.258E-05 0.000E+00 0.000E+00
 126 1380.2  4.548E+01 3.565E-05 0.000E+00 0.000E+00
 127 1382.2  4.516E+01 3.438E-05 0.000E+00 0.000E+00
 128 1384.0  4.484E+01 3.249E-05 0.000E+00 0.000E+00
 129 1386.0  4.453E+01 3.416E-05 0.000E+00 0.000E+00
 130 1388.0  4.420E+01 3.596E-05 0.000E+00 0.000E+00
 131 1389.8  4.389E+01 4.015E-05 0.000E+00 0.000E+00
 132 1391.8  4.358E+01 1.225E-04 0.000E+00 0.000E+00
 133 1393.8  4.326E+01 2.103E-04 0.000E+00 0.000E+00
 134 1395.7  4.296E+01 1.132E-04 0.000E+00 0.000E+00
 135 1397.6  4.266E+01 4.745E-05 0.000E+00 0.000E+00
 136 1399.6  4.235E+01 6.685E-05 0.000E+00 0.000E+00
 137 1401.5  4.204E+01 1.299E-04 0.000E+00 0.000E+00
 138 1403.5  4.175E+01 1.288E-04 0.000E+00 0.000E+00
 139 1405.5  4.145E+01 6.890E-05 0.000E+00 0.000E+00
 140 1407.5  4.115E+01 4.960E-05 0.000E+00 0.000E+00
 141 1409.5  4.085E+01 4.897E-05 0.000E+00 0.000E+00
 142 1411.4  4.057E+01 5.215E-05 0.000E+00 0.000E+00
 143 1413.4  4.028E+01 5.092E-05 0.000E+00 0.000E+00
 144 1415.4  3.999E+01 4.986E-05 0.000E+00 0.000E+00
 145 1417.4  3.970E+01 5.040E-05 0.000E+00 0.000E+00
 146 1419.5  3.942E+01 4.958E-05 0.000E+00 0.000E+00
 147 1421.5  3.912E+01 5.019E-05 0.000E+00 0.000E+00
 148 1423.5  3.884E+01 5.965E-05 0.000E+00 0.000E+00
 149 1425.5  3.857E+01 6.274E-05 0.000E+00 0.000E+00
 150 1427.5  3.829E+01 5.269E-05 0.000E+00 0.000E+00
 151 1429.6  3.801E+01 5.402E-05 0.000E+00 0.000E+00
 152 1431.7  3.774E+01 6.567E-05 0.000E+00 0.000E+00
 153 1433.7  3.746E+01 6.713E-05 0.000E+00 0.000E+00
 154 1435.8  3.719E+01 6.111E-05 0.000E+00 0.000E+00
 155 1437.8  3.692E+01 5.862E-05 0.000E+00 0.000E+00
 156 1439.8  3.666E+01 5.711E-05 0.000E+00 0.000E+00
 157 1442.0  3.639E+01 5.829E-05 0.000E+00 0.000E+00
 158 1444.0  3.612E+01 6.098E-05 0.000E+00 0.000E+00
 159 1446.2  3.586E+01 6.205E-05 0.000E+00 0.000E+00
 160 1448.2  3.559E+01 5.994E-05 0.000E+00 0.000E+00
 161 1450.3  3.533E+01 5.957E-05 0.000E+00 0.000E+00
 162 1452.5  3.508E+01 6.227E-05 0.000E+00 0.000E+00
 163 1454.5  3.482E+01 6.600E-05 0.000E+00 0.000E+00
 164 1456.7  3.457E+01 6.589E-05 0.000E+00 0.000E+00
 165 1458.8  3.432E+01 6.696E-05 0.000E+00 0.000E+00
 166 1461.0  3.406E+01 6.926E-05 0.000E+00 0.000E+00
 167 1463.0  3.381E+01 7.491E-05 0.000E+00 0.000E+00
 168 1465.2  3.356E+01 7.765E-05 0.000E+00 0.000E+00
 169 1467.3  3.331E+01 8.866E-05 0.000E+00 0.000E+00
 170 1469.5  3.307E+01 8.868E-05 0.000E+00 0.000E+00
 171 1471.7  3.282E+01 1.093E-04 0.000E+00 0.000E+00
 172 1473.8  3.258E+01 1.260E-04 0.000E+00 0.000E+00
 173 1476.0  3.234E+01 9.189E-05 0.000E+00 0.000E+00
 174 1478.2  3.210E+01 7.718E-05 0.000E+00 0.000E+00
 175 1480.4  3.186E+01 9.513E-05 0.000E+00 0.000E+00
 176 1482.6  3.163E+01 1.090E-04 0.000E+00 0.000E+00
 177 1484.8  3.139E+01 9.774E-05 0.000E+00 0.000E+00
 178 1487.0  3.116E+01 9.585E-05 0.000E+00 0.000E+00
 179 1489.2  3.093E+01 8.629E-05 0.000E+00 0.000E+00
 180 1491.4  3.070E+01 8.798E-05 0.000E+00 0.000E+00
 181 1493.7  3.047E+01 9.053E-05 0.000E+00 0.000E+00
 182 1495.9  3.024E+01 8.783E-05 0.000E+00 0.000E+00
 183 1498.2  3.002E+01 9.003E-05 0.000E+00 0.000E+00
 184 1500.4  2.979E+01 9.779E-05 0.000E+00 0.000E+00
 185 1502.7  2.957E+01 9.895E-05 0.000E+00 0.000E+00
 186 1504.9  2.934E+01 9.643E-05 0.000E+00 0.000E+00
 187 1507.2  2.913E+01 9.797E-05 0.000E+00 0.000E+00
 188 1509.4  2.891E+01 1.057E-04 0.000E+00 0.000E+00
 189 1511.8  2.869E+01 1.091E-04 0.000E+00 0.000E+00
 190 1514.1  2.847E+01 1.031E-04 0.000E+00 0.000E+00
 191 1516.3  2.826E+01 1.031E-04 0.000E+00 0.000E+00
 192 1518.7  2.804E+01 1.035E-04 0.000E+00 0.000E+00
 193 1520.9  2.783E+01 1.071E-04 0.000E+00 0.000E+00
 194 1523.2  2.762E+01 1.179E-04 0.000E+00 0.000E+00
 195 1525.6  2.742E+01 1.600E-04 0.000E+00 0.000E+00
 196 1527.9  2.721E+01 1.577E-04 0.000E+00 0.000E+00
 197 1530.2  2.700E+01 1.299E-04 0.000E+00 0.000E+00
 198 1532.6  2.680E+01 1.766E-04 0.000E+00 0.000E+00
 199 1534.9  2.660E+01 1.678E-04 0.000E+00 0.000E+00
 200 1537.3  2.639E+01 1.354E-04 0.000E+00 0.000E+00
 201 1539.7  2.619E+01 1.384E-04 0.000E+00 0.000E+00
 202 1542.0  2.599E+01 1.408E-04 0.000E+00 0.000E+00
 203 1544.4  2.579E+01 1.459E-04 0.000E+00 0.000E+00
 204 1546.8  2.560E+01 3.516E-04 0.000E+00 0.000E+00
 205 1549.2  2.540E+01 4.828E-04 0.000E+00 0.000E+00
 206 1551.6  2.520E+01 2.998E-04 0.000E+00 0.000E+00
 207 1554.0  2.501E+01 1.518E-04 0.000E+00 0.000E+00
 208 1556.4  2.482E+01 1.538E-04 0.000E+00 0.000E+00
 209 1558.8  2.463E+01 2.564E-04 0.000E+00 0.000E+00
 210 1561.3  2.444E+01 2.890E-04 0.000E+00 0.000E+00
 211 1563.7  2.425E+01 1.903E-04 0.000E+00 0.000E+00
 212 1566.2  2.407E+01 1.711E-04 0.000E+00 0.000E+00
 213 1568.7  2.388E+01 1.946E-04 0.000E+00 0.000E+00
 214 1571.1  2.369E+01 1.993E-04 0.000E+00 0.000E+00
 215 1573.5  2.351E+01 2.187E-04 0.000E+00 0.000E+00
 216 1576.0  2.333E+01 2.004E-04 0.000E+00 0.000E+00
 217 1578.5  2.315E+01 1.707E-04 0.000E+00 0.000E+00
 218 1581.0  2.297E+01 1.771E-04 0.000E+00 0.000E+00
 219 1583.5  2.279E+01 1.776E-04 0.000E+00 0.000E+00
 220 1586.0  2.261E+01 1.916E-04 0.000E+00 0.000E+00
 221 1588.5  2.244E+01 1.992E-04 0.000E+00 0.000E+00
 222 1591.1  2.227E+01 1.891E-04 0.000E+00 0.000E+00
 223 1593.7  2.209E+01 1.969E-04 0.000E+00 0.000E+00
 224 1596.2  2.192E+01 1.861E-04 0.000E+00 0.000E+00
 225 1598.7  2.175E+01 1.789E-04 0.000E+00 0.000E+00
 226 1601.3  2.158E+01 2.093E-04 0.000E+00 0.000E+00
 227 1603.8  2.140E+01 2.073E-04 0.000E+00 0.000E+00
 228 1606.4  2.124E+01 2.038E-04 0.000E+00 0.000E+00
 229 1609.0  2.107E+01 2.312E-04 0.000E+00 0.000E+00
 230 1611.6  2.091E+01 2.644E-04 0.000E+00 0.000E+00
 231 1614.2  2.074E+01 2.544E-04 0.000E+00 0.000E+00
 232 1616.8  2.058E+01 2.298E-04 0.000E+00 0.000E+00
 233 1619.4  2.042E+01 2.476E-04 0.000E+00 0.000E+00
 234 1622.1  2.026E+01 2.793E-04 0.000E+00 0.000E+00
 235 1624.7  2.009E+01 2.934E-04 0.000E+00 0.000E+00
 236 1627.3  1.994E+01 2.898E-04 0.000E+00 0.000E+00
 237 1630.0  1.978E+01 2.857E-04 0.000E+00 0.000E+00
 238 1632.7  1.962E+01 3.076E-04 0.000E+00 0.000E+00
 239 1635.3  1.946E+01 3.009E-04 0.000E+00 0.000E+00
 240 1638.0  1.931E+01 3.555E-04 0.000E+00 0.000E+00
 241 1640.7  1.916E+01 4.226E-04 0.000E+00 0.000E+00
 242 1643.3  1.901E+01 3.455E-04 0.000E+00 0.000E+00
 243 1646.1  1.885E+01 3.101E-04 0.000E+00 0.000E+00
 244 1648.8  1.870E+01 3.060E-04 0.000E+00 0.000E+00
 245 1651.6  1.855E+01 2.994E-04 0.000E+00 0.000E+00
 246 1654.2  1.840E+01 4.522E-04 0.000E+00 0.000E+00
 247 1657.0  1.826E+01 8.233E-04 0.000E+00 0.000E+00
 248 1659.8  1.811E+01 5.530E-04 0.000E+00 0.000E+00
 249 1662.5  1.796E+01 3.785E-04 0.000E+00 0.000E+00
 250 1665.3  1.782E+01 3.720E-04 0.000E+00 0.000E+00
 251 1668.1  1.767E+01 3.955E-04 0.000E+00 0.000E+00
 252 1670.8  1.753E+01 4.912E-04 0.000E+00 0.000E+00
 253 1673.6  1.739E+01 4.275E-04 0.000E+00 0.000E+00
 254 1676.5  1.725E+01 4.123E-04 0.000E+00 0.000E+00
 255 1679.3  1.711E+01 4.218E-04 0.000E+00 0.000E+00
 256 1682.1  1.697E+01 4.298E-04 0.000E+00 0.000E+00
 257 1684.9  1.683E+01 4.870E-04 0.000E+00 0.000E+00
 258 1687.8  1.670E+01 5.413E-04 0.000E+00 0.000E+00
 259 1690.6  1.656E+01 5.700E-04 0.000E+00 0.000E+00
 260 1693.5  1.643E+01 6.138E-04 0.000E+00 0.000E+00
 261 1696.3  1.629E+01 6.693E-04 0.000E+00 0.000E+00
 262 1699.2  1.616E+01 6.997E-04 0.000E+00 0.000E+00
 263 1702.2  1.603E+01 7.582E-04 0.000E+00 0.000E+00
 264 1705.0  1.590E+01 7.069E-04 0.000E+00 0.000E+00
 265 1708.0  1.577E+01 7.524E-04 0.000E+00 0.000E+00
 266 1710.8  1.564E+01 7.515E-04 0.000E+00 0.000E+00
 267 1713.8  1.551E+01 7.052E-04 0.000E+00 0.000E+00
 268 1716.8  1.538E+01 7.787E-04 0.000E+00 0.000E+00
 269 1719.7  1.525E+01 8.083E-04 0.000E+00 0.000E+00
 270 1722.7  1.513E+01 7.764E-04 0.000E+00 0.000E+00
 271 1725.6  1.500E+01 8.303E-04 0.000E+00 0.000E+00
 272 1728.6  1.488E+01 7.812E-04 0.000E+00 0.000E+00
 273 1731.6  1.476E+01 7.491E-04 0.000E+00 0.000E+00
 274 1734.6  1.463E+01 8.041E-04 0.000E+00 0.000E+00
 275 1737.6  1.451E+01 8.396E-04 0.000E+00 0.000E+00
 276 1740.7  1.439E+01 9.183E-04 0.000E+00 0.000E+00
 277 1743.7  1.427E+01 1.002E-03 0.000E+00 0.000E+00
 278 1746.8  1.415E+01 9.724E-04 0.000E+00 0.000E+00
 279 1749.8  1.403E+01 1.021E-03 0.000E+00 0.000E+00
 280 1752.8  1.392E+01 1.142E-03 0.000E+00 0.000E+00
 281 1756.0  1.380E+01 1.218E-03 0.000E+00 0.000E+00
 282 1759.0  1.368E+01 1.261E-03 0.000E+00 0.000E+00
 283 1762.2  1.357E+01 1.261E-03 0.000E+00 0.000E+00
 284 1765.2  1.346E+01 1.209E-03 0.000E+00 0.000E+00
 285 1768.3  1.334E+01 1.383E-03 0.000E+00 0.000E+00
 286 1771.5  1.323E+01 1.592E-03 0.000E+00 0.000E+00
 287 1774.6  1.312E+01 1.512E-03 0.000E+00 0.000E+00
 288 1777.8  1.301E+01 1.493E-03 0.000E+00 0.000E+00
 289 1781.0  1.290E+01 1.673E-03 0.000E+00 0.000E+00
 290 1784.1  1.279E+01 1.671E-03 0.000E+00 0.000E+00
 291 1787.3  1.268E+01 1.733E-03 0.000E+00 0.000E+00
 292 1790.5  1.257E+01 1.811E-03 0.000E+00 0.000E+00
 293 1793.7  1.247E+01 1.615E-03 0.000E+00 0.000E+00
 294 1796.9  1.236E+01 1.666E-03 0.000E+00 0.000E+00
 295 1800.2  1.225E+01 1.826E-03 0.000E+00 0.000E+00
 296 1803.4  1.215E+01 1.913E-03 0.000E+00 0.000E+00
 297 1806.7  1.205E+01 2.258E-03 0.000E+00 0.000E+00
 298 1809.9  1.195E+01 2.205E-03 0.000E+00 0.000E+00
 299 1813.2  1.184E+01 1.959E-03 0.000E+00 0.000E+00
 300 1816.6  1.174E+01 3.257E-03 0.000E+00 0.000E+00
 301 1819.8  1.164E+01 2.531E-03 0.000E+00 0.000E+00
 302 1823.2  1.154E+01 2.483E-03 0.000E+00 0.000E+00
 303 1826.5  1.144E+01 2.353E-03 0.000E+00 0.000E+00
 304 1829.8  1.134E+01 2.349E-03 0.000E+00 0.000E+00
 305 1833.2  1.124E+01 2.529E-03 0.000E+00 0.000E+00
 306 1836.6  1.115E+01 2.578E-03 0.000E+00 0.000E+00
 307 1839.9  1.105E+01 2.423E-03 0.000E+00 0.000E+00
 308 1843.3  1.096E+01 2.274E-03 0.000E+00 0.000E+00
 309 1846.7  1.086E+01 2.086E-03 0.000E+00 0.000E+00
 310 1850.2  1.077E+01 2.105E-03 0.000E+00 0.000E+00
 311 1853.6  1.067E+01 2.457E-03 0.000E+00 0.000E+00
 312 1857.0  1.058E+01 2.775E-03 0.000E+00 0.000E+00
 313 1860.5  1.049E+01 2.625E-03 0.000E+00 0.000E+00
 314 1864.0  1.039E+01 2.755E-03 0.000E+00 0.000E+00
 315 1867.5  1.030E+01 3.096E-03 0.000E+00 0.000E+00
 316 1871.0  1.021E+01 3.421E-03 0.000E+00 0.000E+00
 317 1874.5  1.012E+01 3.345E-03 0.000E+00 0.000E+00
 318 1878.0  1.003E+01 3.235E-03 0.000E+00 0.000E+00
 319 1881.5  9.946E+00 3.230E-03 0.000E+00 0.000E+00
 320 1885.0  9.859E+00 3.637E-03 0.000E+00 0.000E+00
 321 1888.6  9.771E+00 3.743E-03 0.000E+00 0.000E+00
 322 1892.2  9.684E+00 4.130E-03 0.000E+00 0.000E+00
 323 1895.7  9.600E+00 4.004E-03 0.000E+00 0.000E+00
 324 1899.3  9.515E+00 3.648E-03 0.000E+00 0.000E+00
 325 1902.9  9.431E+00 4.003E-03 0.000E+00 0.000E+00
 326 1906.6  9.345E+00 4.221E-03 0.000E+00 0.000E+00
 327 1910.2  9.263E+00 4.305E-03 0.000E+00 0.000E+00
 328 1913.8  9.181E+00 4.450E-03 0.000E+00 0.000E+00
 329 1917.6  9.099E+00 4.630E-03 0.000E+00 0.000E+00
 330 1921.2  9.017E+00 4.912E-03 0.000E+00 0.000E+00
 331 1924.9  8.936E+00 4.706E-03 0.000E+00 0.000E+00
 332 1928.7  8.856E+00 4.445E-03 0.000E+00 0.000E+00
 333 1932.3  8.777E+00 3.413E-03 1.052-132 3.083-130
 334 1936.1  8.698E+00 3.368E-03 1.263E-67 3.750E-65
 335 1939.8  8.619E+00 4.997E-03 4.039E-60 8.083E-58
 336 1943.6  8.543E+00 6.086E-03 1.492E-53 2.451E-51
 337 1947.4  8.465E+00 6.134E-03 7.309E-78 1.192E-75
 338 1951.2  8.388E+00 5.782E-03 2.170E-78 3.753E-76
 339 1955.0  8.312E+00 5.932E-03 7.911E-39 1.334E-36
 340 1958.8  8.237E+00 6.066E-03 2.293E-39 3.780E-37
 341 1962.7  8.161E+00 6.006E-03 5.336E-73 8.884E-71
 342 1966.5  8.088E+00 7.110E-03 5.472E-61 7.697E-59
 343 1970.5  8.014E+00 7.006E-03 3.582E-70 5.113E-68
 344 1974.3  7.940E+00 6.665E-03 2.687E-70 4.031E-68
 345 1978.2  7.868E+00 6.534E-03 1.301E-20 1.992E-18
 346 1982.2  7.796E+00 6.950E-03 1.194E-31 1.718E-29
 347 1986.1  7.725E+00 6.526E-03 1.778E-31 2.724E-29
 348 1990.0  7.653E+00 6.519E-03 3.959E-17 6.074E-15
 349 1994.0  7.584E+00 7.415E-03 7.441E-16 1.004E-13
 350 1998.0  7.513E+00 7.273E-03 1.235E-21 1.698E-19
 351 2002.0  7.444E+00 7.651E-03 6.571E-21 8.589E-19
 352 2006.0  7.375E+00 7.954E-03 8.040E-15 1.011E-12
 353 2010.0  7.308E+00 8.162E-03 1.437E-17 1.761E-15
 354 2014.1  7.239E+00 8.565E-03 1.023E-16 1.194E-14
 355 2018.2  7.173E+00 8.873E-03 3.220E-13 3.628E-11
 356 2022.2  7.105E+00 8.774E-03 8.410E-13 9.586E-11
 357 2026.3  7.039E+00 8.543E-03 7.843E-13 9.181E-11
 358 2030.5  6.974E+00 9.592E-03 1.078E-12 1.124E-10
 359 2034.6  6.909E+00 9.627E-03 1.731E-12 1.798E-10
 360 2038.8  6.843E+00 9.960E-03 2.294E-12 2.303E-10
 361 2042.9  6.780E+00 1.084E-02 3.115E-12 2.873E-10
 362 2047.1  6.716E+00 1.114E-02 3.424E-12 3.073E-10
 363 2051.3  6.653E+00 1.135E-02 3.685E-12 3.247E-10
 364 2055.5  6.590E+00 1.125E-02 4.496E-12 3.996E-10
 365 2059.8  6.529E+00 1.128E-02 5.684E-12 5.038E-10
 366 2064.0  6.466E+00 1.151E-02 6.319E-12 5.489E-10
 367 2068.2  6.406E+00 1.221E-02 6.704E-12 5.492E-10
 368 2072.6  6.345E+00 1.303E-02 7.637E-12 5.861E-10
 369 2076.8  6.285E+00 1.393E-02 8.956E-12 6.428E-10
 370 2081.2  6.225E+00 1.426E-02 8.909E-12 6.250E-10
 371 2085.5  6.166E+00 1.571E-02 9.437E-12 6.005E-10
 372 2089.9  6.107E+00 1.840E-02 1.134E-11 6.163E-10
 373 2094.2  6.048E+00 2.200E-02 1.322E-11 6.007E-10
 374 2098.6  5.991E+00 2.490E-02 1.314E-11 5.277E-10
 375 2103.1  5.934E+00 2.854E-02 1.344E-11 4.709E-10
 376 2107.5  5.876E+00 3.135E-02 1.427E-11 4.550E-10
 377 2111.9  5.820E+00 3.264E-02 1.342E-11 4.111E-10
 378 2116.4  5.763E+00 3.679E-02 1.210E-11 3.287E-10
 379 2120.8  5.709E+00 3.851E-02 9.923E-12 2.577E-10
 380 2125.4  5.654E+00 2.960E-02 6.032E-12 2.038E-10
 381 2129.9  5.598E+00 3.265E-02 5.007E-12 1.533E-10
 382 2134.5  5.544E+00 3.259E-02 3.592E-12 1.102E-10
 383 2139.1  5.490E+00 3.680E-02 2.861E-12 7.777E-11
 384 2143.6  5.437E+00 4.501E-02 2.427E-12 5.392E-11
 385 2148.2  5.384E+00 4.120E-02 1.438E-12 3.490E-11
 386 2152.8  5.332E+00 4.049E-02 9.255E-13 2.286E-11
 387 2157.5  5.279E+00 3.376E-02 5.221E-13 1.546E-11
 388 2162.2  5.228E+00 3.763E-02 3.690E-13 9.807E-12
 389 2166.8  5.176E+00 3.159E-02 1.812E-13 5.735E-12
 390 2171.6  5.126E+00 3.453E-02 1.152E-13 3.336E-12
 391 2176.2  5.075E+00 3.489E-02 6.917E-14 1.982E-12
 392 2181.0  5.026E+00 4.829E-02 5.422E-14 1.123E-12
 393 2185.8  4.976E+00 4.612E-02 2.745E-14 5.952E-13
 394 2190.6  4.926E+00 4.576E-02 1.379E-14 3.014E-13
 395 2195.4  4.877E+00 5.013E-02 7.257E-15 1.448E-13
 396 2200.2  4.829E+00 5.135E-02 3.340E-15 6.504E-14
 397 2205.1  4.782E+00 5.468E-02 1.528E-15 2.795E-14
 398 2209.9  4.734E+00 3.881E-02 4.564E-16 1.176E-14
 399 2214.9  4.686E+00 4.120E-02 1.933E-16 4.690E-15
 400 2219.8  4.639E+00 4.492E-02 7.896E-17 1.758E-15
 401 2224.7  4.593E+00 5.151E-02 3.297E-17 6.400E-16
 402 2229.6  4.547E+00 5.498E-02 1.260E-17 2.291E-16
 403 2234.6  4.502E+00 7.085E-02 5.535E-18 7.813E-17
 404 2239.6  4.456E+00 6.537E-02 1.584E-18 2.423E-17
 405 2244.7  4.411E+00 5.969E-02 4.419E-19 7.404E-18
 406 2249.8  4.366E+00 6.034E-02 1.367E-19 2.266E-18
 407 2254.8  4.322E+00 5.395E-02 3.539E-20 6.560E-19
 408 2259.9  4.279E+00 4.912E-02 8.790E-21 1.789E-19
 409 2265.0  4.235E+00 4.027E-02 1.893E-21 4.701E-20
 410 2270.1  4.192E+00 3.456E-02 4.082E-22 1.181E-20
 411 2275.3  4.149E+00 3.964E-02 1.077E-22 2.717E-21
 412 2280.5  4.107E+00 5.145E-02 3.109E-23 6.042E-22
 413 2285.7  4.065E+00 5.448E-02 7.145E-24 1.312E-22
 414 2290.9  4.023E+00 5.028E-02 1.289E-24 2.563E-23
 415 2296.2  3.982E+00 4.940E-02 2.418E-25 4.896E-24
 416 2301.5  3.941E+00 4.792E-02 4.394E-26 9.169E-25
 417 2306.8  3.901E+00 6.023E-02 1.158E-26 1.923E-25
 418 2312.2  3.860E+00 4.720E-02 1.695E-27 3.592E-26
 419 2317.5  3.820E+00 5.539E-02 3.338E-28 6.026E-27
 420 2322.9  3.780E+00 5.678E-02 5.121E-29 9.020E-28
 421 2328.3  3.741E+00 5.140E-02 6.161E-30 1.199E-28
 422 2333.7  3.702E+00 4.677E-02 1.028E-30 2.197E-29
 423 2339.2  3.664E+00 4.205E-02 1.471E-31 3.497E-30
 424 2344.7  3.626E+00 3.790E-02 1.309E-32 3.453E-31
 425 2350.2  3.588E+00 4.593E-02 2.361E-33 5.142E-32
 426 2355.7  3.550E+00 5.672E-02 5.030E-34 8.867E-33
 427 2361.3  3.513E+00 4.961E-02 4.703E-35 9.479E-34
 428 2366.9  3.476E+00 4.837E-02 6.104E-36 1.262E-34
 429 2372.5  3.439E+00 5.323E-02 9.505E-37 1.786E-35
 430 2378.2  3.403E+00 4.954E-02 1.037E-37 2.093E-36
 431 2383.8  3.367E+00 3.920E-02 1.013E-38 2.583E-37
 432 2389.4  3.331E+00 4.709E-02 1.886E-39 4.005E-38
 433 2395.2  3.296E+00 4.436E-02 1.497E-40 3.375E-39
 434 2400.9  3.261E+00 4.382E-02 1.501E-41 3.425E-40
 435 2406.7  3.226E+00 3.933E-02 2.768E-42 7.037E-41
 436 2412.6  3.192E+00 4.349E-02 3.174E-43 7.297E-42
 437 2418.4  3.157E+00 6.294E-02 5.479E-44 8.704E-43
 438 2424.2  3.124E+00 7.230E-02 4.664E-44 6.452E-43
 439 2430.1  3.090E+00 7.332E-02 5.323E-45 7.260E-44
 440 2436.1  3.057E+00 6.667E-02 3.788E-46 5.682E-45
 441 2442.0  3.024E+00 6.764E-02 7.883E-47 1.165E-45
 442 2448.0  2.991E+00 5.894E-02 1.990E-47 3.376E-46
 443 2454.0  2.958E+00 5.126E-02 1.292E-48 2.521E-47
 444 2460.1  2.926E+00 5.015E-02 1.677E-49 3.344E-48
 445 2466.1  2.894E+00 5.137E-02 9.250E-50 1.801E-48
 446 2472.1  2.863E+00 5.640E-02 2.045E-50 3.626E-49
 447 2478.3  2.832E+00 5.606E-02 4.199E-51 7.491E-50
 448 2484.5  2.801E+00 4.697E-02 8.960E-52 1.908E-50
 449 2490.7  2.770E+00 4.445E-02 1.291E-52 2.905E-51
 450 2496.9  2.740E+00 6.412E-02 4.743E-53 7.397E-52
 451 2503.2  2.710E+00 6.400E-02 4.302E-53 6.723E-52
 452 2509.4  2.679E+00 5.619E-02 3.858E-53 6.866E-52
 453 2515.8  2.650E+00 4.520E-02 3.276E-54 7.249E-53
 454 2522.1  2.621E+00 4.222E-02 1.226E-54 2.904E-53
 455 2528.4  2.591E+00 4.386E-02 2.761E-54 6.295E-53
 456 2534.8  2.563E+00 5.354E-02 1.377E-54 2.571E-53
 457 2541.3  2.534E+00 5.788E-02 1.252E-54 2.163E-53
 458 2547.8  2.506E+00 6.165E-02 1.168E-54 1.894E-53
 459 2554.2  2.478E+00 8.123E-02 5.339E-55 6.573E-54
 460 2560.8  2.450E+00 9.049E-02 1.849E-54 2.043E-53
 461 2567.4  2.423E+00 1.128E-01 1.115E-53 9.887E-53
 462 2574.0  2.395E+00 1.268E-01 2.413E-53 1.903E-52
 463 2580.7  2.368E+00 1.373E-01 2.299E-53 1.674E-52
 464 2587.3  2.341E+00 1.233E-01 7.969E-54 6.460E-53
 465 2594.1  2.315E+00 1.154E-01 1.339E-52 1.160E-51
 466 2600.8  2.289E+00 8.971E-02 8.987E-52 1.002E-50
 467 2607.6  2.262E+00 8.767E-02 5.602E-52 6.390E-51
 468 2614.4  2.237E+00 8.788E-02 6.750E-51 7.681E-50
 469 2621.2  2.211E+00 1.094E-01 3.231E-50 2.953E-49
 470 2628.1  2.186E+00 1.040E-01 2.220E-49 2.135E-48
 471 2635.1  2.161E+00 1.585E-01 1.048E-47 6.610E-47
 472 2642.0  2.136E+00 2.627E-01 2.693E-47 1.025E-46
 473 2649.0  2.111E+00 2.404E-01 1.643E-46 6.833E-46
 474 2656.1  2.087E+00 2.713E-01 2.765E-45 1.019E-44
 475 2663.1  2.062E+00 2.608E-01 2.526E-44 9.687E-44
 476 2670.2  2.039E+00 2.535E-01 8.245E-43 3.252E-42
 477 2677.4  2.015E+00 2.618E-01 8.009E-42 3.059E-41
 478 2684.6  1.991E+00 2.575E-01 1.747E-40 6.782E-40
 479 2691.8  1.968E+00 2.451E-01 3.728E-39 1.521E-38
 480 2699.1  1.945E+00 2.587E-01 2.854E-38 1.103E-37
 481 2706.3  1.922E+00 2.792E-01 9.478E-37 3.395E-36
 482 2713.7  1.900E+00 2.494E-01 1.895E-35 7.596E-35
 483 2721.1  1.877E+00 1.902E-01 1.985E-34 1.044E-33
 484 2728.5  1.855E+00 2.263E-01 4.940E-33 2.182E-32
 485 2735.9  1.833E+00 1.974E-01 1.550E-31 7.852E-31
 486 2743.5  1.811E+00 1.397E-01 3.403E-30 2.436E-29
 487 2751.1  1.790E+00 1.557E-01 5.785E-29 3.714E-28
 488 2758.6  1.768E+00 2.121E-01 1.403E-27 6.613E-27
 489 2766.2  1.747E+00 2.558E-01 3.385E-26 1.323E-25
 490 2773.9  1.726E+00 2.569E-01 6.297E-25 2.451E-24
 491 2781.7  1.705E+00 1.875E-01 8.362E-24 4.459E-23
 492 2789.4  1.685E+00 1.354E-01 1.407E-22 1.039E-21
 493 2797.2  1.665E+00 8.132E-02 1.317E-21 1.619E-20
 494 2805.1  1.644E+00 9.790E-02 2.451E-20 2.503E-19
 495 2812.9  1.624E+00 1.921E-01 1.352E-18 7.037E-18
 496 2820.9  1.605E+00 2.792E-01 3.063E-17 1.097E-16
 497 2828.9  1.585E+00 3.235E-01 2.157E-16 6.667E-16
 498 2836.9  1.566E+00 3.239E-01 2.243E-15 6.927E-15
 499 2844.9  1.547E+00 2.570E-01 2.376E-14 9.243E-14
 500 2853.1  1.528E+00 1.401E-01 1.250E-13 8.926E-13
 501 2861.2  1.509E+00 2.826E-01 2.086E-12 7.380E-12
 502 2869.4  1.490E+00 3.659E-01 1.567E-11 4.284E-11
 503 2877.7  1.472E+00 3.310E-01 1.221E-10 3.689E-10
 504 2886.0  1.454E+00 3.428E-01 1.007E-09 2.937E-09
 505 2894.4  1.435E+00 4.682E-01 7.119E-09 1.520E-08
 506 2902.8  1.417E+00 6.167E-01 4.109E-08 6.664E-08
 507 2911.2  1.400E+00 6.155E-01 1.734E-07 2.817E-07
 508 2919.8  1.382E+00 5.713E-01 7.162E-07 1.254E-06
 509 2928.3  1.365E+00 5.279E-01 2.280E-06 4.319E-06
 510 2936.9  1.348E+00 5.470E-01 7.550E-06 1.380E-05
 511 2945.6  1.331E+00 5.216E-01 2.072E-05 3.973E-05
 512 2954.2  1.314E+00 5.615E-01 5.991E-05 1.067E-04
 513 2963.0  1.297E+00 5.575E-01 1.526E-04 2.737E-04
 514 2971.8  1.281E+00 4.783E-01 3.049E-04 6.374E-04
 515 2980.6  1.265E+00 5.294E-01 7.378E-04 1.394E-03
 516 2989.6  1.248E+00 4.960E-01 1.339E-03 2.700E-03
 517 2998.5  1.232E+00 4.648E-01 2.255E-03 4.852E-03
 518 3007.5  1.217E+00 4.431E-01 3.739E-03 8.440E-03
 519 3016.6  1.201E+00 4.699E-01 6.347E-03 1.351E-02
 520 3025.7  1.185E+00 5.187E-01 1.078E-02 2.079E-02
 521 3034.9  1.170E+00 6.473E-01 1.996E-02 3.084E-02
 522 3044.2  1.155E+00 6.183E-01 2.646E-02 4.280E-02
 523 3053.4  1.140E+00 6.420E-01 3.817E-02 5.945E-02
 524 3062.8  1.125E+00 5.638E-01 4.319E-02 7.662E-02
 525 3072.2  1.110E+00 6.284E-01 6.258E-02 9.958E-02
 526 3081.7  1.096E+00 6.508E-01 8.093E-02 1.244E-01
 527 3091.2  1.081E+00 5.660E-01 8.424E-02 1.488E-01
 528 3100.8  1.067E+00 5.362E-01 9.591E-02 1.789E-01
 529 3110.4  1.053E+00 7.776E-01 1.563E-01 2.011E-01
 530 3120.2  1.039E+00 6.951E-01 1.620E-01 2.331E-01
 531 3129.9  1.025E+00 7.004E-01 1.855E-01 2.648E-01
 532 3139.8  1.011E+00 7.325E-01 2.165E-01 2.955E-01
 533 3149.6  9.979E-01 6.813E-01 2.233E-01 3.278E-01
 534 3159.6  9.846E-01 5.985E-01 2.131E-01 3.561E-01
 535 3169.6  9.713E-01 7.619E-01 2.944E-01 3.864E-01
 536 3179.6  9.583E-01 7.239E-01 3.002E-01 4.147E-01
 537 3189.8  9.453E-01 7.041E-01 3.102E-01 4.406E-01
 538 3200.0  9.325E-01 7.954E-01 3.657E-01 4.597E-01
 539 3210.2  9.199E-01 7.579E-01 3.758E-01 4.958E-01
 540 3220.6  9.074E-01 7.435E-01 3.787E-01 5.094E-01
 541 3231.0  8.949E-01 6.604E-01 3.492E-01 5.288E-01
 542 3241.5  8.827E-01 7.627E-01 4.264E-01 5.590E-01
 543 3252.1  8.705E-01 8.479E-01 4.758E-01 5.612E-01
 544 3262.7  8.586E-01 1.010E+00 5.909E-01 5.850E-01
 545 3273.3  8.466E-01 9.921E-01 5.919E-01 5.966E-01
 546 3284.1  8.349E-01 9.435E-01 5.695E-01 6.036E-01
 547 3294.9  8.233E-01 1.100E+00 6.946E-01 6.317E-01
 548 3305.8  8.119E-01 1.041E+00 6.562E-01 6.301E-01
 549 3316.8  8.004E-01 1.005E+00 6.406E-01 6.374E-01
 550 3327.8  7.892E-01 9.758E-01 6.420E-01 6.580E-01
 551 3338.9  7.782E-01 9.516E-01 6.293E-01 6.613E-01
 552 3350.1  7.672E-01 1.011E+00 6.799E-01 6.723E-01
 553 3361.3  7.563E-01 8.890E-01 6.051E-01 6.807E-01
 554 3372.7  7.456E-01 8.586E-01 5.849E-01 6.812E-01
 555 3384.1  7.350E-01 9.485E-01 6.542E-01 6.897E-01
 556 3395.6  7.245E-01 1.008E+00 7.012E-01 6.957E-01
 557 3407.2  7.141E-01 1.022E+00 7.167E-01 7.009E-01
 558 3418.8  7.039E-01 9.797E-01 6.956E-01 7.100E-01
 559 3430.6  6.937E-01 1.040E+00 7.425E-01 7.138E-01
 560 3442.4  6.837E-01 8.392E-01 6.016E-01 7.169E-01
 561 3454.2  6.738E-01 9.750E-01 7.034E-01 7.214E-01
 562 3466.2  6.640E-01 9.653E-01 7.010E-01 7.262E-01
 563 3478.2  6.544E-01 9.291E-01 6.793E-01 7.311E-01
 564 3490.4  6.448E-01 9.296E-01 6.837E-01 7.354E-01
 565 3502.7  6.353E-01 1.051E+00 7.768E-01 7.394E-01
 566 3514.9  6.259E-01 1.028E+00 7.639E-01 7.432E-01
 567 3527.3  6.167E-01 9.648E-01 7.208E-01 7.471E-01
 568 3539.8  6.076E-01 1.127E+00 8.470E-01 7.514E-01
 569 3552.4  5.986E-01 1.114E+00 8.418E-01 7.554E-01
 570 3565.1  5.897E-01 9.549E-01 7.247E-01 7.589E-01
 571 3577.8  5.808E-01 8.137E-01 6.204E-01 7.624E-01
 572 3590.6  5.721E-01 8.845E-01 6.779E-01 7.664E-01
 573 3603.6  5.635E-01 1.040E+00 8.009E-01 7.701E-01
 574 3616.6  5.550E-01 9.341E-01 7.229E-01 7.738E-01
 575 3629.8  5.466E-01 1.057E+00 8.217E-01 7.777E-01
 576 3643.0  5.383E-01 1.067E+00 8.333E-01 7.811E-01
 577 3656.3  5.301E-01 1.225E+00 9.609E-01 7.846E-01
 578 3669.8  5.220E-01 1.260E+00 9.935E-01 7.884E-01
 579 3683.2  5.140E-01 1.161E+00 9.193E-01 7.920E-01
 580 3696.8  5.061E-01 1.288E+00 1.025E+00 7.956E-01
 581 3710.6  4.983E-01 1.204E+00 9.617E-01 7.991E-01
 582 3724.4  4.905E-01 1.105E+00 8.871E-01 8.026E-01
 583 3738.3  4.829E-01 9.608E-01 7.747E-01 8.063E-01
 584 3752.4  4.754E-01 1.030E+00 8.344E-01 8.098E-01
 585 3766.5  4.679E-01 1.140E+00 9.272E-01 8.133E-01
 586 3780.8  4.606E-01 1.385E+00 1.132E+00 8.169E-01
 587 3795.1  4.533E-01 1.131E+00 9.277E-01 8.203E-01
 588 3809.6  4.461E-01 1.225E+00 1.009E+00 8.237E-01
 589 3824.1  4.391E-01 8.587E-01 7.105E-01 8.273E-01
 590 3838.8  4.321E-01 8.091E-01 6.722E-01 8.308E-01
 591 3853.6  4.252E-01 1.043E+00 8.702E-01 8.342E-01
 592 3868.5  4.184E-01 1.035E+00 8.669E-01 8.377E-01
 593 3883.6  4.116E-01 1.023E+00 8.604E-01 8.410E-01
 594 3898.6  4.050E-01 1.224E+00 1.034E+00 8.445E-01
 595 3913.9  3.985E-01 1.305E+00 1.107E+00 8.479E-01
 596 3929.3  3.919E-01 8.235E-01 7.011E-01 8.514E-01
 597 3944.8  3.856E-01 1.014E+00 8.669E-01 8.548E-01
 598 3960.4  3.792E-01 1.087E+00 9.332E-01 8.582E-01
 599 3976.2  3.730E-01 1.060E+00 9.135E-01 8.615E-01
 600 3992.1  3.668E-01 1.604E+00 1.387E+00 8.646E-01
 601 4008.1  3.608E-01 1.719E+00 1.493E+00 8.684E-01
 602 4024.2  3.548E-01 1.783E+00 1.556E+00 8.725E-01
 603 4040.4  3.489E-01 1.711E+00 1.499E+00 8.761E-01
 604 4056.8  3.430E-01 1.683E+00 1.480E+00 8.798E-01
 605 4073.3  3.373E-01 1.648E+00 1.456E+00 8.833E-01
 606 4090.0  3.316E-01 1.747E+00 1.549E+00 8.867E-01
 607 4106.8  3.260E-01 1.639E+00 1.459E+00 8.901E-01
 608 4123.7  3.204E-01 1.809E+00 1.616E+00 8.934E-01
 609 4140.8  3.150E-01 1.772E+00 1.589E+00 8.967E-01
 610 4158.0  3.096E-01 1.822E+00 1.640E+00 9.000E-01
 611 4175.4  3.043E-01 1.729E+00 1.562E+00 9.032E-01
 612 4192.9  2.990E-01 1.738E+00 1.575E+00 9.065E-01
 613 4210.5  2.938E-01 1.775E+00 1.614E+00 9.096E-01
 614 4228.4  2.887E-01 1.728E+00 1.577E+00 9.127E-01
 615 4246.3  2.837E-01 1.779E+00 1.629E+00 9.157E-01
 616 4264.4  2.787E-01 1.730E+00 1.589E+00 9.188E-01
 617 4282.6  2.738E-01 1.638E+00 1.510E+00 9.219E-01
 618 4301.1  2.690E-01 1.371E+00 1.269E+00 9.250E-01
 619 4319.6  2.642E-01 1.606E+00 1.490E+00 9.280E-01
 620 4338.4  2.595E-01 1.678E+00 1.562E+00 9.309E-01
 621 4357.3  2.549E-01 1.819E+00 1.699E+00 9.339E-01
 622 4376.4  2.503E-01 1.731E+00 1.621E+00 9.368E-01
 623 4395.6  2.458E-01 1.817E+00 1.707E+00 9.395E-01
 624 4415.1  2.414E-01 1.935E+00 1.823E+00 9.421E-01
 625 4434.6  2.370E-01 1.972E+00 1.863E+00 9.449E-01
 626 4454.4  2.327E-01 1.905E+00 1.806E+00 9.480E-01
 627 4474.3  2.284E-01 2.009E+00 1.911E+00 9.509E-01
 628 4494.4  2.242E-01 2.061E+00 1.965E+00 9.536E-01
 629 4514.7  2.201E-01 2.154E+00 2.060E+00 9.562E-01
 630 4535.2  2.160E-01 2.000E+00 1.918E+00 9.590E-01
 631 4555.9  2.120E-01 2.080E+00 2.001E+00 9.616E-01
 632 4576.7  2.080E-01 2.094E+00 2.018E+00 9.637E-01
 633 4597.8  2.041E-01 2.078E+00 2.007E+00 9.656E-01
 634 4619.0  2.003E-01 2.131E+00 2.063E+00 9.679E-01
 635 4640.4  1.965E-01 2.077E+00 2.017E+00 9.708E-01
 636 4662.0  1.927E-01 2.031E+00 1.978E+00 9.738E-01
 637 4683.9  1.891E-01 2.048E+00 1.999E+00 9.762E-01
 638 4705.9  1.854E-01 2.010E+00 1.966E+00 9.785E-01
 639 4728.1  1.819E-01 2.077E+00 2.037E+00 9.810E-01
 640 4750.6  1.783E-01 2.112E+00 2.076E+00 9.831E-01
 641 4773.3  1.749E-01 2.090E+00 2.058E+00 9.844E-01
 642 4796.2  1.715E-01 2.099E+00 2.068E+00 9.853E-01
 643 4819.3  1.681E-01 2.111E+00 2.083E+00 9.867E-01
 644 4842.6  1.648E-01 2.041E+00 2.018E+00 9.892E-01
 645 4866.2  1.615E-01 1.771E+00 1.757E+00 9.922E-01
 646 4890.0  1.583E-01 1.997E+00 1.986E+00 9.946E-01
 647 4914.1  1.552E-01 1.971E+00 1.964E+00 9.964E-01
 648 4938.3  1.521E-01 2.008E+00 2.005E+00 9.984E-01
 649 4962.8  1.490E-01 2.024E+00 2.024E+00 1.000E+00
 650 4987.6  1.460E-01 1.974E+00 1.976E+00 1.001E+00
 651 5012.6  1.430E-01 1.869E+00 1.870E+00 1.001E+00
 652 5037.8  1.401E-01 1.942E+00 1.943E+00 1.000E+00
 653 5063.3  1.372E-01 1.979E+00 1.982E+00 1.001E+00
 654 5089.1  1.344E-01 1.877E+00 1.885E+00 1.004E+00
 655 5115.1  1.316E-01 1.944E+00 1.957E+00 1.007E+00
 656 5141.4  1.289E-01 1.856E+00 1.871E+00 1.008E+00
 657 5168.0  1.262E-01 1.760E+00 1.776E+00 1.009E+00
 658 5194.8  1.235E-01 1.780E+00 1.799E+00 1.010E+00
 659 5222.0  1.209E-01 1.847E+00 1.867E+00 1.011E+00
 660 5249.4  1.183E-01 1.914E+00 1.934E+00 1.010E+00
 661 5277.1  1.158E-01 1.801E+00 1.817E+00 1.009E+00
 662 5305.1  1.133E-01 1.937E+00 1.953E+00 1.008E+00
 663 5333.4  1.109E-01 1.855E+00 1.871E+00 1.009E+00
 664 5362.0  1.085E-01 1.905E+00 1.925E+00 1.010E+00
 665 5390.9  1.061E-01 1.878E+00 1.899E+00 1.012E+00
 666 5420.1  1.038E-01 1.842E+00 1.864E+00 1.012E+00
 667 5449.6  1.015E-01 1.901E+00 1.924E+00 1.012E+00
 668 5479.5  9.928E-02 1.888E+00 1.912E+00 1.013E+00
 669 5509.7  9.708E-02 1.898E+00 1.923E+00 1.013E+00
 670 5540.2  9.491E-02 1.890E+00 1.916E+00 1.014E+00
 671 5571.1  9.278E-02 1.853E+00 1.878E+00 1.013E+00
 672 5602.3  9.069E-02 1.813E+00 1.834E+00 1.012E+00
 673 5633.9  8.863E-02 1.855E+00 1.874E+00 1.010E+00
 674 5665.8  8.661E-02 1.818E+00 1.835E+00 1.009E+00
 675 5698.1  8.463E-02 1.795E+00 1.811E+00 1.009E+00
 676 5730.7  8.268E-02 1.863E+00 1.880E+00 1.009E+00
 677 5763.7  8.076E-02 1.835E+00 1.855E+00 1.011E+00
 678 5797.1  7.888E-02 1.814E+00 1.839E+00 1.014E+00
 679 5831.0  7.703E-02 1.847E+00 1.878E+00 1.017E+00
 680 5865.2  7.522E-02 1.806E+00 1.841E+00 1.019E+00
 681 5899.8  7.344E-02 1.727E+00 1.762E+00 1.021E+00
 682 5934.8  7.169E-02 1.787E+00 1.823E+00 1.020E+00
 683 5970.2  6.997E-02 1.773E+00 1.805E+00 1.018E+00
 684 6006.1  6.829E-02 1.741E+00 1.770E+00 1.017E+00
 685 6042.4  6.663E-02 1.754E+00 1.786E+00 1.018E+00
 686 6079.1  6.501E-02 1.748E+00 1.787E+00 1.022E+00
 687 6116.3  6.342E-02 1.724E+00 1.771E+00 1.027E+00
 688 6153.9  6.185E-02 1.670E+00 1.724E+00 1.033E+00
 689 6192.0  6.032E-02 1.699E+00 1.762E+00 1.037E+00
 690 6230.6  5.882E-02 1.666E+00 1.734E+00 1.041E+00
 691 6269.6  5.734E-02 1.673E+00 1.747E+00 1.044E+00
 692 6309.2  5.590E-02 1.657E+00 1.736E+00 1.048E+00
 693 6349.2  5.448E-02 1.643E+00 1.728E+00 1.052E+00
 694 6389.9  5.309E-02 1.641E+00 1.734E+00 1.056E+00
 695 6431.0  5.172E-02 1.613E+00 1.711E+00 1.061E+00
 696 6472.6  5.039E-02 1.610E+00 1.714E+00 1.064E+00
 697 6514.7  4.908E-02 1.583E+00 1.690E+00 1.068E+00
 698 6557.4  4.779E-02 1.463E+00 1.567E+00 1.071E+00
 699 6600.7  4.654E-02 1.553E+00 1.669E+00 1.075E+00
 700 6644.6  4.530E-02 1.532E+00 1.651E+00 1.078E+00
 701 6689.0  4.409E-02 1.539E+00 1.665E+00 1.082E+00
 702 6734.1  4.291E-02 1.537E+00 1.667E+00 1.085E+00
 703 6779.8  4.175E-02 1.514E+00 1.647E+00 1.088E+00
 704 6826.0  4.062E-02 1.492E+00 1.628E+00 1.091E+00
 705 6873.0  3.951E-02 1.496E+00 1.636E+00 1.093E+00
 706 6920.5  3.842E-02 1.465E+00 1.606E+00 1.096E+00
 707 6968.7  3.735E-02 1.463E+00 1.608E+00 1.099E+00
 708 7017.6  3.631E-02 1.446E+00 1.593E+00 1.102E+00
 709 7067.2  3.529E-02 1.441E+00 1.591E+00 1.104E+00
 710 7117.5  3.429E-02 1.402E+00 1.550E+00 1.105E+00
 711 7168.5  3.331E-02 1.370E+00 1.517E+00 1.107E+00
 712 7220.3  3.236E-02 1.360E+00 1.509E+00 1.109E+00
 713 7272.9  3.143E-02 1.338E+00 1.486E+00 1.111E+00
 714 7326.1  3.051E-02 1.333E+00 1.483E+00 1.113E+00
 715 7380.1  2.962E-02 1.306E+00 1.455E+00 1.114E+00
 716 7435.0  2.875E-02 1.291E+00 1.439E+00 1.115E+00
 717 7490.8  2.789E-02 1.286E+00 1.435E+00 1.116E+00
 718 7547.3  2.706E-02 1.277E+00 1.428E+00 1.118E+00
 719 7604.7  2.624E-02 1.251E+00 1.400E+00 1.120E+00
 720 7663.0  2.545E-02 1.225E+00 1.373E+00 1.121E+00
 721 7722.1  2.467E-02 1.207E+00 1.354E+00 1.121E+00
 722 7782.2  2.391E-02 1.191E+00 1.336E+00 1.122E+00
 723 7843.2  2.317E-02 1.173E+00 1.317E+00 1.123E+00
 724 7905.2  2.244E-02 1.159E+00 1.304E+00 1.125E+00
 725 7968.2  2.174E-02 1.138E+00 1.282E+00 1.126E+00
 726 8032.2  2.105E-02 1.128E+00 1.272E+00 1.127E+00
 727 8097.3  2.037E-02 1.118E+00 1.260E+00 1.127E+00
 728 8163.4  1.972E-02 1.105E+00 1.246E+00 1.128E+00
 729 8230.6  1.908E-02 1.076E+00 1.214E+00 1.129E+00
 730 8298.9  1.845E-02 1.066E+00 1.205E+00 1.131E+00
 731 8368.3  1.784E-02 1.043E+00 1.180E+00 1.132E+00
 732 8439.0  1.725E-02 1.027E+00 1.163E+00 1.132E+00
 733 8510.8  1.667E-02 9.429E-01 1.068E+00 1.132E+00
 734 8583.9  1.611E-02 9.775E-01 1.107E+00 1.133E+00
 735 8658.2  1.556E-02 9.655E-01 1.095E+00 1.134E+00
 736 8733.8  1.502E-02 9.832E-01 1.116E+00 1.135E+00
 737 8810.8  1.450E-02 9.527E-01 1.082E+00 1.136E+00
 738 8889.1  1.400E-02 9.335E-01 1.061E+00 1.136E+00
 739 8968.8  1.350E-02 9.153E-01 1.040E+00 1.137E+00
 740 9050.0  1.302E-02 8.918E-01 1.014E+00 1.137E+00
 741 9132.6  1.256E-02 8.811E-01 1.003E+00 1.138E+00
 742 9216.8  1.210E-02 8.526E-01 9.710E-01 1.139E+00
 743 9302.5  1.166E-02 8.536E-01 9.726E-01 1.139E+00
 744 9389.9  1.123E-02 8.303E-01 9.464E-01 1.140E+00
 745 9478.9  1.081E-02 8.202E-01 9.353E-01 1.140E+00
 746 9569.6  1.041E-02 7.969E-01 9.092E-01 1.141E+00
 747 9662.0  1.001E-02 7.851E-01 8.962E-01 1.141E+00
 748 9756.3  9.630E-03 7.699E-01 8.792E-01 1.142E+00
 749 9852.5  9.259E-03 7.565E-01 8.642E-01 1.142E+00
 750 9950.5  8.898E-03 7.427E-01 8.489E-01 1.143E+00


 PHOTOLYSIS RATES

     Z      PO2_O1D    PO2_O3P    PH2O_1     PH2O_2     PH2O_3     PO3_O1D    PO3_O      PO3_3O     
 2.50E+04   0.00E+00   3.02E-20   1.47E-20   0.00E+00   0.00E+00   7.19E-06   2.03E-04   2.33E-20
 1.75E+05   0.00E+00   4.33E-19   3.56E-19   0.00E+00   0.00E+00   8.34E-06   2.10E-04   1.15E-17
 3.25E+05   0.00E+00   4.69E-18   5.79E-18   0.00E+00   0.00E+00   9.33E-06   2.15E-04   9.69E-16
 4.75E+05   0.00E+00   3.63E-17   6.01E-17   0.00E+00   0.00E+00   1.02E-05   2.21E-04   2.13E-14
 6.25E+05   0.00E+00   2.08E-16   4.17E-16   0.00E+00   0.00E+00   1.09E-05   2.26E-04   2.05E-13
 7.75E+05   0.00E+00   9.29E-16   2.11E-15   0.00E+00   0.00E+00   1.16E-05   2.31E-04   1.22E-12
 9.25E+05   0.00E+00   3.40E-15   8.49E-15   0.00E+00   0.00E+00   1.22E-05   2.35E-04   5.45E-12
 1.08E+06   0.00E+00   1.05E-14   2.82E-14   0.00E+00   0.00E+00   1.29E-05   2.39E-04   1.97E-11
 1.22E+06   0.00E+00   2.70E-14   7.80E-14   0.00E+00   0.00E+00   1.38E-05   2.43E-04   5.80E-11
 1.38E+06   0.00E+00   6.13E-14   1.89E-13   0.00E+00   0.00E+00   1.47E-05   2.47E-04   1.47E-10
 1.52E+06   0.00E+00   1.32E-13   4.34E-13   0.00E+00   0.00E+00   1.59E-05   2.51E-04   3.47E-10
 1.68E+06   0.00E+00   2.81E-13   9.81E-13   0.00E+00   0.00E+00   1.78E-05   2.55E-04   7.88E-10
 1.82E+06   0.00E+00   5.93E-13   2.20E-12   0.00E+00   0.00E+00   2.05E-05   2.59E-04   1.74E-09
 1.98E+06   0.00E+00   1.23E-12   4.84E-12   0.00E+00   0.00E+00   2.46E-05   2.63E-04   3.68E-09
 2.12E+06   0.00E+00   2.47E-12   1.02E-11   0.00E+00   0.00E+00   3.04E-05   2.66E-04   7.38E-09
 2.28E+06   1.20-167   4.71E-12   2.03E-11   5.45-165   8.18-165   3.84E-05   2.70E-04   1.39E-08
 2.42E+06   1.31-136   8.54E-12   3.84E-11   5.93-134   8.89-134   4.96E-05   2.74E-04   2.43E-08
 2.58E+06   7.79-112   1.48E-11   6.91E-11   3.53-109   5.29-109   6.51E-05   2.77E-04   4.00E-08
 2.72E+06   4.51E-92   2.43E-11   1.20E-10   2.04E-89   3.06E-89   8.68E-05   2.82E-04   6.19E-08
 2.88E+06   2.49E-76   3.83E-11   2.01E-10   1.13E-73   1.69E-73   1.17E-04   2.87E-04   9.05E-08
 3.02E+06   8.20E-64   5.78E-11   3.26E-10   3.71E-61   5.57E-61   1.60E-04   2.93E-04   1.26E-07
 3.18E+06   6.98E-54   8.36E-11   5.08E-10   3.16E-51   4.74E-51   2.19E-04   3.01E-04   1.66E-07
 3.32E+06   5.11E-46   1.16E-10   7.54E-10   2.31E-43   3.47E-43   3.03E-04   3.11E-04   2.10E-07
 3.48E+06   8.55E-40   1.56E-10   1.06E-09   3.87E-37   5.81E-37   4.27E-04   3.26E-04   2.56E-07
 3.62E+06   7.20E-35   2.01E-10   1.43E-09   3.26E-32   4.89E-32   6.23E-04   3.48E-04   3.01E-07
 3.78E+06   5.83E-31   2.48E-10   1.83E-09   2.64E-28   3.96E-28   9.27E-04   3.82E-04   3.44E-07
 3.92E+06   7.79E-28   2.94E-10   2.26E-09   3.53E-25   5.29E-25   1.33E-03   4.28E-04   3.83E-07
 4.08E+06   2.69E-25   3.36E-10   2.72E-09   1.22E-22   1.83E-22   1.79E-03   4.79E-04   4.19E-07
 4.22E+06   3.36E-23   3.75E-10   3.23E-09   1.52E-20   2.28E-20   2.23E-03   5.28E-04   4.53E-07
 4.38E+06   1.88E-21   4.13E-10   3.83E-09   8.51E-19   1.28E-18   2.61E-03   5.72E-04   4.84E-07
 4.52E+06   5.38E-20   4.50E-10   4.58E-09   2.44E-17   3.66E-17   2.93E-03   6.07E-04   5.14E-07
 4.68E+06   8.69E-19   4.89E-10   5.54E-09   3.94E-16   5.90E-16   3.17E-03   6.34E-04   5.42E-07
 4.82E+06   8.62E-18   5.30E-10   6.76E-09   3.90E-15   5.85E-15   3.36E-03   6.55E-04   5.70E-07
 4.98E+06   5.66E-17   5.74E-10   8.26E-09   2.56E-14   3.85E-14   3.49E-03   6.70E-04   5.96E-07
 5.12E+06   2.64E-16   6.23E-10   1.00E-08   1.20E-13   1.79E-13   3.59E-03   6.81E-04   6.22E-07
 5.28E+06   9.45E-16   6.76E-10   1.21E-08   4.23E-13   6.35E-13   3.65E-03   6.88E-04   6.47E-07
 5.42E+06   3.15E-15   7.36E-10   1.43E-08   1.28E-12   1.92E-12   3.70E-03   6.93E-04   6.70E-07
 5.58E+06   1.53E-14   8.05E-10   1.69E-08   4.56E-12   6.85E-12   3.73E-03   6.97E-04   6.93E-07
 5.72E+06   1.04E-13   8.85E-10   1.98E-08   2.37E-11   3.56E-11   3.75E-03   6.99E-04   7.16E-07
 5.88E+06   6.11E-13   9.81E-10   2.38E-08   1.27E-10   1.90E-10   3.76E-03   7.01E-04   7.38E-07
 6.02E+06   2.72E-12   1.10E-09   3.07E-08   5.46E-10   8.19E-10   3.77E-03   7.02E-04   7.65E-07
 6.18E+06   9.32E-12   1.25E-09   4.51E-08   1.83E-09   2.75E-09   3.78E-03   7.03E-04   8.03E-07
 6.32E+06   2.55E-11   1.45E-09   7.43E-08   4.95E-09   7.42E-09   3.78E-03   7.03E-04   8.67E-07
 6.48E+06   5.81E-11   1.74E-09   1.28E-07   1.11E-08   1.67E-08   3.79E-03   7.04E-04   9.73E-07
 6.62E+06   1.13E-10   2.14E-09   2.14E-07   2.14E-08   3.21E-08   3.79E-03   7.04E-04   1.14E-06
 6.78E+06   1.95E-10   2.69E-09   3.38E-07   3.63E-08   5.44E-08   3.79E-03   7.04E-04   1.36E-06
 6.92E+06   3.01E-10   3.43E-09   4.96E-07   5.55E-08   8.33E-08   3.79E-03   7.04E-04   1.65E-06
 7.08E+06   4.26E-10   4.39E-09   6.81E-07   7.79E-08   1.17E-07   3.79E-03   7.04E-04   1.98E-06
 7.22E+06   5.64E-10   5.60E-09   8.83E-07   1.02E-07   1.53E-07   3.79E-03   7.04E-04   2.34E-06
 7.38E+06   7.10E-10   7.09E-09   1.09E-06   1.26E-07   1.90E-07   3.79E-03   7.05E-04   2.69E-06
 7.52E+06   8.77E-10   8.87E-09   1.29E-06   1.50E-07   2.25E-07   3.79E-03   7.05E-04   3.04E-06
 7.68E+06   1.09E-09   1.10E-08   1.49E-06   1.72E-07   2.58E-07   3.79E-03   7.05E-04   3.37E-06
 7.82E+06   1.40E-09   1.36E-08   1.68E-06   1.93E-07   2.90E-07   3.79E-03   7.05E-04   3.70E-06
 7.98E+06   1.85E-09   1.68E-08   1.88E-06   2.14E-07   3.21E-07   3.79E-03   7.05E-04   4.03E-06
 8.12E+06   2.52E-09   2.08E-08   2.08E-06   2.35E-07   3.53E-07   3.79E-03   7.05E-04   4.36E-06
 8.28E+06   3.57E-09   2.56E-08   2.29E-06   2.56E-07   3.83E-07   3.79E-03   7.05E-04   4.70E-06
 8.42E+06   5.46E-09   3.12E-08   2.51E-06   2.77E-07   4.14E-07   3.79E-03   7.05E-04   5.04E-06
 8.58E+06   9.09E-09   3.74E-08   2.73E-06   2.97E-07   4.43E-07   3.79E-03   7.05E-04   5.37E-06
 8.72E+06   1.60E-08   4.41E-08   2.96E-06   3.17E-07   4.70E-07   3.79E-03   7.05E-04   5.69E-06
 8.88E+06   2.82E-08   5.07E-08   3.20E-06   3.35E-07   4.94E-07   3.79E-03   7.05E-04   5.99E-06
 9.02E+06   4.86E-08   5.72E-08   3.45E-06   3.51E-07   5.16E-07   3.79E-03   7.05E-04   6.27E-06
 9.18E+06   8.07E-08   6.34E-08   3.72E-06   3.66E-07   5.35E-07   3.79E-03   7.05E-04   6.52E-06
 9.32E+06   1.29E-07   6.94E-08   4.01E-06   3.79E-07   5.51E-07   3.79E-03   7.05E-04   6.75E-06
 9.48E+06   2.03E-07   7.55E-08   4.32E-06   3.90E-07   5.64E-07   3.79E-03   7.05E-04   6.95E-06
 9.62E+06   3.24E-07   8.25E-08   4.65E-06   4.01E-07   5.75E-07   3.79E-03   7.05E-04   7.15E-06
 9.78E+06   5.62E-07   9.43E-08   5.00E-06   4.11E-07   5.83E-07   3.79E-03   7.05E-04   7.34E-06
 9.92E+06   1.13E-06   1.26E-07   5.41E-06   4.23E-07   5.92E-07   3.80E-03   7.05E-04   7.60E-06

     Z      PH2O2      PCO2_1     PCO2_2     PH2CO_1    PH2CO_2    PHO2       PCH4_1     PCH4_2     
 2.50E+04   1.97E-06   1.50E-25   0.00E+00   1.66E-05   9.71E-06   2.23E-14   0.00E+00   0.00E+00
 1.75E+05   2.22E-06   1.32E-22   0.00E+00   1.90E-05   1.13E-05   3.12E-13   0.00E+00   0.00E+00
 3.25E+05   2.43E-06   1.51E-20   0.00E+00   2.12E-05   1.28E-05   3.33E-12   0.00E+00   0.00E+00
 4.75E+05   2.60E-06   3.75E-19   0.00E+00   2.32E-05   1.41E-05   2.54E-11   0.00E+00   0.00E+00
 6.25E+05   2.73E-06   3.80E-18   0.00E+00   2.49E-05   1.53E-05   1.44E-10   0.00E+00   0.00E+00
 7.75E+05   2.83E-06   2.30E-17   0.00E+00   2.66E-05   1.64E-05   6.39E-10   0.00E+00   0.00E+00
 9.25E+05   2.92E-06   1.03E-16   0.00E+00   2.81E-05   1.75E-05   2.32E-09   0.00E+00   0.00E+00
 1.08E+06   3.03E-06   3.73E-16   0.00E+00   2.94E-05   1.84E-05   7.08E-09   0.00E+00   0.00E+00
 1.22E+06   3.16E-06   1.10E-15   0.00E+00   3.05E-05   1.92E-05   1.80E-08   0.00E+00   0.00E+00
 1.38E+06   3.28E-06   2.83E-15   0.00E+00   3.16E-05   2.00E-05   4.04E-08   0.00E+00   0.00E+00
 1.52E+06   3.42E-06   6.86E-15   0.00E+00   3.26E-05   2.09E-05   8.57E-08   0.00E+00   0.00E+00
 1.68E+06   3.58E-06   1.63E-14   0.00E+00   3.36E-05   2.18E-05   1.79E-07   0.00E+00   0.00E+00
 1.82E+06   3.77E-06   3.85E-14   0.00E+00   3.45E-05   2.28E-05   3.73E-07   0.00E+00   0.00E+00
 1.98E+06   4.00E-06   8.81E-14   0.00E+00   3.54E-05   2.39E-05   7.64E-07   0.00E+00   0.00E+00
 2.12E+06   4.30E-06   1.92E-13   0.00E+00   3.62E-05   2.52E-05   1.51E-06   0.00E+00   0.00E+00
 2.28E+06   4.69E-06   3.93E-13   2.42-166   3.70E-05   2.65E-05   2.85E-06   1.97-164   3.82-164
 2.42E+06   5.21E-06   7.51E-13   2.63-135   3.77E-05   2.80E-05   5.11E-06   2.14-133   4.15-133
 2.58E+06   5.90E-06   1.35E-12   1.57-110   3.85E-05   2.95E-05   8.71E-06   1.27-108   2.47-108
 2.72E+06   6.82E-06   2.28E-12   9.06E-91   3.92E-05   3.13E-05   1.42E-05   7.36E-89   1.43E-88
 2.88E+06   8.02E-06   3.66E-12   5.01E-75   4.00E-05   3.31E-05   2.21E-05   4.07E-73   7.90E-73
 3.02E+06   9.58E-06   5.61E-12   1.65E-62   4.08E-05   3.50E-05   3.32E-05   1.34E-60   2.60E-60
 3.18E+06   1.15E-05   8.18E-12   1.40E-52   4.16E-05   3.70E-05   4.81E-05   1.14E-50   2.21E-50
 3.32E+06   1.39E-05   1.14E-11   1.03E-44   4.24E-05   3.90E-05   6.74E-05   8.34E-43   1.62E-42
 3.48E+06   1.69E-05   1.51E-11   1.72E-38   4.32E-05   4.09E-05   9.15E-05   1.40E-36   2.71E-36
 3.62E+06   2.04E-05   1.93E-11   1.45E-33   4.40E-05   4.27E-05   1.20E-04   1.18E-31   2.28E-31
 3.78E+06   2.46E-05   2.37E-11   1.17E-29   4.47E-05   4.43E-05   1.51E-04   9.52E-28   1.85E-27
 3.92E+06   2.92E-05   2.82E-11   1.57E-26   4.53E-05   4.56E-05   1.81E-04   1.27E-24   2.47E-24
 4.08E+06   3.37E-05   3.27E-11   5.41E-24   4.59E-05   4.66E-05   2.08E-04   4.39E-22   8.53E-22
 4.22E+06   3.77E-05   3.73E-11   6.75E-22   4.63E-05   4.74E-05   2.31E-04   5.48E-20   1.06E-19
 4.38E+06   4.10E-05   4.22E-11   3.78E-20   4.67E-05   4.80E-05   2.49E-04   3.07E-18   5.96E-18
 4.52E+06   4.38E-05   4.74E-11   1.08E-18   4.70E-05   4.84E-05   2.63E-04   8.79E-17   1.71E-16
 4.68E+06   4.58E-05   5.32E-11   1.75E-17   4.72E-05   4.87E-05   2.74E-04   1.42E-15   2.75E-15
 4.82E+06   4.74E-05   5.96E-11   1.73E-16   4.73E-05   4.90E-05   2.82E-04   1.41E-14   2.73E-14
 4.98E+06   4.86E-05   6.67E-11   1.14E-15   4.74E-05   4.91E-05   2.88E-04   9.25E-14   1.79E-13
 5.12E+06   4.94E-05   7.45E-11   5.31E-15   4.75E-05   4.92E-05   2.92E-04   4.31E-13   8.37E-13
 5.28E+06   5.00E-05   8.28E-11   1.88E-14   4.76E-05   4.93E-05   2.96E-04   1.53E-12   2.95E-12
 5.42E+06   5.04E-05   9.17E-11   5.77E-14   4.76E-05   4.94E-05   2.98E-04   4.72E-12   8.72E-12
 5.58E+06   5.07E-05   1.01E-10   2.17E-13   4.76E-05   4.94E-05   3.00E-04   1.82E-11   2.80E-11
 5.72E+06   5.10E-05   1.11E-10   1.19E-12   4.76E-05   4.94E-05   3.01E-04   1.02E-10   1.27E-10
 5.88E+06   5.11E-05   1.22E-10   6.53E-12   4.76E-05   4.95E-05   3.02E-04   5.61E-10   6.39E-10
 6.02E+06   5.12E-05   1.34E-10   2.83E-11   4.77E-05   4.95E-05   3.03E-04   2.44E-09   2.69E-09
 6.18E+06   5.13E-05   1.47E-10   9.52E-11   4.77E-05   4.95E-05   3.03E-04   8.20E-09   8.98E-09
 6.32E+06   5.14E-05   1.62E-10   2.57E-10   4.77E-05   4.95E-05   3.04E-04   2.21E-08   2.41E-08
 6.48E+06   5.15E-05   1.80E-10   5.76E-10   4.77E-05   4.95E-05   3.04E-04   4.95E-08   5.39E-08
 6.62E+06   5.16E-05   2.01E-10   1.11E-09   4.77E-05   4.96E-05   3.05E-04   9.52E-08   1.03E-07
 6.78E+06   5.18E-05   2.25E-10   1.88E-09   4.78E-05   4.96E-05   3.05E-04   1.61E-07   1.75E-07
 6.92E+06   5.19E-05   2.54E-10   2.88E-09   4.79E-05   4.97E-05   3.05E-04   2.47E-07   2.67E-07
 7.08E+06   5.21E-05   2.88E-10   4.04E-09   4.80E-05   4.98E-05   3.06E-04   3.46E-07   3.74E-07
 7.22E+06   5.23E-05   3.27E-10   5.29E-09   4.80E-05   4.99E-05   3.06E-04   4.53E-07   4.90E-07
 7.38E+06   5.26E-05   3.70E-10   6.56E-09   4.81E-05   5.00E-05   3.06E-04   5.60E-07   6.06E-07
 7.52E+06   5.28E-05   4.18E-10   7.78E-09   4.82E-05   5.00E-05   3.07E-04   6.64E-07   7.18E-07
 7.68E+06   5.31E-05   4.70E-10   8.95E-09   4.83E-05   5.01E-05   3.07E-04   7.64E-07   8.26E-07
 7.82E+06   5.33E-05   5.26E-10   1.01E-08   4.84E-05   5.02E-05   3.07E-04   8.61E-07   9.31E-07
 7.98E+06   5.35E-05   5.89E-10   1.13E-08   4.85E-05   5.03E-05   3.07E-04   9.59E-07   1.04E-06
 8.12E+06   5.37E-05   6.61E-10   1.25E-08   4.85E-05   5.04E-05   3.08E-04   1.06E-06   1.15E-06
 8.28E+06   5.40E-05   7.44E-10   1.39E-08   4.86E-05   5.05E-05   3.08E-04   1.16E-06   1.26E-06
 8.42E+06   5.42E-05   8.42E-10   1.54E-08   4.88E-05   5.06E-05   3.08E-04   1.27E-06   1.37E-06
 8.58E+06   5.45E-05   9.64E-10   1.71E-08   4.89E-05   5.08E-05   3.08E-04   1.37E-06   1.48E-06
 8.72E+06   5.47E-05   1.13E-09   1.89E-08   4.91E-05   5.10E-05   3.08E-04   1.48E-06   1.59E-06
 8.88E+06   5.50E-05   1.36E-09   2.07E-08   4.94E-05   5.12E-05   3.09E-04   1.57E-06   1.69E-06
 9.02E+06   5.52E-05   1.69E-09   2.26E-08   4.96E-05   5.15E-05   3.09E-04   1.66E-06   1.79E-06
 9.18E+06   5.55E-05   2.12E-09   2.46E-08   4.99E-05   5.18E-05   3.09E-04   1.75E-06   1.87E-06
 9.32E+06   5.57E-05   2.65E-09   2.70E-08   5.02E-05   5.20E-05   3.09E-04   1.82E-06   1.94E-06
 9.48E+06   5.60E-05   3.23E-09   3.02E-08   5.05E-05   5.23E-05   3.09E-04   1.89E-06   2.01E-06
 9.62E+06   5.63E-05   3.82E-09   3.50E-08   5.07E-05   5.25E-05   3.09E-04   1.94E-06   2.06E-06
 9.78E+06   5.66E-05   4.38E-09   4.42E-08   5.10E-05   5.28E-05   3.09E-04   2.00E-06   2.11E-06
 9.92E+06   5.71E-05   4.88E-09   6.52E-08   5.14E-05   5.32E-05   3.09E-04   2.06E-06   2.17E-06

     Z      PCH4_3     PC2H6_1    PC2H6_2    PHNO2_1    PHNO3      PHNO3_3    PHNO3_1    PNO        
 2.50E+04   0.00E+00   0.00E+00   0.00E+00   5.38E-04   1.52E-07   4.50E-21   3.23E-21   0.00E+00
 1.75E+05   0.00E+00   0.00E+00   0.00E+00   5.97E-04   1.71E-07   9.06E-18   6.51E-18   0.00E+00
 3.25E+05   0.00E+00   0.00E+00   0.00E+00   6.51E-04   1.84E-07   1.27E-15   9.14E-16   4.50-142
 4.75E+05   0.00E+00   0.00E+00   0.00E+00   6.99E-04   1.93E-07   3.51E-14   2.52E-14   1.01E-74
 6.25E+05   0.00E+00   0.00E+00   0.00E+00   7.42E-04   1.98E-07   3.74E-13   2.68E-13   1.35E-53
 7.75E+05   0.00E+00   0.00E+00   0.00E+00   7.82E-04   1.98E-07   2.32E-12   1.66E-12   5.59E-43
 9.25E+05   0.00E+00   0.00E+00   0.00E+00   8.17E-04   1.96E-07   1.05E-11   7.53E-12   5.83E-36
 1.08E+06   0.00E+00   0.00E+00   0.00E+00   8.48E-04   2.00E-07   3.84E-11   2.76E-11   1.47E-30
 1.22E+06   0.00E+00   0.00E+00   0.00E+00   8.76E-04   2.15E-07   1.17E-10   8.39E-11   2.92E-26
 1.38E+06   0.00E+00   0.00E+00   0.00E+00   9.00E-04   2.38E-07   3.13E-10   2.25E-10   7.94E-23
 1.52E+06   0.00E+00   0.00E+00   0.00E+00   9.23E-04   2.78E-07   8.01E-10   5.75E-10   4.74E-20
 1.68E+06   0.00E+00   0.00E+00   0.00E+00   9.43E-04   3.49E-07   2.03E-09   1.46E-09   8.90E-18
 1.82E+06   0.00E+00   0.00E+00   0.00E+00   9.59E-04   4.80E-07   5.12E-09   3.68E-09   6.87E-16
 1.98E+06   0.00E+00   0.00E+00   0.00E+00   9.73E-04   7.21E-07   1.25E-08   8.98E-09   2.61E-14
 2.12E+06   0.00E+00   0.00E+00   0.00E+00   9.84E-04   1.14E-06   2.89E-08   2.07E-08   5.53E-13
 2.28E+06   5.89-164   0.00E+00   3.88-165   9.93E-04   1.84E-06   6.20E-08   4.45E-08   7.11E-12
 2.42E+06   6.40-133   0.00E+00   4.22-134   1.00E-03   2.90E-06   1.23E-07   8.85E-08   5.99E-11
 2.58E+06   3.81-108   0.00E+00   2.51-109   1.01E-03   4.43E-06   2.28E-07   1.63E-07   3.51E-10
 2.72E+06   2.20E-88   0.00E+00   1.45E-89   1.01E-03   6.50E-06   3.92E-07   2.82E-07   1.51E-09
 2.88E+06   1.22E-72   0.00E+00   8.04E-74   1.02E-03   9.14E-06   6.34E-07   4.55E-07   5.04E-09
 3.02E+06   4.01E-60   0.00E+00   2.64E-61   1.03E-03   1.23E-05   9.64E-07   6.92E-07   1.36E-08
 3.18E+06   3.41E-50   0.00E+00   2.25E-51   1.04E-03   1.59E-05   1.38E-06   9.93E-07   3.05E-08
 3.32E+06   2.50E-42   0.00E+00   1.65E-43   1.05E-03   1.99E-05   1.88E-06   1.35E-06   5.94E-08
 3.48E+06   4.18E-36   0.00E+00   2.75E-37   1.06E-03   2.40E-05   2.44E-06   1.75E-06   1.02E-07
 3.62E+06   3.52E-31   0.00E+00   2.32E-32   1.07E-03   2.82E-05   3.03E-06   2.18E-06   1.60E-07
 3.78E+06   2.85E-27   0.00E+00   1.88E-28   1.09E-03   3.21E-05   3.63E-06   2.60E-06   2.32E-07
 3.92E+06   3.81E-24   0.00E+00   2.51E-25   1.10E-03   3.58E-05   4.20E-06   3.01E-06   3.14E-07
 4.08E+06   1.32E-21   0.00E+00   8.67E-23   1.12E-03   3.90E-05   4.74E-06   3.41E-06   4.06E-07
 4.22E+06   1.64E-19   0.00E+00   1.08E-20   1.13E-03   4.16E-05   5.27E-06   3.78E-06   5.05E-07
 4.38E+06   9.19E-18   0.00E+00   6.06E-19   1.14E-03   4.37E-05   5.77E-06   4.14E-06   6.11E-07
 4.52E+06   2.63E-16   0.00E+00   1.73E-17   1.14E-03   4.54E-05   6.26E-06   4.49E-06   7.24E-07
 4.68E+06   4.25E-15   0.00E+00   2.80E-16   1.15E-03   4.68E-05   6.74E-06   4.84E-06   8.42E-07
 4.82E+06   4.21E-14   0.00E+00   2.78E-15   1.16E-03   4.78E-05   7.21E-06   5.18E-06   9.64E-07
 4.98E+06   2.77E-13   0.00E+00   1.82E-14   1.16E-03   4.87E-05   7.68E-06   5.51E-06   1.09E-06
 5.12E+06   1.29E-12   0.00E+00   8.52E-14   1.16E-03   4.94E-05   8.13E-06   5.84E-06   1.22E-06
 5.28E+06   4.53E-12   0.00E+00   3.06E-13   1.16E-03   4.99E-05   8.56E-06   6.15E-06   1.34E-06
 5.42E+06   1.27E-11   0.00E+00   1.05E-12   1.16E-03   5.04E-05   8.98E-06   6.45E-06   1.47E-06
 5.58E+06   3.03E-11   0.00E+00   5.47E-12   1.16E-03   5.08E-05   9.39E-06   6.74E-06   1.60E-06
 5.72E+06   7.14E-11   0.00E+00   3.83E-11   1.17E-03   5.10E-05   9.77E-06   7.02E-06   1.73E-06
 5.88E+06   1.93E-10   0.00E+00   2.25E-10   1.17E-03   5.13E-05   1.01E-05   7.28E-06   1.85E-06
 6.02E+06   5.85E-10   0.00E+00   9.87E-10   1.17E-03   5.15E-05   1.05E-05   7.54E-06   1.98E-06
 6.18E+06   1.69E-09   0.00E+00   3.30E-09   1.17E-03   5.17E-05   1.09E-05   7.79E-06   2.12E-06
 6.32E+06   4.27E-09   0.00E+00   8.81E-09   1.17E-03   5.18E-05   1.12E-05   8.04E-06   2.25E-06
 6.48E+06   9.28E-09   0.00E+00   1.95E-08   1.17E-03   5.20E-05   1.16E-05   8.31E-06   2.40E-06
 6.62E+06   1.75E-08   0.00E+00   3.70E-08   1.17E-03   5.22E-05   1.20E-05   8.58E-06   2.57E-06
 6.78E+06   2.94E-08   0.00E+00   6.20E-08   1.17E-03   5.24E-05   1.24E-05   8.89E-06   2.75E-06
 6.92E+06   4.45E-08   0.00E+00   9.38E-08   1.17E-03   5.26E-05   1.28E-05   9.21E-06   2.95E-06
 7.08E+06   6.21E-08   0.00E+00   1.30E-07   1.17E-03   5.29E-05   1.33E-05   9.56E-06   3.17E-06
 7.22E+06   8.11E-08   0.00E+00   1.69E-07   1.17E-03   5.31E-05   1.38E-05   9.93E-06   3.40E-06
 7.38E+06   1.00E-07   0.00E+00   2.09E-07   1.17E-03   5.36E-05   1.44E-05   1.03E-05   3.64E-06
 7.52E+06   1.19E-07   0.00E+00   2.46E-07   1.17E-03   5.40E-05   1.49E-05   1.07E-05   3.88E-06
 7.68E+06   1.37E-07   0.00E+00   2.83E-07   1.17E-03   5.45E-05   1.54E-05   1.11E-05   4.13E-06
 7.82E+06   1.54E-07   0.00E+00   3.21E-07   1.17E-03   5.49E-05   1.59E-05   1.14E-05   4.37E-06
 7.98E+06   1.73E-07   0.00E+00   3.60E-07   1.17E-03   5.53E-05   1.64E-05   1.18E-05   4.60E-06
 8.12E+06   1.92E-07   0.00E+00   4.03E-07   1.17E-03   5.57E-05   1.69E-05   1.21E-05   4.84E-06
 8.28E+06   2.11E-07   0.00E+00   4.48E-07   1.17E-03   5.61E-05   1.73E-05   1.24E-05   5.07E-06
 8.42E+06   2.31E-07   0.00E+00   4.95E-07   1.17E-03   5.65E-05   1.78E-05   1.28E-05   5.30E-06
 8.58E+06   2.51E-07   0.00E+00   5.42E-07   1.17E-03   5.69E-05   1.82E-05   1.31E-05   5.53E-06
 8.72E+06   2.71E-07   0.00E+00   5.88E-07   1.17E-03   5.73E-05   1.86E-05   1.34E-05   5.75E-06
 8.88E+06   2.89E-07   0.00E+00   6.32E-07   1.17E-03   5.76E-05   1.91E-05   1.37E-05   5.98E-06
 9.02E+06   3.06E-07   0.00E+00   6.72E-07   1.17E-03   5.79E-05   1.95E-05   1.40E-05   6.22E-06
 9.18E+06   3.21E-07   0.00E+00   7.08E-07   1.17E-03   5.83E-05   1.98E-05   1.42E-05   6.45E-06
 9.32E+06   3.33E-07   0.00E+00   7.38E-07   1.17E-03   5.86E-05   2.02E-05   1.45E-05   6.70E-06
 9.48E+06   3.44E-07   0.00E+00   7.65E-07   1.17E-03   5.89E-05   2.06E-05   1.48E-05   6.96E-06
 9.62E+06   3.53E-07   0.00E+00   7.87E-07   1.17E-03   5.92E-05   2.10E-05   1.51E-05   7.22E-06
 9.78E+06   3.62E-07   0.00E+00   8.07E-07   1.17E-03   5.96E-05   2.14E-05   1.54E-05   7.52E-06
 9.92E+06   3.73E-07   0.00E+00   8.31E-07   1.17E-03   6.00E-05   2.19E-05   1.57E-05   7.90E-06

     Z      PNO2_O1D   PNO2       PCH3_1     PSO        PH2S       PSO2       PSO2_SO21  PSO2_SO23  
 2.50E+04   1.03E-15   3.56E-03   1.23E-14   3.77E-14   4.12E-14   2.17E-14   3.63E-05   4.25E-07
 1.75E+05   1.41E-14   3.91E-03   1.73E-13   5.60E-13   2.67E-13   3.32E-13   4.30E-05   4.69E-07
 3.25E+05   1.47E-13   4.22E-03   1.81E-12   6.27E-12   2.79E-12   3.80E-12   4.91E-05   5.08E-07
 4.75E+05   1.10E-12   4.49E-03   1.33E-11   4.95E-11   2.24E-11   3.04E-11   5.47E-05   5.44E-07
 6.25E+05   6.15E-12   4.75E-03   7.34E-11   2.87E-10   1.32E-10   1.78E-10   5.99E-05   5.75E-07
 7.75E+05   2.70E-11   4.97E-03   3.18E-10   1.29E-09   6.01E-10   8.05E-10   6.48E-05   6.04E-07
 9.25E+05   9.75E-11   5.18E-03   1.14E-09   4.76E-09   2.23E-09   2.97E-09   6.95E-05   6.30E-07
 1.08E+06   2.95E-10   5.36E-03   3.40E-09   1.47E-08   6.91E-09   9.17E-09   7.38E-05   6.53E-07
 1.22E+06   7.48E-10   5.52E-03   8.50E-09   3.77E-08   1.78E-08   2.36E-08   7.78E-05   6.73E-07
 1.38E+06   1.67E-09   5.66E-03   1.88E-08   8.50E-08   4.04E-08   5.31E-08   8.19E-05   6.90E-07
 1.52E+06   3.53E-09   5.79E-03   3.93E-08   1.81E-07   8.61E-08   1.13E-07   8.68E-05   7.07E-07
 1.68E+06   7.39E-09   5.91E-03   8.15E-08   3.78E-07   1.80E-07   2.35E-07   9.32E-05   7.21E-07
 1.82E+06   1.54E-08   6.01E-03   1.69E-07   7.84E-07   3.71E-07   4.85E-07   1.02E-04   7.33E-07
 1.98E+06   3.18E-08   6.09E-03   3.47E-07   1.59E-06   7.48E-07   9.76E-07   1.13E-04   7.42E-07
 2.12E+06   6.34E-08   6.16E-03   6.92E-07   3.10E-06   1.45E-06   1.89E-06   1.27E-04   7.49E-07
 2.28E+06   1.21E-07   6.21E-03   1.33E-06   5.73E-06   2.65E-06   3.47E-06   1.44E-04   7.54E-07
 2.42E+06   2.20E-07   6.25E-03   2.45E-06   1.00E-05   4.59E-06   6.02E-06   1.65E-04   7.58E-07
 2.58E+06   3.81E-07   6.29E-03   4.33E-06   1.65E-05   7.53E-06   9.88E-06   1.91E-04   7.61E-07
 2.72E+06   6.32E-07   6.32E-03   7.34E-06   2.58E-05   1.17E-05   1.54E-05   2.23E-04   7.63E-07
 2.88E+06   1.01E-06   6.35E-03   1.19E-05   3.82E-05   1.73E-05   2.27E-05   2.61E-04   7.65E-07
 3.02E+06   1.55E-06   6.38E-03   1.82E-05   5.39E-05   2.45E-05   3.19E-05   3.07E-04   7.67E-07
 3.18E+06   2.29E-06   6.40E-03   2.61E-05   7.24E-05   3.32E-05   4.29E-05   3.60E-04   7.68E-07
 3.32E+06   3.29E-06   6.42E-03   3.54E-05   9.30E-05   4.34E-05   5.53E-05   4.19E-04   7.69E-07
 3.48E+06   4.55E-06   6.44E-03   4.50E-05   1.15E-04   5.45E-05   6.83E-05   4.85E-04   7.69E-07
 3.62E+06   6.03E-06   6.45E-03   5.42E-05   1.35E-04   6.60E-05   8.09E-05   5.53E-04   7.70E-07
 3.78E+06   7.61E-06   6.47E-03   6.20E-05   1.54E-04   7.71E-05   9.23E-05   6.21E-04   7.70E-07
 3.92E+06   9.10E-06   6.48E-03   6.82E-05   1.69E-04   8.68E-05   1.02E-04   6.84E-04   7.71E-07
 4.08E+06   1.04E-05   6.49E-03   7.28E-05   1.81E-04   9.49E-05   1.09E-04   7.37E-04   7.71E-07
 4.22E+06   1.14E-05   6.50E-03   7.62E-05   1.91E-04   1.01E-04   1.15E-04   7.81E-04   7.71E-07
 4.38E+06   1.22E-05   6.50E-03   7.87E-05   1.98E-04   1.06E-04   1.19E-04   8.15E-04   7.71E-07
 4.52E+06   1.29E-05   6.50E-03   8.06E-05   2.03E-04   1.10E-04   1.23E-04   8.41E-04   7.72E-07
 4.68E+06   1.34E-05   6.51E-03   8.20E-05   2.08E-04   1.14E-04   1.25E-04   8.60E-04   7.72E-07
 4.82E+06   1.37E-05   6.51E-03   8.30E-05   2.11E-04   1.16E-04   1.28E-04   8.74E-04   7.72E-07
 4.98E+06   1.40E-05   6.51E-03   8.38E-05   2.14E-04   1.18E-04   1.29E-04   8.84E-04   7.72E-07
 5.12E+06   1.42E-05   6.51E-03   8.44E-05   2.16E-04   1.19E-04   1.31E-04   8.91E-04   7.72E-07
 5.28E+06   1.44E-05   6.51E-03   8.48E-05   2.18E-04   1.21E-04   1.32E-04   8.96E-04   7.72E-07
 5.42E+06   1.45E-05   6.52E-03   8.52E-05   2.19E-04   1.22E-04   1.33E-04   8.99E-04   7.72E-07
 5.58E+06   1.46E-05   6.52E-03   8.54E-05   2.21E-04   1.22E-04   1.34E-04   9.02E-04   7.72E-07
 5.72E+06   1.47E-05   6.52E-03   8.56E-05   2.22E-04   1.23E-04   1.34E-04   9.03E-04   7.72E-07
 5.88E+06   1.48E-05   6.52E-03   8.57E-05   2.23E-04   1.24E-04   1.35E-04   9.04E-04   7.72E-07
 6.02E+06   1.49E-05   6.52E-03   8.58E-05   2.23E-04   1.24E-04   1.36E-04   9.05E-04   7.72E-07
 6.18E+06   1.50E-05   6.52E-03   8.59E-05   2.24E-04   1.24E-04   1.36E-04   9.05E-04   7.72E-07
 6.32E+06   1.51E-05   6.52E-03   8.60E-05   2.24E-04   1.25E-04   1.37E-04   9.06E-04   7.72E-07
 6.48E+06   1.52E-05   6.52E-03   8.60E-05   2.25E-04   1.25E-04   1.37E-04   9.06E-04   7.72E-07
 6.62E+06   1.53E-05   6.52E-03   8.61E-05   2.25E-04   1.26E-04   1.38E-04   9.06E-04   7.72E-07
 6.78E+06   1.54E-05   6.52E-03   8.61E-05   2.25E-04   1.26E-04   1.38E-04   9.06E-04   7.72E-07
 6.92E+06   1.56E-05   6.52E-03   8.61E-05   2.26E-04   1.27E-04   1.39E-04   9.06E-04   7.72E-07
 7.08E+06   1.58E-05   6.52E-03   8.62E-05   2.26E-04   1.28E-04   1.40E-04   9.06E-04   7.72E-07
 7.22E+06   1.61E-05   6.52E-03   8.62E-05   2.26E-04   1.28E-04   1.41E-04   9.06E-04   7.72E-07
 7.38E+06   1.63E-05   6.52E-03   8.62E-05   2.26E-04   1.29E-04   1.42E-04   9.06E-04   7.72E-07
 7.52E+06   1.65E-05   6.52E-03   8.62E-05   2.26E-04   1.30E-04   1.43E-04   9.06E-04   7.72E-07
 7.68E+06   1.68E-05   6.52E-03   8.62E-05   2.27E-04   1.31E-04   1.43E-04   9.06E-04   7.72E-07
 7.82E+06   1.70E-05   6.52E-03   8.62E-05   2.27E-04   1.31E-04   1.44E-04   9.06E-04   7.72E-07
 7.98E+06   1.72E-05   6.52E-03   8.62E-05   2.27E-04   1.32E-04   1.45E-04   9.06E-04   7.72E-07
 8.12E+06   1.75E-05   6.52E-03   8.62E-05   2.27E-04   1.32E-04   1.46E-04   9.06E-04   7.72E-07
 8.28E+06   1.77E-05   6.52E-03   8.62E-05   2.27E-04   1.33E-04   1.47E-04   9.06E-04   7.72E-07
 8.42E+06   1.80E-05   6.52E-03   8.62E-05   2.27E-04   1.34E-04   1.47E-04   9.06E-04   7.72E-07
 8.58E+06   1.82E-05   6.52E-03   8.62E-05   2.27E-04   1.34E-04   1.48E-04   9.07E-04   7.72E-07
 8.72E+06   1.85E-05   6.52E-03   8.62E-05   2.27E-04   1.35E-04   1.49E-04   9.07E-04   7.72E-07
 8.88E+06   1.88E-05   6.52E-03   8.62E-05   2.27E-04   1.35E-04   1.49E-04   9.07E-04   7.72E-07
 9.02E+06   1.90E-05   6.52E-03   8.62E-05   2.28E-04   1.36E-04   1.50E-04   9.07E-04   7.72E-07
 9.18E+06   1.93E-05   6.52E-03   8.62E-05   2.28E-04   1.36E-04   1.51E-04   9.07E-04   7.72E-07
 9.32E+06   1.97E-05   6.52E-03   8.62E-05   2.28E-04   1.37E-04   1.51E-04   9.07E-04   7.72E-07
 9.48E+06   2.00E-05   6.52E-03   8.62E-05   2.28E-04   1.37E-04   1.51E-04   9.07E-04   7.72E-07
 9.62E+06   2.04E-05   6.52E-03   8.62E-05   2.28E-04   1.37E-04   1.52E-04   9.07E-04   7.72E-07
 9.78E+06   2.08E-05   6.52E-03   8.62E-05   2.28E-04   1.38E-04   1.52E-04   9.07E-04   7.72E-07
 9.92E+06   2.15E-05   6.52E-03   8.62E-05   2.28E-04   1.39E-04   1.53E-04   9.07E-04   7.72E-07

     Z      PS2        PS4        PS3        PS8L       PS8R       PS8        PSO3       PHSO       
 2.50E+04   2.88E-05   1.15E-01   5.33E-01   0.00E+00   0.00E+00   7.64E-14   6.54E-08   2.23E-14
 1.75E+05   3.40E-05   1.19E-01   5.73E-01   0.00E+00   0.00E+00   1.07E-13   7.64E-08   3.12E-13
 3.25E+05   3.88E-05   1.22E-01   6.08E-01   0.00E+00   0.00E+00   1.46E-13   8.63E-08   3.33E-12
 4.75E+05   4.31E-05   1.26E-01   6.40E-01   0.00E+00   0.00E+00   1.94E-13   9.53E-08   2.54E-11
 6.25E+05   4.71E-05   1.28E-01   6.69E-01   0.00E+00   0.00E+00   2.55E-13   1.04E-07   1.44E-10
 7.75E+05   5.09E-05   1.31E-01   6.95E-01   0.00E+00   0.00E+00   3.33E-13   1.11E-07   6.39E-10
 9.25E+05   5.45E-05   1.33E-01   7.18E-01   0.00E+00   0.00E+00   4.32E-13   1.19E-07   2.32E-09
 1.08E+06   5.77E-05   1.35E-01   7.39E-01   0.00E+00   0.00E+00   5.69E-13   1.26E-07   7.08E-09
 1.22E+06   6.08E-05   1.37E-01   7.57E-01   0.00E+00   0.00E+00   7.58E-13   1.33E-07   1.80E-08
 1.38E+06   6.38E-05   1.39E-01   7.73E-01   0.00E+00   0.00E+00   1.01E-12   1.41E-07   4.04E-08
 1.52E+06   6.74E-05   1.41E-01   7.89E-01   0.00E+00   0.00E+00   1.35E-12   1.53E-07   8.57E-08
 1.68E+06   7.19E-05   1.43E-01   8.03E-01   0.00E+00   0.00E+00   1.81E-12   1.72E-07   1.79E-07
 1.82E+06   7.76E-05   1.45E-01   8.14E-01   0.00E+00   0.00E+00   2.42E-12   2.05E-07   3.73E-07
 1.98E+06   8.50E-05   1.46E-01   8.23E-01   0.00E+00   0.00E+00   3.23E-12   2.63E-07   7.64E-07
 2.12E+06   9.41E-05   1.47E-01   8.29E-01   0.00E+00   0.00E+00   4.33E-12   3.64E-07   1.51E-06
 2.28E+06   1.05E-04   1.48E-01   8.34E-01   0.00E+00   0.00E+00   5.82E-12   5.35E-07   2.85E-06
 2.42E+06   1.19E-04   1.48E-01   8.37E-01   0.00E+00   0.00E+00   7.83E-12   8.07E-07   5.11E-06
 2.58E+06   1.36E-04   1.48E-01   8.40E-01   0.00E+00   0.00E+00   1.06E-11   1.22E-06   8.71E-06
 2.72E+06   1.56E-04   1.49E-01   8.42E-01   0.00E+00   0.00E+00   1.43E-11   1.81E-06   1.42E-05
 2.88E+06   1.81E-04   1.49E-01   8.44E-01   0.00E+00   0.00E+00   1.95E-11   2.60E-06   2.21E-05
 3.02E+06   2.11E-04   1.49E-01   8.45E-01   0.00E+00   0.00E+00   2.67E-11   3.64E-06   3.32E-05
 3.18E+06   2.46E-04   1.49E-01   8.46E-01   0.00E+00   0.00E+00   3.67E-11   4.91E-06   4.81E-05
 3.32E+06   2.86E-04   1.50E-01   8.47E-01   0.00E+00   0.00E+00   5.05E-11   6.40E-06   6.74E-05
 3.48E+06   3.29E-04   1.50E-01   8.47E-01   0.00E+00   0.00E+00   6.95E-11   8.09E-06   9.15E-05
 3.62E+06   3.72E-04   1.50E-01   8.48E-01   0.00E+00   0.00E+00   9.53E-11   9.92E-06   1.20E-04
 3.78E+06   4.13E-04   1.50E-01   8.48E-01   0.00E+00   0.00E+00   1.30E-10   1.18E-05   1.51E-04
 3.92E+06   4.49E-04   1.50E-01   8.49E-01   0.00E+00   0.00E+00   1.76E-10   1.36E-05   1.81E-04
 4.08E+06   4.78E-04   1.50E-01   8.49E-01   0.00E+00   0.00E+00   2.34E-10   1.52E-05   2.08E-04
 4.22E+06   5.01E-04   1.50E-01   8.49E-01   0.00E+00   0.00E+00   3.05E-10   1.66E-05   2.31E-04
 4.38E+06   5.19E-04   1.50E-01   8.49E-01   0.00E+00   0.00E+00   3.92E-10   1.77E-05   2.49E-04
 4.52E+06   5.32E-04   1.50E-01   8.49E-01   0.00E+00   0.00E+00   4.97E-10   1.86E-05   2.63E-04
 4.68E+06   5.42E-04   1.50E-01   8.49E-01   0.00E+00   0.00E+00   6.26E-10   1.93E-05   2.74E-04
 4.82E+06   5.49E-04   1.50E-01   8.49E-01   0.00E+00   0.00E+00   7.82E-10   1.98E-05   2.82E-04
 4.98E+06   5.53E-04   1.50E-01   8.49E-01   0.00E+00   0.00E+00   9.73E-10   2.02E-05   2.88E-04
 5.12E+06   5.57E-04   1.50E-01   8.49E-01   0.00E+00   0.00E+00   1.21E-09   2.06E-05   2.92E-04
 5.28E+06   5.59E-04   1.50E-01   8.50E-01   0.00E+00   0.00E+00   1.50E-09   2.08E-05   2.96E-04
 5.42E+06   5.61E-04   1.50E-01   8.50E-01   0.00E+00   0.00E+00   1.85E-09   2.10E-05   2.98E-04
 5.58E+06   5.62E-04   1.50E-01   8.50E-01   0.00E+00   0.00E+00   2.29E-09   2.12E-05   3.00E-04
 5.72E+06   5.63E-04   1.50E-01   8.50E-01   0.00E+00   0.00E+00   2.84E-09   2.13E-05   3.01E-04
 5.88E+06   5.64E-04   1.50E-01   8.50E-01   0.00E+00   0.00E+00   3.53E-09   2.14E-05   3.02E-04
 6.02E+06   5.64E-04   1.50E-01   8.50E-01   0.00E+00   0.00E+00   4.38E-09   2.15E-05   3.03E-04
 6.18E+06   5.64E-04   1.50E-01   8.50E-01   0.00E+00   0.00E+00   5.46E-09   2.16E-05   3.03E-04
 6.32E+06   5.64E-04   1.50E-01   8.50E-01   0.00E+00   0.00E+00   6.80E-09   2.16E-05   3.04E-04
 6.48E+06   5.64E-04   1.50E-01   8.50E-01   0.00E+00   0.00E+00   8.50E-09   2.17E-05   3.04E-04
 6.62E+06   5.64E-04   1.50E-01   8.50E-01   0.00E+00   0.00E+00   1.07E-08   2.18E-05   3.05E-04
 6.78E+06   5.64E-04   1.50E-01   8.50E-01   0.00E+00   0.00E+00   1.34E-08   2.18E-05   3.05E-04
 6.92E+06   5.64E-04   1.50E-01   8.50E-01   0.00E+00   0.00E+00   1.68E-08   2.19E-05   3.05E-04
 7.08E+06   5.65E-04   1.50E-01   8.50E-01   0.00E+00   0.00E+00   2.12E-08   2.19E-05   3.06E-04
 7.22E+06   5.65E-04   1.50E-01   8.50E-01   0.00E+00   0.00E+00   2.69E-08   2.20E-05   3.06E-04
 7.38E+06   5.65E-04   1.50E-01   8.50E-01   0.00E+00   0.00E+00   3.42E-08   2.21E-05   3.06E-04
 7.52E+06   5.65E-04   1.50E-01   8.50E-01   0.00E+00   0.00E+00   4.35E-08   2.22E-05   3.07E-04
 7.68E+06   5.65E-04   1.50E-01   8.50E-01   0.00E+00   0.00E+00   5.54E-08   2.22E-05   3.07E-04
 7.82E+06   5.65E-04   1.50E-01   8.50E-01   0.00E+00   0.00E+00   7.05E-08   2.23E-05   3.07E-04
 7.98E+06   5.65E-04   1.50E-01   8.50E-01   0.00E+00   0.00E+00   8.96E-08   2.24E-05   3.07E-04
 8.12E+06   5.65E-04   1.50E-01   8.50E-01   0.00E+00   0.00E+00   1.14E-07   2.24E-05   3.08E-04
 8.28E+06   5.65E-04   1.50E-01   8.50E-01   0.00E+00   0.00E+00   1.45E-07   2.25E-05   3.08E-04
 8.42E+06   5.65E-04   1.50E-01   8.50E-01   0.00E+00   0.00E+00   1.84E-07   2.25E-05   3.08E-04
 8.58E+06   5.65E-04   1.50E-01   8.50E-01   0.00E+00   0.00E+00   2.34E-07   2.26E-05   3.08E-04
 8.72E+06   5.65E-04   1.50E-01   8.50E-01   0.00E+00   0.00E+00   2.98E-07   2.27E-05   3.08E-04
 8.88E+06   5.65E-04   1.50E-01   8.50E-01   0.00E+00   0.00E+00   3.78E-07   2.27E-05   3.09E-04
 9.02E+06   5.65E-04   1.50E-01   8.50E-01   0.00E+00   0.00E+00   4.79E-07   2.28E-05   3.09E-04
 9.18E+06   5.65E-04   1.50E-01   8.50E-01   0.00E+00   0.00E+00   6.08E-07   2.29E-05   3.09E-04
 9.32E+06   5.65E-04   1.50E-01   8.50E-01   0.00E+00   0.00E+00   7.71E-07   2.30E-05   3.09E-04
 9.48E+06   5.65E-04   1.50E-01   8.50E-01   0.00E+00   0.00E+00   9.76E-07   2.31E-05   3.09E-04
 9.62E+06   5.65E-04   1.50E-01   8.50E-01   0.00E+00   0.00E+00   1.24E-06   2.32E-05   3.09E-04
 9.78E+06   5.65E-04   1.50E-01   8.50E-01   0.00E+00   0.00E+00   1.56E-06   2.35E-05   3.09E-04
 9.92E+06   5.65E-04   1.50E-01   8.50E-01   0.00E+00   0.00E+00   1.98E-06   2.45E-05   3.09E-04

     Z      POCS       PNO3_NO    PNO3_NO2   PN2O       PHO2NO2_NO2PHO2NO2_NO3PN2O5_NO2  PN2O5_NO   
 2.50E+04   1.05E-11   1.06E-02   8.32E-02   4.06E-17   1.51E-06   3.78E-07   3.92E-10   1.00E-05
 1.75E+05   1.25E-11   1.08E-02   8.47E-02   6.93E-16   1.76E-06   4.40E-07   4.90E-10   1.15E-05
 3.25E+05   1.45E-11   1.10E-02   8.59E-02   8.61E-15   1.99E-06   4.97E-07   5.90E-10   1.28E-05
 4.75E+05   1.67E-11   1.12E-02   8.69E-02   7.20E-14   2.20E-06   5.49E-07   7.14E-10   1.40E-05
 6.25E+05   2.06E-11   1.14E-02   8.76E-02   4.24E-13   2.39E-06   5.97E-07   9.64E-10   1.51E-05
 7.75E+05   3.11E-11   1.15E-02   8.80E-02   1.88E-12   2.56E-06   6.41E-07   1.71E-09   1.61E-05
 9.25E+05   6.19E-11   1.17E-02   8.82E-02   6.75E-12   2.73E-06   6.82E-07   4.02E-09   1.70E-05
 1.08E+06   1.43E-10   1.19E-02   8.86E-02   2.06E-11   2.88E-06   7.20E-07   1.05E-08   1.79E-05
 1.22E+06   3.24E-10   1.20E-02   8.96E-02   5.39E-11   3.02E-06   7.55E-07   2.53E-08   1.86E-05
 1.38E+06   6.86E-10   1.22E-02   9.07E-02   1.24E-10   3.17E-06   7.92E-07   5.60E-08   1.93E-05
 1.52E+06   1.42E-09   1.23E-02   9.19E-02   2.69E-10   3.34E-06   8.36E-07   1.18E-07   2.00E-05
 1.68E+06   2.97E-09   1.25E-02   9.32E-02   5.68E-10   3.57E-06   8.96E-07   2.46E-07   2.08E-05
 1.82E+06   6.33E-09   1.26E-02   9.43E-02   1.18E-09   3.90E-06   9.82E-07   5.07E-07   2.16E-05
 1.98E+06   1.35E-08   1.27E-02   9.52E-02   2.39E-09   4.40E-06   1.11E-06   1.02E-06   2.25E-05
 2.12E+06   2.84E-08   1.28E-02   9.59E-02   4.61E-09   5.16E-06   1.32E-06   1.98E-06   2.35E-05
 2.28E+06   5.76E-08   1.29E-02   9.65E-02   8.43E-09   6.32E-06   1.64E-06   3.65E-06   2.46E-05
 2.42E+06   1.13E-07   1.29E-02   9.71E-02   1.45E-08   8.06E-06   2.12E-06   6.35E-06   2.59E-05
 2.58E+06   2.12E-07   1.29E-02   9.76E-02   2.35E-08   1.06E-05   2.81E-06   1.04E-05   2.73E-05
 2.72E+06   3.86E-07   1.30E-02   9.80E-02   3.60E-08   1.40E-05   3.78E-06   1.63E-05   2.90E-05
 2.88E+06   6.78E-07   1.30E-02   9.85E-02   5.23E-08   1.87E-05   5.08E-06   2.41E-05   3.09E-05
 3.02E+06   1.15E-06   1.30E-02   9.90E-02   7.25E-08   2.48E-05   6.75E-06   3.42E-05   3.31E-05
 3.18E+06   1.90E-06   1.30E-02   9.95E-02   9.61E-08   3.23E-05   8.81E-06   4.66E-05   3.56E-05
 3.32E+06   3.02E-06   1.30E-02   1.00E-01   1.22E-07   4.15E-05   1.13E-05   6.11E-05   3.84E-05
 3.48E+06   4.60E-06   1.30E-02   1.00E-01   1.50E-07   5.25E-05   1.43E-05   7.76E-05   4.14E-05
 3.62E+06   6.65E-06   1.30E-02   1.01E-01   1.77E-07   6.59E-05   1.78E-05   9.61E-05   4.48E-05
 3.78E+06   9.03E-06   1.30E-02   1.01E-01   2.02E-07   8.20E-05   2.20E-05   1.17E-04   4.85E-05
 3.92E+06   1.14E-05   1.30E-02   1.01E-01   2.23E-07   9.99E-05   2.66E-05   1.38E-04   5.22E-05
 4.08E+06   1.36E-05   1.30E-02   1.01E-01   2.40E-07   1.18E-04   3.13E-05   1.58E-04   5.56E-05
 4.22E+06   1.54E-05   1.30E-02   1.01E-01   2.53E-07   1.34E-04   3.55E-05   1.77E-04   5.85E-05
 4.38E+06   1.69E-05   1.30E-02   1.01E-01   2.64E-07   1.48E-04   3.91E-05   1.92E-04   6.10E-05
 4.52E+06   1.80E-05   1.30E-02   1.01E-01   2.73E-07   1.59E-04   4.20E-05   2.05E-04   6.29E-05
 4.68E+06   1.88E-05   1.30E-02   1.01E-01   2.82E-07   1.68E-04   4.43E-05   2.15E-04   6.43E-05
 4.82E+06   1.95E-05   1.30E-02   1.00E-01   2.90E-07   1.75E-04   4.61E-05   2.23E-04   6.53E-05
 4.98E+06   1.99E-05   1.30E-02   1.00E-01   2.97E-07   1.80E-04   4.74E-05   2.29E-04   6.61E-05
 5.12E+06   2.02E-05   1.31E-02   1.00E-01   3.04E-07   1.83E-04   4.83E-05   2.33E-04   6.66E-05
 5.28E+06   2.05E-05   1.31E-02   9.99E-02   3.10E-07   1.86E-04   4.90E-05   2.37E-04   6.70E-05
 5.42E+06   2.06E-05   1.31E-02   9.97E-02   3.15E-07   1.88E-04   4.96E-05   2.40E-04   6.73E-05
 5.58E+06   2.08E-05   1.31E-02   9.95E-02   3.21E-07   1.89E-04   4.99E-05   2.42E-04   6.75E-05
 5.72E+06   2.09E-05   1.31E-02   9.93E-02   3.26E-07   1.90E-04   5.02E-05   2.44E-04   6.76E-05
 5.88E+06   2.09E-05   1.31E-02   9.91E-02   3.30E-07   1.91E-04   5.04E-05   2.46E-04   6.77E-05
 6.02E+06   2.10E-05   1.31E-02   9.89E-02   3.35E-07   1.91E-04   5.06E-05   2.47E-04   6.77E-05
 6.18E+06   2.10E-05   1.31E-02   9.87E-02   3.41E-07   1.92E-04   5.07E-05   2.49E-04   6.77E-05
 6.32E+06   2.11E-05   1.31E-02   9.85E-02   3.50E-07   1.92E-04   5.08E-05   2.50E-04   6.78E-05
 6.48E+06   2.11E-05   1.32E-02   9.82E-02   3.64E-07   1.92E-04   5.09E-05   2.51E-04   6.78E-05
 6.62E+06   2.12E-05   1.32E-02   9.80E-02   3.86E-07   1.92E-04   5.09E-05   2.52E-04   6.78E-05
 6.78E+06   2.14E-05   1.32E-02   9.78E-02   4.15E-07   1.93E-04   5.10E-05   2.54E-04   6.78E-05
 6.92E+06   2.15E-05   1.32E-02   9.76E-02   4.52E-07   1.93E-04   5.10E-05   2.55E-04   6.78E-05
 7.08E+06   2.17E-05   1.32E-02   9.74E-02   4.94E-07   1.93E-04   5.10E-05   2.57E-04   6.78E-05
 7.22E+06   2.19E-05   1.32E-02   9.72E-02   5.41E-07   1.93E-04   5.10E-05   2.59E-04   6.78E-05
 7.38E+06   2.21E-05   1.32E-02   9.72E-02   5.91E-07   1.93E-04   5.10E-05   2.61E-04   6.78E-05
 7.52E+06   2.24E-05   1.32E-02   9.72E-02   6.40E-07   1.93E-04   5.11E-05   2.63E-04   6.78E-05
 7.68E+06   2.26E-05   1.32E-02   9.72E-02   6.88E-07   1.93E-04   5.11E-05   2.64E-04   6.78E-05
 7.82E+06   2.28E-05   1.32E-02   9.72E-02   7.38E-07   1.93E-04   5.11E-05   2.66E-04   6.78E-05
 7.98E+06   2.31E-05   1.32E-02   9.72E-02   7.91E-07   1.93E-04   5.11E-05   2.68E-04   6.78E-05
 8.12E+06   2.33E-05   1.32E-02   9.72E-02   8.51E-07   1.93E-04   5.11E-05   2.70E-04   6.78E-05
 8.28E+06   2.36E-05   1.32E-02   9.72E-02   9.23E-07   1.93E-04   5.11E-05   2.71E-04   6.78E-05
 8.42E+06   2.39E-05   1.32E-02   9.72E-02   1.01E-06   1.93E-04   5.11E-05   2.73E-04   6.78E-05
 8.58E+06   2.43E-05   1.32E-02   9.72E-02   1.11E-06   1.93E-04   5.11E-05   2.75E-04   6.78E-05
 8.72E+06   2.47E-05   1.32E-02   9.72E-02   1.23E-06   1.93E-04   5.11E-05   2.77E-04   6.78E-05
 8.88E+06   2.52E-05   1.32E-02   9.72E-02   1.36E-06   1.93E-04   5.11E-05   2.78E-04   6.78E-05
 9.02E+06   2.59E-05   1.32E-02   9.72E-02   1.49E-06   1.93E-04   5.11E-05   2.80E-04   6.78E-05
 9.18E+06   2.67E-05   1.32E-02   9.72E-02   1.62E-06   1.93E-04   5.11E-05   2.82E-04   6.78E-05
 9.32E+06   2.76E-05   1.32E-02   9.72E-02   1.75E-06   1.93E-04   5.11E-05   2.84E-04   6.78E-05
 9.48E+06   2.87E-05   1.32E-02   9.72E-02   1.87E-06   1.93E-04   5.11E-05   2.87E-04   6.78E-05
 9.62E+06   3.02E-05   1.32E-02   9.72E-02   1.99E-06   1.93E-04   5.11E-05   2.89E-04   6.78E-05
 9.78E+06   3.26E-05   1.32E-02   9.72E-02   2.10E-06   1.93E-04   5.11E-05   2.92E-04   6.78E-05
 9.92E+06   3.71E-05   1.32E-02   9.72E-02   2.26E-06   1.93E-04   5.11E-05   2.96E-04   6.78E-05
 N =   40  EMAX = 1.95E-10 FOR SO4AER  AT Z = 4.98E+06 U = 2.89E-11 RHS =-5.64E-21  DT = 3.94E+18  TIME = 9.84E+17

 TIME = 9.84E+17     TIMEY = 3.12E+10 YEARS

 NPHOT =   28

 MIXING RATIOS OF LONG-LIVED SPECIES


     Z        O        O2       H2O      H        OH       HO2      H2O2     H2       CO       HCO      H2CO     CH4      CH3      C2H6     NO       NO2      HNO      H2S     
  2.50E+04 1.29E-16 4.20E-02 1.12E-02 1.84E-20 3.88E-14 1.06E-11 1.05E-09 5.30E-07 1.10E-07 7.11E-22 2.16E-10 1.80E-06 6.56E-21 1.34E-25 1.66E-12 2.97E-12 1.72E-17 9.64E-12
  7.50E+04 1.48E-16 4.20E-02 9.30E-03 2.00E-20 4.16E-14 1.09E-11 1.12E-09 5.30E-07 1.07E-07 7.70E-22 2.13E-10 1.80E-06 6.59E-21 1.34E-25 1.79E-12 3.00E-12 1.77E-17 6.84E-12
  1.25E+05 1.73E-16 4.20E-02 7.83E-03 2.18E-20 4.51E-14 1.11E-11 1.15E-09 5.31E-07 1.05E-07 8.06E-22 2.03E-10 1.80E-06 6.68E-21 1.34E-25 1.98E-12 3.12E-12 1.55E-17 4.84E-12
  1.75E+05 2.03E-16 4.20E-02 6.44E-03 2.36E-20 4.87E-14 1.12E-11 1.18E-09 5.31E-07 1.02E-07 8.28E-22 1.91E-10 1.80E-06 6.73E-21 1.34E-25 2.22E-12 3.31E-12 1.28E-17 3.41E-12
  2.75E+05 2.85E-16 4.20E-02 4.17E-03 2.76E-20 5.67E-14 1.11E-11 1.16E-09 5.31E-07 9.75E-08 8.53E-22 1.65E-10 1.79E-06 6.74E-21 1.33E-25 2.92E-12 3.90E-12 8.24E-18 1.69E-12
  3.75E+05 4.05E-16 4.20E-02 2.53E-03 3.17E-20 6.50E-14 1.07E-11 1.07E-09 5.32E-07 9.30E-08 8.46E-22 1.39E-10 1.79E-06 6.57E-21 1.31E-25 3.95E-12 4.73E-12 5.16E-18 8.37E-13
  4.75E+05 5.68E-16 4.20E-02 1.41E-03 3.47E-20 7.13E-14 9.84E-12 9.17E-10 5.32E-07 8.89E-08 7.81E-22 1.12E-10 1.79E-06 5.97E-21 1.30E-25 5.17E-12 5.43E-12 3.13E-18 4.23E-13
  5.75E+05 7.80E-16 4.20E-02 7.07E-04 3.47E-20 7.16E-14 8.67E-12 7.48E-10 5.32E-07 8.53E-08 6.35E-22 8.21E-11 1.79E-06 4.78E-21 1.28E-25 5.82E-12 5.20E-12 1.70E-18 2.24E-13
  6.75E+05 1.04E-15 4.20E-02 3.12E-04 3.09E-20 6.44E-14 7.34E-12 5.85E-10 5.32E-07 8.22E-08 4.47E-22 5.42E-11 1.79E-06 3.28E-21 1.28E-25 5.46E-12 4.01E-12 8.27E-19 1.28E-13
  7.75E+05 1.37E-15 4.20E-02 1.21E-04 2.77E-20 5.84E-14 6.01E-12 4.41E-10 5.32E-07 7.95E-08 3.05E-22 3.41E-11 1.79E-06 2.17E-21 1.28E-25 5.70E-12 3.34E-12 4.70E-19 7.71E-14
  8.75E+05 1.78E-15 4.20E-02 4.16E-05 2.79E-20 5.96E-14 4.78E-12 3.23E-10 5.32E-07 7.71E-08 2.25E-22 2.24E-11 1.78E-06 1.55E-21 1.28E-25 8.22E-12 3.71E-12 3.79E-19 4.86E-14
  9.75E+05 2.29E-15 4.20E-02 1.26E-05 3.11E-20 6.70E-14 3.74E-12 2.34E-10 5.32E-07 7.50E-08 1.81E-22 1.56E-11 1.78E-06 1.17E-21 1.30E-25 1.33E-11 4.49E-12 3.57E-19 3.19E-14
  1.08E+06 3.39E-15 4.20E-02 7.00E-06 3.87E-20 7.82E-14 3.10E-12 1.65E-10 5.32E-07 7.28E-08 1.73E-22 1.26E-11 1.78E-06 1.16E-21 1.32E-25 2.00E-11 5.69E-12 3.12E-19 2.09E-14
  1.18E+06 6.52E-15 4.20E-02 4.58E-06 4.67E-20 8.68E-14 2.30E-12 8.50E-11 5.33E-07 6.84E-08 1.80E-22 1.11E-11 1.78E-06 1.31E-21 1.42E-25 3.15E-11 9.45E-12 2.29E-19 1.00E-14
  1.28E+06 1.44E-14 4.20E-02 4.38E-06 5.04E-20 8.86E-14 1.54E-12 3.18E-11 5.32E-07 6.20E-08 1.77E-22 9.46E-12 1.77E-06 1.38E-21 1.67E-25 4.96E-11 1.84E-11 1.72E-19 3.60E-15
  1.38E+06 3.60E-14 4.20E-02 4.40E-06 5.10E-20 8.87E-14 1.04E-12 9.04E-12 5.32E-07 5.29E-08 1.76E-22 8.13E-12 1.76E-06 1.50E-21 2.30E-25 7.79E-11 4.23E-11 1.81E-19 8.91E-16
  1.48E+06 8.55E-14 4.20E-02 4.45E-06 5.51E-20 9.79E-14 8.77E-13 3.54E-12 5.32E-07 4.31E-08 2.00E-22 7.80E-12 1.73E-06 1.85E-21 3.48E-25 1.13E-10 8.74E-11 2.40E-19 1.66E-16
  1.58E+06 1.85E-13 4.20E-02 4.51E-06 6.30E-20 1.16E-13 8.83E-13 2.50E-12 5.30E-07 3.41E-08 2.50E-22 8.08E-12 1.70E-06 2.48E-21 5.38E-25 1.55E-10 1.57E-10 3.16E-19 2.52E-17
  1.68E+06 3.72E-13 4.20E-02 4.60E-06 7.50E-20 1.45E-13 9.83E-13 2.40E-12 5.29E-07 2.65E-08 3.27E-22 8.72E-12 1.66E-06 3.48E-21 8.30E-25 2.08E-10 2.57E-10 3.84E-19 3.04E-18
  1.78E+06 6.92E-13 4.20E-02 4.70E-06 9.49E-20 1.88E-13 1.17E-12 2.67E-12 5.26E-07 2.07E-08 4.45E-22 9.71E-12 1.61E-06 5.06E-21 1.25E-24 2.75E-10 3.84E-10 4.28E-19 3.08E-19
  1.88E+06 1.22E-12 4.20E-02 4.81E-06 1.28E-19 2.54E-13 1.45E-12 3.24E-12 5.23E-07 1.64E-08 6.25E-22 1.10E-11 1.55E-06 7.56E-21 1.84E-24 3.60E-10 5.39E-10 4.08E-19 2.63E-20
  1.98E+06 2.06E-12 4.20E-02 4.94E-06 1.87E-19 3.55E-13 1.86E-12 4.19E-12 5.18E-07 1.34E-08 9.03E-22 1.28E-11 1.49E-06 1.16E-20 2.67E-24 4.64E-10 7.18E-10 2.90E-19 2.33E-21
  2.08E+06 3.38E-12 4.20E-02 5.06E-06 2.93E-19 5.10E-13 2.47E-12 5.68E-12 5.13E-07 1.15E-08 1.34E-21 1.50E-11 1.43E-06 1.82E-20 3.81E-24 5.89E-10 9.11E-10 1.72E-19 5.21E-22
  2.18E+06 5.43E-12 4.20E-02 5.20E-06 4.89E-19 7.47E-13 3.35E-12 7.97E-12 5.08E-07 1.03E-08 2.01E-21 1.76E-11 1.36E-06 2.89E-20 5.44E-24 7.34E-10 1.11E-09 1.14E-19 3.01E-22
  2.28E+06 8.60E-12 4.20E-02 5.33E-06 8.61E-19 1.10E-12 4.62E-12 1.13E-11 5.02E-07 9.52E-09 3.06E-21 2.08E-11 1.30E-06 4.66E-20 7.78E-24 8.97E-10 1.32E-09 9.40E-20 2.06E-22
  2.38E+06 1.35E-11 4.20E-02 5.46E-06 1.58E-18 1.63E-12 6.39E-12 1.60E-11 4.96E-07 9.08E-09 4.68E-21 2.43E-11 1.24E-06 7.55E-20 1.12E-23 1.08E-09 1.51E-09 1.01E-19 1.40E-22
  2.48E+06 2.11E-11 4.20E-02 5.59E-06 3.00E-18 2.39E-12 8.77E-12 2.22E-11 4.89E-07 8.85E-09 7.10E-21 2.81E-11 1.18E-06 1.22E-19 1.65E-23 1.27E-09 1.69E-09 1.30E-19 9.28E-23
  2.58E+06 3.27E-11 4.20E-02 5.71E-06 5.87E-18 3.45E-12 1.18E-11 2.95E-11 4.82E-07 8.78E-09 1.06E-20 3.21E-11 1.11E-06 1.96E-19 2.46E-23 1.47E-09 1.84E-09 1.80E-19 5.92E-23
  2.68E+06 5.06E-11 4.20E-02 5.84E-06 1.18E-17 4.87E-12 1.57E-11 3.78E-11 4.74E-07 8.83E-09 1.56E-20 3.61E-11 1.05E-06 3.12E-19 3.73E-23 1.68E-09 1.96E-09 2.52E-19 3.62E-23
  2.78E+06 7.83E-11 4.20E-02 5.96E-06 2.42E-17 6.73E-12 2.02E-11 4.61E-11 4.67E-07 8.98E-09 2.25E-20 4.00E-11 9.95E-07 4.93E-19 5.78E-23 1.88E-09 2.03E-09 3.52E-19 2.14E-23
  2.88E+06 1.21E-10 4.20E-02 6.08E-06 5.10E-17 9.11E-12 2.55E-11 5.38E-11 4.59E-07 9.21E-09 3.21E-20 4.41E-11 9.38E-07 7.77E-19 9.03E-23 2.07E-09 2.04E-09 4.84E-19 1.24E-23
  2.98E+06 1.88E-10 4.20E-02 6.20E-06 1.09E-16 1.22E-11 3.14E-11 5.99E-11 4.52E-07 9.50E-09 4.50E-20 4.81E-11 8.80E-07 1.22E-18 1.44E-22 2.22E-09 1.99E-09 6.54E-19 6.98E-24
  3.08E+06 2.93E-10 4.20E-02 6.32E-06 2.40E-16 1.61E-11 3.77E-11 6.34E-11 4.45E-07 9.84E-09 6.27E-20 5.22E-11 8.24E-07 1.92E-18 2.32E-22 2.33E-09 1.87E-09 8.74E-19 3.81E-24
  3.18E+06 4.56E-10 4.20E-02 6.43E-06 5.35E-16 2.13E-11 4.41E-11 6.38E-11 4.39E-07 1.02E-08 8.73E-20 5.64E-11 7.69E-07 3.04E-18 3.75E-22 2.40E-09 1.70E-09 1.15E-18 2.05E-24
  3.28E+06 7.09E-10 4.20E-02 6.54E-06 1.21E-15 2.82E-11 5.02E-11 6.08E-11 4.33E-07 1.05E-08 1.22E-19 6.06E-11 7.16E-07 4.84E-18 6.14E-22 2.43E-09 1.49E-09 1.52E-18 1.07E-24
  3.38E+06 1.10E-09 4.20E-02 6.65E-06 2.78E-15 3.75E-11 5.58E-11 5.54E-11 4.29E-07 1.07E-08 1.69E-19 6.45E-11 6.64E-07 7.69E-18 1.01E-21 2.43E-09 1.25E-09 1.98E-18 5.61E-25
  3.48E+06 1.69E-09 4.20E-02 6.74E-06 6.40E-15 5.01E-11 6.08E-11 4.87E-11 4.27E-07 1.09E-08 2.33E-19 6.79E-11 6.16E-07 1.22E-17 1.68E-21 2.39E-09 9.97E-10 2.56E-18 3.01E-25
  3.58E+06 2.59E-09 4.20E-02 6.83E-06 1.46E-14 6.65E-11 6.54E-11 4.22E-11 4.28E-07 1.10E-08 3.18E-19 7.03E-11 5.70E-07 1.90E-17 2.80E-21 2.33E-09 7.56E-10 3.29E-18 1.73E-25
  3.68E+06 3.91E-09 4.20E-02 6.90E-06 3.27E-14 8.70E-11 6.99E-11 3.67E-11 4.32E-07 1.10E-08 4.23E-19 7.13E-11 5.30E-07 2.87E-17 4.70E-21 2.25E-09 5.41E-10 4.13E-18 1.11E-25
  3.78E+06 5.76E-09 4.20E-02 6.96E-06 6.95E-14 1.10E-10 7.47E-11 3.26E-11 4.40E-07 1.10E-08 5.40E-19 7.07E-11 4.94E-07 4.16E-17 8.01E-21 2.14E-09 3.67E-10 4.97E-18 8.22E-26
  3.88E+06 8.19E-09 4.20E-02 7.01E-06 1.37E-13 1.34E-10 7.99E-11 2.97E-11 4.52E-07 1.10E-08 6.51E-19 6.81E-11 4.62E-07 5.66E-17 1.40E-20 1.99E-09 2.38E-10 5.67E-18 6.95E-26
  3.98E+06 1.12E-08 4.20E-02 7.04E-06 2.50E-13 1.57E-10 8.53E-11 2.77E-11 4.69E-07 1.10E-08 7.41E-19 6.40E-11 4.36E-07 7.25E-17 2.51E-20 1.83E-09 1.50E-10 6.10E-18 6.55E-26
  4.08E+06 1.47E-08 4.20E-02 7.06E-06 4.21E-13 1.76E-10 9.07E-11 2.62E-11 4.91E-07 1.10E-08 8.04E-19 5.91E-11 4.13E-07 8.79E-17 4.60E-20 1.65E-09 9.41E-11 6.25E-18 6.64E-26
  4.18E+06 1.88E-08 4.20E-02 7.07E-06 6.69E-13 1.93E-10 9.60E-11 2.49E-11 5.18E-07 1.11E-08 8.39E-19 5.37E-11 3.95E-07 1.02E-16 8.53E-20 1.48E-09 5.90E-11 6.17E-18 7.01E-26
  4.28E+06 2.33E-08 4.20E-02 7.06E-06 1.02E-12 2.08E-10 1.01E-10 2.38E-11 5.50E-07 1.14E-08 8.54E-19 4.85E-11 3.79E-07 1.15E-16 1.56E-19 1.32E-09 3.73E-11 5.94E-18 7.57E-26
  4.38E+06 2.85E-08 4.20E-02 7.05E-06 1.49E-12 2.21E-10 1.06E-10 2.28E-11 5.85E-07 1.19E-08 8.58E-19 4.37E-11 3.66E-07 1.28E-16 2.76E-19 1.17E-09 2.39E-11 5.64E-18 8.18E-26
  4.48E+06 3.43E-08 4.20E-02 7.03E-06 2.16E-12 2.33E-10 1.11E-10 2.18E-11 6.24E-07 1.26E-08 8.58E-19 3.94E-11 3.54E-07 1.42E-16 4.72E-19 1.04E-09 1.56E-11 5.30E-18 8.77E-26
  4.58E+06 4.08E-08 4.20E-02 7.00E-06 3.06E-12 2.45E-10 1.16E-10 2.09E-11 6.68E-07 1.36E-08 8.52E-19 3.55E-11 3.44E-07 1.57E-16 7.81E-19 9.25E-10 1.04E-11 4.96E-18 9.34E-26
  4.68E+06 4.83E-08 4.20E-02 6.97E-06 4.31E-12 2.56E-10 1.21E-10 2.01E-11 7.15E-07 1.50E-08 8.45E-19 3.20E-11 3.36E-07 1.74E-16 1.24E-18 8.25E-10 6.98E-12 4.64E-18 9.90E-26
  4.78E+06 5.66E-08 4.20E-02 6.93E-06 6.03E-12 2.69E-10 1.26E-10 1.94E-11 7.65E-07 1.68E-08 8.36E-19 2.88E-11 3.28E-07 1.92E-16 1.89E-18 7.38E-10 4.79E-12 4.35E-18 1.05E-25
  4.88E+06 6.60E-08 4.20E-02 6.88E-06 8.39E-12 2.82E-10 1.33E-10 1.89E-11 8.19E-07 1.92E-08 8.26E-19 2.59E-11 3.21E-07 2.13E-16 2.81E-18 6.62E-10 3.34E-12 4.10E-18 1.11E-25
  4.98E+06 7.65E-08 4.20E-02 6.84E-06 1.16E-11 2.97E-10 1.39E-10 1.85E-11 8.76E-07 2.23E-08 8.16E-19 2.33E-11 3.14E-07 2.35E-16 4.03E-18 5.97E-10 2.37E-12 3.89E-18 1.18E-25
  5.08E+06 8.81E-08 4.20E-02 6.78E-06 1.61E-11 3.13E-10 1.47E-10 1.82E-11 9.37E-07 2.62E-08 8.04E-19 2.09E-11 3.08E-07 2.60E-16 5.64E-18 5.41E-10 1.71E-12 3.73E-18 1.27E-25
  5.18E+06 1.01E-07 4.20E-02 6.72E-06 2.24E-11 3.31E-10 1.56E-10 1.82E-11 1.00E-06 3.10E-08 7.92E-19 1.88E-11 3.01E-07 2.87E-16 7.72E-18 4.92E-10 1.26E-12 3.59E-18 1.38E-25
  5.28E+06 1.15E-07 4.20E-02 6.66E-06 3.10E-11 3.52E-10 1.66E-10 1.82E-11 1.07E-06 3.71E-08 7.79E-19 1.68E-11 2.95E-07 3.17E-16 1.04E-17 4.50E-10 9.49E-13 3.49E-18 1.51E-25
  5.38E+06 1.31E-07 4.20E-02 6.59E-06 4.30E-11 3.76E-10 1.77E-10 1.85E-11 1.15E-06 4.47E-08 7.65E-19 1.50E-11 2.89E-07 3.49E-16 1.37E-17 4.13E-10 7.30E-13 3.43E-18 1.67E-25
  5.48E+06 1.49E-07 4.20E-02 6.52E-06 5.98E-11 4.03E-10 1.91E-10 1.89E-11 1.23E-06 5.41E-08 7.52E-19 1.34E-11 2.82E-07 3.84E-16 1.78E-17 3.82E-10 5.75E-13 3.40E-18 1.87E-25
  5.58E+06 1.68E-07 4.20E-02 6.44E-06 8.34E-11 4.33E-10 2.05E-10 1.95E-11 1.32E-06 6.56E-08 7.40E-19 1.19E-11 2.75E-07 4.23E-16 2.28E-17 3.55E-10 4.63E-13 3.40E-18 2.10E-25
  5.68E+06 1.90E-07 4.19E-02 6.35E-06 1.17E-10 4.68E-10 2.22E-10 2.02E-11 1.41E-06 7.98E-08 7.36E-19 1.07E-11 2.68E-07 4.66E-16 2.89E-17 3.32E-10 3.83E-13 3.44E-18 2.39E-25
  5.78E+06 2.13E-07 4.19E-02 6.25E-06 1.64E-10 5.08E-10 2.43E-10 2.14E-11 1.52E-06 9.71E-08 7.61E-19 9.66E-12 2.60E-07 5.21E-16 3.62E-17 3.13E-10 3.25E-13 3.54E-18 2.76E-25
  5.88E+06 2.38E-07 4.19E-02 6.15E-06 2.32E-10 5.59E-10 2.68E-10 2.32E-11 1.63E-06 1.18E-07 8.74E-19 9.18E-12 2.51E-07 6.10E-16 4.50E-17 2.98E-10 2.86E-13 3.71E-18 3.32E-25
  5.98E+06 2.62E-07 4.19E-02 6.03E-06 3.30E-10 6.27E-10 3.02E-10 2.63E-11 1.76E-06 1.44E-07 1.22E-18 9.74E-12 2.42E-07 7.96E-16 5.56E-17 2.87E-10 2.65E-13 4.03E-18 4.25E-25
  6.08E+06 2.82E-07 4.19E-02 5.90E-06 4.76E-10 7.25E-10 3.52E-10 3.17E-11 1.90E-06 1.75E-07 2.09E-18 1.22E-11 2.32E-07 1.24E-15 6.81E-17 2.80E-10 2.61E-13 4.56E-18 5.98E-25
  6.18E+06 2.96E-07 4.19E-02 5.76E-06 6.96E-10 8.69E-10 4.26E-10 4.07E-11 2.05E-06 2.13E-07 4.03E-18 1.77E-11 2.21E-07 2.25E-15 8.29E-17 2.77E-10 2.78E-13 5.44E-18 9.29E-25
  6.28E+06 3.06E-07 4.19E-02 5.61E-06 1.03E-09 1.07E-09 5.31E-10 5.50E-11 2.22E-06 2.58E-07 7.87E-18 2.74E-11 2.09E-07 4.45E-15 1.01E-16 2.78E-10 3.17E-13 6.80E-18 1.54E-24
  6.38E+06 3.16E-07 4.19E-02 5.44E-06 1.56E-09 1.35E-09 6.72E-10 7.59E-11 2.40E-06 3.14E-07 1.48E-17 4.22E-11 1.97E-07 8.79E-15 1.21E-16 2.84E-10 3.74E-13 8.75E-18 2.56E-24
  6.48E+06 3.30E-07 4.19E-02 5.25E-06 2.39E-09 1.70E-09 8.49E-10 1.04E-10 2.60E-06 3.80E-07 2.61E-17 6.20E-11 1.84E-07 1.66E-14 1.46E-16 2.93E-10 4.46E-13 1.14E-17 4.10E-24
  6.58E+06 3.55E-07 4.19E-02 5.04E-06 3.71E-09 2.12E-09 1.06E-09 1.39E-10 2.82E-06 4.60E-07 4.33E-17 8.60E-11 1.70E-07 2.96E-14 1.75E-16 3.08E-10 5.23E-13 1.49E-17 6.12E-24
  6.68E+06 3.92E-07 4.19E-02 4.81E-06 5.83E-09 2.60E-09 1.29E-09 1.78E-10 3.06E-06 5.56E-07 6.75E-17 1.13E-10 1.55E-07 4.90E-14 2.09E-16 3.28E-10 5.95E-13 1.94E-17 8.43E-24
  6.78E+06 4.47E-07 4.19E-02 4.56E-06 9.21E-09 3.12E-09 1.54E-09 2.17E-10 3.32E-06 6.70E-07 9.92E-17 1.41E-10 1.41E-07 7.54E-14 2.45E-16 3.53E-10 6.54E-13 2.50E-17 1.07E-23
  6.88E+06 5.26E-07 4.19E-02 4.29E-06 1.46E-08 3.65E-09 1.78E-09 2.52E-10 3.59E-06 8.05E-07 1.38E-16 1.68E-10 1.26E-07 1.08E-13 2.82E-16 3.85E-10 6.90E-13 3.18E-17 1.25E-23
  6.98E+06 6.36E-07 4.19E-02 4.01E-06 2.32E-08 4.17E-09 2.00E-09 2.78E-10 3.88E-06 9.64E-07 1.83E-16 1.92E-10 1.13E-07 1.42E-13 3.15E-16 4.24E-10 6.98E-13 3.97E-17 1.36E-23
  7.08E+06 7.91E-07 4.19E-02 3.70E-06 3.68E-08 4.63E-09 2.18E-09 2.89E-10 4.18E-06 1.15E-06 2.33E-16 2.13E-10 9.93E-08 1.73E-13 3.41E-16 4.72E-10 6.75E-13 4.86E-17 1.35E-23
  7.18E+06 1.01E-06 4.19E-02 3.39E-06 5.81E-08 4.98E-09 2.30E-09 2.83E-10 4.49E-06 1.36E-06 2.85E-16 2.29E-10 8.70E-08 1.94E-13 3.55E-16 5.31E-10 6.22E-13 5.82E-17 1.24E-23
  7.28E+06 1.34E-06 4.18E-02 3.07E-06 9.23E-08 5.20E-09 2.35E-09 2.63E-10 4.79E-06 1.61E-06 3.39E-16 2.39E-10 7.57E-08 2.02E-13 3.58E-16 6.03E-10 5.44E-13 6.83E-17 1.05E-23
  7.38E+06 1.75E-06 4.18E-02 2.75E-06 1.49E-07 5.54E-09 2.43E-09 2.36E-10 5.08E-06 1.89E-06 3.93E-16 2.40E-10 6.54E-08 1.98E-13 3.49E-16 6.91E-10 4.79E-13 8.25E-17 8.82E-24
  7.48E+06 2.56E-06 4.18E-02 2.42E-06 2.66E-07 5.85E-09 2.49E-09 1.91E-10 5.33E-06 2.21E-06 4.45E-16 2.30E-10 5.62E-08 1.68E-13 3.33E-16 7.98E-10 3.80E-13 9.95E-17 6.09E-24
  7.58E+06 6.73E-06 4.18E-02 2.09E-06 5.11E-07 3.82E-09 1.60E-09 1.06E-10 5.53E-06 2.57E-06 4.93E-16 2.00E-10 4.81E-08 7.76E-14 3.12E-16 9.18E-10 1.30E-13 7.26E-17 1.63E-24
  7.68E+06 2.31E-05 4.18E-02 1.78E-06 8.64E-07 1.85E-09 6.95E-10 4.30E-11 5.64E-06 2.95E-06 5.76E-16 1.32E-10 4.09E-08 2.57E-14 2.90E-16 1.03E-09 2.67E-14 3.44E-17 2.03E-25
  7.78E+06 6.52E-05 4.17E-02 1.50E-06 1.24E-06 1.03E-09 3.07E-10 1.55E-11 5.71E-06 3.36E-06 6.46E-16 6.97E-11 3.47E-08 9.89E-15 2.68E-16 1.09E-09 8.90E-15 1.59E-17 1.90E-26
  7.88E+06 1.50E-04 4.16E-02 1.26E-06 1.61E-06 6.69E-10 1.48E-10 5.39E-12 5.76E-06 3.77E-06 6.76E-16 3.60E-11 2.93E-08 4.62E-15 2.45E-16 1.09E-09 5.22E-15 7.64E-18 1.51E-27
  7.98E+06 2.95E-04 4.15E-02 1.05E-06 1.93E-06 4.78E-10 7.71E-11 1.83E-12 5.78E-06 4.20E-06 6.80E-16 2.02E-11 2.47E-08 2.49E-15 2.23E-16 1.03E-09 3.78E-15 3.74E-18 1.04E-28
  8.08E+06 5.24E-04 4.14E-02 8.71E-07 2.22E-06 3.60E-10 4.24E-11 6.02E-13 5.80E-06 4.63E-06 6.60E-16 1.22E-11 2.07E-08 1.48E-15 2.01E-16 9.21E-10 2.81E-15 1.85E-18 6.31E-30
  8.18E+06 8.58E-04 4.12E-02 7.18E-07 2.46E-06 2.78E-10 2.44E-11 1.91E-13 5.81E-06 5.09E-06 6.16E-16 7.91E-12 1.73E-08 9.45E-16 1.80E-16 8.09E-10 2.09E-15 9.39E-19 3.41E-31
  8.28E+06 1.32E-03 4.09E-02 5.88E-07 2.67E-06 2.18E-10 1.46E-11 5.87E-14 5.81E-06 5.55E-06 5.56E-16 5.37E-12 1.43E-08 6.37E-16 1.59E-16 7.11E-10 1.56E-15 4.96E-19 1.84E-32
  8.38E+06 1.93E-03 4.05E-02 4.79E-07 2.85E-06 1.72E-10 9.01E-12 1.75E-14 5.81E-06 6.03E-06 4.89E-16 3.80E-12 1.18E-08 4.49E-16 1.39E-16 6.31E-10 1.18E-15 2.74E-19 1.30E-33
  8.48E+06 2.69E-03 4.01E-02 3.88E-07 3.00E-06 1.35E-10 5.72E-12 5.06E-15 5.81E-06 6.52E-06 4.22E-16 2.78E-12 9.74E-09 3.27E-16 1.21E-16 5.65E-10 9.01E-16 1.58E-19 1.54E-34
  8.58E+06 3.63E-03 3.95E-02 3.13E-07 3.12E-06 1.06E-10 3.72E-12 1.43E-15 5.81E-06 7.02E-06 3.59E-16 2.10E-12 7.98E-09 2.46E-16 1.05E-16 5.12E-10 6.95E-16 9.40E-20 2.77E-35
  8.68E+06 4.74E-03 3.89E-02 2.51E-07 3.23E-06 8.24E-11 2.46E-12 4.03E-16 5.81E-06 7.52E-06 3.04E-16 1.62E-12 6.52E-09 1.89E-16 9.03E-17 4.67E-10 5.41E-16 5.78E-20 6.16E-36
  8.78E+06 6.04E-03 3.81E-02 2.01E-07 3.31E-06 6.37E-11 1.66E-12 1.13E-16 5.80E-06 8.02E-06 2.56E-16 1.27E-12 5.31E-09 1.49E-16 7.74E-17 4.30E-10 4.24E-16 3.66E-20 1.57E-36
  8.88E+06 7.51E-03 3.73E-02 1.60E-07 3.38E-06 4.89E-11 1.14E-12 3.22E-17 5.80E-06 8.52E-06 2.17E-16 1.02E-12 4.33E-09 1.19E-16 6.64E-17 3.98E-10 3.35E-16 2.37E-20 4.42E-37
  8.98E+06 9.16E-03 3.64E-02 1.28E-07 3.44E-06 3.72E-11 7.90E-13 9.42E-18 5.79E-06 9.01E-06 1.84E-16 8.27E-13 3.52E-09 9.67E-17 5.69E-17 3.70E-10 2.66E-16 1.57E-20 1.36E-37
  9.08E+06 1.10E-02 3.54E-02 1.01E-07 3.49E-06 2.81E-11 5.55E-13 2.88E-18 5.79E-06 9.49E-06 1.57E-16 6.82E-13 2.87E-09 7.97E-17 4.88E-17 3.46E-10 2.12E-16 1.06E-20 4.52E-38
  9.18E+06 1.30E-02 3.43E-02 8.05E-08 3.54E-06 2.11E-11 3.94E-13 9.31E-19 5.78E-06 9.95E-06 1.35E-16 5.71E-13 2.35E-09 6.68E-17 4.21E-17 3.25E-10 1.70E-16 7.29E-21 1.61E-38
  9.28E+06 1.51E-02 3.31E-02 6.41E-08 3.58E-06 1.57E-11 2.82E-13 3.22E-19 5.77E-06 1.04E-05 1.17E-16 4.87E-13 1.93E-09 5.69E-17 3.65E-17 3.06E-10 1.36E-16 5.09E-21 6.06E-39
  9.38E+06 1.73E-02 3.19E-02 5.12E-08 3.61E-06 1.16E-11 2.04E-13 1.20E-19 5.77E-06 1.08E-05 1.03E-16 4.22E-13 1.60E-09 4.94E-17 3.18E-17 2.89E-10 1.10E-16 3.61E-21 2.41E-39
  9.48E+06 1.96E-02 3.07E-02 4.12E-08 3.64E-06 8.52E-12 1.49E-13 4.79E-20 5.76E-06 1.12E-05 9.31E-17 3.75E-13 1.35E-09 4.38E-17 2.81E-17 2.74E-10 8.88E-17 2.59E-21 1.01E-39
  9.58E+06 2.20E-02 2.95E-02 3.37E-08 3.66E-06 6.23E-12 1.10E-13 2.04E-20 5.75E-06 1.15E-05 8.59E-17 3.42E-13 1.15E-09 4.00E-17 2.51E-17 2.60E-10 7.19E-17 1.89E-21 4.48E-40
  9.68E+06 2.44E-02 2.83E-02 2.82E-08 3.69E-06 4.54E-12 8.19E-14 9.22E-21 5.74E-06 1.18E-05 8.20E-17 3.24E-13 1.01E-09 3.79E-17 2.28E-17 2.47E-10 5.84E-17 1.39E-21 2.09E-40
  9.78E+06 2.67E-02 2.73E-02 2.44E-08 3.70E-06 3.31E-12 6.18E-14 4.42E-21 5.74E-06 1.20E-05 8.19E-17 3.21E-13 9.20E-10 3.77E-17 2.12E-17 2.36E-10 4.76E-17 1.04E-21 1.04E-40
  9.88E+06 2.87E-02 2.63E-02 2.23E-08 3.72E-06 2.43E-12 4.75E-14 2.32E-21 5.73E-06 1.22E-05 8.68E-17 3.40E-13 8.73E-10 3.99E-17 2.01E-17 2.27E-10 3.91E-17 7.98E-22 5.56E-41
  9.98E+06 3.04E-02 2.57E-02 2.17E-08 3.72E-06 1.82E-12 3.75E-14 1.56E-21 5.73E-06 1.23E-05 9.89E-17 3.88E-13 8.71E-10 4.58E-17 1.95E-17 2.20E-10 3.25E-17 6.28E-22 3.50E-41

 TP, TL
           2.29E+15 2.32E+15 5.15E+10 2.64E+12 3.24E+12 2.50E+12 8.20E+10 4.69E+10 9.66E+10 4.85E+10 9.60E+10 2.52E+03 9.59E+10 4.88E-01 1.51E+13 1.51E+13 2.43E+05 9.82E+05
           2.29E+15 2.33E+15 3.81E+10 2.64E+12 3.24E+12 2.50E+12 7.68E+10 3.20E+10 2.33E+11 4.85E+10 9.49E+10 9.61E+10 9.59E+10 4.88E-01 1.51E+13 1.51E+13 2.43E+05 2.01E+08

     Z        HS       S        SO       SO2      H2SO4    HSO      S2       S4       S8       SO3      OCS      S3       O3       HNO3     N        NO3      N2O      HO2NO2  
  2.50E+04 3.32E-17 2.31E-31 5.75E-19 7.06E-11 3.82E-12 7.37E-13 4.46E-35 2.68E-60 1.26-101 1.58E-21 6.27E-22 6.01E-58 1.05E-08 1.48E-11 1.66-133 2.12E-16 3.00E-07 6.32E-14
  7.50E+04 2.44E-17 1.25E-31 5.79E-19 1.08E-10 5.81E-12 7.29E-13 2.85E-35 9.84E-61 1.26-101 3.21E-21 6.26E-22 1.83E-58 1.11E-08 1.65E-11 2.27-127 2.04E-16 3.00E-07 9.01E-14
  1.25E+05 1.80E-17 6.74E-32 5.34E-19 1.42E-10 7.87E-12 6.07E-13 1.55E-35 2.60E-61 1.26-101 5.46E-21 6.26E-22 4.76E-59 1.18E-08 1.86E-11 2.64-121 2.04E-16 3.00E-07 1.33E-13
  1.75E+05 1.30E-17 3.54E-32 4.69E-19 1.72E-10 1.00E-11 4.69E-13 7.66E-36 5.69E-62 1.26-101 8.90E-21 6.26E-22 1.09E-59 1.28E-08 2.12E-11 2.58-115 2.11E-16 3.00E-07 2.03E-13
  2.75E+05 6.69E-18 9.25E-33 3.39E-19 2.28E-10 1.44E-11 2.54E-13 1.56E-36 1.91E-63 1.26-101 2.24E-20 6.25E-22 4.58E-61 1.52E-08 2.74E-11 1.44-103 2.41E-16 3.00E-07 5.13E-13
  3.75E+05 3.33E-18 2.29E-33 2.35E-19 2.81E-10 1.85E-11 1.31E-13 2.73E-37 4.65E-65 1.26-101 5.72E-20 6.24E-22 1.55E-62 1.84E-08 3.36E-11 3.80E-92 2.82E-16 3.00E-07 1.36E-12
  4.75E+05 1.62E-18 5.47E-34 1.63E-19 3.34E-10 2.18E-11 6.69E-14 4.26E-38 9.11E-67 1.26-101 1.47E-19 6.23E-22 4.58E-64 2.22E-08 3.84E-11 4.45E-81 3.16E-16 2.99E-07 3.81E-12
  5.75E+05 7.60E-19 1.34E-34 1.15E-19 3.90E-10 2.33E-11 3.56E-14 6.13E-39 1.52E-68 1.26-101 3.77E-19 6.22E-22 1.28E-65 2.64E-08 4.11E-11 2.08E-70 3.23E-16 2.99E-07 9.66E-12
  6.75E+05 3.47E-19 6.11E-35 9.49E-20 4.47E-10 2.31E-11 2.03E-14 8.54E-40 2.37E-70 1.26-101 9.71E-19 6.22E-22 6.47E-67 3.11E-08 4.23E-11 3.98E-61 3.19E-16 2.99E-07 1.84E-11
  7.75E+05 1.71E-19 1.62E-34 1.45E-19 5.03E-10 2.25E-11 1.21E-14 2.01E-40 1.06E-71 1.26-101 2.81E-18 6.21E-22 3.22E-67 3.64E-08 4.35E-11 1.91E-54 3.41E-16 2.99E-07 2.57E-11
  8.75E+05 9.96E-20 1.25E-33 4.36E-19 5.51E-10 2.31E-11 7.54E-15 4.05E-40 3.44E-71 1.26-101 1.01E-17 6.20E-22 3.95E-66 4.22E-08 4.57E-11 4.61E-49 3.86E-16 2.99E-07 2.90E-11
  9.75E+05 6.71E-20 1.17E-32 1.68E-18 5.91E-10 2.46E-11 4.89E-15 1.63E-39 4.42E-70 1.26-101 4.44E-17 6.19E-22 1.18E-64 4.87E-08 4.93E-11 1.82E-44 4.50E-16 2.99E-07 2.87E-11
  1.08E+06 4.49E-20 8.58E-32 5.21E-18 6.35E-10 2.64E-11 3.24E-15 5.23E-39 3.45E-69 1.26-101 1.13E-16 6.17E-22 2.08E-63 5.76E-08 5.61E-11 1.25E-40 5.14E-16 2.98E-07 2.72E-11
  1.18E+06 1.75E-20 5.06E-31 1.39E-17 7.28E-10 2.84E-11 1.75E-15 1.02E-38 9.59E-69 1.26-101 3.27E-16 6.13E-22 1.73E-62 8.19E-08 7.92E-11 2.31E-37 6.38E-16 2.97E-07 2.66E-11
  1.28E+06 4.14E-21 2.69E-30 3.55E-17 8.74E-10 2.90E-11 9.66E-16 1.07E-38 7.74E-69 1.26-101 4.51E-16 6.04E-22 7.03E-62 1.32E-07 1.32E-10 1.55E-34 9.17E-16 2.95E-07 2.87E-11
  1.38E+06 5.95E-22 1.30E-29 8.58E-17 1.08E-09 2.93E-11 7.52E-16 6.16E-39 1.84E-69 1.26-101 6.07E-16 5.84E-22 1.40E-61 2.39E-07 2.58E-10 4.36E-32 1.71E-15 2.90E-07 3.67E-11
  1.48E+06 8.51E-23 5.40E-29 1.83E-16 1.24E-09 3.00E-11 8.14E-16 2.97E-39 3.10E-70 1.26-101 8.74E-16 5.52E-22 2.02E-61 4.05E-07 4.65E-10 5.57E-30 3.52E-15 2.82E-07 5.05E-11
  1.58E+06 2.61E-23 1.94E-28 3.42E-16 1.28E-09 2.96E-11 9.20E-16 2.66E-39 1.78E-70 1.26-101 1.23E-15 5.07E-22 4.66E-61 6.26E-07 7.50E-10 3.75E-28 7.00E-15 2.71E-07 6.94E-11
  1.68E+06 2.61E-23 6.14E-28 5.65E-16 1.18E-09 2.73E-11 9.90E-16 6.39E-39 7.44E-70 1.25-101 1.59E-15 4.50E-22 2.55E-60 8.94E-07 1.10E-09 1.53E-26 1.29E-14 2.56E-07 9.32E-11
  1.78E+06 3.63E-23 1.68E-27 8.10E-16 9.48E-10 2.28E-11 9.93E-16 1.80E-38 4.27E-69 1.25-101 1.85E-15 3.86E-22 1.42E-59 1.19E-06 1.46E-09 4.11E-25 2.14E-14 2.38E-07 1.19E-10
  1.88E+06 4.74E-23 3.71E-27 9.44E-16 6.26E-10 1.62E-11 8.59E-16 3.78E-38 1.36E-68 1.25-101 1.82E-15 3.19E-22 4.76E-59 1.49E-06 1.81E-09 7.74E-24 3.27E-14 2.18E-07 1.45E-10
  1.98E+06 4.76E-23 5.70E-27 7.74E-16 2.96E-10 8.59E-12 5.53E-16 4.23E-38 1.24E-68 1.25-101 1.33E-15 2.53E-22 5.93E-59 1.79E-06 2.10E-09 1.07E-22 4.67E-14 1.97E-07 1.68E-10
  2.08E+06 3.91E-23 6.54E-27 4.83E-16 1.08E-10 3.62E-12 2.85E-16 2.88E-38 4.16E-69 1.25-101 7.92E-16 1.93E-22 3.35E-59 2.07E-06 2.31E-09 1.11E-21 6.27E-14 1.75E-07 1.87E-10
  2.18E+06 3.20E-23 7.04E-27 2.89E-16 3.90E-11 1.50E-12 1.46E-16 1.81E-38 1.19E-69 1.24-101 4.79E-16 1.41E-22 1.64E-59 2.34E-06 2.42E-09 9.04E-21 8.07E-14 1.54E-07 1.98E-10
  2.28E+06 2.57E-23 7.13E-27 1.66E-16 1.39E-11 6.23E-13 7.36E-17 1.04E-38 2.85E-70 1.24-101 2.94E-16 9.86E-23 6.93E-60 2.60E-06 2.45E-09 5.88E-20 1.00E-13 1.35E-07 2.02E-10
  2.38E+06 2.01E-23 6.81E-27 9.27E-17 4.91E-12 2.56E-13 3.64E-17 5.42E-39 5.66E-71 1.24-101 1.81E-16 6.56E-23 2.52E-60 2.84E-06 2.38E-09 3.14E-19 1.21E-13 1.16E-07 1.97E-10
  2.48E+06 1.51E-23 6.18E-27 5.03E-17 1.74E-12 1.04E-13 1.76E-17 2.57E-39 9.23E-72 1.23-101 1.13E-16 4.13E-23 7.86E-61 3.07E-06 2.24E-09 1.40E-18 1.43E-13 9.90E-08 1.85E-10
  2.58E+06 1.09E-23 5.38E-27 2.69E-17 6.20E-13 4.36E-14 8.23E-18 1.11E-39 1.26E-72 1.23-101 7.03E-17 2.45E-23 2.16E-61 3.29E-06 2.04E-09 5.30E-18 1.65E-13 8.37E-08 1.67E-10
  2.68E+06 7.58E-24 4.52E-27 1.42E-17 2.24E-13 2.26E-14 3.75E-18 4.43E-40 1.46E-73 1.23-101 4.43E-17 1.35E-23 5.27E-62 3.48E-06 1.79E-09 1.74E-17 1.87E-13 6.99E-08 1.44E-10
  2.78E+06 5.09E-24 3.71E-27 7.51E-18 8.32E-14 2.62E-14 1.67E-18 1.65E-40 1.49E-74 1.23-101 2.86E-17 6.89E-24 1.18E-62 3.64E-06 1.51E-09 5.00E-17 2.07E-13 5.79E-08 1.19E-10
  2.88E+06 3.37E-24 3.04E-27 4.05E-18 3.24E-14 5.80E-14 7.40E-19 6.04E-41 1.44E-75 1.22-101 1.94E-17 3.24E-24 2.57E-63 3.78E-06 1.23E-09 1.27E-16 2.25E-13 4.75E-08 9.37E-11
  2.98E+06 2.18E-24 2.45E-27 2.21E-18 1.31E-14 7.73E-14 3.23E-19 2.11E-41 1.28E-76 1.22-101 1.38E-17 1.37E-24 5.28E-64 3.88E-06 9.59E-10 2.89E-16 2.38E-13 3.86E-08 7.00E-11
  3.08E+06 1.39E-24 1.98E-27 1.22E-18 5.51E-15 8.48E-14 1.39E-19 7.15E-42 1.08E-77 1.22-101 1.03E-17 5.20E-25 1.06E-64 3.94E-06 7.26E-10 5.90E-16 2.46E-13 3.10E-08 4.93E-11
  3.18E+06 8.79E-25 1.61E-27 7.02E-19 2.47E-15 8.78E-14 6.06E-20 2.44E-42 9.26E-79 1.21-101 8.31E-18 1.76E-25 2.16E-65 3.95E-06 5.35E-10 1.09E-15 2.46E-13 2.47E-08 3.26E-11
  3.28E+06 5.56E-25 1.33E-27 4.14E-19 1.16E-15 8.91E-14 2.63E-20 8.36E-43 7.96E-80 1.21-101 7.06E-18 5.26E-26 4.46E-66 3.92E-06 3.84E-10 1.85E-15 2.38E-13 1.96E-08 2.02E-11
  3.38E+06 3.55E-25 1.11E-27 2.53E-19 5.79E-16 8.96E-14 1.16E-20 2.94E-43 7.23E-81 1.20-101 6.21E-18 1.37E-26 9.64E-67 3.83E-06 2.69E-10 2.90E-15 2.20E-13 1.54E-08 1.17E-11
  3.48E+06 2.36E-25 9.59E-28 1.64E-19 3.10E-16 8.99E-14 5.34E-21 1.11E-43 7.71E-82 1.20-101 5.58E-18 3.11E-27 2.34E-67 3.68E-06 1.84E-10 4.24E-15 1.94E-13 1.21E-08 6.36E-12
  3.58E+06 1.68E-25 8.74E-28 1.14E-19 1.80E-16 9.00E-14 2.63E-21 4.80E-44 1.07E-82 1.19-101 5.00E-18 6.19E-28 6.85E-68 3.45E-06 1.21E-10 5.87E-15 1.61E-13 9.45E-09 3.27E-12
  3.68E+06 1.33E-25 8.61E-28 8.81E-20 1.16E-16 9.00E-14 1.44E-21 2.51E-44 2.19E-83 1.19-101 4.41E-18 1.11E-28 2.65E-68 3.15E-06 7.54E-11 7.83E-15 1.26E-13 7.41E-09 1.61E-12
  3.78E+06 1.19E-25 9.22E-28 7.53E-20 8.31E-17 9.00E-14 8.95E-22 1.64E-44 7.03E-84 1.18-101 3.78E-18 1.81E-29 1.39E-68 2.80E-06 4.45E-11 1.01E-14 9.15E-14 5.84E-09 7.66E-13
  3.88E+06 1.17E-25 1.06E-27 7.06E-20 6.50E-17 9.00E-14 6.32E-22 1.32E-44 3.48E-84 1.18-101 3.14E-18 2.77E-30 9.85E-69 2.44E-06 2.47E-11 1.28E-14 6.23E-14 4.62E-09 3.62E-13
  3.98E+06 1.26E-25 1.30E-27 7.18E-20 5.47E-17 8.99E-14 5.03E-22 1.28E-44 2.49E-84 1.18-101 2.56E-18 4.26E-31 8.93E-69 2.12E-06 1.32E-11 1.61E-14 4.04E-14 3.69E-09 1.73E-13
  4.08E+06 1.42E-25 1.67E-27 7.75E-20 4.84E-17 8.99E-14 4.39E-22 1.41E-44 2.34E-84 1.17-101 2.07E-18 8.18E-32 9.76E-69 1.83E-06 6.88E-12 2.01E-14 2.54E-14 2.97E-09 8.41E-14
  4.18E+06 1.65E-25 2.22E-27 8.76E-20 4.44E-17 8.99E-14 4.13E-22 1.72E-44 2.67E-84 1.17-101 1.67E-18 3.09E-32 1.22E-68 1.59E-06 3.56E-12 2.53E-14 1.56E-14 2.41E-09 4.19E-14
  4.28E+06 1.94E-25 3.02E-27 1.02E-19 4.17E-17 8.98E-14 4.09E-22 2.22E-44 3.45E-84 1.16-101 1.35E-18 2.32E-32 1.66E-68 1.39E-06 1.85E-12 3.17E-14 9.53E-15 1.98E-09 2.14E-14
  4.38E+06 2.28E-25 4.17E-27 1.22E-19 4.00E-17 8.98E-14 4.18E-22 2.95E-44 4.72E-84 1.15-101 1.11E-18 2.26E-32 2.36E-68 1.22E-06 9.71E-13 3.96E-14 5.81E-15 1.64E-09 1.11E-14
  4.48E+06 2.64E-25 5.78E-27 1.46E-19 3.89E-17 8.97E-14 4.35E-22 3.94E-44 6.53E-84 1.15-101 9.14E-19 2.35E-32 3.38E-68 1.08E-06 5.16E-13 4.89E-14 3.56E-15 1.38E-09 5.91E-15
  4.58E+06 3.05E-25 8.04E-27 1.76E-19 3.82E-17 8.97E-14 4.60E-22 5.31E-44 9.15E-84 1.14-101 7.57E-19 2.55E-32 4.89E-68 9.49E-07 2.76E-13 5.99E-14 2.19E-15 1.16E-09 3.19E-15
  4.68E+06 3.49E-25 1.12E-26 2.12E-19 3.77E-17 8.96E-14 4.92E-22 7.17E-44 1.29E-83 1.14-101 6.31E-19 2.84E-32 7.09E-68 8.39E-07 1.51E-13 7.31E-14 1.35E-15 9.96E-10 1.76E-15
  4.78E+06 3.98E-25 1.56E-26 2.57E-19 3.73E-17 8.96E-14 5.32E-22 9.72E-44 1.82E-83 1.13-101 5.28E-19 3.24E-32 1.03E-67 7.43E-07 8.38E-14 8.88E-14 8.47E-16 8.61E-10 9.89E-16
  4.88E+06 4.54E-25 2.18E-26 3.12E-19 3.71E-17 8.95E-14 5.80E-22 1.33E-43 2.61E-83 1.13-101 4.43E-19 3.77E-32 1.51E-67 6.58E-07 4.74E-14 1.08E-13 5.34E-16 7.50E-10 5.67E-16
  4.98E+06 5.20E-25 3.03E-26 3.79E-19 3.69E-17 8.95E-14 6.39E-22 1.83E-43 3.80E-83 1.12-101 3.72E-19 4.45E-32 2.22E-67 5.82E-07 2.73E-14 1.30E-13 3.41E-16 6.59E-10 3.32E-16
  5.08E+06 5.98E-25 4.22E-26 4.60E-19 3.67E-17 8.94E-14 7.11E-22 2.54E-43 5.62E-83 1.12-101 3.14E-19 5.31E-32 3.29E-67 5.14E-07 1.61E-14 1.57E-13 2.20E-16 5.84E-10 1.99E-16
  5.18E+06 6.92E-25 5.87E-26 5.57E-19 3.66E-17 8.94E-14 7.96E-22 3.57E-43 8.47E-83 1.11-101 2.65E-19 6.40E-32 4.92E-67 4.52E-07 9.71E-15 1.89E-13 1.44E-16 5.20E-10 1.22E-16
  5.28E+06 8.07E-25 8.14E-26 6.74E-19 3.64E-17 8.93E-14 8.99E-22 5.06E-43 1.30E-82 1.11-101 2.23E-19 7.75E-32 7.40E-67 3.97E-07 5.99E-15 2.28E-13 9.60E-17 4.67E-10 7.66E-17
  5.38E+06 9.48E-25 1.13E-25 8.14E-19 3.63E-17 8.93E-14 1.02E-21 7.23E-43 2.03E-82 1.10-101 1.88E-19 9.40E-32 1.12E-66 3.47E-07 3.79E-15 2.73E-13 6.50E-17 4.21E-10 4.93E-17
  5.48E+06 1.12E-24 1.56E-25 9.81E-19 3.61E-17 8.92E-14 1.16E-21 1.04E-42 3.20E-82 1.09-101 1.59E-19 1.14E-31 1.69E-66 3.03E-07 2.46E-15 3.28E-13 4.49E-17 3.82E-10 3.26E-17
  5.58E+06 1.33E-24 2.15E-25 1.18E-18 3.59E-17 8.91E-14 1.33E-21 1.50E-42 5.08E-82 1.09-101 1.34E-19 1.39E-31 2.56E-66 2.64E-07 1.63E-15 3.92E-13 3.16E-17 3.47E-10 2.21E-17
  5.68E+06 1.58E-24 2.95E-25 1.41E-18 3.56E-17 8.90E-14 1.53E-21 2.18E-42 8.13E-82 1.08-101 1.13E-19 1.68E-31 3.88E-66 2.29E-07 1.12E-15 4.69E-13 2.27E-17 3.17E-10 1.54E-17
  5.78E+06 1.91E-24 4.03E-25 1.68E-18 3.54E-17 8.89E-14 1.77E-21 3.20E-42 1.32E-81 1.07-101 9.60E-20 2.03E-31 5.89E-66 1.98E-07 7.92E-16 5.60E-13 1.67E-17 2.90E-10 1.11E-17
  5.88E+06 2.36E-24 5.48E-25 1.98E-18 3.50E-17 8.88E-14 2.06E-21 4.80E-42 2.26E-81 1.07-101 8.15E-20 2.46E-31 9.08E-66 1.70E-07 5.87E-16 6.67E-13 1.27E-17 2.67E-10 8.38E-18
  5.98E+06 3.04E-24 7.37E-25 2.32E-18 3.47E-17 8.87E-14 2.47E-21 7.56E-42 4.22E-81 1.06-101 6.98E-20 3.01E-31 1.45E-65 1.43E-07 4.65E-16 7.89E-13 9.92E-18 2.45E-10 6.76E-18
  6.08E+06 4.19E-24 9.74E-25 2.66E-18 3.43E-17 8.86E-14 3.07E-21 1.28E-41 9.05E-81 1.05-101 6.06E-20 3.75E-31 2.44E-65 1.18E-07 4.04E-16 9.20E-13 8.14E-18 2.26E-10 5.98E-18
  6.18E+06 6.19E-24 1.26E-24 2.99E-18 3.40E-17 8.85E-14 3.96E-21 2.31E-41 2.24E-80 1.04-101 5.36E-20 4.82E-31 4.30E-65 9.49E-08 3.90E-16 1.05E-12 7.03E-18 2.09E-10 5.90E-18
  6.28E+06 9.58E-24 1.58E-24 3.26E-18 3.37E-17 8.83E-14 5.20E-21 4.34E-41 5.92E-80 1.03-101 4.85E-20 6.45E-31 7.62E-65 7.48E-08 4.12E-16 1.17E-12 6.37E-18 1.93E-10 6.36E-18
  6.38E+06 1.49E-23 1.94E-24 3.46E-18 3.34E-17 8.82E-14 6.75E-21 7.97E-41 1.50E-79 1.02-101 4.46E-20 8.93E-31 1.28E-64 5.87E-08 4.59E-16 1.28E-12 5.98E-18 1.79E-10 7.21E-18
  6.48E+06 2.25E-23 2.32E-24 3.59E-18 3.33E-17 8.80E-14 8.42E-21 1.37E-40 3.29E-79 1.00-101 4.15E-20 1.26E-30 1.97E-64 4.66E-08 5.16E-16 1.39E-12 5.71E-18 1.65E-10 8.20E-18
  6.58E+06 3.19E-23 2.73E-24 3.66E-18 3.31E-17 8.78E-14 9.95E-21 2.13E-40 5.96E-79 9.91-102 3.86E-20 1.79E-30 2.70E-64 3.77E-08 5.66E-16 1.52E-12 5.47E-18 1.53E-10 9.05E-18
  6.68E+06 4.27E-23 3.21E-24 3.72E-18 3.30E-17 8.76E-14 1.11E-20 3.01E-40 8.90E-79 9.77-102 3.57E-20 2.51E-30 3.34E-64 3.13E-08 5.94E-16 1.68E-12 5.23E-18 1.42E-10 9.51E-18
  6.78E+06 5.38E-23 3.78E-24 3.79E-18 3.29E-17 8.73E-14 1.17E-20 3.92E-40 1.12E-78 9.62-102 3.26E-20 3.47E-30 3.81E-64 2.67E-08 5.90E-16 1.90E-12 4.96E-18 1.31E-10 9.43E-18
  6.88E+06 6.43E-23 4.49E-24 3.89E-18 3.28E-17 8.71E-14 1.18E-20 4.73E-40 1.21E-78 9.46-102 2.92E-20 4.70E-30 4.06E-64 2.33E-08 5.52E-16 2.20E-12 4.63E-18 1.21E-10 8.75E-18
  6.98E+06 7.29E-23 5.41E-24 4.04E-18 3.25E-17 8.67E-14 1.13E-20 5.37E-40 1.15E-78 9.28-102 2.56E-20 6.26E-30 4.10E-64 2.07E-08 4.82E-16 2.64E-12 4.24E-18 1.12E-10 7.58E-18
  7.08E+06 7.85E-23 6.66E-24 4.28E-18 3.22E-17 8.64E-14 1.04E-20 5.72E-40 9.69E-79 9.09-102 2.19E-20 8.23E-30 3.98E-64 1.87E-08 3.93E-16 3.27E-12 3.80E-18 1.03E-10 6.11E-18
  7.18E+06 8.01E-23 8.37E-24 4.63E-18 3.18E-17 8.60E-14 9.15E-21 5.76E-40 7.23E-79 8.88-102 1.83E-20 1.07E-29 3.71E-64 1.73E-08 2.97E-16 4.20E-12 3.32E-18 9.49E-11 4.55E-18
  7.28E+06 7.79E-23 1.08E-23 5.13E-18 3.12E-17 8.56E-14 7.79E-21 5.53E-40 4.87E-79 8.66-102 1.48E-20 1.40E-29 3.36E-64 1.58E-08 2.08E-16 5.60E-12 2.78E-18 8.74E-11 3.11E-18
  7.38E+06 7.86E-23 1.40E-23 5.62E-18 3.06E-17 8.51E-14 6.64E-21 5.49E-40 3.48E-79 8.42-102 1.19E-20 1.83E-29 3.12E-64 1.39E-08 1.39E-16 7.51E-12 2.30E-18 8.04E-11 2.07E-18
  7.48E+06 7.11E-23 1.84E-23 6.29E-18 2.98E-17 8.45E-14 5.13E-21 4.50E-40 1.69E-79 8.16-102 9.56E-21 2.46E-29 2.44E-64 1.29E-08 8.21E-17 1.15E-11 1.88E-18 7.38E-11 1.20E-18
  7.58E+06 1.95E-23 3.29E-23 9.60E-18 2.64E-17 8.39E-14 1.97E-21 8.57E-41 4.50E-81 7.88-102 7.85E-21 3.42E-29 6.04E-65 2.00E-08 3.06E-17 3.27E-11 1.05E-18 6.78E-11 3.19E-19
  7.68E+06 2.00E-24 6.16E-23 1.53E-17 2.06E-17 8.31E-14 4.15E-22 4.85E-42 1.06E-83 7.57-102 7.46E-21 4.55E-29 4.63E-66 4.08E-08 8.64E-18 1.25E-10 3.53E-19 6.21E-11 4.65E-20
  7.78E+06 2.12E-25 9.43E-23 1.99E-17 1.58E-17 8.23E-14 8.64E-23 2.78E-43 2.52E-86 7.25-102 8.28E-21 5.25E-29 2.96E-67 7.38E-08 2.32E-18 4.18E-10 1.39E-19 5.69E-11 6.17E-21
  7.88E+06 2.89E-26 1.27E-22 2.27E-17 1.28E-17 8.14E-14 2.10E-23 2.22E-44 1.16E-88 6.90-102 9.77E-21 5.15E-29 2.30E-68 1.15E-07 6.28E-19 1.20E-09 8.08E-20 5.20E-11 9.27E-22
  7.98E+06 5.05E-27 1.59E-22 2.42E-17 1.12E-17 8.04E-14 6.03E-24 2.47E-45 1.05E-90 6.54-102 1.15E-20 4.46E-29 2.33E-69 1.62E-07 1.73E-19 3.04E-09 5.33E-20 4.75E-11 1.75E-22
  8.08E+06 1.07E-27 1.93E-22 2.49E-17 1.02E-17 7.92E-14 1.98E-24 3.61E-46 1.74E-92 6.14-102 1.31E-20 3.54E-29 2.99E-70 2.11E-07 4.83E-20 6.94E-09 3.51E-20 4.33E-11 4.16E-23
  8.18E+06 2.68E-28 2.31E-22 2.53E-17 9.62E-18 7.78E-14 7.28E-25 6.66E-47 5.90E-94 5.73-102 1.45E-20 2.68E-29 4.80E-71 2.58E-07 1.37E-20 1.44E-08 2.27E-20 3.93E-11 1.15E-23
  8.28E+06 7.77E-29 2.75E-22 2.55E-17 9.16E-18 7.63E-14 2.98E-25 1.54E-47 4.94E-95 5.28-102 1.53E-20 1.98E-29 9.62E-72 2.99E-07 4.01E-21 2.78E-08 1.46E-20 3.55E-11 3.50E-24
  8.38E+06 2.56E-29 3.28E-22 2.56E-17 8.71E-18 7.45E-14 1.34E-25 4.54E-48 8.45E-96 4.82-102 1.56E-20 1.46E-29 2.45E-72 3.33E-07 1.23E-21 4.98E-08 9.49E-21 3.20E-11 1.14E-24
  8.48E+06 9.45E-30 3.92E-22 2.58E-17 8.21E-18 7.25E-14 6.54E-26 1.75E-48 2.28E-96 4.34-102 1.51E-20 1.10E-29 8.19E-73 3.55E-07 4.00E-22 8.40E-08 6.21E-21 2.87E-11 3.91E-25
  8.58E+06 3.85E-30 4.69E-22 2.60E-17 7.65E-18 7.03E-14 3.43E-26 9.07E-49 8.73E-97 3.85-102 1.41E-20 8.40E-30 3.69E-73 3.65E-07 1.40E-22 1.35E-07 4.10E-21 2.56E-11 1.40E-25
  8.68E+06 1.71E-30 5.64E-22 2.61E-17 7.02E-18 6.78E-14 1.91E-26 6.13E-49 4.45E-97 3.36-102 1.26E-20 6.59E-30 2.18E-73 3.63E-07 5.19E-23 2.07E-07 2.73E-21 2.28E-11 5.16E-26
  8.78E+06 8.17E-31 6.79E-22 2.63E-17 6.34E-18 6.50E-14 1.12E-26 4.99E-49 2.77E-97 2.87-102 1.09E-20 5.29E-30 1.55E-73 3.51E-07 2.03E-23 3.07E-07 1.83E-21 2.02E-11 1.96E-26
  8.88E+06 4.16E-31 8.19E-22 2.65E-17 5.64E-18 6.19E-14 6.90E-27 4.55E-49 1.94E-97 2.41-102 9.03E-21 4.34E-30 1.24E-73 3.30E-07 8.29E-24 4.39E-07 1.23E-21 1.78E-11 7.64E-27
  8.98E+06 2.23E-31 9.88E-22 2.66E-17 4.93E-18 5.86E-14 4.39E-27 4.43E-49 1.45E-97 1.97-102 7.28E-21 3.65E-30 1.06E-73 3.02E-07 3.47E-24 6.12E-07 8.35E-22 1.57E-11 3.04E-27
  9.08E+06 1.26E-31 1.19E-21 2.66E-17 4.24E-18 5.50E-14 2.88E-27 4.49E-49 1.13E-97 1.57-102 5.69E-21 3.13E-30 9.43E-74 2.70E-07 1.48E-24 8.32E-07 5.68E-22 1.37E-11 1.23E-27
  9.18E+06 7.37E-32 1.44E-21 2.65E-17 3.60E-18 5.11E-14 1.94E-27 4.65E-49 9.03E-98 1.22-102 4.33E-21 2.75E-30 8.57E-74 2.36E-07 6.38E-25 1.11E-06 3.89E-22 1.20E-11 5.08E-28
  9.28E+06 4.48E-32 1.73E-21 2.62E-17 3.00E-18 4.71E-14 1.33E-27 4.90E-49 7.30E-98 9.13-103 3.21E-21 2.46E-30 7.91E-74 2.03E-07 2.77E-25 1.44E-06 2.66E-22 1.05E-11 2.13E-28
  9.38E+06 2.81E-32 2.07E-21 2.59E-17 2.47E-18 4.29E-14 9.31E-28 5.22E-49 5.93E-98 6.61-103 2.32E-21 2.26E-30 7.36E-74 1.70E-07 1.21E-25 1.85E-06 1.83E-22 9.22E-12 9.02E-29
  9.48E+06 1.82E-32 2.48E-21 2.54E-17 2.00E-18 3.86E-14 6.61E-28 5.60E-49 4.83E-98 4.60-103 1.64E-21 2.13E-30 6.88E-74 1.41E-07 5.30E-26 2.34E-06 1.26E-22 8.10E-12 3.88E-29
  9.58E+06 1.21E-32 2.95E-21 2.48E-17 1.59E-18 3.43E-14 4.76E-28 6.03E-49 3.91E-98 3.08-103 1.14E-21 2.07E-30 6.42E-74 1.15E-07 2.33E-26 2.91E-06 8.73E-23 7.16E-12 1.69E-29
  9.68E+06 8.22E-33 3.48E-21 2.40E-17 1.25E-18 3.01E-14 3.47E-28 6.50E-49 3.14E-98 1.98-103 7.77E-22 2.08E-30 5.97E-74 9.18E-08 1.03E-26 3.58E-06 6.05E-23 6.38E-12 7.47E-30
  9.78E+06 5.76E-33 4.09E-21 2.32E-17 9.70E-19 2.60E-14 2.56E-28 6.99E-49 2.48E-98 1.21-103 5.31E-22 2.19E-30 5.50E-74 7.25E-08 4.61E-27 4.35E-06 4.21E-23 5.76E-12 3.36E-30
  9.88E+06 4.16E-33 4.75E-21 2.22E-17 7.48E-19 2.22E-14 1.91E-28 7.46E-49 1.90E-98 7.14-104 3.72E-22 2.40E-30 4.98E-74 5.67E-08 2.15E-27 5.24E-06 2.95E-23 5.28E-12 1.57E-30
  9.98E+06 3.13E-33 5.42E-21 2.11E-17 5.99E-19 1.86E-14 1.45E-28 7.85E-49 1.39E-98 4.05-104 2.85E-22 2.57E-30 4.37E-74 4.40E-08 1.25E-27 6.25E-06 2.09E-23 4.95E-12 8.56E-31

 TP, TL
           1.74E+08 1.44E+03 7.51E+08 6.36E+11 6.54E+09 1.49E+08 3.72E-15 5.65E-37 1.57E-87 6.54E+09 2.26E-05 5.88E-34 2.28E+15 1.18E+10 9.47E+07 2.76E+10 2.09E+06 2.08E+10
           1.74E+08 1.44E+03 7.51E+08 6.44E+11 6.44E+09 1.31E+08 3.72E-15 5.65E-37 1.57E-87 6.54E+09 2.26E-05 5.88E-34 2.28E+15 1.17E+10 1.95E+08 2.76E+10 2.27E+09 2.08E+10

     Z        N2O5     CO2      SO4AER   S8AER   
  2.50E+04 2.26E-18 1.85E-04 1.95E-10 1.00E-38
  7.50E+04 2.97E-18 1.85E-04 2.07E-10 1.00E-38
  1.25E+05 4.27E-18 1.85E-04 2.30E-10 1.00E-38
  1.75E+05 6.62E-18 1.85E-04 2.64E-10 1.00E-38
  2.75E+05 1.87E-17 1.85E-04 3.63E-10 1.00E-38
  3.75E+05 5.89E-17 1.85E-04 4.87E-10 1.00E-38
  4.75E+05 1.88E-16 1.85E-04 6.27E-10 1.00E-38
  5.75E+05 4.60E-16 1.85E-04 7.80E-10 1.00E-38
  6.75E+05 7.42E-16 1.85E-04 9.42E-10 1.00E-38
  7.75E+05 9.49E-16 1.85E-04 1.11E-09 1.00E-38
  8.75E+05 1.17E-15 1.85E-04 1.30E-09 1.00E-38
  9.75E+05 1.43E-15 1.85E-04 1.49E-09 1.00E-38
  1.08E+06 1.79E-15 1.85E-04 1.75E-09 1.00E-38
  1.18E+06 3.07E-15 1.85E-04 2.39E-09 1.00E-38
  1.28E+06 7.16E-15 1.85E-04 3.48E-09 1.00E-38
  1.38E+06 2.49E-14 1.85E-04 5.24E-09 1.00E-38
  1.48E+06 8.51E-14 1.85E-04 7.11E-09 1.00E-38
  1.58E+06 2.46E-13 1.85E-04 8.44E-09 1.00E-38
  1.68E+06 5.95E-13 1.85E-04 8.88E-09 1.00E-38
  1.78E+06 1.18E-12 1.85E-04 8.43E-09 1.00E-38
  1.88E+06 2.02E-12 1.85E-04 7.35E-09 1.00E-38
  1.98E+06 3.03E-12 1.85E-04 6.04E-09 1.00E-38
  2.08E+06 4.02E-12 1.86E-04 4.86E-09 1.00E-38
  2.18E+06 4.86E-12 1.86E-04 3.89E-09 1.00E-38
  2.28E+06 5.40E-12 1.86E-04 3.14E-09 1.00E-38
  2.38E+06 5.57E-12 1.86E-04 2.56E-09 1.00E-38
  2.48E+06 5.37E-12 1.86E-04 2.12E-09 1.00E-38
  2.58E+06 4.86E-12 1.86E-04 1.77E-09 1.00E-38
  2.68E+06 4.14E-12 1.86E-04 1.49E-09 1.00E-38
  2.78E+06 3.31E-12 1.86E-04 1.27E-09 1.00E-38
  2.88E+06 2.50E-12 1.86E-04 1.09E-09 1.00E-38
  2.98E+06 1.77E-12 1.86E-04 9.45E-10 1.00E-38
  3.08E+06 1.17E-12 1.86E-04 8.25E-10 1.00E-38
  3.18E+06 7.30E-13 1.86E-04 7.27E-10 1.00E-38
  3.28E+06 4.21E-13 1.86E-04 6.37E-10 1.00E-38
  3.38E+06 2.24E-13 1.86E-04 5.54E-10 1.00E-38
  3.48E+06 1.09E-13 1.86E-04 4.78E-10 1.00E-38
  3.58E+06 4.79E-14 1.86E-04 4.10E-10 1.00E-38
  3.68E+06 1.88E-14 1.86E-04 3.51E-10 1.00E-38
  3.78E+06 6.61E-15 1.86E-04 2.98E-10 1.00E-38
  3.88E+06 2.11E-15 1.86E-04 2.52E-10 1.00E-38
  3.98E+06 6.40E-16 1.86E-04 2.12E-10 1.00E-38
  4.08E+06 1.89E-16 1.86E-04 1.78E-10 1.00E-38
  4.18E+06 5.58E-17 1.86E-04 1.49E-10 1.00E-38
  4.28E+06 1.67E-17 1.86E-04 1.23E-10 1.00E-38
  4.38E+06 5.09E-18 1.86E-04 1.02E-10 1.00E-38
  4.48E+06 1.59E-18 1.86E-04 8.41E-11 1.00E-38
  4.58E+06 5.08E-19 1.86E-04 6.88E-11 1.00E-38
  4.68E+06 1.67E-19 1.86E-04 5.60E-11 1.00E-38
  4.78E+06 5.63E-20 1.86E-04 4.53E-11 1.00E-38
  4.88E+06 1.95E-20 1.86E-04 3.63E-11 1.00E-38
  4.98E+06 6.95E-21 1.86E-04 2.89E-11 1.00E-38
  5.08E+06 2.56E-21 1.86E-04 2.28E-11 1.00E-38
  5.18E+06 9.72E-22 1.86E-04 1.77E-11 1.00E-38
  5.28E+06 3.82E-22 1.86E-04 1.36E-11 1.00E-38
  5.38E+06 1.56E-22 1.86E-04 1.02E-11 1.00E-38
  5.48E+06 6.63E-23 1.86E-04 7.49E-12 1.00E-38
  5.58E+06 2.94E-23 1.86E-04 5.37E-12 1.00E-38
  5.68E+06 1.36E-23 1.86E-04 3.75E-12 1.00E-38
  5.78E+06 6.61E-24 1.86E-04 2.53E-12 1.00E-38
  5.88E+06 3.42E-24 1.86E-04 1.64E-12 1.00E-38
  5.98E+06 1.91E-24 1.86E-04 1.02E-12 1.00E-38
  6.08E+06 1.19E-24 1.86E-04 6.04E-13 1.00E-38
  6.18E+06 8.42E-25 1.85E-04 3.38E-13 1.00E-38
  6.28E+06 6.65E-25 1.85E-04 1.77E-13 1.00E-38
  6.38E+06 5.65E-25 1.85E-04 8.64E-14 1.00E-38
  6.48E+06 4.91E-25 1.85E-04 3.86E-14 1.00E-38
  6.58E+06 4.23E-25 1.85E-04 1.56E-14 1.00E-38
  6.68E+06 3.52E-25 1.85E-04 5.64E-15 1.00E-38
  6.78E+06 2.79E-25 1.84E-04 1.78E-15 1.00E-38
  6.88E+06 2.10E-25 1.84E-04 4.80E-16 1.00E-38
  6.98E+06 1.48E-25 1.84E-04 1.07E-16 1.00E-38
  7.08E+06 9.76E-26 1.84E-04 1.92E-17 1.00E-38
  7.18E+06 5.97E-26 1.83E-04 2.63E-18 1.00E-38
  7.28E+06 3.30E-26 1.83E-04 2.56E-19 1.00E-38
  7.38E+06 1.74E-26 1.82E-04 1.62E-20 1.00E-38
  7.48E+06 8.16E-27 1.81E-04 5.69E-22 1.00E-38
  7.58E+06 1.75E-27 1.81E-04 8.40E-24 1.00E-38
  7.68E+06 1.90E-28 1.80E-04 2.35E-26 1.00E-38
  7.78E+06 1.87E-29 1.79E-04 1.19E-29 1.00E-38
  7.88E+06 2.49E-30 1.78E-04 9.11E-32 1.00E-38
  7.98E+06 5.57E-31 1.77E-04 3.39E-34 1.00E-38
  8.08E+06 1.69E-31 1.76E-04 4.89E-37 1.00E-38
  8.18E+06 5.50E-32 1.75E-04 1.00E-38 1.00E-38
  8.28E+06 1.82E-32 1.74E-04 1.00E-38 1.00E-38
  8.38E+06 6.12E-33 1.72E-04 1.00E-38 1.00E-38
  8.48E+06 2.11E-33 1.70E-04 1.00E-38 1.00E-38
  8.58E+06 7.43E-34 1.69E-04 1.00E-38 1.00E-38
  8.68E+06 2.68E-34 1.67E-04 1.00E-38 1.00E-38
  8.78E+06 9.91E-35 1.64E-04 1.00E-38 1.00E-38
  8.88E+06 3.73E-35 1.62E-04 1.00E-38 1.00E-38
  8.98E+06 1.43E-35 1.59E-04 1.00E-38 1.00E-38
  9.08E+06 5.60E-36 1.56E-04 1.00E-38 1.00E-38
  9.18E+06 2.22E-36 1.53E-04 1.00E-38 1.00E-38
  9.28E+06 8.91E-37 1.49E-04 1.00E-38 1.00E-38
  9.38E+06 3.62E-37 1.45E-04 1.00E-38 1.00E-38
  9.48E+06 1.48E-37 1.41E-04 1.00E-38 1.00E-38
  9.58E+06 6.13E-38 1.37E-04 1.00E-38 1.00E-38
  9.68E+06 2.56E-38 1.32E-04 1.00E-38 1.00E-38
  9.78E+06 1.08E-38 1.27E-04 1.00E-38 1.00E-38
  9.88E+06 4.64E-39 1.22E-04 1.00E-38 1.00E-38
  9.98E+06 2.23E-39 1.17E-04 1.00E-38 1.00E-38

 TP, TL
           1.83E+08 2.33E+11 6.25E+09 0.00E+00
           1.83E+08 3.39E+09 6.18E+09 1.71E-19

     TP = 0.000E+00  TL = 1.713E-19


 OZONE COLUMN DEPTH =  5.8365E+18


 O2, CO, CH4 COLUMN DEPTHs =      9.271E+23     1.757E+18     3.837E+19

 SULFUR COLUMN DEPTHS:  H2S = 3.684E+13  SO2 = 9.037E+15  S2 = 1.214E-10  S4 = 4.880E-36  S8 = 0.000E+00

 SCALED AEROSOL EXTINCTION OPTICAL DEPTHS
     SULFATE = 7.040E-02     S8(VIS) = 2.050E-30     S8(UV) = 4.099E-30

 FH2O AT COLD TRAP = 7.003E-06

 NUMBER DENSITIES OF LONG-LIVED SPECIES


     Z        O        O2       H2O      H        OH       HO2      H2O2     H2       CO       HCO      H2CO     CH4      CH3      C2H6     NO       NO2      HNO      H2S     
  2.50E+04 3.22E+03 1.05E+18 2.78E+17 4.60E-01 9.68E+05 2.65E+08 2.63E+10 1.32E+13 2.74E+12 1.77E-02 5.37E+09 4.49E+13 1.63E-01 3.35E-06 4.14E+07 7.41E+07 4.30E+02 2.40E+08
  1.25E+05 3.90E+03 9.49E+17 1.77E+17 4.92E-01 1.02E+06 2.51E+08 2.61E+10 1.20E+13 2.37E+12 1.82E-02 4.59E+09 4.06E+13 1.51E-01 3.02E-06 4.47E+07 7.04E+07 3.50E+02 1.09E+08
  2.25E+05 4.90E+03 8.59E+17 1.08E+17 5.24E-01 1.08E+06 2.29E+08 2.41E+10 1.09E+13 2.04E+12 1.73E-02 3.64E+09 3.67E+13 1.38E-01 2.72E-06 5.18E+07 7.30E+07 2.11E+02 4.91E+07
  3.25E+05 6.28E+03 7.76E+17 6.05E+16 5.49E-01 1.13E+06 2.03E+08 2.08E+10 9.82E+12 1.76E+12 1.58E-02 2.82E+09 3.31E+13 1.24E-01 2.44E-06 6.27E+07 7.95E+07 1.21E+02 2.20E+07
  4.25E+05 8.03E+03 7.01E+17 3.19E+16 5.58E-01 1.15E+06 1.72E+08 1.66E+10 8.88E+12 1.52E+12 1.37E-02 2.10E+09 2.99E+13 1.06E-01 2.18E-06 7.62E+07 8.58E+07 6.76E+01 9.90E+06
  5.25E+05 1.01E+04 6.33E+17 1.53E+16 5.31E-01 1.09E+06 1.40E+08 1.26E+10 8.02E+12 1.31E+12 1.08E-02 1.46E+09 2.70E+13 8.21E-02 1.95E-06 8.49E+07 8.27E+07 3.54E+01 4.61E+06
  6.25E+05 1.23E+04 5.72E+17 6.51E+15 4.51E-01 9.34E+05 1.09E+08 9.06E+09 7.25E+12 1.14E+12 7.36E-03 9.19E+08 2.44E+13 5.47E-02 1.74E-06 7.77E+07 6.33E+07 1.62E+01 2.29E+06
  7.25E+05 1.48E+04 5.17E+17 2.44E+15 3.57E-01 7.47E+05 8.22E+07 6.29E+09 6.56E+12 9.95E+11 4.53E-03 5.29E+08 2.20E+13 3.26E-02 1.57E-06 6.61E+07 4.35E+07 7.36E+00 1.21E+06
  8.25E+05 1.74E+04 4.67E+17 8.02E+14 3.04E-01 6.45E+05 5.98E+07 4.20E+09 5.91E+12 8.69E+11 2.88E-03 3.05E+08 1.98E+13 2.01E-02 1.42E-06 7.36E+07 3.80E+07 4.52E+00 6.77E+05
  9.25E+05 2.02E+04 4.20E+17 2.33E+14 2.92E-01 6.27E+05 4.23E+07 2.75E+09 5.32E+12 7.60E+11 2.00E-03 1.85E+08 1.78E+13 1.34E-02 1.29E-06 1.05E+08 4.10E+07 3.66E+00 3.92E+05
  1.02E+06 2.39E+04 3.74E+17 7.00E+13 3.03E-01 6.43E+05 2.98E+07 1.77E+09 4.74E+12 6.59E+11 1.53E-03 1.21E+08 1.59E+13 9.69E-03 1.16E-06 1.47E+08 4.41E+07 3.04E+00 2.32E+05
  1.12E+06 3.47E+04 3.22E+17 4.14E+13 3.32E-01 6.41E+05 2.12E+07 9.74E+08 4.08E+12 5.45E+11 1.37E-03 9.13E+07 1.37E+13 9.56E-03 1.04E-06 1.89E+08 5.33E+07 2.10E+00 1.19E+05
  1.22E+06 6.34E+04 2.76E+17 2.88E+13 3.21E-01 5.79E+05 1.23E+07 3.49E+08 3.50E+12 4.30E+11 1.18E-03 6.75E+07 1.17E+13 8.84E-03 1.00E-06 2.62E+08 8.65E+07 1.27E+00 4.01E+04
  1.32E+06 1.26E+05 2.37E+17 2.47E+13 2.87E-01 4.98E+05 7.05E+06 9.80E+07 3.00E+12 3.26E+11 9.87E-04 4.91E+07 9.95E+12 8.04E-03 1.08E-06 3.50E+08 1.54E+08 9.48E-01 1.08E+04
  1.42E+06 2.71E+05 2.02E+17 2.13E+13 2.51E-01 4.42E+05 4.44E+06 2.49E+07 2.56E+12 2.30E+11 8.87E-04 3.77E+07 8.40E+12 7.86E-03 1.36E-06 4.57E+08 3.01E+08 9.92E-01 1.88E+03
  1.52E+06 5.21E+05 1.72E+17 1.84E+13 2.40E-01 4.35E+05 3.55E+06 1.15E+07 2.18E+12 1.58E+11 9.10E-04 3.23E+07 7.05E+12 8.70E-03 1.77E-06 5.45E+08 4.87E+08 1.14E+00 2.73E+02
  1.62E+06 9.27E+05 1.47E+17 1.59E+13 2.39E-01 4.51E+05 3.23E+06 8.35E+06 1.85E+12 1.05E+11 9.94E-04 2.92E+07 5.88E+12 1.02E-02 2.34E-06 6.30E+08 7.12E+08 1.23E+00 3.14E+01
  1.72E+06 1.53E+06 1.25E+17 1.39E+13 2.50E-01 4.90E+05 3.18E+06 7.46E+06 1.57E+12 6.97E+10 1.13E-03 2.74E+07 4.88E+12 1.25E-02 3.05E-06 7.15E+08 9.47E+08 1.23E+00 2.95E+00
  1.82E+06 2.35E+06 1.07E+17 1.21E+13 2.79E-01 5.55E+05 3.30E+06 7.44E+06 1.34E+12 4.68E+10 1.34E-03 2.63E+07 4.03E+12 1.57E-02 3.87E-06 8.02E+08 1.17E+09 1.09E+00 2.34E-01
  1.92E+06 3.47E+06 9.14E+16 1.06E+13 3.34E-01 6.50E+05 3.56E+06 7.96E+06 1.13E+12 3.21E+10 1.63E-03 2.58E+07 3.31E+12 2.03E-02 4.83E-06 8.91E+08 1.36E+09 7.84E-01 1.63E-02
  2.02E+06 4.92E+06 7.80E+16 9.29E+12 4.31E-01 7.87E+05 3.97E+06 9.01E+06 9.58E+11 2.30E+10 2.03E-03 2.56E+07 2.71E+12 2.69E-02 5.93E-06 9.74E+08 1.51E+09 4.11E-01 1.72E-03
  2.12E+06 6.80E+06 6.66E+16 8.13E+12 5.96E-01 9.76E+05 4.55E+06 1.06E+07 8.10E+11 1.72E+10 2.59E-03 2.57E+07 2.21E+12 3.63E-02 7.22E-06 1.04E+09 1.60E+09 2.17E-01 5.96E-04
  2.22E+06 9.26E+06 5.68E+16 7.12E+12 8.73E-01 1.23E+06 5.32E+06 1.29E+07 6.83E+11 1.33E+10 3.36E-03 2.59E+07 1.80E+12 4.96E-02 8.80E-06 1.10E+09 1.64E+09 1.35E-01 3.36E-04
  2.32E+06 1.25E+07 4.85E+16 6.23E+12 1.34E+00 1.55E+06 6.27E+06 1.56E+07 5.76E+11 1.07E+10 4.37E-03 2.60E+07 1.46E+12 6.85E-02 1.08E-05 1.14E+09 1.63E+09 1.09E-01 1.97E-04
  2.42E+06 1.66E+07 4.14E+16 5.44E+12 2.14E+00 1.95E+06 7.39E+06 1.87E+07 4.85E+11 8.82E+09 5.69E-03 2.58E+07 1.19E+12 9.47E-02 1.34E-05 1.15E+09 1.58E+09 1.11E-01 1.13E-04
  2.52E+06 2.21E+07 3.54E+16 4.76E+12 3.52E+00 2.43E+06 8.61E+06 2.17E+07 4.09E+11 7.41E+09 7.33E-03 2.53E+07 9.64E+11 1.30E-01 1.69E-05 1.15E+09 1.49E+09 1.28E-01 6.27E-05
  2.62E+06 2.93E+07 3.02E+16 4.16E+12 5.97E+00 2.96E+06 9.83E+06 2.42E+07 3.44E+11 6.33E+09 9.29E-03 2.45E+07 7.80E+11 1.78E-01 2.17E-05 1.13E+09 1.37E+09 1.53E-01 3.35E-05
  2.72E+06 3.87E+07 2.58E+16 3.63E+12 1.04E+01 3.53E+06 1.10E+07 2.58E+07 2.89E+11 5.47E+09 1.16E-02 2.34E+07 6.30E+11 2.42E-01 2.85E-05 1.10E+09 1.23E+09 1.83E-01 1.72E-05
  2.82E+06 5.12E+07 2.21E+16 3.17E+12 1.84E+01 4.12E+06 1.20E+07 2.63E+07 2.43E+11 4.78E+09 1.42E-02 2.21E+07 5.08E+11 3.26E-01 3.79E-05 1.04E+09 1.07E+09 2.17E-01 8.59E-06
  2.92E+06 6.79E+07 1.89E+16 2.76E+12 3.35E+01 4.74E+06 1.28E+07 2.56E+07 2.05E+11 4.20E+09 1.71E-02 2.07E+07 4.09E+11 4.37E-01 5.11E-05 9.65E+08 9.09E+08 2.53E-01 4.21E-06
  3.02E+06 9.02E+07 1.61E+16 2.41E+12 6.21E+01 5.38E+06 1.33E+07 2.38E+07 1.72E+11 3.72E+09 2.04E-02 1.93E+07 3.27E+11 5.88E-01 7.02E-05 8.77E+08 7.45E+08 2.91E-01 1.99E-06
  3.12E+06 1.20E+08 1.38E+16 2.10E+12 1.17E+02 6.09E+06 1.35E+07 2.11E+07 1.45E+11 3.29E+09 2.44E-02 1.79E+07 2.62E+11 7.95E-01 9.70E-05 7.81E+08 5.90E+08 3.31E-01 9.20E-07
  3.22E+06 1.60E+08 1.18E+16 1.83E+12 2.27E+02 6.90E+06 1.33E+07 1.77E+07 1.23E+11 2.91E+09 2.90E-02 1.65E+07 2.09E+11 1.08E+00 1.35E-04 6.83E+08 4.50E+08 3.73E-01 4.19E-07
  3.32E+06 2.13E+08 1.01E+16 1.59E+12 4.44E+02 7.86E+06 1.28E+07 1.41E+07 1.04E+11 2.57E+09 3.46E-02 1.51E+07 1.67E+11 1.48E+00 1.90E-04 5.89E+08 3.31E+08 4.18E-01 1.87E-07
  3.42E+06 2.84E+08 8.72E+15 1.39E+12 8.77E+02 9.00E+06 1.21E+07 1.08E+07 8.89E+10 2.25E+09 4.13E-02 1.38E+07 1.33E+11 2.01E+00 2.70E-04 5.02E+08 2.33E+08 4.68E-01 8.49E-08
  3.52E+06 3.76E+08 7.51E+15 1.21E+12 1.74E+03 1.03E+07 1.13E+07 8.12E+06 7.65E+10 1.96E+09 4.89E-02 1.24E+07 1.06E+11 2.73E+00 3.88E-04 4.24E+08 1.56E+08 5.21E-01 4.04E-08
  3.62E+06 4.93E+08 6.50E+15 1.06E+12 3.40E+03 1.18E+07 1.05E+07 6.08E+06 6.64E+10 1.70E+09 5.70E-02 1.10E+07 8.50E+10 3.62E+00 5.61E-04 3.55E+08 9.96E+07 5.72E-01 2.11E-08
  3.72E+06 6.38E+08 5.63E+15 9.31E+11 6.45E+03 1.32E+07 9.70E+06 4.63E+06 5.84E+10 1.48E+09 6.45E-02 9.55E+06 6.86E+10 4.66E+00 8.21E-04 2.95E+08 6.02E+07 6.12E-01 1.26E-08
  3.82E+06 8.05E+08 4.90E+15 8.16E+11 1.15E+04 1.43E+07 9.02E+06 3.63E+06 5.20E+10 1.28E+09 6.96E-02 8.12E+06 5.58E+10 5.70E+00 1.23E-03 2.42E+08 3.46E+07 6.25E-01 8.71E-09
  3.92E+06 9.80E+08 4.28E+15 7.17E+11 1.90E+04 1.49E+07 8.42E+06 2.92E+06 4.69E+10 1.12E+09 7.12E-02 6.75E+06 4.58E+10 6.57E+00 1.91E-03 1.95E+08 1.93E+07 6.04E-01 6.82E-09
  4.02E+06 1.15E+09 3.75E+15 6.30E+11 2.92E+04 1.49E+07 7.86E+06 2.40E+06 4.28E+10 9.81E+08 6.93E-02 5.50E+06 3.79E+10 7.16E+00 3.03E-03 1.56E+08 1.06E+07 5.55E-01 5.87E-09
  4.12E+06 1.31E+09 3.30E+15 5.55E+11 4.19E+04 1.45E+07 7.33E+06 2.00E+06 3.96E+10 8.68E+08 6.47E-02 4.43E+06 3.17E+10 7.45E+00 4.92E-03 1.23E+08 5.85E+06 4.90E-01 5.34E-09
  4.22E+06 1.45E+09 2.90E+15 4.88E+11 5.72E+04 1.39E+07 6.81E+06 1.68E+06 3.69E+10 7.77E+08 5.86E-02 3.53E+06 2.67E+10 7.49E+00 7.99E-03 9.66E+07 3.24E+06 4.20E-01 5.03E-09
  4.32E+06 1.57E+09 2.55E+15 4.29E+11 7.51E+04 1.31E+07 6.30E+06 1.42E+06 3.45E+10 7.06E+08 5.21E-02 2.80E+06 2.26E+10 7.38E+00 1.27E-02 7.56E+07 1.81E+06 3.53E-01 4.79E-09
  4.42E+06 1.67E+09 2.25E+15 3.77E+11 9.63E+04 1.22E+07 5.81E+06 1.19E+06 3.23E+10 6.51E+08 4.60E-02 2.22E+06 1.93E+10 7.22E+00 1.94E-02 5.91E+07 1.03E+06 2.93E-01 4.54E-09
  4.52E+06 1.76E+09 1.97E+15 3.30E+11 1.21E+05 1.12E+07 5.33E+06 1.00E+06 3.04E+10 6.13E+08 4.03E-02 1.76E+06 1.64E+10 7.04E+00 2.87E-02 4.62E+07 5.98E+05 2.41E-01 4.26E-09
  4.62E+06 1.84E+09 1.73E+15 2.89E+11 1.50E+05 1.04E+07 4.89E+06 8.46E+05 2.86E+10 5.88E+08 3.51E-02 1.39E+06 1.41E+10 6.84E+00 4.09E-02 3.61E+07 3.51E+05 1.98E-01 3.98E-09
  4.72E+06 1.90E+09 1.52E+15 2.52E+11 1.85E+05 9.52E+06 4.49E+06 7.16E+05 2.68E+10 5.74E+08 3.05E-02 1.10E+06 1.20E+10 6.64E+00 5.58E-02 2.83E+07 2.09E+05 1.63E-01 3.69E-09
  4.82E+06 1.95E+09 1.34E+15 2.20E+11 2.26E+05 8.76E+06 4.12E+06 6.08E+05 2.52E+10 5.70E+08 2.65E-02 8.70E+05 1.03E+10 6.44E+00 7.37E-02 2.22E+07 1.27E+05 1.34E-01 3.43E-09
  4.92E+06 1.98E+09 1.17E+15 1.91E+11 2.76E+05 8.06E+06 3.79E+06 5.20E+05 2.36E+10 5.76E+08 2.29E-02 6.86E+05 8.85E+09 6.24E+00 9.42E-02 1.75E+07 7.82E+04 1.11E-01 3.20E-09
  5.02E+06 2.01E+09 1.03E+15 1.66E+11 3.35E+05 7.44E+06 3.50E+06 4.48E+05 2.21E+10 5.89E+08 1.98E-02 5.40E+05 7.59E+09 6.04E+00 1.17E-01 1.39E+07 4.90E+04 9.29E-02 2.99E-09
  5.12E+06 2.02E+09 8.97E+14 1.44E+11 4.06E+05 6.88E+06 3.24E+06 3.89E+05 2.07E+10 6.09E+08 1.71E-02 4.24E+05 6.51E+09 5.84E+00 1.41E-01 1.10E+07 3.13E+04 7.81E-02 2.83E-09
  5.22E+06 2.02E+09 7.84E+14 1.25E+11 4.92E+05 6.38E+06 3.01E+06 3.40E+05 1.94E+10 6.34E+08 1.47E-02 3.32E+05 5.57E+09 5.63E+00 1.68E-01 8.79E+06 2.04E+04 6.61E-02 2.70E-09
  5.32E+06 2.01E+09 6.85E+14 1.08E+11 5.96E+05 5.94E+06 2.80E+06 3.00E+05 1.81E+10 6.65E+08 1.26E-02 2.60E+05 4.77E+09 5.43E+00 1.95E-01 7.03E+06 1.36E+04 5.65E-02 2.60E-09
  5.42E+06 1.99E+09 5.98E+14 9.35E+10 7.23E+05 5.54E+06 2.62E+06 2.66E+05 1.69E+10 7.01E+08 1.08E-02 2.02E+05 4.07E+09 5.22E+00 2.22E-01 5.66E+06 9.21E+03 4.86E-02 2.52E-09
  5.52E+06 1.97E+09 5.22E+14 8.06E+10 8.78E+05 5.19E+06 2.46E+06 2.38E+05 1.58E+10 7.41E+08 9.27E-03 1.57E+05 3.46E+09 5.01E+00 2.50E-01 4.57E+06 6.40E+03 4.22E-02 2.46E-09
  5.62E+06 1.94E+09 4.55E+14 6.93E+10 1.07E+06 4.87E+06 2.32E+06 2.15E+05 1.48E+10 7.84E+08 7.98E-03 1.22E+05 2.94E+09 4.81E+00 2.78E-01 3.71E+06 4.55E+03 3.70E-02 2.42E-09
  5.72E+06 1.90E+09 3.96E+14 5.95E+10 1.31E+06 4.60E+06 2.19E+06 1.96E+05 1.38E+10 8.31E+08 7.01E-03 9.55E+04 2.49E+09 4.64E+00 3.06E-01 3.04E+06 3.32E+03 3.28E-02 2.42E-09
  5.82E+06 1.85E+09 3.44E+14 5.09E+10 1.60E+06 4.37E+06 2.09E+06 1.82E+05 1.29E+10 8.80E+08 6.57E-03 7.66E+04 2.10E+09 4.59E+00 3.32E-01 2.51E+06 2.49E+03 2.97E-02 2.47E-09
  5.92E+06 1.79E+09 2.99E+14 4.35E+10 1.97E+06 4.22E+06 2.02E+06 1.75E+05 1.21E+10 9.32E+08 7.16E-03 6.63E+04 1.76E+09 4.88E+00 3.57E-01 2.09E+06 1.95E+03 2.75E-02 2.65E-09
  6.02E+06 1.69E+09 2.60E+14 3.70E+10 2.45E+06 4.16E+06 2.01E+06 1.78E+05 1.13E+10 9.85E+08 9.68E-03 6.61E+04 1.47E+09 6.01E+00 3.82E-01 1.76E+06 1.62E+03 2.64E-02 3.08E-09
  6.12E+06 1.56E+09 2.26E+14 3.14E+10 3.09E+06 4.25E+06 2.07E+06 1.92E+05 1.06E+10 1.04E+09 1.55E-02 7.79E+04 1.22E+09 8.83E+00 4.04E-01 1.50E+06 1.44E+03 2.67E-02 3.97E-09
  6.22E+06 1.41E+09 1.96E+14 2.65E+10 3.95E+06 4.49E+06 2.21E+06 2.20E+05 9.94E+09 1.09E+09 2.64E-02 1.02E+05 1.00E+09 1.47E+01 4.26E-01 1.29E+06 1.38E+03 2.82E-02 5.55E-09
  6.32E+06 1.25E+09 1.69E+14 2.23E+10 5.12E+06 4.86E+06 2.41E+06 2.61E+05 9.32E+09 1.15E+09 4.39E-02 1.38E+05 8.21E+08 2.53E+01 4.47E-01 1.13E+06 1.39E+03 3.11E-02 8.04E-09
  6.42E+06 1.13E+09 1.47E+14 1.87E+10 6.74E+06 5.30E+06 2.64E+06 3.11E+05 8.74E+09 1.21E+09 6.93E-02 1.80E+05 6.66E+08 4.26E+01 4.66E-01 1.01E+06 1.43E+03 3.49E-02 1.14E-08
  6.52E+06 1.03E+09 1.27E+14 1.56E+10 8.99E+06 5.74E+06 2.87E+06 3.65E+05 8.19E+09 1.26E+09 1.03E-01 2.22E+05 5.34E+08 6.76E+01 4.85E-01 9.07E+05 1.46E+03 3.95E-02 1.53E-08
  6.62E+06 9.70E+08 1.09E+14 1.29E+10 1.21E+07 6.14E+06 3.06E+06 4.12E+05 7.67E+09 1.32E+09 1.42E-01 2.59E+05 4.24E+08 1.00E+02 5.00E-01 8.28E+05 1.46E+03 4.46E-02 1.90E-08
  6.72E+06 9.40E+08 9.44E+13 1.06E+10 1.65E+07 6.42E+06 3.19E+06 4.45E+05 7.18E+09 1.37E+09 1.86E-01 2.86E+05 3.33E+08 1.38E+02 5.10E-01 7.65E+05 1.41E+03 4.98E-02 2.16E-08
  6.82E+06 9.38E+08 8.13E+13 8.60E+09 2.25E+07 6.57E+06 3.23E+06 4.57E+05 6.70E+09 1.43E+09 2.29E-01 3.00E+05 2.59E+08 1.76E+02 5.12E-01 7.14E+05 1.31E+03 5.49E-02 2.27E-08
  6.92E+06 9.63E+08 7.00E+13 6.94E+09 3.08E+07 6.54E+06 3.17E+06 4.45E+05 6.24E+09 1.47E+09 2.67E-01 3.01E+05 2.00E+08 2.09E+02 5.00E-01 6.74E+05 1.17E+03 5.95E-02 2.20E-08
  7.02E+06 1.02E+09 6.02E+13 5.54E+09 4.20E+07 6.33E+06 3.01E+06 4.10E+05 5.79E+09 1.51E+09 2.98E-01 2.92E+05 1.52E+08 2.28E+02 4.73E-01 6.42E+05 9.92E+02 6.33E-02 1.97E-08
  7.12E+06 1.10E+09 5.17E+13 4.38E+09 5.71E+07 5.94E+06 2.77E+06 3.55E+05 5.35E+09 1.55E+09 3.19E-01 2.73E+05 1.15E+08 2.29E+02 4.31E-01 6.17E+05 8.04E+02 6.58E-02 1.61E-08
  7.22E+06 1.23E+09 4.43E+13 3.42E+09 7.74E+07 5.41E+06 2.47E+06 2.91E+05 4.91E+09 1.57E+09 3.30E-01 2.49E+05 8.60E+07 2.11E+02 3.79E-01 5.98E+05 6.22E+02 6.70E-02 1.22E-08
  7.32E+06 1.38E+09 3.77E+13 2.62E+09 1.05E+08 4.80E+06 2.14E+06 2.25E+05 4.45E+09 1.58E+09 3.30E-01 2.17E+05 6.35E+07 1.81E+02 3.20E-01 5.81E+05 4.56E+02 6.70E-02 8.67E-09
  7.42E+06 1.56E+09 3.21E+13 1.98E+09 1.50E+08 4.46E+06 1.93E+06 1.68E+05 4.00E+09 1.57E+09 3.22E-01 1.81E+05 4.66E+07 1.46E+02 2.62E-01 5.70E+05 3.45E+02 7.10E-02 6.02E-09
  7.52E+06 2.50E+09 2.73E+13 1.48E+09 2.42E+08 3.35E+06 1.41E+06 9.86E+04 3.56E+09 1.56E+09 3.05E-01 1.43E+05 3.40E+07 8.16E+01 2.11E-01 5.61E+05 1.66E+02 6.07E-02 2.37E-09
  7.62E+06 7.02E+09 2.33E+13 1.08E+09 3.78E+08 1.47E+06 5.94E+05 3.85E+04 3.11E+09 1.54E+09 2.96E-01 9.40E+04 2.47E+07 2.47E+01 1.67E-01 5.43E+05 3.23E+01 2.83E-02 3.38E-10
  7.72E+06 1.89E+10 1.98E+13 7.77E+08 5.00E+08 6.40E+05 2.17E+05 1.23E+04 2.69E+09 1.50E+09 2.92E-01 4.62E+04 1.79E+07 7.36E+00 1.32E-01 5.05E+05 6.70E+00 1.10E-02 3.02E-11
  7.82E+06 4.08E+10 1.68E+13 5.56E+08 5.77E+08 3.30E+05 8.52E+04 3.71E+03 2.32E+09 1.44E+09 2.69E-01 2.01E+04 1.29E+07 2.67E+00 1.04E-01 4.44E+05 2.63E+00 4.44E-03 2.20E-12
  7.92E+06 7.35E+10 1.43E+13 3.96E+08 6.10E+08 1.93E+05 3.64E+04 1.08E+03 1.98E+09 1.37E+09 2.34E-01 9.15E+03 9.25E+06 1.15E+00 8.06E-02 3.66E+05 1.51E+00 1.84E-03 1.38E-13
  8.02E+06 1.16E+11 1.21E+13 2.80E+08 6.09E+08 1.21E+05 1.67E+04 3.08E+02 1.70E+09 1.29E+09 1.97E-01 4.56E+03 6.63E+06 5.58E-01 6.22E-02 2.86E+05 9.54E-01 7.69E-04 7.63E-15
  8.12E+06 1.69E+11 1.03E+13 1.98E+08 5.85E+08 7.88E+04 7.99E+03 8.51E+01 1.45E+09 1.21E+09 1.60E-01 2.44E+03 4.72E+06 2.93E-01 4.75E-02 2.16E+05 6.04E-01 3.28E-04 3.70E-16
  8.22E+06 2.28E+11 8.72E+12 1.38E+08 5.47E+08 5.23E+04 4.00E+03 2.26E+01 1.23E+09 1.13E+09 1.25E-01 1.38E+03 3.35E+06 1.64E-01 3.60E-02 1.61E+05 3.83E-01 1.44E-04 1.66E-17
  8.32E+06 2.91E+11 7.37E+12 9.62E+07 5.01E+08 3.50E+04 2.07E+03 5.82E+00 1.05E+09 1.05E+09 9.48E-02 8.14E+02 2.36E+06 9.64E-02 2.70E-02 1.21E+05 2.45E-01 6.64E-05 8.37E-19
  8.42E+06 3.53E+11 6.22E+12 6.66E+07 4.52E+08 2.35E+04 1.10E+03 1.45E+00 8.97E+08 9.68E+08 7.02E-02 5.00E+02 1.66E+06 5.89E-02 2.01E-02 9.20E+04 1.59E-01 3.19E-05 6.46E-20
  8.52E+06 4.13E+11 5.24E+12 4.59E+07 4.03E+08 1.57E+04 6.05E+02 3.55E-01 7.64E+08 8.90E+08 5.13E-02 3.17E+02 1.16E+06 3.72E-02 1.48E-02 7.07E+04 1.04E-01 1.59E-05 8.28E-21
  8.62E+06 4.67E+11 4.40E+12 3.15E+07 3.56E+08 1.05E+04 3.38E+02 8.53E-02 6.51E+08 8.14E+08 3.71E-02 2.06E+02 8.09E+05 2.41E-02 1.09E-02 5.48E+04 6.86E-02 8.23E-06 1.43E-21
  8.72E+06 5.13E+11 3.68E+12 2.15E+07 3.13E+08 6.93E+03 1.93E+02 2.04E-02 5.55E+08 7.42E+08 2.67E-02 1.37E+02 5.62E+05 1.60E-02 7.99E-03 4.28E+04 4.57E-02 4.38E-06 2.93E-22
  8.82E+06 5.50E+11 3.07E+12 1.46E+07 2.73E+08 4.55E+03 1.12E+02 4.90E-03 4.73E+08 6.74E+08 1.92E-02 9.24E+01 3.91E+05 1.08E-02 5.84E-03 3.37E+04 3.07E-02 2.39E-06 6.70E-23
  8.92E+06 5.78E+11 2.56E+12 9.94E+06 2.37E+08 2.97E+03 6.58E+01 1.20E-03 4.03E+08 6.09E+08 1.39E-02 6.36E+01 2.71E+05 7.44E-03 4.27E-03 2.66E+04 2.07E-02 1.34E-06 1.69E-23
  9.02E+06 5.95E+11 2.13E+12 6.74E+06 2.06E+08 1.92E+03 3.92E+01 3.06E-04 3.43E+08 5.48E+08 1.00E-02 4.44E+01 1.88E+05 5.19E-03 3.12E-03 2.12E+04 1.40E-02 7.63E-07 4.61E-24
  9.12E+06 6.04E+11 1.76E+12 4.57E+06 1.78E+08 1.23E+03 2.36E+01 8.21E-05 2.92E+08 4.91E+08 7.34E-03 3.15E+01 1.31E+05 3.68E-03 2.29E-03 1.70E+04 9.58E-03 4.44E-07 1.35E-24
  9.22E+06 6.04E+11 1.45E+12 3.10E+06 1.53E+08 7.85E+02 1.44E+01 2.34E-05 2.49E+08 4.39E+08 5.41E-03 2.27E+01 9.19E+04 2.65E-03 1.69E-03 1.36E+04 6.56E-03 2.62E-07 4.22E-25
  9.32E+06 5.95E+11 1.20E+12 2.11E+06 1.32E+08 4.97E+02 8.82E+00 7.18E-06 2.12E+08 3.90E+08 4.05E-03 1.66E+01 6.48E+04 1.95E-03 1.25E-03 1.10E+04 4.50E-03 1.58E-07 1.40E-25
  9.42E+06 5.80E+11 9.84E+11 1.44E+06 1.14E+08 3.12E+02 5.47E+00 2.36E-06 1.81E+08 3.45E+08 3.08E-03 1.25E+01 4.61E+04 1.46E-03 9.38E-04 8.84E+03 3.10E-03 9.60E-08 4.88E-26
  9.52E+06 5.58E+11 8.07E+11 9.98E+05 9.79E+07 1.95E+02 3.43E+00 8.33E-07 1.54E+08 3.04E+08 2.39E-03 9.56E+00 3.34E+04 1.12E-03 7.11E-04 7.15E+03 2.14E-03 5.92E-08 1.80E-26
  9.62E+06 5.31E+11 6.62E+11 7.03E+05 8.42E+07 1.22E+02 2.17E+00 3.12E-07 1.32E+08 2.67E+08 1.91E-03 7.58E+00 2.47E+04 8.87E-04 5.48E-04 5.80E+03 1.48E-03 3.71E-08 6.96E-27
  9.72E+06 4.99E+11 5.44E+11 5.10E+05 7.23E+07 7.59E+01 1.39E+00 1.24E-07 1.12E+08 2.33E+08 1.59E-03 6.27E+00 1.88E+04 7.34E-04 4.29E-04 4.72E+03 1.03E-03 2.35E-08 2.86E-27
  9.82E+06 4.64E+11 4.48E+11 3.87E+05 6.20E+07 4.73E+01 9.04E-01 5.27E-08 9.59E+07 2.03E+08 1.40E-03 5.48E+00 1.49E+04 6.42E-04 3.43E-04 3.86E+03 7.20E-04 1.52E-08 1.25E-27
  9.92E+06 4.23E+11 3.71E+11 3.11E+05 5.32E+07 2.99E+01 6.01E-01 2.59E-08 8.19E+07 1.75E+08 1.31E-03 5.15E+00 1.24E+04 6.04E-04 2.82E-04 3.19E+03 5.08E-04 1.01E-08 6.08E-28

     Z        HS       S        SO       SO2      H2SO4    HSO      S2       S4       S8       SO3      OCS      S3       O3       HNO3     N        NO3      N2O      HO2NO2  
  2.50E+04 8.27E+02 5.76E-12 1.43E+01 1.76E+09 9.53E+07 1.84E+07 1.11E-15 6.69E-41 3.14E-82 3.94E-02 1.56E-02 1.50E-38 2.62E+11 3.69E+08 4.14-114 5.29E+03 7.48E+12 1.57E+06
  1.25E+05 4.06E+02 1.52E-12 1.21E+01 3.21E+09 1.78E+08 1.37E+07 3.50E-16 5.88E-42 2.84E-82 1.23E-01 1.41E-02 1.07E-39 2.67E+11 4.20E+08 5.96-102 4.61E+03 6.77E+12 3.00E+06
  2.25E+05 1.92E+02 3.76E-13 8.25E+00 4.11E+09 2.50E+08 7.14E+06 7.25E-17 2.24E-43 2.57E-82 2.86E-01 1.28E-02 4.76E-41 2.85E+11 4.96E+08 4.33E-90 4.59E+03 6.13E+12 6.56E+06
  3.25E+05 8.75E+01 8.55E-14 5.23E+00 4.71E+09 3.05E+08 3.38E+06 1.23E-17 5.68E-45 2.33E-82 6.62E-01 1.15E-02 1.59E-42 3.09E+11 5.65E+08 1.51E-78 4.83E+03 5.54E+12 1.53E+07
  4.25E+05 3.89E+01 1.87E-14 3.26E+00 5.13E+09 3.39E+08 1.56E+06 1.82E-18 1.11E-46 2.10E-82 1.53E+00 1.04E-02 4.52E-44 3.37E+11 6.05E+08 2.42E-67 5.03E+03 5.00E+12 3.80E+07
  5.25E+05 1.68E+01 4.02E-15 2.05E+00 5.45E+09 3.44E+08 7.31E+05 2.46E-19 1.80E-48 1.90E-82 3.56E+00 9.39E-03 1.15E-45 3.65E+11 6.04E+08 1.64E-56 4.87E+03 4.52E+12 9.39E+07
  6.25E+05 6.99E+00 1.05E-15 1.36E+00 5.70E+09 3.19E+08 3.63E+05 3.11E-20 2.57E-50 1.72E-82 8.21E+00 8.48E-03 3.31E-47 3.91E+11 5.70E+08 2.89E-46 4.35E+03 4.08E+12 1.89E+08
  7.25E+05 2.95E+00 9.87E-16 1.30E+00 5.86E+09 2.80E+08 1.92E+05 4.29E-21 4.36E-52 1.55E-82 1.98E+01 7.65E-03 3.80E-48 4.15E+11 5.27E+08 1.84E-38 4.02E+03 3.68E+12 2.77E+08
  8.25E+05 1.42E+00 4.71E-15 2.64E+00 5.86E+09 2.51E+08 1.06E+05 2.52E-21 1.34E-52 1.40E-82 5.75E+01 6.89E-03 9.40E-48 4.36E+11 4.94E+08 1.36E-32 4.02E+03 3.32E+12 3.09E+08
  9.25E+05 8.08E-01 3.81E-14 8.45E+00 5.71E+09 2.37E+08 6.04E+04 8.13E-21 1.24E-51 1.26E-82 2.08E+02 6.19E-03 2.16E-46 4.53E+11 4.73E+08 1.11E-27 4.15E+03 2.99E+12 2.92E+08
  1.02E+06 4.97E-01 3.03E-13 2.82E+01 5.45E+09 2.28E+08 3.56E+04 2.74E-20 1.24E-50 1.12E-82 7.50E+02 5.51E-03 5.04E-45 4.68E+11 4.64E+08 1.74E-23 4.35E+03 2.66E+12 2.49E+08
  1.12E+06 2.42E-01 1.61E-12 6.49E+01 5.14E+09 2.10E+08 1.91E+04 6.18E-20 5.39E-50 9.65E-83 1.62E+03 4.72E-03 5.11E-44 5.07E+11 4.90E+08 4.63E-20 4.26E+03 2.28E+12 2.04E+08
  1.22E+06 5.74E-02 7.81E-12 1.47E+02 5.25E+09 1.90E+08 8.21E+03 7.22E-20 6.24E-50 8.28E-83 2.64E+03 4.01E-03 2.45E-43 6.82E+11 6.69E+08 4.45E-17 4.97E+03 1.95E+12 1.79E+08
  1.32E+06 9.49E-03 3.37E-11 3.13E+02 5.46E+09 1.64E+08 4.57E+03 4.99E-20 2.53E-50 7.09E-83 2.92E+03 3.36E-03 6.17E-43 9.87E+11 1.02E+09 1.62E-14 6.76E+03 1.65E+12 1.79E+08
  1.42E+06 1.03E-03 1.30E-10 6.14E+02 5.62E+09 1.43E+08 3.68E+03 2.00E-20 3.42E-51 6.05E-83 3.49E+03 2.74E-03 8.00E-43 1.52E+12 1.70E+09 2.60E-12 1.19E+04 1.38E+12 2.07E+08
  1.52E+06 1.64E-04 4.27E-10 1.04E+03 5.22E+09 1.23E+08 3.56E+03 1.00E-20 7.25E-52 5.15E-83 4.28E+03 2.18E-03 1.11E-42 2.08E+12 2.45E+09 2.01E-10 2.05E+04 1.14E+12 2.43E+08
  1.62E+06 8.31E-05 1.23E-09 1.56E+03 4.35E+09 1.00E+08 3.36E+03 1.34E-20 1.11E-51 4.39E-83 4.95E+03 1.68E-03 3.61E-42 2.64E+12 3.21E+09 8.86E-09 3.37E+04 9.22E+11 2.83E+08
  1.72E+06 9.13E-05 3.10E-09 2.06E+03 3.21E+09 7.56E+07 2.99E+03 3.25E-20 5.49E-51 3.74E-83 5.19E+03 1.25E-03 1.86E-41 3.10E+12 3.82E+09 2.48E-07 5.03E+04 7.38E+11 3.17E+08
  1.82E+06 1.08E-04 6.59E-09 2.30E+03 2.03E+09 5.04E+07 2.41E+03 7.03E-20 2.17E-50 3.19E-83 4.79E+03 8.99E-04 7.25E-41 3.41E+12 4.18E+09 4.73E-06 6.81E+04 5.82E+11 3.37E+08
  1.92E+06 1.08E-04 1.06E-08 1.97E+03 9.87E+08 2.69E+07 1.57E+03 9.63E-20 3.47E-50 2.72E-83 3.55E+03 6.21E-04 1.35E-40 3.57E+12 4.28E+09 6.48E-05 8.57E+04 4.51E+11 3.42E+08
  2.02E+06 7.99E-05 1.14E-08 1.14E+03 3.33E+08 1.04E+07 7.35E+02 6.52E-20 1.35E-50 2.32E-83 1.90E+03 4.12E-04 8.37E-41 3.58E+12 4.12E+09 6.61E-04 1.01E+05 3.45E+11 3.31E+08
  2.12E+06 5.62E-05 1.08E-08 5.95E+02 1.03E+08 3.70E+06 3.24E+02 3.66E-20 3.61E-51 1.97E-83 9.75E+02 2.63E-04 3.80E-41 3.50E+12 3.77E+09 5.17E-03 1.13E+05 2.61E+11 3.06E+08
  2.22E+06 3.89E-05 9.65E-09 2.97E+02 3.15E+07 1.31E+06 1.40E+02 1.87E-20 8.06E-52 1.68E-83 5.06E+02 1.61E-04 1.47E-41 3.34E+12 3.31E+09 3.20E-02 1.22E+05 1.95E+11 2.72E+08
  2.32E+06 2.64E-05 8.10E-09 1.44E+02 9.54E+06 4.61E+05 6.00E+01 8.77E-21 1.50E-52 1.43E-83 2.66E+02 9.35E-05 4.92E-42 3.14E+12 2.80E+09 1.61E-01 1.28E+05 1.44E+11 2.32E+08
  2.42E+06 1.73E-05 6.44E-09 6.75E+01 2.88E+06 1.61E+05 2.50E+01 3.72E-21 2.31E-53 1.22E-83 1.41E+02 5.17E-05 1.41E-42 2.92E+12 2.29E+09 6.67E-01 1.30E+05 1.06E+11 1.90E+08
  2.52E+06 1.09E-05 4.88E-09 3.10E+01 8.72E+05 5.64E+04 1.02E+01 1.44E-21 2.94E-54 1.04E-83 7.48E+01 2.70E-05 3.52E-43 2.68E+12 1.81E+09 2.34E+00 1.30E+05 7.67E+10 1.49E+08
  2.62E+06 6.58E-06 3.56E-09 1.41E+01 2.68E+05 2.14E+04 4.01E+00 5.10E-22 3.15E-55 8.85E-84 4.01E+01 1.32E-05 7.78E-44 2.44E+12 1.38E+09 7.03E+00 1.27E+05 5.51E+10 1.12E+08
  2.72E+06 3.83E-06 2.52E-09 6.34E+00 8.36E+04 1.31E+04 1.54E+00 1.67E-22 2.90E-56 7.55E-84 2.18E+01 5.99E-06 1.54E-44 2.19E+12 1.01E+09 1.84E+01 1.21E+05 3.92E+10 8.11E+07
  2.82E+06 2.18E-06 1.76E-09 2.89E+00 2.71E+04 2.04E+04 5.84E-01 5.26E-23 2.44E-57 6.43E-84 1.23E+01 2.51E-06 2.89E-45 1.95E+12 7.18E+08 4.25E+01 1.14E+05 2.76E+10 5.59E+07
  2.92E+06 1.22E-06 1.23E-09 1.34E+00 9.20E+03 3.14E+04 2.20E-01 1.61E-23 1.96E-58 5.49E-84 7.30E+00 9.62E-07 5.28E-46 1.72E+12 4.89E+08 8.73E+01 1.04E+05 1.93E+10 3.67E+07
  3.02E+06 6.69E-07 8.46E-10 6.29E-01 3.24E+03 3.15E+04 8.16E-02 4.72E-24 1.43E-59 4.68E-84 4.54E+00 3.29E-07 9.08E-47 1.50E+12 3.22E+08 1.61E+02 9.33E+04 1.33E+10 2.27E+07
  3.12E+06 3.63E-07 5.86E-10 3.03E-01 1.20E+03 2.85E+04 3.02E-02 1.37E-24 1.04E-60 3.99E-84 3.02E+00 1.01E-07 1.56E-47 1.30E+12 2.06E+08 2.67E+02 8.12E+04 9.11E+09 1.33E+07
  3.22E+06 1.97E-07 4.12E-10 1.51E-01 4.74E+02 2.50E+04 1.13E-02 4.02E-25 7.63E-62 3.41E-84 2.15E+00 2.76E-08 2.76E-48 1.11E+12 1.28E+08 4.05E+02 6.84E+04 6.21E+09 7.29E+06
  3.32E+06 1.07E-07 2.92E-10 7.79E-02 1.97E+02 2.16E+04 4.21E-03 1.19E-25 5.72E-63 2.91E-84 1.60E+00 6.60E-09 4.96E-49 9.38E+11 7.79E+07 5.65E+02 5.55E+04 4.21E+09 3.74E+06
  3.42E+06 5.98E-08 2.13E-10 4.20E-02 8.72E+01 1.87E+04 1.62E-03 3.71E-26 4.77E-64 2.50E-84 1.22E+00 1.38E-09 9.67E-50 7.81E+11 4.64E+07 7.33E+02 4.32E+04 2.84E+09 1.80E+06
  3.52E+06 3.53E-08 1.63E-10 2.43E-02 4.18E+01 1.61E+04 6.63E-04 1.28E-26 4.93E-65 2.14E-84 9.47E-01 2.53E-10 2.20E-50 6.39E+11 2.68E+07 8.98E+02 3.19E+04 1.91E+09 8.22E+05
  3.62E+06 2.29E-08 1.33E-10 1.53E-02 2.21E+01 1.39E+04 2.97E-04 5.24E-27 7.10E-66 1.84E-84 7.28E-01 4.10E-11 6.35E-51 5.11E+11 1.49E+07 1.05E+03 2.22E+04 1.29E+09 3.56E+05
  3.72E+06 1.67E-08 1.19E-10 1.08E-02 1.30E+01 1.21E+04 1.50E-04 2.66E-27 1.59E-66 1.59E-84 5.50E-01 6.08E-12 2.50E-51 4.00E+11 7.84E+06 1.20E+03 1.45E+04 8.83E+08 1.49E+05
  3.82E+06 1.36E-08 1.15E-10 8.45E-03 8.50E+00 1.05E+04 8.67E-05 1.69E-27 5.55E-67 1.38E-84 4.04E-01 8.33E-13 1.33E-51 3.06E+11 3.90E+06 1.34E+03 8.88E+03 6.07E+08 6.15E+04
  3.92E+06 1.23E-08 1.19E-10 7.22E-03 6.04E+00 9.18E+03 5.69E-05 1.31E-27 2.91E-67 1.20E-84 2.90E-01 1.10E-13 9.38E-52 2.32E+11 1.85E+06 1.47E+03 5.14E+03 4.21E+08 2.55E+04
  4.02E+06 1.19E-08 1.31E-10 6.63E-03 4.57E+00 8.04E+03 4.17E-05 1.19E-27 2.12E-67 1.05E-84 2.06E-01 1.58E-14 8.24E-52 1.76E+11 8.53E+05 1.61E+03 2.87E+03 2.96E+08 1.07E+04
  4.12E+06 1.20E-08 1.51E-10 6.44E-03 3.62E+00 7.06E+03 3.32E-05 1.22E-27 1.94E-67 9.17E-85 1.46E-01 3.54E-15 8.49E-52 1.34E+11 3.89E+05 1.77E+03 1.57E+03 2.10E+08 4.65E+03
  4.22E+06 1.24E-08 1.79E-10 6.52E-03 2.96E+00 6.21E+03 2.83E-05 1.34E-27 2.08E-67 8.03E-85 1.04E-01 1.75E-15 9.78E-52 1.03E+11 1.77E+05 1.96E+03 8.43E+02 1.51E+08 2.06E+03
  4.32E+06 1.28E-08 2.16E-10 6.77E-03 2.48E+00 5.46E+03 2.51E-05 1.55E-27 2.45E-67 7.04E-85 7.44E-02 1.37E-15 1.20E-51 7.93E+10 8.14E+04 2.16E+03 4.53E+02 1.09E+08 9.35E+02
  4.42E+06 1.31E-08 2.63E-10 7.12E-03 2.11E+00 4.80E+03 2.28E-05 1.82E-27 2.97E-67 6.17E-85 5.38E-02 1.23E-15 1.51E-51 6.13E+10 3.78E+04 2.36E+03 2.43E+02 8.03E+07 4.33E+02
  4.52E+06 1.34E-08 3.21E-10 7.52E-03 1.81E+00 4.22E+03 2.10E-05 2.15E-27 3.63E-67 5.40E-85 3.91E-02 1.15E-15 1.91E-51 4.75E+10 1.77E+04 2.55E+03 1.31E+02 5.95E+07 2.04E+02
  4.62E+06 1.35E-08 3.92E-10 7.98E-03 1.57E+00 3.71E+03 1.96E-05 2.55E-27 4.48E-67 4.72E-85 2.85E-02 1.11E-15 2.43E-51 3.69E+10 8.41E+03 2.74E+03 7.10E+01 4.45E+07 9.76E+01
  4.72E+06 1.35E-08 4.80E-10 8.48E-03 1.36E+00 3.25E+03 1.85E-05 3.03E-27 5.55E-67 4.13E-85 2.09E-02 1.10E-15 3.10E-51 2.87E+10 4.07E+03 2.92E+03 3.88E+01 3.36E+07 4.77E+01
  4.82E+06 1.35E-08 5.86E-10 9.02E-03 1.18E+00 2.85E+03 1.77E-05 3.61E-27 6.93E-67 3.60E-85 1.54E-02 1.11E-15 3.97E-51 2.23E+10 2.00E+03 3.11E+03 2.14E+01 2.55E+07 2.38E+01
  4.92E+06 1.36E-08 7.16E-10 9.60E-03 1.03E+00 2.50E+03 1.70E-05 4.34E-27 8.76E-67 3.14E-85 1.13E-02 1.14E-15 5.10E-51 1.73E+10 1.00E+03 3.30E+03 1.19E+01 1.96E+07 1.21E+01
  5.02E+06 1.36E-08 8.74E-10 1.02E-02 8.99E-01 2.19E+03 1.65E-05 5.26E-27 1.13E-66 2.74E-85 8.35E-03 1.19E-15 6.60E-51 1.34E+10 5.11E+02 3.49E+03 6.68E+00 1.51E+07 6.26E+00
  5.12E+06 1.37E-08 1.06E-09 1.08E-02 7.84E-01 1.91E+03 1.61E-05 6.42E-27 1.47E-66 2.38E-85 6.16E-03 1.25E-15 8.60E-51 1.03E+10 2.67E+02 3.69E+03 3.80E+00 1.18E+07 3.32E+00
  5.22E+06 1.40E-08 1.29E-09 1.15E-02 6.82E-01 1.67E+03 1.58E-05 7.93E-27 1.96E-66 2.07E-85 4.54E-03 1.32E-15 1.13E-50 7.92E+09 1.42E+02 3.88E+03 2.20E+00 9.21E+06 1.80E+00
  5.32E+06 1.43E-08 1.57E-09 1.21E-02 5.94E-01 1.46E+03 1.56E-05 9.86E-27 2.65E-66 1.80E-85 3.35E-03 1.39E-15 1.48E-50 6.06E+09 7.76E+01 4.07E+03 1.29E+00 7.24E+06 1.00E+00
  5.42E+06 1.47E-08 1.89E-09 1.27E-02 5.16E-01 1.27E+03 1.55E-05 1.24E-26 3.63E-66 1.56E-85 2.47E-03 1.48E-15 1.96E-50 4.62E+09 4.33E+01 4.27E+03 7.68E-01 5.71E+06 5.70E-01
  5.52E+06 1.51E-08 2.28E-09 1.34E-02 4.48E-01 1.11E+03 1.55E-05 1.55E-26 5.01E-66 1.36E-85 1.82E-03 1.57E-15 2.59E-50 3.52E+09 2.48E+01 4.46E+03 4.67E-01 4.52E+06 3.32E-01
  5.62E+06 1.57E-08 2.73E-09 1.40E-02 3.88E-01 9.65E+02 1.55E-05 1.96E-26 6.96E-66 1.17E-85 1.34E-03 1.65E-15 3.42E-50 2.66E+09 1.46E+01 4.65E+03 2.89E-01 3.59E+06 1.99E-01
  5.72E+06 1.64E-08 3.26E-09 1.45E-02 3.35E-01 8.40E+02 1.55E-05 2.49E-26 9.76E-66 1.02E-85 9.85E-04 1.74E-15 4.51E-50 2.01E+09 8.84E+00 4.84E+03 1.83E-01 2.86E+06 1.23E-01
  5.82E+06 1.74E-08 3.87E-09 1.50E-02 2.89E-01 7.30E+02 1.56E-05 3.21E-26 1.41E-65 8.78E-86 7.26E-04 1.83E-15 5.99E-50 1.51E+09 5.56E+00 5.02E+03 1.19E-01 2.28E+06 7.87E-02
  5.92E+06 1.90E-08 4.54E-09 1.53E-02 2.49E-01 6.34E+02 1.61E-05 4.27E-26 2.17E-65 7.57E-86 5.38E-04 1.94E-15 8.15E-50 1.12E+09 3.69E+00 5.19E+03 7.96E-02 1.82E+06 5.32E-02
  6.02E+06 2.19E-08 5.27E-09 1.54E-02 2.14E-01 5.50E+02 1.70E-05 6.03E-26 3.76E-65 6.52E-86 4.03E-04 2.07E-15 1.16E-49 8.10E+08 2.65E+00 5.29E+03 5.54E-02 1.46E+06 3.89E-02
  6.12E+06 2.72E-08 5.98E-09 1.52E-02 1.84E-01 4.76E+02 1.87E-05 9.17E-26 7.54E-65 5.61E-86 3.06E-04 2.28E-15 1.74E-49 5.72E+08 2.11E+00 5.31E+03 4.04E-02 1.17E+06 3.16E-02
  6.22E+06 3.58E-08 6.61E-09 1.46E-02 1.58E-01 4.12E+02 2.12E-05 1.48E-25 1.69E-64 4.82E-86 2.37E-04 2.59E-15 2.68E-49 3.94E+08 1.85E+00 5.19E+03 3.11E-02 9.37E+05 2.83E-02
  6.32E+06 4.84E-08 7.09E-09 1.36E-02 1.36E-01 3.57E+02 2.40E-05 2.39E-25 3.86E-64 4.13E-86 1.88E-04 3.06E-15 4.03E-49 2.68E+08 1.75E+00 4.97E+03 2.49E-02 7.51E+05 2.73E-02
  6.42E+06 6.44E-08 7.42E-09 1.23E-02 1.17E-01 3.08E+02 2.65E-05 3.69E-25 7.94E-64 3.53E-86 1.50E-04 3.71E-15 5.63E-49 1.82E+08 1.70E+00 4.68E+03 2.04E-02 6.01E+05 2.69E-02
  6.52E+06 8.16E-08 7.61E-09 1.10E-02 1.00E-01 2.66E+02 2.79E-05 5.22E-25 1.37E-63 3.02E-86 1.21E-04 4.54E-15 7.06E-49 1.26E+08 1.64E+00 4.40E+03 1.69E-02 4.81E+05 2.62E-02
  6.62E+06 9.72E-08 7.73E-09 9.64E-03 8.64E-02 2.29E+02 2.76E-05 6.69E-25 1.95E-63 2.57E-86 9.71E-05 5.54E-15 7.94E-49 8.95E+07 1.52E+00 4.16E+03 1.40E-02 3.84E+05 2.44E-02
  6.72E+06 1.09E-07 7.83E-09 8.45E-03 7.43E-02 1.97E+02 2.58E-05 7.81E-25 2.29E-63 2.18E-86 7.70E-05 6.66E-15 8.11E-49 6.50E+07 1.34E+00 4.01E+03 1.15E-02 3.07E+05 2.15E-02
  6.82E+06 1.15E-07 7.98E-09 7.44E-03 6.38E-02 1.69E+02 2.29E-05 8.43E-25 2.30E-63 1.85E-86 6.00E-05 7.85E-15 7.68E-49 4.83E+07 1.12E+00 3.95E+03 9.31E-03 2.44E+05 1.78E-02
  6.92E+06 1.15E-07 8.22E-09 6.61E-03 5.46E-02 1.45E+02 1.94E-05 8.49E-25 2.01E-63 1.57E-86 4.58E-05 9.08E-15 6.86E-49 3.66E+07 8.69E-01 4.01E+03 7.42E-03 1.94E+05 1.37E-02
  7.02E+06 1.09E-07 8.60E-09 5.96E-03 4.66E-02 1.24E+02 1.56E-05 8.02E-25 1.54E-63 1.32E-86 3.41E-05 1.03E-14 5.83E-49 2.82E+07 6.31E-01 4.20E+03 5.78E-03 1.54E+05 9.87E-03
  7.12E+06 9.85E-08 9.18E-09 5.48E-03 3.95E-02 1.06E+02 1.21E-05 7.13E-25 1.05E-63 1.11E-86 2.47E-05 1.16E-14 4.76E-49 2.21E+07 4.25E-01 4.56E+03 4.40E-03 1.22E+05 6.57E-03
  7.22E+06 8.42E-08 1.00E-08 5.14E-03 3.34E-02 9.08E+01 8.99E-06 6.00E-25 6.36E-64 9.29E-87 1.75E-05 1.30E-14 3.74E-49 1.76E+07 2.66E-01 5.11E+03 3.26E-03 9.64E+04 4.04E-03
  7.32E+06 6.96E-08 1.11E-08 4.87E-03 2.78E-02 7.69E+01 6.46E-06 4.92E-25 3.63E-64 7.70E-87 1.20E-05 1.44E-14 2.91E-49 1.35E+07 1.54E-01 5.85E+03 2.27E-03 7.55E+04 2.27E-03
  7.42E+06 6.12E-08 1.21E-08 4.48E-03 2.33E-02 6.51E+01 4.67E-06 4.16E-25 2.21E-64 6.36E-87 8.20E-06 1.62E-14 2.26E-49 9.98E+06 8.52E-02 6.82E+03 1.62E-03 5.91E+04 1.28E-03
  7.52E+06 2.97E-08 1.54E-08 4.87E-03 1.87E-02 5.50E+01 2.33E-06 1.64E-25 2.92E-65 5.24E-87 5.61E-06 1.89E-14 9.70E-50 9.73E+06 3.48E-02 1.17E+04 9.93E-04 4.62E+04 4.56E-04
  7.62E+06 3.60E-09 2.57E-08 6.90E-03 1.31E-02 4.65E+01 5.17E-07 1.19E-26 1.34E-67 4.30E-87 4.16E-06 2.22E-14 1.00E-50 1.59E+07 9.18E-03 3.57E+04 3.47E-04 3.61E+04 7.01E-05
  7.72E+06 3.00E-10 3.69E-08 8.45E-03 8.50E-03 3.92E+01 8.83E-08 5.31E-28 2.28E-70 3.51E-87 3.68E-06 2.37E-14 5.48E-52 2.65E+07 2.13E-03 1.10E+05 9.96E-05 2.82E+04 7.99E-06
  7.82E+06 3.06E-11 4.46E-08 8.68E-03 5.69E-03 3.31E+01 1.69E-08 3.04E-29 6.32E-73 2.86E-87 3.62E-06 2.14E-14 3.22E-53 3.78E+07 4.87E-04 2.91E+05 4.15E-05 2.20E+04 9.43E-07
  7.92E+06 4.04E-12 4.90E-08 8.10E-03 4.08E-03 2.78E+01 3.80E-09 2.45E-30 3.49E-75 2.31E-87 3.65E-06 1.67E-14 2.43E-54 4.76E+07 1.13E-04 6.68E+05 2.25E-05 1.71E+04 1.34E-07
  8.02E+06 6.68E-13 5.14E-08 7.21E-03 3.11E-03 2.34E+01 9.96E-10 2.68E-31 3.66E-77 1.86E-87 3.61E-06 1.17E-14 2.38E-55 5.45E+07 2.67E-05 1.36E+06 1.27E-05 1.33E+04 2.44E-08
  8.12E+06 1.31E-13 5.28E-08 6.27E-03 2.47E-03 1.96E+01 2.95E-10 3.76E-32 7.19E-79 1.48E-87 3.46E-06 7.72E-15 2.91E-56 5.85E+07 6.40E-06 2.52E+06 7.04E-06 1.03E+04 5.37E-09
  8.22E+06 3.02E-14 5.36E-08 5.40E-03 1.99E-03 1.64E+01 9.78E-11 6.62E-33 3.25E-80 1.17E-87 3.19E-06 4.90E-15 4.44E-57 5.94E+07 1.57E-06 4.30E+06 3.87E-06 7.94E+03 1.33E-09
  8.32E+06 7.96E-15 5.44E-08 4.63E-03 1.62E-03 1.37E+01 3.58E-11 1.47E-33 3.46E-81 9.15E-88 2.81E-06 3.08E-15 8.52E-58 5.75E+07 4.00E-07 6.79E+06 2.13E-06 6.11E+03 3.59E-10
  8.42E+06 2.37E-15 5.53E-08 3.97E-03 1.31E-03 1.14E+01 1.43E-11 4.20E-34 6.46E-82 7.07E-88 2.38E-06 1.95E-15 2.11E-58 5.33E+07 1.07E-07 1.00E+07 1.18E-06 4.68E+03 1.03E-10
  8.52E+06 7.85E-16 5.64E-08 3.40E-03 1.04E-03 9.40E+00 6.18E-12 1.60E-34 1.78E-82 5.38E-88 1.93E-06 1.26E-15 6.97E-59 4.75E+07 3.08E-08 1.41E+07 6.64E-07 3.57E+03 3.06E-11
  8.62E+06 2.85E-16 5.76E-08 2.92E-03 8.23E-04 7.74E+00 2.85E-12 8.12E-35 6.78E-83 4.04E-88 1.50E-06 8.32E-16 3.09E-59 4.10E+07 9.47E-09 1.88E+07 3.75E-07 2.71E+03 9.49E-12
  8.72E+06 1.12E-16 5.91E-08 2.51E-03 6.39E-04 6.35E+00 1.39E-12 5.19E-35 3.29E-83 2.98E-88 1.12E-06 5.62E-16 1.72E-59 3.42E+07 3.09E-09 2.42E+07 2.13E-07 2.05E+03 3.03E-12
  8.82E+06 4.72E-17 6.07E-08 2.15E-03 4.88E-04 5.17E+00 7.14E-13 3.84E-35 1.87E-83 2.15E-88 8.10E-07 3.89E-16 1.12E-59 2.78E+07 1.05E-09 3.00E+07 1.22E-07 1.54E+03 9.94E-13
  8.92E+06 2.10E-17 6.25E-08 1.84E-03 3.67E-04 4.19E+00 3.81E-13 3.10E-35 1.16E-83 1.52E-88 5.66E-07 2.76E-16 7.93E-60 2.20E+07 3.72E-10 3.61E+07 7.04E-08 1.16E+03 3.34E-13
  9.02E+06 9.88E-18 6.43E-08 1.57E-03 2.72E-04 3.37E+00 2.10E-13 2.63E-35 7.57E-84 1.05E-88 3.83E-07 2.00E-16 5.91E-60 1.70E+07 1.34E-10 4.24E+07 4.08E-08 8.69E+02 1.14E-13
  9.12E+06 4.84E-18 6.62E-08 1.34E-03 1.98E-04 2.68E+00 1.19E-13 2.30E-35 5.10E-84 7.02E-89 2.52E-07 1.48E-16 4.53E-60 1.28E+07 4.91E-11 4.86E+07 2.37E-08 6.49E+02 3.99E-14
  9.22E+06 2.47E-18 6.80E-08 1.14E-03 1.42E-04 2.12E+00 6.91E-14 2.06E-35 3.50E-84 4.56E-89 1.61E-07 1.12E-16 3.55E-60 9.46E+06 1.81E-11 5.46E+07 1.39E-08 4.85E+02 1.41E-14
  9.32E+06 1.30E-18 6.96E-08 9.60E-04 1.00E-04 1.66E+00 4.09E-14 1.86E-35 2.42E-84 2.87E-89 1.01E-07 8.65E-17 2.81E-60 6.86E+06 6.73E-12 6.03E+07 8.13E-09 3.62E+02 5.09E-15
  9.42E+06 7.07E-19 7.12E-08 8.06E-04 6.98E-05 1.28E+00 2.46E-14 1.70E-35 1.68E-84 1.74E-89 6.14E-08 6.86E-17 2.23E-60 4.88E+06 2.51E-12 6.54E+07 4.78E-09 2.71E+02 1.85E-15
  9.52E+06 3.95E-19 7.25E-08 6.73E-04 4.79E-05 9.78E-01 1.50E-14 1.56E-35 1.17E-84 1.02E-89 3.67E-08 5.60E-17 1.78E-60 3.41E+06 9.41E-13 7.01E+07 2.82E-09 2.04E+02 6.85E-16
  9.62E+06 2.27E-19 7.34E-08 5.59E-04 3.24E-05 7.37E-01 9.29E-15 1.43E-35 8.04E-85 5.68E-90 2.16E-08 4.72E-17 1.42E-60 2.35E+06 3.54E-13 7.40E+07 1.66E-09 1.55E+02 2.57E-16
  9.72E+06 1.34E-19 7.39E-08 4.62E-04 2.16E-05 5.48E-01 5.81E-15 1.32E-35 5.48E-85 3.05E-90 1.26E-08 4.16E-17 1.12E-60 1.60E+06 1.34E-13 7.73E+07 9.87E-10 1.18E+02 9.77E-17
  9.82E+06 8.15E-20 7.38E-08 3.80E-04 1.42E-05 4.02E-01 3.68E-15 1.21E-35 3.65E-85 1.56E-90 7.38E-09 3.82E-17 8.77E-61 1.07E+06 5.21E-14 8.00E+07 5.88E-10 9.20E+01 3.81E-17
  9.92E+06 5.12E-20 7.26E-08 3.10E-04 9.45E-06 2.90E-01 2.37E-15 1.10E-35 2.35E-85 7.71E-91 4.58E-09 3.58E-17 6.69E-61 7.13E+05 2.23E-14 8.19E+07 3.54E-10 7.28E+01 1.59E-17

     Z        N2O5     CO2      SO4AER   S8AER   
  2.50E+04 5.62E+01 4.62E+15 4.87E+09 2.49E-19
  1.25E+05 9.64E+01 4.18E+15 5.19E+09 2.26E-19
  2.25E+05 2.24E+02 3.79E+15 6.33E+09 2.04E-19
  3.25E+05 6.06E+02 3.42E+15 7.80E+09 1.85E-19
  4.25E+05 1.78E+03 3.09E+15 9.27E+09 1.67E-19
  5.25E+05 4.67E+03 2.79E+15 1.06E+10 1.51E-19
  6.25E+05 8.34E+03 2.52E+15 1.17E+10 1.36E-19
  7.25E+05 1.05E+04 2.28E+15 1.26E+10 1.23E-19
  8.25E+05 1.17E+04 2.06E+15 1.34E+10 1.11E-19
  9.25E+05 1.29E+04 1.85E+15 1.39E+10 1.00E-19
  1.02E+06 1.41E+04 1.65E+15 1.43E+10 8.91E-20
  1.12E+06 1.67E+04 1.42E+15 1.53E+10 7.67E-20
  1.22E+06 3.02E+04 1.22E+15 1.90E+10 6.58E-20
  1.32E+06 7.14E+04 1.04E+15 2.40E+10 5.63E-20
  1.42E+06 2.29E+05 8.91E+14 2.99E+10 4.81E-20
  1.52E+06 6.05E+05 7.60E+14 3.22E+10 4.10E-20
  1.62E+06 1.37E+06 6.48E+14 3.07E+10 3.50E-20
  1.72E+06 2.56E+06 5.53E+14 2.61E+10 2.98E-20
  1.82E+06 4.00E+06 4.72E+14 2.02E+10 2.55E-20
  1.92E+06 5.46E+06 4.03E+14 1.46E+10 2.18E-20
  2.02E+06 6.56E+06 3.45E+14 1.01E+10 1.86E-20
  2.12E+06 7.08E+06 2.94E+14 6.89E+09 1.59E-20
  2.22E+06 7.00E+06 2.51E+14 4.72E+09 1.35E-20
  2.32E+06 6.39E+06 2.14E+14 3.27E+09 1.15E-20
  2.42E+06 5.44E+06 1.83E+14 2.29E+09 9.86E-21
  2.52E+06 4.34E+06 1.56E+14 1.63E+09 8.42E-21
  2.62E+06 3.25E+06 1.34E+14 1.17E+09 7.19E-21
  2.72E+06 2.29E+06 1.14E+14 8.45E+08 6.15E-21
  2.82E+06 1.52E+06 9.77E+13 6.18E+08 5.26E-21
  2.92E+06 9.52E+05 8.36E+13 4.56E+08 4.49E-21
  3.02E+06 5.59E+05 7.15E+13 3.39E+08 3.84E-21
  3.12E+06 3.07E+05 6.12E+13 2.55E+08 3.29E-21
  3.22E+06 1.58E+05 5.24E+13 1.92E+08 2.82E-21
  3.32E+06 7.51E+04 4.50E+13 1.44E+08 2.42E-21
  3.42E+06 3.29E+04 3.87E+13 1.07E+08 2.08E-21
  3.52E+06 1.31E+04 3.33E+13 7.94E+07 1.79E-21
  3.62E+06 4.71E+03 2.88E+13 5.87E+07 1.55E-21
  3.72E+06 1.52E+03 2.50E+13 4.34E+07 1.34E-21
  3.82E+06 4.41E+02 2.18E+13 3.20E+07 1.17E-21
  3.92E+06 1.19E+02 1.90E+13 2.36E+07 1.02E-21
  4.02E+06 3.11E+01 1.66E+13 1.74E+07 8.94E-22
  4.12E+06 8.06E+00 1.46E+13 1.28E+07 7.85E-22
  4.22E+06 2.10E+00 1.29E+13 9.35E+06 6.91E-22
  4.32E+06 5.59E-01 1.13E+13 6.82E+06 6.08E-22
  4.42E+06 1.52E-01 9.97E+12 4.96E+06 5.35E-22
  4.52E+06 4.22E-02 8.76E+12 3.58E+06 4.71E-22
  4.62E+06 1.20E-02 7.70E+12 2.57E+06 4.13E-22
  4.72E+06 3.51E-03 6.75E+12 1.83E+06 3.63E-22
  4.82E+06 1.05E-03 5.92E+12 1.29E+06 3.18E-22
  4.92E+06 3.23E-04 5.19E+12 9.05E+05 2.79E-22
  5.02E+06 1.03E-04 4.55E+12 6.28E+05 2.44E-22
  5.12E+06 3.36E-05 3.98E+12 4.30E+05 2.14E-22
  5.22E+06 1.13E-05 3.48E+12 2.90E+05 1.87E-22
  5.32E+06 3.97E-06 3.04E+12 1.92E+05 1.63E-22
  5.42E+06 1.44E-06 2.65E+12 1.25E+05 1.43E-22
  5.52E+06 5.46E-07 2.31E+12 7.92E+04 1.24E-22
  5.62E+06 2.15E-07 2.01E+12 4.88E+04 1.08E-22
  5.72E+06 8.89E-08 1.75E+12 2.92E+04 9.44E-23
  5.82E+06 3.87E-08 1.53E+12 1.68E+04 8.21E-23
  5.92E+06 1.80E-08 1.33E+12 9.29E+03 7.14E-23
  6.02E+06 9.22E-09 1.15E+12 4.90E+03 6.20E-23
  6.12E+06 5.31E-09 9.98E+11 2.45E+03 5.38E-23
  6.22E+06 3.45E-09 8.65E+11 1.15E+03 4.67E-23
  6.32E+06 2.46E-09 7.49E+11 5.05E+02 4.04E-23
  6.42E+06 1.84E-09 6.47E+11 2.04E+02 3.50E-23
  6.52E+06 1.38E-09 5.59E+11 7.53E+01 3.02E-23
  6.62E+06 1.01E-09 4.82E+11 2.49E+01 2.61E-23
  6.72E+06 7.11E-10 4.16E+11 7.27E+00 2.25E-23
  6.82E+06 4.74E-10 3.58E+11 1.83E+00 1.94E-23
  6.92E+06 2.97E-10 3.08E+11 3.89E-01 1.67E-23
  7.02E+06 1.74E-10 2.64E+11 6.73E-02 1.44E-23
  7.12E+06 9.51E-11 2.26E+11 9.11E-03 1.23E-23
  7.22E+06 4.80E-11 1.94E+11 9.11E-04 1.06E-23
  7.32E+06 2.15E-11 1.64E+11 6.17E-05 9.01E-24
  7.42E+06 9.62E-12 1.40E+11 2.54E-06 7.68E-24
  7.52E+06 2.80E-12 1.18E+11 5.18E-08 6.54E-24
  7.62E+06 3.35E-13 1.00E+11 3.39E-10 5.57E-24
  7.72E+06 2.79E-14 8.51E+10 5.08E-14 4.74E-24
  7.82E+06 2.59E-15 7.22E+10 4.58E-16 4.04E-24
  7.92E+06 3.81E-16 6.11E+10 2.11E-18 3.44E-24
  8.02E+06 8.83E-17 5.18E+10 4.31E-21 2.93E-24
  8.12E+06 2.40E-17 4.38E+10 3.04E-24 2.50E-24
  8.22E+06 6.71E-18 3.71E+10 2.13E-24 2.13E-24
  8.32E+06 1.90E-18 3.13E+10 1.81E-24 1.81E-24
  8.42E+06 5.52E-19 2.64E+10 1.54E-24 1.54E-24
  8.52E+06 1.64E-19 2.23E+10 1.32E-24 1.32E-24
  8.62E+06 4.99E-20 1.88E+10 1.12E-24 1.12E-24
  8.72E+06 1.55E-20 1.58E+10 9.56E-25 9.56E-25
  8.82E+06 4.94E-21 1.33E+10 8.15E-25 8.15E-25
  8.92E+06 1.60E-21 1.11E+10 6.95E-25 6.95E-25
  9.02E+06 5.30E-22 9.34E+09 5.92E-25 5.92E-25
  9.12E+06 1.78E-22 7.81E+09 5.05E-25 5.05E-25
  9.22E+06 6.06E-23 6.51E+09 4.31E-25 4.31E-25
  9.32E+06 2.09E-23 5.42E+09 3.68E-25 3.68E-25
  9.42E+06 7.26E-24 4.50E+09 3.14E-25 3.14E-25
  9.52E+06 2.55E-24 3.73E+09 2.68E-25 2.68E-25
  9.62E+06 9.05E-25 3.08E+09 2.29E-25 2.29E-25
  9.72E+06 3.24E-25 2.54E+09 1.96E-25 1.96E-25
  9.82E+06 1.18E-25 2.08E+09 1.67E-25 1.67E-25
  9.92E+06 4.45E-26 1.71E+09 1.43E-25 1.43E-25

 FLUXES OF LONG-LIVED SPECIES


     Z        O         O2        H2O       H         OH        HO2       H2O2      H2        CO        HCO       H2CO      CH4       CH3       C2H6      NO        NO2       HNO       H2S     
  0.00E+00 -3.21E+03  4.07E+11  1.07E+13 -6.23E-01 -9.68E+05 -2.65E+08 -5.25E+09 -1.48E+10  1.37E+11 -4.96E-02 -1.07E+09  9.61E+10 -2.39E-01 -3.32E-19 -1.24E+04 -2.22E+05 -4.30E+02  2.00E+08
  5.00E+04 -9.28E+02  3.78E+11  0.00E+00 -7.49E-02 -1.33E+05 -1.40E+07 -3.10E+09 -1.37E+10  1.28E+11 -2.88E-03  1.06E+08  8.54E+10 -1.35E-03  5.94E-09 -6.47E+06 -1.40E+06 -2.11E+01  1.36E+08
  1.50E+05 -1.32E+03  3.21E+11  0.00E+00 -8.14E-02 -1.62E+05 -3.79E+06 -9.68E+08 -1.09E+10  1.11E+11 -9.90E-04  5.46E+08  6.65E+10 -2.23E-03  1.53E-08 -1.08E+07 -8.47E+06  1.18E+02  6.28E+07
  2.50E+05 -1.80E+03  2.71E+11  0.00E+00 -7.79E-02 -1.57E+05  3.65E+06  7.01E+08 -8.31E+09  9.48E+10 -3.04E-04  5.16E+08  5.05E+10  1.29E-03  2.19E-08 -1.55E+07 -1.32E+07  8.34E+01  2.84E+07
  3.50E+05 -2.35E+03  2.29E+11  0.00E+00 -7.20E-02 -1.46E+05  9.63E+06  2.06E+09 -6.09E+09  7.92E+10  3.22E-04  4.69E+08  3.74E+10  4.54E-03  2.50E-08 -2.01E+07 -1.55E+07  4.94E+01  1.26E+07
  4.50E+05 -2.85E+03  1.95E+11  0.00E+00 -4.18E-02 -8.96E+04  1.54E+07  2.59E+09 -4.27E+09  6.44E+10  1.37E-03  4.59E+08  2.69E+10  1.20E-02  2.38E-08 -1.96E+07 -9.47E+06  3.00E+01  5.52E+06
  5.50E+05 -3.29E+03  1.67E+11  0.00E+00  1.63E-02  2.75E+04  1.81E+07  2.50E+09 -2.85E+09  5.10E+10  2.44E-03  4.42E+08  1.91E+10  1.97E-02  1.77E-08 -5.53E+06  8.18E+06  1.91E+01  2.39E+06
  6.50E+05 -3.69E+03  1.48E+11  0.00E+00  5.66E-02  1.10E+05  1.79E+07  2.11E+09 -1.80E+09  3.99E+10  2.46E-03  3.53E+08  1.40E+10  1.96E-02  8.05E-09  6.53E+06  1.68E+07  9.68E+00  1.07E+06
  7.50E+05 -4.15E+03  1.37E+11  0.00E+00  3.05E-02  5.47E+04  1.58E+07  1.66E+09 -1.09E+09  3.15E+10  1.50E-03  2.12E+08  1.12E+10  1.16E-02 -1.31E-09 -8.02E+06  4.76E+06  3.06E+00  5.15E+05
  8.50E+05 -4.64E+03  1.29E+11  0.00E+00 -1.22E-02 -3.42E+04  1.30E+07  1.20E+09 -6.42E+08  2.50E+10  7.33E-04  1.09E+08  9.50E+09  5.68E-03 -8.72E-09 -3.44E+07 -6.27E+06  6.10E-01  2.67E+05
  9.50E+05 -5.06E+03  1.20E+11  0.00E+00 -3.50E-02 -7.87E+04  9.27E+06  7.65E+08 -3.62E+08  1.92E+10  3.48E-04  5.47E+07  8.48E+09  3.23E-03 -1.45E-08 -5.30E+07 -7.42E+06  1.67E-01  1.37E+05
  1.05E+06 -8.38E+03  1.11E+11  0.00E+00 -5.57E-02 -7.14E+04  2.94E+06  3.95E+08 -1.75E+08  1.39E+10 -2.46E-05  1.18E+07  7.81E+09 -9.13E-04 -1.92E-08 -4.06E+07 -8.77E+06  3.49E-01  6.06E+04
  1.15E+06 -7.00E+03  1.02E+11  2.88E+12 -1.17E-02 -1.17E+04  1.65E+06  1.47E+08 -4.30E+07  9.38E+09 -6.22E-06  2.77E+06  7.28E+09 -2.04E-04 -2.31E-08 -2.44E+07 -8.75E+06  1.56E-01  1.92E+04
  1.25E+06 -8.58E+03  9.34E+10 -1.25E+10 -2.94E-03 -9.68E+02  6.01E+05  3.83E+07  5.66E+07  5.99E+09  2.82E-06  1.45E+06  6.88E+09 -7.34E-05 -2.65E-08 -1.75E+07 -9.53E+06  3.65E-02  4.52E+03
  1.35E+06 -1.02E+04  8.62E+10 -1.22E+10 -1.99E-05 -2.53E+02  1.61E+05  6.30E+06  1.32E+08  3.75E+09 -7.40E-07  4.41E+05  6.58E+09 -5.33E-05 -2.95E-08 -1.18E+07 -1.12E+07 -9.28E-03  7.67E+02
  1.45E+06 -1.46E+04  7.98E+10 -1.20E+10 -1.40E-03 -3.03E+03  2.35E+04  8.25E+05  1.90E+08  2.38E+09 -7.90E-06  2.37E+04  6.35E+09 -1.05E-04 -3.27E-08 -9.05E+06 -1.25E+07 -1.71E-02  1.13E+02
  1.55E+06 -2.02E+04  7.35E+10 -1.19E+10 -1.52E-03 -3.57E+03 -5.80E+03  1.10E+05  2.40E+08  1.51E+09 -9.63E-06 -6.72E+04  6.16E+09 -1.23E-04 -3.68E-08 -7.73E+06 -1.34E+07 -1.31E-02  1.44E+01
  1.65E+06 -2.83E+04  6.70E+10 -1.17E+10 -1.77E-03 -4.16E+03 -1.60E+04 -3.37E+03  2.85E+08  9.56E+08 -1.13E-05 -9.67E+04  5.99E+09 -1.48E-04 -4.25E-08 -7.44E+06 -1.42E+07 -8.61E-03  1.57E+00
  1.75E+06 -4.03E+04  6.06E+10 -1.16E+10 -2.51E-03 -5.36E+03 -2.31E+04 -3.88E+04  3.26E+08  6.02E+08 -1.46E-05 -1.19E+05  5.82E+09 -1.96E-04 -5.06E-08 -7.90E+06 -1.49E+07 -3.86E-03  1.52E-01
  1.85E+06 -5.71E+04  5.46E+10 -1.14E+10 -3.66E-03 -7.02E+03 -2.97E+04 -6.25E+04  3.64E+08  3.77E+08 -1.92E-05 -1.37E+05  5.65E+09 -2.69E-04 -6.21E-08 -8.63E+06 -1.56E+07  4.12E-03  1.26E-02
  1.95E+06 -8.26E+04  4.94E+10 -1.11E+10 -5.89E-03 -9.81E+03 -3.98E+04 -9.31E+04  3.99E+08  2.35E+08 -2.71E-05 -1.62E+05  5.49E+09 -3.96E-04 -7.91E-08 -9.68E+06 -1.62E+07  1.23E-02  9.11E-04
  2.05E+06 -1.23E+05  4.52E+10 -1.09E+10 -1.03E-02 -1.45E+04 -5.62E+04 -1.40E+05  4.32E+08  1.45E+08 -4.06E-05 -1.95E+05  5.31E+09 -6.23E-04 -1.04E-07 -1.09E+07 -1.65E+07  8.31E-03  6.84E-05
  2.15E+06 -1.82E+05  4.18E+10 -1.05E+10 -1.82E-02 -2.10E+04 -7.73E+04 -2.02E+05  4.62E+08  8.78E+07 -6.02E-05 -2.23E+05  5.13E+09 -9.71E-04 -1.42E-07 -1.20E+07 -1.64E+07  3.75E-03  1.21E-05
  2.25E+06 -2.74E+05  3.90E+10 -1.02E+10 -3.37E-02 -3.07E+04 -1.07E+05 -2.86E+05  4.86E+08  5.17E+07 -9.10E-05 -2.54E+05  4.94E+09 -1.55E-03 -2.00E-07 -1.30E+07 -1.57E+07  9.39E-04  6.56E-06
  2.35E+06 -4.11E+05  3.64E+10 -9.81E+09 -6.36E-02 -4.39E+04 -1.44E+05 -3.82E+05  5.06E+08  2.86E+07 -1.35E-04 -2.75E+05  4.74E+09 -2.45E-03 -2.88E-07 -1.38E+07 -1.45E+07 -9.82E-04  4.58E-06
  2.45E+06 -6.14E+05  3.36E+10 -9.39E+09 -1.22E-01 -6.07E+04 -1.87E+05 -4.76E+05  5.18E+08  1.33E+07 -1.95E-04 -2.85E+05  4.52E+09 -3.82E-03 -4.25E-07 -1.44E+07 -1.27E+07 -2.51E-03  3.21E-06
  2.55E+06 -9.12E+05  3.05E+10 -8.94E+09 -2.39E-01 -8.07E+04 -2.31E+05 -5.42E+05  5.21E+08  2.65E+06 -2.72E-04 -2.82E+05  4.29E+09 -5.84E-03 -6.37E-07 -1.45E+07 -1.03E+07 -3.91E-03  2.17E-06
  2.65E+06 -1.34E+06  2.68E+10 -8.46E+09 -4.73E-01 -1.03E+05 -2.72E+05 -5.65E+05  5.15E+08 -5.16E+06 -3.66E-04 -2.70E+05  4.05E+09 -8.74E-03 -9.65E-07 -1.40E+07 -7.25E+06 -5.32E-03  1.39E-06
  2.75E+06 -1.98E+06  2.29E+10 -7.95E+09 -9.56E-01 -1.28E+05 -3.07E+05 -5.35E+05  4.98E+08 -1.11E+07 -4.83E-04 -2.56E+05  3.81E+09 -1.30E-02 -1.47E-06 -1.29E+07 -3.64E+06 -6.90E-03  8.45E-07
  2.85E+06 -2.96E+06  1.87E+10 -7.42E+09 -1.98E+00 -1.57E+05 -3.38E+05 -4.57E+05  4.71E+08 -1.54E+07 -6.36E-04 -2.49E+05  3.56E+09 -1.95E-02 -2.26E-06 -1.11E+07  2.17E+05 -8.74E-03  4.87E-07
  2.95E+06 -4.28E+06  1.43E+10 -6.88E+09 -4.03E+00 -1.86E+05 -3.48E+05 -3.24E+05  4.34E+08 -1.78E+07 -8.04E-04 -2.34E+05  3.31E+09 -2.85E-02 -3.48E-06 -8.27E+06  3.89E+06 -1.04E-02  2.74E-07
  3.05E+06 -6.31E+06  1.01E+10 -6.33E+09 -8.51E+00 -2.28E+05 -3.46E+05 -1.54E+05  3.86E+08 -1.85E+07 -1.04E-03 -2.25E+05  3.06E+09 -4.25E-02 -5.38E-06 -5.61E+06  7.14E+06 -1.27E-02  1.48E-07
  3.15E+06 -9.38E+06  5.82E+09 -5.77E+09 -1.85E+01 -2.87E+05 -3.30E+05  2.76E+04  3.27E+08 -1.73E+07 -1.38E-03 -2.20E+05  2.81E+09 -6.49E-02 -8.34E-06 -3.22E+06  9.51E+06 -1.55E-02  7.79E-08
  3.25E+06 -1.36E+07  1.65E+09 -5.20E+09 -3.96E+01 -3.59E+05 -2.91E+05  1.79E+05  2.55E+08 -1.44E+07 -1.79E-03 -2.00E+05  2.56E+09 -9.68E-02 -1.30E-05 -9.84E+05  1.08E+07 -1.85E-02  3.97E-08
  3.35E+06 -1.96E+07 -2.59E+09 -4.62E+09 -8.61E+01 -4.55E+05 -2.47E+05  2.69E+05  1.70E+08 -1.05E+07 -2.31E-03 -1.72E+05  2.31E+09 -1.44E-01 -2.04E-05  6.26E+05  1.11E+07 -2.22E-02  1.95E-08
  3.45E+06 -2.83E+07 -7.10E+09 -4.03E+09 -1.89E+02 -5.79E+05 -2.09E+05  2.91E+05  6.98E+07 -6.39E+06 -2.98E-03 -1.35E+05  2.07E+09 -2.13E-01 -3.23E-05  1.75E+06  1.07E+07 -2.67E-02  9.24E-09
  3.55E+06 -4.03E+07 -1.17E+10 -3.42E+09 -4.06E+02 -7.16E+05 -1.85E+05  2.60E+05 -4.79E+07 -2.85E+06 -3.69E-03 -8.57E+04  1.82E+09 -3.05E-01 -5.21E-05  2.71E+06  9.69E+06 -3.10E-02  4.32E-09
  3.65E+06 -5.76E+07 -1.59E+10 -2.80E+09 -8.62E+02 -8.58E+05 -1.83E+05  2.05E+05 -1.83E+08 -4.47E+05 -4.40E-03 -2.99E+04  1.58E+09 -4.24E-01 -8.59E-05  3.58E+06  8.21E+06 -3.44E-02  2.01E-09
  3.75E+06 -7.72E+07 -1.81E+10 -2.18E+09 -1.67E+03 -9.22E+05 -1.89E+05  1.46E+05 -3.34E+08  7.92E+05 -4.58E-03  4.03E+04  1.35E+09 -5.29E-01 -1.46E-04  4.68E+06  6.29E+06 -3.21E-02  9.17E-10
  3.85E+06 -9.65E+07 -1.79E+10 -1.58E+09 -2.89E+03 -8.86E+05 -1.96E+05  9.87E+04 -4.96E+08  9.36E+05 -4.07E-03  1.07E+05  1.13E+09 -5.85E-01 -2.57E-04  5.65E+06  4.37E+06 -2.37E-02  3.78E-10
  3.95E+06 -1.16E+08 -1.61E+10 -1.02E+09 -4.62E+03 -7.96E+05 -2.00E+05  6.91E+04 -6.60E+08  3.15E+04 -3.16E-03  1.55E+05  9.30E+08 -5.94E-01 -4.68E-04  6.17E+06  2.85E+06 -1.33E-02  9.88E-11
  4.05E+06 -1.31E+08 -1.35E+10 -5.30E+08 -6.74E+03 -6.75E+05 -1.93E+05  5.14E+04 -8.18E+08 -1.96E+06 -2.05E-03  1.79E+05  7.62E+08 -5.49E-01 -8.60E-04  6.23E+06  1.76E+06 -3.16E-03 -5.42E-11
  4.15E+06 -1.44E+08 -1.11E+10 -1.06E+08 -9.32E+03 -5.62E+05 -1.81E+05  4.10E+04 -9.65E+08 -5.32E+06 -1.06E-03  1.82E+05  6.24E+08 -4.82E-01 -1.56E-03  5.93E+06  1.06E+06  4.38E-03 -1.43E-10
  4.25E+06 -1.59E+08 -9.22E+09  2.48E+08 -1.27E+04 -4.82E+05 -1.72E+05  3.59E+04 -1.10E+09 -1.03E+07 -4.06E-04  1.73E+05  5.13E+08 -4.39E-01 -2.72E-03  5.40E+06  6.44E+05  8.71E-03 -1.93E-10
  4.35E+06 -1.77E+08 -7.94E+09  5.39E+08 -1.74E+04 -4.26E+05 -1.64E+05  3.40E+04 -1.21E+09 -1.71E+07 -8.07E-05  1.56E+05  4.25E+08 -4.43E-01 -4.54E-03  4.77E+06  3.93E+05  1.07E-02 -2.05E-10
  4.45E+06 -1.98E+08 -6.88E+09  7.76E+08 -2.36E+04 -3.91E+05 -1.60E+05  3.21E+04 -1.31E+09 -2.53E+07  6.12E-05  1.38E+05  3.57E+08 -4.74E-01 -7.18E-03  4.14E+06  2.42E+05  1.11E-02 -1.92E-10
  4.55E+06 -2.12E+08 -5.86E+09  9.68E+08 -3.08E+04 -3.61E+05 -1.55E+05  2.85E+04 -1.40E+09 -3.49E+07  2.05E-04  1.20E+05  3.04E+08 -4.87E-01 -1.08E-02  3.55E+06  1.48E+05  1.09E-02 -1.80E-10
  4.65E+06 -2.39E+08 -5.16E+09  1.12E+09 -4.22E+04 -3.69E+05 -1.63E+05  2.45E+04 -1.47E+09 -4.63E+07  2.31E-04  1.07E+05  2.63E+08 -5.36E-01 -1.56E-02  3.01E+06  9.39E+04  9.62E-03 -1.74E-10
  4.75E+06 -2.60E+08 -4.51E+09  1.25E+09 -5.62E+04 -3.76E+05 -1.71E+05  1.97E+04 -1.53E+09 -5.96E+07  2.73E-04  9.40E+04  2.31E+08 -5.70E-01 -2.16E-02  2.54E+06  5.94E+04  8.36E-03 -1.77E-10
  4.85E+06 -2.80E+08 -3.98E+09  1.35E+09 -7.44E+04 -3.93E+05 -1.82E+05  1.47E+04 -1.59E+09 -7.47E+07  2.98E-04  8.21E+04  2.07E+08 -6.04E-01 -2.87E-02  2.13E+06  3.79E+04  7.01E-03 -1.90E-10
  4.95E+06 -3.04E+08 -3.55E+09  1.43E+09 -9.97E+04 -4.24E+05 -1.99E+05  9.82E+03 -1.63E+09 -9.20E+07  3.06E-04  7.21E+04  1.89E+08 -6.48E-01 -3.71E-02  1.77E+06  2.47E+04  5.60E-03 -2.16E-10
  5.05E+06 -3.24E+08 -3.17E+09  1.49E+09 -1.32E+05 -4.56E+05 -2.17E+05  5.13E+03 -1.67E+09 -1.11E+08  3.18E-04  6.28E+04  1.75E+08 -6.85E-01 -4.65E-02  1.47E+06  1.61E+04  4.33E-03 -2.51E-10
  5.15E+06 -3.41E+08 -2.82E+09  1.54E+09 -1.74E+05 -4.89E+05 -2.35E+05  7.97E+02 -1.70E+09 -1.33E+08  3.24E-04  5.44E+04  1.64E+08 -7.15E-01 -5.68E-02  1.21E+06  1.05E+04  3.19E-03 -2.93E-10
  5.25E+06 -3.56E+08 -2.50E+09  1.59E+09 -2.28E+05 -5.23E+05 -2.54E+05 -3.06E+03 -1.72E+09 -1.57E+08  3.24E-04  4.67E+04  1.56E+08 -7.39E-01 -6.80E-02  9.93E+05  6.91E+03  2.19E-03 -3.39E-10
  5.35E+06 -3.70E+08 -2.22E+09  1.62E+09 -2.99E+05 -5.55E+05 -2.71E+05 -6.42E+03 -1.74E+09 -1.82E+08  3.12E-04  3.99E+04  1.50E+08 -7.56E-01 -7.97E-02  8.07E+05  4.57E+03  1.30E-03 -3.86E-10
  5.45E+06 -3.83E+08 -1.96E+09  1.64E+09 -3.90E+05 -5.87E+05 -2.88E+05 -9.37E+03 -1.76E+09 -2.11E+08  2.83E-04  3.37E+04  1.45E+08 -7.68E-01 -9.19E-02  6.48E+05  3.04E+03  5.10E-04 -4.34E-10
  5.55E+06 -3.96E+08 -1.74E+09  1.66E+09 -5.09E+05 -6.19E+05 -3.05E+05 -1.22E+04 -1.77E+09 -2.41E+08  2.11E-04  2.81E+04  1.42E+08 -7.82E-01 -1.04E-01  5.13E+05  2.03E+03 -2.26E-04 -4.85E-10
  5.65E+06 -4.06E+08 -1.56E+09  1.68E+09 -6.66E+05 -6.58E+05 -3.25E+05 -1.57E+04 -1.78E+09 -2.73E+08  6.68E-07  2.24E+04  1.39E+08 -8.26E-01 -1.17E-01  3.98E+05  1.35E+03 -9.78E-04 -5.56E-10
  5.75E+06 -4.06E+08 -1.42E+09  1.69E+09 -8.72E+05 -7.19E+05 -3.57E+05 -2.14E+04 -1.79E+09 -3.07E+08 -6.22E-04  1.53E+04  1.37E+08 -1.00E+00 -1.30E-01  3.00E+05  8.85E+02 -1.88E-03 -6.83E-10
  5.85E+06 -3.85E+08 -1.34E+09  1.70E+09 -1.15E+06 -8.33E+05 -4.17E+05 -3.17E+04 -1.79E+09 -3.43E+08 -2.27E-03  4.59E+03  1.35E+08 -1.58E+00 -1.43E-01  2.15E+05  5.34E+02 -3.15E-03 -9.51E-10
  5.95E+06 -3.29E+08 -1.30E+09  1.71E+09 -1.53E+06 -1.04E+06 -5.27E+05 -4.99E+04 -1.80E+09 -3.81E+08 -6.08E-03 -1.28E+04  1.34E+08 -3.18E+00 -1.55E-01  1.42E+05  2.43E+02 -5.06E-03 -1.51E-09
  6.05E+06 -2.41E+08 -1.29E+09  1.71E+09 -2.08E+06 -1.38E+06 -7.05E+05 -7.88E+04 -1.80E+09 -4.21E+08 -1.37E-02 -3.95E+04  1.32E+08 -6.87E+00 -1.68E-01  7.84E+04 -2.12E+01 -7.84E-03 -2.59E-09
  6.15E+06 -1.49E+08 -1.28E+09  1.71E+09 -2.87E+06 -1.84E+06 -9.44E+05 -1.19E+05 -1.80E+09 -4.63E+08 -2.69E-02 -7.52E+04  1.30E+08 -1.43E+01 -1.81E-01  2.39E+04 -2.63E+02 -1.15E-02 -4.49E-09
  6.25E+06 -9.53E+07 -1.24E+09  1.71E+09 -4.01E+06 -2.35E+06 -1.21E+06 -1.68E+05 -1.79E+09 -5.07E+08 -4.72E-02 -1.16E+05  1.28E+08 -2.75E+01 -1.95E-01 -2.26E+04 -4.63E+02 -1.58E-02 -7.38E-09
  6.35E+06 -9.68E+07 -1.17E+09  1.71E+09 -5.66E+06 -2.81E+06 -1.44E+06 -2.17E+05 -1.77E+09 -5.53E+08 -7.51E-02 -1.54E+05  1.23E+08 -4.83E+01 -2.09E-01 -6.19E+04 -5.95E+02 -2.03E-02 -1.10E-08
  6.45E+06 -1.41E+08 -1.10E+09  1.69E+09 -8.06E+06 -3.17E+06 -1.61E+06 -2.58E+05 -1.74E+09 -6.01E+08 -1.09E-01 -1.81E+05  1.18E+08 -7.70E+01 -2.23E-01 -9.48E+04 -6.40E+02 -2.48E-02 -1.44E-08
  6.55E+06 -2.09E+08 -1.04E+09  1.67E+09 -1.16E+07 -3.38E+06 -1.69E+06 -2.80E+05 -1.71E+09 -6.49E+08 -1.46E-01 -1.94E+05  1.10E+08 -1.12E+02 -2.35E-01 -1.23E+05 -6.00E+02 -2.92E-02 -1.65E-08
  6.65E+06 -2.87E+08 -9.81E+08  1.64E+09 -1.66E+07 -3.42E+06 -1.66E+06 -2.77E+05 -1.66E+09 -6.96E+08 -1.81E-01 -1.91E+05  1.01E+08 -1.47E+02 -2.39E-01 -1.47E+05 -4.91E+02 -3.32E-02 -1.63E-08
  6.75E+06 -3.74E+08 -9.28E+08  1.60E+09 -2.38E+07 -3.28E+06 -1.54E+06 -2.44E+05 -1.59E+09 -7.42E+08 -2.09E-01 -1.74E+05  9.11E+07 -1.75E+02 -2.30E-01 -1.68E+05 -3.40E+02 -3.66E-02 -1.38E-08
  6.85E+06 -4.72E+08 -8.68E+08  1.54E+09 -3.40E+07 -2.97E+06 -1.34E+06 -1.86E+05 -1.50E+09 -7.83E+08 -2.26E-01 -1.48E+05  8.01E+07 -1.86E+02 -2.03E-01 -1.87E+05 -1.71E+02 -3.92E-02 -9.35E-09
  6.95E+06 -5.91E+08 -7.92E+08  1.46E+09 -4.82E+07 -2.51E+06 -1.06E+06 -1.11E+05 -1.40E+09 -8.20E+08 -2.31E-01 -1.17E+05  6.89E+07 -1.71E+02 -1.59E-01 -2.05E+05 -5.97E+00 -4.06E-02 -3.91E-09
  7.05E+06 -7.44E+08 -6.89E+08  1.37E+09 -6.78E+07 -1.90E+06 -7.27E+05 -3.14E+04 -1.27E+09 -8.50E+08 -2.23E-01 -8.67E+04  5.80E+07 -1.29E+02 -1.02E-01 -2.23E+05  1.35E+02 -4.02E-02  1.44E-09
  7.15E+06 -9.43E+08 -5.51E+08  1.26E+09 -9.46E+07 -1.25E+06 -4.00E+05  3.59E+04 -1.13E+09 -8.71E+08 -2.05E-01 -5.75E+04  4.78E+07 -6.88E+01 -4.51E-02 -2.41E+05  2.28E+02 -3.82E-02  5.31E-09
  7.25E+06 -1.23E+09 -3.59E+08  1.13E+09 -1.36E+08 -5.97E+05 -9.27E+04  8.13E+04 -9.60E+08 -8.82E+08 -1.88E-01 -2.87E+04  3.87E+07 -1.36E+01  1.89E-03 -2.61E+05  3.00E+02 -3.50E-02  6.86E-09
  7.35E+06 -1.32E+09 -2.54E+08  9.93E+08 -2.02E+08 -1.27E+06 -3.64E+05  8.33E+04 -7.76E+08 -8.82E+08 -1.64E-01  4.60E+03  3.08E+07  1.82E+01  3.27E-02 -2.82E+05  1.64E+02 -4.93E-02  4.81E-09
  7.45E+06 -2.82E+09  5.54E+08  8.81E+08 -3.87E+08 -1.65E+05  1.32E+05  1.47E+05 -5.59E+08 -8.77E+08 -1.34E-01  3.39E+04  2.42E+07  1.21E+02  4.88E-02 -3.00E+05  3.64E+02 -3.71E-02  9.31E-09
  7.55E+06 -1.37E+10  6.08E+09  7.79E+08 -6.88E+08  6.17E+06  2.64E+06  2.09E+05 -3.01E+08 -8.60E+08 -1.24E-01  9.23E+04  1.89E+07  2.23E+02  5.03E-02 -2.83E+05  5.80E+02  9.52E-02  9.38E-09
  7.65E+06 -4.32E+10  2.10E+10  6.38E+08 -7.86E+08  3.30E+06  1.53E+06  1.08E+05 -9.96E+07 -8.06E+08 -1.84E-01  1.51E+05  1.45E+07  7.80E+01  4.50E-02 -2.07E+05  1.29E+02  6.76E-02  1.66E-09
  7.75E+06 -9.16E+10  4.53E+10  4.98E+08 -7.06E+08  1.17E+06  5.42E+05  3.79E+04  8.87E+06 -7.35E+08 -1.07E-01  1.00E+05  1.11E+07  2.05E+01  3.99E-02 -9.23E+04  1.88E+01  2.66E-02  1.61E-10
  7.85E+06 -1.55E+11  7.71E+10  3.80E+08 -5.67E+08  4.77E+05  1.99E+05  1.20E+04  6.36E+07 -6.63E+08 -3.60E-02  4.36E+04  8.42E+06  6.43E+00  3.52E-02  2.66E+04  4.02E+00  1.06E-02  1.25E-11
  7.95E+06 -2.28E+11  1.14E+11  2.85E+08 -4.26E+08  2.34E+05  8.03E+04  3.67E+03  9.20E+07 -5.93E+08  2.56E-03  1.80E+04  6.35E+06  2.40E+00  3.06E-02  1.09E+05  1.71E+00  4.45E-03  8.28E-13
  8.05E+06 -3.04E+11  1.52E+11  2.12E+08 -3.04E+08  1.30E+05  3.46E+04  1.08E+03  1.07E+08 -5.29E+08  3.21E-02  8.02E+03  4.75E+06  1.03E+00  2.62E-02  1.32E+05  1.06E+00  1.86E-03  4.74E-14
  8.15E+06 -3.76E+11  1.88E+11  1.56E+08 -2.05E+08  7.92E+04  1.56E+04  3.08E+02  1.16E+08 -4.71E+08  5.01E-02  3.85E+03  3.53E+06  4.85E-01  2.20E-02  1.14E+05  6.75E-01  7.71E-04  2.35E-15
  8.25E+06 -4.40E+11  2.20E+11  1.14E+08 -1.27E+08  5.13E+04  7.43E+03  8.45E+01  1.21E+08 -4.17E+08  5.56E-02  1.97E+03  2.61E+06  2.45E-01  1.81E-02  8.29E+04  4.19E-01  3.24E-04  1.06E-16
  8.35E+06 -4.92E+11  2.46E+11  8.26E+07 -6.77E+07  3.45E+04  3.67E+03  2.24E+01  1.24E+08 -3.68E+08  5.21E-02  1.06E+03  1.92E+06  1.32E-01  1.46E-02  5.78E+04  2.60E-01  1.41E-04  5.07E-18
  8.45E+06 -5.31E+11  2.65E+11  5.95E+07 -2.30E+07  2.38E+04  1.88E+03  5.74E+00  1.26E+08 -3.24E+08  4.40E-02  6.01E+02  1.40E+06  7.49E-02  1.16E-02  4.05E+04  1.63E-01  6.48E-05  3.47E-19
  8.55E+06 -5.55E+11  2.77E+11  4.27E+07  1.05E+07  1.65E+04  9.98E+02  1.44E+00  1.27E+08 -2.84E+08  3.48E-02  3.55E+02  1.02E+06  4.44E-02  9.05E-03  2.89E+04  1.04E-01  3.10E-05  4.01E-20
  8.65E+06 -5.65E+11  2.82E+11  3.05E+07  3.53E+07  1.15E+04  5.44E+02  3.52E-01  1.27E+08 -2.48E+08  2.64E-02  2.16E+02  7.37E+05  2.73E-02  6.96E-03  2.08E+04  6.72E-02  1.54E-05  6.54E-21
  8.75E+06 -5.64E+11  2.82E+11  2.17E+07  5.36E+07  8.04E+03  3.04E+02  8.56E-02  1.27E+08 -2.16E+08  1.95E-02  1.36E+02  5.32E+05  1.74E-02  5.28E-03  1.52E+04  4.40E-02  7.93E-06  1.28E-21
  8.85E+06 -5.53E+11  2.77E+11  1.54E+07  6.71E+07  5.59E+03  1.74E+02  2.08E-02  1.27E+08 -1.87E+08  1.42E-02  8.76E+01  3.83E+05  1.14E-02  3.97E-03  1.13E+04  2.91E-02  4.21E-06  2.83E-22
  8.95E+06 -5.34E+11  2.67E+11  1.09E+07  7.71E+07  3.87E+03  1.01E+02  5.15E-03  1.27E+08 -1.60E+08  1.03E-02  5.76E+01  2.76E+05  7.59E-03  2.96E-03  8.47E+03  1.94E-02  2.31E-06  6.94E-23
  9.05E+06 -5.08E+11  2.54E+11  7.75E+06  8.46E+07  2.67E+03  6.02E+01  1.31E-03  1.26E+08 -1.37E+08  7.36E-03  3.85E+01  1.98E+05  5.18E-03  2.19E-03  6.46E+03  1.31E-02  1.30E-06  1.86E-23
  9.15E+06 -4.77E+11  2.38E+11  5.48E+06  9.02E+07  1.83E+03  3.64E+01  3.48E-04  1.26E+08 -1.16E+08  5.25E-03  2.59E+01  1.42E+05  3.58E-03  1.61E-03  5.01E+03  8.95E-03  7.47E-07  5.36E-24
  9.25E+06 -4.41E+11  2.20E+11  3.87E+06  9.45E+07  1.25E+03  2.23E+01  9.80E-05  1.26E+08 -9.77E+07  3.70E-03  1.75E+01  1.02E+05  2.50E-03  1.18E-03  3.95E+03  6.16E-03  4.40E-07  1.66E-24
  9.35E+06 -4.01E+11  2.01E+11  2.73E+06  9.78E+07  8.53E+02  1.39E+01  2.96E-05  1.25E+08 -8.12E+07  2.56E-03  1.17E+01  7.33E+04  1.75E-03  8.58E-04  3.16E+03  4.28E-03  2.65E-07  5.46E-25
  9.45E+06 -3.58E+11  1.79E+11  1.91E+06  1.00E+08  5.78E+02  8.74E+00  9.60E-06  1.25E+08 -6.64E+07  1.70E-03  7.61E+00  5.22E+04  1.21E-03  6.17E-04  2.55E+03  2.99E-03  1.63E-07  1.90E-25
  9.55E+06 -3.12E+11  1.56E+11  1.32E+06  1.03E+08  3.91E+02  5.57E+00  3.36E-06  1.24E+08 -5.30E+07  1.01E-03  4.49E+00  3.66E+04  7.97E-04  4.35E-04  2.06E+03  2.10E-03  1.02E-07  6.99E-26
  9.65E+06 -2.62E+11  1.31E+11  8.92E+05  1.05E+08  2.63E+02  3.59E+00  1.26E-06  1.24E+08 -4.07E+07  4.18E-04  1.91E+00  2.50E+04  4.60E-04  2.97E-04  1.65E+03  1.48E-03  6.45E-08  2.70E-26
  9.75E+06 -2.06E+11  1.03E+11  5.67E+05  1.06E+08  1.77E+02  2.32E+00  4.94E-07  1.23E+08 -2.93E+07 -1.56E-04 -5.20E-01  1.60E+04  1.48E-04  1.90E-04  1.28E+03  1.04E-03  4.13E-08  1.09E-26
  9.85E+06 -1.40E+11  6.99E+10  3.11E+05  1.08E+08  1.18E+02  1.50E+00  1.95E-07  1.22E+08 -1.81E+07 -8.13E-04 -3.27E+00  8.81E+03 -1.98E-04  1.05E-04  9.02E+02  7.22E-04  2.65E-08  4.57E-27
  9.95E+06 -5.41E+10  2.71E+10  9.79E+04  1.10E+08  7.46E+01  9.47E-01  5.31E-08  1.22E+08 -6.37E+06 -1.64E-03 -6.54E+00  2.76E+03 -6.69E-04  3.29E-05  4.48E+02  4.83E-04  1.66E-08  1.61E-27
  1.00E+07 -1.83E-03 -9.54E-05 -3.64E-10  1.11E+08  3.50E-06  1.44E-07  1.38E-20  1.21E+08 -1.61E-04 -2.93E-09 -1.43E-09  1.18E-11 -1.42E-09  3.66E-19 -8.67E-09 -2.62E-12  1.15E-15 -7.30E-37

     Z        HS        S         SO        SO2       H2SO4     HSO       S2        S4        S8        SO3       OCS       S3        O3        HNO3      N         NO3       N2O       HO2NO2  
  0.00E+00 -3.16E-04 -7.93E-12 -1.84E-04 -1.76E+09 -9.53E+07 -1.84E+07 -4.14E-26 -6.95E-48 -4.82E-99 -2.01E-04 -5.61E-17 -8.23E-45 -1.84E+10 -7.38E+07  3.03-123  2.14E-04  2.26E+09 -3.15E+05
  5.00E+04  4.26E+02  5.17E-12 -2.14E-01 -1.84E+09 -9.67E+07  3.54E+05  7.81E-16  8.26E-41  1.39E-87 -7.93E-02  9.99E-06  2.03E-38 -2.71E+10 -8.27E+07 -1.11-107  4.17E+02  2.26E+09 -1.31E+06
  1.50E+05  2.17E+02  1.41E-12  2.86E+00 -1.34E+09 -9.49E+07  6.08E+06  3.46E-16  8.97E-42  1.56E-87 -1.52E-01  1.63E-05  1.62E-39 -4.17E+10 -1.15E+08 -1.14E-95 -3.17E+02  2.26E+09 -3.09E+06
  2.50E+05  1.09E+02  3.63E-13  2.56E+00 -1.09E+09 -8.68E+07  3.79E+06  7.91E-17  3.61E-43  1.56E-87 -3.37E-01  1.62E-05  7.46E-41 -5.27E+10 -1.27E+08 -5.76E-84 -6.71E+02  2.25E+09 -7.68E+06
  3.50E+05  5.06E+01  8.43E-14  1.72E+00 -9.46E+08 -7.15E+07  1.88E+06  1.41E-17  9.40E-45  1.56E-87 -7.70E-01  1.49E-05  2.55E-42 -5.99E+10 -1.08E+08 -1.37E-72 -7.57E+02  2.25E+09 -1.93E+07
  4.50E+05  2.31E+01  1.87E-14  1.06E+00 -8.70E+08 -4.79E+07  8.57E+05  2.16E-18  1.87E-46  1.55E-87 -1.81E+00  1.34E-05  7.32E-44 -6.35E+10 -7.10E+07 -1.45E-61 -4.63E+02  2.25E+09 -4.98E+07
  5.50E+05  1.04E+01  3.90E-15  6.23E-01 -8.28E+08 -1.59E+07  3.77E+05  2.99E-19  3.07E-48  1.55E-87 -4.15E+00  1.22E-05  1.86E-45 -6.43E+10 -3.19E+07 -6.11E-51  8.14E-01  2.24E+09 -1.01E+08
  6.50E+05  4.42E+00  4.16E-16  1.37E-01 -7.67E+08  7.38E+06  1.70E+05  3.79E-20  4.37E-50  1.54E-87 -9.80E+00  1.13E-05  4.74E-47 -6.44E+10 -1.27E+07 -1.06E-41  7.09E-01  2.24E+09 -1.19E+08
  7.50E+05  1.64E+00 -1.97E-15 -9.35E-01 -6.48E+08  5.06E+06  8.31E+04  3.53E-21  5.96E-52  1.54E-87 -2.87E+01  1.07E-05 -3.20E-49 -6.49E+10 -1.65E+07 -4.59E-35 -3.53E+02  2.24E+09 -7.74E+07
  8.50E+05  6.06E-01 -1.78E-14 -4.30E+00 -4.99E+08 -9.13E+06  4.31E+04 -3.85E-21 -4.84E-52  1.53E-87 -1.07E+02  1.03E-05 -6.72E-47 -6.46E+10 -2.76E+07 -9.96E-30 -5.27E+02  2.24E+09 -2.42E+07
  9.50E+05  2.57E-01 -1.48E-13 -1.56E+01 -3.68E+08 -1.63E+07  2.14E+04 -1.52E-20 -5.95E-51  1.53E-87 -4.43E+02  1.01E-05 -1.80E-45 -6.26E+10 -3.79E+07 -3.38E-25 -6.66E+02  2.24E+09  8.04E+06
  1.05E+06  1.28E-01 -6.10E-13 -2.41E+01 -2.76E+08 -1.04E+07  8.84E+03 -2.54E-20 -2.43E-50  1.52E-87 -3.39E+02  9.81E-06 -1.78E-44 -5.92E+10 -4.79E+07 -1.45E-21 -3.00E+02  2.23E+09  8.94E+06
  1.15E+06  4.93E-02 -1.04E-12 -1.89E+01 -2.02E+08 -3.35E+06  2.61E+03 -7.48E-21 -9.02E-51  1.52E-87 -4.09E+02  9.58E-06 -3.75E-44 -5.53E+10 -5.38E+07 -7.90E-19 -2.90E+02  2.23E+09  1.86E+05
  1.25E+06  8.29E-03 -2.72E-12 -2.36E+01 -1.40E+08 -2.85E+05  5.09E+02  4.23E-22  3.15E-51  1.51E-87 -9.12E+01  9.33E-06 -5.98E-44 -5.14E+10 -5.58E+07 -2.67E-16 -2.94E+02  2.22E+09 -2.66E+06
  1.35E+06  8.21E-04 -5.27E-12 -2.27E+01 -8.09E+07 -1.44E+05  4.45E+01  2.04E-21  1.99E-51  1.50E-87 -6.73E+01  9.06E-06 -2.30E-44 -4.79E+10 -5.70E+07 -3.07E-14 -3.80E+02  2.20E+09 -3.79E+06
  1.45E+06  6.45E-05 -1.35E-11 -2.78E+01 -3.28E+07 -1.63E+05 -2.45E+01  5.90E-22  2.01E-52  1.50E-87 -7.43E+01  8.74E-06 -1.77E-44 -4.44E+10 -5.60E+07 -2.52E-12 -5.27E+02  2.18E+09 -3.69E+06
  1.55E+06  4.85E-06 -3.13E-11 -3.06E+01 -1.29E+06  1.38E+05 -1.77E+01 -7.63E-23 -5.36E-55  1.49E-87 -6.40E+01  8.34E-06 -6.80E-44 -4.07E+10 -5.28E+07 -1.13E-10 -6.97E+02  2.15E+09 -3.53E+06
  1.65E+06 -6.07E-07 -6.98E-11 -3.13E+01  1.79E+07  3.78E+05 -7.54E+00 -6.75E-22 -1.13E-52  1.48E-87 -4.63E+01  7.85E-06 -4.02E-43 -3.69E+10 -4.76E+07 -3.38E-09 -8.72E+02  2.10E+09 -3.28E+06
  1.75E+06 -1.29E-06 -1.44E-10 -2.69E+01  2.88E+07  5.54E+05  2.25E+00 -1.59E-21 -5.43E-52  1.48E-87 -2.39E+01  7.24E-06 -1.78E-42 -3.30E+10 -4.07E+07 -7.33E-08 -1.03E+03  2.05E+09 -2.91E+06
  1.85E+06 -9.72E-07 -2.18E-10 -7.73E+00  3.26E+07  6.85E+05  1.72E+01 -1.97E-21 -9.87E-52  1.47E-87  1.24E+01  6.54E-06 -3.70E-42 -2.93E+10 -3.28E+07 -1.13E-06 -1.16E+03  1.98E+09 -2.48E+06
  1.95E+06  3.61E-07 -1.46E-10  2.28E+01  2.78E+07  6.66E+05  2.99E+01  3.42E-22  6.21E-52  1.46E-87  5.28E+01  5.74E-06  5.25E-43 -2.60E+10 -2.42E+07 -1.35E-05 -1.28E+03  1.89E+09 -1.98E+06
  2.05E+06  6.62E-07 -6.72E-11  2.20E+01  1.19E+07  3.33E+05  1.88E+01  1.07E-21  5.23E-52  1.45E-87  3.89E+01  4.88E-06  1.95E-42 -2.35E+10 -1.54E+07 -1.28E-04 -1.39E+03  1.79E+09 -1.40E+06
  2.15E+06  5.54E-07 -3.14E-11  1.39E+01  4.20E+06  1.33E+05  9.37E+00  8.05E-22  1.75E-52  1.44E-87  2.19E+01  3.99E-06  1.21E-42 -2.14E+10 -7.33E+06 -9.27E-04 -1.48E+03  1.66E+09 -7.90E+05
  2.25E+06  4.73E-07  1.24E-12  8.37E+00  1.47E+06  5.39E+04  4.70E+00  5.40E-22  4.83E-53  1.43E-87  1.25E+01  3.12E-06  6.13E-43 -1.98E+10 -1.96E+04 -5.48E-03 -1.57E+03  1.53E+09 -1.38E+05
  2.35E+06  4.16E-07  3.08E-11  4.83E+00  5.07E+05  2.18E+04  2.35E+00  3.29E-22  1.11E-53  1.43E-87  7.46E+00  2.32E-06  2.64E-43 -1.83E+10  6.28E+06 -2.64E-02 -1.61E+03  1.37E+09  4.86E+05
  2.45E+06  3.54E-07  5.09E-11  2.67E+00  1.74E+05  8.67E+03  1.15E+00  1.78E-22  2.08E-54  1.42E-87  4.43E+00  1.63E-06  9.48E-44 -1.67E+10  1.15E+07 -1.06E-01 -1.62E+03  1.22E+09  1.01E+06
  2.55E+06  2.82E-07  5.85E-11  1.41E+00  5.90E+04  3.31E+03  5.43E-01  8.43E-23  3.15E-55  1.41E-87  2.63E+00  1.07E-06  2.87E-44 -1.48E+10  1.54E+07 -3.58E-01 -1.57E+03  1.06E+09  1.40E+06
  2.65E+06  2.12E-07  5.84E-11  7.25E-01  2.00E+04  9.58E+02  2.47E-01  3.60E-23  3.95E-56  1.40E-87  1.53E+00  6.56E-07  7.50E-45 -1.27E+10  1.77E+07 -1.03E+00 -1.46E+03  9.01E+08  1.59E+06
  2.75E+06  1.47E-07  5.08E-11  3.63E-01  6.82E+03 -6.32E+02  1.08E-01  1.38E-23  4.17E-57  1.39E-87  8.89E-01  3.70E-07  1.72E-45 -1.03E+10  1.83E+07 -2.59E+00 -1.27E+03  7.53E+08  1.65E+06
  2.85E+06  9.64E-08  3.97E-11  1.80E-01  2.39E+03 -2.39E+03  4.61E-02  4.94E-24  3.98E-58  1.37E-87  4.96E-01  1.90E-07  3.65E-46 -7.83E+09  1.74E+07 -5.74E+00 -1.03E+03  6.17E+08  1.56E+06
  2.95E+06  6.25E-08  3.24E-11  9.00E-02  8.53E+02 -8.54E+02  1.93E-02  1.71E-24  3.55E-59  1.36E-87  2.84E-01  8.83E-08  7.44E-47 -5.24E+09  1.50E+07 -1.09E+01 -7.10E+02  4.97E+08  1.33E+06
  3.05E+06  3.85E-08  2.43E-11  4.50E-02  3.17E+02 -3.17E+02  7.91E-03  5.58E-25  2.88E-60  1.35E-87  1.63E-01  3.67E-08  1.42E-47 -2.72E+09  1.21E+07 -1.87E+01 -3.21E+02  3.93E+08  1.08E+06
  3.15E+06  2.32E-08  1.75E-11  2.28E-02  1.24E+02 -1.24E+02  3.24E-03  1.79E-25  2.30E-61  1.34E-87  9.10E-02  1.35E-08  2.69E-48 -2.06E+08  9.34E+06 -2.92E+01  9.25E+01  3.07E+08  8.09E+05
  3.25E+06  1.38E-08  1.30E-11  1.19E-02  5.02E+01 -5.03E+01  1.31E-03  5.72E-26  1.85E-62  1.32E-87  5.41E-02  4.38E-09  5.15E-49  2.25E+09  6.80E+06 -3.99E+01  5.17E+02  2.36E+08  5.49E+05
  3.35E+06  7.96E-09  9.14E-12  6.23E-03  2.13E+01 -2.13E+01  5.28E-04  1.80E-26  1.49E-63  1.31E-87  3.51E-02  1.23E-09  9.87E-50  4.74E+09  4.83E+06 -5.07E+01  9.06E+02  1.79E+08  3.44E+05
  3.45E+06  4.43E-09  5.70E-12  3.28E-03  9.45E+00 -9.48E+00  2.14E-04  5.77E-27  1.31E-64  1.29E-87  2.61E-02  3.03E-10  1.99E-50  7.41E+09  3.41E+06 -6.11E+01  1.21E+03  1.35E+08  2.00E+05
  3.55E+06  2.37E-09  2.80E-12  1.73E-03  4.37E+00 -4.40E+00  8.82E-05  1.94E-27  1.38E-65  1.28E-87  2.38E-02  6.48E-11  4.47E-51  1.02E+10  2.38E+06 -7.01E+01  1.39E+03  1.01E+08  1.08E+05
  3.65E+06  1.16E-09 -2.02E-13  8.80E-04  2.12E+00 -2.14E+00  3.82E-05  6.98E-28  1.92E-66  1.26E-87  2.34E-02  1.23E-11  1.17E-51  1.26E+10  1.64E+06 -8.07E+01  1.42E+03  7.59E+07  5.57E+04
  3.75E+06  4.34E-10 -2.97E-12  4.07E-04  1.07E+00 -1.10E+00  1.73E-05  2.65E-28  3.70E-67  1.24E-87  2.42E-02  2.10E-12  3.59E-52  1.37E+10  1.07E+06 -9.03E+01  1.28E+03  5.67E+07  2.67E+04
  3.85E+06 -3.00E-11 -5.90E-12  1.23E-04  5.76E-01 -6.00E-01  8.21E-06  9.05E-29  9.50E-68  1.22E-87  2.33E-02  3.25E-13  1.16E-52  1.32E+10  6.45E+05 -1.02E+02  1.02E+03  4.24E+07  1.23E+04
  3.95E+06 -3.65E-10 -9.65E-12 -7.65E-05  3.28E-01 -3.48E-01  4.03E-06  2.14E-30  2.69E-68  1.20E-87  2.04E-02  4.75E-14  1.91E-53  1.17E+10  3.61E+05 -1.22E+02  7.30E+02  3.18E+07  5.61E+03
  4.05E+06 -6.17E-10 -1.43E-11 -2.33E-04  1.97E-01 -2.13E-01  1.90E-06 -5.85E-29  1.76E-69  1.18E-87  1.66E-02  6.78E-15 -3.91E-53  9.75E+09  1.89E+05 -1.49E+02  4.79E+02  2.39E+07  2.56E+03
  4.15E+06 -8.26E-10 -2.06E-11 -3.78E-04  1.23E-01 -1.36E-01  7.14E-07 -1.16E-28 -1.39E-68  1.16E-87  1.30E-02  9.78E-16 -9.48E-53  7.86E+09  9.56E+04 -1.84E+02  2.97E+02  1.81E+07  1.19E+03
  4.25E+06 -1.02E-09 -2.95E-11 -5.31E-04  7.88E-02 -8.82E-02  1.18E-08 -1.85E-28 -2.96E-68  1.13E-87  9.96E-03  1.42E-16 -1.66E-52  6.45E+09  4.83E+04 -2.29E+02  1.81E+02  1.38E+07  5.73E+02
  4.35E+06 -1.16E-09 -4.17E-11 -6.84E-04  5.06E-02 -5.76E-02 -3.87E-07 -2.64E-28 -4.66E-68  1.11E-87  7.70E-03  6.38E-19 -2.57E-52  5.45E+09  2.46E+04 -2.75E+02  1.09E+02  1.06E+07  2.84E+02
  4.45E+06 -1.24E-09 -5.75E-11 -8.37E-04  3.25E-02 -3.77E-02 -6.28E-07 -3.53E-28 -6.50E-68  1.08E-87  6.00E-03 -4.17E-17 -3.69E-52  4.62E+09  1.25E+04 -3.19E+02  6.49E+01  8.14E+06  1.43E+02
  4.55E+06 -1.30E-09 -7.70E-11 -9.91E-04  2.10E-02 -2.47E-02 -8.39E-07 -4.64E-28 -9.00E-68  1.05E-87  4.68E-03 -7.02E-17 -5.21E-52  3.84E+09  6.34E+03 -3.60E+02  3.79E+01  6.32E+06  7.19E+01
  4.65E+06 -1.41E-09 -1.07E-10 -1.21E-03  1.37E-02 -1.62E-02 -1.06E-06 -6.27E-28 -1.27E-67  1.03E-87  3.72E-03 -9.86E-17 -7.54E-52  3.30E+09  3.29E+03 -4.31E+02  2.27E+01  4.94E+06  3.77E+01
  4.75E+06 -1.53E-09 -1.45E-10 -1.43E-03  9.12E-03 -1.06E-02 -1.27E-06 -8.36E-28 -1.78E-67  9.99E-88  2.96E-03 -1.30E-16 -1.07E-51  2.81E+09  1.72E+03 -4.97E+02  1.35E+01  3.89E+06  1.97E+01
  4.85E+06 -1.70E-09 -1.94E-10 -1.68E-03  6.32E-03 -6.99E-03 -1.49E-06 -1.12E-27 -2.53E-67  9.71E-88  2.36E-03 -1.65E-16 -1.53E-51  2.41E+09  9.02E+02 -5.70E+02  8.00E+00  3.07E+06  1.05E+01
  4.95E+06 -1.93E-09 -2.62E-10 -1.98E-03  4.68E-03 -4.59E-03 -1.75E-06 -1.53E-27 -3.70E-67  9.42E-88  1.89E-03 -2.04E-16 -2.22E-51  2.09E+09  4.83E+02 -6.64E+02  4.81E+00  2.44E+06  5.67E+00
  5.05E+06 -2.21E-09 -3.48E-10 -2.29E-03  3.80E-03 -3.02E-03 -2.02E-06 -2.10E-27 -5.49E-67  9.14E-88  1.51E-03 -2.48E-16 -3.21E-51  1.80E+09  2.61E+02 -7.63E+02  2.89E+00  1.94E+06  3.11E+00
  5.15E+06 -2.55E-09 -4.59E-10 -2.63E-03  3.40E-03 -1.98E-03 -2.32E-06 -2.89E-27 -8.22E-67  8.85E-88  1.21E-03 -2.95E-16 -4.63E-51  1.54E+09  1.42E+02 -8.66E+02  1.73E+00  1.56E+06  1.72E+00
  5.25E+06 -2.94E-09 -5.99E-10 -2.98E-03  3.32E-03 -1.30E-03 -2.61E-06 -3.97E-27 -1.24E-66  8.56E-88  9.60E-04 -3.46E-16 -6.68E-51  1.31E+09  7.86E+01 -9.75E+02  1.04E+00  1.25E+06  9.61E-01
  5.35E+06 -3.37E-09 -7.75E-10 -3.34E-03  3.44E-03 -8.51E-04 -2.91E-06 -5.44E-27 -1.86E-66  8.27E-88  7.59E-04 -3.99E-16 -9.56E-51  1.10E+09  4.39E+01 -1.09E+03  6.31E-01  1.01E+06  5.46E-01
  5.45E+06 -3.83E-09 -9.93E-10 -3.71E-03  3.67E-03 -5.57E-04 -3.19E-06 -7.41E-27 -2.80E-66  7.98E-88  5.97E-04 -4.52E-16 -1.36E-50  9.13E+08  2.49E+01 -1.21E+03  3.84E-01  8.13E+05  3.14E-01
  5.55E+06 -4.34E-09 -1.26E-09 -4.07E-03  3.97E-03 -3.65E-04 -3.47E-06 -1.01E-26 -4.18E-66  7.69E-88  4.68E-04 -5.06E-16 -1.91E-50  7.51E+08  1.43E+01 -1.34E+03  2.36E-01  6.58E+05  1.84E-01
  5.65E+06 -4.96E-09 -1.58E-09 -4.40E-03  4.28E-03 -2.40E-04 -3.77E-06 -1.37E-26 -6.28E-66  7.40E-88  3.64E-04 -5.61E-16 -2.66E-50  6.16E+08  8.35E+00 -1.47E+03  1.46E-01  5.34E+05  1.09E-01
  5.75E+06 -5.89E-09 -1.96E-09 -4.69E-03  4.57E-03 -1.58E-04 -4.18E-06 -1.90E-26 -9.80E-66  7.11E-88  2.80E-04 -6.22E-16 -3.77E-50  5.08E+08  4.88E+00 -1.60E+03  9.11E-02  4.35E+05  6.44E-02
  5.85E+06 -7.56E-09 -2.39E-09 -4.86E-03  4.76E-03 -1.05E-04 -4.92E-06 -2.79E-26 -1.68E-65  6.83E-88  2.11E-04 -7.03E-16 -5.55E-50  4.28E+08  2.79E+00 -1.71E+03  5.67E-02  3.55E+05  3.71E-02
  5.95E+06 -1.08E-08 -2.84E-09 -4.83E-03  4.75E-03 -6.98E-05 -6.29E-06 -4.47E-26 -3.34E-65  6.54E-88  1.55E-04 -8.28E-16 -8.76E-50  3.69E+08  1.47E+00 -1.76E+03  3.47E-02  2.91E+05  1.95E-02
  6.05E+06 -1.68E-08 -3.22E-09 -4.47E-03  4.41E-03 -4.69E-05 -8.51E-06 -7.82E-26 -7.72E-65  6.25E-88  1.10E-04 -1.04E-15 -1.48E-49  3.19E+08  6.13E-01 -1.70E+03  2.04E-02  2.39E+05  7.45E-03
  6.15E+06 -2.67E-08 -3.47E-09 -3.72E-03  3.69E-03 -3.17E-05 -1.14E-05 -1.42E-25 -1.96E-64  5.97E-88  7.50E-05 -1.39E-15 -2.52E-49  2.65E+08  3.89E-02 -1.51E+03  1.13E-02  1.97E+05 -8.72E-04
  6.25E+06 -4.06E-08 -3.52E-09 -2.72E-03  2.71E-03 -2.15E-05 -1.41E-05 -2.50E-25 -4.86E-64  5.68E-88  4.99E-05 -1.91E-15 -4.00E-49  2.03E+08 -3.22E-01 -1.26E+03  5.99E-03  1.63E+05 -6.27E-03
  6.35E+06 -5.63E-08 -3.45E-09 -1.73E-03  1.73E-03 -1.44E-05 -1.54E-05 -3.94E-25 -1.05E-63  5.40E-88  3.41E-05 -2.63E-15 -5.48E-49  1.44E+08 -4.96E-01 -1.05E+03  3.30E-03  1.35E+05 -8.84E-03
  6.45E+06 -6.98E-08 -3.35E-09 -9.83E-04  9.82E-04 -9.58E-06 -1.45E-05 -5.37E-25 -1.76E-63  5.12E-88  2.54E-05 -3.49E-15 -6.19E-49  9.64E+07 -4.99E-01 -9.59E+02  2.12E-03  1.12E+05 -8.65E-03
  6.55E+06 -7.70E-08 -3.33E-09 -5.57E-04  5.54E-04 -6.22E-06 -1.14E-05 -6.26E-25 -2.22E-63  4.85E-88  2.15E-05 -4.45E-15 -5.69E-49  6.27E+07 -3.66E-01 -1.01E+03  1.72E-03  9.33E+04 -6.20E-03
  6.65E+06 -7.65E-08 -3.44E-09 -4.13E-04  4.04E-04 -3.93E-06 -7.22E-06 -6.31E-25 -2.03E-63  4.57E-88  2.00E-05 -5.42E-15 -4.28E-49  4.06E+07 -1.54E-01 -1.18E+03  1.67E-03  7.78E+04 -2.50E-03
  6.75E+06 -6.92E-08 -3.73E-09 -4.64E-04  4.50E-04 -2.40E-06 -3.03E-06 -5.61E-25 -1.28E-63  4.30E-88  1.94E-05 -6.37E-15 -2.61E-49  2.65E+07  7.24E-02 -1.46E+03  1.76E-03  6.48E+04  1.34E-03
  6.85E+06 -5.66E-08 -4.21E-09 -6.35E-04  6.17E-04 -1.41E-06  4.41E-07 -4.39E-25 -3.36E-64  4.03E-88  1.88E-05 -7.29E-15 -1.16E-49  1.76E+07  2.58E-01 -1.84E+03  1.87E-03  5.39E+04  4.40E-03
  6.95E+06 -4.00E-08 -4.91E-09 -8.82E-04  8.62E-04 -7.86E-07  2.91E-06 -2.89E-25  4.44E-64  3.77E-88  1.77E-05 -8.23E-15 -7.64E-51  1.18E+07  3.71E-01 -2.35E+03  1.95E-03  4.47E+04  6.19E-03
  7.05E+06 -2.07E-08 -5.91E-09 -1.19E-03  1.17E-03 -4.13E-07  4.38E-06 -1.29E-25  8.91E-64  3.51E-88  1.59E-05 -9.26E-15  6.72E-50  7.88E+06  4.04E-01 -3.05E+03  1.95E-03  3.70E+04  6.64E-03
  7.15E+06 -2.46E-09 -7.24E-09 -1.51E-03  1.49E-03 -2.00E-07  4.90E-06  1.16E-26  9.63E-64  3.25E-88  1.37E-05 -1.05E-14  1.10E-49  5.33E+06  3.68E-01 -4.00E+03  1.85E-03  3.05E+04  5.94E-03
  7.25E+06  1.11E-08 -9.56E-09 -1.94E-03  1.92E-03 -8.39E-08  4.82E-06  9.04E-26  7.72E-64  3.00E-88  1.13E-05 -1.21E-14  1.11E-49  5.40E+06  2.97E-01 -5.31E+03  2.02E-03  2.51E+04  4.85E-03
  7.35E+06 -8.09E-09 -9.69E-09 -1.38E-03  1.36E-03 -3.32E-08  3.11E-06 -2.81E-26  3.24E-64  2.76E-88  8.23E-06 -1.43E-14  5.75E-50  6.12E+06  1.89E-01 -6.19E+03  1.29E-03  2.05E+04  2.73E-03
  7.45E+06  4.62E-08 -1.42E-08 -2.47E-03  2.46E-03 -1.32E-08  5.07E-06  4.84E-25  6.26E-64  2.52E-88  5.80E-06 -1.86E-14  2.67E-49  3.02E+05  1.53E-01 -1.42E+04  1.21E-03  1.68E+04  2.44E-03
  7.55E+06  1.22E-07 -4.37E-08 -1.01E-02  1.00E-02 -5.52E-09  7.48E-06  7.67E-25  1.87E-64  2.29E-88  3.30E-06 -2.49E-14  4.09E-49 -2.39E+07  1.06E-01 -7.00E+04  2.20E-03  1.37E+04  1.76E-03
  7.65E+06  1.84E-08 -6.38E-08 -1.19E-02  1.19E-02 -2.57E-09  2.11E-06  6.79E-26  9.43E-67  2.07E-88 -4.43E-08 -2.32E-14  5.46E-50 -5.01E+07  3.21E-02 -2.50E+05  1.11E-03  1.11E+04  3.25E-04
  7.75E+06  1.52E-09 -5.94E-08 -7.58E-03  7.59E-03 -1.27E-09  3.59E-07  3.02E-27  1.63E-69  1.85E-88 -2.02E-06 -9.70E-15  3.08E-51 -6.45E+07  7.74E-03 -6.72E+05  2.53E-04  9.01E+03  3.82E-05
  7.85E+06  1.48E-10 -5.09E-08 -3.89E-03  3.90E-03 -6.34E-10  6.53E-08  1.67E-28  4.55E-72  1.65E-88 -2.64E-06  4.16E-15  1.78E-52 -6.91E+07  1.82E-03 -1.54E+06  6.84E-05  7.30E+03  4.42E-06
  7.95E+06  1.86E-11 -4.54E-08 -1.86E-03  1.86E-03 -3.06E-10  1.39E-08  1.28E-29  2.50E-74  1.46E-88 -2.54E-06  1.06E-14  1.30E-53 -6.66E+07  4.29E-04 -3.09E+06  3.29E-05  5.91E+03  5.92E-07
  8.05E+06  2.89E-12 -4.21E-08 -8.79E-04  8.81E-04 -1.42E-10  3.39E-09  1.32E-30  2.55E-76  1.27E-88 -2.09E-06  1.08E-14  1.21E-54 -5.94E+07  1.02E-04 -5.53E+06  1.94E-05  4.78E+03  9.89E-08
  8.15E+06  5.32E-13 -4.09E-08 -4.53E-04  4.54E-04 -6.26E-11  9.29E-10  1.71E-31  4.63E-78  1.10E-88 -1.48E-06  8.28E-15  1.39E-55 -4.90E+07  2.43E-05 -8.99E+06  1.12E-05  3.85E+03  2.03E-08
  8.25E+06  1.14E-13 -4.11E-08 -2.98E-04  2.99E-04 -2.62E-11  2.84E-10  2.74E-32  1.79E-79  9.41E-89 -8.32E-07  5.53E-15  1.95E-56 -3.70E+07  5.88E-06 -1.35E+07  6.14E-06  3.10E+03  4.81E-09
  8.35E+06  2.79E-14 -4.25E-08 -2.56E-04  2.56E-04 -1.04E-11  9.56E-11  5.34E-33  1.57E-80  7.94E-89 -2.52E-07  3.44E-15  3.34E-57 -2.51E+07  1.46E-06 -1.89E+07  3.34E-06  2.49E+03  1.25E-09
  8.45E+06  7.76E-15 -4.45E-08 -2.52E-04  2.52E-04 -3.90E-12  3.52E-11  1.24E-33  2.39E-81  6.60E-89  1.86E-07  2.07E-15  6.90E-58 -1.46E+07  3.80E-07 -2.51E+07  1.84E-06  1.99E+03  3.48E-10
  8.55E+06  2.40E-15 -4.69E-08 -2.51E-04  2.51E-04 -1.35E-12  1.41E-11  3.36E-34  5.10E-82  5.40E-89  4.58E-07  1.24E-15  1.72E-58 -6.12E+06  1.05E-07 -3.18E+07  1.02E-06  1.58E+03  1.02E-10
  8.65E+06  8.18E-16 -4.97E-08 -2.44E-04  2.43E-04 -4.28E-13  6.04E-12  1.02E-34  1.41E-82  4.34E-89  5.81E-07  7.49E-16  5.16E-59  1.34E+05  3.11E-08 -3.88E+07  5.70E-07  1.26E+03  3.11E-11
  8.75E+06  3.03E-16 -5.27E-08 -2.27E-04  2.26E-04 -1.10E-13  2.76E-12  3.19E-35  4.87E-83  3.42E-89  5.92E-07  4.55E-16  1.82E-59  4.27E+06  9.85E-09 -4.59E+07  3.23E-07  9.89E+02  9.84E-12
  8.85E+06  1.21E-16 -5.59E-08 -2.03E-04  2.02E-04 -3.42E-14  1.33E-12  7.44E-36  2.03E-83  2.64E-89  5.34E-07  2.79E-16  7.30E-60  6.62E+06  3.31E-09 -5.29E+07  1.84E-07  7.74E+02  3.21E-12
  8.95E+06  5.16E-17 -5.92E-08 -1.75E-04  1.75E-04  9.10E-15  6.75E-13 -2.37E-36  9.65E-84  1.99E-89  4.43E-07  1.72E-16  3.11E-60  7.60E+06  1.16E-09 -5.97E+07  1.06E-07  6.02E+02  1.07E-12
  9.05E+06  2.33E-17 -6.27E-08 -1.47E-04  1.47E-04  6.00E-15  3.56E-13 -6.89E-36  5.00E-84  1.46E-89  3.45E-07  1.06E-16  1.27E-60  7.62E+06  4.22E-10 -6.60E+07  6.15E-08  4.64E+02  3.69E-13
  9.15E+06  1.11E-17 -6.64E-08 -1.20E-04  1.20E-04  3.11E-15  1.95E-13 -9.25E-36  2.72E-84  1.04E-89  2.55E-07  6.30E-17  3.75E-61  7.05E+06  1.56E-10 -7.18E+07  3.60E-08  3.55E+02  1.29E-13
  9.25E+06  5.50E-18 -7.02E-08 -9.55E-05  9.53E-05 -3.33E-15  1.10E-13 -1.07E-35  1.51E-84  7.14E-90  1.81E-07  3.48E-17 -8.74E-62  6.16E+06  5.90E-11 -7.70E+07  2.13E-08  2.69E+02  4.62E-14
  9.35E+06  2.84E-18 -7.41E-08 -7.44E-05  7.44E-05 -1.20E-14  6.41E-14 -1.16E-35  8.43E-85  4.74E-90  1.24E-07  1.52E-17 -3.29E-61  5.15E+06  2.25E-11 -8.17E+07  1.26E-08  2.02E+02  1.68E-14
  9.45E+06  1.52E-18 -7.81E-08 -5.70E-05  5.70E-05 -4.77E-15  3.82E-14 -1.22E-35  4.67E-85  3.01E-90  8.23E-08  4.65E-19 -4.46E-61  4.17E+06  8.65E-12 -8.58E+07  7.56E-09  1.48E+02  6.24E-15
  9.55E+06  8.42E-19 -8.19E-08 -4.29E-05  4.29E-05 -2.66E-15  2.32E-14 -1.27E-35  2.59E-85  1.83E-90  5.30E-08 -1.19E-17 -4.86E-61  3.28E+06  3.36E-12 -8.94E+07  4.55E-09  1.07E+02  2.35E-15
  9.65E+06  4.80E-19 -8.52E-08 -3.18E-05  3.18E-05 -6.66E-15  1.43E-14 -1.30E-35  1.50E-85  1.04E-90  3.30E-08 -2.38E-17 -4.71E-61  2.52E+06  1.31E-12 -9.25E+07  2.74E-09  7.36E+01  8.99E-16
  9.75E+06  2.80E-19 -8.73E-08 -2.30E-05  2.31E-05 -3.77E-15  8.96E-15 -1.30E-35  1.03E-85  5.38E-91  1.94E-08 -3.64E-17 -4.12E-61  1.90E+06  5.14E-13 -9.51E+07  1.66E-09  4.73E+01  3.49E-16
  9.85E+06  1.66E-19 -8.70E-08 -1.56E-05  1.57E-05 -6.66E-16  5.65E-15 -1.26E-35  9.48E-86  2.34E-91  1.00E-08 -4.69E-17 -3.10E-61  1.41E+06  1.95E-13 -9.73E+07  1.00E-09  2.60E+01  1.35E-16
  9.95E+06  9.77E-20 -8.15E-08 -6.84E-06  6.92E-06 -3.89E-16  3.55E-15 -1.15E-35  1.14E-85  5.72E-92  3.02E-09 -3.50E-17 -1.53E-61  9.86E+05  5.17E-14 -9.92E+07  6.00E-10  8.08E+00  3.94E-17
  1.00E+07 -7.02E-24 -1.69E-13 -1.73E-13 -2.19E-14 -3.89E-16 -6.12E-20 -2.45E-40 -2.95E-91  1.09-105 -9.05E-20 -2.07E-26 -3.93E-66 -1.17E-05  5.96E-27 -1.00E+08 -1.26E-18 -5.33E-15  1.58E-29

     Z        N2O5      CO2       SO4AER    S8AER   
  0.00E+00  4.30E-07 -2.31E+11 -7.37E+07  2.95E-20
  5.00E+04 -3.48E+01 -2.12E+11 -5.76E+08 -1.17E-22
  1.50E+05 -1.04E+02 -1.78E+11 -1.54E+09 -1.13E-22
  2.50E+05 -3.11E+02 -1.46E+11 -2.14E+09 -1.10E-22
  3.50E+05 -9.42E+02 -1.17E+11 -2.35E+09 -1.08E-22
  4.50E+05 -2.65E+03 -9.20E+10 -2.38E+09 -1.06E-22
  5.50E+05 -4.43E+03 -7.07E+10 -2.32E+09 -1.04E-22
  6.50E+05 -3.47E+03 -5.45E+10 -2.24E+09 -1.04E-22
  7.50E+05 -2.37E+03 -4.30E+10 -2.16E+09 -1.04E-22
  8.50E+05 -2.48E+03 -3.47E+10 -2.07E+09 -1.05E-22
  9.50E+05 -2.55E+03 -2.78E+10 -1.96E+09 -1.06E-22
  1.05E+06 -2.38E+03 -2.18E+10 -1.78E+09 -1.07E-22
  1.15E+06 -3.14E+03 -1.67E+10 -1.50E+09 -1.04E-22
  1.25E+06 -4.64E+03 -1.29E+10 -1.19E+09 -1.02E-22
  1.35E+06 -9.22E+03 -1.03E+10 -9.19E+08 -1.00E-22
  1.45E+06 -1.88E+04 -8.74E+09 -6.83E+08 -9.81E-23
  1.55E+06 -3.41E+04 -7.68E+09 -4.78E+08 -9.64E-23
  1.65E+06 -5.39E+04 -6.94E+09 -3.08E+08 -9.49E-23
  1.75E+06 -7.26E+04 -6.42E+09 -1.77E+08 -9.37E-23
  1.85E+06 -8.64E+04 -6.03E+09 -8.65E+07 -9.26E-23
  1.95E+06 -9.06E+04 -5.72E+09 -3.44E+07 -9.16E-23
  2.05E+06 -8.17E+04 -5.46E+09 -1.23E+07 -9.07E-23
  2.15E+06 -6.30E+04 -5.22E+09 -4.33E+06 -8.99E-23
  2.25E+06 -3.57E+04 -4.99E+09 -1.52E+06 -8.91E-23
  2.35E+06 -5.81E+03 -4.77E+09 -5.29E+05 -8.82E-23
  2.45E+06  2.10E+04 -4.54E+09 -1.82E+05 -8.75E-23
  2.55E+06  4.11E+04 -4.30E+09 -6.23E+04 -8.67E-23
  2.65E+06  5.14E+04 -4.05E+09 -2.09E+04 -8.59E-23
  2.75E+06  5.39E+04 -3.80E+09 -6.19E+03 -8.51E-23
  2.85E+06  4.98E+04 -3.54E+09  1.68E-08 -8.42E-23
  2.95E+06  4.02E+04 -3.29E+09 -1.86E-08 -8.33E-23
  3.05E+06  3.03E+04 -3.04E+09  3.35E-08 -8.23E-23
  3.15E+06  2.11E+04 -2.79E+09  1.30E-08 -8.13E-23
  3.25E+06  1.34E+04 -2.55E+09 -1.86E-09 -8.03E-23
  3.35E+06  7.83E+03 -2.30E+09  1.30E-08 -7.93E-23
  3.45E+06  4.24E+03 -2.06E+09  1.02E-08 -7.83E-23
  3.55E+06  2.08E+03 -1.82E+09  9.78E-09 -7.74E-23
  3.65E+06  9.29E+02 -1.58E+09  3.73E-09 -7.67E-23
  3.75E+06  3.62E+02 -1.35E+09 -5.12E-09 -7.61E-23
  3.85E+06  1.24E+02 -1.13E+09 -3.49E-09 -7.57E-23
  3.95E+06  3.86E+01 -9.30E+08 -3.49E-09 -7.55E-23
  4.05E+06  1.13E+01 -7.60E+08 -4.19E-09 -7.55E-23
  4.15E+06  3.22E+00 -6.19E+08 -5.12E-09 -7.57E-23
  4.25E+06  9.30E-01 -5.02E+08  8.15E-10 -7.60E-23
  4.35E+06  2.74E-01 -4.08E+08 -1.16E-10 -7.64E-23
  4.45E+06  8.20E-02 -3.31E+08 -1.05E-09 -7.67E-23
  4.55E+06  2.45E-02 -2.69E+08 -8.73E-10 -7.71E-23
  4.65E+06  7.69E-03 -2.16E+08  2.33E-10 -7.75E-23
  4.75E+06  2.44E-03 -1.72E+08  8.15E-10 -7.79E-23
  4.85E+06  7.87E-04 -1.33E+08  6.69E-10 -7.83E-23
  4.95E+06  2.62E-04 -9.68E+07  8.15E-10 -7.87E-23
  5.05E+06  8.90E-05 -6.34E+07  4.66E-10 -7.91E-23
  5.15E+06  3.08E-05 -3.11E+07  1.89E-10 -7.95E-23
  5.25E+06  1.09E-05  6.72E+05 -1.31E-10 -7.99E-23
  5.35E+06  3.97E-06  3.27E+07  7.28E-11 -8.04E-23
  5.45E+06  1.49E-06  6.54E+07  7.28E-12 -8.08E-23
  5.55E+06  5.75E-07  9.91E+07 -2.91E-11 -8.13E-23
  5.65E+06  2.30E-07  1.34E+08 -4.37E-11 -8.18E-23
  5.75E+06  9.46E-08  1.70E+08 -1.09E-11 -8.22E-23
  5.85E+06  4.01E-08  2.08E+08 -1.64E-11 -8.27E-23
  5.95E+06  1.73E-08  2.47E+08  5.46E-12 -8.32E-23
  6.05E+06  7.58E-09  2.89E+08  1.82E-12 -8.37E-23
  6.15E+06  3.36E-09  3.33E+08  2.27E-12 -8.43E-23
  6.25E+06  1.56E-09  3.79E+08  4.55E-13 -8.48E-23
  6.35E+06  8.42E-10  4.30E+08  0.00E+00 -8.54E-23
  6.45E+06  5.95E-10  4.83E+08  3.41E-13 -8.59E-23
  6.55E+06  5.24E-10  5.39E+08  8.53E-14 -8.65E-23
  6.65E+06  4.91E-10  5.95E+08  4.26E-14 -8.71E-23
  6.75E+06  4.44E-10  6.51E+08  7.11E-15 -8.77E-23
  6.85E+06  3.74E-10  7.04E+08 -1.78E-15 -8.83E-23
  6.95E+06  2.90E-10  7.51E+08  0.00E+00 -8.89E-23
  7.05E+06  2.07E-10  7.92E+08 -5.55E-17 -8.95E-23
  7.15E+06  1.34E-10  8.23E+08  0.00E+00 -9.01E-23
  7.25E+06  8.39E-11  8.43E+08  0.00E+00 -9.06E-23
  7.35E+06  3.87E-11  8.51E+08  0.00E+00 -9.05E-23
  7.45E+06  2.31E-11  8.52E+08 -1.69E-21 -9.05E-23
  7.55E+06  1.18E-11  8.41E+08 -1.06E-22 -9.05E-23
  7.65E+06  1.68E-12  7.92E+08  0.00E+00 -9.04E-23
  7.75E+06  1.44E-13  7.24E+08 -1.09E-13 -9.04E-23
  7.85E+06  1.23E-14  6.54E+08 -1.37E-15 -9.04E-23
  7.95E+06  1.51E-15  5.87E+08 -8.67E-18 -9.04E-23
  8.05E+06  3.11E-16  5.25E+08 -2.43E-20 -9.03E-23
  8.15E+06  8.26E-17  4.67E+08 -7.90E-23 -9.03E-23
  8.25E+06  2.30E-17  4.14E+08 -7.53E-23 -9.03E-23
  8.35E+06  6.46E-18  3.66E+08 -7.56E-23 -9.03E-23
  8.45E+06  1.85E-18  3.23E+08 -7.58E-23 -9.02E-23
  8.55E+06  5.44E-19  2.83E+08 -7.61E-23 -9.02E-23
  8.65E+06  1.64E-19  2.47E+08 -7.63E-23 -9.02E-23
  8.75E+06  5.06E-20  2.15E+08 -7.63E-23 -9.01E-23
  8.85E+06  1.60E-20  1.86E+08 -7.63E-23 -9.01E-23
  8.95E+06  5.17E-21  1.60E+08 -7.63E-23 -9.01E-23
  9.05E+06  1.71E-21  1.37E+08 -7.63E-23 -9.01E-23
  9.15E+06  5.74E-22  1.16E+08 -7.62E-23 -9.00E-23
  9.25E+06  1.96E-22  9.76E+07 -7.62E-23 -9.00E-23
  9.35E+06  6.83E-23  8.11E+07 -7.62E-23 -9.00E-23
  9.45E+06  2.41E-23  6.63E+07 -7.62E-23 -8.99E-23
  9.55E+06  8.61E-24  5.29E+07 -7.62E-23 -8.99E-23
  9.65E+06  3.11E-24  4.07E+07 -7.61E-23 -8.99E-23
  9.75E+06  1.13E-24  2.93E+07 -7.61E-23 -8.99E-23
  9.85E+06  4.16E-25  1.81E+07 -7.61E-23 -8.98E-23
  9.95E+06  1.24E-25  6.37E+06 -7.61E-23 -8.98E-23
  1.00E+07 -1.66E-38 -1.82E-06 -7.61E-23 -8.98E-23

 AQUEOUS PHASE SPECIES

     Z      (SO2)g   (H2CO)g  (SO2)aq CH2(OH)2   HCO3-    CO3=     HSO3-    SO3=   CH2OHSO3-   OH-     SO4=      PH
  2.50E+04 6.54E-11 1.79E-10 1.38E-10 1.50E-06 3.79E-07 1.24E-12 1.85E-07 7.60E-10 2.77E-08 2.25E-10 8.25E-06 4.77E+00
  1.25E+05 1.27E-10 1.49E-10 3.26E-10 1.95E-06 3.40E-07 1.02E-12 4.57E-07 1.85E-09 8.92E-08 1.32E-10 8.91E-06 4.73E+00
  2.25E+05 1.74E-10 1.06E-10 5.51E-10 2.29E-06 2.73E-07 6.64E-13 7.31E-07 2.61E-09 1.67E-07 6.59E-11 1.09E-05 4.64E+00
  3.25E+05 2.21E-10 8.01E-11 7.50E-10 2.04E-06 2.08E-07 4.13E-13 8.57E-07 2.57E-09 1.75E-07 4.57E-11 1.35E-05 4.55E+00
  4.25E+05 2.70E-10 6.29E-11 9.16E-10 1.60E-06 1.60E-07 2.70E-13 8.90E-07 2.27E-09 1.43E-07 3.89E-11 1.60E-05 4.48E+00
  5.25E+05 3.20E-10 4.59E-11 1.09E-09 1.17E-06 1.27E-07 1.90E-13 9.31E-07 2.10E-09 1.09E-07 3.43E-11 1.82E-05 4.43E+00
  6.25E+05 3.71E-10 3.01E-11 1.26E-09 7.69E-07 1.05E-07 1.43E-13 9.85E-07 2.02E-09 7.57E-08 3.13E-11 2.00E-05 4.39E+00
  7.25E+05 4.22E-10 1.81E-11 1.43E-09 4.61E-07 8.84E-08 1.12E-13 1.04E-06 2.00E-09 4.82E-08 2.92E-11 2.15E-05 4.36E+00
  8.25E+05 4.67E-10 1.08E-11 1.58E-09 2.76E-07 7.57E-08 9.11E-14 1.10E-06 1.99E-09 3.02E-08 2.77E-11 2.27E-05 4.33E+00
  9.25E+05 5.02E-10 6.84E-12 1.70E-09 1.75E-07 6.56E-08 7.61E-14 1.13E-06 1.99E-09 1.98E-08 2.67E-11 2.35E-05 4.32E+00
  1.02E+06 5.31E-10 4.66E-12 1.80E-09 1.19E-07 5.69E-08 6.43E-14 1.17E-06 1.99E-09 1.39E-08 2.59E-11 2.42E-05 4.30E+00

 NORMAL HENRYS LAW COEFFICIENTS


     Z        O        O2       H2O      H        OH       HO2      H2O2     H2       CO       HCO      H2CO     CH4      CH3      C2H6     NO       NO2      HNO      H2S     
  2.50E+04 0.00E+00 1.61E-03 0.00E+00 0.00E+00 5.68E+01 9.24E+03 2.37E+05 8.37E-04 1.20E-03 0.00E+00 8.40E+03 1.76E-03 0.00E+00 2.63E-03 2.35E-03 1.71E-02 0.00E+00 1.33E-01
  1.25E+05 0.00E+00 1.78E-03 0.00E+00 0.00E+00 7.64E+01 1.36E+04 3.86E+05 8.65E-04 1.31E-03 0.00E+00 1.31E+04 1.95E-03 0.00E+00 3.06E-03 2.59E-03 2.02E-02 0.00E+00 1.51E-01
  2.25E+05 0.00E+00 1.98E-03 0.00E+00 0.00E+00 1.06E+02 2.10E+04 6.63E+05 8.98E-04 1.44E-03 0.00E+00 2.16E+04 2.19E-03 0.00E+00 3.62E-03 2.89E-03 2.42E-02 0.00E+00 1.75E-01
  3.25E+05 0.00E+00 2.06E-03 0.00E+00 0.00E+00 1.19E+02 2.42E+04 7.95E+05 9.09E-04 1.49E-03 0.00E+00 2.55E+04 2.28E-03 0.00E+00 3.83E-03 3.00E-03 2.57E-02 0.00E+00 1.84E-01
  4.25E+05 0.00E+00 2.06E-03 0.00E+00 0.00E+00 1.19E+02 2.42E+04 7.95E+05 9.09E-04 1.49E-03 0.00E+00 2.55E+04 2.28E-03 0.00E+00 3.83E-03 3.00E-03 2.57E-02 0.00E+00 1.84E-01
  5.25E+05 0.00E+00 2.06E-03 0.00E+00 0.00E+00 1.19E+02 2.42E+04 7.95E+05 9.09E-04 1.49E-03 0.00E+00 2.55E+04 2.28E-03 0.00E+00 3.83E-03 3.00E-03 2.57E-02 0.00E+00 1.84E-01
  6.25E+05 0.00E+00 2.06E-03 0.00E+00 0.00E+00 1.19E+02 2.42E+04 7.95E+05 9.09E-04 1.49E-03 0.00E+00 2.55E+04 2.28E-03 0.00E+00 3.83E-03 3.00E-03 2.57E-02 0.00E+00 1.84E-01
  7.25E+05 0.00E+00 2.06E-03 0.00E+00 0.00E+00 1.19E+02 2.42E+04 7.95E+05 9.09E-04 1.49E-03 0.00E+00 2.55E+04 2.28E-03 0.00E+00 3.83E-03 3.00E-03 2.57E-02 0.00E+00 1.84E-01
  8.25E+05 0.00E+00 2.06E-03 0.00E+00 0.00E+00 1.19E+02 2.42E+04 7.95E+05 9.09E-04 1.49E-03 0.00E+00 2.55E+04 2.28E-03 0.00E+00 3.83E-03 3.00E-03 2.57E-02 0.00E+00 1.84E-01
  9.25E+05 0.00E+00 2.06E-03 0.00E+00 0.00E+00 1.19E+02 2.42E+04 7.95E+05 9.09E-04 1.49E-03 0.00E+00 2.55E+04 2.28E-03 0.00E+00 3.83E-03 3.00E-03 2.57E-02 0.00E+00 1.84E-01
  1.02E+06 0.00E+00 2.06E-03 0.00E+00 0.00E+00 1.19E+02 2.42E+04 7.95E+05 9.09E-04 1.49E-03 0.00E+00 2.55E+04 2.28E-03 0.00E+00 3.83E-03 3.00E-03 2.57E-02 0.00E+00 1.84E-01

     Z        HS       S        SO       SO2      H2SO4    HSO      S2       S4       S8       SO3      OCS      S3       O3       HNO3     N        NO3      N2O      HO2NO2  
  2.50E+04 1.00E+05 0.00E+00 1.90E-03 2.11E+00 7.00E+11 9.00E+03 0.00E+00 0.00E+00 0.00E+00 7.00E+11 2.96E-02 0.00E+00 0.00E+00 7.22E+05 0.00E+00 3.80E-02 3.62E-02 3.20E+04
  1.25E+05 1.00E+05 0.00E+00 1.90E-03 2.56E+00 7.00E+11 9.00E+03 0.00E+00 0.00E+00 0.00E+00 7.00E+11 3.40E-02 0.00E+00 0.00E+00 1.28E+06 0.00E+00 3.80E-02 4.29E-02 5.03E+04
  2.25E+05 1.00E+05 0.00E+00 1.90E-03 3.16E+00 7.00E+11 9.00E+03 0.00E+00 0.00E+00 0.00E+00 7.00E+11 3.97E-02 0.00E+00 0.00E+00 2.42E+06 0.00E+00 3.80E-02 5.19E-02 8.33E+04
  3.25E+05 1.00E+05 0.00E+00 1.90E-03 3.39E+00 7.00E+11 9.00E+03 0.00E+00 0.00E+00 0.00E+00 7.00E+11 4.18E-02 0.00E+00 0.00E+00 2.99E+06 0.00E+00 3.80E-02 5.53E-02 9.86E+04
  4.25E+05 1.00E+05 0.00E+00 1.90E-03 3.39E+00 7.00E+11 9.00E+03 0.00E+00 0.00E+00 0.00E+00 7.00E+11 4.18E-02 0.00E+00 0.00E+00 2.99E+06 0.00E+00 3.80E-02 5.53E-02 9.86E+04
  5.25E+05 1.00E+05 0.00E+00 1.90E-03 3.39E+00 7.00E+11 9.00E+03 0.00E+00 0.00E+00 0.00E+00 7.00E+11 4.18E-02 0.00E+00 0.00E+00 2.99E+06 0.00E+00 3.80E-02 5.53E-02 9.86E+04
  6.25E+05 1.00E+05 0.00E+00 1.90E-03 3.39E+00 7.00E+11 9.00E+03 0.00E+00 0.00E+00 0.00E+00 7.00E+11 4.18E-02 0.00E+00 0.00E+00 2.99E+06 0.00E+00 3.80E-02 5.53E-02 9.86E+04
  7.25E+05 1.00E+05 0.00E+00 1.90E-03 3.39E+00 7.00E+11 9.00E+03 0.00E+00 0.00E+00 0.00E+00 7.00E+11 4.18E-02 0.00E+00 0.00E+00 2.99E+06 0.00E+00 3.80E-02 5.53E-02 9.86E+04
  8.25E+05 1.00E+05 0.00E+00 1.90E-03 3.39E+00 7.00E+11 9.00E+03 0.00E+00 0.00E+00 0.00E+00 7.00E+11 4.18E-02 0.00E+00 0.00E+00 2.99E+06 0.00E+00 3.80E-02 5.53E-02 9.86E+04
  9.25E+05 1.00E+05 0.00E+00 1.90E-03 3.39E+00 7.00E+11 9.00E+03 0.00E+00 0.00E+00 0.00E+00 7.00E+11 4.18E-02 0.00E+00 0.00E+00 2.99E+06 0.00E+00 3.80E-02 5.53E-02 9.86E+04
  1.02E+06 1.00E+05 0.00E+00 1.90E-03 3.39E+00 7.00E+11 9.00E+03 0.00E+00 0.00E+00 0.00E+00 7.00E+11 4.18E-02 0.00E+00 0.00E+00 2.99E+06 0.00E+00 3.80E-02 5.53E-02 9.86E+04

     Z        N2O5     CO2      SO4AER   S8AER   
  2.50E+04 3.62E-02 0.00E+00 7.00E+11 7.00E+11
  1.25E+05 4.29E-02 0.00E+00 7.00E+11 7.00E+11
  2.25E+05 5.19E-02 0.00E+00 7.00E+11 7.00E+11
  3.25E+05 5.53E-02 0.00E+00 7.00E+11 7.00E+11
  4.25E+05 5.53E-02 0.00E+00 7.00E+11 7.00E+11
  5.25E+05 5.53E-02 0.00E+00 7.00E+11 7.00E+11
  6.25E+05 5.53E-02 0.00E+00 7.00E+11 7.00E+11
  7.25E+05 5.53E-02 0.00E+00 7.00E+11 7.00E+11
  8.25E+05 5.53E-02 0.00E+00 7.00E+11 7.00E+11
  9.25E+05 5.53E-02 0.00E+00 7.00E+11 7.00E+11
  1.02E+06 5.53E-02 0.00E+00 7.00E+11 7.00E+11

 ENHANCEMENTS OF HENRYS LAW COEFFICIENTS


     Z        O        O2       H2O      H        OH       HO2      H2O2     H2       CO       HCO      H2CO     CH4      CH3      C2H6     NO       NO2      HNO      H2S     
  2.50E+04 1.00E+00 1.00E+00 1.00E+00 1.00E+00 1.00E+00 1.00E+00 1.00E+00 1.00E+00 1.00E+00 1.00E+00 1.02E+00 1.00E+00 1.00E+00 1.00E+00 1.00E+00 1.00E+00 1.00E+00 1.01E+00
  1.25E+05 1.00E+00 1.00E+00 1.00E+00 1.00E+00 1.00E+00 1.00E+00 1.00E+00 1.00E+00 1.00E+00 1.00E+00 1.05E+00 1.00E+00 1.00E+00 1.00E+00 1.00E+00 1.00E+00 1.00E+00 1.01E+00
  2.25E+05 1.00E+00 1.00E+00 1.00E+00 1.00E+00 1.00E+00 1.00E+00 1.00E+00 1.00E+00 1.00E+00 1.00E+00 1.07E+00 1.00E+00 1.00E+00 1.00E+00 1.00E+00 1.00E+00 1.00E+00 1.00E+00
  3.25E+05 1.00E+00 1.00E+00 1.00E+00 1.00E+00 1.00E+00 1.00E+00 1.00E+00 1.00E+00 1.00E+00 1.00E+00 1.09E+00 1.00E+00 1.00E+00 1.00E+00 1.00E+00 1.00E+00 1.00E+00 1.00E+00
  4.25E+05 1.00E+00 1.00E+00 1.00E+00 1.00E+00 1.00E+00 1.00E+00 1.00E+00 1.00E+00 1.00E+00 1.00E+00 1.09E+00 1.00E+00 1.00E+00 1.00E+00 1.00E+00 1.00E+00 1.00E+00 1.00E+00
  5.25E+05 1.00E+00 1.00E+00 1.00E+00 1.00E+00 1.00E+00 1.00E+00 1.00E+00 1.00E+00 1.00E+00 1.00E+00 1.09E+00 1.00E+00 1.00E+00 1.00E+00 1.00E+00 1.00E+00 1.00E+00 1.00E+00
  6.25E+05 1.00E+00 1.00E+00 1.00E+00 1.00E+00 1.00E+00 1.00E+00 1.00E+00 1.00E+00 1.00E+00 1.00E+00 1.10E+00 1.00E+00 1.00E+00 1.00E+00 1.00E+00 1.00E+00 1.00E+00 1.00E+00
  7.25E+05 1.00E+00 1.00E+00 1.00E+00 1.00E+00 1.00E+00 1.00E+00 1.00E+00 1.00E+00 1.00E+00 1.00E+00 1.10E+00 1.00E+00 1.00E+00 1.00E+00 1.00E+00 1.00E+00 1.00E+00 1.00E+00
  8.25E+05 1.00E+00 1.00E+00 1.00E+00 1.00E+00 1.00E+00 1.00E+00 1.00E+00 1.00E+00 1.00E+00 1.00E+00 1.11E+00 1.00E+00 1.00E+00 1.00E+00 1.00E+00 1.00E+00 1.00E+00 1.00E+00
  9.25E+05 1.00E+00 1.00E+00 1.00E+00 1.00E+00 1.00E+00 1.00E+00 1.00E+00 1.00E+00 1.00E+00 1.00E+00 1.11E+00 1.00E+00 1.00E+00 1.00E+00 1.00E+00 1.00E+00 1.00E+00 1.00E+00
  1.02E+06 1.00E+00 1.00E+00 1.00E+00 1.00E+00 1.00E+00 1.00E+00 1.00E+00 1.00E+00 1.00E+00 1.00E+00 1.12E+00 1.00E+00 1.00E+00 1.00E+00 1.00E+00 1.00E+00 1.00E+00 1.00E+00

     Z        HS       S        SO       SO2      H2SO4    HSO      S2       S4       S8       SO3      OCS      S3       O3       HNO3     N        NO3      N2O      HO2NO2  
  2.50E+04 1.00E+00 1.00E+00 1.00E+00 1.54E+03 1.00E+00 1.00E+00 1.00E+00 1.00E+00 1.00E+00 1.00E+00 1.00E+00 1.00E+00 1.00E+00 1.00E+00 1.00E+00 1.00E+00 1.00E+00 1.00E+00
  1.25E+05 1.00E+00 1.00E+00 1.00E+00 1.68E+03 1.00E+00 1.00E+00 1.00E+00 1.00E+00 1.00E+00 1.00E+00 1.00E+00 1.00E+00 1.00E+00 1.00E+00 1.00E+00 1.00E+00 1.00E+00 1.00E+00
  2.25E+05 1.00E+00 1.00E+00 1.00E+00 1.64E+03 1.00E+00 1.00E+00 1.00E+00 1.00E+00 1.00E+00 1.00E+00 1.00E+00 1.00E+00 1.00E+00 1.00E+00 1.00E+00 1.00E+00 1.00E+00 1.00E+00
  3.25E+05 1.00E+00 1.00E+00 1.00E+00 1.38E+03 1.00E+00 1.00E+00 1.00E+00 1.00E+00 1.00E+00 1.00E+00 1.00E+00 1.00E+00 1.00E+00 1.00E+00 1.00E+00 1.00E+00 1.00E+00 1.00E+00
  4.25E+05 1.00E+00 1.00E+00 1.00E+00 1.13E+03 1.00E+00 1.00E+00 1.00E+00 1.00E+00 1.00E+00 1.00E+00 1.00E+00 1.00E+00 1.00E+00 1.00E+00 1.00E+00 1.00E+00 1.00E+00 1.00E+00
  5.25E+05 1.00E+00 1.00E+00 1.00E+00 9.61E+02 1.00E+00 1.00E+00 1.00E+00 1.00E+00 1.00E+00 1.00E+00 1.00E+00 1.00E+00 1.00E+00 1.00E+00 1.00E+00 1.00E+00 1.00E+00 1.00E+00
  6.25E+05 1.00E+00 1.00E+00 1.00E+00 8.44E+02 1.00E+00 1.00E+00 1.00E+00 1.00E+00 1.00E+00 1.00E+00 1.00E+00 1.00E+00 1.00E+00 1.00E+00 1.00E+00 1.00E+00 1.00E+00 1.00E+00
  7.25E+05 1.00E+00 1.00E+00 1.00E+00 7.65E+02 1.00E+00 1.00E+00 1.00E+00 1.00E+00 1.00E+00 1.00E+00 1.00E+00 1.00E+00 1.00E+00 1.00E+00 1.00E+00 1.00E+00 1.00E+00 1.00E+00
  8.25E+05 1.00E+00 1.00E+00 1.00E+00 7.13E+02 1.00E+00 1.00E+00 1.00E+00 1.00E+00 1.00E+00 1.00E+00 1.00E+00 1.00E+00 1.00E+00 1.00E+00 1.00E+00 1.00E+00 1.00E+00 1.00E+00
  9.25E+05 1.00E+00 1.00E+00 1.00E+00 6.80E+02 1.00E+00 1.00E+00 1.00E+00 1.00E+00 1.00E+00 1.00E+00 1.00E+00 1.00E+00 1.00E+00 1.00E+00 1.00E+00 1.00E+00 1.00E+00 1.00E+00
  1.02E+06 1.00E+00 1.00E+00 1.00E+00 6.59E+02 1.00E+00 1.00E+00 1.00E+00 1.00E+00 1.00E+00 1.00E+00 1.00E+00 1.00E+00 1.00E+00 1.00E+00 1.00E+00 1.00E+00 1.00E+00 1.00E+00

     Z        N2O5     CO2      SO4AER   S8AER   
  2.50E+04 1.00E+00 1.00E+00 1.00E+00 1.00E+00
  1.25E+05 1.00E+00 1.00E+00 1.00E+00 1.00E+00
  2.25E+05 1.00E+00 1.00E+00 1.00E+00 1.00E+00
  3.25E+05 1.00E+00 1.00E+00 1.00E+00 1.00E+00
  4.25E+05 1.00E+00 1.00E+00 1.00E+00 1.00E+00
  5.25E+05 1.00E+00 1.00E+00 1.00E+00 1.00E+00
  6.25E+05 1.00E+00 1.00E+00 1.00E+00 1.00E+00
  7.25E+05 1.00E+00 1.00E+00 1.00E+00 1.00E+00
  8.25E+05 1.00E+00 1.00E+00 1.00E+00 1.00E+00
  9.25E+05 1.00E+00 1.00E+00 1.00E+00 1.00E+00
  1.02E+06 1.00E+00 1.00E+00 1.00E+00 1.00E+00

 GIORGI AND CHAMEIDES RAINOUT RATES


     Z        O        O2       H2O      H        OH       HO2      H2O2     H2       CO       HCO      H2CO     CH4      CH3      C2H6     NO       NO2      HNO      H2S     
  2.50E+04 0.00E+00 2.70E-13 0.00E+00 0.00E+00 9.50E-09 1.00E-06 2.29E-06 1.40E-13 2.02E-13 0.00E+00 9.54E-07 2.95E-13 0.00E+00 4.42E-13 3.94E-13 2.87E-12 0.00E+00 2.24E-11
  1.25E+05 0.00E+00 3.27E-13 0.00E+00 0.00E+00 1.40E-08 1.34E-06 2.38E-06 1.59E-13 2.41E-13 0.00E+00 1.35E-06 3.59E-13 0.00E+00 5.64E-13 4.77E-13 3.71E-12 0.00E+00 2.80E-11
  2.25E+05 0.00E+00 2.73E-13 0.00E+00 0.00E+00 1.45E-08 1.04E-06 1.33E-06 1.24E-13 1.98E-13 0.00E+00 1.07E-06 3.02E-13 0.00E+00 4.99E-13 3.98E-13 3.33E-12 0.00E+00 2.42E-11
  3.25E+05 0.00E+00 2.03E-13 0.00E+00 0.00E+00 1.16E-08 6.99E-07 8.19E-07 8.97E-14 1.47E-13 0.00E+00 7.19E-07 2.25E-13 0.00E+00 3.78E-13 2.96E-13 2.54E-12 0.00E+00 1.82E-11
  4.25E+05 0.00E+00 1.39E-13 0.00E+00 0.00E+00 7.95E-09 4.93E-07 5.83E-07 6.15E-14 1.01E-13 0.00E+00 5.08E-07 1.54E-13 0.00E+00 2.59E-13 2.03E-13 1.74E-12 0.00E+00 1.25E-11
  5.25E+05 0.00E+00 9.11E-14 0.00E+00 0.00E+00 5.21E-09 3.60E-07 4.49E-07 4.03E-14 6.60E-14 0.00E+00 3.73E-07 1.01E-13 0.00E+00 1.70E-13 1.33E-13 1.14E-12 0.00E+00 8.19E-12
  6.25E+05 0.00E+00 5.71E-14 0.00E+00 0.00E+00 3.27E-09 2.61E-07 3.60E-07 2.52E-14 4.13E-14 0.00E+00 2.73E-07 6.34E-14 0.00E+00 1.06E-13 8.34E-14 7.15E-13 0.00E+00 5.13E-12
  7.25E+05 0.00E+00 3.41E-14 0.00E+00 0.00E+00 1.96E-09 1.82E-07 2.89E-07 1.51E-14 2.47E-14 0.00E+00 1.94E-07 3.79E-14 0.00E+00 6.36E-14 4.99E-14 4.27E-13 0.00E+00 3.06E-12
  8.25E+05 0.00E+00 1.95E-14 0.00E+00 0.00E+00 1.12E-09 1.21E-07 2.29E-07 8.61E-15 1.41E-14 0.00E+00 1.30E-07 2.16E-14 0.00E+00 3.64E-14 2.85E-14 2.44E-13 0.00E+00 1.75E-12
  9.25E+05 0.00E+00 1.06E-14 0.00E+00 0.00E+00 6.12E-10 7.51E-08 1.73E-07 4.70E-15 7.70E-15 0.00E+00 8.23E-08 1.18E-14 0.00E+00 1.99E-14 1.55E-14 1.33E-13 0.00E+00 9.56E-13
  1.02E+06 0.00E+00 5.59E-15 0.00E+00 0.00E+00 3.21E-10 4.28E-08 1.14E-07 2.47E-15 4.04E-15 0.00E+00 4.74E-08 6.21E-15 0.00E+00 1.04E-14 8.17E-15 7.00E-14 0.00E+00 5.02E-13

     Z        HS       S        SO       SO2      H2SO4    HSO      S2       S4       S8       SO3      OCS      S3       O3       HNO3     N        NO3      N2O      HO2NO2  
  2.50E+04 2.18E-06 0.00E+00 3.19E-13 4.61E-07 2.37E-06 9.86E-07 0.00E+00 0.00E+00 0.00E+00 2.37E-06 4.97E-12 0.00E+00 0.00E+00 2.35E-06 0.00E+00 6.37E-12 6.06E-12 1.78E-06
  1.25E+05 2.25E-06 0.00E+00 3.50E-13 6.28E-07 2.42E-06 1.06E-06 0.00E+00 0.00E+00 0.00E+00 2.42E-06 6.26E-12 0.00E+00 0.00E+00 2.40E-06 0.00E+00 6.99E-12 7.89E-12 2.07E-06
  2.25E+05 1.29E-06 0.00E+00 2.62E-13 5.09E-07 1.34E-06 7.23E-07 0.00E+00 0.00E+00 0.00E+00 1.34E-06 5.46E-12 0.00E+00 0.00E+00 1.34E-06 0.00E+00 5.23E-12 7.14E-12 1.28E-06
  3.25E+05 8.04E-07 0.00E+00 1.87E-13 3.29E-07 8.20E-07 4.89E-07 0.00E+00 0.00E+00 0.00E+00 8.20E-07 4.12E-12 0.00E+00 0.00E+00 8.20E-07 0.00E+00 3.75E-12 5.46E-12 8.03E-07
  4.25E+05 5.72E-07 0.00E+00 1.29E-13 1.97E-07 5.84E-07 3.41E-07 0.00E+00 0.00E+00 0.00E+00 5.84E-07 2.83E-12 0.00E+00 0.00E+00 5.84E-07 0.00E+00 2.57E-12 3.74E-12 5.71E-07
  5.25E+05 4.35E-07 0.00E+00 8.43E-14 1.17E-07 4.50E-07 2.37E-07 0.00E+00 0.00E+00 0.00E+00 4.50E-07 1.85E-12 0.00E+00 0.00E+00 4.50E-07 0.00E+00 1.69E-12 2.45E-12 4.35E-07
  6.25E+05 3.40E-07 0.00E+00 5.28E-14 6.80E-08 3.62E-07 1.61E-07 0.00E+00 0.00E+00 0.00E+00 3.62E-07 1.16E-12 0.00E+00 0.00E+00 3.61E-07 0.00E+00 1.06E-12 1.54E-12 3.39E-07
  7.25E+05 2.61E-07 0.00E+00 3.15E-14 3.84E-08 2.93E-07 1.04E-07 0.00E+00 0.00E+00 0.00E+00 2.93E-07 6.93E-13 0.00E+00 0.00E+00 2.92E-07 0.00E+00 6.31E-13 9.18E-13 2.61E-07
  8.25E+05 1.94E-07 0.00E+00 1.80E-14 2.11E-08 2.35E-07 6.43E-08 0.00E+00 0.00E+00 0.00E+00 2.35E-07 3.96E-13 0.00E+00 0.00E+00 2.34E-07 0.00E+00 3.60E-13 5.24E-13 1.94E-07
  9.25E+05 1.36E-07 0.00E+00 9.84E-15 1.12E-08 1.81E-07 3.74E-08 0.00E+00 0.00E+00 0.00E+00 1.81E-07 2.16E-13 0.00E+00 0.00E+00 1.79E-07 0.00E+00 1.97E-13 2.86E-13 1.35E-07
  1.02E+06 8.39E-08 0.00E+00 5.17E-15 5.79E-09 1.21E-07 2.04E-08 0.00E+00 0.00E+00 0.00E+00 1.21E-07 1.14E-13 0.00E+00 0.00E+00 1.19E-07 0.00E+00 1.03E-13 1.50E-13 8.36E-08

     Z        N2O5     CO2      SO4AER   S8AER   
  2.50E+04 6.06E-12 0.00E+00 2.37E-06 2.37E-06
  1.25E+05 7.89E-12 0.00E+00 2.42E-06 2.42E-06
  2.25E+05 7.14E-12 0.00E+00 1.34E-06 1.34E-06
  3.25E+05 5.46E-12 0.00E+00 8.20E-07 8.20E-07
  4.25E+05 3.74E-12 0.00E+00 5.84E-07 5.84E-07
  5.25E+05 2.45E-12 0.00E+00 4.50E-07 4.50E-07
  6.25E+05 1.54E-12 0.00E+00 3.62E-07 3.62E-07
  7.25E+05 9.18E-13 0.00E+00 2.93E-07 2.93E-07
  8.25E+05 5.24E-13 0.00E+00 2.35E-07 2.35E-07
  9.25E+05 2.86E-13 0.00E+00 1.81E-07 1.81E-07
  1.02E+06 1.50E-13 0.00E+00 1.21E-07 1.21E-07

 RAINOUT RATE, PHIDEP, TLOSS, LOWER B.C. and vdep

 FOLLOWED BY TP, TL, FUP, FLOW, CON


     Z        O        O2       H2O      H        OH       HO2      H2O2     H2       CO       HCO      H2CO     CH4      CH3      C2H6     NO       NO2      HNO      H2S     
           0.00E+00 1.14E+11 0.00E+00 0.00E+00 7.08E+03 1.11E+08 1.78E+10 6.78E+05 1.99E+05 0.00E+00 1.81E+09 5.37E+06 0.00E+00 6.39E-13 1.15E+01 1.20E+02 0.00E+00 8.74E+02
           3.22E+03 0.00E+00 0.00E+00 4.60E-01 9.68E+05 2.65E+08 5.25E+09 3.17E+09 3.29E+08 1.77E-02 1.07E+09 0.00E+00 1.63E-01 0.00E+00 1.24E+04 2.22E+05 4.30E+02 4.81E+06
           3.22E+03 1.14E+11 0.00E+00 4.60E-01 9.75E+05 3.76E+08 2.31E+10 3.17E+09 3.29E+08 1.77E-02 2.88E+09 5.37E+06 1.63E-01 6.39E-13 1.24E+04 2.22E+05 4.30E+02 4.81E+06
              0        1        0        0        0        0        0        1        1        0        0        1        0        0        0        0        0        2
           1.00E+00 0.00E+00 0.00E+00 1.00E+00 1.00E+00 1.00E+00 2.00E-01 2.40E-04 1.20E-04 1.00E+00 2.00E-01 0.00E+00 1.00E+00 0.00E+00 3.00E-04 3.00E-03 1.00E+00 2.00E-02

           2.29E+15 2.32E+15 5.15E+10 2.64E+12 3.24E+12 2.50E+12 8.20E+10 4.69E+10 9.66E+10 4.85E+10 9.60E+10 2.52E+03 9.59E+10 4.88E-01 1.51E+13 1.51E+13 2.43E+05 9.82E+05
           2.29E+15 2.33E+15 3.81E+10 2.64E+12 3.24E+12 2.50E+12 7.68E+10 3.20E+10 2.33E+11 4.85E+10 9.49E+10 9.61E+10 9.59E+10 4.88E-01 1.51E+13 1.51E+13 2.43E+05 2.01E+08
          -1.83E-03-9.54E-05-3.64E-10 1.11E+08 3.50E-06 1.44E-07 1.38E-20 1.21E+08-1.61E-04-2.93E-09-1.43E-09 1.18E-11-1.42E-09 3.66E-19-8.67E-09-2.62E-12 1.15E-15-7.30E-37
          -3.21E+03 4.07E+11 1.07E+13-6.23E-01-9.68E+05-2.65E+08-5.25E+09-1.48E+10 1.37E+11-4.96E-02-1.07E+09 9.61E+10-2.39E-01-3.32E-19-1.24E+04-2.22E+05-4.30E+02 2.00E+08
          -5.57E+03-5.50E+03 1.08E+13-3.12E-01-2.06E+00-2.05E-01 1.23E-01-5.99E-02-8.96E-01-1.79E-01 2.02E-01-6.86E-01-8.48E-02-4.06E-14-2.55E+01 2.55E+01 3.14E-07 4.37E-04

     Z        HS       S        SO       SO2      H2SO4    HSO      S2       S4       S8       SO3      OCS      S3       O3       HNO3     N        NO3      N2O      HO2NO2  
           2.53E+02 0.00E+00 1.19E-06 8.83E+08 1.88E+08 3.61E+06 0.00E+00 0.00E+00 0.00E+00 1.73E+01 3.32E-08 0.00E+00 0.00E+00 4.03E+08 0.00E+00 1.31E-02 2.05E+07 3.51E+07
           0.00E+00 0.00E+00 0.00E+00 1.76E+09 9.53E+07 1.84E+07 0.00E+00 0.00E+00 0.00E+00 0.00E+00 0.00E+00 0.00E+00 1.84E+10 7.38E+07 0.00E+00 0.00E+00 0.00E+00 3.15E+05
           2.53E+02 0.00E+00 1.19E-06 2.64E+09 2.83E+08 2.20E+07 0.00E+00 0.00E+00 0.00E+00 1.73E+01 3.32E-08 0.00E+00 1.84E+10 4.77E+08 0.00E+00 1.31E-02 2.05E+07 3.54E+07
              0        0        0        3        0        0        0        0        0        0        0        0        0        0        0        0        1        0
           0.00E+00 0.00E+00 0.00E+00 1.00E+00 1.00E+00 1.00E+00 0.00E+00 0.00E+00 0.00E+00 0.00E+00 0.00E+00 0.00E+00 7.00E-02 2.00E-01 0.00E+00 0.00E+00 0.00E+00 2.00E-01

           1.74E+08 1.44E+03 7.51E+08 6.36E+11 6.54E+09 1.49E+08 3.72E-15 5.65E-37 1.57E-87 6.54E+09 2.26E-05 5.88E-34 2.28E+15 1.18E+10 9.47E+07 2.76E+10 2.09E+06 2.08E+10
           1.74E+08 1.44E+03 7.51E+08 6.44E+11 6.44E+09 1.31E+08 3.72E-15 5.65E-37 1.57E-87 6.54E+09 2.26E-05 5.88E-34 2.28E+15 1.17E+10 1.95E+08 2.76E+10 2.27E+09 2.08E+10
          -7.02E-24-1.69E-13-1.73E-13-2.19E-14-3.89E-16-6.12E-20-2.45E-40-2.95E-91 1.09-105-9.05E-20-2.07E-26-3.93E-66-1.17E-05 5.96E-27-1.00E+08-1.26E-18-5.33E-15 1.58E-29
          -3.16E-04-7.93E-12-1.84E-04-1.76E+09-9.53E+07-1.84E+07-4.14E-26-6.95E-48-4.82E-99-2.01E-04-5.61E-17-8.23E-45-1.84E+10-7.38E+07 3.03-123 2.14E-04 2.26E+09-3.15E+05
          -3.16E-04-2.84E-08-1.70E-02-9.00E+09 3.43E-05 5.83E-05-4.46E-27-6.22E-48-3.12E-97-2.10E-04 6.29E-13-7.63E-45 5.55E+03 6.77E-02-1.08E-05 2.71E-02 1.07E-02 2.51E-02

     Z        N2O5     CO2      SO4AER   S8AER   
           5.88E-03 0.00E+00 6.18E+09 1.71E-19
           0.00E+00 2.31E+11 6.11E+07 2.61E-21
           5.88E-03 2.31E+11 6.24E+09 1.74E-19
              0        3        0        0
           0.00E+00 5.00E-05 1.25E-02 1.05E-02

           1.83E+08 2.33E+11 6.25E+09 0.00E+00
           1.83E+08 3.39E+09 6.18E+09 1.71E-19
          -1.66E-38-1.82E-06-7.61E-23-8.98E-23
           4.30E-07-2.31E+11-7.37E+07 2.95E-20
           9.21E-04-6.87E+08-1.80E-04-1.42E-19

 CONSERVATION OF SULFUR:
     S loss = 9.200E+09  S prod = 9.200000E+09  SO4LOS = 6.523212E+09  8 S8LOSS = 1.391571E-18  sulrain = 7.253E+09   Difference = 1.520E-02

                    OxidOut = -2.0549E-03
                    RedOut  =  1.7690E+08
                       / \
                      /\
  OxidUp = 1.9640E-06 |
  RedUp  = 1.7690E+08 | |
-----------------------|-|----------------
                       | | OxidDown = -2.0569E-03
                         | RedDown  = -1.6137E-04
                         \/
/\
 | OxidDist = 0.0000E+00
 | RedDist  = 0.0000E+00
 |                             /\
 | | OxidRain = 2.5322E+11     | OxidAtm = 8.1529E+11
 | | RedRain  = 3.6474E+09     | RedAtm  = 5.2182E+11
---|--------------------------|-|---------
  \/  OxidOcean = -6.1104E+10| |
      RedOcean  = -1.7025E+10|
                             \/
                              \ /
                         OxidFlow =  7.5419E+11
                         RedFlow  =  5.0480E+11

    global imbalance (ocean)    =  1.7690E+08
    global imbalance (dist-fup) =  1.7690E+08

old redox budget numbers:
     OxidIn = 7.541908E+11  OxidOut =-2.054940E-03  RedIn = 5.047974E+11  RedOut = 1.769016E+08  RedRain = 3.647415E+09  OxidRain = 2.532178E+11   redox =-1.243562E+02

 INTEGRATED REACTION RATES

         1         2         3         4         5         6         7         8         9        10
  1   6.804E+10 1.205E+09 5.330E+07 3.071E+10 6.353E+11 1.989E+12 1.463E+09 3.392E+08 1.526E+10 2.338E+12   10
 11   5.226E+10 4.196E+11 1.841E+12 1.183E+11 8.201E+10 2.377E+10 4.752E+10 2.285E+15 5.912E+11 6.094E+08   20
 21   6.353E+14 3.416E+13 2.990E+11 3.761E+12 8.987E+09 4.635E+08 6.951E+08 6.692E+14 1.599E+15 2.895E+11   30
 31   1.778E+04 2.172E+04 5.633E-06 2.890E+02 1.323E+06 1.323E+06 3.521E+10 1.556E+09 1.837E+09 2.335E+11   40
 41   1.388E+06 4.467E+10 2.728E+10 6.135E+03 1.396E+05 1.025E+06 4.853E+10 2.076E+10 8.618E+05 3.097E+07   50
 51   4.307E+08 2.121E+06 4.573E+09 5.778E+07 6.266E+07 1.063E+07 0.000E+00 7.694E-02 5.926E+09 8.019E+09   60
 61   3.971E+08 2.851E+08 9.473E+07 1.293E+09 1.395E+13 9.422E+10 1.577E+09 1.051E+08 2.461E+01 7.553E+06   70
 71   5.024E+07 2.640E+02 4.000E-08 6.004E+07 9.588E+10 3.530E+07 4.882E-01 1.754E+04 2.519E+03 2.529E-03   80
 81   1.983E-06 1.405E-04 3.936E+04 1.921E+03 1.052E+08 1.511E+05 2.021E+07 6.546E+07 1.480E+13 6.940E+09   90
 91   2.847E+11 5.295E+09 1.138E+12 1.178E+10 4.004E+07 2.600E+09 4.206E+02 1.988E+05 1.826E+01 3.749E+04  100
101   6.443E+03 6.561E+07 5.236E+07 3.120E+03 1.102E+03 8.317E+05 2.392E+03 3.678E-01 3.459E-02 8.922E-03  110
111   6.720E-05 2.123E-02 1.253E-06 1.749E-13 4.296E-18 3.900E-01 1.443E+03 6.126E+02 5.725E+08 6.300E+11  120
121   5.596E+09 6.613E+08 1.681E+05 4.283E+03 1.003E+05 6.530E+09 5.073E+06 6.536E+09 6.530E+09 3.850E-01  130
131   2.215E-07 3.411E-01 1.739E+08 1.291E+01 2.197E+03 9.062E+01 5.075E+07 3.277E+05 1.331E+00 4.661E-05  140
141   1.412E-03 3.717E-15 1.444E+03 7.368E-06 1.178E-13 4.729E-07 4.729E-07 7.920E-26 0.000E+00 6.516E-18  150
151   5.997E+05 3.711E-15 0.000E+00 5.877E-34 5.648E-37 4.227E-56 1.565E-87 5.648E-37 5.877E-34 0.000E+00  160
161   0.000E+00 1.565E-87 7.576E+02 5.726E+10 5.726E+11 1.389E+07 2.037E+08 2.405E+05 1.630E+02 6.279E+10  170
171   7.399E+07 2.077E+01 1.789E+07 7.107E+07 6.875E+05 1.215E+08 6.938E+05 3.191E-01 3.842E-03 9.483E-03  180
181   2.501E-08 1.681E+05 1.243E-05 2.983E-04 6.626E+02 2.034E+05 1.265E+08 4.067E+01 2.033E+01 5.428E+04  190
191   6.553E+05 4.711E-10 0.000E+00 3.069E-11 2.258E-05 1.717E-06 6.348E-12 8.644E-20 1.275E-05 9.423E-13  200
201   6.737E-10 8.073E-06 2.690E+07 0.000E+00 2.710E+07 6.094E-20 9.509E-38 0.000E+00 0.000E+00 6.094E-20  210
211   1.368E+08 8.170E+06 5.793E+09 1.505E+10 1.418E+07 2.509E+09 1.897E+10 2.087E+06 0.000E+00 4.097E+07  220
221   6.411E+07 2.141E+09 1.630E+06 2.755E+04 1.827E+08 4.931E+05 3.053E+04 9.096E+09 2.422E-01 2.075E+10  230
231   6.762E+04 3.651E+09 1.369E+10 2.682E+09 6.912E+08 3.367E+07 1.486E+08 1.524E+06 1.353E+07
         1         2         3         4         5         6         7         8         9        10

 PHOTOCHEMICAL EQUILIBRIUM AND INERT SPECIES

     Z        HNO2     O1D      CH21     CH23     C2H5     SO21     SO23     HSO3     OCS2     N2      
  2.50E+04 6.04E+05 2.26E-03 8.52E-24 5.62E-22 8.90E-20 2.33E-04 1.75E-03 4.02E-03 2.26E-27 2.34E+19
  1.25E+05 6.18E+05 2.85E-03 5.15E-23 3.58E-21 8.73E-20 5.26E-04 3.94E-03 8.64E-03 5.68E-28 2.12E+19
  2.25E+05 6.92E+05 3.66E-03 2.79E-22 2.06E-20 8.56E-20 8.23E-04 6.13E-03 1.32E-02 1.33E-28 1.93E+19
  3.25E+05 8.03E+05 4.74E-03 1.26E-21 9.89E-20 8.17E-20 1.14E-03 8.43E-03 1.79E-02 2.87E-29 1.75E+19
  4.25E+05 9.22E+05 6.07E-03 4.69E-21 3.93E-19 7.53E-20 1.48E-03 1.09E-02 2.26E-02 5.93E-30 1.58E+19
  5.25E+05 9.21E+05 7.61E-03 1.38E-20 1.25E-18 6.41E-20 1.86E-03 1.37E-02 2.64E-02 1.20E-30 1.43E+19
  6.25E+05 6.84E+05 9.34E-03 3.07E-20 3.04E-18 4.80E-20 2.28E-03 1.68E-02 2.74E-02 2.93E-31 1.29E+19
  7.25E+05 4.47E+05 1.13E-02 5.52E-20 6.09E-18 3.31E-20 2.73E-03 2.01E-02 2.64E-02 2.58E-31 1.17E+19
  8.25E+05 4.16E+05 1.34E-02 9.37E-20 1.17E-17 2.42E-20 3.18E-03 2.34E-02 2.71E-02 1.15E-30 1.05E+19
  9.25E+05 5.59E+05 1.57E-02 1.59E-19 2.27E-17 1.97E-20 3.61E-03 2.64E-02 3.09E-02 8.59E-30 9.48E+18
  1.02E+06 7.80E+05 1.85E-02 2.73E-19 4.45E-17 1.71E-20 4.02E-03 2.94E-02 3.63E-02 6.25E-29 8.45E+18
  1.12E+06 8.99E+05 2.42E-02 6.10E-19 1.02E-16 1.72E-20 4.58E-03 3.34E-02 3.89E-02 2.96E-28 7.27E+18
  1.22E+06 1.02E+06 3.94E-02 1.19E-18 2.01E-16 1.72E-20 5.63E-03 4.11E-02 4.06E-02 1.33E-27 6.24E+18
  1.32E+06 1.04E+06 6.95E-02 2.16E-18 3.69E-16 1.85E-20 7.09E-03 5.16E-02 4.08E-02 5.41E-27 5.34E+18
  1.42E+06 1.07E+06 1.32E-01 4.10E-18 6.97E-16 2.44E-20 8.86E-03 6.44E-02 4.15E-02 2.05E-26 4.56E+18
  1.52E+06 1.10E+06 2.24E-01 8.69E-18 1.47E-15 3.73E-20 1.00E-02 7.28E-02 4.19E-02 6.67E-26 3.89E+18
  1.62E+06 1.16E+06 3.57E-01 1.94E-17 3.26E-15 6.12E-20 1.03E-02 7.43E-02 3.98E-02 1.89E-25 3.31E+18
  1.72E+06 1.27E+06 5.35E-01 4.52E-17 7.54E-15 1.03E-19 9.36E-03 6.75E-02 3.50E-02 4.58E-25 2.83E+18
  1.82E+06 1.42E+06 7.62E-01 1.09E-16 1.80E-14 1.76E-19 7.34E-03 5.27E-02 2.72E-02 8.93E-25 2.42E+18
  1.92E+06 1.64E+06 1.05E+00 2.66E-16 4.37E-14 3.09E-19 4.47E-03 3.20E-02 1.69E-02 1.23E-24 2.06E+18
  2.02E+06 1.92E+06 1.41E+00 6.60E-16 1.07E-13 5.50E-19 1.90E-03 1.35E-02 7.42E-03 1.05E-24 1.76E+18
  2.12E+06 2.25E+06 1.87E+00 1.65E-15 2.65E-13 9.97E-19 7.49E-04 5.30E-03 3.07E-03 7.30E-25 1.50E+18
  2.22E+06 2.63E+06 2.45E+00 4.10E-15 6.50E-13 1.84E-18 2.91E-04 2.05E-03 1.26E-03 4.35E-25 1.28E+18
  2.32E+06 3.01E+06 3.18E+00 1.01E-14 1.57E-12 3.46E-18 1.13E-04 7.90E-04 5.13E-04 2.26E-25 1.09E+18
  2.42E+06 3.36E+06 4.12E+00 2.45E-14 3.74E-12 6.57E-18 4.38E-05 3.05E-04 2.07E-04 1.03E-25 9.35E+17
  2.52E+06 3.62E+06 5.32E+00 5.80E-14 8.70E-12 1.26E-17 1.71E-05 1.18E-04 8.21E-05 4.15E-26 7.98E+17
  2.62E+06 3.73E+06 6.84E+00 1.34E-13 1.96E-11 2.41E-17 6.78E-06 4.67E-05 3.22E-05 1.48E-26 6.82E+17
  2.72E+06 3.68E+06 8.78E+00 3.00E-13 4.30E-11 4.65E-17 2.75E-06 1.88E-05 1.25E-05 4.70E-27 5.83E+17
  2.82E+06 3.47E+06 1.12E+01 6.56E-13 9.13E-11 8.96E-17 1.16E-06 7.89E-06 4.91E-06 1.35E-27 4.98E+17
  2.92E+06 3.12E+06 1.42E+01 1.39E-12 1.88E-10 1.74E-16 5.10E-07 3.46E-06 1.96E-06 3.50E-28 4.26E+17
  3.02E+06 2.68E+06 1.80E+01 2.89E-12 3.77E-10 3.42E-16 2.34E-07 1.58E-06 7.95E-07 7.97E-29 3.64E+17
  3.12E+06 2.23E+06 2.25E+01 5.87E-12 7.35E-10 6.78E-16 1.13E-07 7.56E-07 3.34E-07 1.64E-29 3.12E+17
  3.22E+06 1.82E+06 2.80E+01 1.16E-11 1.40E-09 1.37E-15 5.75E-08 3.84E-07 1.48E-07 3.05E-30 2.67E+17
  3.32E+06 1.45E+06 3.44E+01 2.25E-11 2.60E-09 2.82E-15 3.08E-08 2.04E-07 6.86E-08 5.02E-31 2.29E+17
  3.42E+06 1.15E+06 4.20E+01 4.22E-11 4.68E-09 5.90E-15 1.75E-08 1.15E-07 3.40E-08 7.49E-32 1.97E+17
  3.52E+06 9.02E+05 5.09E+01 7.64E-11 8.17E-09 1.25E-14 1.06E-08 6.99E-08 1.82E-08 1.04E-32 1.70E+17
  3.62E+06 7.02E+05 6.11E+01 1.32E-10 1.37E-08 2.62E-14 7.07E-09 4.62E-08 1.07E-08 1.37E-33 1.47E+17
  3.72E+06 5.36E+05 7.21E+01 2.16E-10 2.17E-08 5.43E-14 5.20E-09 3.37E-08 6.95E-09 1.81E-34 1.27E+17
  3.82E+06 3.95E+05 8.26E+01 3.27E-10 3.24E-08 1.10E-13 4.18E-09 2.69E-08 4.86E-09 2.41E-35 1.11E+17
  3.92E+06 2.81E+05 9.09E+01 4.57E-10 4.49E-08 2.17E-13 3.60E-09 2.30E-08 3.59E-09 3.31E-36 9.67E+16
  4.02E+06 1.93E+05 9.64E+01 5.96E-10 5.85E-08 4.18E-13 3.27E-09 2.07E-08 2.77E-09 5.24E-37 8.47E+16
  4.12E+06 1.30E+05 9.89E+01 7.32E-10 7.24E-08 7.88E-13 3.07E-09 1.93E-08 2.20E-09 1.34E-37 7.44E+16
  4.22E+06 8.63E+04 9.89E+01 8.60E-10 8.64E-08 1.44E-12 2.95E-09 1.84E-08 1.78E-09 7.71E-38 6.55E+16
  4.32E+06 5.66E+04 9.67E+01 9.85E-10 1.01E-07 2.51E-12 2.88E-09 1.78E-08 1.47E-09 7.07E-38 5.77E+16
  4.42E+06 3.67E+04 9.28E+01 1.12E-09 1.16E-07 4.18E-12 2.84E-09 1.73E-08 1.21E-09 7.33E-38 5.07E+16
  4.52E+06 2.37E+04 8.76E+01 1.26E-09 1.35E-07 6.70E-12 2.82E-09 1.69E-08 1.01E-09 7.83E-38 4.46E+16
  4.62E+06 1.52E+04 8.17E+01 1.43E-09 1.62E-07 1.03E-11 2.80E-09 1.66E-08 8.35E-10 8.47E-38 3.92E+16
  4.72E+06 9.79E+03 7.54E+01 1.68E-09 2.27E-07 1.52E-11 2.78E-09 1.62E-08 6.95E-10 9.22E-38 3.44E+16
  4.82E+06 6.31E+03 6.90E+01 2.22E-09 4.34E-07 2.18E-11 2.77E-09 1.59E-08 5.80E-10 1.01E-37 3.02E+16
  4.92E+06 4.09E+03 6.26E+01 3.65E-09 1.09E-06 3.03E-11 2.75E-09 1.55E-08 4.85E-10 1.10E-37 2.64E+16
  5.02E+06 2.66E+03 5.63E+01 7.34E-09 2.95E-06 4.09E-11 2.73E-09 1.50E-08 4.07E-10 1.19E-37 2.32E+16
  5.12E+06 1.74E+03 5.03E+01 1.61E-08 7.54E-06 5.40E-11 2.70E-09 1.45E-08 3.42E-10 1.29E-37 2.03E+16
  5.22E+06 1.15E+03 4.47E+01 3.46E-08 1.76E-05 7.00E-11 2.66E-09 1.39E-08 2.88E-10 1.39E-37 1.77E+16
  5.32E+06 7.60E+02 3.94E+01 7.09E-08 3.72E-05 8.94E-11 2.62E-09 1.33E-08 2.43E-10 1.48E-37 1.55E+16
  5.42E+06 5.07E+02 3.46E+01 1.44E-07 7.31E-05 1.13E-10 2.57E-09 1.26E-08 2.06E-10 1.57E-37 1.35E+16
  5.52E+06 3.41E+02 3.03E+01 3.23E-07 1.41E-04 1.41E-10 2.52E-09 1.19E-08 1.74E-10 1.66E-37 1.18E+16
  5.62E+06 2.31E+02 2.64E+01 8.92E-07 2.91E-04 1.74E-10 2.45E-09 1.12E-08 1.48E-10 1.73E-37 1.03E+16
  5.72E+06 1.58E+02 2.29E+01 2.80E-06 6.85E-04 2.15E-10 2.38E-09 1.04E-08 1.26E-10 1.78E-37 8.95E+15
  5.82E+06 1.10E+02 1.97E+01 8.65E-06 1.78E-03 2.64E-10 2.30E-09 9.66E-09 1.07E-10 1.83E-37 7.78E+15
  5.92E+06 7.83E+01 1.67E+01 2.42E-05 4.60E-03 3.26E-10 2.21E-09 8.87E-09 9.31E-11 1.87E-37 6.77E+15
  6.02E+06 5.76E+01 1.40E+01 6.02E-05 1.11E-02 4.10E-10 2.11E-09 8.09E-09 8.26E-11 1.90E-37 5.88E+15
  6.12E+06 4.44E+01 1.13E+01 1.33E-04 2.45E-02 5.28E-10 2.01E-09 7.33E-09 7.56E-11 1.95E-37 5.10E+15
  6.22E+06 3.57E+01 8.99E+00 2.62E-04 4.90E-02 7.02E-10 1.91E-09 6.61E-09 7.16E-11 2.02E-37 4.42E+15
  6.32E+06 2.99E+01 7.05E+00 4.68E-04 8.92E-02 9.54E-10 1.81E-09 5.93E-09 6.96E-11 2.11E-37 3.83E+15
  6.42E+06 2.55E+01 5.57E+00 7.65E-04 1.49E-01 1.31E-09 1.70E-09 5.30E-09 6.82E-11 2.20E-37 3.31E+15
  6.52E+06 2.20E+01 4.49E+00 1.15E-03 2.29E-01 1.79E-09 1.60E-09 4.71E-09 6.66E-11 2.29E-37 2.87E+15
  6.62E+06 1.88E+01 3.74E+00 1.61E-03 3.28E-01 2.42E-09 1.50E-09 4.18E-09 6.40E-11 2.34E-37 2.47E+15
  6.72E+06 1.60E+01 3.22E+00 2.11E-03 4.41E-01 3.17E-09 1.39E-09 3.68E-09 6.03E-11 2.37E-37 2.13E+15
  6.82E+06 1.35E+01 2.87E+00 2.62E-03 5.60E-01 4.01E-09 1.29E-09 3.22E-09 5.53E-11 2.36E-37 1.84E+15
  6.92E+06 1.11E+01 2.64E+00 3.07E-03 6.73E-01 4.85E-09 1.18E-09 2.80E-09 4.93E-11 2.34E-37 1.58E+15
  7.02E+06 8.98E+00 2.50E+00 3.44E-03 7.74E-01 5.53E-09 1.07E-09 2.42E-09 4.26E-11 2.33E-37 1.36E+15
  7.12E+06 7.10E+00 2.42E+00 3.70E-03 8.54E-01 5.93E-09 9.66E-10 2.08E-09 3.55E-11 2.35E-37 1.17E+15
  7.22E+06 5.48E+00 2.38E+00 3.83E-03 9.08E-01 5.97E-09 8.61E-10 1.77E-09 2.85E-11 2.42E-37 1.00E+15
  7.32E+06 4.03E+00 2.32E+00 3.85E-03 9.13E-01 6.02E-09 7.55E-10 1.49E-09 2.11E-11 2.54E-37 8.54E+14
  7.42E+06 3.13E+00 2.24E+00 3.77E-03 8.93E-01 6.19E-09 6.61E-10 1.25E-09 1.65E-11 2.64E-37 7.28E+14
  7.52E+06 1.98E+00 2.57E+00 3.60E-03 8.54E-01 5.06E-09 5.52E-10 1.00E-09 9.93E-12 3.38E-37 6.20E+14
  7.62E+06 7.20E-01 4.14E+00 3.38E-03 8.00E-01 2.66E-09 4.01E-10 7.05E-10 3.04E-12 5.72E-37 5.28E+14
  7.72E+06 2.48E-01 7.15E+00 3.13E-03 7.37E-01 1.93E-09 2.68E-10 4.58E-10 8.38E-13 7.67E-37 4.49E+14
  7.82E+06 9.60E-02 1.13E+01 2.86E-03 6.66E-01 1.85E-09 1.85E-10 3.07E-10 2.75E-13 7.41E-37 3.83E+14
  7.92E+06 3.94E-02 1.62E+01 2.60E-03 5.90E-01 1.69E-09 1.36E-10 2.20E-10 1.05E-13 5.68E-37 3.26E+14
  8.02E+06 1.65E-02 2.15E+01 2.34E-03 5.13E-01 1.41E-09 1.06E-10 1.68E-10 4.42E-14 3.78E-37 2.78E+14
  8.12E+06 6.90E-03 2.70E+01 2.09E-03 4.34E-01 1.12E-09 8.52E-11 1.33E-10 1.92E-14 2.32E-37 2.37E+14
  8.22E+06 2.92E-03 3.24E+01 1.86E-03 3.58E-01 8.66E-10 6.99E-11 1.07E-10 8.44E-15 1.37E-37 2.01E+14
  8.32E+06 1.25E-03 3.73E+01 1.63E-03 2.87E-01 6.55E-10 5.76E-11 8.70E-11 3.68E-15 8.01E-38 1.72E+14
  8.42E+06 5.44E-04 4.17E+01 1.43E-03 2.26E-01 4.89E-10 4.70E-11 7.02E-11 1.59E-15 4.76E-38 1.46E+14
  8.52E+06 2.38E-04 4.56E+01 1.24E-03 1.74E-01 3.62E-10 3.80E-11 5.60E-11 6.80E-16 2.90E-38 1.25E+14
  8.62E+06 1.05E-04 4.95E+01 1.07E-03 1.32E-01 2.67E-10 3.02E-11 4.41E-11 2.88E-16 1.83E-38 1.06E+14
  8.72E+06 4.62E-05 5.39E+01 9.16E-04 9.94E-02 1.96E-10 2.36E-11 3.42E-11 1.20E-16 1.18E-38 9.04E+13
  8.82E+06 2.04E-05 5.95E+01 7.82E-04 7.44E-02 1.43E-10 1.81E-11 2.61E-11 4.97E-17 7.91E-39 7.70E+13
  8.92E+06 8.97E-06 6.72E+01 6.65E-04 5.54E-02 1.05E-10 1.37E-11 1.96E-11 2.03E-17 5.44E-39 6.56E+13
  9.02E+06 3.94E-06 7.77E+01 5.64E-04 4.13E-02 7.69E-11 1.02E-11 1.45E-11 8.23E-18 3.84E-39 5.59E+13
  9.12E+06 1.73E-06 9.20E+01 4.78E-04 3.09E-02 5.67E-11 7.46E-12 1.06E-11 3.29E-18 2.78E-39 4.77E+13
  9.22E+06 7.53E-07 1.11E+02 4.06E-04 2.33E-02 4.21E-11 5.37E-12 7.58E-12 1.30E-18 2.07E-39 4.06E+13
  9.32E+06 3.27E-07 1.36E+02 3.46E-04 1.77E-02 3.16E-11 3.80E-12 5.36E-12 5.08E-19 1.57E-39 3.46E+13
  9.42E+06 1.42E-07 1.68E+02 2.97E-04 1.37E-02 2.40E-11 2.65E-12 3.73E-12 1.97E-19 1.23E-39 2.95E+13
  9.52E+06 6.14E-08 2.11E+02 2.59E-04 1.08E-02 1.86E-11 1.82E-12 2.56E-12 7.53E-20 9.89E-40 2.52E+13
  9.62E+06 2.65E-08 2.72E+02 2.30E-04 8.72E-03 1.47E-11 1.24E-12 1.73E-12 2.87E-20 8.23E-40 2.15E+13
  9.72E+06 1.15E-08 3.66E+02 2.10E-04 7.32E-03 1.20E-11 8.25E-13 1.15E-12 1.09E-20 7.13E-40 1.83E+13
  9.82E+06 5.01E-09 5.29E+02 1.99E-04 6.45E-03 1.04E-11 5.45E-13 7.59E-13 4.13E-21 6.43E-40 1.56E+13
  9.92E+06 2.23E-09 8.25E+02 1.99E-04 6.06E-03 9.83E-12 3.62E-13 5.04E-13 1.62E-21 5.88E-40 1.33E+13

 ATMOSPHERIC PARAMETERS

    Z         T         EDD       DEN        P        H2OSAT     H2O       RELH     CONDEN    H FLUX
  2.500E+04 2.859E+02 1.000E+05 2.493E+19 9.836E-01 1.494E-02 1.117E-02 7.478E-01 0.000E+00 3.070E+11
  1.250E+05 2.806E+02 1.000E+05 2.259E+19 8.747E-01 1.181E-02 7.826E-03 6.626E-01 0.000E+00 2.401E+11
  2.250E+05 2.750E+02 1.000E+05 2.045E+19 7.760E-01 8.980E-03 5.259E-03 5.856E-01 0.000E+00 1.835E+11
  3.250E+05 2.693E+02 1.000E+05 1.848E+19 6.867E-01 6.422E-03 3.274E-03 5.098E-01 0.000E+00 1.374E+11
  4.250E+05 2.631E+02 1.000E+05 1.669E+19 6.060E-01 4.258E-03 1.908E-03 4.481E-01 0.000E+00 1.000E+11
  5.250E+05 2.561E+02 1.000E+05 1.508E+19 5.331E-01 2.578E-03 1.012E-03 3.924E-01 0.000E+00 7.172E+10
  6.250E+05 2.484E+02 1.000E+05 1.363E+19 4.672E-01 1.395E-03 4.773E-04 3.421E-01 0.000E+00 5.291E+10
  7.250E+05 2.399E+02 1.000E+05 1.231E+19 4.077E-01 6.676E-04 1.979E-04 2.964E-01 0.000E+00 4.180E+10
  8.250E+05 2.309E+02 1.000E+05 1.111E+19 3.540E-01 2.828E-04 7.222E-05 2.553E-01 0.000E+00 3.515E+10
  9.250E+05 2.215E+02 1.000E+05 9.997E+18 3.056E-01 1.066E-04 2.328E-05 2.184E-01 0.000E+00 3.086E+10
  1.025E+06 2.132E+02 8.000E+04 8.911E+18 2.622E-01 4.234E-05 7.851E-06 1.854E-01 0.000E+00 2.807E+10
  1.125E+06 2.119E+02 3.000E+04 7.670E+18 2.242E-01 4.115E-05 5.396E-06 1.311E-01 2.050E-11 5.794E+12
  1.225E+06 2.110E+02 1.700E+04 6.582E+18 1.916E-01 4.272E-05 4.370E-06 1.023E-01 1.568E-12 3.538E+08
  1.325E+06 2.106E+02 8.000E+03 5.631E+18 1.637E-01 4.768E-05 4.388E-06 9.202E-02 0.000E+00 3.538E+08
  1.425E+06 2.108E+02 5.800E+03 4.807E+18 1.398E-01 5.683E-05 4.424E-06 7.784E-02 0.000E+00 3.538E+08
  1.525E+06 2.112E+02 4.600E+03 4.100E+18 1.195E-01 7.025E-05 4.477E-06 6.373E-02 0.000E+00 3.538E+08
  1.625E+06 2.116E+02 4.000E+03 3.497E+18 1.021E-01 8.732E-05 4.551E-06 5.212E-02 0.000E+00 3.538E+08
  1.725E+06 2.120E+02 3.900E+03 2.985E+18 8.732E-02 1.077E-04 4.644E-06 4.310E-02 0.000E+00 3.538E+08
  1.825E+06 2.124E+02 3.900E+03 2.548E+18 7.469E-02 1.328E-04 4.751E-06 3.577E-02 0.000E+00 3.538E+08
  1.925E+06 2.129E+02 4.100E+03 2.176E+18 6.391E-02 1.652E-04 4.872E-06 2.949E-02 0.000E+00 3.538E+08
  2.025E+06 2.134E+02 4.600E+03 1.857E+18 5.470E-02 2.091E-04 5.000E-06 2.391E-02 0.000E+00 3.538E+08
  2.125E+06 2.142E+02 5.100E+03 1.585E+18 4.685E-02 2.698E-04 5.129E-06 1.901E-02 0.000E+00 3.538E+08
  2.225E+06 2.151E+02 5.800E+03 1.353E+18 4.015E-02 3.540E-04 5.261E-06 1.486E-02 0.000E+00 3.538E+08
  2.325E+06 2.161E+02 6.600E+03 1.155E+18 3.444E-02 4.725E-04 5.392E-06 1.141E-02 0.000E+00 3.538E+08
  2.425E+06 2.172E+02 7.500E+03 9.860E+17 2.956E-02 6.385E-04 5.521E-06 8.647E-03 0.000E+00 3.538E+08
  2.525E+06 2.185E+02 8.500E+03 8.421E+17 2.539E-02 8.768E-04 5.649E-06 6.443E-03 0.000E+00 3.538E+08
  2.625E+06 2.199E+02 9.500E+03 7.195E+17 2.184E-02 1.222E-03 5.775E-06 4.725E-03 0.000E+00 3.538E+08
  2.725E+06 2.215E+02 1.060E+04 6.149E+17 1.880E-02 1.740E-03 5.900E-06 3.391E-03 0.000E+00 3.538E+08
  2.825E+06 2.234E+02 1.200E+04 5.256E+17 1.620E-02 2.536E-03 6.022E-06 2.374E-03 0.000E+00 3.538E+08
  2.925E+06 2.255E+02 1.300E+04 4.494E+17 1.398E-02 3.791E-03 6.142E-06 1.620E-03 0.000E+00 3.538E+08
  3.025E+06 2.279E+02 1.430E+04 3.844E+17 1.209E-02 5.843E-03 6.261E-06 1.072E-03 0.000E+00 3.538E+08
  3.125E+06 2.306E+02 1.600E+04 3.289E+17 1.047E-02 9.226E-03 6.377E-06 6.912E-04 0.000E+00 3.538E+08
  3.225E+06 2.335E+02 1.740E+04 2.818E+17 9.078E-03 1.481E-02 6.488E-06 4.380E-04 0.000E+00 3.538E+08
  3.325E+06 2.365E+02 1.900E+04 2.417E+17 7.888E-03 2.392E-02 6.595E-06 2.757E-04 0.000E+00 3.538E+08
  3.425E+06 2.396E+02 2.100E+04 2.077E+17 6.867E-03 3.820E-02 6.695E-06 1.753E-04 0.000E+00 3.538E+08
  3.525E+06 2.424E+02 2.300E+04 1.790E+17 5.989E-03 5.929E-02 6.787E-06 1.145E-04 0.000E+00 3.538E+08
  3.625E+06 2.450E+02 2.600E+04 1.547E+17 5.231E-03 8.822E-02 6.868E-06 7.785E-05 0.000E+00 3.538E+08
  3.725E+06 2.470E+02 2.900E+04 1.342E+17 4.575E-03 1.243E-01 6.935E-06 5.579E-05 0.000E+00 3.538E+08
  3.825E+06 2.485E+02 3.200E+04 1.168E+17 4.006E-03 1.643E-01 6.989E-06 4.254E-05 0.000E+00 3.538E+08
  3.925E+06 2.493E+02 3.600E+04 1.020E+17 3.509E-03 2.024E-01 7.028E-06 3.472E-05 0.000E+00 3.538E+08
  4.025E+06 2.493E+02 4.000E+04 8.938E+16 3.075E-03 2.320E-01 7.053E-06 3.040E-05 0.000E+00 3.538E+08
  4.125E+06 2.487E+02 4.400E+04 7.852E+16 2.694E-03 2.483E-01 7.066E-06 2.845E-05 0.000E+00 3.538E+08
  4.225E+06 2.475E+02 4.900E+04 6.910E+16 2.360E-03 2.515E-01 7.067E-06 2.810E-05 0.000E+00 3.538E+08
  4.325E+06 2.460E+02 5.500E+04 6.084E+16 2.065E-03 2.474E-01 7.058E-06 2.853E-05 0.000E+00 3.538E+08
  4.425E+06 2.445E+02 6.200E+04 5.353E+16 1.806E-03 2.429E-01 7.041E-06 2.899E-05 0.000E+00 3.538E+08
  4.525E+06 2.430E+02 6.700E+04 4.706E+16 1.578E-03 2.387E-01 7.016E-06 2.939E-05 0.000E+00 3.538E+08
  4.625E+06 2.415E+02 7.600E+04 4.134E+16 1.378E-03 2.345E-01 6.985E-06 2.979E-05 0.000E+00 3.538E+08
  4.725E+06 2.401E+02 8.400E+04 3.628E+16 1.202E-03 2.300E-01 6.949E-06 3.021E-05 0.000E+00 3.538E+08
  4.825E+06 2.386E+02 9.200E+04 3.183E+16 1.048E-03 2.254E-01 6.907E-06 3.064E-05 0.000E+00 3.538E+08
  4.925E+06 2.371E+02 1.020E+05 2.789E+16 9.128E-04 2.206E-01 6.860E-06 3.109E-05 0.000E+00 3.538E+08
  5.025E+06 2.356E+02 1.120E+05 2.443E+16 7.944E-04 2.157E-01 6.809E-06 3.157E-05 0.000E+00 3.538E+08
  5.125E+06 2.342E+02 1.220E+05 2.138E+16 6.908E-04 2.106E-01 6.754E-06 3.208E-05 0.000E+00 3.538E+08
  5.225E+06 2.327E+02 1.320E+05 1.869E+16 6.002E-04 2.053E-01 6.694E-06 3.261E-05 0.000E+00 3.538E+08
  5.325E+06 2.312E+02 1.420E+05 1.633E+16 5.211E-04 1.998E-01 6.629E-06 3.318E-05 0.000E+00 3.538E+08
  5.425E+06 2.297E+02 1.520E+05 1.426E+16 4.520E-04 1.942E-01 6.557E-06 3.377E-05 0.000E+00 3.538E+08
  5.525E+06 2.283E+02 1.620E+05 1.244E+16 3.917E-04 1.884E-01 6.480E-06 3.440E-05 0.000E+00 3.538E+08
  5.625E+06 2.268E+02 1.720E+05 1.084E+16 3.392E-04 1.824E-01 6.395E-06 3.506E-05 0.000E+00 3.538E+08
  5.725E+06 2.253E+02 1.820E+05 9.438E+15 2.934E-04 1.762E-01 6.303E-06 3.576E-05 0.000E+00 3.538E+08
  5.825E+06 2.238E+02 1.920E+05 8.212E+15 2.536E-04 1.699E-01 6.202E-06 3.649E-05 0.000E+00 3.538E+08
  5.925E+06 2.223E+02 2.020E+05 7.139E+15 2.190E-04 1.635E-01 6.090E-06 3.726E-05 0.000E+00 3.538E+08
  6.025E+06 2.208E+02 2.120E+05 6.201E+15 1.889E-04 1.569E-01 5.969E-06 3.805E-05 0.000E+00 3.538E+08
  6.125E+06 2.192E+02 2.220E+05 5.381E+15 1.628E-04 1.501E-01 5.834E-06 3.886E-05 0.000E+00 3.538E+08
  6.225E+06 2.177E+02 2.320E+05 4.665E+15 1.402E-04 1.434E-01 5.686E-06 3.966E-05 0.000E+00 3.538E+08
  6.325E+06 2.162E+02 2.420E+05 4.041E+15 1.206E-04 1.366E-01 5.523E-06 4.044E-05 0.000E+00 3.538E+08
  6.425E+06 2.147E+02 2.520E+05 3.497E+15 1.036E-04 1.298E-01 5.343E-06 4.115E-05 0.000E+00 3.538E+08
  6.525E+06 2.131E+02 2.620E+05 3.023E+15 8.891E-05 1.232E-01 5.145E-06 4.176E-05 0.000E+00 3.538E+08
  6.625E+06 2.116E+02 2.720E+05 2.611E+15 7.623E-05 1.167E-01 4.927E-06 4.221E-05 0.000E+00 3.538E+08
  6.725E+06 2.101E+02 2.820E+05 2.252E+15 6.529E-05 1.105E-01 4.689E-06 4.245E-05 0.000E+00 3.538E+08
  6.825E+06 2.086E+02 2.920E+05 1.941E+15 5.586E-05 1.045E-01 4.431E-06 4.241E-05 0.000E+00 3.538E+08
  6.925E+06 2.071E+02 3.020E+05 1.671E+15 4.775E-05 9.884E-02 4.153E-06 4.202E-05 0.000E+00 3.538E+08
  7.025E+06 2.056E+02 3.120E+05 1.437E+15 4.076E-05 9.357E-02 3.857E-06 4.123E-05 0.000E+00 3.538E+08
  7.125E+06 2.041E+02 3.220E+05 1.234E+15 3.476E-05 8.869E-02 3.548E-06 4.000E-05 0.000E+00 3.538E+08
  7.225E+06 2.027E+02 3.320E+05 1.059E+15 2.962E-05 8.454E-02 3.229E-06 3.820E-05 0.000E+00 3.538E+08
  7.325E+06 2.027E+02 3.420E+05 9.014E+14 2.522E-05 9.928E-02 2.907E-06 2.928E-05 0.000E+00 3.538E+08
  7.425E+06 2.027E+02 3.520E+05 7.675E+14 2.147E-05 1.166E-01 2.585E-06 2.217E-05 0.000E+00 3.538E+08
  7.525E+06 2.027E+02 3.620E+05 6.536E+14 1.829E-05 1.369E-01 2.258E-06 1.649E-05 0.000E+00 3.538E+08
  7.625E+06 2.027E+02 3.720E+05 5.566E+14 1.557E-05 1.608E-01 1.935E-06 1.204E-05 0.000E+00 3.538E+08
  7.725E+06 2.027E+02 3.820E+05 4.740E+14 1.326E-05 1.888E-01 1.638E-06 8.678E-06 0.000E+00 3.538E+08
  7.825E+06 2.027E+02 3.920E+05 4.037E+14 1.130E-05 2.217E-01 1.377E-06 6.210E-06 0.000E+00 3.538E+08
  7.925E+06 2.027E+02 4.020E+05 3.439E+14 9.621E-06 2.602E-01 1.150E-06 4.421E-06 0.000E+00 3.538E+08
  8.025E+06 2.027E+02 4.070E+05 2.929E+14 8.195E-06 3.055E-01 9.574E-07 3.134E-06 0.000E+00 3.538E+08
  8.125E+06 2.027E+02 4.070E+05 2.495E+14 6.981E-06 3.586E-01 7.917E-07 2.208E-06 0.000E+00 3.538E+08
  8.225E+06 2.027E+02 4.070E+05 2.126E+14 5.947E-06 4.210E-01 6.504E-07 1.545E-06 0.000E+00 3.538E+08
  8.325E+06 2.027E+02 4.070E+05 1.811E+14 5.067E-06 4.941E-01 5.312E-07 1.075E-06 0.000E+00 3.538E+08
  8.425E+06 2.027E+02 4.070E+05 1.543E+14 4.318E-06 5.798E-01 4.315E-07 7.441E-07 0.000E+00 3.538E+08
  8.525E+06 2.027E+02 4.070E+05 1.315E+14 3.680E-06 6.804E-01 3.487E-07 5.125E-07 0.000E+00 3.538E+08
  8.625E+06 2.027E+02 4.070E+05 1.121E+14 3.136E-06 7.983E-01 2.806E-07 3.514E-07 0.000E+00 3.538E+08
  8.725E+06 2.027E+02 4.070E+05 9.556E+13 2.673E-06 9.365E-01 2.248E-07 2.401E-07 0.000E+00 3.538E+08
  8.825E+06 2.027E+02 4.070E+05 8.147E+13 2.279E-06 1.098E+00 1.796E-07 1.635E-07 0.000E+00 3.538E+08
  8.925E+06 2.027E+02 4.070E+05 6.947E+13 1.943E-06 1.288E+00 1.430E-07 1.110E-07 0.000E+00 3.538E+08
  9.025E+06 2.027E+02 4.070E+05 5.925E+13 1.658E-06 1.510E+00 1.137E-07 7.529E-08 0.000E+00 3.538E+08
  9.125E+06 2.027E+02 4.070E+05 5.054E+13 1.414E-06 1.771E+00 9.035E-08 5.102E-08 0.000E+00 3.538E+08
  9.225E+06 2.027E+02 4.070E+05 4.312E+13 1.206E-06 2.075E+00 7.182E-08 3.461E-08 0.000E+00 3.538E+08
  9.325E+06 2.027E+02 4.070E+05 3.680E+13 1.030E-06 2.432E+00 5.725E-08 2.354E-08 0.000E+00 3.538E+08
  9.425E+06 2.027E+02 4.070E+05 3.141E+13 8.788E-07 2.849E+00 4.590E-08 1.611E-08 0.000E+00 3.538E+08
  9.525E+06 2.027E+02 4.070E+05 2.682E+13 7.503E-07 3.337E+00 3.720E-08 1.115E-08 0.000E+00 3.538E+08
  9.625E+06 2.027E+02 4.070E+05 2.290E+13 6.408E-07 3.907E+00 3.070E-08 7.858E-09 0.000E+00 3.538E+08
  9.725E+06 2.027E+02 4.070E+05 1.957E+13 5.474E-07 4.574E+00 2.608E-08 5.703E-09 0.000E+00 3.538E+08
  9.825E+06 2.027E+02 4.070E+05 1.672E+13 4.677E-07 5.353E+00 2.315E-08 4.324E-09 0.000E+00 3.538E+08
  9.925E+06 2.027E+02 4.070E+05 1.429E+13 3.997E-07 6.264E+00 2.180E-08 3.479E-09 0.000E+00 3.538E+08

 SULFATE AEROSOL PARAMETERS

    Z        AERSOL     RPAR      WFALL     FSULF    TAUSED    TAUEDD    TAUC      H2SO4S    H2SO4     CONSO4    CONVER
  2.500E+04 8.355E+00 3.779E-05 2.528E-03 2.350E-01 3.405E+08 7.410E+06 3.413E+08 4.550E-19 3.824E-12 6.118E-17 5.833E+08
  1.250E+05 7.144E+00 3.779E-05 2.711E-03 2.925E-01 3.114E+08 7.128E+06 3.938E+08 8.488E-19 7.873E-12 1.260E-16 7.261E+08
  2.250E+05 7.442E+00 3.779E-05 2.901E-03 3.427E-01 2.850E+08 6.836E+06 3.723E+08 1.239E-18 1.224E-11 1.958E-16 8.507E+08
  3.250E+05 7.610E+00 3.779E-05 3.147E-03 4.129E-01 2.571E+08 6.548E+06 3.578E+08 3.275E-18 1.652E-11 2.644E-16 1.025E+09
  4.250E+05 8.415E+00 3.779E-05 3.346E-03 4.437E-01 2.363E+08 6.249E+06 3.174E+08 2.850E-18 2.029E-11 3.246E-16 1.101E+09
  5.250E+05 9.019E+00 3.779E-05 3.572E-03 4.732E-01 2.155E+08 5.924E+06 2.899E+08 2.007E-18 2.281E-11 3.649E-16 1.175E+09
  6.250E+05 9.402E+00 3.779E-05 3.835E-03 5.022E-01 1.947E+08 5.573E+06 2.718E+08 1.119E-18 2.340E-11 3.744E-16 1.247E+09
  7.250E+05 9.739E+00 3.779E-05 4.126E-03 5.232E-01 1.748E+08 5.201E+06 2.557E+08 3.735E-19 2.276E-11 3.642E-16 1.299E+09
  8.250E+05 9.962E+00 3.779E-05 4.465E-03 5.414E-01 1.555E+08 4.819E+06 2.427E+08 8.828E-20 2.264E-11 3.622E-16 1.344E+09
  9.250E+05 1.005E+01 3.779E-05 4.867E-03 5.583E-01 1.369E+08 4.439E+06 2.326E+08 1.579E-20 2.376E-11 3.801E-16 1.386E+09
  1.025E+06 1.005E+01 3.779E-05 5.329E-03 5.741E-01 1.204E+08 5.144E+06 2.229E+08 3.140E-21 2.556E-11 4.089E-16 1.425E+09
  1.125E+06 1.024E+01 3.779E-05 5.806E-03 6.003E-01 1.098E+08 1.355E+07 2.054E+08 8.345E-21 2.742E-11 4.387E-16 1.490E+09
  1.225E+06 1.240E+01 3.779E-05 6.340E-03 6.186E-01 1.002E+08 2.373E+07 1.579E+08 1.797E-20 2.886E-11 4.617E-16 1.535E+09
  1.325E+06 1.543E+01 3.779E-05 6.929E-03 6.264E-01 9.155E+07 5.030E+07 1.171E+08 2.754E-20 2.910E-11 4.656E-16 1.555E+09
  1.425E+06 1.893E+01 3.779E-05 7.636E-03 6.366E-01 8.315E+07 6.950E+07 8.737E+07 5.538E-20 2.964E-11 4.743E-16 1.580E+09
  1.525E+06 2.003E+01 3.779E-05 8.482E-03 6.486E-01 7.502E+07 8.802E+07 7.502E+07 1.314E-19 3.000E-11 4.800E-16 1.610E+09
  1.625E+06 1.959E+01 3.722E-05 9.306E-03 6.607E-01 6.854E+07 1.017E+08 6.854E+07 3.171E-19 2.870E-11 4.592E-16 1.568E+09
  1.725E+06 1.837E+01 3.584E-05 9.994E-03 6.716E-01 6.396E+07 1.048E+08 6.396E+07 7.145E-19 2.532E-11 4.051E-16 1.422E+09
  1.825E+06 1.664E+01 3.386E-05 1.058E-02 6.814E-01 6.057E+07 1.052E+08 6.057E+07 1.529E-18 1.979E-11 3.167E-16 1.217E+09
  1.925E+06 1.468E+01 3.149E-05 1.109E-02 6.916E-01 5.791E+07 1.006E+08 5.791E+07 3.401E-18 1.237E-11 1.980E-16 9.933E+08
  2.025E+06 1.278E+01 2.900E-05 1.160E-02 7.023E-01 5.553E+07 9.021E+07 5.553E+07 8.106E-18 5.592E-12 8.946E-17 7.883E+08
  2.125E+06 1.113E+01 2.663E-05 1.217E-02 7.121E-01 5.313E+07 8.199E+07 5.313E+07 1.950E-17 2.337E-12 3.739E-17 6.188E+08
  2.225E+06 9.750E+00 2.442E-05 1.282E-02 7.225E-01 5.066E+07 7.273E+07 5.066E+07 5.014E-17 9.682E-13 1.549E-17 4.840E+08
  2.325E+06 8.637E+00 2.239E-05 1.356E-02 7.332E-01 4.815E+07 6.457E+07 4.815E+07 1.348E-16 3.995E-13 6.390E-18 3.785E+08
  2.425E+06 7.755E+00 2.052E-05 1.438E-02 7.439E-01 4.566E+07 5.745E+07 4.566E+07 3.750E-16 1.634E-13 2.609E-18 2.957E+08
  2.525E+06 7.069E+00 1.879E-05 1.526E-02 7.547E-01 4.329E+07 5.132E+07 4.329E+07 1.077E-15 6.697E-14 1.054E-18 2.302E+08
  2.625E+06 6.554E+00 1.717E-05 1.618E-02 7.653E-01 4.111E+07 4.655E+07 4.111E+07 3.143E-15 2.973E-14 4.255E-19 1.781E+08
  2.725E+06 6.194E+00 1.563E-05 1.710E-02 7.764E-01 3.918E+07 4.236E+07 3.918E+07 9.889E-15 2.133E-14 1.831E-19 1.365E+08
  2.825E+06 5.981E+00 1.418E-05 1.802E-02 7.877E-01 3.750E+07 3.807E+07 3.750E+07 3.299E-14 3.877E-14 9.237E-20 1.034E+08
  2.925E+06 5.957E+00 1.277E-05 1.884E-02 7.990E-01 3.621E+07 3.582E+07 3.582E+07 1.168E-13 6.987E-14-7.514E-19 7.655E+07
  3.025E+06 6.295E+00 1.131E-05 1.935E-02 8.088E-01 3.565E+07 3.329E+07 3.329E+07 4.101E-13 8.190E-14-5.251E-18 5.384E+07
  3.125E+06 6.756E+00 1.000E-05 1.983E-02 8.196E-01 3.521E+07 3.047E+07 3.125E+07 1.566E-12 8.665E-14-2.366E-17 3.770E+07
  3.225E+06 5.021E+00 1.000E-05 2.299E-02 8.313E-01 3.076E+07 2.875E+07 4.110E+07 6.294E-12 8.859E-14-9.929E-17 3.824E+07
  3.325E+06 3.706E+00 1.000E-05 2.661E-02 8.432E-01 2.693E+07 2.704E+07 5.459E+07 2.480E-11 8.943E-14-3.954E-16 3.879E+07
  3.425E+06 2.724E+00 1.000E-05 3.074E-02 8.543E-01 2.362E+07 2.511E+07 7.299E+07 8.669E-11 8.979E-14-1.386E-15 3.930E+07
  3.525E+06 1.994E+00 1.000E-05 3.546E-02 8.655E-01 2.073E+07 2.349E+07 9.825E+07 2.643E-10 8.994E-14-4.227E-15 3.981E+07
  3.625E+06 1.456E+00 1.000E-05 4.082E-02 8.762E-01 1.820E+07 2.123E+07 1.328E+08 6.729E-10 8.999E-14-1.076E-14 4.031E+07
  3.725E+06 1.066E+00 1.000E-05 4.689E-02 8.856E-01 1.598E+07 1.937E+07 1.797E+08 1.484E-09 9.000E-14-2.374E-14 4.074E+07
  3.825E+06 7.800E-01 1.000E-05 5.376E-02 8.931E-01 1.403E+07 1.778E+07 2.436E+08 2.754E-09 8.999E-14-4.406E-14 4.108E+07
  3.925E+06 5.715E-01 1.000E-05 6.150E-02 8.985E-01 1.230E+07 1.591E+07 3.309E+08 4.246E-09 8.996E-14-6.794E-14 4.133E+07
  4.025E+06 4.195E-01 1.000E-05 7.025E-02 9.017E-01 1.078E+07 1.433E+07 4.496E+08 5.274E-09 8.993E-14-8.439E-14 4.148E+07
  4.125E+06 3.079E-01 1.000E-05 8.014E-02 9.025E-01 9.426E+06 1.297E+07 6.125E+08 5.518E-09 8.989E-14-8.828E-14 4.152E+07
  4.225E+06 2.255E-01 1.000E-05 9.136E-02 9.015E-01 8.231E+06 1.154E+07 8.376E+08 5.075E-09 8.985E-14-8.120E-14 4.147E+07
  4.325E+06 1.649E-01 1.000E-05 1.042E-01 8.996E-01 7.179E+06 1.016E+07 1.149E+09 4.353E-09 8.981E-14-6.964E-14 4.138E+07
  4.425E+06 1.201E-01 1.000E-05 1.188E-01 8.976E-01 6.255E+06 8.913E+06 1.581E+09 3.653E-09 8.977E-14-5.844E-14 4.129E+07
  4.525E+06 8.693E-02 1.000E-05 1.357E-01 8.959E-01 5.445E+06 8.154E+06 2.192E+09 3.072E-09 8.972E-14-4.915E-14 4.121E+07
  4.625E+06 6.239E-02 1.000E-05 1.551E-01 8.941E-01 4.737E+06 7.106E+06 3.063E+09 2.577E-09 8.967E-14-4.124E-14 4.113E+07
  4.725E+06 4.459E-02 1.000E-05 1.775E-01 8.923E-01 4.117E+06 6.355E+06 4.300E+09 2.145E-09 8.962E-14-3.432E-14 4.104E+07
  4.825E+06 3.157E-02 1.000E-05 2.032E-01 8.905E-01 3.575E+06 5.735E+06 6.092E+09 1.789E-09 8.957E-14-2.862E-14 4.096E+07
  4.925E+06 2.214E-02 1.000E-05 2.328E-01 8.887E-01 3.101E+06 5.113E+06 8.716E+09 1.481E-09 8.952E-14-2.369E-14 4.088E+07
  5.025E+06 1.539E-02 1.000E-05 2.670E-01 8.868E-01 2.688E+06 4.601E+06 1.259E+10 1.220E-09 8.947E-14-1.952E-14 4.079E+07
  5.125E+06 1.056E-02 1.000E-05 3.065E-01 8.851E-01 2.328E+06 4.174E+06 1.840E+10 1.007E-09 8.941E-14-1.611E-14 4.071E+07
  5.225E+06 7.142E-03 1.000E-05 3.521E-01 8.832E-01 2.015E+06 3.812E+06 2.731E+10 8.204E-10 8.935E-14-1.313E-14 4.063E+07
  5.325E+06 4.744E-03 1.000E-05 4.049E-01 8.814E-01 1.741E+06 3.501E+06 4.126E+10 6.681E-10 8.929E-14-1.069E-14 4.054E+07
  5.425E+06 3.086E-03 1.000E-05 4.660E-01 8.796E-01 1.504E+06 3.231E+06 6.364E+10 5.432E-10 8.922E-14-8.690E-15 4.046E+07
  5.525E+06 1.960E-03 1.000E-05 5.367E-01 8.777E-01 1.298E+06 2.994E+06 1.006E+11 4.359E-10 8.914E-14-6.973E-15 4.038E+07
  5.625E+06 1.211E-03 1.000E-05 6.188E-01 8.759E-01 1.118E+06 2.785E+06 1.634E+11 3.502E-10 8.906E-14-5.602E-15 4.029E+07
  5.725E+06 7.252E-04 1.000E-05 7.142E-01 8.740E-01 9.631E+05 2.599E+06 2.739E+11 2.791E-10 8.898E-14-4.464E-15 4.021E+07
  5.825E+06 4.188E-04 1.000E-05 8.249E-01 8.722E-01 8.284E+05 2.433E+06 4.760E+11 2.205E-10 8.888E-14-3.527E-15 4.012E+07
  5.925E+06 2.321E-04 1.000E-05 9.539E-01 8.704E-01 7.119E+05 2.283E+06 8.622E+11 1.744E-10 8.878E-14-2.789E-15 4.004E+07
  6.025E+06 1.227E-04 1.000E-05 1.104E+00 8.685E-01 6.111E+05 2.147E+06 1.637E+12 1.358E-10 8.867E-14-2.172E-15 3.995E+07
  6.125E+06 6.150E-05 1.000E-05 1.279E+00 8.667E-01 5.240E+05 2.023E+06 3.279E+12 1.055E-10 8.854E-14-1.687E-15 3.987E+07
  6.225E+06 2.898E-05 1.000E-05 1.484E+00 8.649E-01 4.488E+05 1.910E+06 6.986E+12 8.183E-11 8.841E-14-1.308E-15 3.979E+07
  6.325E+06 1.273E-05 1.000E-05 1.722E+00 8.631E-01 3.839E+05 1.807E+06 1.597E+13 6.255E-11 8.825E-14-9.994E-16 3.970E+07
  6.425E+06 5.157E-06 1.000E-05 2.002E+00 8.615E-01 3.281E+05 1.712E+06 3.957E+13 4.765E-11 8.809E-14-7.610E-16 3.963E+07
  6.525E+06 1.903E-06 1.000E-05 2.329E+00 8.599E-01 2.800E+05 1.624E+06 1.076E+14 3.580E-11 8.790E-14-5.714E-16 3.956E+07
  6.625E+06 6.305E-07 1.000E-05 2.714E+00 8.585E-01 2.387E+05 1.543E+06 3.262E+14 2.684E-11 8.769E-14-4.280E-16 3.949E+07
  6.725E+06 1.843E-07 1.000E-05 3.165E+00 8.572E-01 2.033E+05 1.468E+06 1.120E+15 2.032E-11 8.746E-14-3.238E-16 3.943E+07
  6.825E+06 4.653E-08 1.000E-05 3.696E+00 8.559E-01 1.729E+05 1.398E+06 4.454E+15 1.522E-11 8.720E-14-2.421E-16 3.937E+07
  6.925E+06 9.891E-09 1.000E-05 4.320E+00 8.549E-01 1.469E+05 1.333E+06 2.104E+16 1.151E-11 8.690E-14-1.828E-16 3.933E+07
  7.025E+06 1.713E-09 1.000E-05 5.057E+00 8.541E-01 1.246E+05 1.273E+06 1.219E+17 8.804E-12 8.658E-14-1.395E-16 3.929E+07
  7.125E+06 2.320E-10 1.000E-05 5.926E+00 8.534E-01 1.056E+05 1.217E+06 9.038E+17 6.751E-12 8.621E-14-1.066E-16 3.926E+07
  7.225E+06 2.322E-11 1.000E-05 6.954E+00 8.531E-01 8.942E+04 1.165E+06 9.060E+18 5.359E-12 8.579E-14-8.438E-17 3.924E+07
  7.325E+06 1.566E-12 1.000E-05 8.179E+00 8.568E-01 7.605E+04 1.131E+06 1.342E+20 8.083E-12 8.532E-14-1.280E-16 3.941E+07
  7.425E+06 6.405E-14 1.000E-05 9.621E+00 8.609E-01 6.468E+04 1.100E+06 3.278E+21 1.216E-11 8.479E-14-1.933E-16 3.960E+07
  7.525E+06 1.300E-15 1.000E-05 1.132E+01 8.657E-01 5.499E+04 1.070E+06 1.614E+23 1.805E-11 8.419E-14-2.875E-16 3.982E+07
  7.625E+06 8.451E-18 1.000E-05 1.332E+01 8.708E-01 4.674E+04 1.042E+06 2.479E+25 2.681E-11 8.351E-14-4.276E-16 4.006E+07
  7.725E+06 1.261E-21 1.000E-05 1.568E+01 8.763E-01 3.973E+04 1.015E+06 1.659E+29 4.018E-11 8.275E-14-6.415E-16 4.031E+07
  7.825E+06 1.128E-23 1.000E-05 1.845E+01 8.818E-01 3.377E+04 9.903E+05 1.853E+31 6.054E-11 8.188E-14-9.674E-16 4.056E+07
  7.925E+06 5.160E-26 1.000E-05 2.171E+01 8.874E-01 2.871E+04 9.663E+05 4.045E+33 9.159E-11 8.090E-14-1.464E-15 4.082E+07
  8.025E+06 1.049E-28 1.000E-05 2.555E+01 8.931E-01 2.441E+04 9.553E+05 1.986E+36 1.390E-10 7.980E-14-2.222E-15 4.108E+07
  8.125E+06 7.349E-32 1.000E-05 3.006E+01 8.989E-01 2.075E+04 9.561E+05 2.832E+39 2.115E-10 7.854E-14-3.383E-15 4.135E+07
  8.225E+06 5.100E-32 1.000E-05 3.539E+01 9.062E-01 1.763E+04 9.571E+05 4.074E+39 2.980E-10 7.710E-14-4.767E-15 4.169E+07
  8.325E+06 4.308E-32 1.000E-05 4.168E+01 9.141E-01 1.498E+04 9.582E+05 4.815E+39 4.121E-10 7.545E-14-6.593E-15 4.205E+07
  8.425E+06 3.639E-32 1.000E-05 4.908E+01 9.220E-01 1.273E+04 9.595E+05 5.689E+39 5.713E-10 7.357E-14-9.139E-15 4.241E+07
  8.525E+06 3.074E-32 1.000E-05 5.778E+01 9.300E-01 1.082E+04 9.609E+05 6.721E+39 7.935E-10 7.146E-14-1.269E-14 4.278E+07
  8.625E+06 2.598E-32 1.000E-05 6.803E+01 9.381E-01 9.201E+03 9.625E+05 7.940E+39 1.104E-09 6.908E-14-1.767E-14 4.315E+07
  8.725E+06 2.207E-32 1.000E-05 7.990E+01 9.414E-01 7.841E+03 9.643E+05 9.340E+39 1.387E-09 6.644E-14-2.218E-14 4.330E+07
  8.825E+06 1.881E-32 1.000E-05 9.369E+01 9.414E-01 6.694E+03 9.662E+05 1.096E+40 1.626E-09 6.351E-14-2.602E-14 4.330E+07
  8.925E+06 1.604E-32 1.000E-05 1.098E+02 9.414E-01 5.716E+03 9.684E+05 1.285E+40 1.907E-09 6.030E-14-3.052E-14 4.330E+07
  9.025E+06 1.368E-32 1.000E-05 1.287E+02 9.414E-01 4.882E+03 9.707E+05 1.506E+40 2.236E-09 5.682E-14-3.578E-14 4.330E+07
  9.125E+06 1.167E-32 1.000E-05 1.509E+02 9.414E-01 4.171E+03 9.731E+05 1.766E+40 2.622E-09 5.308E-14-4.195E-14 4.330E+07
  9.225E+06 9.958E-33 1.000E-05 1.768E+02 9.414E-01 3.565E+03 9.758E+05 2.070E+40 3.073E-09 4.913E-14-4.916E-14 4.330E+07
  9.325E+06 8.498E-33 1.000E-05 2.071E+02 9.414E-01 3.048E+03 9.785E+05 2.425E+40 3.600E-09 4.500E-14-5.761E-14 4.330E+07
  9.425E+06 7.254E-33 1.000E-05 2.425E+02 9.414E-01 2.606E+03 9.814E+05 2.841E+40 4.218E-09 4.075E-14-6.749E-14 4.330E+07
  9.525E+06 6.193E-33 1.000E-05 2.840E+02 9.414E-01 2.229E+03 9.843E+05 3.328E+40 4.940E-09 3.645E-14-7.904E-14 4.330E+07
  9.625E+06 5.289E-33 1.000E-05 3.324E+02 9.414E-01 1.907E+03 9.873E+05 3.897E+40 5.785E-09 3.219E-14-9.256E-14 4.330E+07
  9.725E+06 4.518E-33 1.000E-05 3.890E+02 9.414E-01 1.632E+03 9.902E+05 4.562E+40 6.772E-09 2.803E-14-1.084E-13 4.330E+07
  9.825E+06 3.860E-33 1.000E-05 4.552E+02 9.414E-01 1.397E+03 9.930E+05 5.339E+40 7.926E-09 2.405E-14-1.268E-13 4.330E+07
  9.925E+06 3.299E-33 1.000E-05 5.325E+02 9.414E-01 1.195E+03 9.955E+05 6.248E+40 9.275E-09 2.033E-14-1.484E-13 4.330E+07

 S8 AEROSOL PARAMETERS

    Z        AERSOL     RPAR      WFALL     TAUSED    TAUEDD    TAUC      CONVER
  2.500E+04 1.228E-26 1.000E-05 4.739E-04 1.816E+09 7.410E+06 1.561E+35 2.030E+07
  1.250E+05 1.113E-26 1.000E-05 5.059E-04 1.669E+09 7.128E+06 1.649E+35 2.030E+07
  2.250E+05 1.007E-26 1.000E-05 5.429E-04 1.523E+09 6.836E+06 1.738E+35 2.030E+07
  3.250E+05 9.104E-27 1.000E-05 5.856E-04 1.382E+09 6.548E+06 1.828E+35 2.030E+07
  4.250E+05 8.223E-27 1.000E-05 6.353E-04 1.244E+09 6.249E+06 1.919E+35 2.030E+07
  5.250E+05 7.430E-27 1.000E-05 6.935E-04 1.110E+09 5.924E+06 2.008E+35 2.030E+07
  6.250E+05 6.714E-27 1.000E-05 7.622E-04 9.795E+08 5.573E+06 2.098E+35 2.030E+07
  7.250E+05 6.066E-27 1.000E-05 8.438E-04 8.546E+08 5.201E+06 2.187E+35 2.030E+07
  8.250E+05 5.473E-27 1.000E-05 9.417E-04 7.372E+08 4.819E+06 2.275E+35 2.030E+07
  9.250E+05 4.925E-27 1.000E-05 1.060E-03 6.285E+08 4.439E+06 2.364E+35 2.030E+07
  1.025E+06 4.390E-27 1.000E-05 1.203E-03 5.333E+08 5.144E+06 2.457E+35 2.030E+07
  1.125E+06 3.778E-27 1.000E-05 1.366E-03 4.666E+08 1.355E+07 2.568E+35 2.030E+07
  1.225E+06 3.242E-27 1.000E-05 1.559E-03 4.075E+08 2.373E+07 2.682E+35 2.030E+07
  1.325E+06 2.774E-27 1.000E-05 1.785E-03 3.554E+08 5.030E+07 2.800E+35 2.030E+07
  1.425E+06 2.368E-27 1.000E-05 2.050E-03 3.097E+08 6.950E+07 2.924E+35 2.030E+07
  1.525E+06 2.020E-27 1.000E-05 2.360E-03 2.696E+08 8.802E+07 3.056E+35 2.030E+07
  1.625E+06 1.723E-27 1.000E-05 2.724E-03 2.342E+08 1.017E+08 3.200E+35 2.030E+07
  1.725E+06 1.470E-27 1.000E-05 3.148E-03 2.030E+08 1.048E+08 3.358E+35 2.030E+07
  1.825E+06 1.255E-27 1.000E-05 3.644E-03 1.758E+08 1.052E+08 3.536E+35 2.030E+07
  1.925E+06 1.072E-27 1.000E-05 4.223E-03 1.521E+08 1.006E+08 3.738E+35 2.030E+07
  2.025E+06 9.148E-28 1.000E-05 4.898E-03 1.315E+08 9.021E+07 3.971E+35 2.030E+07
  2.125E+06 7.808E-28 1.000E-05 5.684E-03 1.138E+08 8.199E+07 4.242E+35 2.030E+07
  2.225E+06 6.664E-28 1.000E-05 6.598E-03 9.844E+07 7.273E+07 4.559E+35 2.030E+07
  2.325E+06 5.688E-28 1.000E-05 7.659E-03 8.523E+07 6.457E+07 4.932E+35 2.030E+07
  2.425E+06 4.857E-28 1.000E-05 8.890E-03 7.384E+07 5.745E+07 5.374E+35 2.030E+07
  2.525E+06 4.148E-28 1.000E-05 1.032E-02 6.403E+07 5.132E+07 5.897E+35 2.030E+07
  2.625E+06 3.544E-28 1.000E-05 1.196E-02 5.558E+07 4.655E+07 6.518E+35 2.030E+07
  2.725E+06 3.029E-28 1.000E-05 1.387E-02 4.832E+07 4.236E+07 7.255E+35 2.030E+07
  2.825E+06 2.589E-28 1.000E-05 1.606E-02 4.208E+07 3.807E+07 8.128E+35 2.030E+07
  2.925E+06 2.214E-28 1.000E-05 1.858E-02 3.672E+07 3.582E+07 9.161E+35 2.030E+07
  3.025E+06 1.893E-28 1.000E-05 2.148E-02 3.212E+07 3.329E+07 1.038E+36 2.030E+07
  3.125E+06 1.620E-28 1.000E-05 2.480E-02 2.816E+07 3.047E+07 1.180E+36 2.030E+07
  3.225E+06 1.388E-28 1.000E-05 2.858E-02 2.475E+07 2.875E+07 1.347E+36 2.030E+07
  3.325E+06 1.191E-28 1.000E-05 3.290E-02 2.179E+07 2.704E+07 1.540E+36 2.030E+07
  3.425E+06 1.023E-28 1.000E-05 3.780E-02 1.921E+07 2.511E+07 1.762E+36 2.030E+07
  3.525E+06 8.818E-29 1.000E-05 4.336E-02 1.695E+07 2.349E+07 2.017E+36 2.030E+07
  3.625E+06 7.623E-29 1.000E-05 4.967E-02 1.496E+07 2.123E+07 2.308E+36 2.030E+07
  3.725E+06 6.611E-29 1.000E-05 5.681E-02 1.319E+07 1.937E+07 2.638E+36 2.030E+07
  3.825E+06 5.754E-29 1.000E-05 6.490E-02 1.162E+07 1.778E+07 3.011E+36 2.030E+07
  3.925E+06 5.026E-29 1.000E-05 7.407E-02 1.022E+07 1.591E+07 3.434E+36 2.030E+07
  4.025E+06 4.403E-29 1.000E-05 8.448E-02 8.962E+06 1.433E+07 3.911E+36 2.030E+07
  4.125E+06 3.868E-29 1.000E-05 9.633E-02 7.842E+06 1.297E+07 4.451E+36 2.030E+07
  4.225E+06 3.404E-29 1.000E-05 1.099E-01 6.845E+06 1.154E+07 5.064E+36 2.030E+07
  4.325E+06 2.997E-29 1.000E-05 1.254E-01 5.964E+06 1.016E+07 5.764E+36 2.030E+07
  4.425E+06 2.637E-29 1.000E-05 1.432E-01 5.192E+06 8.913E+06 6.566E+36 2.030E+07
  4.525E+06 2.318E-29 1.000E-05 1.637E-01 4.516E+06 8.154E+06 7.488E+36 2.030E+07
  4.625E+06 2.036E-29 1.000E-05 1.872E-01 3.925E+06 7.106E+06 8.546E+36 2.030E+07
  4.725E+06 1.787E-29 1.000E-05 2.144E-01 3.408E+06 6.355E+06 9.762E+36 2.030E+07
  4.825E+06 1.568E-29 1.000E-05 2.456E-01 2.957E+06 5.735E+06 1.116E+37 2.030E+07
  4.925E+06 1.374E-29 1.000E-05 2.817E-01 2.563E+06 5.113E+06 1.277E+37 2.030E+07
  5.025E+06 1.203E-29 1.000E-05 3.233E-01 2.220E+06 4.601E+06 1.463E+37 2.030E+07
  5.125E+06 1.053E-29 1.000E-05 3.715E-01 1.921E+06 4.174E+06 1.676E+37 2.030E+07
  5.225E+06 9.208E-30 1.000E-05 4.271E-01 1.661E+06 3.812E+06 1.923E+37 2.030E+07
  5.325E+06 8.045E-30 1.000E-05 4.915E-01 1.434E+06 3.501E+06 2.208E+37 2.030E+07
  5.425E+06 7.023E-30 1.000E-05 5.661E-01 1.238E+06 3.231E+06 2.537E+37 2.030E+07
  5.525E+06 6.126E-30 1.000E-05 6.527E-01 1.067E+06 2.994E+06 2.918E+37 2.030E+07
  5.625E+06 5.339E-30 1.000E-05 7.532E-01 9.189E+05 2.785E+06 3.359E+37 2.030E+07
  5.725E+06 4.649E-30 1.000E-05 8.700E-01 7.906E+05 2.599E+06 3.870E+37 2.030E+07
  5.825E+06 4.045E-30 1.000E-05 1.006E+00 6.795E+05 2.433E+06 4.463E+37 2.030E+07
  5.925E+06 3.517E-30 1.000E-05 1.164E+00 5.834E+05 2.283E+06 5.151E+37 2.030E+07
  6.025E+06 3.054E-30 1.000E-05 1.348E+00 5.003E+05 2.147E+06 5.951E+37 2.030E+07
  6.125E+06 2.651E-30 1.000E-05 1.564E+00 4.286E+05 2.023E+06 6.881E+37 2.030E+07
  6.225E+06 2.298E-30 1.000E-05 1.815E+00 3.668E+05 1.910E+06 7.964E+37 2.030E+07
  6.325E+06 1.991E-30 1.000E-05 2.109E+00 3.135E+05 1.807E+06 9.227E+37 2.030E+07
  6.425E+06 1.723E-30 1.000E-05 2.453E+00 2.677E+05 1.712E+06 1.070E+38 2.030E+07
  6.525E+06 1.489E-30 1.000E-05 2.857E+00 2.283E+05 1.624E+06 1.242E+38 2.030E+07
  6.625E+06 1.286E-30 1.000E-05 3.330E+00 1.945E+05 1.543E+06 1.444E+38 2.030E+07
  6.725E+06 1.109E-30 1.000E-05 3.886E+00 1.655E+05 1.468E+06 1.679E+38 2.030E+07
  6.825E+06 9.562E-31 1.000E-05 4.541E+00 1.407E+05 1.398E+06 1.956E+38 2.030E+07
  6.925E+06 8.231E-31 1.000E-05 5.311E+00 1.195E+05 1.333E+06 2.280E+38 2.030E+07
  7.025E+06 7.078E-31 1.000E-05 6.219E+00 1.013E+05 1.273E+06 2.661E+38 2.030E+07
  7.125E+06 6.079E-31 1.000E-05 7.290E+00 8.586E+04 1.217E+06 3.109E+38 2.030E+07
  7.225E+06 5.215E-31 1.000E-05 8.556E+00 7.268E+04 1.165E+06 3.637E+38 2.030E+07
  7.325E+06 4.440E-31 1.000E-05 1.004E+01 6.193E+04 1.131E+06 4.272E+38 2.030E+07
  7.425E+06 3.781E-31 1.000E-05 1.179E+01 5.276E+04 1.100E+06 5.016E+38 2.030E+07
  7.525E+06 3.220E-31 1.000E-05 1.384E+01 4.496E+04 1.070E+06 5.891E+38 2.030E+07
  7.625E+06 2.742E-31 1.000E-05 1.625E+01 3.831E+04 1.042E+06 6.917E+38 2.030E+07
  7.725E+06 2.335E-31 1.000E-05 1.908E+01 3.265E+04 1.015E+06 8.122E+38 2.030E+07
  7.825E+06 1.989E-31 1.000E-05 2.239E+01 2.783E+04 9.903E+05 9.537E+38 2.030E+07
  7.925E+06 1.694E-31 1.000E-05 2.628E+01 2.372E+04 9.663E+05 1.120E+39 2.030E+07
  8.025E+06 1.443E-31 1.000E-05 3.084E+01 2.022E+04 9.553E+05 1.314E+39 2.030E+07
  8.125E+06 1.229E-31 1.000E-05 3.619E+01 1.724E+04 9.561E+05 1.543E+39 2.030E+07
  8.225E+06 1.047E-31 1.000E-05 4.247E+01 1.470E+04 9.571E+05 1.811E+39 2.030E+07
  8.325E+06 8.922E-32 1.000E-05 4.983E+01 1.253E+04 9.582E+05 2.126E+39 2.030E+07
  8.425E+06 7.603E-32 1.000E-05 5.846E+01 1.069E+04 9.595E+05 2.495E+39 2.030E+07
  8.525E+06 6.479E-32 1.000E-05 6.858E+01 9.118E+03 9.609E+05 2.927E+39 2.030E+07
  8.625E+06 5.522E-32 1.000E-05 8.044E+01 7.781E+03 9.625E+05 3.435E+39 2.030E+07
  8.725E+06 4.707E-32 1.000E-05 9.434E+01 6.641E+03 9.643E+05 4.029E+39 2.030E+07
  8.825E+06 4.013E-32 1.000E-05 1.106E+02 5.669E+03 9.662E+05 4.726E+39 2.030E+07
  8.925E+06 3.422E-32 1.000E-05 1.297E+02 4.841E+03 9.684E+05 5.543E+39 2.030E+07
  9.025E+06 2.919E-32 1.000E-05 1.520E+02 4.135E+03 9.707E+05 6.499E+39 2.030E+07
  9.125E+06 2.490E-32 1.000E-05 1.781E+02 3.533E+03 9.731E+05 7.618E+39 2.030E+07
  9.225E+06 2.124E-32 1.000E-05 2.087E+02 3.019E+03 9.758E+05 8.929E+39 2.030E+07
  9.325E+06 1.813E-32 1.000E-05 2.445E+02 2.581E+03 9.785E+05 1.046E+40 2.030E+07
  9.425E+06 1.547E-32 1.000E-05 2.864E+02 2.207E+03 9.814E+05 1.226E+40 2.030E+07
  9.525E+06 1.321E-32 1.000E-05 3.353E+02 1.888E+03 9.843E+05 1.436E+40 2.030E+07
  9.625E+06 1.128E-32 1.000E-05 3.925E+02 1.615E+03 9.873E+05 1.681E+40 2.030E+07
  9.725E+06 9.638E-33 1.000E-05 4.593E+02 1.382E+03 9.902E+05 1.968E+40 2.030E+07
  9.825E+06 8.235E-33 1.000E-05 5.374E+02 1.183E+03 9.930E+05 2.303E+40 2.030E+07
  9.925E+06 7.037E-33 1.000E-05 6.287E+02 1.012E+03 9.955E+05 2.695E+40 2.030E+07


 PHOTOLYSIS RATES

     Z      PO2_O1D    PO2_O3P    PH2O_1     PH2O_2     PH2O_3     PO3_O1D    PO3_O      PO3_3O     
 2.50E+04   0.00E+00   3.02E-20   1.47E-20   0.00E+00   0.00E+00   7.19E-06   2.03E-04   2.33E-20
 1.75E+05   0.00E+00   4.33E-19   3.56E-19   0.00E+00   0.00E+00   8.34E-06   2.10E-04   1.15E-17
 3.25E+05   0.00E+00   4.69E-18   5.79E-18   0.00E+00   0.00E+00   9.33E-06   2.15E-04   9.69E-16
 4.75E+05   0.00E+00   3.63E-17   6.01E-17   0.00E+00   0.00E+00   1.02E-05   2.21E-04   2.13E-14
 6.25E+05   0.00E+00   2.08E-16   4.17E-16   0.00E+00   0.00E+00   1.09E-05   2.26E-04   2.05E-13
 7.75E+05   0.00E+00   9.29E-16   2.11E-15   0.00E+00   0.00E+00   1.16E-05   2.31E-04   1.22E-12
 9.25E+05   0.00E+00   3.40E-15   8.49E-15   0.00E+00   0.00E+00   1.22E-05   2.35E-04   5.45E-12
 1.08E+06   0.00E+00   1.05E-14   2.82E-14   0.00E+00   0.00E+00   1.29E-05   2.39E-04   1.97E-11
 1.22E+06   0.00E+00   2.70E-14   7.80E-14   0.00E+00   0.00E+00   1.38E-05   2.43E-04   5.80E-11
 1.38E+06   0.00E+00   6.13E-14   1.89E-13   0.00E+00   0.00E+00   1.47E-05   2.47E-04   1.47E-10
 1.52E+06   0.00E+00   1.32E-13   4.34E-13   0.00E+00   0.00E+00   1.59E-05   2.51E-04   3.47E-10
 1.68E+06   0.00E+00   2.81E-13   9.81E-13   0.00E+00   0.00E+00   1.78E-05   2.55E-04   7.88E-10
 1.82E+06   0.00E+00   5.93E-13   2.20E-12   0.00E+00   0.00E+00   2.05E-05   2.59E-04   1.74E-09
 1.98E+06   0.00E+00   1.23E-12   4.84E-12   0.00E+00   0.00E+00   2.46E-05   2.63E-04   3.68E-09
 2.12E+06   0.00E+00   2.47E-12   1.02E-11   0.00E+00   0.00E+00   3.04E-05   2.66E-04   7.38E-09
 2.28E+06   1.20-167   4.71E-12   2.03E-11   5.45-165   8.18-165   3.84E-05   2.70E-04   1.39E-08
 2.42E+06   1.31-136   8.54E-12   3.84E-11   5.93-134   8.89-134   4.96E-05   2.74E-04   2.43E-08
 2.58E+06   7.79-112   1.48E-11   6.91E-11   3.53-109   5.29-109   6.51E-05   2.77E-04   4.00E-08
 2.72E+06   4.51E-92   2.43E-11   1.20E-10   2.04E-89   3.06E-89   8.68E-05   2.82E-04   6.19E-08
 2.88E+06   2.49E-76   3.83E-11   2.01E-10   1.13E-73   1.69E-73   1.17E-04   2.87E-04   9.05E-08
 3.02E+06   8.20E-64   5.78E-11   3.26E-10   3.71E-61   5.57E-61   1.60E-04   2.93E-04   1.26E-07
 3.18E+06   6.98E-54   8.36E-11   5.08E-10   3.16E-51   4.74E-51   2.19E-04   3.01E-04   1.66E-07
 3.32E+06   5.11E-46   1.16E-10   7.54E-10   2.31E-43   3.47E-43   3.03E-04   3.11E-04   2.10E-07
 3.48E+06   8.55E-40   1.56E-10   1.06E-09   3.87E-37   5.81E-37   4.27E-04   3.26E-04   2.56E-07
 3.62E+06   7.20E-35   2.01E-10   1.43E-09   3.26E-32   4.89E-32   6.23E-04   3.48E-04   3.01E-07
 3.78E+06   5.83E-31   2.48E-10   1.83E-09   2.64E-28   3.96E-28   9.27E-04   3.82E-04   3.44E-07
 3.92E+06   7.79E-28   2.94E-10   2.26E-09   3.53E-25   5.29E-25   1.33E-03   4.28E-04   3.83E-07
 4.08E+06   2.69E-25   3.36E-10   2.72E-09   1.22E-22   1.83E-22   1.79E-03   4.79E-04   4.19E-07
 4.22E+06   3.36E-23   3.75E-10   3.23E-09   1.52E-20   2.28E-20   2.23E-03   5.28E-04   4.53E-07
 4.38E+06   1.88E-21   4.13E-10   3.83E-09   8.51E-19   1.28E-18   2.61E-03   5.72E-04   4.84E-07
 4.52E+06   5.38E-20   4.50E-10   4.58E-09   2.44E-17   3.66E-17   2.93E-03   6.07E-04   5.14E-07
 4.68E+06   8.69E-19   4.89E-10   5.54E-09   3.94E-16   5.90E-16   3.17E-03   6.34E-04   5.42E-07
 4.82E+06   8.62E-18   5.30E-10   6.76E-09   3.90E-15   5.85E-15   3.36E-03   6.55E-04   5.70E-07
 4.98E+06   5.66E-17   5.74E-10   8.26E-09   2.56E-14   3.85E-14   3.49E-03   6.70E-04   5.96E-07
 5.12E+06   2.64E-16   6.23E-10   1.00E-08   1.20E-13   1.79E-13   3.59E-03   6.81E-04   6.22E-07
 5.28E+06   9.45E-16   6.76E-10   1.21E-08   4.23E-13   6.35E-13   3.65E-03   6.88E-04   6.47E-07
 5.42E+06   3.15E-15   7.36E-10   1.43E-08   1.28E-12   1.92E-12   3.70E-03   6.93E-04   6.70E-07
 5.58E+06   1.53E-14   8.05E-10   1.69E-08   4.56E-12   6.85E-12   3.73E-03   6.97E-04   6.93E-07
 5.72E+06   1.04E-13   8.85E-10   1.98E-08   2.37E-11   3.56E-11   3.75E-03   6.99E-04   7.16E-07
 5.88E+06   6.11E-13   9.81E-10   2.38E-08   1.27E-10   1.90E-10   3.76E-03   7.01E-04   7.38E-07
 6.02E+06   2.72E-12   1.10E-09   3.07E-08   5.46E-10   8.19E-10   3.77E-03   7.02E-04   7.65E-07
 6.18E+06   9.32E-12   1.25E-09   4.51E-08   1.83E-09   2.75E-09   3.78E-03   7.03E-04   8.03E-07
 6.32E+06   2.55E-11   1.45E-09   7.43E-08   4.95E-09   7.42E-09   3.78E-03   7.03E-04   8.67E-07
 6.48E+06   5.81E-11   1.74E-09   1.28E-07   1.11E-08   1.67E-08   3.79E-03   7.04E-04   9.73E-07
 6.62E+06   1.13E-10   2.14E-09   2.14E-07   2.14E-08   3.21E-08   3.79E-03   7.04E-04   1.14E-06
 6.78E+06   1.95E-10   2.69E-09   3.38E-07   3.63E-08   5.44E-08   3.79E-03   7.04E-04   1.36E-06
 6.92E+06   3.01E-10   3.43E-09   4.96E-07   5.55E-08   8.33E-08   3.79E-03   7.04E-04   1.65E-06
 7.08E+06   4.26E-10   4.39E-09   6.81E-07   7.79E-08   1.17E-07   3.79E-03   7.04E-04   1.98E-06
 7.22E+06   5.64E-10   5.60E-09   8.83E-07   1.02E-07   1.53E-07   3.79E-03   7.04E-04   2.34E-06
 7.38E+06   7.10E-10   7.09E-09   1.09E-06   1.26E-07   1.90E-07   3.79E-03   7.05E-04   2.69E-06
 7.52E+06   8.77E-10   8.87E-09   1.29E-06   1.50E-07   2.25E-07   3.79E-03   7.05E-04   3.04E-06
 7.68E+06   1.09E-09   1.10E-08   1.49E-06   1.72E-07   2.58E-07   3.79E-03   7.05E-04   3.37E-06
 7.82E+06   1.40E-09   1.36E-08   1.68E-06   1.93E-07   2.90E-07   3.79E-03   7.05E-04   3.70E-06
 7.98E+06   1.85E-09   1.68E-08   1.88E-06   2.14E-07   3.21E-07   3.79E-03   7.05E-04   4.03E-06
 8.12E+06   2.52E-09   2.08E-08   2.08E-06   2.35E-07   3.53E-07   3.79E-03   7.05E-04   4.36E-06
 8.28E+06   3.57E-09   2.56E-08   2.29E-06   2.56E-07   3.83E-07   3.79E-03   7.05E-04   4.70E-06
 8.42E+06   5.46E-09   3.12E-08   2.51E-06   2.77E-07   4.14E-07   3.79E-03   7.05E-04   5.04E-06
 8.58E+06   9.09E-09   3.74E-08   2.73E-06   2.97E-07   4.43E-07   3.79E-03   7.05E-04   5.37E-06
 8.72E+06   1.60E-08   4.41E-08   2.96E-06   3.17E-07   4.70E-07   3.79E-03   7.05E-04   5.69E-06
 8.88E+06   2.82E-08   5.07E-08   3.20E-06   3.35E-07   4.94E-07   3.79E-03   7.05E-04   5.99E-06
 9.02E+06   4.86E-08   5.72E-08   3.45E-06   3.51E-07   5.16E-07   3.79E-03   7.05E-04   6.27E-06
 9.18E+06   8.07E-08   6.34E-08   3.72E-06   3.66E-07   5.35E-07   3.79E-03   7.05E-04   6.52E-06
 9.32E+06   1.29E-07   6.94E-08   4.01E-06   3.79E-07   5.51E-07   3.79E-03   7.05E-04   6.75E-06
 9.48E+06   2.03E-07   7.55E-08   4.32E-06   3.90E-07   5.64E-07   3.79E-03   7.05E-04   6.95E-06
 9.62E+06   3.24E-07   8.25E-08   4.65E-06   4.01E-07   5.75E-07   3.79E-03   7.05E-04   7.15E-06
 9.78E+06   5.62E-07   9.43E-08   5.00E-06   4.11E-07   5.83E-07   3.79E-03   7.05E-04   7.34E-06
 9.92E+06   1.13E-06   1.26E-07   5.41E-06   4.23E-07   5.92E-07   3.80E-03   7.05E-04   7.60E-06

     Z      PH2O2      PCO2_1     PCO2_2     PH2CO_1    PH2CO_2    PHO2       PCH4_1     PCH4_2     
 2.50E+04   1.97E-06   1.50E-25   0.00E+00   1.66E-05   9.71E-06   2.23E-14   0.00E+00   0.00E+00
 1.75E+05   2.22E-06   1.32E-22   0.00E+00   1.90E-05   1.13E-05   3.12E-13   0.00E+00   0.00E+00
 3.25E+05   2.43E-06   1.51E-20   0.00E+00   2.12E-05   1.28E-05   3.33E-12   0.00E+00   0.00E+00
 4.75E+05   2.60E-06   3.75E-19   0.00E+00   2.32E-05   1.41E-05   2.54E-11   0.00E+00   0.00E+00
 6.25E+05   2.73E-06   3.80E-18   0.00E+00   2.49E-05   1.53E-05   1.44E-10   0.00E+00   0.00E+00
 7.75E+05   2.83E-06   2.30E-17   0.00E+00   2.66E-05   1.64E-05   6.39E-10   0.00E+00   0.00E+00
 9.25E+05   2.92E-06   1.03E-16   0.00E+00   2.81E-05   1.75E-05   2.32E-09   0.00E+00   0.00E+00
 1.08E+06   3.03E-06   3.73E-16   0.00E+00   2.94E-05   1.84E-05   7.08E-09   0.00E+00   0.00E+00
 1.22E+06   3.16E-06   1.10E-15   0.00E+00   3.05E-05   1.92E-05   1.80E-08   0.00E+00   0.00E+00
 1.38E+06   3.28E-06   2.83E-15   0.00E+00   3.16E-05   2.00E-05   4.04E-08   0.00E+00   0.00E+00
 1.52E+06   3.42E-06   6.86E-15   0.00E+00   3.26E-05   2.09E-05   8.57E-08   0.00E+00   0.00E+00
 1.68E+06   3.58E-06   1.63E-14   0.00E+00   3.36E-05   2.18E-05   1.79E-07   0.00E+00   0.00E+00
 1.82E+06   3.77E-06   3.85E-14   0.00E+00   3.45E-05   2.28E-05   3.73E-07   0.00E+00   0.00E+00
 1.98E+06   4.00E-06   8.81E-14   0.00E+00   3.54E-05   2.39E-05   7.64E-07   0.00E+00   0.00E+00
 2.12E+06   4.30E-06   1.92E-13   0.00E+00   3.62E-05   2.52E-05   1.51E-06   0.00E+00   0.00E+00
 2.28E+06   4.69E-06   3.93E-13   2.42-166   3.70E-05   2.65E-05   2.85E-06   1.97-164   3.82-164
 2.42E+06   5.21E-06   7.51E-13   2.63-135   3.77E-05   2.80E-05   5.11E-06   2.14-133   4.15-133
 2.58E+06   5.90E-06   1.35E-12   1.57-110   3.85E-05   2.95E-05   8.71E-06   1.27-108   2.47-108
 2.72E+06   6.82E-06   2.28E-12   9.06E-91   3.92E-05   3.13E-05   1.42E-05   7.36E-89   1.43E-88
 2.88E+06   8.02E-06   3.66E-12   5.01E-75   4.00E-05   3.31E-05   2.21E-05   4.07E-73   7.90E-73
 3.02E+06   9.58E-06   5.61E-12   1.65E-62   4.08E-05   3.50E-05   3.32E-05   1.34E-60   2.60E-60
 3.18E+06   1.15E-05   8.18E-12   1.40E-52   4.16E-05   3.70E-05   4.81E-05   1.14E-50   2.21E-50
 3.32E+06   1.39E-05   1.14E-11   1.03E-44   4.24E-05   3.90E-05   6.74E-05   8.34E-43   1.62E-42
 3.48E+06   1.69E-05   1.51E-11   1.72E-38   4.32E-05   4.09E-05   9.15E-05   1.40E-36   2.71E-36
 3.62E+06   2.04E-05   1.93E-11   1.45E-33   4.40E-05   4.27E-05   1.20E-04   1.18E-31   2.28E-31
 3.78E+06   2.46E-05   2.37E-11   1.17E-29   4.47E-05   4.43E-05   1.51E-04   9.52E-28   1.85E-27
 3.92E+06   2.92E-05   2.82E-11   1.57E-26   4.53E-05   4.56E-05   1.81E-04   1.27E-24   2.47E-24
 4.08E+06   3.37E-05   3.27E-11   5.41E-24   4.59E-05   4.66E-05   2.08E-04   4.39E-22   8.53E-22
 4.22E+06   3.77E-05   3.73E-11   6.75E-22   4.63E-05   4.74E-05   2.31E-04   5.48E-20   1.06E-19
 4.38E+06   4.10E-05   4.22E-11   3.78E-20   4.67E-05   4.80E-05   2.49E-04   3.07E-18   5.96E-18
 4.52E+06   4.38E-05   4.74E-11   1.08E-18   4.70E-05   4.84E-05   2.63E-04   8.79E-17   1.71E-16
 4.68E+06   4.58E-05   5.32E-11   1.75E-17   4.72E-05   4.87E-05   2.74E-04   1.42E-15   2.75E-15
 4.82E+06   4.74E-05   5.96E-11   1.73E-16   4.73E-05   4.90E-05   2.82E-04   1.41E-14   2.73E-14
 4.98E+06   4.86E-05   6.67E-11   1.14E-15   4.74E-05   4.91E-05   2.88E-04   9.25E-14   1.79E-13
 5.12E+06   4.94E-05   7.45E-11   5.31E-15   4.75E-05   4.92E-05   2.92E-04   4.31E-13   8.37E-13
 5.28E+06   5.00E-05   8.28E-11   1.88E-14   4.76E-05   4.93E-05   2.96E-04   1.53E-12   2.95E-12
 5.42E+06   5.04E-05   9.17E-11   5.77E-14   4.76E-05   4.94E-05   2.98E-04   4.72E-12   8.72E-12
 5.58E+06   5.07E-05   1.01E-10   2.17E-13   4.76E-05   4.94E-05   3.00E-04   1.82E-11   2.80E-11
 5.72E+06   5.10E-05   1.11E-10   1.19E-12   4.76E-05   4.94E-05   3.01E-04   1.02E-10   1.27E-10
 5.88E+06   5.11E-05   1.22E-10   6.53E-12   4.76E-05   4.95E-05   3.02E-04   5.61E-10   6.39E-10
 6.02E+06   5.12E-05   1.34E-10   2.83E-11   4.77E-05   4.95E-05   3.03E-04   2.44E-09   2.69E-09
 6.18E+06   5.13E-05   1.47E-10   9.52E-11   4.77E-05   4.95E-05   3.03E-04   8.20E-09   8.98E-09
 6.32E+06   5.14E-05   1.62E-10   2.57E-10   4.77E-05   4.95E-05   3.04E-04   2.21E-08   2.41E-08
 6.48E+06   5.15E-05   1.80E-10   5.76E-10   4.77E-05   4.95E-05   3.04E-04   4.95E-08   5.39E-08
 6.62E+06   5.16E-05   2.01E-10   1.11E-09   4.77E-05   4.96E-05   3.05E-04   9.52E-08   1.03E-07
 6.78E+06   5.18E-05   2.25E-10   1.88E-09   4.78E-05   4.96E-05   3.05E-04   1.61E-07   1.75E-07
 6.92E+06   5.19E-05   2.54E-10   2.88E-09   4.79E-05   4.97E-05   3.05E-04   2.47E-07   2.67E-07
 7.08E+06   5.21E-05   2.88E-10   4.04E-09   4.80E-05   4.98E-05   3.06E-04   3.46E-07   3.74E-07
 7.22E+06   5.23E-05   3.27E-10   5.29E-09   4.80E-05   4.99E-05   3.06E-04   4.53E-07   4.90E-07
 7.38E+06   5.26E-05   3.70E-10   6.56E-09   4.81E-05   5.00E-05   3.06E-04   5.60E-07   6.06E-07
 7.52E+06   5.28E-05   4.18E-10   7.78E-09   4.82E-05   5.00E-05   3.07E-04   6.64E-07   7.18E-07
 7.68E+06   5.31E-05   4.70E-10   8.95E-09   4.83E-05   5.01E-05   3.07E-04   7.64E-07   8.26E-07
 7.82E+06   5.33E-05   5.26E-10   1.01E-08   4.84E-05   5.02E-05   3.07E-04   8.61E-07   9.31E-07
 7.98E+06   5.35E-05   5.89E-10   1.13E-08   4.85E-05   5.03E-05   3.07E-04   9.59E-07   1.04E-06
 8.12E+06   5.37E-05   6.61E-10   1.25E-08   4.85E-05   5.04E-05   3.08E-04   1.06E-06   1.15E-06
 8.28E+06   5.40E-05   7.44E-10   1.39E-08   4.86E-05   5.05E-05   3.08E-04   1.16E-06   1.26E-06
 8.42E+06   5.42E-05   8.42E-10   1.54E-08   4.88E-05   5.06E-05   3.08E-04   1.27E-06   1.37E-06
 8.58E+06   5.45E-05   9.64E-10   1.71E-08   4.89E-05   5.08E-05   3.08E-04   1.37E-06   1.48E-06
 8.72E+06   5.47E-05   1.13E-09   1.89E-08   4.91E-05   5.10E-05   3.08E-04   1.48E-06   1.59E-06
 8.88E+06   5.50E-05   1.36E-09   2.07E-08   4.94E-05   5.12E-05   3.09E-04   1.57E-06   1.69E-06
 9.02E+06   5.52E-05   1.69E-09   2.26E-08   4.96E-05   5.15E-05   3.09E-04   1.66E-06   1.79E-06
 9.18E+06   5.55E-05   2.12E-09   2.46E-08   4.99E-05   5.18E-05   3.09E-04   1.75E-06   1.87E-06
 9.32E+06   5.57E-05   2.65E-09   2.70E-08   5.02E-05   5.20E-05   3.09E-04   1.82E-06   1.94E-06
 9.48E+06   5.60E-05   3.23E-09   3.02E-08   5.05E-05   5.23E-05   3.09E-04   1.89E-06   2.01E-06
 9.62E+06   5.63E-05   3.82E-09   3.50E-08   5.07E-05   5.25E-05   3.09E-04   1.94E-06   2.06E-06
 9.78E+06   5.66E-05   4.38E-09   4.42E-08   5.10E-05   5.28E-05   3.09E-04   2.00E-06   2.11E-06
 9.92E+06   5.71E-05   4.88E-09   6.52E-08   5.14E-05   5.32E-05   3.09E-04   2.06E-06   2.17E-06

     Z      PCH4_3     PC2H6_1    PC2H6_2    PHNO2_1    PHNO3      PHNO3_3    PHNO3_1    PNO        
 2.50E+04   0.00E+00   0.00E+00   0.00E+00   5.38E-04   1.52E-07   4.50E-21   3.23E-21   0.00E+00
 1.75E+05   0.00E+00   0.00E+00   0.00E+00   5.97E-04   1.71E-07   9.06E-18   6.51E-18   0.00E+00
 3.25E+05   0.00E+00   0.00E+00   0.00E+00   6.51E-04   1.84E-07   1.27E-15   9.14E-16   4.50-142
 4.75E+05   0.00E+00   0.00E+00   0.00E+00   6.99E-04   1.93E-07   3.51E-14   2.52E-14   1.01E-74
 6.25E+05   0.00E+00   0.00E+00   0.00E+00   7.42E-04   1.98E-07   3.74E-13   2.68E-13   1.35E-53
 7.75E+05   0.00E+00   0.00E+00   0.00E+00   7.82E-04   1.98E-07   2.32E-12   1.66E-12   5.59E-43
 9.25E+05   0.00E+00   0.00E+00   0.00E+00   8.17E-04   1.96E-07   1.05E-11   7.53E-12   5.83E-36
 1.08E+06   0.00E+00   0.00E+00   0.00E+00   8.48E-04   2.00E-07   3.84E-11   2.76E-11   1.47E-30
 1.22E+06   0.00E+00   0.00E+00   0.00E+00   8.76E-04   2.15E-07   1.17E-10   8.39E-11   2.92E-26
 1.38E+06   0.00E+00   0.00E+00   0.00E+00   9.00E-04   2.38E-07   3.13E-10   2.25E-10   7.94E-23
 1.52E+06   0.00E+00   0.00E+00   0.00E+00   9.23E-04   2.78E-07   8.01E-10   5.75E-10   4.74E-20
 1.68E+06   0.00E+00   0.00E+00   0.00E+00   9.43E-04   3.49E-07   2.03E-09   1.46E-09   8.90E-18
 1.82E+06   0.00E+00   0.00E+00   0.00E+00   9.59E-04   4.80E-07   5.12E-09   3.68E-09   6.87E-16
 1.98E+06   0.00E+00   0.00E+00   0.00E+00   9.73E-04   7.21E-07   1.25E-08   8.98E-09   2.61E-14
 2.12E+06   0.00E+00   0.00E+00   0.00E+00   9.84E-04   1.14E-06   2.89E-08   2.07E-08   5.53E-13
 2.28E+06   5.89-164   0.00E+00   3.88-165   9.93E-04   1.84E-06   6.20E-08   4.45E-08   7.11E-12
 2.42E+06   6.40-133   0.00E+00   4.22-134   1.00E-03   2.90E-06   1.23E-07   8.85E-08   5.99E-11
 2.58E+06   3.81-108   0.00E+00   2.51-109   1.01E-03   4.43E-06   2.28E-07   1.63E-07   3.51E-10
 2.72E+06   2.20E-88   0.00E+00   1.45E-89   1.01E-03   6.50E-06   3.92E-07   2.82E-07   1.51E-09
 2.88E+06   1.22E-72   0.00E+00   8.04E-74   1.02E-03   9.14E-06   6.34E-07   4.55E-07   5.04E-09
 3.02E+06   4.01E-60   0.00E+00   2.64E-61   1.03E-03   1.23E-05   9.64E-07   6.92E-07   1.36E-08
 3.18E+06   3.41E-50   0.00E+00   2.25E-51   1.04E-03   1.59E-05   1.38E-06   9.93E-07   3.05E-08
 3.32E+06   2.50E-42   0.00E+00   1.65E-43   1.05E-03   1.99E-05   1.88E-06   1.35E-06   5.94E-08
 3.48E+06   4.18E-36   0.00E+00   2.75E-37   1.06E-03   2.40E-05   2.44E-06   1.75E-06   1.02E-07
 3.62E+06   3.52E-31   0.00E+00   2.32E-32   1.07E-03   2.82E-05   3.03E-06   2.18E-06   1.60E-07
 3.78E+06   2.85E-27   0.00E+00   1.88E-28   1.09E-03   3.21E-05   3.63E-06   2.60E-06   2.32E-07
 3.92E+06   3.81E-24   0.00E+00   2.51E-25   1.10E-03   3.58E-05   4.20E-06   3.01E-06   3.14E-07
 4.08E+06   1.32E-21   0.00E+00   8.67E-23   1.12E-03   3.90E-05   4.74E-06   3.41E-06   4.06E-07
 4.22E+06   1.64E-19   0.00E+00   1.08E-20   1.13E-03   4.16E-05   5.27E-06   3.78E-06   5.05E-07
 4.38E+06   9.19E-18   0.00E+00   6.06E-19   1.14E-03   4.37E-05   5.77E-06   4.14E-06   6.11E-07
 4.52E+06   2.63E-16   0.00E+00   1.73E-17   1.14E-03   4.54E-05   6.26E-06   4.49E-06   7.24E-07
 4.68E+06   4.25E-15   0.00E+00   2.80E-16   1.15E-03   4.68E-05   6.74E-06   4.84E-06   8.42E-07
 4.82E+06   4.21E-14   0.00E+00   2.78E-15   1.16E-03   4.78E-05   7.21E-06   5.18E-06   9.64E-07
 4.98E+06   2.77E-13   0.00E+00   1.82E-14   1.16E-03   4.87E-05   7.68E-06   5.51E-06   1.09E-06
 5.12E+06   1.29E-12   0.00E+00   8.52E-14   1.16E-03   4.94E-05   8.13E-06   5.84E-06   1.22E-06
 5.28E+06   4.53E-12   0.00E+00   3.06E-13   1.16E-03   4.99E-05   8.56E-06   6.15E-06   1.34E-06
 5.42E+06   1.27E-11   0.00E+00   1.05E-12   1.16E-03   5.04E-05   8.98E-06   6.45E-06   1.47E-06
 5.58E+06   3.03E-11   0.00E+00   5.47E-12   1.16E-03   5.08E-05   9.39E-06   6.74E-06   1.60E-06
 5.72E+06   7.14E-11   0.00E+00   3.83E-11   1.17E-03   5.10E-05   9.77E-06   7.02E-06   1.73E-06
 5.88E+06   1.93E-10   0.00E+00   2.25E-10   1.17E-03   5.13E-05   1.01E-05   7.28E-06   1.85E-06
 6.02E+06   5.85E-10   0.00E+00   9.87E-10   1.17E-03   5.15E-05   1.05E-05   7.54E-06   1.98E-06
 6.18E+06   1.69E-09   0.00E+00   3.30E-09   1.17E-03   5.17E-05   1.09E-05   7.79E-06   2.12E-06
 6.32E+06   4.27E-09   0.00E+00   8.81E-09   1.17E-03   5.18E-05   1.12E-05   8.04E-06   2.25E-06
 6.48E+06   9.28E-09   0.00E+00   1.95E-08   1.17E-03   5.20E-05   1.16E-05   8.31E-06   2.40E-06
 6.62E+06   1.75E-08   0.00E+00   3.70E-08   1.17E-03   5.22E-05   1.20E-05   8.58E-06   2.57E-06
 6.78E+06   2.94E-08   0.00E+00   6.20E-08   1.17E-03   5.24E-05   1.24E-05   8.89E-06   2.75E-06
 6.92E+06   4.45E-08   0.00E+00   9.38E-08   1.17E-03   5.26E-05   1.28E-05   9.21E-06   2.95E-06
 7.08E+06   6.21E-08   0.00E+00   1.30E-07   1.17E-03   5.29E-05   1.33E-05   9.56E-06   3.17E-06
 7.22E+06   8.11E-08   0.00E+00   1.69E-07   1.17E-03   5.31E-05   1.38E-05   9.93E-06   3.40E-06
 7.38E+06   1.00E-07   0.00E+00   2.09E-07   1.17E-03   5.36E-05   1.44E-05   1.03E-05   3.64E-06
 7.52E+06   1.19E-07   0.00E+00   2.46E-07   1.17E-03   5.40E-05   1.49E-05   1.07E-05   3.88E-06
 7.68E+06   1.37E-07   0.00E+00   2.83E-07   1.17E-03   5.45E-05   1.54E-05   1.11E-05   4.13E-06
 7.82E+06   1.54E-07   0.00E+00   3.21E-07   1.17E-03   5.49E-05   1.59E-05   1.14E-05   4.37E-06
 7.98E+06   1.73E-07   0.00E+00   3.60E-07   1.17E-03   5.53E-05   1.64E-05   1.18E-05   4.60E-06
 8.12E+06   1.92E-07   0.00E+00   4.03E-07   1.17E-03   5.57E-05   1.69E-05   1.21E-05   4.84E-06
 8.28E+06   2.11E-07   0.00E+00   4.48E-07   1.17E-03   5.61E-05   1.73E-05   1.24E-05   5.07E-06
 8.42E+06   2.31E-07   0.00E+00   4.95E-07   1.17E-03   5.65E-05   1.78E-05   1.28E-05   5.30E-06
 8.58E+06   2.51E-07   0.00E+00   5.42E-07   1.17E-03   5.69E-05   1.82E-05   1.31E-05   5.53E-06
 8.72E+06   2.71E-07   0.00E+00   5.88E-07   1.17E-03   5.73E-05   1.86E-05   1.34E-05   5.75E-06
 8.88E+06   2.89E-07   0.00E+00   6.32E-07   1.17E-03   5.76E-05   1.91E-05   1.37E-05   5.98E-06
 9.02E+06   3.06E-07   0.00E+00   6.72E-07   1.17E-03   5.79E-05   1.95E-05   1.40E-05   6.22E-06
 9.18E+06   3.21E-07   0.00E+00   7.08E-07   1.17E-03   5.83E-05   1.98E-05   1.42E-05   6.45E-06
 9.32E+06   3.33E-07   0.00E+00   7.38E-07   1.17E-03   5.86E-05   2.02E-05   1.45E-05   6.70E-06
 9.48E+06   3.44E-07   0.00E+00   7.65E-07   1.17E-03   5.89E-05   2.06E-05   1.48E-05   6.96E-06
 9.62E+06   3.53E-07   0.00E+00   7.87E-07   1.17E-03   5.92E-05   2.10E-05   1.51E-05   7.22E-06
 9.78E+06   3.62E-07   0.00E+00   8.07E-07   1.17E-03   5.96E-05   2.14E-05   1.54E-05   7.52E-06
 9.92E+06   3.73E-07   0.00E+00   8.31E-07   1.17E-03   6.00E-05   2.19E-05   1.57E-05   7.90E-06

     Z      PNO2_O1D   PNO2       PCH3_1     PSO        PH2S       PSO2       PSO2_SO21  PSO2_SO23  
 2.50E+04   1.03E-15   3.56E-03   1.23E-14   3.77E-14   4.12E-14   2.17E-14   3.63E-05   4.25E-07
 1.75E+05   1.41E-14   3.91E-03   1.73E-13   5.60E-13   2.67E-13   3.32E-13   4.30E-05   4.69E-07
 3.25E+05   1.47E-13   4.22E-03   1.81E-12   6.27E-12   2.79E-12   3.80E-12   4.91E-05   5.08E-07
 4.75E+05   1.10E-12   4.49E-03   1.33E-11   4.95E-11   2.24E-11   3.04E-11   5.47E-05   5.44E-07
 6.25E+05   6.15E-12   4.75E-03   7.34E-11   2.87E-10   1.32E-10   1.78E-10   5.99E-05   5.75E-07
 7.75E+05   2.70E-11   4.97E-03   3.18E-10   1.29E-09   6.01E-10   8.05E-10   6.48E-05   6.04E-07
 9.25E+05   9.75E-11   5.18E-03   1.14E-09   4.76E-09   2.23E-09   2.97E-09   6.95E-05   6.30E-07
 1.08E+06   2.95E-10   5.36E-03   3.40E-09   1.47E-08   6.91E-09   9.17E-09   7.38E-05   6.53E-07
 1.22E+06   7.48E-10   5.52E-03   8.50E-09   3.77E-08   1.78E-08   2.36E-08   7.78E-05   6.73E-07
 1.38E+06   1.67E-09   5.66E-03   1.88E-08   8.50E-08   4.04E-08   5.31E-08   8.19E-05   6.90E-07
 1.52E+06   3.53E-09   5.79E-03   3.93E-08   1.81E-07   8.61E-08   1.13E-07   8.68E-05   7.07E-07
 1.68E+06   7.39E-09   5.91E-03   8.15E-08   3.78E-07   1.80E-07   2.35E-07   9.32E-05   7.21E-07
 1.82E+06   1.54E-08   6.01E-03   1.69E-07   7.84E-07   3.71E-07   4.85E-07   1.02E-04   7.33E-07
 1.98E+06   3.18E-08   6.09E-03   3.47E-07   1.59E-06   7.48E-07   9.76E-07   1.13E-04   7.42E-07
 2.12E+06   6.34E-08   6.16E-03   6.92E-07   3.10E-06   1.45E-06   1.89E-06   1.27E-04   7.49E-07
 2.28E+06   1.21E-07   6.21E-03   1.33E-06   5.73E-06   2.65E-06   3.47E-06   1.44E-04   7.54E-07
 2.42E+06   2.20E-07   6.25E-03   2.45E-06   1.00E-05   4.59E-06   6.02E-06   1.65E-04   7.58E-07
 2.58E+06   3.81E-07   6.29E-03   4.33E-06   1.65E-05   7.53E-06   9.88E-06   1.91E-04   7.61E-07
 2.72E+06   6.32E-07   6.32E-03   7.34E-06   2.58E-05   1.17E-05   1.54E-05   2.23E-04   7.63E-07
 2.88E+06   1.01E-06   6.35E-03   1.19E-05   3.82E-05   1.73E-05   2.27E-05   2.61E-04   7.65E-07
 3.02E+06   1.55E-06   6.38E-03   1.82E-05   5.39E-05   2.45E-05   3.19E-05   3.07E-04   7.67E-07
 3.18E+06   2.29E-06   6.40E-03   2.61E-05   7.24E-05   3.32E-05   4.29E-05   3.60E-04   7.68E-07
 3.32E+06   3.29E-06   6.42E-03   3.54E-05   9.30E-05   4.34E-05   5.53E-05   4.19E-04   7.69E-07
 3.48E+06   4.55E-06   6.44E-03   4.50E-05   1.15E-04   5.45E-05   6.83E-05   4.85E-04   7.69E-07
 3.62E+06   6.03E-06   6.45E-03   5.42E-05   1.35E-04   6.60E-05   8.09E-05   5.53E-04   7.70E-07
 3.78E+06   7.61E-06   6.47E-03   6.20E-05   1.54E-04   7.71E-05   9.23E-05   6.21E-04   7.70E-07
 3.92E+06   9.10E-06   6.48E-03   6.82E-05   1.69E-04   8.68E-05   1.02E-04   6.84E-04   7.71E-07
 4.08E+06   1.04E-05   6.49E-03   7.28E-05   1.81E-04   9.49E-05   1.09E-04   7.37E-04   7.71E-07
 4.22E+06   1.14E-05   6.50E-03   7.62E-05   1.91E-04   1.01E-04   1.15E-04   7.81E-04   7.71E-07
 4.38E+06   1.22E-05   6.50E-03   7.87E-05   1.98E-04   1.06E-04   1.19E-04   8.15E-04   7.71E-07
 4.52E+06   1.29E-05   6.50E-03   8.06E-05   2.03E-04   1.10E-04   1.23E-04   8.41E-04   7.72E-07
 4.68E+06   1.34E-05   6.51E-03   8.20E-05   2.08E-04   1.14E-04   1.25E-04   8.60E-04   7.72E-07
 4.82E+06   1.37E-05   6.51E-03   8.30E-05   2.11E-04   1.16E-04   1.28E-04   8.74E-04   7.72E-07
 4.98E+06   1.40E-05   6.51E-03   8.38E-05   2.14E-04   1.18E-04   1.29E-04   8.84E-04   7.72E-07
 5.12E+06   1.42E-05   6.51E-03   8.44E-05   2.16E-04   1.19E-04   1.31E-04   8.91E-04   7.72E-07
 5.28E+06   1.44E-05   6.51E-03   8.48E-05   2.18E-04   1.21E-04   1.32E-04   8.96E-04   7.72E-07
 5.42E+06   1.45E-05   6.52E-03   8.52E-05   2.19E-04   1.22E-04   1.33E-04   8.99E-04   7.72E-07
 5.58E+06   1.46E-05   6.52E-03   8.54E-05   2.21E-04   1.22E-04   1.34E-04   9.02E-04   7.72E-07
 5.72E+06   1.47E-05   6.52E-03   8.56E-05   2.22E-04   1.23E-04   1.34E-04   9.03E-04   7.72E-07
 5.88E+06   1.48E-05   6.52E-03   8.57E-05   2.23E-04   1.24E-04   1.35E-04   9.04E-04   7.72E-07
 6.02E+06   1.49E-05   6.52E-03   8.58E-05   2.23E-04   1.24E-04   1.36E-04   9.05E-04   7.72E-07
 6.18E+06   1.50E-05   6.52E-03   8.59E-05   2.24E-04   1.24E-04   1.36E-04   9.05E-04   7.72E-07
 6.32E+06   1.51E-05   6.52E-03   8.60E-05   2.24E-04   1.25E-04   1.37E-04   9.06E-04   7.72E-07
 6.48E+06   1.52E-05   6.52E-03   8.60E-05   2.25E-04   1.25E-04   1.37E-04   9.06E-04   7.72E-07
 6.62E+06   1.53E-05   6.52E-03   8.61E-05   2.25E-04   1.26E-04   1.38E-04   9.06E-04   7.72E-07
 6.78E+06   1.54E-05   6.52E-03   8.61E-05   2.25E-04   1.26E-04   1.38E-04   9.06E-04   7.72E-07
 6.92E+06   1.56E-05   6.52E-03   8.61E-05   2.26E-04   1.27E-04   1.39E-04   9.06E-04   7.72E-07
 7.08E+06   1.58E-05   6.52E-03   8.62E-05   2.26E-04   1.28E-04   1.40E-04   9.06E-04   7.72E-07
 7.22E+06   1.61E-05   6.52E-03   8.62E-05   2.26E-04   1.28E-04   1.41E-04   9.06E-04   7.72E-07
 7.38E+06   1.63E-05   6.52E-03   8.62E-05   2.26E-04   1.29E-04   1.42E-04   9.06E-04   7.72E-07
 7.52E+06   1.65E-05   6.52E-03   8.62E-05   2.26E-04   1.30E-04   1.43E-04   9.06E-04   7.72E-07
 7.68E+06   1.68E-05   6.52E-03   8.62E-05   2.27E-04   1.31E-04   1.43E-04   9.06E-04   7.72E-07
 7.82E+06   1.70E-05   6.52E-03   8.62E-05   2.27E-04   1.31E-04   1.44E-04   9.06E-04   7.72E-07
 7.98E+06   1.72E-05   6.52E-03   8.62E-05   2.27E-04   1.32E-04   1.45E-04   9.06E-04   7.72E-07
 8.12E+06   1.75E-05   6.52E-03   8.62E-05   2.27E-04   1.32E-04   1.46E-04   9.06E-04   7.72E-07
 8.28E+06   1.77E-05   6.52E-03   8.62E-05   2.27E-04   1.33E-04   1.47E-04   9.06E-04   7.72E-07
 8.42E+06   1.80E-05   6.52E-03   8.62E-05   2.27E-04   1.34E-04   1.47E-04   9.06E-04   7.72E-07
 8.58E+06   1.82E-05   6.52E-03   8.62E-05   2.27E-04   1.34E-04   1.48E-04   9.07E-04   7.72E-07
 8.72E+06   1.85E-05   6.52E-03   8.62E-05   2.27E-04   1.35E-04   1.49E-04   9.07E-04   7.72E-07
 8.88E+06   1.88E-05   6.52E-03   8.62E-05   2.27E-04   1.35E-04   1.49E-04   9.07E-04   7.72E-07
 9.02E+06   1.90E-05   6.52E-03   8.62E-05   2.28E-04   1.36E-04   1.50E-04   9.07E-04   7.72E-07
 9.18E+06   1.93E-05   6.52E-03   8.62E-05   2.28E-04   1.36E-04   1.51E-04   9.07E-04   7.72E-07
 9.32E+06   1.97E-05   6.52E-03   8.62E-05   2.28E-04   1.37E-04   1.51E-04   9.07E-04   7.72E-07
 9.48E+06   2.00E-05   6.52E-03   8.62E-05   2.28E-04   1.37E-04   1.51E-04   9.07E-04   7.72E-07
 9.62E+06   2.04E-05   6.52E-03   8.62E-05   2.28E-04   1.37E-04   1.52E-04   9.07E-04   7.72E-07
 9.78E+06   2.08E-05   6.52E-03   8.62E-05   2.28E-04   1.38E-04   1.52E-04   9.07E-04   7.72E-07
 9.92E+06   2.15E-05   6.52E-03   8.62E-05   2.28E-04   1.39E-04   1.53E-04   9.07E-04   7.72E-07

     Z      PS2        PS4        PS3        PS8L       PS8R       PS8        PSO3       PHSO       
 2.50E+04   2.88E-05   1.15E-01   5.33E-01   0.00E+00   0.00E+00   7.64E-14   6.54E-08   2.23E-14
 1.75E+05   3.40E-05   1.19E-01   5.73E-01   0.00E+00   0.00E+00   1.07E-13   7.64E-08   3.12E-13
 3.25E+05   3.88E-05   1.22E-01   6.08E-01   0.00E+00   0.00E+00   1.46E-13   8.63E-08   3.33E-12
 4.75E+05   4.31E-05   1.26E-01   6.40E-01   0.00E+00   0.00E+00   1.94E-13   9.53E-08   2.54E-11
 6.25E+05   4.71E-05   1.28E-01   6.69E-01   0.00E+00   0.00E+00   2.55E-13   1.04E-07   1.44E-10
 7.75E+05   5.09E-05   1.31E-01   6.95E-01   0.00E+00   0.00E+00   3.33E-13   1.11E-07   6.39E-10
 9.25E+05   5.45E-05   1.33E-01   7.18E-01   0.00E+00   0.00E+00   4.32E-13   1.19E-07   2.32E-09
 1.08E+06   5.77E-05   1.35E-01   7.39E-01   0.00E+00   0.00E+00   5.69E-13   1.26E-07   7.08E-09
 1.22E+06   6.08E-05   1.37E-01   7.57E-01   0.00E+00   0.00E+00   7.58E-13   1.33E-07   1.80E-08
 1.38E+06   6.38E-05   1.39E-01   7.73E-01   0.00E+00   0.00E+00   1.01E-12   1.41E-07   4.04E-08
 1.52E+06   6.74E-05   1.41E-01   7.89E-01   0.00E+00   0.00E+00   1.35E-12   1.53E-07   8.57E-08
 1.68E+06   7.19E-05   1.43E-01   8.03E-01   0.00E+00   0.00E+00   1.81E-12   1.72E-07   1.79E-07
 1.82E+06   7.76E-05   1.45E-01   8.14E-01   0.00E+00   0.00E+00   2.42E-12   2.05E-07   3.73E-07
 1.98E+06   8.50E-05   1.46E-01   8.23E-01   0.00E+00   0.00E+00   3.23E-12   2.63E-07   7.64E-07
 2.12E+06   9.41E-05   1.47E-01   8.29E-01   0.00E+00   0.00E+00   4.33E-12   3.64E-07   1.51E-06
 2.28E+06   1.05E-04   1.48E-01   8.34E-01   0.00E+00   0.00E+00   5.82E-12   5.35E-07   2.85E-06
 2.42E+06   1.19E-04   1.48E-01   8.37E-01   0.00E+00   0.00E+00   7.83E-12   8.07E-07   5.11E-06
 2.58E+06   1.36E-04   1.48E-01   8.40E-01   0.00E+00   0.00E+00   1.06E-11   1.22E-06   8.71E-06
 2.72E+06   1.56E-04   1.49E-01   8.42E-01   0.00E+00   0.00E+00   1.43E-11   1.81E-06   1.42E-05
 2.88E+06   1.81E-04   1.49E-01   8.44E-01   0.00E+00   0.00E+00   1.95E-11   2.60E-06   2.21E-05
 3.02E+06   2.11E-04   1.49E-01   8.45E-01   0.00E+00   0.00E+00   2.67E-11   3.64E-06   3.32E-05
 3.18E+06   2.46E-04   1.49E-01   8.46E-01   0.00E+00   0.00E+00   3.67E-11   4.91E-06   4.81E-05
 3.32E+06   2.86E-04   1.50E-01   8.47E-01   0.00E+00   0.00E+00   5.05E-11   6.40E-06   6.74E-05
 3.48E+06   3.29E-04   1.50E-01   8.47E-01   0.00E+00   0.00E+00   6.95E-11   8.09E-06   9.15E-05
 3.62E+06   3.72E-04   1.50E-01   8.48E-01   0.00E+00   0.00E+00   9.53E-11   9.92E-06   1.20E-04
 3.78E+06   4.13E-04   1.50E-01   8.48E-01   0.00E+00   0.00E+00   1.30E-10   1.18E-05   1.51E-04
 3.92E+06   4.49E-04   1.50E-01   8.49E-01   0.00E+00   0.00E+00   1.76E-10   1.36E-05   1.81E-04
 4.08E+06   4.78E-04   1.50E-01   8.49E-01   0.00E+00   0.00E+00   2.34E-10   1.52E-05   2.08E-04
 4.22E+06   5.01E-04   1.50E-01   8.49E-01   0.00E+00   0.00E+00   3.05E-10   1.66E-05   2.31E-04
 4.38E+06   5.19E-04   1.50E-01   8.49E-01   0.00E+00   0.00E+00   3.92E-10   1.77E-05   2.49E-04
 4.52E+06   5.32E-04   1.50E-01   8.49E-01   0.00E+00   0.00E+00   4.97E-10   1.86E-05   2.63E-04
 4.68E+06   5.42E-04   1.50E-01   8.49E-01   0.00E+00   0.00E+00   6.26E-10   1.93E-05   2.74E-04
 4.82E+06   5.49E-04   1.50E-01   8.49E-01   0.00E+00   0.00E+00   7.82E-10   1.98E-05   2.82E-04
 4.98E+06   5.53E-04   1.50E-01   8.49E-01   0.00E+00   0.00E+00   9.73E-10   2.02E-05   2.88E-04
 5.12E+06   5.57E-04   1.50E-01   8.49E-01   0.00E+00   0.00E+00   1.21E-09   2.06E-05   2.92E-04
 5.28E+06   5.59E-04   1.50E-01   8.50E-01   0.00E+00   0.00E+00   1.50E-09   2.08E-05   2.96E-04
 5.42E+06   5.61E-04   1.50E-01   8.50E-01   0.00E+00   0.00E+00   1.85E-09   2.10E-05   2.98E-04
 5.58E+06   5.62E-04   1.50E-01   8.50E-01   0.00E+00   0.00E+00   2.29E-09   2.12E-05   3.00E-04
 5.72E+06   5.63E-04   1.50E-01   8.50E-01   0.00E+00   0.00E+00   2.84E-09   2.13E-05   3.01E-04
 5.88E+06   5.64E-04   1.50E-01   8.50E-01   0.00E+00   0.00E+00   3.53E-09   2.14E-05   3.02E-04
 6.02E+06   5.64E-04   1.50E-01   8.50E-01   0.00E+00   0.00E+00   4.38E-09   2.15E-05   3.03E-04
 6.18E+06   5.64E-04   1.50E-01   8.50E-01   0.00E+00   0.00E+00   5.46E-09   2.16E-05   3.03E-04
 6.32E+06   5.64E-04   1.50E-01   8.50E-01   0.00E+00   0.00E+00   6.80E-09   2.16E-05   3.04E-04
 6.48E+06   5.64E-04   1.50E-01   8.50E-01   0.00E+00   0.00E+00   8.50E-09   2.17E-05   3.04E-04
 6.62E+06   5.64E-04   1.50E-01   8.50E-01   0.00E+00   0.00E+00   1.07E-08   2.18E-05   3.05E-04
 6.78E+06   5.64E-04   1.50E-01   8.50E-01   0.00E+00   0.00E+00   1.34E-08   2.18E-05   3.05E-04
 6.92E+06   5.64E-04   1.50E-01   8.50E-01   0.00E+00   0.00E+00   1.68E-08   2.19E-05   3.05E-04
 7.08E+06   5.65E-04   1.50E-01   8.50E-01   0.00E+00   0.00E+00   2.12E-08   2.19E-05   3.06E-04
 7.22E+06   5.65E-04   1.50E-01   8.50E-01   0.00E+00   0.00E+00   2.69E-08   2.20E-05   3.06E-04
 7.38E+06   5.65E-04   1.50E-01   8.50E-01   0.00E+00   0.00E+00   3.42E-08   2.21E-05   3.06E-04
 7.52E+06   5.65E-04   1.50E-01   8.50E-01   0.00E+00   0.00E+00   4.35E-08   2.22E-05   3.07E-04
 7.68E+06   5.65E-04   1.50E-01   8.50E-01   0.00E+00   0.00E+00   5.54E-08   2.22E-05   3.07E-04
 7.82E+06   5.65E-04   1.50E-01   8.50E-01   0.00E+00   0.00E+00   7.05E-08   2.23E-05   3.07E-04
 7.98E+06   5.65E-04   1.50E-01   8.50E-01   0.00E+00   0.00E+00   8.96E-08   2.24E-05   3.07E-04
 8.12E+06   5.65E-04   1.50E-01   8.50E-01   0.00E+00   0.00E+00   1.14E-07   2.24E-05   3.08E-04
 8.28E+06   5.65E-04   1.50E-01   8.50E-01   0.00E+00   0.00E+00   1.45E-07   2.25E-05   3.08E-04
 8.42E+06   5.65E-04   1.50E-01   8.50E-01   0.00E+00   0.00E+00   1.84E-07   2.25E-05   3.08E-04
 8.58E+06   5.65E-04   1.50E-01   8.50E-01   0.00E+00   0.00E+00   2.34E-07   2.26E-05   3.08E-04
 8.72E+06   5.65E-04   1.50E-01   8.50E-01   0.00E+00   0.00E+00   2.98E-07   2.27E-05   3.08E-04
 8.88E+06   5.65E-04   1.50E-01   8.50E-01   0.00E+00   0.00E+00   3.78E-07   2.27E-05   3.09E-04
 9.02E+06   5.65E-04   1.50E-01   8.50E-01   0.00E+00   0.00E+00   4.79E-07   2.28E-05   3.09E-04
 9.18E+06   5.65E-04   1.50E-01   8.50E-01   0.00E+00   0.00E+00   6.08E-07   2.29E-05   3.09E-04
 9.32E+06   5.65E-04   1.50E-01   8.50E-01   0.00E+00   0.00E+00   7.71E-07   2.30E-05   3.09E-04
 9.48E+06   5.65E-04   1.50E-01   8.50E-01   0.00E+00   0.00E+00   9.76E-07   2.31E-05   3.09E-04
 9.62E+06   5.65E-04   1.50E-01   8.50E-01   0.00E+00   0.00E+00   1.24E-06   2.32E-05   3.09E-04
 9.78E+06   5.65E-04   1.50E-01   8.50E-01   0.00E+00   0.00E+00   1.56E-06   2.35E-05   3.09E-04
 9.92E+06   5.65E-04   1.50E-01   8.50E-01   0.00E+00   0.00E+00   1.98E-06   2.45E-05   3.09E-04

     Z      POCS       PNO3_NO    PNO3_NO2   PN2O       PHO2NO2_NO2PHO2NO2_NO3PN2O5_NO2  PN2O5_NO   
 2.50E+04   1.05E-11   1.06E-02   8.32E-02   4.06E-17   1.51E-06   3.78E-07   3.92E-10   1.00E-05
 1.75E+05   1.25E-11   1.08E-02   8.47E-02   6.93E-16   1.76E-06   4.40E-07   4.90E-10   1.15E-05
 3.25E+05   1.45E-11   1.10E-02   8.59E-02   8.61E-15   1.99E-06   4.97E-07   5.90E-10   1.28E-05
 4.75E+05   1.67E-11   1.12E-02   8.69E-02   7.20E-14   2.20E-06   5.49E-07   7.14E-10   1.40E-05
 6.25E+05   2.06E-11   1.14E-02   8.76E-02   4.24E-13   2.39E-06   5.97E-07   9.64E-10   1.51E-05
 7.75E+05   3.11E-11   1.15E-02   8.80E-02   1.88E-12   2.56E-06   6.41E-07   1.71E-09   1.61E-05
 9.25E+05   6.19E-11   1.17E-02   8.82E-02   6.75E-12   2.73E-06   6.82E-07   4.02E-09   1.70E-05
 1.08E+06   1.43E-10   1.19E-02   8.86E-02   2.06E-11   2.88E-06   7.20E-07   1.05E-08   1.79E-05
 1.22E+06   3.24E-10   1.20E-02   8.96E-02   5.39E-11   3.02E-06   7.55E-07   2.53E-08   1.86E-05
 1.38E+06   6.86E-10   1.22E-02   9.07E-02   1.24E-10   3.17E-06   7.92E-07   5.60E-08   1.93E-05
 1.52E+06   1.42E-09   1.23E-02   9.19E-02   2.69E-10   3.34E-06   8.36E-07   1.18E-07   2.00E-05
 1.68E+06   2.97E-09   1.25E-02   9.32E-02   5.68E-10   3.57E-06   8.96E-07   2.46E-07   2.08E-05
 1.82E+06   6.33E-09   1.26E-02   9.43E-02   1.18E-09   3.90E-06   9.82E-07   5.07E-07   2.16E-05
 1.98E+06   1.35E-08   1.27E-02   9.52E-02   2.39E-09   4.40E-06   1.11E-06   1.02E-06   2.25E-05
 2.12E+06   2.84E-08   1.28E-02   9.59E-02   4.61E-09   5.16E-06   1.32E-06   1.98E-06   2.35E-05
 2.28E+06   5.76E-08   1.29E-02   9.65E-02   8.43E-09   6.32E-06   1.64E-06   3.65E-06   2.46E-05
 2.42E+06   1.13E-07   1.29E-02   9.71E-02   1.45E-08   8.06E-06   2.12E-06   6.35E-06   2.59E-05
 2.58E+06   2.12E-07   1.29E-02   9.76E-02   2.35E-08   1.06E-05   2.81E-06   1.04E-05   2.73E-05
 2.72E+06   3.86E-07   1.30E-02   9.80E-02   3.60E-08   1.40E-05   3.78E-06   1.63E-05   2.90E-05
 2.88E+06   6.78E-07   1.30E-02   9.85E-02   5.23E-08   1.87E-05   5.08E-06   2.41E-05   3.09E-05
 3.02E+06   1.15E-06   1.30E-02   9.90E-02   7.25E-08   2.48E-05   6.75E-06   3.42E-05   3.31E-05
 3.18E+06   1.90E-06   1.30E-02   9.95E-02   9.61E-08   3.23E-05   8.81E-06   4.66E-05   3.56E-05
 3.32E+06   3.02E-06   1.30E-02   1.00E-01   1.22E-07   4.15E-05   1.13E-05   6.11E-05   3.84E-05
 3.48E+06   4.60E-06   1.30E-02   1.00E-01   1.50E-07   5.25E-05   1.43E-05   7.76E-05   4.14E-05
 3.62E+06   6.65E-06   1.30E-02   1.01E-01   1.77E-07   6.59E-05   1.78E-05   9.61E-05   4.48E-05
 3.78E+06   9.03E-06   1.30E-02   1.01E-01   2.02E-07   8.20E-05   2.20E-05   1.17E-04   4.85E-05
 3.92E+06   1.14E-05   1.30E-02   1.01E-01   2.23E-07   9.99E-05   2.66E-05   1.38E-04   5.22E-05
 4.08E+06   1.36E-05   1.30E-02   1.01E-01   2.40E-07   1.18E-04   3.13E-05   1.58E-04   5.56E-05
 4.22E+06   1.54E-05   1.30E-02   1.01E-01   2.53E-07   1.34E-04   3.55E-05   1.77E-04   5.85E-05
 4.38E+06   1.69E-05   1.30E-02   1.01E-01   2.64E-07   1.48E-04   3.91E-05   1.92E-04   6.10E-05
 4.52E+06   1.80E-05   1.30E-02   1.01E-01   2.73E-07   1.59E-04   4.20E-05   2.05E-04   6.29E-05
 4.68E+06   1.88E-05   1.30E-02   1.01E-01   2.82E-07   1.68E-04   4.43E-05   2.15E-04   6.43E-05
 4.82E+06   1.95E-05   1.30E-02   1.00E-01   2.90E-07   1.75E-04   4.61E-05   2.23E-04   6.53E-05
 4.98E+06   1.99E-05   1.30E-02   1.00E-01   2.97E-07   1.80E-04   4.74E-05   2.29E-04   6.61E-05
 5.12E+06   2.02E-05   1.31E-02   1.00E-01   3.04E-07   1.83E-04   4.83E-05   2.33E-04   6.66E-05
 5.28E+06   2.05E-05   1.31E-02   9.99E-02   3.10E-07   1.86E-04   4.90E-05   2.37E-04   6.70E-05
 5.42E+06   2.06E-05   1.31E-02   9.97E-02   3.15E-07   1.88E-04   4.96E-05   2.40E-04   6.73E-05
 5.58E+06   2.08E-05   1.31E-02   9.95E-02   3.21E-07   1.89E-04   4.99E-05   2.42E-04   6.75E-05
 5.72E+06   2.09E-05   1.31E-02   9.93E-02   3.26E-07   1.90E-04   5.02E-05   2.44E-04   6.76E-05
 5.88E+06   2.09E-05   1.31E-02   9.91E-02   3.30E-07   1.91E-04   5.04E-05   2.46E-04   6.77E-05
 6.02E+06   2.10E-05   1.31E-02   9.89E-02   3.35E-07   1.91E-04   5.06E-05   2.47E-04   6.77E-05
 6.18E+06   2.10E-05   1.31E-02   9.87E-02   3.41E-07   1.92E-04   5.07E-05   2.49E-04   6.77E-05
 6.32E+06   2.11E-05   1.31E-02   9.85E-02   3.50E-07   1.92E-04   5.08E-05   2.50E-04   6.78E-05
 6.48E+06   2.11E-05   1.32E-02   9.82E-02   3.64E-07   1.92E-04   5.09E-05   2.51E-04   6.78E-05
 6.62E+06   2.12E-05   1.32E-02   9.80E-02   3.86E-07   1.92E-04   5.09E-05   2.52E-04   6.78E-05
 6.78E+06   2.14E-05   1.32E-02   9.78E-02   4.15E-07   1.93E-04   5.10E-05   2.54E-04   6.78E-05
 6.92E+06   2.15E-05   1.32E-02   9.76E-02   4.52E-07   1.93E-04   5.10E-05   2.55E-04   6.78E-05
 7.08E+06   2.17E-05   1.32E-02   9.74E-02   4.94E-07   1.93E-04   5.10E-05   2.57E-04   6.78E-05
 7.22E+06   2.19E-05   1.32E-02   9.72E-02   5.41E-07   1.93E-04   5.10E-05   2.59E-04   6.78E-05
 7.38E+06   2.21E-05   1.32E-02   9.72E-02   5.91E-07   1.93E-04   5.10E-05   2.61E-04   6.78E-05
 7.52E+06   2.24E-05   1.32E-02   9.72E-02   6.40E-07   1.93E-04   5.11E-05   2.63E-04   6.78E-05
 7.68E+06   2.26E-05   1.32E-02   9.72E-02   6.88E-07   1.93E-04   5.11E-05   2.64E-04   6.78E-05
 7.82E+06   2.28E-05   1.32E-02   9.72E-02   7.38E-07   1.93E-04   5.11E-05   2.66E-04   6.78E-05
 7.98E+06   2.31E-05   1.32E-02   9.72E-02   7.91E-07   1.93E-04   5.11E-05   2.68E-04   6.78E-05
 8.12E+06   2.33E-05   1.32E-02   9.72E-02   8.51E-07   1.93E-04   5.11E-05   2.70E-04   6.78E-05
 8.28E+06   2.36E-05   1.32E-02   9.72E-02   9.23E-07   1.93E-04   5.11E-05   2.71E-04   6.78E-05
 8.42E+06   2.39E-05   1.32E-02   9.72E-02   1.01E-06   1.93E-04   5.11E-05   2.73E-04   6.78E-05
 8.58E+06   2.43E-05   1.32E-02   9.72E-02   1.11E-06   1.93E-04   5.11E-05   2.75E-04   6.78E-05
 8.72E+06   2.47E-05   1.32E-02   9.72E-02   1.23E-06   1.93E-04   5.11E-05   2.77E-04   6.78E-05
 8.88E+06   2.52E-05   1.32E-02   9.72E-02   1.36E-06   1.93E-04   5.11E-05   2.78E-04   6.78E-05
 9.02E+06   2.59E-05   1.32E-02   9.72E-02   1.49E-06   1.93E-04   5.11E-05   2.80E-04   6.78E-05
 9.18E+06   2.67E-05   1.32E-02   9.72E-02   1.62E-06   1.93E-04   5.11E-05   2.82E-04   6.78E-05
 9.32E+06   2.76E-05   1.32E-02   9.72E-02   1.75E-06   1.93E-04   5.11E-05   2.84E-04   6.78E-05
 9.48E+06   2.87E-05   1.32E-02   9.72E-02   1.87E-06   1.93E-04   5.11E-05   2.87E-04   6.78E-05
 9.62E+06   3.02E-05   1.32E-02   9.72E-02   1.99E-06   1.93E-04   5.11E-05   2.89E-04   6.78E-05
 9.78E+06   3.26E-05   1.32E-02   9.72E-02   2.10E-06   1.93E-04   5.11E-05   2.92E-04   6.78E-05
 9.92E+06   3.71E-05   1.32E-02   9.72E-02   2.26E-06   1.93E-04   5.11E-05   2.96E-04   6.78E-05
