   1      H2O      +  O1D       =    OH       +  OH                  
   2      H2       +  O1D       =    OH       +  H                   
   3      H2       +  O         =    OH       +  H                   
   4      H2       +  OH        =    H2O      +  H                   
   5      H        +  O3        =    OH       +  O2                  
   6      H        +  O2        =    HO2      +                      
   7      H        +  HO2       =    H2       +  O2                  
   8      H        +  HO2       =    H2O      +  O                   
   9      H        +  HO2       =    OH       +  OH                  
  10      OH       +  O         =    H        +  O2                  
  11      OH       +  HO2       =    H2O      +  O2                  
  12      OH       +  O3        =    HO2      +  O2                  
  13      HO2      +  O         =    OH       +  O2                  
  14      HO2      +  O3        =    OH       +  O2          O2      
  15      HO2      +  HO2       =    H2O2     +  O2                  
  16      H2O2     +  OH        =    HO2      +  H2O                 
  17      O        +  O         =    O2       +                      
  18      O        +  O2        =    O3       +                      
  19      O        +  O3        =    O2       +  O2                  
  20      OH       +  OH        =    H2O      +  O                   
  21      O1D      +  N2        =    O        +  N2                  
  22      O1D      +  O2        =    O        +  O2                  
  23      O2       +  HV        =    O        +  O1D                 
  24      O2       +  HV        =    O        +  O                   
  25      H2O      +  HV        =    H        +  OH                  
  26      H2O      +  HV        =    H2       +  O1D                 
  27      H2O      +  HV        =    H        +  H           O       
  28      O3       +  HV        =    O2       +  O1D                 
  29      O3       +  HV        =    O2       +  O                   
  30      O3       +  HV        =    O        +  O           O       
  31      H        +  CO        =    HCO      +                      
  32      H        +  HCO       =    H2       +  CO                  
  33      HCO      +  HCO       =    H2CO     +  CO                  
  34      OH       +  HCO       =    H2O      +  CO                  
  35      O        +  HCO       =    H        +  CO2                 
  36      O        +  HCO       =    OH       +  CO                  
  37      H2O2     +  HV        =    OH       +  OH                  
  38      CO2      +  HV        =    CO       +  O                   
  39      CO2      +  HV        =    CO       +  O1D                 
  40      CO       +  OH        =    CO2      +  H                   
  41      CO       +  O         =    CO2      +                      
  42      H2CO     +  HV        =    H2       +  CO                  
  43      H2CO     +  HV        =    HCO      +  H                   
  44      HCO      +  HV        =    H        +  CO                  
  45      H2CO     +  H         =    H2       +  HCO                 
  46      H        +  H         =    H2       +                      
  47      HCO      +  O2        =    HO2      +  CO                  
  48      H2CO     +  OH        =    H2O      +  HCO                 
  49      H        +  OH        =    H2O      +                      
  50      OH       +  OH        =    H2O2     +                      
  51      H2CO     +  O         =    HCO      +  OH                  
  52      H2O2     +  O         =    OH       +  HO2                 
  53      HO2      +  HV        =    OH       +  O                   
  54      CH4      +  HV        =    CH21     +  H2                  
  55      CH4      +  HV        =    CH3      +  H                   
  56      CH4      +  HV        =    CH23     +  H           H       
  57      C2H6     +  HV        =    CH23     +  CH23        H2      
  58      C2H6     +  HV        =    CH4      +  CH21                
  59      HNO2     +  HV        =    NO       +  OH                  
  60      HNO3     +  HV        =    NO2      +  OH                  
  61      HNO3     +  HV        =    HNO2     +  O                   
  62      HNO3     +  HV        =    HNO2     +  O1D                 
  63      NO       +  HV        =    N        +  O                   
  64      NO2      +  HV        =    NO       +  O1D                 
  65      NO2      +  HV        =    NO       +  O                   
  66      CH4      +  OH        =    CH3      +  H2O                 
  67      CH4      +  O1D       =    CH3      +  OH                  
  68      CH4      +  O1D       =    H2CO     +  H2                  
  69      CH21     +  CH4       =    CH3      +  CH3                 
  70      CH21     +  O2        =    HCO      +  OH                  
  71      CH21     +  N2        =    CH23     +  N2                  
  72      CH23     +  H2        =    CH3      +  H                   
  73      CH23     +  CH4       =    CH3      +  CH3                 
  74      CH23     +  O2        =    HCO      +  OH                  
  75      CH3      +  O2        =    H2CO     +  OH                  
  76      CH3      +  O         =    H2CO     +  H                   
  77      CH3      +  CH3       =    C2H6     +                      
  78      CH3      +  HV        =    CH21     +  H                   
  79      CH3      +  H         =    CH4      +                      
  80      CH3      +  HCO       =    CH4      +  CO                  
  81      CH3      +  HNO       =    CH4      +  NO                  
  82      CH3      +  H2CO      =    CH4      +  HCO                 
  83      H        +  NO        =    HNO      +                      
  84      N        +  N         =    N2       +                      
  85      N        +  O2        =    NO       +  O                   
  86      N        +  O3        =    NO       +  O2                  
  87      N        +  OH        =    NO       +  H                   
  88      N        +  NO        =    N2       +  O                   
  89      NO       +  O3        =    NO2      +  O2                  
  90      NO       +  O         =    NO2      +                      
  91      NO       +  HO2       =    NO2      +  OH                  
  92      NO       +  OH        =    HNO2     +                      
  93      NO2      +  O         =    NO       +  O2                  
  94      NO2      +  OH        =    HNO3     +                      
  95      NO2      +  H         =    NO       +  OH                  
  96      HNO3     +  OH        =    H2O      +  NO3                 
  97      HCO      +  NO        =    HNO      +  CO                  
  98      HNO      +  HV        =    NO       +  H                   
  99      H        +  HNO       =    H2       +  NO                  
 100      O        +  HNO       =    OH       +  NO                  
 101      OH       +  HNO       =    H2O      +  NO                  
 102      HNO2     +  OH        =    H2O      +  NO2                 
 103      CH4      +  O         =    CH3      +  OH                  
 104      CH21     +  H2        =    CH3      +  H                   
 105      CH21     +  CO2       =    H2CO     +  CO                  
 106      CH23     +  O         =    HCO      +  H                   
 107      CH23     +  CO2       =    H2CO     +  CO                  
 108      C2H6     +  OH        =    C2H5     +  H2O                 
 109      C2H6     +  O         =    C2H5     +  OH                  
 110      C2H6     +  O1D       =    C2H5     +  OH                  
 111      C2H5     +  H         =    CH3      +  CH3                 
 112      C2H5     +  O         =    CH3      +  HCO         H       
 113      C2H5     +  OH        =    CH3      +  HCO         H2      
 114      C2H5     +  HCO       =    C2H6     +  CO                  
 115      C2H5     +  HNO       =    C2H6     +  NO                  
 116      C2H5     +  O2        =    CH3      +  HCO         OH      
 117      SO       +  HV        =    S        +  O                   
 118      H2S      +  HV        =    HS       +  H                   
 119      SO2      +  HV        =    SO       +  O                   
 120      SO2      +  HV        =    SO21     +                      
 121      SO2      +  HV        =    SO23     +                      
 122      SO       +  O2        =    O        +  SO2                 
 123      SO       +  HO2       =    SO2      +  OH                  
 124      SO       +  O         =    SO2      +                      
 125      SO       +  OH        =    SO2      +  H                   
 126      SO2      +  OH        =    HSO3     +                      
 127      SO2      +  O         =    SO3      +                      
 128      SO3      +  H2O       =    H2SO4    +                      
 129      HSO3     +  O2        =    HO2      +  SO3                 
 130      HSO3     +  OH        =    H2O      +  SO3                 
 131      HSO3     +  H         =    H2       +  SO3                 
 132      HSO3     +  O         =    OH       +  SO3                 
 133      H2S      +  OH        =    H2O      +  HS                  
 134      H2S      +  H         =    H2       +  HS                  
 135      H2S      +  O         =    OH       +  HS                  
 136      HS       +  O         =    H        +  SO                  
 137      HS       +  O2        =    OH       +  SO                  
 138      HS       +  HO2       =    H2S      +  O2                  
 139      HS       +  HS        =    H2S      +  S                   
 140      HS       +  HCO       =    H2S      +  CO                  
 141      HS       +  H         =    H2       +  S                   
 142      HS       +  S         =    H        +  S2                  
 143      S        +  O2        =    SO       +  O                   
 144      S        +  OH        =    SO       +  H                   
 145      S        +  HCO       =    HS       +  CO                  
 146      S        +  HO2       =    HS       +  O2                  
 147      S        +  HO2       =    SO       +  OH                  
 148      S        +  S         =    S2       +                      
 149      S2       +  OH        =    HSO      +  S                   
 150      S2       +  O         =    S        +  SO                  
 151      HS       +  H2CO      =    H2S      +  HCO                 
 152      S2       +  HV        =    S        +  S                   
 153      S2       +  HV        =    S2       +                      
 154      S        +  S2        =    S3       +                      
 155      S2       +  S2        =    S4       +                      
 156      S        +  S3        =    S4       +                      
 157      S4       +  S4        =    S8       +                      
 158      S4       +  HV        =    S2       +  S2                  
 159      S3       +  HV        =    S2       +  S                   
 160      S8       +  HV        =    S4       +  S4                  
 161      S8       +  HV        =    S4       +  S4                  
 162      S8       +  HV        =    S4       +  S4                  
 163      SO3      +  HV        =    SO2      +  O                   
 164      SO21     +  M         =    SO23     +  M                   
 165      SO21     +  M         =    SO2      +  M                   
 166      SO21     +  HV        =    SO23     +  HV                  
 167      SO21     +  HV        =    SO2      +  HV                  
 168      SO21     +  O2        =    SO3      +  O                   
 169      SO21     +  SO2       =    SO3      +  SO                  
 170      SO23     +  M         =    SO2      +  M                   
 171      SO23     +  HV        =    SO2      +  HV                  
 172      SO23     +  SO2       =    SO3      +  SO                  
 173      SO       +  NO2       =    SO2      +  NO                  
 174      SO       +  O3        =    SO2      +  O2                  
 175      SO2      +  HO2       =    SO3      +  OH                  
 176      HS       +  O3        =    HSO      +  O2                  
 177      HS       +  NO2       =    HSO      +  NO                  
 178      S        +  O3        =    SO       +  O2                  
 179      SO       +  SO        =    SO2      +  S                   
 180      SO3      +  SO        =    SO2      +  SO2                 
 181      S        +  CO2       =    SO       +  CO                  
 182      SO       +  HO2       =    HSO      +  O2                  
 183      SO       +  HCO       =    HSO      +  CO                  
 184      H        +  SO        =    HSO      +                      
 185      HSO      +  HV        =    HS       +  O                   
 186      HSO      +  NO        =    HNO      +  SO                  
 187      HSO      +  OH        =    H2O      +  SO                  
 188      HSO      +  H         =    HS       +  OH                  
 189      HSO      +  H         =    H2       +  SO                  
 190      HSO      +  HS        =    H2S      +  SO                  
 191      HSO      +  O         =    OH       +  SO                  
 192      HSO      +  S         =    HS       +  SO                  
 193      SO3      +  CO        =    SO2      +  CO2                 
 194      H        +  OCS       =    CO       +  HS                  
 195      HS       +  CO        =    OCS      +  H                   
 196      O        +  OCS       =    CO       +  SO                  
 197      O        +  OCS       =    S        +  CO2                 
 198      OCS      +  S         =    CO       +  S2                  
 199      OCS      +  OH        =    CO2      +  HS                  
 200      S        +  HCO       =    OCS      +  H                   
 201      S        +  CO        =    OCS      +                      
 202      OCS      +  HV        =    CO       +  S                   
 203      CO       +  O1D       =    CO       +  O                   
 204      CO       +  O1D       =    CO2      +                      
 205      H2S      +  HO2       =    H2O      +  HSO                 
 206      OCS      +  S         =    OCS2     +                      
 207      OCS2     +  S         =    OCS      +  S2                  
 208      S3       +  O         =    S2       +  SO                  
 209      S4       +  O         =    S3       +  SO                  
 210      OCS2     +  CO        =    OCS      +  OCS                 
 211      O        +  NO3       =    O2       +  NO2                 
 212      HO2      +  NO3       =    OH       +  NO2         O2      
 213      NO       +  NO3       =    NO2      +  NO2                 
 214      O        +  NO2       =    NO3      +                      
 215      OH       +  NO3       =    HO2      +  NO2                 
 216      NO3      +  HV        =    NO       +  O2                  
 217      NO3      +  HV        =    NO2      +  O                   
 218      N        +  NO2       =    N2O      +  O                   
 219      O1D      +  N2        =    N2O      +                      
 220      O1D      +  N2O       =    N2       +  O2                  
 221      O1D      +  N2O       =    NO       +  NO                  
 222      N2O      +  HV        =    N2       +  O1D                 
 223      N        +  HO2       =    NO       +  OH                  
 224      O        +  N2O5      =    NO2      +  NO2         O2      
 225      NO2      +  NO3       =    N2O5     +                      
 226      N2O5     +  M         =    NO3      +  NO2                 
 227      NO2      +  NO3       =    NO       +  NO2         O2      
 228      NO2      +  O3        =    NO3      +  O2                  
 229      NO3      +  NO3       =    NO2      +  NO2         O2      
 230      HO2      +  NO2       =    HO2NO2   +                      
 231      O        +  HO2NO2    =    OH       +  NO2         O2      
 232      OH       +  HO2NO2    =    H2O      +  NO2         O2      
 233      HO2NO2   +  M         =    HO2      +  NO2                 
 234      HO2NO2   +  HV        =    HO2      +  NO2                 
 235      HO2NO2   +  HV        =    OH       +  NO3                 
 236      N2O5     +  HV        =    NO3      +  NO2                 
 237      N2O5     +  HV        =    NO3      +  NO          O       
 238      O        +  HNO3      =    OH       +  NO3                 
 239      HO2      +  NO2       =    HNO2     +  O2                  


 NQ=40     NZ=200     KJAC= 968000

 PO2= 1.354E-03  PNO= 3.743E-03  ZAPO2= 4.768E+01  ZAPNO = 1.319E+02  PRONO = 1.000E+09  PRONOP = 1.047E+08  ZAPCO = 1.240E+01  ZAPH2 = 3.520E+02
 N= 4     X= 1.60557E-01  ERR= 2.02243E-06

 TIME = 0.00E+00     TIMEY = 0.00E+00 YEARS

 NPHOT =    0

 MIXING RATIOS OF LONG-LIVED SPECIES


     Z        O        O2       H2O      H        OH       HO2      H2O2     H2       CO       HCO      H2CO     CH4      CH3      C2H6     NO       NO2      HNO      H2S     
  2.50E+04 1.58E-15 2.10E-03 1.19E-02 3.96E-19 4.02E-14 1.25E-11 1.43E-09 5.30E-07 1.10E-07 1.59E-20 2.13E-10 1.80E-06 1.40E-19 6.23E-23 5.79E-13 8.10E-13 7.57E-18 9.25E-12
  7.50E+04 1.86E-15 2.10E-03 1.01E-02 4.40E-19 4.42E-14 1.30E-11 1.53E-09 5.30E-07 1.07E-07 1.76E-20 2.13E-10 1.80E-06 1.45E-19 6.22E-23 6.11E-13 8.19E-13 7.42E-18 6.45E-12
  1.25E+05 2.24E-15 2.10E-03 8.48E-03 4.91E-19 4.91E-14 1.35E-11 1.61E-09 5.31E-07 1.04E-07 1.89E-20 2.06E-10 1.80E-06 1.51E-19 6.22E-23 6.58E-13 8.53E-13 6.14E-18 4.45E-12
  1.75E+05 2.75E-15 2.10E-03 7.04E-03 5.51E-19 5.49E-14 1.40E-11 1.68E-09 5.31E-07 1.01E-07 2.02E-20 1.98E-10 1.79E-06 1.58E-19 6.20E-23 7.19E-13 9.12E-13 4.74E-18 3.04E-12
  3.75E+05 6.97E-15 2.10E-03 2.90E-03 8.33E-19 8.30E-14 1.51E-11 1.71E-09 5.32E-07 8.91E-08 2.40E-20 1.60E-10 1.79E-06 1.77E-19 6.08E-23 1.19E-12 1.43E-12 1.44E-18 6.13E-13
  5.75E+05 1.71E-14 2.10E-03 8.74E-04 1.02E-18 1.04E-13 1.38E-11 1.33E-09 5.33E-07 7.93E-08 2.12E-20 1.06E-10 1.78E-06 1.49E-19 5.81E-23 1.80E-12 1.91E-12 6.42E-19 1.20E-13
  7.75E+05 3.66E-14 2.10E-03 1.65E-04 9.11E-19 9.75E-14 1.03E-11 8.36E-10 5.33E-07 7.17E-08 1.21E-20 5.06E-11 1.78E-06 8.08E-20 5.53E-23 1.79E-12 1.43E-12 9.79E-19 2.71E-14
  9.75E+05 6.89E-14 2.10E-03 1.89E-05 8.12E-19 9.37E-14 6.61E-12 4.53E-10 5.33E-07 6.61E-08 6.22E-21 2.12E-11 1.77E-06 3.78E-20 5.34E-23 4.61E-12 2.36E-12 4.96E-18 7.54E-15
  1.18E+06 2.04E-13 2.10E-03 5.14E-06 1.14E-18 1.23E-13 4.30E-12 1.68E-10 5.34E-07 5.76E-08 5.87E-21 1.44E-11 1.77E-06 3.88E-20 5.13E-23 1.41E-11 6.48E-12 1.12E-17 1.31E-15
  1.38E+06 1.04E-12 2.10E-03 4.85E-06 1.87E-18 2.24E-13 3.16E-12 3.56E-11 5.36E-07 3.69E-08 1.05E-20 1.66E-11 1.73E-06 7.49E-20 5.01E-23 3.91E-11 2.94E-11 6.03E-18 1.79E-17
  1.58E+06 4.08E-12 2.10E-03 5.01E-06 2.88E-18 4.52E-13 3.60E-12 2.37E-11 5.39E-07 1.71E-08 2.15E-20 2.05E-11 1.62E-06 1.63E-19 6.76E-23 8.41E-11 8.51E-11 2.72E-18 2.16E-19
  1.78E+06 1.17E-11 2.10E-03 5.27E-06 6.46E-18 9.28E-13 5.24E-12 2.76E-11 5.44E-07 9.64E-09 4.29E-20 2.38E-11 1.47E-06 3.45E-19 1.33E-22 1.40E-10 1.37E-10 1.52E-18 1.19E-19
  1.98E+06 3.14E-11 2.10E-03 5.56E-06 2.35E-17 1.96E-12 8.82E-12 4.04E-11 5.49E-07 8.22E-09 8.89E-20 2.74E-11 1.28E-06 7.66E-19 3.08E-22 1.64E-10 1.40E-10 4.96E-19 3.61E-20
  2.18E+06 8.72E-11 2.10E-03 5.84E-06 1.16E-16 4.24E-12 1.39E-11 4.89E-11 5.57E-07 8.26E-09 1.96E-19 3.20E-11 1.10E-06 1.87E-18 7.47E-22 1.40E-10 9.76E-11 4.19E-19 5.03E-22
  2.38E+06 2.30E-10 2.10E-03 6.06E-06 6.84E-16 9.46E-12 1.81E-11 3.93E-11 5.74E-07 8.23E-09 4.47E-19 3.64E-11 9.34E-07 4.77E-18 1.83E-21 9.88E-11 4.54E-11 4.99E-19 5.27E-24
  2.58E+06 5.23E-10 2.10E-03 6.20E-06 3.92E-15 2.00E-11 1.99E-11 2.55E-11 6.08E-07 7.80E-09 8.95E-19 3.72E-11 8.01E-07 1.09E-17 4.25E-21 6.32E-11 1.34E-11 5.91E-19 6.65E-26
  2.78E+06 9.59E-10 2.10E-03 6.24E-06 1.60E-14 3.36E-11 2.15E-11 1.90E-11 6.70E-07 7.58E-09 1.29E-18 3.27E-11 7.00E-07 1.83E-17 1.09E-20 3.74E-11 2.83E-12 5.80E-19 1.60E-27
  2.98E+06 1.39E-09 2.10E-03 6.18E-06 4.16E-14 4.41E-11 2.46E-11 1.66E-11 7.66E-07 8.10E-09 1.34E-18 2.55E-11 6.27E-07 2.27E-17 4.57E-20 2.16E-11 6.98E-13 4.44E-19 7.75E-29
  3.18E+06 1.85E-09 2.10E-03 6.04E-06 9.35E-14 5.49E-11 2.95E-11 1.61E-11 8.97E-07 9.28E-09 1.30E-18 1.94E-11 5.70E-07 2.67E-17 2.40E-19 1.34E-11 2.45E-13 3.46E-19 5.88E-30
  3.38E+06 2.37E-09 2.10E-03 5.83E-06 2.03E-13 6.84E-11 3.63E-11 1.70E-11 1.07E-06 1.10E-08 1.26E-18 1.47E-11 5.20E-07 3.19E-17 1.10E-18 9.49E-12 1.19E-13 3.04E-19 6.94E-31
  3.58E+06 3.01E-09 2.10E-03 5.56E-06 4.39E-13 8.54E-11 4.51E-11 1.88E-11 1.27E-06 1.35E-08 1.20E-18 1.09E-11 4.73E-07 3.80E-17 4.10E-18 7.81E-12 7.64E-14 3.11E-19 1.19E-31
  3.78E+06 3.85E-09 2.10E-03 5.25E-06 9.55E-13 1.07E-10 5.64E-11 2.15E-11 1.51E-06 1.70E-08 1.12E-18 7.86E-12 4.26E-07 4.41E-17 1.24E-17 7.67E-12 6.38E-14 3.80E-19 2.89E-32
  3.98E+06 5.00E-09 2.10E-03 4.89E-06 2.13E-12 1.35E-10 7.11E-11 2.56E-11 1.78E-06 2.29E-08 1.01E-18 5.43E-12 3.77E-07 4.94E-17 3.15E-17 8.86E-12 6.60E-14 5.49E-19 9.13E-33
  4.18E+06 6.70E-09 2.10E-03 4.48E-06 5.02E-12 1.73E-10 9.13E-11 3.22E-11 2.09E-06 3.56E-08 1.23E-18 4.17E-12 3.24E-07 6.24E-17 6.96E-17 1.16E-11 7.98E-14 9.15E-19 3.52E-33
  4.38E+06 8.85E-09 2.10E-03 4.01E-06 1.28E-11 2.41E-10 1.28E-10 4.78E-11 2.44E-06 6.53E-08 6.81E-18 9.69E-12 2.66E-07 2.53E-16 1.36E-16 1.63E-11 1.15E-13 1.79E-18 1.79E-33
  4.58E+06 1.09E-08 2.10E-03 3.48E-06 3.68E-11 3.90E-10 2.09E-10 9.28E-11 2.83E-06 1.30E-07 4.24E-17 3.44E-11 2.04E-07 1.77E-15 2.45E-16 2.36E-11 2.07E-13 4.24E-18 1.40E-33
  4.78E+06 1.39E-08 2.10E-03 2.92E-06 1.14E-10 6.41E-10 3.49E-10 1.79E-10 3.26E-06 2.48E-07 1.44E-16 7.23E-11 1.44E-07 7.72E-15 4.17E-16 3.45E-11 3.71E-13 1.03E-17 1.22E-33
  4.98E+06 1.93E-08 2.10E-03 2.55E-06 3.58E-10 9.91E-10 5.39E-10 2.95E-10 3.70E-06 4.44E-07 2.99E-16 9.84E-11 9.32E-08 2.16E-14 6.66E-16 5.04E-11 5.87E-13 2.34E-17 1.09E-33
  5.18E+06 2.91E-08 2.10E-03 2.16E-06 1.08E-09 1.39E-09 7.40E-10 3.87E-10 4.16E-06 7.56E-07 4.46E-16 1.03E-10 5.65E-08 4.42E-14 9.52E-16 7.35E-11 7.76E-13 4.74E-17 9.57E-34
  5.38E+06 4.75E-08 2.10E-03 1.75E-06 3.17E-09 1.78E-09 9.08E-10 4.14E-10 4.61E-06 1.26E-06 5.36E-16 9.25E-11 3.26E-08 7.06E-14 1.17E-15 1.08E-10 8.71E-13 8.72E-17 7.88E-34
  5.58E+06 8.46E-08 2.10E-03 1.33E-06 8.98E-09 2.08E-09 9.96E-10 3.66E-10 5.05E-06 2.09E-06 5.57E-16 7.58E-11 1.81E-08 8.82E-14 1.23E-15 1.61E-10 8.33E-13 1.47E-16 5.58E-34
  5.78E+06 1.69E-07 2.10E-03 9.35E-07 2.50E-08 2.14E-09 9.55E-10 2.59E-10 5.44E-06 3.39E-06 5.28E-16 5.98E-11 9.89E-09 8.11E-14 1.11E-15 2.46E-10 6.57E-13 2.23E-16 2.97E-34
  5.98E+06 3.78E-07 2.10E-03 6.04E-07 7.65E-08 2.14E-09 8.77E-10 1.47E-10 5.75E-06 5.29E-06 4.82E-16 4.50E-11 5.37E-09 5.18E-14 9.29E-16 3.94E-10 4.53E-13 3.43E-16 1.21E-34
  6.18E+06 9.31E-06 2.09E-03 3.36E-07 3.46E-07 3.40E-10 1.20E-10 1.68E-11 5.88E-06 7.86E-06 4.12E-16 3.07E-11 2.94E-09 2.65E-15 7.58E-16 4.51E-10 1.28E-14 5.00E-17 1.78E-36
  6.38E+06 7.31E-05 2.06E-03 1.74E-07 6.06E-07 9.51E-11 1.68E-11 1.01E-12 5.91E-06 1.09E-05 3.02E-16 5.44E-12 1.59E-09 3.18E-16 6.09E-16 1.74E-10 2.12E-15 2.74E-18 6.01E-39
  6.58E+06 2.22E-04 1.99E-03 8.76E-08 7.56E-07 4.92E-11 4.70E-12 6.11E-14 5.91E-06 1.41E-05 1.40E-16 1.58E-12 8.51E-10 8.56E-17 4.85E-16 8.72E-11 7.52E-16 3.97E-19 1.55E-41
  6.78E+06 4.72E-04 1.86E-03 4.40E-08 8.38E-07 2.66E-11 1.61E-12 3.95E-15 5.91E-06 1.74E-05 6.64E-17 6.22E-13 4.62E-10 3.28E-17 3.87E-16 4.76E-11 2.90E-16 7.92E-20 4.57E-44
  6.98E+06 8.18E-04 1.69E-03 2.22E-08 8.83E-07 1.39E-11 6.24E-13 2.76E-16 5.91E-06 2.08E-05 3.44E-17 2.96E-13 2.55E-10 1.55E-17 3.10E-16 2.57E-11 1.10E-16 1.83E-20 4.75E-46
  7.18E+06 1.24E-03 1.48E-03 1.13E-08 9.09E-07 6.93E-12 2.61E-13 2.13E-17 5.91E-06 2.43E-05 1.96E-17 1.62E-13 1.43E-10 8.42E-18 2.51E-16 1.35E-11 4.08E-17 4.59E-21 3.24E-47
  7.38E+06 1.70E-03 1.25E-03 5.78E-09 9.25E-07 3.26E-12 1.15E-13 1.88E-18 5.91E-06 2.78E-05 1.22E-17 9.82E-14 8.25E-11 5.13E-18 2.05E-16 7.03E-12 1.49E-17 1.24E-21 3.98E-48
  7.58E+06 2.16E-03 1.02E-03 3.03E-09 9.36E-07 1.46E-12 5.26E-14 1.91E-19 5.91E-06 3.12E-05 8.23E-18 6.53E-14 4.86E-11 3.44E-18 1.70E-16 3.70E-12 5.50E-18 3.65E-22 6.34E-49
  7.78E+06 2.60E-03 8.23E-04 1.63E-09 9.44E-07 6.28E-13 2.49E-14 2.26E-20 5.91E-06 3.44E-05 5.97E-18 4.68E-14 2.94E-11 2.49E-18 1.42E-16 2.05E-12 2.14E-18 1.19E-22 1.21E-49
  7.98E+06 2.99E-03 6.56E-04 9.06E-10 9.49E-07 2.66E-13 1.22E-14 3.13E-21 5.91E-06 3.73E-05 4.62E-18 3.58E-14 1.84E-11 1.94E-18 1.21E-16 1.23E-12 9.03E-19 4.39E-23 2.67E-50
  8.18E+06 3.35E-03 5.20E-04 5.20E-10 9.52E-07 1.12E-13 6.09E-15 4.93E-22 5.91E-06 3.99E-05 3.74E-18 2.86E-14 1.18E-11 1.59E-18 1.04E-16 8.07E-13 4.16E-19 1.81E-23 6.44E-51
  8.38E+06 3.71E-03 4.13E-04 3.07E-10 9.55E-07 4.82E-14 3.09E-15 8.54E-23 5.91E-06 4.21E-05 3.15E-18 2.36E-14 7.81E-12 1.36E-18 8.99E-17 5.70E-13 2.06E-19 8.15E-24 1.65E-51
  8.58E+06 4.08E-03 3.31E-04 1.88E-10 9.57E-07 2.18E-14 1.58E-15 1.62E-23 5.91E-06 4.39E-05 2.75E-18 2.00E-14 5.33E-12 1.20E-18 7.89E-17 4.27E-13 1.09E-19 3.92E-24 4.48E-52
  8.78E+06 4.48E-03 2.69E-04 1.20E-10 9.58E-07 1.10E-14 8.24E-16 3.39E-24 5.92E-06 4.53E-05 2.50E-18 1.75E-14 3.80E-12 1.11E-18 7.01E-17 3.35E-13 5.99E-20 1.97E-24 1.29E-52
  8.98E+06 4.94E-03 2.22E-04 8.15E-11 9.59E-07 6.62E-15 4.36E-16 7.82E-25 5.92E-06 4.63E-05 2.38E-18 1.60E-14 2.86E-12 1.07E-18 6.33E-17 2.73E-13 3.43E-20 1.02E-24 3.97E-53
  9.18E+06 5.49E-03 1.89E-04 5.90E-11 9.60E-07 4.91E-15 2.34E-16 2.01E-25 5.92E-06 4.71E-05 2.39E-18 1.52E-14 2.29E-12 1.10E-18 5.80E-17 2.30E-13 2.03E-20 5.47E-25 1.33E-53
  9.38E+06 6.15E-03 1.65E-04 4.63E-11 9.61E-07 4.39E-15 1.29E-16 5.81E-26 5.93E-06 4.76E-05 2.58E-18 1.54E-14 1.97E-12 1.21E-18 5.41E-17 2.01E-13 1.24E-20 3.00E-25 4.90E-54
  9.58E+06 6.93E-03 1.48E-04 4.00E-11 9.62E-07 4.45E-15 7.22E-17 1.92E-26 5.93E-06 4.79E-05 3.01E-18 1.66E-14 1.86E-12 1.43E-18 5.13E-17 1.81E-13 7.86E-21 1.69E-25 2.01E-54
  9.78E+06 7.87E-03 1.36E-04 3.85E-11 9.62E-07 4.87E-15 4.13E-17 7.76E-27 5.93E-06 4.80E-05 3.77E-18 1.90E-14 1.90E-12 1.83E-18 4.93E-17 1.68E-13 5.12E-21 9.75E-26 9.34E-55
  9.98E+06 8.98E-03 1.29E-04 4.09E-11 9.62E-07 5.59E-15 2.41E-17 4.79E-27 5.93E-06 4.81E-05 4.89E-18 2.09E-14 2.10E-12 2.51E-18 4.79E-17 1.60E-13 3.43E-21 5.75E-26 5.73E-55

     Z        HS       S        SO       SO2      H2SO4    HSO      S2       S4       S8       SO3      OCS      S3       O3       HNO3     N        NO3      N2O      HO2NO2  
  2.50E+04 8.13E-17 3.11E-29 1.01E-17 6.30E-11 3.64E-12 9.32E-13 1.10E-32 1.63E-55 1.14E-90 1.39E-21 2.92E-22 1.99E-53 5.99E-09 4.57E-12 9.79E-79 3.89E-17 3.00E-07 1.73E-14
  7.50E+04 5.87E-17 2.04E-29 1.20E-17 9.69E-11 5.59E-12 9.02E-13 7.18E-33 6.17E-56 1.14E-90 2.82E-21 2.91E-22 7.51E-54 6.42E-09 5.13E-12 7.02E-74 3.93E-17 3.00E-07 2.48E-14
  1.25E+05 4.14E-17 1.64E-29 1.27E-17 1.26E-10 7.66E-12 7.27E-13 4.32E-33 2.00E-56 1.14E-90 4.95E-21 2.90E-22 3.21E-54 7.09E-09 5.85E-12 4.29E-69 4.21E-17 2.99E-07 3.69E-14
  1.75E+05 2.85E-17 1.74E-29 1.37E-17 1.50E-10 9.88E-12 5.39E-13 2.79E-33 7.46E-57 1.14E-90 8.13E-21 2.89E-22 1.95E-54 8.00E-09 6.76E-12 2.22E-64 4.73E-17 2.99E-07 5.74E-14
  3.75E+05 5.12E-18 1.38E-28 3.81E-17 2.27E-10 1.90E-11 1.21E-13 2.06E-33 2.62E-57 1.14E-90 5.14E-20 2.84E-22 7.07E-54 1.45E-08 1.14E-11 2.71E-46 9.22E-17 2.97E-07 4.48E-13
  5.75E+05 7.57E-19 1.98E-27 1.96E-16 2.93E-10 2.53E-11 4.31E-14 3.02E-33 3.66E-57 1.14E-90 3.32E-19 2.78E-22 9.36E-53 2.61E-08 1.44E-11 1.24E-30 1.60E-16 2.95E-07 3.82E-12
  7.75E+05 1.49E-19 2.40E-26 1.04E-15 3.64E-10 2.60E-11 8.17E-14 5.81E-33 8.79E-57 1.14E-90 2.50E-18 2.72E-22 1.38E-51 4.30E-08 1.45E-11 6.87E-24 2.29E-16 2.93E-07 1.25E-11
  9.75E+05 1.68E-19 2.50E-25 5.40E-15 4.25E-10 2.52E-11 2.00E-13 4.75E-32 3.78E-55 1.14E-90 3.00E-17 2.66E-22 7.40E-50 6.45E-08 1.58E-11 6.33E-21 3.48E-16 2.90E-07 1.74E-11
  1.18E+06 1.70E-19 1.50E-24 1.60E-14 4.87E-10 2.78E-11 1.98E-13 1.69E-31 2.73E-54 1.14E-90 2.79E-16 2.53E-22 8.85E-49 1.18E-07 2.66E-11 2.50E-19 7.20E-16 2.83E-07 2.13E-11
  1.38E+06 3.66E-20 4.64E-24 2.39E-14 4.78E-10 3.40E-11 5.61E-14 5.66E-32 1.62E-55 1.14E-90 5.70E-16 2.01E-22 4.83E-49 3.20E-07 9.30E-11 2.84E-18 4.47E-15 2.54E-07 3.61E-11
  1.58E+06 1.39E-20 1.12E-23 2.53E-14 3.37E-10 3.26E-11 1.88E-14 2.11E-32 1.19E-56 1.14E-90 8.36E-16 1.09E-22 2.27E-49 6.51E-07 2.24E-10 1.92E-17 2.18E-14 1.92E-07 5.42E-11
  1.78E+06 1.30E-20 2.76E-23 2.56E-14 1.79E-10 2.35E-11 9.95E-15 2.06E-32 6.00E-57 1.13E-90 8.86E-16 3.78E-23 2.88E-49 9.41E-07 2.89E-10 1.06E-16 4.97E-14 1.20E-07 5.41E-11
  1.98E+06 5.51E-21 2.25E-23 8.39E-15 2.86E-11 5.29E-12 2.07E-15 2.94E-33 6.41E-59 1.13E-90 3.23E-16 7.58E-24 1.75E-50 1.22E-06 2.33E-10 4.71E-16 7.13E-14 6.33E-08 3.67E-11
  2.18E+06 1.09E-22 8.59E-25 1.30E-16 2.17E-13 6.49E-14 1.86E-17 8.61E-37 2.88E-66 1.12E-90 7.07E-18 6.70E-25 1.02E-55 1.47E-06 1.30E-10 1.65E-15 7.24E-14 2.95E-08 1.51E-11
  2.38E+06 2.06E-24 2.91E-26 1.89E-18 1.45E-15 6.60E-16 1.33E-19 2.17E-40 9.58E-74 1.12E-90 1.50E-19 2.24E-26 4.57E-61 1.50E-06 5.05E-11 4.41E-15 4.64E-14 1.27E-08 3.19E-12
  2.58E+06 5.13E-26 9.06E-28 2.84E-20 8.96E-18 7.17E-17 9.74E-22 7.51E-44 6.11E-81 1.11E-90 2.43E-21 2.29E-28 2.62E-66 1.11E-06 1.30E-11 8.10E-15 1.66E-14 5.27E-09 3.77E-13
  2.78E+06 2.05E-27 2.80E-29 5.10E-22 6.60E-20 5.88E-17 1.03E-23 5.09E-47 1.53E-87 1.11E-90 2.88E-23 8.23E-31 2.98E-71 5.84E-07 2.19E-12 1.03E-14 3.53E-15 2.21E-09 3.64E-14
  2.98E+06 1.28E-28 1.20E-30 1.44E-23 9.54E-22 3.51E-17 2.30E-25 9.39E-50 2.86E-93 1.10E-90 4.31E-25 2.05E-33 1.29E-75 3.12E-07 3.77E-13 1.08E-14 7.15E-16 9.78E-10 5.32E-15
  3.18E+06 1.14E-29 8.41E-32 6.99E-25 2.91E-23 1.41E-17 1.01E-26 4.36E-52 3.49E-98 1.09E-90 1.25E-26 9.00E-36 2.31E-79 1.89E-07 9.10E-14 1.07E-14 1.89E-16 4.54E-10 1.25E-15
  3.38E+06 1.49E-30 1.00E-32 5.90E-26 1.75E-24 5.67E-18 8.12E-28 5.27E-54 1.66E-99 1.09E-90 7.33E-28 2.75E-37 1.80E-82 1.22E-07 3.06E-14 1.08E-14 6.62E-17 2.23E-10 4.22E-16
  3.58E+06 2.81E-31 1.91E-33 8.08E-27 1.86E-25 1.99E-18 1.09E-28 1.48E-55 2.32E-99 1.08E-90 7.44E-29 2.62E-38 5.17E-85 8.22E-08 1.38E-14 1.19E-14 3.04E-17 1.15E-10 1.95E-16
  3.78E+06 7.36E-32 5.63E-34 1.72E-27 3.29E-26 4.83E-19 2.26E-29 8.87E-57 3.23E-99 1.07E-90 1.15E-29 4.17E-39 4.89E-87 5.75E-08 8.16E-15 1.49E-14 1.82E-17 6.39E-11 1.19E-16
  3.98E+06 2.50E-32 2.33E-34 5.18E-28 8.59E-27 7.11E-20 6.56E-30 9.51E-58 4.49E-99 1.06E-90 2.44E-30 9.74E-40 1.15E-88 4.15E-08 6.04E-15 2.11E-14 1.37E-17 3.76E-11 9.06E-17
  4.18E+06 1.02E-32 1.24E-34 2.01E-28 3.05E-27 7.10E-21 2.44E-30 1.54E-58 6.25E-99 1.05E-90 6.61E-31 3.35E-40 5.24E-90 3.11E-08 5.32E-15 3.27E-14 1.22E-17 2.34E-11 8.20E-17
  4.38E+06 5.19E-33 7.45E-35 8.75E-29 1.34E-27 5.51E-22 1.12E-30 3.54E-59 8.74E-99 1.04E-90 2.33E-31 2.22E-40 3.75E-91 2.28E-08 5.98E-15 5.02E-14 1.28E-17 1.52E-11 9.34E-17
  4.58E+06 3.61E-33 4.53E-35 3.82E-29 6.85E-28 4.45E-23 6.44E-31 1.20E-59 1.23E-98 1.03E-90 1.22E-31 3.02E-40 3.92E-92 1.52E-08 9.33E-15 6.95E-14 1.53E-17 1.03E-11 1.46E-16
  4.78E+06 2.83E-33 3.22E-35 1.92E-29 4.03E-28 5.57E-24 4.12E-31 5.14E-60 1.75E-98 1.02E-90 9.58E-32 4.31E-40 5.86E-93 1.00E-08 1.40E-14 9.72E-14 1.83E-17 7.21E-12 2.17E-16
  4.98E+06 2.43E-33 2.94E-35 1.22E-29 2.76E-28 2.36E-24 2.89E-31 2.91E-60 2.51E-98 1.01E-90 9.63E-32 5.44E-40 1.46E-93 6.83E-09 1.66E-14 1.47E-13 1.99E-17 5.11E-12 2.59E-16
  5.18E+06 2.26E-33 3.53E-35 1.01E-29 2.19E-28 2.35E-24 2.14E-31 2.16E-60 3.61E-98 9.91E-91 1.26E-31 6.53E-40 6.12E-94 4.89E-09 1.47E-14 2.46E-13 1.89E-17 3.68E-12 2.31E-16
  5.38E+06 2.16E-33 5.17E-35 1.01E-29 1.93E-28 2.35E-24 1.59E-31 1.87E-60 5.19E-98 9.73E-91 1.81E-31 7.72E-40 3.67E-94 3.72E-09 1.01E-14 4.51E-13 1.62E-17 2.67E-12 1.61E-16
  5.58E+06 1.95E-33 8.69E-35 1.17E-29 1.80E-28 2.34E-24 1.12E-31 1.63E-60 7.42E-98 9.52E-91 2.30E-31 9.16E-40 2.54E-94 3.09E-09 5.58E-15 9.07E-13 1.30E-17 1.96E-12 8.86E-17
  5.78E+06 1.48E-33 1.66E-34 1.55E-29 1.72E-28 2.33E-24 6.97E-32 1.22E-60 1.06E-97 9.26E-91 2.25E-31 1.15E-39 1.71E-94 2.86E-09 2.33E-15 2.07E-12 9.78E-18 1.45E-12 3.71E-17
  5.98E+06 1.03E-33 3.35E-34 2.17E-29 1.65E-28 2.31E-24 3.85E-32 7.84E-61 1.51E-97 8.95E-91 1.89E-31 1.78E-39 1.04E-94 2.74E-09 7.36E-16 5.90E-12 7.03E-18 1.10E-12 1.21E-17
  6.18E+06 5.48E-36 2.34E-33 9.72E-29 8.85E-29 2.29E-24 1.15E-33 1.25E-63 2.17E-97 8.57E-91 1.01E-31 4.18E-39 4.97E-97 1.71E-08 3.18E-17 4.68E-10 8.91E-19 8.43E-13 1.36E-19
  6.38E+06 3.40E-38 5.20E-33 1.28E-28 5.64E-29 2.26E-24 3.21E-35 2.22E-66 3.09E-97 8.07E-91 1.32E-31 3.97E-39 7.88-100 3.43E-08 8.48E-19 7.86E-09 1.19E-19 6.54E-13 6.85E-22
  6.58E+06 1.62E-39 7.30E-33 1.22E-28 6.19E-29 2.23E-24 3.69E-36 5.85E-68 4.09E-97 7.48E-91 1.91E-31 1.80E-39 1.43-101 5.32E-08 2.45E-20 3.66E-08 3.18E-20 5.06E-13 1.22E-23
  6.78E+06 1.98E-40 1.11E-32 1.21E-28 6.09E-29 2.18E-24 8.56E-37 1.18E-68 5.30E-97 6.80E-91 2.01E-31 8.20E-40 2.16-102 5.96E-08 8.95E-22 1.03E-07 8.78E-21 3.85E-13 6.73E-25
  6.98E+06 4.29E-41 1.82E-32 1.27E-28 5.33E-29 2.12E-24 3.00E-37 9.18E-69 6.69E-97 6.02E-91 1.60E-31 4.82E-40 1.36-102 5.31E-08 4.66E-23 2.19E-07 2.36E-21 2.84E-13 4.83E-26
  7.18E+06 1.33E-41 3.17E-32 1.35E-28 4.22E-29 2.04E-24 1.34E-37 1.20E-68 8.17E-97 5.16E-91 1.03E-31 3.60E-40 1.51-102 3.94E-08 3.31E-24 3.95E-07 6.15E-22 2.05E-13 3.72E-27
  7.38E+06 5.23E-42 5.68E-32 1.44E-28 3.03E-29 1.94E-24 6.85E-38 1.93E-68 9.56E-97 4.24E-91 5.53E-32 3.15E-40 2.16-102 2.51E-08 2.73E-25 6.42E-07 1.58E-22 1.46E-13 2.99E-28
  7.58E+06 2.42E-42 1.03E-31 1.50E-28 1.99E-29 1.82E-24 3.81E-38 3.49E-68 1.06E-96 3.30E-91 2.58E-32 3.02E-40 3.48-102 1.41E-08 2.38E-26 9.79E-07 4.08E-23 1.04E-13 2.53E-29
  7.78E+06 1.26E-42 1.86E-31 1.53E-28 1.21E-29 1.67E-24 2.22E-38 6.64E-68 1.10E-96 2.40E-91 1.08E-32 3.03E-40 5.91-102 7.17E-09 2.16E-27 1.43E-06 1.11E-23 7.40E-14 2.31E-30
  7.98E+06 7.12E-43 3.31E-31 1.52E-28 6.88E-30 1.49E-24 1.33E-38 1.28E-67 1.04E-96 1.60E-91 4.12E-33 3.08E-40 9.98-102 3.41E-09 2.08E-28 2.03E-06 3.25E-24 5.33E-14 2.34E-31
  8.18E+06 4.27E-43 5.76E-31 1.48E-28 3.72E-30 1.28E-24 8.02E-39 2.43E-67 8.77E-97 9.46E-92 1.48E-33 3.11E-40 1.63-101 1.56E-09 2.13E-29 2.84E-06 1.04E-24 3.86E-14 2.63E-32
  8.38E+06 2.65E-43 9.77E-31 1.40E-28 1.94E-30 1.05E-24 4.80E-39 4.45E-67 6.30E-97 4.78E-92 5.05E-34 3.10E-40 2.50-101 6.94E-10 2.31E-30 3.93E-06 3.55E-25 2.81E-14 3.24E-33
  8.58E+06 1.67E-43 1.61E-30 1.30E-28 9.78E-31 8.15E-25 2.83E-39 7.68E-67 3.74E-97 1.99E-92 1.67E-34 3.01E-40 3.51-101 3.08E-10 2.73E-31 5.40E-06 1.28E-25 2.06E-14 4.32E-34
  8.78E+06 1.06E-43 2.54E-30 1.17E-28 4.82E-31 5.89E-25 1.63E-39 1.23E-66 1.77E-97 6.65E-93 5.47E-35 2.85E-40 4.37-101 1.38E-10 3.65E-32 7.33E-06 4.81E-26 1.53E-14 6.18E-35
  8.98E+06 6.73E-44 3.82E-30 1.03E-28 2.33E-31 3.95E-25 9.09E-40 1.77E-66 6.56E-98 1.73E-93 1.81E-35 2.66E-40 4.70-101 6.31E-11 5.73E-33 9.84E-06 1.87E-26 1.14E-14 9.40E-36
  9.18E+06 4.20E-44 5.44E-30 8.74E-29 1.10E-31 2.46E-25 4.90E-40 2.28E-66 1.87E-98 3.47E-94 6.09E-36 2.47E-40 4.28-101 2.97E-11 1.09E-33 1.31E-05 7.43E-27 8.71E-15 1.52E-36
  9.38E+06 2.57E-44 7.33E-30 7.22E-29 5.13E-32 1.42E-25 2.55E-40 2.60E-66 4.13E-99 5.40E-95 2.13E-36 2.30E-40 3.26-101 1.44E-11 2.58E-34 1.71E-05 3.03E-27 6.76E-15 2.63E-37
  9.58E+06 1.54E-44 9.32E-30 5.80E-29 2.35E-32 7.65E-26 1.28E-40 2.62E-66 7.16-100 6.59E-96 7.89E-37 2.16E-40 2.07-101 7.27E-12 7.42E-35 2.21E-05 1.27E-27 5.35E-15 4.87E-38
  9.78E+06 9.16E-45 1.12E-29 4.54E-29 1.08E-32 3.89E-26 6.20E-41 2.35E-66 1.00-100 6.51E-97 3.19E-37 1.95E-40 1.11-101 3.78E-12 2.56E-35 2.83E-05 5.43E-28 4.33E-15 9.76E-39
  9.98E+06 5.45E-45 1.25E-29 3.51E-29 5.65E-33 1.88E-26 2.96E-41 1.80E-66 1.20-101 5.50E-98 1.53E-37 1.58E-40 4.70-102 2.07E-12 1.20E-35 3.59E-05 2.37E-28 3.59E-15 2.64E-39

     Z        N2O5     CO2      SO4AER   S8AER   
  2.50E+04 9.70E-20 2.29E-04 2.05E-10 1.00E-38
  7.50E+04 1.33E-19 2.29E-04 2.17E-10 1.00E-38
  1.25E+05 2.02E-19 2.29E-04 2.42E-10 1.00E-38
  1.75E+05 3.38E-19 2.29E-04 2.79E-10 1.00E-38
  3.75E+05 4.56E-18 2.29E-04 5.18E-10 1.00E-38
  5.75E+05 6.28E-17 2.29E-04 8.38E-10 1.00E-38
  7.75E+05 2.20E-16 2.29E-04 1.20E-09 1.00E-38
  9.75E+05 4.79E-16 2.29E-04 1.60E-09 1.00E-38
  1.18E+06 1.95E-15 2.29E-04 2.55E-09 1.00E-38
  1.38E+06 3.36E-14 2.29E-04 5.63E-09 1.00E-38
  1.58E+06 2.82E-13 2.29E-04 8.85E-09 1.00E-38
  1.78E+06 5.91E-13 2.29E-04 8.44E-09 1.00E-38
  1.98E+06 4.54E-13 2.29E-04 5.70E-09 1.00E-38
  2.18E+06 1.56E-13 2.30E-04 3.56E-09 1.00E-38
  2.38E+06 2.11E-14 2.30E-04 2.35E-09 1.00E-38
  2.58E+06 1.02E-15 2.30E-04 1.64E-09 1.00E-38
  2.78E+06 2.20E-17 2.30E-04 1.19E-09 1.00E-38
  2.98E+06 5.86E-19 2.30E-04 8.97E-10 1.00E-38
  3.18E+06 3.15E-20 2.30E-04 6.98E-10 1.00E-38
  3.38E+06 3.21E-21 2.30E-04 5.31E-10 1.00E-38
  3.58E+06 5.84E-22 2.30E-04 3.89E-10 1.00E-38
  3.78E+06 1.82E-22 2.30E-04 2.76E-10 1.00E-38
  3.98E+06 8.87E-23 2.30E-04 1.87E-10 1.00E-38
  4.18E+06 5.99E-23 2.30E-04 1.21E-10 1.00E-38
  4.38E+06 5.53E-23 2.30E-04 7.40E-11 1.00E-38
  4.58E+06 7.12E-23 2.30E-04 4.21E-11 1.00E-38
  4.78E+06 8.70E-23 2.30E-04 2.19E-11 1.00E-38
  4.98E+06 8.06E-23 2.29E-04 9.98E-12 1.00E-38
  5.18E+06 5.24E-23 2.29E-04 3.82E-12 1.00E-38
  5.38E+06 2.57E-23 2.28E-04 1.13E-12 1.00E-38
  5.58E+06 1.01E-23 2.27E-04 2.31E-13 1.00E-38
  5.78E+06 3.09E-24 2.26E-04 2.81E-14 1.00E-38
  5.98E+06 7.46E-25 2.23E-04 1.59E-15 1.00E-38
  6.18E+06 4.96E-27 2.20E-04 2.54E-17 1.00E-38
  6.38E+06 1.60E-29 2.17E-04 3.98E-20 1.00E-38
  6.58E+06 3.90E-31 2.12E-04 1.72E-25 1.00E-38
  6.78E+06 1.89E-32 2.08E-04 9.94E-30 1.00E-38
  6.98E+06 9.28E-34 2.03E-04 2.12E-35 1.00E-38
  7.18E+06 4.43E-35 1.98E-04 1.00E-38 1.00E-38
  7.38E+06 2.09E-36 1.92E-04 1.00E-38 1.00E-38
  7.58E+06 1.02E-37 1.85E-04 1.00E-38 1.00E-38
  7.78E+06 5.52E-39 1.78E-04 1.00E-38 1.00E-38
  7.98E+06 3.47E-40 1.70E-04 1.00E-38 1.00E-38
  8.18E+06 2.56E-41 1.61E-04 1.00E-38 1.00E-38
  8.38E+06 2.18E-42 1.51E-04 1.00E-38 1.00E-38
  8.58E+06 2.08E-43 1.40E-04 1.00E-38 1.00E-38
  8.78E+06 2.18E-44 1.28E-04 1.00E-38 1.00E-38
  8.98E+06 2.44E-45 1.15E-04 1.00E-38 1.00E-38
  9.18E+06 2.93E-46 1.02E-04 1.00E-38 1.00E-38
  9.38E+06 3.76E-47 8.91E-05 1.00E-38 1.00E-38
  9.58E+06 5.13E-48 7.67E-05 1.00E-38 1.00E-38
  9.78E+06 7.50E-49 6.54E-05 1.00E-38 1.00E-38
  9.98E+06 1.40E-49 5.52E-05 1.00E-38 1.00E-38
 NW =                   750    WAVELENGTH GRID:   1176.5000000000000       -   10000.000000000000       Angstroms


 PHOTOLYSIS RATES

     Z      PO2_O1D    PO2_O3P    PH2O_1     PH2O_2     PH2O_3     PO3_O1D    PO3_O      PO3_3O     
 2.50E+04   0.00E+00   2.98E-14   1.44E-14   0.00E+00   0.00E+00   1.46E-05   2.09E-04   1.06E-13
 1.75E+05   0.00E+00   8.28E-14   6.15E-14   0.00E+00   0.00E+00   1.72E-05   2.16E-04   5.89E-12
 3.25E+05   0.00E+00   1.87E-13   2.19E-13   0.00E+00   0.00E+00   1.95E-05   2.22E-04   8.22E-11
 4.75E+05   0.00E+00   3.76E-13   6.59E-13   0.00E+00   0.00E+00   2.16E-05   2.29E-04   4.45E-10
 6.25E+05   0.00E+00   6.83E-13   1.72E-12   0.00E+00   0.00E+00   2.35E-05   2.34E-04   1.35E-09
 7.75E+05   0.00E+00   1.14E-12   3.96E-12   0.00E+00   0.00E+00   2.54E-05   2.40E-04   2.97E-09
 9.25E+05   0.00E+00   1.80E-12   7.82E-12   0.00E+00   0.00E+00   2.74E-05   2.45E-04   5.35E-09
 1.08E+06   0.00E+00   2.73E-12   1.39E-11   0.00E+00   0.00E+00   2.95E-05   2.50E-04   8.67E-09
 1.22E+06   0.00E+00   4.01E-12   2.35E-11   0.00E+00   0.00E+00   3.20E-05   2.54E-04   1.32E-08
 1.38E+06   0.00E+00   5.95E-12   3.97E-11   0.00E+00   0.00E+00   3.54E-05   2.59E-04   1.97E-08
 1.52E+06   0.00E+00   9.30E-12   7.09E-11   0.00E+00   0.00E+00   4.10E-05   2.64E-04   3.01E-08
 1.68E+06   1.23-159   1.53E-11   1.33E-10   5.57-157   8.35-157   5.00E-05   2.70E-04   4.73E-08
 1.82E+06   8.01-128   2.57E-11   2.54E-10   3.63-125   5.44-125   6.43E-05   2.76E-04   7.43E-08
 1.98E+06   1.78-102   4.30E-11   4.73E-10   8.04-100   1.21E-99   8.70E-05   2.82E-04   1.14E-07
 2.12E+06   2.44E-82   7.14E-11   8.49E-10   1.11E-79   1.66E-79   1.25E-04   2.90E-04   1.70E-07
 2.28E+06   2.01E-66   1.17E-10   1.45E-09   9.12E-64   1.37E-63   1.94E-04   3.00E-04   2.43E-07
 2.42E+06   5.32E-54   1.87E-10   2.32E-09   2.41E-51   3.62E-51   3.24E-04   3.17E-04   3.29E-07
 2.58E+06   1.74E-44   2.81E-10   3.43E-09   7.89E-42   1.18E-41   5.97E-04   3.50E-04   4.16E-07
 2.72E+06   2.66E-37   3.86E-10   4.76E-09   1.20E-34   1.81E-34   1.15E-03   4.13E-04   4.92E-07
 2.88E+06   7.46E-32   4.84E-10   6.32E-09   3.38E-29   5.07E-29   1.86E-03   4.93E-04   5.56E-07
 3.02E+06   1.16E-27   5.75E-10   8.23E-09   5.26E-25   7.89E-25   2.49E-03   5.63E-04   6.10E-07
 3.18E+06   2.08E-24   6.65E-10   1.06E-08   9.40E-22   1.41E-21   2.95E-03   6.15E-04   6.58E-07
 3.32E+06   7.09E-22   7.58E-10   1.33E-08   3.21E-19   4.82E-19   3.26E-03   6.50E-04   7.02E-07
 3.48E+06   6.81E-20   8.61E-10   1.65E-08   3.08E-17   4.62E-17   3.47E-03   6.74E-04   7.41E-07
 3.62E+06   2.58E-18   9.79E-10   2.02E-08   1.13E-15   1.69E-15   3.60E-03   6.89E-04   7.77E-07
 3.78E+06   7.54E-17   1.12E-09   2.45E-08   2.50E-14   3.75E-14   3.69E-03   6.99E-04   8.10E-07
 3.92E+06   2.93E-15   1.30E-09   3.00E-08   6.64E-13   9.97E-13   3.75E-03   7.05E-04   8.41E-07
 4.08E+06   7.53E-14   1.55E-09   3.74E-08   1.51E-11   2.26E-11   3.79E-03   7.10E-04   8.71E-07
 4.22E+06   9.83E-13   1.89E-09   4.84E-08   1.90E-10   2.85E-10   3.81E-03   7.13E-04   9.03E-07
 4.38E+06   7.02E-12   2.40E-09   6.96E-08   1.33E-09   1.99E-09   3.83E-03   7.15E-04   9.49E-07
 4.52E+06   3.07E-11   3.13E-09   1.19E-07   5.73E-09   8.59E-09   3.84E-03   7.16E-04   1.04E-06
 4.68E+06   9.12E-11   4.17E-09   2.22E-07   1.68E-08   2.52E-08   3.85E-03   7.17E-04   1.23E-06
 4.82E+06   2.02E-10   5.57E-09   3.95E-07   3.65E-08   5.48E-08   3.85E-03   7.18E-04   1.53E-06
 4.98E+06   3.67E-10   7.38E-09   6.33E-07   6.45E-08   9.67E-08   3.86E-03   7.18E-04   1.95E-06
 5.12E+06   5.99E-10   9.64E-09   9.16E-07   9.78E-08   1.47E-07   3.86E-03   7.18E-04   2.43E-06
 5.28E+06   9.30E-10   1.24E-08   1.22E-06   1.33E-07   2.00E-07   3.86E-03   7.19E-04   2.95E-06
 5.42E+06   1.42E-09   1.59E-08   1.52E-06   1.68E-07   2.52E-07   3.86E-03   7.19E-04   3.48E-06
 5.58E+06   2.14E-09   2.03E-08   1.83E-06   2.02E-07   3.03E-07   3.86E-03   7.19E-04   3.99E-06
 5.72E+06   3.34E-09   2.57E-08   2.13E-06   2.34E-07   3.50E-07   3.86E-03   7.19E-04   4.48E-06
 5.88E+06   5.62E-09   3.20E-08   2.42E-06   2.63E-07   3.94E-07   3.87E-03   7.19E-04   4.95E-06
 6.02E+06   1.04E-08   3.91E-08   2.71E-06   2.91E-07   4.33E-07   3.87E-03   7.19E-04   5.39E-06
 6.18E+06   1.96E-08   4.64E-08   2.99E-06   3.15E-07   4.68E-07   3.87E-03   7.19E-04   5.78E-06
 6.32E+06   3.54E-08   5.33E-08   3.26E-06   3.36E-07   4.96E-07   3.87E-03   7.19E-04   6.12E-06
 6.48E+06   5.95E-08   5.95E-08   3.53E-06   3.53E-07   5.19E-07   3.87E-03   7.19E-04   6.41E-06
 6.62E+06   9.54E-08   6.54E-08   3.81E-06   3.68E-07   5.38E-07   3.87E-03   7.19E-04   6.66E-06
 6.78E+06   1.46E-07   7.09E-08   4.09E-06   3.81E-07   5.54E-07   3.87E-03   7.19E-04   6.88E-06
 6.92E+06   2.15E-07   7.62E-08   4.36E-06   3.91E-07   5.66E-07   3.87E-03   7.19E-04   7.07E-06
 7.08E+06   3.10E-07   8.16E-08   4.62E-06   4.00E-07   5.76E-07   3.87E-03   7.19E-04   7.23E-06
 7.22E+06   4.38E-07   8.80E-08   4.86E-06   4.08E-07   5.83E-07   3.87E-03   7.19E-04   7.37E-06
 7.38E+06   6.07E-07   9.65E-08   5.07E-06   4.14E-07   5.88E-07   3.87E-03   7.19E-04   7.49E-06
 7.52E+06   8.06E-07   1.07E-07   5.24E-06   4.19E-07   5.92E-07   3.87E-03   7.19E-04   7.60E-06
 7.68E+06   1.01E-06   1.19E-07   5.37E-06   4.23E-07   5.95E-07   3.87E-03   7.19E-04   7.69E-06
 7.82E+06   1.19E-06   1.30E-07   5.47E-06   4.26E-07   5.97E-07   3.87E-03   7.19E-04   7.76E-06
 7.98E+06   1.33E-06   1.39E-07   5.54E-06   4.29E-07   5.99E-07   3.87E-03   7.19E-04   7.81E-06
 8.12E+06   1.44E-06   1.46E-07   5.59E-06   4.31E-07   6.00E-07   3.87E-03   7.19E-04   7.85E-06
 8.28E+06   1.51E-06   1.51E-07   5.62E-06   4.32E-07   6.01E-07   3.87E-03   7.19E-04   7.88E-06
 8.42E+06   1.56E-06   1.54E-07   5.64E-06   4.33E-07   6.02E-07   3.87E-03   7.19E-04   7.90E-06
 8.58E+06   1.60E-06   1.57E-07   5.65E-06   4.33E-07   6.02E-07   3.87E-03   7.19E-04   7.91E-06
 8.72E+06   1.62E-06   1.59E-07   5.66E-06   4.34E-07   6.03E-07   3.87E-03   7.19E-04   7.92E-06
 8.88E+06   1.64E-06   1.60E-07   5.67E-06   4.34E-07   6.03E-07   3.87E-03   7.19E-04   7.93E-06
 9.02E+06   1.65E-06   1.60E-07   5.67E-06   4.34E-07   6.03E-07   3.87E-03   7.19E-04   7.93E-06
 9.18E+06   1.66E-06   1.61E-07   5.68E-06   4.34E-07   6.03E-07   3.87E-03   7.19E-04   7.93E-06
 9.32E+06   1.66E-06   1.61E-07   5.68E-06   4.34E-07   6.03E-07   3.87E-03   7.19E-04   7.94E-06
 9.48E+06   1.66E-06   1.61E-07   5.68E-06   4.34E-07   6.03E-07   3.87E-03   7.19E-04   7.94E-06
 9.62E+06   1.67E-06   1.62E-07   5.68E-06   4.34E-07   6.03E-07   3.87E-03   7.19E-04   7.94E-06
 9.78E+06   1.67E-06   1.62E-07   5.68E-06   4.34E-07   6.03E-07   3.87E-03   7.19E-04   7.94E-06
 9.92E+06   1.67E-06   1.62E-07   5.68E-06   4.34E-07   6.03E-07   3.87E-03   7.19E-04   7.94E-06

     Z      PH2O2      PCO2_1     PCO2_2     PH2CO_1    PH2CO_2    PHO2       PCH4_1     PCH4_2     
 2.50E+04   2.34E-06   3.04E-19   0.00E+00   1.76E-05   1.17E-05   2.19E-08   0.00E+00   0.00E+00
 1.75E+05   2.65E-06   3.48E-17   0.00E+00   2.02E-05   1.37E-05   5.98E-08   0.00E+00   0.00E+00
 3.25E+05   2.92E-06   8.42E-16   0.00E+00   2.25E-05   1.55E-05   1.31E-07   0.00E+00   0.00E+00
 4.75E+05   3.15E-06   6.41E-15   0.00E+00   2.47E-05   1.71E-05   2.51E-07   0.00E+00   0.00E+00
 6.25E+05   3.35E-06   2.58E-14   0.00E+00   2.66E-05   1.86E-05   4.31E-07   0.00E+00   0.00E+00
 7.75E+05   3.52E-06   7.17E-14   0.00E+00   2.83E-05   2.00E-05   6.76E-07   0.00E+00   0.00E+00
 9.25E+05   3.68E-06   1.50E-13   0.00E+00   3.00E-05   2.14E-05   9.95E-07   0.00E+00   0.00E+00
 1.08E+06   3.86E-06   2.72E-13   0.00E+00   3.14E-05   2.26E-05   1.41E-06   0.00E+00   0.00E+00
 1.22E+06   4.10E-06   4.54E-13   0.00E+00   3.27E-05   2.37E-05   1.93E-06   0.00E+00   0.00E+00
 1.38E+06   4.38E-06   7.45E-13   0.00E+00   3.40E-05   2.49E-05   2.66E-06   0.00E+00   0.00E+00
 1.52E+06   4.75E-06   1.27E-12   0.00E+00   3.53E-05   2.63E-05   3.90E-06   0.00E+00   0.00E+00
 1.68E+06   5.28E-06   2.22E-12   2.47-158   3.65E-05   2.79E-05   6.09E-06   2.01-156   3.90-156
 1.82E+06   6.03E-06   3.92E-12   1.61-126   3.78E-05   2.98E-05   9.83E-06   1.31-124   2.54-124
 1.98E+06   7.11E-06   6.76E-12   3.57-101   3.90E-05   3.19E-05   1.61E-05   2.90E-99   5.63E-99
 2.12E+06   8.71E-06   1.13E-11   4.91E-81   4.02E-05   3.43E-05   2.65E-05   3.99E-79   7.74E-79
 2.28E+06   1.11E-05   1.80E-11   4.05E-65   4.15E-05   3.72E-05   4.41E-05   3.29E-63   6.38E-63
 2.42E+06   1.48E-05   2.69E-11   1.07E-52   4.29E-05   4.04E-05   7.34E-05   8.69E-51   1.69E-50
 2.58E+06   2.02E-05   3.71E-11   3.50E-43   4.44E-05   4.37E-05   1.17E-04   2.85E-41   5.52E-41
 2.72E+06   2.72E-05   4.75E-11   5.35E-36   4.57E-05   4.64E-05   1.68E-04   4.34E-34   8.43E-34
 2.88E+06   3.44E-05   5.79E-11   1.50E-30   4.67E-05   4.82E-05   2.13E-04   1.22E-28   2.36E-28
 3.02E+06   4.01E-05   6.85E-11   2.33E-26   4.74E-05   4.94E-05   2.46E-04   1.90E-24   3.68E-24
 3.18E+06   4.43E-05   7.98E-11   4.17E-23   4.79E-05   5.02E-05   2.69E-04   3.39E-21   6.58E-21
 3.32E+06   4.72E-05   9.19E-11   1.43E-20   4.83E-05   5.07E-05   2.85E-04   1.16E-18   2.25E-18
 3.48E+06   4.92E-05   1.05E-10   1.37E-18   4.85E-05   5.11E-05   2.96E-04   1.11E-16   2.15E-16
 3.62E+06   5.05E-05   1.19E-10   5.03E-17   4.87E-05   5.13E-05   3.04E-04   4.09E-15   7.82E-15
 3.78E+06   5.15E-05   1.33E-10   1.16E-15   4.88E-05   5.15E-05   3.09E-04   9.65E-14   1.60E-13
 3.92E+06   5.21E-05   1.50E-10   3.34E-14   4.89E-05   5.16E-05   3.13E-04   2.84E-12   3.57E-12
 4.08E+06   5.26E-05   1.69E-10   7.78E-13   4.89E-05   5.17E-05   3.16E-04   6.68E-11   7.52E-11
 4.22E+06   5.30E-05   1.93E-10   9.83E-12   4.90E-05   5.17E-05   3.18E-04   8.45E-10   9.26E-10
 4.38E+06   5.33E-05   2.21E-10   6.88E-11   4.90E-05   5.18E-05   3.20E-04   5.91E-09   6.44E-09
 4.52E+06   5.35E-05   2.55E-10   2.97E-10   4.90E-05   5.18E-05   3.21E-04   2.54E-08   2.76E-08
 4.68E+06   5.38E-05   2.95E-10   8.68E-10   4.91E-05   5.19E-05   3.22E-04   7.45E-08   8.07E-08
 4.82E+06   5.41E-05   3.42E-10   1.89E-09   4.92E-05   5.20E-05   3.23E-04   1.62E-07   1.75E-07
 4.98E+06   5.44E-05   3.95E-10   3.34E-09   4.93E-05   5.21E-05   3.24E-04   2.86E-07   3.09E-07
 5.12E+06   5.48E-05   4.53E-10   5.07E-09   4.94E-05   5.22E-05   3.25E-04   4.34E-07   4.69E-07
 5.28E+06   5.51E-05   5.16E-10   6.93E-09   4.95E-05   5.24E-05   3.25E-04   5.92E-07   6.40E-07
 5.42E+06   5.55E-05   5.87E-10   8.81E-09   4.97E-05   5.25E-05   3.26E-04   7.52E-07   8.13E-07
 5.58E+06   5.58E-05   6.67E-10   1.07E-08   4.98E-05   5.26E-05   3.26E-04   9.08E-07   9.83E-07
 5.72E+06   5.62E-05   7.59E-10   1.26E-08   4.99E-05   5.28E-05   3.26E-04   1.06E-06   1.15E-06
 5.88E+06   5.65E-05   8.72E-10   1.45E-08   5.01E-05   5.30E-05   3.27E-04   1.21E-06   1.30E-06
 6.02E+06   5.68E-05   1.02E-09   1.65E-08   5.03E-05   5.32E-05   3.27E-04   1.34E-06   1.45E-06
 6.18E+06   5.71E-05   1.22E-09   1.86E-08   5.06E-05   5.34E-05   3.27E-04   1.47E-06   1.59E-06
 6.32E+06   5.74E-05   1.50E-09   2.06E-08   5.08E-05   5.37E-05   3.27E-04   1.58E-06   1.70E-06
 6.48E+06   5.76E-05   1.86E-09   2.26E-08   5.11E-05   5.40E-05   3.28E-04   1.68E-06   1.80E-06
 6.62E+06   5.79E-05   2.31E-09   2.47E-08   5.14E-05   5.42E-05   3.28E-04   1.76E-06   1.88E-06
 6.78E+06   5.81E-05   2.81E-09   2.72E-08   5.17E-05   5.45E-05   3.28E-04   1.83E-06   1.95E-06
 6.92E+06   5.84E-05   3.32E-09   3.03E-08   5.19E-05   5.47E-05   3.28E-04   1.89E-06   2.01E-06
 7.08E+06   5.86E-05   3.78E-09   3.41E-08   5.21E-05   5.49E-05   3.28E-04   1.94E-06   2.06E-06
 7.22E+06   5.89E-05   4.16E-09   3.92E-08   5.23E-05   5.51E-05   3.28E-04   1.98E-06   2.10E-06
 7.38E+06   5.91E-05   4.46E-09   4.57E-08   5.24E-05   5.53E-05   3.28E-04   2.01E-06   2.13E-06
 7.52E+06   5.93E-05   4.67E-09   5.32E-08   5.26E-05   5.54E-05   3.28E-04   2.04E-06   2.15E-06
 7.68E+06   5.94E-05   4.82E-09   6.08E-08   5.27E-05   5.56E-05   3.28E-04   2.06E-06   2.17E-06
 7.82E+06   5.96E-05   4.93E-09   6.74E-08   5.28E-05   5.57E-05   3.28E-04   2.08E-06   2.19E-06
 7.98E+06   5.96E-05   4.99E-09   7.28E-08   5.29E-05   5.58E-05   3.28E-04   2.09E-06   2.20E-06
 8.12E+06   5.97E-05   5.04E-09   7.67E-08   5.30E-05   5.58E-05   3.28E-04   2.10E-06   2.21E-06
 8.28E+06   5.98E-05   5.07E-09   7.96E-08   5.30E-05   5.59E-05   3.28E-04   2.11E-06   2.22E-06
 8.42E+06   5.98E-05   5.09E-09   8.15E-08   5.31E-05   5.59E-05   3.28E-04   2.11E-06   2.22E-06
 8.58E+06   5.98E-05   5.10E-09   8.28E-08   5.31E-05   5.59E-05   3.28E-04   2.11E-06   2.22E-06
 8.72E+06   5.98E-05   5.11E-09   8.37E-08   5.31E-05   5.59E-05   3.28E-04   2.12E-06   2.23E-06
 8.88E+06   5.98E-05   5.11E-09   8.43E-08   5.31E-05   5.60E-05   3.28E-04   2.12E-06   2.23E-06
 9.02E+06   5.99E-05   5.12E-09   8.47E-08   5.31E-05   5.60E-05   3.28E-04   2.12E-06   2.23E-06
 9.18E+06   5.99E-05   5.12E-09   8.49E-08   5.31E-05   5.60E-05   3.28E-04   2.12E-06   2.23E-06
 9.32E+06   5.99E-05   5.12E-09   8.51E-08   5.31E-05   5.60E-05   3.28E-04   2.12E-06   2.23E-06
 9.48E+06   5.99E-05   5.12E-09   8.53E-08   5.31E-05   5.60E-05   3.28E-04   2.12E-06   2.23E-06
 9.62E+06   5.99E-05   5.12E-09   8.53E-08   5.31E-05   5.60E-05   3.28E-04   2.12E-06   2.23E-06
 9.78E+06   5.99E-05   5.12E-09   8.54E-08   5.31E-05   5.60E-05   3.28E-04   2.12E-06   2.23E-06
 9.92E+06   5.99E-05   5.12E-09   8.55E-08   5.31E-05   5.60E-05   3.28E-04   2.12E-06   2.23E-06

     Z      PCH4_3     PC2H6_1    PC2H6_2    PHNO2_1    PHNO3      PHNO3_3    PHNO3_1    PNO        
 2.50E+04   0.00E+00   0.00E+00   0.00E+00   5.40E-04   2.35E-07   3.37E-15   2.42E-15   0.00E+00
 1.75E+05   0.00E+00   0.00E+00   0.00E+00   6.00E-04   2.79E-07   1.39E-12   9.95E-13   3.13-127
 3.25E+05   0.00E+00   0.00E+00   0.00E+00   6.54E-04   3.35E-07   5.96E-11   4.28E-11   1.76E-51
 4.75E+05   0.00E+00   0.00E+00   0.00E+00   7.03E-04   4.17E-07   6.27E-10   4.50E-10   9.57E-27
 6.25E+05   0.00E+00   0.00E+00   0.00E+00   7.47E-04   5.32E-07   3.32E-09   2.39E-09   3.39E-17
 7.75E+05   0.00E+00   0.00E+00   0.00E+00   7.86E-04   6.81E-07   1.08E-08   7.74E-09   3.98E-13
 9.25E+05   0.00E+00   0.00E+00   0.00E+00   8.22E-04   8.65E-07   2.40E-08   1.72E-08   1.78E-11
 1.08E+06   0.00E+00   0.00E+00   0.00E+00   8.55E-04   1.10E-06   4.43E-08   3.18E-08   1.09E-10
 1.22E+06   0.00E+00   0.00E+00   0.00E+00   8.83E-04   1.43E-06   7.54E-08   5.41E-08   3.95E-10
 1.38E+06   0.00E+00   0.00E+00   0.00E+00   9.09E-04   1.88E-06   1.25E-07   8.96E-08   1.21E-09
 1.52E+06   0.00E+00   0.00E+00   0.00E+00   9.34E-04   2.58E-06   2.11E-07   1.52E-07   3.51E-09
 1.68E+06   6.01-156   0.00E+00   3.96-157   9.56E-04   3.72E-06   3.66E-07   2.63E-07   9.64E-09
 1.82E+06   3.92-124   0.00E+00   2.58-125   9.76E-04   5.48E-06   6.29E-07   4.52E-07   2.44E-08
 1.98E+06   8.69E-99   0.00E+00   5.72-100   9.93E-04   8.06E-06   1.05E-06   7.54E-07   5.62E-08
 2.12E+06   1.19E-78   0.00E+00   7.87E-80   1.01E-03   1.17E-05   1.69E-06   1.21E-06   1.18E-07
 2.28E+06   9.85E-63   0.00E+00   6.49E-64   1.02E-03   1.65E-05   2.58E-06   1.86E-06   2.23E-07
 2.42E+06   2.60E-50   0.00E+00   1.72E-51   1.04E-03   2.25E-05   3.70E-06   2.66E-06   3.77E-07
 2.58E+06   8.52E-41   0.00E+00   5.62E-42   1.07E-03   2.89E-05   4.90E-06   3.52E-06   5.67E-07
 2.72E+06   1.30E-33   0.00E+00   8.57E-35   1.09E-03   3.49E-05   6.00E-06   4.31E-06   7.66E-07
 2.88E+06   3.65E-28   0.00E+00   2.40E-29   1.12E-03   3.99E-05   6.96E-06   4.99E-06   9.58E-07
 3.02E+06   5.68E-24   0.00E+00   3.74E-25   1.14E-03   4.37E-05   7.80E-06   5.60E-06   1.14E-06
 3.18E+06   1.02E-20   0.00E+00   6.69E-22   1.15E-03   4.65E-05   8.56E-06   6.14E-06   1.33E-06
 3.32E+06   3.47E-18   0.00E+00   2.29E-19   1.16E-03   4.86E-05   9.25E-06   6.64E-06   1.51E-06
 3.48E+06   3.32E-16   0.00E+00   2.19E-17   1.17E-03   5.02E-05   9.89E-06   7.10E-06   1.69E-06
 3.62E+06   1.19E-14   0.00E+00   8.40E-16   1.17E-03   5.13E-05   1.05E-05   7.52E-06   1.86E-06
 3.78E+06   1.98E-13   0.00E+00   2.60E-14   1.17E-03   5.22E-05   1.10E-05   7.90E-06   2.03E-06
 3.92E+06   2.09E-12   0.00E+00   1.05E-12   1.18E-03   5.28E-05   1.15E-05   8.26E-06   2.21E-06
 4.08E+06   2.04E-11   0.00E+00   2.64E-11   1.18E-03   5.33E-05   1.20E-05   8.60E-06   2.38E-06
 4.22E+06   1.82E-10   0.00E+00   3.33E-10   1.18E-03   5.36E-05   1.24E-05   8.93E-06   2.56E-06
 4.38E+06   1.14E-09   0.00E+00   2.30E-09   1.18E-03   5.39E-05   1.29E-05   9.26E-06   2.75E-06
 4.52E+06   4.71E-09   0.00E+00   9.79E-09   1.18E-03   5.42E-05   1.34E-05   9.60E-06   2.96E-06
 4.68E+06   1.35E-08   0.00E+00   2.83E-08   1.18E-03   5.45E-05   1.39E-05   9.98E-06   3.20E-06
 4.82E+06   2.92E-08   0.00E+00   6.09E-08   1.18E-03   5.49E-05   1.45E-05   1.04E-05   3.46E-06
 4.98E+06   5.13E-08   0.00E+00   1.07E-07   1.18E-03   5.54E-05   1.51E-05   1.09E-05   3.75E-06
 5.12E+06   7.78E-08   0.00E+00   1.61E-07   1.18E-03   5.59E-05   1.58E-05   1.13E-05   4.05E-06
 5.28E+06   1.06E-07   0.00E+00   2.21E-07   1.18E-03   5.65E-05   1.64E-05   1.18E-05   4.35E-06
 5.42E+06   1.36E-07   0.00E+00   2.83E-07   1.18E-03   5.70E-05   1.70E-05   1.22E-05   4.65E-06
 5.58E+06   1.65E-07   0.00E+00   3.46E-07   1.18E-03   5.74E-05   1.76E-05   1.27E-05   4.93E-06
 5.72E+06   1.93E-07   0.00E+00   4.10E-07   1.18E-03   5.77E-05   1.82E-05   1.31E-05   5.21E-06
 5.88E+06   2.21E-07   0.00E+00   4.73E-07   1.18E-03   5.80E-05   1.87E-05   1.34E-05   5.48E-06
 6.02E+06   2.47E-07   0.00E+00   5.34E-07   1.18E-03   5.83E-05   1.92E-05   1.38E-05   5.74E-06
 6.18E+06   2.71E-07   0.00E+00   5.90E-07   1.18E-03   5.91E-05   1.97E-05   1.42E-05   6.00E-06
 6.32E+06   2.92E-07   0.00E+00   6.38E-07   1.18E-03   6.07E-05   2.03E-05   1.45E-05   6.25E-06
 6.48E+06   3.09E-07   0.00E+00   6.79E-07   1.18E-03   6.11E-05   2.07E-05   1.48E-05   6.48E-06
 6.62E+06   3.24E-07   0.00E+00   7.15E-07   1.18E-03   6.14E-05   2.10E-05   1.51E-05   6.71E-06
 6.78E+06   3.36E-07   0.00E+00   7.44E-07   1.18E-03   6.17E-05   2.14E-05   1.54E-05   6.95E-06
 6.92E+06   3.46E-07   0.00E+00   7.68E-07   1.18E-03   6.20E-05   2.17E-05   1.56E-05   7.17E-06
 7.08E+06   3.54E-07   0.00E+00   7.86E-07   1.18E-03   6.23E-05   2.20E-05   1.58E-05   7.38E-06
 7.22E+06   3.60E-07   0.00E+00   8.01E-07   1.18E-03   6.25E-05   2.23E-05   1.60E-05   7.57E-06
 7.38E+06   3.65E-07   0.00E+00   8.13E-07   1.18E-03   6.27E-05   2.25E-05   1.62E-05   7.74E-06
 7.52E+06   3.69E-07   0.00E+00   8.23E-07   1.18E-03   6.29E-05   2.27E-05   1.63E-05   7.89E-06
 7.68E+06   3.73E-07   0.00E+00   8.32E-07   1.18E-03   6.30E-05   2.29E-05   1.64E-05   8.02E-06
 7.82E+06   3.76E-07   0.00E+00   8.38E-07   1.18E-03   6.31E-05   2.30E-05   1.65E-05   8.11E-06
 7.98E+06   3.78E-07   0.00E+00   8.43E-07   1.18E-03   6.32E-05   2.31E-05   1.66E-05   8.18E-06
 8.12E+06   3.80E-07   0.00E+00   8.47E-07   1.18E-03   6.32E-05   2.32E-05   1.66E-05   8.23E-06
 8.28E+06   3.81E-07   0.00E+00   8.50E-07   1.18E-03   6.33E-05   2.32E-05   1.67E-05   8.27E-06
 8.42E+06   3.82E-07   0.00E+00   8.51E-07   1.18E-03   6.33E-05   2.32E-05   1.67E-05   8.29E-06
 8.58E+06   3.82E-07   0.00E+00   8.52E-07   1.18E-03   6.33E-05   2.33E-05   1.67E-05   8.31E-06
 8.72E+06   3.83E-07   0.00E+00   8.53E-07   1.18E-03   6.33E-05   2.33E-05   1.67E-05   8.32E-06
 8.88E+06   3.83E-07   0.00E+00   8.54E-07   1.18E-03   6.33E-05   2.33E-05   1.67E-05   8.32E-06
 9.02E+06   3.83E-07   0.00E+00   8.54E-07   1.18E-03   6.34E-05   2.33E-05   1.67E-05   8.33E-06
 9.18E+06   3.83E-07   0.00E+00   8.54E-07   1.18E-03   6.34E-05   2.33E-05   1.67E-05   8.33E-06
 9.32E+06   3.83E-07   0.00E+00   8.55E-07   1.18E-03   6.34E-05   2.33E-05   1.67E-05   8.33E-06
 9.48E+06   3.84E-07   0.00E+00   8.55E-07   1.18E-03   6.34E-05   2.33E-05   1.67E-05   8.34E-06
 9.62E+06   3.84E-07   0.00E+00   8.55E-07   1.18E-03   6.34E-05   2.33E-05   1.67E-05   8.34E-06
 9.78E+06   3.84E-07   0.00E+00   8.55E-07   1.18E-03   6.34E-05   2.33E-05   1.67E-05   8.34E-06
 9.92E+06   3.84E-07   0.00E+00   8.55E-07   1.18E-03   6.34E-05   2.33E-05   1.67E-05   8.34E-06

     Z      PNO2_O1D   PNO2       PCH3_1     PSO        PH2S       PSO2       PSO2_SO21  PSO2_SO23  
 2.50E+04   1.01E-09   3.58E-03   1.25E-08   3.71E-08   1.49E-08   2.15E-08   5.70E-05   4.24E-07
 1.75E+05   2.72E-09   3.93E-03   3.39E-08   1.06E-07   4.40E-08   6.23E-08   6.78E-05   4.68E-07
 3.25E+05   5.82E-09   4.24E-03   7.19E-08   2.42E-07   1.05E-07   1.45E-07   7.76E-05   5.07E-07
 4.75E+05   1.09E-08   4.52E-03   1.31E-07   4.85E-07   2.18E-07   2.92E-07   8.67E-05   5.42E-07
 6.25E+05   1.84E-08   4.78E-03   2.12E-07   8.59E-07   3.94E-07   5.19E-07   9.53E-05   5.74E-07
 7.75E+05   2.85E-08   5.01E-03   3.17E-07   1.38E-06   6.39E-07   8.32E-07   1.04E-04   6.03E-07
 9.25E+05   4.17E-08   5.21E-03   4.51E-07   2.06E-06   9.62E-07   1.24E-06   1.12E-04   6.29E-07
 1.08E+06   5.86E-08   5.40E-03   6.19E-07   2.93E-06   1.38E-06   1.77E-06   1.20E-04   6.52E-07
 1.22E+06   8.02E-08   5.57E-03   8.30E-07   4.04E-06   1.90E-06   2.43E-06   1.28E-04   6.72E-07
 1.38E+06   1.11E-07   5.72E-03   1.13E-06   5.59E-06   2.64E-06   3.36E-06   1.37E-04   6.90E-07
 1.52E+06   1.64E-07   5.86E-03   1.66E-06   8.13E-06   3.82E-06   4.88E-06   1.50E-04   7.07E-07
 1.68E+06   2.59E-07   5.99E-03   2.64E-06   1.25E-05   5.83E-06   7.46E-06   1.69E-04   7.22E-07
 1.82E+06   4.26E-07   6.10E-03   4.43E-06   1.95E-05   9.07E-06   1.16E-05   1.95E-04   7.35E-07
 1.98E+06   7.13E-07   6.19E-03   7.64E-06   3.04E-05   1.41E-05   1.81E-05   2.29E-04   7.44E-07
 2.12E+06   1.21E-06   6.26E-03   1.33E-05   4.70E-05   2.17E-05   2.79E-05   2.77E-04   7.51E-07
 2.28E+06   2.09E-06   6.32E-03   2.29E-05   7.10E-05   3.29E-05   4.23E-05   3.46E-04   7.56E-07
 2.42E+06   3.61E-06   6.38E-03   3.67E-05   1.03E-04   4.86E-05   6.13E-05   4.39E-04   7.60E-07
 2.58E+06   5.90E-06   6.42E-03   5.21E-05   1.38E-04   6.74E-05   8.26E-05   5.53E-04   7.64E-07
 2.72E+06   8.50E-06   6.46E-03   6.47E-05   1.68E-04   8.55E-05   1.01E-04   6.66E-04   7.66E-07
 2.88E+06   1.06E-05   6.49E-03   7.31E-05   1.89E-04   9.93E-05   1.14E-04   7.55E-04   7.68E-07
 3.02E+06   1.22E-05   6.51E-03   7.86E-05   2.04E-04   1.09E-04   1.23E-04   8.17E-04   7.69E-07
 3.18E+06   1.32E-05   6.52E-03   8.24E-05   2.14E-04   1.16E-04   1.30E-04   8.58E-04   7.70E-07
 3.32E+06   1.40E-05   6.53E-03   8.51E-05   2.22E-04   1.21E-04   1.35E-04   8.85E-04   7.71E-07
 3.48E+06   1.45E-05   6.54E-03   8.71E-05   2.28E-04   1.25E-04   1.38E-04   9.03E-04   7.72E-07
 3.62E+06   1.49E-05   6.55E-03   8.86E-05   2.32E-04   1.28E-04   1.41E-04   9.14E-04   7.73E-07
 3.78E+06   1.52E-05   6.55E-03   8.97E-05   2.36E-04   1.30E-04   1.43E-04   9.21E-04   7.73E-07
 3.92E+06   1.54E-05   6.55E-03   9.05E-05   2.38E-04   1.31E-04   1.45E-04   9.27E-04   7.73E-07
 4.08E+06   1.56E-05   6.56E-03   9.12E-05   2.41E-04   1.33E-04   1.46E-04   9.30E-04   7.74E-07
 4.22E+06   1.58E-05   6.56E-03   9.17E-05   2.42E-04   1.34E-04   1.47E-04   9.33E-04   7.74E-07
 4.38E+06   1.60E-05   6.56E-03   9.20E-05   2.44E-04   1.35E-04   1.48E-04   9.34E-04   7.74E-07
 4.52E+06   1.62E-05   6.56E-03   9.23E-05   2.45E-04   1.35E-04   1.49E-04   9.36E-04   7.74E-07
 4.68E+06   1.64E-05   6.56E-03   9.25E-05   2.45E-04   1.36E-04   1.50E-04   9.36E-04   7.74E-07
 4.82E+06   1.66E-05   6.56E-03   9.27E-05   2.46E-04   1.37E-04   1.51E-04   9.37E-04   7.74E-07
 4.98E+06   1.69E-05   6.57E-03   9.28E-05   2.47E-04   1.38E-04   1.52E-04   9.37E-04   7.74E-07
 5.12E+06   1.72E-05   6.57E-03   9.29E-05   2.47E-04   1.39E-04   1.54E-04   9.38E-04   7.74E-07
 5.28E+06   1.76E-05   6.57E-03   9.30E-05   2.47E-04   1.40E-04   1.55E-04   9.38E-04   7.74E-07
 5.42E+06   1.79E-05   6.57E-03   9.31E-05   2.48E-04   1.41E-04   1.56E-04   9.38E-04   7.74E-07
 5.58E+06   1.82E-05   6.57E-03   9.31E-05   2.48E-04   1.42E-04   1.58E-04   9.38E-04   7.74E-07
 5.72E+06   1.85E-05   6.57E-03   9.31E-05   2.48E-04   1.43E-04   1.59E-04   9.38E-04   7.74E-07
 5.88E+06   1.89E-05   6.57E-03   9.31E-05   2.48E-04   1.44E-04   1.60E-04   9.38E-04   7.74E-07
 6.02E+06   1.92E-05   6.57E-03   9.32E-05   2.48E-04   1.45E-04   1.61E-04   9.38E-04   7.74E-07
 6.18E+06   1.95E-05   6.57E-03   9.32E-05   2.49E-04   1.46E-04   1.62E-04   9.38E-04   7.74E-07
 6.32E+06   1.98E-05   6.57E-03   9.32E-05   2.49E-04   1.46E-04   1.62E-04   9.38E-04   7.74E-07
 6.48E+06   2.01E-05   6.57E-03   9.32E-05   2.49E-04   1.47E-04   1.63E-04   9.38E-04   7.74E-07
 6.62E+06   2.04E-05   6.57E-03   9.32E-05   2.49E-04   1.47E-04   1.63E-04   9.38E-04   7.74E-07
 6.78E+06   2.07E-05   6.57E-03   9.32E-05   2.49E-04   1.48E-04   1.64E-04   9.39E-04   7.74E-07
 6.92E+06   2.10E-05   6.57E-03   9.32E-05   2.49E-04   1.48E-04   1.64E-04   9.39E-04   7.74E-07
 7.08E+06   2.13E-05   6.57E-03   9.32E-05   2.49E-04   1.48E-04   1.65E-04   9.39E-04   7.74E-07
 7.22E+06   2.16E-05   6.57E-03   9.32E-05   2.49E-04   1.48E-04   1.65E-04   9.39E-04   7.74E-07
 7.38E+06   2.19E-05   6.57E-03   9.32E-05   2.49E-04   1.49E-04   1.65E-04   9.39E-04   7.74E-07
 7.52E+06   2.21E-05   6.57E-03   9.32E-05   2.49E-04   1.49E-04   1.65E-04   9.39E-04   7.74E-07
 7.68E+06   2.23E-05   6.57E-03   9.32E-05   2.49E-04   1.49E-04   1.65E-04   9.39E-04   7.74E-07
 7.82E+06   2.25E-05   6.57E-03   9.32E-05   2.49E-04   1.50E-04   1.65E-04   9.39E-04   7.74E-07
 7.98E+06   2.26E-05   6.57E-03   9.32E-05   2.49E-04   1.50E-04   1.66E-04   9.39E-04   7.74E-07
 8.12E+06   2.27E-05   6.57E-03   9.32E-05   2.49E-04   1.50E-04   1.66E-04   9.39E-04   7.74E-07
 8.28E+06   2.28E-05   6.57E-03   9.32E-05   2.49E-04   1.50E-04   1.66E-04   9.39E-04   7.74E-07
 8.42E+06   2.28E-05   6.57E-03   9.32E-05   2.49E-04   1.50E-04   1.66E-04   9.39E-04   7.74E-07
 8.58E+06   2.28E-05   6.57E-03   9.32E-05   2.49E-04   1.50E-04   1.66E-04   9.39E-04   7.74E-07
 8.72E+06   2.29E-05   6.57E-03   9.32E-05   2.49E-04   1.50E-04   1.66E-04   9.39E-04   7.74E-07
 8.88E+06   2.29E-05   6.57E-03   9.32E-05   2.49E-04   1.50E-04   1.66E-04   9.39E-04   7.74E-07
 9.02E+06   2.29E-05   6.57E-03   9.32E-05   2.49E-04   1.50E-04   1.66E-04   9.39E-04   7.74E-07
 9.18E+06   2.29E-05   6.57E-03   9.32E-05   2.49E-04   1.50E-04   1.66E-04   9.39E-04   7.74E-07
 9.32E+06   2.29E-05   6.57E-03   9.32E-05   2.49E-04   1.50E-04   1.66E-04   9.39E-04   7.74E-07
 9.48E+06   2.29E-05   6.57E-03   9.32E-05   2.49E-04   1.50E-04   1.66E-04   9.39E-04   7.74E-07
 9.62E+06   2.29E-05   6.57E-03   9.32E-05   2.49E-04   1.50E-04   1.66E-04   9.39E-04   7.74E-07
 9.78E+06   2.29E-05   6.57E-03   9.32E-05   2.49E-04   1.50E-04   1.66E-04   9.39E-04   7.74E-07
 9.92E+06   2.29E-05   6.57E-03   9.32E-05   2.49E-04   1.50E-04   1.66E-04   9.39E-04   7.74E-07

     Z      PS2        PS4        PS3        PS8L       PS8R       PS8        PSO3       PHSO       
 2.50E+04   4.27E-05   1.16E-01   5.32E-01   0.00E+00   0.00E+00   9.12E-14   8.59E-08   2.19E-08
 1.75E+05   5.06E-05   1.20E-01   5.71E-01   0.00E+00   0.00E+00   1.28E-13   1.04E-07   5.98E-08
 3.25E+05   5.78E-05   1.23E-01   6.06E-01   0.00E+00   0.00E+00   1.75E-13   1.26E-07   1.31E-07
 4.75E+05   6.44E-05   1.26E-01   6.38E-01   0.00E+00   0.00E+00   2.33E-13   1.52E-07   2.51E-07
 6.25E+05   7.07E-05   1.29E-01   6.67E-01   0.00E+00   0.00E+00   3.07E-13   1.85E-07   4.31E-07
 7.75E+05   7.67E-05   1.32E-01   6.93E-01   0.00E+00   0.00E+00   4.00E-13   2.27E-07   6.76E-07
 9.25E+05   8.25E-05   1.34E-01   7.17E-01   0.00E+00   0.00E+00   5.20E-13   2.77E-07   9.95E-07
 1.08E+06   8.82E-05   1.36E-01   7.38E-01   0.00E+00   0.00E+00   6.83E-13   3.38E-07   1.41E-06
 1.22E+06   9.38E-05   1.38E-01   7.56E-01   0.00E+00   0.00E+00   9.15E-13   4.13E-07   1.93E-06
 1.38E+06   1.00E-04   1.40E-01   7.73E-01   0.00E+00   0.00E+00   1.23E-12   5.14E-07   2.66E-06
 1.52E+06   1.09E-04   1.42E-01   7.89E-01   0.00E+00   0.00E+00   1.66E-12   6.78E-07   3.90E-06
 1.68E+06   1.22E-04   1.44E-01   8.04E-01   0.00E+00   0.00E+00   2.28E-12   9.53E-07   6.09E-06
 1.82E+06   1.38E-04   1.46E-01   8.15E-01   0.00E+00   0.00E+00   3.13E-12   1.40E-06   9.83E-06
 1.98E+06   1.60E-04   1.47E-01   8.24E-01   0.00E+00   0.00E+00   4.35E-12   2.09E-06   1.61E-05
 2.12E+06   1.92E-04   1.48E-01   8.31E-01   0.00E+00   0.00E+00   6.15E-12   3.17E-06   2.65E-05
 2.28E+06   2.37E-04   1.49E-01   8.36E-01   0.00E+00   0.00E+00   8.87E-12   4.79E-06   4.41E-05
 2.42E+06   2.99E-04   1.49E-01   8.39E-01   0.00E+00   0.00E+00   1.31E-11   7.11E-06   7.34E-05
 2.58E+06   3.73E-04   1.50E-01   8.42E-01   0.00E+00   0.00E+00   1.97E-11   1.00E-05   1.17E-04
 2.72E+06   4.40E-04   1.50E-01   8.44E-01   0.00E+00   0.00E+00   2.95E-11   1.32E-05   1.68E-04
 2.88E+06   4.90E-04   1.50E-01   8.46E-01   0.00E+00   0.00E+00   4.27E-11   1.59E-05   2.13E-04
 3.02E+06   5.22E-04   1.50E-01   8.47E-01   0.00E+00   0.00E+00   5.92E-11   1.79E-05   2.46E-04
 3.18E+06   5.44E-04   1.50E-01   8.48E-01   0.00E+00   0.00E+00   7.96E-11   1.94E-05   2.69E-04
 3.32E+06   5.58E-04   1.50E-01   8.49E-01   0.00E+00   0.00E+00   1.05E-10   2.05E-05   2.85E-04
 3.48E+06   5.67E-04   1.50E-01   8.50E-01   0.00E+00   0.00E+00   1.36E-10   2.12E-05   2.96E-04
 3.62E+06   5.73E-04   1.50E-01   8.50E-01   0.00E+00   0.00E+00   1.76E-10   2.18E-05   3.04E-04
 3.78E+06   5.77E-04   1.51E-01   8.50E-01   0.00E+00   0.00E+00   2.27E-10   2.22E-05   3.09E-04
 3.92E+06   5.79E-04   1.51E-01   8.51E-01   0.00E+00   0.00E+00   2.92E-10   2.25E-05   3.13E-04
 4.08E+06   5.81E-04   1.51E-01   8.51E-01   0.00E+00   0.00E+00   3.77E-10   2.27E-05   3.16E-04
 4.22E+06   5.82E-04   1.51E-01   8.51E-01   0.00E+00   0.00E+00   4.86E-10   2.29E-05   3.18E-04
 4.38E+06   5.83E-04   1.51E-01   8.51E-01   0.00E+00   0.00E+00   6.31E-10   2.31E-05   3.20E-04
 4.52E+06   5.84E-04   1.51E-01   8.51E-01   0.00E+00   0.00E+00   8.22E-10   2.32E-05   3.21E-04
 4.68E+06   5.85E-04   1.51E-01   8.51E-01   0.00E+00   0.00E+00   1.08E-09   2.34E-05   3.22E-04
 4.82E+06   5.85E-04   1.51E-01   8.52E-01   0.00E+00   0.00E+00   1.42E-09   2.35E-05   3.23E-04
 4.98E+06   5.85E-04   1.51E-01   8.52E-01   0.00E+00   0.00E+00   1.88E-09   2.36E-05   3.24E-04
 5.12E+06   5.85E-04   1.51E-01   8.52E-01   0.00E+00   0.00E+00   2.50E-09   2.37E-05   3.25E-04
 5.28E+06   5.85E-04   1.51E-01   8.52E-01   0.00E+00   0.00E+00   3.32E-09   2.38E-05   3.25E-04
 5.42E+06   5.86E-04   1.51E-01   8.52E-01   0.00E+00   0.00E+00   4.41E-09   2.39E-05   3.26E-04
 5.58E+06   5.86E-04   1.51E-01   8.52E-01   0.00E+00   0.00E+00   5.87E-09   2.40E-05   3.26E-04
 5.72E+06   5.86E-04   1.51E-01   8.52E-01   0.00E+00   0.00E+00   7.81E-09   2.40E-05   3.26E-04
 5.88E+06   5.86E-04   1.51E-01   8.52E-01   0.00E+00   0.00E+00   1.04E-08   2.41E-05   3.27E-04
 6.02E+06   5.86E-04   1.51E-01   8.52E-01   0.00E+00   0.00E+00   1.40E-08   2.42E-05   3.27E-04
 6.18E+06   5.86E-04   1.51E-01   8.52E-01   0.00E+00   0.00E+00   1.91E-08   2.42E-05   3.27E-04
 6.32E+06   5.86E-04   1.51E-01   8.52E-01   0.00E+00   0.00E+00   2.64E-08   2.43E-05   3.27E-04
 6.48E+06   5.86E-04   1.51E-01   8.52E-01   0.00E+00   0.00E+00   3.45E-08   2.44E-05   3.28E-04
 6.62E+06   5.86E-04   1.51E-01   8.52E-01   0.00E+00   0.00E+00   4.50E-08   2.45E-05   3.28E-04
 6.78E+06   5.86E-04   1.51E-01   8.52E-01   0.00E+00   0.00E+00   5.87E-08   2.45E-05   3.28E-04
 6.92E+06   5.86E-04   1.51E-01   8.52E-01   0.00E+00   0.00E+00   7.66E-08   2.46E-05   3.28E-04
 7.08E+06   5.86E-04   1.51E-01   8.52E-01   0.00E+00   0.00E+00   9.99E-08   2.47E-05   3.28E-04
 7.22E+06   5.86E-04   1.51E-01   8.52E-01   0.00E+00   0.00E+00   1.30E-07   2.49E-05   3.28E-04
 7.38E+06   5.86E-04   1.51E-01   8.52E-01   0.00E+00   0.00E+00   1.70E-07   2.52E-05   3.28E-04
 7.52E+06   5.86E-04   1.51E-01   8.52E-01   0.00E+00   0.00E+00   2.22E-07   2.55E-05   3.28E-04
 7.68E+06   5.86E-04   1.51E-01   8.52E-01   0.00E+00   0.00E+00   2.89E-07   2.58E-05   3.28E-04
 7.82E+06   5.86E-04   1.51E-01   8.52E-01   0.00E+00   0.00E+00   3.77E-07   2.61E-05   3.28E-04
 7.98E+06   5.86E-04   1.51E-01   8.52E-01   0.00E+00   0.00E+00   4.91E-07   2.64E-05   3.28E-04
 8.12E+06   5.86E-04   1.51E-01   8.52E-01   0.00E+00   0.00E+00   6.39E-07   2.66E-05   3.28E-04
 8.28E+06   5.86E-04   1.51E-01   8.52E-01   0.00E+00   0.00E+00   8.33E-07   2.67E-05   3.28E-04
 8.42E+06   5.86E-04   1.51E-01   8.52E-01   0.00E+00   0.00E+00   1.09E-06   2.68E-05   3.28E-04
 8.58E+06   5.86E-04   1.51E-01   8.52E-01   0.00E+00   0.00E+00   1.41E-06   2.69E-05   3.28E-04
 8.72E+06   5.86E-04   1.51E-01   8.52E-01   0.00E+00   0.00E+00   1.84E-06   2.69E-05   3.28E-04
 8.88E+06   5.86E-04   1.51E-01   8.52E-01   0.00E+00   0.00E+00   2.40E-06   2.69E-05   3.28E-04
 9.02E+06   5.86E-04   1.51E-01   8.52E-01   0.00E+00   0.00E+00   3.12E-06   2.70E-05   3.28E-04
 9.18E+06   5.86E-04   1.51E-01   8.52E-01   0.00E+00   0.00E+00   4.06E-06   2.70E-05   3.28E-04
 9.32E+06   5.86E-04   1.51E-01   8.52E-01   0.00E+00   0.00E+00   5.28E-06   2.70E-05   3.28E-04
 9.48E+06   5.86E-04   1.51E-01   8.52E-01   0.00E+00   0.00E+00   6.87E-06   2.70E-05   3.28E-04
 9.62E+06   5.86E-04   1.51E-01   8.52E-01   0.00E+00   0.00E+00   8.93E-06   2.70E-05   3.28E-04
 9.78E+06   5.86E-04   1.51E-01   8.52E-01   0.00E+00   0.00E+00   1.16E-05   2.70E-05   3.28E-04
 9.92E+06   5.86E-04   1.51E-01   8.52E-01   0.00E+00   0.00E+00   1.51E-05   2.70E-05   3.28E-04

     Z      POCS       PNO3_NO    PNO3_NO2   PN2O       PHO2NO2_NO2PHO2NO2_NO3PN2O5_NO2  PN2O5_NO   
 2.50E+04   6.70E-10   1.08E-02   8.42E-02   4.05E-11   1.97E-06   4.92E-07   2.54E-08   1.15E-05
 1.75E+05   1.63E-09   1.10E-02   8.58E-02   1.27E-10   2.33E-06   5.82E-07   6.61E-08   1.32E-05
 3.25E+05   3.18E-09   1.12E-02   8.71E-02   3.24E-10   2.67E-06   6.68E-07   1.50E-07   1.48E-05
 4.75E+05   5.50E-09   1.14E-02   8.81E-02   7.10E-10   3.02E-06   7.57E-07   3.03E-07   1.62E-05
 6.25E+05   8.69E-09   1.16E-02   8.89E-02   1.33E-09   3.40E-06   8.54E-07   5.43E-07   1.75E-05
 7.75E+05   1.29E-08   1.17E-02   8.93E-02   2.19E-09   3.80E-06   9.62E-07   8.80E-07   1.87E-05
 9.25E+05   1.83E-08   1.19E-02   8.96E-02   3.28E-09   4.25E-06   1.08E-06   1.33E-06   1.99E-05
 1.08E+06   2.53E-08   1.21E-02   8.99E-02   4.69E-09   4.75E-06   1.22E-06   1.91E-06   2.09E-05
 1.22E+06   3.43E-08   1.23E-02   9.08E-02   6.67E-09   5.32E-06   1.39E-06   2.65E-06   2.19E-05
 1.38E+06   4.77E-08   1.24E-02   9.19E-02   9.47E-09   6.05E-06   1.60E-06   3.68E-06   2.29E-05
 1.52E+06   7.24E-08   1.26E-02   9.32E-02   1.40E-08   7.16E-06   1.92E-06   5.37E-06   2.41E-05
 1.68E+06   1.21E-07   1.28E-02   9.44E-02   2.14E-08   8.93E-06   2.44E-06   8.24E-06   2.55E-05
 1.82E+06   2.16E-07   1.29E-02   9.55E-02   3.32E-08   1.17E-05   3.25E-06   1.29E-05   2.72E-05
 1.98E+06   4.02E-07   1.30E-02   9.63E-02   5.07E-08   1.59E-05   4.47E-06   2.01E-05   2.92E-05
 2.12E+06   7.79E-07   1.31E-02   9.70E-02   7.58E-08   2.22E-05   6.29E-06   3.11E-05   3.17E-05
 2.28E+06   1.58E-06   1.32E-02   9.76E-02   1.09E-07   3.17E-05   8.99E-06   4.74E-05   3.51E-05
 2.42E+06   3.26E-06   1.32E-02   9.80E-02   1.50E-07   4.60E-05   1.29E-05   7.03E-05   3.95E-05
 2.58E+06   6.29E-06   1.32E-02   9.83E-02   1.90E-07   6.65E-05   1.84E-05   1.00E-04   4.51E-05
 2.72E+06   1.02E-05   1.32E-02   9.84E-02   2.24E-07   9.42E-05   2.56E-05   1.35E-04   5.13E-05
 2.88E+06   1.37E-05   1.33E-02   9.83E-02   2.49E-07   1.23E-04   3.31E-05   1.69E-04   5.70E-05
 3.02E+06   1.63E-05   1.33E-02   9.82E-02   2.69E-07   1.47E-04   3.92E-05   1.96E-04   6.12E-05
 3.18E+06   1.81E-05   1.33E-02   9.80E-02   2.85E-07   1.64E-04   4.36E-05   2.16E-04   6.42E-05
 3.32E+06   1.93E-05   1.33E-02   9.79E-02   2.99E-07   1.76E-04   4.67E-05   2.30E-04   6.61E-05
 3.48E+06   2.02E-05   1.34E-02   9.77E-02   3.10E-07   1.84E-04   4.89E-05   2.41E-04   6.74E-05
 3.62E+06   2.07E-05   1.34E-02   9.75E-02   3.20E-07   1.90E-04   5.03E-05   2.48E-04   6.82E-05
 3.78E+06   2.11E-05   1.34E-02   9.72E-02   3.28E-07   1.93E-04   5.13E-05   2.54E-04   6.88E-05
 3.92E+06   2.14E-05   1.34E-02   9.69E-02   3.36E-07   1.96E-04   5.21E-05   2.58E-04   6.92E-05
 4.08E+06   2.16E-05   1.34E-02   9.67E-02   3.46E-07   1.98E-04   5.26E-05   2.61E-04   6.94E-05
 4.22E+06   2.18E-05   1.34E-02   9.67E-02   3.55E-07   1.99E-04   5.29E-05   2.64E-04   6.96E-05
 4.38E+06   2.19E-05   1.34E-02   9.67E-02   3.66E-07   2.00E-04   5.32E-05   2.67E-04   6.97E-05
 4.52E+06   2.21E-05   1.34E-02   9.67E-02   3.83E-07   2.01E-04   5.34E-05   2.69E-04   6.98E-05
 4.68E+06   2.23E-05   1.34E-02   9.67E-02   4.11E-07   2.01E-04   5.35E-05   2.71E-04   6.98E-05
 4.82E+06   2.25E-05   1.34E-02   9.67E-02   4.54E-07   2.02E-04   5.36E-05   2.73E-04   6.99E-05
 4.98E+06   2.28E-05   1.34E-02   9.67E-02   5.11E-07   2.02E-04   5.37E-05   2.76E-04   6.99E-05
 5.12E+06   2.31E-05   1.34E-02   9.67E-02   5.78E-07   2.02E-04   5.37E-05   2.78E-04   6.99E-05
 5.28E+06   2.34E-05   1.34E-02   9.67E-02   6.50E-07   2.02E-04   5.38E-05   2.81E-04   6.99E-05
 5.42E+06   2.37E-05   1.34E-02   9.67E-02   7.24E-07   2.02E-04   5.38E-05   2.83E-04   7.00E-05
 5.58E+06   2.41E-05   1.34E-02   9.67E-02   8.02E-07   2.02E-04   5.38E-05   2.85E-04   7.00E-05
 5.72E+06   2.45E-05   1.34E-02   9.67E-02   8.88E-07   2.03E-04   5.39E-05   2.88E-04   7.00E-05
 5.88E+06   2.49E-05   1.34E-02   9.67E-02   9.89E-07   2.03E-04   5.39E-05   2.90E-04   7.00E-05
 6.02E+06   2.53E-05   1.34E-02   9.67E-02   1.11E-06   2.03E-04   5.39E-05   2.92E-04   7.00E-05
 6.18E+06   2.59E-05   1.34E-02   9.67E-02   1.24E-06   2.03E-04   5.39E-05   2.94E-04   7.00E-05
 6.32E+06   2.65E-05   1.34E-02   9.67E-02   1.38E-06   2.03E-04   5.39E-05   2.96E-04   7.00E-05
 6.48E+06   2.72E-05   1.34E-02   9.67E-02   1.51E-06   2.03E-04   5.39E-05   2.98E-04   7.00E-05
 6.62E+06   2.80E-05   1.34E-02   9.67E-02   1.64E-06   2.03E-04   5.39E-05   3.00E-04   7.00E-05
 6.78E+06   2.89E-05   1.34E-02   9.67E-02   1.77E-06   2.03E-04   5.39E-05   3.02E-04   7.00E-05
 6.92E+06   2.99E-05   1.34E-02   9.67E-02   1.88E-06   2.03E-04   5.39E-05   3.04E-04   7.00E-05
 7.08E+06   3.11E-05   1.34E-02   9.67E-02   1.97E-06   2.03E-04   5.39E-05   3.06E-04   7.00E-05
 7.22E+06   3.24E-05   1.34E-02   9.67E-02   2.06E-06   2.03E-04   5.39E-05   3.08E-04   7.00E-05
 7.38E+06   3.40E-05   1.34E-02   9.67E-02   2.13E-06   2.03E-04   5.39E-05   3.09E-04   7.00E-05
 7.52E+06   3.57E-05   1.34E-02   9.67E-02   2.20E-06   2.03E-04   5.39E-05   3.11E-04   7.00E-05
 7.68E+06   3.72E-05   1.34E-02   9.67E-02   2.25E-06   2.03E-04   5.39E-05   3.12E-04   7.00E-05
 7.82E+06   3.85E-05   1.34E-02   9.67E-02   2.30E-06   2.03E-04   5.39E-05   3.13E-04   7.00E-05
 7.98E+06   3.95E-05   1.34E-02   9.67E-02   2.34E-06   2.03E-04   5.39E-05   3.14E-04   7.00E-05
 8.12E+06   4.02E-05   1.34E-02   9.67E-02   2.36E-06   2.03E-04   5.39E-05   3.15E-04   7.00E-05
 8.28E+06   4.07E-05   1.34E-02   9.67E-02   2.38E-06   2.03E-04   5.39E-05   3.15E-04   7.00E-05
 8.42E+06   4.11E-05   1.34E-02   9.67E-02   2.39E-06   2.03E-04   5.39E-05   3.15E-04   7.00E-05
 8.58E+06   4.13E-05   1.34E-02   9.67E-02   2.40E-06   2.03E-04   5.39E-05   3.16E-04   7.00E-05
 8.72E+06   4.15E-05   1.34E-02   9.67E-02   2.41E-06   2.03E-04   5.39E-05   3.16E-04   7.00E-05
 8.88E+06   4.16E-05   1.34E-02   9.67E-02   2.41E-06   2.03E-04   5.39E-05   3.16E-04   7.00E-05
 9.02E+06   4.16E-05   1.34E-02   9.67E-02   2.42E-06   2.03E-04   5.39E-05   3.16E-04   7.00E-05
 9.18E+06   4.17E-05   1.34E-02   9.67E-02   2.42E-06   2.03E-04   5.39E-05   3.16E-04   7.00E-05
 9.32E+06   4.17E-05   1.34E-02   9.67E-02   2.42E-06   2.03E-04   5.39E-05   3.16E-04   7.00E-05
 9.48E+06   4.17E-05   1.34E-02   9.67E-02   2.42E-06   2.03E-04   5.39E-05   3.16E-04   7.00E-05
 9.62E+06   4.18E-05   1.34E-02   9.67E-02   2.42E-06   2.03E-04   5.39E-05   3.16E-04   7.00E-05
 9.78E+06   4.18E-05   1.34E-02   9.67E-02   2.42E-06   2.03E-04   5.39E-05   3.16E-04   7.00E-05
 9.92E+06   4.18E-05   1.34E-02   9.67E-02   2.42E-06   2.03E-04   5.39E-05   3.16E-04   7.00E-05
 N =    1  EMAX = 4.28E-05 FOR CH3     AT Z = 1.02E+06 U = 3.24E-20 RHS = 1.39E-24  DT = 5.00E-06  TIME = 1.00E-06
 N =    2  EMAX = 1.85E-04 FOR CH3     AT Z = 1.02E+06 U = 3.24E-20 RHS = 6.00E-24  DT = 2.50E-05  TIME = 6.00E-06
 N =    3  EMAX = 5.21E-04 FOR CH3     AT Z = 1.02E+06 U = 3.24E-20 RHS = 1.69E-23  DT = 1.00E-04  TIME = 3.10E-05
 N =    4  EMAX = 5.07E-04 FOR CH3     AT Z = 1.02E+06 U = 3.24E-20 RHS = 1.64E-23  DT = 4.00E-04  TIME = 1.31E-04
 N =    5  EMAX = 5.90E-04 FOR SO3     AT Z = 5.25E+05 U = 2.07E-19 RHS =-1.22E-22  DT = 1.60E-03  TIME = 5.31E-04
 N =    6  EMAX = 7.84E-04 FOR SO3     AT Z = 6.25E+05 U = 5.35E-19 RHS =-4.20E-22  DT = 6.40E-03  TIME = 2.13E-03
 N =    7  EMAX = 9.85E-04 FOR SO3     AT Z = 7.75E+05 U = 2.49E-18 RHS =-2.46E-21  DT = 2.56E-02  TIME = 8.53E-03
 N =    8  EMAX = 1.15E-03 FOR SO3     AT Z = 8.75E+05 U = 8.02E-18 RHS =-9.19E-21  DT = 7.68E-02  TIME = 3.41E-02
 N =    9  EMAX = 1.12E-03 FOR SO3     AT Z = 9.75E+05 U = 3.00E-17 RHS =-3.37E-20  DT = 2.30E-01  TIME = 1.11E-01
 N =   10  EMAX = 1.30E-03 FOR SO3     AT Z = 1.02E+06 U = 5.96E-17 RHS =-7.76E-20  DT = 6.91E-01  TIME = 3.41E-01
 N =   11  EMAX = 6.81E-04 FOR SO3     AT Z = 1.02E+06 U = 5.95E-17 RHS =-4.05E-20  DT = 2.76E+00  TIME = 1.03E+00
 N =   12  EMAX = 1.04E-03 FOR SO3     AT Z = 1.88E+06 U = 7.29E-16 RHS =-7.60E-19  DT = 8.29E+00  TIME = 3.80E+00
 N =   13  EMAX = 1.08E-03 FOR SO3     AT Z = 2.12E+06 U = 1.83E-17 RHS =-1.98E-20  DT = 2.49E+01  TIME = 1.21E+01
 N =   14  EMAX = 9.71E-04 FOR SO3     AT Z = 2.32E+06 U = 3.99E-19 RHS =-3.88E-22  DT = 9.95E+01  TIME = 3.70E+01
 N =   15  EMAX = 1.22E-03 FOR N       AT Z = 1.02E+06 U = 2.07E-20 RHS =-2.52E-23  DT = 2.99E+02  TIME = 1.37E+02
 N =   16  EMAX = 1.15E-03 FOR NO2     AT Z = 9.02E+06 U = 2.99E-20 RHS =-3.44E-23  DT = 8.96E+02  TIME = 4.35E+02
 N =   17  EMAX = 9.61E-04 FOR NO      AT Z = 9.98E+06 U = 1.60E-13 RHS =-1.54E-16  DT = 3.58E+03  TIME = 1.33E+03
 N =   18  EMAX = 7.04E-04 FOR HO2NO2  AT Z = 5.88E+06 U = 2.11E-17 RHS =-1.49E-20  DT = 1.43E+04  TIME = 4.91E+03
 N =   19  EMAX = 2.34E-03 FOR H2SO4   AT Z = 3.92E+06 U = 1.19E-19 RHS =-2.80E-22  DT = 4.30E+04  TIME = 1.92E+04
 N =   20  EMAX = 4.82E-03 FOR H2SO4   AT Z = 4.12E+06 U = 1.30E-20 RHS =-6.29E-23  DT = 8.60E+04  TIME = 6.22E+04
 N =   21  EMAX = 5.06E-03 FOR H2SO4   AT Z = 4.12E+06 U = 1.30E-20 RHS =-6.57E-23  DT = 1.72E+05  TIME = 1.48E+05
 N =   22  EMAX = 3.46E-03 FOR H2SO4   AT Z = 4.12E+06 U = 1.29E-20 RHS =-4.48E-23  DT = 5.16E+05  TIME = 3.20E+05
 N =   23  EMAX = 1.45E-03 FOR H2SO4   AT Z = 4.12E+06 U = 1.29E-20 RHS =-1.87E-23  DT = 1.55E+06  TIME = 8.36E+05
 N =   24  EMAX = 1.78E-03 FOR H2SO4   AT Z = 2.88E+06 U = 4.73E-17 RHS =-8.40E-20  DT = 4.64E+06  TIME = 2.38E+06
 N =   25  EMAX = 1.67E-03 FOR H2SO4   AT Z = 2.88E+06 U = 4.72E-17 RHS =-7.88E-20  DT = 1.39E+07  TIME = 7.03E+06
 N =   26  EMAX = 6.37E-04 FOR H2SO4   AT Z = 2.82E+06 U = 5.29E-17 RHS =-3.37E-20  DT = 5.57E+07  TIME = 2.10E+07
 N =   27  EMAX = 1.59E-03 FOR SO2     AT Z = 2.82E+06 U = 2.13E-20 RHS =-3.40E-23  DT = 1.67E+08  TIME = 7.67E+07
 N =   28  EMAX = 2.22E-03 FOR SO2     AT Z = 2.82E+06 U = 2.13E-20 RHS =-4.74E-23  DT = 5.02E+08  TIME = 2.44E+08
 N =   29  EMAX = 1.47E-03 FOR SO2     AT Z = 2.82E+06 U = 2.13E-20 RHS =-3.13E-23  DT = 1.50E+09  TIME = 7.45E+08
 N =   30  EMAX = 6.21E-04 FOR SO2     AT Z = 2.82E+06 U = 2.12E-20 RHS =-1.32E-23  DT = 6.02E+09  TIME = 2.25E+09
 N =   31  EMAX = 2.26E-04 FOR SO2     AT Z = 2.82E+06 U = 2.12E-20 RHS =-4.79E-24  DT = 3.01E+10  TIME = 8.27E+09
 N =   32  EMAX = 7.31E-05 FOR SO2     AT Z = 2.82E+06 U = 2.12E-20 RHS =-1.55E-24  DT = 1.50E+11  TIME = 3.84E+10
 N =   33  EMAX = 4.87E-05 FOR HCO     AT Z = 4.32E+06 U = 4.06E-18 RHS =-1.98E-22  DT = 7.52E+11  TIME = 1.89E+11
 N =   34  EMAX = 2.69E-05 FOR HCO     AT Z = 4.32E+06 U = 4.06E-18 RHS =-1.09E-22  DT = 3.76E+12  TIME = 9.41E+11
 N =   35  EMAX = 4.24E-06 FOR HCO     AT Z = 4.38E+06 U = 6.83E-18 RHS =-2.89E-23  DT = 1.88E+13  TIME = 4.70E+12
 N =   36  EMAX = 4.24E-07 FOR H2S     AT Z = 1.38E+06 U = 1.79E-17 RHS = 7.56E-24  DT = 9.40E+13  TIME = 2.35E+13
 N =   37  EMAX = 1.64E-07 FOR H2S     AT Z = 1.38E+06 U = 1.79E-17 RHS =-2.93E-24  DT = 4.70E+14  TIME = 1.18E+14
 N =   38  EMAX = 6.75E-08 FOR SO2     AT Z = 2.82E+06 U = 2.12E-20 RHS = 1.43E-27  DT = 2.35E+15  TIME = 5.88E+14
 N =   39  EMAX = 1.78E-08 FOR SO2     AT Z = 2.82E+06 U = 2.12E-20 RHS = 3.77E-28  DT = 1.18E+16  TIME = 2.94E+15
 N =   40  EMAX = 5.25E-09 FOR SO2     AT Z = 2.82E+06 U = 2.12E-20 RHS = 1.11E-28  DT = 5.88E+16  TIME = 1.47E+16
 N =   41  EMAX = 1.35E-09 FOR SO2     AT Z = 2.82E+06 U = 2.12E-20 RHS = 2.87E-29  DT = 2.94E+17  TIME = 7.35E+16
 N =   42  EMAX = 3.09E-10 FOR SO2     AT Z = 2.82E+06 U = 2.12E-20 RHS = 6.56E-30  DT = 1.47E+18  TIME = 3.67E+17

 ENERGY FLUXES IN W/m2/nm (NOT DIURNALLY AVERAGED)

  L   WAV      TAUR      EFLUX     GFLUX     S(1)
   1 1177.2  1.070E+02 5.413E-05 0.000E+00 0.000E+00
   2 1178.6  1.063E+02 4.768E-05 0.000E+00 0.000E+00
   3 1179.9  1.057E+02 4.123E-05 0.000E+00 0.000E+00
   4 1181.3  1.050E+02 3.455E-05 0.000E+00 0.000E+00
   5 1182.7  1.043E+02 2.786E-05 0.000E+00 0.000E+00
   6 1184.1  1.037E+02 2.117E-05 0.000E+00 0.000E+00
   7 1185.5  1.030E+02 1.899E-05 0.000E+00 0.000E+00
   8 1186.9  1.024E+02 2.442E-05 0.000E+00 0.000E+00
   9 1188.3  1.017E+02 3.017E-05 0.000E+00 0.000E+00
  10 1189.8  1.010E+02 3.593E-05 0.000E+00 0.000E+00
  11 1191.2  1.004E+02 4.149E-05 0.000E+00 0.000E+00
  12 1192.6  9.974E+01 4.704E-05 0.000E+00 0.000E+00
  13 1194.0  9.911E+01 5.260E-05 0.000E+00 0.000E+00
  14 1195.5  9.849E+01 5.608E-05 0.000E+00 0.000E+00
  15 1196.9  9.782E+01 5.512E-05 0.000E+00 0.000E+00
  16 1198.3  9.721E+01 5.891E-05 0.000E+00 0.000E+00
  17 1199.8  9.660E+01 6.400E-05 0.000E+00 0.000E+00
  18 1201.2  9.595E+01 5.848E-05 0.000E+00 0.000E+00
  19 1202.7  9.535E+01 5.851E-05 0.000E+00 0.000E+00
  20 1204.1  9.471E+01 1.550E-04 0.000E+00 0.000E+00
  21 1205.5  9.412E+01 3.814E-04 0.000E+00 0.000E+00
  22 1207.0  9.349E+01 3.958E-04 0.000E+00 0.000E+00
  23 1208.5  9.291E+01 1.820E-04 0.000E+00 0.000E+00
  24 1210.0  9.229E+01 1.014E-04 0.000E+00 0.000E+00
  25 1211.4  9.168E+01 2.778E-04 0.000E+00 0.000E+00
  26 1212.8  9.111E+01 4.063E-03 0.000E+00 0.000E+00
  27 1214.3  9.051E+01 1.837E-02 0.000E+00 0.000E+00
  28 1215.8  8.991E+01 2.550E-02 0.000E+00 0.000E+00
  29 1217.2  8.936E+01 1.269E-02 0.000E+00 0.000E+00
  30 1218.8  8.877E+01 1.953E-03 0.000E+00 0.000E+00
  31 1220.2  8.818E+01 2.304E-04 0.000E+00 0.000E+00
  32 1221.8  8.760E+01 9.415E-05 0.000E+00 0.000E+00
  33 1223.2  8.703E+01 6.190E-05 0.000E+00 0.000E+00
  34 1224.8  8.646E+01 4.859E-05 0.000E+00 0.000E+00
  35 1226.2  8.589E+01 4.298E-05 0.000E+00 0.000E+00
  36 1227.8  8.533E+01 4.077E-05 0.000E+00 0.000E+00
  37 1229.2  8.478E+01 3.730E-05 0.000E+00 0.000E+00
  38 1230.8  8.423E+01 3.304E-05 0.000E+00 0.000E+00
  39 1232.2  8.368E+01 3.085E-05 0.000E+00 0.000E+00
  40 1233.8  8.314E+01 3.007E-05 0.000E+00 0.000E+00
  41 1235.3  8.256E+01 3.114E-05 0.000E+00 0.000E+00
  42 1236.8  8.203E+01 4.785E-05 0.000E+00 0.000E+00
  43 1238.4  8.150E+01 6.985E-05 0.000E+00 0.000E+00
  44 1240.0  8.094E+01 5.861E-05 0.000E+00 0.000E+00
  45 1241.5  8.042E+01 4.901E-05 0.000E+00 0.000E+00
  46 1243.0  7.991E+01 4.753E-05 0.000E+00 0.000E+00
  47 1244.5  7.936E+01 3.176E-05 0.000E+00 0.000E+00
  48 1246.1  7.885E+01 2.375E-05 0.000E+00 0.000E+00
  49 1247.7  7.831E+01 2.316E-05 0.000E+00 0.000E+00
  50 1249.2  7.781E+01 2.327E-05 0.000E+00 0.000E+00
  51 1250.8  7.729E+01 2.382E-05 0.000E+00 0.000E+00
  52 1252.3  7.676E+01 2.661E-05 0.000E+00 0.000E+00
  53 1253.9  7.628E+01 3.071E-05 0.000E+00 0.000E+00
  54 1255.5  7.576E+01 3.062E-05 0.000E+00 0.000E+00
  55 1257.1  7.525E+01 3.412E-05 0.000E+00 0.000E+00
  56 1258.7  7.474E+01 4.922E-05 0.000E+00 0.000E+00
  57 1260.2  7.427E+01 5.734E-05 0.000E+00 0.000E+00
  58 1261.8  7.377E+01 4.188E-05 0.000E+00 0.000E+00
  59 1263.4  7.328E+01 5.704E-05 0.000E+00 0.000E+00
  60 1265.0  7.279E+01 8.211E-05 0.000E+00 0.000E+00
  61 1266.6  7.230E+01 5.035E-05 0.000E+00 0.000E+00
  62 1268.2  7.182E+01 2.200E-05 0.000E+00 0.000E+00
  63 1269.8  7.134E+01 1.766E-05 0.000E+00 0.000E+00
  64 1271.4  7.087E+01 1.748E-05 0.000E+00 0.000E+00
  65 1273.1  7.037E+01 2.007E-05 0.000E+00 0.000E+00
  66 1274.7  6.990E+01 2.742E-05 0.000E+00 0.000E+00
  67 1276.3  6.944E+01 3.156E-05 0.000E+00 0.000E+00
  68 1277.9  6.898E+01 3.090E-05 0.000E+00 0.000E+00
  69 1279.6  6.850E+01 2.813E-05 0.000E+00 0.000E+00
  70 1281.2  6.805E+01 2.158E-05 0.000E+00 0.000E+00
  71 1282.9  6.758E+01 1.577E-05 0.000E+00 0.000E+00
  72 1284.5  6.713E+01 1.463E-05 0.000E+00 0.000E+00
  73 1286.2  6.669E+01 1.767E-05 0.000E+00 0.000E+00
  74 1287.8  6.623E+01 2.579E-05 0.000E+00 0.000E+00
  75 1289.5  6.577E+01 2.603E-05 0.000E+00 0.000E+00
  76 1291.2  6.535E+01 1.933E-05 0.000E+00 0.000E+00
  77 1292.8  6.489E+01 1.789E-05 0.000E+00 0.000E+00
  78 1294.5  6.445E+01 2.386E-05 0.000E+00 0.000E+00
  79 1296.2  6.403E+01 2.750E-05 0.000E+00 0.000E+00
  80 1297.8  6.359E+01 3.032E-05 0.000E+00 0.000E+00
  81 1299.6  6.315E+01 6.221E-05 0.000E+00 0.000E+00
  82 1301.2  6.272E+01 1.605E-04 0.000E+00 0.000E+00
  83 1302.9  6.229E+01 2.341E-04 0.000E+00 0.000E+00
  84 1304.7  6.187E+01 3.161E-04 0.000E+00 0.000E+00
  85 1306.3  6.145E+01 2.521E-04 0.000E+00 0.000E+00
  86 1308.1  6.103E+01 9.567E-05 0.000E+00 0.000E+00
  87 1309.8  6.062E+01 5.384E-05 0.000E+00 0.000E+00
  88 1311.4  6.021E+01 3.787E-05 0.000E+00 0.000E+00
  89 1313.2  5.980E+01 2.660E-05 0.000E+00 0.000E+00
  90 1314.9  5.937E+01 2.578E-05 0.000E+00 0.000E+00
  91 1316.7  5.897E+01 3.090E-05 0.000E+00 0.000E+00
  92 1318.4  5.857E+01 3.087E-05 0.000E+00 0.000E+00
  93 1320.2  5.816E+01 2.333E-05 0.000E+00 0.000E+00
  94 1321.9  5.777E+01 1.999E-05 0.000E+00 0.000E+00
  95 1323.7  5.736E+01 2.261E-05 0.000E+00 0.000E+00
  96 1325.4  5.698E+01 2.198E-05 0.000E+00 0.000E+00
  97 1327.2  5.657E+01 2.565E-05 0.000E+00 0.000E+00
  98 1328.9  5.620E+01 3.306E-05 0.000E+00 0.000E+00
  99 1330.7  5.580E+01 3.243E-05 0.000E+00 0.000E+00
 100 1332.4  5.541E+01 1.605E-04 0.000E+00 0.000E+00
 101 1334.2  5.504E+01 5.537E-04 0.000E+00 0.000E+00
 102 1336.0  5.466E+01 5.056E-04 0.000E+00 0.000E+00
 103 1337.8  5.428E+01 1.145E-04 0.000E+00 0.000E+00
 104 1339.6  5.390E+01 2.202E-05 0.000E+00 0.000E+00
 105 1341.4  5.352E+01 2.130E-05 0.000E+00 0.000E+00
 106 1343.2  5.315E+01 2.151E-05 0.000E+00 0.000E+00
 107 1345.0  5.278E+01 2.168E-05 0.000E+00 0.000E+00
 108 1346.8  5.242E+01 2.256E-05 0.000E+00 0.000E+00
 109 1348.6  5.205E+01 2.619E-05 0.000E+00 0.000E+00
 110 1350.5  5.170E+01 3.956E-05 0.000E+00 0.000E+00
 111 1352.3  5.132E+01 4.245E-05 0.000E+00 0.000E+00
 112 1354.1  5.097E+01 4.974E-05 0.000E+00 0.000E+00
 113 1356.0  5.062E+01 6.151E-05 0.000E+00 0.000E+00
 114 1357.8  5.025E+01 5.111E-05 0.000E+00 0.000E+00
 115 1359.6  4.991E+01 4.212E-05 0.000E+00 0.000E+00
 116 1361.5  4.957E+01 3.367E-05 0.000E+00 0.000E+00
 117 1363.3  4.921E+01 3.233E-05 0.000E+00 0.000E+00
 118 1365.2  4.886E+01 3.022E-05 0.000E+00 0.000E+00
 119 1367.0  4.853E+01 2.976E-05 0.000E+00 0.000E+00
 120 1369.0  4.818E+01 3.424E-05 0.000E+00 0.000E+00
 121 1370.8  4.783E+01 3.814E-05 0.000E+00 0.000E+00
 122 1372.7  4.751E+01 3.609E-05 0.000E+00 0.000E+00
 123 1374.5  4.717E+01 3.130E-05 0.000E+00 0.000E+00
 124 1376.5  4.684E+01 2.991E-05 0.000E+00 0.000E+00
 125 1378.3  4.651E+01 3.258E-05 0.000E+00 0.000E+00
 126 1380.2  4.618E+01 3.565E-05 0.000E+00 0.000E+00
 127 1382.2  4.585E+01 3.438E-05 0.000E+00 0.000E+00
 128 1384.0  4.553E+01 3.249E-05 0.000E+00 0.000E+00
 129 1386.0  4.521E+01 3.416E-05 0.000E+00 0.000E+00
 130 1388.0  4.487E+01 3.596E-05 0.000E+00 0.000E+00
 131 1389.8  4.456E+01 4.015E-05 0.000E+00 0.000E+00
 132 1391.8  4.425E+01 1.225E-04 0.000E+00 0.000E+00
 133 1393.8  4.392E+01 2.103E-04 0.000E+00 0.000E+00
 134 1395.7  4.362E+01 1.132E-04 0.000E+00 0.000E+00
 135 1397.6  4.331E+01 4.745E-05 0.000E+00 0.000E+00
 136 1399.6  4.300E+01 6.685E-05 0.000E+00 0.000E+00
 137 1401.5  4.268E+01 1.299E-04 0.000E+00 0.000E+00
 138 1403.5  4.239E+01 1.288E-04 0.000E+00 0.000E+00
 139 1405.5  4.208E+01 6.890E-05 0.000E+00 0.000E+00
 140 1407.5  4.177E+01 4.960E-05 0.000E+00 0.000E+00
 141 1409.5  4.147E+01 4.897E-05 0.000E+00 0.000E+00
 142 1411.4  4.119E+01 5.215E-05 0.000E+00 0.000E+00
 143 1413.4  4.089E+01 5.092E-05 0.000E+00 0.000E+00
 144 1415.4  4.059E+01 4.986E-05 0.000E+00 0.000E+00
 145 1417.4  4.030E+01 5.040E-05 0.000E+00 0.000E+00
 146 1419.5  4.001E+01 4.958E-05 0.000E+00 0.000E+00
 147 1421.5  3.971E+01 5.019E-05 0.000E+00 0.000E+00
 148 1423.5  3.943E+01 5.965E-05 0.000E+00 0.000E+00
 149 1425.5  3.915E+01 6.274E-05 0.000E+00 0.000E+00
 150 1427.5  3.887E+01 5.269E-05 0.000E+00 0.000E+00
 151 1429.6  3.858E+01 5.402E-05 0.000E+00 0.000E+00
 152 1431.7  3.830E+01 6.567E-05 0.000E+00 0.000E+00
 153 1433.7  3.802E+01 6.713E-05 0.000E+00 0.000E+00
 154 1435.8  3.775E+01 6.111E-05 0.000E+00 0.000E+00
 155 1437.8  3.747E+01 5.862E-05 0.000E+00 0.000E+00
 156 1439.8  3.721E+01 5.711E-05 0.000E+00 0.000E+00
 157 1442.0  3.693E+01 5.829E-05 0.000E+00 0.000E+00
 158 1444.0  3.666E+01 6.098E-05 0.000E+00 0.000E+00
 159 1446.2  3.639E+01 6.205E-05 0.000E+00 0.000E+00
 160 1448.2  3.612E+01 5.994E-05 0.000E+00 0.000E+00
 161 1450.3  3.586E+01 5.957E-05 0.000E+00 0.000E+00
 162 1452.5  3.560E+01 6.227E-05 0.000E+00 0.000E+00
 163 1454.5  3.534E+01 6.600E-05 0.000E+00 0.000E+00
 164 1456.7  3.508E+01 6.589E-05 0.000E+00 0.000E+00
 165 1458.8  3.482E+01 6.696E-05 0.000E+00 0.000E+00
 166 1461.0  3.456E+01 6.926E-05 0.000E+00 0.000E+00
 167 1463.0  3.431E+01 7.491E-05 0.000E+00 0.000E+00
 168 1465.2  3.406E+01 7.765E-05 0.000E+00 0.000E+00
 169 1467.3  3.380E+01 8.866E-05 0.000E+00 0.000E+00
 170 1469.5  3.356E+01 8.868E-05 0.000E+00 0.000E+00
 171 1471.7  3.331E+01 1.093E-04 0.000E+00 0.000E+00
 172 1473.8  3.306E+01 1.260E-04 0.000E+00 0.000E+00
 173 1476.0  3.282E+01 9.189E-05 0.000E+00 0.000E+00
 174 1478.2  3.257E+01 7.718E-05 0.000E+00 0.000E+00
 175 1480.4  3.233E+01 9.513E-05 0.000E+00 0.000E+00
 176 1482.6  3.209E+01 1.090E-04 0.000E+00 0.000E+00
 177 1484.8  3.185E+01 9.774E-05 0.000E+00 0.000E+00
 178 1487.0  3.161E+01 9.585E-05 0.000E+00 0.000E+00
 179 1489.2  3.138E+01 8.629E-05 0.000E+00 0.000E+00
 180 1491.4  3.115E+01 8.798E-05 0.000E+00 0.000E+00
 181 1493.7  3.092E+01 9.053E-05 0.000E+00 0.000E+00
 182 1495.9  3.068E+01 8.783E-05 0.000E+00 0.000E+00
 183 1498.2  3.045E+01 9.003E-05 0.000E+00 0.000E+00
 184 1500.4  3.022E+01 9.779E-05 0.000E+00 0.000E+00
 185 1502.7  3.000E+01 9.895E-05 0.000E+00 0.000E+00
 186 1504.9  2.977E+01 9.643E-05 0.000E+00 0.000E+00
 187 1507.2  2.955E+01 9.797E-05 0.000E+00 0.000E+00
 188 1509.4  2.933E+01 1.057E-04 0.000E+00 0.000E+00
 189 1511.8  2.910E+01 1.091E-04 0.000E+00 0.000E+00
 190 1514.1  2.888E+01 1.031E-04 0.000E+00 0.000E+00
 191 1516.3  2.866E+01 1.031E-04 0.000E+00 0.000E+00
 192 1518.7  2.845E+01 1.035E-04 0.000E+00 0.000E+00
 193 1520.9  2.823E+01 1.071E-04 0.000E+00 0.000E+00
 194 1523.2  2.802E+01 1.179E-04 0.000E+00 0.000E+00
 195 1525.6  2.781E+01 1.600E-04 0.000E+00 0.000E+00
 196 1527.9  2.760E+01 1.577E-04 0.000E+00 0.000E+00
 197 1530.2  2.739E+01 1.299E-04 0.000E+00 0.000E+00
 198 1532.6  2.718E+01 1.766E-04 0.000E+00 0.000E+00
 199 1534.9  2.698E+01 1.678E-04 0.000E+00 0.000E+00
 200 1537.3  2.677E+01 1.354E-04 0.000E+00 0.000E+00
 201 1539.7  2.656E+01 1.384E-04 0.000E+00 0.000E+00
 202 1542.0  2.637E+01 1.408E-04 0.000E+00 0.000E+00
 203 1544.4  2.616E+01 1.459E-04 0.000E+00 0.000E+00
 204 1546.8  2.596E+01 3.516E-04 0.000E+00 0.000E+00
 205 1549.2  2.576E+01 4.828E-04 0.000E+00 0.000E+00
 206 1551.6  2.556E+01 2.998E-04 0.000E+00 0.000E+00
 207 1554.0  2.537E+01 1.518E-04 0.000E+00 0.000E+00
 208 1556.4  2.517E+01 1.538E-04 0.000E+00 0.000E+00
 209 1558.8  2.498E+01 2.564E-04 0.000E+00 0.000E+00
 210 1561.3  2.478E+01 2.890E-04 0.000E+00 0.000E+00
 211 1563.7  2.460E+01 1.903E-04 0.000E+00 0.000E+00
 212 1566.2  2.441E+01 1.711E-04 0.000E+00 0.000E+00
 213 1568.7  2.422E+01 1.946E-04 0.000E+00 0.000E+00
 214 1571.1  2.403E+01 1.993E-04 0.000E+00 0.000E+00
 215 1573.5  2.385E+01 2.187E-04 0.000E+00 0.000E+00
 216 1576.0  2.366E+01 2.004E-04 0.000E+00 0.000E+00
 217 1578.5  2.348E+01 1.707E-04 0.000E+00 0.000E+00
 218 1581.0  2.329E+01 1.771E-04 0.000E+00 0.000E+00
 219 1583.5  2.311E+01 1.776E-04 0.000E+00 0.000E+00
 220 1586.0  2.293E+01 1.916E-04 0.000E+00 0.000E+00
 221 1588.5  2.275E+01 1.992E-04 0.000E+00 0.000E+00
 222 1591.1  2.258E+01 1.891E-04 0.000E+00 0.000E+00
 223 1593.7  2.240E+01 1.969E-04 0.000E+00 0.000E+00
 224 1596.2  2.222E+01 1.861E-04 0.000E+00 0.000E+00
 225 1598.7  2.205E+01 1.789E-04 0.000E+00 0.000E+00
 226 1601.3  2.188E+01 2.093E-04 0.000E+00 0.000E+00
 227 1603.8  2.170E+01 2.073E-04 0.000E+00 0.000E+00
 228 1606.4  2.154E+01 2.038E-04 0.000E+00 0.000E+00
 229 1609.0  2.137E+01 2.312E-04 0.000E+00 0.000E+00
 230 1611.6  2.120E+01 2.644E-04 0.000E+00 0.000E+00
 231 1614.2  2.103E+01 2.544E-04 0.000E+00 0.000E+00
 232 1616.8  2.087E+01 2.298E-04 0.000E+00 0.000E+00
 233 1619.4  2.070E+01 2.476E-04 0.000E+00 0.000E+00
 234 1622.1  2.054E+01 2.793E-04 0.000E+00 0.000E+00
 235 1624.7  2.037E+01 2.934E-04 0.000E+00 0.000E+00
 236 1627.3  2.021E+01 2.898E-04 0.000E+00 0.000E+00
 237 1630.0  2.005E+01 2.857E-04 0.000E+00 0.000E+00
 238 1632.7  1.989E+01 3.076E-04 0.000E+00 0.000E+00
 239 1635.3  1.973E+01 3.009E-04 0.000E+00 0.000E+00
 240 1638.0  1.957E+01 3.555E-04 0.000E+00 0.000E+00
 241 1640.7  1.942E+01 4.226E-04 0.000E+00 0.000E+00
 242 1643.3  1.927E+01 3.455E-04 0.000E+00 0.000E+00
 243 1646.1  1.911E+01 3.101E-04 0.000E+00 0.000E+00
 244 1648.8  1.896E+01 3.060E-04 0.000E+00 0.000E+00
 245 1651.6  1.880E+01 2.994E-04 0.000E+00 0.000E+00
 246 1654.2  1.865E+01 4.522E-04 0.000E+00 0.000E+00
 247 1657.0  1.851E+01 8.233E-04 0.000E+00 0.000E+00
 248 1659.8  1.836E+01 5.530E-04 0.000E+00 0.000E+00
 249 1662.5  1.821E+01 3.785E-04 0.000E+00 0.000E+00
 250 1665.3  1.806E+01 3.720E-04 0.000E+00 0.000E+00
 251 1668.1  1.791E+01 3.955E-04 0.000E+00 0.000E+00
 252 1670.8  1.777E+01 4.912E-04 0.000E+00 0.000E+00
 253 1673.6  1.763E+01 4.275E-04 0.000E+00 0.000E+00
 254 1676.5  1.749E+01 4.123E-04 0.000E+00 0.000E+00
 255 1679.3  1.734E+01 4.218E-04 0.000E+00 0.000E+00
 256 1682.1  1.720E+01 4.298E-04 0.000E+00 0.000E+00
 257 1684.9  1.706E+01 4.870E-04 0.000E+00 0.000E+00
 258 1687.8  1.693E+01 5.413E-04 0.000E+00 0.000E+00
 259 1690.6  1.678E+01 5.700E-04 0.000E+00 0.000E+00
 260 1693.5  1.665E+01 6.138E-04 0.000E+00 0.000E+00
 261 1696.3  1.651E+01 6.693E-04 0.000E+00 0.000E+00
 262 1699.2  1.638E+01 6.997E-04 0.000E+00 0.000E+00
 263 1702.2  1.624E+01 7.582E-04 0.000E+00 0.000E+00
 264 1705.0  1.611E+01 7.069E-04 0.000E+00 0.000E+00
 265 1708.0  1.598E+01 7.524E-04 0.000E+00 0.000E+00
 266 1710.8  1.585E+01 7.515E-04 0.000E+00 0.000E+00
 267 1713.8  1.572E+01 7.052E-04 0.000E+00 0.000E+00
 268 1716.8  1.558E+01 7.787E-04 0.000E+00 0.000E+00
 269 1719.7  1.546E+01 8.083E-04 0.000E+00 0.000E+00
 270 1722.7  1.533E+01 7.764E-04 0.000E+00 0.000E+00
 271 1725.6  1.520E+01 8.303E-04 0.000E+00 0.000E+00
 272 1728.6  1.508E+01 7.812E-04 0.000E+00 0.000E+00
 273 1731.6  1.495E+01 7.491E-04 0.000E+00 0.000E+00
 274 1734.6  1.483E+01 8.041E-04 0.000E+00 0.000E+00
 275 1737.6  1.471E+01 8.396E-04 0.000E+00 0.000E+00
 276 1740.7  1.458E+01 9.183E-04 0.000E+00 0.000E+00
 277 1743.7  1.446E+01 1.002E-03 0.000E+00 0.000E+00
 278 1746.8  1.434E+01 9.724E-04 0.000E+00 0.000E+00
 279 1749.8  1.422E+01 1.021E-03 0.000E+00 0.000E+00
 280 1752.8  1.410E+01 1.142E-03 0.000E+00 0.000E+00
 281 1756.0  1.398E+01 1.218E-03 0.000E+00 0.000E+00
 282 1759.0  1.387E+01 1.261E-03 0.000E+00 0.000E+00
 283 1762.2  1.375E+01 1.261E-03 0.000E+00 0.000E+00
 284 1765.2  1.363E+01 1.209E-03 0.000E+00 0.000E+00
 285 1768.3  1.352E+01 1.383E-03 0.000E+00 0.000E+00
 286 1771.5  1.341E+01 1.592E-03 0.000E+00 0.000E+00
 287 1774.6  1.329E+01 1.512E-03 0.000E+00 0.000E+00
 288 1777.8  1.318E+01 1.493E-03 0.000E+00 0.000E+00
 289 1781.0  1.307E+01 1.673E-03 0.000E+00 0.000E+00
 290 1784.1  1.296E+01 1.671E-03 0.000E+00 0.000E+00
 291 1787.3  1.285E+01 1.733E-03 0.000E+00 0.000E+00
 292 1790.5  1.274E+01 1.811E-03 0.000E+00 0.000E+00
 293 1793.7  1.263E+01 1.615E-03 0.000E+00 0.000E+00
 294 1796.9  1.252E+01 1.666E-03 0.000E+00 0.000E+00
 295 1800.2  1.241E+01 1.826E-03 0.000E+00 0.000E+00
 296 1803.4  1.231E+01 1.913E-03 0.000E+00 0.000E+00
 297 1806.7  1.220E+01 2.258E-03 0.000E+00 0.000E+00
 298 1809.9  1.210E+01 2.205E-03 0.000E+00 0.000E+00
 299 1813.2  1.200E+01 1.959E-03 0.000E+00 0.000E+00
 300 1816.6  1.189E+01 3.257E-03 0.000E+00 0.000E+00
 301 1819.8  1.179E+01 2.531E-03 0.000E+00 0.000E+00
 302 1823.2  1.169E+01 2.483E-03 0.000E+00 0.000E+00
 303 1826.5  1.159E+01 2.353E-03 0.000E+00 0.000E+00
 304 1829.8  1.149E+01 2.349E-03 0.000E+00 0.000E+00
 305 1833.2  1.139E+01 2.529E-03 0.000E+00 0.000E+00
 306 1836.6  1.129E+01 2.578E-03 0.000E+00 0.000E+00
 307 1839.9  1.119E+01 2.423E-03 0.000E+00 0.000E+00
 308 1843.3  1.110E+01 2.274E-03 0.000E+00 0.000E+00
 309 1846.7  1.100E+01 2.086E-03 0.000E+00 0.000E+00
 310 1850.2  1.090E+01 2.105E-03 0.000E+00 0.000E+00
 311 1853.6  1.081E+01 2.457E-03 0.000E+00 0.000E+00
 312 1857.0  1.071E+01 2.775E-03 0.000E+00 0.000E+00
 313 1860.5  1.062E+01 2.625E-03 0.000E+00 0.000E+00
 314 1864.0  1.053E+01 2.755E-03 0.000E+00 0.000E+00
 315 1867.5  1.043E+01 3.096E-03 0.000E+00 0.000E+00
 316 1871.0  1.034E+01 3.421E-03 0.000E+00 0.000E+00
 317 1874.5  1.025E+01 3.345E-03 0.000E+00 0.000E+00
 318 1878.0  1.016E+01 3.235E-03 0.000E+00 0.000E+00
 319 1881.5  1.007E+01 3.230E-03 0.000E+00 0.000E+00
 320 1885.0  9.985E+00 3.637E-03 0.000E+00 0.000E+00
 321 1888.6  9.895E+00 3.743E-03 0.000E+00 0.000E+00
 322 1892.2  9.807E+00 4.130E-03 0.000E+00 0.000E+00
 323 1895.7  9.722E+00 4.004E-03 0.000E+00 0.000E+00
 324 1899.3  9.635E+00 3.648E-03 0.000E+00 0.000E+00
 325 1902.9  9.550E+00 4.003E-03 0.000E+00 0.000E+00
 326 1906.6  9.463E+00 4.221E-03 0.000E+00 0.000E+00
 327 1910.2  9.379E+00 4.305E-03 0.000E+00 0.000E+00
 328 1913.8  9.297E+00 4.450E-03 0.000E+00 0.000E+00
 329 1917.6  9.213E+00 4.630E-03 1.783-164 3.850-162
 330 1921.2  9.130E+00 4.912E-03 1.263-126 2.571-124
 331 1924.9  9.048E+00 4.706E-03 1.079-138 2.292-136
 332 1928.7  8.967E+00 4.445E-03 7.687-105 1.729-102
 333 1932.3  8.886E+00 3.413E-03 2.010E-67 5.891E-65
 334 1936.1  8.807E+00 3.368E-03 3.345E-56 9.932E-54
 335 1939.8  8.727E+00 4.997E-03 1.516E-48 3.034E-46
 336 1943.6  8.649E+00 6.086E-03 3.811E-42 6.262E-40
 337 1947.4  8.570E+00 6.134E-03 2.699E-38 4.400E-36
 338 1951.2  8.493E+00 5.782E-03 5.105E-34 8.829E-32
 339 1955.0  8.416E+00 5.932E-03 3.182E-28 5.364E-26
 340 1958.8  8.340E+00 6.066E-03 3.789E-25 6.247E-23
 341 1962.7  8.263E+00 6.006E-03 2.575E-24 4.287E-22
 342 1966.5  8.188E+00 7.110E-03 2.258E-21 3.177E-19
 343 1970.5  8.113E+00 7.006E-03 5.664E-20 8.084E-18
 344 1974.3  8.039E+00 6.665E-03 2.035E-18 3.053E-16
 345 1978.2  7.965E+00 6.534E-03 2.445E-14 3.742E-12
 346 1982.2  7.892E+00 6.950E-03 9.228E-14 1.328E-11
 347 1986.1  7.820E+00 6.526E-03 8.738E-13 1.339E-10
 348 1990.0  7.747E+00 6.519E-03 3.937E-11 6.039E-09
 349 1994.0  7.677E+00 7.415E-03 2.786E-10 3.758E-08
 350 1998.0  7.606E+00 7.273E-03 5.399E-10 7.423E-08
 351 2002.0  7.535E+00 7.651E-03 2.045E-09 2.673E-07
 352 2006.0  7.466E+00 7.954E-03 1.308E-08 1.644E-06
 353 2010.0  7.397E+00 8.162E-03 2.413E-08 2.956E-06
 354 2014.1  7.327E+00 8.565E-03 6.255E-08 7.303E-06
 355 2018.2  7.260E+00 8.873E-03 1.925E-07 2.169E-05
 356 2022.2  7.192E+00 8.774E-03 3.592E-07 4.094E-05
 357 2026.3  7.125E+00 8.543E-03 5.759E-07 6.741E-05
 358 2030.5  7.059E+00 9.592E-03 1.042E-06 1.086E-04
 359 2034.6  6.993E+00 9.627E-03 1.433E-06 1.488E-04
 360 2038.8  6.926E+00 9.960E-03 1.990E-06 1.998E-04
 361 2042.9  6.862E+00 1.084E-02 2.911E-06 2.685E-04
 362 2047.1  6.798E+00 1.114E-02 3.639E-06 3.266E-04
 363 2051.3  6.733E+00 1.135E-02 4.164E-06 3.669E-04
 364 2055.5  6.670E+00 1.125E-02 4.878E-06 4.336E-04
 365 2059.8  6.607E+00 1.128E-02 5.868E-06 5.202E-04
 366 2064.0  6.544E+00 1.151E-02 6.650E-06 5.777E-04
 367 2068.2  6.483E+00 1.221E-02 7.391E-06 6.055E-04
 368 2072.6  6.421E+00 1.303E-02 8.448E-06 6.483E-04
 369 2076.8  6.360E+00 1.393E-02 9.588E-06 6.881E-04
 370 2081.2  6.300E+00 1.426E-02 9.361E-06 6.567E-04
 371 2085.5  6.240E+00 1.571E-02 9.736E-06 6.196E-04
 372 2089.9  6.180E+00 1.840E-02 1.138E-05 6.185E-04
 373 2094.2  6.120E+00 2.200E-02 1.305E-05 5.932E-04
 374 2098.6  6.063E+00 2.490E-02 1.292E-05 5.188E-04
 375 2103.1  6.005E+00 2.854E-02 1.276E-05 4.471E-04
 376 2107.5  5.946E+00 3.135E-02 1.263E-05 4.029E-04
 377 2111.9  5.889E+00 3.264E-02 1.147E-05 3.513E-04
 378 2116.4  5.832E+00 3.679E-02 1.043E-05 2.834E-04
 379 2120.8  5.777E+00 3.851E-02 8.752E-06 2.272E-04
 380 2125.4  5.721E+00 2.960E-02 5.508E-06 1.861E-04
 381 2129.9  5.664E+00 3.265E-02 4.785E-06 1.465E-04
 382 2134.5  5.610E+00 3.259E-02 3.619E-06 1.110E-04
 383 2139.1  5.555E+00 3.680E-02 3.075E-06 8.358E-05
 384 2143.6  5.502E+00 4.501E-02 2.840E-06 6.309E-05
 385 2148.2  5.448E+00 4.120E-02 1.874E-06 4.548E-05
 386 2152.8  5.395E+00 4.049E-02 1.302E-06 3.216E-05
 387 2157.5  5.341E+00 3.376E-02 7.705E-07 2.282E-05
 388 2162.2  5.290E+00 3.763E-02 5.874E-07 1.561E-05
 389 2166.8  5.237E+00 3.159E-02 3.200E-07 1.013E-05
 390 2171.6  5.186E+00 3.453E-02 2.257E-07 6.535E-06
 391 2176.2  5.135E+00 3.489E-02 1.489E-07 4.268E-06
 392 2181.0  5.085E+00 4.829E-02 1.303E-07 2.699E-06
 393 2185.8  5.034E+00 4.612E-02 7.528E-08 1.632E-06
 394 2190.6  4.984E+00 4.576E-02 4.442E-08 9.708E-07
 395 2195.4  4.934E+00 5.013E-02 2.850E-08 5.684E-07
 396 2200.2  4.886E+00 5.135E-02 1.641E-08 3.196E-07
 397 2205.1  4.837E+00 5.468E-02 9.498E-09 1.737E-07
 398 2209.9  4.789E+00 3.881E-02 3.623E-09 9.334E-08
 399 2214.9  4.741E+00 4.120E-02 2.017E-09 4.895E-08
 400 2219.8  4.693E+00 4.492E-02 1.109E-09 2.469E-08
 401 2224.7  4.647E+00 5.151E-02 6.253E-10 1.214E-08
 402 2229.6  4.599E+00 5.498E-02 3.233E-10 5.880E-09
 403 2234.6  4.554E+00 7.085E-02 1.951E-10 2.753E-09
 404 2239.6  4.508E+00 6.537E-02 7.908E-11 1.210E-09
 405 2244.7  4.462E+00 5.969E-02 3.145E-11 5.269E-10
 406 2249.8  4.417E+00 6.034E-02 1.385E-11 2.295E-10
 407 2254.8  4.372E+00 5.395E-02 5.187E-12 9.613E-11
 408 2259.9  4.328E+00 4.912E-02 1.905E-12 3.878E-11
 409 2265.0  4.284E+00 4.027E-02 6.161E-13 1.530E-11
 410 2270.1  4.240E+00 3.456E-02 2.038E-13 5.897E-12
 411 2275.3  4.197E+00 3.964E-02 8.580E-14 2.164E-12
 412 2280.5  4.154E+00 5.145E-02 4.050E-14 7.873E-13
 413 2285.7  4.111E+00 5.448E-02 1.564E-14 2.871E-13
 414 2290.9  4.069E+00 5.028E-02 4.920E-15 9.785E-14
 415 2296.2  4.027E+00 4.940E-02 1.601E-15 3.241E-14
 416 2301.5  3.986E+00 4.792E-02 5.086E-16 1.061E-14
 417 2306.8  3.945E+00 6.023E-02 2.255E-16 3.743E-15
 418 2312.2  3.904E+00 4.720E-02 5.849E-17 1.239E-15
 419 2317.5  3.864E+00 5.539E-02 2.144E-17 3.871E-16
 420 2322.9  3.823E+00 5.678E-02 6.394E-18 1.126E-16
 421 2328.3  3.784E+00 5.140E-02 1.563E-18 3.041E-17
 422 2333.7  3.744E+00 4.677E-02 4.680E-19 1.001E-17
 423 2339.2  3.706E+00 4.205E-02 1.271E-19 3.022E-18
 424 2344.7  3.667E+00 3.790E-02 2.592E-20 6.837E-19
 425 2350.2  3.628E+00 4.593E-02 9.153E-21 1.993E-19
 426 2355.7  3.590E+00 5.672E-02 3.604E-21 6.353E-20
 427 2361.3  3.552E+00 4.961E-02 7.520E-22 1.516E-20
 428 2366.9  3.515E+00 4.837E-02 2.006E-22 4.148E-21
 429 2372.5  3.478E+00 5.323E-02 6.308E-23 1.185E-21
 430 2378.2  3.441E+00 4.954E-02 1.503E-23 3.035E-22
 431 2383.8  3.404E+00 3.920E-02 3.146E-24 8.026E-23
 432 2389.4  3.369E+00 4.709E-02 1.153E-24 2.448E-23
 433 2395.2  3.333E+00 4.436E-02 2.301E-25 5.188E-24
 434 2400.9  3.297E+00 4.382E-02 5.431E-26 1.239E-24
 435 2406.7  3.262E+00 3.933E-02 1.794E-26 4.560E-25
 436 2412.6  3.227E+00 4.349E-02 4.805E-27 1.105E-25
 437 2418.4  3.192E+00 6.294E-02 1.833E-27 2.912E-26
 438 2424.2  3.158E+00 7.230E-02 8.143E-28 1.126E-26
 439 2430.1  3.124E+00 7.332E-02 2.204E-28 3.006E-27
 440 2436.1  3.091E+00 6.667E-02 4.291E-29 6.437E-28
 441 2442.0  3.057E+00 6.764E-02 1.674E-29 2.474E-28
 442 2448.0  3.024E+00 5.894E-02 6.914E-30 1.173E-28
 443 2454.0  2.991E+00 5.126E-02 1.252E-30 2.442E-29
 444 2460.1  2.959E+00 5.015E-02 3.614E-31 7.206E-30
 445 2466.1  2.926E+00 5.137E-02 2.557E-31 4.977E-30
 446 2472.1  2.895E+00 5.640E-02 1.067E-31 1.892E-30
 447 2478.3  2.863E+00 5.606E-02 4.096E-32 7.308E-31
 448 2484.5  2.832E+00 4.697E-02 1.505E-32 3.204E-31
 449 2490.7  2.800E+00 4.445E-02 4.571E-33 1.028E-31
 450 2496.9  2.770E+00 6.412E-02 2.891E-33 4.509E-32
 451 2503.2  2.739E+00 6.400E-02 2.738E-33 4.278E-32
 452 2509.4  2.709E+00 5.619E-02 2.448E-33 4.356E-32
 453 2515.8  2.679E+00 4.520E-02 5.059E-34 1.119E-32
 454 2522.1  2.649E+00 4.222E-02 2.727E-34 6.459E-33
 455 2528.4  2.620E+00 4.386E-02 4.554E-34 1.038E-32
 456 2534.8  2.591E+00 5.354E-02 3.245E-34 6.062E-33
 457 2541.3  2.562E+00 5.788E-02 3.175E-34 5.486E-33
 458 2547.8  2.533E+00 6.165E-02 3.136E-34 5.087E-33
 459 2554.2  2.505E+00 8.123E-02 2.185E-34 2.690E-33
 460 2560.8  2.477E+00 9.049E-02 4.867E-34 5.378E-33
 461 2567.4  2.449E+00 1.128E-01 1.586E-33 1.406E-32
 462 2574.0  2.421E+00 1.268E-01 2.666E-33 2.102E-32
 463 2580.7  2.394E+00 1.373E-01 2.683E-33 1.954E-32
 464 2587.3  2.367E+00 1.233E-01 1.359E-33 1.102E-32
 465 2594.1  2.340E+00 1.154E-01 7.365E-33 6.382E-32
 466 2600.8  2.313E+00 8.971E-02 2.127E-32 2.371E-31
 467 2607.6  2.287E+00 8.767E-02 1.589E-32 1.813E-31
 468 2614.4  2.261E+00 8.788E-02 7.232E-32 8.230E-31
 469 2621.2  2.235E+00 1.094E-01 2.047E-31 1.871E-30
 470 2628.1  2.209E+00 1.040E-01 6.490E-31 6.241E-30
 471 2635.1  2.184E+00 1.585E-01 7.979E-30 5.033E-29
 472 2642.0  2.159E+00 2.627E-01 1.733E-29 6.596E-29
 473 2649.0  2.134E+00 2.404E-01 5.035E-29 2.094E-28
 474 2656.1  2.109E+00 2.713E-01 2.942E-28 1.084E-27
 475 2663.1  2.085E+00 2.608E-01 1.114E-27 4.272E-27
 476 2670.2  2.060E+00 2.535E-01 9.183E-27 3.622E-26
 477 2677.4  2.036E+00 2.618E-01 3.714E-26 1.419E-25
 478 2684.6  2.013E+00 2.575E-01 2.410E-25 9.357E-25
 479 2691.8  1.989E+00 2.451E-01 1.524E-24 6.218E-24
 480 2699.1  1.966E+00 2.587E-01 5.384E-24 2.081E-23
 481 2706.3  1.943E+00 2.792E-01 4.685E-23 1.678E-22
 482 2713.7  1.920E+00 2.494E-01 2.783E-22 1.116E-21
 483 2721.1  1.897E+00 1.902E-01 1.050E-21 5.519E-21
 484 2728.5  1.875E+00 2.263E-01 7.986E-21 3.528E-20
 485 2735.9  1.853E+00 1.974E-01 6.205E-20 3.144E-19
 486 2743.5  1.830E+00 1.397E-01 3.583E-19 2.564E-18
 487 2751.1  1.808E+00 1.557E-01 2.115E-18 1.358E-17
 488 2758.6  1.787E+00 2.121E-01 1.679E-17 7.918E-17
 489 2766.2  1.766E+00 2.558E-01 1.270E-16 4.966E-16
 490 2773.9  1.744E+00 2.569E-01 7.646E-16 2.976E-15
 491 2781.7  1.723E+00 1.875E-01 3.313E-15 1.767E-14
 492 2789.4  1.703E+00 1.354E-01 1.655E-14 1.222E-13
 493 2797.2  1.682E+00 8.132E-02 5.377E-14 6.612E-13
 494 2805.1  1.662E+00 9.790E-02 3.487E-13 3.562E-12
 495 2812.9  1.641E+00 1.921E-01 5.318E-12 2.768E-11
 496 2820.9  1.622E+00 2.792E-01 4.176E-11 1.496E-10
 497 2828.9  1.602E+00 3.235E-01 1.466E-10 4.534E-10
 498 2836.9  1.582E+00 3.239E-01 6.168E-10 1.905E-09
 499 2844.9  1.563E+00 2.570E-01 2.390E-09 9.298E-09
 500 2853.1  1.544E+00 1.401E-01 5.206E-09 3.716E-08
 501 2861.2  1.525E+00 2.826E-01 3.810E-08 1.348E-07
 502 2869.4  1.506E+00 3.659E-01 1.440E-07 3.936E-07
 503 2877.7  1.487E+00 3.310E-01 4.822E-07 1.457E-06
 504 2886.0  1.469E+00 3.428E-01 1.759E-06 5.130E-06
 505 2894.4  1.450E+00 4.682E-01 6.513E-06 1.391E-05
 506 2902.8  1.432E+00 6.167E-01 2.102E-05 3.408E-05
 507 2911.2  1.414E+00 6.155E-01 5.026E-05 8.165E-05
 508 2919.8  1.397E+00 5.713E-01 1.152E-04 2.017E-04
 509 2928.3  1.379E+00 5.279E-01 2.253E-04 4.268E-04
 510 2936.9  1.362E+00 5.470E-01 4.721E-04 8.631E-04
 511 2945.6  1.344E+00 5.216E-01 8.550E-04 1.639E-03
 512 2954.2  1.327E+00 5.615E-01 1.677E-03 2.986E-03
 513 2963.0  1.311E+00 5.575E-01 2.950E-03 5.291E-03
 514 2971.8  1.294E+00 4.783E-01 4.233E-03 8.850E-03
 515 2980.6  1.277E+00 5.294E-01 7.543E-03 1.425E-02
 516 2989.6  1.261E+00 4.960E-01 1.058E-02 2.133E-02
 517 2998.5  1.245E+00 4.648E-01 1.419E-02 3.052E-02
 518 3007.5  1.229E+00 4.431E-01 1.898E-02 4.284E-02
 519 3016.6  1.213E+00 4.699E-01 2.686E-02 5.717E-02
 520 3025.7  1.198E+00 5.187E-01 3.866E-02 7.453E-02
 521 3034.9  1.182E+00 6.473E-01 6.153E-02 9.505E-02
 522 3044.2  1.167E+00 6.183E-01 7.197E-02 1.164E-01
 523 3053.4  1.151E+00 6.420E-01 9.162E-02 1.427E-01
 524 3062.8  1.136E+00 5.638E-01 9.421E-02 1.671E-01
 525 3072.2  1.121E+00 6.284E-01 1.236E-01 1.968E-01
 526 3081.7  1.107E+00 6.508E-01 1.471E-01 2.261E-01
 527 3091.2  1.092E+00 5.660E-01 1.433E-01 2.531E-01
 528 3100.8  1.078E+00 5.362E-01 1.524E-01 2.842E-01
 529 3110.4  1.064E+00 7.776E-01 2.380E-01 3.061E-01
 530 3120.2  1.049E+00 6.951E-01 2.337E-01 3.362E-01
 531 3129.9  1.035E+00 7.004E-01 2.553E-01 3.645E-01
 532 3139.8  1.022E+00 7.325E-01 2.864E-01 3.909E-01
 533 3149.6  1.008E+00 6.813E-01 2.846E-01 4.177E-01
 534 3159.6  9.944E-01 5.985E-01 2.637E-01 4.407E-01
 535 3169.6  9.811E-01 7.619E-01 3.539E-01 4.645E-01
 536 3179.6  9.679E-01 7.239E-01 3.521E-01 4.864E-01
 537 3189.8  9.548E-01 7.041E-01 3.563E-01 5.061E-01
 538 3200.0  9.418E-01 7.954E-01 4.142E-01 5.207E-01
 539 3210.2  9.291E-01 7.579E-01 4.144E-01 5.467E-01
 540 3220.6  9.164E-01 7.435E-01 4.143E-01 5.572E-01
 541 3231.0  9.038E-01 6.604E-01 3.774E-01 5.714E-01
 542 3241.5  8.915E-01 7.627E-01 4.520E-01 5.926E-01
 543 3252.1  8.791E-01 8.479E-01 5.048E-01 5.953E-01
 544 3262.7  8.671E-01 1.010E+00 6.182E-01 6.120E-01
 545 3273.3  8.550E-01 9.921E-01 6.160E-01 6.209E-01
 546 3284.1  8.432E-01 9.435E-01 5.913E-01 6.267E-01
 547 3294.9  8.314E-01 1.100E+00 7.102E-01 6.458E-01
 548 3305.8  8.199E-01 1.041E+00 6.730E-01 6.462E-01
 549 3316.8  8.084E-01 1.005E+00 6.554E-01 6.521E-01
 550 3327.8  7.970E-01 9.758E-01 6.503E-01 6.664E-01
 551 3338.9  7.859E-01 9.516E-01 6.375E-01 6.699E-01
 552 3350.1  7.747E-01 1.011E+00 6.858E-01 6.781E-01
 553 3361.3  7.638E-01 8.890E-01 6.087E-01 6.847E-01
 554 3372.7  7.529E-01 8.586E-01 5.893E-01 6.864E-01
 555 3384.1  7.422E-01 9.485E-01 6.573E-01 6.930E-01
 556 3395.6  7.316E-01 1.008E+00 7.037E-01 6.981E-01
 557 3407.2  7.211E-01 1.022E+00 7.186E-01 7.028E-01
 558 3418.8  7.107E-01 9.797E-01 6.954E-01 7.098E-01
 559 3430.6  7.005E-01 1.040E+00 7.421E-01 7.135E-01
 560 3442.4  6.904E-01 8.392E-01 6.015E-01 7.168E-01
 561 3454.2  6.804E-01 9.750E-01 7.030E-01 7.210E-01
 562 3466.2  6.705E-01 9.653E-01 7.002E-01 7.253E-01
 563 3478.2  6.607E-01 9.291E-01 6.781E-01 7.299E-01
 564 3490.4  6.511E-01 9.296E-01 6.822E-01 7.339E-01
 565 3502.7  6.415E-01 1.051E+00 7.750E-01 7.376E-01
 566 3514.9  6.320E-01 1.028E+00 7.620E-01 7.415E-01
 567 3527.3  6.227E-01 9.648E-01 7.189E-01 7.451E-01
 568 3539.8  6.135E-01 1.127E+00 8.447E-01 7.493E-01
 569 3552.4  6.044E-01 1.114E+00 8.393E-01 7.532E-01
 570 3565.1  5.954E-01 9.549E-01 7.226E-01 7.567E-01
 571 3577.8  5.865E-01 8.137E-01 6.187E-01 7.603E-01
 572 3590.6  5.777E-01 8.845E-01 6.758E-01 7.641E-01
 573 3603.6  5.690E-01 1.040E+00 7.985E-01 7.678E-01
 574 3616.6  5.604E-01 9.341E-01 7.207E-01 7.715E-01
 575 3629.8  5.519E-01 1.057E+00 8.191E-01 7.752E-01
 576 3643.0  5.434E-01 1.067E+00 8.308E-01 7.788E-01
 577 3656.3  5.352E-01 1.225E+00 9.581E-01 7.823E-01
 578 3669.8  5.270E-01 1.260E+00 9.906E-01 7.860E-01
 579 3683.2  5.189E-01 1.161E+00 9.166E-01 7.896E-01
 580 3696.8  5.109E-01 1.288E+00 1.021E+00 7.932E-01
 581 3710.6  5.030E-01 1.204E+00 9.589E-01 7.968E-01
 582 3724.4  4.952E-01 1.105E+00 8.846E-01 8.004E-01
 583 3738.3  4.875E-01 9.608E-01 7.724E-01 8.039E-01
 584 3752.4  4.799E-01 1.030E+00 8.320E-01 8.074E-01
 585 3766.5  4.724E-01 1.140E+00 9.246E-01 8.110E-01
 586 3780.8  4.650E-01 1.385E+00 1.129E+00 8.146E-01
 587 3795.1  4.576E-01 1.131E+00 9.252E-01 8.180E-01
 588 3809.6  4.504E-01 1.225E+00 1.006E+00 8.216E-01
 589 3824.1  4.432E-01 8.587E-01 7.085E-01 8.251E-01
 590 3838.8  4.362E-01 8.091E-01 6.704E-01 8.286E-01
 591 3853.6  4.292E-01 1.043E+00 8.679E-01 8.320E-01
 592 3868.5  4.223E-01 1.035E+00 8.646E-01 8.355E-01
 593 3883.6  4.155E-01 1.023E+00 8.583E-01 8.390E-01
 594 3898.6  4.088E-01 1.224E+00 1.031E+00 8.424E-01
 595 3913.9  4.022E-01 1.305E+00 1.104E+00 8.458E-01
 596 3929.3  3.956E-01 8.235E-01 6.994E-01 8.493E-01
 597 3944.8  3.892E-01 1.014E+00 8.648E-01 8.527E-01
 598 3960.4  3.828E-01 1.087E+00 9.309E-01 8.561E-01
 599 3976.2  3.765E-01 1.060E+00 9.114E-01 8.595E-01
 600 3992.1  3.703E-01 1.604E+00 1.384E+00 8.628E-01
 601 4008.1  3.642E-01 1.719E+00 1.489E+00 8.662E-01
 602 4024.2  3.581E-01 1.783E+00 1.551E+00 8.697E-01
 603 4040.4  3.521E-01 1.711E+00 1.494E+00 8.731E-01
 604 4056.8  3.462E-01 1.683E+00 1.475E+00 8.764E-01
 605 4073.3  3.404E-01 1.648E+00 1.450E+00 8.797E-01
 606 4090.0  3.347E-01 1.747E+00 1.543E+00 8.830E-01
 607 4106.8  3.290E-01 1.639E+00 1.453E+00 8.863E-01
 608 4123.7  3.234E-01 1.809E+00 1.610E+00 8.896E-01
 609 4140.8  3.179E-01 1.772E+00 1.582E+00 8.928E-01
 610 4158.0  3.125E-01 1.822E+00 1.633E+00 8.961E-01
 611 4175.4  3.071E-01 1.729E+00 1.555E+00 8.992E-01
 612 4192.9  3.018E-01 1.738E+00 1.568E+00 9.024E-01
 613 4210.5  2.966E-01 1.775E+00 1.607E+00 9.056E-01
 614 4228.4  2.914E-01 1.728E+00 1.570E+00 9.087E-01
 615 4246.3  2.863E-01 1.779E+00 1.622E+00 9.118E-01
 616 4264.4  2.813E-01 1.730E+00 1.583E+00 9.149E-01
 617 4282.6  2.764E-01 1.638E+00 1.503E+00 9.180E-01
 618 4301.1  2.715E-01 1.371E+00 1.263E+00 9.211E-01
 619 4319.6  2.667E-01 1.606E+00 1.484E+00 9.241E-01
 620 4338.4  2.619E-01 1.678E+00 1.556E+00 9.271E-01
 621 4357.3  2.572E-01 1.819E+00 1.692E+00 9.301E-01
 622 4376.4  2.526E-01 1.731E+00 1.615E+00 9.331E-01
 623 4395.6  2.481E-01 1.817E+00 1.700E+00 9.359E-01
 624 4415.1  2.436E-01 1.935E+00 1.816E+00 9.386E-01
 625 4434.6  2.392E-01 1.972E+00 1.856E+00 9.415E-01
 626 4454.4  2.348E-01 1.905E+00 1.799E+00 9.445E-01
 627 4474.3  2.305E-01 2.009E+00 1.904E+00 9.474E-01
 628 4494.4  2.263E-01 2.061E+00 1.958E+00 9.502E-01
 629 4514.7  2.221E-01 2.154E+00 2.053E+00 9.529E-01
 630 4535.2  2.180E-01 2.000E+00 1.912E+00 9.558E-01
 631 4555.9  2.139E-01 2.080E+00 1.994E+00 9.584E-01
 632 4576.7  2.099E-01 2.094E+00 2.012E+00 9.608E-01
 633 4597.8  2.060E-01 2.078E+00 2.002E+00 9.631E-01
 634 4619.0  2.021E-01 2.131E+00 2.058E+00 9.656E-01
 635 4640.4  1.983E-01 2.077E+00 2.012E+00 9.684E-01
 636 4662.0  1.945E-01 2.031E+00 1.973E+00 9.713E-01
 637 4683.9  1.908E-01 2.048E+00 1.994E+00 9.738E-01
 638 4705.9  1.871E-01 2.010E+00 1.962E+00 9.762E-01
 639 4728.1  1.835E-01 2.077E+00 2.033E+00 9.788E-01
 640 4750.6  1.800E-01 2.112E+00 2.072E+00 9.811E-01
 641 4773.3  1.765E-01 2.090E+00 2.055E+00 9.830E-01
 642 4796.2  1.730E-01 2.099E+00 2.067E+00 9.846E-01
 643 4819.3  1.696E-01 2.111E+00 2.082E+00 9.864E-01
 644 4842.6  1.663E-01 2.041E+00 2.018E+00 9.889E-01
 645 4866.2  1.630E-01 1.771E+00 1.757E+00 9.918E-01
 646 4890.0  1.598E-01 1.997E+00 1.985E+00 9.942E-01
 647 4914.1  1.566E-01 1.971E+00 1.964E+00 9.963E-01
 648 4938.3  1.534E-01 2.008E+00 2.005E+00 9.985E-01
 649 4962.8  1.503E-01 2.024E+00 2.025E+00 1.000E+00
 650 4987.6  1.473E-01 1.974E+00 1.978E+00 1.002E+00
 651 5012.6  1.443E-01 1.869E+00 1.874E+00 1.003E+00
 652 5037.8  1.413E-01 1.942E+00 1.949E+00 1.003E+00
 653 5063.3  1.384E-01 1.979E+00 1.989E+00 1.005E+00
 654 5089.1  1.356E-01 1.877E+00 1.891E+00 1.007E+00
 655 5115.1  1.328E-01 1.944E+00 1.964E+00 1.010E+00
 656 5141.4  1.300E-01 1.856E+00 1.877E+00 1.012E+00
 657 5168.0  1.273E-01 1.760E+00 1.783E+00 1.013E+00
 658 5194.8  1.246E-01 1.780E+00 1.807E+00 1.015E+00
 659 5222.0  1.220E-01 1.847E+00 1.876E+00 1.016E+00
 660 5249.4  1.194E-01 1.914E+00 1.946E+00 1.016E+00
 661 5277.1  1.168E-01 1.801E+00 1.831E+00 1.017E+00
 662 5305.1  1.143E-01 1.937E+00 1.970E+00 1.017E+00
 663 5333.4  1.119E-01 1.855E+00 1.889E+00 1.018E+00
 664 5362.0  1.095E-01 1.905E+00 1.943E+00 1.020E+00
 665 5390.9  1.071E-01 1.878E+00 1.918E+00 1.021E+00
 666 5420.1  1.047E-01 1.842E+00 1.883E+00 1.022E+00
 667 5449.6  1.024E-01 1.901E+00 1.945E+00 1.023E+00
 668 5479.5  1.002E-01 1.888E+00 1.934E+00 1.024E+00
 669 5509.7  9.794E-02 1.898E+00 1.946E+00 1.026E+00
 670 5540.2  9.575E-02 1.890E+00 1.941E+00 1.027E+00
 671 5571.1  9.360E-02 1.853E+00 1.903E+00 1.027E+00
 672 5602.3  9.149E-02 1.813E+00 1.862E+00 1.027E+00
 673 5633.9  8.941E-02 1.855E+00 1.905E+00 1.027E+00
 674 5665.8  8.738E-02 1.818E+00 1.867E+00 1.027E+00
 675 5698.1  8.537E-02 1.795E+00 1.844E+00 1.027E+00
 676 5730.7  8.341E-02 1.863E+00 1.915E+00 1.028E+00
 677 5763.7  8.147E-02 1.835E+00 1.889E+00 1.030E+00
 678 5797.1  7.958E-02 1.814E+00 1.872E+00 1.032E+00
 679 5831.0  7.771E-02 1.847E+00 1.911E+00 1.035E+00
 680 5865.2  7.588E-02 1.806E+00 1.873E+00 1.037E+00
 681 5899.8  7.408E-02 1.727E+00 1.793E+00 1.038E+00
 682 5934.8  7.232E-02 1.787E+00 1.856E+00 1.039E+00
 683 5970.2  7.059E-02 1.773E+00 1.841E+00 1.038E+00
 684 6006.1  6.889E-02 1.741E+00 1.807E+00 1.038E+00
 685 6042.4  6.722E-02 1.754E+00 1.824E+00 1.040E+00
 686 6079.1  6.558E-02 1.748E+00 1.822E+00 1.043E+00
 687 6116.3  6.397E-02 1.724E+00 1.803E+00 1.046E+00
 688 6153.9  6.239E-02 1.670E+00 1.753E+00 1.050E+00
 689 6192.0  6.085E-02 1.699E+00 1.790E+00 1.053E+00
 690 6230.6  5.933E-02 1.666E+00 1.759E+00 1.056E+00
 691 6269.6  5.784E-02 1.673E+00 1.772E+00 1.059E+00
 692 6309.2  5.638E-02 1.657E+00 1.759E+00 1.062E+00
 693 6349.2  5.495E-02 1.643E+00 1.749E+00 1.065E+00
 694 6389.9  5.355E-02 1.641E+00 1.753E+00 1.068E+00
 695 6431.0  5.217E-02 1.613E+00 1.728E+00 1.071E+00
 696 6472.6  5.082E-02 1.610E+00 1.730E+00 1.074E+00
 697 6514.7  4.950E-02 1.583E+00 1.704E+00 1.077E+00
 698 6557.4  4.821E-02 1.463E+00 1.579E+00 1.079E+00
 699 6600.7  4.694E-02 1.553E+00 1.680E+00 1.082E+00
 700 6644.6  4.569E-02 1.532E+00 1.661E+00 1.084E+00
 701 6689.0  4.447E-02 1.539E+00 1.673E+00 1.087E+00
 702 6734.1  4.328E-02 1.537E+00 1.674E+00 1.090E+00
 703 6779.8  4.211E-02 1.514E+00 1.653E+00 1.092E+00
 704 6826.0  4.097E-02 1.492E+00 1.632E+00 1.094E+00
 705 6873.0  3.985E-02 1.496E+00 1.640E+00 1.096E+00
 706 6920.5  3.875E-02 1.465E+00 1.608E+00 1.098E+00
 707 6968.7  3.767E-02 1.463E+00 1.610E+00 1.100E+00
 708 7017.6  3.662E-02 1.446E+00 1.594E+00 1.102E+00
 709 7067.2  3.559E-02 1.441E+00 1.591E+00 1.104E+00
 710 7117.5  3.459E-02 1.402E+00 1.550E+00 1.105E+00
 711 7168.5  3.360E-02 1.370E+00 1.517E+00 1.107E+00
 712 7220.3  3.264E-02 1.360E+00 1.508E+00 1.108E+00
 713 7272.9  3.169E-02 1.338E+00 1.485E+00 1.110E+00
 714 7326.1  3.077E-02 1.333E+00 1.482E+00 1.112E+00
 715 7380.1  2.987E-02 1.306E+00 1.453E+00 1.113E+00
 716 7435.0  2.899E-02 1.291E+00 1.437E+00 1.114E+00
 717 7490.8  2.813E-02 1.286E+00 1.433E+00 1.115E+00
 718 7547.3  2.729E-02 1.277E+00 1.425E+00 1.116E+00
 719 7604.7  2.647E-02 1.251E+00 1.398E+00 1.117E+00
 720 7663.0  2.566E-02 1.225E+00 1.371E+00 1.119E+00
 721 7722.1  2.488E-02 1.207E+00 1.351E+00 1.119E+00
 722 7782.2  2.411E-02 1.191E+00 1.333E+00 1.120E+00
 723 7843.2  2.337E-02 1.173E+00 1.314E+00 1.121E+00
 724 7905.2  2.263E-02 1.159E+00 1.301E+00 1.122E+00
 725 7968.2  2.192E-02 1.138E+00 1.279E+00 1.123E+00
 726 8032.2  2.123E-02 1.128E+00 1.269E+00 1.124E+00
 727 8097.3  2.055E-02 1.118E+00 1.257E+00 1.125E+00
 728 8163.4  1.988E-02 1.105E+00 1.243E+00 1.125E+00
 729 8230.6  1.924E-02 1.076E+00 1.211E+00 1.126E+00
 730 8298.9  1.861E-02 1.066E+00 1.202E+00 1.127E+00
 731 8368.3  1.800E-02 1.043E+00 1.177E+00 1.128E+00
 732 8439.0  1.740E-02 1.027E+00 1.159E+00 1.129E+00
 733 8510.8  1.681E-02 9.429E-01 1.065E+00 1.129E+00
 734 8583.9  1.624E-02 9.775E-01 1.104E+00 1.130E+00
 735 8658.2  1.569E-02 9.655E-01 1.092E+00 1.131E+00
 736 8733.8  1.515E-02 9.832E-01 1.113E+00 1.132E+00
 737 8810.8  1.463E-02 9.527E-01 1.079E+00 1.132E+00
 738 8889.1  1.411E-02 9.335E-01 1.058E+00 1.133E+00
 739 8968.8  1.362E-02 9.153E-01 1.037E+00 1.133E+00
 740 9050.0  1.313E-02 8.918E-01 1.011E+00 1.134E+00
 741 9132.6  1.266E-02 8.811E-01 9.999E-01 1.135E+00
 742 9216.8  1.220E-02 8.526E-01 9.680E-01 1.135E+00
 743 9302.5  1.176E-02 8.536E-01 9.696E-01 1.136E+00
 744 9389.9  1.132E-02 8.303E-01 9.435E-01 1.136E+00
 745 9478.9  1.090E-02 8.202E-01 9.324E-01 1.137E+00
 746 9569.6  1.049E-02 7.969E-01 9.063E-01 1.137E+00
 747 9662.0  1.010E-02 7.851E-01 8.933E-01 1.138E+00
 748 9756.3  9.711E-03 7.699E-01 8.763E-01 1.138E+00
 749 9852.5  9.337E-03 7.565E-01 8.615E-01 1.139E+00
 750 9950.5  8.973E-03 7.427E-01 8.461E-01 1.139E+00


 PHOTOLYSIS RATES

     Z      PO2_O1D    PO2_O3P    PH2O_1     PH2O_2     PH2O_3     PO3_O1D    PO3_O      PO3_3O     
 2.50E+04   0.00E+00   2.98E-14   1.44E-14   0.00E+00   0.00E+00   1.46E-05   2.09E-04   1.06E-13
 1.75E+05   0.00E+00   8.28E-14   6.15E-14   0.00E+00   0.00E+00   1.72E-05   2.16E-04   5.89E-12
 3.25E+05   0.00E+00   1.87E-13   2.19E-13   0.00E+00   0.00E+00   1.95E-05   2.22E-04   8.23E-11
 4.75E+05   0.00E+00   3.76E-13   6.59E-13   0.00E+00   0.00E+00   2.16E-05   2.29E-04   4.45E-10
 6.25E+05   0.00E+00   6.83E-13   1.72E-12   0.00E+00   0.00E+00   2.35E-05   2.34E-04   1.35E-09
 7.75E+05   0.00E+00   1.14E-12   3.96E-12   0.00E+00   0.00E+00   2.54E-05   2.40E-04   2.97E-09
 9.25E+05   0.00E+00   1.80E-12   7.82E-12   0.00E+00   0.00E+00   2.74E-05   2.45E-04   5.35E-09
 1.08E+06   0.00E+00   2.73E-12   1.39E-11   0.00E+00   0.00E+00   2.95E-05   2.50E-04   8.68E-09
 1.22E+06   0.00E+00   4.01E-12   2.35E-11   0.00E+00   0.00E+00   3.20E-05   2.54E-04   1.32E-08
 1.38E+06   0.00E+00   5.95E-12   3.97E-11   0.00E+00   0.00E+00   3.54E-05   2.59E-04   1.97E-08
 1.52E+06   0.00E+00   9.30E-12   7.09E-11   0.00E+00   0.00E+00   4.10E-05   2.64E-04   3.01E-08
 1.68E+06   9.95-160   1.53E-11   1.33E-10   4.50-157   6.76-157   5.00E-05   2.70E-04   4.73E-08
 1.82E+06   6.84-128   2.57E-11   2.54E-10   3.10-125   4.64-125   6.43E-05   2.76E-04   7.43E-08
 1.98E+06   1.58-102   4.30E-11   4.73E-10   7.15-100   1.07E-99   8.70E-05   2.82E-04   1.14E-07
 2.12E+06   2.24E-82   7.14E-11   8.49E-10   1.01E-79   1.52E-79   1.25E-04   2.90E-04   1.70E-07
 2.28E+06   1.89E-66   1.17E-10   1.45E-09   8.56E-64   1.28E-63   1.94E-04   3.00E-04   2.43E-07
 2.42E+06   5.09E-54   1.87E-10   2.32E-09   2.30E-51   3.46E-51   3.24E-04   3.17E-04   3.29E-07
 2.58E+06   1.69E-44   2.81E-10   3.43E-09   7.64E-42   1.15E-41   5.97E-04   3.50E-04   4.16E-07
 2.72E+06   2.60E-37   3.86E-10   4.76E-09   1.18E-34   1.77E-34   1.15E-03   4.13E-04   4.92E-07
 2.88E+06   7.35E-32   4.84E-10   6.32E-09   3.33E-29   4.99E-29   1.86E-03   4.93E-04   5.56E-07
 3.02E+06   1.15E-27   5.75E-10   8.23E-09   5.21E-25   7.81E-25   2.49E-03   5.63E-04   6.10E-07
 3.18E+06   2.06E-24   6.65E-10   1.06E-08   9.34E-22   1.40E-21   2.95E-03   6.15E-04   6.58E-07
 3.32E+06   7.07E-22   7.58E-10   1.33E-08   3.20E-19   4.80E-19   3.26E-03   6.50E-04   7.02E-07
 3.48E+06   6.80E-20   8.61E-10   1.65E-08   3.07E-17   4.61E-17   3.47E-03   6.74E-04   7.41E-07
 3.62E+06   2.58E-18   9.79E-10   2.02E-08   1.13E-15   1.69E-15   3.60E-03   6.89E-04   7.77E-07
 3.78E+06   7.54E-17   1.12E-09   2.45E-08   2.50E-14   3.75E-14   3.69E-03   6.99E-04   8.10E-07
 3.92E+06   2.93E-15   1.30E-09   3.01E-08   6.65E-13   9.98E-13   3.75E-03   7.05E-04   8.41E-07
 4.08E+06   7.54E-14   1.55E-09   3.74E-08   1.51E-11   2.27E-11   3.79E-03   7.10E-04   8.71E-07
 4.22E+06   9.85E-13   1.89E-09   4.84E-08   1.90E-10   2.85E-10   3.81E-03   7.13E-04   9.03E-07
 4.38E+06   7.03E-12   2.40E-09   6.97E-08   1.33E-09   2.00E-09   3.83E-03   7.15E-04   9.49E-07
 4.52E+06   3.08E-11   3.13E-09   1.19E-07   5.73E-09   8.60E-09   3.84E-03   7.16E-04   1.04E-06
 4.68E+06   9.13E-11   4.17E-09   2.22E-07   1.68E-08   2.52E-08   3.85E-03   7.17E-04   1.23E-06
 4.82E+06   2.02E-10   5.57E-09   3.95E-07   3.66E-08   5.48E-08   3.85E-03   7.18E-04   1.53E-06
 4.98E+06   3.67E-10   7.38E-09   6.33E-07   6.45E-08   9.68E-08   3.86E-03   7.18E-04   1.95E-06
 5.12E+06   5.99E-10   9.64E-09   9.16E-07   9.78E-08   1.47E-07   3.86E-03   7.18E-04   2.43E-06
 5.28E+06   9.30E-10   1.24E-08   1.22E-06   1.33E-07   2.00E-07   3.86E-03   7.19E-04   2.95E-06
 5.42E+06   1.42E-09   1.59E-08   1.52E-06   1.68E-07   2.52E-07   3.86E-03   7.19E-04   3.48E-06
 5.58E+06   2.14E-09   2.03E-08   1.83E-06   2.02E-07   3.03E-07   3.86E-03   7.19E-04   3.99E-06
 5.72E+06   3.34E-09   2.57E-08   2.13E-06   2.34E-07   3.50E-07   3.86E-03   7.19E-04   4.48E-06
 5.88E+06   5.62E-09   3.20E-08   2.42E-06   2.63E-07   3.94E-07   3.87E-03   7.19E-04   4.95E-06
 6.02E+06   1.04E-08   3.91E-08   2.71E-06   2.91E-07   4.33E-07   3.87E-03   7.19E-04   5.39E-06
 6.18E+06   1.96E-08   4.64E-08   2.99E-06   3.15E-07   4.68E-07   3.87E-03   7.19E-04   5.78E-06
 6.32E+06   3.54E-08   5.33E-08   3.26E-06   3.36E-07   4.96E-07   3.87E-03   7.19E-04   6.12E-06
 6.48E+06   5.95E-08   5.95E-08   3.53E-06   3.53E-07   5.19E-07   3.87E-03   7.19E-04   6.41E-06
 6.62E+06   9.54E-08   6.54E-08   3.81E-06   3.68E-07   5.38E-07   3.87E-03   7.19E-04   6.66E-06
 6.78E+06   1.46E-07   7.09E-08   4.09E-06   3.81E-07   5.54E-07   3.87E-03   7.19E-04   6.88E-06
 6.92E+06   2.15E-07   7.62E-08   4.36E-06   3.91E-07   5.66E-07   3.87E-03   7.19E-04   7.07E-06
 7.08E+06   3.10E-07   8.16E-08   4.62E-06   4.00E-07   5.76E-07   3.87E-03   7.19E-04   7.23E-06
 7.22E+06   4.38E-07   8.80E-08   4.86E-06   4.08E-07   5.83E-07   3.87E-03   7.19E-04   7.37E-06
 7.38E+06   6.07E-07   9.65E-08   5.07E-06   4.14E-07   5.88E-07   3.87E-03   7.19E-04   7.49E-06
 7.52E+06   8.06E-07   1.07E-07   5.24E-06   4.19E-07   5.92E-07   3.87E-03   7.19E-04   7.60E-06
 7.68E+06   1.01E-06   1.19E-07   5.37E-06   4.23E-07   5.95E-07   3.87E-03   7.19E-04   7.69E-06
 7.82E+06   1.19E-06   1.30E-07   5.47E-06   4.26E-07   5.97E-07   3.87E-03   7.19E-04   7.76E-06
 7.98E+06   1.33E-06   1.39E-07   5.54E-06   4.29E-07   5.99E-07   3.87E-03   7.19E-04   7.81E-06
 8.12E+06   1.44E-06   1.46E-07   5.59E-06   4.31E-07   6.00E-07   3.87E-03   7.19E-04   7.85E-06
 8.28E+06   1.51E-06   1.51E-07   5.62E-06   4.32E-07   6.01E-07   3.87E-03   7.19E-04   7.88E-06
 8.42E+06   1.56E-06   1.54E-07   5.64E-06   4.33E-07   6.02E-07   3.87E-03   7.19E-04   7.90E-06
 8.58E+06   1.60E-06   1.57E-07   5.65E-06   4.33E-07   6.02E-07   3.87E-03   7.19E-04   7.91E-06
 8.72E+06   1.62E-06   1.59E-07   5.66E-06   4.34E-07   6.03E-07   3.87E-03   7.19E-04   7.92E-06
 8.88E+06   1.64E-06   1.60E-07   5.67E-06   4.34E-07   6.03E-07   3.87E-03   7.19E-04   7.93E-06
 9.02E+06   1.65E-06   1.60E-07   5.67E-06   4.34E-07   6.03E-07   3.87E-03   7.19E-04   7.93E-06
 9.18E+06   1.66E-06   1.61E-07   5.68E-06   4.34E-07   6.03E-07   3.87E-03   7.19E-04   7.93E-06
 9.32E+06   1.66E-06   1.61E-07   5.68E-06   4.34E-07   6.03E-07   3.87E-03   7.19E-04   7.94E-06
 9.48E+06   1.66E-06   1.61E-07   5.68E-06   4.34E-07   6.03E-07   3.87E-03   7.19E-04   7.94E-06
 9.62E+06   1.67E-06   1.62E-07   5.68E-06   4.34E-07   6.03E-07   3.87E-03   7.19E-04   7.94E-06
 9.78E+06   1.67E-06   1.62E-07   5.68E-06   4.34E-07   6.03E-07   3.87E-03   7.19E-04   7.94E-06
 9.92E+06   1.67E-06   1.62E-07   5.68E-06   4.34E-07   6.03E-07   3.87E-03   7.19E-04   7.94E-06

     Z      PH2O2      PCO2_1     PCO2_2     PH2CO_1    PH2CO_2    PHO2       PCH4_1     PCH4_2     
 2.50E+04   2.34E-06   3.05E-19   0.00E+00   1.76E-05   1.17E-05   2.19E-08   0.00E+00   0.00E+00
 1.75E+05   2.65E-06   3.48E-17   0.00E+00   2.02E-05   1.37E-05   5.98E-08   0.00E+00   0.00E+00
 3.25E+05   2.92E-06   8.43E-16   0.00E+00   2.25E-05   1.55E-05   1.31E-07   0.00E+00   0.00E+00
 4.75E+05   3.15E-06   6.41E-15   0.00E+00   2.47E-05   1.71E-05   2.52E-07   0.00E+00   0.00E+00
 6.25E+05   3.35E-06   2.59E-14   0.00E+00   2.66E-05   1.86E-05   4.31E-07   0.00E+00   0.00E+00
 7.75E+05   3.52E-06   7.17E-14   0.00E+00   2.83E-05   2.00E-05   6.76E-07   0.00E+00   0.00E+00
 9.25E+05   3.68E-06   1.50E-13   0.00E+00   3.00E-05   2.14E-05   9.96E-07   0.00E+00   0.00E+00
 1.08E+06   3.86E-06   2.72E-13   0.00E+00   3.14E-05   2.26E-05   1.41E-06   0.00E+00   0.00E+00
 1.22E+06   4.10E-06   4.54E-13   0.00E+00   3.27E-05   2.37E-05   1.93E-06   0.00E+00   0.00E+00
 1.38E+06   4.38E-06   7.45E-13   0.00E+00   3.40E-05   2.49E-05   2.66E-06   0.00E+00   0.00E+00
 1.52E+06   4.75E-06   1.27E-12   0.00E+00   3.53E-05   2.63E-05   3.90E-06   0.00E+00   0.00E+00
 1.68E+06   5.28E-06   2.22E-12   2.00-158   3.65E-05   2.79E-05   6.09E-06   1.62-156   3.15-156
 1.82E+06   6.03E-06   3.92E-12   1.37-126   3.78E-05   2.98E-05   9.83E-06   1.12-124   2.17-124
 1.98E+06   7.11E-06   6.76E-12   3.17-101   3.90E-05   3.19E-05   1.61E-05   2.58E-99   5.00E-99
 2.12E+06   8.71E-06   1.13E-11   4.50E-81   4.02E-05   3.43E-05   2.65E-05   3.66E-79   7.10E-79
 2.28E+06   1.11E-05   1.80E-11   3.80E-65   4.15E-05   3.72E-05   4.41E-05   3.09E-63   5.99E-63
 2.42E+06   1.48E-05   2.69E-11   1.02E-52   4.29E-05   4.04E-05   7.34E-05   8.31E-51   1.61E-50
 2.58E+06   2.02E-05   3.71E-11   3.39E-43   4.44E-05   4.37E-05   1.17E-04   2.76E-41   5.35E-41
 2.72E+06   2.72E-05   4.75E-11   5.23E-36   4.57E-05   4.64E-05   1.68E-04   4.25E-34   8.25E-34
 2.88E+06   3.44E-05   5.79E-11   1.48E-30   4.67E-05   4.82E-05   2.13E-04   1.20E-28   2.33E-28
 3.02E+06   4.01E-05   6.85E-11   2.31E-26   4.74E-05   4.94E-05   2.46E-04   1.88E-24   3.64E-24
 3.18E+06   4.43E-05   7.98E-11   4.15E-23   4.79E-05   5.02E-05   2.69E-04   3.37E-21   6.54E-21
 3.32E+06   4.72E-05   9.19E-11   1.42E-20   4.83E-05   5.07E-05   2.85E-04   1.15E-18   2.24E-18
 3.48E+06   4.92E-05   1.05E-10   1.36E-18   4.85E-05   5.11E-05   2.96E-04   1.11E-16   2.15E-16
 3.62E+06   5.05E-05   1.19E-10   5.03E-17   4.87E-05   5.13E-05   3.04E-04   4.09E-15   7.82E-15
 3.78E+06   5.15E-05   1.33E-10   1.17E-15   4.88E-05   5.15E-05   3.09E-04   9.65E-14   1.60E-13
 3.92E+06   5.21E-05   1.50E-10   3.34E-14   4.89E-05   5.16E-05   3.13E-04   2.85E-12   3.57E-12
 4.08E+06   5.26E-05   1.69E-10   7.80E-13   4.89E-05   5.17E-05   3.16E-04   6.70E-11   7.53E-11
 4.22E+06   5.30E-05   1.93E-10   9.85E-12   4.90E-05   5.17E-05   3.18E-04   8.46E-10   9.28E-10
 4.38E+06   5.33E-05   2.21E-10   6.89E-11   4.90E-05   5.18E-05   3.20E-04   5.92E-09   6.45E-09
 4.52E+06   5.35E-05   2.55E-10   2.97E-10   4.90E-05   5.18E-05   3.21E-04   2.55E-08   2.77E-08
 4.68E+06   5.38E-05   2.95E-10   8.69E-10   4.91E-05   5.19E-05   3.22E-04   7.45E-08   8.08E-08
 4.82E+06   5.41E-05   3.42E-10   1.89E-09   4.92E-05   5.20E-05   3.23E-04   1.62E-07   1.76E-07
 4.98E+06   5.44E-05   3.95E-10   3.34E-09   4.93E-05   5.21E-05   3.24E-04   2.86E-07   3.09E-07
 5.12E+06   5.48E-05   4.53E-10   5.07E-09   4.94E-05   5.22E-05   3.25E-04   4.34E-07   4.69E-07
 5.28E+06   5.51E-05   5.16E-10   6.93E-09   4.95E-05   5.24E-05   3.25E-04   5.92E-07   6.41E-07
 5.42E+06   5.55E-05   5.87E-10   8.81E-09   4.97E-05   5.25E-05   3.26E-04   7.52E-07   8.14E-07
 5.58E+06   5.58E-05   6.67E-10   1.07E-08   4.98E-05   5.26E-05   3.26E-04   9.08E-07   9.83E-07
 5.72E+06   5.62E-05   7.59E-10   1.26E-08   4.99E-05   5.28E-05   3.26E-04   1.06E-06   1.15E-06
 5.88E+06   5.65E-05   8.72E-10   1.45E-08   5.01E-05   5.30E-05   3.27E-04   1.21E-06   1.30E-06
 6.02E+06   5.68E-05   1.02E-09   1.65E-08   5.03E-05   5.32E-05   3.27E-04   1.34E-06   1.45E-06
 6.18E+06   5.71E-05   1.22E-09   1.86E-08   5.06E-05   5.34E-05   3.27E-04   1.47E-06   1.59E-06
 6.32E+06   5.74E-05   1.50E-09   2.06E-08   5.08E-05   5.37E-05   3.27E-04   1.58E-06   1.70E-06
 6.48E+06   5.76E-05   1.86E-09   2.26E-08   5.11E-05   5.40E-05   3.28E-04   1.68E-06   1.80E-06
 6.62E+06   5.79E-05   2.31E-09   2.47E-08   5.14E-05   5.42E-05   3.28E-04   1.76E-06   1.88E-06
 6.78E+06   5.81E-05   2.81E-09   2.72E-08   5.17E-05   5.45E-05   3.28E-04   1.83E-06   1.95E-06
 6.92E+06   5.84E-05   3.32E-09   3.03E-08   5.19E-05   5.47E-05   3.28E-04   1.89E-06   2.01E-06
 7.08E+06   5.86E-05   3.78E-09   3.41E-08   5.21E-05   5.49E-05   3.28E-04   1.94E-06   2.06E-06
 7.22E+06   5.89E-05   4.16E-09   3.92E-08   5.23E-05   5.51E-05   3.28E-04   1.98E-06   2.10E-06
 7.38E+06   5.91E-05   4.46E-09   4.57E-08   5.24E-05   5.53E-05   3.28E-04   2.01E-06   2.13E-06
 7.52E+06   5.93E-05   4.67E-09   5.32E-08   5.26E-05   5.54E-05   3.28E-04   2.04E-06   2.15E-06
 7.68E+06   5.94E-05   4.82E-09   6.08E-08   5.27E-05   5.56E-05   3.28E-04   2.06E-06   2.17E-06
 7.82E+06   5.96E-05   4.93E-09   6.74E-08   5.28E-05   5.57E-05   3.28E-04   2.08E-06   2.19E-06
 7.98E+06   5.96E-05   4.99E-09   7.28E-08   5.29E-05   5.58E-05   3.28E-04   2.09E-06   2.20E-06
 8.12E+06   5.97E-05   5.04E-09   7.67E-08   5.30E-05   5.58E-05   3.28E-04   2.10E-06   2.21E-06
 8.28E+06   5.98E-05   5.07E-09   7.96E-08   5.30E-05   5.59E-05   3.28E-04   2.11E-06   2.22E-06
 8.42E+06   5.98E-05   5.09E-09   8.15E-08   5.31E-05   5.59E-05   3.28E-04   2.11E-06   2.22E-06
 8.58E+06   5.98E-05   5.10E-09   8.28E-08   5.31E-05   5.59E-05   3.28E-04   2.11E-06   2.22E-06
 8.72E+06   5.98E-05   5.11E-09   8.37E-08   5.31E-05   5.59E-05   3.28E-04   2.12E-06   2.23E-06
 8.88E+06   5.98E-05   5.11E-09   8.43E-08   5.31E-05   5.60E-05   3.28E-04   2.12E-06   2.23E-06
 9.02E+06   5.99E-05   5.12E-09   8.47E-08   5.31E-05   5.60E-05   3.28E-04   2.12E-06   2.23E-06
 9.18E+06   5.99E-05   5.12E-09   8.49E-08   5.31E-05   5.60E-05   3.28E-04   2.12E-06   2.23E-06
 9.32E+06   5.99E-05   5.12E-09   8.51E-08   5.31E-05   5.60E-05   3.28E-04   2.12E-06   2.23E-06
 9.48E+06   5.99E-05   5.12E-09   8.53E-08   5.31E-05   5.60E-05   3.28E-04   2.12E-06   2.23E-06
 9.62E+06   5.99E-05   5.12E-09   8.53E-08   5.31E-05   5.60E-05   3.28E-04   2.12E-06   2.23E-06
 9.78E+06   5.99E-05   5.12E-09   8.54E-08   5.31E-05   5.60E-05   3.28E-04   2.12E-06   2.23E-06
 9.92E+06   5.99E-05   5.12E-09   8.55E-08   5.31E-05   5.60E-05   3.28E-04   2.12E-06   2.23E-06

     Z      PCH4_3     PC2H6_1    PC2H6_2    PHNO2_1    PHNO3      PHNO3_3    PHNO3_1    PNO        
 2.50E+04   0.00E+00   0.00E+00   0.00E+00   5.40E-04   2.35E-07   3.37E-15   2.42E-15   0.00E+00
 1.75E+05   0.00E+00   0.00E+00   0.00E+00   6.00E-04   2.80E-07   1.39E-12   9.95E-13   3.13-127
 3.25E+05   0.00E+00   0.00E+00   0.00E+00   6.54E-04   3.36E-07   5.96E-11   4.28E-11   1.76E-51
 4.75E+05   0.00E+00   0.00E+00   0.00E+00   7.03E-04   4.18E-07   6.28E-10   4.51E-10   9.57E-27
 6.25E+05   0.00E+00   0.00E+00   0.00E+00   7.47E-04   5.32E-07   3.32E-09   2.39E-09   3.39E-17
 7.75E+05   0.00E+00   0.00E+00   0.00E+00   7.86E-04   6.81E-07   1.08E-08   7.74E-09   3.98E-13
 9.25E+05   0.00E+00   0.00E+00   0.00E+00   8.22E-04   8.65E-07   2.40E-08   1.72E-08   1.78E-11
 1.08E+06   0.00E+00   0.00E+00   0.00E+00   8.55E-04   1.10E-06   4.43E-08   3.18E-08   1.09E-10
 1.22E+06   0.00E+00   0.00E+00   0.00E+00   8.83E-04   1.43E-06   7.54E-08   5.42E-08   3.95E-10
 1.38E+06   0.00E+00   0.00E+00   0.00E+00   9.09E-04   1.88E-06   1.25E-07   8.96E-08   1.21E-09
 1.52E+06   0.00E+00   0.00E+00   0.00E+00   9.34E-04   2.58E-06   2.11E-07   1.52E-07   3.51E-09
 1.68E+06   4.86-156   0.00E+00   3.20-157   9.56E-04   3.72E-06   3.66E-07   2.63E-07   9.64E-09
 1.82E+06   3.34-124   0.00E+00   2.20-125   9.76E-04   5.48E-06   6.29E-07   4.52E-07   2.44E-08
 1.98E+06   7.72E-99   0.00E+00   5.09-100   9.93E-04   8.06E-06   1.05E-06   7.54E-07   5.62E-08
 2.12E+06   1.10E-78   0.00E+00   7.22E-80   1.01E-03   1.17E-05   1.69E-06   1.21E-06   1.17E-07
 2.28E+06   9.25E-63   0.00E+00   6.09E-64   1.02E-03   1.65E-05   2.58E-06   1.86E-06   2.23E-07
 2.42E+06   2.49E-50   0.00E+00   1.64E-51   1.04E-03   2.25E-05   3.70E-06   2.66E-06   3.77E-07
 2.58E+06   8.25E-41   0.00E+00   5.44E-42   1.07E-03   2.89E-05   4.90E-06   3.52E-06   5.67E-07
 2.72E+06   1.27E-33   0.00E+00   8.38E-35   1.09E-03   3.49E-05   6.00E-06   4.31E-06   7.66E-07
 2.88E+06   3.59E-28   0.00E+00   2.37E-29   1.12E-03   3.99E-05   6.96E-06   4.99E-06   9.58E-07
 3.02E+06   5.62E-24   0.00E+00   3.70E-25   1.14E-03   4.37E-05   7.80E-06   5.60E-06   1.14E-06
 3.18E+06   1.01E-20   0.00E+00   6.65E-22   1.15E-03   4.65E-05   8.56E-06   6.14E-06   1.33E-06
 3.32E+06   3.46E-18   0.00E+00   2.28E-19   1.16E-03   4.86E-05   9.25E-06   6.64E-06   1.51E-06
 3.48E+06   3.32E-16   0.00E+00   2.19E-17   1.17E-03   5.02E-05   9.89E-06   7.10E-06   1.69E-06
 3.62E+06   1.19E-14   0.00E+00   8.39E-16   1.17E-03   5.13E-05   1.05E-05   7.52E-06   1.86E-06
 3.78E+06   1.98E-13   0.00E+00   2.60E-14   1.17E-03   5.22E-05   1.10E-05   7.90E-06   2.03E-06
 3.92E+06   2.09E-12   0.00E+00   1.05E-12   1.18E-03   5.28E-05   1.15E-05   8.26E-06   2.21E-06
 4.08E+06   2.04E-11   0.00E+00   2.64E-11   1.18E-03   5.32E-05   1.20E-05   8.60E-06   2.38E-06
 4.22E+06   1.82E-10   0.00E+00   3.34E-10   1.18E-03   5.36E-05   1.24E-05   8.93E-06   2.56E-06
 4.38E+06   1.14E-09   0.00E+00   2.31E-09   1.18E-03   5.39E-05   1.29E-05   9.26E-06   2.75E-06
 4.52E+06   4.72E-09   0.00E+00   9.80E-09   1.18E-03   5.42E-05   1.34E-05   9.60E-06   2.96E-06
 4.68E+06   1.36E-08   0.00E+00   2.83E-08   1.18E-03   5.45E-05   1.39E-05   9.98E-06   3.20E-06
 4.82E+06   2.92E-08   0.00E+00   6.09E-08   1.18E-03   5.49E-05   1.45E-05   1.04E-05   3.46E-06
 4.98E+06   5.14E-08   0.00E+00   1.07E-07   1.18E-03   5.54E-05   1.51E-05   1.09E-05   3.75E-06
 5.12E+06   7.78E-08   0.00E+00   1.61E-07   1.18E-03   5.59E-05   1.58E-05   1.13E-05   4.05E-06
 5.28E+06   1.06E-07   0.00E+00   2.21E-07   1.18E-03   5.65E-05   1.64E-05   1.18E-05   4.35E-06
 5.42E+06   1.36E-07   0.00E+00   2.83E-07   1.18E-03   5.70E-05   1.70E-05   1.22E-05   4.65E-06
 5.58E+06   1.65E-07   0.00E+00   3.46E-07   1.18E-03   5.74E-05   1.76E-05   1.27E-05   4.93E-06
 5.72E+06   1.93E-07   0.00E+00   4.10E-07   1.18E-03   5.77E-05   1.82E-05   1.31E-05   5.21E-06
 5.88E+06   2.21E-07   0.00E+00   4.73E-07   1.18E-03   5.80E-05   1.87E-05   1.34E-05   5.48E-06
 6.02E+06   2.47E-07   0.00E+00   5.34E-07   1.18E-03   5.83E-05   1.92E-05   1.38E-05   5.74E-06
 6.18E+06   2.71E-07   0.00E+00   5.90E-07   1.18E-03   5.91E-05   1.97E-05   1.42E-05   6.00E-06
 6.32E+06   2.92E-07   0.00E+00   6.38E-07   1.18E-03   6.07E-05   2.03E-05   1.45E-05   6.25E-06
 6.48E+06   3.09E-07   0.00E+00   6.79E-07   1.18E-03   6.11E-05   2.07E-05   1.48E-05   6.48E-06
 6.62E+06   3.24E-07   0.00E+00   7.15E-07   1.18E-03   6.14E-05   2.10E-05   1.51E-05   6.71E-06
 6.78E+06   3.36E-07   0.00E+00   7.44E-07   1.18E-03   6.17E-05   2.14E-05   1.54E-05   6.95E-06
 6.92E+06   3.46E-07   0.00E+00   7.68E-07   1.18E-03   6.20E-05   2.17E-05   1.56E-05   7.17E-06
 7.08E+06   3.54E-07   0.00E+00   7.86E-07   1.18E-03   6.23E-05   2.20E-05   1.58E-05   7.38E-06
 7.22E+06   3.60E-07   0.00E+00   8.01E-07   1.18E-03   6.25E-05   2.23E-05   1.60E-05   7.57E-06
 7.38E+06   3.65E-07   0.00E+00   8.13E-07   1.18E-03   6.27E-05   2.25E-05   1.62E-05   7.74E-06
 7.52E+06   3.69E-07   0.00E+00   8.23E-07   1.18E-03   6.29E-05   2.27E-05   1.63E-05   7.89E-06
 7.68E+06   3.73E-07   0.00E+00   8.32E-07   1.18E-03   6.30E-05   2.29E-05   1.64E-05   8.02E-06
 7.82E+06   3.76E-07   0.00E+00   8.38E-07   1.18E-03   6.31E-05   2.30E-05   1.65E-05   8.11E-06
 7.98E+06   3.78E-07   0.00E+00   8.43E-07   1.18E-03   6.32E-05   2.31E-05   1.66E-05   8.18E-06
 8.12E+06   3.80E-07   0.00E+00   8.47E-07   1.18E-03   6.32E-05   2.32E-05   1.66E-05   8.23E-06
 8.28E+06   3.81E-07   0.00E+00   8.50E-07   1.18E-03   6.33E-05   2.32E-05   1.67E-05   8.27E-06
 8.42E+06   3.82E-07   0.00E+00   8.51E-07   1.18E-03   6.33E-05   2.32E-05   1.67E-05   8.29E-06
 8.58E+06   3.82E-07   0.00E+00   8.52E-07   1.18E-03   6.33E-05   2.33E-05   1.67E-05   8.31E-06
 8.72E+06   3.83E-07   0.00E+00   8.53E-07   1.18E-03   6.33E-05   2.33E-05   1.67E-05   8.32E-06
 8.88E+06   3.83E-07   0.00E+00   8.54E-07   1.18E-03   6.33E-05   2.33E-05   1.67E-05   8.32E-06
 9.02E+06   3.83E-07   0.00E+00   8.54E-07   1.18E-03   6.34E-05   2.33E-05   1.67E-05   8.33E-06
 9.18E+06   3.83E-07   0.00E+00   8.54E-07   1.18E-03   6.34E-05   2.33E-05   1.67E-05   8.33E-06
 9.32E+06   3.83E-07   0.00E+00   8.55E-07   1.18E-03   6.34E-05   2.33E-05   1.67E-05   8.33E-06
 9.48E+06   3.84E-07   0.00E+00   8.55E-07   1.18E-03   6.34E-05   2.33E-05   1.67E-05   8.34E-06
 9.62E+06   3.84E-07   0.00E+00   8.55E-07   1.18E-03   6.34E-05   2.33E-05   1.67E-05   8.34E-06
 9.78E+06   3.84E-07   0.00E+00   8.55E-07   1.18E-03   6.34E-05   2.33E-05   1.67E-05   8.34E-06
 9.92E+06   3.84E-07   0.00E+00   8.55E-07   1.18E-03   6.34E-05   2.33E-05   1.67E-05   8.34E-06

     Z      PNO2_O1D   PNO2       PCH3_1     PSO        PH2S       PSO2       PSO2_SO21  PSO2_SO23  
 2.50E+04   1.02E-09   3.58E-03   1.25E-08   3.72E-08   1.50E-08   2.15E-08   5.70E-05   4.24E-07
 1.75E+05   2.72E-09   3.93E-03   3.40E-08   1.06E-07   4.40E-08   6.23E-08   6.78E-05   4.68E-07
 3.25E+05   5.82E-09   4.24E-03   7.19E-08   2.42E-07   1.05E-07   1.45E-07   7.76E-05   5.07E-07
 4.75E+05   1.09E-08   4.52E-03   1.31E-07   4.85E-07   2.18E-07   2.92E-07   8.67E-05   5.42E-07
 6.25E+05   1.84E-08   4.78E-03   2.12E-07   8.60E-07   3.94E-07   5.19E-07   9.53E-05   5.74E-07
 7.75E+05   2.85E-08   5.01E-03   3.17E-07   1.38E-06   6.40E-07   8.32E-07   1.04E-04   6.03E-07
 9.25E+05   4.17E-08   5.21E-03   4.51E-07   2.06E-06   9.62E-07   1.24E-06   1.12E-04   6.29E-07
 1.08E+06   5.86E-08   5.40E-03   6.19E-07   2.93E-06   1.38E-06   1.77E-06   1.20E-04   6.52E-07
 1.22E+06   8.02E-08   5.57E-03   8.30E-07   4.04E-06   1.90E-06   2.43E-06   1.28E-04   6.72E-07
 1.38E+06   1.11E-07   5.72E-03   1.13E-06   5.59E-06   2.64E-06   3.36E-06   1.37E-04   6.90E-07
 1.52E+06   1.64E-07   5.86E-03   1.66E-06   8.13E-06   3.82E-06   4.88E-06   1.50E-04   7.07E-07
 1.68E+06   2.59E-07   5.99E-03   2.64E-06   1.25E-05   5.83E-06   7.46E-06   1.69E-04   7.22E-07
 1.82E+06   4.26E-07   6.10E-03   4.43E-06   1.95E-05   9.07E-06   1.16E-05   1.95E-04   7.35E-07
 1.98E+06   7.13E-07   6.19E-03   7.64E-06   3.04E-05   1.41E-05   1.81E-05   2.29E-04   7.44E-07
 2.12E+06   1.21E-06   6.26E-03   1.33E-05   4.70E-05   2.17E-05   2.79E-05   2.77E-04   7.51E-07
 2.28E+06   2.09E-06   6.32E-03   2.29E-05   7.10E-05   3.29E-05   4.23E-05   3.46E-04   7.56E-07
 2.42E+06   3.61E-06   6.38E-03   3.67E-05   1.03E-04   4.86E-05   6.13E-05   4.39E-04   7.60E-07
 2.58E+06   5.90E-06   6.42E-03   5.21E-05   1.38E-04   6.74E-05   8.26E-05   5.53E-04   7.64E-07
 2.72E+06   8.50E-06   6.46E-03   6.47E-05   1.68E-04   8.55E-05   1.01E-04   6.66E-04   7.66E-07
 2.88E+06   1.06E-05   6.49E-03   7.31E-05   1.89E-04   9.93E-05   1.14E-04   7.55E-04   7.68E-07
 3.02E+06   1.22E-05   6.51E-03   7.86E-05   2.04E-04   1.09E-04   1.23E-04   8.17E-04   7.69E-07
 3.18E+06   1.32E-05   6.52E-03   8.24E-05   2.14E-04   1.16E-04   1.30E-04   8.58E-04   7.70E-07
 3.32E+06   1.40E-05   6.53E-03   8.51E-05   2.22E-04   1.21E-04   1.35E-04   8.85E-04   7.71E-07
 3.48E+06   1.45E-05   6.54E-03   8.71E-05   2.28E-04   1.25E-04   1.38E-04   9.03E-04   7.72E-07
 3.62E+06   1.49E-05   6.55E-03   8.86E-05   2.32E-04   1.28E-04   1.41E-04   9.14E-04   7.73E-07
 3.78E+06   1.52E-05   6.55E-03   8.97E-05   2.36E-04   1.30E-04   1.43E-04   9.21E-04   7.73E-07
 3.92E+06   1.54E-05   6.55E-03   9.05E-05   2.38E-04   1.31E-04   1.45E-04   9.27E-04   7.73E-07
 4.08E+06   1.56E-05   6.56E-03   9.12E-05   2.41E-04   1.33E-04   1.46E-04   9.30E-04   7.74E-07
 4.22E+06   1.58E-05   6.56E-03   9.17E-05   2.42E-04   1.34E-04   1.47E-04   9.33E-04   7.74E-07
 4.38E+06   1.60E-05   6.56E-03   9.20E-05   2.44E-04   1.35E-04   1.48E-04   9.34E-04   7.74E-07
 4.52E+06   1.62E-05   6.56E-03   9.23E-05   2.45E-04   1.35E-04   1.49E-04   9.36E-04   7.74E-07
 4.68E+06   1.64E-05   6.56E-03   9.25E-05   2.45E-04   1.36E-04   1.50E-04   9.36E-04   7.74E-07
 4.82E+06   1.66E-05   6.56E-03   9.27E-05   2.46E-04   1.37E-04   1.51E-04   9.37E-04   7.74E-07
 4.98E+06   1.69E-05   6.57E-03   9.28E-05   2.47E-04   1.38E-04   1.52E-04   9.37E-04   7.74E-07
 5.12E+06   1.72E-05   6.57E-03   9.29E-05   2.47E-04   1.39E-04   1.54E-04   9.38E-04   7.74E-07
 5.28E+06   1.76E-05   6.57E-03   9.30E-05   2.47E-04   1.40E-04   1.55E-04   9.38E-04   7.74E-07
 5.42E+06   1.79E-05   6.57E-03   9.31E-05   2.48E-04   1.41E-04   1.56E-04   9.38E-04   7.74E-07
 5.58E+06   1.82E-05   6.57E-03   9.31E-05   2.48E-04   1.42E-04   1.58E-04   9.38E-04   7.74E-07
 5.72E+06   1.85E-05   6.57E-03   9.31E-05   2.48E-04   1.43E-04   1.59E-04   9.38E-04   7.74E-07
 5.88E+06   1.89E-05   6.57E-03   9.31E-05   2.48E-04   1.44E-04   1.60E-04   9.38E-04   7.74E-07
 6.02E+06   1.92E-05   6.57E-03   9.32E-05   2.48E-04   1.45E-04   1.61E-04   9.38E-04   7.74E-07
 6.18E+06   1.95E-05   6.57E-03   9.32E-05   2.49E-04   1.46E-04   1.62E-04   9.38E-04   7.74E-07
 6.32E+06   1.98E-05   6.57E-03   9.32E-05   2.49E-04   1.46E-04   1.62E-04   9.38E-04   7.74E-07
 6.48E+06   2.01E-05   6.57E-03   9.32E-05   2.49E-04   1.47E-04   1.63E-04   9.38E-04   7.74E-07
 6.62E+06   2.04E-05   6.57E-03   9.32E-05   2.49E-04   1.47E-04   1.63E-04   9.39E-04   7.74E-07
 6.78E+06   2.07E-05   6.57E-03   9.32E-05   2.49E-04   1.48E-04   1.64E-04   9.39E-04   7.74E-07
 6.92E+06   2.10E-05   6.57E-03   9.32E-05   2.49E-04   1.48E-04   1.64E-04   9.39E-04   7.74E-07
 7.08E+06   2.13E-05   6.57E-03   9.32E-05   2.49E-04   1.48E-04   1.65E-04   9.39E-04   7.74E-07
 7.22E+06   2.16E-05   6.57E-03   9.32E-05   2.49E-04   1.48E-04   1.65E-04   9.39E-04   7.74E-07
 7.38E+06   2.19E-05   6.57E-03   9.32E-05   2.49E-04   1.49E-04   1.65E-04   9.39E-04   7.74E-07
 7.52E+06   2.21E-05   6.57E-03   9.32E-05   2.49E-04   1.49E-04   1.65E-04   9.39E-04   7.74E-07
 7.68E+06   2.23E-05   6.57E-03   9.32E-05   2.49E-04   1.49E-04   1.65E-04   9.39E-04   7.74E-07
 7.82E+06   2.25E-05   6.57E-03   9.32E-05   2.49E-04   1.50E-04   1.65E-04   9.39E-04   7.74E-07
 7.98E+06   2.26E-05   6.57E-03   9.32E-05   2.49E-04   1.50E-04   1.66E-04   9.39E-04   7.74E-07
 8.12E+06   2.27E-05   6.57E-03   9.32E-05   2.49E-04   1.50E-04   1.66E-04   9.39E-04   7.74E-07
 8.28E+06   2.28E-05   6.57E-03   9.32E-05   2.49E-04   1.50E-04   1.66E-04   9.39E-04   7.74E-07
 8.42E+06   2.28E-05   6.57E-03   9.32E-05   2.49E-04   1.50E-04   1.66E-04   9.39E-04   7.74E-07
 8.58E+06   2.28E-05   6.57E-03   9.32E-05   2.49E-04   1.50E-04   1.66E-04   9.39E-04   7.74E-07
 8.72E+06   2.29E-05   6.57E-03   9.32E-05   2.49E-04   1.50E-04   1.66E-04   9.39E-04   7.74E-07
 8.88E+06   2.29E-05   6.57E-03   9.32E-05   2.49E-04   1.50E-04   1.66E-04   9.39E-04   7.74E-07
 9.02E+06   2.29E-05   6.57E-03   9.32E-05   2.49E-04   1.50E-04   1.66E-04   9.39E-04   7.74E-07
 9.18E+06   2.29E-05   6.57E-03   9.32E-05   2.49E-04   1.50E-04   1.66E-04   9.39E-04   7.74E-07
 9.32E+06   2.29E-05   6.57E-03   9.32E-05   2.49E-04   1.50E-04   1.66E-04   9.39E-04   7.74E-07
 9.48E+06   2.29E-05   6.57E-03   9.32E-05   2.49E-04   1.50E-04   1.66E-04   9.39E-04   7.74E-07
 9.62E+06   2.29E-05   6.57E-03   9.32E-05   2.49E-04   1.50E-04   1.66E-04   9.39E-04   7.74E-07
 9.78E+06   2.29E-05   6.57E-03   9.32E-05   2.49E-04   1.50E-04   1.66E-04   9.39E-04   7.74E-07
 9.92E+06   2.29E-05   6.57E-03   9.32E-05   2.49E-04   1.50E-04   1.66E-04   9.39E-04   7.74E-07

     Z      PS2        PS4        PS3        PS8L       PS8R       PS8        PSO3       PHSO       
 2.50E+04   4.27E-05   1.16E-01   5.32E-01   0.00E+00   0.00E+00   9.12E-14   8.59E-08   2.19E-08
 1.75E+05   5.06E-05   1.20E-01   5.71E-01   0.00E+00   0.00E+00   1.28E-13   1.04E-07   5.98E-08
 3.25E+05   5.78E-05   1.23E-01   6.06E-01   0.00E+00   0.00E+00   1.75E-13   1.26E-07   1.31E-07
 4.75E+05   6.44E-05   1.26E-01   6.38E-01   0.00E+00   0.00E+00   2.33E-13   1.52E-07   2.52E-07
 6.25E+05   7.07E-05   1.29E-01   6.67E-01   0.00E+00   0.00E+00   3.07E-13   1.85E-07   4.31E-07
 7.75E+05   7.67E-05   1.32E-01   6.93E-01   0.00E+00   0.00E+00   4.00E-13   2.27E-07   6.76E-07
 9.25E+05   8.25E-05   1.34E-01   7.17E-01   0.00E+00   0.00E+00   5.21E-13   2.77E-07   9.96E-07
 1.08E+06   8.82E-05   1.36E-01   7.38E-01   0.00E+00   0.00E+00   6.83E-13   3.38E-07   1.41E-06
 1.22E+06   9.38E-05   1.38E-01   7.56E-01   0.00E+00   0.00E+00   9.15E-13   4.13E-07   1.93E-06
 1.38E+06   1.00E-04   1.40E-01   7.73E-01   0.00E+00   0.00E+00   1.23E-12   5.15E-07   2.66E-06
 1.52E+06   1.09E-04   1.42E-01   7.89E-01   0.00E+00   0.00E+00   1.66E-12   6.78E-07   3.90E-06
 1.68E+06   1.22E-04   1.44E-01   8.04E-01   0.00E+00   0.00E+00   2.28E-12   9.53E-07   6.09E-06
 1.82E+06   1.38E-04   1.46E-01   8.15E-01   0.00E+00   0.00E+00   3.13E-12   1.40E-06   9.83E-06
 1.98E+06   1.60E-04   1.47E-01   8.24E-01   0.00E+00   0.00E+00   4.35E-12   2.09E-06   1.61E-05
 2.12E+06   1.92E-04   1.48E-01   8.31E-01   0.00E+00   0.00E+00   6.15E-12   3.17E-06   2.65E-05
 2.28E+06   2.37E-04   1.49E-01   8.36E-01   0.00E+00   0.00E+00   8.87E-12   4.79E-06   4.41E-05
 2.42E+06   2.99E-04   1.49E-01   8.39E-01   0.00E+00   0.00E+00   1.31E-11   7.11E-06   7.34E-05
 2.58E+06   3.73E-04   1.50E-01   8.42E-01   0.00E+00   0.00E+00   1.97E-11   1.00E-05   1.17E-04
 2.72E+06   4.40E-04   1.50E-01   8.44E-01   0.00E+00   0.00E+00   2.95E-11   1.32E-05   1.68E-04
 2.88E+06   4.90E-04   1.50E-01   8.46E-01   0.00E+00   0.00E+00   4.27E-11   1.59E-05   2.13E-04
 3.02E+06   5.22E-04   1.50E-01   8.47E-01   0.00E+00   0.00E+00   5.92E-11   1.79E-05   2.46E-04
 3.18E+06   5.44E-04   1.50E-01   8.48E-01   0.00E+00   0.00E+00   7.96E-11   1.94E-05   2.69E-04
 3.32E+06   5.58E-04   1.50E-01   8.49E-01   0.00E+00   0.00E+00   1.05E-10   2.05E-05   2.85E-04
 3.48E+06   5.67E-04   1.50E-01   8.50E-01   0.00E+00   0.00E+00   1.36E-10   2.12E-05   2.96E-04
 3.62E+06   5.73E-04   1.50E-01   8.50E-01   0.00E+00   0.00E+00   1.76E-10   2.18E-05   3.04E-04
 3.78E+06   5.77E-04   1.51E-01   8.50E-01   0.00E+00   0.00E+00   2.27E-10   2.22E-05   3.09E-04
 3.92E+06   5.79E-04   1.51E-01   8.51E-01   0.00E+00   0.00E+00   2.92E-10   2.25E-05   3.13E-04
 4.08E+06   5.81E-04   1.51E-01   8.51E-01   0.00E+00   0.00E+00   3.77E-10   2.27E-05   3.16E-04
 4.22E+06   5.82E-04   1.51E-01   8.51E-01   0.00E+00   0.00E+00   4.86E-10   2.29E-05   3.18E-04
 4.38E+06   5.83E-04   1.51E-01   8.51E-01   0.00E+00   0.00E+00   6.31E-10   2.31E-05   3.20E-04
 4.52E+06   5.84E-04   1.51E-01   8.51E-01   0.00E+00   0.00E+00   8.22E-10   2.32E-05   3.21E-04
 4.68E+06   5.85E-04   1.51E-01   8.51E-01   0.00E+00   0.00E+00   1.08E-09   2.34E-05   3.22E-04
 4.82E+06   5.85E-04   1.51E-01   8.52E-01   0.00E+00   0.00E+00   1.42E-09   2.35E-05   3.23E-04
 4.98E+06   5.85E-04   1.51E-01   8.52E-01   0.00E+00   0.00E+00   1.88E-09   2.36E-05   3.24E-04
 5.12E+06   5.85E-04   1.51E-01   8.52E-01   0.00E+00   0.00E+00   2.50E-09   2.37E-05   3.25E-04
 5.28E+06   5.85E-04   1.51E-01   8.52E-01   0.00E+00   0.00E+00   3.32E-09   2.38E-05   3.25E-04
 5.42E+06   5.86E-04   1.51E-01   8.52E-01   0.00E+00   0.00E+00   4.41E-09   2.39E-05   3.26E-04
 5.58E+06   5.86E-04   1.51E-01   8.52E-01   0.00E+00   0.00E+00   5.87E-09   2.40E-05   3.26E-04
 5.72E+06   5.86E-04   1.51E-01   8.52E-01   0.00E+00   0.00E+00   7.81E-09   2.40E-05   3.26E-04
 5.88E+06   5.86E-04   1.51E-01   8.52E-01   0.00E+00   0.00E+00   1.04E-08   2.41E-05   3.27E-04
 6.02E+06   5.86E-04   1.51E-01   8.52E-01   0.00E+00   0.00E+00   1.40E-08   2.42E-05   3.27E-04
 6.18E+06   5.86E-04   1.51E-01   8.52E-01   0.00E+00   0.00E+00   1.91E-08   2.42E-05   3.27E-04
 6.32E+06   5.86E-04   1.51E-01   8.52E-01   0.00E+00   0.00E+00   2.64E-08   2.43E-05   3.27E-04
 6.48E+06   5.86E-04   1.51E-01   8.52E-01   0.00E+00   0.00E+00   3.45E-08   2.44E-05   3.28E-04
 6.62E+06   5.86E-04   1.51E-01   8.52E-01   0.00E+00   0.00E+00   4.50E-08   2.45E-05   3.28E-04
 6.78E+06   5.86E-04   1.51E-01   8.52E-01   0.00E+00   0.00E+00   5.87E-08   2.45E-05   3.28E-04
 6.92E+06   5.86E-04   1.51E-01   8.52E-01   0.00E+00   0.00E+00   7.66E-08   2.46E-05   3.28E-04
 7.08E+06   5.86E-04   1.51E-01   8.52E-01   0.00E+00   0.00E+00   9.99E-08   2.47E-05   3.28E-04
 7.22E+06   5.86E-04   1.51E-01   8.52E-01   0.00E+00   0.00E+00   1.30E-07   2.49E-05   3.28E-04
 7.38E+06   5.86E-04   1.51E-01   8.52E-01   0.00E+00   0.00E+00   1.70E-07   2.52E-05   3.28E-04
 7.52E+06   5.86E-04   1.51E-01   8.52E-01   0.00E+00   0.00E+00   2.22E-07   2.55E-05   3.28E-04
 7.68E+06   5.86E-04   1.51E-01   8.52E-01   0.00E+00   0.00E+00   2.89E-07   2.58E-05   3.28E-04
 7.82E+06   5.86E-04   1.51E-01   8.52E-01   0.00E+00   0.00E+00   3.77E-07   2.61E-05   3.28E-04
 7.98E+06   5.86E-04   1.51E-01   8.52E-01   0.00E+00   0.00E+00   4.91E-07   2.64E-05   3.28E-04
 8.12E+06   5.86E-04   1.51E-01   8.52E-01   0.00E+00   0.00E+00   6.39E-07   2.66E-05   3.28E-04
 8.28E+06   5.86E-04   1.51E-01   8.52E-01   0.00E+00   0.00E+00   8.33E-07   2.67E-05   3.28E-04
 8.42E+06   5.86E-04   1.51E-01   8.52E-01   0.00E+00   0.00E+00   1.09E-06   2.68E-05   3.28E-04
 8.58E+06   5.86E-04   1.51E-01   8.52E-01   0.00E+00   0.00E+00   1.41E-06   2.69E-05   3.28E-04
 8.72E+06   5.86E-04   1.51E-01   8.52E-01   0.00E+00   0.00E+00   1.84E-06   2.69E-05   3.28E-04
 8.88E+06   5.86E-04   1.51E-01   8.52E-01   0.00E+00   0.00E+00   2.40E-06   2.69E-05   3.28E-04
 9.02E+06   5.86E-04   1.51E-01   8.52E-01   0.00E+00   0.00E+00   3.12E-06   2.70E-05   3.28E-04
 9.18E+06   5.86E-04   1.51E-01   8.52E-01   0.00E+00   0.00E+00   4.06E-06   2.70E-05   3.28E-04
 9.32E+06   5.86E-04   1.51E-01   8.52E-01   0.00E+00   0.00E+00   5.28E-06   2.70E-05   3.28E-04
 9.48E+06   5.86E-04   1.51E-01   8.52E-01   0.00E+00   0.00E+00   6.87E-06   2.70E-05   3.28E-04
 9.62E+06   5.86E-04   1.51E-01   8.52E-01   0.00E+00   0.00E+00   8.93E-06   2.70E-05   3.28E-04
 9.78E+06   5.86E-04   1.51E-01   8.52E-01   0.00E+00   0.00E+00   1.16E-05   2.70E-05   3.28E-04
 9.92E+06   5.86E-04   1.51E-01   8.52E-01   0.00E+00   0.00E+00   1.51E-05   2.70E-05   3.28E-04

     Z      POCS       PNO3_NO    PNO3_NO2   PN2O       PHO2NO2_NO2PHO2NO2_NO3PN2O5_NO2  PN2O5_NO   
 2.50E+04   6.71E-10   1.08E-02   8.42E-02   4.05E-11   1.97E-06   4.92E-07   2.54E-08   1.15E-05
 1.75E+05   1.63E-09   1.10E-02   8.58E-02   1.27E-10   2.33E-06   5.82E-07   6.62E-08   1.32E-05
 3.25E+05   3.18E-09   1.12E-02   8.71E-02   3.24E-10   2.67E-06   6.68E-07   1.50E-07   1.48E-05
 4.75E+05   5.50E-09   1.14E-02   8.81E-02   7.11E-10   3.02E-06   7.57E-07   3.03E-07   1.62E-05
 6.25E+05   8.70E-09   1.16E-02   8.89E-02   1.33E-09   3.40E-06   8.54E-07   5.43E-07   1.75E-05
 7.75E+05   1.29E-08   1.17E-02   8.93E-02   2.19E-09   3.80E-06   9.63E-07   8.81E-07   1.87E-05
 9.25E+05   1.83E-08   1.19E-02   8.96E-02   3.29E-09   4.25E-06   1.08E-06   1.33E-06   1.99E-05
 1.08E+06   2.54E-08   1.21E-02   8.99E-02   4.69E-09   4.75E-06   1.22E-06   1.91E-06   2.09E-05
 1.22E+06   3.44E-08   1.23E-02   9.08E-02   6.67E-09   5.32E-06   1.39E-06   2.65E-06   2.19E-05
 1.38E+06   4.77E-08   1.24E-02   9.19E-02   9.47E-09   6.05E-06   1.60E-06   3.68E-06   2.29E-05
 1.52E+06   7.24E-08   1.26E-02   9.32E-02   1.40E-08   7.16E-06   1.92E-06   5.37E-06   2.41E-05
 1.68E+06   1.21E-07   1.28E-02   9.44E-02   2.14E-08   8.93E-06   2.44E-06   8.24E-06   2.55E-05
 1.82E+06   2.16E-07   1.29E-02   9.55E-02   3.32E-08   1.17E-05   3.25E-06   1.29E-05   2.72E-05
 1.98E+06   4.02E-07   1.30E-02   9.63E-02   5.07E-08   1.59E-05   4.47E-06   2.01E-05   2.92E-05
 2.12E+06   7.79E-07   1.31E-02   9.70E-02   7.58E-08   2.22E-05   6.29E-06   3.11E-05   3.17E-05
 2.28E+06   1.58E-06   1.32E-02   9.76E-02   1.09E-07   3.17E-05   8.99E-06   4.74E-05   3.51E-05
 2.42E+06   3.26E-06   1.32E-02   9.80E-02   1.50E-07   4.60E-05   1.29E-05   7.03E-05   3.95E-05
 2.58E+06   6.28E-06   1.32E-02   9.83E-02   1.90E-07   6.65E-05   1.84E-05   1.00E-04   4.51E-05
 2.72E+06   1.02E-05   1.32E-02   9.84E-02   2.24E-07   9.42E-05   2.56E-05   1.35E-04   5.13E-05
 2.88E+06   1.37E-05   1.33E-02   9.83E-02   2.49E-07   1.23E-04   3.31E-05   1.69E-04   5.70E-05
 3.02E+06   1.63E-05   1.33E-02   9.82E-02   2.69E-07   1.47E-04   3.92E-05   1.96E-04   6.12E-05
 3.18E+06   1.81E-05   1.33E-02   9.80E-02   2.85E-07   1.64E-04   4.36E-05   2.16E-04   6.42E-05
 3.32E+06   1.93E-05   1.33E-02   9.79E-02   2.99E-07   1.76E-04   4.67E-05   2.30E-04   6.61E-05
 3.48E+06   2.02E-05   1.34E-02   9.77E-02   3.10E-07   1.84E-04   4.89E-05   2.41E-04   6.74E-05
 3.62E+06   2.07E-05   1.34E-02   9.75E-02   3.20E-07   1.90E-04   5.03E-05   2.48E-04   6.82E-05
 3.78E+06   2.11E-05   1.34E-02   9.72E-02   3.28E-07   1.93E-04   5.13E-05   2.54E-04   6.88E-05
 3.92E+06   2.14E-05   1.34E-02   9.69E-02   3.36E-07   1.96E-04   5.20E-05   2.58E-04   6.92E-05
 4.08E+06   2.16E-05   1.34E-02   9.67E-02   3.46E-07   1.98E-04   5.26E-05   2.61E-04   6.94E-05
 4.22E+06   2.18E-05   1.34E-02   9.67E-02   3.55E-07   1.99E-04   5.29E-05   2.64E-04   6.96E-05
 4.38E+06   2.19E-05   1.34E-02   9.67E-02   3.66E-07   2.00E-04   5.32E-05   2.67E-04   6.97E-05
 4.52E+06   2.21E-05   1.34E-02   9.67E-02   3.83E-07   2.01E-04   5.34E-05   2.69E-04   6.98E-05
 4.68E+06   2.23E-05   1.34E-02   9.67E-02   4.11E-07   2.01E-04   5.35E-05   2.71E-04   6.98E-05
 4.82E+06   2.25E-05   1.34E-02   9.67E-02   4.54E-07   2.02E-04   5.36E-05   2.73E-04   6.99E-05
 4.98E+06   2.28E-05   1.34E-02   9.67E-02   5.11E-07   2.02E-04   5.37E-05   2.76E-04   6.99E-05
 5.12E+06   2.31E-05   1.34E-02   9.67E-02   5.78E-07   2.02E-04   5.37E-05   2.78E-04   6.99E-05
 5.28E+06   2.34E-05   1.34E-02   9.67E-02   6.50E-07   2.02E-04   5.38E-05   2.81E-04   6.99E-05
 5.42E+06   2.37E-05   1.34E-02   9.67E-02   7.24E-07   2.02E-04   5.38E-05   2.83E-04   7.00E-05
 5.58E+06   2.41E-05   1.34E-02   9.67E-02   8.02E-07   2.02E-04   5.38E-05   2.85E-04   7.00E-05
 5.72E+06   2.45E-05   1.34E-02   9.67E-02   8.88E-07   2.03E-04   5.39E-05   2.88E-04   7.00E-05
 5.88E+06   2.49E-05   1.34E-02   9.67E-02   9.89E-07   2.03E-04   5.39E-05   2.90E-04   7.00E-05
 6.02E+06   2.53E-05   1.34E-02   9.67E-02   1.11E-06   2.03E-04   5.39E-05   2.92E-04   7.00E-05
 6.18E+06   2.59E-05   1.34E-02   9.67E-02   1.24E-06   2.03E-04   5.39E-05   2.94E-04   7.00E-05
 6.32E+06   2.65E-05   1.34E-02   9.67E-02   1.38E-06   2.03E-04   5.39E-05   2.96E-04   7.00E-05
 6.48E+06   2.72E-05   1.34E-02   9.67E-02   1.51E-06   2.03E-04   5.39E-05   2.98E-04   7.00E-05
 6.62E+06   2.80E-05   1.34E-02   9.67E-02   1.64E-06   2.03E-04   5.39E-05   3.00E-04   7.00E-05
 6.78E+06   2.89E-05   1.34E-02   9.67E-02   1.77E-06   2.03E-04   5.39E-05   3.02E-04   7.00E-05
 6.92E+06   2.99E-05   1.34E-02   9.67E-02   1.88E-06   2.03E-04   5.39E-05   3.04E-04   7.00E-05
 7.08E+06   3.11E-05   1.34E-02   9.67E-02   1.97E-06   2.03E-04   5.39E-05   3.06E-04   7.00E-05
 7.22E+06   3.24E-05   1.34E-02   9.67E-02   2.06E-06   2.03E-04   5.39E-05   3.08E-04   7.00E-05
 7.38E+06   3.40E-05   1.34E-02   9.67E-02   2.13E-06   2.03E-04   5.39E-05   3.09E-04   7.00E-05
 7.52E+06   3.57E-05   1.34E-02   9.67E-02   2.20E-06   2.03E-04   5.39E-05   3.11E-04   7.00E-05
 7.68E+06   3.72E-05   1.34E-02   9.67E-02   2.25E-06   2.03E-04   5.39E-05   3.12E-04   7.00E-05
 7.82E+06   3.85E-05   1.34E-02   9.67E-02   2.30E-06   2.03E-04   5.39E-05   3.13E-04   7.00E-05
 7.98E+06   3.95E-05   1.34E-02   9.67E-02   2.34E-06   2.03E-04   5.39E-05   3.14E-04   7.00E-05
 8.12E+06   4.02E-05   1.34E-02   9.67E-02   2.36E-06   2.03E-04   5.39E-05   3.15E-04   7.00E-05
 8.28E+06   4.07E-05   1.34E-02   9.67E-02   2.38E-06   2.03E-04   5.39E-05   3.15E-04   7.00E-05
 8.42E+06   4.11E-05   1.34E-02   9.67E-02   2.39E-06   2.03E-04   5.39E-05   3.15E-04   7.00E-05
 8.58E+06   4.13E-05   1.34E-02   9.67E-02   2.40E-06   2.03E-04   5.39E-05   3.16E-04   7.00E-05
 8.72E+06   4.15E-05   1.34E-02   9.67E-02   2.41E-06   2.03E-04   5.39E-05   3.16E-04   7.00E-05
 8.88E+06   4.16E-05   1.34E-02   9.67E-02   2.41E-06   2.03E-04   5.39E-05   3.16E-04   7.00E-05
 9.02E+06   4.16E-05   1.34E-02   9.67E-02   2.42E-06   2.03E-04   5.39E-05   3.16E-04   7.00E-05
 9.18E+06   4.17E-05   1.34E-02   9.67E-02   2.42E-06   2.03E-04   5.39E-05   3.16E-04   7.00E-05
 9.32E+06   4.17E-05   1.34E-02   9.67E-02   2.42E-06   2.03E-04   5.39E-05   3.16E-04   7.00E-05
 9.48E+06   4.17E-05   1.34E-02   9.67E-02   2.42E-06   2.03E-04   5.39E-05   3.16E-04   7.00E-05
 9.62E+06   4.18E-05   1.34E-02   9.67E-02   2.42E-06   2.03E-04   5.39E-05   3.16E-04   7.00E-05
 9.78E+06   4.18E-05   1.34E-02   9.67E-02   2.42E-06   2.03E-04   5.39E-05   3.16E-04   7.00E-05
 9.92E+06   4.18E-05   1.34E-02   9.67E-02   2.42E-06   2.03E-04   5.39E-05   3.16E-04   7.00E-05
 N =   43  EMAX = 1.59E-10 FOR SO4AER  AT Z = 3.12E+06 U = 7.43E-10 RHS = 1.18E-19  DT = 7.35E+18  TIME = 1.84E+18

 TIME = 1.84E+18     TIMEY = 5.82E+10 YEARS

 NPHOT =   30

 MIXING RATIOS OF LONG-LIVED SPECIES


     Z        O        O2       H2O      H        OH       HO2      H2O2     H2       CO       HCO      H2CO     CH4      CH3      C2H6     NO       NO2      HNO      H2S     
  2.50E+04 1.58E-15 2.10E-03 1.19E-02 3.96E-19 4.02E-14 1.25E-11 1.43E-09 5.30E-07 1.10E-07 1.59E-20 2.13E-10 1.80E-06 1.40E-19 6.23E-23 5.79E-13 8.10E-13 7.57E-18 9.25E-12
  7.50E+04 1.85E-15 2.10E-03 1.01E-02 4.40E-19 4.42E-14 1.30E-11 1.53E-09 5.30E-07 1.07E-07 1.76E-20 2.13E-10 1.80E-06 1.45E-19 6.23E-23 6.12E-13 8.19E-13 7.43E-18 6.45E-12
  1.25E+05 2.23E-15 2.10E-03 8.48E-03 4.91E-19 4.91E-14 1.35E-11 1.61E-09 5.31E-07 1.04E-07 1.89E-20 2.06E-10 1.80E-06 1.51E-19 6.22E-23 6.58E-13 8.53E-13 6.14E-18 4.45E-12
  1.75E+05 2.75E-15 2.10E-03 7.04E-03 5.51E-19 5.49E-14 1.40E-11 1.68E-09 5.31E-07 1.01E-07 2.02E-20 1.98E-10 1.79E-06 1.58E-19 6.21E-23 7.20E-13 9.12E-13 4.74E-18 3.04E-12
  2.75E+05 4.33E-15 2.10E-03 4.69E-03 6.87E-19 6.86E-14 1.48E-11 1.75E-09 5.31E-07 9.48E-08 2.25E-20 1.80E-10 1.79E-06 1.70E-19 6.16E-23 9.01E-13 1.11E-12 2.61E-18 1.39E-12
  3.75E+05 6.97E-15 2.10E-03 2.90E-03 8.33E-19 8.30E-14 1.51E-11 1.71E-09 5.32E-07 8.91E-08 2.41E-20 1.60E-10 1.79E-06 1.77E-19 6.08E-23 1.19E-12 1.43E-12 1.44E-18 6.13E-13
  4.75E+05 1.11E-14 2.10E-03 1.67E-03 9.59E-19 9.61E-14 1.48E-11 1.55E-09 5.32E-07 8.39E-08 2.39E-20 1.35E-10 1.78E-06 1.71E-19 5.96E-23 1.57E-12 1.80E-12 8.62E-19 2.69E-13
  5.75E+05 1.71E-14 2.10E-03 8.74E-04 1.02E-18 1.04E-13 1.38E-11 1.33E-09 5.33E-07 7.93E-08 2.13E-20 1.06E-10 1.78E-06 1.49E-19 5.82E-23 1.80E-12 1.91E-12 6.42E-19 1.19E-13
  6.75E+05 2.55E-14 2.10E-03 4.06E-04 9.92E-19 1.03E-13 1.22E-11 1.08E-09 5.33E-07 7.52E-08 1.68E-20 7.59E-11 1.78E-06 1.15E-19 5.66E-23 1.72E-12 1.62E-12 6.59E-19 5.54E-14
  7.75E+05 3.66E-14 2.10E-03 1.65E-04 9.12E-19 9.76E-14 1.03E-11 8.36E-10 5.33E-07 7.17E-08 1.22E-20 5.07E-11 1.78E-06 8.10E-20 5.53E-23 1.79E-12 1.43E-12 9.78E-19 2.70E-14
  8.75E+05 5.08E-14 2.10E-03 5.94E-05 8.40E-19 9.34E-14 8.35E-12 6.21E-10 5.33E-07 6.86E-08 8.57E-21 3.26E-11 1.78E-06 5.52E-20 5.42E-23 2.63E-12 1.72E-12 2.10E-18 1.39E-14
  9.75E+05 6.89E-14 2.10E-03 1.89E-05 8.13E-19 9.37E-14 6.62E-12 4.53E-10 5.33E-07 6.60E-08 6.23E-21 2.12E-11 1.77E-06 3.79E-20 5.34E-23 4.60E-12 2.36E-12 4.95E-18 7.53E-15
  1.08E+06 1.02E-13 2.10E-03 8.15E-06 9.13E-19 1.04E-13 5.46E-12 3.19E-10 5.33E-07 6.33E-08 5.33E-21 1.57E-11 1.77E-06 3.25E-20 5.26E-23 7.84E-12 3.36E-12 9.26E-18 4.00E-15
  1.18E+06 2.04E-13 2.10E-03 5.15E-06 1.14E-18 1.23E-13 4.30E-12 1.68E-10 5.34E-07 5.76E-08 5.88E-21 1.44E-11 1.77E-06 3.89E-20 5.13E-23 1.41E-11 6.48E-12 1.12E-17 1.31E-15
  1.28E+06 4.46E-13 2.10E-03 4.82E-06 1.45E-18 1.57E-13 3.47E-12 7.29E-11 5.34E-07 4.90E-08 7.36E-21 1.47E-11 1.75E-06 5.07E-20 5.00E-23 2.41E-11 1.36E-11 9.39E-18 2.36E-16
  1.38E+06 1.04E-12 2.10E-03 4.86E-06 1.87E-18 2.24E-13 3.17E-12 3.57E-11 5.36E-07 3.69E-08 1.05E-20 1.66E-11 1.73E-06 7.50E-20 5.02E-23 3.91E-11 2.94E-11 6.03E-18 1.79E-17
  1.48E+06 2.18E-12 2.10E-03 4.93E-06 2.30E-18 3.20E-13 3.26E-12 2.60E-11 5.37E-07 2.54E-08 1.52E-20 1.87E-11 1.68E-06 1.12E-19 5.49E-23 5.89E-11 5.44E-11 3.83E-18 9.34E-19
  1.58E+06 4.08E-12 2.10E-03 5.02E-06 2.88E-18 4.52E-13 3.61E-12 2.37E-11 5.39E-07 1.71E-08 2.15E-20 2.05E-11 1.62E-06 1.63E-19 6.76E-23 8.41E-11 8.51E-11 2.72E-18 2.16E-19
  1.68E+06 7.06E-12 2.10E-03 5.14E-06 4.01E-18 6.43E-13 4.23E-12 2.44E-11 5.42E-07 1.21E-08 3.03E-20 2.22E-11 1.55E-06 2.36E-19 9.22E-23 1.13E-10 1.16E-10 2.06E-18 1.45E-19
  1.78E+06 1.17E-11 2.10E-03 5.28E-06 6.46E-18 9.28E-13 5.24E-12 2.76E-11 5.44E-07 9.64E-09 4.29E-20 2.38E-11 1.47E-06 3.45E-19 1.33E-22 1.40E-10 1.37E-10 1.52E-18 1.19E-19
  1.88E+06 1.90E-11 2.10E-03 5.42E-06 1.18E-17 1.35E-12 6.75E-12 3.32E-11 5.46E-07 8.56E-09 6.14E-20 2.55E-11 1.37E-06 5.09E-19 2.00E-22 1.59E-10 1.45E-10 9.62E-19 8.95E-20
  1.98E+06 3.14E-11 2.10E-03 5.57E-06 2.35E-17 1.96E-12 8.83E-12 4.04E-11 5.49E-07 8.21E-09 8.89E-20 2.74E-11 1.28E-06 7.66E-19 3.07E-22 1.64E-10 1.40E-10 4.96E-19 3.61E-20
  2.08E+06 5.23E-11 2.10E-03 5.71E-06 5.07E-17 2.87E-12 1.13E-11 4.67E-11 5.53E-07 8.18E-09 1.31E-19 2.95E-11 1.19E-06 1.18E-18 4.76E-22 1.56E-10 1.22E-10 3.91E-19 4.58E-21
  2.18E+06 8.71E-11 2.10E-03 5.85E-06 1.16E-16 4.24E-12 1.39E-11 4.90E-11 5.57E-07 8.25E-09 1.96E-19 3.20E-11 1.10E-06 1.87E-18 7.47E-22 1.40E-10 9.76E-11 4.19E-19 5.03E-22
  2.28E+06 1.44E-10 2.10E-03 5.97E-06 2.79E-16 6.33E-12 1.63E-11 4.60E-11 5.64E-07 8.29E-09 2.98E-19 3.44E-11 1.01E-06 2.99E-18 1.17E-21 1.20E-10 7.03E-11 4.57E-19 5.17E-23
  2.38E+06 2.30E-10 2.10E-03 6.07E-06 6.84E-16 9.46E-12 1.81E-11 3.93E-11 5.74E-07 8.22E-09 4.47E-19 3.64E-11 9.34E-07 4.77E-18 1.83E-21 9.88E-11 4.54E-11 4.99E-19 5.26E-24
  2.48E+06 3.53E-10 2.10E-03 6.15E-06 1.66E-15 1.40E-11 1.92E-11 3.17E-11 5.88E-07 8.04E-09 6.48E-19 3.74E-11 8.63E-07 7.38E-18 2.80E-21 7.97E-11 2.62E-11 5.45E-19 5.60E-25
  2.58E+06 5.23E-10 2.10E-03 6.20E-06 3.91E-15 2.00E-11 1.99E-11 2.55E-11 6.08E-07 7.80E-09 8.95E-19 3.72E-11 8.01E-07 1.09E-17 4.25E-21 6.32E-11 1.35E-11 5.92E-19 6.62E-26
  2.68E+06 7.34E-10 2.10E-03 6.24E-06 8.51E-15 2.71E-11 2.06E-11 2.14E-11 6.35E-07 7.60E-09 1.13E-18 3.56E-11 7.47E-07 1.49E-17 6.53E-21 4.92E-11 6.26E-12 6.12E-19 9.24E-27
  2.78E+06 9.58E-10 2.10E-03 6.24E-06 1.60E-14 3.36E-11 2.15E-11 1.90E-11 6.70E-07 7.57E-09 1.29E-18 3.27E-11 7.00E-07 1.83E-17 1.09E-20 3.74E-11 2.83E-12 5.80E-19 1.59E-27
  2.88E+06 1.17E-09 2.10E-03 6.22E-06 2.67E-14 3.91E-11 2.29E-11 1.75E-11 7.13E-07 7.74E-09 1.34E-18 2.91E-11 6.61E-07 2.08E-17 2.08E-20 2.83E-11 1.35E-12 5.14E-19 3.31E-28
  2.98E+06 1.39E-09 2.10E-03 6.18E-06 4.16E-14 4.41E-11 2.46E-11 1.66E-11 7.65E-07 8.10E-09 1.34E-18 2.55E-11 6.27E-07 2.27E-17 4.57E-20 2.16E-11 6.98E-13 4.45E-19 7.71E-29
  3.08E+06 1.61E-09 2.10E-03 6.12E-06 6.28E-14 4.93E-11 2.68E-11 1.62E-11 8.27E-07 8.62E-09 1.32E-18 2.22E-11 5.97E-07 2.46E-17 1.06E-19 1.68E-11 3.95E-13 3.87E-19 1.99E-29
  3.18E+06 1.84E-09 2.10E-03 6.04E-06 9.35E-14 5.49E-11 2.95E-11 1.61E-11 8.97E-07 9.28E-09 1.30E-18 1.94E-11 5.70E-07 2.67E-17 2.40E-19 1.34E-11 2.45E-13 3.46E-19 5.84E-30
  3.28E+06 2.10E-09 2.10E-03 5.94E-06 1.38E-13 6.12E-11 3.27E-11 1.64E-11 9.76E-07 1.01E-08 1.28E-18 1.69E-11 5.45E-07 2.92E-17 5.26E-19 1.11E-11 1.64E-13 3.19E-19 1.91E-30
  3.38E+06 2.37E-09 2.10E-03 5.83E-06 2.03E-13 6.84E-11 3.63E-11 1.70E-11 1.07E-06 1.10E-08 1.26E-18 1.47E-11 5.20E-07 3.19E-17 1.10E-18 9.49E-12 1.19E-13 3.04E-19 6.88E-31
  3.48E+06 2.67E-09 2.10E-03 5.71E-06 2.99E-13 7.64E-11 4.05E-11 1.78E-11 1.16E-06 1.22E-08 1.24E-18 1.27E-11 4.97E-07 3.49E-17 2.18E-18 8.43E-12 9.20E-14 3.01E-19 2.74E-31
  3.58E+06 3.01E-09 2.10E-03 5.57E-06 4.39E-13 8.54E-11 4.52E-11 1.88E-11 1.27E-06 1.35E-08 1.20E-18 1.09E-11 4.73E-07 3.80E-17 4.10E-18 7.81E-12 7.64E-14 3.11E-19 1.18E-31
  3.68E+06 3.40E-09 2.10E-03 5.41E-06 6.47E-13 9.55E-11 5.04E-11 2.00E-11 1.39E-06 1.50E-08 1.16E-18 9.31E-12 4.50E-07 4.11E-17 7.30E-18 7.57E-12 6.78E-14 3.36E-19 5.60E-32
  3.78E+06 3.85E-09 2.10E-03 5.25E-06 9.55E-13 1.07E-10 5.64E-11 2.16E-11 1.51E-06 1.70E-08 1.12E-18 7.86E-12 4.26E-07 4.40E-17 1.24E-17 7.67E-12 6.39E-14 3.80E-19 2.87E-32
  3.88E+06 4.37E-09 2.10E-03 5.08E-06 1.42E-12 1.20E-10 6.32E-11 2.34E-11 1.64E-06 1.95E-08 1.06E-18 6.56E-12 4.02E-07 4.68E-17 2.02E-17 8.10E-12 6.35E-14 4.48E-19 1.56E-32
  3.98E+06 5.00E-09 2.10E-03 4.89E-06 2.13E-12 1.35E-10 7.11E-11 2.56E-11 1.78E-06 2.29E-08 1.01E-18 5.42E-12 3.77E-07 4.94E-17 3.16E-17 8.86E-12 6.60E-14 5.49E-19 9.04E-33
  4.08E+06 5.77E-09 2.10E-03 4.69E-06 3.24E-12 1.52E-10 8.02E-11 2.85E-11 1.93E-06 2.79E-08 9.93E-19 4.52E-12 3.51E-07 5.27E-17 4.76E-17 1.00E-11 7.13E-14 6.97E-19 5.50E-33
  4.18E+06 6.70E-09 2.10E-03 4.48E-06 5.02E-12 1.73E-10 9.13E-11 3.22E-11 2.09E-06 3.56E-08 1.23E-18 4.17E-12 3.24E-07 6.24E-17 6.97E-17 1.16E-11 7.98E-14 9.15E-19 3.49E-33
  4.28E+06 7.76E-09 2.10E-03 4.25E-06 7.92E-12 2.01E-10 1.06E-10 3.79E-11 2.26E-06 4.74E-08 2.48E-18 5.30E-12 2.96E-07 1.03E-16 9.89E-17 1.36E-11 9.29E-14 1.25E-18 2.36E-33
  4.38E+06 8.85E-09 2.10E-03 4.01E-06 1.28E-11 2.41E-10 1.28E-10 4.78E-11 2.44E-06 6.54E-08 6.83E-18 9.71E-12 2.66E-07 2.54E-16 1.37E-16 1.63E-11 1.15E-13 1.79E-18 1.78E-33
  4.48E+06 9.86E-09 2.10E-03 3.76E-06 2.15E-11 3.03E-10 1.61E-10 6.51E-11 2.63E-06 9.17E-08 1.83E-17 1.93E-11 2.36E-07 7.01E-16 1.84E-16 1.95E-11 1.51E-13 2.70E-18 1.51E-33
  4.58E+06 1.09E-08 2.10E-03 3.48E-06 3.68E-11 3.90E-10 2.09E-10 9.28E-11 2.83E-06 1.30E-07 4.25E-17 3.44E-11 2.04E-07 1.78E-15 2.46E-16 2.36E-11 2.07E-13 4.24E-18 1.38E-33
  4.68E+06 1.22E-08 2.10E-03 3.19E-06 6.45E-11 5.04E-10 2.72E-10 1.31E-10 3.04E-06 1.81E-07 8.40E-17 5.33E-11 1.73E-07 3.96E-15 3.22E-16 2.85E-11 2.81E-13 6.67E-18 1.29E-33
  4.78E+06 1.39E-08 2.10E-03 2.92E-06 1.14E-10 6.41E-10 3.49E-10 1.79E-10 3.25E-06 2.49E-07 1.44E-16 7.24E-11 1.44E-07 7.73E-15 4.17E-16 3.45E-11 3.71E-13 1.03E-17 1.21E-33
  4.88E+06 1.62E-08 2.10E-03 2.73E-06 2.03E-10 8.06E-10 4.40E-10 2.37E-10 3.48E-06 3.36E-07 2.18E-16 8.80E-11 1.17E-07 1.35E-14 5.33E-16 4.17E-11 4.77E-13 1.58E-17 1.14E-33
  4.98E+06 1.93E-08 2.10E-03 2.55E-06 3.58E-10 9.91E-10 5.39E-10 2.95E-10 3.70E-06 4.45E-07 2.99E-16 9.84E-11 9.32E-08 2.16E-14 6.66E-16 5.04E-11 5.87E-13 2.34E-17 1.08E-33
  5.08E+06 2.34E-08 2.10E-03 2.36E-06 6.26E-10 1.19E-09 6.41E-10 3.47E-10 3.93E-06 5.82E-07 3.78E-16 1.03E-10 7.31E-08 3.20E-14 8.10E-16 6.08E-11 6.89E-13 3.38E-17 1.02E-33
  5.18E+06 2.91E-08 2.10E-03 2.16E-06 1.08E-09 1.39E-09 7.40E-10 3.87E-10 4.16E-06 7.57E-07 4.47E-16 1.03E-10 5.65E-08 4.43E-14 9.53E-16 7.34E-11 7.75E-13 4.74E-17 9.47E-34
  5.28E+06 3.68E-08 2.10E-03 1.95E-06 1.86E-09 1.59E-09 8.31E-10 4.10E-10 4.38E-06 9.79E-07 5.00E-16 9.92E-11 4.31E-08 5.76E-14 1.08E-15 8.89E-11 8.38E-13 6.50E-17 8.71E-34
  5.38E+06 4.76E-08 2.10E-03 1.75E-06 3.17E-09 1.78E-09 9.08E-10 4.14E-10 4.61E-06 1.26E-06 5.36E-16 9.24E-11 3.26E-08 7.06E-14 1.17E-15 1.08E-10 8.71E-13 8.72E-17 7.80E-34
  5.48E+06 6.27E-08 2.10E-03 1.54E-06 5.35E-09 1.95E-09 9.65E-10 3.99E-10 4.83E-06 1.63E-06 5.54E-16 8.43E-11 2.44E-08 8.16E-14 1.23E-15 1.32E-10 8.69E-13 1.14E-16 6.74E-34
  5.58E+06 8.46E-08 2.10E-03 1.33E-06 8.99E-09 2.08E-09 9.95E-10 3.66E-10 5.04E-06 2.09E-06 5.57E-16 7.57E-11 1.81E-08 8.82E-14 1.23E-15 1.61E-10 8.32E-13 1.47E-16 5.52E-34
  5.68E+06 1.17E-07 2.10E-03 1.13E-06 1.50E-08 2.15E-09 9.93E-10 3.17E-10 5.25E-06 2.67E-06 5.47E-16 6.74E-11 1.34E-08 8.84E-14 1.19E-15 1.98E-10 7.60E-13 1.84E-16 4.22E-34
  5.78E+06 1.69E-07 2.10E-03 9.34E-07 2.50E-08 2.14E-09 9.55E-10 2.58E-10 5.44E-06 3.39E-06 5.27E-16 5.98E-11 9.89E-09 8.10E-14 1.11E-15 2.46E-10 6.56E-13 2.23E-16 2.94E-34
  5.88E+06 2.53E-07 2.10E-03 7.59E-07 4.19E-08 2.05E-09 8.84E-10 1.99E-10 5.61E-06 4.26E-06 5.02E-16 5.26E-11 7.28E-09 6.72E-14 1.02E-15 3.09E-10 5.34E-13 2.64E-16 1.88E-34
  5.98E+06 3.78E-07 2.10E-03 6.03E-07 7.65E-08 2.13E-09 8.76E-10 1.47E-10 5.75E-06 5.30E-06 4.82E-16 4.50E-11 5.36E-09 5.17E-14 9.28E-16 3.94E-10 4.53E-13 3.42E-16 1.20E-34
  6.08E+06 1.52E-06 2.10E-03 4.58E-07 1.86E-07 1.12E-09 4.62E-10 6.38E-11 5.84E-06 6.51E-06 4.36E-16 4.15E-11 3.96E-09 1.56E-14 8.39E-16 4.85E-10 1.04E-13 2.17E-16 2.35E-35
  6.18E+06 9.31E-06 2.09E-03 3.36E-07 3.46E-07 3.40E-10 1.20E-10 1.67E-11 5.88E-06 7.87E-06 4.12E-16 3.07E-11 2.93E-09 2.65E-15 7.57E-16 4.51E-10 1.28E-14 4.99E-17 1.76E-36
  6.28E+06 3.16E-05 2.08E-03 2.43E-07 4.90E-07 1.57E-10 3.95E-11 4.14E-12 5.90E-06 9.32E-06 3.91E-16 1.42E-11 2.17E-09 7.76E-16 6.81E-16 2.90E-10 4.58E-15 1.06E-17 1.12E-37
  6.38E+06 7.31E-05 2.06E-03 1.74E-07 6.05E-07 9.50E-11 1.68E-11 1.01E-12 5.90E-06 1.09E-05 3.02E-16 5.44E-12 1.59E-09 3.17E-16 6.09E-16 1.73E-10 2.12E-15 2.73E-18 5.95E-39
  6.48E+06 1.35E-04 2.03E-03 1.23E-07 6.92E-07 6.73E-11 8.58E-12 2.46E-13 5.91E-06 1.25E-05 2.06E-16 2.77E-12 1.16E-09 1.55E-16 5.43E-16 1.20E-10 1.23E-15 9.75E-19 3.03E-40
  6.58E+06 2.22E-04 1.99E-03 8.74E-08 7.56E-07 4.92E-11 4.70E-12 6.10E-14 5.91E-06 1.41E-05 1.40E-16 1.58E-12 8.50E-10 8.55E-17 4.85E-16 8.71E-11 7.52E-16 3.96E-19 1.53E-41
  6.68E+06 3.34E-04 1.93E-03 6.20E-08 8.02E-07 3.62E-11 2.70E-12 1.54E-14 5.91E-06 1.57E-05 9.55E-17 9.63E-13 6.25E-10 5.13E-17 4.33E-16 6.43E-11 4.66E-16 1.73E-19 7.96E-43
  6.78E+06 4.72E-04 1.86E-03 4.39E-08 8.37E-07 2.66E-11 1.61E-12 3.94E-15 5.91E-06 1.74E-05 6.64E-17 6.22E-13 4.61E-10 3.28E-17 3.87E-16 4.76E-11 2.90E-16 7.91E-20 4.54E-44
  6.88E+06 6.34E-04 1.78E-03 3.12E-08 8.63E-07 1.94E-11 9.90E-13 1.03E-15 5.91E-06 1.91E-05 4.72E-17 4.21E-13 3.42E-10 2.20E-17 3.46E-16 3.51E-11 1.79E-16 3.75E-20 3.47E-45
  6.98E+06 8.18E-04 1.69E-03 2.21E-08 8.82E-07 1.39E-11 6.23E-13 2.75E-16 5.91E-06 2.08E-05 3.44E-17 2.96E-13 2.55E-10 1.55E-17 3.10E-16 2.57E-11 1.10E-16 1.82E-20 4.70E-46
  7.08E+06 1.02E-03 1.58E-03 1.58E-08 8.97E-07 9.89E-12 4.00E-13 7.55E-17 5.91E-06 2.25E-05 2.56E-17 2.16E-13 1.90E-10 1.12E-17 2.79E-16 1.87E-11 6.72E-17 9.05E-21 1.08E-46
  7.18E+06 1.24E-03 1.48E-03 1.12E-08 9.08E-07 6.92E-12 2.61E-13 2.13E-17 5.91E-06 2.43E-05 1.96E-17 1.62E-13 1.43E-10 8.42E-18 2.51E-16 1.35E-11 4.07E-17 4.58E-21 3.20E-47
  7.28E+06 1.47E-03 1.36E-03 8.04E-09 9.17E-07 4.78E-12 1.72E-13 6.21E-18 5.91E-06 2.60E-05 1.53E-17 1.25E-13 1.08E-10 6.49E-18 2.26E-16 9.75E-12 2.46E-17 2.36E-21 1.08E-47
  7.38E+06 1.70E-03 1.25E-03 5.78E-09 9.24E-07 3.25E-12 1.15E-13 1.87E-18 5.90E-06 2.78E-05 1.22E-17 9.83E-14 8.24E-11 5.13E-18 2.05E-16 7.02E-12 1.49E-17 1.24E-21 3.94E-48
  7.48E+06 1.93E-03 1.13E-03 4.17E-09 9.30E-07 2.19E-12 7.73E-14 5.86E-19 5.90E-06 2.95E-05 9.92E-18 7.93E-14 6.31E-11 4.15E-18 1.86E-16 5.07E-12 9.00E-18 6.63E-22 1.53E-48
  7.58E+06 2.16E-03 1.02E-03 3.03E-09 9.35E-07 1.45E-12 5.26E-14 1.91E-19 5.90E-06 3.12E-05 8.23E-18 6.53E-14 4.86E-11 3.43E-18 1.70E-16 3.69E-12 5.49E-18 3.63E-22 6.27E-49
  7.68E+06 2.39E-03 9.20E-04 2.21E-09 9.39E-07 9.58E-13 3.60E-14 6.44E-20 5.90E-06 3.28E-05 6.95E-18 5.48E-14 3.76E-11 2.90E-18 1.55E-16 2.73E-12 3.39E-18 2.05E-22 2.69E-49
  7.78E+06 2.60E-03 8.23E-04 1.63E-09 9.43E-07 6.27E-13 2.49E-14 2.26E-20 5.90E-06 3.44E-05 5.97E-18 4.68E-14 2.94E-11 2.49E-18 1.42E-16 2.05E-12 2.13E-18 1.19E-22 1.20E-49
  7.88E+06 2.80E-03 7.35E-04 1.21E-09 9.45E-07 4.09E-13 1.74E-14 8.25E-21 5.90E-06 3.59E-05 5.21E-18 4.06E-14 2.31E-11 2.18E-18 1.31E-16 1.57E-12 1.37E-18 7.09E-23 5.54E-50
  7.98E+06 2.99E-03 6.56E-04 9.05E-10 9.48E-07 2.66E-13 1.22E-14 3.13E-21 5.90E-06 3.73E-05 4.61E-18 3.58E-14 1.84E-11 1.94E-18 1.21E-16 1.23E-12 9.00E-19 4.37E-23 2.64E-50
  8.08E+06 3.18E-03 5.84E-04 6.83E-10 9.50E-07 1.72E-13 8.59E-15 1.23E-21 5.90E-06 3.86E-05 4.14E-18 3.19E-14 1.47E-11 1.75E-18 1.12E-16 9.84E-13 6.05E-19 2.77E-23 1.29E-50
  8.18E+06 3.35E-03 5.20E-04 5.19E-10 9.51E-07 1.12E-13 6.08E-15 4.92E-22 5.90E-06 3.99E-05 3.74E-18 2.86E-14 1.18E-11 1.59E-18 1.04E-16 8.05E-13 4.15E-19 1.80E-23 6.36E-51
  8.28E+06 3.53E-03 4.64E-04 3.97E-10 9.53E-07 7.32E-14 4.32E-15 2.02E-22 5.91E-06 4.10E-05 3.42E-18 2.59E-14 9.56E-12 1.46E-18 9.65E-17 6.71E-13 2.90E-19 1.20E-23 3.20E-51
  8.38E+06 3.71E-03 4.13E-04 3.06E-10 9.54E-07 4.81E-14 3.08E-15 8.53E-23 5.91E-06 4.21E-05 3.15E-18 2.36E-14 7.80E-12 1.36E-18 9.00E-17 5.68E-13 2.06E-19 8.11E-24 1.63E-51
  8.48E+06 3.89E-03 3.69E-04 2.38E-10 9.55E-07 3.21E-14 2.20E-15 3.67E-23 5.91E-06 4.30E-05 2.93E-18 2.17E-14 6.42E-12 1.27E-18 8.41E-17 4.89E-13 1.48E-19 5.58E-24 8.45E-52
  8.58E+06 4.08E-03 3.31E-04 1.88E-10 9.55E-07 2.18E-14 1.58E-15 1.62E-23 5.91E-06 4.39E-05 2.75E-18 2.00E-14 5.33E-12 1.20E-18 7.89E-17 4.26E-13 1.08E-19 3.90E-24 4.43E-52
  8.68E+06 4.27E-03 2.98E-04 1.49E-10 9.56E-07 1.52E-14 1.14E-15 7.32E-24 5.91E-06 4.46E-05 2.61E-18 1.87E-14 4.48E-12 1.15E-18 7.42E-17 3.75E-13 7.99E-20 2.75E-24 2.36E-52
  8.78E+06 4.48E-03 2.69E-04 1.20E-10 9.57E-07 1.10E-14 8.23E-16 3.39E-24 5.91E-06 4.53E-05 2.50E-18 1.76E-14 3.80E-12 1.11E-18 7.01E-17 3.34E-13 5.96E-20 1.96E-24 1.27E-52
  8.88E+06 4.70E-03 2.44E-04 9.82E-11 9.57E-07 8.31E-15 5.97E-16 1.60E-24 5.91E-06 4.59E-05 2.42E-18 1.67E-14 3.27E-12 1.09E-18 6.65E-17 3.00E-13 4.49E-20 1.41E-24 7.01E-53
  8.98E+06 4.94E-03 2.23E-04 8.14E-11 9.58E-07 6.61E-15 4.35E-16 7.80E-25 5.92E-06 4.63E-05 2.38E-18 1.60E-14 2.86E-12 1.08E-18 6.33E-17 2.72E-13 3.41E-20 1.02E-24 3.93E-53
  9.08E+06 5.21E-03 2.04E-04 6.86E-11 9.59E-07 5.55E-15 3.18E-16 3.90E-25 5.92E-06 4.68E-05 2.37E-18 1.55E-14 2.53E-12 1.08E-18 6.05E-17 2.49E-13 2.62E-20 7.42E-25 2.25E-53
  9.18E+06 5.49E-03 1.89E-04 5.89E-11 9.59E-07 4.91E-15 2.34E-16 2.00E-25 5.92E-06 4.71E-05 2.39E-18 1.52E-14 2.29E-12 1.10E-18 5.81E-17 2.30E-13 2.02E-20 5.44E-25 1.31E-53
  9.28E+06 5.81E-03 1.76E-04 5.16E-11 9.59E-07 4.55E-15 1.73E-16 1.06E-25 5.92E-06 4.74E-05 2.46E-18 1.52E-14 2.10E-12 1.14E-18 5.60E-17 2.13E-13 1.58E-20 4.02E-25 7.88E-54
  9.38E+06 6.15E-03 1.65E-04 4.63E-11 9.60E-07 4.39E-15 1.28E-16 5.80E-26 5.92E-06 4.76E-05 2.58E-18 1.54E-14 1.97E-12 1.21E-18 5.42E-17 2.00E-13 1.24E-20 2.99E-25 4.85E-54
  9.48E+06 6.53E-03 1.55E-04 4.25E-11 9.60E-07 4.36E-15 9.59E-17 3.28E-26 5.92E-06 4.77E-05 2.76E-18 1.59E-14 1.89E-12 1.30E-18 5.26E-17 1.89E-13 9.81E-21 2.24E-25 3.07E-54
  9.58E+06 6.94E-03 1.48E-04 4.00E-11 9.60E-07 4.45E-15 7.20E-17 1.92E-26 5.93E-06 4.79E-05 3.01E-18 1.67E-14 1.86E-12 1.43E-18 5.13E-17 1.80E-13 7.83E-21 1.68E-25 1.99E-54
  9.68E+06 7.38E-03 1.41E-04 3.87E-11 9.61E-07 4.62E-15 5.43E-17 1.18E-26 5.93E-06 4.79E-05 3.35E-18 1.77E-14 1.86E-12 1.60E-18 5.02E-17 1.73E-13 6.30E-21 1.27E-25 1.33E-54
  9.78E+06 7.87E-03 1.36E-04 3.85E-11 9.61E-07 4.87E-15 4.12E-17 7.75E-27 5.93E-06 4.80E-05 3.78E-18 1.90E-14 1.90E-12 1.83E-18 4.93E-17 1.68E-13 5.10E-21 9.70E-26 9.24E-55
  9.88E+06 8.40E-03 1.32E-04 3.92E-11 9.61E-07 5.19E-15 3.14E-17 5.65E-27 5.93E-06 4.80E-05 4.30E-18 2.02E-14 1.98E-12 2.13E-18 4.86E-17 1.63E-13 4.16E-21 7.43E-26 6.80E-55
  9.98E+06 8.98E-03 1.29E-04 4.09E-11 9.61E-07 5.59E-15 2.41E-17 4.79E-27 5.93E-06 4.81E-05 4.90E-18 2.10E-14 2.10E-12 2.51E-18 4.79E-17 1.60E-13 3.42E-21 5.72E-26 5.66E-55

 TP, TL
           1.63E+15 1.64E+15 1.27E+11 1.99E+12 2.55E+12 2.19E+12 1.48E+11 5.99E+10 1.63E+11 6.90E+10 1.26E+11 2.88E+04 1.25E+11 7.91E+00 2.05E+12 2.08E+12 1.90E+05 2.47E+06
           1.63E+15 1.64E+15 1.01E+11 1.99E+12 2.55E+12 2.19E+12 1.41E+11 4.34E+10 3.24E+11 6.90E+10 1.24E+11 1.26E+11 1.25E+11 7.91E+00 2.05E+12 2.08E+12 1.90E+05 2.02E+08

     Z        HS       S        SO       SO2      H2SO4    HSO      S2       S4       S8       SO3      OCS      S3       O3       HNO3     N        NO3      N2O      HO2NO2  
  2.50E+04 8.13E-17 3.11E-29 1.01E-17 6.30E-11 3.64E-12 9.32E-13 1.11E-32 1.63E-55 1.13E-90 1.39E-21 2.92E-22 2.00E-53 5.99E-09 4.57E-12 9.38E-79 3.89E-17 3.00E-07 1.73E-14
  7.50E+04 5.88E-17 2.04E-29 1.20E-17 9.69E-11 5.58E-12 9.02E-13 7.20E-33 6.20E-56 1.13E-90 2.82E-21 2.91E-22 7.53E-54 6.42E-09 5.13E-12 6.73E-74 3.93E-17 3.00E-07 2.48E-14
  1.25E+05 4.14E-17 1.64E-29 1.27E-17 1.26E-10 7.66E-12 7.27E-13 4.33E-33 2.01E-56 1.13E-90 4.94E-21 2.91E-22 3.22E-54 7.08E-09 5.85E-12 4.11E-69 4.21E-17 2.99E-07 3.69E-14
  1.75E+05 2.85E-17 1.74E-29 1.37E-17 1.51E-10 9.88E-12 5.40E-13 2.79E-33 7.48E-57 1.13E-90 8.13E-21 2.89E-22 1.96E-54 8.00E-09 6.76E-12 2.13E-64 4.72E-17 2.99E-07 5.73E-14
  2.75E+05 1.26E-17 3.96E-29 1.96E-17 1.92E-10 1.46E-11 2.63E-13 1.89E-33 2.75E-57 1.13E-90 2.02E-20 2.87E-22 2.36E-54 1.06E-08 9.01E-12 3.40E-55 6.48E-17 2.98E-07 1.55E-13
  3.75E+05 5.12E-18 1.38E-28 3.81E-17 2.27E-10 1.90E-11 1.21E-13 2.06E-33 2.62E-57 1.13E-90 5.13E-20 2.84E-22 7.06E-54 1.45E-08 1.14E-11 2.60E-46 9.22E-17 2.97E-07 4.47E-13
  4.75E+05 1.99E-18 5.30E-28 8.52E-17 2.60E-10 2.28E-11 6.04E-14 2.52E-33 3.15E-57 1.13E-90 1.29E-19 2.81E-22 2.62E-53 1.96E-08 1.33E-11 9.17E-38 1.27E-16 2.96E-07 1.37E-12
  5.75E+05 7.57E-19 1.98E-27 1.96E-16 2.93E-10 2.53E-11 4.31E-14 3.02E-33 3.66E-57 1.13E-90 3.31E-19 2.78E-22 9.34E-53 2.61E-08 1.44E-11 1.21E-30 1.60E-16 2.95E-07 3.82E-12
  6.75E+05 2.99E-19 7.05E-27 4.53E-16 3.28E-10 2.62E-11 5.16E-14 3.72E-33 4.46E-57 1.13E-90 8.74E-19 2.75E-22 3.25E-52 3.39E-08 1.46E-11 1.48E-26 1.90E-16 2.94E-07 8.03E-12
  7.75E+05 1.49E-19 2.40E-26 1.04E-15 3.64E-10 2.60E-11 8.16E-14 5.80E-33 8.77E-57 1.13E-90 2.49E-18 2.72E-22 1.38E-51 4.30E-08 1.46E-11 6.81E-24 2.29E-16 2.93E-07 1.25E-11
  8.75E+05 1.25E-19 7.87E-26 2.38E-15 3.97E-10 2.54E-11 1.33E-13 1.45E-32 4.38E-56 1.13E-90 8.01E-18 2.69E-22 8.96E-51 5.32E-08 1.49E-11 3.52E-22 2.84E-16 2.91E-07 1.57E-11
  9.75E+05 1.68E-19 2.49E-25 5.39E-15 4.25E-10 2.52E-11 2.00E-13 4.74E-32 3.76E-55 1.13E-90 3.00E-17 2.66E-22 7.37E-50 6.45E-08 1.58E-11 6.30E-21 3.48E-16 2.90E-07 1.74E-11
  1.08E+06 2.28E-19 6.89E-25 1.06E-14 4.51E-10 2.59E-11 2.50E-13 1.28E-31 2.14E-54 1.13E-90 9.06E-17 2.63E-22 4.24E-49 7.94E-08 1.81E-11 5.19E-20 4.38E-16 2.88E-07 1.84E-11
  1.18E+06 1.70E-19 1.50E-24 1.60E-14 4.87E-10 2.78E-11 1.98E-13 1.69E-31 2.72E-54 1.13E-90 2.78E-16 2.53E-22 8.83E-49 1.18E-07 2.66E-11 2.50E-19 7.20E-16 2.83E-07 2.13E-11
  1.28E+06 8.79E-20 2.88E-24 2.15E-14 5.07E-10 3.07E-11 1.16E-13 1.25E-31 1.08E-54 1.13E-90 4.19E-16 2.36E-22 9.09E-49 1.89E-07 4.69E-11 9.32E-19 1.58E-15 2.73E-07 2.65E-11
  1.38E+06 3.66E-20 4.64E-24 2.39E-14 4.78E-10 3.40E-11 5.61E-14 5.65E-32 1.62E-55 1.13E-90 5.69E-16 2.02E-22 4.82E-49 3.20E-07 9.30E-11 2.84E-18 4.47E-15 2.54E-07 3.61E-11
  1.48E+06 1.92E-20 7.06E-24 2.44E-14 4.12E-10 3.46E-11 2.98E-14 2.88E-32 3.05E-56 1.13E-90 7.16E-16 1.57E-22 2.70E-49 4.84E-07 1.59E-10 7.60E-18 1.10E-14 2.26E-07 4.65E-11
  1.58E+06 1.39E-20 1.11E-23 2.53E-14 3.36E-10 3.26E-11 1.88E-14 2.11E-32 1.19E-56 1.13E-90 8.33E-16 1.10E-22 2.26E-49 6.51E-07 2.24E-10 1.92E-17 2.18E-14 1.92E-07 5.42E-11
  1.68E+06 1.27E-20 1.80E-23 2.62E-14 2.58E-10 2.90E-11 1.34E-14 2.01E-32 7.84E-57 1.13E-90 8.97E-16 6.80E-23 2.52E-49 8.04E-07 2.72E-10 4.63E-17 3.56E-14 1.55E-07 5.70E-11
  1.78E+06 1.30E-20 2.76E-23 2.56E-14 1.79E-10 2.35E-11 9.95E-15 2.06E-32 5.98E-57 1.13E-90 8.82E-16 3.78E-23 2.88E-49 9.41E-07 2.89E-10 1.06E-16 4.97E-14 1.20E-07 5.41E-11
  1.88E+06 1.18E-20 3.50E-23 2.06E-14 1.00E-10 1.54E-11 6.35E-15 1.53E-32 2.40E-57 1.12E-90 7.26E-16 1.85E-23 1.96E-49 1.08E-06 2.73E-10 2.30E-16 6.21E-14 8.91E-08 4.68E-11
  1.98E+06 5.50E-21 2.25E-23 8.38E-15 2.85E-11 5.29E-12 2.07E-15 2.93E-33 6.39E-59 1.12E-90 3.22E-16 7.59E-24 1.75E-50 1.22E-06 2.33E-10 4.71E-16 7.13E-14 6.33E-08 3.68E-11
  2.08E+06 7.95E-22 4.48E-24 1.06E-15 2.54E-12 6.28E-13 2.04E-16 5.32E-35 1.52E-62 1.12E-90 4.73E-17 2.52E-24 4.56E-53 1.35E-06 1.82E-10 9.09E-16 7.54E-14 4.38E-08 2.54E-11
  2.18E+06 1.09E-22 8.56E-25 1.30E-16 2.17E-13 6.48E-14 1.85E-17 8.57E-37 2.85E-66 1.12E-90 7.03E-18 6.70E-25 1.01E-55 1.47E-06 1.30E-10 1.65E-15 7.24E-14 2.95E-08 1.51E-11
  2.28E+06 1.47E-23 1.59E-25 1.56E-17 1.80E-14 6.51E-15 1.59E-18 1.34E-38 5.02E-70 1.11E-90 1.04E-18 1.41E-25 2.12E-58 1.53E-06 8.50E-11 2.81E-15 6.20E-14 1.95E-08 7.54E-12
  2.38E+06 2.06E-24 2.90E-26 1.88E-18 1.44E-15 6.58E-16 1.33E-19 2.16E-40 9.46E-74 1.11E-90 1.49E-19 2.25E-26 4.52E-61 1.50E-06 5.05E-11 4.41E-15 4.64E-14 1.27E-08 3.19E-12
  2.48E+06 3.09E-25 5.16E-27 2.28E-19 1.14E-16 9.98E-17 1.12E-20 3.78E-42 2.12E-77 1.11E-90 1.98E-20 2.65E-27 1.03E-63 1.35E-06 2.71E-11 6.29E-15 2.99E-14 8.19E-09 1.17E-12
  2.58E+06 5.11E-26 9.01E-28 2.83E-20 8.92E-18 7.12E-17 9.70E-22 7.45E-44 6.01E-81 1.11E-90 2.41E-21 2.30E-28 2.58E-66 1.11E-06 1.30E-11 8.10E-15 1.67E-14 5.28E-09 3.77E-13
  2.68E+06 9.55E-27 1.56E-28 3.65E-21 7.24E-19 6.88E-17 9.19E-23 1.72E-45 2.36E-84 1.10E-90 2.67E-22 1.51E-29 7.58E-69 8.24E-07 5.55E-12 9.48E-15 8.04E-15 3.41E-09 1.15E-13
  2.78E+06 2.04E-27 2.78E-29 5.07E-22 6.57E-20 5.83E-17 1.02E-23 5.04E-47 1.50E-87 1.10E-90 2.86E-23 8.24E-31 2.93E-71 5.84E-07 2.19E-12 1.03E-14 3.53E-15 2.22E-09 3.64E-14
  2.88E+06 4.93E-28 5.47E-30 8.00E-23 7.20E-21 4.69E-17 1.41E-24 1.95E-48 1.66E-90 1.10E-90 3.28E-24 4.16E-32 1.65E-73 4.19E-07 8.79E-13 1.07E-14 1.55E-15 1.47E-09 1.31E-14
  2.98E+06 1.28E-28 1.19E-30 1.43E-23 9.47E-22 3.48E-17 2.28E-25 9.27E-50 2.79E-93 1.09E-90 4.27E-25 2.05E-33 1.27E-75 3.12E-07 3.77E-13 1.08E-14 7.15E-16 9.78E-10 5.32E-15
  3.08E+06 3.59E-29 2.93E-31 2.91E-24 1.50E-22 2.24E-17 4.38E-26 5.51E-51 7.31E-96 1.09E-90 6.58E-26 1.13E-34 1.37E-77 2.40E-07 1.77E-13 1.08E-14 3.54E-16 6.60E-10 2.44E-15
  3.18E+06 1.13E-29 8.35E-32 6.94E-25 2.89E-23 1.40E-17 1.00E-26 4.29E-52 3.39E-98 1.09E-90 1.24E-26 8.97E-36 2.25E-79 1.89E-07 9.11E-14 1.08E-14 1.89E-16 4.54E-10 1.25E-15
  3.28E+06 3.91E-30 2.71E-32 1.89E-25 6.56E-24 8.80E-18 2.65E-27 4.23E-53 1.62E-99 1.08E-90 2.77E-27 1.24E-36 5.31E-81 1.51E-07 5.08E-14 1.07E-14 1.08E-16 3.16E-10 6.97E-16
  3.38E+06 1.48E-30 9.92E-33 5.85E-26 1.73E-24 5.61E-18 8.06E-28 5.19E-54 1.65E-99 1.08E-90 7.24E-28 2.73E-37 1.75E-82 1.22E-07 3.06E-14 1.08E-14 6.62E-17 2.23E-10 4.23E-16
  3.48E+06 6.16E-31 4.11E-33 2.05E-26 5.31E-25 3.45E-18 2.78E-28 7.89E-55 1.95E-99 1.08E-90 2.18E-28 7.81E-38 8.09E-84 9.97E-08 1.98E-14 1.12E-14 4.34E-17 1.59E-10 2.77E-16
  3.58E+06 2.78E-31 1.89E-33 8.01E-27 1.85E-25 1.97E-18 1.08E-28 1.45E-55 2.31E-99 1.07E-90 7.35E-29 2.60E-38 5.03E-85 8.22E-08 1.38E-14 1.19E-14 3.04E-17 1.15E-10 1.95E-16
  3.68E+06 1.37E-31 9.78E-34 3.52E-27 7.32E-26 1.03E-18 4.67E-29 3.26E-56 2.73E-99 1.07E-90 2.76E-29 9.81E-39 4.27E-86 6.85E-08 1.03E-14 1.31E-14 2.28E-17 8.51E-11 1.48E-16
  3.78E+06 7.30E-32 5.57E-34 1.71E-27 3.25E-26 4.76E-19 2.24E-29 8.71E-57 3.21E-99 1.07E-90 1.14E-29 4.13E-39 4.76E-87 5.75E-08 8.16E-15 1.49E-14 1.82E-17 6.39E-11 1.19E-16
  3.88E+06 4.13E-32 3.45E-34 8.99E-28 1.59E-26 1.93E-19 1.16E-29 2.67E-57 3.79E-99 1.06E-90 5.05E-30 1.90E-39 6.58E-88 4.86E-08 6.85E-15 1.75E-14 1.54E-17 4.87E-11 1.01E-16
  3.98E+06 2.47E-32 2.30E-34 5.13E-28 8.51E-27 7.00E-20 6.50E-30 9.33E-58 4.46E-99 1.06E-90 2.40E-30 9.64E-40 1.12E-88 4.15E-08 6.04E-15 2.11E-14 1.37E-17 3.76E-11 9.07E-17
  4.08E+06 1.55E-32 1.64E-34 3.12E-28 4.92E-27 2.32E-20 3.86E-30 3.61E-58 5.26E-99 1.05E-90 1.22E-30 5.36E-40 2.24E-89 3.58E-08 5.55E-15 2.61E-14 1.27E-17 2.95E-11 8.45E-17
  4.18E+06 1.01E-32 1.23E-34 1.99E-28 3.02E-27 6.97E-21 2.41E-30 1.51E-58 6.21E-99 1.05E-90 6.52E-31 3.32E-40 5.08E-90 3.11E-08 5.32E-15 3.27E-14 1.22E-17 2.34E-11 8.20E-17
  4.28E+06 6.92E-33 9.47E-35 1.31E-28 1.95E-27 1.96E-21 1.59E-30 6.87E-59 7.34E-99 1.04E-90 3.72E-31 2.41E-40 1.29E-90 2.69E-08 5.41E-15 4.09E-14 1.23E-17 1.88E-11 8.41E-17
  4.38E+06 5.13E-33 7.37E-35 8.66E-29 1.33E-27 5.41E-22 1.11E-30 3.47E-59 8.69E-99 1.04E-90 2.30E-31 2.20E-40 3.63E-91 2.28E-08 5.98E-15 5.02E-14 1.28E-17 1.52E-11 9.34E-17
  4.48E+06 4.17E-33 5.74E-35 5.72E-29 9.35E-28 1.52E-22 8.24E-31 1.95E-59 1.03E-98 1.03E-90 1.58E-31 2.46E-40 1.14E-91 1.88E-08 7.28E-15 5.95E-14 1.38E-17 1.25E-11 1.14E-16
  4.58E+06 3.58E-33 4.48E-35 3.78E-29 6.78E-28 4.37E-23 6.37E-31 1.18E-59 1.23E-98 1.03E-90 1.21E-31 2.99E-40 3.80E-92 1.52E-08 9.33E-15 6.95E-14 1.53E-17 1.03E-11 1.46E-16
  4.68E+06 3.15E-33 3.66E-35 2.60E-29 5.10E-28 1.41E-23 5.05E-31 7.50E-60 1.46E-98 1.02E-90 1.03E-31 3.63E-40 1.39E-92 1.23E-08 1.17E-14 8.14E-14 1.69E-17 8.61E-12 1.83E-16
  4.78E+06 2.80E-33 3.18E-35 1.90E-29 3.99E-28 5.51E-24 4.08E-31 5.04E-60 1.74E-98 1.01E-90 9.50E-32 4.27E-40 5.69E-93 1.00E-08 1.40E-14 9.72E-14 1.83E-17 7.21E-12 2.17E-16
  4.88E+06 2.57E-33 2.94E-35 1.46E-29 3.24E-28 2.94E-24 3.38E-31 3.65E-60 2.09E-98 1.01E-90 9.15E-32 4.85E-40 2.64E-93 8.24E-09 1.58E-14 1.18E-13 1.94E-17 6.06E-12 2.46E-16
  4.98E+06 2.41E-33 2.91E-35 1.21E-29 2.74E-28 2.37E-24 2.86E-31 2.85E-60 2.50E-98 1.00E-90 9.56E-32 5.39E-40 1.41E-93 6.83E-09 1.66E-14 1.47E-13 1.98E-17 5.11E-12 2.59E-16
  5.08E+06 2.30E-33 3.10E-35 1.07E-29 2.40E-28 2.37E-24 2.45E-31 2.39E-60 3.00E-98 9.93E-91 1.07E-31 5.93E-40 8.66E-94 5.74E-09 1.61E-14 1.88E-13 1.96E-17 4.33E-12 2.53E-16
  5.18E+06 2.24E-33 3.50E-35 9.97E-30 2.17E-28 2.37E-24 2.12E-31 2.11E-60 3.59E-98 9.86E-91 1.26E-31 6.47E-40 5.95E-94 4.89E-09 1.47E-14 2.46E-13 1.88E-17 3.68E-12 2.31E-16
  5.28E+06 2.19E-33 4.15E-35 9.80E-30 2.02E-28 2.37E-24 1.84E-31 1.95E-60 4.31E-98 9.77E-91 1.51E-31 7.04E-40 4.47E-94 4.23E-09 1.25E-14 3.30E-13 1.76E-17 3.14E-12 1.98E-16
  5.38E+06 2.14E-33 5.13E-35 1.00E-29 1.91E-28 2.36E-24 1.58E-31 1.84E-60 5.16E-98 9.68E-91 1.81E-31 7.65E-40 3.57E-94 3.72E-09 1.01E-14 4.51E-13 1.62E-17 2.68E-12 1.60E-16
  5.48E+06 2.06E-33 6.55E-35 1.06E-29 1.84E-28 2.36E-24 1.34E-31 1.73E-60 6.17E-98 9.58E-91 2.09E-31 8.31E-40 2.95E-94 3.35E-09 7.73E-15 6.32E-13 1.46E-17 2.29E-12 1.23E-16
  5.58E+06 1.93E-33 8.62E-35 1.16E-29 1.79E-28 2.35E-24 1.11E-31 1.60E-60 7.38E-98 9.47E-91 2.29E-31 9.08E-40 2.47E-94 3.09E-09 5.57E-15 9.07E-13 1.30E-17 1.96E-12 8.84E-17
  5.68E+06 1.73E-33 1.17E-34 1.32E-29 1.75E-28 2.35E-24 8.91E-32 1.43E-60 8.81E-98 9.34E-91 2.34E-31 1.00E-39 2.05E-94 2.92E-09 3.75E-15 1.34E-12 1.14E-17 1.69E-12 5.96E-17
  5.78E+06 1.47E-33 1.64E-34 1.54E-29 1.71E-28 2.34E-24 6.90E-32 1.20E-60 1.05E-97 9.21E-91 2.25E-31 1.14E-39 1.67E-94 2.86E-09 2.33E-15 2.07E-12 9.76E-18 1.46E-12 3.70E-17
  5.88E+06 1.17E-33 2.39E-34 1.87E-29 1.67E-28 2.33E-24 5.15E-32 9.45E-61 1.25E-97 9.06E-91 2.07E-31 1.35E-39 1.32E-94 2.87E-09 1.33E-15 3.34E-12 8.18E-18 1.26E-12 2.11E-17
  5.98E+06 1.02E-33 3.32E-34 2.15E-29 1.63E-28 2.33E-24 3.81E-32 7.69E-61 1.50E-97 8.90E-91 1.88E-31 1.76E-39 1.01E-94 2.74E-09 7.34E-16 5.91E-12 7.02E-18 1.10E-12 1.20E-17
  6.08E+06 1.75E-34 8.35E-34 4.41E-29 1.40E-28 2.32E-24 1.12E-32 8.65E-62 1.79E-97 8.72E-91 1.34E-31 2.75E-39 1.91E-95 5.83E-09 1.93E-16 4.50E-11 3.63E-18 9.60E-13 2.08E-18
  6.18E+06 5.42E-36 2.31E-33 9.64E-29 8.77E-29 2.30E-24 1.14E-33 1.22E-63 2.16E-97 8.52E-91 1.00E-31 4.14E-39 4.82E-97 1.71E-08 3.16E-17 4.68E-10 8.91E-19 8.43E-13 1.36E-19
  6.28E+06 3.04E-37 3.90E-33 1.23E-28 6.04E-29 2.29E-24 1.53E-34 3.41E-65 2.61E-97 8.29E-91 1.05E-31 4.70E-39 1.40E-98 2.70E-08 5.18E-18 2.44E-09 3.09E-19 7.43E-13 9.08E-21
  6.38E+06 3.37E-38 5.15E-33 1.27E-28 5.59E-29 2.28E-24 3.17E-35 2.18E-66 3.08E-97 8.03E-91 1.31E-31 3.93E-39 7.66-100 3.43E-08 8.45E-19 7.86E-09 1.20E-19 6.54E-13 6.83E-22
  6.48E+06 6.30E-39 6.07E-33 1.24E-28 5.90E-29 2.26E-24 9.61E-36 2.70E-67 3.55E-97 7.74E-91 1.63E-31 2.73E-39 7.85-101 4.50E-08 1.41E-19 1.86E-08 6.07E-20 5.76E-13 7.35E-23
  6.58E+06 1.60E-39 7.23E-33 1.21E-28 6.14E-29 2.24E-24 3.65E-36 5.73E-68 4.07E-97 7.44E-91 1.90E-31 1.78E-39 1.39-101 5.33E-08 2.44E-20 3.67E-08 3.18E-20 5.06E-13 1.22E-23
  6.68E+06 5.13E-40 8.80E-33 1.19E-28 6.18E-29 2.22E-24 1.65E-36 2.04E-68 4.64E-97 7.11E-91 2.02E-31 1.17E-39 4.22-102 5.83E-08 4.49E-21 6.42E-08 1.67E-20 4.43E-13 2.69E-24
  6.78E+06 1.96E-40 1.10E-32 1.20E-28 6.03E-29 2.19E-24 8.48E-37 1.16E-68 5.27E-97 6.76E-91 1.99E-31 8.12E-40 2.10-102 5.97E-08 8.93E-22 1.03E-07 8.78E-21 3.85E-13 6.72E-25
  6.88E+06 8.63E-41 1.39E-32 1.22E-28 5.72E-29 2.16E-24 4.83E-37 9.24E-69 5.94E-97 6.38E-91 1.83E-31 6.01E-40 1.49-102 5.78E-08 1.95E-22 1.54E-07 4.57E-21 3.32E-13 1.78E-25
  6.98E+06 4.25E-41 1.80E-32 1.26E-28 5.28E-29 2.13E-24 2.97E-37 9.01E-69 6.65E-97 5.98E-91 1.58E-31 4.77E-40 1.32-102 5.32E-08 4.65E-23 2.19E-07 2.36E-21 2.84E-13 4.82E-26
  7.08E+06 2.28E-41 2.37E-32 1.30E-28 4.76E-29 2.09E-24 1.94E-37 9.91E-69 7.39E-97 5.57E-91 1.30E-31 4.03E-40 1.34-102 4.68E-08 1.21E-23 2.99E-07 1.21E-21 2.42E-13 1.33E-26
  7.18E+06 1.32E-41 3.14E-32 1.34E-28 4.18E-29 2.05E-24 1.32E-37 1.18E-68 8.13E-97 5.13E-91 1.02E-31 3.57E-40 1.47-102 3.94E-08 3.30E-24 3.95E-07 6.15E-22 2.05E-13 3.72E-27
  7.28E+06 8.07E-42 4.19E-32 1.39E-28 3.58E-29 2.00E-24 9.36E-38 1.47E-68 8.84E-97 4.68E-91 7.61E-32 3.29E-40 1.72-102 3.20E-08 9.38E-25 5.09E-07 3.11E-22 1.73E-13 1.05E-27
  7.38E+06 5.18E-42 5.63E-32 1.43E-28 3.00E-29 1.95E-24 6.78E-38 1.90E-68 9.51E-97 4.21E-91 5.48E-32 3.12E-40 2.10-102 2.51E-08 2.72E-25 6.43E-07 1.57E-22 1.46E-13 2.99E-28
  7.48E+06 3.46E-42 7.58E-32 1.46E-28 2.46E-29 1.89E-24 5.02E-38 2.52E-68 1.01E-96 3.74E-91 3.80E-32 3.03E-40 2.64-102 1.91E-08 8.01E-26 7.98E-07 7.97E-23 1.23E-13 8.61E-29
  7.58E+06 2.39E-42 1.02E-31 1.49E-28 1.97E-29 1.83E-24 3.77E-38 3.42E-68 1.05E-96 3.28E-91 2.56E-32 2.99E-40 3.39-102 1.41E-08 2.38E-26 9.79E-07 4.07E-23 1.04E-13 2.52E-29
  7.68E+06 1.70E-42 1.37E-31 1.51E-28 1.55E-29 1.76E-24 2.87E-38 4.70E-68 1.08E-96 2.82E-91 1.67E-32 2.98E-40 4.40-102 1.01E-08 7.12E-27 1.19E-06 2.10E-23 8.75E-14 7.53E-30
  7.78E+06 1.24E-42 1.84E-31 1.52E-28 1.20E-29 1.68E-24 2.20E-38 6.52E-68 1.09E-96 2.38E-91 1.07E-32 3.00E-40 5.75-102 7.17E-09 2.16E-27 1.43E-06 1.10E-23 7.40E-14 2.30E-30
  7.88E+06 9.28E-43 2.47E-31 1.52E-28 9.10E-30 1.59E-24 1.70E-38 9.05E-68 1.08E-96 1.97E-91 6.65E-33 3.02E-40 7.49-102 4.98E-09 6.63E-28 1.71E-06 5.92E-24 6.27E-14 7.21E-31
  7.98E+06 7.05E-43 3.28E-31 1.51E-28 6.82E-30 1.50E-24 1.32E-38 1.26E-67 1.03E-96 1.59E-91 4.08E-33 3.05E-40 9.71-102 3.41E-09 2.07E-28 2.03E-06 3.24E-24 5.33E-14 2.33E-31
  8.08E+06 5.43E-43 4.34E-31 1.49E-28 5.04E-30 1.40E-24 1.02E-38 1.73E-67 9.67E-97 1.24E-91 2.47E-33 3.07E-40 1.25-101 2.31E-09 6.59E-29 2.40E-06 1.81E-24 4.54E-14 7.73E-32
  8.18E+06 4.22E-43 5.71E-31 1.47E-28 3.69E-30 1.29E-24 7.93E-39 2.38E-67 8.72E-97 9.40E-92 1.47E-33 3.08E-40 1.58-101 1.56E-09 2.12E-29 2.84E-06 1.03E-24 3.87E-14 2.62E-32
  8.28E+06 3.31E-43 7.46E-31 1.43E-28 2.67E-30 1.18E-24 6.15E-39 3.24E-67 7.55E-97 6.83E-92 8.60E-34 3.08E-40 1.98-101 1.04E-09 6.91E-30 3.35E-06 6.00E-25 3.30E-14 9.09E-33
  8.38E+06 2.62E-43 9.69E-31 1.39E-28 1.92E-30 1.06E-24 4.75E-39 4.37E-67 6.26E-97 4.75E-92 4.99E-34 3.07E-40 2.43-101 6.94E-10 2.30E-30 3.93E-06 3.54E-25 2.81E-14 3.22E-33
  8.48E+06 2.08E-43 1.25E-30 1.34E-28 1.37E-30 9.39E-25 3.66E-39 5.79E-67 4.95E-97 3.15E-92 2.88E-34 3.03E-40 2.92-101 4.62E-10 7.80E-31 4.62E-06 2.11E-25 2.41E-14 1.17E-33
  8.58E+06 1.66E-43 1.59E-30 1.29E-28 9.68E-31 8.19E-25 2.80E-39 7.54E-67 3.71E-97 1.98E-92 1.65E-34 2.98E-40 3.42-101 3.08E-10 2.72E-31 5.40E-06 1.28E-25 2.06E-14 4.30E-34
  8.68E+06 1.32E-43 2.01E-30 1.22E-28 6.82E-31 7.03E-25 2.13E-39 9.63E-67 2.63E-97 1.18E-92 9.46E-35 2.91E-40 3.88-101 2.06E-10 9.77E-32 6.30E-06 7.79E-26 1.77E-14 1.61E-34
  8.78E+06 1.05E-43 2.51E-30 1.16E-28 4.77E-31 5.92E-25 1.61E-39 1.20E-66 1.76E-97 6.60E-93 5.41E-35 2.83E-40 4.25-101 1.38E-10 3.64E-32 7.34E-06 4.79E-26 1.53E-14 6.14E-35
  8.88E+06 8.38E-44 3.10E-30 1.09E-28 3.32E-31 4.90E-25 1.21E-39 1.46E-66 1.11E-97 3.47E-93 3.10E-35 2.73E-40 4.50-101 9.30E-11 1.41E-32 8.51E-06 2.97E-26 1.32E-14 2.38E-35
  8.98E+06 6.65E-44 3.78E-30 1.02E-28 2.30E-31 3.98E-25 8.99E-40 1.74E-66 6.51E-98 1.72E-93 1.79E-35 2.64E-40 4.57-101 6.30E-11 5.70E-33 9.85E-06 1.86E-26 1.14E-14 9.34E-36
  9.08E+06 5.27E-44 4.55E-30 9.41E-29 1.59E-31 3.16E-25 6.63E-40 2.00E-66 3.59E-98 7.94E-94 1.03E-35 2.54E-40 4.46-101 4.31E-11 2.42E-33 1.14E-05 1.17E-26 9.96E-15 3.73E-36
  9.18E+06 4.15E-44 5.40E-30 8.65E-29 1.09E-31 2.47E-25 4.85E-40 2.24E-66 1.86E-98 3.44E-94 6.03E-36 2.45E-40 4.16-101 2.97E-11 1.09E-33 1.31E-05 7.40E-27 8.71E-15 1.51E-36
  9.28E+06 3.25E-44 6.31E-30 7.90E-29 7.45E-32 1.89E-25 3.51E-40 2.42E-66 8.99E-99 1.40E-94 3.55E-36 2.36E-40 3.71-101 2.06E-11 5.15E-34 1.50E-05 4.71E-27 7.65E-15 6.24E-37
  9.38E+06 2.54E-44 7.27E-30 7.16E-29 5.07E-32 1.43E-25 2.52E-40 2.55E-66 4.09E-99 5.34E-95 2.11E-36 2.28E-40 3.16-101 1.44E-11 2.57E-34 1.71E-05 3.02E-27 6.76E-15 2.62E-37
  9.48E+06 1.97E-44 8.25E-30 6.44E-29 3.44E-32 1.06E-25 1.79E-40 2.60E-66 1.75E-99 1.92E-95 1.27E-36 2.21E-40 2.58-101 1.02E-11 1.35E-34 1.95E-05 1.95E-27 6.00E-15 1.12E-37
  9.58E+06 1.53E-44 9.24E-30 5.75E-29 2.33E-32 7.68E-26 1.26E-40 2.57E-66 7.09-100 6.52E-96 7.81E-37 2.13E-40 2.01-101 7.26E-12 7.38E-35 2.21E-05 1.26E-27 5.35E-15 4.84E-38
  9.68E+06 1.18E-44 1.02E-29 5.10E-29 1.57E-32 5.51E-26 8.83E-41 2.47E-66 2.72-100 2.10E-96 4.89E-37 2.05E-40 1.50-101 5.22E-12 4.23E-35 2.51E-05 8.24E-28 4.80E-15 2.14E-38
  9.78E+06 9.06E-45 1.11E-29 4.50E-29 1.07E-32 3.90E-26 6.13E-41 2.31E-66 9.93-101 6.43E-97 3.15E-37 1.93E-40 1.08-101 3.78E-12 2.54E-35 2.83E-05 5.40E-28 4.33E-15 9.69E-39
  9.88E+06 6.98E-45 1.19E-29 3.95E-29 7.48E-33 2.73E-26 4.23E-41 2.09E-66 3.48-101 1.89E-97 2.12E-37 1.77E-40 7.35-102 2.76E-12 1.64E-35 3.19E-05 3.56E-28 3.93E-15 4.63E-39
  9.98E+06 5.39E-45 1.24E-29 3.48E-29 5.59E-33 1.89E-26 2.93E-41 1.77E-66 1.19-101 5.43E-98 1.51E-37 1.56E-40 4.56-102 2.07E-12 1.19E-35 3.59E-05 2.35E-28 3.59E-15 2.62E-39

 TP, TL
           1.74E+08 7.99E+05 8.64E+09 6.05E+11 6.91E+09 2.76E+08 6.10E-11 7.23E-31 1.59E-76 6.91E+09 7.81E-05 1.77E-24 1.63E+15 5.30E+09 4.20E+07 1.42E+10 3.73E+06 1.06E+10
           1.74E+08 7.99E+05 8.64E+09 6.13E+11 6.82E+09 2.53E+08 6.10E-11 7.23E-31 1.59E-76 6.91E+09 7.81E-05 1.77E-24 1.63E+15 5.28E+09 1.42E+08 1.42E+10 1.73E+10 1.06E+10

     Z        N2O5     CO2      SO4AER   S8AER   
  2.50E+04 9.69E-20 2.29E-04 2.05E-10 1.00E-38
  7.50E+04 1.33E-19 2.29E-04 2.17E-10 1.00E-38
  1.25E+05 2.02E-19 2.29E-04 2.42E-10 1.00E-38
  1.75E+05 3.37E-19 2.29E-04 2.79E-10 1.00E-38
  2.75E+05 1.16E-18 2.29E-04 3.84E-10 1.00E-38
  3.75E+05 4.54E-18 2.29E-04 5.18E-10 1.00E-38
  4.75E+05 1.88E-17 2.29E-04 6.71E-10 1.00E-38
  5.75E+05 6.27E-17 2.29E-04 8.38E-10 1.00E-38
  6.75E+05 1.36E-16 2.29E-04 1.01E-09 1.00E-38
  7.75E+05 2.20E-16 2.29E-04 1.20E-09 1.00E-38
  8.75E+05 3.29E-16 2.29E-04 1.39E-09 1.00E-38
  9.75E+05 4.79E-16 2.29E-04 1.60E-09 1.00E-38
  1.08E+06 7.43E-16 2.29E-04 1.87E-09 1.00E-38
  1.18E+06 1.94E-15 2.29E-04 2.55E-09 1.00E-38
  1.28E+06 7.07E-15 2.29E-04 3.73E-09 1.00E-38
  1.38E+06 3.36E-14 2.29E-04 5.63E-09 1.00E-38
  1.48E+06 1.18E-13 2.29E-04 7.58E-09 1.00E-38
  1.58E+06 2.82E-13 2.29E-04 8.85E-09 1.00E-38
  1.68E+06 4.77E-13 2.29E-04 9.12E-09 1.00E-38
  1.78E+06 5.91E-13 2.29E-04 8.44E-09 1.00E-38
  1.88E+06 5.74E-13 2.29E-04 7.15E-09 1.00E-38
  1.98E+06 4.54E-13 2.29E-04 5.70E-09 1.00E-38
  2.08E+06 2.96E-13 2.29E-04 4.48E-09 1.00E-38
  2.18E+06 1.56E-13 2.30E-04 3.56E-09 1.00E-38
  2.28E+06 6.52E-14 2.30E-04 2.87E-09 1.00E-38
  2.38E+06 2.11E-14 2.30E-04 2.35E-09 1.00E-38
  2.48E+06 5.28E-15 2.30E-04 1.95E-09 1.00E-38
  2.58E+06 1.02E-15 2.30E-04 1.64E-09 1.00E-38
  2.68E+06 1.58E-16 2.30E-04 1.39E-09 1.00E-38
  2.78E+06 2.20E-17 2.30E-04 1.19E-09 1.00E-38
  2.88E+06 3.32E-18 2.30E-04 1.03E-09 1.00E-38
  2.98E+06 5.87E-19 2.30E-04 8.97E-10 1.00E-38
  3.08E+06 1.24E-19 2.30E-04 7.89E-10 1.00E-38
  3.18E+06 3.16E-20 2.30E-04 6.98E-10 1.00E-38
  3.28E+06 9.36E-21 2.30E-04 6.12E-10 1.00E-38
  3.38E+06 3.22E-21 2.30E-04 5.31E-10 1.00E-38
  3.48E+06 1.28E-21 2.30E-04 4.57E-10 1.00E-38
  3.58E+06 5.85E-22 2.30E-04 3.89E-10 1.00E-38
  3.68E+06 3.07E-22 2.30E-04 3.29E-10 1.00E-38
  3.78E+06 1.82E-22 2.30E-04 2.76E-10 1.00E-38
  3.88E+06 1.21E-22 2.30E-04 2.28E-10 1.00E-38
  3.98E+06 8.87E-23 2.30E-04 1.87E-10 1.00E-38
  4.08E+06 7.04E-23 2.30E-04 1.52E-10 1.00E-38
  4.18E+06 5.99E-23 2.30E-04 1.21E-10 1.00E-38
  4.28E+06 5.50E-23 2.30E-04 9.54E-11 1.00E-38
  4.38E+06 5.53E-23 2.30E-04 7.40E-11 1.00E-38
  4.48E+06 6.10E-23 2.30E-04 5.65E-11 1.00E-38
  4.58E+06 7.12E-23 2.30E-04 4.21E-11 1.00E-38
  4.68E+06 8.11E-23 2.30E-04 3.08E-11 1.00E-38
  4.78E+06 8.69E-23 2.30E-04 2.19E-11 1.00E-38
  4.88E+06 8.75E-23 2.29E-04 1.50E-11 1.00E-38
  4.98E+06 8.04E-23 2.29E-04 9.98E-12 1.00E-38
  5.08E+06 6.75E-23 2.29E-04 6.34E-12 1.00E-38
  5.18E+06 5.23E-23 2.29E-04 3.81E-12 1.00E-38
  5.28E+06 3.77E-23 2.29E-04 2.15E-12 1.00E-38
  5.38E+06 2.56E-23 2.28E-04 1.13E-12 1.00E-38
  5.48E+06 1.65E-23 2.28E-04 5.37E-13 1.00E-38
  5.58E+06 1.00E-23 2.27E-04 2.30E-13 1.00E-38
  5.68E+06 5.76E-24 2.26E-04 8.67E-14 1.00E-38
  5.78E+06 3.07E-24 2.26E-04 2.80E-14 1.00E-38
  5.88E+06 1.52E-24 2.25E-04 7.49E-15 1.00E-38
  5.98E+06 7.44E-25 2.23E-04 1.58E-15 1.00E-38
  6.08E+06 1.07E-25 2.22E-04 2.47E-16 1.00E-38
  6.18E+06 4.95E-27 2.20E-04 2.53E-17 1.00E-38
  6.28E+06 2.48E-28 2.18E-04 1.46E-18 1.00E-38
  6.38E+06 1.60E-29 2.17E-04 3.97E-20 1.00E-38
  6.48E+06 2.02E-30 2.15E-04 3.70E-22 1.00E-38
  6.58E+06 3.91E-31 2.12E-04 1.71E-25 1.00E-38
  6.68E+06 8.49E-32 2.10E-04 1.84E-27 1.00E-38
  6.78E+06 1.89E-32 2.08E-04 9.87E-30 1.00E-38
  6.88E+06 4.20E-33 2.06E-04 2.33E-32 1.00E-38
  6.98E+06 9.27E-34 2.03E-04 2.10E-35 1.00E-38
  7.08E+06 2.03E-34 2.00E-04 1.00E-38 1.00E-38
  7.18E+06 4.42E-35 1.98E-04 1.00E-38 1.00E-38
  7.28E+06 9.60E-36 1.95E-04 1.00E-38 1.00E-38
  7.38E+06 2.09E-36 1.92E-04 1.00E-38 1.00E-38
  7.48E+06 4.58E-37 1.88E-04 1.00E-38 1.00E-38
  7.58E+06 1.02E-37 1.85E-04 1.00E-38 1.00E-38
  7.68E+06 2.33E-38 1.82E-04 1.00E-38 1.00E-38
  7.78E+06 5.49E-39 1.78E-04 1.00E-38 1.00E-38
  7.88E+06 1.35E-39 1.74E-04 1.00E-38 1.00E-38
  7.98E+06 3.44E-40 1.70E-04 1.00E-38 1.00E-38
  8.08E+06 9.19E-41 1.66E-04 1.00E-38 1.00E-38
  8.18E+06 2.54E-41 1.61E-04 1.00E-38 1.00E-38
  8.28E+06 7.29E-42 1.56E-04 1.00E-38 1.00E-38
  8.38E+06 2.16E-42 1.51E-04 1.00E-38 1.00E-38
  8.48E+06 6.60E-43 1.46E-04 1.00E-38 1.00E-38
  8.58E+06 2.07E-43 1.40E-04 1.00E-38 1.00E-38
  8.68E+06 6.61E-44 1.34E-04 1.00E-38 1.00E-38
  8.78E+06 2.16E-44 1.28E-04 1.00E-38 1.00E-38
  8.88E+06 7.17E-45 1.22E-04 1.00E-38 1.00E-38
  8.98E+06 2.42E-45 1.15E-04 1.00E-38 1.00E-38
  9.08E+06 8.32E-46 1.09E-04 1.00E-38 1.00E-38
  9.18E+06 2.91E-46 1.02E-04 1.00E-38 1.00E-38
  9.28E+06 1.03E-46 9.55E-05 1.00E-38 1.00E-38
  9.38E+06 3.72E-47 8.91E-05 1.00E-38 1.00E-38
  9.48E+06 1.36E-47 8.28E-05 1.00E-38 1.00E-38
  9.58E+06 5.08E-48 7.67E-05 1.00E-38 1.00E-38
  9.68E+06 1.93E-48 7.09E-05 1.00E-38 1.00E-38
  9.78E+06 7.43E-49 6.54E-05 1.00E-38 1.00E-38
  9.88E+06 2.97E-49 6.01E-05 1.00E-38 1.00E-38
  9.98E+06 1.38E-49 5.52E-05 1.00E-38 1.00E-38

 TP, TL
           3.38E+07 3.24E+11 6.63E+09 0.00E+00
           3.38E+07 4.01E+10 6.55E+09 1.71E-19

     TP = 0.000E+00  TL = 1.709E-19


 OZONE COLUMN DEPTH =  3.5333E+18


 O2, CO, CH4 COLUMN DEPTHs =      4.661E+22     1.660E+18     3.792E+19

 SULFUR COLUMN DEPTHS:  H2S = 3.316E+13  SO2 = 5.646E+15  S2 = 4.957E-07  S4 = 5.323E-30  S8 = 0.000E+00

 SCALED AEROSOL EXTINCTION OPTICAL DEPTHS
     SULFATE = 7.470E-02     S8(VIS) = 2.061E-30     S8(UV) = 4.123E-30

 FH2O AT COLD TRAP = 8.146E-06

 NUMBER DENSITIES OF LONG-LIVED SPECIES


     Z        O        O2       H2O      H        OH       HO2      H2O2     H2       CO       HCO      H2CO     CH4      CH3      C2H6     NO       NO2      HNO      H2S     
  2.50E+04 3.93E+04 5.22E+16 2.97E+17 9.84E+00 1.00E+06 3.10E+08 3.55E+10 1.32E+13 2.73E+12 3.94E-01 5.29E+09 4.47E+13 3.49E+00 1.55E-03 1.44E+07 2.01E+07 1.88E+02 2.30E+08
  1.25E+05 5.03E+04 4.73E+16 1.91E+17 1.11E+01 1.11E+06 3.04E+08 3.62E+10 1.19E+13 2.34E+12 4.26E-01 4.65E+09 4.04E+13 3.40E+00 1.40E-03 1.48E+07 1.92E+07 1.38E+02 1.00E+08
  2.25E+05 7.01E+04 4.28E+16 1.18E+17 1.26E+01 1.26E+06 2.94E+08 3.53E+10 1.08E+13 1.99E+12 4.38E-01 3.87E+09 3.65E+13 3.36E+00 1.26E-03 1.63E+07 2.03E+07 7.22E+01 4.21E+07
  3.25E+05 1.01E+05 3.88E+16 6.85E+16 1.40E+01 1.40E+06 2.76E+08 3.22E+10 9.81E+12 1.70E+12 4.32E-01 3.15E+09 3.30E+13 3.22E+00 1.13E-03 1.90E+07 2.31E+07 3.56E+01 1.71E+07
  4.25E+05 1.47E+05 3.50E+16 3.71E+16 1.50E+01 1.50E+06 2.50E+08 2.74E+10 8.87E+12 1.44E+12 4.04E-01 2.47E+09 2.98E+13 2.93E+00 1.00E-03 2.30E+07 2.70E+07 1.82E+01 6.77E+06
  5.25E+05 2.08E+05 3.16E+16 1.85E+16 1.51E+01 1.52E+06 2.16E+08 2.18E+10 8.02E+12 1.23E+12 3.45E-01 1.82E+09 2.69E+13 2.45E+00 8.88E-04 2.60E+07 2.88E+07 1.08E+01 2.69E+06
  6.25E+05 2.86E+05 2.86E+16 8.25E+15 1.38E+01 1.42E+06 1.78E+08 1.65E+10 7.26E+12 1.05E+12 2.61E-01 1.23E+09 2.42E+13 1.81E+00 7.82E-04 2.43E+07 2.44E+07 8.50E+00 1.10E+06
  7.25E+05 3.78E+05 2.59E+16 3.24E+15 1.18E+01 1.24E+06 1.39E+08 1.18E+10 6.56E+12 9.03E+11 1.77E-01 7.69E+08 2.19E+13 1.20E+00 6.89E-04 2.08E+07 1.82E+07 9.39E+00 4.74E+05
  8.25E+05 4.82E+05 2.34E+16 1.12E+15 9.70E+00 1.06E+06 1.04E+08 8.05E+09 5.93E+12 7.80E+11 1.14E-01 4.53E+08 1.98E+13 7.44E-01 6.09E-04 2.32E+07 1.69E+07 1.54E+01 2.14E+05
  9.25E+05 5.94E+05 2.10E+16 3.41E+14 8.21E+00 9.31E+05 7.47E+07 5.33E+09 5.34E+12 6.75E+11 7.28E-02 2.63E+08 1.78E+13 4.57E-01 5.39E-04 3.47E+07 2.01E+07 3.26E+01 1.02E+05
  1.02E+06 7.28E+05 1.89E+16 9.55E+13 7.45E+00 8.68E+05 5.31E+07 3.45E+09 4.79E+12 5.82E+11 4.95E-02 1.58E+08 1.59E+13 2.91E-01 4.77E-04 5.47E+07 2.48E+07 6.47E+01 5.00E+04
  1.12E+06 1.08E+06 1.64E+16 4.82E+13 7.98E+00 8.77E+05 3.86E+07 1.93E+09 4.16E+12 4.76E+11 4.29E-02 1.15E+08 1.38E+13 2.75E-01 4.06E-04 8.02E+07 3.45E+07 8.39E+01 1.99E+04
  1.22E+06 2.03E+06 1.41E+16 3.25E+13 8.55E+00 9.22E+05 2.54E+07 7.36E+08 3.58E+12 3.59E+11 4.34E-02 9.64E+07 1.18E+13 2.93E-01 3.39E-04 1.25E+08 6.35E+07 7.07E+01 3.94E+03
  1.32E+06 3.89E+06 1.21E+16 2.78E+13 9.56E+00 1.07E+06 1.88E+07 2.83E+08 3.08E+12 2.50E+11 5.01E-02 8.94E+07 1.00E+13 3.51E-01 2.86E-04 1.78E+08 1.15E+08 4.47E+01 4.28E+02
  1.42E+06 7.56E+06 1.04E+16 2.41E+13 1.03E+01 1.33E+06 1.57E+07 1.44E+08 2.65E+12 1.51E+11 6.29E-02 8.75E+07 8.42E+12 4.53E-01 2.56E-04 2.39E+08 2.03E+08 2.33E+01 1.89E+01
  1.52E+06 1.27E+07 8.87E+15 2.10E+13 1.08E+01 1.61E+06 1.44E+07 1.03E+08 2.28E+12 8.80E+10 7.67E-02 8.31E+07 7.00E+12 5.71E-01 2.54E-04 2.99E+08 2.93E+08 1.35E+01 1.48E+00
  1.62E+06 1.96E+07 7.60E+15 1.84E+13 1.21E+01 1.95E+06 1.40E+07 8.59E+07 1.96E+12 5.16E+10 9.23E-02 7.74E+07 5.75E+12 7.10E-01 2.83E-04 3.56E+08 3.65E+08 8.53E+00 6.12E-01
  1.72E+06 2.82E+07 6.50E+15 1.61E+13 1.55E+01 2.39E+06 1.45E+07 7.96E+07 1.68E+12 3.30E+10 1.12E-01 7.13E+07 4.68E+12 8.83E-01 3.42E-04 3.95E+08 3.96E+08 5.54E+00 4.05E-01
  1.82E+06 3.95E+07 5.56E+15 1.42E+13 2.28E+01 2.97E+06 1.57E+07 7.98E+07 1.45E+12 2.38E+10 1.36E-01 6.54E+07 3.77E+12 1.11E+00 4.31E-04 4.01E+08 3.79E+08 3.29E+00 2.82E-01
  1.92E+06 5.53E+07 4.75E+15 1.25E+13 3.73E+01 3.69E+06 1.75E+07 8.32E+07 1.24E+12 1.89E+10 1.67E-01 5.98E+07 3.00E+12 1.41E+00 5.60E-04 3.69E+08 3.26E+08 1.59E+00 1.49E-01
  2.02E+06 7.81E+07 4.05E+15 1.09E+13 6.61E+01 4.58E+06 1.94E+07 8.47E+07 1.06E+12 1.58E+10 2.08E-01 5.49E+07 2.38E+12 1.83E+00 7.38E-04 3.11E+08 2.55E+08 7.73E-01 2.56E-02
  2.12E+06 1.11E+08 3.45E+15 9.50E+12 1.25E+02 5.73E+06 2.08E+07 7.97E+07 9.12E+11 1.35E+10 2.63E-01 5.05E+07 1.88E+12 2.43E+00 9.79E-04 2.45E+08 1.82E+08 6.62E-01 2.53E-03
  2.22E+06 1.57E+08 2.93E+15 8.27E+12 2.51E+02 7.24E+06 2.12E+07 6.73E+07 7.84E+11 1.16E+10 3.38E-01 4.65E+07 1.47E+12 3.30E+00 1.31E-03 1.82E+08 1.17E+08 6.12E-01 2.27E-04
  2.32E+06 2.17E+08 2.50E+15 7.17E+12 5.20E+02 9.23E+06 2.06E+07 5.12E+07 6.78E+11 9.86E+09 4.36E-01 4.23E+07 1.16E+12 4.51E+00 1.75E-03 1.30E+08 6.82E+07 5.69E-01 1.96E-05
  2.42E+06 2.91E+08 2.13E+15 6.21E+12 1.09E+03 1.17E+07 1.90E+07 3.60E+07 5.90E+11 8.28E+09 5.50E-01 3.77E+07 9.13E+11 6.06E+00 2.30E-03 9.04E+07 3.55E+07 5.30E-01 1.73E-06
  2.52E+06 3.75E+08 1.82E+15 5.37E+12 2.23E+03 1.46E+07 1.70E+07 2.47E+07 5.20E+11 6.89E+09 6.67E-01 3.26E+07 7.23E+11 7.85E+00 3.00E-03 6.18E+07 1.66E+07 4.95E-01 1.65E-07
  2.62E+06 4.66E+08 1.56E+15 4.64E+12 4.37E+03 1.75E+07 1.51E+07 1.73E+07 4.63E+11 5.73E+09 7.61E-01 2.73E+07 5.76E+11 9.62E+00 3.91E-03 4.17E+07 6.91E+06 4.53E-01 1.80E-08
  2.72E+06 5.43E+08 1.34E+15 4.00E+12 7.63E+03 1.95E+07 1.35E+07 1.29E+07 4.17E+11 4.85E+09 7.85E-01 2.20E+07 4.63E+11 1.07E+01 5.32E-03 2.76E+07 2.69E+06 3.86E-01 2.40E-09
  2.82E+06 5.89E+08 1.16E+15 3.44E+12 1.16E+04 2.01E+07 1.22E+07 1.00E+07 3.81E+11 4.21E+09 7.31E-01 1.71E+07 3.75E+11 1.08E+01 8.13E-03 1.80E+07 1.07E+06 3.03E-01 3.94E-10
  2.92E+06 6.09E+08 9.97E+14 2.95E+12 1.59E+04 1.98E+07 1.13E+07 8.06E+06 3.51E+11 3.76E+09 6.41E-01 1.30E+07 3.06E+11 1.04E+01 1.45E-02 1.17E+07 4.56E+05 2.28E-01 7.51E-11
  3.02E+06 6.13E+08 8.59E+14 2.52E+12 2.10E+04 1.91E+07 1.05E+07 6.68E+06 3.26E+11 3.42E+09 5.47E-01 9.75E+06 2.51E+11 9.69E+00 2.85E-02 7.77E+06 2.13E+05 1.70E-01 1.58E-11
  3.12E+06 6.08E+08 7.39E+14 2.14E+12 2.70E+04 1.83E+07 9.91E+06 5.67E+06 3.03E+11 3.15E+09 4.63E-01 7.31E+06 2.06E+11 9.03E+00 5.64E-02 5.27E+06 1.08E+05 1.29E-01 3.74E-12
  3.22E+06 5.96E+08 6.35E+14 1.81E+12 3.44E+04 1.76E+07 9.39E+06 4.91E+06 2.83E+11 2.93E+09 3.91E-01 5.47E+06 1.69E+11 8.45E+00 1.08E-01 3.69E+06 6.02E+04 1.00E-01 9.99E-13
  3.32E+06 5.79E+08 5.45E+14 1.53E+12 4.35E+04 1.68E+07 8.94E+06 4.33E+06 2.65E+11 2.74E+09 3.30E-01 4.08E+06 1.38E+11 7.92E+00 1.99E-01 2.65E+06 3.59E+04 8.06E-02 2.94E-13
  3.42E+06 5.60E+08 4.67E+14 1.28E+12 5.49E+04 1.61E+07 8.53E+06 3.86E+06 2.48E+11 2.58E+09 2.78E-01 3.04E+06 1.13E+11 7.44E+00 3.47E-01 1.98E+06 2.31E+04 6.71E-02 9.55E-14
  3.52E+06 5.41E+08 4.00E+14 1.08E+12 6.91E+04 1.54E+07 8.15E+06 3.48E+06 2.32E+11 2.44E+09 2.33E-01 2.25E+06 9.24E+10 6.95E+00 5.74E-01 1.54E+06 1.59E+04 5.81E-02 3.40E-14
  3.62E+06 5.22E+08 3.42E+14 8.96E+11 8.69E+04 1.47E+07 7.79E+06 3.16E+06 2.17E+11 2.32E+09 1.93E-01 1.65E+06 7.53E+10 6.46E+00 9.00E-01 1.25E+06 1.17E+04 5.25E-02 1.31E-14
  3.72E+06 5.04E+08 2.93E+14 7.45E+11 1.10E+05 1.41E+07 7.45E+06 2.90E+06 2.02E+11 2.23E+09 1.59E-01 1.20E+06 6.11E+10 5.95E+00 1.34E+00 1.06E+06 9.12E+03 4.96E-02 5.54E-15
  3.82E+06 4.89E+08 2.50E+14 6.16E+11 1.39E+05 1.35E+07 7.13E+06 2.68E+06 1.88E+11 2.16E+09 1.30E-01 8.58E+05 4.94E+10 5.42E+00 1.90E+00 9.36E+05 7.55E+03 4.90E-02 2.51E-15
  3.92E+06 4.76E+08 2.14E+14 5.08E+11 1.77E+05 1.30E+07 6.83E+06 2.49E+06 1.74E+11 2.14E+09 1.05E-01 6.08E+05 3.97E+10 4.90E+00 2.59E+00 8.60E+05 6.56E+03 5.03E-02 1.20E-15
  4.02E+06 4.66E+08 1.82E+14 4.16E+11 2.28E+05 1.25E+07 6.56E+06 2.34E+06 1.61E+11 2.19E+09 8.59E-02 4.29E+05 3.17E+10 4.42E+00 3.38E+00 8.16E+05 5.94E+03 5.36E-02 6.10E-16
  4.12E+06 4.60E+08 1.55E+14 3.39E+11 2.98E+05 1.20E+07 6.32E+06 2.23E+06 1.49E+11 2.32E+09 7.78E-02 3.14E+05 2.50E+10 4.14E+00 4.28E+00 7.94E+05 5.56E+03 5.89E-02 3.22E-16
  4.22E+06 4.54E+08 1.32E+14 2.75E+11 3.96E+05 1.17E+07 6.17E+06 2.18E+06 1.37E+11 2.57E+09 1.03E-01 2.80E+05 1.95E+10 4.77E+00 5.24E+00 7.89E+05 5.39E+03 6.69E-02 1.79E-16
  4.32E+06 4.44E+08 1.12E+14 2.21E+11 5.37E+05 1.17E+07 6.18E+06 2.25E+06 1.25E+11 2.96E+09 2.17E-01 3.72E+05 1.50E+10 8.35E+00 6.23E+00 7.94E+05 5.47E+03 7.93E-02 1.08E-16
  4.42E+06 4.23E+08 9.48E+13 1.76E+11 7.48E+05 1.22E+07 6.45E+06 2.50E+06 1.14E+11 3.49E+09 5.13E-01 6.23E+05 1.13E+10 1.91E+01 7.18E+00 8.05E+05 5.90E+03 9.88E-02 7.30E-17
  4.52E+06 3.95E+08 8.00E+13 1.38E+11 1.07E+06 1.31E+07 7.00E+06 2.96E+06 1.04E+11 4.16E+09 1.09E+00 1.00E+06 8.39E+09 4.33E+01 8.13E+00 8.18E+05 6.72E+03 1.29E-01 5.48E-17
  4.62E+06 3.68E+08 6.73E+13 1.07E+11 1.56E+06 1.42E+07 7.68E+06 3.55E+06 9.41E+10 4.93E+09 1.95E+00 1.40E+06 6.05E+09 8.65E+01 9.05E+00 8.33E+05 7.76E+03 1.71E-01 4.29E-17
  4.72E+06 3.49E+08 5.64E+13 8.17E+10 2.30E+06 1.53E+07 8.30E+06 4.14E+06 8.45E+10 5.72E+09 3.00E+00 1.70E+06 4.26E+09 1.51E+02 9.87E+00 8.43E+05 8.70E+03 2.23E-01 3.35E-17
  4.82E+06 3.36E+08 4.70E+13 6.32E+10 3.41E+06 1.62E+07 8.81E+06 4.65E+06 7.55E+10 6.50E+09 4.03E+00 1.81E+06 2.92E+09 2.32E+02 1.06E+01 8.51E+05 9.48E+03 2.87E-01 2.63E-17
  4.92E+06 3.29E+08 3.92E+13 4.93E+10 5.04E+06 1.67E+07 9.13E+06 4.97E+06 6.71E+10 7.23E+09 4.82E+00 1.75E+06 1.95E+09 3.23E+02 1.12E+01 8.56E+05 9.94E+03 3.60E-01 2.08E-17
  5.02E+06 3.29E+08 3.25E+13 3.80E+10 7.35E+06 1.69E+07 9.16E+06 5.00E+06 5.92E+10 7.91E+09 5.26E+00 1.58E+06 1.28E+09 4.12E+02 1.14E+01 8.58E+05 9.92E+03 4.38E-01 1.63E-17
  5.12E+06 3.35E+08 2.70E+13 2.90E+10 1.06E+07 1.66E+07 8.89E+06 4.74E+06 5.20E+10 8.54E+09 5.32E+00 1.34E+06 8.28E+08 4.88E+02 1.13E+01 8.59E+05 9.45E+03 5.16E-01 1.26E-17
  5.22E+06 3.48E+08 2.23E+13 2.19E+10 1.51E+07 1.59E+07 8.39E+06 4.27E+06 4.55E+10 9.17E+09 5.06E+00 1.08E+06 5.26E+08 5.42E+02 1.09E+01 8.60E+05 8.63E+03 5.93E-01 9.70E-18
  5.32E+06 3.68E+08 1.85E+13 1.63E+10 2.14E+07 1.49E+07 7.69E+06 3.65E+06 3.97E+10 9.81E+09 4.59E+00 8.47E+05 3.31E+08 5.67E+02 9.98E+00 8.64E+05 7.57E+03 6.66E-01 7.30E-18
  5.42E+06 3.98E+08 1.53E+13 1.20E+10 3.01E+07 1.37E+07 6.87E+06 2.98E+06 3.45E+10 1.05E+10 4.00E+00 6.47E+05 2.06E+08 5.59E+02 8.81E+00 8.70E+05 6.39E+03 7.32E-01 5.33E-18
  5.52E+06 4.40E+08 1.27E+13 8.67E+09 4.21E+07 1.23E+07 5.96E+06 2.33E+06 2.99E+10 1.12E+10 3.38E+00 4.85E+05 1.27E+08 5.19E+02 7.47E+00 8.81E+05 5.18E+03 7.88E-01 3.72E-18
  5.62E+06 4.99E+08 1.05E+13 6.16E+09 5.84E+07 1.07E+07 5.02E+06 1.72E+06 2.59E+10 1.19E+10 2.78E+00 3.60E+05 7.84E+07 4.49E+02 6.09E+00 8.98E+05 4.03E+03 8.29E-01 2.45E-18
  5.72E+06 5.85E+08 8.75E+12 4.29E+09 8.08E+07 9.01E+06 4.08E+06 1.20E+06 2.23E+10 1.26E+10 2.25E+00 2.65E+05 4.81E+07 3.58E+02 4.81E+00 9.21E+05 2.97E+03 8.48E-01 1.49E-18
  5.82E+06 7.14E+08 7.26E+12 2.92E+09 1.12E+08 7.28E+06 3.19E+06 7.88E+05 1.91E+10 1.32E+10 1.78E+00 1.94E+05 2.94E+07 2.58E+02 3.70E+00 9.53E+05 2.06E+03 8.40E-01 8.18E-19
  5.92E+06 8.77E+08 6.00E+12 1.94E+09 1.57E+08 5.87E+06 2.48E+06 4.95E+05 1.63E+10 1.36E+10 1.40E+00 1.40E+05 1.79E+07 1.71E+02 2.79E+00 9.96E+05 1.41E+03 8.43E-01 4.35E-19
  6.02E+06 1.43E+09 4.93E+12 1.24E+09 2.78E+08 4.46E+06 1.81E+06 2.56E+05 1.36E+10 1.38E+10 1.10E+00 1.00E+05 1.08E+07 8.36E+01 2.07E+00 1.04E+06 7.10E+02 8.00E-01 1.61E-19
  6.12E+06 7.77E+09 3.99E+12 7.48E+08 5.05E+08 1.11E+06 4.39E+05 6.33E+04 1.12E+10 1.37E+10 7.97E-01 7.17E+04 6.49E+06 1.15E+01 1.52E+00 9.36E+05 5.73E+01 2.02E-01 1.26E-20
  6.22E+06 2.75E+10 3.16E+12 4.33E+08 6.37E+08 3.37E+05 1.01E+05 1.26E+04 8.91E+09 1.30E+10 6.14E-01 3.36E+04 3.82E+06 2.05E+00 1.09E+00 5.66E+05 1.11E+01 3.49E-02 6.85E-22
  6.32E+06 5.90E+10 2.45E+12 2.44E+08 6.52E+08 1.38E+05 2.93E+04 2.42E+03 6.98E+09 1.19E+10 4.27E-01 9.92E+03 2.20E+06 5.75E-01 7.62E-01 2.60E+05 3.51E+00 6.00E-03 3.09E-23
  6.42E+06 1.00E+11 2.02E+12 1.44E+08 6.43E+08 7.85E+04 1.17E+04 4.90E+02 5.83E+09 1.15E+10 2.46E-01 3.76E+03 1.34E+06 2.15E-01 5.68E-01 1.41E+05 1.57E+00 1.57E-03 1.33E-24
  6.52E+06 1.45E+11 1.66E+12 8.58E+07 6.00E+08 4.75E+04 5.21E+03 1.01E+02 4.88E+09 1.10E+10 1.40E-01 1.71E+03 8.20E+05 9.40E-02 4.24E-01 8.41E+04 7.92E-01 5.08E-04 5.63E-26
  6.62E+06 1.90E+11 1.35E+12 5.09E+07 5.40E+08 2.92E+04 2.45E+03 2.11E+01 4.09E+09 1.03E+10 7.98E-02 8.45E+02 5.04E+05 4.54E-02 3.17E-01 5.17E+04 4.09E-01 1.80E-04 2.40E-27
  6.72E+06 2.32E+11 1.10E+12 3.02E+07 4.76E+08 1.80E+04 1.20E+03 4.50E+00 3.42E+09 9.60E+09 4.60E-02 4.45E+02 3.11E+05 2.36E-02 2.37E-01 3.21E+04 2.13E-01 6.74E-05 1.08E-28
  6.82E+06 2.67E+11 8.83E+11 1.80E+07 4.13E+08 1.10E+04 6.10E+02 9.74E-01 2.87E+09 8.86E+09 2.71E-02 2.47E+02 1.93E+05 1.30E-02 1.77E-01 1.98E+04 1.11E-01 2.63E-05 5.75E-30
  6.92E+06 2.94E+11 7.04E+11 1.07E+07 3.55E+08 6.68E+03 3.18E+02 2.16E-01 2.40E+09 8.11E+09 1.63E-02 1.43E+02 1.20E+05 7.46E-03 1.33E-01 1.22E+04 5.71E-02 1.06E-05 4.79E-31
  7.02E+06 3.12E+11 5.57E+11 6.35E+06 3.03E+08 4.00E+03 1.69E+02 4.89E-02 2.01E+09 7.38E+09 1.01E-02 8.57E+01 7.49E+04 4.46E-03 1.00E-01 7.47E+03 2.93E-02 4.36E-06 7.30E-32
  7.12E+06 3.21E+11 4.36E+11 3.79E+06 2.57E+08 2.36E+03 9.18E+01 1.14E-02 1.68E+09 6.67E+09 6.37E-03 5.31E+01 4.71E+04 2.76E-03 7.53E-02 4.54E+03 1.49E-02 1.83E-06 1.64E-32
  7.22E+06 3.23E+11 3.39E+11 2.27E+06 2.18E+08 1.38E+03 5.05E+01 2.74E-03 1.41E+09 6.01E+09 4.12E-03 3.38E+01 2.97E+04 1.76E-03 5.69E-02 2.74E+03 7.56E-03 7.83E-07 4.39E-33
  7.32E+06 3.17E+11 2.61E+11 1.36E+06 1.84E+08 7.90E+02 2.81E+01 6.80E-04 1.18E+09 5.38E+09 2.72E-03 2.21E+01 1.89E+04 1.15E-03 4.31E-02 1.65E+03 3.82E-03 3.41E-07 1.29E-33
  7.42E+06 3.05E+11 2.00E+11 8.22E+05 1.55E+08 4.48E+02 1.58E+01 1.75E-04 9.89E+08 4.80E+09 1.84E-03 1.48E+01 1.21E+04 7.71E-04 3.27E-02 1.00E+03 1.94E-03 1.51E-07 4.08E-34
  7.52E+06 2.88E+11 1.51E+11 4.99E+05 1.31E+08 2.51E+02 8.94E+00 4.67E-05 8.29E+08 4.26E+09 1.27E-03 1.01E+01 7.76E+03 5.29E-04 2.49E-02 6.07E+02 9.85E-04 6.87E-08 1.37E-34
  7.62E+06 2.68E+11 1.14E+11 3.04E+05 1.10E+08 1.39E+02 5.12E+00 1.30E-05 6.94E+08 3.77E+09 8.88E-04 7.03E+00 5.03E+03 3.70E-04 1.91E-02 3.73E+02 5.07E-04 3.20E-08 4.80E-35
  7.72E+06 2.46E+11 8.58E+10 1.87E+05 9.28E+07 7.65E+01 2.95E+00 3.74E-06 5.82E+08 3.31E+09 6.34E-04 4.99E+00 3.28E+03 2.64E-04 1.46E-02 2.32E+02 2.65E-04 1.53E-08 1.76E-35
  7.82E+06 2.23E+11 6.43E+10 1.16E+05 7.80E+07 4.18E+01 1.72E+00 1.12E-06 4.88E+08 2.90E+09 4.60E-04 3.60E+00 2.15E+03 1.92E-04 1.13E-02 1.47E+02 1.41E-04 7.54E-09 6.71E-36
  7.92E+06 2.01E+11 4.81E+10 7.23E+04 6.55E+07 2.28E+01 1.01E+00 3.50E-07 4.09E+08 2.53E+09 3.39E-04 2.64E+00 1.43E+03 1.42E-04 8.70E-03 9.58E+01 7.67E-05 3.84E-09 2.64E-36
  8.02E+06 1.79E+11 3.59E+10 4.56E+04 5.51E+07 1.24E+01 5.93E-01 1.13E-07 3.43E+08 2.20E+09 2.53E-04 1.96E+00 9.53E+02 1.07E-04 6.74E-03 6.36E+01 4.27E-05 2.01E-09 1.07E-36
  8.12E+06 1.59E+11 2.68E+10 2.89E+04 4.62E+07 6.76E+00 3.52E-01 3.77E-08 2.87E+08 1.91E+09 1.91E-04 1.47E+00 6.40E+02 8.11E-05 5.24E-03 4.32E+01 2.43E-05 1.08E-09 4.39E-37
  8.22E+06 1.40E+11 2.00E+10 1.85E+04 3.88E+07 3.69E+00 2.09E-01 1.28E-08 2.41E+08 1.65E+09 1.46E-04 1.11E+00 4.33E+02 6.22E-05 4.08E-03 2.99E+01 1.41E-05 5.97E-10 1.84E-37
  8.32E+06 1.24E+11 1.50E+10 1.19E+04 3.26E+07 2.03E+00 1.25E-01 4.48E-09 2.02E+08 1.42E+09 1.12E-04 8.44E-01 2.95E+02 4.81E-05 3.18E-03 2.11E+01 8.33E-06 3.36E-10 7.80E-38
  8.42E+06 1.09E+11 1.12E+10 7.74E+03 2.74E+07 1.12E+00 7.47E-02 1.60E-09 1.69E+08 1.22E+09 8.69E-05 6.47E-01 2.03E+02 3.76E-05 2.49E-03 1.51E+01 5.00E-06 1.93E-10 3.36E-38
  8.52E+06 9.57E+10 8.40E+09 5.08E+03 2.30E+07 6.33E-01 4.49E-02 5.85E-10 1.42E+08 1.04E+09 6.81E-05 5.00E-01 1.40E+02 2.97E-05 1.96E-03 1.09E+01 3.04E-06 1.12E-10 1.47E-38
  8.62E+06 8.41E+10 6.32E+09 3.37E+03 1.93E+07 3.65E-01 2.70E-02 2.19E-10 1.19E+08 8.92E+08 5.39E-05 3.89E-01 9.83E+01 2.37E-05 1.54E-03 8.04E+00 1.87E-06 6.59E-11 6.50E-39
  8.72E+06 7.39E+10 4.78E+09 2.26E+03 1.62E+07 2.17E-01 1.64E-02 8.39E-11 9.99E+07 7.60E+08 4.30E-05 3.06E-01 6.96E+01 1.91E-05 1.22E-03 5.97E+00 1.17E-06 3.92E-11 2.92E-39
  8.82E+06 6.50E+10 3.63E+09 1.54E+03 1.36E+07 1.35E-01 9.93E-03 3.29E-11 8.38E+07 6.46E+08 3.48E-05 2.42E-01 4.99E+01 1.55E-05 9.67E-04 4.48E+00 7.33E-07 2.35E-11 1.34E-39
  8.92E+06 5.73E+10 2.77E+09 1.06E+03 1.14E+07 8.75E-02 6.06E-03 1.33E-11 7.03E+07 5.48E+08 2.85E-05 1.94E-01 3.63E+01 1.28E-05 7.71E-04 3.39E+00 4.65E-07 1.42E-11 6.22E-40
  9.02E+06 5.06E+10 2.12E+09 7.43E+02 9.55E+06 6.00E-02 3.71E-03 5.48E-12 5.90E+07 4.64E+08 2.36E-05 1.57E-01 2.68E+01 1.07E-05 6.17E-04 2.59E+00 2.98E-07 8.66E-12 2.95E-40
  9.12E+06 4.47E+10 1.64E+09 5.30E+02 8.02E+06 4.34E-02 2.28E-03 2.33E-12 4.95E+07 3.92E+08 1.99E-05 1.28E-01 2.01E+01 9.10E-06 4.95E-04 2.00E+00 1.92E-07 5.31E-12 1.43E-40
  9.22E+06 3.96E+10 1.28E+09 3.86E+02 6.73E+06 3.30E-02 1.41E-03 1.02E-12 4.15E+07 3.31E+08 1.70E-05 1.06E-01 1.53E+01 7.85E-06 4.00E-04 1.55E+00 1.25E-07 3.28E-12 7.12E-41
  9.32E+06 3.52E+10 1.00E+09 2.87E+02 5.65E+06 2.62E-02 8.77E-04 4.60E-13 3.49E+07 2.79E+08 1.48E-05 8.98E-02 1.20E+01 6.90E-06 3.24E-04 1.22E+00 8.21E-08 2.04E-12 3.63E-41
  9.42E+06 3.13E+10 7.89E+08 2.18E+02 4.74E+06 2.15E-02 5.48E-04 2.14E-13 2.93E+07 2.35E+08 1.32E-05 7.71E-02 9.53E+00 6.17E-06 2.64E-04 9.61E-01 5.44E-08 1.28E-12 1.90E-41
  9.52E+06 2.79E+10 6.27E+08 1.70E+02 3.98E+06 1.82E-02 3.44E-04 1.03E-13 2.46E+07 1.98E+08 1.19E-05 6.73E-02 7.75E+00 5.64E-06 2.15E-04 7.65E-01 3.63E-08 8.03E-13 1.02E-41
  9.62E+06 2.49E+10 5.02E+08 1.36E+02 3.34E+06 1.57E-02 2.17E-04 5.20E-14 2.06E+07 1.67E+08 1.10E-05 5.97E-02 6.45E+00 5.25E-06 1.76E-04 6.14E-01 2.44E-08 5.09E-13 5.64E-42
  9.72E+06 2.22E+10 4.05E+08 1.12E+02 2.80E+06 1.38E-02 1.38E-04 2.76E-14 1.73E+07 1.40E+08 1.04E-05 5.36E-02 5.48E+00 4.99E-06 1.45E-04 4.97E-01 1.65E-08 3.24E-13 3.22E-42
  9.82E+06 1.99E+10 3.28E+08 9.49E+01 2.35E+06 1.23E-02 8.81E-05 1.60E-14 1.45E+07 1.18E+08 9.86E-06 4.81E-02 4.74E+00 4.83E-06 1.20E-04 4.05E-01 1.13E-08 2.08E-13 1.92E-42
  9.92E+06 1.79E+10 2.68E+08 8.21E+01 1.98E+06 1.11E-02 5.65E-05 1.05E-14 1.22E+07 9.88E+07 9.44E-06 4.26E-02 4.18E+00 4.75E-06 9.92E-05 3.32E-01 7.74E-09 1.34E-13 1.25E-42

     Z        HS       S        SO       SO2      H2SO4    HSO      S2       S4       S8       SO3      OCS      S3       O3       HNO3     N        NO3      N2O      HO2NO2  
  2.50E+04 2.02E+03 7.72E-10 2.50E+02 1.57E+09 9.03E+07 2.31E+07 2.75E-13 4.06E-36 2.81E-71 3.45E-02 7.26E-03 4.96E-34 1.49E+11 1.14E+08 2.33E-59 9.66E+02 7.45E+12 4.29E+05
  1.25E+05 9.33E+02 3.69E-10 2.87E+02 2.83E+09 1.72E+08 1.64E+07 9.74E-14 4.52E-37 2.55E-71 1.11E-01 6.54E-03 7.24E-35 1.60E+11 1.32E+08 9.26E-50 9.47E+02 6.74E+12 8.31E+05
  2.25E+05 3.91E+02 4.91E-10 3.19E+02 3.52E+09 2.49E+08 7.79E+06 4.30E-14 7.81E-38 2.31E-71 2.62E-01 5.88E-03 3.69E-35 1.87E+11 1.60E+08 1.90E-40 1.12E+03 6.09E+12 1.89E+06
  3.25E+05 1.49E+02 1.33E-09 4.90E+02 3.88E+09 3.11E+08 3.29E+06 3.52E-14 4.64E-38 2.09E-71 5.97E-01 5.27E-03 7.10E-35 2.28E+11 1.88E+08 1.90E-31 1.43E+03 5.49E+12 4.80E+06
  4.25E+05 5.35E+01 4.50E-09 9.42E+02 4.06E+09 3.51E+08 1.39E+06 3.79E-14 4.78E-38 1.89E-71 1.36E+00 4.71E-03 2.27E-34 2.81E+11 2.08E+08 9.04E-23 1.82E+03 4.95E+12 1.30E+07
  5.25E+05 1.85E+01 1.55E-08 1.95E+03 4.16E+09 3.66E+08 7.21E+05 4.17E-14 5.15E-38 1.71E-71 3.11E+00 4.21E-03 7.53E-34 3.41E+11 2.11E+08 1.31E-14 2.17E+03 4.45E+12 3.53E+07
  6.25E+05 6.40E+00 5.12E-08 4.06E+03 4.23E+09 3.54E+08 6.07E+05 4.51E-14 5.37E-38 1.54E-71 7.28E+00 3.77E-03 2.36E-33 4.06E+11 1.99E+08 3.26E-09 2.38E+03 4.01E+12 7.86E+07
  7.25E+05 2.47E+00 1.61E-07 8.47E+03 4.26E+09 3.23E+08 7.88E+05 5.44E-14 6.98E-38 1.39E-71 1.79E+01 3.37E-03 7.89E-33 4.72E+11 1.79E+08 5.56E-06 2.56E+03 3.61E+12 1.27E+08
  8.25E+05 1.41E+00 4.86E-07 1.76E+04 4.24E+09 2.86E+08 1.16E+06 9.61E-14 1.94E-37 1.26E-71 4.88E+01 3.01E-03 3.70E-32 5.34E+11 1.63E+08 6.55E-04 2.84E+03 3.25E+12 1.59E+08
  9.25E+05 1.41E+00 1.41E-06 3.60E+04 4.13E+09 2.53E+08 1.65E+06 2.60E-13 1.26E-36 1.13E-71 1.52E+02 2.68E-03 2.56E-31 5.88E+11 1.53E+08 1.64E-02 3.15E+03 2.91E+12 1.68E+08
  1.02E+06 1.82E+00 3.91E-06 7.17E+04 3.94E+09 2.29E+08 2.09E+06 7.49E-13 9.31E-36 1.02E-71 5.34E+02 2.38E-03 1.80E-30 6.39E+11 1.50E+08 1.85E-01 3.48E+03 2.60E+12 1.61E+08
  1.12E+06 1.71E+00 8.03E-06 1.03E+05 3.64E+09 2.08E+08 1.86E+06 1.30E-12 2.40E-35 8.83E-72 1.34E+03 2.02E-03 5.46E-30 7.27E+11 1.63E+08 9.01E-01 4.11E+03 2.23E+12 1.51E+08
  1.22E+06 8.24E-01 1.42E-05 1.26E+05 3.36E+09 1.96E+08 1.02E+06 1.00E-12 1.22E-35 7.59E-72 2.40E+03 1.65E-03 6.30E-30 1.00E+12 2.36E+08 3.35E+00 7.03E+03 1.87E+12 1.59E+08
  1.32E+06 3.34E-01 2.15E-05 1.34E+05 2.88E+09 1.87E+08 4.74E+05 5.14E-13 2.72E-36 6.52E-72 2.82E+03 1.27E-03 4.15E-30 1.41E+12 3.77E+08 9.57E+00 1.49E+04 1.53E+12 1.76E+08
  1.42E+06 1.24E-01 2.81E-05 1.19E+05 2.20E+09 1.71E+08 1.96E+05 1.87E-13 3.08E-37 5.58E-72 3.18E+03 8.85E-04 1.67E-30 1.98E+12 6.18E+08 2.32E+01 3.60E+04 1.19E+12 2.06E+08
  1.52E+06 6.67E-02 3.73E-05 1.05E+05 1.58E+09 1.43E+08 9.81E+04 9.99E-14 7.41E-38 4.78E-72 3.30E+03 5.62E-04 9.98E-31 2.40E+12 8.13E+08 5.13E+01 6.71E+04 8.86E+11 2.15E+08
  1.62E+06 4.71E-02 5.12E-05 9.34E+04 1.08E+09 1.12E+08 5.68E+04 7.27E-14 3.33E-38 4.09E-72 3.16E+03 3.17E-04 8.43E-31 2.64E+12 9.11E+08 1.08E+02 1.03E+05 6.29E+11 2.04E+08
  1.72E+06 3.98E-02 6.98E-05 8.13E+04 6.76E+08 8.22E+07 3.60E+04 6.36E-14 2.17E-38 3.49E-72 2.79E+03 1.59E-04 8.53E-31 2.71E+12 8.83E+08 2.19E+02 1.33E+05 4.26E+11 1.74E+08
  1.82E+06 3.39E-02 8.57E-05 6.33E+04 3.69E+08 5.25E+07 2.19E+04 5.07E-14 1.17E-38 2.98E-72 2.20E+03 7.15E-05 7.06E-31 2.67E+12 7.55E+08 4.18E+02 1.49E+05 2.76E+11 1.35E+08
  1.92E+06 2.13E-02 7.41E-05 3.47E+04 1.41E+08 2.35E+07 9.60E+03 2.07E-14 1.65E-39 2.54E-72 1.27E+03 2.76E-05 2.11E-31 2.59E+12 5.79E+08 7.51E+02 1.52E+05 1.71E+11 9.53E+07
  2.02E+06 4.06E-03 1.94E-05 5.78E+03 1.65E+07 3.65E+06 1.27E+03 7.74E-16 1.96E-42 2.16E-72 2.37E+02 8.66E-06 1.76E-33 2.48E+12 4.02E+08 1.27E+03 1.43E+05 1.02E+11 6.01E+07
  2.12E+06 4.86E-04 3.24E-06 6.14E+02 1.23E+06 3.34E+05 1.02E+02 1.12E-17 3.50E-46 1.84E-72 3.00E+01 2.20E-06 3.60E-36 2.33E+12 2.56E+08 2.03E+03 1.23E+05 5.93E+10 3.29E+07
  2.22E+06 5.58E-05 5.18E-07 6.31E+01 8.76E+04 2.88E+04 7.63E+00 1.50E-19 5.27E-50 1.56E-72 3.80E+00 4.43E-07 6.50E-39 2.11E+12 1.49E+08 3.04E+03 9.53E+04 3.36E+10 1.52E+07
  2.32E+06 6.51E-06 8.12E-08 6.46E+00 6.09E+03 2.45E+03 5.48E-01 2.01E-21 8.09E-54 1.33E-72 4.73E-01 6.95E-08 1.16E-41 1.82E+12 7.91E+07 4.24E+03 6.51E+04 1.88E+10 5.96E+06
  2.42E+06 8.01E-07 1.25E-08 6.65E-01 4.13E+02 2.30E+02 3.90E-02 2.87E-23 1.40E-57 1.13E-72 5.58E-02 8.16E-09 2.17E-44 1.46E+12 3.82E+07 5.42E+03 3.86E+04 1.04E+10 2.00E+06
  2.52E+06 1.08E-07 1.88E-09 6.97E-02 2.77E+01 6.17E+01 2.84E-03 4.55E-25 3.01E-61 9.64E-73 6.07E-03 7.05E-10 4.42E-47 1.08E+12 1.66E+07 6.29E+03 1.98E+04 5.71E+09 5.84E+05
  2.62E+06 1.62E-08 2.79E-10 7.53E-03 1.88E+00 5.40E+01 2.19E-04 8.22E-27 8.43E-65 8.24E-73 6.05E-04 4.53E-11 1.02E-49 7.19E+11 6.43E+06 6.61E+03 8.77E+03 3.16E+09 1.55E+05
  2.72E+06 2.78E-09 4.19E-11 8.60E-04 1.37E-01 4.09E+01 1.92E-05 1.82E-28 3.56E-68 7.07E-73 5.59E-05 2.30E-12 2.90E-52 4.46E+11 2.24E+06 6.38E+03 3.44E+03 1.76E+09 4.09E+04
  2.82E+06 5.47E-10 6.72E-12 1.09E-04 1.17E-02 2.91E+01 2.04E-06 5.30E-30 2.58E-71 6.07E-73 5.26E-06 1.03E-13 1.16E-54 2.72E+11 7.60E+05 5.83E+03 1.28E+03 9.93E+08 1.18E+04
  2.92E+06 1.18E-10 1.20E-12 1.58E-05 1.22E-03 1.95E+01 2.64E-07 1.97E-31 3.08E-74 5.21E-73 5.54E-07 4.39E-15 6.64E-57 1.71E+11 2.71E+05 5.14E+03 4.97E+02 5.69E+08 3.91E+03
  3.02E+06 2.74E-11 2.38E-13 2.59E-06 1.51E-04 1.16E+01 4.01E-08 8.97E-33 5.49E-77 4.48E-73 6.70E-08 1.92E-16 5.15E-59 1.12E+11 1.05E+05 4.44E+03 2.04E+02 3.28E+08 1.46E+03
  3.12E+06 6.99E-12 5.41E-14 4.91E-07 2.26E-05 6.23E+00 7.22E-09 5.24E-34 1.62E-79 3.84E-73 9.80E-09 1.05E-17 5.89E-61 7.48E+10 4.43E+04 3.80E+03 9.05E+01 1.93E+08 6.07E+02
  3.22E+06 1.99E-12 1.42E-14 1.08E-07 4.09E-06 3.35E+00 1.53E-09 3.97E-35 1.18E-81 3.29E-73 1.74E-09 9.40E-19 1.01E-62 5.10E+10 2.04E+04 3.25E+03 4.30E+01 1.15E+08 2.79E+02
  3.32E+06 6.18E-13 4.19E-15 2.69E-08 8.60E-07 1.82E+00 3.74E-10 3.75E-36 3.98E-82 2.81E-73 3.61E-10 1.45E-19 2.40E-64 3.52E+10 1.01E+04 2.80E+03 2.18E+01 6.88E+07 1.40E+02
  3.42E+06 2.10E-13 1.40E-15 7.59E-09 2.10E-07 9.91E-01 1.04E-10 4.39E-37 4.00E-82 2.40E-73 8.71E-11 3.17E-20 8.05E-66 2.45E+10 5.44E+03 2.45E+03 1.18E+01 4.19E+07 7.55E+01
  3.52E+06 7.82E-14 5.25E-16 2.41E-09 5.88E-08 5.02E-01 3.26E-11 6.30E-38 4.05E-82 2.05E-73 2.38E-11 8.45E-21 3.71E-67 1.72E+10 3.13E+03 2.19E+03 6.86E+00 2.58E+07 4.40E+01
  3.62E+06 3.15E-14 2.19E-16 8.54E-10 1.87E-08 2.35E-01 1.14E-11 1.10E-38 4.10E-82 1.75E-73 7.25E-12 2.57E-21 2.30E-68 1.22E+10 1.93E+03 2.03E+03 4.26E+00 1.61E+07 2.75E+01
  3.72E+06 1.38E-14 1.02E-16 3.38E-10 6.73E-09 9.93E-02 4.46E-12 2.31E-39 4.13E-82 1.49E-73 2.45E-12 8.78E-22 1.93E-69 8.75E+09 1.27E+03 1.94E+03 2.82E+00 1.03E+07 1.84E+01
  3.82E+06 6.50E-15 5.18E-17 1.46E-10 2.68E-09 3.68E-02 1.90E-12 5.66E-40 4.16E-82 1.27E-73 8.96E-13 3.31E-22 2.06E-70 6.30E+09 8.87E+02 1.92E+03 1.98E+00 6.64E+06 1.30E+01
  3.92E+06 3.23E-15 2.84E-17 6.86E-11 1.17E-09 1.20E-02 8.77E-13 1.58E-40 4.19E-82 1.08E-73 3.52E-13 1.36E-22 2.70E-71 4.58E+09 6.52E+02 1.95E+03 1.47E+00 4.35E+06 9.72E+00
  4.02E+06 1.70E-15 1.68E-17 3.45E-11 5.57E-10 3.55E-03 4.33E-13 4.99E-41 4.21E-82 9.16E-74 1.48E-13 6.17E-23 4.28E-72 3.35E+09 5.01E+02 2.04E+03 1.14E+00 2.89E+06 7.57E+00
  4.12E+06 9.23E-16 1.05E-17 1.83E-11 2.83E-10 9.51E-04 2.25E-13 1.71E-41 4.23E-82 7.77E-74 6.56E-14 3.07E-23 7.80E-73 2.47E+09 4.00E+02 2.16E+03 9.18E-01 1.94E+06 6.13E+00
  4.22E+06 5.22E-16 6.77E-18 1.01E-11 1.52E-10 2.34E-04 1.22E-13 6.34E-42 4.25E-82 6.58E-74 3.07E-14 1.74E-23 1.59E-73 1.82E+09 3.35E+02 2.31E+03 7.68E-01 1.32E+06 5.18E+00
  4.32E+06 3.15E-16 4.46E-18 5.68E-12 8.55E-11 5.49E-05 7.02E-14 2.57E-42 4.26E-82 5.55E-74 1.54E-14 1.20E-23 3.60E-74 1.33E+09 3.00E+02 2.43E+03 6.65E-01 9.02E+05 4.68E+00
  4.42E+06 2.07E-16 2.94E-18 3.18E-12 5.01E-11 1.29E-05 4.29E-14 1.16E-42 4.28E-82 4.68E-74 8.51E-15 1.03E-23 9.08E-75 9.39E+08 2.95E+02 2.48E+03 5.97E-01 6.24E+05 4.61E+00
  4.52E+06 1.47E-16 1.93E-18 1.77E-12 3.03E-11 3.09E-06 2.76E-14 5.75E-43 4.29E-82 3.92E-74 5.21E-15 1.03E-23 2.48E-75 6.45E+08 3.14E+02 2.45E+03 5.53E-01 4.34E+05 4.89E+00
  4.62E+06 1.07E-16 1.29E-18 9.99E-13 1.88E-11 7.80E-07 1.82E-14 3.00E-43 4.29E-82 3.28E-74 3.52E-15 1.06E-23 7.28E-76 4.37E+08 3.38E+02 2.41E+03 5.16E-01 3.02E+05 5.26E+00
  4.72E+06 7.95E-17 9.12E-19 5.93E-13 1.21E-11 2.29E-07 1.22E-14 1.64E-43 4.29E-82 2.73E-74 2.63E-15 1.06E-23 2.36E-76 2.99E+08 3.46E+02 2.39E+03 4.73E-01 2.12E+05 5.38E+00
  4.82E+06 6.00E-17 6.81E-19 3.71E-13 8.03E-12 8.61E-08 8.31E-15 9.53E-44 4.28E-82 2.27E-74 2.08E-15 1.03E-23 8.55E-77 2.04E+08 3.36E+02 2.40E+03 4.24E-01 1.48E+05 5.22E+00
  4.92E+06 4.64E-17 5.41E-19 2.46E-13 5.54E-12 4.70E-08 5.79E-15 5.97E-44 4.26E-82 1.88E-74 1.73E-15 9.57E-24 3.55E-77 1.40E+08 3.05E+02 2.45E+03 3.68E-01 1.04E+05 4.76E+00
  5.02E+06 3.65E-17 4.62E-19 1.74E-13 3.96E-12 3.68E-08 4.10E-15 4.01E-44 4.24E-82 1.55E-74 1.55E-15 8.78E-24 1.69E-77 9.70E+07 2.56E+02 2.57E+03 3.08E-01 7.30E+04 4.00E+00
  5.12E+06 2.91E-17 4.20E-19 1.32E-13 2.93E-12 3.05E-08 2.93E-15 2.87E-44 4.22E-82 1.27E-74 1.48E-15 7.97E-24 9.11E-78 6.80E+07 2.00E+02 2.76E+03 2.48E-01 5.13E+04 3.13E+00
  5.22E+06 2.36E-17 4.04E-19 1.05E-13 2.22E-12 2.52E-08 2.10E-15 2.16E-44 4.19E-82 1.05E-74 1.47E-15 7.19E-24 5.44E-78 4.83E+07 1.46E+02 3.03E+03 1.95E-01 3.62E+04 2.29E+00
  5.32E+06 1.91E-17 4.05E-19 8.70E-14 1.73E-12 2.08E-08 1.50E-15 1.67E-44 4.16E-82 8.58E-75 1.46E-15 6.48E-24 3.50E-78 3.49E+07 1.00E+02 3.39E+03 1.49E-01 2.55E+04 1.58E+00
  5.42E+06 1.54E-17 4.22E-19 7.52E-14 1.37E-12 1.72E-08 1.06E-15 1.31E-44 4.12E-82 7.04E-75 1.43E-15 5.83E-24 2.36E-78 2.57E+07 6.51E+01 3.89E+03 1.13E-01 1.81E+04 1.03E+00
  5.52E+06 1.21E-17 4.54E-19 6.72E-14 1.10E-12 1.43E-08 7.40E-16 1.01E-44 4.09E-82 5.77E-75 1.34E-15 5.26E-24 1.63E-78 1.94E+07 4.01E+01 4.57E+03 8.37E-02 1.28E+04 6.36E-01
  5.62E+06 9.24E-18 5.03E-19 6.19E-14 8.88E-13 1.18E-08 5.01E-16 7.65E-45 4.05E-82 4.73E-75 1.17E-15 4.79E-24 1.13E-78 1.51E+07 2.32E+01 5.53E+03 6.13E-02 9.15E+03 3.68E-01
  5.72E+06 6.71E-18 5.75E-19 5.91E-14 7.21E-13 9.78E-09 3.29E-16 5.50E-45 4.02E-82 3.87E-75 9.64E-16 4.44E-24 7.76E-79 1.20E+07 1.25E+01 6.93E+03 4.41E-02 6.54E+03 1.98E-01
  5.82E+06 4.55E-18 6.84E-19 5.86E-14 5.84E-13 8.09E-09 2.07E-16 3.69E-45 3.98E-82 3.16E-75 7.47E-16 4.27E-24 5.14E-79 9.93E+06 6.14E+00 9.07E+03 3.10E-02 4.68E+03 9.73E-02
  5.92E+06 3.10E-18 8.15E-19 5.80E-14 4.72E-13 6.67E-09 1.28E-16 2.46E-45 3.92E-82 2.57E-75 5.69E-16 4.35E-24 3.37E-79 8.05E+06 2.87E+00 1.22E+04 2.15E-02 3.36E+03 4.60E-02
  6.02E+06 1.54E-18 1.07E-18 6.26E-14 3.72E-13 5.45E-09 6.13E-17 1.00E-45 3.85E-82 2.07E-75 3.90E-16 5.07E-24 1.48E-79 7.74E+06 1.02E+00 2.97E+04 1.40E-02 2.41E+03 1.53E-02
  6.12E+06 5.67E-20 2.89E-18 1.36E-13 2.15E-13 4.40E-09 6.81E-18 1.92E-47 3.75E-82 1.64E-75 2.12E-16 6.60E-24 6.21E-81 2.06E+07 1.50E-01 3.05E+05 3.22E-03 1.71E+03 1.03E-03
  6.22E+06 1.78E-21 4.71E-18 1.72E-13 1.07E-13 3.48E-09 6.02E-19 2.77E-49 3.59E-82 1.27E-75 1.50E-16 6.94E-24 1.16E-82 3.49E+07 1.94E-02 1.74E+06 8.00E-04 1.20E+03 5.27E-05
  6.32E+06 1.09E-22 5.52E-18 1.51E-13 6.62E-14 2.70E-09 7.70E-20 9.29E-51 3.38E-82 9.66E-76 1.37E-16 5.27E-24 3.56E-84 3.42E+07 2.48E-03 5.46E+06 2.10E-04 8.25E+02 2.87E-06
  6.42E+06 1.37E-23 5.52E-18 1.24E-13 5.66E-14 2.24E-09 1.67E-20 7.04E-52 3.26E-82 7.78E-76 1.45E-16 3.28E-24 2.25E-85 3.94E+07 3.39E-04 1.23E+07 8.34E-05 6.06E+02 2.09E-07
  6.52E+06 2.54E-24 5.46E-18 1.01E-13 4.99E-14 1.86E-09 4.78E-21 9.64E-53 3.14E-82 6.27E-76 1.47E-16 1.83E-24 2.55E-86 4.09E+07 4.81E-05 2.19E+07 3.63E-05 4.46E+02 2.36E-08
  6.62E+06 6.12E-25 5.50E-18 8.28E-14 4.28E-14 1.54E-09 1.67E-21 2.22E-53 3.01E-82 5.03E-76 1.37E-16 9.97E-25 4.96E-87 3.89E+07 7.19E-06 3.40E+07 1.60E-05 3.28E+02 3.87E-09
  6.72E+06 1.80E-25 5.67E-18 6.92E-14 3.55E-14 1.28E-09 6.75E-22 8.46E-54 2.87E-82 4.02E-76 1.17E-16 5.62E-25 1.63E-87 3.44E+07 1.15E-06 4.75E+07 7.03E-06 2.39E+02 7.72E-10
  6.82E+06 6.21E-26 5.98E-18 5.87E-14 2.86E-14 1.06E-09 3.07E-22 4.86E-54 2.72E-82 3.19E-76 9.33E-17 3.36E-25 8.28E-88 2.87E+07 2.00E-07 6.15E+07 3.08E-06 1.73E+02 1.67E-10
  6.92E+06 2.43E-26 6.43E-18 5.03E-14 2.24E-14 8.72E-10 1.53E-22 3.64E-54 2.56E-82 2.51E-76 6.97E-17 2.16E-25 5.58E-88 2.27E+07 3.82E-08 7.51E+07 1.34E-06 1.25E+02 3.75E-11
  7.02E+06 1.05E-26 7.02E-18 4.34E-14 1.71E-14 7.19E-10 8.12E-23 3.18E-54 2.39E-82 1.97E-76 4.91E-17 1.48E-25 4.46E-88 1.71E+07 7.99E-09 8.75E+07 5.75E-07 8.92E+01 8.60E-12
  7.12E+06 4.91E-27 7.76E-18 3.76E-14 1.27E-14 5.91E-10 4.55E-23 3.05E-54 2.21E-82 1.52E-76 3.29E-17 1.07E-25 3.96E-88 1.23E+07 1.79E-09 9.83E+07 2.46E-07 6.34E+01 2.00E-12
  7.22E+06 2.45E-27 8.66E-18 3.26E-14 9.27E-15 4.84E-10 2.65E-23 3.12E-54 2.03E-82 1.17E-76 2.11E-17 8.15E-26 3.78E-88 8.52E+06 4.19E-10 1.07E+08 1.04E-07 4.49E+01 4.71E-13
  7.32E+06 1.29E-27 9.71E-18 2.81E-14 6.58E-15 3.96E-10 1.59E-23 3.32E-54 1.84E-82 8.89E-77 1.30E-17 6.39E-26 3.79E-88 5.69E+06 1.01E-10 1.15E+08 4.43E-08 3.18E+01 1.12E-13
  7.42E+06 7.06E-28 1.09E-17 2.42E-14 4.57E-15 3.22E-10 9.75E-24 3.66E-54 1.64E-82 6.67E-77 7.68E-18 5.14E-26 3.94E-88 3.68E+06 2.47E-11 1.20E+08 1.88E-08 2.24E+01 2.68E-14
  7.52E+06 4.02E-28 1.24E-17 2.08E-14 3.10E-15 2.61E-10 6.09E-24 4.12E-54 1.45E-82 4.93E-77 4.40E-18 4.22E-26 4.19E-88 2.31E+06 6.12E-12 1.24E+08 7.99E-09 1.58E+01 6.53E-15
  7.62E+06 2.37E-28 1.39E-17 1.77E-14 2.06E-15 2.11E-10 3.86E-24 4.72E-54 1.26E-82 3.59E-77 2.44E-18 3.51E-26 4.54E-88 1.41E+06 1.53E-12 1.27E+08 3.44E-09 1.12E+01 1.62E-15
  7.72E+06 1.43E-28 1.57E-17 1.49E-14 1.35E-15 1.69E-10 2.47E-24 5.46E-54 1.07E-82 2.56E-77 1.32E-18 2.95E-26 4.96E-88 8.43E+05 3.86E-13 1.29E+08 1.50E-09 7.93E+00 4.09E-16
  7.82E+06 8.85E-29 1.76E-17 1.26E-14 8.65E-16 1.35E-10 1.59E-24 6.34E-54 8.97E-83 1.79E-77 6.97E-19 2.49E-26 5.42E-88 4.94E+05 9.86E-14 1.29E+08 6.66E-10 5.62E+00 1.06E-16
  7.92E+06 5.59E-29 1.97E-17 1.05E-14 5.46E-16 1.07E-10 1.03E-24 7.38E-54 7.33E-83 1.23E-77 3.61E-19 2.10E-26 5.91E-88 2.86E+05 2.56E-14 1.29E+08 3.02E-10 4.00E+00 2.83E-17
  8.02E+06 3.58E-29 2.19E-17 8.72E-15 3.41E-16 8.41E-11 6.73E-25 8.57E-54 5.83E-83 8.19E-78 1.85E-19 1.78E-26 6.39E-88 1.63E+05 6.78E-15 1.28E+08 1.40E-10 2.85E+00 7.77E-18
  8.12E+06 2.33E-29 2.42E-17 7.20E-15 2.10E-16 6.54E-11 4.38E-25 9.90E-54 4.49E-83 5.28E-78 9.27E-20 1.50E-26 6.85E-88 9.24E+04 1.81E-15 1.27E+08 6.64E-11 2.04E+00 2.18E-18
  8.22E+06 1.52E-29 2.66E-17 5.91E-15 1.28E-16 5.03E-11 2.85E-25 1.14E-53 3.33E-83 3.28E-78 4.58E-20 1.26E-26 7.24E-88 5.20E+04 4.92E-16 1.26E+08 3.20E-11 1.46E+00 6.28E-19
  8.32E+06 1.01E-29 2.91E-17 4.83E-15 7.74E-17 3.82E-11 1.85E-25 1.29E-53 2.37E-83 1.96E-78 2.24E-20 1.05E-26 7.53E-88 2.91E+04 1.36E-16 1.24E+08 1.57E-11 1.04E+00 1.85E-19
  8.42E+06 6.68E-30 3.15E-17 3.92E-15 4.64E-17 2.86E-11 1.20E-25 1.44E-53 1.61E-83 1.11E-78 1.09E-20 8.75E-27 7.67E-88 1.62E+04 3.82E-17 1.22E+08 7.82E-12 7.46E-01 5.54E-20
  8.52E+06 4.46E-30 3.39E-17 3.16E-15 2.77E-17 2.11E-11 7.70E-26 1.59E-53 1.04E-83 6.04E-79 5.24E-21 7.23E-27 7.62E-88 9.07E+03 1.10E-17 1.20E+08 3.94E-12 5.35E-01 1.70E-20
  8.62E+06 2.98E-30 3.61E-17 2.53E-15 1.64E-17 1.53E-11 4.93E-26 1.72E-53 6.35E-84 3.10E-79 2.52E-21 5.94E-27 7.36E-88 5.07E+03 3.27E-18 1.18E+08 2.01E-12 3.85E-01 5.29E-21
  8.72E+06 1.99E-30 3.81E-17 2.02E-15 9.65E-18 1.09E-11 3.14E-26 1.82E-53 3.67E-84 1.50E-79 1.21E-21 4.85E-27 6.89E-88 2.85E+03 1.00E-18 1.15E+08 1.03E-12 2.78E-01 1.68E-21
  8.82E+06 1.33E-30 3.97E-17 1.59E-15 5.65E-18 7.65E-12 1.98E-26 1.89E-53 1.99E-84 6.84E-80 5.81E-22 3.94E-27 6.23E-88 1.60E+03 3.19E-19 1.12E+08 5.35E-13 2.01E-01 5.40E-22
  8.92E+06 8.88E-31 4.08E-17 1.25E-15 3.29E-18 5.26E-12 1.24E-26 1.90E-53 1.02E-84 2.93E-80 2.80E-22 3.19E-27 5.42E-88 9.09E+02 1.06E-19 1.09E+08 2.79E-13 1.46E-01 1.77E-22
  9.02E+06 5.90E-31 4.14E-17 9.76E-16 1.91E-18 3.54E-12 7.71E-27 1.86E-53 4.86E-85 1.17E-80 1.35E-22 2.58E-27 4.52E-88 5.19E+02 3.68E-20 1.05E+08 1.47E-13 1.06E-01 5.88E-23
  9.12E+06 3.91E-31 4.15E-17 7.56E-16 1.10E-18 2.34E-12 4.75E-27 1.78E-53 2.18E-85 4.41E-81 6.59E-23 2.08E-27 3.62E-88 2.99E+02 1.35E-20 1.02E+08 7.77E-14 7.79E-02 1.98E-23
  9.22E+06 2.58E-31 4.10E-17 5.81E-16 6.33E-19 1.52E-12 2.90E-27 1.64E-53 9.14E-86 1.55E-81 3.24E-23 1.69E-27 2.77E-88 1.73E+02 5.21E-21 9.81E+07 4.14E-14 5.73E-02 6.80E-24
  9.32E+06 1.69E-31 3.99E-17 4.43E-16 3.62E-19 9.69E-13 1.75E-27 1.47E-53 3.60E-86 5.13E-82 1.61E-23 1.37E-27 2.03E-88 1.01E+02 2.13E-21 9.42E+07 2.22E-14 4.23E-02 2.37E-24
  9.42E+06 1.11E-31 3.83E-17 3.35E-16 2.06E-19 6.07E-13 1.05E-27 1.28E-53 1.33E-86 1.59E-82 8.08E-24 1.11E-27 1.42E-88 5.98E+01 9.13E-22 9.02E+07 1.20E-14 3.14E-02 8.42E-25
  9.52E+06 7.20E-32 3.63E-17 2.52E-16 1.17E-19 3.74E-13 6.24E-28 1.08E-53 4.65E-87 4.67E-83 4.12E-24 9.01E-28 9.48E-89 3.56E+01 4.11E-22 8.61E+07 6.50E-15 2.35E-02 3.04E-25
  9.62E+06 4.66E-32 3.38E-17 1.88E-16 6.66E-20 2.27E-13 3.68E-28 8.80E-54 1.54E-87 1.29E-83 2.14E-24 7.28E-28 6.08E-89 2.14E+01 1.93E-22 8.19E+07 3.55E-15 1.76E-02 1.12E-25
  9.72E+06 3.01E-32 3.11E-17 1.40E-16 3.79E-20 1.36E-13 2.15E-28 7.00E-54 4.82E-88 3.41E-84 1.14E-24 5.82E-28 3.73E-89 1.30E+01 9.51E-23 7.78E+07 1.95E-15 1.33E-02 4.19E-26
  9.82E+06 1.95E-32 2.83E-17 1.03E-16 2.18E-20 8.01E-14 1.25E-28 5.40E-54 1.45E-88 8.59E-85 6.29E-25 4.56E-28 2.20E-89 7.91E+00 4.95E-23 7.37E+07 1.07E-15 1.01E-02 1.62E-26
  9.92E+06 1.26E-32 2.51E-17 7.61E-17 1.31E-20 4.68E-14 7.23E-29 4.00E-54 4.19E-89 2.09E-85 3.65E-25 3.44E-28 1.21E-89 4.87E+00 2.82E-23 6.96E+07 5.94E-16 7.72E-03 6.92E-27

     Z        N2O5     CO2      SO4AER   S8AER   
  2.50E+04 2.41E+00 5.68E+15 5.10E+09 2.48E-19
  1.25E+05 4.55E+00 5.15E+15 5.44E+09 2.25E-19
  2.25E+05 1.24E+01 4.67E+15 6.67E+09 2.04E-19
  3.25E+05 4.17E+01 4.22E+15 8.27E+09 1.85E-19
  4.25E+05 1.55E+02 3.82E+15 9.88E+09 1.67E-19
  5.25E+05 5.43E+02 3.45E+15 1.13E+10 1.51E-19
  6.25E+05 1.32E+03 3.12E+15 1.26E+10 1.36E-19
  7.25E+05 2.17E+03 2.82E+15 1.36E+10 1.23E-19
  8.25E+05 3.00E+03 2.55E+15 1.44E+10 1.11E-19
  9.25E+05 3.98E+03 2.29E+15 1.50E+10 1.00E-19
  1.02E+06 5.25E+03 2.06E+15 1.55E+10 8.99E-20
  1.12E+06 8.45E+03 1.78E+15 1.66E+10 7.80E-20
  1.22E+06 2.47E+04 1.54E+15 2.07E+10 6.71E-20
  1.32E+06 8.68E+04 1.32E+15 2.64E+10 5.76E-20
  1.42E+06 3.32E+05 1.13E+15 3.29E+10 4.93E-20
  1.52E+06 8.06E+05 9.68E+14 3.52E+10 4.23E-20
  1.62E+06 1.38E+06 8.29E+14 3.30E+10 3.62E-20
  1.72E+06 1.70E+06 7.10E+14 2.75E+10 3.10E-20
  1.82E+06 1.59E+06 6.08E+14 2.08E+10 2.65E-20
  1.92E+06 1.19E+06 5.19E+14 1.45E+10 2.26E-20
  2.02E+06 7.26E+05 4.43E+14 9.75E+09 1.93E-20
  2.12E+06 3.63E+05 3.77E+14 6.56E+09 1.64E-20
  2.22E+06 1.46E+05 3.21E+14 4.47E+09 1.40E-20
  2.32E+06 4.57E+04 2.74E+14 3.09E+09 1.19E-20
  2.42E+06 1.11E+04 2.34E+14 2.18E+09 1.02E-20
  2.52E+06 2.09E+03 2.00E+14 1.56E+09 8.70E-21
  2.62E+06 3.07E+02 1.71E+14 1.12E+09 7.46E-21
  2.72E+06 3.78E+01 1.47E+14 8.23E+08 6.41E-21
  2.82E+06 4.63E+00 1.27E+14 6.09E+08 5.52E-21
  2.92E+06 6.49E-01 1.09E+14 4.56E+08 4.76E-21
  3.02E+06 1.08E-01 9.42E+13 3.44E+08 4.10E-21
  3.12E+06 2.16E-02 8.10E+13 2.62E+08 3.52E-21
  3.22E+06 5.11E-03 6.96E+13 1.98E+08 3.03E-21
  3.32E+06 1.40E-03 5.97E+13 1.48E+08 2.60E-21
  3.42E+06 4.44E-04 5.12E+13 1.10E+08 2.23E-21
  3.52E+06 1.62E-04 4.38E+13 8.05E+07 1.91E-21
  3.62E+06 6.80E-05 3.75E+13 5.85E+07 1.63E-21
  3.72E+06 3.25E-05 3.21E+13 4.21E+07 1.40E-21
  3.82E+06 1.75E-05 2.74E+13 3.00E+07 1.19E-21
  3.92E+06 1.05E-05 2.34E+13 2.11E+07 1.02E-21
  4.02E+06 6.80E-06 2.00E+13 1.47E+07 8.69E-22
  4.12E+06 4.76E-06 1.70E+13 1.01E+07 7.40E-22
  4.22E+06 3.58E-06 1.45E+13 6.78E+06 6.29E-22
  4.32E+06 2.91E-06 1.23E+13 4.49E+06 5.34E-22
  4.42E+06 2.60E-06 1.04E+13 2.93E+06 4.52E-22
  4.52E+06 2.51E-06 8.77E+12 1.87E+06 3.81E-22
  4.62E+06 2.46E-06 7.37E+12 1.16E+06 3.21E-22
  4.72E+06 2.27E-06 6.17E+12 7.00E+05 2.69E-22
  4.82E+06 1.97E-06 5.15E+12 4.09E+05 2.24E-22
  4.92E+06 1.59E-06 4.28E+12 2.30E+05 1.87E-22
  5.02E+06 1.16E-06 3.56E+12 1.24E+05 1.55E-22
  5.12E+06 7.71E-07 2.95E+12 6.37E+04 1.29E-22
  5.22E+06 4.77E-07 2.44E+12 3.08E+04 1.07E-22
  5.32E+06 2.76E-07 2.01E+12 1.39E+04 8.82E-23
  5.42E+06 1.51E-07 1.67E+12 5.75E+03 7.31E-23
  5.52E+06 7.84E-08 1.38E+12 2.16E+03 6.06E-23
  5.62E+06 3.85E-08 1.14E+12 7.23E+02 5.03E-23
  5.72E+06 1.77E-08 9.43E+11 2.10E+02 4.17E-23
  5.82E+06 7.53E-09 7.79E+11 5.14E+01 3.46E-23
  5.92E+06 3.07E-09 6.41E+11 1.02E+01 2.86E-23
  6.02E+06 8.84E-10 5.23E+11 1.54E+00 2.35E-23
  6.12E+06 4.45E-11 4.21E+11 1.60E-01 1.90E-23
  6.22E+06 1.64E-12 3.32E+11 1.00E-02 1.51E-23
  6.32E+06 6.96E-14 2.57E+11 3.14E-04 1.18E-23
  6.42E+06 5.16E-15 2.13E+11 4.53E-06 9.87E-24
  6.52E+06 7.14E-16 1.76E+11 1.39E-08 8.26E-24
  6.62E+06 1.25E-16 1.46E+11 1.33E-11 6.92E-24
  6.72E+06 2.32E-17 1.21E+11 8.59E-14 5.79E-24
  6.82E+06 4.32E-18 1.00E+11 2.60E-16 4.85E-24
  6.92E+06 8.02E-19 8.30E+10 3.24E-19 4.06E-24
  7.02E+06 1.48E-19 6.86E+10 1.43E-22 3.40E-24
  7.12E+06 2.70E-20 5.67E+10 2.85E-24 2.85E-24
  7.22E+06 4.92E-21 4.68E+10 2.39E-24 2.39E-24
  7.32E+06 8.95E-22 3.86E+10 2.00E-24 2.00E-24
  7.42E+06 1.64E-22 3.18E+10 1.68E-24 1.68E-24
  7.52E+06 3.03E-23 2.62E+10 1.40E-24 1.40E-24
  7.62E+06 5.71E-24 2.16E+10 1.18E-24 1.18E-24
  7.72E+06 1.11E-24 1.77E+10 9.86E-25 9.86E-25
  7.82E+06 2.23E-25 1.45E+10 8.26E-25 8.26E-25
  7.92E+06 4.69E-26 1.19E+10 6.92E-25 6.92E-25
  8.02E+06 1.03E-26 9.74E+09 5.80E-25 5.80E-25
  8.12E+06 2.34E-27 7.95E+09 4.87E-25 4.87E-25
  8.22E+06 5.53E-28 6.48E+09 4.08E-25 4.08E-25
  8.32E+06 1.35E-28 5.26E+09 3.42E-25 3.42E-25
  8.42E+06 3.41E-29 4.26E+09 2.87E-25 2.87E-25
  8.52E+06 8.85E-30 3.44E+09 2.40E-25 2.40E-25
  8.62E+06 2.35E-30 2.76E+09 2.02E-25 2.02E-25
  8.72E+06 6.37E-31 2.22E+09 1.69E-25 1.69E-25
  8.82E+06 1.76E-31 1.77E+09 1.42E-25 1.42E-25
  8.92E+06 4.94E-32 1.41E+09 1.19E-25 1.19E-25
  9.02E+06 1.41E-32 1.12E+09 9.97E-26 9.97E-26
  9.12E+06 4.11E-33 8.81E+08 8.36E-26 8.36E-26
  9.22E+06 1.21E-33 6.93E+08 7.02E-26 7.02E-26
  9.32E+06 3.64E-34 5.43E+08 5.89E-26 5.89E-26
  9.42E+06 1.11E-34 4.24E+08 4.94E-26 4.94E-26
  9.52E+06 3.44E-35 3.30E+08 4.14E-26 4.14E-26
  9.62E+06 1.09E-35 2.57E+08 3.48E-26 3.48E-26
  9.72E+06 3.48E-36 1.99E+08 2.92E-26 2.92E-26
  9.82E+06 1.14E-36 1.54E+08 2.45E-26 2.45E-26
  9.92E+06 4.02E-37 1.18E+08 2.06E-26 2.06E-26

 FLUXES OF LONG-LIVED SPECIES


     Z        O         O2        H2O       H         OH        HO2       H2O2      H2        CO        HCO       H2CO      CH4       CH3       C2H6      NO        NO2       HNO       H2S     
  0.00E+00 -3.93E+04  3.54E+11  1.33E+13 -9.72E+00 -1.00E+06 -3.10E+08 -7.10E+09 -1.64E+10  1.60E+11 -3.70E-01 -1.06E+09  1.26E+11 -3.43E+00  9.76E-17 -4.32E+03 -6.04E+04 -1.88E+02  2.00E+08
  5.00E+04 -1.32E+04  3.41E+11  0.00E+00 -2.15E+00 -1.94E+05 -2.77E+07 -4.94E+09 -1.52E+10  1.51E+11 -8.41E-02 -7.16E+06  1.15E+11 -2.31E-01  1.62E-06 -1.58E+06 -4.49E+05  7.10E+00  1.36E+08
  1.50E+05 -2.27E+04  3.15E+11  0.00E+00 -2.60E+00 -2.55E+05 -2.04E+07 -2.98E+09 -1.24E+10  1.34E+11 -5.55E-02  3.59E+08  9.40E+10 -2.98E-01  5.51E-06 -2.69E+06 -2.58E+06  6.17E+01  6.18E+07
  2.50E+05 -3.55E+04  2.92E+11  0.00E+00 -2.77E+00 -2.77E+05 -1.33E+07 -9.34E+08 -9.84E+09  1.17E+11 -4.33E-02  3.70E+08  7.52E+10 -2.07E-01  1.07E-05 -4.06E+06 -4.46E+06  3.69E+01  2.69E+07
  3.50E+05 -5.32E+04  2.72E+11  0.00E+00 -2.64E+00 -2.63E+05 -3.78E+06  1.36E+09 -7.60E+09  9.98E+10 -2.22E-02  3.86E+08  5.86E+10 -8.62E-02  1.63E-05 -5.79E+06 -6.29E+06  1.77E+01  1.12E+07
  4.50E+05 -7.38E+04  2.56E+11  0.00E+00 -1.87E+00 -1.99E+05  7.89E+06  2.84E+09 -5.72E+09  8.27E+10  1.21E-02  4.26E+08  4.45E+10  1.53E-01  2.07E-05 -6.23E+06 -5.76E+06  7.54E+00  4.46E+06
  5.50E+05 -9.64E+04  2.42E+11  0.00E+00 -5.85E-01 -8.18E+04  1.71E+07  3.43E+09 -4.21E+09  6.65E+10  4.72E-02  4.39E+08  3.33E+10  3.83E-01  2.21E-05 -2.28E+06 -2.49E+04  2.20E+00  1.73E+06
  6.50E+05 -1.19E+05  2.31E+11  0.00E+00  6.50E-01  3.50E+04  2.23E+07  3.36E+09 -3.02E+09  5.23E+10  6.33E-02  3.89E+08  2.54E+10  4.78E-01  1.97E-05  1.82E+06  4.68E+06 -9.27E-01  6.76E+05
  7.50E+05 -1.42E+05  2.23E+11  0.00E+00  1.02E+00  6.72E+04  2.35E+07  2.90E+09 -2.16E+09  4.06E+10  5.34E-02  2.83E+08  2.04E+10  3.90E-01  1.54E-05 -2.42E+06  9.79E+05 -5.19E+00  2.74E+05
  8.50E+05 -1.64E+05  2.13E+11  0.00E+00  6.99E-01  3.68E+04  2.09E+07  2.22E+09 -1.57E+09  3.13E+10  3.54E-02  1.76E+08  1.74E+10  2.55E-01  1.10E-05 -1.18E+07 -4.36E+06 -1.55E+01  1.16E+05
  9.50E+05 -1.81E+05  2.00E+11  0.00E+00  1.20E-01 -1.61E+04  1.56E+07  1.47E+09 -1.19E+09  2.39E+10  1.93E-02  9.36E+07  1.56E+10  1.44E-01  7.45E-06 -2.15E+07 -6.55E+06 -3.20E+01  4.97E+04
  1.05E+06 -2.49E+05  1.81E+11  0.00E+00 -9.98E-01 -8.51E+04  5.32E+06  7.71E+08 -9.49E+08  1.77E+10  2.14E-03  2.31E+07  1.46E+10 -1.23E-03  4.81E-06 -2.09E+07 -7.05E+06 -2.46E+01  1.86E+04
  1.15E+06 -2.32E+05  1.59E+11  3.68E+12 -4.15E-01 -3.88E+04  2.33E+06  2.82E+08 -7.87E+08  1.24E+10 -1.36E-03  1.34E+06  1.38E+10 -1.29E-02  2.74E-06 -1.35E+07 -7.34E+06 -1.54E+00  4.45E+03
  1.25E+06 -2.66E+05  1.35E+11  4.41E+10 -3.26E-01 -3.68E+04  5.86E+05  6.80E+07 -6.60E+08  8.28E+09 -1.64E-03 -6.46E+05  1.32E+10 -1.30E-02  1.06E-06 -9.92E+06 -7.53E+06  2.12E+00  6.49E+02
  1.35E+06 -2.77E+05  1.10E+11 -2.00E+10 -1.63E-01 -2.93E+04  7.43E+04  1.04E+07 -5.47E+08  5.04E+09 -1.42E-03 -8.51E+05  1.26E+10 -1.08E-02 -3.53E-07 -6.38E+06 -7.32E+06  1.34E+00  4.36E+01
  1.45E+06 -3.32E+05  8.53E+10 -1.91E+10 -1.15E-01 -2.65E+04 -4.36E+04  1.63E+06 -4.44E+08  2.74E+09 -1.29E-03 -5.20E+05  1.19E+10 -1.02E-02 -1.60E-06 -5.37E+06 -6.80E+06  4.56E-01  1.50E+00
  1.55E+06 -3.82E+05  6.45E+10 -1.81E+10 -1.17E-01 -2.56E+04 -7.32E+04  2.49E+05 -3.57E+08  1.33E+09 -1.21E-03 -3.13E+05  1.13E+10 -9.95E-03 -2.72E-06 -4.77E+06 -5.68E+06  1.69E-01  4.80E-02
  1.65E+06 -4.53E+05  4.97E+10 -1.71E+10 -1.84E-01 -2.89E+04 -9.73E+04 -1.82E+05 -2.90E+08  5.82E+08 -1.31E-03 -2.24E+05  1.06E+10 -1.10E-02 -3.87E-06 -4.06E+06 -4.02E+06  8.24E-02  6.52E-03
  1.75E+06 -5.93E+05  4.13E+10 -1.60E+10 -3.39E-01 -3.64E+04 -1.30E+05 -4.41E+05 -2.48E+08  2.34E+08 -1.60E-03 -1.91E+05  1.00E+10 -1.39E-02 -5.34E-06 -3.00E+06 -2.15E+06  6.22E-02  2.70E-03
  1.85E+06 -8.34E+05  3.75E+10 -1.48E+10 -6.36E-01 -4.63E+04 -1.66E+05 -6.22E+05 -2.36E+08  8.28E+07 -2.03E-03 -1.71E+05  9.36E+09 -1.82E-02 -7.50E-06 -1.53E+06 -4.66E+05  5.60E-02  3.39E-03
  1.95E+06 -1.28E+06  3.56E+10 -1.36E+10 -1.30E+00 -6.17E+04 -2.02E+05 -6.76E+05 -2.59E+08  2.11E+07 -2.78E-03 -1.76E+05  8.72E+09 -2.63E-02 -1.10E-05 -1.26E+05  8.25E+05  3.78E-02  5.44E-03
  2.05E+06 -2.06E+06  3.30E+10 -1.22E+10 -2.88E+00 -8.74E+04 -2.25E+05 -4.92E+05 -3.22E+08 -1.71E+06 -4.09E-03 -1.97E+05  8.07E+09 -4.09E-02 -1.65E-05  8.69E+05  1.71E+06  1.71E-03  1.52E-03
  2.15E+06 -3.26E+06  2.73E+10 -1.08E+10 -6.66E+00 -1.26E+05 -2.16E+05 -8.63E+04 -4.31E+08 -6.13E+06 -6.05E-03 -2.07E+05  7.40E+09 -6.41E-02 -2.51E-05  1.49E+06  2.17E+06 -2.79E-03  1.72E-04
  2.25E+06 -5.06E+06  1.74E+10 -9.22E+09 -1.61E+01 -1.86E+05 -1.80E+05  3.41E+05 -5.97E+08 -1.21E+06 -9.01E-03 -1.93E+05  6.70E+09 -1.02E-01 -3.80E-05  1.68E+06  2.20E+06 -3.12E-03  1.78E-05
  2.35E+06 -7.40E+06  4.01E+09 -7.51E+09 -3.87E+01 -2.68E+05 -1.27E+05  5.70E+05 -8.33E+08  7.48E+06 -1.26E-02 -1.39E+05  5.96E+09 -1.54E-01 -5.64E-05  1.61E+06  1.86E+06 -3.37E-03  1.75E-06
  2.45E+06 -1.01E+07 -1.02E+10 -5.67E+09 -8.98E+01 -3.69E+05 -7.49E+04  5.63E+05 -1.15E+09  1.55E+07 -1.62E-02 -5.20E+04  5.20E+09 -2.15E-01 -8.12E-05  1.40E+06  1.33E+06 -3.57E-03  1.73E-07
  2.55E+06 -1.33E+07 -2.09E+10 -3.72E+09 -1.98E+02 -4.72E+05 -4.61E+04  4.18E+05 -1.54E+09  1.82E+07 -1.87E-02  3.35E+04  4.42E+09 -2.75E-01 -1.17E-04  1.16E+06  8.17E+05 -3.27E-03  1.81E-08
  2.65E+06 -1.54E+07 -2.32E+10 -1.76E+09 -3.73E+02 -4.98E+05 -4.85E+04  2.50E+05 -2.00E+09  1.18E+07 -1.59E-02  1.40E+05  3.67E+09 -2.77E-01 -1.81E-04  9.45E+05  4.22E+05 -6.67E-04  2.09E-09
  2.75E+06 -1.50E+07 -1.78E+10  8.08E+07 -5.59E+02 -4.21E+05 -7.06E+04  1.46E+05 -2.48E+09 -1.51E+06 -8.43E-03  2.15E+05  2.99E+09 -2.15E-01 -3.46E-04  7.52E+05  1.85E+05  3.08E-03  2.90E-10
  2.85E+06 -1.40E+07 -1.11E+10  1.64E+09 -7.56E+02 -3.46E+05 -9.57E+04  8.71E+04 -2.94E+09 -1.44E+07 -2.44E-03  2.37E+05  2.44E+09 -1.51E-01 -7.92E-04  5.51E+05  7.64E+04  4.52E-03  4.99E-11
  2.95E+06 -1.30E+07 -6.53E+09  2.90E+09 -9.84E+02 -3.05E+05 -1.15E+05  4.66E+04 -3.35E+09 -2.44E+07  4.98E-04  2.17E+05  2.02E+09 -1.14E-01 -1.87E-03  3.79E+05  3.19E+04  4.16E-03  9.86E-12
  3.05E+06 -1.30E+07 -4.21E+09  3.87E+09 -1.34E+03 -3.04E+05 -1.35E+05  1.80E+04 -3.69E+09 -3.22E+07  1.20E-03  1.84E+05  1.70E+09 -1.11E-01 -4.21E-03  2.54E+05  1.44E+04  3.09E-03  2.17E-12
  3.15E+06 -1.33E+07 -3.05E+09  4.62E+09 -1.87E+03 -3.22E+05 -1.55E+05 -3.10E+03 -3.99E+09 -3.86E+07  1.16E-03  1.53E+05  1.47E+09 -1.22E-01 -8.89E-03  1.68E+05  7.00E+03  2.05E-03  5.31E-13
  3.25E+06 -1.32E+07 -2.34E+09  5.21E+09 -2.53E+03 -3.38E+05 -1.70E+05 -1.85E+04 -4.23E+09 -4.37E+07  1.08E-03  1.25E+05  1.30E+09 -1.31E-01 -1.75E-02  1.11E+05  3.57E+03  1.25E-03  1.44E-13
  3.35E+06 -1.36E+07 -1.92E+09  5.66E+09 -3.48E+03 -3.58E+05 -1.84E+05 -3.01E+04 -4.44E+09 -4.84E+07  1.07E-03  1.04E+05  1.18E+09 -1.38E-01 -3.25E-02  7.12E+04  1.92E+03  5.83E-04  4.33E-14
  3.45E+06 -1.43E+07 -1.66E+09  6.01E+09 -4.83E+03 -3.81E+05 -1.98E+05 -3.94E+04 -4.61E+09 -5.35E+07  1.22E-03  8.83E+04  1.09E+09 -1.39E-01 -5.72E-02  4.33E+04  1.06E+03 -8.95E-06  1.43E-14
  3.55E+06 -1.52E+07 -1.49E+09  6.29E+09 -6.70E+03 -4.03E+05 -2.10E+05 -4.68E+04 -4.76E+09 -5.97E+07  1.46E-03  7.53E+04  1.03E+09 -1.35E-01 -9.52E-02  2.26E+04  5.86E+02 -5.77E-04  5.20E-15
  3.65E+06 -1.69E+07 -1.39E+09  6.50E+09 -9.59E+03 -4.38E+05 -2.29E+05 -5.53E+04 -4.88E+09 -6.85E+07  1.73E-03  6.57E+04  9.81E+08 -1.29E-01 -1.51E-01  6.34E+03  3.04E+02 -1.23E-03  2.06E-15
  3.75E+06 -1.85E+07 -1.32E+09  6.66E+09 -1.36E+04 -4.71E+05 -2.46E+05 -6.38E+04 -4.98E+09 -8.13E+07  2.02E-03  5.67E+04  9.48E+08 -1.15E-01 -2.26E-01 -7.28E+03  1.17E+02 -1.96E-03  8.83E-16
  3.85E+06 -2.07E+07 -1.26E+09  6.79E+09 -1.94E+04 -5.08E+05 -2.66E+05 -7.32E+04 -5.05E+09 -1.02E+08  2.14E-03  4.77E+04  9.25E+08 -1.02E-01 -3.25E-01 -1.94E+04 -1.62E+01 -2.85E-03  4.07E-16
  3.95E+06 -2.39E+07 -1.23E+09  6.89E+09 -2.87E+04 -5.62E+05 -2.95E+05 -8.60E+04 -5.12E+09 -1.35E+08  1.90E-03  3.94E+04  9.09E+08 -9.49E-02 -4.49E-01 -3.10E+04 -1.17E+02 -4.02E-03  2.00E-16
  4.05E+06 -2.76E+07 -1.22E+09  6.96E+09 -4.25E+04 -6.21E+05 -3.26E+05 -1.02E+05 -5.17E+09 -1.89E+08 -2.71E-04  2.83E+04  8.98E+08 -1.29E-01 -5.95E-01 -4.24E+04 -2.06E+02 -5.54E-03  1.04E-16
  4.15E+06 -3.12E+07 -1.24E+09  7.01E+09 -6.40E+04 -7.13E+05 -3.77E+05 -1.31E+05 -5.21E+09 -2.74E+08 -1.13E-02  4.59E+03  8.89E+08 -4.14E-01 -7.64E-01 -5.43E+04 -3.01E+02 -7.71E-03  5.56E-17
  4.25E+06 -3.32E+07 -1.30E+09  7.06E+09 -1.00E+05 -9.12E+05 -4.87E+05 -1.96E+05 -5.23E+09 -4.00E+08 -5.15E-02 -5.16E+04  8.81E+08 -1.67E+00 -9.52E-01 -6.70E+04 -4.50E+02 -1.13E-02  2.92E-17
  4.35E+06 -3.12E+07 -1.40E+09  7.09E+09 -1.63E+05 -1.30E+06 -7.01E+05 -3.29E+05 -5.24E+09 -5.73E+08 -1.61E-01 -1.60E+05  8.69E+08 -5.67E+00 -1.16E+00 -8.05E+04 -7.15E+02 -1.77E-02  1.40E-17
  4.45E+06 -2.71E+07 -1.53E+09  7.11E+09 -2.71E+05 -1.85E+06 -1.02E+06 -5.38E+05 -5.21E+09 -7.91E+08 -3.84E-01 -3.03E+05  8.45E+08 -1.53E+01 -1.39E+00 -9.46E+04 -1.12E+03 -2.85E-02  5.83E-18
  4.55E+06 -2.64E+07 -1.68E+09  7.12E+09 -4.46E+05 -2.38E+06 -1.32E+06 -7.72E+05 -5.14E+09 -1.04E+09 -7.07E-01 -4.14E+05  8.01E+08 -3.25E+01 -1.65E+00 -1.09E+05 -1.55E+03 -4.37E-02  2.75E-18
  4.65E+06 -3.35E+07 -1.84E+09  7.12E+09 -7.63E+05 -2.87E+06 -1.59E+06 -9.84E+05 -4.99E+09 -1.32E+09 -1.11E+00 -4.66E+05  7.32E+08 -6.05E+01 -1.94E+00 -1.23E+05 -1.88E+03 -6.43E-02  2.09E-18
  4.75E+06 -4.16E+07 -2.02E+09  5.47E+09 -1.26E+06 -3.19E+06 -1.77E+06 -1.12E+06 -4.78E+09 -1.59E+09 -1.42E+00 -4.12E+05  6.40E+08 -9.39E+01 -2.22E+00 -1.38E+05 -2.09E+03 -8.93E-02  1.78E-18
  4.85E+06 -4.90E+07 -2.21E+09  3.57E+09 -2.06E+06 -3.48E+06 -1.91E+06 -1.19E+06 -4.49E+09 -1.87E+09 -1.56E+00 -2.91E+05  5.35E+08 -1.28E+02 -2.45E+00 -1.53E+05 -2.22E+03 -1.21E-01  1.22E-18
  4.95E+06 -6.18E+07 -2.38E+09  3.45E+09 -3.31E+06 -3.52E+06 -1.88E+06 -1.08E+06 -4.16E+09 -2.16E+09 -1.53E+00 -1.71E+05  4.27E+08 -1.62E+02 -2.55E+00 -1.69E+05 -2.04E+03 -1.54E-01  1.17E-18
  5.05E+06 -7.62E+07 -2.54E+09  3.29E+09 -5.20E+06 -3.38E+06 -1.74E+06 -8.44E+05 -3.79E+09 -2.47E+09 -1.31E+00 -6.10E+04  3.27E+08 -1.86E+02 -2.47E+00 -1.86E+05 -1.69E+03 -1.89E-01  1.10E-18
  5.15E+06 -9.32E+07 -2.68E+09  3.07E+09 -7.99E+06 -3.11E+06 -1.50E+06 -5.50E+05 -3.41E+09 -2.83E+09 -1.00E+00  1.95E+04  2.42E+08 -1.94E+02 -2.16E+00 -2.04E+05 -1.25E+03 -2.23E-01  1.07E-18
  5.25E+06 -1.14E+08 -2.81E+09  2.83E+09 -1.21E+07 -2.74E+06 -1.21E+06 -2.53E+05 -3.02E+09 -3.23E+09 -6.74E-01  6.73E+04  1.73E+08 -1.84E+02 -1.66E+00 -2.23E+05 -7.70E+02 -2.56E-01  1.09E-18
  5.35E+06 -1.42E+08 -2.94E+09  2.56E+09 -1.81E+07 -2.28E+06 -8.87E+05  8.25E+03 -2.65E+09 -3.68E+09 -3.83E-01  8.81E+04  1.21E+08 -1.56E+02 -1.04E+00 -2.45E+05 -3.08E+02 -2.86E-01  1.15E-18
  5.45E+06 -1.78E+08 -3.06E+09  2.28E+09 -2.68E+07 -1.74E+06 -5.51E+05  2.13E+05 -2.29E+09 -4.17E+09 -1.54E-01  9.04E+04  8.30E+07 -1.09E+02 -4.24E-01 -2.69E+05  1.00E+02 -3.09E-01  1.20E-18
  5.55E+06 -2.29E+08 -3.17E+09  1.99E+09 -3.94E+07 -1.13E+06 -2.22E+05  3.56E+05 -1.94E+09 -4.69E+09  5.51E-03  8.20E+04  5.58E+07 -5.03E+01  9.13E-02 -2.98E+05  4.37E+02 -3.22E-01  1.19E-18
  5.65E+06 -3.06E+08 -3.25E+09  1.69E+09 -5.75E+07 -4.50E+05  8.76E+04  4.35E+05 -1.59E+09 -5.18E+09  1.07E-01  6.90E+04  3.70E+07  1.37E+01  4.35E-01 -3.33E+05  6.79E+02 -3.19E-01  1.11E-18
  5.75E+06 -4.28E+08 -3.26E+09  1.40E+09 -8.42E+07  2.55E+05  3.59E+05  4.47E+05 -1.26E+09 -5.60E+09  1.60E-01  5.52E+04  2.42E+07  6.96E+01  5.91E-01 -3.77E+05  8.24E+02 -2.93E-01  9.28E-19
  5.85E+06 -6.04E+08 -3.18E+09  1.11E+09 -1.24E+08  6.64E+05  4.73E+05  3.76E+05 -9.32E+08 -5.90E+09  1.74E-01  4.63E+04  1.57E+07  9.71E+01  5.99E-01 -4.36E+05  7.74E+02 -2.72E-01  6.27E-19
  5.95E+06 -8.10E+08 -3.04E+09  8.57E+08 -2.46E+08 -9.20E+05 -1.07E+05  2.91E+05 -6.10E+08 -6.06E+09  8.91E-02  4.26E+04  9.99E+06  9.18E+01  5.25E-01 -5.12E+05  4.31E+02 -5.40E-01  3.61E-19
  6.05E+06 -8.84E+09  1.05E+09  6.97E+08 -6.65E+08  7.57E+06  2.97E+06  4.35E+05 -2.38E+08 -6.12E+09  2.97E-01  1.18E+04  6.29E+06  1.93E+02  4.23E-01 -3.99E+05  1.92E+03  1.20E+00  4.35E-19
  6.15E+06 -4.29E+10  1.85E+10  4.69E+08 -6.66E+08  1.98E+06  9.06E+05  1.35E+05 -8.42E+05 -5.64E+09  5.14E-02  5.73E+04  3.92E+06  2.77E+01  3.27E-01  3.34E+05  1.42E+02  4.61E-01  3.98E-20
  6.25E+06 -9.07E+10  4.28E+10  2.93E+08 -4.68E+08  4.46E+05  1.84E+05  2.84E+04  7.99E+07 -5.01E+09  9.98E-02  5.39E+04  2.43E+06  3.92E+00  2.54E-01  5.73E+05  1.84E+01  8.44E-02  2.31E-21
  6.35E+06 -1.31E+11  6.32E+10  1.83E+08 -3.01E+08  1.25E+05  4.44E+04  5.85E+03  1.09E+08 -4.45E+09  3.35E-01  1.66E+04  1.53E+06  9.57E-01  1.99E-01  2.60E+05  4.72E+00  1.31E-02  1.13E-22
  6.45E+06 -1.67E+11  8.16E+10  1.14E+08 -1.86E+08  6.03E+04  1.62E+04  1.23E+03  1.21E+08 -3.94E+09  2.13E-01  5.10E+03  9.74E+05  3.10E-01  1.56E-01  1.12E+05  1.79E+00  3.04E-03  5.11E-24
  6.55E+06 -1.99E+11  9.76E+10  7.09E+07 -1.10E+08  3.58E+04  6.88E+03  2.62E+02  1.27E+08 -3.49E+09  1.29E-01  2.11E+03  6.18E+05  1.22E-01  1.22E-01  6.30E+04  8.79E-01  9.37E-04  2.26E-25
  6.65E+06 -2.22E+11  1.09E+11  4.40E+07 -6.15E+07  2.27E+04  3.15E+03  5.67E+01  1.30E+08 -3.09E+09  7.44E-02  9.70E+02  3.93E+05  5.44E-02  9.42E-02  3.92E+04  4.65E-01  3.25E-04  1.00E-26
  6.75E+06 -2.34E+11  1.16E+11  2.72E+07 -3.01E+07  1.48E+04  1.52E+03  1.24E+01  1.32E+08 -2.73E+09  4.25E-02  4.79E+02  2.50E+05  2.63E-02  7.26E-02  2.52E+04  2.52E-01  1.21E-04  4.59E-28
  6.85E+06 -2.37E+11  1.18E+11  1.68E+07 -9.92E+06  9.71E+03  7.61E+02  2.77E+00  1.32E+08 -2.41E+09  2.44E-02  2.50E+02  1.59E+05  1.36E-02  5.58E-02  1.65E+04  1.37E-01  4.76E-05  2.38E-29
  6.95E+06 -2.32E+11  1.15E+11  1.04E+07  3.04E+06  6.35E+03  3.95E+02  6.31E-01  1.32E+08 -2.12E+09  1.43E-02  1.37E+02  1.02E+05  7.37E-03  4.28E-02  1.07E+04  7.44E-02  1.94E-05  1.75E-30
  7.05E+06 -2.20E+11  1.09E+11  6.40E+06  1.14E+07  4.11E+03  2.11E+02  1.47E-01  1.32E+08 -1.87E+09  8.52E-03  7.77E+01  6.54E+04  4.18E-03  3.27E-02  6.97E+03  4.01E-02  8.09E-06  2.30E-31
  7.15E+06 -2.04E+11  1.01E+11  3.96E+06  1.70E+07  2.62E+03  1.15E+02  3.49E-02  1.32E+08 -1.64E+09  5.18E-03  4.57E+01  4.22E+04  2.46E-03  2.50E-02  4.47E+03  2.14E-02  3.46E-06  4.77E-32
  7.25E+06 -1.84E+11  9.11E+10  2.45E+06  2.06E+07  1.65E+03  6.40E+01  8.55E-03  1.32E+08 -1.43E+09  3.22E-03  2.76E+01  2.73E+04  1.49E-03  1.91E-02  2.84E+03  1.13E-02  1.50E-06  1.24E-32
  7.35E+06 -1.62E+11  8.01E+10  1.52E+06  2.32E+07  1.02E+03  3.62E+01  2.16E-03  1.31E+08 -1.24E+09  2.03E-03  1.71E+01  1.78E+04  9.31E-04  1.46E-02  1.78E+03  5.94E-03  6.64E-07  3.58E-33
  7.45E+06 -1.39E+11  6.88E+10  9.44E+05  2.49E+07  6.22E+02  2.07E+01  5.66E-04  1.31E+08 -1.07E+09  1.31E-03  1.08E+01  1.17E+04  5.94E-04  1.12E-02  1.11E+03  3.10E-03  2.98E-07  1.12E-33
  7.55E+06 -1.16E+11  5.77E+10  5.90E+05  2.62E+07  3.73E+02  1.20E+01  1.54E-04  1.31E+08 -9.13E+08  8.52E-04  7.00E+00  7.71E+03  3.88E-04  8.60E-03  6.81E+02  1.61E-03  1.36E-07  3.74E-34
  7.65E+06 -9.56E+10  4.74E+10  3.71E+05  2.71E+07  2.21E+02  6.99E+00  4.33E-05  1.30E+08 -7.73E+08  5.65E-04  4.61E+00  5.12E+03  2.59E-04  6.61E-03  4.18E+02  8.40E-04  6.36E-08  1.32E-34
  7.75E+06 -7.72E+10  3.83E+10  2.35E+05  2.78E+07  1.30E+02  4.13E+00  1.27E-05  1.30E+08 -6.49E+08  3.81E-04  3.08E+00  3.43E+03  1.76E-04  5.10E-03  2.57E+02  4.40E-04  3.03E-08  4.85E-35
  7.85E+06 -6.14E+10  3.04E+10  1.49E+05  2.83E+07  7.54E+01  2.46E+00  3.87E-06  1.30E+08 -5.40E+08  2.59E-04  2.10E+00  2.32E+03  1.22E-04  3.94E-03  1.59E+02  2.34E-04  1.49E-08  1.87E-35
  7.95E+06 -4.82E+10  2.39E+10  9.59E+04  2.87E+07  4.36E+01  1.48E+00  1.23E-06  1.30E+08 -4.45E+08  1.79E-04  1.45E+00  1.57E+03  8.61E-05  3.05E-03  9.90E+01  1.26E-04  7.50E-09  7.44E-36
  8.05E+06 -3.76E+10  1.86E+10  6.20E+04  2.90E+07  2.49E+01  8.95E-01  4.02E-07  1.30E+08 -3.65E+08  1.26E-04  1.02E+00  1.08E+03  6.29E-05  2.37E-03  6.22E+01  6.85E-05  3.87E-09  3.05E-36
  8.15E+06 -2.90E+10  1.44E+10  4.04E+04  2.92E+07  1.41E+01  5.43E-01  1.35E-07  1.30E+08 -2.97E+08  9.03E-05  7.39E-01  7.46E+02  4.70E-05  1.85E-03  3.98E+01  3.80E-05  2.05E-09  1.27E-36
  8.25E+06 -2.24E+10  1.11E+10  2.66E+04  2.94E+07  8.06E+00  3.32E-01  4.70E-08  1.30E+08 -2.40E+08  6.50E-05  5.38E-01  5.21E+02  3.56E-05  1.44E-03  2.61E+01  2.16E-05  1.12E-09  5.44E-37
  8.35E+06 -1.72E+10  8.49E+09  1.77E+04  2.95E+07  4.61E+00  2.05E-01  1.68E-08  1.30E+08 -1.93E+08  4.70E-05  3.95E-01  3.67E+02  2.74E-05  1.13E-03  1.75E+01  1.26E-05  6.34E-10  2.37E-37
  8.45E+06 -1.32E+10  6.51E+09  1.19E+04  2.96E+07  2.65E+00  1.28E-01  6.17E-09  1.30E+08 -1.54E+08  3.39E-05  2.92E-01  2.62E+02  2.14E-05  8.86E-04  1.20E+01  7.49E-06  3.69E-10  1.06E-37
  8.55E+06 -1.01E+10  5.00E+09  8.14E+03  2.96E+07  1.54E+00  8.05E-02  2.33E-09  1.29E+08 -1.22E+08  2.43E-05  2.16E-01  1.89E+02  1.69E-05  6.97E-04  8.48E+00  4.56E-06  2.20E-10  4.79E-38
  8.65E+06 -7.77E+09  3.83E+09  5.63E+03  2.97E+07  9.02E-01  5.12E-02  9.09E-10  1.29E+08 -9.66E+07  1.70E-05  1.59E-01  1.38E+02  1.34E-05  5.49E-04  6.10E+00  2.83E-06  1.34E-10  2.22E-38
  8.75E+06 -5.97E+09  2.95E+09  3.95E+03  2.97E+07  5.35E-01  3.29E-02  3.65E-10  1.29E+08 -7.58E+07  1.13E-05  1.16E-01  1.02E+02  1.07E-05  4.33E-04  4.47E+00  1.79E-06  8.37E-11  1.05E-38
  8.85E+06 -4.59E+09  2.26E+09  2.81E+03  2.98E+07  3.21E-01  2.13E-02  1.51E-10  1.29E+08 -5.90E+07  6.72E-06  8.13E-02  7.62E+01  8.47E-06  3.41E-04  3.32E+00  1.15E-06  5.32E-11  5.05E-39
  8.95E+06 -3.52E+09  1.74E+09  2.03E+03  2.98E+07  1.95E-01  1.40E-02  6.43E-11  1.29E+08 -4.57E+07  2.84E-06  5.33E-02  5.75E+01  6.59E-06  2.68E-04  2.49E+00  7.49E-07  3.44E-11  2.49E-39
  9.05E+06 -2.70E+09  1.33E+09  1.48E+03  2.98E+07  1.20E-01  9.26E-03  2.83E-11  1.29E+08 -3.51E+07 -6.52E-07  2.95E-02  4.39E+01  4.91E-06  2.11E-04  1.89E+00  4.95E-07  2.26E-11  1.26E-39
  9.15E+06 -2.07E+09  1.02E+09  1.09E+03  2.98E+07  7.53E-02  6.20E-03  1.28E-11  1.29E+08 -2.66E+07 -4.00E-06  8.16E-03  3.36E+01  3.32E-06  1.64E-04  1.44E+00  3.31E-07  1.50E-11  6.49E-40
  9.25E+06 -1.57E+09  7.76E+08  8.12E+02  2.98E+07  4.74E-02  4.20E-03  6.00E-12  1.29E+08 -2.00E+07 -7.43E-06 -1.19E-02  2.59E+01  1.73E-06  1.27E-04  1.10E+00  2.25E-07  1.02E-11  3.44E-40
  9.35E+06 -1.18E+09  5.84E+08  6.05E+02  2.98E+07  2.99E-02  2.88E-03  2.90E-12  1.29E+08 -1.48E+07 -1.11E-05 -3.15E-02  1.98E+01  5.91E-08  9.74E-05  8.37E-01  1.54E-07  6.95E-12  1.87E-40
  9.45E+06 -8.75E+08  4.32E+08  4.47E+02  2.98E+07  1.84E-02  1.99E-03  1.45E-12  1.29E+08 -1.07E+07 -1.53E-05 -5.13E-02  1.51E+01 -1.79E-06  7.31E-05  6.33E-01  1.07E-07  4.82E-12  1.05E-40
  9.55E+06 -6.30E+08  3.11E+08  3.26E+02  2.98E+07  1.07E-02  1.40E-03  7.45E-13  1.29E+08 -7.51E+06 -2.00E-05 -7.07E-02  1.12E+01 -3.90E-06  5.33E-05  4.71E-01  7.51E-08  3.38E-12  6.02E-41
  9.65E+06 -4.34E+08  2.15E+08  2.29E+02  2.98E+07  5.18E-03  9.89E-04  3.90E-13  1.29E+08 -5.03E+06 -2.53E-05 -8.79E-02  8.00E+00 -6.38E-06  3.71E-05  3.42E-01  5.34E-08  2.40E-12  3.55E-41
  9.75E+06 -2.77E+08  1.37E+08  1.50E+02  2.98E+07  9.45E-04  7.08E-04  2.02E-13  1.29E+08 -3.11E+06 -3.10E-05 -9.75E-02  5.30E+00 -9.31E-06  2.39E-05  2.38E-01  3.83E-08  1.73E-12  2.10E-41
  9.85E+06 -1.49E+08  7.36E+07  8.30E+01  2.98E+07 -2.54E-03  5.12E-04  9.51E-14  1.29E+08 -1.62E+06 -3.63E-05 -8.91E-02  2.98E+00 -1.28E-05  1.29E-05  1.51E-01  2.78E-08  1.25E-12  1.15E-41
  9.95E+06 -4.48E+07  2.21E+07  2.59E+01  2.98E+07 -5.73E-03  3.74E-04  2.68E-14  1.29E+08 -4.71E+05 -3.96E-05 -4.44E-02  9.35E-01 -1.71E-05  3.91E-06  6.66E-02  2.01E-08  9.13E-13  3.86E-42
  1.00E+07 -2.45E-04  3.12E-06  8.06E-13  2.98E+07 -6.14E-10 -5.65E-12 -1.24E-27  1.29E+08  3.11E-06 -2.34E-12 -1.24E-12  1.99E-14 -1.28E-12  9.23E-20 -4.93E-11 -1.20E-16 -5.73E-21 -1.43E-53

     Z        HS        S         SO        SO2       H2SO4     HSO       S2        S4        S8        SO3       OCS       S3        O3        HNO3      N         NO3       N2O       HO2NO2  
  0.00E+00  2.22E-04  3.60E-11  9.91E-05 -1.57E+09 -9.03E+07 -2.31E+07  1.13E-23  4.89E-43 -8.19E-87  6.26E-05  1.26E-16  2.73E-40 -1.04E+10 -2.27E+07 -2.26E-68 -1.63E-05  1.73E+10 -8.59E+04
  5.00E+04  1.09E+03  5.19E-10 -9.19E+01 -1.64E+09 -9.45E+07  1.43E+06  1.88E-13  4.92E-36  4.99E-78 -6.95E-02  2.94E-05  6.04E-34 -2.09E+10 -2.71E+07 -3.26E-54 -1.95E+01  1.73E+10 -3.64E+05
  1.50E+05  5.69E+02 -4.72E-11 -4.07E+01 -1.09E+09 -9.77E+07  8.25E+06  6.76E-14  5.53E-37  5.40E-78 -1.40E-01  4.99E-05  5.53E-35 -4.01E+10 -4.03E+07 -9.36E-45 -2.28E+02  1.73E+10 -8.97E+05
  2.50E+05  2.62E+02 -6.17E-10 -1.57E+02 -7.80E+08 -9.31E+07  4.74E+06  8.80E-15  4.29E-38  5.09E-78 -2.93E-01  5.24E-05 -2.20E-35 -5.79E+10 -4.65E+07 -1.35E-35 -3.95E+02  1.72E+10 -2.48E+06
  3.50E+05  1.06E+02 -2.37E-09 -4.16E+02 -6.13E+08 -7.86E+07  2.07E+06 -5.40E-15 -3.82E-39  4.73E-78 -6.83E-01  5.05E-05 -1.16E-34 -7.45E+10 -4.20E+07 -9.37E-27 -5.38E+02  1.70E+10 -6.71E+06
  4.50E+05  3.96E+01 -8.44E-09 -9.33E+02 -5.27E+08 -5.76E+07  7.46E+05 -7.95E-15 -9.29E-39  4.34E-78 -1.56E+00  4.74E-05 -4.12E-34 -8.89E+10 -2.92E+07 -2.98E-18 -5.80E+02  1.68E+10 -1.91E+07
  5.50E+05  1.39E+01 -2.79E-08 -1.97E+03 -4.94E+08 -3.12E+07  1.41E+05 -7.51E-15 -7.09E-39  3.91E-78 -3.66E+00  4.38E-05 -1.28E-33 -1.00E+11 -1.20E+07 -3.54E-11 -4.65E+02  1.64E+10 -4.33E+07
  6.50E+05  4.55E+00 -8.75E-08 -4.11E+03 -4.73E+08 -6.94E+06 -1.87E+05 -1.08E-14 -1.37E-38  3.45E-78 -9.02E+00  4.00E-05 -4.04E-33 -1.08E+11 -3.10E+05 -3.86E-07 -3.98E+02  1.59E+10 -6.01E+07
  7.50E+05  1.25E+00 -2.63E-07 -8.53E+03 -4.28E+08  5.29E+06 -4.24E+05 -3.32E-14 -7.45E-38  2.95E-78 -2.48E+01  3.59E-05 -1.77E-32 -1.13E+11  1.43E+05 -1.53E-04 -5.27E+02  1.52E+10 -5.12E+07
  8.50E+05  2.60E-02 -7.59E-07 -1.75E+04 -3.50E+08  5.80E+06 -6.06E+05 -1.26E-13 -5.71E-37  2.42E-78 -7.84E+01  3.19E-05 -1.22E-31 -1.13E+11 -5.05E+06 -6.36E-03 -6.19E+02  1.45E+10 -3.09E+07
  9.50E+05 -5.19E-01 -2.04E-06 -3.39E+04 -2.51E+08  1.35E+05 -6.56E+05 -4.02E-13 -4.69E-36  2.07E-78 -2.78E+02  2.80E-05 -9.04E-31 -1.09E+11 -1.08E+07 -8.76E-02 -6.28E+02  1.35E+10 -1.29E+07
  1.05E+06 -3.00E-01 -3.03E-06 -3.11E+04 -1.54E+08 -5.07E+06 -2.02E+05 -5.38E-13 -1.31E-35  1.27E-77 -3.72E+02  2.43E-05 -2.66E-30 -9.96E+10 -1.64E+07 -3.73E-01 -6.06E+02  1.25E+10 -6.14E+06
  1.15E+06  1.76E-01 -1.67E-06 -1.01E+04 -7.04E+07 -4.22E+06  1.48E+05 -9.04E-15  1.29E-36  1.02E-76 -3.80E+02  2.11E-05 -6.51E-31 -8.72E+10 -2.05E+07 -4.79E-01 -6.89E+02  1.13E+10 -6.77E+06
  1.25E+06  6.43E-02 -1.42E-06 -4.82E+03 -1.02E+07 -2.86E+06  6.82E+04  4.63E-14  1.37E-36  1.49E-76 -1.12E+02  1.82E-05  5.63E-32 -7.30E+10 -2.17E+07 -7.99E-01 -9.82E+02  1.01E+10 -5.21E+06
  1.35E+06  1.65E-02 -6.90E-07 -4.81E+02  1.71E+07 -1.16E+06  2.03E+04  2.52E-14  2.40E-37  1.52E-76 -6.06E+01  1.52E-05  1.84E-31 -5.75E+10 -2.12E+07 -9.07E-01 -1.45E+03  8.80E+09 -4.24E+06
  1.45E+06  3.04E-03 -7.05E-07 -1.75E+02  1.79E+07  6.05E+04  5.10E+03  4.75E-15  1.64E-38  1.51E-76 -3.69E+01  1.18E-05  3.49E-32 -4.25E+10 -1.72E+07 -1.50E+00 -1.93E+03  7.52E+09 -2.50E+06
  1.55E+06  6.69E-04 -8.32E-07 -1.73E+02  1.37E+07  4.25E+05  1.59E+03  9.26E-16  2.03E-39  1.51E-76 -1.91E+01  8.36E-06  3.60E-33 -2.96E+10 -1.14E+07 -2.52E+00 -2.11E+03  6.26E+09 -1.20E+06
  1.65E+06  7.47E-05 -1.04E-06 -1.04E+02  1.09E+07  5.56E+05  6.25E+02 -3.74E-18  3.69E-40  1.50E-76 -6.53E+00  5.38E-06 -5.17E-33 -2.05E+10 -5.68E+06 -4.48E+00 -1.96E+03  5.07E+09 -1.87E+05
  1.75E+06 -3.48E-05 -1.18E-06  1.45E+02  9.19E+06  7.05E+05  3.84E+02 -1.10E-17  2.33E-40  1.49E-76  4.48E+00  3.16E-06 -2.92E-33 -1.55E+10 -9.29E+05 -8.29E+00 -1.61E+03  3.98E+09  4.88E+05
  1.85E+06  2.07E-04 -5.33E-07  6.63E+02  7.84E+06  8.85E+05  3.80E+02  7.68E-16  4.02E-40  1.48E-76  2.05E+01  1.69E-06  1.41E-32 -1.36E+10  2.30E+06 -1.46E+01 -1.19E+03  3.02E+09  8.14E+05
  1.95E+06  7.11E-04  1.88E-06  1.27E+03  6.19E+06  9.29E+05  3.97E+02  1.14E-15  1.22E-40  1.47E-76  4.36E+01  8.39E-07  1.39E-32 -1.30E+10  4.07E+06 -2.55E+01 -7.47E+02  2.22E+09  9.75E+05
  2.05E+06  2.29E-04  9.79E-07  3.38E+02  1.05E+06  2.21E+05  7.91E+01  6.10E-17  1.75E-43  1.46E-76  1.32E+01  3.45E-07  1.51E-34 -1.19E+10  4.61E+06 -4.39E+01 -2.26E+02  1.58E+09  9.95E+05
  2.15E+06  3.11E-05  1.85E-07  4.05E+01  8.81E+04  2.30E+04  7.25E+00  9.93E-19  3.49E-47  1.45E-76  1.86E+00  1.11E-07  3.47E-37 -8.92E+09  4.24E+06 -6.95E+01  4.02E+02  1.09E+09  8.18E+05
  2.25E+06  4.06E-06  3.40E-08  4.75E+00  7.20E+03  2.26E+03  6.22E-01  1.51E-20  5.99E-51  1.44E-76  2.69E-01  2.84E-08  7.14E-40 -3.19E+09  3.43E+06 -1.02E+02  9.78E+02  7.33E+08  5.40E+05
  2.35E+06  5.32E-07  6.12E-09  5.53E-01  5.72E+02  2.19E+02  5.11E-02  2.30E-22  1.05E-54  1.42E-76  3.87E-02  5.59E-09  1.45E-42  4.79E+09  2.47E+06 -1.32E+02  1.28E+03  4.78E+08  2.83E+05
  2.45E+06  7.26E-08  1.08E-09  6.45E-02  4.43E+01  1.91E+01  4.12E-03  3.70E-24  2.06E-58  1.41E-76  5.32E-03  8.14E-10  3.07E-45  1.32E+10  1.57E+06 -1.45E+02  1.22E+03  3.04E+08  1.21E+05
  2.55E+06  1.07E-08  1.85E-10  7.59E-03  3.35E+00 -4.81E-02  3.37E-04  6.56E-26  4.98E-62  1.39E-76  6.69E-04  8.50E-11  7.06E-48  1.92E+10  8.86E+05 -1.28E+02  8.90E+02  1.90E+08  4.31E+04
  2.65E+06  1.71E-09  3.07E-11  9.05E-04  2.52E-01  5.02E-01  2.83E-05  1.31E-27  1.55E-65  1.38E-76  7.63E-05  6.41E-12  1.80E-50  1.96E+10  4.32E+05 -8.73E+01  5.22E+02  1.17E+08  1.31E+04
  2.75E+06  3.11E-10  5.06E-12  1.13E-04  2.00E-02  7.35E-01  2.66E-06  3.16E-29  7.29E-69  1.35E-76  7.91E-06  3.74E-13  5.70E-53  1.50E+10  1.77E+05 -4.68E+01  2.47E+02  7.12E+07  3.70E+03
  2.85E+06  6.51E-11  8.75E-13  1.54E-05  1.83E-03  7.53E-01  3.00E-07  9.99E-31  5.90E-72  1.33E-76  8.15E-07  1.89E-14  2.53E-55  9.61E+09  6.51E+04 -2.20E+01  1.02E+02  4.35E+07  1.09E+03
  2.95E+06  1.48E-11  1.62E-13  2.32E-06  1.96E-04  7.55E-01  3.99E-08  3.93E-32  7.57E-75  1.31E-76  8.99E-08  8.74E-16  1.55E-57  5.87E+09  2.35E+04 -3.57E+00  4.02E+01  2.66E+07  3.53E+02
  3.05E+06  3.60E-12  3.33E-14  3.96E-07  2.53E-05  6.94E-01  6.28E-09  1.90E-33  1.47E-77  1.28E-76  1.14E-08  4.13E-17  1.30E-59  3.79E+09  9.10E+03  3.49E+00  1.67E+01  1.64E+07  1.29E+02
  3.15E+06  9.52E-13  7.78E-15  7.78E-08  3.93E-06  4.09E-01  1.17E-09  1.18E-34  4.72E-80  1.25E-76  1.72E-09  2.33E-18  1.61E-61  2.61E+09  3.84E+03  2.97E+00  7.48E+00  1.03E+07  5.30E+01
  3.25E+06  2.76E-13  2.05E-15  1.74E-08  7.20E-07  2.34E-01  2.50E-10  9.22E-36  2.36E-82  1.23E-76  3.07E-10  1.94E-19  2.89E-63  1.83E+09  1.72E+03  2.12E-02  3.50E+00  6.45E+06  2.34E+01
  3.35E+06  8.74E-14  6.06E-16  4.39E-09  1.54E-07  1.38E-01  6.17E-11  9.00E-37 -1.14E-83  1.20E-76  6.49E-11  2.77E-20  7.30E-65  1.31E+09  8.24E+02 -7.74E+00  1.73E+00  4.11E+06  1.12E+01
  3.45E+06  3.03E-14  2.01E-16  1.25E-09  3.80E-08  9.21E-02  1.73E-11  1.09E-37 -1.47E-83  1.17E-76  1.60E-11  5.94E-21  2.59E-66  9.63E+08  4.21E+02 -1.97E+01  9.00E-01  2.65E+06  5.70E+00
  3.55E+06  1.15E-14  7.46E-17  4.02E-10  1.07E-08  5.76E-02  5.49E-12  1.61E-38 -1.62E-83  1.14E-76  4.47E-12  1.59E-21  1.25E-67  7.13E+08  2.26E+02 -3.49E+01  4.88E-01  1.73E+06  3.06E+00
  3.65E+06  4.71E-15  3.06E-17  1.44E-10  3.47E-09  3.45E-02  1.95E-12  2.90E-39 -1.82E-83  1.11E-76  1.41E-12  4.97E-22  8.27E-69  5.45E+08  1.29E+02 -5.53E+01  2.79E-01  1.15E+06  1.74E+00
  3.75E+06  2.09E-15  1.38E-17  5.72E-11  1.25E-09  1.88E-02  7.67E-13  6.25E-40 -2.03E-83  1.07E-76  4.94E-13  1.73E-22  7.25E-70  4.14E+08  7.43E+01 -7.89E+01  1.61E-01  7.76E+05  1.00E+00
  3.85E+06  9.99E-16  6.77E-18  2.48E-11  4.98E-10  8.68E-03  3.29E-13  1.57E-40 -2.26E-83  1.04E-76  1.86E-13  6.56E-23  8.06E-71  3.15E+08  4.35E+01 -1.07E+02  9.31E-02  5.30E+05  5.81E-01
  3.95E+06  5.08E-16  3.54E-18  1.16E-11  2.17E-10  3.45E-03  1.53E-13  4.51E-41 -2.56E-83  1.01E-76  7.58E-14  2.71E-23  1.11E-71  2.43E+08  2.59E+01 -1.42E+02  5.37E-02  3.68E+05  3.38E-01
  4.05E+06  2.73E-16  1.98E-18  5.84E-12  1.03E-10  1.21E-03  7.62E-14  1.46E-41 -2.87E-83  9.80E-77  3.30E-14  1.19E-23  1.84E-72  1.86E+08  1.44E+01 -1.83E+02  2.82E-02  2.58E+05  1.77E-01
  4.15E+06  1.52E-16  1.19E-18  3.15E-12  5.19E-11  3.78E-04  4.00E-14  5.17E-42 -3.20E-83  9.48E-77  1.50E-14  5.36E-24  3.50E-73  1.45E+08  5.26E+00 -2.27E+02  1.01E-02  1.83E+05  4.85E-02
  4.25E+06  8.39E-17  7.85E-19  1.84E-12  2.80E-11  1.07E-04  2.18E-14  1.95E-42 -3.62E-83  9.16E-77  7.08E-15  2.11E-24  7.54E-74  1.26E+08 -5.50E+00 -2.62E+02 -4.20E-03  1.31E+05 -1.06E-01
  4.35E+06  4.43E-17  5.70E-19  1.15E-12  1.60E-11  2.83E-05  1.20E-14  7.82E-43 -4.12E-83  8.84E-77  3.41E-15  2.00E-25  1.81E-74  1.19E+08 -2.14E+01 -2.71E+02 -1.84E-02  9.56E+04 -3.41E-01
  4.45E+06  2.26E-17  4.23E-19  7.28E-13  9.53E-12  7.37E-06  6.87E-15  3.40E-43 -4.68E-83  8.52E-77  1.65E-15 -9.58E-25  4.80E-75  1.10E+08 -4.10E+01 -2.57E+02 -3.19E-02  7.02E+04 -6.40E-01
  4.55E+06  1.35E-17  2.91E-19  4.34E-13  5.81E-12  1.88E-06  4.30E-15  1.66E-43 -5.17E-83  8.20E-77  8.04E-16 -1.46E-24  1.37E-75  8.69E+07 -5.61E+01 -2.60E+02 -4.02E-02  5.22E+04 -8.72E-01
  4.65E+06  9.76E-18  1.72E-19  2.46E-13  3.59E-12  4.91E-07  2.91E-15  8.80E-44 -5.94E-83  7.87E-77  3.38E-16 -1.57E-24  4.21E-76  6.48E+07 -5.77E+01 -3.04E+02 -3.76E-02  3.91E+04 -8.92E-01
  4.75E+06  6.96E-18  9.15E-20  1.37E-13  2.22E-12  1.34E-07  1.97E-15  4.66E-44 -6.62E-83  7.55E-77  1.31E-16 -1.40E-24  1.36E-76  4.69E+07 -4.85E+01 -3.73E+02 -3.00E-02  2.94E+04 -7.48E-01
  4.85E+06  4.16E-18  3.93E-20  7.73E-14  1.37E-12  3.64E-08  1.31E-15  2.41E-44 -7.32E-83  7.23E-77  5.03E-17 -1.15E-24  4.73E-77  3.44E+07 -3.38E+01 -4.54E+02 -2.04E-02  2.22E+04 -5.38E-01
  4.95E+06  2.72E-18 -5.65E-21  4.09E-14  8.41E-13  5.26E-09  9.13E-16  1.29E-44 -8.14E-83  6.91E-77 -1.08E-16 -1.01E-24  1.81E-77  2.45E+07 -9.14E+00 -5.87E+02 -5.63E-03  1.68E+04 -1.55E-01
  5.05E+06  1.59E-18 -4.04E-20  2.02E-14  5.14E-13 -5.35E-13  6.49E-16  6.79E-45 -8.92E-83  6.59E-77 -2.33E-16 -9.17E-25  7.55E-78  1.75E+07  1.23E+01 -7.56E+02  6.43E-03  1.26E+04  1.77E-01
  5.15E+06  9.08E-19 -7.01E-20  8.12E-15  3.13E-13 -3.21E-13  4.81E-16  3.57E-45 -9.65E-83  6.27E-77 -3.18E-16 -8.50E-25  3.46E-78  1.22E+07  2.56E+01 -9.71E+02  1.39E-02  9.51E+03  3.86E-01
  5.25E+06  6.27E-19 -9.92E-20  7.42E-16  1.89E-13 -1.90E-13  3.76E-16  1.96E-45 -1.03E-82  5.95E-77 -3.74E-16 -7.98E-25  1.74E-78  8.44E+06  3.07E+01 -1.25E+03  1.74E-02  7.14E+03  4.72E-01
  5.35E+06  6.88E-19 -1.31E-19 -4.06E-15  1.14E-13 -1.10E-13  3.07E-16  1.30E-45 -1.10E-82  5.64E-77 -3.67E-16 -7.60E-25  9.76E-79  5.67E+06  2.97E+01 -1.63E+03  1.80E-02  5.35E+03  4.63E-01
  5.45E+06  9.76E-19 -1.68E-19 -7.58E-15  6.95E-14 -6.19E-14  2.57E-16  1.17E-45 -1.16E-82  5.33E-77 -2.89E-16 -7.45E-25  6.13E-79  3.67E+06  2.54E+01 -2.15E+03  1.69E-02  4.00E+03  3.98E-01
  5.55E+06  1.37E-18 -2.17E-19 -1.07E-14  4.42E-14 -3.35E-14  2.16E-16  1.30E-45 -1.22E-82  5.02E-77 -1.67E-16 -7.73E-25  4.28E-79  2.25E+06  1.99E+01 -2.92E+03  1.55E-02  2.98E+03  3.15E-01
  5.65E+06  1.78E-18 -2.86E-19 -1.41E-14  3.11E-14 -1.72E-14  1.79E-16  1.56E-45 -1.28E-82  4.71E-77 -1.77E-17 -8.75E-25  3.34E-79  1.15E+06  1.45E+01 -4.13E+03  1.36E-02  2.21E+03  2.29E-01
  5.75E+06  2.08E-18 -3.91E-19 -1.85E-14  2.64E-14 -8.12E-15  1.45E-16  1.78E-45 -1.34E-82  4.41E-77  9.20E-17 -1.11E-24  2.78E-79  2.45E+05  9.73E+00 -6.12E+03  1.18E-02  1.64E+03  1.55E-01
  5.85E+06  1.86E-18 -5.38E-19 -2.29E-14  2.60E-14 -3.33E-15  1.07E-16  1.57E-45 -1.41E-82  4.11E-77  1.13E-16 -1.58E-24  2.14E-79 -5.34E+04  5.68E+00 -9.25E+03  1.00E-02  1.20E+03  9.05E-02
  5.95E+06  7.16E-19 -5.36E-19 -1.41E-14  1.49E-14 -1.02E-15  7.31E-17  1.03E-45 -1.47E-82  3.81E-77  1.15E-16 -2.77E-24  1.85E-79  7.53E+05  3.03E+00 -1.86E+04  5.55E-03  8.71E+02  4.52E-02
  6.05E+06  4.63E-18 -3.68E-18 -1.69E-13  1.69E-13 -1.63E-16  1.44E-16  3.29E-45 -1.54E-82  3.52E-77  3.05E-16 -5.74E-24  4.23E-79 -2.46E+07  2.33E+00 -3.14E+05  2.24E-02  6.29E+02  4.29E-02
  6.15E+06  1.99E-19 -6.52E-18 -2.04E-13  2.04E-13 -1.21E-17  1.99E-17  7.23E-47 -1.62E-82  3.24E-77  8.65E-17 -5.50E-24  2.27E-80 -5.18E+07  3.82E-01 -2.53E+06  6.53E-03  4.52E+02  3.29E-03
  6.25E+06  5.91E-21 -5.34E-18 -6.67E-14  6.67E-14 -5.37E-19  1.65E-18  1.00E-48 -1.65E-82  2.96E-77 -4.04E-17 -8.31E-25  4.22E-82 -2.67E+07  5.14E-02 -8.80E+06  1.49E-03  3.24E+02  1.74E-04
  6.35E+06  3.29E-22 -2.74E-18  3.29E-16 -2.42E-16 -8.70E-20  1.87E-19  3.18E-50 -1.32E-82  2.70E-77 -8.47E-17  2.90E-24  1.26E-83 -3.08E+07  7.01E-03 -1.83E+07  3.22E-04  2.40E+02  9.75E-06
  6.45E+06  3.74E-23 -2.35E-18  8.74E-15 -8.65E-15 -3.06E-20  3.56E-20  2.17E-51 -1.27E-82  2.46E-77 -8.17E-17  2.86E-24  7.30E-85 -2.52E+07  9.89E-04 -3.02E+07  1.16E-04  1.82E+02  6.74E-07
  6.55E+06  6.32E-24 -2.67E-18  4.86E-15 -4.80E-15 -9.95E-21  9.08E-21  2.53E-52 -1.25E-82  2.22E-77 -5.28E-17  1.81E-24  7.21E-86 -1.64E+07  1.44E-04 -4.34E+07  5.12E-05  1.43E+02  6.95E-08
  6.65E+06  1.39E-24 -3.18E-18  5.94E-16 -5.72E-16 -3.00E-21  2.82E-21  4.33E-53 -1.22E-82  1.99E-77 -1.90E-17  9.83E-25  1.09E-86 -8.06E+06  2.19E-05 -5.64E+07  2.34E-05  1.14E+02  1.08E-08
  6.75E+06  3.74E-25 -3.82E-18 -2.49E-15  2.48E-15 -8.37E-22  1.02E-21  9.62E-54 -1.17E-82  1.77E-77  7.92E-18  5.01E-25  2.29E-87 -1.26E+06  3.52E-06 -6.79E+07  1.08E-05  9.07E+01  2.12E-09
  6.85E+06  1.18E-25 -4.59E-18 -4.33E-15  4.31E-15 -2.18E-22  4.21E-22  2.10E-54 -1.12E-82  1.56E-77  2.38E-17  2.52E-25  5.80E-88  3.45E+06  6.11E-07 -7.73E+07  4.95E-06  7.16E+01  4.66E-10
  6.95E+06  4.27E-26 -5.50E-18 -5.19E-15  5.16E-15 -5.45E-23  1.91E-22 -2.46E-55 -1.06E-82  1.37E-77  2.97E-17  1.28E-25  1.05E-88  6.07E+06  1.16E-07 -8.45E+07  2.26E-06  5.57E+01  1.07E-10
  7.05E+06  1.72E-26 -6.57E-18 -5.34E-15  5.31E-15 -1.38E-23  9.42E-23 -1.32E-54 -9.81E-83  1.18E-77  2.88E-17  6.61E-26 -7.89E-89  6.97E+06  2.43E-08 -8.97E+07  1.02E-06  4.27E+01  2.53E-11
  7.15E+06  7.54E-27 -7.84E-18 -5.02E-15  5.00E-15 -4.49E-24  4.96E-23 -2.05E-54 -8.98E-83  1.01E-77  2.43E-17  3.40E-26 -1.80E-88  6.70E+06  5.48E-09 -9.33E+07  4.55E-07  3.22E+01  6.07E-12
  7.25E+06  3.55E-27 -9.33E-18 -4.43E-15  4.42E-15 -1.32E-24  2.76E-23 -2.75E-54 -8.06E-83  8.58E-78  1.87E-17  1.67E-26 -2.57E-88  5.77E+06  1.31E-09 -9.57E+07  2.01E-07  2.39E+01  1.47E-12
  7.35E+06  1.77E-27 -1.11E-17 -3.72E-15  3.72E-15 -1.66E-24  1.60E-23 -3.52E-54 -7.08E-83  7.16E-78  1.33E-17  7.21E-27 -3.29E-88  4.60E+06  3.24E-10 -9.73E+07  8.84E-08  1.77E+01  3.60E-13
  7.45E+06  9.29E-28 -1.31E-17 -2.98E-15  2.99E-15 -1.29E-24  9.57E-24 -4.45E-54 -6.06E-83  5.89E-78  8.95E-18  1.83E-27 -4.06E-88  3.44E+06  8.17E-11 -9.82E+07  3.87E-08  1.29E+01  8.90E-14
  7.55E+06  5.09E-28 -1.55E-17 -2.30E-15  2.31E-15 -7.69E-25  5.90E-24 -5.59E-54 -5.03E-83  4.76E-78  5.71E-18 -1.19E-27 -4.90E-88  2.44E+06  2.09E-11 -9.89E+07  1.69E-08  9.41E+00  2.23E-14
  7.65E+06  2.89E-28 -1.81E-17 -1.71E-15  1.72E-15 -5.95E-25  3.72E-24 -6.98E-54 -4.01E-83  3.77E-78  3.49E-18 -2.80E-27 -5.84E-88  1.66E+06  5.39E-12 -9.93E+07  7.40E-09  6.82E+00  5.65E-15
  7.75E+06  1.70E-28 -2.12E-17 -1.23E-15  1.24E-15 -9.44E-25  2.39E-24 -8.68E-54 -3.03E-83  2.93E-78  2.05E-18 -3.55E-27 -6.86E-88  1.09E+06  1.41E-12 -9.95E+07  3.28E-09  4.94E+00  1.46E-15
  7.85E+06  1.03E-28 -2.45E-17 -8.51E-16  8.74E-16 -4.33E-25  1.56E-24 -1.07E-53 -2.14E-83  2.22E-78  1.17E-18 -3.78E-27 -7.93E-88  6.93E+05  3.71E-13 -9.97E+07  1.47E-09  3.57E+00  3.87E-16
  7.95E+06  6.43E-29 -2.82E-17 -5.70E-16  5.97E-16  1.16E-25  1.04E-24 -1.31E-53 -1.36E-83  1.64E-78  6.43E-19 -3.70E-27 -9.02E-88  4.30E+05  9.93E-14 -9.98E+07  6.71E-10  2.58E+00  1.05E-16
  8.05E+06  4.08E-29 -3.20E-17 -3.64E-16  3.95E-16  3.55E-25  6.86E-25 -1.58E-53 -6.29E-84  1.17E-78  3.45E-19 -3.46E-27 -1.01E-87  2.59E+05  2.68E-14 -9.98E+07  3.09E-10  1.86E+00  2.92E-17
  8.15E+06  2.63E-29 -3.60E-17 -2.20E-16  2.55E-16  3.10E-25  4.56E-25 -1.87E-53 -5.95E-85  8.11E-79  1.81E-19 -3.14E-27 -1.10E-87  1.53E+05  7.31E-15 -9.99E+07  1.45E-10  1.34E+00  8.25E-18
  8.25E+06  1.73E-29 -4.04E-17 -1.23E-16  1.63E-16  3.10E-25  3.06E-25 -2.21E-53  3.22E-84  5.39E-79  9.32E-20 -2.82E-27 -1.19E-87  8.95E+04  2.02E-15 -9.99E+07  6.95E-11  9.67E-01  2.39E-18
  8.35E+06  1.17E-29 -4.51E-17 -5.78E-17  1.03E-16  2.55E-25  2.06E-25 -2.57E-53  5.31E-84  3.44E-79  4.73E-20 -2.51E-27 -1.26E-87  5.22E+04  5.71E-16 -9.99E+07  3.41E-11  6.99E-01  7.13E-19
  8.45E+06  7.97E-30 -5.00E-17 -1.45E-17  6.45E-17  6.46E-26  1.40E-25 -2.95E-53  6.00E-84  2.10E-79  2.38E-20 -2.24E-27 -1.30E-87  3.03E+04  1.65E-16 -1.00E+08  1.71E-11  5.05E-01  2.18E-19
  8.55E+06  5.55E-30 -5.51E-17  1.49E-17  4.02E-17 -3.88E-26  9.52E-26 -3.32E-53  5.68E-84  1.22E-79  1.19E-20 -2.01E-27 -1.30E-87  1.76E+04  4.87E-17 -1.00E+08  8.75E-12  3.66E-01  6.86E-20
  8.65E+06  3.92E-30 -6.03E-17  3.53E-17  2.50E-17 -3.72E-26  6.52E-26 -3.67E-53  4.77E-84  6.71E-80  5.91E-21 -1.84E-27 -1.25E-87  1.03E+04  1.49E-17 -1.00E+08  4.56E-12  2.65E-01  2.20E-20
  8.75E+06  2.81E-30 -6.54E-17  4.99E-17  1.55E-17 -4.36E-26  4.48E-26 -3.96E-53  3.62E-84  3.50E-80  2.94E-21 -1.71E-27 -1.17E-87  6.04E+03  4.68E-18 -1.00E+08  2.41E-12  1.93E-01  7.25E-21
  8.85E+06  2.04E-30 -7.02E-17  6.06E-17  9.63E-18 -2.26E-26  3.08E-26 -4.17E-53  2.52E-84  1.72E-80  1.46E-21 -1.63E-27 -1.04E-87  3.57E+03  1.53E-18 -1.00E+08  1.29E-12  1.40E-01  2.44E-21
  8.95E+06  1.50E-30 -7.46E-17  6.86E-17  5.98E-18 -2.75E-26  2.13E-26 -4.27E-53  1.62E-84  7.99E-81  7.32E-22 -1.59E-27 -8.82E-88  2.13E+03  5.21E-19 -1.00E+08  7.04E-13  1.02E-01  8.37E-22
  9.05E+06  1.11E-30 -7.82E-17  7.45E-17  3.72E-18 -2.34E-26  1.47E-26 -4.24E-53  9.61E-85  3.49E-81  3.68E-22 -1.58E-27 -7.09E-88  1.29E+03  1.86E-19 -1.00E+08  3.89E-13  7.42E-02  2.94E-22
  9.15E+06  8.28E-31 -8.09E-17  7.86E-17  2.32E-18  1.62E-27  1.01E-26 -4.08E-53  5.29E-85  1.44E-81  1.86E-22 -1.59E-27 -5.35E-88  7.85E+02  6.95E-20 -1.00E+08  2.17E-13  5.38E-02  1.05E-22
  9.25E+06  6.20E-31 -8.25E-17  8.11E-17  1.45E-18  3.23E-27  6.98E-27 -3.78E-53  2.71E-85  5.57E-82  9.52E-23 -1.62E-27 -3.75E-88  4.86E+02  2.74E-20 -1.00E+08  1.23E-13  3.89E-02  3.87E-23
  9.35E+06  4.66E-31 -8.30E-17  8.21E-17  9.11E-19 -2.02E-27  4.80E-27 -3.38E-53  1.29E-85  2.04E-82  4.90E-23 -1.63E-27 -2.42E-88  3.04E+02  1.14E-20 -1.00E+08  7.07E-14  2.78E-02  1.45E-23
  9.45E+06  3.50E-31 -8.21E-17  8.16E-17  5.73E-19  5.65E-27  3.30E-27 -2.91E-53  5.77E-86  7.04E-83  2.54E-23 -1.62E-27 -1.39E-88  1.93E+02  4.99E-21 -1.00E+08  4.11E-14  1.96E-02  5.56E-24
  9.55E+06  2.63E-31 -8.01E-17  7.97E-17  3.60E-19  4.24E-27  2.26E-27 -2.41E-53  2.43E-86  2.31E-83  1.32E-23 -1.54E-27 -6.78E-89  1.25E+02  2.30E-21 -1.00E+08  2.42E-14  1.35E-02  2.18E-24
  9.65E+06  1.97E-31 -7.69E-17  7.66E-17  2.25E-19  1.21E-27  1.54E-27 -1.92E-53  9.61E-87  7.15E-84  6.80E-24 -1.38E-27 -2.28E-89  8.15E+01  1.10E-21 -1.00E+08  1.45E-14  8.91E-03  8.72E-25
  9.75E+06  1.47E-31 -7.22E-17  7.21E-17  1.37E-19  1.72E-27  1.05E-27 -1.44E-53  3.61E-87  2.08E-84  3.37E-24 -1.12E-27  3.09E-90  5.41E+01  5.32E-22 -1.00E+08  8.74E-15  5.45E-03  3.53E-25
  9.85E+06  1.09E-31 -6.33E-17  6.32E-17  7.46E-20  4.04E-28  7.09E-28 -9.07E-54  1.29E-87  5.36E-85  1.47E-24 -7.45E-28  2.01E-89  3.63E+01  2.40E-22 -1.00E+08  5.34E-15  2.82E-03  1.38E-25
  9.95E+06  8.01E-32 -3.53E-17  3.53E-17  2.42E-20  5.05E-29  4.61E-28 -6.83E-56  4.30E-88  8.43E-86  3.74E-25 -2.62E-28  4.18E-89  2.10E+01  6.67E-23 -1.00E+08  3.27E-15  8.19E-04  3.57E-26
  1.00E+07 -1.18E-39  5.15E-28  5.80E-28 -9.97E-31  5.05E-29 -1.34E-36  1.24E-61 -4.41E-95 -2.86-101 -2.08E-38 -2.74E-40  2.21E-96 -1.02E-09 -1.38E-34 -1.00E+08 -7.86E-24 -1.25E-17 -8.26E-38

     Z        N2O5      CO2       SO4AER    S8AER   
  0.00E+00 -1.15E-08 -2.84E+11 -7.82E+07  2.94E-20
  5.00E+04 -1.74E+00 -2.65E+11 -6.11E+08 -1.17E-22
  1.50E+05 -5.93E+00 -2.28E+11 -1.65E+09 -1.13E-22
  2.50E+05 -2.19E+01 -1.93E+11 -2.29E+09 -1.10E-22
  3.50E+05 -8.23E+01 -1.59E+11 -2.54E+09 -1.07E-22
  4.50E+05 -3.10E+02 -1.28E+11 -2.59E+09 -1.05E-22
  5.50E+05 -7.82E+02 -1.00E+11 -2.54E+09 -1.04E-22
  6.50E+05 -1.03E+03 -7.82E+10 -2.43E+09 -1.03E-22
  7.50E+05 -1.05E+03 -6.14E+10 -2.32E+09 -1.03E-22
  8.50E+05 -1.27E+03 -4.89E+10 -2.20E+09 -1.04E-22
  9.50E+05 -1.53E+03 -3.96E+10 -2.07E+09 -1.05E-22
  1.05E+06 -1.90E+03 -3.23E+10 -1.90E+09 -1.06E-22
  1.15E+06 -3.08E+03 -2.63E+10 -1.64E+09 -1.04E-22
  1.25E+06 -6.25E+03 -2.15E+10 -1.32E+09 -1.02E-22
  1.35E+06 -1.43E+04 -1.76E+10 -1.02E+09 -1.00E-22
  1.45E+06 -2.63E+04 -1.47E+10 -7.34E+08 -9.85E-23
  1.55E+06 -3.27E+04 -1.26E+10 -4.93E+08 -9.72E-23
  1.65E+06 -2.60E+04 -1.12E+10 -3.01E+08 -9.61E-23
  1.75E+06 -9.62E+03 -1.02E+10 -1.58E+08 -9.52E-23
  1.85E+06  4.87E+03 -9.44E+09 -6.20E+07 -9.44E-23
  1.95E+06  1.26E+04 -8.74E+09 -1.30E+07 -9.36E-23
  2.05E+06  1.40E+04 -8.06E+09 -1.27E+06 -9.27E-23
  2.15E+06  1.08E+04 -7.39E+09 -1.11E+05 -9.17E-23
  2.25E+06  6.25E+03 -6.70E+09 -9.47E+03 -9.08E-23
  2.35E+06  2.69E+03 -5.97E+09 -7.92E+02 -9.00E-23
  2.45E+06  8.53E+02 -5.21E+09 -6.34E+01 -8.93E-23
  2.55E+06  2.01E+02 -4.44E+09 -3.31E+00 -8.89E-23
  2.65E+06  3.56E+01 -3.68E+09 -7.55E-01 -8.87E-23
  2.75E+06  4.99E+00 -2.99E+09 -7.55E-01 -8.88E-23
  2.85E+06  6.62E-01 -2.43E+09 -7.55E-01 -8.92E-23
  2.95E+06  9.50E-02 -1.99E+09 -7.55E-01 -8.97E-23
  3.05E+06  1.62E-02 -1.67E+09 -6.94E-01 -9.02E-23
  3.15E+06  3.31E-03 -1.43E+09 -4.09E-01 -9.08E-23
  3.25E+06  7.79E-04 -1.26E+09 -2.34E-01 -9.13E-23
  3.35E+06  2.11E-04 -1.13E+09 -1.38E-01 -9.19E-23
  3.45E+06  6.57E-05 -1.04E+09 -9.21E-02 -9.26E-23
  3.55E+06  2.31E-05 -9.68E+08 -5.76E-02 -9.32E-23
  3.65E+06  9.24E-06 -9.13E+08 -3.45E-02 -9.40E-23
  3.75E+06  4.04E-06 -8.67E+08 -1.88E-02 -9.49E-23
  3.85E+06  1.93E-06 -8.23E+08 -8.68E-03 -9.59E-23
  3.95E+06  1.00E-06 -7.74E+08 -3.45E-03 -9.70E-23
  4.05E+06  5.42E-07 -7.08E+08 -1.21E-03 -9.82E-23
  4.15E+06  2.83E-07 -6.15E+08 -3.78E-04 -9.95E-23
  4.25E+06  1.10E-07 -4.81E+08 -1.07E-04 -1.01E-22
  4.35E+06 -4.84E-08 -2.95E+08 -2.83E-05 -1.02E-22
  4.45E+06 -1.95E-07 -5.30E+07 -7.37E-06 -1.04E-22
  4.55E+06 -2.78E-07  2.44E+08 -1.87E-06 -1.05E-22
  4.65E+06 -2.20E-07  5.88E+08 -4.90E-07 -1.06E-22
  4.75E+06 -1.04E-07  9.54E+08 -1.34E-07 -1.07E-22
  4.85E+06  1.68E-08  1.33E+09 -3.62E-08 -1.08E-22
  4.95E+06  1.64E-07  1.73E+09 -5.30E-09 -1.09E-22
  5.05E+06  2.37E-07  2.15E+09 -6.55E-11 -1.09E-22
  5.15E+06  2.35E-07  2.59E+09 -5.82E-11 -1.09E-22
  5.25E+06  1.92E-07  3.06E+09 -2.18E-11 -1.10E-22
  5.35E+06  1.38E-07  3.56E+09 -1.82E-12 -1.10E-22
  5.45E+06  9.03E-08  4.09E+09  9.09E-13 -1.10E-22
  5.55E+06  5.54E-08  4.63E+09  1.36E-12 -1.11E-22
  5.65E+06  3.19E-08  5.14E+09 -4.55E-13 -1.12E-22
  5.75E+06  1.73E-08  5.57E+09 -1.71E-13 -1.13E-22
  5.85E+06  8.46E-09  5.88E+09 -2.84E-14 -1.14E-22
  5.95E+06  3.67E-09  6.05E+09  3.55E-15 -1.15E-22
  6.05E+06  2.59E-09  6.12E+09  1.33E-15 -1.15E-22
  6.15E+06  1.50E-10  5.64E+09 -5.55E-17 -1.13E-22
  6.25E+06  5.65E-12  5.01E+09  0.00E+00 -1.07E-22
  6.35E+06  2.40E-13  4.45E+09  0.00E+00 -1.01E-22
  6.45E+06  1.56E-14  3.94E+09 -3.39E-21 -1.01E-22
  6.55E+06  2.01E-15  3.49E+09  3.97E-23 -1.01E-22
  6.65E+06  3.55E-16  3.09E+09 -2.34E-11 -1.01E-22
  6.75E+06  6.78E-17  2.73E+09 -2.15E-13 -1.01E-22
  6.85E+06  1.31E-17  2.41E+09 -9.07E-16 -1.01E-22
  6.95E+06  2.54E-18  2.12E+09 -1.55E-18 -1.01E-22
  7.05E+06  4.86E-19  1.87E+09 -9.48E-22 -1.01E-22
  7.15E+06  9.24E-20  1.64E+09 -8.34E-23 -1.01E-22
  7.25E+06  1.74E-20  1.43E+09 -8.37E-23 -1.01E-22
  7.35E+06  3.28E-21  1.24E+09 -8.39E-23 -1.01E-22
  7.45E+06  6.19E-22  1.07E+09 -8.43E-23 -1.01E-22
  7.55E+06  1.18E-22  9.13E+08 -8.47E-23 -1.01E-22
  7.65E+06  2.27E-23  7.73E+08 -8.51E-23 -1.01E-22
  7.75E+06  4.50E-24  6.49E+08 -8.54E-23 -1.01E-22
  7.85E+06  9.21E-25  5.40E+08 -8.53E-23 -1.01E-22
  7.95E+06  1.96E-25  4.45E+08 -8.53E-23 -1.01E-22
  8.05E+06  4.30E-26  3.65E+08 -8.53E-23 -1.01E-22
  8.15E+06  9.77E-27  2.97E+08 -8.52E-23 -1.01E-22
  8.25E+06  2.31E-27  2.40E+08 -8.52E-23 -1.01E-22
  8.35E+06  5.67E-28  1.93E+08 -8.52E-23 -1.01E-22
  8.45E+06  1.44E-28  1.54E+08 -8.52E-23 -1.01E-22
  8.55E+06  3.80E-29  1.22E+08 -8.51E-23 -1.01E-22
  8.65E+06  1.03E-29  9.66E+07 -8.51E-23 -1.01E-22
  8.75E+06  2.88E-30  7.58E+07 -8.51E-23 -1.00E-22
  8.85E+06  8.21E-31  5.90E+07 -8.51E-23 -1.00E-22
  8.95E+06  2.40E-31  4.57E+07 -8.50E-23 -1.00E-22
  9.05E+06  7.18E-32  3.51E+07 -8.50E-23 -1.00E-22
  9.15E+06  2.20E-32  2.66E+07 -8.50E-23 -1.00E-22
  9.25E+06  6.87E-33  2.00E+07 -8.50E-23 -1.00E-22
  9.35E+06  2.19E-33  1.48E+07 -8.49E-23 -1.00E-22
  9.45E+06  7.17E-34  1.07E+07 -8.49E-23 -1.00E-22
  9.55E+06  2.40E-34  7.51E+06 -8.49E-23 -1.00E-22
  9.65E+06  8.17E-35  5.03E+06 -8.49E-23 -1.00E-22
  9.75E+06  2.84E-35  3.11E+06 -8.48E-23 -1.00E-22
  9.85E+06  9.65E-36  1.62E+06 -8.48E-23 -1.00E-22
  9.95E+06  2.30E-36  4.71E+05 -8.48E-23 -1.00E-22
  1.00E+07 -7.72E-48 -1.31E-07 -8.48E-23 -1.00E-22

 AQUEOUS PHASE SPECIES

     Z      (SO2)g   (H2CO)g  (SO2)aq CH2(OH)2   HCO3-    CO3=     HSO3-    SO3=   CH2OHSO3-   OH-     SO4=      PH
  2.50E+04 5.89E-11 1.79E-10 1.20E-10 1.37E-06 3.58E-07 1.13E-12 1.50E-07 5.85E-10 2.06E-08 2.37E-10 8.61E-06 4.75E+00
  1.25E+05 1.14E-10 1.56E-10 2.79E-10 1.84E-06 3.21E-07 9.26E-13 3.65E-07 1.40E-09 6.70E-08 1.42E-10 9.32E-06 4.71E+00
  2.25E+05 1.52E-10 1.19E-10 4.55E-10 2.26E-06 2.56E-07 5.99E-13 5.59E-07 1.88E-09 1.27E-07 7.19E-11 1.15E-05 4.62E+00
  3.25E+05 1.83E-10 9.03E-11 6.20E-10 2.30E-06 1.98E-07 3.75E-13 6.76E-07 1.93E-09 1.56E-07 4.36E-11 1.43E-05 4.53E+00
  4.25E+05 2.15E-10 7.46E-11 7.28E-10 1.90E-06 1.51E-07 2.42E-13 6.70E-07 1.62E-09 1.28E-07 3.68E-11 1.70E-05 4.46E+00
  5.25E+05 2.45E-10 5.77E-11 8.32E-10 1.47E-06 1.20E-07 1.69E-13 6.72E-07 1.43E-09 9.90E-08 3.23E-11 1.95E-05 4.40E+00
  6.25E+05 2.77E-10 4.10E-11 9.38E-10 1.05E-06 9.83E-08 1.25E-13 6.88E-07 1.32E-09 7.20E-08 2.93E-11 2.15E-05 4.36E+00
  7.25E+05 3.09E-10 2.67E-11 1.05E-09 6.82E-07 8.27E-08 9.82E-14 7.14E-07 1.28E-09 4.87E-08 2.73E-11 2.32E-05 4.33E+00
  8.25E+05 3.39E-10 1.64E-11 1.15E-09 4.18E-07 7.09E-08 7.99E-14 7.45E-07 1.27E-09 3.12E-08 2.59E-11 2.44E-05 4.30E+00
  9.25E+05 3.64E-10 9.89E-12 1.24E-09 2.52E-07 6.17E-08 6.71E-14 7.72E-07 1.27E-09 1.95E-08 2.50E-11 2.53E-05 4.29E+00
  1.02E+06 3.84E-10 6.19E-12 1.30E-09 1.58E-07 5.37E-08 5.68E-14 7.91E-07 1.26E-09 1.25E-08 2.43E-11 2.61E-05 4.28E+00

 NORMAL HENRYS LAW COEFFICIENTS


     Z        O        O2       H2O      H        OH       HO2      H2O2     H2       CO       HCO      H2CO     CH4      CH3      C2H6     NO       NO2      HNO      H2S     
  2.50E+04 0.00E+00 1.58E-03 0.00E+00 0.00E+00 5.35E+01 8.54E+03 2.15E+05 8.32E-04 1.18E-03 0.00E+00 7.67E+03 1.72E-03 0.00E+00 2.55E-03 2.30E-03 1.66E-02 0.00E+00 1.29E-01
  1.25E+05 0.00E+00 1.73E-03 0.00E+00 0.00E+00 7.12E+01 1.24E+04 3.44E+05 8.59E-04 1.28E-03 0.00E+00 1.18E+04 1.90E-03 0.00E+00 2.95E-03 2.53E-03 1.94E-02 0.00E+00 1.47E-01
  2.25E+05 0.00E+00 1.93E-03 0.00E+00 0.00E+00 9.75E+01 1.88E+04 5.77E+05 8.89E-04 1.41E-03 0.00E+00 1.90E+04 2.13E-03 0.00E+00 3.47E-03 2.81E-03 2.31E-02 0.00E+00 1.69E-01
  3.25E+05 0.00E+00 2.06E-03 0.00E+00 0.00E+00 1.19E+02 2.42E+04 7.95E+05 9.09E-04 1.49E-03 0.00E+00 2.55E+04 2.28E-03 0.00E+00 3.83E-03 3.00E-03 2.57E-02 0.00E+00 1.84E-01
  4.25E+05 0.00E+00 2.06E-03 0.00E+00 0.00E+00 1.19E+02 2.42E+04 7.95E+05 9.09E-04 1.49E-03 0.00E+00 2.55E+04 2.28E-03 0.00E+00 3.83E-03 3.00E-03 2.57E-02 0.00E+00 1.84E-01
  5.25E+05 0.00E+00 2.06E-03 0.00E+00 0.00E+00 1.19E+02 2.42E+04 7.95E+05 9.09E-04 1.49E-03 0.00E+00 2.55E+04 2.28E-03 0.00E+00 3.83E-03 3.00E-03 2.57E-02 0.00E+00 1.84E-01
  6.25E+05 0.00E+00 2.06E-03 0.00E+00 0.00E+00 1.19E+02 2.42E+04 7.95E+05 9.09E-04 1.49E-03 0.00E+00 2.55E+04 2.28E-03 0.00E+00 3.83E-03 3.00E-03 2.57E-02 0.00E+00 1.84E-01
  7.25E+05 0.00E+00 2.06E-03 0.00E+00 0.00E+00 1.19E+02 2.42E+04 7.95E+05 9.09E-04 1.49E-03 0.00E+00 2.55E+04 2.28E-03 0.00E+00 3.83E-03 3.00E-03 2.57E-02 0.00E+00 1.84E-01
  8.25E+05 0.00E+00 2.06E-03 0.00E+00 0.00E+00 1.19E+02 2.42E+04 7.95E+05 9.09E-04 1.49E-03 0.00E+00 2.55E+04 2.28E-03 0.00E+00 3.83E-03 3.00E-03 2.57E-02 0.00E+00 1.84E-01
  9.25E+05 0.00E+00 2.06E-03 0.00E+00 0.00E+00 1.19E+02 2.42E+04 7.95E+05 9.09E-04 1.49E-03 0.00E+00 2.55E+04 2.28E-03 0.00E+00 3.83E-03 3.00E-03 2.57E-02 0.00E+00 1.84E-01
  1.02E+06 0.00E+00 2.06E-03 0.00E+00 0.00E+00 1.19E+02 2.42E+04 7.95E+05 9.09E-04 1.49E-03 0.00E+00 2.55E+04 2.28E-03 0.00E+00 3.83E-03 3.00E-03 2.57E-02 0.00E+00 1.84E-01

     Z        HS       S        SO       SO2      H2SO4    HSO      S2       S4       S8       SO3      OCS      S3       O3       HNO3     N        NO3      N2O      HO2NO2  
  2.50E+04 1.00E+05 0.00E+00 1.90E-03 2.03E+00 7.00E+11 9.00E+03 0.00E+00 0.00E+00 0.00E+00 7.00E+11 2.88E-02 0.00E+00 0.00E+00 6.43E+05 0.00E+00 3.80E-02 3.49E-02 2.91E+04
  1.25E+05 1.00E+05 0.00E+00 1.90E-03 2.44E+00 7.00E+11 9.00E+03 0.00E+00 0.00E+00 0.00E+00 7.00E+11 3.29E-02 0.00E+00 0.00E+00 1.12E+06 0.00E+00 3.80E-02 4.12E-02 4.51E+04
  2.25E+05 1.00E+05 0.00E+00 1.90E-03 2.99E+00 7.00E+11 9.00E+03 0.00E+00 0.00E+00 0.00E+00 7.00E+11 3.81E-02 0.00E+00 0.00E+00 2.05E+06 0.00E+00 3.80E-02 4.94E-02 7.32E+04
  3.25E+05 1.00E+05 0.00E+00 1.90E-03 3.39E+00 7.00E+11 9.00E+03 0.00E+00 0.00E+00 0.00E+00 7.00E+11 4.18E-02 0.00E+00 0.00E+00 2.99E+06 0.00E+00 3.80E-02 5.53E-02 9.86E+04
  4.25E+05 1.00E+05 0.00E+00 1.90E-03 3.39E+00 7.00E+11 9.00E+03 0.00E+00 0.00E+00 0.00E+00 7.00E+11 4.18E-02 0.00E+00 0.00E+00 2.99E+06 0.00E+00 3.80E-02 5.53E-02 9.86E+04
  5.25E+05 1.00E+05 0.00E+00 1.90E-03 3.39E+00 7.00E+11 9.00E+03 0.00E+00 0.00E+00 0.00E+00 7.00E+11 4.18E-02 0.00E+00 0.00E+00 2.99E+06 0.00E+00 3.80E-02 5.53E-02 9.86E+04
  6.25E+05 1.00E+05 0.00E+00 1.90E-03 3.39E+00 7.00E+11 9.00E+03 0.00E+00 0.00E+00 0.00E+00 7.00E+11 4.18E-02 0.00E+00 0.00E+00 2.99E+06 0.00E+00 3.80E-02 5.53E-02 9.86E+04
  7.25E+05 1.00E+05 0.00E+00 1.90E-03 3.39E+00 7.00E+11 9.00E+03 0.00E+00 0.00E+00 0.00E+00 7.00E+11 4.18E-02 0.00E+00 0.00E+00 2.99E+06 0.00E+00 3.80E-02 5.53E-02 9.86E+04
  8.25E+05 1.00E+05 0.00E+00 1.90E-03 3.39E+00 7.00E+11 9.00E+03 0.00E+00 0.00E+00 0.00E+00 7.00E+11 4.18E-02 0.00E+00 0.00E+00 2.99E+06 0.00E+00 3.80E-02 5.53E-02 9.86E+04
  9.25E+05 1.00E+05 0.00E+00 1.90E-03 3.39E+00 7.00E+11 9.00E+03 0.00E+00 0.00E+00 0.00E+00 7.00E+11 4.18E-02 0.00E+00 0.00E+00 2.99E+06 0.00E+00 3.80E-02 5.53E-02 9.86E+04
  1.02E+06 1.00E+05 0.00E+00 1.90E-03 3.39E+00 7.00E+11 9.00E+03 0.00E+00 0.00E+00 0.00E+00 7.00E+11 4.18E-02 0.00E+00 0.00E+00 2.99E+06 0.00E+00 3.80E-02 5.53E-02 9.86E+04

     Z        N2O5     CO2      SO4AER   S8AER   
  2.50E+04 3.49E-02 0.00E+00 7.00E+11 7.00E+11
  1.25E+05 4.12E-02 0.00E+00 7.00E+11 7.00E+11
  2.25E+05 4.94E-02 0.00E+00 7.00E+11 7.00E+11
  3.25E+05 5.53E-02 0.00E+00 7.00E+11 7.00E+11
  4.25E+05 5.53E-02 0.00E+00 7.00E+11 7.00E+11
  5.25E+05 5.53E-02 0.00E+00 7.00E+11 7.00E+11
  6.25E+05 5.53E-02 0.00E+00 7.00E+11 7.00E+11
  7.25E+05 5.53E-02 0.00E+00 7.00E+11 7.00E+11
  8.25E+05 5.53E-02 0.00E+00 7.00E+11 7.00E+11
  9.25E+05 5.53E-02 0.00E+00 7.00E+11 7.00E+11
  1.02E+06 5.53E-02 0.00E+00 7.00E+11 7.00E+11

 ENHANCEMENTS OF HENRYS LAW COEFFICIENTS


     Z        O        O2       H2O      H        OH       HO2      H2O2     H2       CO       HCO      H2CO     CH4      CH3      C2H6     NO       NO2      HNO      H2S     
  2.50E+04 1.00E+00 1.00E+00 1.00E+00 1.00E+00 1.00E+00 1.00E+00 1.00E+00 1.00E+00 1.00E+00 1.00E+00 1.01E+00 1.00E+00 1.00E+00 1.00E+00 1.00E+00 1.00E+00 1.00E+00 1.01E+00
  1.25E+05 1.00E+00 1.00E+00 1.00E+00 1.00E+00 1.00E+00 1.00E+00 1.00E+00 1.00E+00 1.00E+00 1.00E+00 1.04E+00 1.00E+00 1.00E+00 1.00E+00 1.00E+00 1.00E+00 1.00E+00 1.01E+00
  2.25E+05 1.00E+00 1.00E+00 1.00E+00 1.00E+00 1.00E+00 1.00E+00 1.00E+00 1.00E+00 1.00E+00 1.00E+00 1.06E+00 1.00E+00 1.00E+00 1.00E+00 1.00E+00 1.00E+00 1.00E+00 1.00E+00
  3.25E+05 1.00E+00 1.00E+00 1.00E+00 1.00E+00 1.00E+00 1.00E+00 1.00E+00 1.00E+00 1.00E+00 1.00E+00 1.07E+00 1.00E+00 1.00E+00 1.00E+00 1.00E+00 1.00E+00 1.00E+00 1.00E+00
  4.25E+05 1.00E+00 1.00E+00 1.00E+00 1.00E+00 1.00E+00 1.00E+00 1.00E+00 1.00E+00 1.00E+00 1.00E+00 1.07E+00 1.00E+00 1.00E+00 1.00E+00 1.00E+00 1.00E+00 1.00E+00 1.00E+00
  5.25E+05 1.00E+00 1.00E+00 1.00E+00 1.00E+00 1.00E+00 1.00E+00 1.00E+00 1.00E+00 1.00E+00 1.00E+00 1.07E+00 1.00E+00 1.00E+00 1.00E+00 1.00E+00 1.00E+00 1.00E+00 1.00E+00
  6.25E+05 1.00E+00 1.00E+00 1.00E+00 1.00E+00 1.00E+00 1.00E+00 1.00E+00 1.00E+00 1.00E+00 1.00E+00 1.07E+00 1.00E+00 1.00E+00 1.00E+00 1.00E+00 1.00E+00 1.00E+00 1.00E+00
  7.25E+05 1.00E+00 1.00E+00 1.00E+00 1.00E+00 1.00E+00 1.00E+00 1.00E+00 1.00E+00 1.00E+00 1.00E+00 1.07E+00 1.00E+00 1.00E+00 1.00E+00 1.00E+00 1.00E+00 1.00E+00 1.00E+00
  8.25E+05 1.00E+00 1.00E+00 1.00E+00 1.00E+00 1.00E+00 1.00E+00 1.00E+00 1.00E+00 1.00E+00 1.00E+00 1.07E+00 1.00E+00 1.00E+00 1.00E+00 1.00E+00 1.00E+00 1.00E+00 1.00E+00
  9.25E+05 1.00E+00 1.00E+00 1.00E+00 1.00E+00 1.00E+00 1.00E+00 1.00E+00 1.00E+00 1.00E+00 1.00E+00 1.08E+00 1.00E+00 1.00E+00 1.00E+00 1.00E+00 1.00E+00 1.00E+00 1.00E+00
  1.02E+06 1.00E+00 1.00E+00 1.00E+00 1.00E+00 1.00E+00 1.00E+00 1.00E+00 1.00E+00 1.00E+00 1.00E+00 1.08E+00 1.00E+00 1.00E+00 1.00E+00 1.00E+00 1.00E+00 1.00E+00 1.00E+00

     Z        HS       S        SO       SO2      H2SO4    HSO      S2       S4       S8       SO3      OCS      S3       O3       HNO3     N        NO3      N2O      HO2NO2  
  2.50E+04 1.00E+00 1.00E+00 1.00E+00 1.43E+03 1.00E+00 1.00E+00 1.00E+00 1.00E+00 1.00E+00 1.00E+00 1.00E+00 1.00E+00 1.00E+00 1.00E+00 1.00E+00 1.00E+00 1.00E+00 1.00E+00
  1.25E+05 1.00E+00 1.00E+00 1.00E+00 1.56E+03 1.00E+00 1.00E+00 1.00E+00 1.00E+00 1.00E+00 1.00E+00 1.00E+00 1.00E+00 1.00E+00 1.00E+00 1.00E+00 1.00E+00 1.00E+00 1.00E+00
  2.25E+05 1.00E+00 1.00E+00 1.00E+00 1.51E+03 1.00E+00 1.00E+00 1.00E+00 1.00E+00 1.00E+00 1.00E+00 1.00E+00 1.00E+00 1.00E+00 1.00E+00 1.00E+00 1.00E+00 1.00E+00 1.00E+00
  3.25E+05 1.00E+00 1.00E+00 1.00E+00 1.34E+03 1.00E+00 1.00E+00 1.00E+00 1.00E+00 1.00E+00 1.00E+00 1.00E+00 1.00E+00 1.00E+00 1.00E+00 1.00E+00 1.00E+00 1.00E+00 1.00E+00
  4.25E+05 1.00E+00 1.00E+00 1.00E+00 1.10E+03 1.00E+00 1.00E+00 1.00E+00 1.00E+00 1.00E+00 1.00E+00 1.00E+00 1.00E+00 1.00E+00 1.00E+00 1.00E+00 1.00E+00 1.00E+00 1.00E+00
  5.25E+05 1.00E+00 1.00E+00 1.00E+00 9.30E+02 1.00E+00 1.00E+00 1.00E+00 1.00E+00 1.00E+00 1.00E+00 1.00E+00 1.00E+00 1.00E+00 1.00E+00 1.00E+00 1.00E+00 1.00E+00 1.00E+00
  6.25E+05 1.00E+00 1.00E+00 1.00E+00 8.12E+02 1.00E+00 1.00E+00 1.00E+00 1.00E+00 1.00E+00 1.00E+00 1.00E+00 1.00E+00 1.00E+00 1.00E+00 1.00E+00 1.00E+00 1.00E+00 1.00E+00
  7.25E+05 1.00E+00 1.00E+00 1.00E+00 7.31E+02 1.00E+00 1.00E+00 1.00E+00 1.00E+00 1.00E+00 1.00E+00 1.00E+00 1.00E+00 1.00E+00 1.00E+00 1.00E+00 1.00E+00 1.00E+00 1.00E+00
  8.25E+05 1.00E+00 1.00E+00 1.00E+00 6.77E+02 1.00E+00 1.00E+00 1.00E+00 1.00E+00 1.00E+00 1.00E+00 1.00E+00 1.00E+00 1.00E+00 1.00E+00 1.00E+00 1.00E+00 1.00E+00 1.00E+00
  9.25E+05 1.00E+00 1.00E+00 1.00E+00 6.43E+02 1.00E+00 1.00E+00 1.00E+00 1.00E+00 1.00E+00 1.00E+00 1.00E+00 1.00E+00 1.00E+00 1.00E+00 1.00E+00 1.00E+00 1.00E+00 1.00E+00
  1.02E+06 1.00E+00 1.00E+00 1.00E+00 6.18E+02 1.00E+00 1.00E+00 1.00E+00 1.00E+00 1.00E+00 1.00E+00 1.00E+00 1.00E+00 1.00E+00 1.00E+00 1.00E+00 1.00E+00 1.00E+00 1.00E+00

     Z        N2O5     CO2      SO4AER   S8AER   
  2.50E+04 1.00E+00 1.00E+00 1.00E+00 1.00E+00
  1.25E+05 1.00E+00 1.00E+00 1.00E+00 1.00E+00
  2.25E+05 1.00E+00 1.00E+00 1.00E+00 1.00E+00
  3.25E+05 1.00E+00 1.00E+00 1.00E+00 1.00E+00
  4.25E+05 1.00E+00 1.00E+00 1.00E+00 1.00E+00
  5.25E+05 1.00E+00 1.00E+00 1.00E+00 1.00E+00
  6.25E+05 1.00E+00 1.00E+00 1.00E+00 1.00E+00
  7.25E+05 1.00E+00 1.00E+00 1.00E+00 1.00E+00
  8.25E+05 1.00E+00 1.00E+00 1.00E+00 1.00E+00
  9.25E+05 1.00E+00 1.00E+00 1.00E+00 1.00E+00
  1.02E+06 1.00E+00 1.00E+00 1.00E+00 1.00E+00

 GIORGI AND CHAMEIDES RAINOUT RATES


     Z        O        O2       H2O      H        OH       HO2      H2O2     H2       CO       HCO      H2CO     CH4      CH3      C2H6     NO       NO2      HNO      H2S     
  2.50E+04 0.00E+00 2.65E-13 0.00E+00 0.00E+00 8.98E-09 9.56E-07 2.29E-06 1.40E-13 1.99E-13 0.00E+00 8.99E-07 2.89E-13 0.00E+00 4.30E-13 3.88E-13 2.79E-12 0.00E+00 2.19E-11
  1.25E+05 0.00E+00 3.20E-13 0.00E+00 0.00E+00 1.31E-08 1.28E-06 2.37E-06 1.59E-13 2.37E-13 0.00E+00 1.27E-06 3.52E-13 0.00E+00 5.46E-13 4.68E-13 3.58E-12 0.00E+00 2.73E-11
  2.25E+05 0.00E+00 2.66E-13 0.00E+00 0.00E+00 1.34E-08 1.00E-06 1.33E-06 1.23E-13 1.95E-13 0.00E+00 1.02E-06 2.95E-13 0.00E+00 4.80E-13 3.89E-13 3.20E-12 0.00E+00 2.35E-11
  3.25E+05 0.00E+00 2.04E-13 0.00E+00 0.00E+00 1.16E-08 7.00E-07 8.19E-07 9.01E-14 1.48E-13 0.00E+00 7.17E-07 2.26E-13 0.00E+00 3.80E-13 2.98E-13 2.55E-12 0.00E+00 1.83E-11
  4.25E+05 0.00E+00 1.40E-13 0.00E+00 0.00E+00 8.00E-09 4.94E-07 5.83E-07 6.19E-14 1.01E-13 0.00E+00 5.06E-07 1.55E-13 0.00E+00 2.61E-13 2.05E-13 1.75E-12 0.00E+00 1.26E-11
  5.25E+05 0.00E+00 9.19E-14 0.00E+00 0.00E+00 5.26E-09 3.61E-07 4.49E-07 4.06E-14 6.65E-14 0.00E+00 3.71E-07 1.02E-13 0.00E+00 1.71E-13 1.34E-13 1.15E-12 0.00E+00 8.26E-12
  6.25E+05 0.00E+00 5.76E-14 0.00E+00 0.00E+00 3.30E-09 2.62E-07 3.60E-07 2.55E-14 4.17E-14 0.00E+00 2.72E-07 6.40E-14 0.00E+00 1.07E-13 8.42E-14 7.22E-13 0.00E+00 5.18E-12
  7.25E+05 0.00E+00 3.45E-14 0.00E+00 0.00E+00 1.98E-09 1.83E-07 2.89E-07 1.53E-14 2.50E-14 0.00E+00 1.92E-07 3.83E-14 0.00E+00 6.44E-14 5.04E-14 4.32E-13 0.00E+00 3.10E-12
  8.25E+05 0.00E+00 1.97E-14 0.00E+00 0.00E+00 1.13E-09 1.22E-07 2.30E-07 8.72E-15 1.43E-14 0.00E+00 1.29E-07 2.19E-14 0.00E+00 3.68E-14 2.88E-14 2.47E-13 0.00E+00 1.77E-12
  9.25E+05 0.00E+00 1.08E-14 0.00E+00 0.00E+00 6.20E-10 7.57E-08 1.74E-07 4.77E-15 7.81E-15 0.00E+00 8.14E-08 1.20E-14 0.00E+00 2.01E-14 1.58E-14 1.35E-13 0.00E+00 9.69E-13
  1.02E+06 0.00E+00 5.65E-15 0.00E+00 0.00E+00 3.25E-10 4.31E-08 1.14E-07 2.50E-15 4.09E-15 0.00E+00 4.67E-08 6.27E-15 0.00E+00 1.05E-14 8.26E-15 7.08E-14 0.00E+00 5.07E-13

     Z        HS       S        SO       SO2      H2SO4    HSO      S2       S4       S8       SO3      OCS      S3       O3       HNO3     N        NO3      N2O      HO2NO2  
  2.50E+04 2.18E-06 0.00E+00 3.20E-13 4.20E-07 2.37E-06 9.88E-07 0.00E+00 0.00E+00 0.00E+00 2.37E-06 4.85E-12 0.00E+00 0.00E+00 2.35E-06 0.00E+00 6.39E-12 5.88E-12 1.73E-06
  1.25E+05 2.25E-06 0.00E+00 3.51E-13 5.71E-07 2.42E-06 1.06E-06 0.00E+00 0.00E+00 0.00E+00 2.42E-06 6.08E-12 0.00E+00 0.00E+00 2.40E-06 0.00E+00 7.02E-12 7.61E-12 2.03E-06
  2.25E+05 1.29E-06 0.00E+00 2.63E-13 4.64E-07 1.34E-06 7.25E-07 0.00E+00 0.00E+00 0.00E+00 1.34E-06 5.28E-12 0.00E+00 0.00E+00 1.34E-06 0.00E+00 5.26E-12 6.84E-12 1.27E-06
  3.25E+05 8.04E-07 0.00E+00 1.89E-13 3.24E-07 8.20E-07 4.91E-07 0.00E+00 0.00E+00 0.00E+00 8.20E-07 4.14E-12 0.00E+00 0.00E+00 8.20E-07 0.00E+00 3.77E-12 5.49E-12 8.03E-07
  4.25E+05 5.72E-07 0.00E+00 1.29E-13 1.94E-07 5.84E-07 3.42E-07 0.00E+00 0.00E+00 0.00E+00 5.84E-07 2.85E-12 0.00E+00 0.00E+00 5.84E-07 0.00E+00 2.59E-12 3.77E-12 5.71E-07
  5.25E+05 4.35E-07 0.00E+00 8.50E-14 1.15E-07 4.50E-07 2.39E-07 0.00E+00 0.00E+00 0.00E+00 4.50E-07 1.87E-12 0.00E+00 0.00E+00 4.50E-07 0.00E+00 1.70E-12 2.47E-12 4.35E-07
  6.25E+05 3.40E-07 0.00E+00 5.33E-14 6.64E-08 3.62E-07 1.62E-07 0.00E+00 0.00E+00 0.00E+00 3.62E-07 1.17E-12 0.00E+00 0.00E+00 3.61E-07 0.00E+00 1.07E-12 1.55E-12 3.40E-07
  7.25E+05 2.62E-07 0.00E+00 3.19E-14 3.73E-08 2.93E-07 1.05E-07 0.00E+00 0.00E+00 0.00E+00 2.93E-07 7.01E-13 0.00E+00 0.00E+00 2.92E-07 0.00E+00 6.38E-13 9.28E-13 2.61E-07
  8.25E+05 1.95E-07 0.00E+00 1.82E-14 2.03E-08 2.35E-07 6.49E-08 0.00E+00 0.00E+00 0.00E+00 2.35E-07 4.01E-13 0.00E+00 0.00E+00 2.34E-07 0.00E+00 3.65E-13 5.31E-13 1.94E-07
  9.25E+05 1.36E-07 0.00E+00 9.97E-15 1.08E-08 1.81E-07 3.78E-08 0.00E+00 0.00E+00 0.00E+00 1.81E-07 2.19E-13 0.00E+00 0.00E+00 1.79E-07 0.00E+00 1.99E-13 2.90E-13 1.36E-07
  1.02E+06 8.42E-08 0.00E+00 5.22E-15 5.51E-09 1.21E-07 2.06E-08 0.00E+00 0.00E+00 0.00E+00 1.21E-07 1.15E-13 0.00E+00 0.00E+00 1.19E-07 0.00E+00 1.04E-13 1.52E-13 8.38E-08

     Z        N2O5     CO2      SO4AER   S8AER   
  2.50E+04 5.88E-12 0.00E+00 2.37E-06 2.37E-06
  1.25E+05 7.61E-12 0.00E+00 2.42E-06 2.42E-06
  2.25E+05 6.84E-12 0.00E+00 1.34E-06 1.34E-06
  3.25E+05 5.49E-12 0.00E+00 8.20E-07 8.20E-07
  4.25E+05 3.77E-12 0.00E+00 5.84E-07 5.84E-07
  5.25E+05 2.47E-12 0.00E+00 4.50E-07 4.50E-07
  6.25E+05 1.55E-12 0.00E+00 3.62E-07 3.62E-07
  7.25E+05 9.28E-13 0.00E+00 2.93E-07 2.93E-07
  8.25E+05 5.31E-13 0.00E+00 2.35E-07 2.35E-07
  9.25E+05 2.90E-13 0.00E+00 1.81E-07 1.81E-07
  1.02E+06 1.52E-13 0.00E+00 1.21E-07 1.21E-07

 RAINOUT RATE, PHIDEP, TLOSS, LOWER B.C. and vdep

 FOLLOWED BY TP, TL, FUP, FLOW, CON


     Z        O        O2       H2O      H        OH       HO2      H2O2     H2       CO       HCO      H2CO     CH4      CH3      C2H6     NO       NO2      HNO      H2S     
           0.00E+00 5.62E+09 0.00E+00 0.00E+00 8.41E+03 1.40E+08 2.58E+10 6.77E+05 1.92E+05 0.00E+00 1.83E+09 5.29E+06 0.00E+00 2.90E-10 3.63E+00 3.51E+01 0.00E+00 7.80E+02
           3.93E+04 0.00E+00 0.00E+00 9.84E+00 1.00E+06 3.10E+08 7.10E+09 3.16E+09 3.28E+08 3.94E-01 1.06E+09 0.00E+00 3.49E+00 0.00E+00 4.32E+03 6.04E+04 1.88E+02 4.60E+06
           3.93E+04 5.62E+09 0.00E+00 9.84E+00 1.01E+06 4.50E+08 3.29E+10 3.16E+09 3.28E+08 3.94E-01 2.89E+09 5.29E+06 3.49E+00 2.90E-10 4.32E+03 6.04E+04 1.88E+02 4.60E+06
              0        1        0        0        0        0        0        1        1        0        0        1        0        0        0        0        0        2
           1.00E+00 0.00E+00 0.00E+00 1.00E+00 1.00E+00 1.00E+00 2.00E-01 2.40E-04 1.20E-04 1.00E+00 2.00E-01 0.00E+00 1.00E+00 0.00E+00 3.00E-04 3.00E-03 1.00E+00 2.00E-02

           1.63E+15 1.64E+15 1.27E+11 1.99E+12 2.55E+12 2.19E+12 1.48E+11 5.99E+10 1.63E+11 6.90E+10 1.26E+11 2.88E+04 1.25E+11 7.91E+00 2.05E+12 2.08E+12 1.90E+05 2.47E+06
           1.63E+15 1.64E+15 1.01E+11 1.99E+12 2.55E+12 2.19E+12 1.41E+11 4.34E+10 3.24E+11 6.90E+10 1.24E+11 1.26E+11 1.25E+11 7.91E+00 2.05E+12 2.08E+12 1.90E+05 2.02E+08
          -2.45E-04 3.12E-06 8.06E-13 2.98E+07-6.14E-10-5.65E-12-1.24E-27 1.29E+08 3.11E-06-2.34E-12-1.24E-12 1.99E-14-1.28E-12 9.23E-20-4.93E-11-1.20E-16-5.73E-21-1.43E-53
          -3.93E+04 3.54E+11 1.33E+13-9.72E+00-1.00E+06-3.10E+08-7.10E+09-1.64E+10 1.60E+11-3.70E-01-1.06E+09 1.26E+11-3.43E+00 9.76E-17-4.32E+03-6.04E+04-1.88E+02 2.00E+08
          -1.97E+03-1.96E+03 1.34E+13 3.56E-01 1.59E+00 1.34E-01-1.96E-01 4.67E-02 8.11E-01 1.49E-01-1.90E-01 6.18E-01 4.52E-02 7.28E-13 4.22E+00-4.21E+00-8.76E-08-3.18E-04

     Z        HS       S        SO       SO2      H2SO4    HSO      S2       S4       S8       SO3      OCS      S3       O3       HNO3     N        NO3      N2O      HO2NO2  
           5.86E+02 0.00E+00 2.24E-04 6.93E+08 1.91E+08 4.33E+06 0.00E+00 0.00E+00 0.00E+00 1.31E+01 1.50E-08 0.00E+00 0.00E+00 1.31E+08 0.00E+00 3.72E-03 1.99E+07 1.61E+07
           0.00E+00 0.00E+00 0.00E+00 1.57E+09 9.03E+07 2.31E+07 0.00E+00 0.00E+00 0.00E+00 0.00E+00 0.00E+00 0.00E+00 1.04E+10 2.27E+07 0.00E+00 0.00E+00 0.00E+00 8.59E+04
           5.86E+02 0.00E+00 2.24E-04 2.26E+09 2.82E+08 2.75E+07 0.00E+00 0.00E+00 0.00E+00 1.31E+01 1.50E-08 0.00E+00 1.04E+10 1.54E+08 0.00E+00 3.72E-03 1.99E+07 1.61E+07
              0        0        0        3        0        0        0        0        0        0        0        0        0        0        0        0        1        0
           0.00E+00 0.00E+00 0.00E+00 1.00E+00 1.00E+00 1.00E+00 0.00E+00 0.00E+00 0.00E+00 0.00E+00 0.00E+00 0.00E+00 7.00E-02 2.00E-01 0.00E+00 0.00E+00 0.00E+00 2.00E-01

           1.74E+08 7.99E+05 8.64E+09 6.05E+11 6.91E+09 2.76E+08 6.10E-11 7.23E-31 1.59E-76 6.91E+09 7.81E-05 1.77E-24 1.63E+15 5.30E+09 4.20E+07 1.42E+10 3.73E+06 1.06E+10
           1.74E+08 7.99E+05 8.64E+09 6.13E+11 6.82E+09 2.53E+08 6.10E-11 7.23E-31 1.59E-76 6.91E+09 7.81E-05 1.77E-24 1.63E+15 5.28E+09 1.42E+08 1.42E+10 1.73E+10 1.06E+10
          -1.18E-39 5.15E-28 5.80E-28-9.97E-31 5.05E-29-1.34E-36 1.24E-61-4.41E-95-2.86-101-2.08E-38-2.74E-40 2.21E-96-1.02E-09-1.38E-34-1.00E+08-7.86E-24-1.25E-17-8.26E-38
           2.22E-04 3.60E-11 9.91E-05-1.57E+09-9.03E+07-2.31E+07 1.13E-23 4.89E-43-8.19E-87 6.26E-05 1.26E-16 2.73E-40-1.04E+10-2.27E+07-2.26E-68-1.63E-05 1.73E+10-8.59E+04
           2.74E-04 3.20E-06 7.78E-02-9.00E+09-4.81E-05-5.26E-05-2.36E-22-9.07E-43 2.38E-86 6.16E-05-8.28E-16-3.59E-36 1.96E+03 5.12E-04-1.25E-04-2.72E-02-1.04E-02-6.23E-03

     Z        N2O5     CO2      SO4AER   S8AER   
           1.01E-03 0.00E+00 6.55E+09 1.71E-19
           0.00E+00 2.84E+11 6.44E+07 2.60E-21
           1.01E-03 2.84E+11 6.62E+09 1.74E-19
              0        3        0        0
           0.00E+00 5.00E-05 1.26E-02 1.05E-02

           3.38E+07 3.24E+11 6.63E+09 0.00E+00
           3.38E+07 4.01E+10 6.55E+09 1.71E-19
          -7.72E-48-1.31E-07-8.48E-23-1.00E-22
          -1.15E-08-2.84E+11-7.82E+07 2.94E-20
          -4.18E-05-6.88E+08 1.22E-05-1.41E-19

 CONSERVATION OF SULFUR:
     S loss = 9.200E+09  S prod = 9.200000E+09  SO4LOS = 6.899275E+09  8 S8LOSS = 1.388281E-18  sulrain = 7.442E+09   Difference =-1.827E-02

                    OxidOut = -2.3882E-04
                    RedOut  =  1.4432E+08
                       / \
                      /\
  OxidUp = 6.2361E-06 |
  RedUp  = 1.4432E+08 | |
-----------------------|-|----------------
                       | | OxidDown = -2.4506E-04
                         | RedDown  = -1.0475E-11
                         \/
/\
 | OxidDist = 0.0000E+00
 | RedDist  = 0.0000E+00
 |                             /\
 | | OxidRain = 4.4428E+10     | OxidAtm = 7.2606E+11
 | | RedRain  = 3.6948E+09     | RedAtm  = 6.6500E+11
---|--------------------------|-|---------
  \/  OxidOcean = -3.9022E+10| |
      RedOcean  = -1.8553E+10|
                             \/
                              \ /
                         OxidFlow =  6.8704E+11
                         RedFlow  =  6.4645E+11

    global imbalance (ocean)    =  1.4432E+08
    global imbalance (dist-fup) =  1.4432E+08

old redox budget numbers:
     OxidIn = 6.870351E+11  OxidOut =-2.388243E-04  RedIn = 6.464458E+11  RedOut = 1.443240E+08  RedRain = 3.694805E+09  OxidRain = 4.442845E+10   redox = 1.284220E+01

 INTEGRATED REACTION RATES

         1         2         3         4         5         6         7         8         9        10
  1   9.036E+10 1.408E+09 1.369E+07 4.197E+10 2.448E+11 1.716E+12 2.230E+09 5.171E+08 2.327E+10 1.492E+12   10
 11   1.295E+11 3.435E+11 1.456E+12 1.454E+11 1.476E+11 4.649E+10 6.981E+10 1.631E+15 1.635E+11 1.473E+09   20
 21   6.206E+14 1.557E+12 2.748E+11 1.515E+12 8.099E+10 2.846E+09 4.267E+09 6.219E+14 1.006E+15 4.481E+11   30
 31   2.957E+05 5.498E+04 9.435E-04 8.790E+03 8.318E+05 8.318E+05 6.834E+10 1.620E+10 2.390E+10 3.236E+11   40
 41   1.576E+07 5.405E+10 3.767E+10 6.723E+04 4.356E+04 3.838E+06 6.904E+10 3.068E+10 8.568E+06 2.047E+08   50
 51   2.382E+08 3.358E+06 8.497E+09 3.863E+08 4.184E+08 7.013E+07 0.000E+00 2.712E+00 4.307E+09 3.244E+09   60
 61   3.766E+08 2.704E+08 4.198E+07 1.773E+08 1.836E+12 1.232E+11 1.795E+09 1.197E+08 1.749E+02 2.775E+06   70
 71   3.835E+08 7.598E+04 9.843E-08 4.519E+08 1.254E+11 2.911E+07 7.913E+00 5.021E+04 2.877E+04 1.010E-01   80
 81   1.678E-05 3.478E-03 4.382E+04 4.147E+04 8.653E+06 6.563E+05 5.940E+07 6.403E+07 1.926E+12 5.905E+09   90
 91   1.175E+11 3.715E+09 2.120E+11 5.300E+09 1.395E+07 1.254E+09 1.015E+03 1.391E+05 1.147E+02 4.503E+04  100
101   5.352E+03 6.009E+07 2.456E+07 2.129E+04 1.010E+04 8.118E+05 9.241E+05 5.160E+00 2.551E-02 1.596E-02  110
111   2.638E-04 2.917E-02 3.480E-05 2.388E-11 1.858E-16 5.172E+00 7.987E+05 1.303E+06 8.387E+09 5.934E+11  120
121   3.357E+09 5.050E+09 7.983E+07 2.533E+06 2.024E+07 6.878E+09 3.447E+07 6.913E+09 6.878E+09 1.756E+01  130
131   1.481E-04 1.061E+02 1.711E+08 2.668E+02 2.688E+04 2.804E+03 5.728E+06 9.006E+05 7.508E+00 2.466E-03  140
141   6.552E-02 6.101E-11 7.975E+05 6.962E-03 4.880E-11 3.645E-03 3.645E-03 5.004E-18 0.000E+00 1.689E-11  150
151   1.411E+06 4.412E-11 0.000E+00 1.774E-24 7.229E-31 1.224E-41 1.588E-76 7.229E-31 1.774E-24 0.000E+00  160
161   0.000E+00 1.588E-76 1.882E+03 5.393E+10 5.393E+11 9.871E+06 1.448E+08 1.132E+04 7.601E+01 5.725E+10  170
171   5.099E+07 9.401E+00 2.634E+08 3.143E+09 7.951E+05 1.655E+08 4.252E+05 1.203E+03 1.939E+01 4.583E-01  180
181   3.383E-04 7.983E+07 4.986E-02 5.328E-01 1.649E+06 1.450E+05 1.905E+08 1.245E+03 6.226E+02 1.559E+05  190
191   5.578E+07 2.042E-04 0.000E+00 3.612E-10 5.920E-05 5.514E-06 4.338E-11 4.396E-16 7.412E-06 3.904E-10  200
201   1.888E-05 6.514E-05 2.815E+07 0.000E+00 2.999E+07 7.593E-16 1.611E-30 0.000E+00 0.000E+00 7.593E-16  210
211   1.011E+08 8.450E+06 1.161E+09 1.171E+10 1.185E+07 1.534E+09 1.136E+10 3.732E+06 0.000E+00 3.155E+07  220
221   4.936E+07 1.725E+10 5.429E+06 1.052E+04 3.380E+07 3.898E+04 3.331E+03 7.454E+08 9.319E-02 1.058E+10  230
231   2.838E+04 2.770E+09 5.597E+09 1.732E+09 4.673E+08 1.110E+07 2.265E+07 7.345E+05 4.804E+06
         1         2         3         4         5         6         7         8         9        10

 PHOTOCHEMICAL EQUILIBRIUM AND INERT SPECIES

     Z        HNO2     O1D      CH21     CH23     C2H5     SO21     SO23     HSO3     OCS2     N2      
  2.50E+04 2.13E+05 2.63E-03 2.04E-16 2.77E-13 8.65E-16 3.27E-04 2.36E-03 7.34E-02 1.41E-25 2.42E+19
  1.25E+05 2.19E+05 3.53E-03 4.41E-16 6.32E-13 8.97E-16 7.35E-04 5.28E-03 1.64E-01 6.43E-26 2.21E+19
  2.25E+05 2.49E+05 5.05E-03 8.42E-16 1.27E-12 9.44E-16 1.11E-03 7.98E-03 2.61E-01 8.17E-26 2.00E+19
  3.25E+05 2.98E+05 7.41E-03 1.44E-15 2.31E-12 9.62E-16 1.48E-03 1.06E-02 3.61E-01 2.10E-25 1.82E+19
  4.25E+05 3.58E+05 1.08E-02 2.19E-15 3.75E-12 9.35E-16 1.85E-03 1.32E-02 4.61E-01 6.79E-25 1.64E+19
  5.25E+05 3.85E+05 1.54E-02 2.89E-15 5.31E-12 8.39E-16 2.25E-03 1.60E-02 5.48E-01 2.22E-24 1.49E+19
  6.25E+05 3.20E+05 2.12E-02 3.22E-15 6.47E-12 6.80E-16 2.69E-03 1.91E-02 6.02E-01 6.92E-24 1.34E+19
  7.25E+05 2.30E+05 2.83E-02 3.10E-15 6.88E-12 5.04E-16 3.17E-03 2.25E-02 6.18E-01 2.05E-23 1.22E+19
  8.25E+05 2.15E+05 3.67E-02 2.74E-15 6.83E-12 3.60E-16 3.68E-03 2.61E-02 6.23E-01 5.77E-23 1.10E+19
  9.25E+05 2.76E+05 4.62E-02 2.35E-15 6.68E-12 2.60E-16 4.18E-03 2.96E-02 6.38E-01 1.55E-22 9.90E+18
  1.02E+06 3.95E+05 5.76E-02 2.07E-15 6.78E-12 1.97E-16 4.66E-03 3.29E-02 6.85E-01 3.97E-22 8.88E+18
  1.12E+06 5.38E+05 7.92E-02 2.75E-15 9.41E-12 1.85E-16 5.19E-03 3.66E-02 7.36E-01 7.35E-22 7.70E+18
  1.22E+06 8.04E+05 1.34E-01 4.15E-15 1.44E-11 1.85E-16 5.82E-03 4.10E-02 8.08E-01 1.20E-21 6.62E+18
  1.32E+06 1.21E+06 2.33E-01 7.08E-15 2.49E-11 2.09E-16 6.08E-03 4.28E-02 9.06E-01 1.75E-21 5.69E+18
  1.42E+06 1.85E+06 4.14E-01 1.34E-14 4.75E-11 2.68E-16 5.72E-03 4.02E-02 9.62E-01 2.24E-21 4.87E+18
  1.52E+06 2.58E+06 6.48E-01 2.56E-14 9.16E-11 3.75E-16 5.12E-03 3.58E-02 9.35E-01 2.78E-21 4.17E+18
  1.62E+06 3.39E+06 9.44E-01 5.03E-14 1.81E-10 5.88E-16 4.39E-03 3.06E-02 8.58E-01 3.16E-21 3.58E+18
  1.72E+06 4.16E+06 1.31E+00 1.02E-13 3.70E-10 1.01E-15 3.51E-03 2.44E-02 7.34E-01 2.89E-21 3.06E+18
  1.82E+06 4.67E+06 1.80E+00 2.12E-13 7.75E-10 1.85E-15 2.46E-03 1.70E-02 5.49E-01 1.89E-21 2.62E+18
  1.92E+06 4.72E+06 2.48E+00 4.52E-13 1.66E-09 3.52E-15 1.23E-03 8.46E-03 2.86E-01 6.78E-22 2.24E+18
  2.02E+06 4.33E+06 3.48E+00 9.96E-13 3.62E-09 6.88E-15 1.89E-04 1.30E-03 4.51E-02 5.69E-23 1.91E+18
  2.12E+06 3.66E+06 4.94E+00 2.25E-12 8.09E-09 1.38E-14 1.88E-05 1.29E-04 4.52E-03 2.40E-24 1.62E+18
  2.22E+06 2.91E+06 7.01E+00 5.18E-12 1.83E-08 2.83E-14 1.82E-06 1.24E-05 4.36E-04 7.67E-26 1.38E+18
  2.32E+06 2.20E+06 9.73E+00 1.17E-11 4.06E-08 5.84E-14 1.73E-07 1.18E-06 4.12E-05 1.89E-27 1.18E+18
  2.42E+06 1.58E+06 1.30E+01 2.50E-11 8.55E-08 1.18E-13 1.62E-08 1.09E-07 3.78E-06 3.46E-29 1.00E+18
  2.52E+06 1.10E+06 1.67E+01 4.86E-11 1.65E-07 2.29E-13 1.48E-09 9.98E-09 3.39E-07 4.63E-31 8.59E+17
  2.62E+06 7.29E+05 2.02E+01 8.37E-11 2.85E-07 4.22E-13 1.35E-10 9.08E-10 2.98E-08 4.56E-33 7.36E+17
  2.72E+06 4.49E+05 2.24E+01 1.23E-10 4.25E-07 7.41E-13 1.29E-11 8.63E-11 2.62E-09 3.53E-35 6.33E+17
  2.82E+06 2.58E+05 2.24E+01 1.58E-10 5.56E-07 1.34E-12 1.40E-12 9.34E-12 2.52E-10 2.50E-37 5.45E+17
  2.92E+06 1.44E+05 2.09E+01 1.87E-10 6.73E-07 2.66E-12 1.80E-13 1.20E-12 2.83E-11 1.84E-39 4.70E+17
  3.02E+06 8.07E+04 1.88E+01 2.12E-10 7.86E-07 5.73E-12 2.72E-14 1.81E-13 3.73E-12 1.52E-41 4.05E+17
  3.12E+06 4.61E+04 1.65E+01 2.38E-10 9.06E-07 1.24E-11 4.91E-15 3.26E-14 5.90E-13 1.77E-43 3.48E+17
  3.22E+06 2.71E+04 1.42E+01 2.66E-10 1.04E-06 2.58E-11 1.06E-15 6.99E-15 1.12E-13 3.82E-45 2.99E+17
  3.32E+06 1.64E+04 1.21E+01 2.97E-10 1.19E-06 5.20E-11 2.64E-16 1.74E-15 2.47E-14 1.59E-46 2.57E+17
  3.42E+06 1.03E+04 1.02E+01 3.32E-10 1.39E-06 9.95E-11 7.62E-17 5.00E-16 6.29E-15 1.06E-47 2.20E+17
  3.52E+06 6.73E+03 8.64E+00 3.87E-10 1.94E-06 1.80E-10 2.51E-17 1.64E-16 1.84E-15 9.59E-49 1.88E+17
  3.62E+06 4.60E+03 7.29E+00 6.16E-10 5.48E-06 3.10E-10 9.39E-18 6.10E-17 6.13E-16 1.09E-49 1.61E+17
  3.72E+06 3.29E+03 6.17E+00 2.11E-09 2.88E-05 5.02E-10 3.97E-18 2.56E-17 2.31E-16 1.55E-50 1.38E+17
  3.82E+06 2.46E+03 5.23E+00 1.42E-08 1.69E-04 7.78E-10 1.86E-18 1.19E-17 9.71E-17 2.62E-51 1.18E+17
  3.92E+06 1.91E+03 4.46E+00 1.27E-07 1.10E-03 1.16E-09 9.49E-19 6.05E-18 4.48E-17 5.10E-52 1.01E+17
  4.02E+06 1.54E+03 3.83E+00 1.04E-06 7.47E-03 1.65E-09 5.29E-19 3.34E-18 2.26E-17 1.14E-52 8.58E+16
  4.12E+06 1.28E+03 3.31E+00 6.46E-06 4.46E-02 2.28E-09 3.15E-19 1.97E-18 1.22E-17 2.84E-53 7.31E+16
  4.22E+06 1.10E+03 2.87E+00 3.00E-05 2.10E-01 3.09E-09 1.98E-19 1.22E-18 7.09E-18 7.96E-54 6.22E+16
  4.32E+06 9.73E+02 2.45E+00 1.05E-04 7.70E-01 4.17E-09 1.31E-19 7.95E-19 4.42E-18 2.66E-54 5.28E+16
  4.42E+06 9.00E+02 2.04E+00 2.90E-04 2.22E+00 5.71E-09 8.99E-20 5.38E-19 2.98E-18 1.09E-54 4.47E+16
  4.52E+06 8.61E+02 1.65E+00 6.40E-04 5.15E+00 8.05E-09 6.39E-20 3.75E-19 2.13E-18 5.05E-55 3.77E+16
  4.62E+06 8.27E+02 1.33E+00 1.16E-03 9.80E+00 1.15E-08 4.67E-20 2.68E-19 1.57E-18 2.46E-55 3.17E+16
  4.72E+06 7.74E+02 1.08E+00 1.80E-03 1.57E+01 1.61E-08 3.54E-20 1.98E-19 1.17E-18 1.26E-55 2.65E+16
  4.82E+06 7.05E+02 8.96E-01 2.41E-03 2.17E+01 2.25E-08 2.78E-20 1.51E-19 8.80E-19 6.67E-56 2.22E+16
  4.92E+06 6.22E+02 7.53E-01 2.88E-03 2.66E+01 3.07E-08 2.27E-20 1.18E-19 6.63E-19 3.70E-56 1.84E+16
  5.02E+06 5.29E+02 6.47E-01 3.15E-03 2.95E+01 4.04E-08 1.91E-20 9.58E-20 4.98E-19 2.20E-56 1.53E+16
  5.12E+06 4.35E+02 5.70E-01 3.19E-03 3.03E+01 5.08E-08 1.66E-20 7.96E-20 3.74E-19 1.40E-56 1.27E+16
  5.22E+06 3.49E+02 5.16E-01 3.04E-03 2.92E+01 6.07E-08 1.48E-20 6.74E-20 2.80E-19 9.33E-57 1.05E+16
  5.32E+06 2.75E+02 4.81E-01 2.77E-03 2.68E+01 6.82E-08 1.35E-20 5.79E-20 2.10E-19 6.53E-57 8.71E+15
  5.42E+06 2.13E+02 4.64E-01 2.42E-03 2.38E+01 7.16E-08 1.24E-20 5.01E-20 1.58E-19 4.75E-57 7.22E+15
  5.52E+06 1.63E+02 4.62E-01 2.06E-03 2.07E+01 6.97E-08 1.14E-20 4.34E-20 1.18E-19 3.58E-57 5.98E+15
  5.62E+06 1.22E+02 4.78E-01 1.71E-03 1.77E+01 6.27E-08 1.06E-20 3.76E-20 8.76E-20 2.82E-57 4.97E+15
  5.72E+06 9.01E+01 5.15E-01 1.39E-03 1.50E+01 5.22E-08 9.75E-21 3.24E-20 6.36E-20 2.35E-57 4.12E+15
  5.82E+06 6.42E+01 5.84E-01 1.12E-03 1.26E+01 4.03E-08 8.91E-21 2.76E-20 4.44E-20 2.12E-57 3.42E+15
  5.92E+06 4.59E+01 6.90E-01 8.94E-04 1.04E+01 3.10E-08 8.05E-21 2.32E-20 3.05E-20 2.06E-57 2.83E+15
  6.02E+06 3.02E+01 9.17E-01 7.07E-04 8.31E+00 2.34E-08 7.06E-21 1.89E-20 1.85E-20 2.55E-57 2.32E+15
  6.12E+06 5.32E+00 1.91E+00 5.57E-04 5.98E+00 6.09E-09 4.54E-21 1.13E-20 2.27E-21 7.36E-57 1.88E+15
  6.22E+06 7.13E-01 3.56E+00 4.35E-04 3.57E+00 2.54E-09 2.49E-21 5.72E-21 2.11E-22 1.05E-56 1.50E+15
  6.32E+06 8.96E-02 4.87E+00 3.35E-04 1.83E+00 3.20E-09 1.70E-21 3.62E-21 2.56E-23 7.98E-57 1.17E+15
  6.42E+06 2.27E-02 6.75E+00 2.55E-04 1.09E+00 2.55E-09 1.55E-21 3.11E-21 7.93E-24 4.29E-57 9.75E+14
  6.52E+06 6.88E-03 8.68E+00 1.93E-04 6.38E-01 1.92E-09 1.44E-21 2.76E-21 2.82E-24 2.08E-57 8.16E+14
  6.62E+06 2.18E-03 1.05E+01 1.46E-04 3.70E-01 1.44E-09 1.29E-21 2.38E-21 1.03E-24 1.02E-57 6.83E+14
  6.72E+06 6.98E-04 1.23E+01 1.11E-04 2.16E-01 1.08E-09 1.12E-21 1.98E-21 3.81E-25 5.32E-58 5.72E+14
  6.82E+06 2.22E-04 1.39E+01 8.40E-05 1.28E-01 8.13E-10 9.31E-22 1.59E-21 1.41E-25 3.05E-58 4.79E+14
  6.92E+06 6.93E-05 1.53E+01 6.38E-05 7.80E-02 6.11E-10 7.52E-22 1.25E-21 5.20E-26 1.93E-58 4.01E+14
  7.02E+06 2.13E-05 1.68E+01 4.85E-05 4.85E-02 4.60E-10 5.90E-22 9.54E-22 1.90E-26 1.33E-58 3.36E+14
  7.12E+06 6.40E-06 1.82E+01 3.70E-05 3.08E-02 3.48E-10 4.49E-22 7.10E-22 6.87E-27 9.86E-59 2.81E+14
  7.22E+06 1.89E-06 1.98E+01 2.83E-05 2.00E-02 2.65E-10 3.33E-22 5.16E-22 2.45E-27 7.76E-59 2.36E+14
  7.32E+06 5.48E-07 2.15E+01 2.17E-05 1.33E-02 2.02E-10 2.40E-22 3.66E-22 8.58E-28 6.38E-59 1.97E+14
  7.42E+06 1.57E-07 2.30E+01 1.67E-05 9.04E-03 1.55E-10 1.69E-22 2.54E-22 2.96E-28 5.44E-59 1.65E+14
  7.52E+06 4.49E-08 2.43E+01 1.29E-05 6.26E-03 1.19E-10 1.16E-22 1.72E-22 1.00E-28 4.75E-59 1.39E+14
  7.62E+06 1.28E-08 2.51E+01 1.01E-05 4.41E-03 9.23E-11 7.82E-23 1.15E-22 3.34E-29 4.23E-59 1.16E+14
  7.72E+06 3.68E-09 2.52E+01 7.90E-06 3.17E-03 7.16E-11 5.15E-23 7.47E-23 1.10E-29 3.81E-59 9.72E+13
  7.82E+06 1.07E-09 2.47E+01 6.23E-06 2.32E-03 5.56E-11 3.32E-23 4.79E-23 3.57E-30 3.45E-59 8.15E+13
  7.92E+06 3.18E-10 2.38E+01 4.94E-06 1.72E-03 4.34E-11 2.11E-23 3.02E-23 1.15E-30 3.13E-59 6.83E+13
  8.02E+06 9.66E-11 2.25E+01 3.95E-06 1.30E-03 3.39E-11 1.32E-23 1.89E-23 3.67E-31 2.83E-59 5.72E+13
  8.12E+06 2.99E-11 2.10E+01 3.18E-06 9.87E-04 2.65E-11 8.20E-24 1.16E-23 1.17E-31 2.56E-59 4.80E+13
  8.22E+06 9.48E-12 1.93E+01 2.57E-06 7.58E-04 2.08E-11 5.02E-24 7.08E-24 3.68E-32 2.29E-59 4.02E+13
  8.32E+06 3.08E-12 1.77E+01 2.09E-06 5.88E-04 1.63E-11 3.04E-24 4.28E-24 1.16E-32 2.04E-59 3.37E+13
  8.42E+06 1.02E-12 1.62E+01 1.72E-06 4.60E-04 1.28E-11 1.83E-24 2.57E-24 3.70E-33 1.79E-59 2.83E+13
  8.52E+06 3.52E-13 1.47E+01 1.42E-06 3.64E-04 1.01E-11 1.09E-24 1.53E-24 1.19E-33 1.56E-59 2.37E+13
  8.62E+06 1.25E-13 1.34E+01 1.19E-06 2.90E-04 8.04E-12 6.48E-25 9.05E-25 3.87E-34 1.34E-59 1.99E+13
  8.72E+06 4.63E-14 1.22E+01 1.00E-06 2.34E-04 6.39E-12 3.82E-25 5.33E-25 1.29E-34 1.14E-59 1.66E+13
  8.82E+06 1.81E-14 1.11E+01 8.59E-07 1.91E-04 5.10E-12 2.24E-25 3.12E-25 4.48E-35 9.48E-60 1.40E+13
  8.92E+06 7.46E-15 1.02E+01 7.45E-07 1.58E-04 4.10E-12 1.31E-25 1.82E-25 1.62E-35 7.81E-60 1.17E+13
  9.02E+06 3.28E-15 9.34E+00 6.56E-07 1.32E-04 3.30E-12 7.58E-26 1.05E-25 6.11E-36 6.35E-60 9.82E+12
  9.12E+06 1.53E-15 8.64E+00 5.87E-07 1.12E-04 2.68E-12 4.38E-26 6.08E-26 2.42E-36 5.10E-60 8.23E+12
  9.22E+06 7.59E-16 8.03E+00 5.35E-07 9.66E-05 2.18E-12 2.52E-26 3.49E-26 1.00E-36 4.05E-60 6.90E+12
  9.32E+06 3.96E-16 7.52E+00 4.97E-07 8.49E-05 1.79E-12 1.44E-26 2.00E-26 4.30E-37 3.18E-60 5.79E+12
  9.42E+06 2.16E-16 7.08E+00 4.72E-07 7.60E-05 1.47E-12 8.22E-27 1.14E-26 1.91E-37 2.47E-60 4.86E+12
  9.52E+06 1.22E-16 6.71E+00 4.58E-07 6.95E-05 1.22E-12 4.68E-27 6.47E-27 8.63E-38 1.89E-60 4.07E+12
  9.62E+06 7.12E-17 6.41E+00 4.54E-07 6.47E-05 1.02E-12 2.65E-27 3.67E-27 3.98E-38 1.42E-60 3.42E+12
  9.72E+06 4.24E-17 6.15E+00 4.60E-07 6.15E-05 8.53E-13 1.51E-27 2.09E-27 1.87E-38 1.05E-60 2.87E+12
  9.82E+06 2.58E-17 5.95E+00 4.75E-07 5.95E-05 7.19E-13 8.71E-28 1.20E-27 8.99E-39 7.42E-61 2.40E+12
  9.92E+06 1.60E-17 5.78E+00 4.99E-07 5.85E-05 6.09E-13 5.24E-28 7.24E-28 4.55E-39 4.99E-61 2.02E+12

 ATMOSPHERIC PARAMETERS

    Z         T         EDD       DEN        P        H2OSAT     H2O       RELH     CONDEN    H FLUX
  2.500E+04 2.870E+02 1.000E+05 2.484E+19 9.839E-01 1.604E-02 1.194E-02 7.446E-01 0.000E+00 4.173E+11
  1.250E+05 2.819E+02 1.000E+05 2.252E+19 8.760E-01 1.283E-02 8.480E-03 6.609E-01 0.000E+00 3.424E+11
  2.250E+05 2.764E+02 1.000E+05 2.040E+19 7.781E-01 9.909E-03 5.808E-03 5.862E-01 0.000E+00 2.753E+11
  3.250E+05 2.708E+02 1.000E+05 1.845E+19 6.895E-01 7.254E-03 3.710E-03 5.115E-01 0.000E+00 2.173E+11
  4.250E+05 2.648E+02 1.000E+05 1.667E+19 6.094E-01 4.947E-03 2.227E-03 4.502E-01 0.000E+00 1.676E+11
  5.250E+05 2.582E+02 1.000E+05 1.507E+19 5.370E-01 3.102E-03 1.225E-03 3.949E-01 0.000E+00 1.274E+11
  6.250E+05 2.508E+02 1.000E+05 1.362E+19 4.715E-01 1.754E-03 6.053E-04 3.451E-01 0.000E+00 9.813E+10
  7.250E+05 2.426E+02 1.000E+05 1.232E+19 4.124E-01 8.784E-04 2.633E-04 2.998E-01 0.000E+00 7.883E+10
  8.250E+05 2.338E+02 1.000E+05 1.112E+19 3.589E-01 3.891E-04 1.007E-04 2.589E-01 0.000E+00 6.671E+10
  9.250E+05 2.246E+02 1.000E+05 1.002E+19 3.107E-01 1.531E-04 3.399E-05 2.220E-01 0.000E+00 5.907E+10
  1.025E+06 2.155E+02 8.000E+04 8.990E+18 2.673E-01 5.619E-05 1.062E-05 1.890E-01 0.000E+00 5.420E+10
  1.125E+06 2.129E+02 3.000E+04 7.797E+18 2.291E-01 4.634E-05 6.182E-06 1.334E-01 2.478E-11 7.415E+12
  1.225E+06 2.119E+02 1.700E+04 6.706E+18 1.961E-01 4.702E-05 4.839E-06 1.029E-01 2.198E-12 1.371E+11
  1.325E+06 2.111E+02 8.000E+03 5.757E+18 1.677E-01 4.957E-05 4.833E-06 9.750E-02 0.000E+00 7.169E+09
  1.425E+06 2.106E+02 5.800E+03 4.934E+18 1.434E-01 5.411E-05 4.891E-06 9.038E-02 0.000E+00 7.169E+09
  1.525E+06 2.102E+02 4.600E+03 4.226E+18 1.226E-01 5.973E-05 4.972E-06 8.323E-02 0.000E+00 7.169E+09
  1.625E+06 2.097E+02 4.000E+03 3.620E+18 1.048E-01 6.546E-05 5.079E-06 7.760E-02 0.000E+00 7.169E+09
  1.725E+06 2.092E+02 3.900E+03 3.100E+18 8.950E-02 7.151E-05 5.208E-06 7.283E-02 0.000E+00 7.169E+09
  1.825E+06 2.089E+02 3.900E+03 2.652E+18 7.644E-02 7.970E-05 5.349E-06 6.711E-02 0.000E+00 7.169E+09
  1.925E+06 2.088E+02 4.100E+03 2.265E+18 6.528E-02 9.309E-05 5.497E-06 5.905E-02 0.000E+00 7.169E+09
  2.025E+06 2.093E+02 4.600E+03 1.931E+18 5.576E-02 1.154E-04 5.644E-06 4.889E-02 0.000E+00 7.169E+09
  2.125E+06 2.100E+02 5.100E+03 1.644E+18 4.765E-02 1.505E-04 5.781E-06 3.842E-02 0.000E+00 7.169E+09
  2.225E+06 2.110E+02 5.800E+03 1.399E+18 4.075E-02 2.024E-04 5.908E-06 2.918E-02 0.000E+00 7.169E+09
  2.325E+06 2.121E+02 6.600E+03 1.192E+18 3.488E-02 2.721E-04 6.018E-06 2.212E-02 0.000E+00 7.169E+09
  2.425E+06 2.129E+02 7.500E+03 1.017E+18 2.987E-02 3.555E-04 6.109E-06 1.718E-02 0.000E+00 7.169E+09
  2.525E+06 2.133E+02 8.500E+03 8.696E+17 2.560E-02 4.387E-04 6.179E-06 1.409E-02 0.000E+00 7.169E+09
  2.625E+06 2.132E+02 9.500E+03 7.457E+17 2.194E-02 5.056E-04 6.223E-06 1.231E-02 0.000E+00 7.169E+09
  2.725E+06 2.126E+02 1.060E+04 6.410E+17 1.880E-02 5.394E-04 6.242E-06 1.157E-02 0.000E+00 7.169E+09
  2.825E+06 2.114E+02 1.200E+04 5.519E+17 1.610E-02 5.375E-04 6.235E-06 1.160E-02 0.000E+00 7.169E+09
  2.925E+06 2.099E+02 1.300E+04 4.755E+17 1.378E-02 5.125E-04 6.205E-06 1.211E-02 0.000E+00 7.169E+09
  3.025E+06 2.083E+02 1.430E+04 4.096E+17 1.177E-02 4.772E-04 6.153E-06 1.289E-02 0.000E+00 7.169E+09
  3.125E+06 2.067E+02 1.600E+04 3.524E+17 1.005E-02 4.436E-04 6.082E-06 1.371E-02 0.000E+00 7.169E+09
  3.225E+06 2.051E+02 1.740E+04 3.027E+17 8.569E-03 4.148E-04 5.995E-06 1.445E-02 0.000E+00 7.169E+09
  3.325E+06 2.036E+02 1.900E+04 2.597E+17 7.297E-03 3.894E-04 5.891E-06 1.513E-02 0.000E+00 7.169E+09
  3.425E+06 2.020E+02 2.100E+04 2.226E+17 6.207E-03 3.639E-04 5.772E-06 1.586E-02 0.000E+00 7.169E+09
  3.525E+06 2.004E+02 2.300E+04 1.907E+17 5.274E-03 3.347E-04 5.638E-06 1.684E-02 0.000E+00 7.169E+09
  3.625E+06 1.987E+02 2.600E+04 1.632E+17 4.475E-03 3.009E-04 5.491E-06 1.825E-02 0.000E+00 7.169E+09
  3.725E+06 1.968E+02 2.900E+04 1.396E+17 3.791E-03 2.638E-04 5.334E-06 2.022E-02 0.000E+00 7.169E+09
  3.825E+06 1.947E+02 3.200E+04 1.193E+17 3.207E-03 2.246E-04 5.165E-06 2.299E-02 0.000E+00 7.169E+09
  3.925E+06 1.925E+02 3.600E+04 1.019E+17 2.708E-03 1.861E-04 4.984E-06 2.677E-02 0.000E+00 7.169E+09
  4.025E+06 1.902E+02 4.000E+04 8.692E+16 2.282E-03 1.505E-04 4.791E-06 3.184E-02 0.000E+00 7.169E+09
  4.125E+06 1.878E+02 4.400E+04 7.403E+16 1.919E-03 1.186E-04 4.585E-06 3.864E-02 0.000E+00 7.169E+09
  4.225E+06 1.854E+02 4.900E+04 6.295E+16 1.610E-03 9.163E-05 4.364E-06 4.763E-02 0.000E+00 7.169E+09
  4.325E+06 1.829E+02 5.500E+04 5.341E+16 1.348E-03 6.996E-05 4.130E-06 5.904E-02 0.000E+00 7.169E+09
  4.425E+06 1.805E+02 6.200E+04 4.521E+16 1.126E-03 5.355E-05 3.884E-06 7.254E-02 0.000E+00 7.169E+09
  4.525E+06 1.783E+02 6.700E+04 3.815E+16 9.384E-04 4.198E-05 3.620E-06 8.624E-02 0.000E+00 7.169E+09
  4.625E+06 1.763E+02 7.600E+04 3.208E+16 7.804E-04 3.431E-05 3.335E-06 9.722E-02 0.000E+00 7.169E+09
  4.725E+06 1.746E+02 8.400E+04 2.688E+16 6.478E-04 2.976E-05 3.040E-06 1.021E-01 1.012E-12 3.939E+09
  4.825E+06 1.734E+02 9.200E+04 2.244E+16 5.369E-04 2.782E-05 2.817E-06 1.013E-01 5.569E-13 2.886E+08
  4.925E+06 1.724E+02 1.020E+05 1.868E+16 4.445E-04 2.769E-05 2.639E-06 9.530E-02 0.000E+00 2.886E+08
  5.025E+06 1.718E+02 1.120E+05 1.551E+16 3.677E-04 2.911E-05 2.453E-06 8.425E-02 0.000E+00 2.886E+08
  5.125E+06 1.713E+02 1.220E+05 1.286E+16 3.040E-04 3.199E-05 2.258E-06 7.058E-02 0.000E+00 2.886E+08
  5.225E+06 1.709E+02 1.320E+05 1.065E+16 2.512E-04 3.572E-05 2.057E-06 5.758E-02 0.000E+00 2.886E+08
  5.325E+06 1.705E+02 1.420E+05 8.820E+15 2.075E-04 3.958E-05 1.850E-06 4.673E-02 0.000E+00 2.886E+08
  5.425E+06 1.699E+02 1.520E+05 7.307E+15 1.713E-04 4.250E-05 1.640E-06 3.860E-02 0.000E+00 2.886E+08
  5.525E+06 1.691E+02 1.620E+05 6.059E+15 1.414E-04 4.304E-05 1.431E-06 3.325E-02 0.000E+00 2.886E+08
  5.625E+06 1.679E+02 1.720E+05 5.027E+15 1.165E-04 4.089E-05 1.225E-06 2.996E-02 0.000E+00 2.886E+08
  5.725E+06 1.665E+02 1.820E+05 4.173E+15 9.590E-05 3.653E-05 1.028E-06 2.814E-02 0.000E+00 2.886E+08
  5.825E+06 1.650E+02 1.920E+05 3.461E+15 7.880E-05 3.135E-05 8.441E-07 2.693E-02 0.000E+00 2.886E+08
  5.925E+06 1.636E+02 2.020E+05 2.862E+15 6.463E-05 2.805E-05 6.790E-07 2.421E-02 0.000E+00 2.886E+08
  6.025E+06 1.632E+02 2.120E+05 2.351E+15 5.295E-05 3.137E-05 5.292E-07 1.687E-02 0.000E+00 2.886E+08
  6.125E+06 1.652E+02 2.220E+05 1.905E+15 4.342E-05 5.972E-05 3.927E-07 6.576E-03 0.000E+00 2.886E+08
  6.225E+06 1.713E+02 2.320E+05 1.514E+15 3.578E-05 2.699E-04 2.863E-07 1.061E-03 0.000E+00 2.886E+08
  6.325E+06 1.822E+02 2.420E+05 1.183E+15 2.976E-05 2.805E-03 2.059E-07 7.340E-05 0.000E+00 2.886E+08
  6.425E+06 1.829E+02 2.520E+05 9.868E+14 2.491E-05 3.802E-03 1.463E-07 3.848E-05 0.000E+00 2.886E+08
  6.525E+06 1.829E+02 2.620E+05 8.262E+14 2.086E-05 4.541E-03 1.038E-07 2.286E-05 0.000E+00 2.886E+08
  6.625E+06 1.829E+02 2.720E+05 6.918E+14 1.746E-05 5.423E-03 7.362E-08 1.357E-05 0.000E+00 2.886E+08
  6.725E+06 1.829E+02 2.820E+05 5.793E+14 1.462E-05 6.477E-03 5.219E-08 8.058E-06 0.000E+00 2.886E+08
  6.825E+06 1.829E+02 2.920E+05 4.851E+14 1.225E-05 7.734E-03 3.701E-08 4.785E-06 0.000E+00 2.886E+08
  6.925E+06 1.829E+02 3.020E+05 4.063E+14 1.026E-05 9.235E-03 2.627E-08 2.844E-06 0.000E+00 2.886E+08
  7.025E+06 1.829E+02 3.120E+05 3.403E+14 8.590E-06 1.103E-02 1.867E-08 1.693E-06 0.000E+00 2.886E+08
  7.125E+06 1.829E+02 3.220E+05 2.850E+14 7.195E-06 1.316E-02 1.330E-08 1.010E-06 0.000E+00 2.886E+08
  7.225E+06 1.829E+02 3.320E+05 2.388E+14 6.027E-06 1.571E-02 9.500E-09 6.046E-07 0.000E+00 2.886E+08
  7.325E+06 1.829E+02 3.420E+05 2.000E+14 5.049E-06 1.876E-02 6.811E-09 3.631E-07 0.000E+00 2.886E+08
  7.425E+06 1.829E+02 3.520E+05 1.676E+14 4.230E-06 2.239E-02 4.905E-09 2.191E-07 0.000E+00 2.886E+08
  7.525E+06 1.829E+02 3.620E+05 1.404E+14 3.544E-06 2.672E-02 3.551E-09 1.329E-07 0.000E+00 2.886E+08
  7.625E+06 1.829E+02 3.720E+05 1.176E+14 2.970E-06 3.189E-02 2.586E-09 8.109E-08 0.000E+00 2.886E+08
  7.725E+06 1.829E+02 3.820E+05 9.859E+13 2.489E-06 3.806E-02 1.896E-09 4.983E-08 0.000E+00 2.886E+08
  7.825E+06 1.829E+02 3.920E+05 8.262E+13 2.086E-06 4.541E-02 1.401E-09 3.086E-08 0.000E+00 2.886E+08
  7.925E+06 1.829E+02 4.020E+05 6.924E+13 1.748E-06 5.418E-02 1.045E-09 1.928E-08 0.000E+00 2.886E+08
  8.025E+06 1.829E+02 4.070E+05 5.804E+13 1.465E-06 6.464E-02 7.858E-10 1.216E-08 0.000E+00 2.886E+08
  8.125E+06 1.829E+02 4.070E+05 4.865E+13 1.228E-06 7.712E-02 5.949E-10 7.715E-09 0.000E+00 2.886E+08
  8.225E+06 1.829E+02 4.070E+05 4.078E+13 1.030E-06 9.199E-02 4.535E-10 4.929E-09 0.000E+00 2.886E+08
  8.325E+06 1.829E+02 4.070E+05 3.419E+13 8.631E-07 1.097E-01 3.483E-10 3.174E-09 0.000E+00 2.886E+08
  8.425E+06 1.829E+02 4.070E+05 2.867E+13 7.236E-07 1.309E-01 2.699E-10 2.062E-09 0.000E+00 2.886E+08
  8.525E+06 1.829E+02 4.070E+05 2.404E+13 6.067E-07 1.561E-01 2.112E-10 1.353E-09 0.000E+00 2.886E+08
  8.625E+06 1.829E+02 4.070E+05 2.015E+13 5.088E-07 1.862E-01 1.670E-10 8.973E-10 0.000E+00 2.886E+08
  8.725E+06 1.829E+02 4.070E+05 1.690E+13 4.266E-07 2.220E-01 1.337E-10 6.023E-10 0.000E+00 2.886E+08
  8.825E+06 1.829E+02 4.070E+05 1.417E+13 3.578E-07 2.647E-01 1.084E-10 4.096E-10 0.000E+00 2.886E+08
  8.925E+06 1.829E+02 4.070E+05 1.189E+13 3.001E-07 3.156E-01 8.921E-11 2.827E-10 0.000E+00 2.886E+08
  9.025E+06 1.829E+02 4.070E+05 9.971E+12 2.517E-07 3.763E-01 7.456E-11 1.982E-10 0.000E+00 2.886E+08
  9.125E+06 1.829E+02 4.070E+05 8.364E+12 2.111E-07 4.486E-01 6.342E-11 1.414E-10 0.000E+00 2.886E+08
  9.225E+06 1.829E+02 4.070E+05 7.017E+12 1.771E-07 5.347E-01 5.499E-11 1.029E-10 0.000E+00 2.886E+08
  9.325E+06 1.829E+02 4.070E+05 5.887E+12 1.486E-07 6.373E-01 4.872E-11 7.644E-11 0.000E+00 2.886E+08
  9.425E+06 1.829E+02 4.070E+05 4.939E+12 1.247E-07 7.596E-01 4.418E-11 5.816E-11 0.000E+00 2.886E+08
  9.525E+06 1.829E+02 4.070E+05 4.144E+12 1.046E-07 9.053E-01 4.109E-11 4.539E-11 0.000E+00 2.886E+08
  9.625E+06 1.829E+02 4.070E+05 3.478E+12 8.779E-08 1.079E+00 3.924E-11 3.638E-11 0.000E+00 2.886E+08
  9.725E+06 1.829E+02 4.070E+05 2.919E+12 7.368E-08 1.285E+00 3.848E-11 2.994E-11 0.000E+00 2.886E+08
  9.825E+06 1.829E+02 4.070E+05 2.450E+12 6.184E-08 1.531E+00 3.873E-11 2.529E-11 0.000E+00 2.886E+08
  9.925E+06 1.829E+02 4.070E+05 2.056E+12 5.191E-08 1.824E+00 3.992E-11 2.188E-11 0.000E+00 2.886E+08

 SULFATE AEROSOL PARAMETERS

    Z        AERSOL     RPAR      WFALL     FSULF    TAUSED    TAUEDD    TAUC      H2SO4S    H2SO4     CONSO4    CONVER
  2.500E+04 8.045E+00 3.870E-05 2.639E-03 2.376E-01 3.294E+08 7.556E+06 3.552E+08 6.128E-19 3.636E-12 5.818E-17 6.334E+08
  1.250E+05 6.917E+00 3.870E-05 2.827E-03 2.950E-01 3.017E+08 7.276E+06 4.077E+08 1.184E-18 7.658E-12 1.225E-16 7.864E+08
  2.250E+05 7.285E+00 3.870E-05 3.018E-03 3.436E-01 2.770E+08 6.988E+06 3.814E+08 1.716E-18 1.221E-11 1.954E-16 9.159E+08
  3.250E+05 7.620E+00 3.870E-05 3.258E-03 4.073E-01 2.512E+08 6.699E+06 3.586E+08 3.791E-18 1.684E-11 2.694E-16 1.086E+09
  4.250E+05 8.405E+00 3.870E-05 3.464E-03 4.410E-01 2.310E+08 6.406E+06 3.190E+08 3.793E-18 2.104E-11 3.367E-16 1.175E+09
  5.250E+05 9.047E+00 3.870E-05 3.692E-03 4.705E-01 2.114E+08 6.090E+06 2.903E+08 2.898E-18 2.426E-11 3.882E-16 1.254E+09
  6.250E+05 9.469E+00 3.870E-05 3.955E-03 4.992E-01 1.917E+08 5.747E+06 2.711E+08 1.755E-18 2.597E-11 4.155E-16 1.331E+09
  7.250E+05 9.806E+00 3.870E-05 4.248E-03 5.213E-01 1.727E+08 5.380E+06 2.554E+08 6.704E-19 2.620E-11 4.191E-16 1.389E+09
  8.250E+05 1.003E+01 3.870E-05 4.585E-03 5.395E-01 1.542E+08 4.998E+06 2.428E+08 1.757E-19 2.568E-11 4.109E-16 1.438E+09
  9.250E+05 1.010E+01 3.870E-05 4.983E-03 5.565E-01 1.363E+08 4.614E+06 2.333E+08 3.432E-20 2.525E-11 4.040E-16 1.483E+09
  1.025E+06 1.014E+01 3.870E-05 5.453E-03 5.725E-01 1.196E+08 5.313E+06 2.237E+08 5.705E-21 2.543E-11 4.069E-16 1.526E+09
  1.125E+06 1.037E+01 3.870E-05 5.947E-03 5.993E-01 1.083E+08 1.384E+07 2.063E+08 1.068E-20 2.661E-11 4.258E-16 1.597E+09
  1.225E+06 1.259E+01 3.870E-05 6.480E-03 6.183E-01 9.897E+07 2.420E+07 1.587E+08 2.258E-20 2.915E-11 4.665E-16 1.648E+09
  1.325E+06 1.589E+01 3.870E-05 7.053E-03 6.222E-01 9.064E+07 5.109E+07 1.165E+08 2.524E-20 3.252E-11 5.203E-16 1.658E+09
  1.425E+06 1.968E+01 3.870E-05 7.740E-03 6.277E-01 8.243E+07 7.018E+07 8.648E+07 3.307E-20 3.467E-11 5.547E-16 1.673E+09
  1.525E+06 2.086E+01 3.870E-05 8.554E-03 6.326E-01 7.446E+07 8.819E+07 7.446E+07 4.329E-20 3.383E-11 5.413E-16 1.686E+09
  1.625E+06 2.043E+01 3.806E-05 9.316E-03 6.366E-01 6.824E+07 1.010E+08 6.824E+07 5.331E-20 3.104E-11 4.966E-16 1.615E+09
  1.725E+06 1.914E+01 3.655E-05 9.922E-03 6.401E-01 6.394E+07 1.032E+08 6.394E+07 6.363E-20 2.652E-11 4.244E-16 1.438E+09
  1.825E+06 1.726E+01 3.438E-05 1.041E-02 6.448E-01 6.086E+07 1.029E+08 6.086E+07 8.411E-20 1.978E-11 3.166E-16 1.205E+09
  1.925E+06 1.509E+01 3.178E-05 1.082E-02 6.523E-01 5.857E+07 9.793E+07 5.857E+07 1.422E-19 1.036E-11 1.658E-16 9.630E+08
  2.025E+06 1.299E+01 2.907E-05 1.124E-02 6.637E-01 5.651E+07 8.769E+07 5.651E+07 3.310E-19 1.890E-12 3.023E-17 7.503E+08
  2.125E+06 1.123E+01 2.657E-05 1.176E-02 6.770E-01 5.423E+07 7.973E+07 5.423E+07 9.568E-19 2.031E-13 3.249E-18 5.840E+08
  2.225E+06 9.796E+00 2.429E-05 1.239E-02 6.914E-01 5.173E+07 7.083E+07 5.173E+07 3.112E-18 2.057E-14 3.291E-19 4.560E+08
  2.325E+06 8.670E+00 2.224E-05 1.313E-02 7.050E-01 4.908E+07 6.289E+07 4.908E+07 9.791E-18 2.059E-15 3.279E-20 3.569E+08
  2.425E+06 7.805E+00 2.039E-05 1.394E-02 7.157E-01 4.641E+07 5.581E+07 4.641E+07 2.546E-17 2.259E-16 3.207E-21 2.790E+08
  2.525E+06 7.168E+00 1.868E-05 1.482E-02 7.241E-01 4.377E+07 4.946E+07 4.377E+07 5.188E-17 7.090E-17 3.044E-22 2.170E+08
  2.625E+06 6.729E+00 1.708E-05 1.573E-02 7.293E-01 4.123E+07 4.425E+07 4.123E+07 7.771E-17 7.237E-17-8.553E-23 1.672E+08
  2.725E+06 6.476E+00 1.557E-05 1.664E-02 7.313E-01 3.884E+07 3.943E+07 3.884E+07 8.317E-17 6.379E-17-3.100E-22 1.270E+08
  2.825E+06 6.799E+00 1.387E-05 1.721E-02 7.307E-01 3.738E+07 3.448E+07 3.448E+07 6.769E-17 5.272E-17-2.396E-22 8.960E+07
  2.925E+06 7.204E+00 1.236E-05 1.784E-02 7.287E-01 3.582E+07 3.140E+07 3.140E+07 4.651E-17 4.096E-17-8.867E-23 6.334E+07
  3.025E+06 8.037E+00 1.087E-05 1.825E-02 7.255E-01 3.474E+07 2.812E+07 2.812E+07 2.822E-17 2.841E-17 2.990E-24 4.282E+07
  3.125E+06 7.874E+00 1.000E-05 1.961E-02 7.224E-01 3.210E+07 2.476E+07 2.899E+07 1.720E-17 1.767E-17 7.536E-24 3.323E+07
  3.225E+06 5.982E+00 1.000E-05 2.293E-02 7.196E-01 2.725E+07 2.244E+07 3.779E+07 1.073E-17 1.106E-17 5.292E-24 3.310E+07
  3.325E+06 4.493E+00 1.000E-05 2.686E-02 7.171E-01 2.310E+07 2.026E+07 4.997E+07 6.833E-18 7.025E-18 3.077E-24 3.298E+07
  3.425E+06 3.340E+00 1.000E-05 3.151E-02 7.146E-01 1.955E+07 1.806E+07 6.695E+07 4.352E-18 4.451E-18 1.591E-24 3.287E+07
  3.525E+06 2.460E+00 1.000E-05 3.700E-02 7.114E-01 1.652E+07 1.624E+07 9.074E+07 2.527E-18 2.630E-18 1.648E-24 3.273E+07
  3.625E+06 1.796E+00 1.000E-05 4.349E-02 7.076E-01 1.393E+07 1.412E+07 1.243E+08 1.357E-18 1.439E-18 1.307E-24 3.255E+07
  3.725E+06 1.303E+00 1.000E-05 5.118E-02 7.027E-01 1.173E+07 1.243E+07 1.718E+08 6.470E-19 7.113E-19 1.028E-24 3.232E+07
  3.825E+06 9.372E-01 1.000E-05 6.028E-02 6.959E-01 9.859E+06 1.104E+07 2.399E+08 2.628E-19 3.083E-19 7.272E-25 3.201E+07
  3.925E+06 6.681E-01 1.000E-05 7.106E-02 6.872E-01 8.272E+06 9.597E+06 3.385E+08 9.093E-20 1.176E-19 4.260E-25 3.161E+07
  4.025E+06 4.714E-01 1.000E-05 8.392E-02 6.776E-01 6.923E+06 8.439E+06 4.831E+08 2.855E-20 4.079E-20 1.958E-25 3.117E+07
  4.125E+06 3.283E-01 1.000E-05 9.924E-02 6.666E-01 5.782E+06 7.484E+06 6.992E+08 7.684E-21 1.285E-20 8.262E-26 3.066E+07
  4.225E+06 2.255E-01 1.000E-05 1.175E-01 6.537E-01 4.820E+06 6.549E+06 1.027E+09 1.800E-21 3.715E-21 3.064E-26 3.007E+07
  4.325E+06 1.526E-01 1.000E-05 1.395E-01 6.404E-01 4.008E+06 5.684E+06 1.533E+09 3.961E-22 1.028E-21 1.011E-26 2.946E+07
  4.425E+06 1.015E-01 1.000E-05 1.660E-01 6.276E-01 3.324E+06 4.913E+06 2.327E+09 8.888E-23 2.856E-22 3.148E-27 2.887E+07
  4.525E+06 6.604E-02 1.000E-05 1.980E-01 6.146E-01 2.754E+06 4.438E+06 3.611E+09 2.082E-23 8.087E-23 9.608E-28 2.827E+07
  4.625E+06 4.159E-02 1.000E-05 2.371E-01 6.049E-01 2.275E+06 3.828E+06 5.778E+09 6.242E-24 2.431E-23 2.891E-28 2.782E+07
  4.725E+06 2.535E-02 1.000E-05 2.852E-01 6.006E-01 1.874E+06 3.401E+06 9.537E+09 2.871E-24 8.534E-24 9.061E-29 2.763E+07
  4.825E+06 1.481E-02 1.000E-05 3.442E-01 6.002E-01 1.542E+06 3.063E+06 1.638E+10 1.918E-24 3.835E-24 3.067E-29 2.761E+07
  4.925E+06 8.286E-03 1.000E-05 4.166E-01 6.033E-01 1.267E+06 2.734E+06 2.933E+10 1.778E-24 2.516E-24 1.182E-29 2.775E+07
  5.025E+06 4.417E-03 1.000E-05 5.058E-01 6.108E-01 1.040E+06 2.472E+06 5.502E+10 2.384E-24 2.373E-24-1.826E-31 2.810E+07
  5.125E+06 2.226E-03 1.000E-05 6.156E-01 6.221E-01 8.528E+05 2.259E+06 1.090E+11 4.345E-24 2.370E-24-3.161E-29 2.862E+07
  5.225E+06 1.056E-03 1.000E-05 7.495E-01 6.338E-01 6.990E+05 2.080E+06 2.292E+11 8.417E-24 2.367E-24-9.681E-29 2.916E+07
  5.325E+06 4.679E-04 1.000E-05 9.126E-01 6.447E-01 5.729E+05 1.925E+06 5.166E+11 1.535E-23 2.363E-24-2.078E-28 2.966E+07
  5.425E+06 1.911E-04 1.000E-05 1.111E+00 6.545E-01 4.691E+05 1.787E+06 1.264E+12 2.469E-23 2.359E-24-3.574E-28 3.011E+07
  5.525E+06 7.105E-05 1.000E-05 1.352E+00 6.616E-01 3.836E+05 1.661E+06 3.401E+12 2.966E-23 2.355E-24-4.369E-28 3.043E+07
  5.625E+06 2.360E-05 1.000E-05 1.646E+00 6.660E-01 3.132E+05 1.545E+06 1.026E+13 2.700E-23 2.350E-24-3.944E-28 3.064E+07
  5.725E+06 6.832E-06 1.000E-05 2.004E+00 6.683E-01 2.551E+05 1.437E+06 3.557E+13 1.918E-23 2.344E-24-2.693E-28 3.074E+07
  5.825E+06 1.672E-06 1.000E-05 2.443E+00 6.690E-01 2.074E+05 1.337E+06 1.461E+14 1.131E-23 2.337E-24-1.436E-28 3.077E+07
  5.925E+06 3.293E-07 1.000E-05 2.988E+00 6.727E-01 1.682E+05 1.251E+06 7.438E+14 8.670E-24 2.329E-24-1.014E-28 3.094E+07
  6.025E+06 4.846E-08 1.000E-05 3.678E+00 6.890E-01 1.364E+05 1.187E+06 5.039E+15 2.199E-23 2.321E-24-3.147E-28 3.169E+07
  6.125E+06 4.788E-09 1.000E-05 4.561E+00 7.265E-01 1.113E+05 1.162E+06 5.022E+16 6.536E-22 2.310E-24-1.042E-26 3.342E+07
  6.225E+06 2.788E-10 1.000E-05 5.653E+00 7.807E-01 9.317E+04 1.195E+06 8.354E+17 4.023E-19 2.298E-24-6.436E-24 3.591E+07
  6.325E+06 8.215E-12 1.000E-05 6.906E+00 8.300E-01 8.118E+04 1.299E+06 2.716E+19 1.791E-15 2.284E-24-2.866E-20 3.818E+07
  6.425E+06 1.172E-13 1.000E-05 8.282E+00 8.396E-01 6.796E+04 1.257E+06 1.895E+21 5.949E-15 2.268E-24-9.519E-20 3.862E+07
  6.525E+06 3.582E-16 1.000E-05 9.917E+00 8.456E-01 5.678E+04 1.210E+06 6.195E+23 1.190E-14 2.249E-24-1.904E-19 3.890E+07
  6.625E+06 3.398E-19 1.000E-05 1.187E+01 8.514E-01 4.744E+04 1.167E+06 6.521E+26 2.340E-14 2.228E-24-3.743E-19 3.916E+07
  6.725E+06 2.179E-21 1.000E-05 1.421E+01 8.572E-01 3.964E+04 1.126E+06 1.015E+29 4.566E-14 2.204E-24-7.306E-19 3.943E+07
  6.825E+06 6.539E-24 1.000E-05 1.702E+01 8.637E-01 3.312E+04 1.088E+06 3.378E+31 8.569E-14 2.177E-24-1.371E-18 3.973E+07
  6.925E+06 8.076E-27 1.000E-05 2.039E+01 8.709E-01 2.766E+04 1.053E+06 2.731E+34 1.512E-13 2.146E-24-2.419E-18 4.006E+07
  7.025E+06 3.542E-30 1.000E-05 2.442E+01 8.782E-01 2.311E+04 1.020E+06 6.217E+37 2.664E-13 2.112E-24-4.262E-18 4.040E+07
  7.125E+06 6.997E-32 1.000E-05 2.924E+01 8.855E-01 1.930E+04 9.893E+05 3.141E+39 4.685E-13 2.072E-24-7.496E-18 4.073E+07
  7.225E+06 5.814E-32 1.000E-05 3.501E+01 8.927E-01 1.613E+04 9.603E+05 3.774E+39 8.222E-13 2.028E-24-1.316E-17 4.106E+07
  7.325E+06 4.831E-32 1.000E-05 4.193E+01 9.001E-01 1.347E+04 9.330E+05 4.534E+39 1.423E-12 1.978E-24-2.276E-17 4.140E+07
  7.425E+06 4.001E-32 1.000E-05 5.027E+01 9.104E-01 1.124E+04 9.073E+05 5.461E+39 2.174E-12 1.923E-24-3.478E-17 4.188E+07
  7.525E+06 3.315E-32 1.000E-05 6.027E+01 9.209E-01 9.381E+03 8.830E+05 6.577E+39 3.262E-12 1.861E-24-5.219E-17 4.236E+07
  7.625E+06 2.746E-32 1.000E-05 7.224E+01 9.312E-01 7.829E+03 8.600E+05 7.919E+39 4.881E-12 1.792E-24-7.810E-17 4.284E+07
  7.725E+06 2.277E-32 1.000E-05 8.659E+01 9.414E-01 6.535E+03 8.382E+05 9.531E+39 7.264E-12 1.717E-24-1.162E-16 4.330E+07
  7.825E+06 1.908E-32 1.000E-05 1.033E+02 9.414E-01 5.481E+03 8.175E+05 1.137E+40 8.668E-12 1.634E-24-1.387E-16 4.330E+07
  7.925E+06 1.599E-32 1.000E-05 1.232E+02 9.414E-01 4.597E+03 7.978E+05 1.357E+40 1.034E-11 1.545E-24-1.655E-16 4.330E+07
  8.025E+06 1.340E-32 1.000E-05 1.469E+02 9.414E-01 3.856E+03 7.886E+05 1.619E+40 1.234E-11 1.449E-24-1.974E-16 4.330E+07
  8.125E+06 1.123E-32 1.000E-05 1.752E+02 9.414E-01 3.234E+03 7.893E+05 1.931E+40 1.472E-11 1.345E-24-2.355E-16 4.330E+07
  8.225E+06 9.418E-33 1.000E-05 2.090E+02 9.414E-01 2.713E+03 7.899E+05 2.304E+40 1.756E-11 1.234E-24-2.809E-16 4.330E+07
  8.325E+06 7.895E-33 1.000E-05 2.492E+02 9.414E-01 2.276E+03 7.905E+05 2.748E+40 2.094E-11 1.118E-24-3.351E-16 4.330E+07
  8.425E+06 6.620E-33 1.000E-05 2.971E+02 9.414E-01 1.910E+03 7.911E+05 3.278E+40 2.498E-11 9.992E-25-3.997E-16 4.330E+07
  8.525E+06 5.550E-33 1.000E-05 3.543E+02 9.414E-01 1.602E+03 7.918E+05 3.909E+40 2.979E-11 8.790E-25-4.767E-16 4.330E+07
  8.625E+06 4.654E-33 1.000E-05 4.224E+02 9.414E-01 1.345E+03 7.924E+05 4.662E+40 3.553E-11 7.607E-25-5.685E-16 4.330E+07
  8.725E+06 3.903E-33 1.000E-05 5.035E+02 9.414E-01 1.128E+03 7.930E+05 5.559E+40 4.237E-11 6.468E-25-6.779E-16 4.330E+07
  8.825E+06 3.273E-33 1.000E-05 6.002E+02 9.414E-01 9.470E+02 7.937E+05 6.629E+40 5.052E-11 5.400E-25-8.084E-16 4.330E+07
  8.925E+06 2.745E-33 1.000E-05 7.154E+02 9.414E-01 7.948E+02 7.943E+05 7.904E+40 6.024E-11 4.424E-25-9.638E-16 4.330E+07
  9.025E+06 2.303E-33 1.000E-05 8.527E+02 9.414E-01 6.671E+02 7.950E+05 9.423E+40 7.182E-11 3.555E-25-1.149E-15 4.330E+07
  9.125E+06 1.931E-33 1.000E-05 1.016E+03 9.414E-01 5.600E+02 7.957E+05 1.123E+41 8.562E-11 2.803E-25-1.370E-15 4.330E+07
  9.225E+06 1.620E-33 1.000E-05 1.211E+03 9.414E-01 4.702E+02 7.964E+05 1.339E+41 1.021E-10 2.168E-25-1.633E-15 4.330E+07
  9.325E+06 1.359E-33 1.000E-05 1.443E+03 9.414E-01 3.948E+02 7.971E+05 1.596E+41 1.217E-10 1.647E-25-1.946E-15 4.330E+07
  9.425E+06 1.141E-33 1.000E-05 1.719E+03 9.414E-01 3.315E+02 7.979E+05 1.902E+41 1.450E-10 1.229E-25-2.320E-15 4.330E+07
  9.525E+06 9.570E-34 1.000E-05 2.048E+03 9.414E-01 2.784E+02 7.987E+05 2.267E+41 1.728E-10 9.021E-26-2.765E-15 4.330E+07
  9.625E+06 8.031E-34 1.000E-05 2.440E+03 9.414E-01 2.338E+02 7.995E+05 2.702E+41 2.059E-10 6.521E-26-3.294E-15 4.330E+07
  9.725E+06 6.740E-34 1.000E-05 2.906E+03 9.414E-01 1.964E+02 8.003E+05 3.219E+41 2.453E-10 4.647E-26-3.926E-15 4.330E+07
  9.825E+06 5.657E-34 1.000E-05 3.462E+03 9.414E-01 1.649E+02 8.011E+05 3.835E+41 2.923E-10 3.270E-26-4.677E-15 4.330E+07
  9.925E+06 4.749E-34 1.000E-05 4.123E+03 9.414E-01 1.386E+02 8.020E+05 4.569E+41 3.482E-10 2.274E-26-5.572E-15 4.330E+07

 S8 AEROSOL PARAMETERS

    Z        AERSOL     RPAR      WFALL     TAUSED    TAUEDD    TAUC      CONVER
  2.500E+04 1.224E-26 1.000E-05 4.734E-04 1.836E+09 7.556E+06 1.562E+35 2.030E+07
  1.250E+05 1.109E-26 1.000E-05 5.050E-04 1.689E+09 7.276E+06 1.650E+35 2.030E+07
  2.250E+05 1.005E-26 1.000E-05 5.415E-04 1.544E+09 6.988E+06 1.738E+35 2.030E+07
  3.250E+05 9.091E-27 1.000E-05 5.836E-04 1.402E+09 6.699E+06 1.827E+35 2.030E+07
  4.250E+05 8.214E-27 1.000E-05 6.323E-04 1.266E+09 6.406E+06 1.917E+35 2.030E+07
  5.250E+05 7.423E-27 1.000E-05 6.893E-04 1.132E+09 6.090E+06 2.006E+35 2.030E+07
  6.250E+05 6.711E-27 1.000E-05 7.562E-04 1.002E+09 5.747E+06 2.095E+35 2.030E+07
  7.250E+05 6.067E-27 1.000E-05 8.355E-04 8.779E+08 5.380E+06 2.183E+35 2.030E+07
  8.250E+05 5.480E-27 1.000E-05 9.302E-04 7.601E+08 4.998E+06 2.271E+35 2.030E+07
  9.250E+05 4.938E-27 1.000E-05 1.044E-03 6.505E+08 4.614E+06 2.359E+35 2.030E+07
  1.025E+06 4.428E-27 1.000E-05 1.182E-03 5.514E+08 5.313E+06 2.449E+35 2.030E+07
  1.125E+06 3.841E-27 1.000E-05 1.342E-03 4.802E+08 1.384E+07 2.555E+35 2.030E+07
  1.225E+06 3.304E-27 1.000E-05 1.528E-03 4.197E+08 2.420E+07 2.667E+35 2.030E+07
  1.325E+06 2.836E-27 1.000E-05 1.747E-03 3.659E+08 5.109E+07 2.782E+35 2.030E+07
  1.425E+06 2.431E-27 1.000E-05 2.005E-03 3.183E+08 7.018E+07 2.903E+35 2.030E+07
  1.525E+06 2.082E-27 1.000E-05 2.307E-03 2.761E+08 8.819E+07 3.032E+35 2.030E+07
  1.625E+06 1.783E-27 1.000E-05 2.662E-03 2.388E+08 1.010E+08 3.171E+35 2.030E+07
  1.725E+06 1.527E-27 1.000E-05 3.079E-03 2.060E+08 1.032E+08 3.325E+35 2.030E+07
  1.825E+06 1.306E-27 1.000E-05 3.568E-03 1.775E+08 1.029E+08 3.498E+35 2.030E+07
  1.925E+06 1.116E-27 1.000E-05 4.142E-03 1.530E+08 9.793E+07 3.696E+35 2.030E+07
  2.025E+06 9.511E-28 1.000E-05 4.812E-03 1.320E+08 8.769E+07 3.925E+35 2.030E+07
  2.125E+06 8.098E-28 1.000E-05 5.594E-03 1.140E+08 7.973E+07 4.193E+35 2.030E+07
  2.225E+06 6.892E-28 1.000E-05 6.505E-03 9.852E+07 7.083E+07 4.507E+35 2.030E+07
  2.325E+06 5.870E-28 1.000E-05 7.565E-03 8.516E+07 6.289E+07 4.876E+35 2.030E+07
  2.425E+06 5.009E-28 1.000E-05 8.797E-03 7.354E+07 5.581E+07 5.311E+35 2.030E+07
  2.525E+06 4.284E-28 1.000E-05 1.023E-02 6.338E+07 4.946E+07 5.825E+35 2.030E+07
  2.625E+06 3.673E-28 1.000E-05 1.190E-02 5.448E+07 4.425E+07 6.431E+35 2.030E+07
  2.725E+06 3.158E-28 1.000E-05 1.385E-02 4.667E+07 3.943E+07 7.149E+35 2.030E+07
  2.825E+06 2.719E-28 1.000E-05 1.614E-02 3.985E+07 3.448E+07 8.000E+35 2.030E+07
  2.925E+06 2.343E-28 1.000E-05 1.882E-02 3.394E+07 3.140E+07 9.013E+35 2.030E+07
  3.025E+06 2.018E-28 1.000E-05 2.199E-02 2.884E+07 2.812E+07 1.022E+36 2.030E+07
  3.125E+06 1.736E-28 1.000E-05 2.572E-02 2.447E+07 2.476E+07 1.167E+36 2.030E+07
  3.225E+06 1.491E-28 1.000E-05 3.013E-02 2.074E+07 2.244E+07 1.339E+36 2.030E+07
  3.325E+06 1.280E-28 1.000E-05 3.533E-02 1.756E+07 2.026E+07 1.545E+36 2.030E+07
  3.425E+06 1.097E-28 1.000E-05 4.150E-02 1.484E+07 1.806E+07 1.789E+36 2.030E+07
  3.525E+06 9.394E-29 1.000E-05 4.880E-02 1.252E+07 1.624E+07 2.080E+36 2.030E+07
  3.625E+06 8.041E-29 1.000E-05 5.748E-02 1.054E+07 1.412E+07 2.426E+36 2.030E+07
  3.725E+06 6.878E-29 1.000E-05 6.782E-02 8.852E+06 1.243E+07 2.836E+36 2.030E+07
  3.825E+06 5.879E-29 1.000E-05 8.015E-02 7.414E+06 1.104E+07 3.324E+36 2.030E+07
  3.925E+06 5.020E-29 1.000E-05 9.492E-02 6.193E+06 9.597E+06 3.904E+36 2.030E+07
  4.025E+06 4.282E-29 1.000E-05 1.126E-01 5.158E+06 8.439E+06 4.596E+36 2.030E+07
  4.125E+06 3.647E-29 1.000E-05 1.340E-01 4.283E+06 7.484E+06 5.423E+36 2.030E+07
  4.225E+06 3.101E-29 1.000E-05 1.597E-01 3.546E+06 6.549E+06 6.413E+36 2.030E+07
  4.325E+06 2.631E-29 1.000E-05 1.909E-01 2.928E+06 5.684E+06 7.603E+36 2.030E+07
  4.425E+06 2.227E-29 1.000E-05 2.288E-01 2.412E+06 4.913E+06 9.038E+36 2.030E+07
  4.525E+06 1.879E-29 1.000E-05 2.748E-01 1.984E+06 4.438E+06 1.077E+37 2.030E+07
  4.625E+06 1.580E-29 1.000E-05 3.307E-01 1.631E+06 3.828E+06 1.288E+37 2.030E+07
  4.725E+06 1.324E-29 1.000E-05 3.988E-01 1.340E+06 3.401E+06 1.544E+37 2.030E+07
  4.825E+06 1.105E-29 1.000E-05 4.814E-01 1.103E+06 3.063E+06 1.856E+37 2.030E+07
  4.925E+06 9.202E-30 1.000E-05 5.817E-01 9.078E+05 2.734E+06 2.235E+37 2.030E+07
  5.025E+06 7.642E-30 1.000E-05 7.034E-01 7.481E+05 2.472E+06 2.697E+37 2.030E+07
  5.125E+06 6.335E-30 1.000E-05 8.508E-01 6.170E+05 2.259E+06 3.258E+37 2.030E+07
  5.225E+06 5.247E-30 1.000E-05 1.029E+00 5.089E+05 2.080E+06 3.937E+37 2.030E+07
  5.325E+06 4.345E-30 1.000E-05 1.246E+00 4.195E+05 1.925E+06 4.760E+37 2.030E+07
  5.425E+06 3.600E-30 1.000E-05 1.510E+00 3.453E+05 1.787E+06 5.756E+37 2.030E+07
  5.525E+06 2.985E-30 1.000E-05 1.830E+00 2.834E+05 1.661E+06 6.959E+37 2.030E+07
  5.625E+06 2.477E-30 1.000E-05 2.223E+00 2.319E+05 1.545E+06 8.414E+37 2.030E+07
  5.725E+06 2.056E-30 1.000E-05 2.703E+00 1.892E+05 1.437E+06 1.018E+38 2.030E+07
  5.825E+06 1.705E-30 1.000E-05 3.294E+00 1.538E+05 1.337E+06 1.233E+38 2.030E+07
  5.925E+06 1.410E-30 1.000E-05 4.021E+00 1.250E+05 1.251E+06 1.497E+38 2.030E+07
  6.025E+06 1.158E-30 1.000E-05 4.909E+00 1.022E+05 1.187E+06 1.825E+38 2.030E+07
  6.125E+06 9.383E-31 1.000E-05 5.971E+00 8.505E+04 1.162E+06 2.239E+38 2.030E+07
  6.225E+06 7.457E-31 1.000E-05 7.203E+00 7.312E+04 1.195E+06 2.767E+38 2.030E+07
  6.325E+06 5.829E-31 1.000E-05 8.591E+00 6.525E+04 1.299E+06 3.432E+38 2.030E+07
  6.425E+06 4.861E-31 1.000E-05 1.026E+01 5.488E+04 1.257E+06 4.108E+38 2.030E+07
  6.525E+06 4.070E-31 1.000E-05 1.225E+01 4.598E+04 1.210E+06 4.906E+38 2.030E+07
  6.625E+06 3.408E-31 1.000E-05 1.462E+01 3.853E+04 1.167E+06 5.859E+38 2.030E+07
  6.725E+06 2.854E-31 1.000E-05 1.745E+01 3.229E+04 1.126E+06 6.997E+38 2.030E+07
  6.825E+06 2.390E-31 1.000E-05 2.084E+01 2.706E+04 1.088E+06 8.356E+38 2.030E+07
  6.925E+06 2.001E-31 1.000E-05 2.487E+01 2.268E+04 1.053E+06 9.977E+38 2.030E+07
  7.025E+06 1.676E-31 1.000E-05 2.968E+01 1.901E+04 1.020E+06 1.191E+39 2.030E+07
  7.125E+06 1.404E-31 1.000E-05 3.543E+01 1.593E+04 9.893E+05 1.422E+39 2.030E+07
  7.225E+06 1.176E-31 1.000E-05 4.228E+01 1.335E+04 9.603E+05 1.698E+39 2.030E+07
  7.325E+06 9.853E-32 1.000E-05 5.045E+01 1.120E+04 9.330E+05 2.027E+39 2.030E+07
  7.425E+06 8.255E-32 1.000E-05 6.020E+01 9.387E+03 9.073E+05 2.419E+39 2.030E+07
  7.525E+06 6.916E-32 1.000E-05 7.183E+01 7.871E+03 8.830E+05 2.887E+39 2.030E+07
  7.625E+06 5.795E-32 1.000E-05 8.570E+01 6.600E+03 8.600E+05 3.445E+39 2.030E+07
  7.725E+06 4.856E-32 1.000E-05 1.022E+02 5.535E+03 8.382E+05 4.112E+39 2.030E+07
  7.825E+06 4.070E-32 1.000E-05 1.220E+02 4.642E+03 8.175E+05 4.906E+39 2.030E+07
  7.925E+06 3.411E-32 1.000E-05 1.455E+02 3.893E+03 7.978E+05 5.854E+39 2.030E+07
  8.025E+06 2.859E-32 1.000E-05 1.735E+02 3.265E+03 7.886E+05 6.984E+39 2.030E+07
  8.125E+06 2.397E-32 1.000E-05 2.069E+02 2.739E+03 7.893E+05 8.332E+39 2.030E+07
  8.225E+06 2.009E-32 1.000E-05 2.468E+02 2.298E+03 7.899E+05 9.939E+39 2.030E+07
  8.325E+06 1.684E-32 1.000E-05 2.942E+02 1.928E+03 7.905E+05 1.186E+40 2.030E+07
  8.425E+06 1.412E-32 1.000E-05 3.508E+02 1.617E+03 7.911E+05 1.414E+40 2.030E+07
  8.525E+06 1.184E-32 1.000E-05 4.183E+02 1.357E+03 7.918E+05 1.686E+40 2.030E+07
  8.625E+06 9.928E-33 1.000E-05 4.987E+02 1.139E+03 7.924E+05 2.011E+40 2.030E+07
  8.725E+06 8.326E-33 1.000E-05 5.945E+02 9.556E+02 7.930E+05 2.398E+40 2.030E+07
  8.825E+06 6.982E-33 1.000E-05 7.087E+02 8.020E+02 7.937E+05 2.860E+40 2.030E+07
  8.925E+06 5.856E-33 1.000E-05 8.447E+02 6.731E+02 7.943E+05 3.410E+40 2.030E+07
  9.025E+06 4.912E-33 1.000E-05 1.007E+03 5.650E+02 7.950E+05 4.065E+40 2.030E+07
  9.125E+06 4.120E-33 1.000E-05 1.200E+03 4.743E+02 7.957E+05 4.846E+40 2.030E+07
  9.225E+06 3.456E-33 1.000E-05 1.430E+03 3.982E+02 7.964E+05 5.777E+40 2.030E+07
  9.325E+06 2.900E-33 1.000E-05 1.704E+03 3.343E+02 7.971E+05 6.886E+40 2.030E+07
  9.425E+06 2.433E-33 1.000E-05 2.030E+03 2.807E+02 7.979E+05 8.207E+40 2.030E+07
  9.525E+06 2.042E-33 1.000E-05 2.418E+03 2.357E+02 7.987E+05 9.780E+40 2.030E+07
  9.625E+06 1.713E-33 1.000E-05 2.881E+03 1.980E+02 7.995E+05 1.165E+41 2.030E+07
  9.725E+06 1.438E-33 1.000E-05 3.432E+03 1.663E+02 8.003E+05 1.389E+41 2.030E+07
  9.825E+06 1.207E-33 1.000E-05 4.087E+03 1.397E+02 8.011E+05 1.655E+41 2.030E+07
  9.925E+06 1.013E-33 1.000E-05 4.868E+03 1.174E+02 8.020E+05 1.971E+41 2.030E+07


 PHOTOLYSIS RATES

     Z      PO2_O1D    PO2_O3P    PH2O_1     PH2O_2     PH2O_3     PO3_O1D    PO3_O      PO3_3O     
 2.50E+04   0.00E+00   2.98E-14   1.44E-14   0.00E+00   0.00E+00   1.46E-05   2.09E-04   1.06E-13
 1.75E+05   0.00E+00   8.28E-14   6.15E-14   0.00E+00   0.00E+00   1.72E-05   2.16E-04   5.89E-12
 3.25E+05   0.00E+00   1.87E-13   2.19E-13   0.00E+00   0.00E+00   1.95E-05   2.22E-04   8.23E-11
 4.75E+05   0.00E+00   3.76E-13   6.59E-13   0.00E+00   0.00E+00   2.16E-05   2.29E-04   4.45E-10
 6.25E+05   0.00E+00   6.83E-13   1.72E-12   0.00E+00   0.00E+00   2.35E-05   2.34E-04   1.35E-09
 7.75E+05   0.00E+00   1.14E-12   3.96E-12   0.00E+00   0.00E+00   2.54E-05   2.40E-04   2.97E-09
 9.25E+05   0.00E+00   1.80E-12   7.82E-12   0.00E+00   0.00E+00   2.74E-05   2.45E-04   5.35E-09
 1.08E+06   0.00E+00   2.73E-12   1.39E-11   0.00E+00   0.00E+00   2.95E-05   2.50E-04   8.68E-09
 1.22E+06   0.00E+00   4.01E-12   2.35E-11   0.00E+00   0.00E+00   3.20E-05   2.54E-04   1.32E-08
 1.38E+06   0.00E+00   5.95E-12   3.97E-11   0.00E+00   0.00E+00   3.54E-05   2.59E-04   1.97E-08
 1.52E+06   0.00E+00   9.30E-12   7.09E-11   0.00E+00   0.00E+00   4.10E-05   2.64E-04   3.01E-08
 1.68E+06   9.95-160   1.53E-11   1.33E-10   4.50-157   6.76-157   5.00E-05   2.70E-04   4.73E-08
 1.82E+06   6.84-128   2.57E-11   2.54E-10   3.10-125   4.64-125   6.43E-05   2.76E-04   7.43E-08
 1.98E+06   1.58-102   4.30E-11   4.73E-10   7.15-100   1.07E-99   8.70E-05   2.82E-04   1.14E-07
 2.12E+06   2.24E-82   7.14E-11   8.49E-10   1.01E-79   1.52E-79   1.25E-04   2.90E-04   1.70E-07
 2.28E+06   1.89E-66   1.17E-10   1.45E-09   8.56E-64   1.28E-63   1.94E-04   3.00E-04   2.43E-07
 2.42E+06   5.09E-54   1.87E-10   2.32E-09   2.30E-51   3.46E-51   3.24E-04   3.17E-04   3.29E-07
 2.58E+06   1.69E-44   2.81E-10   3.43E-09   7.64E-42   1.15E-41   5.97E-04   3.50E-04   4.16E-07
 2.72E+06   2.60E-37   3.86E-10   4.76E-09   1.18E-34   1.77E-34   1.15E-03   4.13E-04   4.92E-07
 2.88E+06   7.35E-32   4.84E-10   6.32E-09   3.33E-29   4.99E-29   1.86E-03   4.93E-04   5.56E-07
 3.02E+06   1.15E-27   5.75E-10   8.23E-09   5.21E-25   7.81E-25   2.49E-03   5.63E-04   6.10E-07
 3.18E+06   2.06E-24   6.65E-10   1.06E-08   9.34E-22   1.40E-21   2.95E-03   6.15E-04   6.58E-07
 3.32E+06   7.07E-22   7.58E-10   1.33E-08   3.20E-19   4.80E-19   3.26E-03   6.50E-04   7.02E-07
 3.48E+06   6.80E-20   8.61E-10   1.65E-08   3.07E-17   4.61E-17   3.47E-03   6.74E-04   7.41E-07
 3.62E+06   2.58E-18   9.79E-10   2.02E-08   1.13E-15   1.69E-15   3.60E-03   6.89E-04   7.77E-07
 3.78E+06   7.54E-17   1.12E-09   2.45E-08   2.50E-14   3.75E-14   3.69E-03   6.99E-04   8.10E-07
 3.92E+06   2.93E-15   1.30E-09   3.01E-08   6.65E-13   9.98E-13   3.75E-03   7.05E-04   8.41E-07
 4.08E+06   7.54E-14   1.55E-09   3.74E-08   1.51E-11   2.27E-11   3.79E-03   7.10E-04   8.71E-07
 4.22E+06   9.85E-13   1.89E-09   4.84E-08   1.90E-10   2.85E-10   3.81E-03   7.13E-04   9.03E-07
 4.38E+06   7.03E-12   2.40E-09   6.97E-08   1.33E-09   2.00E-09   3.83E-03   7.15E-04   9.49E-07
 4.52E+06   3.08E-11   3.13E-09   1.19E-07   5.73E-09   8.60E-09   3.84E-03   7.16E-04   1.04E-06
 4.68E+06   9.13E-11   4.17E-09   2.22E-07   1.68E-08   2.52E-08   3.85E-03   7.17E-04   1.23E-06
 4.82E+06   2.02E-10   5.57E-09   3.95E-07   3.66E-08   5.48E-08   3.85E-03   7.18E-04   1.53E-06
 4.98E+06   3.67E-10   7.38E-09   6.33E-07   6.45E-08   9.68E-08   3.86E-03   7.18E-04   1.95E-06
 5.12E+06   5.99E-10   9.64E-09   9.16E-07   9.78E-08   1.47E-07   3.86E-03   7.18E-04   2.43E-06
 5.28E+06   9.30E-10   1.24E-08   1.22E-06   1.33E-07   2.00E-07   3.86E-03   7.19E-04   2.95E-06
 5.42E+06   1.42E-09   1.59E-08   1.52E-06   1.68E-07   2.52E-07   3.86E-03   7.19E-04   3.48E-06
 5.58E+06   2.14E-09   2.03E-08   1.83E-06   2.02E-07   3.03E-07   3.86E-03   7.19E-04   3.99E-06
 5.72E+06   3.34E-09   2.57E-08   2.13E-06   2.34E-07   3.50E-07   3.86E-03   7.19E-04   4.48E-06
 5.88E+06   5.62E-09   3.20E-08   2.42E-06   2.63E-07   3.94E-07   3.87E-03   7.19E-04   4.95E-06
 6.02E+06   1.04E-08   3.91E-08   2.71E-06   2.91E-07   4.33E-07   3.87E-03   7.19E-04   5.39E-06
 6.18E+06   1.96E-08   4.64E-08   2.99E-06   3.15E-07   4.68E-07   3.87E-03   7.19E-04   5.78E-06
 6.32E+06   3.54E-08   5.33E-08   3.26E-06   3.36E-07   4.96E-07   3.87E-03   7.19E-04   6.12E-06
 6.48E+06   5.95E-08   5.95E-08   3.53E-06   3.53E-07   5.19E-07   3.87E-03   7.19E-04   6.41E-06
 6.62E+06   9.54E-08   6.54E-08   3.81E-06   3.68E-07   5.38E-07   3.87E-03   7.19E-04   6.66E-06
 6.78E+06   1.46E-07   7.09E-08   4.09E-06   3.81E-07   5.54E-07   3.87E-03   7.19E-04   6.88E-06
 6.92E+06   2.15E-07   7.62E-08   4.36E-06   3.91E-07   5.66E-07   3.87E-03   7.19E-04   7.07E-06
 7.08E+06   3.10E-07   8.16E-08   4.62E-06   4.00E-07   5.76E-07   3.87E-03   7.19E-04   7.23E-06
 7.22E+06   4.38E-07   8.80E-08   4.86E-06   4.08E-07   5.83E-07   3.87E-03   7.19E-04   7.37E-06
 7.38E+06   6.07E-07   9.65E-08   5.07E-06   4.14E-07   5.88E-07   3.87E-03   7.19E-04   7.49E-06
 7.52E+06   8.06E-07   1.07E-07   5.24E-06   4.19E-07   5.92E-07   3.87E-03   7.19E-04   7.60E-06
 7.68E+06   1.01E-06   1.19E-07   5.37E-06   4.23E-07   5.95E-07   3.87E-03   7.19E-04   7.69E-06
 7.82E+06   1.19E-06   1.30E-07   5.47E-06   4.26E-07   5.97E-07   3.87E-03   7.19E-04   7.76E-06
 7.98E+06   1.33E-06   1.39E-07   5.54E-06   4.29E-07   5.99E-07   3.87E-03   7.19E-04   7.81E-06
 8.12E+06   1.44E-06   1.46E-07   5.59E-06   4.31E-07   6.00E-07   3.87E-03   7.19E-04   7.85E-06
 8.28E+06   1.51E-06   1.51E-07   5.62E-06   4.32E-07   6.01E-07   3.87E-03   7.19E-04   7.88E-06
 8.42E+06   1.56E-06   1.54E-07   5.64E-06   4.33E-07   6.02E-07   3.87E-03   7.19E-04   7.90E-06
 8.58E+06   1.60E-06   1.57E-07   5.65E-06   4.33E-07   6.02E-07   3.87E-03   7.19E-04   7.91E-06
 8.72E+06   1.62E-06   1.59E-07   5.66E-06   4.34E-07   6.03E-07   3.87E-03   7.19E-04   7.92E-06
 8.88E+06   1.64E-06   1.60E-07   5.67E-06   4.34E-07   6.03E-07   3.87E-03   7.19E-04   7.93E-06
 9.02E+06   1.65E-06   1.60E-07   5.67E-06   4.34E-07   6.03E-07   3.87E-03   7.19E-04   7.93E-06
 9.18E+06   1.66E-06   1.61E-07   5.68E-06   4.34E-07   6.03E-07   3.87E-03   7.19E-04   7.93E-06
 9.32E+06   1.66E-06   1.61E-07   5.68E-06   4.34E-07   6.03E-07   3.87E-03   7.19E-04   7.94E-06
 9.48E+06   1.66E-06   1.61E-07   5.68E-06   4.34E-07   6.03E-07   3.87E-03   7.19E-04   7.94E-06
 9.62E+06   1.67E-06   1.62E-07   5.68E-06   4.34E-07   6.03E-07   3.87E-03   7.19E-04   7.94E-06
 9.78E+06   1.67E-06   1.62E-07   5.68E-06   4.34E-07   6.03E-07   3.87E-03   7.19E-04   7.94E-06
 9.92E+06   1.67E-06   1.62E-07   5.68E-06   4.34E-07   6.03E-07   3.87E-03   7.19E-04   7.94E-06

     Z      PH2O2      PCO2_1     PCO2_2     PH2CO_1    PH2CO_2    PHO2       PCH4_1     PCH4_2     
 2.50E+04   2.34E-06   3.05E-19   0.00E+00   1.76E-05   1.17E-05   2.19E-08   0.00E+00   0.00E+00
 1.75E+05   2.65E-06   3.48E-17   0.00E+00   2.02E-05   1.37E-05   5.98E-08   0.00E+00   0.00E+00
 3.25E+05   2.92E-06   8.43E-16   0.00E+00   2.25E-05   1.55E-05   1.31E-07   0.00E+00   0.00E+00
 4.75E+05   3.15E-06   6.41E-15   0.00E+00   2.47E-05   1.71E-05   2.52E-07   0.00E+00   0.00E+00
 6.25E+05   3.35E-06   2.59E-14   0.00E+00   2.66E-05   1.86E-05   4.31E-07   0.00E+00   0.00E+00
 7.75E+05   3.52E-06   7.17E-14   0.00E+00   2.83E-05   2.00E-05   6.76E-07   0.00E+00   0.00E+00
 9.25E+05   3.68E-06   1.50E-13   0.00E+00   3.00E-05   2.14E-05   9.96E-07   0.00E+00   0.00E+00
 1.08E+06   3.86E-06   2.72E-13   0.00E+00   3.14E-05   2.26E-05   1.41E-06   0.00E+00   0.00E+00
 1.22E+06   4.10E-06   4.54E-13   0.00E+00   3.27E-05   2.37E-05   1.93E-06   0.00E+00   0.00E+00
 1.38E+06   4.38E-06   7.45E-13   0.00E+00   3.40E-05   2.49E-05   2.66E-06   0.00E+00   0.00E+00
 1.52E+06   4.75E-06   1.27E-12   0.00E+00   3.53E-05   2.63E-05   3.90E-06   0.00E+00   0.00E+00
 1.68E+06   5.28E-06   2.22E-12   2.00-158   3.65E-05   2.79E-05   6.09E-06   1.62-156   3.15-156
 1.82E+06   6.03E-06   3.92E-12   1.37-126   3.78E-05   2.98E-05   9.83E-06   1.12-124   2.17-124
 1.98E+06   7.11E-06   6.76E-12   3.17-101   3.90E-05   3.19E-05   1.61E-05   2.58E-99   5.00E-99
 2.12E+06   8.71E-06   1.13E-11   4.50E-81   4.02E-05   3.43E-05   2.65E-05   3.66E-79   7.10E-79
 2.28E+06   1.11E-05   1.80E-11   3.80E-65   4.15E-05   3.72E-05   4.41E-05   3.09E-63   5.99E-63
 2.42E+06   1.48E-05   2.69E-11   1.02E-52   4.29E-05   4.04E-05   7.34E-05   8.31E-51   1.61E-50
 2.58E+06   2.02E-05   3.71E-11   3.39E-43   4.44E-05   4.37E-05   1.17E-04   2.76E-41   5.35E-41
 2.72E+06   2.72E-05   4.75E-11   5.23E-36   4.57E-05   4.64E-05   1.68E-04   4.25E-34   8.25E-34
 2.88E+06   3.44E-05   5.79E-11   1.48E-30   4.67E-05   4.82E-05   2.13E-04   1.20E-28   2.33E-28
 3.02E+06   4.01E-05   6.85E-11   2.31E-26   4.74E-05   4.94E-05   2.46E-04   1.88E-24   3.64E-24
 3.18E+06   4.43E-05   7.98E-11   4.15E-23   4.79E-05   5.02E-05   2.69E-04   3.37E-21   6.54E-21
 3.32E+06   4.72E-05   9.19E-11   1.42E-20   4.83E-05   5.07E-05   2.85E-04   1.15E-18   2.24E-18
 3.48E+06   4.92E-05   1.05E-10   1.36E-18   4.85E-05   5.11E-05   2.96E-04   1.11E-16   2.15E-16
 3.62E+06   5.05E-05   1.19E-10   5.03E-17   4.87E-05   5.13E-05   3.04E-04   4.09E-15   7.82E-15
 3.78E+06   5.15E-05   1.33E-10   1.17E-15   4.88E-05   5.15E-05   3.09E-04   9.65E-14   1.60E-13
 3.92E+06   5.21E-05   1.50E-10   3.34E-14   4.89E-05   5.16E-05   3.13E-04   2.85E-12   3.57E-12
 4.08E+06   5.26E-05   1.69E-10   7.80E-13   4.89E-05   5.17E-05   3.16E-04   6.70E-11   7.53E-11
 4.22E+06   5.30E-05   1.93E-10   9.85E-12   4.90E-05   5.17E-05   3.18E-04   8.46E-10   9.28E-10
 4.38E+06   5.33E-05   2.21E-10   6.89E-11   4.90E-05   5.18E-05   3.20E-04   5.92E-09   6.45E-09
 4.52E+06   5.35E-05   2.55E-10   2.97E-10   4.90E-05   5.18E-05   3.21E-04   2.55E-08   2.77E-08
 4.68E+06   5.38E-05   2.95E-10   8.69E-10   4.91E-05   5.19E-05   3.22E-04   7.45E-08   8.08E-08
 4.82E+06   5.41E-05   3.42E-10   1.89E-09   4.92E-05   5.20E-05   3.23E-04   1.62E-07   1.76E-07
 4.98E+06   5.44E-05   3.95E-10   3.34E-09   4.93E-05   5.21E-05   3.24E-04   2.86E-07   3.09E-07
 5.12E+06   5.48E-05   4.53E-10   5.07E-09   4.94E-05   5.22E-05   3.25E-04   4.34E-07   4.69E-07
 5.28E+06   5.51E-05   5.16E-10   6.93E-09   4.95E-05   5.24E-05   3.25E-04   5.92E-07   6.41E-07
 5.42E+06   5.55E-05   5.87E-10   8.81E-09   4.97E-05   5.25E-05   3.26E-04   7.52E-07   8.14E-07
 5.58E+06   5.58E-05   6.67E-10   1.07E-08   4.98E-05   5.26E-05   3.26E-04   9.08E-07   9.83E-07
 5.72E+06   5.62E-05   7.59E-10   1.26E-08   4.99E-05   5.28E-05   3.26E-04   1.06E-06   1.15E-06
 5.88E+06   5.65E-05   8.72E-10   1.45E-08   5.01E-05   5.30E-05   3.27E-04   1.21E-06   1.30E-06
 6.02E+06   5.68E-05   1.02E-09   1.65E-08   5.03E-05   5.32E-05   3.27E-04   1.34E-06   1.45E-06
 6.18E+06   5.71E-05   1.22E-09   1.86E-08   5.06E-05   5.34E-05   3.27E-04   1.47E-06   1.59E-06
 6.32E+06   5.74E-05   1.50E-09   2.06E-08   5.08E-05   5.37E-05   3.27E-04   1.58E-06   1.70E-06
 6.48E+06   5.76E-05   1.86E-09   2.26E-08   5.11E-05   5.40E-05   3.28E-04   1.68E-06   1.80E-06
 6.62E+06   5.79E-05   2.31E-09   2.47E-08   5.14E-05   5.42E-05   3.28E-04   1.76E-06   1.88E-06
 6.78E+06   5.81E-05   2.81E-09   2.72E-08   5.17E-05   5.45E-05   3.28E-04   1.83E-06   1.95E-06
 6.92E+06   5.84E-05   3.32E-09   3.03E-08   5.19E-05   5.47E-05   3.28E-04   1.89E-06   2.01E-06
 7.08E+06   5.86E-05   3.78E-09   3.41E-08   5.21E-05   5.49E-05   3.28E-04   1.94E-06   2.06E-06
 7.22E+06   5.89E-05   4.16E-09   3.92E-08   5.23E-05   5.51E-05   3.28E-04   1.98E-06   2.10E-06
 7.38E+06   5.91E-05   4.46E-09   4.57E-08   5.24E-05   5.53E-05   3.28E-04   2.01E-06   2.13E-06
 7.52E+06   5.93E-05   4.67E-09   5.32E-08   5.26E-05   5.54E-05   3.28E-04   2.04E-06   2.15E-06
 7.68E+06   5.94E-05   4.82E-09   6.08E-08   5.27E-05   5.56E-05   3.28E-04   2.06E-06   2.17E-06
 7.82E+06   5.96E-05   4.93E-09   6.74E-08   5.28E-05   5.57E-05   3.28E-04   2.08E-06   2.19E-06
 7.98E+06   5.96E-05   4.99E-09   7.28E-08   5.29E-05   5.58E-05   3.28E-04   2.09E-06   2.20E-06
 8.12E+06   5.97E-05   5.04E-09   7.67E-08   5.30E-05   5.58E-05   3.28E-04   2.10E-06   2.21E-06
 8.28E+06   5.98E-05   5.07E-09   7.96E-08   5.30E-05   5.59E-05   3.28E-04   2.11E-06   2.22E-06
 8.42E+06   5.98E-05   5.09E-09   8.15E-08   5.31E-05   5.59E-05   3.28E-04   2.11E-06   2.22E-06
 8.58E+06   5.98E-05   5.10E-09   8.28E-08   5.31E-05   5.59E-05   3.28E-04   2.11E-06   2.22E-06
 8.72E+06   5.98E-05   5.11E-09   8.37E-08   5.31E-05   5.59E-05   3.28E-04   2.12E-06   2.23E-06
 8.88E+06   5.98E-05   5.11E-09   8.43E-08   5.31E-05   5.60E-05   3.28E-04   2.12E-06   2.23E-06
 9.02E+06   5.99E-05   5.12E-09   8.47E-08   5.31E-05   5.60E-05   3.28E-04   2.12E-06   2.23E-06
 9.18E+06   5.99E-05   5.12E-09   8.49E-08   5.31E-05   5.60E-05   3.28E-04   2.12E-06   2.23E-06
 9.32E+06   5.99E-05   5.12E-09   8.51E-08   5.31E-05   5.60E-05   3.28E-04   2.12E-06   2.23E-06
 9.48E+06   5.99E-05   5.12E-09   8.53E-08   5.31E-05   5.60E-05   3.28E-04   2.12E-06   2.23E-06
 9.62E+06   5.99E-05   5.12E-09   8.53E-08   5.31E-05   5.60E-05   3.28E-04   2.12E-06   2.23E-06
 9.78E+06   5.99E-05   5.12E-09   8.54E-08   5.31E-05   5.60E-05   3.28E-04   2.12E-06   2.23E-06
 9.92E+06   5.99E-05   5.12E-09   8.55E-08   5.31E-05   5.60E-05   3.28E-04   2.12E-06   2.23E-06

     Z      PCH4_3     PC2H6_1    PC2H6_2    PHNO2_1    PHNO3      PHNO3_3    PHNO3_1    PNO        
 2.50E+04   0.00E+00   0.00E+00   0.00E+00   5.40E-04   2.35E-07   3.37E-15   2.42E-15   0.00E+00
 1.75E+05   0.00E+00   0.00E+00   0.00E+00   6.00E-04   2.80E-07   1.39E-12   9.95E-13   3.13-127
 3.25E+05   0.00E+00   0.00E+00   0.00E+00   6.54E-04   3.36E-07   5.96E-11   4.28E-11   1.76E-51
 4.75E+05   0.00E+00   0.00E+00   0.00E+00   7.03E-04   4.18E-07   6.28E-10   4.51E-10   9.57E-27
 6.25E+05   0.00E+00   0.00E+00   0.00E+00   7.47E-04   5.32E-07   3.32E-09   2.39E-09   3.39E-17
 7.75E+05   0.00E+00   0.00E+00   0.00E+00   7.86E-04   6.81E-07   1.08E-08   7.74E-09   3.98E-13
 9.25E+05   0.00E+00   0.00E+00   0.00E+00   8.22E-04   8.65E-07   2.40E-08   1.72E-08   1.78E-11
 1.08E+06   0.00E+00   0.00E+00   0.00E+00   8.55E-04   1.10E-06   4.43E-08   3.18E-08   1.09E-10
 1.22E+06   0.00E+00   0.00E+00   0.00E+00   8.83E-04   1.43E-06   7.54E-08   5.42E-08   3.95E-10
 1.38E+06   0.00E+00   0.00E+00   0.00E+00   9.09E-04   1.88E-06   1.25E-07   8.96E-08   1.21E-09
 1.52E+06   0.00E+00   0.00E+00   0.00E+00   9.34E-04   2.58E-06   2.11E-07   1.52E-07   3.51E-09
 1.68E+06   4.86-156   0.00E+00   3.20-157   9.56E-04   3.72E-06   3.66E-07   2.63E-07   9.64E-09
 1.82E+06   3.34-124   0.00E+00   2.20-125   9.76E-04   5.48E-06   6.29E-07   4.52E-07   2.44E-08
 1.98E+06   7.72E-99   0.00E+00   5.09-100   9.93E-04   8.06E-06   1.05E-06   7.54E-07   5.62E-08
 2.12E+06   1.10E-78   0.00E+00   7.22E-80   1.01E-03   1.17E-05   1.69E-06   1.21E-06   1.17E-07
 2.28E+06   9.25E-63   0.00E+00   6.09E-64   1.02E-03   1.65E-05   2.58E-06   1.86E-06   2.23E-07
 2.42E+06   2.49E-50   0.00E+00   1.64E-51   1.04E-03   2.25E-05   3.70E-06   2.66E-06   3.77E-07
 2.58E+06   8.25E-41   0.00E+00   5.44E-42   1.07E-03   2.89E-05   4.90E-06   3.52E-06   5.67E-07
 2.72E+06   1.27E-33   0.00E+00   8.38E-35   1.09E-03   3.49E-05   6.00E-06   4.31E-06   7.66E-07
 2.88E+06   3.59E-28   0.00E+00   2.37E-29   1.12E-03   3.99E-05   6.96E-06   4.99E-06   9.58E-07
 3.02E+06   5.62E-24   0.00E+00   3.70E-25   1.14E-03   4.37E-05   7.80E-06   5.60E-06   1.14E-06
 3.18E+06   1.01E-20   0.00E+00   6.65E-22   1.15E-03   4.65E-05   8.56E-06   6.14E-06   1.33E-06
 3.32E+06   3.46E-18   0.00E+00   2.28E-19   1.16E-03   4.86E-05   9.25E-06   6.64E-06   1.51E-06
 3.48E+06   3.32E-16   0.00E+00   2.19E-17   1.17E-03   5.02E-05   9.89E-06   7.10E-06   1.69E-06
 3.62E+06   1.19E-14   0.00E+00   8.39E-16   1.17E-03   5.13E-05   1.05E-05   7.52E-06   1.86E-06
 3.78E+06   1.98E-13   0.00E+00   2.60E-14   1.17E-03   5.22E-05   1.10E-05   7.90E-06   2.03E-06
 3.92E+06   2.09E-12   0.00E+00   1.05E-12   1.18E-03   5.28E-05   1.15E-05   8.26E-06   2.21E-06
 4.08E+06   2.04E-11   0.00E+00   2.64E-11   1.18E-03   5.32E-05   1.20E-05   8.60E-06   2.38E-06
 4.22E+06   1.82E-10   0.00E+00   3.34E-10   1.18E-03   5.36E-05   1.24E-05   8.93E-06   2.56E-06
 4.38E+06   1.14E-09   0.00E+00   2.31E-09   1.18E-03   5.39E-05   1.29E-05   9.26E-06   2.75E-06
 4.52E+06   4.72E-09   0.00E+00   9.80E-09   1.18E-03   5.42E-05   1.34E-05   9.60E-06   2.96E-06
 4.68E+06   1.36E-08   0.00E+00   2.83E-08   1.18E-03   5.45E-05   1.39E-05   9.98E-06   3.20E-06
 4.82E+06   2.92E-08   0.00E+00   6.09E-08   1.18E-03   5.49E-05   1.45E-05   1.04E-05   3.46E-06
 4.98E+06   5.14E-08   0.00E+00   1.07E-07   1.18E-03   5.54E-05   1.51E-05   1.09E-05   3.75E-06
 5.12E+06   7.78E-08   0.00E+00   1.61E-07   1.18E-03   5.59E-05   1.58E-05   1.13E-05   4.05E-06
 5.28E+06   1.06E-07   0.00E+00   2.21E-07   1.18E-03   5.65E-05   1.64E-05   1.18E-05   4.35E-06
 5.42E+06   1.36E-07   0.00E+00   2.83E-07   1.18E-03   5.70E-05   1.70E-05   1.22E-05   4.65E-06
 5.58E+06   1.65E-07   0.00E+00   3.46E-07   1.18E-03   5.74E-05   1.76E-05   1.27E-05   4.93E-06
 5.72E+06   1.93E-07   0.00E+00   4.10E-07   1.18E-03   5.77E-05   1.82E-05   1.31E-05   5.21E-06
 5.88E+06   2.21E-07   0.00E+00   4.73E-07   1.18E-03   5.80E-05   1.87E-05   1.34E-05   5.48E-06
 6.02E+06   2.47E-07   0.00E+00   5.34E-07   1.18E-03   5.83E-05   1.92E-05   1.38E-05   5.74E-06
 6.18E+06   2.71E-07   0.00E+00   5.90E-07   1.18E-03   5.91E-05   1.97E-05   1.42E-05   6.00E-06
 6.32E+06   2.92E-07   0.00E+00   6.38E-07   1.18E-03   6.07E-05   2.03E-05   1.45E-05   6.25E-06
 6.48E+06   3.09E-07   0.00E+00   6.79E-07   1.18E-03   6.11E-05   2.07E-05   1.48E-05   6.48E-06
 6.62E+06   3.24E-07   0.00E+00   7.15E-07   1.18E-03   6.14E-05   2.10E-05   1.51E-05   6.71E-06
 6.78E+06   3.36E-07   0.00E+00   7.44E-07   1.18E-03   6.17E-05   2.14E-05   1.54E-05   6.95E-06
 6.92E+06   3.46E-07   0.00E+00   7.68E-07   1.18E-03   6.20E-05   2.17E-05   1.56E-05   7.17E-06
 7.08E+06   3.54E-07   0.00E+00   7.86E-07   1.18E-03   6.23E-05   2.20E-05   1.58E-05   7.38E-06
 7.22E+06   3.60E-07   0.00E+00   8.01E-07   1.18E-03   6.25E-05   2.23E-05   1.60E-05   7.57E-06
 7.38E+06   3.65E-07   0.00E+00   8.13E-07   1.18E-03   6.27E-05   2.25E-05   1.62E-05   7.74E-06
 7.52E+06   3.69E-07   0.00E+00   8.23E-07   1.18E-03   6.29E-05   2.27E-05   1.63E-05   7.89E-06
 7.68E+06   3.73E-07   0.00E+00   8.32E-07   1.18E-03   6.30E-05   2.29E-05   1.64E-05   8.02E-06
 7.82E+06   3.76E-07   0.00E+00   8.38E-07   1.18E-03   6.31E-05   2.30E-05   1.65E-05   8.11E-06
 7.98E+06   3.78E-07   0.00E+00   8.43E-07   1.18E-03   6.32E-05   2.31E-05   1.66E-05   8.18E-06
 8.12E+06   3.80E-07   0.00E+00   8.47E-07   1.18E-03   6.32E-05   2.32E-05   1.66E-05   8.23E-06
 8.28E+06   3.81E-07   0.00E+00   8.50E-07   1.18E-03   6.33E-05   2.32E-05   1.67E-05   8.27E-06
 8.42E+06   3.82E-07   0.00E+00   8.51E-07   1.18E-03   6.33E-05   2.32E-05   1.67E-05   8.29E-06
 8.58E+06   3.82E-07   0.00E+00   8.52E-07   1.18E-03   6.33E-05   2.33E-05   1.67E-05   8.31E-06
 8.72E+06   3.83E-07   0.00E+00   8.53E-07   1.18E-03   6.33E-05   2.33E-05   1.67E-05   8.32E-06
 8.88E+06   3.83E-07   0.00E+00   8.54E-07   1.18E-03   6.33E-05   2.33E-05   1.67E-05   8.32E-06
 9.02E+06   3.83E-07   0.00E+00   8.54E-07   1.18E-03   6.34E-05   2.33E-05   1.67E-05   8.33E-06
 9.18E+06   3.83E-07   0.00E+00   8.54E-07   1.18E-03   6.34E-05   2.33E-05   1.67E-05   8.33E-06
 9.32E+06   3.83E-07   0.00E+00   8.55E-07   1.18E-03   6.34E-05   2.33E-05   1.67E-05   8.33E-06
 9.48E+06   3.84E-07   0.00E+00   8.55E-07   1.18E-03   6.34E-05   2.33E-05   1.67E-05   8.34E-06
 9.62E+06   3.84E-07   0.00E+00   8.55E-07   1.18E-03   6.34E-05   2.33E-05   1.67E-05   8.34E-06
 9.78E+06   3.84E-07   0.00E+00   8.55E-07   1.18E-03   6.34E-05   2.33E-05   1.67E-05   8.34E-06
 9.92E+06   3.84E-07   0.00E+00   8.55E-07   1.18E-03   6.34E-05   2.33E-05   1.67E-05   8.34E-06

     Z      PNO2_O1D   PNO2       PCH3_1     PSO        PH2S       PSO2       PSO2_SO21  PSO2_SO23  
 2.50E+04   1.02E-09   3.58E-03   1.25E-08   3.72E-08   1.50E-08   2.15E-08   5.70E-05   4.24E-07
 1.75E+05   2.72E-09   3.93E-03   3.40E-08   1.06E-07   4.40E-08   6.23E-08   6.78E-05   4.68E-07
 3.25E+05   5.82E-09   4.24E-03   7.19E-08   2.42E-07   1.05E-07   1.45E-07   7.76E-05   5.07E-07
 4.75E+05   1.09E-08   4.52E-03   1.31E-07   4.85E-07   2.18E-07   2.92E-07   8.67E-05   5.42E-07
 6.25E+05   1.84E-08   4.78E-03   2.12E-07   8.60E-07   3.94E-07   5.19E-07   9.53E-05   5.74E-07
 7.75E+05   2.85E-08   5.01E-03   3.17E-07   1.38E-06   6.40E-07   8.32E-07   1.04E-04   6.03E-07
 9.25E+05   4.17E-08   5.21E-03   4.51E-07   2.06E-06   9.62E-07   1.24E-06   1.12E-04   6.29E-07
 1.08E+06   5.86E-08   5.40E-03   6.19E-07   2.93E-06   1.38E-06   1.77E-06   1.20E-04   6.52E-07
 1.22E+06   8.02E-08   5.57E-03   8.30E-07   4.04E-06   1.90E-06   2.43E-06   1.28E-04   6.72E-07
 1.38E+06   1.11E-07   5.72E-03   1.13E-06   5.59E-06   2.64E-06   3.36E-06   1.37E-04   6.90E-07
 1.52E+06   1.64E-07   5.86E-03   1.66E-06   8.13E-06   3.82E-06   4.88E-06   1.50E-04   7.07E-07
 1.68E+06   2.59E-07   5.99E-03   2.64E-06   1.25E-05   5.83E-06   7.46E-06   1.69E-04   7.22E-07
 1.82E+06   4.26E-07   6.10E-03   4.43E-06   1.95E-05   9.07E-06   1.16E-05   1.95E-04   7.35E-07
 1.98E+06   7.13E-07   6.19E-03   7.64E-06   3.04E-05   1.41E-05   1.81E-05   2.29E-04   7.44E-07
 2.12E+06   1.21E-06   6.26E-03   1.33E-05   4.70E-05   2.17E-05   2.79E-05   2.77E-04   7.51E-07
 2.28E+06   2.09E-06   6.32E-03   2.29E-05   7.10E-05   3.29E-05   4.23E-05   3.46E-04   7.56E-07
 2.42E+06   3.61E-06   6.38E-03   3.67E-05   1.03E-04   4.86E-05   6.13E-05   4.39E-04   7.60E-07
 2.58E+06   5.90E-06   6.42E-03   5.21E-05   1.38E-04   6.74E-05   8.26E-05   5.53E-04   7.64E-07
 2.72E+06   8.50E-06   6.46E-03   6.47E-05   1.68E-04   8.55E-05   1.01E-04   6.66E-04   7.66E-07
 2.88E+06   1.06E-05   6.49E-03   7.31E-05   1.89E-04   9.93E-05   1.14E-04   7.55E-04   7.68E-07
 3.02E+06   1.22E-05   6.51E-03   7.86E-05   2.04E-04   1.09E-04   1.23E-04   8.17E-04   7.69E-07
 3.18E+06   1.32E-05   6.52E-03   8.24E-05   2.14E-04   1.16E-04   1.30E-04   8.58E-04   7.70E-07
 3.32E+06   1.40E-05   6.53E-03   8.51E-05   2.22E-04   1.21E-04   1.35E-04   8.85E-04   7.71E-07
 3.48E+06   1.45E-05   6.54E-03   8.71E-05   2.28E-04   1.25E-04   1.38E-04   9.03E-04   7.72E-07
 3.62E+06   1.49E-05   6.55E-03   8.86E-05   2.32E-04   1.28E-04   1.41E-04   9.14E-04   7.73E-07
 3.78E+06   1.52E-05   6.55E-03   8.97E-05   2.36E-04   1.30E-04   1.43E-04   9.21E-04   7.73E-07
 3.92E+06   1.54E-05   6.55E-03   9.05E-05   2.38E-04   1.31E-04   1.45E-04   9.27E-04   7.73E-07
 4.08E+06   1.56E-05   6.56E-03   9.12E-05   2.41E-04   1.33E-04   1.46E-04   9.30E-04   7.74E-07
 4.22E+06   1.58E-05   6.56E-03   9.17E-05   2.42E-04   1.34E-04   1.47E-04   9.33E-04   7.74E-07
 4.38E+06   1.60E-05   6.56E-03   9.20E-05   2.44E-04   1.35E-04   1.48E-04   9.34E-04   7.74E-07
 4.52E+06   1.62E-05   6.56E-03   9.23E-05   2.45E-04   1.35E-04   1.49E-04   9.36E-04   7.74E-07
 4.68E+06   1.64E-05   6.56E-03   9.25E-05   2.45E-04   1.36E-04   1.50E-04   9.36E-04   7.74E-07
 4.82E+06   1.66E-05   6.56E-03   9.27E-05   2.46E-04   1.37E-04   1.51E-04   9.37E-04   7.74E-07
 4.98E+06   1.69E-05   6.57E-03   9.28E-05   2.47E-04   1.38E-04   1.52E-04   9.37E-04   7.74E-07
 5.12E+06   1.72E-05   6.57E-03   9.29E-05   2.47E-04   1.39E-04   1.54E-04   9.38E-04   7.74E-07
 5.28E+06   1.76E-05   6.57E-03   9.30E-05   2.47E-04   1.40E-04   1.55E-04   9.38E-04   7.74E-07
 5.42E+06   1.79E-05   6.57E-03   9.31E-05   2.48E-04   1.41E-04   1.56E-04   9.38E-04   7.74E-07
 5.58E+06   1.82E-05   6.57E-03   9.31E-05   2.48E-04   1.42E-04   1.58E-04   9.38E-04   7.74E-07
 5.72E+06   1.85E-05   6.57E-03   9.31E-05   2.48E-04   1.43E-04   1.59E-04   9.38E-04   7.74E-07
 5.88E+06   1.89E-05   6.57E-03   9.31E-05   2.48E-04   1.44E-04   1.60E-04   9.38E-04   7.74E-07
 6.02E+06   1.92E-05   6.57E-03   9.32E-05   2.48E-04   1.45E-04   1.61E-04   9.38E-04   7.74E-07
 6.18E+06   1.95E-05   6.57E-03   9.32E-05   2.49E-04   1.46E-04   1.62E-04   9.38E-04   7.74E-07
 6.32E+06   1.98E-05   6.57E-03   9.32E-05   2.49E-04   1.46E-04   1.62E-04   9.38E-04   7.74E-07
 6.48E+06   2.01E-05   6.57E-03   9.32E-05   2.49E-04   1.47E-04   1.63E-04   9.38E-04   7.74E-07
 6.62E+06   2.04E-05   6.57E-03   9.32E-05   2.49E-04   1.47E-04   1.63E-04   9.39E-04   7.74E-07
 6.78E+06   2.07E-05   6.57E-03   9.32E-05   2.49E-04   1.48E-04   1.64E-04   9.39E-04   7.74E-07
 6.92E+06   2.10E-05   6.57E-03   9.32E-05   2.49E-04   1.48E-04   1.64E-04   9.39E-04   7.74E-07
 7.08E+06   2.13E-05   6.57E-03   9.32E-05   2.49E-04   1.48E-04   1.65E-04   9.39E-04   7.74E-07
 7.22E+06   2.16E-05   6.57E-03   9.32E-05   2.49E-04   1.48E-04   1.65E-04   9.39E-04   7.74E-07
 7.38E+06   2.19E-05   6.57E-03   9.32E-05   2.49E-04   1.49E-04   1.65E-04   9.39E-04   7.74E-07
 7.52E+06   2.21E-05   6.57E-03   9.32E-05   2.49E-04   1.49E-04   1.65E-04   9.39E-04   7.74E-07
 7.68E+06   2.23E-05   6.57E-03   9.32E-05   2.49E-04   1.49E-04   1.65E-04   9.39E-04   7.74E-07
 7.82E+06   2.25E-05   6.57E-03   9.32E-05   2.49E-04   1.50E-04   1.65E-04   9.39E-04   7.74E-07
 7.98E+06   2.26E-05   6.57E-03   9.32E-05   2.49E-04   1.50E-04   1.66E-04   9.39E-04   7.74E-07
 8.12E+06   2.27E-05   6.57E-03   9.32E-05   2.49E-04   1.50E-04   1.66E-04   9.39E-04   7.74E-07
 8.28E+06   2.28E-05   6.57E-03   9.32E-05   2.49E-04   1.50E-04   1.66E-04   9.39E-04   7.74E-07
 8.42E+06   2.28E-05   6.57E-03   9.32E-05   2.49E-04   1.50E-04   1.66E-04   9.39E-04   7.74E-07
 8.58E+06   2.28E-05   6.57E-03   9.32E-05   2.49E-04   1.50E-04   1.66E-04   9.39E-04   7.74E-07
 8.72E+06   2.29E-05   6.57E-03   9.32E-05   2.49E-04   1.50E-04   1.66E-04   9.39E-04   7.74E-07
 8.88E+06   2.29E-05   6.57E-03   9.32E-05   2.49E-04   1.50E-04   1.66E-04   9.39E-04   7.74E-07
 9.02E+06   2.29E-05   6.57E-03   9.32E-05   2.49E-04   1.50E-04   1.66E-04   9.39E-04   7.74E-07
 9.18E+06   2.29E-05   6.57E-03   9.32E-05   2.49E-04   1.50E-04   1.66E-04   9.39E-04   7.74E-07
 9.32E+06   2.29E-05   6.57E-03   9.32E-05   2.49E-04   1.50E-04   1.66E-04   9.39E-04   7.74E-07
 9.48E+06   2.29E-05   6.57E-03   9.32E-05   2.49E-04   1.50E-04   1.66E-04   9.39E-04   7.74E-07
 9.62E+06   2.29E-05   6.57E-03   9.32E-05   2.49E-04   1.50E-04   1.66E-04   9.39E-04   7.74E-07
 9.78E+06   2.29E-05   6.57E-03   9.32E-05   2.49E-04   1.50E-04   1.66E-04   9.39E-04   7.74E-07
 9.92E+06   2.29E-05   6.57E-03   9.32E-05   2.49E-04   1.50E-04   1.66E-04   9.39E-04   7.74E-07

     Z      PS2        PS4        PS3        PS8L       PS8R       PS8        PSO3       PHSO       
 2.50E+04   4.27E-05   1.16E-01   5.32E-01   0.00E+00   0.00E+00   9.12E-14   8.59E-08   2.19E-08
 1.75E+05   5.06E-05   1.20E-01   5.71E-01   0.00E+00   0.00E+00   1.28E-13   1.04E-07   5.98E-08
 3.25E+05   5.78E-05   1.23E-01   6.06E-01   0.00E+00   0.00E+00   1.75E-13   1.26E-07   1.31E-07
 4.75E+05   6.44E-05   1.26E-01   6.38E-01   0.00E+00   0.00E+00   2.33E-13   1.52E-07   2.52E-07
 6.25E+05   7.07E-05   1.29E-01   6.67E-01   0.00E+00   0.00E+00   3.07E-13   1.85E-07   4.31E-07
 7.75E+05   7.67E-05   1.32E-01   6.93E-01   0.00E+00   0.00E+00   4.00E-13   2.27E-07   6.76E-07
 9.25E+05   8.25E-05   1.34E-01   7.17E-01   0.00E+00   0.00E+00   5.21E-13   2.77E-07   9.96E-07
 1.08E+06   8.82E-05   1.36E-01   7.38E-01   0.00E+00   0.00E+00   6.83E-13   3.38E-07   1.41E-06
 1.22E+06   9.38E-05   1.38E-01   7.56E-01   0.00E+00   0.00E+00   9.15E-13   4.13E-07   1.93E-06
 1.38E+06   1.00E-04   1.40E-01   7.73E-01   0.00E+00   0.00E+00   1.23E-12   5.15E-07   2.66E-06
 1.52E+06   1.09E-04   1.42E-01   7.89E-01   0.00E+00   0.00E+00   1.66E-12   6.78E-07   3.90E-06
 1.68E+06   1.22E-04   1.44E-01   8.04E-01   0.00E+00   0.00E+00   2.28E-12   9.53E-07   6.09E-06
 1.82E+06   1.38E-04   1.46E-01   8.15E-01   0.00E+00   0.00E+00   3.13E-12   1.40E-06   9.83E-06
 1.98E+06   1.60E-04   1.47E-01   8.24E-01   0.00E+00   0.00E+00   4.35E-12   2.09E-06   1.61E-05
 2.12E+06   1.92E-04   1.48E-01   8.31E-01   0.00E+00   0.00E+00   6.15E-12   3.17E-06   2.65E-05
 2.28E+06   2.37E-04   1.49E-01   8.36E-01   0.00E+00   0.00E+00   8.87E-12   4.79E-06   4.41E-05
 2.42E+06   2.99E-04   1.49E-01   8.39E-01   0.00E+00   0.00E+00   1.31E-11   7.11E-06   7.34E-05
 2.58E+06   3.73E-04   1.50E-01   8.42E-01   0.00E+00   0.00E+00   1.97E-11   1.00E-05   1.17E-04
 2.72E+06   4.40E-04   1.50E-01   8.44E-01   0.00E+00   0.00E+00   2.95E-11   1.32E-05   1.68E-04
 2.88E+06   4.90E-04   1.50E-01   8.46E-01   0.00E+00   0.00E+00   4.27E-11   1.59E-05   2.13E-04
 3.02E+06   5.22E-04   1.50E-01   8.47E-01   0.00E+00   0.00E+00   5.92E-11   1.79E-05   2.46E-04
 3.18E+06   5.44E-04   1.50E-01   8.48E-01   0.00E+00   0.00E+00   7.96E-11   1.94E-05   2.69E-04
 3.32E+06   5.58E-04   1.50E-01   8.49E-01   0.00E+00   0.00E+00   1.05E-10   2.05E-05   2.85E-04
 3.48E+06   5.67E-04   1.50E-01   8.50E-01   0.00E+00   0.00E+00   1.36E-10   2.12E-05   2.96E-04
 3.62E+06   5.73E-04   1.50E-01   8.50E-01   0.00E+00   0.00E+00   1.76E-10   2.18E-05   3.04E-04
 3.78E+06   5.77E-04   1.51E-01   8.50E-01   0.00E+00   0.00E+00   2.27E-10   2.22E-05   3.09E-04
 3.92E+06   5.79E-04   1.51E-01   8.51E-01   0.00E+00   0.00E+00   2.92E-10   2.25E-05   3.13E-04
 4.08E+06   5.81E-04   1.51E-01   8.51E-01   0.00E+00   0.00E+00   3.77E-10   2.27E-05   3.16E-04
 4.22E+06   5.82E-04   1.51E-01   8.51E-01   0.00E+00   0.00E+00   4.86E-10   2.29E-05   3.18E-04
 4.38E+06   5.83E-04   1.51E-01   8.51E-01   0.00E+00   0.00E+00   6.31E-10   2.31E-05   3.20E-04
 4.52E+06   5.84E-04   1.51E-01   8.51E-01   0.00E+00   0.00E+00   8.22E-10   2.32E-05   3.21E-04
 4.68E+06   5.85E-04   1.51E-01   8.51E-01   0.00E+00   0.00E+00   1.08E-09   2.34E-05   3.22E-04
 4.82E+06   5.85E-04   1.51E-01   8.52E-01   0.00E+00   0.00E+00   1.42E-09   2.35E-05   3.23E-04
 4.98E+06   5.85E-04   1.51E-01   8.52E-01   0.00E+00   0.00E+00   1.88E-09   2.36E-05   3.24E-04
 5.12E+06   5.85E-04   1.51E-01   8.52E-01   0.00E+00   0.00E+00   2.50E-09   2.37E-05   3.25E-04
 5.28E+06   5.85E-04   1.51E-01   8.52E-01   0.00E+00   0.00E+00   3.32E-09   2.38E-05   3.25E-04
 5.42E+06   5.86E-04   1.51E-01   8.52E-01   0.00E+00   0.00E+00   4.41E-09   2.39E-05   3.26E-04
 5.58E+06   5.86E-04   1.51E-01   8.52E-01   0.00E+00   0.00E+00   5.87E-09   2.40E-05   3.26E-04
 5.72E+06   5.86E-04   1.51E-01   8.52E-01   0.00E+00   0.00E+00   7.81E-09   2.40E-05   3.26E-04
 5.88E+06   5.86E-04   1.51E-01   8.52E-01   0.00E+00   0.00E+00   1.04E-08   2.41E-05   3.27E-04
 6.02E+06   5.86E-04   1.51E-01   8.52E-01   0.00E+00   0.00E+00   1.40E-08   2.42E-05   3.27E-04
 6.18E+06   5.86E-04   1.51E-01   8.52E-01   0.00E+00   0.00E+00   1.91E-08   2.42E-05   3.27E-04
 6.32E+06   5.86E-04   1.51E-01   8.52E-01   0.00E+00   0.00E+00   2.64E-08   2.43E-05   3.27E-04
 6.48E+06   5.86E-04   1.51E-01   8.52E-01   0.00E+00   0.00E+00   3.45E-08   2.44E-05   3.28E-04
 6.62E+06   5.86E-04   1.51E-01   8.52E-01   0.00E+00   0.00E+00   4.50E-08   2.45E-05   3.28E-04
 6.78E+06   5.86E-04   1.51E-01   8.52E-01   0.00E+00   0.00E+00   5.87E-08   2.45E-05   3.28E-04
 6.92E+06   5.86E-04   1.51E-01   8.52E-01   0.00E+00   0.00E+00   7.66E-08   2.46E-05   3.28E-04
 7.08E+06   5.86E-04   1.51E-01   8.52E-01   0.00E+00   0.00E+00   9.99E-08   2.47E-05   3.28E-04
 7.22E+06   5.86E-04   1.51E-01   8.52E-01   0.00E+00   0.00E+00   1.30E-07   2.49E-05   3.28E-04
 7.38E+06   5.86E-04   1.51E-01   8.52E-01   0.00E+00   0.00E+00   1.70E-07   2.52E-05   3.28E-04
 7.52E+06   5.86E-04   1.51E-01   8.52E-01   0.00E+00   0.00E+00   2.22E-07   2.55E-05   3.28E-04
 7.68E+06   5.86E-04   1.51E-01   8.52E-01   0.00E+00   0.00E+00   2.89E-07   2.58E-05   3.28E-04
 7.82E+06   5.86E-04   1.51E-01   8.52E-01   0.00E+00   0.00E+00   3.77E-07   2.61E-05   3.28E-04
 7.98E+06   5.86E-04   1.51E-01   8.52E-01   0.00E+00   0.00E+00   4.91E-07   2.64E-05   3.28E-04
 8.12E+06   5.86E-04   1.51E-01   8.52E-01   0.00E+00   0.00E+00   6.39E-07   2.66E-05   3.28E-04
 8.28E+06   5.86E-04   1.51E-01   8.52E-01   0.00E+00   0.00E+00   8.33E-07   2.67E-05   3.28E-04
 8.42E+06   5.86E-04   1.51E-01   8.52E-01   0.00E+00   0.00E+00   1.09E-06   2.68E-05   3.28E-04
 8.58E+06   5.86E-04   1.51E-01   8.52E-01   0.00E+00   0.00E+00   1.41E-06   2.69E-05   3.28E-04
 8.72E+06   5.86E-04   1.51E-01   8.52E-01   0.00E+00   0.00E+00   1.84E-06   2.69E-05   3.28E-04
 8.88E+06   5.86E-04   1.51E-01   8.52E-01   0.00E+00   0.00E+00   2.40E-06   2.69E-05   3.28E-04
 9.02E+06   5.86E-04   1.51E-01   8.52E-01   0.00E+00   0.00E+00   3.12E-06   2.70E-05   3.28E-04
 9.18E+06   5.86E-04   1.51E-01   8.52E-01   0.00E+00   0.00E+00   4.06E-06   2.70E-05   3.28E-04
 9.32E+06   5.86E-04   1.51E-01   8.52E-01   0.00E+00   0.00E+00   5.28E-06   2.70E-05   3.28E-04
 9.48E+06   5.86E-04   1.51E-01   8.52E-01   0.00E+00   0.00E+00   6.87E-06   2.70E-05   3.28E-04
 9.62E+06   5.86E-04   1.51E-01   8.52E-01   0.00E+00   0.00E+00   8.93E-06   2.70E-05   3.28E-04
 9.78E+06   5.86E-04   1.51E-01   8.52E-01   0.00E+00   0.00E+00   1.16E-05   2.70E-05   3.28E-04
 9.92E+06   5.86E-04   1.51E-01   8.52E-01   0.00E+00   0.00E+00   1.51E-05   2.70E-05   3.28E-04

     Z      POCS       PNO3_NO    PNO3_NO2   PN2O       PHO2NO2_NO2PHO2NO2_NO3PN2O5_NO2  PN2O5_NO   
 2.50E+04   6.71E-10   1.08E-02   8.42E-02   4.05E-11   1.97E-06   4.92E-07   2.54E-08   1.15E-05
 1.75E+05   1.63E-09   1.10E-02   8.58E-02   1.27E-10   2.33E-06   5.82E-07   6.62E-08   1.32E-05
 3.25E+05   3.18E-09   1.12E-02   8.71E-02   3.24E-10   2.67E-06   6.68E-07   1.50E-07   1.48E-05
 4.75E+05   5.50E-09   1.14E-02   8.81E-02   7.11E-10   3.02E-06   7.57E-07   3.03E-07   1.62E-05
 6.25E+05   8.70E-09   1.16E-02   8.89E-02   1.33E-09   3.40E-06   8.54E-07   5.43E-07   1.75E-05
 7.75E+05   1.29E-08   1.17E-02   8.93E-02   2.19E-09   3.80E-06   9.63E-07   8.81E-07   1.87E-05
 9.25E+05   1.83E-08   1.19E-02   8.96E-02   3.29E-09   4.25E-06   1.08E-06   1.33E-06   1.99E-05
 1.08E+06   2.54E-08   1.21E-02   8.99E-02   4.69E-09   4.75E-06   1.22E-06   1.91E-06   2.09E-05
 1.22E+06   3.44E-08   1.23E-02   9.08E-02   6.67E-09   5.32E-06   1.39E-06   2.65E-06   2.19E-05
 1.38E+06   4.77E-08   1.24E-02   9.19E-02   9.47E-09   6.05E-06   1.60E-06   3.68E-06   2.29E-05
 1.52E+06   7.24E-08   1.26E-02   9.32E-02   1.40E-08   7.16E-06   1.92E-06   5.37E-06   2.41E-05
 1.68E+06   1.21E-07   1.28E-02   9.44E-02   2.14E-08   8.93E-06   2.44E-06   8.24E-06   2.55E-05
 1.82E+06   2.16E-07   1.29E-02   9.55E-02   3.32E-08   1.17E-05   3.25E-06   1.29E-05   2.72E-05
 1.98E+06   4.02E-07   1.30E-02   9.63E-02   5.07E-08   1.59E-05   4.47E-06   2.01E-05   2.92E-05
 2.12E+06   7.79E-07   1.31E-02   9.70E-02   7.58E-08   2.22E-05   6.29E-06   3.11E-05   3.17E-05
 2.28E+06   1.58E-06   1.32E-02   9.76E-02   1.09E-07   3.17E-05   8.99E-06   4.74E-05   3.51E-05
 2.42E+06   3.26E-06   1.32E-02   9.80E-02   1.50E-07   4.60E-05   1.29E-05   7.03E-05   3.95E-05
 2.58E+06   6.28E-06   1.32E-02   9.83E-02   1.90E-07   6.65E-05   1.84E-05   1.00E-04   4.51E-05
 2.72E+06   1.02E-05   1.32E-02   9.84E-02   2.24E-07   9.42E-05   2.56E-05   1.35E-04   5.13E-05
 2.88E+06   1.37E-05   1.33E-02   9.83E-02   2.49E-07   1.23E-04   3.31E-05   1.69E-04   5.70E-05
 3.02E+06   1.63E-05   1.33E-02   9.82E-02   2.69E-07   1.47E-04   3.92E-05   1.96E-04   6.12E-05
 3.18E+06   1.81E-05   1.33E-02   9.80E-02   2.85E-07   1.64E-04   4.36E-05   2.16E-04   6.42E-05
 3.32E+06   1.93E-05   1.33E-02   9.79E-02   2.99E-07   1.76E-04   4.67E-05   2.30E-04   6.61E-05
 3.48E+06   2.02E-05   1.34E-02   9.77E-02   3.10E-07   1.84E-04   4.89E-05   2.41E-04   6.74E-05
 3.62E+06   2.07E-05   1.34E-02   9.75E-02   3.20E-07   1.90E-04   5.03E-05   2.48E-04   6.82E-05
 3.78E+06   2.11E-05   1.34E-02   9.72E-02   3.28E-07   1.93E-04   5.13E-05   2.54E-04   6.88E-05
 3.92E+06   2.14E-05   1.34E-02   9.69E-02   3.36E-07   1.96E-04   5.20E-05   2.58E-04   6.92E-05
 4.08E+06   2.16E-05   1.34E-02   9.67E-02   3.46E-07   1.98E-04   5.26E-05   2.61E-04   6.94E-05
 4.22E+06   2.18E-05   1.34E-02   9.67E-02   3.55E-07   1.99E-04   5.29E-05   2.64E-04   6.96E-05
 4.38E+06   2.19E-05   1.34E-02   9.67E-02   3.66E-07   2.00E-04   5.32E-05   2.67E-04   6.97E-05
 4.52E+06   2.21E-05   1.34E-02   9.67E-02   3.83E-07   2.01E-04   5.34E-05   2.69E-04   6.98E-05
 4.68E+06   2.23E-05   1.34E-02   9.67E-02   4.11E-07   2.01E-04   5.35E-05   2.71E-04   6.98E-05
 4.82E+06   2.25E-05   1.34E-02   9.67E-02   4.54E-07   2.02E-04   5.36E-05   2.73E-04   6.99E-05
 4.98E+06   2.28E-05   1.34E-02   9.67E-02   5.11E-07   2.02E-04   5.37E-05   2.76E-04   6.99E-05
 5.12E+06   2.31E-05   1.34E-02   9.67E-02   5.78E-07   2.02E-04   5.37E-05   2.78E-04   6.99E-05
 5.28E+06   2.34E-05   1.34E-02   9.67E-02   6.50E-07   2.02E-04   5.38E-05   2.81E-04   6.99E-05
 5.42E+06   2.37E-05   1.34E-02   9.67E-02   7.24E-07   2.02E-04   5.38E-05   2.83E-04   7.00E-05
 5.58E+06   2.41E-05   1.34E-02   9.67E-02   8.02E-07   2.02E-04   5.38E-05   2.85E-04   7.00E-05
 5.72E+06   2.45E-05   1.34E-02   9.67E-02   8.88E-07   2.03E-04   5.39E-05   2.88E-04   7.00E-05
 5.88E+06   2.49E-05   1.34E-02   9.67E-02   9.89E-07   2.03E-04   5.39E-05   2.90E-04   7.00E-05
 6.02E+06   2.53E-05   1.34E-02   9.67E-02   1.11E-06   2.03E-04   5.39E-05   2.92E-04   7.00E-05
 6.18E+06   2.59E-05   1.34E-02   9.67E-02   1.24E-06   2.03E-04   5.39E-05   2.94E-04   7.00E-05
 6.32E+06   2.65E-05   1.34E-02   9.67E-02   1.38E-06   2.03E-04   5.39E-05   2.96E-04   7.00E-05
 6.48E+06   2.72E-05   1.34E-02   9.67E-02   1.51E-06   2.03E-04   5.39E-05   2.98E-04   7.00E-05
 6.62E+06   2.80E-05   1.34E-02   9.67E-02   1.64E-06   2.03E-04   5.39E-05   3.00E-04   7.00E-05
 6.78E+06   2.89E-05   1.34E-02   9.67E-02   1.77E-06   2.03E-04   5.39E-05   3.02E-04   7.00E-05
 6.92E+06   2.99E-05   1.34E-02   9.67E-02   1.88E-06   2.03E-04   5.39E-05   3.04E-04   7.00E-05
 7.08E+06   3.11E-05   1.34E-02   9.67E-02   1.97E-06   2.03E-04   5.39E-05   3.06E-04   7.00E-05
 7.22E+06   3.24E-05   1.34E-02   9.67E-02   2.06E-06   2.03E-04   5.39E-05   3.08E-04   7.00E-05
 7.38E+06   3.40E-05   1.34E-02   9.67E-02   2.13E-06   2.03E-04   5.39E-05   3.09E-04   7.00E-05
 7.52E+06   3.57E-05   1.34E-02   9.67E-02   2.20E-06   2.03E-04   5.39E-05   3.11E-04   7.00E-05
 7.68E+06   3.72E-05   1.34E-02   9.67E-02   2.25E-06   2.03E-04   5.39E-05   3.12E-04   7.00E-05
 7.82E+06   3.85E-05   1.34E-02   9.67E-02   2.30E-06   2.03E-04   5.39E-05   3.13E-04   7.00E-05
 7.98E+06   3.95E-05   1.34E-02   9.67E-02   2.34E-06   2.03E-04   5.39E-05   3.14E-04   7.00E-05
 8.12E+06   4.02E-05   1.34E-02   9.67E-02   2.36E-06   2.03E-04   5.39E-05   3.15E-04   7.00E-05
 8.28E+06   4.07E-05   1.34E-02   9.67E-02   2.38E-06   2.03E-04   5.39E-05   3.15E-04   7.00E-05
 8.42E+06   4.11E-05   1.34E-02   9.67E-02   2.39E-06   2.03E-04   5.39E-05   3.15E-04   7.00E-05
 8.58E+06   4.13E-05   1.34E-02   9.67E-02   2.40E-06   2.03E-04   5.39E-05   3.16E-04   7.00E-05
 8.72E+06   4.15E-05   1.34E-02   9.67E-02   2.41E-06   2.03E-04   5.39E-05   3.16E-04   7.00E-05
 8.88E+06   4.16E-05   1.34E-02   9.67E-02   2.41E-06   2.03E-04   5.39E-05   3.16E-04   7.00E-05
 9.02E+06   4.16E-05   1.34E-02   9.67E-02   2.42E-06   2.03E-04   5.39E-05   3.16E-04   7.00E-05
 9.18E+06   4.17E-05   1.34E-02   9.67E-02   2.42E-06   2.03E-04   5.39E-05   3.16E-04   7.00E-05
 9.32E+06   4.17E-05   1.34E-02   9.67E-02   2.42E-06   2.03E-04   5.39E-05   3.16E-04   7.00E-05
 9.48E+06   4.17E-05   1.34E-02   9.67E-02   2.42E-06   2.03E-04   5.39E-05   3.16E-04   7.00E-05
 9.62E+06   4.18E-05   1.34E-02   9.67E-02   2.42E-06   2.03E-04   5.39E-05   3.16E-04   7.00E-05
 9.78E+06   4.18E-05   1.34E-02   9.67E-02   2.42E-06   2.03E-04   5.39E-05   3.16E-04   7.00E-05
 9.92E+06   4.18E-05   1.34E-02   9.67E-02   2.42E-06   2.03E-04   5.39E-05   3.16E-04   7.00E-05
