   1      H2O      +  O1D       =    OH       +  OH                  
   2      H2       +  O1D       =    OH       +  H                   
   3      H2       +  O         =    OH       +  H                   
   4      H2       +  OH        =    H2O      +  H                   
   5      H        +  O3        =    OH       +  O2                  
   6      H        +  O2        =    HO2      +                      
   7      H        +  HO2       =    H2       +  O2                  
   8      H        +  HO2       =    H2O      +  O                   
   9      H        +  HO2       =    OH       +  OH                  
  10      OH       +  O         =    H        +  O2                  
  11      OH       +  HO2       =    H2O      +  O2                  
  12      OH       +  O3        =    HO2      +  O2                  
  13      HO2      +  O         =    OH       +  O2                  
  14      HO2      +  O3        =    OH       +  O2          O2      
  15      HO2      +  HO2       =    H2O2     +  O2                  
  16      H2O2     +  OH        =    HO2      +  H2O                 
  17      O        +  O         =    O2       +                      
  18      O        +  O2        =    O3       +                      
  19      O        +  O3        =    O2       +  O2                  
  20      OH       +  OH        =    H2O      +  O                   
  21      O1D      +  N2        =    O        +  N2                  
  22      O1D      +  O2        =    O        +  O2                  
  23      O2       +  HV        =    O        +  O1D                 
  24      O2       +  HV        =    O        +  O                   
  25      H2O      +  HV        =    H        +  OH                  
  26      H2O      +  HV        =    H2       +  O1D                 
  27      H2O      +  HV        =    H        +  H           O       
  28      O3       +  HV        =    O2       +  O1D                 
  29      O3       +  HV        =    O2       +  O                   
  30      O3       +  HV        =    O        +  O           O       
  31      H        +  CO        =    HCO      +                      
  32      H        +  HCO       =    H2       +  CO                  
  33      HCO      +  HCO       =    H2CO     +  CO                  
  34      OH       +  HCO       =    H2O      +  CO                  
  35      O        +  HCO       =    H        +  CO2                 
  36      O        +  HCO       =    OH       +  CO                  
  37      H2O2     +  HV        =    OH       +  OH                  
  38      CO2      +  HV        =    CO       +  O                   
  39      CO2      +  HV        =    CO       +  O1D                 
  40      CO       +  OH        =    CO2      +  H                   
  41      CO       +  O         =    CO2      +                      
  42      H2CO     +  HV        =    H2       +  CO                  
  43      H2CO     +  HV        =    HCO      +  H                   
  44      HCO      +  HV        =    H        +  CO                  
  45      H2CO     +  H         =    H2       +  HCO                 
  46      H        +  H         =    H2       +                      
  47      HCO      +  O2        =    HO2      +  CO                  
  48      H2CO     +  OH        =    H2O      +  HCO                 
  49      H        +  OH        =    H2O      +                      
  50      OH       +  OH        =    H2O2     +                      
  51      H2CO     +  O         =    HCO      +  OH                  
  52      H2O2     +  O         =    OH       +  HO2                 
  53      HO2      +  HV        =    OH       +  O                   
  54      CH4      +  HV        =    CH21     +  H2                  
  55      CH4      +  HV        =    CH3      +  H                   
  56      CH4      +  HV        =    CH23     +  H           H       
  57      C2H6     +  HV        =    CH23     +  CH23        H2      
  58      C2H6     +  HV        =    CH4      +  CH21                
  59      HNO2     +  HV        =    NO       +  OH                  
  60      HNO3     +  HV        =    NO2      +  OH                  
  61      HNO3     +  HV        =    HNO2     +  O                   
  62      HNO3     +  HV        =    HNO2     +  O1D                 
  63      NO       +  HV        =    N        +  O                   
  64      NO2      +  HV        =    NO       +  O1D                 
  65      NO2      +  HV        =    NO       +  O                   
  66      CH4      +  OH        =    CH3      +  H2O                 
  67      CH4      +  O1D       =    CH3      +  OH                  
  68      CH4      +  O1D       =    H2CO     +  H2                  
  69      CH21     +  CH4       =    CH3      +  CH3                 
  70      CH21     +  O2        =    HCO      +  OH                  
  71      CH21     +  N2        =    CH23     +  N2                  
  72      CH23     +  H2        =    CH3      +  H                   
  73      CH23     +  CH4       =    CH3      +  CH3                 
  74      CH23     +  O2        =    HCO      +  OH                  
  75      CH3      +  O2        =    H2CO     +  OH                  
  76      CH3      +  O         =    H2CO     +  H                   
  77      CH3      +  CH3       =    C2H6     +                      
  78      CH3      +  HV        =    CH21     +  H                   
  79      CH3      +  H         =    CH4      +                      
  80      CH3      +  HCO       =    CH4      +  CO                  
  81      CH3      +  HNO       =    CH4      +  NO                  
  82      CH3      +  H2CO      =    CH4      +  HCO                 
  83      H        +  NO        =    HNO      +                      
  84      N        +  N         =    N2       +                      
  85      N        +  O2        =    NO       +  O                   
  86      N        +  O3        =    NO       +  O2                  
  87      N        +  OH        =    NO       +  H                   
  88      N        +  NO        =    N2       +  O                   
  89      NO       +  O3        =    NO2      +  O2                  
  90      NO       +  O         =    NO2      +                      
  91      NO       +  HO2       =    NO2      +  OH                  
  92      NO       +  OH        =    HNO2     +                      
  93      NO2      +  O         =    NO       +  O2                  
  94      NO2      +  OH        =    HNO3     +                      
  95      NO2      +  H         =    NO       +  OH                  
  96      HNO3     +  OH        =    H2O      +  NO3                 
  97      HCO      +  NO        =    HNO      +  CO                  
  98      HNO      +  HV        =    NO       +  H                   
  99      H        +  HNO       =    H2       +  NO                  
 100      O        +  HNO       =    OH       +  NO                  
 101      OH       +  HNO       =    H2O      +  NO                  
 102      HNO2     +  OH        =    H2O      +  NO2                 
 103      CH4      +  O         =    CH3      +  OH                  
 104      CH21     +  H2        =    CH3      +  H                   
 105      CH21     +  CO2       =    H2CO     +  CO                  
 106      CH23     +  O         =    HCO      +  H                   
 107      CH23     +  CO2       =    H2CO     +  CO                  
 108      C2H6     +  OH        =    C2H5     +  H2O                 
 109      C2H6     +  O         =    C2H5     +  OH                  
 110      C2H6     +  O1D       =    C2H5     +  OH                  
 111      C2H5     +  H         =    CH3      +  CH3                 
 112      C2H5     +  O         =    CH3      +  HCO         H       
 113      C2H5     +  OH        =    CH3      +  HCO         H2      
 114      C2H5     +  HCO       =    C2H6     +  CO                  
 115      C2H5     +  HNO       =    C2H6     +  NO                  
 116      C2H5     +  O2        =    CH3      +  HCO         OH      
 117      SO       +  HV        =    S        +  O                   
 118      H2S      +  HV        =    HS       +  H                   
 119      SO2      +  HV        =    SO       +  O                   
 120      SO2      +  HV        =    SO21     +                      
 121      SO2      +  HV        =    SO23     +                      
 122      SO       +  O2        =    O        +  SO2                 
 123      SO       +  HO2       =    SO2      +  OH                  
 124      SO       +  O         =    SO2      +                      
 125      SO       +  OH        =    SO2      +  H                   
 126      SO2      +  OH        =    HSO3     +                      
 127      SO2      +  O         =    SO3      +                      
 128      SO3      +  H2O       =    H2SO4    +                      
 129      HSO3     +  O2        =    HO2      +  SO3                 
 130      HSO3     +  OH        =    H2O      +  SO3                 
 131      HSO3     +  H         =    H2       +  SO3                 
 132      HSO3     +  O         =    OH       +  SO3                 
 133      H2S      +  OH        =    H2O      +  HS                  
 134      H2S      +  H         =    H2       +  HS                  
 135      H2S      +  O         =    OH       +  HS                  
 136      HS       +  O         =    H        +  SO                  
 137      HS       +  O2        =    OH       +  SO                  
 138      HS       +  HO2       =    H2S      +  O2                  
 139      HS       +  HS        =    H2S      +  S                   
 140      HS       +  HCO       =    H2S      +  CO                  
 141      HS       +  H         =    H2       +  S                   
 142      HS       +  S         =    H        +  S2                  
 143      S        +  O2        =    SO       +  O                   
 144      S        +  OH        =    SO       +  H                   
 145      S        +  HCO       =    HS       +  CO                  
 146      S        +  HO2       =    HS       +  O2                  
 147      S        +  HO2       =    SO       +  OH                  
 148      S        +  S         =    S2       +                      
 149      S2       +  OH        =    HSO      +  S                   
 150      S2       +  O         =    S        +  SO                  
 151      HS       +  H2CO      =    H2S      +  HCO                 
 152      S2       +  HV        =    S        +  S                   
 153      S2       +  HV        =    S2       +                      
 154      S        +  S2        =    S3       +                      
 155      S2       +  S2        =    S4       +                      
 156      S        +  S3        =    S4       +                      
 157      S4       +  S4        =    S8       +                      
 158      S4       +  HV        =    S2       +  S2                  
 159      S3       +  HV        =    S2       +  S                   
 160      S8       +  HV        =    S4       +  S4                  
 161      S8       +  HV        =    S4       +  S4                  
 162      S8       +  HV        =    S4       +  S4                  
 163      SO3      +  HV        =    SO2      +  O                   
 164      SO21     +  M         =    SO23     +  M                   
 165      SO21     +  M         =    SO2      +  M                   
 166      SO21     +  HV        =    SO23     +  HV                  
 167      SO21     +  HV        =    SO2      +  HV                  
 168      SO21     +  O2        =    SO3      +  O                   
 169      SO21     +  SO2       =    SO3      +  SO                  
 170      SO23     +  M         =    SO2      +  M                   
 171      SO23     +  HV        =    SO2      +  HV                  
 172      SO23     +  SO2       =    SO3      +  SO                  
 173      SO       +  NO2       =    SO2      +  NO                  
 174      SO       +  O3        =    SO2      +  O2                  
 175      SO2      +  HO2       =    SO3      +  OH                  
 176      HS       +  O3        =    HSO      +  O2                  
 177      HS       +  NO2       =    HSO      +  NO                  
 178      S        +  O3        =    SO       +  O2                  
 179      SO       +  SO        =    SO2      +  S                   
 180      SO3      +  SO        =    SO2      +  SO2                 
 181      S        +  CO2       =    SO       +  CO                  
 182      SO       +  HO2       =    HSO      +  O2                  
 183      SO       +  HCO       =    HSO      +  CO                  
 184      H        +  SO        =    HSO      +                      
 185      HSO      +  HV        =    HS       +  O                   
 186      HSO      +  NO        =    HNO      +  SO                  
 187      HSO      +  OH        =    H2O      +  SO                  
 188      HSO      +  H         =    HS       +  OH                  
 189      HSO      +  H         =    H2       +  SO                  
 190      HSO      +  HS        =    H2S      +  SO                  
 191      HSO      +  O         =    OH       +  SO                  
 192      HSO      +  S         =    HS       +  SO                  
 193      SO3      +  CO        =    SO2      +  CO2                 
 194      H        +  OCS       =    CO       +  HS                  
 195      HS       +  CO        =    OCS      +  H                   
 196      O        +  OCS       =    CO       +  SO                  
 197      O        +  OCS       =    S        +  CO2                 
 198      OCS      +  S         =    CO       +  S2                  
 199      OCS      +  OH        =    CO2      +  HS                  
 200      S        +  HCO       =    OCS      +  H                   
 201      S        +  CO        =    OCS      +                      
 202      OCS      +  HV        =    CO       +  S                   
 203      CO       +  O1D       =    CO       +  O                   
 204      CO       +  O1D       =    CO2      +                      
 205      H2S      +  HO2       =    H2O      +  HSO                 
 206      OCS      +  S         =    OCS2     +                      
 207      OCS2     +  S         =    OCS      +  S2                  
 208      S3       +  O         =    S2       +  SO                  
 209      S4       +  O         =    S3       +  SO                  
 210      OCS2     +  CO        =    OCS      +  OCS                 
 211      O        +  NO3       =    O2       +  NO2                 
 212      HO2      +  NO3       =    OH       +  NO2         O2      
 213      NO       +  NO3       =    NO2      +  NO2                 
 214      O        +  NO2       =    NO3      +                      
 215      OH       +  NO3       =    HO2      +  NO2                 
 216      NO3      +  HV        =    NO       +  O2                  
 217      NO3      +  HV        =    NO2      +  O                   
 218      N        +  NO2       =    N2O      +  O                   
 219      O1D      +  N2        =    N2O      +                      
 220      O1D      +  N2O       =    N2       +  O2                  
 221      O1D      +  N2O       =    NO       +  NO                  
 222      N2O      +  HV        =    N2       +  O1D                 
 223      N        +  HO2       =    NO       +  OH                  
 224      O        +  N2O5      =    NO2      +  NO2         O2      
 225      NO2      +  NO3       =    N2O5     +                      
 226      N2O5     +  M         =    NO3      +  NO2                 
 227      NO2      +  NO3       =    NO       +  NO2         O2      
 228      NO2      +  O3        =    NO3      +  O2                  
 229      NO3      +  NO3       =    NO2      +  NO2         O2      
 230      HO2      +  NO2       =    HO2NO2   +                      
 231      O        +  HO2NO2    =    OH       +  NO2         O2      
 232      OH       +  HO2NO2    =    H2O      +  NO2         O2      
 233      HO2NO2   +  M         =    HO2      +  NO2                 
 234      HO2NO2   +  HV        =    HO2      +  NO2                 
 235      HO2NO2   +  HV        =    OH       +  NO3                 
 236      N2O5     +  HV        =    NO3      +  NO2                 
 237      N2O5     +  HV        =    NO3      +  NO          O       
 238      O        +  HNO3      =    OH       +  NO3                 
 239      HO2      +  NO2       =    HNO2     +  O2                  


 NQ=40     NZ=200     KJAC= 968000

 PO2= 1.111E-03  PNO= 3.393E-03  ZAPO2= 3.915E+01  ZAPNO = 1.195E+02  PRONO = 1.000E+09  PRONOP = 9.493E+07  ZAPCO = 1.243E+01  ZAPH2 = 3.698E+02
 N= 4     X= 1.46504E-01  ERR= 4.57607E-08

 TIME = 0.00E+00     TIMEY = 0.00E+00 YEARS

 NPHOT =    0

 MIXING RATIOS OF LONG-LIVED SPECIES


     Z        O        O2       H2O      H        OH       HO2      H2O2     H2       CO       HCO      H2CO     CH4      CH3      C2H6     NO       NO2      HNO      H2S     
  2.50E+04 2.59E-15 1.05E-03 1.24E-02 8.68E-19 4.31E-14 1.34E-11 1.60E-09 5.30E-07 1.10E-07 3.56E-20 2.22E-10 1.80E-06 3.06E-19 3.00E-22 5.39E-13 7.06E-13 6.80E-18 8.82E-12
  7.50E+04 3.07E-15 1.05E-03 1.05E-02 9.82E-19 4.82E-14 1.41E-11 1.73E-09 5.30E-07 1.06E-07 4.00E-20 2.24E-10 1.80E-06 3.22E-19 3.00E-22 5.63E-13 7.15E-13 6.48E-18 6.03E-12
  1.25E+05 3.76E-15 1.05E-03 8.82E-03 1.11E-18 5.43E-14 1.48E-11 1.82E-09 5.31E-07 1.03E-07 4.38E-20 2.19E-10 1.79E-06 3.41E-19 3.00E-22 6.00E-13 7.44E-13 5.17E-18 4.07E-12
  1.75E+05 4.72E-15 1.05E-03 7.40E-03 1.27E-18 6.20E-14 1.55E-11 1.91E-09 5.31E-07 9.95E-08 4.78E-20 2.13E-10 1.79E-06 3.64E-19 3.00E-22 6.47E-13 7.96E-13 3.83E-18 2.71E-12
  3.75E+05 1.31E-14 1.05E-03 3.11E-03 2.06E-18 1.01E-13 1.74E-11 2.01E-09 5.32E-07 8.61E-08 6.21E-20 1.81E-10 1.78E-06 4.39E-19 2.96E-22 1.04E-12 1.26E-12 1.10E-18 4.64E-13
  5.75E+05 3.48E-14 1.05E-03 9.66E-04 2.68E-18 1.35E-13 1.66E-11 1.61E-09 5.32E-07 7.45E-08 6.03E-20 1.27E-10 1.78E-06 4.04E-19 2.82E-22 1.62E-12 1.81E-12 9.70E-19 7.04E-14
  7.75E+05 7.88E-14 1.05E-03 1.91E-04 2.52E-18 1.37E-13 1.27E-11 1.01E-09 5.33E-07 6.57E-08 3.75E-20 6.57E-11 1.77E-06 2.39E-19 2.65E-22 1.73E-12 1.51E-12 1.93E-18 1.16E-14
  9.75E+05 1.54E-13 1.05E-03 2.26E-05 2.14E-18 1.30E-13 7.85E-12 5.20E-10 5.33E-07 5.93E-08 1.92E-20 2.80E-11 1.77E-06 1.12E-19 2.53E-22 4.71E-12 2.66E-12 8.65E-18 2.33E-15
  1.18E+06 4.50E-13 1.05E-03 5.31E-06 2.77E-18 1.68E-13 4.82E-12 1.75E-10 5.33E-07 5.02E-08 1.71E-20 1.81E-11 1.76E-06 1.06E-19 2.39E-22 1.48E-11 7.26E-12 1.53E-17 2.71E-16
  1.38E+06 2.19E-12 1.05E-03 4.89E-06 4.77E-18 3.36E-13 3.96E-12 4.27E-11 5.34E-07 2.97E-08 3.38E-20 2.18E-11 1.71E-06 2.21E-19 2.26E-22 3.84E-11 2.90E-11 5.74E-18 3.00E-18
  1.58E+06 8.00E-12 1.05E-03 5.07E-06 8.45E-18 7.24E-13 4.79E-12 3.19E-11 5.34E-07 1.35E-08 7.20E-20 2.65E-11 1.59E-06 4.90E-19 3.06E-22 7.69E-11 6.94E-11 2.24E-18 3.53E-19
  1.78E+06 2.25E-11 1.05E-03 5.31E-06 2.49E-17 1.55E-12 7.12E-12 3.66E-11 5.33E-07 9.14E-09 1.45E-19 2.93E-11 1.40E-06 1.04E-18 6.04E-22 1.06E-10 8.50E-11 1.16E-18 2.11E-19
  1.98E+06 6.30E-11 1.05E-03 5.57E-06 1.12E-16 3.43E-12 1.08E-11 4.15E-11 5.33E-07 8.54E-09 3.05E-19 3.17E-11 1.20E-06 2.31E-18 1.34E-21 9.38E-11 5.91E-11 5.74E-19 4.48E-20
  2.18E+06 1.67E-10 1.05E-03 5.75E-06 6.34E-16 7.88E-12 1.38E-11 3.25E-11 5.42E-07 8.21E-09 6.65E-19 3.35E-11 1.01E-06 5.48E-18 2.99E-21 6.13E-11 2.38E-11 5.57E-19 1.27E-22
  2.38E+06 3.62E-10 1.05E-03 5.84E-06 3.44E-15 1.67E-11 1.49E-11 2.15E-11 5.69E-07 7.67E-09 1.25E-18 3.18E-11 8.64E-07 1.14E-17 5.95E-21 3.50E-11 5.45E-12 5.77E-19 4.43E-25
  2.58E+06 5.76E-10 1.05E-03 5.79E-06 1.15E-14 2.62E-11 1.63E-11 1.72E-11 6.22E-07 7.73E-09 1.54E-18 2.54E-11 7.59E-07 1.61E-17 1.17E-20 1.85E-11 1.01E-12 4.67E-19 3.71E-27
  2.78E+06 7.63E-10 1.05E-03 5.65E-06 2.73E-14 3.43E-11 1.94E-11 1.61E-11 7.05E-07 8.69E-09 1.51E-18 1.85E-11 6.84E-07 1.81E-17 4.45E-20 1.01E-11 2.76E-13 3.34E-19 5.75E-29
  2.98E+06 9.76E-10 1.05E-03 5.42E-06 6.14E-14 4.41E-11 2.42E-11 1.67E-11 8.15E-07 1.03E-08 1.45E-18 1.36E-11 6.25E-07 2.07E-17 2.36E-19 6.37E-12 1.16E-13 2.69E-19 1.52E-30
  3.18E+06 1.25E-09 1.05E-03 5.12E-06 1.39E-13 5.68E-11 3.08E-11 1.83E-11 9.55E-07 1.27E-08 1.45E-18 1.03E-11 5.71E-07 2.53E-17 1.11E-18 4.68E-12 6.69E-14 2.52E-19 6.77E-32
  3.38E+06 1.61E-09 1.05E-03 4.75E-06 3.22E-13 7.31E-11 3.95E-11 2.07E-11 1.13E-06 1.59E-08 1.46E-18 7.90E-12 5.16E-07 3.23E-17 4.34E-18 4.08E-12 4.98E-14 2.80E-19 4.95E-33
  3.58E+06 2.15E-09 1.05E-03 4.30E-06 7.62E-13 9.40E-11 5.06E-11 2.40E-11 1.34E-06 2.05E-08 1.44E-18 5.88E-12 4.59E-07 4.05E-17 1.41E-17 4.27E-12 4.63E-14 3.73E-19 5.52E-34
  3.78E+06 3.00E-09 1.05E-03 3.79E-06 1.89E-12 1.21E-10 6.49E-11 2.86E-11 1.58E-06 2.86E-08 1.39E-18 4.20E-12 3.97E-07 4.89E-17 3.83E-17 5.21E-12 5.09E-14 5.81E-19 8.86E-35
  3.98E+06 4.39E-09 1.05E-03 3.20E-06 4.94E-12 1.57E-10 8.42E-11 3.56E-11 1.86E-06 4.81E-08 3.18E-18 4.71E-12 3.30E-07 9.28E-17 8.99E-17 7.07E-12 6.23E-14 1.02E-18 1.92E-35
  4.18E+06 6.22E-09 1.05E-03 2.53E-06 1.40E-11 2.21E-10 1.20E-10 5.25E-11 2.18E-06 9.86E-08 2.58E-17 1.89E-11 2.55E-07 6.81E-16 1.87E-16 1.02E-11 9.00E-14 2.09E-18 6.51E-36
  4.38E+06 8.15E-09 1.05E-03 2.03E-06 4.26E-11 3.48E-10 1.94E-10 9.62E-11 2.53E-06 2.07E-07 1.17E-16 5.36E-11 1.79E-07 3.88E-15 3.55E-16 1.51E-11 1.56E-13 5.01E-18 3.64E-36
  4.58E+06 1.08E-08 1.05E-03 1.78E-06 1.35E-10 5.53E-10 3.15E-10 1.73E-10 2.90E-06 4.04E-07 2.91E-16 8.53E-11 1.12E-07 1.29E-14 6.19E-16 2.23E-11 2.69E-13 1.21E-17 2.67E-36
  4.78E+06 1.58E-08 1.05E-03 1.50E-06 4.22E-10 8.01E-10 4.58E-10 2.46E-10 3.28E-06 7.38E-07 4.72E-16 9.51E-11 6.41E-08 2.93E-14 9.50E-16 3.30E-11 3.86E-13 2.62E-17 2.08E-36
  4.98E+06 2.54E-08 1.05E-03 1.20E-06 1.29E-09 1.06E-09 5.91E-10 2.76E-10 3.63E-06 1.31E-06 5.75E-16 8.48E-11 3.41E-08 5.03E-14 1.23E-15 4.88E-11 4.57E-13 5.08E-17 1.68E-36
  5.18E+06 4.46E-08 1.05E-03 8.92E-07 3.78E-09 1.27E-09 6.74E-10 2.47E-10 3.97E-06 2.29E-06 5.82E-16 6.67E-11 1.75E-08 6.74E-14 1.31E-15 7.23E-11 4.49E-13 8.85E-17 1.26E-36
  5.38E+06 8.72E-08 1.05E-03 6.08E-07 1.05E-08 1.35E-09 6.63E-10 1.73E-10 4.26E-06 3.93E-06 5.19E-16 4.90E-11 8.73E-09 6.50E-14 1.18E-15 1.09E-10 3.60E-13 1.36E-16 7.17E-37
  5.58E+06 2.03E-07 1.05E-03 3.73E-07 2.81E-08 1.17E-09 5.37E-10 8.94E-11 4.49E-06 6.42E-06 4.23E-16 3.48E-11 4.31E-09 3.96E-14 9.46E-16 1.69E-10 2.21E-13 1.76E-16 2.43E-37
  5.78E+06 8.76E-07 1.05E-03 2.04E-07 9.16E-08 6.90E-10 2.97E-10 2.64E-11 4.63E-06 9.79E-06 3.32E-16 2.35E-11 2.13E-09 9.91E-15 7.41E-16 2.73E-10 6.53E-14 1.56E-16 2.64E-38
  5.98E+06 1.34E-05 1.05E-03 1.00E-07 2.23E-07 1.28E-10 3.52E-11 1.68E-12 4.67E-06 1.37E-05 2.46E-16 1.04E-11 1.07E-09 5.58E-16 5.86E-16 2.18E-10 5.85E-15 1.40E-17 1.31E-40
  6.18E+06 6.93E-05 1.02E-03 4.82E-08 3.12E-07 4.80E-11 6.16E-12 8.95E-14 4.68E-06 1.79E-05 1.32E-16 2.39E-12 5.48E-10 9.16E-17 4.64E-16 8.39E-11 1.41E-15 9.65E-19 5.02E-43
  6.38E+06 1.90E-04 9.60E-04 2.27E-08 3.61E-07 2.23E-11 1.61E-12 4.80E-15 4.68E-06 2.24E-05 5.93E-17 5.21E-13 2.81E-10 2.73E-17 3.64E-16 3.93E-11 4.32E-16 1.27E-19 1.39E-45
  6.58E+06 3.66E-04 8.74E-04 1.07E-08 3.88E-07 1.14E-11 5.73E-13 2.78E-16 4.68E-06 2.72E-05 2.76E-17 2.13E-13 1.46E-10 1.09E-17 2.86E-16 2.04E-11 1.58E-16 2.57E-20 5.46E-48
  6.78E+06 5.88E-04 7.64E-04 5.05E-09 4.02E-07 5.56E-12 2.27E-13 1.83E-17 4.67E-06 3.20E-05 1.44E-17 1.04E-13 7.73E-11 5.31E-18 2.27E-16 1.03E-11 5.61E-17 5.88E-21 1.51E-49
  6.98E+06 8.38E-04 6.42E-04 2.43E-09 4.12E-07 2.55E-12 9.61E-14 1.42E-18 4.67E-06 3.69E-05 8.33E-18 5.78E-14 4.20E-11 2.95E-18 1.82E-16 5.06E-12 1.93E-17 1.45E-21 1.55E-50
  7.18E+06 1.09E-03 5.21E-04 1.19E-09 4.18E-07 1.11E-12 4.26E-14 1.32E-19 4.67E-06 4.17E-05 5.24E-18 3.57E-14 2.34E-11 1.83E-18 1.48E-16 2.47E-12 6.61E-18 3.88E-22 2.32E-51
  7.38E+06 1.32E-03 4.12E-04 5.98E-10 4.22E-07 4.64E-13 1.97E-14 1.50E-20 4.67E-06 4.63E-05 3.55E-18 2.39E-14 1.34E-11 1.25E-18 1.22E-16 1.25E-12 2.34E-18 1.14E-22 4.33E-52
  7.58E+06 1.53E-03 3.21E-04 3.10E-10 4.24E-07 1.90E-13 9.39E-15 2.01E-21 4.67E-06 5.05E-05 2.55E-18 1.71E-14 7.86E-12 9.13E-19 1.01E-16 6.80E-13 8.93E-19 3.80E-23 9.42E-53
  7.78E+06 1.70E-03 2.50E-04 1.66E-10 4.26E-07 7.76E-14 4.61E-15 3.13E-22 4.67E-06 5.43E-05 1.94E-18 1.30E-14 4.76E-12 7.11E-19 8.57E-17 4.08E-13 3.75E-19 1.44E-23 2.29E-53
  7.98E+06 1.86E-03 1.95E-04 9.24E-11 4.27E-07 3.23E-14 2.32E-15 5.48E-23 4.67E-06 5.75E-05 1.53E-18 1.02E-14 2.99E-12 5.84E-19 7.33E-17 2.69E-13 1.74E-19 6.12E-24 6.04E-54
  8.18E+06 2.01E-03 1.54E-04 5.33E-11 4.28E-07 1.40E-14 1.19E-15 1.04E-23 4.67E-06 6.02E-05 1.26E-18 8.29E-15 1.94E-12 4.98E-19 6.34E-17 1.92E-13 8.68E-20 2.83E-24 1.68E-54
  8.38E+06 2.18E-03 1.22E-04 3.18E-11 4.29E-07 6.60E-15 6.11E-16 2.08E-24 4.68E-06 6.26E-05 1.07E-18 6.84E-15 1.29E-12 4.39E-19 5.53E-17 1.44E-13 4.57E-20 1.38E-24 4.83E-55
  8.58E+06 2.36E-03 9.76E-05 1.98E-11 4.30E-07 3.62E-15 3.17E-16 4.41E-25 4.68E-06 6.44E-05 9.34E-19 5.76E-15 8.95E-13 4.00E-19 4.88E-17 1.13E-13 2.50E-20 7.00E-25 1.44E-55
  8.78E+06 2.58E-03 7.96E-05 1.29E-11 4.30E-07 2.43E-15 1.67E-16 1.00E-25 4.68E-06 6.58E-05 8.51E-19 4.97E-15 6.49E-13 3.78E-19 4.36E-17 9.08E-14 1.41E-20 3.64E-25 4.43E-56
  8.98E+06 2.84E-03 6.63E-05 8.92E-12 4.30E-07 1.99E-15 8.87E-17 2.47E-26 4.68E-06 6.69E-05 8.15E-19 4.44E-15 4.97E-13 3.74E-19 3.96E-17 7.56E-14 8.22E-21 1.93E-25 1.43E-56
  9.18E+06 3.16E-03 5.67E-05 6.61E-12 4.31E-07 1.89E-15 4.80E-17 6.70E-27 4.69E-06 6.76E-05 8.28E-19 4.15E-15 4.06E-13 3.92E-19 3.65E-17 6.49E-14 4.93E-21 1.05E-25 4.90E-57
  9.38E+06 3.54E-03 4.98E-05 5.32E-12 4.31E-07 1.95E-15 2.64E-17 2.04E-27 4.69E-06 6.81E-05 9.05E-19 4.11E-15 3.59E-13 4.39E-19 3.42E-17 5.74E-14 3.05E-21 5.82E-26 1.80E-57
  9.58E+06 4.00E-03 4.49E-05 4.72E-12 4.31E-07 2.12E-15 1.48E-17 7.12E-28 4.69E-06 6.84E-05 1.07E-18 4.34E-15 3.44E-13 5.30E-19 3.25E-17 5.24E-14 1.94E-21 3.30E-26 7.22E-58
  9.78E+06 4.55E-03 4.16E-05 4.61E-12 4.31E-07 2.38E-15 8.47E-18 3.03E-28 4.69E-06 6.86E-05 1.35E-18 4.78E-15 3.57E-13 6.87E-19 3.13E-17 4.92E-14 1.27E-21 1.91E-26 3.23E-58
  9.98E+06 5.21E-03 3.93E-05 4.94E-12 4.31E-07 2.73E-15 4.93E-18 1.94E-28 4.69E-06 6.87E-05 1.76E-18 5.12E-15 3.96E-13 9.48E-19 3.05E-17 4.73E-14 8.53E-22 1.13E-26 1.95E-58

     Z        HS       S        SO       SO2      H2SO4    HSO      S2       S4       S8       SO3      OCS      S3       O3       HNO3     N        NO3      N2O      HO2NO2  
  2.50E+04 1.07E-16 1.38E-28 2.18E-17 5.78E-11 3.62E-12 9.03E-13 6.15E-32 5.02E-54 2.15E-85 1.33E-21 3.80E-22 4.93E-52 4.72E-09 4.31E-12 2.94E-74 3.04E-17 3.00E-07 1.49E-14
  7.50E+04 7.65E-17 1.30E-28 2.78E-17 8.87E-11 5.59E-12 8.58E-13 4.73E-32 2.66E-54 2.15E-85 2.71E-21 3.80E-22 3.15E-52 5.11E-09 4.84E-12 1.08E-69 3.16E-17 2.99E-07 2.15E-14
  1.25E+05 5.28E-17 1.58E-28 3.25E-17 1.14E-10 7.71E-12 6.75E-13 3.70E-32 1.46E-54 2.15E-85 4.83E-21 3.78E-22 2.66E-52 5.72E-09 5.54E-12 3.40E-65 3.51E-17 2.99E-07 3.20E-14
  1.75E+05 3.55E-17 2.36E-28 3.93E-17 1.35E-10 1.00E-11 4.87E-13 3.22E-32 9.92E-55 2.15E-85 7.91E-21 3.77E-22 3.05E-52 6.57E-09 6.43E-12 9.08E-61 4.10E-17 2.98E-07 5.00E-14
  3.75E+05 5.42E-18 2.54E-27 1.42E-16 1.93E-10 1.95E-11 1.06E-13 3.31E-32 6.75E-55 2.15E-85 4.96E-20 3.70E-22 2.09E-51 1.29E-08 1.10E-11 8.09E-44 9.26E-17 2.95E-07 4.02E-13
  5.75E+05 6.74E-19 3.02E-26 6.57E-16 2.35E-10 2.64E-11 7.30E-14 3.49E-32 4.85E-55 2.15E-85 3.15E-19 3.64E-22 1.64E-50 2.50E-08 1.41E-11 8.22E-29 1.87E-16 2.92E-07 3.60E-12
  7.75E+05 2.48E-19 3.05E-25 3.06E-15 2.82E-10 2.78E-11 1.71E-13 1.04E-31 2.82E-54 2.15E-85 2.36E-18 3.60E-22 3.13E-49 4.34E-08 1.38E-11 2.01E-22 2.99E-16 2.88E-07 1.24E-11
  9.75E+05 5.23E-19 2.66E-24 1.38E-14 3.27E-10 2.68E-11 3.50E-13 1.21E-30 2.44E-52 2.15E-85 2.69E-17 3.57E-22 2.00E-47 6.71E-08 1.46E-11 1.20E-19 4.89E-16 2.83E-07 1.74E-11
  1.18E+06 4.40E-19 1.36E-23 3.64E-14 3.66E-10 2.88E-11 2.68E-13 3.00E-30 8.66E-52 2.15E-85 2.75E-16 3.47E-22 1.44E-46 1.24E-07 2.40E-11 3.15E-18 1.15E-15 2.73E-07 2.00E-11
  1.38E+06 7.87E-20 3.13E-23 4.12E-14 3.21E-10 3.49E-11 6.02E-14 5.32E-31 1.45E-53 2.14E-85 5.58E-16 2.70E-22 3.10E-47 3.22E-07 8.02E-11 2.21E-17 7.75E-15 2.34E-07 3.10E-11
  1.58E+06 3.14E-20 6.39E-23 3.78E-14 2.04E-10 3.24E-11 1.94E-14 1.63E-31 7.20E-55 2.14E-85 7.42E-16 1.22E-22 1.02E-47 6.00E-07 1.68E-10 1.08E-16 3.23E-14 1.59E-07 3.84E-11
  1.78E+06 3.01E-20 1.47E-22 3.63E-14 1.03E-10 2.32E-11 1.00E-14 1.45E-31 3.01E-55 2.13E-85 7.48E-16 3.36E-23 1.09E-47 8.27E-07 1.71E-10 4.54E-16 5.86E-14 8.46E-08 2.85E-11
  1.98E+06 1.00E-20 9.97E-23 1.02E-14 1.41E-11 4.73E-12 1.55E-15 1.25E-32 1.19E-57 2.13E-85 2.32E-16 4.99E-24 3.38E-49 1.04E-06 1.00E-10 1.57E-15 6.18E-14 3.65E-08 1.14E-11
  2.18E+06 5.04E-23 8.80E-25 3.80E-17 2.27E-14 1.67E-14 2.80E-18 2.21E-37 1.94E-67 2.12E-85 9.90E-19 1.09E-25 2.75E-56 1.04E-06 3.55E-11 4.11E-15 3.55E-14 1.38E-08 2.08E-12
  2.38E+06 3.61E-25 6.46E-27 1.35E-19 2.90E-17 3.73E-17 4.96E-21 5.41E-42 6.20E-77 2.11E-85 2.77E-21 4.68E-28 2.63E-63 6.71E-07 7.29E-12 6.90E-15 9.64E-15 4.93E-09 1.89E-13
  2.58E+06 4.77E-27 5.02E-29 6.20E-22 5.28E-20 3.13E-19 1.57E-23 3.48E-46 1.39E-85 2.10E-85 6.18E-24 6.98E-31 7.11E-70 3.12E-07 1.06E-12 7.54E-15 1.60E-15 1.82E-09 1.75E-14
  2.78E+06 9.15E-29 5.90E-31 4.81E-24 2.29E-22 3.40E-20 1.09E-25 5.86E-50 2.25E-93 2.09E-85 2.32E-26 8.60E-34 7.62E-76 1.66E-07 2.08E-13 6.90E-15 3.32E-16 7.12E-10 3.07E-15
  2.98E+06 2.75E-30 1.32E-32 7.39E-26 2.47E-24 5.77E-21 1.62E-27 3.03E-53 1.71E-94 2.08E-85 2.26E-28 2.10E-36 4.71E-81 1.00E-07 6.27E-14 6.25E-15 1.00E-16 3.01E-10 9.04E-16
  3.18E+06 1.34E-31 5.68E-34 2.22E-27 5.90E-26 2.20E-21 4.84E-29 4.95E-56 2.46E-94 2.06E-85 5.75E-30 2.45E-38 1.74E-85 6.37E-08 2.57E-14 6.07E-15 4.01E-17 1.35E-10 3.73E-16
  3.38E+06 1.07E-32 4.68E-35 1.28E-28 2.89E-27 1.38E-21 2.75E-30 2.47E-58 3.49E-94 2.05E-85 3.35E-31 9.65E-40 3.69E-89 4.21E-08 1.34E-14 6.70E-15 2.06E-17 6.45E-11 1.98E-16
  3.58E+06 1.28E-33 6.77E-36 1.31E-29 2.60E-28 7.22E-22 2.69E-31 3.21E-60 4.93E-94 2.03E-85 3.53E-32 7.55E-41 3.56E-92 2.93E-08 8.73E-15 8.61E-15 1.36E-17 3.24E-11 1.32E-16
  3.78E+06 2.21E-34 1.62E-36 2.23E-30 4.02E-29 2.20E-22 4.22E-32 9.43E-62 6.94E-94 2.02E-85 5.88E-33 1.04E-41 1.28E-94 2.17E-08 6.74E-15 1.27E-14 1.10E-17 1.74E-11 1.04E-16
  3.98E+06 5.10E-35 5.76E-37 5.68E-31 9.49E-30 4.18E-23 9.55E-33 5.33E-63 9.78E-94 2.00E-85 1.47E-33 2.80E-42 1.32E-96 1.70E-08 5.85E-15 2.04E-14 1.04E-17 9.97E-12 9.32E-17
  4.18E+06 1.72E-35 2.59E-37 1.82E-31 3.07E-30 8.10E-24 3.06E-33 5.71E-64 1.38E-93 1.98E-85 6.02E-34 2.22E-42 3.19E-98 1.27E-08 6.34E-15 3.24E-14 1.12E-17 6.00E-12 1.04E-16
  4.38E+06 8.78E-36 1.32E-37 6.53E-32 1.24E-30 2.54E-24 1.34E-33 1.12E-64 1.97E-93 1.96E-85 3.63E-34 2.61E-42 1.57E-99 8.59E-09 8.88E-15 4.74E-14 1.32E-17 3.75E-12 1.47E-16
  4.58E+06 5.92E-36 8.64E-38 2.97E-32 6.24E-31 1.93E-24 7.36E-34 3.68E-65 2.82E-93 1.93E-85 2.88E-34 2.74E-42 1.62-100 5.60E-09 1.18E-14 7.02E-14 1.50E-17 2.42E-12 2.00E-16
  4.78E+06 4.67E-36 8.31E-38 1.95E-32 4.03E-31 1.92E-24 4.76E-34 1.91E-65 4.07E-93 1.91E-85 3.86E-34 2.85E-42 3.81-101 3.82E-09 1.15E-14 1.15E-13 1.48E-17 1.60E-12 2.00E-16
  4.98E+06 4.24E-36 1.13E-37 1.80E-32 3.25E-31 1.92E-24 3.47E-34 1.48E-65 5.86E-93 1.88E-85 8.01E-34 3.16E-42 1.87-101 2.73E-09 8.20E-15 2.07E-13 1.28E-17 1.08E-12 1.45E-16
  5.18E+06 3.96E-36 1.93E-37 2.08E-32 2.99E-31 1.91E-24 2.57E-34 1.38E-65 8.38E-93 1.84E-85 1.46E-33 3.70E-42 1.38-101 2.10E-09 4.44E-15 4.08E-13 9.92E-18 7.42E-13 7.94E-17
  5.38E+06 3.18E-36 3.76E-37 2.79E-32 2.88E-31 1.90E-24 1.72E-34 1.14E-65 1.19E-92 1.80E-85 1.39E-33 4.46E-42 1.06-101 1.82E-09 1.82E-15 9.03E-13 7.20E-18 5.25E-13 3.25E-17
  5.58E+06 1.78E-36 8.30E-37 4.32E-32 2.72E-31 1.90E-24 9.25E-35 6.26E-66 1.67E-92 1.75E-85 8.07E-34 5.69E-42 6.24-102 1.93E-09 5.19E-16 2.42E-12 4.94E-18 3.88E-13 9.17E-18
  5.78E+06 3.38E-37 2.33E-36 8.62E-32 2.28E-31 1.88E-24 2.47E-35 8.02E-67 2.33E-92 1.70E-85 3.43E-34 8.69E-42 1.10-102 3.55E-09 7.25E-17 1.98E-11 2.79E-18 3.09E-13 1.07E-18
  5.98E+06 1.08E-39 7.56E-36 1.95E-31 1.18E-31 1.87E-24 5.03E-37 5.52E-70 3.26E-92 1.63E-85 2.25E-34 1.16E-41 1.19-105 2.25E-08 1.95E-18 1.09E-09 6.52E-19 2.78E-13 9.68E-21
  6.18E+06 1.28E-41 1.20E-35 1.96E-31 1.16E-31 1.85E-24 2.19E-38 2.18E-72 4.63E-92 1.55E-85 3.70E-34 7.56E-42 3.24-108 4.43E-08 5.84E-20 1.15E-08 1.20E-19 2.58E-13 1.44E-22
  6.38E+06 7.36E-43 1.92E-35 1.89E-31 1.21E-31 1.82E-24 2.93E-39 1.70E-73 6.37E-92 1.45E-85 4.94E-34 3.85E-42 1.76-109 4.62E-08 2.07E-21 4.61E-08 2.34E-20 2.20E-13 3.45E-24
  6.58E+06 1.22E-43 3.08E-35 1.93E-31 1.14E-31 1.79E-24 8.54E-40 1.05E-73 8.37E-92 1.33E-85 4.61E-34 2.32E-42 8.60-110 4.46E-08 1.20E-22 1.14E-07 6.11E-21 1.74E-13 2.00E-25
  6.78E+06 3.36E-44 5.43E-35 2.09E-31 9.63E-32 1.75E-24 3.54E-40 1.32E-73 1.07E-91 1.20E-85 3.28E-34 1.83E-42 9.33-110 3.42E-08 9.26E-24 2.23E-07 1.53E-21 1.29E-13 1.39E-26
  6.98E+06 1.27E-44 1.01E-34 2.28E-31 7.34E-32 1.69E-24 1.78E-40 2.21E-73 1.34E-91 1.05E-85 1.90E-34 1.70E-42 1.42-109 2.19E-08 7.54E-25 3.80E-07 3.68E-22 9.14E-14 1.01E-27
  7.18E+06 5.85E-45 1.91E-34 2.46E-31 5.07E-32 1.62E-24 9.97E-41 4.28E-73 1.61E-91 8.82E-86 9.30E-35 1.73E-42 2.56-109 1.22E-08 6.09E-26 5.95E-07 8.81E-23 6.38E-14 7.63E-29
  7.38E+06 3.12E-45 3.64E-34 2.59E-31 3.19E-32 1.53E-24 5.93E-41 8.90E-73 1.85E-91 7.09E-86 3.97E-35 1.82E-42 4.98-109 6.08E-09 4.94E-27 8.84E-07 2.17E-23 4.44E-14 6.17E-30
  7.58E+06 1.84E-45 6.80E-34 2.65E-31 1.86E-32 1.43E-24 3.64E-41 1.89E-72 1.99E-91 5.36E-86 1.52E-35 1.91E-42 9.71-109 2.80E-09 4.15E-28 1.27E-06 5.75E-24 3.11E-14 5.51E-31
  7.78E+06 1.16E-45 1.24E-33 2.64E-31 1.03E-32 1.29E-24 2.26E-41 3.96E-72 1.99E-91 3.76E-86 5.43E-36 1.96E-42 1.83-108 1.23E-09 3.72E-29 1.78E-06 1.67E-24 2.20E-14 5.55E-32
  7.98E+06 7.75E-46 2.21E-33 2.57E-31 5.41E-33 1.14E-24 1.41E-41 8.03E-72 1.81E-91 2.40E-86 1.85E-36 1.94E-42 3.24-108 5.31E-10 3.65E-30 2.46E-06 5.30E-25 1.58E-14 6.32E-33
  8.18E+06 5.31E-46 3.81E-33 2.45E-31 2.76E-33 9.67E-25 8.64E-42 1.55E-71 1.44E-91 1.34E-86 6.05E-37 1.85E-42 5.32-108 2.26E-10 3.92E-31 3.38E-06 1.80E-25 1.14E-14 7.91E-34
  8.38E+06 3.67E-46 6.37E-33 2.27E-31 1.37E-33 7.77E-25 5.20E-42 2.81E-71 9.69E-92 6.32E-87 1.93E-37 1.69E-42 7.93-108 9.64E-11 4.63E-32 4.61E-06 6.42E-26 8.30E-15 1.06E-34
  8.58E+06 2.53E-46 1.02E-32 2.05E-31 6.65E-34 5.86E-25 3.03E-42 4.68E-71 5.30E-92 2.43E-87 6.06E-38 1.48E-42 1.04-107 4.16E-11 6.28E-33 6.26E-06 2.35E-26 6.09E-15 1.49E-35
  8.78E+06 1.70E-46 1.56E-32 1.79E-31 3.15E-34 4.12E-25 1.70E-42 6.98E-71 2.29E-92 7.35E-88 1.91E-38 1.24E-42 1.17-107 1.84E-11 1.03E-33 8.42E-06 8.81E-27 4.52E-15 2.21E-36
  8.98E+06 1.11E-46 2.23E-32 1.50E-31 1.45E-34 2.68E-25 9.12E-43 9.16E-71 7.64E-93 1.72E-88 6.16E-39 9.91E-43 1.09-107 8.36E-12 2.11E-34 1.12E-05 3.37E-27 3.40E-15 3.46E-37
  9.18E+06 6.91E-47 3.00E-32 1.21E-31 6.51E-35 1.62E-25 4.64E-43 1.04E-70 1.96E-93 3.11E-89 2.05E-39 7.70E-43 8.18-108 3.93E-12 5.33E-35 1.48E-05 1.31E-27 2.60E-15 5.72E-38
  9.38E+06 4.14E-47 3.75E-32 9.38E-32 2.85E-35 9.07E-26 2.25E-43 1.02E-70 3.90E-94 4.35E-90 7.15E-40 5.92E-43 4.96-108 1.92E-12 1.59E-35 1.92E-05 5.23E-28 2.02E-15 1.01E-38
  9.58E+06 2.39E-47 4.40E-32 7.00E-32 1.23E-35 4.76E-26 1.04E-43 8.72E-71 6.15E-95 4.82E-91 2.65E-40 4.58E-43 2.45-108 9.68E-13 5.40E-36 2.48E-05 2.12E-28 1.60E-15 1.89E-39
  9.78E+06 1.36E-47 4.86E-32 5.08E-32 5.31E-36 2.36E-26 4.68E-44 6.58E-71 7.92E-96 4.36E-92 1.08E-40 3.55E-43 1.01-108 5.05E-13 2.06E-36 3.15E-05 8.78E-29 1.30E-15 3.83E-40
  9.98E+06 8.02E-48 5.03E-32 3.73E-32 2.68E-36 1.12E-26 2.12E-44 4.33E-71 8.84E-97 3.42E-93 5.17E-41 2.64E-43 3.41-109 2.76E-13 1.01E-36 3.98E-05 3.69E-29 1.07E-15 1.05E-40

     Z        N2O5     CO2      SO4AER   S8AER   
  2.50E+04 6.10E-20 2.67E-04 2.12E-10 1.00E-38
  7.50E+04 8.59E-20 2.67E-04 2.25E-10 1.00E-38
  1.25E+05 1.34E-19 2.67E-04 2.50E-10 1.00E-38
  1.75E+05 2.32E-19 2.67E-04 2.88E-10 1.00E-38
  3.75E+05 3.58E-18 2.67E-04 5.38E-10 1.00E-38
  5.75E+05 6.02E-17 2.67E-04 8.73E-10 1.00E-38
  7.75E+05 2.68E-16 2.67E-04 1.25E-09 1.00E-38
  9.75E+05 6.67E-16 2.67E-04 1.67E-09 1.00E-38
  1.18E+06 2.98E-15 2.67E-04 2.63E-09 1.00E-38
  1.38E+06 4.75E-14 2.67E-04 5.72E-09 1.00E-38
  1.58E+06 2.72E-13 2.67E-04 8.85E-09 1.00E-38
  1.78E+06 3.26E-13 2.68E-04 8.38E-09 1.00E-38
  1.98E+06 1.18E-13 2.68E-04 5.63E-09 1.00E-38
  2.18E+06 1.25E-14 2.68E-04 3.52E-09 1.00E-38
  2.38E+06 3.53E-16 2.68E-04 2.33E-09 1.00E-38
  2.58E+06 5.36E-18 2.68E-04 1.63E-09 1.00E-38
  2.78E+06 1.67E-19 2.68E-04 1.18E-09 1.00E-38
  2.98E+06 1.25E-20 2.68E-04 8.94E-10 1.00E-38
  3.18E+06 1.74E-21 2.68E-04 6.94E-10 1.00E-38
  3.38E+06 4.01E-22 2.68E-04 5.23E-10 1.00E-38
  3.58E+06 1.48E-22 2.68E-04 3.75E-10 1.00E-38
  3.78E+06 8.09E-23 2.68E-04 2.58E-10 1.00E-38
  3.98E+06 5.71E-23 2.68E-04 1.68E-10 1.00E-38
  4.18E+06 5.30E-23 2.68E-04 1.02E-10 1.00E-38
  4.38E+06 6.28E-23 2.68E-04 5.74E-11 1.00E-38
  4.58E+06 6.82E-23 2.68E-04 2.91E-11 1.00E-38
  4.78E+06 5.08E-23 2.67E-04 1.30E-11 1.00E-38
  4.98E+06 2.59E-23 2.67E-04 4.81E-12 1.00E-38
  5.18E+06 9.66E-24 2.65E-04 1.41E-12 1.00E-38
  5.38E+06 2.80E-24 2.64E-04 3.01E-13 1.00E-38
  5.58E+06 6.21E-25 2.61E-04 4.14E-14 1.00E-38
  5.78E+06 6.46E-26 2.57E-04 3.05E-15 1.00E-38
  5.98E+06 7.48E-28 2.53E-04 8.75E-17 1.00E-38
  6.18E+06 1.35E-29 2.48E-04 5.16E-19 1.00E-38
  6.38E+06 2.56E-31 2.42E-04 1.49E-22 1.00E-38
  6.58E+06 1.12E-32 2.36E-04 1.25E-27 1.00E-38
  6.78E+06 4.87E-34 2.30E-04 1.75E-32 1.00E-38
  6.98E+06 2.03E-35 2.23E-04 1.00E-38 1.00E-38
  7.18E+06 8.49E-37 2.16E-04 1.00E-38 1.00E-38
  7.38E+06 3.78E-38 2.08E-04 1.00E-38 1.00E-38
  7.58E+06 1.93E-39 2.00E-04 1.00E-38 1.00E-38
  7.78E+06 1.18E-40 1.92E-04 1.00E-38 1.00E-38
  7.98E+06 8.67E-42 1.83E-04 1.00E-38 1.00E-38
  8.18E+06 7.34E-43 1.72E-04 1.00E-38 1.00E-38
  8.38E+06 6.85E-44 1.61E-04 1.00E-38 1.00E-38
  8.58E+06 6.88E-45 1.48E-04 1.00E-38 1.00E-38
  8.78E+06 7.32E-46 1.35E-04 1.00E-38 1.00E-38
  8.98E+06 8.23E-47 1.21E-04 1.00E-38 1.00E-38
  9.18E+06 9.78E-48 1.06E-04 1.00E-38 1.00E-38
  9.38E+06 1.23E-48 9.21E-05 1.00E-38 1.00E-38
  9.58E+06 1.65E-49 7.89E-05 1.00E-38 1.00E-38
  9.78E+06 2.36E-50 6.70E-05 1.00E-38 1.00E-38
  9.98E+06 4.34E-51 5.63E-05 1.00E-38 1.00E-38
 NW =                   750    WAVELENGTH GRID:   1176.5000000000000       -   10000.000000000000       Angstroms


 PHOTOLYSIS RATES

     Z      PO2_O1D    PO2_O3P    PH2O_1     PH2O_2     PH2O_3     PO3_O1D    PO3_O      PO3_3O     
 2.50E+04   0.00E+00   9.36E-14   3.72E-14   0.00E+00   0.00E+00   1.92E-05   2.11E-04   2.21E-13
 1.75E+05   0.00E+00   2.37E-13   1.43E-13   0.00E+00   0.00E+00   2.28E-05   2.18E-04   1.24E-11
 3.25E+05   0.00E+00   4.85E-13   4.77E-13   0.00E+00   0.00E+00   2.59E-05   2.25E-04   1.75E-10
 4.75E+05   0.00E+00   9.09E-13   1.40E-12   0.00E+00   0.00E+00   2.88E-05   2.31E-04   9.57E-10
 6.25E+05   0.00E+00   1.60E-12   3.79E-12   0.00E+00   0.00E+00   3.16E-05   2.38E-04   2.97E-09
 7.75E+05   0.00E+00   2.67E-12   9.31E-12   0.00E+00   0.00E+00   3.44E-05   2.43E-04   6.57E-09
 9.25E+05   0.00E+00   4.19E-12   1.97E-11   0.00E+00   0.00E+00   3.73E-05   2.49E-04   1.18E-08
 1.08E+06   0.00E+00   6.27E-12   3.67E-11   0.00E+00   0.00E+00   4.06E-05   2.54E-04   1.86E-08
 1.22E+06   0.00E+00   9.13E-12   6.32E-11   0.00E+00   0.00E+00   4.46E-05   2.59E-04   2.77E-08
 1.38E+06   0.00E+00   1.34E-11   1.09E-10   0.00E+00   0.00E+00   5.03E-05   2.64E-04   4.03E-08
 1.52E+06   0.00E+00   2.09E-11   1.95E-10   0.00E+00   0.00E+00   6.02E-05   2.70E-04   6.02E-08
 1.68E+06   3.17-147   3.42E-11   3.60E-10   1.43-144   2.15-144   7.71E-05   2.77E-04   9.14E-08
 1.82E+06   1.33-116   5.72E-11   6.61E-10   6.02-114   9.04-114   1.06E-04   2.85E-04   1.38E-07
 1.98E+06   2.14E-92   9.62E-11   1.18E-09   9.68E-90   1.45E-89   1.57E-04   2.94E-04   2.04E-07
 2.12E+06   2.08E-73   1.61E-10   2.01E-09   9.40E-71   1.41E-70   2.57E-04   3.09E-04   2.89E-07
 2.28E+06   8.80E-59   2.58E-10   3.18E-09   3.99E-56   5.98E-56   4.74E-04   3.36E-04   3.86E-07
 2.42E+06   9.57E-48   3.77E-10   4.63E-09   4.33E-45   6.50E-45   9.76E-04   3.94E-04   4.77E-07
 2.58E+06   1.92E-39   4.94E-10   6.35E-09   8.71E-37   1.31E-36   1.73E-03   4.79E-04   5.54E-07
 2.72E+06   4.11E-33   6.03E-10   8.48E-09   1.86E-30   2.79E-30   2.41E-03   5.56E-04   6.20E-07
 2.88E+06   2.94E-28   7.13E-10   1.11E-08   1.33E-25   1.99E-25   2.92E-03   6.13E-04   6.78E-07
 3.02E+06   1.52E-24   8.30E-10   1.44E-08   6.87E-22   1.03E-21   3.26E-03   6.52E-04   7.30E-07
 3.18E+06   1.02E-21   9.62E-10   1.82E-08   4.62E-19   6.94E-19   3.48E-03   6.77E-04   7.77E-07
 3.32E+06   1.48E-19   1.12E-09   2.27E-08   6.62E-17   9.94E-17   3.63E-03   6.93E-04   8.19E-07
 3.48E+06   9.83E-18   1.31E-09   2.84E-08   3.53E-15   5.29E-15   3.72E-03   7.04E-04   8.58E-07
 3.62E+06   7.82E-16   1.57E-09   3.60E-08   1.80E-13   2.70E-13   3.78E-03   7.11E-04   8.94E-07
 3.78E+06   3.70E-14   1.94E-09   4.62E-08   7.32E-12   1.10E-11   3.82E-03   7.15E-04   9.29E-07
 3.92E+06   7.13E-13   2.47E-09   6.06E-08   1.36E-10   2.04E-10   3.85E-03   7.19E-04   9.65E-07
 4.08E+06   6.30E-12   3.22E-09   8.55E-08   1.18E-09   1.77E-09   3.87E-03   7.21E-04   1.01E-06
 4.22E+06   3.00E-11   4.26E-09   1.39E-07   5.52E-09   8.28E-09   3.88E-03   7.22E-04   1.11E-06
 4.38E+06   9.12E-11   5.66E-09   2.47E-07   1.65E-08   2.47E-08   3.89E-03   7.24E-04   1.30E-06
 4.52E+06   2.10E-10   7.46E-09   4.26E-07   3.65E-08   5.47E-08   3.90E-03   7.24E-04   1.60E-06
 4.68E+06   4.07E-10   9.72E-09   6.75E-07   6.53E-08   9.79E-08   3.90E-03   7.25E-04   2.03E-06
 4.82E+06   7.16E-10   1.25E-08   9.74E-07   1.00E-07   1.50E-07   3.90E-03   7.25E-04   2.55E-06
 4.98E+06   1.18E-09   1.60E-08   1.30E-06   1.37E-07   2.06E-07   3.91E-03   7.25E-04   3.10E-06
 5.12E+06   1.88E-09   2.02E-08   1.62E-06   1.74E-07   2.61E-07   3.91E-03   7.26E-04   3.65E-06
 5.28E+06   3.00E-09   2.53E-08   1.94E-06   2.09E-07   3.13E-07   3.91E-03   7.26E-04   4.18E-06
 5.42E+06   5.01E-09   3.11E-08   2.25E-06   2.41E-07   3.61E-07   3.91E-03   7.26E-04   4.68E-06
 5.58E+06   8.93E-09   3.75E-08   2.54E-06   2.70E-07   4.04E-07   3.91E-03   7.26E-04   5.14E-06
 5.72E+06   1.64E-08   4.43E-08   2.83E-06   2.97E-07   4.42E-07   3.91E-03   7.26E-04   5.56E-06
 5.88E+06   3.01E-08   5.13E-08   3.12E-06   3.20E-07   4.76E-07   3.91E-03   7.26E-04   5.95E-06
 6.02E+06   5.31E-08   5.80E-08   3.42E-06   3.42E-07   5.05E-07   3.91E-03   7.26E-04   6.30E-06
 6.18E+06   8.87E-08   6.42E-08   3.73E-06   3.60E-07   5.29E-07   3.91E-03   7.26E-04   6.60E-06
 6.32E+06   1.37E-07   6.98E-08   4.02E-06   3.75E-07   5.48E-07   3.91E-03   7.26E-04   6.85E-06
 6.48E+06   2.04E-07   7.51E-08   4.31E-06   3.87E-07   5.62E-07   3.91E-03   7.26E-04   7.06E-06
 6.62E+06   2.94E-07   8.05E-08   4.58E-06   3.97E-07   5.73E-07   3.92E-03   7.26E-04   7.23E-06
 6.78E+06   4.19E-07   8.68E-08   4.83E-06   4.06E-07   5.81E-07   3.92E-03   7.26E-04   7.39E-06
 6.92E+06   5.86E-07   9.52E-08   5.05E-06   4.13E-07   5.88E-07   3.92E-03   7.26E-04   7.52E-06
 7.08E+06   7.86E-07   1.06E-07   5.23E-06   4.19E-07   5.93E-07   3.92E-03   7.26E-04   7.64E-06
 7.22E+06   9.94E-07   1.18E-07   5.37E-06   4.23E-07   5.96E-07   3.92E-03   7.26E-04   7.74E-06
 7.38E+06   1.18E-06   1.29E-07   5.48E-06   4.27E-07   5.99E-07   3.92E-03   7.26E-04   7.82E-06
 7.52E+06   1.33E-06   1.39E-07   5.55E-06   4.30E-07   6.01E-07   3.92E-03   7.26E-04   7.88E-06
 7.68E+06   1.44E-06   1.46E-07   5.60E-06   4.32E-07   6.03E-07   3.92E-03   7.26E-04   7.92E-06
 7.82E+06   1.52E-06   1.51E-07   5.63E-06   4.33E-07   6.04E-07   3.92E-03   7.26E-04   7.95E-06
 7.98E+06   1.57E-06   1.55E-07   5.66E-06   4.34E-07   6.04E-07   3.92E-03   7.26E-04   7.97E-06
 8.12E+06   1.60E-06   1.57E-07   5.67E-06   4.35E-07   6.05E-07   3.92E-03   7.26E-04   7.98E-06
 8.28E+06   1.63E-06   1.59E-07   5.68E-06   4.35E-07   6.05E-07   3.92E-03   7.26E-04   7.99E-06
 8.42E+06   1.64E-06   1.60E-07   5.69E-06   4.36E-07   6.06E-07   3.92E-03   7.26E-04   8.00E-06
 8.58E+06   1.65E-06   1.61E-07   5.69E-06   4.36E-07   6.06E-07   3.92E-03   7.26E-04   8.00E-06
 8.72E+06   1.66E-06   1.61E-07   5.69E-06   4.36E-07   6.06E-07   3.92E-03   7.26E-04   8.00E-06
 8.88E+06   1.66E-06   1.61E-07   5.70E-06   4.36E-07   6.06E-07   3.92E-03   7.26E-04   8.01E-06
 9.02E+06   1.66E-06   1.62E-07   5.70E-06   4.36E-07   6.06E-07   3.92E-03   7.26E-04   8.01E-06
 9.18E+06   1.67E-06   1.62E-07   5.70E-06   4.36E-07   6.06E-07   3.92E-03   7.26E-04   8.01E-06
 9.32E+06   1.67E-06   1.62E-07   5.70E-06   4.36E-07   6.06E-07   3.92E-03   7.26E-04   8.01E-06
 9.48E+06   1.67E-06   1.62E-07   5.70E-06   4.36E-07   6.06E-07   3.92E-03   7.26E-04   8.01E-06
 9.62E+06   1.67E-06   1.62E-07   5.70E-06   4.36E-07   6.06E-07   3.92E-03   7.26E-04   8.01E-06
 9.78E+06   1.67E-06   1.62E-07   5.70E-06   4.36E-07   6.06E-07   3.92E-03   7.26E-04   8.01E-06
 9.92E+06   1.67E-06   1.62E-07   5.70E-06   4.36E-07   6.06E-07   3.92E-03   7.26E-04   8.01E-06

     Z      PH2O2      PCO2_1     PCO2_2     PH2CO_1    PH2CO_2    PHO2       PCH4_1     PCH4_2     
 2.50E+04   2.51E-06   5.95E-19   0.00E+00   1.80E-05   1.26E-05   6.97E-08   0.00E+00   0.00E+00
 1.75E+05   2.87E-06   7.07E-17   0.00E+00   2.07E-05   1.47E-05   1.73E-07   0.00E+00   0.00E+00
 3.25E+05   3.17E-06   1.76E-15   0.00E+00   2.31E-05   1.67E-05   3.44E-07   0.00E+00   0.00E+00
 4.75E+05   3.44E-06   1.41E-14   0.00E+00   2.52E-05   1.84E-05   6.12E-07   0.00E+00   0.00E+00
 6.25E+05   3.67E-06   6.12E-14   0.00E+00   2.72E-05   2.01E-05   9.92E-07   0.00E+00   0.00E+00
 7.75E+05   3.89E-06   1.79E-13   0.00E+00   2.90E-05   2.16E-05   1.49E-06   0.00E+00   0.00E+00
 9.25E+05   4.11E-06   3.84E-13   0.00E+00   3.07E-05   2.30E-05   2.13E-06   0.00E+00   0.00E+00
 1.08E+06   4.35E-06   6.92E-13   0.00E+00   3.22E-05   2.44E-05   2.93E-06   0.00E+00   0.00E+00
 1.22E+06   4.68E-06   1.14E-12   0.00E+00   3.36E-05   2.57E-05   3.94E-06   0.00E+00   0.00E+00
 1.38E+06   5.08E-06   1.84E-12   0.00E+00   3.49E-05   2.71E-05   5.40E-06   0.00E+00   0.00E+00
 1.52E+06   5.65E-06   3.08E-12   0.00E+00   3.63E-05   2.88E-05   7.90E-06   0.00E+00   0.00E+00
 1.68E+06   6.51E-06   5.26E-12   6.37-146   3.77E-05   3.08E-05   1.23E-05   5.17-144   1.00-143
 1.82E+06   7.78E-06   8.93E-12   2.67-115   3.91E-05   3.31E-05   1.99E-05   2.17-113   4.22-113
 1.98E+06   9.74E-06   1.48E-11   4.30E-91   4.06E-05   3.59E-05   3.32E-05   3.49E-89   6.78E-89
 2.12E+06   1.29E-05   2.34E-11   4.17E-72   4.22E-05   3.92E-05   5.70E-05   3.39E-70   6.58E-70
 2.28E+06   1.78E-05   3.45E-11   1.77E-57   4.38E-05   4.29E-05   9.71E-05   1.44E-55   2.79E-55
 2.42E+06   2.50E-05   4.64E-11   1.92E-46   4.54E-05   4.61E-05   1.51E-04   1.56E-44   3.03E-44
 2.58E+06   3.29E-05   5.83E-11   3.87E-38   4.67E-05   4.84E-05   2.02E-04   3.14E-36   6.10E-36
 2.72E+06   3.94E-05   7.06E-11   8.26E-32   4.76E-05   4.99E-05   2.41E-04   6.71E-30   1.30E-29
 2.88E+06   4.42E-05   8.38E-11   5.90E-27   4.82E-05   5.08E-05   2.68E-04   4.79E-25   9.31E-25
 3.02E+06   4.75E-05   9.80E-11   3.05E-23   4.86E-05   5.15E-05   2.86E-04   2.48E-21   4.81E-21
 3.18E+06   4.97E-05   1.13E-10   2.05E-20   4.89E-05   5.19E-05   3.00E-04   1.67E-18   3.24E-18
 3.32E+06   5.13E-05   1.30E-10   2.95E-18   4.91E-05   5.22E-05   3.09E-04   2.39E-16   4.62E-16
 3.48E+06   5.23E-05   1.48E-10   1.62E-16   4.92E-05   5.24E-05   3.15E-04   1.33E-14   2.32E-14
 3.62E+06   5.31E-05   1.69E-10   8.98E-15   4.93E-05   5.26E-05   3.20E-04   7.63E-13   9.78E-13
 3.78E+06   5.37E-05   1.94E-10   3.77E-13   4.94E-05   5.27E-05   3.24E-04   3.24E-11   3.64E-11
 3.92E+06   5.41E-05   2.24E-10   7.04E-12   4.95E-05   5.28E-05   3.27E-04   6.04E-10   6.62E-10
 4.08E+06   5.44E-05   2.60E-10   6.10E-11   4.95E-05   5.28E-05   3.29E-04   5.23E-09   5.69E-09
 4.22E+06   5.47E-05   3.02E-10   2.86E-10   4.95E-05   5.29E-05   3.30E-04   2.45E-08   2.66E-08
 4.38E+06   5.50E-05   3.50E-10   8.53E-10   4.96E-05   5.30E-05   3.32E-04   7.31E-08   7.92E-08
 4.52E+06   5.54E-05   4.04E-10   1.89E-09   4.97E-05   5.30E-05   3.33E-04   1.62E-07   1.75E-07
 4.68E+06   5.57E-05   4.63E-10   3.38E-09   4.98E-05   5.32E-05   3.34E-04   2.90E-07   3.13E-07
 4.82E+06   5.61E-05   5.27E-10   5.20E-09   4.99E-05   5.33E-05   3.34E-04   4.45E-07   4.82E-07
 4.98E+06   5.65E-05   5.97E-10   7.17E-09   5.01E-05   5.35E-05   3.35E-04   6.13E-07   6.64E-07
 5.12E+06   5.68E-05   6.75E-10   9.16E-09   5.02E-05   5.36E-05   3.35E-04   7.83E-07   8.48E-07
 5.28E+06   5.72E-05   7.63E-10   1.11E-08   5.04E-05   5.38E-05   3.36E-04   9.46E-07   1.03E-06
 5.42E+06   5.75E-05   8.67E-10   1.31E-08   5.06E-05   5.39E-05   3.36E-04   1.10E-06   1.19E-06
 5.58E+06   5.78E-05   9.95E-10   1.50E-08   5.08E-05   5.41E-05   3.37E-04   1.24E-06   1.35E-06
 5.72E+06   5.81E-05   1.17E-09   1.70E-08   5.10E-05   5.44E-05   3.37E-04   1.38E-06   1.49E-06
 5.88E+06   5.84E-05   1.42E-09   1.91E-08   5.13E-05   5.46E-05   3.37E-04   1.50E-06   1.62E-06
 6.02E+06   5.87E-05   1.78E-09   2.12E-08   5.16E-05   5.49E-05   3.37E-04   1.62E-06   1.74E-06
 6.18E+06   5.90E-05   2.24E-09   2.36E-08   5.19E-05   5.53E-05   3.37E-04   1.72E-06   1.84E-06
 6.32E+06   5.93E-05   2.75E-09   2.61E-08   5.21E-05   5.55E-05   3.37E-04   1.80E-06   1.92E-06
 6.48E+06   5.96E-05   3.26E-09   2.91E-08   5.24E-05   5.58E-05   3.38E-04   1.87E-06   1.99E-06
 6.62E+06   5.98E-05   3.73E-09   3.30E-08   5.26E-05   5.60E-05   3.38E-04   1.92E-06   2.04E-06
 6.78E+06   6.01E-05   4.13E-09   3.80E-08   5.28E-05   5.62E-05   3.38E-04   1.97E-06   2.09E-06
 6.92E+06   6.03E-05   4.44E-09   4.45E-08   5.29E-05   5.63E-05   3.38E-04   2.01E-06   2.12E-06
 7.08E+06   6.05E-05   4.67E-09   5.22E-08   5.31E-05   5.65E-05   3.38E-04   2.04E-06   2.15E-06
 7.22E+06   6.07E-05   4.83E-09   6.01E-08   5.33E-05   5.66E-05   3.38E-04   2.06E-06   2.18E-06
 7.38E+06   6.08E-05   4.93E-09   6.71E-08   5.34E-05   5.68E-05   3.38E-04   2.08E-06   2.19E-06
 7.52E+06   6.09E-05   5.00E-09   7.27E-08   5.35E-05   5.68E-05   3.38E-04   2.10E-06   2.21E-06
 7.68E+06   6.10E-05   5.05E-09   7.68E-08   5.35E-05   5.69E-05   3.38E-04   2.11E-06   2.22E-06
 7.82E+06   6.10E-05   5.08E-09   7.97E-08   5.36E-05   5.70E-05   3.38E-04   2.11E-06   2.23E-06
 7.98E+06   6.11E-05   5.10E-09   8.17E-08   5.36E-05   5.70E-05   3.38E-04   2.12E-06   2.23E-06
 8.12E+06   6.11E-05   5.11E-09   8.30E-08   5.36E-05   5.70E-05   3.38E-04   2.12E-06   2.23E-06
 8.28E+06   6.11E-05   5.12E-09   8.39E-08   5.36E-05   5.70E-05   3.38E-04   2.12E-06   2.24E-06
 8.42E+06   6.11E-05   5.12E-09   8.44E-08   5.37E-05   5.70E-05   3.38E-04   2.13E-06   2.24E-06
 8.58E+06   6.11E-05   5.13E-09   8.48E-08   5.37E-05   5.70E-05   3.38E-04   2.13E-06   2.24E-06
 8.72E+06   6.11E-05   5.13E-09   8.51E-08   5.37E-05   5.70E-05   3.38E-04   2.13E-06   2.24E-06
 8.88E+06   6.11E-05   5.13E-09   8.52E-08   5.37E-05   5.70E-05   3.38E-04   2.13E-06   2.24E-06
 9.02E+06   6.11E-05   5.13E-09   8.54E-08   5.37E-05   5.70E-05   3.38E-04   2.13E-06   2.24E-06
 9.18E+06   6.11E-05   5.13E-09   8.54E-08   5.37E-05   5.70E-05   3.38E-04   2.13E-06   2.24E-06
 9.32E+06   6.11E-05   5.13E-09   8.55E-08   5.37E-05   5.70E-05   3.38E-04   2.13E-06   2.24E-06
 9.48E+06   6.11E-05   5.13E-09   8.55E-08   5.37E-05   5.71E-05   3.38E-04   2.13E-06   2.24E-06
 9.62E+06   6.11E-05   5.13E-09   8.56E-08   5.37E-05   5.71E-05   3.38E-04   2.13E-06   2.24E-06
 9.78E+06   6.11E-05   5.13E-09   8.56E-08   5.37E-05   5.71E-05   3.38E-04   2.13E-06   2.24E-06
 9.92E+06   6.11E-05   5.13E-09   8.56E-08   5.37E-05   5.71E-05   3.38E-04   2.13E-06   2.24E-06

     Z      PCH4_3     PC2H6_1    PC2H6_2    PHNO2_1    PHNO3      PHNO3_3    PHNO3_1    PNO        
 2.50E+04   0.00E+00   0.00E+00   0.00E+00   5.41E-04   2.88E-07   5.97E-15   4.28E-15   0.00E+00
 1.75E+05   0.00E+00   0.00E+00   0.00E+00   6.01E-04   3.59E-07   2.56E-12   1.84E-12   3.45-130
 3.25E+05   0.00E+00   0.00E+00   0.00E+00   6.55E-04   4.60E-07   1.22E-10   8.76E-11   1.88E-51
 4.75E+05   0.00E+00   0.00E+00   0.00E+00   7.04E-04   6.18E-07   1.45E-09   1.04E-09   1.66E-25
 6.25E+05   0.00E+00   0.00E+00   0.00E+00   7.48E-04   8.45E-07   8.50E-09   6.10E-09   1.49E-15
 7.75E+05   0.00E+00   0.00E+00   0.00E+00   7.88E-04   1.14E-06   2.89E-08   2.08E-08   6.79E-12
 9.25E+05   0.00E+00   0.00E+00   0.00E+00   8.24E-04   1.50E-06   6.45E-08   4.63E-08   2.23E-10
 1.08E+06   0.00E+00   0.00E+00   0.00E+00   8.57E-04   1.94E-06   1.16E-07   8.35E-08   1.07E-09
 1.22E+06   0.00E+00   0.00E+00   0.00E+00   8.86E-04   2.52E-06   1.91E-07   1.37E-07   3.09E-09
 1.38E+06   0.00E+00   0.00E+00   0.00E+00   9.12E-04   3.32E-06   3.05E-07   2.19E-07   7.74E-09
 1.52E+06   0.00E+00   0.00E+00   0.00E+00   9.38E-04   4.58E-06   4.98E-07   3.57E-07   1.87E-08
 1.68E+06   1.55-143   0.00E+00   1.02-144   9.62E-04   6.54E-06   8.24E-07   5.91E-07   4.30E-08
 1.82E+06   6.50-113   0.00E+00   4.29-114   9.83E-04   9.45E-06   1.34E-06   9.66E-07   9.22E-08
 1.98E+06   1.05E-88   0.00E+00   6.89E-90   1.00E-03   1.36E-05   2.13E-06   1.53E-06   1.83E-07
 2.12E+06   1.02E-69   0.00E+00   6.69E-71   1.02E-03   1.92E-05   3.23E-06   2.32E-06   3.30E-07
 2.28E+06   4.30E-55   0.00E+00   2.84E-56   1.05E-03   2.59E-05   4.54E-06   3.26E-06   5.33E-07
 2.42E+06   4.68E-44   0.00E+00   3.08E-45   1.08E-03   3.27E-05   5.83E-06   4.18E-06   7.58E-07
 2.58E+06   9.41E-36   0.00E+00   6.20E-37   1.11E-03   3.86E-05   6.96E-06   4.99E-06   9.79E-07
 2.72E+06   2.01E-29   0.00E+00   1.32E-30   1.13E-03   4.31E-05   7.95E-06   5.71E-06   1.19E-06
 2.88E+06   1.44E-24   0.00E+00   9.46E-26   1.15E-03   4.64E-05   8.84E-06   6.35E-06   1.40E-06
 3.02E+06   7.42E-21   0.00E+00   4.89E-22   1.16E-03   4.90E-05   9.65E-06   6.93E-06   1.61E-06
 3.18E+06   4.99E-18   0.00E+00   3.29E-19   1.17E-03   5.09E-05   1.04E-05   7.46E-06   1.82E-06
 3.32E+06   7.08E-16   0.00E+00   4.80E-17   1.17E-03   5.24E-05   1.11E-05   7.95E-06   2.02E-06
 3.48E+06   3.10E-14   0.00E+00   3.32E-15   1.18E-03   5.35E-05   1.17E-05   8.39E-06   2.22E-06
 3.62E+06   6.26E-13   0.00E+00   2.74E-13   1.18E-03   5.44E-05   1.23E-05   8.80E-06   2.41E-06
 3.78E+06   9.92E-12   0.00E+00   1.27E-11   1.18E-03   5.51E-05   1.28E-05   9.18E-06   2.61E-06
 3.92E+06   1.28E-10   0.00E+00   2.36E-10   1.18E-03   5.56E-05   1.33E-05   9.55E-06   2.81E-06
 4.08E+06   1.00E-09   0.00E+00   2.02E-09   1.19E-03   5.60E-05   1.38E-05   9.92E-06   3.03E-06
 4.22E+06   4.52E-09   0.00E+00   9.33E-09   1.19E-03   5.65E-05   1.44E-05   1.03E-05   3.27E-06
 4.38E+06   1.33E-08   0.00E+00   2.76E-08   1.19E-03   5.69E-05   1.49E-05   1.07E-05   3.52E-06
 4.52E+06   2.92E-08   0.00E+00   6.05E-08   1.19E-03   5.74E-05   1.55E-05   1.12E-05   3.80E-06
 4.68E+06   5.22E-08   0.00E+00   1.08E-07   1.19E-03   5.80E-05   1.62E-05   1.16E-05   4.10E-06
 4.82E+06   8.03E-08   0.00E+00   1.67E-07   1.19E-03   5.86E-05   1.68E-05   1.21E-05   4.40E-06
 4.98E+06   1.11E-07   0.00E+00   2.32E-07   1.19E-03   5.93E-05   1.75E-05   1.26E-05   4.69E-06
 5.12E+06   1.42E-07   0.00E+00   2.99E-07   1.19E-03   6.00E-05   1.81E-05   1.30E-05   4.98E-06
 5.28E+06   1.73E-07   0.00E+00   3.67E-07   1.19E-03   6.05E-05   1.87E-05   1.34E-05   5.26E-06
 5.42E+06   2.03E-07   0.00E+00   4.33E-07   1.19E-03   6.10E-05   1.92E-05   1.38E-05   5.52E-06
 5.58E+06   2.30E-07   0.00E+00   4.95E-07   1.19E-03   6.13E-05   1.97E-05   1.41E-05   5.77E-06
 5.72E+06   2.56E-07   0.00E+00   5.54E-07   1.19E-03   6.14E-05   2.02E-05   1.45E-05   6.02E-06
 5.88E+06   2.79E-07   0.00E+00   6.09E-07   1.19E-03   6.16E-05   2.06E-05   1.48E-05   6.26E-06
 6.02E+06   3.00E-07   0.00E+00   6.58E-07   1.19E-03   6.19E-05   2.10E-05   1.51E-05   6.52E-06
 6.18E+06   3.18E-07   0.00E+00   7.01E-07   1.19E-03   6.27E-05   2.15E-05   1.54E-05   6.77E-06
 6.32E+06   3.32E-07   0.00E+00   7.34E-07   1.19E-03   6.38E-05   2.19E-05   1.57E-05   7.01E-06
 6.48E+06   3.43E-07   0.00E+00   7.61E-07   1.19E-03   6.41E-05   2.22E-05   1.60E-05   7.24E-06
 6.62E+06   3.52E-07   0.00E+00   7.82E-07   1.19E-03   6.44E-05   2.26E-05   1.62E-05   7.45E-06
 6.78E+06   3.59E-07   0.00E+00   7.98E-07   1.19E-03   6.46E-05   2.28E-05   1.64E-05   7.65E-06
 6.92E+06   3.65E-07   0.00E+00   8.12E-07   1.19E-03   6.48E-05   2.31E-05   1.66E-05   7.83E-06
 7.08E+06   3.69E-07   0.00E+00   8.23E-07   1.19E-03   6.50E-05   2.33E-05   1.67E-05   7.99E-06
 7.22E+06   3.74E-07   0.00E+00   8.33E-07   1.19E-03   6.51E-05   2.35E-05   1.68E-05   8.12E-06
 7.38E+06   3.77E-07   0.00E+00   8.40E-07   1.19E-03   6.53E-05   2.36E-05   1.69E-05   8.22E-06
 7.52E+06   3.80E-07   0.00E+00   8.46E-07   1.19E-03   6.53E-05   2.37E-05   1.70E-05   8.29E-06
 7.68E+06   3.81E-07   0.00E+00   8.50E-07   1.19E-03   6.54E-05   2.38E-05   1.71E-05   8.35E-06
 7.82E+06   3.83E-07   0.00E+00   8.53E-07   1.19E-03   6.54E-05   2.38E-05   1.71E-05   8.38E-06
 7.98E+06   3.83E-07   0.00E+00   8.54E-07   1.19E-03   6.55E-05   2.38E-05   1.71E-05   8.40E-06
 8.12E+06   3.84E-07   0.00E+00   8.56E-07   1.19E-03   6.55E-05   2.39E-05   1.71E-05   8.42E-06
 8.28E+06   3.84E-07   0.00E+00   8.57E-07   1.19E-03   6.55E-05   2.39E-05   1.71E-05   8.43E-06
 8.42E+06   3.85E-07   0.00E+00   8.57E-07   1.19E-03   6.55E-05   2.39E-05   1.71E-05   8.44E-06
 8.58E+06   3.85E-07   0.00E+00   8.58E-07   1.19E-03   6.55E-05   2.39E-05   1.72E-05   8.44E-06
 8.72E+06   3.85E-07   0.00E+00   8.58E-07   1.19E-03   6.55E-05   2.39E-05   1.72E-05   8.44E-06
 8.88E+06   3.85E-07   0.00E+00   8.58E-07   1.19E-03   6.55E-05   2.39E-05   1.72E-05   8.45E-06
 9.02E+06   3.85E-07   0.00E+00   8.58E-07   1.19E-03   6.55E-05   2.39E-05   1.72E-05   8.45E-06
 9.18E+06   3.85E-07   0.00E+00   8.58E-07   1.19E-03   6.55E-05   2.39E-05   1.72E-05   8.45E-06
 9.32E+06   3.85E-07   0.00E+00   8.58E-07   1.19E-03   6.55E-05   2.39E-05   1.72E-05   8.45E-06
 9.48E+06   3.85E-07   0.00E+00   8.58E-07   1.19E-03   6.55E-05   2.39E-05   1.72E-05   8.45E-06
 9.62E+06   3.85E-07   0.00E+00   8.58E-07   1.19E-03   6.55E-05   2.39E-05   1.72E-05   8.45E-06
 9.78E+06   3.85E-07   0.00E+00   8.58E-07   1.19E-03   6.55E-05   2.39E-05   1.72E-05   8.45E-06
 9.92E+06   3.85E-07   0.00E+00   8.58E-07   1.19E-03   6.55E-05   2.39E-05   1.72E-05   8.45E-06

     Z      PNO2_O1D   PNO2       PCH3_1     PSO        PH2S       PSO2       PSO2_SO21  PSO2_SO23  
 2.50E+04   3.26E-09   3.58E-03   4.03E-08   1.13E-07   4.54E-08   6.52E-08   6.78E-05   4.24E-07
 1.75E+05   7.98E-09   3.93E-03   9.94E-08   2.94E-07   1.21E-07   1.72E-07   8.07E-05   4.67E-07
 3.25E+05   1.56E-08   4.25E-03   1.93E-07   6.13E-07   2.62E-07   3.63E-07   9.25E-05   5.06E-07
 4.75E+05   2.70E-08   4.53E-03   3.26E-07   1.14E-06   5.04E-07   6.81E-07   1.03E-04   5.42E-07
 6.25E+05   4.30E-08   4.78E-03   4.99E-07   1.92E-06   8.68E-07   1.15E-06   1.14E-04   5.73E-07
 7.75E+05   6.38E-08   5.02E-03   7.13E-07   2.97E-06   1.36E-06   1.78E-06   1.24E-04   6.02E-07
 9.25E+05   9.04E-08   5.23E-03   9.78E-07   4.30E-06   1.99E-06   2.58E-06   1.34E-04   6.28E-07
 1.08E+06   1.24E-07   5.42E-03   1.31E-06   5.97E-06   2.78E-06   3.57E-06   1.44E-04   6.51E-07
 1.22E+06   1.67E-07   5.58E-03   1.73E-06   8.06E-06   3.76E-06   4.83E-06   1.55E-04   6.72E-07
 1.38E+06   2.30E-07   5.74E-03   2.36E-06   1.10E-05   5.14E-06   6.58E-06   1.68E-04   6.90E-07
 1.52E+06   3.41E-07   5.88E-03   3.52E-06   1.58E-05   7.38E-06   9.46E-06   1.87E-04   7.07E-07
 1.68E+06   5.41E-07   6.02E-03   5.71E-06   2.39E-05   1.11E-05   1.42E-05   2.15E-04   7.22E-07
 1.82E+06   8.99E-07   6.13E-03   9.74E-06   3.66E-05   1.69E-05   2.18E-05   2.55E-04   7.35E-07
 1.98E+06   1.55E-06   6.22E-03   1.70E-05   5.63E-05   2.61E-05   3.35E-05   3.13E-04   7.44E-07
 2.12E+06   2.76E-06   6.30E-03   2.91E-05   8.52E-05   4.00E-05   5.08E-05   3.99E-04   7.51E-07
 2.28E+06   4.86E-06   6.37E-03   4.51E-05   1.22E-04   5.89E-05   7.31E-05   5.14E-04   7.57E-07
 2.42E+06   7.65E-06   6.42E-03   6.01E-05   1.57E-04   7.94E-05   9.47E-05   6.41E-04   7.61E-07
 2.58E+06   1.01E-05   6.46E-03   7.05E-05   1.84E-04   9.60E-05   1.11E-04   7.45E-04   7.64E-07
 2.72E+06   1.19E-05   6.49E-03   7.75E-05   2.02E-04   1.08E-04   1.22E-04   8.16E-04   7.66E-07
 2.88E+06   1.32E-05   6.51E-03   8.24E-05   2.15E-04   1.16E-04   1.30E-04   8.63E-04   7.68E-07
 3.02E+06   1.41E-05   6.53E-03   8.59E-05   2.25E-04   1.23E-04   1.37E-04   8.94E-04   7.70E-07
 3.18E+06   1.47E-05   6.54E-03   8.86E-05   2.33E-04   1.27E-04   1.41E-04   9.14E-04   7.71E-07
 3.32E+06   1.52E-05   6.55E-03   9.05E-05   2.39E-04   1.31E-04   1.45E-04   9.27E-04   7.72E-07
 3.48E+06   1.56E-05   6.56E-03   9.20E-05   2.43E-04   1.34E-04   1.48E-04   9.36E-04   7.73E-07
 3.62E+06   1.58E-05   6.57E-03   9.32E-05   2.47E-04   1.36E-04   1.50E-04   9.41E-04   7.73E-07
 3.78E+06   1.61E-05   6.57E-03   9.40E-05   2.49E-04   1.37E-04   1.52E-04   9.45E-04   7.74E-07
 3.92E+06   1.63E-05   6.57E-03   9.47E-05   2.51E-04   1.39E-04   1.53E-04   9.48E-04   7.74E-07
 4.08E+06   1.65E-05   6.57E-03   9.52E-05   2.53E-04   1.40E-04   1.54E-04   9.50E-04   7.74E-07
 4.22E+06   1.67E-05   6.58E-03   9.56E-05   2.54E-04   1.40E-04   1.55E-04   9.52E-04   7.74E-07
 4.38E+06   1.70E-05   6.58E-03   9.59E-05   2.55E-04   1.41E-04   1.56E-04   9.53E-04   7.74E-07
 4.52E+06   1.72E-05   6.58E-03   9.61E-05   2.56E-04   1.42E-04   1.57E-04   9.54E-04   7.75E-07
 4.68E+06   1.76E-05   6.58E-03   9.63E-05   2.57E-04   1.43E-04   1.59E-04   9.54E-04   7.75E-07
 4.82E+06   1.79E-05   6.58E-03   9.64E-05   2.57E-04   1.45E-04   1.60E-04   9.55E-04   7.75E-07
 4.98E+06   1.82E-05   6.58E-03   9.65E-05   2.58E-04   1.46E-04   1.61E-04   9.55E-04   7.75E-07
 5.12E+06   1.86E-05   6.58E-03   9.65E-05   2.58E-04   1.47E-04   1.63E-04   9.55E-04   7.75E-07
 5.28E+06   1.89E-05   6.58E-03   9.66E-05   2.58E-04   1.48E-04   1.64E-04   9.55E-04   7.75E-07
 5.42E+06   1.92E-05   6.58E-03   9.66E-05   2.58E-04   1.49E-04   1.65E-04   9.56E-04   7.75E-07
 5.58E+06   1.95E-05   6.58E-03   9.67E-05   2.58E-04   1.50E-04   1.66E-04   9.56E-04   7.75E-07
 5.72E+06   1.98E-05   6.58E-03   9.67E-05   2.59E-04   1.50E-04   1.67E-04   9.56E-04   7.75E-07
 5.88E+06   2.01E-05   6.58E-03   9.67E-05   2.59E-04   1.51E-04   1.68E-04   9.56E-04   7.75E-07
 6.02E+06   2.05E-05   6.58E-03   9.67E-05   2.59E-04   1.52E-04   1.69E-04   9.56E-04   7.75E-07
 6.18E+06   2.08E-05   6.59E-03   9.67E-05   2.59E-04   1.52E-04   1.69E-04   9.56E-04   7.75E-07
 6.32E+06   2.11E-05   6.59E-03   9.67E-05   2.59E-04   1.53E-04   1.70E-04   9.56E-04   7.75E-07
 6.48E+06   2.14E-05   6.59E-03   9.68E-05   2.59E-04   1.53E-04   1.70E-04   9.56E-04   7.75E-07
 6.62E+06   2.17E-05   6.59E-03   9.68E-05   2.59E-04   1.53E-04   1.71E-04   9.56E-04   7.75E-07
 6.78E+06   2.20E-05   6.59E-03   9.68E-05   2.59E-04   1.54E-04   1.71E-04   9.56E-04   7.75E-07
 6.92E+06   2.23E-05   6.59E-03   9.68E-05   2.59E-04   1.54E-04   1.71E-04   9.56E-04   7.75E-07
 7.08E+06   2.26E-05   6.59E-03   9.68E-05   2.59E-04   1.54E-04   1.71E-04   9.56E-04   7.75E-07
 7.22E+06   2.28E-05   6.59E-03   9.68E-05   2.59E-04   1.55E-04   1.72E-04   9.56E-04   7.75E-07
 7.38E+06   2.30E-05   6.59E-03   9.68E-05   2.59E-04   1.55E-04   1.72E-04   9.56E-04   7.75E-07
 7.52E+06   2.31E-05   6.59E-03   9.68E-05   2.59E-04   1.55E-04   1.72E-04   9.56E-04   7.75E-07
 7.68E+06   2.32E-05   6.59E-03   9.68E-05   2.59E-04   1.55E-04   1.72E-04   9.56E-04   7.75E-07
 7.82E+06   2.33E-05   6.59E-03   9.68E-05   2.60E-04   1.55E-04   1.72E-04   9.56E-04   7.75E-07
 7.98E+06   2.33E-05   6.59E-03   9.68E-05   2.60E-04   1.56E-04   1.72E-04   9.56E-04   7.75E-07
 8.12E+06   2.34E-05   6.59E-03   9.68E-05   2.60E-04   1.56E-04   1.72E-04   9.56E-04   7.75E-07
 8.28E+06   2.34E-05   6.59E-03   9.68E-05   2.60E-04   1.56E-04   1.72E-04   9.56E-04   7.75E-07
 8.42E+06   2.34E-05   6.59E-03   9.68E-05   2.60E-04   1.56E-04   1.72E-04   9.56E-04   7.75E-07
 8.58E+06   2.34E-05   6.59E-03   9.68E-05   2.60E-04   1.56E-04   1.72E-04   9.56E-04   7.75E-07
 8.72E+06   2.34E-05   6.59E-03   9.68E-05   2.60E-04   1.56E-04   1.72E-04   9.56E-04   7.75E-07
 8.88E+06   2.34E-05   6.59E-03   9.68E-05   2.60E-04   1.56E-04   1.72E-04   9.56E-04   7.75E-07
 9.02E+06   2.34E-05   6.59E-03   9.68E-05   2.60E-04   1.56E-04   1.72E-04   9.56E-04   7.75E-07
 9.18E+06   2.34E-05   6.59E-03   9.68E-05   2.60E-04   1.56E-04   1.72E-04   9.56E-04   7.75E-07
 9.32E+06   2.34E-05   6.59E-03   9.68E-05   2.60E-04   1.56E-04   1.72E-04   9.56E-04   7.75E-07
 9.48E+06   2.34E-05   6.59E-03   9.68E-05   2.60E-04   1.56E-04   1.72E-04   9.56E-04   7.75E-07
 9.62E+06   2.34E-05   6.59E-03   9.68E-05   2.60E-04   1.56E-04   1.72E-04   9.56E-04   7.75E-07
 9.78E+06   2.34E-05   6.59E-03   9.68E-05   2.60E-04   1.56E-04   1.72E-04   9.56E-04   7.75E-07
 9.92E+06   2.34E-05   6.59E-03   9.68E-05   2.60E-04   1.56E-04   1.72E-04   9.56E-04   7.75E-07

     Z      PS2        PS4        PS3        PS8L       PS8R       PS8        PSO3       PHSO       
 2.50E+04   4.97E-05   1.16E-01   5.31E-01   0.00E+00   0.00E+00   9.81E-14   9.94E-08   6.97E-08
 1.75E+05   5.90E-05   1.20E-01   5.70E-01   0.00E+00   0.00E+00   1.38E-13   1.26E-07   1.73E-07
 3.25E+05   6.74E-05   1.23E-01   6.06E-01   0.00E+00   0.00E+00   1.88E-13   1.60E-07   3.44E-07
 4.75E+05   7.53E-05   1.26E-01   6.37E-01   0.00E+00   0.00E+00   2.51E-13   2.05E-07   6.12E-07
 6.25E+05   8.27E-05   1.29E-01   6.66E-01   0.00E+00   0.00E+00   3.31E-13   2.64E-07   9.92E-07
 7.75E+05   8.98E-05   1.32E-01   6.92E-01   0.00E+00   0.00E+00   4.32E-13   3.38E-07   1.49E-06
 9.25E+05   9.69E-05   1.34E-01   7.16E-01   0.00E+00   0.00E+00   5.63E-13   4.28E-07   2.13E-06
 1.08E+06   1.04E-04   1.36E-01   7.37E-01   0.00E+00   0.00E+00   7.39E-13   5.38E-07   2.93E-06
 1.22E+06   1.11E-04   1.38E-01   7.55E-01   0.00E+00   0.00E+00   9.92E-13   6.73E-07   3.94E-06
 1.38E+06   1.20E-04   1.40E-01   7.73E-01   0.00E+00   0.00E+00   1.34E-12   8.62E-07   5.40E-06
 1.52E+06   1.33E-04   1.43E-01   7.89E-01   0.00E+00   0.00E+00   1.83E-12   1.17E-06   7.90E-06
 1.68E+06   1.51E-04   1.45E-01   8.04E-01   0.00E+00   0.00E+00   2.54E-12   1.68E-06   1.23E-05
 1.82E+06   1.77E-04   1.46E-01   8.15E-01   0.00E+00   0.00E+00   3.56E-12   2.50E-06   1.99E-05
 1.98E+06   2.16E-04   1.48E-01   8.24E-01   0.00E+00   0.00E+00   5.11E-12   3.81E-06   3.32E-05
 2.12E+06   2.72E-04   1.48E-01   8.31E-01   0.00E+00   0.00E+00   7.55E-12   5.84E-06   5.70E-05
 2.28E+06   3.48E-04   1.49E-01   8.36E-01   0.00E+00   0.00E+00   1.15E-11   8.72E-06   9.71E-05
 2.42E+06   4.25E-04   1.50E-01   8.40E-01   0.00E+00   0.00E+00   1.76E-11   1.21E-05   1.51E-04
 2.58E+06   4.84E-04   1.50E-01   8.43E-01   0.00E+00   0.00E+00   2.63E-11   1.53E-05   2.02E-04
 2.72E+06   5.23E-04   1.50E-01   8.45E-01   0.00E+00   0.00E+00   3.72E-11   1.77E-05   2.41E-04
 2.88E+06   5.47E-04   1.50E-01   8.46E-01   0.00E+00   0.00E+00   5.08E-11   1.94E-05   2.68E-04
 3.02E+06   5.64E-04   1.50E-01   8.48E-01   0.00E+00   0.00E+00   6.79E-11   2.07E-05   2.86E-04
 3.18E+06   5.74E-04   1.51E-01   8.49E-01   0.00E+00   0.00E+00   8.97E-11   2.16E-05   3.00E-04
 3.32E+06   5.81E-04   1.51E-01   8.50E-01   0.00E+00   0.00E+00   1.18E-10   2.22E-05   3.09E-04
 3.48E+06   5.86E-04   1.51E-01   8.50E-01   0.00E+00   0.00E+00   1.53E-10   2.27E-05   3.15E-04
 3.62E+06   5.89E-04   1.51E-01   8.51E-01   0.00E+00   0.00E+00   1.99E-10   2.31E-05   3.20E-04
 3.78E+06   5.91E-04   1.51E-01   8.51E-01   0.00E+00   0.00E+00   2.59E-10   2.34E-05   3.24E-04
 3.92E+06   5.93E-04   1.51E-01   8.51E-01   0.00E+00   0.00E+00   3.38E-10   2.36E-05   3.27E-04
 4.08E+06   5.94E-04   1.51E-01   8.52E-01   0.00E+00   0.00E+00   4.41E-10   2.38E-05   3.29E-04
 4.22E+06   5.95E-04   1.51E-01   8.52E-01   0.00E+00   0.00E+00   5.77E-10   2.40E-05   3.30E-04
 4.38E+06   5.95E-04   1.51E-01   8.52E-01   0.00E+00   0.00E+00   7.59E-10   2.42E-05   3.32E-04
 4.52E+06   5.96E-04   1.51E-01   8.52E-01   0.00E+00   0.00E+00   1.00E-09   2.43E-05   3.33E-04
 4.68E+06   5.96E-04   1.51E-01   8.52E-01   0.00E+00   0.00E+00   1.33E-09   2.44E-05   3.34E-04
 4.82E+06   5.96E-04   1.51E-01   8.52E-01   0.00E+00   0.00E+00   1.77E-09   2.45E-05   3.34E-04
 4.98E+06   5.97E-04   1.51E-01   8.52E-01   0.00E+00   0.00E+00   2.35E-09   2.46E-05   3.35E-04
 5.12E+06   5.97E-04   1.51E-01   8.52E-01   0.00E+00   0.00E+00   3.13E-09   2.47E-05   3.35E-04
 5.28E+06   5.97E-04   1.51E-01   8.52E-01   0.00E+00   0.00E+00   4.14E-09   2.48E-05   3.36E-04
 5.42E+06   5.97E-04   1.51E-01   8.52E-01   0.00E+00   0.00E+00   5.45E-09   2.49E-05   3.36E-04
 5.58E+06   5.97E-04   1.51E-01   8.52E-01   0.00E+00   0.00E+00   7.17E-09   2.49E-05   3.37E-04
 5.72E+06   5.97E-04   1.51E-01   8.52E-01   0.00E+00   0.00E+00   9.43E-09   2.50E-05   3.37E-04
 5.88E+06   5.97E-04   1.51E-01   8.52E-01   0.00E+00   0.00E+00   1.25E-08   2.51E-05   3.37E-04
 6.02E+06   5.97E-04   1.51E-01   8.52E-01   0.00E+00   0.00E+00   1.66E-08   2.51E-05   3.37E-04
 6.18E+06   5.97E-04   1.51E-01   8.52E-01   0.00E+00   0.00E+00   2.25E-08   2.52E-05   3.37E-04
 6.32E+06   5.97E-04   1.51E-01   8.52E-01   0.00E+00   0.00E+00   3.03E-08   2.53E-05   3.37E-04
 6.48E+06   5.97E-04   1.51E-01   8.52E-01   0.00E+00   0.00E+00   3.96E-08   2.54E-05   3.38E-04
 6.62E+06   5.97E-04   1.51E-01   8.52E-01   0.00E+00   0.00E+00   5.17E-08   2.55E-05   3.38E-04
 6.78E+06   5.97E-04   1.51E-01   8.52E-01   0.00E+00   0.00E+00   6.75E-08   2.57E-05   3.38E-04
 6.92E+06   5.97E-04   1.51E-01   8.52E-01   0.00E+00   0.00E+00   8.81E-08   2.59E-05   3.38E-04
 7.08E+06   5.97E-04   1.51E-01   8.52E-01   0.00E+00   0.00E+00   1.15E-07   2.62E-05   3.38E-04
 7.22E+06   5.97E-04   1.51E-01   8.52E-01   0.00E+00   0.00E+00   1.50E-07   2.66E-05   3.38E-04
 7.38E+06   5.97E-04   1.51E-01   8.52E-01   0.00E+00   0.00E+00   1.96E-07   2.69E-05   3.38E-04
 7.52E+06   5.97E-04   1.51E-01   8.52E-01   0.00E+00   0.00E+00   2.56E-07   2.72E-05   3.38E-04
 7.68E+06   5.97E-04   1.51E-01   8.52E-01   0.00E+00   0.00E+00   3.34E-07   2.74E-05   3.38E-04
 7.82E+06   5.97E-04   1.51E-01   8.52E-01   0.00E+00   0.00E+00   4.35E-07   2.75E-05   3.38E-04
 7.98E+06   5.97E-04   1.51E-01   8.52E-01   0.00E+00   0.00E+00   5.68E-07   2.76E-05   3.38E-04
 8.12E+06   5.97E-04   1.51E-01   8.52E-01   0.00E+00   0.00E+00   7.41E-07   2.77E-05   3.38E-04
 8.28E+06   5.97E-04   1.51E-01   8.52E-01   0.00E+00   0.00E+00   9.66E-07   2.77E-05   3.38E-04
 8.42E+06   5.97E-04   1.51E-01   8.52E-01   0.00E+00   0.00E+00   1.26E-06   2.77E-05   3.38E-04
 8.58E+06   5.97E-04   1.51E-01   8.52E-01   0.00E+00   0.00E+00   1.64E-06   2.78E-05   3.38E-04
 8.72E+06   5.97E-04   1.51E-01   8.52E-01   0.00E+00   0.00E+00   2.14E-06   2.78E-05   3.38E-04
 8.88E+06   5.97E-04   1.51E-01   8.52E-01   0.00E+00   0.00E+00   2.79E-06   2.78E-05   3.38E-04
 9.02E+06   5.97E-04   1.51E-01   8.52E-01   0.00E+00   0.00E+00   3.64E-06   2.78E-05   3.38E-04
 9.18E+06   5.97E-04   1.51E-01   8.52E-01   0.00E+00   0.00E+00   4.74E-06   2.78E-05   3.38E-04
 9.32E+06   5.97E-04   1.51E-01   8.52E-01   0.00E+00   0.00E+00   6.17E-06   2.78E-05   3.38E-04
 9.48E+06   5.97E-04   1.51E-01   8.52E-01   0.00E+00   0.00E+00   8.03E-06   2.78E-05   3.38E-04
 9.62E+06   5.97E-04   1.51E-01   8.52E-01   0.00E+00   0.00E+00   1.05E-05   2.78E-05   3.38E-04
 9.78E+06   5.97E-04   1.51E-01   8.52E-01   0.00E+00   0.00E+00   1.36E-05   2.78E-05   3.38E-04
 9.92E+06   5.97E-04   1.51E-01   8.52E-01   0.00E+00   0.00E+00   1.77E-05   2.78E-05   3.38E-04

     Z      POCS       PNO3_NO    PNO3_NO2   PN2O       PHO2NO2_NO2PHO2NO2_NO3PN2O5_NO2  PN2O5_NO   
 2.50E+04   2.26E-09   1.09E-02   8.45E-02   1.16E-10   2.22E-06   5.55E-07   7.34E-08   1.21E-05
 1.75E+05   5.13E-09   1.11E-02   8.61E-02   3.27E-10   2.65E-06   6.63E-07   1.79E-07   1.40E-05
 3.25E+05   9.19E-09   1.13E-02   8.74E-02   7.63E-10   3.09E-06   7.73E-07   3.72E-07   1.57E-05
 4.75E+05   1.48E-08   1.15E-02   8.84E-02   1.57E-09   3.56E-06   8.94E-07   7.01E-07   1.72E-05
 6.25E+05   2.20E-08   1.16E-02   8.92E-02   2.86E-09   4.10E-06   1.04E-06   1.20E-06   1.86E-05
 7.75E+05   3.12E-08   1.18E-02   8.97E-02   4.64E-09   4.70E-06   1.20E-06   1.88E-06   2.00E-05
 9.25E+05   4.29E-08   1.20E-02   9.00E-02   6.85E-09   5.40E-06   1.40E-06   2.77E-06   2.12E-05
 1.08E+06   5.79E-08   1.22E-02   9.02E-02   9.57E-09   6.19E-06   1.63E-06   3.88E-06   2.24E-05
 1.22E+06   7.76E-08   1.23E-02   9.12E-02   1.34E-08   7.13E-06   1.90E-06   5.28E-06   2.35E-05
 1.38E+06   1.08E-07   1.25E-02   9.23E-02   1.87E-08   8.37E-06   2.27E-06   7.26E-06   2.47E-05
 1.52E+06   1.69E-07   1.27E-02   9.36E-02   2.71E-08   1.03E-05   2.85E-06   1.05E-05   2.62E-05
 1.68E+06   2.91E-07   1.28E-02   9.48E-02   4.05E-08   1.35E-05   3.78E-06   1.58E-05   2.80E-05
 1.82E+06   5.41E-07   1.30E-02   9.58E-02   6.06E-08   1.84E-05   5.21E-06   2.44E-05   3.03E-05
 1.98E+06   1.08E-06   1.31E-02   9.66E-02   8.94E-08   2.61E-05   7.42E-06   3.76E-05   3.34E-05
 2.12E+06   2.30E-06   1.32E-02   9.72E-02   1.28E-07   3.83E-05   1.08E-05   5.79E-05   3.75E-05
 2.28E+06   4.90E-06   1.32E-02   9.76E-02   1.71E-07   5.74E-05   1.60E-05   8.67E-05   4.31E-05
 2.42E+06   8.93E-06   1.33E-02   9.77E-02   2.11E-07   8.54E-05   2.33E-05   1.23E-04   4.99E-05
 2.58E+06   1.29E-05   1.33E-02   9.77E-02   2.41E-07   1.17E-04   3.16E-05   1.61E-04   5.63E-05
 2.72E+06   1.59E-05   1.34E-02   9.76E-02   2.65E-07   1.44E-04   3.85E-05   1.93E-04   6.11E-05
 2.88E+06   1.79E-05   1.34E-02   9.74E-02   2.84E-07   1.64E-04   4.36E-05   2.16E-04   6.44E-05
 3.02E+06   1.93E-05   1.34E-02   9.72E-02   3.00E-07   1.77E-04   4.71E-05   2.33E-04   6.67E-05
 3.18E+06   2.03E-05   1.34E-02   9.71E-02   3.15E-07   1.86E-04   4.95E-05   2.45E-04   6.81E-05
 3.32E+06   2.10E-05   1.35E-02   9.70E-02   3.30E-07   1.93E-04   5.12E-05   2.54E-04   6.90E-05
 3.48E+06   2.15E-05   1.35E-02   9.69E-02   3.43E-07   1.97E-04   5.23E-05   2.60E-04   6.96E-05
 3.62E+06   2.18E-05   1.35E-02   9.69E-02   3.55E-07   2.00E-04   5.31E-05   2.65E-04   7.01E-05
 3.78E+06   2.21E-05   1.35E-02   9.69E-02   3.66E-07   2.02E-04   5.37E-05   2.69E-04   7.03E-05
 3.92E+06   2.23E-05   1.35E-02   9.69E-02   3.77E-07   2.03E-04   5.41E-05   2.72E-04   7.05E-05
 4.08E+06   2.25E-05   1.35E-02   9.69E-02   3.89E-07   2.05E-04   5.44E-05   2.75E-04   7.07E-05
 4.22E+06   2.26E-05   1.35E-02   9.69E-02   4.07E-07   2.05E-04   5.47E-05   2.78E-04   7.08E-05
 4.38E+06   2.28E-05   1.35E-02   9.69E-02   4.36E-07   2.06E-04   5.48E-05   2.80E-04   7.09E-05
 4.52E+06   2.31E-05   1.35E-02   9.69E-02   4.80E-07   2.06E-04   5.50E-05   2.83E-04   7.09E-05
 4.68E+06   2.34E-05   1.35E-02   9.69E-02   5.39E-07   2.07E-04   5.51E-05   2.86E-04   7.10E-05
 4.82E+06   2.37E-05   1.35E-02   9.69E-02   6.08E-07   2.07E-04   5.51E-05   2.88E-04   7.10E-05
 4.98E+06   2.41E-05   1.35E-02   9.69E-02   6.83E-07   2.07E-04   5.52E-05   2.91E-04   7.10E-05
 5.12E+06   2.45E-05   1.35E-02   9.69E-02   7.62E-07   2.07E-04   5.52E-05   2.93E-04   7.10E-05
 5.28E+06   2.49E-05   1.35E-02   9.69E-02   8.45E-07   2.07E-04   5.52E-05   2.95E-04   7.10E-05
 5.42E+06   2.53E-05   1.35E-02   9.69E-02   9.35E-07   2.07E-04   5.53E-05   2.97E-04   7.10E-05
 5.58E+06   2.57E-05   1.35E-02   9.69E-02   1.04E-06   2.08E-04   5.53E-05   3.00E-04   7.10E-05
 5.72E+06   2.62E-05   1.35E-02   9.69E-02   1.16E-06   2.08E-04   5.53E-05   3.02E-04   7.10E-05
 5.88E+06   2.68E-05   1.35E-02   9.69E-02   1.29E-06   2.08E-04   5.53E-05   3.04E-04   7.11E-05
 6.02E+06   2.75E-05   1.35E-02   9.69E-02   1.43E-06   2.08E-04   5.53E-05   3.06E-04   7.11E-05
 6.18E+06   2.84E-05   1.35E-02   9.69E-02   1.58E-06   2.08E-04   5.53E-05   3.08E-04   7.11E-05
 6.32E+06   2.93E-05   1.35E-02   9.69E-02   1.71E-06   2.08E-04   5.53E-05   3.10E-04   7.11E-05
 6.48E+06   3.03E-05   1.35E-02   9.69E-02   1.83E-06   2.08E-04   5.53E-05   3.12E-04   7.11E-05
 6.62E+06   3.15E-05   1.35E-02   9.69E-02   1.94E-06   2.08E-04   5.53E-05   3.14E-04   7.11E-05
 6.78E+06   3.28E-05   1.35E-02   9.69E-02   2.03E-06   2.08E-04   5.53E-05   3.16E-04   7.11E-05
 6.92E+06   3.44E-05   1.35E-02   9.69E-02   2.12E-06   2.08E-04   5.53E-05   3.18E-04   7.11E-05
 7.08E+06   3.61E-05   1.35E-02   9.69E-02   2.19E-06   2.08E-04   5.53E-05   3.19E-04   7.11E-05
 7.22E+06   3.77E-05   1.35E-02   9.69E-02   2.25E-06   2.08E-04   5.53E-05   3.21E-04   7.11E-05
 7.38E+06   3.91E-05   1.35E-02   9.69E-02   2.31E-06   2.08E-04   5.53E-05   3.22E-04   7.11E-05
 7.52E+06   4.01E-05   1.35E-02   9.69E-02   2.35E-06   2.08E-04   5.53E-05   3.23E-04   7.11E-05
 7.68E+06   4.08E-05   1.35E-02   9.69E-02   2.38E-06   2.08E-04   5.53E-05   3.23E-04   7.11E-05
 7.82E+06   4.14E-05   1.35E-02   9.69E-02   2.40E-06   2.08E-04   5.53E-05   3.24E-04   7.11E-05
 7.98E+06   4.17E-05   1.35E-02   9.69E-02   2.41E-06   2.08E-04   5.53E-05   3.24E-04   7.11E-05
 8.12E+06   4.19E-05   1.35E-02   9.69E-02   2.42E-06   2.08E-04   5.53E-05   3.24E-04   7.11E-05
 8.28E+06   4.21E-05   1.35E-02   9.69E-02   2.43E-06   2.08E-04   5.53E-05   3.24E-04   7.11E-05
 8.42E+06   4.22E-05   1.35E-02   9.69E-02   2.43E-06   2.08E-04   5.53E-05   3.24E-04   7.11E-05
 8.58E+06   4.22E-05   1.35E-02   9.69E-02   2.44E-06   2.08E-04   5.53E-05   3.24E-04   7.11E-05
 8.72E+06   4.23E-05   1.35E-02   9.69E-02   2.44E-06   2.08E-04   5.53E-05   3.24E-04   7.11E-05
 8.88E+06   4.23E-05   1.35E-02   9.69E-02   2.44E-06   2.08E-04   5.53E-05   3.24E-04   7.11E-05
 9.02E+06   4.23E-05   1.35E-02   9.69E-02   2.44E-06   2.08E-04   5.53E-05   3.24E-04   7.11E-05
 9.18E+06   4.23E-05   1.35E-02   9.69E-02   2.44E-06   2.08E-04   5.53E-05   3.24E-04   7.11E-05
 9.32E+06   4.24E-05   1.35E-02   9.69E-02   2.44E-06   2.08E-04   5.53E-05   3.24E-04   7.11E-05
 9.48E+06   4.24E-05   1.35E-02   9.69E-02   2.44E-06   2.08E-04   5.53E-05   3.24E-04   7.11E-05
 9.62E+06   4.24E-05   1.35E-02   9.69E-02   2.44E-06   2.08E-04   5.53E-05   3.24E-04   7.11E-05
 9.78E+06   4.24E-05   1.35E-02   9.69E-02   2.44E-06   2.08E-04   5.53E-05   3.24E-04   7.11E-05
 9.92E+06   4.24E-05   1.35E-02   9.69E-02   2.44E-06   2.08E-04   5.53E-05   3.24E-04   7.11E-05
 N =    1  EMAX = 2.29E-05 FOR CH3     AT Z = 1.02E+06 U = 9.31E-20 RHS = 2.14E-24  DT = 5.00E-06  TIME = 1.00E-06
 N =    2  EMAX = 1.07E-04 FOR CH3     AT Z = 1.12E+06 U = 9.62E-20 RHS = 1.03E-23  DT = 2.50E-05  TIME = 6.00E-06
 N =    3  EMAX = 4.04E-04 FOR CH3     AT Z = 1.12E+06 U = 9.62E-20 RHS = 3.89E-23  DT = 1.25E-04  TIME = 3.10E-05
 N =    4  EMAX = 7.62E-04 FOR CH3     AT Z = 1.12E+06 U = 9.63E-20 RHS = 7.34E-23  DT = 5.00E-04  TIME = 1.56E-04
 N =    5  EMAX = 7.96E-04 FOR SO3     AT Z = 5.25E+05 U = 1.97E-19 RHS =-1.57E-22  DT = 2.00E-03  TIME = 6.56E-04
 N =    6  EMAX = 1.05E-03 FOR SO3     AT Z = 6.75E+05 U = 8.30E-19 RHS =-8.68E-22  DT = 6.00E-03  TIME = 2.66E-03
 N =    7  EMAX = 1.11E-03 FOR SO3     AT Z = 7.75E+05 U = 2.35E-18 RHS =-2.61E-21  DT = 1.80E-02  TIME = 8.66E-03
 N =    8  EMAX = 1.21E-03 FOR SO3     AT Z = 8.75E+05 U = 7.43E-18 RHS =-8.98E-21  DT = 5.40E-02  TIME = 2.67E-02
 N =    9  EMAX = 1.29E-03 FOR SO3     AT Z = 9.75E+05 U = 2.68E-17 RHS =-3.47E-20  DT = 1.62E-01  TIME = 8.07E-02
 N =   10  EMAX = 1.39E-03 FOR SO3     AT Z = 1.02E+06 U = 5.41E-17 RHS =-7.54E-20  DT = 4.86E-01  TIME = 2.43E-01
 N =   11  EMAX = 1.15E-03 FOR SO3     AT Z = 1.08E+06 U = 8.77E-17 RHS =-1.01E-19  DT = 1.46E+00  TIME = 7.29E-01
 N =   12  EMAX = 1.21E-03 FOR CH3     AT Z = 9.98E+06 U = 9.46E-19 RHS =-1.14E-21  DT = 4.37E+00  TIME = 2.19E+00
 N =   13  EMAX = 8.70E-04 FOR NO2     AT Z = 8.88E+06 U = 1.07E-20 RHS = 9.34E-24  DT = 1.75E+01  TIME = 6.56E+00
 N =   14  EMAX = 1.16E-03 FOR N       AT Z = 9.25E+05 U = 3.45E-20 RHS =-4.00E-23  DT = 5.25E+01  TIME = 2.41E+01
 N =   15  EMAX = 1.96E-03 FOR NO2     AT Z = 8.38E+06 U = 4.58E-20 RHS = 8.96E-23  DT = 1.57E+02  TIME = 7.65E+01
 N =   16  EMAX = 3.41E-03 FOR NO2     AT Z = 8.52E+06 U = 2.91E-20 RHS = 9.93E-23  DT = 4.72E+02  TIME = 2.34E+02
 N =   17  EMAX = 3.52E-03 FOR NO      AT Z = 9.48E+06 U = 5.50E-14 RHS = 1.93E-16  DT = 1.42E+03  TIME = 7.06E+02
 N =   18  EMAX = 2.33E-03 FOR NO      AT Z = 9.98E+06 U = 4.77E-14 RHS = 1.11E-16  DT = 4.25E+03  TIME = 2.12E+03
 N =   19  EMAX = 1.65E-03 FOR H2CO    AT Z = 8.42E+06 U = 6.52E-15 RHS =-1.08E-17  DT = 1.28E+04  TIME = 6.38E+03
 N =   20  EMAX = 1.44E-03 FOR H2SO4   AT Z = 2.88E+06 U = 1.30E-20 RHS =-1.87E-23  DT = 3.83E+04  TIME = 1.91E+04
 N =   21  EMAX = 2.76E-03 FOR H2SO4   AT Z = 2.88E+06 U = 1.30E-20 RHS =-3.59E-23  DT = 1.15E+05  TIME = 5.74E+04
 N =   22  EMAX = 3.09E-03 FOR H2SO4   AT Z = 2.88E+06 U = 1.29E-20 RHS =-4.00E-23  DT = 3.44E+05  TIME = 1.72E+05
 N =   23  EMAX = 1.53E-03 FOR H2SO4   AT Z = 2.88E+06 U = 1.29E-20 RHS =-1.98E-23  DT = 1.03E+06  TIME = 5.17E+05
 N =   24  EMAX = 9.82E-04 FOR CH4     AT Z = 9.98E+06 U = 3.95E-13 RHS =-3.88E-16  DT = 4.13E+06  TIME = 1.55E+06
 N =   25  EMAX = 1.58E-03 FOR HO2NO2  AT Z = 5.82E+06 U = 3.39E-19 RHS =-5.34E-22  DT = 1.24E+07  TIME = 5.68E+06
 N =   26  EMAX = 9.67E-04 FOR C2H6    AT Z = 2.88E+06 U = 1.02E-19 RHS = 9.89E-23  DT = 4.96E+07  TIME = 1.81E+07
 N =   27  EMAX = 1.14E-03 FOR SO2     AT Z = 2.62E+06 U = 1.24E-20 RHS =-1.41E-23  DT = 1.49E+08  TIME = 6.77E+07
 N =   28  EMAX = 1.75E-03 FOR SO2     AT Z = 2.62E+06 U = 1.24E-20 RHS =-2.17E-23  DT = 4.46E+08  TIME = 2.16E+08
 N =   29  EMAX = 1.14E-03 FOR SO2     AT Z = 2.62E+06 U = 1.24E-20 RHS =-1.41E-23  DT = 1.34E+09  TIME = 6.63E+08
 N =   30  EMAX = 6.31E-04 FOR H2SO4   AT Z = 2.78E+06 U = 3.36E-20 RHS =-2.12E-23  DT = 5.36E+09  TIME = 2.00E+09
 N =   31  EMAX = 2.02E-04 FOR SO2     AT Z = 2.62E+06 U = 1.24E-20 RHS =-2.49E-24  DT = 2.68E+10  TIME = 7.36E+09
 N =   32  EMAX = 8.39E-05 FOR CO2     AT Z = 9.98E+06 U = 5.64E-05 RHS = 4.73E-09  DT = 1.34E+11  TIME = 3.41E+10
 N =   33  EMAX = 1.03E-04 FOR HCO     AT Z = 4.08E+06 U = 9.24E-18 RHS =-9.56E-22  DT = 6.69E+11  TIME = 1.68E+11
 N =   34  EMAX = 6.67E-05 FOR C2H6    AT Z = 9.98E+06 U = 3.04E-17 RHS = 2.03E-21  DT = 3.35E+12  TIME = 8.37E+11
 N =   35  EMAX = 1.35E-05 FOR C2H6    AT Z = 9.98E+06 U = 3.04E-17 RHS = 4.11E-22  DT = 1.67E+13  TIME = 4.18E+12
 N =   36  EMAX = 1.50E-06 FOR C2H6    AT Z = 9.98E+06 U = 3.04E-17 RHS = 4.54E-23  DT = 8.37E+13  TIME = 2.09E+13
 N =   37  EMAX = 4.79E-07 FOR SO2     AT Z = 2.62E+06 U = 1.24E-20 RHS = 5.91E-27  DT = 4.18E+14  TIME = 1.05E+14
 N =   38  EMAX = 2.04E-07 FOR SO2     AT Z = 2.62E+06 U = 1.24E-20 RHS = 2.52E-27  DT = 2.09E+15  TIME = 5.23E+14
 N =   39  EMAX = 5.85E-08 FOR SO2     AT Z = 2.62E+06 U = 1.24E-20 RHS = 7.23E-28  DT = 1.05E+16  TIME = 2.62E+15
 N =   40  EMAX = 1.80E-08 FOR SO2     AT Z = 2.62E+06 U = 1.24E-20 RHS = 2.22E-28  DT = 5.23E+16  TIME = 1.31E+16
 N =   41  EMAX = 4.26E-09 FOR SO2     AT Z = 2.62E+06 U = 1.24E-20 RHS = 5.27E-29  DT = 2.62E+17  TIME = 6.54E+16
 N =   42  EMAX = 1.15E-09 FOR SO2     AT Z = 2.62E+06 U = 1.24E-20 RHS = 1.42E-29  DT = 1.31E+18  TIME = 3.27E+17

 ENERGY FLUXES IN W/m2/nm (NOT DIURNALLY AVERAGED)

  L   WAV      TAUR      EFLUX     GFLUX     S(1)
   1 1177.2  1.071E+02 5.413E-05 0.000E+00 0.000E+00
   2 1178.6  1.064E+02 4.768E-05 0.000E+00 0.000E+00
   3 1179.9  1.058E+02 4.123E-05 0.000E+00 0.000E+00
   4 1181.3  1.051E+02 3.455E-05 0.000E+00 0.000E+00
   5 1182.7  1.045E+02 2.786E-05 0.000E+00 0.000E+00
   6 1184.1  1.038E+02 2.117E-05 0.000E+00 0.000E+00
   7 1185.5  1.031E+02 1.899E-05 0.000E+00 0.000E+00
   8 1186.9  1.025E+02 2.442E-05 0.000E+00 0.000E+00
   9 1188.3  1.018E+02 3.017E-05 0.000E+00 0.000E+00
  10 1189.8  1.011E+02 3.593E-05 0.000E+00 0.000E+00
  11 1191.2  1.005E+02 4.149E-05 0.000E+00 0.000E+00
  12 1192.6  9.985E+01 4.704E-05 0.000E+00 0.000E+00
  13 1194.0  9.922E+01 5.260E-05 0.000E+00 0.000E+00
  14 1195.5  9.859E+01 5.608E-05 0.000E+00 0.000E+00
  15 1196.9  9.793E+01 5.512E-05 0.000E+00 0.000E+00
  16 1198.3  9.731E+01 5.891E-05 0.000E+00 0.000E+00
  17 1199.8  9.670E+01 6.400E-05 0.000E+00 0.000E+00
  18 1201.2  9.605E+01 5.848E-05 0.000E+00 0.000E+00
  19 1202.7  9.545E+01 5.851E-05 0.000E+00 0.000E+00
  20 1204.1  9.481E+01 1.550E-04 0.000E+00 0.000E+00
  21 1205.5  9.422E+01 3.814E-04 0.000E+00 0.000E+00
  22 1207.0  9.359E+01 3.958E-04 0.000E+00 0.000E+00
  23 1208.5  9.301E+01 1.820E-04 0.000E+00 0.000E+00
  24 1210.0  9.239E+01 1.014E-04 0.000E+00 0.000E+00
  25 1211.4  9.178E+01 2.778E-04 0.000E+00 0.000E+00
  26 1212.8  9.121E+01 4.063E-03 0.000E+00 0.000E+00
  27 1214.3  9.061E+01 1.837E-02 0.000E+00 0.000E+00
  28 1215.8  9.001E+01 2.550E-02 0.000E+00 0.000E+00
  29 1217.2  8.945E+01 1.269E-02 0.000E+00 0.000E+00
  30 1218.8  8.886E+01 1.953E-03 0.000E+00 0.000E+00
  31 1220.2  8.828E+01 2.304E-04 0.000E+00 0.000E+00
  32 1221.8  8.770E+01 9.415E-05 0.000E+00 0.000E+00
  33 1223.2  8.712E+01 6.190E-05 0.000E+00 0.000E+00
  34 1224.8  8.655E+01 4.859E-05 0.000E+00 0.000E+00
  35 1226.2  8.599E+01 4.298E-05 0.000E+00 0.000E+00
  36 1227.8  8.543E+01 4.077E-05 0.000E+00 0.000E+00
  37 1229.2  8.487E+01 3.730E-05 0.000E+00 0.000E+00
  38 1230.8  8.432E+01 3.304E-05 0.000E+00 0.000E+00
  39 1232.2  8.377E+01 3.085E-05 0.000E+00 0.000E+00
  40 1233.8  8.323E+01 3.007E-05 0.000E+00 0.000E+00
  41 1235.3  8.265E+01 3.114E-05 0.000E+00 0.000E+00
  42 1236.8  8.212E+01 4.785E-05 0.000E+00 0.000E+00
  43 1238.4  8.159E+01 6.985E-05 0.000E+00 0.000E+00
  44 1240.0  8.103E+01 5.861E-05 0.000E+00 0.000E+00
  45 1241.5  8.051E+01 4.901E-05 0.000E+00 0.000E+00
  46 1243.0  7.999E+01 4.753E-05 0.000E+00 0.000E+00
  47 1244.5  7.945E+01 3.176E-05 0.000E+00 0.000E+00
  48 1246.1  7.894E+01 2.375E-05 0.000E+00 0.000E+00
  49 1247.7  7.840E+01 2.316E-05 0.000E+00 0.000E+00
  50 1249.2  7.790E+01 2.327E-05 0.000E+00 0.000E+00
  51 1250.8  7.737E+01 2.382E-05 0.000E+00 0.000E+00
  52 1252.3  7.685E+01 2.661E-05 0.000E+00 0.000E+00
  53 1253.9  7.636E+01 3.071E-05 0.000E+00 0.000E+00
  54 1255.5  7.584E+01 3.062E-05 0.000E+00 0.000E+00
  55 1257.1  7.533E+01 3.412E-05 0.000E+00 0.000E+00
  56 1258.7  7.482E+01 4.922E-05 0.000E+00 0.000E+00
  57 1260.2  7.435E+01 5.734E-05 0.000E+00 0.000E+00
  58 1261.8  7.385E+01 4.188E-05 0.000E+00 0.000E+00
  59 1263.4  7.336E+01 5.704E-05 0.000E+00 0.000E+00
  60 1265.0  7.287E+01 8.211E-05 0.000E+00 0.000E+00
  61 1266.6  7.238E+01 5.035E-05 0.000E+00 0.000E+00
  62 1268.2  7.190E+01 2.200E-05 0.000E+00 0.000E+00
  63 1269.8  7.142E+01 1.766E-05 0.000E+00 0.000E+00
  64 1271.4  7.095E+01 1.748E-05 0.000E+00 0.000E+00
  65 1273.1  7.045E+01 2.007E-05 0.000E+00 0.000E+00
  66 1274.7  6.998E+01 2.742E-05 0.000E+00 0.000E+00
  67 1276.3  6.952E+01 3.156E-05 0.000E+00 0.000E+00
  68 1277.9  6.906E+01 3.090E-05 0.000E+00 0.000E+00
  69 1279.6  6.858E+01 2.813E-05 0.000E+00 0.000E+00
  70 1281.2  6.813E+01 2.158E-05 0.000E+00 0.000E+00
  71 1282.9  6.765E+01 1.577E-05 0.000E+00 0.000E+00
  72 1284.5  6.721E+01 1.463E-05 0.000E+00 0.000E+00
  73 1286.2  6.677E+01 1.767E-05 0.000E+00 0.000E+00
  74 1287.8  6.630E+01 2.579E-05 0.000E+00 0.000E+00
  75 1289.5  6.584E+01 2.603E-05 0.000E+00 0.000E+00
  76 1291.2  6.542E+01 1.933E-05 0.000E+00 0.000E+00
  77 1292.8  6.496E+01 1.789E-05 0.000E+00 0.000E+00
  78 1294.5  6.452E+01 2.386E-05 0.000E+00 0.000E+00
  79 1296.2  6.410E+01 2.750E-05 0.000E+00 0.000E+00
  80 1297.8  6.366E+01 3.032E-05 0.000E+00 0.000E+00
  81 1299.6  6.322E+01 6.221E-05 0.000E+00 0.000E+00
  82 1301.2  6.279E+01 1.605E-04 0.000E+00 0.000E+00
  83 1302.9  6.236E+01 2.341E-04 0.000E+00 0.000E+00
  84 1304.7  6.194E+01 3.161E-04 0.000E+00 0.000E+00
  85 1306.3  6.151E+01 2.521E-04 0.000E+00 0.000E+00
  86 1308.1  6.110E+01 9.567E-05 0.000E+00 0.000E+00
  87 1309.8  6.068E+01 5.384E-05 0.000E+00 0.000E+00
  88 1311.4  6.027E+01 3.787E-05 0.000E+00 0.000E+00
  89 1313.2  5.986E+01 2.660E-05 0.000E+00 0.000E+00
  90 1314.9  5.944E+01 2.578E-05 0.000E+00 0.000E+00
  91 1316.7  5.904E+01 3.090E-05 0.000E+00 0.000E+00
  92 1318.4  5.864E+01 3.087E-05 0.000E+00 0.000E+00
  93 1320.2  5.822E+01 2.333E-05 0.000E+00 0.000E+00
  94 1321.9  5.783E+01 1.999E-05 0.000E+00 0.000E+00
  95 1323.7  5.742E+01 2.261E-05 0.000E+00 0.000E+00
  96 1325.4  5.704E+01 2.198E-05 0.000E+00 0.000E+00
  97 1327.2  5.664E+01 2.565E-05 0.000E+00 0.000E+00
  98 1328.9  5.626E+01 3.306E-05 0.000E+00 0.000E+00
  99 1330.7  5.586E+01 3.243E-05 0.000E+00 0.000E+00
 100 1332.4  5.547E+01 1.605E-04 0.000E+00 0.000E+00
 101 1334.2  5.510E+01 5.537E-04 0.000E+00 0.000E+00
 102 1336.0  5.472E+01 5.056E-04 0.000E+00 0.000E+00
 103 1337.8  5.434E+01 1.145E-04 0.000E+00 0.000E+00
 104 1339.6  5.396E+01 2.202E-05 0.000E+00 0.000E+00
 105 1341.4  5.358E+01 2.130E-05 0.000E+00 0.000E+00
 106 1343.2  5.321E+01 2.151E-05 0.000E+00 0.000E+00
 107 1345.0  5.284E+01 2.168E-05 0.000E+00 0.000E+00
 108 1346.8  5.247E+01 2.256E-05 0.000E+00 0.000E+00
 109 1348.6  5.211E+01 2.619E-05 0.000E+00 0.000E+00
 110 1350.5  5.175E+01 3.956E-05 0.000E+00 0.000E+00
 111 1352.3  5.138E+01 4.245E-05 0.000E+00 0.000E+00
 112 1354.1  5.102E+01 4.974E-05 0.000E+00 0.000E+00
 113 1356.0  5.067E+01 6.151E-05 0.000E+00 0.000E+00
 114 1357.8  5.031E+01 5.111E-05 0.000E+00 0.000E+00
 115 1359.6  4.996E+01 4.212E-05 0.000E+00 0.000E+00
 116 1361.5  4.962E+01 3.367E-05 0.000E+00 0.000E+00
 117 1363.3  4.926E+01 3.233E-05 0.000E+00 0.000E+00
 118 1365.2  4.891E+01 3.022E-05 0.000E+00 0.000E+00
 119 1367.0  4.858E+01 2.976E-05 0.000E+00 0.000E+00
 120 1369.0  4.823E+01 3.424E-05 0.000E+00 0.000E+00
 121 1370.8  4.789E+01 3.814E-05 0.000E+00 0.000E+00
 122 1372.7  4.756E+01 3.609E-05 0.000E+00 0.000E+00
 123 1374.5  4.723E+01 3.130E-05 0.000E+00 0.000E+00
 124 1376.5  4.689E+01 2.991E-05 0.000E+00 0.000E+00
 125 1378.3  4.656E+01 3.258E-05 0.000E+00 0.000E+00
 126 1380.2  4.623E+01 3.565E-05 0.000E+00 0.000E+00
 127 1382.2  4.590E+01 3.438E-05 0.000E+00 0.000E+00
 128 1384.0  4.558E+01 3.249E-05 0.000E+00 0.000E+00
 129 1386.0  4.526E+01 3.416E-05 0.000E+00 0.000E+00
 130 1388.0  4.492E+01 3.596E-05 0.000E+00 0.000E+00
 131 1389.8  4.461E+01 4.015E-05 0.000E+00 0.000E+00
 132 1391.8  4.430E+01 1.225E-04 0.000E+00 0.000E+00
 133 1393.8  4.397E+01 2.103E-04 0.000E+00 0.000E+00
 134 1395.7  4.366E+01 1.132E-04 0.000E+00 0.000E+00
 135 1397.6  4.336E+01 4.745E-05 0.000E+00 0.000E+00
 136 1399.6  4.304E+01 6.685E-05 0.000E+00 0.000E+00
 137 1401.5  4.273E+01 1.299E-04 0.000E+00 0.000E+00
 138 1403.5  4.243E+01 1.288E-04 0.000E+00 0.000E+00
 139 1405.5  4.212E+01 6.890E-05 0.000E+00 0.000E+00
 140 1407.5  4.182E+01 4.960E-05 0.000E+00 0.000E+00
 141 1409.5  4.152E+01 4.897E-05 0.000E+00 0.000E+00
 142 1411.4  4.123E+01 5.215E-05 0.000E+00 0.000E+00
 143 1413.4  4.093E+01 5.092E-05 0.000E+00 0.000E+00
 144 1415.4  4.064E+01 4.986E-05 0.000E+00 0.000E+00
 145 1417.4  4.035E+01 5.040E-05 0.000E+00 0.000E+00
 146 1419.5  4.006E+01 4.958E-05 0.000E+00 0.000E+00
 147 1421.5  3.976E+01 5.019E-05 0.000E+00 0.000E+00
 148 1423.5  3.947E+01 5.965E-05 0.000E+00 0.000E+00
 149 1425.5  3.919E+01 6.274E-05 0.000E+00 0.000E+00
 150 1427.5  3.891E+01 5.269E-05 0.000E+00 0.000E+00
 151 1429.6  3.862E+01 5.402E-05 0.000E+00 0.000E+00
 152 1431.7  3.835E+01 6.567E-05 0.000E+00 0.000E+00
 153 1433.7  3.806E+01 6.713E-05 0.000E+00 0.000E+00
 154 1435.8  3.779E+01 6.111E-05 0.000E+00 0.000E+00
 155 1437.8  3.751E+01 5.862E-05 0.000E+00 0.000E+00
 156 1439.8  3.725E+01 5.711E-05 0.000E+00 0.000E+00
 157 1442.0  3.697E+01 5.829E-05 0.000E+00 0.000E+00
 158 1444.0  3.670E+01 6.098E-05 0.000E+00 0.000E+00
 159 1446.2  3.643E+01 6.205E-05 0.000E+00 0.000E+00
 160 1448.2  3.616E+01 5.994E-05 0.000E+00 0.000E+00
 161 1450.3  3.590E+01 5.957E-05 0.000E+00 0.000E+00
 162 1452.5  3.563E+01 6.227E-05 0.000E+00 0.000E+00
 163 1454.5  3.537E+01 6.600E-05 0.000E+00 0.000E+00
 164 1456.7  3.512E+01 6.589E-05 0.000E+00 0.000E+00
 165 1458.8  3.486E+01 6.696E-05 0.000E+00 0.000E+00
 166 1461.0  3.460E+01 6.926E-05 0.000E+00 0.000E+00
 167 1463.0  3.435E+01 7.491E-05 0.000E+00 0.000E+00
 168 1465.2  3.410E+01 7.765E-05 0.000E+00 0.000E+00
 169 1467.3  3.384E+01 8.866E-05 0.000E+00 0.000E+00
 170 1469.5  3.360E+01 8.868E-05 0.000E+00 0.000E+00
 171 1471.7  3.334E+01 1.093E-04 0.000E+00 0.000E+00
 172 1473.8  3.309E+01 1.260E-04 0.000E+00 0.000E+00
 173 1476.0  3.286E+01 9.189E-05 0.000E+00 0.000E+00
 174 1478.2  3.261E+01 7.718E-05 0.000E+00 0.000E+00
 175 1480.4  3.237E+01 9.513E-05 0.000E+00 0.000E+00
 176 1482.6  3.212E+01 1.090E-04 0.000E+00 0.000E+00
 177 1484.8  3.189E+01 9.774E-05 0.000E+00 0.000E+00
 178 1487.0  3.165E+01 9.585E-05 0.000E+00 0.000E+00
 179 1489.2  3.141E+01 8.629E-05 0.000E+00 0.000E+00
 180 1491.4  3.118E+01 8.798E-05 0.000E+00 0.000E+00
 181 1493.7  3.095E+01 9.053E-05 0.000E+00 0.000E+00
 182 1495.9  3.071E+01 8.783E-05 0.000E+00 0.000E+00
 183 1498.2  3.049E+01 9.003E-05 0.000E+00 0.000E+00
 184 1500.4  3.025E+01 9.779E-05 0.000E+00 0.000E+00
 185 1502.7  3.003E+01 9.895E-05 0.000E+00 0.000E+00
 186 1504.9  2.980E+01 9.643E-05 0.000E+00 0.000E+00
 187 1507.2  2.958E+01 9.797E-05 0.000E+00 0.000E+00
 188 1509.4  2.936E+01 1.057E-04 0.000E+00 0.000E+00
 189 1511.8  2.914E+01 1.091E-04 0.000E+00 0.000E+00
 190 1514.1  2.891E+01 1.031E-04 0.000E+00 0.000E+00
 191 1516.3  2.870E+01 1.031E-04 0.000E+00 0.000E+00
 192 1518.7  2.848E+01 1.035E-04 0.000E+00 0.000E+00
 193 1520.9  2.826E+01 1.071E-04 0.000E+00 0.000E+00
 194 1523.2  2.805E+01 1.179E-04 0.000E+00 0.000E+00
 195 1525.6  2.784E+01 1.600E-04 0.000E+00 0.000E+00
 196 1527.9  2.763E+01 1.577E-04 0.000E+00 0.000E+00
 197 1530.2  2.742E+01 1.299E-04 0.000E+00 0.000E+00
 198 1532.6  2.721E+01 1.766E-04 0.000E+00 0.000E+00
 199 1534.9  2.701E+01 1.678E-04 0.000E+00 0.000E+00
 200 1537.3  2.680E+01 1.354E-04 0.000E+00 0.000E+00
 201 1539.7  2.659E+01 1.384E-04 0.000E+00 0.000E+00
 202 1542.0  2.639E+01 1.408E-04 0.000E+00 0.000E+00
 203 1544.4  2.619E+01 1.459E-04 0.000E+00 0.000E+00
 204 1546.8  2.599E+01 3.516E-04 0.000E+00 0.000E+00
 205 1549.2  2.579E+01 4.828E-04 0.000E+00 0.000E+00
 206 1551.6  2.559E+01 2.998E-04 0.000E+00 0.000E+00
 207 1554.0  2.540E+01 1.518E-04 0.000E+00 0.000E+00
 208 1556.4  2.520E+01 1.538E-04 0.000E+00 0.000E+00
 209 1558.8  2.501E+01 2.564E-04 0.000E+00 0.000E+00
 210 1561.3  2.481E+01 2.890E-04 0.000E+00 0.000E+00
 211 1563.7  2.462E+01 1.903E-04 0.000E+00 0.000E+00
 212 1566.2  2.444E+01 1.711E-04 0.000E+00 0.000E+00
 213 1568.7  2.424E+01 1.946E-04 0.000E+00 0.000E+00
 214 1571.1  2.405E+01 1.993E-04 0.000E+00 0.000E+00
 215 1573.5  2.387E+01 2.187E-04 0.000E+00 0.000E+00
 216 1576.0  2.369E+01 2.004E-04 0.000E+00 0.000E+00
 217 1578.5  2.350E+01 1.707E-04 0.000E+00 0.000E+00
 218 1581.0  2.332E+01 1.771E-04 0.000E+00 0.000E+00
 219 1583.5  2.314E+01 1.776E-04 0.000E+00 0.000E+00
 220 1586.0  2.296E+01 1.916E-04 0.000E+00 0.000E+00
 221 1588.5  2.278E+01 1.992E-04 0.000E+00 0.000E+00
 222 1591.1  2.260E+01 1.891E-04 0.000E+00 0.000E+00
 223 1593.7  2.242E+01 1.969E-04 0.000E+00 0.000E+00
 224 1596.2  2.225E+01 1.861E-04 0.000E+00 0.000E+00
 225 1598.7  2.208E+01 1.789E-04 0.000E+00 0.000E+00
 226 1601.3  2.190E+01 2.093E-04 0.000E+00 0.000E+00
 227 1603.8  2.173E+01 2.073E-04 0.000E+00 0.000E+00
 228 1606.4  2.156E+01 2.038E-04 0.000E+00 0.000E+00
 229 1609.0  2.139E+01 2.312E-04 0.000E+00 0.000E+00
 230 1611.6  2.122E+01 2.644E-04 0.000E+00 0.000E+00
 231 1614.2  2.105E+01 2.544E-04 0.000E+00 0.000E+00
 232 1616.8  2.089E+01 2.298E-04 0.000E+00 0.000E+00
 233 1619.4  2.072E+01 2.476E-04 0.000E+00 0.000E+00
 234 1622.1  2.056E+01 2.793E-04 0.000E+00 0.000E+00
 235 1624.7  2.039E+01 2.934E-04 0.000E+00 0.000E+00
 236 1627.3  2.023E+01 2.898E-04 0.000E+00 0.000E+00
 237 1630.0  2.007E+01 2.857E-04 0.000E+00 0.000E+00
 238 1632.7  1.992E+01 3.076E-04 0.000E+00 0.000E+00
 239 1635.3  1.975E+01 3.009E-04 0.000E+00 0.000E+00
 240 1638.0  1.960E+01 3.555E-04 0.000E+00 0.000E+00
 241 1640.7  1.944E+01 4.226E-04 0.000E+00 0.000E+00
 242 1643.3  1.929E+01 3.455E-04 0.000E+00 0.000E+00
 243 1646.1  1.913E+01 3.101E-04 0.000E+00 0.000E+00
 244 1648.8  1.898E+01 3.060E-04 0.000E+00 0.000E+00
 245 1651.6  1.882E+01 2.994E-04 0.000E+00 0.000E+00
 246 1654.2  1.868E+01 4.522E-04 0.000E+00 0.000E+00
 247 1657.0  1.853E+01 8.233E-04 0.000E+00 0.000E+00
 248 1659.8  1.838E+01 5.530E-04 0.000E+00 0.000E+00
 249 1662.5  1.823E+01 3.785E-04 0.000E+00 0.000E+00
 250 1665.3  1.808E+01 3.720E-04 0.000E+00 0.000E+00
 251 1668.1  1.793E+01 3.955E-04 0.000E+00 0.000E+00
 252 1670.8  1.779E+01 4.912E-04 0.000E+00 0.000E+00
 253 1673.6  1.765E+01 4.275E-04 0.000E+00 0.000E+00
 254 1676.5  1.751E+01 4.123E-04 0.000E+00 0.000E+00
 255 1679.3  1.736E+01 4.218E-04 0.000E+00 0.000E+00
 256 1682.1  1.722E+01 4.298E-04 0.000E+00 0.000E+00
 257 1684.9  1.708E+01 4.870E-04 0.000E+00 0.000E+00
 258 1687.8  1.694E+01 5.413E-04 0.000E+00 0.000E+00
 259 1690.6  1.680E+01 5.700E-04 0.000E+00 0.000E+00
 260 1693.5  1.667E+01 6.138E-04 0.000E+00 0.000E+00
 261 1696.3  1.653E+01 6.693E-04 0.000E+00 0.000E+00
 262 1699.2  1.640E+01 6.997E-04 0.000E+00 0.000E+00
 263 1702.2  1.626E+01 7.582E-04 0.000E+00 0.000E+00
 264 1705.0  1.613E+01 7.069E-04 0.000E+00 0.000E+00
 265 1708.0  1.599E+01 7.524E-04 0.000E+00 0.000E+00
 266 1710.8  1.586E+01 7.515E-04 0.000E+00 0.000E+00
 267 1713.8  1.573E+01 7.052E-04 0.000E+00 0.000E+00
 268 1716.8  1.560E+01 7.787E-04 0.000E+00 0.000E+00
 269 1719.7  1.548E+01 8.083E-04 0.000E+00 0.000E+00
 270 1722.7  1.535E+01 7.764E-04 0.000E+00 0.000E+00
 271 1725.6  1.522E+01 8.303E-04 0.000E+00 0.000E+00
 272 1728.6  1.509E+01 7.812E-04 0.000E+00 0.000E+00
 273 1731.6  1.497E+01 7.491E-04 0.000E+00 0.000E+00
 274 1734.6  1.484E+01 8.041E-04 0.000E+00 0.000E+00
 275 1737.6  1.472E+01 8.396E-04 0.000E+00 0.000E+00
 276 1740.7  1.460E+01 9.183E-04 0.000E+00 0.000E+00
 277 1743.7  1.448E+01 1.002E-03 0.000E+00 0.000E+00
 278 1746.8  1.436E+01 9.724E-04 0.000E+00 0.000E+00
 279 1749.8  1.423E+01 1.021E-03 0.000E+00 0.000E+00
 280 1752.8  1.412E+01 1.142E-03 0.000E+00 0.000E+00
 281 1756.0  1.400E+01 1.218E-03 0.000E+00 0.000E+00
 282 1759.0  1.388E+01 1.261E-03 0.000E+00 0.000E+00
 283 1762.2  1.376E+01 1.261E-03 0.000E+00 0.000E+00
 284 1765.2  1.365E+01 1.209E-03 0.000E+00 0.000E+00
 285 1768.3  1.353E+01 1.383E-03 0.000E+00 0.000E+00
 286 1771.5  1.342E+01 1.592E-03 0.000E+00 0.000E+00
 287 1774.6  1.331E+01 1.512E-03 0.000E+00 0.000E+00
 288 1777.8  1.319E+01 1.493E-03 0.000E+00 0.000E+00
 289 1781.0  1.308E+01 1.673E-03 0.000E+00 0.000E+00
 290 1784.1  1.297E+01 1.671E-03 0.000E+00 0.000E+00
 291 1787.3  1.286E+01 1.733E-03 0.000E+00 0.000E+00
 292 1790.5  1.275E+01 1.811E-03 0.000E+00 0.000E+00
 293 1793.7  1.264E+01 1.615E-03 0.000E+00 0.000E+00
 294 1796.9  1.254E+01 1.666E-03 0.000E+00 0.000E+00
 295 1800.2  1.243E+01 1.826E-03 0.000E+00 0.000E+00
 296 1803.4  1.232E+01 1.913E-03 0.000E+00 0.000E+00
 297 1806.7  1.222E+01 2.258E-03 0.000E+00 0.000E+00
 298 1809.9  1.211E+01 2.205E-03 0.000E+00 0.000E+00
 299 1813.2  1.201E+01 1.959E-03 0.000E+00 0.000E+00
 300 1816.6  1.191E+01 3.257E-03 0.000E+00 0.000E+00
 301 1819.8  1.180E+01 2.531E-03 0.000E+00 0.000E+00
 302 1823.2  1.170E+01 2.483E-03 0.000E+00 0.000E+00
 303 1826.5  1.160E+01 2.353E-03 0.000E+00 0.000E+00
 304 1829.8  1.150E+01 2.349E-03 0.000E+00 0.000E+00
 305 1833.2  1.140E+01 2.529E-03 0.000E+00 0.000E+00
 306 1836.6  1.130E+01 2.578E-03 0.000E+00 0.000E+00
 307 1839.9  1.121E+01 2.423E-03 0.000E+00 0.000E+00
 308 1843.3  1.111E+01 2.274E-03 0.000E+00 0.000E+00
 309 1846.7  1.101E+01 2.086E-03 0.000E+00 0.000E+00
 310 1850.2  1.092E+01 2.105E-03 0.000E+00 0.000E+00
 311 1853.6  1.082E+01 2.457E-03 0.000E+00 0.000E+00
 312 1857.0  1.073E+01 2.775E-03 0.000E+00 0.000E+00
 313 1860.5  1.063E+01 2.625E-03 0.000E+00 0.000E+00
 314 1864.0  1.054E+01 2.755E-03 0.000E+00 0.000E+00
 315 1867.5  1.045E+01 3.096E-03 0.000E+00 0.000E+00
 316 1871.0  1.035E+01 3.421E-03 0.000E+00 0.000E+00
 317 1874.5  1.026E+01 3.345E-03 0.000E+00 0.000E+00
 318 1878.0  1.017E+01 3.235E-03 0.000E+00 0.000E+00
 319 1881.5  1.008E+01 3.230E-03 0.000E+00 0.000E+00
 320 1885.0  9.996E+00 3.637E-03 0.000E+00 0.000E+00
 321 1888.6  9.906E+00 3.743E-03 0.000E+00 0.000E+00
 322 1892.2  9.818E+00 4.130E-03 0.000E+00 0.000E+00
 323 1895.7  9.733E+00 4.004E-03 0.000E+00 0.000E+00
 324 1899.3  9.646E+00 3.648E-03 0.000E+00 0.000E+00
 325 1902.9  9.561E+00 4.003E-03 0.000E+00 0.000E+00
 326 1906.6  9.474E+00 4.221E-03 0.000E+00 0.000E+00
 327 1910.2  9.390E+00 4.305E-03 0.000E+00 0.000E+00
 328 1913.8  9.307E+00 4.450E-03 0.000E+00 0.000E+00
 329 1917.6  9.223E+00 4.630E-03 0.000E+00 0.000E+00
 330 1921.2  9.140E+00 4.912E-03 1.498-129 3.049-127
 331 1924.9  9.058E+00 4.706E-03 1.179-125 2.506-123
 332 1928.7  8.977E+00 4.445E-03 2.138E-92 4.810E-90
 333 1932.3  8.896E+00 3.413E-03 1.976E-68 5.789E-66
 334 1936.1  8.817E+00 3.368E-03 6.008E-58 1.784E-55
 335 1939.8  8.736E+00 4.997E-03 6.154E-50 1.231E-47
 336 1943.6  8.659E+00 6.086E-03 3.033E-43 4.983E-41
 337 1947.4  8.580E+00 6.134E-03 2.315E-38 3.774E-36
 338 1951.2  8.502E+00 5.782E-03 9.591E-34 1.659E-31
 339 1955.0  8.425E+00 5.932E-03 1.039E-28 1.752E-26
 340 1958.8  8.349E+00 6.066E-03 2.226E-25 3.670E-23
 341 1962.7  8.272E+00 6.006E-03 1.836E-23 3.057E-21
 342 1966.5  8.198E+00 7.110E-03 1.158E-20 1.629E-18
 343 1970.5  8.122E+00 7.006E-03 7.047E-19 1.006E-16
 344 1974.3  8.048E+00 6.665E-03 3.389E-17 5.085E-15
 345 1978.2  7.974E+00 6.534E-03 2.447E-14 3.745E-12
 346 1982.2  7.901E+00 6.950E-03 2.259E-13 3.250E-11
 347 1986.1  7.829E+00 6.526E-03 2.519E-12 3.860E-10
 348 1990.0  7.756E+00 6.519E-03 5.279E-11 8.099E-09
 349 1994.0  7.686E+00 7.415E-03 3.897E-10 5.256E-08
 350 1998.0  7.614E+00 7.273E-03 1.221E-09 1.679E-07
 351 2002.0  7.544E+00 7.651E-03 4.891E-09 6.393E-07
 352 2006.0  7.474E+00 7.954E-03 2.280E-08 2.867E-06
 353 2010.0  7.405E+00 8.162E-03 5.409E-08 6.627E-06
 354 2014.1  7.336E+00 8.565E-03 1.405E-07 1.641E-05
 355 2018.2  7.268E+00 8.873E-03 3.606E-07 4.064E-05
 356 2022.2  7.200E+00 8.774E-03 6.903E-07 7.868E-05
 357 2026.3  7.133E+00 8.543E-03 1.151E-06 1.347E-04
 358 2030.5  7.067E+00 9.592E-03 2.141E-06 2.232E-04
 359 2034.6  7.001E+00 9.627E-03 3.020E-06 3.137E-04
 360 2038.8  6.934E+00 9.960E-03 4.308E-06 4.326E-04
 361 2042.9  6.870E+00 1.084E-02 6.383E-06 5.887E-04
 362 2047.1  6.805E+00 1.114E-02 8.184E-06 7.345E-04
 363 2051.3  6.741E+00 1.135E-02 9.682E-06 8.532E-04
 364 2055.5  6.678E+00 1.125E-02 1.159E-05 1.030E-03
 365 2059.8  6.615E+00 1.128E-02 1.411E-05 1.251E-03
 366 2064.0  6.552E+00 1.151E-02 1.647E-05 1.431E-03
 367 2068.2  6.490E+00 1.221E-02 1.895E-05 1.552E-03
 368 2072.6  6.428E+00 1.303E-02 2.220E-05 1.704E-03
 369 2076.8  6.367E+00 1.393E-02 2.573E-05 1.847E-03
 370 2081.2  6.307E+00 1.426E-02 2.603E-05 1.826E-03
 371 2085.5  6.247E+00 1.571E-02 2.800E-05 1.782E-03
 372 2089.9  6.187E+00 1.840E-02 3.344E-05 1.817E-03
 373 2094.2  6.127E+00 2.200E-02 3.931E-05 1.787E-03
 374 2098.6  6.070E+00 2.490E-02 4.043E-05 1.623E-03
 375 2103.1  6.012E+00 2.854E-02 4.147E-05 1.453E-03
 376 2107.5  5.953E+00 3.135E-02 4.222E-05 1.347E-03
 377 2111.9  5.896E+00 3.264E-02 3.960E-05 1.213E-03
 378 2116.4  5.839E+00 3.679E-02 3.769E-05 1.024E-03
 379 2120.8  5.783E+00 3.851E-02 3.310E-05 8.594E-04
 380 2125.4  5.727E+00 2.960E-02 2.171E-05 7.335E-04
 381 2129.9  5.671E+00 3.265E-02 1.979E-05 6.059E-04
 382 2134.5  5.616E+00 3.259E-02 1.579E-05 4.845E-04
 383 2139.1  5.561E+00 3.680E-02 1.417E-05 3.851E-04
 384 2143.6  5.508E+00 4.501E-02 1.382E-05 3.069E-04
 385 2148.2  5.454E+00 4.120E-02 9.703E-06 2.355E-04
 386 2152.8  5.401E+00 4.049E-02 7.194E-06 1.777E-04
 387 2157.5  5.347E+00 3.376E-02 4.536E-06 1.344E-04
 388 2162.2  5.296E+00 3.763E-02 3.710E-06 9.859E-05
 389 2166.8  5.243E+00 3.159E-02 2.189E-06 6.931E-05
 390 2171.6  5.192E+00 3.453E-02 1.674E-06 4.849E-05
 391 2176.2  5.141E+00 3.489E-02 1.196E-06 3.427E-05
 392 2181.0  5.090E+00 4.829E-02 1.139E-06 2.359E-05
 393 2185.8  5.040E+00 4.612E-02 7.222E-07 1.566E-05
 394 2190.6  4.989E+00 4.576E-02 4.695E-07 1.026E-05
 395 2195.4  4.940E+00 5.013E-02 3.330E-07 6.642E-06
 396 2200.2  4.891E+00 5.135E-02 2.137E-07 4.161E-06
 397 2205.1  4.843E+00 5.468E-02 1.387E-07 2.536E-06
 398 2209.9  4.794E+00 3.881E-02 5.944E-08 1.532E-06
 399 2214.9  4.746E+00 4.120E-02 3.738E-08 9.072E-07
 400 2219.8  4.699E+00 4.492E-02 2.339E-08 5.206E-07
 401 2224.7  4.652E+00 5.151E-02 1.507E-08 2.926E-07
 402 2229.6  4.605E+00 5.498E-02 8.934E-09 1.625E-07
 403 2234.6  4.559E+00 7.085E-02 6.217E-09 8.775E-08
 404 2239.6  4.513E+00 6.537E-02 2.942E-09 4.500E-08
 405 2244.7  4.467E+00 5.969E-02 1.368E-09 2.292E-08
 406 2249.8  4.422E+00 6.034E-02 7.043E-10 1.167E-08
 407 2254.8  4.377E+00 5.395E-02 3.107E-10 5.759E-09
 408 2259.9  4.333E+00 4.912E-02 1.353E-10 2.755E-09
 409 2265.0  4.289E+00 4.027E-02 5.215E-11 1.295E-09
 410 2270.1  4.245E+00 3.456E-02 2.064E-11 5.972E-10
 411 2275.3  4.202E+00 3.964E-02 1.049E-11 2.647E-10
 412 2280.5  4.159E+00 5.145E-02 5.996E-12 1.165E-10
 413 2285.7  4.116E+00 5.448E-02 2.802E-12 5.144E-11
 414 2290.9  4.074E+00 5.028E-02 1.080E-12 2.148E-11
 415 2296.2  4.032E+00 4.940E-02 4.330E-13 8.765E-12
 416 2301.5  3.990E+00 4.792E-02 1.698E-13 3.543E-12
 417 2306.8  3.950E+00 6.023E-02 9.163E-14 1.521E-12
 418 2312.2  3.908E+00 4.720E-02 2.929E-14 6.205E-13
 419 2317.5  3.868E+00 5.539E-02 1.338E-14 2.416E-13
 420 2322.9  3.828E+00 5.678E-02 5.039E-15 8.875E-14
 421 2328.3  3.788E+00 5.140E-02 1.578E-15 3.069E-14
 422 2333.7  3.749E+00 4.677E-02 5.830E-16 1.246E-14
 423 2339.2  3.710E+00 4.205E-02 1.986E-16 4.722E-15
 424 2344.7  3.671E+00 3.790E-02 5.364E-17 1.415E-15
 425 2350.2  3.632E+00 4.593E-02 2.393E-17 5.210E-16
 426 2355.7  3.595E+00 5.672E-02 1.170E-17 2.063E-16
 427 2361.3  3.556E+00 4.961E-02 3.204E-18 6.457E-17
 428 2366.9  3.519E+00 4.837E-02 1.093E-18 2.259E-17
 429 2372.5  3.482E+00 5.323E-02 4.360E-19 8.191E-18
 430 2378.2  3.445E+00 4.954E-02 1.346E-19 2.717E-18
 431 2383.8  3.408E+00 3.920E-02 3.628E-20 9.255E-19
 432 2389.4  3.373E+00 4.709E-02 1.666E-20 3.539E-19
 433 2395.2  3.337E+00 4.436E-02 4.471E-21 1.008E-19
 434 2400.9  3.301E+00 4.382E-02 1.387E-21 3.164E-20
 435 2406.7  3.266E+00 3.933E-02 5.544E-22 1.410E-20
 436 2412.6  3.231E+00 4.349E-02 1.947E-22 4.477E-21
 437 2418.4  3.196E+00 6.294E-02 9.580E-23 1.522E-21
 438 2424.2  3.162E+00 7.230E-02 5.002E-23 6.918E-22
 439 2430.1  3.128E+00 7.332E-02 1.745E-23 2.380E-22
 440 2436.1  3.094E+00 6.667E-02 4.567E-24 6.850E-23
 441 2442.0  3.061E+00 6.764E-02 2.142E-24 3.167E-23
 442 2448.0  3.028E+00 5.894E-02 1.023E-24 1.735E-23
 443 2454.0  2.995E+00 5.126E-02 2.503E-25 4.883E-24
 444 2460.1  2.962E+00 5.015E-02 9.140E-26 1.823E-24
 445 2466.1  2.930E+00 5.137E-02 6.958E-26 1.355E-24
 446 2472.1  2.898E+00 5.640E-02 3.501E-26 6.207E-25
 447 2478.3  2.867E+00 5.606E-02 1.615E-26 2.881E-25
 448 2484.5  2.835E+00 4.697E-02 6.960E-27 1.482E-25
 449 2490.7  2.804E+00 4.445E-02 2.632E-27 5.921E-26
 450 2496.9  2.773E+00 6.412E-02 1.953E-27 3.046E-26
 451 2503.2  2.742E+00 6.400E-02 1.873E-27 2.927E-26
 452 2509.4  2.712E+00 5.619E-02 1.673E-27 2.978E-26
 453 2515.8  2.682E+00 4.520E-02 4.492E-28 9.939E-27
 454 2522.1  2.652E+00 4.222E-02 2.696E-28 6.385E-27
 455 2528.4  2.623E+00 4.386E-02 4.123E-28 9.400E-27
 456 2534.8  2.594E+00 5.354E-02 3.263E-28 6.096E-27
 457 2541.3  2.565E+00 5.788E-02 3.262E-28 5.637E-27
 458 2547.8  2.536E+00 6.165E-02 3.276E-28 5.315E-27
 459 2554.2  2.508E+00 8.123E-02 2.584E-28 3.181E-27
 460 2560.8  2.480E+00 9.049E-02 5.056E-28 5.587E-27
 461 2567.4  2.452E+00 1.128E-01 1.375E-27 1.219E-26
 462 2574.0  2.424E+00 1.268E-01 2.146E-27 1.692E-26
 463 2580.7  2.397E+00 1.373E-01 2.195E-27 1.599E-26
 464 2587.3  2.369E+00 1.233E-01 1.243E-27 1.008E-26
 465 2594.1  2.342E+00 1.154E-01 4.831E-27 4.186E-26
 466 2600.8  2.316E+00 8.971E-02 1.089E-26 1.214E-25
 467 2607.6  2.289E+00 8.767E-02 8.581E-27 9.789E-26
 468 2614.4  2.263E+00 8.788E-02 2.934E-26 3.339E-25
 469 2621.2  2.238E+00 1.094E-01 7.119E-26 6.507E-25
 470 2628.1  2.212E+00 1.040E-01 1.798E-25 1.729E-24
 471 2635.1  2.186E+00 1.585E-01 1.489E-24 9.394E-24
 472 2642.0  2.161E+00 2.627E-01 3.078E-24 1.172E-23
 473 2649.0  2.136E+00 2.404E-01 7.196E-24 2.993E-23
 474 2656.1  2.112E+00 2.713E-01 3.082E-23 1.136E-22
 475 2663.1  2.087E+00 2.608E-01 9.014E-23 3.457E-22
 476 2670.2  2.063E+00 2.535E-01 4.962E-22 1.957E-21
 477 2677.4  2.039E+00 2.618E-01 1.552E-21 5.928E-21
 478 2684.6  2.015E+00 2.575E-01 7.055E-21 2.740E-20
 479 2691.8  1.991E+00 2.451E-01 3.123E-20 1.274E-19
 480 2699.1  1.968E+00 2.587E-01 8.796E-20 3.400E-19
 481 2706.3  1.945E+00 2.792E-01 5.168E-19 1.851E-18
 482 2713.7  1.922E+00 2.494E-01 2.151E-18 8.624E-18
 483 2721.1  1.899E+00 1.902E-01 6.012E-18 3.161E-17
 484 2728.5  1.877E+00 2.263E-01 3.231E-17 1.427E-16
 485 2735.9  1.855E+00 1.974E-01 1.666E-16 8.443E-16
 486 2743.5  1.833E+00 1.397E-01 6.498E-16 4.651E-15
 487 2751.1  1.811E+00 1.557E-01 2.810E-15 1.805E-14
 488 2758.6  1.789E+00 2.121E-01 1.606E-14 7.572E-14
 489 2766.2  1.768E+00 2.558E-01 8.628E-14 3.373E-13
 490 2773.9  1.746E+00 2.569E-01 3.720E-13 1.448E-12
 491 2781.7  1.725E+00 1.875E-01 1.157E-12 6.168E-12
 492 2789.4  1.705E+00 1.354E-01 4.028E-12 2.975E-11
 493 2797.2  1.684E+00 8.132E-02 9.555E-12 1.175E-10
 494 2805.1  1.664E+00 9.790E-02 4.525E-11 4.622E-10
 495 2812.9  1.643E+00 1.921E-01 4.700E-10 2.446E-09
 496 2820.9  1.623E+00 2.792E-01 2.690E-09 9.636E-09
 497 2828.9  1.603E+00 3.235E-01 7.674E-09 2.373E-08
 498 2836.9  1.584E+00 3.239E-01 2.464E-08 7.609E-08
 499 2844.9  1.565E+00 2.570E-01 7.077E-08 2.753E-07
 500 2853.1  1.545E+00 1.401E-01 1.186E-07 8.469E-07
 501 2861.2  1.526E+00 2.826E-01 6.802E-07 2.406E-06
 502 2869.4  1.508E+00 3.659E-01 2.098E-06 5.735E-06
 503 2877.7  1.489E+00 3.310E-01 5.478E-06 1.655E-05
 504 2886.0  1.470E+00 3.428E-01 1.572E-05 4.585E-05
 505 2894.4  1.452E+00 4.682E-01 4.815E-05 1.028E-04
 506 2902.8  1.434E+00 6.167E-01 1.310E-04 2.124E-04
 507 2911.2  1.416E+00 6.155E-01 2.653E-04 4.310E-04
 508 2919.8  1.398E+00 5.713E-01 5.120E-04 8.961E-04
 509 2928.3  1.381E+00 5.279E-01 8.680E-04 1.644E-03
 510 2936.9  1.363E+00 5.470E-01 1.591E-03 2.909E-03
 511 2945.6  1.346E+00 5.216E-01 2.551E-03 4.892E-03
 512 2954.2  1.329E+00 5.615E-01 4.466E-03 7.954E-03
 513 2963.0  1.312E+00 5.575E-01 7.053E-03 1.265E-02
 514 2971.8  1.295E+00 4.783E-01 9.186E-03 1.920E-02
 515 2980.6  1.279E+00 5.294E-01 1.497E-02 2.827E-02
 516 2989.6  1.263E+00 4.960E-01 1.947E-02 3.925E-02
 517 2998.5  1.246E+00 4.648E-01 2.442E-02 5.255E-02
 518 3007.5  1.230E+00 4.431E-01 3.068E-02 6.925E-02
 519 3016.6  1.215E+00 4.699E-01 4.118E-02 8.764E-02
 520 3025.7  1.199E+00 5.187E-01 5.645E-02 1.088E-01
 521 3034.9  1.183E+00 6.473E-01 8.593E-02 1.328E-01
 522 3044.2  1.168E+00 6.183E-01 9.690E-02 1.567E-01
 523 3053.4  1.153E+00 6.420E-01 1.189E-01 1.852E-01
 524 3062.8  1.138E+00 5.638E-01 1.189E-01 2.108E-01
 525 3072.2  1.123E+00 6.284E-01 1.515E-01 2.411E-01
 526 3081.7  1.108E+00 6.508E-01 1.759E-01 2.703E-01
 527 3091.2  1.094E+00 5.660E-01 1.679E-01 2.967E-01
 528 3100.8  1.079E+00 5.362E-01 1.750E-01 3.264E-01
 529 3110.4  1.065E+00 7.776E-01 2.700E-01 3.473E-01
 530 3120.2  1.051E+00 6.951E-01 2.608E-01 3.752E-01
 531 3129.9  1.037E+00 7.004E-01 2.810E-01 4.012E-01
 532 3139.8  1.023E+00 7.325E-01 3.115E-01 4.252E-01
 533 3149.6  1.009E+00 6.813E-01 3.062E-01 4.493E-01
 534 3159.6  9.956E-01 5.985E-01 2.812E-01 4.699E-01
 535 3169.6  9.822E-01 7.619E-01 3.741E-01 4.910E-01
 536 3179.6  9.690E-01 7.239E-01 3.695E-01 5.103E-01
 537 3189.8  9.559E-01 7.041E-01 3.715E-01 5.277E-01
 538 3200.0  9.429E-01 7.954E-01 4.300E-01 5.406E-01
 539 3210.2  9.301E-01 7.579E-01 4.268E-01 5.631E-01
 540 3220.6  9.175E-01 7.435E-01 4.256E-01 5.725E-01
 541 3231.0  9.049E-01 6.604E-01 3.863E-01 5.850E-01
 542 3241.5  8.925E-01 7.627E-01 4.601E-01 6.032E-01
 543 3252.1  8.801E-01 8.479E-01 5.139E-01 6.060E-01
 544 3262.7  8.681E-01 1.010E+00 6.267E-01 6.204E-01
 545 3273.3  8.560E-01 9.921E-01 6.234E-01 6.284E-01
 546 3284.1  8.442E-01 9.435E-01 5.980E-01 6.338E-01
 547 3294.9  8.324E-01 1.100E+00 7.149E-01 6.501E-01
 548 3305.8  8.208E-01 1.041E+00 6.781E-01 6.511E-01
 549 3316.8  8.093E-01 1.005E+00 6.599E-01 6.566E-01
 550 3327.8  7.979E-01 9.758E-01 6.528E-01 6.690E-01
 551 3338.9  7.868E-01 9.516E-01 6.399E-01 6.725E-01
 552 3350.1  7.756E-01 1.011E+00 6.875E-01 6.798E-01
 553 3361.3  7.647E-01 8.890E-01 6.097E-01 6.858E-01
 554 3372.7  7.538E-01 8.586E-01 5.906E-01 6.879E-01
 555 3384.1  7.431E-01 9.485E-01 6.582E-01 6.939E-01
 556 3395.6  7.325E-01 1.008E+00 7.043E-01 6.987E-01
 557 3407.2  7.219E-01 1.022E+00 7.190E-01 7.032E-01
 558 3418.8  7.116E-01 9.797E-01 6.952E-01 7.096E-01
 559 3430.6  7.013E-01 1.040E+00 7.419E-01 7.133E-01
 560 3442.4  6.912E-01 8.392E-01 6.014E-01 7.166E-01
 561 3454.2  6.812E-01 9.750E-01 7.028E-01 7.207E-01
 562 3466.2  6.713E-01 9.653E-01 6.998E-01 7.249E-01
 563 3478.2  6.615E-01 9.291E-01 6.775E-01 7.293E-01
 564 3490.4  6.518E-01 9.296E-01 6.816E-01 7.332E-01
 565 3502.7  6.422E-01 1.051E+00 7.743E-01 7.369E-01
 566 3514.9  6.327E-01 1.028E+00 7.612E-01 7.407E-01
 567 3527.3  6.234E-01 9.648E-01 7.181E-01 7.444E-01
 568 3539.8  6.142E-01 1.127E+00 8.437E-01 7.484E-01
 569 3552.4  6.051E-01 1.114E+00 8.383E-01 7.523E-01
 570 3565.1  5.960E-01 9.549E-01 7.217E-01 7.558E-01
 571 3577.8  5.871E-01 8.137E-01 6.179E-01 7.594E-01
 572 3590.6  5.783E-01 8.845E-01 6.750E-01 7.631E-01
 573 3603.6  5.696E-01 1.040E+00 7.975E-01 7.668E-01
 574 3616.6  5.610E-01 9.341E-01 7.197E-01 7.705E-01
 575 3629.8  5.525E-01 1.057E+00 8.180E-01 7.742E-01
 576 3643.0  5.441E-01 1.067E+00 8.297E-01 7.777E-01
 577 3656.3  5.358E-01 1.225E+00 9.568E-01 7.813E-01
 578 3669.8  5.276E-01 1.260E+00 9.892E-01 7.849E-01
 579 3683.2  5.195E-01 1.161E+00 9.153E-01 7.885E-01
 580 3696.8  5.115E-01 1.288E+00 1.020E+00 7.921E-01
 581 3710.6  5.036E-01 1.204E+00 9.576E-01 7.957E-01
 582 3724.4  4.958E-01 1.105E+00 8.833E-01 7.992E-01
 583 3738.3  4.881E-01 9.608E-01 7.713E-01 8.028E-01
 584 3752.4  4.805E-01 1.030E+00 8.308E-01 8.063E-01
 585 3766.5  4.729E-01 1.140E+00 9.233E-01 8.098E-01
 586 3780.8  4.655E-01 1.385E+00 1.127E+00 8.134E-01
 587 3795.1  4.582E-01 1.131E+00 9.239E-01 8.169E-01
 588 3809.6  4.509E-01 1.225E+00 1.005E+00 8.204E-01
 589 3824.1  4.438E-01 8.587E-01 7.075E-01 8.239E-01
 590 3838.8  4.367E-01 8.091E-01 6.694E-01 8.274E-01
 591 3853.6  4.297E-01 1.043E+00 8.666E-01 8.309E-01
 592 3868.5  4.228E-01 1.035E+00 8.634E-01 8.343E-01
 593 3883.6  4.160E-01 1.023E+00 8.571E-01 8.378E-01
 594 3898.6  4.093E-01 1.224E+00 1.030E+00 8.412E-01
 595 3913.9  4.027E-01 1.305E+00 1.102E+00 8.446E-01
 596 3929.3  3.961E-01 8.235E-01 6.984E-01 8.481E-01
 597 3944.8  3.896E-01 1.014E+00 8.635E-01 8.515E-01
 598 3960.4  3.832E-01 1.087E+00 9.296E-01 8.549E-01
 599 3976.2  3.769E-01 1.060E+00 9.101E-01 8.582E-01
 600 3992.1  3.707E-01 1.604E+00 1.382E+00 8.616E-01
 601 4008.1  3.646E-01 1.719E+00 1.487E+00 8.650E-01
 602 4024.2  3.585E-01 1.783E+00 1.548E+00 8.684E-01
 603 4040.4  3.525E-01 1.711E+00 1.492E+00 8.717E-01
 604 4056.8  3.466E-01 1.683E+00 1.472E+00 8.751E-01
 605 4073.3  3.408E-01 1.648E+00 1.447E+00 8.784E-01
 606 4090.0  3.351E-01 1.747E+00 1.541E+00 8.816E-01
 607 4106.8  3.294E-01 1.639E+00 1.450E+00 8.849E-01
 608 4123.7  3.238E-01 1.809E+00 1.607E+00 8.882E-01
 609 4140.8  3.183E-01 1.772E+00 1.579E+00 8.914E-01
 610 4158.0  3.128E-01 1.822E+00 1.630E+00 8.946E-01
 611 4175.4  3.074E-01 1.729E+00 1.552E+00 8.978E-01
 612 4192.9  3.021E-01 1.738E+00 1.566E+00 9.010E-01
 613 4210.5  2.969E-01 1.775E+00 1.605E+00 9.042E-01
 614 4228.4  2.918E-01 1.728E+00 1.568E+00 9.073E-01
 615 4246.3  2.867E-01 1.779E+00 1.619E+00 9.104E-01
 616 4264.4  2.816E-01 1.730E+00 1.580E+00 9.134E-01
 617 4282.6  2.767E-01 1.638E+00 1.501E+00 9.166E-01
 618 4301.1  2.718E-01 1.371E+00 1.261E+00 9.197E-01
 619 4319.6  2.670E-01 1.606E+00 1.482E+00 9.227E-01
 620 4338.4  2.622E-01 1.678E+00 1.553E+00 9.257E-01
 621 4357.3  2.575E-01 1.819E+00 1.690E+00 9.287E-01
 622 4376.4  2.529E-01 1.731E+00 1.612E+00 9.317E-01
 623 4395.6  2.483E-01 1.817E+00 1.698E+00 9.345E-01
 624 4415.1  2.439E-01 1.935E+00 1.813E+00 9.373E-01
 625 4434.6  2.394E-01 1.972E+00 1.854E+00 9.402E-01
 626 4454.4  2.351E-01 1.905E+00 1.797E+00 9.431E-01
 627 4474.3  2.308E-01 2.009E+00 1.901E+00 9.461E-01
 628 4494.4  2.265E-01 2.061E+00 1.955E+00 9.489E-01
 629 4514.7  2.223E-01 2.154E+00 2.050E+00 9.516E-01
 630 4535.2  2.182E-01 2.000E+00 1.909E+00 9.545E-01
 631 4555.9  2.141E-01 2.080E+00 1.991E+00 9.572E-01
 632 4576.7  2.102E-01 2.094E+00 2.009E+00 9.596E-01
 633 4597.8  2.062E-01 2.078E+00 1.999E+00 9.620E-01
 634 4619.0  2.023E-01 2.131E+00 2.055E+00 9.645E-01
 635 4640.4  1.985E-01 2.077E+00 2.010E+00 9.674E-01
 636 4662.0  1.947E-01 2.031E+00 1.971E+00 9.702E-01
 637 4683.9  1.910E-01 2.048E+00 1.992E+00 9.728E-01
 638 4705.9  1.873E-01 2.010E+00 1.960E+00 9.752E-01
 639 4728.1  1.837E-01 2.077E+00 2.030E+00 9.778E-01
 640 4750.6  1.802E-01 2.112E+00 2.070E+00 9.802E-01
 641 4773.3  1.767E-01 2.090E+00 2.053E+00 9.822E-01
 642 4796.2  1.732E-01 2.099E+00 2.065E+00 9.839E-01
 643 4819.3  1.698E-01 2.111E+00 2.081E+00 9.859E-01
 644 4842.6  1.665E-01 2.041E+00 2.017E+00 9.884E-01
 645 4866.2  1.632E-01 1.771E+00 1.756E+00 9.912E-01
 646 4890.0  1.599E-01 1.997E+00 1.984E+00 9.936E-01
 647 4914.1  1.567E-01 1.971E+00 1.963E+00 9.958E-01
 648 4938.3  1.536E-01 2.008E+00 2.004E+00 9.980E-01
 649 4962.8  1.505E-01 2.024E+00 2.024E+00 1.000E+00
 650 4987.6  1.475E-01 1.974E+00 1.977E+00 1.002E+00
 651 5012.6  1.445E-01 1.869E+00 1.874E+00 1.003E+00
 652 5037.8  1.415E-01 1.942E+00 1.949E+00 1.004E+00
 653 5063.3  1.386E-01 1.979E+00 1.990E+00 1.006E+00
 654 5089.1  1.357E-01 1.877E+00 1.892E+00 1.008E+00
 655 5115.1  1.329E-01 1.944E+00 1.965E+00 1.010E+00
 656 5141.4  1.302E-01 1.856E+00 1.879E+00 1.012E+00
 657 5168.0  1.274E-01 1.760E+00 1.785E+00 1.014E+00
 658 5194.8  1.248E-01 1.780E+00 1.808E+00 1.016E+00
 659 5222.0  1.221E-01 1.847E+00 1.878E+00 1.017E+00
 660 5249.4  1.195E-01 1.914E+00 1.949E+00 1.018E+00
 661 5277.1  1.170E-01 1.801E+00 1.834E+00 1.018E+00
 662 5305.1  1.145E-01 1.937E+00 1.974E+00 1.019E+00
 663 5333.4  1.120E-01 1.855E+00 1.893E+00 1.020E+00
 664 5362.0  1.096E-01 1.905E+00 1.947E+00 1.022E+00
 665 5390.9  1.072E-01 1.878E+00 1.922E+00 1.024E+00
 666 5420.1  1.049E-01 1.842E+00 1.888E+00 1.025E+00
 667 5449.6  1.025E-01 1.901E+00 1.950E+00 1.026E+00
 668 5479.5  1.003E-01 1.888E+00 1.940E+00 1.027E+00
 669 5509.7  9.805E-02 1.898E+00 1.952E+00 1.029E+00
 670 5540.2  9.586E-02 1.890E+00 1.947E+00 1.030E+00
 671 5571.1  9.371E-02 1.853E+00 1.910E+00 1.031E+00
 672 5602.3  9.160E-02 1.813E+00 1.869E+00 1.031E+00
 673 5633.9  8.952E-02 1.855E+00 1.913E+00 1.031E+00
 674 5665.8  8.748E-02 1.818E+00 1.875E+00 1.031E+00
 675 5698.1  8.547E-02 1.795E+00 1.853E+00 1.032E+00
 676 5730.7  8.350E-02 1.863E+00 1.925E+00 1.033E+00
 677 5763.7  8.157E-02 1.835E+00 1.899E+00 1.035E+00
 678 5797.1  7.967E-02 1.814E+00 1.881E+00 1.037E+00
 679 5831.0  7.780E-02 1.847E+00 1.920E+00 1.040E+00
 680 5865.2  7.597E-02 1.806E+00 1.881E+00 1.042E+00
 681 5899.8  7.417E-02 1.727E+00 1.801E+00 1.043E+00
 682 5934.8  7.240E-02 1.787E+00 1.865E+00 1.044E+00
 683 5970.2  7.067E-02 1.773E+00 1.850E+00 1.044E+00
 684 6006.1  6.897E-02 1.741E+00 1.817E+00 1.044E+00
 685 6042.4  6.730E-02 1.754E+00 1.834E+00 1.045E+00
 686 6079.1  6.566E-02 1.748E+00 1.832E+00 1.048E+00
 687 6116.3  6.405E-02 1.724E+00 1.812E+00 1.051E+00
 688 6153.9  6.247E-02 1.670E+00 1.761E+00 1.055E+00
 689 6192.0  6.092E-02 1.699E+00 1.797E+00 1.058E+00
 690 6230.6  5.940E-02 1.666E+00 1.766E+00 1.060E+00
 691 6269.6  5.791E-02 1.673E+00 1.778E+00 1.063E+00
 692 6309.2  5.645E-02 1.657E+00 1.765E+00 1.065E+00
 693 6349.2  5.502E-02 1.643E+00 1.755E+00 1.068E+00
 694 6389.9  5.361E-02 1.641E+00 1.757E+00 1.071E+00
 695 6431.0  5.223E-02 1.613E+00 1.732E+00 1.074E+00
 696 6472.6  5.088E-02 1.610E+00 1.733E+00 1.076E+00
 697 6514.7  4.956E-02 1.583E+00 1.707E+00 1.079E+00
 698 6557.4  4.826E-02 1.463E+00 1.581E+00 1.081E+00
 699 6600.7  4.699E-02 1.553E+00 1.682E+00 1.083E+00
 700 6644.6  4.575E-02 1.532E+00 1.663E+00 1.086E+00
 701 6689.0  4.453E-02 1.539E+00 1.675E+00 1.088E+00
 702 6734.1  4.333E-02 1.537E+00 1.675E+00 1.090E+00
 703 6779.8  4.216E-02 1.514E+00 1.653E+00 1.092E+00
 704 6826.0  4.101E-02 1.492E+00 1.633E+00 1.094E+00
 705 6873.0  3.989E-02 1.496E+00 1.640E+00 1.096E+00
 706 6920.5  3.879E-02 1.465E+00 1.608E+00 1.098E+00
 707 6968.7  3.772E-02 1.463E+00 1.610E+00 1.100E+00
 708 7017.6  3.666E-02 1.446E+00 1.593E+00 1.102E+00
 709 7067.2  3.563E-02 1.441E+00 1.591E+00 1.103E+00
 710 7117.5  3.463E-02 1.402E+00 1.549E+00 1.105E+00
 711 7168.5  3.364E-02 1.370E+00 1.516E+00 1.106E+00
 712 7220.3  3.268E-02 1.360E+00 1.507E+00 1.108E+00
 713 7272.9  3.173E-02 1.338E+00 1.484E+00 1.109E+00
 714 7326.1  3.081E-02 1.333E+00 1.480E+00 1.110E+00
 715 7380.1  2.991E-02 1.306E+00 1.452E+00 1.112E+00
 716 7435.0  2.903E-02 1.291E+00 1.436E+00 1.112E+00
 717 7490.8  2.816E-02 1.286E+00 1.432E+00 1.113E+00
 718 7547.3  2.732E-02 1.277E+00 1.424E+00 1.115E+00
 719 7604.7  2.650E-02 1.251E+00 1.396E+00 1.116E+00
 720 7663.0  2.569E-02 1.225E+00 1.369E+00 1.117E+00
 721 7722.1  2.491E-02 1.207E+00 1.349E+00 1.118E+00
 722 7782.2  2.414E-02 1.191E+00 1.332E+00 1.119E+00
 723 7843.2  2.339E-02 1.173E+00 1.313E+00 1.120E+00
 724 7905.2  2.266E-02 1.159E+00 1.299E+00 1.121E+00
 725 7968.2  2.195E-02 1.138E+00 1.277E+00 1.122E+00
 726 8032.2  2.125E-02 1.128E+00 1.267E+00 1.123E+00
 727 8097.3  2.057E-02 1.118E+00 1.255E+00 1.123E+00
 728 8163.4  1.991E-02 1.105E+00 1.242E+00 1.124E+00
 729 8230.6  1.926E-02 1.076E+00 1.210E+00 1.125E+00
 730 8298.9  1.863E-02 1.066E+00 1.200E+00 1.126E+00
 731 8368.3  1.802E-02 1.043E+00 1.175E+00 1.127E+00
 732 8439.0  1.742E-02 1.027E+00 1.158E+00 1.127E+00
 733 8510.8  1.683E-02 9.429E-01 1.063E+00 1.128E+00
 734 8583.9  1.626E-02 9.775E-01 1.103E+00 1.128E+00
 735 8658.2  1.571E-02 9.655E-01 1.090E+00 1.129E+00
 736 8733.8  1.517E-02 9.832E-01 1.111E+00 1.130E+00
 737 8810.8  1.464E-02 9.527E-01 1.077E+00 1.131E+00
 738 8889.1  1.413E-02 9.335E-01 1.056E+00 1.131E+00
 739 8968.8  1.363E-02 9.153E-01 1.036E+00 1.132E+00
 740 9050.0  1.315E-02 8.918E-01 1.010E+00 1.132E+00
 741 9132.6  1.268E-02 8.811E-01 9.983E-01 1.133E+00
 742 9216.8  1.222E-02 8.526E-01 9.665E-01 1.134E+00
 743 9302.5  1.177E-02 8.536E-01 9.681E-01 1.134E+00
 744 9389.9  1.134E-02 8.303E-01 9.421E-01 1.135E+00
 745 9478.9  1.092E-02 8.202E-01 9.310E-01 1.135E+00
 746 9569.6  1.051E-02 7.969E-01 9.049E-01 1.136E+00
 747 9662.0  1.011E-02 7.851E-01 8.919E-01 1.136E+00
 748 9756.3  9.723E-03 7.699E-01 8.750E-01 1.137E+00
 749 9852.5  9.348E-03 7.565E-01 8.601E-01 1.137E+00
 750 9950.5  8.983E-03 7.427E-01 8.448E-01 1.137E+00


 PHOTOLYSIS RATES

     Z      PO2_O1D    PO2_O3P    PH2O_1     PH2O_2     PH2O_3     PO3_O1D    PO3_O      PO3_3O     
 2.50E+04   0.00E+00   9.37E-14   3.72E-14   0.00E+00   0.00E+00   1.92E-05   2.11E-04   2.21E-13
 1.75E+05   0.00E+00   2.37E-13   1.44E-13   0.00E+00   0.00E+00   2.28E-05   2.18E-04   1.24E-11
 3.25E+05   0.00E+00   4.86E-13   4.77E-13   0.00E+00   0.00E+00   2.59E-05   2.25E-04   1.75E-10
 4.75E+05   0.00E+00   9.10E-13   1.40E-12   0.00E+00   0.00E+00   2.89E-05   2.31E-04   9.58E-10
 6.25E+05   0.00E+00   1.60E-12   3.79E-12   0.00E+00   0.00E+00   3.16E-05   2.38E-04   2.97E-09
 7.75E+05   0.00E+00   2.67E-12   9.31E-12   0.00E+00   0.00E+00   3.44E-05   2.43E-04   6.57E-09
 9.25E+05   0.00E+00   4.19E-12   1.97E-11   0.00E+00   0.00E+00   3.73E-05   2.49E-04   1.18E-08
 1.08E+06   0.00E+00   6.27E-12   3.67E-11   0.00E+00   0.00E+00   4.06E-05   2.54E-04   1.87E-08
 1.22E+06   0.00E+00   9.13E-12   6.32E-11   0.00E+00   0.00E+00   4.46E-05   2.59E-04   2.77E-08
 1.38E+06   0.00E+00   1.34E-11   1.09E-10   0.00E+00   0.00E+00   5.03E-05   2.64E-04   4.03E-08
 1.52E+06   0.00E+00   2.09E-11   1.95E-10   0.00E+00   0.00E+00   6.02E-05   2.70E-04   6.02E-08
 1.68E+06   2.65-147   3.42E-11   3.60E-10   1.20-144   1.80-144   7.71E-05   2.77E-04   9.14E-08
 1.82E+06   1.17-116   5.72E-11   6.61E-10   5.30-114   7.94-114   1.06E-04   2.85E-04   1.38E-07
 1.98E+06   1.95E-92   9.62E-11   1.18E-09   8.84E-90   1.33E-89   1.57E-04   2.94E-04   2.04E-07
 2.12E+06   1.95E-73   1.61E-10   2.01E-09   8.83E-71   1.32E-70   2.57E-04   3.09E-04   2.89E-07
 2.28E+06   8.44E-59   2.58E-10   3.18E-09   3.82E-56   5.73E-56   4.73E-04   3.36E-04   3.86E-07
 2.42E+06   9.31E-48   3.77E-10   4.63E-09   4.22E-45   6.32E-45   9.76E-04   3.94E-04   4.77E-07
 2.58E+06   1.89E-39   4.94E-10   6.35E-09   8.57E-37   1.29E-36   1.73E-03   4.79E-04   5.54E-07
 2.72E+06   4.07E-33   6.03E-10   8.48E-09   1.84E-30   2.77E-30   2.41E-03   5.56E-04   6.19E-07
 2.88E+06   2.92E-28   7.13E-10   1.11E-08   1.32E-25   1.99E-25   2.92E-03   6.13E-04   6.78E-07
 3.02E+06   1.52E-24   8.30E-10   1.44E-08   6.86E-22   1.03E-21   3.26E-03   6.52E-04   7.30E-07
 3.18E+06   1.02E-21   9.62E-10   1.82E-08   4.63E-19   6.95E-19   3.48E-03   6.77E-04   7.77E-07
 3.32E+06   1.49E-19   1.12E-09   2.27E-08   6.64E-17   9.96E-17   3.63E-03   6.93E-04   8.19E-07
 3.48E+06   9.87E-18   1.31E-09   2.84E-08   3.54E-15   5.31E-15   3.72E-03   7.04E-04   8.58E-07
 3.62E+06   7.87E-16   1.57E-09   3.60E-08   1.81E-13   2.71E-13   3.78E-03   7.11E-04   8.94E-07
 3.78E+06   3.71E-14   1.94E-09   4.62E-08   7.36E-12   1.10E-11   3.82E-03   7.15E-04   9.29E-07
 3.92E+06   7.16E-13   2.47E-09   6.06E-08   1.36E-10   2.05E-10   3.85E-03   7.19E-04   9.65E-07
 4.08E+06   6.32E-12   3.22E-09   8.56E-08   1.18E-09   1.77E-09   3.87E-03   7.21E-04   1.01E-06
 4.22E+06   3.00E-11   4.26E-09   1.39E-07   5.52E-09   8.29E-09   3.88E-03   7.22E-04   1.11E-06
 4.38E+06   9.12E-11   5.66E-09   2.47E-07   1.65E-08   2.47E-08   3.89E-03   7.24E-04   1.30E-06
 4.52E+06   2.10E-10   7.46E-09   4.26E-07   3.65E-08   5.47E-08   3.90E-03   7.24E-04   1.60E-06
 4.68E+06   4.07E-10   9.72E-09   6.75E-07   6.53E-08   9.79E-08   3.90E-03   7.25E-04   2.03E-06
 4.82E+06   7.16E-10   1.25E-08   9.74E-07   1.00E-07   1.50E-07   3.90E-03   7.25E-04   2.55E-06
 4.98E+06   1.18E-09   1.60E-08   1.30E-06   1.37E-07   2.06E-07   3.91E-03   7.25E-04   3.10E-06
 5.12E+06   1.88E-09   2.02E-08   1.62E-06   1.74E-07   2.61E-07   3.91E-03   7.26E-04   3.65E-06
 5.28E+06   3.00E-09   2.53E-08   1.94E-06   2.09E-07   3.13E-07   3.91E-03   7.26E-04   4.18E-06
 5.42E+06   5.01E-09   3.11E-08   2.25E-06   2.41E-07   3.61E-07   3.91E-03   7.26E-04   4.68E-06
 5.58E+06   8.93E-09   3.75E-08   2.54E-06   2.70E-07   4.04E-07   3.91E-03   7.26E-04   5.14E-06
 5.72E+06   1.64E-08   4.43E-08   2.83E-06   2.97E-07   4.42E-07   3.91E-03   7.26E-04   5.56E-06
 5.88E+06   3.01E-08   5.13E-08   3.12E-06   3.20E-07   4.76E-07   3.91E-03   7.26E-04   5.95E-06
 6.02E+06   5.31E-08   5.80E-08   3.42E-06   3.42E-07   5.05E-07   3.91E-03   7.26E-04   6.30E-06
 6.18E+06   8.87E-08   6.42E-08   3.73E-06   3.60E-07   5.29E-07   3.91E-03   7.26E-04   6.60E-06
 6.32E+06   1.37E-07   6.98E-08   4.02E-06   3.75E-07   5.48E-07   3.91E-03   7.26E-04   6.85E-06
 6.48E+06   2.04E-07   7.51E-08   4.31E-06   3.87E-07   5.62E-07   3.91E-03   7.26E-04   7.06E-06
 6.62E+06   2.94E-07   8.05E-08   4.58E-06   3.97E-07   5.73E-07   3.92E-03   7.26E-04   7.23E-06
 6.78E+06   4.19E-07   8.68E-08   4.83E-06   4.06E-07   5.81E-07   3.92E-03   7.26E-04   7.39E-06
 6.92E+06   5.86E-07   9.52E-08   5.05E-06   4.13E-07   5.88E-07   3.92E-03   7.26E-04   7.52E-06
 7.08E+06   7.86E-07   1.06E-07   5.23E-06   4.19E-07   5.93E-07   3.92E-03   7.26E-04   7.64E-06
 7.22E+06   9.94E-07   1.18E-07   5.37E-06   4.23E-07   5.96E-07   3.92E-03   7.26E-04   7.74E-06
 7.38E+06   1.18E-06   1.29E-07   5.48E-06   4.27E-07   5.99E-07   3.92E-03   7.26E-04   7.82E-06
 7.52E+06   1.33E-06   1.39E-07   5.55E-06   4.30E-07   6.01E-07   3.92E-03   7.26E-04   7.88E-06
 7.68E+06   1.44E-06   1.46E-07   5.60E-06   4.32E-07   6.03E-07   3.92E-03   7.26E-04   7.92E-06
 7.82E+06   1.52E-06   1.51E-07   5.63E-06   4.33E-07   6.04E-07   3.92E-03   7.26E-04   7.95E-06
 7.98E+06   1.57E-06   1.55E-07   5.66E-06   4.34E-07   6.05E-07   3.92E-03   7.26E-04   7.97E-06
 8.12E+06   1.60E-06   1.57E-07   5.67E-06   4.35E-07   6.05E-07   3.92E-03   7.26E-04   7.98E-06
 8.28E+06   1.63E-06   1.59E-07   5.68E-06   4.35E-07   6.05E-07   3.92E-03   7.26E-04   7.99E-06
 8.42E+06   1.64E-06   1.60E-07   5.69E-06   4.36E-07   6.06E-07   3.92E-03   7.26E-04   8.00E-06
 8.58E+06   1.65E-06   1.61E-07   5.69E-06   4.36E-07   6.06E-07   3.92E-03   7.26E-04   8.00E-06
 8.72E+06   1.66E-06   1.61E-07   5.69E-06   4.36E-07   6.06E-07   3.92E-03   7.26E-04   8.00E-06
 8.88E+06   1.66E-06   1.61E-07   5.70E-06   4.36E-07   6.06E-07   3.92E-03   7.26E-04   8.01E-06
 9.02E+06   1.66E-06   1.62E-07   5.70E-06   4.36E-07   6.06E-07   3.92E-03   7.26E-04   8.01E-06
 9.18E+06   1.67E-06   1.62E-07   5.70E-06   4.36E-07   6.06E-07   3.92E-03   7.26E-04   8.01E-06
 9.32E+06   1.67E-06   1.62E-07   5.70E-06   4.36E-07   6.06E-07   3.92E-03   7.26E-04   8.01E-06
 9.48E+06   1.67E-06   1.62E-07   5.70E-06   4.36E-07   6.06E-07   3.92E-03   7.26E-04   8.01E-06
 9.62E+06   1.67E-06   1.62E-07   5.70E-06   4.36E-07   6.06E-07   3.92E-03   7.26E-04   8.01E-06
 9.78E+06   1.67E-06   1.62E-07   5.70E-06   4.36E-07   6.06E-07   3.92E-03   7.26E-04   8.01E-06
 9.92E+06   1.67E-06   1.62E-07   5.70E-06   4.36E-07   6.06E-07   3.92E-03   7.26E-04   8.01E-06

     Z      PH2O2      PCO2_1     PCO2_2     PH2CO_1    PH2CO_2    PHO2       PCH4_1     PCH4_2     
 2.50E+04   2.51E-06   5.95E-19   0.00E+00   1.80E-05   1.26E-05   6.97E-08   0.00E+00   0.00E+00
 1.75E+05   2.87E-06   7.07E-17   0.00E+00   2.07E-05   1.47E-05   1.73E-07   0.00E+00   0.00E+00
 3.25E+05   3.17E-06   1.76E-15   0.00E+00   2.31E-05   1.67E-05   3.45E-07   0.00E+00   0.00E+00
 4.75E+05   3.44E-06   1.42E-14   0.00E+00   2.52E-05   1.84E-05   6.13E-07   0.00E+00   0.00E+00
 6.25E+05   3.67E-06   6.12E-14   0.00E+00   2.72E-05   2.01E-05   9.93E-07   0.00E+00   0.00E+00
 7.75E+05   3.89E-06   1.79E-13   0.00E+00   2.90E-05   2.16E-05   1.49E-06   0.00E+00   0.00E+00
 9.25E+05   4.11E-06   3.84E-13   0.00E+00   3.07E-05   2.30E-05   2.13E-06   0.00E+00   0.00E+00
 1.08E+06   4.35E-06   6.92E-13   0.00E+00   3.22E-05   2.44E-05   2.93E-06   0.00E+00   0.00E+00
 1.22E+06   4.68E-06   1.14E-12   0.00E+00   3.36E-05   2.57E-05   3.94E-06   0.00E+00   0.00E+00
 1.38E+06   5.08E-06   1.84E-12   0.00E+00   3.49E-05   2.71E-05   5.40E-06   0.00E+00   0.00E+00
 1.52E+06   5.65E-06   3.08E-12   0.00E+00   3.63E-05   2.88E-05   7.90E-06   0.00E+00   0.00E+00
 1.68E+06   6.51E-06   5.26E-12   5.33-146   3.77E-05   3.08E-05   1.23E-05   4.32-144   8.40-144
 1.82E+06   7.78E-06   8.93E-12   2.35-115   3.91E-05   3.31E-05   1.99E-05   1.91-113   3.71-113
 1.98E+06   9.74E-06   1.48E-11   3.92E-91   4.06E-05   3.59E-05   3.32E-05   3.19E-89   6.19E-89
 2.12E+06   1.29E-05   2.34E-11   3.92E-72   4.22E-05   3.92E-05   5.70E-05   3.18E-70   6.18E-70
 2.28E+06   1.78E-05   3.44E-11   1.70E-57   4.38E-05   4.29E-05   9.71E-05   1.38E-55   2.67E-55
 2.42E+06   2.50E-05   4.64E-11   1.87E-46   4.54E-05   4.61E-05   1.51E-04   1.52E-44   2.95E-44
 2.58E+06   3.29E-05   5.83E-11   3.80E-38   4.67E-05   4.84E-05   2.02E-04   3.09E-36   6.00E-36
 2.72E+06   3.94E-05   7.06E-11   8.18E-32   4.76E-05   4.99E-05   2.41E-04   6.65E-30   1.29E-29
 2.88E+06   4.42E-05   8.38E-11   5.88E-27   4.82E-05   5.08E-05   2.68E-04   4.78E-25   9.27E-25
 3.02E+06   4.75E-05   9.80E-11   3.05E-23   4.86E-05   5.15E-05   2.86E-04   2.47E-21   4.80E-21
 3.18E+06   4.97E-05   1.13E-10   2.06E-20   4.89E-05   5.19E-05   3.00E-04   1.67E-18   3.24E-18
 3.32E+06   5.13E-05   1.30E-10   2.95E-18   4.91E-05   5.22E-05   3.09E-04   2.40E-16   4.63E-16
 3.48E+06   5.23E-05   1.48E-10   1.63E-16   4.92E-05   5.24E-05   3.15E-04   1.34E-14   2.33E-14
 3.62E+06   5.31E-05   1.69E-10   9.03E-15   4.93E-05   5.26E-05   3.20E-04   7.67E-13   9.83E-13
 3.78E+06   5.37E-05   1.94E-10   3.79E-13   4.94E-05   5.27E-05   3.24E-04   3.25E-11   3.66E-11
 3.92E+06   5.41E-05   2.24E-10   7.06E-12   4.95E-05   5.28E-05   3.27E-04   6.07E-10   6.64E-10
 4.08E+06   5.44E-05   2.60E-10   6.11E-11   4.95E-05   5.28E-05   3.29E-04   5.25E-09   5.71E-09
 4.22E+06   5.47E-05   3.02E-10   2.86E-10   4.95E-05   5.29E-05   3.30E-04   2.45E-08   2.66E-08
 4.38E+06   5.50E-05   3.50E-10   8.53E-10   4.96E-05   5.30E-05   3.32E-04   7.31E-08   7.92E-08
 4.52E+06   5.54E-05   4.04E-10   1.89E-09   4.97E-05   5.30E-05   3.33E-04   1.62E-07   1.75E-07
 4.68E+06   5.57E-05   4.63E-10   3.38E-09   4.98E-05   5.32E-05   3.34E-04   2.90E-07   3.14E-07
 4.82E+06   5.61E-05   5.27E-10   5.20E-09   4.99E-05   5.33E-05   3.34E-04   4.45E-07   4.82E-07
 4.98E+06   5.65E-05   5.97E-10   7.17E-09   5.01E-05   5.35E-05   3.35E-04   6.13E-07   6.64E-07
 5.12E+06   5.68E-05   6.75E-10   9.16E-09   5.02E-05   5.36E-05   3.35E-04   7.83E-07   8.48E-07
 5.28E+06   5.72E-05   7.63E-10   1.11E-08   5.04E-05   5.38E-05   3.36E-04   9.46E-07   1.03E-06
 5.42E+06   5.75E-05   8.67E-10   1.31E-08   5.06E-05   5.39E-05   3.36E-04   1.10E-06   1.19E-06
 5.58E+06   5.78E-05   9.95E-10   1.50E-08   5.08E-05   5.41E-05   3.37E-04   1.24E-06   1.35E-06
 5.72E+06   5.81E-05   1.17E-09   1.70E-08   5.10E-05   5.44E-05   3.37E-04   1.38E-06   1.49E-06
 5.88E+06   5.84E-05   1.42E-09   1.91E-08   5.13E-05   5.46E-05   3.37E-04   1.50E-06   1.62E-06
 6.02E+06   5.87E-05   1.78E-09   2.12E-08   5.16E-05   5.49E-05   3.37E-04   1.62E-06   1.74E-06
 6.18E+06   5.90E-05   2.24E-09   2.36E-08   5.19E-05   5.53E-05   3.37E-04   1.72E-06   1.84E-06
 6.32E+06   5.93E-05   2.75E-09   2.61E-08   5.21E-05   5.55E-05   3.37E-04   1.80E-06   1.92E-06
 6.48E+06   5.96E-05   3.26E-09   2.91E-08   5.24E-05   5.58E-05   3.38E-04   1.87E-06   1.99E-06
 6.62E+06   5.98E-05   3.73E-09   3.30E-08   5.26E-05   5.60E-05   3.38E-04   1.92E-06   2.04E-06
 6.78E+06   6.00E-05   4.13E-09   3.80E-08   5.28E-05   5.62E-05   3.38E-04   1.97E-06   2.09E-06
 6.92E+06   6.03E-05   4.44E-09   4.45E-08   5.29E-05   5.63E-05   3.38E-04   2.01E-06   2.12E-06
 7.08E+06   6.05E-05   4.67E-09   5.22E-08   5.31E-05   5.65E-05   3.38E-04   2.04E-06   2.15E-06
 7.22E+06   6.07E-05   4.83E-09   6.01E-08   5.33E-05   5.66E-05   3.38E-04   2.06E-06   2.18E-06
 7.38E+06   6.08E-05   4.93E-09   6.71E-08   5.34E-05   5.68E-05   3.38E-04   2.08E-06   2.19E-06
 7.52E+06   6.09E-05   5.00E-09   7.27E-08   5.35E-05   5.68E-05   3.38E-04   2.10E-06   2.21E-06
 7.68E+06   6.10E-05   5.05E-09   7.68E-08   5.35E-05   5.69E-05   3.38E-04   2.11E-06   2.22E-06
 7.82E+06   6.10E-05   5.08E-09   7.97E-08   5.36E-05   5.70E-05   3.38E-04   2.11E-06   2.23E-06
 7.98E+06   6.11E-05   5.10E-09   8.17E-08   5.36E-05   5.70E-05   3.38E-04   2.12E-06   2.23E-06
 8.12E+06   6.11E-05   5.11E-09   8.30E-08   5.36E-05   5.70E-05   3.38E-04   2.12E-06   2.23E-06
 8.28E+06   6.11E-05   5.12E-09   8.39E-08   5.36E-05   5.70E-05   3.38E-04   2.12E-06   2.24E-06
 8.42E+06   6.11E-05   5.12E-09   8.44E-08   5.37E-05   5.70E-05   3.38E-04   2.13E-06   2.24E-06
 8.58E+06   6.11E-05   5.13E-09   8.48E-08   5.37E-05   5.70E-05   3.38E-04   2.13E-06   2.24E-06
 8.72E+06   6.11E-05   5.13E-09   8.51E-08   5.37E-05   5.70E-05   3.38E-04   2.13E-06   2.24E-06
 8.88E+06   6.11E-05   5.13E-09   8.52E-08   5.37E-05   5.70E-05   3.38E-04   2.13E-06   2.24E-06
 9.02E+06   6.11E-05   5.13E-09   8.54E-08   5.37E-05   5.70E-05   3.38E-04   2.13E-06   2.24E-06
 9.18E+06   6.11E-05   5.13E-09   8.54E-08   5.37E-05   5.70E-05   3.38E-04   2.13E-06   2.24E-06
 9.32E+06   6.11E-05   5.13E-09   8.55E-08   5.37E-05   5.71E-05   3.38E-04   2.13E-06   2.24E-06
 9.48E+06   6.11E-05   5.13E-09   8.55E-08   5.37E-05   5.71E-05   3.38E-04   2.13E-06   2.24E-06
 9.62E+06   6.11E-05   5.13E-09   8.56E-08   5.37E-05   5.71E-05   3.38E-04   2.13E-06   2.24E-06
 9.78E+06   6.11E-05   5.13E-09   8.56E-08   5.37E-05   5.71E-05   3.38E-04   2.13E-06   2.24E-06
 9.92E+06   6.11E-05   5.13E-09   8.56E-08   5.37E-05   5.71E-05   3.38E-04   2.13E-06   2.24E-06

     Z      PCH4_3     PC2H6_1    PC2H6_2    PHNO2_1    PHNO3      PHNO3_3    PHNO3_1    PNO        
 2.50E+04   0.00E+00   0.00E+00   0.00E+00   5.41E-04   2.88E-07   5.97E-15   4.29E-15   0.00E+00
 1.75E+05   0.00E+00   0.00E+00   0.00E+00   6.01E-04   3.59E-07   2.56E-12   1.84E-12   3.45-130
 3.25E+05   0.00E+00   0.00E+00   0.00E+00   6.55E-04   4.60E-07   1.22E-10   8.77E-11   1.88E-51
 4.75E+05   0.00E+00   0.00E+00   0.00E+00   7.04E-04   6.18E-07   1.45E-09   1.04E-09   1.66E-25
 6.25E+05   0.00E+00   0.00E+00   0.00E+00   7.48E-04   8.45E-07   8.50E-09   6.11E-09   1.49E-15
 7.75E+05   0.00E+00   0.00E+00   0.00E+00   7.88E-04   1.14E-06   2.89E-08   2.08E-08   6.79E-12
 9.25E+05   0.00E+00   0.00E+00   0.00E+00   8.24E-04   1.50E-06   6.46E-08   4.63E-08   2.23E-10
 1.08E+06   0.00E+00   0.00E+00   0.00E+00   8.57E-04   1.94E-06   1.16E-07   8.35E-08   1.07E-09
 1.22E+06   0.00E+00   0.00E+00   0.00E+00   8.86E-04   2.52E-06   1.91E-07   1.37E-07   3.09E-09
 1.38E+06   0.00E+00   0.00E+00   0.00E+00   9.12E-04   3.33E-06   3.05E-07   2.19E-07   7.74E-09
 1.52E+06   0.00E+00   0.00E+00   0.00E+00   9.38E-04   4.58E-06   4.98E-07   3.57E-07   1.87E-08
 1.68E+06   1.30-143   0.00E+00   8.54-145   9.62E-04   6.54E-06   8.24E-07   5.91E-07   4.30E-08
 1.82E+06   5.72-113   0.00E+00   3.77-114   9.83E-04   9.45E-06   1.34E-06   9.66E-07   9.22E-08
 1.98E+06   9.54E-89   0.00E+00   6.29E-90   1.00E-03   1.36E-05   2.13E-06   1.53E-06   1.83E-07
 2.12E+06   9.53E-70   0.00E+00   6.28E-71   1.02E-03   1.92E-05   3.23E-06   2.32E-06   3.30E-07
 2.28E+06   4.12E-55   0.00E+00   2.72E-56   1.05E-03   2.59E-05   4.54E-06   3.26E-06   5.33E-07
 2.42E+06   4.55E-44   0.00E+00   3.00E-45   1.08E-03   3.27E-05   5.83E-06   4.18E-06   7.58E-07
 2.58E+06   9.25E-36   0.00E+00   6.10E-37   1.11E-03   3.86E-05   6.96E-06   4.99E-06   9.79E-07
 2.72E+06   1.99E-29   0.00E+00   1.31E-30   1.13E-03   4.31E-05   7.95E-06   5.71E-06   1.19E-06
 2.88E+06   1.43E-24   0.00E+00   9.43E-26   1.15E-03   4.64E-05   8.84E-06   6.35E-06   1.40E-06
 3.02E+06   7.41E-21   0.00E+00   4.88E-22   1.16E-03   4.90E-05   9.65E-06   6.93E-06   1.61E-06
 3.18E+06   5.00E-18   0.00E+00   3.30E-19   1.17E-03   5.09E-05   1.04E-05   7.46E-06   1.82E-06
 3.32E+06   7.10E-16   0.00E+00   4.81E-17   1.17E-03   5.24E-05   1.11E-05   7.95E-06   2.02E-06
 3.48E+06   3.11E-14   0.00E+00   3.33E-15   1.18E-03   5.35E-05   1.17E-05   8.39E-06   2.22E-06
 3.62E+06   6.28E-13   0.00E+00   2.75E-13   1.18E-03   5.44E-05   1.23E-05   8.80E-06   2.41E-06
 3.78E+06   9.96E-12   0.00E+00   1.27E-11   1.18E-03   5.51E-05   1.28E-05   9.18E-06   2.61E-06
 3.92E+06   1.29E-10   0.00E+00   2.37E-10   1.18E-03   5.56E-05   1.33E-05   9.55E-06   2.81E-06
 4.08E+06   1.00E-09   0.00E+00   2.02E-09   1.19E-03   5.60E-05   1.38E-05   9.92E-06   3.03E-06
 4.22E+06   4.52E-09   0.00E+00   9.34E-09   1.19E-03   5.65E-05   1.44E-05   1.03E-05   3.27E-06
 4.38E+06   1.33E-08   0.00E+00   2.76E-08   1.19E-03   5.69E-05   1.49E-05   1.07E-05   3.52E-06
 4.52E+06   2.92E-08   0.00E+00   6.06E-08   1.19E-03   5.74E-05   1.55E-05   1.12E-05   3.80E-06
 4.68E+06   5.22E-08   0.00E+00   1.08E-07   1.19E-03   5.80E-05   1.62E-05   1.16E-05   4.10E-06
 4.82E+06   8.03E-08   0.00E+00   1.67E-07   1.19E-03   5.86E-05   1.68E-05   1.21E-05   4.40E-06
 4.98E+06   1.11E-07   0.00E+00   2.32E-07   1.19E-03   5.93E-05   1.75E-05   1.26E-05   4.69E-06
 5.12E+06   1.42E-07   0.00E+00   2.99E-07   1.19E-03   6.00E-05   1.81E-05   1.30E-05   4.98E-06
 5.28E+06   1.73E-07   0.00E+00   3.67E-07   1.19E-03   6.05E-05   1.87E-05   1.34E-05   5.26E-06
 5.42E+06   2.03E-07   0.00E+00   4.33E-07   1.19E-03   6.10E-05   1.92E-05   1.38E-05   5.52E-06
 5.58E+06   2.30E-07   0.00E+00   4.95E-07   1.19E-03   6.13E-05   1.97E-05   1.41E-05   5.77E-06
 5.72E+06   2.56E-07   0.00E+00   5.54E-07   1.19E-03   6.14E-05   2.02E-05   1.45E-05   6.02E-06
 5.88E+06   2.79E-07   0.00E+00   6.09E-07   1.19E-03   6.16E-05   2.06E-05   1.48E-05   6.26E-06
 6.02E+06   3.00E-07   0.00E+00   6.58E-07   1.19E-03   6.19E-05   2.10E-05   1.51E-05   6.52E-06
 6.18E+06   3.18E-07   0.00E+00   7.01E-07   1.19E-03   6.27E-05   2.15E-05   1.54E-05   6.77E-06
 6.32E+06   3.32E-07   0.00E+00   7.34E-07   1.19E-03   6.38E-05   2.19E-05   1.57E-05   7.01E-06
 6.48E+06   3.43E-07   0.00E+00   7.61E-07   1.19E-03   6.41E-05   2.22E-05   1.60E-05   7.24E-06
 6.62E+06   3.52E-07   0.00E+00   7.82E-07   1.19E-03   6.44E-05   2.26E-05   1.62E-05   7.45E-06
 6.78E+06   3.59E-07   0.00E+00   7.98E-07   1.19E-03   6.46E-05   2.28E-05   1.64E-05   7.65E-06
 6.92E+06   3.65E-07   0.00E+00   8.12E-07   1.19E-03   6.48E-05   2.31E-05   1.66E-05   7.83E-06
 7.08E+06   3.69E-07   0.00E+00   8.23E-07   1.19E-03   6.50E-05   2.33E-05   1.67E-05   7.99E-06
 7.22E+06   3.74E-07   0.00E+00   8.33E-07   1.19E-03   6.51E-05   2.35E-05   1.68E-05   8.12E-06
 7.38E+06   3.77E-07   0.00E+00   8.40E-07   1.19E-03   6.53E-05   2.36E-05   1.69E-05   8.22E-06
 7.52E+06   3.80E-07   0.00E+00   8.46E-07   1.19E-03   6.53E-05   2.37E-05   1.70E-05   8.29E-06
 7.68E+06   3.81E-07   0.00E+00   8.50E-07   1.19E-03   6.54E-05   2.38E-05   1.71E-05   8.35E-06
 7.82E+06   3.83E-07   0.00E+00   8.53E-07   1.19E-03   6.54E-05   2.38E-05   1.71E-05   8.38E-06
 7.98E+06   3.83E-07   0.00E+00   8.54E-07   1.19E-03   6.55E-05   2.38E-05   1.71E-05   8.40E-06
 8.12E+06   3.84E-07   0.00E+00   8.56E-07   1.19E-03   6.55E-05   2.39E-05   1.71E-05   8.42E-06
 8.28E+06   3.84E-07   0.00E+00   8.57E-07   1.19E-03   6.55E-05   2.39E-05   1.71E-05   8.43E-06
 8.42E+06   3.85E-07   0.00E+00   8.57E-07   1.19E-03   6.55E-05   2.39E-05   1.71E-05   8.44E-06
 8.58E+06   3.85E-07   0.00E+00   8.58E-07   1.19E-03   6.55E-05   2.39E-05   1.72E-05   8.44E-06
 8.72E+06   3.85E-07   0.00E+00   8.58E-07   1.19E-03   6.55E-05   2.39E-05   1.72E-05   8.44E-06
 8.88E+06   3.85E-07   0.00E+00   8.58E-07   1.19E-03   6.55E-05   2.39E-05   1.72E-05   8.45E-06
 9.02E+06   3.85E-07   0.00E+00   8.58E-07   1.19E-03   6.55E-05   2.39E-05   1.72E-05   8.45E-06
 9.18E+06   3.85E-07   0.00E+00   8.58E-07   1.19E-03   6.55E-05   2.39E-05   1.72E-05   8.45E-06
 9.32E+06   3.85E-07   0.00E+00   8.58E-07   1.19E-03   6.55E-05   2.39E-05   1.72E-05   8.45E-06
 9.48E+06   3.85E-07   0.00E+00   8.58E-07   1.19E-03   6.55E-05   2.39E-05   1.72E-05   8.45E-06
 9.62E+06   3.85E-07   0.00E+00   8.58E-07   1.19E-03   6.55E-05   2.39E-05   1.72E-05   8.45E-06
 9.78E+06   3.85E-07   0.00E+00   8.58E-07   1.19E-03   6.55E-05   2.39E-05   1.72E-05   8.45E-06
 9.92E+06   3.85E-07   0.00E+00   8.58E-07   1.19E-03   6.55E-05   2.39E-05   1.72E-05   8.45E-06

     Z      PNO2_O1D   PNO2       PCH3_1     PSO        PH2S       PSO2       PSO2_SO21  PSO2_SO23  
 2.50E+04   3.27E-09   3.58E-03   4.03E-08   1.14E-07   4.55E-08   6.53E-08   6.78E-05   4.24E-07
 1.75E+05   7.99E-09   3.93E-03   9.95E-08   2.94E-07   1.21E-07   1.72E-07   8.07E-05   4.67E-07
 3.25E+05   1.56E-08   4.25E-03   1.93E-07   6.14E-07   2.62E-07   3.64E-07   9.25E-05   5.06E-07
 4.75E+05   2.70E-08   4.53E-03   3.26E-07   1.14E-06   5.04E-07   6.82E-07   1.03E-04   5.42E-07
 6.25E+05   4.30E-08   4.78E-03   4.99E-07   1.92E-06   8.69E-07   1.15E-06   1.14E-04   5.73E-07
 7.75E+05   6.39E-08   5.02E-03   7.14E-07   2.97E-06   1.36E-06   1.78E-06   1.24E-04   6.02E-07
 9.25E+05   9.04E-08   5.23E-03   9.79E-07   4.30E-06   1.99E-06   2.58E-06   1.34E-04   6.28E-07
 1.08E+06   1.24E-07   5.42E-03   1.31E-06   5.97E-06   2.78E-06   3.58E-06   1.44E-04   6.51E-07
 1.22E+06   1.67E-07   5.58E-03   1.73E-06   8.07E-06   3.76E-06   4.83E-06   1.55E-04   6.72E-07
 1.38E+06   2.30E-07   5.74E-03   2.37E-06   1.10E-05   5.14E-06   6.59E-06   1.68E-04   6.90E-07
 1.52E+06   3.41E-07   5.88E-03   3.52E-06   1.58E-05   7.38E-06   9.46E-06   1.87E-04   7.07E-07
 1.68E+06   5.41E-07   6.02E-03   5.71E-06   2.39E-05   1.11E-05   1.42E-05   2.15E-04   7.22E-07
 1.82E+06   8.99E-07   6.13E-03   9.74E-06   3.66E-05   1.69E-05   2.18E-05   2.55E-04   7.35E-07
 1.98E+06   1.55E-06   6.22E-03   1.70E-05   5.63E-05   2.61E-05   3.35E-05   3.13E-04   7.44E-07
 2.12E+06   2.76E-06   6.30E-03   2.91E-05   8.52E-05   3.99E-05   5.08E-05   3.99E-04   7.51E-07
 2.28E+06   4.86E-06   6.37E-03   4.51E-05   1.22E-04   5.89E-05   7.31E-05   5.14E-04   7.57E-07
 2.42E+06   7.65E-06   6.42E-03   6.01E-05   1.57E-04   7.94E-05   9.47E-05   6.41E-04   7.61E-07
 2.58E+06   1.01E-05   6.46E-03   7.05E-05   1.84E-04   9.60E-05   1.11E-04   7.45E-04   7.64E-07
 2.72E+06   1.19E-05   6.49E-03   7.75E-05   2.02E-04   1.08E-04   1.22E-04   8.16E-04   7.66E-07
 2.88E+06   1.32E-05   6.51E-03   8.24E-05   2.15E-04   1.16E-04   1.30E-04   8.63E-04   7.68E-07
 3.02E+06   1.41E-05   6.53E-03   8.59E-05   2.25E-04   1.23E-04   1.37E-04   8.94E-04   7.70E-07
 3.18E+06   1.47E-05   6.54E-03   8.86E-05   2.33E-04   1.27E-04   1.41E-04   9.14E-04   7.71E-07
 3.32E+06   1.52E-05   6.55E-03   9.05E-05   2.39E-04   1.31E-04   1.45E-04   9.27E-04   7.72E-07
 3.48E+06   1.56E-05   6.56E-03   9.20E-05   2.43E-04   1.34E-04   1.48E-04   9.36E-04   7.73E-07
 3.62E+06   1.58E-05   6.57E-03   9.31E-05   2.47E-04   1.36E-04   1.50E-04   9.41E-04   7.73E-07
 3.78E+06   1.61E-05   6.57E-03   9.40E-05   2.49E-04   1.37E-04   1.52E-04   9.45E-04   7.74E-07
 3.92E+06   1.63E-05   6.57E-03   9.47E-05   2.51E-04   1.39E-04   1.53E-04   9.48E-04   7.74E-07
 4.08E+06   1.65E-05   6.57E-03   9.52E-05   2.53E-04   1.40E-04   1.54E-04   9.50E-04   7.74E-07
 4.22E+06   1.67E-05   6.58E-03   9.56E-05   2.54E-04   1.40E-04   1.55E-04   9.52E-04   7.74E-07
 4.38E+06   1.70E-05   6.58E-03   9.59E-05   2.55E-04   1.41E-04   1.56E-04   9.53E-04   7.74E-07
 4.52E+06   1.72E-05   6.58E-03   9.61E-05   2.56E-04   1.42E-04   1.57E-04   9.54E-04   7.75E-07
 4.68E+06   1.76E-05   6.58E-03   9.62E-05   2.57E-04   1.43E-04   1.59E-04   9.54E-04   7.75E-07
 4.82E+06   1.79E-05   6.58E-03   9.64E-05   2.57E-04   1.45E-04   1.60E-04   9.55E-04   7.75E-07
 4.98E+06   1.82E-05   6.58E-03   9.65E-05   2.58E-04   1.46E-04   1.61E-04   9.55E-04   7.75E-07
 5.12E+06   1.86E-05   6.58E-03   9.65E-05   2.58E-04   1.47E-04   1.63E-04   9.55E-04   7.75E-07
 5.28E+06   1.89E-05   6.58E-03   9.66E-05   2.58E-04   1.48E-04   1.64E-04   9.55E-04   7.75E-07
 5.42E+06   1.92E-05   6.58E-03   9.66E-05   2.58E-04   1.49E-04   1.65E-04   9.56E-04   7.75E-07
 5.58E+06   1.95E-05   6.58E-03   9.67E-05   2.58E-04   1.50E-04   1.66E-04   9.56E-04   7.75E-07
 5.72E+06   1.98E-05   6.58E-03   9.67E-05   2.59E-04   1.50E-04   1.67E-04   9.56E-04   7.75E-07
 5.88E+06   2.01E-05   6.58E-03   9.67E-05   2.59E-04   1.51E-04   1.68E-04   9.56E-04   7.75E-07
 6.02E+06   2.05E-05   6.58E-03   9.67E-05   2.59E-04   1.52E-04   1.69E-04   9.56E-04   7.75E-07
 6.18E+06   2.08E-05   6.59E-03   9.67E-05   2.59E-04   1.52E-04   1.69E-04   9.56E-04   7.75E-07
 6.32E+06   2.11E-05   6.59E-03   9.67E-05   2.59E-04   1.53E-04   1.70E-04   9.56E-04   7.75E-07
 6.48E+06   2.14E-05   6.59E-03   9.67E-05   2.59E-04   1.53E-04   1.70E-04   9.56E-04   7.75E-07
 6.62E+06   2.17E-05   6.59E-03   9.68E-05   2.59E-04   1.53E-04   1.71E-04   9.56E-04   7.75E-07
 6.78E+06   2.20E-05   6.59E-03   9.68E-05   2.59E-04   1.54E-04   1.71E-04   9.56E-04   7.75E-07
 6.92E+06   2.23E-05   6.59E-03   9.68E-05   2.59E-04   1.54E-04   1.71E-04   9.56E-04   7.75E-07
 7.08E+06   2.26E-05   6.59E-03   9.68E-05   2.59E-04   1.54E-04   1.71E-04   9.56E-04   7.75E-07
 7.22E+06   2.28E-05   6.59E-03   9.68E-05   2.59E-04   1.55E-04   1.72E-04   9.56E-04   7.75E-07
 7.38E+06   2.30E-05   6.59E-03   9.68E-05   2.59E-04   1.55E-04   1.72E-04   9.56E-04   7.75E-07
 7.52E+06   2.31E-05   6.59E-03   9.68E-05   2.59E-04   1.55E-04   1.72E-04   9.56E-04   7.75E-07
 7.68E+06   2.32E-05   6.59E-03   9.68E-05   2.59E-04   1.55E-04   1.72E-04   9.56E-04   7.75E-07
 7.82E+06   2.33E-05   6.59E-03   9.68E-05   2.60E-04   1.55E-04   1.72E-04   9.56E-04   7.75E-07
 7.98E+06   2.33E-05   6.59E-03   9.68E-05   2.60E-04   1.56E-04   1.72E-04   9.56E-04   7.75E-07
 8.12E+06   2.34E-05   6.59E-03   9.68E-05   2.60E-04   1.56E-04   1.72E-04   9.56E-04   7.75E-07
 8.28E+06   2.34E-05   6.59E-03   9.68E-05   2.60E-04   1.56E-04   1.72E-04   9.56E-04   7.75E-07
 8.42E+06   2.34E-05   6.59E-03   9.68E-05   2.60E-04   1.56E-04   1.72E-04   9.56E-04   7.75E-07
 8.58E+06   2.34E-05   6.59E-03   9.68E-05   2.60E-04   1.56E-04   1.72E-04   9.56E-04   7.75E-07
 8.72E+06   2.34E-05   6.59E-03   9.68E-05   2.60E-04   1.56E-04   1.72E-04   9.56E-04   7.75E-07
 8.88E+06   2.34E-05   6.59E-03   9.68E-05   2.60E-04   1.56E-04   1.72E-04   9.56E-04   7.75E-07
 9.02E+06   2.34E-05   6.59E-03   9.68E-05   2.60E-04   1.56E-04   1.72E-04   9.56E-04   7.75E-07
 9.18E+06   2.34E-05   6.59E-03   9.68E-05   2.60E-04   1.56E-04   1.72E-04   9.56E-04   7.75E-07
 9.32E+06   2.34E-05   6.59E-03   9.68E-05   2.60E-04   1.56E-04   1.72E-04   9.56E-04   7.75E-07
 9.48E+06   2.34E-05   6.59E-03   9.68E-05   2.60E-04   1.56E-04   1.72E-04   9.56E-04   7.75E-07
 9.62E+06   2.34E-05   6.59E-03   9.68E-05   2.60E-04   1.56E-04   1.72E-04   9.56E-04   7.75E-07
 9.78E+06   2.34E-05   6.59E-03   9.68E-05   2.60E-04   1.56E-04   1.72E-04   9.56E-04   7.75E-07
 9.92E+06   2.34E-05   6.59E-03   9.68E-05   2.60E-04   1.56E-04   1.72E-04   9.56E-04   7.75E-07

     Z      PS2        PS4        PS3        PS8L       PS8R       PS8        PSO3       PHSO       
 2.50E+04   4.97E-05   1.16E-01   5.31E-01   0.00E+00   0.00E+00   9.81E-14   9.94E-08   6.97E-08
 1.75E+05   5.90E-05   1.20E-01   5.70E-01   0.00E+00   0.00E+00   1.38E-13   1.26E-07   1.73E-07
 3.25E+05   6.75E-05   1.23E-01   6.06E-01   0.00E+00   0.00E+00   1.88E-13   1.60E-07   3.45E-07
 4.75E+05   7.53E-05   1.26E-01   6.37E-01   0.00E+00   0.00E+00   2.51E-13   2.05E-07   6.13E-07
 6.25E+05   8.27E-05   1.29E-01   6.66E-01   0.00E+00   0.00E+00   3.31E-13   2.64E-07   9.93E-07
 7.75E+05   8.99E-05   1.32E-01   6.92E-01   0.00E+00   0.00E+00   4.32E-13   3.38E-07   1.49E-06
 9.25E+05   9.69E-05   1.34E-01   7.16E-01   0.00E+00   0.00E+00   5.63E-13   4.28E-07   2.13E-06
 1.08E+06   1.04E-04   1.36E-01   7.37E-01   0.00E+00   0.00E+00   7.39E-13   5.38E-07   2.93E-06
 1.22E+06   1.11E-04   1.38E-01   7.55E-01   0.00E+00   0.00E+00   9.92E-13   6.74E-07   3.94E-06
 1.38E+06   1.20E-04   1.40E-01   7.73E-01   0.00E+00   0.00E+00   1.34E-12   8.62E-07   5.40E-06
 1.52E+06   1.33E-04   1.43E-01   7.89E-01   0.00E+00   0.00E+00   1.83E-12   1.17E-06   7.90E-06
 1.68E+06   1.51E-04   1.45E-01   8.04E-01   0.00E+00   0.00E+00   2.54E-12   1.68E-06   1.23E-05
 1.82E+06   1.77E-04   1.46E-01   8.15E-01   0.00E+00   0.00E+00   3.56E-12   2.50E-06   1.99E-05
 1.98E+06   2.16E-04   1.48E-01   8.24E-01   0.00E+00   0.00E+00   5.11E-12   3.81E-06   3.32E-05
 2.12E+06   2.72E-04   1.48E-01   8.31E-01   0.00E+00   0.00E+00   7.55E-12   5.84E-06   5.70E-05
 2.28E+06   3.48E-04   1.49E-01   8.36E-01   0.00E+00   0.00E+00   1.15E-11   8.72E-06   9.71E-05
 2.42E+06   4.25E-04   1.50E-01   8.40E-01   0.00E+00   0.00E+00   1.76E-11   1.21E-05   1.51E-04
 2.58E+06   4.84E-04   1.50E-01   8.43E-01   0.00E+00   0.00E+00   2.63E-11   1.53E-05   2.02E-04
 2.72E+06   5.23E-04   1.50E-01   8.45E-01   0.00E+00   0.00E+00   3.72E-11   1.77E-05   2.41E-04
 2.88E+06   5.47E-04   1.50E-01   8.46E-01   0.00E+00   0.00E+00   5.08E-11   1.94E-05   2.68E-04
 3.02E+06   5.64E-04   1.50E-01   8.48E-01   0.00E+00   0.00E+00   6.79E-11   2.07E-05   2.86E-04
 3.18E+06   5.74E-04   1.51E-01   8.49E-01   0.00E+00   0.00E+00   8.97E-11   2.16E-05   3.00E-04
 3.32E+06   5.81E-04   1.51E-01   8.50E-01   0.00E+00   0.00E+00   1.18E-10   2.22E-05   3.09E-04
 3.48E+06   5.86E-04   1.51E-01   8.50E-01   0.00E+00   0.00E+00   1.53E-10   2.27E-05   3.15E-04
 3.62E+06   5.89E-04   1.51E-01   8.51E-01   0.00E+00   0.00E+00   1.99E-10   2.31E-05   3.20E-04
 3.78E+06   5.91E-04   1.51E-01   8.51E-01   0.00E+00   0.00E+00   2.59E-10   2.34E-05   3.24E-04
 3.92E+06   5.93E-04   1.51E-01   8.51E-01   0.00E+00   0.00E+00   3.38E-10   2.36E-05   3.27E-04
 4.08E+06   5.94E-04   1.51E-01   8.52E-01   0.00E+00   0.00E+00   4.41E-10   2.38E-05   3.29E-04
 4.22E+06   5.95E-04   1.51E-01   8.52E-01   0.00E+00   0.00E+00   5.77E-10   2.40E-05   3.30E-04
 4.38E+06   5.95E-04   1.51E-01   8.52E-01   0.00E+00   0.00E+00   7.59E-10   2.42E-05   3.32E-04
 4.52E+06   5.96E-04   1.51E-01   8.52E-01   0.00E+00   0.00E+00   1.00E-09   2.43E-05   3.33E-04
 4.68E+06   5.96E-04   1.51E-01   8.52E-01   0.00E+00   0.00E+00   1.33E-09   2.44E-05   3.34E-04
 4.82E+06   5.96E-04   1.51E-01   8.52E-01   0.00E+00   0.00E+00   1.77E-09   2.45E-05   3.34E-04
 4.98E+06   5.97E-04   1.51E-01   8.52E-01   0.00E+00   0.00E+00   2.35E-09   2.46E-05   3.35E-04
 5.12E+06   5.97E-04   1.51E-01   8.52E-01   0.00E+00   0.00E+00   3.13E-09   2.47E-05   3.35E-04
 5.28E+06   5.97E-04   1.51E-01   8.52E-01   0.00E+00   0.00E+00   4.14E-09   2.48E-05   3.36E-04
 5.42E+06   5.97E-04   1.51E-01   8.52E-01   0.00E+00   0.00E+00   5.45E-09   2.49E-05   3.36E-04
 5.58E+06   5.97E-04   1.51E-01   8.52E-01   0.00E+00   0.00E+00   7.17E-09   2.49E-05   3.37E-04
 5.72E+06   5.97E-04   1.51E-01   8.52E-01   0.00E+00   0.00E+00   9.43E-09   2.50E-05   3.37E-04
 5.88E+06   5.97E-04   1.51E-01   8.52E-01   0.00E+00   0.00E+00   1.25E-08   2.51E-05   3.37E-04
 6.02E+06   5.97E-04   1.51E-01   8.52E-01   0.00E+00   0.00E+00   1.66E-08   2.51E-05   3.37E-04
 6.18E+06   5.97E-04   1.51E-01   8.52E-01   0.00E+00   0.00E+00   2.25E-08   2.52E-05   3.37E-04
 6.32E+06   5.97E-04   1.51E-01   8.52E-01   0.00E+00   0.00E+00   3.03E-08   2.53E-05   3.37E-04
 6.48E+06   5.97E-04   1.51E-01   8.52E-01   0.00E+00   0.00E+00   3.96E-08   2.54E-05   3.38E-04
 6.62E+06   5.97E-04   1.51E-01   8.52E-01   0.00E+00   0.00E+00   5.17E-08   2.55E-05   3.38E-04
 6.78E+06   5.97E-04   1.51E-01   8.52E-01   0.00E+00   0.00E+00   6.75E-08   2.57E-05   3.38E-04
 6.92E+06   5.97E-04   1.51E-01   8.52E-01   0.00E+00   0.00E+00   8.81E-08   2.59E-05   3.38E-04
 7.08E+06   5.97E-04   1.51E-01   8.52E-01   0.00E+00   0.00E+00   1.15E-07   2.62E-05   3.38E-04
 7.22E+06   5.97E-04   1.51E-01   8.52E-01   0.00E+00   0.00E+00   1.50E-07   2.66E-05   3.38E-04
 7.38E+06   5.97E-04   1.51E-01   8.52E-01   0.00E+00   0.00E+00   1.96E-07   2.69E-05   3.38E-04
 7.52E+06   5.97E-04   1.51E-01   8.52E-01   0.00E+00   0.00E+00   2.56E-07   2.72E-05   3.38E-04
 7.68E+06   5.97E-04   1.51E-01   8.52E-01   0.00E+00   0.00E+00   3.34E-07   2.74E-05   3.38E-04
 7.82E+06   5.97E-04   1.51E-01   8.52E-01   0.00E+00   0.00E+00   4.35E-07   2.75E-05   3.38E-04
 7.98E+06   5.97E-04   1.51E-01   8.52E-01   0.00E+00   0.00E+00   5.68E-07   2.76E-05   3.38E-04
 8.12E+06   5.97E-04   1.51E-01   8.52E-01   0.00E+00   0.00E+00   7.41E-07   2.77E-05   3.38E-04
 8.28E+06   5.97E-04   1.51E-01   8.52E-01   0.00E+00   0.00E+00   9.66E-07   2.77E-05   3.38E-04
 8.42E+06   5.97E-04   1.51E-01   8.52E-01   0.00E+00   0.00E+00   1.26E-06   2.77E-05   3.38E-04
 8.58E+06   5.97E-04   1.51E-01   8.52E-01   0.00E+00   0.00E+00   1.64E-06   2.78E-05   3.38E-04
 8.72E+06   5.97E-04   1.51E-01   8.52E-01   0.00E+00   0.00E+00   2.14E-06   2.78E-05   3.38E-04
 8.88E+06   5.97E-04   1.51E-01   8.52E-01   0.00E+00   0.00E+00   2.79E-06   2.78E-05   3.38E-04
 9.02E+06   5.97E-04   1.51E-01   8.52E-01   0.00E+00   0.00E+00   3.64E-06   2.78E-05   3.38E-04
 9.18E+06   5.97E-04   1.51E-01   8.52E-01   0.00E+00   0.00E+00   4.74E-06   2.78E-05   3.38E-04
 9.32E+06   5.97E-04   1.51E-01   8.52E-01   0.00E+00   0.00E+00   6.17E-06   2.78E-05   3.38E-04
 9.48E+06   5.97E-04   1.51E-01   8.52E-01   0.00E+00   0.00E+00   8.03E-06   2.78E-05   3.38E-04
 9.62E+06   5.97E-04   1.51E-01   8.52E-01   0.00E+00   0.00E+00   1.05E-05   2.78E-05   3.38E-04
 9.78E+06   5.97E-04   1.51E-01   8.52E-01   0.00E+00   0.00E+00   1.36E-05   2.78E-05   3.38E-04
 9.92E+06   5.97E-04   1.51E-01   8.52E-01   0.00E+00   0.00E+00   1.77E-05   2.78E-05   3.38E-04

     Z      POCS       PNO3_NO    PNO3_NO2   PN2O       PHO2NO2_NO2PHO2NO2_NO3PN2O5_NO2  PN2O5_NO   
 2.50E+04   2.26E-09   1.09E-02   8.45E-02   1.16E-10   2.22E-06   5.55E-07   7.35E-08   1.21E-05
 1.75E+05   5.13E-09   1.11E-02   8.61E-02   3.28E-10   2.65E-06   6.63E-07   1.79E-07   1.40E-05
 3.25E+05   9.20E-09   1.13E-02   8.74E-02   7.64E-10   3.09E-06   7.73E-07   3.72E-07   1.57E-05
 4.75E+05   1.48E-08   1.15E-02   8.84E-02   1.57E-09   3.56E-06   8.94E-07   7.02E-07   1.72E-05
 6.25E+05   2.20E-08   1.16E-02   8.92E-02   2.86E-09   4.10E-06   1.04E-06   1.20E-06   1.86E-05
 7.75E+05   3.12E-08   1.18E-02   8.97E-02   4.64E-09   4.71E-06   1.20E-06   1.89E-06   2.00E-05
 9.25E+05   4.29E-08   1.20E-02   9.00E-02   6.85E-09   5.40E-06   1.40E-06   2.77E-06   2.12E-05
 1.08E+06   5.79E-08   1.22E-02   9.02E-02   9.58E-09   6.19E-06   1.63E-06   3.88E-06   2.24E-05
 1.22E+06   7.77E-08   1.23E-02   9.12E-02   1.34E-08   7.13E-06   1.90E-06   5.28E-06   2.35E-05
 1.38E+06   1.09E-07   1.25E-02   9.23E-02   1.87E-08   8.37E-06   2.27E-06   7.26E-06   2.47E-05
 1.52E+06   1.69E-07   1.27E-02   9.36E-02   2.71E-08   1.03E-05   2.85E-06   1.05E-05   2.62E-05
 1.68E+06   2.91E-07   1.28E-02   9.48E-02   4.05E-08   1.35E-05   3.78E-06   1.58E-05   2.80E-05
 1.82E+06   5.41E-07   1.30E-02   9.58E-02   6.06E-08   1.84E-05   5.21E-06   2.44E-05   3.03E-05
 1.98E+06   1.08E-06   1.31E-02   9.66E-02   8.94E-08   2.61E-05   7.42E-06   3.76E-05   3.34E-05
 2.12E+06   2.30E-06   1.32E-02   9.72E-02   1.28E-07   3.83E-05   1.08E-05   5.79E-05   3.75E-05
 2.28E+06   4.90E-06   1.32E-02   9.76E-02   1.71E-07   5.73E-05   1.60E-05   8.67E-05   4.31E-05
 2.42E+06   8.93E-06   1.33E-02   9.77E-02   2.11E-07   8.53E-05   2.33E-05   1.23E-04   4.99E-05
 2.58E+06   1.29E-05   1.33E-02   9.77E-02   2.41E-07   1.17E-04   3.16E-05   1.61E-04   5.63E-05
 2.72E+06   1.59E-05   1.34E-02   9.76E-02   2.65E-07   1.44E-04   3.85E-05   1.93E-04   6.11E-05
 2.88E+06   1.79E-05   1.34E-02   9.74E-02   2.84E-07   1.64E-04   4.36E-05   2.16E-04   6.44E-05
 3.02E+06   1.93E-05   1.34E-02   9.72E-02   3.00E-07   1.77E-04   4.71E-05   2.33E-04   6.67E-05
 3.18E+06   2.03E-05   1.34E-02   9.71E-02   3.15E-07   1.86E-04   4.95E-05   2.45E-04   6.81E-05
 3.32E+06   2.10E-05   1.35E-02   9.70E-02   3.30E-07   1.93E-04   5.12E-05   2.54E-04   6.90E-05
 3.48E+06   2.15E-05   1.35E-02   9.69E-02   3.43E-07   1.97E-04   5.23E-05   2.60E-04   6.96E-05
 3.62E+06   2.18E-05   1.35E-02   9.69E-02   3.55E-07   2.00E-04   5.31E-05   2.65E-04   7.01E-05
 3.78E+06   2.21E-05   1.35E-02   9.69E-02   3.66E-07   2.02E-04   5.37E-05   2.69E-04   7.03E-05
 3.92E+06   2.23E-05   1.35E-02   9.69E-02   3.77E-07   2.03E-04   5.41E-05   2.72E-04   7.05E-05
 4.08E+06   2.25E-05   1.35E-02   9.69E-02   3.89E-07   2.05E-04   5.44E-05   2.75E-04   7.07E-05
 4.22E+06   2.26E-05   1.35E-02   9.69E-02   4.07E-07   2.05E-04   5.47E-05   2.78E-04   7.08E-05
 4.38E+06   2.28E-05   1.35E-02   9.69E-02   4.36E-07   2.06E-04   5.48E-05   2.80E-04   7.09E-05
 4.52E+06   2.31E-05   1.35E-02   9.69E-02   4.80E-07   2.06E-04   5.50E-05   2.83E-04   7.09E-05
 4.68E+06   2.34E-05   1.35E-02   9.69E-02   5.39E-07   2.07E-04   5.51E-05   2.86E-04   7.10E-05
 4.82E+06   2.37E-05   1.35E-02   9.69E-02   6.08E-07   2.07E-04   5.51E-05   2.88E-04   7.10E-05
 4.98E+06   2.41E-05   1.35E-02   9.69E-02   6.83E-07   2.07E-04   5.52E-05   2.91E-04   7.10E-05
 5.12E+06   2.45E-05   1.35E-02   9.69E-02   7.62E-07   2.07E-04   5.52E-05   2.93E-04   7.10E-05
 5.28E+06   2.49E-05   1.35E-02   9.69E-02   8.45E-07   2.07E-04   5.52E-05   2.95E-04   7.10E-05
 5.42E+06   2.53E-05   1.35E-02   9.69E-02   9.35E-07   2.07E-04   5.53E-05   2.97E-04   7.10E-05
 5.58E+06   2.57E-05   1.35E-02   9.69E-02   1.04E-06   2.08E-04   5.53E-05   3.00E-04   7.10E-05
 5.72E+06   2.62E-05   1.35E-02   9.69E-02   1.16E-06   2.08E-04   5.53E-05   3.02E-04   7.10E-05
 5.88E+06   2.68E-05   1.35E-02   9.69E-02   1.29E-06   2.08E-04   5.53E-05   3.04E-04   7.11E-05
 6.02E+06   2.75E-05   1.35E-02   9.69E-02   1.43E-06   2.08E-04   5.53E-05   3.06E-04   7.11E-05
 6.18E+06   2.84E-05   1.35E-02   9.69E-02   1.58E-06   2.08E-04   5.53E-05   3.08E-04   7.11E-05
 6.32E+06   2.93E-05   1.35E-02   9.69E-02   1.71E-06   2.08E-04   5.53E-05   3.10E-04   7.11E-05
 6.48E+06   3.03E-05   1.35E-02   9.69E-02   1.83E-06   2.08E-04   5.53E-05   3.12E-04   7.11E-05
 6.62E+06   3.15E-05   1.35E-02   9.69E-02   1.94E-06   2.08E-04   5.53E-05   3.14E-04   7.11E-05
 6.78E+06   3.28E-05   1.35E-02   9.69E-02   2.03E-06   2.08E-04   5.53E-05   3.16E-04   7.11E-05
 6.92E+06   3.44E-05   1.35E-02   9.69E-02   2.12E-06   2.08E-04   5.53E-05   3.18E-04   7.11E-05
 7.08E+06   3.61E-05   1.35E-02   9.69E-02   2.19E-06   2.08E-04   5.53E-05   3.19E-04   7.11E-05
 7.22E+06   3.77E-05   1.35E-02   9.69E-02   2.25E-06   2.08E-04   5.53E-05   3.21E-04   7.11E-05
 7.38E+06   3.91E-05   1.35E-02   9.69E-02   2.31E-06   2.08E-04   5.53E-05   3.22E-04   7.11E-05
 7.52E+06   4.01E-05   1.35E-02   9.69E-02   2.35E-06   2.08E-04   5.53E-05   3.23E-04   7.11E-05
 7.68E+06   4.08E-05   1.35E-02   9.69E-02   2.38E-06   2.08E-04   5.53E-05   3.23E-04   7.11E-05
 7.82E+06   4.14E-05   1.35E-02   9.69E-02   2.40E-06   2.08E-04   5.53E-05   3.24E-04   7.11E-05
 7.98E+06   4.17E-05   1.35E-02   9.69E-02   2.41E-06   2.08E-04   5.53E-05   3.24E-04   7.11E-05
 8.12E+06   4.19E-05   1.35E-02   9.69E-02   2.42E-06   2.08E-04   5.53E-05   3.24E-04   7.11E-05
 8.28E+06   4.21E-05   1.35E-02   9.69E-02   2.43E-06   2.08E-04   5.53E-05   3.24E-04   7.11E-05
 8.42E+06   4.22E-05   1.35E-02   9.69E-02   2.43E-06   2.08E-04   5.53E-05   3.24E-04   7.11E-05
 8.58E+06   4.22E-05   1.35E-02   9.69E-02   2.44E-06   2.08E-04   5.53E-05   3.24E-04   7.11E-05
 8.72E+06   4.23E-05   1.35E-02   9.69E-02   2.44E-06   2.08E-04   5.53E-05   3.24E-04   7.11E-05
 8.88E+06   4.23E-05   1.35E-02   9.69E-02   2.44E-06   2.08E-04   5.53E-05   3.24E-04   7.11E-05
 9.02E+06   4.23E-05   1.35E-02   9.69E-02   2.44E-06   2.08E-04   5.53E-05   3.24E-04   7.11E-05
 9.18E+06   4.23E-05   1.35E-02   9.69E-02   2.44E-06   2.08E-04   5.53E-05   3.24E-04   7.11E-05
 9.32E+06   4.24E-05   1.35E-02   9.69E-02   2.44E-06   2.08E-04   5.53E-05   3.24E-04   7.11E-05
 9.48E+06   4.24E-05   1.35E-02   9.69E-02   2.44E-06   2.08E-04   5.53E-05   3.24E-04   7.11E-05
 9.62E+06   4.24E-05   1.35E-02   9.69E-02   2.44E-06   2.08E-04   5.53E-05   3.24E-04   7.11E-05
 9.78E+06   4.24E-05   1.35E-02   9.69E-02   2.44E-06   2.08E-04   5.53E-05   3.24E-04   7.11E-05
 9.92E+06   4.24E-05   1.35E-02   9.69E-02   2.44E-06   2.08E-04   5.53E-05   3.24E-04   7.11E-05
 N =   43  EMAX = 3.05E-10 FOR H2S     AT Z = 1.22E+06 U = 1.04E-16 RHS =-3.18E-26  DT = 6.54E+18  TIME = 1.63E+18

 TIME = 1.63E+18     TIMEY = 5.18E+10 YEARS

 NPHOT =   29

 MIXING RATIOS OF LONG-LIVED SPECIES


     Z        O        O2       H2O      H        OH       HO2      H2O2     H2       CO       HCO      H2CO     CH4      CH3      C2H6     NO       NO2      HNO      H2S     
  2.50E+04 2.59E-15 1.05E-03 1.24E-02 8.68E-19 4.30E-14 1.34E-11 1.60E-09 5.30E-07 1.10E-07 3.56E-20 2.22E-10 1.80E-06 3.06E-19 3.00E-22 5.39E-13 7.06E-13 6.81E-18 8.82E-12
  7.50E+04 3.06E-15 1.05E-03 1.05E-02 9.82E-19 4.82E-14 1.41E-11 1.73E-09 5.30E-07 1.06E-07 4.00E-20 2.24E-10 1.80E-06 3.22E-19 3.00E-22 5.64E-13 7.15E-13 6.48E-18 6.03E-12
  1.25E+05 3.75E-15 1.05E-03 8.82E-03 1.11E-18 5.43E-14 1.48E-11 1.82E-09 5.31E-07 1.03E-07 4.38E-20 2.19E-10 1.79E-06 3.41E-19 3.00E-22 6.00E-13 7.45E-13 5.18E-18 4.07E-12
  1.75E+05 4.71E-15 1.05E-03 7.40E-03 1.27E-18 6.20E-14 1.55E-11 1.91E-09 5.31E-07 9.95E-08 4.78E-20 2.14E-10 1.79E-06 3.64E-19 3.00E-22 6.48E-13 7.96E-13 3.84E-18 2.71E-12
  2.75E+05 7.76E-15 1.05E-03 4.98E-03 1.65E-18 8.05E-14 1.67E-11 2.03E-09 5.31E-07 9.26E-08 5.59E-20 2.00E-10 1.79E-06 4.09E-19 2.99E-22 7.92E-13 9.70E-13 1.97E-18 1.15E-12
  3.75E+05 1.31E-14 1.05E-03 3.11E-03 2.06E-18 1.01E-13 1.74E-11 2.01E-09 5.32E-07 8.61E-08 6.22E-20 1.81E-10 1.78E-06 4.40E-19 2.96E-22 1.04E-12 1.26E-12 1.10E-18 4.64E-13
  4.75E+05 2.17E-14 1.05E-03 1.82E-03 2.44E-18 1.21E-13 1.74E-11 1.85E-09 5.32E-07 8.00E-08 6.45E-20 1.58E-10 1.78E-06 4.43E-19 2.90E-22 1.37E-12 1.63E-12 8.52E-19 1.81E-13
  5.75E+05 3.47E-14 1.05E-03 9.66E-04 2.68E-18 1.35E-13 1.66E-11 1.61E-09 5.32E-07 7.45E-08 6.04E-20 1.28E-10 1.78E-06 4.04E-19 2.83E-22 1.62E-12 1.81E-12 9.70E-19 7.04E-14
  6.75E+05 5.34E-14 1.05E-03 4.58E-04 2.70E-18 1.40E-13 1.49E-11 1.31E-09 5.33E-07 6.97E-08 5.01E-20 9.52E-11 1.77E-06 3.27E-19 2.74E-22 1.60E-12 1.62E-12 1.26E-18 2.80E-14
  7.75E+05 7.88E-14 1.05E-03 1.91E-04 2.53E-18 1.37E-13 1.27E-11 1.01E-09 5.33E-07 6.56E-08 3.76E-20 6.58E-11 1.77E-06 2.39E-19 2.66E-22 1.73E-12 1.51E-12 1.93E-18 1.16E-14
  8.75E+05 1.12E-13 1.05E-03 7.00E-05 2.30E-18 1.32E-13 1.02E-11 7.36E-10 5.33E-07 6.22E-08 2.68E-20 4.32E-11 1.77E-06 1.65E-19 2.59E-22 2.61E-12 1.88E-12 3.92E-18 5.04E-15
  9.75E+05 1.54E-13 1.05E-03 2.26E-05 2.14E-18 1.31E-13 7.86E-12 5.20E-10 5.33E-07 5.93E-08 1.92E-20 2.80E-11 1.77E-06 1.13E-19 2.53E-22 4.70E-12 2.66E-12 8.64E-18 2.33E-15
  1.08E+06 2.25E-13 1.05E-03 8.74E-06 2.26E-18 1.41E-13 6.17E-12 3.51E-10 5.33E-07 5.62E-08 1.57E-20 1.99E-11 1.76E-06 9.00E-20 2.48E-22 8.30E-12 3.83E-12 1.53E-17 1.05E-15
  1.18E+06 4.50E-13 1.05E-03 5.32E-06 2.77E-18 1.68E-13 4.82E-12 1.75E-10 5.33E-07 5.02E-08 1.71E-20 1.81E-11 1.76E-06 1.06E-19 2.39E-22 1.48E-11 7.26E-12 1.53E-17 2.70E-16
  1.28E+06 9.75E-13 1.05E-03 4.86E-06 3.61E-18 2.25E-13 4.09E-12 7.69E-11 5.34E-07 4.14E-08 2.24E-20 1.90E-11 1.74E-06 1.44E-19 2.29E-22 2.45E-11 1.44E-11 1.06E-17 3.63E-17
  1.38E+06 2.19E-12 1.05E-03 4.90E-06 4.77E-18 3.37E-13 3.96E-12 4.28E-11 5.34E-07 2.97E-08 3.38E-20 2.18E-11 1.71E-06 2.21E-19 2.26E-22 3.84E-11 2.90E-11 5.74E-18 3.00E-18
  1.48E+06 4.43E-12 1.05E-03 4.98E-06 6.11E-18 4.98E-13 4.22E-12 3.39E-11 5.34E-07 1.97E-08 5.01E-20 2.45E-11 1.66E-06 3.33E-19 2.47E-22 5.62E-11 4.92E-11 3.30E-18 6.53E-19
  1.58E+06 8.00E-12 1.05E-03 5.07E-06 8.45E-18 7.25E-13 4.80E-12 3.20E-11 5.34E-07 1.35E-08 7.20E-20 2.65E-11 1.59E-06 4.90E-19 3.06E-22 7.69E-11 6.94E-11 2.24E-18 3.53E-19
  1.68E+06 1.36E-11 1.05E-03 5.19E-06 1.35E-17 1.06E-12 5.74E-12 3.33E-11 5.34E-07 1.04E-08 1.02E-19 2.80E-11 1.50E-06 7.12E-19 4.20E-22 9.58E-11 8.29E-11 1.63E-18 2.62E-19
  1.78E+06 2.25E-11 1.05E-03 5.32E-06 2.49E-17 1.55E-12 7.12E-12 3.67E-11 5.33E-07 9.14E-09 1.45E-19 2.93E-11 1.40E-06 1.04E-18 6.03E-22 1.06E-10 8.50E-11 1.16E-18 2.11E-19
  1.88E+06 3.75E-11 1.05E-03 5.45E-06 5.05E-17 2.29E-12 8.89E-12 4.03E-11 5.33E-07 8.70E-09 2.08E-19 3.04E-11 1.30E-06 1.53E-18 8.91E-22 1.05E-10 7.59E-11 7.86E-19 1.44E-19
  1.98E+06 6.30E-11 1.05E-03 5.57E-06 1.11E-16 3.43E-12 1.08E-11 4.16E-11 5.33E-07 8.54E-09 3.05E-19 3.17E-11 1.20E-06 2.31E-18 1.34E-21 9.38E-11 5.91E-11 5.74E-19 4.48E-20
  2.08E+06 1.04E-10 1.05E-03 5.68E-06 2.62E-16 5.20E-12 1.26E-11 3.85E-11 5.36E-07 8.41E-09 4.52E-19 3.29E-11 1.10E-06 3.56E-18 2.01E-21 7.78E-11 4.03E-11 5.46E-19 2.50E-21
  2.18E+06 1.67E-10 1.05E-03 5.76E-06 6.34E-16 7.88E-12 1.38E-11 3.26E-11 5.42E-07 8.21E-09 6.65E-19 3.35E-11 1.01E-06 5.48E-18 2.98E-21 6.13E-11 2.38E-11 5.58E-19 1.27E-22
  2.28E+06 2.53E-10 1.05E-03 5.82E-06 1.52E-15 1.17E-11 1.45E-11 2.63E-11 5.52E-07 7.93E-09 9.43E-19 3.32E-11 9.33E-07 8.16E-18 4.30E-21 4.67E-11 1.22E-11 5.72E-19 6.89E-24
  2.38E+06 3.62E-10 1.05E-03 5.84E-06 3.43E-15 1.67E-11 1.49E-11 2.15E-11 5.69E-07 7.67E-09 1.25E-18 3.18E-11 8.64E-07 1.14E-17 5.94E-21 3.50E-11 5.46E-12 5.77E-19 4.41E-25
  2.48E+06 4.76E-10 1.05E-03 5.83E-06 6.78E-15 2.18E-11 1.54E-11 1.88E-11 5.92E-07 7.57E-09 1.47E-18 2.90E-11 8.07E-07 1.43E-17 8.03E-21 2.56E-11 2.30E-12 5.41E-19 3.61E-26
  2.58E+06 5.76E-10 1.05E-03 5.80E-06 1.15E-14 2.62E-11 1.63E-11 1.72E-11 6.22E-07 7.73E-09 1.54E-18 2.54E-11 7.59E-07 1.61E-17 1.17E-20 1.85E-11 1.01E-12 4.67E-19 3.69E-27
  2.68E+06 6.68E-10 1.05E-03 5.74E-06 1.80E-14 3.02E-11 1.77E-11 1.64E-11 6.60E-07 8.11E-09 1.54E-18 2.17E-11 7.19E-07 1.72E-17 2.08E-20 1.35E-11 4.98E-13 3.92E-19 4.33E-28
  2.78E+06 7.63E-10 1.05E-03 5.65E-06 2.72E-14 3.43E-11 1.94E-11 1.61E-11 7.05E-07 8.68E-09 1.51E-18 1.85E-11 6.84E-07 1.81E-17 4.46E-20 1.01E-11 2.76E-13 3.34E-19 5.72E-29
  2.88E+06 8.65E-10 1.05E-03 5.55E-06 4.10E-14 3.89E-11 2.16E-11 1.63E-11 7.56E-07 9.42E-09 1.48E-18 1.58E-11 6.54E-07 1.92E-17 1.02E-19 7.90E-12 1.71E-13 2.95E-19 8.73E-30
  2.98E+06 9.76E-10 1.05E-03 5.42E-06 6.14E-14 4.41E-11 2.42E-11 1.68E-11 8.15E-07 1.03E-08 1.45E-18 1.36E-11 6.25E-07 2.07E-17 2.37E-19 6.38E-12 1.16E-13 2.69E-19 1.51E-30
  3.08E+06 1.10E-09 1.05E-03 5.28E-06 9.22E-14 5.01E-11 2.73E-11 1.75E-11 8.81E-07 1.14E-08 1.45E-18 1.18E-11 5.97E-07 2.27E-17 5.28E-19 5.35E-12 8.50E-14 2.55E-19 2.96E-31
  3.18E+06 1.25E-09 1.05E-03 5.12E-06 1.39E-13 5.68E-11 3.08E-11 1.83E-11 9.54E-07 1.27E-08 1.45E-18 1.03E-11 5.71E-07 2.53E-17 1.11E-18 4.68E-12 6.69E-14 2.52E-19 6.72E-32
  3.28E+06 1.41E-09 1.05E-03 4.95E-06 2.11E-13 6.44E-11 3.49E-11 1.94E-11 1.04E-06 1.42E-08 1.46E-18 9.02E-12 5.44E-07 2.86E-17 2.25E-18 4.27E-12 5.61E-14 2.59E-19 1.72E-32
  3.38E+06 1.61E-09 1.05E-03 4.75E-06 3.21E-13 7.31E-11 3.95E-11 2.07E-11 1.13E-06 1.59E-08 1.46E-18 7.89E-12 5.16E-07 3.23E-17 4.34E-18 4.08E-12 4.98E-14 2.80E-19 4.91E-33
  3.48E+06 1.85E-09 1.05E-03 4.54E-06 4.93E-13 8.29E-11 4.46E-11 2.22E-11 1.23E-06 1.79E-08 1.46E-18 6.85E-12 4.88E-07 3.63E-17 8.01E-18 4.08E-12 4.69E-14 3.16E-19 1.56E-33
  3.58E+06 2.15E-09 1.05E-03 4.30E-06 7.62E-13 9.40E-11 5.06E-11 2.40E-11 1.34E-06 2.05E-08 1.44E-18 5.88E-12 4.59E-07 4.05E-17 1.41E-17 4.27E-12 4.63E-14 3.73E-19 5.47E-34
  3.68E+06 2.52E-09 1.05E-03 4.06E-06 1.19E-12 1.07E-10 5.73E-11 2.61E-11 1.45E-06 2.38E-08 1.41E-18 4.98E-12 4.29E-07 4.46E-17 2.38E-17 4.64E-12 4.78E-14 4.58E-19 2.10E-34
  3.78E+06 3.00E-09 1.05E-03 3.79E-06 1.89E-12 1.21E-10 6.49E-11 2.86E-11 1.58E-06 2.86E-08 1.39E-18 4.20E-12 3.98E-07 4.88E-17 3.84E-17 5.21E-12 5.09E-14 5.81E-19 8.77E-35
  3.88E+06 3.62E-09 1.05E-03 3.50E-06 3.03E-12 1.37E-10 7.36E-11 3.16E-11 1.71E-06 3.61E-08 1.62E-18 3.80E-12 3.64E-07 5.73E-17 5.99E-17 6.01E-12 5.55E-14 7.59E-19 3.91E-35
  3.98E+06 4.39E-09 1.05E-03 3.20E-06 4.94E-12 1.57E-10 8.42E-11 3.55E-11 1.86E-06 4.81E-08 3.18E-18 4.71E-12 3.30E-07 9.28E-17 9.00E-17 7.07E-12 6.23E-14 1.02E-18 1.90E-35
  4.08E+06 5.28E-09 1.05E-03 2.87E-06 8.22E-12 1.83E-10 9.87E-11 4.19E-11 2.01E-06 6.78E-08 9.24E-18 8.99E-12 2.93E-07 2.36E-16 1.31E-16 8.43E-12 7.29E-14 1.43E-18 1.04E-35
  4.18E+06 6.22E-09 1.05E-03 2.52E-06 1.40E-11 2.20E-10 1.20E-10 5.24E-11 2.17E-06 9.87E-08 2.58E-17 1.90E-11 2.55E-07 6.82E-16 1.87E-16 1.02E-11 8.99E-14 2.09E-18 6.44E-36
  4.28E+06 7.18E-09 1.05E-03 2.23E-06 2.42E-11 2.74E-10 1.50E-10 6.97E-11 2.35E-06 1.44E-07 6.02E-17 3.48E-11 2.16E-07 1.76E-15 2.61E-16 1.24E-11 1.17E-13 3.19E-18 4.56E-36
  4.38E+06 8.16E-09 1.05E-03 2.03E-06 4.27E-11 3.48E-10 1.94E-10 9.62E-11 2.53E-06 2.07E-07 1.17E-16 5.37E-11 1.79E-07 3.89E-15 3.55E-16 1.51E-11 1.56E-13 5.01E-18 3.61E-36
  4.48E+06 9.28E-09 1.05E-03 1.91E-06 7.59E-11 4.43E-10 2.50E-10 1.32E-10 2.71E-06 2.92E-07 1.98E-16 7.17E-11 1.44E-07 7.52E-15 4.74E-16 1.83E-11 2.08E-13 7.88E-18 3.07E-36
  4.58E+06 1.08E-08 1.05E-03 1.78E-06 1.35E-10 5.53E-10 3.15E-10 1.73E-10 2.90E-06 4.04E-07 2.91E-16 8.54E-11 1.12E-07 1.29E-14 6.19E-16 2.23E-11 2.69E-13 1.21E-17 2.64E-36
  4.68E+06 1.29E-08 1.05E-03 1.64E-06 2.40E-10 6.73E-10 3.86E-10 2.13E-10 3.09E-06 5.50E-07 3.87E-16 9.33E-11 8.57E-08 2.02E-14 7.82E-16 2.71E-11 3.30E-13 1.81E-17 2.32E-36
  4.78E+06 1.58E-08 1.05E-03 1.50E-06 4.23E-10 8.00E-10 4.58E-10 2.46E-10 3.27E-06 7.39E-07 4.72E-16 9.51E-11 6.41E-08 2.93E-14 9.51E-16 3.30E-11 3.85E-13 2.62E-17 2.06E-36
  4.88E+06 1.98E-08 1.05E-03 1.35E-06 7.40E-10 9.30E-10 5.28E-10 2.68E-10 3.46E-06 9.88E-07 5.36E-16 9.17E-11 4.71E-08 3.96E-14 1.11E-15 4.01E-11 4.30E-13 3.70E-17 1.85E-36
  4.98E+06 2.54E-08 1.05E-03 1.20E-06 1.29E-09 1.06E-09 5.91E-10 2.76E-10 3.63E-06 1.31E-06 5.75E-16 8.48E-11 3.41E-08 5.04E-14 1.23E-15 4.87E-11 4.57E-13 5.08E-17 1.67E-36
  5.08E+06 3.33E-08 1.05E-03 1.04E-06 2.22E-09 1.18E-09 6.41E-10 2.68E-10 3.80E-06 1.74E-06 5.90E-16 7.61E-11 2.45E-08 6.03E-14 1.30E-15 5.93E-11 4.64E-13 6.80E-17 1.48E-36
  5.18E+06 4.47E-08 1.05E-03 8.91E-07 3.78E-09 1.27E-09 6.73E-10 2.47E-10 3.96E-06 2.29E-06 5.82E-16 6.67E-11 1.75E-08 6.74E-14 1.31E-15 7.23E-11 4.49E-13 8.85E-17 1.25E-36
  5.28E+06 6.14E-08 1.05E-03 7.45E-07 6.35E-09 1.33E-09 6.82E-10 2.13E-10 4.12E-06 3.01E-06 5.57E-16 5.75E-11 1.24E-08 6.95E-14 1.27E-15 8.85E-11 4.13E-13 1.12E-16 9.92E-37
  5.38E+06 8.73E-08 1.05E-03 6.08E-07 1.05E-08 1.35E-09 6.63E-10 1.73E-10 4.26E-06 3.93E-06 5.19E-16 4.90E-11 8.72E-09 6.50E-14 1.18E-15 1.09E-10 3.59E-13 1.36E-16 7.12E-37
  5.48E+06 1.30E-07 1.05E-03 4.82E-07 1.73E-08 1.29E-09 6.13E-10 1.29E-10 4.38E-06 5.06E-06 4.72E-16 4.15E-11 6.13E-09 5.42E-14 1.06E-15 1.35E-10 2.92E-13 1.59E-16 4.47E-37
  5.58E+06 2.03E-07 1.05E-03 3.73E-07 2.81E-08 1.17E-09 5.36E-10 8.92E-11 4.49E-06 6.42E-06 4.23E-16 3.48E-11 4.31E-09 3.95E-14 9.46E-16 1.69E-10 2.21E-13 1.76E-16 2.42E-37
  5.68E+06 3.30E-07 1.05E-03 2.81E-07 4.72E-08 1.05E-09 4.68E-10 5.76E-11 4.57E-06 8.01E-06 3.78E-16 2.86E-11 3.02E-09 2.56E-14 8.37E-16 2.16E-10 1.63E-13 1.97E-16 1.17E-37
  5.78E+06 8.78E-07 1.05E-03 2.04E-07 9.16E-08 6.89E-10 2.97E-10 2.63E-11 4.63E-06 9.80E-06 3.32E-16 2.35E-11 2.13E-09 9.88E-15 7.41E-16 2.73E-10 6.50E-14 1.56E-16 2.61E-38
  5.88E+06 3.97E-06 1.05E-03 1.44E-07 1.59E-07 2.66E-10 1.01E-10 7.14E-12 4.65E-06 1.17E-05 2.91E-16 1.73E-11 1.50E-09 2.08E-15 6.58E-16 2.91E-10 1.38E-14 5.42E-17 2.03E-39
  5.98E+06 1.34E-05 1.05E-03 9.99E-08 2.23E-07 1.28E-10 3.52E-11 1.67E-12 4.67E-06 1.37E-05 2.46E-16 1.04E-11 1.07E-09 5.57E-16 5.86E-16 2.18E-10 5.84E-15 1.40E-17 1.29E-40
  6.08E+06 3.38E-05 1.04E-03 6.94E-08 2.74E-07 7.54E-11 1.40E-11 3.84E-13 4.67E-06 1.58E-05 1.86E-16 5.36E-12 7.63E-10 2.02E-16 5.21E-16 1.34E-10 2.82E-15 3.44E-18 8.11E-42
  6.18E+06 6.93E-05 1.02E-03 4.82E-08 3.12E-07 4.80E-11 6.15E-12 8.92E-14 4.67E-06 1.79E-05 1.32E-16 2.38E-12 5.48E-10 9.15E-17 4.64E-16 8.38E-11 1.41E-15 9.64E-19 4.96E-43
  6.28E+06 1.22E-04 9.94E-04 3.32E-08 3.40E-07 3.10E-11 2.92E-12 2.07E-14 4.67E-06 2.01E-05 9.21E-17 9.22E-13 3.93E-10 4.85E-17 4.11E-16 5.46E-11 7.16E-16 3.08E-19 2.67E-44
  6.38E+06 1.90E-04 9.60E-04 2.27E-08 3.61E-07 2.23E-11 1.61E-12 4.78E-15 4.67E-06 2.25E-05 5.93E-17 5.18E-13 2.81E-10 2.73E-17 3.63E-16 3.92E-11 4.32E-16 1.26E-19 1.37E-45
  6.48E+06 2.72E-04 9.20E-04 1.55E-08 3.76E-07 1.60E-11 9.43E-13 1.13E-15 4.67E-06 2.48E-05 3.99E-17 3.22E-13 2.02E-10 1.68E-17 3.22E-16 2.84E-11 2.62E-16 5.59E-20 7.52E-47
  6.58E+06 3.66E-04 8.74E-04 1.06E-08 3.87E-07 1.14E-11 5.73E-13 2.77E-16 4.67E-06 2.72E-05 2.76E-17 2.12E-13 1.46E-10 1.09E-17 2.86E-16 2.05E-11 1.58E-16 2.57E-20 5.35E-48
  6.68E+06 4.73E-04 8.21E-04 7.32E-09 3.96E-07 8.03E-12 3.57E-13 6.98E-17 4.67E-06 2.96E-05 1.97E-17 1.45E-13 1.06E-10 7.46E-18 2.54E-16 1.46E-11 9.47E-17 1.22E-20 6.69E-49
  6.78E+06 5.88E-04 7.64E-04 5.04E-09 4.02E-07 5.56E-12 2.27E-13 1.82E-17 4.67E-06 3.21E-05 1.44E-17 1.03E-13 7.73E-11 5.30E-18 2.27E-16 1.03E-11 5.61E-17 5.89E-21 1.49E-49
  6.88E+06 7.11E-04 7.04E-04 3.49E-09 4.07E-07 3.79E-12 1.47E-13 4.96E-18 4.67E-06 3.45E-05 1.08E-17 7.60E-14 5.68E-11 3.89E-18 2.03E-16 7.26E-12 3.30E-17 2.90E-21 4.47E-50
  6.98E+06 8.38E-04 6.42E-04 2.42E-09 4.11E-07 2.55E-12 9.61E-14 1.41E-18 4.67E-06 3.70E-05 8.32E-18 5.75E-14 4.20E-11 2.95E-18 1.82E-16 5.08E-12 1.93E-17 1.46E-21 1.54E-50
  7.08E+06 9.65E-04 5.81E-04 1.69E-09 4.15E-07 1.69E-12 6.37E-14 4.21E-19 4.67E-06 3.94E-05 6.54E-18 4.46E-14 3.12E-11 2.29E-18 1.64E-16 3.54E-12 1.13E-17 7.45E-22 5.76E-51
  7.18E+06 1.09E-03 5.21E-04 1.19E-09 4.17E-07 1.11E-12 4.27E-14 1.32E-19 4.67E-06 4.18E-05 5.24E-18 3.54E-14 2.34E-11 1.83E-18 1.48E-16 2.48E-12 6.64E-18 3.89E-22 2.30E-51
  7.28E+06 1.21E-03 4.64E-04 8.39E-10 4.20E-07 7.21E-13 2.89E-14 4.33E-20 4.67E-06 4.41E-05 4.27E-18 2.87E-14 1.76E-11 1.49E-18 1.34E-16 1.75E-12 3.93E-18 2.09E-22 9.71E-52
  7.38E+06 1.32E-03 4.12E-04 5.97E-10 4.21E-07 4.65E-13 1.97E-14 1.49E-20 4.67E-06 4.64E-05 3.55E-18 2.38E-14 1.34E-11 1.24E-18 1.21E-16 1.26E-12 2.36E-18 1.15E-22 4.29E-52
  7.48E+06 1.43E-03 3.64E-04 4.28E-10 4.23E-07 2.98E-13 1.36E-14 5.36E-21 4.67E-06 4.85E-05 2.99E-18 2.00E-14 1.02E-11 1.06E-18 1.11E-16 9.17E-13 1.44E-18 6.54E-23 1.97E-52
  7.58E+06 1.53E-03 3.21E-04 3.09E-10 4.24E-07 1.90E-13 9.40E-15 2.01E-21 4.67E-06 5.06E-05 2.55E-18 1.70E-14 7.85E-12 9.11E-19 1.01E-16 6.85E-13 9.00E-19 3.83E-23 9.35E-53
  7.68E+06 1.62E-03 2.83E-04 2.25E-10 4.25E-07 1.22E-13 6.57E-15 7.79E-22 4.67E-06 5.25E-05 2.21E-18 1.47E-14 6.09E-12 7.98E-19 9.29E-17 5.24E-13 5.77E-19 2.32E-23 4.56E-53
  7.78E+06 1.70E-03 2.50E-04 1.66E-10 4.26E-07 7.78E-14 4.62E-15 3.13E-22 4.67E-06 5.43E-05 1.93E-18 1.29E-14 4.76E-12 7.09E-19 8.55E-17 4.11E-13 3.79E-19 1.45E-23 2.27E-53
  7.88E+06 1.78E-03 2.21E-04 1.23E-10 4.27E-07 5.00E-14 3.27E-15 1.29E-22 4.67E-06 5.60E-05 1.71E-18 1.14E-14 3.75E-12 6.38E-19 7.89E-17 3.31E-13 2.55E-19 9.36E-24 1.16E-53
  7.98E+06 1.86E-03 1.95E-04 9.22E-11 4.27E-07 3.24E-14 2.32E-15 5.48E-23 4.67E-06 5.75E-05 1.53E-18 1.01E-14 2.99E-12 5.82E-19 7.31E-17 2.72E-13 1.76E-19 6.19E-24 6.00E-54
  8.08E+06 1.94E-03 1.73E-04 6.98E-11 4.28E-07 2.12E-14 1.66E-15 2.37E-23 4.67E-06 5.90E-05 1.38E-18 9.12E-15 2.39E-12 5.36E-19 6.79E-17 2.28E-13 1.23E-19 4.18E-24 3.15E-54
  8.18E+06 2.01E-03 1.54E-04 5.32E-11 4.28E-07 1.40E-14 1.19E-15 1.04E-23 4.67E-06 6.03E-05 1.26E-18 8.23E-15 1.93E-12 4.97E-19 6.32E-17 1.94E-13 8.79E-20 2.87E-24 1.67E-54
  8.28E+06 2.09E-03 1.37E-04 4.09E-11 4.29E-07 9.50E-15 8.51E-16 4.62E-24 4.67E-06 6.15E-05 1.15E-18 7.46E-15 1.57E-12 4.64E-19 5.90E-17 1.67E-13 6.34E-20 1.99E-24 8.92E-55
  8.38E+06 2.18E-03 1.22E-04 3.17E-11 4.29E-07 6.62E-15 6.12E-16 2.08E-24 4.67E-06 6.26E-05 1.06E-18 6.79E-15 1.29E-12 4.37E-19 5.51E-17 1.46E-13 4.63E-20 1.40E-24 4.81E-55
  8.48E+06 2.27E-03 1.09E-04 2.49E-11 4.29E-07 4.79E-15 4.41E-16 9.51E-25 4.68E-06 6.36E-05 9.91E-19 6.22E-15 1.07E-12 4.15E-19 5.17E-17 1.28E-13 3.41E-20 9.94E-25 2.61E-55
  8.58E+06 2.36E-03 9.75E-05 1.97E-11 4.29E-07 3.63E-15 3.18E-16 4.41E-25 4.68E-06 6.45E-05 9.31E-19 5.72E-15 8.93E-13 3.98E-19 4.86E-17 1.14E-13 2.53E-20 7.10E-25 1.43E-55
  8.68E+06 2.46E-03 8.79E-05 1.58E-11 4.30E-07 2.89E-15 2.30E-16 2.08E-25 4.68E-06 6.52E-05 8.84E-19 5.30E-15 7.56E-13 3.85E-19 4.59E-17 1.02E-13 1.90E-20 5.10E-25 7.91E-56
  8.78E+06 2.58E-03 7.96E-05 1.29E-11 4.30E-07 2.43E-15 1.67E-16 1.00E-25 4.68E-06 6.59E-05 8.48E-19 4.94E-15 6.47E-13 3.76E-19 4.35E-17 9.18E-14 1.43E-20 3.69E-25 4.41E-56
  8.88E+06 2.70E-03 7.24E-05 1.06E-11 4.30E-07 2.16E-15 1.22E-16 4.92E-26 4.68E-06 6.65E-05 8.24E-19 4.64E-15 5.62E-13 3.72E-19 4.14E-17 8.34E-14 1.09E-20 2.68E-25 2.49E-56
  8.98E+06 2.84E-03 6.63E-05 8.89E-12 4.30E-07 2.00E-15 8.89E-17 2.47E-26 4.68E-06 6.69E-05 8.11E-19 4.41E-15 4.95E-13 3.72E-19 3.95E-17 7.64E-14 8.33E-21 1.96E-25 1.43E-56
  9.08E+06 2.99E-03 6.11E-05 7.58E-12 4.30E-07 1.91E-15 6.53E-17 1.27E-26 4.68E-06 6.73E-05 8.11E-19 4.24E-15 4.44E-13 3.78E-19 3.78E-17 7.05E-14 6.43E-21 1.44E-25 8.27E-57
  9.18E+06 3.15E-03 5.67E-05 6.59E-12 4.31E-07 1.89E-15 4.81E-17 6.70E-27 4.68E-06 6.77E-05 8.24E-19 4.12E-15 4.05E-13 3.90E-19 3.64E-17 6.56E-14 5.00E-21 1.06E-25 4.88E-57
  9.28E+06 3.34E-03 5.29E-05 5.84E-12 4.31E-07 1.90E-15 3.56E-17 3.64E-27 4.69E-06 6.79E-05 8.53E-19 4.07E-15 3.77E-13 4.09E-19 3.52E-17 6.15E-14 3.92E-21 7.90E-26 2.93E-57
  9.38E+06 3.54E-03 4.98E-05 5.30E-12 4.31E-07 1.95E-15 2.65E-17 2.04E-27 4.69E-06 6.82E-05 9.00E-19 4.08E-15 3.57E-13 4.37E-19 3.41E-17 5.80E-14 3.09E-21 5.90E-26 1.79E-57
  9.48E+06 3.76E-03 4.71E-05 4.92E-12 4.31E-07 2.02E-15 1.98E-17 1.18E-27 4.69E-06 6.83E-05 9.68E-19 4.16E-15 3.46E-13 4.75E-19 3.32E-17 5.52E-14 2.46E-21 4.43E-26 1.12E-57
  9.58E+06 4.00E-03 4.49E-05 4.69E-12 4.31E-07 2.12E-15 1.49E-17 7.11E-28 4.69E-06 6.85E-05 1.06E-18 4.31E-15 3.42E-13 5.26E-19 3.24E-17 5.29E-14 1.97E-21 3.35E-26 7.18E-58
  9.68E+06 4.26E-03 4.30E-05 4.58E-12 4.31E-07 2.23E-15 1.12E-17 4.48E-28 4.69E-06 6.86E-05 1.18E-18 4.51E-15 3.46E-13 5.94E-19 3.18E-17 5.11E-14 1.59E-21 2.54E-26 4.72E-58
  9.78E+06 4.55E-03 4.15E-05 4.59E-12 4.31E-07 2.37E-15 8.50E-18 3.02E-28 4.69E-06 6.86E-05 1.34E-18 4.75E-15 3.55E-13 6.82E-19 3.12E-17 4.96E-14 1.29E-21 1.94E-26 3.21E-58
  9.88E+06 4.86E-03 4.03E-05 4.70E-12 4.31E-07 2.54E-15 6.47E-18 2.25E-28 4.69E-06 6.87E-05 1.53E-18 4.97E-15 3.72E-13 7.96E-19 3.08E-17 4.85E-14 1.05E-21 1.49E-26 2.34E-58
  9.98E+06 5.21E-03 3.93E-05 4.91E-12 4.31E-07 2.73E-15 4.94E-18 1.93E-28 4.69E-06 6.87E-05 1.75E-18 5.08E-15 3.94E-13 9.41E-19 3.04E-17 4.77E-14 8.65E-22 1.15E-26 1.94E-58

 TP, TL
           1.43E+15 1.43E+15 1.49E+11 1.95E+12 2.54E+12 2.20E+12 1.90E+11 6.77E+10 2.22E+11 8.77E+10 1.52E+11 4.05E+04 1.52E+11 1.23E+01 1.34E+12 1.36E+12 2.18E+05 3.35E+06
           1.43E+15 1.43E+15 1.15E+11 1.95E+12 2.54E+12 2.20E+12 1.82E+11 5.13E+10 4.02E+11 8.77E+10 1.51E+11 1.53E+11 1.52E+11 1.23E+01 1.34E+12 1.36E+12 2.17E+05 2.03E+08

     Z        HS       S        SO       SO2      H2SO4    HSO      S2       S4       S8       SO3      OCS      S3       O3       HNO3     N        NO3      N2O      HO2NO2  
  2.50E+04 1.07E-16 1.39E-28 2.18E-17 5.78E-11 3.62E-12 9.03E-13 6.17E-32 5.05E-54 2.13E-85 1.33E-21 3.81E-22 4.95E-52 4.72E-09 4.31E-12 2.79E-74 3.03E-17 3.00E-07 1.49E-14
  7.50E+04 7.66E-17 1.30E-28 2.78E-17 8.87E-11 5.59E-12 8.58E-13 4.73E-32 2.67E-54 2.13E-85 2.71E-21 3.80E-22 3.16E-52 5.10E-09 4.84E-12 1.03E-69 3.16E-17 2.99E-07 2.15E-14
  1.25E+05 5.29E-17 1.58E-28 3.25E-17 1.14E-10 7.71E-12 6.75E-13 3.71E-32 1.47E-54 2.13E-85 4.83E-21 3.79E-22 2.66E-52 5.71E-09 5.54E-12 3.23E-65 3.51E-17 2.99E-07 3.20E-14
  1.75E+05 3.56E-17 2.36E-28 3.93E-17 1.35E-10 1.00E-11 4.87E-13 3.22E-32 9.94E-55 2.13E-85 7.90E-21 3.77E-22 3.05E-52 6.56E-09 6.43E-12 8.63E-61 4.10E-17 2.98E-07 4.99E-14
  2.75E+05 1.46E-17 7.20E-28 6.91E-17 1.68E-10 1.49E-11 2.25E-13 3.11E-32 7.45E-55 2.13E-85 1.96E-20 3.74E-22 7.08E-52 9.10E-09 8.65E-12 3.70E-52 6.07E-17 2.97E-07 1.36E-13
  3.75E+05 5.43E-18 2.54E-27 1.42E-16 1.93E-10 1.95E-11 1.06E-13 3.31E-32 6.75E-55 2.13E-85 4.95E-20 3.71E-22 2.09E-51 1.29E-08 1.10E-11 7.71E-44 9.26E-17 2.95E-07 4.01E-13
  4.75E+05 1.91E-18 8.95E-27 3.05E-16 2.14E-10 2.36E-11 6.76E-14 3.40E-32 5.75E-55 2.13E-85 1.24E-19 3.67E-22 5.98E-51 1.82E-08 1.30E-11 7.55E-36 1.37E-16 2.93E-07 1.25E-12
  5.75E+05 6.75E-19 3.02E-26 6.56E-16 2.35E-10 2.64E-11 7.30E-14 3.49E-32 4.84E-55 2.13E-85 3.14E-19 3.65E-22 1.64E-50 2.50E-08 1.41E-11 7.96E-29 1.87E-16 2.92E-07 3.59E-12
  6.75E+05 3.01E-19 9.75E-26 1.41E-15 2.58E-10 2.78E-11 1.08E-13 4.53E-32 6.58E-55 2.13E-85 8.28E-19 3.62E-22 5.46E-50 3.34E-08 1.42E-11 8.66E-25 2.37E-16 2.90E-07 7.78E-12
  7.75E+05 2.48E-19 3.04E-25 3.05E-15 2.82E-10 2.78E-11 1.71E-13 1.04E-31 2.81E-54 2.13E-85 2.35E-18 3.60E-22 3.12E-49 4.34E-08 1.38E-11 1.99E-22 2.99E-16 2.88E-07 1.24E-11
  8.75E+05 3.40E-19 9.15E-25 6.54E-15 3.06E-10 2.73E-11 2.56E-13 3.53E-31 2.60E-53 2.13E-85 7.42E-18 3.59E-22 2.54E-48 5.46E-08 1.39E-11 8.12E-21 3.84E-16 2.86E-07 1.57E-11
  9.75E+05 5.23E-19 2.65E-24 1.38E-14 3.27E-10 2.68E-11 3.50E-13 1.21E-30 2.43E-52 2.13E-85 2.68E-17 3.57E-22 1.99E-47 6.70E-08 1.46E-11 1.20E-19 4.89E-16 2.83E-07 1.74E-11
  1.08E+06 6.87E-19 6.90E-24 2.61E-14 3.45E-10 2.71E-11 4.00E-13 3.04E-30 1.21E-51 2.13E-85 8.76E-17 3.55E-22 1.01E-46 8.33E-08 1.65E-11 8.28E-19 6.40E-16 2.81E-07 1.80E-11
  1.18E+06 4.40E-19 1.36E-23 3.64E-14 3.66E-10 2.88E-11 2.68E-13 3.00E-30 8.65E-52 2.13E-85 2.74E-16 3.47E-22 1.44E-46 1.24E-07 2.41E-11 3.15E-18 1.15E-15 2.73E-07 2.00E-11
  1.28E+06 2.02E-19 2.27E-23 4.30E-14 3.66E-10 3.19E-11 1.37E-13 1.59E-30 1.78E-52 2.13E-85 4.29E-16 3.25E-22 9.30E-47 1.97E-07 4.19E-11 9.08E-18 2.73E-15 2.60E-07 2.41E-11
  1.38E+06 7.87E-20 3.12E-23 4.12E-14 3.21E-10 3.49E-11 6.02E-14 5.32E-31 1.45E-53 2.13E-85 5.57E-16 2.70E-22 3.10E-47 3.22E-07 8.02E-11 2.20E-17 7.75E-15 2.34E-07 3.10E-11
  1.48E+06 4.12E-20 4.28E-23 3.82E-14 2.60E-10 3.46E-11 3.06E-14 2.30E-31 1.98E-54 2.13E-85 6.62E-16 1.95E-22 1.33E-47 4.67E-07 1.29E-10 4.95E-17 1.80E-14 1.98E-07 3.67E-11
  1.58E+06 3.14E-20 6.38E-23 3.78E-14 2.04E-10 3.24E-11 1.94E-14 1.63E-31 7.19E-55 2.13E-85 7.39E-16 1.22E-22 1.02E-47 6.00E-07 1.68E-10 1.08E-16 3.23E-14 1.59E-07 3.84E-11
  1.68E+06 2.99E-20 9.89E-23 3.80E-14 1.52E-10 2.87E-11 1.39E-14 1.53E-31 4.59E-55 2.13E-85 7.74E-16 6.70E-23 1.07E-47 7.18E-07 1.83E-10 2.26E-16 4.71E-14 1.19E-07 3.54E-11
  1.78E+06 3.01E-20 1.46E-22 3.63E-14 1.03E-10 2.32E-11 1.00E-14 1.45E-31 3.00E-55 2.12E-85 7.45E-16 3.36E-23 1.09E-47 8.26E-07 1.71E-10 4.54E-16 5.85E-14 8.46E-08 2.85E-11
  1.88E+06 2.55E-20 1.78E-22 2.83E-14 5.65E-11 1.51E-11 5.91E-15 9.29E-32 8.99E-56 2.12E-85 5.99E-16 1.51E-23 6.17E-48 9.37E-07 1.40E-10 8.66E-16 6.41E-14 5.69E-08 1.98E-11
  1.98E+06 9.99E-21 9.95E-23 1.02E-14 1.41E-11 4.73E-12 1.55E-15 1.25E-32 1.19E-57 2.11E-85 2.31E-16 4.99E-24 3.37E-49 1.04E-06 1.00E-10 1.56E-15 6.18E-14 3.65E-08 1.14E-11
  2.08E+06 7.04E-22 9.69E-24 6.38E-16 5.93E-13 3.21E-13 6.83E-17 5.35E-35 1.57E-62 2.11E-85 1.58E-17 9.24E-25 1.01E-52 1.09E-06 6.38E-11 2.65E-15 5.13E-14 2.27E-08 5.40E-12
  2.18E+06 5.03E-23 8.78E-25 3.79E-17 2.26E-14 1.66E-14 2.80E-18 2.20E-37 1.93E-67 2.10E-85 9.85E-19 1.09E-25 2.73E-56 1.04E-06 3.55E-11 4.11E-15 3.55E-14 1.38E-08 2.08E-12
  2.28E+06 3.97E-24 7.61E-26 2.23E-18 8.12E-16 7.95E-16 1.14E-19 9.99E-40 2.89E-72 2.10E-85 5.49E-20 8.61E-27 7.83E-60 8.94E-07 1.73E-11 5.68E-15 2.03E-14 8.25E-09 6.68E-13
  2.38E+06 3.60E-25 6.43E-27 1.34E-19 2.89E-17 3.72E-17 4.95E-21 5.38E-42 6.13E-77 2.10E-85 2.75E-21 4.69E-28 2.60E-63 6.72E-07 7.30E-12 6.90E-15 9.64E-15 4.93E-09 1.89E-13
  2.48E+06 3.87E-26 5.49E-28 8.63E-21 1.12E-18 2.13E-18 2.50E-22 3.75E-44 2.19E-81 2.09E-85 1.27E-22 1.95E-29 1.14E-66 4.59E-07 2.77E-12 7.49E-15 3.99E-15 2.97E-09 5.39E-14
  2.58E+06 4.75E-27 5.00E-29 6.17E-22 5.25E-20 3.10E-19 1.56E-23 3.45E-46 1.36E-85 2.08E-85 6.13E-24 6.99E-31 7.01E-70 3.12E-07 1.06E-12 7.54E-15 1.60E-15 1.82E-09 1.75E-14
  2.68E+06 6.30E-28 5.05E-30 5.03E-23 3.08E-21 9.70E-20 1.19E-24 3.97E-48 1.33E-89 2.08E-85 3.38E-25 2.40E-32 6.01E-73 2.22E-07 4.42E-13 7.28E-15 6.93E-16 1.13E-09 6.79E-15
  2.78E+06 9.10E-29 5.87E-31 4.78E-24 2.28E-22 3.36E-20 1.08E-25 5.79E-50 2.20E-93 2.07E-85 2.30E-26 8.60E-34 7.50E-76 1.66E-07 2.08E-13 6.90E-15 3.32E-16 7.13E-10 3.07E-15
  2.88E+06 1.49E-29 8.12E-32 5.48E-25 2.14E-23 1.29E-20 1.22E-26 1.15E-51 1.41E-94 2.07E-85 2.01E-27 3.67E-35 1.51E-78 1.28E-07 1.09E-13 6.55E-15 1.75E-16 4.61E-10 1.59E-15
  2.98E+06 2.73E-30 1.31E-32 7.34E-26 2.45E-24 5.69E-21 1.61E-27 2.99E-53 1.70E-94 2.06E-85 2.23E-28 2.09E-36 4.61E-81 1.00E-07 6.28E-14 6.25E-15 1.00E-16 3.01E-10 9.05E-16
  3.08E+06 5.63E-31 2.48E-33 1.16E-26 3.42E-25 3.18E-21 2.54E-28 1.03E-54 2.04E-94 2.06E-85 3.16E-29 1.82E-37 2.18E-83 7.95E-08 3.89E-14 6.07E-15 6.13E-17 2.00E-10 5.61E-16
  3.18E+06 1.33E-31 5.64E-34 2.20E-27 5.85E-26 2.17E-21 4.80E-29 4.88E-56 2.44E-94 2.05E-85 5.69E-30 2.43E-38 1.70E-85 6.37E-08 2.58E-14 6.07E-15 4.01E-17 1.35E-10 3.73E-16
  3.28E+06 3.56E-32 1.50E-34 4.91E-28 1.19E-26 1.68E-21 1.06E-29 3.04E-57 2.92E-94 2.04E-85 1.26E-30 4.35E-39 2.03E-87 5.16E-08 1.81E-14 6.26E-15 2.79E-17 9.29E-11 2.64E-16
  3.38E+06 1.06E-32 4.64E-35 1.27E-28 2.86E-27 1.36E-21 2.72E-30 2.43E-58 3.47E-94 2.04E-85 3.31E-31 9.57E-40 3.60E-89 4.21E-08 1.34E-14 6.70E-15 2.06E-17 6.45E-11 1.98E-16
  3.48E+06 3.50E-33 1.66E-35 3.81E-29 8.02E-28 1.04E-21 8.03E-31 2.49E-59 4.13E-94 2.03E-85 1.01E-31 2.49E-40 9.44E-91 3.49E-08 1.05E-14 7.45E-15 1.62E-17 4.54E-11 1.57E-16
  3.58E+06 1.27E-33 6.71E-36 1.30E-29 2.58E-28 7.10E-22 2.67E-31 3.15E-60 4.90E-94 2.02E-85 3.49E-32 7.48E-41 3.47E-92 2.93E-08 8.73E-15 8.61E-15 1.36E-17 3.24E-11 1.32E-16
  3.68E+06 5.07E-34 3.10E-36 5.06E-30 9.53E-29 4.22E-22 1.00E-31 4.93E-61 5.81E-94 2.01E-85 1.35E-32 2.59E-41 1.79E-93 2.50E-08 7.55E-15 1.03E-14 1.20E-17 2.36E-11 1.15E-16
  3.78E+06 2.19E-34 1.60E-36 2.21E-30 3.98E-29 2.16E-22 4.18E-32 9.26E-62 6.90E-94 2.00E-85 5.82E-33 1.03E-41 1.25E-94 2.17E-08 6.74E-15 1.27E-14 1.10E-17 1.75E-11 1.04E-16
  3.88E+06 1.01E-34 9.17E-37 1.07E-30 1.84E-29 9.69E-23 1.90E-32 2.03E-62 8.18E-94 2.00E-85 2.76E-33 4.79E-42 1.12E-95 1.92E-08 6.17E-15 1.60E-14 1.06E-17 1.31E-11 9.70E-17
  3.98E+06 5.05E-35 5.71E-37 5.63E-31 9.41E-30 4.12E-23 9.46E-33 5.23E-63 9.72E-94 1.99E-85 1.46E-33 2.78E-42 1.28E-96 1.70E-08 5.84E-15 2.04E-14 1.04E-17 9.98E-12 9.31E-17
  4.08E+06 2.79E-35 3.77E-37 3.14E-31 5.19E-30 1.74E-23 5.15E-33 1.59E-63 1.16E-93 1.98E-85 8.71E-34 2.19E-42 1.83E-97 1.49E-08 5.86E-15 2.59E-14 1.06E-17 7.70E-12 9.47E-17
  4.18E+06 1.70E-35 2.57E-37 1.80E-31 3.04E-30 8.03E-24 3.04E-33 5.61E-64 1.38E-93 1.97E-85 5.98E-34 2.21E-42 3.11E-98 1.27E-08 6.33E-15 3.24E-14 1.12E-17 6.00E-12 1.03E-16
  4.28E+06 1.16E-35 1.80E-37 1.06E-31 1.88E-30 4.16E-24 1.94E-33 2.31E-64 1.64E-93 1.96E-85 4.54E-34 2.42E-42 6.30E-99 1.06E-08 7.35E-15 3.95E-14 1.21E-17 4.72E-12 1.21E-16
  4.38E+06 8.71E-36 1.31E-37 6.48E-32 1.23E-30 2.53E-24 1.33E-33 1.10E-64 1.96E-93 1.95E-85 3.61E-34 2.59E-42 1.53E-99 8.59E-09 8.87E-15 4.74E-14 1.31E-17 3.75E-12 1.47E-16
  4.48E+06 7.04E-36 1.02E-37 4.19E-32 8.49E-31 1.98E-24 9.68E-34 6.02E-65 2.34E-93 1.93E-85 3.03E-34 2.69E-42 4.51-100 6.90E-09 1.06E-14 5.69E-14 1.42E-17 3.01E-12 1.77E-16
  4.58E+06 5.87E-36 8.57E-38 2.94E-32 6.19E-31 1.93E-24 7.31E-34 3.62E-65 2.81E-93 1.92E-85 2.86E-34 2.72E-42 1.59-100 5.60E-09 1.18E-14 7.02E-14 1.50E-17 2.42E-12 2.00E-16
  4.68E+06 5.11E-36 8.01E-38 2.28E-32 4.82E-31 1.93E-24 5.76E-34 2.46E-65 3.37E-93 1.91E-85 3.10E-34 2.76E-42 6.93-101 4.60E-09 1.21E-14 8.86E-14 1.52E-17 1.96E-12 2.08E-16
  4.78E+06 4.64E-36 8.25E-38 1.94E-32 4.00E-31 1.93E-24 4.72E-34 1.88E-65 4.04E-93 1.90E-85 3.85E-34 2.83E-42 3.73-101 3.82E-09 1.15E-14 1.15E-13 1.48E-17 1.60E-12 1.99E-16
  4.88E+06 4.36E-36 9.28E-38 1.80E-32 3.51E-31 1.93E-24 3.99E-34 1.60E-65 4.85E-93 1.88E-85 5.39E-34 2.95E-42 2.42-101 3.21E-09 1.01E-14 1.53E-13 1.39E-17 1.31E-12 1.76E-16
  4.98E+06 4.21E-36 1.12E-37 1.79E-32 3.23E-31 1.92E-24 3.44E-34 1.46E-65 5.82E-93 1.87E-85 8.01E-34 3.14E-42 1.83-101 2.73E-09 8.18E-15 2.07E-13 1.28E-17 1.08E-12 1.45E-16
  5.08E+06 4.09E-36 1.44E-37 1.88E-32 3.06E-31 1.92E-24 2.98E-34 1.40E-65 6.97E-93 1.85E-85 1.16E-33 3.38E-42 1.53-101 2.37E-09 6.22E-15 2.87E-13 1.14E-17 8.92E-13 1.11E-16
  5.18E+06 3.93E-36 1.92E-37 2.07E-32 2.97E-31 1.92E-24 2.56E-34 1.36E-65 8.34E-93 1.83E-85 1.46E-33 3.68E-42 1.36-101 2.10E-09 4.43E-15 4.08E-13 9.91E-18 7.43E-13 7.93E-17
  5.28E+06 3.64E-36 2.64E-37 2.36E-32 2.91E-31 1.91E-24 2.13E-34 1.28E-65 9.94E-93 1.81E-85 1.54E-33 4.03E-42 1.21-101 1.92E-09 2.95E-15 5.96E-13 8.50E-18 6.22E-13 5.27E-17
  5.38E+06 3.15E-36 3.74E-37 2.78E-32 2.86E-31 1.91E-24 1.70E-34 1.12E-65 1.18E-92 1.79E-85 1.39E-33 4.44E-42 1.04-101 1.82E-09 1.81E-15 9.04E-13 7.19E-18 5.26E-13 3.24E-17
  5.48E+06 2.50E-36 5.47E-37 3.39E-32 2.79E-31 1.91E-24 1.29E-34 8.89E-66 1.40E-92 1.77E-85 1.10E-33 4.97E-42 8.35-102 1.82E-09 1.02E-15 1.44E-12 6.00E-18 4.48E-13 1.81E-17
  5.58E+06 1.77E-36 8.26E-37 4.30E-32 2.70E-31 1.90E-24 9.18E-35 6.18E-66 1.66E-92 1.74E-85 8.01E-34 5.66E-42 6.12-102 1.93E-09 5.18E-16 2.42E-12 4.93E-18 3.88E-13 9.14E-18
  5.68E+06 1.20E-36 1.23E-36 5.41E-32 2.59E-31 1.90E-24 6.21E-35 3.89E-66 1.96E-92 1.72E-85 5.48E-34 6.68E-42 4.04-102 2.11E-09 2.45E-16 4.46E-12 4.12E-18 3.42E-13 4.39E-18
  5.78E+06 3.34E-37 2.32E-36 8.58E-32 2.27E-31 1.89E-24 2.45E-35 7.89E-67 2.32E-92 1.69E-85 3.40E-34 8.65E-42 1.08-102 3.55E-09 7.22E-17 1.99E-11 2.79E-18 3.10E-13 1.07E-18
  5.88E+06 1.88E-38 4.99E-36 1.55E-31 1.57E-31 1.88E-24 3.61E-36 2.14E-68 2.74E-92 1.66E-85 2.28E-34 1.11E-41 4.41-104 1.01E-08 1.21E-17 1.81E-10 1.22E-18 2.89E-13 9.92E-20
  5.98E+06 1.07E-39 7.51E-36 1.94E-31 1.17E-31 1.88E-24 4.99E-37 5.43E-70 3.24E-92 1.62E-85 2.24E-34 1.15E-41 1.16-105 2.25E-08 1.94E-18 1.09E-09 6.51E-19 2.78E-13 9.64E-21
  6.08E+06 9.42E-41 9.52E-36 1.99E-31 1.12E-31 1.87E-24 8.99E-38 2.43E-71 3.85E-92 1.58E-85 2.84E-34 9.86E-42 4.42-107 3.67E-08 3.29E-19 4.17E-09 2.96E-19 2.70E-13 1.13E-21
  6.18E+06 1.27E-41 1.20E-35 1.95E-31 1.16E-31 1.86E-24 2.17E-38 2.15E-72 4.60E-92 1.54E-85 3.69E-34 7.52E-42 3.17-108 4.43E-08 5.81E-20 1.15E-08 1.20E-19 2.58E-13 1.43E-22
  6.28E+06 2.48E-42 1.57E-35 1.92E-31 1.17E-31 1.84E-24 6.81E-39 4.19E-73 5.49E-92 1.50E-85 4.45E-34 5.41E-42 5.10-109 4.15E-08 1.04E-20 2.51E-08 4.56E-20 2.41E-13 1.88E-23
  6.38E+06 7.29E-43 1.91E-35 1.88E-31 1.20E-31 1.83E-24 2.91E-39 1.68E-73 6.33E-92 1.44E-85 4.92E-34 3.82E-42 1.73-109 4.61E-08 2.06E-21 4.61E-08 2.34E-20 2.20E-13 3.44E-24
  6.48E+06 2.73E-43 2.38E-35 1.88E-31 1.19E-31 1.82E-24 1.48E-39 1.14E-73 7.27E-92 1.39E-85 4.95E-34 2.86E-42 1.03-109 4.68E-08 4.70E-22 7.55E-08 1.20E-20 1.98E-13 7.93E-25
  6.58E+06 1.21E-43 3.06E-35 1.92E-31 1.14E-31 1.80E-24 8.47E-40 1.04E-73 8.31E-92 1.33E-85 4.60E-34 2.30E-42 8.45-110 4.45E-08 1.20E-22 1.14E-07 6.11E-21 1.74E-13 2.00E-25
  6.68E+06 6.05E-44 4.03E-35 1.99E-31 1.06E-31 1.78E-24 5.29E-40 1.11E-73 9.45E-92 1.26E-85 3.99E-34 1.99E-42 8.30-110 3.99E-08 3.28E-23 1.63E-07 3.07E-21 1.51E-13 5.22E-26
  6.78E+06 3.34E-44 5.39E-35 2.07E-31 9.58E-32 1.75E-24 3.52E-40 1.31E-73 1.07E-91 1.19E-85 3.27E-34 1.82E-42 9.17-110 3.41E-08 9.25E-24 2.23E-07 1.53E-21 1.29E-13 1.39E-26
  6.88E+06 1.99E-44 7.31E-35 2.17E-31 8.47E-32 1.73E-24 2.45E-40 1.65E-73 1.20E-91 1.12E-85 2.55E-34 1.73E-42 1.10-109 2.79E-08 2.64E-24 2.95E-07 7.53E-22 1.09E-13 3.73E-27
  6.98E+06 1.26E-44 1.00E-34 2.26E-31 7.30E-32 1.70E-24 1.77E-40 2.18E-73 1.33E-91 1.04E-85 1.90E-34 1.70E-42 1.39-109 2.19E-08 7.55E-25 3.80E-07 3.69E-22 9.14E-14 1.01E-27
  7.08E+06 8.36E-45 1.38E-34 2.36E-31 6.14E-32 1.67E-24 1.31E-40 3.00E-73 1.47E-91 9.61E-86 1.35E-34 1.70E-42 1.85-109 1.66E-08 2.15E-25 4.79E-07 1.80E-22 7.65E-14 2.76E-28
  7.18E+06 5.81E-45 1.90E-34 2.44E-31 5.04E-32 1.63E-24 9.90E-41 4.22E-73 1.60E-91 8.77E-86 9.28E-35 1.72E-42 2.52-109 1.22E-08 6.12E-26 5.94E-07 8.85E-23 6.38E-14 7.66E-29
  7.28E+06 4.18E-45 2.62E-34 2.52E-31 4.05E-32 1.59E-24 7.60E-41 6.06E-73 1.72E-91 7.92E-86 6.16E-35 1.76E-42 3.49-109 8.71E-09 1.74E-26 7.28E-07 4.37E-23 5.32E-14 2.16E-29
  7.38E+06 3.10E-45 3.61E-34 2.57E-31 3.18E-32 1.54E-24 5.89E-41 8.79E-73 1.83E-91 7.05E-86 3.96E-35 1.81E-42 4.89-109 6.08E-09 4.97E-27 8.83E-07 2.19E-23 4.44E-14 6.21E-30
  7.48E+06 2.35E-45 4.95E-34 2.61E-31 2.45E-32 1.49E-24 4.60E-41 1.28E-72 1.92E-91 6.19E-86 2.48E-35 1.86E-42 6.85-109 4.16E-09 1.43E-27 1.06E-06 1.11E-23 3.71E-14 1.83E-30
  7.58E+06 1.83E-45 6.75E-34 2.63E-31 1.86E-32 1.43E-24 3.62E-41 1.87E-72 1.98E-91 5.34E-86 1.52E-35 1.90E-42 9.55-109 2.81E-09 4.18E-28 1.27E-06 5.80E-24 3.11E-14 5.56E-31
  7.68E+06 1.44E-45 9.15E-34 2.64E-31 1.39E-32 1.37E-24 2.85E-41 2.71E-72 2.00E-91 4.52E-86 9.16E-36 1.94E-42 1.32-108 1.87E-09 1.24E-28 1.51E-06 3.09E-24 2.61E-14 1.74E-31
  7.78E+06 1.16E-45 1.23E-33 2.62E-31 1.02E-32 1.30E-24 2.25E-41 3.91E-72 1.98E-91 3.74E-86 5.43E-36 1.95E-42 1.80-108 1.24E-09 3.75E-29 1.78E-06 1.69E-24 2.20E-14 5.61E-32
  7.88E+06 9.39E-46 1.65E-33 2.60E-31 7.46E-33 1.23E-24 1.77E-41 5.60E-72 1.91E-91 3.03E-86 3.18E-36 1.95E-42 2.42-108 8.12E-10 1.16E-29 2.10E-06 9.42E-25 1.86E-14 1.87E-32
  7.98E+06 7.70E-46 2.19E-33 2.55E-31 5.40E-33 1.15E-24 1.40E-41 7.93E-72 1.80E-91 2.39E-86 1.85E-36 1.94E-42 3.19-108 5.31E-10 3.69E-30 2.46E-06 5.37E-25 1.58E-14 6.41E-33
  8.08E+06 6.36E-46 2.89E-33 2.50E-31 3.87E-33 1.06E-24 1.10E-41 1.11E-71 1.64E-91 1.82E-86 1.06E-36 1.90E-42 4.13-108 3.47E-10 1.20E-30 2.88E-06 3.11E-25 1.34E-14 2.25E-33
  8.18E+06 5.28E-46 3.78E-33 2.43E-31 2.76E-33 9.71E-25 8.60E-42 1.53E-71 1.44E-91 1.34E-86 6.06E-37 1.85E-42 5.23-108 2.26E-10 3.97E-31 3.37E-06 1.83E-25 1.14E-14 8.03E-34
  8.28E+06 4.39E-46 4.91E-33 2.35E-31 1.95E-33 8.77E-25 6.69E-42 2.08E-71 1.21E-91 9.41E-87 3.43E-37 1.78E-42 6.48-108 1.48E-10 1.35E-31 3.94E-06 1.09E-25 9.72E-15 2.91E-34
  8.38E+06 3.65E-46 6.32E-33 2.26E-31 1.37E-33 7.81E-25 5.18E-42 2.78E-71 9.65E-92 6.31E-87 1.93E-37 1.69E-42 7.81-108 9.66E-11 4.70E-32 4.60E-06 6.51E-26 8.30E-15 1.07E-34
  8.48E+06 3.04E-46 8.05E-33 2.16E-31 9.57E-34 6.84E-25 3.97E-42 3.63E-71 7.34E-92 4.02E-87 1.08E-37 1.59E-42 9.13-108 6.34E-11 1.70E-32 5.37E-06 3.93E-26 7.10E-15 4.01E-35
  8.58E+06 2.51E-46 1.01E-32 2.04E-31 6.64E-34 5.90E-25 3.02E-42 4.62E-71 5.28E-92 2.43E-87 6.06E-38 1.48E-42 1.03-107 4.17E-11 6.38E-33 6.25E-06 2.39E-26 6.09E-15 1.52E-35
  8.68E+06 2.07E-46 1.26E-32 1.92E-31 4.59E-34 4.99E-25 2.28E-42 5.74E-71 3.58E-92 1.38E-87 3.40E-38 1.36E-42 1.11-107 2.77E-11 2.52E-33 7.25E-06 1.46E-26 5.24E-15 5.81E-36
  8.78E+06 1.69E-46 1.55E-32 1.78E-31 3.14E-34 4.15E-25 1.70E-42 6.91E-71 2.28E-92 7.37E-88 1.92E-38 1.24E-42 1.16-107 1.84E-11 1.05E-33 8.40E-06 8.94E-27 4.52E-15 2.25E-36
  8.88E+06 1.37E-46 1.87E-32 1.64E-31 2.14E-34 3.38E-25 1.25E-42 8.06E-71 1.37E-92 3.69E-88 1.08E-38 1.11E-42 1.14-107 1.24E-11 4.61E-34 9.71E-06 5.52E-27 3.91E-15 8.85E-37
  8.98E+06 1.10E-46 2.22E-32 1.50E-31 1.45E-34 2.70E-25 9.09E-43 9.07E-71 7.65E-93 1.73E-88 6.17E-39 9.91E-43 1.08-107 8.39E-12 2.14E-34 1.12E-05 3.42E-27 3.40E-15 3.52E-37
  9.08E+06 8.76E-47 2.59E-32 1.35E-31 9.75E-35 2.12E-25 6.53E-43 9.86E-71 4.01E-93 7.62E-89 3.54E-39 8.76E-43 9.59-108 5.73E-12 1.05E-34 1.29E-05 2.13E-27 2.96E-15 1.42E-37
  9.18E+06 6.88E-47 2.98E-32 1.21E-31 6.51E-35 1.63E-25 4.63E-43 1.03E-70 1.97E-93 3.14E-89 2.05E-39 7.70E-43 8.10-108 3.94E-12 5.42E-35 1.47E-05 1.33E-27 2.60E-15 5.83E-38
  9.28E+06 5.35E-47 3.36E-32 1.07E-31 4.32E-35 1.23E-25 3.25E-43 1.04E-70 9.07E-94 1.21E-89 1.20E-39 6.75E-43 6.48-108 2.74E-12 2.91E-35 1.68E-05 8.40E-28 2.28E-15 2.43E-38
  9.38E+06 4.12E-47 3.73E-32 9.34E-32 2.85E-35 9.15E-26 2.25E-43 1.01E-70 3.93E-94 4.40E-90 7.16E-40 5.91E-43 4.92-108 1.92E-12 1.62E-35 1.92E-05 5.32E-28 2.02E-15 1.03E-38
  9.48E+06 3.14E-47 4.07E-32 8.10E-32 1.87E-35 6.68E-26 1.54E-43 9.52E-71 1.61E-94 1.51E-90 4.32E-40 5.19E-43 3.55-108 1.36E-12 9.29E-36 2.18E-05 3.38E-28 1.79E-15 4.41E-39
  9.58E+06 2.38E-47 4.37E-32 6.97E-32 1.23E-35 4.81E-26 1.04E-43 8.66E-71 6.21E-95 4.88E-91 2.65E-40 4.57E-43 2.44-108 9.71E-13 5.48E-36 2.47E-05 2.16E-28 1.60E-15 1.93E-39
  9.68E+06 1.80E-47 4.63E-32 5.95E-32 8.05E-36 3.41E-26 7.01E-44 7.64E-71 2.28E-95 1.51E-91 1.67E-40 4.02E-43 1.60-108 6.99E-13 3.33E-36 2.79E-05 1.39E-28 1.44E-15 8.57E-40
  9.78E+06 1.36E-47 4.84E-32 5.06E-32 5.32E-36 2.39E-26 4.68E-44 6.54E-71 8.02E-96 4.44E-92 1.08E-40 3.53E-43 1.01-108 5.07E-13 2.09E-36 3.15E-05 8.93E-29 1.30E-15 3.91E-40
  9.88E+06 1.03E-47 4.97E-32 4.30E-32 3.63E-36 1.65E-26 3.12E-44 5.43E-71 2.71E-96 1.26E-92 7.26E-41 3.08E-43 6.05-109 3.70E-13 1.39E-36 3.54E-05 5.78E-29 1.18E-15 1.88E-40
  9.98E+06 7.99E-48 5.00E-32 3.72E-32 2.68E-36 1.13E-26 2.12E-44 4.30E-71 8.98E-97 3.49E-93 5.18E-41 2.63E-43 3.39-109 2.77E-13 1.02E-36 3.97E-05 3.75E-29 1.07E-15 1.08E-40

 TP, TL
           1.79E+08 2.49E+06 1.21E+10 5.61E+11 7.16E+09 4.16E+08 1.28E-09 2.82E-28 3.12E-71 7.16E+09 2.26E-04 2.29E-22 1.42E+15 4.88E+09 4.05E+07 1.31E+10 3.86E+06 1.05E+10
           1.79E+08 2.49E+06 1.21E+10 5.68E+11 7.07E+09 3.93E+08 1.28E-09 2.82E-28 3.12E-71 7.16E+09 2.26E-04 2.29E-22 1.42E+15 4.86E+09 1.41E+08 1.31E+10 2.91E+10 1.05E+10

     Z        N2O5     CO2      SO4AER   S8AER   
  2.50E+04 6.09E-20 2.67E-04 2.12E-10 1.00E-38
  7.50E+04 8.58E-20 2.67E-04 2.25E-10 1.00E-38
  1.25E+05 1.34E-19 2.67E-04 2.50E-10 1.00E-38
  1.75E+05 2.31E-19 2.67E-04 2.88E-10 1.00E-38
  2.75E+05 8.47E-19 2.67E-04 3.98E-10 1.00E-38
  3.75E+05 3.57E-18 2.67E-04 5.38E-10 1.00E-38
  4.75E+05 1.60E-17 2.67E-04 6.98E-10 1.00E-38
  5.75E+05 6.00E-17 2.67E-04 8.73E-10 1.00E-38
  6.75E+05 1.48E-16 2.67E-04 1.06E-09 1.00E-38
  7.75E+05 2.68E-16 2.67E-04 1.25E-09 1.00E-38
  8.75E+05 4.32E-16 2.67E-04 1.45E-09 1.00E-38
  9.75E+05 6.66E-16 2.67E-04 1.67E-09 1.00E-38
  1.08E+06 1.08E-15 2.67E-04 1.95E-09 1.00E-38
  1.18E+06 2.97E-15 2.67E-04 2.63E-09 1.00E-38
  1.28E+06 1.09E-14 2.67E-04 3.82E-09 1.00E-38
  1.38E+06 4.75E-14 2.67E-04 5.72E-09 1.00E-38
  1.48E+06 1.43E-13 2.67E-04 7.63E-09 1.00E-38
  1.58E+06 2.72E-13 2.68E-04 8.85E-09 1.00E-38
  1.68E+06 3.52E-13 2.68E-04 9.08E-09 1.00E-38
  1.78E+06 3.26E-13 2.68E-04 8.38E-09 1.00E-38
  1.88E+06 2.26E-13 2.68E-04 7.08E-09 1.00E-38
  1.98E+06 1.18E-13 2.68E-04 5.63E-09 1.00E-38
  2.08E+06 4.54E-14 2.68E-04 4.42E-09 1.00E-38
  2.18E+06 1.25E-14 2.68E-04 3.52E-09 1.00E-38
  2.28E+06 2.44E-15 2.68E-04 2.84E-09 1.00E-38
  2.38E+06 3.53E-16 2.68E-04 2.33E-09 1.00E-38
  2.48E+06 4.25E-17 2.68E-04 1.94E-09 1.00E-38
  2.58E+06 5.36E-18 2.68E-04 1.63E-09 1.00E-38
  2.68E+06 8.38E-19 2.68E-04 1.38E-09 1.00E-38
  2.78E+06 1.68E-19 2.68E-04 1.18E-09 1.00E-38
  2.88E+06 4.20E-20 2.68E-04 1.02E-09 1.00E-38
  2.98E+06 1.25E-20 2.68E-04 8.94E-10 1.00E-38
  3.08E+06 4.35E-21 2.68E-04 7.87E-10 1.00E-38
  3.18E+06 1.74E-21 2.68E-04 6.94E-10 1.00E-38
  3.28E+06 7.87E-22 2.68E-04 6.06E-10 1.00E-38
  3.38E+06 4.01E-22 2.68E-04 5.23E-10 1.00E-38
  3.48E+06 2.31E-22 2.68E-04 4.46E-10 1.00E-38
  3.58E+06 1.49E-22 2.68E-04 3.75E-10 1.00E-38
  3.68E+06 1.05E-22 2.68E-04 3.13E-10 1.00E-38
  3.78E+06 8.09E-23 2.68E-04 2.58E-10 1.00E-38
  3.88E+06 6.60E-23 2.68E-04 2.10E-10 1.00E-38
  3.98E+06 5.70E-23 2.68E-04 1.68E-10 1.00E-38
  4.08E+06 5.28E-23 2.68E-04 1.32E-10 1.00E-38
  4.18E+06 5.29E-23 2.68E-04 1.02E-10 1.00E-38
  4.28E+06 5.67E-23 2.68E-04 7.74E-11 1.00E-38
  4.38E+06 6.27E-23 2.68E-04 5.74E-11 1.00E-38
  4.48E+06 6.78E-23 2.68E-04 4.16E-11 1.00E-38
  4.58E+06 6.81E-23 2.68E-04 2.91E-11 1.00E-38
  4.68E+06 6.18E-23 2.68E-04 1.98E-11 1.00E-38
  4.78E+06 5.07E-23 2.67E-04 1.30E-11 1.00E-38
  4.88E+06 3.78E-23 2.67E-04 8.10E-12 1.00E-38
  4.98E+06 2.58E-23 2.67E-04 4.81E-12 1.00E-38
  5.08E+06 1.63E-23 2.66E-04 2.70E-12 1.00E-38
  5.18E+06 9.62E-24 2.65E-04 1.41E-12 1.00E-38
  5.28E+06 5.34E-24 2.65E-04 6.84E-13 1.00E-38
  5.38E+06 2.79E-24 2.64E-04 3.01E-13 1.00E-38
  5.48E+06 1.36E-24 2.62E-04 1.19E-13 1.00E-38
  5.58E+06 6.19E-25 2.61E-04 4.14E-14 1.00E-38
  5.68E+06 2.76E-25 2.59E-04 1.23E-14 1.00E-38
  5.78E+06 6.42E-26 2.57E-04 3.04E-15 1.00E-38
  5.88E+06 5.78E-27 2.55E-04 5.98E-16 1.00E-38
  5.98E+06 7.45E-28 2.53E-04 8.76E-17 1.00E-38
  6.08E+06 1.08E-28 2.50E-04 8.74E-18 1.00E-38
  6.18E+06 1.35E-29 2.48E-04 5.17E-19 1.00E-38
  6.28E+06 1.49E-30 2.45E-04 1.47E-20 1.00E-38
  6.38E+06 2.55E-31 2.42E-04 1.50E-22 1.00E-38
  6.48E+06 5.29E-32 2.39E-04 1.15E-25 1.00E-38
  6.58E+06 1.12E-32 2.36E-04 1.30E-27 1.00E-38
  6.68E+06 2.35E-33 2.33E-04 7.32E-30 1.00E-38
  6.78E+06 4.88E-34 2.30E-04 1.83E-32 1.00E-38
  6.88E+06 1.00E-34 2.27E-04 1.78E-35 1.00E-38
  6.98E+06 2.04E-35 2.23E-04 1.00E-38 1.00E-38
  7.08E+06 4.16E-36 2.20E-04 1.00E-38 1.00E-38
  7.18E+06 8.56E-37 2.16E-04 1.00E-38 1.00E-38
  7.28E+06 1.79E-37 2.12E-04 1.00E-38 1.00E-38
  7.38E+06 3.83E-38 2.08E-04 1.00E-38 1.00E-38
  7.48E+06 8.49E-39 2.04E-04 1.00E-38 1.00E-38
  7.58E+06 1.96E-39 2.00E-04 1.00E-38 1.00E-38
  7.68E+06 4.75E-40 1.96E-04 1.00E-38 1.00E-38
  7.78E+06 1.20E-40 1.92E-04 1.00E-38 1.00E-38
  7.88E+06 3.20E-41 1.87E-04 1.00E-38 1.00E-38
  7.98E+06 8.88E-42 1.83E-04 1.00E-38 1.00E-38
  8.08E+06 2.55E-42 1.78E-04 1.00E-38 1.00E-38
  8.18E+06 7.55E-43 1.72E-04 1.00E-38 1.00E-38
  8.28E+06 2.28E-43 1.67E-04 1.00E-38 1.00E-38
  8.38E+06 7.06E-44 1.61E-04 1.00E-38 1.00E-38
  8.48E+06 2.22E-44 1.55E-04 1.00E-38 1.00E-38
  8.58E+06 7.09E-45 1.48E-04 1.00E-38 1.00E-38
  8.68E+06 2.30E-45 1.42E-04 1.00E-38 1.00E-38
  8.78E+06 7.55E-46 1.35E-04 1.00E-38 1.00E-38
  8.88E+06 2.52E-46 1.28E-04 1.00E-38 1.00E-38
  8.98E+06 8.50E-47 1.21E-04 1.00E-38 1.00E-38
  9.08E+06 2.91E-47 1.13E-04 1.00E-38 1.00E-38
  9.18E+06 1.01E-47 1.06E-04 1.00E-38 1.00E-38
  9.28E+06 3.56E-48 9.91E-05 1.00E-38 1.00E-38
  9.38E+06 1.28E-48 9.22E-05 1.00E-38 1.00E-38
  9.48E+06 4.63E-49 8.55E-05 1.00E-38 1.00E-38
  9.58E+06 1.71E-49 7.91E-05 1.00E-38 1.00E-38
  9.68E+06 6.41E-50 7.29E-05 1.00E-38 1.00E-38
  9.78E+06 2.45E-50 6.71E-05 1.00E-38 1.00E-38
  9.88E+06 9.71E-51 6.16E-05 1.00E-38 1.00E-38
  9.98E+06 4.49E-51 5.64E-05 1.00E-38 1.00E-38

 TP, TL
           2.37E+07 4.02E+11 6.87E+09 0.00E+00
           2.37E+07 7.16E+10 6.79E+09 1.71E-19

     TP = 0.000E+00  TL = 1.706E-19


 OZONE COLUMN DEPTH =  2.8541E+18


 O2, CO, CH4 COLUMN DEPTHs =      2.331E+22     1.615E+18     3.768E+19

 SULFUR COLUMN DEPTHS:  H2S = 3.013E+13  SO2 = 4.415E+15  S2 = 8.482E-06  S4 = 2.063E-27  S8 = 0.000E+00

 SCALED AEROSOL EXTINCTION OPTICAL DEPTHS
     SULFATE = 7.685E-02     S8(VIS) = 2.062E-30     S8(UV) = 4.124E-30

 FH2O AT COLD TRAP = 8.735E-06

 NUMBER DENSITIES OF LONG-LIVED SPECIES


     Z        O        O2       H2O      H        OH       HO2      H2O2     H2       CO       HCO      H2CO     CH4      CH3      C2H6     NO       NO2      HNO      H2S     
  2.50E+04 6.42E+04 2.60E+16 3.06E+17 2.15E+01 1.07E+06 3.32E+08 3.98E+10 1.31E+13 2.73E+12 8.82E-01 5.51E+09 4.46E+13 7.58E+00 7.44E-03 1.34E+07 1.75E+07 1.69E+02 2.19E+08
  1.25E+05 8.44E+04 2.36E+16 1.98E+17 2.50E+01 1.22E+06 3.32E+08 4.10E+10 1.19E+13 2.31E+12 9.84E-01 4.93E+09 4.03E+13 7.65E+00 6.75E-03 1.35E+07 1.67E+07 1.16E+02 9.15E+07
  2.25E+05 1.23E+05 2.14E+16 1.24E+17 2.96E+01 1.44E+06 3.28E+08 4.05E+10 1.08E+13 1.95E+12 1.06E+00 4.22E+09 3.64E+13 7.88E+00 6.10E-03 1.45E+07 1.77E+07 5.61E+01 3.61E+07
  3.25E+05 1.85E+05 1.93E+16 7.27E+16 3.40E+01 1.66E+06 3.15E+08 3.76E+10 9.79E+12 1.65E+12 1.09E+00 3.52E+09 3.29E+13 7.83E+00 5.48E-03 1.66E+07 2.03E+07 2.65E+01 1.35E+07
  4.25E+05 2.81E+05 1.75E+16 3.99E+16 3.76E+01 1.85E+06 2.92E+08 3.24E+10 8.85E+12 1.38E+12 1.07E+00 2.83E+09 2.96E+13 7.43E+00 4.88E-03 2.00E+07 2.41E+07 1.53E+01 4.84E+06
  5.25E+05 4.15E+05 1.58E+16 2.02E+16 3.89E+01 1.94E+06 2.57E+08 2.62E+10 8.01E+12 1.16E+12 9.52E-01 2.15E+09 2.67E+13 6.46E+00 4.31E-03 2.30E+07 2.66E+07 1.32E+01 1.70E+06
  6.25E+05 5.89E+05 1.43E+16 9.19E+15 3.70E+01 1.89E+06 2.15E+08 1.99E+10 7.24E+12 9.80E+11 7.58E-01 1.51E+09 2.41E+13 5.02E+00 3.78E-03 2.22E+07 2.38E+07 1.49E+01 6.00E+05
  7.25E+05 8.01E+05 1.29E+16 3.69E+15 3.23E+01 1.71E+06 1.71E+08 1.42E+10 6.55E+12 8.31E+11 5.38E-01 9.80E+08 2.18E+13 3.47E+00 3.31E-03 1.97E+07 1.87E+07 1.85E+01 2.20E+05
  8.25E+05 1.05E+06 1.17E+16 1.30E+15 2.68E+01 1.49E+06 1.27E+08 9.62E+09 5.92E+12 7.09E+11 3.54E-01 5.94E+08 1.96E+13 2.21E+00 2.91E-03 2.27E+07 1.81E+07 2.97E+01 8.42E+04
  9.25E+05 1.32E+06 1.05E+16 4.05E+14 2.21E+01 1.31E+06 9.00E+07 6.21E+09 5.34E+12 6.07E+11 2.27E-01 3.48E+08 1.77E+13 1.36E+00 2.56E-03 3.48E+07 2.23E+07 5.86E+01 3.41E+04
  1.02E+06 1.62E+06 9.44E+15 1.11E+14 1.90E+01 1.19E+06 6.14E+07 3.88E+09 4.80E+12 5.20E+11 1.49E-01 2.06E+08 1.59E+13 8.40E-01 2.25E-03 5.71E+07 2.84E+07 1.10E+02 1.43E+04
  1.12E+06 2.40E+06 8.22E+15 5.11E+13 1.96E+01 1.19E+06 4.34E+07 2.07E+09 4.18E+12 4.22E+11 1.25E-01 1.46E+08 1.38E+13 7.56E-01 1.91E-03 8.56E+07 3.94E+07 1.29E+02 4.74E+03
  1.22E+06 4.49E+06 7.08E+15 3.32E+13 2.11E+01 1.29E+06 2.92E+07 7.65E+08 3.60E+12 3.10E+11 1.29E-01 1.23E+08 1.18E+13 8.19E-01 1.58E-03 1.30E+08 7.00E+07 8.79E+01 7.03E+02
  1.32E+06 8.45E+06 6.08E+15 2.82E+13 2.43E+01 1.58E+06 2.30E+07 3.18E+08 3.09E+12 2.08E+11 1.58E-01 1.18E+08 1.00E+13 1.03E+00 1.31E-03 1.78E+08 1.19E+08 4.66E+01 6.14E+01
  1.42E+06 1.58E+07 5.22E+15 2.45E+13 2.67E+01 2.04E+06 2.01E+07 1.83E+08 2.66E+12 1.20E+11 2.06E-01 1.16E+08 8.37E+12 1.36E+00 1.16E-03 2.33E+08 1.93E+08 2.10E+01 5.76E+00
  1.52E+06 2.56E+07 4.47E+15 2.14E+13 3.01E+01 2.56E+06 1.90E+07 1.38E+08 2.28E+12 6.87E+10 2.57E-01 1.09E+08 6.92E+12 1.73E+00 1.15E-03 2.83E+08 2.54E+08 1.14E+01 1.93E+00
  1.62E+06 3.82E+07 3.83E+15 1.87E+13 3.83E+01 3.19E+06 1.91E+07 1.18E+08 1.95E+12 4.25E+10 3.14E-01 9.97E+07 5.64E+12 2.16E+00 1.30E-03 3.18E+08 2.83E+08 6.95E+00 1.08E+00
  1.72E+06 5.46E+07 3.28E+15 1.64E+13 5.66E+01 4.00E+06 1.99E+07 1.09E+08 1.67E+12 3.01E+10 3.81E-01 8.97E+07 4.54E+12 2.68E+00 1.57E-03 3.20E+08 2.67E+08 4.33E+00 7.37E-01
  1.82E+06 7.75E+07 2.80E+15 1.44E+13 9.38E+01 5.04E+06 2.13E+07 1.03E+08 1.43E+12 2.37E+10 4.65E-01 7.99E+07 3.62E+12 3.36E+00 1.96E-03 2.87E+08 2.19E+08 2.56E+00 4.86E-01
  1.92E+06 1.11E+08 2.39E+15 1.26E+13 1.70E+02 6.40E+06 2.25E+07 9.47E+07 1.22E+12 1.97E+10 5.75E-01 7.10E+07 2.86E+12 4.28E+00 2.49E-03 2.30E+08 1.56E+08 1.50E+00 2.21E-01
  2.02E+06 1.59E+08 2.04E+15 1.10E+13 3.31E+02 8.23E+06 2.29E+07 7.91E+07 1.04E+12 1.65E+10 7.23E-01 6.30E+07 2.24E+12 5.58E+00 3.20E-03 1.68E+08 9.68E+07 1.06E+00 2.13E-02
  2.12E+06 2.21E+08 1.74E+15 9.52E+12 6.77E+02 1.07E+07 2.21E+07 5.95E+07 8.96E+11 1.38E+10 9.15E-01 5.54E+07 1.76E+12 7.36E+00 4.08E-03 1.16E+08 5.24E+07 9.18E-01 9.34E-04
  2.22E+06 2.94E+08 1.49E+15 8.22E+12 1.40E+03 1.37E+07 2.02E+07 4.16E+07 7.76E+11 1.15E+10 1.13E+00 4.76E+07 1.38E+12 9.55E+00 5.11E-03 7.62E+07 2.46E+07 8.01E-01 4.13E-05
  2.32E+06 3.70E+08 1.27E+15 7.08E+12 2.80E+03 1.71E+07 1.79E+07 2.87E+07 6.79E+11 9.45E+09 1.33E+00 3.97E+07 1.09E+12 1.19E+01 6.17E-03 4.92E+07 1.00E+07 7.01E-01 2.06E-06
  2.42E+06 4.37E+08 1.09E+15 6.07E+12 5.13E+03 2.01E+07 1.57E+07 2.08E+07 6.02E+11 7.89E+09 1.43E+00 3.18E+07 8.68E+11 1.35E+01 7.17E-03 3.12E+07 3.68E+06 5.88E-01 1.27E-07
  2.52E+06 4.71E+08 9.35E+14 5.20E+12 8.00E+03 2.15E+07 1.41E+07 1.59E+07 5.41E+11 6.80E+09 1.36E+00 2.43E+07 6.98E+11 1.37E+01 8.50E-03 1.94E+07 1.35E+06 4.52E-01 1.01E-08
  2.62E+06 4.77E+08 8.04E+14 4.43E+12 1.11E+04 2.16E+07 1.30E+07 1.28E+07 4.91E+11 6.06E+09 1.19E+00 1.80E+07 5.67E+11 1.28E+01 1.17E-02 1.21E+07 5.37E+05 3.29E-01 9.57E-10
  2.72E+06 4.71E+08 6.90E+14 3.75E+12 1.46E+04 2.12E+07 1.22E+07 1.07E+07 4.49E+11 5.52E+09 1.00E+00 1.32E+07 4.62E+11 1.16E+01 1.98E-02 7.66E+06 2.41E+05 2.38E-01 1.02E-10
  2.82E+06 4.59E+08 5.92E+14 3.17E+12 1.89E+04 2.07E+07 1.16E+07 9.14E+06 4.12E+11 5.11E+09 8.42E-01 9.65E+06 3.78E+11 1.05E+01 3.81E-02 5.03E+06 1.21E+05 1.77E-01 1.24E-11
  2.92E+06 4.44E+08 5.07E+14 2.65E+12 2.42E+04 2.00E+07 1.11E+07 7.97E+06 3.79E+11 4.77E+09 7.08E-01 7.07E+06 3.09E+11 9.62E+00 7.55E-02 3.42E+06 6.74E+04 1.36E-01 1.73E-12
  3.02E+06 4.28E+08 4.32E+14 2.21E+12 3.10E+04 1.94E+07 1.06E+07 7.04E+06 3.49E+11 4.48E+09 5.97E-01 5.21E+06 2.52E+11 8.92E+00 1.47E-01 2.40E+06 4.06E+04 1.07E-01 2.71E-13
  3.12E+06 4.11E+08 3.68E+14 1.83E+12 3.98E+04 1.87E+07 1.02E+07 6.27E+06 3.22E+11 4.23E+09 5.08E-01 3.86E+06 2.05E+11 8.40E+00 2.71E-01 1.75E+06 2.63E+04 8.84E-02 4.87E-14
  3.22E+06 3.95E+08 3.12E+14 1.50E+12 5.11E+04 1.80E+07 9.78E+06 5.62E+06 2.96E+11 3.99E+09 4.33E-01 2.87E+06 1.66E+11 8.01E+00 4.74E-01 1.32E+06 1.81E+04 7.58E-02 9.99E-15
  3.32E+06 3.81E+08 2.65E+14 1.23E+12 6.58E+04 1.73E+07 9.38E+06 5.06E+06 2.73E+11 3.79E+09 3.69E-01 2.13E+06 1.34E+11 7.68E+00 7.95E-01 1.05E+06 1.33E+04 6.77E-02 2.29E-15
  3.42E+06 3.70E+08 2.24E+14 9.96E+11 8.52E+04 1.67E+07 8.99E+06 4.58E+06 2.52E+11 3.61E+09 3.13E-01 1.58E+06 1.08E+11 7.34E+00 1.27E+00 8.68E+05 1.03E+04 6.32E-02 5.86E-16
  3.52E+06 3.62E+08 1.90E+14 8.03E+11 1.11E+05 1.60E+07 8.62E+06 4.18E+06 2.32E+11 3.47E+09 2.63E-01 1.15E+06 8.60E+10 6.97E+00 1.94E+00 7.53E+05 8.40E+03 6.19E-02 1.66E-16
  3.62E+06 3.57E+08 1.61E+14 6.42E+11 1.46E+05 1.54E+07 8.27E+06 3.84E+06 2.14E+11 3.38E+09 2.19E-01 8.32E+05 6.82E+10 6.53E+00 2.83E+00 6.81E+05 7.20E+03 6.32E-02 5.15E-17
  3.72E+06 3.57E+08 1.36E+14 5.10E+11 1.95E+05 1.48E+07 7.93E+06 3.55E+06 1.97E+11 3.38E+09 1.81E-01 5.94E+05 5.38E+10 6.06E+00 3.95E+00 6.37E+05 6.39E+03 6.68E-02 1.75E-17
  3.82E+06 3.62E+08 1.15E+14 4.01E+11 2.63E+05 1.42E+07 7.60E+06 3.30E+06 1.81E+11 3.51E+09 1.58E-01 4.31E+05 4.19E+10 5.71E+00 5.30E+00 6.14E+05 5.83E+03 7.28E-02 6.39E-18
  3.92E+06 3.71E+08 9.74E+13 3.12E+11 3.59E+05 1.36E+07 7.30E+06 3.10E+06 1.66E+11 3.85E+09 1.96E-01 3.71E+05 3.23E+10 6.38E+00 6.86E+00 6.05E+05 5.45E+03 8.14E-02 2.50E-18
  4.02E+06 3.78E+08 8.21E+13 2.38E+11 4.99E+05 1.33E+07 7.12E+06 3.00E+06 1.52E+11 4.45E+09 4.18E-01 4.92E+05 2.45E+10 1.11E+01 8.56E+00 6.04E+05 5.25E+03 9.41E-02 1.09E-18
  4.12E+06 3.79E+08 6.92E+13 1.78E+11 7.06E+05 1.32E+07 7.15E+06 3.07E+06 1.38E+11 5.39E+09 1.04E+00 8.70E+05 1.81E+10 2.67E+01 1.04E+01 6.11E+05 5.32E+03 1.13E-01 5.33E-19
  4.22E+06 3.72E+08 5.81E+13 1.31E+11 1.02E+06 1.36E+07 7.41E+06 3.33E+06 1.25E+11 6.63E+09 2.24E+00 1.46E+06 1.31E+10 6.20E+01 1.23E+01 6.23E+05 5.65E+03 1.43E-01 2.96E-19
  4.32E+06 3.56E+08 4.87E+13 9.84E+10 1.49E+06 1.43E+07 7.92E+06 3.80E+06 1.13E+11 8.07E+09 3.99E+00 2.05E+06 9.17E+09 1.24E+02 1.42E+01 6.35E+05 6.26E+03 1.86E-01 1.86E-19
  4.42E+06 3.37E+08 4.07E+13 7.65E+10 2.21E+06 1.53E+07 8.56E+06 4.40E+06 1.02E+11 9.57E+09 6.02E+00 2.45E+06 6.25E+09 2.13E+02 1.60E+01 6.45E+05 7.02E+03 2.44E-01 1.29E-19
  4.52E+06 3.23E+08 3.39E+13 5.97E+10 3.28E+06 1.61E+07 9.12E+06 4.92E+06 9.08E+10 1.11E+10 7.88E+00 2.56E+06 4.13E+09 3.23E+02 1.76E+01 6.54E+05 7.70E+03 3.17E-01 9.21E-20
  4.62E+06 3.16E+08 2.81E+13 4.60E+10 4.84E+06 1.64E+07 9.41E+06 5.19E+06 8.05E+10 1.27E+10 9.13E+00 2.42E+06 2.64E+09 4.39E+02 1.88E+01 6.62E+05 8.05E+03 4.00E-01 6.63E-20
  4.72E+06 3.17E+08 2.33E+13 3.50E+10 7.09E+06 1.64E+07 9.39E+06 5.13E+06 7.08E+10 1.42E+10 9.61E+00 2.11E+06 1.65E+09 5.46E+02 1.93E+01 6.65E+05 7.98E+03 4.86E-01 4.86E-20
  4.82E+06 3.24E+08 1.92E+13 2.62E+10 1.03E+07 1.59E+07 9.07E+06 4.75E+06 6.19E+10 1.57E+10 9.32E+00 1.73E+06 1.01E+09 6.31E+02 1.90E+01 6.68E+05 7.52E+03 5.74E-01 3.59E-20
  4.92E+06 3.40E+08 1.59E+13 1.93E+10 1.48E+07 1.51E+07 8.50E+06 4.15E+06 5.38E+10 1.73E+10 8.47E+00 1.34E+06 6.09E+08 6.82E+02 1.78E+01 6.71E+05 6.76E+03 6.59E-01 2.67E-20
  5.02E+06 3.63E+08 1.31E+13 1.40E+10 2.12E+07 1.40E+07 7.73E+06 3.43E+06 4.65E+10 1.89E+10 7.32E+00 1.01E+06 3.62E+08 6.95E+02 1.59E+01 6.73E+05 5.79E+03 7.38E-01 1.97E-20
  5.12E+06 3.98E+08 1.08E+13 9.99E+09 3.00E+07 1.27E+07 6.82E+06 2.68E+06 4.02E+10 2.07E+10 6.08E+00 7.39E+05 2.14E+08 6.65E+02 1.36E+01 6.77E+05 4.75E+03 8.05E-01 1.41E-20
  5.22E+06 4.47E+08 8.97E+12 7.00E+09 4.20E+07 1.12E+07 5.83E+06 1.98E+06 3.46E+10 2.25E+10 4.89E+00 5.31E+05 1.26E+08 5.93E+02 1.11E+01 6.85E+05 3.71E+03 8.55E-01 9.64E-21
  5.32E+06 5.18E+08 7.45E+12 4.80E+09 5.82E+07 9.57E+06 4.81E+06 1.38E+06 2.98E+10 2.45E+10 3.83E+00 3.78E+05 7.39E+07 4.85E+02 8.71E+00 6.98E+05 2.76E+03 8.81E-01 6.06E-21
  5.42E+06 6.26E+08 6.21E+12 3.22E+09 7.99E+07 7.86E+06 3.80E+06 8.94E+05 2.56E+10 2.65E+10 2.94E+00 2.67E+05 4.33E+07 3.57E+02 6.64E+00 7.17E+05 1.94E+03 8.75E-01 3.40E-21
  5.52E+06 7.98E+08 5.19E+12 2.10E+09 1.09E+08 6.12E+06 2.85E+06 5.36E+05 2.20E+10 2.83E+10 2.22E+00 1.88E+05 2.54E+07 2.33E+02 4.97E+00 7.47E+05 1.27E+03 8.30E-01 1.65E-21
  5.62E+06 1.06E+09 4.35E+12 1.34E+09 1.49E+08 4.58E+06 2.07E+06 3.00E+05 1.88E+10 2.98E+10 1.65E+00 1.31E+05 1.49E+07 1.34E+02 3.69E+00 7.90E+05 7.90E+02 7.68E-01 7.09E-22
  5.72E+06 1.65E+09 3.64E+12 8.36E+08 2.25E+08 3.27E+06 1.43E+06 1.46E+05 1.60E+10 3.08E+10 1.23E+00 8.98E+04 8.79E+06 6.23E+01 2.73E+00 8.47E+05 4.23E+02 6.82E-01 2.31E-22
  5.82E+06 5.48E+09 3.05E+12 4.98E+08 3.62E+08 1.24E+06 5.16E+05 4.13E+04 1.35E+10 3.12E+10 9.00E-01 6.01E+04 5.18E+06 1.32E+01 2.03E+00 8.49E+05 8.09E+01 2.84E-01 2.24E-23
  5.92E+06 1.85E+10 2.54E+12 2.90E+08 4.66E+08 4.30E+05 1.42E+05 8.40E+03 1.13E+10 3.08E+10 6.55E-01 3.32E+04 3.06E+06 2.49E+00 1.50E+00 6.36E+05 2.07E+01 6.81E-02 1.24E-24
  6.02E+06 4.39E+10 2.08E+12 1.66E+08 4.99E+08 1.92E+05 4.36E+04 1.60E+03 9.32E+09 2.94E+10 4.33E-01 1.51E+04 1.80E+06 6.48E-01 1.10E+00 3.43E+05 8.07E+00 1.37E-02 6.46E-26
  6.12E+06 8.00E+10 1.66E+12 9.36E+07 4.76E+08 9.67E+04 1.48E+04 2.99E+02 7.56E+09 2.72E+10 2.56E-01 5.87E+03 1.05E+06 2.15E-01 7.96E-01 1.70E+05 3.20E+00 2.88E-03 3.27E-27
  6.22E+06 1.20E+11 1.29E+12 5.14E+07 4.20E+08 4.91E+04 5.36E+03 5.53E+01 6.00E+09 2.44E+10 1.43E-01 1.88E+03 5.97E+05 8.46E-02 5.61E-01 8.61E+04 1.27E+00 6.83E-04 1.51E-28
  6.32E+06 1.62E+11 1.03E+12 2.88E+07 3.69E+08 2.75E+04 2.26E+03 1.04E+01 4.90E+09 2.23E+10 7.69E-02 7.10E+02 3.48E+05 3.77E-02 4.05E-01 4.84E+04 5.82E-01 2.04E-04 6.31E-30
  6.42E+06 2.01E+11 8.26E+11 1.65E+07 3.24E+08 1.66E+04 1.08E+03 2.04E+00 4.10E+09 2.07E+10 4.25E-02 3.56E+02 2.09E+05 1.86E-02 3.00E-01 2.93E+04 2.96E-01 7.33E-05 2.77E-31
  6.52E+06 2.33E+11 6.59E+11 9.44E+06 2.81E+08 9.97E+03 5.38E+02 4.10E-01 3.43E+09 1.91E+10 2.43E-02 1.91E+02 1.26E+05 9.87E-03 2.23E-01 1.77E+04 1.50E-01 2.77E-05 1.40E-32
  6.62E+06 2.57E+11 5.21E+11 5.42E+06 2.41E+08 5.90E+03 2.77E+02 8.51E-02 2.87E+09 1.75E+10 1.43E-02 1.07E+02 7.63E+04 5.52E-03 1.66E-01 1.06E+04 7.54E-02 1.08E-05 1.07E-33
  6.72E+06 2.72E+11 4.08E+11 3.12E+06 2.05E+08 3.45E+03 1.46E+02 1.83E-02 2.40E+09 1.59E+10 8.65E-03 6.28E+01 4.65E+04 3.22E-03 1.23E-01 6.33E+03 3.76E-02 4.34E-06 1.54E-34
  6.82E+06 2.80E+11 3.16E+11 1.81E+06 1.74E+08 1.98E+03 7.85E+01 4.08E-03 2.01E+09 1.43E+10 5.37E-03 3.81E+01 2.85E+04 1.95E-03 9.23E-02 3.74E+03 1.86E-02 1.78E-06 3.44E-35
  6.92E+06 2.79E+11 2.43E+11 1.05E+06 1.48E+08 1.12E+03 4.28E+01 9.49E-04 1.68E+09 1.29E+10 3.41E-03 2.38E+01 1.76E+04 1.22E-03 6.92E-02 2.19E+03 9.12E-03 7.39E-07 9.33E-36
  7.02E+06 2.72E+11 1.85E+11 6.11E+05 1.25E+08 6.28E+02 2.36E+01 2.31E-04 1.41E+09 1.15E+10 2.22E-03 1.52E+01 1.09E+04 7.83E-04 5.20E-02 1.28E+03 4.46E-03 3.13E-07 2.81E-36
  7.12E+06 2.60E+11 1.39E+11 3.58E+05 1.05E+08 3.47E+02 1.32E+01 5.91E-05 1.18E+09 1.03E+10 1.47E-03 1.00E+01 6.82E+03 5.16E-04 3.93E-02 7.49E+02 2.19E-03 1.36E-07 9.13E-37
  7.22E+06 2.43E+11 1.04E+11 2.11E+05 8.85E+07 1.89E+02 7.41E+00 1.59E-05 9.88E+08 9.08E+09 9.99E-04 6.73E+00 4.29E+03 3.49E-04 2.97E-02 4.41E+02 1.08E-03 6.01E-08 3.14E-37
  7.32E+06 2.24E+11 7.75E+10 1.25E+05 7.45E+07 1.03E+02 4.22E+00 4.47E-06 8.27E+08 8.01E+09 6.88E-04 4.62E+00 2.71E+03 2.41E-04 2.26E-02 2.62E+02 5.38E-04 2.73E-08 1.14E-37
  7.42E+06 2.04E+11 5.75E+10 7.49E+04 6.26E+07 5.52E+01 2.42E+00 1.32E-06 6.92E+08 7.04E+09 4.82E-04 3.22E+00 1.73E+03 1.70E-04 1.72E-02 1.59E+02 2.72E-04 1.28E-08 4.29E-38
  7.52E+06 1.83E+11 4.25E+10 4.51E+04 5.26E+07 2.96E+01 1.40E+00 4.05E-07 5.80E+08 6.15E+09 3.42E-04 2.29E+00 1.11E+03 1.22E-04 1.31E-02 9.82E+01 1.41E-04 6.19E-09 1.68E-38
  7.62E+06 1.63E+11 3.14E+10 2.74E+04 4.42E+07 1.58E+01 8.16E-01 1.30E-07 4.86E+08 5.36E+09 2.47E-04 1.64E+00 7.18E+02 8.85E-05 1.01E-02 6.21E+01 7.47E-05 3.09E-09 6.76E-39
  7.72E+06 1.45E+11 2.32E+10 1.68E+04 3.71E+07 8.47E+00 4.79E-01 4.28E-08 4.07E+08 4.65E+09 1.80E-04 1.20E+00 4.68E+02 6.54E-05 7.76E-03 4.03E+01 4.06E-05 1.60E-09 2.80E-39
  7.82E+06 1.27E+11 1.71E+10 1.04E+04 3.11E+07 4.55E+00 2.83E-01 1.46E-08 3.41E+08 4.02E+09 1.33E-04 8.82E-01 3.08E+02 4.90E-05 5.99E-03 2.68E+01 2.26E-05 8.48E-10 1.18E-39
  7.92E+06 1.11E+11 1.27E+10 6.50E+03 2.61E+07 2.45E+00 1.68E-01 5.12E-09 2.85E+08 3.47E+09 9.88E-05 6.56E-01 2.04E+02 3.72E-05 4.64E-03 1.83E+01 1.29E-05 4.64E-10 5.08E-40
  8.02E+06 9.72E+10 9.41E+09 4.10E+03 2.19E+07 1.34E+00 1.00E-01 1.84E-09 2.39E+08 2.98E+09 7.44E-05 4.92E-01 1.37E+02 2.86E-05 3.61E-03 1.27E+01 7.52E-06 2.60E-10 2.22E-40
  8.12E+06 8.47E+10 6.99E+09 2.61E+03 1.84E+07 7.38E-01 6.02E-02 6.72E-10 2.00E+08 2.56E+09 5.65E-05 3.71E-01 9.22E+01 2.21E-05 2.81E-03 9.00E+00 4.46E-06 1.48E-10 9.83E-41
  8.22E+06 7.38E+10 5.20E+09 1.67E+03 1.54E+07 4.14E-01 3.61E-02 2.49E-10 1.68E+08 2.19E+09 4.32E-05 2.81E-01 6.26E+01 1.72E-05 2.19E-03 6.46E+00 2.68E-06 8.58E-11 4.38E-41
  8.32E+06 6.43E+10 3.88E+09 1.08E+03 1.29E+07 2.38E-01 2.17E-02 9.32E-11 1.41E+08 1.87E+09 3.33E-05 2.14E-01 4.28E+01 1.35E-05 1.72E-03 4.69E+00 1.63E-06 5.03E-11 1.97E-41
  8.42E+06 5.60E+10 2.90E+09 7.08E+02 1.08E+07 1.41E-01 1.31E-02 3.54E-11 1.18E+08 1.59E+09 2.59E-05 1.64E-01 2.96E+01 1.07E-05 1.35E-03 3.44E+00 1.00E-06 2.97E-11 8.92E-42
  8.52E+06 4.89E+10 2.17E+09 4.67E+02 9.07E+06 8.75E-02 7.91E-03 1.37E-11 9.88E+07 1.35E+09 2.03E-05 1.26E-01 2.06E+01 8.58E-06 1.06E-03 2.55E+00 6.20E-07 1.77E-11 4.08E-42
  8.62E+06 4.27E+10 1.64E+09 3.12E+02 7.60E+06 5.70E-02 4.79E-03 5.36E-12 8.28E+07 1.15E+09 1.60E-05 9.74E-02 1.45E+01 6.92E-06 8.36E-04 1.90E+00 3.87E-07 1.06E-11 1.88E-42
  8.72E+06 3.74E+10 1.24E+09 2.11E+02 6.38E+06 3.91E-02 2.91E-03 2.14E-12 6.94E+07 9.73E+08 1.28E-05 7.58E-02 1.04E+01 5.64E-06 6.63E-04 1.43E+00 2.44E-07 6.43E-12 8.75E-43
  8.82E+06 3.28E+10 9.43E+08 1.45E+02 5.35E+06 2.83E-02 1.77E-03 8.70E-13 5.82E+07 8.23E+08 1.04E-05 5.95E-02 7.49E+00 4.65E-06 5.27E-04 1.09E+00 1.55E-07 3.91E-12 4.12E-43
  8.92E+06 2.88E+10 7.22E+08 1.01E+02 4.48E+06 2.15E-02 1.08E-03 3.62E-13 4.88E+07 6.95E+08 8.51E-06 4.71E-02 5.49E+00 3.87E-06 4.21E-04 8.31E-01 9.91E-08 2.39E-12 1.96E-43
  9.02E+06 2.54E+10 5.56E+08 7.15E+01 3.76E+06 1.70E-02 6.65E-04 1.54E-13 4.09E+07 5.87E+08 7.07E-06 3.77E-02 4.09E+00 3.27E-06 3.37E-04 6.41E-01 6.39E-08 1.47E-12 9.47E-44
  9.12E+06 2.25E+10 4.31E+08 5.16E+01 3.15E+06 1.39E-02 4.10E-04 6.73E-14 3.43E+07 4.94E+08 5.97E-06 3.05E-02 3.10E+00 2.81E-06 2.72E-04 4.97E-01 4.15E-08 9.06E-13 4.64E-44
  9.22E+06 1.99E+10 3.36E+08 3.80E+01 2.64E+06 1.16E-02 2.54E-04 3.02E-14 2.88E+07 4.16E+08 5.14E-06 2.51E-02 2.39E+00 2.45E-06 2.20E-04 3.89E-01 2.71E-08 5.62E-13 2.32E-44
  9.32E+06 1.77E+10 2.64E+08 2.85E+01 2.22E+06 9.89E-03 1.58E-04 1.40E-14 2.41E+07 3.50E+08 4.50E-06 2.09E-02 1.88E+00 2.17E-06 1.78E-04 3.07E-01 1.79E-08 3.51E-13 1.18E-44
  9.42E+06 1.57E+10 2.09E+08 2.20E+01 1.86E+06 8.55E-03 9.87E-05 6.67E-15 2.02E+07 2.94E+08 4.02E-06 1.78E-02 1.51E+00 1.96E-06 1.45E-04 2.44E-01 1.19E-08 2.21E-13 6.11E-45
  9.52E+06 1.40E+10 1.66E+08 1.73E+01 1.56E+06 7.47E-03 6.20E-05 3.30E-15 1.70E+07 2.47E+08 3.66E-06 1.53E-02 1.24E+00 1.80E-06 1.19E-04 1.95E-01 7.96E-09 1.39E-13 3.24E-45
  9.62E+06 1.25E+10 1.33E+08 1.40E+01 1.31E+06 6.59E-03 3.92E-05 1.70E-15 1.42E+07 2.08E+08 3.39E-06 1.34E-02 1.04E+00 1.69E-06 9.73E-05 1.58E-01 5.36E-09 8.85E-14 1.76E-45
  9.72E+06 1.12E+10 1.07E+08 1.16E+01 1.10E+06 5.85E-03 2.48E-05 9.27E-16 1.19E+07 1.75E+08 3.20E-06 1.18E-02 8.89E-01 1.62E-06 8.01E-05 1.28E-01 3.64E-09 5.65E-14 9.84E-46
  9.82E+06 1.00E+10 8.72E+07 9.88E+00 9.20E+05 5.23E-03 1.58E-05 5.48E-16 1.00E+07 1.46E+08 3.05E-06 1.04E-02 7.74E-01 1.57E-06 6.61E-05 1.05E-01 2.48E-09 3.62E-14 5.78E-46
  9.92E+06 9.00E+09 7.11E+07 8.57E+00 7.72E+05 4.71E-03 1.01E-05 3.66E-16 8.40E+06 1.23E+08 2.93E-06 9.03E-03 6.84E-01 1.55E-06 5.47E-05 8.61E-02 1.71E-09 2.34E-14 3.73E-46

     Z        HS       S        SO       SO2      H2SO4    HSO      S2       S4       S8       SO3      OCS      S3       O3       HNO3     N        NO3      N2O      HO2NO2  
  2.50E+04 2.65E+03 3.43E-09 5.40E+02 1.43E+09 8.97E+07 2.24E+07 1.53E-12 1.25E-34 5.29E-66 3.29E-02 9.44E-03 1.23E-32 1.17E+11 1.07E+08 6.91E-55 7.52E+02 7.44E+12 3.69E+05
  1.25E+05 1.19E+03 3.56E-09 7.31E+02 2.57E+09 1.73E+08 1.52E+07 8.34E-13 3.30E-35 4.80E-66 1.08E-01 8.51E-03 5.98E-33 1.28E+11 1.24E+08 7.26E-46 7.88E+02 6.72E+12 7.19E+05
  2.25E+05 4.71E+02 8.10E-09 1.03E+03 3.12E+09 2.53E+08 6.82E+06 6.27E-13 1.66E-35 4.34E-66 2.56E-01 7.65E-03 8.88E-33 1.57E+11 1.53E+08 3.97E-37 1.01E+03 6.06E+12 1.65E+06
  3.25E+05 1.65E+02 2.48E-08 1.81E+03 3.34E+09 3.18E+08 2.80E+06 5.91E-13 1.31E-35 3.93E-66 5.77E-01 6.86E-03 2.23E-32 2.00E+11 1.81E+08 1.08E-28 1.38E+03 5.45E+12 4.28E+06
  4.25E+05 5.38E+01 7.98E-08 3.46E+03 3.39E+09 3.61E+08 1.32E+06 5.62E-13 1.05E-35 3.55E-66 1.30E+00 6.14E-03 5.95E-32 2.55E+11 2.02E+08 1.40E-20 1.89E+03 4.90E+12 1.18E+07
  5.25E+05 1.69E+01 2.49E-07 6.73E+03 3.37E+09 3.79E+08 9.95E+05 5.14E-13 7.81E-36 3.21E-66 2.95E+00 5.51E-03 1.48E-31 3.21E+11 2.06E+08 7.37E-13 2.44E+03 4.40E+12 3.26E+07
  6.25E+05 5.80E+00 7.41E-07 1.31E+04 3.34E+09 3.71E+08 1.18E+06 5.11E-13 6.86E-36 2.90E-66 6.89E+00 4.94E-03 3.86E-31 3.94E+11 1.94E+08 2.40E-07 2.88E+03 3.95E+12 7.49E+07
  7.25E+05 3.07E+00 2.13E-06 2.55E+04 3.31E+09 3.43E+08 1.67E+06 7.83E-13 1.44E-35 2.62E-66 1.70E+01 4.44E-03 1.50E-30 4.70E+11 1.72E+08 2.12E-04 3.26E+03 3.55E+12 1.25E+08
  8.25E+05 3.11E+00 5.88E-06 4.97E+04 3.27E+09 3.06E+08 2.34E+06 2.09E-12 9.12E-35 2.37E-66 4.57E+01 3.99E-03 9.74E-30 5.43E+11 1.53E+08 1.66E-02 3.77E+03 3.18E+12 1.58E+08
  9.25E+05 4.22E+00 1.57E-05 9.53E+04 3.17E+09 2.70E+08 3.03E+06 6.63E-12 8.19E-34 2.14E-66 1.38E+02 3.58E-03 7.26E-29 6.07E+11 1.42E+08 3.43E-01 4.35E+03 2.85E+12 1.68E+08
  1.02E+06 5.66E+00 4.01E-05 1.79E+05 3.02E+09 2.41E+08 3.51E+06 1.86E-11 5.75E-33 1.92E-66 4.85E+02 3.21E-03 4.60E-28 6.68E+11 1.38E+08 3.20E+00 4.97E+03 2.54E+12 1.59E+08
  1.12E+06 4.84E+00 7.77E-05 2.47E+05 2.78E+09 2.17E+08 2.78E+06 2.75E-11 1.08E-32 1.67E-66 1.30E+03 2.76E-03 1.13E-27 7.68E+11 1.49E+08 1.30E+01 6.26E+03 2.18E+12 1.46E+08
  1.22E+06 2.00E+00 1.21E-04 2.72E+05 2.50E+09 2.04E+08 1.29E+06 1.51E-11 2.77E-33 1.44E-66 2.44E+03 2.28E-03 8.13E-28 1.06E+12 2.13E+08 3.72E+01 1.18E+04 1.80E+12 1.48E+08
  1.32E+06 7.44E-01 1.58E-04 2.50E+05 2.02E+09 1.96E+08 5.38E+05 5.64E-12 3.29E-34 1.24E-66 2.86E+03 1.75E-03 3.36E-28 1.46E+12 3.34E+08 8.32E+01 2.63E+04 1.44E+12 1.57E+08
  1.42E+06 2.66E-01 1.79E-04 1.95E+05 1.44E+09 1.74E+08 2.05E+05 1.60E-12 2.26E-35 1.06E-66 3.04E+03 1.16E-03 9.17E-29 1.97E+12 5.22E+08 1.65E+02 6.12E+04 1.08E+12 1.71E+08
  1.52E+06 1.47E-01 2.21E-04 1.61E+05 9.85E+08 1.43E+08 1.01E+05 7.85E-13 4.60E-36 9.07E-67 3.00E+03 6.69E-04 4.68E-29 2.28E+12 6.41E+08 3.12E+02 1.06E+05 7.62E+11 1.63E+08
  1.62E+06 1.10E-01 2.90E-04 1.39E+05 6.48E+08 1.12E+08 5.95E+04 5.64E-13 2.02E-36 7.77E-67 2.79E+03 3.35E-04 3.74E-29 2.41E+12 6.54E+08 5.72E+02 1.46E+05 5.06E+11 1.37E+08
  1.72E+06 9.44E-02 3.81E-04 1.18E+05 3.98E+08 8.20E+07 3.74E+04 4.73E-13 1.21E-36 6.64E-67 2.41E+03 1.50E-04 3.49E-29 2.42E+12 5.64E+08 1.01E+03 1.67E+05 3.16E+11 1.01E+08
  1.82E+06 7.73E-02 4.49E-04 8.94E+04 2.13E+08 5.22E+07 2.15E+04 3.37E-13 5.19E-37 5.67E-67 1.85E+03 6.16E-05 2.49E-29 2.36E+12 4.21E+08 1.69E+03 1.66E+05 1.87E+11 6.48E+07
  1.92E+06 4.41E-02 3.68E-04 4.69E+04 7.81E+07 2.29E+07 8.41E+03 1.14E-13 5.05E-38 4.84E-67 1.03E+03 2.12E-05 5.83E-30 2.26E+12 2.75E+08 2.68E+03 1.46E+05 1.05E+11 3.52E+07
  2.02E+06 5.17E-03 6.10E-05 5.00E+03 5.69E+06 2.56E+06 6.41E+02 1.62E-15 8.63E-42 4.12E-67 1.19E+02 4.44E-06 1.16E-32 2.09E+12 1.58E+08 4.01E+03 1.12E+05 5.63E+10 1.57E+07
  2.12E+06 3.11E-04 4.89E-06 2.60E+02 1.95E+05 1.24E+05 2.31E+01 5.69E-18 9.10E-47 3.51E-67 6.66E+00 5.58E-07 2.78E-36 1.79E+12 8.06E+07 5.56E+03 7.27E+04 2.95E+10 5.72E+06
  2.22E+06 1.97E-05 3.68E-07 1.30E+01 6.11E+03 5.19E+03 8.00E-01 2.06E-20 1.02E-51 2.98E-67 3.35E-01 4.58E-08 6.47E-40 1.39E+12 3.58E+07 6.96E+03 3.90E+04 1.51E+10 1.71E+06
  2.32E+06 1.42E-06 2.69E-08 6.61E-01 1.85E+02 2.08E+02 2.85E-02 8.67E-23 1.53E-56 2.55E-67 1.51E-02 2.54E-09 1.69E-43 9.56E+11 1.39E+07 7.72E+03 1.73E+04 7.74E+09 4.36E+05
  2.42E+06 1.20E-07 1.95E-09 3.50E-02 5.82E+00 8.72E+00 1.13E-03 4.50E-25 3.53E-61 2.18E-67 6.19E-04 1.02E-10 5.42E-47 5.81E+11 4.71E+06 7.56E+03 6.53E+03 3.98E+09 1.04E+05
  2.52E+06 1.20E-08 1.46E-10 2.03E-03 2.11E-01 6.21E-01 5.44E-05 3.11E-27 1.45E-65 1.86E-67 2.46E-05 3.33E-12 2.42E-50 3.37E+11 1.52E+06 6.76E+03 2.25E+03 2.07E+09 2.69E+04
  2.62E+06 1.32E-09 1.20E-11 1.33E-04 9.48E-03 1.29E-01 3.23E-06 2.76E-29 9.79E-70 1.60E-67 1.08E-06 9.93E-14 1.51E-53 2.00E+11 5.17E+05 5.71E+03 7.99E+02 1.10E+09 8.20E+03
  2.72E+06 1.56E-10 1.11E-12 1.00E-05 5.36E-04 3.74E-02 2.31E-07 3.05E-31 1.03E-73 1.37E-67 5.65E-08 2.95E-15 1.33E-56 1.26E+11 1.97E+05 4.68E+03 3.12E+02 5.90E+08 2.96E+03
  2.82E+06 2.05E-11 1.21E-13 8.94E-07 3.83E-05 1.15E-02 2.00E-08 4.44E-33 9.02E-77 1.17E-67 3.72E-09 9.76E-17 1.79E-59 8.19E+10 8.42E+04 3.80E+03 1.35E+02 3.23E+08 1.23E+03
  2.92E+06 3.04E-12 1.55E-14 9.52E-08 3.42E-06 4.04E-03 2.10E-09 8.70E-35 7.46E-77 9.99E-68 3.15E-10 4.05E-18 3.84E-62 5.45E+10 3.97E+04 3.09E+03 6.35E+01 1.80E+08 5.73E+02
  3.02E+06 5.03E-13 2.30E-15 1.18E-08 3.69E-07 1.70E-03 2.58E-10 2.21E-36 7.68E-77 8.50E-68 3.35E-11 2.40E-19 1.23E-64 3.67E+10 2.02E+04 2.53E+03 3.21E+01 1.01E+08 2.91E+02
  3.12E+06 9.45E-14 4.06E-16 1.73E-09 4.85E-08 9.07E-04 3.79E-11 7.57E-38 7.84E-77 7.21E-68 4.57E-12 2.23E-20 6.36E-67 2.50E+10 1.10E+04 2.12E+03 1.73E+01 5.76E+07 1.59E+02
  3.22E+06 2.03E-14 8.52E-17 3.04E-10 7.72E-09 5.61E-04 6.62E-12 3.52E-39 7.96E-77 6.10E-68 7.80E-13 2.98E-21 5.26E-69 1.71E+10 6.39E+03 1.83E+03 9.90E+00 3.34E+07 9.29E+01
  3.32E+06 4.84E-15 2.07E-17 6.20E-11 1.45E-09 3.82E-04 1.34E-12 2.11E-40 8.05E-77 5.16E-68 1.60E-13 5.04E-22 6.49E-71 1.18E+10 3.91E+03 1.63E+03 6.02E+00 1.95E+07 5.74E+01
  3.42E+06 1.29E-15 5.84E-18 1.47E-11 3.19E-10 2.58E-04 3.11E-13 1.62E-41 8.11E-77 4.35E-68 3.85E-14 1.03E-22 1.19E-72 8.20E+09 2.53E+03 1.51E+03 3.89E+00 1.16E+07 3.75E+01
  3.52E+06 3.79E-16 1.88E-18 3.98E-12 8.12E-11 1.59E-04 8.28E-14 1.57E-42 8.16E-77 3.67E-68 1.06E-14 2.44E-23 3.15E-74 5.79E+09 1.73E+03 1.45E+03 2.67E+00 6.95E+06 2.60E+01
  3.62E+06 1.22E-16 6.89E-19 1.23E-12 2.37E-11 8.53E-05 2.48E-14 1.86E-43 8.20E-77 3.10E-68 3.29E-15 6.64E-24 1.16E-75 4.15E+09 1.24E+03 1.44E+03 1.94E+00 4.24E+06 1.89E+01
  3.72E+06 4.29E-17 2.86E-19 4.30E-13 7.90E-12 4.03E-05 8.32E-15 2.72E-44 8.24E-77 2.61E-68 1.14E-15 2.09E-24 5.95E-77 3.03E+09 9.25E+02 1.48E+03 1.49E+00 2.63E+06 1.42E+01
  3.82E+06 1.62E-17 1.32E-19 1.67E-13 2.95E-12 1.61E-05 3.07E-15 4.68E-45 8.27E-77 2.20E-68 4.35E-16 7.57E-25 3.99E-78 2.24E+09 7.08E+02 1.56E+03 1.18E+00 1.66E+06 1.10E+01
  3.92E+06 6.56E-18 6.66E-20 7.15E-14 1.21E-12 5.90E-06 1.23E-15 9.38E-46 8.29E-77 1.85E-68 1.84E-16 3.28E-25 3.41E-79 1.68E+09 5.55E+02 1.68E+03 9.73E-01 1.06E+06 8.79E+00
  4.02E+06 2.91E-18 3.62E-20 3.28E-14 5.44E-13 2.09E-06 5.42E-16 2.22E-46 8.31E-77 1.55E-68 8.69E-17 1.86E-25 3.70E-80 1.25E+09 4.55E+02 1.81E+03 8.23E-01 6.87E+05 7.30E+00
  4.12E+06 1.42E-18 2.05E-20 1.57E-14 2.61E-13 7.68E-07 2.59E-16 6.13E-47 8.33E-77 1.30E-68 4.68E-17 1.42E-25 4.87E-81 9.12E+08 3.99E+02 1.92E+03 7.18E-01 4.49E+05 6.48E+00
  4.22E+06 7.70E-19 1.19E-20 7.66E-15 1.32E-13 3.16E-07 1.33E-16 1.96E-47 8.34E-77 1.09E-68 2.87E-17 1.28E-25 7.59E-82 6.47E+08 3.76E+02 1.99E+03 6.43E-01 2.95E+05 6.17E+00
  4.32E+06 4.62E-19 7.10E-21 3.84E-15 7.02E-14 1.47E-07 7.40E-17 7.28E-48 8.33E-77 9.07E-69 1.87E-17 1.17E-25 1.41E-82 4.45E+08 3.75E+02 2.02E+03 5.86E-01 1.96E+05 6.20E+00
  4.42E+06 3.02E-19 4.44E-21 2.01E-15 3.94E-14 8.40E-08 4.38E-17 3.12E-48 8.32E-77 7.53E-69 1.27E-17 1.03E-25 3.16E-83 2.99E+08 3.78E+02 2.01E+03 5.32E-01 1.30E+05 6.31E+00
  4.52E+06 2.07E-19 2.98E-21 1.12E-15 2.33E-14 6.25E-08 2.71E-17 1.49E-48 8.30E-77 6.24E-69 9.37E-18 8.75E-26 8.45E-84 2.01E+08 3.65E+02 2.04E+03 4.74E-01 8.73E+04 6.15E+00
  4.62E+06 1.46E-19 2.20E-21 6.87E-16 1.46E-14 5.19E-08 1.73E-17 7.90E-49 8.26E-77 5.14E-69 7.84E-18 7.35E-26 2.74E-84 1.36E+08 3.25E+02 2.11E+03 4.07E-01 5.85E+04 5.54E+00
  4.72E+06 1.08E-19 1.79E-21 4.63E-16 9.70E-15 4.29E-08 1.15E-17 4.73E-49 8.21E-77 4.23E-69 7.57E-18 6.20E-26 1.10E-84 9.30E+07 2.65E+02 2.24E+03 3.34E-01 3.94E+04 4.57E+00
  4.82E+06 8.23E-20 1.59E-21 3.40E-16 6.84E-15 3.54E-08 7.95E-18 3.15E-49 8.14E-77 3.47E-69 8.27E-18 5.30E-26 5.41E-85 6.42E+07 1.99E+02 2.43E+03 2.65E-01 2.66E+04 3.48E+00
  4.92E+06 6.48E-20 1.54E-21 2.69E-16 5.08E-15 2.92E-08 5.61E-18 2.30E-49 8.06E-77 2.84E-69 9.91E-18 4.61E-26 3.14E-85 4.48E+07 1.39E+02 2.69E+03 2.03E-01 1.80E+04 2.45E+00
  5.02E+06 5.20E-20 1.58E-21 2.28E-16 3.92E-15 2.41E-08 4.01E-18 1.79E-49 7.98E-77 2.32E-69 1.22E-17 4.07E-26 2.08E-85 3.18E+07 9.01E+01 3.04E+03 1.51E-01 1.23E+04 1.60E+00
  5.12E+06 4.16E-20 1.71E-21 2.03E-16 3.12E-15 1.98E-08 2.86E-18 1.43E-49 7.89E-77 1.90E-69 1.37E-17 3.64E-26 1.48E-85 2.30E+07 5.48E+01 3.53E+03 1.10E-01 8.41E+03 9.78E-01
  5.22E+06 3.26E-20 1.92E-21 1.88E-16 2.52E-15 1.64E-08 2.01E-18 1.14E-49 7.79E-77 1.56E-69 1.31E-17 3.29E-26 1.10E-85 1.71E+07 3.12E+01 4.21E+03 7.87E-02 5.82E+03 5.59E-01
  5.32E+06 2.43E-20 2.23E-21 1.81E-16 2.05E-15 1.36E-08 1.36E-18 8.61E-50 7.71E-77 1.28E-69 1.06E-17 3.00E-26 8.01E-86 1.32E+07 1.66E+01 5.19E+03 5.56E-02 4.06E+03 2.97E-01
  5.42E+06 1.68E-20 2.67E-21 1.81E-16 1.67E-15 1.13E-08 8.85E-19 6.01E-50 7.62E-77 1.05E-69 7.42E-18 2.78E-26 5.57E-86 1.07E+07 8.15E+00 6.70E+03 3.89E-02 2.87E+03 1.45E-01
  5.52E+06 1.05E-20 3.31E-21 1.88E-16 1.36E-15 9.42E-09 5.43E-19 3.72E-50 7.54E-77 8.69E-70 4.69E-18 2.62E-26 3.58E-86 9.22E+06 3.63E+00 9.16E+03 2.70E-02 2.06E+03 6.44E-02
  5.62E+06 6.06E-21 4.19E-21 2.00E-16 1.10E-15 7.86E-09 3.16E-19 2.07E-50 7.47E-77 7.17E-70 2.76E-18 2.53E-26 2.11E-86 8.31E+06 1.49E+00 1.32E+04 1.86E-02 1.50E+03 2.65E-02
  5.72E+06 2.81E-21 5.49E-21 2.21E-16 8.63E-16 6.57E-09 1.56E-19 8.21E-51 7.39E-77 5.91E-70 1.52E-18 2.60E-26 9.17E-87 8.50E+06 5.15E-01 2.70E+04 1.27E-02 1.12E+03 8.94E-03
  5.82E+06 2.49E-22 1.03E-20 3.50E-16 5.57E-16 5.48E-09 2.91E-20 4.23E-52 7.31E-77 4.86E-70 7.78E-19 2.90E-26 7.41E-88 1.75E+07 8.77E-02 1.79E+05 5.28E-03 8.65E+02 9.81E-04
  5.92E+06 1.03E-23 1.53E-20 4.36E-16 3.18E-16 4.55E-09 3.17E-21 7.79E-54 7.20E-77 3.97E-70 5.21E-19 2.82E-26 1.70E-89 3.81E+07 1.17E-02 1.14E+06 2.17E-03 6.84E+02 7.28E-05
  6.02E+06 5.98E-25 1.70E-20 3.97E-16 2.24E-16 3.74E-09 4.07E-22 2.12E-55 7.05E-77 3.20E-70 4.96E-19 2.17E-26 4.22E-91 5.95E+07 1.58E-03 4.47E+06 8.93E-04 5.47E+02 6.46E-06
  6.12E+06 5.30E-26 1.72E-20 3.19E-16 1.84E-16 3.01E-09 6.88E-23 1.07E-56 6.81E-77 2.53E-70 5.26E-19 1.41E-26 1.75E-92 6.70E+07 2.23E-04 1.16E+07 3.06E-04 4.28E+02 6.44E-07
  6.22E+06 6.88E-27 1.77E-20 2.48E-16 1.50E-16 2.38E-09 1.51E-23 1.10E-57 6.48E-77 1.95E-70 5.26E-19 8.24E-27 1.47E-93 5.51E+07 3.16E-05 2.23E+07 9.33E-05 3.21E+02 6.58E-08
  6.32E+06 1.36E-27 1.81E-20 1.99E-16 1.25E-16 1.93E-09 4.55E-24 2.56E-58 6.19E-77 1.54E-70 4.97E-19 4.75E-27 2.85E-94 4.65E+07 4.78E-06 3.63E+07 3.42E-05 2.42E+02 8.09E-09
  6.42E+06 3.82E-28 1.87E-20 1.65E-16 1.05E-16 1.60E-09 1.79E-24 1.16E-58 5.96E-77 1.24E-70 4.38E-19 2.88E-27 1.11E-94 4.12E+07 8.51E-07 5.24E+07 1.47E-05 1.84E+02 1.43E-09
  6.52E+06 1.31E-28 1.98E-20 1.39E-16 8.57E-17 1.33E-09 8.12E-25 7.80E-59 5.72E-77 9.97E-71 3.54E-19 1.87E-27 6.66E-95 3.38E+07 1.73E-07 6.88E+07 6.30E-06 1.37E+02 2.91E-10
  6.62E+06 5.19E-29 2.16E-20 1.20E-16 6.76E-17 1.10E-09 4.08E-25 6.51E-59 5.45E-77 7.96E-71 2.65E-19 1.31E-27 5.06E-95 2.61E+07 3.83E-08 8.44E+07 2.67E-06 9.97E+01 6.26E-11
  6.72E+06 2.29E-29 2.39E-20 1.04E-16 5.20E-17 9.09E-10 2.20E-25 6.14E-59 5.17E-77 6.31E-71 1.87E-19 9.73E-28 4.44E-95 1.91E+07 8.94E-09 9.86E+07 1.12E-06 7.17E+01 1.38E-11
  6.82E+06 1.10E-29 2.70E-20 9.13E-17 3.89E-17 7.50E-10 1.26E-25 6.28E-59 4.87E-77 4.98E-71 1.25E-19 7.60E-28 4.28E-95 1.34E+07 2.13E-09 1.11E+08 4.62E-07 5.10E+01 3.09E-12
  6.92E+06 5.65E-30 3.08E-20 7.99E-17 2.84E-17 6.18E-10 7.47E-26 6.80E-59 4.55E-77 3.89E-71 7.97E-20 6.15E-28 4.43E-95 8.96E+06 5.09E-10 1.21E+08 1.90E-07 3.60E+01 6.99E-13
  7.02E+06 3.08E-30 3.54E-20 6.98E-17 2.03E-17 5.08E-10 4.58E-26 7.69E-59 4.22E-77 3.02E-71 4.86E-20 5.11E-28 4.82E-95 5.79E+06 1.22E-10 1.29E+08 7.79E-08 2.52E+01 1.59E-13
  7.12E+06 1.75E-30 4.09E-20 6.07E-17 1.41E-17 4.16E-10 2.87E-26 8.97E-59 3.87E-77 2.32E-71 2.84E-20 4.32E-28 5.43E-95 3.61E+06 2.90E-11 1.35E+08 3.19E-08 1.77E+01 3.67E-14
  7.22E+06 1.04E-30 4.72E-20 5.25E-17 9.58E-18 3.40E-10 1.83E-26 1.07E-58 3.52E-77 1.77E-71 1.61E-20 3.69E-28 6.27E-95 2.19E+06 6.90E-12 1.39E+08 1.31E-08 1.23E+01 8.59E-15
  7.32E+06 6.35E-31 5.45E-20 4.51E-17 6.37E-18 2.77E-10 1.18E-26 1.29E-58 3.15E-77 1.33E-71 8.78E-21 3.17E-28 7.32E-95 1.29E+06 1.65E-12 1.42E+08 5.47E-09 8.61E+00 2.05E-15
  7.42E+06 3.99E-31 6.27E-20 3.85E-17 4.15E-18 2.25E-10 7.72E-27 1.57E-58 2.79E-77 9.81E-72 4.67E-21 2.72E-28 8.58E-95 7.48E+05 3.95E-13 1.44E+08 2.31E-09 6.02E+00 4.99E-16
  7.52E+06 2.57E-31 7.18E-20 3.26E-17 2.66E-18 1.81E-10 5.06E-27 1.92E-58 2.43E-77 7.15E-72 2.42E-21 2.34E-28 1.01E-94 4.25E+05 9.59E-14 1.44E+08 9.96E-10 4.22E+00 1.25E-16
  7.62E+06 1.69E-31 8.18E-20 2.74E-17 1.67E-18 1.46E-10 3.34E-27 2.34E-58 2.07E-77 5.12E-72 1.23E-21 2.00E-28 1.17E-94 2.39E+05 2.36E-14 1.44E+08 4.39E-10 2.96E+00 3.22E-17
  7.72E+06 1.12E-31 9.26E-20 2.29E-17 1.04E-18 1.16E-10 2.20E-27 2.84E-58 1.74E-77 3.59E-72 6.15E-22 1.70E-28 1.34E-94 1.33E+05 5.93E-15 1.43E+08 1.98E-10 2.09E+00 8.57E-18
  7.82E+06 7.59E-32 1.04E-19 1.90E-17 6.38E-19 9.21E-11 1.46E-27 3.42E-58 1.42E-77 2.47E-72 3.03E-22 1.43E-28 1.53E-94 7.31E+04 1.52E-15 1.41E+08 9.17E-11 1.47E+00 2.35E-18
  7.92E+06 5.19E-32 1.16E-19 1.57E-17 3.88E-19 7.25E-11 9.62E-28 4.08E-58 1.14E-77 1.65E-72 1.48E-22 1.19E-28 1.70E-94 4.01E+04 3.99E-16 1.39E+08 4.33E-11 1.05E+00 6.66E-19
  8.02E+06 3.58E-32 1.29E-19 1.29E-17 2.34E-19 5.65E-11 6.35E-28 4.81E-58 8.83E-78 1.07E-72 7.18E-23 9.84E-29 1.86E-94 2.20E+04 1.08E-16 1.36E+08 2.09E-11 7.44E-01 1.94E-19
  8.12E+06 2.48E-32 1.42E-19 1.06E-17 1.40E-19 4.36E-11 4.17E-28 5.60E-58 6.61E-78 6.73E-73 3.44E-23 8.06E-29 2.00E-94 1.20E+04 2.95E-17 1.34E+08 1.02E-11 5.30E-01 5.75E-20
  8.22E+06 1.73E-32 1.55E-19 8.60E-18 8.33E-20 3.32E-11 2.73E-28 6.42E-58 4.75E-78 4.05E-73 1.64E-23 6.53E-29 2.10E-94 6.57E+03 8.28E-18 1.31E+08 5.06E-12 3.78E-01 1.73E-20
  8.32E+06 1.21E-32 1.68E-19 6.95E-18 4.92E-20 2.50E-11 1.77E-28 7.25E-58 3.27E-78 2.33E-73 7.74E-24 5.23E-29 2.15E-94 3.60E+03 2.39E-18 1.28E+08 2.53E-12 2.70E-01 5.31E-21
  8.42E+06 8.40E-33 1.80E-19 5.57E-18 2.89E-20 1.85E-11 1.14E-28 8.02E-58 2.14E-78 1.28E-73 3.64E-24 4.15E-29 2.14E-94 1.97E+03 7.09E-19 1.25E+08 1.27E-12 1.94E-01 1.65E-21
  8.52E+06 5.84E-33 1.91E-19 4.44E-18 1.69E-20 1.34E-11 7.33E-29 8.68E-58 1.33E-78 6.65E-74 1.71E-24 3.25E-29 2.06E-94 1.09E+03 2.19E-19 1.22E+08 6.46E-13 1.39E-01 5.20E-22
  8.62E+06 4.04E-33 2.01E-19 3.50E-18 9.78E-21 9.63E-12 4.65E-29 9.15E-58 7.76E-79 3.26E-74 8.04E-25 2.52E-29 1.91E-94 6.01E+02 7.05E-20 1.19E+08 3.30E-13 9.99E-02 1.66E-22
  8.72E+06 2.78E-33 2.08E-19 2.74E-18 5.64E-21 6.77E-12 2.92E-29 9.38E-58 4.28E-79 1.51E-74 3.79E-25 1.93E-29 1.69E-94 3.35E+02 2.39E-20 1.16E+08 1.69E-13 7.21E-02 5.36E-23
  8.82E+06 1.90E-33 2.12E-19 2.13E-18 3.23E-21 4.67E-12 1.81E-29 9.32E-58 2.21E-79 6.54E-75 1.79E-25 1.46E-29 1.44E-94 1.88E+02 8.58E-21 1.12E+08 8.73E-14 5.22E-02 1.75E-23
  8.92E+06 1.28E-33 2.13E-19 1.64E-18 1.84E-21 3.16E-12 1.11E-29 8.95E-58 1.07E-79 2.66E-75 8.51E-26 1.10E-29 1.16E-94 1.06E+02 3.25E-21 1.09E+08 4.52E-14 3.80E-02 5.81E-24
  9.02E+06 8.60E-34 2.10E-19 1.24E-18 1.04E-21 2.10E-12 6.74E-30 8.30E-58 4.88E-80 1.01E-75 4.08E-26 8.15E-30 8.93E-95 6.05E+01 1.30E-21 1.05E+08 2.36E-14 2.77E-02 1.95E-24
  9.12E+06 5.69E-34 2.04E-19 9.37E-19 5.84E-22 1.36E-12 4.03E-30 7.42E-58 2.07E-80 3.61E-76 1.97E-26 6.02E-30 6.50E-95 3.48E+01 5.50E-22 1.01E+08 1.23E-14 2.03E-02 6.66E-25
  9.22E+06 3.73E-34 1.95E-19 6.98E-19 3.26E-22 8.72E-13 2.38E-30 6.39E-58 8.27E-81 1.21E-76 9.64E-27 4.43E-30 4.48E-95 2.02E+01 2.43E-22 9.67E+07 6.50E-15 1.49E-02 2.30E-25
  9.32E+06 2.42E-34 1.82E-19 5.15E-19 1.81E-22 5.47E-13 1.39E-30 5.31E-58 3.10E-81 3.78E-77 4.77E-27 3.25E-30 2.93E-95 1.18E+01 1.11E-22 9.25E+07 3.44E-15 1.10E-02 8.10E-26
  9.42E+06 1.55E-34 1.68E-19 3.76E-19 9.98E-23 3.38E-13 8.03E-31 4.26E-58 1.09E-81 1.12E-77 2.39E-27 2.39E-30 1.81E-95 6.97E+00 5.27E-23 8.83E+07 1.83E-15 8.21E-03 2.90E-26
  9.52E+06 9.91E-35 1.53E-19 2.72E-19 5.49E-23 2.05E-13 4.59E-31 3.30E-58 3.64E-82 3.12E-78 1.22E-27 1.76E-30 1.07E-95 4.16E+00 2.57E-23 8.40E+07 9.77E-16 6.13E-03 1.05E-26
  9.62E+06 6.28E-35 1.37E-19 1.96E-19 3.01E-23 1.23E-13 2.60E-31 2.48E-58 1.15E-82 8.28E-79 6.36E-28 1.30E-30 6.02E-96 2.50E+00 1.29E-23 7.97E+07 5.25E-16 4.61E-03 3.89E-27
  9.72E+06 3.98E-35 1.21E-19 1.40E-19 1.66E-23 7.27E-14 1.46E-31 1.81E-58 3.46E-83 2.09E-79 3.40E-28 9.60E-31 3.25E-96 1.51E+00 6.68E-24 7.55E+07 2.83E-16 3.48E-03 1.47E-27
  9.82E+06 2.52E-35 1.05E-19 9.95E-20 9.33E-24 4.25E-14 8.15E-32 1.28E-58 1.00E-83 5.06E-80 1.88E-28 7.04E-31 1.68E-96 9.23E-01 3.61E-24 7.13E+07 1.53E-16 2.64E-03 5.73E-28
  9.92E+06 1.62E-35 8.96E-20 7.14E-20 5.51E-24 2.46E-14 4.58E-32 8.71E-59 2.80E-84 1.19E-80 1.09E-28 5.10E-31 8.20E-97 5.69E-01 2.10E-24 6.71E+07 8.32E-17 2.01E-03 2.46E-28

     Z        N2O5     CO2      SO4AER   S8AER   
  2.50E+04 1.51E+00 6.62E+15 5.26E+09 2.48E-19
  1.25E+05 3.01E+00 6.01E+15 5.62E+09 2.25E-19
  2.25E+05 8.75E+00 5.44E+15 6.90E+09 2.04E-19
  3.25E+05 3.16E+01 4.92E+15 8.57E+09 1.84E-19
  4.25E+05 1.26E+02 4.45E+15 1.03E+10 1.66E-19
  5.25E+05 4.88E+02 4.02E+15 1.18E+10 1.50E-19
  6.25E+05 1.35E+03 3.63E+15 1.31E+10 1.36E-19
  7.25E+05 2.51E+03 3.28E+15 1.42E+10 1.23E-19
  8.25E+05 3.80E+03 2.97E+15 1.50E+10 1.11E-19
  9.25E+05 5.39E+03 2.68E+15 1.56E+10 1.00E-19
  1.02E+06 7.47E+03 2.40E+15 1.61E+10 8.99E-20
  1.12E+06 1.27E+04 2.09E+15 1.72E+10 7.83E-20
  1.22E+06 3.85E+04 1.80E+15 2.15E+10 6.74E-20
  1.32E+06 1.31E+05 1.55E+15 2.71E+10 5.79E-20
  1.42E+06 4.39E+05 1.33E+15 3.35E+10 4.97E-20
  1.52E+06 8.84E+05 1.14E+15 3.56E+10 4.26E-20
  1.62E+06 1.18E+06 9.77E+14 3.32E+10 3.65E-20
  1.72E+06 1.10E+06 8.37E+14 2.76E+10 3.13E-20
  1.82E+06 7.53E+05 7.16E+14 2.08E+10 2.68E-20
  1.92E+06 3.88E+05 6.12E+14 1.45E+10 2.29E-20
  2.02E+06 1.49E+05 5.23E+14 9.72E+09 1.95E-20
  2.12E+06 4.14E+04 4.46E+14 6.55E+09 1.66E-20
  2.22E+06 8.16E+03 3.81E+14 4.48E+09 1.42E-20
  2.32E+06 1.17E+03 3.25E+14 3.12E+09 1.21E-20
  2.42E+06 1.29E+02 2.79E+14 2.21E+09 1.04E-20
  2.52E+06 1.32E+01 2.39E+14 1.58E+09 8.93E-21
  2.62E+06 1.58E+00 2.06E+14 1.15E+09 7.67E-21
  2.72E+06 2.40E-01 1.77E+14 8.40E+08 6.59E-21
  2.82E+06 4.63E-02 1.52E+14 6.21E+08 5.65E-21
  2.92E+06 1.09E-02 1.30E+14 4.62E+08 4.84E-21
  3.02E+06 2.99E-03 1.11E+14 3.46E+08 4.13E-21
  3.12E+06 9.51E-04 9.42E+13 2.60E+08 3.51E-21
  3.22E+06 3.44E-04 8.00E+13 1.94E+08 2.98E-21
  3.32E+06 1.40E-04 6.78E+13 1.42E+08 2.53E-21
  3.42E+06 6.42E-05 5.75E+13 1.04E+08 2.14E-21
  3.52E+06 3.31E-05 4.87E+13 7.43E+07 1.81E-21
  3.62E+06 1.90E-05 4.12E+13 5.27E+07 1.54E-21
  3.72E+06 1.19E-05 3.49E+13 3.70E+07 1.30E-21
  3.82E+06 7.98E-06 2.95E+13 2.56E+07 1.10E-21
  3.92E+06 5.66E-06 2.49E+13 1.75E+07 9.30E-22
  4.02E+06 4.26E-06 2.10E+13 1.17E+07 7.84E-22
  4.12E+06 3.46E-06 1.77E+13 7.71E+06 6.61E-22
  4.22E+06 3.02E-06 1.49E+13 4.95E+06 5.55E-22
  4.32E+06 2.77E-06 1.25E+13 3.11E+06 4.65E-22
  4.42E+06 2.55E-06 1.04E+13 1.91E+06 3.88E-22
  4.52E+06 2.22E-06 8.66E+12 1.13E+06 3.24E-22
  4.62E+06 1.77E-06 7.19E+12 6.48E+05 2.69E-22
  4.72E+06 1.26E-06 5.95E+12 3.59E+05 2.22E-22
  4.82E+06 8.13E-07 4.91E+12 1.90E+05 1.84E-22
  4.92E+06 4.79E-07 4.05E+12 9.53E+04 1.52E-22
  5.02E+06 2.59E-07 3.33E+12 4.54E+04 1.25E-22
  5.12E+06 1.31E-07 2.75E+12 2.04E+04 1.03E-22
  5.22E+06 6.19E-08 2.27E+12 8.51E+03 8.56E-23
  5.32E+06 2.76E-08 1.88E+12 3.27E+03 7.11E-23
  5.42E+06 1.16E-08 1.56E+12 1.14E+03 5.92E-23
  5.52E+06 4.58E-09 1.29E+12 3.53E+02 4.95E-23
  5.62E+06 1.72E-09 1.08E+12 9.54E+01 4.14E-23
  5.72E+06 5.51E-10 8.95E+11 2.18E+01 3.47E-23
  5.82E+06 5.65E-11 7.43E+11 4.04E+00 2.90E-23
  5.92E+06 4.76E-12 6.14E+11 5.77E-01 2.42E-23
  6.02E+06 5.71E-13 5.02E+11 5.83E-02 2.00E-23
  6.12E+06 6.24E-14 4.03E+11 3.71E-03 1.62E-23
  6.22E+06 5.70E-15 3.17E+11 1.24E-04 1.28E-23
  6.32E+06 6.16E-16 2.56E+11 1.84E-06 1.05E-23
  6.42E+06 1.01E-16 2.11E+11 6.65E-09 8.78E-24
  6.52E+06 1.79E-17 1.75E+11 9.73E-12 7.35E-24
  6.62E+06 3.16E-18 1.44E+11 6.59E-14 6.15E-24
  6.72E+06 5.52E-19 1.19E+11 2.10E-16 5.15E-24
  6.82E+06 9.53E-20 9.84E+10 2.80E-19 4.31E-24
  6.92E+06 1.63E-20 8.11E+10 1.34E-22 3.61E-24
  7.02E+06 2.78E-21 6.69E+10 3.02E-24 3.02E-24
  7.12E+06 4.76E-22 5.51E+10 2.53E-24 2.53E-24
  7.22E+06 8.25E-23 4.53E+10 2.12E-24 2.12E-24
  7.32E+06 1.46E-23 3.73E+10 1.77E-24 1.77E-24
  7.42E+06 2.66E-24 3.06E+10 1.48E-24 1.48E-24
  7.52E+06 5.04E-25 2.51E+10 1.24E-24 1.24E-24
  7.62E+06 9.97E-26 2.06E+10 1.04E-24 1.04E-24
  7.72E+06 2.07E-26 1.69E+10 8.71E-25 8.71E-25
  7.82E+06 4.50E-27 1.38E+10 7.30E-25 7.30E-25
  7.92E+06 1.02E-27 1.13E+10 6.11E-25 6.11E-25
  8.02E+06 2.43E-28 9.22E+09 5.12E-25 5.12E-25
  8.12E+06 5.94E-29 7.51E+09 4.29E-25 4.29E-25
  8.22E+06 1.49E-29 6.10E+09 3.59E-25 3.59E-25
  8.32E+06 3.81E-30 4.94E+09 3.01E-25 3.01E-25
  8.42E+06 9.96E-31 3.99E+09 2.52E-25 2.52E-25
  8.52E+06 2.65E-31 3.21E+09 2.11E-25 2.11E-25
  8.62E+06 7.13E-32 2.57E+09 1.77E-25 1.77E-25
  8.72E+06 1.95E-32 2.05E+09 1.48E-25 1.48E-25
  8.82E+06 5.41E-33 1.63E+09 1.24E-25 1.24E-25
  8.92E+06 1.52E-33 1.29E+09 1.04E-25 1.04E-25
  9.02E+06 4.34E-34 1.02E+09 8.74E-26 8.74E-26
  9.12E+06 1.25E-34 8.04E+08 7.32E-26 7.32E-26
  9.22E+06 3.68E-35 6.30E+08 6.14E-26 6.14E-26
  9.32E+06 1.10E-35 4.92E+08 5.15E-26 5.15E-26
  9.42E+06 3.31E-36 3.83E+08 4.31E-26 4.31E-26
  9.52E+06 1.02E-36 2.98E+08 3.62E-26 3.62E-26
  9.62E+06 3.17E-37 2.30E+08 3.03E-26 3.03E-26
  9.72E+06 1.00E-37 1.78E+08 2.54E-26 2.54E-26
  9.82E+06 3.26E-38 1.37E+08 2.13E-26 2.13E-26
  9.92E+06 1.14E-38 1.06E+08 1.79E-26 1.79E-26

 FLUXES OF LONG-LIVED SPECIES


     Z        O         O2        H2O       H         OH        HO2       H2O2      H2        CO        HCO       H2CO      CH4       CH3       C2H6      NO        NO2       HNO       H2S     
  0.00E+00 -6.42E+04  4.09E+11  1.51E+13 -2.07E+01 -1.07E+06 -3.32E+08 -7.96E+09 -1.63E+10  1.81E+11 -6.91E-01 -1.10E+09  1.53E+11 -7.19E+00  2.75E-15 -4.01E+03 -5.25E+04 -1.69E+02  2.00E+08
  5.00E+04 -2.30E+04  3.93E+11  0.00E+00 -5.52E+00 -2.48E+05 -3.59E+07 -5.84E+09 -1.51E+10  1.71E+11 -2.17E-01 -8.63E+07  1.41E+11 -7.86E-01 -2.20E-07 -1.19E+06 -4.30E+05  1.57E+01  1.35E+08
  1.50E+05 -4.21E+04  3.62E+11  0.00E+00 -7.01E+00 -3.39E+05 -3.05E+07 -3.99E+09 -1.23E+10  1.53E+11 -1.76E-01  2.56E+08  1.18E+11 -1.03E+00  7.83E-06 -2.07E+06 -2.25E+06  5.88E+01  5.98E+07
  2.50E+05 -6.92E+04  3.34E+11  0.00E+00 -7.80E+00 -3.85E+05 -2.31E+07 -1.72E+09 -9.67E+09  1.35E+11 -1.58E-01  2.92E+08  9.63E+10 -8.52E-01  3.08E-05 -3.27E+06 -3.97E+06  3.12E+01  2.49E+07
  3.50E+05 -1.08E+05  3.10E+11  0.00E+00 -7.59E+00 -3.77E+05 -1.11E+07  1.06E+09 -7.45E+09  1.16E+11 -1.05E-01  3.46E+08  7.64E+10 -5.22E-01  6.42E-05 -4.91E+06 -5.85E+06  1.20E+01  9.69E+06
  4.50E+05 -1.55E+05  2.90E+11  0.00E+00 -5.90E+00 -3.14E+05  3.42E+06  2.99E+09 -5.60E+09  9.63E+10 -1.56E-02  4.16E+08  5.88E+10  9.57E-02  9.87E-05 -5.65E+06 -5.97E+06  2.12E+00  3.55E+06
  5.50E+05 -2.10E+05  2.73E+11  0.00E+00 -2.83E+00 -1.83E+05  1.57E+07  3.89E+09 -4.11E+09  7.79E+10  8.70E-02  4.56E+08  4.44E+10  7.41E-01  1.19E-04 -2.67E+06 -1.28E+06 -2.66E+00  1.25E+06
  6.50E+05 -2.68E+05  2.60E+11  0.00E+00  5.56E-01 -2.93E+04  2.40E+07  3.99E+09 -2.91E+09  6.12E+10  1.52E-01  4.29E+08  3.38E+10  1.11E+00  1.17E-04  8.69E+05  3.37E+06 -4.35E+00  4.30E+05
  7.50E+05 -3.26E+05  2.50E+11  0.00E+00  2.47E+00  5.20E+04  2.83E+07  3.59E+09 -1.99E+09  4.71E+10  1.49E-01  3.36E+08  2.66E+10  1.04E+00  9.65E-05 -3.00E+06  1.55E+05 -1.01E+01  1.51E+05
  8.50E+05 -3.80E+05  2.38E+11  0.00E+00  2.42E+00  5.03E+04  2.71E+07  2.83E+09 -1.33E+09  3.58E+10  1.09E-01  2.24E+08  2.23E+10  7.44E-01  7.12E-05 -1.23E+07 -5.37E+06 -2.70E+01  5.52E+04
  9.50E+05 -4.21E+05  2.22E+11  0.00E+00  1.21E+00  9.86E+02  2.12E+07  1.89E+09 -8.85E+08  2.67E+10  6.40E-02  1.26E+08  1.97E+10  4.44E-01  4.90E-05 -2.29E+07 -8.07E+06 -5.22E+01  2.02E+04
  1.05E+06 -5.34E+05  1.99E+11  0.00E+00 -1.82E+00 -1.00E+05  7.85E+06  9.64E+08 -5.95E+08  1.93E+10  1.13E-02  3.51E+07  1.82E+10  3.99E-02  3.20E-05 -2.34E+07 -8.08E+06 -3.63E+01  6.40E+03
  1.15E+06 -5.14E+05  1.72E+11  4.32E+12 -9.49E-01 -5.59E+04  2.59E+06  3.20E+08 -4.04E+08  1.32E+10 -4.00E-03  1.79E+06  1.72E+10 -3.50E-02  1.89E-05 -1.39E+07 -7.99E+06  4.03E+00  1.20E+03
  1.25E+06 -5.75E+05  1.41E+11  1.32E+11 -9.06E-01 -6.27E+04  4.50E+05  6.76E+07 -2.57E+08  8.47E+09 -6.05E-03 -1.37E+06  1.63E+10 -4.22E-02  8.47E-06 -9.51E+06 -7.53E+06  4.47E+00  1.26E+02
  1.35E+06 -5.70E+05  1.10E+11 -2.19E+10 -4.50E-01 -4.92E+04  1.14E+04  9.38E+06 -1.29E+08  4.79E+09 -5.04E-03 -1.20E+06  1.54E+10 -3.38E-02 -2.39E-07 -5.92E+06 -6.61E+06  1.78E+00  5.90E+00
  1.45E+06 -6.48E+05  8.08E+10 -2.03E+10 -3.80E-01 -4.51E+04 -8.92E+04  1.53E+06 -2.10E+07  2.31E+09 -4.53E-03 -6.36E+05  1.44E+10 -3.15E-02 -7.34E-06 -4.84E+06 -5.34E+06  4.82E-01  2.63E-01
  1.55E+06 -7.17E+05  5.91E+10 -1.87E+10 -5.00E-01 -4.47E+04 -1.19E+05  1.72E+05  5.68E+07  9.55E+08 -4.27E-03 -3.39E+05  1.34E+10 -3.07E-02 -1.29E-05 -3.79E+06 -3.52E+06  1.59E-01  3.60E-02
  1.65E+06 -8.57E+05  4.62E+10 -1.69E+10 -8.46E-01 -5.06E+04 -1.46E+05 -2.75E+05  9.58E+07  3.43E+08 -4.55E-03 -1.99E+05  1.24E+10 -3.35E-02 -1.79E-05 -2.44E+06 -1.53E+06  7.64E-02  9.80E-03
  1.75E+06 -1.17E+06  4.01E+10 -1.51E+10 -1.59E+00 -6.35E+04 -1.74E+05 -4.36E+05  8.81E+07  1.10E+08 -5.49E-03 -1.40E+05  1.14E+10 -4.17E-02 -2.38E-05 -9.37E+05  1.07E+05  5.24E-02  5.78E-03
  1.85E+06 -1.73E+06  3.64E+10 -1.31E+10 -3.14E+00 -8.29E+04 -1.88E+05 -3.49E+05  2.75E+07  3.26E+07 -7.03E-03 -1.18E+05  1.04E+10 -5.53E-02 -3.25E-05  4.37E+05  1.18E+06  3.46E-02  7.64E-03
  1.95E+06 -2.66E+06  3.07E+10 -1.11E+10 -6.87E+00 -1.17E+05 -1.79E+05 -2.23E+04 -9.45E+07  1.23E+07 -9.87E-03 -1.16E+05  9.45E+09 -8.08E-02 -4.58E-05  1.23E+06  1.67E+06  1.53E-02  9.62E-03
  2.05E+06 -4.09E+06  2.04E+10 -8.84E+09 -1.63E+01 -1.74E+05 -1.45E+05  3.56E+05 -2.89E+08  1.23E+07 -1.44E-02 -1.00E+05  8.43E+09 -1.24E-01 -6.52E-05  1.46E+06  1.66E+06 -1.93E-04  1.50E-03
  2.15E+06 -5.74E+06  5.48E+09 -6.45E+09 -3.82E+01 -2.48E+05 -9.39E+04  5.39E+05 -5.71E+08  1.86E+07 -1.94E-02 -4.06E+04  7.38E+09 -1.77E-01 -8.92E-05  1.38E+06  1.30E+06 -9.99E-04  7.32E-05
  2.25E+06 -7.53E+06 -9.63E+09 -3.92E+09 -8.72E+01 -3.41E+05 -4.77E+04  4.98E+05 -9.45E+08  2.38E+07 -2.39E-02  4.47E+04  6.30E+09 -2.36E-01 -1.15E-04  1.13E+06  8.42E+05 -1.21E-03  3.63E-06
  2.35E+06 -9.04E+06 -1.80E+10 -1.33E+09 -1.80E+02 -4.12E+05 -2.98E+04  3.33E+05 -1.41E+09  1.95E+07 -2.40E-02  1.40E+05  5.23E+09 -2.65E-01 -1.37E-04  8.84E+05  4.46E+05  3.37E-05  2.00E-07
  2.45E+06 -8.64E+06 -1.58E+10  1.16E+09 -2.87E+02 -3.83E+05 -4.63E+04  1.85E+05 -1.92E+09  2.77E+06 -1.40E-02  2.45E+05  4.25E+09 -2.01E-01 -1.75E-04  6.85E+05  1.93E+05  3.85E-03  1.33E-08
  2.55E+06 -7.26E+06 -9.15E+09  3.29E+09 -3.82E+02 -3.17E+05 -7.63E+04  1.02E+05 -2.41E+09 -1.66E+07 -3.64E-03  2.79E+05  3.42E+09 -1.18E-01 -3.30E-04  4.93E+05  7.44E+04  5.88E-03  1.15E-09
  2.65E+06 -6.63E+06 -4.44E+09  4.98E+09 -5.07E+02 -2.88E+05 -1.04E+05  4.66E+04 -2.85E+09 -3.13E+07  1.35E-03  2.59E+05  2.80E+09 -7.10E-02 -8.14E-04  3.26E+05  2.91E+04  5.18E-03  1.18E-10
  2.75E+06 -6.67E+06 -2.25E+09  6.27E+09 -7.06E+02 -2.94E+05 -1.29E+05  9.16E+03 -3.21E+09 -4.27E+07  2.38E-03  2.15E+05  2.34E+09 -6.50E-02 -2.02E-03  2.09E+05  1.24E+04  3.69E-03  1.35E-11
  2.85E+06 -6.97E+06 -1.30E+09  7.23E+09 -1.01E+03 -3.17E+05 -1.53E+05 -1.65E+04 -3.51E+09 -5.21E+07  1.87E-03  1.71E+05  2.00E+09 -8.02E-02 -4.68E-03  1.34E+05  5.82E+03  2.36E-03  1.76E-12
  2.95E+06 -7.03E+06 -7.95E+08  7.96E+09 -1.39E+03 -3.32E+05 -1.69E+05 -3.29E+04 -3.76E+09 -5.94E+07  1.19E-03  1.31E+05  1.76E+09 -9.75E-02 -1.00E-02  8.54E+04  2.91E+03  1.42E-03  2.56E-13
  3.05E+06 -7.53E+06 -5.64E+08  8.51E+09 -1.99E+03 -3.57E+05 -1.86E+05 -4.37E+04 -3.96E+09 -6.61E+07  2.24E-04  9.93E+04  1.59E+09 -1.27E-01 -2.00E-02  5.39E+04  1.56E+03  6.58E-04  4.21E-14
  3.15E+06 -8.24E+06 -4.41E+08  8.93E+09 -2.87E+03 -3.84E+05 -2.02E+05 -5.17E+04 -4.13E+09 -7.23E+07 -3.09E-04  7.84E+04  1.47E+09 -1.53E-01 -3.77E-02  3.28E+04  8.69E+02  1.73E-05  7.89E-15
  3.25E+06 -8.91E+06 -3.51E+08  9.26E+09 -4.05E+03 -4.00E+05 -2.12E+05 -5.64E+04 -4.28E+09 -7.79E+07 -4.53E-04  6.23E+04  1.37E+09 -1.72E-01 -6.70E-02  1.78E+04  4.81E+02 -5.32E-04  1.66E-15
  3.35E+06 -9.86E+06 -3.01E+08  9.51E+09 -5.79E+03 -4.21E+05 -2.23E+05 -6.20E+04 -4.40E+09 -8.45E+07 -2.18E-04  5.19E+04  1.31E+09 -1.82E-01 -1.14E-01  6.70E+03  2.50E+02 -1.12E-03  3.92E-16
  3.45E+06 -1.12E+07 -2.77E+08  9.71E+09 -8.43E+03 -4.48E+05 -2.37E+05 -6.96E+04 -4.50E+09 -9.44E+07  3.36E-04  4.51E+04  1.26E+09 -1.81E-01 -1.84E-01 -2.16E+03  1.01E+02 -1.79E-03  1.04E-16
  3.55E+06 -1.29E+07 -2.67E+08  9.86E+09 -1.24E+04 -4.75E+05 -2.52E+05 -7.78E+04 -4.58E+09 -1.11E+08  1.03E-03  3.96E+04  1.22E+09 -1.69E-01 -2.84E-01 -9.69E+03 -1.84E+00 -2.61E-03  3.04E-17
  3.65E+06 -1.56E+07 -2.79E+08  9.98E+09 -1.90E+04 -5.18E+05 -2.74E+05 -8.81E+04 -4.65E+09 -1.42E+08  1.42E-03  3.46E+04  1.20E+09 -1.61E-01 -4.21E-01 -1.66E+04 -7.44E+01 -3.68E-03  9.86E-18
  3.75E+06 -1.90E+07 -3.00E+08  1.01E+10 -2.90E+04 -5.49E+05 -2.91E+05 -9.62E+04 -4.70E+09 -1.96E+08  8.69E-05  2.74E+04  1.18E+09 -1.65E-01 -5.98E-01 -2.32E+04 -1.29E+02 -5.00E-03  3.49E-18
  3.85E+06 -2.29E+07 -3.49E+08  1.01E+10 -4.49E+04 -5.86E+05 -3.13E+05 -1.08E+05 -4.75E+09 -2.91E+08 -1.28E-02  8.23E+03  1.17E+09 -3.79E-01 -8.16E-01 -3.00E+04 -1.77E+02 -6.75E-03  1.32E-18
  3.95E+06 -2.66E+07 -4.41E+08  1.02E+10 -7.15E+04 -6.85E+05 -3.72E+05 -1.44E+05 -4.78E+09 -4.47E+08 -7.12E-02 -4.78E+04  1.16E+09 -1.59E+00 -1.08E+00 -3.71E+04 -2.45E+02 -9.49E-03  5.21E-19
  4.05E+06 -2.79E+07 -5.88E+08  1.02E+10 -1.15E+05 -8.80E+05 -4.89E+05 -2.21E+05 -4.79E+09 -6.78E+08 -2.41E-01 -1.68E+05  1.14E+09 -5.81E+00 -1.37E+00 -4.48E+04 -3.68E+02 -1.40E-02  2.13E-19
  4.15E+06 -2.75E+07 -7.91E+08  1.02E+10 -1.88E+05 -1.15E+06 -6.54E+05 -3.39E+05 -4.76E+09 -9.80E+08 -5.77E-01 -3.31E+05  1.11E+09 -1.59E+01 -1.72E+00 -5.31E+04 -5.40E+02 -2.13E-02  9.28E-20
  4.25E+06 -2.56E+07 -1.05E+09  7.31E+09 -3.15E+05 -1.56E+06 -9.01E+05 -5.19E+05 -4.68E+09 -1.33E+09 -1.06E+00 -4.58E+05  1.04E+09 -3.45E+01 -2.10E+00 -6.19E+04 -7.94E+02 -3.34E-02  4.16E-20
  4.35E+06 -2.50E+07 -1.36E+09  4.25E+09 -5.36E+05 -2.01E+06 -1.18E+06 -7.33E+05 -4.53E+09 -1.71E+09 -1.60E+00 -4.84E+05  9.37E+08 -6.19E+01 -2.53E+00 -7.11E+04 -1.08E+03 -5.14E-02  2.00E-20
  4.45E+06 -2.80E+07 -1.70E+09  2.81E+09 -9.00E+05 -2.35E+06 -1.40E+06 -8.91E+05 -4.31E+09 -2.12E+09 -2.01E+00 -4.08E+05  8.04E+08 -9.55E+01 -2.94E+00 -8.05E+04 -1.30E+03 -7.47E-02  1.15E-20
  4.55E+06 -3.51E+07 -2.06E+09  2.82E+09 -1.45E+06 -2.41E+06 -1.43E+06 -8.84E+05 -4.02E+09 -2.58E+09 -2.04E+00 -2.63E+05  6.54E+08 -1.25E+02 -3.24E+00 -9.04E+04 -1.32E+03 -9.93E-02  8.59E-21
  4.65E+06 -4.54E+07 -2.44E+09  2.78E+09 -2.40E+06 -2.46E+06 -1.44E+06 -7.80E+05 -3.68E+09 -3.10E+09 -1.91E+00 -1.28E+05  5.06E+08 -1.56E+02 -3.32E+00 -1.01E+05 -1.21E+03 -1.29E-01  6.08E-21
  4.75E+06 -5.72E+07 -2.80E+09  2.68E+09 -3.82E+06 -2.34E+06 -1.32E+06 -5.69E+05 -3.32E+09 -3.70E+09 -1.47E+00 -6.51E+03  3.74E+08 -1.72E+02 -3.08E+00 -1.12E+05 -9.82E+02 -1.59E-01  4.40E-21
  4.85E+06 -7.21E+07 -3.18E+09  2.53E+09 -6.01E+06 -2.15E+06 -1.14E+06 -3.09E+05 -2.94E+09 -4.41E+09 -9.49E-01  7.47E+04  2.65E+08 -1.74E+02 -2.51E+00 -1.24E+05 -6.77E+02 -1.90E-01  3.31E-21
  4.95E+06 -9.21E+07 -3.57E+09  2.33E+09 -9.45E+06 -1.91E+06 -9.16E+05 -5.82E+04 -2.58E+09 -5.25E+09 -5.00E-01  1.13E+05  1.82E+08 -1.64E+02 -1.70E+00 -1.37E+05 -3.40E+02 -2.22E-01  2.78E-21
  5.05E+06 -1.18E+08 -3.99E+09  2.10E+09 -1.45E+07 -1.56E+06 -6.42E+05  1.54E+05 -2.23E+09 -6.23E+09 -1.21E-01  1.24E+05  1.22E+08 -1.30E+02 -7.85E-01 -1.52E+05 -2.17E+01 -2.47E-01  2.71E-21
  5.15E+06 -1.53E+08 -4.43E+09  1.86E+09 -2.18E+07 -1.11E+06 -3.37E+05  3.06E+05 -1.90E+09 -7.31E+09  1.52E-01  1.16E+05  8.01E+07 -7.58E+01  5.03E-02 -1.69E+05  2.49E+02 -2.63E-01  2.86E-21
  5.25E+06 -2.04E+08 -4.87E+09  1.60E+09 -3.20E+07 -5.63E+05 -2.48E+04  3.91E+05 -1.58E+09 -8.44E+09  3.22E-01  1.00E+05  5.18E+07 -6.12E+00  6.61E-01 -1.89E+05  4.46E+02 -2.63E-01  2.96E-21
  5.35E+06 -2.83E+08 -5.26E+09  1.33E+09 -4.63E+07  3.89E+04  2.65E+05  4.13E+05 -1.27E+09 -9.54E+09  4.04E-01  8.16E+04  3.30E+07  6.24E+01  9.75E-01 -2.13E+05  5.63E+02 -2.40E-01  2.77E-21
  5.45E+06 -4.21E+08 -5.54E+09  1.07E+09 -6.67E+07  6.43E+05  5.06E+05  3.81E+05 -9.74E+08 -1.05E+10  4.18E-01  6.40E+04  2.09E+07  1.09E+02  1.02E+00 -2.45E+05  6.08E+02 -1.89E-01  2.24E-21
  5.55E+06 -6.54E+08 -5.63E+09  8.27E+08 -9.55E+07  1.07E+06  6.30E+05  3.01E+05 -6.97E+08 -1.11E+10  3.86E-01  5.09E+04  1.31E+07  1.18E+02  9.07E-01 -2.88E+05  5.50E+02 -1.27E-01  1.46E-21
  5.65E+06 -1.02E+09 -5.49E+09  6.12E+08 -1.58E+08  7.32E+05  4.43E+05  2.08E+05 -4.41E+08 -1.14E+10  3.04E-01  4.26E+04  8.17E+06  9.47E+01  7.35E-01 -3.49E+05  3.82E+02 -1.66E-01  7.56E-22
  5.75E+06 -4.96E+09 -3.41E+09  4.54E+08 -3.33E+08  3.15E+06  1.41E+06  1.96E+05 -1.91E+08 -1.14E+10  2.98E-01  2.95E+04  5.06E+06  1.00E+02  5.71E-01 -3.55E+05  7.03E+02  5.00E-01  5.00E-22
  5.85E+06 -2.27E+10  5.95E+09  3.07E+08 -3.83E+08  1.77E+06  8.36E+05  7.71E+04 -1.35E+07 -1.06E+10  2.02E-01  3.72E+04  3.11E+06  2.68E+01  4.37E-01  2.12E+04  1.53E+02  4.74E-01  6.18E-23
  5.95E+06 -5.55E+10  2.30E+10  1.91E+08 -2.91E+08  4.81E+05  2.22E+05  1.72E+04  6.01E+07 -9.55E+09  2.37E-01  3.17E+04  1.90E+06  4.52E+00  3.35E-01  4.27E+05  2.59E+01  1.35E-01  3.67E-24
  6.05E+06 -9.76E+10  4.46E+10  1.15E+08 -1.92E+08  1.74E+05  6.47E+04  3.43E+03  8.79E+07 -8.46E+09  2.51E-01  1.83E+04  1.15E+06  1.02E+00  2.56E-01  3.12E+05  1.01E+01  2.82E-02  2.00E-25
  6.15E+06 -1.38E+11  6.54E+10  6.79E+07 -1.17E+08  8.26E+04  2.10E+04  6.67E+02  9.86E+07 -7.47E+09  1.84E-01  8.72E+03  6.91E+05  2.91E-01  1.96E-01  1.49E+05  3.97E+00  5.71E-03  1.06E-26
  6.25E+06 -1.66E+11  7.94E+10  4.01E+07 -6.90E+07  4.25E+04  7.27E+03  1.30E+02  1.03E+08 -6.61E+09  1.12E-01  3.15E+03  4.20E+05  1.01E-01  1.50E-01  7.17E+04  1.58E+00  1.29E-03  5.26E-28
  6.35E+06 -1.79E+11  8.64E+10  2.40E+07 -3.93E+07  1.99E+04  2.69E+03  2.57E+01  1.04E+08 -5.86E+09  7.01E-02  7.94E+02  2.59E+05  4.35E-02  1.15E-01  3.46E+04  6.10E-01  3.42E-04  2.33E-29
  6.45E+06 -1.86E+11  9.03E+10  1.43E+07 -2.07E+07  1.28E+04  1.24E+03  5.20E+00  1.05E+08 -5.19E+09  3.75E-02  3.64E+02  1.60E+05  1.97E-02  8.77E-02  2.19E+04  3.24E-01  1.21E-04  1.05E-30
  6.55E+06 -1.86E+11  9.09E+10  8.53E+06 -9.05E+06  8.26E+03  6.09E+02  1.07E+00  1.05E+08 -4.58E+09  2.08E-02  1.83E+02  9.94E+04  9.75E-03  6.67E-02  1.40E+04  1.73E-01  4.60E-05  5.24E-32
  6.65E+06 -1.81E+11  8.83E+10  5.08E+06 -1.70E+06  5.29E+03  3.12E+02  2.28E-01  1.05E+08 -4.04E+09  1.18E-02  9.74E+01  6.19E+04  5.15E-03  5.07E-02  9.00E+03  9.21E-02  1.82E-05  3.56E-33
  6.75E+06 -1.70E+11  8.32E+10  3.03E+06  3.02E+06  3.35E+03  1.65E+02  5.01E-02  1.05E+08 -3.55E+09  6.91E-03  5.42E+01  3.87E+04  2.85E-03  3.85E-02  5.70E+03  4.85E-02  7.43E-06  4.36E-34
  6.85E+06 -1.55E+11  7.60E+10  1.81E+06  6.11E+06  2.08E+03  8.95E+01  1.14E-02  1.04E+08 -3.11E+09  4.13E-03  3.12E+01  2.44E+04  1.64E-03  2.92E-02  3.57E+03  2.52E-02  3.09E-06  8.86E-35
  6.95E+06 -1.38E+11  6.74E+10  1.08E+06  8.19E+06  1.27E+03  4.94E+01  2.69E-03  1.04E+08 -2.70E+09  2.53E-03  1.85E+01  1.54E+04  9.72E-04  2.21E-02  2.20E+03  1.30E-02  1.31E-06  2.31E-35
  7.05E+06 -1.19E+11  5.81E+10  6.50E+05  9.62E+06  7.63E+02  2.76E+01  6.62E-04  1.04E+08 -2.33E+09  1.58E-03  1.13E+01  9.79E+03  5.94E-04  1.68E-02  1.34E+03  6.59E-03  5.64E-07  6.83E-36
  7.15E+06 -9.96E+10  4.88E+10  3.92E+05  1.06E+07  4.51E+02  1.57E+01  1.71E-04  1.04E+08 -1.99E+09  1.00E-03  7.04E+00  6.27E+03  3.72E-04  1.28E-02  8.05E+02  3.33E-03  2.47E-07  2.19E-36
  7.25E+06 -8.17E+10  4.00E+10  2.38E+05  1.14E+07  2.62E+02  8.98E+00  4.62E-05  1.03E+08 -1.69E+09  6.52E-04  4.50E+00  4.03E+03  2.39E-04  9.76E-03  4.81E+02  1.68E-03  1.10E-07  7.48E-37
  7.35E+06 -6.57E+10  3.21E+10  1.45E+05  1.19E+07  1.50E+02  5.21E+00  1.31E-05  1.03E+08 -1.42E+09  4.31E-04  2.94E+00  2.62E+03  1.57E-04  7.46E-03  2.86E+02  8.45E-04  5.00E-08  2.70E-37
  7.45E+06 -5.19E+10  2.54E+10  8.89E+04  1.23E+07  8.56E+01  3.05E+00  3.90E-06  1.03E+08 -1.19E+09  2.90E-04  1.96E+00  1.71E+03  1.06E-04  5.72E-03  1.70E+02  4.29E-04  2.33E-08  1.02E-37
  7.55E+06 -4.06E+10  1.98E+10  5.50E+04  1.26E+07  4.84E+01  1.81E+00  1.21E-06  1.03E+08 -9.85E+08  1.99E-04  1.33E+00  1.13E+03  7.28E-05  4.40E-03  1.02E+02  2.21E-04  1.12E-08  4.03E-38
  7.65E+06 -3.14E+10  1.53E+10  3.43E+04  1.28E+07  2.72E+01  1.08E+00  3.94E-07  1.03E+08 -8.11E+08  1.38E-04  9.20E-01  7.47E+02  5.10E-05  3.40E-03  6.20E+01  1.16E-04  5.50E-09  1.65E-38
  7.75E+06 -2.41E+10  1.17E+10  2.16E+04  1.30E+07  1.53E+01  6.52E-01  1.33E-07  1.03E+08 -6.65E+08  9.68E-05  6.46E-01  5.00E+02  3.64E-05  2.63E-03  3.83E+01  6.20E-05  2.81E-09  6.92E-39
  7.85E+06 -1.85E+10  8.97E+09  1.37E+04  1.31E+07  8.59E+00  3.97E-01  4.63E-08  1.03E+08 -5.42E+08  6.87E-05  4.60E-01  3.38E+02  2.63E-05  2.04E-03  2.41E+01  3.41E-05  1.48E-09  2.99E-39
  7.95E+06 -1.41E+10  6.83E+09  8.81E+03  1.32E+07  4.84E+00  2.44E-01  1.66E-08  1.03E+08 -4.40E+08  4.90E-05  3.32E-01  2.30E+02  1.93E-05  1.59E-03  1.56E+01  1.92E-05  8.05E-10  1.32E-39
  8.05E+06 -1.07E+10  5.19E+09  5.71E+03  1.32E+07  2.71E+00  1.50E-01  6.12E-09  1.03E+08 -3.55E+08  3.56E-05  2.45E-01  1.59E+02  1.47E-05  1.24E-03  1.03E+01  1.10E-05  4.48E-10  5.93E-40
  8.15E+06 -8.18E+09  3.95E+09  3.74E+03  1.33E+07  1.52E+00  9.27E-02  2.29E-09  1.03E+08 -2.85E+08  2.61E-05  1.84E-01  1.10E+02  1.14E-05  9.72E-04  6.92E+00  6.41E-06  2.56E-10  2.69E-40
  8.25E+06 -6.23E+09  3.00E+09  2.47E+03  1.33E+07  8.63E-01  5.77E-02  8.73E-10  1.03E+08 -2.28E+08  1.92E-05  1.39E-01  7.73E+01  8.94E-06  7.63E-04  4.78E+00  3.83E-06  1.50E-10  1.24E-40
  8.35E+06 -4.75E+09  2.28E+09  1.66E+03  1.33E+07  4.93E-01  3.62E-02  3.39E-10  1.03E+08 -1.82E+08  1.41E-05  1.05E-01  5.49E+01  7.09E-06  6.00E-04  3.38E+00  2.33E-06  9.01E-11  5.77E-41
  8.45E+06 -3.62E+09  1.74E+09  1.13E+03  1.34E+07  2.85E-01  2.29E-02  1.34E-10  1.03E+08 -1.44E+08  1.03E-05  8.04E-02  3.94E+01  5.68E-06  4.73E-04  2.44E+00  1.44E-06  5.51E-11  2.73E-41
  8.55E+06 -2.77E+09  1.33E+09  7.74E+02  1.34E+07  1.67E-01  1.46E-02  5.42E-11  1.03E+08 -1.14E+08  7.44E-06  6.13E-02  2.87E+01  4.58E-06  3.74E-04  1.79E+00  9.07E-07  3.44E-11  1.31E-41
  8.65E+06 -2.13E+09  1.02E+09  5.41E+02  1.34E+07  9.92E-02  9.39E-03  2.24E-11  1.03E+08 -8.94E+07  5.20E-06  4.65E-02  2.11E+01  3.70E-06  2.96E-04  1.34E+00  5.78E-07  2.18E-11  6.40E-42
  8.75E+06 -1.63E+09  7.81E+08  3.83E+02  1.34E+07  5.99E-02  6.10E-03  9.44E-12  1.03E+08 -6.98E+07  3.42E-06  3.49E-02  1.57E+01  2.99E-06  2.34E-04  1.01E+00  3.74E-07  1.40E-11  3.17E-42
  8.85E+06 -1.25E+09  6.00E+08  2.76E+02  1.34E+07  3.68E-02  4.00E-03  4.08E-12  1.03E+08 -5.42E+07  1.94E-06  2.55E-02  1.19E+01  2.37E-06  1.85E-04  7.64E-01  2.45E-07  9.12E-12  1.60E-42
  8.95E+06 -9.64E+08  4.61E+08  2.01E+02  1.34E+07  2.31E-02  2.65E-03  1.81E-12  1.03E+08 -4.17E+07  6.63E-07  1.78E-02  9.04E+00  1.83E-06  1.46E-04  5.85E-01  1.62E-07  6.02E-12  8.16E-43
  9.05E+06 -7.40E+08  3.54E+08  1.48E+02  1.34E+07  1.48E-02  1.77E-03  8.25E-13  1.03E+08 -3.19E+07 -5.11E-07  1.12E-02  6.95E+00  1.32E-06  1.15E-04  4.49E-01  1.09E-07  4.02E-12  4.25E-43
  9.15E+06 -5.66E+08  2.71E+08  1.10E+02  1.34E+07  9.60E-03  1.20E-03  3.87E-13  1.03E+08 -2.42E+07 -1.66E-06  5.41E-03  5.37E+00  8.23E-07  8.98E-05  3.45E-01  7.37E-08  2.72E-12  2.25E-43
  9.25E+06 -4.30E+08  2.06E+08  8.27E+01  1.34E+07  6.30E-03  8.19E-04  1.87E-13  1.03E+08 -1.81E+07 -2.84E-06  1.02E-04  4.16E+00  3.04E-07  6.96E-05  2.65E-01  5.06E-08  1.87E-12  1.22E-43
  9.35E+06 -3.24E+08  1.55E+08  6.20E+01  1.34E+07  4.09E-03  5.65E-04  9.31E-14  1.03E+08 -1.33E+07 -4.12E-06 -4.88E-03  3.21E+00 -2.62E-07  5.33E-05  2.02E-01  3.51E-08  1.29E-12  6.73E-44
  9.45E+06 -2.39E+08  1.15E+08  4.62E+01  1.34E+07  2.54E-03  3.95E-04  4.78E-14  1.03E+08 -9.61E+06 -5.56E-06 -9.56E-03  2.45E+00 -8.99E-07  4.01E-05  1.53E-01  2.46E-08  9.07E-13  3.80E-44
  9.55E+06 -1.72E+08  8.28E+07  3.38E+01  1.34E+07  1.37E-03  2.78E-04  2.52E-14  1.03E+08 -6.73E+06 -7.18E-06 -1.38E-02  1.83E+00 -1.64E-06  2.92E-05  1.13E-01  1.75E-08  6.43E-13  2.20E-44
  9.65E+06 -1.19E+08  5.71E+07  2.38E+01  1.34E+07  4.15E-04  1.98E-04  1.34E-14  1.03E+08 -4.50E+06 -9.00E-06 -1.70E-02  1.31E+00 -2.51E-06  2.04E-05  8.05E-02  1.26E-08  4.61E-13  1.29E-44
  9.75E+06 -7.55E+07  3.64E+07  1.56E+01  1.34E+07 -4.29E-04  1.43E-04  7.09E-15  1.03E+08 -2.77E+06 -1.10E-05 -1.83E-02  8.69E-01 -3.55E-06  1.31E-05  5.40E-02  9.12E-09  3.34E-13  7.51E-45
  9.85E+06 -4.06E+07  1.96E+07  8.69E+00  1.34E+07 -1.23E-03  1.04E-04  3.38E-15  1.03E+08 -1.44E+06 -1.29E-05 -1.60E-02  4.89E-01 -4.79E-06  7.11E-06  3.19E-02  6.70E-09  2.44E-13  4.01E-45
  9.95E+06 -1.22E+07  5.88E+06  2.71E+00  1.34E+07 -2.03E-03  7.59E-05  9.57E-16  1.03E+08 -4.20E+05 -1.45E-05 -7.56E-03  1.54E-01 -6.29E-06  2.15E-06  1.19E-02  4.91E-09  1.79E-13  1.30E-45
  1.00E+07 -7.60E-05  5.70E-07 -6.44E-14  1.34E+07 -8.47E-10  3.66E-12  2.58E-28  1.03E+08 -2.08E-05  7.88E-12  4.51E-12 -2.25E-15  4.62E-12  8.89E-21 -2.27E-11 -2.61E-17  3.40E-21 -7.70E-56

     Z        HS        S         SO        SO2       H2SO4     HSO       S2        S4        S8        SO3       OCS       S3        O3        HNO3      N         NO3       N2O       HO2NO2  
  0.00E+00  1.50E-03  4.94E-10  5.82E-04 -1.43E+09 -8.97E+07 -2.24E+07  5.65E-22  1.51E-40 -5.85E-82  4.66E-04  1.18E-15  6.51E-38 -8.19E+09 -2.14E+07 -4.95E-63 -4.92E-05  2.91E+10 -7.38E+04
  5.00E+04  1.46E+03  4.01E-10 -2.90E+02 -1.50E+09 -9.54E+07  2.20E+06  6.93E-13  1.15E-34 -2.11E-74 -6.69E-02  3.98E-05  8.66E-33 -1.84E+10 -2.60E+07 -4.97E-50 -6.25E+01  2.90E+10 -3.18E+05
  1.50E+05  7.60E+02 -3.41E-09 -2.99E+02 -9.29E+08 -1.01E+08  8.24E+06  2.13E-13  2.08E-35 -7.71E-74 -1.35E-01  6.54E-05 -1.73E-33 -3.75E+10 -3.93E+07 -3.79E-41 -2.59E+02  2.89E+10 -7.86E+05
  2.50E+05  3.38E+02 -1.28E-08 -7.36E+02 -5.96E+08 -9.70E+07  4.36E+06 -1.32E-14  2.70E-36 -1.42E-73 -2.79E-01  6.53E-05 -1.08E-32 -5.62E+10 -4.60E+07 -1.47E-32 -4.48E+02  2.86E+10 -2.20E+06
  3.50E+05  1.28E+02 -4.30E-08 -1.58E+03 -4.19E+08 -8.22E+07  1.65E+06 -3.61E-14  1.21E-36 -2.14E-73 -6.53E-01  5.85E-05 -3.17E-32 -7.45E+10 -4.22E+07 -2.77E-24 -6.35E+02  2.83E+10 -6.06E+06
  4.50E+05  4.30E+01 -1.35E-07 -3.15E+03 -3.34E+08 -6.18E+07  3.87E+05 -9.28E-15  1.81E-36 -2.93E-73 -1.48E+00  4.96E-05 -7.82E-32 -9.15E+10 -3.00E+07 -2.45E-16 -7.67E+02  2.77E+10 -1.77E+07
  5.50E+05  1.32E+01 -4.00E-07 -6.12E+03 -3.10E+08 -3.68E+07 -2.00E+05 -2.00E-14  1.02E-36 -3.80E-73 -3.45E+00  4.00E-05 -1.90E-31 -1.06E+11 -1.16E+07 -2.33E-09 -7.33E+02  2.69E+10 -4.15E+07
  6.50E+05  3.34E+00 -1.14E-06 -1.20E+04 -3.10E+08 -1.28E+07 -5.60E+05 -2.04E-13 -4.05E-36 -4.74E-73 -8.52E+00  3.04E-05 -6.95E-31 -1.17E+11  2.13E+06 -2.25E-05 -6.67E+02  2.58E+10 -6.03E+07
  7.50E+05  4.73E-02 -3.14E-06 -2.33E+04 -2.96E+08  2.32E+06 -8.26E+05 -9.70E-13 -3.93E-35 -5.76E-73 -2.33E+01  2.19E-05 -4.57E-30 -1.24E+11  3.42E+06 -4.35E-03 -8.14E+02  2.45E+10 -5.31E+07
  8.50E+05 -1.28E+00 -8.33E-06 -4.47E+04 -2.53E+08  6.75E+06 -9.67E+05 -3.58E-12 -3.86E-34 -6.84E-73 -7.15E+01  1.57E-05 -3.60E-29 -1.25E+11 -2.24E+06 -1.43E-01 -9.81E+02  2.29E+10 -3.20E+07
  9.50E+05 -1.89E+00 -2.04E-05 -8.02E+04 -1.84E+08  3.34E+06 -8.82E+05 -1.02E-11 -3.02E-33 -7.09E-73 -2.42E+02  1.29E-05 -2.38E-28 -1.20E+11 -8.39E+06 -1.60E+00 -1.03E+03  2.10E+10 -1.15E+07
  1.05E+06 -6.88E-01 -2.92E-05 -7.46E+04 -1.07E+08 -3.25E+06 -1.13E+05 -1.16E-11 -6.76E-33  3.51E-72 -4.01E+02  1.45E-05 -5.99E-28 -1.08E+11 -1.41E+07 -5.63E+00 -1.04E+03  1.88E+10 -3.25E+06
  1.15E+06  6.40E-01 -1.32E-05 -1.75E+04 -3.87E+07 -3.94E+06  3.14E+05  1.84E-12  1.86E-33  2.58E-71 -3.87E+02  2.00E-05 -7.02E-31 -9.23E+10 -1.83E+07 -5.36E+00 -1.25E+03  1.65E+10 -5.12E+06
  1.25E+06  1.74E-01 -8.95E-06 -4.94E+03  8.78E+06 -3.16E+06  1.01E+05  1.20E-12  4.32E-34  2.99E-71 -1.25E+02  2.50E-05  5.12E-29 -7.40E+10 -1.90E+07 -6.61E+00 -1.81E+03  1.41E+10 -4.02E+06
  1.35E+06  3.86E-02 -3.08E-06  1.56E+03  2.17E+07 -8.84E+05  2.52E+04  3.42E-13  3.29E-35  2.98E-71 -4.89E+01  2.53E-05  2.10E-29 -5.46E+10 -1.75E+07 -5.96E+00 -2.49E+03  1.17E+10 -2.98E+06
  1.45E+06  6.36E-03 -3.50E-06  5.22E+02  1.55E+07  2.41E+05  5.58E+03  4.78E-14  1.33E-36  2.97E-71 -2.58E+01  1.97E-05  2.66E-30 -3.68E+10 -1.23E+07 -8.47E+00 -2.95E+03  9.40E+09 -1.23E+06
  1.55E+06  1.17E-03 -4.36E-06  2.24E+00  9.89E+06  4.60E+05  1.60E+03  7.78E-15  1.31E-37  2.95E-71 -1.25E+01  1.26E-05  2.90E-31 -2.34E+10 -6.26E+06 -1.24E+01 -2.71E+03  7.27E+09 -1.02E+05
  1.65E+06  4.51E-05 -5.39E-06 -2.46E+01  7.08E+06  5.63E+05  6.50E+02  5.30E-16  2.57E-38  2.93E-71 -3.02E+00  6.87E-06 -1.34E-31 -1.58E+10 -1.18E+06 -1.92E+01 -2.00E+03  5.40E+09  5.84E+05
  1.75E+06  1.27E-05 -5.76E-06  3.15E+02  5.64E+06  7.11E+05  4.48E+02  1.59E-15  2.01E-38  2.91E-71  5.73E+00  3.35E-06  5.86E-32 -1.27E+10  2.13E+06 -3.09E+01 -1.20E+03  3.85E+09  8.93E+05
  1.85E+06  6.78E-04 -2.00E-06  1.03E+03  4.68E+06  8.92E+05  4.33E+02  6.69E-15  2.11E-38  2.89E-71  1.88E+01  1.60E-06  6.31E-31 -1.12E+10  3.56E+06 -4.77E+01 -3.94E+02  2.63E+09  9.03E+05
  1.95E+06  1.72E-03  1.14E-05  1.92E+03  3.72E+06  9.78E+05  3.94E+02  6.90E-15  3.86E-39  2.87E-71  4.01E+01  7.92E-07  4.09E-31 -8.54E+09  3.68E+06 -7.25E+01  4.16E+02  1.72E+09  7.35E+05
  2.05E+06  3.45E-04  3.82E-06  3.41E+02  4.12E+05  1.75E+05  4.61E+01  1.37E-16  7.81E-43  2.85E-71  7.99E+00  2.40E-07  1.04E-33 -2.83E+09  3.09E+06 -1.05E+02  1.10E+03  1.09E+09  4.71E+05
  2.15E+06  2.30E-05  3.47E-07  1.99E+01  1.59E+04  9.71E+03  1.87E+00  5.38E-19  9.17E-48  2.82E-71  5.08E-01  3.81E-08  2.77E-37  5.73E+09  2.17E+06 -1.29E+02  1.38E+03  6.66E+08  2.28E+05
  2.25E+06  1.63E-06  3.00E-08  1.14E+00  5.72E+02  4.68E+02  7.35E-02  2.22E-21  1.17E-52  2.79E-71  2.96E-02  3.87E-09  7.33E-41  1.43E+10  1.30E+06 -1.26E+02  1.18E+03  3.95E+08  8.75E+04
  2.35E+06  1.29E-07  2.51E-09  6.54E-02  1.97E+01  2.14E+01  2.95E-03  1.05E-23  2.00E-57  2.76E-71  1.54E-03  2.59E-10  2.18E-44  1.84E+10  6.56E+05 -8.61E+01  7.38E+02  2.30E+08  2.70E+04
  2.45E+06  1.19E-08  2.05E-10  3.88E-03  6.93E-01  9.70E-01  1.29E-04  6.12E-26  5.23E-62  2.72E-71  7.25E-05  1.22E-11  7.90E-48  1.55E+10  2.73E+05 -3.35E+01  3.55E+02  1.32E+08  7.14E+03
  2.55E+06  1.30E-09  1.71E-11  2.49E-04  2.76E-02  5.79E-02  6.81E-06  4.73E-28  2.42E-66  2.68E-71  3.23E-06  4.56E-13  3.97E-51  9.80E+09  9.66E+04  4.16E+00  1.37E+02  7.56E+07  1.89E+03
  2.65E+06  1.57E-10  1.53E-12  1.77E-05  1.34E-03  1.02E-02  4.36E-07  4.63E-30  1.82E-70  2.64E-71  1.55E-07  1.52E-14  2.75E-54  5.68E+09  3.35E+04  2.26E+01  5.03E+01  4.35E+07  5.62E+02
  2.75E+06  2.02E-11  1.53E-13  1.44E-06  8.12E-05  3.22E-03  3.35E-08  5.62E-32  2.13E-74  2.59E-71  8.70E-09  5.02E-16  2.69E-57  3.49E+09  1.26E+04  2.69E+01  1.96E+01  2.52E+07  1.96E+02
  2.85E+06  2.85E-12  1.77E-14  1.38E-07  6.19E-06  9.99E-04  3.11E-09  8.95E-34  2.54E-78  2.53E-71  6.09E-10  1.82E-17  4.03E-60  2.31E+09  5.28E+03  2.29E+01  8.44E+00  1.48E+07  7.87E+01
  2.95E+06  4.41E-13  2.34E-15  1.53E-08  5.73E-07  3.30E-04  3.38E-10  1.86E-35 -1.90E-78  2.48E-71  5.31E-11  7.78E-19  9.27E-63  1.57E+09  2.38E+03  1.70E+01  3.86E+00  8.75E+06  3.46E+01
  3.05E+06  7.65E-14  3.61E-16  1.97E-09  6.42E-08  1.09E-04  4.34E-11  5.03E-37 -2.09E-78  2.42E-71  5.80E-12  4.66E-20  3.23E-65  1.12E+09  1.18E+03  8.15E+00  1.91E+00  5.24E+06  1.69E+01
  3.15E+06  1.50E-14  6.55E-17  3.02E-10  8.78E-09  4.63E-05  6.62E-12  1.84E-38 -2.32E-78  2.36E-71  8.09E-13  4.33E-21  1.81E-67  8.11E+08  6.23E+02 -2.17E+00  1.00E+00  3.18E+06  8.88E+00
  3.25E+06  3.30E-15  1.38E-17  5.39E-11  1.42E-09  2.10E-05  1.18E-12  8.92E-40 -2.51E-78  2.30E-71  1.38E-13  5.74E-22  1.59E-69  5.80E+08  3.41E+02 -1.24E+01  5.41E-01  1.95E+06  4.84E+00
  3.35E+06  8.09E-16  3.36E-18  1.12E-11  2.71E-10  1.41E-05  2.42E-13  5.58E-41 -2.75E-78  2.24E-71  2.85E-14  9.80E-23  2.09E-71  4.16E+08  1.93E+02 -2.39E+01  3.00E-01  1.21E+06  2.73E+00
  3.45E+06  2.22E-16  9.45E-19  2.68E-12  6.06E-11  1.41E-05  5.76E-14  4.48E-42 -3.03E-78  2.18E-71  6.96E-15  2.03E-23  4.08E-73  3.00E+08  1.12E+02 -3.72E+01  1.70E-01  7.60E+05  1.58E+00
  3.55E+06  6.74E-17  3.03E-19  7.36E-13  1.56E-11  1.39E-05  1.56E-14  4.53E-43 -3.33E-78  2.12E-71  1.96E-15  4.91E-24  1.15E-74  2.15E+08  6.65E+01 -5.27E+01  9.63E-02  4.86E+05  9.31E-01
  3.65E+06  2.26E-17  1.10E-19  2.31E-13  4.64E-12  1.05E-05  4.81E-15  5.69E-44 -3.77E-78  2.06E-71  6.20E-16  1.37E-24  4.55E-76  1.58E+08  4.19E+01 -7.23E+01  5.51E-02  3.15E+05  5.79E-01
  3.75E+06  8.27E-18  4.42E-20  8.09E-14  1.55E-12  6.95E-06  1.65E-15  8.67E-45 -4.21E-78  2.00E-71  2.19E-16  4.27E-25  2.47E-77  1.14E+08  2.72E+01 -9.62E+01  2.91E-02  2.08E+05  3.66E-01
  3.85E+06  3.23E-18  1.96E-20  3.14E-14  5.79E-13  3.42E-06  6.17E-16  1.55E-45 -4.69E-78  1.93E-71  8.33E-17  1.45E-25  1.74E-78  8.43E+07  1.79E+01 -1.25E+02  1.28E-02  1.39E+05  2.29E-01
  3.95E+06  1.32E-18  9.60E-21  1.36E-14  2.39E-13  1.47E-06  2.50E-16  3.20E-46 -5.32E-78  1.87E-71  3.42E-17  4.92E-26  1.58E-79  7.02E+07  8.62E+00 -1.55E+02  1.71E-03  9.42E+04  9.25E-02
  4.05E+06  5.65E-19  5.23E-21  6.45E-15  1.07E-13  5.68E-07  1.08E-16  7.63E-47 -5.95E-78  1.81E-71  1.46E-17  1.14E-26  1.78E-80  6.54E+07 -3.95E+00 -1.77E+02 -9.05E-03  6.48E+04 -1.02E-01
  4.15E+06  2.58E-19  3.04E-21  3.25E-15  5.18E-14  2.06E-07  5.04E-17  2.10E-47 -6.62E-78  1.74E-71  6.33E-18 -3.19E-27  2.44E-81  6.11E+07 -1.69E+01 -1.91E+02 -1.83E-02  4.52E+04 -3.06E-01
  4.25E+06  1.22E-19  1.84E-21  1.70E-15  2.65E-14  8.17E-08  2.49E-17  6.55E-48 -7.47E-78  1.68E-71  3.37E-18 -5.94E-27  3.96E-82  5.73E+07 -3.11E+01 -1.95E+02 -2.55E-02  3.19E+04 -5.38E-01
  4.35E+06  6.20E-20  1.09E-21  8.93E-16  1.42E-14  3.17E-08  1.32E-17  2.34E-48 -8.48E-78  1.62E-71  2.11E-18 -3.98E-27  7.57E-83  4.90E+07 -4.13E+01 -2.05E+02 -2.82E-02  2.28E+04 -7.12E-01
  4.45E+06  3.52E-20  5.99E-22  4.57E-16  7.76E-15  8.72E-09  7.55E-18  9.48E-49 -9.55E-78  1.56E-71  1.15E-18 -1.73E-27  1.70E-83  3.74E+07 -3.95E+01 -2.38E+02 -2.42E-02  1.64E+04 -6.99E-01
  4.55E+06  2.27E-20  2.77E-22  2.26E-16  4.29E-15 -4.52E-15  4.56E-18  4.21E-49 -1.05E-77  1.49E-71  1.34E-19 -6.01E-28  4.37E-84  2.60E+07 -2.25E+01 -3.08E+02 -1.38E-02  1.19E+04 -4.26E-01
  4.65E+06  1.34E-20  6.72E-23  1.12E-16  2.38E-15 -2.49E-15  2.76E-18  1.90E-49 -1.19E-77  1.43E-71 -7.27E-19 -9.06E-28  1.30E-84  1.89E+07 -1.43E+00 -4.01E+02 -8.18E-04  8.61E+03 -7.37E-02
  4.75E+06  7.63E-21 -7.85E-23  5.12E-17  1.31E-15 -1.36E-15  1.72E-18  8.82E-50 -1.30E-77  1.37E-71 -1.62E-18 -1.56E-27  4.49E-85  1.33E+07  1.59E+01 -5.23E+02  8.74E-03  6.26E+03  2.27E-01
  4.85E+06  3.96E-21 -2.05E-22  1.73E-17  7.05E-16 -7.21E-16  1.11E-18  3.92E-50 -1.42E-77  1.31E-71 -2.94E-18 -2.32E-27  1.72E-85  9.43E+06  2.62E+01 -6.84E+02  1.55E-02  4.54E+03  4.23E-01
  4.95E+06  1.96E-21 -3.35E-22 -3.06E-18  3.68E-16 -3.61E-16  7.79E-19  1.56E-50 -1.55E-77  1.25E-71 -4.46E-18 -3.06E-27  7.27E-86  6.72E+06  2.92E+01 -9.02E+02  1.91E-02  3.30E+03  4.97E-01
  5.05E+06  1.52E-21 -4.80E-22 -1.64E-17  1.85E-16 -1.65E-16  6.10E-19  6.28E-51 -1.66E-77  1.19E-71 -5.05E-18 -3.56E-27  3.39E-86  4.63E+06  2.66E+01 -1.21E+03  1.94E-02  2.39E+03  4.64E-01
  5.15E+06  2.27E-21 -6.55E-22 -2.63E-17  9.56E-17 -6.65E-17  5.23E-19  5.69E-51 -1.77E-77  1.13E-71 -3.30E-18 -3.84E-27  1.96E-86  3.04E+06  2.13E+01 -1.64E+03  1.79E-02  1.73E+03  3.77E-01
  5.25E+06  3.74E-21 -8.81E-22 -3.51E-17  5.90E-17 -2.41E-17  4.69E-19  1.06E-50 -1.86E-77  1.07E-71 -1.96E-19 -4.03E-27  1.64E-86  1.76E+06  1.54E+01 -2.32E+03  1.52E-02  1.25E+03  2.75E-01
  5.35E+06  5.24E-21 -1.20E-21 -4.51E-17  5.09E-17 -8.19E-18  4.17E-19  1.74E-50 -1.95E-77  1.01E-71  1.98E-18 -4.34E-27  1.73E-86  6.91E+05  1.02E+01 -3.42E+03  1.24E-02  8.99E+02  1.83E-01
  5.45E+06  6.11E-21 -1.69E-21 -5.94E-17  5.91E-17 -2.70E-18  3.57E-19  2.20E-50 -2.04E-77  9.52E-72  2.62E-18 -4.94E-27  1.84E-86 -2.52E+05  6.27E+00 -5.36E+03  1.01E-02  6.38E+02  1.12E-01
  5.55E+06  5.63E-21 -2.44E-21 -7.78E-17  7.61E-17 -8.79E-19  2.80E-19  2.10E-50 -2.14E-77  8.95E-72  2.29E-18 -5.92E-27  1.72E-86 -1.04E+06  3.39E+00 -8.87E+03  8.07E-03  4.42E+02  6.06E-02
  5.65E+06  3.73E-21 -3.09E-21 -8.07E-17  7.91E-17 -2.81E-19  1.97E-19  1.53E-50 -2.24E-77  8.39E-72  1.66E-18 -8.08E-27  1.44E-86 -1.43E+06  1.61E+00 -1.77E+04  5.15E-03  2.92E+02  2.79E-02
  5.75E+06  5.88E-21 -9.06E-21 -2.71E-16  2.70E-16 -8.51E-20  2.52E-19  1.94E-50 -2.34E-77  7.83E-72  1.20E-18 -1.43E-26  1.93E-86 -1.36E+07  9.38E-01 -1.49E+05  1.07E-02  1.78E+02  1.86E-02
  5.85E+06  7.30E-22 -1.58E-20 -3.81E-16  3.81E-16 -2.65E-20  6.96E-20  1.35E-51 -2.46E-77  7.28E-72  4.34E-19 -1.22E-26  2.29E-87 -4.44E+07  1.97E-01 -1.31E+06  6.49E-03  9.43E+01  2.59E-03
  5.95E+06  3.05E-23 -1.12E-20 -1.32E-16  1.32E-16 -8.10E-21  7.71E-21  2.55E-53 -2.61E-77  6.73E-72 -8.64E-20  8.96E-28  5.57E-89 -6.48E+07  2.73E-02 -5.88E+06  2.34E-03  4.32E+01  1.94E-04
  6.05E+06  1.69E-24 -8.11E-21 -3.20E-19  6.25E-19 -1.70E-21  9.37E-22  6.72E-55 -2.74E-77  6.20E-72 -2.96E-19  8.27E-27  1.37E-90 -5.70E+07  3.82E-03 -1.60E+07  1.24E-03  3.35E+01  1.73E-05
  6.15E+06  1.40E-25 -9.18E-21  1.59E-17 -1.56E-17 -1.69E-22  1.45E-22  3.10E-56 -2.83E-77  5.68E-72 -3.06E-19  8.13E-27  5.31E-92 -2.01E+07  5.53E-04 -3.02E+07  4.79E-04  4.45E+01  1.77E-06
  6.25E+06  1.66E-26 -1.14E-20  6.65E-18 -6.43E-18 -1.23E-23  2.85E-23  2.52E-57 -2.74E-77  5.18E-72 -2.14E-19  5.78E-27  3.65E-93  7.75E+06  8.16E-05 -4.47E+07  1.56E-04  5.21E+01  1.87E-07
  6.35E+06  2.84E-27 -9.07E-21  6.29E-18 -6.18E-18 -2.24E-24  7.11E-24  3.77E-58 -2.33E-77  4.71E-72 -9.71E-20  3.49E-27  4.90E-94 -9.17E+06  1.24E-05 -5.76E+07  4.57E-05  5.17E+01  2.13E-08
  6.45E+06  7.10E-28 -1.14E-20 -4.19E-18  4.19E-18 -8.08E-25  2.43E-24  7.56E-59 -2.29E-77  4.26E-72  9.57E-21  1.79E-27  1.01E-94 -1.22E+04  2.17E-06 -6.92E+07  2.07E-05  4.94E+01  3.61E-09
  6.55E+06  2.20E-28 -1.42E-20 -1.02E-17  1.02E-17 -2.09E-24  9.78E-25  7.42E-60 -2.24E-77  3.82E-72  7.52E-20  8.84E-28  2.19E-95  5.47E+06  4.36E-07 -7.87E+07  9.35E-06  4.45E+01  7.41E-10
  6.65E+06  7.93E-29 -1.75E-20 -1.31E-17  1.30E-17 -1.35E-24  4.43E-25 -1.83E-59 -2.16E-77  3.40E-72  1.01E-19  4.26E-28 -4.04E-96  8.02E+06  9.76E-08 -8.58E+07  4.17E-06  3.77E+01  1.64E-10
  6.75E+06  3.22E-29 -2.16E-20 -1.39E-17  1.39E-17  7.88E-25  2.20E-25 -3.45E-59 -2.07E-77  3.01E-72  1.01E-19  1.94E-28 -1.75E-95  8.49E+06  2.34E-08 -9.08E+07  1.84E-06  3.05E+01  3.73E-11
  6.85E+06  1.43E-29 -2.65E-20 -1.34E-17  1.34E-17 -5.88E-25  1.17E-25 -4.96E-59 -1.96E-77  2.64E-72  8.58E-20  7.36E-29 -2.79E-95  7.69E+06  5.76E-09 -9.42E+07  7.98E-07  2.37E+01  8.62E-12
  6.95E+06  6.86E-30 -3.24E-20 -1.21E-17  1.21E-17 -1.49E-25  6.59E-26 -6.70E-59 -1.82E-77  2.29E-72  6.59E-20  9.12E-30 -3.85E-95  6.29E+06  1.43E-09 -9.64E+07  3.43E-07  1.80E+01  2.01E-12
  7.05E+06  3.50E-30 -3.94E-20 -1.03E-17  1.03E-17  8.40E-25  3.88E-26 -8.87E-59 -1.68E-77  1.96E-72  4.68E-20 -2.51E-29 -5.07E-95  4.77E+06  3.56E-10 -9.77E+07  1.46E-07  1.33E+01  4.73E-13
  7.15E+06  1.88E-30 -4.76E-20 -8.37E-18  8.39E-18 -1.42E-25  2.37E-26 -1.16E-58 -1.51E-77  1.66E-72  3.12E-20 -4.18E-29 -6.53E-95  3.40E+06  8.81E-11 -9.86E+07  6.17E-08  9.76E+00  1.12E-13
  7.25E+06  1.05E-30 -5.72E-20 -6.50E-18  6.54E-18  1.42E-24  1.49E-26 -1.52E-58 -1.33E-77  1.39E-72  1.97E-20 -4.79E-29 -8.29E-95  2.31E+06  2.18E-11 -9.91E+07  2.61E-08  7.07E+00  2.70E-14
  7.35E+06  6.16E-31 -6.81E-20 -4.84E-18  4.90E-18  1.49E-24  9.60E-27 -1.97E-58 -1.15E-77  1.15E-72  1.18E-20 -4.76E-29 -1.04E-94  1.50E+06  5.37E-12 -9.94E+07  1.11E-08  5.09E+00  6.58E-15
  7.45E+06  3.72E-31 -8.06E-20 -3.46E-18  3.54E-18  1.22E-24  6.31E-27 -2.54E-58 -9.55E-78  9.30E-73  6.85E-21 -4.35E-29 -1.28E-94  9.42E+05  1.33E-12 -9.96E+07  4.74E-09  3.65E+00  1.64E-15
  7.55E+06  2.32E-31 -9.48E-20 -2.39E-18  2.48E-18  1.37E-24  4.21E-27 -3.25E-58 -7.67E-78  7.40E-73  3.83E-21 -3.74E-29 -1.55E-94  5.76E+05  3.34E-13 -9.98E+07  2.06E-09  2.61E+00  4.19E-16
  7.65E+06  1.48E-31 -1.11E-19 -1.58E-18  1.69E-18  1.08E-24  2.84E-27 -4.12E-58 -5.86E-78  5.77E-73  2.08E-21 -3.05E-29 -1.86E-94  3.44E+05  8.46E-14 -9.98E+07  9.12E-10  1.87E+00  1.10E-16
  7.75E+06  9.72E-32 -1.28E-19 -1.00E-18  1.13E-18  6.27E-25  1.93E-27 -5.17E-58 -4.19E-78  4.40E-73  1.10E-21 -2.37E-29 -2.18E-94  2.03E+05  2.19E-14 -9.99E+07  4.13E-10  1.34E+00  2.98E-17
  7.85E+06  6.51E-32 -1.48E-19 -5.94E-19  7.42E-19  6.95E-25  1.32E-27 -6.42E-58 -2.70E-78  3.26E-73  5.74E-22 -1.75E-29 -2.52E-94  1.18E+05  5.76E-15 -9.99E+07  1.92E-10  9.58E-01  8.33E-18
  7.95E+06  4.45E-32 -1.69E-19 -3.09E-19  4.79E-19  3.46E-25  9.13E-28 -7.86E-58 -1.46E-78  2.35E-73  2.94E-22 -1.23E-29 -2.83E-94  6.80E+04  1.55E-15 -9.99E+07  9.14E-11  6.87E-01  2.40E-18
  8.05E+06  3.08E-32 -1.91E-19 -1.11E-19  3.02E-19  9.05E-26  6.24E-28 -9.42E-58 -3.63E-79  1.64E-73  1.48E-22 -8.27E-30 -3.12E-94  3.86E+04  4.26E-16 -1.00E+08  4.40E-11  4.93E-01  7.09E-19
  8.15E+06  2.17E-32 -2.13E-19  2.54E-20  1.88E-19  1.74E-25  4.27E-28 -1.11E-57  4.29E-79  1.10E-73  7.34E-23 -5.29E-30 -3.35E-94  2.17E+04  1.19E-16 -1.00E+08  2.16E-11  3.55E-01  2.13E-19
  8.25E+06  1.55E-32 -2.36E-19  1.21E-19  1.16E-19  1.16E-25  2.93E-28 -1.29E-57  8.95E-79  7.11E-74  3.60E-23 -3.05E-30 -3.51E-94  1.22E+04  3.39E-17 -1.00E+08  1.08E-11  2.55E-01  6.52E-20
  8.35E+06  1.13E-32 -2.61E-19  1.89E-19  7.11E-20  7.75E-26  2.02E-28 -1.47E-57  1.08E-78  4.38E-74  1.76E-23 -1.41E-30 -3.57E-94  6.92E+03  9.92E-18 -1.00E+08  5.46E-12  1.84E-01  2.04E-20
  8.45E+06  8.40E-33 -2.85E-19  2.41E-19  4.36E-20  6.46E-26  1.39E-28 -1.64E-57  1.07E-78  2.58E-74  8.53E-24 -2.53E-31 -3.50E-94  3.93E+03  2.99E-18 -1.00E+08  2.81E-12  1.33E-01  6.51E-21
  8.55E+06  6.33E-33 -3.08E-19  2.81E-19  2.67E-20  1.78E-26  9.62E-29 -1.79E-57  9.22E-79  1.44E-74  4.14E-24  5.05E-31 -3.28E-94  2.25E+03  9.36E-19 -1.00E+08  1.47E-12  9.62E-02  2.12E-21
  8.65E+06  4.82E-33 -3.28E-19  3.12E-19  1.64E-20  2.42E-26  6.66E-29 -1.88E-57  7.18E-79  7.59E-75  2.01E-24  9.42E-31 -2.92E-94  1.29E+03  3.05E-19 -1.00E+08  7.74E-13  6.98E-02  7.02E-22
  8.75E+06  3.71E-33 -3.46E-19  3.36E-19  1.00E-20  9.69E-27  4.61E-29 -1.92E-57  5.11E-79  3.78E-75  9.80E-25  1.12E-30 -2.45E-94  7.53E+02  1.04E-19 -1.00E+08  4.13E-13  5.07E-02  2.37E-22
  8.85E+06  2.87E-33 -3.58E-19  3.51E-19  6.15E-21 -2.10E-26  3.18E-29 -1.89E-57  3.34E-79  1.78E-75  4.80E-25  1.10E-30 -1.91E-94  4.43E+02  3.76E-20 -1.00E+08  2.23E-13  3.69E-02  8.15E-23
  8.95E+06  2.22E-33 -3.63E-19  3.60E-19  3.78E-21 -1.78E-26  2.19E-29 -1.77E-57  2.02E-79  7.87E-76  2.37E-25  9.29E-31 -1.37E-94  2.64E+02  1.43E-20 -1.00E+08  1.22E-13  2.69E-02  2.86E-23
  9.05E+06  1.72E-33 -3.62E-19  3.59E-19  2.33E-21 -7.27E-27  1.50E-29 -1.59E-57  1.13E-79  3.28E-76  1.18E-25  6.53E-31 -8.73E-95  1.59E+02  5.80E-21 -1.00E+08  6.75E-14  1.95E-02  1.02E-23
  9.15E+06  1.33E-33 -3.52E-19  3.51E-19  1.43E-21 -3.23E-27  1.03E-29 -1.35E-57  5.87E-80  1.28E-76  5.92E-26  3.18E-31 -4.73E-95  9.75E+01  2.48E-21 -1.00E+08  3.77E-14  1.42E-02  3.73E-24
  9.25E+06  1.02E-33 -3.35E-19  3.35E-19  8.85E-22  0.00E+00  6.97E-30 -1.09E-57  2.84E-80  4.75E-77  3.01E-26 -3.09E-32 -1.89E-95  6.05E+01  1.12E-21 -1.00E+08  2.14E-14  1.02E-02  1.39E-24
  9.35E+06  7.74E-34 -3.12E-19  3.12E-19  5.46E-22  0.00E+00  4.70E-30 -8.24E-58  1.29E-80  1.66E-77  1.54E-26 -3.53E-31 -1.43E-96  3.81E+01  5.30E-22 -1.00E+08  1.22E-14  7.33E-03  5.28E-25
  9.45E+06  5.83E-34 -2.84E-19  2.84E-19  3.37E-22  2.42E-27  3.14E-30 -5.82E-58  5.47E-81  5.48E-78  7.97E-27 -6.08E-31  7.15E-96  2.44E+01  2.62E-22 -1.00E+08  7.09E-15  5.17E-03  2.05E-25
  9.55E+06  4.34E-34 -2.53E-19  2.53E-19  2.07E-22  1.82E-27  2.09E-30 -3.78E-58  2.19E-81  1.72E-78  4.13E-27 -7.67E-31  9.83E-96  1.58E+01  1.34E-22 -1.00E+08  4.16E-15  3.56E-03  8.13E-26
  9.65E+06  3.20E-34 -2.20E-19  2.20E-19  1.26E-22  1.51E-27  1.38E-30 -2.16E-58  8.29E-82  5.14E-79  2.13E-27 -8.05E-31  9.32E-96  1.04E+01  6.97E-23 -1.00E+08  2.47E-15  2.35E-03  3.29E-26
  9.75E+06  2.32E-34 -1.84E-19  1.84E-19  7.41E-23  6.06E-28  8.97E-31 -9.16E-59  2.98E-82  1.44E-79  1.05E-27 -7.13E-31  7.63E-96  6.96E+00  3.61E-23 -1.00E+08  1.48E-15  1.43E-03  1.35E-26
  9.85E+06  1.65E-34 -1.37E-19  1.37E-19  3.90E-23 -1.01E-28  5.73E-31  1.43E-59  1.02E-82  3.60E-80  4.57E-28 -4.96E-31  5.92E-96  4.69E+00  1.71E-23 -1.00E+08  9.00E-16  7.42E-04  5.27E-27
  9.95E+06  1.13E-34 -6.11E-20  6.11E-20  1.21E-23  0.00E+00  3.44E-31  1.24E-58  3.31E-83  5.53E-81  1.16E-28 -1.80E-31  4.63E-96  2.70E+00  4.86E-24 -1.00E+08  5.46E-16  2.15E-04  1.36E-27
  1.00E+07 -1.11E-40 -1.15E-28 -1.05E-28 -3.59E-32  4.35E-47 -5.95E-38 -9.44E-65 -1.24E-90  1.08E-94 -3.12E-40 -1.08E-40 -1.01-101 -3.52E-10 -4.78E-35 -1.00E+08 -2.08E-24 -4.07E-19  8.86E-39

     Z        N2O5      CO2       SO4AER    S8AER   
  0.00E+00 -3.14E-08 -3.31E+11 -8.08E+07  2.93E-20
  5.00E+04 -1.20E+00 -3.11E+11 -6.33E+08 -1.16E-22
  1.50E+05 -4.25E+00 -2.71E+11 -1.71E+09 -1.13E-22
  2.50E+05 -1.66E+01 -2.31E+11 -2.39E+09 -1.09E-22
  3.50E+05 -6.65E+01 -1.92E+11 -2.65E+09 -1.07E-22
  4.50E+05 -2.74E+02 -1.56E+11 -2.71E+09 -1.05E-22
  5.50E+05 -8.09E+02 -1.23E+11 -2.65E+09 -1.03E-22
  6.50E+05 -1.29E+03 -9.56E+10 -2.54E+09 -1.02E-22
  7.50E+05 -1.53E+03 -7.42E+10 -2.41E+09 -1.02E-22
  8.50E+05 -1.94E+03 -5.84E+10 -2.27E+09 -1.03E-22
  9.50E+05 -2.40E+03 -4.66E+10 -2.13E+09 -1.04E-22
  1.05E+06 -2.98E+03 -3.76E+10 -1.95E+09 -1.06E-22
  1.15E+06 -4.88E+03 -3.04E+10 -1.67E+09 -1.04E-22
  1.25E+06 -9.63E+03 -2.47E+10 -1.34E+09 -1.02E-22
  1.35E+06 -1.94E+04 -2.02E+10 -1.02E+09 -1.00E-22
  1.45E+06 -2.81E+04 -1.67E+10 -7.32E+08 -9.87E-23
  1.55E+06 -2.35E+04 -1.44E+10 -4.90E+08 -9.75E-23
  1.65E+06 -7.79E+03 -1.28E+10 -2.98E+08 -9.65E-23
  1.75E+06  6.08E+03 -1.15E+10 -1.54E+08 -9.57E-23
  1.85E+06  1.11E+04 -1.05E+10 -5.88E+07 -9.49E-23
  1.95E+06  9.54E+03 -9.46E+09 -1.06E+07 -9.42E-23
  2.05E+06  5.45E+03 -8.44E+09 -5.88E+05 -9.34E-23
  2.15E+06  2.08E+03 -7.39E+09 -2.57E+04 -9.28E-23
  2.25E+06  5.41E+02 -6.32E+09 -1.04E+03 -9.23E-23
  2.35E+06  9.68E+01 -5.25E+09 -4.12E+01 -9.21E-23
  2.45E+06  1.26E+01 -4.25E+09 -1.67E+00 -9.22E-23
  2.55E+06  1.42E+00 -3.41E+09 -8.58E-02 -9.26E-23
  2.65E+06  1.76E-01 -2.77E+09 -1.16E-02 -9.33E-23
  2.75E+06  2.72E-02 -2.29E+09 -3.30E-03 -9.41E-23
  2.85E+06  5.32E-03 -1.95E+09 -1.01E-03 -9.49E-23
  2.95E+06  1.23E-03 -1.71E+09 -3.30E-04 -9.56E-23
  3.05E+06  3.38E-04 -1.53E+09 -1.09E-04 -9.63E-23
  3.15E+06  1.07E-04 -1.39E+09 -4.63E-05 -9.68E-23
  3.25E+06  3.72E-05 -1.30E+09 -2.10E-05 -9.73E-23
  3.35E+06  1.44E-05 -1.22E+09 -1.41E-05 -9.78E-23
  3.45E+06  6.10E-06 -1.16E+09 -1.41E-05 -9.84E-23
  3.55E+06  2.81E-06 -1.11E+09 -1.38E-05 -9.90E-23
  3.65E+06  1.45E-06 -1.06E+09 -1.05E-05 -9.97E-23
  3.75E+06  7.89E-07 -9.86E+08 -6.94E-06 -1.01E-22
  3.85E+06  4.53E-07 -8.79E+08 -3.41E-06 -1.02E-22
  3.95E+06  2.56E-07 -7.12E+08 -1.46E-06 -1.03E-22
  4.05E+06  9.16E-08 -4.63E+08 -5.67E-07 -1.04E-22
  4.15E+06 -3.06E-08 -1.25E+08 -2.06E-07 -1.05E-22
  4.25E+06 -1.24E-07  2.92E+08 -8.09E-08 -1.06E-22
  4.35E+06 -1.59E-07  7.76E+08 -3.15E-08 -1.07E-22
  4.45E+06 -1.05E-07  1.32E+09 -9.55E-09 -1.08E-22
  4.55E+06  2.61E-08  1.92E+09 -3.78E-10 -1.08E-22
  4.65E+06  1.59E-07  2.59E+09  2.91E-11 -1.08E-22
  4.75E+06  2.16E-07  3.32E+09  1.46E-11 -1.08E-22
  4.85E+06  2.13E-07  4.14E+09 -2.91E-11 -1.08E-22
  4.95E+06  1.74E-07  5.07E+09  2.18E-11 -1.07E-22
  5.05E+06  1.20E-07  6.11E+09  1.09E-11 -1.07E-22
  5.15E+06  7.39E-08  7.23E+09  3.64E-12 -1.06E-22
  5.25E+06  4.14E-08  8.39E+09  1.82E-12 -1.06E-22
  5.35E+06  2.15E-08  9.51E+09  9.09E-13 -1.06E-22
  5.45E+06  1.06E-08  1.05E+10 -2.27E-13 -1.06E-22
  5.55E+06  4.79E-09  1.11E+10 -1.14E-13 -1.07E-22
  5.65E+06  1.94E-09  1.14E+10  1.14E-13 -1.08E-22
  5.75E+06  1.16E-09  1.14E+10  2.13E-14 -1.09E-22
  5.85E+06  1.49E-10  1.06E+10  1.78E-15 -1.11E-22
  5.95E+06  1.16E-11  9.55E+09 -2.22E-16 -1.12E-22
  6.05E+06  1.47E-12  8.46E+09  2.78E-17 -1.11E-22
  6.15E+06  1.74E-13  7.47E+09  0.00E+00 -1.09E-22
  6.25E+06  1.70E-14  6.61E+09 -5.42E-20 -1.03E-22
  6.35E+06  1.65E-15  5.86E+09  1.69E-21 -1.02E-22
  6.45E+06  2.70E-16  5.19E+09  6.62E-24 -1.02E-22
  6.55E+06  4.96E-17  4.58E+09 -1.61E-11 -1.01E-22
  6.65E+06  9.16E-18  4.04E+09 -1.56E-13 -1.01E-22
  6.75E+06  1.67E-18  3.55E+09 -6.95E-16 -1.01E-22
  6.85E+06  3.01E-19  3.11E+09 -1.27E-18 -1.01E-22
  6.95E+06  5.35E-20  2.70E+09 -8.49E-22 -1.01E-22
  7.05E+06  9.47E-21  2.33E+09 -8.48E-23 -1.01E-22
  7.15E+06  1.67E-21  1.99E+09 -8.53E-23 -1.01E-22
  7.25E+06  2.98E-22  1.69E+09 -8.57E-23 -1.01E-22
  7.35E+06  5.40E-23  1.42E+09 -8.57E-23 -1.01E-22
  7.45E+06  1.00E-23  1.19E+09 -8.57E-23 -1.01E-22
  7.55E+06  1.93E-24  9.85E+08 -8.57E-23 -1.01E-22
  7.65E+06  3.87E-25  8.11E+08 -8.57E-23 -1.01E-22
  7.75E+06  8.14E-26  6.65E+08 -8.56E-23 -1.01E-22
  7.85E+06  1.79E-26  5.42E+08 -8.56E-23 -1.01E-22
  7.95E+06  4.13E-27  4.40E+08 -8.56E-23 -1.01E-22
  8.05E+06  9.85E-28  3.55E+08 -8.56E-23 -1.01E-22
  8.15E+06  2.41E-28  2.85E+08 -8.55E-23 -1.01E-22
  8.25E+06  6.10E-29  2.28E+08 -8.55E-23 -1.01E-22
  8.35E+06  1.59E-29  1.82E+08 -8.55E-23 -1.01E-22
  8.45E+06  4.23E-30  1.44E+08 -8.55E-23 -1.01E-22
  8.55E+06  1.15E-30  1.14E+08 -8.54E-23 -1.01E-22
  8.65E+06  3.20E-31  8.94E+07 -8.54E-23 -1.01E-22
  8.75E+06  9.08E-32  6.98E+07 -8.54E-23 -1.01E-22
  8.85E+06  2.62E-32  5.42E+07 -8.53E-23 -1.01E-22
  8.95E+06  7.73E-33  4.17E+07 -8.53E-23 -1.01E-22
  9.05E+06  2.32E-33  3.19E+07 -8.53E-23 -1.01E-22
  9.15E+06  7.12E-34  2.42E+07 -8.53E-23 -1.01E-22
  9.25E+06  2.23E-34  1.81E+07 -8.52E-23 -1.01E-22
  9.35E+06  7.12E-35  1.33E+07 -8.52E-23 -1.01E-22
  9.45E+06  2.32E-35  9.61E+06 -8.52E-23 -1.01E-22
  9.55E+06  7.73E-36  6.73E+06 -8.52E-23 -1.01E-22
  9.65E+06  2.63E-36  4.50E+06 -8.51E-23 -1.01E-22
  9.75E+06  9.07E-37  2.77E+06 -8.51E-23 -1.00E-22
  9.85E+06  3.06E-37  1.44E+06 -8.51E-23 -1.00E-22
  9.95E+06  7.17E-38  4.20E+05 -8.51E-23 -1.00E-22
  1.00E+07 -4.53E-49  7.50E-07 -8.51E-23 -1.00E-22

 AQUEOUS PHASE SPECIES

     Z      (SO2)g   (H2CO)g  (SO2)aq CH2(OH)2   HCO3-    CO3=     HSO3-    SO3=   CH2OHSO3-   OH-     SO4=      PH
  2.50E+04 5.42E-11 1.88E-10 1.08E-10 1.38E-06 3.45E-07 1.06E-12 1.30E-07 4.88E-10 1.78E-08 2.42E-10 8.88E-06 4.74E+00
  1.25E+05 1.04E-10 1.68E-10 2.49E-10 1.87E-06 3.09E-07 8.68E-13 3.12E-07 1.15E-09 5.84E-08 1.46E-10 9.62E-06 4.70E+00
  2.25E+05 1.36E-10 1.33E-10 3.96E-10 2.38E-06 2.46E-07 5.60E-13 4.65E-07 1.50E-09 1.11E-07 7.46E-11 1.19E-05 4.61E+00
  3.25E+05 1.58E-10 1.02E-10 5.36E-10 2.59E-06 1.92E-07 3.53E-13 5.66E-07 1.57E-09 1.47E-07 4.23E-11 1.48E-05 4.52E+00
  4.25E+05 1.80E-10 8.63E-11 6.10E-10 2.20E-06 1.46E-07 2.27E-13 5.44E-07 1.27E-09 1.20E-07 3.57E-11 1.76E-05 4.44E+00
  5.25E+05 1.99E-10 6.90E-11 6.76E-10 1.76E-06 1.16E-07 1.57E-13 5.28E-07 1.08E-09 9.30E-08 3.13E-11 2.02E-05 4.39E+00
  6.25E+05 2.19E-10 5.09E-11 7.45E-10 1.30E-06 9.47E-08 1.17E-13 5.27E-07 9.78E-10 6.84E-08 2.83E-11 2.24E-05 4.34E+00
  7.25E+05 2.41E-10 3.44E-11 8.18E-10 8.78E-07 7.96E-08 9.11E-14 5.38E-07 9.28E-10 4.72E-08 2.63E-11 2.41E-05 4.31E+00
  8.25E+05 2.62E-10 2.18E-11 8.90E-10 5.55E-07 6.83E-08 7.42E-14 5.56E-07 9.11E-10 3.08E-08 2.50E-11 2.54E-05 4.29E+00
  9.25E+05 2.81E-10 1.33E-11 9.53E-10 3.38E-07 5.95E-08 6.24E-14 5.75E-07 9.10E-10 1.94E-08 2.41E-11 2.63E-05 4.27E+00
  1.02E+06 2.95E-10 8.15E-12 1.00E-09 2.08E-07 5.19E-08 5.29E-14 5.87E-07 9.03E-10 1.22E-08 2.34E-11 2.71E-05 4.26E+00

 NORMAL HENRYS LAW COEFFICIENTS


     Z        O        O2       H2O      H        OH       HO2      H2O2     H2       CO       HCO      H2CO     CH4      CH3      C2H6     NO       NO2      HNO      H2S     
  2.50E+04 0.00E+00 1.56E-03 0.00E+00 0.00E+00 5.18E+01 8.19E+03 2.04E+05 8.29E-04 1.17E-03 0.00E+00 7.31E+03 1.70E-03 0.00E+00 2.51E-03 2.28E-03 1.63E-02 0.00E+00 1.28E-01
  1.25E+05 0.00E+00 1.71E-03 0.00E+00 0.00E+00 6.86E+01 1.18E+04 3.23E+05 8.55E-04 1.27E-03 0.00E+00 1.12E+04 1.88E-03 0.00E+00 2.90E-03 2.50E-03 1.90E-02 0.00E+00 1.44E-01
  2.25E+05 0.00E+00 1.90E-03 0.00E+00 0.00E+00 9.35E+01 1.77E+04 5.38E+05 8.85E-04 1.39E-03 0.00E+00 1.78E+04 2.10E-03 0.00E+00 3.40E-03 2.78E-03 2.26E-02 0.00E+00 1.66E-01
  3.25E+05 0.00E+00 2.06E-03 0.00E+00 0.00E+00 1.19E+02 2.42E+04 7.95E+05 9.09E-04 1.49E-03 0.00E+00 2.55E+04 2.28E-03 0.00E+00 3.83E-03 3.00E-03 2.57E-02 0.00E+00 1.84E-01
  4.25E+05 0.00E+00 2.06E-03 0.00E+00 0.00E+00 1.19E+02 2.42E+04 7.95E+05 9.09E-04 1.49E-03 0.00E+00 2.55E+04 2.28E-03 0.00E+00 3.83E-03 3.00E-03 2.57E-02 0.00E+00 1.84E-01
  5.25E+05 0.00E+00 2.06E-03 0.00E+00 0.00E+00 1.19E+02 2.42E+04 7.95E+05 9.09E-04 1.49E-03 0.00E+00 2.55E+04 2.28E-03 0.00E+00 3.83E-03 3.00E-03 2.57E-02 0.00E+00 1.84E-01
  6.25E+05 0.00E+00 2.06E-03 0.00E+00 0.00E+00 1.19E+02 2.42E+04 7.95E+05 9.09E-04 1.49E-03 0.00E+00 2.55E+04 2.28E-03 0.00E+00 3.83E-03 3.00E-03 2.57E-02 0.00E+00 1.84E-01
  7.25E+05 0.00E+00 2.06E-03 0.00E+00 0.00E+00 1.19E+02 2.42E+04 7.95E+05 9.09E-04 1.49E-03 0.00E+00 2.55E+04 2.28E-03 0.00E+00 3.83E-03 3.00E-03 2.57E-02 0.00E+00 1.84E-01
  8.25E+05 0.00E+00 2.06E-03 0.00E+00 0.00E+00 1.19E+02 2.42E+04 7.95E+05 9.09E-04 1.49E-03 0.00E+00 2.55E+04 2.28E-03 0.00E+00 3.83E-03 3.00E-03 2.57E-02 0.00E+00 1.84E-01
  9.25E+05 0.00E+00 2.06E-03 0.00E+00 0.00E+00 1.19E+02 2.42E+04 7.95E+05 9.09E-04 1.49E-03 0.00E+00 2.55E+04 2.28E-03 0.00E+00 3.83E-03 3.00E-03 2.57E-02 0.00E+00 1.84E-01
  1.02E+06 0.00E+00 2.06E-03 0.00E+00 0.00E+00 1.19E+02 2.42E+04 7.95E+05 9.09E-04 1.49E-03 0.00E+00 2.55E+04 2.28E-03 0.00E+00 3.83E-03 3.00E-03 2.57E-02 0.00E+00 1.84E-01

     Z        HS       S        SO       SO2      H2SO4    HSO      S2       S4       S8       SO3      OCS      S3       O3       HNO3     N        NO3      N2O      HO2NO2  
  2.50E+04 1.00E+05 0.00E+00 1.90E-03 1.99E+00 7.00E+11 9.00E+03 0.00E+00 0.00E+00 0.00E+00 7.00E+11 2.84E-02 0.00E+00 0.00E+00 6.05E+05 0.00E+00 3.80E-02 3.43E-02 2.78E+04
  1.25E+05 1.00E+05 0.00E+00 1.90E-03 2.39E+00 7.00E+11 9.00E+03 0.00E+00 0.00E+00 0.00E+00 7.00E+11 3.24E-02 0.00E+00 0.00E+00 1.04E+06 0.00E+00 3.80E-02 4.03E-02 4.26E+04
  2.25E+05 1.00E+05 0.00E+00 1.90E-03 2.91E+00 7.00E+11 9.00E+03 0.00E+00 0.00E+00 0.00E+00 7.00E+11 3.74E-02 0.00E+00 0.00E+00 1.89E+06 0.00E+00 3.80E-02 4.82E-02 6.85E+04
  3.25E+05 1.00E+05 0.00E+00 1.90E-03 3.39E+00 7.00E+11 9.00E+03 0.00E+00 0.00E+00 0.00E+00 7.00E+11 4.18E-02 0.00E+00 0.00E+00 2.99E+06 0.00E+00 3.80E-02 5.53E-02 9.86E+04
  4.25E+05 1.00E+05 0.00E+00 1.90E-03 3.39E+00 7.00E+11 9.00E+03 0.00E+00 0.00E+00 0.00E+00 7.00E+11 4.18E-02 0.00E+00 0.00E+00 2.99E+06 0.00E+00 3.80E-02 5.53E-02 9.86E+04
  5.25E+05 1.00E+05 0.00E+00 1.90E-03 3.39E+00 7.00E+11 9.00E+03 0.00E+00 0.00E+00 0.00E+00 7.00E+11 4.18E-02 0.00E+00 0.00E+00 2.99E+06 0.00E+00 3.80E-02 5.53E-02 9.86E+04
  6.25E+05 1.00E+05 0.00E+00 1.90E-03 3.39E+00 7.00E+11 9.00E+03 0.00E+00 0.00E+00 0.00E+00 7.00E+11 4.18E-02 0.00E+00 0.00E+00 2.99E+06 0.00E+00 3.80E-02 5.53E-02 9.86E+04
  7.25E+05 1.00E+05 0.00E+00 1.90E-03 3.39E+00 7.00E+11 9.00E+03 0.00E+00 0.00E+00 0.00E+00 7.00E+11 4.18E-02 0.00E+00 0.00E+00 2.99E+06 0.00E+00 3.80E-02 5.53E-02 9.86E+04
  8.25E+05 1.00E+05 0.00E+00 1.90E-03 3.39E+00 7.00E+11 9.00E+03 0.00E+00 0.00E+00 0.00E+00 7.00E+11 4.18E-02 0.00E+00 0.00E+00 2.99E+06 0.00E+00 3.80E-02 5.53E-02 9.86E+04
  9.25E+05 1.00E+05 0.00E+00 1.90E-03 3.39E+00 7.00E+11 9.00E+03 0.00E+00 0.00E+00 0.00E+00 7.00E+11 4.18E-02 0.00E+00 0.00E+00 2.99E+06 0.00E+00 3.80E-02 5.53E-02 9.86E+04
  1.02E+06 1.00E+05 0.00E+00 1.90E-03 3.39E+00 7.00E+11 9.00E+03 0.00E+00 0.00E+00 0.00E+00 7.00E+11 4.18E-02 0.00E+00 0.00E+00 2.99E+06 0.00E+00 3.80E-02 5.53E-02 9.86E+04

     Z        N2O5     CO2      SO4AER   S8AER   
  2.50E+04 3.43E-02 0.00E+00 7.00E+11 7.00E+11
  1.25E+05 4.03E-02 0.00E+00 7.00E+11 7.00E+11
  2.25E+05 4.82E-02 0.00E+00 7.00E+11 7.00E+11
  3.25E+05 5.53E-02 0.00E+00 7.00E+11 7.00E+11
  4.25E+05 5.53E-02 0.00E+00 7.00E+11 7.00E+11
  5.25E+05 5.53E-02 0.00E+00 7.00E+11 7.00E+11
  6.25E+05 5.53E-02 0.00E+00 7.00E+11 7.00E+11
  7.25E+05 5.53E-02 0.00E+00 7.00E+11 7.00E+11
  8.25E+05 5.53E-02 0.00E+00 7.00E+11 7.00E+11
  9.25E+05 5.53E-02 0.00E+00 7.00E+11 7.00E+11
  1.02E+06 5.53E-02 0.00E+00 7.00E+11 7.00E+11

 ENHANCEMENTS OF HENRYS LAW COEFFICIENTS


     Z        O        O2       H2O      H        OH       HO2      H2O2     H2       CO       HCO      H2CO     CH4      CH3      C2H6     NO       NO2      HNO      H2S     
  2.50E+04 1.00E+00 1.00E+00 1.00E+00 1.00E+00 1.00E+00 1.00E+00 1.00E+00 1.00E+00 1.00E+00 1.00E+00 1.01E+00 1.00E+00 1.00E+00 1.00E+00 1.00E+00 1.00E+00 1.00E+00 1.01E+00
  1.25E+05 1.00E+00 1.00E+00 1.00E+00 1.00E+00 1.00E+00 1.00E+00 1.00E+00 1.00E+00 1.00E+00 1.00E+00 1.03E+00 1.00E+00 1.00E+00 1.00E+00 1.00E+00 1.00E+00 1.00E+00 1.01E+00
  2.25E+05 1.00E+00 1.00E+00 1.00E+00 1.00E+00 1.00E+00 1.00E+00 1.00E+00 1.00E+00 1.00E+00 1.00E+00 1.05E+00 1.00E+00 1.00E+00 1.00E+00 1.00E+00 1.00E+00 1.00E+00 1.00E+00
  3.25E+05 1.00E+00 1.00E+00 1.00E+00 1.00E+00 1.00E+00 1.00E+00 1.00E+00 1.00E+00 1.00E+00 1.00E+00 1.06E+00 1.00E+00 1.00E+00 1.00E+00 1.00E+00 1.00E+00 1.00E+00 1.00E+00
  4.25E+05 1.00E+00 1.00E+00 1.00E+00 1.00E+00 1.00E+00 1.00E+00 1.00E+00 1.00E+00 1.00E+00 1.00E+00 1.05E+00 1.00E+00 1.00E+00 1.00E+00 1.00E+00 1.00E+00 1.00E+00 1.00E+00
  5.25E+05 1.00E+00 1.00E+00 1.00E+00 1.00E+00 1.00E+00 1.00E+00 1.00E+00 1.00E+00 1.00E+00 1.00E+00 1.05E+00 1.00E+00 1.00E+00 1.00E+00 1.00E+00 1.00E+00 1.00E+00 1.00E+00
  6.25E+05 1.00E+00 1.00E+00 1.00E+00 1.00E+00 1.00E+00 1.00E+00 1.00E+00 1.00E+00 1.00E+00 1.00E+00 1.05E+00 1.00E+00 1.00E+00 1.00E+00 1.00E+00 1.00E+00 1.00E+00 1.00E+00
  7.25E+05 1.00E+00 1.00E+00 1.00E+00 1.00E+00 1.00E+00 1.00E+00 1.00E+00 1.00E+00 1.00E+00 1.00E+00 1.05E+00 1.00E+00 1.00E+00 1.00E+00 1.00E+00 1.00E+00 1.00E+00 1.00E+00
  8.25E+05 1.00E+00 1.00E+00 1.00E+00 1.00E+00 1.00E+00 1.00E+00 1.00E+00 1.00E+00 1.00E+00 1.00E+00 1.06E+00 1.00E+00 1.00E+00 1.00E+00 1.00E+00 1.00E+00 1.00E+00 1.00E+00
  9.25E+05 1.00E+00 1.00E+00 1.00E+00 1.00E+00 1.00E+00 1.00E+00 1.00E+00 1.00E+00 1.00E+00 1.00E+00 1.06E+00 1.00E+00 1.00E+00 1.00E+00 1.00E+00 1.00E+00 1.00E+00 1.00E+00
  1.02E+06 1.00E+00 1.00E+00 1.00E+00 1.00E+00 1.00E+00 1.00E+00 1.00E+00 1.00E+00 1.00E+00 1.00E+00 1.06E+00 1.00E+00 1.00E+00 1.00E+00 1.00E+00 1.00E+00 1.00E+00 1.00E+00

     Z        HS       S        SO       SO2      H2SO4    HSO      S2       S4       S8       SO3      OCS      S3       O3       HNO3     N        NO3      N2O      HO2NO2  
  2.50E+04 1.00E+00 1.00E+00 1.00E+00 1.37E+03 1.00E+00 1.00E+00 1.00E+00 1.00E+00 1.00E+00 1.00E+00 1.00E+00 1.00E+00 1.00E+00 1.00E+00 1.00E+00 1.00E+00 1.00E+00 1.00E+00
  1.25E+05 1.00E+00 1.00E+00 1.00E+00 1.49E+03 1.00E+00 1.00E+00 1.00E+00 1.00E+00 1.00E+00 1.00E+00 1.00E+00 1.00E+00 1.00E+00 1.00E+00 1.00E+00 1.00E+00 1.00E+00 1.00E+00
  2.25E+05 1.00E+00 1.00E+00 1.00E+00 1.46E+03 1.00E+00 1.00E+00 1.00E+00 1.00E+00 1.00E+00 1.00E+00 1.00E+00 1.00E+00 1.00E+00 1.00E+00 1.00E+00 1.00E+00 1.00E+00 1.00E+00
  3.25E+05 1.00E+00 1.00E+00 1.00E+00 1.33E+03 1.00E+00 1.00E+00 1.00E+00 1.00E+00 1.00E+00 1.00E+00 1.00E+00 1.00E+00 1.00E+00 1.00E+00 1.00E+00 1.00E+00 1.00E+00 1.00E+00
  4.25E+05 1.00E+00 1.00E+00 1.00E+00 1.09E+03 1.00E+00 1.00E+00 1.00E+00 1.00E+00 1.00E+00 1.00E+00 1.00E+00 1.00E+00 1.00E+00 1.00E+00 1.00E+00 1.00E+00 1.00E+00 1.00E+00
  5.25E+05 1.00E+00 1.00E+00 1.00E+00 9.22E+02 1.00E+00 1.00E+00 1.00E+00 1.00E+00 1.00E+00 1.00E+00 1.00E+00 1.00E+00 1.00E+00 1.00E+00 1.00E+00 1.00E+00 1.00E+00 1.00E+00
  6.25E+05 1.00E+00 1.00E+00 1.00E+00 8.02E+02 1.00E+00 1.00E+00 1.00E+00 1.00E+00 1.00E+00 1.00E+00 1.00E+00 1.00E+00 1.00E+00 1.00E+00 1.00E+00 1.00E+00 1.00E+00 1.00E+00
  7.25E+05 1.00E+00 1.00E+00 1.00E+00 7.17E+02 1.00E+00 1.00E+00 1.00E+00 1.00E+00 1.00E+00 1.00E+00 1.00E+00 1.00E+00 1.00E+00 1.00E+00 1.00E+00 1.00E+00 1.00E+00 1.00E+00
  8.25E+05 1.00E+00 1.00E+00 1.00E+00 6.61E+02 1.00E+00 1.00E+00 1.00E+00 1.00E+00 1.00E+00 1.00E+00 1.00E+00 1.00E+00 1.00E+00 1.00E+00 1.00E+00 1.00E+00 1.00E+00 1.00E+00
  9.25E+05 1.00E+00 1.00E+00 1.00E+00 6.26E+02 1.00E+00 1.00E+00 1.00E+00 1.00E+00 1.00E+00 1.00E+00 1.00E+00 1.00E+00 1.00E+00 1.00E+00 1.00E+00 1.00E+00 1.00E+00 1.00E+00
  1.02E+06 1.00E+00 1.00E+00 1.00E+00 6.00E+02 1.00E+00 1.00E+00 1.00E+00 1.00E+00 1.00E+00 1.00E+00 1.00E+00 1.00E+00 1.00E+00 1.00E+00 1.00E+00 1.00E+00 1.00E+00 1.00E+00

     Z        N2O5     CO2      SO4AER   S8AER   
  2.50E+04 1.00E+00 1.00E+00 1.00E+00 1.00E+00
  1.25E+05 1.00E+00 1.00E+00 1.00E+00 1.00E+00
  2.25E+05 1.00E+00 1.00E+00 1.00E+00 1.00E+00
  3.25E+05 1.00E+00 1.00E+00 1.00E+00 1.00E+00
  4.25E+05 1.00E+00 1.00E+00 1.00E+00 1.00E+00
  5.25E+05 1.00E+00 1.00E+00 1.00E+00 1.00E+00
  6.25E+05 1.00E+00 1.00E+00 1.00E+00 1.00E+00
  7.25E+05 1.00E+00 1.00E+00 1.00E+00 1.00E+00
  8.25E+05 1.00E+00 1.00E+00 1.00E+00 1.00E+00
  9.25E+05 1.00E+00 1.00E+00 1.00E+00 1.00E+00
  1.02E+06 1.00E+00 1.00E+00 1.00E+00 1.00E+00

 GIORGI AND CHAMEIDES RAINOUT RATES


     Z        O        O2       H2O      H        OH       HO2      H2O2     H2       CO       HCO      H2CO     CH4      CH3      C2H6     NO       NO2      HNO      H2S     
  2.50E+04 0.00E+00 2.63E-13 0.00E+00 0.00E+00 8.72E-09 9.31E-07 2.28E-06 1.40E-13 1.97E-13 0.00E+00 8.70E-07 2.87E-13 0.00E+00 4.24E-13 3.84E-13 2.74E-12 0.00E+00 2.16E-11
  1.25E+05 0.00E+00 3.17E-13 0.00E+00 0.00E+00 1.27E-08 1.25E-06 2.37E-06 1.58E-13 2.35E-13 0.00E+00 1.23E-06 3.48E-13 0.00E+00 5.37E-13 4.64E-13 3.52E-12 0.00E+00 2.69E-11
  2.25E+05 0.00E+00 2.63E-13 0.00E+00 0.00E+00 1.29E-08 9.85E-07 1.33E-06 1.23E-13 1.93E-13 0.00E+00 1.00E-06 2.91E-13 0.00E+00 4.71E-13 3.85E-13 3.13E-12 0.00E+00 2.31E-11
  3.25E+05 0.00E+00 2.04E-13 0.00E+00 0.00E+00 1.17E-08 7.01E-07 8.19E-07 9.04E-14 1.48E-13 0.00E+00 7.16E-07 2.27E-13 0.00E+00 3.81E-13 2.99E-13 2.56E-12 0.00E+00 1.84E-11
  4.25E+05 0.00E+00 1.40E-13 0.00E+00 0.00E+00 8.02E-09 4.94E-07 5.83E-07 6.21E-14 1.02E-13 0.00E+00 5.06E-07 1.56E-13 0.00E+00 2.62E-13 2.05E-13 1.76E-12 0.00E+00 1.26E-11
  5.25E+05 0.00E+00 9.22E-14 0.00E+00 0.00E+00 5.28E-09 3.61E-07 4.49E-07 4.08E-14 6.68E-14 0.00E+00 3.71E-07 1.02E-13 0.00E+00 1.72E-13 1.35E-13 1.16E-12 0.00E+00 8.29E-12
  6.25E+05 0.00E+00 5.79E-14 0.00E+00 0.00E+00 3.31E-09 2.62E-07 3.60E-07 2.56E-14 4.19E-14 0.00E+00 2.71E-07 6.43E-14 0.00E+00 1.08E-13 8.46E-14 7.25E-13 0.00E+00 5.20E-12
  7.25E+05 0.00E+00 3.47E-14 0.00E+00 0.00E+00 1.99E-09 1.83E-07 2.89E-07 1.53E-14 2.51E-14 0.00E+00 1.91E-07 3.85E-14 0.00E+00 6.47E-14 5.07E-14 4.34E-13 0.00E+00 3.11E-12
  8.25E+05 0.00E+00 1.98E-14 0.00E+00 0.00E+00 1.14E-09 1.22E-07 2.30E-07 8.78E-15 1.44E-14 0.00E+00 1.29E-07 2.20E-14 0.00E+00 3.70E-14 2.90E-14 2.49E-13 0.00E+00 1.78E-12
  9.25E+05 0.00E+00 1.09E-14 0.00E+00 0.00E+00 6.24E-10 7.60E-08 1.74E-07 4.80E-15 7.86E-15 0.00E+00 8.09E-08 1.21E-14 0.00E+00 2.03E-14 1.59E-14 1.36E-13 0.00E+00 9.75E-13
  1.02E+06 0.00E+00 5.68E-15 0.00E+00 0.00E+00 3.27E-10 4.32E-08 1.14E-07 2.51E-15 4.11E-15 0.00E+00 4.63E-08 6.30E-15 0.00E+00 1.06E-14 8.30E-15 7.11E-14 0.00E+00 5.10E-13

     Z        HS       S        SO       SO2      H2SO4    HSO      S2       S4       S8       SO3      OCS      S3       O3       HNO3     N        NO3      N2O      HO2NO2  
  2.50E+04 2.18E-06 0.00E+00 3.20E-13 3.98E-07 2.37E-06 9.90E-07 0.00E+00 0.00E+00 0.00E+00 2.37E-06 4.79E-12 0.00E+00 0.00E+00 2.34E-06 0.00E+00 6.41E-12 5.78E-12 1.71E-06
  1.25E+05 2.25E-06 0.00E+00 3.52E-13 5.43E-07 2.42E-06 1.07E-06 0.00E+00 0.00E+00 0.00E+00 2.42E-06 5.99E-12 0.00E+00 0.00E+00 2.40E-06 0.00E+00 7.04E-12 7.47E-12 2.00E-06
  2.25E+05 1.29E-06 0.00E+00 2.64E-13 4.44E-07 1.34E-06 7.26E-07 0.00E+00 0.00E+00 0.00E+00 1.34E-06 5.19E-12 0.00E+00 0.00E+00 1.34E-06 0.00E+00 5.27E-12 6.69E-12 1.27E-06
  3.25E+05 8.04E-07 0.00E+00 1.89E-13 3.23E-07 8.20E-07 4.91E-07 0.00E+00 0.00E+00 0.00E+00 8.20E-07 4.16E-12 0.00E+00 0.00E+00 8.20E-07 0.00E+00 3.78E-12 5.50E-12 8.03E-07
  4.25E+05 5.72E-07 0.00E+00 1.30E-13 1.93E-07 5.84E-07 3.43E-07 0.00E+00 0.00E+00 0.00E+00 5.84E-07 2.85E-12 0.00E+00 0.00E+00 5.84E-07 0.00E+00 2.60E-12 3.78E-12 5.72E-07
  5.25E+05 4.35E-07 0.00E+00 8.53E-14 1.14E-07 4.50E-07 2.39E-07 0.00E+00 0.00E+00 0.00E+00 4.50E-07 1.87E-12 0.00E+00 0.00E+00 4.50E-07 0.00E+00 1.71E-12 2.48E-12 4.35E-07
  6.25E+05 3.40E-07 0.00E+00 5.35E-14 6.59E-08 3.62E-07 1.62E-07 0.00E+00 0.00E+00 0.00E+00 3.62E-07 1.18E-12 0.00E+00 0.00E+00 3.61E-07 0.00E+00 1.07E-12 1.56E-12 3.40E-07
  7.25E+05 2.62E-07 0.00E+00 3.21E-14 3.68E-08 2.93E-07 1.06E-07 0.00E+00 0.00E+00 0.00E+00 2.93E-07 7.05E-13 0.00E+00 0.00E+00 2.92E-07 0.00E+00 6.41E-13 9.33E-13 2.62E-07
  8.25E+05 1.95E-07 0.00E+00 1.83E-14 2.00E-08 2.35E-07 6.52E-08 0.00E+00 0.00E+00 0.00E+00 2.35E-07 4.03E-13 0.00E+00 0.00E+00 2.34E-07 0.00E+00 3.67E-13 5.34E-13 1.94E-07
  9.25E+05 1.36E-07 0.00E+00 1.00E-14 1.06E-08 1.81E-07 3.80E-08 0.00E+00 0.00E+00 0.00E+00 1.81E-07 2.21E-13 0.00E+00 0.00E+00 1.79E-07 0.00E+00 2.01E-13 2.92E-13 1.36E-07
  1.02E+06 8.43E-08 0.00E+00 5.25E-15 5.38E-09 1.21E-07 2.07E-08 0.00E+00 0.00E+00 0.00E+00 1.21E-07 1.15E-13 0.00E+00 0.00E+00 1.19E-07 0.00E+00 1.05E-13 1.53E-13 8.40E-08

     Z        N2O5     CO2      SO4AER   S8AER   
  2.50E+04 5.78E-12 0.00E+00 2.37E-06 2.37E-06
  1.25E+05 7.47E-12 0.00E+00 2.42E-06 2.42E-06
  2.25E+05 6.69E-12 0.00E+00 1.34E-06 1.34E-06
  3.25E+05 5.50E-12 0.00E+00 8.20E-07 8.20E-07
  4.25E+05 3.78E-12 0.00E+00 5.84E-07 5.84E-07
  5.25E+05 2.48E-12 0.00E+00 4.50E-07 4.50E-07
  6.25E+05 1.56E-12 0.00E+00 3.62E-07 3.62E-07
  7.25E+05 9.33E-13 0.00E+00 2.93E-07 2.93E-07
  8.25E+05 5.34E-13 0.00E+00 2.35E-07 2.35E-07
  9.25E+05 2.92E-13 0.00E+00 1.81E-07 1.81E-07
  1.02E+06 1.53E-13 0.00E+00 1.21E-07 1.21E-07

 RAINOUT RATE, PHIDEP, TLOSS, LOWER B.C. and vdep

 FOLLOWED BY TP, TL, FUP, FLOW, CON


     Z        O        O2       H2O      H        OH       HO2      H2O2     H2       CO       HCO      H2CO     CH4      CH3      C2H6     NO       NO2      HNO      H2S     
           0.00E+00 2.79E+09 0.00E+00 0.00E+00 9.85E+03 1.55E+08 2.95E+10 6.75E+05 1.87E+05 0.00E+00 1.95E+09 5.24E+06 0.00E+00 1.38E-09 3.26E+00 3.12E+01 0.00E+00 7.04E+02
           6.42E+04 0.00E+00 0.00E+00 2.15E+01 1.07E+06 3.32E+08 7.96E+09 3.15E+09 3.27E+08 8.82E-01 1.10E+09 0.00E+00 7.58E+00 0.00E+00 4.01E+03 5.25E+04 1.69E+02 4.37E+06
           6.42E+04 2.79E+09 0.00E+00 2.15E+01 1.08E+06 4.87E+08 3.75E+10 3.15E+09 3.27E+08 8.82E-01 3.05E+09 5.24E+06 7.58E+00 1.38E-09 4.02E+03 5.26E+04 1.69E+02 4.38E+06
              0        1        0        0        0        0        0        1        1        0        0        1        0        0        0        0        0        2
           1.00E+00 0.00E+00 0.00E+00 1.00E+00 1.00E+00 1.00E+00 2.00E-01 2.40E-04 1.20E-04 1.00E+00 2.00E-01 0.00E+00 1.00E+00 0.00E+00 3.00E-04 3.00E-03 1.00E+00 2.00E-02

           1.43E+15 1.43E+15 1.49E+11 1.95E+12 2.54E+12 2.20E+12 1.90E+11 6.77E+10 2.22E+11 8.77E+10 1.52E+11 4.05E+04 1.52E+11 1.23E+01 1.34E+12 1.36E+12 2.18E+05 3.35E+06
           1.43E+15 1.43E+15 1.15E+11 1.95E+12 2.54E+12 2.20E+12 1.82E+11 5.13E+10 4.02E+11 8.77E+10 1.51E+11 1.53E+11 1.52E+11 1.23E+01 1.34E+12 1.36E+12 2.17E+05 2.03E+08
          -7.60E-05 5.70E-07-6.44E-14 1.34E+07-8.47E-10 3.66E-12 2.58E-28 1.03E+08-2.08E-05 7.88E-12 4.51E-12-2.25E-15 4.62E-12 8.89E-21-2.27E-11-2.61E-17 3.40E-21-7.70E-56
          -6.42E+04 4.09E+11 1.51E+13-2.07E+01-1.07E+06-3.32E+08-7.96E+09-1.63E+10 1.81E+11-6.91E-01-1.10E+09 1.53E+11-7.19E+00 2.75E-15-4.01E+03-5.25E+04-1.69E+02 2.00E+08
          -1.16E+04-1.16E+04 1.51E+13 4.92E+00 1.55E+01 8.79E-01-1.32E+00 4.66E-01 6.24E+00 9.40E-01-8.45E-01 5.82E+00 3.71E-01-7.29E-11 4.29E+00-4.34E+00-5.43E-07-2.31E-03

     Z        HS       S        SO       SO2      H2SO4    HSO      S2       S4       S8       SO3      OCS      S3       O3       HNO3     N        NO3      N2O      HO2NO2  
           7.52E+02 0.00E+00 6.54E-04 5.84E+08 1.96E+08 4.09E+06 0.00E+00 0.00E+00 0.00E+00 1.22E+01 1.93E-08 0.00E+00 0.00E+00 1.25E+08 0.00E+00 3.68E-03 1.96E+07 1.55E+07
           0.00E+00 0.00E+00 0.00E+00 1.43E+09 8.97E+07 2.24E+07 0.00E+00 0.00E+00 0.00E+00 0.00E+00 0.00E+00 0.00E+00 8.19E+09 2.14E+07 0.00E+00 0.00E+00 0.00E+00 7.38E+04
           7.52E+02 0.00E+00 6.54E-04 2.02E+09 2.86E+08 2.65E+07 0.00E+00 0.00E+00 0.00E+00 1.22E+01 1.93E-08 0.00E+00 8.19E+09 1.46E+08 0.00E+00 3.68E-03 1.96E+07 1.56E+07
              0        0        0        3        0        0        0        0        0        0        0        0        0        0        0        0        1        0
           0.00E+00 0.00E+00 0.00E+00 1.00E+00 1.00E+00 1.00E+00 0.00E+00 0.00E+00 0.00E+00 0.00E+00 0.00E+00 0.00E+00 7.00E-02 2.00E-01 0.00E+00 0.00E+00 0.00E+00 2.00E-01

           1.79E+08 2.49E+06 1.21E+10 5.61E+11 7.16E+09 4.16E+08 1.28E-09 2.82E-28 3.12E-71 7.16E+09 2.26E-04 2.29E-22 1.42E+15 4.88E+09 4.05E+07 1.31E+10 3.86E+06 1.05E+10
           1.79E+08 2.49E+06 1.21E+10 5.68E+11 7.07E+09 3.93E+08 1.28E-09 2.82E-28 3.12E-71 7.16E+09 2.26E-04 2.29E-22 1.42E+15 4.86E+09 1.41E+08 1.31E+10 2.91E+10 1.05E+10
          -1.11E-40-1.15E-28-1.05E-28-3.59E-32 4.35E-47-5.95E-38-9.44E-65-1.24E-90 1.08E-94-3.12E-40-1.08E-40-1.01-101-3.52E-10-4.78E-35-1.00E+08-2.08E-24-4.07E-19 8.86E-39
           1.50E-03 4.94E-10 5.82E-04-1.43E+09-8.97E+07-2.24E+07 5.65E-22 1.51E-40-5.85E-82 4.66E-04 1.18E-15 6.51E-38-8.19E+09-2.14E+07-4.95E-63-4.92E-05 2.91E+10-7.38E+04
           2.40E-03 7.24E-05 7.51E-01-9.00E+09-3.18E-04-6.78E-04-2.61E-20-8.16E-40-8.95E-81 4.68E-04-1.94E-14-7.27E-34 1.16E+04-2.05E-02-4.11E-04-3.57E-02-1.21E-01-4.20E-02

     Z        N2O5     CO2      SO4AER   S8AER   
           1.14E-03 0.00E+00 6.79E+09 1.71E-19
           0.00E+00 3.31E+11 6.66E+07 2.60E-21
           1.14E-03 3.31E+11 6.86E+09 1.73E-19
              0        3        0        0
           0.00E+00 5.00E-05 1.27E-02 1.05E-02

           2.37E+07 4.02E+11 6.87E+09 0.00E+00
           2.37E+07 7.16E+10 6.79E+09 1.71E-19
          -4.53E-49 7.50E-07-8.51E-23-1.00E-22
          -3.14E-08-3.31E+11-8.08E+07 2.93E-20
          -7.57E-05-6.88E+08 4.34E-05-1.41E-19

 CONSERVATION OF SULFUR:
     S loss = 9.200E+09  S prod = 9.200000E+09  SO4LOS = 7.142711E+09  8 S8LOSS = 1.385616E-18  sulrain = 7.575E+09   Difference =-1.239E-01

                    OxidOut = -7.4859E-05
                    RedOut  =  1.0934E+08
                       / \
                      /\
  OxidUp = 1.1399E-06 |
  RedUp  = 1.0934E+08 | |
-----------------------|-|----------------
                       | | OxidDown = -7.5999E-05
                         | RedDown  = -2.0791E-05
                         \/
/\
 | OxidDist = 0.0000E+00
 | RedDist  = 0.0000E+00
 |                             /\
 | | OxidRain = 4.2725E+10     | OxidAtm = 8.4671E+11
 | | RedRain  = 3.9263E+09     | RedAtm  = 7.9333E+11
---|--------------------------|-|---------
  \/  OxidOcean = -3.3242E+10| |
      RedOcean  = -1.8548E+10|
                             \/
                              \ /
                         OxidFlow =  8.1347E+11
                         RedFlow  =  7.7478E+11

    global imbalance (ocean)    =  1.0934E+08
    global imbalance (dist-fup) =  1.0934E+08

old redox budget numbers:
     OxidIn = 8.134697E+11  OxidOut =-7.485934E-05  RedIn = 7.747806E+11  RedOut = 1.093406E+08  RedRain = 3.926340E+09  OxidRain = 4.272471E+10   redox = 5.671385E+01

 INTEGRATED REACTION RATES

         1         2         3         4         5         6         7         8         9        10
  1   1.032E+11 1.216E+09 1.180E+07 5.009E+10 2.077E+11 1.718E+12 1.961E+09 4.547E+08 2.046E+10 1.327E+12   10
 11   1.588E+11 3.162E+11 1.360E+12 1.490E+11 1.895E+11 6.560E+10 7.916E+10 1.425E+15 1.135E+11 1.637E+09   20
 21   5.964E+14 7.424E+11 2.662E+11 1.274E+12 1.134E+11 2.516E+09 3.773E+09 5.969E+14 8.255E+14 4.258E+11   30
 31   7.914E+05 5.822E+04 2.811E-03 1.499E+04 7.596E+05 7.596E+05 8.669E+10 2.974E+10 4.191E+10 4.022E+11   40
 41   2.811E+07 6.232E+10 4.565E+10 1.152E+05 5.496E+04 3.377E+06 8.767E+10 4.118E+10 1.022E+07 3.456E+08   50
 51   2.444E+08 6.000E+06 9.387E+09 5.064E+08 5.486E+08 9.215E+07 0.000E+00 4.216E+00 4.647E+09 2.888E+09   60
 61   3.674E+08 2.638E+08 4.054E+07 1.425E+08 1.177E+12 1.499E+11 1.856E+09 1.238E+08 2.422E+02 1.822E+06   70
 71   5.046E+08 1.531E+05 2.633E-07 5.931E+08 1.523E+11 3.249E+07 1.226E+01 6.204E+04 4.053E+04 2.069E-01   80
 81   3.267E-05 8.921E-03 4.980E+04 7.787E+04 5.171E+06 7.672E+05 5.970E+07 6.520E+07 1.217E+12 6.371E+09   90
 91   1.114E+11 4.091E+09 1.559E+11 4.879E+09 1.059E+07 1.213E+09 1.765E+03 1.553E+05 1.210E+02 5.476E+04  100
101   7.225E+03 7.945E+07 3.239E+07 2.267E+04 1.550E+04 7.329E+05 2.716E+06 8.011E+00 2.202E-02 1.454E-02  110
111   4.229E-04 2.959E-02 6.783E-05 8.058E-11 5.124E-16 8.017E+00 2.494E+06 2.905E+06 1.172E+10 5.460E+11  120
121   2.590E+09 6.100E+09 2.143E+08 8.074E+06 5.346E+07 7.108E+09 4.781E+07 7.157E+09 7.108E+09 5.299E+01  130
131   8.973E-04 4.143E+02 1.706E+08 5.495E+02 4.121E+04 6.605E+03 3.641E+06 1.245E+06 1.261E+01 7.208E-03  140
141   1.870E-01 1.281E-09 2.488E+06 6.055E-02 8.661E-10 2.809E-02 2.809E-02 1.597E-16 0.000E+00 3.915E-10  150
151   1.918E+06 8.894E-10 0.000E+00 2.295E-22 2.820E-28 1.038E-38 3.118E-71 2.820E-28 2.295E-22 0.000E+00  160
161   0.000E+00 3.118E-71 2.873E+03 4.963E+10 4.963E+11 8.600E+06 1.261E+08 5.209E+03 5.216E+01 5.218E+10  170
171   4.402E+07 6.394E+00 3.419E+08 5.173E+09 7.663E+05 1.712E+08 4.714E+05 5.964E+03 6.985E+01 7.522E-01  180
181   2.467E-03 2.143E+08 2.881E-01 2.928E+00 5.077E+06 1.660E+05 2.381E+08 3.078E+03 1.539E+03 1.908E+05  190
191   1.458E+08 2.300E-03 0.000E+00 1.159E-09 8.065E-05 1.392E-05 1.087E-10 4.340E-15 1.191E-05 6.929E-09  200
201   1.452E-04 2.000E-04 3.429E+07 0.000E+00 2.978E+07 7.974E-15 6.833E-29 0.000E+00 0.000E+00 7.974E-15  210
211   1.042E+08 9.658E+06 8.953E+08 1.100E+10 1.353E+07 1.439E+09 1.062E+10 3.862E+06 0.000E+00 3.305E+07  220
221   5.172E+07 2.897E+10 5.679E+06 8.203E+03 2.370E+07 3.696E+04 2.207E+03 4.229E+08 8.966E-02 1.050E+10  230
231   2.522E+04 2.722E+09 5.708E+09 1.613E+09 4.386E+08 9.098E+06 1.455E+07 6.320E+05 4.430E+06
         1         2         3         4         5         6         7         8         9        10

 PHOTOCHEMICAL EQUILIBRIUM AND INERT SPECIES

     Z        HNO2     O1D      CH21     CH23     C2H5     SO21     SO23     HSO3     OCS2     N2      
  2.50E+04 2.10E+05 2.73E-03 1.43E-15 3.87E-12 8.97E-15 3.56E-04 2.54E-03 1.43E-01 8.15E-25 2.42E+19
  1.25E+05 2.18E+05 3.76E-03 3.02E-15 8.59E-12 9.63E-15 7.95E-04 5.65E-03 3.28E-01 8.14E-25 2.20E+19
  2.25E+05 2.52E+05 5.62E-03 5.63E-15 1.69E-11 1.06E-14 1.18E-03 8.36E-03 5.28E-01 1.79E-24 2.00E+19
  3.25E+05 3.07E+05 8.63E-03 9.42E-15 3.00E-11 1.12E-14 1.52E-03 1.08E-02 7.37E-01 5.27E-24 1.81E+19
  4.25E+05 3.80E+05 1.31E-02 1.42E-14 4.81E-11 1.14E-14 1.85E-03 1.30E-02 9.44E-01 1.63E-23 1.64E+19
  5.25E+05 4.31E+05 1.94E-02 1.87E-14 6.80E-11 1.06E-14 2.18E-03 1.54E-02 1.13E+00 4.90E-23 1.48E+19
  6.25E+05 3.85E+05 2.78E-02 2.11E-14 8.36E-11 8.95E-15 2.54E-03 1.79E-02 1.25E+00 1.40E-22 1.34E+19
  7.25E+05 3.01E+05 3.82E-02 2.06E-14 9.00E-11 6.87E-15 2.96E-03 2.08E-02 1.31E+00 3.86E-22 1.21E+19
  8.25E+05 2.98E+05 5.08E-02 1.82E-14 8.90E-11 4.98E-15 3.41E-03 2.39E-02 1.34E+00 1.02E-21 1.10E+19
  9.25E+05 3.92E+05 6.54E-02 1.53E-14 8.51E-11 3.58E-15 3.86E-03 2.70E-02 1.36E+00 2.56E-21 9.90E+18
  1.02E+06 5.70E+05 8.28E-02 1.27E-14 8.20E-11 2.62E-15 4.30E-03 3.01E-02 1.42E+00 6.15E-21 8.89E+18
  1.12E+06 7.94E+05 1.15E-01 1.59E-14 1.08E-10 2.38E-15 4.77E-03 3.33E-02 1.52E+00 1.10E-20 7.74E+18
  1.22E+06 1.19E+06 1.96E-01 2.41E-14 1.67E-10 2.40E-15 5.21E-03 3.64E-02 1.67E+00 1.66E-20 6.67E+18
  1.32E+06 1.85E+06 3.37E-01 4.30E-14 3.03E-10 2.81E-15 5.18E-03 3.61E-02 1.87E+00 2.14E-20 5.73E+18
  1.42E+06 2.88E+06 5.85E-01 8.34E-14 5.95E-10 3.69E-15 4.57E-03 3.18E-02 1.94E+00 2.38E-20 4.91E+18
  1.52E+06 4.00E+06 8.97E-01 1.63E-13 1.18E-09 5.33E-15 3.94E-03 2.73E-02 1.86E+00 2.53E-20 4.21E+18
  1.62E+06 5.05E+06 1.29E+00 3.26E-13 2.38E-09 8.65E-15 3.31E-03 2.29E-02 1.70E+00 2.31E-20 3.61E+18
  1.72E+06 5.69E+06 1.82E+00 6.68E-13 4.92E-09 1.51E-14 2.63E-03 1.81E-02 1.46E+00 1.64E-20 3.09E+18
  1.82E+06 5.66E+06 2.58E+00 1.40E-12 1.04E-08 2.76E-14 1.85E-03 1.27E-02 1.09E+00 8.64E-21 2.65E+18
  1.92E+06 5.01E+06 3.73E+00 3.02E-12 2.26E-08 5.24E-14 9.04E-04 6.18E-03 5.57E-01 2.51E-21 2.26E+18
  2.02E+06 4.03E+06 5.41E+00 6.70E-12 5.01E-08 1.02E-13 8.96E-05 6.10E-04 5.71E-02 8.84E-23 1.93E+18
  2.12E+06 3.01E+06 7.67E+00 1.47E-11 1.10E-07 2.01E-13 4.24E-06 2.88E-05 2.76E-03 9.08E-25 1.64E+18
  2.22E+06 2.11E+06 1.03E+01 3.05E-11 2.27E-07 3.82E-13 1.85E-07 1.25E-06 1.21E-04 5.78E-27 1.40E+18
  2.32E+06 1.41E+06 1.31E+01 5.64E-11 4.23E-07 6.74E-13 7.71E-09 5.20E-08 4.99E-06 2.43E-29 1.20E+18
  2.42E+06 8.74E+05 1.51E+01 8.93E-11 6.79E-07 1.06E-12 3.25E-10 2.18E-09 2.02E-07 7.23E-32 1.03E+18
  2.52E+06 4.98E+05 1.52E+01 1.18E-10 9.24E-07 1.52E-12 1.53E-11 1.02E-10 8.67E-09 1.77E-34 8.83E+17
  2.62E+06 2.72E+05 1.41E+01 1.40E-10 1.13E-06 2.35E-12 8.65E-13 5.79E-12 4.38E-10 4.18E-37 7.59E+17
  2.72E+06 1.49E+05 1.25E+01 1.57E-10 1.32E-06 4.35E-12 6.01E-14 4.01E-13 2.73E-11 1.09E-39 6.52E+17
  2.82E+06 8.42E+04 1.08E+01 1.73E-10 1.51E-06 9.09E-12 5.22E-15 3.48E-14 2.13E-12 3.61E-42 5.59E+17
  2.92E+06 4.89E+04 9.24E+00 1.91E-10 1.73E-06 1.96E-11 5.61E-16 3.73E-15 2.06E-13 1.76E-44 4.78E+17
  3.02E+06 2.91E+04 7.77E+00 2.13E-10 2.00E-06 4.19E-11 7.22E-17 4.79E-16 2.39E-14 1.41E-46 4.08E+17
  3.12E+06 1.79E+04 6.48E+00 2.41E-10 2.32E-06 8.57E-11 1.13E-17 7.50E-17 3.36E-15 2.08E-48 3.47E+17
  3.22E+06 1.14E+04 5.38E+00 2.75E-10 2.74E-06 1.67E-10 2.15E-18 1.42E-17 5.68E-16 5.23E-50 2.95E+17
  3.32E+06 7.50E+03 4.47E+00 3.29E-10 3.77E-06 3.14E-10 4.79E-19 3.15E-18 1.13E-16 1.93E-51 2.50E+17
  3.42E+06 5.18E+03 3.73E+00 5.70E-10 1.18E-05 5.63E-10 1.25E-19 8.18E-19 2.60E-17 9.83E-53 2.12E+17
  3.52E+06 3.74E+03 3.14E+00 3.13E-09 8.53E-05 9.63E-10 3.77E-20 2.46E-19 6.98E-18 6.64E-54 1.79E+17
  3.62E+06 2.83E+03 2.67E+00 3.95E-08 7.84E-04 1.57E-09 1.30E-20 8.44E-20 2.15E-18 5.75E-55 1.52E+17
  3.72E+06 2.22E+03 2.31E+00 4.81E-07 7.61E-03 2.43E-09 5.13E-21 3.31E-20 7.57E-19 6.37E-56 1.29E+17
  3.82E+06 1.79E+03 2.02E+00 4.14E-06 6.13E-02 3.62E-09 2.26E-21 1.44E-20 2.98E-19 8.66E-57 1.09E+17
  3.92E+06 1.48E+03 1.79E+00 2.41E-05 3.59E-01 5.19E-09 1.10E-21 6.96E-21 1.30E-19 1.46E-57 9.19E+16
  4.02E+06 1.25E+03 1.57E+00 9.85E-05 1.51E+00 7.29E-09 5.83E-22 3.65E-21 6.24E-20 3.28E-58 7.76E+16
  4.12E+06 1.10E+03 1.36E+00 2.93E-04 4.66E+00 1.03E-08 3.31E-22 2.05E-21 3.28E-20 9.87E-59 6.53E+16
  4.22E+06 9.91E+02 1.15E+00 6.62E-04 1.09E+01 1.47E-08 1.98E-22 1.21E-21 1.86E-20 3.53E-59 5.49E+16
  4.32E+06 9.16E+02 9.40E-01 1.19E-03 2.04E+01 2.12E-08 1.25E-22 7.50E-22 1.13E-20 1.32E-59 4.60E+16
  4.42E+06 8.48E+02 7.61E-01 1.81E-03 3.17E+01 3.09E-08 8.33E-23 4.89E-22 7.28E-21 5.13E-60 3.84E+16
  4.52E+06 7.66E+02 6.22E-01 2.36E-03 4.25E+01 4.43E-08 5.85E-23 3.36E-22 4.80E-21 2.10E-60 3.20E+16
  4.62E+06 6.66E+02 5.21E-01 2.74E-03 4.98E+01 6.16E-08 4.35E-23 2.43E-22 3.21E-21 9.45E-61 2.66E+16
  4.72E+06 5.54E+02 4.48E-01 2.89E-03 5.25E+01 8.24E-08 3.45E-23 1.87E-22 2.19E-21 4.81E-61 2.20E+16
  4.82E+06 4.46E+02 3.96E-01 2.81E-03 5.05E+01 1.05E-07 2.90E-23 1.51E-22 1.51E-21 2.73E-61 1.82E+16
  4.92E+06 3.48E+02 3.62E-01 2.56E-03 4.53E+01 1.28E-07 2.55E-23 1.27E-22 1.06E-21 1.72E-61 1.50E+16
  5.02E+06 2.64E+02 3.41E-01 2.22E-03 3.85E+01 1.47E-07 2.32E-23 1.10E-22 7.50E-22 1.18E-61 1.24E+16
  5.12E+06 1.97E+02 3.33E-01 1.86E-03 3.15E+01 1.56E-07 2.17E-23 9.78E-23 5.32E-22 8.62E-62 1.02E+16
  5.22E+06 1.45E+02 3.38E-01 1.50E-03 2.52E+01 1.53E-07 2.04E-23 8.71E-23 3.76E-22 6.65E-62 8.46E+15
  5.32E+06 1.05E+02 3.59E-01 1.19E-03 1.98E+01 1.38E-07 1.93E-23 7.73E-23 2.62E-22 5.37E-62 7.03E+15
  5.42E+06 7.43E+01 4.00E-01 9.23E-04 1.55E+01 1.12E-07 1.81E-23 6.80E-23 1.79E-22 4.59E-62 5.85E+15
  5.52E+06 5.12E+01 4.73E-01 7.05E-04 1.21E+01 8.26E-08 1.67E-23 5.90E-23 1.18E-22 4.19E-62 4.89E+15
  5.62E+06 3.48E+01 5.86E-01 5.34E-04 9.48E+00 5.64E-08 1.52E-23 5.02E-23 7.49E-23 4.07E-62 4.09E+15
  5.72E+06 2.31E+01 7.76E-01 4.01E-04 7.44E+00 3.58E-08 1.34E-23 4.14E-23 4.49E-23 4.45E-62 3.43E+15
  5.82E+06 7.63E+00 1.33E+00 2.99E-04 5.72E+00 1.14E-08 9.60E-24 2.78E-23 1.11E-23 7.66E-62 2.87E+15
  5.92E+06 1.70E+00 2.56E+00 2.24E-04 4.03E+00 3.37E-09 6.06E-24 1.64E-23 1.85E-24 9.40E-62 2.39E+15
  6.02E+06 3.40E-01 4.33E+00 1.67E-04 2.43E+00 1.65E-09 4.70E-24 1.19E-23 3.86E-25 6.94E-62 1.97E+15
  6.12E+06 6.58E-02 6.05E+00 1.25E-04 1.27E+00 1.28E-09 4.25E-24 9.97E-24 8.87E-26 3.99E-62 1.60E+15
  6.22E+06 1.20E-02 7.05E+00 9.29E-05 6.17E-01 1.66E-09 3.80E-24 8.28E-24 1.86E-26 2.13E-62 1.27E+15
  6.32E+06 2.92E-03 8.08E+00 6.84E-05 3.20E-01 1.74E-09 3.41E-24 7.00E-24 5.18E-27 1.12E-62 1.04E+15
  6.42E+06 8.94E-04 9.23E+00 5.03E-05 1.77E-01 1.29E-09 3.04E-24 5.93E-24 1.86E-27 6.28E-63 8.68E+14
  6.52E+06 2.72E-04 1.01E+01 3.70E-05 1.01E-01 9.59E-10 2.59E-24 4.85E-24 6.73E-28 3.93E-63 7.26E+14
  6.62E+06 8.08E-05 1.09E+01 2.74E-05 5.93E-02 7.14E-10 2.14E-24 3.83E-24 2.43E-28 2.74E-63 6.08E+14
  6.72E+06 2.35E-05 1.16E+01 2.03E-05 3.58E-02 5.33E-10 1.70E-24 2.95E-24 8.74E-29 2.09E-63 5.09E+14
  6.82E+06 6.69E-06 1.22E+01 1.51E-05 2.22E-02 3.99E-10 1.32E-24 2.21E-24 3.10E-29 1.71E-63 4.26E+14
  6.92E+06 1.86E-06 1.29E+01 1.12E-05 1.41E-02 3.01E-10 9.90E-25 1.62E-24 1.09E-29 1.47E-63 3.56E+14
  7.02E+06 5.10E-07 1.35E+01 8.42E-06 9.18E-03 2.27E-10 7.23E-25 1.15E-24 3.74E-30 1.31E-63 2.98E+14
  7.12E+06 1.38E-07 1.39E+01 6.34E-06 6.12E-03 1.72E-10 5.13E-25 8.00E-25 1.27E-30 1.20E-63 2.50E+14
  7.22E+06 3.71E-08 1.40E+01 4.80E-06 4.17E-03 1.31E-10 3.55E-25 5.43E-25 4.22E-31 1.12E-63 2.09E+14
  7.32E+06 1.00E-08 1.37E+01 3.65E-06 2.90E-03 1.00E-10 2.39E-25 3.61E-25 1.38E-31 1.06E-63 1.75E+14
  7.42E+06 2.74E-09 1.32E+01 2.80E-06 2.05E-03 7.66E-11 1.58E-25 2.35E-25 4.47E-32 9.96E-64 1.47E+14
  7.52E+06 7.60E-10 1.24E+01 2.15E-06 1.47E-03 5.88E-11 1.02E-25 1.50E-25 1.43E-32 9.38E-64 1.23E+14
  7.62E+06 2.15E-10 1.15E+01 1.67E-06 1.08E-03 4.53E-11 6.49E-26 9.44E-26 4.54E-33 8.77E-64 1.03E+14
  7.72E+06 6.27E-11 1.06E+01 1.30E-06 7.97E-04 3.50E-11 4.06E-26 5.86E-26 1.43E-33 8.13E-64 8.60E+13
  7.82E+06 1.88E-11 9.65E+00 1.03E-06 5.99E-04 2.71E-11 2.51E-26 3.60E-26 4.51E-34 7.46E-64 7.21E+13
  7.92E+06 5.79E-12 8.75E+00 8.14E-07 4.55E-04 2.10E-11 1.54E-26 2.19E-26 1.42E-34 6.75E-64 6.04E+13
  8.02E+06 1.84E-12 7.91E+00 6.51E-07 3.50E-04 1.64E-11 9.31E-27 1.32E-26 4.49E-35 6.02E-64 5.06E+13
  8.12E+06 6.01E-13 7.13E+00 5.25E-07 2.71E-04 1.28E-11 5.59E-27 7.90E-27 1.42E-35 5.30E-64 4.23E+13
  8.22E+06 2.03E-13 6.42E+00 4.25E-07 2.12E-04 1.00E-11 3.33E-27 4.69E-27 4.57E-36 4.60E-64 3.55E+13
  8.32E+06 7.10E-14 5.78E+00 3.48E-07 1.66E-04 7.89E-12 1.97E-27 2.77E-27 1.50E-36 3.92E-64 2.97E+13
  8.42E+06 2.59E-14 5.21E+00 2.87E-07 1.32E-04 6.21E-12 1.16E-27 1.63E-27 5.02E-37 3.28E-64 2.49E+13
  8.52E+06 9.97E-15 4.71E+00 2.39E-07 1.06E-04 4.91E-12 6.79E-28 9.48E-28 1.74E-37 2.69E-64 2.09E+13
  8.62E+06 4.06E-15 4.26E+00 2.01E-07 8.52E-05 3.89E-12 3.95E-28 5.50E-28 6.32E-38 2.15E-64 1.75E+13
  8.72E+06 1.76E-15 3.87E+00 1.71E-07 6.94E-05 3.10E-12 2.28E-28 3.17E-28 2.40E-38 1.69E-64 1.46E+13
  8.82E+06 8.11E-16 3.54E+00 1.47E-07 5.72E-05 2.48E-12 1.31E-28 1.82E-28 9.51E-39 1.29E-64 1.23E+13
  8.92E+06 3.95E-16 3.24E+00 1.29E-07 4.77E-05 1.99E-12 7.45E-29 1.03E-28 3.92E-39 9.66E-65 1.03E+13
  9.02E+06 2.02E-16 2.99E+00 1.15E-07 4.03E-05 1.60E-12 4.21E-29 5.85E-29 1.67E-39 7.05E-65 8.62E+12
  9.12E+06 1.07E-16 2.77E+00 1.04E-07 3.46E-05 1.30E-12 2.37E-29 3.28E-29 7.26E-40 5.03E-65 7.23E+12
  9.22E+06 5.88E-17 2.58E+00 9.55E-08 3.02E-05 1.06E-12 1.32E-29 1.83E-29 3.21E-40 3.51E-65 6.06E+12
  9.32E+06 3.32E-17 2.42E+00 8.97E-08 2.67E-05 8.66E-13 7.34E-30 1.02E-29 1.43E-40 2.41E-65 5.08E+12
  9.42E+06 1.91E-17 2.28E+00 8.60E-08 2.42E-05 7.12E-13 4.05E-30 5.61E-30 6.45E-41 1.63E-65 4.25E+12
  9.52E+06 1.12E-17 2.16E+00 8.42E-08 2.23E-05 5.89E-13 2.23E-30 3.08E-30 2.92E-41 1.09E-65 3.57E+12
  9.62E+06 6.69E-18 2.06E+00 8.42E-08 2.09E-05 4.89E-13 1.22E-30 1.69E-30 1.33E-41 7.18E-66 2.99E+12
  9.72E+06 4.05E-18 1.98E+00 8.58E-08 1.99E-05 4.07E-13 6.75E-31 9.34E-31 6.09E-42 4.67E-66 2.51E+12
  9.82E+06 2.48E-18 1.91E+00 8.90E-08 1.94E-05 3.41E-13 3.79E-31 5.24E-31 2.86E-42 2.98E-66 2.10E+12
  9.92E+06 1.54E-18 1.85E+00 9.38E-08 1.91E-05 2.87E-13 2.24E-31 3.10E-31 1.42E-42 1.84E-66 1.76E+12

 ATMOSPHERIC PARAMETERS

    Z         T         EDD       DEN        P        H2OSAT     H2O       RELH     CONDEN    H FLUX
  2.500E+04 2.876E+02 1.000E+05 2.479E+19 9.839E-01 1.665E-02 1.235E-02 7.417E-01 0.000E+00 5.202E+11
  1.250E+05 2.825E+02 1.000E+05 2.248E+19 8.763E-01 1.340E-02 8.822E-03 6.583E-01 0.000E+00 4.361E+11
  2.250E+05 2.771E+02 1.000E+05 2.036E+19 7.787E-01 1.042E-02 6.108E-03 5.862E-01 0.000E+00 3.581E+11
  3.250E+05 2.715E+02 1.000E+05 1.842E+19 6.902E-01 7.709E-03 3.945E-03 5.117E-01 0.000E+00 2.879E+11
  4.250E+05 2.657E+02 1.000E+05 1.664E+19 6.103E-01 5.325E-03 2.399E-03 4.506E-01 0.000E+00 2.254E+11
  5.250E+05 2.592E+02 1.000E+05 1.504E+19 5.380E-01 3.392E-03 1.342E-03 3.955E-01 0.000E+00 1.729E+11
  6.250E+05 2.520E+02 1.000E+05 1.359E+19 4.727E-01 1.955E-03 6.758E-04 3.457E-01 0.000E+00 1.329E+11
  7.250E+05 2.439E+02 1.000E+05 1.229E+19 4.136E-01 1.000E-03 3.006E-04 3.007E-01 0.000E+00 1.056E+11
  8.250E+05 2.352E+02 1.000E+05 1.110E+19 3.603E-01 4.518E-04 1.174E-04 2.598E-01 0.000E+00 8.799E+10
  9.250E+05 2.260E+02 1.000E+05 1.001E+19 3.122E-01 1.812E-04 4.041E-05 2.231E-01 0.000E+00 7.684E+10
  1.025E+06 2.166E+02 8.000E+04 8.995E+18 2.689E-01 6.475E-05 1.230E-05 1.900E-01 0.000E+00 6.976E+10
  1.125E+06 2.132E+02 3.000E+04 7.834E+18 2.305E-01 4.809E-05 6.526E-06 1.357E-01 2.746E-11 8.714E+12
  1.225E+06 2.120E+02 1.700E+04 6.745E+18 1.973E-01 4.767E-05 4.926E-06 1.033E-01 2.552E-12 3.263E+11
  1.325E+06 2.111E+02 8.000E+03 5.794E+18 1.688E-01 4.923E-05 4.874E-06 9.901E-02 0.000E+00 1.546E+10
  1.425E+06 2.104E+02 5.800E+03 4.971E+18 1.443E-01 5.230E-05 4.937E-06 9.439E-02 0.000E+00 1.546E+10
  1.525E+06 2.098E+02 4.600E+03 4.261E+18 1.233E-01 5.604E-05 5.022E-06 8.962E-02 0.000E+00 1.546E+10
  1.625E+06 2.091E+02 4.000E+03 3.652E+18 1.054E-01 5.978E-05 5.131E-06 8.582E-02 0.000E+00 1.546E+10
  1.725E+06 2.085E+02 3.900E+03 3.128E+18 8.998E-02 6.387E-05 5.255E-06 8.228E-02 0.000E+00 1.546E+10
  1.825E+06 2.079E+02 3.900E+03 2.676E+18 7.680E-02 6.967E-05 5.385E-06 7.729E-02 0.000E+00 1.546E+10
  1.925E+06 2.077E+02 4.100E+03 2.286E+18 6.554E-02 7.908E-05 5.513E-06 6.971E-02 0.000E+00 1.546E+10
  2.025E+06 2.078E+02 4.600E+03 1.951E+18 5.592E-02 9.310E-05 5.628E-06 6.045E-02 0.000E+00 1.546E+10
  2.125E+06 2.079E+02 5.100E+03 1.664E+18 4.773E-02 1.113E-04 5.722E-06 5.140E-02 0.000E+00 1.546E+10
  2.225E+06 2.079E+02 5.800E+03 1.420E+18 4.074E-02 1.310E-04 5.792E-06 4.423E-02 0.000E+00 1.546E+10
  2.325E+06 2.076E+02 6.600E+03 1.214E+18 3.477E-02 1.461E-04 5.833E-06 3.993E-02 0.000E+00 1.546E+10
  2.425E+06 2.067E+02 7.500E+03 1.040E+18 2.966E-02 1.512E-04 5.842E-06 3.863E-02 0.000E+00 1.546E+10
  2.525E+06 2.052E+02 8.500E+03 8.928E+17 2.528E-02 1.429E-04 5.820E-06 4.072E-02 0.000E+00 1.546E+10
  2.625E+06 2.033E+02 9.500E+03 7.672E+17 2.153E-02 1.266E-04 5.770E-06 4.556E-02 0.000E+00 1.546E+10
  2.725E+06 2.011E+02 1.060E+04 6.591E+17 1.830E-02 1.079E-04 5.695E-06 5.280E-02 0.000E+00 1.546E+10
  2.825E+06 1.990E+02 1.200E+04 5.653E+17 1.552E-02 9.169E-05 5.601E-06 6.109E-02 0.000E+00 1.546E+10
  2.925E+06 1.971E+02 1.300E+04 4.835E+17 1.315E-02 8.006E-05 5.488E-06 6.855E-02 0.000E+00 1.546E+10
  3.025E+06 1.954E+02 1.430E+04 4.125E+17 1.112E-02 7.238E-05 5.355E-06 7.399E-02 0.000E+00 1.546E+10
  3.125E+06 1.940E+02 1.600E+04 3.510E+17 9.397E-03 6.827E-05 5.205E-06 7.625E-02 0.000E+00 1.546E+10
  3.225E+06 1.928E+02 1.740E+04 2.981E+17 7.930E-03 6.626E-05 5.039E-06 7.605E-02 0.000E+00 1.546E+10
  3.325E+06 1.917E+02 1.900E+04 2.528E+17 6.686E-03 6.520E-05 4.853E-06 7.442E-02 0.000E+00 1.546E+10
  3.425E+06 1.905E+02 2.100E+04 2.142E+17 5.631E-03 6.377E-05 4.648E-06 7.288E-02 0.000E+00 1.546E+10
  3.525E+06 1.892E+02 2.300E+04 1.814E+17 4.738E-03 6.106E-05 4.423E-06 7.245E-02 0.000E+00 1.546E+10
  3.625E+06 1.878E+02 2.600E+04 1.537E+17 3.982E-03 5.653E-05 4.181E-06 7.396E-02 0.000E+00 1.546E+10
  3.725E+06 1.862E+02 2.900E+04 1.301E+17 3.341E-03 5.079E-05 3.925E-06 7.728E-02 0.000E+00 1.546E+10
  3.825E+06 1.844E+02 3.200E+04 1.100E+17 2.800E-03 4.426E-05 3.649E-06 8.244E-02 0.000E+00 1.546E+10
  3.925E+06 1.826E+02 3.600E+04 9.297E+16 2.342E-03 3.778E-05 3.354E-06 8.878E-02 0.000E+00 1.546E+10
  4.025E+06 1.807E+02 4.000E+04 7.844E+16 1.956E-03 3.189E-05 3.040E-06 9.532E-02 0.000E+00 1.546E+10
  4.125E+06 1.788E+02 4.400E+04 6.605E+16 1.630E-03 2.701E-05 2.702E-06 1.000E-01 2.016E-14 1.533E+10
  4.225E+06 1.771E+02 4.900E+04 5.549E+16 1.356E-03 2.327E-05 2.364E-06 1.016E-01 5.798E-13 9.409E+09
  4.325E+06 1.756E+02 5.500E+04 4.650E+16 1.127E-03 2.075E-05 2.117E-06 1.020E-01 6.652E-13 3.173E+09
  4.425E+06 1.744E+02 6.200E+04 3.884E+16 9.346E-04 1.958E-05 1.969E-06 1.006E-01 1.817E-13 2.187E+08
  4.525E+06 1.735E+02 6.700E+04 3.235E+16 7.745E-04 1.971E-05 1.847E-06 9.370E-02 0.000E+00 2.187E+08
  4.625E+06 1.730E+02 7.600E+04 2.686E+16 6.413E-04 2.158E-05 1.713E-06 7.940E-02 0.000E+00 2.187E+08
  4.725E+06 1.730E+02 8.400E+04 2.224E+16 5.309E-04 2.598E-05 1.573E-06 6.052E-02 0.000E+00 2.187E+08
  4.825E+06 1.734E+02 9.200E+04 1.838E+16 4.396E-04 3.389E-05 1.425E-06 4.204E-02 0.000E+00 2.187E+08
  4.925E+06 1.741E+02 1.020E+05 1.517E+16 3.643E-04 4.709E-05 1.272E-06 2.702E-02 0.000E+00 2.187E+08
  5.025E+06 1.749E+02 1.120E+05 1.252E+16 3.022E-04 6.787E-05 1.119E-06 1.649E-02 0.000E+00 2.187E+08
  5.125E+06 1.758E+02 1.220E+05 1.034E+16 2.509E-04 9.692E-05 9.663E-07 9.970E-03 0.000E+00 2.187E+08
  5.225E+06 1.764E+02 1.320E+05 8.562E+15 2.084E-04 1.322E-04 8.173E-07 6.183E-03 0.000E+00 2.187E+08
  5.325E+06 1.767E+02 1.420E+05 7.108E+15 1.733E-04 1.666E-04 6.751E-07 4.052E-03 0.000E+00 2.187E+08
  5.425E+06 1.763E+02 1.520E+05 5.921E+15 1.441E-04 1.870E-04 5.433E-07 2.906E-03 0.000E+00 2.187E+08
  5.525E+06 1.753E+02 1.620E+05 4.947E+15 1.197E-04 1.857E-04 4.255E-07 2.292E-03 0.000E+00 2.187E+08
  5.625E+06 1.738E+02 1.720E+05 4.141E+15 9.933E-05 1.646E-04 3.248E-07 1.974E-03 0.000E+00 2.187E+08
  5.725E+06 1.719E+02 1.820E+05 3.469E+15 8.227E-05 1.329E-04 2.409E-07 1.812E-03 0.000E+00 2.187E+08
  5.825E+06 1.697E+02 1.920E+05 2.903E+15 6.799E-05 1.025E-04 1.716E-07 1.674E-03 0.000E+00 2.187E+08
  5.925E+06 1.679E+02 2.020E+05 2.419E+15 5.607E-05 8.459E-05 1.198E-07 1.417E-03 0.000E+00 2.187E+08
  6.025E+06 1.677E+02 2.120E+05 1.996E+15 4.618E-05 9.747E-05 8.329E-08 8.545E-04 0.000E+00 2.187E+08
  6.125E+06 1.706E+02 2.220E+05 1.617E+15 3.808E-05 2.222E-04 5.786E-08 2.604E-04 0.000E+00 2.187E+08
  6.225E+06 1.782E+02 2.320E+05 1.285E+15 3.159E-05 1.232E-03 4.005E-08 3.252E-05 0.000E+00 2.187E+08
  6.325E+06 1.824E+02 2.420E+05 1.049E+15 2.640E-05 3.238E-03 2.743E-08 8.471E-06 0.000E+00 2.187E+08
  6.425E+06 1.824E+02 2.520E+05 8.779E+14 2.209E-05 3.870E-03 1.876E-08 4.849E-06 0.000E+00 2.187E+08
  6.525E+06 1.824E+02 2.620E+05 7.347E+14 1.849E-05 4.624E-03 1.285E-08 2.779E-06 0.000E+00 2.187E+08
  6.625E+06 1.824E+02 2.720E+05 6.148E+14 1.547E-05 5.526E-03 8.822E-09 1.597E-06 0.000E+00 2.187E+08
  6.725E+06 1.824E+02 2.820E+05 5.146E+14 1.295E-05 6.602E-03 6.071E-09 9.195E-07 0.000E+00 2.187E+08
  6.825E+06 1.824E+02 2.920E+05 4.307E+14 1.084E-05 7.888E-03 4.191E-09 5.313E-07 0.000E+00 2.187E+08
  6.925E+06 1.824E+02 3.020E+05 3.605E+14 9.073E-06 9.423E-03 2.905E-09 3.083E-07 0.000E+00 2.187E+08
  7.025E+06 1.824E+02 3.120E+05 3.018E+14 7.595E-06 1.126E-02 2.023E-09 1.797E-07 0.000E+00 2.187E+08
  7.125E+06 1.824E+02 3.220E+05 2.527E+14 6.359E-06 1.345E-02 1.416E-09 1.053E-07 0.000E+00 2.187E+08
  7.225E+06 1.824E+02 3.320E+05 2.115E+14 5.324E-06 1.606E-02 9.975E-10 6.211E-08 0.000E+00 2.187E+08
  7.325E+06 1.824E+02 3.420E+05 1.771E+14 4.457E-06 1.918E-02 7.072E-10 3.687E-08 0.000E+00 2.187E+08
  7.425E+06 1.824E+02 3.520E+05 1.483E+14 3.732E-06 2.291E-02 5.050E-10 2.205E-08 0.000E+00 2.187E+08
  7.525E+06 1.824E+02 3.620E+05 1.242E+14 3.126E-06 2.736E-02 3.634E-10 1.328E-08 0.000E+00 2.187E+08
  7.625E+06 1.824E+02 3.720E+05 1.040E+14 2.617E-06 3.267E-02 2.637E-10 8.072E-09 0.000E+00 2.187E+08
  7.725E+06 1.824E+02 3.820E+05 8.710E+13 2.192E-06 3.900E-02 1.930E-10 4.947E-09 0.000E+00 2.187E+08
  7.825E+06 1.824E+02 3.920E+05 7.295E+13 1.836E-06 4.657E-02 1.425E-10 3.061E-09 0.000E+00 2.187E+08
  7.925E+06 1.824E+02 4.020E+05 6.111E+13 1.538E-06 5.560E-02 1.064E-10 1.913E-09 0.000E+00 2.187E+08
  8.025E+06 1.824E+02 4.070E+05 5.119E+13 1.288E-06 6.637E-02 8.018E-11 1.208E-09 0.000E+00 2.187E+08
  8.125E+06 1.824E+02 4.070E+05 4.288E+13 1.079E-06 7.923E-02 6.091E-11 7.687E-10 0.000E+00 2.187E+08
  8.225E+06 1.824E+02 4.070E+05 3.592E+13 9.040E-07 9.458E-02 4.662E-11 4.930E-10 0.000E+00 2.187E+08
  8.325E+06 1.824E+02 4.070E+05 3.010E+13 7.574E-07 1.129E-01 3.600E-11 3.189E-10 0.000E+00 2.187E+08
  8.425E+06 1.824E+02 4.070E+05 2.522E+13 6.346E-07 1.347E-01 2.807E-11 2.083E-10 0.000E+00 2.187E+08
  8.525E+06 1.824E+02 4.070E+05 2.113E+13 5.318E-07 1.608E-01 2.212E-11 1.376E-10 0.000E+00 2.187E+08
  8.625E+06 1.824E+02 4.070E+05 1.771E+13 4.456E-07 1.919E-01 1.763E-11 9.190E-11 0.000E+00 2.187E+08
  8.725E+06 1.824E+02 4.070E+05 1.484E+13 3.734E-07 2.290E-01 1.424E-11 6.219E-11 0.000E+00 2.187E+08
  8.825E+06 1.824E+02 4.070E+05 1.244E+13 3.130E-07 2.732E-01 1.166E-11 4.267E-11 0.000E+00 2.187E+08
  8.925E+06 1.824E+02 4.070E+05 1.042E+13 2.623E-07 3.260E-01 9.692E-12 2.973E-11 0.000E+00 2.187E+08
  9.025E+06 1.824E+02 4.070E+05 8.736E+12 2.199E-07 3.889E-01 8.190E-12 2.106E-11 0.000E+00 2.187E+08
  9.125E+06 1.824E+02 4.070E+05 7.323E+12 1.843E-07 4.640E-01 7.048E-12 1.519E-11 0.000E+00 2.187E+08
  9.225E+06 1.824E+02 4.070E+05 6.139E+12 1.545E-07 5.534E-01 6.186E-12 1.118E-11 0.000E+00 2.187E+08
  9.325E+06 1.824E+02 4.070E+05 5.146E+12 1.295E-07 6.602E-01 5.547E-12 8.403E-12 0.000E+00 2.187E+08
  9.425E+06 1.824E+02 4.070E+05 4.315E+12 1.086E-07 7.874E-01 5.092E-12 6.467E-12 0.000E+00 2.187E+08
  9.525E+06 1.824E+02 4.070E+05 3.618E+12 9.105E-08 9.391E-01 4.790E-12 5.101E-12 0.000E+00 2.187E+08
  9.625E+06 1.824E+02 4.070E+05 3.034E+12 7.635E-08 1.120E+00 4.621E-12 4.127E-12 0.000E+00 2.187E+08
  9.725E+06 1.824E+02 4.070E+05 2.544E+12 6.403E-08 1.335E+00 4.571E-12 3.423E-12 0.000E+00 2.187E+08
  9.825E+06 1.824E+02 4.070E+05 2.134E+12 5.370E-08 1.592E+00 4.629E-12 2.907E-12 0.000E+00 2.187E+08
  9.925E+06 1.824E+02 4.070E+05 1.790E+12 4.504E-08 1.898E+00 4.789E-12 2.523E-12 0.000E+00 2.187E+08

 SULFATE AEROSOL PARAMETERS

    Z        AERSOL     RPAR      WFALL     FSULF    TAUSED    TAUEDD    TAUC      H2SO4S    H2SO4     CONSO4    CONVER
  2.500E+04 8.132E+00 3.883E-05 2.657E-03 2.400E-01 3.279E+08 7.591E+06 3.513E+08 7.379E-19 3.620E-12 5.792E-17 6.465E+08
  1.250E+05 7.017E+00 3.883E-05 2.845E-03 2.972E-01 3.006E+08 7.313E+06 4.017E+08 1.439E-18 7.712E-12 1.234E-16 8.005E+08
  2.250E+05 7.438E+00 3.883E-05 3.034E-03 3.444E-01 2.764E+08 7.028E+06 3.734E+08 2.048E-18 1.243E-11 1.989E-16 9.278E+08
  3.250E+05 7.864E+00 3.883E-05 3.268E-03 4.047E-01 2.512E+08 6.738E+06 3.473E+08 4.103E-18 1.725E-11 2.761E-16 1.090E+09
  4.250E+05 8.651E+00 3.883E-05 3.476E-03 4.401E-01 2.310E+08 6.450E+06 3.098E+08 4.424E-18 2.167E-11 3.467E-16 1.185E+09
  5.250E+05 9.330E+00 3.883E-05 3.702E-03 4.692E-01 2.116E+08 6.139E+06 2.814E+08 3.444E-18 2.518E-11 4.029E-16 1.264E+09
  6.250E+05 9.773E+00 3.883E-05 3.963E-03 4.980E-01 1.922E+08 5.801E+06 2.626E+08 2.179E-18 2.730E-11 4.368E-16 1.342E+09
  7.250E+05 1.012E+01 3.883E-05 4.254E-03 5.204E-01 1.734E+08 5.438E+06 2.474E+08 8.824E-19 2.793E-11 4.470E-16 1.402E+09
  8.250E+05 1.034E+01 3.883E-05 4.588E-03 5.387E-01 1.550E+08 5.059E+06 2.353E+08 2.415E-19 2.759E-11 4.414E-16 1.451E+09
  9.250E+05 1.040E+01 3.883E-05 4.984E-03 5.562E-01 1.372E+08 4.675E+06 2.266E+08 5.051E-20 2.699E-11 4.319E-16 1.498E+09
  1.025E+06 1.045E+01 3.883E-05 5.454E-03 5.721E-01 1.202E+08 5.370E+06 2.174E+08 7.817E-21 2.681E-11 4.289E-16 1.541E+09
  1.125E+06 1.070E+01 3.883E-05 5.955E-03 5.981E-01 1.084E+08 1.388E+07 2.006E+08 1.109E-20 2.770E-11 4.432E-16 1.611E+09
  1.225E+06 1.288E+01 3.883E-05 6.491E-03 6.181E-01 9.889E+07 2.424E+07 1.557E+08 2.317E-20 3.024E-11 4.838E-16 1.665E+09
  1.325E+06 1.617E+01 3.883E-05 7.060E-03 6.210E-01 9.056E+07 5.110E+07 1.151E+08 2.372E-20 3.374E-11 5.399E-16 1.673E+09
  1.425E+06 1.992E+01 3.883E-05 7.738E-03 6.245E-01 8.238E+07 7.006E+07 8.595E+07 2.646E-20 3.505E-11 5.608E-16 1.682E+09
  1.525E+06 2.103E+01 3.883E-05 8.546E-03 6.281E-01 7.439E+07 8.786E+07 7.439E+07 3.032E-20 3.366E-11 5.386E-16 1.692E+09
  1.625E+06 2.060E+01 3.818E-05 9.292E-03 6.304E-01 6.822E+07 1.005E+08 6.822E+07 3.225E-20 3.076E-11 4.921E-16 1.613E+09
  1.725E+06 1.929E+01 3.664E-05 9.885E-03 6.326E-01 6.395E+07 1.025E+08 6.395E+07 3.439E-20 2.623E-11 4.197E-16 1.432E+09
  1.825E+06 1.740E+01 3.446E-05 1.036E-02 6.361E-01 6.089E+07 1.020E+08 6.089E+07 4.096E-20 1.950E-11 3.121E-16 1.197E+09
  1.925E+06 1.522E+01 3.184E-05 1.076E-02 6.421E-01 5.859E+07 9.691E+07 5.859E+07 6.025E-20 1.002E-11 1.603E-16 9.532E+08
  2.025E+06 1.314E+01 2.913E-05 1.117E-02 6.505E-01 5.647E+07 8.645E+07 5.647E+07 1.081E-19 1.311E-12 2.098E-17 7.399E+08
  2.125E+06 1.141E+01 2.664E-05 1.168E-02 6.601E-01 5.403E+07 7.813E+07 5.403E+07 2.131E-19 7.436E-14 1.190E-18 5.740E+08
  2.225E+06 1.004E+01 2.439E-05 1.231E-02 6.689E-01 5.129E+07 6.877E+07 5.129E+07 3.891E-19 3.658E-15 5.852E-20 4.462E+08
  2.325E+06 8.989E+00 2.237E-05 1.304E-02 6.740E-01 4.835E+07 6.027E+07 4.835E+07 5.308E-19 1.716E-16 2.738E-21 3.470E+08
  2.425E+06 8.207E+00 2.053E-05 1.386E-02 6.754E-01 4.532E+07 5.262E+07 4.532E+07 5.113E-19 8.382E-18 1.259E-22 2.689E+08
  2.525E+06 7.657E+00 1.884E-05 1.475E-02 6.721E-01 4.230E+07 4.579E+07 4.230E+07 3.180E-19 6.953E-19 6.037E-24 2.068E+08
  2.625E+06 7.302E+00 1.726E-05 1.569E-02 6.653E-01 3.942E+07 4.024E+07 3.942E+07 1.428E-19 1.679E-19 4.020E-25 1.573E+08
  2.725E+06 7.395E+00 1.556E-05 1.645E-02 6.558E-01 3.720E+07 3.532E+07 3.532E+07 5.161E-20 5.676E-20 8.246E-26 1.136E+08
  2.825E+06 7.997E+00 1.377E-05 1.698E-02 6.465E-01 3.566E+07 3.056E+07 3.056E+07 1.851E-20 2.034E-20 2.918E-26 7.765E+07
  2.925E+06 8.560E+00 1.225E-05 1.769E-02 6.391E-01 3.391E+07 2.768E+07 2.768E+07 7.713E-21 8.358E-21 1.033E-26 5.402E+07
  3.025E+06 9.615E+00 1.072E-05 1.820E-02 6.340E-01 3.268E+07 2.475E+07 2.475E+07 3.878E-21 4.119E-21 3.866E-27 3.595E+07
  3.125E+06 8.937E+00 1.000E-05 2.004E-02 6.319E-01 2.949E+07 2.182E+07 2.683E+07 2.508E-21 2.585E-21 1.235E-27 2.907E+07
  3.225E+06 6.667E+00 1.000E-05 2.371E-02 6.314E-01 2.477E+07 1.983E+07 3.559E+07 1.844E-21 1.882E-21 6.075E-28 2.904E+07
  3.325E+06 4.900E+00 1.000E-05 2.811E-02 6.320E-01 2.078E+07 1.796E+07 4.805E+07 1.499E-21 1.509E-21 1.708E-28 2.907E+07
  3.425E+06 3.557E+00 1.000E-05 3.336E-02 6.328E-01 1.741E+07 1.606E+07 6.587E+07 1.211E-21 1.205E-21-1.074E-28 2.911E+07
  3.525E+06 2.555E+00 1.000E-05 3.962E-02 6.325E-01 1.456E+07 1.448E+07 9.149E+07 8.765E-22 8.783E-22 3.002E-29 2.909E+07
  3.625E+06 1.818E+00 1.000E-05 4.708E-02 6.305E-01 1.217E+07 1.262E+07 1.286E+08 5.392E-22 5.553E-22 2.571E-28 2.900E+07
  3.725E+06 1.283E+00 1.000E-05 5.600E-02 6.274E-01 1.014E+07 1.113E+07 1.826E+08 2.934E-22 3.095E-22 2.575E-28 2.886E+07
  3.825E+06 8.963E-01 1.000E-05 6.663E-02 6.216E-01 8.448E+06 9.902E+06 2.624E+08 1.280E-22 1.461E-22 2.896E-28 2.859E+07
  3.925E+06 6.170E-01 1.000E-05 7.942E-02 6.155E-01 7.019E+06 8.631E+06 3.830E+08 5.272E-23 6.344E-23 1.716E-28 2.831E+07
  4.025E+06 4.184E-01 1.000E-05 9.483E-02 6.093E-01 5.819E+06 7.614E+06 5.681E+08 2.081E-23 2.660E-23 9.265E-29 2.803E+07
  4.125E+06 2.771E-01 1.000E-05 1.136E-01 6.049E-01 4.811E+06 6.786E+06 8.626E+08 9.084E-24 1.163E-23 4.079E-29 2.782E+07
  4.225E+06 1.786E-01 1.000E-05 1.364E-01 6.027E-01 3.968E+06 5.981E+06 1.345E+09 4.612E-24 5.687E-24 1.720E-29 2.772E+07
  4.325E+06 1.124E-01 1.000E-05 1.642E-01 6.012E-01 3.270E+06 5.240E+06 2.146E+09 2.618E-24 3.162E-24 8.711E-30 2.765E+07
  4.425E+06 6.886E-02 1.000E-05 1.980E-01 6.014E-01 2.693E+06 4.587E+06 3.513E+09 1.861E-24 2.163E-24 4.829E-30 2.767E+07
  4.525E+06 4.064E-02 1.000E-05 2.396E-01 6.054E-01 2.215E+06 4.204E+06 5.961E+09 1.859E-24 1.933E-24 1.191E-30 2.785E+07
  4.625E+06 2.287E-02 1.000E-05 2.909E-01 6.158E-01 1.820E+06 3.688E+06 1.058E+10 3.188E-24 1.931E-24-2.011E-29 2.833E+07
  4.725E+06 1.232E-02 1.000E-05 3.544E-01 6.326E-01 1.494E+06 3.338E+06 1.954E+10 9.609E-24 1.929E-24-1.229E-28 2.910E+07
  4.825E+06 6.315E-03 1.000E-05 4.322E-01 6.525E-01 1.228E+06 3.063E+06 3.789E+10 4.091E-23 1.927E-24-6.238E-28 3.001E+07
  4.925E+06 3.065E-03 1.000E-05 5.275E-01 6.758E-01 1.011E+06 2.787E+06 7.743E+10 2.428E-22 1.925E-24-3.854E-27 3.109E+07
  5.025E+06 1.412E-03 1.000E-05 6.431E-01 6.994E-01 8.334E+05 2.565E+06 1.666E+11 1.578E-21 1.922E-24-2.522E-26 3.217E+07
  5.125E+06 6.165E-04 1.000E-05 7.815E-01 7.185E-01 6.894E+05 2.380E+06 3.788E+11 8.414E-21 1.919E-24-1.346E-25 3.305E+07
  5.225E+06 2.515E-04 1.000E-05 9.477E-01 7.353E-01 5.707E+05 2.217E+06 9.230E+11 3.586E-20 1.916E-24-5.737E-25 3.382E+07
  5.325E+06 9.482E-05 1.000E-05 1.147E+00 7.489E-01 4.723E+05 2.067E+06 2.438E+12 1.083E-19 1.913E-24-1.733E-24 3.445E+07
  5.425E+06 3.264E-05 1.000E-05 1.386E+00 7.579E-01 3.903E+05 1.925E+06 7.073E+12 1.960E-19 1.909E-24-3.135E-24 3.486E+07
  5.525E+06 1.005E-05 1.000E-05 1.674E+00 7.638E-01 3.215E+05 1.787E+06 2.299E+13 2.278E-19 1.904E-24-3.645E-24 3.513E+07
  5.625E+06 2.705E-06 1.000E-05 2.022E+00 7.670E-01 2.639E+05 1.655E+06 8.576E+13 1.776E-19 1.899E-24-2.842E-24 3.528E+07
  5.725E+06 6.170E-07 1.000E-05 2.445E+00 7.679E-01 2.158E+05 1.530E+06 3.781E+14 9.742E-20 1.894E-24-1.559E-24 3.532E+07
  5.825E+06 1.143E-07 1.000E-05 2.965E+00 7.687E-01 1.758E+05 1.415E+06 2.053E+15 4.889E-20 1.887E-24-7.822E-25 3.536E+07
  5.925E+06 1.625E-08 1.000E-05 3.605E+00 7.716E-01 1.431E+05 1.318E+06 1.451E+16 3.181E-20 1.880E-24-5.089E-25 3.549E+07
  6.025E+06 1.619E-09 1.000E-05 4.403E+00 7.836E-01 1.171E+05 1.253E+06 1.453E+17 7.750E-20 1.872E-24-1.240E-24 3.604E+07
  6.125E+06 9.995E-11 1.000E-05 5.381E+00 8.060E-01 9.750E+04 1.240E+06 2.320E+18 1.975E-18 1.862E-24-3.160E-23 3.708E+07
  6.225E+06 3.227E-12 1.000E-05 6.550E+00 8.384E-01 8.368E+04 1.295E+06 6.978E+19 8.134E-16 1.851E-24-1.301E-20 3.857E+07
  6.325E+06 4.681E-14 1.000E-05 7.880E+00 8.562E-01 7.120E+04 1.301E+06 4.735E+21 1.958E-14 1.838E-24-3.133E-19 3.938E+07
  6.425E+06 1.675E-16 1.000E-05 9.445E+00 8.629E-01 5.943E+04 1.250E+06 1.321E+24 3.830E-14 1.823E-24-6.128E-19 3.969E+07
  6.525E+06 2.431E-19 1.000E-05 1.132E+01 8.706E-01 4.958E+04 1.203E+06 9.088E+26 6.949E-14 1.807E-24-1.112E-18 4.005E+07
  6.625E+06 1.630E-21 1.000E-05 1.358E+01 8.784E-01 4.137E+04 1.160E+06 1.352E+29 1.259E-13 1.788E-24-2.014E-18 4.041E+07
  6.725E+06 5.162E-24 1.000E-05 1.627E+01 8.861E-01 3.453E+04 1.120E+06 4.264E+31 2.276E-13 1.766E-24-3.641E-18 4.076E+07
  6.825E+06 6.808E-27 1.000E-05 1.951E+01 8.938E-01 2.881E+04 1.082E+06 3.227E+34 4.103E-13 1.742E-24-6.565E-18 4.111E+07
  6.925E+06 3.227E-30 1.000E-05 2.339E+01 9.020E-01 2.404E+04 1.047E+06 6.796E+37 7.172E-13 1.714E-24-1.148E-17 4.149E+07
  7.025E+06 7.183E-32 1.000E-05 2.808E+01 9.134E-01 2.004E+04 1.014E+06 3.045E+39 1.097E-12 1.683E-24-1.756E-17 4.201E+07
  7.125E+06 5.941E-32 1.000E-05 3.370E+01 9.246E-01 1.670E+04 9.834E+05 3.672E+39 1.674E-12 1.648E-24-2.678E-17 4.253E+07
  7.225E+06 4.915E-32 1.000E-05 4.044E+01 9.357E-01 1.392E+04 9.545E+05 4.427E+39 2.547E-12 1.608E-24-4.075E-17 4.304E+07
  7.325E+06 4.090E-32 1.000E-05 4.842E+01 9.414E-01 1.163E+04 9.273E+05 5.313E+39 3.443E-12 1.564E-24-5.508E-17 4.330E+07
  7.425E+06 3.425E-32 1.000E-05 5.780E+01 9.414E-01 9.746E+03 9.016E+05 6.345E+39 4.111E-12 1.515E-24-6.578E-17 4.330E+07
  7.525E+06 2.868E-32 1.000E-05 6.901E+01 9.414E-01 8.167E+03 8.774E+05 7.577E+39 4.910E-12 1.460E-24-7.855E-17 4.330E+07
  7.625E+06 2.402E-32 1.000E-05 8.237E+01 9.414E-01 6.844E+03 8.544E+05 9.048E+39 5.863E-12 1.400E-24-9.380E-17 4.330E+07
  7.725E+06 2.011E-32 1.000E-05 9.833E+01 9.414E-01 5.736E+03 8.326E+05 1.080E+40 7.000E-12 1.334E-24-1.120E-16 4.330E+07
  7.825E+06 1.685E-32 1.000E-05 1.174E+02 9.414E-01 4.807E+03 8.119E+05 1.290E+40 8.358E-12 1.263E-24-1.337E-16 4.330E+07
  7.925E+06 1.411E-32 1.000E-05 1.401E+02 9.414E-01 4.029E+03 7.923E+05 1.540E+40 9.978E-12 1.186E-24-1.597E-16 4.330E+07
  8.025E+06 1.182E-32 1.000E-05 1.672E+02 9.414E-01 3.377E+03 7.831E+05 1.838E+40 1.191E-11 1.104E-24-1.906E-16 4.330E+07
  8.125E+06 9.902E-33 1.000E-05 1.995E+02 9.414E-01 2.831E+03 7.837E+05 2.195E+40 1.422E-11 1.017E-24-2.275E-16 4.330E+07
  8.225E+06 8.295E-33 1.000E-05 2.381E+02 9.414E-01 2.373E+03 7.842E+05 2.620E+40 1.697E-11 9.245E-25-2.716E-16 4.330E+07
  8.325E+06 6.950E-33 1.000E-05 2.840E+02 9.414E-01 1.990E+03 7.848E+05 3.127E+40 2.026E-11 8.291E-25-3.242E-16 4.330E+07
  8.425E+06 5.823E-33 1.000E-05 3.389E+02 9.414E-01 1.668E+03 7.853E+05 3.732E+40 2.418E-11 7.324E-25-3.869E-16 4.330E+07
  8.525E+06 4.879E-33 1.000E-05 4.043E+02 9.414E-01 1.399E+03 7.859E+05 4.454E+40 2.886E-11 6.366E-25-4.617E-16 4.330E+07
  8.625E+06 4.089E-33 1.000E-05 4.824E+02 9.414E-01 1.173E+03 7.864E+05 5.315E+40 3.444E-11 5.437E-25-5.510E-16 4.330E+07
  8.725E+06 3.426E-33 1.000E-05 5.754E+02 9.414E-01 9.835E+02 7.870E+05 6.342E+40 4.109E-11 4.560E-25-6.575E-16 4.330E+07
  8.825E+06 2.872E-33 1.000E-05 6.864E+02 9.414E-01 8.248E+02 7.876E+05 7.567E+40 4.903E-11 3.753E-25-7.845E-16 4.330E+07
  8.925E+06 2.407E-33 1.000E-05 8.187E+02 9.414E-01 6.918E+02 7.882E+05 9.029E+40 5.850E-11 3.029E-25-9.360E-16 4.330E+07
  9.025E+06 2.017E-33 1.000E-05 9.765E+02 9.414E-01 5.802E+02 7.888E+05 1.077E+41 6.980E-11 2.398E-25-1.117E-15 4.330E+07
  9.125E+06 1.691E-33 1.000E-05 1.165E+03 9.414E-01 4.867E+02 7.894E+05 1.285E+41 8.327E-11 1.863E-25-1.332E-15 4.330E+07
  9.225E+06 1.418E-33 1.000E-05 1.389E+03 9.414E-01 4.083E+02 7.900E+05 1.533E+41 9.933E-11 1.420E-25-1.589E-15 4.330E+07
  9.325E+06 1.188E-33 1.000E-05 1.656E+03 9.414E-01 3.425E+02 7.906E+05 1.828E+41 1.185E-10 1.064E-25-1.896E-15 4.330E+07
  9.425E+06 9.964E-34 1.000E-05 1.975E+03 9.414E-01 2.874E+02 7.913E+05 2.181E+41 1.413E-10 7.831E-26-2.261E-15 4.330E+07
  9.525E+06 8.355E-34 1.000E-05 2.354E+03 9.414E-01 2.412E+02 7.919E+05 2.601E+41 1.685E-10 5.676E-26-2.697E-15 4.330E+07
  9.625E+06 7.006E-34 1.000E-05 2.807E+03 9.414E-01 2.024E+02 7.926E+05 3.102E+41 2.010E-10 4.054E-26-3.216E-15 4.330E+07
  9.725E+06 5.875E-34 1.000E-05 3.346E+03 9.414E-01 1.698E+02 7.933E+05 3.699E+41 2.397E-10 2.858E-26-3.835E-15 4.330E+07
  9.825E+06 4.927E-34 1.000E-05 3.988E+03 9.414E-01 1.425E+02 7.940E+05 4.410E+41 2.858E-10 1.991E-26-4.572E-15 4.330E+07
  9.925E+06 4.133E-34 1.000E-05 4.753E+03 9.414E-01 1.196E+02 7.947E+05 5.258E+41 3.407E-10 1.372E-26-5.451E-15 4.330E+07

 S8 AEROSOL PARAMETERS

    Z        AERSOL     RPAR      WFALL     TAUSED    TAUEDD    TAUC      CONVER
  2.500E+04 1.221E-26 1.000E-05 4.732E-04 1.841E+09 7.591E+06 1.563E+35 2.030E+07
  1.250E+05 1.107E-26 1.000E-05 5.047E-04 1.694E+09 7.313E+06 1.650E+35 2.030E+07
  2.250E+05 1.003E-26 1.000E-05 5.410E-04 1.550E+09 7.028E+06 1.738E+35 2.030E+07
  3.250E+05 9.075E-27 1.000E-05 5.829E-04 1.408E+09 6.738E+06 1.827E+35 2.030E+07
  4.250E+05 8.199E-27 1.000E-05 6.314E-04 1.272E+09 6.450E+06 1.917E+35 2.030E+07
  5.250E+05 7.409E-27 1.000E-05 6.880E-04 1.139E+09 6.139E+06 2.006E+35 2.030E+07
  6.250E+05 6.697E-27 1.000E-05 7.544E-04 1.010E+09 5.801E+06 2.095E+35 2.030E+07
  7.250E+05 6.054E-27 1.000E-05 8.329E-04 8.853E+08 5.438E+06 2.183E+35 2.030E+07
  8.250E+05 5.469E-27 1.000E-05 9.266E-04 7.676E+08 5.059E+06 2.271E+35 2.030E+07
  9.250E+05 4.931E-27 1.000E-05 1.039E-03 6.579E+08 4.675E+06 2.359E+35 2.030E+07
  1.025E+06 4.431E-27 1.000E-05 1.176E-03 5.574E+08 5.370E+06 2.447E+35 2.030E+07
  1.125E+06 3.859E-27 1.000E-05 1.335E-03 4.836E+08 1.388E+07 2.552E+35 2.030E+07
  1.225E+06 3.322E-27 1.000E-05 1.520E-03 4.224E+08 2.424E+07 2.663E+35 2.030E+07
  1.325E+06 2.854E-27 1.000E-05 1.737E-03 3.680E+08 5.110E+07 2.777E+35 2.030E+07
  1.425E+06 2.449E-27 1.000E-05 1.993E-03 3.198E+08 7.006E+07 2.898E+35 2.030E+07
  1.525E+06 2.099E-27 1.000E-05 2.294E-03 2.771E+08 8.786E+07 3.025E+35 2.030E+07
  1.625E+06 1.799E-27 1.000E-05 2.648E-03 2.394E+08 1.005E+08 3.164E+35 2.030E+07
  1.725E+06 1.541E-27 1.000E-05 3.064E-03 2.063E+08 1.025E+08 3.317E+35 2.030E+07
  1.825E+06 1.318E-27 1.000E-05 3.553E-03 1.775E+08 1.020E+08 3.490E+35 2.030E+07
  1.925E+06 1.126E-27 1.000E-05 4.127E-03 1.527E+08 9.691E+07 3.687E+35 2.030E+07
  2.025E+06 9.609E-28 1.000E-05 4.799E-03 1.314E+08 8.645E+07 3.915E+35 2.030E+07
  2.125E+06 8.195E-28 1.000E-05 5.587E-03 1.130E+08 7.813E+07 4.180E+35 2.030E+07
  2.225E+06 6.994E-28 1.000E-05 6.509E-03 9.702E+07 6.877E+07 4.491E+35 2.030E+07
  2.325E+06 5.979E-28 1.000E-05 7.590E-03 8.309E+07 6.027E+07 4.856E+35 2.030E+07
  2.425E+06 5.122E-28 1.000E-05 8.861E-03 7.090E+07 5.262E+07 5.288E+35 2.030E+07
  2.525E+06 4.398E-28 1.000E-05 1.036E-02 6.022E+07 4.579E+07 5.800E+35 2.030E+07
  2.625E+06 3.780E-28 1.000E-05 1.213E-02 5.095E+07 4.024E+07 6.411E+35 2.030E+07
  2.725E+06 3.247E-28 1.000E-05 1.424E-02 4.296E+07 3.532E+07 7.147E+35 2.030E+07
  2.825E+06 2.785E-28 1.000E-05 1.675E-02 3.615E+07 3.056E+07 8.038E+35 2.030E+07
  2.925E+06 2.382E-28 1.000E-05 1.974E-02 3.039E+07 2.768E+07 9.120E+35 2.030E+07
  3.025E+06 2.032E-28 1.000E-05 2.330E-02 2.553E+07 2.475E+07 1.043E+36 2.030E+07
  3.125E+06 1.729E-28 1.000E-05 2.755E-02 2.145E+07 2.182E+07 1.203E+36 2.030E+07
  3.225E+06 1.468E-28 1.000E-05 3.261E-02 1.801E+07 1.983E+07 1.396E+36 2.030E+07
  3.325E+06 1.245E-28 1.000E-05 3.864E-02 1.512E+07 1.796E+07 1.629E+36 2.030E+07
  3.425E+06 1.055E-28 1.000E-05 4.585E-02 1.267E+07 1.606E+07 1.908E+36 2.030E+07
  3.525E+06 8.938E-29 1.000E-05 5.446E-02 1.060E+07 1.448E+07 2.243E+36 2.030E+07
  3.625E+06 7.569E-29 1.000E-05 6.478E-02 8.842E+06 1.262E+07 2.643E+36 2.030E+07
  3.725E+06 6.407E-29 1.000E-05 7.719E-02 7.360E+06 1.113E+07 3.123E+36 2.030E+07
  3.825E+06 5.420E-29 1.000E-05 9.212E-02 6.110E+06 9.902E+06 3.698E+36 2.030E+07
  3.925E+06 4.580E-29 1.000E-05 1.102E-01 5.060E+06 8.631E+06 4.388E+36 2.030E+07
  4.025E+06 3.864E-29 1.000E-05 1.320E-01 4.182E+06 7.614E+06 5.220E+36 2.030E+07
  4.125E+06 3.254E-29 1.000E-05 1.584E-01 3.449E+06 6.786E+06 6.223E+36 2.030E+07
  4.225E+06 2.734E-29 1.000E-05 1.905E-01 2.841E+06 5.981E+06 7.437E+36 2.030E+07
  4.325E+06 2.290E-29 1.000E-05 2.295E-01 2.339E+06 5.240E+06 8.909E+36 2.030E+07
  4.425E+06 1.913E-29 1.000E-05 2.768E-01 1.927E+06 4.587E+06 1.070E+37 2.030E+07
  4.525E+06 1.594E-29 1.000E-05 3.341E-01 1.589E+06 4.204E+06 1.287E+37 2.030E+07
  4.625E+06 1.323E-29 1.000E-05 4.034E-01 1.312E+06 3.688E+06 1.552E+37 2.030E+07
  4.725E+06 1.096E-29 1.000E-05 4.871E-01 1.087E+06 3.338E+06 1.875E+37 2.030E+07
  4.825E+06 9.053E-30 1.000E-05 5.878E-01 9.030E+05 3.063E+06 2.266E+37 2.030E+07
  4.925E+06 7.472E-30 1.000E-05 7.088E-01 7.522E+05 2.787E+06 2.740E+37 2.030E+07
  5.025E+06 6.165E-30 1.000E-05 8.537E-01 6.279E+05 2.565E+06 3.312E+37 2.030E+07
  5.125E+06 5.094E-30 1.000E-05 1.027E+00 5.245E+05 2.380E+06 3.999E+37 2.030E+07
  5.225E+06 4.218E-30 1.000E-05 1.235E+00 4.379E+05 2.217E+06 4.821E+37 2.030E+07
  5.325E+06 3.502E-30 1.000E-05 1.485E+00 3.648E+05 2.067E+06 5.803E+37 2.030E+07
  5.425E+06 2.917E-30 1.000E-05 1.786E+00 3.028E+05 1.925E+06 6.973E+37 2.030E+07
  5.525E+06 2.437E-30 1.000E-05 2.151E+00 2.502E+05 1.787E+06 8.369E+37 2.030E+07
  5.625E+06 2.040E-30 1.000E-05 2.594E+00 2.057E+05 1.655E+06 1.004E+38 2.030E+07
  5.725E+06 1.709E-30 1.000E-05 3.136E+00 1.683E+05 1.530E+06 1.206E+38 2.030E+07
  5.825E+06 1.430E-30 1.000E-05 3.800E+00 1.372E+05 1.415E+06 1.450E+38 2.030E+07
  5.925E+06 1.192E-30 1.000E-05 4.614E+00 1.118E+05 1.318E+06 1.749E+38 2.030E+07
  6.025E+06 9.830E-31 1.000E-05 5.602E+00 9.200E+04 1.253E+06 2.122E+38 2.030E+07
  6.125E+06 7.967E-31 1.000E-05 6.772E+00 7.747E+04 1.240E+06 2.595E+38 2.030E+07
  6.225E+06 6.328E-31 1.000E-05 8.115E+00 6.754E+04 1.295E+06 3.197E+38 2.030E+07
  6.325E+06 5.168E-31 1.000E-05 9.681E+00 5.796E+04 1.301E+06 3.869E+38 2.030E+07
  6.425E+06 4.325E-31 1.000E-05 1.157E+01 4.853E+04 1.250E+06 4.624E+38 2.030E+07
  6.525E+06 3.619E-31 1.000E-05 1.382E+01 4.064E+04 1.203E+06 5.526E+38 2.030E+07
  6.625E+06 3.029E-31 1.000E-05 1.650E+01 3.403E+04 1.160E+06 6.603E+38 2.030E+07
  6.725E+06 2.535E-31 1.000E-05 1.971E+01 2.850E+04 1.120E+06 7.889E+38 2.030E+07
  6.825E+06 2.122E-31 1.000E-05 2.354E+01 2.387E+04 1.082E+06 9.425E+38 2.030E+07
  6.925E+06 1.776E-31 1.000E-05 2.812E+01 2.000E+04 1.047E+06 1.126E+39 2.030E+07
  7.025E+06 1.487E-31 1.000E-05 3.358E+01 1.675E+04 1.014E+06 1.345E+39 2.030E+07
  7.125E+06 1.245E-31 1.000E-05 4.010E+01 1.403E+04 9.834E+05 1.607E+39 2.030E+07
  7.225E+06 1.042E-31 1.000E-05 4.788E+01 1.176E+04 9.545E+05 1.919E+39 2.030E+07
  7.325E+06 8.725E-32 1.000E-05 5.717E+01 9.851E+03 9.273E+05 2.292E+39 2.030E+07
  7.425E+06 7.306E-32 1.000E-05 6.825E+01 8.254E+03 9.016E+05 2.737E+39 2.030E+07
  7.525E+06 6.118E-32 1.000E-05 8.148E+01 6.917E+03 8.774E+05 3.269E+39 2.030E+07
  7.625E+06 5.123E-32 1.000E-05 9.726E+01 5.796E+03 8.544E+05 3.903E+39 2.030E+07
  7.725E+06 4.291E-32 1.000E-05 1.161E+02 4.858E+03 8.326E+05 4.661E+39 2.030E+07
  7.825E+06 3.594E-32 1.000E-05 1.386E+02 4.071E+03 8.119E+05 5.565E+39 2.030E+07
  7.925E+06 3.010E-32 1.000E-05 1.654E+02 3.412E+03 7.923E+05 6.643E+39 2.030E+07
  8.025E+06 2.521E-32 1.000E-05 1.974E+02 2.860E+03 7.831E+05 7.931E+39 2.030E+07
  8.125E+06 2.112E-32 1.000E-05 2.356E+02 2.398E+03 7.837E+05 9.467E+39 2.030E+07
  8.225E+06 1.770E-32 1.000E-05 2.811E+02 2.010E+03 7.842E+05 1.130E+40 2.030E+07
  8.325E+06 1.483E-32 1.000E-05 3.354E+02 1.685E+03 7.848E+05 1.349E+40 2.030E+07
  8.425E+06 1.242E-32 1.000E-05 4.002E+02 1.413E+03 7.853E+05 1.610E+40 2.030E+07
  8.525E+06 1.041E-32 1.000E-05 4.774E+02 1.185E+03 7.859E+05 1.921E+40 2.030E+07
  8.625E+06 8.722E-33 1.000E-05 5.696E+02 9.933E+02 7.864E+05 2.293E+40 2.030E+07
  8.725E+06 7.309E-33 1.000E-05 6.794E+02 8.330E+02 7.870E+05 2.736E+40 2.030E+07
  8.825E+06 6.126E-33 1.000E-05 8.105E+02 6.986E+02 7.876E+05 3.265E+40 2.030E+07
  8.925E+06 5.134E-33 1.000E-05 9.667E+02 5.859E+02 7.882E+05 3.895E+40 2.030E+07
  9.025E+06 4.303E-33 1.000E-05 1.153E+03 4.914E+02 7.888E+05 4.647E+40 2.030E+07
  9.125E+06 3.607E-33 1.000E-05 1.375E+03 4.122E+02 7.894E+05 5.544E+40 2.030E+07
  9.225E+06 3.024E-33 1.000E-05 1.640E+03 3.458E+02 7.900E+05 6.613E+40 2.030E+07
  9.325E+06 2.535E-33 1.000E-05 1.955E+03 2.901E+02 7.906E+05 7.888E+40 2.030E+07
  9.425E+06 2.126E-33 1.000E-05 2.331E+03 2.434E+02 7.913E+05 9.408E+40 2.030E+07
  9.525E+06 1.782E-33 1.000E-05 2.780E+03 2.042E+02 7.919E+05 1.122E+41 2.030E+07
  9.625E+06 1.494E-33 1.000E-05 3.314E+03 1.714E+02 7.926E+05 1.338E+41 2.030E+07
  9.725E+06 1.253E-33 1.000E-05 3.950E+03 1.438E+02 7.933E+05 1.596E+41 2.030E+07
  9.825E+06 1.051E-33 1.000E-05 4.709E+03 1.207E+02 7.940E+05 1.903E+41 2.030E+07
  9.925E+06 8.816E-34 1.000E-05 5.612E+03 1.013E+02 7.947E+05 2.268E+41 2.030E+07


 PHOTOLYSIS RATES

     Z      PO2_O1D    PO2_O3P    PH2O_1     PH2O_2     PH2O_3     PO3_O1D    PO3_O      PO3_3O     
 2.50E+04   0.00E+00   9.37E-14   3.72E-14   0.00E+00   0.00E+00   1.92E-05   2.11E-04   2.21E-13
 1.75E+05   0.00E+00   2.37E-13   1.44E-13   0.00E+00   0.00E+00   2.28E-05   2.18E-04   1.24E-11
 3.25E+05   0.00E+00   4.86E-13   4.77E-13   0.00E+00   0.00E+00   2.59E-05   2.25E-04   1.75E-10
 4.75E+05   0.00E+00   9.10E-13   1.40E-12   0.00E+00   0.00E+00   2.89E-05   2.31E-04   9.58E-10
 6.25E+05   0.00E+00   1.60E-12   3.79E-12   0.00E+00   0.00E+00   3.16E-05   2.38E-04   2.97E-09
 7.75E+05   0.00E+00   2.67E-12   9.31E-12   0.00E+00   0.00E+00   3.44E-05   2.43E-04   6.57E-09
 9.25E+05   0.00E+00   4.19E-12   1.97E-11   0.00E+00   0.00E+00   3.73E-05   2.49E-04   1.18E-08
 1.08E+06   0.00E+00   6.27E-12   3.67E-11   0.00E+00   0.00E+00   4.06E-05   2.54E-04   1.87E-08
 1.22E+06   0.00E+00   9.13E-12   6.32E-11   0.00E+00   0.00E+00   4.46E-05   2.59E-04   2.77E-08
 1.38E+06   0.00E+00   1.34E-11   1.09E-10   0.00E+00   0.00E+00   5.03E-05   2.64E-04   4.03E-08
 1.52E+06   0.00E+00   2.09E-11   1.95E-10   0.00E+00   0.00E+00   6.02E-05   2.70E-04   6.02E-08
 1.68E+06   2.65-147   3.42E-11   3.60E-10   1.20-144   1.80-144   7.71E-05   2.77E-04   9.14E-08
 1.82E+06   1.17-116   5.72E-11   6.61E-10   5.30-114   7.94-114   1.06E-04   2.85E-04   1.38E-07
 1.98E+06   1.95E-92   9.62E-11   1.18E-09   8.84E-90   1.33E-89   1.57E-04   2.94E-04   2.04E-07
 2.12E+06   1.95E-73   1.61E-10   2.01E-09   8.83E-71   1.32E-70   2.57E-04   3.09E-04   2.89E-07
 2.28E+06   8.44E-59   2.58E-10   3.18E-09   3.82E-56   5.73E-56   4.73E-04   3.36E-04   3.86E-07
 2.42E+06   9.31E-48   3.77E-10   4.63E-09   4.22E-45   6.32E-45   9.76E-04   3.94E-04   4.77E-07
 2.58E+06   1.89E-39   4.94E-10   6.35E-09   8.57E-37   1.29E-36   1.73E-03   4.79E-04   5.54E-07
 2.72E+06   4.07E-33   6.03E-10   8.48E-09   1.84E-30   2.77E-30   2.41E-03   5.56E-04   6.19E-07
 2.88E+06   2.92E-28   7.13E-10   1.11E-08   1.32E-25   1.99E-25   2.92E-03   6.13E-04   6.78E-07
 3.02E+06   1.52E-24   8.30E-10   1.44E-08   6.86E-22   1.03E-21   3.26E-03   6.52E-04   7.30E-07
 3.18E+06   1.02E-21   9.62E-10   1.82E-08   4.63E-19   6.95E-19   3.48E-03   6.77E-04   7.77E-07
 3.32E+06   1.49E-19   1.12E-09   2.27E-08   6.64E-17   9.96E-17   3.63E-03   6.93E-04   8.19E-07
 3.48E+06   9.87E-18   1.31E-09   2.84E-08   3.54E-15   5.31E-15   3.72E-03   7.04E-04   8.58E-07
 3.62E+06   7.87E-16   1.57E-09   3.60E-08   1.81E-13   2.71E-13   3.78E-03   7.11E-04   8.94E-07
 3.78E+06   3.71E-14   1.94E-09   4.62E-08   7.36E-12   1.10E-11   3.82E-03   7.15E-04   9.29E-07
 3.92E+06   7.16E-13   2.47E-09   6.06E-08   1.36E-10   2.05E-10   3.85E-03   7.19E-04   9.65E-07
 4.08E+06   6.32E-12   3.22E-09   8.56E-08   1.18E-09   1.77E-09   3.87E-03   7.21E-04   1.01E-06
 4.22E+06   3.00E-11   4.26E-09   1.39E-07   5.52E-09   8.29E-09   3.88E-03   7.22E-04   1.11E-06
 4.38E+06   9.12E-11   5.66E-09   2.47E-07   1.65E-08   2.47E-08   3.89E-03   7.24E-04   1.30E-06
 4.52E+06   2.10E-10   7.46E-09   4.26E-07   3.65E-08   5.47E-08   3.90E-03   7.24E-04   1.60E-06
 4.68E+06   4.07E-10   9.72E-09   6.75E-07   6.53E-08   9.79E-08   3.90E-03   7.25E-04   2.03E-06
 4.82E+06   7.16E-10   1.25E-08   9.74E-07   1.00E-07   1.50E-07   3.90E-03   7.25E-04   2.55E-06
 4.98E+06   1.18E-09   1.60E-08   1.30E-06   1.37E-07   2.06E-07   3.91E-03   7.25E-04   3.10E-06
 5.12E+06   1.88E-09   2.02E-08   1.62E-06   1.74E-07   2.61E-07   3.91E-03   7.26E-04   3.65E-06
 5.28E+06   3.00E-09   2.53E-08   1.94E-06   2.09E-07   3.13E-07   3.91E-03   7.26E-04   4.18E-06
 5.42E+06   5.01E-09   3.11E-08   2.25E-06   2.41E-07   3.61E-07   3.91E-03   7.26E-04   4.68E-06
 5.58E+06   8.93E-09   3.75E-08   2.54E-06   2.70E-07   4.04E-07   3.91E-03   7.26E-04   5.14E-06
 5.72E+06   1.64E-08   4.43E-08   2.83E-06   2.97E-07   4.42E-07   3.91E-03   7.26E-04   5.56E-06
 5.88E+06   3.01E-08   5.13E-08   3.12E-06   3.20E-07   4.76E-07   3.91E-03   7.26E-04   5.95E-06
 6.02E+06   5.31E-08   5.80E-08   3.42E-06   3.42E-07   5.05E-07   3.91E-03   7.26E-04   6.30E-06
 6.18E+06   8.87E-08   6.42E-08   3.73E-06   3.60E-07   5.29E-07   3.91E-03   7.26E-04   6.60E-06
 6.32E+06   1.37E-07   6.98E-08   4.02E-06   3.75E-07   5.48E-07   3.91E-03   7.26E-04   6.85E-06
 6.48E+06   2.04E-07   7.51E-08   4.31E-06   3.87E-07   5.62E-07   3.91E-03   7.26E-04   7.06E-06
 6.62E+06   2.94E-07   8.05E-08   4.58E-06   3.97E-07   5.73E-07   3.92E-03   7.26E-04   7.23E-06
 6.78E+06   4.19E-07   8.68E-08   4.83E-06   4.06E-07   5.81E-07   3.92E-03   7.26E-04   7.39E-06
 6.92E+06   5.86E-07   9.52E-08   5.05E-06   4.13E-07   5.88E-07   3.92E-03   7.26E-04   7.52E-06
 7.08E+06   7.86E-07   1.06E-07   5.23E-06   4.19E-07   5.93E-07   3.92E-03   7.26E-04   7.64E-06
 7.22E+06   9.94E-07   1.18E-07   5.37E-06   4.23E-07   5.96E-07   3.92E-03   7.26E-04   7.74E-06
 7.38E+06   1.18E-06   1.29E-07   5.48E-06   4.27E-07   5.99E-07   3.92E-03   7.26E-04   7.82E-06
 7.52E+06   1.33E-06   1.39E-07   5.55E-06   4.30E-07   6.01E-07   3.92E-03   7.26E-04   7.88E-06
 7.68E+06   1.44E-06   1.46E-07   5.60E-06   4.32E-07   6.03E-07   3.92E-03   7.26E-04   7.92E-06
 7.82E+06   1.52E-06   1.51E-07   5.63E-06   4.33E-07   6.04E-07   3.92E-03   7.26E-04   7.95E-06
 7.98E+06   1.57E-06   1.55E-07   5.66E-06   4.34E-07   6.05E-07   3.92E-03   7.26E-04   7.97E-06
 8.12E+06   1.60E-06   1.57E-07   5.67E-06   4.35E-07   6.05E-07   3.92E-03   7.26E-04   7.98E-06
 8.28E+06   1.63E-06   1.59E-07   5.68E-06   4.35E-07   6.05E-07   3.92E-03   7.26E-04   7.99E-06
 8.42E+06   1.64E-06   1.60E-07   5.69E-06   4.36E-07   6.06E-07   3.92E-03   7.26E-04   8.00E-06
 8.58E+06   1.65E-06   1.61E-07   5.69E-06   4.36E-07   6.06E-07   3.92E-03   7.26E-04   8.00E-06
 8.72E+06   1.66E-06   1.61E-07   5.69E-06   4.36E-07   6.06E-07   3.92E-03   7.26E-04   8.00E-06
 8.88E+06   1.66E-06   1.61E-07   5.70E-06   4.36E-07   6.06E-07   3.92E-03   7.26E-04   8.01E-06
 9.02E+06   1.66E-06   1.62E-07   5.70E-06   4.36E-07   6.06E-07   3.92E-03   7.26E-04   8.01E-06
 9.18E+06   1.67E-06   1.62E-07   5.70E-06   4.36E-07   6.06E-07   3.92E-03   7.26E-04   8.01E-06
 9.32E+06   1.67E-06   1.62E-07   5.70E-06   4.36E-07   6.06E-07   3.92E-03   7.26E-04   8.01E-06
 9.48E+06   1.67E-06   1.62E-07   5.70E-06   4.36E-07   6.06E-07   3.92E-03   7.26E-04   8.01E-06
 9.62E+06   1.67E-06   1.62E-07   5.70E-06   4.36E-07   6.06E-07   3.92E-03   7.26E-04   8.01E-06
 9.78E+06   1.67E-06   1.62E-07   5.70E-06   4.36E-07   6.06E-07   3.92E-03   7.26E-04   8.01E-06
 9.92E+06   1.67E-06   1.62E-07   5.70E-06   4.36E-07   6.06E-07   3.92E-03   7.26E-04   8.01E-06

     Z      PH2O2      PCO2_1     PCO2_2     PH2CO_1    PH2CO_2    PHO2       PCH4_1     PCH4_2     
 2.50E+04   2.51E-06   5.95E-19   0.00E+00   1.80E-05   1.26E-05   6.97E-08   0.00E+00   0.00E+00
 1.75E+05   2.87E-06   7.07E-17   0.00E+00   2.07E-05   1.47E-05   1.73E-07   0.00E+00   0.00E+00
 3.25E+05   3.17E-06   1.76E-15   0.00E+00   2.31E-05   1.67E-05   3.45E-07   0.00E+00   0.00E+00
 4.75E+05   3.44E-06   1.42E-14   0.00E+00   2.52E-05   1.84E-05   6.13E-07   0.00E+00   0.00E+00
 6.25E+05   3.67E-06   6.12E-14   0.00E+00   2.72E-05   2.01E-05   9.93E-07   0.00E+00   0.00E+00
 7.75E+05   3.89E-06   1.79E-13   0.00E+00   2.90E-05   2.16E-05   1.49E-06   0.00E+00   0.00E+00
 9.25E+05   4.11E-06   3.84E-13   0.00E+00   3.07E-05   2.30E-05   2.13E-06   0.00E+00   0.00E+00
 1.08E+06   4.35E-06   6.92E-13   0.00E+00   3.22E-05   2.44E-05   2.93E-06   0.00E+00   0.00E+00
 1.22E+06   4.68E-06   1.14E-12   0.00E+00   3.36E-05   2.57E-05   3.94E-06   0.00E+00   0.00E+00
 1.38E+06   5.08E-06   1.84E-12   0.00E+00   3.49E-05   2.71E-05   5.40E-06   0.00E+00   0.00E+00
 1.52E+06   5.65E-06   3.08E-12   0.00E+00   3.63E-05   2.88E-05   7.90E-06   0.00E+00   0.00E+00
 1.68E+06   6.51E-06   5.26E-12   5.33-146   3.77E-05   3.08E-05   1.23E-05   4.32-144   8.40-144
 1.82E+06   7.78E-06   8.93E-12   2.35-115   3.91E-05   3.31E-05   1.99E-05   1.91-113   3.71-113
 1.98E+06   9.74E-06   1.48E-11   3.92E-91   4.06E-05   3.59E-05   3.32E-05   3.19E-89   6.19E-89
 2.12E+06   1.29E-05   2.34E-11   3.92E-72   4.22E-05   3.92E-05   5.70E-05   3.18E-70   6.18E-70
 2.28E+06   1.78E-05   3.44E-11   1.70E-57   4.38E-05   4.29E-05   9.71E-05   1.38E-55   2.67E-55
 2.42E+06   2.50E-05   4.64E-11   1.87E-46   4.54E-05   4.61E-05   1.51E-04   1.52E-44   2.95E-44
 2.58E+06   3.29E-05   5.83E-11   3.80E-38   4.67E-05   4.84E-05   2.02E-04   3.09E-36   6.00E-36
 2.72E+06   3.94E-05   7.06E-11   8.18E-32   4.76E-05   4.99E-05   2.41E-04   6.65E-30   1.29E-29
 2.88E+06   4.42E-05   8.38E-11   5.88E-27   4.82E-05   5.08E-05   2.68E-04   4.78E-25   9.27E-25
 3.02E+06   4.75E-05   9.80E-11   3.05E-23   4.86E-05   5.15E-05   2.86E-04   2.47E-21   4.80E-21
 3.18E+06   4.97E-05   1.13E-10   2.06E-20   4.89E-05   5.19E-05   3.00E-04   1.67E-18   3.24E-18
 3.32E+06   5.13E-05   1.30E-10   2.95E-18   4.91E-05   5.22E-05   3.09E-04   2.40E-16   4.63E-16
 3.48E+06   5.23E-05   1.48E-10   1.63E-16   4.92E-05   5.24E-05   3.15E-04   1.34E-14   2.33E-14
 3.62E+06   5.31E-05   1.69E-10   9.03E-15   4.93E-05   5.26E-05   3.20E-04   7.67E-13   9.83E-13
 3.78E+06   5.37E-05   1.94E-10   3.79E-13   4.94E-05   5.27E-05   3.24E-04   3.25E-11   3.66E-11
 3.92E+06   5.41E-05   2.24E-10   7.06E-12   4.95E-05   5.28E-05   3.27E-04   6.07E-10   6.64E-10
 4.08E+06   5.44E-05   2.60E-10   6.11E-11   4.95E-05   5.28E-05   3.29E-04   5.25E-09   5.71E-09
 4.22E+06   5.47E-05   3.02E-10   2.86E-10   4.95E-05   5.29E-05   3.30E-04   2.45E-08   2.66E-08
 4.38E+06   5.50E-05   3.50E-10   8.53E-10   4.96E-05   5.30E-05   3.32E-04   7.31E-08   7.92E-08
 4.52E+06   5.54E-05   4.04E-10   1.89E-09   4.97E-05   5.30E-05   3.33E-04   1.62E-07   1.75E-07
 4.68E+06   5.57E-05   4.63E-10   3.38E-09   4.98E-05   5.32E-05   3.34E-04   2.90E-07   3.14E-07
 4.82E+06   5.61E-05   5.27E-10   5.20E-09   4.99E-05   5.33E-05   3.34E-04   4.45E-07   4.82E-07
 4.98E+06   5.65E-05   5.97E-10   7.17E-09   5.01E-05   5.35E-05   3.35E-04   6.13E-07   6.64E-07
 5.12E+06   5.68E-05   6.75E-10   9.16E-09   5.02E-05   5.36E-05   3.35E-04   7.83E-07   8.48E-07
 5.28E+06   5.72E-05   7.63E-10   1.11E-08   5.04E-05   5.38E-05   3.36E-04   9.46E-07   1.03E-06
 5.42E+06   5.75E-05   8.67E-10   1.31E-08   5.06E-05   5.39E-05   3.36E-04   1.10E-06   1.19E-06
 5.58E+06   5.78E-05   9.95E-10   1.50E-08   5.08E-05   5.41E-05   3.37E-04   1.24E-06   1.35E-06
 5.72E+06   5.81E-05   1.17E-09   1.70E-08   5.10E-05   5.44E-05   3.37E-04   1.38E-06   1.49E-06
 5.88E+06   5.84E-05   1.42E-09   1.91E-08   5.13E-05   5.46E-05   3.37E-04   1.50E-06   1.62E-06
 6.02E+06   5.87E-05   1.78E-09   2.12E-08   5.16E-05   5.49E-05   3.37E-04   1.62E-06   1.74E-06
 6.18E+06   5.90E-05   2.24E-09   2.36E-08   5.19E-05   5.53E-05   3.37E-04   1.72E-06   1.84E-06
 6.32E+06   5.93E-05   2.75E-09   2.61E-08   5.21E-05   5.55E-05   3.37E-04   1.80E-06   1.92E-06
 6.48E+06   5.96E-05   3.26E-09   2.91E-08   5.24E-05   5.58E-05   3.38E-04   1.87E-06   1.99E-06
 6.62E+06   5.98E-05   3.73E-09   3.30E-08   5.26E-05   5.60E-05   3.38E-04   1.92E-06   2.04E-06
 6.78E+06   6.00E-05   4.13E-09   3.80E-08   5.28E-05   5.62E-05   3.38E-04   1.97E-06   2.09E-06
 6.92E+06   6.03E-05   4.44E-09   4.45E-08   5.29E-05   5.63E-05   3.38E-04   2.01E-06   2.12E-06
 7.08E+06   6.05E-05   4.67E-09   5.22E-08   5.31E-05   5.65E-05   3.38E-04   2.04E-06   2.15E-06
 7.22E+06   6.07E-05   4.83E-09   6.01E-08   5.33E-05   5.66E-05   3.38E-04   2.06E-06   2.18E-06
 7.38E+06   6.08E-05   4.93E-09   6.71E-08   5.34E-05   5.68E-05   3.38E-04   2.08E-06   2.19E-06
 7.52E+06   6.09E-05   5.00E-09   7.27E-08   5.35E-05   5.68E-05   3.38E-04   2.10E-06   2.21E-06
 7.68E+06   6.10E-05   5.05E-09   7.68E-08   5.35E-05   5.69E-05   3.38E-04   2.11E-06   2.22E-06
 7.82E+06   6.10E-05   5.08E-09   7.97E-08   5.36E-05   5.70E-05   3.38E-04   2.11E-06   2.23E-06
 7.98E+06   6.11E-05   5.10E-09   8.17E-08   5.36E-05   5.70E-05   3.38E-04   2.12E-06   2.23E-06
 8.12E+06   6.11E-05   5.11E-09   8.30E-08   5.36E-05   5.70E-05   3.38E-04   2.12E-06   2.23E-06
 8.28E+06   6.11E-05   5.12E-09   8.39E-08   5.36E-05   5.70E-05   3.38E-04   2.12E-06   2.24E-06
 8.42E+06   6.11E-05   5.12E-09   8.44E-08   5.37E-05   5.70E-05   3.38E-04   2.13E-06   2.24E-06
 8.58E+06   6.11E-05   5.13E-09   8.48E-08   5.37E-05   5.70E-05   3.38E-04   2.13E-06   2.24E-06
 8.72E+06   6.11E-05   5.13E-09   8.51E-08   5.37E-05   5.70E-05   3.38E-04   2.13E-06   2.24E-06
 8.88E+06   6.11E-05   5.13E-09   8.52E-08   5.37E-05   5.70E-05   3.38E-04   2.13E-06   2.24E-06
 9.02E+06   6.11E-05   5.13E-09   8.54E-08   5.37E-05   5.70E-05   3.38E-04   2.13E-06   2.24E-06
 9.18E+06   6.11E-05   5.13E-09   8.54E-08   5.37E-05   5.70E-05   3.38E-04   2.13E-06   2.24E-06
 9.32E+06   6.11E-05   5.13E-09   8.55E-08   5.37E-05   5.71E-05   3.38E-04   2.13E-06   2.24E-06
 9.48E+06   6.11E-05   5.13E-09   8.55E-08   5.37E-05   5.71E-05   3.38E-04   2.13E-06   2.24E-06
 9.62E+06   6.11E-05   5.13E-09   8.56E-08   5.37E-05   5.71E-05   3.38E-04   2.13E-06   2.24E-06
 9.78E+06   6.11E-05   5.13E-09   8.56E-08   5.37E-05   5.71E-05   3.38E-04   2.13E-06   2.24E-06
 9.92E+06   6.11E-05   5.13E-09   8.56E-08   5.37E-05   5.71E-05   3.38E-04   2.13E-06   2.24E-06

     Z      PCH4_3     PC2H6_1    PC2H6_2    PHNO2_1    PHNO3      PHNO3_3    PHNO3_1    PNO        
 2.50E+04   0.00E+00   0.00E+00   0.00E+00   5.41E-04   2.88E-07   5.97E-15   4.29E-15   0.00E+00
 1.75E+05   0.00E+00   0.00E+00   0.00E+00   6.01E-04   3.59E-07   2.56E-12   1.84E-12   3.45-130
 3.25E+05   0.00E+00   0.00E+00   0.00E+00   6.55E-04   4.60E-07   1.22E-10   8.77E-11   1.88E-51
 4.75E+05   0.00E+00   0.00E+00   0.00E+00   7.04E-04   6.18E-07   1.45E-09   1.04E-09   1.66E-25
 6.25E+05   0.00E+00   0.00E+00   0.00E+00   7.48E-04   8.45E-07   8.50E-09   6.11E-09   1.49E-15
 7.75E+05   0.00E+00   0.00E+00   0.00E+00   7.88E-04   1.14E-06   2.89E-08   2.08E-08   6.79E-12
 9.25E+05   0.00E+00   0.00E+00   0.00E+00   8.24E-04   1.50E-06   6.46E-08   4.63E-08   2.23E-10
 1.08E+06   0.00E+00   0.00E+00   0.00E+00   8.57E-04   1.94E-06   1.16E-07   8.35E-08   1.07E-09
 1.22E+06   0.00E+00   0.00E+00   0.00E+00   8.86E-04   2.52E-06   1.91E-07   1.37E-07   3.09E-09
 1.38E+06   0.00E+00   0.00E+00   0.00E+00   9.12E-04   3.33E-06   3.05E-07   2.19E-07   7.74E-09
 1.52E+06   0.00E+00   0.00E+00   0.00E+00   9.38E-04   4.58E-06   4.98E-07   3.57E-07   1.87E-08
 1.68E+06   1.30-143   0.00E+00   8.54-145   9.62E-04   6.54E-06   8.24E-07   5.91E-07   4.30E-08
 1.82E+06   5.72-113   0.00E+00   3.77-114   9.83E-04   9.45E-06   1.34E-06   9.66E-07   9.22E-08
 1.98E+06   9.54E-89   0.00E+00   6.29E-90   1.00E-03   1.36E-05   2.13E-06   1.53E-06   1.83E-07
 2.12E+06   9.53E-70   0.00E+00   6.28E-71   1.02E-03   1.92E-05   3.23E-06   2.32E-06   3.30E-07
 2.28E+06   4.12E-55   0.00E+00   2.72E-56   1.05E-03   2.59E-05   4.54E-06   3.26E-06   5.33E-07
 2.42E+06   4.55E-44   0.00E+00   3.00E-45   1.08E-03   3.27E-05   5.83E-06   4.18E-06   7.58E-07
 2.58E+06   9.25E-36   0.00E+00   6.10E-37   1.11E-03   3.86E-05   6.96E-06   4.99E-06   9.79E-07
 2.72E+06   1.99E-29   0.00E+00   1.31E-30   1.13E-03   4.31E-05   7.95E-06   5.71E-06   1.19E-06
 2.88E+06   1.43E-24   0.00E+00   9.43E-26   1.15E-03   4.64E-05   8.84E-06   6.35E-06   1.40E-06
 3.02E+06   7.41E-21   0.00E+00   4.88E-22   1.16E-03   4.90E-05   9.65E-06   6.93E-06   1.61E-06
 3.18E+06   5.00E-18   0.00E+00   3.30E-19   1.17E-03   5.09E-05   1.04E-05   7.46E-06   1.82E-06
 3.32E+06   7.10E-16   0.00E+00   4.81E-17   1.17E-03   5.24E-05   1.11E-05   7.95E-06   2.02E-06
 3.48E+06   3.11E-14   0.00E+00   3.33E-15   1.18E-03   5.35E-05   1.17E-05   8.39E-06   2.22E-06
 3.62E+06   6.28E-13   0.00E+00   2.75E-13   1.18E-03   5.44E-05   1.23E-05   8.80E-06   2.41E-06
 3.78E+06   9.96E-12   0.00E+00   1.27E-11   1.18E-03   5.51E-05   1.28E-05   9.18E-06   2.61E-06
 3.92E+06   1.29E-10   0.00E+00   2.37E-10   1.18E-03   5.56E-05   1.33E-05   9.55E-06   2.81E-06
 4.08E+06   1.00E-09   0.00E+00   2.02E-09   1.19E-03   5.60E-05   1.38E-05   9.92E-06   3.03E-06
 4.22E+06   4.52E-09   0.00E+00   9.34E-09   1.19E-03   5.65E-05   1.44E-05   1.03E-05   3.27E-06
 4.38E+06   1.33E-08   0.00E+00   2.76E-08   1.19E-03   5.69E-05   1.49E-05   1.07E-05   3.52E-06
 4.52E+06   2.92E-08   0.00E+00   6.06E-08   1.19E-03   5.74E-05   1.55E-05   1.12E-05   3.80E-06
 4.68E+06   5.22E-08   0.00E+00   1.08E-07   1.19E-03   5.80E-05   1.62E-05   1.16E-05   4.10E-06
 4.82E+06   8.03E-08   0.00E+00   1.67E-07   1.19E-03   5.86E-05   1.68E-05   1.21E-05   4.40E-06
 4.98E+06   1.11E-07   0.00E+00   2.32E-07   1.19E-03   5.93E-05   1.75E-05   1.26E-05   4.69E-06
 5.12E+06   1.42E-07   0.00E+00   2.99E-07   1.19E-03   6.00E-05   1.81E-05   1.30E-05   4.98E-06
 5.28E+06   1.73E-07   0.00E+00   3.67E-07   1.19E-03   6.05E-05   1.87E-05   1.34E-05   5.26E-06
 5.42E+06   2.03E-07   0.00E+00   4.33E-07   1.19E-03   6.10E-05   1.92E-05   1.38E-05   5.52E-06
 5.58E+06   2.30E-07   0.00E+00   4.95E-07   1.19E-03   6.13E-05   1.97E-05   1.41E-05   5.77E-06
 5.72E+06   2.56E-07   0.00E+00   5.54E-07   1.19E-03   6.14E-05   2.02E-05   1.45E-05   6.02E-06
 5.88E+06   2.79E-07   0.00E+00   6.09E-07   1.19E-03   6.16E-05   2.06E-05   1.48E-05   6.26E-06
 6.02E+06   3.00E-07   0.00E+00   6.58E-07   1.19E-03   6.19E-05   2.10E-05   1.51E-05   6.52E-06
 6.18E+06   3.18E-07   0.00E+00   7.01E-07   1.19E-03   6.27E-05   2.15E-05   1.54E-05   6.77E-06
 6.32E+06   3.32E-07   0.00E+00   7.34E-07   1.19E-03   6.38E-05   2.19E-05   1.57E-05   7.01E-06
 6.48E+06   3.43E-07   0.00E+00   7.61E-07   1.19E-03   6.41E-05   2.22E-05   1.60E-05   7.24E-06
 6.62E+06   3.52E-07   0.00E+00   7.82E-07   1.19E-03   6.44E-05   2.26E-05   1.62E-05   7.45E-06
 6.78E+06   3.59E-07   0.00E+00   7.98E-07   1.19E-03   6.46E-05   2.28E-05   1.64E-05   7.65E-06
 6.92E+06   3.65E-07   0.00E+00   8.12E-07   1.19E-03   6.48E-05   2.31E-05   1.66E-05   7.83E-06
 7.08E+06   3.69E-07   0.00E+00   8.23E-07   1.19E-03   6.50E-05   2.33E-05   1.67E-05   7.99E-06
 7.22E+06   3.74E-07   0.00E+00   8.33E-07   1.19E-03   6.51E-05   2.35E-05   1.68E-05   8.12E-06
 7.38E+06   3.77E-07   0.00E+00   8.40E-07   1.19E-03   6.53E-05   2.36E-05   1.69E-05   8.22E-06
 7.52E+06   3.80E-07   0.00E+00   8.46E-07   1.19E-03   6.53E-05   2.37E-05   1.70E-05   8.29E-06
 7.68E+06   3.81E-07   0.00E+00   8.50E-07   1.19E-03   6.54E-05   2.38E-05   1.71E-05   8.35E-06
 7.82E+06   3.83E-07   0.00E+00   8.53E-07   1.19E-03   6.54E-05   2.38E-05   1.71E-05   8.38E-06
 7.98E+06   3.83E-07   0.00E+00   8.54E-07   1.19E-03   6.55E-05   2.38E-05   1.71E-05   8.40E-06
 8.12E+06   3.84E-07   0.00E+00   8.56E-07   1.19E-03   6.55E-05   2.39E-05   1.71E-05   8.42E-06
 8.28E+06   3.84E-07   0.00E+00   8.57E-07   1.19E-03   6.55E-05   2.39E-05   1.71E-05   8.43E-06
 8.42E+06   3.85E-07   0.00E+00   8.57E-07   1.19E-03   6.55E-05   2.39E-05   1.71E-05   8.44E-06
 8.58E+06   3.85E-07   0.00E+00   8.58E-07   1.19E-03   6.55E-05   2.39E-05   1.72E-05   8.44E-06
 8.72E+06   3.85E-07   0.00E+00   8.58E-07   1.19E-03   6.55E-05   2.39E-05   1.72E-05   8.44E-06
 8.88E+06   3.85E-07   0.00E+00   8.58E-07   1.19E-03   6.55E-05   2.39E-05   1.72E-05   8.45E-06
 9.02E+06   3.85E-07   0.00E+00   8.58E-07   1.19E-03   6.55E-05   2.39E-05   1.72E-05   8.45E-06
 9.18E+06   3.85E-07   0.00E+00   8.58E-07   1.19E-03   6.55E-05   2.39E-05   1.72E-05   8.45E-06
 9.32E+06   3.85E-07   0.00E+00   8.58E-07   1.19E-03   6.55E-05   2.39E-05   1.72E-05   8.45E-06
 9.48E+06   3.85E-07   0.00E+00   8.58E-07   1.19E-03   6.55E-05   2.39E-05   1.72E-05   8.45E-06
 9.62E+06   3.85E-07   0.00E+00   8.58E-07   1.19E-03   6.55E-05   2.39E-05   1.72E-05   8.45E-06
 9.78E+06   3.85E-07   0.00E+00   8.58E-07   1.19E-03   6.55E-05   2.39E-05   1.72E-05   8.45E-06
 9.92E+06   3.85E-07   0.00E+00   8.58E-07   1.19E-03   6.55E-05   2.39E-05   1.72E-05   8.45E-06

     Z      PNO2_O1D   PNO2       PCH3_1     PSO        PH2S       PSO2       PSO2_SO21  PSO2_SO23  
 2.50E+04   3.27E-09   3.58E-03   4.03E-08   1.14E-07   4.55E-08   6.53E-08   6.78E-05   4.24E-07
 1.75E+05   7.99E-09   3.93E-03   9.95E-08   2.94E-07   1.21E-07   1.72E-07   8.07E-05   4.67E-07
 3.25E+05   1.56E-08   4.25E-03   1.93E-07   6.14E-07   2.62E-07   3.64E-07   9.25E-05   5.06E-07
 4.75E+05   2.70E-08   4.53E-03   3.26E-07   1.14E-06   5.04E-07   6.82E-07   1.03E-04   5.42E-07
 6.25E+05   4.30E-08   4.78E-03   4.99E-07   1.92E-06   8.69E-07   1.15E-06   1.14E-04   5.73E-07
 7.75E+05   6.39E-08   5.02E-03   7.14E-07   2.97E-06   1.36E-06   1.78E-06   1.24E-04   6.02E-07
 9.25E+05   9.04E-08   5.23E-03   9.79E-07   4.30E-06   1.99E-06   2.58E-06   1.34E-04   6.28E-07
 1.08E+06   1.24E-07   5.42E-03   1.31E-06   5.97E-06   2.78E-06   3.58E-06   1.44E-04   6.51E-07
 1.22E+06   1.67E-07   5.58E-03   1.73E-06   8.07E-06   3.76E-06   4.83E-06   1.55E-04   6.72E-07
 1.38E+06   2.30E-07   5.74E-03   2.37E-06   1.10E-05   5.14E-06   6.59E-06   1.68E-04   6.90E-07
 1.52E+06   3.41E-07   5.88E-03   3.52E-06   1.58E-05   7.38E-06   9.46E-06   1.87E-04   7.07E-07
 1.68E+06   5.41E-07   6.02E-03   5.71E-06   2.39E-05   1.11E-05   1.42E-05   2.15E-04   7.22E-07
 1.82E+06   8.99E-07   6.13E-03   9.74E-06   3.66E-05   1.69E-05   2.18E-05   2.55E-04   7.35E-07
 1.98E+06   1.55E-06   6.22E-03   1.70E-05   5.63E-05   2.61E-05   3.35E-05   3.13E-04   7.44E-07
 2.12E+06   2.76E-06   6.30E-03   2.91E-05   8.52E-05   3.99E-05   5.08E-05   3.99E-04   7.51E-07
 2.28E+06   4.86E-06   6.37E-03   4.51E-05   1.22E-04   5.89E-05   7.31E-05   5.14E-04   7.57E-07
 2.42E+06   7.65E-06   6.42E-03   6.01E-05   1.57E-04   7.94E-05   9.47E-05   6.41E-04   7.61E-07
 2.58E+06   1.01E-05   6.46E-03   7.05E-05   1.84E-04   9.60E-05   1.11E-04   7.45E-04   7.64E-07
 2.72E+06   1.19E-05   6.49E-03   7.75E-05   2.02E-04   1.08E-04   1.22E-04   8.16E-04   7.66E-07
 2.88E+06   1.32E-05   6.51E-03   8.24E-05   2.15E-04   1.16E-04   1.30E-04   8.63E-04   7.68E-07
 3.02E+06   1.41E-05   6.53E-03   8.59E-05   2.25E-04   1.23E-04   1.37E-04   8.94E-04   7.70E-07
 3.18E+06   1.47E-05   6.54E-03   8.86E-05   2.33E-04   1.27E-04   1.41E-04   9.14E-04   7.71E-07
 3.32E+06   1.52E-05   6.55E-03   9.05E-05   2.39E-04   1.31E-04   1.45E-04   9.27E-04   7.72E-07
 3.48E+06   1.56E-05   6.56E-03   9.20E-05   2.43E-04   1.34E-04   1.48E-04   9.36E-04   7.73E-07
 3.62E+06   1.58E-05   6.57E-03   9.31E-05   2.47E-04   1.36E-04   1.50E-04   9.41E-04   7.73E-07
 3.78E+06   1.61E-05   6.57E-03   9.40E-05   2.49E-04   1.37E-04   1.52E-04   9.45E-04   7.74E-07
 3.92E+06   1.63E-05   6.57E-03   9.47E-05   2.51E-04   1.39E-04   1.53E-04   9.48E-04   7.74E-07
 4.08E+06   1.65E-05   6.57E-03   9.52E-05   2.53E-04   1.40E-04   1.54E-04   9.50E-04   7.74E-07
 4.22E+06   1.67E-05   6.58E-03   9.56E-05   2.54E-04   1.40E-04   1.55E-04   9.52E-04   7.74E-07
 4.38E+06   1.70E-05   6.58E-03   9.59E-05   2.55E-04   1.41E-04   1.56E-04   9.53E-04   7.74E-07
 4.52E+06   1.72E-05   6.58E-03   9.61E-05   2.56E-04   1.42E-04   1.57E-04   9.54E-04   7.75E-07
 4.68E+06   1.76E-05   6.58E-03   9.62E-05   2.57E-04   1.43E-04   1.59E-04   9.54E-04   7.75E-07
 4.82E+06   1.79E-05   6.58E-03   9.64E-05   2.57E-04   1.45E-04   1.60E-04   9.55E-04   7.75E-07
 4.98E+06   1.82E-05   6.58E-03   9.65E-05   2.58E-04   1.46E-04   1.61E-04   9.55E-04   7.75E-07
 5.12E+06   1.86E-05   6.58E-03   9.65E-05   2.58E-04   1.47E-04   1.63E-04   9.55E-04   7.75E-07
 5.28E+06   1.89E-05   6.58E-03   9.66E-05   2.58E-04   1.48E-04   1.64E-04   9.55E-04   7.75E-07
 5.42E+06   1.92E-05   6.58E-03   9.66E-05   2.58E-04   1.49E-04   1.65E-04   9.56E-04   7.75E-07
 5.58E+06   1.95E-05   6.58E-03   9.67E-05   2.58E-04   1.50E-04   1.66E-04   9.56E-04   7.75E-07
 5.72E+06   1.98E-05   6.58E-03   9.67E-05   2.59E-04   1.50E-04   1.67E-04   9.56E-04   7.75E-07
 5.88E+06   2.01E-05   6.58E-03   9.67E-05   2.59E-04   1.51E-04   1.68E-04   9.56E-04   7.75E-07
 6.02E+06   2.05E-05   6.58E-03   9.67E-05   2.59E-04   1.52E-04   1.69E-04   9.56E-04   7.75E-07
 6.18E+06   2.08E-05   6.59E-03   9.67E-05   2.59E-04   1.52E-04   1.69E-04   9.56E-04   7.75E-07
 6.32E+06   2.11E-05   6.59E-03   9.67E-05   2.59E-04   1.53E-04   1.70E-04   9.56E-04   7.75E-07
 6.48E+06   2.14E-05   6.59E-03   9.67E-05   2.59E-04   1.53E-04   1.70E-04   9.56E-04   7.75E-07
 6.62E+06   2.17E-05   6.59E-03   9.68E-05   2.59E-04   1.53E-04   1.71E-04   9.56E-04   7.75E-07
 6.78E+06   2.20E-05   6.59E-03   9.68E-05   2.59E-04   1.54E-04   1.71E-04   9.56E-04   7.75E-07
 6.92E+06   2.23E-05   6.59E-03   9.68E-05   2.59E-04   1.54E-04   1.71E-04   9.56E-04   7.75E-07
 7.08E+06   2.26E-05   6.59E-03   9.68E-05   2.59E-04   1.54E-04   1.71E-04   9.56E-04   7.75E-07
 7.22E+06   2.28E-05   6.59E-03   9.68E-05   2.59E-04   1.55E-04   1.72E-04   9.56E-04   7.75E-07
 7.38E+06   2.30E-05   6.59E-03   9.68E-05   2.59E-04   1.55E-04   1.72E-04   9.56E-04   7.75E-07
 7.52E+06   2.31E-05   6.59E-03   9.68E-05   2.59E-04   1.55E-04   1.72E-04   9.56E-04   7.75E-07
 7.68E+06   2.32E-05   6.59E-03   9.68E-05   2.59E-04   1.55E-04   1.72E-04   9.56E-04   7.75E-07
 7.82E+06   2.33E-05   6.59E-03   9.68E-05   2.60E-04   1.55E-04   1.72E-04   9.56E-04   7.75E-07
 7.98E+06   2.33E-05   6.59E-03   9.68E-05   2.60E-04   1.56E-04   1.72E-04   9.56E-04   7.75E-07
 8.12E+06   2.34E-05   6.59E-03   9.68E-05   2.60E-04   1.56E-04   1.72E-04   9.56E-04   7.75E-07
 8.28E+06   2.34E-05   6.59E-03   9.68E-05   2.60E-04   1.56E-04   1.72E-04   9.56E-04   7.75E-07
 8.42E+06   2.34E-05   6.59E-03   9.68E-05   2.60E-04   1.56E-04   1.72E-04   9.56E-04   7.75E-07
 8.58E+06   2.34E-05   6.59E-03   9.68E-05   2.60E-04   1.56E-04   1.72E-04   9.56E-04   7.75E-07
 8.72E+06   2.34E-05   6.59E-03   9.68E-05   2.60E-04   1.56E-04   1.72E-04   9.56E-04   7.75E-07
 8.88E+06   2.34E-05   6.59E-03   9.68E-05   2.60E-04   1.56E-04   1.72E-04   9.56E-04   7.75E-07
 9.02E+06   2.34E-05   6.59E-03   9.68E-05   2.60E-04   1.56E-04   1.72E-04   9.56E-04   7.75E-07
 9.18E+06   2.34E-05   6.59E-03   9.68E-05   2.60E-04   1.56E-04   1.72E-04   9.56E-04   7.75E-07
 9.32E+06   2.34E-05   6.59E-03   9.68E-05   2.60E-04   1.56E-04   1.72E-04   9.56E-04   7.75E-07
 9.48E+06   2.34E-05   6.59E-03   9.68E-05   2.60E-04   1.56E-04   1.72E-04   9.56E-04   7.75E-07
 9.62E+06   2.34E-05   6.59E-03   9.68E-05   2.60E-04   1.56E-04   1.72E-04   9.56E-04   7.75E-07
 9.78E+06   2.34E-05   6.59E-03   9.68E-05   2.60E-04   1.56E-04   1.72E-04   9.56E-04   7.75E-07
 9.92E+06   2.34E-05   6.59E-03   9.68E-05   2.60E-04   1.56E-04   1.72E-04   9.56E-04   7.75E-07

     Z      PS2        PS4        PS3        PS8L       PS8R       PS8        PSO3       PHSO       
 2.50E+04   4.97E-05   1.16E-01   5.31E-01   0.00E+00   0.00E+00   9.81E-14   9.94E-08   6.97E-08
 1.75E+05   5.90E-05   1.20E-01   5.70E-01   0.00E+00   0.00E+00   1.38E-13   1.26E-07   1.73E-07
 3.25E+05   6.75E-05   1.23E-01   6.06E-01   0.00E+00   0.00E+00   1.88E-13   1.60E-07   3.45E-07
 4.75E+05   7.53E-05   1.26E-01   6.37E-01   0.00E+00   0.00E+00   2.51E-13   2.05E-07   6.13E-07
 6.25E+05   8.27E-05   1.29E-01   6.66E-01   0.00E+00   0.00E+00   3.31E-13   2.64E-07   9.93E-07
 7.75E+05   8.99E-05   1.32E-01   6.92E-01   0.00E+00   0.00E+00   4.32E-13   3.38E-07   1.49E-06
 9.25E+05   9.69E-05   1.34E-01   7.16E-01   0.00E+00   0.00E+00   5.63E-13   4.28E-07   2.13E-06
 1.08E+06   1.04E-04   1.36E-01   7.37E-01   0.00E+00   0.00E+00   7.39E-13   5.38E-07   2.93E-06
 1.22E+06   1.11E-04   1.38E-01   7.55E-01   0.00E+00   0.00E+00   9.92E-13   6.74E-07   3.94E-06
 1.38E+06   1.20E-04   1.40E-01   7.73E-01   0.00E+00   0.00E+00   1.34E-12   8.62E-07   5.40E-06
 1.52E+06   1.33E-04   1.43E-01   7.89E-01   0.00E+00   0.00E+00   1.83E-12   1.17E-06   7.90E-06
 1.68E+06   1.51E-04   1.45E-01   8.04E-01   0.00E+00   0.00E+00   2.54E-12   1.68E-06   1.23E-05
 1.82E+06   1.77E-04   1.46E-01   8.15E-01   0.00E+00   0.00E+00   3.56E-12   2.50E-06   1.99E-05
 1.98E+06   2.16E-04   1.48E-01   8.24E-01   0.00E+00   0.00E+00   5.11E-12   3.81E-06   3.32E-05
 2.12E+06   2.72E-04   1.48E-01   8.31E-01   0.00E+00   0.00E+00   7.55E-12   5.84E-06   5.70E-05
 2.28E+06   3.48E-04   1.49E-01   8.36E-01   0.00E+00   0.00E+00   1.15E-11   8.72E-06   9.71E-05
 2.42E+06   4.25E-04   1.50E-01   8.40E-01   0.00E+00   0.00E+00   1.76E-11   1.21E-05   1.51E-04
 2.58E+06   4.84E-04   1.50E-01   8.43E-01   0.00E+00   0.00E+00   2.63E-11   1.53E-05   2.02E-04
 2.72E+06   5.23E-04   1.50E-01   8.45E-01   0.00E+00   0.00E+00   3.72E-11   1.77E-05   2.41E-04
 2.88E+06   5.47E-04   1.50E-01   8.46E-01   0.00E+00   0.00E+00   5.08E-11   1.94E-05   2.68E-04
 3.02E+06   5.64E-04   1.50E-01   8.48E-01   0.00E+00   0.00E+00   6.79E-11   2.07E-05   2.86E-04
 3.18E+06   5.74E-04   1.51E-01   8.49E-01   0.00E+00   0.00E+00   8.97E-11   2.16E-05   3.00E-04
 3.32E+06   5.81E-04   1.51E-01   8.50E-01   0.00E+00   0.00E+00   1.18E-10   2.22E-05   3.09E-04
 3.48E+06   5.86E-04   1.51E-01   8.50E-01   0.00E+00   0.00E+00   1.53E-10   2.27E-05   3.15E-04
 3.62E+06   5.89E-04   1.51E-01   8.51E-01   0.00E+00   0.00E+00   1.99E-10   2.31E-05   3.20E-04
 3.78E+06   5.91E-04   1.51E-01   8.51E-01   0.00E+00   0.00E+00   2.59E-10   2.34E-05   3.24E-04
 3.92E+06   5.93E-04   1.51E-01   8.51E-01   0.00E+00   0.00E+00   3.38E-10   2.36E-05   3.27E-04
 4.08E+06   5.94E-04   1.51E-01   8.52E-01   0.00E+00   0.00E+00   4.41E-10   2.38E-05   3.29E-04
 4.22E+06   5.95E-04   1.51E-01   8.52E-01   0.00E+00   0.00E+00   5.77E-10   2.40E-05   3.30E-04
 4.38E+06   5.95E-04   1.51E-01   8.52E-01   0.00E+00   0.00E+00   7.59E-10   2.42E-05   3.32E-04
 4.52E+06   5.96E-04   1.51E-01   8.52E-01   0.00E+00   0.00E+00   1.00E-09   2.43E-05   3.33E-04
 4.68E+06   5.96E-04   1.51E-01   8.52E-01   0.00E+00   0.00E+00   1.33E-09   2.44E-05   3.34E-04
 4.82E+06   5.96E-04   1.51E-01   8.52E-01   0.00E+00   0.00E+00   1.77E-09   2.45E-05   3.34E-04
 4.98E+06   5.97E-04   1.51E-01   8.52E-01   0.00E+00   0.00E+00   2.35E-09   2.46E-05   3.35E-04
 5.12E+06   5.97E-04   1.51E-01   8.52E-01   0.00E+00   0.00E+00   3.13E-09   2.47E-05   3.35E-04
 5.28E+06   5.97E-04   1.51E-01   8.52E-01   0.00E+00   0.00E+00   4.14E-09   2.48E-05   3.36E-04
 5.42E+06   5.97E-04   1.51E-01   8.52E-01   0.00E+00   0.00E+00   5.45E-09   2.49E-05   3.36E-04
 5.58E+06   5.97E-04   1.51E-01   8.52E-01   0.00E+00   0.00E+00   7.17E-09   2.49E-05   3.37E-04
 5.72E+06   5.97E-04   1.51E-01   8.52E-01   0.00E+00   0.00E+00   9.43E-09   2.50E-05   3.37E-04
 5.88E+06   5.97E-04   1.51E-01   8.52E-01   0.00E+00   0.00E+00   1.25E-08   2.51E-05   3.37E-04
 6.02E+06   5.97E-04   1.51E-01   8.52E-01   0.00E+00   0.00E+00   1.66E-08   2.51E-05   3.37E-04
 6.18E+06   5.97E-04   1.51E-01   8.52E-01   0.00E+00   0.00E+00   2.25E-08   2.52E-05   3.37E-04
 6.32E+06   5.97E-04   1.51E-01   8.52E-01   0.00E+00   0.00E+00   3.03E-08   2.53E-05   3.37E-04
 6.48E+06   5.97E-04   1.51E-01   8.52E-01   0.00E+00   0.00E+00   3.96E-08   2.54E-05   3.38E-04
 6.62E+06   5.97E-04   1.51E-01   8.52E-01   0.00E+00   0.00E+00   5.17E-08   2.55E-05   3.38E-04
 6.78E+06   5.97E-04   1.51E-01   8.52E-01   0.00E+00   0.00E+00   6.75E-08   2.57E-05   3.38E-04
 6.92E+06   5.97E-04   1.51E-01   8.52E-01   0.00E+00   0.00E+00   8.81E-08   2.59E-05   3.38E-04
 7.08E+06   5.97E-04   1.51E-01   8.52E-01   0.00E+00   0.00E+00   1.15E-07   2.62E-05   3.38E-04
 7.22E+06   5.97E-04   1.51E-01   8.52E-01   0.00E+00   0.00E+00   1.50E-07   2.66E-05   3.38E-04
 7.38E+06   5.97E-04   1.51E-01   8.52E-01   0.00E+00   0.00E+00   1.96E-07   2.69E-05   3.38E-04
 7.52E+06   5.97E-04   1.51E-01   8.52E-01   0.00E+00   0.00E+00   2.56E-07   2.72E-05   3.38E-04
 7.68E+06   5.97E-04   1.51E-01   8.52E-01   0.00E+00   0.00E+00   3.34E-07   2.74E-05   3.38E-04
 7.82E+06   5.97E-04   1.51E-01   8.52E-01   0.00E+00   0.00E+00   4.35E-07   2.75E-05   3.38E-04
 7.98E+06   5.97E-04   1.51E-01   8.52E-01   0.00E+00   0.00E+00   5.68E-07   2.76E-05   3.38E-04
 8.12E+06   5.97E-04   1.51E-01   8.52E-01   0.00E+00   0.00E+00   7.41E-07   2.77E-05   3.38E-04
 8.28E+06   5.97E-04   1.51E-01   8.52E-01   0.00E+00   0.00E+00   9.66E-07   2.77E-05   3.38E-04
 8.42E+06   5.97E-04   1.51E-01   8.52E-01   0.00E+00   0.00E+00   1.26E-06   2.77E-05   3.38E-04
 8.58E+06   5.97E-04   1.51E-01   8.52E-01   0.00E+00   0.00E+00   1.64E-06   2.78E-05   3.38E-04
 8.72E+06   5.97E-04   1.51E-01   8.52E-01   0.00E+00   0.00E+00   2.14E-06   2.78E-05   3.38E-04
 8.88E+06   5.97E-04   1.51E-01   8.52E-01   0.00E+00   0.00E+00   2.79E-06   2.78E-05   3.38E-04
 9.02E+06   5.97E-04   1.51E-01   8.52E-01   0.00E+00   0.00E+00   3.64E-06   2.78E-05   3.38E-04
 9.18E+06   5.97E-04   1.51E-01   8.52E-01   0.00E+00   0.00E+00   4.74E-06   2.78E-05   3.38E-04
 9.32E+06   5.97E-04   1.51E-01   8.52E-01   0.00E+00   0.00E+00   6.17E-06   2.78E-05   3.38E-04
 9.48E+06   5.97E-04   1.51E-01   8.52E-01   0.00E+00   0.00E+00   8.03E-06   2.78E-05   3.38E-04
 9.62E+06   5.97E-04   1.51E-01   8.52E-01   0.00E+00   0.00E+00   1.05E-05   2.78E-05   3.38E-04
 9.78E+06   5.97E-04   1.51E-01   8.52E-01   0.00E+00   0.00E+00   1.36E-05   2.78E-05   3.38E-04
 9.92E+06   5.97E-04   1.51E-01   8.52E-01   0.00E+00   0.00E+00   1.77E-05   2.78E-05   3.38E-04

     Z      POCS       PNO3_NO    PNO3_NO2   PN2O       PHO2NO2_NO2PHO2NO2_NO3PN2O5_NO2  PN2O5_NO   
 2.50E+04   2.26E-09   1.09E-02   8.45E-02   1.16E-10   2.22E-06   5.55E-07   7.35E-08   1.21E-05
 1.75E+05   5.13E-09   1.11E-02   8.61E-02   3.28E-10   2.65E-06   6.63E-07   1.79E-07   1.40E-05
 3.25E+05   9.20E-09   1.13E-02   8.74E-02   7.64E-10   3.09E-06   7.73E-07   3.72E-07   1.57E-05
 4.75E+05   1.48E-08   1.15E-02   8.84E-02   1.57E-09   3.56E-06   8.94E-07   7.02E-07   1.72E-05
 6.25E+05   2.20E-08   1.16E-02   8.92E-02   2.86E-09   4.10E-06   1.04E-06   1.20E-06   1.86E-05
 7.75E+05   3.12E-08   1.18E-02   8.97E-02   4.64E-09   4.71E-06   1.20E-06   1.89E-06   2.00E-05
 9.25E+05   4.29E-08   1.20E-02   9.00E-02   6.85E-09   5.40E-06   1.40E-06   2.77E-06   2.12E-05
 1.08E+06   5.79E-08   1.22E-02   9.02E-02   9.58E-09   6.19E-06   1.63E-06   3.88E-06   2.24E-05
 1.22E+06   7.77E-08   1.23E-02   9.12E-02   1.34E-08   7.13E-06   1.90E-06   5.28E-06   2.35E-05
 1.38E+06   1.09E-07   1.25E-02   9.23E-02   1.87E-08   8.37E-06   2.27E-06   7.26E-06   2.47E-05
 1.52E+06   1.69E-07   1.27E-02   9.36E-02   2.71E-08   1.03E-05   2.85E-06   1.05E-05   2.62E-05
 1.68E+06   2.91E-07   1.28E-02   9.48E-02   4.05E-08   1.35E-05   3.78E-06   1.58E-05   2.80E-05
 1.82E+06   5.41E-07   1.30E-02   9.58E-02   6.06E-08   1.84E-05   5.21E-06   2.44E-05   3.03E-05
 1.98E+06   1.08E-06   1.31E-02   9.66E-02   8.94E-08   2.61E-05   7.42E-06   3.76E-05   3.34E-05
 2.12E+06   2.30E-06   1.32E-02   9.72E-02   1.28E-07   3.83E-05   1.08E-05   5.79E-05   3.75E-05
 2.28E+06   4.90E-06   1.32E-02   9.76E-02   1.71E-07   5.73E-05   1.60E-05   8.67E-05   4.31E-05
 2.42E+06   8.93E-06   1.33E-02   9.77E-02   2.11E-07   8.53E-05   2.33E-05   1.23E-04   4.99E-05
 2.58E+06   1.29E-05   1.33E-02   9.77E-02   2.41E-07   1.17E-04   3.16E-05   1.61E-04   5.63E-05
 2.72E+06   1.59E-05   1.34E-02   9.76E-02   2.65E-07   1.44E-04   3.85E-05   1.93E-04   6.11E-05
 2.88E+06   1.79E-05   1.34E-02   9.74E-02   2.84E-07   1.64E-04   4.36E-05   2.16E-04   6.44E-05
 3.02E+06   1.93E-05   1.34E-02   9.72E-02   3.00E-07   1.77E-04   4.71E-05   2.33E-04   6.67E-05
 3.18E+06   2.03E-05   1.34E-02   9.71E-02   3.15E-07   1.86E-04   4.95E-05   2.45E-04   6.81E-05
 3.32E+06   2.10E-05   1.35E-02   9.70E-02   3.30E-07   1.93E-04   5.12E-05   2.54E-04   6.90E-05
 3.48E+06   2.15E-05   1.35E-02   9.69E-02   3.43E-07   1.97E-04   5.23E-05   2.60E-04   6.96E-05
 3.62E+06   2.18E-05   1.35E-02   9.69E-02   3.55E-07   2.00E-04   5.31E-05   2.65E-04   7.01E-05
 3.78E+06   2.21E-05   1.35E-02   9.69E-02   3.66E-07   2.02E-04   5.37E-05   2.69E-04   7.03E-05
 3.92E+06   2.23E-05   1.35E-02   9.69E-02   3.77E-07   2.03E-04   5.41E-05   2.72E-04   7.05E-05
 4.08E+06   2.25E-05   1.35E-02   9.69E-02   3.89E-07   2.05E-04   5.44E-05   2.75E-04   7.07E-05
 4.22E+06   2.26E-05   1.35E-02   9.69E-02   4.07E-07   2.05E-04   5.47E-05   2.78E-04   7.08E-05
 4.38E+06   2.28E-05   1.35E-02   9.69E-02   4.36E-07   2.06E-04   5.48E-05   2.80E-04   7.09E-05
 4.52E+06   2.31E-05   1.35E-02   9.69E-02   4.80E-07   2.06E-04   5.50E-05   2.83E-04   7.09E-05
 4.68E+06   2.34E-05   1.35E-02   9.69E-02   5.39E-07   2.07E-04   5.51E-05   2.86E-04   7.10E-05
 4.82E+06   2.37E-05   1.35E-02   9.69E-02   6.08E-07   2.07E-04   5.51E-05   2.88E-04   7.10E-05
 4.98E+06   2.41E-05   1.35E-02   9.69E-02   6.83E-07   2.07E-04   5.52E-05   2.91E-04   7.10E-05
 5.12E+06   2.45E-05   1.35E-02   9.69E-02   7.62E-07   2.07E-04   5.52E-05   2.93E-04   7.10E-05
 5.28E+06   2.49E-05   1.35E-02   9.69E-02   8.45E-07   2.07E-04   5.52E-05   2.95E-04   7.10E-05
 5.42E+06   2.53E-05   1.35E-02   9.69E-02   9.35E-07   2.07E-04   5.53E-05   2.97E-04   7.10E-05
 5.58E+06   2.57E-05   1.35E-02   9.69E-02   1.04E-06   2.08E-04   5.53E-05   3.00E-04   7.10E-05
 5.72E+06   2.62E-05   1.35E-02   9.69E-02   1.16E-06   2.08E-04   5.53E-05   3.02E-04   7.10E-05
 5.88E+06   2.68E-05   1.35E-02   9.69E-02   1.29E-06   2.08E-04   5.53E-05   3.04E-04   7.11E-05
 6.02E+06   2.75E-05   1.35E-02   9.69E-02   1.43E-06   2.08E-04   5.53E-05   3.06E-04   7.11E-05
 6.18E+06   2.84E-05   1.35E-02   9.69E-02   1.58E-06   2.08E-04   5.53E-05   3.08E-04   7.11E-05
 6.32E+06   2.93E-05   1.35E-02   9.69E-02   1.71E-06   2.08E-04   5.53E-05   3.10E-04   7.11E-05
 6.48E+06   3.03E-05   1.35E-02   9.69E-02   1.83E-06   2.08E-04   5.53E-05   3.12E-04   7.11E-05
 6.62E+06   3.15E-05   1.35E-02   9.69E-02   1.94E-06   2.08E-04   5.53E-05   3.14E-04   7.11E-05
 6.78E+06   3.28E-05   1.35E-02   9.69E-02   2.03E-06   2.08E-04   5.53E-05   3.16E-04   7.11E-05
 6.92E+06   3.44E-05   1.35E-02   9.69E-02   2.12E-06   2.08E-04   5.53E-05   3.18E-04   7.11E-05
 7.08E+06   3.61E-05   1.35E-02   9.69E-02   2.19E-06   2.08E-04   5.53E-05   3.19E-04   7.11E-05
 7.22E+06   3.77E-05   1.35E-02   9.69E-02   2.25E-06   2.08E-04   5.53E-05   3.21E-04   7.11E-05
 7.38E+06   3.91E-05   1.35E-02   9.69E-02   2.31E-06   2.08E-04   5.53E-05   3.22E-04   7.11E-05
 7.52E+06   4.01E-05   1.35E-02   9.69E-02   2.35E-06   2.08E-04   5.53E-05   3.23E-04   7.11E-05
 7.68E+06   4.08E-05   1.35E-02   9.69E-02   2.38E-06   2.08E-04   5.53E-05   3.23E-04   7.11E-05
 7.82E+06   4.14E-05   1.35E-02   9.69E-02   2.40E-06   2.08E-04   5.53E-05   3.24E-04   7.11E-05
 7.98E+06   4.17E-05   1.35E-02   9.69E-02   2.41E-06   2.08E-04   5.53E-05   3.24E-04   7.11E-05
 8.12E+06   4.19E-05   1.35E-02   9.69E-02   2.42E-06   2.08E-04   5.53E-05   3.24E-04   7.11E-05
 8.28E+06   4.21E-05   1.35E-02   9.69E-02   2.43E-06   2.08E-04   5.53E-05   3.24E-04   7.11E-05
 8.42E+06   4.22E-05   1.35E-02   9.69E-02   2.43E-06   2.08E-04   5.53E-05   3.24E-04   7.11E-05
 8.58E+06   4.22E-05   1.35E-02   9.69E-02   2.44E-06   2.08E-04   5.53E-05   3.24E-04   7.11E-05
 8.72E+06   4.23E-05   1.35E-02   9.69E-02   2.44E-06   2.08E-04   5.53E-05   3.24E-04   7.11E-05
 8.88E+06   4.23E-05   1.35E-02   9.69E-02   2.44E-06   2.08E-04   5.53E-05   3.24E-04   7.11E-05
 9.02E+06   4.23E-05   1.35E-02   9.69E-02   2.44E-06   2.08E-04   5.53E-05   3.24E-04   7.11E-05
 9.18E+06   4.23E-05   1.35E-02   9.69E-02   2.44E-06   2.08E-04   5.53E-05   3.24E-04   7.11E-05
 9.32E+06   4.24E-05   1.35E-02   9.69E-02   2.44E-06   2.08E-04   5.53E-05   3.24E-04   7.11E-05
 9.48E+06   4.24E-05   1.35E-02   9.69E-02   2.44E-06   2.08E-04   5.53E-05   3.24E-04   7.11E-05
 9.62E+06   4.24E-05   1.35E-02   9.69E-02   2.44E-06   2.08E-04   5.53E-05   3.24E-04   7.11E-05
 9.78E+06   4.24E-05   1.35E-02   9.69E-02   2.44E-06   2.08E-04   5.53E-05   3.24E-04   7.11E-05
 9.92E+06   4.24E-05   1.35E-02   9.69E-02   2.44E-06   2.08E-04   5.53E-05   3.24E-04   7.11E-05
