   1      H2O      +  O1D       =    OH       +  OH                  
   2      H2       +  O1D       =    OH       +  H                   
   3      H2       +  O         =    OH       +  H                   
   4      H2       +  OH        =    H2O      +  H                   
   5      H        +  O3        =    OH       +  O2                  
   6      H        +  O2        =    HO2      +                      
   7      H        +  HO2       =    H2       +  O2                  
   8      H        +  HO2       =    H2O      +  O                   
   9      H        +  HO2       =    OH       +  OH                  
  10      OH       +  O         =    H        +  O2                  
  11      OH       +  HO2       =    H2O      +  O2                  
  12      OH       +  O3        =    HO2      +  O2                  
  13      HO2      +  O         =    OH       +  O2                  
  14      HO2      +  O3        =    OH       +  O2          O2      
  15      HO2      +  HO2       =    H2O2     +  O2                  
  16      H2O2     +  OH        =    HO2      +  H2O                 
  17      O        +  O         =    O2       +                      
  18      O        +  O2        =    O3       +                      
  19      O        +  O3        =    O2       +  O2                  
  20      OH       +  OH        =    H2O      +  O                   
  21      O1D      +  N2        =    O        +  N2                  
  22      O1D      +  O2        =    O        +  O2                  
  23      O2       +  HV        =    O        +  O1D                 
  24      O2       +  HV        =    O        +  O                   
  25      H2O      +  HV        =    H        +  OH                  
  26      H2O      +  HV        =    H2       +  O1D                 
  27      H2O      +  HV        =    H        +  H           O       
  28      O3       +  HV        =    O2       +  O1D                 
  29      O3       +  HV        =    O2       +  O                   
  30      O3       +  HV        =    O        +  O           O       
  31      H        +  CO        =    HCO      +                      
  32      H        +  HCO       =    H2       +  CO                  
  33      HCO      +  HCO       =    H2CO     +  CO                  
  34      OH       +  HCO       =    H2O      +  CO                  
  35      O        +  HCO       =    H        +  CO2                 
  36      O        +  HCO       =    OH       +  CO                  
  37      H2O2     +  HV        =    OH       +  OH                  
  38      CO2      +  HV        =    CO       +  O                   
  39      CO2      +  HV        =    CO       +  O1D                 
  40      CO       +  OH        =    CO2      +  H                   
  41      CO       +  O         =    CO2      +                      
  42      H2CO     +  HV        =    H2       +  CO                  
  43      H2CO     +  HV        =    HCO      +  H                   
  44      HCO      +  HV        =    H        +  CO                  
  45      H2CO     +  H         =    H2       +  HCO                 
  46      H        +  H         =    H2       +                      
  47      HCO      +  O2        =    HO2      +  CO                  
  48      H2CO     +  OH        =    H2O      +  HCO                 
  49      H        +  OH        =    H2O      +                      
  50      OH       +  OH        =    H2O2     +                      
  51      H2CO     +  O         =    HCO      +  OH                  
  52      H2O2     +  O         =    OH       +  HO2                 
  53      HO2      +  HV        =    OH       +  O                   
  54      CH4      +  HV        =    CH21     +  H2                  
  55      CH4      +  HV        =    CH3      +  H                   
  56      CH4      +  HV        =    CH23     +  H           H       
  57      C2H6     +  HV        =    CH23     +  CH23        H2      
  58      C2H6     +  HV        =    CH4      +  CH21                
  59      HNO2     +  HV        =    NO       +  OH                  
  60      HNO3     +  HV        =    NO2      +  OH                  
  61      HNO3     +  HV        =    HNO2     +  O                   
  62      HNO3     +  HV        =    HNO2     +  O1D                 
  63      NO       +  HV        =    N        +  O                   
  64      NO2      +  HV        =    NO       +  O1D                 
  65      NO2      +  HV        =    NO       +  O                   
  66      CH4      +  OH        =    CH3      +  H2O                 
  67      CH4      +  O1D       =    CH3      +  OH                  
  68      CH4      +  O1D       =    H2CO     +  H2                  
  69      CH21     +  CH4       =    CH3      +  CH3                 
  70      CH21     +  O2        =    HCO      +  OH                  
  71      CH21     +  N2        =    CH23     +  N2                  
  72      CH23     +  H2        =    CH3      +  H                   
  73      CH23     +  CH4       =    CH3      +  CH3                 
  74      CH23     +  O2        =    HCO      +  OH                  
  75      CH3      +  O2        =    H2CO     +  OH                  
  76      CH3      +  O         =    H2CO     +  H                   
  77      CH3      +  CH3       =    C2H6     +                      
  78      CH3      +  HV        =    CH21     +  H                   
  79      CH3      +  H         =    CH4      +                      
  80      CH3      +  HCO       =    CH4      +  CO                  
  81      CH3      +  HNO       =    CH4      +  NO                  
  82      CH3      +  H2CO      =    CH4      +  HCO                 
  83      H        +  NO        =    HNO      +                      
  84      N        +  N         =    N2       +                      
  85      N        +  O2        =    NO       +  O                   
  86      N        +  O3        =    NO       +  O2                  
  87      N        +  OH        =    NO       +  H                   
  88      N        +  NO        =    N2       +  O                   
  89      NO       +  O3        =    NO2      +  O2                  
  90      NO       +  O         =    NO2      +                      
  91      NO       +  HO2       =    NO2      +  OH                  
  92      NO       +  OH        =    HNO2     +                      
  93      NO2      +  O         =    NO       +  O2                  
  94      NO2      +  OH        =    HNO3     +                      
  95      NO2      +  H         =    NO       +  OH                  
  96      HNO3     +  OH        =    H2O      +  NO3                 
  97      HCO      +  NO        =    HNO      +  CO                  
  98      HNO      +  HV        =    NO       +  H                   
  99      H        +  HNO       =    H2       +  NO                  
 100      O        +  HNO       =    OH       +  NO                  
 101      OH       +  HNO       =    H2O      +  NO                  
 102      HNO2     +  OH        =    H2O      +  NO2                 
 103      CH4      +  O         =    CH3      +  OH                  
 104      CH21     +  H2        =    CH3      +  H                   
 105      CH21     +  CO2       =    H2CO     +  CO                  
 106      CH23     +  O         =    HCO      +  H                   
 107      CH23     +  CO2       =    H2CO     +  CO                  
 108      C2H6     +  OH        =    C2H5     +  H2O                 
 109      C2H6     +  O         =    C2H5     +  OH                  
 110      C2H6     +  O1D       =    C2H5     +  OH                  
 111      C2H5     +  H         =    CH3      +  CH3                 
 112      C2H5     +  O         =    CH3      +  HCO         H       
 113      C2H5     +  OH        =    CH3      +  HCO         H2      
 114      C2H5     +  HCO       =    C2H6     +  CO                  
 115      C2H5     +  HNO       =    C2H6     +  NO                  
 116      C2H5     +  O2        =    CH3      +  HCO         OH      
 117      SO       +  HV        =    S        +  O                   
 118      H2S      +  HV        =    HS       +  H                   
 119      SO2      +  HV        =    SO       +  O                   
 120      SO2      +  HV        =    SO21     +                      
 121      SO2      +  HV        =    SO23     +                      
 122      SO       +  O2        =    O        +  SO2                 
 123      SO       +  HO2       =    SO2      +  OH                  
 124      SO       +  O         =    SO2      +                      
 125      SO       +  OH        =    SO2      +  H                   
 126      SO2      +  OH        =    HSO3     +                      
 127      SO2      +  O         =    SO3      +                      
 128      SO3      +  H2O       =    H2SO4    +                      
 129      HSO3     +  O2        =    HO2      +  SO3                 
 130      HSO3     +  OH        =    H2O      +  SO3                 
 131      HSO3     +  H         =    H2       +  SO3                 
 132      HSO3     +  O         =    OH       +  SO3                 
 133      H2S      +  OH        =    H2O      +  HS                  
 134      H2S      +  H         =    H2       +  HS                  
 135      H2S      +  O         =    OH       +  HS                  
 136      HS       +  O         =    H        +  SO                  
 137      HS       +  O2        =    OH       +  SO                  
 138      HS       +  HO2       =    H2S      +  O2                  
 139      HS       +  HS        =    H2S      +  S                   
 140      HS       +  HCO       =    H2S      +  CO                  
 141      HS       +  H         =    H2       +  S                   
 142      HS       +  S         =    H        +  S2                  
 143      S        +  O2        =    SO       +  O                   
 144      S        +  OH        =    SO       +  H                   
 145      S        +  HCO       =    HS       +  CO                  
 146      S        +  HO2       =    HS       +  O2                  
 147      S        +  HO2       =    SO       +  OH                  
 148      S        +  S         =    S2       +                      
 149      S2       +  OH        =    HSO      +  S                   
 150      S2       +  O         =    S        +  SO                  
 151      HS       +  H2CO      =    H2S      +  HCO                 
 152      S2       +  HV        =    S        +  S                   
 153      S2       +  HV        =    S2       +                      
 154      S        +  S2        =    S3       +                      
 155      S2       +  S2        =    S4       +                      
 156      S        +  S3        =    S4       +                      
 157      S4       +  S4        =    S8       +                      
 158      S4       +  HV        =    S2       +  S2                  
 159      S3       +  HV        =    S2       +  S                   
 160      S8       +  HV        =    S4       +  S4                  
 161      S8       +  HV        =    S4       +  S4                  
 162      S8       +  HV        =    S4       +  S4                  
 163      SO3      +  HV        =    SO2      +  O                   
 164      SO21     +  M         =    SO23     +  M                   
 165      SO21     +  M         =    SO2      +  M                   
 166      SO21     +  HV        =    SO23     +  HV                  
 167      SO21     +  HV        =    SO2      +  HV                  
 168      SO21     +  O2        =    SO3      +  O                   
 169      SO21     +  SO2       =    SO3      +  SO                  
 170      SO23     +  M         =    SO2      +  M                   
 171      SO23     +  HV        =    SO2      +  HV                  
 172      SO23     +  SO2       =    SO3      +  SO                  
 173      SO       +  NO2       =    SO2      +  NO                  
 174      SO       +  O3        =    SO2      +  O2                  
 175      SO2      +  HO2       =    SO3      +  OH                  
 176      HS       +  O3        =    HSO      +  O2                  
 177      HS       +  NO2       =    HSO      +  NO                  
 178      S        +  O3        =    SO       +  O2                  
 179      SO       +  SO        =    SO2      +  S                   
 180      SO3      +  SO        =    SO2      +  SO2                 
 181      S        +  CO2       =    SO       +  CO                  
 182      SO       +  HO2       =    HSO      +  O2                  
 183      SO       +  HCO       =    HSO      +  CO                  
 184      H        +  SO        =    HSO      +                      
 185      HSO      +  HV        =    HS       +  O                   
 186      HSO      +  NO        =    HNO      +  SO                  
 187      HSO      +  OH        =    H2O      +  SO                  
 188      HSO      +  H         =    HS       +  OH                  
 189      HSO      +  H         =    H2       +  SO                  
 190      HSO      +  HS        =    H2S      +  SO                  
 191      HSO      +  O         =    OH       +  SO                  
 192      HSO      +  S         =    HS       +  SO                  
 193      SO3      +  CO        =    SO2      +  CO2                 
 194      H        +  OCS       =    CO       +  HS                  
 195      HS       +  CO        =    OCS      +  H                   
 196      O        +  OCS       =    CO       +  SO                  
 197      O        +  OCS       =    S        +  CO2                 
 198      OCS      +  S         =    CO       +  S2                  
 199      OCS      +  OH        =    CO2      +  HS                  
 200      S        +  HCO       =    OCS      +  H                   
 201      S        +  CO        =    OCS      +                      
 202      OCS      +  HV        =    CO       +  S                   
 203      CO       +  O1D       =    CO       +  O                   
 204      CO       +  O1D       =    CO2      +                      
 205      H2S      +  HO2       =    H2O      +  HSO                 
 206      OCS      +  S         =    OCS2     +                      
 207      OCS2     +  S         =    OCS      +  S2                  
 208      S3       +  O         =    S2       +  SO                  
 209      S4       +  O         =    S3       +  SO                  
 210      OCS2     +  CO        =    OCS      +  OCS                 
 211      O        +  NO3       =    O2       +  NO2                 
 212      HO2      +  NO3       =    OH       +  NO2         O2      
 213      NO       +  NO3       =    NO2      +  NO2                 
 214      O        +  NO2       =    NO3      +                      
 215      OH       +  NO3       =    HO2      +  NO2                 
 216      NO3      +  HV        =    NO       +  O2                  
 217      NO3      +  HV        =    NO2      +  O                   
 218      N        +  NO2       =    N2O      +  O                   
 219      O1D      +  N2        =    N2O      +                      
 220      O1D      +  N2O       =    N2       +  O2                  
 221      O1D      +  N2O       =    NO       +  NO                  
 222      N2O      +  HV        =    N2       +  O1D                 
 223      N        +  HO2       =    NO       +  OH                  
 224      O        +  N2O5      =    NO2      +  NO2         O2      
 225      NO2      +  NO3       =    N2O5     +                      
 226      N2O5     +  M         =    NO3      +  NO2                 
 227      NO2      +  NO3       =    NO       +  NO2         O2      
 228      NO2      +  O3        =    NO3      +  O2                  
 229      NO3      +  NO3       =    NO2      +  NO2         O2      
 230      HO2      +  NO2       =    HO2NO2   +                      
 231      O        +  HO2NO2    =    OH       +  NO2         O2      
 232      OH       +  HO2NO2    =    H2O      +  NO2         O2      
 233      HO2NO2   +  M         =    HO2      +  NO2                 
 234      HO2NO2   +  HV        =    HO2      +  NO2                 
 235      HO2NO2   +  HV        =    OH       +  NO3                 
 236      N2O5     +  HV        =    NO3      +  NO2                 
 237      N2O5     +  HV        =    NO3      +  NO          O       
 238      O        +  HNO3      =    OH       +  NO3                 
 239      HO2      +  NO2       =    HNO2     +  O2                  


 NQ=40     NZ=200     KJAC= 968000

 PO2= 7.480E-02  PNO= 2.617E-02  ZAPO2= 2.635E+03  ZAPNO = 9.218E+02  PRONO = 1.000E+09  PRONOP = 7.321E+08  ZAPCO = 1.085E+01  ZAPH2 = 1.629E+02
 N= 3     X= 6.15510E-01  ERR= 8.70748E-06

 TIME = 0.00E+00     TIMEY = 0.00E+00 YEARS

 NPHOT =    0

 MIXING RATIOS OF LONG-LIVED SPECIES


     Z        O        O2       H2O      H        OH       HO2      H2O2     H2       CO       HCO      H2CO     CH4      CH3      C2H6     NO       NO2      HNO      H2S     
  2.50E+04 5.62E-17 1.16E-01 1.13E-02 7.72E-21 4.48E-14 1.11E-11 1.09E-09 5.30E-07 1.10E-07 3.10E-22 2.42E-10 1.80E-06 2.77E-21 2.25E-26 2.20E-12 4.48E-12 1.64E-17 8.91E-12
  7.50E+04 6.44E-17 1.15E-01 9.43E-03 8.36E-21 4.80E-14 1.14E-11 1.15E-09 5.30E-07 1.07E-07 3.35E-22 2.40E-10 1.80E-06 2.78E-21 2.25E-26 2.39E-12 4.53E-12 1.64E-17 6.17E-12
  1.25E+05 7.48E-17 1.15E-01 7.92E-03 9.10E-21 5.20E-14 1.15E-11 1.18E-09 5.31E-07 1.04E-07 3.50E-22 2.28E-10 1.80E-06 2.82E-21 2.24E-26 2.65E-12 4.72E-12 1.41E-17 4.26E-12
  1.75E+05 8.75E-17 1.15E-01 6.51E-03 9.86E-21 5.63E-14 1.15E-11 1.19E-09 5.31E-07 1.01E-07 3.60E-22 2.14E-10 1.79E-06 2.84E-21 2.24E-26 3.00E-12 5.02E-12 1.14E-17 2.93E-12
  3.75E+05 1.71E-16 1.15E-01 2.54E-03 1.32E-20 7.57E-14 1.08E-11 1.03E-09 5.32E-07 9.12E-08 3.70E-22 1.57E-10 1.79E-06 2.79E-21 2.23E-26 5.47E-12 7.20E-12 4.27E-18 6.49E-13
  5.75E+05 3.18E-16 1.15E-01 7.01E-04 1.45E-20 8.44E-14 8.38E-12 6.80E-10 5.32E-07 8.28E-08 2.79E-22 9.31E-11 1.79E-06 2.05E-21 2.23E-26 8.52E-12 8.08E-12 1.37E-18 1.56E-13
  7.75E+05 5.34E-16 1.15E-01 1.18E-04 1.16E-20 6.94E-14 5.37E-12 3.67E-10 5.32E-07 7.65E-08 1.34E-22 3.91E-11 1.78E-06 9.29E-22 2.30E-26 9.79E-12 5.74E-12 4.09E-19 4.88E-14
  9.75E+05 8.47E-16 1.15E-01 1.20E-05 1.36E-20 8.34E-14 2.86E-12 1.72E-10 5.33E-07 7.17E-08 8.28E-23 1.85E-11 1.78E-06 5.22E-22 2.45E-26 2.52E-11 7.91E-12 3.09E-19 1.82E-14
  1.18E+06 2.18E-15 1.15E-01 4.29E-06 1.86E-20 9.85E-14 1.53E-12 5.35E-11 5.33E-07 6.54E-08 7.34E-23 1.21E-11 1.78E-06 5.25E-22 3.07E-26 5.74E-11 1.46E-11 1.56E-19 5.24E-15
  1.38E+06 1.05E-14 1.15E-01 4.11E-06 1.59E-20 7.64E-14 5.02E-13 3.73E-12 5.32E-07 5.22E-08 5.20E-23 6.76E-12 1.76E-06 4.49E-22 6.91E-26 1.47E-10 5.93E-11 3.38E-20 5.25E-16
  1.58E+06 5.34E-14 1.15E-01 4.20E-06 1.73E-20 8.14E-14 3.30E-13 4.08E-13 5.29E-07 3.67E-08 5.93E-23 5.56E-12 1.71E-06 6.09E-22 1.94E-25 3.06E-10 2.26E-10 2.36E-20 2.74E-17
  1.78E+06 2.16E-13 1.15E-01 4.36E-06 2.65E-20 1.24E-13 4.42E-13 4.27E-13 5.23E-07 2.45E-08 1.03E-22 6.63E-12 1.63E-06 1.24E-21 4.56E-25 5.00E-10 5.50E-10 6.06E-20 8.70E-19
  1.98E+06 7.23E-13 1.15E-01 4.57E-06 5.20E-20 2.25E-13 8.03E-13 8.83E-13 5.14E-07 1.68E-08 2.13E-22 9.07E-12 1.53E-06 2.94E-21 9.25E-25 7.34E-10 1.01E-09 7.45E-20 1.75E-20
  2.18E+06 2.14E-12 1.15E-01 4.81E-06 1.29E-19 4.58E-13 1.66E-12 2.29E-12 5.02E-07 1.29E-08 4.78E-22 1.31E-11 1.42E-06 7.66E-21 1.72E-24 1.04E-09 1.60E-09 5.49E-20 2.48E-22
  2.38E+06 5.84E-12 1.15E-01 5.05E-06 3.82E-19 9.97E-13 3.54E-12 6.03E-12 4.88E-07 1.11E-08 1.13E-21 1.94E-11 1.30E-06 2.09E-20 3.16E-24 1.48E-09 2.35E-09 5.19E-20 3.39E-23
  2.58E+06 1.50E-11 1.15E-01 5.29E-06 1.30E-18 2.22E-12 7.35E-12 1.43E-11 4.71E-07 1.03E-08 2.74E-21 2.79E-11 1.19E-06 5.83E-20 6.05E-24 2.10E-09 3.25E-09 7.83E-20 3.37E-23
  2.78E+06 3.70E-11 1.15E-01 5.53E-06 4.93E-18 4.78E-12 1.42E-11 2.86E-11 4.52E-07 1.01E-08 6.43E-21 3.80E-11 1.07E-06 1.61E-19 1.25E-23 2.93E-09 4.19E-09 1.59E-19 2.74E-23
  2.98E+06 8.84E-11 1.15E-01 5.78E-06 2.05E-17 9.49E-12 2.46E-11 4.57E-11 4.32E-07 1.03E-08 1.40E-20 4.87E-11 9.59E-07 4.27E-19 2.83E-23 3.94E-09 4.94E-09 3.41E-19 1.79E-23
  3.18E+06 2.07E-10 1.15E-01 6.02E-06 9.05E-17 1.71E-11 3.81E-11 5.94E-11 4.10E-07 1.08E-08 2.81E-20 5.89E-11 8.47E-07 1.09E-18 6.88E-23 5.02E-09 5.29E-09 7.00E-19 9.93E-24
  3.38E+06 4.80E-10 1.15E-01 6.25E-06 4.09E-16 2.88E-11 5.35E-11 6.52E-11 3.87E-07 1.15E-08 5.19E-20 6.80E-11 7.40E-07 2.66E-18 1.73E-22 6.00E-09 5.08E-09 1.35E-18 5.15E-24
  3.58E+06 1.10E-09 1.15E-01 6.47E-06 1.89E-15 4.70E-11 6.94E-11 6.24E-11 3.67E-07 1.21E-08 9.17E-20 7.53E-11 6.39E-07 6.27E-18 4.38E-22 6.76E-09 4.34E-09 2.45E-18 2.82E-24
  3.78E+06 2.52E-09 1.15E-01 6.66E-06 8.88E-15 7.71E-11 8.47E-11 5.38E-11 3.50E-07 1.25E-08 1.60E-19 8.06E-11 5.50E-07 1.45E-17 1.07E-21 7.29E-09 3.29E-09 4.32E-18 1.86E-24
  3.98E+06 5.71E-09 1.15E-01 6.81E-06 4.18E-14 1.26E-10 1.00E-10 4.44E-11 3.41E-07 1.27E-08 2.74E-19 8.26E-11 4.74E-07 3.24E-17 2.51E-21 7.57E-09 2.14E-09 7.32E-18 1.46E-24
  4.18E+06 1.24E-08 1.15E-01 6.92E-06 1.78E-13 1.95E-10 1.18E-10 3.81E-11 3.40E-07 1.28E-08 4.32E-19 7.90E-11 4.14E-07 6.58E-17 5.56E-21 7.50E-09 1.17E-09 1.12E-17 1.33E-24
  4.38E+06 2.42E-08 1.15E-01 7.00E-06 6.11E-13 2.68E-10 1.37E-10 3.47E-11 3.52E-07 1.29E-08 5.89E-19 7.00E-11 3.68E-07 1.13E-16 1.16E-20 7.01E-09 5.59E-10 1.44E-17 1.38E-24
  4.58E+06 4.16E-08 1.15E-01 7.03E-06 1.65E-12 3.32E-10 1.57E-10 3.26E-11 3.76E-07 1.33E-08 6.93E-19 5.87E-11 3.35E-07 1.64E-16 2.36E-20 6.26E-09 2.54E-10 1.59E-17 1.55E-24
  4.78E+06 6.47E-08 1.15E-01 7.03E-06 3.74E-12 3.82E-10 1.74E-10 3.06E-11 4.11E-07 1.44E-08 7.44E-19 4.83E-11 3.13E-07 2.14E-16 4.92E-20 5.45E-09 1.16E-10 1.60E-17 1.75E-24
  4.98E+06 9.47E-08 1.15E-01 7.01E-06 7.68E-12 4.21E-10 1.89E-10 2.81E-11 4.57E-07 1.66E-08 7.70E-19 3.97E-11 2.96E-07 2.72E-16 1.03E-19 4.69E-09 5.49E-11 1.52E-17 1.88E-24
  5.18E+06 1.33E-07 1.15E-01 6.96E-06 1.49E-11 4.55E-10 2.03E-10 2.55E-11 5.14E-07 2.07E-08 7.82E-19 3.26E-11 2.84E-07 3.41E-16 2.09E-19 4.02E-09 2.69E-11 1.40E-17 1.93E-24
  5.38E+06 1.84E-07 1.15E-01 6.90E-06 2.83E-11 4.89E-10 2.17E-10 2.31E-11 5.81E-07 2.76E-08 7.88E-19 2.67E-11 2.75E-07 4.24E-16 4.01E-19 3.44E-09 1.36E-11 1.29E-17 1.94E-24
  5.58E+06 2.50E-07 1.15E-01 6.83E-06 5.31E-11 5.28E-10 2.33E-10 2.12E-11 6.61E-07 3.83E-08 7.89E-19 2.19E-11 2.67E-07 5.25E-16 7.27E-19 2.94E-09 7.14E-12 1.18E-17 1.97E-24
  5.78E+06 3.35E-07 1.15E-01 6.74E-06 9.94E-11 5.74E-10 2.53E-10 1.99E-11 7.57E-07 5.47E-08 7.85E-19 1.79E-11 2.59E-07 6.45E-16 1.25E-18 2.51E-09 3.87E-12 1.10E-17 2.05E-24
  5.98E+06 4.42E-07 1.15E-01 6.62E-06 1.87E-10 6.32E-10 2.79E-10 1.92E-11 8.72E-07 7.89E-08 7.76E-19 1.45E-11 2.51E-07 7.81E-16 2.06E-18 2.14E-09 2.20E-12 1.03E-17 2.23E-24
  6.18E+06 5.77E-07 1.15E-01 6.48E-06 3.53E-10 7.05E-10 3.11E-10 1.90E-11 1.01E-06 1.14E-07 7.61E-19 1.17E-11 2.42E-07 9.27E-16 3.25E-18 1.84E-09 1.31E-12 9.82E-18 2.54E-24
  6.38E+06 7.49E-07 1.15E-01 6.31E-06 6.75E-10 7.96E-10 3.53E-10 1.93E-11 1.18E-06 1.63E-07 7.50E-19 9.44E-12 2.32E-07 1.08E-15 4.95E-18 1.58E-09 8.31E-13 9.56E-18 3.05E-24
  6.58E+06 9.61E-07 1.15E-01 6.11E-06 1.31E-09 9.20E-10 4.10E-10 2.07E-11 1.38E-06 2.33E-07 8.33E-19 7.99E-12 2.21E-07 1.27E-15 7.35E-18 1.37E-09 5.66E-13 9.60E-18 3.99E-24
  6.78E+06 1.18E-06 1.15E-01 5.86E-06 2.63E-09 1.13E-09 5.11E-10 2.59E-11 1.62E-06 3.28E-07 1.61E-18 9.38E-12 2.08E-07 2.02E-15 1.07E-17 1.20E-09 4.44E-13 1.05E-17 6.76E-24
  6.98E+06 1.34E-06 1.15E-01 5.55E-06 5.59E-09 1.57E-09 7.27E-10 4.05E-11 1.92E-06 4.60E-07 5.41E-18 1.95E-11 1.92E-07 5.70E-15 1.52E-17 1.08E-09 4.39E-13 1.33E-17 1.72E-23
  7.18E+06 1.48E-06 1.15E-01 5.17E-06 1.26E-08 2.36E-09 1.11E-09 7.06E-11 2.29E-06 6.41E-07 1.79E-17 4.66E-11 1.73E-07 1.89E-14 2.12E-17 9.90E-10 5.05E-13 1.88E-17 5.05E-23
  7.38E+06 1.79E-06 1.15E-01 4.72E-06 3.00E-08 3.48E-09 1.64E-09 1.12E-10 2.72E-06 8.86E-07 4.79E-17 9.28E-11 1.51E-07 5.00E-14 2.85E-17 9.40E-10 5.43E-13 2.65E-17 1.16E-22
  7.58E+06 2.52E-06 1.15E-01 4.19E-06 7.53E-08 4.62E-09 2.14E-09 1.42E-10 3.21E-06 1.21E-06 1.04E-16 1.47E-10 1.28E-07 9.40E-14 3.50E-17 9.26E-10 4.67E-13 3.44E-17 1.69E-22
  7.78E+06 3.82E-06 1.15E-01 3.59E-06 1.99E-07 6.03E-09 2.70E-09 1.52E-10 3.72E-06 1.64E-06 1.89E-16 1.88E-10 1.05E-07 1.28E-13 3.69E-17 9.47E-10 3.67E-13 4.55E-17 1.91E-22
  7.98E+06 1.39E-05 1.15E-01 2.93E-06 6.32E-07 4.27E-09 1.76E-09 7.27E-11 4.11E-06 2.18E-06 3.04E-16 1.54E-10 8.41E-08 6.12E-14 3.29E-17 1.01E-09 8.22E-14 3.18E-17 3.24E-23
  8.18E+06 9.61E-05 1.15E-01 2.27E-06 1.44E-06 1.55E-09 4.46E-10 1.23E-11 4.30E-06 2.81E-06 4.53E-16 5.27E-11 6.53E-08 1.26E-14 2.69E-17 1.12E-09 7.53E-15 8.77E-18 4.05E-25
  8.38E+06 4.06E-04 1.14E-01 1.69E-06 2.29E-06 7.86E-10 1.26E-10 1.45E-12 4.37E-06 3.52E-06 5.50E-16 1.70E-11 4.93E-08 3.79E-15 2.04E-17 1.38E-09 3.70E-15 3.01E-18 1.62E-27
  8.58E+06 1.18E-03 1.14E-01 1.22E-06 3.02E-06 4.80E-10 4.21E-11 1.30E-13 4.39E-06 4.28E-06 5.83E-16 7.09E-12 3.63E-08 1.55E-15 1.41E-17 1.85E-09 3.42E-15 1.36E-18 4.27E-30
  8.78E+06 2.69E-03 1.12E-01 8.58E-07 3.59E-06 3.10E-10 1.62E-11 9.03E-15 4.38E-06 5.07E-06 5.47E-16 3.56E-12 2.61E-08 7.71E-16 8.93E-18 2.55E-09 3.46E-15 7.28E-19 4.57E-32
  8.98E+06 5.13E-03 1.11E-01 5.91E-07 4.02E-06 2.01E-10 6.95E-12 5.42E-16 4.36E-06 5.87E-06 4.69E-16 2.05E-12 1.84E-08 4.43E-16 5.26E-18 3.28E-09 3.29E-15 4.08E-19 1.54E-33
  9.18E+06 8.62E-03 1.08E-01 4.00E-07 4.33E-06 1.28E-10 3.25E-12 3.62E-17 4.34E-06 6.66E-06 3.83E-16 1.31E-12 1.28E-08 2.82E-16 2.94E-18 3.69E-09 2.74E-15 2.19E-19 9.09E-35
  9.38E+06 1.31E-02 1.05E-01 2.68E-07 4.56E-06 8.03E-11 1.63E-12 3.71E-18 4.31E-06 7.39E-06 3.10E-16 9.09E-13 8.88E-09 1.95E-16 1.61E-18 3.73E-09 2.05E-15 1.14E-19 8.12E-36
  9.58E+06 1.85E-02 1.02E-01 1.82E-07 4.72E-06 4.91E-11 8.59E-13 6.05E-19 4.29E-06 8.03E-06 2.60E-16 6.91E-13 6.32E-09 1.48E-16 9.02E-19 3.62E-09 1.48E-15 6.04E-20 1.01E-36
  9.78E+06 2.43E-02 9.82E-02 1.31E-07 4.83E-06 2.95E-11 4.80E-13 1.32E-19 4.26E-06 8.50E-06 2.43E-16 6.06E-13 4.86E-09 1.30E-16 5.55E-19 3.48E-09 1.06E-15 3.37E-20 1.69E-37
  9.98E+06 2.93E-02 9.49E-02 1.13E-07 4.88E-06 1.76E-11 2.91E-13 4.37E-20 4.25E-06 8.75E-06 3.00E-16 7.52E-13 4.43E-09 1.61E-16 4.33E-19 3.35E-09 7.59E-16 2.03E-20 4.33E-38

     Z        HS       S        SO       SO2      H2SO4    HSO      S2       S4       S8       SO3      OCS      S3       O3       HNO3     N        NO3      N2O      HO2NO2  
  2.50E+04 2.10E-17 3.36E-32 2.46E-19 6.55E-11 4.06E-12 5.30E-13 4.14E-36 2.31E-62 9.75-106 1.67E-21 4.44E-22 8.06E-60 1.25E-08 2.55E-11 2.43-190 3.86E-16 3.00E-07 9.63E-14
  7.50E+04 1.52E-17 1.76E-32 2.28E-19 1.01E-10 6.17E-12 5.11E-13 2.63E-36 8.32E-63 9.75-106 3.40E-21 4.44E-22 2.37E-60 1.32E-08 2.84E-11 9.24-184 3.71E-16 3.00E-07 1.37E-13
  1.25E+05 1.11E-17 9.29E-33 1.99E-19 1.31E-10 8.34E-12 4.14E-13 1.42E-36 2.17E-63 9.75-106 5.78E-21 4.44E-22 5.96E-61 1.40E-08 3.20E-11 2.97-177 3.73E-16 3.00E-07 2.02E-13
  1.75E+05 7.96E-18 4.80E-33 1.67E-19 1.59E-10 1.06E-11 3.11E-13 6.98E-37 4.70E-64 9.75-106 9.39E-21 4.44E-22 1.34E-61 1.51E-08 3.66E-11 8.06-171 3.86E-16 3.00E-07 3.09E-13
  3.75E+05 1.99E-18 2.96E-34 7.41E-20 2.54E-10 1.94E-11 7.88E-14 2.50E-38 3.88E-67 9.75-106 6.01E-20 4.43E-22 1.82E-64 2.12E-08 5.80E-11 6.85-146 5.10E-16 3.00E-07 2.06E-12
  5.75E+05 4.45E-19 1.49E-35 3.19E-20 3.49E-10 2.45E-11 1.98E-14 5.77E-40 1.33E-70 9.75-106 4.04E-19 4.42E-22 1.32E-67 2.93E-08 7.12E-11 2.12-122 5.70E-16 3.00E-07 1.44E-11
  7.75E+05 9.85E-20 7.73E-37 1.59E-20 4.51E-10 2.39E-11 6.25E-15 1.01E-41 2.64E-74 9.75-106 3.10E-18 4.41E-22 7.57E-71 3.86E-08 7.50E-11 9.51-101 5.70E-16 2.99E-07 3.65E-11
  9.75E+05 3.91E-20 2.59E-37 1.79E-20 5.33E-10 2.70E-11 2.27E-15 1.67E-43 4.55E-78 9.75-106 5.31E-17 4.40E-22 2.61E-73 4.89E-08 8.32E-11 1.89E-81 7.36E-16 2.99E-07 3.57E-11
  1.18E+06 9.87E-21 8.93E-36 6.13E-20 6.91E-10 3.02E-11 6.64E-16 1.09E-43 1.06E-78 9.74-106 3.76E-16 4.38E-22 3.17E-72 7.38E-08 1.23E-10 4.85E-65 8.97E-16 2.98E-07 2.63E-11
  1.38E+06 3.46E-22 2.21E-33 1.24E-18 1.22E-09 2.83E-11 7.15E-17 6.26E-43 1.84E-77 9.74-106 6.06E-16 4.26E-22 2.33E-69 1.87E-07 3.55E-10 2.50E-52 1.59E-15 2.94E-07 2.68E-11
  1.58E+06 7.91E-24 1.94E-31 1.35E-17 1.73E-09 2.75E-11 3.11E-17 9.39E-43 2.14E-77 9.72-106 1.16E-15 3.91E-22 1.58E-67 4.85E-07 1.03E-09 5.43E-43 5.32E-15 2.81E-07 4.33E-11
  1.78E+06 5.74E-25 5.62E-30 6.28E-17 1.44E-09 2.20E-11 7.26E-17 2.83E-42 1.00E-76 9.70-106 1.95E-15 3.33E-22 7.07E-66 9.81E-07 2.15E-09 3.88E-36 1.64E-14 2.59E-07 7.78E-11
  1.98E+06 1.36E-24 5.01E-29 1.09E-16 5.53E-10 9.62E-12 8.36E-17 2.17E-41 3.05E-75 9.66-106 1.86E-15 2.59E-22 2.49E-64 1.63E-06 3.46E-09 4.90E-31 3.83E-14 2.30E-07 1.30E-10
  2.18E+06 2.52E-24 1.78E-28 8.73E-17 1.19E-10 2.59E-12 5.16E-17 6.44E-41 1.39E-74 9.62-106 1.17E-15 1.83E-22 1.36E-63 2.38E-06 4.52E-09 3.58E-27 7.36E-14 1.97E-07 1.93E-10
  2.38E+06 4.00E-24 4.63E-28 5.91E-17 2.52E-11 7.22E-13 2.84E-17 1.26E-40 2.78E-74 9.58-106 7.95E-16 1.15E-22 3.62E-63 3.18E-06 5.06E-09 3.53E-24 1.25E-13 1.64E-07 2.47E-10
  2.58E+06 5.19E-24 9.01E-28 3.42E-17 5.23E-12 2.06E-13 1.36E-17 1.53E-40 2.16E-74 9.54-106 5.46E-16 6.26E-23 4.51E-63 3.96E-06 4.97E-09 8.01E-22 1.93E-13 1.33E-07 2.68E-10
  2.78E+06 5.34E-24 1.34E-27 1.72E-17 1.07E-12 1.02E-13 5.44E-18 1.11E-40 6.10E-75 9.49-106 3.68E-16 2.79E-23 2.60E-63 4.64E-06 4.33E-09 5.68E-20 2.69E-13 1.03E-07 2.42E-10
  2.98E+06 4.52E-24 1.64E-27 8.02E-18 2.33E-13 3.72E-13 1.88E-18 5.42E-41 7.72E-76 9.44-106 2.57E-16 9.74E-24 8.26E-64 5.10E-06 3.30E-09 1.55E-18 3.41E-13 7.77E-08 1.82E-10
  3.18E+06 3.30E-24 1.77E-27 3.71E-18 5.76E-14 5.47E-13 5.88E-19 1.99E-41 5.54E-77 9.38-106 2.00E-16 2.46E-24 1.75E-64 5.29E-06 2.19E-09 1.93E-17 3.97E-13 5.61E-08 1.15E-10
  3.38E+06 2.30E-24 1.90E-27 1.90E-18 1.78E-14 5.86E-13 1.87E-19 6.85E-42 3.57E-78 9.31-106 1.83E-16 4.30E-25 3.49E-65 5.27E-06 1.29E-09 1.27E-16 4.23E-13 3.92E-08 6.09E-11
  3.58E+06 1.75E-24 2.30E-27 1.21E-18 7.52E-15 5.96E-13 6.83E-20 2.89E-42 3.48E-79 9.24-106 1.89E-16 5.02E-26 9.78E-66 5.13E-06 7.02E-10 5.21E-16 4.10E-13 2.66E-08 2.73E-11
  3.78E+06 1.64E-24 3.58E-27 1.08E-18 4.69E-15 5.98E-13 3.28E-20 1.93E-42 8.61E-80 9.17-106 1.97E-16 4.06E-27 5.65E-66 4.87E-06 3.62E-10 1.53E-15 3.57E-13 1.80E-08 1.04E-11
  3.98E+06 1.85E-24 6.66E-27 1.23E-18 3.90E-15 5.99E-13 1.97E-20 1.84E-42 4.47E-80 9.09-106 1.83E-16 2.30E-28 5.71E-66 4.45E-06 1.72E-10 3.55E-15 2.70E-13 1.22E-08 3.40E-12
  4.18E+06 2.30E-24 1.31E-26 1.58E-18 3.68E-15 5.98E-13 1.38E-20 2.11E-42 3.41E-80 9.01-106 1.51E-16 9.84E-30 7.47E-66 3.85E-06 6.98E-11 7.11E-15 1.70E-13 8.31E-09 9.90E-13
  4.38E+06 3.03E-24 2.59E-26 2.17E-18 3.63E-15 5.98E-13 1.14E-20 2.86E-42 3.70E-80 8.93-106 1.16E-16 5.51E-31 1.19E-65 3.19E-06 2.42E-11 1.32E-14 8.84E-14 5.80E-09 2.80E-13
  4.58E+06 4.09E-24 5.20E-26 3.16E-18 3.61E-15 5.97E-13 1.10E-20 4.54E-42 5.67E-80 8.84-106 8.63E-17 2.36E-31 2.30E-65 2.60E-06 7.71E-12 2.39E-14 4.07E-14 4.17E-09 8.18E-14
  4.78E+06 5.45E-24 1.05E-25 4.74E-18 3.62E-15 5.97E-13 1.18E-20 7.83E-42 1.03E-79 8.76-106 6.30E-17 2.50E-31 4.88E-65 2.11E-06 2.42E-12 4.26E-14 1.76E-14 3.11E-09 2.50E-14
  4.98E+06 6.87E-24 2.06E-25 7.03E-18 3.62E-15 5.96E-13 1.30E-20 1.33E-41 1.81E-79 8.67-106 4.52E-17 3.03E-31 9.90E-65 1.71E-06 7.58E-13 7.17E-14 7.43E-15 2.39E-09 7.87E-15
  5.18E+06 8.31E-24 3.99E-25 1.03E-17 3.62E-15 5.95E-13 1.46E-20 2.21E-41 3.04E-79 8.58-106 3.23E-17 3.98E-31 1.93E-64 1.38E-06 2.43E-13 1.16E-13 3.14E-15 1.90E-09 2.57E-15
  5.38E+06 9.86E-24 7.66E-25 1.52E-17 3.62E-15 5.94E-13 1.66E-20 3.66E-41 4.99E-79 8.49-106 2.31E-17 5.58E-31 3.69E-64 1.12E-06 8.05E-14 1.83E-13 1.34E-15 1.54E-09 8.72E-16
  5.58E+06 1.17E-23 1.46E-24 2.22E-17 3.62E-15 5.93E-13 1.92E-20 6.13E-41 8.38E-79 8.39-106 1.65E-17 8.17E-31 7.06E-64 9.04E-07 2.76E-14 2.82E-13 5.77E-16 1.27E-09 3.07E-16
  5.78E+06 1.43E-23 2.79E-24 3.24E-17 3.61E-15 5.92E-13 2.28E-20 1.06E-40 1.50E-78 8.28-106 1.19E-17 1.23E-30 1.39E-63 7.27E-07 9.83E-15 4.28E-13 2.54E-16 1.07E-09 1.13E-16
  5.98E+06 1.80E-23 5.32E-24 4.74E-17 3.59E-15 5.91E-13 2.77E-20 1.93E-40 2.93E-78 8.15-106 8.55E-18 1.85E-30 2.85E-63 5.78E-07 3.69E-15 6.40E-13 1.15E-16 9.04E-10 4.37E-17
  6.18E+06 2.35E-23 1.01E-23 6.91E-17 3.57E-15 5.89E-13 3.46E-20 3.69E-40 6.30E-78 8.02-106 6.14E-18 2.78E-30 6.11E-63 4.55E-07 1.47E-15 9.45E-13 5.42E-17 7.76E-10 1.80E-17
  6.38E+06 3.19E-23 1.93E-23 1.00E-16 3.53E-15 5.88E-13 4.39E-20 7.36E-40 1.46E-77 7.86-106 4.41E-18 4.14E-30 1.35E-62 3.54E-07 6.27E-16 1.38E-12 2.68E-17 6.71E-10 7.95E-18
  6.58E+06 4.61E-23 3.65E-23 1.45E-16 3.48E-15 5.85E-13 5.74E-20 1.56E-39 3.84E-77 7.68-106 3.15E-18 6.17E-30 3.17E-62 2.71E-07 2.92E-16 2.01E-12 1.40E-17 5.84E-10 3.84E-18
  6.78E+06 7.93E-23 6.79E-23 2.05E-16 3.41E-15 5.83E-13 8.25E-20 4.08E-39 1.50E-76 7.48-106 2.25E-18 9.65E-30 8.85E-62 1.97E-07 1.65E-16 2.85E-12 8.10E-18 5.12E-10 2.27E-18
  6.98E+06 1.84E-22 1.21E-22 2.77E-16 3.33E-15 5.79E-13 1.40E-19 1.49E-38 1.15E-75 7.24-106 1.63E-18 1.73E-29 3.30E-61 1.31E-07 1.28E-16 3.86E-12 5.49E-18 4.49E-10 1.88E-18
  7.18E+06 4.90E-22 2.02E-22 3.50E-16 3.25E-15 5.75E-13 2.43E-19 5.94E-38 1.04E-74 6.97-106 1.22E-18 3.63E-29 1.25E-60 8.29E-08 1.23E-16 4.89E-12 4.19E-18 3.95E-10 1.92E-18
  7.38E+06 1.10E-21 3.21E-22 4.19E-16 3.16E-15 5.70E-13 3.50E-19 1.75E-37 5.12E-74 6.66-106 9.36E-19 7.95E-29 3.31E-60 5.57E-08 1.10E-16 5.97E-12 3.18E-18 3.46E-10 1.75E-18
  7.58E+06 1.75E-21 5.00E-22 4.82E-16 3.08E-15 5.64E-13 3.69E-19 3.07E-37 8.62E-74 6.30-106 7.05E-19 1.64E-28 4.96E-60 3.98E-08 7.25E-17 7.34E-12 2.12E-18 3.03E-10 1.11E-18
  7.78E+06 2.52E-21 7.69E-22 5.49E-16 2.98E-15 5.56E-13 3.42E-19 4.50E-37 1.02E-73 5.89-106 5.51E-19 3.09E-28 6.15E-60 2.86E-08 3.88E-17 9.43E-12 1.37E-18 2.63E-10 5.95E-19
  7.98E+06 5.50E-22 1.55E-21 8.17E-16 2.69E-15 5.46E-13 9.22E-20 5.52E-38 8.50E-76 5.43-106 5.57E-19 5.35E-28 8.35E-61 4.12E-08 8.49E-18 1.96E-11 4.84E-19 2.28E-10 8.22E-20
  8.18E+06 1.07E-23 3.32E-21 1.30E-15 2.17E-15 5.33E-13 5.55E-21 3.37E-40 1.76E-80 4.90-106 9.03E-19 6.72E-28 6.02E-63 1.16E-07 7.78E-19 5.38E-11 7.05E-20 1.96E-10 2.19E-21
  8.38E+06 3.40E-25 5.58E-21 1.61E-15 1.80E-15 5.17E-13 4.68E-22 4.24E-42 1.52E-84 4.29-106 1.48E-18 5.18E-28 6.99E-65 2.42E-07 6.66E-20 1.35E-10 3.17E-20 1.67E-10 8.70E-23
  8.58E+06 2.05E-26 8.52E-21 1.81E-15 1.54E-15 4.95E-13 6.24E-23 1.35E-43 9.93E-88 3.62-106 1.97E-18 3.27E-28 1.87E-66 3.90E-07 6.98E-21 4.20E-10 2.31E-20 1.40E-10 1.05E-23
  8.78E+06 2.07E-27 1.25E-20 1.96E-15 1.32E-15 4.69E-13 1.20E-23 9.25E-45 8.80E-90 2.92-106 2.14E-18 2.06E-28 1.04E-67 5.19E-07 1.22E-21 1.71E-09 1.78E-20 1.17E-10 2.11E-24
  8.98E+06 3.14E-28 1.81E-20 2.07E-15 1.11E-15 4.36E-13 3.07E-24 1.40E-45 6.67E-91 2.22-106 1.97E-18 1.36E-28 1.26E-68 5.94E-07 3.20E-22 7.57E-09 1.27E-20 9.56E-11 4.68E-25
  9.18E+06 6.57E-29 2.60E-20 2.16E-15 9.10E-16 3.97E-13 9.89E-25 5.38E-46 1.57E-91 1.57-106 1.56E-18 9.56E-29 3.83E-69 6.02E-07 8.90E-23 3.12E-08 7.89E-21 7.75E-11 1.01E-25
  9.38E+06 1.76E-29 3.70E-20 2.22E-15 7.12E-16 3.51E-13 3.78E-25 3.98E-46 7.16E-92 1.02-106 1.09E-18 7.25E-29 2.23E-69 5.50E-07 2.30E-23 1.11E-07 4.42E-21 6.22E-11 2.11E-26
  9.58E+06 5.76E-30 5.20E-20 2.25E-15 5.31E-16 3.01E-13 1.64E-25 3.82E-46 4.16E-92 5.94-107 6.85E-19 6.06E-29 1.67E-69 4.60E-07 5.64E-24 3.29E-07 2.37E-21 4.99E-11 4.45E-27
  9.78E+06 2.23E-30 7.17E-20 2.22E-15 3.77E-16 2.48E-13 7.93E-26 4.02E-46 2.57E-92 3.08-107 3.99E-19 5.91E-29 1.34E-69 3.56E-07 1.36E-24 8.32E-07 1.26E-21 4.10E-11 9.88E-28
  9.98E+06 1.06E-30 9.57E-20 2.13E-15 2.65E-16 1.96E-13 4.28E-26 4.40E-46 1.55E-92 1.42-107 2.52E-19 7.51E-29 1.09E-69 2.52E-07 4.12E-25 1.83E-06 6.76E-22 3.58E-11 2.72E-28

     Z        N2O5     CO2      SO4AER   S8AER   
  2.50E+04 5.99E-18 2.07E-04 2.04E-10 1.00E-38
  7.50E+04 7.94E-18 2.07E-04 2.16E-10 1.00E-38
  1.25E+05 1.15E-17 2.07E-04 2.39E-10 1.00E-38
  1.75E+05 1.78E-17 2.07E-04 2.75E-10 1.00E-38
  3.75E+05 1.60E-16 2.07E-04 5.05E-10 1.00E-38
  5.75E+05 1.27E-15 2.07E-04 8.09E-10 1.00E-38
  7.75E+05 2.72E-15 2.07E-04 1.15E-09 1.00E-38
  9.75E+05 4.00E-15 2.07E-04 1.54E-09 1.00E-38
  1.18E+06 6.51E-15 2.07E-04 2.43E-09 1.00E-38
  1.38E+06 3.21E-14 2.07E-04 5.16E-09 1.00E-38
  1.58E+06 2.68E-13 2.07E-04 8.22E-09 1.00E-38
  1.78E+06 1.30E-12 2.07E-04 8.33E-09 1.00E-38
  1.98E+06 3.59E-12 2.08E-04 6.14E-09 1.00E-38
  2.18E+06 6.77E-12 2.08E-04 4.03E-09 1.00E-38
  2.38E+06 1.01E-11 2.08E-04 2.66E-09 1.00E-38
  2.58E+06 1.20E-11 2.08E-04 1.83E-09 1.00E-38
  2.78E+06 1.13E-11 2.08E-04 1.30E-09 1.00E-38
  2.98E+06 8.30E-12 2.08E-04 9.59E-10 1.00E-38
  3.18E+06 4.88E-12 2.08E-04 7.31E-10 1.00E-38
  3.38E+06 2.32E-12 2.08E-04 5.49E-10 1.00E-38
  3.58E+06 9.04E-13 2.08E-04 4.00E-10 1.00E-38
  3.78E+06 2.82E-13 2.08E-04 2.86E-10 1.00E-38
  3.98E+06 6.67E-14 2.08E-04 2.00E-10 1.00E-38
  4.18E+06 1.15E-14 2.08E-04 1.36E-10 1.00E-38
  4.38E+06 1.57E-15 2.08E-04 9.14E-11 1.00E-38
  4.58E+06 1.95E-16 2.08E-04 6.03E-11 1.00E-38
  4.78E+06 2.39E-17 2.08E-04 3.91E-11 1.00E-38
  4.98E+06 2.95E-18 2.08E-04 2.47E-11 1.00E-38
  5.18E+06 3.79E-19 2.08E-04 1.51E-11 1.00E-38
  5.38E+06 5.09E-20 2.08E-04 8.71E-12 1.00E-38
  5.58E+06 7.15E-21 2.08E-04 4.67E-12 1.00E-38
  5.78E+06 1.06E-21 2.08E-04 2.27E-12 1.00E-38
  5.98E+06 1.68E-22 2.08E-04 9.71E-13 1.00E-38
  6.18E+06 2.89E-23 2.08E-04 3.53E-13 1.00E-38
  6.38E+06 5.52E-24 2.07E-04 1.04E-13 1.00E-38
  6.58E+06 1.19E-24 2.07E-04 2.31E-14 1.00E-38
  6.78E+06 3.21E-25 2.07E-04 3.61E-15 1.00E-38
  6.98E+06 1.26E-25 2.06E-04 3.53E-16 1.00E-38
  7.18E+06 6.44E-26 2.06E-04 1.82E-17 1.00E-38
  7.38E+06 3.08E-26 2.05E-04 3.87E-19 1.00E-38
  7.58E+06 1.01E-26 2.04E-04 2.16E-21 1.00E-38
  7.78E+06 2.80E-27 2.03E-04 1.19E-24 1.00E-38
  7.98E+06 2.12E-28 2.02E-04 9.47E-30 1.00E-38
  8.18E+06 2.91E-30 2.00E-04 3.15E-34 1.00E-38
  8.38E+06 1.20E-31 1.98E-04 1.00E-38 1.00E-38
  8.58E+06 3.40E-32 1.95E-04 1.00E-38 1.00E-38
  8.78E+06 1.30E-32 1.91E-04 1.00E-38 1.00E-38
  8.98E+06 4.45E-33 1.87E-04 1.00E-38 1.00E-38
  9.18E+06 1.20E-33 1.82E-04 1.00E-38 1.00E-38
  9.38E+06 2.69E-34 1.76E-04 1.00E-38 1.00E-38
  9.58E+06 5.67E-35 1.69E-04 1.00E-38 1.00E-38
  9.78E+06 1.20E-35 1.60E-04 1.00E-38 1.00E-38
  9.98E+06 2.84E-36 1.51E-04 1.00E-38 1.00E-38
 NW =                   750    WAVELENGTH GRID:   1176.5000000000000       -   10000.000000000000       Angstroms


 PHOTOLYSIS RATES

     Z      PO2_O1D    PO2_O3P    PH2O_1     PH2O_2     PH2O_3     PO3_O1D    PO3_O      PO3_3O     
 2.50E+04   0.00E+00   5.56E-28   7.94E-29   0.00E+00   0.00E+00   6.83E-06   2.03E-04   4.27E-30
 1.75E+05   0.00E+00   8.65E-26   2.37E-26   0.00E+00   0.00E+00   7.91E-06   2.09E-04   1.20E-25
 3.25E+05   0.00E+00   8.41E-24   4.44E-24   0.00E+00   0.00E+00   8.82E-06   2.15E-04   2.30E-22
 4.75E+05   0.00E+00   4.84E-22   4.18E-22   0.00E+00   0.00E+00   9.62E-06   2.21E-04   6.28E-20
 6.25E+05   0.00E+00   1.70E-20   2.04E-20   0.00E+00   0.00E+00   1.03E-05   2.26E-04   5.11E-18
 7.75E+05   0.00E+00   3.80E-19   5.70E-19   0.00E+00   0.00E+00   1.09E-05   2.30E-04   1.93E-16
 9.25E+05   0.00E+00   5.67E-18   1.01E-17   0.00E+00   0.00E+00   1.15E-05   2.35E-04   4.21E-15
 1.08E+06   0.00E+00   5.80E-17   1.17E-16   0.00E+00   0.00E+00   1.22E-05   2.39E-04   5.81E-14
 1.22E+06   0.00E+00   3.95E-16   8.89E-16   0.00E+00   0.00E+00   1.29E-05   2.42E-04   5.00E-13
 1.38E+06   0.00E+00   1.93E-15   4.72E-15   0.00E+00   0.00E+00   1.37E-05   2.46E-04   2.94E-12
 1.52E+06   0.00E+00   7.48E-15   1.95E-14   0.00E+00   0.00E+00   1.46E-05   2.50E-04   1.31E-11
 1.68E+06   0.00E+00   2.46E-14   6.69E-14   0.00E+00   0.00E+00   1.60E-05   2.54E-04   4.79E-11
 1.82E+06   0.00E+00   7.22E-14   2.02E-13   0.00E+00   0.00E+00   1.78E-05   2.57E-04   1.51E-10
 1.98E+06   0.00E+00   1.92E-13   5.50E-13   0.00E+00   0.00E+00   2.04E-05   2.60E-04   4.25E-10
 2.12E+06   0.00E+00   4.73E-13   1.38E-12   0.00E+00   0.00E+00   2.41E-05   2.64E-04   1.08E-09
 2.28E+06   0.00E+00   1.08E-12   3.25E-12   0.00E+00   0.00E+00   2.92E-05   2.66E-04   2.51E-09
 2.42E+06   0.00E+00   2.28E-12   7.13E-12   0.00E+00   0.00E+00   3.63E-05   2.69E-04   5.34E-09
 2.58E+06   0.00E+00   4.51E-12   1.46E-11   0.00E+00   0.00E+00   4.61E-05   2.73E-04   1.05E-08
 2.72E+06   4.89-168   8.37E-12   2.79E-11   2.21-165   3.32-165   5.98E-05   2.76E-04   1.90E-08
 2.88E+06   2.20-137   1.46E-11   4.94E-11   9.95-135   1.49-134   7.88E-05   2.80E-04   3.17E-08
 3.02E+06   5.16-113   2.39E-11   8.22E-11   2.34-110   3.51-110   1.05E-04   2.84E-04   4.93E-08
 3.18E+06   1.14E-93   3.71E-11   1.30E-10   5.15E-91   7.72E-91   1.41E-04   2.90E-04   7.17E-08
 3.32E+06   2.48E-78   5.46E-11   1.97E-10   1.12E-75   1.69E-75   1.88E-04   2.96E-04   9.84E-08
 3.48E+06   3.73E-66   7.69E-11   2.91E-10   1.69E-63   2.53E-63   2.49E-04   3.04E-04   1.29E-07
 3.62E+06   1.85E-56   1.04E-10   4.20E-10   8.38E-54   1.26E-53   3.31E-04   3.13E-04   1.62E-07
 3.78E+06   1.04E-48   1.36E-10   5.90E-10   4.71E-46   7.06E-46   4.43E-04   3.26E-04   1.97E-07
 3.92E+06   1.72E-42   1.71E-10   8.04E-10   7.79E-40   1.17E-39   6.06E-04   3.45E-04   2.33E-07
 4.08E+06   1.76E-37   2.09E-10   1.06E-09   7.98E-35   1.20E-34   8.45E-04   3.72E-04   2.69E-07
 4.22E+06   2.03E-33   2.47E-10   1.36E-09   9.21E-31   1.38E-30   1.17E-03   4.08E-04   3.04E-07
 4.38E+06   4.33E-30   2.83E-10   1.69E-09   1.96E-27   2.94E-27   1.55E-03   4.51E-04   3.38E-07
 4.52E+06   2.54E-27   3.17E-10   2.04E-09   1.15E-24   1.73E-24   1.95E-03   4.96E-04   3.71E-07
 4.68E+06   5.52E-25   3.48E-10   2.43E-09   2.50E-22   3.75E-22   2.33E-03   5.39E-04   4.02E-07
 4.82E+06   5.26E-23   3.77E-10   2.86E-09   2.38E-20   3.57E-20   2.67E-03   5.77E-04   4.32E-07
 4.98E+06   2.45E-21   4.05E-10   3.34E-09   1.11E-18   1.67E-18   2.95E-03   6.08E-04   4.60E-07
 5.12E+06   6.09E-20   4.34E-10   3.91E-09   2.76E-17   4.14E-17   3.17E-03   6.33E-04   4.88E-07
 5.28E+06   8.82E-19   4.64E-10   4.64E-09   3.99E-16   5.99E-16   3.34E-03   6.52E-04   5.14E-07
 5.42E+06   8.05E-18   4.97E-10   5.57E-09   3.65E-15   5.47E-15   3.47E-03   6.66E-04   5.40E-07
 5.58E+06   4.99E-17   5.33E-10   6.76E-09   2.26E-14   3.39E-14   3.56E-03   6.76E-04   5.65E-07
 5.72E+06   2.24E-16   5.74E-10   8.22E-09   1.01E-13   1.52E-13   3.63E-03   6.84E-04   5.90E-07
 5.88E+06   7.70E-16   6.19E-10   9.95E-09   3.48E-13   5.22E-13   3.68E-03   6.90E-04   6.14E-07
 6.02E+06   2.17E-15   6.69E-10   1.19E-08   9.68E-13   1.45E-12   3.71E-03   6.93E-04   6.37E-07
 6.18E+06   6.19E-15   7.26E-10   1.41E-08   2.46E-12   3.69E-12   3.73E-03   6.96E-04   6.60E-07
 6.32E+06   2.71E-14   7.91E-10   1.66E-08   7.84E-12   1.18E-11   3.75E-03   6.98E-04   6.82E-07
 6.48E+06   1.60E-13   8.67E-10   1.95E-08   3.62E-11   5.43E-11   3.76E-03   7.00E-04   7.04E-07
 6.62E+06   8.23E-13   9.58E-10   2.35E-08   1.71E-10   2.56E-10   3.77E-03   7.00E-04   7.26E-07
 6.78E+06   3.30E-12   1.07E-09   3.09E-08   6.63E-10   9.95E-10   3.77E-03   7.01E-04   7.53E-07
 6.92E+06   1.05E-11   1.21E-09   4.57E-08   2.06E-09   3.09E-09   3.78E-03   7.02E-04   7.93E-07
 7.08E+06   2.71E-11   1.40E-09   7.52E-08   5.26E-09   7.89E-09   3.78E-03   7.02E-04   8.57E-07
 7.22E+06   5.92E-11   1.66E-09   1.28E-07   1.14E-08   1.70E-08   3.78E-03   7.02E-04   9.62E-07
 7.38E+06   1.12E-10   2.03E-09   2.11E-07   2.13E-08   3.19E-08   3.78E-03   7.02E-04   1.12E-06
 7.52E+06   1.90E-10   2.54E-09   3.28E-07   3.55E-08   5.32E-08   3.78E-03   7.02E-04   1.34E-06
 7.68E+06   2.89E-10   3.21E-09   4.77E-07   5.35E-08   8.03E-08   3.78E-03   7.02E-04   1.61E-06
 7.82E+06   4.06E-10   4.07E-09   6.50E-07   7.46E-08   1.12E-07   3.78E-03   7.02E-04   1.92E-06
 7.98E+06   5.35E-10   5.16E-09   8.39E-07   9.73E-08   1.46E-07   3.78E-03   7.02E-04   2.25E-06
 8.12E+06   6.71E-10   6.50E-09   1.04E-06   1.21E-07   1.81E-07   3.78E-03   7.02E-04   2.59E-06
 8.28E+06   8.22E-10   8.12E-09   1.23E-06   1.43E-07   2.15E-07   3.78E-03   7.02E-04   2.93E-06
 8.42E+06   1.01E-09   1.01E-08   1.42E-06   1.65E-07   2.48E-07   3.78E-03   7.02E-04   3.26E-06
 8.58E+06   1.28E-09   1.25E-08   1.62E-06   1.87E-07   2.80E-07   3.78E-03   7.03E-04   3.58E-06
 8.72E+06   1.68E-09   1.56E-08   1.81E-06   2.08E-07   3.12E-07   3.78E-03   7.03E-04   3.91E-06
 8.88E+06   2.29E-09   1.95E-08   2.02E-06   2.30E-07   3.44E-07   3.79E-03   7.03E-04   4.26E-06
 9.02E+06   3.28E-09   2.44E-08   2.24E-06   2.52E-07   3.77E-07   3.79E-03   7.03E-04   4.62E-06
 9.18E+06   5.20E-09   3.05E-08   2.48E-06   2.75E-07   4.11E-07   3.79E-03   7.03E-04   5.00E-06
 9.32E+06   9.49E-09   3.79E-08   2.75E-06   2.99E-07   4.45E-07   3.79E-03   7.03E-04   5.39E-06
 9.48E+06   1.97E-08   4.65E-08   3.05E-06   3.24E-07   4.79E-07   3.79E-03   7.03E-04   5.80E-06
 9.62E+06   4.44E-08   5.61E-08   3.41E-06   3.49E-07   5.13E-07   3.79E-03   7.03E-04   6.21E-06
 9.78E+06   1.09E-07   6.72E-08   3.90E-06   3.74E-07   5.45E-07   3.79E-03   7.03E-04   6.65E-06
 9.92E+06   3.67E-07   8.47E-08   4.73E-06   4.03E-07   5.77E-07   3.79E-03   7.03E-04   7.18E-06

     Z      PH2O2      PCO2_1     PCO2_2     PH2CO_1    PH2CO_2    PHO2       PCH4_1     PCH4_2     
 2.50E+04   1.95E-06   4.86E-35   0.00E+00   1.66E-05   9.63E-06   4.30E-22   0.00E+00   0.00E+00
 1.75E+05   2.20E-06   2.09E-30   0.00E+00   1.90E-05   1.12E-05   6.59E-20   0.00E+00   0.00E+00
 3.25E+05   2.40E-06   4.41E-27   0.00E+00   2.12E-05   1.27E-05   6.27E-18   0.00E+00   0.00E+00
 4.75E+05   2.57E-06   1.23E-24   0.00E+00   2.31E-05   1.40E-05   3.53E-16   0.00E+00   0.00E+00
 6.25E+05   2.70E-06   9.99E-23   0.00E+00   2.49E-05   1.52E-05   1.22E-14   0.00E+00   0.00E+00
 7.75E+05   2.80E-06   3.74E-21   0.00E+00   2.65E-05   1.63E-05   2.69E-13   0.00E+00   0.00E+00
 9.25E+05   2.89E-06   8.11E-20   0.00E+00   2.80E-05   1.73E-05   3.98E-12   0.00E+00   0.00E+00
 1.08E+06   2.99E-06   1.12E-18   0.00E+00   2.93E-05   1.82E-05   4.03E-11   0.00E+00   0.00E+00
 1.22E+06   3.11E-06   9.64E-18   0.00E+00   3.04E-05   1.90E-05   2.72E-10   0.00E+00   0.00E+00
 1.38E+06   3.23E-06   5.67E-17   0.00E+00   3.14E-05   1.97E-05   1.32E-09   0.00E+00   0.00E+00
 1.52E+06   3.35E-06   2.52E-16   0.00E+00   3.24E-05   2.05E-05   5.09E-09   0.00E+00   0.00E+00
 1.68E+06   3.48E-06   9.21E-16   0.00E+00   3.33E-05   2.13E-05   1.67E-08   0.00E+00   0.00E+00
 1.82E+06   3.62E-06   2.92E-15   0.00E+00   3.41E-05   2.21E-05   4.86E-08   0.00E+00   0.00E+00
 1.98E+06   3.78E-06   8.33E-15   0.00E+00   3.49E-05   2.30E-05   1.29E-07   0.00E+00   0.00E+00
 2.12E+06   3.97E-06   2.20E-14   0.00E+00   3.56E-05   2.39E-05   3.13E-07   0.00E+00   0.00E+00
 2.28E+06   4.21E-06   5.41E-14   0.00E+00   3.63E-05   2.50E-05   7.08E-07   0.00E+00   0.00E+00
 2.42E+06   4.51E-06   1.24E-13   0.00E+00   3.69E-05   2.62E-05   1.49E-06   0.00E+00   0.00E+00
 2.58E+06   4.92E-06   2.65E-13   0.00E+00   3.76E-05   2.76E-05   2.94E-06   0.00E+00   0.00E+00
 2.72E+06   5.48E-06   5.21E-13   9.83-167   3.83E-05   2.90E-05   5.44E-06   7.98-165   1.55-164
 2.88E+06   6.23E-06   9.46E-13   4.42-136   3.90E-05   3.06E-05   9.47E-06   3.59-134   6.97-134
 3.02E+06   7.22E-06   1.59E-12   1.04-111   3.97E-05   3.23E-05   1.56E-05   8.43-110   1.64-109
 3.18E+06   8.49E-06   2.50E-12   2.28E-92   4.04E-05   3.41E-05   2.42E-05   1.86E-90   3.60E-90
 3.32E+06   1.01E-05   3.71E-12   4.99E-77   4.11E-05   3.59E-05   3.56E-05   4.05E-75   7.86E-75
 3.48E+06   1.20E-05   5.28E-12   7.50E-65   4.18E-05   3.77E-05   5.02E-05   6.09E-63   1.18E-62
 3.62E+06   1.42E-05   7.23E-12   3.72E-55   4.25E-05   3.94E-05   6.80E-05   3.02E-53   5.86E-53
 3.78E+06   1.67E-05   9.58E-12   2.09E-47   4.31E-05   4.10E-05   8.90E-05   1.70E-45   3.29E-45
 3.92E+06   1.97E-05   1.23E-11   3.46E-41   4.38E-05   4.25E-05   1.13E-04   2.81E-39   5.45E-39
 4.08E+06   2.32E-05   1.54E-11   3.54E-36   4.44E-05   4.38E-05   1.39E-04   2.88E-34   5.59E-34
 4.22E+06   2.71E-05   1.88E-11   4.09E-32   4.49E-05   4.50E-05   1.66E-04   3.32E-30   6.45E-30
 4.38E+06   3.11E-05   2.24E-11   8.71E-29   4.54E-05   4.59E-05   1.91E-04   7.07E-27   1.37E-26
 4.52E+06   3.49E-05   2.61E-11   5.11E-26   4.59E-05   4.67E-05   2.13E-04   4.15E-24   8.06E-24
 4.68E+06   3.84E-05   3.00E-11   1.11E-23   4.63E-05   4.74E-05   2.33E-04   9.00E-22   1.75E-21
 4.82E+06   4.13E-05   3.41E-11   1.06E-21   4.65E-05   4.78E-05   2.49E-04   8.59E-20   1.67E-19
 4.98E+06   4.38E-05   3.83E-11   4.93E-20   4.68E-05   4.82E-05   2.61E-04   4.00E-18   7.77E-18
 5.12E+06   4.56E-05   4.28E-11   1.23E-18   4.70E-05   4.85E-05   2.71E-04   9.95E-17   1.93E-16
 5.28E+06   4.71E-05   4.78E-11   1.77E-17   4.71E-05   4.87E-05   2.78E-04   1.44E-15   2.79E-15
 5.42E+06   4.82E-05   5.33E-11   1.62E-16   4.72E-05   4.88E-05   2.84E-04   1.31E-14   2.55E-14
 5.58E+06   4.90E-05   5.94E-11   1.00E-15   4.73E-05   4.89E-05   2.88E-04   8.15E-14   1.58E-13
 5.72E+06   4.96E-05   6.62E-11   4.50E-15   4.73E-05   4.90E-05   2.92E-04   3.66E-13   7.10E-13
 5.88E+06   5.01E-05   7.37E-11   1.55E-14   4.73E-05   4.91E-05   2.94E-04   1.26E-12   2.44E-12
 6.02E+06   5.04E-05   8.18E-11   4.30E-14   4.74E-05   4.91E-05   2.96E-04   3.50E-12   6.75E-12
 6.18E+06   5.06E-05   9.04E-11   1.11E-13   4.74E-05   4.91E-05   2.98E-04   9.11E-12   1.66E-11
 6.32E+06   5.08E-05   9.95E-11   3.76E-13   4.74E-05   4.91E-05   2.99E-04   3.15E-11   4.74E-11
 6.48E+06   5.09E-05   1.09E-10   1.83E-12   4.74E-05   4.92E-05   3.00E-04   1.56E-10   1.93E-10
 6.62E+06   5.10E-05   1.20E-10   8.81E-12   4.74E-05   4.92E-05   3.00E-04   7.57E-10   8.60E-10
 6.78E+06   5.11E-05   1.31E-10   3.44E-11   4.74E-05   4.92E-05   3.01E-04   2.96E-09   3.28E-09
 6.92E+06   5.12E-05   1.44E-10   1.07E-10   4.74E-05   4.92E-05   3.01E-04   9.22E-09   1.01E-08
 7.08E+06   5.13E-05   1.58E-10   2.73E-10   4.75E-05   4.92E-05   3.02E-04   2.35E-08   2.56E-08
 7.22E+06   5.13E-05   1.75E-10   5.89E-10   4.75E-05   4.92E-05   3.02E-04   5.06E-08   5.51E-08
 7.38E+06   5.14E-05   1.94E-10   1.10E-09   4.75E-05   4.93E-05   3.02E-04   9.48E-08   1.03E-07
 7.52E+06   5.16E-05   2.18E-10   1.84E-09   4.76E-05   4.93E-05   3.03E-04   1.58E-07   1.71E-07
 7.68E+06   5.18E-05   2.45E-10   2.77E-09   4.76E-05   4.94E-05   3.03E-04   2.38E-07   2.58E-07
 7.82E+06   5.20E-05   2.76E-10   3.86E-09   4.77E-05   4.95E-05   3.03E-04   3.31E-07   3.58E-07
 7.98E+06   5.22E-05   3.12E-10   5.04E-09   4.78E-05   4.95E-05   3.04E-04   4.32E-07   4.67E-07
 8.12E+06   5.25E-05   3.53E-10   6.25E-09   4.79E-05   4.96E-05   3.04E-04   5.34E-07   5.78E-07
 8.28E+06   5.27E-05   3.98E-10   7.43E-09   4.80E-05   4.97E-05   3.04E-04   6.35E-07   6.87E-07
 8.42E+06   5.29E-05   4.47E-10   8.59E-09   4.80E-05   4.98E-05   3.04E-04   7.33E-07   7.93E-07
 8.58E+06   5.32E-05   5.02E-10   9.73E-09   4.81E-05   4.99E-05   3.05E-04   8.30E-07   8.97E-07
 8.72E+06   5.34E-05   5.64E-10   1.09E-08   4.82E-05   5.00E-05   3.05E-04   9.28E-07   1.00E-06
 8.88E+06   5.36E-05   6.36E-10   1.22E-08   4.83E-05   5.00E-05   3.05E-04   1.03E-06   1.12E-06
 9.02E+06   5.39E-05   7.22E-10   1.36E-08   4.84E-05   5.01E-05   3.05E-04   1.14E-06   1.23E-06
 9.18E+06   5.42E-05   8.29E-10   1.53E-08   4.85E-05   5.03E-05   3.06E-04   1.26E-06   1.36E-06
 9.32E+06   5.44E-05   9.74E-10   1.73E-08   4.87E-05   5.05E-05   3.06E-04   1.38E-06   1.49E-06
 9.48E+06   5.47E-05   1.20E-09   1.95E-08   4.90E-05   5.07E-05   3.06E-04   1.51E-06   1.63E-06
 9.62E+06   5.51E-05   1.62E-09   2.22E-08   4.94E-05   5.11E-05   3.06E-04   1.65E-06   1.77E-06
 9.78E+06   5.56E-05   2.44E-09   2.60E-08   4.99E-05   5.16E-05   3.07E-04   1.79E-06   1.91E-06
 9.92E+06   5.63E-05   3.96E-09   3.67E-08   5.05E-05   5.23E-05   3.07E-04   1.96E-06   2.07E-06

     Z      PCH4_3     PC2H6_1    PC2H6_2    PHNO2_1    PHNO3      PHNO3_3    PHNO3_1    PNO        
 2.50E+04   0.00E+00   0.00E+00   0.00E+00   5.40E-04   1.49E-07   3.23E-30   2.32E-30   0.00E+00
 1.75E+05   0.00E+00   0.00E+00   0.00E+00   5.99E-04   1.67E-07   1.72E-25   1.23E-25   0.00E+00
 3.25E+05   0.00E+00   0.00E+00   0.00E+00   6.52E-04   1.79E-07   3.76E-22   2.70E-22   0.00E+00
 4.75E+05   0.00E+00   0.00E+00   0.00E+00   7.00E-04   1.88E-07   1.06E-19   7.61E-20   3.15-151
 6.25E+05   0.00E+00   0.00E+00   0.00E+00   7.43E-04   1.92E-07   8.69E-18   6.24E-18   1.92-116
 7.75E+05   0.00E+00   0.00E+00   0.00E+00   7.82E-04   1.91E-07   3.28E-16   2.36E-16   6.97E-94
 9.25E+05   0.00E+00   0.00E+00   0.00E+00   8.17E-04   1.88E-07   7.21E-15   5.18E-15   1.33E-76
 1.08E+06   0.00E+00   0.00E+00   0.00E+00   8.48E-04   1.89E-07   1.02E-13   7.30E-14   8.62E-63
 1.22E+06   0.00E+00   0.00E+00   0.00E+00   8.75E-04   1.97E-07   9.09E-13   6.53E-13   9.74E-52
 1.38E+06   0.00E+00   0.00E+00   0.00E+00   8.99E-04   2.07E-07   5.52E-12   3.97E-12   5.77E-43
 1.52E+06   0.00E+00   0.00E+00   0.00E+00   9.21E-04   2.20E-07   2.54E-11   1.82E-11   5.25E-36
 1.68E+06   0.00E+00   0.00E+00   0.00E+00   9.40E-04   2.40E-07   9.55E-11   6.86E-11   1.77E-30
 1.82E+06   0.00E+00   0.00E+00   0.00E+00   9.57E-04   2.74E-07   3.14E-10   2.25E-10   4.55E-26
 1.98E+06   0.00E+00   0.00E+00   0.00E+00   9.69E-04   3.39E-07   9.40E-10   6.75E-10   1.56E-22
 2.12E+06   0.00E+00   0.00E+00   0.00E+00   9.80E-04   4.63E-07   2.64E-09   1.89E-09   1.12E-19
 2.28E+06   0.00E+00   0.00E+00   0.00E+00   9.88E-04   6.94E-07   6.98E-09   5.01E-09   2.38E-17
 2.42E+06   0.00E+00   0.00E+00   0.00E+00   9.95E-04   1.11E-06   1.73E-08   1.24E-08   1.96E-15
 2.58E+06   0.00E+00   0.00E+00   0.00E+00   1.00E-03   1.79E-06   3.94E-08   2.83E-08   7.47E-14
 2.72E+06   2.39-164   0.00E+00   1.58-165   1.01E-03   2.86E-06   8.19E-08   5.88E-08   1.50E-12
 2.88E+06   1.07-133   0.00E+00   7.08-135   1.01E-03   4.40E-06   1.55E-07   1.11E-07   1.75E-11
 3.02E+06   2.52-109   0.00E+00   1.66-110   1.02E-03   6.45E-06   2.70E-07   1.94E-07   1.29E-10
 3.18E+06   5.56E-90   0.00E+00   3.66E-91   1.02E-03   9.00E-06   4.35E-07   3.12E-07   6.48E-10
 3.32E+06   1.21E-74   0.00E+00   7.99E-76   1.03E-03   1.20E-05   6.56E-07   4.71E-07   2.38E-09
 3.48E+06   1.82E-62   0.00E+00   1.20E-63   1.04E-03   1.52E-05   9.36E-07   6.72E-07   6.80E-09
 3.62E+06   9.05E-53   0.00E+00   5.96E-54   1.05E-03   1.87E-05   1.27E-06   9.14E-07   1.60E-08
 3.78E+06   5.08E-45   0.00E+00   3.35E-46   1.06E-03   2.23E-05   1.66E-06   1.19E-06   3.21E-08
 3.92E+06   8.41E-39   0.00E+00   5.54E-40   1.07E-03   2.59E-05   2.10E-06   1.51E-06   5.72E-08
 4.08E+06   8.62E-34   0.00E+00   5.68E-35   1.08E-03   2.94E-05   2.56E-06   1.84E-06   9.27E-08
 4.22E+06   9.95E-30   0.00E+00   6.56E-31   1.09E-03   3.29E-05   3.04E-06   2.18E-06   1.39E-07
 4.38E+06   2.12E-26   0.00E+00   1.40E-27   1.11E-03   3.60E-05   3.53E-06   2.53E-06   1.96E-07
 4.52E+06   1.24E-23   0.00E+00   8.19E-25   1.12E-03   3.88E-05   4.01E-06   2.88E-06   2.64E-07
 4.68E+06   2.70E-21   0.00E+00   1.78E-22   1.13E-03   4.11E-05   4.48E-06   3.22E-06   3.42E-07
 4.82E+06   2.57E-19   0.00E+00   1.70E-20   1.13E-03   4.31E-05   4.95E-06   3.55E-06   4.29E-07
 4.98E+06   1.20E-17   0.00E+00   7.90E-19   1.14E-03   4.47E-05   5.41E-06   3.88E-06   5.23E-07
 5.12E+06   2.98E-16   0.00E+00   1.96E-17   1.15E-03   4.60E-05   5.86E-06   4.21E-06   6.25E-07
 5.28E+06   4.31E-15   0.00E+00   2.84E-16   1.15E-03   4.71E-05   6.31E-06   4.53E-06   7.32E-07
 5.42E+06   3.94E-14   0.00E+00   2.59E-15   1.15E-03   4.80E-05   6.76E-06   4.85E-06   8.45E-07
 5.58E+06   2.44E-13   0.00E+00   1.61E-14   1.16E-03   4.87E-05   7.20E-06   5.17E-06   9.62E-07
 5.72E+06   1.10E-12   0.00E+00   7.22E-14   1.16E-03   4.93E-05   7.64E-06   5.48E-06   1.08E-06
 5.88E+06   3.76E-12   0.00E+00   2.48E-13   1.16E-03   4.98E-05   8.07E-06   5.79E-06   1.21E-06
 6.02E+06   1.03E-11   0.00E+00   7.03E-13   1.16E-03   5.02E-05   8.49E-06   6.09E-06   1.33E-06
 6.18E+06   2.38E-11   0.00E+00   2.08E-12   1.16E-03   5.05E-05   8.89E-06   6.38E-06   1.45E-06
 6.32E+06   4.92E-11   0.00E+00   9.74E-12   1.16E-03   5.08E-05   9.28E-06   6.66E-06   1.58E-06
 6.48E+06   1.04E-10   0.00E+00   5.91E-11   1.16E-03   5.10E-05   9.66E-06   6.93E-06   1.70E-06
 6.62E+06   2.57E-10   0.00E+00   3.04E-10   1.16E-03   5.12E-05   1.00E-05   7.19E-06   1.83E-06
 6.78E+06   7.12E-10   0.00E+00   1.20E-09   1.16E-03   5.14E-05   1.04E-05   7.44E-06   1.95E-06
 6.92E+06   1.91E-09   0.00E+00   3.72E-09   1.16E-03   5.16E-05   1.07E-05   7.69E-06   2.08E-06
 7.08E+06   4.56E-09   0.00E+00   9.39E-09   1.16E-03   5.18E-05   1.11E-05   7.94E-06   2.22E-06
 7.22E+06   9.51E-09   0.00E+00   2.00E-08   1.16E-03   5.19E-05   1.14E-05   8.20E-06   2.36E-06
 7.38E+06   1.75E-08   0.00E+00   3.70E-08   1.16E-03   5.21E-05   1.18E-05   8.47E-06   2.52E-06
 7.52E+06   2.88E-08   0.00E+00   6.08E-08   1.16E-03   5.25E-05   1.22E-05   8.77E-06   2.69E-06
 7.68E+06   4.30E-08   0.00E+00   9.07E-08   1.16E-03   5.29E-05   1.27E-05   9.09E-06   2.88E-06
 7.82E+06   5.95E-08   0.00E+00   1.25E-07   1.16E-03   5.33E-05   1.31E-05   9.43E-06   3.09E-06
 7.98E+06   7.73E-08   0.00E+00   1.62E-07   1.16E-03   5.37E-05   1.36E-05   9.79E-06   3.31E-06
 8.12E+06   9.55E-08   0.00E+00   1.99E-07   1.16E-03   5.42E-05   1.41E-05   1.02E-05   3.54E-06
 8.28E+06   1.13E-07   0.00E+00   2.36E-07   1.16E-03   5.46E-05   1.47E-05   1.05E-05   3.78E-06
 8.42E+06   1.31E-07   0.00E+00   2.72E-07   1.16E-03   5.51E-05   1.52E-05   1.09E-05   4.02E-06
 8.58E+06   1.49E-07   0.00E+00   3.09E-07   1.16E-03   5.55E-05   1.57E-05   1.13E-05   4.26E-06
 8.72E+06   1.67E-07   0.00E+00   3.48E-07   1.16E-03   5.59E-05   1.62E-05   1.16E-05   4.51E-06
 8.88E+06   1.86E-07   0.00E+00   3.91E-07   1.16E-03   5.64E-05   1.67E-05   1.20E-05   4.76E-06
 9.02E+06   2.07E-07   0.00E+00   4.38E-07   1.16E-03   5.68E-05   1.72E-05   1.23E-05   5.01E-06
 9.18E+06   2.30E-07   0.00E+00   4.90E-07   1.16E-03   5.72E-05   1.77E-05   1.27E-05   5.27E-06
 9.32E+06   2.53E-07   0.00E+00   5.46E-07   1.16E-03   5.77E-05   1.82E-05   1.31E-05   5.54E-06
 9.48E+06   2.78E-07   0.00E+00   6.05E-07   1.16E-03   5.81E-05   1.88E-05   1.35E-05   5.83E-06
 9.62E+06   3.03E-07   0.00E+00   6.65E-07   1.16E-03   5.86E-05   1.93E-05   1.39E-05   6.16E-06
 9.78E+06   3.29E-07   0.00E+00   7.27E-07   1.16E-03   5.92E-05   2.00E-05   1.44E-05   6.59E-06
 9.92E+06   3.55E-07   0.00E+00   7.92E-07   1.16E-03   6.01E-05   2.10E-05   1.51E-05   7.28E-06

     Z      PNO2_O1D   PNO2       PCH3_1     PSO        PH2S       PSO2       PSO2_SO21  PSO2_SO23  
 2.50E+04   2.12E-23   3.57E-03   2.68E-22   5.86E-22   2.33E-14   3.25E-22   3.52E-05   4.27E-07
 1.75E+05   3.16E-21   3.92E-03   3.74E-20   9.82E-20   2.83E-14   5.51E-20   4.16E-05   4.71E-07
 3.25E+05   2.93E-19   4.22E-03   3.42E-18   1.02E-17   3.31E-14   5.84E-18   4.75E-05   5.10E-07
 4.75E+05   1.61E-17   4.50E-03   1.89E-16   6.13E-16   3.79E-14   3.61E-16   5.29E-05   5.45E-07
 6.25E+05   5.43E-16   4.75E-03   6.43E-15   2.23E-14   5.18E-14   1.34E-14   5.80E-05   5.76E-07
 7.75E+05   1.18E-14   4.98E-03   1.40E-13   5.10E-13   2.73E-13   3.10E-13   6.27E-05   6.05E-07
 9.25E+05   1.72E-13   5.18E-03   2.04E-12   7.75E-12   3.56E-12   4.76E-12   6.72E-05   6.30E-07
 1.08E+06   1.72E-12   5.36E-03   2.04E-11   8.01E-11   3.68E-11   4.96E-11   7.13E-05   6.53E-07
 1.22E+06   1.15E-11   5.51E-03   1.35E-10   5.50E-10   2.55E-10   3.42E-10   7.51E-05   6.73E-07
 1.38E+06   5.56E-11   5.65E-03   6.47E-10   2.70E-09   1.26E-09   1.69E-09   7.87E-05   6.90E-07
 1.52E+06   2.13E-10   5.78E-03   2.46E-09   1.05E-08   4.92E-09   6.56E-09   8.29E-05   7.06E-07
 1.68E+06   6.98E-10   5.90E-03   7.99E-09   3.45E-08   1.62E-08   2.16E-08   8.78E-05   7.20E-07
 1.82E+06   2.03E-09   5.99E-03   2.31E-08   1.00E-07   4.70E-08   6.26E-08   9.39E-05   7.31E-07
 1.98E+06   5.39E-09   6.07E-03   6.11E-08   2.64E-07   1.24E-07   1.64E-07   1.02E-04   7.40E-07
 2.12E+06   1.32E-08   6.13E-03   1.49E-07   6.39E-07   2.97E-07   3.95E-07   1.12E-04   7.47E-07
 2.28E+06   3.00E-08   6.18E-03   3.39E-07   1.42E-06   6.58E-07   8.75E-07   1.24E-04   7.52E-07
 2.42E+06   6.38E-08   6.22E-03   7.23E-07   2.95E-06   1.35E-06   1.80E-06   1.39E-04   7.56E-07
 2.58E+06   1.27E-07   6.26E-03   1.46E-06   5.67E-06   2.58E-06   3.44E-06   1.59E-04   7.59E-07
 2.72E+06   2.39E-07   6.29E-03   2.78E-06   1.02E-05   4.60E-06   6.12E-06   1.83E-04   7.61E-07
 2.88E+06   4.23E-07   6.31E-03   5.02E-06   1.71E-05   7.68E-06   1.02E-05   2.12E-04   7.63E-07
 3.02E+06   7.08E-07   6.34E-03   8.53E-06   2.67E-05   1.20E-05   1.59E-05   2.46E-04   7.65E-07
 3.18E+06   1.12E-06   6.36E-03   1.35E-05   3.93E-05   1.77E-05   2.33E-05   2.87E-04   7.66E-07
 3.32E+06   1.69E-06   6.38E-03   2.00E-05   5.43E-05   2.47E-05   3.22E-05   3.32E-04   7.67E-07
 3.48E+06   2.42E-06   6.40E-03   2.75E-05   7.13E-05   3.27E-05   4.23E-05   3.82E-04   7.67E-07
 3.62E+06   3.34E-06   6.41E-03   3.57E-05   8.94E-05   4.17E-05   5.32E-05   4.35E-04   7.68E-07
 3.78E+06   4.44E-06   6.43E-03   4.39E-05   1.08E-04   5.13E-05   6.42E-05   4.91E-04   7.68E-07
 3.92E+06   5.69E-06   6.44E-03   5.17E-05   1.26E-04   6.11E-05   7.50E-05   5.48E-04   7.69E-07
 4.08E+06   7.01E-06   6.45E-03   5.86E-05   1.42E-04   7.07E-05   8.50E-05   6.05E-04   7.69E-07
 4.22E+06   8.33E-06   6.46E-03   6.45E-05   1.57E-04   7.96E-05   9.38E-05   6.59E-04   7.69E-07
 4.38E+06   9.54E-06   6.47E-03   6.92E-05   1.69E-04   8.75E-05   1.01E-04   7.09E-04   7.69E-07
 4.52E+06   1.06E-05   6.47E-03   7.29E-05   1.79E-04   9.42E-05   1.07E-04   7.52E-04   7.69E-07
 4.68E+06   1.15E-05   6.48E-03   7.58E-05   1.87E-04   9.98E-05   1.12E-04   7.89E-04   7.69E-07
 4.82E+06   1.22E-05   6.48E-03   7.80E-05   1.93E-04   1.04E-04   1.16E-04   8.18E-04   7.70E-07
 4.98E+06   1.27E-05   6.49E-03   7.97E-05   1.99E-04   1.08E-04   1.20E-04   8.41E-04   7.70E-07
 5.12E+06   1.32E-05   6.49E-03   8.10E-05   2.03E-04   1.11E-04   1.22E-04   8.58E-04   7.70E-07
 5.28E+06   1.35E-05   6.49E-03   8.20E-05   2.06E-04   1.13E-04   1.24E-04   8.71E-04   7.70E-07
 5.42E+06   1.38E-05   6.49E-03   8.27E-05   2.09E-04   1.15E-04   1.26E-04   8.80E-04   7.70E-07
 5.58E+06   1.40E-05   6.49E-03   8.33E-05   2.11E-04   1.17E-04   1.28E-04   8.87E-04   7.70E-07
 5.72E+06   1.42E-05   6.50E-03   8.37E-05   2.13E-04   1.18E-04   1.29E-04   8.92E-04   7.70E-07
 5.88E+06   1.43E-05   6.50E-03   8.41E-05   2.15E-04   1.19E-04   1.30E-04   8.95E-04   7.70E-07
 6.02E+06   1.44E-05   6.50E-03   8.43E-05   2.16E-04   1.20E-04   1.31E-04   8.97E-04   7.70E-07
 6.18E+06   1.45E-05   6.50E-03   8.45E-05   2.17E-04   1.21E-04   1.32E-04   8.99E-04   7.70E-07
 6.32E+06   1.46E-05   6.50E-03   8.47E-05   2.18E-04   1.21E-04   1.32E-04   9.00E-04   7.70E-07
 6.48E+06   1.46E-05   6.50E-03   8.48E-05   2.19E-04   1.22E-04   1.33E-04   9.01E-04   7.70E-07
 6.62E+06   1.47E-05   6.50E-03   8.49E-05   2.20E-04   1.22E-04   1.33E-04   9.02E-04   7.70E-07
 6.78E+06   1.48E-05   6.50E-03   8.50E-05   2.20E-04   1.23E-04   1.34E-04   9.02E-04   7.70E-07
 6.92E+06   1.49E-05   6.50E-03   8.51E-05   2.21E-04   1.23E-04   1.34E-04   9.02E-04   7.70E-07
 7.08E+06   1.49E-05   6.50E-03   8.51E-05   2.21E-04   1.23E-04   1.35E-04   9.02E-04   7.70E-07
 7.22E+06   1.50E-05   6.50E-03   8.51E-05   2.22E-04   1.24E-04   1.35E-04   9.03E-04   7.70E-07
 7.38E+06   1.52E-05   6.50E-03   8.52E-05   2.22E-04   1.24E-04   1.36E-04   9.03E-04   7.70E-07
 7.52E+06   1.53E-05   6.50E-03   8.52E-05   2.22E-04   1.25E-04   1.37E-04   9.03E-04   7.70E-07
 7.68E+06   1.55E-05   6.50E-03   8.52E-05   2.23E-04   1.25E-04   1.37E-04   9.03E-04   7.70E-07
 7.82E+06   1.57E-05   6.50E-03   8.52E-05   2.23E-04   1.26E-04   1.38E-04   9.03E-04   7.70E-07
 7.98E+06   1.59E-05   6.50E-03   8.52E-05   2.23E-04   1.27E-04   1.39E-04   9.03E-04   7.70E-07
 8.12E+06   1.61E-05   6.50E-03   8.52E-05   2.23E-04   1.28E-04   1.40E-04   9.03E-04   7.70E-07
 8.28E+06   1.63E-05   6.50E-03   8.52E-05   2.23E-04   1.28E-04   1.41E-04   9.03E-04   7.70E-07
 8.42E+06   1.66E-05   6.50E-03   8.52E-05   2.24E-04   1.29E-04   1.41E-04   9.03E-04   7.70E-07
 8.58E+06   1.68E-05   6.50E-03   8.52E-05   2.24E-04   1.29E-04   1.42E-04   9.03E-04   7.70E-07
 8.72E+06   1.70E-05   6.50E-03   8.53E-05   2.24E-04   1.30E-04   1.43E-04   9.03E-04   7.70E-07
 8.88E+06   1.73E-05   6.50E-03   8.53E-05   2.24E-04   1.31E-04   1.44E-04   9.03E-04   7.70E-07
 9.02E+06   1.76E-05   6.50E-03   8.53E-05   2.24E-04   1.31E-04   1.45E-04   9.03E-04   7.70E-07
 9.18E+06   1.78E-05   6.50E-03   8.53E-05   2.24E-04   1.32E-04   1.45E-04   9.03E-04   7.70E-07
 9.32E+06   1.81E-05   6.50E-03   8.53E-05   2.24E-04   1.33E-04   1.46E-04   9.03E-04   7.70E-07
 9.48E+06   1.85E-05   6.50E-03   8.53E-05   2.24E-04   1.34E-04   1.47E-04   9.03E-04   7.70E-07
 9.62E+06   1.89E-05   6.50E-03   8.53E-05   2.25E-04   1.34E-04   1.48E-04   9.03E-04   7.70E-07
 9.78E+06   1.94E-05   6.50E-03   8.53E-05   2.25E-04   1.35E-04   1.49E-04   9.03E-04   7.70E-07
 9.92E+06   2.04E-05   6.50E-03   8.53E-05   2.25E-04   1.36E-04   1.50E-04   9.03E-04   7.70E-07

     Z      PS2        PS4        PS3        PS8L       PS8R       PS8        PSO3       PHSO       
 2.50E+04   2.80E-05   1.15E-01   5.35E-01   0.00E+00   0.00E+00   7.63E-14   6.46E-08   4.30E-22
 1.75E+05   3.31E-05   1.19E-01   5.75E-01   0.00E+00   0.00E+00   1.07E-13   7.53E-08   6.59E-20
 3.25E+05   3.77E-05   1.23E-01   6.10E-01   0.00E+00   0.00E+00   1.46E-13   8.50E-08   6.27E-18
 4.75E+05   4.19E-05   1.26E-01   6.41E-01   0.00E+00   0.00E+00   1.95E-13   9.38E-08   3.53E-16
 6.25E+05   4.58E-05   1.29E-01   6.70E-01   0.00E+00   0.00E+00   2.56E-13   1.02E-07   1.22E-14
 7.75E+05   4.95E-05   1.31E-01   6.96E-01   0.00E+00   0.00E+00   3.34E-13   1.09E-07   2.69E-13
 9.25E+05   5.29E-05   1.33E-01   7.19E-01   0.00E+00   0.00E+00   4.35E-13   1.16E-07   3.98E-12
 1.08E+06   5.61E-05   1.36E-01   7.40E-01   0.00E+00   0.00E+00   5.73E-13   1.23E-07   4.03E-11
 1.22E+06   5.89E-05   1.37E-01   7.57E-01   0.00E+00   0.00E+00   7.65E-13   1.28E-07   2.72E-10
 1.38E+06   6.17E-05   1.39E-01   7.74E-01   0.00E+00   0.00E+00   1.02E-12   1.34E-07   1.32E-09
 1.52E+06   6.47E-05   1.41E-01   7.89E-01   0.00E+00   0.00E+00   1.36E-12   1.40E-07   5.09E-09
 1.68E+06   6.83E-05   1.43E-01   8.02E-01   0.00E+00   0.00E+00   1.82E-12   1.47E-07   1.67E-08
 1.82E+06   7.25E-05   1.45E-01   8.13E-01   0.00E+00   0.00E+00   2.43E-12   1.57E-07   4.86E-08
 1.98E+06   7.78E-05   1.46E-01   8.21E-01   0.00E+00   0.00E+00   3.23E-12   1.75E-07   1.29E-07
 2.12E+06   8.43E-05   1.47E-01   8.28E-01   0.00E+00   0.00E+00   4.29E-12   2.06E-07   3.13E-07
 2.28E+06   9.24E-05   1.47E-01   8.32E-01   0.00E+00   0.00E+00   5.72E-12   2.64E-07   7.08E-07
 2.42E+06   1.02E-04   1.48E-01   8.36E-01   0.00E+00   0.00E+00   7.63E-12   3.67E-07   1.49E-06
 2.58E+06   1.15E-04   1.48E-01   8.38E-01   0.00E+00   0.00E+00   1.02E-11   5.45E-07   2.94E-06
 2.72E+06   1.30E-04   1.49E-01   8.41E-01   0.00E+00   0.00E+00   1.37E-11   8.34E-07   5.44E-06
 2.88E+06   1.49E-04   1.49E-01   8.42E-01   0.00E+00   0.00E+00   1.84E-11   1.27E-06   9.47E-06
 3.02E+06   1.71E-04   1.49E-01   8.43E-01   0.00E+00   0.00E+00   2.49E-11   1.89E-06   1.56E-05
 3.18E+06   1.98E-04   1.49E-01   8.44E-01   0.00E+00   0.00E+00   3.38E-11   2.71E-06   2.42E-05
 3.32E+06   2.28E-04   1.49E-01   8.45E-01   0.00E+00   0.00E+00   4.59E-11   3.73E-06   3.56E-05
 3.48E+06   2.61E-04   1.49E-01   8.46E-01   0.00E+00   0.00E+00   6.21E-11   4.91E-06   5.02E-05
 3.62E+06   2.96E-04   1.49E-01   8.46E-01   0.00E+00   0.00E+00   8.37E-11   6.25E-06   6.80E-05
 3.78E+06   3.32E-04   1.50E-01   8.47E-01   0.00E+00   0.00E+00   1.12E-10   7.70E-06   8.90E-05
 3.92E+06   3.68E-04   1.50E-01   8.47E-01   0.00E+00   0.00E+00   1.51E-10   9.25E-06   1.13E-04
 4.08E+06   4.03E-04   1.50E-01   8.47E-01   0.00E+00   0.00E+00   2.01E-10   1.08E-05   1.39E-04
 4.22E+06   4.35E-04   1.50E-01   8.47E-01   0.00E+00   0.00E+00   2.67E-10   1.24E-05   1.66E-04
 4.38E+06   4.63E-04   1.50E-01   8.47E-01   0.00E+00   0.00E+00   3.51E-10   1.39E-05   1.91E-04
 4.52E+06   4.86E-04   1.50E-01   8.47E-01   0.00E+00   0.00E+00   4.56E-10   1.53E-05   2.13E-04
 4.68E+06   5.05E-04   1.50E-01   8.48E-01   0.00E+00   0.00E+00   5.83E-10   1.65E-05   2.33E-04
 4.82E+06   5.20E-04   1.50E-01   8.48E-01   0.00E+00   0.00E+00   7.39E-10   1.75E-05   2.49E-04
 4.98E+06   5.31E-04   1.50E-01   8.48E-01   0.00E+00   0.00E+00   9.28E-10   1.83E-05   2.61E-04
 5.12E+06   5.40E-04   1.50E-01   8.48E-01   0.00E+00   0.00E+00   1.16E-09   1.89E-05   2.71E-04
 5.28E+06   5.46E-04   1.50E-01   8.48E-01   0.00E+00   0.00E+00   1.43E-09   1.94E-05   2.78E-04
 5.42E+06   5.51E-04   1.50E-01   8.48E-01   0.00E+00   0.00E+00   1.77E-09   1.98E-05   2.84E-04
 5.58E+06   5.54E-04   1.50E-01   8.48E-01   0.00E+00   0.00E+00   2.18E-09   2.02E-05   2.88E-04
 5.72E+06   5.57E-04   1.50E-01   8.48E-01   0.00E+00   0.00E+00   2.68E-09   2.04E-05   2.92E-04
 5.88E+06   5.58E-04   1.50E-01   8.48E-01   0.00E+00   0.00E+00   3.29E-09   2.06E-05   2.94E-04
 6.02E+06   5.59E-04   1.50E-01   8.48E-01   0.00E+00   0.00E+00   4.04E-09   2.08E-05   2.96E-04
 6.18E+06   5.60E-04   1.50E-01   8.48E-01   0.00E+00   0.00E+00   4.97E-09   2.09E-05   2.98E-04
 6.32E+06   5.61E-04   1.50E-01   8.48E-01   0.00E+00   0.00E+00   6.11E-09   2.10E-05   2.99E-04
 6.48E+06   5.61E-04   1.50E-01   8.48E-01   0.00E+00   0.00E+00   7.53E-09   2.11E-05   3.00E-04
 6.62E+06   5.62E-04   1.50E-01   8.48E-01   0.00E+00   0.00E+00   9.29E-09   2.12E-05   3.00E-04
 6.78E+06   5.62E-04   1.50E-01   8.48E-01   0.00E+00   0.00E+00   1.15E-08   2.13E-05   3.01E-04
 6.92E+06   5.62E-04   1.50E-01   8.48E-01   0.00E+00   0.00E+00   1.42E-08   2.14E-05   3.01E-04
 7.08E+06   5.62E-04   1.50E-01   8.48E-01   0.00E+00   0.00E+00   1.77E-08   2.14E-05   3.02E-04
 7.22E+06   5.62E-04   1.50E-01   8.48E-01   0.00E+00   0.00E+00   2.19E-08   2.15E-05   3.02E-04
 7.38E+06   5.62E-04   1.50E-01   8.48E-01   0.00E+00   0.00E+00   2.73E-08   2.15E-05   3.02E-04
 7.52E+06   5.62E-04   1.50E-01   8.48E-01   0.00E+00   0.00E+00   3.42E-08   2.16E-05   3.03E-04
 7.68E+06   5.62E-04   1.50E-01   8.48E-01   0.00E+00   0.00E+00   4.28E-08   2.17E-05   3.03E-04
 7.82E+06   5.62E-04   1.50E-01   8.48E-01   0.00E+00   0.00E+00   5.36E-08   2.17E-05   3.03E-04
 7.98E+06   5.62E-04   1.50E-01   8.48E-01   0.00E+00   0.00E+00   6.71E-08   2.18E-05   3.04E-04
 8.12E+06   5.62E-04   1.50E-01   8.48E-01   0.00E+00   0.00E+00   8.39E-08   2.19E-05   3.04E-04
 8.28E+06   5.62E-04   1.50E-01   8.48E-01   0.00E+00   0.00E+00   1.05E-07   2.19E-05   3.04E-04
 8.42E+06   5.62E-04   1.50E-01   8.48E-01   0.00E+00   0.00E+00   1.31E-07   2.20E-05   3.04E-04
 8.58E+06   5.62E-04   1.50E-01   8.48E-01   0.00E+00   0.00E+00   1.64E-07   2.21E-05   3.05E-04
 8.72E+06   5.62E-04   1.50E-01   8.48E-01   0.00E+00   0.00E+00   2.05E-07   2.21E-05   3.05E-04
 8.88E+06   5.62E-04   1.50E-01   8.48E-01   0.00E+00   0.00E+00   2.57E-07   2.22E-05   3.05E-04
 9.02E+06   5.62E-04   1.50E-01   8.48E-01   0.00E+00   0.00E+00   3.21E-07   2.23E-05   3.05E-04
 9.18E+06   5.62E-04   1.50E-01   8.48E-01   0.00E+00   0.00E+00   4.00E-07   2.23E-05   3.06E-04
 9.32E+06   5.62E-04   1.50E-01   8.48E-01   0.00E+00   0.00E+00   4.99E-07   2.24E-05   3.06E-04
 9.48E+06   5.62E-04   1.50E-01   8.48E-01   0.00E+00   0.00E+00   6.23E-07   2.25E-05   3.06E-04
 9.62E+06   5.62E-04   1.50E-01   8.48E-01   0.00E+00   0.00E+00   7.76E-07   2.26E-05   3.06E-04
 9.78E+06   5.62E-04   1.50E-01   8.48E-01   0.00E+00   0.00E+00   9.66E-07   2.27E-05   3.07E-04
 9.92E+06   5.62E-04   1.50E-01   8.48E-01   0.00E+00   0.00E+00   1.20E-06   2.31E-05   3.07E-04

     Z      POCS       PNO3_NO    PNO3_NO2   PN2O       PHO2NO2_NO2PHO2NO2_NO3PN2O5_NO2  PN2O5_NO   
 2.50E+04   9.94E-12   1.06E-02   8.32E-02   4.45E-25   1.49E-06   3.73E-07   3.06E-10   1.00E-05
 1.75E+05   1.19E-11   1.08E-02   8.47E-02   8.24E-23   1.74E-06   4.34E-07   3.83E-10   1.14E-05
 3.25E+05   1.36E-11   1.10E-02   8.59E-02   9.84E-21   1.96E-06   4.89E-07   4.60E-10   1.27E-05
 4.75E+05   1.53E-11   1.12E-02   8.69E-02   6.73E-19   2.16E-06   5.40E-07   5.39E-10   1.39E-05
 6.25E+05   1.69E-11   1.14E-02   8.76E-02   2.63E-17   2.35E-06   5.87E-07   6.22E-10   1.50E-05
 7.75E+05   1.84E-11   1.15E-02   8.80E-02   6.24E-16   2.52E-06   6.30E-07   7.12E-10   1.60E-05
 9.25E+05   1.99E-11   1.17E-02   8.82E-02   9.54E-15   2.68E-06   6.69E-07   8.11E-10   1.69E-05
 1.08E+06   2.19E-11   1.19E-02   8.86E-02   1.00E-13   2.82E-06   7.06E-07   9.57E-10   1.77E-05
 1.22E+06   2.74E-11   1.20E-02   8.95E-02   7.13E-13   2.95E-06   7.38E-07   1.36E-09   1.84E-05
 1.38E+06   4.74E-11   1.21E-02   9.05E-02   3.61E-12   3.07E-06   7.69E-07   2.86E-09   1.91E-05
 1.52E+06   1.15E-10   1.23E-02   9.17E-02   1.43E-11   3.20E-06   8.01E-07   8.02E-09   1.97E-05
 1.68E+06   3.18E-10   1.24E-02   9.29E-02   4.78E-11   3.35E-06   8.38E-07   2.37E-08   2.04E-05
 1.82E+06   8.83E-10   1.26E-02   9.40E-02   1.40E-10   3.53E-06   8.83E-07   6.62E-08   2.11E-05
 1.98E+06   2.35E-09   1.27E-02   9.49E-02   3.70E-10   3.76E-06   9.42E-07   1.71E-07   2.18E-05
 2.12E+06   5.89E-09   1.27E-02   9.56E-02   8.93E-10   4.10E-06   1.03E-06   4.10E-07   2.25E-05
 2.28E+06   1.40E-08   1.28E-02   9.63E-02   1.98E-09   4.61E-06   1.16E-06   9.06E-07   2.34E-05
 2.42E+06   3.13E-08   1.28E-02   9.69E-02   4.05E-09   5.39E-06   1.37E-06   1.86E-06   2.44E-05
 2.58E+06   6.66E-08   1.29E-02   9.74E-02   7.68E-09   6.61E-06   1.69E-06   3.56E-06   2.55E-05
 2.72E+06   1.35E-07   1.29E-02   9.79E-02   1.35E-08   8.45E-06   2.19E-06   6.36E-06   2.69E-05
 2.88E+06   2.60E-07   1.29E-02   9.84E-02   2.22E-08   1.11E-05   2.91E-06   1.06E-05   2.84E-05
 3.02E+06   4.75E-07   1.29E-02   9.89E-02   3.42E-08   1.48E-05   3.91E-06   1.66E-05   3.01E-05
 3.18E+06   8.27E-07   1.30E-02   9.94E-02   4.94E-08   1.96E-05   5.21E-06   2.45E-05   3.21E-05
 3.32E+06   1.37E-06   1.30E-02   9.99E-02   6.76E-08   2.56E-05   6.82E-06   3.43E-05   3.42E-05
 3.48E+06   2.15E-06   1.30E-02   1.00E-01   8.82E-08   3.27E-05   8.74E-06   4.56E-05   3.66E-05
 3.62E+06   3.22E-06   1.30E-02   1.01E-01   1.11E-07   4.10E-05   1.10E-05   5.85E-05   3.90E-05
 3.78E+06   4.62E-06   1.30E-02   1.01E-01   1.34E-07   5.07E-05   1.35E-05   7.27E-05   4.17E-05
 3.92E+06   6.33E-06   1.30E-02   1.02E-01   1.57E-07   6.20E-05   1.65E-05   8.83E-05   4.45E-05
 4.08E+06   8.30E-06   1.30E-02   1.02E-01   1.80E-07   7.52E-05   2.00E-05   1.05E-04   4.75E-05
 4.22E+06   1.04E-05   1.30E-02   1.02E-01   2.01E-07   9.02E-05   2.39E-05   1.24E-04   5.06E-05
 4.38E+06   1.24E-05   1.30E-02   1.02E-01   2.19E-07   1.06E-04   2.80E-05   1.42E-04   5.37E-05
 4.52E+06   1.42E-05   1.30E-02   1.02E-01   2.34E-07   1.22E-04   3.21E-05   1.60E-04   5.65E-05
 4.68E+06   1.57E-05   1.30E-02   1.02E-01   2.46E-07   1.36E-04   3.57E-05   1.76E-04   5.90E-05
 4.82E+06   1.70E-05   1.30E-02   1.02E-01   2.56E-07   1.48E-04   3.89E-05   1.90E-04   6.11E-05
 4.98E+06   1.80E-05   1.30E-02   1.02E-01   2.66E-07   1.58E-04   4.16E-05   2.01E-04   6.28E-05
 5.12E+06   1.87E-05   1.30E-02   1.02E-01   2.74E-07   1.66E-04   4.37E-05   2.10E-04   6.41E-05
 5.28E+06   1.93E-05   1.30E-02   1.01E-01   2.82E-07   1.73E-04   4.53E-05   2.18E-04   6.50E-05
 5.42E+06   1.97E-05   1.30E-02   1.01E-01   2.89E-07   1.77E-04   4.66E-05   2.23E-04   6.58E-05
 5.58E+06   2.00E-05   1.30E-02   1.01E-01   2.96E-07   1.81E-04   4.75E-05   2.28E-04   6.63E-05
 5.72E+06   2.03E-05   1.30E-02   1.01E-01   3.02E-07   1.84E-04   4.83E-05   2.32E-04   6.67E-05
 5.88E+06   2.05E-05   1.30E-02   1.01E-01   3.08E-07   1.86E-04   4.88E-05   2.35E-04   6.69E-05
 6.02E+06   2.06E-05   1.30E-02   1.00E-01   3.14E-07   1.87E-04   4.93E-05   2.37E-04   6.71E-05
 6.18E+06   2.07E-05   1.30E-02   1.00E-01   3.19E-07   1.88E-04   4.96E-05   2.39E-04   6.72E-05
 6.32E+06   2.07E-05   1.30E-02   1.00E-01   3.24E-07   1.89E-04   4.98E-05   2.41E-04   6.73E-05
 6.48E+06   2.08E-05   1.30E-02   9.98E-02   3.29E-07   1.90E-04   5.00E-05   2.43E-04   6.74E-05
 6.62E+06   2.08E-05   1.30E-02   9.96E-02   3.33E-07   1.90E-04   5.02E-05   2.44E-04   6.74E-05
 6.78E+06   2.09E-05   1.31E-02   9.94E-02   3.38E-07   1.90E-04   5.03E-05   2.45E-04   6.75E-05
 6.92E+06   2.09E-05   1.31E-02   9.92E-02   3.44E-07   1.91E-04   5.04E-05   2.47E-04   6.75E-05
 7.08E+06   2.10E-05   1.31E-02   9.90E-02   3.54E-07   1.91E-04   5.05E-05   2.48E-04   6.75E-05
 7.22E+06   2.10E-05   1.31E-02   9.89E-02   3.68E-07   1.91E-04   5.05E-05   2.49E-04   6.75E-05
 7.38E+06   2.11E-05   1.31E-02   9.87E-02   3.89E-07   1.91E-04   5.06E-05   2.50E-04   6.75E-05
 7.52E+06   2.12E-05   1.31E-02   9.87E-02   4.19E-07   1.91E-04   5.06E-05   2.51E-04   6.75E-05
 7.68E+06   2.14E-05   1.31E-02   9.87E-02   4.56E-07   1.91E-04   5.06E-05   2.53E-04   6.75E-05
 7.82E+06   2.16E-05   1.31E-02   9.87E-02   4.99E-07   1.91E-04   5.07E-05   2.55E-04   6.75E-05
 7.98E+06   2.18E-05   1.31E-02   9.87E-02   5.45E-07   1.91E-04   5.07E-05   2.56E-04   6.75E-05
 8.12E+06   2.20E-05   1.31E-02   9.87E-02   5.93E-07   1.92E-04   5.07E-05   2.58E-04   6.75E-05
 8.28E+06   2.22E-05   1.31E-02   9.87E-02   6.40E-07   1.92E-04   5.07E-05   2.60E-04   6.75E-05
 8.42E+06   2.24E-05   1.31E-02   9.87E-02   6.88E-07   1.92E-04   5.07E-05   2.62E-04   6.75E-05
 8.58E+06   2.26E-05   1.31E-02   9.87E-02   7.36E-07   1.92E-04   5.07E-05   2.63E-04   6.75E-05
 8.72E+06   2.29E-05   1.31E-02   9.87E-02   7.89E-07   1.92E-04   5.07E-05   2.65E-04   6.75E-05
 8.88E+06   2.31E-05   1.31E-02   9.87E-02   8.49E-07   1.92E-04   5.07E-05   2.67E-04   6.75E-05
 9.02E+06   2.34E-05   1.31E-02   9.87E-02   9.23E-07   1.92E-04   5.07E-05   2.69E-04   6.75E-05
 9.18E+06   2.38E-05   1.31E-02   9.87E-02   1.02E-06   1.92E-04   5.07E-05   2.71E-04   6.75E-05
 9.32E+06   2.42E-05   1.31E-02   9.87E-02   1.14E-06   1.92E-04   5.08E-05   2.73E-04   6.75E-05
 9.48E+06   2.48E-05   1.31E-02   9.87E-02   1.30E-06   1.92E-04   5.08E-05   2.75E-04   6.75E-05
 9.62E+06   2.56E-05   1.31E-02   9.87E-02   1.49E-06   1.92E-04   5.08E-05   2.78E-04   6.75E-05
 9.78E+06   2.71E-05   1.31E-02   9.87E-02   1.72E-06   1.92E-04   5.08E-05   2.81E-04   6.75E-05
 9.92E+06   3.06E-05   1.31E-02   9.87E-02   2.03E-06   1.92E-04   5.08E-05   2.88E-04   6.75E-05
 N =    1  EMAX = 2.58E-04 FOR H       AT Z = 1.02E+06 U = 1.48E-20 RHS = 3.81E-24  DT = 5.00E-06  TIME = 1.00E-06
 N =    2  EMAX = 3.43E-04 FOR H       AT Z = 1.02E+06 U = 1.48E-20 RHS = 5.07E-24  DT = 2.50E-05  TIME = 6.00E-06
 N =    3  EMAX = 2.92E-04 FOR O       AT Z = 1.02E+06 U = 9.86E-16 RHS = 2.88E-19  DT = 1.25E-04  TIME = 3.10E-05
 N =    4  EMAX = 5.51E-04 FOR O       AT Z = 1.02E+06 U = 9.86E-16 RHS = 5.43E-19  DT = 5.00E-04  TIME = 1.56E-04
 N =    5  EMAX = 2.90E-04 FOR O       AT Z = 1.02E+06 U = 9.87E-16 RHS = 2.86E-19  DT = 2.50E-03  TIME = 6.56E-04
 N =    6  EMAX = 1.51E-04 FOR HCO     AT Z = 7.12E+06 U = 1.35E-17 RHS = 2.04E-21  DT = 1.25E-02  TIME = 3.16E-03
 N =    7  EMAX = 4.15E-04 FOR SO3     AT Z = 1.08E+06 U = 1.38E-16 RHS =-5.74E-20  DT = 6.25E-02  TIME = 1.57E-02
 N =    8  EMAX = 1.71E-03 FOR SO3     AT Z = 1.08E+06 U = 1.38E-16 RHS =-2.36E-19  DT = 1.88E-01  TIME = 7.82E-02
 N =    9  EMAX = 3.11E-03 FOR SO3     AT Z = 1.08E+06 U = 1.38E-16 RHS =-4.30E-19  DT = 5.62E-01  TIME = 2.66E-01
 N =   10  EMAX = 3.18E-03 FOR SO3     AT Z = 1.08E+06 U = 1.38E-16 RHS =-4.37E-19  DT = 1.69E+00  TIME = 8.28E-01
 N =   11  EMAX = 1.58E-03 FOR SO3     AT Z = 1.12E+06 U = 2.47E-16 RHS =-3.91E-19  DT = 5.06E+00  TIME = 2.52E+00
 N =   12  EMAX = 9.80E-04 FOR SO3     AT Z = 1.82E+06 U = 2.08E-15 RHS =-2.04E-18  DT = 2.02E+01  TIME = 7.58E+00
 N =   13  EMAX = 1.37E-03 FOR SO3     AT Z = 2.02E+06 U = 1.64E-15 RHS =-2.24E-18  DT = 6.08E+01  TIME = 2.78E+01
 N =   14  EMAX = 1.23E-03 FOR SO3     AT Z = 2.28E+06 U = 9.57E-16 RHS =-1.18E-18  DT = 1.82E+02  TIME = 8.86E+01
 N =   15  EMAX = 1.15E-03 FOR SO3     AT Z = 2.52E+06 U = 6.00E-16 RHS =-6.88E-19  DT = 5.47E+02  TIME = 2.71E+02
 N =   16  EMAX = 1.10E-03 FOR SO3     AT Z = 2.78E+06 U = 3.67E-16 RHS =-4.04E-19  DT = 1.64E+03  TIME = 8.18E+02
 N =   17  EMAX = 1.06E-03 FOR SO3     AT Z = 2.98E+06 U = 2.57E-16 RHS =-2.72E-19  DT = 4.92E+03  TIME = 2.46E+03
 N =   18  EMAX = 9.73E-04 FOR SO3     AT Z = 3.18E+06 U = 2.00E-16 RHS =-1.95E-19  DT = 1.97E+04  TIME = 7.38E+03
 N =   19  EMAX = 9.93E-04 FOR HO2NO2  AT Z = 8.08E+06 U = 1.41E-20 RHS =-1.40E-23  DT = 7.87E+04  TIME = 2.71E+04
 N =   20  EMAX = 8.91E-04 FOR H2SO4   AT Z = 2.88E+06 U = 1.76E-13 RHS =-1.57E-16  DT = 3.15E+05  TIME = 1.06E+05
 N =   21  EMAX = 1.03E-03 FOR N       AT Z = 8.88E+06 U = 3.60E-09 RHS = 3.70E-12  DT = 9.45E+05  TIME = 4.21E+05
 N =   22  EMAX = 7.04E-04 FOR H2O     AT Z = 1.32E+06 U = 4.10E-06 RHS = 2.89E-09  DT = 3.78E+06  TIME = 1.37E+06
 N =   23  EMAX = 1.04E-03 FOR H2S     AT Z = 1.68E+06 U = 5.14E-18 RHS =-5.33E-21  DT = 1.13E+07  TIME = 5.14E+06
 N =   24  EMAX = 1.94E-03 FOR H2S     AT Z = 1.98E+06 U = 1.75E-20 RHS =-3.38E-23  DT = 3.40E+07  TIME = 1.65E+07
 N =   25  EMAX = 2.10E-03 FOR H2S     AT Z = 1.98E+06 U = 1.74E-20 RHS =-3.67E-23  DT = 1.02E+08  TIME = 5.05E+07
 N =   26  EMAX = 3.08E-03 FOR SO3     AT Z = 8.18E+06 U = 9.01E-19 RHS =-2.77E-21  DT = 3.06E+08  TIME = 1.53E+08
 N =   27  EMAX = 3.37E-03 FOR SO3     AT Z = 8.18E+06 U = 8.98E-19 RHS =-3.03E-21  DT = 9.18E+08  TIME = 4.59E+08
 N =   28  EMAX = 1.46E-03 FOR SO3     AT Z = 8.18E+06 U = 8.95E-19 RHS =-1.31E-21  DT = 2.75E+09  TIME = 1.38E+09
 N =   29  EMAX = 2.87E-04 FOR H2SO4   AT Z = 2.92E+06 U = 2.65E-13 RHS =-7.61E-17  DT = 1.38E+10  TIME = 4.13E+09
 N =   30  EMAX = 4.48E-05 FOR H2SO4   AT Z = 2.92E+06 U = 2.65E-13 RHS =-1.19E-17  DT = 6.89E+10  TIME = 1.79E+10
 N =   31  EMAX = 7.67E-06 FOR H2S     AT Z = 1.98E+06 U = 1.73E-20 RHS = 1.33E-25  DT = 3.44E+11  TIME = 8.68E+10
 N =   32  EMAX = 1.55E-06 FOR CO2     AT Z = 3.12E+06 U = 2.08E-04 RHS = 3.22E-10  DT = 1.72E+12  TIME = 4.31E+11
 N =   33  EMAX = 4.37E-07 FOR H2S     AT Z = 1.98E+06 U = 1.73E-20 RHS =-7.59E-27  DT = 8.61E+12  TIME = 2.15E+12
 N =   34  EMAX = 2.79E-07 FOR H2S     AT Z = 1.98E+06 U = 1.73E-20 RHS = 4.85E-27  DT = 4.30E+13  TIME = 1.08E+13
 N =   35  EMAX = 6.14E-08 FOR SO4AER  AT Z = 2.98E+06 U = 9.59E-10 RHS = 5.89E-17  DT = 2.15E+14  TIME = 5.38E+13
 N =   36  EMAX = 2.79E-08 FOR SO4AER  AT Z = 4.98E+06 U = 2.47E-11 RHS = 6.88E-19  DT = 1.08E+15  TIME = 2.69E+14
 N =   37  EMAX = 9.62E-09 FOR H2S     AT Z = 1.98E+06 U = 1.73E-20 RHS = 1.67E-28  DT = 5.38E+15  TIME = 1.35E+15
 N =   38  EMAX = 3.38E-09 FOR SO4AER  AT Z = 3.12E+06 U = 7.80E-10 RHS =-2.63E-18  DT = 2.69E+16  TIME = 6.73E+15
 N =   39  EMAX = 1.11E-09 FOR H2S     AT Z = 1.98E+06 U = 1.73E-20 RHS =-1.93E-29  DT = 1.35E+17  TIME = 3.36E+16
 N =   40  EMAX = 7.36E-10 FOR SO4AER  AT Z = 4.68E+06 U = 4.87E-11 RHS = 3.59E-20  DT = 6.73E+17  TIME = 1.68E+17

 ENERGY FLUXES IN W/m2/nm (NOT DIURNALLY AVERAGED)

  L   WAV      TAUR      EFLUX     GFLUX     S(1)
   1 1177.2  1.017E+02 5.413E-05 0.000E+00 0.000E+00
   2 1178.6  1.010E+02 4.768E-05 0.000E+00 0.000E+00
   3 1179.9  1.004E+02 4.123E-05 0.000E+00 0.000E+00
   4 1181.3  9.978E+01 3.455E-05 0.000E+00 0.000E+00
   5 1182.7  9.914E+01 2.786E-05 0.000E+00 0.000E+00
   6 1184.1  9.851E+01 2.117E-05 0.000E+00 0.000E+00
   7 1185.5  9.789E+01 1.899E-05 0.000E+00 0.000E+00
   8 1186.9  9.727E+01 2.442E-05 0.000E+00 0.000E+00
   9 1188.3  9.665E+01 3.017E-05 0.000E+00 0.000E+00
  10 1189.8  9.600E+01 3.593E-05 0.000E+00 0.000E+00
  11 1191.2  9.539E+01 4.149E-05 0.000E+00 0.000E+00
  12 1192.6  9.479E+01 4.704E-05 0.000E+00 0.000E+00
  13 1194.0  9.420E+01 5.260E-05 0.000E+00 0.000E+00
  14 1195.5  9.361E+01 5.608E-05 0.000E+00 0.000E+00
  15 1196.9  9.298E+01 5.512E-05 0.000E+00 0.000E+00
  16 1198.3  9.240E+01 5.891E-05 0.000E+00 0.000E+00
  17 1199.8  9.182E+01 6.400E-05 0.000E+00 0.000E+00
  18 1201.2  9.121E+01 5.848E-05 0.000E+00 0.000E+00
  19 1202.7  9.064E+01 5.851E-05 0.000E+00 0.000E+00
  20 1204.1  9.003E+01 1.550E-04 0.000E+00 0.000E+00
  21 1205.5  8.947E+01 3.814E-04 0.000E+00 0.000E+00
  22 1207.0  8.888E+01 3.958E-04 0.000E+00 0.000E+00
  23 1208.5  8.833E+01 1.820E-04 0.000E+00 0.000E+00
  24 1210.0  8.775E+01 1.014E-04 0.000E+00 0.000E+00
  25 1211.4  8.717E+01 2.778E-04 0.000E+00 0.000E+00
  26 1212.8  8.663E+01 4.063E-03 0.000E+00 0.000E+00
  27 1214.3  8.606E+01 1.837E-02 0.000E+00 0.000E+00
  28 1215.8  8.549E+01 2.550E-02 0.000E+00 0.000E+00
  29 1217.2  8.497E+01 1.269E-02 0.000E+00 0.000E+00
  30 1218.8  8.441E+01 1.953E-03 0.000E+00 0.000E+00
  31 1220.2  8.386E+01 2.304E-04 0.000E+00 0.000E+00
  32 1221.8  8.331E+01 9.415E-05 0.000E+00 0.000E+00
  33 1223.2  8.277E+01 6.190E-05 0.000E+00 0.000E+00
  34 1224.8  8.223E+01 4.859E-05 0.000E+00 0.000E+00
  35 1226.2  8.170E+01 4.298E-05 0.000E+00 0.000E+00
  36 1227.8  8.117E+01 4.077E-05 0.000E+00 0.000E+00
  37 1229.2  8.064E+01 3.730E-05 0.000E+00 0.000E+00
  38 1230.8  8.012E+01 3.304E-05 0.000E+00 0.000E+00
  39 1232.2  7.960E+01 3.085E-05 0.000E+00 0.000E+00
  40 1233.8  7.909E+01 3.007E-05 0.000E+00 0.000E+00
  41 1235.3  7.855E+01 3.114E-05 0.000E+00 0.000E+00
  42 1236.8  7.804E+01 4.785E-05 0.000E+00 0.000E+00
  43 1238.4  7.754E+01 6.985E-05 0.000E+00 0.000E+00
  44 1240.0  7.701E+01 5.861E-05 0.000E+00 0.000E+00
  45 1241.5  7.652E+01 4.901E-05 0.000E+00 0.000E+00
  46 1243.0  7.603E+01 4.753E-05 0.000E+00 0.000E+00
  47 1244.5  7.551E+01 3.176E-05 0.000E+00 0.000E+00
  48 1246.1  7.503E+01 2.375E-05 0.000E+00 0.000E+00
  49 1247.7  7.452E+01 2.316E-05 0.000E+00 0.000E+00
  50 1249.2  7.405E+01 2.327E-05 0.000E+00 0.000E+00
  51 1250.8  7.355E+01 2.382E-05 0.000E+00 0.000E+00
  52 1252.3  7.306E+01 2.661E-05 0.000E+00 0.000E+00
  53 1253.9  7.260E+01 3.071E-05 0.000E+00 0.000E+00
  54 1255.5  7.211E+01 3.062E-05 0.000E+00 0.000E+00
  55 1257.1  7.162E+01 3.412E-05 0.000E+00 0.000E+00
  56 1258.7  7.114E+01 4.922E-05 0.000E+00 0.000E+00
  57 1260.2  7.070E+01 5.734E-05 0.000E+00 0.000E+00
  58 1261.8  7.023E+01 4.188E-05 0.000E+00 0.000E+00
  59 1263.4  6.976E+01 5.704E-05 0.000E+00 0.000E+00
  60 1265.0  6.930E+01 8.211E-05 0.000E+00 0.000E+00
  61 1266.6  6.884E+01 5.035E-05 0.000E+00 0.000E+00
  62 1268.2  6.838E+01 2.200E-05 0.000E+00 0.000E+00
  63 1269.8  6.793E+01 1.766E-05 0.000E+00 0.000E+00
  64 1271.4  6.748E+01 1.748E-05 0.000E+00 0.000E+00
  65 1273.1  6.700E+01 2.007E-05 0.000E+00 0.000E+00
  66 1274.7  6.656E+01 2.742E-05 0.000E+00 0.000E+00
  67 1276.3  6.613E+01 3.156E-05 0.000E+00 0.000E+00
  68 1277.9  6.569E+01 3.090E-05 0.000E+00 0.000E+00
  69 1279.6  6.523E+01 2.813E-05 0.000E+00 0.000E+00
  70 1281.2  6.481E+01 2.158E-05 0.000E+00 0.000E+00
  71 1282.9  6.436E+01 1.577E-05 0.000E+00 0.000E+00
  72 1284.5  6.394E+01 1.463E-05 0.000E+00 0.000E+00
  73 1286.2  6.352E+01 1.767E-05 0.000E+00 0.000E+00
  74 1287.8  6.308E+01 2.579E-05 0.000E+00 0.000E+00
  75 1289.5  6.265E+01 2.603E-05 0.000E+00 0.000E+00
  76 1291.2  6.224E+01 1.933E-05 0.000E+00 0.000E+00
  77 1292.8  6.182E+01 1.789E-05 0.000E+00 0.000E+00
  78 1294.5  6.139E+01 2.386E-05 0.000E+00 0.000E+00
  79 1296.2  6.100E+01 2.750E-05 0.000E+00 0.000E+00
  80 1297.8  6.058E+01 3.032E-05 0.000E+00 0.000E+00
  81 1299.6  6.017E+01 6.221E-05 0.000E+00 0.000E+00
  82 1301.2  5.976E+01 1.605E-04 0.000E+00 0.000E+00
  83 1302.9  5.935E+01 2.341E-04 0.000E+00 0.000E+00
  84 1304.7  5.895E+01 3.161E-04 0.000E+00 0.000E+00
  85 1306.3  5.855E+01 2.521E-04 0.000E+00 0.000E+00
  86 1308.1  5.816E+01 9.567E-05 0.000E+00 0.000E+00
  87 1309.8  5.776E+01 5.384E-05 0.000E+00 0.000E+00
  88 1311.4  5.737E+01 3.787E-05 0.000E+00 0.000E+00
  89 1313.2  5.699E+01 2.660E-05 0.000E+00 0.000E+00
  90 1314.9  5.658E+01 2.578E-05 0.000E+00 0.000E+00
  91 1316.7  5.620E+01 3.090E-05 0.000E+00 0.000E+00
  92 1318.4  5.583E+01 3.087E-05 0.000E+00 0.000E+00
  93 1320.2  5.543E+01 2.333E-05 0.000E+00 0.000E+00
  94 1321.9  5.506E+01 1.999E-05 0.000E+00 0.000E+00
  95 1323.7  5.468E+01 2.261E-05 0.000E+00 0.000E+00
  96 1325.4  5.431E+01 2.198E-05 0.000E+00 0.000E+00
  97 1327.2  5.393E+01 2.565E-05 0.000E+00 0.000E+00
  98 1328.9  5.357E+01 3.306E-05 0.000E+00 0.000E+00
  99 1330.7  5.320E+01 3.243E-05 0.000E+00 0.000E+00
 100 1332.4  5.283E+01 1.605E-04 0.000E+00 0.000E+00
 101 1334.2  5.248E+01 5.537E-04 0.000E+00 0.000E+00
 102 1336.0  5.211E+01 5.056E-04 0.000E+00 0.000E+00
 103 1337.8  5.175E+01 1.145E-04 0.000E+00 0.000E+00
 104 1339.6  5.139E+01 2.202E-05 0.000E+00 0.000E+00
 105 1341.4  5.104E+01 2.130E-05 0.000E+00 0.000E+00
 106 1343.2  5.069E+01 2.151E-05 0.000E+00 0.000E+00
 107 1345.0  5.034E+01 2.168E-05 0.000E+00 0.000E+00
 108 1346.8  4.999E+01 2.256E-05 0.000E+00 0.000E+00
 109 1348.6  4.965E+01 2.619E-05 0.000E+00 0.000E+00
 110 1350.5  4.930E+01 3.956E-05 0.000E+00 0.000E+00
 111 1352.3  4.895E+01 4.245E-05 0.000E+00 0.000E+00
 112 1354.1  4.861E+01 4.974E-05 0.000E+00 0.000E+00
 113 1356.0  4.828E+01 6.151E-05 0.000E+00 0.000E+00
 114 1357.8  4.793E+01 5.111E-05 0.000E+00 0.000E+00
 115 1359.6  4.761E+01 4.212E-05 0.000E+00 0.000E+00
 116 1361.5  4.729E+01 3.367E-05 0.000E+00 0.000E+00
 117 1363.3  4.695E+01 3.233E-05 0.000E+00 0.000E+00
 118 1365.2  4.661E+01 3.022E-05 0.000E+00 0.000E+00
 119 1367.0  4.630E+01 2.976E-05 0.000E+00 0.000E+00
 120 1369.0  4.597E+01 3.424E-05 0.000E+00 0.000E+00
 121 1370.8  4.564E+01 3.814E-05 0.000E+00 0.000E+00
 122 1372.7  4.533E+01 3.609E-05 0.000E+00 0.000E+00
 123 1374.5  4.501E+01 3.130E-05 0.000E+00 0.000E+00
 124 1376.5  4.470E+01 2.991E-05 0.000E+00 0.000E+00
 125 1378.3  4.438E+01 3.258E-05 0.000E+00 0.000E+00
 126 1380.2  4.407E+01 3.565E-05 0.000E+00 0.000E+00
 127 1382.2  4.376E+01 3.438E-05 0.000E+00 0.000E+00
 128 1384.0  4.345E+01 3.249E-05 0.000E+00 0.000E+00
 129 1386.0  4.315E+01 3.416E-05 0.000E+00 0.000E+00
 130 1388.0  4.283E+01 3.596E-05 0.000E+00 0.000E+00
 131 1389.8  4.253E+01 4.015E-05 0.000E+00 0.000E+00
 132 1391.8  4.224E+01 1.225E-04 0.000E+00 0.000E+00
 133 1393.8  4.193E+01 2.103E-04 0.000E+00 0.000E+00
 134 1395.7  4.164E+01 1.132E-04 0.000E+00 0.000E+00
 135 1397.6  4.135E+01 4.745E-05 0.000E+00 0.000E+00
 136 1399.6  4.105E+01 6.685E-05 0.000E+00 0.000E+00
 137 1401.5  4.075E+01 1.299E-04 0.000E+00 0.000E+00
 138 1403.5  4.047E+01 1.288E-04 0.000E+00 0.000E+00
 139 1405.5  4.018E+01 6.890E-05 0.000E+00 0.000E+00
 140 1407.5  3.989E+01 4.960E-05 0.000E+00 0.000E+00
 141 1409.5  3.960E+01 4.897E-05 0.000E+00 0.000E+00
 142 1411.4  3.933E+01 5.215E-05 0.000E+00 0.000E+00
 143 1413.4  3.905E+01 5.092E-05 0.000E+00 0.000E+00
 144 1415.4  3.877E+01 4.986E-05 0.000E+00 0.000E+00
 145 1417.4  3.849E+01 5.040E-05 0.000E+00 0.000E+00
 146 1419.5  3.821E+01 4.958E-05 0.000E+00 0.000E+00
 147 1421.5  3.793E+01 5.019E-05 0.000E+00 0.000E+00
 148 1423.5  3.766E+01 5.965E-05 0.000E+00 0.000E+00
 149 1425.5  3.739E+01 6.274E-05 0.000E+00 0.000E+00
 150 1427.5  3.713E+01 5.269E-05 0.000E+00 0.000E+00
 151 1429.6  3.685E+01 5.402E-05 0.000E+00 0.000E+00
 152 1431.7  3.659E+01 6.567E-05 0.000E+00 0.000E+00
 153 1433.7  3.632E+01 6.713E-05 0.000E+00 0.000E+00
 154 1435.8  3.606E+01 6.111E-05 0.000E+00 0.000E+00
 155 1437.8  3.580E+01 5.862E-05 0.000E+00 0.000E+00
 156 1439.8  3.555E+01 5.711E-05 0.000E+00 0.000E+00
 157 1442.0  3.529E+01 5.829E-05 0.000E+00 0.000E+00
 158 1444.0  3.503E+01 6.098E-05 0.000E+00 0.000E+00
 159 1446.2  3.477E+01 6.205E-05 0.000E+00 0.000E+00
 160 1448.2  3.452E+01 5.994E-05 0.000E+00 0.000E+00
 161 1450.3  3.427E+01 5.957E-05 0.000E+00 0.000E+00
 162 1452.5  3.402E+01 6.227E-05 0.000E+00 0.000E+00
 163 1454.5  3.377E+01 6.600E-05 0.000E+00 0.000E+00
 164 1456.7  3.352E+01 6.589E-05 0.000E+00 0.000E+00
 165 1458.8  3.328E+01 6.696E-05 0.000E+00 0.000E+00
 166 1461.0  3.303E+01 6.926E-05 0.000E+00 0.000E+00
 167 1463.0  3.279E+01 7.491E-05 0.000E+00 0.000E+00
 168 1465.2  3.256E+01 7.765E-05 0.000E+00 0.000E+00
 169 1467.3  3.231E+01 8.866E-05 0.000E+00 0.000E+00
 170 1469.5  3.208E+01 8.868E-05 0.000E+00 0.000E+00
 171 1471.7  3.184E+01 1.093E-04 0.000E+00 0.000E+00
 172 1473.8  3.160E+01 1.260E-04 0.000E+00 0.000E+00
 173 1476.0  3.138E+01 9.189E-05 0.000E+00 0.000E+00
 174 1478.2  3.114E+01 7.718E-05 0.000E+00 0.000E+00
 175 1480.4  3.091E+01 9.513E-05 0.000E+00 0.000E+00
 176 1482.6  3.068E+01 1.090E-04 0.000E+00 0.000E+00
 177 1484.8  3.045E+01 9.774E-05 0.000E+00 0.000E+00
 178 1487.0  3.023E+01 9.585E-05 0.000E+00 0.000E+00
 179 1489.2  3.001E+01 8.629E-05 0.000E+00 0.000E+00
 180 1491.4  2.979E+01 8.798E-05 0.000E+00 0.000E+00
 181 1493.7  2.957E+01 9.053E-05 0.000E+00 0.000E+00
 182 1495.9  2.934E+01 8.783E-05 0.000E+00 0.000E+00
 183 1498.2  2.913E+01 9.003E-05 0.000E+00 0.000E+00
 184 1500.4  2.890E+01 9.779E-05 0.000E+00 0.000E+00
 185 1502.7  2.869E+01 9.895E-05 0.000E+00 0.000E+00
 186 1504.9  2.847E+01 9.643E-05 0.000E+00 0.000E+00
 187 1507.2  2.827E+01 9.797E-05 0.000E+00 0.000E+00
 188 1509.4  2.805E+01 1.057E-04 0.000E+00 0.000E+00
 189 1511.8  2.784E+01 1.091E-04 0.000E+00 0.000E+00
 190 1514.1  2.763E+01 1.031E-04 0.000E+00 0.000E+00
 191 1516.3  2.742E+01 1.031E-04 0.000E+00 0.000E+00
 192 1518.7  2.722E+01 1.035E-04 0.000E+00 0.000E+00
 193 1520.9  2.701E+01 1.071E-04 0.000E+00 0.000E+00
 194 1523.2  2.681E+01 1.179E-04 0.000E+00 0.000E+00
 195 1525.6  2.661E+01 1.600E-04 0.000E+00 0.000E+00
 196 1527.9  2.641E+01 1.577E-04 0.000E+00 0.000E+00
 197 1530.2  2.621E+01 1.299E-04 0.000E+00 0.000E+00
 198 1532.6  2.601E+01 1.766E-04 0.000E+00 0.000E+00
 199 1534.9  2.582E+01 1.678E-04 0.000E+00 0.000E+00
 200 1537.3  2.562E+01 1.354E-04 0.000E+00 0.000E+00
 201 1539.7  2.542E+01 1.384E-04 0.000E+00 0.000E+00
 202 1542.0  2.523E+01 1.408E-04 0.000E+00 0.000E+00
 203 1544.4  2.504E+01 1.459E-04 0.000E+00 0.000E+00
 204 1546.8  2.485E+01 3.516E-04 0.000E+00 0.000E+00
 205 1549.2  2.466E+01 4.828E-04 0.000E+00 0.000E+00
 206 1551.6  2.447E+01 2.998E-04 0.000E+00 0.000E+00
 207 1554.0  2.428E+01 1.518E-04 0.000E+00 0.000E+00
 208 1556.4  2.410E+01 1.538E-04 0.000E+00 0.000E+00
 209 1558.8  2.392E+01 2.564E-04 0.000E+00 0.000E+00
 210 1561.3  2.373E+01 2.890E-04 0.000E+00 0.000E+00
 211 1563.7  2.355E+01 1.903E-04 0.000E+00 0.000E+00
 212 1566.2  2.337E+01 1.711E-04 0.000E+00 0.000E+00
 213 1568.7  2.319E+01 1.946E-04 0.000E+00 0.000E+00
 214 1571.1  2.301E+01 1.993E-04 0.000E+00 0.000E+00
 215 1573.5  2.283E+01 2.187E-04 0.000E+00 0.000E+00
 216 1576.0  2.266E+01 2.004E-04 0.000E+00 0.000E+00
 217 1578.5  2.248E+01 1.707E-04 0.000E+00 0.000E+00
 218 1581.0  2.231E+01 1.771E-04 0.000E+00 0.000E+00
 219 1583.5  2.213E+01 1.776E-04 0.000E+00 0.000E+00
 220 1586.0  2.196E+01 1.916E-04 0.000E+00 0.000E+00
 221 1588.5  2.179E+01 1.992E-04 0.000E+00 0.000E+00
 222 1591.1  2.163E+01 1.891E-04 0.000E+00 0.000E+00
 223 1593.7  2.145E+01 1.969E-04 0.000E+00 0.000E+00
 224 1596.2  2.129E+01 1.861E-04 0.000E+00 0.000E+00
 225 1598.7  2.113E+01 1.789E-04 0.000E+00 0.000E+00
 226 1601.3  2.096E+01 2.093E-04 0.000E+00 0.000E+00
 227 1603.8  2.079E+01 2.073E-04 0.000E+00 0.000E+00
 228 1606.4  2.063E+01 2.038E-04 0.000E+00 0.000E+00
 229 1609.0  2.047E+01 2.312E-04 0.000E+00 0.000E+00
 230 1611.6  2.031E+01 2.644E-04 0.000E+00 0.000E+00
 231 1614.2  2.015E+01 2.544E-04 0.000E+00 0.000E+00
 232 1616.8  1.999E+01 2.298E-04 0.000E+00 0.000E+00
 233 1619.4  1.984E+01 2.476E-04 0.000E+00 0.000E+00
 234 1622.1  1.968E+01 2.793E-04 0.000E+00 0.000E+00
 235 1624.7  1.952E+01 2.934E-04 0.000E+00 0.000E+00
 236 1627.3  1.937E+01 2.898E-04 0.000E+00 0.000E+00
 237 1630.0  1.921E+01 2.857E-04 0.000E+00 0.000E+00
 238 1632.7  1.907E+01 3.076E-04 0.000E+00 0.000E+00
 239 1635.3  1.891E+01 3.009E-04 0.000E+00 0.000E+00
 240 1638.0  1.876E+01 3.555E-04 0.000E+00 0.000E+00
 241 1640.7  1.862E+01 4.226E-04 0.000E+00 0.000E+00
 242 1643.3  1.847E+01 3.455E-04 0.000E+00 0.000E+00
 243 1646.1  1.832E+01 3.101E-04 0.000E+00 0.000E+00
 244 1648.8  1.818E+01 3.060E-04 0.000E+00 0.000E+00
 245 1651.6  1.803E+01 2.994E-04 0.000E+00 0.000E+00
 246 1654.2  1.788E+01 4.522E-04 0.000E+00 0.000E+00
 247 1657.0  1.774E+01 8.233E-04 0.000E+00 0.000E+00
 248 1659.8  1.760E+01 5.530E-04 0.000E+00 0.000E+00
 249 1662.5  1.746E+01 3.785E-04 0.000E+00 0.000E+00
 250 1665.3  1.732E+01 3.720E-04 0.000E+00 0.000E+00
 251 1668.1  1.718E+01 3.955E-04 0.000E+00 0.000E+00
 252 1670.8  1.704E+01 4.912E-04 0.000E+00 0.000E+00
 253 1673.6  1.691E+01 4.275E-04 0.000E+00 0.000E+00
 254 1676.5  1.677E+01 4.123E-04 0.000E+00 0.000E+00
 255 1679.3  1.663E+01 4.218E-04 0.000E+00 0.000E+00
 256 1682.1  1.650E+01 4.298E-04 0.000E+00 0.000E+00
 257 1684.9  1.636E+01 4.870E-04 0.000E+00 0.000E+00
 258 1687.8  1.623E+01 5.413E-04 0.000E+00 0.000E+00
 259 1690.6  1.610E+01 5.700E-04 0.000E+00 0.000E+00
 260 1693.5  1.597E+01 6.138E-04 0.000E+00 0.000E+00
 261 1696.3  1.584E+01 6.693E-04 0.000E+00 0.000E+00
 262 1699.2  1.571E+01 6.997E-04 0.000E+00 0.000E+00
 263 1702.2  1.558E+01 7.582E-04 0.000E+00 0.000E+00
 264 1705.0  1.545E+01 7.069E-04 0.000E+00 0.000E+00
 265 1708.0  1.533E+01 7.524E-04 0.000E+00 0.000E+00
 266 1710.8  1.520E+01 7.515E-04 0.000E+00 0.000E+00
 267 1713.8  1.508E+01 7.052E-04 0.000E+00 0.000E+00
 268 1716.8  1.495E+01 7.787E-04 0.000E+00 0.000E+00
 269 1719.7  1.483E+01 8.083E-04 0.000E+00 0.000E+00
 270 1722.7  1.471E+01 7.764E-04 0.000E+00 0.000E+00
 271 1725.6  1.459E+01 8.303E-04 0.000E+00 0.000E+00
 272 1728.6  1.447E+01 7.812E-04 0.000E+00 0.000E+00
 273 1731.6  1.435E+01 7.491E-04 0.000E+00 0.000E+00
 274 1734.6  1.423E+01 8.041E-04 0.000E+00 0.000E+00
 275 1737.6  1.411E+01 8.396E-04 0.000E+00 0.000E+00
 276 1740.7  1.400E+01 9.183E-04 0.000E+00 0.000E+00
 277 1743.7  1.388E+01 1.002E-03 0.000E+00 0.000E+00
 278 1746.8  1.377E+01 9.724E-04 0.000E+00 0.000E+00
 279 1749.8  1.365E+01 1.021E-03 0.000E+00 0.000E+00
 280 1752.8  1.354E+01 1.142E-03 0.000E+00 0.000E+00
 281 1756.0  1.342E+01 1.218E-03 0.000E+00 0.000E+00
 282 1759.0  1.331E+01 1.261E-03 0.000E+00 0.000E+00
 283 1762.2  1.320E+01 1.261E-03 0.000E+00 0.000E+00
 284 1765.2  1.309E+01 1.209E-03 0.000E+00 0.000E+00
 285 1768.3  1.298E+01 1.383E-03 0.000E+00 0.000E+00
 286 1771.5  1.287E+01 1.592E-03 0.000E+00 0.000E+00
 287 1774.6  1.277E+01 1.512E-03 0.000E+00 0.000E+00
 288 1777.8  1.266E+01 1.493E-03 0.000E+00 0.000E+00
 289 1781.0  1.255E+01 1.673E-03 0.000E+00 0.000E+00
 290 1784.1  1.244E+01 1.671E-03 0.000E+00 0.000E+00
 291 1787.3  1.234E+01 1.733E-03 0.000E+00 0.000E+00
 292 1790.5  1.223E+01 1.811E-03 0.000E+00 0.000E+00
 293 1793.7  1.213E+01 1.615E-03 0.000E+00 0.000E+00
 294 1796.9  1.203E+01 1.666E-03 0.000E+00 0.000E+00
 295 1800.2  1.192E+01 1.826E-03 0.000E+00 0.000E+00
 296 1803.4  1.182E+01 1.913E-03 0.000E+00 0.000E+00
 297 1806.7  1.172E+01 2.258E-03 0.000E+00 0.000E+00
 298 1809.9  1.162E+01 2.205E-03 0.000E+00 0.000E+00
 299 1813.2  1.152E+01 1.959E-03 0.000E+00 0.000E+00
 300 1816.6  1.142E+01 3.257E-03 0.000E+00 0.000E+00
 301 1819.8  1.133E+01 2.531E-03 0.000E+00 0.000E+00
 302 1823.2  1.123E+01 2.483E-03 0.000E+00 0.000E+00
 303 1826.5  1.113E+01 2.353E-03 0.000E+00 0.000E+00
 304 1829.8  1.104E+01 2.349E-03 0.000E+00 0.000E+00
 305 1833.2  1.094E+01 2.529E-03 0.000E+00 0.000E+00
 306 1836.6  1.085E+01 2.578E-03 0.000E+00 0.000E+00
 307 1839.9  1.076E+01 2.423E-03 0.000E+00 0.000E+00
 308 1843.3  1.066E+01 2.274E-03 0.000E+00 0.000E+00
 309 1846.7  1.057E+01 2.086E-03 0.000E+00 0.000E+00
 310 1850.2  1.048E+01 2.105E-03 0.000E+00 0.000E+00
 311 1853.6  1.039E+01 2.457E-03 0.000E+00 0.000E+00
 312 1857.0  1.030E+01 2.775E-03 0.000E+00 0.000E+00
 313 1860.5  1.021E+01 2.625E-03 0.000E+00 0.000E+00
 314 1864.0  1.012E+01 2.755E-03 0.000E+00 0.000E+00
 315 1867.5  1.003E+01 3.096E-03 0.000E+00 0.000E+00
 316 1871.0  9.942E+00 3.421E-03 0.000E+00 0.000E+00
 317 1874.5  9.855E+00 3.345E-03 0.000E+00 0.000E+00
 318 1878.0  9.769E+00 3.235E-03 0.000E+00 0.000E+00
 319 1881.5  9.684E+00 3.230E-03 0.000E+00 0.000E+00
 320 1885.0  9.599E+00 3.637E-03 0.000E+00 0.000E+00
 321 1888.6  9.514E+00 3.743E-03 0.000E+00 0.000E+00
 322 1892.2  9.429E+00 4.130E-03 0.000E+00 0.000E+00
 323 1895.7  9.348E+00 4.004E-03 0.000E+00 0.000E+00
 324 1899.3  9.265E+00 3.648E-03 0.000E+00 0.000E+00
 325 1902.9  9.183E+00 4.003E-03 0.000E+00 0.000E+00
 326 1906.6  9.100E+00 4.221E-03 0.000E+00 0.000E+00
 327 1910.2  9.020E+00 4.305E-03 0.000E+00 0.000E+00
 328 1913.8  8.941E+00 4.450E-03 0.000E+00 0.000E+00
 329 1917.6  8.861E+00 4.630E-03 0.000E+00 0.000E+00
 330 1921.2  8.781E+00 4.912E-03 0.000E+00 0.000E+00
 331 1924.9  8.702E+00 4.706E-03 0.000E+00 0.000E+00
 332 1928.7  8.625E+00 4.445E-03 0.000E+00 0.000E+00
 333 1932.3  8.548E+00 3.413E-03 0.000E+00 0.000E+00
 334 1936.1  8.472E+00 3.368E-03 8.703E-95 2.584E-92
 335 1939.8  8.395E+00 4.997E-03 2.857E-86 5.717E-84
 336 1943.6  8.321E+00 6.086E-03 2.604E-78 4.278E-76
 337 1947.4  8.245E+00 6.134E-03 1.852-152 3.019-150
 338 1951.2  8.171E+00 5.782E-03 6.712-161 1.161-158
 339 1955.0  8.097E+00 5.932E-03 8.243E-60 1.390E-57
 340 1958.8  8.024E+00 6.066E-03 2.890E-66 4.765E-64
 341 1962.7  7.950E+00 6.006E-03 1.324-161 2.204-159
 342 1966.5  7.879E+00 7.110E-03 8.044-133 1.131-130
 343 1970.5  7.807E+00 7.006E-03 8.854-161 1.264-158
 344 1974.3  7.735E+00 6.665E-03 1.213-163 1.819-161
 345 1978.2  7.665E+00 6.534E-03 1.309E-31 2.004E-29
 346 1982.2  7.595E+00 6.950E-03 3.338E-63 4.803E-61
 347 1986.1  7.526E+00 6.526E-03 2.750E-64 4.214E-62
 348 1990.0  7.456E+00 6.519E-03 4.088E-27 6.271E-25
 349 1994.0  7.389E+00 7.415E-03 5.711E-25 7.702E-23
 350 1998.0  7.321E+00 7.273E-03 2.241E-41 3.081E-39
 351 2002.0  7.253E+00 7.651E-03 2.917E-40 3.813E-38
 352 2006.0  7.186E+00 7.954E-03 1.022E-24 1.285E-22
 353 2010.0  7.121E+00 8.162E-03 1.089E-32 1.334E-30
 354 2014.1  7.054E+00 8.565E-03 5.605E-31 6.544E-29
 355 2018.2  6.989E+00 8.873E-03 4.060E-22 4.576E-20
 356 2022.2  6.924E+00 8.774E-03 2.293E-21 2.613E-19
 357 2026.3  6.860E+00 8.543E-03 9.656E-22 1.130E-19
 358 2030.5  6.796E+00 9.592E-03 9.504E-22 9.908E-20
 359 2034.6  6.733E+00 9.627E-03 2.329E-21 2.419E-19
 360 2038.8  6.669E+00 9.960E-03 3.274E-21 3.287E-19
 361 2042.9  6.608E+00 1.084E-02 4.339E-21 4.002E-19
 362 2047.1  6.546E+00 1.114E-02 4.360E-21 3.914E-19
 363 2051.3  6.484E+00 1.135E-02 4.917E-21 4.332E-19
 364 2055.5  6.423E+00 1.125E-02 7.414E-21 6.591E-19
 365 2059.8  6.363E+00 1.128E-02 1.156E-20 1.025E-18
 366 2064.0  6.303E+00 1.151E-02 1.466E-20 1.273E-18
 367 2068.2  6.244E+00 1.221E-02 1.705E-20 1.397E-18
 368 2072.6  6.185E+00 1.303E-02 2.269E-20 1.742E-18
 369 2076.8  6.126E+00 1.393E-02 3.291E-20 2.362E-18
 370 2081.2  6.068E+00 1.426E-02 4.037E-20 2.832E-18
 371 2085.5  6.011E+00 1.571E-02 5.253E-20 3.343E-18
 372 2089.9  5.953E+00 1.840E-02 7.731E-20 4.201E-18
 373 2094.2  5.896E+00 2.200E-02 1.093E-19 4.969E-18
 374 2098.6  5.841E+00 2.490E-02 1.330E-19 5.341E-18
 375 2103.1  5.785E+00 2.854E-02 1.773E-19 6.214E-18
 376 2107.5  5.729E+00 3.135E-02 2.573E-19 8.207E-18
 377 2111.9  5.674E+00 3.264E-02 3.160E-19 9.679E-18
 378 2116.4  5.619E+00 3.679E-02 3.547E-19 9.641E-18
 379 2120.8  5.566E+00 3.851E-02 3.565E-19 9.255E-18
 380 2125.4  5.513E+00 2.960E-02 2.613E-19 8.829E-18
 381 2129.9  5.458E+00 3.265E-02 2.609E-19 7.990E-18
 382 2134.5  5.406E+00 3.259E-02 2.264E-19 6.946E-18
 383 2139.1  5.353E+00 3.680E-02 2.170E-19 5.897E-18
 384 2143.6  5.302E+00 4.501E-02 2.157E-19 4.791E-18
 385 2148.2  5.251E+00 4.120E-02 1.484E-19 3.601E-18
 386 2152.8  5.200E+00 4.049E-02 1.189E-19 2.937E-18
 387 2157.5  5.148E+00 3.376E-02 8.865E-20 2.626E-18
 388 2162.2  5.098E+00 3.763E-02 8.160E-20 2.169E-18
 389 2166.8  5.048E+00 3.159E-02 5.163E-20 1.634E-18
 390 2171.6  4.999E+00 3.453E-02 4.289E-20 1.242E-18
 391 2176.2  4.950E+00 3.489E-02 3.424E-20 9.813E-19
 392 2181.0  4.902E+00 4.829E-02 3.571E-20 7.394E-19
 393 2185.8  4.853E+00 4.612E-02 2.395E-20 5.194E-19
 394 2190.6  4.805E+00 4.576E-02 1.551E-20 3.389E-19
 395 2195.4  4.757E+00 5.013E-02 1.009E-20 2.013E-19
 396 2200.2  4.710E+00 5.135E-02 5.689E-21 1.108E-19
 397 2205.1  4.664E+00 5.468E-02 3.234E-21 5.914E-20
 398 2209.9  4.617E+00 3.881E-02 1.197E-21 3.084E-20
 399 2214.9  4.571E+00 4.120E-02 6.145E-22 1.491E-20
 400 2219.8  4.526E+00 4.492E-02 3.034E-22 6.753E-21
 401 2224.7  4.481E+00 5.151E-02 1.563E-22 3.034E-21
 402 2229.6  4.435E+00 5.498E-02 7.479E-23 1.360E-21
 403 2234.6  4.392E+00 7.085E-02 4.161E-23 5.873E-22
 404 2239.6  4.347E+00 6.537E-02 1.522E-23 2.328E-22
 405 2244.7  4.303E+00 5.969E-02 5.425E-24 9.089E-23
 406 2249.8  4.260E+00 6.034E-02 2.157E-24 3.574E-23
 407 2254.8  4.217E+00 5.395E-02 7.253E-25 1.344E-23
 408 2259.9  4.175E+00 4.912E-02 2.345E-25 4.773E-24
 409 2265.0  4.132E+00 4.027E-02 6.560E-26 1.629E-24
 410 2270.1  4.090E+00 3.456E-02 1.815E-26 5.250E-25
 411 2275.3  4.049E+00 3.964E-02 6.041E-27 1.524E-25
 412 2280.5  4.007E+00 5.145E-02 2.127E-27 4.134E-26
 413 2285.7  3.966E+00 5.448E-02 5.681E-28 1.043E-26
 414 2290.9  3.926E+00 5.028E-02 1.199E-28 2.384E-27
 415 2296.2  3.885E+00 4.940E-02 2.747E-29 5.562E-28
 416 2301.5  3.845E+00 4.792E-02 6.091E-30 1.271E-28
 417 2306.8  3.807E+00 6.023E-02 1.946E-30 3.230E-29
 418 2312.2  3.767E+00 4.720E-02 3.368E-31 7.135E-30
 419 2317.5  3.728E+00 5.539E-02 7.648E-32 1.381E-30
 420 2322.9  3.689E+00 5.678E-02 1.357E-32 2.390E-31
 421 2328.3  3.651E+00 5.140E-02 1.891E-33 3.679E-32
 422 2333.7  3.613E+00 4.677E-02 3.702E-34 7.915E-33
 423 2339.2  3.576E+00 4.205E-02 6.180E-35 1.470E-33
 424 2344.7  3.539E+00 3.790E-02 6.262E-36 1.652E-34
 425 2350.2  3.502E+00 4.593E-02 1.301E-36 2.834E-35
 426 2355.7  3.465E+00 5.672E-02 3.218E-37 5.674E-36
 427 2361.3  3.429E+00 4.961E-02 3.415E-38 6.883E-37
 428 2366.9  3.393E+00 4.837E-02 5.038E-39 1.041E-37
 429 2372.5  3.357E+00 5.323E-02 8.794E-40 1.652E-38
 430 2378.2  3.322E+00 4.954E-02 1.053E-40 2.126E-39
 431 2383.8  3.286E+00 3.920E-02 1.131E-41 2.884E-40
 432 2389.4  3.252E+00 4.709E-02 2.315E-42 4.915E-41
 433 2395.2  3.218E+00 4.436E-02 1.931E-43 4.353E-42
 434 2400.9  3.183E+00 4.382E-02 2.014E-44 4.596E-43
 435 2406.7  3.150E+00 3.933E-02 3.951E-45 1.005E-43
 436 2412.6  3.116E+00 4.349E-02 4.713E-46 1.084E-44
 437 2418.4  3.082E+00 6.294E-02 8.557E-47 1.359E-45
 438 2424.2  3.050E+00 7.230E-02 7.102E-46 9.823E-45
 439 2430.1  3.017E+00 7.332E-02 7.393E-47 1.008E-45
 440 2436.1  2.984E+00 6.667E-02 4.728E-48 7.091E-47
 441 2442.0  2.952E+00 6.764E-02 9.201E-49 1.360E-47
 442 2448.0  2.920E+00 5.894E-02 2.204E-49 3.739E-48
 443 2454.0  2.889E+00 5.126E-02 1.283E-50 2.504E-49
 444 2460.1  2.858E+00 5.015E-02 1.530E-51 3.050E-50
 445 2466.1  2.826E+00 5.137E-02 8.214E-52 1.599E-50
 446 2472.1  2.796E+00 5.640E-02 1.697E-52 3.009E-51
 447 2478.3  2.766E+00 5.606E-02 3.261E-53 5.817E-52
 448 2484.5  2.735E+00 4.697E-02 6.566E-54 1.398E-52
 449 2490.7  2.705E+00 4.445E-02 8.739E-55 1.966E-53
 450 2496.9  2.675E+00 6.412E-02 3.029E-55 4.725E-54
 451 2503.2  2.646E+00 6.400E-02 2.735E-55 4.273E-54
 452 2509.4  2.617E+00 5.619E-02 2.452E-55 4.364E-54
 453 2515.8  2.588E+00 4.520E-02 1.895E-56 4.192E-55
 454 2522.1  2.560E+00 4.222E-02 6.818E-57 1.615E-55
 455 2528.4  2.531E+00 4.386E-02 1.585E-56 3.613E-55
 456 2534.8  2.503E+00 5.354E-02 7.604E-57 1.420E-55
 457 2541.3  2.475E+00 5.788E-02 6.860E-57 1.185E-55
 458 2547.8  2.448E+00 6.165E-02 6.358E-57 1.031E-55
 459 2554.2  2.420E+00 8.123E-02 2.779E-57 3.421E-56
 460 2560.8  2.393E+00 9.049E-02 1.008E-56 1.114E-55
 461 2567.4  2.366E+00 1.128E-01 6.488E-56 5.753E-55
 462 2574.0  2.340E+00 1.268E-01 1.442E-55 1.137E-54
 463 2580.7  2.314E+00 1.373E-01 1.365E-55 9.942E-55
 464 2587.3  2.287E+00 1.233E-01 4.544E-56 3.684E-55
 465 2594.1  2.261E+00 1.154E-01 8.604E-55 7.456E-54
 466 2600.8  2.236E+00 8.971E-02 6.314E-54 7.038E-53
 467 2607.6  2.210E+00 8.767E-02 3.859E-54 4.402E-53
 468 2614.4  2.185E+00 8.788E-02 5.154E-53 5.865E-52
 469 2621.2  2.160E+00 1.094E-01 2.608E-52 2.383E-51
 470 2628.1  2.135E+00 1.040E-01 1.944E-51 1.870E-50
 471 2635.1  2.111E+00 1.585E-01 1.058E-49 6.676E-49
 472 2642.0  2.087E+00 2.627E-01 2.768E-49 1.054E-48
 473 2649.0  2.063E+00 2.404E-01 1.826E-48 7.596E-48
 474 2656.1  2.039E+00 2.713E-01 3.438E-47 1.267E-46
 475 2663.1  2.015E+00 2.608E-01 3.448E-46 1.322E-45
 476 2670.2  1.992E+00 2.535E-01 1.302E-44 5.136E-44
 477 2677.4  1.969E+00 2.618E-01 1.388E-43 5.301E-43
 478 2684.6  1.946E+00 2.575E-01 3.442E-42 1.337E-41
 479 2691.8  1.923E+00 2.451E-01 8.361E-41 3.411E-40
 480 2699.1  1.901E+00 2.587E-01 6.948E-40 2.686E-39
 481 2706.3  1.879E+00 2.792E-01 2.660E-38 9.529E-38
 482 2713.7  1.857E+00 2.494E-01 6.051E-37 2.426E-36
 483 2721.1  1.835E+00 1.902E-01 7.068E-36 3.717E-35
 484 2728.5  1.813E+00 2.263E-01 1.996E-34 8.818E-34
 485 2735.9  1.792E+00 1.974E-01 7.269E-33 3.683E-32
 486 2743.5  1.770E+00 1.397E-01 1.842E-31 1.318E-30
 487 2751.1  1.749E+00 1.557E-01 3.508E-30 2.252E-29
 488 2758.6  1.728E+00 2.121E-01 9.596E-29 4.524E-28
 489 2766.2  1.708E+00 2.558E-01 2.626E-27 1.027E-26
 490 2773.9  1.687E+00 2.569E-01 5.525E-26 2.151E-25
 491 2781.7  1.667E+00 1.875E-01 8.299E-25 4.425E-24
 492 2789.4  1.647E+00 1.354E-01 1.598E-23 1.180E-22
 493 2797.2  1.627E+00 8.132E-02 1.685E-22 2.071E-21
 494 2805.1  1.608E+00 9.790E-02 3.536E-21 3.612E-20
 495 2812.9  1.588E+00 1.921E-01 2.265E-19 1.179E-18
 496 2820.9  1.569E+00 2.792E-01 5.815E-18 2.083E-17
 497 2828.9  1.550E+00 3.235E-01 4.449E-17 1.375E-16
 498 2836.9  1.531E+00 3.239E-01 5.164E-16 1.594E-15
 499 2844.9  1.512E+00 2.570E-01 6.182E-15 2.405E-14
 500 2853.1  1.494E+00 1.401E-01 3.627E-14 2.589E-13
 501 2861.2  1.475E+00 2.826E-01 6.697E-13 2.370E-12
 502 2869.4  1.457E+00 3.659E-01 5.477E-12 1.497E-11
 503 2877.7  1.439E+00 3.310E-01 4.733E-11 1.430E-10
 504 2886.0  1.421E+00 3.428E-01 4.310E-10 1.257E-09
 505 2894.4  1.403E+00 4.682E-01 3.296E-09 7.039E-09
 506 2902.8  1.386E+00 6.167E-01 2.040E-08 3.308E-08
 507 2911.2  1.369E+00 6.155E-01 9.212E-08 1.497E-07
 508 2919.8  1.352E+00 5.713E-01 4.079E-07 7.139E-07
 509 2928.3  1.335E+00 5.279E-01 1.375E-06 2.604E-06
 510 2936.9  1.318E+00 5.470E-01 4.802E-06 8.779E-06
 511 2945.6  1.301E+00 5.216E-01 1.383E-05 2.652E-05
 512 2954.2  1.285E+00 5.615E-01 4.181E-05 7.446E-05
 513 2963.0  1.269E+00 5.575E-01 1.111E-04 1.993E-04
 514 2971.8  1.253E+00 4.783E-01 2.306E-04 4.820E-04
 515 2980.6  1.237E+00 5.294E-01 5.777E-04 1.091E-03
 516 2989.6  1.221E+00 4.960E-01 1.080E-03 2.177E-03
 517 2998.5  1.205E+00 4.648E-01 1.866E-03 4.014E-03
 518 3007.5  1.190E+00 4.431E-01 3.169E-03 7.152E-03
 519 3016.6  1.175E+00 4.699E-01 5.489E-03 1.168E-02
 520 3025.7  1.159E+00 5.187E-01 9.498E-03 1.831E-02
 521 3034.9  1.144E+00 6.473E-01 1.788E-02 2.763E-02
 522 3044.2  1.130E+00 6.183E-01 2.403E-02 3.887E-02
 523 3053.4  1.115E+00 6.420E-01 3.514E-02 5.474E-02
 524 3062.8  1.100E+00 5.638E-01 4.019E-02 7.129E-02
 525 3072.2  1.086E+00 6.284E-01 5.885E-02 9.365E-02
 526 3081.7  1.072E+00 6.508E-01 7.680E-02 1.180E-01
 527 3091.2  1.058E+00 5.660E-01 8.050E-02 1.422E-01
 528 3100.8  1.044E+00 5.362E-01 9.231E-02 1.722E-01
 529 3110.4  1.030E+00 7.776E-01 1.511E-01 1.944E-01
 530 3120.2  1.016E+00 6.951E-01 1.575E-01 2.266E-01
 531 3129.9  1.003E+00 7.004E-01 1.811E-01 2.586E-01
 532 3139.8  9.895E-01 7.325E-01 2.123E-01 2.898E-01
 533 3149.6  9.762E-01 6.813E-01 2.198E-01 3.226E-01
 534 3159.6  9.632E-01 5.985E-01 2.103E-01 3.515E-01
 535 3169.6  9.503E-01 7.619E-01 2.914E-01 3.824E-01
 536 3179.6  9.375E-01 7.239E-01 2.979E-01 4.115E-01
 537 3189.8  9.249E-01 7.041E-01 3.084E-01 4.380E-01
 538 3200.0  9.123E-01 7.954E-01 3.640E-01 4.576E-01
 539 3210.2  9.000E-01 7.579E-01 3.749E-01 4.947E-01
 540 3220.6  8.878E-01 7.435E-01 3.782E-01 5.087E-01
 541 3231.0  8.756E-01 6.604E-01 3.491E-01 5.286E-01
 542 3241.5  8.637E-01 7.627E-01 4.270E-01 5.598E-01
 543 3252.1  8.517E-01 8.479E-01 4.764E-01 5.619E-01
 544 3262.7  8.401E-01 1.010E+00 5.923E-01 5.864E-01
 545 3273.3  8.284E-01 9.921E-01 5.936E-01 5.983E-01
 546 3284.1  8.170E-01 9.435E-01 5.712E-01 6.055E-01
 547 3294.9  8.056E-01 1.100E+00 6.977E-01 6.345E-01
 548 3305.8  7.945E-01 1.041E+00 6.588E-01 6.326E-01
 549 3316.8  7.833E-01 1.005E+00 6.432E-01 6.400E-01
 550 3327.8  7.723E-01 9.758E-01 6.452E-01 6.612E-01
 551 3338.9  7.616E-01 9.516E-01 6.325E-01 6.646E-01
 552 3350.1  7.508E-01 1.011E+00 6.835E-01 6.759E-01
 553 3361.3  7.402E-01 8.890E-01 6.084E-01 6.844E-01
 554 3372.7  7.297E-01 8.586E-01 5.880E-01 6.848E-01
 555 3384.1  7.193E-01 9.485E-01 6.577E-01 6.933E-01
 556 3395.6  7.091E-01 1.008E+00 7.050E-01 6.993E-01
 557 3407.2  6.989E-01 1.022E+00 7.204E-01 7.046E-01
 558 3418.8  6.889E-01 9.797E-01 6.995E-01 7.139E-01
 559 3430.6  6.790E-01 1.040E+00 7.466E-01 7.178E-01
 560 3442.4  6.692E-01 8.392E-01 6.049E-01 7.208E-01
 561 3454.2  6.595E-01 9.750E-01 7.072E-01 7.253E-01
 562 3466.2  6.500E-01 9.653E-01 7.046E-01 7.300E-01
 563 3478.2  6.405E-01 9.291E-01 6.827E-01 7.348E-01
 564 3490.4  6.311E-01 9.296E-01 6.872E-01 7.392E-01
 565 3502.7  6.219E-01 1.051E+00 7.808E-01 7.432E-01
 566 3514.9  6.127E-01 1.028E+00 7.677E-01 7.470E-01
 567 3527.3  6.037E-01 9.648E-01 7.244E-01 7.508E-01
 568 3539.8  5.948E-01 1.127E+00 8.511E-01 7.550E-01
 569 3552.4  5.860E-01 1.114E+00 8.458E-01 7.590E-01
 570 3565.1  5.772E-01 9.549E-01 7.280E-01 7.624E-01
 571 3577.8  5.686E-01 8.137E-01 6.232E-01 7.659E-01
 572 3590.6  5.601E-01 8.845E-01 6.810E-01 7.700E-01
 573 3603.6  5.517E-01 1.040E+00 8.045E-01 7.735E-01
 574 3616.6  5.434E-01 9.341E-01 7.260E-01 7.772E-01
 575 3629.8  5.351E-01 1.057E+00 8.252E-01 7.810E-01
 576 3643.0  5.270E-01 1.067E+00 8.368E-01 7.844E-01
 577 3656.3  5.190E-01 1.225E+00 9.648E-01 7.878E-01
 578 3669.8  5.111E-01 1.260E+00 9.975E-01 7.915E-01
 579 3683.2  5.032E-01 1.161E+00 9.229E-01 7.951E-01
 580 3696.8  4.955E-01 1.288E+00 1.029E+00 7.987E-01
 581 3710.6  4.879E-01 1.204E+00 9.653E-01 8.021E-01
 582 3724.4  4.803E-01 1.105E+00 8.903E-01 8.056E-01
 583 3738.3  4.729E-01 9.608E-01 7.776E-01 8.093E-01
 584 3752.4  4.655E-01 1.030E+00 8.374E-01 8.126E-01
 585 3766.5  4.582E-01 1.140E+00 9.304E-01 8.161E-01
 586 3780.8  4.510E-01 1.385E+00 1.136E+00 8.198E-01
 587 3795.1  4.439E-01 1.131E+00 9.308E-01 8.230E-01
 588 3809.6  4.369E-01 1.225E+00 1.012E+00 8.263E-01
 589 3824.1  4.300E-01 8.587E-01 7.127E-01 8.300E-01
 590 3838.8  4.231E-01 8.091E-01 6.742E-01 8.333E-01
 591 3853.6  4.164E-01 1.043E+00 8.727E-01 8.367E-01
 592 3868.5  4.097E-01 1.035E+00 8.694E-01 8.401E-01
 593 3883.6  4.031E-01 1.023E+00 8.628E-01 8.434E-01
 594 3898.6  3.966E-01 1.224E+00 1.037E+00 8.468E-01
 595 3913.9  3.902E-01 1.305E+00 1.110E+00 8.502E-01
 596 3929.3  3.839E-01 8.235E-01 7.030E-01 8.537E-01
 597 3944.8  3.776E-01 1.014E+00 8.692E-01 8.571E-01
 598 3960.4  3.714E-01 1.087E+00 9.356E-01 8.604E-01
 599 3976.2  3.653E-01 1.060E+00 9.157E-01 8.635E-01
 600 3992.1  3.593E-01 1.604E+00 1.389E+00 8.665E-01
 601 4008.1  3.534E-01 1.719E+00 1.497E+00 8.705E-01
 602 4024.2  3.475E-01 1.783E+00 1.560E+00 8.751E-01
 603 4040.4  3.417E-01 1.711E+00 1.504E+00 8.790E-01
 604 4056.8  3.360E-01 1.683E+00 1.486E+00 8.829E-01
 605 4073.3  3.304E-01 1.648E+00 1.461E+00 8.866E-01
 606 4090.0  3.248E-01 1.747E+00 1.555E+00 8.900E-01
 607 4106.8  3.193E-01 1.639E+00 1.464E+00 8.936E-01
 608 4123.7  3.139E-01 1.809E+00 1.623E+00 8.969E-01
 609 4140.8  3.086E-01 1.772E+00 1.595E+00 9.002E-01
 610 4158.0  3.033E-01 1.822E+00 1.647E+00 9.036E-01
 611 4175.4  2.981E-01 1.729E+00 1.568E+00 9.068E-01
 612 4192.9  2.929E-01 1.738E+00 1.581E+00 9.100E-01
 613 4210.5  2.879E-01 1.775E+00 1.620E+00 9.131E-01
 614 4228.4  2.829E-01 1.728E+00 1.583E+00 9.161E-01
 615 4246.3  2.779E-01 1.779E+00 1.635E+00 9.191E-01
 616 4264.4  2.731E-01 1.730E+00 1.595E+00 9.221E-01
 617 4282.6  2.683E-01 1.638E+00 1.515E+00 9.253E-01
 618 4301.1  2.636E-01 1.371E+00 1.273E+00 9.283E-01
 619 4319.6  2.589E-01 1.606E+00 1.496E+00 9.312E-01
 620 4338.4  2.543E-01 1.678E+00 1.568E+00 9.341E-01
 621 4357.3  2.497E-01 1.819E+00 1.705E+00 9.371E-01
 622 4376.4  2.453E-01 1.731E+00 1.627E+00 9.400E-01
 623 4395.6  2.408E-01 1.817E+00 1.712E+00 9.426E-01
 624 4415.1  2.365E-01 1.935E+00 1.829E+00 9.451E-01
 625 4434.6  2.322E-01 1.972E+00 1.869E+00 9.479E-01
 626 4454.4  2.280E-01 1.905E+00 1.811E+00 9.509E-01
 627 4474.3  2.238E-01 2.009E+00 1.917E+00 9.538E-01
 628 4494.4  2.197E-01 2.061E+00 1.971E+00 9.564E-01
 629 4514.7  2.156E-01 2.154E+00 2.066E+00 9.590E-01
 630 4535.2  2.116E-01 2.000E+00 1.924E+00 9.618E-01
 631 4555.9  2.077E-01 2.080E+00 2.006E+00 9.643E-01
 632 4576.7  2.038E-01 2.094E+00 2.024E+00 9.663E-01
 633 4597.8  2.000E-01 2.078E+00 2.012E+00 9.682E-01
 634 4619.0  1.962E-01 2.131E+00 2.068E+00 9.704E-01
 635 4640.4  1.925E-01 2.077E+00 2.022E+00 9.733E-01
 636 4662.0  1.889E-01 2.031E+00 1.983E+00 9.763E-01
 637 4683.9  1.853E-01 2.048E+00 2.004E+00 9.786E-01
 638 4705.9  1.817E-01 2.010E+00 1.971E+00 9.808E-01
 639 4728.1  1.782E-01 2.077E+00 2.042E+00 9.832E-01
 640 4750.6  1.748E-01 2.112E+00 2.081E+00 9.853E-01
 641 4773.3  1.714E-01 2.090E+00 2.062E+00 9.866E-01
 642 4796.2  1.680E-01 2.099E+00 2.072E+00 9.874E-01
 643 4819.3  1.648E-01 2.111E+00 2.087E+00 9.886E-01
 644 4842.6  1.615E-01 2.041E+00 2.022E+00 9.911E-01
 645 4866.2  1.583E-01 1.771E+00 1.761E+00 9.941E-01
 646 4890.0  1.552E-01 1.997E+00 1.989E+00 9.964E-01
 647 4914.1  1.521E-01 1.971E+00 1.968E+00 9.982E-01
 648 4938.3  1.490E-01 2.008E+00 2.008E+00 1.000E+00
 649 4962.8  1.460E-01 2.024E+00 2.027E+00 1.002E+00
 650 4987.6  1.431E-01 1.974E+00 1.979E+00 1.002E+00
 651 5012.6  1.402E-01 1.869E+00 1.873E+00 1.002E+00
 652 5037.8  1.373E-01 1.942E+00 1.945E+00 1.002E+00
 653 5063.3  1.345E-01 1.979E+00 1.984E+00 1.003E+00
 654 5089.1  1.317E-01 1.877E+00 1.887E+00 1.005E+00
 655 5115.1  1.290E-01 1.944E+00 1.960E+00 1.008E+00
 656 5141.4  1.263E-01 1.856E+00 1.873E+00 1.009E+00
 657 5168.0  1.237E-01 1.760E+00 1.778E+00 1.010E+00
 658 5194.8  1.211E-01 1.780E+00 1.800E+00 1.011E+00
 659 5222.0  1.185E-01 1.847E+00 1.868E+00 1.012E+00
 660 5249.4  1.160E-01 1.914E+00 1.935E+00 1.011E+00
 661 5277.1  1.135E-01 1.801E+00 1.818E+00 1.010E+00
 662 5305.1  1.111E-01 1.937E+00 1.953E+00 1.009E+00
 663 5333.4  1.087E-01 1.855E+00 1.871E+00 1.009E+00
 664 5362.0  1.064E-01 1.905E+00 1.925E+00 1.010E+00
 665 5390.9  1.041E-01 1.878E+00 1.900E+00 1.012E+00
 666 5420.1  1.018E-01 1.842E+00 1.864E+00 1.012E+00
 667 5449.6  9.954E-02 1.901E+00 1.924E+00 1.012E+00
 668 5479.5  9.734E-02 1.888E+00 1.911E+00 1.012E+00
 669 5509.7  9.518E-02 1.898E+00 1.922E+00 1.013E+00
 670 5540.2  9.305E-02 1.890E+00 1.916E+00 1.013E+00
 671 5571.1  9.097E-02 1.853E+00 1.877E+00 1.013E+00
 672 5602.3  8.892E-02 1.813E+00 1.833E+00 1.011E+00
 673 5633.9  8.690E-02 1.855E+00 1.873E+00 1.009E+00
 674 5665.8  8.492E-02 1.818E+00 1.833E+00 1.008E+00
 675 5698.1  8.298E-02 1.795E+00 1.809E+00 1.008E+00
 676 5730.7  8.107E-02 1.863E+00 1.878E+00 1.008E+00
 677 5763.7  7.919E-02 1.835E+00 1.852E+00 1.009E+00
 678 5797.1  7.735E-02 1.814E+00 1.836E+00 1.013E+00
 679 5831.0  7.553E-02 1.847E+00 1.876E+00 1.016E+00
 680 5865.2  7.375E-02 1.806E+00 1.839E+00 1.018E+00
 681 5899.8  7.201E-02 1.727E+00 1.760E+00 1.020E+00
 682 5934.8  7.030E-02 1.787E+00 1.821E+00 1.019E+00
 683 5970.2  6.861E-02 1.773E+00 1.803E+00 1.017E+00
 684 6006.1  6.696E-02 1.741E+00 1.768E+00 1.015E+00
 685 6042.4  6.534E-02 1.754E+00 1.784E+00 1.017E+00
 686 6079.1  6.375E-02 1.748E+00 1.784E+00 1.021E+00
 687 6116.3  6.219E-02 1.724E+00 1.768E+00 1.026E+00
 688 6153.9  6.066E-02 1.670E+00 1.722E+00 1.031E+00
 689 6192.0  5.916E-02 1.699E+00 1.760E+00 1.036E+00
 690 6230.6  5.768E-02 1.666E+00 1.732E+00 1.040E+00
 691 6269.6  5.623E-02 1.673E+00 1.746E+00 1.043E+00
 692 6309.2  5.482E-02 1.657E+00 1.735E+00 1.047E+00
 693 6349.2  5.343E-02 1.643E+00 1.727E+00 1.051E+00
 694 6389.9  5.206E-02 1.641E+00 1.732E+00 1.056E+00
 695 6431.0  5.072E-02 1.613E+00 1.709E+00 1.060E+00
 696 6472.6  4.942E-02 1.610E+00 1.713E+00 1.064E+00
 697 6514.7  4.813E-02 1.583E+00 1.689E+00 1.067E+00
 698 6557.4  4.687E-02 1.463E+00 1.566E+00 1.071E+00
 699 6600.7  4.564E-02 1.553E+00 1.668E+00 1.074E+00
 700 6644.6  4.443E-02 1.532E+00 1.651E+00 1.078E+00
 701 6689.0  4.324E-02 1.539E+00 1.664E+00 1.081E+00
 702 6734.1  4.209E-02 1.537E+00 1.667E+00 1.085E+00
 703 6779.8  4.095E-02 1.514E+00 1.647E+00 1.088E+00
 704 6826.0  3.984E-02 1.492E+00 1.627E+00 1.091E+00
 705 6873.0  3.875E-02 1.496E+00 1.636E+00 1.093E+00
 706 6920.5  3.768E-02 1.465E+00 1.606E+00 1.096E+00
 707 6968.7  3.664E-02 1.463E+00 1.608E+00 1.099E+00
 708 7017.6  3.561E-02 1.446E+00 1.593E+00 1.102E+00
 709 7067.2  3.461E-02 1.441E+00 1.591E+00 1.104E+00
 710 7117.5  3.363E-02 1.402E+00 1.550E+00 1.105E+00
 711 7168.5  3.268E-02 1.370E+00 1.517E+00 1.107E+00
 712 7220.3  3.174E-02 1.360E+00 1.509E+00 1.109E+00
 713 7272.9  3.082E-02 1.338E+00 1.487E+00 1.111E+00
 714 7326.1  2.993E-02 1.333E+00 1.484E+00 1.113E+00
 715 7380.1  2.905E-02 1.306E+00 1.455E+00 1.114E+00
 716 7435.0  2.820E-02 1.291E+00 1.439E+00 1.115E+00
 717 7490.8  2.736E-02 1.286E+00 1.435E+00 1.116E+00
 718 7547.3  2.654E-02 1.277E+00 1.428E+00 1.118E+00
 719 7604.7  2.574E-02 1.251E+00 1.401E+00 1.120E+00
 720 7663.0  2.496E-02 1.225E+00 1.374E+00 1.121E+00
 721 7722.1  2.420E-02 1.207E+00 1.354E+00 1.122E+00
 722 7782.2  2.345E-02 1.191E+00 1.336E+00 1.122E+00
 723 7843.2  2.273E-02 1.173E+00 1.317E+00 1.123E+00
 724 7905.2  2.202E-02 1.159E+00 1.304E+00 1.125E+00
 725 7968.2  2.132E-02 1.138E+00 1.282E+00 1.126E+00
 726 8032.2  2.065E-02 1.128E+00 1.272E+00 1.127E+00
 727 8097.3  1.999E-02 1.118E+00 1.260E+00 1.128E+00
 728 8163.4  1.934E-02 1.105E+00 1.246E+00 1.128E+00
 729 8230.6  1.872E-02 1.076E+00 1.215E+00 1.129E+00
 730 8298.9  1.810E-02 1.066E+00 1.206E+00 1.131E+00
 731 8368.3  1.751E-02 1.043E+00 1.181E+00 1.132E+00
 732 8439.0  1.692E-02 1.027E+00 1.163E+00 1.132E+00
 733 8510.8  1.636E-02 9.429E-01 1.068E+00 1.132E+00
 734 8583.9  1.580E-02 9.775E-01 1.108E+00 1.133E+00
 735 8658.2  1.526E-02 9.655E-01 1.095E+00 1.134E+00
 736 8733.8  1.474E-02 9.832E-01 1.116E+00 1.135E+00
 737 8810.8  1.423E-02 9.527E-01 1.082E+00 1.136E+00
 738 8889.1  1.373E-02 9.335E-01 1.061E+00 1.136E+00
 739 8968.8  1.325E-02 9.153E-01 1.041E+00 1.137E+00
 740 9050.0  1.278E-02 8.918E-01 1.014E+00 1.138E+00
 741 9132.6  1.232E-02 8.811E-01 1.003E+00 1.138E+00
 742 9216.8  1.187E-02 8.526E-01 9.711E-01 1.139E+00
 743 9302.5  1.144E-02 8.536E-01 9.727E-01 1.140E+00
 744 9389.9  1.102E-02 8.303E-01 9.465E-01 1.140E+00
 745 9478.9  1.061E-02 8.202E-01 9.353E-01 1.140E+00
 746 9569.6  1.021E-02 7.969E-01 9.092E-01 1.141E+00
 747 9662.0  9.824E-03 7.851E-01 8.962E-01 1.142E+00
 748 9756.3  9.449E-03 7.699E-01 8.792E-01 1.142E+00
 749 9852.5  9.085E-03 7.565E-01 8.642E-01 1.142E+00
 750 9950.5  8.731E-03 7.427E-01 8.489E-01 1.143E+00


 PHOTOLYSIS RATES

     Z      PO2_O1D    PO2_O3P    PH2O_1     PH2O_2     PH2O_3     PO3_O1D    PO3_O      PO3_3O     
 2.50E+04   0.00E+00   5.55E-28   7.94E-29   0.00E+00   0.00E+00   6.83E-06   2.03E-04   4.27E-30
 1.75E+05   0.00E+00   8.64E-26   2.37E-26   0.00E+00   0.00E+00   7.91E-06   2.09E-04   1.20E-25
 3.25E+05   0.00E+00   8.40E-24   4.44E-24   0.00E+00   0.00E+00   8.82E-06   2.15E-04   2.30E-22
 4.75E+05   0.00E+00   4.83E-22   4.18E-22   0.00E+00   0.00E+00   9.62E-06   2.21E-04   6.28E-20
 6.25E+05   0.00E+00   1.70E-20   2.04E-20   0.00E+00   0.00E+00   1.03E-05   2.26E-04   5.11E-18
 7.75E+05   0.00E+00   3.80E-19   5.70E-19   0.00E+00   0.00E+00   1.09E-05   2.30E-04   1.93E-16
 9.25E+05   0.00E+00   5.67E-18   1.01E-17   0.00E+00   0.00E+00   1.15E-05   2.35E-04   4.21E-15
 1.08E+06   0.00E+00   5.79E-17   1.17E-16   0.00E+00   0.00E+00   1.22E-05   2.39E-04   5.80E-14
 1.22E+06   0.00E+00   3.94E-16   8.88E-16   0.00E+00   0.00E+00   1.29E-05   2.42E-04   5.00E-13
 1.38E+06   0.00E+00   1.93E-15   4.72E-15   0.00E+00   0.00E+00   1.37E-05   2.46E-04   2.94E-12
 1.52E+06   0.00E+00   7.48E-15   1.95E-14   0.00E+00   0.00E+00   1.46E-05   2.50E-04   1.31E-11
 1.68E+06   0.00E+00   2.46E-14   6.69E-14   0.00E+00   0.00E+00   1.60E-05   2.54E-04   4.79E-11
 1.82E+06   0.00E+00   7.22E-14   2.02E-13   0.00E+00   0.00E+00   1.78E-05   2.57E-04   1.51E-10
 1.98E+06   0.00E+00   1.92E-13   5.50E-13   0.00E+00   0.00E+00   2.04E-05   2.60E-04   4.25E-10
 2.12E+06   0.00E+00   4.72E-13   1.38E-12   0.00E+00   0.00E+00   2.41E-05   2.64E-04   1.08E-09
 2.28E+06   0.00E+00   1.08E-12   3.25E-12   0.00E+00   0.00E+00   2.92E-05   2.66E-04   2.51E-09
 2.42E+06   0.00E+00   2.28E-12   7.13E-12   0.00E+00   0.00E+00   3.63E-05   2.69E-04   5.34E-09
 2.58E+06   0.00E+00   4.51E-12   1.46E-11   0.00E+00   0.00E+00   4.61E-05   2.73E-04   1.05E-08
 2.72E+06   4.63-168   8.37E-12   2.78E-11   2.10-165   3.15-165   5.98E-05   2.76E-04   1.90E-08
 2.88E+06   2.10-137   1.46E-11   4.94E-11   9.53-135   1.43-134   7.88E-05   2.80E-04   3.17E-08
 3.02E+06   4.99-113   2.39E-11   8.22E-11   2.26-110   3.39-110   1.05E-04   2.84E-04   4.93E-08
 3.18E+06   1.11E-93   3.71E-11   1.30E-10   5.01E-91   7.51E-91   1.41E-04   2.89E-04   7.17E-08
 3.32E+06   2.43E-78   5.46E-11   1.97E-10   1.10E-75   1.65E-75   1.88E-04   2.96E-04   9.84E-08
 3.48E+06   3.66E-66   7.69E-11   2.91E-10   1.66E-63   2.49E-63   2.49E-04   3.04E-04   1.29E-07
 3.62E+06   1.82E-56   1.04E-10   4.20E-10   8.26E-54   1.24E-53   3.31E-04   3.13E-04   1.62E-07
 3.78E+06   1.03E-48   1.36E-10   5.90E-10   4.65E-46   6.98E-46   4.43E-04   3.26E-04   1.97E-07
 3.92E+06   1.70E-42   1.71E-10   8.04E-10   7.71E-40   1.16E-39   6.06E-04   3.45E-04   2.33E-07
 4.08E+06   1.75E-37   2.09E-10   1.06E-09   7.92E-35   1.19E-34   8.45E-04   3.72E-04   2.69E-07
 4.22E+06   2.02E-33   2.47E-10   1.36E-09   9.16E-31   1.37E-30   1.17E-03   4.08E-04   3.04E-07
 4.38E+06   4.31E-30   2.83E-10   1.69E-09   1.95E-27   2.93E-27   1.55E-03   4.51E-04   3.38E-07
 4.52E+06   2.53E-27   3.17E-10   2.04E-09   1.15E-24   1.72E-24   1.95E-03   4.96E-04   3.71E-07
 4.68E+06   5.50E-25   3.48E-10   2.43E-09   2.49E-22   3.73E-22   2.33E-03   5.39E-04   4.02E-07
 4.82E+06   5.25E-23   3.77E-10   2.86E-09   2.38E-20   3.56E-20   2.67E-03   5.77E-04   4.32E-07
 4.98E+06   2.45E-21   4.05E-10   3.34E-09   1.11E-18   1.66E-18   2.95E-03   6.08E-04   4.60E-07
 5.12E+06   6.08E-20   4.34E-10   3.91E-09   2.75E-17   4.13E-17   3.17E-03   6.33E-04   4.88E-07
 5.28E+06   8.80E-19   4.64E-10   4.64E-09   3.99E-16   5.98E-16   3.34E-03   6.52E-04   5.14E-07
 5.42E+06   8.04E-18   4.97E-10   5.57E-09   3.64E-15   5.46E-15   3.47E-03   6.66E-04   5.40E-07
 5.58E+06   4.99E-17   5.33E-10   6.76E-09   2.26E-14   3.39E-14   3.56E-03   6.76E-04   5.65E-07
 5.72E+06   2.24E-16   5.74E-10   8.22E-09   1.01E-13   1.52E-13   3.63E-03   6.84E-04   5.90E-07
 5.88E+06   7.69E-16   6.19E-10   9.95E-09   3.48E-13   5.22E-13   3.68E-03   6.90E-04   6.14E-07
 6.02E+06   2.17E-15   6.69E-10   1.19E-08   9.67E-13   1.45E-12   3.71E-03   6.93E-04   6.37E-07
 6.18E+06   6.19E-15   7.26E-10   1.41E-08   2.46E-12   3.69E-12   3.73E-03   6.96E-04   6.60E-07
 6.32E+06   2.71E-14   7.91E-10   1.66E-08   7.84E-12   1.18E-11   3.75E-03   6.98E-04   6.82E-07
 6.48E+06   1.60E-13   8.67E-10   1.95E-08   3.62E-11   5.43E-11   3.76E-03   7.00E-04   7.04E-07
 6.62E+06   8.23E-13   9.58E-10   2.35E-08   1.71E-10   2.56E-10   3.77E-03   7.00E-04   7.26E-07
 6.78E+06   3.30E-12   1.07E-09   3.09E-08   6.63E-10   9.95E-10   3.77E-03   7.01E-04   7.53E-07
 6.92E+06   1.05E-11   1.21E-09   4.57E-08   2.06E-09   3.09E-09   3.78E-03   7.02E-04   7.93E-07
 7.08E+06   2.71E-11   1.40E-09   7.52E-08   5.26E-09   7.89E-09   3.78E-03   7.02E-04   8.57E-07
 7.22E+06   5.92E-11   1.66E-09   1.28E-07   1.14E-08   1.70E-08   3.78E-03   7.02E-04   9.62E-07
 7.38E+06   1.12E-10   2.03E-09   2.11E-07   2.13E-08   3.19E-08   3.78E-03   7.02E-04   1.12E-06
 7.52E+06   1.90E-10   2.54E-09   3.28E-07   3.55E-08   5.32E-08   3.78E-03   7.02E-04   1.34E-06
 7.68E+06   2.89E-10   3.21E-09   4.77E-07   5.35E-08   8.03E-08   3.78E-03   7.02E-04   1.61E-06
 7.82E+06   4.06E-10   4.07E-09   6.50E-07   7.46E-08   1.12E-07   3.78E-03   7.02E-04   1.92E-06
 7.98E+06   5.35E-10   5.16E-09   8.39E-07   9.73E-08   1.46E-07   3.78E-03   7.02E-04   2.25E-06
 8.12E+06   6.71E-10   6.50E-09   1.04E-06   1.21E-07   1.81E-07   3.78E-03   7.02E-04   2.59E-06
 8.28E+06   8.22E-10   8.12E-09   1.23E-06   1.43E-07   2.15E-07   3.78E-03   7.02E-04   2.93E-06
 8.42E+06   1.01E-09   1.01E-08   1.42E-06   1.65E-07   2.48E-07   3.78E-03   7.02E-04   3.26E-06
 8.58E+06   1.28E-09   1.25E-08   1.62E-06   1.87E-07   2.80E-07   3.78E-03   7.03E-04   3.58E-06
 8.72E+06   1.68E-09   1.56E-08   1.81E-06   2.08E-07   3.12E-07   3.78E-03   7.03E-04   3.91E-06
 8.88E+06   2.29E-09   1.95E-08   2.02E-06   2.30E-07   3.44E-07   3.79E-03   7.03E-04   4.26E-06
 9.02E+06   3.28E-09   2.44E-08   2.24E-06   2.52E-07   3.77E-07   3.79E-03   7.03E-04   4.62E-06
 9.18E+06   5.20E-09   3.05E-08   2.48E-06   2.75E-07   4.11E-07   3.79E-03   7.03E-04   5.00E-06
 9.32E+06   9.49E-09   3.79E-08   2.75E-06   2.99E-07   4.45E-07   3.79E-03   7.03E-04   5.39E-06
 9.48E+06   1.97E-08   4.65E-08   3.05E-06   3.24E-07   4.79E-07   3.79E-03   7.03E-04   5.80E-06
 9.62E+06   4.44E-08   5.61E-08   3.41E-06   3.49E-07   5.13E-07   3.79E-03   7.03E-04   6.21E-06
 9.78E+06   1.09E-07   6.72E-08   3.90E-06   3.74E-07   5.45E-07   3.79E-03   7.03E-04   6.65E-06
 9.92E+06   3.67E-07   8.47E-08   4.73E-06   4.03E-07   5.77E-07   3.79E-03   7.03E-04   7.18E-06

     Z      PH2O2      PCO2_1     PCO2_2     PH2CO_1    PH2CO_2    PHO2       PCH4_1     PCH4_2     
 2.50E+04   1.95E-06   4.86E-35   0.00E+00   1.66E-05   9.63E-06   4.30E-22   0.00E+00   0.00E+00
 1.75E+05   2.20E-06   2.08E-30   0.00E+00   1.90E-05   1.12E-05   6.58E-20   0.00E+00   0.00E+00
 3.25E+05   2.40E-06   4.41E-27   0.00E+00   2.12E-05   1.27E-05   6.27E-18   0.00E+00   0.00E+00
 4.75E+05   2.57E-06   1.23E-24   0.00E+00   2.31E-05   1.40E-05   3.53E-16   0.00E+00   0.00E+00
 6.25E+05   2.70E-06   9.99E-23   0.00E+00   2.49E-05   1.52E-05   1.22E-14   0.00E+00   0.00E+00
 7.75E+05   2.80E-06   3.74E-21   0.00E+00   2.65E-05   1.63E-05   2.69E-13   0.00E+00   0.00E+00
 9.25E+05   2.89E-06   8.11E-20   0.00E+00   2.80E-05   1.73E-05   3.98E-12   0.00E+00   0.00E+00
 1.08E+06   2.99E-06   1.12E-18   0.00E+00   2.93E-05   1.82E-05   4.03E-11   0.00E+00   0.00E+00
 1.22E+06   3.11E-06   9.64E-18   0.00E+00   3.04E-05   1.90E-05   2.72E-10   0.00E+00   0.00E+00
 1.38E+06   3.23E-06   5.67E-17   0.00E+00   3.14E-05   1.97E-05   1.32E-09   0.00E+00   0.00E+00
 1.52E+06   3.35E-06   2.52E-16   0.00E+00   3.24E-05   2.05E-05   5.09E-09   0.00E+00   0.00E+00
 1.68E+06   3.48E-06   9.21E-16   0.00E+00   3.33E-05   2.13E-05   1.67E-08   0.00E+00   0.00E+00
 1.82E+06   3.62E-06   2.92E-15   0.00E+00   3.41E-05   2.21E-05   4.86E-08   0.00E+00   0.00E+00
 1.98E+06   3.78E-06   8.33E-15   0.00E+00   3.49E-05   2.30E-05   1.29E-07   0.00E+00   0.00E+00
 2.12E+06   3.97E-06   2.20E-14   0.00E+00   3.56E-05   2.39E-05   3.13E-07   0.00E+00   0.00E+00
 2.28E+06   4.21E-06   5.40E-14   0.00E+00   3.63E-05   2.50E-05   7.08E-07   0.00E+00   0.00E+00
 2.42E+06   4.51E-06   1.24E-13   0.00E+00   3.69E-05   2.62E-05   1.49E-06   0.00E+00   0.00E+00
 2.58E+06   4.92E-06   2.65E-13   0.00E+00   3.76E-05   2.76E-05   2.94E-06   0.00E+00   0.00E+00
 2.72E+06   5.48E-06   5.21E-13   9.31-167   3.83E-05   2.90E-05   5.44E-06   7.56-165   1.47-164
 2.88E+06   6.23E-06   9.46E-13   4.23-136   3.90E-05   3.06E-05   9.47E-06   3.44-134   6.67-134
 3.02E+06   7.22E-06   1.59E-12   1.00-111   3.97E-05   3.23E-05   1.56E-05   8.14-110   1.58-109
 3.18E+06   8.49E-06   2.50E-12   2.22E-92   4.04E-05   3.41E-05   2.42E-05   1.81E-90   3.51E-90
 3.32E+06   1.01E-05   3.71E-12   4.88E-77   4.11E-05   3.59E-05   3.56E-05   3.96E-75   7.69E-75
 3.48E+06   1.20E-05   5.28E-12   7.37E-65   4.18E-05   3.77E-05   5.02E-05   5.98E-63   1.16E-62
 3.62E+06   1.42E-05   7.23E-12   3.67E-55   4.25E-05   3.94E-05   6.80E-05   2.98E-53   5.78E-53
 3.78E+06   1.67E-05   9.58E-12   2.07E-47   4.31E-05   4.10E-05   8.90E-05   1.68E-45   3.26E-45
 3.92E+06   1.97E-05   1.23E-11   3.42E-41   4.38E-05   4.25E-05   1.13E-04   2.78E-39   5.40E-39
 4.08E+06   2.32E-05   1.54E-11   3.52E-36   4.44E-05   4.38E-05   1.39E-04   2.86E-34   5.54E-34
 4.22E+06   2.71E-05   1.88E-11   4.06E-32   4.49E-05   4.50E-05   1.66E-04   3.30E-30   6.41E-30
 4.38E+06   3.11E-05   2.24E-11   8.66E-29   4.54E-05   4.59E-05   1.91E-04   7.03E-27   1.37E-26
 4.52E+06   3.49E-05   2.61E-11   5.09E-26   4.59E-05   4.67E-05   2.13E-04   4.13E-24   8.02E-24
 4.68E+06   3.84E-05   3.00E-11   1.10E-23   4.63E-05   4.74E-05   2.33E-04   8.97E-22   1.74E-21
 4.82E+06   4.13E-05   3.41E-11   1.05E-21   4.65E-05   4.78E-05   2.49E-04   8.56E-20   1.66E-19
 4.98E+06   4.38E-05   3.83E-11   4.92E-20   4.68E-05   4.82E-05   2.61E-04   3.99E-18   7.75E-18
 5.12E+06   4.56E-05   4.28E-11   1.22E-18   4.70E-05   4.85E-05   2.71E-04   9.93E-17   1.93E-16
 5.28E+06   4.71E-05   4.78E-11   1.77E-17   4.71E-05   4.87E-05   2.78E-04   1.44E-15   2.79E-15
 5.42E+06   4.82E-05   5.33E-11   1.62E-16   4.72E-05   4.88E-05   2.84E-04   1.31E-14   2.55E-14
 5.58E+06   4.90E-05   5.94E-11   1.00E-15   4.73E-05   4.89E-05   2.88E-04   8.14E-14   1.58E-13
 5.72E+06   4.96E-05   6.62E-11   4.50E-15   4.73E-05   4.90E-05   2.92E-04   3.65E-13   7.09E-13
 5.88E+06   5.01E-05   7.37E-11   1.54E-14   4.73E-05   4.91E-05   2.94E-04   1.25E-12   2.43E-12
 6.02E+06   5.04E-05   8.18E-11   4.30E-14   4.74E-05   4.91E-05   2.96E-04   3.50E-12   6.74E-12
 6.18E+06   5.06E-05   9.04E-11   1.11E-13   4.74E-05   4.91E-05   2.98E-04   9.11E-12   1.66E-11
 6.32E+06   5.08E-05   9.95E-11   3.76E-13   4.74E-05   4.91E-05   2.99E-04   3.14E-11   4.74E-11
 6.48E+06   5.09E-05   1.09E-10   1.83E-12   4.74E-05   4.92E-05   3.00E-04   1.56E-10   1.93E-10
 6.62E+06   5.10E-05   1.20E-10   8.80E-12   4.74E-05   4.92E-05   3.00E-04   7.57E-10   8.60E-10
 6.78E+06   5.11E-05   1.31E-10   3.44E-11   4.74E-05   4.92E-05   3.01E-04   2.96E-09   3.27E-09
 6.92E+06   5.12E-05   1.44E-10   1.07E-10   4.74E-05   4.92E-05   3.01E-04   9.22E-09   1.01E-08
 7.08E+06   5.13E-05   1.58E-10   2.73E-10   4.75E-05   4.92E-05   3.02E-04   2.35E-08   2.56E-08
 7.22E+06   5.13E-05   1.75E-10   5.89E-10   4.75E-05   4.92E-05   3.02E-04   5.06E-08   5.51E-08
 7.38E+06   5.14E-05   1.94E-10   1.10E-09   4.75E-05   4.93E-05   3.02E-04   9.48E-08   1.03E-07
 7.52E+06   5.16E-05   2.18E-10   1.84E-09   4.76E-05   4.93E-05   3.03E-04   1.58E-07   1.71E-07
 7.68E+06   5.18E-05   2.45E-10   2.77E-09   4.76E-05   4.94E-05   3.03E-04   2.38E-07   2.58E-07
 7.82E+06   5.20E-05   2.76E-10   3.86E-09   4.77E-05   4.95E-05   3.03E-04   3.31E-07   3.58E-07
 7.98E+06   5.22E-05   3.12E-10   5.04E-09   4.78E-05   4.95E-05   3.04E-04   4.32E-07   4.67E-07
 8.12E+06   5.25E-05   3.53E-10   6.25E-09   4.79E-05   4.96E-05   3.04E-04   5.34E-07   5.78E-07
 8.28E+06   5.27E-05   3.98E-10   7.43E-09   4.80E-05   4.97E-05   3.04E-04   6.35E-07   6.87E-07
 8.42E+06   5.29E-05   4.47E-10   8.59E-09   4.80E-05   4.98E-05   3.04E-04   7.33E-07   7.93E-07
 8.58E+06   5.32E-05   5.02E-10   9.73E-09   4.81E-05   4.99E-05   3.05E-04   8.30E-07   8.97E-07
 8.72E+06   5.34E-05   5.64E-10   1.09E-08   4.82E-05   5.00E-05   3.05E-04   9.29E-07   1.00E-06
 8.88E+06   5.36E-05   6.36E-10   1.22E-08   4.83E-05   5.00E-05   3.05E-04   1.03E-06   1.12E-06
 9.02E+06   5.39E-05   7.22E-10   1.36E-08   4.84E-05   5.01E-05   3.05E-04   1.14E-06   1.23E-06
 9.18E+06   5.42E-05   8.29E-10   1.53E-08   4.85E-05   5.03E-05   3.06E-04   1.26E-06   1.36E-06
 9.32E+06   5.44E-05   9.74E-10   1.73E-08   4.87E-05   5.05E-05   3.06E-04   1.38E-06   1.49E-06
 9.48E+06   5.47E-05   1.20E-09   1.95E-08   4.90E-05   5.07E-05   3.06E-04   1.51E-06   1.63E-06
 9.62E+06   5.51E-05   1.62E-09   2.22E-08   4.94E-05   5.11E-05   3.06E-04   1.65E-06   1.77E-06
 9.78E+06   5.56E-05   2.44E-09   2.60E-08   4.99E-05   5.16E-05   3.07E-04   1.79E-06   1.91E-06
 9.92E+06   5.63E-05   3.96E-09   3.67E-08   5.05E-05   5.23E-05   3.07E-04   1.96E-06   2.07E-06

     Z      PCH4_3     PC2H6_1    PC2H6_2    PHNO2_1    PHNO3      PHNO3_3    PHNO3_1    PNO        
 2.50E+04   0.00E+00   0.00E+00   0.00E+00   5.40E-04   1.49E-07   3.23E-30   2.32E-30   0.00E+00
 1.75E+05   0.00E+00   0.00E+00   0.00E+00   5.99E-04   1.67E-07   1.72E-25   1.23E-25   0.00E+00
 3.25E+05   0.00E+00   0.00E+00   0.00E+00   6.52E-04   1.79E-07   3.76E-22   2.70E-22   0.00E+00
 4.75E+05   0.00E+00   0.00E+00   0.00E+00   7.00E-04   1.88E-07   1.06E-19   7.61E-20   3.14-151
 6.25E+05   0.00E+00   0.00E+00   0.00E+00   7.43E-04   1.92E-07   8.69E-18   6.24E-18   1.92-116
 7.75E+05   0.00E+00   0.00E+00   0.00E+00   7.82E-04   1.91E-07   3.28E-16   2.36E-16   6.96E-94
 9.25E+05   0.00E+00   0.00E+00   0.00E+00   8.17E-04   1.88E-07   7.21E-15   5.18E-15   1.32E-76
 1.08E+06   0.00E+00   0.00E+00   0.00E+00   8.48E-04   1.89E-07   1.02E-13   7.30E-14   8.61E-63
 1.22E+06   0.00E+00   0.00E+00   0.00E+00   8.75E-04   1.97E-07   9.09E-13   6.53E-13   9.73E-52
 1.38E+06   0.00E+00   0.00E+00   0.00E+00   8.99E-04   2.07E-07   5.52E-12   3.96E-12   5.76E-43
 1.52E+06   0.00E+00   0.00E+00   0.00E+00   9.21E-04   2.20E-07   2.54E-11   1.82E-11   5.25E-36
 1.68E+06   0.00E+00   0.00E+00   0.00E+00   9.40E-04   2.40E-07   9.55E-11   6.86E-11   1.77E-30
 1.82E+06   0.00E+00   0.00E+00   0.00E+00   9.57E-04   2.74E-07   3.14E-10   2.25E-10   4.55E-26
 1.98E+06   0.00E+00   0.00E+00   0.00E+00   9.69E-04   3.39E-07   9.40E-10   6.75E-10   1.56E-22
 2.12E+06   0.00E+00   0.00E+00   0.00E+00   9.80E-04   4.63E-07   2.64E-09   1.89E-09   1.12E-19
 2.28E+06   0.00E+00   0.00E+00   0.00E+00   9.88E-04   6.94E-07   6.98E-09   5.01E-09   2.38E-17
 2.42E+06   0.00E+00   0.00E+00   0.00E+00   9.95E-04   1.11E-06   1.73E-08   1.24E-08   1.96E-15
 2.58E+06   0.00E+00   0.00E+00   0.00E+00   1.00E-03   1.79E-06   3.94E-08   2.83E-08   7.47E-14
 2.72E+06   2.26-164   0.00E+00   1.49-165   1.01E-03   2.86E-06   8.18E-08   5.88E-08   1.50E-12
 2.88E+06   1.03-133   0.00E+00   6.78-135   1.01E-03   4.40E-06   1.55E-07   1.11E-07   1.75E-11
 3.02E+06   2.44-109   0.00E+00   1.61-110   1.02E-03   6.45E-06   2.70E-07   1.94E-07   1.29E-10
 3.18E+06   5.41E-90   0.00E+00   3.56E-91   1.02E-03   8.99E-06   4.35E-07   3.12E-07   6.48E-10
 3.32E+06   1.19E-74   0.00E+00   7.82E-76   1.03E-03   1.20E-05   6.56E-07   4.71E-07   2.38E-09
 3.48E+06   1.79E-62   0.00E+00   1.18E-63   1.04E-03   1.52E-05   9.36E-07   6.72E-07   6.80E-09
 3.62E+06   8.92E-53   0.00E+00   5.88E-54   1.05E-03   1.87E-05   1.27E-06   9.14E-07   1.60E-08
 3.78E+06   5.02E-45   0.00E+00   3.31E-46   1.06E-03   2.23E-05   1.66E-06   1.19E-06   3.21E-08
 3.92E+06   8.33E-39   0.00E+00   5.49E-40   1.07E-03   2.59E-05   2.10E-06   1.51E-06   5.72E-08
 4.08E+06   8.55E-34   0.00E+00   5.64E-35   1.08E-03   2.94E-05   2.56E-06   1.84E-06   9.27E-08
 4.22E+06   9.89E-30   0.00E+00   6.52E-31   1.09E-03   3.29E-05   3.04E-06   2.18E-06   1.39E-07
 4.38E+06   2.11E-26   0.00E+00   1.39E-27   1.11E-03   3.60E-05   3.53E-06   2.53E-06   1.96E-07
 4.52E+06   1.24E-23   0.00E+00   8.16E-25   1.12E-03   3.88E-05   4.01E-06   2.88E-06   2.64E-07
 4.68E+06   2.69E-21   0.00E+00   1.77E-22   1.13E-03   4.11E-05   4.48E-06   3.22E-06   3.42E-07
 4.82E+06   2.57E-19   0.00E+00   1.69E-20   1.13E-03   4.31E-05   4.95E-06   3.55E-06   4.29E-07
 4.98E+06   1.20E-17   0.00E+00   7.88E-19   1.14E-03   4.47E-05   5.41E-06   3.88E-06   5.23E-07
 5.12E+06   2.97E-16   0.00E+00   1.96E-17   1.15E-03   4.60E-05   5.86E-06   4.21E-06   6.25E-07
 5.28E+06   4.30E-15   0.00E+00   2.84E-16   1.15E-03   4.71E-05   6.31E-06   4.53E-06   7.32E-07
 5.42E+06   3.93E-14   0.00E+00   2.59E-15   1.15E-03   4.80E-05   6.76E-06   4.85E-06   8.45E-07
 5.58E+06   2.44E-13   0.00E+00   1.61E-14   1.16E-03   4.87E-05   7.20E-06   5.17E-06   9.62E-07
 5.72E+06   1.09E-12   0.00E+00   7.21E-14   1.16E-03   4.93E-05   7.64E-06   5.48E-06   1.08E-06
 5.88E+06   3.75E-12   0.00E+00   2.48E-13   1.16E-03   4.98E-05   8.07E-06   5.79E-06   1.21E-06
 6.02E+06   1.03E-11   0.00E+00   7.03E-13   1.16E-03   5.02E-05   8.49E-06   6.09E-06   1.33E-06
 6.18E+06   2.38E-11   0.00E+00   2.07E-12   1.16E-03   5.05E-05   8.89E-06   6.38E-06   1.45E-06
 6.32E+06   4.92E-11   0.00E+00   9.74E-12   1.16E-03   5.08E-05   9.28E-06   6.66E-06   1.58E-06
 6.48E+06   1.04E-10   0.00E+00   5.91E-11   1.16E-03   5.10E-05   9.66E-06   6.93E-06   1.70E-06
 6.62E+06   2.57E-10   0.00E+00   3.04E-10   1.16E-03   5.12E-05   1.00E-05   7.19E-06   1.83E-06
 6.78E+06   7.11E-10   0.00E+00   1.20E-09   1.16E-03   5.14E-05   1.04E-05   7.44E-06   1.95E-06
 6.92E+06   1.91E-09   0.00E+00   3.72E-09   1.16E-03   5.16E-05   1.07E-05   7.69E-06   2.08E-06
 7.08E+06   4.56E-09   0.00E+00   9.39E-09   1.16E-03   5.18E-05   1.11E-05   7.94E-06   2.22E-06
 7.22E+06   9.51E-09   0.00E+00   2.00E-08   1.16E-03   5.19E-05   1.14E-05   8.20E-06   2.36E-06
 7.38E+06   1.75E-08   0.00E+00   3.70E-08   1.16E-03   5.21E-05   1.18E-05   8.47E-06   2.52E-06
 7.52E+06   2.88E-08   0.00E+00   6.08E-08   1.16E-03   5.25E-05   1.22E-05   8.77E-06   2.69E-06
 7.68E+06   4.30E-08   0.00E+00   9.07E-08   1.16E-03   5.29E-05   1.27E-05   9.09E-06   2.88E-06
 7.82E+06   5.95E-08   0.00E+00   1.25E-07   1.16E-03   5.33E-05   1.31E-05   9.43E-06   3.09E-06
 7.98E+06   7.73E-08   0.00E+00   1.62E-07   1.16E-03   5.37E-05   1.36E-05   9.79E-06   3.31E-06
 8.12E+06   9.55E-08   0.00E+00   1.99E-07   1.16E-03   5.42E-05   1.41E-05   1.02E-05   3.54E-06
 8.28E+06   1.13E-07   0.00E+00   2.36E-07   1.16E-03   5.46E-05   1.47E-05   1.05E-05   3.78E-06
 8.42E+06   1.31E-07   0.00E+00   2.72E-07   1.16E-03   5.51E-05   1.52E-05   1.09E-05   4.02E-06
 8.58E+06   1.49E-07   0.00E+00   3.09E-07   1.16E-03   5.55E-05   1.57E-05   1.13E-05   4.26E-06
 8.72E+06   1.67E-07   0.00E+00   3.48E-07   1.16E-03   5.59E-05   1.62E-05   1.16E-05   4.51E-06
 8.88E+06   1.86E-07   0.00E+00   3.91E-07   1.16E-03   5.64E-05   1.67E-05   1.20E-05   4.76E-06
 9.02E+06   2.07E-07   0.00E+00   4.38E-07   1.16E-03   5.68E-05   1.72E-05   1.23E-05   5.01E-06
 9.18E+06   2.30E-07   0.00E+00   4.90E-07   1.16E-03   5.72E-05   1.77E-05   1.27E-05   5.27E-06
 9.32E+06   2.53E-07   0.00E+00   5.46E-07   1.16E-03   5.77E-05   1.82E-05   1.31E-05   5.54E-06
 9.48E+06   2.78E-07   0.00E+00   6.05E-07   1.16E-03   5.81E-05   1.88E-05   1.35E-05   5.83E-06
 9.62E+06   3.03E-07   0.00E+00   6.65E-07   1.16E-03   5.86E-05   1.93E-05   1.39E-05   6.16E-06
 9.78E+06   3.29E-07   0.00E+00   7.27E-07   1.16E-03   5.92E-05   2.00E-05   1.44E-05   6.59E-06
 9.92E+06   3.55E-07   0.00E+00   7.92E-07   1.16E-03   6.01E-05   2.10E-05   1.51E-05   7.28E-06

     Z      PNO2_O1D   PNO2       PCH3_1     PSO        PH2S       PSO2       PSO2_SO21  PSO2_SO23  
 2.50E+04   2.12E-23   3.57E-03   2.68E-22   5.86E-22   2.33E-14   3.25E-22   3.52E-05   4.27E-07
 1.75E+05   3.16E-21   3.92E-03   3.74E-20   9.82E-20   2.83E-14   5.51E-20   4.16E-05   4.71E-07
 3.25E+05   2.93E-19   4.22E-03   3.42E-18   1.02E-17   3.31E-14   5.83E-18   4.75E-05   5.10E-07
 4.75E+05   1.61E-17   4.50E-03   1.89E-16   6.13E-16   3.79E-14   3.61E-16   5.29E-05   5.45E-07
 6.25E+05   5.43E-16   4.75E-03   6.43E-15   2.23E-14   5.18E-14   1.34E-14   5.80E-05   5.76E-07
 7.75E+05   1.18E-14   4.98E-03   1.40E-13   5.10E-13   2.73E-13   3.10E-13   6.27E-05   6.05E-07
 9.25E+05   1.72E-13   5.18E-03   2.04E-12   7.75E-12   3.56E-12   4.76E-12   6.72E-05   6.30E-07
 1.08E+06   1.72E-12   5.36E-03   2.04E-11   8.01E-11   3.68E-11   4.96E-11   7.13E-05   6.53E-07
 1.22E+06   1.15E-11   5.51E-03   1.35E-10   5.50E-10   2.55E-10   3.42E-10   7.51E-05   6.73E-07
 1.38E+06   5.56E-11   5.65E-03   6.47E-10   2.70E-09   1.26E-09   1.69E-09   7.87E-05   6.90E-07
 1.52E+06   2.13E-10   5.78E-03   2.46E-09   1.05E-08   4.92E-09   6.56E-09   8.29E-05   7.06E-07
 1.68E+06   6.97E-10   5.90E-03   7.99E-09   3.45E-08   1.62E-08   2.16E-08   8.78E-05   7.20E-07
 1.82E+06   2.03E-09   5.99E-03   2.31E-08   1.00E-07   4.70E-08   6.26E-08   9.39E-05   7.31E-07
 1.98E+06   5.39E-09   6.07E-03   6.11E-08   2.64E-07   1.24E-07   1.64E-07   1.02E-04   7.40E-07
 2.12E+06   1.32E-08   6.13E-03   1.49E-07   6.39E-07   2.97E-07   3.95E-07   1.12E-04   7.47E-07
 2.28E+06   3.00E-08   6.18E-03   3.39E-07   1.42E-06   6.58E-07   8.75E-07   1.24E-04   7.52E-07
 2.42E+06   6.38E-08   6.22E-03   7.23E-07   2.95E-06   1.35E-06   1.80E-06   1.39E-04   7.56E-07
 2.58E+06   1.27E-07   6.26E-03   1.46E-06   5.67E-06   2.58E-06   3.43E-06   1.59E-04   7.59E-07
 2.72E+06   2.39E-07   6.29E-03   2.78E-06   1.02E-05   4.60E-06   6.12E-06   1.82E-04   7.61E-07
 2.88E+06   4.23E-07   6.31E-03   5.02E-06   1.71E-05   7.68E-06   1.02E-05   2.12E-04   7.63E-07
 3.02E+06   7.08E-07   6.34E-03   8.53E-06   2.67E-05   1.20E-05   1.59E-05   2.46E-04   7.65E-07
 3.18E+06   1.12E-06   6.36E-03   1.35E-05   3.93E-05   1.77E-05   2.33E-05   2.87E-04   7.66E-07
 3.32E+06   1.69E-06   6.38E-03   2.00E-05   5.43E-05   2.47E-05   3.22E-05   3.32E-04   7.67E-07
 3.48E+06   2.42E-06   6.40E-03   2.75E-05   7.13E-05   3.27E-05   4.23E-05   3.82E-04   7.67E-07
 3.62E+06   3.34E-06   6.41E-03   3.57E-05   8.94E-05   4.17E-05   5.32E-05   4.35E-04   7.68E-07
 3.78E+06   4.44E-06   6.43E-03   4.39E-05   1.08E-04   5.13E-05   6.42E-05   4.91E-04   7.68E-07
 3.92E+06   5.69E-06   6.44E-03   5.17E-05   1.26E-04   6.11E-05   7.50E-05   5.48E-04   7.69E-07
 4.08E+06   7.01E-06   6.45E-03   5.86E-05   1.42E-04   7.07E-05   8.50E-05   6.05E-04   7.69E-07
 4.22E+06   8.33E-06   6.46E-03   6.45E-05   1.57E-04   7.96E-05   9.38E-05   6.59E-04   7.69E-07
 4.38E+06   9.54E-06   6.47E-03   6.92E-05   1.69E-04   8.75E-05   1.01E-04   7.09E-04   7.69E-07
 4.52E+06   1.06E-05   6.47E-03   7.29E-05   1.79E-04   9.42E-05   1.07E-04   7.52E-04   7.69E-07
 4.68E+06   1.15E-05   6.48E-03   7.58E-05   1.87E-04   9.98E-05   1.12E-04   7.89E-04   7.69E-07
 4.82E+06   1.22E-05   6.48E-03   7.80E-05   1.93E-04   1.04E-04   1.16E-04   8.18E-04   7.70E-07
 4.98E+06   1.27E-05   6.49E-03   7.97E-05   1.99E-04   1.08E-04   1.20E-04   8.41E-04   7.70E-07
 5.12E+06   1.32E-05   6.49E-03   8.10E-05   2.03E-04   1.11E-04   1.22E-04   8.58E-04   7.70E-07
 5.28E+06   1.35E-05   6.49E-03   8.20E-05   2.06E-04   1.13E-04   1.24E-04   8.71E-04   7.70E-07
 5.42E+06   1.38E-05   6.49E-03   8.27E-05   2.09E-04   1.15E-04   1.26E-04   8.80E-04   7.70E-07
 5.58E+06   1.40E-05   6.49E-03   8.33E-05   2.11E-04   1.17E-04   1.28E-04   8.87E-04   7.70E-07
 5.72E+06   1.42E-05   6.50E-03   8.37E-05   2.13E-04   1.18E-04   1.29E-04   8.92E-04   7.70E-07
 5.88E+06   1.43E-05   6.50E-03   8.41E-05   2.15E-04   1.19E-04   1.30E-04   8.95E-04   7.70E-07
 6.02E+06   1.44E-05   6.50E-03   8.43E-05   2.16E-04   1.20E-04   1.31E-04   8.97E-04   7.70E-07
 6.18E+06   1.45E-05   6.50E-03   8.45E-05   2.17E-04   1.21E-04   1.32E-04   8.99E-04   7.70E-07
 6.32E+06   1.46E-05   6.50E-03   8.47E-05   2.18E-04   1.21E-04   1.32E-04   9.00E-04   7.70E-07
 6.48E+06   1.46E-05   6.50E-03   8.48E-05   2.19E-04   1.22E-04   1.33E-04   9.01E-04   7.70E-07
 6.62E+06   1.47E-05   6.50E-03   8.49E-05   2.20E-04   1.22E-04   1.33E-04   9.02E-04   7.70E-07
 6.78E+06   1.48E-05   6.50E-03   8.50E-05   2.20E-04   1.23E-04   1.34E-04   9.02E-04   7.70E-07
 6.92E+06   1.49E-05   6.50E-03   8.51E-05   2.21E-04   1.23E-04   1.34E-04   9.02E-04   7.70E-07
 7.08E+06   1.49E-05   6.50E-03   8.51E-05   2.21E-04   1.23E-04   1.35E-04   9.02E-04   7.70E-07
 7.22E+06   1.50E-05   6.50E-03   8.51E-05   2.22E-04   1.24E-04   1.35E-04   9.03E-04   7.70E-07
 7.38E+06   1.52E-05   6.50E-03   8.52E-05   2.22E-04   1.24E-04   1.36E-04   9.03E-04   7.70E-07
 7.52E+06   1.53E-05   6.50E-03   8.52E-05   2.22E-04   1.25E-04   1.37E-04   9.03E-04   7.70E-07
 7.68E+06   1.55E-05   6.50E-03   8.52E-05   2.23E-04   1.25E-04   1.37E-04   9.03E-04   7.70E-07
 7.82E+06   1.57E-05   6.50E-03   8.52E-05   2.23E-04   1.26E-04   1.38E-04   9.03E-04   7.70E-07
 7.98E+06   1.59E-05   6.50E-03   8.52E-05   2.23E-04   1.27E-04   1.39E-04   9.03E-04   7.70E-07
 8.12E+06   1.61E-05   6.50E-03   8.52E-05   2.23E-04   1.28E-04   1.40E-04   9.03E-04   7.70E-07
 8.28E+06   1.63E-05   6.50E-03   8.52E-05   2.23E-04   1.28E-04   1.41E-04   9.03E-04   7.70E-07
 8.42E+06   1.66E-05   6.50E-03   8.52E-05   2.24E-04   1.29E-04   1.41E-04   9.03E-04   7.70E-07
 8.58E+06   1.68E-05   6.50E-03   8.52E-05   2.24E-04   1.29E-04   1.42E-04   9.03E-04   7.70E-07
 8.72E+06   1.70E-05   6.50E-03   8.53E-05   2.24E-04   1.30E-04   1.43E-04   9.03E-04   7.70E-07
 8.88E+06   1.73E-05   6.50E-03   8.53E-05   2.24E-04   1.31E-04   1.44E-04   9.03E-04   7.70E-07
 9.02E+06   1.76E-05   6.50E-03   8.53E-05   2.24E-04   1.31E-04   1.45E-04   9.03E-04   7.70E-07
 9.18E+06   1.78E-05   6.50E-03   8.53E-05   2.24E-04   1.32E-04   1.45E-04   9.03E-04   7.70E-07
 9.32E+06   1.81E-05   6.50E-03   8.53E-05   2.24E-04   1.33E-04   1.46E-04   9.03E-04   7.70E-07
 9.48E+06   1.85E-05   6.50E-03   8.53E-05   2.24E-04   1.34E-04   1.47E-04   9.03E-04   7.70E-07
 9.62E+06   1.89E-05   6.50E-03   8.53E-05   2.25E-04   1.34E-04   1.48E-04   9.03E-04   7.70E-07
 9.78E+06   1.94E-05   6.50E-03   8.53E-05   2.25E-04   1.35E-04   1.49E-04   9.03E-04   7.70E-07
 9.92E+06   2.04E-05   6.50E-03   8.53E-05   2.25E-04   1.36E-04   1.50E-04   9.03E-04   7.70E-07

     Z      PS2        PS4        PS3        PS8L       PS8R       PS8        PSO3       PHSO       
 2.50E+04   2.80E-05   1.15E-01   5.35E-01   0.00E+00   0.00E+00   7.63E-14   6.46E-08   4.30E-22
 1.75E+05   3.31E-05   1.19E-01   5.75E-01   0.00E+00   0.00E+00   1.07E-13   7.53E-08   6.58E-20
 3.25E+05   3.77E-05   1.23E-01   6.10E-01   0.00E+00   0.00E+00   1.46E-13   8.50E-08   6.27E-18
 4.75E+05   4.19E-05   1.26E-01   6.41E-01   0.00E+00   0.00E+00   1.95E-13   9.38E-08   3.53E-16
 6.25E+05   4.58E-05   1.28E-01   6.70E-01   0.00E+00   0.00E+00   2.56E-13   1.02E-07   1.22E-14
 7.75E+05   4.95E-05   1.31E-01   6.96E-01   0.00E+00   0.00E+00   3.34E-13   1.09E-07   2.69E-13
 9.25E+05   5.29E-05   1.33E-01   7.19E-01   0.00E+00   0.00E+00   4.35E-13   1.16E-07   3.98E-12
 1.08E+06   5.61E-05   1.36E-01   7.40E-01   0.00E+00   0.00E+00   5.73E-13   1.23E-07   4.03E-11
 1.22E+06   5.89E-05   1.37E-01   7.57E-01   0.00E+00   0.00E+00   7.65E-13   1.28E-07   2.72E-10
 1.38E+06   6.17E-05   1.39E-01   7.74E-01   0.00E+00   0.00E+00   1.02E-12   1.34E-07   1.32E-09
 1.52E+06   6.47E-05   1.41E-01   7.89E-01   0.00E+00   0.00E+00   1.36E-12   1.40E-07   5.09E-09
 1.68E+06   6.82E-05   1.43E-01   8.02E-01   0.00E+00   0.00E+00   1.82E-12   1.47E-07   1.67E-08
 1.82E+06   7.25E-05   1.45E-01   8.13E-01   0.00E+00   0.00E+00   2.42E-12   1.57E-07   4.86E-08
 1.98E+06   7.78E-05   1.46E-01   8.21E-01   0.00E+00   0.00E+00   3.23E-12   1.75E-07   1.29E-07
 2.12E+06   8.43E-05   1.47E-01   8.28E-01   0.00E+00   0.00E+00   4.29E-12   2.06E-07   3.13E-07
 2.28E+06   9.24E-05   1.47E-01   8.32E-01   0.00E+00   0.00E+00   5.72E-12   2.64E-07   7.08E-07
 2.42E+06   1.02E-04   1.48E-01   8.36E-01   0.00E+00   0.00E+00   7.63E-12   3.67E-07   1.49E-06
 2.58E+06   1.15E-04   1.48E-01   8.38E-01   0.00E+00   0.00E+00   1.02E-11   5.45E-07   2.94E-06
 2.72E+06   1.30E-04   1.49E-01   8.41E-01   0.00E+00   0.00E+00   1.37E-11   8.34E-07   5.44E-06
 2.88E+06   1.49E-04   1.49E-01   8.42E-01   0.00E+00   0.00E+00   1.84E-11   1.27E-06   9.47E-06
 3.02E+06   1.71E-04   1.49E-01   8.43E-01   0.00E+00   0.00E+00   2.49E-11   1.89E-06   1.56E-05
 3.18E+06   1.98E-04   1.49E-01   8.44E-01   0.00E+00   0.00E+00   3.38E-11   2.71E-06   2.42E-05
 3.32E+06   2.28E-04   1.49E-01   8.45E-01   0.00E+00   0.00E+00   4.59E-11   3.73E-06   3.56E-05
 3.48E+06   2.61E-04   1.49E-01   8.46E-01   0.00E+00   0.00E+00   6.21E-11   4.91E-06   5.02E-05
 3.62E+06   2.96E-04   1.49E-01   8.46E-01   0.00E+00   0.00E+00   8.37E-11   6.25E-06   6.80E-05
 3.78E+06   3.32E-04   1.50E-01   8.47E-01   0.00E+00   0.00E+00   1.12E-10   7.70E-06   8.90E-05
 3.92E+06   3.68E-04   1.50E-01   8.47E-01   0.00E+00   0.00E+00   1.51E-10   9.25E-06   1.13E-04
 4.08E+06   4.03E-04   1.50E-01   8.47E-01   0.00E+00   0.00E+00   2.01E-10   1.08E-05   1.39E-04
 4.22E+06   4.35E-04   1.50E-01   8.47E-01   0.00E+00   0.00E+00   2.67E-10   1.24E-05   1.66E-04
 4.38E+06   4.63E-04   1.50E-01   8.47E-01   0.00E+00   0.00E+00   3.51E-10   1.39E-05   1.91E-04
 4.52E+06   4.86E-04   1.50E-01   8.47E-01   0.00E+00   0.00E+00   4.56E-10   1.53E-05   2.13E-04
 4.68E+06   5.05E-04   1.50E-01   8.48E-01   0.00E+00   0.00E+00   5.83E-10   1.65E-05   2.33E-04
 4.82E+06   5.20E-04   1.50E-01   8.48E-01   0.00E+00   0.00E+00   7.39E-10   1.75E-05   2.49E-04
 4.98E+06   5.31E-04   1.50E-01   8.48E-01   0.00E+00   0.00E+00   9.28E-10   1.83E-05   2.61E-04
 5.12E+06   5.40E-04   1.50E-01   8.48E-01   0.00E+00   0.00E+00   1.16E-09   1.89E-05   2.71E-04
 5.28E+06   5.46E-04   1.50E-01   8.48E-01   0.00E+00   0.00E+00   1.43E-09   1.94E-05   2.78E-04
 5.42E+06   5.51E-04   1.50E-01   8.48E-01   0.00E+00   0.00E+00   1.77E-09   1.98E-05   2.84E-04
 5.58E+06   5.54E-04   1.50E-01   8.48E-01   0.00E+00   0.00E+00   2.18E-09   2.02E-05   2.88E-04
 5.72E+06   5.57E-04   1.50E-01   8.48E-01   0.00E+00   0.00E+00   2.68E-09   2.04E-05   2.92E-04
 5.88E+06   5.58E-04   1.50E-01   8.48E-01   0.00E+00   0.00E+00   3.29E-09   2.06E-05   2.94E-04
 6.02E+06   5.59E-04   1.50E-01   8.48E-01   0.00E+00   0.00E+00   4.04E-09   2.08E-05   2.96E-04
 6.18E+06   5.60E-04   1.50E-01   8.48E-01   0.00E+00   0.00E+00   4.97E-09   2.09E-05   2.98E-04
 6.32E+06   5.61E-04   1.50E-01   8.48E-01   0.00E+00   0.00E+00   6.11E-09   2.10E-05   2.99E-04
 6.48E+06   5.61E-04   1.50E-01   8.48E-01   0.00E+00   0.00E+00   7.53E-09   2.11E-05   3.00E-04
 6.62E+06   5.62E-04   1.50E-01   8.48E-01   0.00E+00   0.00E+00   9.29E-09   2.12E-05   3.00E-04
 6.78E+06   5.62E-04   1.50E-01   8.48E-01   0.00E+00   0.00E+00   1.15E-08   2.13E-05   3.01E-04
 6.92E+06   5.62E-04   1.50E-01   8.48E-01   0.00E+00   0.00E+00   1.42E-08   2.14E-05   3.01E-04
 7.08E+06   5.62E-04   1.50E-01   8.48E-01   0.00E+00   0.00E+00   1.77E-08   2.14E-05   3.02E-04
 7.22E+06   5.62E-04   1.50E-01   8.48E-01   0.00E+00   0.00E+00   2.19E-08   2.15E-05   3.02E-04
 7.38E+06   5.62E-04   1.50E-01   8.48E-01   0.00E+00   0.00E+00   2.73E-08   2.15E-05   3.02E-04
 7.52E+06   5.62E-04   1.50E-01   8.48E-01   0.00E+00   0.00E+00   3.42E-08   2.16E-05   3.03E-04
 7.68E+06   5.62E-04   1.50E-01   8.48E-01   0.00E+00   0.00E+00   4.28E-08   2.17E-05   3.03E-04
 7.82E+06   5.62E-04   1.50E-01   8.48E-01   0.00E+00   0.00E+00   5.36E-08   2.17E-05   3.03E-04
 7.98E+06   5.62E-04   1.50E-01   8.48E-01   0.00E+00   0.00E+00   6.71E-08   2.18E-05   3.04E-04
 8.12E+06   5.62E-04   1.50E-01   8.48E-01   0.00E+00   0.00E+00   8.39E-08   2.19E-05   3.04E-04
 8.28E+06   5.62E-04   1.50E-01   8.48E-01   0.00E+00   0.00E+00   1.05E-07   2.19E-05   3.04E-04
 8.42E+06   5.62E-04   1.50E-01   8.48E-01   0.00E+00   0.00E+00   1.31E-07   2.20E-05   3.04E-04
 8.58E+06   5.62E-04   1.50E-01   8.48E-01   0.00E+00   0.00E+00   1.64E-07   2.21E-05   3.05E-04
 8.72E+06   5.62E-04   1.50E-01   8.48E-01   0.00E+00   0.00E+00   2.05E-07   2.21E-05   3.05E-04
 8.88E+06   5.62E-04   1.50E-01   8.48E-01   0.00E+00   0.00E+00   2.57E-07   2.22E-05   3.05E-04
 9.02E+06   5.62E-04   1.50E-01   8.48E-01   0.00E+00   0.00E+00   3.21E-07   2.23E-05   3.05E-04
 9.18E+06   5.62E-04   1.50E-01   8.48E-01   0.00E+00   0.00E+00   4.00E-07   2.23E-05   3.06E-04
 9.32E+06   5.62E-04   1.50E-01   8.48E-01   0.00E+00   0.00E+00   4.99E-07   2.24E-05   3.06E-04
 9.48E+06   5.62E-04   1.50E-01   8.48E-01   0.00E+00   0.00E+00   6.23E-07   2.25E-05   3.06E-04
 9.62E+06   5.62E-04   1.50E-01   8.48E-01   0.00E+00   0.00E+00   7.76E-07   2.26E-05   3.06E-04
 9.78E+06   5.62E-04   1.50E-01   8.48E-01   0.00E+00   0.00E+00   9.66E-07   2.27E-05   3.07E-04
 9.92E+06   5.62E-04   1.50E-01   8.48E-01   0.00E+00   0.00E+00   1.20E-06   2.31E-05   3.07E-04

     Z      POCS       PNO3_NO    PNO3_NO2   PN2O       PHO2NO2_NO2PHO2NO2_NO3PN2O5_NO2  PN2O5_NO   
 2.50E+04   9.94E-12   1.06E-02   8.32E-02   4.45E-25   1.49E-06   3.73E-07   3.06E-10   1.00E-05
 1.75E+05   1.19E-11   1.08E-02   8.47E-02   8.24E-23   1.74E-06   4.34E-07   3.83E-10   1.14E-05
 3.25E+05   1.36E-11   1.10E-02   8.59E-02   9.83E-21   1.96E-06   4.89E-07   4.60E-10   1.27E-05
 4.75E+05   1.53E-11   1.12E-02   8.69E-02   6.73E-19   2.16E-06   5.40E-07   5.39E-10   1.39E-05
 6.25E+05   1.69E-11   1.14E-02   8.76E-02   2.63E-17   2.35E-06   5.87E-07   6.22E-10   1.50E-05
 7.75E+05   1.84E-11   1.15E-02   8.80E-02   6.24E-16   2.52E-06   6.30E-07   7.11E-10   1.60E-05
 9.25E+05   1.99E-11   1.17E-02   8.82E-02   9.53E-15   2.68E-06   6.69E-07   8.11E-10   1.69E-05
 1.08E+06   2.19E-11   1.19E-02   8.86E-02   1.00E-13   2.82E-06   7.06E-07   9.56E-10   1.77E-05
 1.22E+06   2.74E-11   1.20E-02   8.95E-02   7.13E-13   2.95E-06   7.38E-07   1.36E-09   1.84E-05
 1.38E+06   4.73E-11   1.21E-02   9.05E-02   3.61E-12   3.07E-06   7.69E-07   2.86E-09   1.91E-05
 1.52E+06   1.14E-10   1.23E-02   9.17E-02   1.43E-11   3.20E-06   8.01E-07   8.02E-09   1.97E-05
 1.68E+06   3.18E-10   1.24E-02   9.29E-02   4.78E-11   3.35E-06   8.38E-07   2.37E-08   2.04E-05
 1.82E+06   8.83E-10   1.26E-02   9.40E-02   1.40E-10   3.53E-06   8.83E-07   6.62E-08   2.11E-05
 1.98E+06   2.34E-09   1.27E-02   9.49E-02   3.70E-10   3.76E-06   9.42E-07   1.71E-07   2.18E-05
 2.12E+06   5.89E-09   1.27E-02   9.56E-02   8.93E-10   4.10E-06   1.03E-06   4.10E-07   2.25E-05
 2.28E+06   1.40E-08   1.28E-02   9.63E-02   1.98E-09   4.60E-06   1.16E-06   9.06E-07   2.34E-05
 2.42E+06   3.13E-08   1.28E-02   9.69E-02   4.05E-09   5.39E-06   1.37E-06   1.86E-06   2.44E-05
 2.58E+06   6.66E-08   1.29E-02   9.74E-02   7.68E-09   6.61E-06   1.69E-06   3.56E-06   2.55E-05
 2.72E+06   1.35E-07   1.29E-02   9.79E-02   1.35E-08   8.45E-06   2.19E-06   6.36E-06   2.69E-05
 2.88E+06   2.60E-07   1.29E-02   9.84E-02   2.22E-08   1.11E-05   2.91E-06   1.06E-05   2.84E-05
 3.02E+06   4.75E-07   1.29E-02   9.89E-02   3.42E-08   1.48E-05   3.91E-06   1.66E-05   3.01E-05
 3.18E+06   8.27E-07   1.30E-02   9.94E-02   4.94E-08   1.96E-05   5.21E-06   2.45E-05   3.21E-05
 3.32E+06   1.37E-06   1.30E-02   9.99E-02   6.76E-08   2.56E-05   6.82E-06   3.43E-05   3.42E-05
 3.48E+06   2.15E-06   1.30E-02   1.00E-01   8.82E-08   3.27E-05   8.74E-06   4.56E-05   3.66E-05
 3.62E+06   3.22E-06   1.30E-02   1.01E-01   1.11E-07   4.10E-05   1.10E-05   5.85E-05   3.90E-05
 3.78E+06   4.62E-06   1.30E-02   1.01E-01   1.34E-07   5.07E-05   1.35E-05   7.27E-05   4.17E-05
 3.92E+06   6.33E-06   1.30E-02   1.02E-01   1.57E-07   6.20E-05   1.65E-05   8.83E-05   4.45E-05
 4.08E+06   8.30E-06   1.30E-02   1.02E-01   1.80E-07   7.52E-05   2.00E-05   1.05E-04   4.75E-05
 4.22E+06   1.04E-05   1.30E-02   1.02E-01   2.01E-07   9.02E-05   2.39E-05   1.24E-04   5.06E-05
 4.38E+06   1.24E-05   1.30E-02   1.02E-01   2.19E-07   1.06E-04   2.80E-05   1.42E-04   5.37E-05
 4.52E+06   1.42E-05   1.30E-02   1.02E-01   2.34E-07   1.22E-04   3.21E-05   1.60E-04   5.65E-05
 4.68E+06   1.57E-05   1.30E-02   1.02E-01   2.46E-07   1.36E-04   3.57E-05   1.76E-04   5.90E-05
 4.82E+06   1.70E-05   1.30E-02   1.02E-01   2.56E-07   1.48E-04   3.89E-05   1.90E-04   6.11E-05
 4.98E+06   1.80E-05   1.30E-02   1.02E-01   2.66E-07   1.58E-04   4.16E-05   2.01E-04   6.28E-05
 5.12E+06   1.87E-05   1.30E-02   1.02E-01   2.74E-07   1.66E-04   4.37E-05   2.10E-04   6.41E-05
 5.28E+06   1.93E-05   1.30E-02   1.01E-01   2.82E-07   1.73E-04   4.53E-05   2.18E-04   6.50E-05
 5.42E+06   1.97E-05   1.30E-02   1.01E-01   2.89E-07   1.77E-04   4.66E-05   2.23E-04   6.58E-05
 5.58E+06   2.00E-05   1.30E-02   1.01E-01   2.96E-07   1.81E-04   4.75E-05   2.28E-04   6.63E-05
 5.72E+06   2.03E-05   1.30E-02   1.01E-01   3.02E-07   1.84E-04   4.83E-05   2.32E-04   6.67E-05
 5.88E+06   2.05E-05   1.30E-02   1.01E-01   3.08E-07   1.86E-04   4.88E-05   2.35E-04   6.69E-05
 6.02E+06   2.06E-05   1.30E-02   1.00E-01   3.14E-07   1.87E-04   4.93E-05   2.37E-04   6.71E-05
 6.18E+06   2.07E-05   1.30E-02   1.00E-01   3.19E-07   1.88E-04   4.96E-05   2.39E-04   6.72E-05
 6.32E+06   2.07E-05   1.30E-02   1.00E-01   3.24E-07   1.89E-04   4.98E-05   2.41E-04   6.73E-05
 6.48E+06   2.08E-05   1.30E-02   9.98E-02   3.29E-07   1.90E-04   5.00E-05   2.43E-04   6.74E-05
 6.62E+06   2.08E-05   1.30E-02   9.96E-02   3.33E-07   1.90E-04   5.02E-05   2.44E-04   6.74E-05
 6.78E+06   2.09E-05   1.31E-02   9.94E-02   3.38E-07   1.90E-04   5.03E-05   2.45E-04   6.75E-05
 6.92E+06   2.09E-05   1.31E-02   9.92E-02   3.44E-07   1.91E-04   5.04E-05   2.47E-04   6.75E-05
 7.08E+06   2.10E-05   1.31E-02   9.90E-02   3.54E-07   1.91E-04   5.05E-05   2.48E-04   6.75E-05
 7.22E+06   2.10E-05   1.31E-02   9.89E-02   3.68E-07   1.91E-04   5.05E-05   2.49E-04   6.75E-05
 7.38E+06   2.11E-05   1.31E-02   9.87E-02   3.89E-07   1.91E-04   5.06E-05   2.50E-04   6.75E-05
 7.52E+06   2.12E-05   1.31E-02   9.87E-02   4.19E-07   1.91E-04   5.06E-05   2.51E-04   6.75E-05
 7.68E+06   2.14E-05   1.31E-02   9.87E-02   4.56E-07   1.91E-04   5.06E-05   2.53E-04   6.75E-05
 7.82E+06   2.16E-05   1.31E-02   9.87E-02   4.99E-07   1.91E-04   5.07E-05   2.55E-04   6.75E-05
 7.98E+06   2.18E-05   1.31E-02   9.87E-02   5.45E-07   1.91E-04   5.07E-05   2.56E-04   6.75E-05
 8.12E+06   2.20E-05   1.31E-02   9.87E-02   5.93E-07   1.92E-04   5.07E-05   2.58E-04   6.75E-05
 8.28E+06   2.22E-05   1.31E-02   9.87E-02   6.40E-07   1.92E-04   5.07E-05   2.60E-04   6.75E-05
 8.42E+06   2.24E-05   1.31E-02   9.87E-02   6.88E-07   1.92E-04   5.07E-05   2.62E-04   6.75E-05
 8.58E+06   2.26E-05   1.31E-02   9.87E-02   7.36E-07   1.92E-04   5.07E-05   2.63E-04   6.75E-05
 8.72E+06   2.29E-05   1.31E-02   9.87E-02   7.89E-07   1.92E-04   5.07E-05   2.65E-04   6.75E-05
 8.88E+06   2.31E-05   1.31E-02   9.87E-02   8.49E-07   1.92E-04   5.07E-05   2.67E-04   6.75E-05
 9.02E+06   2.34E-05   1.31E-02   9.87E-02   9.23E-07   1.92E-04   5.07E-05   2.69E-04   6.75E-05
 9.18E+06   2.38E-05   1.31E-02   9.87E-02   1.02E-06   1.92E-04   5.07E-05   2.71E-04   6.75E-05
 9.32E+06   2.42E-05   1.31E-02   9.87E-02   1.14E-06   1.92E-04   5.08E-05   2.73E-04   6.75E-05
 9.48E+06   2.48E-05   1.31E-02   9.87E-02   1.30E-06   1.92E-04   5.08E-05   2.75E-04   6.75E-05
 9.62E+06   2.56E-05   1.31E-02   9.87E-02   1.49E-06   1.92E-04   5.08E-05   2.78E-04   6.75E-05
 9.78E+06   2.71E-05   1.31E-02   9.87E-02   1.72E-06   1.92E-04   5.08E-05   2.81E-04   6.75E-05
 9.92E+06   3.06E-05   1.31E-02   9.87E-02   2.03E-06   1.92E-04   5.08E-05   2.88E-04   6.75E-05
 N =   41  EMAX = 2.25E-10 FOR SO4AER  AT Z = 2.98E+06 U = 9.59E-10 RHS =-2.16E-19  DT = 3.36E+18  TIME = 8.41E+17

 TIME = 8.41E+17     TIMEY = 2.67E+10 YEARS

 NPHOT =   28

 MIXING RATIOS OF LONG-LIVED SPECIES


     Z        O        O2       H2O      H        OH       HO2      H2O2     H2       CO       HCO      H2CO     CH4      CH3      C2H6     NO       NO2      HNO      H2S     
  2.50E+04 5.62E-17 1.16E-01 1.13E-02 7.72E-21 4.48E-14 1.11E-11 1.09E-09 5.30E-07 1.10E-07 3.10E-22 2.42E-10 1.80E-06 2.77E-21 2.25E-26 2.20E-12 4.48E-12 1.64E-17 8.91E-12
  7.50E+04 6.44E-17 1.15E-01 9.43E-03 8.36E-21 4.80E-14 1.14E-11 1.15E-09 5.30E-07 1.07E-07 3.35E-22 2.40E-10 1.80E-06 2.78E-21 2.25E-26 2.39E-12 4.53E-12 1.64E-17 6.17E-12
  1.25E+05 7.48E-17 1.15E-01 7.92E-03 9.10E-21 5.20E-14 1.15E-11 1.18E-09 5.31E-07 1.04E-07 3.50E-22 2.28E-10 1.80E-06 2.82E-21 2.24E-26 2.65E-12 4.72E-12 1.41E-17 4.26E-12
  1.75E+05 8.75E-17 1.15E-01 6.51E-03 9.86E-21 5.63E-14 1.15E-11 1.19E-09 5.31E-07 1.01E-07 3.60E-22 2.14E-10 1.79E-06 2.84E-21 2.24E-26 3.00E-12 5.02E-12 1.14E-17 2.93E-12
  2.75E+05 1.22E-16 1.15E-01 4.20E-03 1.15E-20 6.57E-14 1.13E-11 1.16E-09 5.31E-07 9.61E-08 3.71E-22 1.85E-10 1.79E-06 2.85E-21 2.23E-26 3.99E-12 5.93E-12 7.04E-18 1.38E-12
  3.75E+05 1.71E-16 1.15E-01 2.54E-03 1.32E-20 7.57E-14 1.08E-11 1.03E-09 5.32E-07 9.12E-08 3.70E-22 1.57E-10 1.79E-06 2.79E-21 2.23E-26 5.47E-12 7.20E-12 4.27E-18 6.49E-13
  4.75E+05 2.37E-16 1.15E-01 1.41E-03 1.46E-20 8.39E-14 9.74E-12 8.63E-10 5.32E-07 8.67E-08 3.44E-22 1.26E-10 1.79E-06 2.56E-21 2.23E-26 7.32E-12 8.32E-12 2.53E-18 3.10E-13
  5.75E+05 3.18E-16 1.15E-01 7.01E-04 1.45E-20 8.44E-14 8.39E-12 6.80E-10 5.32E-07 8.28E-08 2.79E-22 9.32E-11 1.79E-06 2.05E-21 2.23E-26 8.52E-12 8.08E-12 1.37E-18 1.56E-13
  6.75E+05 4.16E-16 1.15E-01 3.07E-04 1.29E-20 7.56E-14 6.88E-12 5.12E-10 5.32E-07 7.94E-08 1.95E-22 6.15E-11 1.78E-06 1.39E-21 2.26E-26 8.49E-12 6.45E-12 6.80E-19 8.46E-14
  7.75E+05 5.34E-16 1.15E-01 1.18E-04 1.16E-20 6.94E-14 5.37E-12 3.67E-10 5.32E-07 7.65E-08 1.34E-22 3.91E-11 1.78E-06 9.29E-22 2.30E-26 9.79E-12 5.74E-12 4.09E-19 4.88E-14
  8.75E+05 6.76E-16 1.15E-01 4.00E-05 1.21E-20 7.35E-14 3.98E-12 2.53E-10 5.33E-07 7.39E-08 1.01E-22 2.62E-11 1.78E-06 6.86E-22 2.36E-26 1.53E-11 6.66E-12 3.40E-19 2.92E-14
  9.75E+05 8.47E-16 1.15E-01 1.20E-05 1.36E-20 8.34E-14 2.86E-12 1.72E-10 5.33E-07 7.17E-08 8.28E-23 1.85E-11 1.78E-06 5.22E-22 2.45E-26 2.52E-11 7.91E-12 3.09E-19 1.82E-14
  1.08E+06 1.21E-15 1.15E-01 6.48E-06 1.64E-20 9.46E-14 2.22E-12 1.14E-10 5.33E-07 6.95E-08 7.68E-23 1.46E-11 1.78E-06 5.02E-22 2.60E-26 3.73E-11 9.52E-12 2.49E-19 1.14E-14
  1.18E+06 2.18E-15 1.15E-01 4.30E-06 1.86E-20 9.86E-14 1.53E-12 5.35E-11 5.33E-07 6.54E-08 7.35E-23 1.21E-11 1.78E-06 5.26E-22 3.06E-26 5.74E-11 1.46E-11 1.56E-19 5.24E-15
  1.28E+06 4.44E-15 1.15E-01 4.10E-06 1.84E-20 9.11E-14 9.22E-13 1.75E-11 5.32E-07 5.97E-08 6.40E-23 9.34E-12 1.77E-06 5.00E-22 4.18E-26 9.00E-11 2.64E-11 7.93E-20 1.88E-15
  1.38E+06 1.05E-14 1.15E-01 4.12E-06 1.59E-20 7.65E-14 5.03E-13 3.73E-12 5.32E-07 5.22E-08 5.21E-23 6.77E-12 1.76E-06 4.50E-22 6.90E-26 1.47E-10 5.93E-11 3.37E-20 5.25E-16
  1.48E+06 2.44E-14 1.15E-01 4.16E-06 1.55E-20 7.36E-14 3.57E-13 8.53E-13 5.31E-07 4.43E-08 5.10E-23 5.69E-12 1.74E-06 4.83E-22 1.18E-25 2.21E-10 1.24E-10 1.85E-20 1.26E-16
  1.58E+06 5.34E-14 1.15E-01 4.21E-06 1.73E-20 8.15E-14 3.31E-13 4.09E-13 5.29E-07 3.67E-08 5.94E-23 5.57E-12 1.71E-06 6.10E-22 1.93E-25 3.06E-10 2.26E-10 2.36E-20 2.73E-17
  1.68E+06 1.11E-13 1.15E-01 4.28E-06 2.07E-20 9.78E-14 3.62E-13 3.63E-13 5.26E-07 3.00E-08 7.61E-23 5.92E-12 1.68E-06 8.44E-22 3.04E-25 3.99E-10 3.71E-10 3.97E-20 5.12E-18
  1.78E+06 2.16E-13 1.15E-01 4.37E-06 2.65E-20 1.24E-13 4.42E-13 4.28E-13 5.23E-07 2.44E-08 1.03E-22 6.63E-12 1.63E-06 1.24E-21 4.55E-25 5.00E-10 5.49E-10 6.05E-20 8.66E-19
  1.88E+06 4.02E-13 1.15E-01 4.47E-06 3.61E-20 1.65E-13 5.82E-13 5.87E-13 5.19E-07 2.01E-08 1.46E-22 7.67E-12 1.58E-06 1.88E-21 6.57E-25 6.10E-10 7.62E-10 7.63E-20 1.30E-19
  1.98E+06 7.22E-13 1.15E-01 4.58E-06 5.20E-20 2.26E-13 8.04E-13 8.84E-13 5.14E-07 1.68E-08 2.13E-22 9.07E-12 1.53E-06 2.94E-21 9.23E-25 7.33E-10 1.01E-09 7.44E-20 1.73E-20
  2.08E+06 1.26E-12 1.15E-01 4.70E-06 7.98E-20 3.18E-13 1.15E-12 1.41E-12 5.08E-07 1.45E-08 3.16E-22 1.09E-11 1.47E-06 4.71E-21 1.27E-24 8.74E-10 1.28E-09 6.32E-20 2.11E-21
  2.18E+06 2.14E-12 1.15E-01 4.82E-06 1.29E-19 4.58E-13 1.67E-12 2.30E-12 5.02E-07 1.29E-08 4.78E-22 1.32E-11 1.42E-06 7.66E-21 1.72E-24 1.04E-09 1.59E-09 5.48E-20 2.46E-22
  2.28E+06 3.56E-12 1.15E-01 4.94E-06 2.18E-19 6.72E-13 2.43E-12 3.75E-12 4.95E-07 1.18E-08 7.33E-22 1.60E-11 1.36E-06 1.26E-20 2.32E-24 1.24E-09 1.95E-09 5.06E-20 4.92E-23
  2.38E+06 5.84E-12 1.15E-01 5.06E-06 3.82E-19 9.98E-13 3.55E-12 6.04E-12 4.88E-07 1.11E-08 1.13E-21 1.94E-11 1.30E-06 2.09E-20 3.16E-24 1.48E-09 2.35E-09 5.18E-20 3.38E-23
  2.48E+06 9.43E-12 1.15E-01 5.18E-06 6.93E-19 1.49E-12 5.14E-12 9.49E-12 4.80E-07 1.06E-08 1.76E-21 2.34E-11 1.24E-06 3.49E-20 4.33E-24 1.76E-09 2.79E-09 6.02E-20 3.40E-23
  2.58E+06 1.50E-11 1.15E-01 5.30E-06 1.30E-18 2.22E-12 7.35E-12 1.44E-11 4.71E-07 1.03E-08 2.74E-21 2.79E-11 1.19E-06 5.83E-20 6.04E-24 2.10E-09 3.25E-09 7.83E-20 3.36E-23
  2.68E+06 2.37E-11 1.15E-01 5.42E-06 2.49E-18 3.29E-12 1.03E-11 2.08E-11 4.62E-07 1.02E-08 4.23E-21 3.28E-11 1.13E-06 9.71E-20 8.60E-24 2.49E-09 3.73E-09 1.10E-19 3.12E-23
  2.78E+06 3.70E-11 1.15E-01 5.54E-06 4.93E-18 4.78E-12 1.42E-11 2.86E-11 4.52E-07 1.01E-08 6.43E-21 3.80E-11 1.07E-06 1.61E-19 1.25E-23 2.93E-09 4.19E-09 1.59E-19 2.73E-23
  2.88E+06 5.74E-11 1.15E-01 5.67E-06 9.96E-18 6.82E-12 1.90E-11 3.72E-11 4.42E-07 1.02E-08 9.61E-21 4.34E-11 1.02E-06 2.63E-19 1.86E-23 3.41E-09 4.60E-09 2.33E-19 2.27E-23
  2.98E+06 8.84E-11 1.15E-01 5.79E-06 2.05E-17 9.50E-12 2.46E-11 4.58E-11 4.32E-07 1.03E-08 1.40E-20 4.87E-11 9.59E-07 4.27E-19 2.83E-23 3.94E-09 4.94E-09 3.41E-19 1.79E-23
  3.08E+06 1.36E-10 1.15E-01 5.91E-06 4.29E-17 1.29E-11 3.10E-11 5.34E-11 4.21E-07 1.05E-08 2.01E-20 5.38E-11 9.02E-07 6.85E-19 4.39E-23 4.48E-09 5.18E-09 4.92E-19 1.34E-23
  3.18E+06 2.07E-10 1.15E-01 6.03E-06 9.05E-17 1.71E-11 3.81E-11 5.95E-11 4.10E-07 1.08E-08 2.81E-20 5.89E-11 8.47E-07 1.09E-18 6.87E-23 5.02E-09 5.29E-09 7.00E-19 9.89E-24
  3.28E+06 3.15E-10 1.15E-01 6.15E-06 1.92E-16 2.24E-11 4.57E-11 6.35E-11 3.99E-07 1.11E-08 3.85E-20 6.36E-11 7.93E-07 1.71E-18 1.09E-22 5.54E-09 5.26E-09 9.79E-19 7.14E-24
  3.38E+06 4.80E-10 1.15E-01 6.26E-06 4.10E-16 2.88E-11 5.35E-11 6.53E-11 3.87E-07 1.15E-08 5.19E-20 6.79E-11 7.40E-07 2.66E-18 1.73E-22 6.00E-09 5.08E-09 1.35E-18 5.12E-24
  3.48E+06 7.27E-10 1.15E-01 6.37E-06 8.77E-16 3.68E-11 6.15E-11 6.49E-11 3.77E-07 1.18E-08 6.93E-20 7.19E-11 6.88E-07 4.10E-18 2.75E-22 6.42E-09 4.76E-09 1.83E-18 3.73E-24
  3.58E+06 1.10E-09 1.15E-01 6.48E-06 1.89E-15 4.70E-11 6.95E-11 6.25E-11 3.67E-07 1.21E-08 9.18E-20 7.53E-11 6.39E-07 6.27E-18 4.37E-22 6.76E-09 4.34E-09 2.45E-18 2.80E-24
  3.68E+06 1.67E-09 1.15E-01 6.58E-06 4.09E-15 6.01E-11 7.72E-11 5.86E-11 3.58E-07 1.23E-08 1.21E-19 7.82E-11 5.93E-07 9.56E-18 6.86E-22 7.06E-09 3.84E-09 3.26E-18 2.21E-24
  3.78E+06 2.52E-09 1.15E-01 6.67E-06 8.89E-15 7.71E-11 8.48E-11 5.38E-11 3.50E-07 1.25E-08 1.60E-19 8.06E-11 5.50E-07 1.45E-17 1.07E-21 7.29E-09 3.29E-09 4.32E-18 1.84E-24
  3.88E+06 3.80E-09 1.15E-01 6.75E-06 1.94E-14 9.90E-11 9.23E-11 4.89E-11 3.44E-07 1.26E-08 2.10E-19 8.21E-11 5.10E-07 2.18E-17 1.65E-21 7.46E-09 2.71E-09 5.67E-18 1.61E-24
  3.98E+06 5.71E-09 1.15E-01 6.82E-06 4.18E-14 1.26E-10 1.00E-10 4.45E-11 3.41E-07 1.27E-08 2.74E-19 8.25E-11 4.74E-07 3.24E-17 2.51E-21 7.57E-09 2.14E-09 7.33E-18 1.45E-24
  4.08E+06 8.49E-09 1.15E-01 6.88E-06 8.83E-14 1.59E-10 1.09E-10 4.09E-11 3.39E-07 1.27E-08 3.50E-19 8.16E-11 4.42E-07 4.70E-17 3.76E-21 7.59E-09 1.61E-09 9.22E-18 1.36E-24
  4.18E+06 1.24E-08 1.15E-01 6.93E-06 1.79E-13 1.95E-10 1.18E-10 3.81E-11 3.40E-07 1.28E-08 4.32E-19 7.90E-11 4.13E-07 6.58E-17 5.56E-21 7.50E-09 1.17E-09 1.12E-17 1.32E-24
  4.28E+06 1.76E-08 1.15E-01 6.97E-06 3.41E-13 2.33E-10 1.27E-10 3.62E-11 3.45E-07 1.28E-08 5.15E-19 7.50E-11 3.89E-07 8.82E-17 8.07E-21 7.29E-09 8.17E-10 1.29E-17 1.33E-24
  4.38E+06 2.42E-08 1.15E-01 7.01E-06 6.11E-13 2.69E-10 1.37E-10 3.48E-11 3.52E-07 1.29E-08 5.89E-19 6.99E-11 3.68E-07 1.13E-16 1.16E-20 7.01E-09 5.59E-10 1.44E-17 1.37E-24
  4.48E+06 3.22E-08 1.15E-01 7.03E-06 1.03E-12 3.02E-10 1.47E-10 3.36E-11 3.62E-07 1.31E-08 6.49E-19 6.44E-11 3.50E-07 1.39E-16 1.64E-20 6.66E-09 3.78E-10 1.54E-17 1.44E-24
  4.58E+06 4.16E-08 1.15E-01 7.04E-06 1.65E-12 3.32E-10 1.57E-10 3.27E-11 3.76E-07 1.33E-08 6.93E-19 5.87E-11 3.35E-07 1.64E-16 2.36E-20 6.26E-09 2.54E-10 1.59E-17 1.54E-24
  4.68E+06 5.24E-08 1.15E-01 7.04E-06 2.52E-12 3.59E-10 1.66E-10 3.17E-11 3.92E-07 1.37E-08 7.23E-19 5.32E-11 3.23E-07 1.88E-16 3.39E-20 5.86E-09 1.71E-10 1.61E-17 1.64E-24
  4.78E+06 6.47E-08 1.15E-01 7.04E-06 3.74E-12 3.82E-10 1.74E-10 3.06E-11 4.12E-07 1.44E-08 7.44E-19 4.83E-11 3.12E-07 2.14E-16 4.91E-20 5.45E-09 1.16E-10 1.60E-17 1.74E-24
  4.88E+06 7.87E-08 1.15E-01 7.03E-06 5.41E-12 4.03E-10 1.82E-10 2.94E-11 4.33E-07 1.53E-08 7.59E-19 4.37E-11 3.04E-07 2.42E-16 7.15E-20 5.06E-09 7.95E-11 1.56E-17 1.81E-24
  4.98E+06 9.46E-08 1.15E-01 7.02E-06 7.68E-12 4.21E-10 1.89E-10 2.81E-11 4.58E-07 1.66E-08 7.70E-19 3.96E-11 2.96E-07 2.72E-16 1.03E-19 4.69E-09 5.49E-11 1.52E-17 1.87E-24
  5.08E+06 1.13E-07 1.15E-01 7.00E-06 1.08E-11 4.39E-10 1.96E-10 2.68E-11 4.84E-07 1.84E-08 7.77E-19 3.59E-11 2.90E-07 3.04E-16 1.48E-19 4.34E-09 3.83E-11 1.46E-17 1.90E-24
  5.18E+06 1.33E-07 1.15E-01 6.97E-06 1.49E-11 4.56E-10 2.03E-10 2.55E-11 5.14E-07 2.07E-08 7.82E-19 3.26E-11 2.84E-07 3.40E-16 2.09E-19 4.02E-09 2.69E-11 1.40E-17 1.92E-24
  5.28E+06 1.57E-07 1.15E-01 6.95E-06 2.06E-11 4.72E-10 2.10E-10 2.43E-11 5.46E-07 2.37E-08 7.85E-19 2.95E-11 2.79E-07 3.80E-16 2.92E-19 3.72E-09 1.91E-11 1.34E-17 1.93E-24
  5.38E+06 1.84E-07 1.15E-01 6.91E-06 2.83E-11 4.90E-10 2.17E-10 2.31E-11 5.81E-07 2.75E-08 7.87E-19 2.67E-11 2.75E-07 4.24E-16 4.01E-19 3.44E-09 1.36E-11 1.29E-17 1.93E-24
  5.48E+06 2.15E-07 1.15E-01 6.88E-06 3.88E-11 5.08E-10 2.25E-10 2.21E-11 6.20E-07 3.23E-08 7.88E-19 2.42E-11 2.71E-07 4.72E-16 5.44E-19 3.18E-09 9.83E-12 1.23E-17 1.94E-24
  5.58E+06 2.50E-07 1.15E-01 6.84E-06 5.31E-11 5.28E-10 2.33E-10 2.13E-11 6.62E-07 3.83E-08 7.89E-19 2.19E-11 2.67E-07 5.25E-16 7.28E-19 2.94E-09 7.14E-12 1.18E-17 1.95E-24
  5.68E+06 2.90E-07 1.15E-01 6.79E-06 7.26E-11 5.50E-10 2.43E-10 2.05E-11 7.07E-07 4.57E-08 7.87E-19 1.98E-11 2.63E-07 5.82E-16 9.61E-19 2.71E-09 5.23E-12 1.14E-17 1.98E-24
  5.78E+06 3.35E-07 1.15E-01 6.74E-06 9.94E-11 5.75E-10 2.53E-10 1.99E-11 7.58E-07 5.47E-08 7.85E-19 1.79E-11 2.59E-07 6.44E-16 1.25E-18 2.51E-09 3.87E-12 1.10E-17 2.03E-24
  5.88E+06 3.85E-07 1.15E-01 6.69E-06 1.36E-10 6.02E-10 2.65E-10 1.95E-11 8.12E-07 6.56E-08 7.81E-19 1.61E-11 2.55E-07 7.11E-16 1.61E-18 2.32E-09 2.90E-12 1.06E-17 2.11E-24
  5.98E+06 4.42E-07 1.15E-01 6.63E-06 1.87E-10 6.33E-10 2.79E-10 1.92E-11 8.72E-07 7.89E-08 7.75E-19 1.45E-11 2.51E-07 7.80E-16 2.06E-18 2.14E-09 2.20E-12 1.03E-17 2.21E-24
  6.08E+06 5.05E-07 1.15E-01 6.56E-06 2.57E-10 6.67E-10 2.94E-10 1.90E-11 9.38E-07 9.47E-08 7.68E-19 1.31E-11 2.47E-07 8.53E-16 2.60E-18 1.98E-09 1.68E-12 1.00E-17 2.35E-24
  6.18E+06 5.77E-07 1.15E-01 6.49E-06 3.53E-10 7.05E-10 3.11E-10 1.90E-11 1.01E-06 1.14E-07 7.60E-19 1.17E-11 2.42E-07 9.26E-16 3.25E-18 1.83E-09 1.31E-12 9.83E-18 2.53E-24
  6.28E+06 6.58E-07 1.15E-01 6.41E-06 4.87E-10 7.48E-10 3.31E-10 1.91E-11 1.09E-06 1.36E-07 7.53E-19 1.05E-11 2.37E-07 1.00E-15 4.03E-18 1.70E-09 1.04E-12 9.67E-18 2.75E-24
  6.38E+06 7.48E-07 1.15E-01 6.32E-06 6.75E-10 7.97E-10 3.53E-10 1.93E-11 1.18E-06 1.63E-07 7.49E-19 9.44E-12 2.32E-07 1.08E-15 4.96E-18 1.58E-09 8.31E-13 9.56E-18 3.03E-24
  6.48E+06 8.50E-07 1.15E-01 6.22E-06 9.38E-10 8.53E-10 3.79E-10 1.98E-11 1.27E-06 1.95E-07 7.64E-19 8.55E-12 2.27E-07 1.16E-15 6.06E-18 1.47E-09 6.78E-13 9.53E-18 3.41E-24
  6.58E+06 9.60E-07 1.15E-01 6.11E-06 1.31E-09 9.20E-10 4.10E-10 2.08E-11 1.38E-06 2.32E-07 8.33E-19 7.99E-12 2.21E-07 1.27E-15 7.36E-18 1.37E-09 5.67E-13 9.61E-18 3.97E-24
  6.68E+06 1.07E-06 1.15E-01 6.00E-06 1.85E-09 1.01E-09 4.52E-10 2.26E-11 1.50E-06 2.77E-07 1.05E-18 8.08E-12 2.15E-07 1.50E-15 8.88E-18 1.28E-09 4.90E-13 9.89E-18 4.92E-24
  6.78E+06 1.18E-06 1.15E-01 5.86E-06 2.63E-09 1.13E-09 5.12E-10 2.59E-11 1.62E-06 3.28E-07 1.61E-18 9.38E-12 2.08E-07 2.02E-15 1.07E-17 1.20E-09 4.44E-13 1.05E-17 6.72E-24
  6.88E+06 1.27E-06 1.15E-01 5.72E-06 3.80E-09 1.32E-09 6.00E-10 3.16E-11 1.77E-06 3.89E-07 2.87E-18 1.28E-11 2.00E-07 3.20E-15 1.28E-17 1.13E-09 4.29E-13 1.16E-17 1.02E-23
  6.98E+06 1.33E-06 1.15E-01 5.56E-06 5.59E-09 1.57E-09 7.28E-10 4.06E-11 1.93E-06 4.60E-07 5.41E-18 1.95E-11 1.91E-07 5.70E-15 1.52E-17 1.08E-09 4.40E-13 1.34E-17 1.71E-23
  7.08E+06 1.40E-06 1.15E-01 5.38E-06 8.34E-09 1.92E-09 9.00E-10 5.36E-11 2.10E-06 5.43E-07 1.01E-17 3.05E-11 1.82E-07 1.05E-14 1.80E-17 1.03E-09 4.69E-13 1.58E-17 2.96E-23
  7.18E+06 1.48E-06 1.15E-01 5.18E-06 1.26E-08 2.37E-09 1.12E-09 7.08E-11 2.29E-06 6.40E-07 1.79E-17 4.66E-11 1.72E-07 1.89E-14 2.12E-17 9.90E-10 5.05E-13 1.88E-17 5.02E-23
  7.28E+06 1.60E-06 1.15E-01 4.96E-06 1.93E-08 2.89E-09 1.37E-09 9.10E-11 2.50E-06 7.54E-07 3.01E-17 6.77E-11 1.62E-07 3.20E-14 2.48E-17 9.60E-10 5.34E-13 2.24E-17 7.98E-23
  7.38E+06 1.79E-06 1.15E-01 4.73E-06 3.00E-08 3.48E-09 1.64E-09 1.12E-10 2.72E-06 8.85E-07 4.79E-17 9.28E-11 1.51E-07 5.00E-14 2.85E-17 9.40E-10 5.44E-13 2.65E-17 1.15E-22
  7.48E+06 2.08E-06 1.15E-01 4.47E-06 4.75E-08 4.07E-09 1.91E-09 1.30E-10 2.96E-06 1.04E-06 7.26E-17 1.20E-10 1.40E-07 7.19E-14 3.21E-17 9.29E-10 5.18E-13 3.05E-17 1.47E-22
  7.58E+06 2.52E-06 1.15E-01 4.19E-06 7.53E-08 4.63E-09 2.14E-09 1.42E-10 3.21E-06 1.21E-06 1.04E-16 1.47E-10 1.28E-07 9.41E-14 3.50E-17 9.26E-10 4.68E-13 3.45E-17 1.68E-22
  7.68E+06 3.07E-06 1.15E-01 3.90E-06 1.20E-07 5.23E-09 2.39E-09 1.51E-10 3.47E-06 1.41E-06 1.43E-16 1.71E-10 1.17E-07 1.14E-13 3.67E-17 9.32E-10 4.16E-13 3.91E-17 1.85E-22
  7.78E+06 3.82E-06 1.15E-01 3.59E-06 1.99E-07 6.04E-09 2.70E-09 1.52E-10 3.72E-06 1.64E-06 1.89E-16 1.88E-10 1.05E-07 1.28E-13 3.69E-17 9.47E-10 3.68E-13 4.56E-17 1.90E-22
  7.88E+06 5.88E-06 1.15E-01 3.27E-06 3.55E-07 6.15E-09 2.68E-09 1.26E-10 3.95E-06 1.89E-06 2.39E-16 1.88E-10 9.43E-08 1.12E-13 3.55E-17 9.73E-10 2.44E-13 4.69E-17 1.24E-22
  7.98E+06 1.39E-05 1.15E-01 2.93E-06 6.33E-07 4.27E-09 1.76E-09 7.28E-11 4.12E-06 2.18E-06 3.04E-16 1.55E-10 8.41E-08 6.12E-14 3.30E-17 1.01E-09 8.23E-14 3.18E-17 3.22E-23
  8.08E+06 3.85E-05 1.15E-01 2.59E-06 1.01E-06 2.49E-09 8.99E-10 3.21E-11 4.23E-06 2.48E-06 3.83E-16 9.73E-11 7.44E-08 2.70E-14 3.01E-17 1.05E-09 2.10E-14 1.67E-17 4.32E-24
  8.18E+06 9.61E-05 1.15E-01 2.27E-06 1.44E-06 1.55E-09 4.46E-10 1.24E-11 4.30E-06 2.81E-06 4.53E-16 5.28E-11 6.53E-08 1.26E-14 2.69E-17 1.12E-09 7.53E-15 8.78E-18 4.02E-25
  8.28E+06 2.09E-04 1.14E-01 1.97E-06 1.88E-06 1.06E-09 2.31E-10 4.38E-12 4.35E-06 3.16E-06 5.08E-16 2.90E-11 5.69E-08 6.60E-15 2.37E-17 1.23E-09 4.51E-15 4.94E-18 2.85E-26
  8.38E+06 4.06E-04 1.14E-01 1.69E-06 2.29E-06 7.86E-10 1.26E-10 1.45E-12 4.37E-06 3.52E-06 5.50E-16 1.70E-11 4.93E-08 3.79E-15 2.04E-17 1.38E-09 3.70E-15 3.01E-18 1.61E-27
  8.48E+06 7.19E-04 1.14E-01 1.44E-06 2.68E-06 6.07E-10 7.13E-11 4.49E-13 4.39E-06 3.89E-06 5.75E-16 1.07E-11 4.24E-08 2.35E-15 1.72E-17 1.58E-09 3.46E-15 1.96E-18 7.87E-29
  8.58E+06 1.18E-03 1.14E-01 1.22E-06 3.02E-06 4.80E-10 4.21E-11 1.30E-13 4.39E-06 4.28E-06 5.82E-16 7.09E-12 3.63E-08 1.55E-15 1.41E-17 1.85E-09 3.42E-15 1.36E-18 4.24E-30
  8.68E+06 1.83E-03 1.13E-01 1.03E-06 3.33E-06 3.85E-10 2.57E-11 3.53E-14 4.39E-06 4.67E-06 5.72E-16 4.93E-12 3.08E-08 1.07E-15 1.14E-17 2.18E-09 3.44E-15 9.82E-19 3.51E-31
  8.78E+06 2.69E-03 1.12E-01 8.59E-07 3.59E-06 3.10E-10 1.62E-11 9.05E-15 4.39E-06 5.07E-06 5.47E-16 3.56E-12 2.61E-08 7.71E-16 8.95E-18 2.55E-09 3.46E-15 7.29E-19 4.54E-32
  8.88E+06 3.78E-03 1.12E-01 7.14E-07 3.82E-06 2.50E-10 1.05E-11 2.23E-15 4.38E-06 5.47E-06 5.11E-16 2.67E-12 2.19E-08 5.76E-16 6.92E-18 2.94E-09 3.42E-15 5.46E-19 7.65E-33
  8.98E+06 5.13E-03 1.11E-01 5.91E-07 4.02E-06 2.01E-10 6.96E-12 5.43E-16 4.37E-06 5.87E-06 4.69E-16 2.05E-12 1.84E-08 4.43E-16 5.26E-18 3.28E-09 3.29E-15 4.08E-19 1.53E-33
  9.08E+06 6.74E-03 1.10E-01 4.87E-07 4.19E-06 1.61E-10 4.71E-12 1.35E-16 4.36E-06 6.27E-06 4.25E-16 1.62E-12 1.53E-08 3.50E-16 3.96E-18 3.53E-09 3.05E-15 3.01E-19 3.50E-34
  9.18E+06 8.62E-03 1.08E-01 4.00E-07 4.34E-06 1.28E-10 3.25E-12 3.63E-17 4.34E-06 6.66E-06 3.83E-16 1.31E-12 1.28E-08 2.82E-16 2.95E-18 3.68E-09 2.74E-15 2.19E-19 9.02E-35
  9.28E+06 1.08E-02 1.07E-01 3.28E-07 4.46E-06 1.02E-10 2.28E-12 1.09E-17 4.33E-06 7.03E-06 3.44E-16 1.08E-12 1.06E-08 2.32E-16 2.18E-18 3.74E-09 2.39E-15 1.58E-19 2.58E-35
  9.38E+06 1.31E-02 1.05E-01 2.68E-07 4.56E-06 8.03E-11 1.63E-12 3.72E-18 4.32E-06 7.39E-06 3.10E-16 9.09E-13 8.88E-09 1.95E-16 1.62E-18 3.73E-09 2.05E-15 1.14E-19 8.06E-36
  9.48E+06 1.57E-02 1.04E-01 2.20E-07 4.65E-06 6.30E-11 1.17E-12 1.43E-18 4.30E-06 7.72E-06 2.82E-16 7.82E-13 7.44E-09 1.68E-16 1.20E-18 3.68E-09 1.75E-15 8.24E-20 2.74E-36
  9.58E+06 1.85E-02 1.02E-01 1.82E-07 4.72E-06 4.91E-11 8.60E-13 6.06E-19 4.29E-06 8.03E-06 2.60E-16 6.91E-13 6.31E-09 1.48E-16 9.04E-19 3.62E-09 1.48E-15 6.04E-20 1.00E-36
  9.68E+06 2.14E-02 1.00E-01 1.52E-07 4.78E-06 3.81E-11 6.38E-13 2.74E-19 4.28E-06 8.29E-06 2.46E-16 6.32E-13 5.46E-09 1.36E-16 6.96E-19 3.55E-09 1.25E-15 4.48E-20 3.95E-37
  9.78E+06 2.43E-02 9.82E-02 1.31E-07 4.83E-06 2.95E-11 4.80E-13 1.32E-19 4.27E-06 8.50E-06 2.43E-16 6.06E-13 4.86E-09 1.30E-16 5.56E-19 3.47E-09 1.06E-15 3.37E-20 1.68E-37
  9.88E+06 2.71E-02 9.64E-02 1.18E-07 4.87E-06 2.27E-11 3.68E-13 6.84E-20 4.26E-06 8.66E-06 2.54E-16 6.25E-13 4.51E-09 1.34E-16 4.72E-19 3.41E-09 8.93E-16 2.58E-20 7.83E-38
  9.98E+06 2.93E-02 9.48E-02 1.13E-07 4.89E-06 1.76E-11 2.91E-13 4.37E-20 4.25E-06 8.75E-06 3.00E-16 7.52E-13 4.43E-09 1.61E-16 4.34E-19 3.35E-09 7.58E-16 2.03E-20 4.30E-38

 TP, TL
           2.37E+15 2.47E+15 4.25E+10 3.05E+12 3.71E+12 2.73E+12 8.31E+10 5.07E+10 1.07E+11 5.61E+10 1.09E+11 4.36E+02 1.09E+11 2.98E-02 2.73E+13 2.73E+13 2.47E+05 6.51E+05
           2.37E+15 2.47E+15 3.13E+10 3.05E+12 3.71E+12 2.73E+12 7.77E+10 3.51E+10 2.59E+11 5.61E+10 1.08E+11 1.09E+11 1.09E+11 2.98E-02 2.73E+13 2.73E+13 2.46E+05 2.01E+08

     Z        HS       S        SO       SO2      H2SO4    HSO      S2       S4       S8       SO3      OCS      S3       O3       HNO3     N        NO3      N2O      HO2NO2  
  2.50E+04 2.10E-17 3.36E-32 2.46E-19 6.55E-11 4.06E-12 5.30E-13 4.14E-36 2.31E-62 9.75-106 1.67E-21 4.44E-22 8.06E-60 1.25E-08 2.55E-11 2.40-190 3.86E-16 3.00E-07 9.62E-14
  7.50E+04 1.52E-17 1.76E-32 2.28E-19 1.01E-10 6.17E-12 5.11E-13 2.63E-36 8.32E-63 9.75-106 3.40E-21 4.44E-22 2.37E-60 1.32E-08 2.84E-11 9.13-184 3.71E-16 3.00E-07 1.37E-13
  1.25E+05 1.11E-17 9.29E-33 1.99E-19 1.31E-10 8.34E-12 4.14E-13 1.42E-36 2.17E-63 9.75-106 5.78E-21 4.44E-22 5.96E-61 1.40E-08 3.20E-11 2.94-177 3.73E-16 3.00E-07 2.02E-13
  1.75E+05 7.96E-18 4.80E-33 1.67E-19 1.59E-10 1.06E-11 3.11E-13 6.98E-37 4.71E-64 9.75-106 9.39E-21 4.44E-22 1.34E-61 1.51E-08 3.66E-11 7.96-171 3.86E-16 3.00E-07 3.09E-13
  2.75E+05 4.03E-18 1.22E-33 1.13E-19 2.08E-10 1.51E-11 1.60E-13 1.43E-37 1.57E-65 9.75-106 2.35E-20 4.43E-22 5.45E-63 1.78E-08 4.73E-11 3.40-158 4.38E-16 3.00E-07 7.81E-13
  3.75E+05 1.99E-18 2.96E-34 7.41E-20 2.54E-10 1.94E-11 7.88E-14 2.50E-38 3.88E-67 9.75-106 6.01E-20 4.43E-22 1.82E-64 2.12E-08 5.80E-11 6.77-146 5.10E-16 3.00E-07 2.06E-12
  4.75E+05 9.60E-19 6.89E-35 4.88E-20 3.00E-10 2.28E-11 3.86E-14 3.96E-39 7.79E-69 9.75-106 1.56E-19 4.43E-22 5.29E-66 2.51E-08 6.64E-11 5.96-134 5.66E-16 3.00E-07 5.70E-12
  5.75E+05 4.45E-19 1.49E-35 3.19E-20 3.49E-10 2.45E-11 1.98E-14 5.78E-40 1.33E-70 9.75-106 4.04E-19 4.42E-22 1.32E-67 2.93E-08 7.12E-11 2.09-122 5.70E-16 3.00E-07 1.44E-11
  6.75E+05 2.00E-19 3.06E-36 2.11E-20 4.01E-10 2.43E-11 1.08E-14 7.86E-41 1.98E-72 9.75-106 1.04E-18 4.42E-22 2.93E-69 3.38E-08 7.31E-11 2.56-111 5.48E-16 2.99E-07 2.69E-11
  7.75E+05 9.85E-20 7.73E-37 1.59E-20 4.51E-10 2.39E-11 6.25E-15 1.01E-41 2.64E-74 9.75-106 3.10E-18 4.41E-22 7.57E-71 3.85E-08 7.50E-11 9.41-101 5.70E-16 2.99E-07 3.65E-11
  8.75E+05 5.85E-20 3.07E-37 1.51E-20 4.95E-10 2.50E-11 3.70E-15 1.27E-42 3.30E-76 9.75-106 1.18E-17 4.41E-22 2.97E-72 4.36E-08 7.82E-11 8.91E-91 6.37E-16 2.99E-07 3.88E-11
  9.75E+05 3.91E-20 2.59E-37 1.79E-20 5.33E-10 2.70E-11 2.27E-15 1.67E-43 4.56E-78 9.75-106 5.31E-17 4.41E-22 2.61E-73 4.89E-08 8.32E-11 1.87E-81 7.36E-16 2.99E-07 3.57E-11
  1.08E+06 2.55E-20 8.77E-37 2.42E-20 5.79E-10 2.88E-11 1.41E-15 4.80E-44 2.84E-79 9.75-106 1.37E-16 4.40E-22 1.90E-73 5.58E-08 9.22E-11 7.33E-73 8.07E-16 2.99E-07 3.09E-11
  1.18E+06 9.87E-21 8.91E-36 6.12E-20 6.91E-10 3.02E-11 6.64E-16 1.09E-43 1.06E-78 9.75-106 3.75E-16 4.38E-22 3.16E-72 7.38E-08 1.23E-10 4.81E-65 8.96E-16 2.98E-07 2.64E-11
  1.28E+06 2.36E-21 1.48E-34 2.74E-19 8.92E-10 2.99E-11 2.46E-16 3.46E-43 7.77E-78 9.75-106 4.95E-16 4.34E-22 1.21E-70 1.10E-07 1.92E-10 3.18E-58 1.09E-15 2.97E-07 2.47E-11
  1.38E+06 3.46E-22 2.20E-33 1.24E-18 1.22E-09 2.83E-11 7.14E-17 6.24E-43 1.83E-77 9.74-106 6.04E-16 4.26E-22 2.32E-69 1.87E-07 3.55E-10 2.48E-52 1.59E-15 2.94E-07 2.68E-11
  1.48E+06 5.00E-23 2.41E-32 4.58E-18 1.55E-09 2.78E-11 2.81E-17 8.24E-43 2.29E-77 9.74-106 8.21E-16 4.12E-22 2.40E-68 3.11E-07 6.30E-10 2.70E-47 2.82E-15 2.89E-07 3.30E-11
  1.58E+06 7.90E-24 1.93E-31 1.35E-17 1.73E-09 2.75E-11 3.10E-17 9.35E-43 2.12E-77 9.73-106 1.16E-15 3.92E-22 1.57E-67 4.85E-07 1.03E-09 5.39E-43 5.32E-15 2.81E-07 4.33E-11
  1.68E+06 1.37E-24 1.18E-30 3.22E-17 1.69E-09 2.57E-11 4.93E-17 1.19E-42 2.48E-77 9.72-106 1.56E-15 3.65E-22 8.77E-67 7.11E-07 1.55E-09 2.61E-39 9.73E-15 2.71E-07 5.85E-11
  1.78E+06 5.73E-25 5.60E-30 6.27E-17 1.43E-09 2.20E-11 7.25E-17 2.82E-42 9.95E-77 9.70-106 1.94E-15 3.33E-22 7.03E-66 9.81E-07 2.15E-09 3.86E-36 1.64E-14 2.59E-07 7.79E-11
  1.88E+06 8.50E-25 1.99E-29 9.63E-17 1.01E-09 1.63E-11 8.89E-17 8.95E-42 7.19E-76 9.69-106 2.11E-15 2.97E-22 5.69E-65 1.29E-06 2.80E-09 2.09E-33 2.58E-14 2.45E-07 1.02E-10
  1.98E+06 1.36E-24 4.99E-29 1.08E-16 5.52E-10 9.62E-12 8.36E-17 2.16E-41 3.03E-75 9.67-106 1.85E-15 2.59E-22 2.48E-64 1.63E-06 3.46E-09 4.88E-31 3.83E-14 2.30E-07 1.30E-10
  2.08E+06 1.88E-24 9.83E-29 9.96E-17 2.57E-10 4.97E-12 6.65E-17 3.91E-41 7.13E-75 9.65-106 1.45E-15 2.21E-22 6.35E-64 2.00E-06 4.04E-09 5.61E-29 5.40E-14 2.14E-07 1.61E-10
  2.18E+06 2.52E-24 1.78E-28 8.71E-17 1.19E-10 2.58E-12 5.15E-17 6.41E-41 1.38E-74 9.63-106 1.16E-15 1.83E-22 1.35E-63 2.38E-06 4.52E-09 3.57E-27 7.35E-14 1.97E-07 1.93E-10
  2.28E+06 3.24E-24 2.97E-28 7.31E-17 5.49E-11 1.36E-12 3.88E-17 9.47E-41 2.18E-74 9.61-106 9.52E-16 1.47E-22 2.42E-63 2.78E-06 4.87E-09 1.38E-25 9.72E-14 1.81E-07 2.23E-10
  2.38E+06 3.98E-24 4.61E-28 5.89E-17 2.52E-11 7.21E-13 2.83E-17 1.25E-40 2.75E-74 9.59-106 7.89E-16 1.15E-22 3.59E-63 3.18E-06 5.06E-09 3.52E-24 1.25E-13 1.64E-07 2.48E-10
  2.48E+06 4.66E-24 6.66E-28 4.57E-17 1.15E-11 3.83E-13 2.00E-17 1.46E-40 2.74E-74 9.56-106 6.54E-16 8.67E-23 4.40E-63 3.57E-06 5.09E-09 6.24E-23 1.57E-13 1.48E-07 2.63E-10
  2.58E+06 5.17E-24 8.98E-28 3.41E-17 5.22E-12 2.06E-13 1.35E-17 1.52E-40 2.13E-74 9.54-106 5.42E-16 6.26E-23 4.46E-63 3.96E-06 4.97E-09 8.00E-22 1.92E-13 1.33E-07 2.68E-10
  2.68E+06 5.40E-24 1.13E-27 2.46E-17 2.36E-12 1.20E-13 8.76E-18 1.38E-40 1.28E-74 9.52-106 4.45E-16 4.31E-23 3.71E-63 4.32E-06 4.71E-09 7.68E-21 2.30E-13 1.18E-07 2.61E-10
  2.78E+06 5.33E-24 1.33E-27 1.71E-17 1.07E-12 1.01E-13 5.42E-18 1.10E-40 6.01E-75 9.49-106 3.65E-16 2.80E-23 2.57E-63 4.64E-06 4.33E-09 5.68E-20 2.69E-13 1.03E-07 2.42E-10
  2.88E+06 5.03E-24 1.51E-27 1.18E-17 4.93E-13 1.75E-13 3.25E-18 8.11E-41 2.37E-75 9.47-106 3.04E-16 1.72E-23 1.56E-63 4.90E-06 3.85E-09 3.31E-19 3.06E-13 9.01E-08 2.15E-10
  2.98E+06 4.51E-24 1.63E-27 7.98E-18 2.32E-13 3.70E-13 1.87E-18 5.37E-41 7.58E-76 9.44-106 2.55E-16 9.75E-24 8.14E-64 5.10E-06 3.31E-09 1.55E-18 3.41E-13 7.77E-08 1.82E-10
  3.08E+06 3.88E-24 1.70E-27 5.38E-18 1.12E-13 4.90E-13 1.05E-18 3.29E-41 2.08E-76 9.41-106 2.20E-16 5.10E-24 3.81E-64 5.23E-06 2.74E-09 5.99E-18 3.72E-13 6.63E-08 1.48E-10
  3.18E+06 3.28E-24 1.76E-27 3.69E-18 5.73E-14 5.44E-13 5.85E-19 1.97E-41 5.43E-77 9.38-106 1.99E-16 2.46E-24 1.72E-64 5.30E-06 2.20E-09 1.93E-17 3.97E-13 5.61E-08 1.15E-10
  3.28E+06 2.74E-24 1.82E-27 2.59E-18 3.09E-14 5.71E-13 3.27E-19 1.15E-41 1.36E-77 9.35-106 1.86E-16 1.08E-24 7.61E-65 5.31E-06 1.71E-09 5.31E-17 4.14E-13 4.71E-08 8.54E-11
  3.38E+06 2.29E-24 1.89E-27 1.89E-18 1.77E-14 5.84E-13 1.86E-19 6.78E-42 3.49E-78 9.32-106 1.81E-16 4.30E-25 3.43E-65 5.28E-06 1.29E-09 1.27E-16 4.23E-13 3.92E-08 6.09E-11
  3.48E+06 1.96E-24 2.03E-27 1.45E-18 1.10E-14 5.90E-13 1.09E-19 4.21E-42 9.94E-79 9.28-106 1.82E-16 1.55E-25 1.69E-65 5.21E-06 9.60E-10 2.71E-16 4.21E-13 3.24E-08 4.16E-11
  3.58E+06 1.74E-24 2.29E-27 1.20E-18 7.46E-15 5.93E-13 6.79E-20 2.85E-42 3.39E-79 9.25-106 1.87E-16 5.03E-26 9.59E-66 5.13E-06 7.03E-10 5.22E-16 4.10E-13 2.66E-08 2.73E-11
  3.68E+06 1.63E-24 2.76E-27 1.09E-18 5.62E-15 5.95E-13 4.54E-20 2.19E-42 1.49E-79 9.21-106 1.93E-16 1.49E-26 6.62E-66 5.02E-06 5.08E-10 9.23E-16 3.88E-13 2.19E-08 1.72E-11
  3.78E+06 1.63E-24 3.55E-27 1.07E-18 4.65E-15 5.96E-13 3.25E-20 1.90E-42 8.35E-80 9.17-106 1.95E-16 4.06E-27 5.52E-66 4.87E-06 3.63E-10 1.53E-15 3.57E-13 1.80E-08 1.04E-11
  3.88E+06 1.70E-24 4.78E-27 1.12E-18 4.13E-15 5.96E-13 2.47E-20 1.80E-42 5.63E-80 9.14-106 1.91E-16 1.01E-27 5.29E-66 4.69E-06 2.53E-10 2.38E-15 3.16E-13 1.48E-08 6.05E-12
  3.98E+06 1.84E-24 6.61E-27 1.22E-18 3.87E-15 5.96E-13 1.95E-20 1.81E-42 4.32E-80 9.10-106 1.81E-16 2.30E-28 5.56E-66 4.45E-06 1.72E-10 3.55E-15 2.70E-13 1.22E-08 3.40E-12
  4.08E+06 2.03E-24 9.24E-27 1.37E-18 3.72E-15 5.96E-13 1.60E-20 1.90E-42 3.62E-80 9.06-106 1.66E-16 4.90E-29 6.21E-66 4.17E-06 1.12E-10 5.10E-15 2.19E-13 1.00E-08 1.85E-12
  4.18E+06 2.28E-24 1.30E-26 1.57E-18 3.65E-15 5.96E-13 1.37E-20 2.08E-42 3.29E-80 9.01-106 1.49E-16 9.85E-30 7.28E-66 3.85E-06 6.98E-11 7.11E-15 1.70E-13 8.32E-09 9.90E-13
  4.28E+06 2.60E-24 1.82E-26 1.82E-18 3.61E-15 5.95E-13 1.22E-20 2.36E-42 3.28E-80 8.97-106 1.32E-16 2.02E-30 8.95E-66 3.52E-06 4.17E-11 9.72E-15 1.25E-13 6.92E-09 5.26E-13
  4.38E+06 3.00E-24 2.57E-26 2.15E-18 3.59E-15 5.95E-13 1.13E-20 2.81E-42 3.58E-80 8.93-106 1.15E-16 5.49E-31 1.16E-65 3.19E-06 2.42E-11 1.32E-14 8.84E-14 5.80E-09 2.80E-13
  4.48E+06 3.48E-24 3.63E-26 2.58E-18 3.58E-15 5.95E-13 1.09E-20 3.47E-42 4.26E-80 8.89-106 9.95E-17 2.79E-31 1.57E-65 2.89E-06 1.38E-11 1.78E-14 6.07E-14 4.91E-09 1.51E-13
  4.58E+06 4.06E-24 5.16E-26 3.13E-18 3.58E-15 5.94E-13 1.09E-20 4.46E-42 5.48E-80 8.85-106 8.55E-17 2.34E-31 2.24E-65 2.60E-06 7.71E-12 2.39E-14 4.07E-14 4.18E-09 8.18E-14
  4.68E+06 4.71E-24 7.33E-26 3.83E-18 3.58E-15 5.94E-13 1.12E-20 5.85E-42 7.37E-80 8.80-106 7.32E-17 2.34E-31 3.26E-65 2.35E-06 4.32E-12 3.21E-14 2.69E-14 3.59E-09 4.50E-14
  4.78E+06 5.40E-24 1.04E-25 4.70E-18 3.58E-15 5.94E-13 1.17E-20 7.71E-42 1.00E-79 8.76-106 6.24E-17 2.47E-31 4.76E-65 2.11E-06 2.42E-12 4.26E-14 1.76E-14 3.11E-09 2.50E-14
  4.88E+06 6.10E-24 1.46E-25 5.72E-18 3.58E-15 5.93E-13 1.23E-20 1.01E-41 1.33E-79 8.72-106 5.30E-17 2.69E-31 6.81E-65 1.90E-06 1.35E-12 5.56E-14 1.14E-14 2.72E-09 1.40E-14
  4.98E+06 6.81E-24 2.04E-25 6.96E-18 3.59E-15 5.93E-13 1.29E-20 1.31E-41 1.75E-79 8.68-106 4.48E-17 3.00E-31 9.65E-65 1.71E-06 7.58E-13 7.17E-14 7.42E-15 2.39E-09 7.87E-15
  5.08E+06 7.52E-24 2.84E-25 8.46E-18 3.59E-15 5.93E-13 1.36E-20 1.69E-41 2.28E-79 8.63-106 3.79E-17 3.40E-31 1.35E-64 1.53E-06 4.28E-13 9.16E-14 4.82E-15 2.12E-09 4.48E-15
  5.18E+06 8.25E-24 3.95E-25 1.03E-17 3.59E-15 5.92E-13 1.45E-20 2.18E-41 2.94E-79 8.59-106 3.20E-17 3.94E-31 1.88E-64 1.38E-06 2.44E-13 1.16E-13 3.13E-15 1.90E-09 2.57E-15
  5.28E+06 9.00E-24 5.48E-25 1.24E-17 3.59E-15 5.92E-13 1.54E-20 2.80E-41 3.77E-79 8.54-106 2.70E-17 4.63E-31 2.61E-64 1.24E-06 1.40E-13 1.46E-13 2.04E-15 1.70E-09 1.49E-15
  5.38E+06 9.79E-24 7.59E-25 1.50E-17 3.59E-15 5.91E-13 1.65E-20 3.60E-41 4.84E-79 8.49-106 2.28E-17 5.52E-31 3.60E-64 1.12E-06 8.06E-14 1.83E-13 1.33E-15 1.54E-09 8.72E-16
  5.48E+06 1.07E-23 1.05E-24 1.82E-17 3.59E-15 5.91E-13 1.77E-20 4.65E-41 6.23E-79 8.44-106 1.93E-17 6.66E-31 4.97E-64 1.00E-06 4.69E-14 2.28E-13 8.76E-16 1.40E-09 5.15E-16
  5.58E+06 1.16E-23 1.45E-24 2.20E-17 3.59E-15 5.91E-13 1.91E-20 6.04E-41 8.12E-79 8.39-106 1.64E-17 8.09E-31 6.89E-64 9.04E-07 2.76E-14 2.82E-13 5.77E-16 1.27E-09 3.07E-16
  5.68E+06 1.28E-23 2.00E-24 2.66E-17 3.58E-15 5.90E-13 2.07E-20 7.90E-41 1.07E-78 8.34-106 1.39E-17 9.90E-31 9.62E-64 8.11E-07 1.64E-14 3.48E-13 3.82E-16 1.16E-09 1.85E-16
  5.78E+06 1.42E-23 2.77E-24 3.21E-17 3.58E-15 5.89E-13 2.26E-20 1.05E-40 1.45E-78 8.28-106 1.18E-17 1.21E-30 1.36E-63 7.27E-07 9.84E-15 4.28E-13 2.54E-16 1.07E-09 1.13E-16
  5.88E+06 1.58E-23 3.82E-24 3.88E-17 3.57E-15 5.89E-13 2.49E-20 1.40E-40 2.01E-78 8.22-106 9.99E-18 1.49E-30 1.93E-63 6.49E-07 5.98E-15 5.24E-13 1.70E-16 9.81E-10 6.97E-17
  5.98E+06 1.78E-23 5.28E-24 4.69E-17 3.56E-15 5.88E-13 2.75E-20 1.90E-40 2.84E-78 8.16-106 8.47E-18 1.84E-30 2.78E-63 5.78E-07 3.69E-15 6.40E-13 1.15E-16 9.05E-10 4.37E-17
  6.08E+06 2.03E-23 7.28E-24 5.67E-17 3.55E-15 5.87E-13 3.07E-20 2.62E-40 4.12E-78 8.09-106 7.18E-18 2.25E-30 4.05E-63 5.13E-07 2.31E-15 7.79E-13 7.85E-17 8.37E-10 2.79E-17
  6.18E+06 2.33E-23 1.01E-23 6.85E-17 3.54E-15 5.87E-13 3.43E-20 3.64E-40 6.10E-78 8.02-106 6.09E-18 2.76E-30 5.96E-63 4.55E-07 1.47E-15 9.46E-13 5.41E-17 7.76E-10 1.80E-17
  6.28E+06 2.71E-23 1.39E-23 8.26E-17 3.52E-15 5.86E-13 3.86E-20 5.11E-40 9.21E-78 7.94-106 5.16E-18 3.37E-30 8.84E-63 4.02E-07 9.52E-16 1.15E-12 3.78E-17 7.21E-10 1.19E-17
  6.38E+06 3.17E-23 1.91E-23 9.95E-17 3.50E-15 5.85E-13 4.36E-20 7.24E-40 1.42E-77 7.86-106 4.37E-18 4.10E-30 1.32E-62 3.54E-07 6.27E-16 1.38E-12 2.68E-17 6.71E-10 7.96E-18
  6.48E+06 3.76E-23 2.63E-23 1.20E-16 3.48E-15 5.84E-13 4.95E-20 1.04E-39 2.24E-77 7.78-106 3.69E-18 5.00E-30 2.00E-62 3.11E-07 4.22E-16 1.67E-12 1.92E-17 6.26E-10 5.45E-18
  6.58E+06 4.58E-23 3.62E-23 1.44E-16 3.45E-15 5.83E-13 5.69E-20 1.54E-39 3.73E-77 7.69-106 3.12E-18 6.11E-30 3.09E-62 2.71E-07 2.93E-16 2.01E-12 1.40E-17 5.85E-10 3.85E-18
  6.68E+06 5.80E-23 4.95E-23 1.71E-16 3.42E-15 5.81E-13 6.70E-20 2.39E-39 6.83E-77 7.59-106 2.64E-18 7.56E-30 4.99E-62 2.33E-07 2.12E-16 2.40E-12 1.05E-17 5.47E-10 2.85E-18
  6.78E+06 7.87E-23 6.73E-23 2.03E-16 3.38E-15 5.80E-13 8.18E-20 4.01E-39 1.46E-76 7.48-106 2.23E-18 9.56E-30 8.64E-62 1.97E-07 1.65E-16 2.85E-12 8.10E-18 5.12E-10 2.27E-18
  6.88E+06 1.16E-22 9.05E-23 2.38E-16 3.34E-15 5.78E-13 1.05E-19 7.38E-39 3.74E-76 7.37-106 1.89E-18 1.25E-29 1.62E-61 1.62E-07 1.39E-16 3.35E-12 6.53E-18 4.79E-10 1.98E-18
  6.98E+06 1.83E-22 1.20E-22 2.75E-16 3.30E-15 5.77E-13 1.38E-19 1.46E-38 1.11E-75 7.25-106 1.62E-18 1.72E-29 3.22E-61 1.30E-07 1.28E-16 3.86E-12 5.49E-18 4.49E-10 1.88E-18
  7.08E+06 3.00E-22 1.56E-22 3.12E-16 3.26E-15 5.75E-13 1.85E-19 2.98E-38 3.47E-75 7.12-106 1.39E-18 2.45E-29 6.44E-61 1.04E-07 1.25E-16 4.38E-12 4.77E-18 4.21E-10 1.89E-18
  7.18E+06 4.87E-22 2.01E-22 3.47E-16 3.22E-15 5.73E-13 2.41E-19 5.85E-38 1.01E-74 6.98-106 1.21E-18 3.59E-29 1.22E-60 8.29E-08 1.24E-16 4.89E-12 4.19E-18 3.95E-10 1.92E-18
  7.28E+06 7.55E-22 2.54E-22 3.82E-16 3.17E-15 5.70E-13 2.99E-19 1.06E-37 2.49E-74 6.83-106 1.06E-18 5.34E-29 2.11E-60 6.72E-08 1.20E-16 5.41E-12 3.68E-18 3.70E-10 1.89E-18
  7.38E+06 1.10E-21 3.18E-22 4.15E-16 3.13E-15 5.68E-13 3.48E-19 1.73E-37 4.96E-74 6.66-106 9.27E-19 7.88E-29 3.23E-60 5.56E-08 1.10E-16 5.97E-12 3.18E-18 3.46E-10 1.75E-18
  7.48E+06 1.43E-21 3.96E-22 4.45E-16 3.09E-15 5.65E-13 3.68E-19 2.41E-37 7.14E-74 6.49-106 8.06E-19 1.15E-28 4.15E-60 4.66E-08 9.29E-17 6.57E-12 2.63E-18 3.24E-10 1.46E-18
  7.58E+06 1.73E-21 4.95E-22 4.78E-16 3.05E-15 5.61E-13 3.66E-19 3.02E-37 8.34E-74 6.31-106 6.98E-19 1.63E-28 4.83E-60 3.98E-08 7.27E-17 7.34E-12 2.12E-18 3.03E-10 1.12E-18
  7.68E+06 2.07E-21 6.18E-22 5.12E-16 3.00E-15 5.58E-13 3.56E-19 3.69E-37 9.24E-74 6.11-106 6.09E-19 2.26E-28 5.46E-60 3.38E-08 5.45E-17 8.28E-12 1.69E-18 2.83E-10 8.26E-19
  7.78E+06 2.50E-21 7.62E-22 5.44E-16 2.96E-15 5.53E-13 3.39E-19 4.43E-37 9.84E-74 5.89-106 5.46E-19 3.06E-28 5.99E-60 2.85E-08 3.89E-17 9.43E-12 1.37E-18 2.63E-10 5.96E-19
  7.88E+06 2.00E-21 1.00E-21 6.16E-16 2.87E-15 5.49E-13 2.46E-19 3.05E-37 3.47E-74 5.67-106 5.18E-19 4.08E-28 4.03E-60 2.83E-08 2.21E-17 1.21E-11 9.86E-19 2.45E-10 3.11E-19
  7.98E+06 5.47E-22 1.53E-21 8.10E-16 2.66E-15 5.43E-13 9.14E-20 5.44E-38 8.24E-76 5.43-106 5.52E-19 5.30E-28 8.14E-61 4.12E-08 8.50E-18 1.96E-11 4.84E-19 2.28E-10 8.24E-20
  8.08E+06 7.74E-23 2.34E-21 1.06E-15 2.39E-15 5.37E-13 2.26E-20 4.28E-39 3.82E-78 5.17-106 6.77E-19 6.35E-28 7.26E-62 7.10E-08 2.65E-18 3.33E-11 1.73E-19 2.12E-10 1.41E-20
  8.18E+06 1.07E-23 3.29E-21 1.29E-15 2.15E-15 5.31E-13 5.51E-21 3.32E-40 1.70E-80 4.90-106 8.94E-19 6.66E-28 5.87E-63 1.16E-07 7.79E-19 5.38E-11 7.05E-20 1.96E-10 2.19E-21
  8.28E+06 1.73E-24 4.35E-21 1.46E-15 1.95E-15 5.23E-13 1.50E-21 3.27E-41 1.22E-82 4.60-106 1.17E-18 6.12E-28 5.66E-64 1.75E-07 2.26E-19 8.46E-11 4.18E-20 1.81E-10 3.81E-22
  8.38E+06 3.37E-25 5.53E-21 1.59E-15 1.79E-15 5.14E-13 4.64E-22 4.17E-42 1.47E-84 4.29-106 1.46E-18 5.14E-28 6.81E-65 2.42E-07 6.67E-20 1.35E-10 3.17E-20 1.67E-10 8.70E-23
  8.48E+06 7.71E-26 6.88E-21 1.70E-15 1.65E-15 5.04E-13 1.61E-22 6.71E-43 2.90E-86 3.97-106 1.73E-18 4.11E-28 1.01E-65 3.15E-07 2.06E-20 2.30E-10 2.66E-20 1.53E-10 2.72E-23
  8.58E+06 2.04E-26 8.44E-21 1.79E-15 1.53E-15 4.93E-13 6.18E-23 1.33E-43 9.59E-88 3.63-106 1.95E-18 3.24E-28 1.82E-66 3.89E-07 6.98E-21 4.21E-10 2.31E-20 1.40E-10 1.06E-23
  8.68E+06 6.11E-27 1.03E-20 1.87E-15 1.41E-15 4.81E-13 2.60E-23 3.17E-44 6.22E-89 3.28-106 2.08E-18 2.56E-28 3.93E-67 4.59E-07 2.71E-21 8.29E-10 2.04E-20 1.28E-10 4.59E-24
  8.78E+06 2.05E-27 1.24E-20 1.94E-15 1.31E-15 4.67E-13 1.19E-23 9.09E-45 8.49E-90 2.92-106 2.12E-18 2.04E-28 1.01E-67 5.18E-07 1.22E-21 1.71E-09 1.78E-20 1.17E-10 2.11E-24
  8.88E+06 7.65E-28 1.49E-20 2.00E-15 1.21E-15 4.51E-13 5.83E-24 3.17E-45 1.97E-90 2.57-106 2.07E-18 1.64E-28 3.15E-68 5.64E-07 6.09E-22 3.61E-09 1.53E-20 1.06E-10 9.92E-25
  8.98E+06 3.12E-28 1.80E-20 2.05E-15 1.10E-15 4.34E-13 3.05E-24 1.38E-45 6.43E-91 2.22-106 1.95E-18 1.35E-28 1.22E-68 5.94E-07 3.20E-22 7.59E-09 1.27E-20 9.57E-11 4.68E-25
  9.08E+06 1.38E-28 2.15E-20 2.10E-15 1.00E-15 4.15E-13 1.69E-24 7.63E-46 2.78E-91 1.89-106 1.76E-18 1.12E-28 6.05E-69 6.06E-07 1.70E-22 1.57E-08 1.02E-20 8.62E-11 2.19E-25
  9.18E+06 6.51E-29 2.58E-20 2.14E-15 9.01E-16 3.95E-13 9.81E-25 5.28E-46 1.51E-91 1.57-106 1.55E-18 9.47E-29 3.73E-69 6.02E-07 8.89E-23 3.13E-08 7.88E-21 7.75E-11 1.01E-25
  9.28E+06 3.28E-29 3.08E-20 2.18E-15 8.01E-16 3.73E-13 5.95E-25 4.32E-46 9.71E-92 1.28-106 1.31E-18 8.17E-29 2.71E-69 5.82E-07 4.56E-23 6.02E-08 5.95E-21 6.95E-11 4.62E-26
  9.38E+06 1.75E-29 3.67E-20 2.20E-15 7.05E-16 3.50E-13 3.74E-25 3.91E-46 6.90E-92 1.02-106 1.08E-18 7.19E-29 2.17E-69 5.50E-07 2.30E-23 1.11E-07 4.41E-21 6.22E-11 2.11E-26
  9.48E+06 9.77E-30 4.36E-20 2.22E-15 6.13E-16 3.25E-13 2.43E-25 3.77E-46 5.18E-92 7.89-107 8.67E-19 6.48E-29 1.85E-69 5.08E-07 1.14E-23 1.95E-07 3.24E-21 5.57E-11 9.64E-27
  9.58E+06 5.71E-30 5.15E-20 2.23E-15 5.26E-16 3.00E-13 1.63E-25 3.75E-46 4.01E-92 5.94-107 6.78E-19 6.00E-29 1.62E-69 4.60E-07 5.63E-24 3.29E-07 2.37E-21 4.99E-11 4.45E-27
  9.68E+06 3.48E-30 6.07E-20 2.22E-15 4.46E-16 2.74E-13 1.12E-25 3.82E-46 3.14E-92 4.34-107 5.20E-19 5.78E-29 1.45E-69 4.09E-07 2.76E-24 5.34E-07 1.73E-21 4.50E-11 2.08E-27
  9.78E+06 2.21E-30 7.10E-20 2.20E-15 3.73E-16 2.47E-13 7.86E-26 3.95E-46 2.47E-92 3.08-107 3.95E-19 5.86E-29 1.31E-69 3.56E-07 1.36E-24 8.32E-07 1.26E-21 4.10E-11 9.87E-28
  9.88E+06 1.47E-30 8.26E-20 2.17E-15 3.10E-16 2.21E-13 5.68E-26 4.12E-46 1.94E-92 2.12-107 3.04E-19 6.38E-29 1.18E-69 3.03E-07 6.84E-25 1.25E-06 9.21E-22 3.79E-11 4.82E-28
  9.98E+06 1.05E-30 9.48E-20 2.11E-15 2.63E-16 1.95E-13 4.25E-26 4.32E-46 1.49E-92 1.42-107 2.49E-19 7.44E-29 1.06E-69 2.52E-07 4.12E-25 1.83E-06 6.75E-22 3.58E-11 2.72E-28

 TP, TL
           1.76E+08 4.92E+02 2.97E+08 6.47E+11 6.76E+09 1.14E+08 3.37E-16 4.83E-39 1.15E-91 6.76E+09 1.43E-05 7.40E-36 2.36E+15 1.46E+10 1.32E+08 3.74E+10 8.43E+05 2.79E+10
           1.76E+08 4.92E+02 2.97E+08 6.54E+11 6.66E+09 1.01E+08 3.37E-16 4.83E-39 1.15E-91 6.76E+09 1.43E-05 7.40E-36 2.36E+15 1.44E+10 2.32E+08 3.74E+10 1.41E+09 2.79E+10

     Z        N2O5     CO2      SO4AER   S8AER   
  2.50E+04 5.99E-18 2.07E-04 2.04E-10 1.00E-38
  7.50E+04 7.93E-18 2.07E-04 2.16E-10 1.00E-38
  1.25E+05 1.15E-17 2.07E-04 2.39E-10 1.00E-38
  1.75E+05 1.78E-17 2.07E-04 2.75E-10 1.00E-38
  2.75E+05 5.08E-17 2.07E-04 3.77E-10 1.00E-38
  3.75E+05 1.60E-16 2.07E-04 5.05E-10 1.00E-38
  4.75E+05 5.13E-16 2.07E-04 6.51E-10 1.00E-38
  5.75E+05 1.27E-15 2.07E-04 8.09E-10 1.00E-38
  6.75E+05 2.08E-15 2.07E-04 9.77E-10 1.00E-38
  7.75E+05 2.72E-15 2.07E-04 1.15E-09 1.00E-38
  8.75E+05 3.37E-15 2.07E-04 1.34E-09 1.00E-38
  9.75E+05 4.00E-15 2.07E-04 1.54E-09 1.00E-38
  1.08E+06 4.61E-15 2.07E-04 1.80E-09 1.00E-38
  1.18E+06 6.51E-15 2.07E-04 2.43E-09 1.00E-38
  1.28E+06 1.19E-14 2.07E-04 3.49E-09 1.00E-38
  1.38E+06 3.21E-14 2.07E-04 5.17E-09 1.00E-38
  1.48E+06 9.65E-14 2.07E-04 6.94E-09 1.00E-38
  1.58E+06 2.68E-13 2.07E-04 8.22E-09 1.00E-38
  1.68E+06 6.48E-13 2.07E-04 8.70E-09 1.00E-38
  1.78E+06 1.30E-12 2.07E-04 8.33E-09 1.00E-38
  1.88E+06 2.29E-12 2.07E-04 7.36E-09 1.00E-38
  1.98E+06 3.58E-12 2.08E-04 6.14E-09 1.00E-38
  2.08E+06 5.09E-12 2.08E-04 4.99E-09 1.00E-38
  2.18E+06 6.77E-12 2.08E-04 4.03E-09 1.00E-38
  2.28E+06 8.49E-12 2.08E-04 3.26E-09 1.00E-38
  2.38E+06 1.01E-11 2.08E-04 2.66E-09 1.00E-38
  2.48E+06 1.13E-11 2.08E-04 2.19E-09 1.00E-38
  2.58E+06 1.20E-11 2.08E-04 1.83E-09 1.00E-38
  2.68E+06 1.20E-11 2.08E-04 1.53E-09 1.00E-38
  2.78E+06 1.13E-11 2.08E-04 1.30E-09 1.00E-38
  2.88E+06 9.96E-12 2.08E-04 1.11E-09 1.00E-38
  2.98E+06 8.30E-12 2.08E-04 9.59E-10 1.00E-38
  3.08E+06 6.54E-12 2.08E-04 8.34E-10 1.00E-38
  3.18E+06 4.88E-12 2.08E-04 7.31E-10 1.00E-38
  3.28E+06 3.45E-12 2.08E-04 6.36E-10 1.00E-38
  3.38E+06 2.32E-12 2.08E-04 5.49E-10 1.00E-38
  3.48E+06 1.49E-12 2.08E-04 4.71E-10 1.00E-38
  3.58E+06 9.04E-13 2.08E-04 4.00E-10 1.00E-38
  3.68E+06 5.21E-13 2.08E-04 3.39E-10 1.00E-38
  3.78E+06 2.82E-13 2.08E-04 2.86E-10 1.00E-38
  3.88E+06 1.43E-13 2.08E-04 2.39E-10 1.00E-38
  3.98E+06 6.67E-14 2.08E-04 2.00E-10 1.00E-38
  4.08E+06 2.88E-14 2.08E-04 1.66E-10 1.00E-38
  4.18E+06 1.15E-14 2.08E-04 1.36E-10 1.00E-38
  4.28E+06 4.33E-15 2.08E-04 1.12E-10 1.00E-38
  4.38E+06 1.57E-15 2.08E-04 9.14E-11 1.00E-38
  4.48E+06 5.57E-16 2.08E-04 7.46E-11 1.00E-38
  4.58E+06 1.95E-16 2.08E-04 6.03E-11 1.00E-38
  4.68E+06 6.83E-17 2.08E-04 4.87E-11 1.00E-38
  4.78E+06 2.39E-17 2.08E-04 3.91E-11 1.00E-38
  4.88E+06 8.35E-18 2.08E-04 3.12E-11 1.00E-38
  4.98E+06 2.94E-18 2.08E-04 2.47E-11 1.00E-38
  5.08E+06 1.05E-18 2.08E-04 1.94E-11 1.00E-38
  5.18E+06 3.78E-19 2.08E-04 1.51E-11 1.00E-38
  5.28E+06 1.38E-19 2.08E-04 1.16E-11 1.00E-38
  5.38E+06 5.08E-20 2.08E-04 8.71E-12 1.00E-38
  5.48E+06 1.89E-20 2.08E-04 6.45E-12 1.00E-38
  5.58E+06 7.14E-21 2.08E-04 4.67E-12 1.00E-38
  5.68E+06 2.73E-21 2.08E-04 3.30E-12 1.00E-38
  5.78E+06 1.06E-21 2.08E-04 2.27E-12 1.00E-38
  5.88E+06 4.17E-22 2.08E-04 1.51E-12 1.00E-38
  5.98E+06 1.68E-22 2.08E-04 9.71E-13 1.00E-38
  6.08E+06 6.89E-23 2.08E-04 5.99E-13 1.00E-38
  6.18E+06 2.89E-23 2.08E-04 3.52E-13 1.00E-38
  6.28E+06 1.25E-23 2.07E-04 1.97E-13 1.00E-38
  6.38E+06 5.52E-24 2.07E-04 1.04E-13 1.00E-38
  6.48E+06 2.52E-24 2.07E-04 5.09E-14 1.00E-38
  6.58E+06 1.19E-24 2.07E-04 2.31E-14 1.00E-38
  6.68E+06 5.95E-25 2.07E-04 9.62E-15 1.00E-38
  6.78E+06 3.21E-25 2.07E-04 3.61E-15 1.00E-38
  6.88E+06 1.92E-25 2.07E-04 1.21E-15 1.00E-38
  6.98E+06 1.26E-25 2.06E-04 3.52E-16 1.00E-38
  7.08E+06 8.92E-26 2.06E-04 8.78E-17 1.00E-38
  7.18E+06 6.45E-26 2.06E-04 1.82E-17 1.00E-38
  7.28E+06 4.58E-26 2.06E-04 3.02E-18 1.00E-38
  7.38E+06 3.08E-26 2.05E-04 3.86E-19 1.00E-38
  7.48E+06 1.84E-26 2.05E-04 3.55E-20 1.00E-38
  7.58E+06 1.01E-26 2.04E-04 2.15E-21 1.00E-38
  7.68E+06 5.37E-27 2.04E-04 7.51E-23 1.00E-38
  7.78E+06 2.80E-27 2.03E-04 1.18E-24 1.00E-38
  7.88E+06 1.08E-27 2.02E-04 4.60E-27 1.00E-38
  7.98E+06 2.13E-28 2.02E-04 9.33E-30 1.00E-38
  8.08E+06 2.61E-29 2.01E-04 7.90E-32 1.00E-38
  8.18E+06 2.91E-30 2.00E-04 3.10E-34 1.00E-38
  8.28E+06 4.26E-31 1.99E-04 4.99E-37 1.00E-38
  8.38E+06 1.20E-31 1.98E-04 1.00E-38 1.00E-38
  8.48E+06 5.78E-32 1.96E-04 1.00E-38 1.00E-38
  8.58E+06 3.40E-32 1.95E-04 1.00E-38 1.00E-38
  8.68E+06 2.10E-32 1.93E-04 1.00E-38 1.00E-38
  8.78E+06 1.30E-32 1.91E-04 1.00E-38 1.00E-38
  8.88E+06 7.80E-33 1.89E-04 1.00E-38 1.00E-38
  8.98E+06 4.44E-33 1.87E-04 1.00E-38 1.00E-38
  9.08E+06 2.38E-33 1.85E-04 1.00E-38 1.00E-38
  9.18E+06 1.20E-33 1.82E-04 1.00E-38 1.00E-38
  9.28E+06 5.75E-34 1.79E-04 1.00E-38 1.00E-38
  9.38E+06 2.68E-34 1.76E-04 1.00E-38 1.00E-38
  9.48E+06 1.23E-34 1.73E-04 1.00E-38 1.00E-38
  9.58E+06 5.65E-35 1.69E-04 1.00E-38 1.00E-38
  9.68E+06 2.60E-35 1.65E-04 1.00E-38 1.00E-38
  9.78E+06 1.20E-35 1.60E-04 1.00E-38 1.00E-38
  9.88E+06 5.58E-36 1.56E-04 1.00E-38 1.00E-38
  9.98E+06 2.83E-36 1.51E-04 1.00E-38 1.00E-38

 TP, TL
           2.99E+08 2.59E+11 6.46E+09 0.00E+00
           2.99E+08 1.53E+09 6.39E+09 1.71E-19

     TP = 0.000E+00  TL = 1.708E-19


 OZONE COLUMN DEPTH =  6.0795E+18


 O2, CO, CH4 COLUMN DEPTHs =      2.523E+24     1.716E+18     3.810E+19

 SULFUR COLUMN DEPTHS:  H2S = 3.234E+13  SO2 = 9.238E+15  S2 = 1.118E-11  S4 = 4.165E-38  S8 = 0.000E+00

 SCALED AEROSOL EXTINCTION OPTICAL DEPTHS
     SULFATE = 7.064E-02     S8(VIS) = 2.028E-30     S8(UV) = 4.057E-30

 FH2O AT COLD TRAP = 6.477E-06

 NUMBER DENSITIES OF LONG-LIVED SPECIES


     Z        O        O2       H2O      H        OH       HO2      H2O2     H2       CO       HCO      H2CO     CH4      CH3      C2H6     NO       NO2      HNO      H2S     
  2.50E+04 1.40E+03 2.88E+18 2.82E+17 1.92E-01 1.12E+06 2.76E+08 2.71E+10 1.32E+13 2.74E+12 7.71E-03 6.03E+09 4.48E+13 6.89E-02 5.60E-07 5.47E+07 1.11E+08 4.07E+02 2.22E+08
  1.25E+05 1.69E+03 2.60E+18 1.79E+17 2.05E-01 1.17E+06 2.59E+08 2.66E+10 1.20E+13 2.35E+12 7.89E-03 5.14E+09 4.05E+13 6.36E-02 5.06E-07 5.98E+07 1.06E+08 3.17E+02 9.60E+07
  2.25E+05 2.10E+03 2.35E+18 1.08E+17 2.18E-01 1.25E+06 2.35E+08 2.42E+10 1.08E+13 2.01E+12 7.49E-03 4.08E+09 3.65E+13 5.84E-02 4.56E-07 7.01E+07 1.11E+08 1.83E+02 4.10E+07
  3.25E+05 2.66E+03 2.13E+18 6.06E+16 2.28E-01 1.30E+06 2.05E+08 2.03E+10 9.78E+12 1.72E+12 6.85E-03 3.15E+09 3.30E+13 5.22E-02 4.11E-07 8.58E+07 1.20E+08 1.01E+02 1.74E+07
  4.25E+05 3.35E+03 1.92E+18 3.18E+16 2.32E-01 1.33E+06 1.71E+08 1.58E+10 8.83E+12 1.48E+12 5.99E-03 2.36E+09 2.97E+13 4.49E-02 3.70E-07 1.06E+08 1.30E+08 5.50E+01 7.43E+06
  5.25E+05 4.13E+03 1.73E+18 1.51E+16 2.22E-01 1.28E+06 1.36E+08 1.16E+10 7.97E+12 1.27E+12 4.74E-03 1.65E+09 2.68E+13 3.50E-02 3.34E-07 1.21E+08 1.27E+08 2.83E+01 3.27E+06
  6.25E+05 4.94E+03 1.56E+18 6.39E+15 1.87E-01 1.09E+06 1.03E+08 8.03E+09 7.20E+12 1.10E+12 3.20E-03 1.04E+09 2.42E+13 2.32E-02 3.03E-07 1.16E+08 9.89E+07 1.30E+01 1.54E+06
  7.25E+05 5.77E+03 1.41E+18 2.37E+15 1.47E-01 8.71E+05 7.47E+07 5.33E+09 6.50E+12 9.51E+11 1.95E-03 5.97E+08 2.18E+13 1.38E-02 2.78E-07 1.07E+08 7.17E+07 6.16E+00 7.80E+05
  8.25E+05 6.62E+03 1.27E+18 7.69E+14 1.28E-01 7.73E+05 5.12E+07 3.37E+09 5.86E+12 8.27E+11 1.26E-03 3.50E+08 1.96E+13 8.69E-03 2.56E-07 1.31E+08 6.67E+07 3.99E+00 4.13E+05
  9.25E+05 7.49E+03 1.14E+18 2.20E+14 1.27E-01 7.73E+05 3.34E+07 2.07E+09 5.27E+12 7.20E+11 9.02E-04 2.16E+08 1.76E+13 5.93E-03 2.38E-07 1.95E+08 7.25E+07 3.21E+00 2.27E+05
  1.02E+06 8.67E+03 1.01E+18 6.87E+13 1.30E-01 7.81E+05 2.19E+07 1.24E+09 4.68E+12 6.21E+11 6.85E-04 1.41E+08 1.56E+13 4.29E-03 2.21E-07 2.73E+08 7.52E+07 2.49E+00 1.27E+05
  1.12E+06 1.19E+04 8.74E+17 3.81E+13 1.36E-01 7.45E+05 1.45E+07 6.38E+08 4.03E+12 5.13E+11 5.77E-04 1.01E+08 1.35E+13 3.95E-03 2.08E-07 3.43E+08 8.49E+07 1.55E+00 6.25E+04
  1.22E+06 2.00E+04 7.48E+17 2.65E+13 1.21E-01 6.19E+05 7.72E+06 2.03E+08 3.45E+12 4.06E+11 4.47E-04 6.92E+07 1.15E+13 3.34E-03 2.28E-07 4.68E+08 1.26E+08 7.29E-01 2.05E+04
  1.32E+06 3.71E+04 6.40E+17 2.27E+13 9.59E-02 4.65E+05 3.78E+06 4.75E+07 2.95E+12 3.12E+11 3.20E-04 4.41E+07 9.79E+12 2.63E-03 2.90E-07 6.34E+08 2.14E+08 2.94E-01 5.75E+03
  1.42E+06 7.63E+04 5.45E+17 1.95E+13 7.24E-02 3.45E+05 1.91E+06 7.84E+06 2.51E+12 2.27E+11 2.36E-04 2.85E+07 8.27E+12 2.14E-03 4.29E-07 8.64E+08 4.15E+08 1.07E-01 1.22E+03
  1.52E+06 1.46E+05 4.64E+17 1.68E+13 6.51E-02 3.08E+05 1.35E+06 2.14E+06 2.13E+12 1.62E+11 2.18E-04 2.23E+07 6.94E+12 2.15E-03 6.09E-07 1.05E+09 6.82E+08 7.74E-02 2.40E+02
  1.62E+06 2.65E+05 3.95E+17 1.45E+13 6.41E-02 3.03E+05 1.16E+06 1.25E+06 1.80E+12 1.14E+11 2.28E-04 1.95E+07 5.80E+12 2.43E-03 8.34E-07 1.20E+09 1.00E+09 1.05E-01 4.11E+01
  1.72E+06 4.52E+05 3.36E+17 1.26E+13 6.76E-02 3.19E+05 1.15E+06 1.12E+06 1.53E+12 7.86E+10 2.57E-04 1.81E+07 4.82E+12 2.95E-03 1.09E-06 1.31E+09 1.33E+09 1.45E-01 6.20E+00
  1.82E+06 7.32E+05 2.86E+17 1.09E+13 7.59E-02 3.52E+05 1.25E+06 1.22E+06 1.29E+12 5.47E+10 3.03E-04 1.76E+07 3.98E+12 3.76E-03 1.36E-06 1.37E+09 1.61E+09 1.73E-01 8.44E-01
  1.92E+06 1.14E+06 2.43E+17 9.52E+12 9.05E-02 4.04E+05 1.43E+06 1.50E+06 1.09E+12 3.85E+10 3.70E-04 1.75E+07 3.28E+12 4.94E-03 1.64E-06 1.41E+09 1.85E+09 1.64E-01 1.01E-01
  2.02E+06 1.71E+06 2.07E+17 8.30E+12 1.14E-01 4.78E+05 1.71E+06 1.99E+06 9.15E+11 2.78E+10 4.63E-04 1.77E+07 2.69E+12 6.65E-03 1.94E-06 1.43E+09 2.04E+09 1.22E-01 1.09E-02
  2.12E+06 2.50E+06 1.76E+17 7.24E+12 1.53E-01 5.80E+05 2.10E+06 2.73E+06 7.69E+11 2.08E+10 5.91E-04 1.82E+07 2.20E+12 9.13E-03 2.25E-06 1.45E+09 2.18E+09 8.92E-02 1.09E-03
  2.22E+06 3.59E+06 1.50E+17 6.32E+12 2.16E-01 7.18E+05 2.61E+06 3.81E+06 6.46E+11 1.59E+10 7.66E-04 1.88E+07 1.80E+12 1.27E-02 2.59E-06 1.47E+09 2.29E+09 6.76E-02 1.23E-04
  2.32E+06 5.05E+06 1.28E+17 5.52E+12 3.17E-01 9.03E+05 3.24E+06 5.27E+06 5.42E+11 1.26E+10 1.01E-03 1.94E+07 1.47E+12 1.79E-02 2.99E-06 1.49E+09 2.37E+09 5.57E-02 4.03E-05
  2.42E+06 7.00E+06 1.09E+17 4.82E+12 4.83E-01 1.15E+06 4.02E+06 7.16E+06 4.55E+11 1.02E+10 1.33E-03 2.00E+07 1.20E+12 2.55E-02 3.47E-06 1.52E+09 2.41E+09 5.18E-02 3.17E-05
  2.52E+06 9.57E+06 9.27E+16 4.21E+12 7.59E-01 1.46E+06 4.95E+06 9.43E+06 3.82E+11 8.39E+09 1.77E-03 2.05E+07 9.76E+11 3.63E-02 4.10E-06 1.55E+09 2.42E+09 5.45E-02 2.73E-05
  2.62E+06 1.30E+07 7.92E+16 3.68E+12 1.23E+00 1.86E+06 5.99E+06 1.19E+07 3.20E+11 7.01E+09 2.34E-03 2.08E+07 7.94E+11 5.16E-02 4.93E-06 1.57E+09 2.39E+09 6.31E-02 2.24E-05
  2.72E+06 1.74E+07 6.76E+16 3.21E+12 2.05E+00 2.33E+06 7.12E+06 1.44E+07 2.68E+11 5.94E+09 3.06E-03 2.07E+07 6.44E+11 7.32E-02 6.06E-06 1.58E+09 2.32E+09 7.71E-02 1.72E-05
  2.82E+06 2.31E+07 5.78E+16 2.81E+12 3.50E+00 2.87E+06 8.24E+06 1.65E+07 2.24E+11 5.08E+09 3.95E-03 2.04E+07 5.22E+11 1.03E-01 7.62E-06 1.58E+09 2.20E+09 9.64E-02 1.26E-05
  2.92E+06 3.05E+07 4.94E+16 2.45E+12 6.10E+00 3.46E+06 9.28E+06 1.78E+07 1.87E+11 4.38E+09 4.99E-03 1.97E+07 4.22E+11 1.44E-01 9.78E-06 1.57E+09 2.05E+09 1.21E-01 8.69E-06
  3.02E+06 4.01E+07 4.23E+16 2.14E+12 1.08E+01 4.06E+06 1.02E+07 1.82E+07 1.56E+11 3.81E+09 6.16E-03 1.88E+07 3.41E+11 1.98E-01 1.29E-05 1.54E+09 1.86E+09 1.50E-01 5.69E-06
  3.12E+06 5.25E+07 3.62E+16 1.87E+12 1.95E+01 4.67E+06 1.08E+07 1.77E+07 1.30E+11 3.34E+09 7.45E-03 1.77E+07 2.74E+11 2.71E-01 1.72E-05 1.49E+09 1.65E+09 1.84E-01 3.62E-06
  3.22E+06 6.86E+07 3.10E+16 1.63E+12 3.53E+01 5.26E+06 1.12E+07 1.66E+07 1.08E+11 2.94E+09 8.83E-03 1.64E+07 2.20E+11 3.66E-01 2.31E-05 1.42E+09 1.42E+09 2.23E-01 2.26E-06
  3.32E+06 8.94E+07 2.65E+16 1.43E+12 6.45E+01 5.84E+06 1.14E+07 1.49E+07 9.03E+10 2.60E+09 1.03E-02 1.51E+07 1.76E+11 4.91E-01 3.15E-05 1.33E+09 1.19E+09 2.64E-01 1.39E-06
  3.42E+06 1.17E+08 2.28E+16 1.25E+12 1.18E+02 6.43E+06 1.14E+07 1.29E+07 7.54E+10 2.29E+09 1.19E-02 1.38E+07 1.41E+11 6.52E-01 4.31E-05 1.23E+09 9.74E+08 3.10E-01 8.61E-07
  3.52E+06 1.52E+08 1.96E+16 1.09E+12 2.18E+02 7.07E+06 1.11E+07 1.09E+07 6.31E+10 2.02E+09 1.35E-02 1.25E+07 1.13E+11 8.62E-01 5.90E-05 1.12E+09 7.75E+08 3.60E-01 5.46E-07
  3.62E+06 1.98E+08 1.69E+16 9.56E+11 4.06E+02 7.78E+06 1.07E+07 8.89E+06 5.30E+10 1.78E+09 1.54E-02 1.12E+07 9.01E+10 1.13E+00 8.03E-05 1.01E+09 6.00E+08 4.14E-01 3.62E-07
  3.72E+06 2.59E+08 1.46E+16 8.38E+11 7.62E+02 8.62E+06 1.03E+07 7.12E+06 4.48E+10 1.57E+09 1.76E-02 1.01E+07 7.23E+10 1.49E+00 1.08E-04 9.08E+08 4.52E+08 4.76E-01 2.54E-07
  3.82E+06 3.39E+08 1.27E+16 7.35E+11 1.44E+03 9.58E+06 9.70E+06 5.63E+06 3.80E+10 1.37E+09 2.01E-02 8.93E+06 5.81E+10 1.95E+00 1.46E-04 8.09E+08 3.29E+08 5.43E-01 1.87E-07
  3.92E+06 4.43E+08 1.10E+16 6.46E+11 2.72E+03 1.07E+07 9.15E+06 4.44E+06 3.26E+10 1.20E+09 2.29E-02 7.85E+06 4.68E+10 2.54E+00 1.94E-04 7.16E+08 2.30E+08 6.15E-01 1.45E-07
  4.02E+06 5.78E+08 9.56E+15 5.68E+11 5.06E+03 1.18E+07 8.64E+06 3.52E+06 2.81E+10 1.05E+09 2.57E-02 6.82E+06 3.79E+10 3.25E+00 2.55E-04 6.29E+08 1.55E+08 6.84E-01 1.16E-07
  4.12E+06 7.44E+08 8.35E+15 5.00E+11 9.15E+03 1.28E+07 8.17E+06 2.85E+06 2.45E+10 9.22E+08 2.83E-02 5.83E+06 3.09E+10 4.05E+00 3.31E-04 5.46E+08 9.97E+07 7.38E-01 9.64E-08
  4.22E+06 9.39E+08 7.31E+15 4.40E+11 1.58E+04 1.35E+07 7.75E+06 2.35E+06 2.17E+10 8.10E+08 3.01E-02 4.89E+06 2.54E+10 4.86E+00 4.25E-04 4.69E+08 6.21E+07 7.66E-01 8.34E-08
  4.32E+06 1.15E+09 6.42E+15 3.89E+11 2.56E+04 1.39E+07 7.36E+06 1.97E+06 1.93E+10 7.15E+08 3.08E-02 4.04E+06 2.10E+10 5.59E+00 5.38E-04 3.98E+08 3.77E+07 7.62E-01 7.46E-08
  4.42E+06 1.37E+09 5.65E+15 3.43E+11 3.91E+04 1.40E+07 6.97E+06 1.67E+06 1.75E+10 6.35E+08 3.04E-02 3.29E+06 1.75E+10 6.17E+00 6.74E-04 3.35E+08 2.25E+07 7.31E-01 6.86E-08
  4.52E+06 1.59E+09 4.99E+15 3.04E+11 5.66E+04 1.37E+07 6.57E+06 1.43E+06 1.59E+10 5.69E+08 2.91E-02 2.66E+06 1.48E+10 6.54E+00 8.50E-04 2.79E+08 1.34E+07 6.78E-01 6.43E-08
  4.62E+06 1.79E+09 4.41E+15 2.69E+11 7.82E+04 1.32E+07 6.17E+06 1.23E+06 1.47E+10 5.15E+08 2.71E-02 2.13E+06 1.25E+10 6.72E+00 1.08E-03 2.31E+08 7.97E+06 6.12E-01 6.08E-08
  4.72E+06 1.97E+09 3.90E+15 2.38E+11 1.04E+05 1.25E+07 5.75E+06 1.05E+06 1.36E+10 4.73E+08 2.48E-02 1.71E+06 1.07E+10 6.79E+00 1.38E-03 1.91E+08 4.76E+06 5.42E-01 5.72E-08
  4.82E+06 2.13E+09 3.44E+15 2.10E+11 1.35E+05 1.17E+07 5.32E+06 8.96E+05 1.26E+10 4.42E+08 2.24E-02 1.37E+06 9.19E+09 6.79E+00 1.77E-03 1.57E+08 2.87E+06 4.72E-01 5.31E-08
  4.92E+06 2.28E+09 3.04E+15 1.85E+11 1.70E+05 1.09E+07 4.90E+06 7.57E+05 1.17E+10 4.20E+08 2.02E-02 1.10E+06 7.90E+09 6.76E+00 2.27E-03 1.28E+08 1.74E+06 4.06E-01 4.86E-08
  5.02E+06 2.40E+09 2.68E+15 1.63E+11 2.12E+05 1.00E+07 4.49E+06 6.38E+05 1.09E+10 4.06E+08 1.80E-02 8.78E+05 6.81E+09 6.69E+00 2.88E-03 1.05E+08 1.07E+06 3.46E-01 4.39E-08
  5.12E+06 2.52E+09 2.37E+15 1.43E+11 2.60E+05 9.17E+06 4.10E+06 5.36E+05 1.02E+10 4.00E+08 1.60E-02 7.01E+05 5.89E+09 6.60E+00 3.61E-03 8.57E+07 6.58E+05 2.94E-01 3.92E-08
  5.22E+06 2.62E+09 2.09E+15 1.26E+11 3.17E+05 8.38E+06 3.73E+06 4.49E+05 9.57E+09 4.00E+08 1.42E-02 5.60E+05 5.09E+09 6.50E+00 4.47E-03 6.99E+07 4.09E+05 2.48E-01 3.48E-08
  5.32E+06 2.71E+09 1.84E+15 1.10E+11 3.84E+05 7.65E+06 3.40E+06 3.77E+05 8.97E+09 4.06E+08 1.25E-02 4.47E+05 4.41E+09 6.39E+00 5.45E-03 5.69E+07 2.57E+05 2.09E-01 3.07E-08
  5.42E+06 2.79E+09 1.62E+15 9.66E+10 4.64E+05 6.99E+06 3.09E+06 3.17E+05 8.41E+09 4.17E+08 1.10E-02 3.56E+05 3.82E+09 6.27E+00 6.56E-03 4.63E+07 1.62E+05 1.76E-01 2.71E-08
  5.52E+06 2.86E+09 1.42E+15 8.45E+10 5.59E+05 6.38E+06 2.82E+06 2.67E+05 7.89E+09 4.33E+08 9.72E-03 2.83E+05 3.31E+09 6.13E+00 7.77E-03 3.76E+07 1.03E+05 1.49E-01 2.39E-08
  5.62E+06 2.91E+09 1.25E+15 7.38E+10 6.73E+05 5.84E+06 2.58E+06 2.26E+05 7.41E+09 4.53E+08 8.54E-03 2.25E+05 2.86E+09 5.99E+00 9.07E-03 3.06E+07 6.61E+04 1.25E-01 2.13E-08
  5.72E+06 2.96E+09 1.10E+15 6.44E+10 8.08E+05 5.35E+06 2.36E+06 1.92E+05 6.96E+09 4.75E+08 7.48E-03 1.79E+05 2.48E+09 5.83E+00 1.04E-02 2.48E+07 4.28E+04 1.06E-01 1.91E-08
  5.82E+06 3.00E+09 9.63E+14 5.61E+10 9.72E+05 4.91E+06 2.16E+06 1.65E+05 6.55E+09 5.00E+08 6.54E-03 1.42E+05 2.14E+09 5.65E+00 1.19E-02 2.01E+07 2.79E+04 8.99E-02 1.72E-08
  5.92E+06 3.02E+09 8.45E+14 4.88E+10 1.17E+06 4.52E+06 1.99E+06 1.42E+05 6.16E+09 5.27E+08 5.70E-03 1.12E+05 1.85E+09 5.46E+00 1.34E-02 1.63E+07 1.84E+04 7.64E-02 1.58E-08
  6.02E+06 3.03E+09 7.40E+14 4.23E+10 1.40E+06 4.17E+06 1.84E+06 1.23E+05 5.80E+09 5.55E+08 4.95E-03 8.84E+04 1.60E+09 5.24E+00 1.48E-02 1.32E+07 1.23E+04 6.52E-02 1.46E-08
  6.12E+06 3.04E+09 6.48E+14 3.67E+10 1.69E+06 3.85E+06 1.70E+06 1.07E+05 5.47E+09 5.84E+08 4.29E-03 6.96E+04 1.37E+09 5.00E+00 1.63E-02 1.07E+07 8.34E+03 5.58E-02 1.37E-08
  6.22E+06 3.03E+09 5.67E+14 3.17E+10 2.04E+06 3.57E+06 1.58E+06 9.35E+04 5.16E+09 6.13E+08 3.72E-03 5.46E+04 1.18E+09 4.74E+00 1.78E-02 8.69E+06 5.72E+03 4.79E-02 1.29E-08
  6.32E+06 3.02E+09 4.96E+14 2.74E+10 2.47E+06 3.32E+06 1.47E+06 8.25E+04 4.87E+09 6.42E+08 3.23E-03 4.29E+04 1.01E+09 4.46E+00 1.92E-02 7.04E+06 3.98E+03 4.13E-02 1.24E-08
  6.42E+06 3.00E+09 4.33E+14 2.36E+10 2.99E+06 3.10E+06 1.37E+06 7.34E+04 4.60E+09 6.71E+08 2.83E-03 3.37E+04 8.63E+08 4.19E+00 2.06E-02 5.72E+06 2.82E+03 3.58E-02 1.20E-08
  6.52E+06 2.97E+09 3.78E+14 2.02E+10 3.64E+06 2.90E+06 1.29E+06 6.63E+04 4.35E+09 6.99E+08 2.58E-03 2.70E+04 7.35E+08 3.96E+00 2.19E-02 4.65E+06 2.03E+03 3.13E-02 1.20E-08
  6.62E+06 2.91E+09 3.30E+14 1.73E+10 4.45E+06 2.75E+06 1.23E+06 6.17E+04 4.11E+09 7.26E+08 2.62E-03 2.27E+04 6.24E+08 3.90E+00 2.32E-02 3.78E+06 1.50E+03 2.78E-02 1.25E-08
  6.72E+06 2.81E+09 2.88E+14 1.48E+10 5.49E+06 2.66E+06 1.19E+06 5.99E+04 3.89E+09 7.52E+08 3.16E-03 2.13E+04 5.27E+08 4.25E+00 2.43E-02 3.09E+06 1.16E+03 2.53E-02 1.42E-08
  6.82E+06 2.66E+09 2.50E+14 1.26E+10 6.86E+06 2.64E+06 1.20E+06 6.17E+04 3.68E+09 7.77E+08 4.60E-03 2.34E+04 4.43E+08 5.42E+00 2.54E-02 2.53E+06 9.41E+02 2.39E-02 1.78E-08
  6.92E+06 2.46E+09 2.18E+14 1.07E+10 8.70E+06 2.71E+06 1.25E+06 6.73E+04 3.49E+09 8.00E+08 7.43E-03 2.96E+04 3.70E+08 8.00E+00 2.63E-02 2.08E+06 8.16E+02 2.34E-02 2.48E-08
  7.02E+06 2.24E+09 1.89E+14 8.98E+09 1.12E+07 2.85E+06 1.33E+06 7.65E+04 3.30E+09 8.21E+08 1.22E-02 4.00E+04 3.07E+08 1.27E+01 2.72E-02 1.73E+06 7.44E+02 2.38E-02 3.69E-08
  7.12E+06 2.05E+09 1.64E+14 7.53E+09 1.46E+07 3.04E+06 1.43E+06 8.80E+04 3.13E+09 8.41E+08 1.93E-02 5.40E+04 2.53E+08 2.03E+01 2.79E-02 1.44E+06 6.95E+02 2.46E-02 5.52E-08
  7.22E+06 1.90E+09 1.42E+14 6.28E+09 1.93E+07 3.24E+06 1.53E+06 9.97E+04 2.96E+09 8.60E+08 2.89E-02 6.99E+04 2.07E+08 3.07E+01 2.84E-02 1.20E+06 6.45E+02 2.55E-02 7.91E-08
  7.32E+06 1.80E+09 1.23E+14 5.20E+09 2.58E+07 3.41E+06 1.61E+06 1.09E+05 2.80E+09 8.76E+08 4.10E-02 8.56E+04 1.68E+08 4.34E+01 2.85E-02 1.02E+06 5.80E+02 2.62E-02 1.04E-07
  7.42E+06 1.78E+09 1.07E+14 4.26E+09 3.49E+07 3.50E+06 1.65E+06 1.12E+05 2.63E+09 8.88E+08 5.49E-02 9.84E+04 1.35E+08 5.62E+01 2.81E-02 8.65E+05 4.95E+02 2.64E-02 1.22E-07
  7.52E+06 1.82E+09 9.18E+13 3.46E+09 4.77E+07 3.47E+06 1.62E+06 1.09E+05 2.46E+09 8.95E+08 6.99E-02 1.06E+05 1.07E+08 6.63E+01 2.68E-02 7.39E+05 3.94E+02 2.59E-02 1.26E-07
  7.62E+06 1.91E+09 7.90E+13 2.78E+09 6.52E+07 3.37E+06 1.55E+06 1.01E+05 2.30E+09 9.00E+08 8.45E-02 1.09E+05 8.40E+07 7.17E+01 2.47E-02 6.37E+05 3.02E+02 2.51E-02 1.22E-07
  7.72E+06 2.01E+09 6.80E+13 2.22E+09 9.06E+07 3.32E+06 1.50E+06 9.08E+04 2.13E+09 9.01E+08 9.77E-02 1.07E+05 6.55E+07 7.24E+01 2.19E-02 5.55E+05 2.33E+02 2.49E-02 1.13E-07
  7.82E+06 2.30E+09 5.85E+13 1.75E+09 1.34E+08 3.22E+06 1.42E+06 7.34E+04 1.95E+09 8.98E+08 1.09E-01 9.71E+04 5.08E+07 6.42E+01 1.85E-02 4.88E+05 1.64E+02 2.45E-02 8.62E-08
  7.92E+06 3.79E+09 5.04E+13 1.36E+09 2.10E+08 2.35E+06 1.00E+06 4.39E+04 1.77E+09 8.91E+08 1.18E-01 7.71E+04 3.91E+07 3.83E+01 1.50E-02 4.33E+05 6.73E+01 1.79E-02 3.09E-08
  8.02E+06 8.77E+09 4.33E+13 1.04E+09 3.07E+08 1.23E+06 4.82E+05 1.87E+04 1.58E+09 8.78E+08 1.30E-01 4.77E+04 2.99E+07 1.54E+01 1.19E-02 3.88E+05 1.55E+01 8.80E-03 4.72E-09
  8.12E+06 2.01E+10 3.73E+13 7.90E+08 3.98E+08 6.29E+05 2.05E+05 6.56E+03 1.39E+09 8.60E+08 1.37E-01 2.34E+04 2.27E+07 5.93E+00 9.27E-03 3.53E+05 3.83E+00 3.91E-03 4.45E-10
  8.22E+06 4.04E+10 3.21E+13 5.92E+08 4.65E+08 3.55E+05 8.94E+04 2.08E+03 1.21E+09 8.35E+08 1.35E-01 1.09E+04 1.71E+07 2.52E+00 7.09E-03 3.28E+05 1.54E+00 1.83E-03 3.09E-11
  8.32E+06 7.13E+10 2.76E+13 4.40E+08 5.04E+08 2.19E+05 4.09E+04 6.13E+02 1.05E+09 8.05E+08 1.28E-01 5.32E+03 1.28E+07 1.19E+00 5.31E-03 3.12E+05 9.60E-01 9.22E-04 1.68E-12
  8.42E+06 1.13E+11 2.37E+13 3.24E+08 5.18E+08 1.43E+05 1.96E+04 1.69E+02 9.11E+08 7.70E+08 1.17E-01 2.78E+03 9.51E+06 6.15E-01 3.90E-03 3.06E+05 7.36E-01 5.01E-04 7.45E-14
  8.52E+06 1.66E+11 2.04E+13 2.38E+08 5.11E+08 9.64E+04 9.76E+03 4.36E+01 7.86E+08 7.31E+08 1.04E-01 1.55E+03 7.03E+06 3.39E-01 2.79E-03 3.05E+05 6.14E-01 2.91E-04 3.16E-15
  8.62E+06 2.28E+11 1.75E+13 1.73E+08 4.90E+08 6.62E+04 5.05E+03 1.05E+01 6.78E+08 6.90E+08 8.93E-02 9.07E+02 5.16E+06 1.97E-01 1.96E-03 3.09E+05 5.29E-01 1.77E-04 1.76E-16
  8.72E+06 2.96E+11 1.50E+13 1.25E+08 4.60E+08 4.59E+04 2.70E+03 2.39E+00 5.84E+08 6.47E+08 7.45E-02 5.54E+02 3.77E+06 1.20E-01 1.34E-03 3.14E+05 4.59E-01 1.12E-04 1.61E-17
  8.82E+06 3.67E+11 1.28E+13 8.98E+07 4.25E+08 3.19E+04 1.49E+03 5.17E-01 5.02E+08 6.04E+08 6.06E-02 3.52E+02 2.74E+06 7.60E-02 9.03E-04 3.14E+05 3.95E-01 7.22E-05 2.08E-18
  8.92E+06 4.37E+11 1.10E+13 6.42E+07 3.88E+08 2.21E+04 8.41E+02 1.09E-01 4.32E+08 5.60E+08 4.84E-02 2.30E+02 1.98E+06 4.97E-02 5.97E-04 3.07E+05 3.32E-01 4.66E-05 3.31E-19
  9.02E+06 5.02E+11 9.38E+12 4.57E+07 3.50E+08 1.53E+04 4.86E+02 2.29E-02 3.71E+08 5.17E+08 3.80E-02 1.55E+02 1.43E+06 3.34E-02 3.89E-04 2.91E+05 2.71E-01 2.99E-05 6.13E-20
  9.12E+06 5.61E+11 8.00E+12 3.24E+07 3.13E+08 1.06E+04 2.86E+02 5.08E-03 3.19E+08 4.74E+08 2.96E-02 1.07E+02 1.03E+06 2.30E-02 2.51E-04 2.66E+05 2.13E-01 1.88E-05 1.29E-20
  9.22E+06 6.11E+11 6.81E+12 2.29E+07 2.78E+08 7.24E+03 1.72E+02 1.24E-03 2.74E+08 4.33E+08 2.29E-02 7.51E+01 7.37E+05 1.61E-02 1.60E-04 2.35E+05 1.62E-01 1.18E-05 3.01E-21
  9.32E+06 6.50E+11 5.79E+12 1.62E+07 2.46E+08 4.94E+03 1.05E+02 3.41E-04 2.36E+08 3.94E+08 1.78E-02 5.39E+01 5.30E+05 1.16E-02 1.02E-04 2.04E+05 1.21E-01 7.30E-06 7.78E-22
  9.42E+06 6.78E+11 4.92E+12 1.14E+07 2.17E+08 3.35E+03 6.49E+01 1.07E-04 2.03E+08 3.56E+08 1.39E-02 3.95E+01 3.82E+05 8.50E-03 6.55E-05 1.74E+05 8.91E-02 4.55E-06 2.19E-22
  9.52E+06 6.94E+11 4.18E+12 8.11E+06 1.90E+08 2.26E+03 4.07E+01 3.75E-05 1.74E+08 3.20E+08 1.10E-02 2.97E+01 2.78E+05 6.39E-03 4.22E-05 1.48E+05 6.53E-02 2.86E-06 6.66E-23
  9.62E+06 6.99E+11 3.54E+12 5.82E+06 1.67E+08 1.52E+03 2.59E+01 1.42E-05 1.50E+08 2.86E+08 8.83E-03 2.30E+01 2.05E+05 4.95E-03 2.77E-05 1.26E+05 4.77E-02 1.82E-06 2.18E-23
  9.72E+06 6.92E+11 3.00E+12 4.26E+06 1.46E+08 1.01E+03 1.67E+01 5.71E-06 1.29E+08 2.54E+08 7.35E-03 1.86E+01 1.55E+05 3.99E-03 1.87E-05 1.06E+05 3.48E-02 1.17E-06 7.72E-24
  9.82E+06 6.73E+11 2.54E+12 3.23E+06 1.27E+08 6.76E+02 1.10E+01 2.45E-06 1.11E+08 2.24E+08 6.43E-03 1.59E+01 1.22E+05 3.42E-03 1.33E-05 8.99E+04 2.54E-02 7.67E-07 2.96E-24
  9.92E+06 6.39E+11 2.16E+12 2.58E+06 1.10E+08 4.50E+02 7.35E+00 1.18E-06 9.60E+07 1.97E+08 6.08E-03 1.49E+01 1.00E+05 3.20E-03 1.01E-05 7.62E+04 1.86E-02 5.14E-07 1.26E-24

     Z        HS       S        SO       SO2      H2SO4    HSO      S2       S4       S8       SO3      OCS      S3       O3       HNO3     N        NO3      N2O      HO2NO2  
  2.50E+04 5.22E+02 8.36E-13 6.13E+00 1.63E+09 1.01E+08 1.32E+07 1.03E-16 5.74E-43 2.43E-86 4.16E-02 1.11E-02 2.01E-40 3.12E+11 6.35E+08 5.99-171 9.61E+03 7.47E+12 2.40E+06
  1.25E+05 2.49E+02 2.09E-13 4.48E+00 2.96E+09 1.88E+08 9.32E+06 3.20E-17 4.89E-44 2.20E-86 1.30E-01 1.00E-02 1.34E-41 3.17E+11 7.22E+08 6.62-158 8.40E+03 6.76E+12 4.56E+06
  2.25E+05 1.16E+02 5.00E-14 2.83E+00 3.75E+09 2.63E+08 4.60E+06 6.58E-18 1.84E-45 1.99E-86 2.99E-01 9.04E-03 5.72E-43 3.34E+11 8.52E+08 3.68-145 8.33E+03 6.11E+12 9.93E+06
  3.25E+05 5.22E+01 1.11E-14 1.69E+00 4.25E+09 3.19E+08 2.07E+06 1.12E-18 4.68E-47 1.79E-86 6.91E-01 8.16E-03 1.87E-44 3.58E+11 9.72E+08 9.71-133 8.72E+03 5.52E+12 2.31E+07
  4.25E+05 2.30E+01 2.38E-15 9.98E-01 4.60E+09 3.53E+08 9.14E+05 1.67E-19 9.34E-49 1.62E-86 1.60E+00 7.35E-03 5.25E-46 3.84E+11 1.04E+09 1.18-120 9.02E+03 4.98E+12 5.69E+07
  5.25E+05 9.87E+00 4.86E-16 5.92E-01 4.86E+09 3.58E+08 4.11E+05 2.29E-20 1.55E-50 1.46E-86 3.77E+00 6.63E-03 1.28E-47 4.08E+11 1.04E+09 5.99-109 8.63E+03 4.49E+12 1.39E+08
  6.25E+05 4.03E+00 9.10E-17 3.49E-01 5.07E+09 3.32E+08 1.96E+05 2.90E-21 2.23E-52 1.32E-86 8.75E+00 5.98E-03 2.67E-49 4.27E+11 9.79E+08 1.14E-97 7.54E+03 4.05E+12 2.78E+08
  7.25E+05 1.68E+00 1.79E-17 2.18E-01 5.21E+09 2.93E+08 1.00E+05 3.47E-22 2.82E-54 1.19E-86 2.13E+01 5.39E-03 5.52E-51 4.41E+11 9.03E+08 7.03E-87 6.74E+03 3.66E+12 3.97E+08
  8.25E+05 8.18E-01 5.03E-18 1.66E-01 5.21E+09 2.67E+08 5.27E+04 3.95E-23 3.27E-56 1.07E-86 6.45E+01 4.85E-03 1.55E-52 4.52E+11 8.40E+08 1.21E-76 6.60E+03 3.29E+12 4.24E+08
  9.25E+05 4.70E-01 2.41E-18 1.58E-01 5.09E+09 2.57E+08 2.85E+04 4.47E-24 3.71E-58 9.64E-87 2.44E+02 4.36E-03 7.40E-54 4.57E+11 7.95E+08 4.90E-67 6.74E+03 2.96E+12 3.73E+08
  1.02E+06 2.81E-01 3.56E-18 1.78E-01 4.87E+09 2.46E+08 1.58E+04 6.26E-25 6.38E-60 8.56E-87 8.43E+02 3.87E-03 1.34E-54 4.56E+11 7.62E+08 4.06E-58 6.87E+03 2.63E+12 2.92E+08
  1.12E+06 1.34E-01 1.87E-17 2.58E-01 4.69E+09 2.23E+08 7.80E+03 4.65E-25 3.00E-60 7.37E-87 1.87E+03 3.32E-03 4.40E-54 4.71E+11 7.75E+08 5.76E-50 6.32E+03 2.26E+12 2.16E+08
  1.22E+06 3.20E-02 2.36E-16 8.27E-01 5.07E+09 1.96E+08 2.64E+03 1.29E-24 1.97E-59 6.32E-87 2.93E+03 2.83E-03 1.31E-52 5.81E+11 9.85E+08 1.08E-42 6.34E+03 1.93E+12 1.63E+08
  1.32E+06 5.36E-03 3.24E-15 3.26E+00 5.76E+09 1.62E+08 7.60E+02 2.81E-24 7.91E-59 5.40E-87 3.01E+03 2.39E-03 3.29E-51 7.83E+11 1.42E+09 2.00E-36 7.02E+03 1.64E+12 1.39E+08
  1.42E+06 6.00E-04 3.59E-14 1.16E+01 6.62E+09 1.31E+08 1.88E+02 3.41E-24 9.83E-59 4.60E-87 3.28E+03 1.98E-03 3.71E-50 1.16E+12 2.27E+09 4.88E-31 9.88E+03 1.38E+12 1.39E+08
  1.52E+06 7.97E-05 2.84E-13 3.24E+01 6.68E+09 1.11E+08 1.07E+02 3.58E-24 9.12E-59 3.91E-87 3.93E+03 1.62E-03 2.59E-49 1.57E+12 3.26E+09 1.86E-26 1.56E+04 1.15E+12 1.51E+08
  1.62E+06 1.09E-05 1.69E-12 7.30E+01 5.94E+09 9.17E+07 1.33E+02 3.43E-24 7.04E-59 3.32E-87 4.64E+03 1.30E-03 1.24E-48 2.02E+12 4.35E+09 1.51E-22 2.48E+04 9.45E+11 1.72E+08
  1.72E+06 2.11E-06 7.74E-12 1.34E+02 4.61E+09 7.01E+07 1.77E+02 4.94E-24 1.24E-58 2.82E-87 5.13E+03 1.02E-03 6.89E-48 2.45E+12 5.35E+09 3.34E-19 3.71E+04 7.72E+11 1.97E+08
  1.82E+06 1.61E-06 2.72E-11 1.99E+02 3.07E+09 4.79E+07 2.04E+02 1.25E-23 6.68E-58 2.40E-87 5.12E+03 7.81E-04 5.17E-47 2.80E+12 6.12E+09 2.49E-16 5.12E+04 6.25E+11 2.21E+08
  1.92E+06 2.32E-06 6.96E-11 2.24E+02 1.63E+09 2.72E+07 1.88E+02 3.10E-23 3.47E-57 2.04E-87 4.29E+03 5.86E-04 2.77E-46 3.07E+12 6.60E+09 7.40E-14 6.66E+04 5.00E+11 2.43E+08
  2.02E+06 2.87E-06 1.27E-10 1.87E+02 6.74E+08 1.24E+07 1.34E+02 5.26E-23 8.46E-57 1.73E-87 2.91E+03 4.29E-04 7.23E-46 3.25E+12 6.73E+09 1.02E-11 8.18E+04 3.97E+11 2.60E+08
  2.12E+06 3.34E-06 2.03E-10 1.43E+02 2.67E+08 5.45E+06 8.95E+01 7.73E-23 1.55E-56 1.47E-87 1.97E+03 3.07E-04 1.45E-45 3.33E+12 6.54E+09 7.29E-10 9.63E+04 3.13E+11 2.70E+08
  2.22E+06 3.72E-06 3.00E-10 1.04E+02 1.05E+08 2.43E+06 5.81E+01 1.02E-22 2.31E-56 1.25E-87 1.36E+03 2.14E-04 2.40E-45 3.34E+12 6.11E+09 3.05E-08 1.10E+05 2.45E+11 2.70E+08
  2.32E+06 3.99E-06 4.12E-10 7.28E+01 4.11E+07 1.09E+06 3.68E+01 1.22E-22 2.78E-56 1.06E-87 9.56E+02 1.44E-04 3.33E-45 3.29E+12 5.51E+09 8.09E-07 1.22E+05 1.91E+11 2.61E+08
  2.42E+06 4.08E-06 5.26E-10 4.91E+01 1.60E+07 4.95E+05 2.25E+01 1.29E-22 2.66E-56 9.01E-88 6.76E+02 9.44E-05 3.83E-45 3.18E+12 4.80E+09 1.46E-05 1.32E+05 1.47E+11 2.42E+08
  2.52E+06 3.97E-06 6.26E-10 3.18E+01 6.22E+06 2.25E+05 1.33E+01 1.21E-22 2.00E-56 7.67E-88 4.78E+02 5.95E-05 3.65E-45 3.03E+12 4.06E+09 1.86E-04 1.40E+05 1.13E+11 2.14E+08
  2.62E+06 3.65E-06 6.96E-10 1.99E+01 2.41E+06 1.05E+05 7.51E+00 1.01E-22 1.17E-56 6.53E-88 3.37E+02 3.58E-05 2.86E-45 2.84E+12 3.33E+09 1.76E-03 1.45E+05 8.58E+10 1.82E+08
  2.72E+06 3.16E-06 7.24E-10 1.20E+01 9.28E+05 5.96E+04 4.05E+00 7.32E-23 5.28E-57 5.57E-88 2.36E+02 2.05E-05 1.85E-45 2.63E+12 2.66E+09 1.26E-02 1.46E+05 6.47E+10 1.48E+08
  2.82E+06 2.61E-06 7.15E-10 7.13E+00 3.62E+05 6.14E+04 2.11E+00 4.79E-23 1.93E-57 4.75E-88 1.66E+02 1.11E-05 1.02E-45 2.39E+12 2.05E+09 7.06E-02 1.44E+05 4.84E+10 1.15E+08
  2.92E+06 2.05E-06 6.76E-10 4.16E+00 1.44E+05 1.13E+05 1.06E+00 2.86E-23 5.88E-58 4.05E-88 1.19E+02 5.59E-06 4.91E-46 2.14E+12 1.53E+09 3.15E-01 1.39E+05 3.59E+10 8.52E+07
  3.02E+06 1.53E-06 6.12E-10 2.39E+00 5.87E+04 1.62E+05 5.13E-01 1.55E-23 1.47E-58 3.45E-88 8.64E+01 2.61E-06 2.05E-46 1.89E+12 1.11E+09 1.14E+00 1.31E+05 2.63E+10 6.05E+07
  3.12E+06 1.12E-06 5.43E-10 1.39E+00 2.49E+04 1.64E+05 2.45E-01 7.99E-24 3.35E-59 2.94E-88 6.50E+01 1.12E-06 8.05E-47 1.65E+12 7.71E+08 3.44E+00 1.21E+05 1.91E+10 4.11E+07
  3.22E+06 8.06E-07 4.80E-10 8.28E-01 1.12E+04 1.50E+05 1.17E-01 4.04E-24 7.33E-60 2.51E-88 5.13E+01 4.43E-07 3.08E-47 1.42E+12 5.21E+08 8.75E+00 1.09E+05 1.38E+10 2.67E+07
  3.32E+06 5.76E-07 4.25E-10 5.06E-01 5.33E+03 1.33E+05 5.65E-02 2.02E-24 1.57E-60 2.15E-88 4.20E+01 1.59E-07 1.17E-47 1.22E+12 3.42E+08 1.92E+01 9.65E+04 9.89E+09 1.67E+07
  3.42E+06 4.16E-07 3.84E-10 3.25E-01 2.73E+03 1.16E+05 2.79E-02 1.05E-24 3.61E-61 1.84E-88 3.56E+01 5.16E-08 4.69E-48 1.04E+12 2.20E+08 3.72E+01 8.36E+04 7.04E+09 9.99E+06
  3.52E+06 3.11E-07 3.63E-10 2.22E-01 1.52E+03 1.01E+05 1.45E-02 5.81E-25 9.59E-62 1.57E-88 3.12E+01 1.52E-08 2.12E-48 8.79E+11 1.40E+08 6.46E+01 7.08E+04 4.99E+09 5.76E+06
  3.62E+06 2.45E-07 3.65E-10 1.66E-01 9.36E+02 8.70E+04 8.05E-03 3.60E-25 3.18E-62 1.35E-88 2.78E+01 4.05E-09 1.14E-48 7.43E+11 8.76E+07 1.03E+02 5.86E+04 3.53E+09 3.19E+06
  3.72E+06 2.05E-07 3.93E-10 1.35E-01 6.40E+02 7.53E+04 4.82E-03 2.55E-25 1.37E-62 1.16E-88 2.46E+01 9.97E-10 7.48E-49 6.26E+11 5.44E+07 1.51E+02 4.73E+04 2.51E+09 1.70E+06
  3.82E+06 1.82E-07 4.49E-10 1.19E-01 4.77E+02 6.53E+04 3.08E-03 2.00E-25 7.35E-63 1.00E-88 2.13E+01 2.24E-10 5.82E-49 5.24E+11 3.33E+07 2.10E+02 3.70E+04 1.79E+09 8.74E+05
  3.92E+06 1.68E-07 5.33E-10 1.10E-01 3.79E+02 5.67E+04 2.08E-03 1.70E-25 4.61E-63 8.67E-89 1.78E+01 4.62E-11 5.10E-49 4.35E+11 1.99E+07 2.78E+02 2.80E+04 1.27E+09 4.33E+05
  4.02E+06 1.59E-07 6.46E-10 1.07E-01 3.13E+02 4.94E+04 1.46E-03 1.53E-25 3.22E-63 7.52E-89 1.44E+01 8.88E-12 4.82E-49 3.57E+11 1.16E+07 3.53E+02 2.03E+04 9.15E+08 2.08E+05
  4.12E+06 1.55E-07 7.91E-10 1.06E-01 2.66E+02 4.31E+04 1.06E-03 1.42E-25 2.45E-63 6.53E-89 1.14E+01 1.60E-12 4.81E-49 2.90E+11 6.43E+06 4.36E+02 1.40E+04 6.61E+08 9.81E+04
  4.22E+06 1.54E-07 9.73E-10 1.07E-01 2.30E+02 3.77E+04 8.10E-04 1.39E-25 2.04E-63 5.69E-89 8.90E+00 2.79E-13 5.04E-49 2.33E+11 3.43E+06 5.26E+02 9.27E+03 4.80E+08 4.57E+04
  4.32E+06 1.55E-07 1.20E-09 1.10E-01 2.00E+02 3.31E+04 6.46E-04 1.42E-25 1.87E-63 4.98E-89 6.85E+00 5.51E-14 5.59E-49 1.86E+11 1.77E+06 6.28E+02 5.87E+03 3.52E+08 2.13E+04
  4.42E+06 1.58E-07 1.49E-09 1.15E-01 1.76E+02 2.91E+04 5.39E-04 1.52E-25 1.88E-63 4.36E-89 5.24E+00 1.76E-14 6.54E-49 1.49E+11 8.94E+05 7.47E+02 3.60E+03 2.61E+08 1.00E+04
  4.52E+06 1.62E-07 1.87E-09 1.23E-01 1.55E+02 2.57E+04 4.69E-04 1.69E-25 2.07E-63 3.83E-89 3.99E+00 1.06E-14 8.06E-49 1.18E+11 4.45E+05 8.90E+02 2.15E+03 1.95E+08 4.79E+03
  4.62E+06 1.67E-07 2.35E-09 1.32E-01 1.37E+02 2.27E+04 4.22E-04 1.95E-25 2.43E-63 3.37E-89 3.02E+00 8.83E-15 1.03E-48 9.45E+10 2.20E+05 1.06E+03 1.26E+03 1.48E+08 2.31E+03
  4.72E+06 1.71E-07 2.95E-09 1.43E-01 1.21E+02 2.01E+04 3.87E-04 2.27E-25 2.91E-63 2.97E-89 2.29E+00 8.09E-15 1.33E-48 7.53E+10 1.09E+05 1.25E+03 7.35E+02 1.13E+08 1.13E+03
  4.82E+06 1.72E-07 3.67E-09 1.55E-01 1.07E+02 1.77E+04 3.58E-04 2.63E-25 3.45E-63 2.61E-89 1.72E+00 7.68E-15 1.70E-48 5.98E+10 5.39E+04 1.46E+03 4.24E+02 8.67E+07 5.57E+02
  4.92E+06 1.70E-07 4.55E-09 1.66E-01 9.45E+01 1.56E+04 3.32E-04 3.03E-25 4.03E-63 2.29E-89 1.28E+00 7.47E-15 2.14E-48 4.74E+10 2.66E+04 1.67E+03 2.43E+02 6.71E+07 2.76E+02
  5.02E+06 1.67E-07 5.60E-09 1.78E-01 8.34E+01 1.38E+04 3.09E-04 3.46E-25 4.65E-63 2.01E-89 9.58E-01 7.41E-15 2.66E-48 3.76E+10 1.32E+04 1.89E+03 1.39E+02 5.24E+07 1.38E+02
  5.12E+06 1.62E-07 6.88E-09 1.91E-01 7.36E+01 1.22E+04 2.88E-04 3.94E-25 5.31E-63 1.77E-89 7.13E-01 7.49E-15 3.28E-48 2.98E+10 6.62E+03 2.12E+03 7.97E+01 4.11E+07 6.96E+01
  5.22E+06 1.56E-07 8.41E-09 2.04E-01 6.49E+01 1.07E+04 2.70E-04 4.47E-25 6.02E-63 1.55E-89 5.31E-01 7.70E-15 4.00E-48 2.36E+10 3.33E+03 2.36E+03 4.57E+01 3.25E+07 3.54E+01
  5.32E+06 1.49E-07 1.03E-08 2.18E-01 5.71E+01 9.42E+03 2.53E-04 5.06E-25 6.79E-63 1.36E-89 3.95E-01 8.04E-15 4.87E-48 1.87E+10 1.69E+03 2.61E+03 2.63E+01 2.58E+07 1.81E+01
  5.42E+06 1.43E-07 1.25E-08 2.32E-01 5.03E+01 8.28E+03 2.39E-04 5.73E-25 7.68E-63 1.19E-89 2.94E-01 8.48E-15 5.92E-48 1.48E+10 8.60E+02 2.86E+03 1.51E+01 2.05E+07 9.38E+00
  5.52E+06 1.37E-07 1.52E-08 2.46E-01 4.42E+01 7.28E+03 2.26E-04 6.52E-25 8.75E-63 1.04E-89 2.19E-01 9.04E-15 7.20E-48 1.17E+10 4.43E+02 3.13E+03 8.75E+00 1.64E+07 4.89E+00
  5.62E+06 1.32E-07 1.85E-08 2.62E-01 3.88E+01 6.39E+03 2.15E-04 7.47E-25 1.01E-62 9.06E-90 1.63E-01 9.69E-15 8.80E-48 9.27E+09 2.30E+02 3.40E+03 5.08E+00 1.32E+07 2.58E+00
  5.72E+06 1.28E-07 2.24E-08 2.78E-01 3.40E+01 5.61E+03 2.05E-04 8.63E-25 1.18E-62 7.91E-90 1.22E-01 1.04E-14 1.08E-47 7.30E+09 1.21E+02 3.67E+03 2.96E+00 1.06E+07 1.37E+00
  5.82E+06 1.25E-07 2.71E-08 2.95E-01 2.98E+01 4.92E+03 1.98E-04 1.01E-24 1.42E-62 6.89E-90 9.05E-02 1.12E-14 1.35E-47 5.73E+09 6.39E+01 3.96E+03 1.73E+00 8.53E+06 7.39E-01
  5.92E+06 1.23E-07 3.29E-08 3.13E-01 2.61E+01 4.31E+03 1.91E-04 1.19E-24 1.74E-62 6.00E-90 6.73E-02 1.21E-14 1.69E-47 4.49E+09 3.44E+01 4.24E+03 1.02E+00 6.89E+06 4.04E-01
  6.02E+06 1.22E-07 3.98E-08 3.31E-01 2.28E+01 3.77E+03 1.86E-04 1.43E-24 2.19E-62 5.22E-90 5.01E-02 1.31E-14 2.15E-47 3.50E+09 1.87E+01 4.53E+03 6.09E-01 5.58E+06 2.24E-01
  6.12E+06 1.22E-07 4.81E-08 3.50E-01 1.99E+01 3.30E+03 1.82E-04 1.73E-24 2.81E-62 4.53E-90 3.72E-02 1.40E-14 2.76E-47 2.72E+09 1.03E+01 4.83E+03 3.66E-01 4.53E+06 1.26E-01
  6.22E+06 1.24E-07 5.81E-08 3.70E-01 1.74E+01 2.88E+03 1.79E-04 2.12E-24 3.68E-62 3.93E-90 2.76E-02 1.50E-14 3.57E-47 2.10E+09 5.81E+00 5.12E+03 2.22E-01 3.68E+06 7.18E-02
  6.32E+06 1.26E-07 7.01E-08 3.90E-01 1.51E+01 2.52E+03 1.76E-04 2.61E-24 4.90E-62 3.40E-90 2.04E-02 1.60E-14 4.64E-47 1.62E+09 3.32E+00 5.42E+03 1.37E-01 2.99E+06 4.17E-02
  6.42E+06 1.30E-07 8.44E-08 4.10E-01 1.31E+01 2.20E+03 1.74E-04 3.26E-24 6.67E-62 2.94E-90 1.51E-02 1.70E-14 6.10E-47 1.25E+09 1.93E+00 5.71E+03 8.51E-02 2.44E+06 2.47E-02
  6.52E+06 1.36E-07 1.01E-07 4.31E-01 1.14E+01 1.91E+03 1.74E-04 4.14E-24 9.40E-62 2.54E-90 1.11E-02 1.81E-14 8.12E-47 9.54E+08 1.15E+00 6.01E+03 5.37E-02 1.98E+06 1.50E-02
  6.62E+06 1.47E-07 1.21E-07 4.50E-01 9.83E+00 1.67E+03 1.76E-04 5.45E-24 1.42E-61 2.19E-90 8.22E-03 1.94E-14 1.12E-46 7.22E+08 7.09E-01 6.29E+03 3.46E-02 1.62E+06 9.41E-03
  6.72E+06 1.67E-07 1.44E-07 4.66E-01 8.49E+00 1.45E+03 1.84E-04 7.65E-24 2.44E-61 1.88E-90 6.06E-03 2.11E-14 1.62E-46 5.37E+08 4.62E-01 6.54E+03 2.29E-02 1.32E+06 6.28E-03
  6.82E+06 2.05E-07 1.70E-07 4.79E-01 7.31E+00 1.26E+03 2.00E-04 1.17E-23 4.97E-61 1.61E-90 4.47E-03 2.37E-14 2.54E-46 3.89E+08 3.26E-01 6.73E+03 1.57E-02 1.08E+06 4.55E-03
  6.92E+06 2.73E-07 1.97E-07 4.84E-01 6.28E+00 1.09E+03 2.27E-04 1.95E-23 1.20E-60 1.38E-90 3.31E-03 2.76E-14 4.29E-46 2.75E+08 2.50E-01 6.81E+03 1.13E-02 8.77E+05 3.61E-03
  7.02E+06 3.84E-07 2.25E-07 4.82E-01 5.39E+00 9.46E+02 2.63E-04 3.43E-23 3.23E-60 1.18E-90 2.47E-03 3.35E-14 7.50E-46 1.91E+08 2.07E-01 6.78E+03 8.38E-03 7.14E+05 3.09E-03
  7.12E+06 5.47E-07 2.53E-07 4.70E-01 4.62E+00 8.18E+02 3.02E-04 6.00E-23 8.58E-60 1.01E-90 1.85E-03 4.22E-14 1.28E-45 1.32E+08 1.77E-01 6.62E+03 6.37E-03 5.81E+05 2.73E-03
  7.22E+06 7.56E-07 2.80E-07 4.51E-01 3.95E+00 7.07E+02 3.34E-04 9.86E-23 2.01E-59 8.54E-91 1.40E-03 5.42E-14 2.01E-45 9.20E+07 1.51E-01 6.37E+03 4.86E-03 4.73E+05 2.37E-03
  7.32E+06 9.85E-07 3.05E-07 4.27E-01 3.38E+00 6.10E+02 3.48E-04 1.47E-22 3.88E-59 7.23E-91 1.06E-03 6.96E-14 2.84E-45 6.53E+07 1.24E-01 6.09E+03 3.67E-03 3.84E+05 1.97E-03
  7.42E+06 1.17E-06 3.29E-07 3.98E-01 2.88E+00 5.24E+02 3.35E-04 1.92E-22 5.71E-59 6.09E-91 8.02E-04 8.82E-14 3.45E-45 4.71E+07 9.47E-02 5.79E+03 2.69E-03 3.10E+05 1.50E-03
  7.52E+06 1.27E-06 3.53E-07 3.67E-01 2.45E+00 4.49E+02 2.94E-04 2.17E-22 6.26E-59 5.10E-91 5.98E-04 1.09E-13 3.60E-45 3.43E+07 6.60E-02 5.52E+03 1.89E-03 2.50E+05 1.03E-03
  7.62E+06 1.30E-06 3.80E-07 3.40E-01 2.08E+00 3.84E+02 2.48E-04 2.29E-22 6.00E-59 4.26E-91 4.47E-04 1.32E-13 3.52E-45 2.53E+07 4.33E-02 5.35E+03 1.30E-03 2.01E+05 6.59E-04
  7.72E+06 1.36E-06 4.06E-07 3.12E-01 1.76E+00 3.28E+02 2.07E-04 2.43E-22 5.82E-59 3.55E-91 3.39E-04 1.56E-13 3.43E-45 1.83E+07 2.76E-02 5.20E+03 8.99E-04 1.61E+05 4.20E-04
  7.82E+06 1.27E-06 4.37E-07 2.89E-01 1.49E+00 2.81E+02 1.57E-04 2.14E-22 3.90E-59 2.94E-91 2.68E-04 1.80E-13 2.81E-45 1.39E+07 1.56E-02 5.29E+03 6.10E-04 1.29E+05 2.36E-04
  7.92E+06 5.25E-07 5.37E-07 3.06E-01 1.22E+00 2.39E+02 7.14E-05 6.68E-23 3.27E-60 2.43E-91 2.30E-04 2.05E-13 9.27E-46 1.43E+07 6.26E-03 6.62E+03 3.21E-04 1.04E+05 7.61E-05
  8.02E+06 8.01E-08 7.23E-07 3.54E-01 9.53E-01 2.04E+02 1.75E-05 5.98E-24 2.29E-62 2.00E-91 2.27E-04 2.22E-13 9.63E-47 2.04E+07 1.82E-03 9.70E+03 1.11E-04 8.30E+04 1.33E-05
  8.12E+06 9.20E-09 9.12E-07 3.84E-01 7.35E-01 1.74E+02 3.59E-06 3.79E-25 7.91E-65 1.64E-91 2.52E-04 2.15E-13 6.62E-48 2.99E+07 4.69E-04 1.39E+04 3.44E-05 6.63E+04 1.80E-06
  8.22E+06 1.18E-09 1.07E-06 3.86E-01 5.72E-01 1.48E+02 7.92E-07 2.82E-26 3.77E-67 1.33E-91 2.88E-04 1.81E-13 4.97E-49 4.03E+07 1.18E-04 1.89E+04 1.46E-05 5.28E+04 2.49E-07
  8.32E+06 1.80E-10 1.19E-06 3.69E-01 4.50E-01 1.25E+02 1.98E-07 2.73E-27 3.03E-69 1.07E-91 3.18E-04 1.36E-13 4.61E-50 5.00E+07 2.95E-05 2.57E+04 8.61E-06 4.19E+04 4.22E-08
  8.42E+06 3.29E-11 1.28E-06 3.43E-01 3.57E-01 1.06E+02 5.60E-08 3.38E-28 4.04E-71 8.58E-92 3.33E-04 9.58E-14 5.32E-51 5.78E+07 7.64E-06 3.64E+04 5.99E-06 3.32E+04 9.76E-09
  8.52E+06 6.97E-12 1.37E-06 3.14E-01 2.84E-01 8.93E+01 1.76E-08 5.21E-29 8.78E-73 6.80E-92 3.31E-04 6.53E-14 7.52E-52 6.31E+07 2.12E-06 5.52E+04 4.43E-06 2.63E+04 2.97E-09
  8.62E+06 1.69E-12 1.44E-06 2.83E-01 2.27E-01 7.51E+01 6.12E-09 9.78E-30 3.42E-74 5.32E-92 3.12E-04 4.43E-14 1.28E-52 6.55E+07 6.59E-07 9.04E+04 3.35E-06 2.07E+04 1.06E-09
  8.72E+06 4.64E-13 1.50E-06 2.53E-01 1.81E-01 6.30E+01 2.31E-09 2.21E-30 2.81E-75 4.12E-92 2.81E-04 3.03E-14 2.59E-53 6.51E+07 2.38E-07 1.58E+05 2.53E-06 1.62E+04 4.12E-10
  8.82E+06 1.42E-13 1.56E-06 2.25E-01 1.44E-01 5.26E+01 9.44E-10 5.99E-31 4.45E-76 3.14E-92 2.41E-04 2.09E-14 6.31E-54 6.22E+07 9.76E-08 2.84E+05 1.89E-06 1.27E+04 1.66E-10
  8.92E+06 4.77E-14 1.62E-06 2.00E-01 1.14E-01 4.37E+01 4.13E-10 2.00E-31 1.07E-76 2.36E-92 1.99E-04 1.47E-14 1.88E-54 5.74E+07 4.34E-08 5.17E+05 1.38E-06 9.93E+03 6.73E-11
  9.02E+06 1.74E-14 1.67E-06 1.77E-01 8.95E-02 3.61E+01 1.92E-10 8.46E-32 3.48E-77 1.75E-92 1.58E-04 1.04E-14 7.10E-55 5.12E+07 1.99E-08 9.31E+05 9.71E-07 7.73E+03 2.72E-11
  9.12E+06 6.88E-15 1.73E-06 1.56E-01 6.97E-02 2.97E+01 9.38E-11 4.54E-32 1.46E-77 1.27E-92 1.22E-04 7.54E-15 3.40E-55 4.44E+07 9.03E-09 1.63E+06 6.59E-07 6.00E+03 1.09E-11
  9.22E+06 2.90E-15 1.78E-06 1.37E-01 5.38E-02 2.43E+01 4.81E-11 2.97E-32 7.53E-78 9.00E-93 9.04E-05 5.55E-15 1.98E-55 3.75E+07 4.04E-09 2.76E+06 4.34E-07 4.64E+03 4.32E-12
  9.32E+06 1.30E-15 1.83E-06 1.20E-01 4.11E-02 1.97E+01 2.56E-11 2.22E-32 4.42E-78 6.25E-93 6.52E-05 4.17E-15 1.31E-55 3.09E+07 1.77E-09 4.48E+06 2.80E-07 3.59E+03 1.70E-12
  9.42E+06 6.11E-16 1.88E-06 1.04E-01 3.10E-02 1.59E+01 1.42E-11 1.80E-32 2.80E-78 4.23E-93 4.57E-05 3.20E-15 9.38E-56 2.49E+07 7.64E-10 6.95E+06 1.78E-07 2.77E+03 6.70E-13
  9.52E+06 3.02E-16 1.93E-06 9.03E-02 2.31E-02 1.27E+01 8.05E-12 1.52E-32 1.85E-78 2.79E-93 3.12E-05 2.52E-15 7.01E-56 1.97E+07 3.26E-10 1.03E+07 1.13E-07 2.14E+03 2.66E-13
  9.62E+06 1.55E-16 1.96E-06 7.80E-02 1.70E-02 1.00E+01 4.71E-12 1.32E-32 1.24E-78 1.79E-93 2.09E-05 2.05E-15 5.37E-56 1.52E+07 1.38E-10 1.48E+07 7.10E-08 1.66E+03 1.06E-13
  9.72E+06 8.35E-17 1.99E-06 6.69E-02 1.24E-02 7.87E+00 2.82E-12 1.17E-32 8.43E-79 1.11E-93 1.37E-05 1.75E-15 4.16E-56 1.16E+07 5.86E-11 2.03E+07 4.47E-08 1.30E+03 4.32E-14
  9.82E+06 4.69E-17 2.00E-06 5.71E-02 8.88E-03 6.11E+00 1.74E-12 1.05E-32 5.72E-79 6.69E-94 9.01E-06 1.58E-15 3.25E-56 8.60E+06 2.50E-11 2.68E+07 2.82E-08 1.03E+03 1.79E-14
  9.92E+06 2.78E-17 2.00E-06 4.84E-02 6.39E-03 4.68E+00 1.10E-12 9.51E-33 3.86E-79 3.92E-94 6.13E-06 1.55E-15 2.53E-56 6.25E+06 1.14E-11 3.43E+07 1.78E-08 8.29E+02 7.85E-15

     Z        N2O5     CO2      SO4AER   S8AER   
  2.50E+04 1.49E+02 5.16E+15 5.07E+09 2.49E-19
  1.25E+05 2.58E+02 4.67E+15 5.39E+09 2.25E-19
  2.25E+05 6.01E+02 4.22E+15 6.56E+09 2.04E-19
  3.25E+05 1.64E+03 3.81E+15 8.07E+09 1.84E-19
  4.25E+05 4.81E+03 3.44E+15 9.57E+09 1.66E-19
  5.25E+05 1.27E+04 3.11E+15 1.09E+10 1.50E-19
  6.25E+05 2.30E+04 2.80E+15 1.21E+10 1.35E-19
  7.25E+05 2.94E+04 2.53E+15 1.30E+10 1.22E-19
  8.25E+05 3.34E+04 2.28E+15 1.37E+10 1.10E-19
  9.25E+05 3.65E+04 2.05E+15 1.42E+10 9.89E-20
  1.02E+06 3.76E+04 1.82E+15 1.46E+10 8.78E-20
  1.12E+06 3.93E+04 1.57E+15 1.54E+10 7.56E-20
  1.22E+06 5.58E+04 1.34E+15 1.89E+10 6.48E-20
  1.32E+06 1.02E+05 1.15E+15 2.35E+10 5.54E-20
  1.42E+06 2.67E+05 9.79E+14 2.88E+10 4.72E-20
  1.52E+06 6.55E+05 8.33E+14 3.08E+10 4.02E-20
  1.62E+06 1.46E+06 7.09E+14 2.93E+10 3.42E-20
  1.72E+06 2.73E+06 6.03E+14 2.50E+10 2.91E-20
  1.82E+06 4.34E+06 5.13E+14 1.95E+10 2.47E-20
  1.92E+06 6.10E+06 4.37E+14 1.42E+10 2.10E-20
  2.02E+06 7.72E+06 3.72E+14 9.92E+09 1.79E-20
  2.12E+06 9.00E+06 3.16E+14 6.83E+09 1.52E-20
  2.22E+06 9.90E+06 2.69E+14 4.69E+09 1.30E-20
  2.32E+06 1.03E+07 2.29E+14 3.25E+09 1.10E-20
  2.42E+06 1.01E+07 1.96E+14 2.27E+09 9.41E-21
  2.52E+06 9.44E+06 1.67E+14 1.60E+09 8.03E-21
  2.62E+06 8.29E+06 1.42E+14 1.15E+09 6.86E-21
  2.72E+06 6.87E+06 1.22E+14 8.26E+08 5.86E-21
  2.82E+06 5.35E+06 1.04E+14 6.01E+08 5.01E-21
  2.92E+06 3.92E+06 8.90E+13 4.42E+08 4.28E-21
  3.02E+06 2.72E+06 7.61E+13 3.27E+08 3.66E-21
  3.12E+06 1.78E+06 6.52E+13 2.44E+08 3.13E-21
  3.22E+06 1.11E+06 5.58E+13 1.83E+08 2.68E-21
  3.32E+06 6.55E+05 4.78E+13 1.36E+08 2.30E-21
  3.42E+06 3.69E+05 4.11E+13 1.00E+08 1.97E-21
  3.52E+06 1.98E+05 3.54E+13 7.38E+07 1.70E-21
  3.62E+06 1.01E+05 3.05E+13 5.40E+07 1.46E-21
  3.72E+06 4.89E+04 2.63E+13 3.94E+07 1.27E-21
  3.82E+06 2.22E+04 2.28E+13 2.87E+07 1.10E-21
  3.92E+06 9.37E+03 1.98E+13 2.08E+07 9.52E-22
  4.02E+06 3.67E+03 1.73E+13 1.51E+07 8.28E-22
  4.12E+06 1.33E+03 1.51E+13 1.09E+07 7.23E-22
  4.22E+06 4.49E+02 1.32E+13 7.82E+06 6.33E-22
  4.32E+06 1.45E+02 1.16E+13 5.62E+06 5.56E-22
  4.42E+06 4.58E+01 1.02E+13 4.04E+06 4.89E-22
  4.52E+06 1.43E+01 9.00E+12 2.90E+06 4.32E-22
  4.62E+06 4.41E+00 7.95E+12 2.07E+06 3.82E-22
  4.72E+06 1.36E+00 7.03E+12 1.48E+06 3.38E-22
  4.82E+06 4.21E-01 6.21E+12 1.04E+06 2.98E-22
  4.92E+06 1.30E-01 5.49E+12 7.32E+05 2.64E-22
  5.02E+06 4.08E-02 4.84E+12 5.10E+05 2.33E-22
  5.12E+06 1.29E-02 4.27E+12 3.51E+05 2.05E-22
  5.22E+06 4.12E-03 3.76E+12 2.39E+05 1.81E-22
  5.32E+06 1.33E-03 3.31E+12 1.60E+05 1.59E-22
  5.42E+06 4.34E-04 2.91E+12 1.05E+05 1.40E-22
  5.52E+06 1.43E-04 2.56E+12 6.78E+04 1.23E-22
  5.62E+06 4.77E-05 2.25E+12 4.27E+04 1.08E-22
  5.72E+06 1.61E-05 1.98E+12 2.61E+04 9.51E-23
  5.82E+06 5.54E-06 1.73E+12 1.55E+04 8.35E-23
  5.92E+06 1.93E-06 1.52E+12 8.92E+03 7.32E-23
  6.02E+06 6.88E-07 1.33E+12 4.92E+03 6.42E-23
  6.12E+06 2.50E-07 1.17E+12 2.60E+03 5.62E-23
  6.22E+06 9.31E-08 1.02E+12 1.30E+03 4.92E-23
  6.32E+06 3.56E-08 8.92E+11 6.19E+02 4.30E-23
  6.42E+06 1.40E-08 7.79E+11 2.75E+02 3.76E-23
  6.52E+06 5.65E-09 6.80E+11 1.14E+02 3.28E-23
  6.62E+06 2.39E-09 5.93E+11 4.32E+01 2.86E-23
  6.72E+06 1.08E-09 5.16E+11 1.49E+01 2.50E-23
  6.82E+06 5.32E-10 4.49E+11 4.61E+00 2.17E-23
  6.92E+06 2.91E-10 3.90E+11 1.26E+00 1.89E-23
  7.02E+06 1.73E-10 3.39E+11 2.95E-01 1.64E-23
  7.12E+06 1.08E-10 2.94E+11 5.84E-02 1.43E-23
  7.22E+06 6.75E-11 2.54E+11 9.45E-03 1.24E-23
  7.32E+06 4.06E-11 2.20E+11 1.20E-03 1.07E-23
  7.42E+06 2.24E-11 1.90E+11 1.13E-04 9.26E-24
  7.52E+06 1.10E-11 1.63E+11 7.39E-06 7.97E-24
  7.62E+06 5.06E-12 1.40E+11 2.99E-07 6.87E-24
  7.72E+06 2.31E-12 1.20E+11 6.30E-09 5.91E-24
  7.82E+06 9.50E-13 1.03E+11 4.82E-11 5.09E-24
  7.92E+06 2.29E-13 8.86E+10 3.43E-14 4.38E-24
  8.02E+06 2.91E-14 7.60E+10 3.55E-16 3.78E-24
  8.12E+06 2.81E-15 6.52E+10 1.78E-18 3.25E-24
  8.22E+06 2.93E-16 5.58E+10 3.93E-21 2.80E-24
  8.32E+06 4.98E-17 4.78E+10 3.31E-24 2.41E-24
  8.42E+06 1.66E-17 4.09E+10 2.08E-24 2.08E-24
  8.52E+06 7.84E-18 3.50E+10 1.79E-24 1.79E-24
  8.62E+06 4.11E-18 2.99E+10 1.54E-24 1.54E-24
  8.72E+06 2.20E-18 2.56E+10 1.33E-24 1.33E-24
  8.82E+06 1.16E-18 2.18E+10 1.15E-24 1.15E-24
  8.92E+06 5.85E-19 1.86E+10 9.87E-25 9.87E-25
  9.02E+06 2.79E-19 1.58E+10 8.51E-25 8.51E-25
  9.12E+06 1.25E-19 1.35E+10 7.33E-25 7.33E-25
  9.22E+06 5.28E-20 1.14E+10 6.32E-25 6.32E-25
  9.32E+06 2.15E-20 9.69E+09 5.45E-25 5.45E-25
  9.42E+06 8.57E-21 8.20E+09 4.71E-25 4.71E-25
  9.52E+06 3.39E-21 6.93E+09 4.06E-25 4.06E-25
  9.62E+06 1.34E-21 5.84E+09 3.50E-25 3.50E-25
  9.72E+06 5.33E-22 4.92E+09 3.03E-25 3.03E-25
  9.82E+06 2.13E-22 4.13E+09 2.61E-25 2.61E-25
  9.92E+06 8.72E-23 3.46E+09 2.26E-25 2.26E-25

 FLUXES OF LONG-LIVED SPECIES


     Z        O         O2        H2O       H         OH        HO2       H2O2      H2        CO        HCO       H2CO      CH4       CH3       C2H6      NO        NO2       HNO       H2S     
  0.00E+00 -1.41E+03  6.43E+11  9.47E+12 -1.63E-01 -1.12E+06 -2.76E+08 -5.42E+09 -1.55E+10  1.52E+11  4.18E-03 -1.21E+09  1.09E+11 -5.68E-02  7.74E-21 -1.64E+04 -3.34E+05 -4.07E+02  2.00E+08
  5.00E+04 -4.01E+02  5.87E+11  0.00E+00 -3.09E-02 -1.55E+05 -1.30E+07 -3.00E+09 -1.43E+10  1.41E+11 -1.23E-03  1.26E+08  9.64E+10 -6.49E-04  5.15E-10 -9.22E+06 -2.68E+06 -2.55E+00  1.33E+08
  1.50E+05 -5.61E+02  4.70E+11  0.00E+00 -3.35E-02 -1.88E+05 -1.76E+06 -5.60E+08 -1.14E+10  1.22E+11 -4.25E-04  6.14E+08  7.46E+10 -1.01E-03  1.18E-09 -1.52E+07 -1.32E+07  1.18E+02  5.84E+07
  2.50E+05 -7.46E+02  3.70E+11  0.00E+00 -3.16E-02 -1.82E+05  6.80E+06  1.21E+09 -8.69E+09  1.04E+11 -1.27E-04  5.79E+08  5.62E+10  6.86E-04  1.44E-09 -2.19E+07 -2.01E+07  7.74E+01  2.52E+07
  3.50E+05 -9.55E+02  2.91E+11  0.00E+00 -3.07E-02 -1.78E+05  1.25E+07  2.50E+09 -6.36E+09  8.68E+10  9.74E-05  5.14E+08  4.10E+10  1.60E-03  1.14E-09 -2.90E+07 -2.38E+07  4.36E+01  1.07E+07
  4.50E+05 -1.13E+03  2.29E+11  0.00E+00 -1.86E-02 -1.17E+05  1.82E+07  2.90E+09 -4.45E+09  7.03E+10  5.55E-04  5.04E+08  2.88E+10  4.75E-03  2.10E-10 -3.01E+07 -1.54E+07  2.52E+01  4.43E+06
  5.50E+05 -1.25E+03  1.82E+11  0.00E+00  7.76E-03  3.26E+04  2.08E+07  2.65E+09 -2.96E+09  5.53E+10  1.09E-03  4.95E+08  1.98E+10  8.54E-03 -1.52E-09 -1.26E+07  1.06E+07  1.53E+01  1.82E+06
  6.50E+05 -1.35E+03  1.50E+11  0.00E+00  2.49E-02  1.34E+05  2.00E+07  2.15E+09 -1.84E+09  4.29E+10  1.10E-03  3.97E+08  1.40E+10  8.46E-03 -3.75E-09  2.09E+06  2.26E+07  7.46E+00  7.70E+05
  7.50E+05 -1.47E+03  1.30E+11  0.00E+00  1.02E-02  4.61E+04  1.77E+07  1.64E+09 -1.07E+09  3.37E+10  6.24E-04  2.33E+08  1.07E+10  4.69E-03 -5.80E-09 -2.47E+07  3.02E+06  2.27E+00  3.59E+05
  8.50E+05 -1.59E+03  1.15E+11  0.00E+00 -9.43E-03 -6.97E+04  1.44E+07  1.14E+09 -5.77E+08  2.64E+10  2.88E-04  1.19E+08  8.73E+09  2.22E-03 -7.43E-09 -7.18E+07 -1.30E+07  4.89E-01  1.80E+05
  9.50E+05 -1.67E+03  1.01E+11  0.00E+00 -1.49E-02 -9.62E+04  9.53E+06  6.76E+08 -2.68E+08  1.97E+10  1.54E-04  6.34E+07  7.51E+09  1.45E-03 -8.75E-09 -1.00E+08 -1.06E+07  2.98E-01  8.74E+04
  1.05E+06 -2.64E+03  8.79E+10  0.00E+00 -1.91E-02 -6.53E+04  3.10E+06  3.21E+08 -5.90E+07  1.36E+10  1.36E-05  1.73E+07  6.70E+09 -1.49E-04 -9.84E-09 -7.24E+07 -1.12E+07  4.01E-01  3.62E+04
  1.15E+06 -2.08E+03  7.67E+10  2.58E+12 -2.39E-03 -3.81E+02  1.35E+06  1.07E+08  8.57E+07  8.59E+09  9.71E-06  4.60E+06  6.11E+09 -1.03E-05 -1.08E-08 -4.18E+07 -1.16E+07  1.71E-01  1.05E+04
  1.25E+06 -2.41E+03  6.87E+10 -1.02E+10  5.25E-04  7.87E+03  4.79E+05  2.47E+07  1.89E+08  5.10E+09  8.80E-06  2.38E+06  5.68E+09  2.62E-05 -1.16E-08 -3.17E+07 -1.24E+07  5.92E-02  2.28E+03
  1.35E+06 -2.80E+03  6.35E+10 -1.00E+10  1.03E-03  5.57E+03  1.34E+05  3.59E+06  2.60E+08  3.01E+09  4.25E-06  8.91E+05  5.41E+09  1.83E-05 -1.24E-08 -2.40E+07 -1.54E+07  1.43E-02  3.80E+02
  1.45E+06 -4.03E+03  6.04E+10 -9.93E+09 -1.06E-04 -2.66E+02  2.33E+04  3.97E+05  3.07E+08  1.91E+09 -5.33E-07  1.71E+05  5.23E+09 -1.50E-05 -1.32E-08 -1.87E+07 -1.77E+07  2.05E-03  6.49E+01
  1.55E+06 -5.82E+03  5.83E+10 -9.89E+09 -3.63E-04 -1.70E+03  1.52E+03  4.23E+04  3.43E+08  1.26E+09 -1.77E-06 -4.27E+03  5.10E+09 -2.56E-05 -1.42E-08 -1.48E+07 -1.92E+07 -1.48E-03  1.11E+01
  1.65E+06 -8.59E+03  5.66E+10 -9.85E+09 -5.03E-04 -2.39E+03 -5.61E+03  8.47E+02  3.74E+08  8.42E+08 -2.45E-06 -5.86E+04  4.99E+09 -3.44E-05 -1.56E-08 -1.24E+07 -2.00E+07 -2.34E-03  1.79E+00
  1.75E+06 -1.31E+04  5.53E+10 -9.79E+09 -7.15E-04 -3.20E+03 -1.02E+04 -9.44E+03  4.03E+08  5.67E+08 -3.32E-06 -8.66E+04  4.88E+09 -4.81E-05 -1.76E-08 -1.12E+07 -2.03E+07 -2.30E-03  2.75E-01
  1.85E+06 -1.99E+04  5.43E+10 -9.69E+09 -1.00E-03 -4.16E+03 -1.47E+04 -1.74E+04  4.31E+08  3.81E+08 -4.44E-06 -1.05E+05  4.78E+09 -6.78E-05 -2.03E-08 -1.06E+07 -2.07E+07 -1.20E-03  3.95E-02
  1.95E+06 -3.08E+04  5.38E+10 -9.56E+09 -1.54E-03 -5.71E+03 -2.10E+04 -2.90E+04  4.57E+08  2.56E+08 -6.26E-06 -1.27E+05  4.67E+09 -1.02E-04 -2.41E-08 -1.08E+07 -2.15E+07  6.06E-04  5.24E-03
  2.05E+06 -4.88E+04  5.36E+10 -9.40E+09 -2.57E-03 -8.28E+03 -3.08E+04 -4.82E+04  4.83E+08  1.71E+08 -9.34E-06 -1.55E+05  4.56E+09 -1.62E-04 -2.96E-08 -1.18E+07 -2.29E+07  8.54E-04  6.51E-04
  2.15E+06 -7.61E+04  5.33E+10 -9.20E+09 -4.32E-03 -1.19E+04 -4.39E+04 -7.72E+04  5.09E+08  1.13E+08 -1.39E-05 -1.85E+05  4.44E+09 -2.56E-04 -3.74E-08 -1.33E+07 -2.50E+07  5.79E-04  7.24E-05
  2.25E+06 -1.19E+05  5.28E+10 -8.99E+09 -7.63E-03 -1.76E+04 -6.27E+04 -1.21E+05  5.33E+08  7.35E+07 -2.12E-05 -2.21E+05  4.32E+09 -4.17E-04 -4.87E-08 -1.55E+07 -2.74E+07  2.23E-04  6.87E-06
  2.35E+06 -1.84E+05  5.16E+10 -8.75E+09 -1.38E-02 -2.60E+04 -8.81E+04 -1.84E+05  5.56E+08  4.71E+07 -3.23E-05 -2.57E+05  4.18E+09 -6.81E-04 -6.52E-08 -1.81E+07 -2.97E+07 -1.99E-04  3.97E-07
  2.45E+06 -2.80E+05  4.94E+10 -8.49E+09 -2.54E-02 -3.80E+04 -1.21E+05 -2.65E+05  5.76E+08  2.91E+07 -4.90E-05 -2.89E+05  4.04E+09 -1.11E-03 -8.97E-08 -2.09E+07 -3.13E+07 -7.31E-04 -4.15E-08
  2.55E+06 -4.20E+05  4.60E+10 -8.19E+09 -4.77E-02 -5.43E+04 -1.62E+05 -3.56E+05  5.93E+08  1.68E+07 -7.31E-05 -3.14E+05  3.88E+09 -1.78E-03 -1.26E-07 -2.35E+07 -3.17E+07 -1.41E-03  5.59E-08
  2.65E+06 -6.19E+05  4.12E+10 -7.86E+09 -9.06E-02 -7.47E+04 -2.05E+05 -4.40E+05  6.05E+08  7.86E+06 -1.05E-04 -3.24E+05  3.71E+09 -2.80E-03 -1.82E-07 -2.59E+07 -3.05E+07 -2.26E-03  1.82E-07
  2.75E+06 -9.08E+05  3.52E+10 -7.51E+09 -1.77E-01 -9.98E+04 -2.52E+05 -4.99E+05  6.11E+08  1.06E+06 -1.49E-04 -3.24E+05  3.52E+09 -4.38E-03 -2.68E-07 -2.79E+07 -2.79E+07 -3.37E-03  2.59E-07
  2.85E+06 -1.33E+06  2.84E+10 -7.12E+09 -3.52E-01 -1.29E+05 -2.96E+05 -5.13E+05  6.09E+08 -4.39E+06 -2.05E-04 -3.18E+05  3.33E+09 -6.81E-03 -3.98E-07 -2.93E+07 -2.36E+07 -4.81E-03  2.76E-07
  2.95E+06 -1.88E+06  2.13E+10 -6.70E+09 -6.86E-01 -1.56E+05 -3.20E+05 -4.61E+05  6.00E+08 -8.69E+06 -2.62E-04 -2.87E+05  3.12E+09 -9.98E-03 -5.97E-07 -2.93E+07 -1.76E+07 -6.43E-03  2.67E-07
  3.05E+06 -2.69E+06  1.46E+10 -6.26E+09 -1.38E+00 -1.87E+05 -3.41E+05 -3.79E+05  5.83E+08 -1.20E+07 -3.34E-04 -2.65E+05  2.91E+09 -1.49E-02 -9.02E-07 -2.83E+07 -1.09E+07 -8.50E-03  2.20E-07
  3.15E+06 -3.90E+06  9.09E+09 -5.82E+09 -2.80E+00 -2.20E+05 -3.57E+05 -2.76E+05  5.58E+08 -1.42E+07 -4.22E-04 -2.46E+05  2.70E+09 -2.21E-02 -1.37E-06 -2.64E+07 -3.67E+06 -1.10E-02  1.64E-07
  3.25E+06 -5.50E+06  4.88E+09 -5.36E+09 -5.56E+00 -2.52E+05 -3.52E+05 -1.61E+05  5.25E+08 -1.49E+07 -5.10E-04 -2.14E+05  2.49E+09 -3.17E-02 -2.06E-06 -2.32E+07  3.24E+06 -1.37E-02  1.18E-07
  3.35E+06 -7.81E+06  2.01E+09 -4.91E+09 -1.12E+01 -2.93E+05 -3.42E+05 -5.34E+04  4.86E+08 -1.43E+07 -6.17E-04 -1.84E+05  2.29E+09 -4.52E-02 -3.10E-06 -1.96E+07  9.25E+06 -1.69E-02  7.95E-08
  3.45E+06 -1.12E+07  3.91E+07 -4.46E+09 -2.28E+01 -3.48E+05 -3.28E+05  3.80E+04  4.40E+08 -1.28E+07 -7.56E-04 -1.56E+05  2.09E+09 -6.50E-02 -4.66E-06 -1.62E+07  1.39E+07 -2.09E-02  5.15E-08
  3.55E+06 -1.60E+07 -1.55E+09 -4.02E+09 -4.69E+01 -4.19E+05 -3.07E+05  1.10E+05  3.89E+08 -1.06E+07 -9.30E-04 -1.28E+05  1.90E+09 -9.30E-02 -6.98E-06 -1.29E+07  1.72E+07 -2.58E-02  3.22E-08
  3.65E+06 -2.35E+07 -3.28E+09 -3.59E+09 -9.94E+01 -5.28E+05 -2.91E+05  1.59E+05  3.31E+08 -8.28E+06 -1.19E-03 -1.07E+05  1.71E+09 -1.37E-01 -1.04E-05 -1.05E+07  1.96E+07 -3.28E-02  1.96E-08
  3.75E+06 -3.41E+07 -5.30E+09 -3.17E+09 -2.09E+02 -6.58E+05 -2.73E+05  1.78E+05  2.68E+08 -5.96E+06 -1.50E-03 -7.81E+04  1.53E+09 -1.97E-01 -1.53E-05 -8.04E+06  2.06E+07 -4.09E-02  1.19E-08
  3.85E+06 -4.91E+07 -7.65E+09 -2.76E+09 -4.37E+02 -8.09E+05 -2.63E+05  1.70E+05  1.97E+08 -3.96E+06 -1.86E-03 -4.32E+04  1.36E+09 -2.79E-01 -2.23E-05 -5.54E+06  2.03E+07 -4.98E-02  7.35E-09
  3.95E+06 -7.12E+07 -1.02E+10 -2.34E+09 -9.10E+02 -9.80E+05 -2.69E+05  1.45E+05  1.19E+08 -2.52E+06 -2.27E-03 -3.68E+03  1.19E+09 -3.90E-01 -3.20E-05 -3.00E+06  1.92E+07 -5.90E-02  4.53E-09
  4.05E+06 -9.95E+07 -1.23E+10 -1.94E+09 -1.80E+03 -1.11E+06 -2.81E+05  1.11E+05  3.40E+07 -1.65E+06 -2.56E-03  4.64E+04  1.03E+09 -5.11E-01 -4.49E-05  2.23E+05  1.67E+07 -6.37E-02  2.45E-09
  4.15E+06 -1.33E+08 -1.36E+10 -1.55E+09 -3.31E+03 -1.16E+06 -2.93E+05  7.89E+04 -5.61E+07 -1.37E+06 -2.62E-03  9.72E+04  8.81E+08 -6.20E-01 -6.18E-05  3.78E+06  1.34E+07 -6.12E-02  7.53E-10
  4.25E+06 -1.71E+08 -1.40E+10 -1.17E+09 -5.72E+03 -1.15E+06 -3.03E+05  5.52E+04 -1.49E+08 -1.74E+06 -2.48E-03  1.37E+05  7.42E+08 -7.07E-01 -8.42E-05  6.95E+06  1.01E+07 -5.27E-02 -6.20E-10
  4.35E+06 -2.11E+08 -1.37E+10 -8.31E+08 -9.24E+03 -1.08E+06 -3.06E+05  4.02E+04 -2.41E+08 -2.86E+06 -2.14E-03  1.62E+05  6.17E+08 -7.57E-01 -1.15E-04  9.36E+06  7.23E+06 -4.03E-02 -1.70E-09
  4.45E+06 -2.51E+08 -1.26E+10 -5.25E+08 -1.40E+04 -9.80E+05 -2.98E+05  3.15E+04 -3.30E+08 -4.96E+06 -1.67E-03  1.71E+05  5.08E+08 -7.61E-01 -1.60E-04  1.09E+07  4.95E+06 -2.65E-02 -2.47E-09
  4.55E+06 -2.81E+08 -1.12E+10 -2.60E+08 -1.95E+04 -8.40E+05 -2.74E+05  2.78E+04 -4.12E+08 -8.36E+06 -1.13E-03  1.65E+05  4.17E+08 -7.15E-01 -2.27E-04  1.17E+07  3.24E+06 -1.24E-02 -2.95E-09
  4.65E+06 -3.24E+08 -1.03E+10 -3.40E+07 -2.76E+04 -7.46E+05 -2.59E+05  2.85E+04 -4.86E+08 -1.34E+07 -8.07E-04  1.54E+05  3.41E+08 -7.22E-01 -3.27E-04  1.17E+07  2.15E+06 -2.97E-03 -3.01E-09
  4.75E+06 -3.59E+08 -9.35E+09  1.55E+08 -3.72E+04 -6.38E+05 -2.33E+05  3.16E+04 -5.52E+08 -2.01E+07 -5.43E-04  1.37E+05  2.79E+08 -7.35E-01 -4.71E-04  1.13E+07  1.40E+06  5.00E-03 -2.59E-09
  4.85E+06 -3.96E+08 -8.37E+09  3.11E+08 -4.94E+04 -5.48E+05 -2.08E+05  3.43E+04 -6.10E+08 -2.82E+07 -3.74E-04  1.21E+05  2.30E+08 -7.71E-01 -6.67E-04  1.06E+07  9.04E+05  1.04E-02 -1.89E-09
  4.95E+06 -4.40E+08 -7.38E+09  4.39E+08 -6.56E+04 -4.88E+05 -1.91E+05  3.50E+04 -6.59E+08 -3.78E+07 -2.58E-04  1.07E+05  1.91E+08 -8.19E-01 -9.23E-04  9.75E+06  5.93E+05  1.32E-02 -1.27E-09
  5.05E+06 -4.84E+08 -6.41E+09  5.44E+08 -8.59E+04 -4.42E+05 -1.78E+05  3.40E+04 -7.02E+08 -4.89E+07 -1.70E-04  9.37E+04  1.60E+08 -8.65E-01 -1.25E-03  8.82E+06  3.89E+05  1.44E-02 -7.51E-10
  5.15E+06 -5.29E+08 -5.52E+09  6.29E+08 -1.12E+05 -4.12E+05 -1.68E+05  3.16E+04 -7.38E+08 -6.13E+07 -1.11E-04  8.16E+04  1.35E+08 -9.12E-01 -1.63E-03  7.89E+06  2.55E+05  1.46E-02 -3.67E-10
  5.25E+06 -5.76E+08 -4.72E+09  6.98E+08 -1.44E+05 -3.96E+05 -1.64E+05  2.83E+04 -7.69E+08 -7.51E+07 -7.13E-05  7.05E+04  1.16E+08 -9.58E-01 -2.09E-03  6.99E+06  1.68E+05  1.39E-02 -1.44E-10
  5.35E+06 -6.23E+08 -4.04E+09  7.54E+08 -1.86E+05 -3.90E+05 -1.63E+05  2.44E+04 -7.95E+08 -9.02E+07 -4.27E-05  6.07E+04  1.01E+08 -1.00E+00 -2.61E-03  6.15E+06  1.11E+05  1.27E-02 -8.20E-11
  5.45E+06 -6.68E+08 -3.45E+09  7.99E+08 -2.38E+05 -3.93E+05 -1.66E+05  2.04E+04 -8.17E+08 -1.06E+08 -1.89E-05  5.19E+04  8.95E+07 -1.04E+00 -3.20E-03  5.36E+06  7.31E+04  1.13E-02 -1.62E-10
  5.55E+06 -7.11E+08 -2.96E+09  8.36E+08 -3.05E+05 -4.01E+05 -1.71E+05  1.64E+04 -8.35E+08 -1.24E+08  4.05E-06  4.43E+04  8.04E+07 -1.06E+00 -3.84E-03  4.65E+06  4.83E+04  9.72E-03 -3.54E-10
  5.65E+06 -7.51E+08 -2.54E+09  8.65E+08 -3.89E+05 -4.13E+05 -1.78E+05  1.27E+04 -8.50E+08 -1.42E+08  2.76E-05  3.76E+04  7.33E+07 -1.07E+00 -4.52E-03  4.01E+06  3.20E+04  8.18E-03 -6.28E-10
  5.75E+06 -7.87E+08 -2.18E+09  8.89E+08 -4.95E+05 -4.27E+05 -1.86E+05  9.33E+03 -8.62E+08 -1.61E+08  5.09E-05  3.19E+04  6.79E+07 -1.07E+00 -5.25E-03  3.44E+06  2.12E+04  6.73E-03 -9.51E-10
  5.85E+06 -8.19E+08 -1.86E+09  9.07E+08 -6.29E+05 -4.41E+05 -1.95E+05  6.39E+03 -8.73E+08 -1.81E+08  7.17E-05  2.70E+04  6.36E+07 -1.06E+00 -6.00E-03  2.93E+06  1.41E+04  5.42E-03 -1.30E-09
  5.95E+06 -8.48E+08 -1.59E+09  9.22E+08 -7.98E+05 -4.56E+05 -2.04E+05  3.89E+03 -8.81E+08 -2.01E+08  8.81E-05  2.27E+04  6.04E+07 -1.02E+00 -6.78E-03  2.49E+06  9.39E+03  4.26E-03 -1.64E-09
  6.05E+06 -8.75E+08 -1.35E+09  9.33E+08 -1.01E+06 -4.69E+05 -2.12E+05  1.82E+03 -8.87E+08 -2.22E+08  9.80E-05  1.91E+04  5.79E+07 -9.72E-01 -7.56E-03  2.10E+06  6.28E+03  3.26E-03 -1.98E-09
  6.15E+06 -9.02E+08 -1.13E+09  9.42E+08 -1.29E+06 -4.82E+05 -2.19E+05  1.10E+02 -8.92E+08 -2.43E+08  9.83E-05  1.60E+04  5.60E+07 -9.05E-01 -8.35E-03  1.76E+06  4.22E+03  2.40E-03 -2.30E-09
  6.25E+06 -9.30E+08 -9.51E+08  9.49E+08 -1.64E+06 -4.94E+05 -2.25E+05 -1.40E+03 -8.96E+08 -2.65E+08  7.98E-05  1.32E+04  5.46E+07 -8.28E-01 -9.14E-03  1.47E+06  2.85E+03  1.64E-03 -2.63E-09
  6.35E+06 -9.55E+08 -7.99E+08  9.54E+08 -2.09E+06 -5.09E+05 -2.34E+05 -3.05E+03 -8.98E+08 -2.86E+08  1.04E-05  1.06E+04  5.35E+07 -7.65E-01 -9.92E-03  1.22E+06  1.94E+03  9.29E-04 -3.06E-09
  6.45E+06 -9.66E+08 -6.83E+08  9.57E+08 -2.68E+06 -5.38E+05 -2.49E+05 -5.41E+03 -8.99E+08 -3.08E+08 -2.03E-04  7.74E+03  5.26E+07 -7.90E-01 -1.07E-02  1.00E+06  1.31E+03  1.18E-04 -3.79E-09
  6.55E+06 -9.42E+08 -6.14E+08  9.59E+08 -3.46E+06 -6.01E+05 -2.81E+05 -9.40E+03 -8.99E+08 -3.29E+08 -7.69E-04  3.78E+03  5.19E+07 -1.10E+00 -1.14E-02  8.17E+05  8.63E+02 -1.00E-03 -5.29E-09
  6.65E+06 -8.56E+08 -6.02E+08  9.60E+08 -4.52E+06 -7.27E+05 -3.46E+05 -1.61E+04 -8.98E+08 -3.51E+08 -2.08E-03 -2.33E+03  5.14E+07 -2.06E+00 -1.21E-02  6.58E+05  5.25E+02 -2.67E-03 -8.39E-09
  6.75E+06 -6.98E+08 -6.39E+08  9.59E+08 -6.02E+06 -9.40E+05 -4.56E+05 -2.63E+04 -8.96E+08 -3.72E+08 -4.70E-03 -1.18E+04  5.08E+07 -4.34E+00 -1.28E-02  5.22E+05  2.57E+02 -5.00E-03 -1.45E-08
  6.85E+06 -5.09E+08 -6.89E+08  9.57E+08 -8.16E+06 -1.24E+06 -6.07E+05 -4.00E+04 -8.91E+08 -3.93E+08 -9.34E-03 -2.55E+04  5.02E+07 -8.84E+00 -1.35E-02  4.06E+05  4.89E+01 -7.83E-03 -2.57E-08
  6.95E+06 -3.65E+08 -7.07E+08  9.53E+08 -1.12E+07 -1.57E+06 -7.76E+05 -5.59E+04 -8.84E+08 -4.15E+08 -1.66E-02 -4.28E+04  4.93E+07 -1.65E+01 -1.41E-02  3.09E+05 -9.57E+01 -1.07E-02 -4.45E-08
  7.05E+06 -3.24E+08 -6.69E+08  9.46E+08 -1.56E+07 -1.88E+06 -9.27E+05 -7.12E+04 -8.72E+08 -4.36E+08 -2.68E-02 -6.17E+04  4.80E+07 -2.81E+01 -1.47E-02  2.28E+05 -1.67E+02 -1.31E-02 -7.18E-08
  7.15E+06 -3.91E+08 -5.84E+08  9.35E+08 -2.19E+07 -2.10E+06 -1.03E+06 -8.20E+04 -8.54E+08 -4.57E+08 -3.97E-02 -7.87E+04  4.63E+07 -4.28E+01 -1.50E-02  1.62E+05 -1.64E+02 -1.46E-02 -1.03E-07
  7.25E+06 -5.36E+08 -4.71E+08  9.19E+08 -3.09E+07 -2.19E+06 -1.05E+06 -8.44E+04 -8.28E+08 -4.77E+08 -5.46E-02 -9.04E+04  4.39E+07 -5.81E+01 -1.48E-02  1.08E+05 -1.04E+02 -1.51E-02 -1.29E-07
  7.35E+06 -7.40E+08 -3.39E+08  8.96E+08 -4.42E+07 -2.17E+06 -1.01E+06 -7.51E+04 -7.93E+08 -4.94E+08 -6.99E-02 -9.40E+04  4.11E+07 -6.95E+01 -1.36E-02  6.50E+04 -1.74E+01 -1.50E-02 -1.31E-07
  7.45E+06 -1.06E+09 -1.57E+08  8.64E+08 -6.46E+07 -1.86E+06 -8.29E+05 -5.31E+04 -7.45E+08 -5.09E+08 -8.54E-02 -8.78E+04  3.76E+07 -7.23E+01 -1.12E-02  2.98E+04  1.08E+02 -1.29E-02 -9.36E-08
  7.55E+06 -1.33E+09  8.28E+05  8.22E+08 -9.15E+07 -1.57E+06 -6.60E+05 -3.32E+04 -6.82E+08 -5.19E+08 -9.64E-02 -7.56E+04  3.39E+07 -6.22E+01 -7.68E-03  1.76E+03  1.51E+02 -1.13E-02 -5.64E-08
  7.65E+06 -1.47E+09  9.61E+07  7.71E+08 -1.32E+08 -1.62E+06 -6.59E+05 -2.02E+04 -6.02E+08 -5.23E+08 -1.03E-01 -5.82E+04  2.99E+07 -4.84E+01 -3.56E-03 -2.17E+04  1.22E+02 -1.26E-02 -4.17E-08
  7.75E+06 -1.88E+09  3.33E+08  7.17E+08 -2.13E+08 -1.88E+06 -7.29E+05  4.79E+03 -5.00E+08 -5.24E+08 -1.05E-01 -3.24E+04  2.59E+07 -2.43E+01  4.85E-04 -4.12E+04  1.15E+02 -1.55E-02  6.45E-09
  7.85E+06 -5.46E+09  2.16E+09  6.71E+08 -3.82E+08  7.19E+05  4.64E+05  7.15E+04 -3.64E+08 -5.21E+08 -1.05E-01  1.22E+04  2.20E+07  5.71E+01  3.61E-03 -5.48E+04  3.06E+02  4.51E-03  1.81E-07
  7.95E+06 -1.87E+10  8.87E+09  6.14E+08 -5.76E+08  3.92E+06  1.85E+06  9.66E+04 -2.04E+08 -5.09E+08 -1.24E-01  7.54E+04  1.84E+07  9.34E+01  4.70E-03 -6.38E+04  2.50E+02  3.16E-02  1.35E-07
  8.05E+06 -4.71E+10  2.31E+10  5.29E+08 -6.47E+08  2.41E+06  1.16E+06  5.34E+04 -7.67E+07 -4.81E+08 -1.23E-01  8.97E+04  1.51E+07  4.30E+01  4.58E-03 -7.92E+04  6.17E+01  2.03E-02  2.51E-08
  8.15E+06 -9.17E+10  4.55E+10  4.38E+08 -6.06E+08  1.05E+06  4.92E+05  2.08E+04  9.41E+05 -4.45E+08 -8.75E-02  5.16E+04  1.23E+07  1.51E+01  4.21E-03 -1.03E+05  1.12E+01  8.66E-03  2.57E-09
  8.25E+06 -1.52E+11  7.55E+10  3.53E+08 -5.13E+08  4.84E+05  2.03E+05  7.02E+03  4.45E+07 -4.06E+08 -6.02E-02  2.27E+04  9.85E+06  5.68E+00  3.78E-03 -1.32E+05  2.29E+00  3.65E-03  1.89E-10
  8.35E+06 -2.24E+11  1.12E+11  2.80E+08 -4.07E+08  2.51E+05  8.77E+04  2.18E+03  6.88E+07 -3.67E+08 -3.82E-02  1.00E+04  7.81E+06  2.38E+00  3.30E-03 -1.63E+05  5.48E-01  1.63E-03  1.07E-11
  8.45E+06 -3.03E+11  1.52E+11  2.19E+08 -3.05E+08  1.46E+05  3.97E+04  6.35E+02  8.27E+07 -3.29E+08 -1.85E-02  4.73E+03  6.14E+06  1.10E+00  2.78E-03 -1.93E+05  1.22E-01  7.80E-04  4.88E-13
  8.55E+06 -3.85E+11  1.92E+11  1.69E+08 -2.16E+08  9.21E+04  1.88E+04  1.72E+02  9.07E+07 -2.94E+08 -2.11E-03  2.37E+03  4.78E+06  5.45E-01  2.26E-03 -2.17E+05 -4.84E-03  4.01E-04  2.03E-14
  8.65E+06 -4.62E+11  2.31E+11  1.30E+08 -1.42E+08  6.17E+04  9.30E+03  4.35E+01  9.52E+07 -2.62E+08  9.66E-03  1.26E+03  3.70E+06  2.89E-01  1.77E-03 -2.29E+05 -3.62E-02  2.22E-04  1.05E-15
  8.75E+06 -5.30E+11  2.65E+11  9.86E+07 -8.15E+07  4.30E+04  4.76E+03  1.03E+01  9.77E+07 -2.31E+08  1.66E-02  7.03E+02  2.84E+06  1.62E-01  1.34E-03 -2.23E+05 -2.31E-02  1.33E-04  8.71E-17
  8.85E+06 -5.85E+11  2.92E+11  7.45E+07 -3.30E+07  3.06E+04  2.52E+03  2.30E+00  9.88E+07 -2.04E+08  1.93E-02  4.09E+02  2.17E+06  9.46E-02  9.78E-04 -1.95E+05  1.30E-02  8.53E-05  1.06E-17
  8.95E+06 -6.25E+11  3.12E+11  5.60E+07  5.62E+06  2.21E+04  1.38E+03  4.94E-01  9.91E+07 -1.78E+08  1.90E-02  2.47E+02  1.65E+06  5.78E-02  6.94E-04 -1.47E+05  5.47E-02  5.73E-05  1.62E-18
  9.05E+06 -6.49E+11  3.24E+11  4.19E+07  3.60E+07  1.60E+04  7.75E+02  1.05E-01  9.88E+07 -1.55E+08  1.71E-02  1.54E+02  1.25E+06  3.66E-02  4.80E-04 -9.20E+04  8.61E-02  3.91E-05  2.88E-19
  9.15E+06 -6.58E+11  3.29E+11  3.12E+07  6.00E+07  1.16E+04  4.47E+02  2.27E-02  9.82E+07 -1.33E+08  1.44E-02  9.92E+01  9.39E+05  2.39E-02  3.25E-04 -4.38E+04  9.84E-02  2.62E-05  5.85E-20
  9.25E+06 -6.53E+11  3.27E+11  2.30E+07  7.87E+07  8.44E+03  2.64E+02  5.26E-03  9.74E+07 -1.14E+08  1.16E-02  6.49E+01  7.01E+05  1.59E-02  2.16E-04 -1.19E+04  9.30E-02  1.71E-05  1.33E-20
  9.35E+06 -6.36E+11  3.18E+11  1.69E+07  9.34E+07  6.12E+03  1.59E+02  1.37E-03  9.66E+07 -9.54E+07  8.88E-03  4.29E+01  5.19E+05  1.08E-02  1.42E-04  4.38E+03  7.82E-02  1.09E-05  3.34E-21
  9.45E+06 -6.08E+11  3.04E+11  1.23E+07  1.05E+08  4.43E+03  9.76E+01  4.06E-04  9.56E+07 -7.88E+07  6.47E-03  2.82E+01  3.80E+05  7.35E-03  9.21E-05  1.07E+04  6.17E-02  6.87E-06  9.20E-22
  9.55E+06 -5.68E+11  2.84E+11  8.86E+06  1.14E+08  3.20E+03  6.09E+01  1.36E-04  9.47E+07 -6.34E+07  4.29E-03  1.77E+01  2.73E+05  4.89E-03  5.88E-05  1.24E+04  4.71E-02  4.34E-06  2.74E-22
  9.65E+06 -5.15E+11  2.57E+11  6.18E+06  1.22E+08  2.30E+03  3.86E+01  5.01E-05  9.38E+07 -4.91E+07  2.22E-03  9.67E+00  1.90E+05  2.99E-03  3.67E-05  1.21E+04  3.55E-02  2.76E-06  8.81E-23
  9.75E+06 -4.45E+11  2.22E+11  4.08E+06  1.28E+08  1.65E+03  2.47E+01  1.98E-05  9.29E+07 -3.58E+07  4.80E-05  2.56E+00  1.24E+05  1.33E-03  2.18E-05  1.09E+04  2.66E-02  1.77E-06  3.03E-23
  9.85E+06 -3.48E+11  1.74E+11  2.35E+06  1.34E+08  1.18E+03  1.58E+01  7.99E-06  9.19E+07 -2.30E+07 -2.69E-03 -5.52E+00  6.96E+04 -5.16E-04  1.14E-05  9.04E+03  1.97E-02  1.14E-06  1.10E-23
  9.95E+06 -1.86E+11  9.32E+10  8.00E+05  1.40E+08  8.16E+02  9.75E+00  2.38E-06  9.05E+07 -9.40E+06 -9.09E-03 -2.69E+01  2.27E+04 -5.45E-03  3.59E-06  5.44E+03  1.43E-02  6.99E-07  3.74E-24
  1.00E+07  1.44E-02  1.28E-03 -5.94E-09  1.44E+08 -1.20E-05 -4.35E-06 -3.53E-18  8.91E+07 -1.20E-04  3.25E-09  1.63E-09 -2.26E-10  1.47E-09 -4.54E-19  3.37E-07  5.08E-10 -1.55E-13  2.82E-34

     Z        HS        S         SO        SO2       H2SO4     HSO       S2        S4        S8        SO3       OCS       S3        O3        HNO3      N         NO3       N2O       HO2NO2  
  0.00E+00  1.21E-04  1.13E-12  4.72E-05 -1.63E+09 -1.01E+08 -1.32E+07  1.36E-27  2.56E-50  2.14-103  5.50E-05 -2.46E-13  4.30E-47 -2.19E+10 -1.27E+08  7.71-180 -1.73E-04  1.41E+09 -4.79E+05
  5.00E+04  2.79E+02  7.74E-13  8.99E-01 -1.71E+09 -1.02E+08  9.43E+05  7.35E-17  7.16E-43  1.03E-91 -8.38E-02  6.22E-06  2.76E-40 -3.14E+10 -1.42E+08 -4.43-164  7.09E+02  1.40E+09 -1.99E+06
  1.50E+05  1.36E+02  1.98E-13  1.38E+00 -1.21E+09 -9.88E+07  4.50E+06  3.17E-17  7.48E-44  1.15E-91 -1.59E-01  9.74E-06  2.03E-41 -4.69E+10 -1.99E+08 -3.50-151 -5.82E+02  1.40E+09 -4.68E+06
  2.50E+05  6.67E+01  4.90E-14  1.02E+00 -9.51E+08 -8.96E+07  2.59E+06  7.17E-18  2.96E-45  1.14E-91 -3.52E-01  9.32E-06  8.99E-43 -5.77E+10 -2.19E+08 -1.35-138 -1.16E+03  1.39E+09 -1.17E+07
  3.50E+05  3.05E+01  1.11E-14  6.26E-01 -8.19E+08 -7.41E+07  1.22E+06  1.28E-18  7.74E-47  1.14E-91 -8.08E-01  8.12E-06  3.00E-44 -6.37E+10 -1.87E+08 -2.43-126 -1.31E+03  1.39E+09 -2.88E+07
  4.50E+05  1.38E+01  2.42E-15  3.67E-01 -7.55E+08 -5.02E+07  5.31E+05  1.98E-19  1.57E-48  1.14E-91 -1.92E+00  6.91E-06  8.51E-46 -6.48E+10 -1.24E+08 -1.93-114 -7.58E+02  1.39E+09 -7.38E+07
  5.50E+05  6.22E+00  5.12E-16  2.22E-01 -7.31E+08 -1.64E+07  2.24E+05  2.77E-20  2.64E-50  1.14E-91 -4.46E+00  5.92E-06  2.11E-47 -6.25E+10 -5.54E+07 -6.12-103  1.62E+02  1.39E+09 -1.48E+08
  6.50E+05  2.59E+00  9.68E-17  1.24E-01 -6.87E+08  6.92E+06  9.68E+04  3.59E-21  3.82E-52  1.13E-91 -1.05E+01  5.21E-06  4.43E-49 -5.96E+10 -2.07E+07 -6.75E-92  2.33E+02  1.38E+09 -1.68E+08
  7.50E+05  9.24E-01  1.65E-17  4.56E-02 -5.80E+08  6.86E+05  4.62E+04  4.34E-22  4.88E-54  1.13E-91 -3.21E+01  4.76E-06  8.95E-51 -5.75E+10 -2.47E+07 -2.24E-81 -4.31E+02  1.38E+09 -9.48E+07
  8.50E+05  3.39E-01  3.23E-18 -1.11E-03 -4.52E+08 -1.55E+07  2.35E+04  4.98E-23  5.65E-56  1.13E-91 -1.26E+02  4.47E-06  2.39E-52 -5.46E+10 -3.91E+07 -1.91E-71 -7.97E+02  1.38E+09 -5.99E+06
  9.50E+05  1.56E-01 -2.85E-19 -3.54E-02 -3.54E+08 -1.89E+07  1.13E+04  5.27E-24  6.09E-58  1.12E-91 -5.27E+02  4.25E-06  9.02E-54 -5.02E+10 -5.06E+07 -3.46E-62 -1.02E+03  1.38E+09  3.76E+07
  1.05E+06  7.65E-02 -5.48E-18 -4.56E-02 -2.95E+08 -9.36E+06  4.50E+03  2.69E-25  5.14E-60  1.12E-91 -4.74E+02  4.09E-06 -4.40E-55 -4.49E+10 -6.26E+07 -8.51E-54 -2.90E+02  1.38E+09  2.75E+07
  1.15E+06  2.73E-02 -2.23E-17 -9.38E-02 -2.45E+08 -2.15E+06  1.27E+03 -1.64E-25 -2.29E-60  1.11E-91 -4.42E+02  3.97E-06 -8.92E-54 -4.01E+10 -6.98E+07 -1.67E-46 -2.09E+02  1.38E+09  7.40E+06
  1.25E+06  4.59E-03 -1.99E-16 -2.61E-01 -1.95E+08  5.85E+05  2.88E+02 -2.60E-25 -8.41E-60  1.11E-91 -7.63E+01  3.87E-06 -1.79E-52 -3.65E+10 -7.15E+07 -5.67E-40 -1.93E+02  1.38E+09  7.92E+05
  1.35E+06  4.61E-04 -1.19E-15 -4.81E-01 -1.36E+08  6.66E+05  4.88E+01 -8.59E-26 -2.97E-60  1.10E-91 -4.48E+01  3.80E-06 -1.28E-51 -3.42E+10 -7.30E+07 -1.84E-34 -2.37E+02  1.38E+09 -1.24E+06
  1.45E+06  3.79E-05 -8.11E-15 -1.04E+00 -7.27E+07  2.75E+04  5.80E+00 -4.96E-26 -1.03E-60  1.10E-91 -6.21E+01  3.75E-06 -7.95E-51 -3.28E+10 -7.36E+07 -1.32E-29 -3.59E+02  1.38E+09 -1.72E+06
  1.55E+06  4.06E-06 -4.18E-14 -1.84E+00 -2.21E+07  9.24E+04 -1.50E+00 -1.50E-26  5.19E-61  1.09E-91 -6.16E+01  3.70E-06 -3.13E-50 -3.18E+10 -7.30E+07 -1.82E-25 -4.94E+02  1.37E+09 -1.96E+06
  1.65E+06  4.70E-07 -1.79E-13 -2.81E+00  1.23E+07  2.86E+05 -2.66E+00 -4.99E-26 -1.09E-60  1.09E-91 -5.33E+01  3.64E-06 -1.33E-49 -3.10E+10 -7.10E+07 -6.65E-22 -6.41E+02  1.37E+09 -2.11E+06
  1.75E+06  3.29E-08 -6.40E-13 -3.61E+00  3.32E+07  4.58E+05 -2.54E+00 -2.45E-25 -1.24E-59  1.08E-91 -3.90E+01  3.55E-06 -1.01E-48 -3.04E+10 -6.73E+07 -8.14E-19 -7.89E+02  1.36E+09 -2.23E+06
  1.85E+06 -3.72E-08 -1.68E-12 -2.98E+00  4.22E+07  5.79E+05 -1.18E+00 -7.30E-25 -8.40E-59  1.08E-91 -7.95E+00  3.44E-06 -6.74E-48 -3.00E+10 -6.20E+07 -3.72E-16 -9.50E+02  1.35E+09 -2.36E+06
  1.95E+06 -4.28E-08 -2.86E-12 -3.01E-01  3.81E+07  5.60E+05  9.99E-01 -1.18E-24 -2.34E-58  1.07E-91  3.21E+01  3.30E-06 -1.97E-47 -2.98E+10 -5.48E+07 -7.70E-14 -1.13E+03  1.33E+09 -2.48E+06
  2.05E+06 -4.57E-08 -4.48E-12  7.82E-01  1.94E+07  3.15E+05  1.33E+00 -1.59E-24 -3.90E-58  1.06E-91  2.93E+01  3.11E-06 -3.75E-47 -2.98E+10 -4.57E+07 -8.20E-12 -1.34E+03  1.31E+09 -2.54E+06
  2.15E+06 -5.08E-08 -6.78E-12  1.02E+00  8.65E+06  1.53E+05  1.12E+00 -2.05E-24 -5.56E-58  1.06E-91  2.02E+01  2.88E-06 -6.23E-47 -2.99E+10 -3.50E+07 -4.76E-10 -1.59E+03  1.27E+09 -2.47E+06
  2.25E+06 -5.51E-08 -9.73E-12  1.06E+00  3.88E+06  7.64E+04  9.04E-01 -2.36E-24 -5.96E-58  1.05E-91  1.45E+01  2.59E-06 -8.48E-47 -2.97E+10 -2.31E+07 -1.72E-08 -1.85E+03  1.23E+09 -2.17E+06
  2.35E+06 -5.35E-08 -1.27E-11  1.02E+00  1.74E+06  3.89E+04  7.19E-01 -2.11E-24 -3.34E-58  1.04E-91  1.12E+01  2.27E-06 -8.29E-47 -2.90E+10 -1.10E+07 -4.04E-07 -2.10E+03  1.18E+09 -1.64E+06
  2.45E+06 -4.53E-08 -1.50E-11  9.03E-01  7.75E+05  1.99E+04  5.51E-01 -1.26E-24  1.28E-58  1.04E-91  8.98E+00  1.92E-06 -4.66E-47 -2.78E+10  4.78E+05 -6.57E-06 -2.31E+03  1.12E+09 -9.26E+05
  2.55E+06 -3.07E-08 -1.59E-11  7.48E-01  3.41E+05  1.00E+04  4.04E-01 -3.22E-26  4.86E-58  1.03E-91  7.27E+00  1.55E-06  1.03E-47 -2.56E+10  1.06E+07 -7.67E-05 -2.44E+03  1.04E+09 -1.16E+05
  2.65E+06 -9.96E-09 -1.47E-11  5.82E-01  1.48E+05  4.39E+03  2.82E-01  1.18E-24  5.49E-58  1.02E-91  6.02E+00  1.19E-06  5.90E-47 -2.26E+10  1.89E+07 -6.60E-04 -2.45E+03  9.59E+08  6.56E+05
  2.75E+06  9.03E-09 -1.22E-11  4.24E-01  6.37E+04  6.95E+01  1.85E-01  1.79E-24  3.69E-58  1.02E-91  4.68E+00  8.60E-07  7.17E-47 -1.89E+10  2.53E+07 -4.34E-03 -2.38E+03  8.67E+08  1.29E+06
  2.85E+06  2.07E-08 -9.88E-12  2.89E-01  2.72E+04 -6.19E+03  1.14E-01  1.73E-24  1.76E-58  1.01E-91  3.29E+00  5.82E-07  5.62E-47 -1.46E+10  2.95E+07 -2.25E-02 -2.21E+03  7.70E+08  1.71E+06
  2.95E+06  3.14E-08 -5.75E-12  1.91E-01  1.16E+04 -1.16E+04  6.65E-02  1.44E-24  6.74E-59  9.99E-92  2.53E+00  3.64E-07  3.65E-47 -1.01E+10  3.04E+07 -8.97E-02 -1.87E+03  6.71E+08  1.84E+06
  3.05E+06  3.26E-08 -3.37E-12  1.21E-01  4.99E+03 -4.99E+03  3.67E-02  9.68E-25  2.00E-59  9.90E-92  1.65E+00  2.09E-07  1.86E-47 -5.93E+09  2.93E+07 -2.97E-01 -1.53E+03  5.75E+08  1.78E+06
  3.15E+06  2.87E-08 -2.84E-12  7.41E-02  2.20E+03 -2.20E+03  1.95E-02  5.78E-25  5.19E-60  9.82E-92  8.94E-01  1.10E-07  8.36E-48 -2.50E+09  2.63E+07 -8.22E-01 -1.15E+03  4.85E+08  1.60E+06
  3.25E+06  2.41E-08 -2.39E-12  4.52E-02  1.00E+03 -1.00E+03  1.01E-02  3.28E-25  1.26E-60  9.72E-92  4.73E-01  5.24E-08  3.55E-48  3.96E+07  2.17E+07 -1.88E+00 -7.10E+02  4.02E+08  1.30E+06
  3.35E+06  1.83E-08 -3.57E-12  2.69E-02  4.72E+02 -4.72E+02  5.18E-03  1.74E-25  2.89E-61  9.63E-92  1.54E-01  2.25E-08  1.42E-48  1.69E+09  1.70E+07 -3.78E+00 -2.63E+02  3.29E+08  1.00E+06
  3.45E+06  1.25E-08 -6.63E-12  1.55E-02  2.30E+02 -2.30E+02  2.64E-03  8.87E-26  6.83E-62  9.52E-92 -1.01E-01  8.70E-09  5.60E-49  2.75E+09  1.28E+07 -6.76E+00  1.52E+02  2.66E+08  7.34E+05
  3.55E+06  7.40E-09 -1.16E-11  8.26E-03  1.15E+02 -1.15E+02  1.36E-03  4.40E-26  1.75E-62  9.42E-92 -2.23E-01  3.03E-09  2.23E-49  3.55E+09  9.32E+06 -1.10E+01  5.45E+02  2.14E+08  5.11E+05
  3.65E+06  2.76E-09 -2.04E-11  3.29E-03  5.84E+01 -5.82E+01  7.26E-04  2.02E-26  5.15E-63  9.31E-92 -2.22E-01  9.63E-10  8.62E-50  4.46E+09  6.81E+06 -1.68E+01  9.10E+02  1.70E+08  3.46E+05
  3.75E+06 -6.83E-10 -3.21E-11 -1.99E-06  2.97E+01 -2.97E+01  4.06E-04  8.26E-27  1.81E-63  9.19E-92 -3.72E-02  2.77E-10  2.89E-50  5.56E+09  4.91E+06 -2.40E+01  1.23E+03  1.35E+08  2.21E+05
  3.85E+06 -3.19E-09 -4.74E-11 -2.27E-03  1.51E+01 -1.53E+01  2.42E-04  2.07E-27  7.49E-64  9.06E-92  2.02E-01  7.25E-11  1.73E-51  6.89E+09  3.54E+06 -3.24E+01  1.48E+03  1.07E+08  1.34E+05
  3.95E+06 -5.20E-09 -6.85E-11 -4.03E-03  7.65E+00 -8.04E+00  1.56E-04 -1.46E-27  3.59E-64  8.94E-92  3.91E-01  1.74E-11 -1.41E-50  8.35E+09  2.56E+06 -4.30E+01  1.65E+03  8.39E+07  7.86E+04
  4.05E+06 -6.94E-09 -9.49E-11 -5.45E-03  3.88E+00 -4.38E+00  1.02E-04 -4.00E-27  1.76E-64  8.80E-92  5.03E-01  3.82E-12 -2.61E-50  9.52E+09  1.80E+06 -5.49E+01  1.68E+03  6.60E+07  4.36E+04
  4.15E+06 -8.76E-09 -1.29E-10 -6.85E-03  1.95E+00 -2.49E+00  6.51E-05 -6.76E-27  5.85E-65  8.66E-92  5.46E-01  7.74E-13 -4.00E-50  1.02E+10  1.21E+06 -6.87E+01  1.56E+03  5.19E+07  2.31E+04
  4.25E+06 -1.09E-08 -1.78E-10 -8.60E-03  9.60E-01 -1.49E+00  3.95E-05 -1.05E-26 -3.76E-65  8.51E-92  5.41E-01  1.47E-13 -6.07E-50  1.03E+10  7.73E+05 -8.75E+01  1.33E+03  4.08E+07  1.21E+04
  4.35E+06 -1.32E-08 -2.50E-10 -1.09E-02  4.42E-01 -9.37E-01  2.09E-05 -1.57E-26 -1.36E-64  8.35E-92  5.06E-01  2.71E-14 -9.34E-50  9.86E+09  4.69E+05 -1.14E+02  1.05E+03  3.22E+07  6.30E+03
  4.45E+06 -1.55E-08 -3.51E-10 -1.39E-02  1.72E-01 -6.10E-01  6.83E-06 -2.26E-26 -2.53E-64  8.18E-92  4.52E-01  4.84E-15 -1.43E-49  9.00E+09  2.71E+05 -1.50E+02  7.72E+02  2.54E+07  3.27E+03
  4.55E+06 -1.74E-08 -4.82E-10 -1.71E-02  3.04E-02 -4.06E-01 -3.69E-06 -3.15E-26 -4.05E-64  8.01E-92  3.92E-01  7.07E-16 -2.16E-49  7.94E+09  1.51E+05 -1.92E+02  5.29E+02  2.02E+07  1.68E+03
  4.65E+06 -1.92E-08 -6.83E-10 -2.14E-02 -4.86E-02 -2.72E-01 -1.04E-05 -4.32E-26 -5.94E-64  7.83E-92  3.42E-01 -1.54E-16 -3.25E-49  7.19E+09  8.39E+04 -2.53E+02  3.60E+02  1.60E+07  9.02E+02
  4.75E+06 -1.97E-08 -9.30E-10 -2.54E-02 -8.79E-02 -1.81E-01 -1.41E-05 -5.56E-26 -7.88E-64  7.65E-92  2.94E-01 -4.47E-16 -4.56E-49  6.47E+09  4.60E+04 -3.13E+02  2.36E+02  1.28E+07  4.81E+02
  4.85E+06 -1.93E-08 -1.24E-09 -2.95E-02 -1.00E-01 -1.20E-01 -1.58E-05 -6.87E-26 -9.66E-64  7.45E-92  2.50E-01 -6.54E-16 -6.10E-49  5.74E+09  2.49E+04 -3.74E+02  1.51E+02  1.03E+07  2.57E+02
  4.95E+06 -1.89E-08 -1.68E-09 -3.47E-02 -9.45E-02 -7.96E-02 -1.79E-05 -8.55E-26 -1.19E-63  7.26E-92  2.09E-01 -8.75E-16 -8.19E-49  5.03E+09  1.35E+04 -4.54E+02  9.58E+01  8.24E+06  1.39E+02
  5.05E+06 -1.85E-08 -2.24E-09 -4.04E-02 -7.87E-02 -5.26E-02 -1.96E-05 -1.05E-25 -1.44E-63  7.06E-92  1.72E-01 -1.13E-15 -1.08E-48  4.34E+09  7.29E+03 -5.42E+02  6.00E+01  6.65E+06  7.50E+01
  5.15E+06 -1.80E-08 -2.97E-09 -4.67E-02 -5.78E-02 -3.47E-02 -2.11E-05 -1.28E-25 -1.73E-63  6.85E-92  1.39E-01 -1.42E-15 -1.42E-48  3.71E+09  3.92E+03 -6.39E+02  3.72E+01  5.38E+06  4.05E+01
  5.25E+06 -1.78E-08 -3.90E-09 -5.36E-02 -3.51E-02 -2.29E-02 -2.27E-05 -1.56E-25 -2.08E-63  6.65E-92  1.12E-01 -1.74E-15 -1.84E-48  3.16E+09  2.11E+03 -7.45E+02  2.30E+01  4.36E+06  2.20E+01
  5.35E+06 -1.80E-08 -5.08E-09 -6.12E-02 -1.26E-02 -1.51E-02 -2.44E-05 -1.91E-25 -2.54E-63  6.44E-92  8.88E-02 -2.12E-15 -2.39E-48  2.68E+09  1.13E+03 -8.62E+02  1.41E+01  3.55E+06  1.19E+01
  5.45E+06 -1.88E-08 -6.60E-09 -6.95E-02  9.11E-03 -9.94E-03 -2.63E-05 -2.35E-25 -3.16E-63  6.23E-92  7.03E-02 -2.53E-15 -3.13E-48  2.28E+09  6.09E+02 -9.88E+02  8.61E+00  2.89E+06  6.49E+00
  5.55E+06 -2.00E-08 -8.53E-09 -7.86E-02  2.97E-02 -6.55E-03 -2.86E-05 -2.93E-25 -4.02E-63  6.02E-92  5.55E-02 -3.00E-15 -4.12E-48  1.94E+09  3.28E+02 -1.12E+03  5.25E+00  2.36E+06  3.54E+00
  5.65E+06 -2.19E-08 -1.10E-08 -8.85E-02  4.92E-02 -4.30E-03 -3.12E-05 -3.70E-25 -5.27E-63  5.81E-92  4.36E-02 -3.50E-15 -5.48E-48  1.65E+09  1.78E+02 -1.27E+03  3.20E+00  1.93E+06  1.94E+00
  5.75E+06 -2.44E-08 -1.41E-08 -9.93E-02  6.79E-02 -2.83E-03 -3.41E-05 -4.72E-25 -7.07E-63  5.60E-92  3.43E-02 -4.05E-15 -7.36E-48  1.41E+09  9.65E+01 -1.42E+03  1.94E+00  1.58E+06  1.07E+00
  5.85E+06 -2.74E-08 -1.80E-08 -1.11E-01  8.60E-02 -1.85E-03 -3.72E-05 -6.10E-25 -9.68E-63  5.39E-92  2.69E-02 -4.63E-15 -9.98E-48  1.19E+09  5.28E+01 -1.59E+03  1.18E+00  1.30E+06  5.92E-01
  5.95E+06 -3.09E-08 -2.29E-08 -1.24E-01  1.04E-01 -1.21E-03 -4.05E-05 -7.94E-25 -1.35E-62  5.17E-92  2.10E-02 -5.24E-15 -1.36E-47  1.01E+09  2.90E+01 -1.76E+03  7.18E-01  1.07E+06  3.30E-01
  6.05E+06 -3.48E-08 -2.90E-08 -1.37E-01  1.21E-01 -7.90E-04 -4.37E-05 -1.04E-24 -1.90E-62  4.96E-92  1.64E-02 -5.87E-15 -1.87E-47  8.42E+08  1.61E+01 -1.94E+03  4.38E-01  8.78E+05  1.86E-01
  6.15E+06 -3.92E-08 -3.67E-08 -1.51E-01  1.39E-01 -5.13E-04 -4.69E-05 -1.37E-24 -2.71E-62  4.75E-92  1.28E-02 -6.51E-15 -2.58E-47  6.99E+08  9.04E+00 -2.13E+03  2.68E-01  7.24E+05  1.06E-01
  6.25E+06 -4.41E-08 -4.62E-08 -1.66E-01  1.56E-01 -3.32E-04 -4.99E-05 -1.80E-24 -3.89E-62  4.54E-92  9.93E-03 -7.18E-15 -3.57E-47  5.76E+08  5.12E+00 -2.34E+03  1.65E-01  5.97E+05  6.10E-02
  6.35E+06 -5.01E-08 -5.80E-08 -1.81E-01  1.74E-01 -2.14E-04 -5.32E-05 -2.40E-24 -5.69E-62  4.34E-92  7.70E-03 -7.90E-15 -4.96E-47  4.73E+08  2.93E+00 -2.55E+03  1.02E-01  4.94E+05  3.54E-02
  6.45E+06 -5.90E-08 -7.24E-08 -1.97E-01  1.91E-01 -1.37E-04 -5.80E-05 -3.27E-24 -8.71E-62  4.13E-92  5.95E-03 -8.77E-15 -7.02E-47  3.90E+08  1.69E+00 -2.76E+03  6.34E-02  4.09E+05  2.07E-02
  6.55E+06 -7.47E-08 -8.96E-08 -2.11E-01  2.06E-01 -8.73E-05 -6.68E-05 -4.73E-24 -1.46E-61  3.92E-92  4.58E-03 -9.99E-15 -1.04E-46  3.29E+08  9.63E-01 -2.97E+03  3.95E-02  3.39E+05  1.19E-02
  6.65E+06 -1.05E-07 -1.10E-07 -2.22E-01  2.18E-01 -5.51E-05 -8.40E-05 -7.48E-24 -2.86E-61  3.72E-92  3.50E-03 -1.19E-14 -1.68E-46  2.84E+08  5.36E-01 -3.13E+03  2.44E-02  2.82E+05  6.64E-03
  6.75E+06 -1.63E-07 -1.32E-07 -2.26E-01  2.24E-01 -3.46E-05 -1.14E-04 -1.31E-23 -6.69E-61  3.52E-92  2.65E-03 -1.52E-14 -2.96E-46  2.49E+08  2.81E-01 -3.20E+03  1.47E-02  2.35E+05  3.38E-03
  6.85E+06 -2.66E-07 -1.54E-07 -2.22E-01  2.21E-01 -2.15E-05 -1.57E-04 -2.50E-23 -1.82E-60  3.32E-92  1.98E-03 -2.06E-14 -5.59E-46  2.13E+08  1.29E-01 -3.13E+03  8.71E-03  1.96E+05  1.41E-03
  6.95E+06 -4.32E-07 -1.75E-07 -2.08E-01  2.07E-01 -1.32E-05 -2.08E-04 -4.85E-23 -5.35E-60  3.12E-92  1.45E-03 -2.90E-14 -1.06E-45  1.71E+08  4.61E-02 -2.91E+03  5.20E-03  1.64E+05  3.03E-04
  7.05E+06 -6.66E-07 -1.93E-07 -1.86E-01  1.86E-01 -7.97E-06 -2.50E-04 -8.98E-23 -1.52E-59  2.93E-92  1.05E-03 -4.13E-14 -1.90E-45  1.27E+08  9.45E-03 -2.59E+03  3.35E-03  1.38E+05 -1.55E-04
  7.15E+06 -9.36E-07 -2.10E-07 -1.62E-01  1.61E-01 -4.71E-06 -2.62E-04 -1.49E-22 -3.71E-59  2.74E-92  7.66E-04 -5.77E-14 -2.97E-45  8.77E+07  4.91E-03 -2.29E+03  2.45E-03  1.16E+05 -1.29E-04
  7.25E+06 -1.17E-06 -2.27E-07 -1.40E-01  1.40E-01 -2.68E-06 -2.33E-04 -2.14E-22 -7.05E-59  2.55E-92  5.77E-04 -7.79E-14 -3.92E-45  5.83E+07  1.90E-02 -2.11E+03  2.01E-03  9.76E+04  1.82E-04
  7.35E+06 -1.29E-06 -2.45E-07 -1.22E-01  1.21E-01 -1.44E-06 -1.66E-04 -2.57E-22 -9.75E-59  2.36E-92  4.53E-04 -1.01E-13 -4.22E-45  3.80E+07  4.04E-02 -2.03E+03  1.73E-03  8.23E+04  5.96E-04
  7.45E+06 -1.05E-06 -2.65E-07 -9.80E-02  9.77E-02 -7.16E-07 -4.44E-05 -2.15E-22 -6.40E-59  2.18E-92  3.69E-04 -1.25E-13 -2.79E-45  2.67E+07  5.94E-02 -1.98E+03  1.76E-03  6.94E+04  1.02E-03
  7.55E+06 -8.50E-07 -3.01E-07 -1.01E-01  1.01E-01 -3.53E-07  1.61E-05 -1.74E-22 -2.98E-59  2.01E-92  2.87E-04 -1.49E-13 -1.87E-45  1.81E+07  5.69E-02 -2.32E+03  1.40E-03  5.84E+04  9.55E-04
  7.65E+06 -9.27E-07 -3.24E-07 -8.88E-02  8.86E-02 -1.77E-07  2.43E-05 -1.85E-22 -2.73E-59  1.84E-92  2.03E-04 -1.71E-13 -1.75E-45  1.47E+07  4.31E-02 -2.44E+03  9.87E-04  4.91E+04  6.64E-04
  7.75E+06 -9.32E-07 -3.43E-07 -7.45E-02  7.43E-02 -9.27E-08  4.72E-05 -1.47E-22 -2.57E-60  1.67E-92  1.18E-04 -1.92E-13 -9.09E-46  1.08E+07  3.41E-02 -2.81E+03  6.84E-04  4.12E+04  5.02E-04
  7.85E+06  1.92E-06 -5.75E-07 -1.91E-01  1.91E-01 -5.14E-08  2.49E-04  4.56E-22  1.64E-58  1.51E-92  2.59E-05 -2.18E-13  5.85E-45 -4.15E+06  3.40E-02 -6.87E+03  8.31E-04  3.45E+04  5.99E-04
  7.95E+06  2.30E-06 -1.09E-06 -4.00E-01  4.00E-01 -3.04E-08  2.50E-04  3.44E-22  2.32E-59  1.36E-92 -1.01E-04 -2.23E-13  4.54E-45 -3.02E+07  2.02E-02 -1.59E+04  8.67E-04  2.88E+04  3.19E-04
  8.05E+06  4.14E-07 -1.32E-06 -3.94E-01  3.94E-01 -1.86E-08  7.27E-05  3.53E-23  1.73E-61  1.21E-92 -2.38E-04 -1.48E-13  5.55E-46 -5.26E+07  6.59E-03 -2.37E+04  3.67E-04  2.39E+04  6.40E-05
  8.15E+06  4.69E-08 -1.30E-06 -2.84E-01  2.85E-01 -1.12E-08  1.47E-05  2.20E-24  5.95E-64  1.07E-92 -3.24E-04 -1.60E-14  3.81E-47 -6.55E+07  1.75E-03 -2.99E+04  9.28E-05  1.98E+04  8.84E-06
  8.25E+06  5.70E-09 -1.26E-06 -1.95E-01  1.95E-01 -6.45E-09  3.05E-06  1.56E-25  2.79E-66  9.41E-93 -3.43E-04  7.62E-14  2.75E-48 -7.10E+07  4.42E-04 -3.96E+04  2.30E-05  1.63E+04  1.16E-06
  8.35E+06  8.24E-10 -1.23E-06 -1.37E-01  1.37E-01 -3.51E-09  7.11E-07  1.42E-26  2.19E-68  8.18E-93 -3.10E-04  9.93E-14  2.42E-49 -7.07E+07  1.10E-04 -5.85E+04  7.65E-06  1.34E+04  1.73E-07
  8.45E+06  1.41E-10 -1.23E-06 -9.93E-02  9.95E-02 -1.80E-09  1.87E-07  1.64E-27  2.82E-70  7.03E-93 -2.47E-04  8.32E-14  2.64E-50 -6.59E+07  2.77E-05 -9.67E+04  3.63E-06  1.10E+04  3.37E-08
  8.55E+06  2.82E-11 -1.24E-06 -7.48E-02  7.49E-02 -8.72E-10  5.50E-08  2.37E-28  5.84E-72  5.97E-93 -1.71E-04  5.90E-14  3.51E-51 -5.75E+07  7.20E-06 -1.73E+05  2.20E-06  9.00E+03  8.92E-09
  8.65E+06  6.45E-12 -1.27E-06 -5.85E-02  5.86E-02 -4.00E-10  1.78E-08  4.11E-29  2.05E-73  5.00E-93 -9.89E-05  3.94E-14  5.58E-52 -4.68E+07  2.01E-06 -3.25E+05  1.58E-06  7.35E+03  2.94E-09
  8.75E+06  1.66E-12 -1.31E-06 -4.75E-02  4.76E-02 -1.74E-10  6.27E-09  8.46E-30  1.40E-74  4.13E-93 -3.81E-05  2.58E-14  1.04E-52 -3.53E+07  6.38E-07 -6.17E+05  1.29E-06  5.99E+03  1.09E-09
  8.85E+06  4.79E-13 -1.36E-06 -3.98E-02  3.98E-02 -7.25E-11  2.39E-09  2.02E-30  1.83E-75  3.36E-93  6.93E-06  1.69E-14  2.27E-53 -2.42E+07  2.37E-07 -1.16E+06  1.13E-06  4.87E+03  4.36E-10
  8.95E+06  1.52E-13 -1.42E-06 -3.41E-02  3.40E-02 -2.88E-11  9.78E-10  5.53E-31  3.62E-76  2.68E-93  3.57E-05  1.10E-14  5.69E-54 -1.43E+07  1.02E-07 -2.13E+06  1.01E-06  3.95E+03  1.79E-10
  9.05E+06  5.26E-14 -1.49E-06 -2.94E-02  2.94E-02 -1.08E-11  4.26E-10  1.70E-31  9.17E-77  2.10E-93  5.05E-05  7.14E-15  1.64E-54 -6.34E+06  4.70E-08 -3.77E+06  8.56E-07  3.20E+03  7.43E-11
  9.15E+06  1.97E-14 -1.56E-06 -2.54E-02  2.54E-02 -4.01E-12  1.97E-10  5.62E-32  2.82E-77  1.61E-93  5.47E-05  4.61E-15  5.37E-55 -3.47E+05  2.22E-08 -6.40E+06  6.75E-07  2.57E+03  3.06E-11
  9.25E+06  7.94E-15 -1.63E-06 -2.18E-02  2.18E-02 -1.33E-12  9.56E-11  1.85E-32  1.04E-77  1.20E-93  5.18E-05  2.92E-15  1.99E-55  3.77E+06  1.04E-08 -1.04E+07  4.92E-07  2.05E+03  1.24E-11
  9.35E+06  3.41E-15 -1.70E-06 -1.85E-02  1.84E-02 -3.65E-13  4.86E-11  4.57E-33  4.48E-78  8.68E-94  4.50E-05  1.78E-15  8.11E-56  6.28E+06  4.76E-09 -1.60E+07  3.39E-07  1.62E+03  4.99E-12
  9.45E+06  1.55E-15 -1.78E-06 -1.55E-02  1.54E-02 -4.17E-14  2.57E-11 -1.18E-33  2.20E-78  6.07E-94  3.66E-05  9.72E-16  3.50E-56  7.54E+06  2.13E-09 -2.35E+07  2.24E-07  1.26E+03  1.99E-12
  9.55E+06  7.37E-16 -1.85E-06 -1.28E-02  1.27E-02  4.17E-14  1.41E-11 -3.82E-33  1.18E-78  4.07E-94  2.83E-05  3.52E-16  1.48E-56  7.90E+06  9.45E-10 -3.31E+07  1.46E-07  9.55E+02  8.01E-13
  9.65E+06  3.67E-16 -1.91E-06 -1.04E-02  1.04E-02  5.06E-14  7.96E-12 -5.19E-33  6.77E-79  2.57E-94  2.06E-05 -1.93E-16  5.08E-57  7.68E+06  4.15E-10 -4.48E+07  9.45E-08  6.95E+02  3.25E-13
  9.75E+06  1.90E-16 -1.97E-06 -8.29E-03  8.27E-03  1.24E-14  4.60E-12 -6.02E-33  4.02E-79  1.48E-94  1.40E-05 -7.75E-16  1.19E-58  7.12E+06  1.81E-10 -5.86E+07  6.09E-08  4.71E+02  1.33E-13
  9.85E+06  1.00E-16 -1.99E-06 -6.22E-03  6.21E-03  5.33E-15  2.69E-12 -6.62E-33  2.52E-79  7.15E-95  8.19E-06 -1.55E-15 -2.27E-57  6.44E+06  7.62E-11 -7.41E+07  3.92E-08  2.75E+02  5.43E-14
  9.95E+06  5.19E-17 -1.90E-06 -3.10E-03  3.10E-03  2.22E-15  1.54E-12 -7.02E-33  1.90E-79  1.92E-95  2.81E-06 -2.21E-15 -2.25E-57  5.67E+06  2.25E-11 -9.11E+07  2.50E-08  9.38E+01  1.70E-14
  1.00E+07  4.51E-22  2.43E-12  2.65E-12  1.47E-12  2.83E-15  3.72E-18  2.90E-38  4.70E-86  3.03-109  1.80E-17  2.38E-25  1.35E-62  4.94E-04  2.04E-25 -1.00E+08  3.63E-16 -2.84E-13 -1.31E-26

     Z        N2O5      CO2       SO4AER    S8AER   
  0.00E+00 -3.51E-08 -2.58E+11 -7.61E+07  2.94E-20
  5.00E+04 -9.46E+01 -2.37E+11 -5.97E+08 -1.17E-22
  1.50E+05 -2.80E+02 -1.97E+11 -1.60E+09 -1.13E-22
  2.50E+05 -8.46E+02 -1.61E+11 -2.21E+09 -1.10E-22
  3.50E+05 -2.55E+03 -1.28E+11 -2.42E+09 -1.07E-22
  4.50E+05 -7.23E+03 -9.99E+10 -2.45E+09 -1.05E-22
  5.50E+05 -1.23E+04 -7.58E+10 -2.38E+09 -1.04E-22
  6.50E+05 -1.00E+04 -5.75E+10 -2.29E+09 -1.04E-22
  7.50E+05 -7.40E+03 -4.48E+10 -2.20E+09 -1.04E-22
  8.50E+05 -7.06E+03 -3.53E+10 -2.10E+09 -1.05E-22
  9.50E+05 -5.64E+03 -2.74E+10 -1.96E+09 -1.06E-22
  1.05E+06 -3.73E+03 -2.04E+10 -1.76E+09 -1.06E-22
  1.15E+06 -4.57E+03 -1.47E+10 -1.46E+09 -1.04E-22
  1.25E+06 -5.83E+03 -1.08E+10 -1.14E+09 -1.02E-22
  1.35E+06 -1.01E+04 -8.42E+09 -8.64E+08 -1.00E-22
  1.45E+06 -1.97E+04 -7.14E+09 -6.43E+08 -9.84E-23
  1.55E+06 -3.58E+04 -6.36E+09 -4.57E+08 -9.67E-23
  1.65E+06 -5.75E+04 -5.83E+09 -3.03E+08 -9.52E-23
  1.75E+06 -7.94E+04 -5.45E+09 -1.82E+08 -9.39E-23
  1.85E+06 -9.99E+04 -5.16E+09 -9.60E+07 -9.27E-23
  1.95E+06 -1.16E+05 -4.93E+09 -4.45E+07 -9.16E-23
  2.05E+06 -1.26E+05 -4.73E+09 -1.97E+07 -9.05E-23
  2.15E+06 -1.32E+05 -4.55E+09 -8.80E+06 -8.95E-23
  2.25E+06 -1.28E+05 -4.39E+09 -3.95E+06 -8.86E-23
  2.35E+06 -1.12E+05 -4.23E+09 -1.78E+06 -8.77E-23
  2.45E+06 -7.93E+04 -4.07E+09 -7.95E+05 -8.68E-23
  2.55E+06 -3.51E+04 -3.89E+09 -3.52E+05 -8.60E-23
  2.65E+06  1.23E+04 -3.71E+09 -1.53E+05 -8.53E-23
  2.75E+06  5.46E+04 -3.52E+09 -6.37E+04 -8.45E-23
  2.85E+06  8.44E+04 -3.32E+09 -2.10E+04 -8.37E-23
  2.95E+06  9.39E+04 -3.11E+09 -4.10E-08 -8.28E-23
  3.05E+06  9.12E+04 -2.90E+09 -1.96E-08 -8.19E-23
  3.15E+06  7.96E+04 -2.69E+09 -3.54E-08 -8.09E-23
  3.25E+06  6.21E+04 -2.48E+09 -3.26E-08 -7.99E-23
  3.35E+06  4.54E+04 -2.27E+09 -1.91E-08 -7.90E-23
  3.45E+06  3.13E+04 -2.08E+09 -2.56E-08 -7.80E-23
  3.55E+06  2.04E+04 -1.89E+09 -2.70E-08 -7.71E-23
  3.65E+06  1.29E+04 -1.70E+09 -2.28E-08 -7.62E-23
  3.75E+06  7.58E+03 -1.53E+09 -9.78E-09 -7.54E-23
  3.85E+06  4.18E+03 -1.36E+09 -1.30E-08 -7.46E-23
  3.95E+06  2.16E+03 -1.19E+09 -8.61E-09 -7.40E-23
  4.05E+06  1.02E+03 -1.03E+09 -6.98E-09 -7.34E-23
  4.15E+06  4.33E+02 -8.80E+08 -5.24E-09 -7.30E-23
  4.25E+06  1.71E+02 -7.40E+08 -4.77E-09 -7.27E-23
  4.35E+06  6.38E+01 -6.14E+08 -1.75E-09 -7.26E-23
  4.45E+06  2.28E+01 -5.04E+08 -8.73E-10 -7.26E-23
  4.55E+06  7.80E+00 -4.08E+08 -1.28E-09 -7.27E-23
  4.65E+06  2.73E+00 -3.28E+08 -9.90E-10 -7.30E-23
  4.75E+06  9.31E-01 -2.59E+08  3.78E-10 -7.33E-23
  4.85E+06  3.15E-01 -2.02E+08  2.91E-11 -7.36E-23
  4.95E+06  1.07E-01 -1.53E+08  2.33E-10 -7.39E-23
  5.05E+06  3.65E-02 -1.11E+08  1.60E-10 -7.43E-23
  5.15E+06  1.24E-02 -7.40E+07 -1.16E-10 -7.46E-23
  5.25E+06  4.25E-03 -4.11E+07 -1.02E-10 -7.49E-23
  5.35E+06  1.46E-03 -1.10E+07 -1.38E-10 -7.52E-23
  5.45E+06  5.05E-04  1.70E+07 -2.91E-11 -7.56E-23
  5.55E+06  1.76E-04  4.34E+07 -1.09E-11 -7.59E-23
  5.65E+06  6.15E-05  6.88E+07 -1.46E-11 -7.63E-23
  5.75E+06  2.17E-05  9.33E+07  3.64E-11 -7.67E-23
  5.85E+06  7.74E-06  1.17E+08  3.64E-12 -7.70E-23
  5.95E+06  2.79E-06  1.41E+08 -1.27E-11 -7.74E-23
  6.05E+06  1.02E-06  1.64E+08 -7.28E-12 -7.78E-23
  6.15E+06  3.81E-07  1.87E+08 -2.27E-12 -7.82E-23
  6.25E+06  1.45E-07  2.10E+08 -9.09E-13 -7.86E-23
  6.35E+06  5.60E-08  2.33E+08 -5.68E-13 -7.91E-23
  6.45E+06  2.22E-08  2.55E+08  0.00E+00 -7.95E-23
  6.55E+06  8.93E-09  2.78E+08  2.84E-14 -7.99E-23
  6.65E+06  3.66E-09  3.00E+08  0.00E+00 -8.04E-23
  6.75E+06  1.53E-09  3.21E+08  2.13E-14 -8.08E-23
  6.85E+06  6.60E-10  3.43E+08  7.11E-15 -8.13E-23
  6.95E+06  3.06E-10  3.66E+08  4.44E-16 -8.17E-23
  7.05E+06  1.62E-10  3.88E+08  2.22E-16 -8.21E-23
  7.15E+06  1.01E-10  4.11E+08 -8.33E-17 -8.26E-23
  7.25E+06  7.03E-11  4.33E+08 -1.39E-17 -8.30E-23
  7.35E+06  5.05E-11  4.53E+08 -1.73E-18 -8.34E-23
  7.45E+06  3.64E-11  4.71E+08  0.00E+00 -8.35E-23
  7.55E+06  2.06E-11  4.85E+08  6.78E-21 -8.35E-23
  7.65E+06  9.98E-12  4.94E+08 -2.12E-22 -8.35E-23
  7.75E+06  4.93E-12  4.98E+08  0.00E+00 -8.35E-23
  7.85E+06  3.08E-12  4.99E+08 -1.03E-25 -8.34E-23
  7.95E+06  1.08E-12  4.91E+08 -7.27E-14 -8.34E-23
  8.05E+06  1.55E-13  4.66E+08 -1.05E-15 -8.34E-23
  8.15E+06  1.50E-14  4.33E+08 -7.26E-18 -8.34E-23
  8.25E+06  1.41E-15  3.96E+08 -2.15E-20 -8.33E-23
  8.35E+06  1.69E-16  3.59E+08 -7.67E-23 -8.33E-23
  8.45E+06  3.67E-17  3.23E+08 -7.05E-23 -8.33E-23
  8.55E+06  1.40E-17  2.89E+08 -7.05E-23 -8.33E-23
  8.65E+06  6.89E-18  2.58E+08 -7.05E-23 -8.32E-23
  8.75E+06  3.76E-18  2.28E+08 -7.05E-23 -8.32E-23
  8.85E+06  2.13E-18  2.01E+08 -7.04E-23 -8.32E-23
  8.95E+06  1.19E-18  1.76E+08 -7.04E-23 -8.32E-23
  9.05E+06  6.30E-19  1.53E+08 -7.04E-23 -8.31E-23
  9.15E+06  3.08E-19  1.32E+08 -7.04E-23 -8.31E-23
  9.25E+06  1.39E-19  1.13E+08 -7.04E-23 -8.31E-23
  9.35E+06  5.92E-20  9.49E+07 -7.03E-23 -8.31E-23
  9.45E+06  2.42E-20  7.84E+07 -7.03E-23 -8.30E-23
  9.55E+06  9.78E-21  6.31E+07 -7.03E-23 -8.30E-23
  9.65E+06  3.93E-21  4.89E+07 -7.03E-23 -8.30E-23
  9.75E+06  1.58E-21  3.57E+07 -7.03E-23 -8.30E-23
  9.85E+06  6.39E-22  2.29E+07 -7.02E-23 -8.29E-23
  9.95E+06  2.16E-22  9.38E+06 -7.02E-23 -8.29E-23
  1.00E+07  1.78E-34 -2.24E-06 -7.02E-23 -8.29E-23

 AQUEOUS PHASE SPECIES

     Z      (SO2)g   (H2CO)g  (SO2)aq CH2(OH)2   HCO3-    CO3=     HSO3-    SO3=   CH2OHSO3-   OH-     SO4=      PH
  2.50E+04 6.09E-11 2.01E-10 1.28E-10 1.66E-06 3.64E-07 1.15E-12 1.64E-07 6.47E-10 2.72E-08 2.21E-10 8.59E-06 4.75E+00
  1.25E+05 1.18E-10 1.68E-10 3.00E-10 2.17E-06 3.27E-07 9.47E-13 4.04E-07 1.58E-09 8.77E-08 1.30E-10 9.26E-06 4.71E+00
  2.25E+05 1.60E-10 1.20E-10 5.03E-10 2.55E-06 2.63E-07 6.21E-13 6.44E-07 2.22E-09 1.64E-07 6.48E-11 1.13E-05 4.62E+00
  3.25E+05 2.01E-10 9.02E-11 6.81E-10 2.30E-06 2.01E-07 3.88E-13 7.55E-07 2.20E-09 1.74E-07 4.44E-11 1.39E-05 4.54E+00
  4.25E+05 2.43E-10 7.11E-11 8.25E-10 1.81E-06 1.55E-07 2.54E-13 7.80E-07 1.93E-09 1.41E-07 3.78E-11 1.65E-05 4.47E+00
  5.25E+05 2.87E-10 5.22E-11 9.74E-10 1.33E-06 1.23E-07 1.79E-13 8.13E-07 1.78E-09 1.08E-07 3.34E-11 1.87E-05 4.41E+00
  6.25E+05 3.33E-10 3.43E-11 1.13E-09 8.75E-07 1.02E-07 1.35E-13 8.61E-07 1.72E-09 7.53E-08 3.05E-11 2.06E-05 4.37E+00
  7.25E+05 3.79E-10 2.06E-11 1.29E-09 5.26E-07 8.56E-08 1.06E-13 9.15E-07 1.71E-09 4.81E-08 2.85E-11 2.21E-05 4.34E+00
  8.25E+05 4.19E-10 1.26E-11 1.42E-09 3.20E-07 7.33E-08 8.63E-14 9.62E-07 1.71E-09 3.08E-08 2.71E-11 2.32E-05 4.32E+00
  9.25E+05 4.52E-10 8.08E-12 1.53E-09 2.06E-07 6.36E-08 7.24E-14 1.00E-06 1.72E-09 2.07E-08 2.61E-11 2.41E-05 4.31E+00
  1.02E+06 4.81E-10 5.48E-12 1.63E-09 1.40E-07 5.54E-08 6.16E-14 1.04E-06 1.75E-09 1.46E-08 2.56E-11 2.46E-05 4.30E+00

 NORMAL HENRYS LAW COEFFICIENTS


     Z        O        O2       H2O      H        OH       HO2      H2O2     H2       CO       HCO      H2CO     CH4      CH3      C2H6     NO       NO2      HNO      H2S     
  2.50E+04 0.00E+00 1.60E-03 0.00E+00 0.00E+00 5.61E+01 9.10E+03 2.33E+05 8.36E-04 1.20E-03 0.00E+00 8.25E+03 1.75E-03 0.00E+00 2.62E-03 2.34E-03 1.70E-02 0.00E+00 1.32E-01
  1.25E+05 0.00E+00 1.77E-03 0.00E+00 0.00E+00 7.56E+01 1.34E+04 3.79E+05 8.64E-04 1.31E-03 0.00E+00 1.29E+04 1.94E-03 0.00E+00 3.05E-03 2.59E-03 2.00E-02 0.00E+00 1.51E-01
  2.25E+05 0.00E+00 1.97E-03 0.00E+00 0.00E+00 1.05E+02 2.07E+04 6.53E+05 8.97E-04 1.44E-03 0.00E+00 2.13E+04 2.19E-03 0.00E+00 3.61E-03 2.89E-03 2.41E-02 0.00E+00 1.75E-01
  3.25E+05 0.00E+00 2.06E-03 0.00E+00 0.00E+00 1.19E+02 2.42E+04 7.95E+05 9.09E-04 1.49E-03 0.00E+00 2.55E+04 2.28E-03 0.00E+00 3.83E-03 3.00E-03 2.57E-02 0.00E+00 1.84E-01
  4.25E+05 0.00E+00 2.06E-03 0.00E+00 0.00E+00 1.19E+02 2.42E+04 7.95E+05 9.09E-04 1.49E-03 0.00E+00 2.55E+04 2.28E-03 0.00E+00 3.83E-03 3.00E-03 2.57E-02 0.00E+00 1.84E-01
  5.25E+05 0.00E+00 2.06E-03 0.00E+00 0.00E+00 1.19E+02 2.42E+04 7.95E+05 9.09E-04 1.49E-03 0.00E+00 2.55E+04 2.28E-03 0.00E+00 3.83E-03 3.00E-03 2.57E-02 0.00E+00 1.84E-01
  6.25E+05 0.00E+00 2.06E-03 0.00E+00 0.00E+00 1.19E+02 2.42E+04 7.95E+05 9.09E-04 1.49E-03 0.00E+00 2.55E+04 2.28E-03 0.00E+00 3.83E-03 3.00E-03 2.57E-02 0.00E+00 1.84E-01
  7.25E+05 0.00E+00 2.06E-03 0.00E+00 0.00E+00 1.19E+02 2.42E+04 7.95E+05 9.09E-04 1.49E-03 0.00E+00 2.55E+04 2.28E-03 0.00E+00 3.83E-03 3.00E-03 2.57E-02 0.00E+00 1.84E-01
  8.25E+05 0.00E+00 2.06E-03 0.00E+00 0.00E+00 1.19E+02 2.42E+04 7.95E+05 9.09E-04 1.49E-03 0.00E+00 2.55E+04 2.28E-03 0.00E+00 3.83E-03 3.00E-03 2.57E-02 0.00E+00 1.84E-01
  9.25E+05 0.00E+00 2.06E-03 0.00E+00 0.00E+00 1.19E+02 2.42E+04 7.95E+05 9.09E-04 1.49E-03 0.00E+00 2.55E+04 2.28E-03 0.00E+00 3.83E-03 3.00E-03 2.57E-02 0.00E+00 1.84E-01
  1.02E+06 0.00E+00 2.06E-03 0.00E+00 0.00E+00 1.19E+02 2.42E+04 7.95E+05 9.09E-04 1.49E-03 0.00E+00 2.55E+04 2.28E-03 0.00E+00 3.83E-03 3.00E-03 2.57E-02 0.00E+00 1.84E-01

     Z        HS       S        SO       SO2      H2SO4    HSO      S2       S4       S8       SO3      OCS      S3       O3       HNO3     N        NO3      N2O      HO2NO2  
  2.50E+04 1.00E+05 0.00E+00 1.90E-03 2.10E+00 7.00E+11 9.00E+03 0.00E+00 0.00E+00 0.00E+00 7.00E+11 2.95E-02 0.00E+00 0.00E+00 7.05E+05 0.00E+00 3.80E-02 3.59E-02 3.14E+04
  1.25E+05 1.00E+05 0.00E+00 1.90E-03 2.54E+00 7.00E+11 9.00E+03 0.00E+00 0.00E+00 0.00E+00 7.00E+11 3.39E-02 0.00E+00 0.00E+00 1.25E+06 0.00E+00 3.80E-02 4.26E-02 4.95E+04
  2.25E+05 1.00E+05 0.00E+00 1.90E-03 3.14E+00 7.00E+11 9.00E+03 0.00E+00 0.00E+00 0.00E+00 7.00E+11 3.95E-02 0.00E+00 0.00E+00 2.37E+06 0.00E+00 3.80E-02 5.16E-02 8.21E+04
  3.25E+05 1.00E+05 0.00E+00 1.90E-03 3.39E+00 7.00E+11 9.00E+03 0.00E+00 0.00E+00 0.00E+00 7.00E+11 4.18E-02 0.00E+00 0.00E+00 2.99E+06 0.00E+00 3.80E-02 5.53E-02 9.86E+04
  4.25E+05 1.00E+05 0.00E+00 1.90E-03 3.39E+00 7.00E+11 9.00E+03 0.00E+00 0.00E+00 0.00E+00 7.00E+11 4.18E-02 0.00E+00 0.00E+00 2.99E+06 0.00E+00 3.80E-02 5.53E-02 9.86E+04
  5.25E+05 1.00E+05 0.00E+00 1.90E-03 3.39E+00 7.00E+11 9.00E+03 0.00E+00 0.00E+00 0.00E+00 7.00E+11 4.18E-02 0.00E+00 0.00E+00 2.99E+06 0.00E+00 3.80E-02 5.53E-02 9.86E+04
  6.25E+05 1.00E+05 0.00E+00 1.90E-03 3.39E+00 7.00E+11 9.00E+03 0.00E+00 0.00E+00 0.00E+00 7.00E+11 4.18E-02 0.00E+00 0.00E+00 2.99E+06 0.00E+00 3.80E-02 5.53E-02 9.86E+04
  7.25E+05 1.00E+05 0.00E+00 1.90E-03 3.39E+00 7.00E+11 9.00E+03 0.00E+00 0.00E+00 0.00E+00 7.00E+11 4.18E-02 0.00E+00 0.00E+00 2.99E+06 0.00E+00 3.80E-02 5.53E-02 9.86E+04
  8.25E+05 1.00E+05 0.00E+00 1.90E-03 3.39E+00 7.00E+11 9.00E+03 0.00E+00 0.00E+00 0.00E+00 7.00E+11 4.18E-02 0.00E+00 0.00E+00 2.99E+06 0.00E+00 3.80E-02 5.53E-02 9.86E+04
  9.25E+05 1.00E+05 0.00E+00 1.90E-03 3.39E+00 7.00E+11 9.00E+03 0.00E+00 0.00E+00 0.00E+00 7.00E+11 4.18E-02 0.00E+00 0.00E+00 2.99E+06 0.00E+00 3.80E-02 5.53E-02 9.86E+04
  1.02E+06 1.00E+05 0.00E+00 1.90E-03 3.39E+00 7.00E+11 9.00E+03 0.00E+00 0.00E+00 0.00E+00 7.00E+11 4.18E-02 0.00E+00 0.00E+00 2.99E+06 0.00E+00 3.80E-02 5.53E-02 9.86E+04

     Z        N2O5     CO2      SO4AER   S8AER   
  2.50E+04 3.59E-02 0.00E+00 7.00E+11 7.00E+11
  1.25E+05 4.26E-02 0.00E+00 7.00E+11 7.00E+11
  2.25E+05 5.16E-02 0.00E+00 7.00E+11 7.00E+11
  3.25E+05 5.53E-02 0.00E+00 7.00E+11 7.00E+11
  4.25E+05 5.53E-02 0.00E+00 7.00E+11 7.00E+11
  5.25E+05 5.53E-02 0.00E+00 7.00E+11 7.00E+11
  6.25E+05 5.53E-02 0.00E+00 7.00E+11 7.00E+11
  7.25E+05 5.53E-02 0.00E+00 7.00E+11 7.00E+11
  8.25E+05 5.53E-02 0.00E+00 7.00E+11 7.00E+11
  9.25E+05 5.53E-02 0.00E+00 7.00E+11 7.00E+11
  1.02E+06 5.53E-02 0.00E+00 7.00E+11 7.00E+11

 ENHANCEMENTS OF HENRYS LAW COEFFICIENTS


     Z        O        O2       H2O      H        OH       HO2      H2O2     H2       CO       HCO      H2CO     CH4      CH3      C2H6     NO       NO2      HNO      H2S     
  2.50E+04 1.00E+00 1.00E+00 1.00E+00 1.00E+00 1.00E+00 1.00E+00 1.00E+00 1.00E+00 1.00E+00 1.00E+00 1.02E+00 1.00E+00 1.00E+00 1.00E+00 1.00E+00 1.00E+00 1.00E+00 1.01E+00
  1.25E+05 1.00E+00 1.00E+00 1.00E+00 1.00E+00 1.00E+00 1.00E+00 1.00E+00 1.00E+00 1.00E+00 1.00E+00 1.04E+00 1.00E+00 1.00E+00 1.00E+00 1.00E+00 1.00E+00 1.00E+00 1.01E+00
  2.25E+05 1.00E+00 1.00E+00 1.00E+00 1.00E+00 1.00E+00 1.00E+00 1.00E+00 1.00E+00 1.00E+00 1.00E+00 1.06E+00 1.00E+00 1.00E+00 1.00E+00 1.00E+00 1.00E+00 1.00E+00 1.00E+00
  3.25E+05 1.00E+00 1.00E+00 1.00E+00 1.00E+00 1.00E+00 1.00E+00 1.00E+00 1.00E+00 1.00E+00 1.00E+00 1.08E+00 1.00E+00 1.00E+00 1.00E+00 1.00E+00 1.00E+00 1.00E+00 1.00E+00
  4.25E+05 1.00E+00 1.00E+00 1.00E+00 1.00E+00 1.00E+00 1.00E+00 1.00E+00 1.00E+00 1.00E+00 1.00E+00 1.08E+00 1.00E+00 1.00E+00 1.00E+00 1.00E+00 1.00E+00 1.00E+00 1.00E+00
  5.25E+05 1.00E+00 1.00E+00 1.00E+00 1.00E+00 1.00E+00 1.00E+00 1.00E+00 1.00E+00 1.00E+00 1.00E+00 1.08E+00 1.00E+00 1.00E+00 1.00E+00 1.00E+00 1.00E+00 1.00E+00 1.00E+00
  6.25E+05 1.00E+00 1.00E+00 1.00E+00 1.00E+00 1.00E+00 1.00E+00 1.00E+00 1.00E+00 1.00E+00 1.00E+00 1.09E+00 1.00E+00 1.00E+00 1.00E+00 1.00E+00 1.00E+00 1.00E+00 1.00E+00
  7.25E+05 1.00E+00 1.00E+00 1.00E+00 1.00E+00 1.00E+00 1.00E+00 1.00E+00 1.00E+00 1.00E+00 1.00E+00 1.09E+00 1.00E+00 1.00E+00 1.00E+00 1.00E+00 1.00E+00 1.00E+00 1.00E+00
  8.25E+05 1.00E+00 1.00E+00 1.00E+00 1.00E+00 1.00E+00 1.00E+00 1.00E+00 1.00E+00 1.00E+00 1.00E+00 1.10E+00 1.00E+00 1.00E+00 1.00E+00 1.00E+00 1.00E+00 1.00E+00 1.00E+00
  9.25E+05 1.00E+00 1.00E+00 1.00E+00 1.00E+00 1.00E+00 1.00E+00 1.00E+00 1.00E+00 1.00E+00 1.00E+00 1.10E+00 1.00E+00 1.00E+00 1.00E+00 1.00E+00 1.00E+00 1.00E+00 1.00E+00
  1.02E+06 1.00E+00 1.00E+00 1.00E+00 1.00E+00 1.00E+00 1.00E+00 1.00E+00 1.00E+00 1.00E+00 1.00E+00 1.10E+00 1.00E+00 1.00E+00 1.00E+00 1.00E+00 1.00E+00 1.00E+00 1.00E+00

     Z        HS       S        SO       SO2      H2SO4    HSO      S2       S4       S8       SO3      OCS      S3       O3       HNO3     N        NO3      N2O      HO2NO2  
  2.50E+04 1.00E+00 1.00E+00 1.00E+00 1.50E+03 1.00E+00 1.00E+00 1.00E+00 1.00E+00 1.00E+00 1.00E+00 1.00E+00 1.00E+00 1.00E+00 1.00E+00 1.00E+00 1.00E+00 1.00E+00 1.00E+00
  1.25E+05 1.00E+00 1.00E+00 1.00E+00 1.65E+03 1.00E+00 1.00E+00 1.00E+00 1.00E+00 1.00E+00 1.00E+00 1.00E+00 1.00E+00 1.00E+00 1.00E+00 1.00E+00 1.00E+00 1.00E+00 1.00E+00
  2.25E+05 1.00E+00 1.00E+00 1.00E+00 1.61E+03 1.00E+00 1.00E+00 1.00E+00 1.00E+00 1.00E+00 1.00E+00 1.00E+00 1.00E+00 1.00E+00 1.00E+00 1.00E+00 1.00E+00 1.00E+00 1.00E+00
  3.25E+05 1.00E+00 1.00E+00 1.00E+00 1.37E+03 1.00E+00 1.00E+00 1.00E+00 1.00E+00 1.00E+00 1.00E+00 1.00E+00 1.00E+00 1.00E+00 1.00E+00 1.00E+00 1.00E+00 1.00E+00 1.00E+00
  4.25E+05 1.00E+00 1.00E+00 1.00E+00 1.12E+03 1.00E+00 1.00E+00 1.00E+00 1.00E+00 1.00E+00 1.00E+00 1.00E+00 1.00E+00 1.00E+00 1.00E+00 1.00E+00 1.00E+00 1.00E+00 1.00E+00
  5.25E+05 1.00E+00 1.00E+00 1.00E+00 9.49E+02 1.00E+00 1.00E+00 1.00E+00 1.00E+00 1.00E+00 1.00E+00 1.00E+00 1.00E+00 1.00E+00 1.00E+00 1.00E+00 1.00E+00 1.00E+00 1.00E+00
  6.25E+05 1.00E+00 1.00E+00 1.00E+00 8.31E+02 1.00E+00 1.00E+00 1.00E+00 1.00E+00 1.00E+00 1.00E+00 1.00E+00 1.00E+00 1.00E+00 1.00E+00 1.00E+00 1.00E+00 1.00E+00 1.00E+00
  7.25E+05 1.00E+00 1.00E+00 1.00E+00 7.52E+02 1.00E+00 1.00E+00 1.00E+00 1.00E+00 1.00E+00 1.00E+00 1.00E+00 1.00E+00 1.00E+00 1.00E+00 1.00E+00 1.00E+00 1.00E+00 1.00E+00
  8.25E+05 1.00E+00 1.00E+00 1.00E+00 7.00E+02 1.00E+00 1.00E+00 1.00E+00 1.00E+00 1.00E+00 1.00E+00 1.00E+00 1.00E+00 1.00E+00 1.00E+00 1.00E+00 1.00E+00 1.00E+00 1.00E+00
  9.25E+05 1.00E+00 1.00E+00 1.00E+00 6.69E+02 1.00E+00 1.00E+00 1.00E+00 1.00E+00 1.00E+00 1.00E+00 1.00E+00 1.00E+00 1.00E+00 1.00E+00 1.00E+00 1.00E+00 1.00E+00 1.00E+00
  1.02E+06 1.00E+00 1.00E+00 1.00E+00 6.51E+02 1.00E+00 1.00E+00 1.00E+00 1.00E+00 1.00E+00 1.00E+00 1.00E+00 1.00E+00 1.00E+00 1.00E+00 1.00E+00 1.00E+00 1.00E+00 1.00E+00

     Z        N2O5     CO2      SO4AER   S8AER   
  2.50E+04 1.00E+00 1.00E+00 1.00E+00 1.00E+00
  1.25E+05 1.00E+00 1.00E+00 1.00E+00 1.00E+00
  2.25E+05 1.00E+00 1.00E+00 1.00E+00 1.00E+00
  3.25E+05 1.00E+00 1.00E+00 1.00E+00 1.00E+00
  4.25E+05 1.00E+00 1.00E+00 1.00E+00 1.00E+00
  5.25E+05 1.00E+00 1.00E+00 1.00E+00 1.00E+00
  6.25E+05 1.00E+00 1.00E+00 1.00E+00 1.00E+00
  7.25E+05 1.00E+00 1.00E+00 1.00E+00 1.00E+00
  8.25E+05 1.00E+00 1.00E+00 1.00E+00 1.00E+00
  9.25E+05 1.00E+00 1.00E+00 1.00E+00 1.00E+00
  1.02E+06 1.00E+00 1.00E+00 1.00E+00 1.00E+00

 GIORGI AND CHAMEIDES RAINOUT RATES


     Z        O        O2       H2O      H        OH       HO2      H2O2     H2       CO       HCO      H2CO     CH4      CH3      C2H6     NO       NO2      HNO      H2S     
  2.50E+04 0.00E+00 2.69E-13 0.00E+00 0.00E+00 9.39E-09 9.93E-07 2.29E-06 1.40E-13 2.01E-13 0.00E+00 9.42E-07 2.94E-13 0.00E+00 4.39E-13 3.93E-13 2.85E-12 0.00E+00 2.23E-11
  1.25E+05 0.00E+00 3.26E-13 0.00E+00 0.00E+00 1.39E-08 1.33E-06 2.38E-06 1.59E-13 2.40E-13 0.00E+00 1.33E-06 3.58E-13 0.00E+00 5.61E-13 4.76E-13 3.69E-12 0.00E+00 2.79E-11
  2.25E+05 0.00E+00 2.72E-13 0.00E+00 0.00E+00 1.44E-08 1.03E-06 1.33E-06 1.23E-13 1.98E-13 0.00E+00 1.06E-06 3.01E-13 0.00E+00 4.97E-13 3.97E-13 3.32E-12 0.00E+00 2.42E-11
  3.25E+05 0.00E+00 2.03E-13 0.00E+00 0.00E+00 1.16E-08 7.00E-07 8.19E-07 8.97E-14 1.47E-13 0.00E+00 7.17E-07 2.25E-13 0.00E+00 3.78E-13 2.96E-13 2.54E-12 0.00E+00 1.82E-11
  4.25E+05 0.00E+00 1.39E-13 0.00E+00 0.00E+00 7.95E-09 4.93E-07 5.83E-07 6.15E-14 1.01E-13 0.00E+00 5.07E-07 1.54E-13 0.00E+00 2.60E-13 2.03E-13 1.74E-12 0.00E+00 1.25E-11
  5.25E+05 0.00E+00 9.11E-14 0.00E+00 0.00E+00 5.21E-09 3.60E-07 4.49E-07 4.03E-14 6.60E-14 0.00E+00 3.72E-07 1.01E-13 0.00E+00 1.70E-13 1.33E-13 1.14E-12 0.00E+00 8.19E-12
  6.25E+05 0.00E+00 5.70E-14 0.00E+00 0.00E+00 3.27E-09 2.61E-07 3.60E-07 2.52E-14 4.13E-14 0.00E+00 2.72E-07 6.33E-14 0.00E+00 1.06E-13 8.34E-14 7.14E-13 0.00E+00 5.12E-12
  7.25E+05 0.00E+00 3.41E-14 0.00E+00 0.00E+00 1.95E-09 1.82E-07 2.89E-07 1.51E-14 2.47E-14 0.00E+00 1.93E-07 3.78E-14 0.00E+00 6.36E-14 4.98E-14 4.27E-13 0.00E+00 3.06E-12
  8.25E+05 0.00E+00 1.95E-14 0.00E+00 0.00E+00 1.12E-09 1.21E-07 2.29E-07 8.60E-15 1.41E-14 0.00E+00 1.30E-07 2.16E-14 0.00E+00 3.63E-14 2.84E-14 2.44E-13 0.00E+00 1.75E-12
  9.25E+05 0.00E+00 1.06E-14 0.00E+00 0.00E+00 6.11E-10 7.50E-08 1.73E-07 4.70E-15 7.69E-15 0.00E+00 8.17E-08 1.18E-14 0.00E+00 1.98E-14 1.55E-14 1.33E-13 0.00E+00 9.54E-13
  1.02E+06 0.00E+00 5.59E-15 0.00E+00 0.00E+00 3.21E-10 4.28E-08 1.14E-07 2.47E-15 4.04E-15 0.00E+00 4.71E-08 6.21E-15 0.00E+00 1.04E-14 8.17E-15 7.00E-14 0.00E+00 5.02E-13

     Z        HS       S        SO       SO2      H2SO4    HSO      S2       S4       S8       SO3      OCS      S3       O3       HNO3     N        NO3      N2O      HO2NO2  
  2.50E+04 2.18E-06 0.00E+00 3.19E-13 4.48E-07 2.37E-06 9.87E-07 0.00E+00 0.00E+00 0.00E+00 2.37E-06 4.95E-12 0.00E+00 0.00E+00 2.35E-06 0.00E+00 6.38E-12 6.02E-12 1.77E-06
  1.25E+05 2.25E-06 0.00E+00 3.50E-13 6.15E-07 2.42E-06 1.06E-06 0.00E+00 0.00E+00 0.00E+00 2.42E-06 6.23E-12 0.00E+00 0.00E+00 2.40E-06 0.00E+00 7.00E-12 7.85E-12 2.06E-06
  2.25E+05 1.29E-06 0.00E+00 2.62E-13 5.02E-07 1.34E-06 7.23E-07 0.00E+00 0.00E+00 0.00E+00 1.34E-06 5.44E-12 0.00E+00 0.00E+00 1.34E-06 0.00E+00 5.23E-12 7.11E-12 1.28E-06
  3.25E+05 8.04E-07 0.00E+00 1.88E-13 3.27E-07 8.20E-07 4.89E-07 0.00E+00 0.00E+00 0.00E+00 8.20E-07 4.12E-12 0.00E+00 0.00E+00 8.20E-07 0.00E+00 3.75E-12 5.46E-12 8.03E-07
  4.25E+05 5.72E-07 0.00E+00 1.29E-13 1.96E-07 5.84E-07 3.41E-07 0.00E+00 0.00E+00 0.00E+00 5.84E-07 2.83E-12 0.00E+00 0.00E+00 5.84E-07 0.00E+00 2.57E-12 3.74E-12 5.71E-07
  5.25E+05 4.35E-07 0.00E+00 8.43E-14 1.16E-07 4.50E-07 2.37E-07 0.00E+00 0.00E+00 0.00E+00 4.50E-07 1.85E-12 0.00E+00 0.00E+00 4.50E-07 0.00E+00 1.69E-12 2.45E-12 4.35E-07
  6.25E+05 3.40E-07 0.00E+00 5.27E-14 6.71E-08 3.62E-07 1.61E-07 0.00E+00 0.00E+00 0.00E+00 3.62E-07 1.16E-12 0.00E+00 0.00E+00 3.61E-07 0.00E+00 1.05E-12 1.53E-12 3.39E-07
  7.25E+05 2.61E-07 0.00E+00 3.15E-14 3.78E-08 2.93E-07 1.04E-07 0.00E+00 0.00E+00 0.00E+00 2.93E-07 6.93E-13 0.00E+00 0.00E+00 2.92E-07 0.00E+00 6.30E-13 9.17E-13 2.61E-07
  8.25E+05 1.94E-07 0.00E+00 1.80E-14 2.07E-08 2.35E-07 6.42E-08 0.00E+00 0.00E+00 0.00E+00 2.35E-07 3.96E-13 0.00E+00 0.00E+00 2.34E-07 0.00E+00 3.60E-13 5.24E-13 1.94E-07
  9.25E+05 1.36E-07 0.00E+00 9.82E-15 1.11E-08 1.81E-07 3.73E-08 0.00E+00 0.00E+00 0.00E+00 1.81E-07 2.16E-13 0.00E+00 0.00E+00 1.79E-07 0.00E+00 1.96E-13 2.86E-13 1.35E-07
  1.02E+06 8.39E-08 0.00E+00 5.17E-15 5.73E-09 1.21E-07 2.04E-08 0.00E+00 0.00E+00 0.00E+00 1.21E-07 1.14E-13 0.00E+00 0.00E+00 1.19E-07 0.00E+00 1.03E-13 1.50E-13 8.36E-08

     Z        N2O5     CO2      SO4AER   S8AER   
  2.50E+04 6.02E-12 0.00E+00 2.37E-06 2.37E-06
  1.25E+05 7.85E-12 0.00E+00 2.42E-06 2.42E-06
  2.25E+05 7.11E-12 0.00E+00 1.34E-06 1.34E-06
  3.25E+05 5.46E-12 0.00E+00 8.20E-07 8.20E-07
  4.25E+05 3.74E-12 0.00E+00 5.84E-07 5.84E-07
  5.25E+05 2.45E-12 0.00E+00 4.50E-07 4.50E-07
  6.25E+05 1.53E-12 0.00E+00 3.62E-07 3.62E-07
  7.25E+05 9.17E-13 0.00E+00 2.93E-07 2.93E-07
  8.25E+05 5.24E-13 0.00E+00 2.35E-07 2.35E-07
  9.25E+05 2.86E-13 0.00E+00 1.81E-07 1.81E-07
  1.02E+06 1.50E-13 0.00E+00 1.21E-07 1.21E-07

 RAINOUT RATE, PHIDEP, TLOSS, LOWER B.C. and vdep

 FOLLOWED BY TP, TL, FUP, FLOW, CON


     Z        O        O2       H2O      H        OH       HO2      H2O2     H2       CO       HCO      H2CO     CH4      CH3      C2H6     NO       NO2      HNO      H2S     
           0.00E+00 3.12E+11 0.00E+00 0.00E+00 8.16E+03 1.13E+08 1.79E+10 6.76E+05 1.96E+05 0.00E+00 2.01E+09 5.34E+06 0.00E+00 1.07E-13 1.60E+01 1.81E+02 0.00E+00 7.70E+02
           1.40E+03 0.00E+00 0.00E+00 1.92E-01 1.12E+06 2.76E+08 5.42E+09 3.17E+09 3.29E+08 7.71E-03 1.21E+09 0.00E+00 6.89E-02 0.00E+00 1.64E+04 3.34E+05 4.07E+02 4.44E+06
           1.40E+03 3.12E+11 0.00E+00 1.92E-01 1.12E+06 3.89E+08 2.33E+10 3.17E+09 3.29E+08 7.71E-03 3.22E+09 5.34E+06 6.89E-02 1.07E-13 1.64E+04 3.35E+05 4.07E+02 4.44E+06
              0        1        0        0        0        0        0        1        1        0        0        1        0        0        0        0        0        2
           1.00E+00 0.00E+00 0.00E+00 1.00E+00 1.00E+00 1.00E+00 2.00E-01 2.40E-04 1.20E-04 1.00E+00 2.00E-01 0.00E+00 1.00E+00 0.00E+00 3.00E-04 3.00E-03 1.00E+00 2.00E-02

           2.37E+15 2.47E+15 4.25E+10 3.05E+12 3.71E+12 2.73E+12 8.31E+10 5.07E+10 1.07E+11 5.61E+10 1.09E+11 4.36E+02 1.09E+11 2.98E-02 2.73E+13 2.73E+13 2.47E+05 6.51E+05
           2.37E+15 2.47E+15 3.13E+10 3.05E+12 3.71E+12 2.73E+12 7.77E+10 3.51E+10 2.59E+11 5.61E+10 1.08E+11 1.09E+11 1.09E+11 2.98E-02 2.73E+13 2.73E+13 2.46E+05 2.01E+08
           1.44E-02 1.28E-03-5.94E-09 1.44E+08-1.20E-05-4.35E-06-3.53E-18 8.91E+07-1.20E-04 3.25E-09 1.63E-09-2.26E-10 1.47E-09-4.54E-19 3.37E-07 5.08E-10-1.55E-13 2.82E-34
          -1.41E+03 6.43E+11 9.47E+12-1.63E-01-1.12E+06-2.76E+08-5.42E+09-1.55E+10 1.52E+11 4.18E-03-1.21E+09 1.09E+11-5.68E-02 7.74E-21-1.64E+04-3.34E+05-4.07E+02 2.00E+08
          -1.08E+03 1.66E+01 9.48E+12 1.63E-02 6.01E-01 5.82E-02 4.16E-02-5.20E-02-6.09E-02 3.40E-04 1.33E-01 1.18E-01 1.37E-02 1.54E-15-3.23E+01 3.22E+01-1.40E-07-7.01E-05

     Z        HS       S        SO       SO2      H2SO4    HSO      S2       S4       S8       SO3      OCS      S3       O3       HNO3     N        NO3      N2O      HO2NO2  
           1.57E+02 0.00E+00 4.31E-07 7.91E+08 1.97E+08 2.47E+06 0.00E+00 0.00E+00 0.00E+00 1.99E+01 2.34E-08 0.00E+00 0.00E+00 6.92E+08 0.00E+00 2.35E-02 2.04E+07 4.95E+07
           0.00E+00 0.00E+00 0.00E+00 1.63E+09 1.01E+08 1.32E+07 0.00E+00 0.00E+00 0.00E+00 0.00E+00 0.00E+00 0.00E+00 2.19E+10 1.27E+08 0.00E+00 0.00E+00 0.00E+00 4.79E+05
           1.57E+02 0.00E+00 4.31E-07 2.42E+09 2.99E+08 1.57E+07 0.00E+00 0.00E+00 0.00E+00 1.99E+01 2.34E-08 0.00E+00 2.19E+10 8.19E+08 0.00E+00 2.35E-02 2.04E+07 5.00E+07
              0        0        0        3        0        0        0        0        0        0        0        0        0        0        0        0        1        0
           0.00E+00 0.00E+00 0.00E+00 1.00E+00 1.00E+00 1.00E+00 0.00E+00 0.00E+00 0.00E+00 0.00E+00 0.00E+00 0.00E+00 7.00E-02 2.00E-01 0.00E+00 0.00E+00 0.00E+00 2.00E-01

           1.76E+08 4.92E+02 2.97E+08 6.47E+11 6.76E+09 1.14E+08 3.37E-16 4.83E-39 1.15E-91 6.76E+09 1.43E-05 7.40E-36 2.36E+15 1.46E+10 1.32E+08 3.74E+10 8.43E+05 2.79E+10
           1.76E+08 4.92E+02 2.97E+08 6.54E+11 6.66E+09 1.01E+08 3.37E-16 4.83E-39 1.15E-91 6.76E+09 1.43E-05 7.40E-36 2.36E+15 1.44E+10 2.32E+08 3.74E+10 1.41E+09 2.79E+10
           4.51E-22 2.43E-12 2.65E-12 1.47E-12 2.83E-15 3.72E-18 2.90E-38 4.70E-86 3.03-109 1.80E-17 2.38E-25 1.35E-62 4.94E-04 2.04E-25-1.00E+08 3.63E-16-2.84E-13-1.31E-26
           1.21E-04 1.13E-12 4.72E-05-1.63E+09-1.01E+08-1.32E+07 1.36E-27 2.56E-50 2.14-103 5.50E-05-2.46E-13 4.30E-47-2.19E+10-1.27E+08 7.71-180-1.73E-04 1.41E+09-4.79E+05
           1.20E-04-8.75E-12 1.25E-03-9.00E+09-5.66E-06-3.43E-05 4.02E-28 4.60E-50-5.10-102 6.26E-05-2.46E-13 7.10E-47 1.02E+03 2.65E-03-1.44E-05 1.92E-03 2.69E-05 3.04E-03

     Z        N2O5     CO2      SO4AER   S8AER   
           1.62E-02 0.00E+00 6.39E+09 1.71E-19
           0.00E+00 2.58E+11 6.32E+07 2.61E-21
           1.62E-02 2.58E+11 6.45E+09 1.73E-19
              0        3        0        0
           0.00E+00 5.00E-05 1.25E-02 1.05E-02

           2.99E+08 2.59E+11 6.46E+09 0.00E+00
           2.99E+08 1.53E+09 6.39E+09 1.71E-19
           1.78E-34-2.24E-06-7.02E-23-8.29E-23
          -3.51E-08-2.58E+11-7.61E+07 2.94E-20
           2.54E-04-6.88E+08-5.25E-04-1.41E-19

 CONSERVATION OF SULFUR:
     S loss = 9.200E+09  S prod = 9.200000E+09  SO4LOS = 6.749835E+09  8 S8LOSS = 1.387292E-18  sulrain = 7.379E+09   Difference =-1.003E-03

                    OxidOut =  1.8469E-02
                    RedOut  =  1.6124E+08
                       / \
                      /\
  OxidUp = 1.8482E-02 |
  RedUp  = 1.6124E+08 | |
-----------------------|-|----------------
                       | | OxidDown = -1.2510E-05
                         | RedDown  = -1.1974E-04
                         \/
/\
 | OxidDist = 0.0000E+00
 | RedDist  = 0.0000E+00
 |                             /\
 | | OxidRain = 6.4961E+11     | OxidAtm = 1.2868E+12
 | | RedRain  = 4.0503E+09     | RedAtm  = 5.8748E+11
---|--------------------------|-|---------
  \/  OxidOcean = -7.1914E+10| |
      RedOcean  = -1.7953E+10|
                             \/
                              \ /
                         OxidFlow =  1.2149E+12
                         RedFlow  =  5.6953E+11

    global imbalance (ocean)    =  1.6124E+08
    global imbalance (dist-fup) =  1.6124E+08

old redox budget numbers:
     OxidIn = 1.214930E+12  OxidOut = 1.846932E-02  RedIn = 5.695292E+11  RedOut = 1.612416E+08  RedRain = 4.050321E+09  OxidRain = 6.496124E+11   redox =-2.035834E+03

 INTEGRATED REACTION RATES

         1         2         3         4         5         6         7         8         9        10
  1   7.146E+10 9.911E+08 7.075E+07 3.406E+10 8.709E+11 2.169E+12 8.717E+08 2.021E+08 9.096E+09 2.722E+12   10
 11   4.847E+10 4.524E+11 1.971E+12 1.193E+11 8.308E+10 2.665E+10 3.392E+10 2.364E+15 8.758E+11 5.306E+08   20
 21   5.799E+14 9.366E+13 2.916E+11 5.351E+12 3.471E+09 1.630E+08 2.444E+08 6.733E+14 1.661E+15 2.036E+11   30
 31   7.930E+03 1.011E+04 8.216E-07 7.938E+01 1.180E+06 1.180E+06 3.316E+10 7.657E+08 7.633E+08 2.589E+11   40
 41   7.098E+05 4.944E+10 2.979E+10 2.444E+03 9.508E+04 5.040E+05 5.611E+10 2.584E+10 3.194E+05 2.253E+07   50
 51   4.515E+08 2.447E+06 3.666E+09 2.205E+07 2.392E+07 4.067E+06 0.000E+00 2.473E-03 6.914E+09 9.780E+09   60
 61   3.027E+08 2.173E+08 1.321E+08 2.426E+09 2.523E+13 1.071E+11 1.477E+09 9.845E+07 7.528E+00 6.804E+06   70
 71   1.525E+07 2.109E+01 1.112E-08 1.883E+07 1.086E+11 2.389E+07 2.977E-02 5.658E+03 4.355E+02 2.081E-04   80
 81   9.574E-07 6.976E-05 6.563E+04 1.027E+02 1.601E+08 3.872E+04 5.278E+06 6.504E+07 2.685E+13 7.361E+09   90
 91   3.875E+11 6.448E+09 2.018E+12 1.456E+10 1.099E+08 3.438E+09 3.641E+02 1.766E+05 7.415E+00 6.312E+04  100
101   6.714E+03 7.384E+07 6.947E+07 9.068E+02 3.991E+02 4.870E+05 2.427E+02 1.979E-02 6.380E-03 1.123E-03  110
111   7.986E-06 3.300E-03 4.502E-08 5.123E-15 1.661E-19 2.399E-02 4.910E+02 3.043E+00 1.131E+08 6.407E+11  120
121   5.828E+09 2.863E+08 1.823E+04 2.767E+02 1.083E+04 6.759E+09 2.165E+06 6.763E+09 6.759E+09 1.500E-01  130
131   2.678E-07 5.014E-02 1.758E+08 4.752E+00 8.289E+02 2.429E+01 8.615E+07 2.097E+05 5.187E-01 1.251E-05  140
141   1.692E-03 3.365E-16 4.915E+02 1.194E-04 1.776E-12 3.892E-06 3.892E-06 4.388E-25 0.000E+00 3.838E-18  150
151   4.181E+05 3.327E-16 0.000E+00 7.396E-36 4.825E-39 1.210E-59 1.150E-91 4.825E-39 7.396E-36 0.000E+00  160
161   0.000E+00 1.150E-91 1.036E+03 5.822E+10 5.822E+11 1.645E+07 2.412E+08 6.724E+05 2.076E+02 6.398E+10  170
171   8.778E+07 2.649E+01 3.396E+06 7.687E+06 5.960E+05 8.838E+07 6.458E+05 3.082E-02 3.799E-05 8.563E-04  180
181   3.520E-09 1.823E+04 1.009E-06 4.939E-03 3.212E+01 1.809E+05 9.782E+07 1.163E+01 5.815E+00 2.355E+04  190
191   1.626E+05 2.897E-11 0.000E+00 9.146E-12 1.430E-05 7.830E-07 2.289E-12 1.675E-21 1.040E-05 1.421E-11  200
201   4.660E-11 3.093E-06 2.926E+07 0.000E+00 2.482E+07 6.893E-22 7.540E-41 0.000E+00 0.000E+00 6.893E-22  210
211   1.648E+08 9.986E+06 1.036E+10 1.464E+10 1.727E+07 3.079E+09 2.345E+10 8.426E+05 0.000E+00 4.917E+07  220
221   7.694E+07 1.261E+09 7.393E+05 3.673E+04 2.990E+08 1.692E+06 6.600E+04 1.834E+10 4.271E-01 2.789E+10  230
231   9.063E+04 3.751E+09 2.086E+10 2.577E+09 6.561E+08 4.228E+07 2.550E+08 1.857E+06 1.963E+07
         1         2         3         4         5         6         7         8         9        10

 PHOTOCHEMICAL EQUILIBRIUM AND INERT SPECIES

     Z        HNO2     O1D      CH21     CH23     C2H5     SO21     SO23     HSO3     OCS2     N2      
  2.50E+04 9.15E+05 2.51E-03 6.71E-32 1.48E-30 6.26E-21 2.09E-04 1.58E-03 1.56E-03 2.33E-28 2.15E+19
  1.25E+05 9.46E+05 3.15E-03 1.89E-30 4.40E-29 6.15E-21 4.72E-04 3.54E-03 3.34E-03 5.57E-29 1.95E+19
  2.25E+05 1.07E+06 4.01E-03 4.59E-29 1.13E-27 6.05E-21 7.30E-04 5.46E-03 5.07E-03 1.27E-29 1.77E+19
  3.25E+05 1.26E+06 5.12E-03 8.70E-28 2.28E-26 5.82E-21 9.98E-04 7.43E-03 6.81E-03 2.68E-30 1.60E+19
  4.25E+05 1.48E+06 6.45E-03 1.27E-26 3.56E-25 5.44E-21 1.29E-03 9.56E-03 8.60E-03 5.46E-31 1.45E+19
  5.25E+05 1.53E+06 7.94E-03 1.35E-25 4.10E-24 4.71E-21 1.61E-03 1.19E-02 1.01E-02 1.05E-31 1.31E+19
  6.25E+05 1.18E+06 9.53E-03 9.88E-25 3.29E-23 3.56E-21 1.98E-03 1.46E-02 1.04E-02 1.86E-32 1.18E+19
  7.25E+05 8.37E+05 1.12E-02 5.31E-24 1.97E-22 2.49E-21 2.37E-03 1.75E-02 1.00E-02 3.43E-33 1.07E+19
  8.25E+05 8.83E+05 1.30E-02 2.53E-23 1.06E-21 1.91E-21 2.77E-03 2.04E-02 1.06E-02 8.99E-34 9.62E+18
  9.25E+05 1.28E+06 1.49E-02 1.10E-22 5.30E-21 1.63E-21 3.14E-03 2.31E-02 1.25E-02 3.99E-34 8.64E+18
  1.02E+06 1.74E+06 1.70E-02 4.33E-22 2.37E-20 1.45E-21 3.52E-03 2.59E-02 1.45E-02 5.39E-34 7.68E+18
  1.12E+06 1.89E+06 2.11E-02 1.87E-21 1.06E-19 1.46E-21 4.09E-03 3.00E-02 1.53E-02 2.53E-33 6.61E+18
  1.22E+06 1.93E+06 3.16E-02 6.25E-21 3.59E-19 1.52E-21 5.34E-03 3.91E-02 1.56E-02 2.95E-32 5.67E+18
  1.32E+06 1.75E+06 5.16E-02 1.68E-20 9.76E-19 1.69E-21 7.32E-03 5.35E-02 1.50E-02 3.81E-31 4.84E+18
  1.42E+06 1.57E+06 9.32E-02 4.18E-20 2.43E-18 2.18E-21 1.02E-02 7.44E-02 1.43E-02 4.08E-30 4.13E+18
  1.52E+06 1.50E+06 1.56E-01 1.18E-19 6.82E-18 3.28E-21 1.25E-02 9.11E-02 1.42E-02 3.14E-29 3.51E+18
  1.62E+06 1.47E+06 2.50E-01 3.49E-19 2.00E-17 5.30E-21 1.36E-02 9.86E-02 1.37E-02 1.82E-28 2.99E+18
  1.72E+06 1.47E+06 3.79E-01 1.05E-18 5.95E-17 8.76E-21 1.29E-02 9.36E-02 1.22E-02 8.05E-28 2.54E+18
  1.82E+06 1.48E+06 5.51E-01 3.15E-18 1.77E-16 1.46E-20 1.06E-02 7.63E-02 9.77E-03 2.66E-27 2.16E+18
  1.92E+06 1.52E+06 7.78E-01 9.38E-18 5.19E-16 2.45E-20 6.97E-03 5.01E-02 6.45E-03 6.16E-27 1.84E+18
  2.02E+06 1.58E+06 1.07E+00 2.76E-17 1.50E-15 4.15E-20 3.58E-03 2.57E-02 3.38E-03 9.66E-27 1.56E+18
  2.12E+06 1.68E+06 1.45E+00 8.01E-17 4.28E-15 7.11E-20 1.77E-03 1.26E-02 1.73E-03 1.27E-26 1.33E+18
  2.22E+06 1.82E+06 1.94E+00 2.28E-16 1.20E-14 1.24E-19 8.76E-04 6.22E-03 8.96E-04 1.44E-26 1.13E+18
  2.32E+06 2.02E+06 2.58E+00 6.39E-16 3.28E-14 2.20E-19 4.34E-04 3.07E-03 4.68E-04 1.44E-26 9.65E+17
  2.42E+06 2.26E+06 3.40E+00 1.75E-15 8.80E-14 3.97E-19 2.15E-04 1.51E-03 2.45E-04 1.27E-26 8.23E+17
  2.52E+06 2.55E+06 4.46E+00 4.70E-15 2.31E-13 7.31E-19 1.07E-04 7.44E-04 1.28E-04 9.87E-27 7.02E+17
  2.62E+06 2.84E+06 5.81E+00 1.23E-14 5.89E-13 1.37E-18 5.28E-05 3.67E-04 6.57E-05 6.75E-27 5.99E+17
  2.72E+06 3.11E+06 7.51E+00 3.11E-14 1.46E-12 2.60E-18 2.62E-05 1.81E-04 3.31E-05 4.05E-27 5.12E+17
  2.82E+06 3.29E+06 9.64E+00 7.65E-14 3.49E-12 4.98E-18 1.32E-05 9.04E-05 1.65E-05 2.16E-27 4.38E+17
  2.92E+06 3.35E+06 1.23E+01 1.82E-13 8.06E-12 9.62E-18 6.79E-06 4.63E-05 8.11E-06 1.02E-27 3.74E+17
  3.02E+06 3.26E+06 1.54E+01 4.14E-13 1.78E-11 1.87E-17 3.57E-06 2.42E-05 3.93E-06 4.23E-28 3.20E+17
  3.12E+06 3.04E+06 1.92E+01 9.07E-13 3.75E-11 3.63E-17 1.96E-06 1.32E-05 1.92E-06 1.58E-28 2.74E+17
  3.22E+06 2.72E+06 2.36E+01 1.90E-12 7.57E-11 7.04E-17 1.14E-06 7.62E-06 9.65E-07 5.37E-29 2.34E+17
  3.32E+06 2.34E+06 2.87E+01 3.82E-12 1.46E-10 1.37E-16 6.94E-07 4.63E-06 5.00E-07 1.65E-29 2.01E+17
  3.42E+06 1.97E+06 3.45E+01 7.38E-12 2.71E-10 2.66E-16 4.53E-07 3.00E-06 2.74E-07 4.72E-30 1.73E+17
  3.52E+06 1.62E+06 4.13E+01 1.37E-11 4.85E-10 5.17E-16 3.21E-07 2.11E-06 1.62E-07 1.28E-30 1.48E+17
  3.62E+06 1.33E+06 4.92E+01 2.48E-11 8.42E-10 1.00E-15 2.49E-07 1.63E-06 1.06E-07 3.36E-31 1.28E+17
  3.72E+06 1.08E+06 5.84E+01 4.35E-11 1.43E-09 1.94E-15 2.13E-07 1.39E-06 7.75E-08 8.76E-32 1.11E+17
  3.82E+06 8.83E+05 6.94E+01 7.44E-11 2.36E-09 3.73E-15 1.98E-07 1.27E-06 6.19E-08 2.22E-32 9.58E+16
  3.92E+06 7.17E+05 8.24E+01 1.24E-10 3.81E-09 7.12E-15 1.94E-07 1.24E-06 5.28E-08 5.39E-33 8.32E+16
  4.02E+06 5.77E+05 9.73E+01 1.98E-10 5.96E-09 1.32E-14 1.96E-07 1.24E-06 4.68E-08 1.25E-33 7.24E+16
  4.12E+06 4.55E+05 1.13E+02 3.05E-10 8.97E-09 2.37E-14 2.03E-07 1.27E-06 4.22E-08 2.74E-34 6.32E+16
  4.22E+06 3.50E+05 1.29E+02 4.44E-10 1.29E-08 4.05E-14 2.10E-07 1.30E-06 3.80E-08 5.86E-35 5.54E+16
  4.32E+06 2.62E+05 1.43E+02 6.11E-10 1.76E-08 6.54E-14 2.18E-07 1.34E-06 3.40E-08 1.42E-35 4.86E+16
  4.42E+06 1.92E+05 1.53E+02 7.96E-10 2.29E-08 1.00E-13 2.26E-07 1.37E-06 3.02E-08 5.61E-36 4.28E+16
  4.52E+06 1.38E+05 1.60E+02 9.88E-10 2.87E-08 1.49E-13 2.33E-07 1.39E-06 2.67E-08 4.17E-36 3.78E+16
  4.62E+06 9.79E+04 1.63E+02 1.18E-09 3.48E-08 2.15E-13 2.40E-07 1.41E-06 2.34E-08 4.25E-36 3.34E+16
  4.72E+06 6.84E+04 1.63E+02 1.38E-09 4.13E-08 3.07E-13 2.45E-07 1.41E-06 2.04E-08 4.71E-36 2.95E+16
  4.82E+06 4.71E+04 1.59E+02 1.59E-09 4.84E-08 4.36E-13 2.49E-07 1.41E-06 1.75E-08 5.27E-36 2.61E+16
  4.92E+06 3.20E+04 1.53E+02 1.82E-09 5.62E-08 6.13E-13 2.51E-07 1.40E-06 1.48E-08 5.90E-36 2.30E+16
  5.02E+06 2.15E+04 1.45E+02 2.07E-09 6.50E-08 8.49E-13 2.53E-07 1.38E-06 1.25E-08 6.58E-36 2.03E+16
  5.12E+06 1.44E+04 1.36E+02 2.34E-09 7.51E-08 1.16E-12 2.53E-07 1.35E-06 1.05E-08 7.31E-36 1.79E+16
  5.22E+06 9.62E+03 1.27E+02 2.65E-09 8.83E-08 1.56E-12 2.53E-07 1.31E-06 8.76E-09 8.10E-36 1.58E+16
  5.32E+06 6.40E+03 1.17E+02 3.04E-09 1.12E-07 2.07E-12 2.51E-07 1.27E-06 7.30E-09 8.95E-36 1.39E+16
  5.42E+06 4.25E+03 1.08E+02 3.64E-09 1.69E-07 2.70E-12 2.49E-07 1.22E-06 6.08E-09 9.85E-36 1.22E+16
  5.52E+06 2.82E+03 9.86E+01 4.82E-09 3.30E-07 3.49E-12 2.46E-07 1.16E-06 5.06E-09 1.08E-35 1.08E+16
  5.62E+06 1.87E+03 8.97E+01 7.43E-09 7.57E-07 4.46E-12 2.42E-07 1.10E-06 4.21E-09 1.18E-35 9.47E+15
  5.72E+06 1.24E+03 8.12E+01 1.31E-08 1.78E-06 5.64E-12 2.37E-07 1.04E-06 3.51E-09 1.29E-35 8.32E+15
  5.82E+06 8.28E+02 7.31E+01 2.47E-08 3.98E-06 7.07E-12 2.31E-07 9.78E-07 2.93E-09 1.41E-35 7.30E+15
  5.92E+06 5.51E+02 6.55E+01 4.64E-08 8.21E-06 8.78E-12 2.25E-07 9.11E-07 2.45E-09 1.53E-35 6.40E+15
  6.02E+06 3.67E+02 5.85E+01 8.41E-08 1.57E-05 1.08E-11 2.18E-07 8.44E-07 2.05E-09 1.66E-35 5.61E+15
  6.12E+06 2.45E+02 5.19E+01 1.50E-07 2.80E-05 1.33E-11 2.10E-07 7.76E-07 1.72E-09 1.80E-35 4.91E+15
  6.22E+06 1.64E+02 4.60E+01 2.89E-07 4.84E-05 1.62E-11 2.01E-07 7.10E-07 1.44E-09 1.94E-35 4.30E+15
  6.32E+06 1.10E+02 4.06E+01 6.70E-07 8.64E-05 1.96E-11 1.92E-07 6.45E-07 1.21E-09 2.08E-35 3.76E+15
  6.42E+06 7.42E+01 3.57E+01 1.86E-06 1.73E-04 2.37E-11 1.82E-07 5.82E-07 1.02E-09 2.23E-35 3.29E+15
  6.52E+06 5.02E+01 3.12E+01 5.41E-06 3.91E-04 2.86E-11 1.72E-07 5.22E-07 8.61E-10 2.38E-35 2.87E+15
  6.62E+06 3.44E+01 2.70E+01 1.48E-05 9.34E-04 3.46E-11 1.61E-07 4.65E-07 7.34E-10 2.57E-35 2.50E+15
  6.72E+06 2.41E+01 2.30E+01 3.65E-05 2.18E-03 4.24E-11 1.50E-07 4.12E-07 6.36E-10 2.80E-35 2.18E+15
  6.82E+06 1.74E+01 1.91E+01 8.10E-05 4.74E-03 5.27E-11 1.39E-07 3.62E-07 5.65E-10 3.11E-35 1.90E+15
  6.92E+06 1.30E+01 1.56E+01 1.62E-04 9.49E-03 6.71E-11 1.28E-07 3.17E-07 5.18E-10 3.56E-35 1.65E+15
  7.02E+06 1.00E+01 1.24E+01 2.94E-04 1.74E-02 8.75E-11 1.17E-07 2.76E-07 4.85E-10 4.18E-35 1.44E+15
  7.12E+06 7.83E+00 9.94E+00 4.92E-04 2.95E-02 1.16E-10 1.06E-07 2.39E-07 4.60E-10 5.01E-35 1.25E+15
  7.22E+06 6.15E+00 8.06E+00 7.60E-04 4.63E-02 1.54E-10 9.61E-08 2.07E-07 4.34E-10 6.03E-35 1.08E+15
  7.32E+06 4.80E+00 6.73E+00 1.10E-03 6.78E-02 2.01E-10 8.64E-08 1.78E-07 4.04E-10 7.19E-35 9.38E+14
  7.42E+06 3.66E+00 5.80E+00 1.48E-03 9.27E-02 2.59E-10 7.72E-08 1.53E-07 3.61E-10 8.37E-35 8.10E+14
  7.52E+06 2.67E+00 5.15E+00 1.89E-03 1.18E-01 3.25E-10 6.85E-08 1.31E-07 3.05E-10 9.51E-35 6.98E+14
  7.62E+06 1.93E+00 4.71E+00 2.30E-03 1.43E-01 3.87E-10 6.04E-08 1.11E-07 2.52E-10 1.06E-34 6.01E+14
  7.72E+06 1.43E+00 4.33E+00 2.66E-03 1.66E-01 4.49E-10 5.30E-08 9.44E-08 2.11E-10 1.15E-34 5.17E+14
  7.82E+06 1.05E+00 4.20E+00 2.96E-03 1.85E-01 4.92E-10 4.62E-08 7.99E-08 1.73E-10 1.24E-34 4.45E+14
  7.92E+06 5.87E-01 5.05E+00 3.18E-03 1.98E-01 4.18E-10 3.89E-08 6.54E-08 1.04E-10 1.50E-34 3.84E+14
  8.02E+06 2.37E-01 7.58E+00 3.31E-03 2.06E-01 3.29E-10 3.11E-08 5.11E-08 4.23E-11 1.91E-34 3.30E+14
  8.12E+06 9.53E-02 1.19E+01 3.35E-03 2.08E-01 3.52E-10 2.45E-08 3.94E-08 1.65E-11 2.05E-34 2.85E+14
  8.22E+06 4.31E-02 1.77E+01 3.30E-03 2.04E-01 3.86E-10 1.94E-08 3.07E-08 7.10E-12 1.79E-34 2.45E+14
  8.32E+06 2.18E-02 2.47E+01 3.18E-03 1.96E-01 3.59E-10 1.55E-08 2.41E-08 3.31E-12 1.34E-34 2.11E+14
  8.42E+06 1.20E-02 3.26E+01 3.02E-03 1.83E-01 2.94E-10 1.25E-08 1.91E-08 1.60E-12 9.18E-35 1.82E+14
  8.52E+06 6.98E-03 4.10E+01 2.82E-03 1.67E-01 2.22E-10 1.01E-08 1.52E-08 7.86E-13 6.04E-35 1.57E+14
  8.62E+06 4.19E-03 4.93E+01 2.60E-03 1.50E-01 1.60E-10 8.12E-09 1.21E-08 3.83E-13 3.94E-35 1.35E+14
  8.72E+06 2.54E-03 5.71E+01 2.38E-03 1.32E-01 1.11E-10 6.54E-09 9.66E-09 1.84E-13 2.58E-35 1.16E+14
  8.82E+06 1.52E-03 6.40E+01 2.16E-03 1.14E-01 7.51E-11 5.25E-09 7.68E-09 8.66E-14 1.71E-35 1.00E+14
  8.92E+06 8.91E-04 6.97E+01 1.94E-03 9.67E-02 4.98E-11 4.18E-09 6.08E-09 4.02E-14 1.16E-35 8.63E+13
  9.02E+06 5.03E-04 7.42E+01 1.74E-03 8.11E-02 3.25E-11 3.31E-09 4.77E-09 1.84E-14 7.95E-36 7.43E+13
  9.12E+06 2.73E-04 7.80E+01 1.56E-03 6.73E-02 2.10E-11 2.59E-09 3.72E-09 8.32E-15 5.58E-36 6.40E+13
  9.22E+06 1.43E-04 8.24E+01 1.39E-03 5.54E-02 1.34E-11 2.01E-09 2.87E-09 3.73E-15 4.00E-36 5.52E+13
  9.32E+06 7.29E-05 8.92E+01 1.24E-03 4.54E-02 8.59E-12 1.54E-09 2.19E-09 1.65E-15 2.93E-36 4.75E+13
  9.42E+06 3.65E-05 1.02E+02 1.10E-03 3.73E-02 5.50E-12 1.16E-09 1.65E-09 7.28E-16 2.20E-36 4.10E+13
  9.52E+06 1.81E-05 1.27E+02 9.93E-04 3.08E-02 3.56E-12 8.70E-10 1.23E-09 3.18E-16 1.70E-36 3.53E+13
  9.62E+06 8.87E-06 1.75E+02 9.04E-04 2.58E-02 2.34E-12 6.42E-10 9.04E-10 1.38E-16 1.36E-36 3.04E+13
  9.72E+06 4.34E-06 2.67E+02 8.43E-04 2.22E-02 1.60E-12 4.68E-10 6.57E-10 5.97E-17 1.14E-36 2.63E+13
  9.82E+06 2.11E-06 4.60E+02 8.14E-04 2.00E-02 1.16E-12 3.37E-10 4.72E-10 2.58E-17 1.02E-36 2.26E+13
  9.92E+06 1.03E-06 1.04E+03 8.28E-04 1.91E-02 9.33E-13 2.43E-10 3.40E-10 1.14E-17 9.85E-37 1.95E+13

 ATMOSPHERIC PARAMETERS

    Z         T         EDD       DEN        P        H2OSAT     H2O       RELH     CONDEN    H FLUX
  2.500E+04 2.861E+02 1.000E+05 2.490E+19 9.833E-01 1.516E-02 1.132E-02 7.471E-01 0.000E+00 3.499E+11
  1.250E+05 2.808E+02 1.000E+05 2.254E+19 8.735E-01 1.198E-02 7.923E-03 6.614E-01 0.000E+00 2.722E+11
  2.250E+05 2.751E+02 1.000E+05 2.039E+19 7.740E-01 9.104E-03 5.321E-03 5.844E-01 0.000E+00 2.062E+11
  3.250E+05 2.693E+02 1.000E+05 1.841E+19 6.841E-01 6.489E-03 3.295E-03 5.077E-01 0.000E+00 1.521E+11
  4.250E+05 2.631E+02 1.000E+05 1.661E+19 6.029E-01 4.294E-03 1.914E-03 4.457E-01 0.000E+00 1.081E+11
  5.250E+05 2.561E+02 1.000E+05 1.499E+19 5.297E-01 2.592E-03 1.010E-03 3.898E-01 0.000E+00 7.461E+10
  6.250E+05 2.483E+02 1.000E+05 1.353E+19 4.636E-01 1.392E-03 4.720E-04 3.391E-01 0.000E+00 5.256E+10
  7.250E+05 2.397E+02 1.000E+05 1.221E+19 4.039E-01 6.605E-04 1.938E-04 2.935E-01 0.000E+00 3.972E+10
  8.250E+05 2.306E+02 1.000E+05 1.100E+19 3.502E-01 2.769E-04 6.989E-05 2.524E-01 0.000E+00 3.201E+10
  9.250E+05 2.211E+02 1.000E+05 9.888E+18 3.018E-01 1.030E-04 2.221E-05 2.156E-01 0.000E+00 2.700E+10
  1.025E+06 2.132E+02 8.000E+04 8.784E+18 2.584E-01 4.285E-05 7.824E-06 1.826E-01 0.000E+00 2.380E+10
  1.125E+06 2.114E+02 3.000E+04 7.563E+18 2.206E-01 3.903E-05 5.042E-06 1.292E-01 1.822E-11 5.178E+12
  1.225E+06 2.104E+02 1.700E+04 6.480E+18 1.881E-01 3.995E-05 4.092E-06 1.024E-01 1.563E-12 3.225E+08
  1.325E+06 2.098E+02 8.000E+03 5.538E+18 1.604E-01 4.339E-05 4.107E-06 9.466E-02 0.000E+00 3.225E+08
  1.425E+06 2.097E+02 5.800E+03 4.721E+18 1.367E-01 5.038E-05 4.138E-06 8.213E-02 0.000E+00 3.225E+08
  1.525E+06 2.100E+02 4.600E+03 4.019E+18 1.165E-01 6.148E-05 4.183E-06 6.803E-02 0.000E+00 3.225E+08
  1.625E+06 2.105E+02 4.000E+03 3.419E+18 9.931E-02 7.701E-05 4.245E-06 5.513E-02 0.000E+00 3.225E+08
  1.725E+06 2.111E+02 3.900E+03 2.908E+18 8.471E-02 9.775E-05 4.325E-06 4.425E-02 0.000E+00 3.225E+08
  1.825E+06 2.118E+02 3.900E+03 2.474E+18 7.230E-02 1.260E-04 4.419E-06 3.506E-02 0.000E+00 3.225E+08
  1.925E+06 2.126E+02 4.100E+03 2.104E+18 6.174E-02 1.655E-04 4.525E-06 2.735E-02 0.000E+00 3.225E+08
  2.025E+06 2.136E+02 4.600E+03 1.790E+18 5.276E-02 2.213E-04 4.639E-06 2.097E-02 0.000E+00 3.225E+08
  2.125E+06 2.147E+02 5.100E+03 1.523E+18 4.513E-02 3.010E-04 4.756E-06 1.580E-02 0.000E+00 3.225E+08
  2.225E+06 2.160E+02 5.800E+03 1.296E+18 3.863E-02 4.138E-04 4.876E-06 1.178E-02 0.000E+00 3.225E+08
  2.325E+06 2.173E+02 6.600E+03 1.104E+18 3.310E-02 5.722E-04 4.997E-06 8.732E-03 0.000E+00 3.225E+08
  2.425E+06 2.186E+02 7.500E+03 9.412E+17 2.840E-02 7.940E-04 5.118E-06 6.446E-03 0.000E+00 3.225E+08
  2.525E+06 2.200E+02 8.500E+03 8.030E+17 2.438E-02 1.105E-03 5.239E-06 4.740E-03 0.000E+00 3.225E+08
  2.625E+06 2.215E+02 9.500E+03 6.856E+17 2.096E-02 1.549E-03 5.361E-06 3.461E-03 0.000E+00 3.225E+08
  2.725E+06 2.231E+02 1.060E+04 5.857E+17 1.803E-02 2.195E-03 5.483E-06 2.498E-03 0.000E+00 3.225E+08
  2.825E+06 2.248E+02 1.200E+04 5.006E+17 1.553E-02 3.160E-03 5.605E-06 1.774E-03 0.000E+00 3.225E+08
  2.925E+06 2.269E+02 1.300E+04 4.280E+17 1.340E-02 4.668E-03 5.726E-06 1.227E-03 0.000E+00 3.225E+08
  3.025E+06 2.291E+02 1.430E+04 3.660E+17 1.157E-02 7.063E-03 5.849E-06 8.281E-04 0.000E+00 3.225E+08
  3.125E+06 2.317E+02 1.600E+04 3.132E+17 1.001E-02 1.095E-02 5.969E-06 5.453E-04 0.000E+00 3.225E+08
  3.225E+06 2.345E+02 1.740E+04 2.682E+17 8.677E-03 1.733E-02 6.087E-06 3.512E-04 0.000E+00 3.225E+08
  3.325E+06 2.375E+02 1.900E+04 2.299E+17 7.534E-03 2.776E-02 6.204E-06 2.235E-04 0.000E+00 3.225E+08
  3.425E+06 2.405E+02 2.100E+04 1.974E+17 6.553E-03 4.443E-02 6.317E-06 1.422E-04 0.000E+00 3.225E+08
  3.525E+06 2.436E+02 2.300E+04 1.698E+17 5.710E-03 7.050E-02 6.426E-06 9.115E-05 0.000E+00 3.225E+08
  3.625E+06 2.467E+02 2.600E+04 1.464E+17 4.985E-03 1.102E-01 6.528E-06 5.924E-05 0.000E+00 3.225E+08
  3.725E+06 2.496E+02 2.900E+04 1.265E+17 4.359E-03 1.688E-01 6.621E-06 3.922E-05 0.000E+00 3.225E+08
  3.825E+06 2.524E+02 3.200E+04 1.096E+17 3.817E-03 2.524E-01 6.707E-06 2.657E-05 0.000E+00 3.225E+08
  3.925E+06 2.549E+02 3.600E+04 9.516E+16 3.348E-03 3.666E-01 6.784E-06 1.851E-05 0.000E+00 3.225E+08
  4.025E+06 2.572E+02 4.000E+04 8.284E+16 2.940E-03 5.140E-01 6.851E-06 1.333E-05 0.000E+00 3.225E+08
  4.125E+06 2.590E+02 4.400E+04 7.231E+16 2.584E-03 6.908E-01 6.909E-06 1.000E-05 0.000E+00 3.225E+08
  4.225E+06 2.603E+02 4.900E+04 6.331E+16 2.274E-03 8.823E-01 6.955E-06 7.883E-06 0.000E+00 3.225E+08
  4.325E+06 2.609E+02 5.500E+04 5.559E+16 2.001E-03 1.063E+00 6.991E-06 6.575E-06 0.000E+00 3.225E+08
  4.425E+06 2.609E+02 6.200E+04 4.894E+16 1.762E-03 1.205E+00 7.017E-06 5.825E-06 0.000E+00 3.225E+08
  4.525E+06 2.602E+02 6.700E+04 4.320E+16 1.551E-03 1.285E+00 7.033E-06 5.474E-06 0.000E+00 3.225E+08
  4.625E+06 2.590E+02 7.600E+04 3.819E+16 1.365E-03 1.308E+00 7.041E-06 5.385E-06 0.000E+00 3.225E+08
  4.725E+06 2.575E+02 8.400E+04 3.377E+16 1.200E-03 1.303E+00 7.041E-06 5.405E-06 0.000E+00 3.225E+08
  4.825E+06 2.561E+02 9.200E+04 2.984E+16 1.055E-03 1.297E+00 7.035E-06 5.422E-06 0.000E+00 3.225E+08
  4.925E+06 2.547E+02 1.020E+05 2.635E+16 9.262E-04 1.294E+00 7.023E-06 5.427E-06 0.000E+00 3.225E+08
  5.025E+06 2.533E+02 1.120E+05 2.325E+16 8.128E-04 1.290E+00 7.007E-06 5.433E-06 0.000E+00 3.225E+08
  5.125E+06 2.519E+02 1.220E+05 2.051E+16 7.128E-04 1.284E+00 6.985E-06 5.440E-06 0.000E+00 3.225E+08
  5.225E+06 2.505E+02 1.320E+05 1.807E+16 6.246E-04 1.277E+00 6.960E-06 5.449E-06 0.000E+00 3.225E+08
  5.325E+06 2.490E+02 1.420E+05 1.592E+16 5.470E-04 1.269E+00 6.930E-06 5.461E-06 0.000E+00 3.225E+08
  5.425E+06 2.476E+02 1.520E+05 1.401E+16 4.787E-04 1.260E+00 6.897E-06 5.476E-06 0.000E+00 3.225E+08
  5.525E+06 2.462E+02 1.620E+05 1.232E+16 4.186E-04 1.248E+00 6.859E-06 5.494E-06 0.000E+00 3.225E+08
  5.625E+06 2.448E+02 1.720E+05 1.083E+16 3.658E-04 1.236E+00 6.816E-06 5.516E-06 0.000E+00 3.225E+08
  5.725E+06 2.433E+02 1.820E+05 9.511E+15 3.194E-04 1.221E+00 6.770E-06 5.543E-06 0.000E+00 3.225E+08
  5.825E+06 2.419E+02 1.920E+05 8.348E+15 2.787E-04 1.205E+00 6.718E-06 5.576E-06 0.000E+00 3.225E+08
  5.925E+06 2.405E+02 2.020E+05 7.322E+15 2.430E-04 1.186E+00 6.660E-06 5.614E-06 0.000E+00 3.225E+08
  6.025E+06 2.390E+02 2.120E+05 6.418E+15 2.117E-04 1.166E+00 6.597E-06 5.658E-06 0.000E+00 3.225E+08
  6.125E+06 2.375E+02 2.220E+05 5.621E+15 1.842E-04 1.144E+00 6.527E-06 5.708E-06 0.000E+00 3.225E+08
  6.225E+06 2.361E+02 2.320E+05 4.919E+15 1.602E-04 1.120E+00 6.451E-06 5.761E-06 0.000E+00 3.225E+08
  6.325E+06 2.346E+02 2.420E+05 4.302E+15 1.393E-04 1.094E+00 6.366E-06 5.818E-06 0.000E+00 3.225E+08
  6.425E+06 2.331E+02 2.520E+05 3.759E+15 1.209E-04 1.068E+00 6.273E-06 5.875E-06 0.000E+00 3.225E+08
  6.525E+06 2.316E+02 2.620E+05 3.282E+15 1.049E-04 1.041E+00 6.170E-06 5.928E-06 0.000E+00 3.225E+08
  6.625E+06 2.302E+02 2.720E+05 2.863E+15 9.093E-05 1.014E+00 6.057E-06 5.974E-06 0.000E+00 3.225E+08
  6.725E+06 2.287E+02 2.820E+05 2.495E+15 7.875E-05 9.877E-01 5.931E-06 6.005E-06 0.000E+00 3.225E+08
  6.825E+06 2.273E+02 2.920E+05 2.173E+15 6.814E-05 9.632E-01 5.792E-06 6.014E-06 0.000E+00 3.225E+08
  6.925E+06 2.259E+02 3.020E+05 1.890E+15 5.891E-05 9.413E-01 5.639E-06 5.990E-06 0.000E+00 3.225E+08
  7.025E+06 2.245E+02 3.120E+05 1.643E+15 5.089E-05 9.228E-01 5.469E-06 5.926E-06 0.000E+00 3.225E+08
  7.125E+06 2.232E+02 3.220E+05 1.426E+15 4.392E-05 9.087E-01 5.281E-06 5.812E-06 0.000E+00 3.225E+08
  7.225E+06 2.219E+02 3.320E+05 1.237E+15 3.788E-05 8.994E-01 5.074E-06 5.642E-06 0.000E+00 3.225E+08
  7.325E+06 2.206E+02 3.420E+05 1.072E+15 3.264E-05 8.948E-01 4.847E-06 5.417E-06 0.000E+00 3.225E+08
  7.425E+06 2.199E+02 3.520E+05 9.262E+14 2.811E-05 9.443E-01 4.600E-06 4.872E-06 0.000E+00 3.225E+08
  7.525E+06 2.199E+02 3.620E+05 7.975E+14 2.420E-05 1.097E+00 4.333E-06 3.951E-06 0.000E+00 3.225E+08
  7.625E+06 2.199E+02 3.720E+05 6.867E+14 2.084E-05 1.274E+00 4.048E-06 3.178E-06 0.000E+00 3.225E+08
  7.725E+06 2.199E+02 3.820E+05 5.913E+14 1.794E-05 1.479E+00 3.747E-06 2.533E-06 0.000E+00 3.225E+08
  7.825E+06 2.199E+02 3.920E+05 5.091E+14 1.545E-05 1.718E+00 3.432E-06 1.998E-06 0.000E+00 3.225E+08
  7.925E+06 2.199E+02 4.020E+05 4.384E+14 1.330E-05 1.995E+00 3.099E-06 1.553E-06 0.000E+00 3.225E+08
  8.025E+06 2.199E+02 4.070E+05 3.776E+14 1.146E-05 2.316E+00 2.760E-06 1.192E-06 0.000E+00 3.225E+08
  8.125E+06 2.199E+02 4.070E+05 3.252E+14 9.868E-06 2.690E+00 2.428E-06 9.028E-07 0.000E+00 3.225E+08
  8.225E+06 2.199E+02 4.070E+05 2.801E+14 8.499E-06 3.123E+00 2.114E-06 6.769E-07 0.000E+00 3.225E+08
  8.325E+06 2.199E+02 4.070E+05 2.412E+14 7.320E-06 3.626E+00 1.824E-06 5.031E-07 0.000E+00 3.225E+08
  8.425E+06 2.199E+02 4.070E+05 2.078E+14 6.306E-06 4.209E+00 1.561E-06 3.710E-07 0.000E+00 3.225E+08
  8.525E+06 2.199E+02 4.070E+05 1.790E+14 5.432E-06 4.886E+00 1.327E-06 2.716E-07 0.000E+00 3.225E+08
  8.625E+06 2.199E+02 4.070E+05 1.542E+14 4.680E-06 5.671E+00 1.120E-06 1.975E-07 0.000E+00 3.225E+08
  8.725E+06 2.199E+02 4.070E+05 1.329E+14 4.032E-06 6.582E+00 9.397E-07 1.428E-07 0.000E+00 3.225E+08
  8.825E+06 2.199E+02 4.070E+05 1.145E+14 3.475E-06 7.638E+00 7.838E-07 1.026E-07 0.000E+00 3.225E+08
  8.925E+06 2.199E+02 4.070E+05 9.869E+13 2.995E-06 8.863E+00 6.503E-07 7.338E-08 0.000E+00 3.225E+08
  9.025E+06 2.199E+02 4.070E+05 8.507E+13 2.581E-06 1.028E+01 5.370E-07 5.223E-08 0.000E+00 3.225E+08
  9.125E+06 2.199E+02 4.070E+05 7.334E+13 2.225E-06 1.193E+01 4.416E-07 3.703E-08 0.000E+00 3.225E+08
  9.225E+06 2.199E+02 4.070E+05 6.324E+13 1.919E-06 1.383E+01 3.621E-07 2.618E-08 0.000E+00 3.225E+08
  9.325E+06 2.199E+02 4.070E+05 5.454E+13 1.655E-06 1.604E+01 2.964E-07 1.848E-08 0.000E+00 3.225E+08
  9.425E+06 2.199E+02 4.070E+05 4.705E+13 1.428E-06 1.859E+01 2.428E-07 1.306E-08 0.000E+00 3.225E+08
  9.525E+06 2.199E+02 4.070E+05 4.060E+13 1.232E-06 2.154E+01 1.997E-07 9.271E-09 0.000E+00 3.225E+08
  9.625E+06 2.199E+02 4.070E+05 3.504E+13 1.063E-06 2.496E+01 1.660E-07 6.651E-09 0.000E+00 3.225E+08
  9.725E+06 2.199E+02 4.070E+05 3.025E+13 9.180E-07 2.891E+01 1.408E-07 4.868E-09 0.000E+00 3.225E+08
  9.825E+06 2.199E+02 4.070E+05 2.612E+13 7.928E-07 3.348E+01 1.235E-07 3.689E-09 0.000E+00 3.225E+08
  9.925E+06 2.199E+02 4.070E+05 2.257E+13 6.848E-07 3.876E+01 1.144E-07 2.951E-09 0.000E+00 3.225E+08

 SULFATE AEROSOL PARAMETERS

    Z        AERSOL     RPAR      WFALL     FSULF    TAUSED    TAUEDD    TAUC      H2SO4S    H2SO4     CONSO4    CONVER
  2.500E+04 8.988E+00 3.734E-05 2.474E-03 2.356E-01 3.447E+08 7.269E+06 3.165E+08 4.843E-19 4.065E-12 6.504E-17 5.641E+08
  1.250E+05 7.667E+00 3.734E-05 2.655E-03 2.935E-01 3.149E+08 6.991E+06 3.659E+08 9.106E-19 8.338E-12 1.334E-16 7.028E+08
  2.250E+05 7.975E+00 3.734E-05 2.841E-03 3.438E-01 2.881E+08 6.703E+06 3.463E+08 1.324E-18 1.288E-11 2.061E-16 8.231E+08
  3.250E+05 8.135E+00 3.734E-05 3.086E-03 4.145E-01 2.596E+08 6.418E+06 3.335E+08 3.499E-18 1.732E-11 2.771E-16 9.923E+08
  4.250E+05 8.994E+00 3.734E-05 3.282E-03 4.446E-01 2.384E+08 6.122E+06 2.957E+08 2.985E-18 2.125E-11 3.400E-16 1.064E+09
  5.250E+05 9.618E+00 3.734E-05 3.507E-03 4.743E-01 2.172E+08 5.802E+06 2.706E+08 2.101E-18 2.391E-11 3.825E-16 1.136E+09
  6.250E+05 1.000E+01 3.734E-05 3.770E-03 5.037E-01 1.959E+08 5.454E+06 2.540E+08 1.164E-18 2.452E-11 3.923E-16 1.206E+09
  7.250E+05 1.035E+01 3.734E-05 4.061E-03 5.244E-01 1.756E+08 5.086E+06 2.391E+08 3.774E-19 2.398E-11 3.837E-16 1.256E+09
  8.250E+05 1.056E+01 3.734E-05 4.401E-03 5.427E-01 1.559E+08 4.709E+06 2.273E+08 8.764E-20 2.431E-11 3.889E-16 1.299E+09
  9.250E+05 1.063E+01 3.734E-05 4.805E-03 5.596E-01 1.370E+08 4.333E+06 2.182E+08 1.517E-20 2.598E-11 4.158E-16 1.340E+09
  1.025E+06 1.056E+01 3.734E-05 5.265E-03 5.756E-01 1.206E+08 5.038E+06 2.100E+08 3.401E-21 2.795E-11 4.472E-16 1.378E+09
  1.125E+06 1.071E+01 3.734E-05 5.754E-03 6.013E-01 1.094E+08 1.321E+07 1.943E+08 7.631E-21 2.954E-11 4.727E-16 1.440E+09
  1.225E+06 1.279E+01 3.734E-05 6.295E-03 6.184E-01 9.957E+07 2.311E+07 1.511E+08 1.501E-20 3.026E-11 4.842E-16 1.481E+09
  1.325E+06 1.570E+01 3.734E-05 6.893E-03 6.241E-01 9.072E+07 4.888E+07 1.134E+08 1.954E-20 2.919E-11 4.671E-16 1.494E+09
  1.425E+06 1.899E+01 3.734E-05 7.616E-03 6.332E-01 8.210E+07 6.741E+07 8.563E+07 3.496E-20 2.784E-11 4.455E-16 1.516E+09
  1.525E+06 1.996E+01 3.734E-05 8.485E-03 6.445E-01 7.382E+07 8.528E+07 7.382E+07 7.806E-20 2.774E-11 4.438E-16 1.543E+09
  1.625E+06 1.952E+01 3.677E-05 9.338E-03 6.570E-01 6.725E+07 9.858E+07 6.725E+07 1.956E-19 2.682E-11 4.290E-16 1.502E+09
  1.725E+06 1.830E+01 3.541E-05 1.007E-02 6.700E-01 6.252E+07 1.017E+08 6.252E+07 5.150E-19 2.411E-11 3.858E-16 1.368E+09
  1.825E+06 1.659E+01 3.348E-05 1.072E-02 6.822E-01 5.896E+07 1.025E+08 5.896E+07 1.368E-18 1.937E-11 3.099E-16 1.178E+09
  1.925E+06 1.466E+01 3.118E-05 1.131E-02 6.954E-01 5.612E+07 9.830E+07 5.612E+07 3.962E-18 1.291E-11 2.066E-16 9.694E+08
  2.025E+06 1.279E+01 2.877E-05 1.190E-02 7.078E-01 5.361E+07 8.849E+07 5.361E+07 1.170E-17 6.909E-12 1.105E-16 7.757E+08
  2.125E+06 1.115E+01 2.645E-05 1.254E-02 7.199E-01 5.115E+07 8.071E+07 5.115E+07 3.532E-17 3.581E-12 5.730E-17 6.125E+08
  2.225E+06 9.768E+00 2.425E-05 1.325E-02 7.319E-01 4.871E+07 7.183E+07 4.871E+07 1.086E-16 1.872E-12 2.996E-17 4.802E+08
  2.325E+06 8.651E+00 2.222E-05 1.403E-02 7.436E-01 4.628E+07 6.393E+07 4.628E+07 3.315E-16 9.899E-13 1.583E-17 3.753E+08
  2.425E+06 7.766E+00 2.034E-05 1.489E-02 7.547E-01 4.392E+07 5.699E+07 4.392E+07 9.886E-16 5.254E-13 8.391E-18 2.923E+08
  2.525E+06 7.085E+00 1.860E-05 1.579E-02 7.653E-01 4.169E+07 5.096E+07 4.169E+07 2.860E-15 2.799E-13 4.433E-18 2.265E+08
  2.625E+06 6.581E+00 1.696E-05 1.672E-02 7.757E-01 3.965E+07 4.624E+07 3.965E+07 8.434E-15 1.536E-13 2.323E-18 1.741E+08
  2.725E+06 6.239E+00 1.541E-05 1.765E-02 7.862E-01 3.784E+07 4.207E+07 3.784E+07 2.539E-14 1.017E-13 1.221E-18 1.323E+08
  2.825E+06 6.053E+00 1.394E-05 1.855E-02 7.962E-01 3.629E+07 3.778E+07 3.629E+07 7.770E-14 1.227E-13 7.202E-19 9.931E+07
  2.925E+06 6.010E+00 1.256E-05 1.940E-02 8.055E-01 3.502E+07 3.552E+07 3.502E+07 2.428E-13 2.648E-13 3.516E-19 7.348E+07
  3.025E+06 6.308E+00 1.114E-05 1.996E-02 8.150E-01 3.440E+07 3.296E+07 3.296E+07 7.992E-13 4.416E-13-5.721E-18 5.179E+07
  3.125E+06 6.438E+00 1.000E-05 2.079E-02 8.254E-01 3.340E+07 3.013E+07 3.252E+07 2.834E-12 5.222E-13-3.698E-17 3.797E+07
  3.225E+06 4.755E+00 1.000E-05 2.412E-02 8.368E-01 2.915E+07 2.840E+07 4.309E+07 1.082E-11 5.599E-13-1.641E-16 3.849E+07
  3.325E+06 3.487E+00 1.000E-05 2.793E-02 8.480E-01 2.550E+07 2.669E+07 5.765E+07 3.938E-11 5.783E-13-6.208E-16 3.901E+07
  3.425E+06 2.542E+00 1.000E-05 3.230E-02 8.594E-01 2.234E+07 2.480E+07 7.778E+07 1.359E-10 5.875E-13-2.165E-15 3.953E+07
  3.525E+06 1.841E+00 1.000E-05 3.731E-02 8.715E-01 1.960E+07 2.324E+07 1.058E+08 4.188E-10 5.921E-13-6.692E-15 4.009E+07
  3.625E+06 1.328E+00 1.000E-05 4.302E-02 8.839E-01 1.721E+07 2.109E+07 1.447E+08 1.218E-09 5.944E-13-1.947E-14 4.066E+07
  3.725E+06 9.568E-01 1.000E-05 4.953E-02 8.961E-01 1.513E+07 1.938E+07 1.984E+08 3.353E-09 5.954E-13-5.363E-14 4.122E+07
  3.825E+06 6.870E-01 1.000E-05 5.693E-02 9.081E-01 1.332E+07 1.796E+07 2.733E+08 7.807E-09 5.959E-13-1.249E-13 4.177E+07
  3.925E+06 4.921E-01 1.000E-05 6.531E-02 9.193E-01 1.173E+07 1.630E+07 3.778E+08 1.626E-08 5.960E-13-2.601E-13 4.229E+07
  4.025E+06 3.524E-01 1.000E-05 7.479E-02 9.295E-01 1.033E+07 1.494E+07 5.233E+08 3.128E-08 5.959E-13-5.005E-13 4.276E+07
  4.125E+06 2.519E-01 1.000E-05 8.548E-02 9.383E-01 9.108E+06 1.378E+07 7.274E+08 5.469E-08 5.957E-13-8.751E-13 4.316E+07
  4.225E+06 1.805E-01 1.000E-05 9.734E-02 9.414E-01 8.041E+06 1.250E+07 1.011E+09 7.920E-08 5.955E-13-1.267E-12 4.330E+07
  4.325E+06 1.297E-01 1.000E-05 1.106E-01 9.414E-01 7.098E+06 1.120E+07 1.403E+09 9.893E-08 5.952E-13-1.583E-12 4.330E+07
  4.425E+06 9.335E-02 1.000E-05 1.255E-01 9.414E-01 6.254E+06 9.941E+06 1.950E+09 1.119E-07 5.949E-13-1.790E-12 4.330E+07
  4.525E+06 6.697E-02 1.000E-05 1.425E-01 9.414E-01 5.497E+06 9.156E+06 2.720E+09 1.149E-07 5.946E-13-1.838E-12 4.330E+07
  4.625E+06 4.783E-02 1.000E-05 1.617E-01 9.414E-01 4.822E+06 8.002E+06 3.817E+09 1.095E-07 5.943E-13-1.752E-12 4.330E+07
  4.725E+06 3.409E-02 1.000E-05 1.837E-01 9.414E-01 4.224E+06 7.164E+06 5.369E+09 1.008E-07 5.939E-13-1.613E-12 4.330E+07
  4.825E+06 2.411E-02 1.000E-05 2.087E-01 9.414E-01 3.697E+06 6.472E+06 7.612E+09 9.259E-08 5.936E-13-1.481E-12 4.330E+07
  4.925E+06 1.691E-02 1.000E-05 2.374E-01 9.414E-01 3.234E+06 5.777E+06 1.088E+10 8.537E-08 5.933E-13-1.366E-12 4.330E+07
  5.025E+06 1.177E-02 1.000E-05 2.701E-01 9.414E-01 2.827E+06 5.207E+06 1.567E+10 7.847E-08 5.929E-13-1.256E-12 4.330E+07
  5.125E+06 8.112E-03 1.000E-05 3.077E-01 9.414E-01 2.469E+06 4.730E+06 2.280E+10 7.192E-08 5.925E-13-1.151E-12 4.330E+07
  5.225E+06 5.517E-03 1.000E-05 3.507E-01 9.414E-01 2.155E+06 4.325E+06 3.362E+10 6.595E-08 5.921E-13-1.055E-12 4.330E+07
  5.325E+06 3.695E-03 1.000E-05 3.999E-01 9.414E-01 1.879E+06 3.978E+06 5.033E+10 6.019E-08 5.917E-13-9.630E-13 4.330E+07
  5.425E+06 2.434E-03 1.000E-05 4.562E-01 9.400E-01 1.639E+06 3.676E+06 7.665E+10 5.345E-08 5.913E-13-8.551E-13 4.324E+07
  5.525E+06 1.571E-03 1.000E-05 5.207E-01 9.384E-01 1.428E+06 3.412E+06 1.191E+11 4.714E-08 5.908E-13-7.542E-13 4.317E+07
  5.625E+06 9.907E-04 1.000E-05 5.947E-01 9.365E-01 1.243E+06 3.178E+06 1.896E+11 4.119E-08 5.903E-13-6.590E-13 4.308E+07
  5.725E+06 6.080E-04 1.000E-05 6.798E-01 9.348E-01 1.082E+06 2.971E+06 3.099E+11 3.593E-08 5.897E-13-5.749E-13 4.300E+07
  5.825E+06 3.620E-04 1.000E-05 7.776E-01 9.330E-01 9.402E+05 2.784E+06 5.223E+11 3.131E-08 5.891E-13-5.009E-13 4.292E+07
  5.925E+06 2.082E-04 1.000E-05 8.902E-01 9.310E-01 8.167E+05 2.617E+06 9.111E+11 2.697E-08 5.885E-13-4.315E-13 4.283E+07
  6.025E+06 1.152E-04 1.000E-05 1.020E+00 9.291E-01 7.087E+05 2.465E+06 1.653E+12 2.322E-08 5.878E-13-3.716E-13 4.274E+07
  6.125E+06 6.093E-05 1.000E-05 1.169E+00 9.271E-01 6.145E+05 2.326E+06 3.135E+12 1.991E-08 5.871E-13-3.186E-13 4.265E+07
  6.225E+06 3.066E-05 1.000E-05 1.342E+00 9.250E-01 5.323E+05 2.200E+06 6.252E+12 1.692E-08 5.862E-13-2.707E-13 4.255E+07
  6.325E+06 1.458E-05 1.000E-05 1.541E+00 9.230E-01 4.607E+05 2.084E+06 1.320E+13 1.439E-08 5.853E-13-2.302E-13 4.246E+07
  6.425E+06 6.496E-06 1.000E-05 1.772E+00 9.209E-01 3.984E+05 1.978E+06 2.973E+13 1.215E-08 5.843E-13-1.944E-13 4.236E+07
  6.525E+06 2.690E-06 1.000E-05 2.039E+00 9.188E-01 3.442E+05 1.879E+06 7.206E+13 1.023E-08 5.832E-13-1.636E-13 4.227E+07
  6.625E+06 1.024E-06 1.000E-05 2.348E+00 9.168E-01 2.971E+05 1.788E+06 1.899E+14 8.642E-09 5.820E-13-1.383E-13 4.217E+07
  6.725E+06 3.543E-07 1.000E-05 2.706E+00 9.147E-01 2.562E+05 1.704E+06 5.511E+14 7.250E-09 5.807E-13-1.160E-13 4.208E+07
  6.825E+06 1.098E-07 1.000E-05 3.122E+00 9.128E-01 2.207E+05 1.626E+06 1.785E+15 6.119E-09 5.792E-13-9.789E-14 4.199E+07
  6.925E+06 2.995E-08 1.000E-05 3.606E+00 9.111E-01 1.900E+05 1.554E+06 6.565E+15 5.211E-09 5.776E-13-8.337E-14 4.191E+07
  7.025E+06 7.054E-09 1.000E-05 4.168E+00 9.095E-01 1.634E+05 1.487E+06 2.797E+16 4.439E-09 5.758E-13-7.102E-14 4.184E+07
  7.125E+06 1.399E-09 1.000E-05 4.823E+00 9.081E-01 1.404E+05 1.424E+06 1.415E+17 3.842E-09 5.737E-13-6.146E-14 4.177E+07
  7.225E+06 2.264E-10 1.000E-05 5.586E+00 9.071E-01 1.206E+05 1.367E+06 8.769E+17 3.379E-09 5.715E-13-5.406E-14 4.173E+07
  7.325E+06 2.879E-11 1.000E-05 6.476E+00 9.062E-01 1.035E+05 1.313E+06 6.917E+18 2.990E-09 5.690E-13-4.783E-14 4.168E+07
  7.425E+06 2.718E-12 1.000E-05 7.522E+00 9.075E-01 8.881E+04 1.268E+06 7.337E+19 3.048E-09 5.661E-13-4.875E-14 4.175E+07
  7.525E+06 1.761E-13 1.000E-05 8.752E+00 9.121E-01 7.635E+04 1.233E+06 1.131E+21 3.888E-09 5.630E-13-6.221E-14 4.196E+07
  7.625E+06 7.089E-15 1.000E-05 1.018E+01 9.170E-01 6.563E+04 1.201E+06 2.807E+22 4.980E-09 5.594E-13-7.967E-14 4.218E+07
  7.725E+06 1.486E-16 1.000E-05 1.185E+01 9.220E-01 5.642E+04 1.170E+06 1.338E+24 6.403E-09 5.555E-13-1.024E-13 4.241E+07
  7.825E+06 1.131E-18 1.000E-05 1.379E+01 9.272E-01 4.850E+04 1.141E+06 1.756E+26 8.272E-09 5.510E-13-1.323E-13 4.265E+07
  7.925E+06 8.000E-22 1.000E-05 1.605E+01 9.328E-01 4.168E+04 1.113E+06 2.479E+29 1.075E-08 5.461E-13-1.720E-13 4.291E+07
  8.025E+06 8.217E-24 1.000E-05 1.868E+01 9.387E-01 3.582E+04 1.101E+06 2.410E+31 1.406E-08 5.405E-13-2.250E-13 4.318E+07
  8.125E+06 4.120E-26 1.000E-05 2.171E+01 9.414E-01 3.083E+04 1.101E+06 4.803E+33 1.724E-08 5.342E-13-2.759E-13 4.330E+07
  8.225E+06 9.066E-29 1.000E-05 2.520E+01 9.414E-01 2.657E+04 1.102E+06 2.183E+36 2.002E-08 5.269E-13-3.203E-13 4.330E+07
  8.325E+06 7.646E-32 1.000E-05 2.925E+01 9.414E-01 2.291E+04 1.103E+06 2.588E+39 2.324E-08 5.187E-13-3.719E-13 4.330E+07
  8.425E+06 4.799E-32 1.000E-05 3.395E+01 9.414E-01 1.975E+04 1.104E+06 4.124E+39 2.698E-08 5.094E-13-4.317E-13 4.330E+07
  8.525E+06 4.134E-32 1.000E-05 3.939E+01 9.414E-01 1.702E+04 1.105E+06 4.787E+39 3.132E-08 4.989E-13-5.012E-13 4.330E+07
  8.625E+06 3.561E-32 1.000E-05 4.571E+01 9.414E-01 1.468E+04 1.106E+06 5.557E+39 3.636E-08 4.871E-13-5.817E-13 4.330E+07
  8.725E+06 3.069E-32 1.000E-05 5.304E+01 9.414E-01 1.266E+04 1.108E+06 6.449E+39 4.220E-08 4.738E-13-6.751E-13 4.330E+07
  8.825E+06 2.644E-32 1.000E-05 6.153E+01 9.414E-01 1.092E+04 1.110E+06 7.484E+39 4.897E-08 4.591E-13-7.835E-13 4.330E+07
  8.925E+06 2.279E-32 1.000E-05 7.137E+01 9.414E-01 9.426E+03 1.112E+06 8.684E+39 5.682E-08 4.428E-13-9.091E-13 4.330E+07
  9.025E+06 1.964E-32 1.000E-05 8.277E+01 9.414E-01 8.136E+03 1.114E+06 1.007E+40 6.592E-08 4.249E-13-1.055E-12 4.330E+07
  9.125E+06 1.694E-32 1.000E-05 9.598E+01 9.414E-01 7.025E+03 1.117E+06 1.169E+40 7.646E-08 4.053E-13-1.223E-12 4.330E+07
  9.225E+06 1.460E-32 1.000E-05 1.113E+02 9.414E-01 6.067E+03 1.120E+06 1.355E+40 8.867E-08 3.842E-13-1.419E-12 4.330E+07
  9.325E+06 1.259E-32 1.000E-05 1.290E+02 9.414E-01 5.242E+03 1.123E+06 1.571E+40 1.028E-07 3.616E-13-1.645E-12 4.330E+07
  9.425E+06 1.086E-32 1.000E-05 1.495E+02 9.414E-01 4.531E+03 1.127E+06 1.821E+40 1.192E-07 3.377E-13-1.907E-12 4.330E+07
  9.525E+06 9.375E-33 1.000E-05 1.732E+02 9.414E-01 3.918E+03 1.131E+06 2.111E+40 1.381E-07 3.126E-13-2.210E-12 4.330E+07
  9.625E+06 8.092E-33 1.000E-05 2.006E+02 9.414E-01 3.388E+03 1.135E+06 2.446E+40 1.600E-07 2.867E-13-2.560E-12 4.330E+07
  9.725E+06 6.986E-33 1.000E-05 2.322E+02 9.414E-01 2.932E+03 1.139E+06 2.833E+40 1.853E-07 2.603E-13-2.966E-12 4.330E+07
  9.825E+06 6.033E-33 1.000E-05 2.688E+02 9.414E-01 2.537E+03 1.143E+06 3.280E+40 2.146E-07 2.338E-13-3.434E-12 4.330E+07
  9.925E+06 5.211E-33 1.000E-05 3.111E+02 9.414E-01 2.196E+03 1.147E+06 3.798E+40 2.485E-07 2.075E-13-3.976E-12 4.330E+07

 S8 AEROSOL PARAMETERS

    Z        AERSOL     RPAR      WFALL     TAUSED    TAUEDD    TAUC      CONVER
  2.500E+04 1.227E-26 1.000E-05 4.739E-04 1.799E+09 7.269E+06 1.562E+35 2.030E+07
  1.250E+05 1.110E-26 1.000E-05 5.062E-04 1.652E+09 6.991E+06 1.651E+35 2.030E+07
  2.250E+05 1.004E-26 1.000E-05 5.436E-04 1.506E+09 6.703E+06 1.741E+35 2.030E+07
  3.250E+05 9.067E-27 1.000E-05 5.869E-04 1.365E+09 6.418E+06 1.831E+35 2.030E+07
  4.250E+05 8.181E-27 1.000E-05 6.373E-04 1.228E+09 6.122E+06 1.923E+35 2.030E+07
  5.250E+05 7.383E-27 1.000E-05 6.965E-04 1.094E+09 5.802E+06 2.013E+35 2.030E+07
  6.250E+05 6.665E-27 1.000E-05 7.664E-04 9.637E+08 5.454E+06 2.104E+35 2.030E+07
  7.250E+05 6.015E-27 1.000E-05 8.496E-04 8.394E+08 5.086E+06 2.193E+35 2.030E+07
  8.250E+05 5.420E-27 1.000E-05 9.496E-04 7.226E+08 4.709E+06 2.283E+35 2.030E+07
  9.250E+05 4.871E-27 1.000E-05 1.071E-03 6.147E+08 4.333E+06 2.373E+35 2.030E+07
  1.025E+06 4.327E-27 1.000E-05 1.217E-03 5.217E+08 5.038E+06 2.468E+35 2.030E+07
  1.125E+06 3.726E-27 1.000E-05 1.385E-03 4.544E+08 1.321E+07 2.579E+35 2.030E+07
  1.225E+06 3.192E-27 1.000E-05 1.584E-03 3.957E+08 2.311E+07 2.694E+35 2.030E+07
  1.325E+06 2.728E-27 1.000E-05 1.818E-03 3.440E+08 4.888E+07 2.814E+35 2.030E+07
  1.425E+06 2.326E-27 1.000E-05 2.093E-03 2.987E+08 6.741E+07 2.940E+35 2.030E+07
  1.525E+06 1.980E-27 1.000E-05 2.417E-03 2.592E+08 8.528E+07 3.076E+35 2.030E+07
  1.625E+06 1.684E-27 1.000E-05 2.796E-03 2.246E+08 9.858E+07 3.224E+35 2.030E+07
  1.725E+06 1.433E-27 1.000E-05 3.239E-03 1.944E+08 1.017E+08 3.388E+35 2.030E+07
  1.825E+06 1.219E-27 1.000E-05 3.758E-03 1.682E+08 1.025E+08 3.574E+35 2.030E+07
  1.925E+06 1.037E-27 1.000E-05 4.365E-03 1.455E+08 9.830E+07 3.786E+35 2.030E+07
  2.025E+06 8.818E-28 1.000E-05 5.071E-03 1.258E+08 8.849E+07 4.030E+35 2.030E+07
  2.125E+06 7.502E-28 1.000E-05 5.894E-03 1.089E+08 8.071E+07 4.315E+35 2.030E+07
  2.225E+06 6.386E-28 1.000E-05 6.850E-03 9.423E+07 7.183E+07 4.650E+35 2.030E+07
  2.325E+06 5.439E-28 1.000E-05 7.960E-03 8.160E+07 6.393E+07 5.044E+35 2.030E+07
  2.425E+06 4.637E-28 1.000E-05 9.248E-03 7.070E+07 5.699E+07 5.510E+35 2.030E+07
  2.525E+06 3.956E-28 1.000E-05 1.074E-02 6.129E+07 5.096E+07 6.063E+35 2.030E+07
  2.625E+06 3.377E-28 1.000E-05 1.246E-02 5.318E+07 4.624E+07 6.719E+35 2.030E+07
  2.725E+06 2.885E-28 1.000E-05 1.446E-02 4.620E+07 4.207E+07 7.497E+35 2.030E+07
  2.825E+06 2.466E-28 1.000E-05 1.675E-02 4.019E+07 3.778E+07 8.419E+35 2.030E+07
  2.925E+06 2.108E-28 1.000E-05 1.940E-02 3.503E+07 3.552E+07 9.509E+35 2.030E+07
  3.025E+06 1.803E-28 1.000E-05 2.244E-02 3.060E+07 3.296E+07 1.079E+36 2.030E+07
  3.125E+06 1.543E-28 1.000E-05 2.592E-02 2.679E+07 3.013E+07 1.230E+36 2.030E+07
  3.225E+06 1.321E-28 1.000E-05 2.990E-02 2.351E+07 2.840E+07 1.406E+36 2.030E+07
  3.325E+06 1.133E-28 1.000E-05 3.445E-02 2.067E+07 2.669E+07 1.610E+36 2.030E+07
  3.425E+06 9.724E-29 1.000E-05 3.962E-02 1.821E+07 2.480E+07 1.845E+36 2.030E+07
  3.525E+06 8.366E-29 1.000E-05 4.550E-02 1.607E+07 2.324E+07 2.116E+36 2.030E+07
  3.625E+06 7.213E-29 1.000E-05 5.217E-02 1.420E+07 2.109E+07 2.426E+36 2.030E+07
  3.725E+06 6.233E-29 1.000E-05 5.972E-02 1.255E+07 1.938E+07 2.779E+36 2.030E+07
  3.825E+06 5.399E-29 1.000E-05 6.826E-02 1.111E+07 1.796E+07 3.181E+36 2.030E+07
  3.925E+06 4.688E-29 1.000E-05 7.790E-02 9.833E+06 1.630E+07 3.636E+36 2.030E+07
  4.025E+06 4.081E-29 1.000E-05 8.879E-02 8.705E+06 1.494E+07 4.151E+36 2.030E+07
  4.125E+06 3.562E-29 1.000E-05 1.011E-01 7.703E+06 1.378E+07 4.733E+36 2.030E+07
  4.225E+06 3.119E-29 1.000E-05 1.149E-01 6.810E+06 1.250E+07 5.387E+36 2.030E+07
  4.325E+06 2.738E-29 1.000E-05 1.306E-01 6.012E+06 1.120E+07 6.123E+36 2.030E+07
  4.425E+06 2.411E-29 1.000E-05 1.482E-01 5.296E+06 9.941E+06 6.950E+36 2.030E+07
  4.525E+06 2.128E-29 1.000E-05 1.682E-01 4.655E+06 9.156E+06 7.881E+36 2.030E+07
  4.625E+06 1.881E-29 1.000E-05 1.910E-01 4.084E+06 8.002E+06 8.932E+36 2.030E+07
  4.725E+06 1.664E-29 1.000E-05 2.169E-01 3.577E+06 7.164E+06 1.013E+37 2.030E+07
  4.825E+06 1.470E-29 1.000E-05 2.465E-01 3.131E+06 6.472E+06 1.149E+37 2.030E+07
  4.925E+06 1.298E-29 1.000E-05 2.803E-01 2.739E+06 5.777E+06 1.304E+37 2.030E+07
  5.025E+06 1.146E-29 1.000E-05 3.190E-01 2.394E+06 5.207E+06 1.482E+37 2.030E+07
  5.125E+06 1.010E-29 1.000E-05 3.633E-01 2.091E+06 4.730E+06 1.685E+37 2.030E+07
  5.225E+06 8.903E-30 1.000E-05 4.140E-01 1.825E+06 4.325E+06 1.917E+37 2.030E+07
  5.325E+06 7.841E-30 1.000E-05 4.722E-01 1.592E+06 3.978E+06 2.183E+37 2.030E+07
  5.425E+06 6.901E-30 1.000E-05 5.390E-01 1.387E+06 3.676E+06 2.487E+37 2.030E+07
  5.525E+06 6.069E-30 1.000E-05 6.157E-01 1.208E+06 3.412E+06 2.836E+37 2.030E+07
  5.625E+06 5.335E-30 1.000E-05 7.038E-01 1.051E+06 3.178E+06 3.236E+37 2.030E+07
  5.725E+06 4.685E-30 1.000E-05 8.051E-01 9.133E+05 2.971E+06 3.695E+37 2.030E+07
  5.825E+06 4.112E-30 1.000E-05 9.218E-01 7.932E+05 2.784E+06 4.222E+37 2.030E+07
  5.925E+06 3.607E-30 1.000E-05 1.056E+00 6.884E+05 2.617E+06 4.829E+37 2.030E+07
  6.025E+06 3.161E-30 1.000E-05 1.211E+00 5.968E+05 2.465E+06 5.526E+37 2.030E+07
  6.125E+06 2.769E-30 1.000E-05 1.390E+00 5.170E+05 2.326E+06 6.329E+37 2.030E+07
  6.225E+06 2.423E-30 1.000E-05 1.597E+00 4.475E+05 2.200E+06 7.254E+37 2.030E+07
  6.325E+06 2.119E-30 1.000E-05 1.835E+00 3.869E+05 2.084E+06 8.321E+37 2.030E+07
  6.425E+06 1.852E-30 1.000E-05 2.112E+00 3.343E+05 1.978E+06 9.553E+37 2.030E+07
  6.525E+06 1.617E-30 1.000E-05 2.432E+00 2.885E+05 1.879E+06 1.098E+38 2.030E+07
  6.625E+06 1.410E-30 1.000E-05 2.804E+00 2.488E+05 1.788E+06 1.262E+38 2.030E+07
  6.725E+06 1.229E-30 1.000E-05 3.234E+00 2.143E+05 1.704E+06 1.453E+38 2.030E+07
  6.825E+06 1.070E-30 1.000E-05 3.735E+00 1.845E+05 1.626E+06 1.674E+38 2.030E+07
  6.925E+06 9.311E-31 1.000E-05 4.317E+00 1.587E+05 1.554E+06 1.930E+38 2.030E+07
  7.025E+06 8.092E-31 1.000E-05 4.994E+00 1.364E+05 1.487E+06 2.227E+38 2.030E+07
  7.125E+06 7.026E-31 1.000E-05 5.782E+00 1.171E+05 1.424E+06 2.573E+38 2.030E+07
  7.225E+06 6.094E-31 1.000E-05 6.701E+00 1.005E+05 1.367E+06 2.975E+38 2.030E+07
  7.325E+06 5.281E-31 1.000E-05 7.771E+00 8.622E+04 1.313E+06 3.443E+38 2.030E+07
  7.425E+06 4.563E-31 1.000E-05 9.021E+00 7.405E+04 1.268E+06 3.991E+38 2.030E+07
  7.525E+06 3.928E-31 1.000E-05 1.047E+01 6.380E+04 1.233E+06 4.636E+38 2.030E+07
  7.625E+06 3.383E-31 1.000E-05 1.216E+01 5.497E+04 1.201E+06 5.384E+38 2.030E+07
  7.725E+06 2.913E-31 1.000E-05 1.412E+01 4.736E+04 1.170E+06 6.253E+38 2.030E+07
  7.825E+06 2.508E-31 1.000E-05 1.639E+01 4.081E+04 1.141E+06 7.261E+38 2.030E+07
  7.925E+06 2.160E-31 1.000E-05 1.903E+01 3.516E+04 1.113E+06 8.432E+38 2.030E+07
  8.025E+06 1.860E-31 1.000E-05 2.209E+01 3.030E+04 1.101E+06 9.791E+38 2.030E+07
  8.125E+06 1.602E-31 1.000E-05 2.564E+01 2.611E+04 1.101E+06 1.137E+39 2.030E+07
  8.225E+06 1.380E-31 1.000E-05 2.976E+01 2.251E+04 1.102E+06 1.320E+39 2.030E+07
  8.325E+06 1.188E-31 1.000E-05 3.454E+01 1.940E+04 1.103E+06 1.532E+39 2.030E+07
  8.425E+06 1.024E-31 1.000E-05 4.008E+01 1.672E+04 1.104E+06 1.779E+39 2.030E+07
  8.525E+06 8.818E-32 1.000E-05 4.651E+01 1.442E+04 1.105E+06 2.065E+39 2.030E+07
  8.625E+06 7.597E-32 1.000E-05 5.397E+01 1.243E+04 1.106E+06 2.397E+39 2.030E+07
  8.725E+06 6.546E-32 1.000E-05 6.262E+01 1.072E+04 1.108E+06 2.782E+39 2.030E+07
  8.825E+06 5.641E-32 1.000E-05 7.265E+01 9.251E+03 1.110E+06 3.229E+39 2.030E+07
  8.925E+06 4.861E-32 1.000E-05 8.427E+01 7.983E+03 1.112E+06 3.746E+39 2.030E+07
  9.025E+06 4.190E-32 1.000E-05 9.773E+01 6.891E+03 1.114E+06 4.346E+39 2.030E+07
  9.125E+06 3.613E-32 1.000E-05 1.133E+02 5.949E+03 1.117E+06 5.041E+39 2.030E+07
  9.225E+06 3.115E-32 1.000E-05 1.314E+02 5.139E+03 1.120E+06 5.846E+39 2.030E+07
  9.325E+06 2.687E-32 1.000E-05 1.523E+02 4.440E+03 1.123E+06 6.778E+39 2.030E+07
  9.425E+06 2.318E-32 1.000E-05 1.765E+02 3.837E+03 1.127E+06 7.858E+39 2.030E+07
  9.525E+06 2.000E-32 1.000E-05 2.045E+02 3.318E+03 1.131E+06 9.106E+39 2.030E+07
  9.625E+06 1.726E-32 1.000E-05 2.368E+02 2.870E+03 1.135E+06 1.055E+40 2.030E+07
  9.725E+06 1.490E-32 1.000E-05 2.742E+02 2.483E+03 1.139E+06 1.222E+40 2.030E+07
  9.825E+06 1.287E-32 1.000E-05 3.174E+02 2.149E+03 1.143E+06 1.415E+40 2.030E+07
  9.925E+06 1.112E-32 1.000E-05 3.674E+02 1.860E+03 1.147E+06 1.638E+40 2.030E+07


 PHOTOLYSIS RATES

     Z      PO2_O1D    PO2_O3P    PH2O_1     PH2O_2     PH2O_3     PO3_O1D    PO3_O      PO3_3O     
 2.50E+04   0.00E+00   5.55E-28   7.94E-29   0.00E+00   0.00E+00   6.83E-06   2.03E-04   4.27E-30
 1.75E+05   0.00E+00   8.64E-26   2.37E-26   0.00E+00   0.00E+00   7.91E-06   2.09E-04   1.20E-25
 3.25E+05   0.00E+00   8.40E-24   4.44E-24   0.00E+00   0.00E+00   8.82E-06   2.15E-04   2.30E-22
 4.75E+05   0.00E+00   4.83E-22   4.18E-22   0.00E+00   0.00E+00   9.62E-06   2.21E-04   6.28E-20
 6.25E+05   0.00E+00   1.70E-20   2.04E-20   0.00E+00   0.00E+00   1.03E-05   2.26E-04   5.11E-18
 7.75E+05   0.00E+00   3.80E-19   5.70E-19   0.00E+00   0.00E+00   1.09E-05   2.30E-04   1.93E-16
 9.25E+05   0.00E+00   5.67E-18   1.01E-17   0.00E+00   0.00E+00   1.15E-05   2.35E-04   4.21E-15
 1.08E+06   0.00E+00   5.79E-17   1.17E-16   0.00E+00   0.00E+00   1.22E-05   2.39E-04   5.80E-14
 1.22E+06   0.00E+00   3.94E-16   8.88E-16   0.00E+00   0.00E+00   1.29E-05   2.42E-04   5.00E-13
 1.38E+06   0.00E+00   1.93E-15   4.72E-15   0.00E+00   0.00E+00   1.37E-05   2.46E-04   2.94E-12
 1.52E+06   0.00E+00   7.48E-15   1.95E-14   0.00E+00   0.00E+00   1.46E-05   2.50E-04   1.31E-11
 1.68E+06   0.00E+00   2.46E-14   6.69E-14   0.00E+00   0.00E+00   1.60E-05   2.54E-04   4.79E-11
 1.82E+06   0.00E+00   7.22E-14   2.02E-13   0.00E+00   0.00E+00   1.78E-05   2.57E-04   1.51E-10
 1.98E+06   0.00E+00   1.92E-13   5.50E-13   0.00E+00   0.00E+00   2.04E-05   2.60E-04   4.25E-10
 2.12E+06   0.00E+00   4.72E-13   1.38E-12   0.00E+00   0.00E+00   2.41E-05   2.64E-04   1.08E-09
 2.28E+06   0.00E+00   1.08E-12   3.25E-12   0.00E+00   0.00E+00   2.92E-05   2.66E-04   2.51E-09
 2.42E+06   0.00E+00   2.28E-12   7.13E-12   0.00E+00   0.00E+00   3.63E-05   2.69E-04   5.34E-09
 2.58E+06   0.00E+00   4.51E-12   1.46E-11   0.00E+00   0.00E+00   4.61E-05   2.73E-04   1.05E-08
 2.72E+06   4.63-168   8.37E-12   2.78E-11   2.10-165   3.15-165   5.98E-05   2.76E-04   1.90E-08
 2.88E+06   2.10-137   1.46E-11   4.94E-11   9.53-135   1.43-134   7.88E-05   2.80E-04   3.17E-08
 3.02E+06   4.99-113   2.39E-11   8.22E-11   2.26-110   3.39-110   1.05E-04   2.84E-04   4.93E-08
 3.18E+06   1.11E-93   3.71E-11   1.30E-10   5.01E-91   7.51E-91   1.41E-04   2.89E-04   7.17E-08
 3.32E+06   2.43E-78   5.46E-11   1.97E-10   1.10E-75   1.65E-75   1.88E-04   2.96E-04   9.84E-08
 3.48E+06   3.66E-66   7.69E-11   2.91E-10   1.66E-63   2.49E-63   2.49E-04   3.04E-04   1.29E-07
 3.62E+06   1.82E-56   1.04E-10   4.20E-10   8.26E-54   1.24E-53   3.31E-04   3.13E-04   1.62E-07
 3.78E+06   1.03E-48   1.36E-10   5.90E-10   4.65E-46   6.98E-46   4.43E-04   3.26E-04   1.97E-07
 3.92E+06   1.70E-42   1.71E-10   8.04E-10   7.71E-40   1.16E-39   6.06E-04   3.45E-04   2.33E-07
 4.08E+06   1.75E-37   2.09E-10   1.06E-09   7.92E-35   1.19E-34   8.45E-04   3.72E-04   2.69E-07
 4.22E+06   2.02E-33   2.47E-10   1.36E-09   9.16E-31   1.37E-30   1.17E-03   4.08E-04   3.04E-07
 4.38E+06   4.31E-30   2.83E-10   1.69E-09   1.95E-27   2.93E-27   1.55E-03   4.51E-04   3.38E-07
 4.52E+06   2.53E-27   3.17E-10   2.04E-09   1.15E-24   1.72E-24   1.95E-03   4.96E-04   3.71E-07
 4.68E+06   5.50E-25   3.48E-10   2.43E-09   2.49E-22   3.73E-22   2.33E-03   5.39E-04   4.02E-07
 4.82E+06   5.25E-23   3.77E-10   2.86E-09   2.38E-20   3.56E-20   2.67E-03   5.77E-04   4.32E-07
 4.98E+06   2.45E-21   4.05E-10   3.34E-09   1.11E-18   1.66E-18   2.95E-03   6.08E-04   4.60E-07
 5.12E+06   6.08E-20   4.34E-10   3.91E-09   2.75E-17   4.13E-17   3.17E-03   6.33E-04   4.88E-07
 5.28E+06   8.80E-19   4.64E-10   4.64E-09   3.99E-16   5.98E-16   3.34E-03   6.52E-04   5.14E-07
 5.42E+06   8.04E-18   4.97E-10   5.57E-09   3.64E-15   5.46E-15   3.47E-03   6.66E-04   5.40E-07
 5.58E+06   4.99E-17   5.33E-10   6.76E-09   2.26E-14   3.39E-14   3.56E-03   6.76E-04   5.65E-07
 5.72E+06   2.24E-16   5.74E-10   8.22E-09   1.01E-13   1.52E-13   3.63E-03   6.84E-04   5.90E-07
 5.88E+06   7.69E-16   6.19E-10   9.95E-09   3.48E-13   5.22E-13   3.68E-03   6.90E-04   6.14E-07
 6.02E+06   2.17E-15   6.69E-10   1.19E-08   9.67E-13   1.45E-12   3.71E-03   6.93E-04   6.37E-07
 6.18E+06   6.19E-15   7.26E-10   1.41E-08   2.46E-12   3.69E-12   3.73E-03   6.96E-04   6.60E-07
 6.32E+06   2.71E-14   7.91E-10   1.66E-08   7.84E-12   1.18E-11   3.75E-03   6.98E-04   6.82E-07
 6.48E+06   1.60E-13   8.67E-10   1.95E-08   3.62E-11   5.43E-11   3.76E-03   7.00E-04   7.04E-07
 6.62E+06   8.23E-13   9.58E-10   2.35E-08   1.71E-10   2.56E-10   3.77E-03   7.00E-04   7.26E-07
 6.78E+06   3.30E-12   1.07E-09   3.09E-08   6.63E-10   9.95E-10   3.77E-03   7.01E-04   7.53E-07
 6.92E+06   1.05E-11   1.21E-09   4.57E-08   2.06E-09   3.09E-09   3.78E-03   7.02E-04   7.93E-07
 7.08E+06   2.71E-11   1.40E-09   7.52E-08   5.26E-09   7.89E-09   3.78E-03   7.02E-04   8.57E-07
 7.22E+06   5.92E-11   1.66E-09   1.28E-07   1.14E-08   1.70E-08   3.78E-03   7.02E-04   9.62E-07
 7.38E+06   1.12E-10   2.03E-09   2.11E-07   2.13E-08   3.19E-08   3.78E-03   7.02E-04   1.12E-06
 7.52E+06   1.90E-10   2.54E-09   3.28E-07   3.55E-08   5.32E-08   3.78E-03   7.02E-04   1.34E-06
 7.68E+06   2.89E-10   3.21E-09   4.77E-07   5.35E-08   8.03E-08   3.78E-03   7.02E-04   1.61E-06
 7.82E+06   4.06E-10   4.07E-09   6.50E-07   7.46E-08   1.12E-07   3.78E-03   7.02E-04   1.92E-06
 7.98E+06   5.35E-10   5.16E-09   8.39E-07   9.73E-08   1.46E-07   3.78E-03   7.02E-04   2.25E-06
 8.12E+06   6.71E-10   6.50E-09   1.04E-06   1.21E-07   1.81E-07   3.78E-03   7.02E-04   2.59E-06
 8.28E+06   8.22E-10   8.12E-09   1.23E-06   1.43E-07   2.15E-07   3.78E-03   7.02E-04   2.93E-06
 8.42E+06   1.01E-09   1.01E-08   1.42E-06   1.65E-07   2.48E-07   3.78E-03   7.02E-04   3.26E-06
 8.58E+06   1.28E-09   1.25E-08   1.62E-06   1.87E-07   2.80E-07   3.78E-03   7.03E-04   3.58E-06
 8.72E+06   1.68E-09   1.56E-08   1.81E-06   2.08E-07   3.12E-07   3.78E-03   7.03E-04   3.91E-06
 8.88E+06   2.29E-09   1.95E-08   2.02E-06   2.30E-07   3.44E-07   3.79E-03   7.03E-04   4.26E-06
 9.02E+06   3.28E-09   2.44E-08   2.24E-06   2.52E-07   3.77E-07   3.79E-03   7.03E-04   4.62E-06
 9.18E+06   5.20E-09   3.05E-08   2.48E-06   2.75E-07   4.11E-07   3.79E-03   7.03E-04   5.00E-06
 9.32E+06   9.49E-09   3.79E-08   2.75E-06   2.99E-07   4.45E-07   3.79E-03   7.03E-04   5.39E-06
 9.48E+06   1.97E-08   4.65E-08   3.05E-06   3.24E-07   4.79E-07   3.79E-03   7.03E-04   5.80E-06
 9.62E+06   4.44E-08   5.61E-08   3.41E-06   3.49E-07   5.13E-07   3.79E-03   7.03E-04   6.21E-06
 9.78E+06   1.09E-07   6.72E-08   3.90E-06   3.74E-07   5.45E-07   3.79E-03   7.03E-04   6.65E-06
 9.92E+06   3.67E-07   8.47E-08   4.73E-06   4.03E-07   5.77E-07   3.79E-03   7.03E-04   7.18E-06

     Z      PH2O2      PCO2_1     PCO2_2     PH2CO_1    PH2CO_2    PHO2       PCH4_1     PCH4_2     
 2.50E+04   1.95E-06   4.86E-35   0.00E+00   1.66E-05   9.63E-06   4.30E-22   0.00E+00   0.00E+00
 1.75E+05   2.20E-06   2.08E-30   0.00E+00   1.90E-05   1.12E-05   6.58E-20   0.00E+00   0.00E+00
 3.25E+05   2.40E-06   4.41E-27   0.00E+00   2.12E-05   1.27E-05   6.27E-18   0.00E+00   0.00E+00
 4.75E+05   2.57E-06   1.23E-24   0.00E+00   2.31E-05   1.40E-05   3.53E-16   0.00E+00   0.00E+00
 6.25E+05   2.70E-06   9.99E-23   0.00E+00   2.49E-05   1.52E-05   1.22E-14   0.00E+00   0.00E+00
 7.75E+05   2.80E-06   3.74E-21   0.00E+00   2.65E-05   1.63E-05   2.69E-13   0.00E+00   0.00E+00
 9.25E+05   2.89E-06   8.11E-20   0.00E+00   2.80E-05   1.73E-05   3.98E-12   0.00E+00   0.00E+00
 1.08E+06   2.99E-06   1.12E-18   0.00E+00   2.93E-05   1.82E-05   4.03E-11   0.00E+00   0.00E+00
 1.22E+06   3.11E-06   9.64E-18   0.00E+00   3.04E-05   1.90E-05   2.72E-10   0.00E+00   0.00E+00
 1.38E+06   3.23E-06   5.67E-17   0.00E+00   3.14E-05   1.97E-05   1.32E-09   0.00E+00   0.00E+00
 1.52E+06   3.35E-06   2.52E-16   0.00E+00   3.24E-05   2.05E-05   5.09E-09   0.00E+00   0.00E+00
 1.68E+06   3.48E-06   9.21E-16   0.00E+00   3.33E-05   2.13E-05   1.67E-08   0.00E+00   0.00E+00
 1.82E+06   3.62E-06   2.92E-15   0.00E+00   3.41E-05   2.21E-05   4.86E-08   0.00E+00   0.00E+00
 1.98E+06   3.78E-06   8.33E-15   0.00E+00   3.49E-05   2.30E-05   1.29E-07   0.00E+00   0.00E+00
 2.12E+06   3.97E-06   2.20E-14   0.00E+00   3.56E-05   2.39E-05   3.13E-07   0.00E+00   0.00E+00
 2.28E+06   4.21E-06   5.40E-14   0.00E+00   3.63E-05   2.50E-05   7.08E-07   0.00E+00   0.00E+00
 2.42E+06   4.51E-06   1.24E-13   0.00E+00   3.69E-05   2.62E-05   1.49E-06   0.00E+00   0.00E+00
 2.58E+06   4.92E-06   2.65E-13   0.00E+00   3.76E-05   2.76E-05   2.94E-06   0.00E+00   0.00E+00
 2.72E+06   5.48E-06   5.21E-13   9.31-167   3.83E-05   2.90E-05   5.44E-06   7.56-165   1.47-164
 2.88E+06   6.23E-06   9.46E-13   4.23-136   3.90E-05   3.06E-05   9.47E-06   3.44-134   6.67-134
 3.02E+06   7.22E-06   1.59E-12   1.00-111   3.97E-05   3.23E-05   1.56E-05   8.14-110   1.58-109
 3.18E+06   8.49E-06   2.50E-12   2.22E-92   4.04E-05   3.41E-05   2.42E-05   1.81E-90   3.51E-90
 3.32E+06   1.01E-05   3.71E-12   4.88E-77   4.11E-05   3.59E-05   3.56E-05   3.96E-75   7.69E-75
 3.48E+06   1.20E-05   5.28E-12   7.37E-65   4.18E-05   3.77E-05   5.02E-05   5.98E-63   1.16E-62
 3.62E+06   1.42E-05   7.23E-12   3.67E-55   4.25E-05   3.94E-05   6.80E-05   2.98E-53   5.78E-53
 3.78E+06   1.67E-05   9.58E-12   2.07E-47   4.31E-05   4.10E-05   8.90E-05   1.68E-45   3.26E-45
 3.92E+06   1.97E-05   1.23E-11   3.42E-41   4.38E-05   4.25E-05   1.13E-04   2.78E-39   5.40E-39
 4.08E+06   2.32E-05   1.54E-11   3.52E-36   4.44E-05   4.38E-05   1.39E-04   2.86E-34   5.54E-34
 4.22E+06   2.71E-05   1.88E-11   4.06E-32   4.49E-05   4.50E-05   1.66E-04   3.30E-30   6.41E-30
 4.38E+06   3.11E-05   2.24E-11   8.66E-29   4.54E-05   4.59E-05   1.91E-04   7.03E-27   1.37E-26
 4.52E+06   3.49E-05   2.61E-11   5.09E-26   4.59E-05   4.67E-05   2.13E-04   4.13E-24   8.02E-24
 4.68E+06   3.84E-05   3.00E-11   1.10E-23   4.63E-05   4.74E-05   2.33E-04   8.97E-22   1.74E-21
 4.82E+06   4.13E-05   3.41E-11   1.05E-21   4.65E-05   4.78E-05   2.49E-04   8.56E-20   1.66E-19
 4.98E+06   4.38E-05   3.83E-11   4.92E-20   4.68E-05   4.82E-05   2.61E-04   3.99E-18   7.75E-18
 5.12E+06   4.56E-05   4.28E-11   1.22E-18   4.70E-05   4.85E-05   2.71E-04   9.93E-17   1.93E-16
 5.28E+06   4.71E-05   4.78E-11   1.77E-17   4.71E-05   4.87E-05   2.78E-04   1.44E-15   2.79E-15
 5.42E+06   4.82E-05   5.33E-11   1.62E-16   4.72E-05   4.88E-05   2.84E-04   1.31E-14   2.55E-14
 5.58E+06   4.90E-05   5.94E-11   1.00E-15   4.73E-05   4.89E-05   2.88E-04   8.14E-14   1.58E-13
 5.72E+06   4.96E-05   6.62E-11   4.50E-15   4.73E-05   4.90E-05   2.92E-04   3.65E-13   7.09E-13
 5.88E+06   5.01E-05   7.37E-11   1.54E-14   4.73E-05   4.91E-05   2.94E-04   1.25E-12   2.43E-12
 6.02E+06   5.04E-05   8.18E-11   4.30E-14   4.74E-05   4.91E-05   2.96E-04   3.50E-12   6.74E-12
 6.18E+06   5.06E-05   9.04E-11   1.11E-13   4.74E-05   4.91E-05   2.98E-04   9.11E-12   1.66E-11
 6.32E+06   5.08E-05   9.95E-11   3.76E-13   4.74E-05   4.91E-05   2.99E-04   3.14E-11   4.74E-11
 6.48E+06   5.09E-05   1.09E-10   1.83E-12   4.74E-05   4.92E-05   3.00E-04   1.56E-10   1.93E-10
 6.62E+06   5.10E-05   1.20E-10   8.80E-12   4.74E-05   4.92E-05   3.00E-04   7.57E-10   8.60E-10
 6.78E+06   5.11E-05   1.31E-10   3.44E-11   4.74E-05   4.92E-05   3.01E-04   2.96E-09   3.27E-09
 6.92E+06   5.12E-05   1.44E-10   1.07E-10   4.74E-05   4.92E-05   3.01E-04   9.22E-09   1.01E-08
 7.08E+06   5.13E-05   1.58E-10   2.73E-10   4.75E-05   4.92E-05   3.02E-04   2.35E-08   2.56E-08
 7.22E+06   5.13E-05   1.75E-10   5.89E-10   4.75E-05   4.92E-05   3.02E-04   5.06E-08   5.51E-08
 7.38E+06   5.14E-05   1.94E-10   1.10E-09   4.75E-05   4.93E-05   3.02E-04   9.48E-08   1.03E-07
 7.52E+06   5.16E-05   2.18E-10   1.84E-09   4.76E-05   4.93E-05   3.03E-04   1.58E-07   1.71E-07
 7.68E+06   5.18E-05   2.45E-10   2.77E-09   4.76E-05   4.94E-05   3.03E-04   2.38E-07   2.58E-07
 7.82E+06   5.20E-05   2.76E-10   3.86E-09   4.77E-05   4.95E-05   3.03E-04   3.31E-07   3.58E-07
 7.98E+06   5.22E-05   3.12E-10   5.04E-09   4.78E-05   4.95E-05   3.04E-04   4.32E-07   4.67E-07
 8.12E+06   5.25E-05   3.53E-10   6.25E-09   4.79E-05   4.96E-05   3.04E-04   5.34E-07   5.78E-07
 8.28E+06   5.27E-05   3.98E-10   7.43E-09   4.80E-05   4.97E-05   3.04E-04   6.35E-07   6.87E-07
 8.42E+06   5.29E-05   4.47E-10   8.59E-09   4.80E-05   4.98E-05   3.04E-04   7.33E-07   7.93E-07
 8.58E+06   5.32E-05   5.02E-10   9.73E-09   4.81E-05   4.99E-05   3.05E-04   8.30E-07   8.97E-07
 8.72E+06   5.34E-05   5.64E-10   1.09E-08   4.82E-05   5.00E-05   3.05E-04   9.29E-07   1.00E-06
 8.88E+06   5.36E-05   6.36E-10   1.22E-08   4.83E-05   5.00E-05   3.05E-04   1.03E-06   1.12E-06
 9.02E+06   5.39E-05   7.22E-10   1.36E-08   4.84E-05   5.01E-05   3.05E-04   1.14E-06   1.23E-06
 9.18E+06   5.42E-05   8.29E-10   1.53E-08   4.85E-05   5.03E-05   3.06E-04   1.26E-06   1.36E-06
 9.32E+06   5.44E-05   9.74E-10   1.73E-08   4.87E-05   5.05E-05   3.06E-04   1.38E-06   1.49E-06
 9.48E+06   5.47E-05   1.20E-09   1.95E-08   4.90E-05   5.07E-05   3.06E-04   1.51E-06   1.63E-06
 9.62E+06   5.51E-05   1.62E-09   2.22E-08   4.94E-05   5.11E-05   3.06E-04   1.65E-06   1.77E-06
 9.78E+06   5.56E-05   2.44E-09   2.60E-08   4.99E-05   5.16E-05   3.07E-04   1.79E-06   1.91E-06
 9.92E+06   5.63E-05   3.96E-09   3.67E-08   5.05E-05   5.23E-05   3.07E-04   1.96E-06   2.07E-06

     Z      PCH4_3     PC2H6_1    PC2H6_2    PHNO2_1    PHNO3      PHNO3_3    PHNO3_1    PNO        
 2.50E+04   0.00E+00   0.00E+00   0.00E+00   5.40E-04   1.49E-07   3.23E-30   2.32E-30   0.00E+00
 1.75E+05   0.00E+00   0.00E+00   0.00E+00   5.99E-04   1.67E-07   1.72E-25   1.23E-25   0.00E+00
 3.25E+05   0.00E+00   0.00E+00   0.00E+00   6.52E-04   1.79E-07   3.76E-22   2.70E-22   0.00E+00
 4.75E+05   0.00E+00   0.00E+00   0.00E+00   7.00E-04   1.88E-07   1.06E-19   7.61E-20   3.14-151
 6.25E+05   0.00E+00   0.00E+00   0.00E+00   7.43E-04   1.92E-07   8.69E-18   6.24E-18   1.92-116
 7.75E+05   0.00E+00   0.00E+00   0.00E+00   7.82E-04   1.91E-07   3.28E-16   2.36E-16   6.96E-94
 9.25E+05   0.00E+00   0.00E+00   0.00E+00   8.17E-04   1.88E-07   7.21E-15   5.18E-15   1.32E-76
 1.08E+06   0.00E+00   0.00E+00   0.00E+00   8.48E-04   1.89E-07   1.02E-13   7.30E-14   8.61E-63
 1.22E+06   0.00E+00   0.00E+00   0.00E+00   8.75E-04   1.97E-07   9.09E-13   6.53E-13   9.73E-52
 1.38E+06   0.00E+00   0.00E+00   0.00E+00   8.99E-04   2.07E-07   5.52E-12   3.96E-12   5.76E-43
 1.52E+06   0.00E+00   0.00E+00   0.00E+00   9.21E-04   2.20E-07   2.54E-11   1.82E-11   5.25E-36
 1.68E+06   0.00E+00   0.00E+00   0.00E+00   9.40E-04   2.40E-07   9.55E-11   6.86E-11   1.77E-30
 1.82E+06   0.00E+00   0.00E+00   0.00E+00   9.57E-04   2.74E-07   3.14E-10   2.25E-10   4.55E-26
 1.98E+06   0.00E+00   0.00E+00   0.00E+00   9.69E-04   3.39E-07   9.40E-10   6.75E-10   1.56E-22
 2.12E+06   0.00E+00   0.00E+00   0.00E+00   9.80E-04   4.63E-07   2.64E-09   1.89E-09   1.12E-19
 2.28E+06   0.00E+00   0.00E+00   0.00E+00   9.88E-04   6.94E-07   6.98E-09   5.01E-09   2.38E-17
 2.42E+06   0.00E+00   0.00E+00   0.00E+00   9.95E-04   1.11E-06   1.73E-08   1.24E-08   1.96E-15
 2.58E+06   0.00E+00   0.00E+00   0.00E+00   1.00E-03   1.79E-06   3.94E-08   2.83E-08   7.47E-14
 2.72E+06   2.26-164   0.00E+00   1.49-165   1.01E-03   2.86E-06   8.18E-08   5.88E-08   1.50E-12
 2.88E+06   1.03-133   0.00E+00   6.78-135   1.01E-03   4.40E-06   1.55E-07   1.11E-07   1.75E-11
 3.02E+06   2.44-109   0.00E+00   1.61-110   1.02E-03   6.45E-06   2.70E-07   1.94E-07   1.29E-10
 3.18E+06   5.41E-90   0.00E+00   3.56E-91   1.02E-03   8.99E-06   4.35E-07   3.12E-07   6.48E-10
 3.32E+06   1.19E-74   0.00E+00   7.82E-76   1.03E-03   1.20E-05   6.56E-07   4.71E-07   2.38E-09
 3.48E+06   1.79E-62   0.00E+00   1.18E-63   1.04E-03   1.52E-05   9.36E-07   6.72E-07   6.80E-09
 3.62E+06   8.92E-53   0.00E+00   5.88E-54   1.05E-03   1.87E-05   1.27E-06   9.14E-07   1.60E-08
 3.78E+06   5.02E-45   0.00E+00   3.31E-46   1.06E-03   2.23E-05   1.66E-06   1.19E-06   3.21E-08
 3.92E+06   8.33E-39   0.00E+00   5.49E-40   1.07E-03   2.59E-05   2.10E-06   1.51E-06   5.72E-08
 4.08E+06   8.55E-34   0.00E+00   5.64E-35   1.08E-03   2.94E-05   2.56E-06   1.84E-06   9.27E-08
 4.22E+06   9.89E-30   0.00E+00   6.52E-31   1.09E-03   3.29E-05   3.04E-06   2.18E-06   1.39E-07
 4.38E+06   2.11E-26   0.00E+00   1.39E-27   1.11E-03   3.60E-05   3.53E-06   2.53E-06   1.96E-07
 4.52E+06   1.24E-23   0.00E+00   8.16E-25   1.12E-03   3.88E-05   4.01E-06   2.88E-06   2.64E-07
 4.68E+06   2.69E-21   0.00E+00   1.77E-22   1.13E-03   4.11E-05   4.48E-06   3.22E-06   3.42E-07
 4.82E+06   2.57E-19   0.00E+00   1.69E-20   1.13E-03   4.31E-05   4.95E-06   3.55E-06   4.29E-07
 4.98E+06   1.20E-17   0.00E+00   7.88E-19   1.14E-03   4.47E-05   5.41E-06   3.88E-06   5.23E-07
 5.12E+06   2.97E-16   0.00E+00   1.96E-17   1.15E-03   4.60E-05   5.86E-06   4.21E-06   6.25E-07
 5.28E+06   4.30E-15   0.00E+00   2.84E-16   1.15E-03   4.71E-05   6.31E-06   4.53E-06   7.32E-07
 5.42E+06   3.93E-14   0.00E+00   2.59E-15   1.15E-03   4.80E-05   6.76E-06   4.85E-06   8.45E-07
 5.58E+06   2.44E-13   0.00E+00   1.61E-14   1.16E-03   4.87E-05   7.20E-06   5.17E-06   9.62E-07
 5.72E+06   1.09E-12   0.00E+00   7.21E-14   1.16E-03   4.93E-05   7.64E-06   5.48E-06   1.08E-06
 5.88E+06   3.75E-12   0.00E+00   2.48E-13   1.16E-03   4.98E-05   8.07E-06   5.79E-06   1.21E-06
 6.02E+06   1.03E-11   0.00E+00   7.03E-13   1.16E-03   5.02E-05   8.49E-06   6.09E-06   1.33E-06
 6.18E+06   2.38E-11   0.00E+00   2.07E-12   1.16E-03   5.05E-05   8.89E-06   6.38E-06   1.45E-06
 6.32E+06   4.92E-11   0.00E+00   9.74E-12   1.16E-03   5.08E-05   9.28E-06   6.66E-06   1.58E-06
 6.48E+06   1.04E-10   0.00E+00   5.91E-11   1.16E-03   5.10E-05   9.66E-06   6.93E-06   1.70E-06
 6.62E+06   2.57E-10   0.00E+00   3.04E-10   1.16E-03   5.12E-05   1.00E-05   7.19E-06   1.83E-06
 6.78E+06   7.11E-10   0.00E+00   1.20E-09   1.16E-03   5.14E-05   1.04E-05   7.44E-06   1.95E-06
 6.92E+06   1.91E-09   0.00E+00   3.72E-09   1.16E-03   5.16E-05   1.07E-05   7.69E-06   2.08E-06
 7.08E+06   4.56E-09   0.00E+00   9.39E-09   1.16E-03   5.18E-05   1.11E-05   7.94E-06   2.22E-06
 7.22E+06   9.51E-09   0.00E+00   2.00E-08   1.16E-03   5.19E-05   1.14E-05   8.20E-06   2.36E-06
 7.38E+06   1.75E-08   0.00E+00   3.70E-08   1.16E-03   5.21E-05   1.18E-05   8.47E-06   2.52E-06
 7.52E+06   2.88E-08   0.00E+00   6.08E-08   1.16E-03   5.25E-05   1.22E-05   8.77E-06   2.69E-06
 7.68E+06   4.30E-08   0.00E+00   9.07E-08   1.16E-03   5.29E-05   1.27E-05   9.09E-06   2.88E-06
 7.82E+06   5.95E-08   0.00E+00   1.25E-07   1.16E-03   5.33E-05   1.31E-05   9.43E-06   3.09E-06
 7.98E+06   7.73E-08   0.00E+00   1.62E-07   1.16E-03   5.37E-05   1.36E-05   9.79E-06   3.31E-06
 8.12E+06   9.55E-08   0.00E+00   1.99E-07   1.16E-03   5.42E-05   1.41E-05   1.02E-05   3.54E-06
 8.28E+06   1.13E-07   0.00E+00   2.36E-07   1.16E-03   5.46E-05   1.47E-05   1.05E-05   3.78E-06
 8.42E+06   1.31E-07   0.00E+00   2.72E-07   1.16E-03   5.51E-05   1.52E-05   1.09E-05   4.02E-06
 8.58E+06   1.49E-07   0.00E+00   3.09E-07   1.16E-03   5.55E-05   1.57E-05   1.13E-05   4.26E-06
 8.72E+06   1.67E-07   0.00E+00   3.48E-07   1.16E-03   5.59E-05   1.62E-05   1.16E-05   4.51E-06
 8.88E+06   1.86E-07   0.00E+00   3.91E-07   1.16E-03   5.64E-05   1.67E-05   1.20E-05   4.76E-06
 9.02E+06   2.07E-07   0.00E+00   4.38E-07   1.16E-03   5.68E-05   1.72E-05   1.23E-05   5.01E-06
 9.18E+06   2.30E-07   0.00E+00   4.90E-07   1.16E-03   5.72E-05   1.77E-05   1.27E-05   5.27E-06
 9.32E+06   2.53E-07   0.00E+00   5.46E-07   1.16E-03   5.77E-05   1.82E-05   1.31E-05   5.54E-06
 9.48E+06   2.78E-07   0.00E+00   6.05E-07   1.16E-03   5.81E-05   1.88E-05   1.35E-05   5.83E-06
 9.62E+06   3.03E-07   0.00E+00   6.65E-07   1.16E-03   5.86E-05   1.93E-05   1.39E-05   6.16E-06
 9.78E+06   3.29E-07   0.00E+00   7.27E-07   1.16E-03   5.92E-05   2.00E-05   1.44E-05   6.59E-06
 9.92E+06   3.55E-07   0.00E+00   7.92E-07   1.16E-03   6.01E-05   2.10E-05   1.51E-05   7.28E-06

     Z      PNO2_O1D   PNO2       PCH3_1     PSO        PH2S       PSO2       PSO2_SO21  PSO2_SO23  
 2.50E+04   2.12E-23   3.57E-03   2.68E-22   5.86E-22   2.33E-14   3.25E-22   3.52E-05   4.27E-07
 1.75E+05   3.16E-21   3.92E-03   3.74E-20   9.82E-20   2.83E-14   5.51E-20   4.16E-05   4.71E-07
 3.25E+05   2.93E-19   4.22E-03   3.42E-18   1.02E-17   3.31E-14   5.83E-18   4.75E-05   5.10E-07
 4.75E+05   1.61E-17   4.50E-03   1.89E-16   6.13E-16   3.79E-14   3.61E-16   5.29E-05   5.45E-07
 6.25E+05   5.43E-16   4.75E-03   6.43E-15   2.23E-14   5.18E-14   1.34E-14   5.80E-05   5.76E-07
 7.75E+05   1.18E-14   4.98E-03   1.40E-13   5.10E-13   2.73E-13   3.10E-13   6.27E-05   6.05E-07
 9.25E+05   1.72E-13   5.18E-03   2.04E-12   7.75E-12   3.56E-12   4.76E-12   6.72E-05   6.30E-07
 1.08E+06   1.72E-12   5.36E-03   2.04E-11   8.01E-11   3.68E-11   4.96E-11   7.13E-05   6.53E-07
 1.22E+06   1.15E-11   5.51E-03   1.35E-10   5.50E-10   2.55E-10   3.42E-10   7.51E-05   6.73E-07
 1.38E+06   5.56E-11   5.65E-03   6.47E-10   2.70E-09   1.26E-09   1.69E-09   7.87E-05   6.90E-07
 1.52E+06   2.13E-10   5.78E-03   2.46E-09   1.05E-08   4.92E-09   6.56E-09   8.29E-05   7.06E-07
 1.68E+06   6.97E-10   5.90E-03   7.99E-09   3.45E-08   1.62E-08   2.16E-08   8.78E-05   7.20E-07
 1.82E+06   2.03E-09   5.99E-03   2.31E-08   1.00E-07   4.70E-08   6.26E-08   9.39E-05   7.31E-07
 1.98E+06   5.39E-09   6.07E-03   6.11E-08   2.64E-07   1.24E-07   1.64E-07   1.02E-04   7.40E-07
 2.12E+06   1.32E-08   6.13E-03   1.49E-07   6.39E-07   2.97E-07   3.95E-07   1.12E-04   7.47E-07
 2.28E+06   3.00E-08   6.18E-03   3.39E-07   1.42E-06   6.58E-07   8.75E-07   1.24E-04   7.52E-07
 2.42E+06   6.38E-08   6.22E-03   7.23E-07   2.95E-06   1.35E-06   1.80E-06   1.39E-04   7.56E-07
 2.58E+06   1.27E-07   6.26E-03   1.46E-06   5.67E-06   2.58E-06   3.43E-06   1.59E-04   7.59E-07
 2.72E+06   2.39E-07   6.29E-03   2.78E-06   1.02E-05   4.60E-06   6.12E-06   1.82E-04   7.61E-07
 2.88E+06   4.23E-07   6.31E-03   5.02E-06   1.71E-05   7.68E-06   1.02E-05   2.12E-04   7.63E-07
 3.02E+06   7.08E-07   6.34E-03   8.53E-06   2.67E-05   1.20E-05   1.59E-05   2.46E-04   7.65E-07
 3.18E+06   1.12E-06   6.36E-03   1.35E-05   3.93E-05   1.77E-05   2.33E-05   2.87E-04   7.66E-07
 3.32E+06   1.69E-06   6.38E-03   2.00E-05   5.43E-05   2.47E-05   3.22E-05   3.32E-04   7.67E-07
 3.48E+06   2.42E-06   6.40E-03   2.75E-05   7.13E-05   3.27E-05   4.23E-05   3.82E-04   7.67E-07
 3.62E+06   3.34E-06   6.41E-03   3.57E-05   8.94E-05   4.17E-05   5.32E-05   4.35E-04   7.68E-07
 3.78E+06   4.44E-06   6.43E-03   4.39E-05   1.08E-04   5.13E-05   6.42E-05   4.91E-04   7.68E-07
 3.92E+06   5.69E-06   6.44E-03   5.17E-05   1.26E-04   6.11E-05   7.50E-05   5.48E-04   7.69E-07
 4.08E+06   7.01E-06   6.45E-03   5.86E-05   1.42E-04   7.07E-05   8.50E-05   6.05E-04   7.69E-07
 4.22E+06   8.33E-06   6.46E-03   6.45E-05   1.57E-04   7.96E-05   9.38E-05   6.59E-04   7.69E-07
 4.38E+06   9.54E-06   6.47E-03   6.92E-05   1.69E-04   8.75E-05   1.01E-04   7.09E-04   7.69E-07
 4.52E+06   1.06E-05   6.47E-03   7.29E-05   1.79E-04   9.42E-05   1.07E-04   7.52E-04   7.69E-07
 4.68E+06   1.15E-05   6.48E-03   7.58E-05   1.87E-04   9.98E-05   1.12E-04   7.89E-04   7.69E-07
 4.82E+06   1.22E-05   6.48E-03   7.80E-05   1.93E-04   1.04E-04   1.16E-04   8.18E-04   7.70E-07
 4.98E+06   1.27E-05   6.49E-03   7.97E-05   1.99E-04   1.08E-04   1.20E-04   8.41E-04   7.70E-07
 5.12E+06   1.32E-05   6.49E-03   8.10E-05   2.03E-04   1.11E-04   1.22E-04   8.58E-04   7.70E-07
 5.28E+06   1.35E-05   6.49E-03   8.20E-05   2.06E-04   1.13E-04   1.24E-04   8.71E-04   7.70E-07
 5.42E+06   1.38E-05   6.49E-03   8.27E-05   2.09E-04   1.15E-04   1.26E-04   8.80E-04   7.70E-07
 5.58E+06   1.40E-05   6.49E-03   8.33E-05   2.11E-04   1.17E-04   1.28E-04   8.87E-04   7.70E-07
 5.72E+06   1.42E-05   6.50E-03   8.37E-05   2.13E-04   1.18E-04   1.29E-04   8.92E-04   7.70E-07
 5.88E+06   1.43E-05   6.50E-03   8.41E-05   2.15E-04   1.19E-04   1.30E-04   8.95E-04   7.70E-07
 6.02E+06   1.44E-05   6.50E-03   8.43E-05   2.16E-04   1.20E-04   1.31E-04   8.97E-04   7.70E-07
 6.18E+06   1.45E-05   6.50E-03   8.45E-05   2.17E-04   1.21E-04   1.32E-04   8.99E-04   7.70E-07
 6.32E+06   1.46E-05   6.50E-03   8.47E-05   2.18E-04   1.21E-04   1.32E-04   9.00E-04   7.70E-07
 6.48E+06   1.46E-05   6.50E-03   8.48E-05   2.19E-04   1.22E-04   1.33E-04   9.01E-04   7.70E-07
 6.62E+06   1.47E-05   6.50E-03   8.49E-05   2.20E-04   1.22E-04   1.33E-04   9.02E-04   7.70E-07
 6.78E+06   1.48E-05   6.50E-03   8.50E-05   2.20E-04   1.23E-04   1.34E-04   9.02E-04   7.70E-07
 6.92E+06   1.49E-05   6.50E-03   8.51E-05   2.21E-04   1.23E-04   1.34E-04   9.02E-04   7.70E-07
 7.08E+06   1.49E-05   6.50E-03   8.51E-05   2.21E-04   1.23E-04   1.35E-04   9.02E-04   7.70E-07
 7.22E+06   1.50E-05   6.50E-03   8.51E-05   2.22E-04   1.24E-04   1.35E-04   9.03E-04   7.70E-07
 7.38E+06   1.52E-05   6.50E-03   8.52E-05   2.22E-04   1.24E-04   1.36E-04   9.03E-04   7.70E-07
 7.52E+06   1.53E-05   6.50E-03   8.52E-05   2.22E-04   1.25E-04   1.37E-04   9.03E-04   7.70E-07
 7.68E+06   1.55E-05   6.50E-03   8.52E-05   2.23E-04   1.25E-04   1.37E-04   9.03E-04   7.70E-07
 7.82E+06   1.57E-05   6.50E-03   8.52E-05   2.23E-04   1.26E-04   1.38E-04   9.03E-04   7.70E-07
 7.98E+06   1.59E-05   6.50E-03   8.52E-05   2.23E-04   1.27E-04   1.39E-04   9.03E-04   7.70E-07
 8.12E+06   1.61E-05   6.50E-03   8.52E-05   2.23E-04   1.28E-04   1.40E-04   9.03E-04   7.70E-07
 8.28E+06   1.63E-05   6.50E-03   8.52E-05   2.23E-04   1.28E-04   1.41E-04   9.03E-04   7.70E-07
 8.42E+06   1.66E-05   6.50E-03   8.52E-05   2.24E-04   1.29E-04   1.41E-04   9.03E-04   7.70E-07
 8.58E+06   1.68E-05   6.50E-03   8.52E-05   2.24E-04   1.29E-04   1.42E-04   9.03E-04   7.70E-07
 8.72E+06   1.70E-05   6.50E-03   8.53E-05   2.24E-04   1.30E-04   1.43E-04   9.03E-04   7.70E-07
 8.88E+06   1.73E-05   6.50E-03   8.53E-05   2.24E-04   1.31E-04   1.44E-04   9.03E-04   7.70E-07
 9.02E+06   1.76E-05   6.50E-03   8.53E-05   2.24E-04   1.31E-04   1.45E-04   9.03E-04   7.70E-07
 9.18E+06   1.78E-05   6.50E-03   8.53E-05   2.24E-04   1.32E-04   1.45E-04   9.03E-04   7.70E-07
 9.32E+06   1.81E-05   6.50E-03   8.53E-05   2.24E-04   1.33E-04   1.46E-04   9.03E-04   7.70E-07
 9.48E+06   1.85E-05   6.50E-03   8.53E-05   2.24E-04   1.34E-04   1.47E-04   9.03E-04   7.70E-07
 9.62E+06   1.89E-05   6.50E-03   8.53E-05   2.25E-04   1.34E-04   1.48E-04   9.03E-04   7.70E-07
 9.78E+06   1.94E-05   6.50E-03   8.53E-05   2.25E-04   1.35E-04   1.49E-04   9.03E-04   7.70E-07
 9.92E+06   2.04E-05   6.50E-03   8.53E-05   2.25E-04   1.36E-04   1.50E-04   9.03E-04   7.70E-07

     Z      PS2        PS4        PS3        PS8L       PS8R       PS8        PSO3       PHSO       
 2.50E+04   2.80E-05   1.15E-01   5.35E-01   0.00E+00   0.00E+00   7.63E-14   6.46E-08   4.30E-22
 1.75E+05   3.31E-05   1.19E-01   5.75E-01   0.00E+00   0.00E+00   1.07E-13   7.53E-08   6.58E-20
 3.25E+05   3.77E-05   1.23E-01   6.10E-01   0.00E+00   0.00E+00   1.46E-13   8.50E-08   6.27E-18
 4.75E+05   4.19E-05   1.26E-01   6.41E-01   0.00E+00   0.00E+00   1.95E-13   9.38E-08   3.53E-16
 6.25E+05   4.58E-05   1.28E-01   6.70E-01   0.00E+00   0.00E+00   2.56E-13   1.02E-07   1.22E-14
 7.75E+05   4.95E-05   1.31E-01   6.96E-01   0.00E+00   0.00E+00   3.34E-13   1.09E-07   2.69E-13
 9.25E+05   5.29E-05   1.33E-01   7.19E-01   0.00E+00   0.00E+00   4.35E-13   1.16E-07   3.98E-12
 1.08E+06   5.61E-05   1.36E-01   7.40E-01   0.00E+00   0.00E+00   5.73E-13   1.23E-07   4.03E-11
 1.22E+06   5.89E-05   1.37E-01   7.57E-01   0.00E+00   0.00E+00   7.65E-13   1.28E-07   2.72E-10
 1.38E+06   6.17E-05   1.39E-01   7.74E-01   0.00E+00   0.00E+00   1.02E-12   1.34E-07   1.32E-09
 1.52E+06   6.47E-05   1.41E-01   7.89E-01   0.00E+00   0.00E+00   1.36E-12   1.40E-07   5.09E-09
 1.68E+06   6.82E-05   1.43E-01   8.02E-01   0.00E+00   0.00E+00   1.82E-12   1.47E-07   1.67E-08
 1.82E+06   7.25E-05   1.45E-01   8.13E-01   0.00E+00   0.00E+00   2.42E-12   1.57E-07   4.86E-08
 1.98E+06   7.78E-05   1.46E-01   8.21E-01   0.00E+00   0.00E+00   3.23E-12   1.75E-07   1.29E-07
 2.12E+06   8.43E-05   1.47E-01   8.28E-01   0.00E+00   0.00E+00   4.29E-12   2.06E-07   3.13E-07
 2.28E+06   9.24E-05   1.47E-01   8.32E-01   0.00E+00   0.00E+00   5.72E-12   2.64E-07   7.08E-07
 2.42E+06   1.02E-04   1.48E-01   8.36E-01   0.00E+00   0.00E+00   7.63E-12   3.67E-07   1.49E-06
 2.58E+06   1.15E-04   1.48E-01   8.38E-01   0.00E+00   0.00E+00   1.02E-11   5.45E-07   2.94E-06
 2.72E+06   1.30E-04   1.49E-01   8.41E-01   0.00E+00   0.00E+00   1.37E-11   8.34E-07   5.44E-06
 2.88E+06   1.49E-04   1.49E-01   8.42E-01   0.00E+00   0.00E+00   1.84E-11   1.27E-06   9.47E-06
 3.02E+06   1.71E-04   1.49E-01   8.43E-01   0.00E+00   0.00E+00   2.49E-11   1.89E-06   1.56E-05
 3.18E+06   1.98E-04   1.49E-01   8.44E-01   0.00E+00   0.00E+00   3.38E-11   2.71E-06   2.42E-05
 3.32E+06   2.28E-04   1.49E-01   8.45E-01   0.00E+00   0.00E+00   4.59E-11   3.73E-06   3.56E-05
 3.48E+06   2.61E-04   1.49E-01   8.46E-01   0.00E+00   0.00E+00   6.21E-11   4.91E-06   5.02E-05
 3.62E+06   2.96E-04   1.49E-01   8.46E-01   0.00E+00   0.00E+00   8.37E-11   6.25E-06   6.80E-05
 3.78E+06   3.32E-04   1.50E-01   8.47E-01   0.00E+00   0.00E+00   1.12E-10   7.70E-06   8.90E-05
 3.92E+06   3.68E-04   1.50E-01   8.47E-01   0.00E+00   0.00E+00   1.51E-10   9.25E-06   1.13E-04
 4.08E+06   4.03E-04   1.50E-01   8.47E-01   0.00E+00   0.00E+00   2.01E-10   1.08E-05   1.39E-04
 4.22E+06   4.35E-04   1.50E-01   8.47E-01   0.00E+00   0.00E+00   2.67E-10   1.24E-05   1.66E-04
 4.38E+06   4.63E-04   1.50E-01   8.47E-01   0.00E+00   0.00E+00   3.51E-10   1.39E-05   1.91E-04
 4.52E+06   4.86E-04   1.50E-01   8.47E-01   0.00E+00   0.00E+00   4.56E-10   1.53E-05   2.13E-04
 4.68E+06   5.05E-04   1.50E-01   8.48E-01   0.00E+00   0.00E+00   5.83E-10   1.65E-05   2.33E-04
 4.82E+06   5.20E-04   1.50E-01   8.48E-01   0.00E+00   0.00E+00   7.39E-10   1.75E-05   2.49E-04
 4.98E+06   5.31E-04   1.50E-01   8.48E-01   0.00E+00   0.00E+00   9.28E-10   1.83E-05   2.61E-04
 5.12E+06   5.40E-04   1.50E-01   8.48E-01   0.00E+00   0.00E+00   1.16E-09   1.89E-05   2.71E-04
 5.28E+06   5.46E-04   1.50E-01   8.48E-01   0.00E+00   0.00E+00   1.43E-09   1.94E-05   2.78E-04
 5.42E+06   5.51E-04   1.50E-01   8.48E-01   0.00E+00   0.00E+00   1.77E-09   1.98E-05   2.84E-04
 5.58E+06   5.54E-04   1.50E-01   8.48E-01   0.00E+00   0.00E+00   2.18E-09   2.02E-05   2.88E-04
 5.72E+06   5.57E-04   1.50E-01   8.48E-01   0.00E+00   0.00E+00   2.68E-09   2.04E-05   2.92E-04
 5.88E+06   5.58E-04   1.50E-01   8.48E-01   0.00E+00   0.00E+00   3.29E-09   2.06E-05   2.94E-04
 6.02E+06   5.59E-04   1.50E-01   8.48E-01   0.00E+00   0.00E+00   4.04E-09   2.08E-05   2.96E-04
 6.18E+06   5.60E-04   1.50E-01   8.48E-01   0.00E+00   0.00E+00   4.97E-09   2.09E-05   2.98E-04
 6.32E+06   5.61E-04   1.50E-01   8.48E-01   0.00E+00   0.00E+00   6.11E-09   2.10E-05   2.99E-04
 6.48E+06   5.61E-04   1.50E-01   8.48E-01   0.00E+00   0.00E+00   7.53E-09   2.11E-05   3.00E-04
 6.62E+06   5.62E-04   1.50E-01   8.48E-01   0.00E+00   0.00E+00   9.29E-09   2.12E-05   3.00E-04
 6.78E+06   5.62E-04   1.50E-01   8.48E-01   0.00E+00   0.00E+00   1.15E-08   2.13E-05   3.01E-04
 6.92E+06   5.62E-04   1.50E-01   8.48E-01   0.00E+00   0.00E+00   1.42E-08   2.14E-05   3.01E-04
 7.08E+06   5.62E-04   1.50E-01   8.48E-01   0.00E+00   0.00E+00   1.77E-08   2.14E-05   3.02E-04
 7.22E+06   5.62E-04   1.50E-01   8.48E-01   0.00E+00   0.00E+00   2.19E-08   2.15E-05   3.02E-04
 7.38E+06   5.62E-04   1.50E-01   8.48E-01   0.00E+00   0.00E+00   2.73E-08   2.15E-05   3.02E-04
 7.52E+06   5.62E-04   1.50E-01   8.48E-01   0.00E+00   0.00E+00   3.42E-08   2.16E-05   3.03E-04
 7.68E+06   5.62E-04   1.50E-01   8.48E-01   0.00E+00   0.00E+00   4.28E-08   2.17E-05   3.03E-04
 7.82E+06   5.62E-04   1.50E-01   8.48E-01   0.00E+00   0.00E+00   5.36E-08   2.17E-05   3.03E-04
 7.98E+06   5.62E-04   1.50E-01   8.48E-01   0.00E+00   0.00E+00   6.71E-08   2.18E-05   3.04E-04
 8.12E+06   5.62E-04   1.50E-01   8.48E-01   0.00E+00   0.00E+00   8.39E-08   2.19E-05   3.04E-04
 8.28E+06   5.62E-04   1.50E-01   8.48E-01   0.00E+00   0.00E+00   1.05E-07   2.19E-05   3.04E-04
 8.42E+06   5.62E-04   1.50E-01   8.48E-01   0.00E+00   0.00E+00   1.31E-07   2.20E-05   3.04E-04
 8.58E+06   5.62E-04   1.50E-01   8.48E-01   0.00E+00   0.00E+00   1.64E-07   2.21E-05   3.05E-04
 8.72E+06   5.62E-04   1.50E-01   8.48E-01   0.00E+00   0.00E+00   2.05E-07   2.21E-05   3.05E-04
 8.88E+06   5.62E-04   1.50E-01   8.48E-01   0.00E+00   0.00E+00   2.57E-07   2.22E-05   3.05E-04
 9.02E+06   5.62E-04   1.50E-01   8.48E-01   0.00E+00   0.00E+00   3.21E-07   2.23E-05   3.05E-04
 9.18E+06   5.62E-04   1.50E-01   8.48E-01   0.00E+00   0.00E+00   4.00E-07   2.23E-05   3.06E-04
 9.32E+06   5.62E-04   1.50E-01   8.48E-01   0.00E+00   0.00E+00   4.99E-07   2.24E-05   3.06E-04
 9.48E+06   5.62E-04   1.50E-01   8.48E-01   0.00E+00   0.00E+00   6.23E-07   2.25E-05   3.06E-04
 9.62E+06   5.62E-04   1.50E-01   8.48E-01   0.00E+00   0.00E+00   7.76E-07   2.26E-05   3.06E-04
 9.78E+06   5.62E-04   1.50E-01   8.48E-01   0.00E+00   0.00E+00   9.66E-07   2.27E-05   3.07E-04
 9.92E+06   5.62E-04   1.50E-01   8.48E-01   0.00E+00   0.00E+00   1.20E-06   2.31E-05   3.07E-04

     Z      POCS       PNO3_NO    PNO3_NO2   PN2O       PHO2NO2_NO2PHO2NO2_NO3PN2O5_NO2  PN2O5_NO   
 2.50E+04   9.94E-12   1.06E-02   8.32E-02   4.45E-25   1.49E-06   3.73E-07   3.06E-10   1.00E-05
 1.75E+05   1.19E-11   1.08E-02   8.47E-02   8.24E-23   1.74E-06   4.34E-07   3.83E-10   1.14E-05
 3.25E+05   1.36E-11   1.10E-02   8.59E-02   9.83E-21   1.96E-06   4.89E-07   4.60E-10   1.27E-05
 4.75E+05   1.53E-11   1.12E-02   8.69E-02   6.73E-19   2.16E-06   5.40E-07   5.39E-10   1.39E-05
 6.25E+05   1.69E-11   1.14E-02   8.76E-02   2.63E-17   2.35E-06   5.87E-07   6.22E-10   1.50E-05
 7.75E+05   1.84E-11   1.15E-02   8.80E-02   6.24E-16   2.52E-06   6.30E-07   7.11E-10   1.60E-05
 9.25E+05   1.99E-11   1.17E-02   8.82E-02   9.53E-15   2.68E-06   6.69E-07   8.11E-10   1.69E-05
 1.08E+06   2.19E-11   1.19E-02   8.86E-02   1.00E-13   2.82E-06   7.06E-07   9.56E-10   1.77E-05
 1.22E+06   2.74E-11   1.20E-02   8.95E-02   7.13E-13   2.95E-06   7.38E-07   1.36E-09   1.84E-05
 1.38E+06   4.73E-11   1.21E-02   9.05E-02   3.61E-12   3.07E-06   7.69E-07   2.86E-09   1.91E-05
 1.52E+06   1.14E-10   1.23E-02   9.17E-02   1.43E-11   3.20E-06   8.01E-07   8.02E-09   1.97E-05
 1.68E+06   3.18E-10   1.24E-02   9.29E-02   4.78E-11   3.35E-06   8.38E-07   2.37E-08   2.04E-05
 1.82E+06   8.83E-10   1.26E-02   9.40E-02   1.40E-10   3.53E-06   8.83E-07   6.62E-08   2.11E-05
 1.98E+06   2.34E-09   1.27E-02   9.49E-02   3.70E-10   3.76E-06   9.42E-07   1.71E-07   2.18E-05
 2.12E+06   5.89E-09   1.27E-02   9.56E-02   8.93E-10   4.10E-06   1.03E-06   4.10E-07   2.25E-05
 2.28E+06   1.40E-08   1.28E-02   9.63E-02   1.98E-09   4.60E-06   1.16E-06   9.06E-07   2.34E-05
 2.42E+06   3.13E-08   1.28E-02   9.69E-02   4.05E-09   5.39E-06   1.37E-06   1.86E-06   2.44E-05
 2.58E+06   6.66E-08   1.29E-02   9.74E-02   7.68E-09   6.61E-06   1.69E-06   3.56E-06   2.55E-05
 2.72E+06   1.35E-07   1.29E-02   9.79E-02   1.35E-08   8.45E-06   2.19E-06   6.36E-06   2.69E-05
 2.88E+06   2.60E-07   1.29E-02   9.84E-02   2.22E-08   1.11E-05   2.91E-06   1.06E-05   2.84E-05
 3.02E+06   4.75E-07   1.29E-02   9.89E-02   3.42E-08   1.48E-05   3.91E-06   1.66E-05   3.01E-05
 3.18E+06   8.27E-07   1.30E-02   9.94E-02   4.94E-08   1.96E-05   5.21E-06   2.45E-05   3.21E-05
 3.32E+06   1.37E-06   1.30E-02   9.99E-02   6.76E-08   2.56E-05   6.82E-06   3.43E-05   3.42E-05
 3.48E+06   2.15E-06   1.30E-02   1.00E-01   8.82E-08   3.27E-05   8.74E-06   4.56E-05   3.66E-05
 3.62E+06   3.22E-06   1.30E-02   1.01E-01   1.11E-07   4.10E-05   1.10E-05   5.85E-05   3.90E-05
 3.78E+06   4.62E-06   1.30E-02   1.01E-01   1.34E-07   5.07E-05   1.35E-05   7.27E-05   4.17E-05
 3.92E+06   6.33E-06   1.30E-02   1.02E-01   1.57E-07   6.20E-05   1.65E-05   8.83E-05   4.45E-05
 4.08E+06   8.30E-06   1.30E-02   1.02E-01   1.80E-07   7.52E-05   2.00E-05   1.05E-04   4.75E-05
 4.22E+06   1.04E-05   1.30E-02   1.02E-01   2.01E-07   9.02E-05   2.39E-05   1.24E-04   5.06E-05
 4.38E+06   1.24E-05   1.30E-02   1.02E-01   2.19E-07   1.06E-04   2.80E-05   1.42E-04   5.37E-05
 4.52E+06   1.42E-05   1.30E-02   1.02E-01   2.34E-07   1.22E-04   3.21E-05   1.60E-04   5.65E-05
 4.68E+06   1.57E-05   1.30E-02   1.02E-01   2.46E-07   1.36E-04   3.57E-05   1.76E-04   5.90E-05
 4.82E+06   1.70E-05   1.30E-02   1.02E-01   2.56E-07   1.48E-04   3.89E-05   1.90E-04   6.11E-05
 4.98E+06   1.80E-05   1.30E-02   1.02E-01   2.66E-07   1.58E-04   4.16E-05   2.01E-04   6.28E-05
 5.12E+06   1.87E-05   1.30E-02   1.02E-01   2.74E-07   1.66E-04   4.37E-05   2.10E-04   6.41E-05
 5.28E+06   1.93E-05   1.30E-02   1.01E-01   2.82E-07   1.73E-04   4.53E-05   2.18E-04   6.50E-05
 5.42E+06   1.97E-05   1.30E-02   1.01E-01   2.89E-07   1.77E-04   4.66E-05   2.23E-04   6.58E-05
 5.58E+06   2.00E-05   1.30E-02   1.01E-01   2.96E-07   1.81E-04   4.75E-05   2.28E-04   6.63E-05
 5.72E+06   2.03E-05   1.30E-02   1.01E-01   3.02E-07   1.84E-04   4.83E-05   2.32E-04   6.67E-05
 5.88E+06   2.05E-05   1.30E-02   1.01E-01   3.08E-07   1.86E-04   4.88E-05   2.35E-04   6.69E-05
 6.02E+06   2.06E-05   1.30E-02   1.00E-01   3.14E-07   1.87E-04   4.93E-05   2.37E-04   6.71E-05
 6.18E+06   2.07E-05   1.30E-02   1.00E-01   3.19E-07   1.88E-04   4.96E-05   2.39E-04   6.72E-05
 6.32E+06   2.07E-05   1.30E-02   1.00E-01   3.24E-07   1.89E-04   4.98E-05   2.41E-04   6.73E-05
 6.48E+06   2.08E-05   1.30E-02   9.98E-02   3.29E-07   1.90E-04   5.00E-05   2.43E-04   6.74E-05
 6.62E+06   2.08E-05   1.30E-02   9.96E-02   3.33E-07   1.90E-04   5.02E-05   2.44E-04   6.74E-05
 6.78E+06   2.09E-05   1.31E-02   9.94E-02   3.38E-07   1.90E-04   5.03E-05   2.45E-04   6.75E-05
 6.92E+06   2.09E-05   1.31E-02   9.92E-02   3.44E-07   1.91E-04   5.04E-05   2.47E-04   6.75E-05
 7.08E+06   2.10E-05   1.31E-02   9.90E-02   3.54E-07   1.91E-04   5.05E-05   2.48E-04   6.75E-05
 7.22E+06   2.10E-05   1.31E-02   9.89E-02   3.68E-07   1.91E-04   5.05E-05   2.49E-04   6.75E-05
 7.38E+06   2.11E-05   1.31E-02   9.87E-02   3.89E-07   1.91E-04   5.06E-05   2.50E-04   6.75E-05
 7.52E+06   2.12E-05   1.31E-02   9.87E-02   4.19E-07   1.91E-04   5.06E-05   2.51E-04   6.75E-05
 7.68E+06   2.14E-05   1.31E-02   9.87E-02   4.56E-07   1.91E-04   5.06E-05   2.53E-04   6.75E-05
 7.82E+06   2.16E-05   1.31E-02   9.87E-02   4.99E-07   1.91E-04   5.07E-05   2.55E-04   6.75E-05
 7.98E+06   2.18E-05   1.31E-02   9.87E-02   5.45E-07   1.91E-04   5.07E-05   2.56E-04   6.75E-05
 8.12E+06   2.20E-05   1.31E-02   9.87E-02   5.93E-07   1.92E-04   5.07E-05   2.58E-04   6.75E-05
 8.28E+06   2.22E-05   1.31E-02   9.87E-02   6.40E-07   1.92E-04   5.07E-05   2.60E-04   6.75E-05
 8.42E+06   2.24E-05   1.31E-02   9.87E-02   6.88E-07   1.92E-04   5.07E-05   2.62E-04   6.75E-05
 8.58E+06   2.26E-05   1.31E-02   9.87E-02   7.36E-07   1.92E-04   5.07E-05   2.63E-04   6.75E-05
 8.72E+06   2.29E-05   1.31E-02   9.87E-02   7.89E-07   1.92E-04   5.07E-05   2.65E-04   6.75E-05
 8.88E+06   2.31E-05   1.31E-02   9.87E-02   8.49E-07   1.92E-04   5.07E-05   2.67E-04   6.75E-05
 9.02E+06   2.34E-05   1.31E-02   9.87E-02   9.23E-07   1.92E-04   5.07E-05   2.69E-04   6.75E-05
 9.18E+06   2.38E-05   1.31E-02   9.87E-02   1.02E-06   1.92E-04   5.07E-05   2.71E-04   6.75E-05
 9.32E+06   2.42E-05   1.31E-02   9.87E-02   1.14E-06   1.92E-04   5.08E-05   2.73E-04   6.75E-05
 9.48E+06   2.48E-05   1.31E-02   9.87E-02   1.30E-06   1.92E-04   5.08E-05   2.75E-04   6.75E-05
 9.62E+06   2.56E-05   1.31E-02   9.87E-02   1.49E-06   1.92E-04   5.08E-05   2.78E-04   6.75E-05
 9.78E+06   2.71E-05   1.31E-02   9.87E-02   1.72E-06   1.92E-04   5.08E-05   2.81E-04   6.75E-05
 9.92E+06   3.06E-05   1.31E-02   9.87E-02   2.03E-06   1.92E-04   5.08E-05   2.88E-04   6.75E-05
