   1      H2O      +  O1D       =    OH       +  OH                  
   2      H2       +  O1D       =    OH       +  H                   
   3      H2       +  O         =    OH       +  H                   
   4      H2       +  OH        =    H2O      +  H                   
   5      H        +  O3        =    OH       +  O2                  
   6      H        +  O2        =    HO2      +                      
   7      H        +  HO2       =    H2       +  O2                  
   8      H        +  HO2       =    H2O      +  O                   
   9      H        +  HO2       =    OH       +  OH                  
  10      OH       +  O         =    H        +  O2                  
  11      OH       +  HO2       =    H2O      +  O2                  
  12      OH       +  O3        =    HO2      +  O2                  
  13      HO2      +  O         =    OH       +  O2                  
  14      HO2      +  O3        =    OH       +  O2          O2      
  15      HO2      +  HO2       =    H2O2     +  O2                  
  16      H2O2     +  OH        =    HO2      +  H2O                 
  17      O        +  O         =    O2       +                      
  18      O        +  O2        =    O3       +                      
  19      O        +  O3        =    O2       +  O2                  
  20      OH       +  OH        =    H2O      +  O                   
  21      O1D      +  N2        =    O        +  N2                  
  22      O1D      +  O2        =    O        +  O2                  
  23      O2       +  HV        =    O        +  O1D                 
  24      O2       +  HV        =    O        +  O                   
  25      H2O      +  HV        =    H        +  OH                  
  26      H2O      +  HV        =    H2       +  O1D                 
  27      H2O      +  HV        =    H        +  H           O       
  28      O3       +  HV        =    O2       +  O1D                 
  29      O3       +  HV        =    O2       +  O                   
  30      O3       +  HV        =    O        +  O           O       
  31      H        +  CO        =    HCO      +                      
  32      H        +  HCO       =    H2       +  CO                  
  33      HCO      +  HCO       =    H2CO     +  CO                  
  34      OH       +  HCO       =    H2O      +  CO                  
  35      O        +  HCO       =    H        +  CO2                 
  36      O        +  HCO       =    OH       +  CO                  
  37      H2O2     +  HV        =    OH       +  OH                  
  38      CO2      +  HV        =    CO       +  O                   
  39      CO2      +  HV        =    CO       +  O1D                 
  40      CO       +  OH        =    CO2      +  H                   
  41      CO       +  O         =    CO2      +                      
  42      H2CO     +  HV        =    H2       +  CO                  
  43      H2CO     +  HV        =    HCO      +  H                   
  44      HCO      +  HV        =    H        +  CO                  
  45      H2CO     +  H         =    H2       +  HCO                 
  46      H        +  H         =    H2       +                      
  47      HCO      +  O2        =    HO2      +  CO                  
  48      H2CO     +  OH        =    H2O      +  HCO                 
  49      H        +  OH        =    H2O      +                      
  50      OH       +  OH        =    H2O2     +                      
  51      H2CO     +  O         =    HCO      +  OH                  
  52      H2O2     +  O         =    OH       +  HO2                 
  53      HO2      +  HV        =    OH       +  O                   
  54      CH4      +  HV        =    CH21     +  H2                  
  55      CH4      +  HV        =    CH3      +  H                   
  56      CH4      +  HV        =    CH23     +  H           H       
  57      C2H6     +  HV        =    CH23     +  CH23        H2      
  58      C2H6     +  HV        =    CH4      +  CH21                
  59      HNO2     +  HV        =    NO       +  OH                  
  60      HNO3     +  HV        =    NO2      +  OH                  
  61      HNO3     +  HV        =    HNO2     +  O                   
  62      HNO3     +  HV        =    HNO2     +  O1D                 
  63      NO       +  HV        =    N        +  O                   
  64      NO2      +  HV        =    NO       +  O1D                 
  65      NO2      +  HV        =    NO       +  O                   
  66      CH4      +  OH        =    CH3      +  H2O                 
  67      CH4      +  O1D       =    CH3      +  OH                  
  68      CH4      +  O1D       =    H2CO     +  H2                  
  69      CH21     +  CH4       =    CH3      +  CH3                 
  70      CH21     +  O2        =    HCO      +  OH                  
  71      CH21     +  N2        =    CH23     +  N2                  
  72      CH23     +  H2        =    CH3      +  H                   
  73      CH23     +  CH4       =    CH3      +  CH3                 
  74      CH23     +  O2        =    HCO      +  OH                  
  75      CH3      +  O2        =    H2CO     +  OH                  
  76      CH3      +  O         =    H2CO     +  H                   
  77      CH3      +  CH3       =    C2H6     +                      
  78      CH3      +  HV        =    CH21     +  H                   
  79      CH3      +  H         =    CH4      +                      
  80      CH3      +  HCO       =    CH4      +  CO                  
  81      CH3      +  HNO       =    CH4      +  NO                  
  82      CH3      +  H2CO      =    CH4      +  HCO                 
  83      H        +  NO        =    HNO      +                      
  84      N        +  N         =    N2       +                      
  85      N        +  O2        =    NO       +  O                   
  86      N        +  O3        =    NO       +  O2                  
  87      N        +  OH        =    NO       +  H                   
  88      N        +  NO        =    N2       +  O                   
  89      NO       +  O3        =    NO2      +  O2                  
  90      NO       +  O         =    NO2      +                      
  91      NO       +  HO2       =    NO2      +  OH                  
  92      NO       +  OH        =    HNO2     +                      
  93      NO2      +  O         =    NO       +  O2                  
  94      NO2      +  OH        =    HNO3     +                      
  95      NO2      +  H         =    NO       +  OH                  
  96      HNO3     +  OH        =    H2O      +  NO3                 
  97      HCO      +  NO        =    HNO      +  CO                  
  98      HNO      +  HV        =    NO       +  H                   
  99      H        +  HNO       =    H2       +  NO                  
 100      O        +  HNO       =    OH       +  NO                  
 101      OH       +  HNO       =    H2O      +  NO                  
 102      HNO2     +  OH        =    H2O      +  NO2                 
 103      CH4      +  O         =    CH3      +  OH                  
 104      CH21     +  H2        =    CH3      +  H                   
 105      CH21     +  CO2       =    H2CO     +  CO                  
 106      CH23     +  O         =    HCO      +  H                   
 107      CH23     +  CO2       =    H2CO     +  CO                  
 108      C2H6     +  OH        =    C2H5     +  H2O                 
 109      C2H6     +  O         =    C2H5     +  OH                  
 110      C2H6     +  O1D       =    C2H5     +  OH                  
 111      C2H5     +  H         =    CH3      +  CH3                 
 112      C2H5     +  O         =    CH3      +  HCO         H       
 113      C2H5     +  OH        =    CH3      +  HCO         H2      
 114      C2H5     +  HCO       =    C2H6     +  CO                  
 115      C2H5     +  HNO       =    C2H6     +  NO                  
 116      C2H5     +  O2        =    CH3      +  HCO         OH      
 117      SO       +  HV        =    S        +  O                   
 118      H2S      +  HV        =    HS       +  H                   
 119      SO2      +  HV        =    SO       +  O                   
 120      SO2      +  HV        =    SO21     +                      
 121      SO2      +  HV        =    SO23     +                      
 122      SO       +  O2        =    O        +  SO2                 
 123      SO       +  HO2       =    SO2      +  OH                  
 124      SO       +  O         =    SO2      +                      
 125      SO       +  OH        =    SO2      +  H                   
 126      SO2      +  OH        =    HSO3     +                      
 127      SO2      +  O         =    SO3      +                      
 128      SO3      +  H2O       =    H2SO4    +                      
 129      HSO3     +  O2        =    HO2      +  SO3                 
 130      HSO3     +  OH        =    H2O      +  SO3                 
 131      HSO3     +  H         =    H2       +  SO3                 
 132      HSO3     +  O         =    OH       +  SO3                 
 133      H2S      +  OH        =    H2O      +  HS                  
 134      H2S      +  H         =    H2       +  HS                  
 135      H2S      +  O         =    OH       +  HS                  
 136      HS       +  O         =    H        +  SO                  
 137      HS       +  O2        =    OH       +  SO                  
 138      HS       +  HO2       =    H2S      +  O2                  
 139      HS       +  HS        =    H2S      +  S                   
 140      HS       +  HCO       =    H2S      +  CO                  
 141      HS       +  H         =    H2       +  S                   
 142      HS       +  S         =    H        +  S2                  
 143      S        +  O2        =    SO       +  O                   
 144      S        +  OH        =    SO       +  H                   
 145      S        +  HCO       =    HS       +  CO                  
 146      S        +  HO2       =    HS       +  O2                  
 147      S        +  HO2       =    SO       +  OH                  
 148      S        +  S         =    S2       +                      
 149      S2       +  OH        =    HSO      +  S                   
 150      S2       +  O         =    S        +  SO                  
 151      HS       +  H2CO      =    H2S      +  HCO                 
 152      S2       +  HV        =    S        +  S                   
 153      S2       +  HV        =    S2       +                      
 154      S        +  S2        =    S3       +                      
 155      S2       +  S2        =    S4       +                      
 156      S        +  S3        =    S4       +                      
 157      S4       +  S4        =    S8       +                      
 158      S4       +  HV        =    S2       +  S2                  
 159      S3       +  HV        =    S2       +  S                   
 160      S8       +  HV        =    S4       +  S4                  
 161      S8       +  HV        =    S4       +  S4                  
 162      S8       +  HV        =    S4       +  S4                  
 163      SO3      +  HV        =    SO2      +  O                   
 164      SO21     +  M         =    SO23     +  M                   
 165      SO21     +  M         =    SO2      +  M                   
 166      SO21     +  HV        =    SO23     +  HV                  
 167      SO21     +  HV        =    SO2      +  HV                  
 168      SO21     +  O2        =    SO3      +  O                   
 169      SO21     +  SO2       =    SO3      +  SO                  
 170      SO23     +  M         =    SO2      +  M                   
 171      SO23     +  HV        =    SO2      +  HV                  
 172      SO23     +  SO2       =    SO3      +  SO                  
 173      SO       +  NO2       =    SO2      +  NO                  
 174      SO       +  O3        =    SO2      +  O2                  
 175      SO2      +  HO2       =    SO3      +  OH                  
 176      HS       +  O3        =    HSO      +  O2                  
 177      HS       +  NO2       =    HSO      +  NO                  
 178      S        +  O3        =    SO       +  O2                  
 179      SO       +  SO        =    SO2      +  S                   
 180      SO3      +  SO        =    SO2      +  SO2                 
 181      S        +  CO2       =    SO       +  CO                  
 182      SO       +  HO2       =    HSO      +  O2                  
 183      SO       +  HCO       =    HSO      +  CO                  
 184      H        +  SO        =    HSO      +                      
 185      HSO      +  HV        =    HS       +  O                   
 186      HSO      +  NO        =    HNO      +  SO                  
 187      HSO      +  OH        =    H2O      +  SO                  
 188      HSO      +  H         =    HS       +  OH                  
 189      HSO      +  H         =    H2       +  SO                  
 190      HSO      +  HS        =    H2S      +  SO                  
 191      HSO      +  O         =    OH       +  SO                  
 192      HSO      +  S         =    HS       +  SO                  
 193      SO3      +  CO        =    SO2      +  CO2                 
 194      H        +  OCS       =    CO       +  HS                  
 195      HS       +  CO        =    OCS      +  H                   
 196      O        +  OCS       =    CO       +  SO                  
 197      O        +  OCS       =    S        +  CO2                 
 198      OCS      +  S         =    CO       +  S2                  
 199      OCS      +  OH        =    CO2      +  HS                  
 200      S        +  HCO       =    OCS      +  H                   
 201      S        +  CO        =    OCS      +                      
 202      OCS      +  HV        =    CO       +  S                   
 203      CO       +  O1D       =    CO       +  O                   
 204      CO       +  O1D       =    CO2      +                      
 205      H2S      +  HO2       =    H2O      +  HSO                 
 206      OCS      +  S         =    OCS2     +                      
 207      OCS2     +  S         =    OCS      +  S2                  
 208      S3       +  O         =    S2       +  SO                  
 209      S4       +  O         =    S3       +  SO                  
 210      OCS2     +  CO        =    OCS      +  OCS                 
 211      O        +  NO3       =    O2       +  NO2                 
 212      HO2      +  NO3       =    OH       +  NO2         O2      
 213      NO       +  NO3       =    NO2      +  NO2                 
 214      O        +  NO2       =    NO3      +                      
 215      OH       +  NO3       =    HO2      +  NO2                 
 216      NO3      +  HV        =    NO       +  O2                  
 217      NO3      +  HV        =    NO2      +  O                   
 218      N        +  NO2       =    N2O      +  O                   
 219      O1D      +  N2        =    N2O      +                      
 220      O1D      +  N2O       =    N2       +  O2                  
 221      O1D      +  N2O       =    NO       +  NO                  
 222      N2O      +  HV        =    N2       +  O1D                 
 223      N        +  HO2       =    NO       +  OH                  
 224      O        +  N2O5      =    NO2      +  NO2         O2      
 225      NO2      +  NO3       =    N2O5     +                      
 226      N2O5     +  M         =    NO3      +  NO2                 
 227      NO2      +  NO3       =    NO       +  NO2         O2      
 228      NO2      +  O3        =    NO3      +  O2                  
 229      NO3      +  NO3       =    NO2      +  NO2         O2      
 230      HO2      +  NO2       =    HO2NO2   +                      
 231      O        +  HO2NO2    =    OH       +  NO2         O2      
 232      OH       +  HO2NO2    =    H2O      +  NO2         O2      
 233      HO2NO2   +  M         =    HO2      +  NO2                 
 234      HO2NO2   +  HV        =    HO2      +  NO2                 
 235      HO2NO2   +  HV        =    OH       +  NO3                 
 236      N2O5     +  HV        =    NO3      +  NO2                 
 237      N2O5     +  HV        =    NO3      +  NO          O       
 238      O        +  HNO3      =    OH       +  NO3                 
 239      HO2      +  NO2       =    HNO2     +  O2                  


 NQ=40     NZ=200     KJAC= 968000

 PO2= 5.873E-02  PNO= 2.347E-02  ZAPO2= 2.069E+03  ZAPNO = 8.268E+02  PRONO = 1.000E+09  PRONOP = 6.566E+08  ZAPCO = 1.103E+01  ZAPH2 = 1.740E+02
 N= 4     X= 5.84403E-01  ERR= 1.98918E-11

 TIME = 0.00E+00     TIMEY = 0.00E+00 YEARS

 NPHOT =    0

 MIXING RATIOS OF LONG-LIVED SPECIES


     Z        O        O2       H2O      H        OH       HO2      H2O2     H2       CO       HCO      H2CO     CH4      CH3      C2H6     NO       NO2      HNO      H2S     
  2.50E+04 6.64E-17 9.45E-02 1.13E-02 9.13E-21 4.33E-14 1.10E-11 1.07E-09 5.30E-07 1.10E-07 3.63E-22 2.36E-10 1.80E-06 3.27E-21 3.17E-26 2.09E-12 4.16E-12 1.69E-17 9.08E-12
  7.50E+04 7.62E-17 9.45E-02 9.39E-03 9.88E-21 4.64E-14 1.12E-11 1.14E-09 5.30E-07 1.07E-07 3.92E-22 2.34E-10 1.80E-06 3.28E-21 3.17E-26 2.27E-12 4.21E-12 1.70E-17 6.32E-12
  1.25E+05 8.84E-17 9.45E-02 7.90E-03 1.08E-20 5.03E-14 1.14E-11 1.17E-09 5.31E-07 1.04E-07 4.10E-22 2.23E-10 1.80E-06 3.33E-21 3.16E-26 2.52E-12 4.38E-12 1.47E-17 4.39E-12
  1.75E+05 1.03E-16 9.45E-02 6.50E-03 1.17E-20 5.44E-14 1.14E-11 1.18E-09 5.31E-07 1.02E-07 4.22E-22 2.09E-10 1.79E-06 3.35E-21 3.16E-26 2.85E-12 4.66E-12 1.19E-17 3.04E-12
  3.75E+05 2.03E-16 9.45E-02 2.54E-03 1.56E-20 7.30E-14 1.07E-11 1.04E-09 5.32E-07 9.16E-08 4.33E-22 1.53E-10 1.79E-06 3.29E-21 3.13E-26 5.17E-12 6.67E-12 4.57E-18 6.90E-13
  5.75E+05 3.78E-16 9.45E-02 7.04E-04 1.72E-20 8.13E-14 8.41E-12 6.91E-10 5.32E-07 8.34E-08 3.26E-22 9.08E-11 1.79E-06 2.41E-21 3.12E-26 7.96E-12 7.45E-12 1.48E-18 1.70E-13
  7.75E+05 6.39E-16 9.45E-02 1.19E-04 1.37E-20 6.65E-14 5.49E-12 3.81E-10 5.32E-07 7.72E-08 1.56E-22 3.80E-11 1.78E-06 1.09E-21 3.18E-26 8.82E-12 5.16E-12 4.36E-19 5.44E-14
  9.75E+05 1.02E-15 9.45E-02 1.22E-05 1.60E-20 7.96E-14 3.03E-12 1.84E-10 5.33E-07 7.25E-08 9.64E-23 1.79E-11 1.78E-06 6.12E-22 3.34E-26 2.22E-11 7.07E-12 3.29E-19 2.08E-14
  1.18E+06 2.68E-15 9.45E-02 4.33E-06 2.23E-20 9.60E-14 1.67E-12 5.89E-11 5.33E-07 6.61E-08 8.75E-23 1.19E-11 1.78E-06 6.28E-22 4.05E-26 5.11E-11 1.33E-11 1.70E-19 6.10E-15
  1.38E+06 1.33E-14 9.45E-02 4.16E-06 2.00E-20 7.83E-14 5.85E-13 4.43E-12 5.32E-07 5.25E-08 6.58E-23 7.01E-12 1.76E-06 5.68E-22 8.52E-26 1.29E-10 5.54E-11 3.93E-20 6.01E-16
  1.58E+06 6.87E-14 9.45E-02 4.25E-06 2.22E-20 8.67E-14 4.10E-13 6.06E-13 5.29E-07 3.64E-08 7.84E-23 5.99E-12 1.71E-06 8.01E-22 2.31E-25 2.63E-10 2.10E-10 4.39E-20 2.84E-17
  1.78E+06 2.75E-13 9.45E-02 4.41E-06 3.40E-20 1.34E-13 5.54E-13 6.58E-13 5.23E-07 2.38E-08 1.37E-22 7.17E-12 1.63E-06 1.63E-21 5.44E-25 4.32E-10 5.09E-10 9.92E-20 7.75E-19
  1.98E+06 9.01E-13 9.45E-02 4.63E-06 6.64E-20 2.43E-13 9.79E-13 1.28E-12 5.14E-07 1.62E-08 2.81E-22 9.73E-12 1.52E-06 3.85E-21 1.11E-24 6.51E-10 9.40E-10 1.05E-19 1.28E-20
  2.18E+06 2.60E-12 9.45E-02 4.87E-06 1.65E-19 4.97E-13 1.95E-12 3.07E-12 5.03E-07 1.24E-08 6.30E-22 1.40E-11 1.41E-06 9.90E-21 2.10E-24 9.54E-10 1.50E-09 6.71E-20 1.74E-22
  2.38E+06 6.92E-12 9.45E-02 5.11E-06 4.95E-19 1.09E-12 4.00E-12 7.48E-12 4.88E-07 1.07E-08 1.49E-21 2.03E-11 1.29E-06 2.68E-20 3.94E-24 1.39E-09 2.19E-09 5.99E-20 4.96E-23
  2.58E+06 1.75E-11 9.45E-02 5.36E-06 1.71E-18 2.42E-12 8.08E-12 1.67E-11 4.72E-07 9.97E-09 3.57E-21 2.88E-11 1.17E-06 7.38E-20 7.72E-24 1.98E-09 2.98E-09 9.24E-20 4.22E-23
  2.78E+06 4.24E-11 9.45E-02 5.60E-06 6.57E-18 5.12E-12 1.52E-11 3.14E-11 4.54E-07 9.82E-09 8.24E-21 3.86E-11 1.06E-06 1.99E-19 1.64E-23 2.74E-09 3.73E-09 1.89E-19 2.90E-23
  2.98E+06 1.01E-10 9.45E-02 5.85E-06 2.76E-17 9.97E-12 2.56E-11 4.78E-11 4.34E-07 1.01E-08 1.76E-20 4.86E-11 9.45E-07 5.20E-19 3.78E-23 3.62E-09 4.26E-09 3.98E-19 1.64E-23
  3.18E+06 2.36E-10 9.45E-02 6.09E-06 1.23E-16 1.77E-11 3.89E-11 6.00E-11 4.13E-07 1.06E-08 3.46E-20 5.81E-11 8.34E-07 1.31E-18 9.30E-23 4.51E-09 4.40E-09 7.95E-19 8.03E-24
  3.38E+06 5.49E-10 9.45E-02 6.32E-06 5.64E-16 2.96E-11 5.38E-11 6.40E-11 3.93E-07 1.13E-08 6.38E-20 6.68E-11 7.27E-07 3.18E-18 2.36E-22 5.24E-09 4.06E-09 1.49E-18 3.73E-24
  3.58E+06 1.27E-09 9.45E-02 6.53E-06 2.66E-15 4.89E-11 6.89E-11 5.93E-11 3.74E-07 1.19E-08 1.14E-19 7.40E-11 6.27E-07 7.56E-18 6.01E-22 5.74E-09 3.32E-09 2.65E-18 1.83E-24
  3.78E+06 2.92E-09 9.45E-02 6.71E-06 1.29E-14 8.14E-11 8.30E-11 4.95E-11 3.62E-07 1.22E-08 2.01E-19 7.90E-11 5.40E-07 1.76E-17 1.48E-21 6.03E-09 2.37E-09 4.61E-18 1.10E-24
  3.98E+06 6.61E-09 9.44E-02 6.85E-06 6.05E-14 1.33E-10 9.73E-11 4.05E-11 3.57E-07 1.24E-08 3.43E-19 8.01E-11 4.67E-07 3.91E-17 3.52E-21 6.08E-09 1.42E-09 7.58E-18 8.35E-25
  4.18E+06 1.39E-08 9.44E-02 6.95E-06 2.44E-13 2.00E-10 1.14E-10 3.51E-11 3.63E-07 1.25E-08 5.20E-19 7.50E-11 4.09E-07 7.57E-17 7.99E-21 5.80E-09 7.15E-10 1.08E-17 7.82E-25
  4.38E+06 2.58E-08 9.44E-02 7.01E-06 7.64E-13 2.64E-10 1.31E-10 3.21E-11 3.83E-07 1.26E-08 6.65E-19 6.50E-11 3.67E-07 1.21E-16 1.79E-20 5.23E-09 3.24E-10 1.29E-17 8.52E-25
  4.58E+06 4.24E-08 9.44E-02 7.03E-06 1.91E-12 3.16E-10 1.48E-10 3.01E-11 4.16E-07 1.31E-08 7.43E-19 5.39E-11 3.37E-07 1.66E-16 4.13E-20 4.54E-09 1.43E-10 1.35E-17 9.91E-25
  4.78E+06 6.39E-08 9.44E-02 7.01E-06 4.13E-12 3.56E-10 1.63E-10 2.79E-11 4.61E-07 1.45E-08 7.78E-19 4.43E-11 3.17E-07 2.12E-16 9.67E-20 3.86E-09 6.48E-11 1.30E-17 1.12E-24
  4.98E+06 9.17E-08 9.44E-02 6.98E-06 8.26E-12 3.89E-10 1.76E-10 2.54E-11 5.17E-07 1.73E-08 7.92E-19 3.63E-11 3.02E-07 2.66E-16 2.18E-19 3.26E-09 3.06E-11 1.20E-17 1.20E-24
  5.18E+06 1.28E-07 9.44E-02 6.92E-06 1.59E-11 4.20E-10 1.89E-10 2.31E-11 5.84E-07 2.21E-08 7.97E-19 2.98E-11 2.90E-07 3.32E-16 4.54E-19 2.76E-09 1.50E-11 1.09E-17 1.24E-24
  5.38E+06 1.75E-07 9.44E-02 6.85E-06 3.01E-11 4.53E-10 2.03E-10 2.12E-11 6.63E-07 3.00E-08 7.97E-19 2.44E-11 2.81E-07 4.12E-16 8.79E-19 2.34E-09 7.67E-12 9.99E-18 1.27E-24
  5.58E+06 2.35E-07 9.44E-02 6.77E-06 5.67E-11 4.93E-10 2.21E-10 1.98E-11 7.57E-07 4.24E-08 7.92E-19 1.99E-11 2.72E-07 5.08E-16 1.59E-18 1.98E-09 4.07E-12 9.19E-18 1.32E-24
  5.78E+06 3.11E-07 9.44E-02 6.66E-06 1.07E-10 5.43E-10 2.43E-10 1.91E-11 8.69E-07 6.10E-08 7.82E-19 1.62E-11 2.63E-07 6.21E-16 2.71E-18 1.68E-09 2.26E-12 8.59E-18 1.43E-24
  5.98E+06 4.06E-07 9.44E-02 6.53E-06 2.02E-10 6.06E-10 2.71E-10 1.88E-11 1.00E-06 8.83E-08 7.66E-19 1.31E-11 2.54E-07 7.47E-16 4.41E-18 1.43E-09 1.33E-12 8.18E-18 1.64E-24
  6.18E+06 5.26E-07 9.44E-02 6.37E-06 3.86E-10 6.85E-10 3.08E-10 1.92E-11 1.16E-06 1.28E-07 7.51E-19 1.05E-11 2.44E-07 8.84E-16 6.90E-18 1.23E-09 8.30E-13 7.94E-18 1.95E-24
  6.38E+06 6.75E-07 9.43E-02 6.18E-06 7.48E-10 7.89E-10 3.56E-10 2.04E-11 1.35E-06 1.84E-07 7.83E-19 8.63E-12 2.33E-07 1.05E-15 1.04E-17 1.06E-09 5.57E-13 7.93E-18 2.49E-24
  6.58E+06 8.39E-07 9.43E-02 5.94E-06 1.49E-09 9.54E-10 4.35E-10 2.43E-11 1.59E-06 2.63E-07 1.24E-18 8.85E-12 2.19E-07 1.50E-15 1.54E-17 9.34E-10 4.21E-13 8.48E-18 3.85E-24
  6.78E+06 9.64E-07 9.43E-02 5.66E-06 3.10E-09 1.29E-09 6.00E-10 3.63E-11 1.87E-06 3.72E-07 3.85E-18 1.60E-11 2.03E-07 3.80E-15 2.21E-17 8.37E-10 3.97E-13 1.05E-17 8.79E-24
  6.98E+06 1.05E-06 9.43E-02 5.31E-06 6.87E-09 1.93E-09 9.20E-10 6.39E-11 2.22E-06 5.24E-07 1.33E-17 3.85E-11 1.83E-07 1.32E-14 3.14E-17 7.71E-10 4.58E-13 1.47E-17 2.59E-23
  7.18E+06 1.22E-06 9.42E-02 4.88E-06 1.61E-08 2.91E-09 1.40E-09 1.08E-10 2.64E-06 7.33E-07 3.81E-17 8.12E-11 1.61E-07 3.92E-14 4.33E-17 7.35E-10 5.28E-13 2.13E-17 6.57E-23
  7.38E+06 1.60E-06 9.42E-02 4.38E-06 3.93E-08 4.08E-09 1.93E-09 1.52E-10 3.13E-06 1.02E-06 8.72E-17 1.37E-10 1.37E-07 8.52E-14 5.62E-17 7.28E-10 5.20E-13 2.95E-17 1.15E-22
  7.58E+06 2.43E-06 9.41E-02 3.80E-06 9.97E-08 5.10E-09 2.34E-09 1.70E-10 3.66E-06 1.40E-06 1.66E-16 1.89E-10 1.13E-07 1.31E-13 6.44E-17 7.49E-10 4.07E-13 3.75E-17 1.30E-22
  7.78E+06 4.19E-06 9.40E-02 3.17E-06 2.81E-07 6.29E-09 2.75E-09 1.52E-10 4.17E-06 1.88E-06 2.66E-16 2.10E-10 9.05E-08 1.40E-13 6.30E-17 8.06E-10 2.80E-13 4.89E-17 1.04E-22
  7.98E+06 2.52E-05 9.39E-02 2.50E-06 8.62E-07 2.81E-09 1.08E-09 4.51E-11 4.50E-06 2.48E-06 4.08E-16 1.27E-10 7.05E-08 3.65E-14 5.42E-17 8.97E-10 2.93E-14 2.10E-17 5.57E-24
  8.18E+06 1.54E-04 9.37E-02 1.89E-06 1.69E-06 1.09E-09 2.62E-10 6.44E-12 4.63E-06 3.17E-06 5.42E-16 3.70E-11 5.36E-08 7.81E-15 4.39E-17 1.06E-09 4.72E-15 5.92E-18 4.45E-26
  8.38E+06 5.66E-04 9.33E-02 1.37E-06 2.47E-06 5.94E-10 7.74E-11 6.97E-13 4.68E-06 3.92E-06 6.06E-16 1.27E-11 3.97E-08 2.56E-15 3.30E-17 1.37E-09 3.38E-15 2.25E-18 1.40E-28
  8.58E+06 1.50E-03 9.26E-02 9.72E-07 3.11E-06 3.71E-10 2.71E-11 5.89E-14 4.69E-06 4.72E-06 5.95E-16 5.58E-12 2.87E-08 1.11E-15 2.29E-17 1.83E-09 3.24E-15 1.06E-18 4.35E-31
  8.78E+06 3.18E-03 9.14E-02 6.72E-07 3.59E-06 2.39E-10 1.08E-11 4.01E-15 4.68E-06 5.54E-06 5.21E-16 2.92E-12 2.03E-08 5.75E-16 1.47E-17 2.30E-09 3.00E-15 5.35E-19 7.01E-33
  8.98E+06 5.78E-03 8.97E-02 4.55E-07 3.95E-06 1.53E-10 4.74E-12 2.47E-16 4.66E-06 6.38E-06 4.23E-16 1.72E-12 1.41E-08 3.39E-16 8.95E-18 2.55E-09 2.46E-15 2.66E-19 2.88E-34
  9.18E+06 9.37E-03 8.74E-02 3.03E-07 4.20E-06 9.65E-11 2.25E-12 1.77E-17 4.64E-06 7.19E-06 3.33E-16 1.12E-12 9.69E-09 2.19E-16 5.24E-18 2.56E-09 1.82E-15 1.30E-19 1.96E-35
  9.38E+06 1.39E-02 8.46E-02 2.01E-07 4.39E-06 5.93E-11 1.14E-12 1.95E-18 4.61E-06 7.95E-06 2.62E-16 7.79E-13 6.67E-09 1.53E-16 3.04E-18 2.46E-09 1.30E-15 6.54E-20 1.95E-36
  9.58E+06 1.92E-02 8.13E-02 1.35E-07 4.52E-06 3.57E-11 6.06E-13 3.28E-19 4.59E-06 8.60E-06 2.16E-16 5.94E-13 4.73E-09 1.16E-16 1.82E-18 2.35E-09 9.17E-16 3.45E-20 2.63E-37
  9.78E+06 2.49E-02 7.78E-02 9.65E-08 4.61E-06 2.10E-11 3.40E-13 7.27E-20 4.57E-06 9.09E-06 2.00E-16 5.23E-13 3.64E-09 1.02E-16 1.20E-18 2.23E-09 6.47E-16 1.92E-20 4.69E-38
  9.98E+06 2.96E-02 7.49E-02 8.33E-08 4.66E-06 1.24E-11 2.06E-13 2.46E-20 4.55E-06 9.34E-06 2.43E-16 6.41E-13 3.33E-09 1.26E-16 9.75E-19 2.14E-09 4.60E-16 1.16E-20 1.26E-38

     Z        HS       S        SO       SO2      H2SO4    HSO      S2       S4       S8       SO3      OCS      S3       O3       HNO3     N        NO3      N2O      HO2NO2  
  2.50E+04 2.32E-17 5.02E-32 2.91E-19 6.66E-11 4.01E-12 5.73E-13 6.88E-36 6.37E-62 7.38-105 1.65E-21 4.88E-22 2.01E-59 1.22E-08 2.30E-11 2.74-178 3.46E-16 3.00E-07 8.91E-14
  7.50E+04 1.69E-17 2.66E-32 2.74E-19 1.02E-10 6.08E-12 5.56E-13 4.38E-36 2.32E-62 7.38-105 3.35E-21 4.88E-22 5.97E-60 1.28E-08 2.56E-11 8.49-172 3.33E-16 3.00E-07 1.27E-13
  1.25E+05 1.23E-17 1.41E-32 2.42E-19 1.34E-10 8.23E-12 4.53E-13 2.38E-36 6.10E-63 7.38-105 5.70E-21 4.88E-22 1.52E-60 1.36E-08 2.89E-11 2.23-165 3.34E-16 3.00E-07 1.87E-13
  1.75E+05 8.90E-18 7.32E-33 2.05E-19 1.62E-10 1.05E-11 3.43E-13 1.17E-36 1.33E-63 7.38-105 9.27E-21 4.88E-22 3.44E-61 1.47E-08 3.30E-11 4.93-159 3.45E-16 3.00E-07 2.86E-13
  3.75E+05 2.24E-18 4.60E-34 9.37E-20 2.60E-10 1.92E-11 8.90E-14 4.26E-38 1.12E-66 7.38-105 5.93E-20 4.87E-22 4.84E-64 2.06E-08 5.22E-11 1.88-134 4.55E-16 3.00E-07 1.90E-12
  5.75E+05 5.08E-19 2.37E-35 4.13E-20 3.58E-10 2.42E-11 2.28E-14 9.90E-40 3.92E-70 7.38-105 3.97E-19 4.86E-22 3.62E-67 2.87E-08 6.41E-11 2.62-111 5.09E-16 3.00E-07 1.33E-11
  7.75E+05 1.13E-19 1.27E-36 2.10E-20 4.62E-10 2.36E-11 7.36E-15 1.75E-41 7.92E-74 7.38-105 3.01E-18 4.85E-22 2.17E-70 3.79E-08 6.75E-11 5.34E-90 5.13E-16 2.99E-07 3.41E-11
  9.75E+05 4.51E-20 1.40E-36 3.04E-20 5.45E-10 2.65E-11 2.73E-15 3.97E-43 2.59E-77 7.38-105 5.09E-17 4.84E-22 3.37E-72 4.86E-08 7.51E-11 1.49E-71 6.65E-16 2.99E-07 3.44E-11
  1.18E+06 1.15E-20 1.31E-34 2.26E-19 6.98E-10 2.98E-11 8.07E-16 1.82E-42 3.00E-76 7.38-105 3.66E-16 4.81E-22 7.84E-70 7.49E-08 1.13E-10 2.22E-57 8.38E-16 2.98E-07 2.66E-11
  1.38E+06 3.95E-22 1.84E-32 3.52E-18 1.19E-09 2.84E-11 9.49E-17 5.99E-42 1.70E-75 7.37-105 6.09E-16 4.66E-22 1.88E-67 1.97E-07 3.35E-10 9.44E-47 1.61E-15 2.93E-07 2.89E-11
  1.58E+06 8.51E-24 1.01E-30 2.95E-17 1.64E-09 2.78E-11 7.11E-17 5.24E-42 6.74E-76 7.36-105 1.19E-15 4.25E-22 4.62E-66 5.14E-07 9.76E-10 6.11E-39 5.69E-15 2.80E-07 4.90E-11
  1.78E+06 1.35E-24 2.10E-29 1.15E-16 1.33E-09 2.21E-11 1.41E-16 1.65E-41 3.45E-75 7.34-105 1.97E-15 3.56E-22 1.57E-64 1.03E-06 2.02E-09 3.61E-33 1.76E-14 2.56E-07 8.82E-11
  1.98E+06 3.20E-24 1.47E-28 1.73E-16 4.95E-10 9.42E-12 1.36E-16 1.16E-40 8.91E-74 7.32-105 1.79E-15 2.69E-22 4.00E-63 1.69E-06 3.18E-09 7.98E-29 4.05E-14 2.24E-07 1.43E-10
  2.18E+06 4.72E-24 4.19E-28 1.20E-16 9.86E-11 2.37E-12 6.97E-17 2.44E-40 2.04E-73 7.29-105 1.02E-15 1.83E-22 1.24E-62 2.41E-06 4.06E-09 1.72E-25 7.62E-14 1.90E-07 2.03E-10
  2.38E+06 6.17E-24 8.92E-28 7.05E-17 1.91E-11 6.12E-13 3.27E-17 3.35E-40 2.02E-73 7.25-105 6.23E-16 1.09E-22 1.91E-62 3.15E-06 4.43E-09 7.00E-23 1.26E-13 1.55E-07 2.47E-10
  2.58E+06 6.74E-24 1.45E-27 3.57E-17 3.63E-12 1.60E-13 1.35E-17 2.88E-40 7.92E-74 7.22-105 3.85E-16 5.57E-23 1.41E-62 3.84E-06 4.24E-09 8.04E-21 1.88E-13 1.23E-07 2.53E-10
  2.78E+06 5.92E-24 1.83E-27 1.59E-17 6.83E-13 7.68E-14 4.73E-18 1.52E-40 1.18E-74 7.18-105 2.34E-16 2.30E-23 4.98E-63 4.43E-06 3.60E-09 3.36E-19 2.55E-13 9.37E-08 2.17E-10
  2.98E+06 4.35E-24 1.95E-27 6.71E-18 1.39E-13 2.76E-13 1.45E-18 5.59E-41 8.47E-76 7.15-105 1.50E-16 7.27E-24 1.04E-63 4.81E-06 2.67E-09 6.09E-18 3.17E-13 6.88E-08 1.56E-10
  3.18E+06 2.82E-24 1.89E-27 2.87E-18 3.26E-14 3.82E-13 4.11E-19 1.62E-41 3.81E-77 7.10-105 1.09E-16 1.64E-24 1.57E-64 4.96E-06 1.72E-09 5.54E-17 3.61E-13 4.87E-08 9.40E-11
  3.38E+06 1.77E-24 1.85E-27 1.38E-18 9.62E-15 4.05E-13 1.20E-19 4.56E-42 1.63E-78 7.05-105 9.55E-17 2.51E-25 2.33E-65 4.93E-06 9.86E-10 2.89E-16 3.78E-13 3.33E-08 4.74E-11
  3.58E+06 1.22E-24 2.06E-27 8.23E-19 3.87E-15 4.10E-13 4.01E-20 1.59E-42 1.08E-79 7.00-105 9.57E-17 2.52E-26 4.96E-66 4.78E-06 5.24E-10 9.87E-16 3.57E-13 2.22E-08 2.00E-11
  3.78E+06 1.06E-24 2.99E-27 6.92E-19 2.31E-15 4.12E-13 1.78E-20 9.00E-43 1.94E-80 6.94-105 9.78E-17 1.73E-27 2.27E-66 4.48E-06 2.62E-10 2.52E-15 2.97E-13 1.47E-08 7.05E-12
  3.98E+06 1.15E-24 5.30E-27 7.67E-19 1.86E-15 4.12E-13 1.03E-20 7.91E-43 8.55E-81 6.89-105 8.91E-17 8.23E-29 2.02E-66 4.00E-06 1.17E-10 5.30E-15 2.09E-13 9.81E-09 2.12E-12
  4.18E+06 1.45E-24 1.02E-26 9.81E-19 1.73E-15 4.11E-13 7.36E-21 9.24E-43 6.79E-81 6.82-105 7.22E-17 3.09E-30 2.65E-66 3.35E-06 4.36E-11 9.87E-15 1.20E-13 6.64E-09 5.83E-13
  4.38E+06 1.96E-24 2.01E-26 1.36E-18 1.69E-15 4.11E-13 6.40E-21 1.35E-42 8.65E-81 6.76-105 5.44E-17 2.48E-31 4.56E-66 2.71E-06 1.41E-11 1.75E-14 5.75E-14 4.60E-09 1.60E-13
  4.58E+06 2.72E-24 4.06E-26 2.02E-18 1.68E-15 4.11E-13 6.53E-21 2.31E-42 1.55E-80 6.70-105 3.99E-17 1.67E-31 9.59E-66 2.18E-06 4.31E-12 3.08E-14 2.49E-14 3.30E-09 4.61E-14
  4.78E+06 3.62E-24 8.12E-26 3.02E-18 1.68E-15 4.10E-13 7.13E-21 4.09E-42 2.94E-80 6.64-105 2.87E-17 1.88E-31 2.06E-65 1.75E-06 1.32E-12 5.24E-14 1.04E-14 2.45E-09 1.39E-14
  4.98E+06 4.55E-24 1.59E-25 4.47E-18 1.68E-15 4.10E-13 7.96E-21 7.03E-42 5.25E-80 6.57-105 2.04E-17 2.35E-31 4.20E-65 1.40E-06 4.08E-13 8.48E-14 4.28E-15 1.88E-09 4.36E-15
  5.18E+06 5.53E-24 3.08E-25 6.58E-18 1.68E-15 4.09E-13 9.02E-21 1.19E-41 9.00E-80 6.51-105 1.45E-17 3.17E-31 8.24E-65 1.13E-06 1.31E-13 1.33E-13 1.79E-15 1.49E-09 1.43E-15
  5.38E+06 6.64E-24 5.91E-25 9.65E-18 1.68E-15 4.09E-13 1.04E-20 2.00E-41 1.54E-79 6.44-105 1.03E-17 4.54E-31 1.60E-64 9.08E-07 4.38E-14 2.05E-13 7.57E-16 1.21E-09 4.90E-16
  5.58E+06 8.09E-24 1.13E-24 1.41E-17 1.67E-15 4.08E-13 1.23E-20 3.48E-41 2.75E-79 6.36-105 7.35E-18 6.72E-31 3.16E-64 7.28E-07 1.53E-14 3.10E-13 3.28E-16 9.99E-10 1.76E-16
  5.78E+06 1.02E-23 2.16E-24 2.06E-17 1.67E-15 4.07E-13 1.50E-20 6.30E-41 5.35E-79 6.28-105 5.26E-18 1.01E-30 6.46E-64 5.78E-07 5.61E-15 4.62E-13 1.46E-16 8.38E-10 6.69E-17
  5.98E+06 1.33E-23 4.11E-24 3.00E-17 1.66E-15 4.06E-13 1.86E-20 1.20E-40 1.14E-78 6.18-105 3.76E-18 1.52E-30 1.38E-63 4.54E-07 2.20E-15 6.80E-13 6.75E-17 7.11E-10 2.71E-17
  6.18E+06 1.79E-23 7.81E-24 4.36E-17 1.64E-15 4.05E-13 2.37E-20 2.38E-40 2.62E-78 6.08-105 2.69E-18 2.27E-30 3.04E-63 3.52E-07 9.24E-16 9.91E-13 3.28E-17 6.09E-10 1.18E-17
  6.38E+06 2.54E-23 1.48E-23 6.29E-17 1.62E-15 4.04E-13 3.08E-20 4.96E-40 6.62E-78 5.96-105 1.92E-18 3.37E-30 6.97E-63 2.70E-07 4.23E-16 1.43E-12 1.70E-17 5.26E-10 5.60E-18
  6.58E+06 4.09E-23 2.75E-23 8.92E-17 1.59E-15 4.03E-13 4.29E-20 1.20E-39 2.23E-77 5.82-105 1.37E-18 5.14E-30 1.81E-62 1.99E-07 2.27E-16 2.04E-12 9.53E-18 4.58E-10 3.13E-18
  6.78E+06 8.70E-23 4.94E-23 1.21E-16 1.55E-15 4.01E-13 7.00E-20 3.96E-39 1.40E-76 5.67-105 9.98E-19 8.68E-30 6.18E-62 1.35E-07 1.65E-16 2.78E-12 6.23E-18 4.00E-10 2.41E-18
  6.98E+06 2.28E-22 8.29E-23 1.54E-16 1.52E-15 3.98E-13 1.24E-19 1.59E-38 1.28E-75 5.49-105 7.56E-19 1.72E-29 2.37E-61 8.51E-08 1.60E-16 3.53E-12 4.73E-18 3.50E-10 2.48E-18
  7.18E+06 5.42E-22 1.30E-22 1.83E-16 1.48E-15 3.95E-13 1.92E-19 5.12E-38 7.54E-75 5.28-105 5.91E-19 3.71E-29 6.78E-61 5.57E-08 1.57E-16 4.26E-12 3.71E-18 3.06E-10 2.51E-18
  7.38E+06 9.79E-22 2.00E-22 2.10E-16 1.45E-15 3.92E-13 2.29E-19 1.08E-37 1.87E-74 5.04-105 4.57E-19 7.77E-29 1.23E-60 3.99E-08 1.24E-16 5.19E-12 2.75E-18 2.67E-10 1.97E-18
  7.58E+06 1.28E-21 3.13E-22 2.43E-16 1.40E-15 3.87E-13 2.08E-19 1.46E-37 1.87E-74 4.76-105 3.39E-19 1.50E-28 1.42E-60 2.99E-08 7.06E-17 6.75E-12 1.77E-18 2.32E-10 1.06E-18
  7.78E+06 1.47E-21 4.92E-22 2.82E-16 1.35E-15 3.82E-13 1.61E-19 1.53E-37 1.13E-74 4.45-105 2.66E-19 2.69E-28 1.28E-60 2.31E-08 3.12E-17 9.69E-12 1.10E-18 2.00E-10 4.62E-19
  7.98E+06 8.65E-23 1.19E-21 5.03E-16 1.12E-15 3.75E-13 1.94E-20 3.71E-39 3.68E-78 4.09-105 2.95E-19 4.47E-28 4.10E-62 5.24E-08 4.27E-18 2.92E-11 2.41E-19 1.72E-10 2.77E-20
  8.18E+06 1.64E-24 2.36E-21 7.35E-16 8.67E-16 3.66E-13 1.16E-21 2.29E-41 7.64E-83 3.68-105 4.87E-19 4.77E-28 2.74E-64 1.40E-07 3.62E-19 9.07E-11 4.88E-20 1.47E-10 6.89E-22
  8.38E+06 6.30E-26 3.77E-21 8.62E-16 7.17E-16 3.54E-13 1.12E-22 3.82E-43 1.18E-86 3.21-105 7.34E-19 3.28E-28 3.99E-66 2.65E-07 3.16E-20 3.01E-10 2.96E-20 1.24E-10 4.03E-23
  8.58E+06 4.48E-27 5.58E-21 9.37E-16 6.14E-16 3.39E-13 1.68E-23 1.54E-44 1.65E-89 2.69-105 9.02E-19 1.97E-28 1.30E-67 3.97E-07 3.71E-21 1.23E-09 2.19E-20 1.04E-10 6.09E-24
  8.78E+06 5.18E-28 8.06E-21 9.89E-16 5.27E-16 3.20E-13 3.54E-24 1.35E-45 3.88E-91 2.16-105 9.21E-19 1.21E-28 9.07E-69 4.99E-07 7.19E-22 5.36E-09 1.53E-20 8.55E-11 1.19E-24
  8.98E+06 8.78E-29 1.16E-20 1.03E-15 4.42E-16 2.96E-13 9.82E-25 2.94E-46 4.75E-92 1.62-105 8.01E-19 7.87E-29 1.55E-69 5.44E-07 1.77E-22 2.16E-08 9.33E-21 6.95E-11 2.35E-25
  9.18E+06 2.01E-29 1.65E-20 1.06E-15 3.56E-16 2.69E-13 3.36E-25 1.57E-46 1.55E-92 1.13-105 6.06E-19 5.50E-29 6.52E-70 5.28E-07 4.39E-23 7.45E-08 5.15E-21 5.58E-11 4.57E-26
  9.38E+06 5.76E-30 2.34E-20 1.08E-15 2.74E-16 2.36E-13 1.35E-25 1.35E-46 8.04E-93 7.19-106 4.05E-19 4.15E-29 4.35E-70 4.65E-07 1.04E-23 2.18E-07 2.73E-21 4.43E-11 9.03E-27
  9.58E+06 1.99E-30 3.28E-20 1.08E-15 2.01E-16 2.01E-13 6.06E-26 1.36E-46 4.83E-93 4.09-106 2.44E-19 3.47E-29 3.39E-70 3.76E-07 2.44E-24 5.43E-07 1.43E-21 3.53E-11 1.87E-27
  9.78E+06 8.03E-31 4.51E-20 1.06E-15 1.39E-16 1.64E-13 3.00E-26 1.46E-46 2.99E-93 2.06-106 1.37E-19 3.39E-29 2.76E-70 2.82E-07 5.68E-25 1.19E-06 7.51E-22 2.88E-11 4.08E-28
  9.98E+06 3.91E-31 6.01E-20 1.01E-15 9.60E-17 1.28E-13 1.65E-26 1.61E-46 1.79E-93 9.13-107 8.42E-20 4.23E-29 2.24E-70 1.95E-07 1.69E-25 2.31E-06 3.97E-22 2.51E-11 1.11E-28

     Z        N2O5     CO2      SO4AER   S8AER   
  2.50E+04 5.04E-18 2.02E-04 2.02E-10 1.00E-38
  7.50E+04 6.66E-18 2.02E-04 2.14E-10 1.00E-38
  1.25E+05 9.60E-18 2.02E-04 2.37E-10 1.00E-38
  1.75E+05 1.49E-17 2.02E-04 2.73E-10 1.00E-38
  3.75E+05 1.32E-16 2.02E-04 5.01E-10 1.00E-38
  5.75E+05 1.04E-15 2.02E-04 8.02E-10 1.00E-38
  7.75E+05 2.21E-15 2.02E-04 1.15E-09 1.00E-38
  9.75E+05 3.26E-15 2.02E-04 1.53E-09 1.00E-38
  1.18E+06 5.62E-15 2.02E-04 2.42E-09 1.00E-38
  1.38E+06 3.07E-14 2.02E-04 5.17E-09 1.00E-38
  1.58E+06 2.68E-13 2.02E-04 8.26E-09 1.00E-38
  1.78E+06 1.30E-12 2.02E-04 8.34E-09 1.00E-38
  1.98E+06 3.55E-12 2.02E-04 6.12E-09 1.00E-38
  2.18E+06 6.57E-12 2.02E-04 4.00E-09 1.00E-38
  2.38E+06 9.40E-12 2.02E-04 2.64E-09 1.00E-38
  2.58E+06 1.05E-11 2.02E-04 1.82E-09 1.00E-38
  2.78E+06 9.23E-12 2.03E-04 1.30E-09 1.00E-38
  2.98E+06 6.37E-12 2.03E-04 9.58E-10 1.00E-38
  3.18E+06 3.54E-12 2.03E-04 7.32E-10 1.00E-38
  3.38E+06 1.59E-12 2.03E-04 5.53E-10 1.00E-38
  3.58E+06 5.79E-13 2.03E-04 4.05E-10 1.00E-38
  3.78E+06 1.65E-13 2.03E-04 2.91E-10 1.00E-38
  3.98E+06 3.40E-14 2.03E-04 2.04E-10 1.00E-38
  4.18E+06 5.06E-15 2.03E-04 1.40E-10 1.00E-38
  4.38E+06 6.16E-16 2.03E-04 9.47E-11 1.00E-38
  4.58E+06 7.12E-17 2.03E-04 6.29E-11 1.00E-38
  4.78E+06 8.27E-18 2.03E-04 4.10E-11 1.00E-38
  4.98E+06 9.94E-19 2.03E-04 2.60E-11 1.00E-38
  5.18E+06 1.26E-19 2.03E-04 1.59E-11 1.00E-38
  5.38E+06 1.70E-20 2.03E-04 9.26E-12 1.00E-38
  5.58E+06 2.42E-21 2.03E-04 4.98E-12 1.00E-38
  5.78E+06 3.70E-22 2.02E-04 2.43E-12 1.00E-38
  5.98E+06 6.18E-23 2.02E-04 1.04E-12 1.00E-38
  6.18E+06 1.15E-23 2.02E-04 3.76E-13 1.00E-38
  6.38E+06 2.40E-24 2.02E-04 1.09E-13 1.00E-38
  6.58E+06 6.11E-25 2.02E-04 2.41E-14 1.00E-38
  6.78E+06 2.22E-25 2.01E-04 3.68E-15 1.00E-38
  6.98E+06 1.14E-25 2.01E-04 3.45E-16 1.00E-38
  7.18E+06 6.03E-26 2.00E-04 1.67E-17 1.00E-38
  7.38E+06 2.57E-26 2.00E-04 3.19E-19 1.00E-38
  7.58E+06 7.37E-27 1.99E-04 1.47E-21 1.00E-38
  7.78E+06 1.73E-27 1.98E-04 5.37E-25 1.00E-38
  7.98E+06 5.77E-29 1.96E-04 4.65E-32 1.00E-38
  8.18E+06 8.21E-31 1.94E-04 1.04E-36 1.00E-38
  8.38E+06 8.47E-32 1.92E-04 1.00E-38 1.00E-38
  8.58E+06 2.82E-32 1.89E-04 1.00E-38 1.00E-38
  8.78E+06 9.08E-33 1.85E-04 1.00E-38 1.00E-38
  8.98E+06 2.32E-33 1.81E-04 1.00E-38 1.00E-38
  9.18E+06 4.95E-34 1.76E-04 1.00E-38 1.00E-38
  9.38E+06 9.94E-35 1.70E-04 1.00E-38 1.00E-38
  9.58E+06 2.01E-35 1.62E-04 1.00E-38 1.00E-38
  9.78E+06 4.13E-36 1.54E-04 1.00E-38 1.00E-38
  9.98E+06 9.57E-37 1.45E-04 1.00E-38 1.00E-38
 NW =                   750    WAVELENGTH GRID:   1176.5000000000000       -   10000.000000000000       Angstroms


 PHOTOLYSIS RATES

     Z      PO2_O1D    PO2_O3P    PH2O_1     PH2O_2     PH2O_3     PO3_O1D    PO3_O      PO3_3O     
 2.50E+04   0.00E+00   6.44E-26   1.33E-26   0.00E+00   0.00E+00   6.81E-06   2.03E-04   2.11E-27
 1.75E+05   0.00E+00   5.28E-24   2.11E-24   0.00E+00   0.00E+00   7.88E-06   2.09E-04   1.87E-23
 3.25E+05   0.00E+00   2.88E-22   2.06E-22   0.00E+00   0.00E+00   8.80E-06   2.15E-04   1.50E-20
 4.75E+05   0.00E+00   9.76E-21   1.05E-20   0.00E+00   0.00E+00   9.59E-06   2.20E-04   2.02E-18
 6.25E+05   0.00E+00   2.11E-19   2.98E-19   0.00E+00   0.00E+00   1.03E-05   2.26E-04   9.04E-17
 7.75E+05   0.00E+00   3.04E-18   5.18E-18   0.00E+00   0.00E+00   1.09E-05   2.30E-04   2.03E-15
 9.25E+05   0.00E+00   3.09E-17   6.05E-17   0.00E+00   0.00E+00   1.15E-05   2.35E-04   2.85E-14
 1.08E+06   0.00E+00   2.27E-16   4.98E-16   0.00E+00   0.00E+00   1.21E-05   2.39E-04   2.70E-13
 1.22E+06   0.00E+00   1.18E-15   2.84E-15   0.00E+00   0.00E+00   1.29E-05   2.42E-04   1.72E-12
 1.38E+06   0.00E+00   4.66E-15   1.21E-14   0.00E+00   0.00E+00   1.37E-05   2.46E-04   7.97E-12
 1.52E+06   0.00E+00   1.53E-14   4.18E-14   0.00E+00   0.00E+00   1.47E-05   2.50E-04   2.96E-11
 1.68E+06   0.00E+00   4.44E-14   1.26E-13   0.00E+00   0.00E+00   1.60E-05   2.54E-04   9.42E-11
 1.82E+06   0.00E+00   1.19E-13   3.48E-13   0.00E+00   0.00E+00   1.80E-05   2.57E-04   2.69E-10
 1.98E+06   0.00E+00   2.95E-13   8.91E-13   0.00E+00   0.00E+00   2.08E-05   2.61E-04   7.00E-10
 2.12E+06   0.00E+00   6.87E-13   2.15E-12   0.00E+00   0.00E+00   2.49E-05   2.64E-04   1.68E-09
 2.28E+06   0.00E+00   1.50E-12   4.86E-12   0.00E+00   0.00E+00   3.04E-05   2.67E-04   3.71E-09
 2.42E+06   0.00E+00   3.06E-12   1.03E-11   0.00E+00   0.00E+00   3.82E-05   2.70E-04   7.57E-09
 2.58E+06   0.00E+00   5.86E-12   2.04E-11   0.00E+00   0.00E+00   4.89E-05   2.73E-04   1.42E-08
 2.72E+06   1.62-147   1.05E-11   3.77E-11   7.36-145   1.10-144   6.39E-05   2.77E-04   2.48E-08
 2.88E+06   6.39-121   1.79E-11   6.53E-11   2.89-118   4.34-118   8.47E-05   2.81E-04   4.01E-08
 3.02E+06   8.97-100   2.87E-11   1.07E-10   4.06E-97   6.10E-97   1.13E-04   2.86E-04   6.06E-08
 3.18E+06   5.48E-83   4.37E-11   1.68E-10   2.48E-80   3.72E-80   1.52E-04   2.91E-04   8.61E-08
 3.32E+06   1.12E-69   6.35E-11   2.55E-10   5.08E-67   7.62E-67   2.04E-04   2.98E-04   1.16E-07
 3.48E+06   4.13E-59   8.84E-11   3.78E-10   1.87E-56   2.80E-56   2.72E-04   3.06E-04   1.49E-07
 3.62E+06   1.06E-50   1.18E-10   5.42E-10   4.81E-48   7.21E-48   3.63E-04   3.17E-04   1.85E-07
 3.78E+06   5.55E-44   1.53E-10   7.54E-10   2.52E-41   3.77E-41   4.95E-04   3.32E-04   2.23E-07
 3.92E+06   1.35E-38   1.91E-10   1.01E-09   6.14E-36   9.20E-36   6.90E-04   3.55E-04   2.61E-07
 4.08E+06   2.97E-34   2.31E-10   1.31E-09   1.34E-31   2.01E-31   9.73E-04   3.86E-04   2.98E-07
 4.22E+06   9.94E-31   2.69E-10   1.64E-09   4.50E-28   6.76E-28   1.34E-03   4.27E-04   3.33E-07
 4.38E+06   7.95E-28   3.06E-10   2.01E-09   3.60E-25   5.40E-25   1.74E-03   4.73E-04   3.67E-07
 4.52E+06   2.13E-25   3.39E-10   2.40E-09   9.64E-23   1.45E-22   2.15E-03   5.18E-04   3.99E-07
 4.68E+06   2.39E-23   3.71E-10   2.83E-09   1.08E-20   1.62E-20   2.52E-03   5.60E-04   4.30E-07
 4.82E+06   1.28E-21   4.00E-10   3.31E-09   5.80E-19   8.70E-19   2.83E-03   5.95E-04   4.59E-07
 4.98E+06   3.59E-20   4.30E-10   3.89E-09   1.63E-17   2.44E-17   3.08E-03   6.23E-04   4.87E-07
 5.12E+06   5.75E-19   4.61E-10   4.61E-09   2.60E-16   3.91E-16   3.28E-03   6.45E-04   5.14E-07
 5.28E+06   5.72E-18   4.95E-10   5.54E-09   2.59E-15   3.88E-15   3.42E-03   6.61E-04   5.40E-07
 5.42E+06   3.80E-17   5.32E-10   6.72E-09   1.72E-14   2.58E-14   3.53E-03   6.73E-04   5.65E-07
 5.58E+06   1.80E-16   5.73E-10   8.18E-09   8.17E-14   1.23E-13   3.61E-03   6.82E-04   5.90E-07
 5.72E+06   6.49E-16   6.18E-10   9.91E-09   2.94E-13   4.40E-13   3.66E-03   6.88E-04   6.15E-07
 5.88E+06   1.89E-15   6.69E-10   1.19E-08   8.45E-13   1.27E-12   3.70E-03   6.93E-04   6.38E-07
 6.02E+06   5.47E-15   7.25E-10   1.41E-08   2.19E-12   3.29E-12   3.73E-03   6.96E-04   6.61E-07
 6.18E+06   2.39E-14   7.91E-10   1.65E-08   6.99E-12   1.05E-11   3.75E-03   6.98E-04   6.83E-07
 6.32E+06   1.42E-13   8.67E-10   1.94E-08   3.25E-11   4.87E-11   3.76E-03   6.99E-04   7.05E-07
 6.48E+06   7.50E-13   9.58E-10   2.34E-08   1.56E-10   2.34E-10   3.77E-03   7.01E-04   7.27E-07
 6.62E+06   3.07E-12   1.07E-09   3.05E-08   6.17E-10   9.26E-10   3.77E-03   7.01E-04   7.54E-07
 6.78E+06   9.88E-12   1.21E-09   4.48E-08   1.95E-09   2.92E-09   3.78E-03   7.02E-04   7.92E-07
 6.92E+06   2.59E-11   1.40E-09   7.34E-08   5.04E-09   7.55E-09   3.78E-03   7.02E-04   8.55E-07
 7.08E+06   5.72E-11   1.66E-09   1.25E-07   1.10E-08   1.65E-08   3.78E-03   7.02E-04   9.58E-07
 7.22E+06   1.10E-10   2.02E-09   2.07E-07   2.07E-08   3.11E-08   3.78E-03   7.02E-04   1.11E-06
 7.38E+06   1.86E-10   2.53E-09   3.23E-07   3.48E-08   5.22E-08   3.78E-03   7.03E-04   1.33E-06
 7.52E+06   2.85E-10   3.20E-09   4.71E-07   5.29E-08   7.93E-08   3.78E-03   7.03E-04   1.60E-06
 7.68E+06   4.03E-10   4.06E-09   6.45E-07   7.39E-08   1.11E-07   3.78E-03   7.03E-04   1.91E-06
 7.82E+06   5.32E-10   5.15E-09   8.35E-07   9.67E-08   1.45E-07   3.78E-03   7.03E-04   2.24E-06
 7.98E+06   6.68E-10   6.48E-09   1.03E-06   1.20E-07   1.80E-07   3.78E-03   7.03E-04   2.59E-06
 8.12E+06   8.18E-10   8.10E-09   1.23E-06   1.43E-07   2.14E-07   3.78E-03   7.03E-04   2.92E-06
 8.28E+06   1.00E-09   1.00E-08   1.42E-06   1.65E-07   2.47E-07   3.78E-03   7.03E-04   3.25E-06
 8.42E+06   1.26E-09   1.24E-08   1.61E-06   1.86E-07   2.79E-07   3.78E-03   7.03E-04   3.57E-06
 8.58E+06   1.65E-09   1.54E-08   1.80E-06   2.07E-07   3.10E-07   3.79E-03   7.03E-04   3.89E-06
 8.72E+06   2.23E-09   1.91E-08   2.00E-06   2.28E-07   3.41E-07   3.79E-03   7.03E-04   4.23E-06
 8.88E+06   3.14E-09   2.38E-08   2.22E-06   2.49E-07   3.73E-07   3.79E-03   7.03E-04   4.58E-06
 9.02E+06   4.80E-09   2.95E-08   2.45E-06   2.72E-07   4.06E-07   3.79E-03   7.03E-04   4.94E-06
 9.18E+06   8.26E-09   3.63E-08   2.69E-06   2.94E-07   4.38E-07   3.79E-03   7.03E-04   5.31E-06
 9.32E+06   1.58E-08   4.40E-08   2.96E-06   3.17E-07   4.70E-07   3.79E-03   7.03E-04   5.68E-06
 9.48E+06   3.23E-08   5.23E-08   3.26E-06   3.39E-07   5.00E-07   3.79E-03   7.03E-04   6.05E-06
 9.62E+06   6.78E-08   6.13E-08   3.62E-06   3.61E-07   5.29E-07   3.79E-03   7.03E-04   6.42E-06
 9.78E+06   1.51E-07   7.15E-08   4.11E-06   3.83E-07   5.56E-07   3.79E-03   7.03E-04   6.81E-06
 9.92E+06   4.67E-07   8.96E-08   4.89E-06   4.08E-07   5.81E-07   3.79E-03   7.03E-04   7.27E-06

     Z      PH2O2      PCO2_1     PCO2_2     PH2CO_1    PH2CO_2    PHO2       PCH4_1     PCH4_2     
 2.50E+04   1.95E-06   1.99E-32   0.00E+00   1.66E-05   9.60E-06   4.93E-20   0.00E+00   0.00E+00
 1.75E+05   2.20E-06   2.94E-28   0.00E+00   1.90E-05   1.12E-05   3.97E-18   0.00E+00   0.00E+00
 3.25E+05   2.40E-06   2.73E-25   0.00E+00   2.11E-05   1.26E-05   2.12E-16   0.00E+00   0.00E+00
 4.75E+05   2.57E-06   3.84E-23   0.00E+00   2.31E-05   1.39E-05   7.03E-15   0.00E+00   0.00E+00
 6.25E+05   2.69E-06   1.73E-21   0.00E+00   2.49E-05   1.51E-05   1.50E-13   0.00E+00   0.00E+00
 7.75E+05   2.80E-06   3.90E-20   0.00E+00   2.65E-05   1.62E-05   2.14E-12   0.00E+00   0.00E+00
 9.25E+05   2.88E-06   5.47E-19   0.00E+00   2.79E-05   1.72E-05   2.15E-11   0.00E+00   0.00E+00
 1.08E+06   2.98E-06   5.19E-18   0.00E+00   2.93E-05   1.81E-05   1.57E-10   0.00E+00   0.00E+00
 1.22E+06   3.11E-06   3.31E-17   0.00E+00   3.04E-05   1.90E-05   8.10E-10   0.00E+00   0.00E+00
 1.38E+06   3.22E-06   1.53E-16   0.00E+00   3.14E-05   1.97E-05   3.17E-09   0.00E+00   0.00E+00
 1.52E+06   3.35E-06   5.67E-16   0.00E+00   3.24E-05   2.05E-05   1.03E-08   0.00E+00   0.00E+00
 1.68E+06   3.48E-06   1.81E-15   0.00E+00   3.33E-05   2.13E-05   2.98E-08   0.00E+00   0.00E+00
 1.82E+06   3.63E-06   5.22E-15   0.00E+00   3.41E-05   2.21E-05   7.90E-08   0.00E+00   0.00E+00
 1.98E+06   3.80E-06   1.40E-14   0.00E+00   3.49E-05   2.31E-05   1.95E-07   0.00E+00   0.00E+00
 2.12E+06   4.01E-06   3.54E-14   0.00E+00   3.56E-05   2.41E-05   4.50E-07   0.00E+00   0.00E+00
 2.28E+06   4.27E-06   8.40E-14   0.00E+00   3.64E-05   2.52E-05   9.73E-07   0.00E+00   0.00E+00
 2.42E+06   4.61E-06   1.86E-13   0.00E+00   3.70E-05   2.65E-05   1.97E-06   0.00E+00   0.00E+00
 2.58E+06   5.07E-06   3.81E-13   0.00E+00   3.77E-05   2.79E-05   3.76E-06   0.00E+00   0.00E+00
 2.72E+06   5.69E-06   7.21E-13   3.27-146   3.84E-05   2.94E-05   6.75E-06   2.65-144   5.15-144
 2.88E+06   6.51E-06   1.26E-12   1.28-119   3.92E-05   3.10E-05   1.14E-05   1.04-117   2.02-117
 3.02E+06   7.60E-06   2.07E-12   1.80E-98   3.99E-05   3.28E-05   1.83E-05   1.47E-96   2.84E-96
 3.18E+06   8.97E-06   3.18E-12   1.10E-81   4.06E-05   3.46E-05   2.79E-05   8.94E-80   1.74E-79
 3.32E+06   1.07E-05   4.67E-12   2.25E-68   4.13E-05   3.64E-05   4.06E-05   1.83E-66   3.55E-66
 3.48E+06   1.27E-05   6.56E-12   8.30E-58   4.20E-05   3.82E-05   5.65E-05   6.74E-56   1.31E-55
 3.62E+06   1.51E-05   8.89E-12   2.13E-49   4.27E-05   3.99E-05   7.58E-05   1.73E-47   3.37E-47
 3.78E+06   1.79E-05   1.17E-11   1.12E-42   4.34E-05   4.15E-05   9.86E-05   9.07E-41   1.76E-40
 3.92E+06   2.11E-05   1.48E-11   2.72E-37   4.40E-05   4.30E-05   1.24E-04   2.21E-35   4.29E-35
 4.08E+06   2.49E-05   1.82E-11   5.96E-33   4.46E-05   4.43E-05   1.51E-04   4.84E-31   9.40E-31
 4.22E+06   2.90E-05   2.19E-11   2.00E-29   4.52E-05   4.55E-05   1.78E-04   1.62E-27   3.15E-27
 4.38E+06   3.30E-05   2.57E-11   1.60E-26   4.57E-05   4.64E-05   2.03E-04   1.30E-24   2.52E-24
 4.52E+06   3.68E-05   2.97E-11   4.28E-24   4.61E-05   4.71E-05   2.24E-04   3.48E-22   6.75E-22
 4.68E+06   4.00E-05   3.38E-11   4.81E-22   4.64E-05   4.77E-05   2.42E-04   3.90E-20   7.58E-20
 4.82E+06   4.28E-05   3.81E-11   2.57E-20   4.67E-05   4.81E-05   2.56E-04   2.09E-18   4.06E-18
 4.98E+06   4.49E-05   4.26E-11   7.22E-19   4.69E-05   4.84E-05   2.68E-04   5.86E-17   1.14E-16
 5.12E+06   4.66E-05   4.76E-11   1.16E-17   4.71E-05   4.86E-05   2.76E-04   9.39E-16   1.82E-15
 5.28E+06   4.78E-05   5.31E-11   1.15E-16   4.72E-05   4.88E-05   2.83E-04   9.33E-15   1.81E-14
 5.42E+06   4.88E-05   5.93E-11   7.64E-16   4.73E-05   4.89E-05   2.88E-04   6.20E-14   1.20E-13
 5.58E+06   4.94E-05   6.61E-11   3.63E-15   4.73E-05   4.90E-05   2.91E-04   2.95E-13   5.72E-13
 5.72E+06   5.00E-05   7.36E-11   1.30E-14   4.74E-05   4.91E-05   2.94E-04   1.06E-12   2.05E-12
 5.88E+06   5.03E-05   8.17E-11   3.76E-14   4.74E-05   4.91E-05   2.96E-04   3.06E-12   5.89E-12
 6.02E+06   5.06E-05   9.03E-11   9.91E-14   4.74E-05   4.92E-05   2.98E-04   8.11E-12   1.49E-11
 6.18E+06   5.08E-05   9.94E-11   3.34E-13   4.74E-05   4.92E-05   2.99E-04   2.79E-11   4.26E-11
 6.32E+06   5.09E-05   1.09E-10   1.64E-12   4.75E-05   4.92E-05   3.00E-04   1.40E-10   1.74E-10
 6.48E+06   5.10E-05   1.20E-10   8.03E-12   4.75E-05   4.92E-05   3.01E-04   6.91E-10   7.86E-10
 6.62E+06   5.11E-05   1.31E-10   3.20E-11   4.75E-05   4.92E-05   3.01E-04   2.75E-09   3.05E-09
 6.78E+06   5.12E-05   1.44E-10   1.01E-10   4.75E-05   4.92E-05   3.02E-04   8.71E-09   9.55E-09
 6.92E+06   5.13E-05   1.58E-10   2.61E-10   4.75E-05   4.92E-05   3.02E-04   2.25E-08   2.45E-08
 7.08E+06   5.14E-05   1.74E-10   5.69E-10   4.75E-05   4.93E-05   3.02E-04   4.89E-08   5.32E-08
 7.22E+06   5.15E-05   1.94E-10   1.07E-09   4.75E-05   4.93E-05   3.03E-04   9.23E-08   1.00E-07
 7.38E+06   5.16E-05   2.17E-10   1.80E-09   4.76E-05   4.94E-05   3.03E-04   1.55E-07   1.68E-07
 7.52E+06   5.18E-05   2.44E-10   2.74E-09   4.77E-05   4.94E-05   3.03E-04   2.35E-07   2.54E-07
 7.68E+06   5.20E-05   2.76E-10   3.83E-09   4.77E-05   4.95E-05   3.04E-04   3.28E-07   3.55E-07
 7.82E+06   5.22E-05   3.12E-10   5.01E-09   4.78E-05   4.96E-05   3.04E-04   4.29E-07   4.64E-07
 7.98E+06   5.25E-05   3.52E-10   6.22E-09   4.79E-05   4.97E-05   3.04E-04   5.32E-07   5.75E-07
 8.12E+06   5.27E-05   3.97E-10   7.40E-09   4.80E-05   4.97E-05   3.04E-04   6.32E-07   6.84E-07
 8.28E+06   5.29E-05   4.46E-10   8.55E-09   4.81E-05   4.98E-05   3.05E-04   7.30E-07   7.89E-07
 8.42E+06   5.31E-05   5.00E-10   9.68E-09   4.82E-05   4.99E-05   3.05E-04   8.26E-07   8.93E-07
 8.58E+06   5.34E-05   5.61E-10   1.08E-08   4.82E-05   5.00E-05   3.05E-04   9.22E-07   9.97E-07
 8.72E+06   5.36E-05   6.30E-10   1.21E-08   4.83E-05   5.01E-05   3.06E-04   1.02E-06   1.11E-06
 8.88E+06   5.39E-05   7.12E-10   1.35E-08   4.84E-05   5.02E-05   3.06E-04   1.13E-06   1.22E-06
 9.02E+06   5.41E-05   8.11E-10   1.50E-08   4.85E-05   5.03E-05   3.06E-04   1.24E-06   1.34E-06
 9.18E+06   5.44E-05   9.39E-10   1.68E-08   4.87E-05   5.05E-05   3.06E-04   1.36E-06   1.46E-06
 9.32E+06   5.47E-05   1.12E-09   1.89E-08   4.89E-05   5.07E-05   3.07E-04   1.48E-06   1.59E-06
 9.48E+06   5.50E-05   1.43E-09   2.11E-08   4.92E-05   5.10E-05   3.07E-04   1.60E-06   1.72E-06
 9.62E+06   5.53E-05   1.95E-09   2.38E-08   4.96E-05   5.14E-05   3.07E-04   1.72E-06   1.84E-06
 9.78E+06   5.58E-05   2.84E-09   2.80E-08   5.01E-05   5.19E-05   3.07E-04   1.84E-06   1.96E-06
 9.92E+06   5.65E-05   4.21E-09   4.06E-08   5.07E-05   5.25E-05   3.07E-04   1.98E-06   2.10E-06

     Z      PCH4_3     PC2H6_1    PC2H6_2    PHNO2_1    PHNO3      PHNO3_3    PHNO3_1    PNO        
 2.50E+04   0.00E+00   0.00E+00   0.00E+00   5.39E-04   1.48E-07   1.13E-27   8.14E-28   0.00E+00
 1.75E+05   0.00E+00   0.00E+00   0.00E+00   5.99E-04   1.66E-07   2.34E-23   1.68E-23   0.00E+00
 3.25E+05   0.00E+00   0.00E+00   0.00E+00   6.52E-04   1.79E-07   2.31E-20   1.66E-20   0.00E+00
 4.75E+05   0.00E+00   0.00E+00   0.00E+00   7.00E-04   1.88E-07   3.34E-18   2.40E-18   1.02-129
 6.25E+05   0.00E+00   0.00E+00   0.00E+00   7.43E-04   1.91E-07   1.54E-16   1.10E-16   8.68E-99
 7.75E+05   0.00E+00   0.00E+00   0.00E+00   7.82E-04   1.91E-07   3.52E-15   2.53E-15   1.19E-79
 9.25E+05   0.00E+00   0.00E+00   0.00E+00   8.17E-04   1.88E-07   5.01E-14   3.60E-14   2.83E-65
 1.08E+06   0.00E+00   0.00E+00   0.00E+00   8.48E-04   1.89E-07   4.87E-13   3.49E-13   7.90E-54
 1.22E+06   0.00E+00   0.00E+00   0.00E+00   8.75E-04   1.98E-07   3.20E-12   2.30E-12   1.12E-44
 1.38E+06   0.00E+00   0.00E+00   0.00E+00   8.99E-04   2.08E-07   1.53E-11   1.10E-11   2.09E-37
 1.52E+06   0.00E+00   0.00E+00   0.00E+00   9.21E-04   2.23E-07   5.83E-11   4.19E-11   1.26E-31
 1.68E+06   0.00E+00   0.00E+00   0.00E+00   9.41E-04   2.48E-07   1.92E-10   1.38E-10   5.13E-27
 1.82E+06   0.00E+00   0.00E+00   0.00E+00   9.57E-04   2.93E-07   5.79E-10   4.16E-10   2.56E-23
 1.98E+06   0.00E+00   0.00E+00   0.00E+00   9.70E-04   3.79E-07   1.65E-09   1.18E-09   2.48E-20
 2.12E+06   0.00E+00   0.00E+00   0.00E+00   9.80E-04   5.41E-07   4.46E-09   3.20E-09   6.70E-18
 2.28E+06   0.00E+00   0.00E+00   0.00E+00   9.89E-04   8.38E-07   1.14E-08   8.18E-09   6.67E-16
 2.42E+06   0.00E+00   0.00E+00   0.00E+00   9.96E-04   1.35E-06   2.70E-08   1.94E-08   2.99E-14
 2.58E+06   0.00E+00   0.00E+00   0.00E+00   1.00E-03   2.18E-06   5.87E-08   4.21E-08   6.95E-13
 2.72E+06   7.95-144   0.00E+00   5.24-145   1.01E-03   3.43E-06   1.16E-07   8.36E-08   9.27E-12
 2.88E+06   3.12-117   0.00E+00   2.06-118   1.01E-03   5.17E-06   2.12E-07   1.52E-07   7.73E-11
 3.02E+06   4.39E-96   0.00E+00   2.89E-97   1.02E-03   7.43E-06   3.56E-07   2.56E-07   4.33E-10
 3.18E+06   2.68E-79   0.00E+00   1.76E-80   1.03E-03   1.02E-05   5.58E-07   4.01E-07   1.75E-09
 3.32E+06   5.48E-66   0.00E+00   3.61E-67   1.03E-03   1.33E-05   8.24E-07   5.91E-07   5.39E-09
 3.48E+06   2.02E-55   0.00E+00   1.33E-56   1.04E-03   1.68E-05   1.15E-06   8.28E-07   1.34E-08
 3.62E+06   5.19E-47   0.00E+00   3.42E-48   1.05E-03   2.04E-05   1.54E-06   1.11E-06   2.83E-08
 3.78E+06   2.72E-40   0.00E+00   1.79E-41   1.06E-03   2.40E-05   1.98E-06   1.42E-06   5.22E-08
 3.92E+06   6.63E-35   0.00E+00   4.37E-36   1.07E-03   2.77E-05   2.45E-06   1.76E-06   8.68E-08
 4.08E+06   1.45E-30   0.00E+00   9.56E-32   1.09E-03   3.13E-05   2.95E-06   2.12E-06   1.33E-07
 4.22E+06   4.86E-27   0.00E+00   3.20E-28   1.10E-03   3.47E-05   3.45E-06   2.48E-06   1.90E-07
 4.38E+06   3.89E-24   0.00E+00   2.56E-25   1.11E-03   3.77E-05   3.95E-06   2.83E-06   2.58E-07
 4.52E+06   1.04E-21   0.00E+00   6.86E-23   1.12E-03   4.02E-05   4.43E-06   3.18E-06   3.36E-07
 4.68E+06   1.17E-19   0.00E+00   7.71E-21   1.13E-03   4.24E-05   4.91E-06   3.52E-06   4.23E-07
 4.82E+06   6.26E-18   0.00E+00   4.13E-19   1.14E-03   4.42E-05   5.38E-06   3.86E-06   5.18E-07
 4.98E+06   1.76E-16   0.00E+00   1.16E-17   1.15E-03   4.56E-05   5.84E-06   4.19E-06   6.20E-07
 5.12E+06   2.81E-15   0.00E+00   1.85E-16   1.15E-03   4.68E-05   6.29E-06   4.52E-06   7.28E-07
 5.28E+06   2.79E-14   0.00E+00   1.84E-15   1.15E-03   4.78E-05   6.74E-06   4.84E-06   8.41E-07
 5.42E+06   1.86E-13   0.00E+00   1.22E-14   1.16E-03   4.85E-05   7.19E-06   5.16E-06   9.59E-07
 5.58E+06   8.82E-13   0.00E+00   5.82E-14   1.16E-03   4.92E-05   7.63E-06   5.48E-06   1.08E-06
 5.72E+06   3.17E-12   0.00E+00   2.09E-13   1.16E-03   4.97E-05   8.07E-06   5.79E-06   1.20E-06
 5.88E+06   9.03E-12   0.00E+00   6.13E-13   1.16E-03   5.01E-05   8.49E-06   6.09E-06   1.33E-06
 6.02E+06   2.14E-11   0.00E+00   1.83E-12   1.16E-03   5.05E-05   8.89E-06   6.38E-06   1.45E-06
 6.18E+06   4.51E-11   0.00E+00   8.54E-12   1.16E-03   5.08E-05   9.28E-06   6.67E-06   1.58E-06
 6.32E+06   9.62E-11   0.00E+00   5.26E-11   1.16E-03   5.10E-05   9.66E-06   6.94E-06   1.70E-06
 6.48E+06   2.39E-10   0.00E+00   2.77E-10   1.16E-03   5.13E-05   1.00E-05   7.20E-06   1.82E-06
 6.62E+06   6.67E-10   0.00E+00   1.12E-09   1.16E-03   5.15E-05   1.04E-05   7.45E-06   1.95E-06
 6.78E+06   1.81E-09   0.00E+00   3.52E-09   1.16E-03   5.16E-05   1.07E-05   7.70E-06   2.08E-06
 6.92E+06   4.37E-09   0.00E+00   8.99E-09   1.16E-03   5.18E-05   1.11E-05   7.94E-06   2.21E-06
 7.08E+06   9.20E-09   0.00E+00   1.93E-08   1.16E-03   5.20E-05   1.14E-05   8.20E-06   2.36E-06
 7.22E+06   1.70E-08   0.00E+00   3.60E-08   1.16E-03   5.22E-05   1.18E-05   8.47E-06   2.52E-06
 7.38E+06   2.82E-08   0.00E+00   5.97E-08   1.16E-03   5.24E-05   1.22E-05   8.77E-06   2.69E-06
 7.52E+06   4.25E-08   0.00E+00   8.96E-08   1.16E-03   5.28E-05   1.27E-05   9.09E-06   2.88E-06
 7.68E+06   5.90E-08   0.00E+00   1.24E-07   1.16E-03   5.32E-05   1.31E-05   9.43E-06   3.09E-06
 7.82E+06   7.68E-08   0.00E+00   1.61E-07   1.16E-03   5.36E-05   1.36E-05   9.78E-06   3.31E-06
 7.98E+06   9.50E-08   0.00E+00   1.98E-07   1.16E-03   5.41E-05   1.41E-05   1.01E-05   3.54E-06
 8.12E+06   1.13E-07   0.00E+00   2.35E-07   1.16E-03   5.45E-05   1.46E-05   1.05E-05   3.78E-06
 8.28E+06   1.30E-07   0.00E+00   2.71E-07   1.16E-03   5.49E-05   1.52E-05   1.09E-05   4.02E-06
 8.42E+06   1.48E-07   0.00E+00   3.07E-07   1.16E-03   5.54E-05   1.57E-05   1.12E-05   4.26E-06
 8.58E+06   1.66E-07   0.00E+00   3.45E-07   1.16E-03   5.58E-05   1.62E-05   1.16E-05   4.50E-06
 8.72E+06   1.85E-07   0.00E+00   3.87E-07   1.16E-03   5.62E-05   1.66E-05   1.20E-05   4.74E-06
 8.88E+06   2.05E-07   0.00E+00   4.33E-07   1.16E-03   5.66E-05   1.71E-05   1.23E-05   4.98E-06
 9.02E+06   2.26E-07   0.00E+00   4.82E-07   1.16E-03   5.70E-05   1.76E-05   1.27E-05   5.23E-06
 9.18E+06   2.48E-07   0.00E+00   5.34E-07   1.16E-03   5.74E-05   1.81E-05   1.30E-05   5.48E-06
 9.32E+06   2.71E-07   0.00E+00   5.88E-07   1.16E-03   5.79E-05   1.86E-05   1.34E-05   5.74E-06
 9.48E+06   2.93E-07   0.00E+00   6.42E-07   1.16E-03   5.83E-05   1.91E-05   1.37E-05   6.03E-06
 9.62E+06   3.16E-07   0.00E+00   6.95E-07   1.16E-03   5.88E-05   1.97E-05   1.41E-05   6.36E-06
 9.78E+06   3.37E-07   0.00E+00   7.48E-07   1.16E-03   5.93E-05   2.03E-05   1.46E-05   6.78E-06
 9.92E+06   3.59E-07   0.00E+00   8.01E-07   1.16E-03   6.01E-05   2.12E-05   1.52E-05   7.41E-06

     Z      PNO2_O1D   PNO2       PCH3_1     PSO        PH2S       PSO2       PSO2_SO21  PSO2_SO23  
 2.50E+04   2.38E-21   3.57E-03   2.81E-20   7.22E-20   2.32E-14   4.02E-20   3.51E-05   4.27E-07
 1.75E+05   1.87E-19   3.91E-03   2.17E-18   6.29E-18   2.83E-14   3.57E-18   4.15E-05   4.70E-07
 3.25E+05   9.72E-18   4.22E-03   1.14E-16   3.61E-16   3.32E-14   2.11E-16   4.74E-05   5.09E-07
 4.75E+05   3.15E-16   4.50E-03   3.75E-15   1.27E-14   4.30E-14   7.59E-15   5.28E-05   5.44E-07
 6.25E+05   6.58E-15   4.75E-03   7.85E-14   2.82E-13   1.67E-13   1.71E-13   5.78E-05   5.76E-07
 7.75E+05   9.27E-14   4.97E-03   1.11E-12   4.15E-12   1.91E-12   2.54E-12   6.26E-05   6.05E-07
 9.25E+05   9.23E-13   5.18E-03   1.10E-11   4.27E-11   1.96E-11   2.64E-11   6.70E-05   6.30E-07
 1.08E+06   6.66E-12   5.36E-03   7.84E-11   3.16E-10   1.46E-10   1.96E-10   7.11E-05   6.53E-07
 1.22E+06   3.41E-11   5.51E-03   3.98E-10   1.65E-09   7.71E-10   1.03E-09   7.49E-05   6.73E-07
 1.38E+06   1.33E-10   5.65E-03   1.54E-09   6.54E-09   3.07E-09   4.09E-09   7.86E-05   6.90E-07
 1.52E+06   4.32E-10   5.78E-03   4.94E-09   2.14E-08   1.01E-08   1.34E-08   8.28E-05   7.06E-07
 1.68E+06   1.24E-09   5.90E-03   1.41E-08   6.20E-08   2.92E-08   3.88E-08   8.80E-05   7.20E-07
 1.82E+06   3.29E-09   6.00E-03   3.72E-08   1.64E-07   7.71E-08   1.02E-07   9.45E-05   7.32E-07
 1.98E+06   8.15E-09   6.07E-03   9.18E-08   4.02E-07   1.89E-07   2.50E-07   1.03E-04   7.41E-07
 2.12E+06   1.89E-08   6.14E-03   2.12E-07   9.20E-07   4.29E-07   5.68E-07   1.13E-04   7.47E-07
 2.28E+06   4.12E-08   6.19E-03   4.63E-07   1.96E-06   9.07E-07   1.20E-06   1.27E-04   7.53E-07
 2.42E+06   8.45E-08   6.23E-03   9.53E-07   3.90E-06   1.79E-06   2.37E-06   1.43E-04   7.56E-07
 2.58E+06   1.63E-07   6.26E-03   1.86E-06   7.25E-06   3.30E-06   4.38E-06   1.64E-04   7.59E-07
 2.72E+06   2.97E-07   6.29E-03   3.45E-06   1.26E-05   5.70E-06   7.55E-06   1.89E-04   7.62E-07
 2.88E+06   5.12E-07   6.32E-03   6.08E-06   2.05E-05   9.23E-06   1.22E-05   2.20E-04   7.64E-07
 3.02E+06   8.37E-07   6.35E-03   1.01E-05   3.13E-05   1.41E-05   1.86E-05   2.56E-04   7.65E-07
 3.18E+06   1.30E-06   6.37E-03   1.56E-05   4.49E-05   2.03E-05   2.66E-05   2.98E-04   7.66E-07
 3.32E+06   1.93E-06   6.39E-03   2.26E-05   6.10E-05   2.78E-05   3.62E-05   3.46E-04   7.67E-07
 3.48E+06   2.74E-06   6.41E-03   3.05E-05   7.88E-05   3.64E-05   4.68E-05   3.98E-04   7.68E-07
 3.62E+06   3.75E-06   6.42E-03   3.90E-05   9.76E-05   4.58E-05   5.81E-05   4.53E-04   7.68E-07
 3.78E+06   4.93E-06   6.44E-03   4.73E-05   1.16E-04   5.58E-05   6.94E-05   5.11E-04   7.69E-07
 3.92E+06   6.26E-06   6.45E-03   5.50E-05   1.34E-04   6.59E-05   8.02E-05   5.70E-04   7.69E-07
 4.08E+06   7.63E-06   6.46E-03   6.17E-05   1.50E-04   7.55E-05   9.00E-05   6.28E-04   7.69E-07
 4.22E+06   8.95E-06   6.47E-03   6.71E-05   1.64E-04   8.41E-05   9.83E-05   6.83E-04   7.70E-07
 4.38E+06   1.01E-05   6.48E-03   7.14E-05   1.75E-04   9.16E-05   1.05E-04   7.31E-04   7.70E-07
 4.52E+06   1.11E-05   6.48E-03   7.47E-05   1.84E-04   9.78E-05   1.11E-04   7.72E-04   7.70E-07
 4.68E+06   1.19E-05   6.49E-03   7.73E-05   1.92E-04   1.03E-04   1.15E-04   8.05E-04   7.70E-07
 4.82E+06   1.25E-05   6.49E-03   7.92E-05   1.97E-04   1.07E-04   1.19E-04   8.31E-04   7.70E-07
 4.98E+06   1.30E-05   6.49E-03   8.07E-05   2.02E-04   1.10E-04   1.22E-04   8.51E-04   7.70E-07
 5.12E+06   1.34E-05   6.50E-03   8.18E-05   2.06E-04   1.13E-04   1.24E-04   8.66E-04   7.70E-07
 5.28E+06   1.37E-05   6.50E-03   8.26E-05   2.09E-04   1.15E-04   1.26E-04   8.77E-04   7.70E-07
 5.42E+06   1.39E-05   6.50E-03   8.33E-05   2.11E-04   1.17E-04   1.28E-04   8.85E-04   7.70E-07
 5.58E+06   1.41E-05   6.50E-03   8.38E-05   2.13E-04   1.18E-04   1.29E-04   8.90E-04   7.70E-07
 5.72E+06   1.43E-05   6.50E-03   8.42E-05   2.15E-04   1.19E-04   1.30E-04   8.94E-04   7.70E-07
 5.88E+06   1.44E-05   6.50E-03   8.44E-05   2.17E-04   1.20E-04   1.31E-04   8.97E-04   7.70E-07
 6.02E+06   1.45E-05   6.50E-03   8.47E-05   2.18E-04   1.21E-04   1.32E-04   8.99E-04   7.70E-07
 6.18E+06   1.46E-05   6.50E-03   8.48E-05   2.19E-04   1.21E-04   1.33E-04   9.00E-04   7.70E-07
 6.32E+06   1.47E-05   6.50E-03   8.50E-05   2.20E-04   1.22E-04   1.33E-04   9.01E-04   7.70E-07
 6.48E+06   1.47E-05   6.50E-03   8.51E-05   2.20E-04   1.22E-04   1.34E-04   9.02E-04   7.71E-07
 6.62E+06   1.48E-05   6.50E-03   8.51E-05   2.21E-04   1.23E-04   1.34E-04   9.02E-04   7.71E-07
 6.78E+06   1.49E-05   6.50E-03   8.52E-05   2.21E-04   1.23E-04   1.35E-04   9.03E-04   7.71E-07
 6.92E+06   1.49E-05   6.50E-03   8.52E-05   2.22E-04   1.24E-04   1.35E-04   9.03E-04   7.71E-07
 7.08E+06   1.50E-05   6.50E-03   8.53E-05   2.22E-04   1.24E-04   1.36E-04   9.03E-04   7.71E-07
 7.22E+06   1.52E-05   6.50E-03   8.53E-05   2.23E-04   1.25E-04   1.36E-04   9.03E-04   7.71E-07
 7.38E+06   1.53E-05   6.50E-03   8.53E-05   2.23E-04   1.25E-04   1.37E-04   9.03E-04   7.71E-07
 7.52E+06   1.55E-05   6.50E-03   8.54E-05   2.23E-04   1.26E-04   1.38E-04   9.03E-04   7.71E-07
 7.68E+06   1.57E-05   6.50E-03   8.54E-05   2.23E-04   1.26E-04   1.38E-04   9.03E-04   7.71E-07
 7.82E+06   1.59E-05   6.50E-03   8.54E-05   2.24E-04   1.27E-04   1.39E-04   9.03E-04   7.71E-07
 7.98E+06   1.61E-05   6.50E-03   8.54E-05   2.24E-04   1.28E-04   1.40E-04   9.03E-04   7.71E-07
 8.12E+06   1.64E-05   6.50E-03   8.54E-05   2.24E-04   1.28E-04   1.41E-04   9.03E-04   7.71E-07
 8.28E+06   1.66E-05   6.50E-03   8.54E-05   2.24E-04   1.29E-04   1.42E-04   9.03E-04   7.71E-07
 8.42E+06   1.68E-05   6.50E-03   8.54E-05   2.24E-04   1.30E-04   1.42E-04   9.03E-04   7.71E-07
 8.58E+06   1.71E-05   6.50E-03   8.54E-05   2.24E-04   1.30E-04   1.43E-04   9.03E-04   7.71E-07
 8.72E+06   1.73E-05   6.50E-03   8.54E-05   2.24E-04   1.31E-04   1.44E-04   9.03E-04   7.71E-07
 8.88E+06   1.75E-05   6.51E-03   8.54E-05   2.25E-04   1.32E-04   1.45E-04   9.03E-04   7.71E-07
 9.02E+06   1.78E-05   6.51E-03   8.54E-05   2.25E-04   1.32E-04   1.46E-04   9.03E-04   7.71E-07
 9.18E+06   1.81E-05   6.51E-03   8.54E-05   2.25E-04   1.33E-04   1.46E-04   9.03E-04   7.71E-07
 9.32E+06   1.84E-05   6.51E-03   8.54E-05   2.25E-04   1.34E-04   1.47E-04   9.03E-04   7.71E-07
 9.48E+06   1.87E-05   6.51E-03   8.54E-05   2.25E-04   1.34E-04   1.48E-04   9.03E-04   7.71E-07
 9.62E+06   1.91E-05   6.51E-03   8.54E-05   2.25E-04   1.35E-04   1.49E-04   9.03E-04   7.71E-07
 9.78E+06   1.97E-05   6.51E-03   8.54E-05   2.25E-04   1.36E-04   1.50E-04   9.03E-04   7.71E-07
 9.92E+06   2.06E-05   6.51E-03   8.54E-05   2.25E-04   1.37E-04   1.50E-04   9.04E-04   7.71E-07

     Z      PS2        PS4        PS3        PS8L       PS8R       PS8        PSO3       PHSO       
 2.50E+04   2.80E-05   1.15E-01   5.34E-01   0.00E+00   0.00E+00   7.60E-14   6.45E-08   4.93E-20
 1.75E+05   3.30E-05   1.19E-01   5.74E-01   0.00E+00   0.00E+00   1.07E-13   7.52E-08   3.97E-18
 3.25E+05   3.76E-05   1.22E-01   6.09E-01   0.00E+00   0.00E+00   1.45E-13   8.48E-08   2.12E-16
 4.75E+05   4.18E-05   1.26E-01   6.41E-01   0.00E+00   0.00E+00   1.94E-13   9.37E-08   7.03E-15
 6.25E+05   4.57E-05   1.28E-01   6.70E-01   0.00E+00   0.00E+00   2.55E-13   1.02E-07   1.50E-13
 7.75E+05   4.94E-05   1.31E-01   6.96E-01   0.00E+00   0.00E+00   3.32E-13   1.09E-07   2.14E-12
 9.25E+05   5.28E-05   1.33E-01   7.19E-01   0.00E+00   0.00E+00   4.32E-13   1.16E-07   2.15E-11
 1.08E+06   5.60E-05   1.36E-01   7.39E-01   0.00E+00   0.00E+00   5.69E-13   1.22E-07   1.57E-10
 1.22E+06   5.88E-05   1.37E-01   7.57E-01   0.00E+00   0.00E+00   7.59E-13   1.28E-07   8.10E-10
 1.38E+06   6.16E-05   1.39E-01   7.74E-01   0.00E+00   0.00E+00   1.01E-12   1.34E-07   3.17E-09
 1.52E+06   6.47E-05   1.41E-01   7.89E-01   0.00E+00   0.00E+00   1.35E-12   1.40E-07   1.03E-08
 1.68E+06   6.84E-05   1.43E-01   8.02E-01   0.00E+00   0.00E+00   1.81E-12   1.49E-07   2.98E-08
 1.82E+06   7.29E-05   1.45E-01   8.13E-01   0.00E+00   0.00E+00   2.41E-12   1.62E-07   7.90E-08
 1.98E+06   7.85E-05   1.46E-01   8.22E-01   0.00E+00   0.00E+00   3.20E-12   1.84E-07   1.95E-07
 2.12E+06   8.55E-05   1.47E-01   8.28E-01   0.00E+00   0.00E+00   4.27E-12   2.24E-07   4.50E-07
 2.28E+06   9.42E-05   1.47E-01   8.33E-01   0.00E+00   0.00E+00   5.69E-12   2.98E-07   9.73E-07
 2.42E+06   1.05E-04   1.48E-01   8.36E-01   0.00E+00   0.00E+00   7.61E-12   4.27E-07   1.97E-06
 2.58E+06   1.18E-04   1.48E-01   8.39E-01   0.00E+00   0.00E+00   1.02E-11   6.43E-07   3.76E-06
 2.72E+06   1.34E-04   1.49E-01   8.41E-01   0.00E+00   0.00E+00   1.37E-11   9.83E-07   6.75E-06
 2.88E+06   1.54E-04   1.49E-01   8.43E-01   0.00E+00   0.00E+00   1.85E-11   1.49E-06   1.14E-05
 3.02E+06   1.78E-04   1.49E-01   8.44E-01   0.00E+00   0.00E+00   2.51E-11   2.18E-06   1.83E-05
 3.18E+06   2.06E-04   1.49E-01   8.45E-01   0.00E+00   0.00E+00   3.40E-11   3.08E-06   2.79E-05
 3.32E+06   2.37E-04   1.49E-01   8.46E-01   0.00E+00   0.00E+00   4.62E-11   4.17E-06   4.06E-05
 3.48E+06   2.72E-04   1.49E-01   8.46E-01   0.00E+00   0.00E+00   6.27E-11   5.44E-06   5.65E-05
 3.62E+06   3.08E-04   1.50E-01   8.47E-01   0.00E+00   0.00E+00   8.48E-11   6.85E-06   7.58E-05
 3.78E+06   3.45E-04   1.50E-01   8.47E-01   0.00E+00   0.00E+00   1.14E-10   8.38E-06   9.86E-05
 3.92E+06   3.82E-04   1.50E-01   8.47E-01   0.00E+00   0.00E+00   1.53E-10   9.99E-06   1.24E-04
 4.08E+06   4.17E-04   1.50E-01   8.47E-01   0.00E+00   0.00E+00   2.05E-10   1.16E-05   1.51E-04
 4.22E+06   4.48E-04   1.50E-01   8.48E-01   0.00E+00   0.00E+00   2.72E-10   1.32E-05   1.78E-04
 4.38E+06   4.74E-04   1.50E-01   8.48E-01   0.00E+00   0.00E+00   3.57E-10   1.47E-05   2.03E-04
 4.52E+06   4.96E-04   1.50E-01   8.48E-01   0.00E+00   0.00E+00   4.61E-10   1.60E-05   2.24E-04
 4.68E+06   5.13E-04   1.50E-01   8.48E-01   0.00E+00   0.00E+00   5.89E-10   1.71E-05   2.42E-04
 4.82E+06   5.27E-04   1.50E-01   8.48E-01   0.00E+00   0.00E+00   7.43E-10   1.80E-05   2.56E-04
 4.98E+06   5.37E-04   1.50E-01   8.48E-01   0.00E+00   0.00E+00   9.31E-10   1.87E-05   2.68E-04
 5.12E+06   5.44E-04   1.50E-01   8.48E-01   0.00E+00   0.00E+00   1.16E-09   1.93E-05   2.76E-04
 5.28E+06   5.49E-04   1.50E-01   8.48E-01   0.00E+00   0.00E+00   1.43E-09   1.98E-05   2.83E-04
 5.42E+06   5.53E-04   1.50E-01   8.48E-01   0.00E+00   0.00E+00   1.77E-09   2.01E-05   2.88E-04
 5.58E+06   5.56E-04   1.50E-01   8.48E-01   0.00E+00   0.00E+00   2.18E-09   2.04E-05   2.91E-04
 5.72E+06   5.58E-04   1.50E-01   8.48E-01   0.00E+00   0.00E+00   2.68E-09   2.06E-05   2.94E-04
 5.88E+06   5.59E-04   1.50E-01   8.48E-01   0.00E+00   0.00E+00   3.29E-09   2.08E-05   2.96E-04
 6.02E+06   5.60E-04   1.50E-01   8.48E-01   0.00E+00   0.00E+00   4.05E-09   2.09E-05   2.98E-04
 6.18E+06   5.61E-04   1.50E-01   8.48E-01   0.00E+00   0.00E+00   4.99E-09   2.11E-05   2.99E-04
 6.32E+06   5.62E-04   1.50E-01   8.48E-01   0.00E+00   0.00E+00   6.16E-09   2.12E-05   3.00E-04
 6.48E+06   5.62E-04   1.50E-01   8.48E-01   0.00E+00   0.00E+00   7.60E-09   2.12E-05   3.01E-04
 6.62E+06   5.62E-04   1.50E-01   8.48E-01   0.00E+00   0.00E+00   9.40E-09   2.13E-05   3.01E-04
 6.78E+06   5.62E-04   1.50E-01   8.48E-01   0.00E+00   0.00E+00   1.16E-08   2.14E-05   3.02E-04
 6.92E+06   5.62E-04   1.50E-01   8.48E-01   0.00E+00   0.00E+00   1.44E-08   2.15E-05   3.02E-04
 7.08E+06   5.62E-04   1.50E-01   8.48E-01   0.00E+00   0.00E+00   1.80E-08   2.15E-05   3.02E-04
 7.22E+06   5.62E-04   1.50E-01   8.48E-01   0.00E+00   0.00E+00   2.24E-08   2.16E-05   3.03E-04
 7.38E+06   5.62E-04   1.50E-01   8.48E-01   0.00E+00   0.00E+00   2.80E-08   2.16E-05   3.03E-04
 7.52E+06   5.62E-04   1.50E-01   8.48E-01   0.00E+00   0.00E+00   3.51E-08   2.17E-05   3.03E-04
 7.68E+06   5.62E-04   1.50E-01   8.48E-01   0.00E+00   0.00E+00   4.40E-08   2.18E-05   3.04E-04
 7.82E+06   5.62E-04   1.50E-01   8.48E-01   0.00E+00   0.00E+00   5.52E-08   2.18E-05   3.04E-04
 7.98E+06   5.62E-04   1.50E-01   8.48E-01   0.00E+00   0.00E+00   6.92E-08   2.19E-05   3.04E-04
 8.12E+06   5.63E-04   1.50E-01   8.48E-01   0.00E+00   0.00E+00   8.68E-08   2.20E-05   3.04E-04
 8.28E+06   5.63E-04   1.50E-01   8.48E-01   0.00E+00   0.00E+00   1.09E-07   2.20E-05   3.05E-04
 8.42E+06   5.63E-04   1.50E-01   8.48E-01   0.00E+00   0.00E+00   1.36E-07   2.21E-05   3.05E-04
 8.58E+06   5.63E-04   1.50E-01   8.48E-01   0.00E+00   0.00E+00   1.71E-07   2.22E-05   3.05E-04
 8.72E+06   5.63E-04   1.50E-01   8.48E-01   0.00E+00   0.00E+00   2.14E-07   2.22E-05   3.06E-04
 8.88E+06   5.63E-04   1.50E-01   8.48E-01   0.00E+00   0.00E+00   2.68E-07   2.23E-05   3.06E-04
 9.02E+06   5.63E-04   1.50E-01   8.48E-01   0.00E+00   0.00E+00   3.36E-07   2.24E-05   3.06E-04
 9.18E+06   5.63E-04   1.50E-01   8.48E-01   0.00E+00   0.00E+00   4.20E-07   2.24E-05   3.06E-04
 9.32E+06   5.63E-04   1.50E-01   8.48E-01   0.00E+00   0.00E+00   5.26E-07   2.25E-05   3.07E-04
 9.48E+06   5.63E-04   1.50E-01   8.48E-01   0.00E+00   0.00E+00   6.57E-07   2.26E-05   3.07E-04
 9.62E+06   5.63E-04   1.50E-01   8.48E-01   0.00E+00   0.00E+00   8.20E-07   2.27E-05   3.07E-04
 9.78E+06   5.63E-04   1.50E-01   8.48E-01   0.00E+00   0.00E+00   1.02E-06   2.28E-05   3.07E-04
 9.92E+06   5.63E-04   1.50E-01   8.48E-01   0.00E+00   0.00E+00   1.28E-06   2.32E-05   3.07E-04

     Z      POCS       PNO3_NO    PNO3_NO2   PN2O       PHO2NO2_NO2PHO2NO2_NO3PN2O5_NO2  PN2O5_NO   
 2.50E+04   9.91E-12   1.06E-02   8.31E-02   6.00E-23   1.49E-06   3.72E-07   3.06E-10   9.97E-06
 1.75E+05   1.18E-11   1.08E-02   8.46E-02   5.92E-21   1.73E-06   4.33E-07   3.83E-10   1.14E-05
 3.25E+05   1.36E-11   1.10E-02   8.59E-02   3.93E-19   1.95E-06   4.89E-07   4.59E-10   1.27E-05
 4.75E+05   1.53E-11   1.12E-02   8.69E-02   1.54E-17   2.16E-06   5.39E-07   5.38E-10   1.39E-05
 6.25E+05   1.68E-11   1.14E-02   8.76E-02   3.59E-16   2.34E-06   5.86E-07   6.20E-10   1.50E-05
 7.75E+05   1.83E-11   1.15E-02   8.80E-02   5.36E-15   2.51E-06   6.29E-07   7.10E-10   1.60E-05
 9.25E+05   2.01E-11   1.17E-02   8.82E-02   5.49E-14   2.67E-06   6.68E-07   8.28E-10   1.69E-05
 1.08E+06   2.40E-11   1.19E-02   8.86E-02   4.09E-13   2.82E-06   7.04E-07   1.10E-09   1.77E-05
 1.22E+06   3.69E-11   1.20E-02   8.95E-02   2.20E-12   2.95E-06   7.37E-07   2.05E-09   1.84E-05
 1.38E+06   7.89E-11   1.21E-02   9.05E-02   8.94E-12   3.07E-06   7.68E-07   5.29E-09   1.91E-05
 1.52E+06   2.02E-10   1.23E-02   9.17E-02   2.99E-11   3.21E-06   8.02E-07   1.50E-08   1.97E-05
 1.68E+06   5.37E-10   1.24E-02   9.29E-02   8.77E-11   3.36E-06   8.41E-07   4.13E-08   2.04E-05
 1.82E+06   1.40E-09   1.26E-02   9.40E-02   2.33E-10   3.56E-06   8.91E-07   1.07E-07   2.11E-05
 1.98E+06   3.50E-09   1.27E-02   9.49E-02   5.73E-10   3.83E-06   9.60E-07   2.60E-07   2.18E-05
 2.12E+06   8.40E-09   1.27E-02   9.57E-02   1.30E-09   4.22E-06   1.06E-06   5.89E-07   2.27E-05
 2.28E+06   1.92E-08   1.28E-02   9.63E-02   2.76E-09   4.82E-06   1.22E-06   1.25E-06   2.36E-05
 2.42E+06   4.16E-08   1.29E-02   9.69E-02   5.42E-09   5.76E-06   1.47E-06   2.46E-06   2.46E-05
 2.58E+06   8.60E-08   1.29E-02   9.74E-02   9.92E-09   7.18E-06   1.85E-06   4.55E-06   2.58E-05
 2.72E+06   1.70E-07   1.29E-02   9.79E-02   1.69E-08   9.30E-06   2.43E-06   7.87E-06   2.72E-05
 2.88E+06   3.19E-07   1.29E-02   9.84E-02   2.69E-08   1.23E-05   3.25E-06   1.28E-05   2.88E-05
 3.02E+06   5.72E-07   1.30E-02   9.89E-02   4.03E-08   1.64E-05   4.36E-06   1.95E-05   3.06E-05
 3.18E+06   9.78E-07   1.30E-02   9.94E-02   5.70E-08   2.17E-05   5.79E-06   2.82E-05   3.27E-05
 3.32E+06   1.59E-06   1.30E-02   9.99E-02   7.67E-08   2.81E-05   7.54E-06   3.87E-05   3.49E-05
 3.48E+06   2.48E-06   1.30E-02   1.00E-01   9.86E-08   3.58E-05   9.61E-06   5.08E-05   3.73E-05
 3.62E+06   3.69E-06   1.30E-02   1.01E-01   1.22E-07   4.48E-05   1.20E-05   6.45E-05   3.99E-05
 3.78E+06   5.25E-06   1.30E-02   1.01E-01   1.46E-07   5.52E-05   1.48E-05   7.96E-05   4.27E-05
 3.92E+06   7.13E-06   1.30E-02   1.02E-01   1.70E-07   6.76E-05   1.81E-05   9.63E-05   4.57E-05
 4.08E+06   9.22E-06   1.30E-02   1.02E-01   1.93E-07   8.20E-05   2.18E-05   1.14E-04   4.88E-05
 4.22E+06   1.13E-05   1.30E-02   1.02E-01   2.12E-07   9.80E-05   2.60E-05   1.33E-04   5.20E-05
 4.38E+06   1.33E-05   1.30E-02   1.02E-01   2.29E-07   1.14E-04   3.02E-05   1.52E-04   5.51E-05
 4.52E+06   1.50E-05   1.30E-02   1.02E-01   2.42E-07   1.30E-04   3.41E-05   1.69E-04   5.79E-05
 4.68E+06   1.64E-05   1.30E-02   1.02E-01   2.54E-07   1.43E-04   3.76E-05   1.84E-04   6.02E-05
 4.82E+06   1.76E-05   1.30E-02   1.02E-01   2.63E-07   1.54E-04   4.06E-05   1.97E-04   6.21E-05
 4.98E+06   1.84E-05   1.30E-02   1.01E-01   2.72E-07   1.63E-04   4.29E-05   2.07E-04   6.36E-05
 5.12E+06   1.91E-05   1.30E-02   1.01E-01   2.80E-07   1.70E-04   4.48E-05   2.16E-04   6.47E-05
 5.28E+06   1.96E-05   1.30E-02   1.01E-01   2.88E-07   1.76E-04   4.62E-05   2.22E-04   6.55E-05
 5.42E+06   2.00E-05   1.30E-02   1.01E-01   2.95E-07   1.80E-04   4.73E-05   2.27E-04   6.61E-05
 5.58E+06   2.02E-05   1.30E-02   1.01E-01   3.01E-07   1.83E-04   4.81E-05   2.31E-04   6.66E-05
 5.72E+06   2.04E-05   1.30E-02   1.01E-01   3.08E-07   1.85E-04   4.87E-05   2.35E-04   6.69E-05
 5.88E+06   2.06E-05   1.30E-02   1.00E-01   3.13E-07   1.87E-04   4.92E-05   2.37E-04   6.71E-05
 6.02E+06   2.07E-05   1.30E-02   1.00E-01   3.19E-07   1.88E-04   4.96E-05   2.40E-04   6.72E-05
 6.18E+06   2.07E-05   1.30E-02   1.00E-01   3.23E-07   1.89E-04   4.99E-05   2.41E-04   6.74E-05
 6.32E+06   2.08E-05   1.30E-02   9.98E-02   3.28E-07   1.90E-04   5.01E-05   2.43E-04   6.74E-05
 6.48E+06   2.09E-05   1.31E-02   9.96E-02   3.33E-07   1.90E-04   5.02E-05   2.44E-04   6.75E-05
 6.62E+06   2.09E-05   1.31E-02   9.94E-02   3.38E-07   1.91E-04   5.04E-05   2.46E-04   6.75E-05
 6.78E+06   2.09E-05   1.31E-02   9.92E-02   3.44E-07   1.91E-04   5.05E-05   2.47E-04   6.75E-05
 6.92E+06   2.10E-05   1.31E-02   9.90E-02   3.53E-07   1.91E-04   5.05E-05   2.48E-04   6.75E-05
 7.08E+06   2.10E-05   1.31E-02   9.88E-02   3.67E-07   1.91E-04   5.06E-05   2.49E-04   6.75E-05
 7.22E+06   2.11E-05   1.31E-02   9.86E-02   3.87E-07   1.91E-04   5.06E-05   2.50E-04   6.75E-05
 7.38E+06   2.13E-05   1.31E-02   9.84E-02   4.15E-07   1.91E-04   5.07E-05   2.52E-04   6.76E-05
 7.52E+06   2.14E-05   1.31E-02   9.84E-02   4.53E-07   1.92E-04   5.07E-05   2.53E-04   6.76E-05
 7.68E+06   2.16E-05   1.31E-02   9.84E-02   4.95E-07   1.92E-04   5.07E-05   2.55E-04   6.76E-05
 7.82E+06   2.18E-05   1.31E-02   9.84E-02   5.41E-07   1.92E-04   5.07E-05   2.57E-04   6.76E-05
 7.98E+06   2.20E-05   1.31E-02   9.84E-02   5.89E-07   1.92E-04   5.07E-05   2.58E-04   6.76E-05
 8.12E+06   2.22E-05   1.31E-02   9.84E-02   6.37E-07   1.92E-04   5.08E-05   2.60E-04   6.76E-05
 8.28E+06   2.24E-05   1.31E-02   9.84E-02   6.84E-07   1.92E-04   5.08E-05   2.62E-04   6.76E-05
 8.42E+06   2.26E-05   1.31E-02   9.84E-02   7.32E-07   1.92E-04   5.08E-05   2.64E-04   6.76E-05
 8.58E+06   2.29E-05   1.31E-02   9.84E-02   7.83E-07   1.92E-04   5.08E-05   2.65E-04   6.76E-05
 8.72E+06   2.31E-05   1.31E-02   9.84E-02   8.41E-07   1.92E-04   5.08E-05   2.67E-04   6.76E-05
 8.88E+06   2.34E-05   1.31E-02   9.84E-02   9.11E-07   1.92E-04   5.08E-05   2.69E-04   6.76E-05
 9.02E+06   2.37E-05   1.31E-02   9.84E-02   9.98E-07   1.92E-04   5.08E-05   2.71E-04   6.76E-05
 9.18E+06   2.41E-05   1.31E-02   9.84E-02   1.11E-06   1.92E-04   5.08E-05   2.73E-04   6.76E-05
 9.32E+06   2.46E-05   1.31E-02   9.84E-02   1.25E-06   1.92E-04   5.08E-05   2.75E-04   6.76E-05
 9.48E+06   2.53E-05   1.31E-02   9.84E-02   1.41E-06   1.92E-04   5.08E-05   2.77E-04   6.76E-05
 9.62E+06   2.63E-05   1.31E-02   9.84E-02   1.59E-06   1.92E-04   5.08E-05   2.80E-04   6.76E-05
 9.78E+06   2.79E-05   1.31E-02   9.84E-02   1.81E-06   1.92E-04   5.08E-05   2.83E-04   6.76E-05
 9.92E+06   3.16E-05   1.31E-02   9.84E-02   2.08E-06   1.92E-04   5.08E-05   2.89E-04   6.76E-05
 N =    1  EMAX = 2.74E-04 FOR H       AT Z = 1.08E+06 U = 1.95E-20 RHS = 5.33E-24  DT = 5.00E-06  TIME = 1.00E-06
 N =    2  EMAX = 4.60E-04 FOR H       AT Z = 1.08E+06 U = 1.95E-20 RHS = 8.95E-24  DT = 2.50E-05  TIME = 6.00E-06
 N =    3  EMAX = 3.10E-04 FOR O       AT Z = 1.08E+06 U = 1.47E-15 RHS = 4.57E-19  DT = 1.25E-04  TIME = 3.10E-05
 N =    4  EMAX = 7.08E-04 FOR O       AT Z = 1.08E+06 U = 1.47E-15 RHS = 1.04E-18  DT = 5.00E-04  TIME = 1.56E-04
 N =    5  EMAX = 4.91E-04 FOR O       AT Z = 1.08E+06 U = 1.47E-15 RHS = 7.23E-19  DT = 2.50E-03  TIME = 6.56E-04
 N =    6  EMAX = 1.55E-04 FOR SO3     AT Z = 6.25E+05 U = 6.34E-19 RHS =-9.84E-23  DT = 1.25E-02  TIME = 3.16E-03
 N =    7  EMAX = 4.28E-04 FOR SO3     AT Z = 1.02E+06 U = 9.45E-17 RHS =-4.04E-20  DT = 6.25E-02  TIME = 1.57E-02
 N =    8  EMAX = 1.64E-03 FOR SO3     AT Z = 1.02E+06 U = 9.44E-17 RHS =-1.55E-19  DT = 1.88E-01  TIME = 7.82E-02
 N =    9  EMAX = 2.58E-03 FOR SO3     AT Z = 1.02E+06 U = 9.43E-17 RHS =-2.44E-19  DT = 5.62E-01  TIME = 2.66E-01
 N =   10  EMAX = 2.08E-03 FOR SO3     AT Z = 1.02E+06 U = 9.40E-17 RHS =-1.96E-19  DT = 1.69E+00  TIME = 8.28E-01
 N =   11  EMAX = 9.96E-04 FOR SO3     AT Z = 1.12E+06 U = 2.40E-16 RHS = 2.39E-19  DT = 6.75E+00  TIME = 2.52E+00
 N =   12  EMAX = 1.02E-03 FOR SO3     AT Z = 1.82E+06 U = 2.08E-15 RHS =-2.13E-18  DT = 2.02E+01  TIME = 9.27E+00
 N =   13  EMAX = 1.08E-03 FOR SO3     AT Z = 2.08E+06 U = 1.33E-15 RHS =-1.43E-18  DT = 6.08E+01  TIME = 2.95E+01
 N =   14  EMAX = 1.07E-03 FOR SO3     AT Z = 2.32E+06 U = 7.01E-16 RHS =-7.47E-19  DT = 1.82E+02  TIME = 9.03E+01
 N =   15  EMAX = 1.04E-03 FOR SO3     AT Z = 2.52E+06 U = 4.34E-16 RHS =-4.51E-19  DT = 5.47E+02  TIME = 2.73E+02
 N =   16  EMAX = 9.87E-04 FOR SO3     AT Z = 2.78E+06 U = 2.34E-16 RHS =-2.31E-19  DT = 2.19E+03  TIME = 8.19E+02
 N =   17  EMAX = 1.06E-03 FOR SO3     AT Z = 3.02E+06 U = 1.36E-16 RHS =-1.45E-19  DT = 6.56E+03  TIME = 3.01E+03
 N =   18  EMAX = 1.83E-03 FOR H2O     AT Z = 1.12E+06 U = 5.10E-06 RHS = 9.34E-09  DT = 1.97E+04  TIME = 9.57E+03
 N =   19  EMAX = 3.07E-03 FOR H2O     AT Z = 1.12E+06 U = 5.11E-06 RHS = 1.57E-08  DT = 5.90E+04  TIME = 2.93E+04
 N =   20  EMAX = 2.84E-03 FOR H2O     AT Z = 1.12E+06 U = 5.13E-06 RHS = 1.46E-08  DT = 1.77E+05  TIME = 8.83E+04
 N =   21  EMAX = 1.29E-03 FOR H2O     AT Z = 1.18E+06 U = 4.35E-06 RHS = 5.63E-09  DT = 5.31E+05  TIME = 2.65E+05
 N =   22  EMAX = 7.67E-04 FOR H2O     AT Z = 1.28E+06 U = 4.14E-06 RHS = 3.17E-09  DT = 2.13E+06  TIME = 7.97E+05
 N =   23  EMAX = 8.77E-04 FOR H2O     AT Z = 1.38E+06 U = 4.16E-06 RHS = 3.64E-09  DT = 8.50E+06  TIME = 2.92E+06
 N =   24  EMAX = 2.02E-03 FOR H2S     AT Z = 1.92E+06 U = 3.75E-20 RHS =-7.56E-23  DT = 2.55E+07  TIME = 1.14E+07
 N =   25  EMAX = 2.69E-03 FOR H2S     AT Z = 1.98E+06 U = 1.28E-20 RHS =-3.43E-23  DT = 7.65E+07  TIME = 3.69E+07
 N =   26  EMAX = 3.05E-03 FOR SO      AT Z = 7.88E+06 U = 3.63E-16 RHS =-1.11E-18  DT = 2.30E+08  TIME = 1.13E+08
 N =   27  EMAX = 4.24E-03 FOR SO      AT Z = 7.88E+06 U = 3.61E-16 RHS =-1.53E-18  DT = 4.59E+08  TIME = 3.43E+08
 N =   28  EMAX = 2.19E-03 FOR SO3     AT Z = 8.12E+06 U = 4.24E-19 RHS =-9.30E-22  DT = 1.38E+09  TIME = 8.02E+08
 N =   29  EMAX = 6.93E-04 FOR SO3     AT Z = 8.12E+06 U = 4.23E-19 RHS =-2.93E-22  DT = 5.51E+09  TIME = 2.18E+09
 N =   30  EMAX = 1.26E-04 FOR H2SO4   AT Z = 2.92E+06 U = 2.09E-13 RHS =-2.63E-17  DT = 2.75E+10  TIME = 7.69E+09
 N =   31  EMAX = 1.47E-05 FOR H       AT Z = 3.98E+06 U = 6.06E-14 RHS = 8.89E-19  DT = 1.38E+11  TIME = 3.52E+10
 N =   32  EMAX = 3.47E-06 FOR CO2     AT Z = 3.22E+06 U = 2.03E-04 RHS = 7.04E-10  DT = 6.89E+11  TIME = 1.73E+11
 N =   33  EMAX = 6.07E-07 FOR H       AT Z = 3.92E+06 U = 4.15E-14 RHS = 2.52E-20  DT = 3.44E+12  TIME = 8.62E+11
 N =   34  EMAX = 2.19E-07 FOR SO4AER  AT Z = 2.98E+06 U = 9.58E-10 RHS =-2.09E-16  DT = 1.72E+13  TIME = 4.31E+12
 N =   35  EMAX = 9.77E-08 FOR SO4AER  AT Z = 3.12E+06 U = 7.81E-10 RHS =-7.63E-17  DT = 8.61E+13  TIME = 2.15E+13
 N =   36  EMAX = 6.26E-08 FOR SO4AER  AT Z = 4.98E+06 U = 2.60E-11 RHS = 1.63E-18  DT = 4.30E+14  TIME = 1.08E+14
 N =   37  EMAX = 8.39E-09 FOR H2S     AT Z = 1.98E+06 U = 1.27E-20 RHS =-1.07E-28  DT = 2.15E+15  TIME = 5.38E+14
 N =   38  EMAX = 1.19E-08 FOR SO4AER  AT Z = 3.12E+06 U = 7.81E-10 RHS =-9.32E-18  DT = 1.08E+16  TIME = 2.69E+15
 N =   39  EMAX = 1.79E-09 FOR SO4AER  AT Z = 2.88E+06 U = 1.11E-09 RHS = 1.99E-18  DT = 5.38E+16  TIME = 1.35E+16
 N =   40  EMAX = 1.41E-09 FOR SO4AER  AT Z = 4.98E+06 U = 2.60E-11 RHS = 3.68E-20  DT = 2.69E+17  TIME = 6.73E+16
 N =   41  EMAX = 3.94E-10 FOR SO4AER  AT Z = 2.98E+06 U = 9.58E-10 RHS =-3.77E-19  DT = 1.35E+18  TIME = 3.36E+17

 ENERGY FLUXES IN W/m2/nm (NOT DIURNALLY AVERAGED)

  L   WAV      TAUR      EFLUX     GFLUX     S(1)
   1 1177.2  1.027E+02 5.413E-05 0.000E+00 0.000E+00
   2 1178.6  1.020E+02 4.768E-05 0.000E+00 0.000E+00
   3 1179.9  1.014E+02 4.123E-05 0.000E+00 0.000E+00
   4 1181.3  1.008E+02 3.455E-05 0.000E+00 0.000E+00
   5 1182.7  1.001E+02 2.786E-05 0.000E+00 0.000E+00
   6 1184.1  9.949E+01 2.117E-05 0.000E+00 0.000E+00
   7 1185.5  9.886E+01 1.899E-05 0.000E+00 0.000E+00
   8 1186.9  9.823E+01 2.442E-05 0.000E+00 0.000E+00
   9 1188.3  9.761E+01 3.017E-05 0.000E+00 0.000E+00
  10 1189.8  9.695E+01 3.593E-05 0.000E+00 0.000E+00
  11 1191.2  9.634E+01 4.149E-05 0.000E+00 0.000E+00
  12 1192.6  9.573E+01 4.704E-05 0.000E+00 0.000E+00
  13 1194.0  9.513E+01 5.260E-05 0.000E+00 0.000E+00
  14 1195.5  9.453E+01 5.608E-05 0.000E+00 0.000E+00
  15 1196.9  9.389E+01 5.512E-05 0.000E+00 0.000E+00
  16 1198.3  9.331E+01 5.891E-05 0.000E+00 0.000E+00
  17 1199.8  9.272E+01 6.400E-05 0.000E+00 0.000E+00
  18 1201.2  9.210E+01 5.848E-05 0.000E+00 0.000E+00
  19 1202.7  9.153E+01 5.851E-05 0.000E+00 0.000E+00
  20 1204.1  9.092E+01 1.550E-04 0.000E+00 0.000E+00
  21 1205.5  9.035E+01 3.814E-04 0.000E+00 0.000E+00
  22 1207.0  8.975E+01 3.958E-04 0.000E+00 0.000E+00
  23 1208.5  8.920E+01 1.820E-04 0.000E+00 0.000E+00
  24 1210.0  8.861E+01 1.014E-04 0.000E+00 0.000E+00
  25 1211.4  8.802E+01 2.778E-04 0.000E+00 0.000E+00
  26 1212.8  8.748E+01 4.063E-03 0.000E+00 0.000E+00
  27 1214.3  8.690E+01 1.837E-02 0.000E+00 0.000E+00
  28 1215.8  8.633E+01 2.550E-02 0.000E+00 0.000E+00
  29 1217.2  8.580E+01 1.269E-02 0.000E+00 0.000E+00
  30 1218.8  8.524E+01 1.953E-03 0.000E+00 0.000E+00
  31 1220.2  8.468E+01 2.304E-04 0.000E+00 0.000E+00
  32 1221.8  8.413E+01 9.415E-05 0.000E+00 0.000E+00
  33 1223.2  8.358E+01 6.190E-05 0.000E+00 0.000E+00
  34 1224.8  8.303E+01 4.859E-05 0.000E+00 0.000E+00
  35 1226.2  8.249E+01 4.298E-05 0.000E+00 0.000E+00
  36 1227.8  8.196E+01 4.077E-05 0.000E+00 0.000E+00
  37 1229.2  8.142E+01 3.730E-05 0.000E+00 0.000E+00
  38 1230.8  8.090E+01 3.304E-05 0.000E+00 0.000E+00
  39 1232.2  8.037E+01 3.085E-05 0.000E+00 0.000E+00
  40 1233.8  7.986E+01 3.007E-05 0.000E+00 0.000E+00
  41 1235.3  7.931E+01 3.114E-05 0.000E+00 0.000E+00
  42 1236.8  7.880E+01 4.785E-05 0.000E+00 0.000E+00
  43 1238.4  7.829E+01 6.985E-05 0.000E+00 0.000E+00
  44 1240.0  7.776E+01 5.861E-05 0.000E+00 0.000E+00
  45 1241.5  7.726E+01 4.901E-05 0.000E+00 0.000E+00
  46 1243.0  7.676E+01 4.753E-05 0.000E+00 0.000E+00
  47 1244.5  7.624E+01 3.176E-05 0.000E+00 0.000E+00
  48 1246.1  7.576E+01 2.375E-05 0.000E+00 0.000E+00
  49 1247.7  7.524E+01 2.316E-05 0.000E+00 0.000E+00
  50 1249.2  7.476E+01 2.327E-05 0.000E+00 0.000E+00
  51 1250.8  7.426E+01 2.382E-05 0.000E+00 0.000E+00
  52 1252.3  7.376E+01 2.661E-05 0.000E+00 0.000E+00
  53 1253.9  7.329E+01 3.071E-05 0.000E+00 0.000E+00
  54 1255.5  7.280E+01 3.062E-05 0.000E+00 0.000E+00
  55 1257.1  7.231E+01 3.412E-05 0.000E+00 0.000E+00
  56 1258.7  7.183E+01 4.922E-05 0.000E+00 0.000E+00
  57 1260.2  7.138E+01 5.734E-05 0.000E+00 0.000E+00
  58 1261.8  7.090E+01 4.188E-05 0.000E+00 0.000E+00
  59 1263.4  7.043E+01 5.704E-05 0.000E+00 0.000E+00
  60 1265.0  6.996E+01 8.211E-05 0.000E+00 0.000E+00
  61 1266.6  6.949E+01 5.035E-05 0.000E+00 0.000E+00
  62 1268.2  6.903E+01 2.200E-05 0.000E+00 0.000E+00
  63 1269.8  6.857E+01 1.766E-05 0.000E+00 0.000E+00
  64 1271.4  6.812E+01 1.748E-05 0.000E+00 0.000E+00
  65 1273.1  6.764E+01 2.007E-05 0.000E+00 0.000E+00
  66 1274.7  6.720E+01 2.742E-05 0.000E+00 0.000E+00
  67 1276.3  6.675E+01 3.156E-05 0.000E+00 0.000E+00
  68 1277.9  6.632E+01 3.090E-05 0.000E+00 0.000E+00
  69 1279.6  6.585E+01 2.813E-05 0.000E+00 0.000E+00
  70 1281.2  6.542E+01 2.158E-05 0.000E+00 0.000E+00
  71 1282.9  6.497E+01 1.577E-05 0.000E+00 0.000E+00
  72 1284.5  6.454E+01 1.463E-05 0.000E+00 0.000E+00
  73 1286.2  6.412E+01 1.767E-05 0.000E+00 0.000E+00
  74 1287.8  6.368E+01 2.579E-05 0.000E+00 0.000E+00
  75 1289.5  6.324E+01 2.603E-05 0.000E+00 0.000E+00
  76 1291.2  6.283E+01 1.933E-05 0.000E+00 0.000E+00
  77 1292.8  6.240E+01 1.789E-05 0.000E+00 0.000E+00
  78 1294.5  6.197E+01 2.386E-05 0.000E+00 0.000E+00
  79 1296.2  6.157E+01 2.750E-05 0.000E+00 0.000E+00
  80 1297.8  6.115E+01 3.032E-05 0.000E+00 0.000E+00
  81 1299.6  6.073E+01 6.221E-05 0.000E+00 0.000E+00
  82 1301.2  6.032E+01 1.605E-04 0.000E+00 0.000E+00
  83 1302.9  5.991E+01 2.341E-04 0.000E+00 0.000E+00
  84 1304.7  5.950E+01 3.161E-04 0.000E+00 0.000E+00
  85 1306.3  5.910E+01 2.521E-04 0.000E+00 0.000E+00
  86 1308.1  5.870E+01 9.567E-05 0.000E+00 0.000E+00
  87 1309.8  5.830E+01 5.384E-05 0.000E+00 0.000E+00
  88 1311.4  5.791E+01 3.787E-05 0.000E+00 0.000E+00
  89 1313.2  5.752E+01 2.660E-05 0.000E+00 0.000E+00
  90 1314.9  5.711E+01 2.578E-05 0.000E+00 0.000E+00
  91 1316.7  5.673E+01 3.090E-05 0.000E+00 0.000E+00
  92 1318.4  5.635E+01 3.087E-05 0.000E+00 0.000E+00
  93 1320.2  5.595E+01 2.333E-05 0.000E+00 0.000E+00
  94 1321.9  5.558E+01 1.999E-05 0.000E+00 0.000E+00
  95 1323.7  5.518E+01 2.261E-05 0.000E+00 0.000E+00
  96 1325.4  5.482E+01 2.198E-05 0.000E+00 0.000E+00
  97 1327.2  5.443E+01 2.565E-05 0.000E+00 0.000E+00
  98 1328.9  5.407E+01 3.306E-05 0.000E+00 0.000E+00
  99 1330.7  5.369E+01 3.243E-05 0.000E+00 0.000E+00
 100 1332.4  5.332E+01 1.605E-04 0.000E+00 0.000E+00
 101 1334.2  5.297E+01 5.537E-04 0.000E+00 0.000E+00
 102 1336.0  5.260E+01 5.056E-04 0.000E+00 0.000E+00
 103 1337.8  5.223E+01 1.145E-04 0.000E+00 0.000E+00
 104 1339.6  5.187E+01 2.202E-05 0.000E+00 0.000E+00
 105 1341.4  5.151E+01 2.130E-05 0.000E+00 0.000E+00
 106 1343.2  5.115E+01 2.151E-05 0.000E+00 0.000E+00
 107 1345.0  5.080E+01 2.168E-05 0.000E+00 0.000E+00
 108 1346.8  5.045E+01 2.256E-05 0.000E+00 0.000E+00
 109 1348.6  5.010E+01 2.619E-05 0.000E+00 0.000E+00
 110 1350.5  4.976E+01 3.956E-05 0.000E+00 0.000E+00
 111 1352.3  4.940E+01 4.245E-05 0.000E+00 0.000E+00
 112 1354.1  4.906E+01 4.974E-05 0.000E+00 0.000E+00
 113 1356.0  4.872E+01 6.151E-05 0.000E+00 0.000E+00
 114 1357.8  4.837E+01 5.111E-05 0.000E+00 0.000E+00
 115 1359.6  4.804E+01 4.212E-05 0.000E+00 0.000E+00
 116 1361.5  4.772E+01 3.367E-05 0.000E+00 0.000E+00
 117 1363.3  4.738E+01 3.233E-05 0.000E+00 0.000E+00
 118 1365.2  4.704E+01 3.022E-05 0.000E+00 0.000E+00
 119 1367.0  4.672E+01 2.976E-05 0.000E+00 0.000E+00
 120 1369.0  4.639E+01 3.424E-05 0.000E+00 0.000E+00
 121 1370.8  4.606E+01 3.814E-05 0.000E+00 0.000E+00
 122 1372.7  4.575E+01 3.609E-05 0.000E+00 0.000E+00
 123 1374.5  4.542E+01 3.130E-05 0.000E+00 0.000E+00
 124 1376.5  4.510E+01 2.991E-05 0.000E+00 0.000E+00
 125 1378.3  4.478E+01 3.258E-05 0.000E+00 0.000E+00
 126 1380.2  4.447E+01 3.565E-05 0.000E+00 0.000E+00
 127 1382.2  4.416E+01 3.438E-05 0.000E+00 0.000E+00
 128 1384.0  4.385E+01 3.249E-05 0.000E+00 0.000E+00
 129 1386.0  4.354E+01 3.416E-05 0.000E+00 0.000E+00
 130 1388.0  4.322E+01 3.596E-05 0.000E+00 0.000E+00
 131 1389.8  4.292E+01 4.015E-05 0.000E+00 0.000E+00
 132 1391.8  4.262E+01 1.225E-04 0.000E+00 0.000E+00
 133 1393.8  4.231E+01 2.103E-04 0.000E+00 0.000E+00
 134 1395.7  4.201E+01 1.132E-04 0.000E+00 0.000E+00
 135 1397.6  4.172E+01 4.745E-05 0.000E+00 0.000E+00
 136 1399.6  4.142E+01 6.685E-05 0.000E+00 0.000E+00
 137 1401.5  4.112E+01 1.299E-04 0.000E+00 0.000E+00
 138 1403.5  4.083E+01 1.288E-04 0.000E+00 0.000E+00
 139 1405.5  4.054E+01 6.890E-05 0.000E+00 0.000E+00
 140 1407.5  4.024E+01 4.960E-05 0.000E+00 0.000E+00
 141 1409.5  3.995E+01 4.897E-05 0.000E+00 0.000E+00
 142 1411.4  3.968E+01 5.215E-05 0.000E+00 0.000E+00
 143 1413.4  3.940E+01 5.092E-05 0.000E+00 0.000E+00
 144 1415.4  3.911E+01 4.986E-05 0.000E+00 0.000E+00
 145 1417.4  3.883E+01 5.040E-05 0.000E+00 0.000E+00
 146 1419.5  3.856E+01 4.958E-05 0.000E+00 0.000E+00
 147 1421.5  3.827E+01 5.019E-05 0.000E+00 0.000E+00
 148 1423.5  3.799E+01 5.965E-05 0.000E+00 0.000E+00
 149 1425.5  3.772E+01 6.274E-05 0.000E+00 0.000E+00
 150 1427.5  3.746E+01 5.269E-05 0.000E+00 0.000E+00
 151 1429.6  3.718E+01 5.402E-05 0.000E+00 0.000E+00
 152 1431.7  3.692E+01 6.567E-05 0.000E+00 0.000E+00
 153 1433.7  3.664E+01 6.713E-05 0.000E+00 0.000E+00
 154 1435.8  3.638E+01 6.111E-05 0.000E+00 0.000E+00
 155 1437.8  3.612E+01 5.862E-05 0.000E+00 0.000E+00
 156 1439.8  3.586E+01 5.711E-05 0.000E+00 0.000E+00
 157 1442.0  3.560E+01 5.829E-05 0.000E+00 0.000E+00
 158 1444.0  3.534E+01 6.098E-05 0.000E+00 0.000E+00
 159 1446.2  3.508E+01 6.205E-05 0.000E+00 0.000E+00
 160 1448.2  3.482E+01 5.994E-05 0.000E+00 0.000E+00
 161 1450.3  3.457E+01 5.957E-05 0.000E+00 0.000E+00
 162 1452.5  3.432E+01 6.227E-05 0.000E+00 0.000E+00
 163 1454.5  3.407E+01 6.600E-05 0.000E+00 0.000E+00
 164 1456.7  3.382E+01 6.589E-05 0.000E+00 0.000E+00
 165 1458.8  3.358E+01 6.696E-05 0.000E+00 0.000E+00
 166 1461.0  3.332E+01 6.926E-05 0.000E+00 0.000E+00
 167 1463.0  3.308E+01 7.491E-05 0.000E+00 0.000E+00
 168 1465.2  3.284E+01 7.765E-05 0.000E+00 0.000E+00
 169 1467.3  3.260E+01 8.866E-05 0.000E+00 0.000E+00
 170 1469.5  3.236E+01 8.868E-05 0.000E+00 0.000E+00
 171 1471.7  3.212E+01 1.093E-04 0.000E+00 0.000E+00
 172 1473.8  3.188E+01 1.260E-04 0.000E+00 0.000E+00
 173 1476.0  3.165E+01 9.189E-05 0.000E+00 0.000E+00
 174 1478.2  3.142E+01 7.718E-05 0.000E+00 0.000E+00
 175 1480.4  3.118E+01 9.513E-05 0.000E+00 0.000E+00
 176 1482.6  3.095E+01 1.090E-04 0.000E+00 0.000E+00
 177 1484.8  3.072E+01 9.774E-05 0.000E+00 0.000E+00
 178 1487.0  3.049E+01 9.585E-05 0.000E+00 0.000E+00
 179 1489.2  3.027E+01 8.629E-05 0.000E+00 0.000E+00
 180 1491.4  3.004E+01 8.798E-05 0.000E+00 0.000E+00
 181 1493.7  2.982E+01 9.053E-05 0.000E+00 0.000E+00
 182 1495.9  2.960E+01 8.783E-05 0.000E+00 0.000E+00
 183 1498.2  2.938E+01 9.003E-05 0.000E+00 0.000E+00
 184 1500.4  2.915E+01 9.779E-05 0.000E+00 0.000E+00
 185 1502.7  2.894E+01 9.895E-05 0.000E+00 0.000E+00
 186 1504.9  2.872E+01 9.643E-05 0.000E+00 0.000E+00
 187 1507.2  2.851E+01 9.797E-05 0.000E+00 0.000E+00
 188 1509.4  2.830E+01 1.057E-04 0.000E+00 0.000E+00
 189 1511.8  2.808E+01 1.091E-04 0.000E+00 0.000E+00
 190 1514.1  2.787E+01 1.031E-04 0.000E+00 0.000E+00
 191 1516.3  2.766E+01 1.031E-04 0.000E+00 0.000E+00
 192 1518.7  2.745E+01 1.035E-04 0.000E+00 0.000E+00
 193 1520.9  2.724E+01 1.071E-04 0.000E+00 0.000E+00
 194 1523.2  2.704E+01 1.179E-04 0.000E+00 0.000E+00
 195 1525.6  2.684E+01 1.600E-04 0.000E+00 0.000E+00
 196 1527.9  2.664E+01 1.577E-04 0.000E+00 0.000E+00
 197 1530.2  2.643E+01 1.299E-04 0.000E+00 0.000E+00
 198 1532.6  2.623E+01 1.766E-04 0.000E+00 0.000E+00
 199 1534.9  2.604E+01 1.678E-04 0.000E+00 0.000E+00
 200 1537.3  2.584E+01 1.354E-04 0.000E+00 0.000E+00
 201 1539.7  2.564E+01 1.384E-04 0.000E+00 0.000E+00
 202 1542.0  2.545E+01 1.408E-04 0.000E+00 0.000E+00
 203 1544.4  2.525E+01 1.459E-04 0.000E+00 0.000E+00
 204 1546.8  2.506E+01 3.516E-04 0.000E+00 0.000E+00
 205 1549.2  2.487E+01 4.828E-04 0.000E+00 0.000E+00
 206 1551.6  2.468E+01 2.998E-04 0.000E+00 0.000E+00
 207 1554.0  2.449E+01 1.518E-04 0.000E+00 0.000E+00
 208 1556.4  2.430E+01 1.538E-04 0.000E+00 0.000E+00
 209 1558.8  2.412E+01 2.564E-04 0.000E+00 0.000E+00
 210 1561.3  2.393E+01 2.890E-04 0.000E+00 0.000E+00
 211 1563.7  2.375E+01 1.903E-04 0.000E+00 0.000E+00
 212 1566.2  2.357E+01 1.711E-04 0.000E+00 0.000E+00
 213 1568.7  2.338E+01 1.946E-04 0.000E+00 0.000E+00
 214 1571.1  2.320E+01 1.993E-04 0.000E+00 0.000E+00
 215 1573.5  2.303E+01 2.187E-04 0.000E+00 0.000E+00
 216 1576.0  2.285E+01 2.004E-04 0.000E+00 0.000E+00
 217 1578.5  2.267E+01 1.707E-04 0.000E+00 0.000E+00
 218 1581.0  2.249E+01 1.771E-04 0.000E+00 0.000E+00
 219 1583.5  2.232E+01 1.776E-04 0.000E+00 0.000E+00
 220 1586.0  2.215E+01 1.916E-04 0.000E+00 0.000E+00
 221 1588.5  2.198E+01 1.992E-04 0.000E+00 0.000E+00
 222 1591.1  2.181E+01 1.891E-04 0.000E+00 0.000E+00
 223 1593.7  2.163E+01 1.969E-04 0.000E+00 0.000E+00
 224 1596.2  2.147E+01 1.861E-04 0.000E+00 0.000E+00
 225 1598.7  2.130E+01 1.789E-04 0.000E+00 0.000E+00
 226 1601.3  2.113E+01 2.093E-04 0.000E+00 0.000E+00
 227 1603.8  2.097E+01 2.073E-04 0.000E+00 0.000E+00
 228 1606.4  2.081E+01 2.038E-04 0.000E+00 0.000E+00
 229 1609.0  2.064E+01 2.312E-04 0.000E+00 0.000E+00
 230 1611.6  2.048E+01 2.644E-04 0.000E+00 0.000E+00
 231 1614.2  2.032E+01 2.544E-04 0.000E+00 0.000E+00
 232 1616.8  2.016E+01 2.298E-04 0.000E+00 0.000E+00
 233 1619.4  2.000E+01 2.476E-04 0.000E+00 0.000E+00
 234 1622.1  1.984E+01 2.793E-04 0.000E+00 0.000E+00
 235 1624.7  1.968E+01 2.934E-04 0.000E+00 0.000E+00
 236 1627.3  1.953E+01 2.898E-04 0.000E+00 0.000E+00
 237 1630.0  1.937E+01 2.857E-04 0.000E+00 0.000E+00
 238 1632.7  1.922E+01 3.076E-04 0.000E+00 0.000E+00
 239 1635.3  1.907E+01 3.009E-04 0.000E+00 0.000E+00
 240 1638.0  1.892E+01 3.555E-04 0.000E+00 0.000E+00
 241 1640.7  1.877E+01 4.226E-04 0.000E+00 0.000E+00
 242 1643.3  1.862E+01 3.455E-04 0.000E+00 0.000E+00
 243 1646.1  1.847E+01 3.101E-04 0.000E+00 0.000E+00
 244 1648.8  1.833E+01 3.060E-04 0.000E+00 0.000E+00
 245 1651.6  1.818E+01 2.994E-04 0.000E+00 0.000E+00
 246 1654.2  1.803E+01 4.522E-04 0.000E+00 0.000E+00
 247 1657.0  1.789E+01 8.233E-04 0.000E+00 0.000E+00
 248 1659.8  1.774E+01 5.530E-04 0.000E+00 0.000E+00
 249 1662.5  1.760E+01 3.785E-04 0.000E+00 0.000E+00
 250 1665.3  1.746E+01 3.720E-04 0.000E+00 0.000E+00
 251 1668.1  1.732E+01 3.955E-04 0.000E+00 0.000E+00
 252 1670.8  1.718E+01 4.912E-04 0.000E+00 0.000E+00
 253 1673.6  1.704E+01 4.275E-04 0.000E+00 0.000E+00
 254 1676.5  1.691E+01 4.123E-04 0.000E+00 0.000E+00
 255 1679.3  1.677E+01 4.218E-04 0.000E+00 0.000E+00
 256 1682.1  1.663E+01 4.298E-04 0.000E+00 0.000E+00
 257 1684.9  1.650E+01 4.870E-04 0.000E+00 0.000E+00
 258 1687.8  1.637E+01 5.413E-04 0.000E+00 0.000E+00
 259 1690.6  1.623E+01 5.700E-04 0.000E+00 0.000E+00
 260 1693.5  1.610E+01 6.138E-04 0.000E+00 0.000E+00
 261 1696.3  1.597E+01 6.693E-04 0.000E+00 0.000E+00
 262 1699.2  1.584E+01 6.997E-04 0.000E+00 0.000E+00
 263 1702.2  1.571E+01 7.582E-04 0.000E+00 0.000E+00
 264 1705.0  1.558E+01 7.069E-04 0.000E+00 0.000E+00
 265 1708.0  1.545E+01 7.524E-04 0.000E+00 0.000E+00
 266 1710.8  1.533E+01 7.515E-04 0.000E+00 0.000E+00
 267 1713.8  1.520E+01 7.052E-04 0.000E+00 0.000E+00
 268 1716.8  1.507E+01 7.787E-04 0.000E+00 0.000E+00
 269 1719.7  1.495E+01 8.083E-04 0.000E+00 0.000E+00
 270 1722.7  1.483E+01 7.764E-04 0.000E+00 0.000E+00
 271 1725.6  1.471E+01 8.303E-04 0.000E+00 0.000E+00
 272 1728.6  1.459E+01 7.812E-04 0.000E+00 0.000E+00
 273 1731.6  1.447E+01 7.491E-04 0.000E+00 0.000E+00
 274 1734.6  1.435E+01 8.041E-04 0.000E+00 0.000E+00
 275 1737.6  1.423E+01 8.396E-04 0.000E+00 0.000E+00
 276 1740.7  1.411E+01 9.183E-04 0.000E+00 0.000E+00
 277 1743.7  1.399E+01 1.002E-03 0.000E+00 0.000E+00
 278 1746.8  1.388E+01 9.724E-04 0.000E+00 0.000E+00
 279 1749.8  1.376E+01 1.021E-03 0.000E+00 0.000E+00
 280 1752.8  1.365E+01 1.142E-03 0.000E+00 0.000E+00
 281 1756.0  1.353E+01 1.218E-03 0.000E+00 0.000E+00
 282 1759.0  1.342E+01 1.261E-03 0.000E+00 0.000E+00
 283 1762.2  1.330E+01 1.261E-03 0.000E+00 0.000E+00
 284 1765.2  1.319E+01 1.209E-03 0.000E+00 0.000E+00
 285 1768.3  1.308E+01 1.383E-03 0.000E+00 0.000E+00
 286 1771.5  1.297E+01 1.592E-03 0.000E+00 0.000E+00
 287 1774.6  1.287E+01 1.512E-03 0.000E+00 0.000E+00
 288 1777.8  1.276E+01 1.493E-03 0.000E+00 0.000E+00
 289 1781.0  1.265E+01 1.673E-03 0.000E+00 0.000E+00
 290 1784.1  1.254E+01 1.671E-03 0.000E+00 0.000E+00
 291 1787.3  1.244E+01 1.733E-03 0.000E+00 0.000E+00
 292 1790.5  1.233E+01 1.811E-03 0.000E+00 0.000E+00
 293 1793.7  1.223E+01 1.615E-03 0.000E+00 0.000E+00
 294 1796.9  1.212E+01 1.666E-03 0.000E+00 0.000E+00
 295 1800.2  1.202E+01 1.826E-03 0.000E+00 0.000E+00
 296 1803.4  1.192E+01 1.913E-03 0.000E+00 0.000E+00
 297 1806.7  1.181E+01 2.258E-03 0.000E+00 0.000E+00
 298 1809.9  1.171E+01 2.205E-03 0.000E+00 0.000E+00
 299 1813.2  1.161E+01 1.959E-03 0.000E+00 0.000E+00
 300 1816.6  1.151E+01 3.257E-03 0.000E+00 0.000E+00
 301 1819.8  1.142E+01 2.531E-03 0.000E+00 0.000E+00
 302 1823.2  1.132E+01 2.483E-03 0.000E+00 0.000E+00
 303 1826.5  1.122E+01 2.353E-03 0.000E+00 0.000E+00
 304 1829.8  1.112E+01 2.349E-03 0.000E+00 0.000E+00
 305 1833.2  1.103E+01 2.529E-03 0.000E+00 0.000E+00
 306 1836.6  1.093E+01 2.578E-03 0.000E+00 0.000E+00
 307 1839.9  1.084E+01 2.423E-03 0.000E+00 0.000E+00
 308 1843.3  1.075E+01 2.274E-03 0.000E+00 0.000E+00
 309 1846.7  1.065E+01 2.086E-03 0.000E+00 0.000E+00
 310 1850.2  1.056E+01 2.105E-03 0.000E+00 0.000E+00
 311 1853.6  1.047E+01 2.457E-03 0.000E+00 0.000E+00
 312 1857.0  1.038E+01 2.775E-03 0.000E+00 0.000E+00
 313 1860.5  1.029E+01 2.625E-03 0.000E+00 0.000E+00
 314 1864.0  1.020E+01 2.755E-03 0.000E+00 0.000E+00
 315 1867.5  1.011E+01 3.096E-03 0.000E+00 0.000E+00
 316 1871.0  1.002E+01 3.421E-03 0.000E+00 0.000E+00
 317 1874.5  9.931E+00 3.345E-03 0.000E+00 0.000E+00
 318 1878.0  9.844E+00 3.235E-03 0.000E+00 0.000E+00
 319 1881.5  9.758E+00 3.230E-03 0.000E+00 0.000E+00
 320 1885.0  9.673E+00 3.637E-03 0.000E+00 0.000E+00
 321 1888.6  9.587E+00 3.743E-03 0.000E+00 0.000E+00
 322 1892.2  9.502E+00 4.130E-03 0.000E+00 0.000E+00
 323 1895.7  9.419E+00 4.004E-03 0.000E+00 0.000E+00
 324 1899.3  9.336E+00 3.648E-03 0.000E+00 0.000E+00
 325 1902.9  9.253E+00 4.003E-03 0.000E+00 0.000E+00
 326 1906.6  9.170E+00 4.221E-03 0.000E+00 0.000E+00
 327 1910.2  9.089E+00 4.305E-03 0.000E+00 0.000E+00
 328 1913.8  9.009E+00 4.450E-03 0.000E+00 0.000E+00
 329 1917.6  8.928E+00 4.630E-03 0.000E+00 0.000E+00
 330 1921.2  8.848E+00 4.912E-03 0.000E+00 0.000E+00
 331 1924.9  8.769E+00 4.706E-03 0.000E+00 0.000E+00
 332 1928.7  8.690E+00 4.445E-03 0.000E+00 0.000E+00
 333 1932.3  8.613E+00 3.413E-03 0.000E+00 0.000E+00
 334 1936.1  8.536E+00 3.368E-03 3.769E-87 1.119E-84
 335 1939.8  8.458E+00 4.997E-03 6.448E-79 1.290E-76
 336 1943.6  8.384E+00 6.086E-03 2.385E-71 3.918E-69
 337 1947.4  8.307E+00 6.134E-03 2.286-131 3.726-129
 338 1951.2  8.232E+00 5.782E-03 1.453-137 2.512-135
 339 1955.0  8.158E+00 5.932E-03 6.523E-54 1.100E-51
 340 1958.8  8.085E+00 6.066E-03 1.091E-58 1.799E-56
 341 1962.7  8.010E+00 6.006E-03 1.552-136 2.583-134
 342 1966.5  7.938E+00 7.110E-03 1.664-112 2.340-110
 343 1970.5  7.865E+00 7.006E-03 3.853-135 5.499-133
 344 1974.3  7.794E+00 6.665E-03 3.166-137 4.750-135
 345 1978.2  7.722E+00 6.534E-03 1.554E-28 2.378E-26
 346 1982.2  7.652E+00 6.950E-03 2.660E-54 3.827E-52
 347 1986.1  7.583E+00 6.526E-03 4.983E-55 7.635E-53
 348 1990.0  7.512E+00 6.519E-03 2.512E-24 3.853E-22
 349 1994.0  7.444E+00 7.415E-03 1.987E-22 2.680E-20
 350 1998.0  7.375E+00 7.273E-03 8.018E-36 1.102E-33
 351 2002.0  7.307E+00 7.651E-03 8.097E-35 1.058E-32
 352 2006.0  7.240E+00 7.954E-03 5.907E-22 7.427E-20
 353 2010.0  7.174E+00 8.162E-03 1.906E-28 2.335E-26
 354 2014.1  7.106E+00 8.565E-03 5.591E-27 6.528E-25
 355 2018.2  7.041E+00 8.873E-03 1.220E-19 1.375E-17
 356 2022.2  6.976E+00 8.774E-03 5.530E-19 6.303E-17
 357 2026.3  6.911E+00 8.543E-03 2.914E-19 3.411E-17
 358 2030.5  6.846E+00 9.592E-03 3.148E-19 3.282E-17
 359 2034.6  6.783E+00 9.627E-03 6.835E-19 7.100E-17
 360 2038.8  6.719E+00 9.960E-03 9.441E-19 9.478E-17
 361 2042.9  6.657E+00 1.084E-02 1.258E-18 1.160E-16
 362 2047.1  6.594E+00 1.114E-02 1.295E-18 1.162E-16
 363 2051.3  6.532E+00 1.135E-02 1.439E-18 1.268E-16
 364 2055.5  6.471E+00 1.125E-02 2.041E-18 1.814E-16
 365 2059.8  6.410E+00 1.128E-02 2.993E-18 2.653E-16
 366 2064.0  6.349E+00 1.151E-02 3.650E-18 3.170E-16
 367 2068.2  6.290E+00 1.221E-02 4.129E-18 3.383E-16
 368 2072.6  6.230E+00 1.303E-02 5.246E-18 4.026E-16
 369 2076.8  6.171E+00 1.393E-02 7.147E-18 5.129E-16
 370 2081.2  6.113E+00 1.426E-02 8.243E-18 5.783E-16
 371 2085.5  6.055E+00 1.571E-02 1.010E-17 6.425E-16
 372 2089.9  5.997E+00 1.840E-02 1.399E-17 7.603E-16
 373 2094.2  5.939E+00 2.200E-02 1.868E-17 8.489E-16
 374 2098.6  5.883E+00 2.490E-02 2.140E-17 8.593E-16
 375 2103.1  5.827E+00 2.854E-02 2.638E-17 9.245E-16
 376 2107.5  5.770E+00 3.135E-02 3.491E-17 1.114E-15
 377 2111.9  5.716E+00 3.264E-02 3.961E-17 1.213E-15
 378 2116.4  5.660E+00 3.679E-02 4.163E-17 1.131E-15
 379 2120.8  5.607E+00 3.851E-02 3.934E-17 1.021E-15
 380 2125.4  5.553E+00 2.960E-02 2.722E-17 9.197E-16
 381 2129.9  5.498E+00 3.265E-02 2.567E-17 7.863E-16
 382 2134.5  5.445E+00 3.259E-02 2.101E-17 6.445E-16
 383 2139.1  5.392E+00 3.680E-02 1.901E-17 5.166E-16
 384 2143.6  5.340E+00 4.501E-02 1.796E-17 3.991E-16
 385 2148.2  5.288E+00 4.120E-02 1.178E-17 2.858E-16
 386 2152.8  5.237E+00 4.049E-02 8.816E-18 2.177E-16
 387 2157.5  5.185E+00 3.376E-02 6.032E-18 1.787E-16
 388 2162.2  5.135E+00 3.763E-02 5.115E-18 1.359E-16
 389 2166.8  5.085E+00 3.159E-02 2.989E-18 9.463E-17
 390 2171.6  5.035E+00 3.453E-02 2.284E-18 6.614E-17
 391 2176.2  4.985E+00 3.489E-02 1.669E-18 4.782E-17
 392 2181.0  4.937E+00 4.829E-02 1.591E-18 3.294E-17
 393 2185.8  4.888E+00 4.612E-02 9.768E-19 2.118E-17
 394 2190.6  4.839E+00 4.576E-02 5.832E-19 1.274E-17
 395 2195.4  4.791E+00 5.013E-02 3.537E-19 7.056E-18
 396 2200.2  4.744E+00 5.135E-02 1.863E-19 3.628E-18
 397 2205.1  4.697E+00 5.468E-02 9.851E-20 1.802E-18
 398 2209.9  4.650E+00 3.881E-02 3.393E-20 8.743E-19
 399 2214.9  4.604E+00 4.120E-02 1.630E-20 3.956E-19
 400 2219.8  4.558E+00 4.492E-02 7.534E-21 1.677E-19
 401 2224.7  4.513E+00 5.151E-02 3.610E-21 7.009E-20
 402 2229.6  4.467E+00 5.498E-02 1.600E-21 2.910E-20
 403 2234.6  4.423E+00 7.085E-02 8.212E-22 1.159E-20
 404 2239.6  4.378E+00 6.537E-02 2.761E-22 4.223E-21
 405 2244.7  4.334E+00 5.969E-02 9.045E-23 1.515E-21
 406 2249.8  4.290E+00 6.034E-02 3.299E-23 5.468E-22
 407 2254.8  4.246E+00 5.395E-02 1.014E-23 1.880E-22
 408 2259.9  4.204E+00 4.912E-02 2.993E-24 6.093E-23
 409 2265.0  4.162E+00 4.027E-02 7.646E-25 1.899E-23
 410 2270.1  4.119E+00 3.456E-02 1.937E-25 5.605E-24
 411 2275.3  4.077E+00 3.964E-02 5.930E-26 1.496E-24
 412 2280.5  4.036E+00 5.145E-02 1.937E-26 3.766E-25
 413 2285.7  3.994E+00 5.448E-02 4.869E-27 8.938E-26
 414 2290.9  3.954E+00 5.028E-02 9.635E-28 1.916E-26
 415 2296.2  3.913E+00 4.940E-02 2.045E-28 4.140E-27
 416 2301.5  3.872E+00 4.792E-02 4.199E-29 8.761E-28
 417 2306.8  3.833E+00 6.023E-02 1.246E-29 2.069E-28
 418 2312.2  3.793E+00 4.720E-02 2.015E-30 4.269E-29
 419 2317.5  3.754E+00 5.539E-02 4.301E-31 7.765E-30
 420 2322.9  3.715E+00 5.678E-02 7.157E-32 1.261E-30
 421 2328.3  3.677E+00 5.140E-02 9.337E-33 1.817E-31
 422 2333.7  3.639E+00 4.677E-02 1.711E-33 3.658E-32
 423 2339.2  3.601E+00 4.205E-02 2.674E-34 6.358E-33
 424 2344.7  3.563E+00 3.790E-02 2.540E-35 6.700E-34
 425 2350.2  3.526E+00 4.593E-02 4.955E-36 1.079E-34
 426 2355.7  3.489E+00 5.672E-02 1.149E-36 2.026E-35
 427 2361.3  3.453E+00 4.961E-02 1.145E-37 2.308E-36
 428 2366.9  3.416E+00 4.837E-02 1.590E-38 3.287E-37
 429 2372.5  3.380E+00 5.323E-02 2.624E-39 4.929E-38
 430 2378.2  3.345E+00 4.954E-02 2.982E-40 6.020E-39
 431 2383.8  3.309E+00 3.920E-02 3.038E-41 7.750E-40
 432 2389.4  3.275E+00 4.709E-02 5.919E-42 1.257E-40
 433 2395.2  3.240E+00 4.436E-02 4.727E-43 1.066E-41
 434 2400.9  3.205E+00 4.382E-02 4.743E-44 1.082E-42
 435 2406.7  3.171E+00 3.933E-02 8.969E-45 2.280E-43
 436 2412.6  3.138E+00 4.349E-02 1.030E-45 2.367E-44
 437 2418.4  3.104E+00 6.294E-02 1.796E-46 2.853E-45
 438 2424.2  3.071E+00 7.230E-02 7.682E-46 1.063E-44
 439 2430.1  3.037E+00 7.332E-02 8.000E-47 1.091E-45
 440 2436.1  3.005E+00 6.667E-02 5.118E-48 7.677E-47
 441 2442.0  2.973E+00 6.764E-02 9.964E-49 1.473E-47
 442 2448.0  2.940E+00 5.894E-02 2.387E-49 4.050E-48
 443 2454.0  2.909E+00 5.126E-02 1.391E-50 2.713E-49
 444 2460.1  2.877E+00 5.015E-02 1.658E-51 3.306E-50
 445 2466.1  2.846E+00 5.137E-02 8.905E-52 1.734E-50
 446 2472.1  2.815E+00 5.640E-02 1.841E-52 3.263E-51
 447 2478.3  2.784E+00 5.606E-02 3.537E-53 6.310E-52
 448 2484.5  2.754E+00 4.697E-02 7.124E-54 1.517E-52
 449 2490.7  2.723E+00 4.445E-02 9.485E-55 2.134E-53
 450 2496.9  2.694E+00 6.412E-02 3.289E-55 5.129E-54
 451 2503.2  2.664E+00 6.400E-02 2.969E-55 4.640E-54
 452 2509.4  2.635E+00 5.619E-02 2.663E-55 4.740E-54
 453 2515.8  2.606E+00 4.520E-02 2.058E-56 4.554E-55
 454 2522.1  2.577E+00 4.222E-02 7.409E-57 1.755E-55
 455 2528.4  2.548E+00 4.386E-02 1.722E-56 3.926E-55
 456 2534.8  2.520E+00 5.354E-02 8.265E-57 1.544E-55
 457 2541.3  2.492E+00 5.788E-02 7.456E-57 1.288E-55
 458 2547.8  2.464E+00 6.165E-02 6.912E-57 1.121E-55
 459 2554.2  2.437E+00 8.123E-02 3.022E-57 3.720E-56
 460 2560.8  2.410E+00 9.049E-02 1.096E-56 1.212E-55
 461 2567.4  2.382E+00 1.128E-01 7.055E-56 6.255E-55
 462 2574.0  2.356E+00 1.268E-01 1.568E-55 1.237E-54
 463 2580.7  2.329E+00 1.373E-01 1.485E-55 1.081E-54
 464 2587.3  2.303E+00 1.233E-01 4.943E-56 4.007E-55
 465 2594.1  2.276E+00 1.154E-01 9.359E-55 8.109E-54
 466 2600.8  2.251E+00 8.971E-02 6.867E-54 7.655E-53
 467 2607.6  2.225E+00 8.767E-02 4.198E-54 4.789E-53
 468 2614.4  2.200E+00 8.788E-02 5.606E-53 6.379E-52
 469 2621.2  2.175E+00 1.094E-01 2.836E-52 2.592E-51
 470 2628.1  2.150E+00 1.040E-01 2.115E-51 2.033E-50
 471 2635.1  2.125E+00 1.585E-01 1.151E-49 7.258E-49
 472 2642.0  2.101E+00 2.627E-01 3.010E-49 1.146E-48
 473 2649.0  2.077E+00 2.404E-01 1.986E-48 8.259E-48
 474 2656.1  2.053E+00 2.713E-01 3.737E-47 1.377E-46
 475 2663.1  2.029E+00 2.608E-01 3.748E-46 1.437E-45
 476 2670.2  2.005E+00 2.535E-01 1.415E-44 5.581E-44
 477 2677.4  1.982E+00 2.618E-01 1.508E-43 5.759E-43
 478 2684.6  1.959E+00 2.575E-01 3.738E-42 1.452E-41
 479 2691.8  1.936E+00 2.451E-01 9.077E-41 3.703E-40
 480 2699.1  1.913E+00 2.587E-01 7.542E-40 2.916E-39
 481 2706.3  1.891E+00 2.792E-01 2.886E-38 1.034E-37
 482 2713.7  1.869E+00 2.494E-01 6.562E-37 2.631E-36
 483 2721.1  1.847E+00 1.902E-01 7.663E-36 4.029E-35
 484 2728.5  1.825E+00 2.263E-01 2.163E-34 9.555E-34
 485 2735.9  1.803E+00 1.974E-01 7.870E-33 3.988E-32
 486 2743.5  1.782E+00 1.397E-01 1.993E-31 1.426E-30
 487 2751.1  1.761E+00 1.557E-01 3.792E-30 2.435E-29
 488 2758.6  1.740E+00 2.121E-01 1.036E-28 4.886E-28
 489 2766.2  1.719E+00 2.558E-01 2.833E-27 1.107E-26
 490 2773.9  1.698E+00 2.569E-01 5.950E-26 2.316E-25
 491 2781.7  1.678E+00 1.875E-01 8.920E-25 4.756E-24
 492 2789.4  1.658E+00 1.354E-01 1.713E-23 1.265E-22
 493 2797.2  1.638E+00 8.132E-02 1.801E-22 2.214E-21
 494 2805.1  1.618E+00 9.790E-02 3.767E-21 3.848E-20
 495 2812.9  1.598E+00 1.921E-01 2.401E-19 1.249E-18
 496 2820.9  1.579E+00 2.792E-01 6.134E-18 2.197E-17
 497 2828.9  1.560E+00 3.235E-01 4.676E-17 1.446E-16
 498 2836.9  1.541E+00 3.239E-01 5.401E-16 1.668E-15
 499 2844.9  1.522E+00 2.570E-01 6.429E-15 2.502E-14
 500 2853.1  1.503E+00 1.401E-01 3.752E-14 2.679E-13
 501 2861.2  1.485E+00 2.826E-01 6.896E-13 2.440E-12
 502 2869.4  1.466E+00 3.659E-01 5.618E-12 1.536E-11
 503 2877.7  1.448E+00 3.310E-01 4.833E-11 1.460E-10
 504 2886.0  1.430E+00 3.428E-01 4.383E-10 1.279E-09
 505 2894.4  1.413E+00 4.682E-01 3.342E-09 7.137E-09
 506 2902.8  1.395E+00 6.167E-01 2.064E-08 3.346E-08
 507 2911.2  1.378E+00 6.155E-01 9.297E-08 1.510E-07
 508 2919.8  1.360E+00 5.713E-01 4.108E-07 7.189E-07
 509 2928.3  1.343E+00 5.279E-01 1.382E-06 2.619E-06
 510 2936.9  1.326E+00 5.470E-01 4.822E-06 8.814E-06
 511 2945.6  1.310E+00 5.216E-01 1.387E-05 2.660E-05
 512 2954.2  1.293E+00 5.615E-01 4.189E-05 7.459E-05
 513 2963.0  1.277E+00 5.575E-01 1.112E-04 1.995E-04
 514 2971.8  1.261E+00 4.783E-01 2.306E-04 4.821E-04
 515 2980.6  1.245E+00 5.294E-01 5.774E-04 1.091E-03
 516 2989.6  1.229E+00 4.960E-01 1.079E-03 2.175E-03
 517 2998.5  1.213E+00 4.648E-01 1.863E-03 4.008E-03
 518 3007.5  1.197E+00 4.431E-01 3.163E-03 7.138E-03
 519 3016.6  1.182E+00 4.699E-01 5.477E-03 1.166E-02
 520 3025.7  1.167E+00 5.187E-01 9.475E-03 1.827E-02
 521 3034.9  1.152E+00 6.473E-01 1.784E-02 2.755E-02
 522 3044.2  1.137E+00 6.183E-01 2.396E-02 3.876E-02
 523 3053.4  1.122E+00 6.420E-01 3.504E-02 5.458E-02
 524 3062.8  1.107E+00 5.638E-01 4.007E-02 7.107E-02
 525 3072.2  1.093E+00 6.284E-01 5.867E-02 9.336E-02
 526 3081.7  1.079E+00 6.508E-01 7.656E-02 1.176E-01
 527 3091.2  1.064E+00 5.660E-01 8.025E-02 1.418E-01
 528 3100.8  1.050E+00 5.362E-01 9.202E-02 1.716E-01
 529 3110.4  1.036E+00 7.776E-01 1.507E-01 1.938E-01
 530 3120.2  1.023E+00 6.951E-01 1.570E-01 2.259E-01
 531 3129.9  1.009E+00 7.004E-01 1.806E-01 2.578E-01
 532 3139.8  9.957E-01 7.325E-01 2.116E-01 2.889E-01
 533 3149.6  9.824E-01 6.813E-01 2.192E-01 3.217E-01
 534 3159.6  9.693E-01 5.985E-01 2.098E-01 3.505E-01
 535 3169.6  9.562E-01 7.619E-01 2.906E-01 3.814E-01
 536 3179.6  9.434E-01 7.239E-01 2.971E-01 4.104E-01
 537 3189.8  9.307E-01 7.041E-01 3.076E-01 4.368E-01
 538 3200.0  9.181E-01 7.954E-01 3.630E-01 4.564E-01
 539 3210.2  9.056E-01 7.579E-01 3.740E-01 4.935E-01
 540 3220.6  8.933E-01 7.435E-01 3.772E-01 5.074E-01
 541 3231.0  8.811E-01 6.604E-01 3.482E-01 5.273E-01
 542 3241.5  8.691E-01 7.627E-01 4.260E-01 5.585E-01
 543 3252.1  8.570E-01 8.479E-01 4.753E-01 5.606E-01
 544 3262.7  8.453E-01 1.010E+00 5.910E-01 5.851E-01
 545 3273.3  8.336E-01 9.921E-01 5.923E-01 5.970E-01
 546 3284.1  8.221E-01 9.435E-01 5.700E-01 6.041E-01
 547 3294.9  8.106E-01 1.100E+00 6.962E-01 6.331E-01
 548 3305.8  7.994E-01 1.041E+00 6.574E-01 6.313E-01
 549 3316.8  7.882E-01 1.005E+00 6.419E-01 6.387E-01
 550 3327.8  7.771E-01 9.758E-01 6.439E-01 6.599E-01
 551 3338.9  7.663E-01 9.516E-01 6.312E-01 6.633E-01
 552 3350.1  7.554E-01 1.011E+00 6.822E-01 6.745E-01
 553 3361.3  7.448E-01 8.890E-01 6.072E-01 6.830E-01
 554 3372.7  7.342E-01 8.586E-01 5.868E-01 6.834E-01
 555 3384.1  7.238E-01 9.485E-01 6.564E-01 6.920E-01
 556 3395.6  7.135E-01 1.008E+00 7.037E-01 6.981E-01
 557 3407.2  7.032E-01 1.022E+00 7.191E-01 7.034E-01
 558 3418.8  6.931E-01 9.797E-01 6.982E-01 7.127E-01
 559 3430.6  6.832E-01 1.040E+00 7.453E-01 7.165E-01
 560 3442.4  6.733E-01 8.392E-01 6.038E-01 7.195E-01
 561 3454.2  6.636E-01 9.750E-01 7.060E-01 7.240E-01
 562 3466.2  6.539E-01 9.653E-01 7.035E-01 7.287E-01
 563 3478.2  6.444E-01 9.291E-01 6.816E-01 7.336E-01
 564 3490.4  6.350E-01 9.296E-01 6.861E-01 7.380E-01
 565 3502.7  6.257E-01 1.051E+00 7.796E-01 7.420E-01
 566 3514.9  6.165E-01 1.028E+00 7.665E-01 7.458E-01
 567 3527.3  6.074E-01 9.648E-01 7.233E-01 7.497E-01
 568 3539.8  5.984E-01 1.127E+00 8.498E-01 7.539E-01
 569 3552.4  5.895E-01 1.114E+00 8.445E-01 7.579E-01
 570 3565.1  5.808E-01 9.549E-01 7.270E-01 7.613E-01
 571 3577.8  5.721E-01 8.137E-01 6.223E-01 7.648E-01
 572 3590.6  5.635E-01 8.845E-01 6.800E-01 7.688E-01
 573 3603.6  5.550E-01 1.040E+00 8.034E-01 7.724E-01
 574 3616.6  5.467E-01 9.341E-01 7.250E-01 7.761E-01
 575 3629.8  5.384E-01 1.057E+00 8.241E-01 7.800E-01
 576 3643.0  5.302E-01 1.067E+00 8.357E-01 7.833E-01
 577 3656.3  5.222E-01 1.225E+00 9.635E-01 7.868E-01
 578 3669.8  5.142E-01 1.260E+00 9.962E-01 7.905E-01
 579 3683.2  5.063E-01 1.161E+00 9.218E-01 7.941E-01
 580 3696.8  4.985E-01 1.288E+00 1.027E+00 7.977E-01
 581 3710.6  4.908E-01 1.204E+00 9.641E-01 8.011E-01
 582 3724.4  4.832E-01 1.105E+00 8.893E-01 8.046E-01
 583 3738.3  4.757E-01 9.608E-01 7.766E-01 8.083E-01
 584 3752.4  4.683E-01 1.030E+00 8.364E-01 8.117E-01
 585 3766.5  4.610E-01 1.140E+00 9.294E-01 8.152E-01
 586 3780.8  4.537E-01 1.385E+00 1.135E+00 8.189E-01
 587 3795.1  4.466E-01 1.131E+00 9.298E-01 8.221E-01
 588 3809.6  4.395E-01 1.225E+00 1.011E+00 8.254E-01
 589 3824.1  4.326E-01 8.587E-01 7.120E-01 8.291E-01
 590 3838.8  4.257E-01 8.091E-01 6.735E-01 8.325E-01
 591 3853.6  4.189E-01 1.043E+00 8.719E-01 8.359E-01
 592 3868.5  4.122E-01 1.035E+00 8.686E-01 8.393E-01
 593 3883.6  4.055E-01 1.023E+00 8.620E-01 8.426E-01
 594 3898.6  3.990E-01 1.224E+00 1.036E+00 8.460E-01
 595 3913.9  3.926E-01 1.305E+00 1.109E+00 8.494E-01
 596 3929.3  3.862E-01 8.235E-01 7.023E-01 8.529E-01
 597 3944.8  3.799E-01 1.014E+00 8.684E-01 8.563E-01
 598 3960.4  3.736E-01 1.087E+00 9.348E-01 8.597E-01
 599 3976.2  3.675E-01 1.060E+00 9.149E-01 8.628E-01
 600 3992.1  3.614E-01 1.604E+00 1.388E+00 8.658E-01
 601 4008.1  3.555E-01 1.719E+00 1.495E+00 8.697E-01
 602 4024.2  3.496E-01 1.783E+00 1.559E+00 8.743E-01
 603 4040.4  3.437E-01 1.711E+00 1.503E+00 8.781E-01
 604 4056.8  3.380E-01 1.683E+00 1.484E+00 8.820E-01
 605 4073.3  3.323E-01 1.648E+00 1.459E+00 8.856E-01
 606 4090.0  3.267E-01 1.747E+00 1.553E+00 8.890E-01
 607 4106.8  3.212E-01 1.639E+00 1.463E+00 8.925E-01
 608 4123.7  3.158E-01 1.809E+00 1.621E+00 8.959E-01
 609 4140.8  3.104E-01 1.772E+00 1.593E+00 8.992E-01
 610 4158.0  3.051E-01 1.822E+00 1.645E+00 9.025E-01
 611 4175.4  2.998E-01 1.729E+00 1.566E+00 9.057E-01
 612 4192.9  2.947E-01 1.738E+00 1.580E+00 9.089E-01
 613 4210.5  2.896E-01 1.775E+00 1.619E+00 9.121E-01
 614 4228.4  2.845E-01 1.728E+00 1.581E+00 9.151E-01
 615 4246.3  2.796E-01 1.779E+00 1.633E+00 9.181E-01
 616 4264.4  2.747E-01 1.730E+00 1.594E+00 9.212E-01
 617 4282.6  2.698E-01 1.638E+00 1.514E+00 9.243E-01
 618 4301.1  2.651E-01 1.371E+00 1.272E+00 9.273E-01
 619 4319.6  2.604E-01 1.606E+00 1.494E+00 9.303E-01
 620 4338.4  2.558E-01 1.678E+00 1.566E+00 9.332E-01
 621 4357.3  2.512E-01 1.819E+00 1.703E+00 9.362E-01
 622 4376.4  2.467E-01 1.731E+00 1.625E+00 9.390E-01
 623 4395.6  2.422E-01 1.817E+00 1.711E+00 9.417E-01
 624 4415.1  2.379E-01 1.935E+00 1.827E+00 9.442E-01
 625 4434.6  2.336E-01 1.972E+00 1.867E+00 9.470E-01
 626 4454.4  2.293E-01 1.905E+00 1.810E+00 9.500E-01
 627 4474.3  2.251E-01 2.009E+00 1.915E+00 9.530E-01
 628 4494.4  2.210E-01 2.061E+00 1.969E+00 9.556E-01
 629 4514.7  2.169E-01 2.154E+00 2.064E+00 9.582E-01
 630 4535.2  2.129E-01 2.000E+00 1.922E+00 9.610E-01
 631 4555.9  2.089E-01 2.080E+00 2.004E+00 9.635E-01
 632 4576.7  2.050E-01 2.094E+00 2.022E+00 9.655E-01
 633 4597.8  2.012E-01 2.078E+00 2.011E+00 9.674E-01
 634 4619.0  1.974E-01 2.131E+00 2.066E+00 9.696E-01
 635 4640.4  1.937E-01 2.077E+00 2.020E+00 9.725E-01
 636 4662.0  1.900E-01 2.031E+00 1.982E+00 9.755E-01
 637 4683.9  1.863E-01 2.048E+00 2.002E+00 9.779E-01
 638 4705.9  1.828E-01 2.010E+00 1.970E+00 9.800E-01
 639 4728.1  1.793E-01 2.077E+00 2.040E+00 9.825E-01
 640 4750.6  1.758E-01 2.112E+00 2.079E+00 9.846E-01
 641 4773.3  1.724E-01 2.090E+00 2.061E+00 9.859E-01
 642 4796.2  1.690E-01 2.099E+00 2.071E+00 9.867E-01
 643 4819.3  1.657E-01 2.111E+00 2.085E+00 9.879E-01
 644 4842.6  1.624E-01 2.041E+00 2.021E+00 9.904E-01
 645 4866.2  1.592E-01 1.771E+00 1.759E+00 9.935E-01
 646 4890.0  1.561E-01 1.997E+00 1.988E+00 9.958E-01
 647 4914.1  1.530E-01 1.971E+00 1.967E+00 9.976E-01
 648 4938.3  1.499E-01 2.008E+00 2.007E+00 9.995E-01
 649 4962.8  1.469E-01 2.024E+00 2.026E+00 1.001E+00
 650 4987.6  1.439E-01 1.974E+00 1.978E+00 1.002E+00
 651 5012.6  1.410E-01 1.869E+00 1.871E+00 1.001E+00
 652 5037.8  1.381E-01 1.942E+00 1.944E+00 1.001E+00
 653 5063.3  1.353E-01 1.979E+00 1.983E+00 1.002E+00
 654 5089.1  1.325E-01 1.877E+00 1.886E+00 1.005E+00
 655 5115.1  1.297E-01 1.944E+00 1.958E+00 1.007E+00
 656 5141.4  1.270E-01 1.856E+00 1.872E+00 1.009E+00
 657 5168.0  1.244E-01 1.760E+00 1.777E+00 1.010E+00
 658 5194.8  1.218E-01 1.780E+00 1.799E+00 1.011E+00
 659 5222.0  1.192E-01 1.847E+00 1.867E+00 1.011E+00
 660 5249.4  1.167E-01 1.914E+00 1.934E+00 1.010E+00
 661 5277.1  1.142E-01 1.801E+00 1.817E+00 1.009E+00
 662 5305.1  1.117E-01 1.937E+00 1.952E+00 1.008E+00
 663 5333.4  1.093E-01 1.855E+00 1.871E+00 1.008E+00
 664 5362.0  1.070E-01 1.905E+00 1.924E+00 1.010E+00
 665 5390.9  1.046E-01 1.878E+00 1.899E+00 1.011E+00
 666 5420.1  1.024E-01 1.842E+00 1.863E+00 1.011E+00
 667 5449.6  1.001E-01 1.901E+00 1.923E+00 1.012E+00
 668 5479.5  9.789E-02 1.888E+00 1.911E+00 1.012E+00
 669 5509.7  9.572E-02 1.898E+00 1.922E+00 1.013E+00
 670 5540.2  9.358E-02 1.890E+00 1.915E+00 1.013E+00
 671 5571.1  9.148E-02 1.853E+00 1.876E+00 1.012E+00
 672 5602.3  8.942E-02 1.813E+00 1.832E+00 1.011E+00
 673 5633.9  8.739E-02 1.855E+00 1.872E+00 1.009E+00
 674 5665.8  8.540E-02 1.818E+00 1.833E+00 1.008E+00
 675 5698.1  8.345E-02 1.795E+00 1.808E+00 1.007E+00
 676 5730.7  8.152E-02 1.863E+00 1.877E+00 1.007E+00
 677 5763.7  7.964E-02 1.835E+00 1.852E+00 1.009E+00
 678 5797.1  7.778E-02 1.814E+00 1.836E+00 1.012E+00
 679 5831.0  7.596E-02 1.847E+00 1.876E+00 1.015E+00
 680 5865.2  7.417E-02 1.806E+00 1.838E+00 1.018E+00
 681 5899.8  7.241E-02 1.727E+00 1.760E+00 1.019E+00
 682 5934.8  7.069E-02 1.787E+00 1.821E+00 1.019E+00
 683 5970.2  6.900E-02 1.773E+00 1.802E+00 1.017E+00
 684 6006.1  6.734E-02 1.741E+00 1.767E+00 1.015E+00
 685 6042.4  6.571E-02 1.754E+00 1.783E+00 1.016E+00
 686 6079.1  6.411E-02 1.748E+00 1.784E+00 1.021E+00
 687 6116.3  6.254E-02 1.724E+00 1.768E+00 1.026E+00
 688 6153.9  6.100E-02 1.670E+00 1.721E+00 1.031E+00
 689 6192.0  5.949E-02 1.699E+00 1.759E+00 1.035E+00
 690 6230.6  5.800E-02 1.666E+00 1.731E+00 1.039E+00
 691 6269.6  5.655E-02 1.673E+00 1.745E+00 1.043E+00
 692 6309.2  5.512E-02 1.657E+00 1.734E+00 1.047E+00
 693 6349.2  5.373E-02 1.643E+00 1.727E+00 1.051E+00
 694 6389.9  5.235E-02 1.641E+00 1.732E+00 1.055E+00
 695 6431.0  5.101E-02 1.613E+00 1.709E+00 1.060E+00
 696 6472.6  4.969E-02 1.610E+00 1.713E+00 1.063E+00
 697 6514.7  4.840E-02 1.583E+00 1.689E+00 1.067E+00
 698 6557.4  4.713E-02 1.463E+00 1.566E+00 1.071E+00
 699 6600.7  4.589E-02 1.553E+00 1.668E+00 1.074E+00
 700 6644.6  4.468E-02 1.532E+00 1.650E+00 1.078E+00
 701 6689.0  4.348E-02 1.539E+00 1.664E+00 1.081E+00
 702 6734.1  4.232E-02 1.537E+00 1.667E+00 1.085E+00
 703 6779.8  4.118E-02 1.514E+00 1.646E+00 1.088E+00
 704 6826.0  4.006E-02 1.492E+00 1.627E+00 1.091E+00
 705 6873.0  3.896E-02 1.496E+00 1.636E+00 1.093E+00
 706 6920.5  3.789E-02 1.465E+00 1.605E+00 1.096E+00
 707 6968.7  3.684E-02 1.463E+00 1.608E+00 1.099E+00
 708 7017.6  3.581E-02 1.446E+00 1.592E+00 1.102E+00
 709 7067.2  3.480E-02 1.441E+00 1.591E+00 1.104E+00
 710 7117.5  3.382E-02 1.402E+00 1.549E+00 1.105E+00
 711 7168.5  3.286E-02 1.370E+00 1.517E+00 1.107E+00
 712 7220.3  3.192E-02 1.360E+00 1.509E+00 1.109E+00
 713 7272.9  3.099E-02 1.338E+00 1.486E+00 1.111E+00
 714 7326.1  3.009E-02 1.333E+00 1.483E+00 1.113E+00
 715 7380.1  2.921E-02 1.306E+00 1.455E+00 1.114E+00
 716 7435.0  2.835E-02 1.291E+00 1.439E+00 1.115E+00
 717 7490.8  2.751E-02 1.286E+00 1.435E+00 1.116E+00
 718 7547.3  2.669E-02 1.277E+00 1.428E+00 1.118E+00
 719 7604.7  2.588E-02 1.251E+00 1.400E+00 1.120E+00
 720 7663.0  2.510E-02 1.225E+00 1.374E+00 1.121E+00
 721 7722.1  2.433E-02 1.207E+00 1.354E+00 1.122E+00
 722 7782.2  2.358E-02 1.191E+00 1.336E+00 1.122E+00
 723 7843.2  2.285E-02 1.173E+00 1.317E+00 1.123E+00
 724 7905.2  2.214E-02 1.159E+00 1.304E+00 1.125E+00
 725 7968.2  2.144E-02 1.138E+00 1.282E+00 1.126E+00
 726 8032.2  2.076E-02 1.128E+00 1.272E+00 1.127E+00
 727 8097.3  2.010E-02 1.118E+00 1.260E+00 1.127E+00
 728 8163.4  1.945E-02 1.105E+00 1.246E+00 1.128E+00
 729 8230.6  1.882E-02 1.076E+00 1.214E+00 1.129E+00
 730 8298.9  1.820E-02 1.066E+00 1.206E+00 1.131E+00
 731 8368.3  1.760E-02 1.043E+00 1.181E+00 1.132E+00
 732 8439.0  1.702E-02 1.027E+00 1.163E+00 1.132E+00
 733 8510.8  1.644E-02 9.429E-01 1.068E+00 1.132E+00
 734 8583.9  1.589E-02 9.775E-01 1.107E+00 1.133E+00
 735 8658.2  1.535E-02 9.655E-01 1.095E+00 1.134E+00
 736 8733.8  1.482E-02 9.832E-01 1.116E+00 1.135E+00
 737 8810.8  1.431E-02 9.527E-01 1.082E+00 1.136E+00
 738 8889.1  1.381E-02 9.335E-01 1.061E+00 1.136E+00
 739 8968.8  1.332E-02 9.153E-01 1.041E+00 1.137E+00
 740 9050.0  1.285E-02 8.918E-01 1.014E+00 1.138E+00
 741 9132.6  1.239E-02 8.811E-01 1.003E+00 1.138E+00
 742 9216.8  1.194E-02 8.526E-01 9.711E-01 1.139E+00
 743 9302.5  1.150E-02 8.536E-01 9.727E-01 1.140E+00
 744 9389.9  1.108E-02 8.303E-01 9.464E-01 1.140E+00
 745 9478.9  1.067E-02 8.202E-01 9.353E-01 1.140E+00
 746 9569.6  1.027E-02 7.969E-01 9.092E-01 1.141E+00
 747 9662.0  9.878E-03 7.851E-01 8.962E-01 1.142E+00
 748 9756.3  9.500E-03 7.699E-01 8.792E-01 1.142E+00
 749 9852.5  9.134E-03 7.565E-01 8.642E-01 1.142E+00
 750 9950.5  8.778E-03 7.427E-01 8.489E-01 1.143E+00


 PHOTOLYSIS RATES

     Z      PO2_O1D    PO2_O3P    PH2O_1     PH2O_2     PH2O_3     PO3_O1D    PO3_O      PO3_3O     
 2.50E+04   0.00E+00   6.44E-26   1.33E-26   0.00E+00   0.00E+00   6.81E-06   2.03E-04   2.11E-27
 1.75E+05   0.00E+00   5.28E-24   2.11E-24   0.00E+00   0.00E+00   7.88E-06   2.09E-04   1.87E-23
 3.25E+05   0.00E+00   2.88E-22   2.06E-22   0.00E+00   0.00E+00   8.80E-06   2.15E-04   1.50E-20
 4.75E+05   0.00E+00   9.76E-21   1.05E-20   0.00E+00   0.00E+00   9.59E-06   2.20E-04   2.02E-18
 6.25E+05   0.00E+00   2.11E-19   2.98E-19   0.00E+00   0.00E+00   1.03E-05   2.26E-04   9.04E-17
 7.75E+05   0.00E+00   3.04E-18   5.18E-18   0.00E+00   0.00E+00   1.09E-05   2.30E-04   2.03E-15
 9.25E+05   0.00E+00   3.09E-17   6.05E-17   0.00E+00   0.00E+00   1.15E-05   2.35E-04   2.85E-14
 1.08E+06   0.00E+00   2.27E-16   4.98E-16   0.00E+00   0.00E+00   1.21E-05   2.39E-04   2.70E-13
 1.22E+06   0.00E+00   1.18E-15   2.84E-15   0.00E+00   0.00E+00   1.29E-05   2.42E-04   1.72E-12
 1.38E+06   0.00E+00   4.66E-15   1.21E-14   0.00E+00   0.00E+00   1.37E-05   2.46E-04   7.97E-12
 1.52E+06   0.00E+00   1.53E-14   4.18E-14   0.00E+00   0.00E+00   1.47E-05   2.50E-04   2.96E-11
 1.68E+06   0.00E+00   4.44E-14   1.26E-13   0.00E+00   0.00E+00   1.60E-05   2.54E-04   9.42E-11
 1.82E+06   0.00E+00   1.19E-13   3.48E-13   0.00E+00   0.00E+00   1.80E-05   2.57E-04   2.69E-10
 1.98E+06   0.00E+00   2.95E-13   8.91E-13   0.00E+00   0.00E+00   2.08E-05   2.61E-04   7.00E-10
 2.12E+06   0.00E+00   6.87E-13   2.15E-12   0.00E+00   0.00E+00   2.49E-05   2.64E-04   1.68E-09
 2.28E+06   0.00E+00   1.50E-12   4.86E-12   0.00E+00   0.00E+00   3.04E-05   2.67E-04   3.71E-09
 2.42E+06   0.00E+00   3.06E-12   1.03E-11   0.00E+00   0.00E+00   3.82E-05   2.70E-04   7.56E-09
 2.58E+06   0.00E+00   5.86E-12   2.04E-11   0.00E+00   0.00E+00   4.89E-05   2.73E-04   1.42E-08
 2.72E+06   1.53-147   1.05E-11   3.77E-11   6.91-145   1.04-144   6.39E-05   2.77E-04   2.48E-08
 2.88E+06   6.07-121   1.79E-11   6.53E-11   2.75-118   4.13-118   8.47E-05   2.81E-04   4.01E-08
 3.02E+06   8.62-100   2.87E-11   1.07E-10   3.90E-97   5.86E-97   1.13E-04   2.86E-04   6.06E-08
 3.18E+06   5.30E-83   4.37E-11   1.68E-10   2.40E-80   3.60E-80   1.52E-04   2.91E-04   8.61E-08
 3.32E+06   1.09E-69   6.35E-11   2.55E-10   4.95E-67   7.42E-67   2.04E-04   2.98E-04   1.16E-07
 3.48E+06   4.04E-59   8.84E-11   3.78E-10   1.83E-56   2.75E-56   2.72E-04   3.06E-04   1.49E-07
 3.62E+06   1.04E-50   1.18E-10   5.42E-10   4.73E-48   7.10E-48   3.63E-04   3.17E-04   1.85E-07
 3.78E+06   5.48E-44   1.53E-10   7.54E-10   2.48E-41   3.72E-41   4.95E-04   3.32E-04   2.23E-07
 3.92E+06   1.34E-38   1.91E-10   1.01E-09   6.07E-36   9.11E-36   6.91E-04   3.55E-04   2.61E-07
 4.08E+06   2.94E-34   2.31E-10   1.31E-09   1.33E-31   2.00E-31   9.73E-04   3.86E-04   2.98E-07
 4.22E+06   9.87E-31   2.69E-10   1.64E-09   4.47E-28   6.71E-28   1.34E-03   4.27E-04   3.33E-07
 4.38E+06   7.90E-28   3.06E-10   2.01E-09   3.58E-25   5.36E-25   1.74E-03   4.73E-04   3.67E-07
 4.52E+06   2.12E-25   3.39E-10   2.40E-09   9.59E-23   1.44E-22   2.15E-03   5.18E-04   3.99E-07
 4.68E+06   2.38E-23   3.71E-10   2.83E-09   1.08E-20   1.62E-20   2.52E-03   5.60E-04   4.30E-07
 4.82E+06   1.28E-21   4.00E-10   3.31E-09   5.78E-19   8.67E-19   2.83E-03   5.95E-04   4.59E-07
 4.98E+06   3.58E-20   4.30E-10   3.89E-09   1.62E-17   2.43E-17   3.08E-03   6.23E-04   4.87E-07
 5.12E+06   5.74E-19   4.61E-10   4.61E-09   2.60E-16   3.90E-16   3.28E-03   6.45E-04   5.14E-07
 5.28E+06   5.70E-18   4.95E-10   5.54E-09   2.58E-15   3.88E-15   3.42E-03   6.61E-04   5.40E-07
 5.42E+06   3.79E-17   5.32E-10   6.72E-09   1.72E-14   2.58E-14   3.53E-03   6.73E-04   5.65E-07
 5.58E+06   1.80E-16   5.73E-10   8.18E-09   8.16E-14   1.22E-13   3.61E-03   6.82E-04   5.90E-07
 5.72E+06   6.48E-16   6.18E-10   9.91E-09   2.93E-13   4.40E-13   3.66E-03   6.88E-04   6.15E-07
 5.88E+06   1.89E-15   6.69E-10   1.19E-08   8.45E-13   1.27E-12   3.70E-03   6.93E-04   6.38E-07
 6.02E+06   5.46E-15   7.25E-10   1.41E-08   2.19E-12   3.29E-12   3.73E-03   6.96E-04   6.61E-07
 6.18E+06   2.38E-14   7.91E-10   1.65E-08   6.99E-12   1.05E-11   3.75E-03   6.98E-04   6.83E-07
 6.32E+06   1.42E-13   8.67E-10   1.94E-08   3.24E-11   4.87E-11   3.76E-03   6.99E-04   7.05E-07
 6.48E+06   7.50E-13   9.58E-10   2.34E-08   1.56E-10   2.34E-10   3.77E-03   7.01E-04   7.27E-07
 6.62E+06   3.07E-12   1.07E-09   3.05E-08   6.17E-10   9.25E-10   3.77E-03   7.01E-04   7.54E-07
 6.78E+06   9.88E-12   1.21E-09   4.48E-08   1.95E-09   2.92E-09   3.78E-03   7.02E-04   7.92E-07
 6.92E+06   2.59E-11   1.40E-09   7.34E-08   5.03E-09   7.55E-09   3.78E-03   7.02E-04   8.55E-07
 7.08E+06   5.72E-11   1.66E-09   1.25E-07   1.10E-08   1.65E-08   3.78E-03   7.02E-04   9.58E-07
 7.22E+06   1.09E-10   2.02E-09   2.07E-07   2.07E-08   3.11E-08   3.78E-03   7.02E-04   1.11E-06
 7.38E+06   1.86E-10   2.53E-09   3.23E-07   3.48E-08   5.22E-08   3.78E-03   7.03E-04   1.33E-06
 7.52E+06   2.85E-10   3.20E-09   4.71E-07   5.28E-08   7.93E-08   3.78E-03   7.03E-04   1.60E-06
 7.68E+06   4.03E-10   4.06E-09   6.45E-07   7.39E-08   1.11E-07   3.78E-03   7.03E-04   1.91E-06
 7.82E+06   5.32E-10   5.15E-09   8.35E-07   9.67E-08   1.45E-07   3.78E-03   7.03E-04   2.24E-06
 7.98E+06   6.68E-10   6.48E-09   1.03E-06   1.20E-07   1.80E-07   3.78E-03   7.03E-04   2.59E-06
 8.12E+06   8.18E-10   8.10E-09   1.23E-06   1.43E-07   2.14E-07   3.78E-03   7.03E-04   2.92E-06
 8.28E+06   1.00E-09   1.00E-08   1.42E-06   1.65E-07   2.47E-07   3.78E-03   7.03E-04   3.25E-06
 8.42E+06   1.26E-09   1.24E-08   1.61E-06   1.86E-07   2.79E-07   3.78E-03   7.03E-04   3.57E-06
 8.58E+06   1.65E-09   1.54E-08   1.80E-06   2.07E-07   3.10E-07   3.79E-03   7.03E-04   3.89E-06
 8.72E+06   2.23E-09   1.91E-08   2.00E-06   2.28E-07   3.41E-07   3.79E-03   7.03E-04   4.23E-06
 8.88E+06   3.14E-09   2.38E-08   2.22E-06   2.49E-07   3.73E-07   3.79E-03   7.03E-04   4.58E-06
 9.02E+06   4.80E-09   2.95E-08   2.45E-06   2.72E-07   4.06E-07   3.79E-03   7.03E-04   4.94E-06
 9.18E+06   8.26E-09   3.63E-08   2.69E-06   2.94E-07   4.38E-07   3.79E-03   7.03E-04   5.31E-06
 9.32E+06   1.58E-08   4.40E-08   2.96E-06   3.17E-07   4.70E-07   3.79E-03   7.03E-04   5.68E-06
 9.48E+06   3.23E-08   5.23E-08   3.26E-06   3.39E-07   5.00E-07   3.79E-03   7.03E-04   6.05E-06
 9.62E+06   6.78E-08   6.13E-08   3.62E-06   3.61E-07   5.29E-07   3.79E-03   7.03E-04   6.42E-06
 9.78E+06   1.51E-07   7.15E-08   4.11E-06   3.83E-07   5.56E-07   3.79E-03   7.03E-04   6.81E-06
 9.92E+06   4.67E-07   8.96E-08   4.89E-06   4.08E-07   5.81E-07   3.79E-03   7.03E-04   7.27E-06

     Z      PH2O2      PCO2_1     PCO2_2     PH2CO_1    PH2CO_2    PHO2       PCH4_1     PCH4_2     
 2.50E+04   1.95E-06   1.99E-32   0.00E+00   1.66E-05   9.60E-06   4.93E-20   0.00E+00   0.00E+00
 1.75E+05   2.20E-06   2.94E-28   0.00E+00   1.90E-05   1.12E-05   3.97E-18   0.00E+00   0.00E+00
 3.25E+05   2.40E-06   2.73E-25   0.00E+00   2.11E-05   1.26E-05   2.12E-16   0.00E+00   0.00E+00
 4.75E+05   2.57E-06   3.83E-23   0.00E+00   2.31E-05   1.39E-05   7.03E-15   0.00E+00   0.00E+00
 6.25E+05   2.69E-06   1.73E-21   0.00E+00   2.49E-05   1.51E-05   1.50E-13   0.00E+00   0.00E+00
 7.75E+05   2.80E-06   3.90E-20   0.00E+00   2.65E-05   1.62E-05   2.14E-12   0.00E+00   0.00E+00
 9.25E+05   2.88E-06   5.47E-19   0.00E+00   2.79E-05   1.72E-05   2.15E-11   0.00E+00   0.00E+00
 1.08E+06   2.98E-06   5.19E-18   0.00E+00   2.93E-05   1.81E-05   1.57E-10   0.00E+00   0.00E+00
 1.22E+06   3.11E-06   3.31E-17   0.00E+00   3.04E-05   1.90E-05   8.10E-10   0.00E+00   0.00E+00
 1.38E+06   3.22E-06   1.53E-16   0.00E+00   3.14E-05   1.97E-05   3.17E-09   0.00E+00   0.00E+00
 1.52E+06   3.35E-06   5.67E-16   0.00E+00   3.24E-05   2.05E-05   1.03E-08   0.00E+00   0.00E+00
 1.68E+06   3.48E-06   1.81E-15   0.00E+00   3.33E-05   2.13E-05   2.98E-08   0.00E+00   0.00E+00
 1.82E+06   3.63E-06   5.22E-15   0.00E+00   3.41E-05   2.21E-05   7.90E-08   0.00E+00   0.00E+00
 1.98E+06   3.80E-06   1.40E-14   0.00E+00   3.49E-05   2.31E-05   1.95E-07   0.00E+00   0.00E+00
 2.12E+06   4.01E-06   3.54E-14   0.00E+00   3.56E-05   2.41E-05   4.50E-07   0.00E+00   0.00E+00
 2.28E+06   4.27E-06   8.40E-14   0.00E+00   3.64E-05   2.52E-05   9.73E-07   0.00E+00   0.00E+00
 2.42E+06   4.61E-06   1.86E-13   0.00E+00   3.70E-05   2.65E-05   1.97E-06   0.00E+00   0.00E+00
 2.58E+06   5.07E-06   3.81E-13   0.00E+00   3.77E-05   2.79E-05   3.76E-06   0.00E+00   0.00E+00
 2.72E+06   5.68E-06   7.21E-13   3.07-146   3.84E-05   2.94E-05   6.75E-06   2.49-144   4.83-144
 2.88E+06   6.51E-06   1.26E-12   1.22-119   3.92E-05   3.10E-05   1.14E-05   9.92-118   1.93-117
 3.02E+06   7.60E-06   2.07E-12   1.73E-98   3.99E-05   3.28E-05   1.83E-05   1.41E-96   2.73E-96
 3.18E+06   8.97E-06   3.18E-12   1.07E-81   4.06E-05   3.46E-05   2.79E-05   8.66E-80   1.68E-79
 3.32E+06   1.07E-05   4.67E-12   2.20E-68   4.13E-05   3.64E-05   4.05E-05   1.78E-66   3.46E-66
 3.48E+06   1.27E-05   6.56E-12   8.13E-58   4.20E-05   3.82E-05   5.65E-05   6.60E-56   1.28E-55
 3.62E+06   1.51E-05   8.89E-12   2.10E-49   4.27E-05   3.99E-05   7.58E-05   1.71E-47   3.31E-47
 3.78E+06   1.79E-05   1.17E-11   1.10E-42   4.34E-05   4.15E-05   9.86E-05   8.95E-41   1.74E-40
 3.92E+06   2.11E-05   1.48E-11   2.69E-37   4.40E-05   4.30E-05   1.24E-04   2.19E-35   4.25E-35
 4.08E+06   2.49E-05   1.82E-11   5.91E-33   4.46E-05   4.43E-05   1.51E-04   4.80E-31   9.32E-31
 4.22E+06   2.90E-05   2.19E-11   1.98E-29   4.52E-05   4.55E-05   1.78E-04   1.61E-27   3.13E-27
 4.38E+06   3.30E-05   2.57E-11   1.59E-26   4.57E-05   4.64E-05   2.03E-04   1.29E-24   2.50E-24
 4.52E+06   3.68E-05   2.97E-11   4.26E-24   4.61E-05   4.71E-05   2.24E-04   3.46E-22   6.71E-22
 4.68E+06   4.00E-05   3.38E-11   4.79E-22   4.64E-05   4.77E-05   2.42E-04   3.89E-20   7.55E-20
 4.82E+06   4.28E-05   3.81E-11   2.57E-20   4.67E-05   4.81E-05   2.56E-04   2.08E-18   4.04E-18
 4.98E+06   4.49E-05   4.26E-11   7.20E-19   4.69E-05   4.84E-05   2.68E-04   5.84E-17   1.13E-16
 5.12E+06   4.66E-05   4.76E-11   1.15E-17   4.71E-05   4.86E-05   2.76E-04   9.37E-16   1.82E-15
 5.28E+06   4.78E-05   5.31E-11   1.15E-16   4.72E-05   4.88E-05   2.83E-04   9.31E-15   1.81E-14
 5.42E+06   4.88E-05   5.93E-11   7.63E-16   4.73E-05   4.89E-05   2.88E-04   6.19E-14   1.20E-13
 5.58E+06   4.94E-05   6.61E-11   3.62E-15   4.73E-05   4.90E-05   2.91E-04   2.94E-13   5.71E-13
 5.72E+06   5.00E-05   7.36E-11   1.30E-14   4.74E-05   4.91E-05   2.94E-04   1.06E-12   2.05E-12
 5.88E+06   5.03E-05   8.17E-11   3.76E-14   4.74E-05   4.91E-05   2.96E-04   3.05E-12   5.89E-12
 6.02E+06   5.06E-05   9.03E-11   9.90E-14   4.74E-05   4.92E-05   2.98E-04   8.10E-12   1.49E-11
 6.18E+06   5.08E-05   9.94E-11   3.34E-13   4.74E-05   4.92E-05   2.99E-04   2.79E-11   4.25E-11
 6.32E+06   5.09E-05   1.09E-10   1.64E-12   4.75E-05   4.92E-05   3.00E-04   1.40E-10   1.74E-10
 6.48E+06   5.10E-05   1.20E-10   8.03E-12   4.75E-05   4.92E-05   3.01E-04   6.90E-10   7.86E-10
 6.62E+06   5.11E-05   1.31E-10   3.20E-11   4.75E-05   4.92E-05   3.01E-04   2.75E-09   3.05E-09
 6.78E+06   5.12E-05   1.44E-10   1.01E-10   4.75E-05   4.92E-05   3.02E-04   8.71E-09   9.54E-09
 6.92E+06   5.13E-05   1.58E-10   2.61E-10   4.75E-05   4.92E-05   3.02E-04   2.25E-08   2.45E-08
 7.08E+06   5.14E-05   1.74E-10   5.69E-10   4.75E-05   4.93E-05   3.02E-04   4.89E-08   5.32E-08
 7.22E+06   5.15E-05   1.94E-10   1.07E-09   4.75E-05   4.93E-05   3.03E-04   9.23E-08   1.00E-07
 7.38E+06   5.16E-05   2.17E-10   1.80E-09   4.76E-05   4.94E-05   3.03E-04   1.55E-07   1.68E-07
 7.52E+06   5.18E-05   2.44E-10   2.74E-09   4.77E-05   4.94E-05   3.03E-04   2.35E-07   2.54E-07
 7.68E+06   5.20E-05   2.76E-10   3.83E-09   4.77E-05   4.95E-05   3.04E-04   3.28E-07   3.55E-07
 7.82E+06   5.22E-05   3.12E-10   5.01E-09   4.78E-05   4.96E-05   3.04E-04   4.29E-07   4.64E-07
 7.98E+06   5.25E-05   3.52E-10   6.22E-09   4.79E-05   4.97E-05   3.04E-04   5.32E-07   5.75E-07
 8.12E+06   5.27E-05   3.97E-10   7.40E-09   4.80E-05   4.97E-05   3.04E-04   6.32E-07   6.84E-07
 8.28E+06   5.29E-05   4.46E-10   8.55E-09   4.81E-05   4.98E-05   3.05E-04   7.30E-07   7.89E-07
 8.42E+06   5.31E-05   5.00E-10   9.68E-09   4.82E-05   4.99E-05   3.05E-04   8.26E-07   8.93E-07
 8.58E+06   5.34E-05   5.61E-10   1.08E-08   4.82E-05   5.00E-05   3.05E-04   9.22E-07   9.97E-07
 8.72E+06   5.36E-05   6.30E-10   1.21E-08   4.83E-05   5.01E-05   3.06E-04   1.02E-06   1.11E-06
 8.88E+06   5.39E-05   7.12E-10   1.35E-08   4.84E-05   5.02E-05   3.06E-04   1.13E-06   1.22E-06
 9.02E+06   5.41E-05   8.11E-10   1.50E-08   4.85E-05   5.03E-05   3.06E-04   1.24E-06   1.34E-06
 9.18E+06   5.44E-05   9.39E-10   1.68E-08   4.87E-05   5.05E-05   3.06E-04   1.36E-06   1.46E-06
 9.32E+06   5.47E-05   1.12E-09   1.89E-08   4.89E-05   5.07E-05   3.07E-04   1.48E-06   1.59E-06
 9.48E+06   5.50E-05   1.43E-09   2.11E-08   4.92E-05   5.10E-05   3.07E-04   1.60E-06   1.72E-06
 9.62E+06   5.53E-05   1.95E-09   2.38E-08   4.96E-05   5.14E-05   3.07E-04   1.72E-06   1.84E-06
 9.78E+06   5.58E-05   2.84E-09   2.80E-08   5.01E-05   5.19E-05   3.07E-04   1.84E-06   1.96E-06
 9.92E+06   5.65E-05   4.21E-09   4.06E-08   5.07E-05   5.25E-05   3.07E-04   1.98E-06   2.10E-06

     Z      PCH4_3     PC2H6_1    PC2H6_2    PHNO2_1    PHNO3      PHNO3_3    PHNO3_1    PNO        
 2.50E+04   0.00E+00   0.00E+00   0.00E+00   5.39E-04   1.48E-07   1.13E-27   8.14E-28   0.00E+00
 1.75E+05   0.00E+00   0.00E+00   0.00E+00   5.99E-04   1.66E-07   2.34E-23   1.68E-23   0.00E+00
 3.25E+05   0.00E+00   0.00E+00   0.00E+00   6.52E-04   1.79E-07   2.31E-20   1.66E-20   0.00E+00
 4.75E+05   0.00E+00   0.00E+00   0.00E+00   7.00E-04   1.88E-07   3.34E-18   2.40E-18   1.01-129
 6.25E+05   0.00E+00   0.00E+00   0.00E+00   7.43E-04   1.91E-07   1.54E-16   1.10E-16   8.67E-99
 7.75E+05   0.00E+00   0.00E+00   0.00E+00   7.82E-04   1.91E-07   3.52E-15   2.53E-15   1.18E-79
 9.25E+05   0.00E+00   0.00E+00   0.00E+00   8.17E-04   1.88E-07   5.01E-14   3.60E-14   2.83E-65
 1.08E+06   0.00E+00   0.00E+00   0.00E+00   8.48E-04   1.89E-07   4.86E-13   3.49E-13   7.89E-54
 1.22E+06   0.00E+00   0.00E+00   0.00E+00   8.75E-04   1.98E-07   3.20E-12   2.30E-12   1.12E-44
 1.38E+06   0.00E+00   0.00E+00   0.00E+00   8.99E-04   2.08E-07   1.53E-11   1.10E-11   2.09E-37
 1.52E+06   0.00E+00   0.00E+00   0.00E+00   9.21E-04   2.23E-07   5.83E-11   4.18E-11   1.26E-31
 1.68E+06   0.00E+00   0.00E+00   0.00E+00   9.41E-04   2.48E-07   1.92E-10   1.38E-10   5.13E-27
 1.82E+06   0.00E+00   0.00E+00   0.00E+00   9.57E-04   2.93E-07   5.79E-10   4.16E-10   2.56E-23
 1.98E+06   0.00E+00   0.00E+00   0.00E+00   9.70E-04   3.79E-07   1.65E-09   1.18E-09   2.48E-20
 2.12E+06   0.00E+00   0.00E+00   0.00E+00   9.80E-04   5.41E-07   4.46E-09   3.20E-09   6.70E-18
 2.28E+06   0.00E+00   0.00E+00   0.00E+00   9.89E-04   8.38E-07   1.14E-08   8.18E-09   6.67E-16
 2.42E+06   0.00E+00   0.00E+00   0.00E+00   9.96E-04   1.35E-06   2.70E-08   1.94E-08   2.99E-14
 2.58E+06   0.00E+00   0.00E+00   0.00E+00   1.00E-03   2.18E-06   5.87E-08   4.21E-08   6.95E-13
 2.72E+06   7.46-144   0.00E+00   4.91-145   1.01E-03   3.43E-06   1.16E-07   8.36E-08   9.27E-12
 2.88E+06   2.97-117   0.00E+00   1.96-118   1.01E-03   5.17E-06   2.12E-07   1.52E-07   7.72E-11
 3.02E+06   4.22E-96   0.00E+00   2.78E-97   1.02E-03   7.43E-06   3.56E-07   2.56E-07   4.33E-10
 3.18E+06   2.59E-79   0.00E+00   1.71E-80   1.03E-03   1.02E-05   5.58E-07   4.01E-07   1.75E-09
 3.32E+06   5.34E-66   0.00E+00   3.52E-67   1.03E-03   1.33E-05   8.24E-07   5.91E-07   5.39E-09
 3.48E+06   1.98E-55   0.00E+00   1.30E-56   1.04E-03   1.68E-05   1.15E-06   8.28E-07   1.34E-08
 3.62E+06   5.11E-47   0.00E+00   3.37E-48   1.05E-03   2.04E-05   1.54E-06   1.11E-06   2.83E-08
 3.78E+06   2.68E-40   0.00E+00   1.77E-41   1.06E-03   2.40E-05   1.98E-06   1.42E-06   5.22E-08
 3.92E+06   6.55E-35   0.00E+00   4.32E-36   1.07E-03   2.77E-05   2.45E-06   1.76E-06   8.68E-08
 4.08E+06   1.44E-30   0.00E+00   9.47E-32   1.09E-03   3.13E-05   2.95E-06   2.12E-06   1.33E-07
 4.22E+06   4.83E-27   0.00E+00   3.18E-28   1.10E-03   3.47E-05   3.45E-06   2.48E-06   1.90E-07
 4.38E+06   3.86E-24   0.00E+00   2.54E-25   1.11E-03   3.77E-05   3.95E-06   2.83E-06   2.58E-07
 4.52E+06   1.04E-21   0.00E+00   6.83E-23   1.12E-03   4.02E-05   4.43E-06   3.18E-06   3.36E-07
 4.68E+06   1.16E-19   0.00E+00   7.67E-21   1.13E-03   4.24E-05   4.91E-06   3.52E-06   4.23E-07
 4.82E+06   6.24E-18   0.00E+00   4.11E-19   1.14E-03   4.42E-05   5.38E-06   3.86E-06   5.18E-07
 4.98E+06   1.75E-16   0.00E+00   1.15E-17   1.15E-03   4.56E-05   5.84E-06   4.19E-06   6.20E-07
 5.12E+06   2.81E-15   0.00E+00   1.85E-16   1.15E-03   4.68E-05   6.29E-06   4.52E-06   7.28E-07
 5.28E+06   2.79E-14   0.00E+00   1.84E-15   1.15E-03   4.78E-05   6.74E-06   4.84E-06   8.41E-07
 5.42E+06   1.86E-13   0.00E+00   1.22E-14   1.16E-03   4.85E-05   7.19E-06   5.16E-06   9.59E-07
 5.58E+06   8.81E-13   0.00E+00   5.81E-14   1.16E-03   4.92E-05   7.63E-06   5.48E-06   1.08E-06
 5.72E+06   3.17E-12   0.00E+00   2.09E-13   1.16E-03   4.97E-05   8.07E-06   5.79E-06   1.20E-06
 5.88E+06   9.02E-12   0.00E+00   6.12E-13   1.16E-03   5.01E-05   8.49E-06   6.09E-06   1.33E-06
 6.02E+06   2.14E-11   0.00E+00   1.83E-12   1.16E-03   5.05E-05   8.89E-06   6.38E-06   1.45E-06
 6.18E+06   4.51E-11   0.00E+00   8.53E-12   1.16E-03   5.08E-05   9.28E-06   6.67E-06   1.58E-06
 6.32E+06   9.62E-11   0.00E+00   5.26E-11   1.16E-03   5.10E-05   9.66E-06   6.94E-06   1.70E-06
 6.48E+06   2.39E-10   0.00E+00   2.77E-10   1.16E-03   5.13E-05   1.00E-05   7.20E-06   1.82E-06
 6.62E+06   6.67E-10   0.00E+00   1.12E-09   1.16E-03   5.15E-05   1.04E-05   7.45E-06   1.95E-06
 6.78E+06   1.81E-09   0.00E+00   3.52E-09   1.16E-03   5.16E-05   1.07E-05   7.70E-06   2.08E-06
 6.92E+06   4.37E-09   0.00E+00   8.99E-09   1.16E-03   5.18E-05   1.11E-05   7.94E-06   2.21E-06
 7.08E+06   9.20E-09   0.00E+00   1.93E-08   1.16E-03   5.20E-05   1.14E-05   8.20E-06   2.36E-06
 7.22E+06   1.70E-08   0.00E+00   3.60E-08   1.16E-03   5.22E-05   1.18E-05   8.47E-06   2.52E-06
 7.38E+06   2.82E-08   0.00E+00   5.97E-08   1.16E-03   5.24E-05   1.22E-05   8.77E-06   2.69E-06
 7.52E+06   4.25E-08   0.00E+00   8.96E-08   1.16E-03   5.28E-05   1.27E-05   9.09E-06   2.88E-06
 7.68E+06   5.90E-08   0.00E+00   1.24E-07   1.16E-03   5.32E-05   1.31E-05   9.43E-06   3.09E-06
 7.82E+06   7.68E-08   0.00E+00   1.61E-07   1.16E-03   5.36E-05   1.36E-05   9.78E-06   3.31E-06
 7.98E+06   9.50E-08   0.00E+00   1.98E-07   1.16E-03   5.41E-05   1.41E-05   1.01E-05   3.54E-06
 8.12E+06   1.13E-07   0.00E+00   2.35E-07   1.16E-03   5.45E-05   1.46E-05   1.05E-05   3.78E-06
 8.28E+06   1.30E-07   0.00E+00   2.71E-07   1.16E-03   5.49E-05   1.52E-05   1.09E-05   4.02E-06
 8.42E+06   1.48E-07   0.00E+00   3.07E-07   1.16E-03   5.54E-05   1.57E-05   1.12E-05   4.26E-06
 8.58E+06   1.66E-07   0.00E+00   3.45E-07   1.16E-03   5.58E-05   1.62E-05   1.16E-05   4.50E-06
 8.72E+06   1.85E-07   0.00E+00   3.87E-07   1.16E-03   5.62E-05   1.66E-05   1.20E-05   4.74E-06
 8.88E+06   2.05E-07   0.00E+00   4.33E-07   1.16E-03   5.66E-05   1.71E-05   1.23E-05   4.98E-06
 9.02E+06   2.26E-07   0.00E+00   4.82E-07   1.16E-03   5.70E-05   1.76E-05   1.27E-05   5.23E-06
 9.18E+06   2.48E-07   0.00E+00   5.34E-07   1.16E-03   5.74E-05   1.81E-05   1.30E-05   5.48E-06
 9.32E+06   2.71E-07   0.00E+00   5.88E-07   1.16E-03   5.79E-05   1.86E-05   1.34E-05   5.74E-06
 9.48E+06   2.93E-07   0.00E+00   6.42E-07   1.16E-03   5.83E-05   1.91E-05   1.37E-05   6.03E-06
 9.62E+06   3.16E-07   0.00E+00   6.95E-07   1.16E-03   5.88E-05   1.97E-05   1.41E-05   6.36E-06
 9.78E+06   3.37E-07   0.00E+00   7.48E-07   1.16E-03   5.93E-05   2.03E-05   1.46E-05   6.78E-06
 9.92E+06   3.59E-07   0.00E+00   8.01E-07   1.16E-03   6.01E-05   2.12E-05   1.52E-05   7.41E-06

     Z      PNO2_O1D   PNO2       PCH3_1     PSO        PH2S       PSO2       PSO2_SO21  PSO2_SO23  
 2.50E+04   2.38E-21   3.57E-03   2.80E-20   7.22E-20   2.32E-14   4.02E-20   3.51E-05   4.27E-07
 1.75E+05   1.87E-19   3.91E-03   2.17E-18   6.29E-18   2.83E-14   3.57E-18   4.15E-05   4.70E-07
 3.25E+05   9.72E-18   4.22E-03   1.14E-16   3.61E-16   3.32E-14   2.11E-16   4.74E-05   5.09E-07
 4.75E+05   3.15E-16   4.50E-03   3.75E-15   1.27E-14   4.30E-14   7.59E-15   5.28E-05   5.44E-07
 6.25E+05   6.58E-15   4.75E-03   7.85E-14   2.82E-13   1.67E-13   1.71E-13   5.78E-05   5.76E-07
 7.75E+05   9.27E-14   4.97E-03   1.11E-12   4.14E-12   1.91E-12   2.54E-12   6.26E-05   6.05E-07
 9.25E+05   9.23E-13   5.18E-03   1.10E-11   4.27E-11   1.96E-11   2.64E-11   6.70E-05   6.30E-07
 1.08E+06   6.66E-12   5.36E-03   7.84E-11   3.16E-10   1.46E-10   1.96E-10   7.11E-05   6.53E-07
 1.22E+06   3.41E-11   5.51E-03   3.98E-10   1.65E-09   7.71E-10   1.03E-09   7.49E-05   6.73E-07
 1.38E+06   1.33E-10   5.65E-03   1.54E-09   6.54E-09   3.07E-09   4.09E-09   7.86E-05   6.90E-07
 1.52E+06   4.32E-10   5.78E-03   4.94E-09   2.14E-08   1.01E-08   1.34E-08   8.28E-05   7.06E-07
 1.68E+06   1.24E-09   5.90E-03   1.41E-08   6.20E-08   2.92E-08   3.88E-08   8.80E-05   7.20E-07
 1.82E+06   3.29E-09   6.00E-03   3.72E-08   1.64E-07   7.71E-08   1.02E-07   9.45E-05   7.32E-07
 1.98E+06   8.15E-09   6.07E-03   9.17E-08   4.02E-07   1.88E-07   2.50E-07   1.03E-04   7.41E-07
 2.12E+06   1.89E-08   6.14E-03   2.12E-07   9.20E-07   4.28E-07   5.68E-07   1.13E-04   7.47E-07
 2.28E+06   4.12E-08   6.19E-03   4.63E-07   1.96E-06   9.07E-07   1.20E-06   1.27E-04   7.53E-07
 2.42E+06   8.45E-08   6.23E-03   9.53E-07   3.90E-06   1.79E-06   2.37E-06   1.43E-04   7.56E-07
 2.58E+06   1.63E-07   6.26E-03   1.86E-06   7.24E-06   3.30E-06   4.38E-06   1.64E-04   7.59E-07
 2.72E+06   2.97E-07   6.29E-03   3.45E-06   1.26E-05   5.70E-06   7.55E-06   1.89E-04   7.62E-07
 2.88E+06   5.12E-07   6.32E-03   6.08E-06   2.05E-05   9.23E-06   1.22E-05   2.20E-04   7.64E-07
 3.02E+06   8.37E-07   6.35E-03   1.01E-05   3.13E-05   1.41E-05   1.86E-05   2.56E-04   7.65E-07
 3.18E+06   1.30E-06   6.37E-03   1.56E-05   4.49E-05   2.03E-05   2.66E-05   2.98E-04   7.66E-07
 3.32E+06   1.93E-06   6.39E-03   2.26E-05   6.10E-05   2.78E-05   3.62E-05   3.46E-04   7.67E-07
 3.48E+06   2.74E-06   6.41E-03   3.05E-05   7.88E-05   3.64E-05   4.68E-05   3.98E-04   7.68E-07
 3.62E+06   3.75E-06   6.42E-03   3.90E-05   9.76E-05   4.58E-05   5.81E-05   4.53E-04   7.68E-07
 3.78E+06   4.93E-06   6.44E-03   4.73E-05   1.16E-04   5.58E-05   6.94E-05   5.11E-04   7.69E-07
 3.92E+06   6.26E-06   6.45E-03   5.50E-05   1.34E-04   6.59E-05   8.02E-05   5.70E-04   7.69E-07
 4.08E+06   7.63E-06   6.46E-03   6.17E-05   1.50E-04   7.55E-05   9.00E-05   6.28E-04   7.69E-07
 4.22E+06   8.95E-06   6.47E-03   6.71E-05   1.64E-04   8.41E-05   9.83E-05   6.83E-04   7.70E-07
 4.38E+06   1.01E-05   6.48E-03   7.14E-05   1.75E-04   9.16E-05   1.05E-04   7.31E-04   7.70E-07
 4.52E+06   1.11E-05   6.48E-03   7.47E-05   1.84E-04   9.78E-05   1.11E-04   7.72E-04   7.70E-07
 4.68E+06   1.19E-05   6.49E-03   7.73E-05   1.92E-04   1.03E-04   1.15E-04   8.05E-04   7.70E-07
 4.82E+06   1.25E-05   6.49E-03   7.92E-05   1.97E-04   1.07E-04   1.19E-04   8.31E-04   7.70E-07
 4.98E+06   1.30E-05   6.49E-03   8.07E-05   2.02E-04   1.10E-04   1.22E-04   8.51E-04   7.70E-07
 5.12E+06   1.34E-05   6.50E-03   8.18E-05   2.06E-04   1.13E-04   1.24E-04   8.66E-04   7.70E-07
 5.28E+06   1.37E-05   6.50E-03   8.26E-05   2.09E-04   1.15E-04   1.26E-04   8.77E-04   7.70E-07
 5.42E+06   1.39E-05   6.50E-03   8.33E-05   2.11E-04   1.17E-04   1.28E-04   8.85E-04   7.70E-07
 5.58E+06   1.41E-05   6.50E-03   8.38E-05   2.13E-04   1.18E-04   1.29E-04   8.90E-04   7.70E-07
 5.72E+06   1.43E-05   6.50E-03   8.42E-05   2.15E-04   1.19E-04   1.30E-04   8.94E-04   7.70E-07
 5.88E+06   1.44E-05   6.50E-03   8.44E-05   2.17E-04   1.20E-04   1.31E-04   8.97E-04   7.70E-07
 6.02E+06   1.45E-05   6.50E-03   8.47E-05   2.18E-04   1.21E-04   1.32E-04   8.99E-04   7.70E-07
 6.18E+06   1.46E-05   6.50E-03   8.48E-05   2.19E-04   1.21E-04   1.33E-04   9.00E-04   7.70E-07
 6.32E+06   1.47E-05   6.50E-03   8.50E-05   2.20E-04   1.22E-04   1.33E-04   9.01E-04   7.70E-07
 6.48E+06   1.47E-05   6.50E-03   8.51E-05   2.20E-04   1.22E-04   1.34E-04   9.02E-04   7.71E-07
 6.62E+06   1.48E-05   6.50E-03   8.51E-05   2.21E-04   1.23E-04   1.34E-04   9.02E-04   7.71E-07
 6.78E+06   1.49E-05   6.50E-03   8.52E-05   2.21E-04   1.23E-04   1.35E-04   9.03E-04   7.71E-07
 6.92E+06   1.49E-05   6.50E-03   8.52E-05   2.22E-04   1.24E-04   1.35E-04   9.03E-04   7.71E-07
 7.08E+06   1.50E-05   6.50E-03   8.53E-05   2.22E-04   1.24E-04   1.36E-04   9.03E-04   7.71E-07
 7.22E+06   1.52E-05   6.50E-03   8.53E-05   2.23E-04   1.25E-04   1.36E-04   9.03E-04   7.71E-07
 7.38E+06   1.53E-05   6.50E-03   8.53E-05   2.23E-04   1.25E-04   1.37E-04   9.03E-04   7.71E-07
 7.52E+06   1.55E-05   6.50E-03   8.54E-05   2.23E-04   1.26E-04   1.38E-04   9.03E-04   7.71E-07
 7.68E+06   1.57E-05   6.50E-03   8.54E-05   2.23E-04   1.26E-04   1.38E-04   9.03E-04   7.71E-07
 7.82E+06   1.59E-05   6.50E-03   8.54E-05   2.24E-04   1.27E-04   1.39E-04   9.03E-04   7.71E-07
 7.98E+06   1.61E-05   6.50E-03   8.54E-05   2.24E-04   1.28E-04   1.40E-04   9.03E-04   7.71E-07
 8.12E+06   1.64E-05   6.50E-03   8.54E-05   2.24E-04   1.28E-04   1.41E-04   9.03E-04   7.71E-07
 8.28E+06   1.66E-05   6.50E-03   8.54E-05   2.24E-04   1.29E-04   1.42E-04   9.03E-04   7.71E-07
 8.42E+06   1.68E-05   6.50E-03   8.54E-05   2.24E-04   1.30E-04   1.42E-04   9.03E-04   7.71E-07
 8.58E+06   1.71E-05   6.50E-03   8.54E-05   2.24E-04   1.30E-04   1.43E-04   9.03E-04   7.71E-07
 8.72E+06   1.73E-05   6.50E-03   8.54E-05   2.24E-04   1.31E-04   1.44E-04   9.03E-04   7.71E-07
 8.88E+06   1.75E-05   6.51E-03   8.54E-05   2.25E-04   1.32E-04   1.45E-04   9.03E-04   7.71E-07
 9.02E+06   1.78E-05   6.51E-03   8.54E-05   2.25E-04   1.32E-04   1.46E-04   9.03E-04   7.71E-07
 9.18E+06   1.81E-05   6.51E-03   8.54E-05   2.25E-04   1.33E-04   1.46E-04   9.03E-04   7.71E-07
 9.32E+06   1.84E-05   6.51E-03   8.54E-05   2.25E-04   1.34E-04   1.47E-04   9.03E-04   7.71E-07
 9.48E+06   1.87E-05   6.51E-03   8.54E-05   2.25E-04   1.34E-04   1.48E-04   9.03E-04   7.71E-07
 9.62E+06   1.91E-05   6.51E-03   8.54E-05   2.25E-04   1.35E-04   1.49E-04   9.03E-04   7.71E-07
 9.78E+06   1.97E-05   6.51E-03   8.54E-05   2.25E-04   1.36E-04   1.50E-04   9.03E-04   7.71E-07
 9.92E+06   2.06E-05   6.51E-03   8.54E-05   2.25E-04   1.37E-04   1.50E-04   9.04E-04   7.71E-07

     Z      PS2        PS4        PS3        PS8L       PS8R       PS8        PSO3       PHSO       
 2.50E+04   2.80E-05   1.15E-01   5.34E-01   0.00E+00   0.00E+00   7.60E-14   6.45E-08   4.93E-20
 1.75E+05   3.30E-05   1.19E-01   5.74E-01   0.00E+00   0.00E+00   1.07E-13   7.52E-08   3.97E-18
 3.25E+05   3.76E-05   1.22E-01   6.09E-01   0.00E+00   0.00E+00   1.45E-13   8.48E-08   2.12E-16
 4.75E+05   4.18E-05   1.26E-01   6.41E-01   0.00E+00   0.00E+00   1.94E-13   9.37E-08   7.03E-15
 6.25E+05   4.57E-05   1.28E-01   6.70E-01   0.00E+00   0.00E+00   2.55E-13   1.02E-07   1.50E-13
 7.75E+05   4.94E-05   1.31E-01   6.96E-01   0.00E+00   0.00E+00   3.32E-13   1.09E-07   2.14E-12
 9.25E+05   5.28E-05   1.33E-01   7.19E-01   0.00E+00   0.00E+00   4.32E-13   1.16E-07   2.15E-11
 1.08E+06   5.60E-05   1.36E-01   7.39E-01   0.00E+00   0.00E+00   5.69E-13   1.22E-07   1.57E-10
 1.22E+06   5.88E-05   1.37E-01   7.57E-01   0.00E+00   0.00E+00   7.59E-13   1.28E-07   8.10E-10
 1.38E+06   6.16E-05   1.39E-01   7.74E-01   0.00E+00   0.00E+00   1.01E-12   1.34E-07   3.17E-09
 1.52E+06   6.47E-05   1.41E-01   7.89E-01   0.00E+00   0.00E+00   1.35E-12   1.40E-07   1.03E-08
 1.68E+06   6.84E-05   1.43E-01   8.02E-01   0.00E+00   0.00E+00   1.81E-12   1.49E-07   2.98E-08
 1.82E+06   7.29E-05   1.45E-01   8.13E-01   0.00E+00   0.00E+00   2.41E-12   1.62E-07   7.90E-08
 1.98E+06   7.85E-05   1.46E-01   8.22E-01   0.00E+00   0.00E+00   3.20E-12   1.84E-07   1.95E-07
 2.12E+06   8.55E-05   1.47E-01   8.28E-01   0.00E+00   0.00E+00   4.27E-12   2.24E-07   4.50E-07
 2.28E+06   9.42E-05   1.47E-01   8.33E-01   0.00E+00   0.00E+00   5.69E-12   2.98E-07   9.73E-07
 2.42E+06   1.05E-04   1.48E-01   8.36E-01   0.00E+00   0.00E+00   7.61E-12   4.27E-07   1.97E-06
 2.58E+06   1.18E-04   1.48E-01   8.39E-01   0.00E+00   0.00E+00   1.02E-11   6.42E-07   3.76E-06
 2.72E+06   1.34E-04   1.49E-01   8.41E-01   0.00E+00   0.00E+00   1.37E-11   9.83E-07   6.75E-06
 2.88E+06   1.54E-04   1.49E-01   8.43E-01   0.00E+00   0.00E+00   1.85E-11   1.49E-06   1.14E-05
 3.02E+06   1.78E-04   1.49E-01   8.44E-01   0.00E+00   0.00E+00   2.51E-11   2.18E-06   1.83E-05
 3.18E+06   2.06E-04   1.49E-01   8.45E-01   0.00E+00   0.00E+00   3.40E-11   3.08E-06   2.79E-05
 3.32E+06   2.37E-04   1.49E-01   8.46E-01   0.00E+00   0.00E+00   4.62E-11   4.17E-06   4.05E-05
 3.48E+06   2.72E-04   1.49E-01   8.46E-01   0.00E+00   0.00E+00   6.27E-11   5.44E-06   5.65E-05
 3.62E+06   3.08E-04   1.50E-01   8.47E-01   0.00E+00   0.00E+00   8.48E-11   6.85E-06   7.58E-05
 3.78E+06   3.45E-04   1.50E-01   8.47E-01   0.00E+00   0.00E+00   1.14E-10   8.38E-06   9.86E-05
 3.92E+06   3.82E-04   1.50E-01   8.47E-01   0.00E+00   0.00E+00   1.53E-10   9.99E-06   1.24E-04
 4.08E+06   4.17E-04   1.50E-01   8.47E-01   0.00E+00   0.00E+00   2.05E-10   1.16E-05   1.51E-04
 4.22E+06   4.48E-04   1.50E-01   8.48E-01   0.00E+00   0.00E+00   2.72E-10   1.32E-05   1.78E-04
 4.38E+06   4.74E-04   1.50E-01   8.48E-01   0.00E+00   0.00E+00   3.57E-10   1.47E-05   2.03E-04
 4.52E+06   4.96E-04   1.50E-01   8.48E-01   0.00E+00   0.00E+00   4.61E-10   1.60E-05   2.24E-04
 4.68E+06   5.13E-04   1.50E-01   8.48E-01   0.00E+00   0.00E+00   5.89E-10   1.71E-05   2.42E-04
 4.82E+06   5.27E-04   1.50E-01   8.48E-01   0.00E+00   0.00E+00   7.43E-10   1.80E-05   2.56E-04
 4.98E+06   5.37E-04   1.50E-01   8.48E-01   0.00E+00   0.00E+00   9.31E-10   1.87E-05   2.68E-04
 5.12E+06   5.44E-04   1.50E-01   8.48E-01   0.00E+00   0.00E+00   1.16E-09   1.93E-05   2.76E-04
 5.28E+06   5.49E-04   1.50E-01   8.48E-01   0.00E+00   0.00E+00   1.43E-09   1.98E-05   2.83E-04
 5.42E+06   5.53E-04   1.50E-01   8.48E-01   0.00E+00   0.00E+00   1.77E-09   2.01E-05   2.88E-04
 5.58E+06   5.56E-04   1.50E-01   8.48E-01   0.00E+00   0.00E+00   2.18E-09   2.04E-05   2.91E-04
 5.72E+06   5.58E-04   1.50E-01   8.48E-01   0.00E+00   0.00E+00   2.68E-09   2.06E-05   2.94E-04
 5.88E+06   5.59E-04   1.50E-01   8.48E-01   0.00E+00   0.00E+00   3.29E-09   2.08E-05   2.96E-04
 6.02E+06   5.60E-04   1.50E-01   8.48E-01   0.00E+00   0.00E+00   4.05E-09   2.09E-05   2.98E-04
 6.18E+06   5.61E-04   1.50E-01   8.48E-01   0.00E+00   0.00E+00   4.99E-09   2.11E-05   2.99E-04
 6.32E+06   5.62E-04   1.50E-01   8.48E-01   0.00E+00   0.00E+00   6.16E-09   2.12E-05   3.00E-04
 6.48E+06   5.62E-04   1.50E-01   8.48E-01   0.00E+00   0.00E+00   7.60E-09   2.12E-05   3.01E-04
 6.62E+06   5.62E-04   1.50E-01   8.48E-01   0.00E+00   0.00E+00   9.40E-09   2.13E-05   3.01E-04
 6.78E+06   5.62E-04   1.50E-01   8.48E-01   0.00E+00   0.00E+00   1.16E-08   2.14E-05   3.02E-04
 6.92E+06   5.62E-04   1.50E-01   8.48E-01   0.00E+00   0.00E+00   1.44E-08   2.15E-05   3.02E-04
 7.08E+06   5.62E-04   1.50E-01   8.48E-01   0.00E+00   0.00E+00   1.80E-08   2.15E-05   3.02E-04
 7.22E+06   5.62E-04   1.50E-01   8.48E-01   0.00E+00   0.00E+00   2.24E-08   2.16E-05   3.03E-04
 7.38E+06   5.62E-04   1.50E-01   8.48E-01   0.00E+00   0.00E+00   2.80E-08   2.16E-05   3.03E-04
 7.52E+06   5.62E-04   1.50E-01   8.48E-01   0.00E+00   0.00E+00   3.51E-08   2.17E-05   3.03E-04
 7.68E+06   5.62E-04   1.50E-01   8.48E-01   0.00E+00   0.00E+00   4.40E-08   2.18E-05   3.04E-04
 7.82E+06   5.62E-04   1.50E-01   8.48E-01   0.00E+00   0.00E+00   5.52E-08   2.18E-05   3.04E-04
 7.98E+06   5.62E-04   1.50E-01   8.48E-01   0.00E+00   0.00E+00   6.92E-08   2.19E-05   3.04E-04
 8.12E+06   5.62E-04   1.50E-01   8.48E-01   0.00E+00   0.00E+00   8.68E-08   2.20E-05   3.04E-04
 8.28E+06   5.63E-04   1.50E-01   8.48E-01   0.00E+00   0.00E+00   1.09E-07   2.20E-05   3.05E-04
 8.42E+06   5.63E-04   1.50E-01   8.48E-01   0.00E+00   0.00E+00   1.36E-07   2.21E-05   3.05E-04
 8.58E+06   5.63E-04   1.50E-01   8.48E-01   0.00E+00   0.00E+00   1.71E-07   2.22E-05   3.05E-04
 8.72E+06   5.63E-04   1.50E-01   8.48E-01   0.00E+00   0.00E+00   2.14E-07   2.22E-05   3.06E-04
 8.88E+06   5.63E-04   1.50E-01   8.48E-01   0.00E+00   0.00E+00   2.68E-07   2.23E-05   3.06E-04
 9.02E+06   5.63E-04   1.50E-01   8.48E-01   0.00E+00   0.00E+00   3.36E-07   2.24E-05   3.06E-04
 9.18E+06   5.63E-04   1.50E-01   8.48E-01   0.00E+00   0.00E+00   4.20E-07   2.24E-05   3.06E-04
 9.32E+06   5.63E-04   1.50E-01   8.48E-01   0.00E+00   0.00E+00   5.26E-07   2.25E-05   3.07E-04
 9.48E+06   5.63E-04   1.50E-01   8.48E-01   0.00E+00   0.00E+00   6.57E-07   2.26E-05   3.07E-04
 9.62E+06   5.63E-04   1.50E-01   8.48E-01   0.00E+00   0.00E+00   8.20E-07   2.27E-05   3.07E-04
 9.78E+06   5.63E-04   1.50E-01   8.48E-01   0.00E+00   0.00E+00   1.02E-06   2.28E-05   3.07E-04
 9.92E+06   5.63E-04   1.50E-01   8.48E-01   0.00E+00   0.00E+00   1.28E-06   2.32E-05   3.07E-04

     Z      POCS       PNO3_NO    PNO3_NO2   PN2O       PHO2NO2_NO2PHO2NO2_NO3PN2O5_NO2  PN2O5_NO   
 2.50E+04   9.91E-12   1.06E-02   8.31E-02   6.00E-23   1.49E-06   3.72E-07   3.06E-10   9.97E-06
 1.75E+05   1.18E-11   1.08E-02   8.46E-02   5.92E-21   1.73E-06   4.33E-07   3.83E-10   1.14E-05
 3.25E+05   1.36E-11   1.10E-02   8.59E-02   3.93E-19   1.95E-06   4.89E-07   4.59E-10   1.27E-05
 4.75E+05   1.53E-11   1.12E-02   8.69E-02   1.54E-17   2.16E-06   5.39E-07   5.38E-10   1.39E-05
 6.25E+05   1.68E-11   1.14E-02   8.76E-02   3.59E-16   2.34E-06   5.86E-07   6.20E-10   1.50E-05
 7.75E+05   1.83E-11   1.15E-02   8.80E-02   5.36E-15   2.51E-06   6.28E-07   7.10E-10   1.60E-05
 9.25E+05   2.01E-11   1.17E-02   8.82E-02   5.48E-14   2.67E-06   6.68E-07   8.28E-10   1.69E-05
 1.08E+06   2.40E-11   1.19E-02   8.86E-02   4.09E-13   2.82E-06   7.04E-07   1.10E-09   1.77E-05
 1.22E+06   3.69E-11   1.20E-02   8.95E-02   2.20E-12   2.95E-06   7.37E-07   2.05E-09   1.84E-05
 1.38E+06   7.89E-11   1.21E-02   9.05E-02   8.94E-12   3.07E-06   7.68E-07   5.29E-09   1.91E-05
 1.52E+06   2.02E-10   1.23E-02   9.17E-02   2.99E-11   3.21E-06   8.02E-07   1.50E-08   1.97E-05
 1.68E+06   5.37E-10   1.24E-02   9.29E-02   8.77E-11   3.36E-06   8.41E-07   4.13E-08   2.04E-05
 1.82E+06   1.40E-09   1.26E-02   9.40E-02   2.33E-10   3.56E-06   8.91E-07   1.07E-07   2.11E-05
 1.98E+06   3.50E-09   1.27E-02   9.49E-02   5.73E-10   3.83E-06   9.60E-07   2.60E-07   2.18E-05
 2.12E+06   8.39E-09   1.27E-02   9.57E-02   1.30E-09   4.22E-06   1.06E-06   5.89E-07   2.27E-05
 2.28E+06   1.92E-08   1.28E-02   9.63E-02   2.76E-09   4.82E-06   1.22E-06   1.25E-06   2.36E-05
 2.42E+06   4.16E-08   1.29E-02   9.69E-02   5.42E-09   5.76E-06   1.47E-06   2.46E-06   2.46E-05
 2.58E+06   8.60E-08   1.29E-02   9.74E-02   9.91E-09   7.18E-06   1.85E-06   4.55E-06   2.58E-05
 2.72E+06   1.70E-07   1.29E-02   9.79E-02   1.69E-08   9.30E-06   2.43E-06   7.87E-06   2.72E-05
 2.88E+06   3.19E-07   1.29E-02   9.84E-02   2.69E-08   1.23E-05   3.25E-06   1.28E-05   2.88E-05
 3.02E+06   5.72E-07   1.30E-02   9.89E-02   4.03E-08   1.64E-05   4.36E-06   1.95E-05   3.06E-05
 3.18E+06   9.78E-07   1.30E-02   9.94E-02   5.70E-08   2.17E-05   5.79E-06   2.82E-05   3.27E-05
 3.32E+06   1.59E-06   1.30E-02   9.99E-02   7.67E-08   2.81E-05   7.54E-06   3.87E-05   3.49E-05
 3.48E+06   2.48E-06   1.30E-02   1.00E-01   9.86E-08   3.58E-05   9.61E-06   5.08E-05   3.73E-05
 3.62E+06   3.69E-06   1.30E-02   1.01E-01   1.22E-07   4.48E-05   1.20E-05   6.45E-05   3.99E-05
 3.78E+06   5.25E-06   1.30E-02   1.01E-01   1.46E-07   5.52E-05   1.48E-05   7.96E-05   4.27E-05
 3.92E+06   7.13E-06   1.30E-02   1.02E-01   1.70E-07   6.76E-05   1.81E-05   9.63E-05   4.57E-05
 4.08E+06   9.22E-06   1.30E-02   1.02E-01   1.93E-07   8.20E-05   2.18E-05   1.14E-04   4.88E-05
 4.22E+06   1.13E-05   1.30E-02   1.02E-01   2.12E-07   9.80E-05   2.60E-05   1.33E-04   5.20E-05
 4.38E+06   1.33E-05   1.30E-02   1.02E-01   2.29E-07   1.14E-04   3.02E-05   1.52E-04   5.51E-05
 4.52E+06   1.50E-05   1.30E-02   1.02E-01   2.42E-07   1.30E-04   3.41E-05   1.69E-04   5.79E-05
 4.68E+06   1.64E-05   1.30E-02   1.02E-01   2.54E-07   1.43E-04   3.76E-05   1.84E-04   6.02E-05
 4.82E+06   1.76E-05   1.30E-02   1.02E-01   2.63E-07   1.54E-04   4.06E-05   1.97E-04   6.21E-05
 4.98E+06   1.84E-05   1.30E-02   1.01E-01   2.72E-07   1.63E-04   4.29E-05   2.07E-04   6.36E-05
 5.12E+06   1.91E-05   1.30E-02   1.01E-01   2.80E-07   1.70E-04   4.48E-05   2.16E-04   6.47E-05
 5.28E+06   1.96E-05   1.30E-02   1.01E-01   2.88E-07   1.76E-04   4.62E-05   2.22E-04   6.55E-05
 5.42E+06   2.00E-05   1.30E-02   1.01E-01   2.95E-07   1.80E-04   4.73E-05   2.27E-04   6.61E-05
 5.58E+06   2.02E-05   1.30E-02   1.01E-01   3.01E-07   1.83E-04   4.81E-05   2.31E-04   6.66E-05
 5.72E+06   2.04E-05   1.30E-02   1.01E-01   3.08E-07   1.85E-04   4.87E-05   2.35E-04   6.69E-05
 5.88E+06   2.06E-05   1.30E-02   1.00E-01   3.13E-07   1.87E-04   4.92E-05   2.37E-04   6.71E-05
 6.02E+06   2.07E-05   1.30E-02   1.00E-01   3.19E-07   1.88E-04   4.96E-05   2.40E-04   6.72E-05
 6.18E+06   2.07E-05   1.30E-02   1.00E-01   3.23E-07   1.89E-04   4.99E-05   2.41E-04   6.74E-05
 6.32E+06   2.08E-05   1.30E-02   9.98E-02   3.28E-07   1.90E-04   5.01E-05   2.43E-04   6.74E-05
 6.48E+06   2.09E-05   1.31E-02   9.96E-02   3.33E-07   1.90E-04   5.02E-05   2.44E-04   6.75E-05
 6.62E+06   2.09E-05   1.31E-02   9.94E-02   3.38E-07   1.91E-04   5.04E-05   2.46E-04   6.75E-05
 6.78E+06   2.09E-05   1.31E-02   9.92E-02   3.44E-07   1.91E-04   5.05E-05   2.47E-04   6.75E-05
 6.92E+06   2.10E-05   1.31E-02   9.90E-02   3.53E-07   1.91E-04   5.05E-05   2.48E-04   6.75E-05
 7.08E+06   2.10E-05   1.31E-02   9.88E-02   3.67E-07   1.91E-04   5.06E-05   2.49E-04   6.75E-05
 7.22E+06   2.11E-05   1.31E-02   9.86E-02   3.87E-07   1.91E-04   5.06E-05   2.50E-04   6.75E-05
 7.38E+06   2.13E-05   1.31E-02   9.84E-02   4.15E-07   1.91E-04   5.07E-05   2.52E-04   6.76E-05
 7.52E+06   2.14E-05   1.31E-02   9.84E-02   4.53E-07   1.92E-04   5.07E-05   2.53E-04   6.76E-05
 7.68E+06   2.16E-05   1.31E-02   9.84E-02   4.95E-07   1.92E-04   5.07E-05   2.55E-04   6.76E-05
 7.82E+06   2.18E-05   1.31E-02   9.84E-02   5.41E-07   1.92E-04   5.07E-05   2.57E-04   6.76E-05
 7.98E+06   2.20E-05   1.31E-02   9.84E-02   5.89E-07   1.92E-04   5.07E-05   2.58E-04   6.76E-05
 8.12E+06   2.22E-05   1.31E-02   9.84E-02   6.37E-07   1.92E-04   5.08E-05   2.60E-04   6.76E-05
 8.28E+06   2.24E-05   1.31E-02   9.84E-02   6.84E-07   1.92E-04   5.08E-05   2.62E-04   6.76E-05
 8.42E+06   2.26E-05   1.31E-02   9.84E-02   7.32E-07   1.92E-04   5.08E-05   2.64E-04   6.76E-05
 8.58E+06   2.29E-05   1.31E-02   9.84E-02   7.83E-07   1.92E-04   5.08E-05   2.65E-04   6.76E-05
 8.72E+06   2.31E-05   1.31E-02   9.84E-02   8.41E-07   1.92E-04   5.08E-05   2.67E-04   6.76E-05
 8.88E+06   2.34E-05   1.31E-02   9.84E-02   9.11E-07   1.92E-04   5.08E-05   2.69E-04   6.76E-05
 9.02E+06   2.37E-05   1.31E-02   9.84E-02   9.98E-07   1.92E-04   5.08E-05   2.71E-04   6.76E-05
 9.18E+06   2.41E-05   1.31E-02   9.84E-02   1.11E-06   1.92E-04   5.08E-05   2.73E-04   6.76E-05
 9.32E+06   2.46E-05   1.31E-02   9.84E-02   1.25E-06   1.92E-04   5.08E-05   2.75E-04   6.76E-05
 9.48E+06   2.53E-05   1.31E-02   9.84E-02   1.41E-06   1.92E-04   5.08E-05   2.77E-04   6.76E-05
 9.62E+06   2.63E-05   1.31E-02   9.84E-02   1.59E-06   1.92E-04   5.08E-05   2.80E-04   6.76E-05
 9.78E+06   2.79E-05   1.31E-02   9.84E-02   1.81E-06   1.92E-04   5.08E-05   2.83E-04   6.76E-05
 9.92E+06   3.16E-05   1.31E-02   9.84E-02   2.08E-06   1.92E-04   5.08E-05   2.89E-04   6.76E-05
 N =   42  EMAX = 9.55E-11 FOR SO4AER  AT Z = 4.82E+06 U = 3.67E-11 RHS =-3.51E-21  DT = 6.73E+18  TIME = 1.68E+18

 TIME = 1.68E+18     TIMEY = 5.33E+10 YEARS

 NPHOT =   29

 MIXING RATIOS OF LONG-LIVED SPECIES


     Z        O        O2       H2O      H        OH       HO2      H2O2     H2       CO       HCO      H2CO     CH4      CH3      C2H6     NO       NO2      HNO      H2S     
  2.50E+04 6.64E-17 9.45E-02 1.13E-02 9.13E-21 4.33E-14 1.10E-11 1.07E-09 5.30E-07 1.10E-07 3.63E-22 2.36E-10 1.80E-06 3.27E-21 3.17E-26 2.10E-12 4.16E-12 1.69E-17 9.08E-12
  7.50E+04 7.62E-17 9.45E-02 9.39E-03 9.88E-21 4.64E-14 1.12E-11 1.14E-09 5.30E-07 1.07E-07 3.92E-22 2.34E-10 1.80E-06 3.28E-21 3.17E-26 2.27E-12 4.21E-12 1.70E-17 6.32E-12
  1.25E+05 8.84E-17 9.45E-02 7.90E-03 1.08E-20 5.03E-14 1.14E-11 1.17E-09 5.31E-07 1.04E-07 4.10E-22 2.23E-10 1.80E-06 3.33E-21 3.16E-26 2.52E-12 4.38E-12 1.47E-17 4.39E-12
  1.75E+05 1.03E-16 9.45E-02 6.50E-03 1.17E-20 5.44E-14 1.14E-11 1.18E-09 5.31E-07 1.02E-07 4.22E-22 2.09E-10 1.79E-06 3.35E-21 3.16E-26 2.85E-12 4.66E-12 1.19E-17 3.04E-12
  2.75E+05 1.44E-16 9.45E-02 4.19E-03 1.36E-20 6.35E-14 1.13E-11 1.15E-09 5.31E-07 9.65E-08 4.34E-22 1.81E-10 1.79E-06 3.36E-21 3.14E-26 3.78E-12 5.50E-12 7.46E-18 1.45E-12
  3.75E+05 2.03E-16 9.45E-02 2.54E-03 1.56E-20 7.30E-14 1.07E-11 1.04E-09 5.32E-07 9.16E-08 4.33E-22 1.53E-10 1.79E-06 3.29E-21 3.13E-26 5.17E-12 6.67E-12 4.57E-18 6.90E-13
  4.75E+05 2.81E-16 9.45E-02 1.41E-03 1.72E-20 8.08E-14 9.72E-12 8.70E-10 5.32E-07 8.72E-08 4.02E-22 1.23E-10 1.79E-06 3.01E-21 3.12E-26 6.88E-12 7.69E-12 2.73E-18 3.34E-13
  5.75E+05 3.78E-16 9.45E-02 7.04E-04 1.72E-20 8.13E-14 8.41E-12 6.91E-10 5.32E-07 8.34E-08 3.27E-22 9.08E-11 1.79E-06 2.41E-21 3.11E-26 7.96E-12 7.45E-12 1.48E-18 1.70E-13
  6.75E+05 4.96E-16 9.45E-02 3.10E-04 1.52E-20 7.28E-14 6.95E-12 5.25E-10 5.32E-07 8.01E-08 2.28E-22 5.99E-11 1.78E-06 1.64E-21 3.13E-26 7.84E-12 5.90E-12 7.33E-19 9.33E-14
  7.75E+05 6.39E-16 9.45E-02 1.19E-04 1.37E-20 6.65E-14 5.49E-12 3.81E-10 5.32E-07 7.72E-08 1.56E-22 3.80E-11 1.78E-06 1.09E-21 3.18E-26 8.82E-12 5.16E-12 4.36E-19 5.44E-14
  8.75E+05 8.12E-16 9.45E-02 4.06E-05 1.42E-20 7.00E-14 4.14E-12 2.66E-10 5.32E-07 7.47E-08 1.18E-22 2.54E-11 1.78E-06 8.02E-22 3.25E-26 1.35E-11 5.93E-12 3.60E-19 3.30E-14
  9.75E+05 1.02E-15 9.45E-02 1.22E-05 1.60E-20 7.96E-14 3.03E-12 1.84E-10 5.33E-07 7.25E-08 9.64E-23 1.79E-11 1.78E-06 6.12E-22 3.34E-26 2.22E-11 7.07E-12 3.29E-19 2.08E-14
  1.08E+06 1.47E-15 9.45E-02 6.69E-06 1.95E-20 9.10E-14 2.39E-12 1.23E-10 5.33E-07 7.02E-08 9.02E-23 1.42E-11 1.78E-06 5.94E-22 3.51E-26 3.30E-11 8.60E-12 2.68E-19 1.31E-14
  1.18E+06 2.68E-15 9.45E-02 4.36E-06 2.23E-20 9.60E-14 1.67E-12 5.89E-11 5.33E-07 6.61E-08 8.76E-23 1.19E-11 1.78E-06 6.28E-22 4.04E-26 5.11E-11 1.33E-11 1.69E-19 6.10E-15
  1.28E+06 5.56E-15 9.45E-02 4.14E-06 2.24E-20 9.03E-14 1.03E-12 1.97E-11 5.32E-07 6.03E-08 7.81E-23 9.37E-12 1.77E-06 6.10E-22 5.33E-26 7.99E-11 2.45E-11 8.63E-20 2.19E-15
  1.38E+06 1.33E-14 9.45E-02 4.17E-06 2.00E-20 7.84E-14 5.86E-13 4.44E-12 5.32E-07 5.25E-08 6.60E-23 7.02E-12 1.76E-06 5.69E-22 8.50E-26 1.29E-10 5.53E-11 3.93E-20 6.00E-16
  1.48E+06 3.13E-14 9.45E-02 4.21E-06 1.99E-20 7.74E-14 4.33E-13 1.14E-12 5.31E-07 4.42E-08 6.64E-23 6.06E-12 1.74E-06 6.27E-22 1.42E-25 1.91E-10 1.15E-10 2.95E-20 1.39E-16
  1.58E+06 6.87E-14 9.45E-02 4.26E-06 2.22E-20 8.68E-14 4.11E-13 6.08E-13 5.29E-07 3.64E-08 7.85E-23 6.00E-12 1.71E-06 8.02E-22 2.31E-25 2.63E-10 2.10E-10 4.38E-20 2.83E-17
  1.68E+06 1.42E-13 9.45E-02 4.33E-06 2.66E-20 1.05E-13 4.54E-13 5.59E-13 5.27E-07 2.94E-08 1.01E-22 6.41E-12 1.67E-06 1.11E-21 3.62E-25 3.43E-10 3.43E-10 7.02E-20 4.95E-18
  1.78E+06 2.75E-13 9.45E-02 4.42E-06 3.40E-20 1.34E-13 5.55E-13 6.59E-13 5.23E-07 2.38E-08 1.37E-22 7.17E-12 1.63E-06 1.63E-21 5.42E-25 4.32E-10 5.08E-10 9.91E-20 7.71E-19
  1.88E+06 5.07E-13 9.45E-02 4.53E-06 4.61E-20 1.77E-13 7.22E-13 8.85E-13 5.19E-07 1.94E-08 1.94E-22 8.27E-12 1.58E-06 2.47E-21 7.86E-25 5.33E-10 7.07E-10 1.16E-19 1.06E-19
  1.98E+06 9.00E-13 9.45E-02 4.64E-06 6.64E-20 2.44E-13 9.80E-13 1.29E-12 5.14E-07 1.62E-08 2.81E-22 9.73E-12 1.52E-06 3.85E-21 1.11E-24 6.51E-10 9.39E-10 1.05E-19 1.27E-20
  2.08E+06 1.55E-12 9.45E-02 4.76E-06 1.02E-19 3.44E-13 1.37E-12 1.96E-12 5.09E-07 1.39E-08 4.17E-22 1.16E-11 1.47E-06 6.12E-21 1.53E-24 7.88E-10 1.20E-09 8.24E-20 1.40E-21
  2.18E+06 2.60E-12 9.45E-02 4.88E-06 1.65E-19 4.98E-13 1.95E-12 3.07E-12 5.03E-07 1.24E-08 6.30E-22 1.40E-11 1.41E-06 9.91E-21 2.10E-24 9.53E-10 1.50E-09 6.70E-20 1.72E-22
  2.28E+06 4.27E-12 9.45E-02 5.00E-06 2.80E-19 7.32E-13 2.79E-12 4.82E-12 4.96E-07 1.13E-08 9.64E-22 1.69E-11 1.35E-06 1.62E-20 2.87E-24 1.15E-09 1.83E-09 5.93E-20 5.87E-23
  2.38E+06 6.92E-12 9.45E-02 5.13E-06 4.95E-19 1.09E-12 4.01E-12 7.50E-12 4.88E-07 1.07E-08 1.49E-21 2.03E-11 1.29E-06 2.68E-20 3.93E-24 1.39E-09 2.19E-09 5.98E-20 4.94E-23
  2.48E+06 1.11E-11 9.45E-02 5.25E-06 9.06E-19 1.63E-12 5.72E-12 1.14E-11 4.81E-07 1.02E-08 2.31E-21 2.43E-11 1.23E-06 4.45E-20 5.46E-24 1.66E-09 2.58E-09 7.01E-20 4.65E-23
  2.58E+06 1.75E-11 9.45E-02 5.37E-06 1.71E-18 2.42E-12 8.09E-12 1.67E-11 4.72E-07 9.96E-09 3.57E-21 2.88E-11 1.17E-06 7.38E-20 7.70E-24 1.98E-09 2.98E-09 9.24E-20 4.21E-23
  2.68E+06 2.73E-11 9.45E-02 5.49E-06 3.31E-18 3.55E-12 1.12E-11 2.35E-11 4.63E-07 9.83E-09 5.47E-21 3.36E-11 1.12E-06 1.22E-19 1.11E-23 2.34E-09 3.36E-09 1.30E-19 3.59E-23
  2.78E+06 4.24E-11 9.45E-02 5.62E-06 6.57E-18 5.13E-12 1.52E-11 3.15E-11 4.54E-07 9.82E-09 8.24E-21 3.86E-11 1.06E-06 1.99E-19 1.64E-23 2.74E-09 3.73E-09 1.89E-19 2.89E-23
  2.88E+06 6.54E-11 9.45E-02 5.74E-06 1.33E-17 7.24E-12 2.00E-11 3.98E-11 4.44E-07 9.89E-09 1.22E-20 4.36E-11 1.00E-06 3.24E-19 2.46E-23 3.17E-09 4.03E-09 2.76E-19 2.23E-23
  2.98E+06 1.01E-10 9.45E-02 5.86E-06 2.76E-17 9.97E-12 2.56E-11 4.79E-11 4.34E-07 1.01E-08 1.76E-20 4.86E-11 9.45E-07 5.20E-19 3.78E-23 3.62E-09 4.26E-09 3.98E-19 1.63E-23
  3.08E+06 1.54E-10 9.45E-02 5.98E-06 5.80E-17 1.34E-11 3.20E-11 5.48E-11 4.24E-07 1.03E-08 2.49E-20 5.34E-11 8.89E-07 8.27E-19 5.90E-23 4.08E-09 4.39E-09 5.67E-19 1.15E-23
  3.18E+06 2.35E-10 9.45E-02 6.10E-06 1.23E-16 1.77E-11 3.89E-11 6.01E-11 4.13E-07 1.06E-08 3.46E-20 5.81E-11 8.34E-07 1.31E-18 9.29E-23 4.51E-09 4.40E-09 7.95E-19 7.99E-24
  3.28E+06 3.60E-10 9.45E-02 6.21E-06 2.62E-16 2.30E-11 4.63E-11 6.32E-11 4.03E-07 1.09E-08 4.73E-20 6.26E-11 7.80E-07 2.05E-18 1.48E-22 4.90E-09 4.29E-09 1.10E-18 5.46E-24
  3.38E+06 5.48E-10 9.45E-02 6.33E-06 5.65E-16 2.97E-11 5.39E-11 6.41E-11 3.93E-07 1.13E-08 6.38E-20 6.68E-11 7.27E-07 3.18E-18 2.36E-22 5.24E-09 4.06E-09 1.49E-18 3.71E-24
  3.48E+06 8.35E-10 9.45E-02 6.44E-06 1.22E-15 3.81E-11 6.15E-11 6.27E-11 3.83E-07 1.16E-08 8.54E-20 7.06E-11 6.76E-07 4.92E-18 3.77E-22 5.52E-09 3.73E-09 2.00E-18 2.55E-24
  3.58E+06 1.27E-09 9.45E-02 6.54E-06 2.66E-15 4.89E-11 6.89E-11 5.93E-11 3.74E-07 1.18E-08 1.14E-19 7.40E-11 6.27E-07 7.56E-18 6.01E-22 5.74E-09 3.32E-09 2.66E-18 1.81E-24
  3.68E+06 1.93E-09 9.45E-02 6.63E-06 5.85E-15 6.30E-11 7.61E-11 5.47E-11 3.67E-07 1.21E-08 1.52E-19 7.68E-11 5.82E-07 1.16E-17 9.46E-22 5.91E-09 2.86E-09 3.51E-18 1.36E-24
  3.78E+06 2.92E-09 9.45E-02 6.72E-06 1.29E-14 8.14E-11 8.30E-11 4.96E-11 3.62E-07 1.22E-08 2.01E-19 7.90E-11 5.40E-07 1.76E-17 1.48E-21 6.03E-09 2.37E-09 4.61E-18 1.09E-24
  3.88E+06 4.42E-09 9.45E-02 6.80E-06 2.82E-14 1.05E-10 9.00E-11 4.47E-11 3.58E-07 1.23E-08 2.65E-19 8.02E-11 5.01E-07 2.65E-17 2.30E-21 6.09E-09 1.88E-09 5.98E-18 9.22E-25
  3.98E+06 6.61E-09 9.44E-02 6.86E-06 6.06E-14 1.34E-10 9.73E-11 4.06E-11 3.57E-07 1.24E-08 3.43E-19 8.01E-11 4.67E-07 3.91E-17 3.51E-21 6.08E-09 1.42E-09 7.59E-18 8.28E-25
  4.08E+06 9.73E-09 9.44E-02 6.92E-06 1.25E-13 1.66E-10 1.05E-10 3.74E-11 3.58E-07 1.24E-08 4.31E-19 7.84E-11 4.36E-07 5.56E-17 5.32E-21 5.99E-09 1.03E-09 9.28E-18 7.82E-25
  4.18E+06 1.39E-08 9.44E-02 6.96E-06 2.44E-13 2.00E-10 1.14E-10 3.51E-11 3.63E-07 1.24E-08 5.20E-19 7.50E-11 4.09E-07 7.57E-17 7.99E-21 5.80E-09 7.15E-10 1.09E-17 7.75E-25
  4.28E+06 1.93E-08 9.44E-02 7.00E-06 4.47E-13 2.33E-10 1.23E-10 3.34E-11 3.72E-07 1.25E-08 6.00E-19 7.04E-11 3.86E-07 9.80E-17 1.19E-20 5.54E-09 4.84E-10 1.21E-17 7.98E-25
  4.38E+06 2.58E-08 9.44E-02 7.02E-06 7.65E-13 2.64E-10 1.32E-10 3.22E-11 3.83E-07 1.26E-08 6.65E-19 6.50E-11 3.67E-07 1.21E-16 1.79E-20 5.23E-09 3.24E-10 1.30E-17 8.44E-25
  4.48E+06 3.35E-08 9.44E-02 7.03E-06 1.24E-12 2.92E-10 1.40E-10 3.11E-11 3.98E-07 1.28E-08 7.13E-19 5.94E-11 3.51E-07 1.44E-16 2.69E-20 4.89E-09 2.15E-10 1.34E-17 9.08E-25
  4.58E+06 4.24E-08 9.44E-02 7.04E-06 1.91E-12 3.16E-10 1.48E-10 3.01E-11 4.16E-07 1.31E-08 7.43E-19 5.39E-11 3.37E-07 1.66E-16 4.13E-20 4.54E-09 1.43E-10 1.35E-17 9.82E-25
  4.68E+06 5.24E-08 9.44E-02 7.04E-06 2.84E-12 3.37E-10 1.56E-10 2.91E-11 4.37E-07 1.37E-08 7.63E-19 4.89E-11 3.26E-07 1.88E-16 6.33E-20 4.19E-09 9.58E-11 1.33E-17 1.05E-24
  4.78E+06 6.39E-08 9.44E-02 7.03E-06 4.13E-12 3.56E-10 1.63E-10 2.79E-11 4.61E-07 1.45E-08 7.77E-19 4.43E-11 3.17E-07 2.12E-16 9.67E-20 3.86E-09 6.48E-11 1.30E-17 1.11E-24
  4.88E+06 7.69E-08 9.44E-02 7.01E-06 5.88E-12 3.73E-10 1.70E-10 2.67E-11 4.88E-07 1.57E-08 7.86E-19 4.01E-11 3.08E-07 2.38E-16 1.46E-19 3.55E-09 4.43E-11 1.25E-17 1.16E-24
  4.98E+06 9.16E-08 9.44E-02 6.99E-06 8.26E-12 3.89E-10 1.76E-10 2.54E-11 5.18E-07 1.73E-08 7.92E-19 3.63E-11 3.02E-07 2.66E-16 2.18E-19 3.26E-09 3.06E-11 1.20E-17 1.19E-24
  5.08E+06 1.08E-07 9.44E-02 6.96E-06 1.15E-11 4.05E-10 1.83E-10 2.42E-11 5.50E-07 1.94E-08 7.95E-19 3.29E-11 2.96E-07 2.97E-16 3.18E-19 3.00E-09 2.13E-11 1.15E-17 1.21E-24
  5.18E+06 1.28E-07 9.44E-02 6.94E-06 1.59E-11 4.20E-10 1.89E-10 2.31E-11 5.85E-07 2.21E-08 7.97E-19 2.98E-11 2.90E-07 3.32E-16 4.54E-19 2.76E-09 1.50E-11 1.10E-17 1.23E-24
  5.28E+06 1.50E-07 9.44E-02 6.90E-06 2.19E-11 4.36E-10 1.96E-10 2.21E-11 6.23E-07 2.56E-08 7.97E-19 2.70E-11 2.85E-07 3.70E-16 6.38E-19 2.54E-09 1.07E-11 1.05E-17 1.24E-24
  5.38E+06 1.75E-07 9.44E-02 6.86E-06 3.01E-11 4.54E-10 2.03E-10 2.12E-11 6.64E-07 3.00E-08 7.97E-19 2.44E-11 2.81E-07 4.12E-16 8.79E-19 2.34E-09 7.67E-12 9.99E-18 1.25E-24
  5.48E+06 2.03E-07 9.44E-02 6.82E-06 4.13E-11 4.73E-10 2.12E-10 2.05E-11 7.09E-07 3.55E-08 7.95E-19 2.20E-11 2.76E-07 4.58E-16 1.19E-18 2.15E-09 5.56E-12 9.57E-18 1.28E-24
  5.58E+06 2.35E-07 9.44E-02 6.78E-06 5.67E-11 4.94E-10 2.21E-10 1.98E-11 7.58E-07 4.23E-08 7.92E-19 1.99E-11 2.72E-07 5.08E-16 1.59E-18 1.98E-09 4.07E-12 9.20E-18 1.31E-24
  5.68E+06 2.70E-07 9.44E-02 6.72E-06 7.78E-11 5.17E-10 2.31E-10 1.94E-11 8.11E-07 5.07E-08 7.88E-19 1.80E-11 2.68E-07 5.62E-16 2.09E-18 1.82E-09 3.02E-12 8.87E-18 1.36E-24
  5.78E+06 3.11E-07 9.44E-02 6.67E-06 1.07E-10 5.44E-10 2.43E-10 1.91E-11 8.69E-07 6.09E-08 7.82E-19 1.62E-11 2.63E-07 6.20E-16 2.71E-18 1.68E-09 2.26E-12 8.60E-18 1.42E-24
  5.88E+06 3.56E-07 9.44E-02 6.61E-06 1.47E-10 5.73E-10 2.56E-10 1.89E-11 9.33E-07 7.33E-08 7.74E-19 1.46E-11 2.59E-07 6.82E-16 3.48E-18 1.55E-09 1.72E-12 8.37E-18 1.51E-24
  5.98E+06 4.06E-07 9.44E-02 6.54E-06 2.02E-10 6.06E-10 2.72E-10 1.89E-11 1.00E-06 8.83E-08 7.66E-19 1.31E-11 2.54E-07 7.47E-16 4.41E-18 1.43E-09 1.33E-12 8.18E-18 1.62E-24
  6.08E+06 4.62E-07 9.44E-02 6.46E-06 2.79E-10 6.43E-10 2.89E-10 1.90E-11 1.08E-06 1.06E-07 7.57E-19 1.17E-11 2.49E-07 8.14E-16 5.54E-18 1.33E-09 1.04E-12 8.04E-18 1.76E-24
  6.18E+06 5.26E-07 9.44E-02 6.38E-06 3.86E-10 6.85E-10 3.08E-10 1.92E-11 1.16E-06 1.28E-07 7.50E-19 1.05E-11 2.44E-07 8.84E-16 6.90E-18 1.23E-09 8.31E-13 7.94E-18 1.94E-24
  6.28E+06 5.97E-07 9.44E-02 6.29E-06 5.36E-10 7.33E-10 3.30E-10 1.96E-11 1.25E-06 1.53E-07 7.51E-19 9.44E-12 2.39E-07 9.57E-16 8.52E-18 1.14E-09 6.73E-13 7.90E-18 2.16E-24
  6.38E+06 6.75E-07 9.43E-02 6.19E-06 7.48E-10 7.89E-10 3.57E-10 2.04E-11 1.36E-06 1.84E-07 7.83E-19 8.63E-12 2.32E-07 1.05E-15 1.04E-17 1.06E-09 5.58E-13 7.94E-18 2.47E-24
  6.48E+06 7.57E-07 9.43E-02 6.07E-06 1.05E-09 8.60E-10 3.90E-10 2.18E-11 1.47E-06 2.20E-07 9.02E-19 8.28E-12 2.26E-07 1.19E-15 1.27E-17 9.95E-10 4.75E-13 8.10E-18 2.96E-24
  6.58E+06 8.38E-07 9.43E-02 5.95E-06 1.49E-09 9.54E-10 4.36E-10 2.44E-11 1.59E-06 2.62E-07 1.24E-18 8.85E-12 2.19E-07 1.50E-15 1.54E-17 9.34E-10 4.21E-13 8.49E-18 3.82E-24
  6.68E+06 9.09E-07 9.43E-02 5.82E-06 2.13E-09 1.09E-09 5.03E-10 2.89E-11 1.73E-06 3.13E-07 2.07E-18 1.11E-11 2.11E-07 2.21E-15 1.85E-17 8.81E-10 3.96E-13 9.23E-18 5.48E-24
  6.78E+06 9.63E-07 9.43E-02 5.66E-06 3.10E-09 1.29E-09 6.01E-10 3.64E-11 1.88E-06 3.72E-07 3.85E-18 1.60E-11 2.02E-07 3.80E-15 2.22E-17 8.37E-10 3.97E-13 1.05E-17 8.72E-24
  6.88E+06 1.01E-06 9.43E-02 5.50E-06 4.58E-09 1.57E-09 7.39E-10 4.79E-11 2.04E-06 4.42E-07 7.28E-18 2.48E-11 1.93E-07 7.05E-15 2.64E-17 8.00E-10 4.21E-13 1.23E-17 1.49E-23
  6.98E+06 1.05E-06 9.43E-02 5.31E-06 6.87E-09 1.93E-09 9.21E-10 6.40E-11 2.23E-06 5.24E-07 1.33E-17 3.85E-11 1.83E-07 1.32E-14 3.14E-17 7.71E-10 4.59E-13 1.47E-17 2.57E-23
  7.08E+06 1.12E-06 9.42E-02 5.11E-06 1.04E-08 2.39E-09 1.14E-09 8.47E-11 2.43E-06 6.20E-07 2.32E-17 5.75E-11 1.72E-07 2.35E-14 3.70E-17 7.50E-10 4.99E-13 1.78E-17 4.25E-23
  7.18E+06 1.22E-06 9.42E-02 4.89E-06 1.61E-08 2.91E-09 1.40E-09 1.08E-10 2.64E-06 7.33E-07 3.81E-17 8.12E-11 1.61E-07 3.92E-14 4.33E-17 7.35E-10 5.29E-13 2.14E-17 6.52E-23
  7.28E+06 1.37E-06 9.42E-02 4.65E-06 2.50E-08 3.49E-09 1.66E-09 1.32E-10 2.88E-06 8.64E-07 5.92E-17 1.08E-10 1.49E-07 6.03E-14 4.99E-17 7.28E-10 5.38E-13 2.53E-17 9.09E-23
  7.38E+06 1.60E-06 9.42E-02 4.39E-06 3.93E-08 4.08E-09 1.93E-09 1.53E-10 3.13E-06 1.02E-06 8.72E-17 1.37E-10 1.37E-07 8.52E-14 5.62E-17 7.28E-10 5.21E-13 2.95E-17 1.14E-22
  7.48E+06 1.95E-06 9.41E-02 4.10E-06 6.27E-08 4.61E-09 2.15E-09 1.65E-10 3.39E-06 1.19E-06 1.23E-16 1.65E-10 1.25E-07 1.10E-13 6.13E-17 7.35E-10 4.69E-13 3.35E-17 1.26E-22
  7.58E+06 2.43E-06 9.41E-02 3.81E-06 9.97E-08 5.10E-09 2.34E-09 1.70E-10 3.66E-06 1.40E-06 1.66E-16 1.89E-10 1.13E-07 1.31E-13 6.44E-17 7.50E-10 4.08E-13 3.75E-17 1.29E-22
  7.68E+06 3.02E-06 9.41E-02 3.50E-06 1.62E-07 5.75E-09 2.59E-09 1.71E-10 3.93E-06 1.62E-06 2.14E-16 2.06E-10 1.01E-07 1.46E-13 6.51E-17 7.73E-10 3.59E-13 4.33E-17 1.29E-22
  7.78E+06 4.19E-06 9.40E-02 3.17E-06 2.81E-07 6.29E-09 2.76E-09 1.52E-10 4.17E-06 1.88E-06 2.66E-16 2.10E-10 9.04E-08 1.40E-13 6.30E-17 8.06E-10 2.80E-13 4.89E-17 1.03E-22
  7.88E+06 8.85E-06 9.40E-02 2.84E-06 5.14E-07 4.90E-09 2.08E-09 9.76E-11 4.37E-06 2.17E-06 3.27E-16 1.86E-10 8.01E-08 8.54E-14 5.90E-17 8.47E-10 1.18E-13 3.87E-17 3.58E-23
  7.98E+06 2.52E-05 9.39E-02 2.50E-06 8.63E-07 2.81E-09 1.08E-09 4.52E-11 4.50E-06 2.48E-06 4.08E-16 1.27E-10 7.05E-08 3.65E-14 5.43E-17 8.97E-10 2.94E-14 2.10E-17 5.53E-24
  8.08E+06 6.70E-05 9.38E-02 2.19E-06 1.27E-06 1.65E-09 5.22E-10 1.78E-11 4.59E-06 2.81E-06 4.85E-16 6.97E-11 6.17E-08 1.59E-14 4.92E-17 9.65E-10 8.98E-15 1.08E-17 5.68E-25
  8.18E+06 1.54E-04 9.37E-02 1.89E-06 1.69E-06 1.09E-09 2.63E-10 6.46E-12 4.64E-06 3.17E-06 5.42E-16 3.70E-11 5.36E-08 7.81E-15 4.39E-17 1.06E-09 4.72E-15 5.93E-18 4.42E-26
  8.28E+06 3.11E-04 9.35E-02 1.62E-06 2.10E-06 7.83E-10 1.39E-10 2.19E-12 4.67E-06 3.53E-06 5.83E-16 2.09E-11 4.63E-08 4.28E-15 3.84E-17 1.19E-09 3.68E-15 3.53E-18 2.72E-27
  8.38E+06 5.66E-04 9.33E-02 1.38E-06 2.48E-06 5.94E-10 7.75E-11 6.98E-13 4.69E-06 3.92E-06 6.06E-16 1.27E-11 3.97E-08 2.56E-15 3.30E-17 1.37E-09 3.38E-15 2.25E-18 1.39E-28
  8.48E+06 9.51E-04 9.30E-02 1.16E-06 2.81E-06 4.66E-10 4.50E-11 2.09E-13 4.69E-06 4.31E-06 6.10E-16 8.21E-12 3.38E-08 1.64E-15 2.78E-17 1.58E-09 3.29E-15 1.52E-18 6.78E-30
  8.58E+06 1.50E-03 9.26E-02 9.74E-07 3.11E-06 3.71E-10 2.71E-11 5.91E-14 4.70E-06 4.72E-06 5.94E-16 5.58E-12 2.87E-08 1.11E-15 2.29E-17 1.83E-09 3.24E-15 1.06E-18 4.32E-31
  8.68E+06 2.23E-03 9.21E-02 8.12E-07 3.37E-06 2.98E-10 1.68E-11 1.58E-14 4.69E-06 5.13E-06 5.63E-16 3.96E-12 2.42E-08 7.82E-16 1.85E-17 2.08E-09 3.16E-15 7.52E-19 4.56E-32
  8.78E+06 3.18E-03 9.14E-02 6.73E-07 3.60E-06 2.39E-10 1.08E-11 4.02E-15 4.69E-06 5.54E-06 5.21E-16 2.92E-12 2.03E-08 5.74E-16 1.48E-17 2.30E-09 3.00E-15 5.36E-19 6.96E-33
  8.88E+06 4.36E-03 9.06E-02 5.55E-07 3.79E-06 1.92E-10 7.07E-12 9.99E-16 4.68E-06 5.96E-06 4.72E-16 2.21E-12 1.69E-08 4.35E-16 1.16E-17 2.46E-09 2.76E-15 3.79E-19 1.31E-33
  8.98E+06 5.78E-03 8.97E-02 4.56E-07 3.95E-06 1.53E-10 4.74E-12 2.48E-16 4.67E-06 6.38E-06 4.23E-16 1.72E-12 1.41E-08 3.39E-16 8.96E-18 2.55E-09 2.46E-15 2.66E-19 2.86E-34
  9.08E+06 7.45E-03 8.87E-02 3.72E-07 4.09E-06 1.22E-10 3.24E-12 6.38E-17 4.66E-06 6.79E-06 3.76E-16 1.37E-12 1.17E-08 2.69E-16 6.87E-18 2.57E-09 2.13E-15 1.86E-19 7.07E-35
  9.18E+06 9.37E-03 8.74E-02 3.04E-07 4.21E-06 9.66E-11 2.25E-12 1.78E-17 4.65E-06 7.19E-06 3.33E-16 1.12E-12 9.69E-09 2.19E-16 5.25E-18 2.55E-09 1.82E-15 1.30E-19 1.95E-35
  9.28E+06 1.15E-02 8.61E-02 2.47E-07 4.31E-06 7.59E-11 1.59E-12 5.54E-18 4.63E-06 7.58E-06 2.95E-16 9.23E-13 8.03E-09 1.81E-16 3.99E-18 2.51E-09 1.54E-15 9.18E-20 5.88E-36
  9.38E+06 1.39E-02 8.46E-02 2.01E-07 4.39E-06 5.94E-11 1.14E-12 1.95E-18 4.62E-06 7.95E-06 2.62E-16 7.79E-13 6.67E-09 1.53E-16 3.05E-18 2.46E-09 1.30E-15 6.54E-20 1.93E-36
  9.48E+06 1.65E-02 8.30E-02 1.64E-07 4.47E-06 4.61E-11 8.26E-13 7.67E-19 4.61E-06 8.29E-06 2.36E-16 6.71E-13 5.58E-09 1.32E-16 2.34E-18 2.40E-09 1.09E-15 4.72E-20 6.85E-37
  9.58E+06 1.92E-02 8.13E-02 1.35E-07 4.53E-06 3.57E-11 6.06E-13 3.29E-19 4.60E-06 8.60E-06 2.16E-16 5.94E-13 4.73E-09 1.16E-16 1.83E-18 2.35E-09 9.16E-16 3.45E-20 2.60E-37
  9.68E+06 2.20E-02 7.95E-02 1.13E-07 4.58E-06 2.74E-11 4.51E-13 1.50E-19 4.58E-06 8.87E-06 2.03E-16 5.44E-13 4.09E-09 1.07E-16 1.46E-18 2.29E-09 7.69E-16 2.56E-20 1.06E-37
  9.78E+06 2.49E-02 7.78E-02 9.67E-08 4.62E-06 2.10E-11 3.40E-13 7.28E-20 4.57E-06 9.09E-06 2.00E-16 5.23E-13 3.64E-09 1.02E-16 1.20E-18 2.23E-09 6.46E-16 1.92E-20 4.65E-38
  9.88E+06 2.75E-02 7.62E-02 8.69E-08 4.65E-06 1.61E-11 2.61E-13 3.80E-20 4.56E-06 9.25E-06 2.08E-16 5.39E-13 3.39E-09 1.06E-16 1.05E-18 2.18E-09 5.44E-16 1.47E-20 2.23E-38
  9.98E+06 2.96E-02 7.49E-02 8.35E-08 4.67E-06 1.24E-11 2.06E-13 2.46E-20 4.56E-06 9.34E-06 2.43E-16 6.41E-13 3.33E-09 1.26E-16 9.77E-19 2.14E-09 4.60E-16 1.16E-20 1.25E-38

 TP, TL
           2.37E+15 2.44E+15 4.38E+10 2.96E+12 3.61E+12 2.68E+12 8.22E+10 4.98E+10 1.04E+11 5.42E+10 1.06E+11 6.47E+02 1.05E+11 5.67E-02 2.45E+13 2.46E+13 2.49E+05 7.13E+05
           2.37E+15 2.44E+15 3.23E+10 2.96E+12 3.61E+12 2.68E+12 7.68E+10 3.43E+10 2.53E+11 5.42E+10 1.04E+11 1.06E+11 1.05E+11 5.67E-02 2.45E+13 2.46E+13 2.49E+05 2.01E+08

     Z        HS       S        SO       SO2      H2SO4    HSO      S2       S4       S8       SO3      OCS      S3       O3       HNO3     N        NO3      N2O      HO2NO2  
  2.50E+04 2.32E-17 5.02E-32 2.91E-19 6.66E-11 4.01E-12 5.73E-13 6.88E-36 6.37E-62 7.38-105 1.65E-21 4.88E-22 2.01E-59 1.22E-08 2.30E-11 2.71-178 3.46E-16 3.00E-07 8.91E-14
  7.50E+04 1.69E-17 2.66E-32 2.74E-19 1.02E-10 6.08E-12 5.56E-13 4.39E-36 2.32E-62 7.38-105 3.35E-21 4.88E-22 5.97E-60 1.28E-08 2.56E-11 8.40-172 3.33E-16 3.00E-07 1.27E-13
  1.25E+05 1.23E-17 1.41E-32 2.42E-19 1.34E-10 8.23E-12 4.53E-13 2.38E-36 6.10E-63 7.38-105 5.70E-21 4.88E-22 1.52E-60 1.36E-08 2.89E-11 2.21-165 3.34E-16 3.00E-07 1.87E-13
  1.75E+05 8.90E-18 7.32E-33 2.05E-19 1.62E-10 1.04E-11 3.43E-13 1.17E-36 1.33E-63 7.38-105 9.27E-21 4.88E-22 3.44E-61 1.46E-08 3.30E-11 4.88-159 3.45E-16 3.00E-07 2.86E-13
  2.75E+05 4.52E-18 1.88E-33 1.41E-19 2.12E-10 1.50E-11 1.79E-13 2.41E-37 4.51E-65 7.38-105 2.32E-20 4.87E-22 1.43E-62 1.73E-08 4.26E-11 1.39-146 3.91E-16 3.00E-07 7.20E-13
  3.75E+05 2.24E-18 4.60E-34 9.37E-20 2.60E-10 1.92E-11 8.90E-14 4.26E-38 1.13E-66 7.38-105 5.93E-20 4.87E-22 4.84E-64 2.06E-08 5.22E-11 1.86-134 4.55E-16 3.00E-07 1.90E-12
  4.75E+05 1.09E-18 1.08E-34 6.23E-20 3.08E-10 2.26E-11 4.41E-14 6.77E-39 2.28E-68 7.38-105 1.53E-19 4.86E-22 1.43E-65 2.45E-08 5.98E-11 1.10-122 5.05E-16 3.00E-07 5.26E-12
  5.75E+05 5.08E-19 2.37E-35 4.13E-20 3.58E-10 2.42E-11 2.28E-14 9.90E-40 3.92E-70 7.38-105 3.97E-19 4.86E-22 3.62E-67 2.87E-08 6.41E-11 2.60-111 5.09E-16 3.00E-07 1.33E-11
  6.75E+05 2.29E-19 4.93E-36 2.76E-20 4.11E-10 2.40E-11 1.26E-14 1.35E-40 5.88E-72 7.38-105 1.02E-18 4.85E-22 8.15E-69 3.31E-08 6.58E-11 2.15-100 4.91E-16 2.99E-07 2.50E-11
  7.75E+05 1.13E-19 1.27E-36 2.10E-20 4.62E-10 2.36E-11 7.36E-15 1.75E-41 7.93E-74 7.38-105 3.01E-18 4.85E-22 2.17E-70 3.79E-08 6.75E-11 5.30E-90 5.13E-16 2.99E-07 3.41E-11
  8.75E+05 6.71E-20 6.39E-37 2.08E-20 5.07E-10 2.46E-11 4.40E-15 2.22E-42 1.02E-75 7.38-105 1.13E-17 4.84E-22 1.09E-71 4.31E-08 7.05E-11 2.72E-80 5.73E-16 2.99E-07 3.69E-11
  9.75E+05 4.51E-20 1.40E-36 3.04E-20 5.45E-10 2.65E-11 2.73E-15 3.97E-43 2.59E-77 7.38-105 5.08E-17 4.84E-22 3.37E-72 4.85E-08 7.52E-11 1.48E-71 6.65E-16 2.99E-07 3.44E-11
  1.08E+06 2.96E-20 1.08E-35 6.68E-20 5.91E-10 2.83E-11 1.71E-15 5.13E-43 3.26E-77 7.38-105 1.31E-16 4.83E-22 2.50E-71 5.58E-08 8.37E-11 5.62E-64 7.36E-16 2.99E-07 3.04E-11
  1.18E+06 1.15E-20 1.31E-34 2.26E-19 6.98E-10 2.98E-11 8.07E-16 1.82E-42 2.98E-76 7.38-105 3.64E-16 4.81E-22 7.81E-70 7.49E-08 1.13E-10 2.21E-57 8.38E-16 2.98E-07 2.66E-11
  1.28E+06 2.73E-21 1.67E-33 9.11E-19 8.88E-10 2.97E-11 3.00E-16 4.49E-42 1.33E-75 7.38-105 4.86E-16 4.76E-22 1.78E-68 1.14E-07 1.79E-10 1.11E-51 1.05E-15 2.97E-07 2.56E-11
  1.38E+06 3.95E-22 1.83E-32 3.51E-18 1.19E-09 2.84E-11 9.48E-17 5.97E-42 1.69E-75 7.38-105 6.07E-16 4.66E-22 1.87E-67 1.97E-07 3.36E-10 9.37E-47 1.61E-15 2.93E-07 2.90E-11
  1.48E+06 5.55E-23 1.55E-31 1.13E-17 1.49E-09 2.81E-11 5.41E-17 5.89E-42 1.18E-75 7.37-105 8.38E-16 4.49E-22 1.12E-66 3.30E-07 5.99E-10 1.52E-42 2.97E-15 2.88E-07 3.67E-11
  1.58E+06 8.49E-24 1.00E-30 2.94E-17 1.63E-09 2.78E-11 7.10E-17 5.22E-42 6.68E-76 7.37-105 1.19E-15 4.25E-22 4.59E-66 5.14E-07 9.76E-10 6.07E-39 5.69E-15 2.80E-07 4.90E-11
  1.68E+06 1.74E-24 5.14E-30 6.39E-17 1.58E-09 2.60E-11 1.05E-16 6.17E-42 6.70E-76 7.36-105 1.60E-15 3.93E-22 1.99E-65 7.54E-07 1.46E-09 7.59E-36 1.05E-14 2.69E-07 6.65E-11
  1.78E+06 1.35E-24 2.10E-29 1.15E-16 1.33E-09 2.21E-11 1.41E-16 1.64E-41 3.43E-75 7.35-105 1.96E-15 3.56E-22 1.56E-64 1.03E-06 2.02E-09 3.59E-33 1.76E-14 2.56E-07 8.83E-11
  1.88E+06 2.22E-24 6.59E-29 1.65E-16 9.29E-10 1.63E-11 1.58E-16 5.34E-41 2.61E-74 7.33-105 2.10E-15 3.13E-22 1.14E-63 1.35E-06 2.61E-09 7.53E-31 2.75E-14 2.41E-07 1.14E-10
  1.98E+06 3.19E-24 1.47E-28 1.73E-16 4.94E-10 9.42E-12 1.35E-16 1.16E-40 8.84E-74 7.32-105 1.78E-15 2.69E-22 3.97E-63 1.69E-06 3.18E-09 7.95E-29 4.05E-14 2.24E-07 1.43E-10
  2.08E+06 3.93E-24 2.57E-28 1.47E-16 2.21E-10 4.71E-12 9.81E-17 1.76E-40 1.48E-73 7.30-105 1.32E-15 2.25E-22 7.64E-63 2.05E-06 3.68E-09 4.71E-27 5.65E-14 2.07E-07 1.74E-10
  2.18E+06 4.71E-24 4.17E-28 1.20E-16 9.83E-11 2.37E-12 6.96E-17 2.42E-40 2.02E-73 7.29-105 1.01E-15 1.83E-22 1.23E-62 2.41E-06 4.06E-09 1.72E-25 7.62E-14 1.90E-07 2.03E-10
  2.28E+06 5.49E-24 6.30E-28 9.34E-17 4.34E-11 1.20E-12 4.83E-17 3.00E-40 2.24E-73 7.27-105 7.86E-16 1.44E-22 1.67E-62 2.78E-06 4.32E-09 4.14E-24 9.94E-14 1.72E-07 2.28E-10
  2.38E+06 6.15E-24 8.88E-28 7.03E-17 1.91E-11 6.11E-13 3.26E-17 3.33E-40 2.00E-73 7.26-105 6.18E-16 1.09E-22 1.89E-62 3.15E-06 4.43E-09 6.98E-23 1.26E-13 1.55E-07 2.47E-10
  2.48E+06 6.59E-24 1.17E-27 5.09E-17 8.32E-12 3.11E-13 2.14E-17 3.27E-40 1.41E-73 7.24-105 4.86E-16 7.98E-23 1.77E-62 3.50E-06 4.40E-09 8.61E-22 1.56E-13 1.39E-07 2.55E-10
  2.58E+06 6.72E-24 1.44E-27 3.56E-17 3.61E-12 1.60E-13 1.35E-17 2.86E-40 7.80E-74 7.22-105 3.82E-16 5.58E-23 1.39E-62 3.84E-06 4.25E-09 8.03E-21 1.88E-13 1.23E-07 2.53E-10
  2.68E+06 6.47E-24 1.66E-27 2.41E-17 1.56E-12 8.96E-14 8.14E-18 2.20E-40 3.37E-74 7.21-105 2.98E-16 3.69E-23 9.00E-63 4.15E-06 3.97E-09 5.82E-20 2.22E-13 1.08E-07 2.39E-10
  2.78E+06 5.90E-24 1.82E-27 1.58E-17 6.80E-13 7.65E-14 4.71E-18 1.51E-40 1.15E-74 7.19-105 2.32E-16 2.30E-23 4.91E-63 4.43E-06 3.60E-09 3.35E-19 2.55E-13 9.37E-08 2.17E-10
  2.88E+06 5.17E-24 1.91E-27 1.03E-17 3.03E-13 1.39E-13 2.65E-18 9.56E-41 3.39E-75 7.17-105 1.84E-16 1.35E-23 2.40E-63 4.65E-06 3.16E-09 1.57E-18 2.88E-13 8.08E-08 1.88E-10
  2.98E+06 4.33E-24 1.93E-27 6.67E-18 1.38E-13 2.75E-13 1.44E-18 5.53E-41 8.29E-76 7.15-105 1.49E-16 7.28E-24 1.02E-63 4.81E-06 2.67E-09 6.09E-18 3.17E-13 6.88E-08 1.56E-10
  3.08E+06 3.50E-24 1.91E-27 4.31E-18 6.50E-14 3.48E-13 7.68E-19 3.00E-41 1.79E-76 7.13-105 1.24E-16 3.60E-24 4.01E-64 4.92E-06 2.18E-09 1.99E-17 3.42E-13 5.81E-08 1.24E-10
  3.18E+06 2.80E-24 1.87E-27 2.85E-18 3.24E-14 3.80E-13 4.09E-19 1.60E-41 3.72E-77 7.10-105 1.08E-16 1.64E-24 1.54E-64 4.97E-06 1.72E-09 5.54E-17 3.61E-13 4.87E-08 9.40E-11
  3.28E+06 2.22E-24 1.84E-27 1.94E-18 1.70E-14 3.96E-13 2.19E-19 8.44E-42 7.58E-78 7.08-105 9.91E-17 6.77E-25 5.84E-65 4.97E-06 1.32E-09 1.34E-16 3.74E-13 4.04E-08 6.83E-11
  3.38E+06 1.76E-24 1.83E-27 1.37E-18 9.55E-15 4.03E-13 1.19E-19 4.50E-42 1.59E-78 7.06-105 9.45E-17 2.51E-25 2.28E-65 4.93E-06 9.87E-10 2.89E-16 3.78E-13 3.33E-08 4.74E-11
  3.48E+06 1.43E-24 1.89E-27 1.02E-18 5.79E-15 4.07E-13 6.70E-20 2.53E-42 3.72E-79 7.03-105 9.35E-17 8.41E-26 9.79E-66 4.87E-06 7.25E-10 5.58E-16 3.72E-13 2.73E-08 3.15E-11
  3.58E+06 1.21E-24 2.05E-27 8.17E-19 3.84E-15 4.08E-13 3.98E-20 1.56E-42 1.05E-79 7.00-105 9.47E-17 2.53E-26 4.84E-66 4.78E-06 5.24E-10 9.87E-16 3.57E-13 2.22E-08 2.00E-11
  3.68E+06 1.09E-24 2.38E-27 7.17E-19 2.82E-15 4.09E-13 2.55E-20 1.10E-42 3.86E-80 6.98-105 9.65E-17 6.92E-27 2.95E-66 4.65E-06 3.74E-10 1.62E-15 3.31E-13 1.81E-08 1.21E-11
  3.78E+06 1.05E-24 2.96E-27 6.86E-19 2.28E-15 4.10E-13 1.77E-20 8.84E-43 1.87E-80 6.95-105 9.68E-17 1.73E-27 2.21E-66 4.48E-06 2.62E-10 2.52E-15 2.97E-13 1.47E-08 7.05E-12
  3.88E+06 1.07E-24 3.87E-27 7.03E-19 2.00E-15 4.10E-13 1.31E-20 7.93E-43 1.13E-80 6.92-105 9.39E-17 3.92E-28 1.96E-66 4.27E-06 1.78E-10 3.72E-15 2.56E-13 1.20E-08 3.93E-12
  3.98E+06 1.14E-24 5.25E-27 7.59E-19 1.84E-15 4.10E-13 1.02E-20 7.76E-43 8.23E-81 6.89-105 8.82E-17 8.24E-29 1.96E-66 4.00E-06 1.17E-10 5.30E-15 2.09E-13 9.82E-09 2.12E-12
  4.08E+06 1.26E-24 7.24E-27 8.48E-19 1.76E-15 4.09E-13 8.42E-21 8.13E-43 6.87E-81 6.86-105 8.04E-17 1.62E-29 2.16E-66 3.68E-06 7.31E-11 7.31E-15 1.63E-13 8.06E-09 1.12E-12
  4.18E+06 1.43E-24 1.01E-26 9.71E-19 1.71E-15 4.09E-13 7.29E-21 9.05E-43 6.53E-81 6.83-105 7.14E-17 3.10E-30 2.57E-66 3.35E-06 4.36E-11 9.87E-15 1.20E-13 6.64E-09 5.83E-13
  4.28E+06 1.66E-24 1.41E-26 1.13E-18 1.69E-15 4.09E-13 6.64E-21 1.07E-42 6.98E-81 6.80-105 6.24E-17 6.74E-31 3.27E-66 3.02E-06 2.50E-11 1.32E-14 8.45E-14 5.50E-09 3.04E-13
  4.38E+06 1.94E-24 1.99E-26 1.35E-18 1.67E-15 4.09E-13 6.34E-21 1.32E-42 8.31E-81 6.76-105 5.39E-17 2.46E-31 4.42E-66 2.71E-06 1.41E-11 1.75E-14 5.75E-14 4.60E-09 1.60E-13
  4.48E+06 2.29E-24 2.83E-26 1.63E-18 1.66E-15 4.09E-13 6.31E-21 1.71E-42 1.08E-80 6.73-105 4.63E-17 1.73E-31 6.30E-66 2.43E-06 7.82E-12 2.32E-14 3.82E-14 3.88E-09 8.54E-14
  4.58E+06 2.69E-24 4.02E-26 2.00E-18 1.66E-15 4.09E-13 6.47E-21 2.27E-42 1.49E-80 6.70-105 3.94E-17 1.66E-31 9.30E-66 2.18E-06 4.31E-12 3.08E-14 2.49E-14 3.30E-09 4.61E-14
  4.68E+06 3.14E-24 5.71E-26 2.45E-18 1.66E-15 4.08E-13 6.74E-21 3.03E-42 2.07E-80 6.67-105 3.35E-17 1.73E-31 1.38E-65 1.95E-06 2.38E-12 4.05E-14 1.61E-14 2.83E-09 2.52E-14
  4.78E+06 3.58E-24 8.04E-26 2.99E-18 1.66E-15 4.08E-13 7.06E-21 4.01E-42 2.82E-80 6.64-105 2.84E-17 1.86E-31 2.00E-65 1.75E-06 1.32E-12 5.24E-14 1.04E-14 2.45E-09 1.39E-14
  4.88E+06 4.04E-24 1.13E-25 3.64E-18 1.66E-15 4.08E-13 7.45E-21 5.27E-42 3.80E-80 6.61-105 2.39E-17 2.06E-31 2.87E-65 1.56E-06 7.30E-13 6.70E-14 6.66E-15 2.14E-09 7.75E-15
  4.98E+06 4.51E-24 1.57E-25 4.42E-18 1.66E-15 4.08E-13 7.88E-21 6.89E-42 5.05E-80 6.57-105 2.01E-17 2.33E-31 4.07E-65 1.40E-06 4.08E-13 8.48E-14 4.28E-15 1.89E-09 4.36E-15
  5.08E+06 4.98E-24 2.19E-25 5.37E-18 1.66E-15 4.07E-13 8.38E-21 8.96E-42 6.63E-80 6.54-105 1.70E-17 2.68E-31 5.72E-65 1.26E-06 2.30E-13 1.07E-13 2.76E-15 1.67E-09 2.49E-15
  5.18E+06 5.48E-24 3.04E-25 6.51E-18 1.66E-15 4.07E-13 8.94E-21 1.16E-41 8.65E-80 6.51-105 1.43E-17 3.14E-31 7.99E-65 1.13E-06 1.31E-13 1.33E-13 1.79E-15 1.49E-09 1.43E-15
  5.28E+06 6.00E-24 4.22E-25 7.89E-18 1.66E-15 4.07E-13 9.58E-21 1.51E-41 1.13E-79 6.47-105 1.21E-17 3.73E-31 1.11E-64 1.01E-06 7.54E-14 1.66E-13 1.16E-15 1.34E-09 8.34E-16
  5.38E+06 6.58E-24 5.84E-25 9.54E-18 1.66E-15 4.07E-13 1.03E-20 1.97E-41 1.48E-79 6.44-105 1.02E-17 4.48E-31 1.55E-64 9.08E-07 4.38E-14 2.05E-13 7.57E-16 1.21E-09 4.91E-16
  5.48E+06 7.24E-24 8.08E-25 1.15E-17 1.66E-15 4.06E-13 1.12E-20 2.58E-41 1.96E-79 6.40-105 8.60E-18 5.44E-31 2.17E-64 8.14E-07 2.57E-14 2.52E-13 4.97E-16 1.10E-09 2.92E-16
  5.58E+06 8.02E-24 1.12E-24 1.40E-17 1.65E-15 4.06E-13 1.22E-20 3.41E-41 2.65E-79 6.36-105 7.27E-18 6.64E-31 3.07E-64 7.28E-07 1.53E-14 3.10E-13 3.28E-16 1.00E-09 1.76E-16
  5.68E+06 8.95E-24 1.54E-24 1.69E-17 1.65E-15 4.06E-13 1.34E-20 4.56E-41 3.65E-79 6.32-105 6.15E-18 8.14E-31 4.36E-64 6.50E-07 9.19E-15 3.79E-13 2.18E-16 9.14E-10 1.08E-16
  5.78E+06 1.01E-23 2.13E-24 2.04E-17 1.65E-15 4.05E-13 1.48E-20 6.18E-41 5.15E-79 6.28-105 5.20E-18 9.99E-31 6.28E-64 5.78E-07 5.62E-15 4.62E-13 1.46E-16 8.38E-10 6.69E-17
  5.88E+06 1.15E-23 2.95E-24 2.46E-17 1.64E-15 4.05E-13 1.65E-20 8.48E-41 7.43E-79 6.23-105 4.40E-18 1.23E-30 9.12E-64 5.13E-07 3.48E-15 5.61E-13 9.86E-17 7.71E-10 4.23E-17
  5.98E+06 1.31E-23 4.07E-24 2.97E-17 1.64E-15 4.04E-13 1.85E-20 1.18E-40 1.10E-78 6.19-105 3.72E-18 1.50E-30 1.34E-63 4.54E-07 2.20E-15 6.80E-13 6.75E-17 7.11E-10 2.71E-17
  6.08E+06 1.52E-23 5.61E-24 3.58E-17 1.63E-15 4.04E-13 2.08E-20 1.65E-40 1.65E-78 6.14-105 3.15E-18 1.84E-30 1.98E-63 4.00E-07 1.41E-15 8.22E-13 4.68E-17 6.57E-10 1.77E-17
  6.18E+06 1.78E-23 7.73E-24 4.32E-17 1.62E-15 4.03E-13 2.35E-20 2.33E-40 2.53E-78 6.08-105 2.66E-18 2.25E-30 2.95E-63 3.52E-07 9.24E-16 9.91E-13 3.28E-17 6.09E-10 1.18E-17
  6.28E+06 2.10E-23 1.06E-23 5.19E-17 1.61E-15 4.03E-13 2.67E-20 3.34E-40 3.95E-78 6.02-105 2.25E-18 2.74E-30 4.44E-63 3.09E-07 6.18E-16 1.19E-12 2.34E-17 5.66E-10 8.04E-18
  6.38E+06 2.52E-23 1.46E-23 6.22E-17 1.60E-15 4.02E-13 3.05E-20 4.86E-40 6.38E-78 5.96-105 1.90E-18 3.34E-30 6.77E-63 2.70E-07 4.23E-16 1.43E-12 1.70E-17 5.27E-10 5.61E-18
  6.48E+06 3.11E-23 2.00E-23 7.43E-17 1.59E-15 4.01E-13 3.55E-20 7.33E-40 1.10E-77 5.90-105 1.60E-18 4.09E-30 1.06E-62 2.34E-07 3.01E-16 1.71E-12 1.25E-17 4.91E-10 4.07E-18
  6.58E+06 4.05E-23 2.72E-23 8.83E-17 1.57E-15 4.00E-13 4.25E-20 1.17E-39 2.15E-77 5.83-105 1.36E-18 5.08E-30 1.76E-62 1.99E-07 2.27E-16 2.04E-12 9.54E-18 4.58E-10 3.13E-18
  6.68E+06 5.68E-23 3.67E-23 1.04E-16 1.56E-15 4.00E-13 5.32E-20 2.05E-39 4.95E-77 5.75-105 1.15E-18 6.48E-30 3.13E-62 1.66E-07 1.85E-16 2.40E-12 7.54E-18 4.28E-10 2.62E-18
  6.78E+06 8.63E-23 4.89E-23 1.20E-16 1.54E-15 3.99E-13 6.93E-20 3.89E-39 1.35E-76 5.67-105 9.88E-19 8.59E-30 6.00E-62 1.35E-07 1.65E-16 2.78E-12 6.23E-18 4.00E-10 2.42E-18
  6.88E+06 1.39E-22 6.39E-23 1.37E-16 1.52E-15 3.98E-13 9.26E-20 7.81E-39 4.11E-76 5.58-105 8.54E-19 1.19E-29 1.19E-61 1.07E-07 1.60E-16 3.17E-12 5.36E-18 3.74E-10 2.40E-18
  6.98E+06 2.26E-22 8.20E-23 1.53E-16 1.50E-15 3.96E-13 1.23E-19 1.56E-38 1.24E-75 5.49-105 7.47E-19 1.70E-29 2.30E-61 8.51E-08 1.61E-16 3.53E-12 4.73E-18 3.50E-10 2.49E-18
  7.08E+06 3.59E-22 1.04E-22 1.67E-16 1.48E-15 3.95E-13 1.57E-19 2.94E-38 3.30E-75 5.39-105 6.60E-19 2.49E-29 4.11E-61 6.81E-08 1.62E-16 3.89E-12 4.20E-18 3.27E-10 2.55E-18
  7.18E+06 5.38E-22 1.29E-22 1.81E-16 1.47E-15 3.93E-13 1.90E-19 5.03E-38 7.26E-75 5.28-105 5.84E-19 3.66E-29 6.58E-61 5.56E-08 1.58E-16 4.26E-12 3.71E-18 3.06E-10 2.51E-18
  7.28E+06 7.50E-22 1.60E-22 1.94E-16 1.45E-15 3.92E-13 2.15E-19 7.72E-38 1.28E-74 5.17-105 5.16E-19 5.35E-29 9.37E-61 4.65E-08 1.45E-16 4.67E-12 3.23E-18 2.86E-10 2.32E-18
  7.38E+06 9.71E-22 1.98E-22 2.08E-16 1.43E-15 3.90E-13 2.27E-19 1.06E-37 1.80E-74 5.04-105 4.52E-19 7.68E-29 1.19E-60 3.98E-08 1.24E-16 5.19E-12 2.75E-18 2.67E-10 1.98E-18
  7.48E+06 1.14E-21 2.47E-22 2.23E-16 1.41E-15 3.88E-13 2.21E-19 1.27E-37 1.91E-74 4.91-105 3.90E-19 1.08E-28 1.31E-60 3.44E-08 9.68E-17 5.86E-12 2.22E-18 2.49E-10 1.50E-18
  7.58E+06 1.27E-21 3.10E-22 2.40E-16 1.39E-15 3.85E-13 2.06E-19 1.43E-37 1.80E-74 4.77-105 3.35E-19 1.49E-28 1.38E-60 2.99E-08 7.08E-17 6.75E-12 1.77E-18 2.32E-10 1.07E-18
  7.68E+06 1.47E-21 3.84E-22 2.56E-16 1.37E-15 3.83E-13 1.92E-19 1.65E-37 1.76E-74 4.61-105 2.91E-19 2.00E-28 1.45E-60 2.55E-08 5.02E-17 7.81E-12 1.42E-18 2.15E-10 7.58E-19
  7.78E+06 1.46E-21 4.87E-22 2.78E-16 1.34E-15 3.80E-13 1.59E-19 1.51E-37 1.09E-74 4.45-105 2.63E-19 2.66E-28 1.24E-60 2.31E-08 3.13E-17 9.69E-12 1.10E-18 2.00E-10 4.63E-19
  7.88E+06 5.68E-22 7.31E-22 3.59E-16 1.25E-15 3.76E-13 7.41E-20 4.22E-38 6.34E-76 4.27-105 2.57E-19 3.52E-28 3.86E-61 3.00E-08 1.34E-17 1.56E-11 6.38E-19 1.86E-10 1.52E-19
  7.98E+06 8.59E-23 1.18E-21 4.97E-16 1.10E-15 3.73E-13 1.93E-20 3.65E-39 3.55E-78 4.09-105 2.91E-19 4.42E-28 3.99E-62 5.23E-08 4.28E-18 2.92E-11 2.42E-19 1.72E-10 2.78E-20
  8.08E+06 1.10E-23 1.73E-21 6.28E-16 9.66E-16 3.69E-13 4.49E-21 2.58E-40 1.32E-80 3.89-105 3.70E-19 4.91E-28 3.07E-63 8.96E-08 1.26E-18 5.23E-11 9.05E-20 1.59E-10 4.26E-21
  8.18E+06 1.63E-24 2.34E-21 7.27E-16 8.57E-16 3.64E-13 1.15E-21 2.25E-41 7.36E-83 3.68-105 4.81E-19 4.72E-28 2.66E-64 1.39E-07 3.63E-19 9.08E-11 4.88E-20 1.47E-10 6.91E-22
  8.28E+06 2.93E-25 2.99E-21 7.99E-16 7.74E-16 3.58E-13 3.36E-22 2.56E-42 7.06E-85 3.45-105 6.06E-19 4.06E-28 2.88E-65 1.99E-07 1.05E-19 1.61E-10 3.57E-20 1.35E-10 1.42E-22
  8.38E+06 6.25E-26 3.73E-21 8.53E-16 7.09E-16 3.52E-13 1.11E-22 3.74E-43 1.13E-86 3.21-105 7.25E-19 3.25E-28 3.87E-66 2.64E-07 3.16E-20 3.01E-10 2.96E-20 1.24E-10 4.03E-23
  8.48E+06 1.56E-26 4.56E-21 8.94E-16 6.54E-16 3.45E-13 4.09E-23 6.81E-44 3.04E-88 2.96-105 8.25E-19 2.52E-28 6.37E-67 3.32E-07 1.02E-20 5.98E-10 2.54E-20 1.14E-10 1.47E-23
  8.58E+06 4.44E-27 5.52E-21 9.27E-16 6.07E-16 3.37E-13 1.66E-23 1.51E-44 1.59E-89 2.70-105 8.92E-19 1.95E-28 1.27E-67 3.96E-07 3.72E-21 1.23E-09 2.19E-20 1.04E-10 6.09E-24
  8.68E+06 1.43E-27 6.65E-21 9.55E-16 5.63E-16 3.28E-13 7.34E-24 4.05E-45 1.80E-90 2.43-105 9.21E-19 1.52E-28 3.02E-68 4.53E-07 1.55E-21 2.58E-09 1.85E-20 9.44E-11 2.67E-24
  8.78E+06 5.13E-28 7.98E-21 9.79E-16 5.21E-16 3.18E-13 3.50E-24 1.33E-45 3.72E-91 2.16-105 9.10E-19 1.20E-28 8.80E-69 4.98E-07 7.19E-22 5.38E-09 1.53E-20 8.55E-11 1.19E-24
  8.88E+06 2.03E-28 9.56E-21 1.00E-15 4.79E-16 3.07E-13 1.79E-24 5.45E-46 1.12E-91 1.89-105 8.65E-19 9.58E-29 3.21E-69 5.29E-07 3.54E-22 1.10E-08 1.21E-20 7.73E-11 5.31E-25
  8.98E+06 8.70E-29 1.14E-20 1.02E-15 4.37E-16 2.95E-13 9.73E-25 2.88E-46 4.55E-92 1.62-105 7.91E-19 7.79E-29 1.50E-69 5.44E-07 1.77E-22 2.16E-08 9.32E-21 6.96E-11 2.35E-25
  9.08E+06 4.02E-29 1.37E-20 1.04E-15 3.94E-16 2.82E-13 5.56E-25 1.93E-46 2.37E-92 1.37-105 7.00E-19 6.45E-29 8.91E-70 5.43E-07 8.86E-23 4.10E-08 6.98E-21 6.24E-11 1.04E-25
  9.18E+06 1.99E-29 1.63E-20 1.05E-15 3.52E-16 2.67E-13 3.33E-25 1.54E-46 1.48E-92 1.13-105 5.99E-19 5.44E-29 6.31E-70 5.28E-07 4.38E-23 7.47E-08 5.14E-21 5.58E-11 4.57E-26
  9.28E+06 1.04E-29 1.95E-20 1.06E-15 3.11E-16 2.52E-13 2.07E-25 1.38E-46 1.03E-92 9.13-106 4.97E-19 4.68E-29 4.99E-70 5.01E-07 2.15E-23 1.30E-07 3.75E-21 4.98E-11 2.02E-26
  9.38E+06 5.71E-30 2.32E-20 1.07E-15 2.71E-16 2.35E-13 1.33E-25 1.32E-46 7.69E-93 7.19-106 4.01E-19 4.11E-29 4.21E-70 4.65E-07 1.04E-23 2.18E-07 2.73E-21 4.43E-11 9.03E-27
  9.48E+06 3.28E-30 2.75E-20 1.07E-15 2.33E-16 2.18E-13 8.83E-26 1.31E-46 5.91E-93 5.50-106 3.15E-19 3.70E-29 3.68E-70 4.22E-07 5.05E-24 3.51E-07 1.98E-21 3.95E-11 4.08E-27
  9.58E+06 1.97E-30 3.25E-20 1.07E-15 1.98E-16 2.00E-13 6.00E-26 1.33E-46 4.62E-93 4.09-106 2.41E-19 3.43E-29 3.28E-70 3.76E-07 2.44E-24 5.44E-07 1.43E-21 3.53E-11 1.86E-27
  9.68E+06 1.23E-30 3.82E-20 1.06E-15 1.66E-16 1.82E-13 4.18E-26 1.37E-46 3.64E-93 2.95-106 1.82E-19 3.30E-29 2.95E-70 3.28E-07 1.17E-24 8.16E-07 1.04E-21 3.17E-11 8.65E-28
  9.78E+06 7.95E-31 4.47E-20 1.04E-15 1.38E-16 1.63E-13 2.97E-26 1.42E-46 2.86E-93 2.06-106 1.36E-19 3.35E-29 2.67E-70 2.82E-07 5.68E-25 1.19E-06 7.50E-22 2.88E-11 4.08E-28
  9.88E+06 5.39E-31 5.19E-20 1.02E-15 1.13E-16 1.45E-13 2.17E-26 1.49E-46 2.24E-93 1.39-106 1.03E-19 3.64E-29 2.42E-70 2.37E-07 2.82E-25 1.68E-06 5.44E-22 2.66E-11 1.98E-28
  9.98E+06 3.87E-31 5.95E-20 9.94E-16 9.49E-17 1.27E-13 1.63E-26 1.57E-46 1.72E-93 9.13-107 8.32E-20 4.19E-29 2.17E-70 1.94E-07 1.69E-25 2.31E-06 3.96E-22 2.51E-11 1.11E-28

 TP, TL
           1.75E+08 4.13E+02 3.46E+08 6.40E+11 6.71E+09 1.22E+08 5.56E-16 1.34E-38 8.80E-91 6.71E+09 1.58E-05 1.85E-35 2.36E+15 1.41E+10 1.25E+08 3.54E+10 1.06E+06 2.64E+10
           1.75E+08 4.13E+02 3.46E+08 6.47E+11 6.61E+09 1.07E+08 5.56E-16 1.34E-38 8.80E-91 6.71E+09 1.58E-05 1.85E-35 2.36E+15 1.40E+10 2.25E+08 3.54E+10 1.54E+09 2.64E+10

     Z        N2O5     CO2      SO4AER   S8AER   
  2.50E+04 5.04E-18 2.02E-04 2.02E-10 1.00E-38
  7.50E+04 6.66E-18 2.02E-04 2.14E-10 1.00E-38
  1.25E+05 9.60E-18 2.02E-04 2.37E-10 1.00E-38
  1.75E+05 1.49E-17 2.02E-04 2.73E-10 1.00E-38
  2.75E+05 4.22E-17 2.02E-04 3.74E-10 1.00E-38
  3.75E+05 1.32E-16 2.02E-04 5.01E-10 1.00E-38
  4.75E+05 4.23E-16 2.02E-04 6.46E-10 1.00E-38
  5.75E+05 1.04E-15 2.02E-04 8.02E-10 1.00E-38
  6.75E+05 1.70E-15 2.02E-04 9.69E-10 1.00E-38
  7.75E+05 2.21E-15 2.02E-04 1.15E-09 1.00E-38
  8.75E+05 2.73E-15 2.02E-04 1.33E-09 1.00E-38
  9.75E+05 3.26E-15 2.02E-04 1.53E-09 1.00E-38
  1.08E+06 3.82E-15 2.02E-04 1.79E-09 1.00E-38
  1.18E+06 5.62E-15 2.02E-04 2.42E-09 1.00E-38
  1.28E+06 1.08E-14 2.02E-04 3.48E-09 1.00E-38
  1.38E+06 3.07E-14 2.02E-04 5.17E-09 1.00E-38
  1.48E+06 9.52E-14 2.02E-04 6.96E-09 1.00E-38
  1.58E+06 2.68E-13 2.02E-04 8.26E-09 1.00E-38
  1.68E+06 6.48E-13 2.02E-04 8.73E-09 1.00E-38
  1.78E+06 1.30E-12 2.02E-04 8.34E-09 1.00E-38
  1.88E+06 2.27E-12 2.02E-04 7.35E-09 1.00E-38
  1.98E+06 3.55E-12 2.02E-04 6.12E-09 1.00E-38
  2.08E+06 5.00E-12 2.02E-04 4.97E-09 1.00E-38
  2.18E+06 6.57E-12 2.02E-04 4.00E-09 1.00E-38
  2.28E+06 8.10E-12 2.02E-04 3.24E-09 1.00E-38
  2.38E+06 9.39E-12 2.02E-04 2.64E-09 1.00E-38
  2.48E+06 1.02E-11 2.02E-04 2.18E-09 1.00E-38
  2.58E+06 1.05E-11 2.02E-04 1.82E-09 1.00E-38
  2.68E+06 1.02E-11 2.03E-04 1.53E-09 1.00E-38
  2.78E+06 9.22E-12 2.03E-04 1.30E-09 1.00E-38
  2.88E+06 7.89E-12 2.03E-04 1.11E-09 1.00E-38
  2.98E+06 6.37E-12 2.03E-04 9.58E-10 1.00E-38
  3.08E+06 4.87E-12 2.03E-04 8.34E-10 1.00E-38
  3.18E+06 3.54E-12 2.03E-04 7.32E-10 1.00E-38
  3.28E+06 2.43E-12 2.03E-04 6.39E-10 1.00E-38
  3.38E+06 1.59E-12 2.03E-04 5.53E-10 1.00E-38
  3.48E+06 9.88E-13 2.03E-04 4.75E-10 1.00E-38
  3.58E+06 5.79E-13 2.03E-04 4.05E-10 1.00E-38
  3.68E+06 3.20E-13 2.03E-04 3.44E-10 1.00E-38
  3.78E+06 1.65E-13 2.03E-04 2.91E-10 1.00E-38
  3.88E+06 7.81E-14 2.03E-04 2.44E-10 1.00E-38
  3.98E+06 3.40E-14 2.03E-04 2.04E-10 1.00E-38
  4.08E+06 1.36E-14 2.03E-04 1.70E-10 1.00E-38
  4.18E+06 5.06E-15 2.03E-04 1.40E-10 1.00E-38
  4.28E+06 1.79E-15 2.03E-04 1.15E-10 1.00E-38
  4.38E+06 6.16E-16 2.03E-04 9.47E-11 1.00E-38
  4.48E+06 2.10E-16 2.03E-04 7.75E-11 1.00E-38
  4.58E+06 7.11E-17 2.03E-04 6.29E-11 1.00E-38
  4.68E+06 2.42E-17 2.03E-04 5.09E-11 1.00E-38
  4.78E+06 8.26E-18 2.03E-04 4.10E-11 1.00E-38
  4.88E+06 2.84E-18 2.03E-04 3.28E-11 1.00E-38
  4.98E+06 9.93E-19 2.03E-04 2.60E-11 1.00E-38
  5.08E+06 3.52E-19 2.03E-04 2.05E-11 1.00E-38
  5.18E+06 1.26E-19 2.03E-04 1.60E-11 1.00E-38
  5.28E+06 4.60E-20 2.03E-04 1.23E-11 1.00E-38
  5.38E+06 1.70E-20 2.03E-04 9.26E-12 1.00E-38
  5.48E+06 6.37E-21 2.03E-04 6.87E-12 1.00E-38
  5.58E+06 2.42E-21 2.03E-04 4.98E-12 1.00E-38
  5.68E+06 9.38E-22 2.03E-04 3.53E-12 1.00E-38
  5.78E+06 3.70E-22 2.02E-04 2.43E-12 1.00E-38
  5.88E+06 1.49E-22 2.02E-04 1.62E-12 1.00E-38
  5.98E+06 6.18E-23 2.02E-04 1.04E-12 1.00E-38
  6.08E+06 2.62E-23 2.02E-04 6.40E-13 1.00E-38
  6.18E+06 1.15E-23 2.02E-04 3.76E-13 1.00E-38
  6.28E+06 5.16E-24 2.02E-04 2.09E-13 1.00E-38
  6.38E+06 2.41E-24 2.02E-04 1.09E-13 1.00E-38
  6.48E+06 1.17E-24 2.02E-04 5.34E-14 1.00E-38
  6.58E+06 6.12E-25 2.02E-04 2.41E-14 1.00E-38
  6.68E+06 3.49E-25 2.02E-04 9.92E-15 1.00E-38
  6.78E+06 2.22E-25 2.01E-04 3.67E-15 1.00E-38
  6.88E+06 1.55E-25 2.01E-04 1.21E-15 1.00E-38
  6.98E+06 1.14E-25 2.01E-04 3.44E-16 1.00E-38
  7.08E+06 8.42E-26 2.01E-04 8.34E-17 1.00E-38
  7.18E+06 6.04E-26 2.00E-04 1.67E-17 1.00E-38
  7.28E+06 4.09E-26 2.00E-04 2.65E-18 1.00E-38
  7.38E+06 2.57E-26 2.00E-04 3.18E-19 1.00E-38
  7.48E+06 1.42E-26 1.99E-04 2.70E-20 1.00E-38
  7.58E+06 7.38E-27 1.99E-04 1.47E-21 1.00E-38
  7.68E+06 3.82E-27 1.98E-04 4.39E-23 1.00E-38
  7.78E+06 1.74E-27 1.98E-04 5.35E-25 1.00E-38
  7.88E+06 4.31E-28 1.97E-04 1.11E-27 1.00E-38
  7.98E+06 5.78E-29 1.96E-04 3.62E-32 1.00E-38
  8.08E+06 6.37E-30 1.95E-04 2.58E-34 1.00E-38
  8.18E+06 8.23E-31 1.94E-04 8.07E-37 1.00E-38
  8.28E+06 1.93E-31 1.93E-04 1.00E-38 1.00E-38
  8.38E+06 8.47E-32 1.92E-04 1.00E-38 1.00E-38
  8.48E+06 4.77E-32 1.91E-04 1.00E-38 1.00E-38
  8.58E+06 2.82E-32 1.89E-04 1.00E-38 1.00E-38
  8.68E+06 1.64E-32 1.87E-04 1.00E-38 1.00E-38
  8.78E+06 9.07E-33 1.85E-04 1.00E-38 1.00E-38
  8.88E+06 4.73E-33 1.83E-04 1.00E-38 1.00E-38
  8.98E+06 2.32E-33 1.81E-04 1.00E-38 1.00E-38
  9.08E+06 1.09E-33 1.79E-04 1.00E-38 1.00E-38
  9.18E+06 4.94E-34 1.76E-04 1.00E-38 1.00E-38
  9.28E+06 2.22E-34 1.73E-04 1.00E-38 1.00E-38
  9.38E+06 9.92E-35 1.70E-04 1.00E-38 1.00E-38
  9.48E+06 4.45E-35 1.66E-04 1.00E-38 1.00E-38
  9.58E+06 2.00E-35 1.62E-04 1.00E-38 1.00E-38
  9.68E+06 9.05E-36 1.58E-04 1.00E-38 1.00E-38
  9.78E+06 4.12E-36 1.54E-04 1.00E-38 1.00E-38
  9.88E+06 1.90E-36 1.49E-04 1.00E-38 1.00E-38
  9.98E+06 9.55E-37 1.45E-04 1.00E-38 1.00E-38

 TP, TL
           2.77E+08 2.53E+11 6.42E+09 0.00E+00
           2.77E+08 1.79E+09 6.34E+09 1.71E-19

     TP = 0.000E+00  TL = 1.710E-19


 OZONE COLUMN DEPTH =  6.0792E+18


 O2, CO, CH4 COLUMN DEPTHs =      2.070E+24     1.727E+18     3.818E+19

 SULFUR COLUMN DEPTHS:  H2S = 3.335E+13  SO2 = 9.209E+15  S2 = 1.865E-11  S4 = 1.155E-37  S8 = 0.000E+00

 SCALED AEROSOL EXTINCTION OPTICAL DEPTHS
     SULFATE = 7.059E-02     S8(VIS) = 2.034E-30     S8(UV) = 4.069E-30

 FH2O AT COLD TRAP = 6.686E-06

 NUMBER DENSITIES OF LONG-LIVED SPECIES


     Z        O        O2       H2O      H        OH       HO2      H2O2     H2       CO       HCO      H2CO     CH4      CH3      C2H6     NO       NO2      HNO      H2S     
  2.50E+04 1.65E+03 2.35E+18 2.81E+17 2.27E-01 1.08E+06 2.73E+08 2.68E+10 1.32E+13 2.74E+12 9.03E-03 5.88E+09 4.48E+13 8.14E-02 7.89E-07 5.22E+07 1.04E+08 4.20E+02 2.26E+08
  1.25E+05 1.99E+03 2.13E+18 1.78E+17 2.43E-01 1.13E+06 2.57E+08 2.64E+10 1.20E+13 2.35E+12 9.25E-03 5.02E+09 4.05E+13 7.51E-02 7.13E-07 5.69E+07 9.88E+07 3.31E+02 9.90E+07
  2.25E+05 2.49E+03 1.93E+18 1.08E+17 2.58E-01 1.20E+06 2.33E+08 2.41E+10 1.08E+13 2.02E+12 8.78E-03 3.98E+09 3.66E+13 6.89E-02 6.43E-07 6.65E+07 1.03E+08 1.93E+02 4.29E+07
  3.25E+05 3.15E+03 1.74E+18 6.07E+16 2.70E-01 1.26E+06 2.03E+08 2.03E+10 9.79E+12 1.73E+12 8.04E-03 3.08E+09 3.30E+13 6.16E-02 5.78E-07 8.13E+07 1.12E+08 1.08E+02 1.84E+07
  4.25E+05 3.98E+03 1.57E+18 3.18E+16 2.75E-01 1.29E+06 1.71E+08 1.59E+10 8.84E+12 1.49E+12 7.02E-03 2.30E+09 2.97E+13 5.29E-02 5.19E-07 1.00E+08 1.21E+08 5.91E+01 7.96E+06
  5.25E+05 4.91E+03 1.42E+18 1.52E+16 2.63E-01 1.24E+06 1.37E+08 1.17E+10 7.99E+12 1.28E+12 5.55E-03 1.61E+09 2.68E+13 4.13E-02 4.67E-07 1.14E+08 1.17E+08 3.06E+01 3.55E+06
  6.25E+05 5.89E+03 1.28E+18 6.43E+15 2.22E-01 1.05E+06 1.04E+08 8.21E+09 7.22E+12 1.11E+12 3.75E-03 1.01E+09 2.42E+13 2.74E-02 4.23E-07 1.08E+08 9.11E+07 1.41E+01 1.69E+06
  7.25E+05 6.91E+03 1.16E+18 2.39E+15 1.75E-01 8.40E+05 7.61E+07 5.50E+09 6.52E+12 9.62E+11 2.29E-03 5.83E+08 2.18E+13 1.63E-02 3.86E-07 9.78E+07 6.52E+07 6.62E+00 8.67E+05
  8.25E+05 7.96E+03 1.04E+18 7.81E+14 1.51E-01 7.40E+05 5.29E+07 3.52E+09 5.87E+12 8.37E+11 1.48E-03 3.40E+08 1.97E+13 1.02E-02 3.54E-07 1.17E+08 5.97E+07 4.24E+00 4.65E+05
  9.25E+05 9.04E+03 9.37E+17 2.24E+14 1.49E-01 7.38E+05 3.52E+07 2.19E+09 5.28E+12 7.29E+11 1.05E-03 2.10E+08 1.77E+13 6.96E-03 3.26E-07 1.73E+08 6.48E+07 3.42E+00 2.59E+05
  1.02E+06 1.05E+04 8.34E+17 6.82E+13 1.53E-01 7.51E+05 2.34E+07 1.34E+09 4.70E+12 6.30E+11 8.00E-04 1.37E+08 1.57E+13 5.02E-03 3.01E-07 2.43E+08 6.76E+07 2.69E+00 1.47E+05
  1.12E+06 1.46E+04 7.18E+17 3.91E+13 1.62E-01 7.24E+05 1.58E+07 6.97E+08 4.05E+12 5.21E+11 6.85E-04 9.97E+07 1.35E+13 4.71E-03 2.80E-07 3.06E+08 7.74E+07 1.69E+00 7.28E+04
  1.22E+06 2.49E+04 6.15E+17 2.69E+13 1.47E-01 6.11E+05 8.51E+06 2.27E+08 3.47E+12 4.12E+11 5.41E-04 6.91E+07 1.16E+13 4.04E-03 2.98E-07 4.18E+08 1.17E+08 7.96E-01 2.40E+04
  1.32E+06 4.71E+04 5.26E+17 2.31E+13 1.19E-01 4.71E+05 4.32E+06 5.50E+07 2.96E+12 3.16E+11 3.99E-04 4.52E+07 9.84E+12 3.28E-03 3.65E-07 5.63E+08 2.00E+08 3.25E-01 6.69E+03
  1.42E+06 9.82E+04 4.49E+17 1.99E+13 9.24E-02 3.61E+05 2.29E+06 9.85E+06 2.52E+12 2.29E+11 3.05E-04 3.02E+07 8.31E+12 2.76E-03 5.25E-07 7.56E+08 3.89E+08 1.44E-01 1.38E+03
  1.52E+06 1.89E+05 3.82E+17 1.71E+13 8.41E-02 3.28E+05 1.66E+06 3.06E+06 2.14E+12 1.63E+11 2.88E-04 2.41E+07 6.98E+12 2.83E-03 7.34E-07 9.13E+08 6.38E+08 1.40E-01 2.58E+02
  1.62E+06 3.42E+05 3.25E+17 1.48E+13 8.30E-02 3.26E+05 1.46E+06 1.92E+06 1.82E+12 1.13E+11 3.04E-04 2.12E+07 5.83E+12 3.23E-03 1.00E-06 1.04E+09 9.35E+08 1.93E-01 4.14E+01
  1.72E+06 5.82E+05 2.77E+17 1.28E+13 8.74E-02 3.45E+05 1.46E+06 1.74E+06 1.54E+12 7.75E+10 3.43E-04 1.98E+07 4.84E+12 3.93E-03 1.31E-06 1.13E+09 1.24E+09 2.49E-01 5.80E+00
  1.82E+06 9.35E+05 2.36E+17 1.12E+13 9.80E-02 3.82E+05 1.57E+06 1.88E+06 1.30E+12 5.36E+10 4.05E-04 1.92E+07 4.00E+12 4.99E-03 1.63E-06 1.20E+09 1.51E+09 2.75E-01 7.24E-01
  1.92E+06 1.44E+06 2.01E+17 9.73E+12 1.17E-01 4.40E+05 1.78E+06 2.25E+06 1.10E+12 3.76E+10 4.94E-04 1.90E+07 3.29E+12 6.53E-03 1.99E-06 1.25E+09 1.74E+09 2.43E-01 7.90E-02
  2.02E+06 2.14E+06 1.71E+17 8.50E+12 1.48E-01 5.22E+05 2.09E+06 2.86E+06 9.25E+11 2.71E+10 6.17E-04 1.92E+07 2.70E+12 8.75E-03 2.36E-06 1.30E+09 1.93E+09 1.68E-01 7.68E-03
  2.12E+06 3.09E+06 1.45E+17 7.42E+12 1.98E-01 6.36E+05 2.51E+06 3.78E+06 7.79E+11 2.02E+10 7.87E-04 1.96E+07 2.21E+12 1.20E-02 2.76E-06 1.33E+09 2.07E+09 1.14E-01 7.19E-04
  2.22E+06 4.38E+06 1.24E+17 6.48E+12 2.81E-01 7.90E+05 3.06E+06 5.05E+06 6.55E+11 1.55E+10 1.02E-03 2.01E+07 1.81E+12 1.66E-02 3.22E-06 1.37E+09 2.17E+09 8.16E-02 1.10E-04
  2.32E+06 6.09E+06 1.06E+17 5.66E+12 4.15E-01 9.97E+05 3.74E+06 6.74E+06 5.50E+11 1.23E+10 1.34E-03 2.07E+07 1.47E+12 2.33E-02 3.75E-06 1.41E+09 2.24E+09 6.54E-02 5.78E-05
  2.42E+06 8.35E+06 9.01E+16 4.95E+12 6.36E-01 1.27E+06 4.57E+06 8.85E+06 4.62E+11 9.93E+09 1.77E-03 2.12E+07 1.20E+12 3.29E-02 4.41E-06 1.45E+09 2.27E+09 6.07E-02 4.59E-05
  2.52E+06 1.13E+07 7.69E+16 4.32E+12 1.01E+00 1.62E+06 5.55E+06 1.13E+07 3.88E+11 8.20E+09 2.34E-03 2.16E+07 9.79E+11 4.67E-02 5.27E-06 1.48E+09 2.26E+09 6.47E-02 3.63E-05
  2.62E+06 1.52E+07 6.57E+16 3.78E+12 1.65E+00 2.04E+06 6.64E+06 1.39E+07 3.25E+11 6.87E+09 3.08E-03 2.17E+07 7.96E+11 6.60E-02 6.42E-06 1.50E+09 2.21E+09 7.59E-02 2.72E-05
  2.72E+06 2.02E+07 5.61E+16 3.30E+12 2.76E+00 2.54E+06 7.78E+06 1.63E+07 2.73E+11 5.83E+09 4.00E-03 2.15E+07 6.46E+11 9.27E-02 8.00E-06 1.50E+09 2.11E+09 9.32E-02 1.92E-05
  2.82E+06 2.68E+07 4.80E+16 2.88E+12 4.75E+00 3.10E+06 8.88E+06 1.81E+07 2.28E+11 5.00E+09 5.11E-03 2.09E+07 5.23E+11 1.29E-01 1.02E-05 1.50E+09 1.97E+09 1.16E-01 1.29E-05
  2.92E+06 3.52E+07 4.10E+16 2.52E+12 8.33E+00 3.70E+06 9.87E+06 1.91E+07 1.91E+11 4.33E+09 6.38E-03 2.00E+07 4.23E+11 1.79E-01 1.32E-05 1.47E+09 1.81E+09 1.44E-01 8.33E-06
  3.02E+06 4.63E+07 3.51E+16 2.20E+12 1.48E+01 4.31E+06 1.07E+07 1.91E+07 1.59E+11 3.78E+09 7.81E-03 1.90E+07 3.41E+11 2.44E-01 1.75E-05 1.43E+09 1.61E+09 1.77E-01 5.11E-06
  3.12E+06 6.06E+07 3.00E+16 1.92E+12 2.68E+01 4.92E+06 1.12E+07 1.83E+07 1.33E+11 3.32E+09 9.36E-03 1.77E+07 2.74E+11 3.31E-01 2.35E-05 1.37E+09 1.40E+09 2.14E-01 3.05E-06
  3.22E+06 7.93E+07 2.57E+16 1.68E+12 4.89E+01 5.51E+06 1.16E+07 1.69E+07 1.11E+11 2.93E+09 1.10E-02 1.64E+07 2.20E+11 4.45E-01 3.19E-05 1.28E+09 1.19E+09 2.55E-01 1.80E-06
  3.32E+06 1.04E+08 2.21E+16 1.46E+12 8.98E+01 6.11E+06 1.17E+07 1.49E+07 9.29E+10 2.59E+09 1.28E-02 1.51E+07 1.76E+11 5.96E-01 4.36E-05 1.19E+09 9.79E+08 2.99E-01 1.05E-06
  3.42E+06 1.36E+08 1.89E+16 1.28E+12 1.66E+02 6.74E+06 1.16E+07 1.28E+07 7.78E+10 2.29E+09 1.48E-02 1.38E+07 1.41E+11 7.93E-01 5.99E-05 1.08E+09 7.84E+08 3.46E-01 6.16E-07
  3.52E+06 1.78E+08 1.63E+16 1.12E+12 3.11E+02 7.44E+06 1.13E+07 1.06E+07 6.53E+10 2.02E+09 1.70E-02 1.25E+07 1.12E+11 1.05E+00 8.22E-05 9.74E+08 6.10E+08 3.98E-01 3.69E-07
  3.62E+06 2.33E+08 1.41E+16 9.80E+11 5.87E+02 8.26E+06 1.08E+07 8.50E+06 5.52E+10 1.78E+09 1.96E-02 1.12E+07 8.99E+10 1.39E+00 1.12E-04 8.68E+08 4.60E+08 4.55E-01 2.32E-07
  3.72E+06 3.06E+08 1.22E+16 8.59E+11 1.12E+03 9.22E+06 1.02E+07 6.71E+06 4.68E+10 1.56E+09 2.25E-02 1.00E+07 7.21E+10 1.84E+00 1.52E-04 7.69E+08 3.36E+08 5.18E-01 1.55E-07
  3.82E+06 4.01E+08 1.05E+16 7.54E+11 2.13E+03 1.03E+07 9.64E+06 5.25E+06 4.01E+10 1.37E+09 2.58E-02 8.89E+06 5.80E+10 2.42E+00 2.06E-04 6.76E+08 2.36E+08 5.87E-01 1.11E-07
  3.92E+06 5.24E+08 9.15E+15 6.62E+11 4.02E+03 1.15E+07 9.07E+06 4.12E+06 3.46E+10 1.20E+09 2.93E-02 7.78E+06 4.68E+10 3.13E+00 2.76E-04 5.90E+08 1.59E+08 6.55E-01 8.40E-08
  4.02E+06 6.79E+08 7.97E+15 5.82E+11 7.40E+03 1.26E+07 8.55E+06 3.28E+06 3.02E+10 1.05E+09 3.26E-02 6.71E+06 3.81E+10 3.96E+00 3.65E-04 5.10E+08 1.02E+08 7.12E-01 6.75E-08
  4.12E+06 8.62E+08 6.97E+15 5.12E+11 1.30E+04 1.35E+07 8.08E+06 2.67E+06 2.66E+10 9.17E+08 3.51E-02 5.67E+06 3.11E+10 4.82E+00 4.81E-04 4.36E+08 6.35E+07 7.45E-01 5.71E-08
  4.22E+06 1.07E+09 6.11E+15 4.52E+11 2.16E+04 1.40E+07 7.65E+06 2.21E+06 2.37E+10 8.06E+08 3.63E-02 4.71E+06 2.57E+10 5.61E+00 6.32E-04 3.67E+08 3.82E+07 7.45E-01 5.06E-08
  4.32E+06 1.28E+09 5.37E+15 3.99E+11 3.35E+04 1.42E+07 7.23E+06 1.86E+06 2.14E+10 7.13E+08 3.61E-02 3.85E+06 2.14E+10 6.23E+00 8.30E-04 3.07E+08 2.25E+07 7.15E-01 4.65E-08
  4.42E+06 1.48E+09 4.73E+15 3.52E+11 4.90E+04 1.40E+07 6.81E+06 1.59E+06 1.96E+10 6.35E+08 3.46E-02 3.12E+06 1.80E+10 6.65E+00 1.10E-03 2.54E+08 1.32E+07 6.63E-01 4.38E-08
  4.52E+06 1.67E+09 4.18E+15 3.11E+11 6.83E+04 1.35E+07 6.39E+06 1.36E+06 1.80E+10 5.73E+08 3.23E-02 2.51E+06 1.52E+10 6.85E+00 1.47E-03 2.09E+08 7.76E+06 5.97E-01 4.18E-08
  4.62E+06 1.85E+09 3.69E+15 2.75E+11 9.13E+04 1.28E+07 5.96E+06 1.16E+06 1.67E+10 5.23E+08 2.95E-02 2.01E+06 1.30E+10 6.90E+00 2.00E-03 1.71E+08 4.57E+06 5.25E-01 3.99E-08
  4.72E+06 2.00E+09 3.26E+15 2.43E+11 1.19E+05 1.20E+07 5.52E+06 9.84E+05 1.55E+10 4.85E+08 2.66E-02 1.61E+06 1.11E+10 6.90E+00 2.70E-03 1.39E+08 2.72E+06 4.55E-01 3.74E-08
  4.82E+06 2.14E+09 2.88E+15 2.14E+11 1.51E+05 1.11E+07 5.08E+06 8.32E+05 1.45E+10 4.58E+08 2.38E-02 1.28E+06 9.52E+09 6.85E+00 3.63E-03 1.13E+08 1.63E+06 3.89E-01 3.46E-08
  4.92E+06 2.26E+09 2.54E+15 1.88E+11 1.88E+05 1.02E+07 4.65E+06 7.00E+05 1.35E+10 4.41E+08 2.12E-02 1.03E+06 8.20E+09 6.77E+00 4.81E-03 9.15E+07 9.87E+05 3.30E-01 3.16E-08
  5.02E+06 2.36E+09 2.24E+15 1.65E+11 2.31E+05 9.40E+06 4.25E+06 5.88E+05 1.26E+10 4.32E+08 1.88E-02 8.19E+05 7.07E+09 6.67E+00 6.25E-03 7.41E+07 6.04E+05 2.78E-01 2.84E-08
  5.12E+06 2.46E+09 1.97E+15 1.45E+11 2.82E+05 8.60E+06 3.88E+06 4.93E+05 1.18E+10 4.31E+08 1.66E-02 6.53E+05 6.11E+09 6.55E+00 7.94E-03 6.00E+07 3.73E+05 2.34E-01 2.54E-08
  5.22E+06 2.54E+09 1.73E+15 1.27E+11 3.43E+05 7.86E+06 3.53E+06 4.15E+05 1.11E+10 4.36E+08 1.46E-02 5.20E+05 5.28E+09 6.43E+00 9.90E-03 4.86E+07 2.32E+05 1.96E-01 2.26E-08
  5.32E+06 2.61E+09 1.52E+15 1.11E+11 4.15E+05 7.18E+06 3.22E+06 3.49E+05 1.04E+10 4.47E+08 1.29E-02 4.14E+05 4.57E+09 6.30E+00 1.21E-02 3.93E+07 1.46E+05 1.65E-01 2.01E-08
  5.42E+06 2.67E+09 1.34E+15 9.71E+10 5.01E+05 6.57E+06 2.94E+06 2.95E+05 9.74E+09 4.63E+08 1.13E-02 3.29E+05 3.95E+09 6.16E+00 1.45E-02 3.18E+07 9.26E+04 1.39E-01 1.79E-08
  5.52E+06 2.72E+09 1.18E+15 8.48E+10 6.03E+05 6.02E+06 2.69E+06 2.51E+05 9.14E+09 4.83E+08 9.89E-03 2.61E+05 3.42E+09 6.01E+00 1.72E-02 2.57E+07 5.92E+04 1.17E-01 1.61E-08
  5.62E+06 2.76E+09 1.03E+15 7.39E+10 7.27E+05 5.53E+06 2.47E+06 2.14E+05 8.58E+09 5.07E+08 8.64E-03 2.07E+05 2.95E+09 5.85E+00 2.00E-02 2.08E+07 3.83E+04 9.88E-02 1.46E-08
  5.72E+06 2.78E+09 9.06E+14 6.43E+10 8.75E+05 5.09E+06 2.27E+06 1.84E+05 8.06E+09 5.33E+08 7.53E-03 1.64E+05 2.55E+09 5.67E+00 2.29E-02 1.68E+07 2.50E+04 8.38E-02 1.33E-08
  5.82E+06 2.80E+09 7.94E+14 5.58E+10 1.05E+06 4.69E+06 2.10E+06 1.60E+05 7.57E+09 5.62E+08 6.55E-03 1.29E+05 2.20E+09 5.47E+00 2.59E-02 1.36E+07 1.66E+04 7.13E-02 1.23E-08
  5.92E+06 2.80E+09 6.95E+14 4.84E+10 1.27E+06 4.34E+06 1.94E+06 1.39E+05 7.12E+09 5.93E+08 5.68E-03 1.02E+05 1.89E+09 5.26E+00 2.89E-02 1.10E+07 1.11E+04 6.09E-02 1.15E-08
  6.02E+06 2.79E+09 6.08E+14 4.19E+10 1.53E+06 4.03E+06 1.81E+06 1.22E+05 6.70E+09 6.24E+08 4.91E-03 7.98E+04 1.62E+09 5.03E+00 3.19E-02 8.90E+06 7.57E+03 5.22E-02 1.09E-08
  6.12E+06 2.78E+09 5.32E+14 3.62E+10 1.85E+06 3.74E+06 1.68E+06 1.07E+05 6.31E+09 6.57E+08 4.25E-03 6.25E+04 1.39E+09 4.79E+00 3.49E-02 7.20E+06 5.23E+03 4.50E-02 1.04E-08
  6.22E+06 2.76E+09 4.65E+14 3.12E+10 2.24E+06 3.49E+06 1.57E+06 9.56E+04 5.95E+09 6.90E+08 3.69E-03 4.90E+04 1.19E+09 4.53E+00 3.78E-02 5.84E+06 3.68E+03 3.90E-02 1.01E-08
  6.32E+06 2.73E+09 4.06E+14 2.68E+10 2.72E+06 3.27E+06 1.48E+06 8.60E+04 5.61E+09 7.22E+08 3.27E-03 3.87E+04 1.01E+09 4.30E+00 4.06E-02 4.74E+06 2.63E+03 3.40E-02 9.91E-09
  6.42E+06 2.69E+09 3.54E+14 2.30E+10 3.32E+06 3.09E+06 1.40E+06 7.89E+04 5.29E+09 7.55E+08 3.10E-03 3.14E+04 8.61E+08 4.16E+00 4.33E-02 3.86E+06 1.92E+03 3.00E-02 1.01E-08
  6.52E+06 2.61E+09 3.09E+14 1.97E+10 4.08E+06 2.95E+06 1.34E+06 7.50E+04 5.00E+09 7.86E+08 3.37E-03 2.75E+04 7.28E+08 4.31E+00 4.58E-02 3.15E+06 1.45E+03 2.70E-02 1.09E-08
  6.62E+06 2.49E+09 2.69E+14 1.68E+10 5.06E+06 2.90E+06 1.33E+06 7.51E+04 4.72E+09 8.17E+08 4.48E-03 2.76E+04 6.13E+08 5.09E+00 4.81E-02 2.58E+06 1.15E+03 2.51E-02 1.29E-08
  6.72E+06 2.33E+09 2.34E+14 1.42E+10 6.36E+06 2.93E+06 1.36E+06 7.99E+04 4.47E+09 8.46E+08 6.95E-03 3.26E+04 5.13E+08 7.08E+00 5.03E-02 2.13E+06 9.76E+02 2.42E-02 1.69E-08
  6.82E+06 2.13E+09 2.03E+14 1.20E+10 8.11E+06 3.06E+06 1.43E+06 8.97E+04 4.22E+09 8.74E+08 1.14E-02 4.28E+04 4.27E+08 1.11E+01 5.22E-02 1.76E+06 8.77E+02 2.44E-02 2.44E-08
  6.92E+06 1.93E+09 1.77E+14 1.01E+10 1.05E+07 3.26E+06 1.54E+06 1.04E+05 3.99E+09 9.01E+08 1.86E-02 5.82E+04 3.53E+08 1.81E+01 5.40E-02 1.47E+06 8.22E+02 2.52E-02 3.67E-08
  7.02E+06 1.76E+09 1.53E+14 8.48E+09 1.37E+07 3.49E+06 1.67E+06 1.20E+05 3.78E+09 9.26E+08 2.88E-02 7.70E+04 2.89E+08 2.88E+01 5.55E-02 1.23E+06 7.80E+02 2.63E-02 5.41E-08
  7.12E+06 1.63E+09 1.33E+14 7.05E+09 1.82E+07 3.72E+06 1.78E+06 1.36E+05 3.57E+09 9.50E+08 4.22E-02 9.69E+04 2.35E+08 4.31E+01 5.65E-02 1.04E+06 7.27E+02 2.75E-02 7.50E-08
  7.22E+06 1.57E+09 1.15E+14 5.82E+09 2.44E+07 3.90E+06 1.87E+06 1.47E+05 3.37E+09 9.71E+08 5.84E-02 1.15E+05 1.89E+08 5.99E+01 5.69E-02 8.92E+05 6.54E+02 2.84E-02 9.52E-08
  7.32E+06 1.55E+09 9.94E+13 4.77E+09 3.31E+07 3.99E+06 1.90E+06 1.51E+05 3.17E+09 9.90E+08 7.63E-02 1.30E+05 1.51E+08 7.65E+01 5.61E-02 7.67E+05 5.63E+02 2.89E-02 1.09E-07
  7.42E+06 1.60E+09 8.57E+13 3.86E+09 4.52E+07 3.96E+06 1.86E+06 1.45E+05 2.97E+09 1.00E+09 9.48E-02 1.38E+05 1.19E+08 8.93E+01 5.37E-02 6.64E+05 4.52E+02 2.87E-02 1.10E-07
  7.52E+06 1.70E+09 7.36E+13 3.10E+09 6.18E+07 3.80E+06 1.76E+06 1.32E+05 2.76E+09 1.01E+09 1.12E-01 1.39E+05 9.31E+07 9.49E+01 4.94E-02 5.80E+05 3.42E+02 2.77E-02 1.00E-07
  7.62E+06 1.82E+09 6.33E+13 2.46E+09 8.49E+07 3.62E+06 1.65E+06 1.15E+05 2.55E+09 1.01E+09 1.27E-01 1.34E+05 7.21E+07 9.36E+01 4.38E-02 5.11E+05 2.56E+02 2.70E-02 8.73E-08
  7.72E+06 1.99E+09 5.44E+13 1.93E+09 1.22E+08 3.54E+06 1.57E+06 9.57E+04 2.34E+09 1.01E+09 1.39E-01 1.22E+05 5.54E+07 8.55E+01 3.72E-02 4.56E+05 1.91E+02 2.71E-02 7.11E-08
  7.82E+06 2.84E+09 4.67E+13 1.50E+09 1.89E+08 2.93E+06 1.26E+06 6.36E+04 2.13E+09 1.01E+09 1.46E-01 1.01E+05 4.23E+07 5.83E+01 3.04E-02 4.11E+05 1.00E+02 2.31E-02 3.43E-08
  7.92E+06 6.34E+09 4.02E+13 1.14E+09 2.90E+08 1.61E+06 6.56E+05 2.92E+04 1.90E+09 9.93E+08 1.56E-01 6.80E+04 3.21E+07 2.42E+01 2.42E-02 3.72E+05 2.56E+01 1.25E-02 6.44E-09
  8.02E+06 1.54E+10 3.45E+13 8.61E+08 3.91E+08 7.82E+05 2.76E+05 1.06E+04 1.67E+09 9.72E+08 1.65E-01 3.51E+04 2.43E+07 8.74E+00 1.90E-02 3.41E+05 5.63E+00 5.51E-03 6.78E-10
  8.12E+06 3.27E+10 2.96E+13 6.43E+08 4.69E+08 4.19E+05 1.16E+05 3.42E+03 1.46E+09 9.45E+08 1.63E-01 1.60E+04 1.82E+07 3.47E+00 1.47E-02 3.19E+05 1.93E+00 2.50E-03 5.17E-11
  8.22E+06 6.03E+10 2.55E+13 4.76E+08 5.17E+08 2.49E+05 5.17E+04 1.03E+03 1.27E+09 9.11E+08 1.54E-01 7.50E+03 1.36E+07 1.55E+00 1.12E-02 3.05E+05 1.10E+00 1.23E-03 3.06E-12
  8.32E+06 9.92E+10 2.18E+13 3.49E+08 5.37E+08 1.59E+05 2.42E+04 2.91E+02 1.09E+09 8.71E+08 1.40E-01 3.78E+03 1.00E+07 7.67E-01 8.35E-03 2.98E+05 8.15E-01 6.54E-04 1.47E-13
  8.42E+06 1.49E+11 1.87E+13 2.54E+08 5.33E+08 1.06E+05 1.18E+04 7.75E+01 9.43E+08 8.27E+08 1.23E-01 2.04E+03 7.38E+06 4.08E-01 6.11E-03 2.96E+05 6.69E-01 3.69E-04 6.12E-15
  8.52E+06 2.08E+11 1.61E+13 1.84E+08 5.14E+08 7.18E+04 6.01E+03 1.94E+01 8.12E+08 7.81E+08 1.05E-01 1.16E+03 5.39E+06 2.31E-01 4.38E-03 2.95E+05 5.65E-01 2.18E-04 2.80E-16
  8.62E+06 2.74E+11 1.37E+13 1.32E+08 4.83E+08 4.94E+04 3.17E+03 4.57E+00 6.99E+08 7.32E+08 8.64E-02 6.96E+02 3.92E+06 1.38E-01 3.08E-03 2.91E+05 4.77E-01 1.33E-04 1.97E-17
  8.72E+06 3.43E+11 1.18E+13 9.47E+07 4.47E+08 3.42E+04 1.72E+03 1.03E+00 6.01E+08 6.83E+08 6.95E-02 4.33E+02 2.84E+06 8.55E-02 2.12E-03 2.81E+05 3.96E-01 8.13E-05 2.21E-18
  8.82E+06 4.13E+11 1.00E+13 6.74E+07 4.07E+08 2.36E+04 9.60E+02 2.21E-01 5.16E+08 6.34E+08 5.48E-02 2.79E+02 2.04E+06 5.49E-02 1.44E-03 2.63E+05 3.18E-01 4.97E-05 3.26E-19
  8.92E+06 4.78E+11 8.56E+12 4.77E+07 3.67E+08 1.63E+04 5.48E+02 4.71E-02 4.43E+08 5.85E+08 4.25E-02 1.85E+02 1.47E+06 3.63E-02 9.67E-04 2.38E+05 2.48E-01 3.02E-05 5.71E-20
  9.02E+06 5.38E+11 7.28E+12 3.36E+07 3.29E+08 1.12E+04 3.19E+02 1.02E-02 3.81E+08 5.38E+08 3.26E-02 1.25E+02 1.05E+06 2.46E-02 6.41E-04 2.10E+05 1.87E-01 1.82E-05 1.14E-20
  9.12E+06 5.89E+11 6.19E+12 2.36E+07 2.92E+08 7.63E+03 1.90E+02 2.34E-03 3.27E+08 4.92E+08 2.49E-02 8.67E+01 7.48E+05 1.70E-02 4.22E-04 1.80E+05 1.39E-01 1.09E-05 2.58E-21
  9.22E+06 6.30E+11 5.25E+12 1.66E+07 2.58E+08 5.19E+03 1.14E+02 5.91E-04 2.81E+08 4.47E+08 1.89E-02 6.12E+01 5.34E+05 1.20E-02 2.77E-04 1.53E+05 1.01E-01 6.60E-06 6.41E-22
  9.32E+06 6.61E+11 4.45E+12 1.16E+07 2.27E+08 3.50E+03 7.01E+01 1.69E-04 2.41E+08 4.05E+08 1.45E-02 4.41E+01 3.81E+05 8.64E-03 1.82E-04 1.30E+05 7.37E-02 4.03E-06 1.74E-22
  9.42E+06 6.81E+11 3.76E+12 8.14E+06 1.99E+08 2.35E+03 4.35E+01 5.43E-05 2.07E+08 3.65E+08 1.12E-02 3.24E+01 2.74E+05 6.34E-03 1.20E-04 1.09E+05 5.34E-02 2.49E-06 5.12E-23
  9.52E+06 6.89E+11 3.18E+12 5.74E+06 1.74E+08 1.57E+03 2.73E+01 1.92E-05 1.78E+08 3.27E+08 8.72E-03 2.43E+01 1.98E+05 4.77E-03 7.98E-05 9.19E+04 3.87E-02 1.56E-06 1.62E-23
  9.62E+06 6.87E+11 2.68E+12 4.10E+06 1.52E+08 1.04E+03 1.74E+01 7.36E-06 1.53E+08 2.91E+08 6.97E-03 1.89E+01 1.46E+05 3.70E-03 5.42E-05 7.72E+04 2.80E-02 9.90E-07 5.50E-24
  9.72E+06 6.74E+11 2.26E+12 2.99E+06 1.32E+08 6.91E+02 1.12E+01 2.99E-06 1.32E+08 2.58E+08 5.76E-03 1.52E+01 1.10E+05 2.98E-03 3.78E-05 6.49E+04 2.03E-02 6.37E-07 2.00E-24
  9.82E+06 6.50E+11 1.91E+12 2.26E+06 1.15E+08 4.56E+02 7.37E+00 1.29E-06 1.13E+08 2.28E+08 5.01E-03 1.30E+01 8.66E+04 2.55E-03 2.76E-05 5.46E+04 1.47E-02 4.16E-07 7.88E-25
  9.92E+06 6.13E+11 1.61E+12 1.80E+06 9.96E+07 3.01E+02 4.94E+00 6.24E-07 9.75E+07 1.99E+08 4.70E-03 1.22E+01 7.13E+04 2.39E-03 2.14E-05 4.61E+04 1.07E-02 2.79E-07 3.45E-25

     Z        HS       S        SO       SO2      H2SO4    HSO      S2       S4       S8       SO3      OCS      S3       O3       HNO3     N        NO3      N2O      HO2NO2  
  2.50E+04 5.78E+02 1.25E-12 7.25E+00 1.66E+09 9.98E+07 1.43E+07 1.71E-16 1.59E-42 1.84E-85 4.11E-02 1.22E-02 5.00E-40 3.03E+11 5.72E+08 6.75-159 8.63E+03 7.47E+12 2.22E+06
  1.25E+05 2.78E+02 3.18E-13 5.45E+00 3.01E+09 1.86E+08 1.02E+07 5.36E-17 1.38E-43 1.66E-85 1.29E-01 1.10E-02 3.42E-41 3.07E+11 6.51E+08 4.98-146 7.52E+03 6.76E+12 4.22E+06
  2.25E+05 1.30E+02 7.67E-14 3.51E+00 3.83E+09 2.60E+08 5.11E+06 1.11E-17 5.24E-45 1.51E-85 2.96E-01 9.95E-03 1.48E-42 3.24E+11 7.68E+08 1.85-133 7.45E+03 6.12E+12 9.19E+06
  3.25E+05 5.89E+01 1.72E-14 2.12E+00 4.35E+09 3.16E+08 2.33E+06 1.90E-18 1.35E-46 1.36E-85 6.83E-01 8.97E-03 4.94E-44 3.48E+11 8.76E+08 3.26-121 7.79E+03 5.52E+12 2.13E+07
  4.25E+05 2.61E+01 3.73E-15 1.27E+00 4.71E+09 3.50E+08 1.04E+06 2.86E-19 2.73E-48 1.23E-85 1.58E+00 8.09E-03 1.41E-45 3.74E+11 9.38E+08 2.65-109 8.06E+03 4.98E+12 5.25E+07
  5.25E+05 1.12E+01 7.69E-16 7.63E-01 4.99E+09 3.55E+08 4.73E+05 3.92E-20 4.57E-50 1.11E-85 3.71E+00 7.30E-03 3.48E-47 3.98E+11 9.36E+08 9.07E-98 7.71E+03 4.50E+12 1.29E+08
  6.25E+05 4.62E+00 1.46E-16 4.55E-01 5.21E+09 3.29E+08 2.28E+05 5.00E-21 6.61E-52 1.00E-85 8.60E+00 6.58E-03 7.39E-49 4.18E+11 8.83E+08 1.17E-86 6.75E+03 4.06E+12 2.58E+08
  7.25E+05 1.93E+00 2.91E-17 2.87E-01 5.35E+09 2.90E+08 1.17E+05 5.99E-22 8.45E-54 9.03E-86 2.09E+01 5.94E-03 1.55E-50 4.34E+11 8.14E+08 4.86E-76 6.07E+03 3.66E+12 3.70E+08
  8.25E+05 9.39E-01 8.81E-18 2.23E-01 5.35E+09 2.64E+08 6.26E+04 6.87E-23 9.89E-56 8.14E-86 6.24E+01 5.35E-03 4.75E-52 4.46E+11 7.59E+08 5.32E-66 5.95E+03 3.30E+12 4.01E+08
  9.25E+05 5.41E-01 7.45E-18 2.34E-01 5.22E+09 2.53E+08 3.42E+04 8.32E-24 1.29E-57 7.32E-86 2.34E+02 4.80E-03 4.28E-53 4.54E+11 7.20E+08 8.54E-57 6.09E+03 2.97E+12 3.58E+08
  1.02E+06 3.28E-01 3.18E-17 3.84E-01 4.99E+09 2.42E+08 1.91E+04 2.98E-24 1.45E-58 6.51E-86 8.27E+02 4.27E-03 5.70E-53 4.57E+11 6.94E+08 1.14E-48 6.29E+03 2.64E+12 2.86E+08
  1.12E+06 1.57E-01 2.74E-16 8.86E-01 4.79E+09 2.21E+08 9.51E+03 7.47E-24 7.78E-58 5.61E-86 1.81E+03 3.66E-03 1.04E-51 4.75E+11 7.11E+08 1.08E-41 5.86E+03 2.27E+12 2.15E+08
  1.22E+06 3.73E-02 3.10E-15 2.97E+00 5.11E+09 1.95E+08 3.23E+03 1.95E-23 4.52E-57 4.81E-86 2.87E+03 3.12E-03 2.60E-50 5.97E+11 9.17E+08 1.31E-35 6.05E+03 1.94E+12 1.67E+08
  1.32E+06 6.19E-03 3.15E-14 1.01E+01 5.71E+09 1.62E+08 9.49E+02 3.15E-23 9.98E-57 4.11E-86 3.00E+03 2.63E-03 3.60E-49 8.19E+11 1.34E+09 2.22E-30 6.98E+03 1.64E+12 1.48E+08
  1.42E+06 6.80E-04 2.63E-13 3.07E+01 6.43E+09 1.33E+08 2.95E+02 2.83E-23 6.78E-57 3.50E-86 3.34E+03 2.17E-03 2.26E-48 1.23E+12 2.17E+09 6.88E-26 1.03E+04 1.38E+12 1.54E+08
  1.52E+06 8.72E-05 1.64E-12 7.54E+01 6.40E+09 1.14E+08 2.38E+02 2.25E-23 3.64E-57 2.98E-86 4.04E+03 1.77E-03 9.50E-48 1.68E+12 3.12E+09 4.55E-22 1.66E+04 1.15E+12 1.71E+08
  1.62E+06 1.21E-05 8.04E-12 1.53E+02 5.62E+09 9.34E+07 2.99E+02 1.79E-23 1.93E-57 2.53E-86 4.78E+03 1.41E-03 3.09E-47 2.16E+12 4.16E+09 8.43E-19 2.68E+04 9.44E+11 1.97E+08
  1.72E+06 3.69E-06 3.13E-11 2.57E+02 4.33E+09 7.12E+07 3.62E+02 2.72E-23 3.77E-57 2.15E-86 5.25E+03 1.10E-03 1.55E-46 2.60E+12 5.09E+09 5.40E-16 4.01E+04 7.69E+11 2.25E+08
  1.82E+06 4.27E-06 9.62E-11 3.55E+02 2.85E+09 4.85E+07 3.82E+02 7.57E-23 2.47E-56 1.83E-86 5.17E+03 8.35E-04 1.12E-45 2.96E+12 5.77E+09 1.42E-13 5.53E+04 6.19E+11 2.51E+08
  1.92E+06 5.85E-06 2.19E-10 3.74E+02 1.50E+09 2.72E+07 3.23E+02 1.79E-22 1.17E-55 1.56E-86 4.24E+03 6.18E-04 5.09E-45 3.23E+12 6.17E+09 1.78E-11 7.14E+04 4.94E+11 2.73E+08
  2.02E+06 6.40E-06 3.54E-10 2.89E+02 5.97E+08 1.20E+07 2.09E+02 2.61E-22 2.11E-55 1.32E-86 2.75E+03 4.46E-04 1.01E-44 3.38E+12 6.23E+09 1.18E-09 8.70E+04 3.90E+11 2.86E+08
  2.12E+06 6.65E-06 5.09E-10 2.05E+02 2.27E+08 5.14E+06 1.28E+02 3.23E-22 2.74E-55 1.12E-86 1.78E+03 3.13E-04 1.53E-44 3.43E+12 5.98E+09 4.63E-08 1.01E+05 3.05E+11 2.90E+08
  2.22E+06 6.69E-06 6.78E-10 1.39E+02 8.57E+07 2.21E+06 7.62E+01 3.58E-22 2.87E-55 9.55E-87 1.17E+03 2.13E-04 1.92E-44 3.41E+12 5.52E+09 1.16E-06 1.15E+05 2.37E+11 2.84E+08
  2.32E+06 6.53E-06 8.44E-10 9.10E+01 3.22E+07 9.57E+05 4.46E+01 3.59E-22 2.44E-55 8.12E-87 7.79E+02 1.41E-04 2.03E-44 3.31E+12 4.91E+09 1.98E-05 1.26E+05 1.83E+11 2.67E+08
  2.42E+06 6.11E-06 9.80E-10 5.73E+01 1.20E+07 4.16E+05 2.53E+01 3.19E-22 1.65E-55 6.91E-87 5.23E+02 8.95E-05 1.79E-44 3.17E+12 4.23E+09 2.43E-04 1.34E+05 1.40E+11 2.41E+08
  2.52E+06 5.45E-06 1.06E-09 3.48E+01 4.46E+06 1.81E+05 1.39E+01 2.53E-22 8.78E-56 5.89E-87 3.51E+02 5.47E-05 1.31E-44 2.99E+12 3.53E+09 2.21E-03 1.40E+05 1.06E+11 2.08E+08
  2.62E+06 4.62E-06 1.08E-09 2.04E+01 1.65E+06 8.13E+04 7.32E+00 1.77E-22 3.68E-56 5.02E-87 2.35E+02 3.18E-05 7.96E-45 2.78E+12 2.87E+09 1.55E-02 1.42E+05 8.01E+10 1.72E+08
  2.72E+06 3.69E-06 1.04E-09 1.16E+01 6.12E+05 4.52E+04 3.69E+00 1.10E-22 1.20E-56 4.28E-87 1.56E+02 1.75E-05 4.02E-45 2.55E+12 2.26E+09 8.53E-02 1.42E+05 5.98E+10 1.36E+08
  2.82E+06 2.82E-06 9.51E-10 6.50E+00 2.30E+05 4.83E+04 1.80E+00 6.16E-23 3.24E-57 3.65E-87 1.05E+02 9.02E-06 1.77E-45 2.31E+12 1.72E+09 3.78E-01 1.38E+05 4.42E+10 1.03E+08
  2.92E+06 2.07E-06 8.40E-10 3.61E+00 8.86E+04 9.08E+04 8.54E-01 3.20E-23 7.45E-58 3.11E-87 7.17E+01 4.35E-06 6.92E-46 2.06E+12 1.27E+09 1.37E+00 1.31E+05 3.24E+10 7.48E+07
  3.02E+06 1.45E-06 7.15E-10 1.99E+00 3.50E+04 1.18E+05 3.91E-01 1.52E-23 1.44E-58 2.65E-87 5.01E+01 1.92E-06 2.39E-46 1.81E+12 9.01E+08 4.17E+00 1.23E+05 2.35E+10 5.19E+07
  3.12E+06 9.97E-07 6.01E-10 1.11E+00 1.45E+04 1.17E+05 1.78E-01 6.98E-24 2.60E-59 2.26E-87 3.66E+01 7.82E-07 7.90E-47 1.57E+12 6.19E+08 1.07E+01 1.12E+05 1.69E+10 3.45E+07
  3.22E+06 6.80E-07 5.06E-10 6.39E-01 6.35E+03 1.06E+05 8.14E-02 3.17E-24 4.59E-60 1.93E-87 2.81E+01 2.91E-07 2.59E-47 1.35E+12 4.12E+08 2.39E+01 1.00E+05 1.21E+10 2.19E+07
  3.32E+06 4.61E-07 4.28E-10 3.78E-01 2.95E+03 9.34E+04 3.75E-02 1.43E-24 8.04E-61 1.65E-87 2.25E+01 9.76E-08 8.47E-48 1.16E+12 2.67E+08 4.67E+01 8.80E+04 8.58E+09 1.34E+07
  3.42E+06 3.17E-07 3.71E-10 2.35E-01 1.48E+03 8.12E+04 1.78E-02 6.71E-25 1.51E-61 1.41E-87 1.88E+01 2.95E-08 2.96E-48 9.84E+11 1.70E+08 8.15E+01 7.54E+04 6.04E+09 7.79E+06
  3.52E+06 2.25E-07 3.37E-10 1.56E-01 8.04E+02 7.03E+04 8.84E-03 3.39E-25 3.31E-62 1.21E-87 1.62E+01 8.06E-09 1.16E-48 8.33E+11 1.07E+08 1.29E+02 6.31E+04 4.25E+09 4.35E+06
  3.62E+06 1.69E-07 3.25E-10 1.13E-01 4.83E+02 6.08E+04 4.70E-03 1.92E-25 9.14E-63 1.04E-87 1.42E+01 1.99E-09 5.48E-49 7.02E+11 6.60E+07 1.90E+02 5.14E+04 2.98E+09 2.33E+06
  3.72E+06 1.36E-07 3.39E-10 8.93E-02 3.23E+02 5.27E+04 2.71E-03 1.25E-25 3.35E-63 8.95E-88 1.25E+01 4.50E-10 3.21E-49 5.88E+11 4.04E+07 2.62E+02 4.06E+04 2.10E+09 1.20E+06
  3.82E+06 1.17E-07 3.75E-10 7.68E-02 2.36E+02 4.57E+04 1.68E-03 9.22E-26 1.58E-63 7.73E-88 1.07E+01 9.29E-11 2.28E-49 4.88E+11 2.42E+07 3.43E+02 3.09E+04 1.48E+09 5.90E+05
  3.92E+06 1.06E-07 4.35E-10 7.04E-02 1.85E+02 3.97E+04 1.11E-03 7.52E-26 9.16E-64 6.69E-88 8.85E+00 1.76E-11 1.87E-49 4.01E+11 1.41E+07 4.32E+02 2.26E+04 1.05E+09 2.81E+05
  4.02E+06 1.01E-07 5.19E-10 6.74E-02 1.51E+02 3.46E+04 7.77E-04 6.64E-26 6.22E-64 5.80E-88 7.13E+00 3.11E-12 1.72E-49 3.24E+11 7.85E+06 5.27E+02 1.57E+04 7.51E+08 1.30E+05
  4.12E+06 9.88E-08 6.29E-10 6.67E-02 1.28E+02 3.02E+04 5.74E-04 6.27E-26 4.84E-64 5.05E-88 5.60E+00 5.22E-13 1.72E-49 2.60E+11 4.19E+06 6.27E+02 1.04E+04 5.39E+08 5.96E+04
  4.22E+06 9.94E-08 7.71E-10 6.77E-02 1.10E+02 2.65E+04 4.47E-04 6.30E-26 4.29E-64 4.40E-88 4.32E+00 9.02E-14 1.85E-49 2.06E+11 2.14E+06 7.37E+02 6.54E+03 3.90E+08 2.72E+04
  4.32E+06 1.02E-07 9.53E-10 7.02E-02 9.54E+01 2.33E+04 3.67E-04 6.71E-26 4.27E-64 3.85E-88 3.30E+00 2.12E-14 2.14E-49 1.63E+11 1.07E+06 8.62E+02 3.98E+03 2.86E+08 1.25E+04
  4.42E+06 1.06E-07 1.19E-09 7.43E-02 8.36E+01 2.05E+04 3.16E-04 7.49E-26 4.70E-64 3.38E-88 2.50E+00 9.74E-15 2.63E-49 1.29E+11 5.26E+05 1.01E+03 2.35E+03 2.12E+08 5.85E+03
  4.52E+06 1.10E-07 1.49E-09 7.99E-02 7.35E+01 1.81E+04 2.82E-04 8.69E-26 5.59E-64 2.97E-88 1.89E+00 7.36E-15 3.39E-49 1.02E+11 2.57E+05 1.19E+03 1.37E+03 1.58E+08 2.77E+03
  4.62E+06 1.14E-07 1.87E-09 8.65E-02 6.49E+01 1.60E+04 2.58E-04 1.03E-25 6.88E-64 2.62E-88 1.42E+00 6.57E-15 4.44E-49 8.07E+10 1.25E+05 1.39E+03 7.85E+02 1.19E+08 1.33E+03
  4.72E+06 1.16E-07 2.34E-09 9.35E-02 5.73E+01 1.41E+04 2.38E-04 1.20E-25 8.37E-64 2.30E-88 1.07E+00 6.17E-15 5.74E-49 6.38E+10 6.11E+04 1.59E+03 4.47E+02 9.10E+07 6.46E+02
  4.82E+06 1.16E-07 2.90E-09 1.01E-01 5.05E+01 1.24E+04 2.21E-04 1.40E-25 1.00E-63 2.02E-88 7.94E-01 5.95E-15 7.31E-49 5.04E+10 2.99E+04 1.81E+03 2.53E+02 6.98E+07 3.16E+02
  4.92E+06 1.15E-07 3.58E-09 1.08E-01 4.46E+01 1.10E+04 2.06E-04 1.62E-25 1.18E-63 1.77E-88 5.90E-01 5.87E-15 9.20E-49 3.98E+10 1.47E+04 2.03E+03 1.44E+02 5.39E+07 1.56E+02
  5.02E+06 1.12E-07 4.40E-09 1.15E-01 3.93E+01 9.65E+03 1.92E-04 1.86E-25 1.37E-63 1.55E-88 4.38E-01 5.90E-15 1.14E-48 3.14E+10 7.26E+03 2.25E+03 8.14E+01 4.20E+07 7.79E+01
  5.12E+06 1.09E-07 5.39E-09 1.23E-01 3.46E+01 8.50E+03 1.80E-04 2.13E-25 1.58E-63 1.36E-88 3.25E-01 6.04E-15 1.41E-48 2.48E+10 3.62E+03 2.49E+03 4.63E+01 3.29E+07 3.93E+01
  5.22E+06 1.05E-07 6.58E-09 1.32E-01 3.04E+01 7.47E+03 1.70E-04 2.43E-25 1.81E-63 1.19E-88 2.41E-01 6.27E-15 1.73E-48 1.96E+10 1.82E+03 2.73E+03 2.64E+01 2.60E+07 2.00E+01
  5.32E+06 1.01E-07 8.02E-09 1.40E-01 2.68E+01 6.57E+03 1.60E-04 2.78E-25 2.08E-63 1.04E-88 1.79E-01 6.59E-15 2.12E-48 1.55E+10 9.27E+02 2.98E+03 1.51E+01 2.06E+07 1.03E+01
  5.42E+06 9.80E-08 9.76E-09 1.49E-01 2.35E+01 5.77E+03 1.52E-04 3.19E-25 2.41E-63 9.11E-89 1.33E-01 7.00E-15 2.61E-48 1.22E+10 4.75E+02 3.23E+03 8.70E+00 1.64E+07 5.36E+00
  5.52E+06 9.49E-08 1.19E-08 1.58E-01 2.06E+01 5.06E+03 1.45E-04 3.69E-25 2.84E-63 7.96E-89 9.86E-02 7.49E-15 3.21E-48 9.60E+09 2.47E+02 3.49E+03 5.02E+00 1.31E+07 2.82E+00
  5.62E+06 9.26E-08 1.44E-08 1.68E-01 1.81E+01 4.44E+03 1.40E-04 4.31E-25 3.39E-63 6.94E-89 7.32E-02 8.04E-15 4.00E-48 7.53E+09 1.29E+02 3.75E+03 2.92E+00 1.05E+07 1.51E+00
  5.72E+06 9.10E-08 1.74E-08 1.78E-01 1.58E+01 3.89E+03 1.35E-04 5.09E-25 4.15E-63 6.05E-89 5.43E-02 8.65E-15 5.01E-48 5.88E+09 6.88E+01 4.02E+03 1.71E+00 8.39E+06 8.14E-01
  5.82E+06 9.03E-08 2.11E-08 1.88E-01 1.38E+01 3.41E+03 1.31E-04 6.08E-25 5.19E-63 5.26E-89 4.03E-02 9.31E-15 6.35E-48 4.58E+09 3.71E+01 4.28E+03 1.01E+00 6.76E+06 4.46E-01
  5.92E+06 9.03E-08 2.55E-08 1.99E-01 1.21E+01 2.98E+03 1.28E-04 7.34E-25 6.63E-63 4.57E-89 2.98E-02 1.00E-14 8.13E-48 3.55E+09 2.03E+01 4.55E+03 6.00E-01 5.45E+06 2.49E-01
  6.02E+06 9.11E-08 3.08E-08 2.10E-01 1.05E+01 2.60E+03 1.26E-04 8.97E-25 8.65E-63 3.97E-89 2.21E-02 1.07E-14 1.05E-47 2.75E+09 1.13E+01 4.82E+03 3.62E-01 4.41E+06 1.41E-01
  6.12E+06 9.27E-08 3.71E-08 2.22E-01 9.17E+00 2.28E+03 1.24E-04 1.10E-24 1.15E-62 3.44E-89 1.63E-02 1.15E-14 1.36E-47 2.12E+09 6.43E+00 5.09E+03 2.21E-01 3.57E+06 8.15E-02
  6.22E+06 9.50E-08 4.47E-08 2.33E-01 7.97E+00 1.99E+03 1.23E-04 1.37E-24 1.55E-62 2.98E-89 1.20E-02 1.22E-14 1.78E-47 1.63E+09 3.71E+00 5.36E+03 1.36E-01 2.89E+06 4.79E-02
  6.32E+06 9.86E-08 5.37E-08 2.45E-01 6.92E+00 1.73E+03 1.23E-04 1.73E-24 2.15E-62 2.58E-89 8.89E-03 1.30E-14 2.35E-47 1.24E+09 2.19E+00 5.63E+03 8.55E-02 2.35E+06 2.88E-02
  6.42E+06 1.05E-07 6.42E-08 2.55E-01 5.99E+00 1.51E+03 1.23E-04 2.23E-24 3.11E-62 2.23E-89 6.55E-03 1.38E-14 3.17E-47 9.45E+08 1.33E+00 5.89E+03 5.46E-02 1.91E+06 1.78E-02
  6.52E+06 1.15E-07 7.65E-08 2.65E-01 5.17E+00 1.31E+03 1.27E-04 3.01E-24 4.95E-62 1.92E-89 4.83E-03 1.49E-14 4.44E-47 7.08E+08 8.49E-01 6.13E+03 3.56E-02 1.55E+06 1.16E-02
  6.62E+06 1.35E-07 9.03E-08 2.73E-01 4.46E+00 1.14E+03 1.35E-04 4.37E-24 9.08E-62 1.65E-89 3.56E-03 1.63E-14 6.63E-47 5.19E+08 5.78E-01 6.32E+03 2.40E-02 1.26E+06 8.07E-03
  6.72E+06 1.72E-07 1.05E-07 2.78E-01 3.84E+00 9.90E+02 1.50E-04 6.93E-24 1.99E-61 1.42E-89 2.64E-03 1.84E-14 1.07E-46 3.72E+08 4.29E-01 6.43E+03 1.69E-02 1.03E+06 6.17E-03
  6.82E+06 2.35E-07 1.21E-07 2.77E-01 3.29E+00 8.58E+02 1.73E-04 1.18E-23 5.06E-61 1.21E-89 1.98E-03 2.17E-14 1.82E-46 2.59E+08 3.48E-01 6.42E+03 1.24E-02 8.34E+05 5.16E-03
  6.92E+06 3.32E-07 1.36E-07 2.71E-01 2.83E+00 7.44E+02 2.00E-04 2.08E-23 1.35E-60 1.04E-89 1.49E-03 2.65E-14 3.12E-46 1.79E+08 2.99E-01 6.28E+03 9.42E-03 6.77E+05 4.57E-03
  7.02E+06 4.66E-07 1.50E-07 2.60E-01 2.42E+00 6.43E+02 2.27E-04 3.52E-23 3.36E-60 8.84E-90 1.14E-03 3.34E-14 5.05E-46 1.24E+08 2.63E-01 6.03E+03 7.25E-03 5.50E+05 4.11E-03
  7.12E+06 6.24E-07 1.63E-07 2.45E-01 2.08E+00 5.55E+02 2.45E-04 5.49E-23 7.08E-60 7.52E-90 8.75E-04 4.26E-14 7.43E-46 8.65E+07 2.26E-01 5.73E+03 5.58E-03 4.45E+05 3.59E-03
  7.22E+06 7.82E-07 1.75E-07 2.29E-01 1.78E+00 4.79E+02 2.48E-04 7.70E-23 1.21E-59 6.38E-90 6.71E-04 5.41E-14 9.72E-46 6.19E+07 1.86E-01 5.44E+03 4.24E-03 3.61E+05 2.97E-03
  7.32E+06 9.10E-07 1.88E-07 2.12E-01 1.52E+00 4.13E+02 2.35E-04 9.69E-23 1.65E-59 5.39E-90 5.11E-04 6.78E-14 1.13E-45 4.53E+07 1.43E-01 5.19E+03 3.16E-03 2.91E+05 2.29E-03
  7.42E+06 9.64E-07 2.01E-07 1.96E-01 1.29E+00 3.54E+02 2.05E-04 1.07E-22 1.73E-59 4.53E-90 3.82E-04 8.31E-14 1.15E-45 3.36E+07 1.01E-01 5.00E+03 2.26E-03 2.34E+05 1.58E-03
  7.52E+06 9.41E-07 2.16E-07 1.81E-01 1.10E+00 3.02E+02 1.67E-04 1.06E-22 1.46E-59 3.78E-90 2.83E-04 9.94E-14 1.05E-45 2.51E+07 6.51E-02 4.91E+03 1.55E-03 1.88E+05 9.92E-04
  7.62E+06 9.13E-07 2.32E-07 1.67E-01 9.27E-01 2.58E+02 1.34E-04 1.03E-22 1.19E-59 3.15E-90 2.09E-04 1.16E-13 9.49E-46 1.86E+07 4.03E-02 4.88E+03 1.06E-03 1.50E+05 6.05E-04
  7.72E+06 8.97E-07 2.47E-07 1.53E-01 7.84E-01 2.20E+02 1.05E-04 9.85E-23 9.36E-60 2.62E-90 1.59E-04 1.33E-13 8.30E-46 1.37E+07 2.37E-02 4.93E+03 7.35E-04 1.20E+05 3.59E-04
  7.82E+06 5.31E-07 2.89E-07 1.53E-01 6.49E-01 1.88E+02 5.95E-05 4.83E-23 1.94E-60 2.17E-90 1.27E-04 1.53E-13 4.09E-46 1.23E+07 1.07E-02 5.89E+03 4.43E-04 9.59E+04 1.45E-04
  7.92E+06 1.00E-07 4.00E-07 1.82E-01 5.05E-01 1.60E+02 1.68E-05 5.73E-24 2.37E-62 1.79E-90 1.15E-04 1.71E-13 5.77E-47 1.67E+07 3.30E-03 9.11E+03 1.74E-04 7.65E+04 2.90E-05
  8.02E+06 1.12E-08 5.32E-07 2.08E-01 3.79E-01 1.36E+02 3.40E-06 3.52E-25 7.76E-65 1.47E-90 1.20E-04 1.74E-13 4.07E-48 2.54E+07 8.58E-04 1.45E+04 5.27E-05 6.09E+04 4.03E-06
  8.12E+06 1.31E-09 6.41E-07 2.15E-01 2.87E-01 1.16E+02 7.08E-07 2.33E-26 2.91E-67 1.20E-90 1.34E-04 1.55E-13 2.79E-49 3.58E+07 2.14E-04 2.18E+04 2.00E-05 4.84E+04 5.32E-07
  8.22E+06 1.84E-10 7.23E-07 2.08E-01 2.21E-01 9.82E+01 1.67E-07 2.00E-27 1.83E-69 9.69E-91 1.48E-04 1.20E-13 2.31E-50 4.57E+07 5.30E-05 3.27E+04 1.11E-05 3.84E+04 8.19E-08
  8.32E+06 3.10E-11 7.83E-07 1.94E-01 1.73E-01 8.31E+01 4.46E-08 2.23E-28 1.96E-71 7.79E-91 1.56E-04 8.54E-14 2.40E-51 5.41E+07 1.34E-05 5.11E+04 7.54E-06 3.03E+04 1.70E-08
  8.42E+06 6.16E-12 8.30E-07 1.76E-01 1.37E-01 7.01E+01 1.34E-08 3.13E-29 3.48E-73 6.20E-91 1.57E-04 5.77E-14 3.08E-52 6.00E+07 3.57E-06 8.48E+04 5.51E-06 2.39E+04 4.78E-09
  8.52E+06 1.42E-12 8.69E-07 1.58E-01 1.09E-01 5.90E+01 4.46E-09 5.42E-30 1.09E-74 4.89E-91 1.49E-04 3.84E-14 4.80E-53 6.31E+07 1.05E-06 1.48E+05 4.09E-06 1.88E+04 1.62E-09
  8.62E+06 3.70E-13 9.02E-07 1.40E-01 8.70E-02 4.95E+01 1.63E-09 1.14E-30 7.26E-76 3.81E-91 1.36E-04 2.56E-14 9.00E-54 6.34E+07 3.51E-07 2.65E+05 3.01E-06 1.47E+04 5.98E-10
  8.72E+06 1.08E-13 9.33E-07 1.24E-01 6.94E-02 4.14E+01 6.43E-10 2.89E-31 9.91E-77 2.93E-91 1.18E-04 1.73E-14 2.04E-54 6.11E+07 1.34E-07 4.78E+05 2.16E-06 1.15E+04 2.28E-10
  8.82E+06 3.51E-14 9.62E-07 1.09E-01 5.51E-02 3.45E+01 2.74E-10 9.08E-32 2.16E-77 2.23E-91 9.82E-05 1.18E-14 5.68E-55 5.68E+07 5.53E-08 8.49E+05 1.51E-06 8.96E+03 8.78E-11
  8.92E+06 1.25E-14 9.92E-07 9.58E-02 4.34E-02 2.86E+01 1.24E-10 3.64E-32 6.54E-78 1.66E-91 7.88E-05 8.18E-15 2.02E-55 5.10E+07 2.38E-08 1.47E+06 1.01E-06 6.96E+03 3.36E-11
  9.02E+06 4.79E-15 1.02E-06 8.39E-02 3.39E-02 2.35E+01 5.97E-11 1.87E-32 2.61E-78 1.22E-91 6.10E-05 5.77E-15 9.19E-56 4.45E+07 1.02E-08 2.44E+06 6.60E-07 5.38E+03 1.28E-11
  9.12E+06 1.97E-15 1.05E-06 7.34E-02 2.62E-02 1.93E+01 3.01E-11 1.19E-32 1.29E-78 8.77E-92 4.57E-05 4.15E-15 5.17E-56 3.77E+07 4.39E-09 3.91E+06 4.22E-07 4.15E+03 4.83E-12
  9.22E+06 8.64E-16 1.08E-06 6.40E-02 2.01E-02 1.57E+01 1.58E-11 8.73E-33 7.41E-79 6.17E-92 3.31E-05 3.04E-15 3.36E-56 3.12E+07 1.86E-09 6.00E+06 2.66E-07 3.19E+03 1.84E-12
  9.32E+06 3.99E-16 1.11E-06 5.56E-02 1.52E-02 1.27E+01 8.63E-12 6.98E-33 4.62E-79 4.24E-92 2.33E-05 2.28E-15 2.38E-56 2.52E+07 7.80E-10 8.82E+06 1.67E-07 2.45E+03 7.03E-13
  9.42E+06 1.93E-16 1.13E-06 4.81E-02 1.13E-02 1.02E+01 4.86E-12 5.88E-33 3.02E-79 2.83E-92 1.60E-05 1.75E-15 1.76E-56 1.99E+07 3.26E-10 1.25E+07 1.04E-07 1.88E+03 2.72E-13
  9.52E+06 9.79E-17 1.16E-06 4.14E-02 8.34E-03 8.09E+00 2.81E-12 5.09E-33 2.02E-79 1.84E-92 1.07E-05 1.37E-15 1.34E-56 1.55E+07 1.36E-10 1.70E+07 6.50E-08 1.44E+03 1.07E-13
  9.62E+06 5.16E-17 1.17E-06 3.55E-02 6.06E-03 6.37E+00 1.66E-12 4.49E-33 1.37E-79 1.16E-92 7.00E-06 1.12E-15 1.04E-56 1.17E+07 5.64E-11 2.23E+07 4.06E-08 1.12E+03 4.23E-14
  9.72E+06 2.82E-17 1.19E-06 3.03E-02 4.35E-03 4.96E+00 1.01E-12 4.01E-33 9.28E-80 7.11E-93 4.51E-06 9.49E-16 8.07E-57 8.76E+06 2.34E-11 2.84E+07 2.53E-08 8.68E+02 1.70E-14
  9.82E+06 1.61E-17 1.19E-06 2.57E-02 3.09E-03 3.82E+00 6.27E-13 3.61E-33 6.29E-80 4.21E-93 2.91E-06 8.58E-16 6.31E-57 6.41E+06 9.85E-12 3.51E+07 1.58E-08 6.85E+02 7.00E-15
  9.92E+06 9.67E-18 1.19E-06 2.16E-02 2.20E-03 2.91E+00 4.00E-13 3.27E-33 4.21E-80 2.42E-93 1.95E-06 8.35E-16 4.91E-57 4.60E+06 4.46E-12 4.22E+07 9.92E-09 5.51E+02 3.05E-15

     Z        N2O5     CO2      SO4AER   S8AER   
  2.50E+04 1.26E+02 5.03E+15 5.02E+09 2.49E-19
  1.25E+05 2.17E+02 4.55E+15 5.34E+09 2.26E-19
  2.25E+05 5.02E+02 4.12E+15 6.51E+09 2.04E-19
  3.25E+05 1.36E+03 3.72E+15 8.01E+09 1.84E-19
  4.25E+05 3.98E+03 3.36E+15 9.51E+09 1.66E-19
  5.25E+05 1.05E+04 3.03E+15 1.09E+10 1.50E-19
  6.25E+05 1.89E+04 2.74E+15 1.20E+10 1.36E-19
  7.25E+05 2.40E+04 2.47E+15 1.29E+10 1.22E-19
  8.25E+05 2.71E+04 2.23E+15 1.37E+10 1.10E-19
  9.25E+05 2.97E+04 2.00E+15 1.42E+10 9.92E-20
  1.02E+06 3.11E+04 1.78E+15 1.45E+10 8.82E-20
  1.12E+06 3.33E+04 1.53E+15 1.54E+10 7.60E-20
  1.22E+06 4.96E+04 1.31E+15 1.90E+10 6.51E-20
  1.32E+06 9.56E+04 1.12E+15 2.36E+10 5.57E-20
  1.42E+06 2.61E+05 9.59E+14 2.90E+10 4.75E-20
  1.52E+06 6.55E+05 8.16E+14 3.11E+10 4.04E-20
  1.62E+06 1.46E+06 6.95E+14 2.96E+10 3.44E-20
  1.72E+06 2.75E+06 5.92E+14 2.53E+10 2.93E-20
  1.82E+06 4.35E+06 5.04E+14 1.97E+10 2.49E-20
  1.92E+06 6.11E+06 4.29E+14 1.43E+10 2.12E-20
  2.02E+06 7.69E+06 3.66E+14 9.98E+09 1.81E-20
  2.12E+06 8.89E+06 3.11E+14 6.86E+09 1.54E-20
  2.22E+06 9.64E+06 2.65E+14 4.71E+09 1.31E-20
  2.32E+06 9.82E+06 2.26E+14 3.27E+09 1.12E-20
  2.42E+06 9.43E+06 1.93E+14 2.29E+09 9.54E-21
  2.52E+06 8.52E+06 1.65E+14 1.62E+09 8.14E-21
  2.62E+06 7.24E+06 1.41E+14 1.16E+09 6.95E-21
  2.72E+06 5.80E+06 1.20E+14 8.35E+08 5.94E-21
  2.82E+06 4.36E+06 1.03E+14 6.09E+08 5.08E-21
  2.92E+06 3.10E+06 8.80E+13 4.48E+08 4.34E-21
  3.02E+06 2.09E+06 7.53E+13 3.32E+08 3.72E-21
  3.12E+06 1.33E+06 6.45E+13 2.49E+08 3.18E-21
  3.22E+06 8.04E+05 5.52E+13 1.87E+08 2.72E-21
  3.32E+06 4.63E+05 4.74E+13 1.39E+08 2.34E-21
  3.42E+06 2.53E+05 4.07E+13 1.03E+08 2.01E-21
  3.52E+06 1.32E+05 3.50E+13 7.58E+07 1.73E-21
  3.62E+06 6.46E+04 3.02E+13 5.56E+07 1.49E-21
  3.72E+06 2.98E+04 2.61E+13 4.07E+07 1.29E-21
  3.82E+06 1.28E+04 2.26E+13 2.97E+07 1.11E-21
  3.92E+06 5.05E+03 1.97E+13 2.16E+07 9.69E-22
  4.02E+06 1.84E+03 1.71E+13 1.57E+07 8.44E-22
  4.12E+06 6.17E+02 1.50E+13 1.14E+07 7.38E-22
  4.22E+06 1.95E+02 1.31E+13 8.23E+06 6.47E-22
  4.32E+06 5.98E+01 1.15E+13 5.94E+06 5.69E-22
  4.42E+06 1.80E+01 1.02E+13 4.29E+06 5.01E-22
  4.52E+06 5.42E+00 8.98E+12 3.09E+06 4.43E-22
  4.62E+06 1.62E+00 7.93E+12 2.21E+06 3.91E-22
  4.72E+06 4.88E-01 7.01E+12 1.58E+06 3.45E-22
  4.82E+06 1.48E-01 6.18E+12 1.12E+06 3.05E-22
  4.92E+06 4.51E-02 5.45E+12 7.86E+05 2.69E-22
  5.02E+06 1.40E-02 4.80E+12 5.48E+05 2.37E-22
  5.12E+06 4.39E-03 4.23E+12 3.78E+05 2.09E-22
  5.22E+06 1.40E-03 3.72E+12 2.57E+05 1.84E-22
  5.32E+06 4.51E-04 3.27E+12 1.72E+05 1.61E-22
  5.42E+06 1.47E-04 2.88E+12 1.13E+05 1.42E-22
  5.52E+06 4.88E-05 2.53E+12 7.32E+04 1.25E-22
  5.62E+06 1.64E-05 2.22E+12 4.60E+04 1.09E-22
  5.72E+06 5.64E-06 1.94E+12 2.82E+04 9.60E-23
  5.82E+06 1.97E-06 1.70E+12 1.67E+04 8.41E-23
  5.92E+06 7.05E-07 1.49E+12 9.59E+03 7.37E-23
  6.02E+06 2.59E-07 1.30E+12 5.28E+03 6.45E-23
  6.12E+06 9.74E-08 1.14E+12 2.78E+03 5.64E-23
  6.22E+06 3.77E-08 9.96E+11 1.39E+03 4.93E-23
  6.32E+06 1.51E-08 8.69E+11 6.56E+02 4.30E-23
  6.42E+06 6.27E-09 7.58E+11 2.90E+02 3.75E-23
  6.52E+06 2.75E-09 6.60E+11 1.19E+02 3.27E-23
  6.62E+06 1.30E-09 5.75E+11 4.46E+01 2.85E-23
  6.72E+06 6.82E-10 5.00E+11 1.52E+01 2.48E-23
  6.82E+06 3.96E-10 4.34E+11 4.62E+00 2.16E-23
  6.92E+06 2.47E-10 3.77E+11 1.23E+00 1.87E-23
  7.02E+06 1.59E-10 3.26E+11 2.82E-01 1.63E-23
  7.12E+06 1.01E-10 2.83E+11 5.39E-02 1.41E-23
  7.22E+06 6.11E-11 2.44E+11 8.36E-03 1.22E-23
  7.32E+06 3.47E-11 2.11E+11 1.01E-03 1.06E-23
  7.42E+06 1.76E-11 1.81E+11 8.86E-05 9.10E-24
  7.52E+06 8.05E-12 1.56E+11 5.26E-06 7.82E-24
  7.62E+06 3.57E-12 1.33E+11 1.87E-07 6.72E-24
  7.72E+06 1.55E-12 1.14E+11 3.23E-09 5.78E-24
  7.82E+06 4.74E-13 9.81E+10 1.71E-11 4.97E-24
  7.92E+06 7.09E-14 8.40E+10 1.40E-16 4.27E-24
  8.02E+06 7.08E-15 7.19E+10 1.24E-18 3.68E-24
  8.12E+06 6.91E-16 6.16E+10 5.09E-21 3.16E-24
  8.22E+06 9.85E-17 5.27E+10 8.69E-24 2.72E-24
  8.32E+06 2.83E-17 4.50E+10 2.34E-24 2.34E-24
  8.42E+06 1.26E-17 3.85E+10 2.01E-24 2.01E-24
  8.52E+06 6.35E-18 3.28E+10 1.73E-24 1.73E-24
  8.62E+06 3.22E-18 2.80E+10 1.49E-24 1.49E-24
  8.72E+06 1.57E-18 2.39E+10 1.28E-24 1.28E-24
  8.82E+06 7.27E-19 2.03E+10 1.10E-24 1.10E-24
  8.92E+06 3.16E-19 1.73E+10 9.48E-25 9.48E-25
  9.02E+06 1.30E-19 1.47E+10 8.16E-25 8.16E-25
  9.12E+06 5.16E-20 1.25E+10 7.03E-25 7.03E-25
  9.22E+06 2.01E-20 1.06E+10 6.05E-25 6.05E-25
  9.32E+06 7.73E-21 8.93E+09 5.21E-25 5.21E-25
  9.42E+06 2.98E-21 7.54E+09 4.49E-25 4.49E-25
  9.52E+06 1.15E-21 6.36E+09 3.87E-25 3.87E-25
  9.62E+06 4.48E-22 5.35E+09 3.33E-25 3.33E-25
  9.72E+06 1.75E-22 4.49E+09 2.87E-25 2.87E-25
  9.82E+06 6.92E-23 3.76E+09 2.48E-25 2.48E-25
  9.92E+06 2.80E-23 3.14E+09 2.14E-25 2.14E-25

 FLUXES OF LONG-LIVED SPECIES


     Z        O         O2        H2O       H         OH        HO2       H2O2      H2        CO        HCO       H2CO      CH4       CH3       C2H6      NO        NO2       HNO       H2S     
  0.00E+00 -1.66E+03  5.77E+11  1.02E+13 -1.77E-01 -1.08E+06 -2.73E+08 -5.35E+09 -1.54E+10  1.48E+11  3.00E-03 -1.18E+09  1.06E+11 -5.84E-02  2.14E-20 -1.57E+04 -3.11E+05 -4.20E+02  2.00E+08
  5.00E+04 -4.73E+02  5.29E+11  0.00E+00 -3.65E-02 -1.49E+05 -1.31E+07 -3.00E+09 -1.42E+10  1.38E+11 -1.44E-03  1.21E+08  9.36E+10 -6.98E-04  9.22E-10 -8.67E+06 -2.36E+06 -7.33E+00  1.34E+08
  1.50E+05 -6.63E+02  4.29E+11  0.00E+00 -3.97E-02 -1.81E+05 -2.11E+06 -6.46E+08 -1.13E+10  1.20E+11 -4.97E-04  5.99E+08  7.26E+10 -1.14E-03  2.22E-09 -1.44E+07 -1.21E+07  1.20E+02  5.94E+07
  2.50E+05 -8.86E+02  3.43E+11  0.00E+00 -3.79E-02 -1.77E+05  5.99E+06  1.09E+09 -8.62E+09  1.02E+11 -1.58E-04  5.63E+08  5.48E+10  6.63E-04  2.93E-09 -2.06E+07 -1.86E+07  8.03E+01  2.59E+07
  3.50E+05 -1.13E+03  2.73E+11  0.00E+00 -3.61E-02 -1.70E+05  1.19E+07  2.39E+09 -6.30E+09  8.51E+10  1.23E-04  5.04E+08  4.01E+10  1.96E-03  2.83E-09 -2.72E+07 -2.19E+07  4.58E+01  1.11E+07
  4.50E+05 -1.34E+03  2.19E+11  0.00E+00 -2.19E-02 -1.10E+05  1.75E+07  2.82E+09 -4.41E+09  6.90E+10  6.58E-04  4.93E+08  2.83E+10  5.66E-03  1.83E-09 -2.79E+07 -1.40E+07  2.69E+01  4.67E+06
  5.50E+05 -1.50E+03  1.77E+11  0.00E+00  8.83E-03  3.09E+04  2.01E+07  2.60E+09 -2.93E+09  5.43E+10  1.27E-03  4.83E+08  1.96E+10  1.00E-02 -3.22E-10 -1.10E+07  1.01E+07  1.64E+01  1.94E+06
  6.50E+05 -1.64E+03  1.48E+11  0.00E+00  2.94E-02  1.29E+05  1.95E+07  2.14E+09 -1.83E+09  4.23E+10  1.28E-03  3.88E+08  1.39E+10  9.98E-03 -3.23E-09  3.53E+06  2.16E+07  8.15E+00  8.33E+05
  7.50E+05 -1.79E+03  1.30E+11  0.00E+00  1.29E-02  4.93E+04  1.72E+07  1.64E+09 -1.07E+09  3.33E+10  7.41E-04  2.29E+08  1.07E+10  5.61E-03 -5.94E-09 -1.99E+07  3.89E+06  2.51E+00  3.92E+05
  8.50E+05 -1.95E+03  1.17E+11  0.00E+00 -1.04E-02 -6.25E+04  1.41E+07  1.15E+09 -5.83E+08  2.61E+10  3.43E-04  1.17E+08  8.86E+09  2.64E-03 -8.08E-09 -6.22E+07 -1.12E+07  5.30E-01  1.98E+05
  9.50E+05 -2.06E+03  1.04E+11  0.00E+00 -1.81E-02 -9.50E+04  9.55E+06  6.95E+08 -2.79E+08  1.97E+10  1.78E-04  6.14E+07  7.69E+09  1.68E-03 -9.81E-09 -8.89E+07 -9.97E+06  2.86E-01  9.76E+04
  1.05E+06 -3.34E+03  9.19E+10  0.00E+00 -2.45E-02 -6.86E+04  3.03E+06  3.36E+08 -7.47E+07  1.37E+10  6.17E-06  1.56E+07  6.91E+09 -2.98E-04 -1.12E-08 -6.45E+07 -1.10E+07  4.24E-01  4.11E+04
  1.15E+06 -2.63E+03  8.12E+10  2.76E+12 -3.38E-03 -2.71E+03  1.42E+06  1.14E+08  6.78E+07  8.76E+09  8.86E-06  4.25E+06  6.33E+09 -2.86E-05 -1.24E-08 -3.76E+07 -1.10E+07  1.85E-01  1.21E+04
  1.25E+06 -3.10E+03  7.33E+10 -1.07E+10  2.75E-04  6.21E+03  5.05E+05  2.71E+07  1.71E+08  5.27E+09  8.89E-06  2.21E+06  5.91E+09  1.90E-05 -1.35E-08 -2.80E+07 -1.18E+07  6.44E-02  2.67E+03
  1.35E+06 -3.63E+03  6.80E+10 -1.04E+10  1.04E-03  4.59E+03  1.41E+05  4.05E+06  2.43E+08  3.15E+09  4.29E-06  8.18E+05  5.63E+09  1.46E-05 -1.45E-08 -2.06E+07 -1.44E+07  1.43E-02  4.49E+02
  1.45E+06 -5.24E+03  6.46E+10 -1.03E+10 -2.07E-04 -6.72E+02  2.42E+04  4.64E+05  2.92E+08  2.00E+09 -1.07E-06  1.49E+05  5.44E+09 -2.28E-05 -1.55E-08 -1.58E+07 -1.65E+07  3.81E-04  7.48E+01
  1.55E+06 -7.53E+03  6.20E+10 -1.03E+10 -4.84E-04 -1.97E+03  4.09E+02  5.12E+04  3.30E+08  1.31E+09 -2.48E-06 -1.47E+04  5.30E+09 -3.51E-05 -1.68E-08 -1.26E+07 -1.78E+07 -3.18E-03  1.22E+01
  1.65E+06 -1.10E+04  5.96E+10 -1.02E+10 -6.46E-04 -2.65E+03 -7.52E+03 -3.61E+02  3.64E+08  8.69E+08 -3.32E-06 -6.58E+04  5.18E+09 -4.60E-05 -1.86E-08 -1.07E+07 -1.86E+07 -3.67E-03  1.85E+00
  1.75E+06 -1.66E+04  5.75E+10 -1.01E+10 -9.12E-04 -3.51E+03 -1.27E+04 -1.42E+04  3.95E+08  5.78E+08 -4.44E-06 -9.31E+04  5.06E+09 -6.36E-05 -2.12E-08 -1.00E+07 -1.90E+07 -3.09E-03  2.65E-01
  1.85E+06 -2.49E+04  5.56E+10 -1.00E+10 -1.28E-03 -4.55E+03 -1.76E+04 -2.46E+04  4.25E+08  3.84E+08 -5.90E-06 -1.12E+05  4.95E+09 -8.90E-05 -2.47E-08 -9.91E+06 -1.96E+07 -1.10E-03  3.49E-02
  1.95E+06 -3.81E+04  5.41E+10 -9.88E+09 -1.98E-03 -6.26E+03 -2.45E+04 -3.92E+04  4.53E+08  2.55E+08 -8.31E-06 -1.34E+05  4.83E+09 -1.33E-04 -2.98E-08 -1.05E+07 -2.05E+07  1.62E-03  4.20E-03
  2.05E+06 -5.95E+04  5.29E+10 -9.70E+09 -3.33E-03 -9.13E+03 -3.53E+04 -6.26E+04  4.81E+08  1.68E+08 -1.24E-05 -1.64E+05  4.71E+09 -2.10E-04 -3.70E-08 -1.18E+07 -2.20E+07  1.69E-03  4.67E-04
  2.15E+06 -9.14E+04  5.17E+10 -9.48E+09 -5.64E-03 -1.32E+04 -4.93E+04 -9.65E+04  5.08E+08  1.10E+08 -1.84E-05 -1.94E+05  4.58E+09 -3.32E-04 -4.74E-08 -1.34E+07 -2.39E+07  1.06E-03  4.58E-05
  2.25E+06 -1.41E+05  5.03E+10 -9.25E+09 -1.00E-02 -1.96E+04 -6.97E+04 -1.47E+05  5.33E+08  7.10E+07 -2.81E-05 -2.29E+05  4.45E+09 -5.39E-04 -6.25E-08 -1.56E+07 -2.58E+07  4.34E-04  3.83E-06
  2.35E+06 -2.16E+05  4.84E+10 -8.98E+09 -1.83E-02 -2.89E+04 -9.70E+04 -2.16E+05  5.56E+08  4.49E+07 -4.29E-05 -2.64E+05  4.30E+09 -8.75E-04 -8.49E-08 -1.79E+07 -2.72E+07 -2.00E-04  3.25E-07
  2.45E+06 -3.26E+05  4.56E+10 -8.69E+09 -3.39E-02 -4.19E+04 -1.32E+05 -3.01E+05  5.76E+08  2.73E+07 -6.46E-05 -2.94E+05  4.14E+09 -1.41E-03 -1.18E-07 -2.03E+07 -2.78E+07 -9.17E-04  2.20E-07
  2.55E+06 -4.86E+05  4.19E+10 -8.37E+09 -6.42E-02 -5.93E+04 -1.74E+05 -3.92E+05  5.91E+08  1.52E+07 -9.56E-05 -3.14E+05  3.97E+09 -2.26E-03 -1.69E-07 -2.24E+07 -2.72E+07 -1.76E-03  3.39E-07
  2.65E+06 -7.13E+05  3.71E+10 -8.02E+09 -1.23E-01 -8.06E+04 -2.18E+05 -4.66E+05  6.01E+08  6.35E+06 -1.36E-04 -3.18E+05  3.79E+09 -3.52E-03 -2.46E-07 -2.42E+07 -2.52E+07 -2.78E-03  4.28E-07
  2.75E+06 -1.04E+06  3.14E+10 -7.63E+09 -2.41E-01 -1.06E+05 -2.61E+05 -5.08E+05  6.04E+08 -4.34E+05 -1.89E-04 -3.12E+05  3.59E+09 -5.43E-03 -3.65E-07 -2.56E+07 -2.19E+07 -4.05E-03  4.40E-07
  2.85E+06 -1.53E+06  2.52E+10 -7.21E+09 -4.82E-01 -1.35E+05 -3.03E+05 -5.03E+05  5.98E+08 -5.89E+06 -2.57E-04 -3.03E+05  3.38E+09 -8.34E-03 -5.47E-07 -2.63E+07 -1.74E+07 -5.65E-03  3.87E-07
  2.95E+06 -2.16E+06  1.88E+10 -6.77E+09 -9.43E-01 -1.61E+05 -3.23E+05 -4.38E+05  5.85E+08 -1.02E+07 -3.25E-04 -2.73E+05  3.17E+09 -1.21E-02 -8.24E-07 -2.54E+07 -1.16E+07 -7.39E-03  3.19E-07
  3.05E+06 -3.10E+06  1.30E+10 -6.31E+09 -1.90E+00 -1.92E+05 -3.41E+05 -3.46E+05  5.63E+08 -1.34E+07 -4.11E-04 -2.51E+05  2.95E+09 -1.79E-02 -1.25E-06 -2.38E+07 -5.32E+06 -9.59E-03  2.35E-07
  3.15E+06 -4.51E+06  8.17E+09 -5.84E+09 -3.88E+00 -2.26E+05 -3.55E+05 -2.39E+05  5.32E+08 -1.53E+07 -5.19E-04 -2.35E+05  2.73E+09 -2.66E-02 -1.90E-06 -2.14E+07  9.48E+05 -1.23E-02  1.62E-07
  3.25E+06 -6.41E+06  4.44E+09 -5.37E+09 -7.78E+00 -2.61E+05 -3.49E+05 -1.22E+05  4.95E+08 -1.58E+07 -6.32E-04 -2.08E+05  2.52E+09 -3.83E-02 -2.87E-06 -1.78E+07  6.59E+06 -1.50E-02  1.08E-07
  3.35E+06 -9.14E+06  1.80E+09 -4.90E+09 -1.58E+01 -3.07E+05 -3.35E+05 -1.21E+04  4.50E+08 -1.48E+07 -7.73E-04 -1.80E+05  2.31E+09 -5.50E-02 -4.33E-06 -1.43E+07  1.13E+07 -1.83E-02  6.91E-08
  3.45E+06 -1.32E+07 -2.20E+08 -4.44E+09 -3.27E+01 -3.71E+05 -3.16E+05  8.03E+04  3.98E+08 -1.28E+07 -9.62E-04 -1.55E+05  2.10E+09 -7.98E-02 -6.53E-06 -1.10E+07  1.47E+07 -2.25E-02  4.28E-08
  3.55E+06 -1.89E+07 -2.10E+09 -3.98E+09 -6.82E+01 -4.55E+05 -2.91E+05  1.48E+05  3.39E+08 -1.03E+07 -1.20E-03 -1.28E+05  1.90E+09 -1.15E-01 -9.82E-06 -8.07E+06  1.68E+07 -2.76E-02  2.58E-08
  3.65E+06 -2.79E+07 -4.33E+09 -3.53E+09 -1.47E+02 -5.79E+05 -2.72E+05  1.86E+05  2.73E+08 -7.64E+06 -1.56E-03 -1.06E+05  1.71E+09 -1.71E-01 -1.47E-05 -5.95E+06  1.81E+07 -3.50E-02  1.52E-08
  3.75E+06 -4.06E+07 -6.90E+09 -3.08E+09 -3.11E+02 -7.24E+05 -2.56E+05  1.91E+05  1.99E+08 -5.13E+06 -1.96E-03 -7.33E+04  1.52E+09 -2.47E-01 -2.18E-05 -3.81E+06  1.82E+07 -4.31E-02  8.87E-09
  3.85E+06 -5.82E+07 -9.69E+09 -2.63E+09 -6.49E+02 -8.80E+05 -2.49E+05  1.69E+05  1.16E+08 -3.10E+06 -2.39E-03 -3.11E+04  1.34E+09 -3.45E-01 -3.20E-05 -1.53E+06  1.72E+07 -5.10E-02  5.10E-09
  3.95E+06 -8.31E+07 -1.23E+10 -2.19E+09 -1.33E+03 -1.03E+06 -2.59E+05  1.35E+05  2.47E+07 -1.77E+06 -2.81E-03  1.74E+04  1.17E+09 -4.68E-01 -4.64E-05  8.84E+05  1.54E+07 -5.73E-02  2.77E-09
  4.05E+06 -1.13E+08 -1.41E+10 -1.76E+09 -2.53E+03 -1.11E+06 -2.71E+05  9.77E+04 -7.40E+07 -1.10E+06 -2.98E-03  7.31E+04  9.98E+08 -5.85E-01 -6.63E-05  3.78E+06  1.25E+07 -5.68E-02  1.13E-09
  4.15E+06 -1.45E+08 -1.47E+10 -1.34E+09 -4.41E+03 -1.10E+06 -2.79E+05  6.78E+04 -1.77E+08 -1.10E+06 -2.81E-03  1.23E+05  8.42E+08 -6.67E-01 -9.46E-05  6.62E+06  9.41E+06 -4.87E-02 -8.05E-11
  4.25E+06 -1.79E+08 -1.43E+10 -9.56E+08 -7.19E+03 -1.04E+06 -2.82E+05  4.83E+04 -2.81E+08 -1.91E+06 -2.42E-03  1.56E+05  7.01E+08 -7.14E-01 -1.37E-04  8.76E+06  6.68E+06 -3.65E-02 -9.70E-10
  4.35E+06 -2.13E+08 -1.32E+10 -6.09E+08 -1.10E+04 -9.38E+05 -2.77E+05  3.70E+04 -3.82E+08 -3.71E+06 -1.89E-03  1.72E+05  5.78E+08 -7.21E-01 -2.04E-04  1.01E+07  4.55E+06 -2.33E-02 -1.62E-09
  4.45E+06 -2.46E+08 -1.18E+10 -3.06E+08 -1.60E+04 -8.26E+05 -2.64E+05  3.12E+04 -4.77E+08 -6.81E+06 -1.33E-03  1.72E+05  4.74E+08 -6.95E-01 -3.10E-04  1.06E+07  3.01E+06 -1.11E-02 -2.06E-09
  4.55E+06 -2.70E+08 -1.04E+10 -4.82E+07 -2.17E+04 -6.95E+05 -2.39E+05  2.99E+04 -5.62E+08 -1.15E+07 -8.08E-04  1.60E+05  3.88E+08 -6.46E-01 -4.74E-04  1.06E+07  1.92E+06 -1.90E-04 -2.22E-09
  4.65E+06 -3.09E+08 -9.43E+09  1.67E+08 -3.01E+04 -6.12E+05 -2.23E+05  3.22E+04 -6.39E+08 -1.80E+07 -5.51E-04  1.46E+05  3.18E+08 -6.72E-01 -7.19E-04  1.01E+07  1.25E+06  6.22E-03 -2.03E-09
  4.75E+06 -3.41E+08 -8.43E+09  3.46E+08 -4.02E+04 -5.26E+05 -2.01E+05  3.46E+04 -7.05E+08 -2.60E+07 -3.66E-04  1.29E+05  2.62E+08 -7.07E-01 -1.06E-03  9.38E+06  8.01E+05  1.10E-02 -1.58E-09
  4.85E+06 -3.74E+08 -7.35E+09  4.92E+08 -5.29E+04 -4.63E+05 -1.84E+05  3.49E+04 -7.63E+08 -3.55E+07 -2.17E-04  1.14E+05  2.18E+08 -7.38E-01 -1.52E-03  8.54E+06  5.15E+05  1.36E-02 -1.17E-09
  4.95E+06 -4.16E+08 -6.41E+09  6.11E+08 -7.02E+04 -4.27E+05 -1.74E+05  3.36E+04 -8.13E+08 -4.65E+07 -1.35E-04  1.01E+05  1.83E+08 -7.90E-01 -2.11E-03  7.65E+06  3.36E+05  1.43E-02 -7.97E-10
  5.05E+06 -4.58E+08 -5.54E+09  7.08E+08 -9.21E+04 -4.04E+05 -1.68E+05  3.11E+04 -8.55E+08 -5.91E+07 -7.51E-05  8.81E+04  1.56E+08 -8.39E-01 -2.84E-03  6.78E+06  2.20E+05  1.40E-02 -5.24E-10
  5.15E+06 -5.00E+08 -4.77E+09  7.87E+08 -1.20E+05 -3.94E+05 -1.66E+05  2.76E+04 -8.90E+08 -7.32E+07 -3.51E-05  7.66E+04  1.34E+08 -8.87E-01 -3.71E-03  5.95E+06  1.44E+05  1.31E-02 -3.62E-10
  5.25E+06 -5.42E+08 -4.10E+09  8.50E+08 -1.56E+05 -3.93E+05 -1.68E+05  2.35E+04 -9.21E+08 -8.87E+07 -6.16E-06  6.62E+04  1.17E+08 -9.32E-01 -4.70E-03  5.19E+06  9.44E+04  1.18E-02 -3.16E-10
  5.35E+06 -5.82E+08 -3.54E+09  9.02E+08 -2.01E+05 -4.00E+05 -1.73E+05  1.93E+04 -9.46E+08 -1.05E+08  1.83E-05  5.69E+04  1.04E+08 -9.70E-01 -5.83E-03  4.49E+06  6.21E+04  1.02E-02 -3.74E-10
  5.45E+06 -6.19E+08 -3.06E+09  9.43E+08 -2.58E+05 -4.12E+05 -1.80E+05  1.51E+04 -9.67E+08 -1.24E+08  4.20E-05  4.87E+04  9.44E+07 -1.00E+00 -7.06E-03  3.86E+06  4.09E+04  8.69E-03 -5.16E-10
  5.55E+06 -6.53E+08 -2.64E+09  9.76E+08 -3.31E+05 -4.28E+05 -1.89E+05  1.13E+04 -9.85E+08 -1.43E+08  6.60E-05  4.15E+04  8.66E+07 -1.02E+00 -8.39E-03  3.31E+06  2.70E+04  7.19E-03 -7.19E-10
  5.65E+06 -6.83E+08 -2.29E+09  1.00E+09 -4.23E+05 -4.45E+05 -2.00E+05  7.78E+03 -9.99E+08 -1.63E+08  8.90E-05  3.53E+04  8.06E+07 -1.02E+00 -9.81E-03  2.82E+06  1.79E+04  5.80E-03 -9.60E-10
  5.75E+06 -7.09E+08 -1.97E+09  1.02E+09 -5.40E+05 -4.63E+05 -2.10E+05  4.74E+03 -1.01E+09 -1.84E+08  1.09E-04  2.99E+04  7.60E+07 -1.01E+00 -1.13E-02  2.39E+06  1.19E+04  4.56E-03 -1.22E-09
  5.85E+06 -7.33E+08 -1.70E+09  1.04E+09 -6.89E+05 -4.81E+05 -2.20E+05  2.17E+03 -1.02E+09 -2.06E+08  1.22E-04  2.52E+04  7.25E+07 -9.92E-01 -1.28E-02  2.01E+06  7.90E+03  3.48E-03 -1.48E-09
  5.95E+06 -7.56E+08 -1.46E+09  1.05E+09 -8.79E+05 -4.97E+05 -2.29E+05  3.17E+01 -1.03E+09 -2.29E+08  1.27E-04  2.12E+04  6.98E+07 -9.56E-01 -1.43E-02  1.69E+06  5.28E+03  2.54E-03 -1.74E-09
  6.05E+06 -7.78E+08 -1.25E+09  1.06E+09 -1.12E+06 -5.13E+05 -2.38E+05 -1.79E+03 -1.03E+09 -2.52E+08  1.18E-04  1.77E+04  6.77E+07 -9.08E-01 -1.59E-02  1.40E+06  3.55E+03  1.74E-03 -1.99E-09
  6.15E+06 -8.00E+08 -1.07E+09  1.07E+09 -1.43E+06 -5.29E+05 -2.46E+05 -3.53E+03 -1.04E+09 -2.76E+08  7.67E-05  1.46E+04  6.61E+07 -8.57E-01 -1.74E-02  1.16E+06  2.40E+03  1.02E-03 -2.28E-09
  6.25E+06 -8.16E+08 -9.20E+08  1.08E+09 -1.84E+06 -5.53E+05 -2.59E+05 -5.68E+03 -1.04E+09 -3.00E+08 -5.82E-05  1.14E+04  6.49E+07 -8.44E-01 -1.90E-02  9.56E+05  1.63E+03  2.84E-04 -2.69E-09
  6.35E+06 -8.14E+08 -8.16E+08  1.08E+09 -2.37E+06 -5.98E+05 -2.82E+05 -9.10E+03 -1.04E+09 -3.24E+08 -4.46E-04  7.48E+03  6.40E+07 -9.87E-01 -2.05E-02  7.78E+05  1.09E+03 -6.19E-04 -3.47E-09
  6.45E+06 -7.70E+08 -7.64E+08  1.08E+09 -3.08E+06 -6.91E+05 -3.31E+05 -1.50E+04 -1.04E+09 -3.49E+08 -1.42E-03  1.72E+03  6.32E+07 -1.57E+00 -2.19E-02  6.26E+05  6.96E+02 -1.92E-03 -5.09E-09
  6.55E+06 -6.65E+08 -7.66E+08  1.08E+09 -4.05E+06 -8.64E+05 -4.20E+05 -2.47E+04 -1.04E+09 -3.74E+08 -3.54E-03 -7.34E+03  6.26E+07 -3.13E+00 -2.34E-02  4.96E+05  3.87E+02 -3.85E-03 -8.39E-09
  6.65E+06 -5.06E+08 -8.01E+08  1.08E+09 -5.44E+06 -1.13E+06 -5.60E+05 -3.91E+04 -1.04E+09 -3.98E+08 -7.59E-03 -2.10E+04  6.19E+07 -6.54E+00 -2.48E-02  3.85E+05  1.39E+02 -6.44E-03 -1.47E-08
  6.75E+06 -3.47E+08 -8.29E+08  1.08E+09 -7.44E+06 -1.48E+06 -7.38E+05 -5.76E+04 -1.03E+09 -4.24E+08 -1.44E-02 -3.96E+04  6.09E+07 -1.30E+01 -2.61E-02  2.92E+05 -5.36E+01 -9.41E-03 -2.60E-08
  6.85E+06 -2.56E+08 -8.15E+08  1.08E+09 -1.03E+07 -1.85E+06 -9.22E+05 -7.81E+04 -1.03E+09 -4.49E+08 -2.45E-02 -6.16E+04  5.97E+07 -2.36E+01 -2.74E-02  2.14E+05 -1.79E+02 -1.23E-02 -4.39E-08
  6.95E+06 -2.61E+08 -7.54E+08  1.07E+09 -1.43E+07 -2.16E+06 -1.07E+06 -9.66E+04 -1.01E+09 -4.75E+08 -3.82E-02 -8.34E+04  5.79E+07 -3.89E+01 -2.86E-02  1.50E+05 -2.26E+02 -1.46E-02 -6.77E-08
  7.05E+06 -3.49E+08 -6.63E+08  1.06E+09 -2.02E+07 -2.36E+06 -1.16E+06 -1.08E+05 -9.90E+08 -5.00E+08 -5.48E-02 -1.01E+05  5.54E+07 -5.78E+01 -2.92E-02  9.79E+04 -1.98E+02 -1.60E-02 -9.21E-08
  7.15E+06 -4.91E+08 -5.57E+08  1.04E+09 -2.86E+07 -2.42E+06 -1.16E+06 -1.08E+05 -9.60E+08 -5.24E+08 -7.30E-02 -1.11E+05  5.22E+07 -7.65E+01 -2.87E-02  5.59E+04 -1.16E+02 -1.64E-02 -1.07E-07
  7.25E+06 -6.67E+08 -4.43E+08  1.01E+09 -4.06E+07 -2.32E+06 -1.08E+06 -9.46E+04 -9.19E+08 -5.46E+08 -9.08E-02 -1.12E+05  4.83E+07 -8.95E+01 -2.65E-02  2.20E+04 -1.41E+01 -1.61E-02 -1.04E-07
  7.35E+06 -8.93E+08 -3.08E+08  9.71E+08 -5.85E+07 -2.10E+06 -9.36E+05 -6.74E+04 -8.63E+08 -5.64E+08 -1.06E-01 -1.03E+05  4.39E+07 -9.06E+01 -2.18E-02 -5.70E+03  8.41E+01 -1.51E-02 -7.50E-08
  7.45E+06 -1.21E+09 -1.27E+08  9.22E+08 -8.47E+07 -1.61E+06 -6.66E+05 -3.28E+04 -7.92E+08 -5.77E+08 -1.19E-01 -8.56E+04  3.90E+07 -7.68E+01 -1.49E-02 -2.86E+04  1.78E+02 -1.25E-02 -2.85E-08
  7.55E+06 -1.42E+09  7.08E+06  8.60E+08 -1.19E+08 -1.38E+06 -5.34E+05 -1.20E+04 -7.03E+08 -5.84E+08 -1.24E-01 -6.42E+04  3.41E+07 -5.36E+01 -7.15E-03 -4.79E+04  1.67E+02 -1.19E-02 -6.65E-09
  7.65E+06 -1.56E+09  1.08E+08  7.92E+08 -1.81E+08 -1.76E+06 -6.72E+05  3.77E+03 -5.94E+08 -5.86E+08 -1.23E-01 -3.76E+04  2.92E+07 -3.18E+01  9.80E-05 -6.49E+04  1.11E+02 -1.61E-02  1.94E-09
  7.75E+06 -3.25E+09  9.91E+08  7.32E+08 -3.23E+08 -7.23E+05 -1.59E+05  5.91E+04 -4.55E+08 -5.83E+08 -1.18E-01  1.21E+03  2.45E+07  3.61E+01  5.80E-03 -7.79E+04  2.19E+02 -9.04E-03  8.82E-08
  7.85E+06 -1.23E+10  5.56E+09  6.72E+08 -5.46E+08  3.91E+06  1.82E+06  1.18E+05 -2.79E+08 -5.74E+08 -1.25E-01  6.61E+04  2.03E+07  1.25E+02  8.41E-03 -8.40E+04  3.23E+02  3.00E-02  1.29E-07
  7.95E+06 -3.58E+10  1.74E+10  5.84E+08 -6.71E+08  3.30E+06  1.56E+06  7.95E+04 -1.20E+08 -5.47E+08 -1.47E-01  1.11E+05  1.66E+07  7.02E+01  8.33E-03 -9.19E+04  1.04E+02  2.82E-02  3.28E-08
  8.05E+06 -7.59E+10  3.76E+10  4.83E+08 -6.53E+08  1.43E+06  6.81E+05  3.28E+04 -1.95E+07 -5.07E+08 -1.09E-01  7.73E+04  1.33E+07  2.39E+01  7.68E-03 -1.10E+05  1.89E+01  1.25E-02  3.82E-09
  8.15E+06 -1.32E+11  6.55E+10  3.88E+08 -5.63E+08  6.21E+05  2.73E+05  1.13E+04  3.65E+07 -4.63E+08 -6.86E-02  3.51E+04  1.06E+07  8.35E+00  6.94E-03 -1.35E+05  3.53E+00  5.16E-03  3.09E-10
  8.25E+06 -2.00E+11  9.99E+10  3.05E+08 -4.50E+08  3.04E+05  1.14E+05  3.59E+03  6.71E+07 -4.18E+08 -4.14E-02  1.49E+04  8.34E+06  3.28E+00  6.13E-03 -1.60E+05  7.80E-01  2.25E-03  1.92E-11
  8.35E+06 -2.78E+11  1.39E+11  2.37E+08 -3.40E+08  1.69E+05  5.01E+04  1.06E+03  8.43E+07 -3.76E+08 -1.81E-02  6.75E+03  6.50E+06  1.44E+00  5.25E-03 -1.81E+05  1.86E-01  1.06E-03  9.49E-13
  8.45E+06 -3.58E+11  1.79E+11  1.82E+08 -2.44E+08  1.03E+05  2.32E+04  2.97E+02  9.41E+07 -3.36E+08  1.05E-03  3.27E+03  5.03E+06  6.87E-01  4.36E-03 -1.91E+05  4.02E-02  5.42E-04  4.00E-14
  8.55E+06 -4.36E+11  2.18E+11  1.39E+08 -1.63E+08  6.75E+04  1.12E+04  7.78E+01  9.97E+07 -2.99E+08  1.46E-02  1.69E+03  3.87E+06  3.53E-01  3.49E-03 -1.85E+05  2.07E-02  3.00E-04  1.74E-15
  8.65E+06 -5.05E+11  2.52E+11  1.05E+08 -9.82E+07  4.63E+04  5.66E+03  1.91E+01  1.03E+08 -2.65E+08  2.23E-02  9.19E+02  2.95E+06  1.92E-01  2.71E-03 -1.60E+05  4.69E-02  1.78E-04  1.11E-16
  8.75E+06 -5.61E+11  2.81E+11  7.86E+07 -4.63E+07  3.26E+04  2.95E+03  4.44E+00  1.05E+08 -2.34E+08  2.49E-02  5.24E+02  2.24E+06  1.10E-01  2.03E-03 -1.18E+05  8.47E-02  1.11E-04  1.15E-17
  8.85E+06 -6.03E+11  3.02E+11  5.86E+07 -5.47E+06  2.33E+04  1.59E+03  9.85E-01  1.05E+08 -2.05E+08  2.40E-02  3.11E+02  1.69E+06  6.58E-02  1.49E-03 -7.16E+04  1.13E-01  7.03E-05  1.61E-18
  8.95E+06 -6.30E+11  3.15E+11  4.35E+07  2.65E+07  1.68E+04  8.80E+02  2.13E-01  1.05E+08 -1.79E+08  2.11E-02  1.92E+02  1.27E+06  4.10E-02  1.06E-03 -3.15E+04  1.21E-01  4.44E-05  2.70E-19
  9.05E+06 -6.43E+11  3.21E+11  3.22E+07  5.13E+07  1.21E+04  5.01E+02  4.59E-02  1.05E+08 -1.55E+08  1.75E-02  1.22E+02  9.52E+05  2.64E-02  7.39E-04 -5.36E+03  1.10E-01  2.75E-05  5.22E-20
  9.15E+06 -6.42E+11  3.21E+11  2.37E+07  7.05E+07  8.74E+03  2.92E+02  1.03E-02  1.04E+08 -1.33E+08  1.40E-02  7.90E+01  7.08E+05  1.74E-02  5.07E-04  7.47E+03  9.10E-02  1.68E-05  1.14E-20
  9.25E+06 -6.29E+11  3.15E+11  1.74E+07  8.55E+07  6.30E+03  1.74E+02  2.48E-03  1.03E+08 -1.13E+08  1.08E-02  5.23E+01  5.24E+05  1.18E-02  3.43E-04  1.20E+04  7.07E-02  1.02E-05  2.75E-21
  9.35E+06 -6.06E+11  3.03E+11  1.26E+07  9.71E+07  4.53E+03  1.06E+02  6.68E-04  1.02E+08 -9.48E+07  8.06E-03  3.48E+01  3.85E+05  8.06E-03  2.29E-04  1.28E+04  5.33E-02  6.21E-06  7.31E-22
  9.45E+06 -5.73E+11  2.86E+11  9.13E+06  1.06E+08  3.25E+03  6.53E+01  2.04E-04  1.02E+08 -7.80E+07  5.77E-03  2.29E+01  2.79E+05  5.51E-03  1.52E-04  1.22E+04  3.98E-02  3.83E-06  2.11E-22
  9.55E+06 -5.30E+11  2.65E+11  6.50E+06  1.13E+08  2.33E+03  4.10E+01  6.98E-05  1.01E+08 -6.27E+07  3.79E-03  1.44E+01  1.99E+05  3.67E-03  9.91E-05  1.11E+04  2.95E-02  2.40E-06  6.55E-23
  9.65E+06 -4.75E+11  2.37E+11  4.51E+06  1.19E+08  1.66E+03  2.61E+01  2.61E-05  9.99E+07 -4.86E+07  1.99E-03  7.83E+00  1.38E+05  2.25E-03  6.31E-05  9.80E+03  2.19E-02  1.52E-06  2.18E-23
  9.75E+06 -4.05E+11  2.02E+11  2.95E+06  1.24E+08  1.18E+03  1.67E+01  1.04E-05  9.91E+07 -3.54E+07  1.87E-04  1.99E+00  8.93E+04  1.00E-03  3.81E-05  8.36E+03  1.61E-02  9.75E-07  7.73E-24
  9.85E+06 -3.12E+11  1.56E+11  1.68E+06  1.29E+08  8.36E+02  1.07E+01  4.21E-06  9.81E+07 -2.28E+07 -1.99E-03 -4.60E+00  4.99E+04 -3.73E-04  2.02E-05  6.65E+03  1.19E-02  6.26E-07  2.89E-24
  9.95E+06 -1.61E+11  8.04E+10  5.63E+05  1.34E+08  5.69E+02  6.64E+00  1.25E-06  9.68E+07 -9.26E+06 -6.64E-03 -2.05E+01  1.61E+04 -3.76E-03  6.41E-06  3.88E+03  8.47E-03  3.85E-07  9.96E-25
  1.00E+07 -3.66E-03 -2.24E-03  0.00E+00  1.38E+08 -7.72E-06 -2.98E-07 -4.55E-20  9.55E+07 -4.31E-05  3.06E-08  1.55E-08 -4.73E-11  1.54E-08  2.24E-19 -7.25E-08 -8.05E-11 -8.35E-15  6.89E-34

     Z        HS        S         SO        SO2       H2SO4     HSO       S2        S4        S8        SO3       OCS       S3        O3        HNO3      N         NO3       N2O       HO2NO2  
  0.00E+00  8.47E-05  9.88E-13  5.56E-05 -1.66E+09 -9.98E+07 -1.43E+07  1.60E-27 -7.21E-50  2.85-101  7.57E-05  9.85E-18 -1.31E-47 -2.12E+10 -1.14E+08  8.48-168 -1.02E-04  1.54E+09 -4.44E+05
  5.00E+04  3.06E+02  1.15E-12  8.29E-01 -1.74E+09 -1.01E+08  8.38E+05  1.21E-16  1.97E-42  7.84E-91 -8.29E-02  6.88E-06  6.85E-40 -3.05E+10 -1.28E+08 -4.08-152  6.56E+02  1.54E+09 -1.84E+06
  1.50E+05  1.51E+02  2.98E-13  1.60E+00 -1.24E+09 -9.79E+07  4.84E+06  5.29E-17  2.10E-43  8.78E-91 -1.57E-01  1.09E-05  5.16E-41 -4.56E+10 -1.79E+08 -2.15-139 -5.04E+02  1.53E+09 -4.33E+06
  2.50E+05  7.42E+01  7.48E-14  1.22E+00 -9.81E+08 -8.89E+07  2.84E+06  1.21E-17  8.43E-45  8.76E-91 -3.47E-01  1.05E-05  2.33E-42 -5.64E+10 -1.97E+08 -5.54-127 -1.04E+03  1.53E+09 -1.07E+07
  3.50E+05  3.42E+01  1.71E-14  7.66E-01 -8.47E+08 -7.35E+07  1.35E+06  2.17E-18  2.23E-46  8.74E-91 -7.98E-01  9.22E-06  7.90E-44 -6.25E+10 -1.68E+08 -6.68-115 -1.16E+03  1.52E+09 -2.66E+07
  4.50E+05  1.55E+01  3.77E-15  4.55E-01 -7.79E+08 -4.98E+07  5.96E+05  3.37E-19  4.57E-48  8.72E-91 -1.89E+00  7.94E-06  2.28E-45 -6.41E+10 -1.11E+08 -3.57-103 -6.73E+02  1.52E+09 -6.82E+07
  5.50E+05  7.03E+00  8.06E-16  2.79E-01 -7.52E+08 -1.63E+07  2.54E+05  4.75E-20  7.77E-50  8.70E-91 -4.37E+00  6.88E-06  5.73E-47 -6.23E+10 -4.97E+07 -7.61E-92  1.31E+02  1.52E+09 -1.38E+08
  6.50E+05  2.95E+00  1.54E-16  1.58E-01 -7.04E+08  7.25E+06  1.11E+05  6.17E-21  1.13E-51  8.67E-91 -1.03E+01  6.13E-06  1.23E-48 -6.00E+10 -1.86E+07 -5.68E-81  1.84E+02  1.52E+09 -1.58E+08
  7.50E+05  1.06E+00  2.63E-17  5.74E-02 -5.94E+08  1.81E+06  5.34E+04  7.50E-22  1.46E-53  8.65E-91 -3.10E+01  5.65E-06  2.51E-50 -5.84E+10 -2.26E+07 -1.26E-70 -4.05E+02  1.52E+09 -9.24E+07
  8.50E+05  3.89E-01  3.43E-18 -1.42E-02 -4.60E+08 -1.44E+07  2.73E+04  8.60E-23  1.71E-55  8.62E-91 -1.21E+02  5.34E-06  6.90E-52 -5.61E+10 -3.66E+07 -5.84E-61 -7.31E+02  1.52E+09 -1.15E+07
  9.50E+05  1.76E-01 -1.20E-17 -1.26E-01 -3.54E+08 -1.89E+07  1.34E+04  8.20E-24  1.93E-57  8.59E-91 -5.07E+02  5.11E-06  1.75E-53 -5.22E+10 -4.82E+07 -2.74E-52 -9.49E+02  1.51E+09  3.07E+07
  1.05E+06  8.77E-02 -8.34E-17 -2.72E-01 -2.90E+08 -9.77E+06  5.38E+03 -2.04E-24 -1.88E-58  8.55E-91 -4.38E+02  4.94E-06 -2.17E-52 -4.74E+10 -6.00E+07 -6.55E-45 -2.77E+02  1.51E+09  2.35E+07
  1.15E+06  3.20E-02 -3.29E-16 -3.81E-01 -2.36E+08 -2.35E+06  1.55E+03 -2.90E-24 -6.81E-58  8.52E-91 -4.39E+02  4.80E-06 -2.24E-51 -4.28E+10 -6.69E+07 -7.67E-39 -2.33E+02  1.51E+09  6.05E+06
  1.25E+06  5.38E-03 -2.13E-15 -8.14E-01 -1.84E+08  4.66E+05  3.50E+02 -2.67E-24 -1.13E-57  8.48E-91 -8.13E+01  4.69E-06 -2.47E-50 -3.93E+10 -6.89E+07 -1.99E-33 -2.18E+02  1.51E+09  1.30E+05
  1.35E+06  5.35E-04 -9.44E-15 -1.27E+00 -1.26E+08  5.20E+05  5.64E+01 -2.25E-25  7.67E-59  8.44E-91 -5.01E+01  4.61E-06 -9.11E-50 -3.69E+10 -7.05E+07 -6.94E-29 -2.68E+02  1.51E+09 -1.74E+06
  1.45E+06  4.35E-05 -4.93E-14 -2.37E+00 -6.48E+07 -9.89E+03  3.95E+00  3.30E-26  1.21E-58  8.41E-91 -6.59E+01  4.54E-06 -3.17E-49 -3.53E+10 -7.07E+07 -7.45E-25 -3.94E+02  1.51E+09 -2.13E+06
  1.55E+06  4.48E-06 -2.04E-13 -3.69E+00 -1.77E+07  9.67E+04 -4.12E+00  1.23E-25  7.96E-59  8.37E-91 -6.40E+01  4.47E-06 -7.67E-49 -3.40E+10 -6.96E+07 -2.04E-21 -5.39E+02  1.50E+09 -2.34E+06
  1.65E+06  4.62E-07 -7.31E-13 -5.09E+00  1.37E+07  3.02E+05 -4.72E+00 -2.54E-25 -2.86E-59  8.32E-91 -5.38E+01  4.37E-06 -2.84E-48 -3.28E+10 -6.68E+07 -1.91E-18 -6.96E+02  1.49E+09 -2.44E+06
  1.75E+06 -1.88E-08 -2.26E-12 -5.95E+00  3.25E+07  4.77E+05 -3.72E+00 -1.57E-24 -4.69E-58  8.28E-91 -3.72E+01  4.24E-06 -2.25E-47 -3.17E+10 -6.22E+07 -7.47E-16 -8.49E+02  1.48E+09 -2.49E+06
  1.85E+06 -9.62E-08 -5.15E-12 -4.24E+00  4.04E+07  6.00E+05 -8.78E-01 -4.36E-24 -3.05E-57  8.24E-91 -3.81E+00  4.07E-06 -1.31E-46 -3.07E+10 -5.61E+07 -1.31E-13 -1.01E+03  1.46E+09 -2.54E+06
  1.95E+06 -7.47E-08 -7.48E-12  6.09E-01  3.61E+07  5.80E+05  2.82E+00 -5.39E-24 -5.68E-57  8.19E-91  3.77E+01  3.85E-06 -2.70E-46 -2.99E+10 -4.81E+07 -1.22E-11 -1.18E+03  1.44E+09 -2.56E+06
  2.05E+06 -6.31E-08 -1.00E-11  2.14E+00  1.79E+07  3.20E+05  2.84E+00 -5.27E-24 -5.16E-57  8.15E-91  3.30E+01  3.57E-06 -3.34E-46 -2.92E+10 -3.85E+07 -6.66E-10 -1.38E+03  1.41E+09 -2.48E+06
  2.15E+06 -6.10E-08 -1.35E-11  2.15E+00  7.69E+06  1.51E+05  2.07E+00 -5.09E-24 -3.76E-57  8.10E-91  2.23E+01  3.24E-06 -3.70E-46 -2.86E+10 -2.78E+07 -2.21E-08 -1.60E+03  1.36E+09 -2.25E+06
  2.25E+06 -5.78E-08 -1.71E-11  1.92E+00  3.32E+06  7.30E+04  1.48E+00 -4.08E-24 -9.07E-58  8.05E-91  1.56E+01  2.86E-06 -3.08E-46 -2.78E+10 -1.66E+07 -4.92E-07 -1.82E+03  1.31E+09 -1.81E+06
  2.35E+06 -4.56E-08 -1.96E-11  1.63E+00  1.43E+06  3.59E+04  1.06E+00 -1.76E-24  2.66E-57  8.00E-91  1.15E+01  2.44E-06 -1.06E-46 -2.67E+10 -5.65E+06 -7.64E-06 -2.02E+03  1.24E+09 -1.18E+06
  2.45E+06 -2.64E-08 -2.00E-11  1.30E+00  6.08E+05  1.77E+04  7.33E-01  1.08E-24  4.55E-57  7.95E-91  8.81E+00  1.99E-06  1.39E-46 -2.51E+10  4.31E+06 -8.62E-05 -2.17E+03  1.16E+09 -4.19E+05
  2.55E+06 -2.84E-09 -1.81E-11  9.79E-01  2.56E+05  8.55E+03  4.90E-01  3.39E-24  4.10E-57  7.89E-91  6.75E+00  1.56E-06  2.98E-46 -2.28E+10  1.28E+07 -7.28E-04 -2.24E+03  1.07E+09  3.58E+05
  2.65E+06  2.25E-08 -1.35E-11  6.96E-01  1.06E+05  3.57E+03  3.13E-01  4.54E-24  2.51E-57  7.84E-91  5.19E+00  1.15E-06  3.20E-46 -1.99E+10  1.96E+07 -4.69E-03 -2.21E+03  9.71E+08  1.03E+06
  2.75E+06  3.96E-08 -8.47E-12  4.66E-01  4.37E+04 -6.17E+01  1.89E-01  4.19E-24  1.08E-57  7.78E-91  3.84E+00  7.96E-07  2.32E-46 -1.63E+10  2.46E+07 -2.40E-02 -2.09E+03  8.65E+08  1.53E+06
  2.85E+06  4.52E-08 -4.93E-12  2.95E-01  1.79E+04 -5.25E+03  1.07E-01  3.07E-24  3.58E-58  7.72E-91  2.59E+00  5.13E-07  1.30E-46 -1.24E+10  2.75E+07 -9.92E-02 -1.90E+03  7.56E+08  1.80E+06
  2.95E+06  4.81E-08 -1.41E-13  1.83E-01  7.34E+03 -7.35E+03  5.81E-02  2.03E-24  9.86E-59  7.66E-91  1.84E+00  3.04E-07  6.32E-47 -8.38E+09  2.74E+07 -3.26E-01 -1.59E+03  6.50E+08  1.80E+06
  3.05E+06  4.21E-08  1.75E-12  1.09E-01  3.06E+03 -3.07E+03  3.00E-02  1.14E-24  2.20E-59  7.59E-91  1.19E+00  1.65E-07  2.56E-47 -4.79E+09  2.56E+07 -9.08E-01 -1.25E+03  5.48E+08  1.68E+06
  3.15E+06  3.34E-08  1.57E-12  6.43E-02  1.32E+03 -1.32E+03  1.51E-02  5.95E-25  4.45E-60  7.52E-91  6.63E-01  8.19E-08  9.47E-48 -1.85E+09  2.24E+07 -2.17E+00 -8.97E+02  4.55E+08  1.45E+06
  3.25E+06  2.59E-08  1.47E-12  3.79E-02  5.86E+02 -5.87E+02  7.49E-03  2.99E-25  8.66E-61  7.45E-91  3.58E-01  3.65E-08  3.41E-48  3.64E+08  1.80E+07 -4.36E+00 -4.97E+02  3.72E+08  1.14E+06
  3.35E+06  1.87E-08 -1.02E-13  2.21E-02  2.71E+02 -2.71E+02  3.67E-03  1.44E-25  1.62E-61  7.37E-91  1.57E-01  1.46E-08  1.18E-48  1.85E+09  1.38E+07 -7.79E+00 -7.41E+01  3.00E+08  8.59E+05
  3.45E+06  1.25E-08 -3.12E-12  1.26E-02  1.30E+02 -1.30E+02  1.81E-03  6.75E-26  3.18E-62  7.30E-91  6.51E-03  5.25E-09  4.11E-49  2.93E+09  1.02E+07 -1.26E+01  3.24E+02  2.40E+08  6.13E+05
  3.55E+06  7.70E-09 -7.46E-12  6.82E-03  6.46E+01 -6.45E+01  9.00E-04  3.16E-26  6.88E-63  7.21E-91 -6.48E-02  1.69E-09  1.49E-49  3.92E+09  7.36E+06 -1.87E+01  7.00E+02  1.90E+08  4.14E+05
  3.65E+06  3.73E-09 -1.48E-11  3.05E-03  3.27E+01 -3.26E+01  4.64E-04  1.45E-26  1.75E-63  7.12E-91 -7.05E-02  4.95E-10  5.60E-50  5.14E+09  5.34E+06 -2.67E+01  1.05E+03  1.50E+08  2.70E+05
  3.75E+06  8.71E-10 -2.41E-11  6.29E-04  1.67E+01 -1.67E+01  2.50E-04  6.42E-27  5.43E-64  7.03E-91  1.52E-02  1.31E-10  2.10E-50  6.60E+09  3.84E+06 -3.57E+01  1.34E+03  1.17E+08  1.66E+05
  3.85E+06 -1.23E-09 -3.60E-11 -1.00E-03  8.63E+00 -8.75E+00  1.43E-04  2.38E-27  2.02E-64  6.94E-91  1.28E-01  3.13E-11  5.99E-51  8.20E+09  2.75E+06 -4.58E+01  1.54E+03  9.16E+07  9.63E+04
  3.95E+06 -2.97E-09 -5.24E-11 -2.26E-03  4.49E+00 -4.71E+00  8.66E-05  1.78E-29  8.50E-65  6.84E-91  2.20E-01  6.86E-12 -2.26E-51  9.73E+09  1.96E+06 -5.82E+01  1.62E+03  7.14E+07  5.38E+04
  4.05E+06 -4.53E-09 -7.30E-11 -3.29E-03  2.37E+00 -2.64E+00  5.29E-05 -1.76E-27  3.32E-65  6.73E-91  2.75E-01  1.38E-12 -8.52E-51  1.07E+10  1.33E+06 -7.19E+01  1.55E+03  5.57E+07  2.85E+04
  4.15E+06 -6.07E-09 -1.00E-10 -4.32E-03  1.27E+00 -1.56E+00  3.12E-05 -3.58E-27  2.42E-66  6.62E-91  2.92E-01  2.57E-13 -1.55E-50  1.08E+10  8.50E+05 -8.83E+01  1.34E+03  4.34E+07  1.45E+04
  4.25E+06 -7.72E-09 -1.40E-10 -5.59E-03  6.83E-01 -9.61E-01  1.69E-05 -5.85E-27 -2.25E-65  6.50E-91  2.83E-01  4.55E-14 -2.55E-50  1.03E+10  5.13E+05 -1.12E+02  1.06E+03  3.39E+07  7.37E+03
  4.35E+06 -9.44E-09 -1.98E-10 -7.24E-03  3.66E-01 -6.18E-01  6.78E-06 -8.91E-27 -5.01E-65  6.37E-91  2.59E-01  7.88E-15 -4.09E-50  9.46E+09  2.96E+05 -1.45E+02  7.78E+02  2.65E+07  3.76E+03
  4.45E+06 -1.11E-08 -2.80E-10 -9.30E-03  1.90E-01 -4.08E-01 -6.61E-07 -1.30E-26 -8.60E-65  6.24E-91  2.27E-01  1.28E-15 -6.47E-50  8.35E+09  1.65E+05 -1.90E+02  5.40E+02  2.09E+07  1.93E+03
  4.55E+06 -1.23E-08 -3.85E-10 -1.14E-02  8.79E-02 -2.72E-01 -5.77E-06 -1.80E-26 -1.33E-64  6.11E-91  1.95E-01  4.46E-17 -9.81E-50  7.25E+09  8.90E+04 -2.39E+02  3.55E+02  1.65E+07  9.82E+02
  4.65E+06 -1.32E-08 -5.41E-10 -1.40E-02  2.59E-02 -1.81E-01 -8.56E-06 -2.41E-26 -1.86E-64  5.97E-91  1.69E-01 -2.69E-16 -1.44E-49  6.53E+09  4.86E+04 -3.03E+02  2.33E+02  1.30E+07  5.23E+02
  4.75E+06 -1.30E-08 -7.27E-10 -1.63E-02 -7.63E-03 -1.19E-01 -9.74E-06 -3.01E-26 -2.33E-64  5.82E-91  1.43E-01 -4.36E-16 -1.95E-49  5.78E+09  2.61E+04 -3.60E+02  1.48E+02  1.04E+07  2.76E+02
  4.85E+06 -1.29E-08 -9.75E-10 -1.90E-02 -2.15E-02 -7.86E-02 -1.10E-05 -3.76E-26 -2.91E-64  5.67E-91  1.19E-01 -5.98E-16 -2.63E-49  4.99E+09  1.39E+04 -4.27E+02  9.23E+01  8.29E+06  1.46E+02
  4.95E+06 -1.27E-08 -1.32E-09 -2.24E-02 -2.40E-02 -5.17E-02 -1.23E-05 -4.69E-26 -3.60E-64  5.52E-91  9.81E-02 -7.82E-16 -3.54E-49  4.31E+09  7.47E+03 -5.11E+02  5.76E+01  6.65E+06  7.85E+01
  5.05E+06 -1.26E-08 -1.76E-09 -2.61E-02 -1.97E-02 -3.40E-02 -1.35E-05 -5.80E-26 -4.42E-64  5.36E-91  7.98E-02 -9.92E-16 -4.70E-49  3.69E+09  4.00E+03 -6.03E+02  3.56E+01  5.35E+06  4.23E+01
  5.15E+06 -1.26E-08 -2.32E-09 -3.01E-02 -1.17E-02 -2.23E-02 -1.47E-05 -7.16E-26 -5.43E-64  5.21E-91  6.41E-02 -1.23E-15 -6.19E-49  3.15E+09  2.14E+03 -7.04E+02  2.18E+01  4.32E+06  2.28E+01
  5.25E+06 -1.29E-08 -3.05E-09 -3.45E-02 -1.94E-03 -1.46E-02 -1.60E-05 -8.87E-26 -6.76E-64  5.05E-91  5.12E-02 -1.51E-15 -8.16E-49  2.68E+09  1.15E+03 -8.14E+02  1.33E+01  3.50E+06  1.23E+01
  5.35E+06 -1.35E-08 -3.97E-09 -3.94E-02  8.45E-03 -9.60E-03 -1.74E-05 -1.11E-25 -8.59E-64  4.89E-91  4.06E-02 -1.81E-15 -1.08E-48  2.28E+09  6.16E+02 -9.33E+02  8.13E+00  2.84E+06  6.69E+00
  5.45E+06 -1.46E-08 -5.16E-09 -4.47E-02  1.90E-02 -6.29E-03 -1.92E-05 -1.40E-25 -1.12E-63  4.73E-91  3.20E-02 -2.16E-15 -1.44E-48  1.95E+09  3.32E+02 -1.06E+03  4.94E+00  2.31E+06  3.65E+00
  5.55E+06 -1.61E-08 -6.65E-09 -5.04E-02  2.93E-02 -4.12E-03 -2.11E-05 -1.79E-25 -1.50E-63  4.57E-91  2.52E-02 -2.53E-15 -1.94E-48  1.66E+09  1.79E+02 -1.19E+03  3.00E+00  1.88E+06  2.00E+00
  5.65E+06 -1.81E-08 -8.55E-09 -5.67E-02  3.96E-02 -2.69E-03 -2.32E-05 -2.32E-25 -2.05E-63  4.40E-91  1.98E-02 -2.93E-15 -2.64E-48  1.42E+09  9.75E+01 -1.34E+03  1.82E+00  1.54E+06  1.10E+00
  5.75E+06 -2.04E-08 -1.09E-08 -6.34E-02  4.96E-02 -1.75E-03 -2.55E-05 -3.03E-25 -2.85E-63  4.24E-91  1.55E-02 -3.36E-15 -3.62E-48  1.20E+09  5.34E+01 -1.49E+03  1.10E+00  1.26E+06  6.12E-01
  5.85E+06 -2.31E-08 -1.39E-08 -7.05E-02  5.95E-02 -1.14E-03 -2.78E-05 -3.98E-25 -4.04E-63  4.08E-91  1.21E-02 -3.81E-15 -4.99E-48  1.01E+09  2.95E+01 -1.65E+03  6.70E-01  1.03E+06  3.43E-01
  5.95E+06 -2.60E-08 -1.77E-08 -7.81E-02  6.94E-02 -7.42E-04 -3.02E-05 -5.25E-25 -5.77E-63  3.92E-91  9.46E-03 -4.27E-15 -6.90E-48  8.41E+08  1.64E+01 -1.82E+03  4.08E-01  8.46E+05  1.94E-01
  6.05E+06 -2.93E-08 -2.24E-08 -8.60E-02  7.92E-02 -4.80E-04 -3.24E-05 -6.94E-25 -8.30E-63  3.76E-91  7.36E-03 -4.75E-15 -9.54E-48  6.96E+08  9.28E+00 -1.99E+03  2.50E-01  6.96E+05  1.11E-01
  6.15E+06 -3.31E-08 -2.82E-08 -9.42E-02  8.88E-02 -3.10E-04 -3.47E-05 -9.22E-25 -1.21E-62  3.60E-91  5.71E-03 -5.24E-15 -1.32E-47  5.72E+08  5.29E+00 -2.17E+03  1.54E-01  5.73E+05  6.44E-02
  6.25E+06 -3.81E-08 -3.52E-08 -1.02E-01  9.83E-02 -1.99E-04 -3.74E-05 -1.24E-24 -1.80E-62  3.44E-91  4.41E-03 -5.78E-15 -1.85E-47  4.69E+08  3.04E+00 -2.36E+03  9.55E-02  4.73E+05  3.77E-02
  6.35E+06 -4.60E-08 -4.38E-08 -1.10E-01  1.07E-01 -1.28E-04 -4.17E-05 -1.73E-24 -2.85E-62  3.28E-91  3.39E-03 -6.46E-15 -2.67E-47  3.90E+08  1.75E+00 -2.55E+03  5.95E-02  3.91E+05  2.20E-02
  6.45E+06 -6.08E-08 -5.39E-08 -1.17E-01  1.15E-01 -8.16E-05 -4.99E-05 -2.60E-24 -5.10E-62  3.12E-91  2.59E-03 -7.45E-15 -4.08E-47  3.31E+08  9.97E-01 -2.72E+03  3.70E-02  3.23E+05  1.26E-02
  6.55E+06 -8.93E-08 -6.53E-08 -1.21E-01  1.19E-01 -5.19E-05 -6.51E-05 -4.30E-24 -1.08E-61  2.96E-91  1.96E-03 -9.05E-15 -6.80E-47  2.88E+08  5.42E-01 -2.82E+03  2.27E-02  2.68E+05  6.78E-03
  6.65E+06 -1.42E-07 -7.71E-08 -1.21E-01  1.19E-01 -3.28E-05 -8.97E-05 -7.84E-24 -2.69E-61  2.81E-91  1.46E-03 -1.17E-14 -1.24E-46  2.50E+08  2.66E-01 -2.80E+03  1.35E-02  2.23E+05  3.16E-03
  6.75E+06 -2.32E-07 -8.82E-08 -1.14E-01  1.14E-01 -2.07E-05 -1.23E-04 -1.51E-23 -7.58E-61  2.65E-91  1.07E-03 -1.61E-14 -2.33E-46  2.08E+08  1.04E-01 -2.63E+03  7.96E-03  1.86E+05  9.67E-04
  6.85E+06 -3.69E-07 -9.77E-08 -1.02E-01  1.02E-01 -1.29E-05 -1.56E-04 -2.87E-23 -2.19E-60  2.50E-91  7.66E-04 -2.26E-14 -4.28E-46  1.61E+08  1.80E-02 -2.34E+03  4.83E-03  1.56E+05 -1.93E-04
  6.95E+06 -5.44E-07 -1.05E-07 -8.72E-02  8.68E-02 -7.94E-06 -1.77E-04 -5.03E-23 -5.77E-60  2.35E-91  5.52E-04 -3.18E-14 -7.07E-46  1.15E+08 -1.20E-02 -2.00E+03  3.25E-03  1.31E+05 -5.41E-04
  7.05E+06 -7.22E-07 -1.12E-07 -7.25E-02  7.22E-02 -4.78E-06 -1.73E-04 -7.74E-23 -1.24E-59  2.20E-91  4.09E-04 -4.36E-14 -9.99E-46  7.80E+07 -3.50E-03 -1.75E+03  2.51E-03  1.10E+05 -2.81E-04
  7.15E+06 -8.47E-07 -1.19E-07 -6.12E-02  6.10E-02 -2.79E-06 -1.41E-04 -1.02E-22 -2.00E-59  2.06E-91  3.18E-04 -5.77E-14 -1.17E-45  5.11E+07  2.55E-02 -1.65E+03  2.14E-03  9.23E+04  3.05E-04
  7.25E+06 -8.74E-07 -1.29E-07 -5.45E-02  5.43E-02 -1.55E-06 -9.06E-05 -1.12E-22 -2.33E-59  1.91E-91  2.59E-04 -7.34E-14 -1.14E-45  3.32E+07  5.69E-02 -1.73E+03  1.89E-03  7.77E+04  8.94E-04
  7.35E+06 -7.74E-07 -1.43E-07 -5.07E-02  5.05E-02 -8.03E-07 -3.17E-05 -1.01E-22 -1.71E-59  1.77E-91  2.20E-04 -8.99E-14 -8.50E-46  2.18E+07  8.08E-02 -1.93E+03  1.68E-03  6.54E+04  1.34E-03
  7.45E+06 -4.85E-07 -1.65E-07 -5.02E-02  4.99E-02 -3.84E-07  2.96E-05 -6.15E-23 -1.12E-60  1.64E-91  1.86E-04 -1.06E-13 -3.36E-46  1.58E+07  8.77E-02 -2.27E+03  1.61E-03  5.49E+04  1.51E-03
  7.55E+06 -3.86E-07 -1.86E-07 -5.05E-02  5.03E-02 -1.84E-07  4.15E-05 -4.73E-23  2.92E-60  1.50E-91  1.43E-04 -1.22E-13 -1.86E-46  1.21E+07  6.86E-02 -2.61E+03  1.20E-03  4.61E+04  1.11E-03
  7.65E+06 -5.43E-07 -1.91E-07 -3.81E-02  3.80E-02 -9.02E-08  3.15E-05 -5.89E-23  3.26E-62  1.37E-91  9.57E-05 -1.36E-13 -2.18E-46  1.08E+07  4.74E-02 -2.73E+03  7.79E-04  3.85E+04  6.88E-04
  7.75E+06  4.03E-07 -2.61E-07 -6.52E-02  6.50E-02 -4.64E-08  9.84E-05  8.52E-23  2.29E-59  1.25E-91  4.96E-05 -1.57E-13  8.25E-46  2.47E+06  4.19E-02 -5.11E+03  7.17E-04  3.21E+04  6.83E-04
  7.85E+06  1.94E-06 -5.81E-07 -1.98E-01  1.98E-01 -2.56E-08  1.76E-04  2.12E-22  1.26E-59  1.13E-91 -7.75E-06 -1.78E-13  1.68E-45 -2.03E+07  3.16E-02 -1.46E+04  9.69E-04  2.67E+04  5.41E-04
  7.95E+06  5.13E-07 -8.43E-07 -2.49E-01  2.49E-01 -1.49E-08  6.86E-05  3.34E-23  1.77E-61  1.01E-91 -8.21E-05 -1.51E-13  3.24E-46 -4.54E+07  1.17E-02 -2.71E+04  5.64E-04  2.21E+04  1.37E-04
  8.05E+06  5.83E-08 -8.55E-07 -1.87E-01  1.87E-01 -8.83E-09  1.42E-05  2.08E-24  5.86E-64  9.00E-92 -1.37E-04 -5.37E-14  2.37E-47 -6.13E+07  3.19E-03 -3.90E+04  1.57E-04  1.83E+04  1.98E-05
  8.15E+06  6.49E-09 -8.00E-07 -1.22E-01  1.22E-01 -5.05E-09  2.80E-06  1.32E-25  2.17E-66  7.94E-92 -1.56E-04  4.04E-14  1.57E-48 -6.87E+07  8.04E-04 -5.69E+04  3.66E-05  1.50E+04  2.54E-06
  8.25E+06  8.58E-10 -7.60E-07 -7.91E-02  7.93E-02 -2.75E-09  6.15E-07  1.06E-26  1.33E-68  6.95E-92 -1.48E-04  7.95E-14  1.25E-49 -6.98E+07  1.99E-04 -9.20E+04  1.08E-05  1.23E+04  3.52E-07
  8.35E+06  1.36E-10 -7.39E-07 -5.32E-02  5.33E-02 -1.41E-09  1.53E-07  1.11E-27  1.39E-70  6.02E-92 -1.22E-04  7.50E-14  1.22E-50 -6.60E+07  4.93E-05 -1.62E+05  4.86E-06  1.01E+04  6.20E-08
  8.45E+06  2.55E-11 -7.33E-07 -3.74E-02  3.75E-02 -6.83E-10  4.28E-08  1.46E-28  2.35E-72  5.15E-92 -8.80E-05  5.55E-14  1.48E-51 -5.84E+07  1.25E-05 -3.00E+05  3.04E-06  8.24E+03  1.50E-08
  8.55E+06  5.50E-12 -7.40E-07 -2.78E-02  2.79E-02 -3.14E-10  1.33E-08  2.34E-29  6.75E-74  4.36E-92 -5.39E-05  3.72E-14  2.16E-52 -4.82E+07  3.37E-06 -5.61E+05  2.31E-06  6.72E+03  4.65E-09
  8.65E+06  1.35E-12 -7.58E-07 -2.19E-02  2.20E-02 -1.37E-10  4.51E-09  4.49E-30  3.79E-75  3.64E-92 -2.41E-05  2.41E-14  3.73E-53 -3.69E+07  1.01E-06 -1.04E+06  1.94E-06  5.47E+03  1.66E-09
  8.75E+06  3.71E-13 -7.84E-07 -1.82E-02  1.82E-02 -5.70E-11  1.66E-09  1.01E-30  4.27E-76  2.99E-92 -1.27E-06  1.54E-14  7.59E-54 -2.58E+07  3.51E-07 -1.86E+06  1.66E-06  4.44E+03  6.32E-10
  8.85E+06  1.13E-13 -8.17E-07 -1.56E-02  1.56E-02 -2.25E-11  6.60E-10  2.63E-31  7.68E-77  2.42E-92  1.40E-05  9.88E-15  1.80E-54 -1.58E+07  1.39E-07 -3.24E+06  1.37E-06  3.60E+03  2.46E-10
  8.95E+06  3.80E-14 -8.56E-07 -1.36E-02  1.35E-02 -8.54E-12  2.81E-10  7.77E-32  1.83E-77  1.92E-92  2.25E-05  6.33E-15  4.93E-55 -7.55E+06  5.97E-08 -5.38E+06  1.05E-06  2.91E+03  9.60E-11
  9.05E+06  1.38E-14 -8.97E-07 -1.18E-02  1.18E-02 -3.20E-12  1.27E-10  2.52E-32  5.36E-78  1.49E-92  2.55E-05  4.05E-15  1.56E-55 -1.28E+06  2.64E-08 -8.53E+06  7.53E-07  2.34E+03  3.71E-11
  9.15E+06  5.42E-15 -9.41E-07 -1.03E-02  1.02E-02 -1.07E-12  6.03E-11  8.34E-33  1.91E-78  1.13E-92  2.48E-05  2.58E-15  5.66E-56  3.08E+06  1.16E-08 -1.29E+07  5.11E-07  1.87E+03  1.43E-11
  9.25E+06  2.27E-15 -9.86E-07 -8.77E-03  8.75E-03 -3.63E-13  3.02E-11  2.29E-33  8.04E-79  8.37E-93  2.20E-05  1.62E-15  2.30E-56  5.79E+06  5.08E-09 -1.87E+07  3.34E-07  1.48E+03  5.47E-12
  9.35E+06  1.01E-15 -1.03E-06 -7.39E-03  7.38E-03 -1.33E-13  1.57E-11 -1.48E-34  3.88E-79  6.01E-93  1.82E-05  9.78E-16  1.00E-56  7.19E+06  2.20E-09 -2.59E+07  2.15E-07  1.16E+03  2.11E-12
  9.45E+06  4.72E-16 -1.07E-06 -6.13E-03  6.12E-03  3.11E-15  8.51E-12 -1.24E-33  2.06E-79  4.16E-93  1.42E-05  5.25E-16  4.42E-57  7.64E+06  9.46E-10 -3.46E+07  1.37E-07  8.93E+02  8.25E-13
  9.55E+06  2.32E-16 -1.12E-06 -5.00E-03  4.99E-03  4.44E-15  4.76E-12 -1.79E-33  1.17E-79  2.76E-93  1.06E-05  1.79E-16  1.75E-57  7.44E+06  4.06E-10 -4.47E+07  8.75E-08  6.70E+02  3.26E-13
  9.65E+06  1.18E-16 -1.16E-06 -4.02E-03  4.02E-03  7.99E-15  2.73E-12 -2.10E-33  6.88E-80  1.72E-93  7.51E-06 -1.24E-16  3.85E-58  6.86E+06  1.74E-10 -5.59E+07  5.58E-08  4.82E+02  1.31E-13
  9.75E+06  6.25E-17 -1.19E-06 -3.17E-03  3.16E-03  2.66E-14  1.60E-12 -2.31E-33  4.17E-80  9.81E-94  4.96E-06 -4.44E-16 -3.28E-58  6.10E+06  7.46E-11 -6.80E+07  3.55E-08  3.23E+02  5.32E-14
  9.85E+06  3.38E-17 -1.20E-06 -2.34E-03  2.34E-03  5.77E-15  9.53E-13 -2.46E-33  2.67E-80  4.68E-94  2.84E-06 -8.50E-16 -6.41E-58  5.31E+06  3.09E-11 -8.06E+07  2.26E-08  1.86E+02  2.16E-14
  9.95E+06  1.78E-17 -1.15E-06 -1.15E-03  1.15E-03  2.22E-15  5.54E-13 -2.55E-33  2.06E-80  1.25E-94  9.62E-07 -1.11E-15 -5.35E-58  4.48E+06  8.95E-12 -9.35E+07  1.43E-08  6.24E+01  6.70E-15
  1.00E+07  1.39E-21  8.53E-12  9.04E-12  3.77E-12  2.36E-15  1.09E-17  7.71E-38  3.90E-86 -4.52-109  3.93E-17  9.23E-25  2.10E-62 -6.52E-05 -3.59E-25 -1.00E+08 -5.39E-17 -2.20E-13 -1.11E-27

     Z        N2O5      CO2       SO4AER    S8AER   
  0.00E+00 -2.13E-07 -2.51E+11 -7.55E+07  2.95E-20
  5.00E+04 -7.89E+01 -2.31E+11 -5.92E+08 -1.17E-22
  1.50E+05 -2.34E+02 -1.92E+11 -1.59E+09 -1.13E-22
  2.50E+05 -6.99E+02 -1.57E+11 -2.19E+09 -1.10E-22
  3.50E+05 -2.10E+03 -1.26E+11 -2.41E+09 -1.07E-22
  4.50E+05 -5.95E+03 -9.80E+10 -2.44E+09 -1.05E-22
  5.50E+05 -1.00E+04 -7.46E+10 -2.37E+09 -1.04E-22
  6.50E+05 -8.11E+03 -5.68E+10 -2.28E+09 -1.04E-22
  7.50E+05 -5.86E+03 -4.44E+10 -2.19E+09 -1.04E-22
  8.50E+05 -5.73E+03 -3.52E+10 -2.10E+09 -1.05E-22
  9.50E+05 -4.90E+03 -2.75E+10 -1.96E+09 -1.06E-22
  1.05E+06 -3.52E+03 -2.07E+10 -1.77E+09 -1.07E-22
  1.15E+06 -4.32E+03 -1.51E+10 -1.47E+09 -1.04E-22
  1.25E+06 -5.65E+03 -1.12E+10 -1.15E+09 -1.02E-22
  1.35E+06 -1.01E+04 -8.78E+09 -8.75E+08 -1.00E-22
  1.45E+06 -1.99E+04 -7.44E+09 -6.51E+08 -9.83E-23
  1.55E+06 -3.62E+04 -6.61E+09 -4.62E+08 -9.66E-23
  1.65E+06 -5.79E+04 -6.05E+09 -3.04E+08 -9.51E-23
  1.75E+06 -7.97E+04 -5.64E+09 -1.81E+08 -9.38E-23
  1.85E+06 -9.95E+04 -5.33E+09 -9.43E+07 -9.26E-23
  1.95E+06 -1.15E+05 -5.08E+09 -4.26E+07 -9.15E-23
  2.05E+06 -1.22E+05 -4.88E+09 -1.82E+07 -9.05E-23
  2.15E+06 -1.24E+05 -4.69E+09 -7.84E+06 -8.95E-23
  2.25E+06 -1.13E+05 -4.52E+09 -3.39E+06 -8.86E-23
  2.35E+06 -8.88E+04 -4.34E+09 -1.46E+06 -8.78E-23
  2.45E+06 -5.15E+04 -4.17E+09 -6.26E+05 -8.69E-23
  2.55E+06 -7.63E+03 -3.98E+09 -2.65E+05 -8.62E-23
  2.65E+06  3.34E+04 -3.79E+09 -1.10E+05 -8.54E-23
  2.75E+06  6.58E+04 -3.59E+09 -4.36E+04 -8.46E-23
  2.85E+06  8.43E+04 -3.38E+09 -1.27E+04 -8.38E-23
  2.95E+06  8.51E+04 -3.16E+09 -5.96E-08 -8.29E-23
  3.05E+06  7.76E+04 -2.94E+09 -3.45E-08 -8.20E-23
  3.15E+06  6.44E+04 -2.72E+09 -6.52E-09 -8.11E-23
  3.25E+06  4.82E+04 -2.50E+09  1.58E-08 -8.01E-23
  3.35E+06  3.41E+04 -2.29E+09  6.05E-09 -7.91E-23
  3.45E+06  2.28E+04 -2.09E+09 -7.92E-09 -7.81E-23
  3.55E+06  1.44E+04 -1.89E+09 -9.31E-10 -7.72E-23
  3.65E+06  8.76E+03 -1.70E+09 -1.07E-08 -7.63E-23
  3.75E+06  4.95E+03 -1.52E+09  2.33E-09 -7.55E-23
  3.85E+06  2.59E+03 -1.34E+09  2.79E-09 -7.48E-23
  3.95E+06  1.25E+03 -1.16E+09  4.42E-09 -7.42E-23
  4.05E+06  5.44E+02 -9.97E+08  2.56E-09 -7.37E-23
  4.15E+06  2.13E+02 -8.41E+08 -1.16E-09 -7.33E-23
  4.25E+06  7.79E+01 -6.99E+08 -1.40E-09 -7.31E-23
  4.35E+06  2.72E+01 -5.74E+08 -1.40E-09 -7.31E-23
  4.45E+06  9.24E+00 -4.67E+08 -1.40E-09 -7.32E-23
  4.55E+06  3.04E+00 -3.76E+08 -1.05E-09 -7.35E-23
  4.65E+06  1.02E+00 -3.00E+08 -5.24E-10 -7.38E-23
  4.75E+06  3.38E-01 -2.36E+08 -1.98E-09 -7.41E-23
  4.85E+06  1.11E-01 -1.82E+08 -1.95E-09 -7.44E-23
  4.95E+06  3.73E-02 -1.36E+08 -1.11E-09 -7.48E-23
  5.05E+06  1.25E-02 -9.65E+07 -9.31E-10 -7.51E-23
  5.15E+06  4.24E-03 -6.10E+07 -2.91E-10 -7.54E-23
  5.25E+06  1.44E-03 -2.89E+07 -5.82E-11 -7.58E-23
  5.35E+06  4.94E-04  9.46E+05  7.28E-11 -7.61E-23
  5.45E+06  1.71E-04  2.91E+07  1.09E-10 -7.65E-23
  5.55E+06  5.95E-05  5.61E+07 -3.64E-11 -7.68E-23
  5.65E+06  2.09E-05  8.24E+07  1.09E-11 -7.72E-23
  5.75E+06  7.46E-06  1.08E+08  1.09E-11 -7.76E-23
  5.85E+06  2.70E-06  1.34E+08 -2.55E-11 -7.80E-23
  5.95E+06  9.92E-07  1.59E+08 -3.64E-12 -7.84E-23
  6.05E+06  3.72E-07  1.85E+08  4.55E-12 -7.88E-23
  6.15E+06  1.43E-07  2.10E+08 -4.55E-13 -7.92E-23
  6.25E+06  5.60E-08  2.35E+08 -4.55E-13 -7.96E-23
  6.35E+06  2.24E-08  2.60E+08  1.14E-13 -8.00E-23
  6.45E+06  9.16E-09  2.86E+08 -2.84E-13 -8.05E-23
  6.55E+06  3.81E-09  3.11E+08  2.27E-13 -8.09E-23
  6.65E+06  1.62E-09  3.37E+08  4.26E-14 -8.14E-23
  6.75E+06  7.22E-10  3.63E+08  7.11E-15 -8.18E-23
  6.85E+06  3.53E-10  3.89E+08  1.07E-14 -8.23E-23
  6.95E+06  2.02E-10  4.17E+08  0.00E+00 -8.28E-23
  7.05E+06  1.36E-10  4.45E+08  2.22E-16 -8.32E-23
  7.15E+06  9.98E-11  4.72E+08  0.00E+00 -8.37E-23
  7.25E+06  7.21E-11  4.98E+08  1.39E-17 -8.41E-23
  7.35E+06  5.00E-11  5.20E+08 -8.67E-19 -8.45E-23
  7.45E+06  3.21E-11  5.38E+08  5.42E-20 -8.46E-23
  7.55E+06  1.61E-11  5.50E+08  3.39E-21 -8.45E-23
  7.65E+06  7.25E-12  5.56E+08  0.00E+00 -8.45E-23
  7.75E+06  4.12E-12  5.59E+08  0.00E+00 -8.45E-23
  7.85E+06  2.01E-12  5.54E+08  2.58E-26 -8.45E-23
  7.95E+06  3.68E-13  5.30E+08 -3.21E-16 -8.44E-23
  8.05E+06  3.81E-14  4.94E+08 -3.93E-18 -8.44E-23
  8.15E+06  3.47E-15  4.52E+08 -2.24E-20 -8.44E-23
  8.25E+06  3.72E-16  4.10E+08 -1.03E-22 -8.44E-23
  8.35E+06  6.82E-17  3.69E+08 -7.14E-23 -8.43E-23
  8.45E+06  2.40E-17  3.31E+08 -7.14E-23 -8.43E-23
  8.55E+06  1.16E-17  2.95E+08 -7.14E-23 -8.43E-23
  8.65E+06  6.21E-18  2.62E+08 -7.14E-23 -8.43E-23
  8.75E+06  3.31E-18  2.31E+08 -7.13E-23 -8.42E-23
  8.85E+06  1.68E-18  2.03E+08 -7.13E-23 -8.42E-23
  8.95E+06  7.94E-19  1.78E+08 -7.13E-23 -8.42E-23
  9.05E+06  3.47E-19  1.54E+08 -7.13E-23 -8.41E-23
  9.15E+06  1.43E-19  1.32E+08 -7.12E-23 -8.41E-23
  9.25E+06  5.69E-20  1.13E+08 -7.12E-23 -8.41E-23
  9.35E+06  2.23E-20  9.44E+07 -7.12E-23 -8.41E-23
  9.45E+06  8.70E-21  7.77E+07 -7.12E-23 -8.40E-23
  9.55E+06  3.41E-21  6.25E+07 -7.12E-23 -8.40E-23
  9.65E+06  1.34E-21  4.84E+07 -7.11E-23 -8.40E-23
  9.75E+06  5.32E-22  3.53E+07 -7.11E-23 -8.40E-23
  9.85E+06  2.12E-22  2.27E+07 -7.11E-23 -8.39E-23
  9.95E+06  7.04E-23  9.24E+06 -7.11E-23 -8.39E-23
  1.00E+07 -9.09E-36  2.67E-06 -7.11E-23 -8.39E-23

 AQUEOUS PHASE SPECIES

     Z      (SO2)g   (H2CO)g  (SO2)aq CH2(OH)2   HCO3-    CO3=     HSO3-    SO3=   CH2OHSO3-   OH-     SO4=      PH
  2.50E+04 6.19E-11 1.96E-10 1.30E-10 1.63E-06 3.68E-07 1.17E-12 1.68E-07 6.72E-10 2.74E-08 2.22E-10 8.51E-06 4.75E+00
  1.25E+05 1.20E-10 1.64E-10 3.06E-10 2.12E-06 3.30E-07 9.62E-13 4.16E-07 1.64E-09 8.83E-08 1.31E-10 9.18E-06 4.72E+00
  2.25E+05 1.63E-10 1.17E-10 5.14E-10 2.49E-06 2.66E-07 6.30E-13 6.63E-07 2.31E-09 1.65E-07 6.50E-11 1.12E-05 4.63E+00
  3.25E+05 2.05E-10 8.80E-11 6.96E-10 2.25E-06 2.03E-07 3.94E-13 7.77E-07 2.28E-09 1.74E-07 4.47E-11 1.38E-05 4.54E+00
  4.25E+05 2.49E-10 6.93E-11 8.46E-10 1.77E-06 1.56E-07 2.58E-13 8.04E-07 2.01E-09 1.42E-07 3.80E-11 1.64E-05 4.47E+00
  5.25E+05 2.94E-10 5.09E-11 9.98E-10 1.30E-06 1.24E-07 1.82E-13 8.39E-07 1.85E-09 1.09E-07 3.36E-11 1.86E-05 4.42E+00
  6.25E+05 3.42E-10 3.34E-11 1.16E-09 8.52E-07 1.02E-07 1.36E-13 8.88E-07 1.79E-09 7.57E-08 3.06E-11 2.05E-05 4.38E+00
  7.25E+05 3.88E-10 2.01E-11 1.32E-09 5.12E-07 8.62E-08 1.07E-13 9.43E-07 1.77E-09 4.83E-08 2.86E-11 2.19E-05 4.35E+00
  8.25E+05 4.29E-10 1.22E-11 1.46E-09 3.11E-07 7.39E-08 8.74E-14 9.90E-07 1.77E-09 3.08E-08 2.72E-11 2.31E-05 4.32E+00
  9.25E+05 4.62E-10 7.83E-12 1.57E-09 2.00E-07 6.41E-08 7.32E-14 1.03E-06 1.77E-09 2.06E-08 2.62E-11 2.40E-05 4.31E+00
  1.02E+06 4.92E-10 5.32E-12 1.67E-09 1.36E-07 5.57E-08 6.21E-14 1.07E-06 1.80E-09 1.45E-08 2.56E-11 2.45E-05 4.30E+00

 NORMAL HENRYS LAW COEFFICIENTS


     Z        O        O2       H2O      H        OH       HO2      H2O2     H2       CO       HCO      H2CO     CH4      CH3      C2H6     NO       NO2      HNO      H2S     
  2.50E+04 0.00E+00 1.60E-03 0.00E+00 0.00E+00 5.63E+01 9.14E+03 2.34E+05 8.37E-04 1.20E-03 0.00E+00 8.29E+03 1.75E-03 0.00E+00 2.62E-03 2.34E-03 1.70E-02 0.00E+00 1.32E-01
  1.25E+05 0.00E+00 1.77E-03 0.00E+00 0.00E+00 7.58E+01 1.35E+04 3.81E+05 8.65E-04 1.31E-03 0.00E+00 1.30E+04 1.95E-03 0.00E+00 3.05E-03 2.59E-03 2.01E-02 0.00E+00 1.51E-01
  2.25E+05 0.00E+00 1.98E-03 0.00E+00 0.00E+00 1.05E+02 2.08E+04 6.55E+05 8.97E-04 1.44E-03 0.00E+00 2.14E+04 2.19E-03 0.00E+00 3.61E-03 2.89E-03 2.41E-02 0.00E+00 1.75E-01
  3.25E+05 0.00E+00 2.06E-03 0.00E+00 0.00E+00 1.19E+02 2.42E+04 7.95E+05 9.09E-04 1.49E-03 0.00E+00 2.55E+04 2.28E-03 0.00E+00 3.83E-03 3.00E-03 2.57E-02 0.00E+00 1.84E-01
  4.25E+05 0.00E+00 2.06E-03 0.00E+00 0.00E+00 1.19E+02 2.42E+04 7.95E+05 9.09E-04 1.49E-03 0.00E+00 2.55E+04 2.28E-03 0.00E+00 3.83E-03 3.00E-03 2.57E-02 0.00E+00 1.84E-01
  5.25E+05 0.00E+00 2.06E-03 0.00E+00 0.00E+00 1.19E+02 2.42E+04 7.95E+05 9.09E-04 1.49E-03 0.00E+00 2.55E+04 2.28E-03 0.00E+00 3.83E-03 3.00E-03 2.57E-02 0.00E+00 1.84E-01
  6.25E+05 0.00E+00 2.06E-03 0.00E+00 0.00E+00 1.19E+02 2.42E+04 7.95E+05 9.09E-04 1.49E-03 0.00E+00 2.55E+04 2.28E-03 0.00E+00 3.83E-03 3.00E-03 2.57E-02 0.00E+00 1.84E-01
  7.25E+05 0.00E+00 2.06E-03 0.00E+00 0.00E+00 1.19E+02 2.42E+04 7.95E+05 9.09E-04 1.49E-03 0.00E+00 2.55E+04 2.28E-03 0.00E+00 3.83E-03 3.00E-03 2.57E-02 0.00E+00 1.84E-01
  8.25E+05 0.00E+00 2.06E-03 0.00E+00 0.00E+00 1.19E+02 2.42E+04 7.95E+05 9.09E-04 1.49E-03 0.00E+00 2.55E+04 2.28E-03 0.00E+00 3.83E-03 3.00E-03 2.57E-02 0.00E+00 1.84E-01
  9.25E+05 0.00E+00 2.06E-03 0.00E+00 0.00E+00 1.19E+02 2.42E+04 7.95E+05 9.09E-04 1.49E-03 0.00E+00 2.55E+04 2.28E-03 0.00E+00 3.83E-03 3.00E-03 2.57E-02 0.00E+00 1.84E-01
  1.02E+06 0.00E+00 2.06E-03 0.00E+00 0.00E+00 1.19E+02 2.42E+04 7.95E+05 9.09E-04 1.49E-03 0.00E+00 2.55E+04 2.28E-03 0.00E+00 3.83E-03 3.00E-03 2.57E-02 0.00E+00 1.84E-01

     Z        HS       S        SO       SO2      H2SO4    HSO      S2       S4       S8       SO3      OCS      S3       O3       HNO3     N        NO3      N2O      HO2NO2  
  2.50E+04 1.00E+05 0.00E+00 1.90E-03 2.10E+00 7.00E+11 9.00E+03 0.00E+00 0.00E+00 0.00E+00 7.00E+11 2.95E-02 0.00E+00 0.00E+00 7.10E+05 0.00E+00 3.80E-02 3.60E-02 3.15E+04
  1.25E+05 1.00E+05 0.00E+00 1.90E-03 2.54E+00 7.00E+11 9.00E+03 0.00E+00 0.00E+00 0.00E+00 7.00E+11 3.39E-02 0.00E+00 0.00E+00 1.26E+06 0.00E+00 3.80E-02 4.27E-02 4.97E+04
  2.25E+05 1.00E+05 0.00E+00 1.90E-03 3.15E+00 7.00E+11 9.00E+03 0.00E+00 0.00E+00 0.00E+00 7.00E+11 3.95E-02 0.00E+00 0.00E+00 2.38E+06 0.00E+00 3.80E-02 5.17E-02 8.24E+04
  3.25E+05 1.00E+05 0.00E+00 1.90E-03 3.39E+00 7.00E+11 9.00E+03 0.00E+00 0.00E+00 0.00E+00 7.00E+11 4.18E-02 0.00E+00 0.00E+00 2.99E+06 0.00E+00 3.80E-02 5.53E-02 9.86E+04
  4.25E+05 1.00E+05 0.00E+00 1.90E-03 3.39E+00 7.00E+11 9.00E+03 0.00E+00 0.00E+00 0.00E+00 7.00E+11 4.18E-02 0.00E+00 0.00E+00 2.99E+06 0.00E+00 3.80E-02 5.53E-02 9.86E+04
  5.25E+05 1.00E+05 0.00E+00 1.90E-03 3.39E+00 7.00E+11 9.00E+03 0.00E+00 0.00E+00 0.00E+00 7.00E+11 4.18E-02 0.00E+00 0.00E+00 2.99E+06 0.00E+00 3.80E-02 5.53E-02 9.86E+04
  6.25E+05 1.00E+05 0.00E+00 1.90E-03 3.39E+00 7.00E+11 9.00E+03 0.00E+00 0.00E+00 0.00E+00 7.00E+11 4.18E-02 0.00E+00 0.00E+00 2.99E+06 0.00E+00 3.80E-02 5.53E-02 9.86E+04
  7.25E+05 1.00E+05 0.00E+00 1.90E-03 3.39E+00 7.00E+11 9.00E+03 0.00E+00 0.00E+00 0.00E+00 7.00E+11 4.18E-02 0.00E+00 0.00E+00 2.99E+06 0.00E+00 3.80E-02 5.53E-02 9.86E+04
  8.25E+05 1.00E+05 0.00E+00 1.90E-03 3.39E+00 7.00E+11 9.00E+03 0.00E+00 0.00E+00 0.00E+00 7.00E+11 4.18E-02 0.00E+00 0.00E+00 2.99E+06 0.00E+00 3.80E-02 5.53E-02 9.86E+04
  9.25E+05 1.00E+05 0.00E+00 1.90E-03 3.39E+00 7.00E+11 9.00E+03 0.00E+00 0.00E+00 0.00E+00 7.00E+11 4.18E-02 0.00E+00 0.00E+00 2.99E+06 0.00E+00 3.80E-02 5.53E-02 9.86E+04
  1.02E+06 1.00E+05 0.00E+00 1.90E-03 3.39E+00 7.00E+11 9.00E+03 0.00E+00 0.00E+00 0.00E+00 7.00E+11 4.18E-02 0.00E+00 0.00E+00 2.99E+06 0.00E+00 3.80E-02 5.53E-02 9.86E+04

     Z        N2O5     CO2      SO4AER   S8AER   
  2.50E+04 3.60E-02 0.00E+00 7.00E+11 7.00E+11
  1.25E+05 4.27E-02 0.00E+00 7.00E+11 7.00E+11
  2.25E+05 5.17E-02 0.00E+00 7.00E+11 7.00E+11
  3.25E+05 5.53E-02 0.00E+00 7.00E+11 7.00E+11
  4.25E+05 5.53E-02 0.00E+00 7.00E+11 7.00E+11
  5.25E+05 5.53E-02 0.00E+00 7.00E+11 7.00E+11
  6.25E+05 5.53E-02 0.00E+00 7.00E+11 7.00E+11
  7.25E+05 5.53E-02 0.00E+00 7.00E+11 7.00E+11
  8.25E+05 5.53E-02 0.00E+00 7.00E+11 7.00E+11
  9.25E+05 5.53E-02 0.00E+00 7.00E+11 7.00E+11
  1.02E+06 5.53E-02 0.00E+00 7.00E+11 7.00E+11

 ENHANCEMENTS OF HENRYS LAW COEFFICIENTS


     Z        O        O2       H2O      H        OH       HO2      H2O2     H2       CO       HCO      H2CO     CH4      CH3      C2H6     NO       NO2      HNO      H2S     
  2.50E+04 1.00E+00 1.00E+00 1.00E+00 1.00E+00 1.00E+00 1.00E+00 1.00E+00 1.00E+00 1.00E+00 1.00E+00 1.02E+00 1.00E+00 1.00E+00 1.00E+00 1.00E+00 1.00E+00 1.00E+00 1.01E+00
  1.25E+05 1.00E+00 1.00E+00 1.00E+00 1.00E+00 1.00E+00 1.00E+00 1.00E+00 1.00E+00 1.00E+00 1.00E+00 1.04E+00 1.00E+00 1.00E+00 1.00E+00 1.00E+00 1.00E+00 1.00E+00 1.01E+00
  2.25E+05 1.00E+00 1.00E+00 1.00E+00 1.00E+00 1.00E+00 1.00E+00 1.00E+00 1.00E+00 1.00E+00 1.00E+00 1.07E+00 1.00E+00 1.00E+00 1.00E+00 1.00E+00 1.00E+00 1.00E+00 1.00E+00
  3.25E+05 1.00E+00 1.00E+00 1.00E+00 1.00E+00 1.00E+00 1.00E+00 1.00E+00 1.00E+00 1.00E+00 1.00E+00 1.08E+00 1.00E+00 1.00E+00 1.00E+00 1.00E+00 1.00E+00 1.00E+00 1.00E+00
  4.25E+05 1.00E+00 1.00E+00 1.00E+00 1.00E+00 1.00E+00 1.00E+00 1.00E+00 1.00E+00 1.00E+00 1.00E+00 1.08E+00 1.00E+00 1.00E+00 1.00E+00 1.00E+00 1.00E+00 1.00E+00 1.00E+00
  5.25E+05 1.00E+00 1.00E+00 1.00E+00 1.00E+00 1.00E+00 1.00E+00 1.00E+00 1.00E+00 1.00E+00 1.00E+00 1.08E+00 1.00E+00 1.00E+00 1.00E+00 1.00E+00 1.00E+00 1.00E+00 1.00E+00
  6.25E+05 1.00E+00 1.00E+00 1.00E+00 1.00E+00 1.00E+00 1.00E+00 1.00E+00 1.00E+00 1.00E+00 1.00E+00 1.09E+00 1.00E+00 1.00E+00 1.00E+00 1.00E+00 1.00E+00 1.00E+00 1.00E+00
  7.25E+05 1.00E+00 1.00E+00 1.00E+00 1.00E+00 1.00E+00 1.00E+00 1.00E+00 1.00E+00 1.00E+00 1.00E+00 1.09E+00 1.00E+00 1.00E+00 1.00E+00 1.00E+00 1.00E+00 1.00E+00 1.00E+00
  8.25E+05 1.00E+00 1.00E+00 1.00E+00 1.00E+00 1.00E+00 1.00E+00 1.00E+00 1.00E+00 1.00E+00 1.00E+00 1.10E+00 1.00E+00 1.00E+00 1.00E+00 1.00E+00 1.00E+00 1.00E+00 1.00E+00
  9.25E+05 1.00E+00 1.00E+00 1.00E+00 1.00E+00 1.00E+00 1.00E+00 1.00E+00 1.00E+00 1.00E+00 1.00E+00 1.10E+00 1.00E+00 1.00E+00 1.00E+00 1.00E+00 1.00E+00 1.00E+00 1.00E+00
  1.02E+06 1.00E+00 1.00E+00 1.00E+00 1.00E+00 1.00E+00 1.00E+00 1.00E+00 1.00E+00 1.00E+00 1.00E+00 1.11E+00 1.00E+00 1.00E+00 1.00E+00 1.00E+00 1.00E+00 1.00E+00 1.00E+00

     Z        HS       S        SO       SO2      H2SO4    HSO      S2       S4       S8       SO3      OCS      S3       O3       HNO3     N        NO3      N2O      HO2NO2  
  2.50E+04 1.00E+00 1.00E+00 1.00E+00 1.51E+03 1.00E+00 1.00E+00 1.00E+00 1.00E+00 1.00E+00 1.00E+00 1.00E+00 1.00E+00 1.00E+00 1.00E+00 1.00E+00 1.00E+00 1.00E+00 1.00E+00
  1.25E+05 1.00E+00 1.00E+00 1.00E+00 1.66E+03 1.00E+00 1.00E+00 1.00E+00 1.00E+00 1.00E+00 1.00E+00 1.00E+00 1.00E+00 1.00E+00 1.00E+00 1.00E+00 1.00E+00 1.00E+00 1.00E+00
  2.25E+05 1.00E+00 1.00E+00 1.00E+00 1.62E+03 1.00E+00 1.00E+00 1.00E+00 1.00E+00 1.00E+00 1.00E+00 1.00E+00 1.00E+00 1.00E+00 1.00E+00 1.00E+00 1.00E+00 1.00E+00 1.00E+00
  3.25E+05 1.00E+00 1.00E+00 1.00E+00 1.37E+03 1.00E+00 1.00E+00 1.00E+00 1.00E+00 1.00E+00 1.00E+00 1.00E+00 1.00E+00 1.00E+00 1.00E+00 1.00E+00 1.00E+00 1.00E+00 1.00E+00
  4.25E+05 1.00E+00 1.00E+00 1.00E+00 1.12E+03 1.00E+00 1.00E+00 1.00E+00 1.00E+00 1.00E+00 1.00E+00 1.00E+00 1.00E+00 1.00E+00 1.00E+00 1.00E+00 1.00E+00 1.00E+00 1.00E+00
  5.25E+05 1.00E+00 1.00E+00 1.00E+00 9.52E+02 1.00E+00 1.00E+00 1.00E+00 1.00E+00 1.00E+00 1.00E+00 1.00E+00 1.00E+00 1.00E+00 1.00E+00 1.00E+00 1.00E+00 1.00E+00 1.00E+00
  6.25E+05 1.00E+00 1.00E+00 1.00E+00 8.34E+02 1.00E+00 1.00E+00 1.00E+00 1.00E+00 1.00E+00 1.00E+00 1.00E+00 1.00E+00 1.00E+00 1.00E+00 1.00E+00 1.00E+00 1.00E+00 1.00E+00
  7.25E+05 1.00E+00 1.00E+00 1.00E+00 7.54E+02 1.00E+00 1.00E+00 1.00E+00 1.00E+00 1.00E+00 1.00E+00 1.00E+00 1.00E+00 1.00E+00 1.00E+00 1.00E+00 1.00E+00 1.00E+00 1.00E+00
  8.25E+05 1.00E+00 1.00E+00 1.00E+00 7.03E+02 1.00E+00 1.00E+00 1.00E+00 1.00E+00 1.00E+00 1.00E+00 1.00E+00 1.00E+00 1.00E+00 1.00E+00 1.00E+00 1.00E+00 1.00E+00 1.00E+00
  9.25E+05 1.00E+00 1.00E+00 1.00E+00 6.71E+02 1.00E+00 1.00E+00 1.00E+00 1.00E+00 1.00E+00 1.00E+00 1.00E+00 1.00E+00 1.00E+00 1.00E+00 1.00E+00 1.00E+00 1.00E+00 1.00E+00
  1.02E+06 1.00E+00 1.00E+00 1.00E+00 6.52E+02 1.00E+00 1.00E+00 1.00E+00 1.00E+00 1.00E+00 1.00E+00 1.00E+00 1.00E+00 1.00E+00 1.00E+00 1.00E+00 1.00E+00 1.00E+00 1.00E+00

     Z        N2O5     CO2      SO4AER   S8AER   
  2.50E+04 1.00E+00 1.00E+00 1.00E+00 1.00E+00
  1.25E+05 1.00E+00 1.00E+00 1.00E+00 1.00E+00
  2.25E+05 1.00E+00 1.00E+00 1.00E+00 1.00E+00
  3.25E+05 1.00E+00 1.00E+00 1.00E+00 1.00E+00
  4.25E+05 1.00E+00 1.00E+00 1.00E+00 1.00E+00
  5.25E+05 1.00E+00 1.00E+00 1.00E+00 1.00E+00
  6.25E+05 1.00E+00 1.00E+00 1.00E+00 1.00E+00
  7.25E+05 1.00E+00 1.00E+00 1.00E+00 1.00E+00
  8.25E+05 1.00E+00 1.00E+00 1.00E+00 1.00E+00
  9.25E+05 1.00E+00 1.00E+00 1.00E+00 1.00E+00
  1.02E+06 1.00E+00 1.00E+00 1.00E+00 1.00E+00

 GIORGI AND CHAMEIDES RAINOUT RATES


     Z        O        O2       H2O      H        OH       HO2      H2O2     H2       CO       HCO      H2CO     CH4      CH3      C2H6     NO       NO2      HNO      H2S     
  2.50E+04 0.00E+00 2.69E-13 0.00E+00 0.00E+00 9.42E-09 9.96E-07 2.29E-06 1.40E-13 2.01E-13 0.00E+00 9.45E-07 2.94E-13 0.00E+00 4.40E-13 3.93E-13 2.86E-12 0.00E+00 2.23E-11
  1.25E+05 0.00E+00 3.26E-13 0.00E+00 0.00E+00 1.39E-08 1.34E-06 2.38E-06 1.59E-13 2.41E-13 0.00E+00 1.34E-06 3.58E-13 0.00E+00 5.62E-13 4.76E-13 3.70E-12 0.00E+00 2.79E-11
  2.25E+05 0.00E+00 2.72E-13 0.00E+00 0.00E+00 1.44E-08 1.03E-06 1.33E-06 1.24E-13 1.98E-13 0.00E+00 1.06E-06 3.01E-13 0.00E+00 4.97E-13 3.98E-13 3.32E-12 0.00E+00 2.42E-11
  3.25E+05 0.00E+00 2.03E-13 0.00E+00 0.00E+00 1.16E-08 7.00E-07 8.19E-07 8.97E-14 1.47E-13 0.00E+00 7.18E-07 2.25E-13 0.00E+00 3.78E-13 2.96E-13 2.54E-12 0.00E+00 1.82E-11
  4.25E+05 0.00E+00 1.39E-13 0.00E+00 0.00E+00 7.95E-09 4.93E-07 5.83E-07 6.15E-14 1.01E-13 0.00E+00 5.07E-07 1.54E-13 0.00E+00 2.60E-13 2.03E-13 1.74E-12 0.00E+00 1.25E-11
  5.25E+05 0.00E+00 9.12E-14 0.00E+00 0.00E+00 5.21E-09 3.60E-07 4.49E-07 4.03E-14 6.60E-14 0.00E+00 3.72E-07 1.01E-13 0.00E+00 1.70E-13 1.33E-13 1.14E-12 0.00E+00 8.19E-12
  6.25E+05 0.00E+00 5.70E-14 0.00E+00 0.00E+00 3.27E-09 2.61E-07 3.60E-07 2.52E-14 4.13E-14 0.00E+00 2.73E-07 6.33E-14 0.00E+00 1.06E-13 8.34E-14 7.15E-13 0.00E+00 5.13E-12
  7.25E+05 0.00E+00 3.41E-14 0.00E+00 0.00E+00 1.96E-09 1.82E-07 2.89E-07 1.51E-14 2.47E-14 0.00E+00 1.93E-07 3.79E-14 0.00E+00 6.36E-14 4.98E-14 4.27E-13 0.00E+00 3.06E-12
  8.25E+05 0.00E+00 1.95E-14 0.00E+00 0.00E+00 1.12E-09 1.21E-07 2.29E-07 8.61E-15 1.41E-14 0.00E+00 1.30E-07 2.16E-14 0.00E+00 3.63E-14 2.85E-14 2.44E-13 0.00E+00 1.75E-12
  9.25E+05 0.00E+00 1.06E-14 0.00E+00 0.00E+00 6.11E-10 7.51E-08 1.73E-07 4.70E-15 7.69E-15 0.00E+00 8.18E-08 1.18E-14 0.00E+00 1.98E-14 1.55E-14 1.33E-13 0.00E+00 9.54E-13
  1.02E+06 0.00E+00 5.59E-15 0.00E+00 0.00E+00 3.21E-10 4.28E-08 1.14E-07 2.47E-15 4.04E-15 0.00E+00 4.71E-08 6.20E-15 0.00E+00 1.04E-14 8.16E-15 7.00E-14 0.00E+00 5.02E-13

     Z        HS       S        SO       SO2      H2SO4    HSO      S2       S4       S8       SO3      OCS      S3       O3       HNO3     N        NO3      N2O      HO2NO2  
  2.50E+04 2.18E-06 0.00E+00 3.19E-13 4.51E-07 2.37E-06 9.86E-07 0.00E+00 0.00E+00 0.00E+00 2.37E-06 4.95E-12 0.00E+00 0.00E+00 2.35E-06 0.00E+00 6.37E-12 6.03E-12 1.77E-06
  1.25E+05 2.25E-06 0.00E+00 3.50E-13 6.18E-07 2.42E-06 1.06E-06 0.00E+00 0.00E+00 0.00E+00 2.42E-06 6.24E-12 0.00E+00 0.00E+00 2.40E-06 0.00E+00 7.00E-12 7.86E-12 2.06E-06
  2.25E+05 1.29E-06 0.00E+00 2.62E-13 5.04E-07 1.34E-06 7.23E-07 0.00E+00 0.00E+00 0.00E+00 1.34E-06 5.45E-12 0.00E+00 0.00E+00 1.34E-06 0.00E+00 5.23E-12 7.12E-12 1.28E-06
  3.25E+05 8.04E-07 0.00E+00 1.88E-13 3.27E-07 8.20E-07 4.89E-07 0.00E+00 0.00E+00 0.00E+00 8.20E-07 4.12E-12 0.00E+00 0.00E+00 8.20E-07 0.00E+00 3.75E-12 5.46E-12 8.03E-07
  4.25E+05 5.72E-07 0.00E+00 1.29E-13 1.96E-07 5.84E-07 3.41E-07 0.00E+00 0.00E+00 0.00E+00 5.84E-07 2.83E-12 0.00E+00 0.00E+00 5.84E-07 0.00E+00 2.57E-12 3.74E-12 5.71E-07
  5.25E+05 4.35E-07 0.00E+00 8.43E-14 1.16E-07 4.50E-07 2.37E-07 0.00E+00 0.00E+00 0.00E+00 4.50E-07 1.85E-12 0.00E+00 0.00E+00 4.50E-07 0.00E+00 1.69E-12 2.45E-12 4.35E-07
  6.25E+05 3.40E-07 0.00E+00 5.27E-14 6.73E-08 3.62E-07 1.61E-07 0.00E+00 0.00E+00 0.00E+00 3.62E-07 1.16E-12 0.00E+00 0.00E+00 3.61E-07 0.00E+00 1.05E-12 1.53E-12 3.39E-07
  7.25E+05 2.61E-07 0.00E+00 3.15E-14 3.79E-08 2.93E-07 1.04E-07 0.00E+00 0.00E+00 0.00E+00 2.93E-07 6.93E-13 0.00E+00 0.00E+00 2.92E-07 0.00E+00 6.30E-13 9.17E-13 2.61E-07
  8.25E+05 1.94E-07 0.00E+00 1.80E-14 2.08E-08 2.35E-07 6.42E-08 0.00E+00 0.00E+00 0.00E+00 2.35E-07 3.96E-13 0.00E+00 0.00E+00 2.34E-07 0.00E+00 3.60E-13 5.24E-13 1.94E-07
  9.25E+05 1.36E-07 0.00E+00 9.83E-15 1.11E-08 1.81E-07 3.73E-08 0.00E+00 0.00E+00 0.00E+00 1.81E-07 2.16E-13 0.00E+00 0.00E+00 1.79E-07 0.00E+00 1.97E-13 2.86E-13 1.35E-07
  1.02E+06 8.39E-08 0.00E+00 5.16E-15 5.73E-09 1.21E-07 2.04E-08 0.00E+00 0.00E+00 0.00E+00 1.21E-07 1.14E-13 0.00E+00 0.00E+00 1.19E-07 0.00E+00 1.03E-13 1.50E-13 8.36E-08

     Z        N2O5     CO2      SO4AER   S8AER   
  2.50E+04 6.03E-12 0.00E+00 2.37E-06 2.37E-06
  1.25E+05 7.86E-12 0.00E+00 2.42E-06 2.42E-06
  2.25E+05 7.12E-12 0.00E+00 1.34E-06 1.34E-06
  3.25E+05 5.46E-12 0.00E+00 8.20E-07 8.20E-07
  4.25E+05 3.74E-12 0.00E+00 5.84E-07 5.84E-07
  5.25E+05 2.45E-12 0.00E+00 4.50E-07 4.50E-07
  6.25E+05 1.53E-12 0.00E+00 3.62E-07 3.62E-07
  7.25E+05 9.17E-13 0.00E+00 2.93E-07 2.93E-07
  8.25E+05 5.24E-13 0.00E+00 2.35E-07 2.35E-07
  9.25E+05 2.86E-13 0.00E+00 1.81E-07 1.81E-07
  1.02E+06 1.50E-13 0.00E+00 1.21E-07 1.21E-07

 RAINOUT RATE, PHIDEP, TLOSS, LOWER B.C. and vdep

 FOLLOWED BY TP, TL, FUP, FLOW, CON


     Z        O        O2       H2O      H        OH       HO2      H2O2     H2       CO       HCO      H2CO     CH4      CH3      C2H6     NO       NO2      HNO      H2S     
           0.00E+00 2.55E+11 0.00E+00 0.00E+00 7.90E+03 1.12E+08 1.78E+10 6.76E+05 1.96E+05 0.00E+00 1.97E+09 5.35E+06 0.00E+00 1.51E-13 1.51E+01 1.68E+02 0.00E+00 7.94E+02
           1.65E+03 0.00E+00 0.00E+00 2.27E-01 1.08E+06 2.73E+08 5.35E+09 3.17E+09 3.29E+08 9.03E-03 1.18E+09 0.00E+00 8.14E-02 0.00E+00 1.57E+04 3.11E+05 4.20E+02 4.52E+06
           1.65E+03 2.55E+11 0.00E+00 2.27E-01 1.09E+06 3.85E+08 2.31E+10 3.17E+09 3.29E+08 9.03E-03 3.14E+09 5.35E+06 8.14E-02 1.51E-13 1.57E+04 3.11E+05 4.20E+02 4.52E+06
              0        1        0        0        0        0        0        1        1        0        0        1        0        0        0        0        0        2
           1.00E+00 0.00E+00 0.00E+00 1.00E+00 1.00E+00 1.00E+00 2.00E-01 2.40E-04 1.20E-04 1.00E+00 2.00E-01 0.00E+00 1.00E+00 0.00E+00 3.00E-04 3.00E-03 1.00E+00 2.00E-02

           2.37E+15 2.44E+15 4.38E+10 2.96E+12 3.61E+12 2.68E+12 8.22E+10 4.98E+10 1.04E+11 5.42E+10 1.06E+11 6.47E+02 1.05E+11 5.67E-02 2.45E+13 2.46E+13 2.49E+05 7.13E+05
           2.37E+15 2.44E+15 3.23E+10 2.96E+12 3.61E+12 2.68E+12 7.68E+10 3.43E+10 2.53E+11 5.42E+10 1.04E+11 1.06E+11 1.05E+11 5.67E-02 2.45E+13 2.46E+13 2.49E+05 2.01E+08
          -3.66E-03-2.24E-03 0.00E+00 1.38E+08-7.72E-06-2.98E-07-4.55E-20 9.55E+07-4.31E-05 3.06E-08 1.55E-08-4.73E-11 1.54E-08 2.24E-19-7.25E-08-8.05E-11-8.35E-15 6.89E-34
          -1.66E+03 5.77E+11 1.02E+13-1.77E-01-1.08E+06-2.73E+08-5.35E+09-1.54E+10 1.48E+11 3.00E-03-1.18E+09 1.06E+11-5.84E-02 2.14E-20-1.57E+04-3.11E+05-4.20E+02 2.00E+08
           1.88E+03 4.67E+03 1.02E+13 8.18E-02 7.48E-01 7.22E-02-1.03E-02-2.29E-02 1.75E-01 4.19E-02-9.85E-03 1.91E-01 2.95E-02 5.83E-16-1.19E+01 1.19E+01-1.21E-07-1.26E-04

     Z        HS       S        SO       SO2      H2SO4    HSO      S2       S4       S8       SO3      OCS      S3       O3       HNO3     N        NO3      N2O      HO2NO2  
           1.75E+02 0.00E+00 5.24E-07 8.12E+08 1.95E+08 2.70E+06 0.00E+00 0.00E+00 0.00E+00 1.93E+01 2.58E-08 0.00E+00 0.00E+00 6.25E+08 0.00E+00 2.11E-02 2.04E+07 4.64E+07
           0.00E+00 0.00E+00 0.00E+00 1.66E+09 9.98E+07 1.43E+07 0.00E+00 0.00E+00 0.00E+00 0.00E+00 0.00E+00 0.00E+00 2.12E+10 1.14E+08 0.00E+00 0.00E+00 0.00E+00 4.44E+05
           1.75E+02 0.00E+00 5.24E-07 2.47E+09 2.95E+08 1.70E+07 0.00E+00 0.00E+00 0.00E+00 1.93E+01 2.58E-08 0.00E+00 2.12E+10 7.39E+08 0.00E+00 2.11E-02 2.04E+07 4.68E+07
              0        0        0        3        0        0        0        0        0        0        0        0        0        0        0        0        1        0
           0.00E+00 0.00E+00 0.00E+00 1.00E+00 1.00E+00 1.00E+00 0.00E+00 0.00E+00 0.00E+00 0.00E+00 0.00E+00 0.00E+00 7.00E-02 2.00E-01 0.00E+00 0.00E+00 0.00E+00 2.00E-01

           1.75E+08 4.13E+02 3.46E+08 6.40E+11 6.71E+09 1.22E+08 5.56E-16 1.34E-38 8.80E-91 6.71E+09 1.58E-05 1.85E-35 2.36E+15 1.41E+10 1.25E+08 3.54E+10 1.06E+06 2.64E+10
           1.75E+08 4.13E+02 3.46E+08 6.47E+11 6.61E+09 1.07E+08 5.56E-16 1.34E-38 8.80E-91 6.71E+09 1.58E-05 1.85E-35 2.36E+15 1.40E+10 2.25E+08 3.54E+10 1.54E+09 2.64E+10
           1.39E-21 8.53E-12 9.04E-12 3.77E-12 2.36E-15 1.09E-17 7.71E-38 3.90E-86-4.52-109 3.93E-17 9.23E-25 2.10E-62-6.52E-05-3.59E-25-1.00E+08-5.39E-17-2.20E-13-1.11E-27
           8.47E-05 9.88E-13 5.56E-05-1.66E+09-9.98E+07-1.43E+07 1.60E-27-7.21E-50 2.85-101 7.57E-05 9.85E-18-1.31E-47-2.12E+10-1.14E+08 8.48-168-1.02E-04 1.54E+09-4.44E+05
           8.47E-05 2.88E-09 2.90E-03-9.00E+09-5.45E-06-1.99E-05-9.68E-28-6.79E-50-1.16-100 7.76E-05-9.00E-14-5.97E-47-1.89E+03-6.08E-02 1.39E-05 1.00E-02-3.46E-03-1.07E-02

     Z        N2O5     CO2      SO4AER   S8AER   
           1.33E-02 0.00E+00 6.34E+09 1.71E-19
           0.00E+00 2.51E+11 6.27E+07 2.61E-21
           1.33E-02 2.51E+11 6.40E+09 1.74E-19
              0        3        0        0
           0.00E+00 5.00E-05 1.25E-02 1.05E-02

           2.77E+08 2.53E+11 6.42E+09 0.00E+00
           2.77E+08 1.79E+09 6.34E+09 1.71E-19
          -9.09E-36 2.67E-06-7.11E-23-8.39E-23
          -2.13E-07-2.51E+11-7.55E+07 2.95E-20
          -5.60E-04-6.87E+08-6.90E-05-1.41E-19

 CONSERVATION OF SULFUR:
     S loss = 9.200E+09  S prod = 9.200000E+09  SO4LOS = 6.698776E+09  8 S8LOSS = 1.388481E-18  sulrain = 7.350E+09   Difference =-3.145E-03

                    OxidOut = -8.3482E-03
                    RedOut  =  1.6442E+08
                       / \
                      /\
  OxidUp = 2.3965E-15 |
  RedUp  = 1.6442E+08 | |
-----------------------|-|----------------
                       | | OxidDown = -8.3482E-03
                         | RedDown  = -4.3115E-05
                         \/
/\
 | OxidDist = 0.0000E+00
 | RedDist  = 0.0000E+00
 |                             /\
 | | OxidRain = 5.3670E+11     | OxidAtm = 1.1560E+12
 | | RedRain  = 3.9625E+09     | RedAtm  = 5.7135E+11
---|--------------------------|-|---------
  \/  OxidOcean = -6.9800E+10| |
      RedOcean  = -1.7765E+10|
                             \/
                              \ /
                         OxidFlow =  1.0862E+12
                         RedFlow  =  5.5358E+11

    global imbalance (ocean)    =  1.6442E+08
    global imbalance (dist-fup) =  1.6442E+08

old redox budget numbers:
     OxidIn = 1.086157E+12  OxidOut =-8.348212E-03  RedIn = 5.535830E+11  RedOut = 1.644219E+08  RedRain = 3.962454E+09  OxidRain = 5.367012E+11   redox =-5.576533E+03

 INTEGRATED REACTION RATES

         1         2         3         4         5         6         7         8         9        10
  1   7.032E+10 1.033E+09 6.851E+07 3.317E+10 8.207E+11 2.129E+12 9.793E+08 2.271E+08 1.022E+10 2.641E+12   10
 11   4.860E+10 4.451E+11 1.942E+12 1.184E+11 8.216E+10 2.580E+10 3.714E+10 2.360E+15 8.087E+11 5.389E+08   20
 21   5.963E+14 7.684E+13 2.953E+11 4.991E+12 4.189E+09 2.000E+08 2.999E+08 6.730E+14 1.661E+15 2.198E+11   30
 31   9.503E+03 1.216E+04 1.228E-06 1.007E+02 1.239E+06 1.239E+06 3.327E+10 8.823E+08 9.086E+08 2.525E+11   40
 41   8.085E+05 4.831E+10 2.912E+10 2.957E+03 1.100E+05 5.876E+05 5.416E+10 2.455E+10 3.858E+05 2.364E+07   50
 51   4.509E+08 2.362E+06 3.813E+09 2.700E+07 2.929E+07 4.980E+06 0.000E+00 5.560E-03 6.736E+09 9.557E+09   60
 61   3.280E+08 2.355E+08 1.250E+08 2.183E+09 2.271E+13 1.039E+11 1.501E+09 1.000E+08 9.820E+00 7.103E+06   70
 71   1.991E+07 3.587E+01 1.505E-08 2.432E+07 1.055E+11 2.648E+07 5.672E-02 7.303E+03 6.473E+02 3.654E-04   80
 81   1.084E-06 7.943E-05 5.917E+04 1.818E+02 1.516E+08 4.984E+04 6.209E+06 6.525E+07 2.415E+13 7.360E+09   90
 91   3.672E+11 6.227E+09 1.817E+12 1.414E+10 9.029E+07 3.274E+09 3.803E+02 1.852E+05 8.024E+00 5.678E+04  100
101   6.783E+03 7.319E+07 6.616E+07 1.199E+03 4.976E+02 5.618E+05 3.884E+02 3.891E-02 1.039E-02 1.867E-03  110
111   1.415E-05 5.630E-03 9.827E-08 1.163E-14 3.293E-19 4.552E-02 4.120E+02 8.938E+00 1.629E+08 6.337E+11  120
121   5.787E+09 3.285E+08 2.619E+04 4.656E+02 1.627E+04 6.708E+09 2.598E+06 6.712E+09 6.708E+09 1.789E-01  130
131   2.116E-07 7.256E-02 1.754E+08 5.792E+00 1.012E+03 3.179E+01 7.851E+07 2.308E+05 6.390E-01 1.632E-05  140
141   1.442E-03 5.556E-16 4.126E+02 7.942E-05 1.245E-12 2.648E-06 2.648E-06 1.747E-25 0.000E+00 2.015E-18  150
151   4.534E+05 5.536E-16 0.000E+00 1.847E-35 1.337E-38 4.535E-59 8.801E-91 1.337E-38 1.847E-35 0.000E+00  160
161   0.000E+00 8.801E-91 9.114E+02 5.759E+10 5.759E+11 1.576E+07 2.312E+08 5.442E+05 1.955E+02 6.330E+10  170
171   8.415E+07 2.496E+01 4.904E+06 1.247E+07 6.131E+05 9.555E+07 6.688E+05 4.066E-02 1.042E-04 1.479E-03  180
181   3.509E-09 2.619E+04 1.333E-06 3.069E-03 5.369E+01 1.896E+05 1.041E+08 1.497E+01 7.485E+00 2.851E+04  190
191   2.154E+05 4.794E-11 0.000E+00 1.185E-11 1.581E-05 9.331E-07 2.837E-12 3.617E-21 1.107E-05 9.962E-12  200
201   7.315E-11 3.787E-06 2.886E+07 0.000E+00 2.527E+07 1.673E-21 2.815E-40 0.000E+00 0.000E+00 1.673E-21  210
211   1.587E+08 9.501E+06 9.341E+09 1.491E+10 1.660E+07 2.971E+09 2.259E+10 1.059E+06 0.000E+00 4.740E+07  220
221   7.417E+07 1.398E+09 8.231E+05 3.511E+04 2.770E+08 1.324E+06 5.742E+04 1.623E+10 3.802E-01 2.636E+10  230
231   8.543E+04 3.746E+09 1.926E+10 2.633E+09 6.719E+08 4.134E+07 2.343E+08 1.805E+06 1.833E+07
         1         2         3         4         5         6         7         8         9        10

 PHOTOCHEMICAL EQUILIBRIUM AND INERT SPECIES

     Z        HNO2     O1D      CH21     CH23     C2H5     SO21     SO23     HSO3     OCS2     N2      
  2.50E+04 8.46E+05 2.44E-03 8.63E-30 2.39E-28 1.04E-20 2.12E-04 1.60E-03 1.88E-03 3.83E-28 2.20E+19
  1.25E+05 8.72E+05 3.06E-03 1.64E-28 4.77E-27 1.02E-20 4.79E-04 3.60E-03 4.02E-03 9.28E-29 2.00E+19
  2.25E+05 9.87E+05 3.90E-03 2.71E-27 8.38E-26 1.01E-20 7.43E-04 5.56E-03 6.12E-03 2.13E-29 1.82E+19
  3.25E+05 1.16E+06 4.98E-03 3.58E-26 1.17E-24 9.66E-21 1.02E-03 7.59E-03 8.24E-03 4.55E-30 1.64E+19
  4.25E+05 1.35E+06 6.29E-03 3.67E-25 1.29E-23 9.00E-21 1.32E-03 9.77E-03 1.04E-02 9.35E-31 1.49E+19
  5.25E+05 1.39E+06 7.76E-03 2.78E-24 1.06E-22 7.77E-21 1.65E-03 1.22E-02 1.22E-02 1.82E-31 1.34E+19
  6.25E+05 1.07E+06 9.34E-03 1.48E-23 6.16E-22 5.85E-21 2.02E-03 1.49E-02 1.26E-02 3.25E-32 1.21E+19
  7.25E+05 7.40E+05 1.10E-02 5.91E-23 2.74E-21 4.07E-21 2.42E-03 1.79E-02 1.21E-02 6.08E-33 1.10E+19
  8.25E+05 7.57E+05 1.28E-02 2.13E-22 1.12E-20 3.09E-21 2.83E-03 2.08E-02 1.27E-02 1.72E-33 9.88E+18
  9.25E+05 1.08E+06 1.47E-02 7.18E-22 4.33E-20 2.62E-21 3.21E-03 2.36E-02 1.49E-02 1.35E-33 8.88E+18
  1.02E+06 1.49E+06 1.70E-02 2.24E-21 1.54E-19 2.31E-21 3.59E-03 2.63E-02 1.74E-02 5.26E-33 7.90E+18
  1.12E+06 1.64E+06 2.13E-02 8.09E-21 5.71E-19 2.32E-21 4.15E-03 3.04E-02 1.84E-02 4.05E-32 6.80E+18
  1.22E+06 1.70E+06 3.24E-02 2.31E-20 1.65E-18 2.39E-21 5.34E-03 3.91E-02 1.88E-02 4.23E-31 5.83E+18
  1.32E+06 1.58E+06 5.39E-02 5.51E-20 3.99E-18 2.62E-21 7.21E-03 5.27E-02 1.82E-02 4.04E-30 4.98E+18
  1.42E+06 1.44E+06 9.87E-02 1.25E-19 9.04E-18 3.41E-21 9.85E-03 7.18E-02 1.76E-02 3.28E-29 4.25E+18
  1.52E+06 1.39E+06 1.67E-01 3.23E-19 2.32E-17 5.16E-21 1.19E-02 8.67E-02 1.76E-02 2.00E-28 3.62E+18
  1.62E+06 1.37E+06 2.67E-01 8.81E-19 6.28E-17 8.38E-21 1.28E-02 9.29E-02 1.69E-02 9.57E-28 3.08E+18
  1.72E+06 1.38E+06 4.06E-01 2.46E-18 1.74E-16 1.39E-20 1.21E-02 8.75E-02 1.51E-02 3.60E-27 2.62E+18
  1.82E+06 1.41E+06 5.88E-01 6.95E-18 4.86E-16 2.32E-20 9.81E-03 7.08E-02 1.19E-02 1.04E-26 2.23E+18
  1.92E+06 1.48E+06 8.28E-01 1.96E-17 1.35E-15 3.93E-20 6.38E-03 4.59E-02 7.79E-03 2.12E-26 1.90E+18
  2.02E+06 1.58E+06 1.14E+00 5.52E-17 3.75E-15 6.70E-20 3.18E-03 2.28E-02 3.97E-03 2.92E-26 1.62E+18
  2.12E+06 1.72E+06 1.53E+00 1.54E-16 1.03E-14 1.16E-19 1.52E-03 1.08E-02 1.97E-03 3.37E-26 1.38E+18
  2.22E+06 1.92E+06 2.04E+00 4.25E-16 2.79E-14 2.04E-19 7.23E-04 5.13E-03 9.82E-04 3.39E-26 1.17E+18
  2.32E+06 2.16E+06 2.70E+00 1.15E-15 7.41E-14 3.66E-19 3.44E-04 2.43E-03 4.94E-04 3.00E-26 1.00E+18
  2.42E+06 2.46E+06 3.54E+00 3.07E-15 1.94E-13 6.68E-19 1.64E-04 1.15E-03 2.48E-04 2.33E-26 8.54E+17
  2.52E+06 2.78E+06 4.62E+00 8.01E-15 4.94E-13 1.24E-18 7.78E-05 5.43E-04 1.24E-04 1.60E-26 7.29E+17
  2.62E+06 3.08E+06 5.99E+00 2.04E-14 1.23E-12 2.34E-18 3.70E-05 2.57E-04 6.07E-05 9.65E-27 6.23E+17
  2.72E+06 3.33E+06 7.72E+00 5.03E-14 2.97E-12 4.47E-18 1.76E-05 1.22E-04 2.92E-05 5.11E-27 5.32E+17
  2.82E+06 3.47E+06 9.88E+00 1.20E-13 6.91E-12 8.58E-18 8.55E-06 5.86E-05 1.39E-05 2.41E-27 4.55E+17
  2.92E+06 3.46E+06 1.25E+01 2.78E-13 1.55E-11 1.65E-17 4.27E-06 2.91E-05 6.53E-06 1.02E-27 3.89E+17
  3.02E+06 3.30E+06 1.57E+01 6.17E-13 3.33E-11 3.22E-17 2.18E-06 1.48E-05 3.04E-06 3.74E-28 3.33E+17
  3.12E+06 3.01E+06 1.95E+01 1.32E-12 6.88E-11 6.23E-17 1.17E-06 7.86E-06 1.44E-06 1.25E-28 2.85E+17
  3.22E+06 2.63E+06 2.40E+01 2.71E-12 1.36E-10 1.21E-16 6.60E-07 4.43E-06 7.02E-07 3.79E-29 2.44E+17
  3.32E+06 2.23E+06 2.92E+01 5.37E-12 2.59E-10 2.35E-16 3.94E-07 2.63E-06 3.55E-07 1.04E-29 2.09E+17
  3.42E+06 1.85E+06 3.52E+01 1.03E-11 4.74E-10 4.59E-16 2.52E-07 1.67E-06 1.91E-07 2.66E-30 1.80E+17
  3.52E+06 1.51E+06 4.22E+01 1.90E-11 8.42E-10 9.00E-16 1.74E-07 1.15E-06 1.11E-07 6.41E-31 1.55E+17
  3.62E+06 1.22E+06 5.05E+01 3.41E-11 1.46E-09 1.77E-15 1.32E-07 8.63E-07 7.15E-08 1.50E-31 1.33E+17
  3.72E+06 9.91E+05 6.02E+01 5.96E-11 2.46E-09 3.45E-15 1.10E-07 7.17E-07 5.15E-08 3.47E-32 1.15E+17
  3.82E+06 8.01E+05 7.17E+01 1.01E-10 4.04E-09 6.71E-15 1.00E-07 6.46E-07 4.07E-08 7.86E-33 9.98E+16
  3.92E+06 6.42E+05 8.52E+01 1.66E-10 6.46E-09 1.28E-14 9.67E-08 6.18E-07 3.44E-08 1.71E-33 8.67E+16
  4.02E+06 5.07E+05 9.99E+01 2.61E-10 9.92E-09 2.37E-14 9.69E-08 6.13E-07 3.01E-08 3.60E-34 7.56E+16
  4.12E+06 3.89E+05 1.15E+02 3.88E-10 1.45E-08 4.21E-14 9.90E-08 6.21E-07 2.68E-08 7.31E-35 6.60E+16
  4.22E+06 2.91E+05 1.28E+02 5.44E-10 2.01E-08 7.13E-14 1.02E-07 6.33E-07 2.38E-08 1.54E-35 5.79E+16
  4.32E+06 2.12E+05 1.38E+02 7.18E-10 2.65E-08 1.16E-13 1.05E-07 6.45E-07 2.10E-08 4.45E-36 5.09E+16
  4.42E+06 1.51E+05 1.45E+02 8.99E-10 3.34E-08 1.81E-13 1.08E-07 6.57E-07 1.85E-08 2.52E-36 4.49E+16
  4.52E+06 1.06E+05 1.48E+02 1.08E-09 4.07E-08 2.78E-13 1.11E-07 6.65E-07 1.62E-08 2.35E-36 3.96E+16
  4.62E+06 7.37E+04 1.48E+02 1.26E-09 4.83E-08 4.22E-13 1.14E-07 6.70E-07 1.41E-08 2.55E-36 3.50E+16
  4.72E+06 5.03E+04 1.45E+02 1.45E-09 5.66E-08 6.31E-13 1.16E-07 6.70E-07 1.21E-08 2.84E-36 3.09E+16
  4.82E+06 3.39E+04 1.39E+02 1.66E-09 6.58E-08 9.29E-13 1.17E-07 6.67E-07 1.03E-08 3.18E-36 2.73E+16
  4.92E+06 2.26E+04 1.32E+02 1.89E-09 7.60E-08 1.34E-12 1.18E-07 6.59E-07 8.66E-09 3.54E-36 2.41E+16
  5.02E+06 1.50E+04 1.24E+02 2.13E-09 8.81E-08 1.89E-12 1.18E-07 6.48E-07 7.26E-09 3.93E-36 2.12E+16
  5.12E+06 9.97E+03 1.15E+02 2.42E-09 1.05E-07 2.61E-12 1.18E-07 6.32E-07 6.07E-09 4.36E-36 1.87E+16
  5.22E+06 6.59E+03 1.06E+02 2.82E-09 1.40E-07 3.53E-12 1.18E-07 6.14E-07 5.06E-09 4.81E-36 1.64E+16
  5.32E+06 4.36E+03 9.75E+01 3.50E-09 2.35E-07 4.70E-12 1.17E-07 5.92E-07 4.22E-09 5.29E-36 1.45E+16
  5.42E+06 2.88E+03 8.89E+01 4.98E-09 5.06E-07 6.15E-12 1.16E-07 5.68E-07 3.51E-09 5.80E-36 1.27E+16
  5.52E+06 1.91E+03 8.07E+01 8.39E-09 1.22E-06 7.93E-12 1.14E-07 5.42E-07 2.93E-09 6.34E-36 1.12E+16
  5.62E+06 1.26E+03 7.28E+01 1.59E-08 2.88E-06 1.01E-11 1.12E-07 5.14E-07 2.45E-09 6.91E-36 9.80E+15
  5.72E+06 8.38E+02 6.53E+01 3.08E-08 6.36E-06 1.27E-11 1.10E-07 4.84E-07 2.04E-09 7.51E-36 8.59E+15
  5.82E+06 5.57E+02 5.83E+01 5.84E-08 1.29E-05 1.59E-11 1.07E-07 4.53E-07 1.71E-09 8.13E-36 7.53E+15
  5.92E+06 3.71E+02 5.18E+01 1.07E-07 2.43E-05 1.97E-11 1.04E-07 4.22E-07 1.43E-09 8.78E-36 6.60E+15
  6.02E+06 2.48E+02 4.59E+01 1.97E-07 4.31E-05 2.42E-11 1.00E-07 3.90E-07 1.20E-09 9.44E-36 5.77E+15
  6.12E+06 1.66E+02 4.05E+01 4.11E-07 7.60E-05 2.96E-11 9.65E-08 3.58E-07 1.01E-09 1.01E-35 5.05E+15
  6.22E+06 1.12E+02 3.56E+01 1.06E-06 1.44E-04 3.60E-11 9.24E-08 3.26E-07 8.53E-10 1.08E-35 4.41E+15
  6.32E+06 7.56E+01 3.11E+01 3.08E-06 3.10E-04 4.36E-11 8.80E-08 2.96E-07 7.21E-10 1.15E-35 3.85E+15
  6.42E+06 5.16E+01 2.71E+01 8.85E-06 7.38E-04 5.29E-11 8.33E-08 2.66E-07 6.12E-10 1.22E-35 3.36E+15
  6.52E+06 3.58E+01 2.32E+01 2.34E-05 1.78E-03 6.46E-11 7.84E-08 2.38E-07 5.26E-10 1.31E-35 2.93E+15
  6.62E+06 2.55E+01 1.95E+01 5.53E-05 4.07E-03 7.99E-11 7.33E-08 2.11E-07 4.62E-10 1.42E-35 2.55E+15
  6.72E+06 1.88E+01 1.60E+01 1.17E-04 8.60E-03 1.01E-10 6.82E-08 1.86E-07 4.18E-10 1.57E-35 2.22E+15
  6.82E+06 1.44E+01 1.29E+01 2.26E-04 1.66E-02 1.31E-10 6.30E-08 1.64E-07 3.89E-10 1.79E-35 1.93E+15
  6.92E+06 1.13E+01 1.02E+01 3.95E-04 2.95E-02 1.74E-10 5.79E-08 1.43E-07 3.70E-10 2.07E-35 1.68E+15
  7.02E+06 8.95E+00 8.18E+00 6.38E-04 4.84E-02 2.33E-10 5.29E-08 1.24E-07 3.53E-10 2.43E-35 1.46E+15
  7.12E+06 7.11E+00 6.69E+00 9.56E-04 7.38E-02 3.11E-10 4.81E-08 1.08E-07 3.34E-10 2.85E-35 1.26E+15
  7.22E+06 5.59E+00 5.65E+00 1.34E-03 1.05E-01 4.06E-10 4.35E-08 9.32E-08 3.11E-10 3.30E-35 1.09E+15
  7.32E+06 4.33E+00 4.95E+00 1.76E-03 1.41E-01 5.13E-10 3.91E-08 8.03E-08 2.82E-10 3.76E-35 9.45E+14
  7.42E+06 3.22E+00 4.47E+00 2.20E-03 1.77E-01 6.31E-10 3.49E-08 6.87E-08 2.41E-10 4.19E-35 8.15E+14
  7.52E+06 2.32E+00 4.14E+00 2.61E-03 2.10E-01 7.42E-10 3.08E-08 5.85E-08 1.96E-10 4.61E-35 7.01E+14
  7.62E+06 1.68E+00 3.88E+00 2.96E-03 2.38E-01 8.37E-10 2.71E-08 4.96E-08 1.59E-10 4.96E-35 6.02E+14
  7.72E+06 1.26E+00 3.68E+00 3.24E-03 2.60E-01 9.27E-10 2.37E-08 4.21E-08 1.32E-10 5.22E-35 5.18E+14
  7.82E+06 8.10E-01 4.04E+00 3.41E-03 2.74E-01 8.58E-10 2.02E-08 3.48E-08 9.03E-11 6.04E-35 4.45E+14
  7.92E+06 3.47E-01 5.78E+00 3.49E-03 2.81E-01 6.08E-10 1.62E-08 2.71E-08 3.84E-11 8.12E-35 3.83E+14
  8.02E+06 1.34E-01 9.19E+00 3.49E-03 2.80E-01 5.56E-10 1.24E-08 2.04E-08 1.40E-11 9.70E-35 3.29E+14
  8.12E+06 5.76E-02 1.41E+01 3.40E-03 2.72E-01 6.13E-10 9.61E-09 1.54E-08 5.54E-12 9.19E-35 2.83E+14
  8.22E+06 2.82E-02 2.02E+01 3.25E-03 2.58E-01 6.01E-10 7.54E-09 1.19E-08 2.44E-12 7.19E-35 2.44E+14
  8.32E+06 1.51E-02 2.72E+01 3.06E-03 2.39E-01 5.12E-10 5.99E-09 9.27E-09 1.14E-12 4.97E-35 2.10E+14
  8.42E+06 8.58E-03 3.47E+01 2.84E-03 2.17E-01 3.99E-10 4.81E-09 7.33E-09 5.46E-13 3.22E-35 1.80E+14
  8.52E+06 5.00E-03 4.24E+01 2.60E-03 1.93E-01 2.95E-10 3.87E-09 5.83E-09 2.61E-13 2.05E-35 1.55E+14
  8.62E+06 2.93E-03 4.97E+01 2.36E-03 1.68E-01 2.10E-10 3.13E-09 4.65E-09 1.24E-13 1.30E-35 1.33E+14
  8.72E+06 1.68E-03 5.62E+01 2.13E-03 1.43E-01 1.46E-10 2.52E-09 3.71E-09 5.75E-14 8.35E-36 1.15E+14
  8.82E+06 9.38E-04 6.16E+01 1.91E-03 1.20E-01 9.98E-11 2.01E-09 2.94E-09 2.64E-14 5.45E-36 9.86E+13
  8.92E+06 5.04E-04 6.61E+01 1.70E-03 9.97E-02 6.70E-11 1.60E-09 2.32E-09 1.20E-14 3.63E-36 8.48E+13
  9.02E+06 2.62E-04 6.99E+01 1.51E-03 8.15E-02 4.45E-11 1.26E-09 1.81E-09 5.36E-15 2.48E-36 7.30E+13
  9.12E+06 1.33E-04 7.40E+01 1.33E-03 6.60E-02 2.93E-11 9.77E-10 1.40E-09 2.37E-15 1.73E-36 6.28E+13
  9.22E+06 6.60E-05 7.99E+01 1.18E-03 5.31E-02 1.93E-11 7.50E-10 1.07E-09 1.04E-15 1.23E-36 5.40E+13
  9.32E+06 3.25E-05 8.99E+01 1.04E-03 4.26E-02 1.27E-11 5.69E-10 8.08E-10 4.54E-16 8.99E-37 4.65E+13
  9.42E+06 1.58E-05 1.08E+02 9.16E-04 3.43E-02 8.36E-12 4.26E-10 6.03E-10 1.96E-16 6.74E-37 4.00E+13
  9.52E+06 7.67E-06 1.39E+02 8.15E-04 2.79E-02 5.59E-12 3.15E-10 4.44E-10 8.41E-17 5.20E-37 3.44E+13
  9.62E+06 3.69E-06 1.93E+02 7.36E-04 2.30E-02 3.82E-12 2.30E-10 3.23E-10 3.58E-17 4.15E-37 2.96E+13
  9.72E+06 1.77E-06 2.90E+02 6.80E-04 1.96E-02 2.70E-12 1.65E-10 2.32E-10 1.52E-17 3.47E-37 2.55E+13
  9.82E+06 8.48E-07 4.80E+02 6.51E-04 1.74E-02 2.02E-12 1.17E-10 1.64E-10 6.43E-18 3.09E-37 2.20E+13
  9.92E+06 4.08E-07 1.04E+03 6.57E-04 1.64E-02 1.68E-12 8.36E-11 1.17E-10 2.78E-18 2.96E-37 1.89E+13

 ATMOSPHERIC PARAMETERS

    Z         T         EDD       DEN        P        H2OSAT     H2O       RELH     CONDEN    H FLUX
  2.500E+04 2.861E+02 1.000E+05 2.491E+19 9.834E-01 1.510E-02 1.128E-02 7.473E-01 0.000E+00 3.392E+11
  1.250E+05 2.808E+02 1.000E+05 2.255E+19 8.738E-01 1.194E-02 7.898E-03 6.617E-01 0.000E+00 2.642E+11
  2.250E+05 2.751E+02 1.000E+05 2.040E+19 7.746E-01 9.071E-03 5.305E-03 5.848E-01 0.000E+00 2.005E+11
  3.250E+05 2.693E+02 1.000E+05 1.843E+19 6.849E-01 6.478E-03 3.293E-03 5.083E-01 0.000E+00 1.484E+11
  4.250E+05 2.631E+02 1.000E+05 1.663E+19 6.038E-01 4.290E-03 1.915E-03 4.464E-01 0.000E+00 1.060E+11
  5.250E+05 2.562E+02 1.000E+05 1.501E+19 5.307E-01 2.592E-03 1.012E-03 3.906E-01 0.000E+00 7.372E+10
  6.250E+05 2.483E+02 1.000E+05 1.356E+19 4.647E-01 1.396E-03 4.745E-04 3.400E-01 0.000E+00 5.243E+10
  7.250E+05 2.398E+02 1.000E+05 1.224E+19 4.050E-01 6.642E-04 1.955E-04 2.943E-01 0.000E+00 4.001E+10
  8.250E+05 2.307E+02 1.000E+05 1.103E+19 3.513E-01 2.794E-04 7.075E-05 2.533E-01 0.000E+00 3.256E+10
  9.250E+05 2.213E+02 1.000E+05 9.919E+18 3.029E-01 1.043E-04 2.258E-05 2.164E-01 0.000E+00 2.772E+10
  1.025E+06 2.131E+02 8.000E+04 8.825E+18 2.595E-01 4.216E-05 7.732E-06 1.834E-01 0.000E+00 2.462E+10
  1.125E+06 2.114E+02 3.000E+04 7.596E+18 2.216E-01 3.929E-05 5.150E-06 1.311E-01 1.953E-11 5.552E+12
  1.225E+06 2.105E+02 1.700E+04 6.511E+18 1.891E-01 4.034E-05 4.137E-06 1.026E-01 1.655E-12 3.288E+08
  1.325E+06 2.100E+02 8.000E+03 5.566E+18 1.613E-01 4.427E-05 4.153E-06 9.381E-02 0.000E+00 3.288E+08
  1.425E+06 2.100E+02 5.800E+03 4.746E+18 1.375E-01 5.185E-05 4.184E-06 8.071E-02 0.000E+00 3.288E+08
  1.525E+06 2.103E+02 4.600E+03 4.042E+18 1.173E-01 6.373E-05 4.231E-06 6.638E-02 0.000E+00 3.288E+08
  1.625E+06 2.108E+02 4.000E+03 3.440E+18 1.001E-01 8.005E-05 4.296E-06 5.366E-02 0.000E+00 3.288E+08
  1.725E+06 2.114E+02 3.900E+03 2.929E+18 8.544E-02 1.014E-04 4.378E-06 4.317E-02 0.000E+00 3.288E+08
  1.825E+06 2.121E+02 3.900E+03 2.494E+18 7.297E-02 1.298E-04 4.474E-06 3.446E-02 0.000E+00 3.288E+08
  1.925E+06 2.128E+02 4.100E+03 2.123E+18 6.236E-02 1.687E-04 4.583E-06 2.717E-02 0.000E+00 3.288E+08
  2.025E+06 2.137E+02 4.600E+03 1.808E+18 5.332E-02 2.228E-04 4.699E-06 2.110E-02 0.000E+00 3.288E+08
  2.125E+06 2.148E+02 5.100E+03 1.540E+18 4.563E-02 2.992E-04 4.819E-06 1.611E-02 0.000E+00 3.288E+08
  2.225E+06 2.159E+02 5.800E+03 1.312E+18 3.908E-02 4.062E-04 4.941E-06 1.216E-02 0.000E+00 3.288E+08
  2.325E+06 2.171E+02 6.600E+03 1.118E+18 3.350E-02 5.555E-04 5.064E-06 9.116E-03 0.000E+00 3.288E+08
  2.425E+06 2.184E+02 7.500E+03 9.537E+17 2.874E-02 7.635E-04 5.187E-06 6.793E-03 0.000E+00 3.288E+08
  2.525E+06 2.197E+02 8.500E+03 8.141E+17 2.469E-02 1.055E-03 5.309E-06 5.031E-03 0.000E+00 3.288E+08
  2.625E+06 2.212E+02 9.500E+03 6.954E+17 2.122E-02 1.470E-03 5.432E-06 3.694E-03 0.000E+00 3.288E+08
  2.725E+06 2.227E+02 1.060E+04 5.942E+17 1.827E-02 2.077E-03 5.555E-06 2.674E-03 0.000E+00 3.288E+08
  2.825E+06 2.245E+02 1.200E+04 5.080E+17 1.574E-02 2.985E-03 5.676E-06 1.901E-03 0.000E+00 3.288E+08
  2.925E+06 2.265E+02 1.300E+04 4.345E+17 1.358E-02 4.399E-03 5.797E-06 1.318E-03 0.000E+00 3.288E+08
  3.025E+06 2.287E+02 1.430E+04 3.716E+17 1.173E-02 6.656E-03 5.919E-06 8.893E-04 0.000E+00 3.288E+08
  3.125E+06 2.313E+02 1.600E+04 3.181E+17 1.015E-02 1.032E-02 6.039E-06 5.852E-04 0.000E+00 3.288E+08
  3.225E+06 2.341E+02 1.740E+04 2.724E+17 8.799E-03 1.633E-02 6.155E-06 3.769E-04 0.000E+00 3.288E+08
  3.325E+06 2.371E+02 1.900E+04 2.336E+17 7.641E-03 2.620E-02 6.270E-06 2.393E-04 0.000E+00 3.288E+08
  3.425E+06 2.402E+02 2.100E+04 2.006E+17 6.647E-03 4.201E-02 6.382E-06 1.519E-04 0.000E+00 3.288E+08
  3.525E+06 2.433E+02 2.300E+04 1.726E+17 5.793E-03 6.675E-02 6.488E-06 9.719E-05 0.000E+00 3.288E+08
  3.625E+06 2.463E+02 2.600E+04 1.488E+17 5.058E-03 1.043E-01 6.587E-06 6.316E-05 0.000E+00 3.288E+08
  3.725E+06 2.492E+02 2.900E+04 1.286E+17 4.424E-03 1.592E-01 6.677E-06 4.194E-05 0.000E+00 3.288E+08
  3.825E+06 2.519E+02 3.200E+04 1.115E+17 3.875E-03 2.361E-01 6.759E-06 2.863E-05 0.000E+00 3.288E+08
  3.925E+06 2.542E+02 3.600E+04 9.687E+16 3.399E-03 3.379E-01 6.831E-06 2.021E-05 0.000E+00 3.288E+08
  4.025E+06 2.562E+02 4.000E+04 8.441E+16 2.984E-03 4.633E-01 6.892E-06 1.488E-05 0.000E+00 3.288E+08
  4.125E+06 2.577E+02 4.400E+04 7.377E+16 2.623E-03 6.034E-01 6.943E-06 1.151E-05 0.000E+00 3.288E+08
  4.225E+06 2.585E+02 4.900E+04 6.466E+16 2.307E-03 7.410E-01 6.982E-06 9.423E-06 0.000E+00 3.288E+08
  4.325E+06 2.586E+02 5.500E+04 5.685E+16 2.029E-03 8.538E-01 7.011E-06 8.211E-06 0.000E+00 3.288E+08
  4.425E+06 2.581E+02 6.200E+04 5.012E+16 1.785E-03 9.233E-01 7.028E-06 7.612E-06 0.000E+00 3.288E+08
  4.525E+06 2.570E+02 6.700E+04 4.426E+16 1.570E-03 9.464E-01 7.037E-06 7.435E-06 0.000E+00 3.288E+08
  4.625E+06 2.556E+02 7.600E+04 3.911E+16 1.379E-03 9.431E-01 7.037E-06 7.462E-06 0.000E+00 3.288E+08
  4.725E+06 2.541E+02 8.400E+04 3.454E+16 1.211E-03 9.385E-01 7.031E-06 7.492E-06 0.000E+00 3.288E+08
  4.825E+06 2.527E+02 9.200E+04 3.048E+16 1.063E-03 9.358E-01 7.018E-06 7.500E-06 0.000E+00 3.288E+08
  4.925E+06 2.513E+02 1.020E+05 2.688E+16 9.323E-04 9.324E-01 7.000E-06 7.508E-06 0.000E+00 3.288E+08
  5.025E+06 2.499E+02 1.120E+05 2.369E+16 8.170E-04 9.281E-01 6.978E-06 7.518E-06 0.000E+00 3.288E+08
  5.125E+06 2.485E+02 1.220E+05 2.086E+16 7.155E-04 9.230E-01 6.951E-06 7.530E-06 0.000E+00 3.288E+08
  5.225E+06 2.471E+02 1.320E+05 1.836E+16 6.262E-04 9.170E-01 6.920E-06 7.545E-06 0.000E+00 3.288E+08
  5.325E+06 2.457E+02 1.420E+05 1.615E+16 5.476E-04 9.101E-01 6.884E-06 7.564E-06 0.000E+00 3.288E+08
  5.425E+06 2.443E+02 1.520E+05 1.419E+16 4.786E-04 9.021E-01 6.844E-06 7.587E-06 0.000E+00 3.288E+08
  5.525E+06 2.429E+02 1.620E+05 1.247E+16 4.179E-04 8.930E-01 6.800E-06 7.614E-06 0.000E+00 3.288E+08
  5.625E+06 2.415E+02 1.720E+05 1.094E+16 3.646E-04 8.828E-01 6.751E-06 7.647E-06 0.000E+00 3.288E+08
  5.725E+06 2.401E+02 1.820E+05 9.597E+15 3.179E-04 8.714E-01 6.697E-06 7.686E-06 0.000E+00 3.288E+08
  5.825E+06 2.387E+02 1.920E+05 8.411E+15 2.770E-04 8.585E-01 6.637E-06 7.731E-06 0.000E+00 3.288E+08
  5.925E+06 2.372E+02 2.020E+05 7.367E+15 2.412E-04 8.443E-01 6.572E-06 7.784E-06 0.000E+00 3.288E+08
  6.025E+06 2.358E+02 2.120E+05 6.447E+15 2.098E-04 8.288E-01 6.500E-06 7.843E-06 0.000E+00 3.288E+08
  6.125E+06 2.343E+02 2.220E+05 5.638E+15 1.823E-04 8.119E-01 6.420E-06 7.908E-06 0.000E+00 3.288E+08
  6.225E+06 2.329E+02 2.320E+05 4.927E+15 1.583E-04 7.939E-01 6.333E-06 7.977E-06 0.000E+00 3.288E+08
  6.325E+06 2.314E+02 2.420E+05 4.302E+15 1.374E-04 7.749E-01 6.237E-06 8.049E-06 0.000E+00 3.288E+08
  6.425E+06 2.300E+02 2.520E+05 3.754E+15 1.191E-04 7.553E-01 6.131E-06 8.118E-06 0.000E+00 3.288E+08
  6.525E+06 2.285E+02 2.620E+05 3.272E+15 1.032E-04 7.353E-01 6.014E-06 8.179E-06 0.000E+00 3.288E+08
  6.625E+06 2.270E+02 2.720E+05 2.850E+15 8.930E-05 7.155E-01 5.885E-06 8.224E-06 0.000E+00 3.288E+08
  6.725E+06 2.256E+02 2.820E+05 2.480E+15 7.722E-05 6.964E-01 5.742E-06 8.245E-06 0.000E+00 3.288E+08
  6.825E+06 2.242E+02 2.920E+05 2.157E+15 6.672E-05 6.784E-01 5.584E-06 8.231E-06 0.000E+00 3.288E+08
  6.925E+06 2.228E+02 3.020E+05 1.873E+15 5.759E-05 6.622E-01 5.409E-06 8.168E-06 0.000E+00 3.288E+08
  7.025E+06 2.214E+02 3.120E+05 1.625E+15 4.967E-05 6.486E-01 5.216E-06 8.042E-06 0.000E+00 3.288E+08
  7.125E+06 2.201E+02 3.220E+05 1.409E+15 4.280E-05 6.381E-01 5.004E-06 7.842E-06 0.000E+00 3.288E+08
  7.225E+06 2.189E+02 3.320E+05 1.220E+15 3.685E-05 6.310E-01 4.771E-06 7.561E-06 0.000E+00 3.288E+08
  7.325E+06 2.176E+02 3.420E+05 1.056E+15 3.170E-05 6.271E-01 4.519E-06 7.206E-06 0.000E+00 3.288E+08
  7.425E+06 2.171E+02 3.520E+05 9.097E+14 2.726E-05 6.818E-01 4.247E-06 6.229E-06 0.000E+00 3.288E+08
  7.525E+06 2.171E+02 3.620E+05 7.821E+14 2.343E-05 7.931E-01 3.957E-06 4.990E-06 0.000E+00 3.288E+08
  7.625E+06 2.171E+02 3.720E+05 6.724E+14 2.015E-05 9.224E-01 3.653E-06 3.961E-06 0.000E+00 3.288E+08
  7.725E+06 2.171E+02 3.820E+05 5.782E+14 1.732E-05 1.073E+00 3.338E-06 3.111E-06 0.000E+00 3.288E+08
  7.825E+06 2.171E+02 3.920E+05 4.971E+14 1.490E-05 1.248E+00 3.008E-06 2.411E-06 0.000E+00 3.288E+08
  7.925E+06 2.171E+02 4.020E+05 4.275E+14 1.281E-05 1.451E+00 2.671E-06 1.841E-06 0.000E+00 3.288E+08
  8.025E+06 2.171E+02 4.070E+05 3.676E+14 1.101E-05 1.687E+00 2.343E-06 1.389E-06 0.000E+00 3.288E+08
  8.125E+06 2.171E+02 4.070E+05 3.161E+14 9.472E-06 1.962E+00 2.034E-06 1.037E-06 0.000E+00 3.288E+08
  8.225E+06 2.171E+02 4.070E+05 2.719E+14 8.146E-06 2.281E+00 1.750E-06 7.670E-07 0.000E+00 3.288E+08
  8.325E+06 2.171E+02 4.070E+05 2.338E+14 7.006E-06 2.652E+00 1.493E-06 5.629E-07 0.000E+00 3.288E+08
  8.425E+06 2.171E+02 4.070E+05 2.011E+14 6.027E-06 3.084E+00 1.265E-06 4.101E-07 0.000E+00 3.288E+08
  8.525E+06 2.171E+02 4.070E+05 1.730E+14 5.184E-06 3.585E+00 1.064E-06 2.969E-07 0.000E+00 3.288E+08
  8.625E+06 2.171E+02 4.070E+05 1.488E+14 4.460E-06 4.167E+00 8.898E-07 2.135E-07 0.000E+00 3.288E+08
  8.725E+06 2.171E+02 4.070E+05 1.281E+14 3.837E-06 4.843E+00 7.397E-07 1.527E-07 0.000E+00 3.288E+08
  8.825E+06 2.171E+02 4.070E+05 1.102E+14 3.302E-06 5.629E+00 6.116E-07 1.087E-07 0.000E+00 3.288E+08
  8.925E+06 2.171E+02 4.070E+05 9.484E+13 2.842E-06 6.540E+00 5.031E-07 7.693E-08 0.000E+00 3.288E+08
  9.025E+06 2.171E+02 4.070E+05 8.163E+13 2.446E-06 7.598E+00 4.121E-07 5.424E-08 0.000E+00 3.288E+08
  9.125E+06 2.171E+02 4.070E+05 7.028E+13 2.106E-06 8.826E+00 3.364E-07 3.811E-08 0.000E+00 3.288E+08
  9.225E+06 2.171E+02 4.070E+05 6.052E+13 1.813E-06 1.025E+01 2.738E-07 2.672E-08 0.000E+00 3.288E+08
  9.325E+06 2.171E+02 4.070E+05 5.212E+13 1.562E-06 1.190E+01 2.227E-07 1.871E-08 0.000E+00 3.288E+08
  9.425E+06 2.171E+02 4.070E+05 4.490E+13 1.345E-06 1.381E+01 1.813E-07 1.313E-08 0.000E+00 3.288E+08
  9.525E+06 2.171E+02 4.070E+05 3.869E+13 1.159E-06 1.603E+01 1.484E-07 9.256E-09 0.000E+00 3.288E+08
  9.625E+06 2.171E+02 4.070E+05 3.335E+13 9.991E-07 1.860E+01 1.228E-07 6.603E-09 0.000E+00 3.288E+08
  9.725E+06 2.171E+02 4.070E+05 2.875E+13 8.614E-07 2.158E+01 1.038E-07 4.813E-09 0.000E+00 3.288E+08
  9.825E+06 2.171E+02 4.070E+05 2.479E+13 7.428E-07 2.502E+01 9.101E-08 3.637E-09 0.000E+00 3.288E+08
  9.925E+06 2.171E+02 4.070E+05 2.138E+13 6.407E-07 2.901E+01 8.433E-08 2.907E-09 0.000E+00 3.288E+08

 SULFATE AEROSOL PARAMETERS

    Z        AERSOL     RPAR      WFALL     FSULF    TAUSED    TAUEDD    TAUC      H2SO4S    H2SO4     CONSO4    CONVER
  2.500E+04 8.845E+00 3.743E-05 2.485E-03 2.355E-01 3.440E+08 7.309E+06 3.218E+08 4.767E-19 4.007E-12 6.411E-17 5.681E+08
  1.250E+05 7.550E+00 3.743E-05 2.667E-03 2.933E-01 3.144E+08 7.030E+06 3.718E+08 8.935E-19 8.225E-12 1.316E-16 7.076E+08
  2.250E+05 7.857E+00 3.743E-05 2.854E-03 3.435E-01 2.877E+08 6.741E+06 3.518E+08 1.300E-18 1.272E-11 2.036E-16 8.287E+08
  3.250E+05 8.019E+00 3.743E-05 3.099E-03 4.140E-01 2.593E+08 6.456E+06 3.386E+08 3.446E-18 1.713E-11 2.740E-16 9.990E+08
  4.250E+05 8.867E+00 3.743E-05 3.295E-03 4.443E-01 2.382E+08 6.159E+06 3.002E+08 2.955E-18 2.102E-11 3.363E-16 1.072E+09
  5.250E+05 9.488E+00 3.743E-05 3.520E-03 4.740E-01 2.171E+08 5.837E+06 2.746E+08 2.081E-18 2.365E-11 3.784E-16 1.144E+09
  6.250E+05 9.875E+00 3.743E-05 3.783E-03 5.033E-01 1.959E+08 5.489E+06 2.577E+08 1.156E-18 2.425E-11 3.880E-16 1.214E+09
  7.250E+05 1.022E+01 3.743E-05 4.073E-03 5.241E-01 1.757E+08 5.120E+06 2.425E+08 3.783E-19 2.367E-11 3.787E-16 1.264E+09
  8.250E+05 1.044E+01 3.743E-05 4.412E-03 5.423E-01 1.560E+08 4.741E+06 2.304E+08 8.834E-20 2.389E-11 3.823E-16 1.308E+09
  9.250E+05 1.051E+01 3.743E-05 4.815E-03 5.592E-01 1.372E+08 4.364E+06 2.211E+08 1.546E-20 2.548E-11 4.077E-16 1.349E+09
  1.025E+06 1.047E+01 3.743E-05 5.277E-03 5.752E-01 1.206E+08 5.063E+06 2.125E+08 3.221E-21 2.748E-11 4.396E-16 1.388E+09
  1.125E+06 1.063E+01 3.743E-05 5.759E-03 6.002E-01 1.097E+08 1.330E+07 1.962E+08 7.405E-21 2.915E-11 4.665E-16 1.448E+09
  1.225E+06 1.272E+01 3.743E-05 6.300E-03 6.183E-01 9.984E+07 2.327E+07 1.525E+08 1.538E-20 2.997E-11 4.796E-16 1.492E+09
  1.325E+06 1.564E+01 3.743E-05 6.896E-03 6.249E-01 9.103E+07 4.926E+07 1.143E+08 2.137E-20 2.912E-11 4.659E-16 1.508E+09
  1.425E+06 1.896E+01 3.743E-05 7.614E-03 6.344E-01 8.247E+07 6.798E+07 8.615E+07 3.979E-20 2.812E-11 4.499E-16 1.531E+09
  1.525E+06 1.995E+01 3.743E-05 8.476E-03 6.460E-01 7.422E+07 8.604E+07 7.422E+07 9.159E-20 2.812E-11 4.498E-16 1.559E+09
  1.625E+06 1.951E+01 3.686E-05 9.321E-03 6.587E-01 6.768E+07 9.948E+07 6.768E+07 2.331E-19 2.715E-11 4.343E-16 1.518E+09
  1.725E+06 1.829E+01 3.550E-05 1.005E-02 6.713E-01 6.298E+07 1.026E+08 6.298E+07 6.025E-19 2.433E-11 3.892E-16 1.382E+09
  1.825E+06 1.658E+01 3.357E-05 1.068E-02 6.832E-01 5.945E+07 1.033E+08 5.945E+07 1.549E-18 1.943E-11 3.109E-16 1.189E+09
  1.925E+06 1.465E+01 3.126E-05 1.125E-02 6.958E-01 5.665E+07 9.908E+07 5.665E+07 4.269E-18 1.280E-11 2.048E-16 9.774E+08
  2.025E+06 1.278E+01 2.884E-05 1.182E-02 7.076E-01 5.416E+07 8.912E+07 5.416E+07 1.189E-17 6.660E-12 1.066E-16 7.811E+08
  2.125E+06 1.114E+01 2.651E-05 1.244E-02 7.191E-01 5.172E+07 8.122E+07 5.172E+07 3.392E-17 3.337E-12 5.338E-17 6.162E+08
  2.225E+06 9.760E+00 2.431E-05 1.314E-02 7.307E-01 4.927E+07 7.222E+07 4.927E+07 9.940E-17 1.682E-12 2.692E-17 4.831E+08
  2.325E+06 8.646E+00 2.229E-05 1.391E-02 7.419E-01 4.681E+07 6.422E+07 4.681E+07 2.895E-16 8.558E-13 1.369E-17 3.777E+08
  2.425E+06 7.762E+00 2.041E-05 1.475E-02 7.529E-01 4.442E+07 5.722E+07 4.442E+07 8.432E-16 4.358E-13 6.959E-18 2.945E+08
  2.525E+06 7.080E+00 1.867E-05 1.564E-02 7.632E-01 4.215E+07 5.114E+07 4.215E+07 2.371E-15 2.222E-13 3.517E-18 2.285E+08
  2.625E+06 6.574E+00 1.704E-05 1.657E-02 7.736E-01 4.006E+07 4.638E+07 4.006E+07 6.864E-15 1.169E-13 1.760E-18 1.760E+08
  2.725E+06 6.227E+00 1.549E-05 1.750E-02 7.842E-01 3.822E+07 4.219E+07 3.822E+07 2.067E-14 7.599E-14 8.852E-19 1.341E+08
  2.825E+06 6.033E+00 1.403E-05 1.841E-02 7.942E-01 3.663E+07 3.788E+07 3.663E+07 6.292E-14 9.499E-14 5.132E-19 1.009E+08
  2.925E+06 5.982E+00 1.265E-05 1.927E-02 8.038E-01 3.532E+07 3.561E+07 3.532E+07 1.995E-13 2.091E-13 1.533E-19 7.485E+07
  3.025E+06 6.305E+00 1.120E-05 1.979E-02 8.133E-01 3.473E+07 3.304E+07 3.304E+07 6.558E-13 3.188E-13-5.391E-18 5.261E+07
  3.125E+06 6.560E+00 1.000E-05 2.049E-02 8.236E-01 3.393E+07 3.021E+07 3.200E+07 2.335E-12 3.673E-13-3.149E-17 3.789E+07
  3.225E+06 4.856E+00 1.000E-05 2.376E-02 8.350E-01 2.962E+07 2.847E+07 4.230E+07 8.937E-12 3.894E-13-1.368E-16 3.841E+07
  3.325E+06 3.568E+00 1.000E-05 2.752E-02 8.464E-01 2.591E+07 2.676E+07 5.646E+07 3.318E-11 3.999E-13-5.244E-16 3.893E+07
  3.425E+06 2.607E+00 1.000E-05 3.181E-02 8.577E-01 2.271E+07 2.486E+07 7.598E+07 1.161E-10 4.051E-13-1.851E-15 3.945E+07
  3.525E+06 1.893E+00 1.000E-05 3.674E-02 8.698E-01 1.993E+07 2.331E+07 1.030E+08 3.640E-10 4.076E-13-5.817E-15 4.001E+07
  3.625E+06 1.369E+00 1.000E-05 4.236E-02 8.821E-01 1.751E+07 2.115E+07 1.405E+08 1.059E-09 4.088E-13-1.693E-14 4.058E+07
  3.725E+06 9.898E-01 1.000E-05 4.875E-02 8.942E-01 1.539E+07 1.942E+07 1.921E+08 2.882E-09 4.094E-13-4.611E-14 4.113E+07
  3.825E+06 7.133E-01 1.000E-05 5.601E-02 9.057E-01 1.355E+07 1.799E+07 2.637E+08 6.770E-09 4.096E-13-1.083E-13 4.166E+07
  3.925E+06 5.131E-01 1.000E-05 6.423E-02 9.165E-01 1.193E+07 1.631E+07 3.632E+08 1.367E-08 4.096E-13-2.188E-13 4.216E+07
  4.025E+06 3.693E-01 1.000E-05 7.351E-02 9.258E-01 1.051E+07 1.491E+07 5.008E+08 2.494E-08 4.096E-13-3.990E-13 4.259E+07
  4.125E+06 2.654E-01 1.000E-05 8.397E-02 9.336E-01 9.252E+06 1.372E+07 6.930E+08 4.075E-08 4.094E-13-6.520E-13 4.295E+07
  4.225E+06 1.906E-01 1.000E-05 9.574E-02 9.393E-01 8.144E+06 1.241E+07 9.613E+08 5.820E-08 4.093E-13-9.312E-13 4.321E+07
  4.325E+06 1.373E-01 1.000E-05 1.089E-01 9.414E-01 7.167E+06 1.107E+07 1.332E+09 7.027E-08 4.091E-13-1.124E-12 4.330E+07
  4.425E+06 9.918E-02 1.000E-05 1.237E-01 9.414E-01 6.298E+06 9.788E+06 1.845E+09 7.383E-08 4.089E-13-1.181E-12 4.330E+07
  4.525E+06 7.141E-02 1.000E-05 1.405E-01 9.414E-01 5.522E+06 8.985E+06 2.567E+09 7.099E-08 4.087E-13-1.136E-12 4.330E+07
  4.625E+06 5.112E-02 1.000E-05 1.597E-01 9.414E-01 4.834E+06 7.838E+06 3.595E+09 6.529E-08 4.085E-13-1.045E-12 4.330E+07
  4.725E+06 3.654E-02 1.000E-05 1.815E-01 9.400E-01 4.231E+06 7.017E+06 5.044E+09 5.855E-08 4.082E-13-9.368E-13 4.324E+07
  4.825E+06 2.591E-02 1.000E-05 2.064E-01 9.385E-01 3.701E+06 6.341E+06 7.133E+09 5.217E-08 4.080E-13-8.347E-13 4.317E+07
  4.925E+06 1.823E-02 1.000E-05 2.348E-01 9.368E-01 3.235E+06 5.659E+06 1.017E+10 4.650E-08 4.078E-13-7.439E-13 4.309E+07
  5.025E+06 1.273E-02 1.000E-05 2.675E-01 9.353E-01 2.826E+06 5.100E+06 1.461E+10 4.147E-08 4.075E-13-6.635E-13 4.302E+07
  5.125E+06 8.795E-03 1.000E-05 3.048E-01 9.336E-01 2.467E+06 4.633E+06 2.121E+10 3.665E-08 4.073E-13-5.864E-13 4.295E+07
  5.225E+06 5.998E-03 1.000E-05 3.476E-01 9.320E-01 2.151E+06 4.236E+06 3.119E+10 3.242E-08 4.070E-13-5.188E-13 4.287E+07
  5.325E+06 4.028E-03 1.000E-05 3.967E-01 9.304E-01 1.875E+06 3.896E+06 4.660E+10 2.865E-08 4.067E-13-4.583E-13 4.280E+07
  5.425E+06 2.657E-03 1.000E-05 4.531E-01 9.286E-01 1.632E+06 3.600E+06 7.089E+10 2.510E-08 4.064E-13-4.016E-13 4.272E+07
  5.525E+06 1.716E-03 1.000E-05 5.179E-01 9.269E-01 1.420E+06 3.341E+06 1.101E+11 2.200E-08 4.061E-13-3.521E-13 4.264E+07
  5.625E+06 1.082E-03 1.000E-05 5.925E-01 9.251E-01 1.235E+06 3.112E+06 1.752E+11 1.922E-08 4.057E-13-3.075E-13 4.255E+07
  5.725E+06 6.639E-04 1.000E-05 6.782E-01 9.233E-01 1.073E+06 2.909E+06 2.865E+11 1.666E-08 4.054E-13-2.666E-13 4.247E+07
  5.825E+06 3.949E-04 1.000E-05 7.770E-01 9.215E-01 9.311E+05 2.726E+06 4.832E+11 1.444E-08 4.050E-13-2.310E-13 4.239E+07
  5.925E+06 2.268E-04 1.000E-05 8.909E-01 9.196E-01 8.075E+05 2.562E+06 8.442E+11 1.243E-08 4.045E-13-1.988E-13 4.230E+07
  6.025E+06 1.252E-04 1.000E-05 1.022E+00 9.176E-01 6.996E+05 2.413E+06 1.535E+12 1.063E-08 4.040E-13-1.701E-13 4.221E+07
  6.125E+06 6.604E-05 1.000E-05 1.174E+00 9.157E-01 6.057E+05 2.277E+06 2.920E+12 9.093E-09 4.035E-13-1.455E-13 4.212E+07
  6.225E+06 3.310E-05 1.000E-05 1.349E+00 9.136E-01 5.239E+05 2.154E+06 5.847E+12 7.700E-09 4.029E-13-1.232E-13 4.203E+07
  6.325E+06 1.565E-05 1.000E-05 1.552E+00 9.116E-01 4.527E+05 2.040E+06 1.241E+13 6.505E-09 4.023E-13-1.041E-13 4.193E+07
  6.425E+06 6.927E-06 1.000E-05 1.787E+00 9.096E-01 3.908E+05 1.936E+06 2.814E+13 5.501E-09 4.016E-13-8.801E-14 4.184E+07
  6.525E+06 2.843E-06 1.000E-05 2.059E+00 9.075E-01 3.371E+05 1.839E+06 6.881E+13 4.601E-09 4.009E-13-7.361E-14 4.175E+07
  6.625E+06 1.071E-06 1.000E-05 2.375E+00 9.055E-01 2.905E+05 1.750E+06 1.834E+14 3.864E-09 4.000E-13-6.182E-14 4.165E+07
  6.725E+06 3.653E-07 1.000E-05 2.743E+00 9.036E-01 2.501E+05 1.668E+06 5.394E+14 3.251E-09 3.991E-13-5.202E-14 4.156E+07
  6.825E+06 1.113E-07 1.000E-05 3.169E+00 9.017E-01 2.151E+05 1.592E+06 1.777E+15 2.724E-09 3.981E-13-4.358E-14 4.148E+07
  6.925E+06 2.972E-08 1.000E-05 3.667E+00 9.001E-01 1.848E+05 1.521E+06 6.678E+15 2.289E-09 3.969E-13-3.661E-14 4.141E+07
  7.025E+06 6.814E-09 1.000E-05 4.246E+00 8.987E-01 1.587E+05 1.455E+06 2.923E+16 1.940E-09 3.956E-13-3.103E-14 4.134E+07
  7.125E+06 1.306E-09 1.000E-05 4.922E+00 8.976E-01 1.361E+05 1.394E+06 1.529E+17 1.643E-09 3.942E-13-2.628E-14 4.129E+07
  7.225E+06 2.027E-10 1.000E-05 5.711E+00 8.969E-01 1.167E+05 1.337E+06 9.887E+17 1.424E-09 3.926E-13-2.278E-14 4.126E+07
  7.325E+06 2.441E-11 1.000E-05 6.633E+00 8.964E-01 9.993E+04 1.285E+06 8.233E+18 1.256E-09 3.909E-13-2.010E-14 4.123E+07
  7.425E+06 2.144E-12 1.000E-05 7.719E+00 8.984E-01 8.570E+04 1.243E+06 9.382E+19 1.419E-09 3.889E-13-2.270E-14 4.133E+07
  7.525E+06 1.265E-13 1.000E-05 8.995E+00 9.030E-01 7.356E+04 1.210E+06 1.588E+21 1.869E-09 3.866E-13-2.990E-14 4.154E+07
  7.625E+06 4.469E-15 1.000E-05 1.048E+01 9.082E-01 6.314E+04 1.178E+06 4.491E+22 2.412E-09 3.841E-13-3.858E-14 4.178E+07
  7.725E+06 7.680E-17 1.000E-05 1.222E+01 9.135E-01 5.419E+04 1.148E+06 2.610E+24 3.126E-09 3.813E-13-5.002E-14 4.202E+07
  7.825E+06 4.034E-19 1.000E-05 1.424E+01 9.191E-01 4.650E+04 1.119E+06 4.962E+26 4.077E-09 3.782E-13-6.523E-14 4.228E+07
  7.925E+06 3.295E-24 1.000E-05 1.660E+01 9.250E-01 3.990E+04 1.092E+06 6.068E+31 5.353E-09 3.747E-13-8.565E-14 4.255E+07
  8.025E+06 2.884E-26 1.000E-05 1.936E+01 9.313E-01 3.424E+04 1.079E+06 6.922E+33 7.065E-09 3.707E-13-1.130E-13 4.284E+07
  8.125E+06 1.181E-28 1.000E-05 2.257E+01 9.377E-01 2.938E+04 1.080E+06 1.688E+36 9.368E-09 3.662E-13-1.499E-13 4.313E+07
  8.225E+06 2.007E-31 1.000E-05 2.628E+01 9.414E-01 2.524E+04 1.081E+06 9.922E+38 1.174E-08 3.611E-13-1.879E-13 4.330E+07
  8.325E+06 5.400E-32 1.000E-05 3.054E+01 9.414E-01 2.172E+04 1.082E+06 3.688E+39 1.365E-08 3.552E-13-2.184E-13 4.330E+07
  8.425E+06 4.645E-32 1.000E-05 3.550E+01 9.414E-01 1.870E+04 1.083E+06 4.288E+39 1.587E-08 3.486E-13-2.540E-13 4.330E+07
  8.525E+06 3.996E-32 1.000E-05 4.126E+01 9.414E-01 1.610E+04 1.084E+06 4.984E+39 1.845E-08 3.411E-13-2.952E-13 4.330E+07
  8.625E+06 3.437E-32 1.000E-05 4.794E+01 9.414E-01 1.386E+04 1.085E+06 5.794E+39 2.145E-08 3.327E-13-3.432E-13 4.330E+07
  8.725E+06 2.957E-32 1.000E-05 5.570E+01 9.414E-01 1.194E+04 1.087E+06 6.734E+39 2.493E-08 3.232E-13-3.989E-13 4.330E+07
  8.825E+06 2.545E-32 1.000E-05 6.471E+01 9.414E-01 1.029E+04 1.089E+06 7.826E+39 2.897E-08 3.127E-13-4.635E-13 4.330E+07
  8.925E+06 2.190E-32 1.000E-05 7.517E+01 9.414E-01 8.864E+03 1.091E+06 9.093E+39 3.366E-08 3.011E-13-5.386E-13 4.330E+07
  9.025E+06 1.885E-32 1.000E-05 8.731E+01 9.414E-01 7.641E+03 1.093E+06 1.056E+40 3.911E-08 2.884E-13-6.258E-13 4.330E+07
  9.125E+06 1.623E-32 1.000E-05 1.014E+02 9.414E-01 6.588E+03 1.096E+06 1.227E+40 4.543E-08 2.745E-13-7.269E-13 4.330E+07
  9.225E+06 1.397E-32 1.000E-05 1.177E+02 9.414E-01 5.682E+03 1.099E+06 1.425E+40 5.276E-08 2.596E-13-8.441E-13 4.330E+07
  9.325E+06 1.204E-32 1.000E-05 1.366E+02 9.414E-01 4.903E+03 1.102E+06 1.655E+40 6.126E-08 2.436E-13-9.801E-13 4.330E+07
  9.425E+06 1.037E-32 1.000E-05 1.585E+02 9.414E-01 4.232E+03 1.106E+06 1.921E+40 7.111E-08 2.267E-13-1.138E-12 4.330E+07
  9.525E+06 8.934E-33 1.000E-05 1.839E+02 9.414E-01 3.653E+03 1.110E+06 2.229E+40 8.252E-08 2.091E-13-1.320E-12 4.330E+07
  9.625E+06 7.700E-33 1.000E-05 2.133E+02 9.414E-01 3.155E+03 1.113E+06 2.586E+40 9.575E-08 1.910E-13-1.532E-12 4.330E+07
  9.725E+06 6.639E-33 1.000E-05 2.474E+02 9.414E-01 2.726E+03 1.117E+06 3.000E+40 1.111E-07 1.726E-13-1.777E-12 4.330E+07
  9.825E+06 5.725E-33 1.000E-05 2.868E+02 9.414E-01 2.356E+03 1.121E+06 3.479E+40 1.288E-07 1.542E-13-2.061E-12 4.330E+07
  9.925E+06 4.938E-33 1.000E-05 3.324E+02 9.414E-01 2.036E+03 1.125E+06 4.033E+40 1.493E-07 1.361E-13-2.389E-12 4.330E+07

 S8 AEROSOL PARAMETERS

    Z        AERSOL     RPAR      WFALL     TAUSED    TAUEDD    TAUC      CONVER
  2.500E+04 1.227E-26 1.000E-05 4.739E-04 1.804E+09 7.309E+06 1.562E+35 2.030E+07
  1.250E+05 1.111E-26 1.000E-05 5.061E-04 1.657E+09 7.030E+06 1.650E+35 2.030E+07
  2.250E+05 1.005E-26 1.000E-05 5.434E-04 1.511E+09 6.741E+06 1.740E+35 2.030E+07
  3.250E+05 9.077E-27 1.000E-05 5.865E-04 1.370E+09 6.456E+06 1.831E+35 2.030E+07
  4.250E+05 8.192E-27 1.000E-05 6.367E-04 1.232E+09 6.159E+06 1.921E+35 2.030E+07
  5.250E+05 7.396E-27 1.000E-05 6.956E-04 1.098E+09 5.837E+06 2.012E+35 2.030E+07
  6.250E+05 6.679E-27 1.000E-05 7.651E-04 9.683E+08 5.489E+06 2.102E+35 2.030E+07
  7.250E+05 6.029E-27 1.000E-05 8.479E-04 8.438E+08 5.120E+06 2.192E+35 2.030E+07
  8.250E+05 5.435E-27 1.000E-05 9.473E-04 7.269E+08 4.741E+06 2.281E+35 2.030E+07
  9.250E+05 4.886E-27 1.000E-05 1.068E-03 6.188E+08 4.364E+06 2.371E+35 2.030E+07
  1.025E+06 4.347E-27 1.000E-05 1.213E-03 5.247E+08 5.063E+06 2.465E+35 2.030E+07
  1.125E+06 3.742E-27 1.000E-05 1.380E-03 4.577E+08 1.330E+07 2.576E+35 2.030E+07
  1.225E+06 3.208E-27 1.000E-05 1.577E-03 3.989E+08 2.327E+07 2.691E+35 2.030E+07
  1.325E+06 2.742E-27 1.000E-05 1.809E-03 3.471E+08 4.926E+07 2.810E+35 2.030E+07
  1.425E+06 2.338E-27 1.000E-05 2.081E-03 3.017E+08 6.798E+07 2.935E+35 2.030E+07
  1.525E+06 1.991E-27 1.000E-05 2.401E-03 2.621E+08 8.604E+07 3.070E+35 2.030E+07
  1.625E+06 1.695E-27 1.000E-05 2.775E-03 2.273E+08 9.948E+07 3.217E+35 2.030E+07
  1.725E+06 1.443E-27 1.000E-05 3.213E-03 1.969E+08 1.026E+08 3.380E+35 2.030E+07
  1.825E+06 1.228E-27 1.000E-05 3.725E-03 1.704E+08 1.033E+08 3.563E+35 2.030E+07
  1.925E+06 1.046E-27 1.000E-05 4.323E-03 1.474E+08 9.908E+07 3.772E+35 2.030E+07
  2.025E+06 8.906E-28 1.000E-05 5.020E-03 1.275E+08 8.912E+07 4.013E+35 2.030E+07
  2.125E+06 7.584E-28 1.000E-05 5.831E-03 1.104E+08 8.122E+07 4.294E+35 2.030E+07
  2.225E+06 6.461E-28 1.000E-05 6.774E-03 9.554E+07 7.222E+07 4.623E+35 2.030E+07
  2.325E+06 5.508E-28 1.000E-05 7.868E-03 8.274E+07 6.422E+07 5.011E+35 2.030E+07
  2.425E+06 4.698E-28 1.000E-05 9.137E-03 7.169E+07 5.722E+07 5.469E+35 2.030E+07
  2.525E+06 4.010E-28 1.000E-05 1.061E-02 6.216E+07 5.114E+07 6.013E+35 2.030E+07
  2.625E+06 3.426E-28 1.000E-05 1.231E-02 5.394E+07 4.638E+07 6.657E+35 2.030E+07
  2.725E+06 2.927E-28 1.000E-05 1.427E-02 4.686E+07 4.219E+07 7.422E+35 2.030E+07
  2.825E+06 2.503E-28 1.000E-05 1.653E-02 4.078E+07 3.788E+07 8.328E+35 2.030E+07
  2.925E+06 2.140E-28 1.000E-05 1.914E-02 3.555E+07 3.561E+07 9.399E+35 2.030E+07
  3.025E+06 1.831E-28 1.000E-05 2.213E-02 3.106E+07 3.304E+07 1.066E+36 2.030E+07
  3.125E+06 1.567E-28 1.000E-05 2.557E-02 2.719E+07 3.021E+07 1.214E+36 2.030E+07
  3.225E+06 1.342E-28 1.000E-05 2.949E-02 2.387E+07 2.847E+07 1.387E+36 2.030E+07
  3.325E+06 1.151E-28 1.000E-05 3.396E-02 2.099E+07 2.676E+07 1.587E+36 2.030E+07
  3.425E+06 9.880E-29 1.000E-05 3.906E-02 1.850E+07 2.486E+07 1.819E+36 2.030E+07
  3.525E+06 8.501E-29 1.000E-05 4.484E-02 1.633E+07 2.331E+07 2.085E+36 2.030E+07
  3.625E+06 7.331E-29 1.000E-05 5.140E-02 1.443E+07 2.115E+07 2.390E+36 2.030E+07
  3.725E+06 6.337E-29 1.000E-05 5.883E-02 1.276E+07 1.942E+07 2.737E+36 2.030E+07
  3.825E+06 5.492E-29 1.000E-05 6.722E-02 1.129E+07 1.799E+07 3.131E+36 2.030E+07
  3.925E+06 4.772E-29 1.000E-05 7.671E-02 9.988E+06 1.631E+07 3.578E+36 2.030E+07
  4.025E+06 4.158E-29 1.000E-05 8.742E-02 8.835E+06 1.491E+07 4.083E+36 2.030E+07
  4.125E+06 3.634E-29 1.000E-05 9.951E-02 7.808E+06 1.372E+07 4.652E+36 2.030E+07
  4.225E+06 3.185E-29 1.000E-05 1.132E-01 6.891E+06 1.241E+07 5.293E+36 2.030E+07
  4.325E+06 2.801E-29 1.000E-05 1.286E-01 6.070E+06 1.107E+07 6.013E+36 2.030E+07
  4.425E+06 2.469E-29 1.000E-05 1.460E-01 5.334E+06 9.788E+06 6.824E+36 2.030E+07
  4.525E+06 2.180E-29 1.000E-05 1.659E-01 4.677E+06 8.985E+06 7.740E+36 2.030E+07
  4.625E+06 1.927E-29 1.000E-05 1.885E-01 4.094E+06 7.838E+06 8.780E+36 2.030E+07
  4.725E+06 1.702E-29 1.000E-05 2.144E-01 3.581E+06 7.017E+06 9.967E+36 2.030E+07
  4.825E+06 1.501E-29 1.000E-05 2.440E-01 3.130E+06 6.341E+06 1.132E+37 2.030E+07
  4.925E+06 1.324E-29 1.000E-05 2.779E-01 2.734E+06 5.659E+06 1.287E+37 2.030E+07
  5.025E+06 1.167E-29 1.000E-05 3.167E-01 2.387E+06 5.100E+06 1.465E+37 2.030E+07
  5.125E+06 1.028E-29 1.000E-05 3.612E-01 2.082E+06 4.633E+06 1.667E+37 2.030E+07
  5.225E+06 9.045E-30 1.000E-05 4.122E-01 1.814E+06 4.236E+06 1.900E+37 2.030E+07
  5.325E+06 7.955E-30 1.000E-05 4.708E-01 1.580E+06 3.896E+06 2.166E+37 2.030E+07
  5.425E+06 6.992E-30 1.000E-05 5.382E-01 1.375E+06 3.600E+06 2.472E+37 2.030E+07
  5.525E+06 6.141E-30 1.000E-05 6.156E-01 1.195E+06 3.341E+06 2.822E+37 2.030E+07
  5.625E+06 5.390E-30 1.000E-05 7.048E-01 1.038E+06 3.112E+06 3.225E+37 2.030E+07
  5.725E+06 4.727E-30 1.000E-05 8.075E-01 9.010E+05 2.909E+06 3.687E+37 2.030E+07
  5.825E+06 4.143E-30 1.000E-05 9.259E-01 7.814E+05 2.726E+06 4.219E+37 2.030E+07
  5.925E+06 3.629E-30 1.000E-05 1.062E+00 6.771E+05 2.562E+06 4.832E+37 2.030E+07
  6.025E+06 3.176E-30 1.000E-05 1.220E+00 5.861E+05 2.413E+06 5.538E+37 2.030E+07
  6.125E+06 2.777E-30 1.000E-05 1.403E+00 5.069E+05 2.277E+06 6.352E+37 2.030E+07
  6.225E+06 2.427E-30 1.000E-05 1.614E+00 4.380E+05 2.154E+06 7.291E+37 2.030E+07
  6.325E+06 2.119E-30 1.000E-05 1.858E+00 3.782E+05 2.040E+06 8.376E+37 2.030E+07
  6.425E+06 1.849E-30 1.000E-05 2.141E+00 3.262E+05 1.936E+06 9.631E+37 2.030E+07
  6.525E+06 1.612E-30 1.000E-05 2.470E+00 2.811E+05 1.839E+06 1.108E+38 2.030E+07
  6.625E+06 1.404E-30 1.000E-05 2.852E+00 2.420E+05 1.750E+06 1.276E+38 2.030E+07
  6.725E+06 1.222E-30 1.000E-05 3.295E+00 2.081E+05 1.668E+06 1.471E+38 2.030E+07
  6.825E+06 1.062E-30 1.000E-05 3.811E+00 1.789E+05 1.592E+06 1.698E+38 2.030E+07
  6.925E+06 9.228E-31 1.000E-05 4.412E+00 1.536E+05 1.521E+06 1.961E+38 2.030E+07
  7.025E+06 8.007E-31 1.000E-05 5.113E+00 1.318E+05 1.455E+06 2.267E+38 2.030E+07
  7.125E+06 6.941E-31 1.000E-05 5.930E+00 1.130E+05 1.394E+06 2.622E+38 2.030E+07
  7.225E+06 6.011E-31 1.000E-05 6.883E+00 9.681E+04 1.337E+06 3.037E+38 2.030E+07
  7.325E+06 5.200E-31 1.000E-05 7.996E+00 8.290E+04 1.285E+06 3.520E+38 2.030E+07
  7.425E+06 4.481E-31 1.000E-05 9.297E+00 7.115E+04 1.243E+06 4.090E+38 2.030E+07
  7.525E+06 3.853E-31 1.000E-05 1.081E+01 6.121E+04 1.210E+06 4.757E+38 2.030E+07
  7.625E+06 3.313E-31 1.000E-05 1.257E+01 5.266E+04 1.178E+06 5.533E+38 2.030E+07
  7.725E+06 2.848E-31 1.000E-05 1.461E+01 4.531E+04 1.148E+06 6.435E+38 2.030E+07
  7.825E+06 2.449E-31 1.000E-05 1.699E+01 3.898E+04 1.119E+06 7.484E+38 2.030E+07
  7.925E+06 2.106E-31 1.000E-05 1.975E+01 3.354E+04 1.092E+06 8.703E+38 2.030E+07
  8.025E+06 1.811E-31 1.000E-05 2.296E+01 2.886E+04 1.079E+06 1.012E+39 2.030E+07
  8.125E+06 1.557E-31 1.000E-05 2.669E+01 2.484E+04 1.080E+06 1.177E+39 2.030E+07
  8.225E+06 1.339E-31 1.000E-05 3.103E+01 2.137E+04 1.081E+06 1.368E+39 2.030E+07
  8.325E+06 1.152E-31 1.000E-05 3.607E+01 1.840E+04 1.082E+06 1.591E+39 2.030E+07
  8.425E+06 9.908E-32 1.000E-05 4.192E+01 1.584E+04 1.083E+06 1.850E+39 2.030E+07
  8.525E+06 8.523E-32 1.000E-05 4.871E+01 1.364E+04 1.084E+06 2.150E+39 2.030E+07
  8.625E+06 7.333E-32 1.000E-05 5.661E+01 1.174E+04 1.085E+06 2.500E+39 2.030E+07
  8.725E+06 6.309E-32 1.000E-05 6.577E+01 1.011E+04 1.087E+06 2.905E+39 2.030E+07
  8.825E+06 5.429E-32 1.000E-05 7.641E+01 8.712E+03 1.089E+06 3.376E+39 2.030E+07
  8.925E+06 4.672E-32 1.000E-05 8.876E+01 7.507E+03 1.091E+06 3.923E+39 2.030E+07
  9.025E+06 4.021E-32 1.000E-05 1.031E+02 6.471E+03 1.093E+06 4.558E+39 2.030E+07
  9.125E+06 3.462E-32 1.000E-05 1.197E+02 5.580E+03 1.096E+06 5.294E+39 2.030E+07
  9.225E+06 2.981E-32 1.000E-05 1.390E+02 4.813E+03 1.099E+06 6.148E+39 2.030E+07
  9.325E+06 2.568E-32 1.000E-05 1.613E+02 4.152E+03 1.102E+06 7.138E+39 2.030E+07
  9.425E+06 2.212E-32 1.000E-05 1.872E+02 3.584E+03 1.106E+06 8.286E+39 2.030E+07
  9.525E+06 1.906E-32 1.000E-05 2.172E+02 3.094E+03 1.110E+06 9.617E+39 2.030E+07
  9.625E+06 1.643E-32 1.000E-05 2.519E+02 2.672E+03 1.113E+06 1.116E+40 2.030E+07
  9.725E+06 1.416E-32 1.000E-05 2.921E+02 2.309E+03 1.117E+06 1.294E+40 2.030E+07
  9.825E+06 1.221E-32 1.000E-05 3.386E+02 1.995E+03 1.121E+06 1.501E+40 2.030E+07
  9.925E+06 1.053E-32 1.000E-05 3.925E+02 1.724E+03 1.125E+06 1.740E+40 2.030E+07


 PHOTOLYSIS RATES

     Z      PO2_O1D    PO2_O3P    PH2O_1     PH2O_2     PH2O_3     PO3_O1D    PO3_O      PO3_3O     
 2.50E+04   0.00E+00   6.44E-26   1.33E-26   0.00E+00   0.00E+00   6.81E-06   2.03E-04   2.11E-27
 1.75E+05   0.00E+00   5.28E-24   2.11E-24   0.00E+00   0.00E+00   7.88E-06   2.09E-04   1.87E-23
 3.25E+05   0.00E+00   2.88E-22   2.06E-22   0.00E+00   0.00E+00   8.80E-06   2.15E-04   1.50E-20
 4.75E+05   0.00E+00   9.76E-21   1.05E-20   0.00E+00   0.00E+00   9.59E-06   2.20E-04   2.02E-18
 6.25E+05   0.00E+00   2.11E-19   2.98E-19   0.00E+00   0.00E+00   1.03E-05   2.26E-04   9.04E-17
 7.75E+05   0.00E+00   3.04E-18   5.18E-18   0.00E+00   0.00E+00   1.09E-05   2.30E-04   2.03E-15
 9.25E+05   0.00E+00   3.09E-17   6.05E-17   0.00E+00   0.00E+00   1.15E-05   2.35E-04   2.85E-14
 1.08E+06   0.00E+00   2.27E-16   4.98E-16   0.00E+00   0.00E+00   1.21E-05   2.39E-04   2.70E-13
 1.22E+06   0.00E+00   1.18E-15   2.84E-15   0.00E+00   0.00E+00   1.29E-05   2.42E-04   1.72E-12
 1.38E+06   0.00E+00   4.66E-15   1.21E-14   0.00E+00   0.00E+00   1.37E-05   2.46E-04   7.97E-12
 1.52E+06   0.00E+00   1.53E-14   4.18E-14   0.00E+00   0.00E+00   1.47E-05   2.50E-04   2.96E-11
 1.68E+06   0.00E+00   4.44E-14   1.26E-13   0.00E+00   0.00E+00   1.60E-05   2.54E-04   9.42E-11
 1.82E+06   0.00E+00   1.19E-13   3.48E-13   0.00E+00   0.00E+00   1.80E-05   2.57E-04   2.69E-10
 1.98E+06   0.00E+00   2.95E-13   8.91E-13   0.00E+00   0.00E+00   2.08E-05   2.61E-04   7.00E-10
 2.12E+06   0.00E+00   6.87E-13   2.15E-12   0.00E+00   0.00E+00   2.49E-05   2.64E-04   1.68E-09
 2.28E+06   0.00E+00   1.50E-12   4.86E-12   0.00E+00   0.00E+00   3.04E-05   2.67E-04   3.71E-09
 2.42E+06   0.00E+00   3.06E-12   1.03E-11   0.00E+00   0.00E+00   3.82E-05   2.70E-04   7.56E-09
 2.58E+06   0.00E+00   5.86E-12   2.04E-11   0.00E+00   0.00E+00   4.89E-05   2.73E-04   1.42E-08
 2.72E+06   1.53-147   1.05E-11   3.77E-11   6.91-145   1.04-144   6.39E-05   2.77E-04   2.48E-08
 2.88E+06   6.07-121   1.79E-11   6.53E-11   2.75-118   4.13-118   8.47E-05   2.81E-04   4.01E-08
 3.02E+06   8.62-100   2.87E-11   1.07E-10   3.90E-97   5.86E-97   1.13E-04   2.86E-04   6.06E-08
 3.18E+06   5.30E-83   4.37E-11   1.68E-10   2.40E-80   3.60E-80   1.52E-04   2.91E-04   8.61E-08
 3.32E+06   1.09E-69   6.35E-11   2.55E-10   4.95E-67   7.42E-67   2.04E-04   2.98E-04   1.16E-07
 3.48E+06   4.04E-59   8.84E-11   3.78E-10   1.83E-56   2.75E-56   2.72E-04   3.06E-04   1.49E-07
 3.62E+06   1.04E-50   1.18E-10   5.42E-10   4.73E-48   7.10E-48   3.63E-04   3.17E-04   1.85E-07
 3.78E+06   5.48E-44   1.53E-10   7.54E-10   2.48E-41   3.72E-41   4.95E-04   3.32E-04   2.23E-07
 3.92E+06   1.34E-38   1.91E-10   1.01E-09   6.07E-36   9.11E-36   6.91E-04   3.55E-04   2.61E-07
 4.08E+06   2.94E-34   2.31E-10   1.31E-09   1.33E-31   2.00E-31   9.73E-04   3.86E-04   2.98E-07
 4.22E+06   9.87E-31   2.69E-10   1.64E-09   4.47E-28   6.71E-28   1.34E-03   4.27E-04   3.33E-07
 4.38E+06   7.90E-28   3.06E-10   2.01E-09   3.58E-25   5.36E-25   1.74E-03   4.73E-04   3.67E-07
 4.52E+06   2.12E-25   3.39E-10   2.40E-09   9.59E-23   1.44E-22   2.15E-03   5.18E-04   3.99E-07
 4.68E+06   2.38E-23   3.71E-10   2.83E-09   1.08E-20   1.62E-20   2.52E-03   5.60E-04   4.30E-07
 4.82E+06   1.28E-21   4.00E-10   3.31E-09   5.78E-19   8.67E-19   2.83E-03   5.95E-04   4.59E-07
 4.98E+06   3.58E-20   4.30E-10   3.89E-09   1.62E-17   2.43E-17   3.08E-03   6.23E-04   4.87E-07
 5.12E+06   5.74E-19   4.61E-10   4.61E-09   2.60E-16   3.90E-16   3.28E-03   6.45E-04   5.14E-07
 5.28E+06   5.70E-18   4.95E-10   5.54E-09   2.58E-15   3.88E-15   3.42E-03   6.61E-04   5.40E-07
 5.42E+06   3.79E-17   5.32E-10   6.72E-09   1.72E-14   2.58E-14   3.53E-03   6.73E-04   5.65E-07
 5.58E+06   1.80E-16   5.73E-10   8.18E-09   8.16E-14   1.22E-13   3.61E-03   6.82E-04   5.90E-07
 5.72E+06   6.48E-16   6.18E-10   9.91E-09   2.93E-13   4.40E-13   3.66E-03   6.88E-04   6.15E-07
 5.88E+06   1.89E-15   6.69E-10   1.19E-08   8.45E-13   1.27E-12   3.70E-03   6.93E-04   6.38E-07
 6.02E+06   5.46E-15   7.25E-10   1.41E-08   2.19E-12   3.29E-12   3.73E-03   6.96E-04   6.61E-07
 6.18E+06   2.38E-14   7.91E-10   1.65E-08   6.99E-12   1.05E-11   3.75E-03   6.98E-04   6.83E-07
 6.32E+06   1.42E-13   8.67E-10   1.94E-08   3.24E-11   4.87E-11   3.76E-03   6.99E-04   7.05E-07
 6.48E+06   7.50E-13   9.58E-10   2.34E-08   1.56E-10   2.34E-10   3.77E-03   7.01E-04   7.27E-07
 6.62E+06   3.07E-12   1.07E-09   3.05E-08   6.17E-10   9.25E-10   3.77E-03   7.01E-04   7.54E-07
 6.78E+06   9.88E-12   1.21E-09   4.48E-08   1.95E-09   2.92E-09   3.78E-03   7.02E-04   7.92E-07
 6.92E+06   2.59E-11   1.40E-09   7.34E-08   5.03E-09   7.55E-09   3.78E-03   7.02E-04   8.55E-07
 7.08E+06   5.72E-11   1.66E-09   1.25E-07   1.10E-08   1.65E-08   3.78E-03   7.02E-04   9.58E-07
 7.22E+06   1.09E-10   2.02E-09   2.07E-07   2.07E-08   3.11E-08   3.78E-03   7.02E-04   1.11E-06
 7.38E+06   1.86E-10   2.53E-09   3.23E-07   3.48E-08   5.22E-08   3.78E-03   7.03E-04   1.33E-06
 7.52E+06   2.85E-10   3.20E-09   4.71E-07   5.28E-08   7.93E-08   3.78E-03   7.03E-04   1.60E-06
 7.68E+06   4.03E-10   4.06E-09   6.45E-07   7.39E-08   1.11E-07   3.78E-03   7.03E-04   1.91E-06
 7.82E+06   5.32E-10   5.15E-09   8.35E-07   9.67E-08   1.45E-07   3.78E-03   7.03E-04   2.24E-06
 7.98E+06   6.68E-10   6.48E-09   1.03E-06   1.20E-07   1.80E-07   3.78E-03   7.03E-04   2.59E-06
 8.12E+06   8.18E-10   8.10E-09   1.23E-06   1.43E-07   2.14E-07   3.78E-03   7.03E-04   2.92E-06
 8.28E+06   1.00E-09   1.00E-08   1.42E-06   1.65E-07   2.47E-07   3.78E-03   7.03E-04   3.25E-06
 8.42E+06   1.26E-09   1.24E-08   1.61E-06   1.86E-07   2.79E-07   3.78E-03   7.03E-04   3.57E-06
 8.58E+06   1.65E-09   1.54E-08   1.80E-06   2.07E-07   3.10E-07   3.79E-03   7.03E-04   3.89E-06
 8.72E+06   2.23E-09   1.91E-08   2.00E-06   2.28E-07   3.41E-07   3.79E-03   7.03E-04   4.23E-06
 8.88E+06   3.14E-09   2.38E-08   2.22E-06   2.49E-07   3.73E-07   3.79E-03   7.03E-04   4.58E-06
 9.02E+06   4.80E-09   2.95E-08   2.45E-06   2.72E-07   4.06E-07   3.79E-03   7.03E-04   4.94E-06
 9.18E+06   8.26E-09   3.63E-08   2.69E-06   2.94E-07   4.38E-07   3.79E-03   7.03E-04   5.31E-06
 9.32E+06   1.58E-08   4.40E-08   2.96E-06   3.17E-07   4.70E-07   3.79E-03   7.03E-04   5.68E-06
 9.48E+06   3.23E-08   5.23E-08   3.26E-06   3.39E-07   5.00E-07   3.79E-03   7.03E-04   6.05E-06
 9.62E+06   6.78E-08   6.13E-08   3.62E-06   3.61E-07   5.29E-07   3.79E-03   7.03E-04   6.42E-06
 9.78E+06   1.51E-07   7.15E-08   4.11E-06   3.83E-07   5.56E-07   3.79E-03   7.03E-04   6.81E-06
 9.92E+06   4.67E-07   8.96E-08   4.89E-06   4.08E-07   5.81E-07   3.79E-03   7.03E-04   7.27E-06

     Z      PH2O2      PCO2_1     PCO2_2     PH2CO_1    PH2CO_2    PHO2       PCH4_1     PCH4_2     
 2.50E+04   1.95E-06   1.99E-32   0.00E+00   1.66E-05   9.60E-06   4.93E-20   0.00E+00   0.00E+00
 1.75E+05   2.20E-06   2.94E-28   0.00E+00   1.90E-05   1.12E-05   3.97E-18   0.00E+00   0.00E+00
 3.25E+05   2.40E-06   2.73E-25   0.00E+00   2.11E-05   1.26E-05   2.12E-16   0.00E+00   0.00E+00
 4.75E+05   2.57E-06   3.83E-23   0.00E+00   2.31E-05   1.39E-05   7.03E-15   0.00E+00   0.00E+00
 6.25E+05   2.69E-06   1.73E-21   0.00E+00   2.49E-05   1.51E-05   1.50E-13   0.00E+00   0.00E+00
 7.75E+05   2.80E-06   3.90E-20   0.00E+00   2.65E-05   1.62E-05   2.14E-12   0.00E+00   0.00E+00
 9.25E+05   2.88E-06   5.47E-19   0.00E+00   2.79E-05   1.72E-05   2.15E-11   0.00E+00   0.00E+00
 1.08E+06   2.98E-06   5.19E-18   0.00E+00   2.93E-05   1.81E-05   1.57E-10   0.00E+00   0.00E+00
 1.22E+06   3.11E-06   3.31E-17   0.00E+00   3.04E-05   1.90E-05   8.10E-10   0.00E+00   0.00E+00
 1.38E+06   3.22E-06   1.53E-16   0.00E+00   3.14E-05   1.97E-05   3.17E-09   0.00E+00   0.00E+00
 1.52E+06   3.35E-06   5.67E-16   0.00E+00   3.24E-05   2.05E-05   1.03E-08   0.00E+00   0.00E+00
 1.68E+06   3.48E-06   1.81E-15   0.00E+00   3.33E-05   2.13E-05   2.98E-08   0.00E+00   0.00E+00
 1.82E+06   3.63E-06   5.22E-15   0.00E+00   3.41E-05   2.21E-05   7.90E-08   0.00E+00   0.00E+00
 1.98E+06   3.80E-06   1.40E-14   0.00E+00   3.49E-05   2.31E-05   1.95E-07   0.00E+00   0.00E+00
 2.12E+06   4.01E-06   3.54E-14   0.00E+00   3.56E-05   2.41E-05   4.50E-07   0.00E+00   0.00E+00
 2.28E+06   4.27E-06   8.40E-14   0.00E+00   3.64E-05   2.52E-05   9.73E-07   0.00E+00   0.00E+00
 2.42E+06   4.61E-06   1.86E-13   0.00E+00   3.70E-05   2.65E-05   1.97E-06   0.00E+00   0.00E+00
 2.58E+06   5.07E-06   3.81E-13   0.00E+00   3.77E-05   2.79E-05   3.76E-06   0.00E+00   0.00E+00
 2.72E+06   5.68E-06   7.21E-13   3.07-146   3.84E-05   2.94E-05   6.75E-06   2.49-144   4.83-144
 2.88E+06   6.51E-06   1.26E-12   1.22-119   3.92E-05   3.10E-05   1.14E-05   9.92-118   1.93-117
 3.02E+06   7.60E-06   2.07E-12   1.73E-98   3.99E-05   3.28E-05   1.83E-05   1.41E-96   2.73E-96
 3.18E+06   8.97E-06   3.18E-12   1.07E-81   4.06E-05   3.46E-05   2.79E-05   8.66E-80   1.68E-79
 3.32E+06   1.07E-05   4.67E-12   2.20E-68   4.13E-05   3.64E-05   4.05E-05   1.78E-66   3.46E-66
 3.48E+06   1.27E-05   6.56E-12   8.13E-58   4.20E-05   3.82E-05   5.65E-05   6.60E-56   1.28E-55
 3.62E+06   1.51E-05   8.89E-12   2.10E-49   4.27E-05   3.99E-05   7.58E-05   1.71E-47   3.31E-47
 3.78E+06   1.79E-05   1.17E-11   1.10E-42   4.34E-05   4.15E-05   9.86E-05   8.95E-41   1.74E-40
 3.92E+06   2.11E-05   1.48E-11   2.69E-37   4.40E-05   4.30E-05   1.24E-04   2.19E-35   4.25E-35
 4.08E+06   2.49E-05   1.82E-11   5.91E-33   4.46E-05   4.43E-05   1.51E-04   4.80E-31   9.32E-31
 4.22E+06   2.90E-05   2.19E-11   1.98E-29   4.52E-05   4.55E-05   1.78E-04   1.61E-27   3.13E-27
 4.38E+06   3.30E-05   2.57E-11   1.59E-26   4.57E-05   4.64E-05   2.03E-04   1.29E-24   2.50E-24
 4.52E+06   3.68E-05   2.97E-11   4.26E-24   4.61E-05   4.71E-05   2.24E-04   3.46E-22   6.71E-22
 4.68E+06   4.00E-05   3.38E-11   4.79E-22   4.64E-05   4.77E-05   2.42E-04   3.89E-20   7.55E-20
 4.82E+06   4.28E-05   3.81E-11   2.57E-20   4.67E-05   4.81E-05   2.56E-04   2.08E-18   4.04E-18
 4.98E+06   4.49E-05   4.26E-11   7.20E-19   4.69E-05   4.84E-05   2.68E-04   5.84E-17   1.13E-16
 5.12E+06   4.66E-05   4.76E-11   1.15E-17   4.71E-05   4.86E-05   2.76E-04   9.37E-16   1.82E-15
 5.28E+06   4.78E-05   5.31E-11   1.15E-16   4.72E-05   4.88E-05   2.83E-04   9.31E-15   1.81E-14
 5.42E+06   4.88E-05   5.93E-11   7.63E-16   4.73E-05   4.89E-05   2.88E-04   6.19E-14   1.20E-13
 5.58E+06   4.94E-05   6.61E-11   3.62E-15   4.73E-05   4.90E-05   2.91E-04   2.94E-13   5.71E-13
 5.72E+06   5.00E-05   7.36E-11   1.30E-14   4.74E-05   4.91E-05   2.94E-04   1.06E-12   2.05E-12
 5.88E+06   5.03E-05   8.17E-11   3.76E-14   4.74E-05   4.91E-05   2.96E-04   3.05E-12   5.89E-12
 6.02E+06   5.06E-05   9.03E-11   9.90E-14   4.74E-05   4.92E-05   2.98E-04   8.10E-12   1.49E-11
 6.18E+06   5.08E-05   9.94E-11   3.34E-13   4.74E-05   4.92E-05   2.99E-04   2.79E-11   4.25E-11
 6.32E+06   5.09E-05   1.09E-10   1.64E-12   4.75E-05   4.92E-05   3.00E-04   1.40E-10   1.74E-10
 6.48E+06   5.10E-05   1.20E-10   8.03E-12   4.75E-05   4.92E-05   3.01E-04   6.90E-10   7.86E-10
 6.62E+06   5.11E-05   1.31E-10   3.20E-11   4.75E-05   4.92E-05   3.01E-04   2.75E-09   3.05E-09
 6.78E+06   5.12E-05   1.44E-10   1.01E-10   4.75E-05   4.92E-05   3.02E-04   8.71E-09   9.54E-09
 6.92E+06   5.13E-05   1.58E-10   2.61E-10   4.75E-05   4.92E-05   3.02E-04   2.25E-08   2.45E-08
 7.08E+06   5.14E-05   1.74E-10   5.69E-10   4.75E-05   4.93E-05   3.02E-04   4.89E-08   5.32E-08
 7.22E+06   5.15E-05   1.94E-10   1.07E-09   4.75E-05   4.93E-05   3.03E-04   9.23E-08   1.00E-07
 7.38E+06   5.16E-05   2.17E-10   1.80E-09   4.76E-05   4.94E-05   3.03E-04   1.55E-07   1.68E-07
 7.52E+06   5.18E-05   2.44E-10   2.74E-09   4.77E-05   4.94E-05   3.03E-04   2.35E-07   2.54E-07
 7.68E+06   5.20E-05   2.76E-10   3.83E-09   4.77E-05   4.95E-05   3.04E-04   3.28E-07   3.55E-07
 7.82E+06   5.22E-05   3.12E-10   5.01E-09   4.78E-05   4.96E-05   3.04E-04   4.29E-07   4.64E-07
 7.98E+06   5.25E-05   3.52E-10   6.22E-09   4.79E-05   4.97E-05   3.04E-04   5.32E-07   5.75E-07
 8.12E+06   5.27E-05   3.97E-10   7.40E-09   4.80E-05   4.97E-05   3.04E-04   6.32E-07   6.84E-07
 8.28E+06   5.29E-05   4.46E-10   8.55E-09   4.81E-05   4.98E-05   3.05E-04   7.30E-07   7.89E-07
 8.42E+06   5.31E-05   5.00E-10   9.68E-09   4.82E-05   4.99E-05   3.05E-04   8.26E-07   8.93E-07
 8.58E+06   5.34E-05   5.61E-10   1.08E-08   4.82E-05   5.00E-05   3.05E-04   9.22E-07   9.97E-07
 8.72E+06   5.36E-05   6.30E-10   1.21E-08   4.83E-05   5.01E-05   3.06E-04   1.02E-06   1.11E-06
 8.88E+06   5.39E-05   7.12E-10   1.35E-08   4.84E-05   5.02E-05   3.06E-04   1.13E-06   1.22E-06
 9.02E+06   5.41E-05   8.11E-10   1.50E-08   4.85E-05   5.03E-05   3.06E-04   1.24E-06   1.34E-06
 9.18E+06   5.44E-05   9.39E-10   1.68E-08   4.87E-05   5.05E-05   3.06E-04   1.36E-06   1.46E-06
 9.32E+06   5.47E-05   1.12E-09   1.89E-08   4.89E-05   5.07E-05   3.07E-04   1.48E-06   1.59E-06
 9.48E+06   5.50E-05   1.43E-09   2.11E-08   4.92E-05   5.10E-05   3.07E-04   1.60E-06   1.72E-06
 9.62E+06   5.53E-05   1.95E-09   2.38E-08   4.96E-05   5.14E-05   3.07E-04   1.72E-06   1.84E-06
 9.78E+06   5.58E-05   2.84E-09   2.80E-08   5.01E-05   5.19E-05   3.07E-04   1.84E-06   1.96E-06
 9.92E+06   5.65E-05   4.21E-09   4.06E-08   5.07E-05   5.25E-05   3.07E-04   1.98E-06   2.10E-06

     Z      PCH4_3     PC2H6_1    PC2H6_2    PHNO2_1    PHNO3      PHNO3_3    PHNO3_1    PNO        
 2.50E+04   0.00E+00   0.00E+00   0.00E+00   5.39E-04   1.48E-07   1.13E-27   8.14E-28   0.00E+00
 1.75E+05   0.00E+00   0.00E+00   0.00E+00   5.99E-04   1.66E-07   2.34E-23   1.68E-23   0.00E+00
 3.25E+05   0.00E+00   0.00E+00   0.00E+00   6.52E-04   1.79E-07   2.31E-20   1.66E-20   0.00E+00
 4.75E+05   0.00E+00   0.00E+00   0.00E+00   7.00E-04   1.88E-07   3.34E-18   2.40E-18   1.01-129
 6.25E+05   0.00E+00   0.00E+00   0.00E+00   7.43E-04   1.91E-07   1.54E-16   1.10E-16   8.67E-99
 7.75E+05   0.00E+00   0.00E+00   0.00E+00   7.82E-04   1.91E-07   3.52E-15   2.53E-15   1.18E-79
 9.25E+05   0.00E+00   0.00E+00   0.00E+00   8.17E-04   1.88E-07   5.01E-14   3.60E-14   2.83E-65
 1.08E+06   0.00E+00   0.00E+00   0.00E+00   8.48E-04   1.89E-07   4.86E-13   3.49E-13   7.89E-54
 1.22E+06   0.00E+00   0.00E+00   0.00E+00   8.75E-04   1.98E-07   3.20E-12   2.30E-12   1.12E-44
 1.38E+06   0.00E+00   0.00E+00   0.00E+00   8.99E-04   2.08E-07   1.53E-11   1.10E-11   2.09E-37
 1.52E+06   0.00E+00   0.00E+00   0.00E+00   9.21E-04   2.23E-07   5.83E-11   4.18E-11   1.26E-31
 1.68E+06   0.00E+00   0.00E+00   0.00E+00   9.41E-04   2.48E-07   1.92E-10   1.38E-10   5.13E-27
 1.82E+06   0.00E+00   0.00E+00   0.00E+00   9.57E-04   2.93E-07   5.79E-10   4.16E-10   2.56E-23
 1.98E+06   0.00E+00   0.00E+00   0.00E+00   9.70E-04   3.79E-07   1.65E-09   1.18E-09   2.48E-20
 2.12E+06   0.00E+00   0.00E+00   0.00E+00   9.80E-04   5.41E-07   4.46E-09   3.20E-09   6.70E-18
 2.28E+06   0.00E+00   0.00E+00   0.00E+00   9.89E-04   8.38E-07   1.14E-08   8.18E-09   6.67E-16
 2.42E+06   0.00E+00   0.00E+00   0.00E+00   9.96E-04   1.35E-06   2.70E-08   1.94E-08   2.99E-14
 2.58E+06   0.00E+00   0.00E+00   0.00E+00   1.00E-03   2.18E-06   5.87E-08   4.21E-08   6.95E-13
 2.72E+06   7.46-144   0.00E+00   4.91-145   1.01E-03   3.43E-06   1.16E-07   8.36E-08   9.27E-12
 2.88E+06   2.97-117   0.00E+00   1.96-118   1.01E-03   5.17E-06   2.12E-07   1.52E-07   7.72E-11
 3.02E+06   4.22E-96   0.00E+00   2.78E-97   1.02E-03   7.43E-06   3.56E-07   2.56E-07   4.33E-10
 3.18E+06   2.59E-79   0.00E+00   1.71E-80   1.03E-03   1.02E-05   5.58E-07   4.01E-07   1.75E-09
 3.32E+06   5.34E-66   0.00E+00   3.52E-67   1.03E-03   1.33E-05   8.24E-07   5.91E-07   5.39E-09
 3.48E+06   1.98E-55   0.00E+00   1.30E-56   1.04E-03   1.68E-05   1.15E-06   8.28E-07   1.34E-08
 3.62E+06   5.11E-47   0.00E+00   3.37E-48   1.05E-03   2.04E-05   1.54E-06   1.11E-06   2.83E-08
 3.78E+06   2.68E-40   0.00E+00   1.77E-41   1.06E-03   2.40E-05   1.98E-06   1.42E-06   5.22E-08
 3.92E+06   6.55E-35   0.00E+00   4.32E-36   1.07E-03   2.77E-05   2.45E-06   1.76E-06   8.68E-08
 4.08E+06   1.44E-30   0.00E+00   9.47E-32   1.09E-03   3.13E-05   2.95E-06   2.12E-06   1.33E-07
 4.22E+06   4.83E-27   0.00E+00   3.18E-28   1.10E-03   3.47E-05   3.45E-06   2.48E-06   1.90E-07
 4.38E+06   3.86E-24   0.00E+00   2.54E-25   1.11E-03   3.77E-05   3.95E-06   2.83E-06   2.58E-07
 4.52E+06   1.04E-21   0.00E+00   6.83E-23   1.12E-03   4.02E-05   4.43E-06   3.18E-06   3.36E-07
 4.68E+06   1.16E-19   0.00E+00   7.67E-21   1.13E-03   4.24E-05   4.91E-06   3.52E-06   4.23E-07
 4.82E+06   6.24E-18   0.00E+00   4.11E-19   1.14E-03   4.42E-05   5.38E-06   3.86E-06   5.18E-07
 4.98E+06   1.75E-16   0.00E+00   1.15E-17   1.15E-03   4.56E-05   5.84E-06   4.19E-06   6.20E-07
 5.12E+06   2.81E-15   0.00E+00   1.85E-16   1.15E-03   4.68E-05   6.29E-06   4.52E-06   7.28E-07
 5.28E+06   2.79E-14   0.00E+00   1.84E-15   1.15E-03   4.78E-05   6.74E-06   4.84E-06   8.41E-07
 5.42E+06   1.86E-13   0.00E+00   1.22E-14   1.16E-03   4.85E-05   7.19E-06   5.16E-06   9.59E-07
 5.58E+06   8.81E-13   0.00E+00   5.81E-14   1.16E-03   4.92E-05   7.63E-06   5.48E-06   1.08E-06
 5.72E+06   3.17E-12   0.00E+00   2.09E-13   1.16E-03   4.97E-05   8.07E-06   5.79E-06   1.20E-06
 5.88E+06   9.02E-12   0.00E+00   6.12E-13   1.16E-03   5.01E-05   8.49E-06   6.09E-06   1.33E-06
 6.02E+06   2.14E-11   0.00E+00   1.83E-12   1.16E-03   5.05E-05   8.89E-06   6.38E-06   1.45E-06
 6.18E+06   4.51E-11   0.00E+00   8.53E-12   1.16E-03   5.08E-05   9.28E-06   6.67E-06   1.58E-06
 6.32E+06   9.62E-11   0.00E+00   5.26E-11   1.16E-03   5.10E-05   9.66E-06   6.94E-06   1.70E-06
 6.48E+06   2.39E-10   0.00E+00   2.77E-10   1.16E-03   5.13E-05   1.00E-05   7.20E-06   1.82E-06
 6.62E+06   6.67E-10   0.00E+00   1.12E-09   1.16E-03   5.15E-05   1.04E-05   7.45E-06   1.95E-06
 6.78E+06   1.81E-09   0.00E+00   3.52E-09   1.16E-03   5.16E-05   1.07E-05   7.70E-06   2.08E-06
 6.92E+06   4.37E-09   0.00E+00   8.99E-09   1.16E-03   5.18E-05   1.11E-05   7.94E-06   2.21E-06
 7.08E+06   9.20E-09   0.00E+00   1.93E-08   1.16E-03   5.20E-05   1.14E-05   8.20E-06   2.36E-06
 7.22E+06   1.70E-08   0.00E+00   3.60E-08   1.16E-03   5.22E-05   1.18E-05   8.47E-06   2.52E-06
 7.38E+06   2.82E-08   0.00E+00   5.97E-08   1.16E-03   5.24E-05   1.22E-05   8.77E-06   2.69E-06
 7.52E+06   4.25E-08   0.00E+00   8.96E-08   1.16E-03   5.28E-05   1.27E-05   9.09E-06   2.88E-06
 7.68E+06   5.90E-08   0.00E+00   1.24E-07   1.16E-03   5.32E-05   1.31E-05   9.43E-06   3.09E-06
 7.82E+06   7.68E-08   0.00E+00   1.61E-07   1.16E-03   5.36E-05   1.36E-05   9.78E-06   3.31E-06
 7.98E+06   9.50E-08   0.00E+00   1.98E-07   1.16E-03   5.41E-05   1.41E-05   1.01E-05   3.54E-06
 8.12E+06   1.13E-07   0.00E+00   2.35E-07   1.16E-03   5.45E-05   1.46E-05   1.05E-05   3.78E-06
 8.28E+06   1.30E-07   0.00E+00   2.71E-07   1.16E-03   5.49E-05   1.52E-05   1.09E-05   4.02E-06
 8.42E+06   1.48E-07   0.00E+00   3.07E-07   1.16E-03   5.54E-05   1.57E-05   1.12E-05   4.26E-06
 8.58E+06   1.66E-07   0.00E+00   3.45E-07   1.16E-03   5.58E-05   1.62E-05   1.16E-05   4.50E-06
 8.72E+06   1.85E-07   0.00E+00   3.87E-07   1.16E-03   5.62E-05   1.66E-05   1.20E-05   4.74E-06
 8.88E+06   2.05E-07   0.00E+00   4.33E-07   1.16E-03   5.66E-05   1.71E-05   1.23E-05   4.98E-06
 9.02E+06   2.26E-07   0.00E+00   4.82E-07   1.16E-03   5.70E-05   1.76E-05   1.27E-05   5.23E-06
 9.18E+06   2.48E-07   0.00E+00   5.34E-07   1.16E-03   5.74E-05   1.81E-05   1.30E-05   5.48E-06
 9.32E+06   2.71E-07   0.00E+00   5.88E-07   1.16E-03   5.79E-05   1.86E-05   1.34E-05   5.74E-06
 9.48E+06   2.93E-07   0.00E+00   6.42E-07   1.16E-03   5.83E-05   1.91E-05   1.37E-05   6.03E-06
 9.62E+06   3.16E-07   0.00E+00   6.95E-07   1.16E-03   5.88E-05   1.97E-05   1.41E-05   6.36E-06
 9.78E+06   3.37E-07   0.00E+00   7.48E-07   1.16E-03   5.93E-05   2.03E-05   1.46E-05   6.78E-06
 9.92E+06   3.59E-07   0.00E+00   8.01E-07   1.16E-03   6.01E-05   2.12E-05   1.52E-05   7.41E-06

     Z      PNO2_O1D   PNO2       PCH3_1     PSO        PH2S       PSO2       PSO2_SO21  PSO2_SO23  
 2.50E+04   2.38E-21   3.57E-03   2.80E-20   7.22E-20   2.32E-14   4.02E-20   3.51E-05   4.27E-07
 1.75E+05   1.87E-19   3.91E-03   2.17E-18   6.29E-18   2.83E-14   3.57E-18   4.15E-05   4.70E-07
 3.25E+05   9.72E-18   4.22E-03   1.14E-16   3.61E-16   3.32E-14   2.11E-16   4.74E-05   5.09E-07
 4.75E+05   3.15E-16   4.50E-03   3.75E-15   1.27E-14   4.30E-14   7.59E-15   5.28E-05   5.44E-07
 6.25E+05   6.58E-15   4.75E-03   7.85E-14   2.82E-13   1.67E-13   1.71E-13   5.78E-05   5.76E-07
 7.75E+05   9.27E-14   4.97E-03   1.11E-12   4.14E-12   1.91E-12   2.54E-12   6.26E-05   6.05E-07
 9.25E+05   9.23E-13   5.18E-03   1.10E-11   4.27E-11   1.96E-11   2.64E-11   6.70E-05   6.30E-07
 1.08E+06   6.66E-12   5.36E-03   7.84E-11   3.16E-10   1.46E-10   1.96E-10   7.11E-05   6.53E-07
 1.22E+06   3.41E-11   5.51E-03   3.98E-10   1.65E-09   7.71E-10   1.03E-09   7.49E-05   6.73E-07
 1.38E+06   1.33E-10   5.65E-03   1.54E-09   6.54E-09   3.07E-09   4.09E-09   7.86E-05   6.90E-07
 1.52E+06   4.32E-10   5.78E-03   4.94E-09   2.14E-08   1.01E-08   1.34E-08   8.28E-05   7.06E-07
 1.68E+06   1.24E-09   5.90E-03   1.41E-08   6.20E-08   2.92E-08   3.88E-08   8.80E-05   7.20E-07
 1.82E+06   3.29E-09   6.00E-03   3.72E-08   1.64E-07   7.71E-08   1.02E-07   9.45E-05   7.32E-07
 1.98E+06   8.15E-09   6.07E-03   9.17E-08   4.02E-07   1.88E-07   2.50E-07   1.03E-04   7.41E-07
 2.12E+06   1.89E-08   6.14E-03   2.12E-07   9.20E-07   4.28E-07   5.68E-07   1.13E-04   7.47E-07
 2.28E+06   4.12E-08   6.19E-03   4.63E-07   1.96E-06   9.07E-07   1.20E-06   1.27E-04   7.53E-07
 2.42E+06   8.45E-08   6.23E-03   9.53E-07   3.90E-06   1.79E-06   2.37E-06   1.43E-04   7.56E-07
 2.58E+06   1.63E-07   6.26E-03   1.86E-06   7.24E-06   3.30E-06   4.38E-06   1.64E-04   7.59E-07
 2.72E+06   2.97E-07   6.29E-03   3.45E-06   1.26E-05   5.70E-06   7.55E-06   1.89E-04   7.62E-07
 2.88E+06   5.12E-07   6.32E-03   6.08E-06   2.05E-05   9.23E-06   1.22E-05   2.20E-04   7.64E-07
 3.02E+06   8.37E-07   6.35E-03   1.01E-05   3.13E-05   1.41E-05   1.86E-05   2.56E-04   7.65E-07
 3.18E+06   1.30E-06   6.37E-03   1.56E-05   4.49E-05   2.03E-05   2.66E-05   2.98E-04   7.66E-07
 3.32E+06   1.93E-06   6.39E-03   2.26E-05   6.10E-05   2.78E-05   3.62E-05   3.46E-04   7.67E-07
 3.48E+06   2.74E-06   6.41E-03   3.05E-05   7.88E-05   3.64E-05   4.68E-05   3.98E-04   7.68E-07
 3.62E+06   3.75E-06   6.42E-03   3.90E-05   9.76E-05   4.58E-05   5.81E-05   4.53E-04   7.68E-07
 3.78E+06   4.93E-06   6.44E-03   4.73E-05   1.16E-04   5.58E-05   6.94E-05   5.11E-04   7.69E-07
 3.92E+06   6.26E-06   6.45E-03   5.50E-05   1.34E-04   6.59E-05   8.02E-05   5.70E-04   7.69E-07
 4.08E+06   7.63E-06   6.46E-03   6.17E-05   1.50E-04   7.55E-05   9.00E-05   6.28E-04   7.69E-07
 4.22E+06   8.95E-06   6.47E-03   6.71E-05   1.64E-04   8.41E-05   9.83E-05   6.83E-04   7.70E-07
 4.38E+06   1.01E-05   6.48E-03   7.14E-05   1.75E-04   9.16E-05   1.05E-04   7.31E-04   7.70E-07
 4.52E+06   1.11E-05   6.48E-03   7.47E-05   1.84E-04   9.78E-05   1.11E-04   7.72E-04   7.70E-07
 4.68E+06   1.19E-05   6.49E-03   7.73E-05   1.92E-04   1.03E-04   1.15E-04   8.05E-04   7.70E-07
 4.82E+06   1.25E-05   6.49E-03   7.92E-05   1.97E-04   1.07E-04   1.19E-04   8.31E-04   7.70E-07
 4.98E+06   1.30E-05   6.49E-03   8.07E-05   2.02E-04   1.10E-04   1.22E-04   8.51E-04   7.70E-07
 5.12E+06   1.34E-05   6.50E-03   8.18E-05   2.06E-04   1.13E-04   1.24E-04   8.66E-04   7.70E-07
 5.28E+06   1.37E-05   6.50E-03   8.26E-05   2.09E-04   1.15E-04   1.26E-04   8.77E-04   7.70E-07
 5.42E+06   1.39E-05   6.50E-03   8.33E-05   2.11E-04   1.17E-04   1.28E-04   8.85E-04   7.70E-07
 5.58E+06   1.41E-05   6.50E-03   8.38E-05   2.13E-04   1.18E-04   1.29E-04   8.90E-04   7.70E-07
 5.72E+06   1.43E-05   6.50E-03   8.42E-05   2.15E-04   1.19E-04   1.30E-04   8.94E-04   7.70E-07
 5.88E+06   1.44E-05   6.50E-03   8.44E-05   2.17E-04   1.20E-04   1.31E-04   8.97E-04   7.70E-07
 6.02E+06   1.45E-05   6.50E-03   8.47E-05   2.18E-04   1.21E-04   1.32E-04   8.99E-04   7.70E-07
 6.18E+06   1.46E-05   6.50E-03   8.48E-05   2.19E-04   1.21E-04   1.33E-04   9.00E-04   7.70E-07
 6.32E+06   1.47E-05   6.50E-03   8.50E-05   2.20E-04   1.22E-04   1.33E-04   9.01E-04   7.70E-07
 6.48E+06   1.47E-05   6.50E-03   8.51E-05   2.20E-04   1.22E-04   1.34E-04   9.02E-04   7.71E-07
 6.62E+06   1.48E-05   6.50E-03   8.51E-05   2.21E-04   1.23E-04   1.34E-04   9.02E-04   7.71E-07
 6.78E+06   1.49E-05   6.50E-03   8.52E-05   2.21E-04   1.23E-04   1.35E-04   9.03E-04   7.71E-07
 6.92E+06   1.49E-05   6.50E-03   8.52E-05   2.22E-04   1.24E-04   1.35E-04   9.03E-04   7.71E-07
 7.08E+06   1.50E-05   6.50E-03   8.53E-05   2.22E-04   1.24E-04   1.36E-04   9.03E-04   7.71E-07
 7.22E+06   1.52E-05   6.50E-03   8.53E-05   2.23E-04   1.25E-04   1.36E-04   9.03E-04   7.71E-07
 7.38E+06   1.53E-05   6.50E-03   8.53E-05   2.23E-04   1.25E-04   1.37E-04   9.03E-04   7.71E-07
 7.52E+06   1.55E-05   6.50E-03   8.54E-05   2.23E-04   1.26E-04   1.38E-04   9.03E-04   7.71E-07
 7.68E+06   1.57E-05   6.50E-03   8.54E-05   2.23E-04   1.26E-04   1.38E-04   9.03E-04   7.71E-07
 7.82E+06   1.59E-05   6.50E-03   8.54E-05   2.24E-04   1.27E-04   1.39E-04   9.03E-04   7.71E-07
 7.98E+06   1.61E-05   6.50E-03   8.54E-05   2.24E-04   1.28E-04   1.40E-04   9.03E-04   7.71E-07
 8.12E+06   1.64E-05   6.50E-03   8.54E-05   2.24E-04   1.28E-04   1.41E-04   9.03E-04   7.71E-07
 8.28E+06   1.66E-05   6.50E-03   8.54E-05   2.24E-04   1.29E-04   1.42E-04   9.03E-04   7.71E-07
 8.42E+06   1.68E-05   6.50E-03   8.54E-05   2.24E-04   1.30E-04   1.42E-04   9.03E-04   7.71E-07
 8.58E+06   1.71E-05   6.50E-03   8.54E-05   2.24E-04   1.30E-04   1.43E-04   9.03E-04   7.71E-07
 8.72E+06   1.73E-05   6.50E-03   8.54E-05   2.24E-04   1.31E-04   1.44E-04   9.03E-04   7.71E-07
 8.88E+06   1.75E-05   6.51E-03   8.54E-05   2.25E-04   1.32E-04   1.45E-04   9.03E-04   7.71E-07
 9.02E+06   1.78E-05   6.51E-03   8.54E-05   2.25E-04   1.32E-04   1.46E-04   9.03E-04   7.71E-07
 9.18E+06   1.81E-05   6.51E-03   8.54E-05   2.25E-04   1.33E-04   1.46E-04   9.03E-04   7.71E-07
 9.32E+06   1.84E-05   6.51E-03   8.54E-05   2.25E-04   1.34E-04   1.47E-04   9.03E-04   7.71E-07
 9.48E+06   1.87E-05   6.51E-03   8.54E-05   2.25E-04   1.34E-04   1.48E-04   9.03E-04   7.71E-07
 9.62E+06   1.91E-05   6.51E-03   8.54E-05   2.25E-04   1.35E-04   1.49E-04   9.03E-04   7.71E-07
 9.78E+06   1.97E-05   6.51E-03   8.54E-05   2.25E-04   1.36E-04   1.50E-04   9.03E-04   7.71E-07
 9.92E+06   2.06E-05   6.51E-03   8.54E-05   2.25E-04   1.37E-04   1.50E-04   9.04E-04   7.71E-07

     Z      PS2        PS4        PS3        PS8L       PS8R       PS8        PSO3       PHSO       
 2.50E+04   2.80E-05   1.15E-01   5.34E-01   0.00E+00   0.00E+00   7.60E-14   6.45E-08   4.93E-20
 1.75E+05   3.30E-05   1.19E-01   5.74E-01   0.00E+00   0.00E+00   1.07E-13   7.52E-08   3.97E-18
 3.25E+05   3.76E-05   1.22E-01   6.09E-01   0.00E+00   0.00E+00   1.45E-13   8.48E-08   2.12E-16
 4.75E+05   4.18E-05   1.26E-01   6.41E-01   0.00E+00   0.00E+00   1.94E-13   9.37E-08   7.03E-15
 6.25E+05   4.57E-05   1.28E-01   6.70E-01   0.00E+00   0.00E+00   2.55E-13   1.02E-07   1.50E-13
 7.75E+05   4.94E-05   1.31E-01   6.96E-01   0.00E+00   0.00E+00   3.32E-13   1.09E-07   2.14E-12
 9.25E+05   5.28E-05   1.33E-01   7.19E-01   0.00E+00   0.00E+00   4.32E-13   1.16E-07   2.15E-11
 1.08E+06   5.60E-05   1.36E-01   7.39E-01   0.00E+00   0.00E+00   5.69E-13   1.22E-07   1.57E-10
 1.22E+06   5.88E-05   1.37E-01   7.57E-01   0.00E+00   0.00E+00   7.59E-13   1.28E-07   8.10E-10
 1.38E+06   6.16E-05   1.39E-01   7.74E-01   0.00E+00   0.00E+00   1.01E-12   1.34E-07   3.17E-09
 1.52E+06   6.47E-05   1.41E-01   7.89E-01   0.00E+00   0.00E+00   1.35E-12   1.40E-07   1.03E-08
 1.68E+06   6.84E-05   1.43E-01   8.02E-01   0.00E+00   0.00E+00   1.81E-12   1.49E-07   2.98E-08
 1.82E+06   7.29E-05   1.45E-01   8.13E-01   0.00E+00   0.00E+00   2.41E-12   1.62E-07   7.90E-08
 1.98E+06   7.85E-05   1.46E-01   8.22E-01   0.00E+00   0.00E+00   3.20E-12   1.84E-07   1.95E-07
 2.12E+06   8.55E-05   1.47E-01   8.28E-01   0.00E+00   0.00E+00   4.27E-12   2.24E-07   4.50E-07
 2.28E+06   9.42E-05   1.47E-01   8.33E-01   0.00E+00   0.00E+00   5.69E-12   2.98E-07   9.73E-07
 2.42E+06   1.05E-04   1.48E-01   8.36E-01   0.00E+00   0.00E+00   7.61E-12   4.27E-07   1.97E-06
 2.58E+06   1.18E-04   1.48E-01   8.39E-01   0.00E+00   0.00E+00   1.02E-11   6.42E-07   3.76E-06
 2.72E+06   1.34E-04   1.49E-01   8.41E-01   0.00E+00   0.00E+00   1.37E-11   9.83E-07   6.75E-06
 2.88E+06   1.54E-04   1.49E-01   8.43E-01   0.00E+00   0.00E+00   1.85E-11   1.49E-06   1.14E-05
 3.02E+06   1.78E-04   1.49E-01   8.44E-01   0.00E+00   0.00E+00   2.51E-11   2.18E-06   1.83E-05
 3.18E+06   2.06E-04   1.49E-01   8.45E-01   0.00E+00   0.00E+00   3.40E-11   3.08E-06   2.79E-05
 3.32E+06   2.37E-04   1.49E-01   8.46E-01   0.00E+00   0.00E+00   4.62E-11   4.17E-06   4.05E-05
 3.48E+06   2.72E-04   1.49E-01   8.46E-01   0.00E+00   0.00E+00   6.27E-11   5.44E-06   5.65E-05
 3.62E+06   3.08E-04   1.50E-01   8.47E-01   0.00E+00   0.00E+00   8.48E-11   6.85E-06   7.58E-05
 3.78E+06   3.45E-04   1.50E-01   8.47E-01   0.00E+00   0.00E+00   1.14E-10   8.38E-06   9.86E-05
 3.92E+06   3.82E-04   1.50E-01   8.47E-01   0.00E+00   0.00E+00   1.53E-10   9.99E-06   1.24E-04
 4.08E+06   4.17E-04   1.50E-01   8.47E-01   0.00E+00   0.00E+00   2.05E-10   1.16E-05   1.51E-04
 4.22E+06   4.48E-04   1.50E-01   8.48E-01   0.00E+00   0.00E+00   2.72E-10   1.32E-05   1.78E-04
 4.38E+06   4.74E-04   1.50E-01   8.48E-01   0.00E+00   0.00E+00   3.57E-10   1.47E-05   2.03E-04
 4.52E+06   4.96E-04   1.50E-01   8.48E-01   0.00E+00   0.00E+00   4.61E-10   1.60E-05   2.24E-04
 4.68E+06   5.13E-04   1.50E-01   8.48E-01   0.00E+00   0.00E+00   5.89E-10   1.71E-05   2.42E-04
 4.82E+06   5.27E-04   1.50E-01   8.48E-01   0.00E+00   0.00E+00   7.43E-10   1.80E-05   2.56E-04
 4.98E+06   5.37E-04   1.50E-01   8.48E-01   0.00E+00   0.00E+00   9.31E-10   1.87E-05   2.68E-04
 5.12E+06   5.44E-04   1.50E-01   8.48E-01   0.00E+00   0.00E+00   1.16E-09   1.93E-05   2.76E-04
 5.28E+06   5.49E-04   1.50E-01   8.48E-01   0.00E+00   0.00E+00   1.43E-09   1.98E-05   2.83E-04
 5.42E+06   5.53E-04   1.50E-01   8.48E-01   0.00E+00   0.00E+00   1.77E-09   2.01E-05   2.88E-04
 5.58E+06   5.56E-04   1.50E-01   8.48E-01   0.00E+00   0.00E+00   2.18E-09   2.04E-05   2.91E-04
 5.72E+06   5.58E-04   1.50E-01   8.48E-01   0.00E+00   0.00E+00   2.68E-09   2.06E-05   2.94E-04
 5.88E+06   5.59E-04   1.50E-01   8.48E-01   0.00E+00   0.00E+00   3.29E-09   2.08E-05   2.96E-04
 6.02E+06   5.60E-04   1.50E-01   8.48E-01   0.00E+00   0.00E+00   4.05E-09   2.09E-05   2.98E-04
 6.18E+06   5.61E-04   1.50E-01   8.48E-01   0.00E+00   0.00E+00   4.99E-09   2.11E-05   2.99E-04
 6.32E+06   5.62E-04   1.50E-01   8.48E-01   0.00E+00   0.00E+00   6.16E-09   2.12E-05   3.00E-04
 6.48E+06   5.62E-04   1.50E-01   8.48E-01   0.00E+00   0.00E+00   7.60E-09   2.12E-05   3.01E-04
 6.62E+06   5.62E-04   1.50E-01   8.48E-01   0.00E+00   0.00E+00   9.40E-09   2.13E-05   3.01E-04
 6.78E+06   5.62E-04   1.50E-01   8.48E-01   0.00E+00   0.00E+00   1.16E-08   2.14E-05   3.02E-04
 6.92E+06   5.62E-04   1.50E-01   8.48E-01   0.00E+00   0.00E+00   1.44E-08   2.15E-05   3.02E-04
 7.08E+06   5.62E-04   1.50E-01   8.48E-01   0.00E+00   0.00E+00   1.80E-08   2.15E-05   3.02E-04
 7.22E+06   5.62E-04   1.50E-01   8.48E-01   0.00E+00   0.00E+00   2.24E-08   2.16E-05   3.03E-04
 7.38E+06   5.62E-04   1.50E-01   8.48E-01   0.00E+00   0.00E+00   2.80E-08   2.16E-05   3.03E-04
 7.52E+06   5.62E-04   1.50E-01   8.48E-01   0.00E+00   0.00E+00   3.51E-08   2.17E-05   3.03E-04
 7.68E+06   5.62E-04   1.50E-01   8.48E-01   0.00E+00   0.00E+00   4.40E-08   2.18E-05   3.04E-04
 7.82E+06   5.62E-04   1.50E-01   8.48E-01   0.00E+00   0.00E+00   5.52E-08   2.18E-05   3.04E-04
 7.98E+06   5.62E-04   1.50E-01   8.48E-01   0.00E+00   0.00E+00   6.92E-08   2.19E-05   3.04E-04
 8.12E+06   5.62E-04   1.50E-01   8.48E-01   0.00E+00   0.00E+00   8.68E-08   2.20E-05   3.04E-04
 8.28E+06   5.63E-04   1.50E-01   8.48E-01   0.00E+00   0.00E+00   1.09E-07   2.20E-05   3.05E-04
 8.42E+06   5.63E-04   1.50E-01   8.48E-01   0.00E+00   0.00E+00   1.36E-07   2.21E-05   3.05E-04
 8.58E+06   5.63E-04   1.50E-01   8.48E-01   0.00E+00   0.00E+00   1.71E-07   2.22E-05   3.05E-04
 8.72E+06   5.63E-04   1.50E-01   8.48E-01   0.00E+00   0.00E+00   2.14E-07   2.22E-05   3.06E-04
 8.88E+06   5.63E-04   1.50E-01   8.48E-01   0.00E+00   0.00E+00   2.68E-07   2.23E-05   3.06E-04
 9.02E+06   5.63E-04   1.50E-01   8.48E-01   0.00E+00   0.00E+00   3.36E-07   2.24E-05   3.06E-04
 9.18E+06   5.63E-04   1.50E-01   8.48E-01   0.00E+00   0.00E+00   4.20E-07   2.24E-05   3.06E-04
 9.32E+06   5.63E-04   1.50E-01   8.48E-01   0.00E+00   0.00E+00   5.26E-07   2.25E-05   3.07E-04
 9.48E+06   5.63E-04   1.50E-01   8.48E-01   0.00E+00   0.00E+00   6.57E-07   2.26E-05   3.07E-04
 9.62E+06   5.63E-04   1.50E-01   8.48E-01   0.00E+00   0.00E+00   8.20E-07   2.27E-05   3.07E-04
 9.78E+06   5.63E-04   1.50E-01   8.48E-01   0.00E+00   0.00E+00   1.02E-06   2.28E-05   3.07E-04
 9.92E+06   5.63E-04   1.50E-01   8.48E-01   0.00E+00   0.00E+00   1.28E-06   2.32E-05   3.07E-04

     Z      POCS       PNO3_NO    PNO3_NO2   PN2O       PHO2NO2_NO2PHO2NO2_NO3PN2O5_NO2  PN2O5_NO   
 2.50E+04   9.91E-12   1.06E-02   8.31E-02   6.00E-23   1.49E-06   3.72E-07   3.06E-10   9.97E-06
 1.75E+05   1.18E-11   1.08E-02   8.46E-02   5.92E-21   1.73E-06   4.33E-07   3.83E-10   1.14E-05
 3.25E+05   1.36E-11   1.10E-02   8.59E-02   3.93E-19   1.95E-06   4.89E-07   4.59E-10   1.27E-05
 4.75E+05   1.53E-11   1.12E-02   8.69E-02   1.54E-17   2.16E-06   5.39E-07   5.38E-10   1.39E-05
 6.25E+05   1.68E-11   1.14E-02   8.76E-02   3.59E-16   2.34E-06   5.86E-07   6.20E-10   1.50E-05
 7.75E+05   1.83E-11   1.15E-02   8.80E-02   5.36E-15   2.51E-06   6.28E-07   7.10E-10   1.60E-05
 9.25E+05   2.01E-11   1.17E-02   8.82E-02   5.48E-14   2.67E-06   6.68E-07   8.28E-10   1.69E-05
 1.08E+06   2.40E-11   1.19E-02   8.86E-02   4.09E-13   2.82E-06   7.04E-07   1.10E-09   1.77E-05
 1.22E+06   3.69E-11   1.20E-02   8.95E-02   2.20E-12   2.95E-06   7.37E-07   2.05E-09   1.84E-05
 1.38E+06   7.89E-11   1.21E-02   9.05E-02   8.94E-12   3.07E-06   7.68E-07   5.29E-09   1.91E-05
 1.52E+06   2.02E-10   1.23E-02   9.17E-02   2.99E-11   3.21E-06   8.02E-07   1.50E-08   1.97E-05
 1.68E+06   5.37E-10   1.24E-02   9.29E-02   8.77E-11   3.36E-06   8.41E-07   4.13E-08   2.04E-05
 1.82E+06   1.40E-09   1.26E-02   9.40E-02   2.33E-10   3.56E-06   8.91E-07   1.07E-07   2.11E-05
 1.98E+06   3.50E-09   1.27E-02   9.49E-02   5.73E-10   3.83E-06   9.60E-07   2.60E-07   2.18E-05
 2.12E+06   8.39E-09   1.27E-02   9.57E-02   1.30E-09   4.22E-06   1.06E-06   5.89E-07   2.27E-05
 2.28E+06   1.92E-08   1.28E-02   9.63E-02   2.76E-09   4.82E-06   1.22E-06   1.25E-06   2.36E-05
 2.42E+06   4.16E-08   1.29E-02   9.69E-02   5.42E-09   5.76E-06   1.47E-06   2.46E-06   2.46E-05
 2.58E+06   8.60E-08   1.29E-02   9.74E-02   9.91E-09   7.18E-06   1.85E-06   4.55E-06   2.58E-05
 2.72E+06   1.70E-07   1.29E-02   9.79E-02   1.69E-08   9.30E-06   2.43E-06   7.87E-06   2.72E-05
 2.88E+06   3.19E-07   1.29E-02   9.84E-02   2.69E-08   1.23E-05   3.25E-06   1.28E-05   2.88E-05
 3.02E+06   5.72E-07   1.30E-02   9.89E-02   4.03E-08   1.64E-05   4.36E-06   1.95E-05   3.06E-05
 3.18E+06   9.78E-07   1.30E-02   9.94E-02   5.70E-08   2.17E-05   5.79E-06   2.82E-05   3.27E-05
 3.32E+06   1.59E-06   1.30E-02   9.99E-02   7.67E-08   2.81E-05   7.54E-06   3.87E-05   3.49E-05
 3.48E+06   2.48E-06   1.30E-02   1.00E-01   9.86E-08   3.58E-05   9.61E-06   5.08E-05   3.73E-05
 3.62E+06   3.69E-06   1.30E-02   1.01E-01   1.22E-07   4.48E-05   1.20E-05   6.45E-05   3.99E-05
 3.78E+06   5.25E-06   1.30E-02   1.01E-01   1.46E-07   5.52E-05   1.48E-05   7.96E-05   4.27E-05
 3.92E+06   7.13E-06   1.30E-02   1.02E-01   1.70E-07   6.76E-05   1.81E-05   9.63E-05   4.57E-05
 4.08E+06   9.22E-06   1.30E-02   1.02E-01   1.93E-07   8.20E-05   2.18E-05   1.14E-04   4.88E-05
 4.22E+06   1.13E-05   1.30E-02   1.02E-01   2.12E-07   9.80E-05   2.60E-05   1.33E-04   5.20E-05
 4.38E+06   1.33E-05   1.30E-02   1.02E-01   2.29E-07   1.14E-04   3.02E-05   1.52E-04   5.51E-05
 4.52E+06   1.50E-05   1.30E-02   1.02E-01   2.42E-07   1.30E-04   3.41E-05   1.69E-04   5.79E-05
 4.68E+06   1.64E-05   1.30E-02   1.02E-01   2.54E-07   1.43E-04   3.76E-05   1.84E-04   6.02E-05
 4.82E+06   1.76E-05   1.30E-02   1.02E-01   2.63E-07   1.54E-04   4.06E-05   1.97E-04   6.21E-05
 4.98E+06   1.84E-05   1.30E-02   1.01E-01   2.72E-07   1.63E-04   4.29E-05   2.07E-04   6.36E-05
 5.12E+06   1.91E-05   1.30E-02   1.01E-01   2.80E-07   1.70E-04   4.48E-05   2.16E-04   6.47E-05
 5.28E+06   1.96E-05   1.30E-02   1.01E-01   2.88E-07   1.76E-04   4.62E-05   2.22E-04   6.55E-05
 5.42E+06   2.00E-05   1.30E-02   1.01E-01   2.95E-07   1.80E-04   4.73E-05   2.27E-04   6.61E-05
 5.58E+06   2.02E-05   1.30E-02   1.01E-01   3.01E-07   1.83E-04   4.81E-05   2.31E-04   6.66E-05
 5.72E+06   2.04E-05   1.30E-02   1.01E-01   3.08E-07   1.85E-04   4.87E-05   2.35E-04   6.69E-05
 5.88E+06   2.06E-05   1.30E-02   1.00E-01   3.13E-07   1.87E-04   4.92E-05   2.37E-04   6.71E-05
 6.02E+06   2.07E-05   1.30E-02   1.00E-01   3.19E-07   1.88E-04   4.96E-05   2.40E-04   6.72E-05
 6.18E+06   2.07E-05   1.30E-02   1.00E-01   3.23E-07   1.89E-04   4.99E-05   2.41E-04   6.74E-05
 6.32E+06   2.08E-05   1.30E-02   9.98E-02   3.28E-07   1.90E-04   5.01E-05   2.43E-04   6.74E-05
 6.48E+06   2.09E-05   1.31E-02   9.96E-02   3.33E-07   1.90E-04   5.02E-05   2.44E-04   6.75E-05
 6.62E+06   2.09E-05   1.31E-02   9.94E-02   3.38E-07   1.91E-04   5.04E-05   2.46E-04   6.75E-05
 6.78E+06   2.09E-05   1.31E-02   9.92E-02   3.44E-07   1.91E-04   5.05E-05   2.47E-04   6.75E-05
 6.92E+06   2.10E-05   1.31E-02   9.90E-02   3.53E-07   1.91E-04   5.05E-05   2.48E-04   6.75E-05
 7.08E+06   2.10E-05   1.31E-02   9.88E-02   3.67E-07   1.91E-04   5.06E-05   2.49E-04   6.75E-05
 7.22E+06   2.11E-05   1.31E-02   9.86E-02   3.87E-07   1.91E-04   5.06E-05   2.50E-04   6.75E-05
 7.38E+06   2.13E-05   1.31E-02   9.84E-02   4.15E-07   1.91E-04   5.07E-05   2.52E-04   6.76E-05
 7.52E+06   2.14E-05   1.31E-02   9.84E-02   4.53E-07   1.92E-04   5.07E-05   2.53E-04   6.76E-05
 7.68E+06   2.16E-05   1.31E-02   9.84E-02   4.95E-07   1.92E-04   5.07E-05   2.55E-04   6.76E-05
 7.82E+06   2.18E-05   1.31E-02   9.84E-02   5.41E-07   1.92E-04   5.07E-05   2.57E-04   6.76E-05
 7.98E+06   2.20E-05   1.31E-02   9.84E-02   5.89E-07   1.92E-04   5.07E-05   2.58E-04   6.76E-05
 8.12E+06   2.22E-05   1.31E-02   9.84E-02   6.37E-07   1.92E-04   5.08E-05   2.60E-04   6.76E-05
 8.28E+06   2.24E-05   1.31E-02   9.84E-02   6.84E-07   1.92E-04   5.08E-05   2.62E-04   6.76E-05
 8.42E+06   2.26E-05   1.31E-02   9.84E-02   7.32E-07   1.92E-04   5.08E-05   2.64E-04   6.76E-05
 8.58E+06   2.29E-05   1.31E-02   9.84E-02   7.83E-07   1.92E-04   5.08E-05   2.65E-04   6.76E-05
 8.72E+06   2.31E-05   1.31E-02   9.84E-02   8.41E-07   1.92E-04   5.08E-05   2.67E-04   6.76E-05
 8.88E+06   2.34E-05   1.31E-02   9.84E-02   9.11E-07   1.92E-04   5.08E-05   2.69E-04   6.76E-05
 9.02E+06   2.37E-05   1.31E-02   9.84E-02   9.98E-07   1.92E-04   5.08E-05   2.71E-04   6.76E-05
 9.18E+06   2.41E-05   1.31E-02   9.84E-02   1.11E-06   1.92E-04   5.08E-05   2.73E-04   6.76E-05
 9.32E+06   2.46E-05   1.31E-02   9.84E-02   1.25E-06   1.92E-04   5.08E-05   2.75E-04   6.76E-05
 9.48E+06   2.53E-05   1.31E-02   9.84E-02   1.41E-06   1.92E-04   5.08E-05   2.77E-04   6.76E-05
 9.62E+06   2.63E-05   1.31E-02   9.84E-02   1.59E-06   1.92E-04   5.08E-05   2.80E-04   6.76E-05
 9.78E+06   2.79E-05   1.31E-02   9.84E-02   1.81E-06   1.92E-04   5.08E-05   2.83E-04   6.76E-05
 9.92E+06   3.16E-05   1.31E-02   9.84E-02   2.08E-06   1.92E-04   5.08E-05   2.89E-04   6.76E-05
