   1      H2O      +  O1D       =    OH       +  OH                  
   2      H2       +  O1D       =    OH       +  H                   
   3      H2       +  O         =    OH       +  H                   
   4      H2       +  OH        =    H2O      +  H                   
   5      H        +  O3        =    OH       +  O2                  
   6      H        +  O2        =    HO2      +                      
   7      H        +  HO2       =    H2       +  O2                  
   8      H        +  HO2       =    H2O      +  O                   
   9      H        +  HO2       =    OH       +  OH                  
  10      OH       +  O         =    H        +  O2                  
  11      OH       +  HO2       =    H2O      +  O2                  
  12      OH       +  O3        =    HO2      +  O2                  
  13      HO2      +  O         =    OH       +  O2                  
  14      HO2      +  O3        =    OH       +  O2          O2      
  15      HO2      +  HO2       =    H2O2     +  O2                  
  16      H2O2     +  OH        =    HO2      +  H2O                 
  17      O        +  O         =    O2       +                      
  18      O        +  O2        =    O3       +                      
  19      O        +  O3        =    O2       +  O2                  
  20      OH       +  OH        =    H2O      +  O                   
  21      O1D      +  N2        =    O        +  N2                  
  22      O1D      +  O2        =    O        +  O2                  
  23      O2       +  HV        =    O        +  O1D                 
  24      O2       +  HV        =    O        +  O                   
  25      H2O      +  HV        =    H        +  OH                  
  26      H2O      +  HV        =    H2       +  O1D                 
  27      H2O      +  HV        =    H        +  H           O       
  28      O3       +  HV        =    O2       +  O1D                 
  29      O3       +  HV        =    O2       +  O                   
  30      O3       +  HV        =    O        +  O           O       
  31      H        +  CO        =    HCO      +                      
  32      H        +  HCO       =    H2       +  CO                  
  33      HCO      +  HCO       =    H2CO     +  CO                  
  34      OH       +  HCO       =    H2O      +  CO                  
  35      O        +  HCO       =    H        +  CO2                 
  36      O        +  HCO       =    OH       +  CO                  
  37      H2O2     +  HV        =    OH       +  OH                  
  38      CO2      +  HV        =    CO       +  O                   
  39      CO2      +  HV        =    CO       +  O1D                 
  40      CO       +  OH        =    CO2      +  H                   
  41      CO       +  O         =    CO2      +                      
  42      H2CO     +  HV        =    H2       +  CO                  
  43      H2CO     +  HV        =    HCO      +  H                   
  44      HCO      +  HV        =    H        +  CO                  
  45      H2CO     +  H         =    H2       +  HCO                 
  46      H        +  H         =    H2       +                      
  47      HCO      +  O2        =    HO2      +  CO                  
  48      H2CO     +  OH        =    H2O      +  HCO                 
  49      H        +  OH        =    H2O      +                      
  50      OH       +  OH        =    H2O2     +                      
  51      H2CO     +  O         =    HCO      +  OH                  
  52      H2O2     +  O         =    OH       +  HO2                 
  53      HO2      +  HV        =    OH       +  O                   
  54      CH4      +  HV        =    CH21     +  H2                  
  55      CH4      +  HV        =    CH3      +  H                   
  56      CH4      +  HV        =    CH23     +  H           H       
  57      C2H6     +  HV        =    CH23     +  CH23        H2      
  58      C2H6     +  HV        =    CH4      +  CH21                
  59      HNO2     +  HV        =    NO       +  OH                  
  60      HNO3     +  HV        =    NO2      +  OH                  
  61      HNO3     +  HV        =    HNO2     +  O                   
  62      HNO3     +  HV        =    HNO2     +  O1D                 
  63      NO       +  HV        =    N        +  O                   
  64      NO2      +  HV        =    NO       +  O1D                 
  65      NO2      +  HV        =    NO       +  O                   
  66      CH4      +  OH        =    CH3      +  H2O                 
  67      CH4      +  O1D       =    CH3      +  OH                  
  68      CH4      +  O1D       =    H2CO     +  H2                  
  69      CH21     +  CH4       =    CH3      +  CH3                 
  70      CH21     +  O2        =    HCO      +  OH                  
  71      CH21     +  N2        =    CH23     +  N2                  
  72      CH23     +  H2        =    CH3      +  H                   
  73      CH23     +  CH4       =    CH3      +  CH3                 
  74      CH23     +  O2        =    HCO      +  OH                  
  75      CH3      +  O2        =    H2CO     +  OH                  
  76      CH3      +  O         =    H2CO     +  H                   
  77      CH3      +  CH3       =    C2H6     +                      
  78      CH3      +  HV        =    CH21     +  H                   
  79      CH3      +  H         =    CH4      +                      
  80      CH3      +  HCO       =    CH4      +  CO                  
  81      CH3      +  HNO       =    CH4      +  NO                  
  82      CH3      +  H2CO      =    CH4      +  HCO                 
  83      H        +  NO        =    HNO      +                      
  84      N        +  N         =    N2       +                      
  85      N        +  O2        =    NO       +  O                   
  86      N        +  O3        =    NO       +  O2                  
  87      N        +  OH        =    NO       +  H                   
  88      N        +  NO        =    N2       +  O                   
  89      NO       +  O3        =    NO2      +  O2                  
  90      NO       +  O         =    NO2      +                      
  91      NO       +  HO2       =    NO2      +  OH                  
  92      NO       +  OH        =    HNO2     +                      
  93      NO2      +  O         =    NO       +  O2                  
  94      NO2      +  OH        =    HNO3     +                      
  95      NO2      +  H         =    NO       +  OH                  
  96      HNO3     +  OH        =    H2O      +  NO3                 
  97      HCO      +  NO        =    HNO      +  CO                  
  98      HNO      +  HV        =    NO       +  H                   
  99      H        +  HNO       =    H2       +  NO                  
 100      O        +  HNO       =    OH       +  NO                  
 101      OH       +  HNO       =    H2O      +  NO                  
 102      HNO2     +  OH        =    H2O      +  NO2                 
 103      CH4      +  O         =    CH3      +  OH                  
 104      CH21     +  H2        =    CH3      +  H                   
 105      CH21     +  CO2       =    H2CO     +  CO                  
 106      CH23     +  O         =    HCO      +  H                   
 107      CH23     +  CO2       =    H2CO     +  CO                  
 108      C2H6     +  OH        =    C2H5     +  H2O                 
 109      C2H6     +  O         =    C2H5     +  OH                  
 110      C2H6     +  O1D       =    C2H5     +  OH                  
 111      C2H5     +  H         =    CH3      +  CH3                 
 112      C2H5     +  O         =    CH3      +  HCO         H       
 113      C2H5     +  OH        =    CH3      +  HCO         H2      
 114      C2H5     +  HCO       =    C2H6     +  CO                  
 115      C2H5     +  HNO       =    C2H6     +  NO                  
 116      C2H5     +  O2        =    CH3      +  HCO         OH      
 117      SO       +  HV        =    S        +  O                   
 118      H2S      +  HV        =    HS       +  H                   
 119      SO2      +  HV        =    SO       +  O                   
 120      SO2      +  HV        =    SO21     +                      
 121      SO2      +  HV        =    SO23     +                      
 122      SO       +  O2        =    O        +  SO2                 
 123      SO       +  HO2       =    SO2      +  OH                  
 124      SO       +  O         =    SO2      +                      
 125      SO       +  OH        =    SO2      +  H                   
 126      SO2      +  OH        =    HSO3     +                      
 127      SO2      +  O         =    SO3      +                      
 128      SO3      +  H2O       =    H2SO4    +                      
 129      HSO3     +  O2        =    HO2      +  SO3                 
 130      HSO3     +  OH        =    H2O      +  SO3                 
 131      HSO3     +  H         =    H2       +  SO3                 
 132      HSO3     +  O         =    OH       +  SO3                 
 133      H2S      +  OH        =    H2O      +  HS                  
 134      H2S      +  H         =    H2       +  HS                  
 135      H2S      +  O         =    OH       +  HS                  
 136      HS       +  O         =    H        +  SO                  
 137      HS       +  O2        =    OH       +  SO                  
 138      HS       +  HO2       =    H2S      +  O2                  
 139      HS       +  HS        =    H2S      +  S                   
 140      HS       +  HCO       =    H2S      +  CO                  
 141      HS       +  H         =    H2       +  S                   
 142      HS       +  S         =    H        +  S2                  
 143      S        +  O2        =    SO       +  O                   
 144      S        +  OH        =    SO       +  H                   
 145      S        +  HCO       =    HS       +  CO                  
 146      S        +  HO2       =    HS       +  O2                  
 147      S        +  HO2       =    SO       +  OH                  
 148      S        +  S         =    S2       +                      
 149      S2       +  OH        =    HSO      +  S                   
 150      S2       +  O         =    S        +  SO                  
 151      HS       +  H2CO      =    H2S      +  HCO                 
 152      S2       +  HV        =    S        +  S                   
 153      S2       +  HV        =    S2       +                      
 154      S        +  S2        =    S3       +                      
 155      S2       +  S2        =    S4       +                      
 156      S        +  S3        =    S4       +                      
 157      S4       +  S4        =    S8       +                      
 158      S4       +  HV        =    S2       +  S2                  
 159      S3       +  HV        =    S2       +  S                   
 160      S8       +  HV        =    S4       +  S4                  
 161      S8       +  HV        =    S4       +  S4                  
 162      S8       +  HV        =    S4       +  S4                  
 163      SO3      +  HV        =    SO2      +  O                   
 164      SO21     +  M         =    SO23     +  M                   
 165      SO21     +  M         =    SO2      +  M                   
 166      SO21     +  HV        =    SO23     +  HV                  
 167      SO21     +  HV        =    SO2      +  HV                  
 168      SO21     +  O2        =    SO3      +  O                   
 169      SO21     +  SO2       =    SO3      +  SO                  
 170      SO23     +  M         =    SO2      +  M                   
 171      SO23     +  HV        =    SO2      +  HV                  
 172      SO23     +  SO2       =    SO3      +  SO                  
 173      SO       +  NO2       =    SO2      +  NO                  
 174      SO       +  O3        =    SO2      +  O2                  
 175      SO2      +  HO2       =    SO3      +  OH                  
 176      HS       +  O3        =    HSO      +  O2                  
 177      HS       +  NO2       =    HSO      +  NO                  
 178      S        +  O3        =    SO       +  O2                  
 179      SO       +  SO        =    SO2      +  S                   
 180      SO3      +  SO        =    SO2      +  SO2                 
 181      S        +  CO2       =    SO       +  CO                  
 182      SO       +  HO2       =    HSO      +  O2                  
 183      SO       +  HCO       =    HSO      +  CO                  
 184      H        +  SO        =    HSO      +                      
 185      HSO      +  HV        =    HS       +  O                   
 186      HSO      +  NO        =    HNO      +  SO                  
 187      HSO      +  OH        =    H2O      +  SO                  
 188      HSO      +  H         =    HS       +  OH                  
 189      HSO      +  H         =    H2       +  SO                  
 190      HSO      +  HS        =    H2S      +  SO                  
 191      HSO      +  O         =    OH       +  SO                  
 192      HSO      +  S         =    HS       +  SO                  
 193      SO3      +  CO        =    SO2      +  CO2                 
 194      H        +  OCS       =    CO       +  HS                  
 195      HS       +  CO        =    OCS      +  H                   
 196      O        +  OCS       =    CO       +  SO                  
 197      O        +  OCS       =    S        +  CO2                 
 198      OCS      +  S         =    CO       +  S2                  
 199      OCS      +  OH        =    CO2      +  HS                  
 200      S        +  HCO       =    OCS      +  H                   
 201      S        +  CO        =    OCS      +                      
 202      OCS      +  HV        =    CO       +  S                   
 203      CO       +  O1D       =    CO       +  O                   
 204      CO       +  O1D       =    CO2      +                      
 205      H2S      +  HO2       =    H2O      +  HSO                 
 206      OCS      +  S         =    OCS2     +                      
 207      OCS2     +  S         =    OCS      +  S2                  
 208      S3       +  O         =    S2       +  SO                  
 209      S4       +  O         =    S3       +  SO                  
 210      OCS2     +  CO        =    OCS      +  OCS                 
 211      O        +  NO3       =    O2       +  NO2                 
 212      HO2      +  NO3       =    OH       +  NO2         O2      
 213      NO       +  NO3       =    NO2      +  NO2                 
 214      O        +  NO2       =    NO3      +                      
 215      OH       +  NO3       =    HO2      +  NO2                 
 216      NO3      +  HV        =    NO       +  O2                  
 217      NO3      +  HV        =    NO2      +  O                   
 218      N        +  NO2       =    N2O      +  O                   
 219      O1D      +  N2        =    N2O      +                      
 220      O1D      +  N2O       =    N2       +  O2                  
 221      O1D      +  N2O       =    NO       +  NO                  
 222      N2O      +  HV        =    N2       +  O1D                 
 223      N        +  HO2       =    NO       +  OH                  
 224      O        +  N2O5      =    NO2      +  NO2         O2      
 225      NO2      +  NO3       =    N2O5     +                      
 226      N2O5     +  M         =    NO3      +  NO2                 
 227      NO2      +  NO3       =    NO       +  NO2         O2      
 228      NO2      +  O3        =    NO3      +  O2                  
 229      NO3      +  NO3       =    NO2      +  NO2         O2      
 230      HO2      +  NO2       =    HO2NO2   +                      
 231      O        +  HO2NO2    =    OH       +  NO2         O2      
 232      OH       +  HO2NO2    =    H2O      +  NO2         O2      
 233      HO2NO2   +  M         =    HO2      +  NO2                 
 234      HO2NO2   +  HV        =    HO2      +  NO2                 
 235      HO2NO2   +  HV        =    OH       +  NO3                 
 236      N2O5     +  HV        =    NO3      +  NO2                 
 237      N2O5     +  HV        =    NO3      +  NO          O       
 238      O        +  HNO3      =    OH       +  NO3                 
 239      HO2      +  NO2       =    HNO2     +  O2                  


 NQ=40     NZ=200     KJAC= 968000

 PO2= 1.341E-01  PNO= 3.350E-02  ZAPO2= 4.723E+03  ZAPNO = 1.180E+03  PRONO = 1.000E+09  PRONOP = 9.374E+08  ZAPCO = 1.034E+01  ZAPH2 = 1.370E+02
 N= 3     X= 6.87230E-01  ERR= 1.49244E-06

 TIME = 0.00E+00     TIMEY = 0.00E+00 YEARS

 NPHOT =    0

 MIXING RATIOS OF LONG-LIVED SPECIES


     Z        O        O2       H2O      H        OH       HO2      H2O2     H2       CO       HCO      H2CO     CH4      CH3      C2H6     NO       NO2      HNO      H2S     
  2.50E+04 3.70E-17 1.89E-01 1.14E-02 5.17E-21 4.90E-14 1.15E-11 1.13E-09 5.30E-07 1.10E-07 2.12E-22 2.58E-10 1.80E-06 1.86E-21 9.95E-27 2.44E-12 5.23E-12 1.45E-17 8.47E-12
  7.50E+04 4.24E-17 1.89E-01 9.53E-03 5.59E-21 5.25E-14 1.18E-11 1.20E-09 5.30E-07 1.07E-07 2.30E-22 2.55E-10 1.80E-06 1.87E-21 9.95E-27 2.66E-12 5.31E-12 1.43E-17 5.78E-12
  1.25E+05 4.93E-17 1.89E-01 7.98E-03 6.08E-21 5.69E-14 1.19E-11 1.22E-09 5.31E-07 1.04E-07 2.40E-22 2.42E-10 1.80E-06 1.89E-21 9.95E-27 2.96E-12 5.54E-12 1.21E-17 3.92E-12
  1.75E+05 5.78E-17 1.89E-01 6.55E-03 6.59E-21 6.17E-14 1.20E-11 1.23E-09 5.31E-07 1.01E-07 2.46E-22 2.28E-10 1.79E-06 1.91E-21 9.96E-27 3.36E-12 5.90E-12 9.60E-18 2.66E-12
  3.75E+05 1.13E-16 1.89E-01 2.54E-03 8.85E-21 8.34E-14 1.10E-11 1.04E-09 5.32E-07 9.01E-08 2.54E-22 1.67E-10 1.79E-06 1.88E-21 1.00E-26 6.20E-12 8.54E-12 3.40E-18 5.49E-13
  5.75E+05 2.10E-16 1.89E-01 6.92E-04 9.70E-21 9.34E-14 8.40E-12 6.60E-10 5.32E-07 8.12E-08 1.92E-22 9.90E-11 1.78E-06 1.38E-21 1.03E-26 9.91E-12 9.69E-12 1.05E-18 1.23E-13
  7.75E+05 3.48E-16 1.89E-01 1.14E-04 7.84E-21 7.78E-14 5.10E-12 3.37E-10 5.32E-07 7.46E-08 9.21E-23 4.19E-11 1.78E-06 6.30E-22 1.10E-26 1.25E-11 7.39E-12 3.27E-19 3.61E-14
  9.75E+05 5.45E-16 1.89E-01 1.15E-05 9.17E-21 9.35E-14 2.48E-12 1.47E-10 5.33E-07 6.98E-08 5.71E-23 1.97E-11 1.78E-06 3.54E-22 1.22E-26 3.37E-11 1.03E-11 2.44E-19 1.27E-14
  1.18E+06 1.34E-15 1.89E-01 4.18E-06 1.19E-20 1.05E-13 1.24E-12 4.24E-11 5.33E-07 6.35E-08 4.75E-23 1.23E-11 1.78E-06 3.37E-22 1.67E-26 7.56E-11 1.80E-11 1.18E-19 3.51E-15
  1.38E+06 5.95E-15 1.89E-01 3.96E-06 9.22E-21 7.25E-14 3.46E-13 2.49E-12 5.32E-07 5.14E-08 2.94E-23 6.14E-12 1.76E-06 2.55E-22 4.46E-26 2.02E-10 7.01E-11 2.74E-20 3.68E-16
  1.58E+06 2.93E-14 1.89E-01 4.04E-06 9.51E-21 7.15E-14 1.93E-13 1.57E-13 5.29E-07 3.74E-08 3.08E-23 4.66E-12 1.72E-06 3.18E-22 1.33E-25 4.48E-10 2.71E-10 6.43E-21 2.36E-17
  1.78E+06 1.19E-13 1.89E-01 4.19E-06 1.47E-20 1.06E-13 2.43E-13 1.38E-13 5.23E-07 2.58E-08 5.28E-23 5.49E-12 1.64E-06 6.39E-22 3.15E-25 7.45E-10 6.67E-10 1.45E-20 1.02E-18
  1.98E+06 4.16E-13 1.89E-01 4.39E-06 2.93E-20 1.92E-13 4.60E-13 3.05E-13 5.13E-07 1.82E-08 1.10E-22 7.62E-12 1.55E-06 1.55E-21 6.27E-25 1.05E-09 1.21E-09 2.70E-20 3.03E-20
  2.18E+06 1.31E-12 1.89E-01 4.61E-06 7.28E-20 3.87E-13 1.06E-12 9.74E-13 5.01E-07 1.41E-08 2.50E-22 1.13E-11 1.44E-06 4.16E-21 1.13E-24 1.37E-09 1.88E-09 3.00E-20 6.42E-22
  2.38E+06 3.82E-12 1.89E-01 4.84E-06 2.13E-19 8.36E-13 2.53E-12 3.24E-12 4.87E-07 1.21E-08 5.99E-22 1.71E-11 1.33E-06 1.17E-20 1.99E-24 1.80E-09 2.75E-09 3.51E-20 1.72E-23
  2.58E+06 1.05E-11 1.89E-01 5.08E-06 7.05E-19 1.86E-12 5.77E-12 9.42E-12 4.70E-07 1.13E-08 1.47E-21 2.56E-11 1.22E-06 3.37E-20 3.63E-24 2.46E-09 3.90E-09 5.29E-20 1.52E-23
  2.78E+06 2.72E-11 1.89E-01 5.32E-06 2.60E-18 4.09E-12 1.21E-11 2.22E-11 4.51E-07 1.10E-08 3.56E-21 3.64E-11 1.10E-06 9.68E-20 7.12E-24 3.41E-09 5.31E-09 1.04E-19 1.92E-23
  2.98E+06 6.71E-11 1.89E-01 5.56E-06 1.07E-17 8.47E-12 2.26E-11 4.10E-11 4.29E-07 1.12E-08 8.16E-21 4.87E-11 9.91E-07 2.71E-19 1.53E-23 4.69E-09 6.73E-09 2.27E-19 1.85E-23
  3.18E+06 1.60E-10 1.89E-01 5.81E-06 4.66E-17 1.59E-11 3.70E-11 5.91E-11 4.05E-07 1.16E-08 1.71E-20 6.08E-11 8.78E-07 7.23E-19 3.60E-23 6.22E-09 7.79E-09 4.93E-19 1.41E-23
  3.38E+06 3.71E-10 1.89E-01 6.05E-06 2.08E-16 2.74E-11 5.40E-11 6.95E-11 3.79E-07 1.22E-08 3.24E-20 7.16E-11 7.69E-07 1.82E-18 8.92E-23 7.84E-09 8.11E-09 1.01E-18 9.63E-24
  3.58E+06 8.42E-10 1.89E-01 6.28E-06 9.29E-16 4.45E-11 7.20E-11 7.05E-11 3.54E-07 1.28E-08 5.71E-20 7.98E-11 6.65E-07 4.28E-18 2.23E-22 9.35E-09 7.58E-09 1.93E-18 6.84E-24
  3.78E+06 1.89E-09 1.89E-01 6.48E-06 4.17E-15 7.12E-11 9.01E-11 6.42E-11 3.31E-07 1.33E-08 9.70E-20 8.54E-11 5.72E-07 9.71E-18 5.40E-22 1.07E-08 6.38E-09 3.53E-18 5.66E-24
  3.98E+06 4.24E-09 1.89E-01 6.65E-06 1.90E-14 1.15E-10 1.08E-10 5.48E-11 3.13E-07 1.35E-08 1.63E-19 8.83E-11 4.92E-07 2.15E-17 1.26E-21 1.17E-08 4.78E-09 6.28E-18 5.08E-24
  4.18E+06 9.43E-09 1.89E-01 6.79E-06 8.50E-14 1.82E-10 1.28E-10 4.65E-11 3.01E-07 1.37E-08 2.68E-19 8.72E-11 4.24E-07 4.60E-17 2.81E-21 1.25E-08 3.11E-09 1.06E-17 4.63E-24
  4.38E+06 2.00E-08 1.89E-01 6.89E-06 3.39E-13 2.70E-10 1.51E-10 4.15E-11 2.97E-07 1.38E-08 4.06E-19 8.06E-11 3.71E-07 8.91E-17 5.77E-21 1.26E-08 1.73E-09 1.58E-17 4.40E-24
  4.58E+06 3.84E-08 1.89E-01 6.96E-06 1.10E-12 3.62E-10 1.77E-10 3.89E-11 3.03E-07 1.40E-08 5.42E-19 6.97E-11 3.31E-07 1.49E-16 1.07E-20 1.21E-08 8.67E-10 2.03E-17 4.47E-24
  4.78E+06 6.55E-08 1.89E-01 6.99E-06 2.89E-12 4.43E-10 2.02E-10 3.71E-11 3.19E-07 1.46E-08 6.37E-19 5.79E-11 3.03E-07 2.14E-16 1.83E-20 1.12E-08 4.16E-10 2.29E-17 4.77E-24
  4.98E+06 1.02E-07 1.89E-01 6.99E-06 6.50E-12 5.08E-10 2.25E-10 3.51E-11 3.45E-07 1.60E-08 6.92E-19 4.76E-11 2.83E-07 2.82E-16 3.02E-20 1.01E-08 2.00E-10 2.37E-17 5.10E-24
  5.18E+06 1.50E-07 1.89E-01 6.98E-06 1.33E-11 5.60E-10 2.44E-10 3.23E-11 3.80E-07 1.87E-08 7.26E-19 3.91E-11 2.69E-07 3.62E-16 4.93E-20 9.02E-09 9.86E-11 2.32E-17 5.24E-24
  5.38E+06 2.11E-07 1.89E-01 6.94E-06 2.57E-11 6.04E-10 2.61E-10 2.93E-11 4.23E-07 2.33E-08 7.46E-19 3.21E-11 2.58E-07 4.56E-16 7.99E-20 7.97E-09 4.99E-11 2.20E-17 5.20E-24
  5.58E+06 2.92E-07 1.89E-01 6.90E-06 4.83E-11 6.45E-10 2.77E-10 2.64E-11 4.77E-07 3.10E-08 7.59E-19 2.64E-11 2.50E-07 5.69E-16 1.28E-19 6.99E-09 2.58E-11 2.05E-17 5.07E-24
  5.78E+06 3.99E-07 1.89E-01 6.83E-06 8.97E-11 6.89E-10 2.94E-10 2.38E-11 5.42E-07 4.31E-08 7.68E-19 2.17E-11 2.43E-07 7.06E-16 2.02E-19 6.09E-09 1.36E-11 1.90E-17 4.94E-24
  5.98E+06 5.39E-07 1.89E-01 6.75E-06 1.66E-10 7.40E-10 3.15E-10 2.18E-11 6.21E-07 6.11E-08 7.73E-19 1.78E-11 2.36E-07 8.65E-16 3.12E-19 5.29E-09 7.38E-12 1.76E-17 4.91E-24
  6.18E+06 7.20E-07 1.89E-01 6.65E-06 3.09E-10 8.03E-10 3.40E-10 2.03E-11 7.16E-07 8.73E-08 7.72E-19 1.46E-11 2.30E-07 1.04E-15 4.73E-19 4.58E-09 4.11E-12 1.65E-17 5.06E-24
  6.38E+06 9.52E-07 1.89E-01 6.53E-06 5.79E-10 8.79E-10 3.72E-10 1.94E-11 8.30E-07 1.25E-07 7.66E-19 1.19E-11 2.23E-07 1.22E-15 7.04E-19 3.95E-09 2.38E-12 1.55E-17 5.48E-24
  6.58E+06 1.25E-06 1.89E-01 6.38E-06 1.09E-09 9.73E-10 4.12E-10 1.88E-11 9.69E-07 1.77E-07 7.55E-19 9.59E-12 2.16E-07 1.38E-15 1.03E-18 3.41E-09 1.44E-12 1.48E-17 6.20E-24
  6.78E+06 1.64E-06 1.89E-01 6.19E-06 2.09E-09 1.09E-09 4.62E-10 1.89E-11 1.14E-06 2.48E-07 7.60E-19 7.78E-12 2.07E-07 1.51E-15 1.48E-18 2.95E-09 9.17E-13 1.44E-17 7.36E-24
  6.98E+06 2.12E-06 1.89E-01 5.97E-06 4.09E-09 1.26E-09 5.36E-10 2.04E-11 1.34E-06 3.45E-07 9.52E-19 6.99E-12 1.97E-07 1.75E-15 2.10E-18 2.57E-09 6.31E-13 1.45E-17 9.97E-24
  7.18E+06 2.58E-06 1.88E-01 5.69E-06 8.38E-09 1.58E-09 6.87E-10 2.65E-11 1.60E-06 4.77E-07 2.28E-18 9.88E-12 1.85E-07 3.05E-15 2.94E-18 2.26E-09 5.13E-13 1.63E-17 1.91E-23
  7.38E+06 2.94E-06 1.88E-01 5.36E-06 1.84E-08 2.24E-09 1.00E-09 4.24E-11 1.90E-06 6.53E-07 7.89E-18 2.28E-11 1.70E-07 8.88E-15 4.06E-18 2.03E-09 5.23E-13 2.14E-17 5.30E-23
  7.58E+06 3.48E-06 1.88E-01 4.94E-06 4.37E-08 3.28E-09 1.49E-09 6.80E-11 2.27E-06 8.89E-07 2.46E-17 5.17E-11 1.53E-07 2.57E-14 5.44E-18 1.87E-09 5.51E-13 2.94E-17 1.36E-22
  7.78E+06 4.48E-06 1.88E-01 4.45E-06 1.08E-07 4.65E-09 2.11E-09 9.85E-11 2.69E-06 1.20E-06 6.13E-17 9.41E-11 1.34E-07 5.54E-14 6.76E-18 1.78E-09 5.29E-13 4.01E-17 2.79E-22
  7.98E+06 7.17E-06 1.88E-01 3.87E-06 3.08E-07 6.24E-09 2.74E-09 1.05E-10 3.11E-06 1.60E-06 1.24E-16 1.28E-10 1.13E-07 7.71E-14 7.08E-18 1.75E-09 3.93E-13 5.24E-17 3.13E-22
  8.18E+06 3.56E-05 1.88E-01 3.20E-06 9.02E-07 3.30E-09 1.23E-09 3.52E-11 3.41E-06 2.11E-06 2.30E-16 8.31E-11 9.29E-08 2.87E-14 6.07E-18 1.78E-09 4.83E-14 2.37E-17 1.99E-23
  8.38E+06 1.95E-04 1.87E-01 2.52E-06 1.79E-06 1.46E-09 3.37E-10 5.29E-12 3.54E-06 2.72E-06 3.52E-16 2.84E-11 7.36E-08 7.93E-15 4.67E-18 1.93E-09 7.53E-15 6.98E-18 1.64E-25
  8.58E+06 7.03E-04 1.87E-01 1.91E-06 2.68E-06 8.33E-10 1.05E-10 5.56E-13 3.59E-06 3.39E-06 4.51E-16 1.11E-11 5.66E-08 2.97E-15 3.24E-18 2.30E-09 4.66E-15 2.58E-18 5.01E-28
  8.78E+06 1.86E-03 1.86E-01 1.41E-06 3.44E-06 5.33E-10 3.79E-11 4.26E-14 3.59E-06 4.10E-06 5.03E-16 5.26E-12 4.23E-08 1.40E-15 2.00E-18 3.02E-09 4.33E-15 1.23E-18 2.52E-30
  8.98E+06 3.98E-03 1.84E-01 1.01E-06 4.05E-06 3.50E-10 1.54E-11 2.55E-15 3.58E-06 4.83E-06 4.99E-16 2.90E-12 3.09E-08 7.67E-16 1.11E-18 4.31E-09 4.55E-15 7.20E-19 5.39E-32
  9.18E+06 7.27E-03 1.81E-01 7.09E-07 4.51E-06 2.29E-10 6.94E-12 1.52E-16 3.55E-06 5.54E-06 4.56E-16 1.81E-12 2.21E-08 4.76E-16 5.63E-19 6.25E-09 4.88E-15 4.76E-19 2.36E-33
  9.38E+06 1.18E-02 1.78E-01 4.92E-07 4.85E-06 1.47E-10 3.38E-12 1.36E-17 3.53E-06 6.22E-06 4.02E-16 1.24E-12 1.58E-08 3.27E-16 2.71E-19 8.27E-09 4.80E-15 3.13E-19 1.68E-34
  9.58E+06 1.73E-02 1.74E-01 3.44E-07 5.09E-06 9.28E-11 1.76E-12 2.05E-18 3.50E-06 6.82E-06 3.61E-16 9.43E-13 1.14E-08 2.48E-16 1.30E-19 9.34E-09 4.03E-15 1.88E-19 1.77E-35
  9.78E+06 2.36E-02 1.69E-01 2.53E-07 5.25E-06 5.74E-11 9.76E-13 4.30E-19 3.47E-06 7.27E-06 3.55E-16 8.35E-13 8.83E-09 2.20E-16 6.76E-20 9.45E-09 3.04E-15 1.08E-19 2.62E-36
  9.98E+06 2.90E-02 1.65E-01 2.20E-07 5.32E-06 3.52E-11 5.88E-13 1.37E-19 3.46E-06 7.51E-06 4.65E-16 1.08E-12 8.02E-09 2.82E-16 4.75E-20 9.28E-09 2.23E-15 6.58E-20 6.08E-37

     Z        HS       S        SO       SO2      H2SO4    HSO      S2       S4       S8       SO3      OCS      S3       O3       HNO3     N        NO3      N2O      HO2NO2  
  2.50E+04 1.60E-17 1.19E-32 1.64E-19 6.25E-11 4.23E-12 4.26E-13 1.10E-36 1.61E-63 4.83-108 1.73E-21 3.37E-22 7.54E-61 1.34E-08 3.23E-11 1.12-221 4.88E-16 3.00E-07 1.14E-13
  7.50E+04 1.15E-17 6.14E-33 1.45E-19 9.61E-11 6.41E-12 4.03E-13 6.86E-37 5.63E-64 4.83-108 3.51E-21 3.36E-22 2.14E-61 1.41E-08 3.60E-11 6.98-215 4.71E-16 3.00E-07 1.64E-13
  1.25E+05 8.27E-18 3.17E-33 1.22E-19 1.25E-10 8.65E-12 3.20E-13 3.64E-37 1.42E-64 4.83-108 5.99E-21 3.36E-22 5.18E-62 1.50E-08 4.06E-11 3.69-208 4.75E-16 3.00E-07 2.42E-13
  1.75E+05 5.90E-18 1.61E-33 1.01E-19 1.51E-10 1.10E-11 2.36E-13 1.76E-37 2.98E-65 4.83-108 9.74E-21 3.36E-22 1.12E-62 1.61E-08 4.64E-11 1.64-201 4.94E-16 3.00E-07 3.70E-13
  3.75E+05 1.43E-18 9.30E-35 4.14E-20 2.39E-10 2.00E-11 5.58E-14 5.96E-39 2.18E-68 4.83-108 6.25E-20 3.35E-22 1.35E-65 2.26E-08 7.38E-11 1.00-175 6.62E-16 3.00E-07 2.48E-12
  5.75E+05 3.08E-19 4.36E-36 1.67E-20 3.27E-10 2.52E-11 1.32E-14 1.30E-40 6.66E-72 4.83-108 4.27E-19 3.35E-22 8.58E-69 3.11E-08 9.08E-11 2.16-151 7.44E-16 3.00E-07 1.73E-11
  7.75E+05 6.67E-20 2.16E-37 7.98E-21 4.24E-10 2.50E-11 3.94E-15 2.18E-42 1.19E-75 4.83-108 3.41E-18 3.34E-22 4.46E-72 4.03E-08 9.57E-11 6.44-129 7.41E-16 2.99E-07 4.23E-11
  9.75E+05 2.56E-20 3.89E-38 7.88E-21 5.06E-10 2.83E-11 1.36E-15 3.19E-44 1.63E-79 4.83-108 5.96E-17 3.34E-22 7.31E-75 5.01E-08 1.05E-10 8.26-109 9.37E-16 2.99E-07 3.81E-11
  1.18E+06 6.31E-21 1.48E-38 3.91E-21 6.79E-10 3.10E-11 3.89E-16 2.10E-46 3.81E-84 4.83-108 3.99E-16 3.32E-22 9.82E-78 7.21E-08 1.48E-10 8.96E-90 1.05E-15 2.99E-07 2.54E-11
  1.38E+06 2.37E-22 3.46E-36 5.17E-20 1.31E-09 2.81E-11 4.31E-17 6.57E-46 1.95E-83 4.83-108 6.17E-16 3.25E-22 3.70E-75 1.68E-07 3.99E-10 7.53E-71 1.50E-15 2.95E-07 2.18E-11
  1.58E+06 6.60E-24 1.43E-33 1.28E-18 1.97E-09 2.68E-11 4.19E-18 5.60E-45 7.26E-82 4.82-108 1.12E-15 3.04E-22 6.65E-72 4.18E-07 1.13E-09 2.34E-56 4.41E-15 2.85E-07 3.09E-11
  1.78E+06 2.29E-25 1.24E-31 1.06E-17 1.71E-09 2.18E-11 9.67E-18 3.90E-44 1.81E-80 4.81-108 1.93E-15 2.67E-22 2.04E-69 8.47E-07 2.41E-09 8.10E-46 1.32E-14 2.67E-07 5.32E-11
  1.98E+06 1.12E-25 2.45E-30 2.84E-17 7.14E-10 1.01E-11 1.89E-17 3.78E-43 8.67E-79 4.79-108 2.05E-15 2.19E-22 1.99E-67 1.45E-06 4.05E-09 3.97E-38 3.18E-14 2.42E-07 9.31E-11
  2.18E+06 3.98E-25 1.66E-29 3.42E-17 1.82E-10 3.14E-12 1.94E-17 1.94E-42 1.18E-77 4.77-108 1.60E-15 1.67E-22 3.56E-66 2.22E-06 5.61E-09 1.81E-32 6.44E-14 2.14E-07 1.53E-10
  2.38E+06 1.08E-24 7.30E-29 3.27E-17 4.60E-11 1.03E-12 1.64E-17 7.74E-42 9.66E-77 4.75-108 1.37E-15 1.17E-22 3.23E-65 3.14E-06 6.69E-09 3.23E-28 1.18E-13 1.85E-07 2.25E-10
  2.58E+06 2.20E-24 2.26E-28 2.61E-17 1.16E-11 3.49E-13 1.13E-17 2.08E-41 3.64E-76 4.73-108 1.19E-15 7.26E-23 1.40E-64 4.15E-06 7.00E-09 6.19E-25 1.96E-13 1.56E-07 2.81E-10
  2.78E+06 3.37E-24 5.10E-28 1.76E-17 2.87E-12 1.94E-13 6.34E-18 3.31E-41 4.87E-76 4.71-108 1.02E-15 3.84E-23 2.66E-64 5.11E-06 6.46E-09 2.29E-22 2.98E-13 1.27E-07 2.91E-10
  2.98E+06 4.08E-24 8.97E-28 1.06E-17 7.39E-13 7.87E-13 2.95E-18 3.27E-41 2.52E-76 4.68-108 9.01E-16 1.64E-23 2.45E-64 5.85E-06 5.24E-09 2.24E-20 4.09E-13 1.00E-07 2.48E-10
  3.18E+06 4.05E-24 1.31E-27 6.09E-18 2.11E-13 1.31E-12 1.19E-18 2.21E-41 6.13E-77 4.65-108 8.47E-16 5.31E-24 1.29E-64 6.23E-06 3.69E-09 7.37E-19 5.06E-13 7.62E-08 1.74E-10
  3.38E+06 3.69E-24 1.81E-27 3.73E-18 7.38E-14 1.45E-12 4.72E-19 1.29E-41 1.13E-77 4.62-108 8.85E-16 1.23E-24 5.59E-65 6.29E-06 2.29E-09 1.01E-17 5.64E-13 5.57E-08 1.02E-10
  3.58E+06 3.60E-24 2.74E-27 2.82E-18 3.53E-14 1.49E-12 2.14E-19 8.95E-42 2.96E-78 4.58-108 9.97E-16 1.97E-25 3.21E-65 6.17E-06 1.30E-09 7.22E-17 5.71E-13 3.96E-08 5.09E-11
  3.78E+06 4.18E-24 5.12E-27 2.88E-18 2.45E-14 1.50E-12 1.23E-19 9.08E-42 1.69E-78 4.54-108 1.07E-15 2.24E-26 3.38E-65 5.95E-06 7.07E-10 3.22E-16 5.27E-13 2.78E-08 2.21E-11
  3.98E+06 5.33E-24 1.08E-26 3.58E-18 2.17E-14 1.50E-12 8.28E-20 1.13E-41 1.48E-78 4.50-108 9.73E-16 1.82E-27 4.98E-65 5.62E-06 3.66E-10 1.03E-15 4.40E-13 1.95E-08 8.42E-12
  4.18E+06 6.77E-24 2.25E-26 4.73E-18 2.10E-14 1.50E-12 5.85E-20 1.38E-41 1.28E-78 4.46-108 7.99E-16 1.09E-28 7.37E-65 5.13E-06 1.73E-10 2.60E-15 3.23E-13 1.37E-08 2.83E-12
  4.38E+06 8.50E-24 4.55E-26 6.38E-18 2.09E-14 1.50E-12 4.43E-20 1.68E-41 1.12E-78 4.42-108 6.26E-16 5.41E-30 1.07E-64 4.50E-06 7.09E-11 5.66E-15 2.02E-13 9.73E-09 8.81E-13
  4.58E+06 1.08E-23 9.03E-26 8.91E-18 2.10E-14 1.49E-12 3.80E-20 2.23E-41 1.18E-78 4.37-108 4.78E-16 6.39E-31 1.68E-64 3.83E-06 2.55E-11 1.14E-14 1.08E-13 7.09E-09 2.70E-13
  4.78E+06 1.37E-23 1.80E-25 1.30E-17 2.10E-14 1.49E-12 3.72E-20 3.36E-41 1.62E-78 4.33-108 3.60E-16 4.64E-31 3.09E-64 3.21E-06 8.61E-12 2.22E-14 5.22E-14 5.31E-09 8.55E-14
  4.98E+06 1.73E-23 3.60E-25 1.94E-17 2.11E-14 1.49E-12 3.97E-20 5.43E-41 2.61E-78 4.28-108 2.68E-16 5.14E-31 6.13E-64 2.67E-06 2.85E-12 4.22E-14 2.37E-14 4.09E-09 2.78E-14
  5.18E+06 2.08E-23 7.03E-25 2.87E-17 2.11E-14 1.49E-12 4.34E-20 8.74E-41 4.14E-78 4.24-108 1.96E-16 6.30E-31 1.18E-63 2.19E-06 9.37E-13 7.50E-14 1.05E-14 3.25E-09 9.20E-15
  5.38E+06 2.44E-23 1.35E-24 4.21E-17 2.11E-14 1.49E-12 4.82E-20 1.40E-40 6.46E-78 4.19-108 1.42E-16 8.35E-31 2.21E-63 1.79E-06 3.11E-13 1.27E-13 4.58E-15 2.64E-09 3.11E-15
  5.58E+06 2.82E-23 2.59E-24 6.16E-17 2.11E-14 1.48E-12 5.42E-20 2.24E-40 1.00E-77 4.14-108 1.03E-16 1.18E-30 4.09E-63 1.47E-06 1.05E-13 2.09E-13 2.00E-15 2.18E-09 1.08E-15
  5.78E+06 3.26E-23 4.94E-24 9.01E-17 2.11E-14 1.48E-12 6.18E-20 3.62E-40 1.57E-77 4.08-108 7.50E-17 1.73E-30 7.59E-63 1.21E-06 3.62E-14 3.34E-13 8.82E-16 1.83E-09 3.80E-16
  5.98E+06 3.84E-23 9.41E-24 1.32E-16 2.11E-14 1.48E-12 7.16E-20 6.01E-40 2.59E-77 4.02-108 5.47E-17 2.60E-30 1.44E-62 9.84E-07 1.28E-14 5.23E-13 3.92E-16 1.56E-09 1.38E-16
  6.18E+06 4.65E-23 1.80E-23 1.93E-16 2.10E-14 1.47E-12 8.49E-20 1.04E-39 4.64E-77 3.95-108 4.00E-17 3.94E-30 2.83E-62 7.97E-07 4.70E-15 8.06E-13 1.77E-16 1.34E-09 5.21E-17
  6.38E+06 5.86E-23 3.44E-23 2.84E-16 2.09E-14 1.47E-12 1.03E-19 1.90E-39 9.14E-77 3.87-108 2.92E-17 5.94E-30 5.85E-62 6.39E-07 1.80E-15 1.22E-12 8.21E-17 1.16E-09 2.06E-17
  6.58E+06 7.67E-23 6.60E-23 4.17E-16 2.07E-14 1.46E-12 1.27E-19 3.63E-39 1.96E-76 3.78-108 2.13E-17 8.85E-30 1.26E-61 5.08E-07 7.21E-16 1.84E-12 3.94E-17 1.01E-09 8.53E-18
  6.78E+06 1.04E-22 1.26E-22 6.10E-16 2.05E-14 1.46E-12 1.59E-19 7.20E-39 4.50E-76 3.68-108 1.54E-17 1.31E-29 2.79E-61 3.99E-07 3.07E-16 2.73E-12 1.97E-17 8.88E-10 3.74E-18
  6.98E+06 1.55E-22 2.40E-22 8.83E-16 2.01E-14 1.45E-12 2.07E-19 1.57E-38 1.25E-75 3.56-108 1.11E-17 1.97E-29 6.73E-61 3.06E-07 1.43E-16 4.00E-12 1.04E-17 7.84E-10 1.81E-18
  7.18E+06 2.94E-22 4.47E-22 1.25E-15 1.97E-14 1.44E-12 3.08E-19 4.56E-38 6.03E-75 3.43-108 7.90E-18 3.28E-29 2.09E-60 2.18E-07 8.39E-17 5.72E-12 6.22E-18 6.94E-10 1.13E-18
  7.38E+06 7.56E-22 7.97E-22 1.69E-15 1.92E-14 1.43E-12 5.31E-19 1.83E-37 5.56E-74 3.28-108 5.61E-18 6.48E-29 8.54E-60 1.42E-07 6.66E-17 7.82E-12 4.35E-18 6.15E-10 9.70E-19
  7.58E+06 1.86E-21 1.31E-21 2.06E-15 1.87E-14 1.41E-12 8.10E-19 6.23E-37 3.57E-73 3.10-108 4.05E-18 1.43E-28 2.65E-59 8.96E-08 5.59E-17 9.63E-12 3.11E-18 5.45E-10 8.48E-19
  7.78E+06 3.92E-21 2.08E-21 2.44E-15 1.81E-14 1.39E-12 1.04E-18 1.62E-36 1.35E-72 2.90-108 3.06E-18 3.11E-28 6.10E-59 5.85E-08 4.19E-17 1.18E-11 2.16E-18 4.81E-10 6.43E-19
  7.98E+06 5.87E-21 3.30E-21 2.87E-15 1.75E-14 1.37E-12 9.81E-19 2.41E-36 1.65E-72 2.68-108 2.72E-18 6.03E-28 7.99E-59 4.29E-08 2.27E-17 1.52E-11 1.38E-18 4.23E-10 3.42E-19
  8.18E+06 4.50E-22 6.65E-21 4.31E-15 1.59E-14 1.34E-12 1.35E-19 7.61E-38 9.28E-76 2.42-108 3.71E-18 9.69E-28 2.83E-60 8.49E-08 3.51E-18 2.98E-11 3.00E-19 3.69E-10 2.40E-20
  8.38E+06 1.13E-23 1.23E-20 5.92E-15 1.39E-14 1.30E-12 9.49E-21 6.43E-40 3.68E-80 2.13-108 6.77E-18 1.00E-27 2.46E-62 2.06E-07 3.22E-19 5.92E-11 5.65E-20 3.18E-10 6.87E-22
  8.58E+06 5.01E-25 2.02E-20 7.23E-15 1.23E-14 1.25E-12 1.02E-21 1.31E-41 8.54E-84 1.81-108 1.07E-17 7.43E-28 4.58E-64 3.82E-07 3.02E-20 1.14E-10 2.99E-20 2.71E-10 4.12E-23
  8.78E+06 3.91E-26 3.14E-20 8.33E-15 1.07E-14 1.18E-12 1.64E-22 6.04E-43 1.32E-86 1.47-108 1.36E-17 5.16E-28 1.83E-65 5.70E-07 3.87E-21 2.49E-10 2.16E-20 2.29E-10 6.23E-24
  8.98E+06 4.79E-27 4.74E-20 9.29E-15 9.20E-15 1.10E-12 3.62E-23 5.56E-44 2.52E-88 1.14-108 1.41E-17 3.69E-28 1.42E-66 7.20E-07 8.65E-22 7.55E-10 1.73E-20 1.91E-10 1.39E-24
  9.18E+06 8.42E-28 7.01E-20 1.01E-14 7.70E-15 1.01E-12 1.03E-23 1.07E-44 2.78E-89 8.17-109 1.25E-17 2.76E-28 2.25E-67 7.93E-07 2.78E-22 3.37E-09 1.40E-20 1.58E-10 3.64E-25
  9.38E+06 1.97E-28 1.02E-19 1.08E-14 6.23E-15 9.02E-13 3.60E-24 4.79E-45 8.05E-90 5.42-109 9.63E-18 2.20E-28 8.20E-68 7.79E-07 9.30E-23 1.75E-08 1.03E-20 1.30E-10 9.69E-26
  9.58E+06 5.80E-29 1.46E-19 1.13E-14 4.84E-15 7.81E-13 1.46E-24 3.79E-45 4.07E-90 3.26-109 6.58E-18 1.91E-28 5.20E-68 6.94E-07 2.79E-23 8.42E-08 6.49E-21 1.06E-10 2.41E-26
  9.78E+06 2.07E-29 2.04E-19 1.15E-14 3.60E-15 6.52E-13 6.70E-25 3.77E-45 2.48E-90 1.76-109 4.14E-18 1.93E-28 4.05E-68 5.68E-07 7.55E-24 3.36E-07 3.67E-21 8.86E-11 5.71E-27
  9.98E+06 9.24E-30 2.75E-19 1.13E-14 2.65E-15 5.22E-13 3.51E-25 4.07E-45 1.55E-90 8.51-110 2.75E-18 2.61E-28 3.32E-68 4.23E-07 2.42E-24 1.09E-06 2.02E-21 7.80E-11 1.62E-27

     Z        N2O5     CO2      SO4AER   S8AER   
  2.50E+04 8.66E-18 2.22E-04 2.09E-10 1.00E-38
  7.50E+04 1.16E-17 2.22E-04 2.21E-10 1.00E-38
  1.25E+05 1.68E-17 2.22E-04 2.45E-10 1.00E-38
  1.75E+05 2.65E-17 2.22E-04 2.82E-10 1.00E-38
  3.75E+05 2.45E-16 2.22E-04 5.17E-10 1.00E-38
  5.75E+05 2.01E-15 2.22E-04 8.27E-10 1.00E-38
  7.75E+05 4.47E-15 2.22E-04 1.18E-09 1.00E-38
  9.75E+05 6.42E-15 2.22E-04 1.57E-09 1.00E-38
  1.18E+06 9.08E-15 2.22E-04 2.46E-09 1.00E-38
  1.38E+06 3.46E-14 2.22E-04 5.17E-09 1.00E-38
  1.58E+06 2.58E-13 2.22E-04 8.18E-09 1.00E-38
  1.78E+06 1.24E-12 2.22E-04 8.32E-09 1.00E-38
  1.98E+06 3.47E-12 2.22E-04 6.19E-09 1.00E-38
  2.18E+06 6.80E-12 2.22E-04 4.08E-09 1.00E-38
  2.38E+06 1.09E-11 2.22E-04 2.70E-09 1.00E-38
  2.58E+06 1.48E-11 2.23E-04 1.84E-09 1.00E-38
  2.78E+06 1.65E-11 2.23E-04 1.30E-09 1.00E-38
  2.98E+06 1.44E-11 2.23E-04 9.53E-10 1.00E-38
  3.18E+06 9.80E-12 2.23E-04 7.19E-10 1.00E-38
  3.38E+06 5.27E-12 2.23E-04 5.32E-10 1.00E-38
  3.58E+06 2.30E-12 2.23E-04 3.81E-10 1.00E-38
  3.78E+06 8.25E-13 2.23E-04 2.67E-10 1.00E-38
  3.98E+06 2.39E-13 2.23E-04 1.82E-10 1.00E-38
  4.18E+06 5.39E-14 2.23E-04 1.21E-10 1.00E-38
  4.38E+06 9.47E-15 2.23E-04 7.95E-11 1.00E-38
  4.58E+06 1.43E-15 2.23E-04 5.12E-11 1.00E-38
  4.78E+06 2.05E-16 2.23E-04 3.24E-11 1.00E-38
  4.98E+06 2.85E-17 2.23E-04 2.00E-11 1.00E-38
  5.18E+06 3.89E-18 2.23E-04 1.19E-11 1.00E-38
  5.38E+06 5.39E-19 2.23E-04 6.76E-12 1.00E-38
  5.58E+06 7.63E-20 2.23E-04 3.55E-12 1.00E-38
  5.78E+06 1.11E-20 2.23E-04 1.69E-12 1.00E-38
  5.98E+06 1.66E-21 2.22E-04 7.07E-13 1.00E-38
  6.18E+06 2.59E-22 2.22E-04 2.51E-13 1.00E-38
  6.38E+06 4.29E-23 2.22E-04 7.23E-14 1.00E-38
  6.58E+06 7.63E-24 2.22E-04 1.58E-14 1.00E-38
  6.78E+06 1.48E-24 2.21E-04 2.44E-15 1.00E-38
  6.98E+06 3.23E-25 2.21E-04 2.37E-16 1.00E-38
  7.18E+06 9.16E-26 2.21E-04 1.24E-17 1.00E-38
  7.38E+06 3.76E-26 2.20E-04 2.76E-19 1.00E-38
  7.58E+06 1.60E-26 2.19E-04 1.72E-21 1.00E-38
  7.78E+06 6.00E-27 2.18E-04 1.28E-24 1.00E-38
  7.98E+06 1.63E-27 2.17E-04 8.97E-31 1.00E-38
  8.18E+06 5.90E-29 2.15E-04 4.65E-35 1.00E-38
  8.38E+06 8.82E-31 2.13E-04 1.00E-38 1.00E-38
  8.58E+06 6.88E-32 2.10E-04 1.00E-38 1.00E-38
  8.78E+06 2.13E-32 2.07E-04 1.00E-38 1.00E-38
  8.98E+06 8.83E-33 2.03E-04 1.00E-38 1.00E-38
  9.18E+06 3.88E-33 1.98E-04 1.00E-38 1.00E-38
  9.38E+06 1.48E-33 1.91E-04 1.00E-38 1.00E-38
  9.58E+06 4.30E-34 1.84E-04 1.00E-38 1.00E-38
  9.78E+06 1.03E-34 1.76E-04 1.00E-38 1.00E-38
  9.98E+06 2.56E-35 1.67E-04 1.00E-38 1.00E-38
 NW =                   750    WAVELENGTH GRID:   1176.5000000000000       -   10000.000000000000       Angstroms


 PHOTOLYSIS RATES

     Z      PO2_O1D    PO2_O3P    PH2O_1     PH2O_2     PH2O_3     PO3_O1D    PO3_O      PO3_3O     
 2.50E+04   0.00E+00   1.84E-34   6.54E-36   0.00E+00   0.00E+00   7.11E-06   2.03E-04   4.27E-39
 1.75E+05   0.00E+00   1.82E-31   1.35E-32   0.00E+00   0.00E+00   8.22E-06   2.10E-04   5.37E-33
 3.25E+05   0.00E+00   1.07E-28   1.61E-29   0.00E+00   0.00E+00   9.18E-06   2.16E-04   1.91E-28
 4.75E+05   0.00E+00   3.20E-26   9.95E-27   0.00E+00   0.00E+00   1.00E-05   2.21E-04   5.86E-25
 6.25E+05   0.00E+00   5.10E-24   2.89E-24   0.00E+00   0.00E+00   1.07E-05   2.26E-04   3.71E-22
 7.75E+05   0.00E+00   4.56E-22   4.00E-22   0.00E+00   0.00E+00   1.14E-05   2.31E-04   8.09E-20
 9.25E+05   0.00E+00   2.36E-20   2.84E-20   0.00E+00   0.00E+00   1.20E-05   2.36E-04   7.94E-18
 1.08E+06   0.00E+00   7.12E-19   1.08E-18   0.00E+00   0.00E+00   1.27E-05   2.40E-04   3.89E-16
 1.22E+06   0.00E+00   1.18E-17   2.12E-17   0.00E+00   0.00E+00   1.35E-05   2.43E-04   9.32E-15
 1.38E+06   0.00E+00   1.18E-16   2.40E-16   0.00E+00   0.00E+00   1.42E-05   2.47E-04   1.23E-13
 1.52E+06   0.00E+00   8.07E-16   1.79E-15   0.00E+00   0.00E+00   1.52E-05   2.50E-04   1.03E-12
 1.68E+06   0.00E+00   4.11E-15   9.70E-15   0.00E+00   0.00E+00   1.64E-05   2.54E-04   6.10E-12
 1.82E+06   0.00E+00   1.67E-14   4.11E-14   0.00E+00   0.00E+00   1.80E-05   2.57E-04   2.77E-11
 1.98E+06   0.00E+00   5.66E-14   1.43E-13   0.00E+00   0.00E+00   2.02E-05   2.60E-04   1.02E-10
 2.12E+06   0.00E+00   1.66E-13   4.26E-13   0.00E+00   0.00E+00   2.32E-05   2.63E-04   3.16E-10
 2.28E+06   0.00E+00   4.35E-13   1.13E-12   0.00E+00   0.00E+00   2.74E-05   2.66E-04   8.55E-10
 2.42E+06   0.00E+00   1.03E-12   2.71E-12   0.00E+00   0.00E+00   3.31E-05   2.69E-04   2.07E-09
 2.58E+06   0.00E+00   2.24E-12   6.04E-12   0.00E+00   0.00E+00   4.10E-05   2.71E-04   4.53E-09
 2.72E+06   0.00E+00   4.53E-12   1.25E-11   0.00E+00   0.00E+00   5.21E-05   2.74E-04   9.08E-09
 2.88E+06   0.00E+00   8.51E-12   2.40E-11   0.00E+00   0.00E+00   6.76E-05   2.78E-04   1.67E-08
 3.02E+06   4.84-155   1.49E-11   4.27E-11   2.19-152   3.29-152   8.91E-05   2.82E-04   2.82E-08
 3.18E+06   1.66-127   2.44E-11   7.05E-11   7.50-125   1.13-124   1.18E-04   2.86E-04   4.39E-08
 3.32E+06   1.10-105   3.76E-11   1.09E-10   4.97-103   7.46-103   1.57E-04   2.92E-04   6.38E-08
 3.48E+06   2.29E-88   5.47E-11   1.62E-10   1.04E-85   1.55E-85   2.07E-04   2.98E-04   8.74E-08
 3.62E+06   1.41E-74   7.61E-11   2.32E-10   6.37E-72   9.56E-72   2.72E-04   3.06E-04   1.14E-07
 3.78E+06   1.49E-63   1.02E-10   3.26E-10   6.77E-61   1.02E-60   3.56E-04   3.16E-04   1.43E-07
 3.92E+06   1.07E-54   1.31E-10   4.52E-10   4.85E-52   7.27E-52   4.71E-04   3.29E-04   1.74E-07
 4.08E+06   1.48E-47   1.64E-10   6.15E-10   6.69E-45   1.00E-44   6.34E-04   3.48E-04   2.06E-07
 4.22E+06   8.92E-42   1.98E-10   8.16E-10   4.04E-39   6.06E-39   8.66E-04   3.74E-04   2.39E-07
 4.38E+06   4.53E-37   2.33E-10   1.06E-09   2.05E-34   3.08E-34   1.17E-03   4.08E-04   2.72E-07
 4.52E+06   3.31E-33   2.67E-10   1.33E-09   1.50E-30   2.25E-30   1.53E-03   4.48E-04   3.05E-07
 4.68E+06   5.44E-30   2.99E-10   1.65E-09   2.46E-27   3.69E-27   1.91E-03   4.91E-04   3.37E-07
 4.82E+06   2.85E-27   3.28E-10   1.99E-09   1.29E-24   1.94E-24   2.28E-03   5.32E-04   3.68E-07
 4.98E+06   5.95E-25   3.55E-10   2.36E-09   2.69E-22   4.04E-22   2.61E-03   5.69E-04   3.98E-07
 5.12E+06   5.56E-23   3.81E-10   2.77E-09   2.52E-20   3.78E-20   2.89E-03   6.01E-04   4.26E-07
 5.28E+06   2.54E-21   4.06E-10   3.22E-09   1.15E-18   1.72E-18   3.12E-03   6.26E-04   4.54E-07
 5.42E+06   6.19E-20   4.31E-10   3.76E-09   2.80E-17   4.20E-17   3.30E-03   6.46E-04   4.81E-07
 5.58E+06   8.79E-19   4.59E-10   4.44E-09   3.98E-16   5.97E-16   3.43E-03   6.61E-04   5.07E-07
 5.72E+06   7.92E-18   4.90E-10   5.31E-09   3.59E-15   5.38E-15   3.53E-03   6.72E-04   5.32E-07
 5.88E+06   4.86E-17   5.24E-10   6.42E-09   2.20E-14   3.30E-14   3.60E-03   6.81E-04   5.57E-07
 6.02E+06   2.17E-16   5.63E-10   7.81E-09   9.83E-14   1.47E-13   3.66E-03   6.87E-04   5.81E-07
 6.18E+06   7.43E-16   6.06E-10   9.46E-09   3.36E-13   5.05E-13   3.69E-03   6.91E-04   6.05E-07
 6.32E+06   2.07E-15   6.54E-10   1.14E-08   9.30E-13   1.39E-12   3.72E-03   6.94E-04   6.29E-07
 6.48E+06   5.50E-15   7.09E-10   1.35E-08   2.28E-12   3.42E-12   3.74E-03   6.97E-04   6.51E-07
 6.62E+06   2.10E-14   7.72E-10   1.59E-08   6.53E-12   9.79E-12   3.75E-03   6.98E-04   6.74E-07
 6.78E+06   1.19E-13   8.45E-10   1.87E-08   2.79E-11   4.18E-11   3.76E-03   6.99E-04   6.95E-07
 6.92E+06   6.32E-13   9.32E-10   2.24E-08   1.33E-10   1.99E-10   3.77E-03   7.00E-04   7.17E-07
 7.08E+06   2.64E-12   1.04E-09   2.89E-08   5.34E-10   8.01E-10   3.77E-03   7.01E-04   7.43E-07
 7.22E+06   8.71E-12   1.17E-09   4.20E-08   1.72E-09   2.59E-09   3.77E-03   7.01E-04   7.80E-07
 7.38E+06   2.33E-11   1.35E-09   6.84E-08   4.54E-09   6.82E-09   3.78E-03   7.01E-04   8.39E-07
 7.52E+06   5.24E-11   1.59E-09   1.16E-07   1.01E-08   1.51E-08   3.78E-03   7.02E-04   9.36E-07
 7.68E+06   1.01E-10   1.94E-09   1.93E-07   1.92E-08   2.88E-08   3.78E-03   7.02E-04   1.08E-06
 7.82E+06   1.74E-10   2.41E-09   3.03E-07   3.25E-08   4.88E-08   3.78E-03   7.02E-04   1.29E-06
 7.98E+06   2.69E-10   3.04E-09   4.46E-07   4.99E-08   7.48E-08   3.78E-03   7.02E-04   1.55E-06
 8.12E+06   3.83E-10   3.86E-09   6.15E-07   7.04E-08   1.06E-07   3.78E-03   7.02E-04   1.85E-06
 8.28E+06   5.11E-10   4.91E-09   8.04E-07   9.31E-08   1.40E-07   3.78E-03   7.02E-04   2.19E-06
 8.42E+06   6.48E-10   6.22E-09   1.00E-06   1.17E-07   1.75E-07   3.78E-03   7.02E-04   2.53E-06
 8.58E+06   7.98E-10   7.83E-09   1.20E-06   1.40E-07   2.10E-07   3.78E-03   7.02E-04   2.88E-06
 8.72E+06   9.85E-10   9.83E-09   1.40E-06   1.63E-07   2.45E-07   3.78E-03   7.02E-04   3.22E-06
 8.88E+06   1.26E-09   1.23E-08   1.61E-06   1.86E-07   2.78E-07   3.78E-03   7.02E-04   3.56E-06
 9.02E+06   1.68E-09   1.56E-08   1.82E-06   2.08E-07   3.12E-07   3.78E-03   7.02E-04   3.92E-06
 9.18E+06   2.37E-09   1.99E-08   2.05E-06   2.32E-07   3.48E-07   3.78E-03   7.02E-04   4.29E-06
 9.32E+06   3.62E-09   2.57E-08   2.30E-06   2.58E-07   3.85E-07   3.78E-03   7.02E-04   4.71E-06
 9.48E+06   6.59E-09   3.35E-08   2.59E-06   2.85E-07   4.26E-07   3.78E-03   7.02E-04   5.16E-06
 9.62E+06   1.55E-08   4.37E-08   2.95E-06   3.16E-07   4.69E-07   3.78E-03   7.02E-04   5.66E-06
 9.78E+06   4.65E-08   5.67E-08   3.43E-06   3.50E-07   5.15E-07   3.79E-03   7.02E-04   6.23E-06
 9.92E+06   2.09E-07   7.59E-08   4.33E-06   3.91E-07   5.64E-07   3.79E-03   7.02E-04   6.95E-06

     Z      PH2O2      PCO2_1     PCO2_2     PH2CO_1    PH2CO_2    PHO2       PCH4_1     PCH4_2     
 2.50E+04   1.98E-06   7.90E-44   0.00E+00   1.68E-05   9.79E-06   1.50E-28   0.00E+00   0.00E+00
 1.75E+05   2.23E-06   1.13E-37   0.00E+00   1.92E-05   1.14E-05   1.45E-25   0.00E+00   0.00E+00
 3.25E+05   2.44E-06   4.07E-33   0.00E+00   2.13E-05   1.28E-05   8.30E-23   0.00E+00   0.00E+00
 4.75E+05   2.60E-06   1.24E-29   0.00E+00   2.33E-05   1.42E-05   2.44E-20   0.00E+00   0.00E+00
 6.25E+05   2.73E-06   7.72E-27   0.00E+00   2.51E-05   1.54E-05   3.82E-18   0.00E+00   0.00E+00
 7.75E+05   2.83E-06   1.65E-24   0.00E+00   2.67E-05   1.65E-05   3.34E-16   0.00E+00   0.00E+00
 9.25E+05   2.92E-06   1.58E-22   0.00E+00   2.81E-05   1.75E-05   1.70E-14   0.00E+00   0.00E+00
 1.08E+06   3.02E-06   7.61E-21   0.00E+00   2.94E-05   1.84E-05   5.05E-13   0.00E+00   0.00E+00
 1.22E+06   3.14E-06   1.81E-19   0.00E+00   3.06E-05   1.92E-05   8.31E-12   0.00E+00   0.00E+00
 1.38E+06   3.26E-06   2.38E-18   0.00E+00   3.16E-05   2.00E-05   8.24E-11   0.00E+00   0.00E+00
 1.52E+06   3.37E-06   2.00E-17   0.00E+00   3.25E-05   2.07E-05   5.58E-10   0.00E+00   0.00E+00
 1.68E+06   3.49E-06   1.18E-16   0.00E+00   3.34E-05   2.14E-05   2.83E-09   0.00E+00   0.00E+00
 1.82E+06   3.62E-06   5.37E-16   0.00E+00   3.42E-05   2.22E-05   1.14E-08   0.00E+00   0.00E+00
 1.98E+06   3.76E-06   1.97E-15   0.00E+00   3.49E-05   2.30E-05   3.87E-08   0.00E+00   0.00E+00
 2.12E+06   3.92E-06   6.16E-15   0.00E+00   3.55E-05   2.38E-05   1.13E-07   0.00E+00   0.00E+00
 2.28E+06   4.12E-06   1.70E-14   0.00E+00   3.61E-05   2.48E-05   2.94E-07   0.00E+00   0.00E+00
 2.42E+06   4.36E-06   4.30E-14   0.00E+00   3.67E-05   2.58E-05   6.94E-07   0.00E+00   0.00E+00
 2.58E+06   4.67E-06   1.01E-13   0.00E+00   3.73E-05   2.70E-05   1.51E-06   0.00E+00   0.00E+00
 2.72E+06   5.10E-06   2.18E-13   0.00E+00   3.80E-05   2.83E-05   3.03E-06   0.00E+00   0.00E+00
 2.88E+06   5.69E-06   4.35E-13   0.00E+00   3.86E-05   2.98E-05   5.70E-06   0.00E+00   0.00E+00
 3.02E+06   6.48E-06   7.98E-13   9.73-154   3.93E-05   3.14E-05   1.00E-05   7.90-152   1.53-151
 3.18E+06   7.52E-06   1.35E-12   3.33-126   4.00E-05   3.31E-05   1.65E-05   2.70-124   5.25-124
 3.32E+06   8.84E-06   2.10E-12   2.21-104   4.07E-05   3.48E-05   2.55E-05   1.79-102   3.48-102
 3.48E+06   1.04E-05   3.09E-12   4.60E-87   4.13E-05   3.65E-05   3.73E-05   3.73E-85   7.25E-85
 3.62E+06   1.23E-05   4.35E-12   2.83E-73   4.20E-05   3.82E-05   5.19E-05   2.30E-71   4.46E-71
 3.78E+06   1.45E-05   5.90E-12   3.00E-62   4.26E-05   3.98E-05   6.96E-05   2.44E-60   4.74E-60
 3.92E+06   1.70E-05   7.78E-12   2.15E-53   4.32E-05   4.13E-05   9.01E-05   1.75E-51   3.39E-51
 4.08E+06   1.99E-05   1.00E-11   2.97E-46   4.38E-05   4.27E-05   1.13E-04   2.41E-44   4.68E-44
 4.22E+06   2.32E-05   1.26E-11   1.79E-40   4.44E-05   4.39E-05   1.38E-04   1.46E-38   2.83E-38
 4.38E+06   2.69E-05   1.55E-11   9.11E-36   4.49E-05   4.50E-05   1.63E-04   7.40E-34   1.44E-33
 4.52E+06   3.07E-05   1.86E-11   6.66E-32   4.54E-05   4.59E-05   1.87E-04   5.41E-30   1.05E-29
 4.68E+06   3.44E-05   2.20E-11   1.09E-28   4.58E-05   4.66E-05   2.09E-04   8.88E-27   1.72E-26
 4.82E+06   3.78E-05   2.56E-11   5.73E-26   4.61E-05   4.72E-05   2.28E-04   4.65E-24   9.03E-24
 4.98E+06   4.07E-05   2.93E-11   1.20E-23   4.64E-05   4.77E-05   2.44E-04   9.71E-22   1.89E-21
 5.12E+06   4.32E-05   3.33E-11   1.12E-21   4.67E-05   4.81E-05   2.57E-04   9.08E-20   1.76E-19
 5.28E+06   4.51E-05   3.73E-11   5.10E-20   4.69E-05   4.84E-05   2.67E-04   4.15E-18   8.05E-18
 5.42E+06   4.66E-05   4.17E-11   1.24E-18   4.70E-05   4.86E-05   2.75E-04   1.01E-16   1.96E-16
 5.58E+06   4.78E-05   4.64E-11   1.77E-17   4.71E-05   4.87E-05   2.81E-04   1.44E-15   2.79E-15
 5.72E+06   4.87E-05   5.17E-11   1.59E-16   4.72E-05   4.89E-05   2.86E-04   1.29E-14   2.51E-14
 5.88E+06   4.93E-05   5.76E-11   9.78E-16   4.72E-05   4.89E-05   2.89E-04   7.94E-14   1.54E-13
 6.02E+06   4.98E-05   6.42E-11   4.36E-15   4.73E-05   4.90E-05   2.92E-04   3.54E-13   6.88E-13
 6.18E+06   5.02E-05   7.15E-11   1.49E-14   4.73E-05   4.90E-05   2.94E-04   1.21E-12   2.35E-12
 6.32E+06   5.04E-05   7.94E-11   4.13E-14   4.73E-05   4.91E-05   2.96E-04   3.36E-12   6.49E-12
 6.48E+06   5.06E-05   8.79E-11   1.03E-13   4.73E-05   4.91E-05   2.97E-04   8.37E-12   1.56E-11
 6.62E+06   5.08E-05   9.68E-11   3.08E-13   4.73E-05   4.91E-05   2.98E-04   2.57E-11   4.07E-11
 6.78E+06   5.09E-05   1.06E-10   1.40E-12   4.74E-05   4.91E-05   2.99E-04   1.19E-10   1.52E-10
 6.92E+06   5.10E-05   1.17E-10   6.82E-12   4.74E-05   4.91E-05   3.00E-04   5.86E-10   6.73E-10
 7.08E+06   5.11E-05   1.28E-10   2.77E-11   4.74E-05   4.91E-05   3.00E-04   2.38E-09   2.64E-09
 7.22E+06   5.11E-05   1.40E-10   8.95E-11   4.74E-05   4.91E-05   3.01E-04   7.71E-09   8.45E-09
 7.38E+06   5.12E-05   1.54E-10   2.36E-10   4.74E-05   4.92E-05   3.01E-04   2.03E-08   2.22E-08
 7.52E+06   5.13E-05   1.70E-10   5.22E-10   4.74E-05   4.92E-05   3.01E-04   4.49E-08   4.89E-08
 7.68E+06   5.14E-05   1.89E-10   9.97E-10   4.74E-05   4.92E-05   3.02E-04   8.57E-08   9.31E-08
 7.82E+06   5.16E-05   2.12E-10   1.69E-09   4.75E-05   4.93E-05   3.02E-04   1.45E-07   1.57E-07
 7.98E+06   5.18E-05   2.38E-10   2.58E-09   4.75E-05   4.93E-05   3.02E-04   2.22E-07   2.40E-07
 8.12E+06   5.20E-05   2.68E-10   3.65E-09   4.76E-05   4.94E-05   3.02E-04   3.13E-07   3.39E-07
 8.28E+06   5.22E-05   3.04E-10   4.82E-09   4.77E-05   4.95E-05   3.03E-04   4.13E-07   4.47E-07
 8.42E+06   5.24E-05   3.44E-10   6.05E-09   4.78E-05   4.96E-05   3.03E-04   5.17E-07   5.59E-07
 8.58E+06   5.27E-05   3.90E-10   7.27E-09   4.79E-05   4.97E-05   3.03E-04   6.21E-07   6.72E-07
 8.72E+06   5.29E-05   4.40E-10   8.47E-09   4.80E-05   4.97E-05   3.04E-04   7.23E-07   7.82E-07
 8.88E+06   5.32E-05   4.98E-10   9.67E-09   4.80E-05   4.98E-05   3.04E-04   8.25E-07   8.92E-07
 9.02E+06   5.34E-05   5.64E-10   1.09E-08   4.81E-05   4.99E-05   3.04E-04   9.30E-07   1.01E-06
 9.18E+06   5.37E-05   6.44E-10   1.23E-08   4.82E-05   5.00E-05   3.04E-04   1.04E-06   1.13E-06
 9.32E+06   5.40E-05   7.45E-10   1.40E-08   4.83E-05   5.01E-05   3.05E-04   1.17E-06   1.26E-06
 9.48E+06   5.43E-05   8.83E-10   1.61E-08   4.85E-05   5.03E-05   3.05E-04   1.31E-06   1.42E-06
 9.62E+06   5.47E-05   1.12E-09   1.88E-08   4.88E-05   5.06E-05   3.05E-04   1.47E-06   1.59E-06
 9.78E+06   5.51E-05   1.65E-09   2.24E-08   4.93E-05   5.11E-05   3.06E-04   1.66E-06   1.78E-06
 9.92E+06   5.60E-05   3.26E-09   3.04E-08   5.02E-05   5.20E-05   3.06E-04   1.89E-06   2.01E-06

     Z      PCH4_3     PC2H6_1    PC2H6_2    PHNO2_1    PHNO3      PHNO3_3    PHNO3_1    PNO        
 2.50E+04   0.00E+00   0.00E+00   0.00E+00   5.43E-04   1.53E-07   6.70E-39   4.81E-39   0.00E+00
 1.75E+05   0.00E+00   0.00E+00   0.00E+00   6.02E-04   1.71E-07   9.81E-33   7.05E-33   0.00E+00
 3.25E+05   0.00E+00   0.00E+00   0.00E+00   6.55E-04   1.84E-07   3.53E-28   2.54E-28   0.00E+00
 4.75E+05   0.00E+00   0.00E+00   0.00E+00   7.03E-04   1.93E-07   1.07E-24   7.65E-25   0.00E+00
 6.25E+05   0.00E+00   0.00E+00   0.00E+00   7.46E-04   1.96E-07   6.54E-22   4.70E-22   0.00E+00
 7.75E+05   0.00E+00   0.00E+00   0.00E+00   7.84E-04   1.96E-07   1.38E-19   9.91E-20   5.98-142
 9.25E+05   0.00E+00   0.00E+00   0.00E+00   8.19E-04   1.93E-07   1.32E-17   9.49E-18   7.84-115
 1.08E+06   0.00E+00   0.00E+00   0.00E+00   8.50E-04   1.94E-07   6.46E-16   4.64E-16   6.57E-93
 1.22E+06   0.00E+00   0.00E+00   0.00E+00   8.76E-04   2.02E-07   1.59E-14   1.14E-14   2.32E-75
 1.38E+06   0.00E+00   0.00E+00   0.00E+00   9.00E-04   2.10E-07   2.17E-13   1.56E-13   1.80E-61
 1.52E+06   0.00E+00   0.00E+00   0.00E+00   9.22E-04   2.21E-07   1.89E-12   1.36E-12   1.67E-50
 1.68E+06   0.00E+00   0.00E+00   0.00E+00   9.40E-04   2.35E-07   1.16E-11   8.34E-12   7.45E-42
 1.82E+06   0.00E+00   0.00E+00   0.00E+00   9.56E-04   2.55E-07   5.45E-11   3.91E-11   5.02E-35
 1.98E+06   0.00E+00   0.00E+00   0.00E+00   9.69E-04   2.89E-07   2.07E-10   1.49E-10   1.26E-29
 2.12E+06   0.00E+00   0.00E+00   0.00E+00   9.78E-04   3.51E-07   6.74E-10   4.84E-10   2.42E-25
 2.28E+06   0.00E+00   0.00E+00   0.00E+00   9.86E-04   4.71E-07   1.97E-09   1.41E-09   6.39E-22
 2.42E+06   0.00E+00   0.00E+00   0.00E+00   9.92E-04   6.98E-07   5.31E-09   3.82E-09   3.74E-19
 2.58E+06   0.00E+00   0.00E+00   0.00E+00   9.98E-04   1.11E-06   1.34E-08   9.62E-09   6.88E-17
 2.72E+06   0.00E+00   0.00E+00   0.00E+00   1.00E-03   1.79E-06   3.13E-08   2.25E-08   5.02E-15
 2.88E+06   0.00E+00   0.00E+00   0.00E+00   1.01E-03   2.87E-06   6.66E-08   4.78E-08   1.69E-13
 3.02E+06   2.37-151   0.00E+00   1.56-152   1.01E-03   4.42E-06   1.29E-07   9.23E-08   2.96E-12
 3.18E+06   8.10-124   0.00E+00   5.34-125   1.02E-03   6.47E-06   2.26E-07   1.62E-07   2.99E-11
 3.32E+06   5.37-102   0.00E+00   3.54-103   1.02E-03   8.98E-06   3.64E-07   2.62E-07   1.92E-10
 3.48E+06   1.12E-84   0.00E+00   7.37E-86   1.03E-03   1.19E-05   5.48E-07   3.94E-07   8.54E-10
 3.62E+06   6.88E-71   0.00E+00   4.54E-72   1.04E-03   1.50E-05   7.79E-07   5.60E-07   2.85E-09
 3.78E+06   7.31E-60   0.00E+00   4.82E-61   1.05E-03   1.83E-05   1.06E-06   7.61E-07   7.56E-09
 3.92E+06   5.23E-51   0.00E+00   3.45E-52   1.06E-03   2.17E-05   1.39E-06   9.96E-07   1.68E-08
 4.08E+06   7.22E-44   0.00E+00   4.76E-45   1.07E-03   2.52E-05   1.76E-06   1.26E-06   3.25E-08
 4.22E+06   4.36E-38   0.00E+00   2.87E-39   1.08E-03   2.86E-05   2.16E-06   1.55E-06   5.64E-08
 4.38E+06   2.22E-33   0.00E+00   1.46E-34   1.09E-03   3.19E-05   2.60E-06   1.86E-06   8.96E-08
 4.52E+06   1.62E-29   0.00E+00   1.07E-30   1.10E-03   3.50E-05   3.04E-06   2.19E-06   1.33E-07
 4.68E+06   2.66E-26   0.00E+00   1.75E-27   1.11E-03   3.77E-05   3.50E-06   2.51E-06   1.87E-07
 4.82E+06   1.39E-23   0.00E+00   9.18E-25   1.12E-03   4.01E-05   3.96E-06   2.84E-06   2.51E-07
 4.98E+06   2.91E-21   0.00E+00   1.92E-22   1.13E-03   4.21E-05   4.41E-06   3.17E-06   3.26E-07
 5.12E+06   2.72E-19   0.00E+00   1.79E-20   1.14E-03   4.38E-05   4.87E-06   3.49E-06   4.09E-07
 5.28E+06   1.24E-17   0.00E+00   8.18E-19   1.14E-03   4.52E-05   5.32E-06   3.82E-06   5.01E-07
 5.42E+06   3.03E-16   0.00E+00   1.99E-17   1.15E-03   4.64E-05   5.76E-06   4.14E-06   6.00E-07
 5.58E+06   4.30E-15   0.00E+00   2.83E-16   1.15E-03   4.73E-05   6.20E-06   4.45E-06   7.05E-07
 5.72E+06   3.87E-14   0.00E+00   2.55E-15   1.15E-03   4.81E-05   6.64E-06   4.77E-06   8.15E-07
 5.88E+06   2.38E-13   0.00E+00   1.57E-14   1.15E-03   4.88E-05   7.08E-06   5.08E-06   9.31E-07
 6.02E+06   1.06E-12   0.00E+00   6.99E-14   1.16E-03   4.93E-05   7.52E-06   5.40E-06   1.05E-06
 6.18E+06   3.63E-12   0.00E+00   2.40E-13   1.16E-03   4.97E-05   7.94E-06   5.70E-06   1.17E-06
 6.32E+06   9.97E-12   0.00E+00   6.69E-13   1.16E-03   5.01E-05   8.36E-06   6.00E-06   1.29E-06
 6.48E+06   2.29E-11   0.00E+00   1.82E-12   1.16E-03   5.04E-05   8.77E-06   6.30E-06   1.42E-06
 6.62E+06   4.68E-11   0.00E+00   7.43E-12   1.16E-03   5.07E-05   9.16E-06   6.58E-06   1.54E-06
 6.78E+06   9.49E-11   0.00E+00   4.38E-11   1.16E-03   5.09E-05   9.54E-06   6.85E-06   1.67E-06
 6.92E+06   2.22E-10   0.00E+00   2.34E-10   1.16E-03   5.11E-05   9.91E-06   7.11E-06   1.79E-06
 7.08E+06   6.02E-10   0.00E+00   9.67E-10   1.16E-03   5.13E-05   1.03E-05   7.37E-06   1.92E-06
 7.22E+06   1.63E-09   0.00E+00   3.12E-09   1.16E-03   5.15E-05   1.06E-05   7.62E-06   2.05E-06
 7.38E+06   3.98E-09   0.00E+00   8.14E-09   1.16E-03   5.17E-05   1.10E-05   7.87E-06   2.18E-06
 7.52E+06   8.48E-09   0.00E+00   1.78E-08   1.16E-03   5.20E-05   1.13E-05   8.13E-06   2.32E-06
 7.68E+06   1.58E-08   0.00E+00   3.35E-08   1.16E-03   5.23E-05   1.17E-05   8.40E-06   2.48E-06
 7.82E+06   2.64E-08   0.00E+00   5.60E-08   1.16E-03   5.27E-05   1.21E-05   8.70E-06   2.65E-06
 7.98E+06   4.01E-08   0.00E+00   8.47E-08   1.16E-03   5.31E-05   1.26E-05   9.01E-06   2.84E-06
 8.12E+06   5.63E-08   0.00E+00   1.18E-07   1.16E-03   5.35E-05   1.30E-05   9.35E-06   3.04E-06
 8.28E+06   7.40E-08   0.00E+00   1.55E-07   1.16E-03   5.39E-05   1.35E-05   9.71E-06   3.26E-06
 8.42E+06   9.25E-08   0.00E+00   1.93E-07   1.16E-03   5.44E-05   1.40E-05   1.01E-05   3.50E-06
 8.58E+06   1.11E-07   0.00E+00   2.31E-07   1.16E-03   5.48E-05   1.46E-05   1.05E-05   3.74E-06
 8.72E+06   1.29E-07   0.00E+00   2.68E-07   1.16E-03   5.53E-05   1.51E-05   1.08E-05   3.99E-06
 8.88E+06   1.48E-07   0.00E+00   3.07E-07   1.16E-03   5.58E-05   1.56E-05   1.12E-05   4.25E-06
 9.02E+06   1.67E-07   0.00E+00   3.48E-07   1.16E-03   5.62E-05   1.62E-05   1.16E-05   4.51E-06
 9.18E+06   1.89E-07   0.00E+00   3.96E-07   1.16E-03   5.67E-05   1.67E-05   1.20E-05   4.78E-06
 9.32E+06   2.13E-07   0.00E+00   4.51E-07   1.16E-03   5.72E-05   1.73E-05   1.24E-05   5.07E-06
 9.48E+06   2.40E-07   0.00E+00   5.14E-07   1.16E-03   5.77E-05   1.79E-05   1.29E-05   5.38E-06
 9.62E+06   2.70E-07   0.00E+00   5.86E-07   1.16E-03   5.83E-05   1.86E-05   1.33E-05   5.73E-06
 9.78E+06   3.05E-07   0.00E+00   6.69E-07   1.16E-03   5.89E-05   1.94E-05   1.39E-05   6.18E-06
 9.92E+06   3.45E-07   0.00E+00   7.66E-07   1.16E-03   6.00E-05   2.06E-05   1.48E-05   6.96E-06

     Z      PNO2_O1D   PNO2       PCH3_1     PSO        PH2S       PSO2       PSO2_SO21  PSO2_SO23  
 2.50E+04   8.02E-30   3.59E-03   1.15E-28   1.33E-28   2.49E-14   7.99E-29   3.62E-05   4.29E-07
 1.75E+05   7.45E-27   3.93E-03   1.12E-25   1.62E-25   3.02E-14   9.24E-26   4.28E-05   4.73E-07
 3.25E+05   4.12E-24   4.24E-03   5.57E-23   1.08E-22   3.53E-14   6.06E-23   4.88E-05   5.12E-07
 4.75E+05   1.18E-21   4.52E-03   1.44E-20   3.56E-20   4.02E-14   2.01E-20   5.44E-05   5.46E-07
 6.25E+05   1.79E-19   4.76E-03   2.11E-18   6.09E-18   4.51E-14   3.51E-18   5.96E-05   5.78E-07
 7.75E+05   1.53E-17   4.99E-03   1.79E-16   5.73E-16   5.01E-14   3.37E-16   6.44E-05   6.06E-07
 9.25E+05   7.60E-16   5.19E-03   8.94E-15   3.08E-14   6.81E-14   1.85E-14   6.90E-05   6.31E-07
 1.08E+06   2.22E-14   5.37E-03   2.62E-13   9.55E-13   4.84E-13   5.81E-13   7.32E-05   6.54E-07
 1.22E+06   3.59E-13   5.52E-03   4.25E-12   1.61E-11   7.37E-12   9.92E-12   7.70E-05   6.73E-07
 1.38E+06   3.53E-12   5.66E-03   4.16E-11   1.63E-10   7.49E-11   1.01E-10   8.07E-05   6.90E-07
 1.52E+06   2.37E-11   5.79E-03   2.78E-10   1.12E-09   5.17E-10   6.97E-10   8.47E-05   7.06E-07
 1.68E+06   1.20E-10   5.90E-03   1.39E-09   5.71E-09   2.65E-09   3.56E-09   8.93E-05   7.20E-07
 1.82E+06   4.83E-10   5.99E-03   5.59E-09   2.32E-08   1.08E-08   1.44E-08   9.48E-05   7.31E-07
 1.98E+06   1.63E-09   6.06E-03   1.88E-08   7.83E-08   3.63E-08   4.87E-08   1.01E-04   7.39E-07
 2.12E+06   4.80E-09   6.12E-03   5.51E-08   2.28E-07   1.05E-07   1.41E-07   1.10E-04   7.46E-07
 2.28E+06   1.25E-08   6.17E-03   1.44E-07   5.87E-07   2.70E-07   3.62E-07   1.20E-04   7.51E-07
 2.42E+06   2.98E-08   6.21E-03   3.42E-07   1.37E-06   6.25E-07   8.37E-07   1.33E-04   7.55E-07
 2.58E+06   6.53E-08   6.24E-03   7.53E-07   2.91E-06   1.32E-06   1.77E-06   1.50E-04   7.57E-07
 2.72E+06   1.33E-07   6.27E-03   1.56E-06   5.71E-06   2.57E-06   3.45E-06   1.70E-04   7.60E-07
 2.88E+06   2.54E-07   6.30E-03   3.02E-06   1.04E-05   4.66E-06   6.23E-06   1.95E-04   7.62E-07
 3.02E+06   4.53E-07   6.32E-03   5.49E-06   1.75E-05   7.82E-06   1.04E-05   2.26E-04   7.63E-07
 3.18E+06   7.59E-07   6.34E-03   9.27E-06   2.73E-05   1.23E-05   1.63E-05   2.63E-04   7.64E-07
 3.32E+06   1.20E-06   6.36E-03   1.45E-05   3.99E-05   1.80E-05   2.37E-05   3.04E-04   7.65E-07
 3.48E+06   1.78E-06   6.38E-03   2.10E-05   5.47E-05   2.49E-05   3.25E-05   3.50E-04   7.66E-07
 3.62E+06   2.53E-06   6.39E-03   2.84E-05   7.11E-05   3.28E-05   4.23E-05   3.98E-04   7.66E-07
 3.78E+06   3.45E-06   6.41E-03   3.62E-05   8.84E-05   4.14E-05   5.26E-05   4.50E-04   7.67E-07
 3.92E+06   4.51E-06   6.42E-03   4.40E-05   1.06E-04   5.06E-05   6.31E-05   5.02E-04   7.67E-07
 4.08E+06   5.70E-06   6.43E-03   5.13E-05   1.23E-04   5.98E-05   7.33E-05   5.56E-04   7.67E-07
 4.22E+06   6.95E-06   6.44E-03   5.78E-05   1.38E-04   6.89E-05   8.27E-05   6.09E-04   7.67E-07
 4.38E+06   8.19E-06   6.45E-03   6.34E-05   1.52E-04   7.74E-05   9.11E-05   6.60E-04   7.68E-07
 4.52E+06   9.35E-06   6.46E-03   6.80E-05   1.64E-04   8.50E-05   9.84E-05   7.07E-04   7.68E-07
 4.68E+06   1.04E-05   6.46E-03   7.17E-05   1.74E-04   9.16E-05   1.04E-04   7.48E-04   7.68E-07
 4.82E+06   1.12E-05   6.47E-03   7.46E-05   1.82E-04   9.73E-05   1.10E-04   7.83E-04   7.68E-07
 4.98E+06   1.20E-05   6.47E-03   7.69E-05   1.89E-04   1.02E-04   1.14E-04   8.13E-04   7.68E-07
 5.12E+06   1.25E-05   6.47E-03   7.87E-05   1.95E-04   1.06E-04   1.17E-04   8.36E-04   7.68E-07
 5.28E+06   1.30E-05   6.48E-03   8.01E-05   1.99E-04   1.09E-04   1.20E-04   8.53E-04   7.68E-07
 5.42E+06   1.33E-05   6.48E-03   8.12E-05   2.03E-04   1.11E-04   1.22E-04   8.67E-04   7.68E-07
 5.58E+06   1.36E-05   6.48E-03   8.20E-05   2.06E-04   1.13E-04   1.24E-04   8.77E-04   7.68E-07
 5.72E+06   1.38E-05   6.48E-03   8.26E-05   2.08E-04   1.15E-04   1.26E-04   8.84E-04   7.68E-07
 5.88E+06   1.40E-05   6.48E-03   8.31E-05   2.11E-04   1.16E-04   1.27E-04   8.89E-04   7.68E-07
 6.02E+06   1.41E-05   6.48E-03   8.35E-05   2.12E-04   1.18E-04   1.28E-04   8.93E-04   7.68E-07
 6.18E+06   1.43E-05   6.48E-03   8.38E-05   2.14E-04   1.19E-04   1.29E-04   8.96E-04   7.68E-07
 6.32E+06   1.44E-05   6.48E-03   8.41E-05   2.15E-04   1.19E-04   1.30E-04   8.98E-04   7.68E-07
 6.48E+06   1.44E-05   6.48E-03   8.42E-05   2.16E-04   1.20E-04   1.31E-04   8.99E-04   7.68E-07
 6.62E+06   1.45E-05   6.48E-03   8.44E-05   2.17E-04   1.21E-04   1.32E-04   9.00E-04   7.68E-07
 6.78E+06   1.46E-05   6.48E-03   8.45E-05   2.18E-04   1.21E-04   1.32E-04   9.01E-04   7.68E-07
 6.92E+06   1.47E-05   6.48E-03   8.46E-05   2.19E-04   1.22E-04   1.33E-04   9.01E-04   7.68E-07
 7.08E+06   1.47E-05   6.48E-03   8.47E-05   2.19E-04   1.22E-04   1.33E-04   9.01E-04   7.68E-07
 7.22E+06   1.48E-05   6.48E-03   8.47E-05   2.20E-04   1.22E-04   1.34E-04   9.02E-04   7.68E-07
 7.38E+06   1.49E-05   6.48E-03   8.47E-05   2.20E-04   1.23E-04   1.34E-04   9.02E-04   7.68E-07
 7.52E+06   1.50E-05   6.48E-03   8.48E-05   2.21E-04   1.23E-04   1.35E-04   9.02E-04   7.68E-07
 7.68E+06   1.51E-05   6.48E-03   8.48E-05   2.21E-04   1.24E-04   1.35E-04   9.02E-04   7.68E-07
 7.82E+06   1.52E-05   6.48E-03   8.48E-05   2.21E-04   1.24E-04   1.36E-04   9.02E-04   7.68E-07
 7.98E+06   1.54E-05   6.48E-03   8.48E-05   2.22E-04   1.25E-04   1.36E-04   9.02E-04   7.68E-07
 8.12E+06   1.56E-05   6.49E-03   8.49E-05   2.22E-04   1.25E-04   1.37E-04   9.02E-04   7.68E-07
 8.28E+06   1.58E-05   6.49E-03   8.49E-05   2.22E-04   1.26E-04   1.38E-04   9.02E-04   7.68E-07
 8.42E+06   1.60E-05   6.49E-03   8.49E-05   2.22E-04   1.27E-04   1.39E-04   9.02E-04   7.68E-07
 8.58E+06   1.63E-05   6.49E-03   8.49E-05   2.22E-04   1.28E-04   1.40E-04   9.02E-04   7.68E-07
 8.72E+06   1.65E-05   6.49E-03   8.49E-05   2.23E-04   1.28E-04   1.41E-04   9.02E-04   7.68E-07
 8.88E+06   1.67E-05   6.49E-03   8.49E-05   2.23E-04   1.29E-04   1.42E-04   9.02E-04   7.68E-07
 9.02E+06   1.70E-05   6.49E-03   8.49E-05   2.23E-04   1.30E-04   1.42E-04   9.02E-04   7.68E-07
 9.18E+06   1.73E-05   6.49E-03   8.49E-05   2.23E-04   1.30E-04   1.43E-04   9.02E-04   7.68E-07
 9.32E+06   1.76E-05   6.49E-03   8.49E-05   2.23E-04   1.31E-04   1.44E-04   9.02E-04   7.68E-07
 9.48E+06   1.79E-05   6.49E-03   8.49E-05   2.23E-04   1.32E-04   1.45E-04   9.02E-04   7.68E-07
 9.62E+06   1.83E-05   6.49E-03   8.49E-05   2.23E-04   1.33E-04   1.46E-04   9.02E-04   7.68E-07
 9.78E+06   1.89E-05   6.49E-03   8.49E-05   2.23E-04   1.34E-04   1.48E-04   9.02E-04   7.68E-07
 9.92E+06   1.99E-05   6.49E-03   8.49E-05   2.24E-04   1.35E-04   1.49E-04   9.02E-04   7.68E-07

     Z      PS2        PS4        PS3        PS8L       PS8R       PS8        PSO3       PHSO       
 2.50E+04   2.88E-05   1.16E-01   5.37E-01   0.00E+00   0.00E+00   7.81E-14   6.58E-08   1.50E-28
 1.75E+05   3.40E-05   1.19E-01   5.77E-01   0.00E+00   0.00E+00   1.10E-13   7.67E-08   1.45E-25
 3.25E+05   3.86E-05   1.23E-01   6.12E-01   0.00E+00   0.00E+00   1.49E-13   8.65E-08   8.30E-23
 4.75E+05   4.30E-05   1.26E-01   6.43E-01   0.00E+00   0.00E+00   2.00E-13   9.54E-08   2.44E-20
 6.25E+05   4.70E-05   1.29E-01   6.72E-01   0.00E+00   0.00E+00   2.63E-13   1.04E-07   3.82E-18
 7.75E+05   5.07E-05   1.31E-01   6.97E-01   0.00E+00   0.00E+00   3.44E-13   1.11E-07   3.34E-16
 9.25E+05   5.42E-05   1.34E-01   7.20E-01   0.00E+00   0.00E+00   4.48E-13   1.18E-07   1.70E-14
 1.08E+06   5.74E-05   1.36E-01   7.40E-01   0.00E+00   0.00E+00   5.93E-13   1.25E-07   5.05E-13
 1.22E+06   6.03E-05   1.38E-01   7.58E-01   0.00E+00   0.00E+00   7.93E-13   1.30E-07   8.31E-12
 1.38E+06   6.31E-05   1.39E-01   7.74E-01   0.00E+00   0.00E+00   1.06E-12   1.35E-07   8.24E-11
 1.52E+06   6.60E-05   1.41E-01   7.89E-01   0.00E+00   0.00E+00   1.42E-12   1.41E-07   5.58E-10
 1.68E+06   6.93E-05   1.43E-01   8.02E-01   0.00E+00   0.00E+00   1.89E-12   1.47E-07   2.83E-09
 1.82E+06   7.31E-05   1.45E-01   8.13E-01   0.00E+00   0.00E+00   2.52E-12   1.54E-07   1.14E-08
 1.98E+06   7.77E-05   1.46E-01   8.21E-01   0.00E+00   0.00E+00   3.35E-12   1.64E-07   3.87E-08
 2.12E+06   8.32E-05   1.47E-01   8.27E-01   0.00E+00   0.00E+00   4.45E-12   1.80E-07   1.13E-07
 2.28E+06   9.00E-05   1.47E-01   8.31E-01   0.00E+00   0.00E+00   5.91E-12   2.11E-07   2.94E-07
 2.42E+06   9.85E-05   1.48E-01   8.35E-01   0.00E+00   0.00E+00   7.86E-12   2.68E-07   6.94E-07
 2.58E+06   1.09E-04   1.48E-01   8.37E-01   0.00E+00   0.00E+00   1.05E-11   3.73E-07   1.51E-06
 2.72E+06   1.22E-04   1.48E-01   8.39E-01   0.00E+00   0.00E+00   1.40E-11   5.57E-07   3.03E-06
 2.88E+06   1.38E-04   1.49E-01   8.41E-01   0.00E+00   0.00E+00   1.88E-11   8.58E-07   5.70E-06
 3.02E+06   1.58E-04   1.49E-01   8.42E-01   0.00E+00   0.00E+00   2.53E-11   1.31E-06   1.00E-05
 3.18E+06   1.82E-04   1.49E-01   8.43E-01   0.00E+00   0.00E+00   3.42E-11   1.95E-06   1.65E-05
 3.32E+06   2.09E-04   1.49E-01   8.44E-01   0.00E+00   0.00E+00   4.62E-11   2.79E-06   2.55E-05
 3.48E+06   2.39E-04   1.49E-01   8.44E-01   0.00E+00   0.00E+00   6.23E-11   3.80E-06   3.73E-05
 3.62E+06   2.72E-04   1.49E-01   8.45E-01   0.00E+00   0.00E+00   8.37E-11   4.96E-06   5.19E-05
 3.78E+06   3.06E-04   1.49E-01   8.45E-01   0.00E+00   0.00E+00   1.12E-10   6.26E-06   6.96E-05
 3.92E+06   3.40E-04   1.49E-01   8.45E-01   0.00E+00   0.00E+00   1.49E-10   7.65E-06   9.01E-05
 4.08E+06   3.73E-04   1.50E-01   8.46E-01   0.00E+00   0.00E+00   1.98E-10   9.12E-06   1.13E-04
 4.22E+06   4.05E-04   1.50E-01   8.46E-01   0.00E+00   0.00E+00   2.63E-10   1.06E-05   1.38E-04
 4.38E+06   4.35E-04   1.50E-01   8.46E-01   0.00E+00   0.00E+00   3.46E-10   1.21E-05   1.63E-04
 4.52E+06   4.61E-04   1.50E-01   8.46E-01   0.00E+00   0.00E+00   4.52E-10   1.36E-05   1.87E-04
 4.68E+06   4.84E-04   1.50E-01   8.46E-01   0.00E+00   0.00E+00   5.84E-10   1.49E-05   2.09E-04
 4.82E+06   5.02E-04   1.50E-01   8.46E-01   0.00E+00   0.00E+00   7.46E-10   1.61E-05   2.28E-04
 4.98E+06   5.17E-04   1.50E-01   8.46E-01   0.00E+00   0.00E+00   9.42E-10   1.71E-05   2.44E-04
 5.12E+06   5.29E-04   1.50E-01   8.46E-01   0.00E+00   0.00E+00   1.18E-09   1.79E-05   2.57E-04
 5.28E+06   5.38E-04   1.50E-01   8.46E-01   0.00E+00   0.00E+00   1.47E-09   1.86E-05   2.67E-04
 5.42E+06   5.44E-04   1.50E-01   8.46E-01   0.00E+00   0.00E+00   1.82E-09   1.91E-05   2.75E-04
 5.58E+06   5.49E-04   1.50E-01   8.46E-01   0.00E+00   0.00E+00   2.24E-09   1.95E-05   2.81E-04
 5.72E+06   5.53E-04   1.50E-01   8.46E-01   0.00E+00   0.00E+00   2.75E-09   1.99E-05   2.86E-04
 5.88E+06   5.55E-04   1.50E-01   8.46E-01   0.00E+00   0.00E+00   3.38E-09   2.02E-05   2.89E-04
 6.02E+06   5.57E-04   1.50E-01   8.46E-01   0.00E+00   0.00E+00   4.14E-09   2.04E-05   2.92E-04
 6.18E+06   5.58E-04   1.50E-01   8.46E-01   0.00E+00   0.00E+00   5.08E-09   2.06E-05   2.94E-04
 6.32E+06   5.59E-04   1.50E-01   8.46E-01   0.00E+00   0.00E+00   6.23E-09   2.07E-05   2.96E-04
 6.48E+06   5.60E-04   1.50E-01   8.46E-01   0.00E+00   0.00E+00   7.65E-09   2.08E-05   2.97E-04
 6.62E+06   5.61E-04   1.50E-01   8.46E-01   0.00E+00   0.00E+00   9.41E-09   2.10E-05   2.98E-04
 6.78E+06   5.61E-04   1.50E-01   8.46E-01   0.00E+00   0.00E+00   1.16E-08   2.11E-05   2.99E-04
 6.92E+06   5.61E-04   1.50E-01   8.46E-01   0.00E+00   0.00E+00   1.43E-08   2.11E-05   3.00E-04
 7.08E+06   5.61E-04   1.50E-01   8.46E-01   0.00E+00   0.00E+00   1.77E-08   2.12E-05   3.00E-04
 7.22E+06   5.61E-04   1.50E-01   8.46E-01   0.00E+00   0.00E+00   2.19E-08   2.13E-05   3.01E-04
 7.38E+06   5.61E-04   1.50E-01   8.46E-01   0.00E+00   0.00E+00   2.71E-08   2.13E-05   3.01E-04
 7.52E+06   5.62E-04   1.50E-01   8.46E-01   0.00E+00   0.00E+00   3.38E-08   2.14E-05   3.01E-04
 7.68E+06   5.62E-04   1.50E-01   8.46E-01   0.00E+00   0.00E+00   4.21E-08   2.15E-05   3.02E-04
 7.82E+06   5.62E-04   1.50E-01   8.46E-01   0.00E+00   0.00E+00   5.25E-08   2.15E-05   3.02E-04
 7.98E+06   5.62E-04   1.50E-01   8.46E-01   0.00E+00   0.00E+00   6.54E-08   2.16E-05   3.02E-04
 8.12E+06   5.62E-04   1.50E-01   8.46E-01   0.00E+00   0.00E+00   8.15E-08   2.16E-05   3.02E-04
 8.28E+06   5.62E-04   1.50E-01   8.46E-01   0.00E+00   0.00E+00   1.02E-07   2.17E-05   3.03E-04
 8.42E+06   5.62E-04   1.50E-01   8.46E-01   0.00E+00   0.00E+00   1.27E-07   2.18E-05   3.03E-04
 8.58E+06   5.62E-04   1.50E-01   8.46E-01   0.00E+00   0.00E+00   1.58E-07   2.18E-05   3.03E-04
 8.72E+06   5.62E-04   1.50E-01   8.46E-01   0.00E+00   0.00E+00   1.96E-07   2.19E-05   3.04E-04
 8.88E+06   5.62E-04   1.50E-01   8.46E-01   0.00E+00   0.00E+00   2.44E-07   2.20E-05   3.04E-04
 9.02E+06   5.62E-04   1.50E-01   8.46E-01   0.00E+00   0.00E+00   3.04E-07   2.21E-05   3.04E-04
 9.18E+06   5.62E-04   1.50E-01   8.46E-01   0.00E+00   0.00E+00   3.78E-07   2.21E-05   3.04E-04
 9.32E+06   5.62E-04   1.50E-01   8.46E-01   0.00E+00   0.00E+00   4.70E-07   2.22E-05   3.05E-04
 9.48E+06   5.62E-04   1.50E-01   8.46E-01   0.00E+00   0.00E+00   5.84E-07   2.23E-05   3.05E-04
 9.62E+06   5.62E-04   1.50E-01   8.46E-01   0.00E+00   0.00E+00   7.25E-07   2.24E-05   3.05E-04
 9.78E+06   5.62E-04   1.50E-01   8.46E-01   0.00E+00   0.00E+00   8.99E-07   2.25E-05   3.06E-04
 9.92E+06   5.62E-04   1.50E-01   8.46E-01   0.00E+00   0.00E+00   1.11E-06   2.28E-05   3.06E-04

     Z      POCS       PNO3_NO    PNO3_NO2   PN2O       PHO2NO2_NO2PHO2NO2_NO3PN2O5_NO2  PN2O5_NO   
 2.50E+04   1.03E-11   1.06E-02   8.34E-02   7.62E-32   1.52E-06   3.80E-07   3.46E-10   1.01E-05
 1.75E+05   1.23E-11   1.08E-02   8.49E-02   9.97E-29   1.77E-06   4.42E-07   4.33E-10   1.16E-05
 3.25E+05   1.42E-11   1.10E-02   8.61E-02   7.23E-26   1.99E-06   4.98E-07   5.21E-10   1.29E-05
 4.75E+05   1.59E-11   1.12E-02   8.71E-02   2.69E-23   2.20E-06   5.49E-07   6.12E-10   1.41E-05
 6.25E+05   1.75E-11   1.14E-02   8.78E-02   5.24E-21   2.39E-06   5.97E-07   7.08E-10   1.52E-05
 7.75E+05   1.91E-11   1.15E-02   8.82E-02   5.48E-19   2.56E-06   6.40E-07   8.11E-10   1.62E-05
 9.25E+05   2.06E-11   1.17E-02   8.83E-02   3.16E-17   2.72E-06   6.80E-07   9.21E-10   1.71E-05
 1.08E+06   2.20E-11   1.19E-02   8.87E-02   1.04E-15   2.87E-06   7.17E-07   1.04E-09   1.79E-05
 1.22E+06   2.35E-11   1.20E-02   8.96E-02   1.89E-14   3.00E-06   7.49E-07   1.17E-09   1.86E-05
 1.38E+06   2.62E-11   1.22E-02   9.06E-02   2.01E-13   3.12E-06   7.80E-07   1.41E-09   1.92E-05
 1.52E+06   3.68E-11   1.23E-02   9.18E-02   1.43E-12   3.24E-06   8.11E-07   2.25E-09   1.99E-05
 1.68E+06   8.07E-11   1.24E-02   9.29E-02   7.46E-12   3.38E-06   8.44E-07   5.54E-09   2.05E-05
 1.82E+06   2.43E-10   1.26E-02   9.39E-02   3.07E-11   3.52E-06   8.81E-07   1.73E-08   2.11E-05
 1.98E+06   7.59E-10   1.27E-02   9.48E-02   1.05E-10   3.70E-06   9.26E-07   5.32E-08   2.18E-05
 2.12E+06   2.21E-09   1.27E-02   9.56E-02   3.06E-10   3.94E-06   9.86E-07   1.49E-07   2.24E-05
 2.28E+06   5.92E-09   1.28E-02   9.62E-02   7.87E-10   4.28E-06   1.07E-06   3.77E-07   2.32E-05
 2.42E+06   1.47E-08   1.28E-02   9.68E-02   1.82E-09   4.79E-06   1.21E-06   8.66E-07   2.40E-05
 2.58E+06   3.39E-08   1.29E-02   9.74E-02   3.82E-09   5.59E-06   1.42E-06   1.83E-06   2.50E-05
 2.72E+06   7.37E-08   1.29E-02   9.79E-02   7.39E-09   6.85E-06   1.75E-06   3.56E-06   2.62E-05
 2.88E+06   1.51E-07   1.29E-02   9.84E-02   1.32E-08   8.77E-06   2.26E-06   6.44E-06   2.76E-05
 3.02E+06   2.94E-07   1.29E-02   9.89E-02   2.19E-08   1.16E-05   3.00E-06   1.08E-05   2.91E-05
 3.18E+06   5.38E-07   1.29E-02   9.94E-02   3.37E-08   1.54E-05   4.02E-06   1.70E-05   3.09E-05
 3.32E+06   9.28E-07   1.30E-02   9.99E-02   4.86E-08   2.03E-05   5.34E-06   2.49E-05   3.29E-05
 3.48E+06   1.51E-06   1.30E-02   1.00E-01   6.61E-08   2.63E-05   6.94E-06   3.45E-05   3.50E-05
 3.62E+06   2.33E-06   1.30E-02   1.01E-01   8.58E-08   3.33E-05   8.83E-06   4.56E-05   3.73E-05
 3.78E+06   3.42E-06   1.30E-02   1.01E-01   1.07E-07   4.15E-05   1.10E-05   5.81E-05   3.97E-05
 3.92E+06   4.81E-06   1.30E-02   1.02E-01   1.29E-07   5.09E-05   1.35E-05   7.17E-05   4.22E-05
 4.08E+06   6.46E-06   1.30E-02   1.02E-01   1.51E-07   6.19E-05   1.64E-05   8.67E-05   4.49E-05
 4.22E+06   8.32E-06   1.30E-02   1.02E-01   1.72E-07   7.45E-05   1.97E-05   1.03E-04   4.77E-05
 4.38E+06   1.03E-05   1.30E-02   1.03E-01   1.93E-07   8.88E-05   2.34E-05   1.20E-04   5.06E-05
 4.52E+06   1.22E-05   1.30E-02   1.03E-01   2.11E-07   1.04E-04   2.73E-05   1.38E-04   5.35E-05
 4.68E+06   1.39E-05   1.30E-02   1.03E-01   2.26E-07   1.19E-04   3.12E-05   1.55E-04   5.62E-05
 4.82E+06   1.54E-05   1.30E-02   1.03E-01   2.38E-07   1.33E-04   3.48E-05   1.71E-04   5.87E-05
 4.98E+06   1.67E-05   1.30E-02   1.02E-01   2.49E-07   1.45E-04   3.80E-05   1.84E-04   6.07E-05
 5.12E+06   1.77E-05   1.30E-02   1.02E-01   2.59E-07   1.55E-04   4.06E-05   1.96E-04   6.24E-05
 5.28E+06   1.85E-05   1.30E-02   1.02E-01   2.68E-07   1.63E-04   4.28E-05   2.06E-04   6.37E-05
 5.42E+06   1.91E-05   1.30E-02   1.02E-01   2.76E-07   1.70E-04   4.45E-05   2.13E-04   6.47E-05
 5.58E+06   1.95E-05   1.30E-02   1.02E-01   2.83E-07   1.75E-04   4.59E-05   2.19E-04   6.55E-05
 5.72E+06   1.99E-05   1.30E-02   1.01E-01   2.90E-07   1.79E-04   4.69E-05   2.24E-04   6.61E-05
 5.88E+06   2.01E-05   1.30E-02   1.01E-01   2.97E-07   1.82E-04   4.77E-05   2.28E-04   6.65E-05
 6.02E+06   2.03E-05   1.30E-02   1.01E-01   3.03E-07   1.84E-04   4.84E-05   2.32E-04   6.68E-05
 6.18E+06   2.05E-05   1.30E-02   1.01E-01   3.09E-07   1.86E-04   4.88E-05   2.34E-04   6.70E-05
 6.32E+06   2.06E-05   1.30E-02   1.01E-01   3.14E-07   1.87E-04   4.92E-05   2.37E-04   6.71E-05
 6.48E+06   2.07E-05   1.30E-02   1.00E-01   3.19E-07   1.88E-04   4.95E-05   2.39E-04   6.72E-05
 6.62E+06   2.07E-05   1.30E-02   1.00E-01   3.24E-07   1.89E-04   4.97E-05   2.40E-04   6.73E-05
 6.78E+06   2.08E-05   1.30E-02   1.00E-01   3.28E-07   1.89E-04   4.99E-05   2.42E-04   6.73E-05
 6.92E+06   2.08E-05   1.30E-02   9.98E-02   3.33E-07   1.90E-04   5.01E-05   2.43E-04   6.74E-05
 7.08E+06   2.08E-05   1.30E-02   9.96E-02   3.38E-07   1.90E-04   5.02E-05   2.44E-04   6.74E-05
 7.22E+06   2.09E-05   1.31E-02   9.94E-02   3.44E-07   1.90E-04   5.03E-05   2.46E-04   6.74E-05
 7.38E+06   2.09E-05   1.31E-02   9.93E-02   3.53E-07   1.91E-04   5.03E-05   2.47E-04   6.74E-05
 7.52E+06   2.10E-05   1.31E-02   9.92E-02   3.68E-07   1.91E-04   5.04E-05   2.48E-04   6.74E-05
 7.68E+06   2.11E-05   1.31E-02   9.92E-02   3.90E-07   1.91E-04   5.04E-05   2.49E-04   6.74E-05
 7.82E+06   2.12E-05   1.31E-02   9.92E-02   4.19E-07   1.91E-04   5.05E-05   2.50E-04   6.74E-05
 7.98E+06   2.13E-05   1.31E-02   9.92E-02   4.55E-07   1.91E-04   5.05E-05   2.52E-04   6.74E-05
 8.12E+06   2.15E-05   1.31E-02   9.92E-02   4.96E-07   1.91E-04   5.05E-05   2.53E-04   6.74E-05
 8.28E+06   2.17E-05   1.31E-02   9.92E-02   5.42E-07   1.91E-04   5.05E-05   2.55E-04   6.74E-05
 8.42E+06   2.19E-05   1.31E-02   9.92E-02   5.91E-07   1.91E-04   5.06E-05   2.57E-04   6.75E-05
 8.58E+06   2.21E-05   1.31E-02   9.92E-02   6.40E-07   1.91E-04   5.06E-05   2.59E-04   6.75E-05
 8.72E+06   2.23E-05   1.31E-02   9.92E-02   6.89E-07   1.91E-04   5.06E-05   2.61E-04   6.75E-05
 8.88E+06   2.26E-05   1.31E-02   9.92E-02   7.40E-07   1.91E-04   5.06E-05   2.62E-04   6.75E-05
 9.02E+06   2.28E-05   1.31E-02   9.92E-02   7.96E-07   1.91E-04   5.06E-05   2.64E-04   6.75E-05
 9.18E+06   2.31E-05   1.31E-02   9.92E-02   8.62E-07   1.91E-04   5.06E-05   2.66E-04   6.75E-05
 9.32E+06   2.35E-05   1.31E-02   9.92E-02   9.50E-07   1.91E-04   5.06E-05   2.69E-04   6.75E-05
 9.48E+06   2.39E-05   1.31E-02   9.92E-02   1.07E-06   1.91E-04   5.06E-05   2.71E-04   6.75E-05
 9.62E+06   2.45E-05   1.31E-02   9.92E-02   1.25E-06   1.91E-04   5.06E-05   2.74E-04   6.75E-05
 9.78E+06   2.57E-05   1.31E-02   9.92E-02   1.51E-06   1.91E-04   5.06E-05   2.77E-04   6.75E-05
 9.92E+06   2.87E-05   1.31E-02   9.92E-02   1.90E-06   1.91E-04   5.06E-05   2.84E-04   6.75E-05
 N =    1  EMAX = 8.30E-05 FOR H       AT Z = 1.12E+06 U = 1.17E-20 RHS = 9.70E-25  DT = 5.00E-06  TIME = 1.00E-06
 N =    2  EMAX = 1.21E-04 FOR CH3     AT Z = 2.38E+06 U = 1.17E-20 RHS =-1.41E-24  DT = 2.50E-05  TIME = 6.00E-06
 N =    3  EMAX = 1.92E-04 FOR CH3     AT Z = 2.58E+06 U = 3.37E-20 RHS =-6.47E-24  DT = 1.25E-04  TIME = 3.10E-05
 N =    4  EMAX = 1.83E-04 FOR CH3     AT Z = 2.98E+06 U = 2.71E-19 RHS =-4.95E-23  DT = 6.25E-04  TIME = 1.56E-04
 N =    5  EMAX = 1.40E-04 FOR SO3     AT Z = 5.25E+05 U = 2.64E-19 RHS =-3.70E-23  DT = 3.13E-03  TIME = 7.81E-04
 N =    6  EMAX = 1.92E-04 FOR SO3     AT Z = 6.75E+05 U = 1.12E-18 RHS =-2.15E-22  DT = 1.56E-02  TIME = 3.91E-03
 N =    7  EMAX = 2.37E-04 FOR SO3     AT Z = 7.75E+05 U = 3.41E-18 RHS =-8.06E-22  DT = 7.81E-02  TIME = 1.95E-02
 N =    8  EMAX = 7.33E-04 FOR SO3     AT Z = 1.02E+06 U = 1.04E-16 RHS =-7.59E-20  DT = 3.12E-01  TIME = 9.77E-02
 N =    9  EMAX = 1.20E-03 FOR SO3     AT Z = 1.02E+06 U = 1.04E-16 RHS =-1.24E-19  DT = 9.38E-01  TIME = 4.10E-01
 N =   10  EMAX = 6.79E-04 FOR SO3     AT Z = 1.02E+06 U = 1.03E-16 RHS =-7.02E-20  DT = 3.75E+00  TIME = 1.35E+00
 N =   11  EMAX = 9.87E-04 FOR SO3     AT Z = 1.72E+06 U = 1.73E-15 RHS =-1.70E-18  DT = 1.50E+01  TIME = 5.10E+00
 N =   12  EMAX = 1.32E-03 FOR SO3     AT Z = 1.98E+06 U = 2.05E-15 RHS =-2.70E-18  DT = 4.50E+01  TIME = 2.01E+01
 N =   13  EMAX = 1.28E-03 FOR SO3     AT Z = 2.18E+06 U = 1.60E-15 RHS =-2.04E-18  DT = 1.35E+02  TIME = 6.51E+01
 N =   14  EMAX = 1.25E-03 FOR SO3     AT Z = 2.42E+06 U = 1.32E-15 RHS =-1.66E-18  DT = 4.05E+02  TIME = 2.00E+02
 N =   15  EMAX = 1.27E-03 FOR SO3     AT Z = 2.62E+06 U = 1.15E-15 RHS =-1.46E-18  DT = 1.22E+03  TIME = 6.05E+02
 N =   16  EMAX = 1.19E-03 FOR SO3     AT Z = 2.82E+06 U = 9.88E-16 RHS =-1.18E-18  DT = 3.64E+03  TIME = 1.82E+03
 N =   17  EMAX = 1.09E-03 FOR SO3     AT Z = 3.08E+06 U = 8.59E-16 RHS =-9.34E-19  DT = 1.09E+04  TIME = 5.47E+03
 N =   18  EMAX = 9.71E-04 FOR SO3     AT Z = 3.22E+06 U = 8.49E-16 RHS =-8.24E-19  DT = 4.37E+04  TIME = 1.64E+04
 N =   19  EMAX = 9.41E-04 FOR H2SO4   AT Z = 2.92E+06 U = 5.02E-13 RHS =-4.73E-16  DT = 1.75E+05  TIME = 6.01E+04
 N =   20  EMAX = 1.71E-03 FOR H2O     AT Z = 1.28E+06 U = 3.94E-06 RHS = 6.72E-09  DT = 5.25E+05  TIME = 2.35E+05
 N =   21  EMAX = 6.72E-04 FOR H2O     AT Z = 1.32E+06 U = 3.95E-06 RHS = 2.65E-09  DT = 2.10E+06  TIME = 7.60E+05
 N =   22  EMAX = 1.04E-03 FOR H2S     AT Z = 1.52E+06 U = 4.85E-17 RHS =-5.02E-20  DT = 6.30E+06  TIME = 2.86E+06
 N =   23  EMAX = 1.76E-03 FOR H2S     AT Z = 1.88E+06 U = 1.84E-19 RHS =-3.24E-22  DT = 1.89E+07  TIME = 9.16E+06
 N =   24  EMAX = 2.52E-03 FOR H2S     AT Z = 2.02E+06 U = 1.19E-20 RHS =-3.01E-23  DT = 5.67E+07  TIME = 2.81E+07
 N =   25  EMAX = 2.10E-03 FOR H2S     AT Z = 2.02E+06 U = 1.19E-20 RHS =-2.50E-23  DT = 1.70E+08  TIME = 8.47E+07
 N =   26  EMAX = 3.75E-03 FOR SO3     AT Z = 8.28E+06 U = 5.00E-18 RHS =-1.88E-20  DT = 5.10E+08  TIME = 2.55E+08
 N =   27  EMAX = 2.60E-03 FOR SO3     AT Z = 8.28E+06 U = 4.98E-18 RHS =-1.30E-20  DT = 1.53E+09  TIME = 7.65E+08
 N =   28  EMAX = 6.78E-04 FOR SO3     AT Z = 8.28E+06 U = 4.97E-18 RHS =-3.37E-21  DT = 6.12E+09  TIME = 2.30E+09
 N =   29  EMAX = 1.54E-04 FOR H2SO4   AT Z = 2.92E+06 U = 5.00E-13 RHS =-7.72E-17  DT = 3.06E+10  TIME = 8.42E+09
 N =   30  EMAX = 1.49E-05 FOR H2SO4   AT Z = 2.98E+06 U = 7.82E-13 RHS =-1.16E-17  DT = 1.53E+11  TIME = 3.90E+10
 N =   31  EMAX = 2.96E-06 FOR H       AT Z = 4.12E+06 U = 5.88E-14 RHS = 1.74E-19  DT = 7.65E+11  TIME = 1.92E+11
 N =   32  EMAX = 1.03E-06 FOR SO4AER  AT Z = 4.98E+06 U = 2.00E-11 RHS = 2.06E-17  DT = 3.83E+12  TIME = 9.57E+11
 N =   33  EMAX = 3.33E-07 FOR H2S     AT Z = 2.02E+06 U = 1.19E-20 RHS =-3.94E-27  DT = 1.91E+13  TIME = 4.78E+12
 N =   34  EMAX = 1.47E-07 FOR SO4AER  AT Z = 3.12E+06 U = 7.71E-10 RHS =-1.13E-16  DT = 9.57E+13  TIME = 2.39E+13
 N =   35  EMAX = 6.83E-08 FOR SO4AER  AT Z = 4.08E+06 U = 1.49E-10 RHS = 1.02E-17  DT = 4.78E+14  TIME = 1.20E+14
 N =   36  EMAX = 1.91E-08 FOR H2S     AT Z = 2.02E+06 U = 1.19E-20 RHS =-2.27E-28  DT = 2.39E+15  TIME = 5.98E+14
 N =   37  EMAX = 1.11E-08 FOR SO4AER  AT Z = 4.08E+06 U = 1.49E-10 RHS =-1.66E-18  DT = 1.20E+16  TIME = 2.99E+15
 N =   38  EMAX = 2.44E-09 FOR SO4AER  AT Z = 3.12E+06 U = 7.71E-10 RHS =-1.88E-18  DT = 5.98E+16  TIME = 1.49E+16
 N =   39  EMAX = 1.72E-09 FOR SO4AER  AT Z = 3.12E+06 U = 7.71E-10 RHS = 1.32E-18  DT = 2.99E+17  TIME = 7.47E+16
 N =   40  EMAX = 3.83E-10 FOR SO4AER  AT Z = 3.12E+06 U = 7.71E-10 RHS = 2.95E-19  DT = 1.49E+18  TIME = 3.74E+17

 ENERGY FLUXES IN W/m2/nm (NOT DIURNALLY AVERAGED)

  L   WAV      TAUR      EFLUX     GFLUX     S(1)
   1 1177.2  9.818E+01 5.413E-05 0.000E+00 0.000E+00
   2 1178.6  9.755E+01 4.768E-05 0.000E+00 0.000E+00
   3 1179.9  9.697E+01 4.123E-05 0.000E+00 0.000E+00
   4 1181.3  9.636E+01 3.455E-05 0.000E+00 0.000E+00
   5 1182.7  9.575E+01 2.786E-05 0.000E+00 0.000E+00
   6 1184.1  9.514E+01 2.117E-05 0.000E+00 0.000E+00
   7 1185.5  9.454E+01 1.899E-05 0.000E+00 0.000E+00
   8 1186.9  9.394E+01 2.442E-05 0.000E+00 0.000E+00
   9 1188.3  9.335E+01 3.017E-05 0.000E+00 0.000E+00
  10 1189.8  9.272E+01 3.593E-05 0.000E+00 0.000E+00
  11 1191.2  9.214E+01 4.149E-05 0.000E+00 0.000E+00
  12 1192.6  9.156E+01 4.704E-05 0.000E+00 0.000E+00
  13 1194.0  9.099E+01 5.260E-05 0.000E+00 0.000E+00
  14 1195.5  9.042E+01 5.608E-05 0.000E+00 0.000E+00
  15 1196.9  8.981E+01 5.512E-05 0.000E+00 0.000E+00
  16 1198.3  8.925E+01 5.891E-05 0.000E+00 0.000E+00
  17 1199.8  8.870E+01 6.400E-05 0.000E+00 0.000E+00
  18 1201.2  8.811E+01 5.848E-05 0.000E+00 0.000E+00
  19 1202.7  8.756E+01 5.851E-05 0.000E+00 0.000E+00
  20 1204.1  8.698E+01 1.550E-04 0.000E+00 0.000E+00
  21 1205.5  8.644E+01 3.814E-04 0.000E+00 0.000E+00
  22 1207.0  8.587E+01 3.958E-04 0.000E+00 0.000E+00
  23 1208.5  8.534E+01 1.820E-04 0.000E+00 0.000E+00
  24 1210.0  8.478E+01 1.014E-04 0.000E+00 0.000E+00
  25 1211.4  8.422E+01 2.778E-04 0.000E+00 0.000E+00
  26 1212.8  8.370E+01 4.063E-03 0.000E+00 0.000E+00
  27 1214.3  8.316E+01 1.837E-02 0.000E+00 0.000E+00
  28 1215.8  8.261E+01 2.550E-02 0.000E+00 0.000E+00
  29 1217.2  8.211E+01 1.269E-02 0.000E+00 0.000E+00
  30 1218.8  8.157E+01 1.953E-03 0.000E+00 0.000E+00
  31 1220.2  8.104E+01 2.304E-04 0.000E+00 0.000E+00
  32 1221.8  8.051E+01 9.415E-05 0.000E+00 0.000E+00
  33 1223.2  7.999E+01 6.190E-05 0.000E+00 0.000E+00
  34 1224.8  7.947E+01 4.859E-05 0.000E+00 0.000E+00
  35 1226.2  7.896E+01 4.298E-05 0.000E+00 0.000E+00
  36 1227.8  7.844E+01 4.077E-05 0.000E+00 0.000E+00
  37 1229.2  7.794E+01 3.730E-05 0.000E+00 0.000E+00
  38 1230.8  7.744E+01 3.304E-05 0.000E+00 0.000E+00
  39 1232.2  7.694E+01 3.085E-05 0.000E+00 0.000E+00
  40 1233.8  7.644E+01 3.007E-05 0.000E+00 0.000E+00
  41 1235.3  7.592E+01 3.114E-05 0.000E+00 0.000E+00
  42 1236.8  7.544E+01 4.785E-05 0.000E+00 0.000E+00
  43 1238.4  7.495E+01 6.985E-05 0.000E+00 0.000E+00
  44 1240.0  7.444E+01 5.861E-05 0.000E+00 0.000E+00
  45 1241.5  7.397E+01 4.901E-05 0.000E+00 0.000E+00
  46 1243.0  7.350E+01 4.753E-05 0.000E+00 0.000E+00
  47 1244.5  7.300E+01 3.176E-05 0.000E+00 0.000E+00
  48 1246.1  7.254E+01 2.375E-05 0.000E+00 0.000E+00
  49 1247.7  7.205E+01 2.316E-05 0.000E+00 0.000E+00
  50 1249.2  7.159E+01 2.327E-05 0.000E+00 0.000E+00
  51 1250.8  7.111E+01 2.382E-05 0.000E+00 0.000E+00
  52 1252.3  7.063E+01 2.661E-05 0.000E+00 0.000E+00
  53 1253.9  7.019E+01 3.071E-05 0.000E+00 0.000E+00
  54 1255.5  6.972E+01 3.062E-05 0.000E+00 0.000E+00
  55 1257.1  6.925E+01 3.412E-05 0.000E+00 0.000E+00
  56 1258.7  6.879E+01 4.922E-05 0.000E+00 0.000E+00
  57 1260.2  6.836E+01 5.734E-05 0.000E+00 0.000E+00
  58 1261.8  6.791E+01 4.188E-05 0.000E+00 0.000E+00
  59 1263.4  6.746E+01 5.704E-05 0.000E+00 0.000E+00
  60 1265.0  6.701E+01 8.211E-05 0.000E+00 0.000E+00
  61 1266.6  6.657E+01 5.035E-05 0.000E+00 0.000E+00
  62 1268.2  6.613E+01 2.200E-05 0.000E+00 0.000E+00
  63 1269.8  6.569E+01 1.766E-05 0.000E+00 0.000E+00
  64 1271.4  6.526E+01 1.748E-05 0.000E+00 0.000E+00
  65 1273.1  6.480E+01 2.007E-05 0.000E+00 0.000E+00
  66 1274.7  6.438E+01 2.742E-05 0.000E+00 0.000E+00
  67 1276.3  6.396E+01 3.156E-05 0.000E+00 0.000E+00
  68 1277.9  6.354E+01 3.090E-05 0.000E+00 0.000E+00
  69 1279.6  6.310E+01 2.813E-05 0.000E+00 0.000E+00
  70 1281.2  6.269E+01 2.158E-05 0.000E+00 0.000E+00
  71 1282.9  6.225E+01 1.577E-05 0.000E+00 0.000E+00
  72 1284.5  6.185E+01 1.463E-05 0.000E+00 0.000E+00
  73 1286.2  6.145E+01 1.767E-05 0.000E+00 0.000E+00
  74 1287.8  6.103E+01 2.579E-05 0.000E+00 0.000E+00
  75 1289.5  6.061E+01 2.603E-05 0.000E+00 0.000E+00
  76 1291.2  6.022E+01 1.933E-05 0.000E+00 0.000E+00
  77 1292.8  5.980E+01 1.789E-05 0.000E+00 0.000E+00
  78 1294.5  5.940E+01 2.386E-05 0.000E+00 0.000E+00
  79 1296.2  5.902E+01 2.750E-05 0.000E+00 0.000E+00
  80 1297.8  5.861E+01 3.032E-05 0.000E+00 0.000E+00
  81 1299.6  5.822E+01 6.221E-05 0.000E+00 0.000E+00
  82 1301.2  5.782E+01 1.605E-04 0.000E+00 0.000E+00
  83 1302.9  5.743E+01 2.341E-04 0.000E+00 0.000E+00
  84 1304.7  5.704E+01 3.161E-04 0.000E+00 0.000E+00
  85 1306.3  5.666E+01 2.521E-04 0.000E+00 0.000E+00
  86 1308.1  5.627E+01 9.567E-05 0.000E+00 0.000E+00
  87 1309.8  5.590E+01 5.384E-05 0.000E+00 0.000E+00
  88 1311.4  5.552E+01 3.787E-05 0.000E+00 0.000E+00
  89 1313.2  5.515E+01 2.660E-05 0.000E+00 0.000E+00
  90 1314.9  5.476E+01 2.578E-05 0.000E+00 0.000E+00
  91 1316.7  5.439E+01 3.090E-05 0.000E+00 0.000E+00
  92 1318.4  5.403E+01 3.087E-05 0.000E+00 0.000E+00
  93 1320.2  5.365E+01 2.333E-05 0.000E+00 0.000E+00
  94 1321.9  5.329E+01 1.999E-05 0.000E+00 0.000E+00
  95 1323.7  5.292E+01 2.261E-05 0.000E+00 0.000E+00
  96 1325.4  5.257E+01 2.198E-05 0.000E+00 0.000E+00
  97 1327.2  5.220E+01 2.565E-05 0.000E+00 0.000E+00
  98 1328.9  5.186E+01 3.306E-05 0.000E+00 0.000E+00
  99 1330.7  5.150E+01 3.243E-05 0.000E+00 0.000E+00
 100 1332.4  5.114E+01 1.605E-04 0.000E+00 0.000E+00
 101 1334.2  5.080E+01 5.537E-04 0.000E+00 0.000E+00
 102 1336.0  5.045E+01 5.056E-04 0.000E+00 0.000E+00
 103 1337.8  5.010E+01 1.145E-04 0.000E+00 0.000E+00
 104 1339.6  4.975E+01 2.202E-05 0.000E+00 0.000E+00
 105 1341.4  4.941E+01 2.130E-05 0.000E+00 0.000E+00
 106 1343.2  4.907E+01 2.151E-05 0.000E+00 0.000E+00
 107 1345.0  4.873E+01 2.168E-05 0.000E+00 0.000E+00
 108 1346.8  4.840E+01 2.256E-05 0.000E+00 0.000E+00
 109 1348.6  4.807E+01 2.619E-05 0.000E+00 0.000E+00
 110 1350.5  4.774E+01 3.956E-05 0.000E+00 0.000E+00
 111 1352.3  4.740E+01 4.245E-05 0.000E+00 0.000E+00
 112 1354.1  4.707E+01 4.974E-05 0.000E+00 0.000E+00
 113 1356.0  4.675E+01 6.151E-05 0.000E+00 0.000E+00
 114 1357.8  4.642E+01 5.111E-05 0.000E+00 0.000E+00
 115 1359.6  4.610E+01 4.212E-05 0.000E+00 0.000E+00
 116 1361.5  4.579E+01 3.367E-05 0.000E+00 0.000E+00
 117 1363.3  4.546E+01 3.233E-05 0.000E+00 0.000E+00
 118 1365.2  4.514E+01 3.022E-05 0.000E+00 0.000E+00
 119 1367.0  4.484E+01 2.976E-05 0.000E+00 0.000E+00
 120 1369.0  4.452E+01 3.424E-05 0.000E+00 0.000E+00
 121 1370.8  4.420E+01 3.814E-05 0.000E+00 0.000E+00
 122 1372.7  4.391E+01 3.609E-05 0.000E+00 0.000E+00
 123 1374.5  4.360E+01 3.130E-05 0.000E+00 0.000E+00
 124 1376.5  4.329E+01 2.991E-05 0.000E+00 0.000E+00
 125 1378.3  4.299E+01 3.258E-05 0.000E+00 0.000E+00
 126 1380.2  4.269E+01 3.565E-05 0.000E+00 0.000E+00
 127 1382.2  4.239E+01 3.438E-05 0.000E+00 0.000E+00
 128 1384.0  4.209E+01 3.249E-05 0.000E+00 0.000E+00
 129 1386.0  4.180E+01 3.416E-05 0.000E+00 0.000E+00
 130 1388.0  4.149E+01 3.596E-05 0.000E+00 0.000E+00
 131 1389.8  4.120E+01 4.015E-05 0.000E+00 0.000E+00
 132 1391.8  4.092E+01 1.225E-04 0.000E+00 0.000E+00
 133 1393.8  4.062E+01 2.103E-04 0.000E+00 0.000E+00
 134 1395.7  4.034E+01 1.132E-04 0.000E+00 0.000E+00
 135 1397.6  4.006E+01 4.745E-05 0.000E+00 0.000E+00
 136 1399.6  3.977E+01 6.685E-05 0.000E+00 0.000E+00
 137 1401.5  3.948E+01 1.299E-04 0.000E+00 0.000E+00
 138 1403.5  3.921E+01 1.288E-04 0.000E+00 0.000E+00
 139 1405.5  3.893E+01 6.890E-05 0.000E+00 0.000E+00
 140 1407.5  3.865E+01 4.960E-05 0.000E+00 0.000E+00
 141 1409.5  3.837E+01 4.897E-05 0.000E+00 0.000E+00
 142 1411.4  3.811E+01 5.215E-05 0.000E+00 0.000E+00
 143 1413.4  3.784E+01 5.092E-05 0.000E+00 0.000E+00
 144 1415.4  3.757E+01 4.986E-05 0.000E+00 0.000E+00
 145 1417.4  3.730E+01 5.040E-05 0.000E+00 0.000E+00
 146 1419.5  3.703E+01 4.958E-05 0.000E+00 0.000E+00
 147 1421.5  3.676E+01 5.019E-05 0.000E+00 0.000E+00
 148 1423.5  3.650E+01 5.965E-05 0.000E+00 0.000E+00
 149 1425.5  3.624E+01 6.274E-05 0.000E+00 0.000E+00
 150 1427.5  3.598E+01 5.269E-05 0.000E+00 0.000E+00
 151 1429.6  3.572E+01 5.402E-05 0.000E+00 0.000E+00
 152 1431.7  3.547E+01 6.567E-05 0.000E+00 0.000E+00
 153 1433.7  3.520E+01 6.713E-05 0.000E+00 0.000E+00
 154 1435.8  3.496E+01 6.111E-05 0.000E+00 0.000E+00
 155 1437.8  3.470E+01 5.862E-05 0.000E+00 0.000E+00
 156 1439.8  3.446E+01 5.711E-05 0.000E+00 0.000E+00
 157 1442.0  3.421E+01 5.829E-05 0.000E+00 0.000E+00
 158 1444.0  3.396E+01 6.098E-05 0.000E+00 0.000E+00
 159 1446.2  3.371E+01 6.205E-05 0.000E+00 0.000E+00
 160 1448.2  3.346E+01 5.994E-05 0.000E+00 0.000E+00
 161 1450.3  3.322E+01 5.957E-05 0.000E+00 0.000E+00
 162 1452.5  3.298E+01 6.227E-05 0.000E+00 0.000E+00
 163 1454.5  3.274E+01 6.600E-05 0.000E+00 0.000E+00
 164 1456.7  3.250E+01 6.589E-05 0.000E+00 0.000E+00
 165 1458.8  3.227E+01 6.696E-05 0.000E+00 0.000E+00
 166 1461.0  3.203E+01 6.926E-05 0.000E+00 0.000E+00
 167 1463.0  3.180E+01 7.491E-05 0.000E+00 0.000E+00
 168 1465.2  3.157E+01 7.765E-05 0.000E+00 0.000E+00
 169 1467.3  3.133E+01 8.866E-05 0.000E+00 0.000E+00
 170 1469.5  3.111E+01 8.868E-05 0.000E+00 0.000E+00
 171 1471.7  3.088E+01 1.093E-04 0.000E+00 0.000E+00
 172 1473.8  3.065E+01 1.260E-04 0.000E+00 0.000E+00
 173 1476.0  3.043E+01 9.189E-05 0.000E+00 0.000E+00
 174 1478.2  3.020E+01 7.718E-05 0.000E+00 0.000E+00
 175 1480.4  2.998E+01 9.513E-05 0.000E+00 0.000E+00
 176 1482.6  2.976E+01 1.090E-04 0.000E+00 0.000E+00
 177 1484.8  2.954E+01 9.774E-05 0.000E+00 0.000E+00
 178 1487.0  2.932E+01 9.585E-05 0.000E+00 0.000E+00
 179 1489.2  2.911E+01 8.629E-05 0.000E+00 0.000E+00
 180 1491.4  2.889E+01 8.798E-05 0.000E+00 0.000E+00
 181 1493.7  2.868E+01 9.053E-05 0.000E+00 0.000E+00
 182 1495.9  2.846E+01 8.783E-05 0.000E+00 0.000E+00
 183 1498.2  2.825E+01 9.003E-05 0.000E+00 0.000E+00
 184 1500.4  2.804E+01 9.779E-05 0.000E+00 0.000E+00
 185 1502.7  2.783E+01 9.895E-05 0.000E+00 0.000E+00
 186 1504.9  2.762E+01 9.643E-05 0.000E+00 0.000E+00
 187 1507.2  2.742E+01 9.797E-05 0.000E+00 0.000E+00
 188 1509.4  2.722E+01 1.057E-04 0.000E+00 0.000E+00
 189 1511.8  2.701E+01 1.091E-04 0.000E+00 0.000E+00
 190 1514.1  2.681E+01 1.031E-04 0.000E+00 0.000E+00
 191 1516.3  2.661E+01 1.031E-04 0.000E+00 0.000E+00
 192 1518.7  2.641E+01 1.035E-04 0.000E+00 0.000E+00
 193 1520.9  2.621E+01 1.071E-04 0.000E+00 0.000E+00
 194 1523.2  2.601E+01 1.179E-04 0.000E+00 0.000E+00
 195 1525.6  2.582E+01 1.600E-04 0.000E+00 0.000E+00
 196 1527.9  2.563E+01 1.577E-04 0.000E+00 0.000E+00
 197 1530.2  2.543E+01 1.299E-04 0.000E+00 0.000E+00
 198 1532.6  2.524E+01 1.766E-04 0.000E+00 0.000E+00
 199 1534.9  2.506E+01 1.678E-04 0.000E+00 0.000E+00
 200 1537.3  2.486E+01 1.354E-04 0.000E+00 0.000E+00
 201 1539.7  2.467E+01 1.384E-04 0.000E+00 0.000E+00
 202 1542.0  2.449E+01 1.408E-04 0.000E+00 0.000E+00
 203 1544.4  2.430E+01 1.459E-04 0.000E+00 0.000E+00
 204 1546.8  2.412E+01 3.516E-04 0.000E+00 0.000E+00
 205 1549.2  2.393E+01 4.828E-04 0.000E+00 0.000E+00
 206 1551.6  2.375E+01 2.998E-04 0.000E+00 0.000E+00
 207 1554.0  2.357E+01 1.518E-04 0.000E+00 0.000E+00
 208 1556.4  2.339E+01 1.538E-04 0.000E+00 0.000E+00
 209 1558.8  2.322E+01 2.564E-04 0.000E+00 0.000E+00
 210 1561.3  2.303E+01 2.890E-04 0.000E+00 0.000E+00
 211 1563.7  2.286E+01 1.903E-04 0.000E+00 0.000E+00
 212 1566.2  2.269E+01 1.711E-04 0.000E+00 0.000E+00
 213 1568.7  2.251E+01 1.946E-04 0.000E+00 0.000E+00
 214 1571.1  2.234E+01 1.993E-04 0.000E+00 0.000E+00
 215 1573.5  2.217E+01 2.187E-04 0.000E+00 0.000E+00
 216 1576.0  2.200E+01 2.004E-04 0.000E+00 0.000E+00
 217 1578.5  2.183E+01 1.707E-04 0.000E+00 0.000E+00
 218 1581.0  2.166E+01 1.771E-04 0.000E+00 0.000E+00
 219 1583.5  2.149E+01 1.776E-04 0.000E+00 0.000E+00
 220 1586.0  2.133E+01 1.916E-04 0.000E+00 0.000E+00
 221 1588.5  2.116E+01 1.992E-04 0.000E+00 0.000E+00
 222 1591.1  2.100E+01 1.891E-04 0.000E+00 0.000E+00
 223 1593.7  2.083E+01 1.969E-04 0.000E+00 0.000E+00
 224 1596.2  2.067E+01 1.861E-04 0.000E+00 0.000E+00
 225 1598.7  2.052E+01 1.789E-04 0.000E+00 0.000E+00
 226 1601.3  2.035E+01 2.093E-04 0.000E+00 0.000E+00
 227 1603.8  2.019E+01 2.073E-04 0.000E+00 0.000E+00
 228 1606.4  2.004E+01 2.038E-04 0.000E+00 0.000E+00
 229 1609.0  1.988E+01 2.312E-04 0.000E+00 0.000E+00
 230 1611.6  1.973E+01 2.644E-04 0.000E+00 0.000E+00
 231 1614.2  1.957E+01 2.544E-04 0.000E+00 0.000E+00
 232 1616.8  1.942E+01 2.298E-04 0.000E+00 0.000E+00
 233 1619.4  1.927E+01 2.476E-04 0.000E+00 0.000E+00
 234 1622.1  1.912E+01 2.793E-04 0.000E+00 0.000E+00
 235 1624.7  1.896E+01 2.934E-04 0.000E+00 0.000E+00
 236 1627.3  1.882E+01 2.898E-04 0.000E+00 0.000E+00
 237 1630.0  1.867E+01 2.857E-04 0.000E+00 0.000E+00
 238 1632.7  1.852E+01 3.076E-04 0.000E+00 0.000E+00
 239 1635.3  1.837E+01 3.009E-04 0.000E+00 0.000E+00
 240 1638.0  1.823E+01 3.555E-04 0.000E+00 0.000E+00
 241 1640.7  1.809E+01 4.226E-04 0.000E+00 0.000E+00
 242 1643.3  1.794E+01 3.455E-04 0.000E+00 0.000E+00
 243 1646.1  1.780E+01 3.101E-04 0.000E+00 0.000E+00
 244 1648.8  1.766E+01 3.060E-04 0.000E+00 0.000E+00
 245 1651.6  1.752E+01 2.994E-04 0.000E+00 0.000E+00
 246 1654.2  1.738E+01 4.522E-04 0.000E+00 0.000E+00
 247 1657.0  1.724E+01 8.233E-04 0.000E+00 0.000E+00
 248 1659.8  1.710E+01 5.530E-04 0.000E+00 0.000E+00
 249 1662.5  1.697E+01 3.785E-04 0.000E+00 0.000E+00
 250 1665.3  1.683E+01 3.720E-04 0.000E+00 0.000E+00
 251 1668.1  1.669E+01 3.955E-04 0.000E+00 0.000E+00
 252 1670.8  1.656E+01 4.912E-04 0.000E+00 0.000E+00
 253 1673.6  1.643E+01 4.275E-04 0.000E+00 0.000E+00
 254 1676.5  1.630E+01 4.123E-04 0.000E+00 0.000E+00
 255 1679.3  1.616E+01 4.218E-04 0.000E+00 0.000E+00
 256 1682.1  1.603E+01 4.298E-04 0.000E+00 0.000E+00
 257 1684.9  1.590E+01 4.870E-04 0.000E+00 0.000E+00
 258 1687.8  1.578E+01 5.413E-04 0.000E+00 0.000E+00
 259 1690.6  1.565E+01 5.700E-04 0.000E+00 0.000E+00
 260 1693.5  1.552E+01 6.138E-04 0.000E+00 0.000E+00
 261 1696.3  1.540E+01 6.693E-04 0.000E+00 0.000E+00
 262 1699.2  1.527E+01 6.997E-04 0.000E+00 0.000E+00
 263 1702.2  1.515E+01 7.582E-04 0.000E+00 0.000E+00
 264 1705.0  1.502E+01 7.069E-04 0.000E+00 0.000E+00
 265 1708.0  1.490E+01 7.524E-04 0.000E+00 0.000E+00
 266 1710.8  1.478E+01 7.515E-04 0.000E+00 0.000E+00
 267 1713.8  1.466E+01 7.052E-04 0.000E+00 0.000E+00
 268 1716.8  1.454E+01 7.787E-04 0.000E+00 0.000E+00
 269 1719.7  1.442E+01 8.083E-04 0.000E+00 0.000E+00
 270 1722.7  1.430E+01 7.764E-04 0.000E+00 0.000E+00
 271 1725.6  1.419E+01 8.303E-04 0.000E+00 0.000E+00
 272 1728.6  1.407E+01 7.812E-04 0.000E+00 0.000E+00
 273 1731.6  1.395E+01 7.491E-04 0.000E+00 0.000E+00
 274 1734.6  1.384E+01 8.041E-04 0.000E+00 0.000E+00
 275 1737.6  1.372E+01 8.396E-04 0.000E+00 0.000E+00
 276 1740.7  1.361E+01 9.183E-04 0.000E+00 0.000E+00
 277 1743.7  1.350E+01 1.002E-03 0.000E+00 0.000E+00
 278 1746.8  1.339E+01 9.724E-04 0.000E+00 0.000E+00
 279 1749.8  1.327E+01 1.021E-03 0.000E+00 0.000E+00
 280 1752.8  1.317E+01 1.142E-03 0.000E+00 0.000E+00
 281 1756.0  1.305E+01 1.218E-03 0.000E+00 0.000E+00
 282 1759.0  1.295E+01 1.261E-03 0.000E+00 0.000E+00
 283 1762.2  1.284E+01 1.261E-03 0.000E+00 0.000E+00
 284 1765.2  1.273E+01 1.209E-03 0.000E+00 0.000E+00
 285 1768.3  1.262E+01 1.383E-03 0.000E+00 0.000E+00
 286 1771.5  1.252E+01 1.592E-03 0.000E+00 0.000E+00
 287 1774.6  1.242E+01 1.512E-03 0.000E+00 0.000E+00
 288 1777.8  1.231E+01 1.493E-03 0.000E+00 0.000E+00
 289 1781.0  1.221E+01 1.673E-03 0.000E+00 0.000E+00
 290 1784.1  1.211E+01 1.671E-03 0.000E+00 0.000E+00
 291 1787.3  1.200E+01 1.733E-03 0.000E+00 0.000E+00
 292 1790.5  1.190E+01 1.811E-03 0.000E+00 0.000E+00
 293 1793.7  1.180E+01 1.615E-03 0.000E+00 0.000E+00
 294 1796.9  1.170E+01 1.666E-03 0.000E+00 0.000E+00
 295 1800.2  1.160E+01 1.826E-03 0.000E+00 0.000E+00
 296 1803.4  1.150E+01 1.913E-03 0.000E+00 0.000E+00
 297 1806.7  1.140E+01 2.258E-03 0.000E+00 0.000E+00
 298 1809.9  1.131E+01 2.205E-03 0.000E+00 0.000E+00
 299 1813.2  1.121E+01 1.959E-03 0.000E+00 0.000E+00
 300 1816.6  1.112E+01 3.257E-03 0.000E+00 0.000E+00
 301 1819.8  1.102E+01 2.531E-03 0.000E+00 0.000E+00
 302 1823.2  1.093E+01 2.483E-03 0.000E+00 0.000E+00
 303 1826.5  1.083E+01 2.353E-03 0.000E+00 0.000E+00
 304 1829.8  1.074E+01 2.349E-03 0.000E+00 0.000E+00
 305 1833.2  1.065E+01 2.529E-03 0.000E+00 0.000E+00
 306 1836.6  1.056E+01 2.578E-03 0.000E+00 0.000E+00
 307 1839.9  1.047E+01 2.423E-03 0.000E+00 0.000E+00
 308 1843.3  1.038E+01 2.274E-03 0.000E+00 0.000E+00
 309 1846.7  1.029E+01 2.086E-03 0.000E+00 0.000E+00
 310 1850.2  1.020E+01 2.105E-03 0.000E+00 0.000E+00
 311 1853.6  1.011E+01 2.457E-03 0.000E+00 0.000E+00
 312 1857.0  1.002E+01 2.775E-03 0.000E+00 0.000E+00
 313 1860.5  9.936E+00 2.625E-03 0.000E+00 0.000E+00
 314 1864.0  9.849E+00 2.755E-03 0.000E+00 0.000E+00
 315 1867.5  9.762E+00 3.096E-03 0.000E+00 0.000E+00
 316 1871.0  9.677E+00 3.421E-03 0.000E+00 0.000E+00
 317 1874.5  9.593E+00 3.345E-03 0.000E+00 0.000E+00
 318 1878.0  9.509E+00 3.235E-03 0.000E+00 0.000E+00
 319 1881.5  9.427E+00 3.230E-03 0.000E+00 0.000E+00
 320 1885.0  9.345E+00 3.637E-03 0.000E+00 0.000E+00
 321 1888.6  9.262E+00 3.743E-03 0.000E+00 0.000E+00
 322 1892.2  9.180E+00 4.130E-03 0.000E+00 0.000E+00
 323 1895.7  9.101E+00 4.004E-03 0.000E+00 0.000E+00
 324 1899.3  9.020E+00 3.648E-03 0.000E+00 0.000E+00
 325 1902.9  8.941E+00 4.003E-03 0.000E+00 0.000E+00
 326 1906.6  8.860E+00 4.221E-03 0.000E+00 0.000E+00
 327 1910.2  8.782E+00 4.305E-03 0.000E+00 0.000E+00
 328 1913.8  8.706E+00 4.450E-03 0.000E+00 0.000E+00
 329 1917.6  8.627E+00 4.630E-03 0.000E+00 0.000E+00
 330 1921.2  8.550E+00 4.912E-03 0.000E+00 0.000E+00
 331 1924.9  8.474E+00 4.706E-03 0.000E+00 0.000E+00
 332 1928.7  8.399E+00 4.445E-03 0.000E+00 0.000E+00
 333 1932.3  8.324E+00 3.413E-03 0.000E+00 0.000E+00
 334 1936.1  8.250E+00 3.368E-03 4.209-121 1.250-118
 335 1939.8  8.175E+00 4.997E-03 1.765-111 3.532-109
 336 1943.6  8.103E+00 6.086E-03 3.509-102 5.765-100
 337 1947.4  8.030E+00 6.134E-03 0.000E+00 0.000E+00
 338 1951.2  7.958E+00 5.782E-03 0.000E+00 0.000E+00
 339 1955.0  7.886E+00 5.932E-03 4.841E-80 8.161E-78
 340 1958.8  7.815E+00 6.066E-03 2.690E-92 4.434E-90
 341 1962.7  7.743E+00 6.006E-03 0.000E+00 0.000E+00
 342 1966.5  7.674E+00 7.110E-03 0.000E+00 0.000E+00
 343 1970.5  7.604E+00 7.006E-03 0.000E+00 0.000E+00
 344 1974.3  7.535E+00 6.665E-03 0.000E+00 0.000E+00
 345 1978.2  7.466E+00 6.534E-03 4.022E-42 6.155E-40
 346 1982.2  7.399E+00 6.950E-03 7.872E-94 1.133E-91
 347 1986.1  7.332E+00 6.526E-03 3.784E-96 5.798E-94
 348 1990.0  7.264E+00 6.519E-03 1.203E-36 1.846E-34
 349 1994.0  7.198E+00 7.415E-03 1.195E-33 1.611E-31
 350 1998.0  7.132E+00 7.273E-03 1.869E-60 2.570E-58
 351 2002.0  7.066E+00 7.651E-03 5.833E-59 7.624E-57
 352 2006.0  7.001E+00 7.954E-03 3.702E-34 4.654E-32
 353 2010.0  6.937E+00 8.162E-03 3.031E-47 3.714E-45
 354 2014.1  6.873E+00 8.565E-03 1.086E-44 1.268E-42
 355 2018.2  6.810E+00 8.873E-03 1.411E-30 1.590E-28
 356 2022.2  6.747E+00 8.774E-03 1.705E-29 1.944E-27
 357 2026.3  6.684E+00 8.543E-03 3.315E-30 3.880E-28
 358 2030.5  6.622E+00 9.592E-03 2.367E-30 2.468E-28
 359 2034.6  6.561E+00 9.627E-03 8.819E-30 9.161E-28
 360 2038.8  6.499E+00 9.960E-03 1.319E-29 1.324E-27
 361 2042.9  6.439E+00 1.084E-02 1.717E-29 1.583E-27
 362 2047.1  6.379E+00 1.114E-02 1.590E-29 1.427E-27
 363 2051.3  6.319E+00 1.135E-02 1.886E-29 1.662E-27
 364 2055.5  6.260E+00 1.125E-02 3.525E-29 3.133E-27
 365 2059.8  6.201E+00 1.128E-02 6.811E-29 6.037E-27
 366 2064.0  6.142E+00 1.151E-02 9.901E-29 8.601E-27
 367 2068.2  6.085E+00 1.221E-02 1.272E-28 1.042E-26
 368 2072.6  6.028E+00 1.303E-02 1.991E-28 1.528E-26
 369 2076.8  5.971E+00 1.393E-02 3.598E-28 2.582E-26
 370 2081.2  5.915E+00 1.426E-02 5.474E-28 3.840E-26
 371 2085.5  5.859E+00 1.571E-02 8.808E-28 5.605E-26
 372 2089.9  5.803E+00 1.840E-02 1.601E-27 8.698E-26
 373 2094.2  5.747E+00 2.200E-02 2.775E-27 1.261E-25
 374 2098.6  5.694E+00 2.490E-02 4.171E-27 1.675E-25
 375 2103.1  5.639E+00 2.854E-02 7.327E-27 2.568E-25
 376 2107.5  5.585E+00 3.135E-02 1.469E-26 4.686E-25
 377 2111.9  5.532E+00 3.264E-02 2.386E-26 7.311E-25
 378 2116.4  5.478E+00 3.679E-02 3.386E-26 9.201E-25
 379 2120.8  5.427E+00 3.851E-02 4.235E-26 1.100E-24
 380 2125.4  5.374E+00 2.960E-02 3.817E-26 1.290E-24
 381 2129.9  5.322E+00 3.265E-02 4.674E-26 1.432E-24
 382 2134.5  5.271E+00 3.259E-02 5.006E-26 1.536E-24
 383 2139.1  5.219E+00 3.680E-02 5.904E-26 1.605E-24
 384 2143.6  5.170E+00 4.501E-02 7.053E-26 1.567E-24
 385 2148.2  5.120E+00 4.120E-02 5.789E-26 1.405E-24
 386 2152.8  5.070E+00 4.049E-02 5.938E-26 1.466E-24
 387 2157.5  5.020E+00 3.376E-02 6.012E-26 1.781E-24
 388 2162.2  4.972E+00 3.763E-02 7.436E-26 1.976E-24
 389 2166.8  4.923E+00 3.159E-02 6.268E-26 1.984E-24
 390 2171.6  4.875E+00 3.453E-02 7.044E-26 2.040E-24
 391 2176.2  4.827E+00 3.489E-02 7.753E-26 2.222E-24
 392 2181.0  4.780E+00 4.829E-02 1.117E-25 2.314E-24
 393 2185.8  4.733E+00 4.612E-02 1.033E-25 2.240E-24
 394 2190.6  4.686E+00 4.576E-02 8.994E-26 1.966E-24
 395 2195.4  4.640E+00 5.013E-02 7.583E-26 1.513E-24
 396 2200.2  4.594E+00 5.135E-02 5.504E-26 1.072E-24
 397 2205.1  4.549E+00 5.468E-02 4.091E-26 7.482E-25
 398 2209.9  4.504E+00 3.881E-02 1.979E-26 5.099E-25
 399 2214.9  4.459E+00 4.120E-02 1.304E-26 3.164E-25
 400 2219.8  4.414E+00 4.492E-02 8.253E-27 1.837E-25
 401 2224.7  4.371E+00 5.151E-02 5.575E-27 1.082E-25
 402 2229.6  4.327E+00 5.498E-02 3.558E-27 6.471E-26
 403 2234.6  4.284E+00 7.085E-02 2.677E-27 3.778E-26
 404 2239.6  4.241E+00 6.537E-02 1.344E-27 2.055E-26
 405 2244.7  4.198E+00 5.969E-02 6.573E-28 1.101E-26
 406 2249.8  4.156E+00 6.034E-02 3.609E-28 5.980E-27
 407 2254.8  4.114E+00 5.395E-02 1.700E-28 3.150E-27
 408 2259.9  4.073E+00 4.912E-02 7.735E-29 1.575E-27
 409 2265.0  4.032E+00 4.027E-02 3.047E-29 7.567E-28
 410 2270.1  3.990E+00 3.456E-02 1.175E-29 3.401E-28
 411 2275.3  3.950E+00 3.964E-02 5.389E-30 1.359E-28
 412 2280.5  3.910E+00 5.145E-02 2.533E-30 4.923E-29
 413 2285.7  3.870E+00 5.448E-02 8.609E-31 1.580E-29
 414 2290.9  3.831E+00 5.028E-02 2.342E-31 4.658E-30
 415 2296.2  3.791E+00 4.940E-02 7.235E-32 1.465E-30
 416 2301.5  3.752E+00 4.792E-02 2.163E-32 4.514E-31
 417 2306.8  3.714E+00 6.023E-02 9.195E-33 1.527E-31
 418 2312.2  3.676E+00 4.720E-02 2.082E-33 4.411E-32
 419 2317.5  3.638E+00 5.539E-02 6.066E-34 1.095E-32
 420 2322.9  3.600E+00 5.678E-02 1.394E-34 2.455E-33
 421 2328.3  3.563E+00 5.140E-02 2.541E-35 4.944E-34
 422 2333.7  3.526E+00 4.677E-02 6.467E-36 1.383E-34
 423 2339.2  3.490E+00 4.205E-02 1.407E-36 3.345E-35
 424 2344.7  3.454E+00 3.790E-02 1.866E-37 4.922E-36
 425 2350.2  3.418E+00 4.593E-02 5.011E-38 1.091E-36
 426 2355.7  3.382E+00 5.672E-02 1.600E-38 2.821E-37
 427 2361.3  3.347E+00 4.961E-02 2.206E-39 4.447E-38
 428 2366.9  3.311E+00 4.837E-02 4.180E-40 8.642E-39
 429 2372.5  3.277E+00 5.323E-02 9.213E-41 1.731E-39
 430 2378.2  3.242E+00 4.954E-02 1.380E-41 2.786E-40
 431 2383.8  3.208E+00 3.920E-02 1.849E-42 4.717E-41
 432 2389.4  3.175E+00 4.709E-02 4.662E-43 9.901E-42
 433 2395.2  3.141E+00 4.436E-02 4.752E-44 1.071E-42
 434 2400.9  3.107E+00 4.382E-02 5.927E-45 1.352E-43
 435 2406.7  3.075E+00 3.933E-02 1.363E-45 3.464E-44
 436 2412.6  3.042E+00 4.349E-02 1.942E-46 4.466E-45
 437 2418.4  3.009E+00 6.294E-02 4.223E-47 6.709E-46
 438 2424.2  2.977E+00 7.230E-02 3.537E-45 4.892E-44
 439 2430.1  2.945E+00 7.332E-02 3.838E-46 5.235E-45
 440 2436.1  2.914E+00 6.667E-02 2.577E-47 3.866E-46
 441 2442.0  2.883E+00 6.764E-02 5.170E-48 7.643E-47
 442 2448.0  2.851E+00 5.894E-02 1.268E-48 2.151E-47
 443 2454.0  2.821E+00 5.126E-02 7.759E-50 1.514E-48
 444 2460.1  2.790E+00 5.015E-02 9.613E-51 1.917E-49
 445 2466.1  2.760E+00 5.137E-02 5.222E-51 1.017E-49
 446 2472.1  2.730E+00 5.640E-02 1.113E-51 1.973E-50
 447 2478.3  2.701E+00 5.606E-02 2.203E-52 3.930E-51
 448 2484.5  2.671E+00 4.697E-02 4.553E-53 9.694E-52
 449 2490.7  2.642E+00 4.445E-02 6.282E-54 1.413E-52
 450 2496.9  2.613E+00 6.412E-02 2.235E-54 3.486E-53
 451 2503.2  2.584E+00 6.400E-02 2.021E-54 3.158E-53
 452 2509.4  2.556E+00 5.619E-02 1.811E-54 3.224E-53
 453 2515.8  2.528E+00 4.520E-02 1.461E-55 3.233E-54
 454 2522.1  2.500E+00 4.222E-02 5.350E-56 1.267E-54
 455 2528.4  2.472E+00 4.386E-02 1.225E-55 2.792E-54
 456 2534.8  2.445E+00 5.354E-02 5.978E-56 1.117E-54
 457 2541.3  2.418E+00 5.788E-02 5.409E-56 9.346E-55
 458 2547.8  2.391E+00 6.165E-02 5.025E-56 8.151E-55
 459 2554.2  2.364E+00 8.123E-02 2.241E-56 2.759E-55
 460 2560.8  2.338E+00 9.049E-02 7.953E-56 8.788E-55
 461 2567.4  2.311E+00 1.128E-01 4.963E-55 4.400E-54
 462 2574.0  2.286E+00 1.268E-01 1.089E-54 8.587E-54
 463 2580.7  2.260E+00 1.373E-01 1.033E-54 7.524E-54
 464 2587.3  2.234E+00 1.233E-01 3.501E-55 2.839E-54
 465 2594.1  2.209E+00 1.154E-01 6.269E-54 5.433E-53
 466 2600.8  2.184E+00 8.971E-02 4.412E-53 4.918E-52
 467 2607.6  2.159E+00 8.767E-02 2.720E-53 3.102E-52
 468 2614.4  2.135E+00 8.788E-02 3.461E-52 3.939E-51
 469 2621.2  2.111E+00 1.094E-01 1.706E-51 1.559E-50
 470 2628.1  2.086E+00 1.040E-01 1.224E-50 1.177E-49
 471 2635.1  2.062E+00 1.585E-01 6.235E-49 3.933E-48
 472 2642.0  2.039E+00 2.627E-01 1.617E-48 6.155E-48
 473 2649.0  2.015E+00 2.404E-01 1.028E-47 4.276E-47
 474 2656.1  1.992E+00 2.713E-01 1.837E-46 6.771E-46
 475 2663.1  1.969E+00 2.608E-01 1.764E-45 6.765E-45
 476 2670.2  1.946E+00 2.535E-01 6.227E-44 2.456E-43
 477 2677.4  1.924E+00 2.618E-01 6.357E-43 2.428E-42
 478 2684.6  1.901E+00 2.575E-01 1.486E-41 5.768E-41
 479 2691.8  1.879E+00 2.451E-01 3.399E-40 1.387E-39
 480 2699.1  1.857E+00 2.587E-01 2.720E-39 1.051E-38
 481 2706.3  1.836E+00 2.792E-01 9.754E-38 3.494E-37
 482 2713.7  1.814E+00 2.494E-01 2.092E-36 8.386E-36
 483 2721.1  1.793E+00 1.902E-01 2.325E-35 1.223E-34
 484 2728.5  1.772E+00 2.263E-01 6.200E-34 2.740E-33
 485 2735.9  1.751E+00 1.974E-01 2.112E-32 1.070E-31
 486 2743.5  1.730E+00 1.397E-01 5.025E-31 3.596E-30
 487 2751.1  1.709E+00 1.557E-01 9.106E-30 5.847E-29
 488 2758.6  1.689E+00 2.121E-01 2.365E-28 1.115E-27
 489 2766.2  1.669E+00 2.558E-01 6.143E-27 2.401E-26
 490 2773.9  1.649E+00 2.569E-01 1.229E-25 4.785E-25
 491 2781.7  1.629E+00 1.875E-01 1.760E-24 9.385E-24
 492 2789.4  1.610E+00 1.354E-01 3.224E-23 2.381E-22
 493 2797.2  1.590E+00 8.132E-02 3.261E-22 4.010E-21
 494 2805.1  1.571E+00 9.790E-02 6.582E-21 6.724E-20
 495 2812.9  1.552E+00 1.921E-01 4.031E-19 2.098E-18
 496 2820.9  1.533E+00 2.792E-01 9.997E-18 3.581E-17
 497 2828.9  1.515E+00 3.235E-01 7.482E-17 2.313E-16
 498 2836.9  1.496E+00 3.239E-01 8.445E-16 2.608E-15
 499 2844.9  1.478E+00 2.570E-01 9.805E-15 3.815E-14
 500 2853.1  1.460E+00 1.401E-01 5.598E-14 3.996E-13
 501 2861.2  1.442E+00 2.826E-01 1.007E-12 3.564E-12
 502 2869.4  1.424E+00 3.659E-01 8.057E-12 2.202E-11
 503 2877.7  1.407E+00 3.310E-01 6.768E-11 2.044E-10
 504 2886.0  1.390E+00 3.428E-01 5.988E-10 1.747E-09
 505 2894.4  1.372E+00 4.682E-01 4.472E-09 9.551E-09
 506 2902.8  1.355E+00 6.167E-01 2.708E-08 4.392E-08
 507 2911.2  1.338E+00 6.155E-01 1.196E-07 1.944E-07
 508 2919.8  1.322E+00 5.713E-01 5.175E-07 9.057E-07
 509 2928.3  1.305E+00 5.279E-01 1.710E-06 3.239E-06
 510 2936.9  1.289E+00 5.470E-01 5.861E-06 1.071E-05
 511 2945.6  1.272E+00 5.216E-01 1.659E-05 3.180E-05
 512 2954.2  1.256E+00 5.615E-01 4.932E-05 8.782E-05
 513 2963.0  1.241E+00 5.575E-01 1.290E-04 2.313E-04
 514 2971.8  1.225E+00 4.783E-01 2.638E-04 5.514E-04
 515 2980.6  1.209E+00 5.294E-01 6.520E-04 1.231E-03
 516 2989.6  1.194E+00 4.960E-01 1.205E-03 2.429E-03
 517 2998.5  1.179E+00 4.648E-01 2.060E-03 4.433E-03
 518 3007.5  1.164E+00 4.431E-01 3.466E-03 7.822E-03
 519 3016.6  1.149E+00 4.699E-01 5.953E-03 1.267E-02
 520 3025.7  1.134E+00 5.187E-01 1.022E-02 1.971E-02
 521 3034.9  1.119E+00 6.473E-01 1.911E-02 2.953E-02
 522 3044.2  1.105E+00 6.183E-01 2.553E-02 4.130E-02
 523 3053.4  1.090E+00 6.420E-01 3.712E-02 5.782E-02
 524 3062.8  1.076E+00 5.638E-01 4.225E-02 7.494E-02
 525 3072.2  1.062E+00 6.284E-01 6.157E-02 9.798E-02
 526 3081.7  1.048E+00 6.508E-01 8.001E-02 1.229E-01
 527 3091.2  1.035E+00 5.660E-01 8.359E-02 1.477E-01
 528 3100.8  1.021E+00 5.362E-01 9.552E-02 1.781E-01
 529 3110.4  1.008E+00 7.776E-01 1.560E-01 2.007E-01
 530 3120.2  9.942E-01 6.951E-01 1.622E-01 2.333E-01
 531 3129.9  9.810E-01 7.004E-01 1.860E-01 2.656E-01
 532 3139.8  9.680E-01 7.325E-01 2.175E-01 2.970E-01
 533 3149.6  9.550E-01 6.813E-01 2.248E-01 3.299E-01
 534 3159.6  9.423E-01 5.985E-01 2.148E-01 3.588E-01
 535 3169.6  9.296E-01 7.619E-01 2.970E-01 3.898E-01
 536 3179.6  9.172E-01 7.239E-01 3.032E-01 4.188E-01
 537 3189.8  9.049E-01 7.041E-01 3.135E-01 4.452E-01
 538 3200.0  8.926E-01 7.954E-01 3.697E-01 4.647E-01
 539 3210.2  8.806E-01 7.579E-01 3.802E-01 5.017E-01
 540 3220.6  8.686E-01 7.435E-01 3.833E-01 5.155E-01
 541 3231.0  8.567E-01 6.604E-01 3.535E-01 5.353E-01
 542 3241.5  8.451E-01 7.627E-01 4.319E-01 5.663E-01
 543 3252.1  8.334E-01 8.479E-01 4.819E-01 5.683E-01
 544 3262.7  8.220E-01 1.010E+00 5.986E-01 5.926E-01
 545 3273.3  8.106E-01 9.921E-01 5.997E-01 6.044E-01
 546 3284.1  7.994E-01 9.435E-01 5.770E-01 6.115E-01
 547 3294.9  7.883E-01 1.100E+00 7.040E-01 6.402E-01
 548 3305.8  7.774E-01 1.041E+00 6.649E-01 6.384E-01
 549 3316.8  7.665E-01 1.005E+00 6.490E-01 6.458E-01
 550 3327.8  7.558E-01 9.758E-01 6.505E-01 6.667E-01
 551 3338.9  7.453E-01 9.516E-01 6.376E-01 6.700E-01
 552 3350.1  7.347E-01 1.011E+00 6.889E-01 6.812E-01
 553 3361.3  7.244E-01 8.890E-01 6.130E-01 6.896E-01
 554 3372.7  7.141E-01 8.586E-01 5.925E-01 6.900E-01
 555 3384.1  7.040E-01 9.485E-01 6.625E-01 6.984E-01
 556 3395.6  6.940E-01 1.008E+00 7.100E-01 7.044E-01
 557 3407.2  6.840E-01 1.022E+00 7.255E-01 7.096E-01
 558 3418.8  6.742E-01 9.797E-01 7.042E-01 7.188E-01
 559 3430.6  6.645E-01 1.040E+00 7.517E-01 7.227E-01
 560 3442.4  6.550E-01 8.392E-01 6.089E-01 7.256E-01
 561 3454.2  6.455E-01 9.750E-01 7.118E-01 7.300E-01
 562 3466.2  6.362E-01 9.653E-01 7.092E-01 7.346E-01
 563 3478.2  6.269E-01 9.291E-01 6.869E-01 7.393E-01
 564 3490.4  6.178E-01 9.296E-01 6.914E-01 7.437E-01
 565 3502.7  6.087E-01 1.051E+00 7.856E-01 7.478E-01
 566 3514.9  5.998E-01 1.028E+00 7.723E-01 7.515E-01
 567 3527.3  5.910E-01 9.648E-01 7.288E-01 7.554E-01
 568 3539.8  5.822E-01 1.127E+00 8.561E-01 7.594E-01
 569 3552.4  5.736E-01 1.114E+00 8.506E-01 7.633E-01
 570 3565.1  5.651E-01 9.549E-01 7.321E-01 7.667E-01
 571 3577.8  5.567E-01 8.137E-01 6.266E-01 7.701E-01
 572 3590.6  5.483E-01 8.845E-01 6.848E-01 7.742E-01
 573 3603.6  5.401E-01 1.040E+00 8.089E-01 7.777E-01
 574 3616.6  5.320E-01 9.341E-01 7.298E-01 7.813E-01
 575 3629.8  5.239E-01 1.057E+00 8.296E-01 7.852E-01
 576 3643.0  5.160E-01 1.067E+00 8.411E-01 7.884E-01
 577 3656.3  5.082E-01 1.225E+00 9.697E-01 7.918E-01
 578 3669.8  5.004E-01 1.260E+00 1.003E+00 7.955E-01
 579 3683.2  4.927E-01 1.161E+00 9.275E-01 7.990E-01
 580 3696.8  4.852E-01 1.288E+00 1.034E+00 8.026E-01
 581 3710.6  4.777E-01 1.204E+00 9.698E-01 8.059E-01
 582 3724.4  4.703E-01 1.105E+00 8.945E-01 8.093E-01
 583 3738.3  4.630E-01 9.608E-01 7.812E-01 8.130E-01
 584 3752.4  4.558E-01 1.030E+00 8.412E-01 8.163E-01
 585 3766.5  4.487E-01 1.140E+00 9.346E-01 8.197E-01
 586 3780.8  4.416E-01 1.385E+00 1.141E+00 8.234E-01
 587 3795.1  4.347E-01 1.131E+00 9.348E-01 8.265E-01
 588 3809.6  4.278E-01 1.225E+00 1.016E+00 8.297E-01
 589 3824.1  4.211E-01 8.587E-01 7.157E-01 8.335E-01
 590 3838.8  4.144E-01 8.091E-01 6.770E-01 8.368E-01
 591 3853.6  4.077E-01 1.043E+00 8.763E-01 8.401E-01
 592 3868.5  4.012E-01 1.035E+00 8.729E-01 8.435E-01
 593 3883.6  3.948E-01 1.023E+00 8.661E-01 8.466E-01
 594 3898.6  3.884E-01 1.224E+00 1.041E+00 8.500E-01
 595 3913.9  3.822E-01 1.305E+00 1.114E+00 8.534E-01
 596 3929.3  3.759E-01 8.235E-01 7.056E-01 8.569E-01
 597 3944.8  3.698E-01 1.014E+00 8.724E-01 8.602E-01
 598 3960.4  3.638E-01 1.087E+00 9.390E-01 8.636E-01
 599 3976.2  3.578E-01 1.060E+00 9.188E-01 8.665E-01
 600 3992.1  3.519E-01 1.604E+00 1.394E+00 8.693E-01
 601 4008.1  3.461E-01 1.719E+00 1.502E+00 8.735E-01
 602 4024.2  3.404E-01 1.783E+00 1.566E+00 8.784E-01
 603 4040.4  3.347E-01 1.711E+00 1.510E+00 8.825E-01
 604 4056.8  3.291E-01 1.683E+00 1.492E+00 8.865E-01
 605 4073.3  3.236E-01 1.648E+00 1.467E+00 8.902E-01
 606 4090.0  3.182E-01 1.747E+00 1.562E+00 8.937E-01
 607 4106.8  3.128E-01 1.639E+00 1.471E+00 8.973E-01
 608 4123.7  3.075E-01 1.809E+00 1.629E+00 9.006E-01
 609 4140.8  3.023E-01 1.772E+00 1.602E+00 9.039E-01
 610 4158.0  2.971E-01 1.822E+00 1.653E+00 9.073E-01
 611 4175.4  2.920E-01 1.729E+00 1.574E+00 9.104E-01
 612 4192.9  2.870E-01 1.738E+00 1.588E+00 9.136E-01
 613 4210.5  2.820E-01 1.775E+00 1.627E+00 9.167E-01
 614 4228.4  2.771E-01 1.728E+00 1.589E+00 9.197E-01
 615 4246.3  2.723E-01 1.779E+00 1.641E+00 9.227E-01
 616 4264.4  2.675E-01 1.730E+00 1.601E+00 9.257E-01
 617 4282.6  2.628E-01 1.638E+00 1.521E+00 9.288E-01
 618 4301.1  2.582E-01 1.371E+00 1.278E+00 9.318E-01
 619 4319.6  2.536E-01 1.606E+00 1.501E+00 9.347E-01
 620 4338.4  2.491E-01 1.678E+00 1.573E+00 9.375E-01
 621 4357.3  2.447E-01 1.819E+00 1.711E+00 9.405E-01
 622 4376.4  2.403E-01 1.731E+00 1.633E+00 9.433E-01
 623 4395.6  2.360E-01 1.817E+00 1.718E+00 9.459E-01
 624 4415.1  2.317E-01 1.935E+00 1.835E+00 9.484E-01
 625 4434.6  2.275E-01 1.972E+00 1.875E+00 9.511E-01
 626 4454.4  2.234E-01 1.905E+00 1.818E+00 9.541E-01
 627 4474.3  2.193E-01 2.009E+00 1.923E+00 9.570E-01
 628 4494.4  2.153E-01 2.061E+00 1.977E+00 9.595E-01
 629 4514.7  2.113E-01 2.154E+00 2.073E+00 9.621E-01
 630 4535.2  2.074E-01 2.000E+00 1.930E+00 9.648E-01
 631 4555.9  2.035E-01 2.080E+00 2.012E+00 9.673E-01
 632 4576.7  1.998E-01 2.094E+00 2.030E+00 9.693E-01
 633 4597.8  1.960E-01 2.078E+00 2.018E+00 9.711E-01
 634 4619.0  1.923E-01 2.131E+00 2.074E+00 9.733E-01
 635 4640.4  1.887E-01 2.077E+00 2.028E+00 9.762E-01
 636 4662.0  1.851E-01 2.031E+00 1.989E+00 9.791E-01
 637 4683.9  1.816E-01 2.048E+00 2.010E+00 9.814E-01
 638 4705.9  1.781E-01 2.010E+00 1.977E+00 9.836E-01
 639 4728.1  1.747E-01 2.077E+00 2.047E+00 9.860E-01
 640 4750.6  1.713E-01 2.112E+00 2.087E+00 9.880E-01
 641 4773.3  1.680E-01 2.090E+00 2.068E+00 9.893E-01
 642 4796.2  1.647E-01 2.099E+00 2.078E+00 9.901E-01
 643 4819.3  1.615E-01 2.111E+00 2.092E+00 9.913E-01
 644 4842.6  1.583E-01 2.041E+00 2.028E+00 9.937E-01
 645 4866.2  1.552E-01 1.771E+00 1.765E+00 9.967E-01
 646 4890.0  1.521E-01 1.997E+00 1.995E+00 9.990E-01
 647 4914.1  1.491E-01 1.971E+00 1.973E+00 1.001E+00
 648 4938.3  1.461E-01 2.008E+00 2.013E+00 1.003E+00
 649 4962.8  1.431E-01 2.024E+00 2.032E+00 1.004E+00
 650 4987.6  1.403E-01 1.974E+00 1.984E+00 1.005E+00
 651 5012.6  1.374E-01 1.869E+00 1.877E+00 1.004E+00
 652 5037.8  1.346E-01 1.942E+00 1.950E+00 1.004E+00
 653 5063.3  1.318E-01 1.979E+00 1.989E+00 1.005E+00
 654 5089.1  1.291E-01 1.877E+00 1.892E+00 1.008E+00
 655 5115.1  1.265E-01 1.944E+00 1.964E+00 1.010E+00
 656 5141.4  1.238E-01 1.856E+00 1.877E+00 1.012E+00
 657 5168.0  1.212E-01 1.760E+00 1.782E+00 1.013E+00
 658 5194.8  1.187E-01 1.780E+00 1.804E+00 1.014E+00
 659 5222.0  1.162E-01 1.847E+00 1.873E+00 1.014E+00
 660 5249.4  1.137E-01 1.914E+00 1.940E+00 1.013E+00
 661 5277.1  1.113E-01 1.801E+00 1.822E+00 1.012E+00
 662 5305.1  1.089E-01 1.937E+00 1.958E+00 1.011E+00
 663 5333.4  1.066E-01 1.855E+00 1.876E+00 1.011E+00
 664 5362.0  1.043E-01 1.905E+00 1.930E+00 1.013E+00
 665 5390.9  1.020E-01 1.878E+00 1.904E+00 1.014E+00
 666 5420.1  9.978E-02 1.842E+00 1.869E+00 1.014E+00
 667 5449.6  9.759E-02 1.901E+00 1.928E+00 1.014E+00
 668 5479.5  9.543E-02 1.888E+00 1.916E+00 1.015E+00
 669 5509.7  9.332E-02 1.898E+00 1.927E+00 1.015E+00
 670 5540.2  9.123E-02 1.890E+00 1.920E+00 1.016E+00
 671 5571.1  8.919E-02 1.853E+00 1.881E+00 1.015E+00
 672 5602.3  8.718E-02 1.813E+00 1.837E+00 1.014E+00
 673 5633.9  8.521E-02 1.855E+00 1.877E+00 1.012E+00
 674 5665.8  8.327E-02 1.818E+00 1.838E+00 1.011E+00
 675 5698.1  8.136E-02 1.795E+00 1.813E+00 1.010E+00
 676 5730.7  7.949E-02 1.863E+00 1.882E+00 1.010E+00
 677 5763.7  7.765E-02 1.835E+00 1.857E+00 1.012E+00
 678 5797.1  7.584E-02 1.814E+00 1.841E+00 1.015E+00
 679 5831.0  7.406E-02 1.847E+00 1.881E+00 1.018E+00
 680 5865.2  7.232E-02 1.806E+00 1.843E+00 1.021E+00
 681 5899.8  7.061E-02 1.727E+00 1.764E+00 1.022E+00
 682 5934.8  6.893E-02 1.787E+00 1.825E+00 1.021E+00
 683 5970.2  6.728E-02 1.773E+00 1.807E+00 1.019E+00
 684 6006.1  6.567E-02 1.741E+00 1.772E+00 1.018E+00
 685 6042.4  6.408E-02 1.754E+00 1.788E+00 1.019E+00
 686 6079.1  6.252E-02 1.748E+00 1.788E+00 1.023E+00
 687 6116.3  6.098E-02 1.724E+00 1.772E+00 1.028E+00
 688 6153.9  5.948E-02 1.670E+00 1.725E+00 1.033E+00
 689 6192.0  5.801E-02 1.699E+00 1.763E+00 1.038E+00
 690 6230.6  5.657E-02 1.666E+00 1.735E+00 1.041E+00
 691 6269.6  5.515E-02 1.673E+00 1.749E+00 1.045E+00
 692 6309.2  5.376E-02 1.657E+00 1.738E+00 1.049E+00
 693 6349.2  5.240E-02 1.643E+00 1.730E+00 1.053E+00
 694 6389.9  5.106E-02 1.641E+00 1.735E+00 1.057E+00
 695 6431.0  4.975E-02 1.613E+00 1.712E+00 1.061E+00
 696 6472.6  4.846E-02 1.610E+00 1.716E+00 1.065E+00
 697 6514.7  4.720E-02 1.583E+00 1.692E+00 1.069E+00
 698 6557.4  4.597E-02 1.463E+00 1.568E+00 1.072E+00
 699 6600.7  4.476E-02 1.553E+00 1.670E+00 1.076E+00
 700 6644.6  4.358E-02 1.532E+00 1.653E+00 1.079E+00
 701 6689.0  4.241E-02 1.539E+00 1.666E+00 1.083E+00
 702 6734.1  4.128E-02 1.537E+00 1.669E+00 1.086E+00
 703 6779.8  4.016E-02 1.514E+00 1.648E+00 1.089E+00
 704 6826.0  3.907E-02 1.492E+00 1.629E+00 1.092E+00
 705 6873.0  3.800E-02 1.496E+00 1.638E+00 1.094E+00
 706 6920.5  3.696E-02 1.465E+00 1.607E+00 1.097E+00
 707 6968.7  3.594E-02 1.463E+00 1.610E+00 1.100E+00
 708 7017.6  3.493E-02 1.446E+00 1.594E+00 1.103E+00
 709 7067.2  3.395E-02 1.441E+00 1.592E+00 1.105E+00
 710 7117.5  3.299E-02 1.402E+00 1.551E+00 1.106E+00
 711 7168.5  3.205E-02 1.370E+00 1.518E+00 1.108E+00
 712 7220.3  3.114E-02 1.360E+00 1.510E+00 1.110E+00
 713 7272.9  3.024E-02 1.338E+00 1.488E+00 1.112E+00
 714 7326.1  2.936E-02 1.333E+00 1.484E+00 1.114E+00
 715 7380.1  2.850E-02 1.306E+00 1.456E+00 1.115E+00
 716 7435.0  2.766E-02 1.291E+00 1.440E+00 1.116E+00
 717 7490.8  2.684E-02 1.286E+00 1.436E+00 1.117E+00
 718 7547.3  2.604E-02 1.277E+00 1.429E+00 1.119E+00
 719 7604.7  2.525E-02 1.251E+00 1.401E+00 1.120E+00
 720 7663.0  2.449E-02 1.225E+00 1.374E+00 1.122E+00
 721 7722.1  2.374E-02 1.207E+00 1.354E+00 1.122E+00
 722 7782.2  2.301E-02 1.191E+00 1.336E+00 1.123E+00
 723 7843.2  2.230E-02 1.173E+00 1.318E+00 1.124E+00
 724 7905.2  2.160E-02 1.159E+00 1.305E+00 1.125E+00
 725 7968.2  2.092E-02 1.138E+00 1.283E+00 1.127E+00
 726 8032.2  2.026E-02 1.128E+00 1.272E+00 1.128E+00
 727 8097.3  1.961E-02 1.118E+00 1.261E+00 1.128E+00
 728 8163.4  1.898E-02 1.105E+00 1.247E+00 1.128E+00
 729 8230.6  1.836E-02 1.076E+00 1.215E+00 1.130E+00
 730 8298.9  1.776E-02 1.066E+00 1.206E+00 1.131E+00
 731 8368.3  1.717E-02 1.043E+00 1.181E+00 1.132E+00
 732 8439.0  1.660E-02 1.027E+00 1.163E+00 1.133E+00
 733 8510.8  1.605E-02 9.429E-01 1.068E+00 1.133E+00
 734 8583.9  1.550E-02 9.775E-01 1.108E+00 1.133E+00
 735 8658.2  1.498E-02 9.655E-01 1.095E+00 1.135E+00
 736 8733.8  1.446E-02 9.832E-01 1.117E+00 1.136E+00
 737 8810.8  1.396E-02 9.527E-01 1.083E+00 1.136E+00
 738 8889.1  1.347E-02 9.335E-01 1.061E+00 1.137E+00
 739 8968.8  1.300E-02 9.153E-01 1.041E+00 1.137E+00
 740 9050.0  1.254E-02 8.918E-01 1.015E+00 1.138E+00
 741 9132.6  1.209E-02 8.811E-01 1.003E+00 1.139E+00
 742 9216.8  1.165E-02 8.526E-01 9.713E-01 1.139E+00
 743 9302.5  1.122E-02 8.536E-01 9.729E-01 1.140E+00
 744 9389.9  1.081E-02 8.303E-01 9.467E-01 1.140E+00
 745 9478.9  1.041E-02 8.202E-01 9.355E-01 1.141E+00
 746 9569.6  1.002E-02 7.969E-01 9.094E-01 1.141E+00
 747 9662.0  9.639E-03 7.851E-01 8.964E-01 1.142E+00
 748 9756.3  9.271E-03 7.699E-01 8.793E-01 1.142E+00
 749 9852.5  8.914E-03 7.565E-01 8.644E-01 1.143E+00
 750 9950.5  8.567E-03 7.427E-01 8.490E-01 1.143E+00


 PHOTOLYSIS RATES

     Z      PO2_O1D    PO2_O3P    PH2O_1     PH2O_2     PH2O_3     PO3_O1D    PO3_O      PO3_3O     
 2.50E+04   0.00E+00   1.84E-34   6.54E-36   0.00E+00   0.00E+00   7.11E-06   2.03E-04   4.27E-39
 1.75E+05   0.00E+00   1.82E-31   1.35E-32   0.00E+00   0.00E+00   8.22E-06   2.10E-04   5.37E-33
 3.25E+05   0.00E+00   1.06E-28   1.61E-29   0.00E+00   0.00E+00   9.18E-06   2.16E-04   1.91E-28
 4.75E+05   0.00E+00   3.19E-26   9.95E-27   0.00E+00   0.00E+00   1.00E-05   2.21E-04   5.86E-25
 6.25E+05   0.00E+00   5.10E-24   2.89E-24   0.00E+00   0.00E+00   1.07E-05   2.26E-04   3.71E-22
 7.75E+05   0.00E+00   4.55E-22   4.00E-22   0.00E+00   0.00E+00   1.14E-05   2.31E-04   8.09E-20
 9.25E+05   0.00E+00   2.36E-20   2.84E-20   0.00E+00   0.00E+00   1.20E-05   2.36E-04   7.94E-18
 1.08E+06   0.00E+00   7.12E-19   1.08E-18   0.00E+00   0.00E+00   1.27E-05   2.40E-04   3.89E-16
 1.22E+06   0.00E+00   1.18E-17   2.12E-17   0.00E+00   0.00E+00   1.35E-05   2.43E-04   9.31E-15
 1.38E+06   0.00E+00   1.18E-16   2.40E-16   0.00E+00   0.00E+00   1.42E-05   2.47E-04   1.23E-13
 1.52E+06   0.00E+00   8.07E-16   1.79E-15   0.00E+00   0.00E+00   1.52E-05   2.50E-04   1.03E-12
 1.68E+06   0.00E+00   4.10E-15   9.70E-15   0.00E+00   0.00E+00   1.64E-05   2.54E-04   6.10E-12
 1.82E+06   0.00E+00   1.67E-14   4.11E-14   0.00E+00   0.00E+00   1.80E-05   2.57E-04   2.77E-11
 1.98E+06   0.00E+00   5.66E-14   1.43E-13   0.00E+00   0.00E+00   2.02E-05   2.60E-04   1.02E-10
 2.12E+06   0.00E+00   1.66E-13   4.26E-13   0.00E+00   0.00E+00   2.32E-05   2.63E-04   3.16E-10
 2.28E+06   0.00E+00   4.35E-13   1.13E-12   0.00E+00   0.00E+00   2.74E-05   2.66E-04   8.55E-10
 2.42E+06   0.00E+00   1.03E-12   2.71E-12   0.00E+00   0.00E+00   3.31E-05   2.69E-04   2.07E-09
 2.58E+06   0.00E+00   2.24E-12   6.04E-12   0.00E+00   0.00E+00   4.10E-05   2.71E-04   4.53E-09
 2.72E+06   0.00E+00   4.53E-12   1.25E-11   0.00E+00   0.00E+00   5.21E-05   2.74E-04   9.07E-09
 2.88E+06   0.00E+00   8.51E-12   2.40E-11   0.00E+00   0.00E+00   6.76E-05   2.78E-04   1.67E-08
 3.02E+06   4.67-155   1.49E-11   4.27E-11   2.11-152   3.17-152   8.91E-05   2.82E-04   2.82E-08
 3.18E+06   1.61-127   2.44E-11   7.05E-11   7.29-125   1.09-124   1.18E-04   2.86E-04   4.39E-08
 3.32E+06   1.07-105   3.76E-11   1.09E-10   4.86-103   7.30-103   1.57E-04   2.92E-04   6.38E-08
 3.48E+06   2.25E-88   5.47E-11   1.62E-10   1.02E-85   1.53E-85   2.07E-04   2.98E-04   8.74E-08
 3.62E+06   1.39E-74   7.61E-11   2.32E-10   6.28E-72   9.43E-72   2.72E-04   3.06E-04   1.14E-07
 3.78E+06   1.48E-63   1.02E-10   3.26E-10   6.69E-61   1.00E-60   3.56E-04   3.16E-04   1.43E-07
 3.92E+06   1.06E-54   1.31E-10   4.52E-10   4.80E-52   7.20E-52   4.71E-04   3.29E-04   1.74E-07
 4.08E+06   1.47E-47   1.64E-10   6.15E-10   6.64E-45   9.96E-45   6.34E-04   3.48E-04   2.06E-07
 4.22E+06   8.86E-42   1.98E-10   8.16E-10   4.01E-39   6.02E-39   8.66E-04   3.74E-04   2.39E-07
 4.38E+06   4.51E-37   2.33E-10   1.06E-09   2.04E-34   3.06E-34   1.17E-03   4.08E-04   2.72E-07
 4.52E+06   3.30E-33   2.67E-10   1.33E-09   1.49E-30   2.24E-30   1.53E-03   4.48E-04   3.05E-07
 4.68E+06   5.42E-30   2.99E-10   1.65E-09   2.45E-27   3.68E-27   1.91E-03   4.91E-04   3.37E-07
 4.82E+06   2.84E-27   3.28E-10   1.99E-09   1.29E-24   1.93E-24   2.28E-03   5.32E-04   3.68E-07
 4.98E+06   5.94E-25   3.55E-10   2.36E-09   2.69E-22   4.03E-22   2.61E-03   5.69E-04   3.98E-07
 5.12E+06   5.55E-23   3.81E-10   2.77E-09   2.51E-20   3.77E-20   2.89E-03   6.01E-04   4.26E-07
 5.28E+06   2.53E-21   4.06E-10   3.22E-09   1.15E-18   1.72E-18   3.12E-03   6.26E-04   4.54E-07
 5.42E+06   6.18E-20   4.31E-10   3.76E-09   2.80E-17   4.20E-17   3.30E-03   6.46E-04   4.81E-07
 5.58E+06   8.78E-19   4.59E-10   4.44E-09   3.98E-16   5.97E-16   3.43E-03   6.61E-04   5.07E-07
 5.72E+06   7.91E-18   4.90E-10   5.31E-09   3.58E-15   5.38E-15   3.53E-03   6.72E-04   5.32E-07
 5.88E+06   4.86E-17   5.24E-10   6.42E-09   2.20E-14   3.30E-14   3.60E-03   6.81E-04   5.57E-07
 6.02E+06   2.17E-16   5.63E-10   7.81E-09   9.82E-14   1.47E-13   3.66E-03   6.87E-04   5.81E-07
 6.18E+06   7.43E-16   6.06E-10   9.46E-09   3.36E-13   5.04E-13   3.69E-03   6.91E-04   6.05E-07
 6.32E+06   2.07E-15   6.54E-10   1.14E-08   9.29E-13   1.39E-12   3.72E-03   6.94E-04   6.29E-07
 6.48E+06   5.50E-15   7.09E-10   1.35E-08   2.28E-12   3.42E-12   3.74E-03   6.97E-04   6.51E-07
 6.62E+06   2.10E-14   7.72E-10   1.59E-08   6.53E-12   9.79E-12   3.75E-03   6.98E-04   6.74E-07
 6.78E+06   1.19E-13   8.45E-10   1.87E-08   2.79E-11   4.18E-11   3.76E-03   6.99E-04   6.95E-07
 6.92E+06   6.32E-13   9.32E-10   2.24E-08   1.33E-10   1.99E-10   3.77E-03   7.00E-04   7.17E-07
 7.08E+06   2.64E-12   1.04E-09   2.89E-08   5.34E-10   8.01E-10   3.77E-03   7.01E-04   7.43E-07
 7.22E+06   8.71E-12   1.17E-09   4.20E-08   1.72E-09   2.59E-09   3.77E-03   7.01E-04   7.80E-07
 7.38E+06   2.33E-11   1.35E-09   6.84E-08   4.54E-09   6.82E-09   3.78E-03   7.01E-04   8.39E-07
 7.52E+06   5.24E-11   1.59E-09   1.16E-07   1.01E-08   1.51E-08   3.78E-03   7.02E-04   9.36E-07
 7.68E+06   1.01E-10   1.94E-09   1.93E-07   1.92E-08   2.88E-08   3.78E-03   7.02E-04   1.08E-06
 7.82E+06   1.74E-10   2.41E-09   3.03E-07   3.25E-08   4.88E-08   3.78E-03   7.02E-04   1.29E-06
 7.98E+06   2.69E-10   3.04E-09   4.46E-07   4.99E-08   7.48E-08   3.78E-03   7.02E-04   1.55E-06
 8.12E+06   3.83E-10   3.86E-09   6.15E-07   7.04E-08   1.06E-07   3.78E-03   7.02E-04   1.85E-06
 8.28E+06   5.11E-10   4.91E-09   8.04E-07   9.31E-08   1.40E-07   3.78E-03   7.02E-04   2.19E-06
 8.42E+06   6.48E-10   6.22E-09   1.00E-06   1.17E-07   1.75E-07   3.78E-03   7.02E-04   2.53E-06
 8.58E+06   7.98E-10   7.83E-09   1.20E-06   1.40E-07   2.10E-07   3.78E-03   7.02E-04   2.88E-06
 8.72E+06   9.85E-10   9.83E-09   1.40E-06   1.63E-07   2.45E-07   3.78E-03   7.02E-04   3.22E-06
 8.88E+06   1.26E-09   1.23E-08   1.61E-06   1.86E-07   2.78E-07   3.78E-03   7.02E-04   3.56E-06
 9.02E+06   1.68E-09   1.56E-08   1.82E-06   2.08E-07   3.12E-07   3.78E-03   7.02E-04   3.92E-06
 9.18E+06   2.37E-09   1.99E-08   2.05E-06   2.32E-07   3.48E-07   3.78E-03   7.02E-04   4.29E-06
 9.32E+06   3.62E-09   2.57E-08   2.30E-06   2.58E-07   3.85E-07   3.78E-03   7.02E-04   4.71E-06
 9.48E+06   6.59E-09   3.35E-08   2.59E-06   2.85E-07   4.26E-07   3.78E-03   7.02E-04   5.16E-06
 9.62E+06   1.55E-08   4.37E-08   2.95E-06   3.16E-07   4.69E-07   3.78E-03   7.02E-04   5.66E-06
 9.78E+06   4.65E-08   5.67E-08   3.43E-06   3.50E-07   5.15E-07   3.79E-03   7.02E-04   6.23E-06
 9.92E+06   2.09E-07   7.59E-08   4.33E-06   3.91E-07   5.64E-07   3.79E-03   7.02E-04   6.95E-06

     Z      PH2O2      PCO2_1     PCO2_2     PH2CO_1    PH2CO_2    PHO2       PCH4_1     PCH4_2     
 2.50E+04   1.98E-06   7.90E-44   0.00E+00   1.68E-05   9.79E-06   1.50E-28   0.00E+00   0.00E+00
 1.75E+05   2.23E-06   1.13E-37   0.00E+00   1.92E-05   1.14E-05   1.45E-25   0.00E+00   0.00E+00
 3.25E+05   2.44E-06   4.07E-33   0.00E+00   2.13E-05   1.28E-05   8.29E-23   0.00E+00   0.00E+00
 4.75E+05   2.60E-06   1.24E-29   0.00E+00   2.33E-05   1.42E-05   2.44E-20   0.00E+00   0.00E+00
 6.25E+05   2.73E-06   7.72E-27   0.00E+00   2.51E-05   1.54E-05   3.82E-18   0.00E+00   0.00E+00
 7.75E+05   2.83E-06   1.65E-24   0.00E+00   2.67E-05   1.65E-05   3.34E-16   0.00E+00   0.00E+00
 9.25E+05   2.92E-06   1.58E-22   0.00E+00   2.81E-05   1.75E-05   1.70E-14   0.00E+00   0.00E+00
 1.08E+06   3.02E-06   7.61E-21   0.00E+00   2.94E-05   1.84E-05   5.05E-13   0.00E+00   0.00E+00
 1.22E+06   3.14E-06   1.81E-19   0.00E+00   3.06E-05   1.92E-05   8.30E-12   0.00E+00   0.00E+00
 1.38E+06   3.26E-06   2.38E-18   0.00E+00   3.16E-05   2.00E-05   8.24E-11   0.00E+00   0.00E+00
 1.52E+06   3.37E-06   2.00E-17   0.00E+00   3.25E-05   2.07E-05   5.58E-10   0.00E+00   0.00E+00
 1.68E+06   3.49E-06   1.18E-16   0.00E+00   3.34E-05   2.14E-05   2.82E-09   0.00E+00   0.00E+00
 1.82E+06   3.62E-06   5.37E-16   0.00E+00   3.42E-05   2.22E-05   1.14E-08   0.00E+00   0.00E+00
 1.98E+06   3.76E-06   1.97E-15   0.00E+00   3.49E-05   2.30E-05   3.87E-08   0.00E+00   0.00E+00
 2.12E+06   3.92E-06   6.16E-15   0.00E+00   3.55E-05   2.38E-05   1.13E-07   0.00E+00   0.00E+00
 2.28E+06   4.12E-06   1.70E-14   0.00E+00   3.61E-05   2.48E-05   2.94E-07   0.00E+00   0.00E+00
 2.42E+06   4.36E-06   4.30E-14   0.00E+00   3.67E-05   2.58E-05   6.94E-07   0.00E+00   0.00E+00
 2.58E+06   4.67E-06   1.01E-13   0.00E+00   3.73E-05   2.70E-05   1.51E-06   0.00E+00   0.00E+00
 2.72E+06   5.10E-06   2.18E-13   0.00E+00   3.80E-05   2.83E-05   3.03E-06   0.00E+00   0.00E+00
 2.88E+06   5.69E-06   4.35E-13   0.00E+00   3.86E-05   2.98E-05   5.70E-06   0.00E+00   0.00E+00
 3.02E+06   6.48E-06   7.98E-13   9.39-154   3.93E-05   3.14E-05   1.00E-05   7.62-152   1.48-151
 3.18E+06   7.52E-06   1.35E-12   3.24-126   4.00E-05   3.31E-05   1.65E-05   2.63-124   5.10-124
 3.32E+06   8.84E-06   2.10E-12   2.16-104   4.07E-05   3.48E-05   2.55E-05   1.75-102   3.40-102
 3.48E+06   1.04E-05   3.09E-12   4.52E-87   4.13E-05   3.65E-05   3.73E-05   3.67E-85   7.12E-85
 3.62E+06   1.23E-05   4.35E-12   2.79E-73   4.20E-05   3.82E-05   5.19E-05   2.27E-71   4.40E-71
 3.78E+06   1.45E-05   5.90E-12   2.97E-62   4.26E-05   3.98E-05   6.96E-05   2.41E-60   4.68E-60
 3.92E+06   1.70E-05   7.78E-12   2.13E-53   4.32E-05   4.13E-05   9.01E-05   1.73E-51   3.36E-51
 4.08E+06   1.99E-05   1.00E-11   2.95E-46   4.38E-05   4.27E-05   1.13E-04   2.39E-44   4.65E-44
 4.22E+06   2.32E-05   1.26E-11   1.78E-40   4.44E-05   4.39E-05   1.38E-04   1.45E-38   2.81E-38
 4.38E+06   2.69E-05   1.55E-11   9.06E-36   4.49E-05   4.50E-05   1.63E-04   7.36E-34   1.43E-33
 4.52E+06   3.07E-05   1.86E-11   6.63E-32   4.54E-05   4.59E-05   1.87E-04   5.38E-30   1.04E-29
 4.68E+06   3.44E-05   2.20E-11   1.09E-28   4.58E-05   4.66E-05   2.09E-04   8.85E-27   1.72E-26
 4.82E+06   3.78E-05   2.56E-11   5.71E-26   4.61E-05   4.72E-05   2.28E-04   4.64E-24   9.01E-24
 4.98E+06   4.07E-05   2.93E-11   1.19E-23   4.64E-05   4.77E-05   2.44E-04   9.69E-22   1.88E-21
 5.12E+06   4.32E-05   3.33E-11   1.12E-21   4.67E-05   4.81E-05   2.57E-04   9.06E-20   1.76E-19
 5.28E+06   4.51E-05   3.73E-11   5.10E-20   4.69E-05   4.84E-05   2.67E-04   4.14E-18   8.03E-18
 5.42E+06   4.66E-05   4.17E-11   1.24E-18   4.70E-05   4.86E-05   2.75E-04   1.01E-16   1.96E-16
 5.58E+06   4.78E-05   4.64E-11   1.77E-17   4.71E-05   4.87E-05   2.81E-04   1.43E-15   2.78E-15
 5.72E+06   4.87E-05   5.17E-11   1.59E-16   4.72E-05   4.89E-05   2.86E-04   1.29E-14   2.51E-14
 5.88E+06   4.93E-05   5.76E-11   9.77E-16   4.72E-05   4.89E-05   2.89E-04   7.94E-14   1.54E-13
 6.02E+06   4.98E-05   6.42E-11   4.36E-15   4.73E-05   4.90E-05   2.92E-04   3.54E-13   6.88E-13
 6.18E+06   5.02E-05   7.15E-11   1.49E-14   4.73E-05   4.90E-05   2.94E-04   1.21E-12   2.35E-12
 6.32E+06   5.04E-05   7.94E-11   4.13E-14   4.73E-05   4.91E-05   2.96E-04   3.36E-12   6.49E-12
 6.48E+06   5.06E-05   8.79E-11   1.02E-13   4.73E-05   4.91E-05   2.97E-04   8.37E-12   1.56E-11
 6.62E+06   5.08E-05   9.68E-11   3.08E-13   4.73E-05   4.91E-05   2.98E-04   2.57E-11   4.07E-11
 6.78E+06   5.09E-05   1.06E-10   1.40E-12   4.74E-05   4.91E-05   2.99E-04   1.19E-10   1.52E-10
 6.92E+06   5.10E-05   1.17E-10   6.82E-12   4.74E-05   4.91E-05   3.00E-04   5.86E-10   6.73E-10
 7.08E+06   5.11E-05   1.28E-10   2.77E-11   4.74E-05   4.91E-05   3.00E-04   2.38E-09   2.64E-09
 7.22E+06   5.11E-05   1.40E-10   8.95E-11   4.74E-05   4.91E-05   3.01E-04   7.70E-09   8.45E-09
 7.38E+06   5.12E-05   1.54E-10   2.36E-10   4.74E-05   4.92E-05   3.01E-04   2.03E-08   2.22E-08
 7.52E+06   5.13E-05   1.70E-10   5.22E-10   4.74E-05   4.92E-05   3.01E-04   4.49E-08   4.89E-08
 7.68E+06   5.14E-05   1.89E-10   9.97E-10   4.74E-05   4.92E-05   3.02E-04   8.57E-08   9.31E-08
 7.82E+06   5.16E-05   2.12E-10   1.69E-09   4.75E-05   4.93E-05   3.02E-04   1.45E-07   1.57E-07
 7.98E+06   5.18E-05   2.38E-10   2.58E-09   4.75E-05   4.93E-05   3.02E-04   2.22E-07   2.40E-07
 8.12E+06   5.20E-05   2.68E-10   3.65E-09   4.76E-05   4.94E-05   3.02E-04   3.13E-07   3.39E-07
 8.28E+06   5.22E-05   3.04E-10   4.82E-09   4.77E-05   4.95E-05   3.03E-04   4.13E-07   4.47E-07
 8.42E+06   5.24E-05   3.44E-10   6.05E-09   4.78E-05   4.96E-05   3.03E-04   5.17E-07   5.59E-07
 8.58E+06   5.27E-05   3.90E-10   7.27E-09   4.79E-05   4.97E-05   3.03E-04   6.21E-07   6.72E-07
 8.72E+06   5.29E-05   4.40E-10   8.47E-09   4.80E-05   4.97E-05   3.04E-04   7.23E-07   7.82E-07
 8.88E+06   5.32E-05   4.98E-10   9.67E-09   4.80E-05   4.98E-05   3.04E-04   8.25E-07   8.92E-07
 9.02E+06   5.34E-05   5.64E-10   1.09E-08   4.81E-05   4.99E-05   3.04E-04   9.30E-07   1.01E-06
 9.18E+06   5.37E-05   6.44E-10   1.23E-08   4.82E-05   5.00E-05   3.04E-04   1.04E-06   1.13E-06
 9.32E+06   5.40E-05   7.45E-10   1.40E-08   4.83E-05   5.01E-05   3.05E-04   1.17E-06   1.26E-06
 9.48E+06   5.43E-05   8.83E-10   1.61E-08   4.85E-05   5.03E-05   3.05E-04   1.31E-06   1.42E-06
 9.62E+06   5.47E-05   1.12E-09   1.88E-08   4.88E-05   5.06E-05   3.05E-04   1.47E-06   1.59E-06
 9.78E+06   5.51E-05   1.65E-09   2.24E-08   4.93E-05   5.11E-05   3.06E-04   1.66E-06   1.78E-06
 9.92E+06   5.60E-05   3.26E-09   3.04E-08   5.02E-05   5.20E-05   3.06E-04   1.89E-06   2.01E-06

     Z      PCH4_3     PC2H6_1    PC2H6_2    PHNO2_1    PHNO3      PHNO3_3    PHNO3_1    PNO        
 2.50E+04   0.00E+00   0.00E+00   0.00E+00   5.43E-04   1.53E-07   6.70E-39   4.81E-39   0.00E+00
 1.75E+05   0.00E+00   0.00E+00   0.00E+00   6.02E-04   1.71E-07   9.81E-33   7.04E-33   0.00E+00
 3.25E+05   0.00E+00   0.00E+00   0.00E+00   6.55E-04   1.84E-07   3.53E-28   2.53E-28   0.00E+00
 4.75E+05   0.00E+00   0.00E+00   0.00E+00   7.03E-04   1.93E-07   1.06E-24   7.65E-25   0.00E+00
 6.25E+05   0.00E+00   0.00E+00   0.00E+00   7.46E-04   1.96E-07   6.54E-22   4.70E-22   0.00E+00
 7.75E+05   0.00E+00   0.00E+00   0.00E+00   7.84E-04   1.96E-07   1.38E-19   9.91E-20   5.97-142
 9.25E+05   0.00E+00   0.00E+00   0.00E+00   8.19E-04   1.93E-07   1.32E-17   9.48E-18   7.82-115
 1.08E+06   0.00E+00   0.00E+00   0.00E+00   8.50E-04   1.94E-07   6.46E-16   4.64E-16   6.55E-93
 1.22E+06   0.00E+00   0.00E+00   0.00E+00   8.76E-04   2.02E-07   1.59E-14   1.14E-14   2.31E-75
 1.38E+06   0.00E+00   0.00E+00   0.00E+00   9.00E-04   2.10E-07   2.17E-13   1.56E-13   1.80E-61
 1.52E+06   0.00E+00   0.00E+00   0.00E+00   9.22E-04   2.21E-07   1.89E-12   1.36E-12   1.67E-50
 1.68E+06   0.00E+00   0.00E+00   0.00E+00   9.40E-04   2.35E-07   1.16E-11   8.34E-12   7.45E-42
 1.82E+06   0.00E+00   0.00E+00   0.00E+00   9.56E-04   2.55E-07   5.45E-11   3.91E-11   5.02E-35
 1.98E+06   0.00E+00   0.00E+00   0.00E+00   9.69E-04   2.89E-07   2.07E-10   1.49E-10   1.26E-29
 2.12E+06   0.00E+00   0.00E+00   0.00E+00   9.78E-04   3.51E-07   6.74E-10   4.84E-10   2.42E-25
 2.28E+06   0.00E+00   0.00E+00   0.00E+00   9.86E-04   4.71E-07   1.97E-09   1.41E-09   6.39E-22
 2.42E+06   0.00E+00   0.00E+00   0.00E+00   9.92E-04   6.98E-07   5.31E-09   3.81E-09   3.74E-19
 2.58E+06   0.00E+00   0.00E+00   0.00E+00   9.98E-04   1.11E-06   1.34E-08   9.62E-09   6.87E-17
 2.72E+06   0.00E+00   0.00E+00   0.00E+00   1.00E-03   1.79E-06   3.13E-08   2.24E-08   5.02E-15
 2.88E+06   0.00E+00   0.00E+00   0.00E+00   1.01E-03   2.87E-06   6.66E-08   4.78E-08   1.69E-13
 3.02E+06   2.28-151   0.00E+00   1.50-152   1.01E-03   4.42E-06   1.29E-07   9.23E-08   2.96E-12
 3.18E+06   7.88-124   0.00E+00   5.19-125   1.02E-03   6.47E-06   2.26E-07   1.62E-07   2.99E-11
 3.32E+06   5.25-102   0.00E+00   3.46-103   1.02E-03   8.98E-06   3.64E-07   2.62E-07   1.92E-10
 3.48E+06   1.10E-84   0.00E+00   7.24E-86   1.03E-03   1.19E-05   5.48E-07   3.94E-07   8.54E-10
 3.62E+06   6.79E-71   0.00E+00   4.47E-72   1.04E-03   1.50E-05   7.79E-07   5.60E-07   2.85E-09
 3.78E+06   7.23E-60   0.00E+00   4.76E-61   1.05E-03   1.83E-05   1.06E-06   7.61E-07   7.56E-09
 3.92E+06   5.18E-51   0.00E+00   3.42E-52   1.06E-03   2.17E-05   1.39E-06   9.96E-07   1.68E-08
 4.08E+06   7.17E-44   0.00E+00   4.72E-45   1.07E-03   2.52E-05   1.76E-06   1.26E-06   3.25E-08
 4.22E+06   4.33E-38   0.00E+00   2.86E-39   1.08E-03   2.86E-05   2.16E-06   1.55E-06   5.64E-08
 4.38E+06   2.20E-33   0.00E+00   1.45E-34   1.09E-03   3.19E-05   2.60E-06   1.86E-06   8.96E-08
 4.52E+06   1.61E-29   0.00E+00   1.06E-30   1.10E-03   3.50E-05   3.04E-06   2.19E-06   1.33E-07
 4.68E+06   2.65E-26   0.00E+00   1.75E-27   1.11E-03   3.78E-05   3.50E-06   2.51E-06   1.87E-07
 4.82E+06   1.39E-23   0.00E+00   9.16E-25   1.12E-03   4.01E-05   3.96E-06   2.84E-06   2.51E-07
 4.98E+06   2.90E-21   0.00E+00   1.91E-22   1.13E-03   4.21E-05   4.41E-06   3.17E-06   3.26E-07
 5.12E+06   2.71E-19   0.00E+00   1.79E-20   1.14E-03   4.38E-05   4.87E-06   3.49E-06   4.09E-07
 5.28E+06   1.24E-17   0.00E+00   8.17E-19   1.14E-03   4.52E-05   5.32E-06   3.82E-06   5.01E-07
 5.42E+06   3.02E-16   0.00E+00   1.99E-17   1.15E-03   4.64E-05   5.76E-06   4.14E-06   6.00E-07
 5.58E+06   4.29E-15   0.00E+00   2.83E-16   1.15E-03   4.73E-05   6.20E-06   4.45E-06   7.05E-07
 5.72E+06   3.87E-14   0.00E+00   2.55E-15   1.15E-03   4.81E-05   6.64E-06   4.77E-06   8.15E-07
 5.88E+06   2.38E-13   0.00E+00   1.57E-14   1.15E-03   4.88E-05   7.08E-06   5.08E-06   9.31E-07
 6.02E+06   1.06E-12   0.00E+00   6.99E-14   1.16E-03   4.93E-05   7.52E-06   5.40E-06   1.05E-06
 6.18E+06   3.63E-12   0.00E+00   2.39E-13   1.16E-03   4.97E-05   7.94E-06   5.70E-06   1.17E-06
 6.32E+06   9.97E-12   0.00E+00   6.69E-13   1.16E-03   5.01E-05   8.36E-06   6.00E-06   1.29E-06
 6.48E+06   2.29E-11   0.00E+00   1.82E-12   1.16E-03   5.04E-05   8.77E-06   6.30E-06   1.42E-06
 6.62E+06   4.68E-11   0.00E+00   7.42E-12   1.16E-03   5.07E-05   9.16E-06   6.58E-06   1.54E-06
 6.78E+06   9.49E-11   0.00E+00   4.38E-11   1.16E-03   5.09E-05   9.54E-06   6.85E-06   1.67E-06
 6.92E+06   2.22E-10   0.00E+00   2.34E-10   1.16E-03   5.11E-05   9.91E-06   7.11E-06   1.79E-06
 7.08E+06   6.02E-10   0.00E+00   9.66E-10   1.16E-03   5.13E-05   1.03E-05   7.37E-06   1.92E-06
 7.22E+06   1.63E-09   0.00E+00   3.12E-09   1.16E-03   5.15E-05   1.06E-05   7.62E-06   2.05E-06
 7.38E+06   3.98E-09   0.00E+00   8.13E-09   1.16E-03   5.17E-05   1.10E-05   7.87E-06   2.18E-06
 7.52E+06   8.48E-09   0.00E+00   1.78E-08   1.16E-03   5.20E-05   1.13E-05   8.13E-06   2.32E-06
 7.68E+06   1.58E-08   0.00E+00   3.35E-08   1.16E-03   5.23E-05   1.17E-05   8.40E-06   2.48E-06
 7.82E+06   2.64E-08   0.00E+00   5.60E-08   1.16E-03   5.27E-05   1.21E-05   8.70E-06   2.65E-06
 7.98E+06   4.01E-08   0.00E+00   8.47E-08   1.16E-03   5.31E-05   1.26E-05   9.01E-06   2.84E-06
 8.12E+06   5.63E-08   0.00E+00   1.18E-07   1.16E-03   5.35E-05   1.30E-05   9.35E-06   3.04E-06
 8.28E+06   7.40E-08   0.00E+00   1.55E-07   1.16E-03   5.39E-05   1.35E-05   9.71E-06   3.26E-06
 8.42E+06   9.25E-08   0.00E+00   1.93E-07   1.16E-03   5.44E-05   1.40E-05   1.01E-05   3.50E-06
 8.58E+06   1.11E-07   0.00E+00   2.31E-07   1.16E-03   5.48E-05   1.46E-05   1.05E-05   3.74E-06
 8.72E+06   1.29E-07   0.00E+00   2.68E-07   1.16E-03   5.53E-05   1.51E-05   1.08E-05   3.99E-06
 8.88E+06   1.48E-07   0.00E+00   3.07E-07   1.16E-03   5.58E-05   1.56E-05   1.12E-05   4.25E-06
 9.02E+06   1.67E-07   0.00E+00   3.48E-07   1.16E-03   5.62E-05   1.62E-05   1.16E-05   4.51E-06
 9.18E+06   1.89E-07   0.00E+00   3.96E-07   1.16E-03   5.67E-05   1.67E-05   1.20E-05   4.78E-06
 9.32E+06   2.13E-07   0.00E+00   4.51E-07   1.16E-03   5.72E-05   1.73E-05   1.24E-05   5.07E-06
 9.48E+06   2.40E-07   0.00E+00   5.14E-07   1.16E-03   5.77E-05   1.79E-05   1.29E-05   5.38E-06
 9.62E+06   2.70E-07   0.00E+00   5.86E-07   1.16E-03   5.83E-05   1.86E-05   1.33E-05   5.73E-06
 9.78E+06   3.05E-07   0.00E+00   6.69E-07   1.16E-03   5.89E-05   1.94E-05   1.39E-05   6.18E-06
 9.92E+06   3.45E-07   0.00E+00   7.66E-07   1.16E-03   6.00E-05   2.06E-05   1.48E-05   6.96E-06

     Z      PNO2_O1D   PNO2       PCH3_1     PSO        PH2S       PSO2       PSO2_SO21  PSO2_SO23  
 2.50E+04   8.02E-30   3.59E-03   1.14E-28   1.33E-28   2.49E-14   7.99E-29   3.62E-05   4.29E-07
 1.75E+05   7.44E-27   3.93E-03   1.12E-25   1.62E-25   3.02E-14   9.23E-26   4.28E-05   4.73E-07
 3.25E+05   4.12E-24   4.24E-03   5.56E-23   1.08E-22   3.53E-14   6.06E-23   4.88E-05   5.12E-07
 4.75E+05   1.18E-21   4.52E-03   1.44E-20   3.56E-20   4.02E-14   2.01E-20   5.44E-05   5.46E-07
 6.25E+05   1.79E-19   4.76E-03   2.10E-18   6.09E-18   4.51E-14   3.51E-18   5.96E-05   5.78E-07
 7.75E+05   1.53E-17   4.99E-03   1.78E-16   5.73E-16   5.01E-14   3.37E-16   6.44E-05   6.06E-07
 9.25E+05   7.59E-16   5.19E-03   8.94E-15   3.08E-14   6.81E-14   1.85E-14   6.90E-05   6.31E-07
 1.08E+06   2.22E-14   5.37E-03   2.62E-13   9.54E-13   4.84E-13   5.81E-13   7.32E-05   6.54E-07
 1.22E+06   3.59E-13   5.52E-03   4.25E-12   1.61E-11   7.36E-12   9.92E-12   7.70E-05   6.73E-07
 1.38E+06   3.53E-12   5.66E-03   4.16E-11   1.63E-10   7.49E-11   1.01E-10   8.07E-05   6.90E-07
 1.52E+06   2.37E-11   5.79E-03   2.78E-10   1.12E-09   5.17E-10   6.97E-10   8.47E-05   7.06E-07
 1.68E+06   1.20E-10   5.90E-03   1.39E-09   5.71E-09   2.65E-09   3.56E-09   8.93E-05   7.20E-07
 1.82E+06   4.83E-10   5.99E-03   5.59E-09   2.32E-08   1.08E-08   1.44E-08   9.48E-05   7.31E-07
 1.98E+06   1.63E-09   6.06E-03   1.88E-08   7.83E-08   3.63E-08   4.87E-08   1.01E-04   7.39E-07
 2.12E+06   4.80E-09   6.12E-03   5.50E-08   2.28E-07   1.05E-07   1.41E-07   1.10E-04   7.46E-07
 2.28E+06   1.25E-08   6.17E-03   1.44E-07   5.87E-07   2.70E-07   3.62E-07   1.20E-04   7.51E-07
 2.42E+06   2.98E-08   6.21E-03   3.42E-07   1.37E-06   6.24E-07   8.37E-07   1.33E-04   7.55E-07
 2.58E+06   6.53E-08   6.24E-03   7.53E-07   2.91E-06   1.32E-06   1.77E-06   1.50E-04   7.57E-07
 2.72E+06   1.33E-07   6.27E-03   1.55E-06   5.70E-06   2.57E-06   3.45E-06   1.70E-04   7.60E-07
 2.88E+06   2.54E-07   6.30E-03   3.02E-06   1.04E-05   4.65E-06   6.23E-06   1.95E-04   7.62E-07
 3.02E+06   4.53E-07   6.32E-03   5.49E-06   1.75E-05   7.82E-06   1.04E-05   2.26E-04   7.63E-07
 3.18E+06   7.59E-07   6.34E-03   9.27E-06   2.73E-05   1.23E-05   1.63E-05   2.63E-04   7.64E-07
 3.32E+06   1.20E-06   6.36E-03   1.45E-05   3.99E-05   1.80E-05   2.37E-05   3.04E-04   7.65E-07
 3.48E+06   1.78E-06   6.38E-03   2.10E-05   5.47E-05   2.49E-05   3.25E-05   3.50E-04   7.66E-07
 3.62E+06   2.53E-06   6.39E-03   2.84E-05   7.11E-05   3.28E-05   4.23E-05   3.98E-04   7.66E-07
 3.78E+06   3.45E-06   6.41E-03   3.62E-05   8.84E-05   4.14E-05   5.26E-05   4.50E-04   7.67E-07
 3.92E+06   4.51E-06   6.42E-03   4.40E-05   1.06E-04   5.06E-05   6.31E-05   5.02E-04   7.67E-07
 4.08E+06   5.70E-06   6.43E-03   5.13E-05   1.23E-04   5.98E-05   7.33E-05   5.56E-04   7.67E-07
 4.22E+06   6.95E-06   6.44E-03   5.78E-05   1.38E-04   6.89E-05   8.27E-05   6.09E-04   7.67E-07
 4.38E+06   8.19E-06   6.45E-03   6.34E-05   1.52E-04   7.74E-05   9.11E-05   6.60E-04   7.68E-07
 4.52E+06   9.35E-06   6.46E-03   6.80E-05   1.64E-04   8.50E-05   9.84E-05   7.07E-04   7.68E-07
 4.68E+06   1.04E-05   6.46E-03   7.17E-05   1.74E-04   9.16E-05   1.04E-04   7.48E-04   7.68E-07
 4.82E+06   1.12E-05   6.47E-03   7.46E-05   1.82E-04   9.73E-05   1.10E-04   7.83E-04   7.68E-07
 4.98E+06   1.20E-05   6.47E-03   7.69E-05   1.89E-04   1.02E-04   1.14E-04   8.13E-04   7.68E-07
 5.12E+06   1.25E-05   6.47E-03   7.87E-05   1.95E-04   1.06E-04   1.17E-04   8.36E-04   7.68E-07
 5.28E+06   1.30E-05   6.48E-03   8.01E-05   1.99E-04   1.09E-04   1.20E-04   8.53E-04   7.68E-07
 5.42E+06   1.33E-05   6.48E-03   8.12E-05   2.03E-04   1.11E-04   1.22E-04   8.67E-04   7.68E-07
 5.58E+06   1.36E-05   6.48E-03   8.20E-05   2.06E-04   1.13E-04   1.24E-04   8.77E-04   7.68E-07
 5.72E+06   1.38E-05   6.48E-03   8.26E-05   2.08E-04   1.15E-04   1.26E-04   8.84E-04   7.68E-07
 5.88E+06   1.40E-05   6.48E-03   8.31E-05   2.11E-04   1.16E-04   1.27E-04   8.89E-04   7.68E-07
 6.02E+06   1.41E-05   6.48E-03   8.35E-05   2.12E-04   1.18E-04   1.28E-04   8.93E-04   7.68E-07
 6.18E+06   1.43E-05   6.48E-03   8.38E-05   2.14E-04   1.19E-04   1.29E-04   8.96E-04   7.68E-07
 6.32E+06   1.44E-05   6.48E-03   8.41E-05   2.15E-04   1.19E-04   1.30E-04   8.98E-04   7.68E-07
 6.48E+06   1.44E-05   6.48E-03   8.42E-05   2.16E-04   1.20E-04   1.31E-04   8.99E-04   7.68E-07
 6.62E+06   1.45E-05   6.48E-03   8.44E-05   2.17E-04   1.21E-04   1.32E-04   9.00E-04   7.68E-07
 6.78E+06   1.46E-05   6.48E-03   8.45E-05   2.18E-04   1.21E-04   1.32E-04   9.01E-04   7.68E-07
 6.92E+06   1.47E-05   6.48E-03   8.46E-05   2.19E-04   1.22E-04   1.33E-04   9.01E-04   7.68E-07
 7.08E+06   1.47E-05   6.48E-03   8.47E-05   2.19E-04   1.22E-04   1.33E-04   9.01E-04   7.68E-07
 7.22E+06   1.48E-05   6.48E-03   8.47E-05   2.20E-04   1.22E-04   1.34E-04   9.02E-04   7.68E-07
 7.38E+06   1.49E-05   6.48E-03   8.47E-05   2.20E-04   1.23E-04   1.34E-04   9.02E-04   7.68E-07
 7.52E+06   1.50E-05   6.48E-03   8.48E-05   2.21E-04   1.23E-04   1.35E-04   9.02E-04   7.68E-07
 7.68E+06   1.51E-05   6.48E-03   8.48E-05   2.21E-04   1.24E-04   1.35E-04   9.02E-04   7.68E-07
 7.82E+06   1.52E-05   6.48E-03   8.48E-05   2.21E-04   1.24E-04   1.36E-04   9.02E-04   7.68E-07
 7.98E+06   1.54E-05   6.48E-03   8.48E-05   2.22E-04   1.25E-04   1.36E-04   9.02E-04   7.68E-07
 8.12E+06   1.56E-05   6.49E-03   8.49E-05   2.22E-04   1.25E-04   1.37E-04   9.02E-04   7.68E-07
 8.28E+06   1.58E-05   6.49E-03   8.49E-05   2.22E-04   1.26E-04   1.38E-04   9.02E-04   7.68E-07
 8.42E+06   1.60E-05   6.49E-03   8.49E-05   2.22E-04   1.27E-04   1.39E-04   9.02E-04   7.68E-07
 8.58E+06   1.63E-05   6.49E-03   8.49E-05   2.22E-04   1.28E-04   1.40E-04   9.02E-04   7.68E-07
 8.72E+06   1.65E-05   6.49E-03   8.49E-05   2.23E-04   1.28E-04   1.41E-04   9.02E-04   7.68E-07
 8.88E+06   1.67E-05   6.49E-03   8.49E-05   2.23E-04   1.29E-04   1.42E-04   9.02E-04   7.68E-07
 9.02E+06   1.70E-05   6.49E-03   8.49E-05   2.23E-04   1.30E-04   1.42E-04   9.02E-04   7.68E-07
 9.18E+06   1.73E-05   6.49E-03   8.49E-05   2.23E-04   1.30E-04   1.43E-04   9.02E-04   7.68E-07
 9.32E+06   1.76E-05   6.49E-03   8.49E-05   2.23E-04   1.31E-04   1.44E-04   9.02E-04   7.68E-07
 9.48E+06   1.79E-05   6.49E-03   8.49E-05   2.23E-04   1.32E-04   1.45E-04   9.02E-04   7.68E-07
 9.62E+06   1.83E-05   6.49E-03   8.49E-05   2.23E-04   1.33E-04   1.46E-04   9.02E-04   7.68E-07
 9.78E+06   1.89E-05   6.49E-03   8.49E-05   2.23E-04   1.34E-04   1.48E-04   9.02E-04   7.68E-07
 9.92E+06   1.99E-05   6.49E-03   8.49E-05   2.24E-04   1.35E-04   1.49E-04   9.02E-04   7.68E-07

     Z      PS2        PS4        PS3        PS8L       PS8R       PS8        PSO3       PHSO       
 2.50E+04   2.88E-05   1.16E-01   5.37E-01   0.00E+00   0.00E+00   7.81E-14   6.58E-08   1.50E-28
 1.75E+05   3.40E-05   1.19E-01   5.77E-01   0.00E+00   0.00E+00   1.10E-13   7.67E-08   1.45E-25
 3.25E+05   3.86E-05   1.23E-01   6.12E-01   0.00E+00   0.00E+00   1.49E-13   8.65E-08   8.29E-23
 4.75E+05   4.30E-05   1.26E-01   6.43E-01   0.00E+00   0.00E+00   2.00E-13   9.54E-08   2.44E-20
 6.25E+05   4.70E-05   1.29E-01   6.72E-01   0.00E+00   0.00E+00   2.63E-13   1.04E-07   3.82E-18
 7.75E+05   5.07E-05   1.31E-01   6.97E-01   0.00E+00   0.00E+00   3.44E-13   1.11E-07   3.34E-16
 9.25E+05   5.42E-05   1.34E-01   7.20E-01   0.00E+00   0.00E+00   4.48E-13   1.18E-07   1.70E-14
 1.08E+06   5.74E-05   1.36E-01   7.40E-01   0.00E+00   0.00E+00   5.93E-13   1.25E-07   5.05E-13
 1.22E+06   6.03E-05   1.38E-01   7.58E-01   0.00E+00   0.00E+00   7.93E-13   1.30E-07   8.30E-12
 1.38E+06   6.31E-05   1.39E-01   7.74E-01   0.00E+00   0.00E+00   1.06E-12   1.35E-07   8.24E-11
 1.52E+06   6.60E-05   1.41E-01   7.89E-01   0.00E+00   0.00E+00   1.42E-12   1.41E-07   5.58E-10
 1.68E+06   6.93E-05   1.43E-01   8.02E-01   0.00E+00   0.00E+00   1.89E-12   1.47E-07   2.82E-09
 1.82E+06   7.31E-05   1.45E-01   8.13E-01   0.00E+00   0.00E+00   2.52E-12   1.54E-07   1.14E-08
 1.98E+06   7.77E-05   1.46E-01   8.21E-01   0.00E+00   0.00E+00   3.35E-12   1.64E-07   3.87E-08
 2.12E+06   8.32E-05   1.47E-01   8.27E-01   0.00E+00   0.00E+00   4.45E-12   1.80E-07   1.13E-07
 2.28E+06   9.00E-05   1.47E-01   8.31E-01   0.00E+00   0.00E+00   5.91E-12   2.11E-07   2.94E-07
 2.42E+06   9.85E-05   1.48E-01   8.35E-01   0.00E+00   0.00E+00   7.86E-12   2.68E-07   6.94E-07
 2.58E+06   1.09E-04   1.48E-01   8.37E-01   0.00E+00   0.00E+00   1.05E-11   3.73E-07   1.51E-06
 2.72E+06   1.22E-04   1.48E-01   8.39E-01   0.00E+00   0.00E+00   1.40E-11   5.57E-07   3.03E-06
 2.88E+06   1.38E-04   1.49E-01   8.41E-01   0.00E+00   0.00E+00   1.88E-11   8.58E-07   5.70E-06
 3.02E+06   1.58E-04   1.49E-01   8.42E-01   0.00E+00   0.00E+00   2.53E-11   1.31E-06   1.00E-05
 3.18E+06   1.82E-04   1.49E-01   8.43E-01   0.00E+00   0.00E+00   3.42E-11   1.95E-06   1.65E-05
 3.32E+06   2.09E-04   1.49E-01   8.44E-01   0.00E+00   0.00E+00   4.62E-11   2.79E-06   2.55E-05
 3.48E+06   2.39E-04   1.49E-01   8.44E-01   0.00E+00   0.00E+00   6.23E-11   3.80E-06   3.73E-05
 3.62E+06   2.72E-04   1.49E-01   8.45E-01   0.00E+00   0.00E+00   8.37E-11   4.96E-06   5.19E-05
 3.78E+06   3.06E-04   1.49E-01   8.45E-01   0.00E+00   0.00E+00   1.12E-10   6.26E-06   6.96E-05
 3.92E+06   3.40E-04   1.49E-01   8.45E-01   0.00E+00   0.00E+00   1.49E-10   7.65E-06   9.01E-05
 4.08E+06   3.73E-04   1.50E-01   8.46E-01   0.00E+00   0.00E+00   1.98E-10   9.12E-06   1.13E-04
 4.22E+06   4.05E-04   1.50E-01   8.46E-01   0.00E+00   0.00E+00   2.63E-10   1.06E-05   1.38E-04
 4.38E+06   4.35E-04   1.50E-01   8.46E-01   0.00E+00   0.00E+00   3.46E-10   1.21E-05   1.63E-04
 4.52E+06   4.61E-04   1.50E-01   8.46E-01   0.00E+00   0.00E+00   4.52E-10   1.36E-05   1.87E-04
 4.68E+06   4.84E-04   1.50E-01   8.46E-01   0.00E+00   0.00E+00   5.84E-10   1.49E-05   2.09E-04
 4.82E+06   5.02E-04   1.50E-01   8.46E-01   0.00E+00   0.00E+00   7.46E-10   1.61E-05   2.28E-04
 4.98E+06   5.17E-04   1.50E-01   8.46E-01   0.00E+00   0.00E+00   9.42E-10   1.71E-05   2.44E-04
 5.12E+06   5.29E-04   1.50E-01   8.46E-01   0.00E+00   0.00E+00   1.18E-09   1.79E-05   2.57E-04
 5.28E+06   5.38E-04   1.50E-01   8.46E-01   0.00E+00   0.00E+00   1.47E-09   1.86E-05   2.67E-04
 5.42E+06   5.44E-04   1.50E-01   8.46E-01   0.00E+00   0.00E+00   1.82E-09   1.91E-05   2.75E-04
 5.58E+06   5.49E-04   1.50E-01   8.46E-01   0.00E+00   0.00E+00   2.24E-09   1.95E-05   2.81E-04
 5.72E+06   5.53E-04   1.50E-01   8.46E-01   0.00E+00   0.00E+00   2.75E-09   1.99E-05   2.86E-04
 5.88E+06   5.55E-04   1.50E-01   8.46E-01   0.00E+00   0.00E+00   3.38E-09   2.02E-05   2.89E-04
 6.02E+06   5.57E-04   1.50E-01   8.46E-01   0.00E+00   0.00E+00   4.14E-09   2.04E-05   2.92E-04
 6.18E+06   5.58E-04   1.50E-01   8.46E-01   0.00E+00   0.00E+00   5.08E-09   2.06E-05   2.94E-04
 6.32E+06   5.59E-04   1.50E-01   8.46E-01   0.00E+00   0.00E+00   6.23E-09   2.07E-05   2.96E-04
 6.48E+06   5.60E-04   1.50E-01   8.46E-01   0.00E+00   0.00E+00   7.65E-09   2.08E-05   2.97E-04
 6.62E+06   5.61E-04   1.50E-01   8.46E-01   0.00E+00   0.00E+00   9.41E-09   2.10E-05   2.98E-04
 6.78E+06   5.61E-04   1.50E-01   8.46E-01   0.00E+00   0.00E+00   1.16E-08   2.11E-05   2.99E-04
 6.92E+06   5.61E-04   1.50E-01   8.46E-01   0.00E+00   0.00E+00   1.43E-08   2.11E-05   3.00E-04
 7.08E+06   5.61E-04   1.50E-01   8.46E-01   0.00E+00   0.00E+00   1.77E-08   2.12E-05   3.00E-04
 7.22E+06   5.61E-04   1.50E-01   8.46E-01   0.00E+00   0.00E+00   2.19E-08   2.13E-05   3.01E-04
 7.38E+06   5.61E-04   1.50E-01   8.46E-01   0.00E+00   0.00E+00   2.71E-08   2.13E-05   3.01E-04
 7.52E+06   5.62E-04   1.50E-01   8.46E-01   0.00E+00   0.00E+00   3.38E-08   2.14E-05   3.01E-04
 7.68E+06   5.62E-04   1.50E-01   8.46E-01   0.00E+00   0.00E+00   4.21E-08   2.15E-05   3.02E-04
 7.82E+06   5.62E-04   1.50E-01   8.46E-01   0.00E+00   0.00E+00   5.25E-08   2.15E-05   3.02E-04
 7.98E+06   5.62E-04   1.50E-01   8.46E-01   0.00E+00   0.00E+00   6.54E-08   2.16E-05   3.02E-04
 8.12E+06   5.62E-04   1.50E-01   8.46E-01   0.00E+00   0.00E+00   8.15E-08   2.16E-05   3.02E-04
 8.28E+06   5.62E-04   1.50E-01   8.46E-01   0.00E+00   0.00E+00   1.02E-07   2.17E-05   3.03E-04
 8.42E+06   5.62E-04   1.50E-01   8.46E-01   0.00E+00   0.00E+00   1.27E-07   2.18E-05   3.03E-04
 8.58E+06   5.62E-04   1.50E-01   8.46E-01   0.00E+00   0.00E+00   1.58E-07   2.18E-05   3.03E-04
 8.72E+06   5.62E-04   1.50E-01   8.46E-01   0.00E+00   0.00E+00   1.96E-07   2.19E-05   3.04E-04
 8.88E+06   5.62E-04   1.50E-01   8.46E-01   0.00E+00   0.00E+00   2.44E-07   2.20E-05   3.04E-04
 9.02E+06   5.62E-04   1.50E-01   8.46E-01   0.00E+00   0.00E+00   3.04E-07   2.21E-05   3.04E-04
 9.18E+06   5.62E-04   1.50E-01   8.46E-01   0.00E+00   0.00E+00   3.78E-07   2.21E-05   3.04E-04
 9.32E+06   5.62E-04   1.50E-01   8.46E-01   0.00E+00   0.00E+00   4.70E-07   2.22E-05   3.05E-04
 9.48E+06   5.62E-04   1.50E-01   8.46E-01   0.00E+00   0.00E+00   5.84E-07   2.23E-05   3.05E-04
 9.62E+06   5.62E-04   1.50E-01   8.46E-01   0.00E+00   0.00E+00   7.25E-07   2.24E-05   3.05E-04
 9.78E+06   5.62E-04   1.50E-01   8.46E-01   0.00E+00   0.00E+00   8.99E-07   2.25E-05   3.06E-04
 9.92E+06   5.62E-04   1.50E-01   8.46E-01   0.00E+00   0.00E+00   1.11E-06   2.28E-05   3.06E-04

     Z      POCS       PNO3_NO    PNO3_NO2   PN2O       PHO2NO2_NO2PHO2NO2_NO3PN2O5_NO2  PN2O5_NO   
 2.50E+04   1.03E-11   1.06E-02   8.34E-02   7.62E-32   1.52E-06   3.80E-07   3.45E-10   1.01E-05
 1.75E+05   1.23E-11   1.08E-02   8.49E-02   9.96E-29   1.77E-06   4.42E-07   4.33E-10   1.16E-05
 3.25E+05   1.42E-11   1.10E-02   8.61E-02   7.23E-26   1.99E-06   4.98E-07   5.21E-10   1.29E-05
 4.75E+05   1.59E-11   1.12E-02   8.71E-02   2.69E-23   2.20E-06   5.49E-07   6.11E-10   1.41E-05
 6.25E+05   1.75E-11   1.14E-02   8.78E-02   5.24E-21   2.39E-06   5.97E-07   7.08E-10   1.52E-05
 7.75E+05   1.91E-11   1.15E-02   8.82E-02   5.48E-19   2.56E-06   6.40E-07   8.11E-10   1.62E-05
 9.25E+05   2.06E-11   1.17E-02   8.83E-02   3.16E-17   2.72E-06   6.80E-07   9.21E-10   1.71E-05
 1.08E+06   2.20E-11   1.19E-02   8.87E-02   1.04E-15   2.87E-06   7.17E-07   1.04E-09   1.79E-05
 1.22E+06   2.35E-11   1.20E-02   8.96E-02   1.88E-14   3.00E-06   7.49E-07   1.17E-09   1.86E-05
 1.38E+06   2.62E-11   1.22E-02   9.06E-02   2.01E-13   3.12E-06   7.80E-07   1.41E-09   1.92E-05
 1.52E+06   3.68E-11   1.23E-02   9.18E-02   1.43E-12   3.24E-06   8.11E-07   2.25E-09   1.99E-05
 1.68E+06   8.07E-11   1.24E-02   9.29E-02   7.46E-12   3.38E-06   8.44E-07   5.54E-09   2.05E-05
 1.82E+06   2.43E-10   1.26E-02   9.39E-02   3.07E-11   3.52E-06   8.81E-07   1.72E-08   2.11E-05
 1.98E+06   7.59E-10   1.27E-02   9.48E-02   1.05E-10   3.70E-06   9.26E-07   5.32E-08   2.18E-05
 2.12E+06   2.21E-09   1.27E-02   9.56E-02   3.06E-10   3.94E-06   9.86E-07   1.49E-07   2.24E-05
 2.28E+06   5.92E-09   1.28E-02   9.62E-02   7.87E-10   4.28E-06   1.07E-06   3.77E-07   2.32E-05
 2.42E+06   1.46E-08   1.28E-02   9.68E-02   1.82E-09   4.79E-06   1.21E-06   8.66E-07   2.40E-05
 2.58E+06   3.38E-08   1.29E-02   9.74E-02   3.82E-09   5.59E-06   1.42E-06   1.83E-06   2.50E-05
 2.72E+06   7.37E-08   1.29E-02   9.79E-02   7.39E-09   6.85E-06   1.75E-06   3.56E-06   2.62E-05
 2.88E+06   1.51E-07   1.29E-02   9.84E-02   1.32E-08   8.77E-06   2.26E-06   6.44E-06   2.76E-05
 3.02E+06   2.94E-07   1.29E-02   9.89E-02   2.19E-08   1.16E-05   3.00E-06   1.08E-05   2.91E-05
 3.18E+06   5.38E-07   1.29E-02   9.94E-02   3.37E-08   1.54E-05   4.02E-06   1.70E-05   3.09E-05
 3.32E+06   9.28E-07   1.30E-02   9.99E-02   4.86E-08   2.03E-05   5.34E-06   2.49E-05   3.29E-05
 3.48E+06   1.51E-06   1.30E-02   1.00E-01   6.61E-08   2.63E-05   6.94E-06   3.45E-05   3.50E-05
 3.62E+06   2.33E-06   1.30E-02   1.01E-01   8.58E-08   3.33E-05   8.83E-06   4.56E-05   3.73E-05
 3.78E+06   3.42E-06   1.30E-02   1.01E-01   1.07E-07   4.15E-05   1.10E-05   5.81E-05   3.97E-05
 3.92E+06   4.81E-06   1.30E-02   1.02E-01   1.29E-07   5.09E-05   1.35E-05   7.18E-05   4.22E-05
 4.08E+06   6.46E-06   1.30E-02   1.02E-01   1.51E-07   6.19E-05   1.64E-05   8.67E-05   4.49E-05
 4.22E+06   8.32E-06   1.30E-02   1.02E-01   1.72E-07   7.45E-05   1.97E-05   1.03E-04   4.77E-05
 4.38E+06   1.03E-05   1.30E-02   1.03E-01   1.93E-07   8.88E-05   2.34E-05   1.20E-04   5.06E-05
 4.52E+06   1.22E-05   1.30E-02   1.03E-01   2.11E-07   1.04E-04   2.73E-05   1.38E-04   5.35E-05
 4.68E+06   1.39E-05   1.30E-02   1.03E-01   2.26E-07   1.19E-04   3.12E-05   1.55E-04   5.62E-05
 4.82E+06   1.54E-05   1.30E-02   1.03E-01   2.38E-07   1.33E-04   3.48E-05   1.71E-04   5.87E-05
 4.98E+06   1.67E-05   1.30E-02   1.02E-01   2.49E-07   1.45E-04   3.80E-05   1.84E-04   6.07E-05
 5.12E+06   1.77E-05   1.30E-02   1.02E-01   2.59E-07   1.55E-04   4.06E-05   1.96E-04   6.24E-05
 5.28E+06   1.85E-05   1.30E-02   1.02E-01   2.68E-07   1.63E-04   4.28E-05   2.06E-04   6.37E-05
 5.42E+06   1.91E-05   1.30E-02   1.02E-01   2.76E-07   1.70E-04   4.45E-05   2.13E-04   6.47E-05
 5.58E+06   1.95E-05   1.30E-02   1.02E-01   2.83E-07   1.75E-04   4.59E-05   2.20E-04   6.55E-05
 5.72E+06   1.99E-05   1.30E-02   1.01E-01   2.90E-07   1.79E-04   4.69E-05   2.24E-04   6.61E-05
 5.88E+06   2.01E-05   1.30E-02   1.01E-01   2.97E-07   1.82E-04   4.77E-05   2.28E-04   6.65E-05
 6.02E+06   2.03E-05   1.30E-02   1.01E-01   3.03E-07   1.84E-04   4.84E-05   2.32E-04   6.68E-05
 6.18E+06   2.05E-05   1.30E-02   1.01E-01   3.09E-07   1.86E-04   4.88E-05   2.34E-04   6.70E-05
 6.32E+06   2.06E-05   1.30E-02   1.01E-01   3.14E-07   1.87E-04   4.92E-05   2.37E-04   6.71E-05
 6.48E+06   2.07E-05   1.30E-02   1.00E-01   3.19E-07   1.88E-04   4.95E-05   2.39E-04   6.72E-05
 6.62E+06   2.07E-05   1.30E-02   1.00E-01   3.24E-07   1.89E-04   4.97E-05   2.40E-04   6.73E-05
 6.78E+06   2.08E-05   1.30E-02   1.00E-01   3.28E-07   1.89E-04   4.99E-05   2.42E-04   6.73E-05
 6.92E+06   2.08E-05   1.30E-02   9.98E-02   3.33E-07   1.90E-04   5.01E-05   2.43E-04   6.74E-05
 7.08E+06   2.08E-05   1.30E-02   9.96E-02   3.38E-07   1.90E-04   5.02E-05   2.44E-04   6.74E-05
 7.22E+06   2.09E-05   1.31E-02   9.94E-02   3.44E-07   1.90E-04   5.03E-05   2.46E-04   6.74E-05
 7.38E+06   2.09E-05   1.31E-02   9.93E-02   3.53E-07   1.91E-04   5.03E-05   2.47E-04   6.74E-05
 7.52E+06   2.10E-05   1.31E-02   9.92E-02   3.68E-07   1.91E-04   5.04E-05   2.48E-04   6.74E-05
 7.68E+06   2.11E-05   1.31E-02   9.92E-02   3.90E-07   1.91E-04   5.04E-05   2.49E-04   6.74E-05
 7.82E+06   2.12E-05   1.31E-02   9.92E-02   4.19E-07   1.91E-04   5.05E-05   2.50E-04   6.74E-05
 7.98E+06   2.13E-05   1.31E-02   9.92E-02   4.55E-07   1.91E-04   5.05E-05   2.52E-04   6.74E-05
 8.12E+06   2.15E-05   1.31E-02   9.92E-02   4.96E-07   1.91E-04   5.05E-05   2.53E-04   6.74E-05
 8.28E+06   2.17E-05   1.31E-02   9.92E-02   5.42E-07   1.91E-04   5.05E-05   2.55E-04   6.74E-05
 8.42E+06   2.19E-05   1.31E-02   9.92E-02   5.91E-07   1.91E-04   5.06E-05   2.57E-04   6.75E-05
 8.58E+06   2.21E-05   1.31E-02   9.92E-02   6.40E-07   1.91E-04   5.06E-05   2.59E-04   6.75E-05
 8.72E+06   2.23E-05   1.31E-02   9.92E-02   6.89E-07   1.91E-04   5.06E-05   2.61E-04   6.75E-05
 8.88E+06   2.26E-05   1.31E-02   9.92E-02   7.40E-07   1.91E-04   5.06E-05   2.62E-04   6.75E-05
 9.02E+06   2.28E-05   1.31E-02   9.92E-02   7.96E-07   1.91E-04   5.06E-05   2.64E-04   6.75E-05
 9.18E+06   2.31E-05   1.31E-02   9.92E-02   8.62E-07   1.91E-04   5.06E-05   2.66E-04   6.75E-05
 9.32E+06   2.35E-05   1.31E-02   9.92E-02   9.50E-07   1.91E-04   5.06E-05   2.69E-04   6.75E-05
 9.48E+06   2.39E-05   1.31E-02   9.92E-02   1.07E-06   1.91E-04   5.06E-05   2.71E-04   6.75E-05
 9.62E+06   2.45E-05   1.31E-02   9.92E-02   1.25E-06   1.91E-04   5.06E-05   2.74E-04   6.75E-05
 9.78E+06   2.57E-05   1.31E-02   9.92E-02   1.51E-06   1.91E-04   5.06E-05   2.77E-04   6.75E-05
 9.92E+06   2.87E-05   1.31E-02   9.92E-02   1.90E-06   1.91E-04   5.06E-05   2.84E-04   6.75E-05
 N =   41  EMAX = 3.14E-10 FOR SO4AER  AT Z = 3.12E+06 U = 7.71E-10 RHS =-2.42E-19  DT = 7.47E+18  TIME = 1.87E+18

 TIME = 1.87E+18     TIMEY = 5.92E+10 YEARS

 NPHOT =   29

 MIXING RATIOS OF LONG-LIVED SPECIES


     Z        O        O2       H2O      H        OH       HO2      H2O2     H2       CO       HCO      H2CO     CH4      CH3      C2H6     NO       NO2      HNO      H2S     
  2.50E+04 3.70E-17 1.89E-01 1.14E-02 5.17E-21 4.90E-14 1.15E-11 1.13E-09 5.30E-07 1.10E-07 2.12E-22 2.58E-10 1.80E-06 1.86E-21 9.95E-27 2.44E-12 5.23E-12 1.45E-17 8.47E-12
  7.50E+04 4.24E-17 1.89E-01 9.53E-03 5.59E-21 5.25E-14 1.18E-11 1.20E-09 5.30E-07 1.07E-07 2.30E-22 2.55E-10 1.80E-06 1.87E-21 9.95E-27 2.66E-12 5.31E-12 1.43E-17 5.78E-12
  1.25E+05 4.93E-17 1.89E-01 7.98E-03 6.08E-21 5.69E-14 1.19E-11 1.22E-09 5.31E-07 1.04E-07 2.40E-22 2.42E-10 1.80E-06 1.89E-21 9.95E-27 2.96E-12 5.54E-12 1.21E-17 3.92E-12
  1.75E+05 5.78E-17 1.89E-01 6.55E-03 6.59E-21 6.17E-14 1.20E-11 1.23E-09 5.31E-07 1.01E-07 2.46E-22 2.28E-10 1.79E-06 1.91E-21 9.95E-27 3.36E-12 5.90E-12 9.60E-18 2.66E-12
  2.75E+05 8.06E-17 1.89E-01 4.22E-03 7.68E-21 7.22E-14 1.17E-11 1.18E-09 5.31E-07 9.53E-08 2.54E-22 1.97E-10 1.79E-06 1.92E-21 9.97E-27 4.49E-12 7.00E-12 5.75E-18 1.21E-12
  3.75E+05 1.13E-16 1.89E-01 2.54E-03 8.85E-21 8.34E-14 1.10E-11 1.04E-09 5.32E-07 9.01E-08 2.54E-22 1.67E-10 1.79E-06 1.88E-21 1.00E-26 6.20E-12 8.54E-12 3.40E-18 5.49E-13
  4.75E+05 1.56E-16 1.89E-01 1.40E-03 9.76E-21 9.28E-14 9.90E-12 8.54E-10 5.32E-07 8.54E-08 2.37E-22 1.35E-10 1.79E-06 1.73E-21 1.01E-26 8.38E-12 9.91E-12 1.97E-18 2.53E-13
  5.75E+05 2.10E-16 1.89E-01 6.92E-04 9.71E-21 9.34E-14 8.40E-12 6.60E-10 5.32E-07 8.12E-08 1.92E-22 9.90E-11 1.78E-06 1.38E-21 1.03E-26 9.91E-12 9.69E-12 1.05E-18 1.23E-13
  6.75E+05 2.73E-16 1.89E-01 3.01E-04 8.57E-21 8.36E-14 6.75E-12 4.84E-10 5.32E-07 7.77E-08 1.33E-22 6.54E-11 1.78E-06 9.35E-22 1.05E-26 1.02E-11 7.91E-12 5.25E-19 6.45E-14
  7.75E+05 3.48E-16 1.89E-01 1.14E-04 7.84E-21 7.78E-14 5.10E-12 3.37E-10 5.32E-07 7.46E-08 9.21E-23 4.19E-11 1.78E-06 6.30E-22 1.09E-26 1.25E-11 7.39E-12 3.27E-19 3.61E-14
  8.75E+05 4.37E-16 1.89E-01 3.81E-05 8.25E-21 8.35E-14 3.60E-12 2.24E-10 5.33E-07 7.20E-08 7.06E-23 2.82E-11 1.78E-06 4.69E-22 1.15E-26 2.04E-11 8.80E-12 2.75E-19 2.09E-14
  9.75E+05 5.45E-16 1.89E-01 1.15E-05 9.17E-21 9.35E-14 2.48E-12 1.47E-10 5.33E-07 6.98E-08 5.72E-23 1.97E-11 1.78E-06 3.54E-22 1.22E-26 3.37E-11 1.03E-11 2.43E-19 1.27E-14
  1.08E+06 7.76E-16 1.89E-01 6.46E-06 1.09E-20 1.04E-13 1.88E-12 9.43E-11 5.33E-07 6.75E-08 5.20E-23 1.54E-11 1.78E-06 3.37E-22 1.33E-26 4.93E-11 1.22E-11 1.90E-19 7.78E-15
  1.18E+06 1.34E-15 1.89E-01 4.19E-06 1.19E-20 1.05E-13 1.24E-12 4.24E-11 5.33E-07 6.35E-08 4.75E-23 1.23E-11 1.78E-06 3.38E-22 1.67E-26 7.56E-11 1.79E-11 1.18E-19 3.51E-15
  1.28E+06 2.63E-15 1.89E-01 3.95E-06 1.13E-20 9.29E-14 7.06E-13 1.30E-11 5.32E-07 5.83E-08 3.93E-23 9.12E-12 1.77E-06 3.06E-22 2.48E-26 1.20E-10 3.16E-11 6.20E-20 1.26E-15
  1.38E+06 5.95E-15 1.89E-01 3.97E-06 9.23E-21 7.26E-14 3.47E-13 2.50E-12 5.32E-07 5.14E-08 2.94E-23 6.15E-12 1.76E-06 2.55E-22 4.45E-26 2.02E-10 7.00E-11 2.73E-20 3.67E-16
  1.48E+06 1.35E-14 1.89E-01 4.00E-06 8.67E-21 6.64E-14 2.24E-13 4.45E-13 5.31E-07 4.42E-08 2.72E-23 4.90E-12 1.74E-06 2.59E-22 7.94E-26 3.15E-10 1.47E-10 1.08E-20 9.67E-17
  1.58E+06 2.93E-14 1.89E-01 4.05E-06 9.52E-21 7.15E-14 1.94E-13 1.58E-13 5.29E-07 3.73E-08 3.08E-23 4.67E-12 1.72E-06 3.19E-22 1.33E-25 4.48E-10 2.71E-10 6.42E-21 2.35E-17
  1.68E+06 6.06E-14 1.89E-01 4.12E-06 1.14E-20 8.45E-14 2.03E-13 1.22E-13 5.26E-07 3.10E-08 3.90E-23 4.91E-12 1.68E-06 4.36E-22 2.10E-25 5.94E-10 4.48E-10 8.46E-21 5.09E-18
  1.78E+06 1.19E-13 1.89E-01 4.20E-06 1.47E-20 1.07E-13 2.43E-13 1.38E-13 5.23E-07 2.57E-08 5.28E-23 5.49E-12 1.64E-06 6.39E-22 3.14E-25 7.45E-10 6.67E-10 1.44E-20 1.01E-18
  1.88E+06 2.26E-13 1.89E-01 4.29E-06 2.02E-20 1.41E-13 3.23E-13 1.92E-13 5.18E-07 2.15E-08 7.49E-23 6.39E-12 1.60E-06 9.80E-22 4.50E-25 8.97E-10 9.24E-10 2.21E-20 1.83E-19
  1.98E+06 4.16E-13 1.89E-01 4.40E-06 2.93E-20 1.92E-13 4.60E-13 3.06E-13 5.13E-07 1.82E-08 1.10E-22 7.62E-12 1.55E-06 1.55E-21 6.25E-25 1.05E-09 1.21E-09 2.69E-20 3.01E-20
  2.08E+06 7.45E-13 1.89E-01 4.51E-06 4.51E-20 2.70E-13 6.90E-13 5.34E-13 5.07E-07 1.58E-08 1.64E-22 9.24E-12 1.49E-06 2.52E-21 8.45E-25 1.20E-09 1.53E-09 2.86E-20 4.59E-21
  2.18E+06 1.31E-12 1.89E-01 4.62E-06 7.27E-20 3.87E-13 1.06E-12 9.77E-13 5.01E-07 1.41E-08 2.50E-22 1.13E-11 1.44E-06 4.16E-21 1.13E-24 1.37E-09 1.88E-09 2.99E-20 6.37E-22
  2.28E+06 2.25E-12 1.89E-01 4.73E-06 1.22E-19 5.66E-13 1.65E-12 1.80E-12 4.94E-07 1.29E-08 3.85E-22 1.39E-11 1.38E-06 6.95E-21 1.50E-24 1.57E-09 2.28E-09 3.17E-20 8.39E-23
  2.38E+06 3.82E-12 1.89E-01 4.85E-06 2.13E-19 8.36E-13 2.54E-12 3.25E-12 4.87E-07 1.21E-08 5.99E-22 1.72E-11 1.33E-06 1.17E-20 1.99E-24 1.80E-09 2.74E-09 3.50E-20 1.71E-23
  2.48E+06 6.38E-12 1.89E-01 4.97E-06 3.82E-19 1.25E-12 3.86E-12 5.67E-12 4.79E-07 1.16E-08 9.37E-22 2.10E-11 1.27E-06 1.99E-20 2.66E-24 2.10E-09 3.28E-09 4.14E-20 1.27E-23
  2.58E+06 1.05E-11 1.89E-01 5.09E-06 7.05E-19 1.86E-12 5.78E-12 9.44E-12 4.70E-07 1.12E-08 1.47E-21 2.56E-11 1.22E-06 3.37E-20 3.62E-24 2.46E-09 3.90E-09 5.29E-20 1.52E-23
  2.68E+06 1.70E-11 1.89E-01 5.21E-06 1.34E-18 2.78E-12 8.47E-12 1.49E-11 4.61E-07 1.11E-08 2.30E-21 3.07E-11 1.16E-06 5.72E-20 5.02E-24 2.89E-09 4.58E-09 7.23E-20 1.77E-23
  2.78E+06 2.72E-11 1.89E-01 5.33E-06 2.60E-18 4.10E-12 1.21E-11 2.23E-11 4.51E-07 1.10E-08 3.56E-21 3.64E-11 1.10E-06 9.68E-20 7.11E-24 3.41E-09 5.31E-09 1.04E-19 1.92E-23
  2.88E+06 4.29E-11 1.89E-01 5.45E-06 5.21E-18 5.95E-12 1.68E-11 3.12E-11 4.40E-07 1.10E-08 5.44E-21 4.25E-11 1.05E-06 1.63E-19 1.03E-23 4.01E-09 6.03E-09 1.53E-19 1.94E-23
  2.98E+06 6.71E-11 1.89E-01 5.57E-06 1.07E-17 8.47E-12 2.26E-11 4.11E-11 4.29E-07 1.12E-08 8.16E-21 4.87E-11 9.91E-07 2.71E-19 1.53E-23 4.69E-09 6.73E-09 2.27E-19 1.84E-23
  3.08E+06 1.04E-10 1.89E-01 5.70E-06 2.22E-17 1.18E-11 2.94E-11 5.07E-11 4.17E-07 1.13E-08 1.20E-20 5.48E-11 9.34E-07 4.46E-19 2.33E-23 5.43E-09 7.33E-09 3.37E-19 1.64E-23
  3.18E+06 1.60E-10 1.89E-01 5.82E-06 4.66E-17 1.59E-11 3.70E-11 5.91E-11 4.05E-07 1.16E-08 1.71E-20 6.08E-11 8.78E-07 7.23E-19 3.60E-23 6.22E-09 7.78E-09 4.93E-19 1.40E-23
  3.28E+06 2.44E-10 1.89E-01 5.94E-06 9.85E-17 2.11E-11 4.53E-11 6.56E-11 3.92E-07 1.19E-08 2.38E-20 6.65E-11 8.23E-07 1.16E-18 5.64E-23 7.03E-09 8.05E-09 7.10E-19 1.17E-23
  3.38E+06 3.71E-10 1.89E-01 6.06E-06 2.08E-16 2.74E-11 5.40E-11 6.96E-11 3.79E-07 1.22E-08 3.25E-20 7.16E-11 7.68E-07 1.82E-18 8.91E-23 7.84E-09 8.11E-09 1.01E-18 9.57E-24
  3.48E+06 5.60E-10 1.89E-01 6.18E-06 4.40E-16 3.51E-11 6.30E-11 7.12E-11 3.66E-07 1.25E-08 4.34E-20 7.60E-11 7.16E-07 2.81E-18 1.41E-22 8.61E-09 7.94E-09 1.40E-18 7.95E-24
  3.58E+06 8.42E-10 1.89E-01 6.29E-06 9.29E-16 4.45E-11 7.21E-11 7.06E-11 3.54E-07 1.28E-08 5.71E-20 7.98E-11 6.65E-07 4.28E-18 2.23E-22 9.35E-09 7.58E-09 1.93E-18 6.80E-24
  3.68E+06 1.26E-09 1.89E-01 6.39E-06 1.97E-15 5.63E-11 8.11E-11 6.81E-11 3.42E-07 1.31E-08 7.46E-20 8.29E-11 6.17E-07 6.47E-18 3.48E-22 1.00E-08 7.05E-09 2.62E-18 6.07E-24
  3.78E+06 1.89E-09 1.89E-01 6.49E-06 4.17E-15 7.13E-11 9.01E-11 6.43E-11 3.31E-07 1.33E-08 9.70E-20 8.54E-11 5.72E-07 9.71E-18 5.39E-22 1.07E-08 6.38E-09 3.54E-18 5.62E-24
  3.88E+06 2.83E-09 1.89E-01 6.58E-06 8.89E-15 9.03E-11 9.90E-11 5.97E-11 3.21E-07 1.34E-08 1.26E-19 8.72E-11 5.30E-07 1.45E-17 8.31E-22 1.12E-08 5.62E-09 4.73E-18 5.31E-24
  3.98E+06 4.24E-09 1.89E-01 6.66E-06 1.90E-14 1.15E-10 1.08E-10 5.49E-11 3.13E-07 1.35E-08 1.63E-19 8.83E-11 4.92E-07 2.15E-17 1.26E-21 1.17E-08 4.78E-09 6.29E-18 5.05E-24
  4.08E+06 6.34E-09 1.89E-01 6.74E-06 4.05E-14 1.45E-10 1.18E-10 5.04E-11 3.06E-07 1.36E-08 2.11E-19 8.84E-11 4.56E-07 3.17E-17 1.90E-21 1.21E-08 3.93E-09 8.25E-18 4.81E-24
  4.18E+06 9.43E-09 1.89E-01 6.80E-06 8.50E-14 1.82E-10 1.28E-10 4.66E-11 3.01E-07 1.36E-08 2.68E-19 8.72E-11 4.24E-07 4.60E-17 2.81E-21 1.25E-08 3.11E-09 1.06E-17 4.60E-24
  4.28E+06 1.39E-08 1.89E-01 6.86E-06 1.74E-13 2.24E-10 1.39E-10 4.37E-11 2.98E-07 1.37E-08 3.35E-19 8.46E-11 3.96E-07 6.51E-17 4.08E-21 1.26E-08 2.36E-09 1.32E-17 4.45E-24
  4.38E+06 2.00E-08 1.89E-01 6.90E-06 3.39E-13 2.70E-10 1.51E-10 4.16E-11 2.97E-07 1.38E-08 4.06E-19 8.06E-11 3.71E-07 8.91E-17 5.77E-21 1.26E-08 1.73E-09 1.59E-17 4.37E-24
  4.48E+06 2.81E-08 1.89E-01 6.94E-06 6.29E-13 3.17E-10 1.64E-10 4.01E-11 2.99E-07 1.39E-08 4.78E-19 7.55E-11 3.49E-07 1.18E-16 7.94E-21 1.25E-08 1.24E-09 1.83E-17 4.37E-24
  4.58E+06 3.84E-08 1.89E-01 6.97E-06 1.10E-12 3.62E-10 1.77E-10 3.89E-11 3.03E-07 1.40E-08 5.42E-19 6.97E-11 3.31E-07 1.49E-16 1.07E-20 1.21E-08 8.67E-10 2.03E-17 4.44E-24
  4.68E+06 5.08E-08 1.89E-01 6.99E-06 1.83E-12 4.04E-10 1.90E-10 3.80E-11 3.10E-07 1.43E-08 5.95E-19 6.37E-11 3.16E-07 1.81E-16 1.41E-20 1.17E-08 6.02E-10 2.19E-17 4.56E-24
  4.78E+06 6.55E-08 1.89E-01 7.00E-06 2.89E-12 4.43E-10 2.03E-10 3.71E-11 3.20E-07 1.46E-08 6.37E-19 5.79E-11 3.03E-07 2.14E-16 1.83E-20 1.12E-08 4.16E-10 2.29E-17 4.73E-24
  4.88E+06 8.25E-08 1.89E-01 7.00E-06 4.40E-12 4.77E-10 2.14E-10 3.62E-11 3.31E-07 1.52E-08 6.68E-19 5.25E-11 2.92E-07 2.47E-16 2.36E-20 1.07E-08 2.88E-10 2.35E-17 4.92E-24
  4.98E+06 1.02E-07 1.89E-01 7.00E-06 6.50E-12 5.08E-10 2.25E-10 3.51E-11 3.45E-07 1.60E-08 6.92E-19 4.75E-11 2.83E-07 2.82E-16 3.02E-20 1.01E-08 2.00E-10 2.37E-17 5.07E-24
  5.08E+06 1.24E-07 1.89E-01 7.00E-06 9.39E-12 5.36E-10 2.35E-10 3.38E-11 3.62E-07 1.71E-08 7.11E-19 4.31E-11 2.75E-07 3.20E-16 3.86E-20 9.57E-09 1.40E-10 2.36E-17 5.16E-24
  5.18E+06 1.50E-07 1.89E-01 6.99E-06 1.33E-11 5.60E-10 2.44E-10 3.24E-11 3.80E-07 1.86E-08 7.26E-19 3.91E-11 2.69E-07 3.62E-16 4.92E-20 9.02E-09 9.86E-11 2.32E-17 5.20E-24
  5.28E+06 1.78E-07 1.89E-01 6.97E-06 1.86E-11 5.83E-10 2.53E-10 3.09E-11 4.00E-07 2.07E-08 7.37E-19 3.54E-11 2.63E-07 4.07E-16 6.28E-20 8.49E-09 6.99E-11 2.27E-17 5.20E-24
  5.38E+06 2.11E-07 1.89E-01 6.95E-06 2.57E-11 6.04E-10 2.61E-10 2.93E-11 4.23E-07 2.33E-08 7.46E-19 3.21E-11 2.58E-07 4.56E-16 7.98E-20 7.97E-09 4.98E-11 2.20E-17 5.17E-24
  5.48E+06 2.49E-07 1.89E-01 6.93E-06 3.53E-11 6.25E-10 2.69E-10 2.78E-11 4.49E-07 2.67E-08 7.53E-19 2.91E-11 2.54E-07 5.10E-16 1.01E-19 7.47E-09 3.57E-11 2.13E-17 5.11E-24
  5.58E+06 2.92E-07 1.89E-01 6.91E-06 4.83E-11 6.45E-10 2.77E-10 2.64E-11 4.77E-07 3.10E-08 7.59E-19 2.64E-11 2.50E-07 5.69E-16 1.28E-19 6.99E-09 2.58E-11 2.05E-17 5.04E-24
  5.68E+06 3.42E-07 1.89E-01 6.87E-06 6.59E-11 6.67E-10 2.86E-10 2.51E-11 5.08E-07 3.64E-08 7.64E-19 2.40E-11 2.46E-07 6.34E-16 1.61E-19 6.53E-09 1.87E-11 1.98E-17 4.97E-24
  5.78E+06 3.99E-07 1.89E-01 6.84E-06 8.97E-11 6.89E-10 2.94E-10 2.38E-11 5.42E-07 4.30E-08 7.68E-19 2.17E-11 2.43E-07 7.05E-16 2.02E-19 6.09E-09 1.36E-11 1.90E-17 4.91E-24
  5.88E+06 4.64E-07 1.89E-01 6.80E-06 1.22E-10 7.14E-10 3.04E-10 2.28E-11 5.80E-07 5.12E-08 7.71E-19 1.97E-11 2.39E-07 7.82E-16 2.52E-19 5.68E-09 9.99E-12 1.83E-17 4.87E-24
  5.98E+06 5.38E-07 1.89E-01 6.76E-06 1.66E-10 7.41E-10 3.15E-10 2.18E-11 6.21E-07 6.10E-08 7.73E-19 1.78E-11 2.36E-07 8.65E-16 3.12E-19 5.29E-09 7.37E-12 1.76E-17 4.87E-24
  6.08E+06 6.23E-07 1.89E-01 6.71E-06 2.27E-10 7.70E-10 3.27E-10 2.10E-11 6.66E-07 7.30E-08 7.73E-19 1.61E-11 2.33E-07 9.51E-16 3.86E-19 4.92E-09 5.48E-12 1.70E-17 4.92E-24
  6.18E+06 7.19E-07 1.89E-01 6.66E-06 3.09E-10 8.03E-10 3.40E-10 2.03E-11 7.16E-07 8.73E-08 7.72E-19 1.46E-11 2.30E-07 1.04E-15 4.74E-19 4.58E-09 4.11E-12 1.65E-17 5.03E-24
  6.28E+06 8.28E-07 1.89E-01 6.60E-06 4.23E-10 8.39E-10 3.55E-10 1.98E-11 7.71E-07 1.04E-07 7.69E-19 1.32E-11 2.27E-07 1.13E-15 5.79E-19 4.26E-09 3.11E-12 1.60E-17 5.20E-24
  6.38E+06 9.52E-07 1.89E-01 6.53E-06 5.79E-10 8.79E-10 3.72E-10 1.94E-11 8.31E-07 1.25E-07 7.65E-19 1.19E-11 2.23E-07 1.22E-15 7.04E-19 3.95E-09 2.38E-12 1.55E-17 5.44E-24
  6.48E+06 1.09E-06 1.89E-01 6.46E-06 7.94E-10 9.24E-10 3.91E-10 1.91E-11 8.97E-07 1.48E-07 7.60E-19 1.07E-11 2.20E-07 1.31E-15 8.53E-19 3.67E-09 1.84E-12 1.52E-17 5.76E-24
  6.58E+06 1.25E-06 1.89E-01 6.38E-06 1.09E-09 9.73E-10 4.12E-10 1.89E-11 9.70E-07 1.76E-07 7.54E-19 9.59E-12 2.16E-07 1.38E-15 1.03E-18 3.41E-09 1.44E-12 1.48E-17 6.16E-24
  6.68E+06 1.43E-06 1.89E-01 6.30E-06 1.51E-09 1.03E-09 4.36E-10 1.88E-11 1.05E-06 2.09E-07 7.51E-19 8.61E-12 2.12E-07 1.45E-15 1.24E-18 3.17E-09 1.14E-12 1.46E-17 6.66E-24
  6.78E+06 1.64E-06 1.89E-01 6.20E-06 2.09E-09 1.09E-09 4.62E-10 1.89E-11 1.14E-06 2.48E-07 7.59E-19 7.77E-12 2.07E-07 1.51E-15 1.48E-18 2.95E-09 9.18E-13 1.44E-17 7.32E-24
  6.88E+06 1.87E-06 1.89E-01 6.09E-06 2.91E-09 1.16E-09 4.95E-10 1.93E-11 1.24E-06 2.93E-07 8.04E-19 7.16E-12 2.02E-07 1.59E-15 1.77E-18 2.75E-09 7.51E-13 1.43E-17 8.28E-24
  6.98E+06 2.12E-06 1.89E-01 5.98E-06 4.09E-09 1.26E-09 5.37E-10 2.04E-11 1.35E-06 3.45E-07 9.52E-19 6.99E-12 1.97E-07 1.75E-15 2.10E-18 2.57E-09 6.31E-13 1.45E-17 9.91E-24
  7.08E+06 2.36E-06 1.89E-01 5.85E-06 5.81E-09 1.39E-09 5.97E-10 2.26E-11 1.47E-06 4.06E-07 1.35E-18 7.67E-12 1.91E-07 2.13E-15 2.49E-18 2.41E-09 5.53E-13 1.51E-17 1.30E-23
  7.18E+06 2.58E-06 1.88E-01 5.70E-06 8.38E-09 1.58E-09 6.87E-10 2.65E-11 1.60E-06 4.77E-07 2.28E-18 9.88E-12 1.85E-07 3.05E-15 2.94E-18 2.26E-09 5.13E-13 1.63E-17 1.90E-23
  7.28E+06 2.77E-06 1.88E-01 5.54E-06 1.23E-08 1.86E-09 8.19E-10 3.30E-11 1.75E-06 5.58E-07 4.23E-18 1.46E-11 1.78E-07 5.04E-15 3.46E-18 2.14E-09 5.06E-13 1.84E-17 3.09E-23
  7.38E+06 2.94E-06 1.88E-01 5.36E-06 1.84E-08 2.24E-09 1.00E-09 4.24E-11 1.91E-06 6.53E-07 7.89E-18 2.28E-11 1.70E-07 8.89E-15 4.06E-18 2.03E-09 5.23E-13 2.14E-17 5.27E-23
  7.48E+06 3.16E-06 1.88E-01 5.17E-06 2.81E-08 2.72E-09 1.23E-09 5.44E-11 2.08E-06 7.62E-07 1.43E-17 3.52E-11 1.62E-07 1.56E-14 4.73E-18 1.94E-09 5.43E-13 2.51E-17 8.71E-23
  7.58E+06 3.47E-06 1.88E-01 4.95E-06 4.37E-08 3.28E-09 1.49E-09 6.81E-11 2.27E-06 8.88E-07 2.46E-17 5.17E-11 1.53E-07 2.57E-14 5.45E-18 1.87E-09 5.52E-13 2.95E-17 1.35E-22
  7.68E+06 3.92E-06 1.88E-01 4.71E-06 6.84E-08 3.91E-09 1.78E-09 8.30E-11 2.48E-06 1.03E-06 3.99E-17 7.18E-11 1.43E-07 3.92E-14 6.16E-18 1.82E-09 5.44E-13 3.43E-17 1.97E-22
  7.78E+06 4.48E-06 1.88E-01 4.46E-06 1.08E-07 4.65E-09 2.11E-09 9.86E-11 2.69E-06 1.20E-06 6.13E-17 9.41E-11 1.34E-07 5.54E-14 6.77E-18 1.78E-09 5.30E-13 4.01E-17 2.77E-22
  7.88E+06 5.24E-06 1.88E-01 4.18E-06 1.78E-07 5.61E-09 2.52E-09 1.11E-10 2.91E-06 1.39E-06 8.92E-17 1.15E-10 1.23E-07 7.21E-14 7.12E-18 1.76E-09 5.07E-13 4.78E-17 3.56E-22
  7.98E+06 7.16E-06 1.88E-01 3.88E-06 3.09E-07 6.25E-09 2.75E-09 1.06E-10 3.12E-06 1.60E-06 1.24E-16 1.28E-10 1.13E-07 7.72E-14 7.09E-18 1.75E-09 3.93E-13 5.24E-17 3.11E-22
  8.08E+06 1.41E-05 1.88E-01 3.55E-06 5.48E-07 5.14E-09 2.15E-09 7.16E-11 3.29E-06 1.84E-06 1.70E-16 1.18E-10 1.03E-07 5.50E-14 6.68E-18 1.76E-09 1.72E-13 4.13E-17 1.17E-22
  8.18E+06 3.56E-05 1.88E-01 3.21E-06 9.03E-07 3.30E-09 1.23E-09 3.52E-11 3.41E-06 2.11E-06 2.30E-16 8.32E-11 9.29E-08 2.87E-14 6.08E-18 1.78E-09 4.84E-14 2.38E-17 1.98E-23
  8.28E+06 8.81E-05 1.88E-01 2.86E-06 1.33E-06 2.11E-09 6.40E-10 1.44E-11 3.49E-06 2.40E-06 2.93E-16 4.92E-11 8.30E-08 1.45E-14 5.40E-18 1.84E-09 1.53E-14 1.26E-17 2.11E-24
  8.38E+06 1.95E-04 1.87E-01 2.53E-06 1.79E-06 1.46E-09 3.38E-10 5.30E-12 3.54E-06 2.72E-06 3.52E-16 2.84E-11 7.36E-08 7.93E-15 4.68E-18 1.93E-09 7.54E-15 6.98E-18 1.63E-25
  8.48E+06 3.88E-04 1.87E-01 2.21E-06 2.25E-06 1.08E-09 1.85E-10 1.79E-12 3.57E-06 3.04E-06 4.06E-16 1.72E-11 6.47E-08 4.69E-15 3.95E-18 2.08E-09 5.39E-15 4.11E-18 9.71E-27
  8.58E+06 7.03E-04 1.87E-01 1.92E-06 2.68E-06 8.33E-10 1.05E-10 5.57E-13 3.59E-06 3.39E-06 4.51E-16 1.11E-11 5.65E-08 2.97E-15 3.25E-18 2.30E-09 4.66E-15 2.58E-18 4.99E-28
  8.68E+06 1.18E-03 1.86E-01 1.65E-06 3.08E-06 6.62E-10 6.21E-11 1.60E-13 3.60E-06 3.74E-06 4.84E-16 7.47E-12 4.90E-08 1.99E-15 2.59E-18 2.60E-09 4.39E-15 1.73E-18 2.87E-29
  8.78E+06 1.86E-03 1.86E-01 1.41E-06 3.45E-06 5.33E-10 3.79E-11 4.27E-14 3.60E-06 4.10E-06 5.03E-16 5.26E-12 4.22E-08 1.40E-15 2.01E-18 3.02E-09 4.33E-15 1.23E-18 2.51E-30
  8.88E+06 2.79E-03 1.85E-01 1.20E-06 3.77E-06 4.32E-10 2.39E-11 1.07E-14 3.59E-06 4.46E-06 5.08E-16 3.84E-12 3.62E-08 1.02E-15 1.51E-18 3.58E-09 4.40E-15 9.21E-19 3.25E-31
  8.98E+06 3.98E-03 1.84E-01 1.01E-06 4.05E-06 3.50E-10 1.54E-11 2.56E-15 3.58E-06 4.82E-06 4.99E-16 2.90E-12 3.08E-08 7.67E-16 1.11E-18 4.31E-09 4.54E-15 7.21E-19 5.36E-32
  9.08E+06 5.47E-03 1.83E-01 8.49E-07 4.30E-06 2.84E-10 1.02E-11 6.10E-16 3.57E-06 5.19E-06 4.81E-16 2.26E-12 2.62E-08 5.96E-16 7.98E-19 5.21E-09 4.73E-15 5.82E-19 1.04E-32
  9.18E+06 7.27E-03 1.81E-01 7.10E-07 4.51E-06 2.29E-10 6.95E-12 1.53E-16 3.56E-06 5.54E-06 4.56E-16 1.81E-12 2.21E-08 4.76E-16 5.64E-19 6.25E-09 4.88E-15 4.77E-19 2.34E-33
  9.28E+06 9.37E-03 1.80E-01 5.92E-07 4.70E-06 1.84E-10 4.81E-12 4.26E-17 3.55E-06 5.89E-06 4.29E-16 1.48E-12 1.87E-08 3.89E-16 3.93E-19 7.32E-09 4.92E-15 3.90E-19 5.93E-34
  9.38E+06 1.18E-02 1.78E-01 4.93E-07 4.85E-06 1.47E-10 3.39E-12 1.37E-17 3.53E-06 6.22E-06 4.02E-16 1.24E-12 1.58E-08 3.26E-16 2.72E-19 8.27E-09 4.79E-15 3.13E-19 1.67E-34
  9.48E+06 1.44E-02 1.76E-01 4.11E-07 4.98E-06 1.17E-10 2.43E-12 5.03E-18 3.52E-06 6.53E-06 3.79E-16 1.07E-12 1.33E-08 2.81E-16 1.88E-19 8.96E-09 4.48E-15 2.46E-19 5.20E-35
  9.58E+06 1.73E-02 1.74E-01 3.44E-07 5.09E-06 9.28E-11 1.76E-12 2.06E-18 3.50E-06 6.82E-06 3.60E-16 9.43E-13 1.14E-08 2.48E-16 1.30E-19 9.34E-09 4.03E-15 1.89E-19 1.76E-35
  9.68E+06 2.04E-02 1.72E-01 2.92E-07 5.18E-06 7.32E-11 1.30E-12 9.11E-19 3.49E-06 7.06E-06 3.51E-16 8.65E-13 9.90E-09 2.28E-16 9.21E-20 9.47E-09 3.53E-15 1.43E-19 6.50E-36
  9.78E+06 2.36E-02 1.69E-01 2.54E-07 5.25E-06 5.74E-11 9.77E-13 4.30E-19 3.48E-06 7.27E-06 3.55E-16 8.35E-13 8.83E-09 2.20E-16 6.78E-20 9.45E-09 3.04E-15 1.08E-19 2.61E-36
  9.88E+06 2.66E-02 1.67E-01 2.29E-07 5.30E-06 4.49E-11 7.47E-13 2.19E-19 3.47E-06 7.42E-06 3.80E-16 8.67E-13 8.19E-09 2.28E-16 5.36E-20 9.36E-09 2.60E-15 8.33E-20 1.15E-36
  9.98E+06 2.91E-02 1.65E-01 2.20E-07 5.33E-06 3.52E-11 5.88E-13 1.37E-19 3.46E-06 7.51E-06 4.64E-16 1.08E-12 8.02E-09 2.82E-16 4.76E-20 9.27E-09 2.23E-15 6.58E-20 6.04E-37

 TP, TL
           2.35E+15 2.50E+15 3.93E+10 3.28E+12 3.97E+12 2.86E+12 8.68E+10 5.34E+10 1.15E+11 6.17E+10 1.18E+11 1.50E+02 1.18E+11 6.11E-03 3.42E+13 3.43E+13 2.35E+05 5.10E+05
           2.35E+15 2.50E+15 2.92E+10 3.28E+12 3.97E+12 2.86E+12 8.12E+10 3.76E+10 2.77E+11 6.17E+10 1.16E+11 1.18E+11 1.18E+11 6.11E-03 3.42E+13 3.43E+13 2.35E+05 2.01E+08

     Z        HS       S        SO       SO2      H2SO4    HSO      S2       S4       S8       SO3      OCS      S3       O3       HNO3     N        NO3      N2O      HO2NO2  
  2.50E+04 1.60E-17 1.19E-32 1.64E-19 6.25E-11 4.22E-12 4.26E-13 1.10E-36 1.61E-63 4.84-108 1.73E-21 3.37E-22 7.54E-61 1.34E-08 3.23E-11 1.09-221 4.88E-16 3.00E-07 1.14E-13
  7.50E+04 1.15E-17 6.14E-33 1.45E-19 9.61E-11 6.41E-12 4.03E-13 6.86E-37 5.63E-64 4.84-108 3.51E-21 3.37E-22 2.14E-61 1.41E-08 3.60E-11 6.81-215 4.71E-16 3.00E-07 1.64E-13
  1.25E+05 8.27E-18 3.17E-33 1.22E-19 1.25E-10 8.65E-12 3.20E-13 3.64E-37 1.42E-64 4.84-108 5.99E-21 3.36E-22 5.18E-62 1.50E-08 4.06E-11 3.60-208 4.75E-16 3.00E-07 2.42E-13
  1.75E+05 5.90E-18 1.61E-33 1.01E-19 1.51E-10 1.10E-11 2.36E-13 1.76E-37 2.98E-65 4.84-108 9.73E-21 3.36E-22 1.12E-62 1.61E-08 4.64E-11 1.60-201 4.94E-16 3.00E-07 3.70E-13
  2.75E+05 2.93E-18 3.95E-34 6.53E-20 1.96E-10 1.56E-11 1.17E-13 3.49E-38 9.35E-67 4.84-108 2.44E-20 3.36E-22 4.29E-64 1.90E-08 6.01E-11 1.84-188 5.65E-16 3.00E-07 9.39E-13
  3.75E+05 1.43E-18 9.30E-35 4.14E-20 2.39E-10 2.00E-11 5.58E-14 5.96E-39 2.18E-68 4.84-108 6.25E-20 3.36E-22 1.35E-65 2.26E-08 7.38E-11 9.78-176 6.62E-16 3.00E-07 2.48E-12
  4.75E+05 6.77E-19 2.09E-35 2.63E-20 2.81E-10 2.35E-11 2.65E-14 9.19E-40 4.13E-70 4.84-108 1.63E-19 3.35E-22 3.68E-67 2.67E-08 8.47E-11 2.29-163 7.39E-16 3.00E-07 6.89E-12
  5.75E+05 3.08E-19 4.36E-36 1.67E-20 3.27E-10 2.52E-11 1.32E-14 1.30E-40 6.67E-72 4.84-108 4.27E-19 3.35E-22 8.59E-69 3.11E-08 9.08E-11 2.11-151 7.45E-16 3.00E-07 1.73E-11
  6.75E+05 1.36E-19 8.64E-37 1.07E-20 3.76E-10 2.51E-11 7.03E-15 1.73E-41 9.42E-74 4.84-108 1.12E-18 3.35E-22 1.79E-70 3.56E-08 9.34E-11 6.70-140 7.14E-16 3.00E-07 3.20E-11
  7.75E+05 6.67E-20 2.16E-37 7.98E-21 4.24E-10 2.50E-11 3.94E-15 2.18E-42 1.20E-75 4.84-108 3.41E-18 3.34E-22 4.46E-72 4.03E-08 9.57E-11 6.30-129 7.41E-16 2.99E-07 4.22E-11
  8.75E+05 3.94E-20 8.11E-38 7.43E-21 4.67E-10 2.63E-11 2.26E-15 2.65E-43 1.41E-77 4.84-108 1.33E-17 3.34E-22 1.61E-73 4.51E-08 9.96E-11 1.50-118 8.23E-16 2.99E-07 4.33E-11
  9.75E+05 2.56E-20 3.89E-38 7.87E-21 5.06E-10 2.83E-11 1.36E-15 3.20E-44 1.63E-79 4.84-108 5.95E-17 3.34E-22 7.31E-75 5.01E-08 1.05E-10 8.09-109 9.37E-16 2.99E-07 3.81E-11
  1.08E+06 1.63E-20 2.18E-38 6.61E-21 5.55E-10 2.98E-11 8.29E-16 3.43E-45 1.40E-81 4.84-108 1.46E-16 3.33E-22 3.26E-76 5.63E-08 1.15E-10 1.62E-99 9.95E-16 2.99E-07 3.17E-11
  1.18E+06 6.31E-21 1.48E-38 3.91E-21 6.79E-10 3.10E-11 3.89E-16 2.10E-46 3.81E-84 4.84-108 3.98E-16 3.32E-22 9.81E-78 7.21E-08 1.48E-10 8.82E-90 1.05E-15 2.99E-07 2.54E-11
  1.28E+06 1.55E-21 1.02E-37 7.73E-21 9.09E-10 3.05E-11 1.47E-16 1.58E-46 1.57E-84 4.83-108 5.26E-16 3.30E-22 3.68E-77 1.03E-07 2.24E-10 6.44E-80 1.16E-15 2.98E-07 2.21E-11
  1.38E+06 2.37E-22 3.44E-36 5.15E-20 1.31E-09 2.81E-11 4.30E-17 6.54E-46 1.93E-83 4.83-108 6.15E-16 3.25E-22 3.67E-75 1.68E-07 3.99E-10 7.43E-71 1.50E-15 2.95E-07 2.19E-11
  1.48E+06 3.74E-23 8.71E-35 2.97E-19 1.72E-09 2.72E-11 1.10E-17 2.17E-45 1.53E-82 4.83-108 8.07E-16 3.16E-22 2.20E-73 2.72E-07 6.96E-10 4.94E-63 2.45E-15 2.91E-07 2.48E-11
  1.58E+06 6.59E-24 1.43E-33 1.27E-18 1.97E-09 2.68E-11 4.18E-18 5.56E-45 7.17E-82 4.83-108 1.12E-15 3.04E-22 6.58E-72 4.18E-07 1.13E-09 2.31E-56 4.41E-15 2.85E-07 3.09E-11
  1.68E+06 1.18E-24 1.59E-32 4.17E-18 1.97E-09 2.52E-11 5.20E-18 1.29E-44 2.78E-81 4.82-108 1.51E-15 2.87E-22 1.22E-70 6.12E-07 1.71E-09 1.13E-50 7.89E-15 2.76E-07 4.04E-11
  1.78E+06 2.28E-25 1.24E-31 1.06E-17 1.71E-09 2.18E-11 9.65E-18 3.89E-44 1.79E-80 4.81-108 1.91E-15 2.67E-22 2.03E-69 8.47E-07 2.41E-09 8.03E-46 1.32E-14 2.67E-07 5.33E-11
  1.88E+06 8.14E-26 6.70E-31 2.04E-17 1.24E-09 1.64E-11 1.54E-17 1.34E-43 1.51E-79 4.80-108 2.16E-15 2.45E-22 2.69E-68 1.13E-06 3.21E-09 1.12E-41 2.10E-14 2.55E-07 7.06E-11
  1.98E+06 1.12E-25 2.44E-30 2.84E-17 7.13E-10 1.01E-11 1.89E-17 3.77E-43 8.61E-79 4.79-108 2.04E-15 2.19E-22 1.98E-67 1.45E-06 4.05E-09 3.94E-38 3.18E-14 2.42E-07 9.32E-11
  2.08E+06 2.15E-25 6.77E-30 3.22E-17 3.60E-10 5.61E-12 1.96E-17 8.80E-43 3.37E-78 4.79-108 1.77E-15 1.94E-22 9.18E-67 1.82E-06 4.87E-09 4.34E-35 4.59E-14 2.28E-07 1.21E-10
  2.18E+06 3.97E-25 1.66E-29 3.41E-17 1.81E-10 3.14E-12 1.94E-17 1.93E-42 1.16E-77 4.77-108 1.59E-15 1.67E-22 3.53E-66 2.22E-06 5.61E-09 1.81E-32 6.44E-14 2.14E-07 1.53E-10
  2.28E+06 6.81E-25 3.64E-29 3.41E-17 9.12E-11 1.78E-12 1.82E-17 4.00E-42 3.59E-77 4.76-108 1.46E-15 1.42E-22 1.16E-65 2.67E-06 6.24E-09 3.36E-30 8.80E-14 2.00E-07 1.89E-10
  2.38E+06 1.08E-24 7.27E-29 3.26E-17 4.59E-11 1.02E-12 1.63E-17 7.69E-42 9.55E-77 4.75-108 1.36E-15 1.17E-22 3.19E-65 3.14E-06 6.70E-09 3.22E-28 1.18E-13 1.85E-07 2.25E-10
  2.48E+06 1.59E-24 1.33E-28 2.97E-17 2.30E-11 5.93E-13 1.39E-17 1.33E-41 2.08E-76 4.74-108 1.27E-15 9.37E-23 7.33E-65 3.64E-06 6.96E-09 1.78E-26 1.54E-13 1.71E-07 2.57E-10
  2.58E+06 2.19E-24 2.25E-28 2.60E-17 1.15E-11 3.48E-13 1.13E-17 2.06E-41 3.59E-76 4.73-108 1.18E-15 7.27E-23 1.38E-64 4.15E-06 7.00E-09 6.18E-25 1.96E-13 1.56E-07 2.81E-10
  2.68E+06 2.81E-24 3.50E-28 2.18E-17 5.74E-12 2.20E-13 8.66E-18 2.78E-41 4.73E-76 4.72-108 1.10E-15 5.41E-23 2.11E-64 4.65E-06 6.84E-09 1.43E-23 2.45E-13 1.42E-07 2.93E-10
  2.78E+06 3.36E-24 5.08E-28 1.75E-17 2.86E-12 1.93E-13 6.32E-18 3.28E-41 4.79E-76 4.71-108 1.02E-15 3.84E-23 2.62E-64 5.11E-06 6.47E-09 2.29E-22 2.98E-13 1.27E-07 2.91E-10
  2.88E+06 3.82E-24 6.95E-28 1.38E-17 1.44E-12 3.22E-13 4.42E-18 3.48E-41 3.92E-76 4.69-108 9.49E-16 2.60E-23 2.77E-64 5.52E-06 5.92E-09 2.63E-21 3.53E-13 1.14E-07 2.76E-10
  2.98E+06 4.06E-24 8.93E-28 1.06E-17 7.35E-13 7.82E-13 2.94E-18 3.24E-41 2.48E-76 4.68-108 8.92E-16 1.65E-23 2.41E-64 5.85E-06 5.24E-09 2.24E-20 4.09E-13 1.00E-07 2.48E-10
  3.08E+06 4.10E-24 1.09E-27 7.97E-18 3.84E-13 1.13E-12 1.88E-18 2.73E-41 1.29E-76 4.67-108 8.51E-16 9.68E-24 1.82E-64 6.09E-06 4.48E-09 1.45E-19 4.61E-13 8.78E-08 2.13E-10
  3.18E+06 4.03E-24 1.30E-27 6.05E-18 2.10E-13 1.31E-12 1.19E-18 2.18E-41 6.00E-77 4.65-108 8.39E-16 5.31E-24 1.27E-64 6.24E-06 3.69E-09 7.37E-19 5.06E-13 7.62E-08 1.74E-10
  3.28E+06 3.86E-24 1.53E-27 4.66E-18 1.20E-13 1.40E-12 7.43E-19 1.68E-41 2.59E-77 4.63-108 8.48E-16 2.68E-24 8.35E-65 6.30E-06 2.95E-09 3.00E-18 5.41E-13 6.55E-08 1.36E-10
  3.38E+06 3.67E-24 1.79E-27 3.71E-18 7.34E-14 1.44E-12 4.69E-19 1.28E-41 1.11E-77 4.62-108 8.77E-16 1.23E-24 5.49E-65 6.30E-06 2.29E-09 1.01E-17 5.64E-13 5.58E-08 1.02E-10
  3.48E+06 3.56E-24 2.16E-27 3.11E-18 4.84E-14 1.47E-12 3.07E-19 1.02E-41 5.20E-78 4.60-108 9.26E-16 5.17E-25 3.90E-65 6.25E-06 1.74E-09 2.90E-17 5.74E-13 4.72E-08 7.34E-11
  3.58E+06 3.57E-24 2.72E-27 2.80E-18 3.50E-14 1.48E-12 2.12E-19 8.83E-42 2.88E-78 4.58-108 9.87E-16 1.97E-25 3.14E-65 6.17E-06 1.30E-09 7.22E-17 5.71E-13 3.96E-08 5.09E-11
  3.68E+06 3.77E-24 3.63E-27 2.73E-18 2.79E-14 1.49E-12 1.57E-19 8.50E-42 1.99E-78 4.56-108 1.04E-15 6.93E-26 3.00E-65 6.07E-06 9.65E-10 1.60E-16 5.55E-13 3.32E-08 3.42E-11
  3.78E+06 4.15E-24 5.08E-27 2.86E-18 2.43E-14 1.49E-12 1.22E-19 8.94E-42 1.64E-78 4.54-108 1.06E-15 2.24E-26 3.30E-65 5.95E-06 7.08E-10 3.22E-16 5.27E-13 2.78E-08 2.22E-11
  3.88E+06 4.67E-24 7.32E-27 3.14E-18 2.24E-14 1.49E-12 9.93E-20 9.88E-42 1.50E-78 4.52-108 1.03E-15 6.65E-27 3.94E-65 5.80E-06 5.13E-10 5.95E-16 4.88E-13 2.33E-08 1.39E-11
  3.98E+06 5.29E-24 1.07E-26 3.55E-18 2.15E-14 1.49E-12 8.22E-20 1.11E-41 1.43E-78 4.50-108 9.64E-16 1.82E-27 4.86E-65 5.61E-06 3.66E-10 1.03E-15 4.40E-13 1.95E-08 8.42E-12
  4.08E+06 5.97E-24 1.55E-26 4.06E-18 2.10E-14 1.49E-12 6.87E-20 1.24E-41 1.34E-78 4.48-108 8.82E-16 4.64E-28 5.95E-65 5.39E-06 2.56E-10 1.68E-15 3.84E-13 1.63E-08 4.95E-12
  4.18E+06 6.71E-24 2.23E-26 4.69E-18 2.08E-14 1.49E-12 5.81E-20 1.36E-41 1.24E-78 4.46-108 7.92E-16 1.09E-28 7.18E-65 5.13E-06 1.73E-10 2.60E-15 3.23E-13 1.37E-08 2.83E-12
  4.28E+06 7.52E-24 3.18E-26 5.43E-18 2.08E-14 1.49E-12 4.99E-20 1.49E-41 1.14E-78 4.44-108 7.04E-16 2.43E-29 8.60E-65 4.83E-06 1.13E-10 3.89E-15 2.61E-13 1.15E-08 1.59E-12
  4.38E+06 8.43E-24 4.50E-26 6.33E-18 2.07E-14 1.49E-12 4.40E-20 1.66E-41 1.08E-78 4.42-108 6.21E-16 5.41E-30 1.04E-64 4.50E-06 7.09E-11 5.66E-15 2.02E-13 9.73E-09 8.81E-13
  4.48E+06 9.47E-24 6.35E-26 7.44E-18 2.08E-14 1.49E-12 4.00E-20 1.88E-41 1.07E-78 4.40-108 5.44E-16 1.45E-30 1.28E-64 4.17E-06 4.32E-11 8.06E-15 1.50E-13 8.29E-09 4.88E-13
  4.58E+06 1.07E-23 8.95E-26 8.83E-18 2.08E-14 1.49E-12 3.76E-20 2.20E-41 1.14E-78 4.37-108 4.74E-16 6.35E-31 1.64E-64 3.83E-06 2.55E-11 1.14E-14 1.08E-13 7.09E-09 2.70E-13
  4.68E+06 1.20E-23 1.26E-25 1.06E-17 2.08E-14 1.49E-12 3.67E-20 2.65E-41 1.30E-78 4.35-108 4.12E-16 4.79E-31 2.18E-64 3.51E-06 1.49E-11 1.59E-14 7.58E-14 6.11E-09 1.51E-13
  4.78E+06 1.36E-23 1.79E-25 1.29E-17 2.08E-14 1.48E-12 3.69E-20 3.30E-41 1.57E-78 4.33-108 3.57E-16 4.59E-31 3.01E-64 3.21E-06 8.61E-12 2.22E-14 5.21E-14 5.31E-09 8.55E-14
  4.88E+06 1.53E-23 2.53E-25 1.58E-17 2.09E-14 1.48E-12 3.79E-20 4.19E-41 1.98E-78 4.31-108 3.08E-16 4.76E-31 4.24E-64 2.93E-06 4.96E-12 3.08E-14 3.53E-14 4.64E-09 4.86E-14
  4.98E+06 1.71E-23 3.57E-25 1.92E-17 2.09E-14 1.48E-12 3.94E-20 5.34E-41 2.53E-78 4.28-108 2.65E-16 5.09E-31 5.97E-64 2.67E-06 2.85E-12 4.22E-14 2.37E-14 4.09E-09 2.78E-14
  5.08E+06 1.89E-23 5.00E-25 2.34E-17 2.09E-14 1.48E-12 4.11E-20 6.78E-41 3.19E-78 4.26-108 2.27E-16 5.58E-31 8.31E-64 2.42E-06 1.63E-12 5.66E-14 1.58E-14 3.64E-09 1.59E-14
  5.18E+06 2.07E-23 6.97E-25 2.84E-17 2.09E-14 1.48E-12 4.31E-20 8.60E-41 4.01E-78 4.24-108 1.94E-16 6.24E-31 1.15E-63 2.19E-06 9.38E-13 7.51E-14 1.05E-14 3.25E-09 9.20E-15
  5.28E+06 2.24E-23 9.68E-25 3.45E-17 2.09E-14 1.48E-12 4.53E-20 1.09E-40 5.02E-78 4.21-108 1.65E-16 7.12E-31 1.58E-63 1.98E-06 5.40E-13 9.83E-14 6.93E-15 2.92E-09 5.34E-15
  5.38E+06 2.42E-23 1.34E-24 4.17E-17 2.09E-14 1.48E-12 4.79E-20 1.38E-40 6.26E-78 4.19-108 1.41E-16 8.27E-31 2.16E-63 1.79E-06 3.11E-13 1.28E-13 4.58E-15 2.64E-09 3.11E-15
  5.48E+06 2.61E-23 1.86E-24 5.05E-17 2.09E-14 1.48E-12 5.07E-20 1.74E-40 7.79E-78 4.16-108 1.20E-16 9.76E-31 2.94E-63 1.62E-06 1.81E-13 1.64E-13 3.03E-15 2.40E-09 1.83E-15
  5.58E+06 2.80E-23 2.57E-24 6.11E-17 2.09E-14 1.48E-12 5.38E-20 2.20E-40 9.69E-78 4.14-108 1.02E-16 1.17E-30 3.99E-63 1.47E-06 1.05E-13 2.09E-13 2.00E-15 2.18E-09 1.08E-15
  5.68E+06 3.01E-23 3.55E-24 7.39E-17 2.09E-14 1.47E-12 5.73E-20 2.80E-40 1.21E-77 4.11-108 8.71E-17 1.41E-30 5.43E-63 1.33E-06 6.15E-14 2.65E-13 1.33E-15 2.00E-09 6.38E-16
  5.78E+06 3.24E-23 4.89E-24 8.93E-17 2.09E-14 1.47E-12 6.13E-20 3.56E-40 1.52E-77 4.08-108 7.43E-17 1.72E-30 7.40E-63 1.20E-06 3.62E-14 3.34E-13 8.82E-16 1.83E-09 3.80E-16
  5.88E+06 3.50E-23 6.76E-24 1.08E-16 2.09E-14 1.47E-12 6.58E-20 4.57E-40 1.94E-77 4.05-108 6.35E-17 2.10E-30 1.01E-62 1.09E-06 2.15E-14 4.19E-13 5.87E-16 1.69E-09 2.28E-16
  5.98E+06 3.81E-23 9.33E-24 1.31E-16 2.09E-14 1.47E-12 7.11E-20 5.92E-40 2.51E-77 4.02-108 5.42E-17 2.58E-30 1.40E-62 9.84E-07 1.28E-14 5.23E-13 3.92E-16 1.56E-09 1.38E-16
  6.08E+06 4.17E-23 1.29E-23 1.58E-16 2.08E-14 1.47E-12 7.72E-20 7.74E-40 3.32E-77 3.98-108 4.64E-17 3.17E-30 1.96E-62 8.87E-07 7.72E-15 6.51E-13 2.63E-16 1.44E-09 8.45E-17
  6.18E+06 4.62E-23 1.78E-23 1.92E-16 2.08E-14 1.47E-12 8.43E-20 1.03E-39 4.50E-77 3.95-108 3.96E-17 3.90E-30 2.76E-62 7.97E-07 4.70E-15 8.06E-13 1.77E-16 1.34E-09 5.22E-17
  6.28E+06 5.16E-23 2.47E-23 2.32E-16 2.07E-14 1.46E-12 9.26E-20 1.38E-39 6.24E-77 3.91-108 3.39E-17 4.80E-30 3.95E-62 7.15E-07 2.89E-15 9.95E-13 1.20E-16 1.24E-09 3.26E-17
  6.38E+06 5.82E-23 3.41E-23 2.82E-16 2.07E-14 1.46E-12 1.02E-19 1.87E-39 8.86E-77 3.87-108 2.89E-17 5.88E-30 5.71E-62 6.39E-07 1.80E-15 1.22E-12 8.21E-17 1.16E-09 2.06E-17
  6.48E+06 6.63E-23 4.72E-23 3.41E-16 2.06E-14 1.46E-12 1.14E-19 2.57E-39 1.29E-76 3.83-108 2.47E-17 7.19E-30 8.35E-62 5.70E-07 1.13E-15 1.50E-12 5.66E-17 1.08E-09 1.32E-17
  6.58E+06 7.62E-23 6.54E-23 4.14E-16 2.05E-14 1.46E-12 1.26E-19 3.57E-39 1.90E-76 3.78-108 2.11E-17 8.77E-30 1.23E-61 5.07E-07 7.22E-16 1.84E-12 3.94E-17 1.01E-09 8.53E-18
  6.68E+06 8.84E-23 9.05E-23 5.00E-16 2.04E-14 1.45E-12 1.41E-19 5.00E-39 2.85E-76 3.73-108 1.80E-17 1.07E-29 1.82E-61 4.51E-07 4.67E-16 2.24E-12 2.77E-17 9.47E-10 5.61E-18
  6.78E+06 1.04E-22 1.25E-22 6.05E-16 2.03E-14 1.45E-12 1.58E-19 7.09E-39 4.37E-76 3.68-108 1.53E-17 1.30E-29 2.73E-61 3.99E-07 3.07E-16 2.73E-12 1.97E-17 8.88E-10 3.75E-18
  6.88E+06 1.24E-22 1.73E-22 7.29E-16 2.01E-14 1.45E-12 1.79E-19 1.03E-38 6.98E-76 3.62-108 1.30E-17 1.58E-29 4.15E-61 3.51E-07 2.06E-16 3.31E-12 1.42E-17 8.34E-10 2.56E-18
  6.98E+06 1.54E-22 2.38E-22 8.76E-16 1.99E-14 1.44E-12 2.06E-19 1.55E-38 1.21E-75 3.56-108 1.10E-17 1.96E-29 6.57E-61 3.06E-07 1.44E-16 4.00E-12 1.05E-17 7.84E-10 1.82E-18
  7.08E+06 2.04E-22 3.26E-22 1.05E-15 1.97E-14 1.44E-12 2.45E-19 2.52E-38 2.43E-75 3.50-108 9.29E-18 2.48E-29 1.11E-60 2.61E-07 1.06E-16 4.81E-12 7.90E-18 7.37E-10 1.37E-18
  7.18E+06 2.93E-22 4.43E-22 1.24E-15 1.95E-14 1.43E-12 3.06E-19 4.50E-38 5.86E-75 3.43-108 7.82E-18 3.25E-29 2.04E-60 2.18E-07 8.41E-17 5.72E-12 6.22E-18 6.94E-10 1.13E-18
  7.28E+06 4.56E-22 5.95E-22 1.45E-15 1.93E-14 1.43E-12 3.97E-19 8.79E-38 1.69E-74 3.36-108 6.59E-18 4.47E-29 4.05E-60 1.77E-07 7.26E-17 6.74E-12 5.11E-18 6.54E-10 1.01E-18
  7.38E+06 7.51E-22 7.90E-22 1.67E-15 1.90E-14 1.42E-12 5.27E-19 1.81E-37 5.40E-74 3.28-108 5.56E-18 6.42E-29 8.34E-60 1.42E-07 6.67E-17 7.82E-12 4.35E-18 6.15E-10 9.72E-19
  7.48E+06 1.21E-21 1.02E-21 1.86E-15 1.87E-14 1.41E-12 6.69E-19 3.48E-37 1.50E-73 3.19-108 4.71E-18 9.49E-29 1.55E-59 1.12E-07 6.19E-17 8.74E-12 3.70E-18 5.79E-10 9.27E-19
  7.58E+06 1.85E-21 1.30E-21 2.04E-15 1.85E-14 1.40E-12 8.04E-19 6.14E-37 3.47E-73 3.10-108 4.02E-18 1.42E-28 2.59E-59 8.96E-08 5.60E-17 9.63E-12 3.12E-18 5.45E-10 8.50E-19
  7.68E+06 2.70E-21 1.64E-21 2.23E-15 1.82E-14 1.39E-12 9.23E-19 1.01E-36 6.97E-73 3.01-108 3.46E-18 2.11E-28 4.01E-59 7.23E-08 4.91E-17 1.06E-11 2.60E-18 5.12E-10 7.48E-19
  7.78E+06 3.90E-21 2.06E-21 2.41E-15 1.80E-14 1.38E-12 1.03E-18 1.60E-36 1.31E-72 2.90-108 3.03E-18 3.08E-28 5.96E-59 5.85E-08 4.20E-17 1.18E-11 2.16E-18 4.81E-10 6.44E-19
  7.88E+06 5.56E-21 2.56E-21 2.59E-15 1.77E-14 1.37E-12 1.12E-18 2.42E-36 2.24E-72 2.79-108 2.76E-18 4.36E-28 8.38E-59 4.73E-08 3.41E-17 1.30E-11 1.80E-18 4.51E-10 5.35E-19
  7.98E+06 5.83E-21 3.27E-21 2.85E-15 1.74E-14 1.36E-12 9.73E-19 2.38E-36 1.60E-72 2.68-108 2.69E-18 5.98E-28 7.80E-59 4.29E-08 2.27E-17 1.52E-11 1.38E-18 4.23E-10 3.42E-19
  8.08E+06 2.44E-21 4.55E-21 3.42E-15 1.67E-14 1.35E-12 4.69E-19 7.11E-37 1.08E-73 2.56-108 2.94E-18 7.87E-28 2.43E-59 5.34E-08 1.03E-17 2.05E-11 7.72E-19 3.95E-10 1.19E-19
  8.18E+06 4.47E-22 6.59E-21 4.27E-15 1.57E-14 1.33E-12 1.34E-19 7.51E-38 9.03E-76 2.42-108 3.68E-18 9.60E-28 2.77E-60 8.48E-08 3.52E-18 2.98E-11 3.00E-19 3.69E-10 2.41E-20
  8.28E+06 6.73E-23 9.15E-21 5.12E-15 1.47E-14 1.31E-12 3.42E-20 6.35E-39 4.81E-78 2.28-108 4.97E-18 1.04E-27 2.42E-61 1.37E-07 1.08E-18 4.26E-11 1.13E-19 3.43E-10 3.99E-21
  8.38E+06 1.12E-23 1.22E-20 5.87E-15 1.38E-14 1.29E-12 9.42E-21 6.34E-40 3.57E-80 2.13-108 6.70E-18 9.96E-28 2.40E-62 2.06E-07 3.23E-19 5.92E-11 5.65E-20 3.18E-10 6.88E-22
  8.48E+06 2.18E-24 1.58E-20 6.55E-15 1.30E-14 1.27E-12 2.91E-21 8.06E-41 4.30E-82 1.98-108 8.67E-18 8.75E-28 2.95E-63 2.89E-07 9.70E-20 8.16E-11 3.81E-20 2.94E-10 1.46E-22
  8.58E+06 4.98E-25 2.00E-20 7.16E-15 1.22E-14 1.24E-12 1.01E-21 1.29E-41 8.28E-84 1.81-108 1.06E-17 7.37E-28 4.47E-64 3.81E-07 3.03E-20 1.14E-10 2.98E-20 2.72E-10 4.12E-23
  8.68E+06 1.31E-25 2.51E-20 7.73E-15 1.14E-14 1.21E-12 3.87E-22 2.53E-42 2.50E-85 1.64-108 1.23E-17 6.13E-28 8.20E-65 4.77E-07 1.02E-20 1.64E-10 2.50E-20 2.50E-10 1.49E-23
  8.78E+06 3.89E-26 3.11E-20 8.26E-15 1.06E-14 1.18E-12 1.62E-22 5.95E-43 1.27E-86 1.47-108 1.34E-17 5.12E-28 1.79E-65 5.70E-07 3.87E-21 2.49E-10 2.16E-20 2.29E-10 6.23E-24
  8.88E+06 1.29E-26 3.84E-20 8.75E-15 9.86E-15 1.14E-12 7.37E-23 1.66E-43 1.28E-87 1.30-108 1.40E-17 4.31E-28 4.58E-66 6.52E-07 1.71E-21 4.12E-10 1.92E-20 2.10E-10 2.86E-24
  8.98E+06 4.76E-27 4.70E-20 9.21E-15 9.11E-15 1.10E-12 3.59E-23 5.47E-44 2.43E-88 1.14-108 1.40E-17 3.66E-28 1.38E-66 7.20E-07 8.65E-22 7.56E-10 1.72E-20 1.92E-10 1.39E-24
  9.08E+06 1.92E-27 5.73E-20 9.64E-15 8.37E-15 1.05E-12 1.87E-23 2.16E-44 7.01E-89 9.72-109 1.34E-17 3.14E-28 4.98E-67 7.67E-07 4.80E-22 1.54E-09 1.56E-20 1.74E-10 7.05E-25
  9.18E+06 8.36E-28 6.95E-20 1.00E-14 7.63E-15 1.01E-12 1.03E-23 1.05E-44 2.69E-89 8.17-109 1.24E-17 2.74E-28 2.20E-67 7.93E-07 2.78E-22 3.38E-09 1.39E-20 1.58E-10 3.64E-25
  9.28E+06 3.92E-28 8.40E-20 1.04E-14 6.90E-15 9.53E-13 5.92E-24 6.38E-45 1.31E-89 6.73-109 1.10E-17 2.42E-28 1.20E-67 7.96E-07 1.62E-22 7.70E-09 1.22E-20 1.44E-10 1.89E-25
  9.38E+06 1.96E-28 1.01E-19 1.07E-14 6.17E-15 8.97E-13 3.57E-24 4.70E-45 7.77E-90 5.42-109 9.54E-18 2.18E-28 7.99E-68 7.78E-07 9.30E-23 1.76E-08 1.03E-20 1.30E-10 9.69E-26
  9.48E+06 1.03E-28 1.21E-19 1.10E-14 5.47E-15 8.38E-13 2.24E-24 4.00E-45 5.30E-90 4.26-109 7.99E-18 2.00E-28 6.09E-68 7.43E-07 5.18E-23 3.93E-08 8.33E-21 1.18E-10 4.88E-26
  9.58E+06 5.76E-29 1.44E-19 1.12E-14 4.80E-15 7.76E-13 1.45E-24 3.72E-45 3.92E-90 3.26-109 6.52E-18 1.89E-28 5.06E-68 6.94E-07 2.79E-23 8.44E-08 6.49E-21 1.06E-10 2.41E-26
  9.68E+06 3.36E-29 1.71E-19 1.13E-14 4.16E-15 7.13E-13 9.66E-25 3.65E-45 3.03E-90 2.43-109 5.20E-18 1.85E-28 4.41E-68 6.35E-07 1.46E-23 1.73E-07 4.92E-21 9.68E-11 1.17E-26
  9.78E+06 2.06E-29 2.02E-19 1.14E-14 3.57E-15 6.48E-13 6.64E-25 3.70E-45 2.40E-90 1.76-109 4.10E-18 1.91E-28 3.94E-68 5.68E-07 7.55E-24 3.36E-07 3.67E-21 8.86E-11 5.71E-27
  9.88E+06 1.32E-29 2.36E-19 1.14E-14 3.03E-15 5.83E-13 4.71E-25 3.82E-45 1.90E-90 1.24-109 3.26E-18 2.12E-28 3.57E-68 4.97E-07 3.94E-24 6.20E-07 2.72E-21 8.23E-11 2.84E-27
  9.98E+06 9.17E-30 2.72E-19 1.12E-14 2.62E-15 5.19E-13 3.48E-25 4.00E-45 1.49E-90 8.51-110 2.73E-18 2.58E-28 3.23E-68 4.22E-07 2.42E-24 1.09E-06 2.02E-21 7.80E-11 1.62E-27

 TP, TL
           1.77E+08 1.23E+03 2.31E+08 6.78E+11 6.89E+09 9.47E+07 1.05E-16 3.33E-40 5.53E-94 6.89E+09 1.09E-05 7.02E-37 2.34E+15 1.52E+10 1.46E+08 4.21E+10 4.40E+05 3.18E+10
           1.77E+08 1.23E+03 2.31E+08 6.86E+11 6.79E+09 8.40E+07 1.05E-16 3.33E-40 5.53E-94 6.89E+09 1.09E-05 7.02E-37 2.34E+15 1.50E+10 2.46E+08 4.21E+10 1.13E+09 3.18E+10

     Z        N2O5     CO2      SO4AER   S8AER   
  2.50E+04 8.66E-18 2.22E-04 2.09E-10 1.00E-38
  7.50E+04 1.16E-17 2.22E-04 2.21E-10 1.00E-38
  1.25E+05 1.68E-17 2.22E-04 2.45E-10 1.00E-38
  1.75E+05 2.64E-17 2.22E-04 2.82E-10 1.00E-38
  2.75E+05 7.65E-17 2.22E-04 3.86E-10 1.00E-38
  3.75E+05 2.45E-16 2.22E-04 5.17E-10 1.00E-38
  4.75E+05 8.00E-16 2.22E-04 6.66E-10 1.00E-38
  5.75E+05 2.01E-15 2.22E-04 8.27E-10 1.00E-38
  6.75E+05 3.35E-15 2.22E-04 9.98E-10 1.00E-38
  7.75E+05 4.46E-15 2.22E-04 1.18E-09 1.00E-38
  8.75E+05 5.54E-15 2.22E-04 1.37E-09 1.00E-38
  9.75E+05 6.42E-15 2.22E-04 1.57E-09 1.00E-38
  1.08E+06 7.06E-15 2.22E-04 1.83E-09 1.00E-38
  1.18E+06 9.08E-15 2.22E-04 2.46E-09 1.00E-38
  1.28E+06 1.47E-14 2.22E-04 3.51E-09 1.00E-38
  1.38E+06 3.47E-14 2.22E-04 5.17E-09 1.00E-38
  1.48E+06 9.63E-14 2.22E-04 6.91E-09 1.00E-38
  1.58E+06 2.58E-13 2.22E-04 8.18E-09 1.00E-38
  1.68E+06 6.16E-13 2.22E-04 8.67E-09 1.00E-38
  1.78E+06 1.24E-12 2.22E-04 8.32E-09 1.00E-38
  1.88E+06 2.19E-12 2.22E-04 7.38E-09 1.00E-38
  1.98E+06 3.47E-12 2.22E-04 6.19E-09 1.00E-38
  2.08E+06 5.01E-12 2.22E-04 5.05E-09 1.00E-38
  2.18E+06 6.80E-12 2.22E-04 4.08E-09 1.00E-38
  2.28E+06 8.80E-12 2.22E-04 3.31E-09 1.00E-38
  2.38E+06 1.09E-11 2.22E-04 2.70E-09 1.00E-38
  2.48E+06 1.30E-11 2.22E-04 2.22E-09 1.00E-38
  2.58E+06 1.48E-11 2.23E-04 1.84E-09 1.00E-38
  2.68E+06 1.61E-11 2.23E-04 1.54E-09 1.00E-38
  2.78E+06 1.65E-11 2.23E-04 1.30E-09 1.00E-38
  2.88E+06 1.59E-11 2.23E-04 1.11E-09 1.00E-38
  2.98E+06 1.44E-11 2.23E-04 9.53E-10 1.00E-38
  3.08E+06 1.23E-11 2.23E-04 8.26E-10 1.00E-38
  3.18E+06 9.80E-12 2.23E-04 7.19E-10 1.00E-38
  3.28E+06 7.39E-12 2.23E-04 6.21E-10 1.00E-38
  3.38E+06 5.27E-12 2.23E-04 5.32E-10 1.00E-38
  3.48E+06 3.57E-12 2.23E-04 4.52E-10 1.00E-38
  3.58E+06 2.30E-12 2.23E-04 3.81E-10 1.00E-38
  3.68E+06 1.41E-12 2.23E-04 3.20E-10 1.00E-38
  3.78E+06 8.25E-13 2.23E-04 2.67E-10 1.00E-38
  3.88E+06 4.57E-13 2.23E-04 2.21E-10 1.00E-38
  3.98E+06 2.39E-13 2.23E-04 1.82E-10 1.00E-38
  4.08E+06 1.17E-13 2.23E-04 1.49E-10 1.00E-38
  4.18E+06 5.39E-14 2.23E-04 1.21E-10 1.00E-38
  4.28E+06 2.32E-14 2.23E-04 9.84E-11 1.00E-38
  4.38E+06 9.47E-15 2.23E-04 7.95E-11 1.00E-38
  4.48E+06 3.73E-15 2.23E-04 6.41E-11 1.00E-38
  4.58E+06 1.43E-15 2.23E-04 5.12E-11 1.00E-38
  4.68E+06 5.43E-16 2.23E-04 4.09E-11 1.00E-38
  4.78E+06 2.05E-16 2.23E-04 3.24E-11 1.00E-38
  4.88E+06 7.66E-17 2.23E-04 2.56E-11 1.00E-38
  4.98E+06 2.85E-17 2.23E-04 2.00E-11 1.00E-38
  5.08E+06 1.05E-17 2.23E-04 1.55E-11 1.00E-38
  5.18E+06 3.89E-18 2.23E-04 1.19E-11 1.00E-38
  5.28E+06 1.44E-18 2.23E-04 9.05E-12 1.00E-38
  5.38E+06 5.39E-19 2.23E-04 6.76E-12 1.00E-38
  5.48E+06 2.02E-19 2.23E-04 4.95E-12 1.00E-38
  5.58E+06 7.62E-20 2.23E-04 3.55E-12 1.00E-38
  5.68E+06 2.89E-20 2.23E-04 2.48E-12 1.00E-38
  5.78E+06 1.11E-20 2.23E-04 1.69E-12 1.00E-38
  5.88E+06 4.26E-21 2.22E-04 1.11E-12 1.00E-38
  5.98E+06 1.66E-21 2.22E-04 7.07E-13 1.00E-38
  6.08E+06 6.51E-22 2.22E-04 4.31E-13 1.00E-38
  6.18E+06 2.59E-22 2.22E-04 2.51E-13 1.00E-38
  6.28E+06 1.05E-22 2.22E-04 1.39E-13 1.00E-38
  6.38E+06 4.29E-23 2.22E-04 7.23E-14 1.00E-38
  6.48E+06 1.79E-23 2.22E-04 3.52E-14 1.00E-38
  6.58E+06 7.63E-24 2.22E-04 1.58E-14 1.00E-38
  6.68E+06 3.32E-24 2.22E-04 6.53E-15 1.00E-38
  6.78E+06 1.48E-24 2.21E-04 2.44E-15 1.00E-38
  6.88E+06 6.76E-25 2.21E-04 8.11E-16 1.00E-38
  6.98E+06 3.23E-25 2.21E-04 2.37E-16 1.00E-38
  7.08E+06 1.65E-25 2.21E-04 5.92E-17 1.00E-38
  7.18E+06 9.17E-26 2.21E-04 1.24E-17 1.00E-38
  7.28E+06 5.65E-26 2.20E-04 2.09E-18 1.00E-38
  7.38E+06 3.77E-26 2.20E-04 2.75E-19 1.00E-38
  7.48E+06 2.51E-26 2.20E-04 2.65E-20 1.00E-38
  7.58E+06 1.61E-26 2.19E-04 1.72E-21 1.00E-38
  7.68E+06 9.92E-27 2.19E-04 6.69E-23 1.00E-38
  7.78E+06 6.01E-27 2.18E-04 1.27E-24 1.00E-38
  7.88E+06 3.54E-27 2.17E-04 7.65E-27 1.00E-38
  7.98E+06 1.63E-27 2.17E-04 8.68E-31 1.00E-38
  8.08E+06 4.12E-28 2.16E-04 8.96E-33 1.00E-38
  8.18E+06 5.91E-29 2.15E-04 4.49E-35 1.00E-38
  8.28E+06 6.86E-30 2.14E-04 9.79E-38 1.00E-38
  8.38E+06 8.84E-31 2.13E-04 1.00E-38 1.00E-38
  8.48E+06 1.83E-31 2.12E-04 1.00E-38 1.00E-38
  8.58E+06 6.88E-32 2.10E-04 1.00E-38 1.00E-38
  8.68E+06 3.59E-32 2.09E-04 1.00E-38 1.00E-38
  8.78E+06 2.13E-32 2.07E-04 1.00E-38 1.00E-38
  8.88E+06 1.35E-32 2.05E-04 1.00E-38 1.00E-38
  8.98E+06 8.82E-33 2.03E-04 1.00E-38 1.00E-38
  9.08E+06 5.88E-33 2.00E-04 1.00E-38 1.00E-38
  9.18E+06 3.88E-33 1.98E-04 1.00E-38 1.00E-38
  9.28E+06 2.47E-33 1.95E-04 1.00E-38 1.00E-38
  9.38E+06 1.48E-33 1.91E-04 1.00E-38 1.00E-38
  9.48E+06 8.24E-34 1.88E-04 1.00E-38 1.00E-38
  9.58E+06 4.29E-34 1.84E-04 1.00E-38 1.00E-38
  9.68E+06 2.13E-34 1.80E-04 1.00E-38 1.00E-38
  9.78E+06 1.03E-34 1.76E-04 1.00E-38 1.00E-38
  9.88E+06 4.94E-35 1.71E-04 1.00E-38 1.00E-38
  9.98E+06 2.55E-35 1.66E-04 1.00E-38 1.00E-38

 TP, TL
           3.41E+08 2.77E+11 6.58E+09 0.00E+00
           3.41E+08 1.03E+09 6.51E+09 1.70E-19

     TP = 0.000E+00  TL = 1.703E-19


 OZONE COLUMN DEPTH =  5.9656E+18


 O2, CO, CH4 COLUMN DEPTHs =      4.087E+24     1.685E+18     3.777E+19

 SULFUR COLUMN DEPTHS:  H2S = 2.977E+13  SO2 = 9.308E+15  S2 = 2.911E-12  S4 = 2.865E-39  S8 = 0.000E+00

 SCALED AEROSOL EXTINCTION OPTICAL DEPTHS
     SULFATE = 7.068E-02     S8(VIS) = 2.008E-30     S8(UV) = 4.016E-30

 FH2O AT COLD TRAP = 6.457E-06

 NUMBER DENSITIES OF LONG-LIVED SPECIES


     Z        O        O2       H2O      H        OH       HO2      H2O2     H2       CO       HCO      H2CO     CH4      CH3      C2H6     NO       NO2      HNO      H2S     
  2.50E+04 9.20E+02 4.70E+18 2.85E+17 1.29E-01 1.22E+06 2.87E+08 2.82E+10 1.32E+13 2.74E+12 5.29E-03 6.41E+09 4.48E+13 4.62E-02 2.48E-07 6.07E+07 1.30E+08 3.61E+02 2.11E+08
  1.25E+05 1.11E+03 4.25E+18 1.80E+17 1.37E-01 1.28E+06 2.69E+08 2.75E+10 1.19E+13 2.34E+12 5.40E-03 5.45E+09 4.04E+13 4.26E-02 2.24E-07 6.66E+07 1.25E+08 2.71E+02 8.83E+07
  2.25E+05 1.38E+03 3.84E+18 1.09E+17 1.45E-01 1.36E+06 2.42E+08 2.48E+10 1.08E+13 1.99E+12 5.12E-03 4.32E+09 3.64E+13 3.91E-02 2.02E-07 7.84E+07 1.30E+08 1.52E+02 3.65E+07
  3.25E+05 1.75E+03 3.46E+18 6.06E+16 1.52E-01 1.43E+06 2.10E+08 2.05E+10 9.74E+12 1.70E+12 4.69E-03 3.33E+09 3.28E+13 3.50E-02 1.83E-07 9.65E+07 1.42E+08 8.11E+01 1.49E+07
  4.25E+05 2.21E+03 3.12E+18 3.16E+16 1.55E-01 1.46E+06 1.74E+08 1.57E+10 8.79E+12 1.45E+12 4.10E-03 2.50E+09 2.95E+13 3.02E-02 1.66E-07 1.20E+08 1.54E+08 4.30E+01 6.13E+06
  5.25E+05 2.71E+03 2.81E+18 1.49E+16 1.47E-01 1.41E+06 1.37E+08 1.13E+10 7.93E+12 1.24E+12 3.24E-03 1.74E+09 2.66E+13 2.35E-02 1.52E-07 1.39E+08 1.50E+08 2.17E+01 2.60E+06
  6.25E+05 3.22E+03 2.54E+18 6.23E+15 1.24E-01 1.20E+06 1.02E+08 7.64E+09 7.15E+12 1.07E+12 2.17E-03 1.09E+09 2.40E+13 1.55E-02 1.40E-07 1.36E+08 1.19E+08 9.91E+00 1.18E+06
  7.25E+05 3.74E+03 2.29E+18 2.28E+15 9.76E-02 9.60E+05 7.17E+07 4.92E+09 6.45E+12 9.22E+11 1.33E-03 6.31E+08 2.16E+13 9.19E-03 1.30E-07 1.31E+08 8.91E+07 4.79E+00 5.81E+05
  8.25E+05 4.26E+03 2.06E+18 7.31E+14 8.64E-02 8.66E+05 4.71E+07 3.00E+09 5.80E+12 7.98E+11 8.69E-04 3.72E+08 1.94E+13 5.88E-03 1.22E-07 1.71E+08 8.66E+07 3.19E+00 2.98E+05
  9.25E+05 4.77E+03 1.85E+18 2.05E+14 8.49E-02 8.65E+05 2.92E+07 1.78E+09 5.21E+12 6.93E+11 6.18E-04 2.30E+08 1.74E+13 3.99E-03 1.15E-07 2.60E+08 9.43E+07 2.55E+00 1.59E+05
  1.02E+06 5.50E+03 1.64E+18 6.71E+13 8.57E-02 8.54E+05 1.84E+07 1.03E+09 4.61E+12 5.95E+11 4.63E-04 1.48E+08 1.54E+13 2.87E-03 1.09E-07 3.58E+08 9.58E+07 1.90E+00 8.66E+04
  1.12E+06 7.38E+03 1.41E+18 3.70E+13 8.71E-02 7.94E+05 1.19E+07 5.11E+08 3.97E+12 4.91E+11 3.77E-04 1.04E+08 1.33E+13 2.55E-03 1.07E-07 4.45E+08 1.05E+08 1.16E+00 4.16E+04
  1.22E+06 1.19E+04 1.20E+18 2.52E+13 7.49E-02 6.35E+05 6.01E+06 1.54E+08 3.39E+12 3.88E+11 2.77E-04 6.80E+07 1.13E+13 2.06E-03 1.28E-07 6.08E+08 1.50E+08 5.50E-01 1.35E+04
  1.32E+06 2.11E+04 1.03E+18 2.15E+13 5.64E-02 4.51E+05 2.72E+06 3.33E+07 2.90E+12 3.00E+11 1.86E-04 4.10E+07 9.62E+12 1.53E-03 1.77E-07 8.41E+08 2.49E+08 2.32E-01 3.84E+03
  1.42E+06 4.19E+04 8.75E+17 1.84E+13 4.02E-02 3.12E+05 1.23E+06 4.64E+06 2.46E+12 2.21E+11 1.26E-04 2.46E+07 8.12E+12 1.15E-03 2.79E-07 1.19E+09 4.82E+08 7.84E-02 8.72E+02
  1.52E+06 7.86E+04 7.44E+17 1.58E+13 3.53E-02 2.68E+05 7.98E+05 9.29E+05 2.09E+12 1.60E+11 1.12E-04 1.85E+07 6.82E+12 1.11E-03 4.07E-07 1.49E+09 7.96E+08 2.96E-02 1.90E+02
  1.62E+06 1.42E+05 6.32E+17 1.36E+13 3.45E-02 2.57E+05 6.49E+05 4.32E+05 1.76E+12 1.14E+11 1.15E-04 1.58E+07 5.69E+12 1.23E-03 5.63E-07 1.74E+09 1.18E+09 2.29E-02 3.70E+01
  1.72E+06 2.43E+05 5.36E+17 1.18E+13 3.65E-02 2.67E+05 6.21E+05 3.56E+05 1.49E+12 8.01E+10 1.28E-04 1.46E+07 4.72E+12 1.49E-03 7.34E-07 1.90E+09 1.57E+09 3.14E-02 6.49E+00
  1.82E+06 3.97E+05 4.55E+17 1.02E+13 4.12E-02 2.93E+05 6.67E+05 3.83E+05 1.25E+12 5.65E+10 1.51E-04 1.42E+07 3.90E+12 1.90E-03 9.08E-07 1.98E+09 1.90E+09 4.40E-02 1.05E+00
  1.92E+06 6.28E+05 3.86E+17 8.87E+12 4.93E-02 3.34E+05 7.81E+05 4.87E+05 1.05E+12 4.02E+10 1.84E-04 1.42E+07 3.21E+12 2.51E-03 1.09E-06 1.99E+09 2.18E+09 5.13E-02 1.53E-01
  2.02E+06 9.67E+05 3.27E+17 7.70E+12 6.26E-02 3.93E+05 9.71E+05 6.95E+05 8.83E+11 2.92E+10 2.32E-04 1.45E+07 2.63E+12 3.42E-03 1.26E-06 1.95E+09 2.37E+09 4.82E-02 2.05E-02
  2.12E+06 1.45E+06 2.78E+17 6.70E+12 8.37E-02 4.74E+05 1.25E+06 1.06E+06 7.40E+11 2.18E+10 2.97E-04 1.50E+07 2.15E+12 4.74E-03 1.44E-06 1.89E+09 2.49E+09 4.30E-02 2.54E-03
  2.22E+06 2.14E+06 2.36E+17 5.83E+12 1.17E-01 5.83E+05 1.65E+06 1.65E+06 6.20E+11 1.67E+10 3.86E-04 1.57E+07 1.76E+12 6.69E-03 1.62E-06 1.83E+09 2.58E+09 3.83E-02 2.87E-04
  2.32E+06 3.11E+06 2.00E+17 5.07E+12 1.70E-01 7.27E+05 2.17E+06 2.57E+06 5.19E+11 1.32E+10 5.08E-04 1.64E+07 1.44E+12 9.55E-03 1.83E-06 1.78E+09 2.65E+09 3.50E-02 3.53E-05
  2.42E+06 4.45E+06 1.70E+17 4.42E+12 2.56E-01 9.19E+05 2.82E+06 3.88E+06 4.34E+11 1.06E+10 6.74E-04 1.71E+07 1.17E+12 1.37E-02 2.07E-06 1.75E+09 2.71E+09 3.40E-02 1.16E-05
  2.52E+06 6.28E+06 1.45E+17 3.85E+12 3.96E-01 1.17E+06 3.63E+06 5.64E+06 3.63E+11 8.72E+09 8.99E-04 1.78E+07 9.54E+11 1.98E-02 2.37E-06 1.74E+09 2.75E+09 3.55E-02 1.06E-05
  2.62E+06 8.72E+06 1.23E+17 3.36E+12 6.32E-01 1.49E+06 4.58E+06 7.81E+06 3.04E+11 7.28E+09 1.20E-03 1.83E+07 7.76E+11 2.87E-02 2.77E-06 1.74E+09 2.76E+09 4.01E-02 1.08E-05
  2.72E+06 1.20E+07 1.05E+17 2.93E+12 1.03E+00 1.88E+06 5.65E+06 1.02E+07 2.54E+11 6.14E+09 1.59E-03 1.87E+07 6.31E+11 4.15E-02 3.32E-06 1.75E+09 2.75E+09 4.81E-02 1.03E-05
  2.82E+06 1.62E+07 8.98E+16 2.56E+12 1.74E+00 2.35E+06 6.80E+06 1.26E+07 2.12E+11 5.23E+09 2.10E-03 1.87E+07 5.11E+11 5.97E-02 4.05E-06 1.76E+09 2.69E+09 5.98E-02 9.25E-06
  2.92E+06 2.18E+07 7.67E+16 2.24E+12 3.01E+00 2.89E+06 7.93E+06 1.46E+07 1.76E+11 4.50E+09 2.71E-03 1.85E+07 4.14E+11 8.53E-02 5.07E-06 1.76E+09 2.59E+09 7.57E-02 7.74E-06
  3.02E+06 2.90E+07 6.55E+16 1.95E+12 5.32E+00 3.47E+06 8.96E+06 1.59E+07 1.47E+11 3.90E+09 3.43E-03 1.79E+07 3.34E+11 1.21E-01 6.54E-06 1.75E+09 2.44E+09 9.60E-02 6.05E-06
  3.12E+06 3.83E+07 5.60E+16 1.71E+12 9.52E+00 4.07E+06 9.81E+06 1.63E+07 1.22E+11 3.40E+09 4.25E-03 1.71E+07 2.68E+11 1.69E-01 8.57E-06 1.73E+09 2.25E+09 1.21E-01 4.50E-06
  3.22E+06 5.01E+07 4.79E+16 1.49E+12 1.72E+01 4.66E+06 1.04E+07 1.59E+07 1.01E+11 2.98E+09 5.13E-03 1.61E+07 2.16E+11 2.32E-01 1.14E-05 1.68E+09 2.01E+09 1.50E-01 3.25E-06
  3.32E+06 6.54E+07 4.10E+16 1.30E+12 3.11E+01 5.23E+06 1.08E+07 1.47E+07 8.37E+10 2.62E+09 6.05E-03 1.50E+07 1.73E+11 3.15E-01 1.54E-05 1.61E+09 1.76E+09 1.84E-01 2.29E-06
  3.42E+06 8.49E+07 3.52E+16 1.14E+12 5.64E+01 5.78E+06 1.09E+07 1.32E+07 6.94E+10 2.31E+09 7.00E-03 1.38E+07 1.38E+11 4.21E-01 2.09E-05 1.53E+09 1.50E+09 2.22E-01 1.62E-06
  3.52E+06 1.10E+08 3.03E+16 9.98E+11 1.02E+02 6.33E+06 1.08E+07 1.14E+07 5.77E+10 2.03E+09 7.98E-03 1.25E+07 1.10E+11 5.56E-01 2.84E-05 1.44E+09 1.25E+09 2.64E-01 1.17E-06
  3.62E+06 1.42E+08 2.61E+16 8.75E+11 1.86E+02 6.91E+06 1.06E+07 9.60E+06 4.80E+10 1.79E+09 9.02E-03 1.12E+07 8.84E+10 7.27E-01 3.85E-05 1.34E+09 1.01E+09 3.11E-01 8.82E-07
  3.72E+06 1.84E+08 2.25E+16 7.68E+11 3.41E+02 7.55E+06 1.02E+07 7.91E+06 4.01E+10 1.57E+09 1.01E-02 1.00E+07 7.08E+10 9.45E-01 5.17E-05 1.23E+09 8.02E+08 3.63E-01 6.94E-07
  3.82E+06 2.39E+08 1.95E+16 6.74E+11 6.28E+02 8.27E+06 9.75E+06 6.40E+06 3.36E+10 1.38E+09 1.14E-02 8.91E+06 5.68E+10 1.22E+00 6.91E-05 1.13E+09 6.20E+08 4.22E-01 5.62E-07
  3.92E+06 3.10E+08 1.69E+16 5.92E+11 1.16E+03 9.10E+06 9.26E+06 5.12E+06 2.84E+10 1.20E+09 1.28E-02 7.86E+06 4.57E+10 1.58E+00 9.18E-05 1.03E+09 4.66E+08 4.89E-01 4.63E-07
  4.02E+06 4.03E+08 1.47E+16 5.21E+11 2.16E+03 1.00E+07 8.76E+06 4.09E+06 2.40E+10 1.05E+09 1.44E-02 6.88E+06 3.68E+10 2.03E+00 1.20E-04 9.29E+08 3.39E+08 5.61E-01 3.83E-07
  4.12E+06 5.24E+08 1.28E+16 4.59E+11 3.98E+03 1.10E+07 8.30E+06 3.28E+06 2.05E+10 9.23E+08 1.61E-02 5.96E+06 2.98E+10 2.59E+00 1.57E-04 8.34E+08 2.38E+08 6.35E-01 3.18E-07
  4.22E+06 6.78E+08 1.12E+16 4.04E+11 7.22E+03 1.20E+07 7.88E+06 2.66E+06 1.77E+10 8.09E+08 1.78E-02 5.09E+06 2.42E+10 3.25E+00 2.01E-04 7.43E+08 1.61E+08 7.03E-01 2.67E-07
  4.32E+06 8.66E+08 9.78E+15 3.56E+11 1.26E+04 1.28E+07 7.51E+06 2.20E+06 1.54E+10 7.12E+08 1.92E-02 4.28E+06 1.98E+10 3.96E+00 2.52E-04 6.54E+08 1.05E+08 7.53E-01 2.28E-07
  4.42E+06 1.08E+09 8.59E+15 3.15E+11 2.11E+04 1.33E+07 7.16E+06 1.85E+06 1.35E+10 6.28E+08 2.01E-02 3.55E+06 1.64E+10 4.68E+00 3.09E-04 5.71E+08 6.67E+07 7.78E-01 1.98E-07
  4.52E+06 1.32E+09 7.56E+15 2.78E+11 3.35E+04 1.36E+07 6.83E+06 1.58E+06 1.20E+10 5.58E+08 2.04E-02 2.91E+06 1.36E+10 5.32E+00 3.70E-04 4.93E+08 4.15E+07 7.76E-01 1.76E-07
  4.62E+06 1.57E+09 6.67E+15 2.46E+11 5.04E+04 1.35E+07 6.49E+06 1.36E+06 1.08E+10 4.99E+08 2.01E-02 2.35E+06 1.14E+10 5.84E+00 4.35E-04 4.21E+08 2.55E+07 7.47E-01 1.58E-07
  4.72E+06 1.81E+09 5.90E+15 2.18E+11 7.22E+04 1.32E+07 6.13E+06 1.17E+06 9.82E+09 4.50E+08 1.93E-02 1.90E+06 9.64E+09 6.19E+00 5.02E-04 3.58E+08 1.56E+07 7.01E-01 1.45E-07
  4.82E+06 2.04E+09 5.22E+15 1.94E+11 9.91E+04 1.27E+07 5.77E+06 1.01E+06 8.99E+09 4.11E+08 1.81E-02 1.52E+06 8.21E+09 6.38E+00 5.75E-04 3.03E+08 9.57E+06 6.43E-01 1.33E-07
  4.92E+06 2.25E+09 4.62E+15 1.72E+11 1.31E+05 1.21E+07 5.39E+06 8.74E+05 8.28E+09 3.80E+08 1.67E-02 1.22E+06 7.03E+09 6.47E+00 6.53E-04 2.55E+08 5.87E+06 5.79E-01 1.22E-07
  5.02E+06 2.44E+09 4.09E+15 1.52E+11 1.70E+05 1.13E+07 4.99E+06 7.47E+05 7.65E+09 3.57E+08 1.52E-02 9.81E+05 6.04E+09 6.52E+00 7.39E-04 2.13E+08 3.62E+06 5.13E-01 1.11E-07
  5.12E+06 2.61E+09 3.62E+15 1.34E+11 2.14E+05 1.05E+07 4.60E+06 6.34E+05 7.10E+09 3.41E+08 1.38E-02 7.86E+05 5.21E+09 6.53E+00 8.35E-04 1.78E+08 2.25E+06 4.48E-01 9.94E-08
  5.22E+06 2.77E+09 3.20E+15 1.18E+11 2.67E+05 9.68E+06 4.21E+06 5.35E+05 6.60E+09 3.32E+08 1.24E-02 6.30E+05 4.50E+09 6.50E+00 9.41E-04 1.48E+08 1.40E+06 3.88E-01 8.82E-08
  5.32E+06 2.90E+09 2.82E+15 1.04E+11 3.27E+05 8.87E+06 3.84E+06 4.50E+05 6.16E+09 3.28E+08 1.11E-02 5.05E+05 3.89E+09 6.44E+00 1.06E-03 1.23E+08 8.82E+05 3.34E-01 7.76E-08
  5.42E+06 3.03E+09 2.49E+15 9.16E+10 3.98E+05 8.11E+06 3.50E+06 3.77E+05 5.75E+09 3.29E+08 9.89E-03 4.04E+05 3.38E+09 6.36E+00 1.19E-03 1.02E+08 5.57E+05 2.86E-01 6.78E-08
  5.52E+06 3.14E+09 2.20E+15 8.05E+10 4.81E+05 7.39E+06 3.18E+06 3.15E+05 5.39E+09 3.35E+08 8.80E-03 3.23E+05 2.93E+09 6.27E+00 1.33E-03 8.41E+07 3.53E+05 2.43E-01 5.90E-08
  5.62E+06 3.24E+09 1.94E+15 7.07E+10 5.79E+05 6.73E+06 2.89E+06 2.64E+05 5.05E+09 3.44E+08 7.81E-03 2.58E+05 2.54E+09 6.16E+00 1.47E-03 6.93E+07 2.25E+05 2.07E-01 5.13E-08
  5.72E+06 3.34E+09 1.71E+15 6.20E+10 6.95E+05 6.12E+06 2.62E+06 2.21E+05 4.74E+09 3.57E+08 6.92E-03 2.06E+05 2.21E+09 6.04E+00 1.63E-03 5.70E+07 1.44E+05 1.75E-01 4.46E-08
  5.82E+06 3.42E+09 1.50E+15 5.42E+10 8.33E+05 5.58E+06 2.38E+06 1.85E+05 4.46E+09 3.73E+08 6.12E-03 1.64E+05 1.92E+09 5.91E+00 1.80E-03 4.68E+07 9.27E+04 1.48E-01 3.88E-08
  5.92E+06 3.50E+09 1.32E+15 4.74E+10 9.97E+05 5.09E+06 2.16E+06 1.56E+05 4.20E+09 3.91E+08 5.40E-03 1.31E+05 1.66E+09 5.76E+00 1.96E-03 3.84E+07 6.00E+04 1.26E-01 3.40E-08
  6.02E+06 3.56E+09 1.16E+15 4.14E+10 1.19E+06 4.64E+06 1.97E+06 1.31E+05 3.95E+09 4.10E+08 4.75E-03 1.04E+05 1.44E+09 5.58E+00 2.14E-03 3.14E+07 3.91E+04 1.07E-01 3.01E-08
  6.12E+06 3.62E+09 1.02E+15 3.61E+10 1.43E+06 4.25E+06 1.80E+06 1.12E+05 3.73E+09 4.31E+08 4.17E-03 8.28E+04 1.25E+09 5.38E+00 2.31E-03 2.56E+07 2.56E+04 9.04E-02 2.68E-08
  6.22E+06 3.66E+09 8.95E+14 3.14E+10 1.71E+06 3.89E+06 1.65E+06 9.50E+04 3.52E+09 4.52E+08 3.65E-03 6.57E+04 1.08E+09 5.15E+00 2.48E-03 2.09E+07 1.69E+04 7.69E-02 2.42E-08
  6.32E+06 3.69E+09 7.85E+14 2.73E+10 2.06E+06 3.57E+06 1.51E+06 8.14E+04 3.33E+09 4.74E+08 3.19E-03 5.20E+04 9.35E+08 4.89E+00 2.65E-03 1.71E+07 1.13E+04 6.55E-02 2.21E-08
  6.42E+06 3.72E+09 6.87E+14 2.37E+10 2.47E+06 3.28E+06 1.39E+06 7.00E+04 3.15E+09 4.95E+08 2.78E-03 4.10E+04 8.06E+08 4.61E+00 2.82E-03 1.39E+07 7.62E+03 5.59E-02 2.04E-08
  6.52E+06 3.73E+09 6.02E+14 2.05E+10 2.97E+06 3.02E+06 1.28E+06 6.05E+04 2.98E+09 5.16E+08 2.41E-03 3.23E+04 6.94E+08 4.29E+00 2.99E-03 1.13E+07 5.19E+03 4.78E-02 1.90E-08
  6.62E+06 3.74E+09 5.27E+14 1.77E+10 3.58E+06 2.79E+06 1.18E+06 5.25E+04 2.82E+09 5.37E+08 2.10E-03 2.54E+04 5.96E+08 3.96E+00 3.15E-03 9.18E+06 3.58E+03 4.10E-02 1.78E-08
  6.72E+06 3.75E+09 4.60E+14 1.53E+10 4.33E+06 2.58E+06 1.09E+06 4.59E+04 2.67E+09 5.56E+08 1.84E-03 1.99E+04 5.11E+08 3.62E+00 3.30E-03 7.46E+06 2.49E+03 3.53E-02 1.70E-08
  6.82E+06 3.74E+09 4.02E+14 1.31E+10 5.26E+06 2.40E+06 1.02E+06 4.06E+04 2.53E+09 5.75E+08 1.65E-03 1.58E+04 4.36E+08 3.30E+00 3.45E-03 6.07E+06 1.76E+03 3.05E-02 1.65E-08
  6.92E+06 3.71E+09 3.51E+14 1.12E+10 6.41E+06 2.25E+06 9.56E+05 3.67E+04 2.40E+09 5.92E+08 1.60E-03 1.30E+04 3.71E+08 3.07E+00 3.58E-03 4.94E+06 1.27E+03 2.67E-02 1.67E-08
  7.02E+06 3.63E+09 3.06E+14 9.58E+09 7.89E+06 2.14E+06 9.14E+05 3.45E+04 2.28E+09 6.07E+08 1.79E-03 1.16E+04 3.15E+08 3.07E+00 3.71E-03 4.03E+06 9.52E+02 2.39E-02 1.81E-08
  7.12E+06 3.49E+09 2.66E+14 8.15E+09 9.83E+06 2.08E+06 9.00E+05 3.43E+04 2.16E+09 6.21E+08 2.43E-03 1.20E+04 2.65E+08 3.53E+00 3.82E-03 3.29E+06 7.46E+02 2.20E-02 2.18E-08
  7.22E+06 3.29E+09 2.31E+14 6.90E+09 1.24E+07 2.10E+06 9.17E+05 3.61E+04 2.05E+09 6.33E+08 3.79E-03 1.46E+04 2.23E+08 4.75E+00 3.92E-03 2.70E+06 6.21E+02 2.12E-02 2.94E-08
  7.32E+06 3.04E+09 2.01E+14 5.82E+09 1.60E+07 2.17E+06 9.64E+05 3.98E+04 1.95E+09 6.44E+08 6.18E-03 1.94E+04 1.86E+08 7.12E+00 4.00E-03 2.22E+06 5.47E+02 2.11E-02 4.30E-08
  7.42E+06 2.81E+09 1.74E+14 4.88E+09 2.10E+07 2.29E+06 1.03E+06 4.46E+04 1.84E+09 6.53E+08 9.88E-03 2.64E+04 1.54E+08 1.09E+01 4.06E-03 1.84E+06 4.95E+02 2.15E-02 6.32E-08
  7.52E+06 2.64E+09 1.50E+14 4.04E+09 2.80E+07 2.39E+06 1.08E+06 4.88E+04 1.74E+09 6.57E+08 1.51E-02 3.43E+04 1.26E+08 1.61E+01 4.06E-03 1.52E+06 4.39E+02 2.18E-02 8.73E-08
  7.62E+06 2.54E+09 1.30E+14 3.34E+09 3.77E+07 2.47E+06 1.12E+06 5.20E+04 1.64E+09 6.61E+08 2.18E-02 4.23E+04 1.02E+08 2.21E+01 4.01E-03 1.27E+06 3.79E+02 2.19E-02 1.13E-07
  7.72E+06 2.49E+09 1.12E+14 2.73E+09 5.11E+07 2.54E+06 1.15E+06 5.41E+04 1.54E+09 6.64E+08 2.97E-02 4.93E+04 8.25E+07 2.80E+01 3.86E-03 1.07E+06 3.20E+02 2.20E-02 1.40E-07
  7.82E+06 2.47E+09 9.67E+13 2.22E+09 7.08E+07 2.63E+06 1.19E+06 5.44E+04 1.44E+09 6.64E+08 3.83E-02 5.41E+04 6.61E+07 3.29E+01 3.59E-03 9.09E+05 2.68E+02 2.25E-02 1.65E-07
  7.92E+06 2.63E+09 8.35E+13 1.79E+09 1.03E+08 2.69E+06 1.20E+06 4.97E+04 1.34E+09 6.63E+08 4.69E-02 5.49E+04 5.25E+07 3.44E+01 3.18E-03 7.78E+05 2.09E+02 2.28E-02 1.60E-07
  8.02E+06 3.67E+09 7.20E+13 1.43E+09 1.58E+08 2.27E+06 9.81E+05 3.49E+04 1.23E+09 6.59E+08 5.58E-02 4.84E+04 4.15E+07 2.64E+01 2.65E-03 6.72E+05 1.08E+02 1.88E-02 8.23E-08
  8.12E+06 7.34E+09 6.22E+13 1.12E+09 2.36E+08 1.38E+06 5.52E+05 1.72E+04 1.11E+09 6.54E+08 6.58E-02 3.38E+04 3.24E+07 1.34E+01 2.12E-03 5.85E+05 3.08E+01 1.06E-02 1.71E-08
  8.22E+06 1.62E+10 5.37E+13 8.68E+08 3.18E+08 7.49E+05 2.54E+05 6.56E+03 9.88E+08 6.45E+08 7.48E-02 1.85E+04 2.51E+07 5.80E+00 1.64E-03 5.16E+05 7.45E+00 4.95E-03 1.93E-09
  8.32E+06 3.29E+10 4.63E+13 6.65E+08 3.85E+08 4.29E+05 1.14E+05 2.18E+03 8.69E+08 6.32E+08 7.97E-02 9.19E+03 1.93E+07 2.62E+00 1.24E-03 4.64E+05 2.50E+00 2.30E-03 1.50E-10
  8.42E+06 5.94E+10 3.99E+13 5.05E+08 4.31E+08 2.65E+05 5.30E+04 6.64E+02 7.59E+08 6.14E+08 8.09E-02 4.69E+03 1.47E+07 1.29E+00 9.20E-04 4.26E+05 1.31E+00 1.13E-03 8.72E-12
  8.52E+06 9.72E+10 3.44E+13 3.80E+08 4.55E+08 1.74E+05 2.55E+04 1.86E+02 6.60E+08 5.92E+08 7.91E-02 2.53E+03 1.12E+07 6.83E-01 6.62E-04 4.01E+05 9.09E-01 5.95E-04 4.08E-13
  8.62E+06 1.46E+11 2.97E+13 2.83E+08 4.60E+08 1.18E+05 1.28E+04 4.80E+01 5.72E+08 5.67E+08 7.47E-02 1.44E+03 8.38E+06 3.85E-01 4.63E-04 3.88E+05 7.14E-01 3.33E-04 1.84E-14
  8.72E+06 2.05E+11 2.56E+13 2.10E+08 4.50E+08 8.15E+04 6.64E+03 1.15E+01 4.95E+08 5.38E+08 6.81E-02 8.57E+02 6.26E+06 2.28E-01 3.14E-04 3.84E+05 5.97E-01 1.99E-04 1.10E-15
  8.82E+06 2.72E+11 2.20E+13 1.54E+08 4.29E+08 5.69E+04 3.56E+03 2.55E+00 4.27E+08 5.08E+08 6.02E-02 5.32E+02 4.65E+06 1.41E-01 2.07E-04 3.90E+05 5.17E-01 1.26E-04 1.03E-16
  8.92E+06 3.44E+11 1.89E+13 1.13E+08 4.02E+08 3.99E+04 1.96E+03 5.38E-01 3.68E+08 4.76E+08 5.18E-02 3.42E+02 3.43E+06 9.03E-02 1.33E-04 4.03E+05 4.58E-01 8.33E-05 1.32E-17
  9.02E+06 4.16E+11 1.63E+13 8.23E+07 3.71E+08 2.80E+04 1.11E+03 1.10E-01 3.17E+08 4.44E+08 4.35E-02 2.26E+02 2.52E+06 5.98E-02 8.37E-05 4.21E+05 4.11E-01 5.73E-05 2.06E-18
  9.12E+06 4.85E+11 1.40E+13 5.96E+07 3.38E+08 1.96E+04 6.45E+02 2.32E-02 2.73E+08 4.11E+08 3.60E-02 1.54E+02 1.85E+06 4.07E-02 5.15E-05 4.39E+05 3.69E-01 4.03E-05 3.73E-19
  9.22E+06 5.49E+11 1.20E+13 4.30E+07 3.05E+08 1.36E+04 3.82E+02 5.26E-03 2.35E+08 3.79E+08 2.94E-02 1.08E+02 1.35E+06 2.85E-02 3.12E-05 4.50E+05 3.26E-01 2.86E-05 7.70E-20
  9.32E+06 6.04E+11 1.03E+13 3.10E+07 2.74E+08 9.45E+03 2.31E+02 1.36E-03 2.03E+08 3.47E+08 2.38E-02 7.74E+01 9.83E+05 2.04E-02 1.87E-05 4.48E+05 2.80E-01 2.01E-05 1.78E-20
  9.42E+06 6.48E+11 8.77E+12 2.23E+07 2.44E+08 6.52E+03 1.42E+02 4.05E-04 1.75E+08 3.16E+08 1.93E-02 5.68E+01 7.18E+05 1.50E-02 1.12E-05 4.29E+05 2.31E-01 1.38E-05 4.57E-21
  9.52E+06 6.80E+11 7.50E+12 1.61E+07 2.16E+08 4.48E+03 8.86E+01 1.36E-04 1.51E+08 2.86E+08 1.58E-02 4.28E+01 5.28E+05 1.13E-02 6.69E-06 3.94E+05 1.83E-01 9.25E-06 1.28E-21
  9.62E+06 7.00E+11 6.41E+12 1.17E+07 1.91E+08 3.06E+03 5.62E+01 5.04E-05 1.30E+08 2.58E+08 1.32E-02 3.33E+01 3.93E+05 8.78E-03 4.05E-06 3.50E+05 1.40E-01 6.10E-06 3.93E-22
  9.72E+06 7.07E+11 5.48E+12 8.71E+06 1.68E+08 2.08E+03 3.62E+01 2.00E-05 1.12E+08 2.30E+08 1.13E-02 2.71E+01 2.99E+05 7.13E-03 2.52E-06 3.04E+05 1.05E-01 4.00E-06 1.31E-22
  9.82E+06 6.99E+11 4.68E+12 6.67E+06 1.47E+08 1.41E+03 2.37E+01 8.44E-06 9.66E+07 2.05E+08 1.01E-02 2.34E+01 2.35E+05 6.15E-03 1.66E-06 2.62E+05 7.83E-02 2.64E-06 4.75E-23
  9.92E+06 6.73E+11 4.00E+12 5.36E+06 1.28E+08 9.57E+02 1.59E+01 3.98E-06 8.35E+07 1.80E+08 9.84E-03 2.23E+01 1.94E+05 5.85E-03 1.20E-06 2.24E+05 5.80E-02 1.77E-06 1.94E-23

     Z        HS       S        SO       SO2      H2SO4    HSO      S2       S4       S8       SO3      OCS      S3       O3       HNO3     N        NO3      N2O      HO2NO2  
  2.50E+04 3.98E+02 2.97E-13 4.07E+00 1.56E+09 1.05E+08 1.06E+07 2.73E-17 4.00E-44 1.20E-88 4.31E-02 8.38E-03 1.88E-41 3.33E+11 8.04E+08 2.71-202 1.21E+04 7.46E+12 2.85E+06
  1.25E+05 1.86E+02 7.13E-14 2.75E+00 2.81E+09 1.95E+08 7.19E+06 8.19E-18 3.20E-45 1.09E-88 1.35E-01 7.57E-03 1.17E-42 3.37E+11 9.15E+08 8.10-189 1.07E+04 6.75E+12 5.44E+06
  2.25E+05 8.51E+01 1.64E-14 1.66E+00 3.54E+09 2.71E+08 3.41E+06 1.63E-18 1.12E-46 9.83E-89 3.09E-01 6.83E-03 4.63E-44 3.56E+11 1.08E+09 1.21-175 1.07E+04 6.10E+12 1.19E+07
  3.25E+05 3.76E+01 3.54E-15 9.53E-01 3.99E+09 3.28E+08 1.49E+06 2.69E-19 2.69E-48 8.87E-89 7.14E-01 6.15E-03 1.42E-45 3.81E+11 1.23E+09 8.56-163 1.12E+04 5.50E+12 2.77E+07
  4.25E+05 1.63E+01 7.34E-16 5.45E-01 4.29E+09 3.62E+08 6.34E+05 3.91E-20 5.07E-50 7.99E-89 1.66E+00 5.54E-03 3.75E-47 4.07E+11 1.32E+09 2.76-150 1.17E+04 4.95E+12 6.83E+07
  5.25E+05 6.85E+00 1.44E-16 3.13E-01 4.53E+09 3.67E+08 2.76E+05 5.20E-21 7.96E-52 7.20E-89 3.94E+00 4.99E-03 8.55E-49 4.30E+11 1.32E+09 3.70-138 1.12E+04 4.46E+12 1.67E+08
  6.25E+05 2.74E+00 2.59E-17 1.78E-01 4.72E+09 3.40E+08 1.28E+05 6.43E-22 1.08E-53 6.50E-89 9.22E+00 4.50E-03 1.67E-50 4.47E+11 1.24E+09 1.84-126 9.76E+03 4.02E+12 3.31E+08
  7.25E+05 1.13E+00 4.98E-18 1.09E-01 4.85E+09 3.01E+08 6.35E+04 7.48E-23 1.30E-55 5.86E-89 2.29E+01 4.05E-03 3.27E-52 4.59E+11 1.14E+09 2.92-115 8.69E+03 3.63E+12 4.62E+08
  8.25E+05 5.48E-01 1.38E-18 8.19E-02 4.86E+09 2.78E+08 3.25E+04 8.30E-24 1.42E-57 5.27E-89 7.15E+01 3.64E-03 8.87E-54 4.65E+11 1.06E+09 1.27-104 8.47E+03 3.26E+12 4.78E+08
  9.25E+05 3.09E-01 5.39E-19 7.45E-02 4.76E+09 2.67E+08 1.70E+04 9.02E-25 1.49E-59 4.73E-89 2.76E+02 3.27E-03 3.30E-55 4.65E+11 9.99E+08 1.29E-94 8.57E+03 2.93E+12 4.02E+08
  1.02E+06 1.79E-01 2.47E-19 6.55E-02 4.57E+09 2.52E+08 9.22E+03 9.35E-26 1.40E-61 4.19E-89 8.94E+02 2.89E-03 1.36E-56 4.58E+11 9.45E+08 3.23E-85 8.47E+03 2.59E+12 3.02E+08
  1.12E+06 8.43E-02 1.23E-19 3.90E-02 4.47E+09 2.27E+08 4.49E+03 6.63E-27 6.02E-64 3.60E-89 1.93E+03 2.48E-03 4.08E-58 4.62E+11 9.41E+08 7.21E-76 7.54E+03 2.23E+12 2.12E+08
  1.22E+06 2.04E-02 1.66E-19 2.64E-02 4.99E+09 1.97E+08 1.53E+03 6.71E-28 5.21E-66 3.08E-89 3.08E+03 2.11E-03 4.67E-59 5.46E+11 1.15E+09 5.46E-66 6.98E+03 1.90E+12 1.49E+08
  1.32E+06 3.52E-03 3.18E-18 1.06E-01 5.90E+09 1.60E+08 4.53E+02 1.81E-27 3.20E-65 2.63E-89 3.08E+03 1.78E-03 2.03E-57 7.04E+11 1.59E+09 1.65E-56 6.95E+03 1.61E+12 1.17E+08
  1.42E+06 4.20E-04 8.51E-17 5.96E-01 7.07E+09 1.27E+08 9.99E+01 5.63E-27 2.62E-64 2.24E-89 3.21E+03 1.49E-03 1.43E-55 1.00E+12 2.48E+09 4.02E-48 8.72E+03 1.36E+12 1.06E+08
  1.52E+06 6.16E-05 1.46E-15 2.50E+00 7.35E+09 1.07E+08 2.38E+01 1.41E-26 1.39E-63 1.90E-89 3.74E+03 1.22E-03 5.15E-54 1.33E+12 3.52E+09 5.71E-41 1.29E+04 1.13E+12 1.08E+08
  1.62E+06 9.28E-06 1.67E-14 7.95E+00 6.69E+09 8.77E+07 1.38E+01 2.80E-26 4.60E-63 1.61E-89 4.38E+03 9.89E-04 9.77E-53 1.70E+12 4.70E+09 7.01E-35 1.98E+04 9.39E+11 1.18E+08
  1.72E+06 1.44E-06 1.31E-13 1.95E+01 5.30E+09 6.74E+07 2.02E+01 6.12E-26 1.85E-62 1.37E-89 4.88E+03 7.88E-04 1.42E-51 2.06E+12 5.82E+09 1.06E-29 2.92E+04 7.71E+11 1.32E+08
  1.82E+06 2.79E-07 7.26E-13 3.67E+01 3.59E+09 4.65E+07 3.02E+01 1.75E-25 1.27E-61 1.16E-89 4.99E+03 6.17E-04 1.88E-50 2.36E+12 6.74E+09 2.75E-25 4.04E+04 6.28E+11 1.48E+08
  1.92E+06 1.76E-07 2.74E-12 5.11E+01 1.98E+09 2.71E+07 3.61E+01 4.75E-25 7.93E-61 9.80E-90 4.40E+03 4.74E-04 1.63E-49 2.63E+12 7.41E+09 1.59E-21 5.31E+04 5.07E+11 1.66E+08
  2.02E+06 2.67E-07 7.14E-12 5.27E+01 8.76E+08 1.30E+07 3.35E+01 1.00E-24 2.99E-60 8.29E-90 3.27E+03 3.58E-04 7.54E-49 2.82E+12 7.73E+09 2.59E-18 6.65E+04 4.07E+11 1.84E+08
  2.12E+06 4.33E-07 1.58E-11 4.90E+01 3.75E+08 6.15E+06 2.88E+01 1.93E-24 9.34E-60 7.02E-90 2.46E+03 2.65E-04 2.71E-48 2.96E+12 7.71E+09 1.45E-15 8.01E+04 3.25E+11 2.00E+08
  2.22E+06 6.54E-07 3.10E-11 4.28E+01 1.60E+08 2.94E+06 2.36E+01 3.49E-24 2.59E-59 5.94E-90 1.89E+03 1.92E-04 8.12E-48 3.04E+12 7.41E+09 3.36E-13 9.41E+04 2.58E+11 2.13E+08
  2.32E+06 9.17E-07 5.51E-11 3.55E+01 6.85E+07 1.43E+06 1.84E+01 5.94E-24 6.34E-59 5.04E-90 1.49E+03 1.37E-04 2.08E-47 3.07E+12 6.87E+09 3.75E-11 1.08E+05 2.04E+11 2.19E+08
  2.42E+06 1.19E-06 8.94E-11 2.82E+01 2.93E+07 7.01E+05 1.37E+01 9.25E-24 1.30E-58 4.27E-90 1.18E+03 9.45E-05 4.46E-47 3.05E+12 6.17E+09 2.29E-09 1.21E+05 1.60E+11 2.18E+08
  2.52E+06 1.44E-06 1.34E-10 2.14E+01 1.25E+07 3.47E+05 9.66E+00 1.29E-23 2.16E-58 3.63E-90 9.40E+02 6.35E-05 7.91E-47 2.99E+12 5.37E+09 8.48E-08 1.33E+05 1.25E+11 2.07E+08
  2.62E+06 1.63E-06 1.85E-10 1.56E+01 5.31E+06 1.78E+05 6.50E+00 1.59E-23 2.79E-58 3.09E-90 7.46E+02 4.12E-05 1.15E-46 2.87E+12 4.54E+09 2.03E-06 1.44E+05 9.72E+10 1.88E+08
  2.72E+06 1.72E-06 2.37E-10 1.09E+01 2.25E+06 1.07E+05 4.14E+00 1.71E-23 2.74E-58 2.62E-90 5.88E+02 2.55E-05 1.34E-46 2.72E+12 3.72E+09 3.32E-05 1.51E+05 7.49E+10 1.64E+08
  2.82E+06 1.71E-06 2.84E-10 7.42E+00 9.62E+05 1.10E+05 2.52E+00 1.63E-23 2.11E-58 2.23E-90 4.66E+02 1.51E-05 1.31E-46 2.53E+12 2.95E+09 3.84E-04 1.55E+05 5.72E+10 1.36E+08
  2.92E+06 1.61E-06 3.22E-10 4.93E+00 4.17E+05 2.03E+05 1.47E+00 1.38E-23 1.30E-58 1.90E-90 3.73E+02 8.47E-06 1.07E-46 2.31E+12 2.27E+09 3.23E-03 1.55E+05 4.34E+10 1.07E+08
  3.02E+06 1.42E-06 3.44E-10 3.19E+00 1.83E+05 3.43E+05 8.19E-01 1.04E-23 6.31E-59 1.62E-90 3.01E+02 4.41E-06 7.37E-47 2.07E+12 1.69E+09 2.05E-02 1.51E+05 3.26E+10 8.02E+07
  3.12E+06 1.21E-06 3.54E-10 2.05E+00 8.36E+04 3.66E+05 4.44E-01 7.27E-24 2.63E-59 1.38E-90 2.49E+02 2.14E-06 4.53E-47 1.83E+12 1.21E+09 9.98E-02 1.43E+05 2.42E+10 5.74E+07
  3.22E+06 1.00E-06 3.58E-10 1.34E+00 4.00E+04 3.44E+05 2.38E-01 4.86E-24 1.00E-59 1.18E-90 2.13E+02 9.67E-07 2.62E-47 1.59E+12 8.40E+08 3.86E-01 1.33E+05 1.79E+10 3.92E+07
  3.32E+06 8.16E-07 3.59E-10 8.97E-01 2.02E+04 3.09E+05 1.28E-01 3.17E-24 3.65E-60 1.00E-90 1.87E+02 3.98E-07 1.46E-47 1.37E+12 5.66E+08 1.22E+00 1.20E+05 1.31E+10 2.57E+07
  3.42E+06 6.71E-07 3.65E-10 6.27E-01 1.10E+04 2.71E+05 7.03E-02 2.11E-24 1.39E-60 8.58E-91 1.68E+02 1.50E-07 8.50E-48 1.17E+12 3.73E+08 3.25E+00 1.06E+05 9.56E+09 1.62E+07
  3.52E+06 5.68E-07 3.86E-10 4.67E-01 6.51E+03 2.36E+05 4.06E-02 1.50E-24 6.04E-61 7.35E-91 1.53E+02 5.17E-08 5.49E-48 9.95E+11 2.42E+08 7.44E+00 9.19E+04 6.93E+09 9.84E+06
  3.62E+06 5.04E-07 4.30E-10 3.77E-01 4.26E+03 2.05E+05 2.49E-02 1.18E-24 3.21E-61 6.31E-91 1.40E+02 1.63E-08 4.14E-48 8.45E+11 1.55E+08 1.50E+01 7.79E+04 5.01E+09 5.78E+06
  3.72E+06 4.70E-07 5.09E-10 3.30E-01 3.07E+03 1.77E+05 1.64E-02 1.03E-24 2.11E-61 5.43E-91 1.25E+02 4.75E-09 3.70E-48 7.16E+11 9.86E+07 2.73E+01 6.46E+04 3.62E+09 3.29E+06
  3.82E+06 4.53E-07 6.27E-10 3.08E-01 2.39E+03 1.54E+05 1.13E-02 9.66E-25 1.61E-61 4.68E-91 1.08E+02 1.27E-09 3.70E-48 6.06E+11 6.22E+07 4.56E+01 5.25E+04 2.62E+09 1.82E+06
  3.92E+06 4.44E-07 7.90E-10 2.98E-01 1.95E+03 1.33E+05 8.07E-03 9.37E-25 1.31E-61 4.04E-91 8.94E+01 3.14E-10 3.92E-48 5.11E+11 3.89E+07 7.05E+01 4.16E+04 1.90E+09 9.71E+05
  4.02E+06 4.37E-07 1.00E-09 2.95E-01 1.65E+03 1.16E+05 5.84E-03 9.12E-25 1.08E-61 3.49E-91 7.19E+01 7.23E-11 4.20E-48 4.28E+11 2.39E+07 1.03E+02 3.21E+04 1.39E+09 5.04E+05
  4.12E+06 4.29E-07 1.26E-09 2.96E-01 1.42E+03 1.01E+05 4.28E-03 8.81E-25 8.78E-62 3.03E-91 5.67E+01 1.54E-11 4.45E-48 3.57E+11 1.43E+07 1.42E+02 2.40E+04 1.01E+09 2.54E+05
  4.22E+06 4.21E-07 1.58E-09 2.98E-01 1.23E+03 8.81E+04 3.18E-03 8.45E-25 7.05E-62 2.63E-91 4.42E+01 3.06E-12 4.66E-48 2.95E+11 8.31E+06 1.89E+02 1.72E+04 7.42E+08 1.26E+05
  4.32E+06 4.13E-07 1.96E-09 3.04E-01 1.07E+03 7.71E+04 2.42E-03 8.14E-25 5.74E-62 2.29E-91 3.43E+01 5.89E-13 4.90E-48 2.42E+11 4.66E+06 2.44E+02 1.19E+04 5.48E+08 6.13E+04
  4.42E+06 4.06E-07 2.43E-09 3.12E-01 9.43E+02 6.76E+04 1.90E-03 8.00E-25 4.86E-62 2.00E-91 2.64E+01 1.22E-13 5.23E-48 1.97E+11 2.52E+06 3.08E+02 7.96E+03 4.08E+08 2.98E+04
  4.52E+06 4.02E-07 3.02E-09 3.24E-01 8.31E+02 5.95E+04 1.54E-03 8.08E-25 4.37E-62 1.75E-91 2.03E+01 3.55E-14 5.76E-48 1.60E+11 1.33E+06 3.83E+02 5.12E+03 3.07E+08 1.45E+04
  4.62E+06 3.99E-07 3.75E-09 3.41E-01 7.34E+02 5.25E+04 1.30E-03 8.46E-25 4.22E-62 1.54E-91 1.56E+01 1.85E-14 6.62E-48 1.29E+11 6.88E+05 4.74E+02 3.21E+03 2.32E+08 7.13E+03
  4.72E+06 3.99E-07 4.68E-09 3.64E-01 6.50E+02 4.64E+04 1.14E-03 9.16E-25 4.38E-62 1.36E-91 1.20E+01 1.44E-14 7.91E-48 1.05E+11 3.54E+05 5.86E+02 1.97E+03 1.78E+08 3.55E+03
  4.82E+06 3.99E-07 5.88E-09 3.93E-01 5.76E+02 4.10E+04 1.03E-03 1.02E-24 4.85E-62 1.19E-91 9.18E+00 1.28E-14 9.84E-48 8.49E+10 1.81E+05 7.24E+02 1.19E+03 1.37E+08 1.78E+03
  4.92E+06 3.97E-07 7.37E-09 4.27E-01 5.11E+02 3.63E+04 9.46E-04 1.16E-24 5.50E-62 1.05E-91 7.01E+00 1.20E-14 1.24E-47 6.86E+10 9.20E+04 8.85E+02 7.09E+02 1.07E+08 8.99E+02
  5.02E+06 3.90E-07 9.15E-09 4.60E-01 4.53E+02 3.21E+04 8.71E-04 1.30E-24 6.15E-62 9.26E-92 5.32E+00 1.15E-14 1.53E-47 5.51E+10 4.67E+04 1.06E+03 4.19E+02 8.35E+07 4.56E+02
  5.12E+06 3.79E-07 1.13E-08 4.94E-01 4.01E+02 2.84E+04 8.06E-04 1.46E-24 6.85E-62 8.14E-92 4.02E+00 1.13E-14 1.87E-47 4.41E+10 2.37E+04 1.25E+03 2.46E+02 6.58E+07 2.32E+02
  5.22E+06 3.65E-07 1.39E-08 5.30E-01 3.54E+02 2.51E+04 7.48E-04 1.64E-24 7.60E-62 7.16E-92 3.03E+00 1.13E-14 2.28E-47 3.53E+10 1.20E+04 1.46E+03 1.44E+02 5.21E+07 1.19E+02
  5.32E+06 3.49E-07 1.71E-08 5.67E-01 3.13E+02 2.21E+04 6.96E-04 1.83E-24 8.38E-62 6.28E-92 2.28E+00 1.14E-14 2.76E-47 2.82E+10 6.13E+03 1.68E+03 8.42E+01 4.15E+07 6.09E+01
  5.42E+06 3.32E-07 2.08E-08 6.06E-01 2.76E+02 1.95E+04 6.50E-04 2.04E-24 9.21E-62 5.51E-92 1.71E+00 1.18E-14 3.32E-47 2.25E+10 3.13E+03 1.91E+03 4.91E+01 3.32E+07 3.14E+01
  5.52E+06 3.15E-07 2.54E-08 6.46E-01 2.44E+02 1.72E+04 6.07E-04 2.28E-24 1.01E-61 4.83E-92 1.29E+00 1.24E-14 3.98E-47 1.80E+10 1.60E+03 2.16E+03 2.87E+01 2.66E+07 1.63E+01
  5.62E+06 2.98E-07 3.09E-08 6.89E-01 2.15E+02 1.51E+04 5.69E-04 2.55E-24 1.11E-61 4.23E-92 9.67E-01 1.31E-14 4.77E-47 1.43E+10 8.24E+02 2.42E+03 1.67E+01 2.14E+07 8.49E+00
  5.72E+06 2.82E-07 3.76E-08 7.34E-01 1.89E+02 1.33E+04 5.35E-04 2.85E-24 1.23E-61 3.70E-92 7.27E-01 1.40E-14 5.72E-47 1.14E+10 4.26E+02 2.69E+03 9.77E+00 1.73E+07 4.45E+00
  5.82E+06 2.68E-07 4.57E-08 7.81E-01 1.66E+02 1.17E+04 5.05E-04 3.20E-24 1.36E-61 3.23E-92 5.46E-01 1.51E-14 6.88E-47 9.11E+09 2.22E+02 2.98E+03 5.72E+00 1.40E+07 2.34E+00
  5.92E+06 2.55E-07 5.55E-08 8.32E-01 1.46E+02 1.03E+04 4.78E-04 3.63E-24 1.54E-61 2.82E-92 4.10E-01 1.63E-14 8.33E-47 7.24E+09 1.16E+02 3.28E+03 3.35E+00 1.13E+07 1.24E+00
  6.02E+06 2.45E-07 6.74E-08 8.85E-01 1.28E+02 9.03E+03 4.55E-04 4.15E-24 1.77E-61 2.46E-92 3.08E-01 1.76E-14 1.02E-46 5.74E+09 6.11E+01 3.59E+03 1.97E+00 9.20E+06 6.64E-01
  6.12E+06 2.37E-07 8.19E-08 9.41E-01 1.12E+02 7.92E+03 4.35E-04 4.80E-24 2.08E-61 2.14E-92 2.32E-01 1.90E-14 1.25E-46 4.54E+09 3.25E+01 3.91E+03 1.16E+00 7.49E+06 3.58E-01
  6.22E+06 2.31E-07 9.94E-08 1.00E+00 9.84E+01 6.94E+03 4.19E-04 5.62E-24 2.50E-61 1.86E-92 1.74E-01 2.05E-14 1.56E-46 3.58E+09 1.74E+01 4.25E+03 6.91E-01 6.11E+06 1.95E-01
  6.32E+06 2.27E-07 1.21E-07 1.06E+00 8.61E+01 6.08E+03 4.05E-04 6.66E-24 3.08E-61 1.62E-92 1.30E-01 2.21E-14 1.97E-46 2.81E+09 9.46E+00 4.59E+03 4.12E-01 4.99E+06 1.07E-01
  6.42E+06 2.26E-07 1.46E-07 1.13E+00 7.52E+01 5.32E+03 3.93E-04 7.98E-24 3.88E-61 1.40E-92 9.74E-02 2.37E-14 2.51E-46 2.20E+09 5.19E+00 4.94E+03 2.48E-01 4.08E+06 5.99E-02
  6.52E+06 2.27E-07 1.77E-07 1.20E+00 6.56E+01 4.65E+03 3.82E-04 9.66E-24 4.97E-61 1.21E-92 7.28E-02 2.53E-14 3.23E-46 1.72E+09 2.88E+00 5.30E+03 1.50E-01 3.33E+06 3.38E-02
  6.62E+06 2.29E-07 2.15E-07 1.27E+00 5.71E+01 4.06E+03 3.73E-04 1.18E-23 6.48E-61 1.05E-92 5.43E-02 2.70E-14 4.17E-46 1.34E+09 1.62E+00 5.67E+03 9.21E-02 2.73E+06 1.93E-02
  6.72E+06 2.33E-07 2.60E-07 1.34E+00 4.96E+01 3.54E+03 3.65E-04 1.45E-23 8.58E-61 9.04E-93 4.04E-02 2.87E-14 5.43E-46 1.04E+09 9.22E-01 6.04E+03 5.70E-02 2.24E+06 1.12E-02
  6.82E+06 2.41E-07 3.13E-07 1.42E+00 4.30E+01 3.08E+03 3.58E-04 1.81E-23 1.17E-60 7.78E-93 3.00E-02 3.05E-14 7.15E-46 7.99E+08 5.34E-01 6.41E+03 3.56E-02 1.83E+06 6.57E-03
  6.92E+06 2.56E-07 3.77E-07 1.49E+00 3.73E+01 2.68E+03 3.56E-04 2.33E-23 1.69E-60 6.68E-93 2.22E-02 3.26E-14 9.65E-46 6.11E+08 3.18E-01 6.77E+03 2.26E-02 1.50E+06 3.98E-03
  7.02E+06 2.85E-07 4.51E-07 1.55E+00 3.22E+01 2.33E+03 3.62E-04 3.17E-23 2.72E-60 5.72E-93 1.64E-02 3.55E-14 1.37E-45 4.59E+08 1.98E-01 7.11E+03 1.47E-02 1.23E+06 2.53E-03
  7.12E+06 3.41E-07 5.36E-07 1.61E+00 2.77E+01 2.02E+03 3.84E-04 4.69E-23 5.19E-60 4.89E-93 1.20E-02 3.98E-14 2.10E-45 3.38E+08 1.32E-01 7.41E+03 9.84E-03 1.01E+06 1.74E-03
  7.22E+06 4.44E-07 6.31E-07 1.65E+00 2.38E+01 1.75E+03 4.26E-04 7.64E-23 1.20E-59 4.17E-93 8.81E-03 4.65E-14 3.50E-45 2.42E+08 9.50E-02 7.64E+03 6.88E-03 8.27E+05 1.30E-03
  7.32E+06 6.22E-07 7.33E-07 1.66E+00 2.04E+01 1.52E+03 4.88E-04 1.34E-22 3.21E-59 3.54E-93 6.45E-03 5.69E-14 6.20E-45 1.70E+08 7.39E-02 7.76E+03 5.01E-03 6.77E+05 1.05E-03
  7.42E+06 8.90E-07 8.34E-07 1.64E+00 1.74E+01 1.31E+03 5.55E-04 2.36E-22 8.62E-59 2.99E-93 4.73E-03 7.20E-14 1.08E-44 1.17E+08 5.96E-02 7.69E+03 3.73E-03 5.53E+05 8.84E-04
  7.52E+06 1.20E-06 9.19E-07 1.56E+00 1.49E+01 1.12E+03 5.89E-04 3.73E-22 1.85E-58 2.52E-93 3.47E-03 9.27E-14 1.62E-44 8.00E+07 4.72E-02 7.33E+03 2.72E-03 4.49E+05 7.13E-04
  7.62E+06 1.55E-06 1.01E-06 1.47E+00 1.27E+01 9.65E+02 5.97E-04 5.47E-22 3.45E-58 2.11E-93 2.57E-03 1.20E-13 2.24E-44 5.54E+07 3.63E-02 6.98E+03 1.96E-03 3.65E+05 5.52E-04
  7.72E+06 1.93E-06 1.10E-06 1.38E+00 1.08E+01 8.27E+02 5.82E-04 7.57E-22 5.70E-58 1.76E-93 1.92E-03 1.52E-13 2.92E-44 3.88E+07 2.71E-02 6.67E+03 1.41E-03 2.96E+05 4.14E-04
  7.82E+06 2.41E-06 1.18E-06 1.29E+00 9.18E+00 7.09E+02 5.58E-04 1.03E-21 9.08E-58 1.47E-93 1.48E-03 1.89E-13 3.69E-44 2.70E+07 1.97E-02 6.36E+03 1.02E-03 2.40E+05 3.05E-04
  7.92E+06 2.73E-06 1.28E-06 1.20E+00 7.80E+00 6.07E+02 4.89E-04 1.18E-21 1.04E-57 1.22E-93 1.20E-03 2.28E-13 3.95E-44 1.94E+07 1.29E-02 6.17E+03 7.16E-04 1.94E+05 2.01E-04
  8.02E+06 1.66E-06 1.46E-06 1.18E+00 6.55E+00 5.19E+02 2.82E-04 5.93E-22 2.26E-58 1.00E-93 1.06E-03 2.65E-13 1.96E-44 1.75E+07 6.18E-03 6.64E+03 4.17E-04 1.57E+05 8.42E-05
  8.12E+06 3.67E-07 1.82E-06 1.27E+00 5.37E+00 4.43E+02 8.62E-05 8.24E-23 3.79E-60 8.25E-94 1.07E-03 2.92E-13 2.93E-45 2.20E+07 2.04E-03 8.17E+03 1.64E-04 1.26E+05 1.85E-05
  8.22E+06 4.95E-08 2.23E-06 1.34E+00 4.35E+00 3.78E+02 1.93E-05 6.19E-24 1.86E-62 6.73E-94 1.22E-03 2.90E-13 2.34E-46 3.10E+07 5.61E-04 1.02E+04 5.14E-05 1.02E+05 2.83E-06
  8.32E+06 6.65E-09 2.62E-06 1.36E+00 3.52E+00 3.21E+02 4.37E-06 4.81E-25 9.66E-65 5.45E-94 1.43E-03 2.55E-13 1.84E-47 4.18E+07 1.46E-04 1.24E+04 1.88E-05 8.16E+04 4.03E-07
  8.42E+06 1.03E-09 2.96E-06 1.33E+00 2.86E+00 2.73E+02 1.10E-06 4.68E-26 7.87E-67 4.38E-94 1.64E-03 2.01E-13 1.75E-48 5.25E+07 3.76E-05 1.48E+04 9.63E-06 6.53E+04 6.52E-08
  8.52E+06 1.88E-10 3.28E-06 1.26E+00 2.31E+00 2.31E+02 3.12E-07 5.78E-27 1.04E-68 3.49E-94 1.78E-03 1.48E-13 2.06E-49 6.16E+07 9.92E-06 1.77E+04 6.14E-06 5.21E+04 1.38E-08
  8.62E+06 3.99E-11 3.57E-06 1.19E+00 1.87E+00 1.95E+02 9.83E-08 8.87E-28 2.16E-70 2.75E-94 1.83E-03 1.07E-13 2.98E-50 6.83E+07 2.76E-06 2.16E+04 4.32E-06 4.15E+04 3.84E-09
  8.72E+06 9.65E-12 3.85E-06 1.10E+00 1.51E+00 1.64E+02 3.41E-08 1.65E-28 7.19E-72 2.14E-94 1.78E-03 7.70E-14 5.16E-51 7.21E+07 8.48E-07 2.76E+04 3.18E-06 3.29E+04 1.30E-09
  8.82E+06 2.63E-12 4.11E-06 1.01E+00 1.22E+00 1.38E+02 1.29E-08 3.66E-29 4.38E-73 1.65E-94 1.64E-03 5.57E-14 1.05E-51 7.28E+07 3.00E-07 3.76E+04 2.41E-06 2.61E+04 4.97E-10
  8.92E+06 7.95E-13 4.36E-06 9.22E-01 9.74E-01 1.15E+02 5.24E-09 9.57E-30 5.36E-74 1.25E-94 1.45E-03 4.07E-14 2.53E-52 7.07E+07 1.23E-07 5.65E+04 1.86E-06 2.06E+04 2.04E-10
  9.02E+06 2.65E-13 4.61E-06 8.36E-01 7.75E-01 9.55E+01 2.28E-09 2.98E-30 1.11E-74 9.34E-95 1.22E-03 3.00E-14 7.18E-53 6.62E+07 5.67E-08 9.46E+04 1.45E-06 1.62E+04 8.75E-11
  9.12E+06 9.61E-14 4.84E-06 7.54E-01 6.13E-01 7.90E+01 1.05E-09 1.13E-30 3.22E-75 6.85E-95 9.94E-04 2.25E-14 2.47E-53 6.00E+07 2.79E-08 1.74E+05 1.13E-06 1.27E+04 3.88E-11
  9.22E+06 3.76E-14 5.07E-06 6.77E-01 4.81E-01 6.49E+01 5.14E-10 5.29E-31 1.21E-75 4.93E-95 7.79E-04 1.70E-14 1.05E-53 5.28E+07 1.41E-08 3.37E+05 8.68E-07 1.00E+04 1.74E-11
  9.32E+06 1.58E-14 5.29E-06 6.05E-01 3.74E-01 5.30E+01 2.62E-10 3.07E-31 5.66E-76 3.47E-95 5.91E-04 1.31E-14 5.50E-54 4.52E+07 7.06E-09 6.68E+05 6.45E-07 7.83E+03 7.77E-12
  9.42E+06 7.01E-15 5.49E-06 5.38E-01 2.89E-01 4.30E+01 1.39E-10 2.12E-31 3.14E-76 2.39E-95 4.34E-04 1.03E-14 3.41E-54 3.78E+07 3.45E-09 1.31E+06 4.61E-07 6.13E+03 3.42E-12
  9.52E+06 3.29E-15 5.68E-06 4.75E-01 2.20E-01 3.46E+01 7.68E-11 1.64E-31 1.94E-76 1.60E-95 3.11E-04 8.32E-15 2.36E-54 3.09E+07 1.64E-09 2.48E+06 3.17E-07 4.79E+03 1.47E-12
  9.62E+06 1.62E-15 5.84E-06 4.18E-01 1.66E-01 2.76E+01 4.37E-11 1.36E-31 1.28E-76 1.05E-95 2.17E-04 6.91E-15 1.74E-54 2.47E+07 7.52E-10 4.51E+06 2.10E-07 3.76E+03 6.24E-13
  9.72E+06 8.39E-16 5.98E-06 3.65E-01 1.24E-01 2.19E+01 2.56E-11 1.18E-31 8.65E-77 6.66E-96 1.48E-04 6.00E-15 1.34E-54 1.93E+07 3.38E-10 7.79E+06 1.37E-07 2.97E+03 2.63E-13
  9.82E+06 4.56E-16 6.08E-06 3.17E-01 9.15E-02 1.71E+01 1.55E-11 1.04E-31 5.94E-77 4.12E-96 1.01E-04 5.54E-15 1.04E-54 1.48E+07 1.51E-10 1.28E+07 8.79E-08 2.37E+03 1.11E-13
  9.92E+06 2.62E-16 6.12E-06 2.72E-01 6.75E-02 1.33E+01 9.69E-12 9.41E-32 4.08E-77 2.48E-96 7.10E-05 5.60E-15 8.20E-55 1.11E+07 7.12E-11 1.99E+07 5.64E-08 1.92E+03 4.97E-14

     Z        N2O5     CO2      SO4AER   S8AER   
  2.50E+04 2.15E+02 5.52E+15 5.19E+09 2.49E-19
  1.25E+05 3.79E+02 4.99E+15 5.51E+09 2.25E-19
  2.25E+05 8.96E+02 4.51E+15 6.70E+09 2.03E-19
  3.25E+05 2.47E+03 4.07E+15 8.23E+09 1.83E-19
  4.25E+05 7.39E+03 3.67E+15 9.75E+09 1.65E-19
  5.25E+05 1.99E+04 3.31E+15 1.11E+10 1.49E-19
  6.25E+05 3.64E+04 2.98E+15 1.22E+10 1.34E-19
  7.25E+05 4.75E+04 2.69E+15 1.32E+10 1.21E-19
  8.25E+05 5.46E+04 2.42E+15 1.39E+10 1.09E-19
  9.25E+05 5.89E+04 2.17E+15 1.44E+10 9.78E-20
  1.02E+06 5.84E+04 1.92E+15 1.46E+10 8.66E-20
  1.12E+06 5.71E+04 1.65E+15 1.54E+10 7.45E-20
  1.22E+06 7.22E+04 1.42E+15 1.88E+10 6.37E-20
  1.32E+06 1.16E+05 1.21E+15 2.31E+10 5.44E-20
  1.42E+06 2.70E+05 1.03E+15 2.82E+10 4.63E-20
  1.52E+06 6.27E+05 8.74E+14 3.00E+10 3.94E-20
  1.62E+06 1.36E+06 7.42E+14 2.85E+10 3.34E-20
  1.72E+06 2.53E+06 6.30E+14 2.44E+10 2.84E-20
  1.82E+06 4.02E+06 5.35E+14 1.90E+10 2.41E-20
  1.92E+06 5.70E+06 4.54E+14 1.39E+10 2.04E-20
  2.02E+06 7.29E+06 3.85E+14 9.69E+09 1.73E-20
  2.12E+06 8.62E+06 3.27E+14 6.67E+09 1.47E-20
  2.22E+06 9.70E+06 2.77E+14 4.58E+09 1.25E-20
  2.32E+06 1.04E+07 2.35E+14 3.16E+09 1.06E-20
  2.42E+06 1.08E+07 2.00E+14 2.20E+09 9.00E-21
  2.52E+06 1.07E+07 1.71E+14 1.55E+09 7.66E-21
  2.62E+06 1.02E+07 1.45E+14 1.10E+09 6.53E-21
  2.72E+06 9.14E+06 1.24E+14 7.87E+08 5.57E-21
  2.82E+06 7.75E+06 1.06E+14 5.70E+08 4.75E-21
  2.92E+06 6.18E+06 9.04E+13 4.17E+08 4.06E-21
  3.02E+06 4.64E+06 7.72E+13 3.07E+08 3.47E-21
  3.12E+06 3.27E+06 6.60E+13 2.28E+08 2.96E-21
  3.22E+06 2.17E+06 5.64E+13 1.70E+08 2.53E-21
  3.32E+06 1.36E+06 4.84E+13 1.25E+08 2.17E-21
  3.42E+06 8.13E+05 4.15E+13 9.14E+07 1.86E-21
  3.52E+06 4.61E+05 3.57E+13 6.65E+07 1.60E-21
  3.62E+06 2.50E+05 3.08E+13 4.82E+07 1.38E-21
  3.72E+06 1.29E+05 2.66E+13 3.48E+07 1.19E-21
  3.82E+06 6.38E+04 2.30E+13 2.50E+07 1.03E-21
  3.92E+06 2.98E+04 1.99E+13 1.80E+07 8.95E-22
  4.02E+06 1.31E+04 1.73E+13 1.28E+07 7.78E-22
  4.12E+06 5.43E+03 1.51E+13 9.13E+06 6.77E-22
  4.22E+06 2.11E+03 1.32E+13 6.47E+06 5.92E-22
  4.32E+06 7.72E+02 1.15E+13 4.58E+06 5.18E-22
  4.42E+06 2.71E+02 1.01E+13 3.25E+06 4.55E-22
  4.52E+06 9.26E+01 8.92E+12 2.30E+06 4.00E-22
  4.62E+06 3.11E+01 7.87E+12 1.62E+06 3.53E-22
  4.72E+06 1.04E+01 6.96E+12 1.14E+06 3.12E-22
  4.82E+06 3.47E+00 6.16E+12 7.97E+05 2.76E-22
  4.92E+06 1.14E+00 5.46E+12 5.54E+05 2.45E-22
  5.02E+06 3.75E-01 4.83E+12 3.83E+05 2.17E-22
  5.12E+06 1.23E-01 4.27E+12 2.61E+05 1.92E-22
  5.22E+06 4.01E-02 3.77E+12 1.76E+05 1.69E-22
  5.32E+06 1.32E-02 3.33E+12 1.17E+05 1.50E-22
  5.42E+06 4.35E-03 2.94E+12 7.65E+04 1.32E-22
  5.52E+06 1.44E-03 2.59E+12 4.89E+04 1.16E-22
  5.62E+06 4.81E-04 2.28E+12 3.05E+04 1.03E-22
  5.72E+06 1.62E-04 2.01E+12 1.86E+04 9.03E-23
  5.82E+06 5.46E-05 1.77E+12 1.09E+04 7.95E-23
  5.92E+06 1.86E-05 1.56E+12 6.23E+03 6.99E-23
  6.02E+06 6.38E-06 1.37E+12 3.41E+03 6.15E-23
  6.12E+06 2.21E-06 1.20E+12 1.79E+03 5.40E-23
  6.22E+06 7.78E-07 1.05E+12 8.91E+02 4.74E-23
  6.32E+06 2.78E-07 9.23E+11 4.20E+02 4.16E-23
  6.42E+06 1.01E-07 8.09E+11 1.85E+02 3.64E-23
  6.52E+06 3.72E-08 7.08E+11 7.61E+01 3.19E-23
  6.62E+06 1.40E-08 6.19E+11 2.87E+01 2.79E-23
  6.72E+06 5.38E-09 5.41E+11 9.87E+00 2.44E-23
  6.82E+06 2.12E-09 4.72E+11 3.04E+00 2.13E-23
  6.92E+06 8.63E-10 4.11E+11 8.29E-01 1.86E-23
  7.02E+06 3.70E-10 3.58E+11 1.96E-01 1.62E-23
  7.12E+06 1.71E-10 3.11E+11 3.91E-02 1.41E-23
  7.22E+06 8.73E-11 2.71E+11 6.43E-03 1.23E-23
  7.32E+06 4.89E-11 2.35E+11 8.39E-04 1.07E-23
  7.42E+06 2.86E-11 2.03E+11 8.26E-05 9.25E-24
  7.52E+06 1.61E-11 1.75E+11 5.70E-06 7.99E-24
  7.62E+06 8.74E-12 1.51E+11 2.52E-07 6.90E-24
  7.72E+06 4.60E-12 1.30E+11 6.11E-09 5.96E-24
  7.82E+06 2.39E-12 1.12E+11 6.15E-11 5.14E-24
  7.92E+06 1.13E-12 9.64E+10 1.15E-13 4.44E-24
  8.02E+06 3.44E-13 8.29E+10 3.68E-17 3.83E-24
  8.12E+06 5.43E-14 7.14E+10 2.31E-19 3.31E-24
  8.22E+06 5.80E-15 6.13E+10 6.71E-22 2.86E-24
  8.32E+06 5.87E-16 5.27E+10 2.47E-24 2.47E-24
  8.42E+06 7.91E-17 4.53E+10 2.13E-24 2.13E-24
  8.52E+06 1.94E-17 3.88E+10 1.84E-24 1.84E-24
  8.62E+06 7.73E-18 3.33E+10 1.59E-24 1.59E-24
  8.72E+06 3.77E-18 2.86E+10 1.37E-24 1.37E-24
  8.82E+06 2.00E-18 2.44E+10 1.19E-24 1.19E-24
  8.92E+06 1.12E-18 2.09E+10 1.03E-24 1.03E-24
  9.02E+06 6.38E-19 1.79E+10 8.87E-25 8.87E-25
  9.12E+06 3.67E-19 1.53E+10 7.67E-25 7.67E-25
  9.22E+06 2.06E-19 1.30E+10 6.63E-25 6.63E-25
  9.32E+06 1.10E-19 1.11E+10 5.73E-25 5.73E-25
  9.42E+06 5.53E-20 9.41E+09 4.96E-25 4.96E-25
  9.52E+06 2.57E-20 7.99E+09 4.29E-25 4.29E-25
  9.62E+06 1.13E-20 6.77E+09 3.71E-25 3.71E-25
  9.72E+06 4.76E-21 5.72E+09 3.21E-25 3.21E-25
  9.82E+06 1.98E-21 4.83E+09 2.78E-25 2.78E-25
  9.92E+06 8.33E-22 4.07E+09 2.41E-25 2.41E-25

 FLUXES OF LONG-LIVED SPECIES


     Z        O         O2        H2O       H         OH        HO2       H2O2      H2        CO        HCO       H2CO      CH4       CH3       C2H6      NO        NO2       HNO       H2S     
  0.00E+00 -8.95E+02  8.64E+11  9.66E+12 -3.80E-01 -1.22E+06 -2.87E+08 -5.65E+09 -1.58E+10  1.61E+11 -5.36E-02 -1.28E+09  1.18E+11 -1.65E-01 -2.87E-20 -1.82E+04 -3.91E+05 -3.61E+02  2.00E+08
  5.00E+04 -2.66E+02  7.82E+11  0.00E+00 -2.06E-02 -1.72E+05 -1.29E+07 -3.00E+09 -1.46E+10  1.50E+11 -8.37E-04  1.43E+08  1.04E+11 -5.03E-04 -2.49E-12 -1.06E+07 -3.61E+06  9.39E+00  1.31E+08
  1.50E+05 -3.72E+02  6.08E+11  0.00E+00 -2.23E-02 -2.08E+05 -8.60E+05 -3.36E+08 -1.16E+10  1.29E+11 -2.91E-04  6.55E+08  8.02E+10 -7.16E-04 -1.35E-10 -1.74E+07 -1.60E+07  1.08E+02  5.56E+07
  2.50E+05 -4.94E+02  4.61E+11  0.00E+00 -2.12E-02 -2.03E+05  8.09E+06  1.51E+09 -8.84E+09  1.10E+11 -9.60E-05  6.11E+08  6.01E+10  3.64E-04 -4.15E-10 -2.50E+07 -2.41E+07  6.75E+01  2.32E+07
  3.50E+05 -6.30E+02  3.47E+11  0.00E+00 -2.06E-02 -2.01E+05  1.42E+07  2.80E+09 -6.47E+09  9.13E+10  5.51E-05  5.41E+08  4.35E+10  9.92E-04 -9.14E-10 -3.35E+07 -2.87E+07  3.66E+01  9.48E+06
  4.50E+05 -7.37E+02  2.62E+11  0.00E+00 -1.25E-02 -1.33E+05  2.01E+07  3.12E+09 -4.54E+09  7.37E+10  3.75E-04  5.31E+08  3.03E+10  3.15E-03 -1.67E-09 -3.56E+07 -1.91E+07  2.04E+01  3.80E+06
  5.50E+05 -8.08E+02  2.00E+11  0.00E+00  5.59E-03  3.69E+04  2.27E+07  2.78E+09 -3.02E+09  5.77E+10  7.56E-04  5.25E+08  2.04E+10  5.79E-03 -2.75E-09 -1.68E+07  1.15E+07  1.19E+01  1.51E+06
  6.50E+05 -8.64E+02  1.58E+11  0.00E+00  1.65E-02  1.45E+05  2.17E+07  2.22E+09 -1.88E+09  4.46E+10  7.50E-04  4.18E+08  1.41E+10  5.66E-03 -4.01E-09 -2.94E+06  2.41E+07  5.59E+00  6.19E+05
  7.50E+05 -9.25E+02  1.31E+11  0.00E+00  5.33E-03  3.45E+04  1.93E+07  1.65E+09 -1.08E+09  3.48E+10  4.11E-04  2.42E+08  1.05E+10  3.03E-03 -5.11E-09 -4.00E+07 -6.64E+05  1.62E+00  2.81E+05
  8.50E+05 -9.84E+02  1.12E+11  0.00E+00 -6.86E-03 -8.48E+04  1.52E+07  1.10E+09 -5.71E+08  2.69E+10  1.94E-04  1.26E+08  8.39E+09  1.49E-03 -5.99E-09 -1.01E+08 -1.81E+07  3.86E-01  1.36E+05
  9.50E+05 -1.06E+03  9.46E+10  0.00E+00 -8.95E-03 -9.26E+04  9.17E+06  6.25E+08 -2.50E+08  1.97E+10  1.11E-04  6.83E+07  7.05E+09  9.76E-04 -6.71E-09 -1.31E+08 -1.23E+07  3.08E-01  6.40E+04
  1.05E+06 -1.61E+03  7.92E+10  0.00E+00 -1.13E-02 -5.86E+04  2.88E+06  2.83E+08 -3.39E+07  1.33E+10  1.63E-05  1.96E+07  6.19E+09 -5.57E-05 -7.31E-09 -9.18E+07 -1.25E+07  3.34E-01  2.55E+04
  1.15E+06 -1.20E+03  6.69E+10  2.67E+12 -8.38E-04  6.07E+03  1.19E+06  8.90E+07  1.14E+08  8.12E+09  1.03E-05  5.49E+06  5.56E+09  1.56E-05 -7.81E-09 -5.40E+07 -1.32E+07  1.28E-01  7.09E+03
  1.25E+06 -1.34E+03  5.85E+10  1.18E+10  7.38E-04  1.18E+04  4.13E+05  1.95E+07  2.17E+08  4.66E+09  7.44E-06  2.72E+06  5.13E+09  3.01E-05 -8.29E-09 -4.28E+07 -1.40E+07  4.25E-02  1.49E+03
  1.35E+06 -1.50E+03  5.34E+10 -9.00E+09  8.31E-04  7.47E+03  1.11E+05  2.64E+06  2.84E+08  2.68E+09  3.41E-06  1.00E+06  4.87E+09  1.84E-05 -8.74E-09 -3.45E+07 -1.77E+07  1.11E-02  2.46E+02
  1.45E+06 -2.15E+03  5.07E+10 -8.95E+09  4.51E-07  4.34E+02  1.96E+04  2.68E+05  3.26E+08  1.70E+09  2.39E-08  2.01E+05  4.72E+09 -5.23E-06 -9.23E-09 -2.83E+07 -2.07E+07  2.98E-03  4.42E+01
  1.55E+06 -3.09E+03  4.91E+10 -8.94E+09 -1.84E-04 -1.19E+03  2.97E+03  2.60E+04  3.57E+08  1.13E+09 -7.86E-07  1.42E+04  4.61E+09 -1.20E-05 -9.83E-09 -2.29E+07 -2.28E+07  3.71E-04  8.29E+00
  1.65E+06 -4.62E+03  4.82E+10 -8.93E+09 -2.76E-04 -1.90E+03 -2.13E+03  1.91E+03  3.83E+08  7.73E+08 -1.19E-06 -4.25E+04  4.52E+09 -1.70E-05 -1.06E-08 -1.88E+07 -2.40E+07 -4.10E-04  1.52E+00
  1.75E+06 -7.15E+03  4.81E+10 -8.89E+09 -3.98E-04 -2.61E+03 -5.21E+03 -2.63E+03  4.06E+08  5.32E+08 -1.65E-06 -7.04E+04  4.43E+09 -2.44E-05 -1.17E-08 -1.60E+07 -2.42E+07 -7.17E-04  2.71E-01
  1.85E+06 -1.11E+04  4.86E+10 -8.83E+09 -5.59E-04 -3.41E+03 -8.26E+03 -5.88E+03  4.29E+08  3.67E+08 -2.23E-06 -8.86E+04  4.35E+09 -3.50E-05 -1.32E-08 -1.38E+07 -2.43E+07 -6.90E-04  4.60E-02
  1.95E+06 -1.79E+04  5.00E+10 -8.74E+09 -8.54E-04 -4.68E+03 -1.28E+04 -1.11E+04  4.51E+08  2.52E+08 -3.18E-06 -1.09E+05  4.26E+09 -5.33E-05 -1.53E-08 -1.25E+07 -2.44E+07 -2.96E-04  7.41E-03
  2.05E+06 -2.93E+04  5.20E+10 -8.61E+09 -1.41E-03 -6.74E+03 -2.02E+04 -2.09E+04  4.73E+08  1.72E+08 -4.75E-06 -1.35E+05  4.17E+09 -8.58E-05 -1.83E-08 -1.23E+07 -2.51E+07 -1.24E-04  1.14E-03
  2.15E+06 -4.73E+04  5.43E+10 -8.46E+09 -2.34E-03 -9.62E+03 -3.08E+04 -3.81E+04  4.95E+08  1.16E+08 -7.08E-06 -1.64E+05  4.08E+09 -1.38E-04 -2.24E-08 -1.28E+07 -2.69E+07 -9.47E-05  1.62E-04
  2.25E+06 -7.66E+04  5.65E+10 -8.29E+09 -4.08E-03 -1.41E+04 -4.65E+04 -6.77E+04  5.17E+08  7.67E+07 -1.08E-05 -1.98E+05  3.98E+09 -2.27E-04 -2.83E-08 -1.46E+07 -2.98E+07 -1.44E-04  2.10E-05
  2.35E+06 -1.22E+05  5.78E+10 -8.10E+09 -7.25E-03 -2.07E+04 -6.82E+04 -1.14E+05  5.38E+08  4.95E+07 -1.65E-05 -2.34E+05  3.87E+09 -3.75E-04 -3.67E-08 -1.73E+07 -3.35E+07 -2.69E-04  2.25E-06
  2.45E+06 -1.92E+05  5.79E+10 -7.89E+09 -1.31E-02 -3.03E+04 -9.73E+04 -1.81E+05  5.58E+08  3.08E+07 -2.52E-05 -2.71E+05  3.75E+09 -6.18E-04 -4.90E-08 -2.06E+07 -3.74E+07 -4.93E-04  2.52E-08
  2.55E+06 -2.95E+05  5.61E+10 -7.65E+09 -2.42E-02 -4.37E+04 -1.34E+05 -2.68E+05  5.76E+08  1.80E+07 -3.81E-05 -3.03E+05  3.61E+09 -1.01E-03 -6.71E-08 -2.44E+07 -4.08E+07 -8.43E-04 -1.80E-07
  2.65E+06 -4.44E+05  5.22E+10 -7.39E+09 -4.54E-02 -6.13E+04 -1.78E+05 -3.65E+05  5.91E+08  8.87E+06 -5.62E-05 -3.26E+05  3.47E+09 -1.63E-03 -9.41E-08 -2.80E+07 -4.28E+07 -1.34E-03 -1.41E-07
  2.75E+06 -6.62E+05  4.64E+10 -7.10E+09 -8.73E-02 -8.43E+04 -2.27E+05 -4.57E+05  6.02E+08  2.18E+06 -8.16E-05 -3.39E+05  3.32E+09 -2.61E-03 -1.35E-07 -3.15E+07 -4.28E+07 -2.06E-03 -6.87E-08
  2.85E+06 -9.78E+05  3.89E+10 -6.77E+09 -1.73E-01 -1.13E+05 -2.79E+05 -5.19E+05  6.08E+08 -3.02E+06 -1.16E-04 -3.42E+05  3.15E+09 -4.16E-03 -1.97E-07 -3.48E+07 -4.04E+07 -3.05E-03  9.88E-10
  2.95E+06 -1.39E+06  3.01E+10 -6.42E+09 -3.36E-01 -1.40E+05 -3.15E+05 -5.17E+05  6.07E+08 -7.16E+06 -1.54E-04 -3.23E+05  2.97E+09 -6.31E-03 -2.92E-07 -3.63E+07 -3.55E+07 -4.25E-03  7.25E-08
  3.05E+06 -2.00E+06  2.14E+10 -6.04E+09 -6.72E-01 -1.71E+05 -3.46E+05 -4.66E+05  5.99E+08 -1.04E+07 -2.01E-04 -3.03E+05  2.79E+09 -9.59E-03 -4.37E-07 -3.72E+07 -2.83E+07 -5.85E-03  1.06E-07
  3.15E+06 -2.88E+06  1.38E+10 -5.64E+09 -1.36E+00 -2.05E+05 -3.66E+05 -3.73E+05  5.84E+08 -1.25E+07 -2.57E-04 -2.77E+05  2.60E+09 -1.44E-02 -6.58E-07 -3.72E+07 -1.92E+07 -7.91E-03  1.10E-07
  3.25E+06 -4.03E+06  7.68E+09 -5.23E+09 -2.68E+00 -2.35E+05 -3.65E+05 -2.54E+05  5.63E+08 -1.33E+07 -3.11E-04 -2.39E+05  2.40E+09 -2.08E-02 -9.90E-07 -3.53E+07 -9.40E+06 -1.02E-02  1.01E-07
  3.35E+06 -5.67E+06  3.46E+09 -4.82E+09 -5.31E+00 -2.69E+05 -3.58E+05 -1.38E+05  5.35E+08 -1.30E+07 -3.72E-04 -2.01E+05  2.21E+09 -2.96E-02 -1.49E-06 -3.26E+07  5.42E+04 -1.30E-02  8.10E-08
  3.45E+06 -8.03E+06  8.03E+08 -4.41E+09 -1.06E+01 -3.12E+05 -3.48E+05 -3.92E+04  5.01E+08 -1.18E+07 -4.46E-04 -1.65E+05  2.03E+09 -4.21E-02 -2.23E-06 -2.96E+07  8.35E+06 -1.64E-02  5.79E-08
  3.55E+06 -1.13E+07 -8.87E+08 -4.01E+09 -2.13E+01 -3.65E+05 -3.32E+05  4.11E+04  4.63E+08 -1.01E+07 -5.32E-04 -1.30E+05  1.85E+09 -5.91E-02 -3.32E-06 -2.64E+07  1.49E+07 -2.06E-02  3.79E-08
  3.65E+06 -1.65E+07 -2.21E+09 -3.63E+09 -4.40E+01 -4.45E+05 -3.22E+05  1.01E+05  4.21E+08 -8.20E+06 -6.61E-04 -1.06E+05  1.68E+09 -8.55E-02 -4.93E-06 -2.38E+07  2.02E+07 -2.64E-02  2.26E-08
  3.75E+06 -2.37E+07 -3.49E+09 -3.25E+09 -9.00E+01 -5.42E+05 -3.06E+05  1.40E+05  3.74E+08 -6.25E+06 -8.16E-04 -8.01E+04  1.51E+09 -1.22E-01 -7.25E-06 -2.10E+07  2.38E+07 -3.34E-02  1.38E-08
  3.85E+06 -3.40E+07 -4.98E+09 -2.89E+09 -1.85E+02 -6.64E+05 -2.93E+05  1.56E+05  3.23E+08 -4.50E+06 -1.01E-03 -5.34E+04  1.36E+09 -1.72E-01 -1.05E-05 -1.81E+07  2.58E+07 -4.20E-02  9.64E-09
  3.95E+06 -4.96E+07 -6.80E+09 -2.53E+09 -3.86E+02 -8.23E+05 -2.92E+05  1.54E+05  2.68E+08 -3.14E+06 -1.27E-03 -2.86E+04  1.21E+09 -2.47E-01 -1.51E-05 -1.56E+07  2.69E+07 -5.29E-02  8.15E-09
  4.05E+06 -7.13E+07 -8.66E+09 -2.19E+09 -7.89E+02 -9.90E+05 -2.97E+05  1.34E+05  2.09E+08 -2.20E+06 -1.54E-03  4.58E+03  1.07E+09 -3.43E-01 -2.14E-05 -1.22E+07  2.62E+07 -6.37E-02  7.31E-09
  4.15E+06 -1.01E+08 -1.03E+10 -1.86E+09 -1.56E+03 -1.14E+06 -3.11E+05  1.06E+05  1.45E+08 -1.72E+06 -1.79E-03  4.46E+04  9.31E+08 -4.58E-01 -2.94E-05 -8.05E+06  2.40E+07 -7.21E-02  5.97E-09
  4.25E+06 -1.40E+08 -1.18E+10 -1.53E+09 -3.00E+03 -1.26E+06 -3.33E+05  7.79E+04  7.74E+07 -1.73E+06 -1.99E-03  8.53E+04  8.03E+08 -5.91E-01 -3.95E-05 -3.49E+06  2.08E+07 -7.66E-02  4.04E-09
  4.35E+06 -1.88E+08 -1.28E+10 -1.22E+09 -5.44E+03 -1.32E+06 -3.54E+05  5.51E+04  7.71E+06 -2.19E+06 -2.06E-03  1.22E+05  6.84E+08 -7.22E-01 -5.13E-05  1.22E+06  1.69E+07 -7.50E-02  1.78E-09
  4.45E+06 -2.42E+08 -1.30E+10 -9.36E+08 -9.20E+03 -1.30E+06 -3.64E+05  3.87E+04 -6.23E+07 -3.06E+06 -1.97E-03  1.48E+05  5.75E+08 -8.22E-01 -6.44E-05  5.64E+06  1.29E+07 -6.63E-02 -4.21E-10
  4.55E+06 -2.88E+08 -1.24E+10 -6.74E+08 -1.41E+04 -1.19E+06 -3.51E+05  2.84E+04 -1.31E+08 -4.51E+06 -1.64E-03  1.60E+05  4.78E+08 -8.44E-01 -7.87E-05  9.39E+06  9.15E+06 -5.10E-02 -2.45E-09
  4.65E+06 -3.46E+08 -1.17E+10 -4.42E+08 -2.14E+04 -1.10E+06 -3.44E+05  2.33E+04 -1.95E+08 -6.88E+06 -1.34E-03  1.60E+05  3.94E+08 -8.64E-01 -9.53E-05  1.17E+07  6.49E+06 -3.80E-02 -4.01E-09
  4.75E+06 -3.95E+08 -1.07E+10 -2.40E+08 -3.03E+04 -9.77E+05 -3.21E+05  2.18E+04 -2.55E+08 -1.04E+07 -9.68E-04  1.51E+05  3.23E+08 -8.32E-01 -1.15E-04  1.32E+07  4.42E+06 -2.39E-02 -5.10E-09
  4.85E+06 -4.45E+08 -9.90E+09 -6.86E+07 -4.16E+04 -8.51E+05 -2.93E+05  2.41E+04 -3.08E+08 -1.54E+07 -7.11E-04  1.35E+05  2.64E+08 -8.34E-01 -1.41E-04  1.39E+07  2.95E+06 -1.18E-02 -4.81E-09
  4.95E+06 -5.02E+08 -9.32E+09  7.52E+07 -5.68E+04 -7.43E+05 -2.65E+05  2.88E+04 -3.56E+08 -2.17E+07 -5.69E-04  1.19E+05  2.16E+08 -8.91E-01 -1.74E-04  1.38E+07  1.98E+06 -2.59E-03 -3.35E-09
  5.05E+06 -5.54E+08 -8.49E+09  1.95E+08 -7.52E+04 -6.39E+05 -2.35E+05  3.25E+04 -3.97E+08 -2.94E+07 -4.30E-04  1.05E+05  1.77E+08 -9.36E-01 -2.14E-04  1.34E+07  1.31E+06  4.62E-03 -1.91E-09
  5.15E+06 -6.06E+08 -7.51E+09  2.93E+08 -9.80E+04 -5.54E+05 -2.09E+05  3.40E+04 -4.33E+08 -3.82E+07 -3.17E-04  9.09E+04  1.46E+08 -9.75E-01 -2.62E-04  1.27E+07  8.71E+05  9.60E-03 -7.28E-10
  5.25E+06 -6.59E+08 -6.51E+09  3.74E+08 -1.26E+05 -4.88E+05 -1.87E+05  3.37E+04 -4.64E+08 -4.82E+07 -2.33E-04  7.86E+04  1.21E+08 -1.02E+00 -3.17E-04  1.18E+07  5.77E+05  1.27E-02  2.25E-10
  5.35E+06 -7.14E+08 -5.58E+09  4.39E+08 -1.61E+05 -4.39E+05 -1.70E+05  3.21E+04 -4.90E+08 -5.93E+07 -1.74E-04  6.76E+04  1.01E+08 -1.06E+00 -3.80E-04  1.08E+07  3.83E+05  1.42E-02  8.92E-10
  5.45E+06 -7.72E+08 -4.74E+09  4.93E+08 -2.06E+05 -4.06E+05 -1.58E+05  2.95E+04 -5.12E+08 -7.14E+07 -1.32E-04  5.78E+04  8.55E+07 -1.09E+00 -4.49E-04  9.82E+06  2.55E+05  1.46E-02  1.26E-09
  5.55E+06 -8.31E+08 -4.00E+09  5.36E+08 -2.61E+05 -3.85E+05 -1.51E+05  2.62E+04 -5.30E+08 -8.45E+07 -1.03E-04  4.93E+04  7.32E+07 -1.13E+00 -5.25E-04  8.82E+06  1.69E+05  1.42E-02  1.36E-09
  5.65E+06 -8.92E+08 -3.36E+09  5.71E+08 -3.30E+05 -3.74E+05 -1.47E+05  2.27E+04 -5.46E+08 -9.85E+07 -8.02E-05  4.19E+04  6.35E+07 -1.16E+00 -6.08E-04  7.86E+06  1.13E+05  1.32E-02  1.21E-09
  5.75E+06 -9.53E+08 -2.82E+09  5.99E+08 -4.18E+05 -3.71E+05 -1.47E+05  1.92E+04 -5.59E+08 -1.13E+08 -6.04E-05  3.55E+04  5.60E+07 -1.17E+00 -6.95E-04  6.96E+06  7.52E+04  1.19E-02  8.68E-10
  5.85E+06 -1.01E+09 -2.36E+09  6.22E+08 -5.28E+05 -3.73E+05 -1.49E+05  1.58E+04 -5.70E+08 -1.28E+08 -4.08E-05  3.00E+04  5.00E+07 -1.17E+00 -7.87E-04  6.12E+06  5.01E+04  1.05E-02  3.78E-10
  5.95E+06 -1.07E+09 -1.97E+09  6.40E+08 -6.66E+05 -3.78E+05 -1.53E+05  1.26E+04 -5.79E+08 -1.44E+08 -2.15E-05  2.53E+04  4.54E+07 -1.16E+00 -8.83E-04  5.34E+06  3.34E+04  9.06E-03 -1.96E-10
  6.05E+06 -1.12E+09 -1.63E+09  6.54E+08 -8.40E+05 -3.85E+05 -1.58E+05  9.86E+03 -5.86E+08 -1.60E+08 -1.84E-06  2.13E+04  4.19E+07 -1.12E+00 -9.82E-04  4.64E+06  2.23E+04  7.66E-03 -8.13E-10
  6.15E+06 -1.17E+09 -1.35E+09  6.66E+08 -1.06E+06 -3.92E+05 -1.63E+05  7.46E+03 -5.91E+08 -1.76E+08  1.69E-05  1.79E+04  3.91E+07 -1.06E+00 -1.08E-03  4.00E+06  1.49E+04  6.37E-03 -1.43E-09
  6.25E+06 -1.21E+09 -1.09E+09  6.74E+08 -1.33E+06 -3.99E+05 -1.68E+05  5.45E+03 -5.96E+08 -1.92E+08  3.28E-05  1.50E+04  3.69E+07 -9.79E-01 -1.19E-03  3.44E+06  9.94E+03  5.22E-03 -2.02E-09
  6.35E+06 -1.26E+09 -8.73E+08  6.81E+08 -1.68E+06 -4.05E+05 -1.72E+05  3.80E+03 -5.99E+08 -2.08E+08  4.49E-05  1.26E+04  3.53E+07 -8.72E-01 -1.29E-03  2.93E+06  6.67E+03  4.21E-03 -2.57E-09
  6.45E+06 -1.30E+09 -6.77E+08  6.86E+08 -2.12E+06 -4.10E+05 -1.76E+05  2.49E+03 -6.01E+08 -2.25E+08  5.02E-05  1.05E+04  3.40E+07 -7.47E-01 -1.40E-03  2.49E+06  4.49E+03  3.34E-03 -3.04E-09
  6.55E+06 -1.35E+09 -5.05E+08  6.89E+08 -2.68E+06 -4.14E+05 -1.78E+05  1.39E+03 -6.02E+08 -2.40E+08  4.45E-05  8.70E+03  3.30E+07 -6.11E-01 -1.51E-03  2.10E+06  3.04E+03  2.58E-03 -3.48E-09
  6.65E+06 -1.40E+09 -3.57E+08  6.91E+08 -3.39E+06 -4.18E+05 -1.81E+05  3.13E+02 -6.02E+08 -2.56E+08  1.31E-05  7.08E+03  3.23E+07 -4.82E-01 -1.61E-03  1.76E+06  2.07E+03  1.88E-03 -3.98E-09
  6.75E+06 -1.44E+09 -2.39E+08  6.92E+08 -4.32E+06 -4.32E+05 -1.89E+05 -1.09E+03 -6.02E+08 -2.71E+08 -8.81E-05  5.40E+03  3.17E+07 -4.11E-01 -1.72E-03  1.46E+06  1.41E+03  1.12E-03 -4.82E-09
  6.85E+06 -1.44E+09 -1.66E+08  6.93E+08 -5.55E+06 -4.69E+05 -2.08E+05 -3.34E+03 -6.00E+08 -2.86E+08 -3.66E-04  3.28E+03  3.13E+07 -5.18E-01 -1.82E-03  1.20E+06  9.41E+02  8.92E-05 -6.57E-09
  6.95E+06 -1.36E+09 -1.54E+08  6.92E+08 -7.20E+06 -5.55E+05 -2.52E+05 -7.07E+03 -5.98E+08 -3.00E+08 -1.03E-03  1.24E+02  3.09E+07 -1.04E+00 -1.92E-03  9.78E+05  5.98E+02 -1.45E-03 -1.03E-08
  7.05E+06 -1.18E+09 -2.09E+08  6.90E+08 -9.53E+06 -7.11E+05 -3.31E+05 -1.27E+04 -5.94E+08 -3.14E+08 -2.43E-03 -4.79E+03  3.06E+07 -2.36E+00 -2.01E-03  7.86E+05  3.35E+02 -3.65E-03 -1.78E-08
  7.15E+06 -9.32E+08 -2.98E+08  6.88E+08 -1.29E+07 -9.39E+05 -4.45E+05 -2.02E+04 -5.89E+08 -3.28E+08 -5.00E-03 -1.21E+04  3.02E+07 -4.97E+00 -2.10E-03  6.22E+05  1.36E+02 -6.35E-03 -3.17E-08
  7.25E+06 -7.05E+08 -3.66E+08  6.84E+08 -1.78E+07 -1.21E+06 -5.79E+05 -2.89E+04 -5.82E+08 -3.41E+08 -9.16E-03 -2.20E+04  2.97E+07 -9.43E+00 -2.18E-03  4.83E+05 -3.34E+00 -9.17E-03 -5.55E-08
  7.35E+06 -6.09E+08 -3.62E+08  6.78E+08 -2.50E+07 -1.48E+06 -7.11E+05 -3.67E+04 -5.71E+08 -3.53E+08 -1.52E-02 -3.34E+04  2.91E+07 -1.60E+01 -2.22E-03  3.65E+05 -8.08E+01 -1.17E-02 -8.98E-08
  7.45E+06 -7.74E+08 -2.37E+08  6.69E+08 -3.61E+07 -1.60E+06 -7.61E+05 -4.01E+04 -5.55E+08 -3.65E+08 -2.34E-02 -4.32E+04  2.81E+07 -2.43E+01 -2.21E-03  2.66E+05 -5.77E+01 -1.26E-02 -1.21E-07
  7.55E+06 -9.81E+08 -8.69E+07  6.56E+08 -5.12E+07 -1.65E+06 -7.70E+05 -4.05E+04 -5.32E+08 -3.75E+08 -3.27E-02 -5.02E+04  2.69E+07 -3.16E+01 -2.09E-03  1.89E+05 -1.60E+01 -1.28E-02 -1.48E-07
  7.65E+06 -1.19E+09  5.20E+07  6.38E+08 -7.25E+07 -1.64E+06 -7.49E+05 -3.88E+04 -4.99E+08 -3.83E+08 -4.27E-02 -5.32E+04  2.53E+07 -3.63E+01 -1.79E-03  1.27E+05  2.57E+01 -1.26E-02 -1.69E-07
  7.75E+06 -1.32E+09  1.39E+08  6.15E+08 -1.06E+08 -1.79E+06 -7.99E+05 -3.56E+04 -4.55E+08 -3.89E+08 -5.20E-02 -5.12E+04  2.34E+07 -3.79E+01 -1.27E-03  7.78E+04  3.03E+01 -1.42E-02 -1.91E-07
  7.85E+06 -1.72E+09  3.64E+08  5.89E+08 -1.68E+08 -2.02E+06 -8.64E+05 -2.13E+04 -3.95E+08 -3.92E+08 -5.96E-02 -4.12E+04  2.12E+07 -3.24E+01 -5.47E-04  3.80E+04  5.71E+01 -1.64E-02 -1.43E-07
  7.95E+06 -4.44E+09  1.76E+09  5.66E+08 -2.88E+08 -6.25E+05 -1.60E+05  2.28E+04 -3.08E+08 -3.93E+08 -6.65E-02 -1.54E+04  1.89E+07  1.73E+00  2.45E-04  7.14E+03  2.72E+02 -3.82E-03  1.77E-07
  8.05E+06 -1.42E+10  6.70E+09  5.38E+08 -4.50E+08  2.51E+06  1.27E+06  6.09E+04 -1.96E+08 -3.88E+08 -7.73E-02  2.75E+04  1.66E+07  4.43E+01  7.50E-04 -1.72E+04  3.43E+02  2.40E-02  3.06E-07
  8.15E+06 -3.67E+10  1.80E+10  4.87E+08 -5.50E+08  2.40E+06  1.18E+06  4.49E+04 -9.05E+07 -3.74E+08 -8.47E-02  5.14E+04  1.43E+07  3.24E+01  8.55E-04 -4.33E+04  1.20E+02  2.25E-02  8.67E-08
  8.25E+06 -7.47E+10  3.71E+10  4.21E+08 -5.53E+08  1.22E+06  5.87E+05  2.00E+04 -1.81E+07 -3.52E+08 -7.34E-02  3.67E+04  1.20E+07  1.38E+01  8.17E-04 -7.49E+04  2.51E+01  1.10E-02  1.10E-08
  8.35E+06 -1.29E+11  6.41E+10  3.54E+08 -4.96E+08  5.87E+05  2.57E+05  7.27E+03  2.51E+07 -3.25E+08 -5.97E-02  1.81E+04  1.00E+07  5.65E+00  7.42E-04 -1.10E+05  5.29E+00  4.82E-03  9.12E-10
  8.45E+06 -1.97E+11  9.82E+10  2.91E+08 -4.12E+08  3.08E+05  1.14E+05  2.36E+03  5.02E+07 -2.97E+08 -4.69E-02  8.48E+03  8.22E+06  2.48E+00  6.49E-04 -1.46E+05  1.34E+00  2.15E-03  5.58E-11
  8.55E+06 -2.75E+11  1.38E+11  2.35E+08 -3.22E+08  1.78E+05  5.23E+04  7.04E+02  6.47E+07 -2.69E+08 -3.35E-02  4.15E+03  6.66E+06  1.19E+00  5.45E-04 -1.85E+05  4.07E-01  1.01E-03  2.68E-12
  8.65E+06 -3.60E+11  1.80E+11  1.87E+08 -2.38E+08  1.13E+05  2.50E+04  1.93E+02  7.32E+07 -2.41E+08 -2.05E-02  2.15E+03  5.33E+06  6.07E-01  4.38E-04 -2.27E+05  1.15E-01  5.00E-04  1.18E-13
  8.75E+06 -4.43E+11  2.21E+11  1.47E+08 -1.64E+08  7.58E+04  1.24E+04  4.86E+01  7.81E+07 -2.15E+08 -9.16E-03  1.17E+03  4.23E+06  3.29E-01  3.36E-04 -2.72E+05 -7.78E-03  2.60E-04  6.56E-15
  8.85E+06 -5.19E+11  2.59E+11  1.15E+08 -1.01E+08  5.30E+04  6.37E+03  1.13E+01  8.09E+07 -1.91E+08 -4.55E-04  6.63E+02  3.33E+06  1.88E-01  2.47E-04 -3.18E+05 -6.87E-02  1.43E-04  5.69E-16
  8.95E+06 -5.84E+11  2.92E+11  8.88E+07 -4.91E+07  3.81E+04  3.38E+03  2.47E+00  8.21E+07 -1.68E+08  5.25E-03  3.91E+02  2.60E+06  1.11E-01  1.74E-04 -3.59E+05 -9.59E-02  8.28E-05  6.92E-17
  9.05E+06 -6.33E+11  3.16E+11  6.83E+07 -6.35E+06  2.77E+04  1.85E+03  5.15E-01  8.25E+07 -1.47E+08  8.25E-03  2.38E+02  2.02E+06  6.87E-02  1.18E-04 -3.86E+05 -9.60E-02  5.17E-05  1.03E-17
  9.15E+06 -6.66E+11  3.33E+11  5.22E+07  2.83E+07  2.03E+04  1.04E+03  1.07E-01  8.22E+07 -1.27E+08  9.18E-03  1.49E+02  1.55E+06  4.37E-02  7.79E-05 -3.84E+05 -7.08E-02  3.54E-05  1.80E-18
  9.25E+06 -6.81E+11  3.41E+11  3.96E+07  5.63E+07  1.49E+04  6.03E+02  2.33E-02  8.16E+07 -1.09E+08  8.74E-03  9.57E+01  1.19E+06  2.86E-02  5.00E-05 -3.42E+05 -2.58E-02  2.65E-05  3.60E-19
  9.35E+06 -6.80E+11  3.40E+11  2.98E+07  7.88E+07  1.10E+04  3.58E+02  5.65E-03  8.07E+07 -9.20E+07  7.47E-03  6.21E+01  9.00E+05  1.90E-02  3.13E-05 -2.60E+05  2.61E-02  2.08E-05  8.09E-20
  9.45E+06 -6.64E+11  3.32E+11  2.22E+07  9.68E+07  8.06E+03  2.17E+02  1.57E-03  7.97E+07 -7.64E+07  5.74E-03  4.02E+01  6.73E+05  1.27E-02  1.93E-05 -1.59E+05  6.73E-02  1.63E-05  2.02E-20
  9.55E+06 -6.33E+11  3.17E+11  1.62E+07  1.11E+08  5.91E+03  1.34E+02  5.04E-04  7.87E+07 -6.18E+07  3.71E-03  2.49E+01  4.93E+05  8.35E-03  1.17E-05 -7.30E+04  8.60E-02  1.22E-05  5.54E-21
  9.65E+06 -5.86E+11  2.93E+11  1.15E+07  1.23E+08  4.33E+03  8.41E+01  1.80E-04  7.77E+07 -4.81E+07  1.38E-03  1.33E+01  3.49E+05  5.00E-03  6.95E-06 -2.00E+04  8.38E-02  8.63E-06  1.66E-21
  9.75E+06 -5.19E+11  2.60E+11  7.77E+06  1.33E+08  3.16E+03  5.36E+01  6.95E-05  7.67E+07 -3.50E+07 -1.48E-03  2.96E+00  2.32E+05  2.06E-03  3.95E-06  3.80E+03  7.08E-02  5.83E-06  5.34E-22
  9.85E+06 -4.19E+11  2.09E+11  4.57E+06  1.42E+08  2.31E+03  3.42E+01  2.78E-05  7.57E+07 -2.23E+07 -5.66E-03 -9.32E+00  1.32E+05 -1.35E-03  2.00E-06  1.11E+04  5.59E-02  3.82E-06  1.84E-22
  9.95E+06 -2.36E+11  1.18E+11  1.62E+06  1.51E+08  1.63E+03  2.09E+01  8.40E-06  7.43E+07 -9.02E+06 -1.74E-02 -4.67E+01  4.40E+04 -1.18E-02  6.13E-07  8.72E+03  4.22E-02  2.36E-06  6.04E-23
  1.00E+07  1.65E-02 -1.69E-03 -7.45E-09  1.58E+08  8.03E-05 -5.25E-06 -1.13E-17  7.28E+07 -4.19E-05  1.49E-08  7.39E-09 -1.67E-10  6.70E-09 -1.17E-19  5.82E-07  1.50E-09 -3.08E-13 -5.33E-32

     Z        HS        S         SO        SO2       H2SO4     HSO       S2        S4        S8        SO3       OCS       S3        O3        HNO3      N         NO3       N2O       HO2NO2  
  0.00E+00 -3.54E-04 -1.86E-12 -2.57E-04 -1.56E+09 -1.05E+08 -1.06E+07 -1.25E-27 -4.95E-51 -2.30-104 -2.29E-04 -8.62E-12 -1.13E-47 -2.33E+10 -1.61E+08  3.80-211  6.18E-04  1.13E+09 -5.70E+05
  5.00E+04  2.19E+02  2.82E-13  9.08E-01 -1.63E+09 -1.06E+08  1.14E+06  1.99E-17  5.07E-44  4.97E-94 -8.66E-02  4.75E-06  2.62E-41 -3.36E+10 -1.81E+08 -3.30-195  8.07E+02  1.13E+09 -2.39E+06
  1.50E+05  1.04E+02  6.86E-14  9.59E-01 -1.13E+09 -1.02E+08  3.68E+06  8.24E-18  4.93E-45  5.52E-94 -1.64E-01  7.29E-06  1.78E-42 -5.01E+10 -2.53E+08 -7.03-182 -8.33E+02  1.13E+09 -5.63E+06
  2.50E+05  4.97E+01  1.64E-14  6.49E-01 -8.76E+08 -9.15E+07  2.01E+06  1.80E-18  1.82E-46  5.51E-94 -3.63E-01  6.84E-06  7.33E-44 -6.14E+10 -2.79E+08 -7.28-169 -1.57E+03  1.12E+09 -1.40E+07
  3.50E+05  2.23E+01  3.57E-15  3.79E-01 -7.51E+08 -7.55E+07  9.04E+05  3.10E-19  4.47E-48  5.49E-94 -8.39E-01  5.82E-06  2.29E-45 -6.71E+10 -2.38E+08 -3.49-156 -1.76E+03  1.12E+09 -3.47E+07
  4.50E+05  9.95E+00  7.56E-16  2.14E-01 -6.95E+08 -5.13E+07  3.81E+05  4.66E-20  8.54E-50  5.48E-94 -2.01E+00  4.82E-06  6.11E-47 -6.73E+10 -1.59E+08 -7.36-144 -1.03E+03  1.11E+09 -8.88E+07
  5.50E+05  4.41E+00  1.54E-16  1.25E-01 -6.82E+08 -1.69E+07  1.56E+05  6.36E-21  1.36E-51  5.46E-94 -4.72E+00  4.00E-06  1.42E-48 -6.37E+10 -7.13E+07 -6.12-132  2.06E+02  1.11E+09 -1.77E+08
  6.50E+05  1.79E+00  2.79E-17  6.70E-02 -6.47E+08  5.64E+06  6.57E+04  8.00E-22  1.86E-53  5.45E-94 -1.13E+01  3.42E-06  2.78E-50 -5.94E+10 -2.72E+07 -1.75-120  3.34E+02  1.11E+09 -1.93E+08
  7.50E+05  6.21E-01  4.59E-18  2.38E-02 -5.51E+08 -2.47E+06  3.07E+04  9.43E-23  2.25E-55  5.43E-94 -3.58E+01  3.06E-06  5.32E-52 -5.60E+10 -3.10E+07 -1.49-109 -5.31E+02  1.11E+09 -9.63E+07
  8.50E+05  2.31E-01  9.70E-19  1.78E-03 -4.38E+08 -1.76E+07  1.52E+04  1.05E-23  2.47E-57  5.41E-94 -1.44E+02  2.81E-06  1.39E-53 -5.18E+10 -4.56E+07 -3.18E-99 -9.68E+02  1.11E+09  1.22E+07
  9.50E+05  1.10E-01  2.96E-19 -4.77E-03 -3.60E+08 -1.78E+07  7.04E+03  1.10E-24  2.49E-59  5.39E-94 -5.72E+02  2.64E-06  4.84E-55 -4.60E+10 -5.55E+07 -1.48E-89 -1.11E+03  1.11E+09  5.56E+07
  1.05E+06  5.05E-02  7.73E-20  1.08E-02 -3.13E+08 -7.94E+06  2.69E+03  8.43E-26  1.69E-61  5.37E-94 -4.88E+02  2.51E-06  1.43E-56 -3.97E+10 -6.74E+07 -1.85E-80 -1.83E+02  1.11E+09  3.61E+07
  1.15E+06  1.71E-02  5.94E-21  4.52E-03 -2.69E+08 -1.71E+06  7.32E+02  2.32E-27  2.62E-64  5.34E-94 -4.74E+02  2.41E-06  1.53E-58 -3.43E+10 -7.48E+07 -3.01E-71 -1.19E+02  1.11E+09  1.04E+07
  1.25E+06  2.88E-03 -1.34E-19 -6.28E-03 -2.21E+08  8.54E+05  1.64E+02 -9.23E-29 -1.31E-66  5.32E-94 -7.45E+01  2.33E-06 -5.16E-59 -3.05E+10 -7.61E+07 -1.13E-61 -1.18E+02  1.11E+09  2.17E+06
  1.35E+06  2.98E-04 -2.08E-18 -2.33E-02 -1.62E+08  9.56E+05  2.93E+01 -2.34E-28 -9.78E-66  5.29E-94 -3.48E+01  2.29E-06 -2.39E-57 -2.82E+10 -7.72E+07 -5.40E-53 -1.62E+02  1.11E+09 -2.24E+05
  1.45E+06  2.57E-05 -3.32E-17 -8.11E-02 -9.14E+07  9.37E+04  5.09E+00 -4.61E-28 -4.65E-65  5.27E-94 -5.50E+01  2.26E-06 -9.14E-56 -2.70E+10 -7.80E+07 -2.38E-45 -2.73E+02  1.10E+09 -8.79E+05
  1.55E+06  3.02E-06 -3.52E-16 -2.12E-01 -3.28E+07  8.62E+04  6.20E-01 -6.58E-28 -1.21E-64  5.24E-94 -5.65E+01  2.23E-06 -1.76E-54 -2.63E+10 -7.87E+07 -7.71E-39 -3.80E+02  1.10E+09 -1.15E+06
  1.65E+06  4.05E-07 -2.76E-15 -4.53E-01  8.39E+06  2.54E+05 -2.75E-01 -1.16E-27 -3.55E-64  5.21E-94 -5.13E+01  2.21E-06 -2.34E-53 -2.60E+10 -7.84E+07 -2.85E-33 -4.95E+02  1.10E+09 -1.31E+06
  1.75E+06  5.92E-08 -1.64E-14 -7.89E-01  3.42E+07  4.15E+05 -5.38E-01 -3.67E-27 -2.42E-63  5.19E-94 -4.15E+01  2.18E-06 -3.24E-52 -2.61E+10 -7.69E+07 -1.70E-28 -6.21E+02  1.10E+09 -1.47E+06
  1.85E+06  6.26E-09 -6.70E-14 -9.32E-01  4.59E+07  5.29E+05 -5.21E-01 -1.11E-26 -1.79E-62  5.16E-94 -1.62E+01  2.15E-06 -3.48E-51 -2.67E+10 -7.41E+07 -2.02E-24 -7.69E+02  1.09E+09 -1.69E+06
  1.95E+06 -4.32E-09 -1.80E-13 -5.45E-01  4.25E+07  5.14E+05 -2.01E-01 -2.38E-26 -7.80E-62  5.13E-94  1.87E+01  2.10E-06 -1.95E-50 -2.77E+10 -6.97E+07 -6.38E-21 -9.55E+02  1.08E+09 -1.97E+06
  2.05E+06 -9.49E-09 -4.15E-13 -2.71E-01  2.30E+07  3.01E+05 -4.18E-02 -4.72E-26 -2.58E-61  5.10E-94  1.85E+01  2.03E-06 -7.57E-50 -2.92E+10 -6.30E+07 -6.58E-18 -1.18E+03  1.07E+09 -2.27E+06
  2.15E+06 -1.52E-08 -8.62E-13 -1.04E-01  1.10E+07  1.56E+05  3.69E-02 -9.18E-26 -7.85E-61  5.07E-94  1.25E+01  1.95E-06 -2.51E-49 -3.09E+10 -5.39E+07 -2.53E-15 -1.46E+03  1.06E+09 -2.51E+06
  2.25E+06 -2.24E-08 -1.65E-12  2.63E-02  5.35E+06  8.29E+04  9.65E-02 -1.72E-25 -2.18E-60  5.03E-94  8.51E+00  1.83E-06 -7.23E-49 -3.25E+10 -4.22E+07 -4.43E-13 -1.80E+03  1.04E+09 -2.60E+06
  2.35E+06 -2.98E-08 -2.87E-12  1.34E-01  2.61E+06  4.51E+04  1.43E-01 -2.88E-25 -4.94E-60  5.00E-94  6.70E+00  1.69E-06 -1.71E-48 -3.35E+10 -2.86E+07 -3.97E-11 -2.16E+03  1.01E+09 -2.46E+06
  2.45E+06 -3.61E-08 -4.51E-12  2.10E-01  1.27E+06  2.48E+04  1.68E-01 -4.12E-25 -8.45E-60  4.97E-94  5.83E+00  1.52E-06 -3.18E-48 -3.37E+10 -1.40E+07 -2.04E-09 -2.53E+03  9.80E+08 -2.04E+06
  2.55E+06 -3.95E-08 -6.45E-12  2.50E-01  6.15E+05  1.35E+04  1.71E-01 -4.85E-25 -9.94E-60  4.93E-94  5.43E+00  1.32E-06 -4.52E-48 -3.27E+10  4.43E+05 -6.54E-08 -2.84E+03  9.37E+08 -1.38E+06
  2.65E+06 -3.73E-08 -8.22E-12  2.62E-01  2.94E+05  6.35E+03  1.58E-01 -4.22E-25 -5.75E-60  4.90E-94  5.28E+00  1.10E-06 -4.36E-48 -3.03E+10  1.34E+07 -1.37E-06 -3.07E+03  8.86E+08 -5.58E+05
  2.75E+06 -3.11E-08 -9.65E-12  2.43E-01  1.39E+05 -6.22E+01  1.32E-01 -2.49E-25  1.42E-60  4.86E-94  4.67E+00  8.71E-07 -2.50E-48 -2.66E+10  2.44E+07 -1.98E-05 -3.17E+03  8.26E+08  3.04E+05
  2.85E+06 -2.38E-08 -1.09E-11  2.00E-01  6.54E+04 -1.02E+04  9.96E-02 -6.19E-26  5.93E-60  4.82E-94  3.53E+00  6.54E-07 -2.36E-49 -2.18E+10  3.27E+07 -2.05E-04 -3.10E+03  7.58E+08  1.07E+06
  2.95E+06 -9.45E-09 -1.03E-11  1.62E-01  3.04E+04 -2.94E+04  7.16E-02  1.77E-25  7.66E-60  4.79E-94  2.85E+00  4.59E-07  2.42E-48 -1.62E+10  3.68E+07 -1.50E-03 -2.88E+03  6.84E+08  1.54E+06
  3.05E+06  3.33E-11 -9.82E-12  1.20E-01  1.42E+04 -1.42E+04  4.70E-02  2.68E-25  5.25E-60  4.75E-94  1.58E+00  2.99E-07  3.03E-48 -1.06E+10  3.81E+07 -8.47E-03 -2.51E+03  6.07E+08  1.80E+06
  3.15E+06  4.54E-09 -1.01E-11  8.20E-02  6.74E+03 -6.74E+03  2.89E-02  2.52E-25  2.67E-60  4.70E-94  2.89E-01  1.80E-07  2.43E-48 -5.77E+09  3.63E+07 -3.73E-02 -1.99E+03  5.30E+08  1.82E+06
  3.25E+06  7.98E-09 -1.00E-11  5.52E-02  3.26E+03 -3.26E+03  1.71E-02  2.12E-25  1.20E-60  4.66E-94 -5.65E-01  9.87E-08  1.72E-48 -1.94E+09  3.15E+07 -1.28E-01 -1.41E+03  4.55E+08  1.62E+06
  3.35E+06  7.21E-09 -1.15E-11  3.49E-02  1.61E+03 -1.61E+03  9.72E-03  1.47E-25  4.68E-61  4.61E-94 -1.39E+00  4.93E-08  1.01E-48  6.28E+08  2.57E+07 -3.65E-01 -8.12E+02  3.85E+08  1.34E+06
  3.45E+06  3.28E-09 -1.55E-11  1.99E-02  8.13E+02 -8.11E+02  5.42E-03  8.64E-26  1.74E-61  4.57E-94 -2.10E+00  2.24E-08  5.15E-49  2.16E+09  2.01E+07 -8.90E-01 -2.52E+02  3.21E+08  1.04E+06
  3.55E+06 -2.08E-09 -2.28E-11  8.95E-03  4.15E+02 -4.13E+02  3.00E-03  3.98E-26  6.51E-62  4.52E-94 -2.24E+00  9.21E-09  2.10E-49  3.05E+09  1.51E+07 -1.88E+00  2.47E+02  2.66E+08  7.66E+05
  3.65E+06 -8.80E-09 -3.63E-11  3.48E-04  2.11E+02 -2.09E+02  1.72E-03  3.21E-27  2.42E-62  4.46E-94 -1.66E+00  3.47E-09  2.57E-51  3.71E+09  1.12E+07 -3.64E+00  6.76E+02  2.18E+08  5.50E+05
  3.75E+06 -1.42E-08 -5.53E-11 -5.85E-03  1.05E+02 -1.05E+02  1.04E-03 -2.04E-26  9.03E-63  4.41E-94 -2.16E-01  1.19E-09 -1.36E-49  4.34E+09  8.19E+06 -6.31E+00  1.04E+03  1.77E+08  3.75E+05
  3.85E+06 -1.80E-08 -8.11E-11 -1.03E-02  5.09E+01 -5.21E+01  6.96E-04 -3.38E-26  3.61E-63  4.35E-94  1.27E+00  3.74E-10 -2.36E-49  5.13E+09  5.94E+06 -1.01E+01  1.35E+03  1.43E+08  2.45E+05
  3.95E+06 -2.04E-08 -1.17E-10 -1.39E-02  2.39E+01 -2.61E+01  5.14E-04 -3.93E-26  2.47E-63  4.29E-94  2.23E+00  1.08E-10 -3.08E-49  6.15E+09  4.35E+06 -1.53E+01  1.60E+03  1.15E+08  1.56E+05
  4.05E+06 -2.14E-08 -1.62E-10 -1.66E-02  1.07E+01 -1.33E+01  3.94E-04 -3.82E-26  3.00E-63  4.23E-94  2.63E+00  2.87E-11 -3.44E-49  7.19E+09  3.16E+06 -2.18E+01  1.77E+03  9.28E+07  9.43E+04
  4.15E+06 -2.21E-08 -2.19E-10 -1.91E-02  4.43E+00 -7.07E+00  2.99E-04 -3.61E-26  3.36E-63  4.16E-94  2.65E+00  7.00E-12 -3.67E-49  8.12E+09  2.27E+06 -2.97E+01  1.82E+03  7.44E+07  5.47E+04
  4.25E+06 -2.36E-08 -2.97E-10 -2.23E-02  1.42E+00 -3.92E+00  2.22E-04 -3.84E-26  2.89E-63  4.10E-94  2.52E+00  1.59E-12 -4.18E-49  8.90E+09  1.59E+06 -4.01E+01  1.78E+03  5.97E+07  3.10E+04
  4.35E+06 -2.64E-08 -4.07E-10 -2.67E-02 -1.21E-02 -2.29E+00  1.56E-04 -4.84E-26  1.60E-63  4.02E-94  2.32E+00  3.39E-13 -5.32E-49  9.41E+09  1.08E+06 -5.39E+01  1.63E+03  4.78E+07  1.72E+04
  4.45E+06 -2.99E-08 -5.60E-10 -3.27E-02 -6.53E-01 -1.40E+00  9.91E-05 -6.70E-26 -2.15E-64  3.95E-94  2.09E+00  6.93E-14 -7.41E-49  9.44E+09  6.91E+05 -7.24E+01  1.38E+03  3.83E+07  9.37E+03
  4.55E+06 -3.39E-08 -7.58E-10 -3.99E-02 -8.89E-01 -8.99E-01  5.00E-05 -9.53E-26 -2.59E-63  3.87E-94  1.83E+00  1.35E-14 -1.08E-48  8.91E+09  4.16E+05 -9.56E+01  1.07E+03  3.08E+07  4.95E+03
  4.65E+06 -3.92E-08 -1.08E-09 -5.14E-02 -9.48E-01 -5.96E-01  1.26E-05 -1.38E-25 -5.40E-63  3.79E-94  1.60E+00  2.47E-15 -1.66E-48  8.32E+09  2.47E+05 -1.34E+02  8.02E+02  2.47E+07  2.71E+03
  4.75E+06 -4.39E-08 -1.50E-09 -6.43E-02 -9.12E-01 -4.03E-01 -1.69E-05 -1.91E-25 -8.84E-63  3.70E-94  1.38E+00  1.24E-16 -2.48E-48  7.54E+09  1.42E+05 -1.81E+02  5.68E+02  1.99E+07  1.46E+03
  4.85E+06 -4.53E-08 -2.05E-09 -7.71E-02 -8.44E-01 -2.73E-01 -3.20E-05 -2.46E-25 -1.18E-62  3.61E-94  1.19E+00 -5.58E-16 -3.47E-48  6.93E+09  8.01E+04 -2.36E+02  3.88E+02  1.61E+07  8.01E+02
  4.95E+06 -4.42E-08 -2.78E-09 -9.06E-02 -7.61E-01 -1.85E-01 -3.77E-05 -3.01E-25 -1.41E-62  3.52E-94  1.04E+00 -9.25E-16 -4.62E-48  6.48E+09  4.52E+04 -2.99E+02  2.62E+02  1.30E+07  4.45E+02
  5.05E+06 -4.28E-08 -3.72E-09 -1.05E-01 -6.56E-01 -1.24E-01 -4.31E-05 -3.68E-25 -1.69E-62  3.43E-94  8.85E-01 -1.27E-15 -6.08E-48  5.88E+09  2.52E+04 -3.71E+02  1.72E+02  1.05E+07  2.45E+02
  5.15E+06 -4.12E-08 -4.94E-09 -1.22E-01 -5.35E-01 -8.33E-02 -4.78E-05 -4.47E-25 -2.01E-62  3.33E-94  7.40E-01 -1.65E-15 -7.93E-48  5.19E+09  1.39E+04 -4.53E+02  1.11E+02  8.57E+06  1.34E+02
  5.25E+06 -3.95E-08 -6.49E-09 -1.40E-01 -4.13E-01 -5.58E-02 -5.15E-05 -5.37E-25 -2.35E-62  3.24E-94  6.08E-01 -2.09E-15 -1.02E-47  4.50E+09  7.58E+03 -5.44E+02  7.03E+01  6.98E+06  7.36E+01
  5.35E+06 -3.80E-08 -8.48E-09 -1.60E-01 -2.96E-01 -3.73E-02 -5.45E-05 -6.41E-25 -2.74E-62  3.14E-94  4.93E-01 -2.58E-15 -1.31E-47  3.85E+09  4.12E+03 -6.47E+02  4.42E+01  5.70E+06  4.03E+01
  5.45E+06 -3.69E-08 -1.10E-08 -1.82E-01 -1.89E-01 -2.50E-02 -5.72E-05 -7.65E-25 -3.20E-62  3.04E-94  3.96E-01 -3.15E-15 -1.66E-47  3.28E+09  2.24E+03 -7.60E+02  2.75E+01  4.66E+06  2.20E+01
  5.55E+06 -3.65E-08 -1.43E-08 -2.06E-01 -9.22E-02 -1.67E-02 -6.00E-05 -9.14E-25 -3.76E-62  2.94E-94  3.15E-01 -3.78E-15 -2.12E-47  2.78E+09  1.21E+03 -8.86E+02  1.71E+01  3.81E+06  1.21E+01
  5.65E+06 -3.69E-08 -1.84E-08 -2.33E-01 -5.29E-03 -1.12E-02 -6.32E-05 -1.10E-24 -4.49E-62  2.84E-94  2.50E-01 -4.49E-15 -2.70E-47  2.35E+09  6.55E+02 -1.03E+03  1.05E+01  3.13E+06  6.60E+00
  5.75E+06 -3.84E-08 -2.36E-08 -2.63E-01  7.34E-02 -7.46E-03 -6.68E-05 -1.33E-24 -5.46E-62  2.73E-94  1.97E-01 -5.27E-15 -3.47E-47  1.99E+09  3.54E+02 -1.18E+03  6.47E+00  2.57E+06  3.61E+00
  5.85E+06 -4.09E-08 -3.03E-08 -2.96E-01  1.46E-01 -4.98E-03 -7.12E-05 -1.63E-24 -6.81E-62  2.63E-94  1.55E-01 -6.12E-15 -4.50E-47  1.69E+09  1.92E+02 -1.34E+03  3.97E+00  2.12E+06  1.98E+00
  5.95E+06 -4.45E-08 -3.87E-08 -3.32E-01  2.13E-01 -3.32E-03 -7.61E-05 -2.02E-24 -8.70E-62  2.53E-94  1.22E-01 -7.04E-15 -5.89E-47  1.43E+09  1.04E+02 -1.52E+03  2.43E+00  1.74E+06  1.09E+00
  6.05E+06 -4.92E-08 -4.94E-08 -3.71E-01  2.77E-01 -2.21E-03 -8.17E-05 -2.53E-24 -1.14E-61  2.43E-94  9.63E-02 -8.03E-15 -7.80E-47  1.22E+09  5.68E+01 -1.71E+03  1.48E+00  1.44E+06  6.01E-01
  6.15E+06 -5.48E-08 -6.29E-08 -4.14E-01  3.40E-01 -1.47E-03 -8.77E-05 -3.21E-24 -1.52E-61  2.33E-94  7.57E-02 -9.08E-15 -1.04E-46  1.03E+09  3.10E+01 -1.92E+03  9.05E-01  1.19E+06  3.33E-01
  6.25E+06 -6.14E-08 -7.99E-08 -4.61E-01  4.03E-01 -9.74E-04 -9.39E-05 -4.12E-24 -2.08E-61  2.23E-94  5.94E-02 -1.02E-14 -1.41E-46  8.69E+08  1.71E+01 -2.14E+03  5.53E-01  9.83E+05  1.85E-01
  6.35E+06 -6.89E-08 -1.01E-07 -5.12E-01  4.66E-01 -6.43E-04 -1.00E-04 -5.32E-24 -2.87E-61  2.12E-94  4.65E-02 -1.13E-14 -1.92E-46  7.27E+08  9.43E+00 -2.38E+03  3.38E-01  8.13E+05  1.04E-01
  6.45E+06 -7.69E-08 -1.28E-07 -5.66E-01  5.30E-01 -4.21E-04 -1.06E-04 -6.90E-24 -4.01E-61  2.02E-94  3.64E-02 -1.24E-14 -2.62E-46  6.05E+08  5.26E+00 -2.63E+03  2.07E-01  6.74E+05  5.87E-02
  6.55E+06 -8.57E-08 -1.61E-07 -6.23E-01  5.95E-01 -2.74E-04 -1.10E-04 -8.96E-24 -5.61E-61  1.92E-94  2.84E-02 -1.36E-14 -3.58E-46  4.99E+08  2.96E+00 -2.89E+03  1.27E-01  5.59E+05  3.35E-02
  6.65E+06 -9.58E-08 -2.03E-07 -6.81E-01  6.60E-01 -1.77E-04 -1.14E-04 -1.17E-23 -7.94E-61  1.83E-94  2.21E-02 -1.49E-14 -4.91E-46  4.11E+08  1.68E+00 -3.16E+03  7.86E-02  4.64E+05  1.93E-02
  6.75E+06 -1.10E-07 -2.53E-07 -7.40E-01  7.23E-01 -1.13E-04 -1.20E-04 -1.55E-23 -1.16E-60  1.73E-94  1.72E-02 -1.64E-14 -6.80E-46  3.40E+08  9.55E-01 -3.43E+03  4.89E-02  3.86E+05  1.11E-02
  6.85E+06 -1.35E-07 -3.15E-07 -7.96E-01  7.83E-01 -7.12E-05 -1.34E-04 -2.17E-23 -1.84E-60  1.63E-94  1.34E-02 -1.87E-14 -9.82E-46  2.86E+08  5.42E-01 -3.71E+03  3.04E-02  3.21E+05  6.40E-03
  6.95E+06 -1.85E-07 -3.87E-07 -8.46E-01  8.36E-01 -4.41E-05 -1.63E-04 -3.31E-23 -3.39E-60  1.54E-94  1.04E-02 -2.23E-14 -1.53E-45  2.48E+08  3.03E-01 -3.96E+03  1.87E-02  2.68E+05  3.58E-03
  7.05E+06 -2.81E-07 -4.71E-07 -8.81E-01  8.73E-01 -2.68E-05 -2.18E-04 -5.64E-23 -7.50E-60  1.44E-94  8.07E-03 -2.84E-14 -2.64E-45  2.19E+08  1.63E-01 -4.15E+03  1.13E-02  2.24E+05  1.89E-03
  7.15E+06 -4.58E-07 -5.61E-07 -8.92E-01  8.86E-01 -1.59E-05 -3.02E-04 -1.05E-22 -1.96E-59  1.35E-94  6.19E-03 -3.87E-14 -4.97E-45  1.91E+08  8.19E-02 -4.23E+03  6.70E-03  1.88E+05  8.97E-04
  7.25E+06 -7.58E-07 -6.55E-07 -8.72E-01  8.67E-01 -9.18E-06 -4.07E-04 -2.07E-22 -5.77E-59  1.26E-94  4.66E-03 -5.50E-14 -9.69E-45  1.58E+08  3.76E-02 -4.16E+03  3.96E-03  1.58E+05  3.43E-04
  7.35E+06 -1.22E-06 -7.44E-07 -8.18E-01  8.15E-01 -5.07E-06 -5.05E-04 -3.98E-22 -1.73E-58  1.17E-94  3.45E-03 -7.87E-14 -1.83E-44  1.21E+08  1.76E-02 -3.89E+03  2.44E-03  1.33E+05  9.92E-05
  7.45E+06 -1.58E-06 -7.60E-07 -5.78E-01  5.76E-01 -2.62E-06 -4.45E-04 -6.00E-22 -3.65E-58  1.08E-94  2.53E-03 -1.10E-13 -2.50E-44  9.08E+07  1.57E-02 -2.72E+03  2.07E-03  1.12E+05  1.66E-04
  7.55E+06 -1.98E-06 -8.36E-07 -5.26E-01  5.25E-01 -1.34E-06 -3.84E-04 -8.47E-22 -6.63E-58  9.93E-95  1.83E-03 -1.49E-13 -3.27E-44  6.00E+07  1.71E-02 -2.58E+03  1.59E-03  9.47E+04  2.32E-04
  7.65E+06 -2.33E-06 -9.26E-07 -4.89E-01  4.88E-01 -6.98E-07 -2.97E-04 -1.10E-21 -1.02E-57  9.10E-95  1.29E-03 -1.93E-13 -3.92E-44  4.06E+07  1.75E-02 -2.62E+03  1.25E-03  8.01E+04  2.59E-04
  7.75E+06 -2.98E-06 -9.99E-07 -4.29E-01  4.28E-01 -3.76E-07 -2.52E-04 -1.49E-21 -1.60E-57  8.30E-95  8.41E-04 -2.38E-13 -4.86E-44  2.97E+07  1.57E-02 -2.55E+03  9.12E-04  6.78E+04  2.20E-04
  7.85E+06 -3.51E-06 -1.07E-06 -3.67E-01  3.67E-01 -2.12E-07 -1.49E-04 -1.72E-21 -1.95E-57  7.52E-95  4.27E-04 -2.77E-13 -4.93E-44  2.03E+07  1.64E-02 -2.62E+03  6.79E-04  5.73E+04  2.29E-04
  7.95E+06  1.16E-06 -1.42E-06 -5.57E-01  5.57E-01 -1.27E-07  4.47E-04  9.96E-22  2.54E-57  6.77E-95 -1.84E-05 -3.07E-13  3.77E-44  3.06E+06  2.20E-02 -4.70E+03  8.25E-04  4.84E+04  3.90E-04
  8.05E+06  5.89E-06 -2.32E-06 -1.07E+00  1.07E+00 -8.08E-08  8.31E-04  2.59E-21  1.48E-57  6.06E-95 -5.82E-04 -3.07E-13  8.30E-44 -2.41E+07  1.79E-02 -9.82E+03  9.71E-04  4.07E+04  3.12E-04
  8.15E+06  1.80E-06 -2.99E-06 -1.21E+00  1.21E+00 -5.26E-08  3.40E-04  4.68E-22  2.82E-59  5.38E-95 -1.23E-03 -2.23E-13  1.63E-44 -5.02E+07  7.11E-03 -1.40E+04  5.27E-04  3.42E+04  8.53E-05
  8.25E+06  2.49E-07 -3.17E-06 -9.95E-01  9.97E-01 -3.38E-08  7.82E-05  3.58E-23  1.40E-61  4.73E-95 -1.72E-03 -6.47E-14  1.34E-45 -6.72E+07  2.06E-03 -1.60E+04  1.57E-04  2.86E+04  1.37E-05
  8.35E+06  3.23E-08 -3.25E-06 -7.78E-01  7.80E-01 -2.08E-08  1.69E-05  2.67E-24  7.17E-64  4.13E-95 -1.94E-03  6.42E-14  1.02E-46 -7.58E+07  5.43E-04 -1.82E+04  3.98E-05  2.38E+04  1.91E-06
  8.45E+06  4.76E-09 -3.36E-06 -6.21E-01  6.22E-01 -1.20E-08  3.98E-06  2.45E-25  5.72E-66  3.56E-95 -1.87E-03  1.10E-13  9.19E-48 -7.80E+07  1.40E-04 -2.17E+04  1.22E-05  1.98E+04  2.81E-07
  8.55E+06  8.20E-10 -3.49E-06 -5.06E-01  5.07E-01 -6.57E-09  1.05E-06  2.84E-26  7.34E-68  3.04E-95 -1.59E-03  9.99E-14  1.02E-48 -7.48E+07  3.61E-05 -2.77E+04  5.13E-06  1.63E+04  5.11E-08
  8.65E+06  1.64E-10 -3.64E-06 -4.18E-01  4.20E-01 -3.38E-09  3.10E-07  4.08E-27  1.47E-69  2.56E-95 -1.20E-03  7.46E-14  1.39E-49 -6.74E+07  9.55E-06 -3.83E+04  2.72E-06  1.35E+04  1.23E-08
  8.75E+06  3.74E-11 -3.81E-06 -3.50E-01  3.51E-01 -1.64E-09  1.01E-07  7.07E-28  4.56E-71  2.13E-95 -7.84E-04  5.22E-14  2.26E-50 -5.69E+07  2.67E-06 -5.87E+04  1.61E-06  1.11E+04  3.74E-09
  8.85E+06  9.61E-12 -4.00E-06 -2.97E-01  2.97E-01 -7.58E-10  3.55E-08  1.45E-28  2.41E-72  1.74E-95 -4.05E-04  3.60E-14  4.31E-51 -4.47E+07  8.24E-07 -1.01E+05  1.01E-06  9.07E+03  1.32E-09
  8.95E+06  2.75E-12 -4.20E-06 -2.54E-01  2.54E-01 -3.33E-10  1.35E-08  3.43E-29  2.42E-73  1.40E-95 -1.03E-04  2.47E-14  9.46E-52 -3.23E+07  2.94E-07 -1.93E+05  6.78E-07  7.41E+03  5.14E-10
  9.05E+06  8.68E-13 -4.42E-06 -2.19E-01  2.18E-01 -1.39E-10  5.54E-09  9.28E-30  4.14E-74  1.11E-95  1.07E-04  1.67E-14  2.37E-52 -2.09E+07  1.22E-07 -3.93E+05  5.14E-07  6.04E+03  2.14E-10
  9.15E+06  2.99E-13 -4.65E-06 -1.89E-01  1.89E-01 -5.60E-11  2.41E-09  2.81E-30  9.74E-75  8.56E-96  2.33E-04  1.12E-14  6.70E-53 -1.12E+07  5.79E-08 -8.21E+05  4.56E-07  4.90E+03  9.38E-11
  9.25E+06  1.11E-13 -4.90E-06 -1.63E-01  1.63E-01 -2.17E-11  1.11E-09  9.28E-31  2.79E-75  6.46E-96  2.88E-04  7.23E-15  2.11E-53 -3.50E+06  2.97E-08 -1.71E+06  4.48E-07  3.96E+03  4.27E-11
  9.35E+06  4.45E-14 -5.14E-06 -1.40E-01  1.40E-01 -8.10E-12  5.37E-10  3.17E-31  9.35E-76  4.73E-96  2.94E-04  4.38E-15  7.36E-54  2.06E+06  1.57E-08 -3.47E+06  4.42E-07  3.17E+03  1.98E-11
  9.45E+06  1.90E-14 -5.39E-06 -1.20E-01  1.19E-01 -2.71E-12  2.73E-10  9.76E-32  3.62E-76  3.35E-96  2.68E-04  2.24E-15  2.76E-54  5.74E+06  8.26E-09 -6.75E+06  4.05E-07  2.50E+03  9.11E-12
  9.55E+06  8.59E-15 -5.62E-06 -1.01E-01  1.01E-01 -8.81E-13  1.44E-10  1.08E-32  1.59E-76  2.28E-96  2.26E-04  4.84E-16  1.07E-54  7.88E+06  4.21E-09 -1.25E+07  3.33E-07  1.94E+03  4.11E-12
  9.65E+06  4.08E-15 -5.84E-06 -8.43E-02  8.41E-02 -2.29E-13  7.87E-11 -2.71E-32  7.86E-77  1.46E-96  1.77E-04 -1.17E-15  3.86E-55  8.89E+06  2.07E-09 -2.18E+07  2.48E-07  1.44E+03  1.81E-12
  9.75E+06  2.03E-15 -6.03E-06 -6.91E-02  6.90E-02 -7.46E-14  4.42E-11 -4.61E-32  4.21E-77  8.54E-97  1.27E-04 -3.09E-15  8.51E-56  9.14E+06  9.76E-10 -3.59E+07  1.73E-07  1.00E+03  7.79E-13
  9.85E+06  1.03E-15 -6.13E-06 -5.35E-02  5.34E-02 -1.78E-14  2.52E-11 -5.73E-32  2.46E-77  4.19E-97  7.80E-05 -5.94E-15 -4.96E-56  9.03E+06  4.35E-10 -5.61E+07  1.16E-07  6.04E+02  3.28E-13
  9.95E+06  5.14E-16 -5.82E-06 -2.77E-02  2.76E-02 -1.60E-14  1.40E-11 -6.37E-32  1.90E-77  1.14E-97  2.76E-05 -9.68E-15 -6.24E-56  8.77E+06  1.34E-10 -8.34E+07  7.61E-08  2.15E+02  1.05E-13
  1.00E+07 -3.82E-20 -9.88E-11 -1.14E-10 -1.07E-10 -2.11E-15 -2.70E-16 -2.27E-36 -3.51E-83  1.43-112 -1.51E-15 -9.00E-24 -3.25E-60  9.59E-04  1.53E-23 -1.00E+08  1.13E-15 -2.53E-12 -4.11E-26

     Z        N2O5      CO2       SO4AER    S8AER   
  0.00E+00  2.35E-06 -2.76E+11 -7.76E+07  2.94E-20
  5.00E+04 -1.41E+02 -2.53E+11 -6.10E+08 -1.17E-22
  1.50E+05 -4.21E+02 -2.10E+11 -1.63E+09 -1.13E-22
  2.50E+05 -1.28E+03 -1.71E+11 -2.25E+09 -1.10E-22
  3.50E+05 -3.92E+03 -1.36E+11 -2.47E+09 -1.07E-22
  4.50E+05 -1.13E+04 -1.05E+11 -2.49E+09 -1.05E-22
  5.50E+05 -1.96E+04 -7.88E+10 -2.42E+09 -1.04E-22
  6.50E+05 -1.67E+04 -5.92E+10 -2.32E+09 -1.03E-22
  7.50E+05 -1.29E+04 -4.57E+10 -2.22E+09 -1.04E-22
  8.50E+05 -1.13E+04 -3.55E+10 -2.11E+09 -1.05E-22
  9.50E+05 -7.30E+03 -2.69E+10 -1.96E+09 -1.06E-22
  1.05E+06 -3.68E+03 -1.96E+10 -1.74E+09 -1.06E-22
  1.15E+06 -4.84E+03 -1.37E+10 -1.44E+09 -1.04E-22
  1.25E+06 -5.94E+03 -9.80E+09 -1.11E+09 -1.02E-22
  1.35E+06 -9.73E+03 -7.55E+09 -8.39E+08 -1.00E-22
  1.45E+06 -1.84E+04 -6.42E+09 -6.25E+08 -9.85E-23
  1.55E+06 -3.30E+04 -5.74E+09 -4.47E+08 -9.69E-23
  1.65E+06 -5.30E+04 -5.29E+09 -2.99E+08 -9.55E-23
  1.75E+06 -7.38E+04 -4.96E+09 -1.83E+08 -9.42E-23
  1.85E+06 -9.43E+04 -4.71E+09 -9.97E+07 -9.29E-23
  1.95E+06 -1.12E+05 -4.51E+09 -4.89E+07 -9.18E-23
  2.05E+06 -1.25E+05 -4.34E+09 -2.33E+07 -9.06E-23
  2.15E+06 -1.38E+05 -4.19E+09 -1.12E+07 -8.96E-23
  2.25E+06 -1.47E+05 -4.05E+09 -5.44E+06 -8.85E-23
  2.35E+06 -1.49E+05 -3.91E+09 -2.65E+06 -8.76E-23
  2.45E+06 -1.38E+05 -3.78E+09 -1.30E+06 -8.67E-23
  2.55E+06 -1.10E+05 -3.63E+09 -6.28E+05 -8.58E-23
  2.65E+06 -6.64E+04 -3.48E+09 -3.01E+05 -8.50E-23
  2.75E+06 -9.89E+03 -3.32E+09 -1.39E+05 -8.41E-23
  2.85E+06  4.86E+04 -3.15E+09 -5.51E+04 -8.33E-23
  2.95E+06  8.66E+04 -2.97E+09 -1.08E+03 -8.24E-23
  3.05E+06  1.10E+05 -2.78E+09  2.14E-08 -8.15E-23
  3.15E+06  1.16E+05 -2.58E+09  1.86E-09 -8.05E-23
  3.25E+06  1.02E+05 -2.39E+09  0.00E+00 -7.95E-23
  3.35E+06  8.24E+04 -2.20E+09 -1.40E-09 -7.85E-23
  3.45E+06  6.14E+04 -2.01E+09  4.66E-09 -7.75E-23
  3.55E+06  4.26E+04 -1.84E+09  6.52E-09 -7.66E-23
  3.65E+06  2.85E+04 -1.67E+09  2.33E-09 -7.58E-23
  3.75E+06  1.78E+04 -1.51E+09 -2.33E-10 -7.50E-23
  3.85E+06  1.06E+04 -1.35E+09 -2.56E-09 -7.42E-23
  3.95E+06  6.01E+03 -1.20E+09 -3.49E-09 -7.35E-23
  4.05E+06  3.18E+03 -1.06E+09  0.00E+00 -7.29E-23
  4.15E+06  1.56E+03 -9.29E+08 -1.28E-09 -7.24E-23
  4.25E+06  7.18E+02 -8.01E+08 -5.82E-10 -7.19E-23
  4.35E+06  3.09E+02 -6.82E+08  5.24E-10 -7.16E-23
  4.45E+06  1.25E+02 -5.72E+08  4.07E-10 -7.14E-23
  4.55E+06  4.74E+01 -4.74E+08  2.91E-10 -7.13E-23
  4.65E+06  1.81E+01 -3.88E+08  3.49E-10 -7.13E-23
  4.75E+06  6.71E+00 -3.13E+08 -8.73E-11 -7.15E-23
  4.85E+06  2.47E+00 -2.49E+08 -3.20E-10 -7.18E-23
  4.95E+06  9.08E-01 -1.95E+08 -1.16E-10 -7.21E-23
  5.05E+06  3.27E-01 -1.48E+08 -2.33E-10 -7.24E-23
  5.15E+06  1.16E-01 -1.08E+08 -2.18E-10 -7.27E-23
  5.25E+06  4.09E-02 -7.28E+07 -1.02E-10 -7.30E-23
  5.35E+06  1.44E-02 -4.19E+07 -6.55E-11 -7.33E-23
  5.45E+06  5.05E-03 -1.41E+07  1.46E-11 -7.36E-23
  5.55E+06  1.78E-03  1.13E+07  4.00E-11 -7.40E-23
  5.65E+06  6.25E-04  3.49E+07 -1.82E-11 -7.43E-23
  5.75E+06  2.20E-04  5.72E+07  0.00E+00 -7.46E-23
  5.85E+06  7.80E-05  7.83E+07 -9.09E-12 -7.50E-23
  5.95E+06  2.77E-05  9.86E+07 -1.09E-11 -7.54E-23
  6.05E+06  9.89E-06  1.18E+08  4.09E-12 -7.57E-23
  6.15E+06  3.55E-06  1.37E+08  6.82E-13 -7.61E-23
  6.25E+06  1.29E-06  1.55E+08 -2.27E-13 -7.65E-23
  6.35E+06  4.72E-07  1.73E+08 -2.27E-13 -7.69E-23
  6.45E+06  1.75E-07  1.90E+08 -1.71E-13 -7.74E-23
  6.55E+06  6.60E-08  2.07E+08 -1.14E-13 -7.78E-23
  6.65E+06  2.53E-08  2.24E+08 -2.84E-14 -7.82E-23
  6.75E+06  9.83E-09  2.39E+08 -7.11E-15 -7.86E-23
  6.85E+06  3.88E-09  2.55E+08 -3.55E-15 -7.91E-23
  6.95E+06  1.55E-09  2.69E+08  0.00E+00 -7.95E-23
  7.05E+06  6.30E-10  2.84E+08  3.33E-16 -7.99E-23
  7.15E+06  2.63E-10  2.97E+08 -2.78E-17 -8.03E-23
  7.25E+06  1.16E-10  3.11E+08 -6.94E-18 -8.07E-23
  7.35E+06  5.77E-11  3.24E+08 -1.30E-18 -8.11E-23
  7.45E+06  3.71E-11  3.37E+08  1.08E-19 -8.13E-23
  7.55E+06  2.30E-11  3.48E+08  0.00E+00 -8.13E-23
  7.65E+06  1.38E-11  3.58E+08 -2.12E-22 -8.13E-23
  7.75E+06  7.62E-12  3.66E+08 -6.62E-24 -8.13E-23
  7.85E+06  4.40E-12  3.71E+08  1.03E-25 -8.12E-23
  7.95E+06  3.18E-12  3.74E+08  6.06E-28 -8.12E-23
  8.05E+06  1.49E-12  3.72E+08 -9.90E-17 -8.12E-23
  8.15E+06  2.80E-13  3.60E+08 -8.58E-19 -8.12E-23
  8.25E+06  3.11E-14  3.40E+08 -3.35E-21 -8.11E-23
  8.35E+06  3.01E-15  3.15E+08 -6.87E-23 -8.11E-23
  8.45E+06  3.28E-16  2.89E+08 -6.87E-23 -8.11E-23
  8.55E+06  5.48E-17  2.62E+08 -6.87E-23 -8.11E-23
  8.65E+06  1.62E-17  2.36E+08 -6.86E-23 -8.10E-23
  8.75E+06  6.68E-18  2.11E+08 -6.86E-23 -8.10E-23
  8.85E+06  3.18E-18  1.87E+08 -6.86E-23 -8.10E-23
  8.95E+06  1.65E-18  1.65E+08 -6.86E-23 -8.10E-23
  9.05E+06  9.20E-19  1.45E+08 -6.85E-23 -8.09E-23
  9.15E+06  5.51E-19  1.25E+08 -6.85E-23 -8.09E-23
  9.25E+06  3.44E-19  1.08E+08 -6.85E-23 -8.09E-23
  9.35E+06  2.12E-19  9.11E+07 -6.85E-23 -8.09E-23
  9.45E+06  1.22E-19  7.57E+07 -6.85E-23 -8.08E-23
  9.55E+06  6.37E-20  6.13E+07 -6.84E-23 -8.08E-23
  9.65E+06  3.02E-20  4.77E+07 -6.84E-23 -8.08E-23
  9.75E+06  1.34E-20  3.48E+07 -6.84E-23 -8.08E-23
  9.85E+06  5.70E-21  2.22E+07 -6.84E-23 -8.07E-23
  9.95E+06  2.01E-21  8.98E+06 -6.84E-23 -8.07E-23
  1.00E+07  1.00E-33 -6.31E-06 -6.84E-23 -8.07E-23

 AQUEOUS PHASE SPECIES

     Z      (SO2)g   (H2CO)g  (SO2)aq CH2(OH)2   HCO3-    CO3=     HSO3-    SO3=   CH2OHSO3-   OH-     SO4=      PH
  2.50E+04 5.82E-11 2.15E-10 1.21E-10 1.75E-06 3.55E-07 1.10E-12 1.52E-07 5.85E-10 2.65E-08 2.19E-10 8.80E-06 4.74E+00
  1.25E+05 1.13E-10 1.79E-10 2.85E-10 2.29E-06 3.19E-07 9.06E-13 3.75E-07 1.43E-09 8.59E-08 1.29E-10 9.48E-06 4.70E+00
  2.25E+05 1.52E-10 1.28E-10 4.75E-10 2.70E-06 2.58E-07 5.96E-13 5.97E-07 2.02E-09 1.61E-07 6.40E-11 1.16E-05 4.62E+00
  3.25E+05 1.89E-10 9.59E-11 6.41E-10 2.45E-06 1.97E-07 3.74E-13 7.00E-07 2.00E-09 1.71E-07 4.36E-11 1.42E-05 4.53E+00
  4.25E+05 2.28E-10 7.57E-11 7.75E-10 1.93E-06 1.51E-07 2.45E-13 7.21E-07 1.76E-09 1.39E-07 3.72E-11 1.68E-05 4.46E+00
  5.25E+05 2.69E-10 5.55E-11 9.13E-10 1.42E-06 1.21E-07 1.73E-13 7.52E-07 1.62E-09 1.06E-07 3.29E-11 1.91E-05 4.41E+00
  6.25E+05 3.13E-10 3.64E-11 1.06E-09 9.28E-07 9.95E-08 1.30E-13 7.98E-07 1.57E-09 7.41E-08 3.01E-11 2.09E-05 4.37E+00
  7.25E+05 3.56E-10 2.19E-11 1.21E-09 5.60E-07 8.39E-08 1.03E-13 8.50E-07 1.57E-09 4.76E-08 2.81E-11 2.24E-05 4.34E+00
  8.25E+05 3.95E-10 1.35E-11 1.34E-09 3.43E-07 7.19E-08 8.38E-14 8.97E-07 1.58E-09 3.08E-08 2.68E-11 2.35E-05 4.32E+00
  9.25E+05 4.27E-10 8.64E-12 1.45E-09 2.20E-07 6.25E-08 7.05E-14 9.40E-07 1.60E-09 2.07E-08 2.59E-11 2.43E-05 4.30E+00
  1.02E+06 4.58E-10 5.81E-12 1.55E-09 1.48E-07 5.44E-08 6.04E-14 9.91E-07 1.66E-09 1.47E-08 2.55E-11 2.47E-05 4.30E+00

 NORMAL HENRYS LAW COEFFICIENTS


     Z        O        O2       H2O      H        OH       HO2      H2O2     H2       CO       HCO      H2CO     CH4      CH3      C2H6     NO       NO2      HNO      H2S     
  2.50E+04 0.00E+00 1.60E-03 0.00E+00 0.00E+00 5.57E+01 8.99E+03 2.29E+05 8.35E-04 1.20E-03 0.00E+00 8.14E+03 1.74E-03 0.00E+00 2.61E-03 2.33E-03 1.69E-02 0.00E+00 1.32E-01
  1.25E+05 0.00E+00 1.76E-03 0.00E+00 0.00E+00 7.51E+01 1.33E+04 3.75E+05 8.64E-04 1.30E-03 0.00E+00 1.28E+04 1.94E-03 0.00E+00 3.04E-03 2.58E-03 2.00E-02 0.00E+00 1.50E-01
  2.25E+05 0.00E+00 1.97E-03 0.00E+00 0.00E+00 1.05E+02 2.06E+04 6.48E+05 8.96E-04 1.43E-03 0.00E+00 2.11E+04 2.18E-03 0.00E+00 3.60E-03 2.88E-03 2.40E-02 0.00E+00 1.74E-01
  3.25E+05 0.00E+00 2.06E-03 0.00E+00 0.00E+00 1.19E+02 2.42E+04 7.95E+05 9.09E-04 1.49E-03 0.00E+00 2.55E+04 2.28E-03 0.00E+00 3.83E-03 3.00E-03 2.57E-02 0.00E+00 1.84E-01
  4.25E+05 0.00E+00 2.06E-03 0.00E+00 0.00E+00 1.19E+02 2.42E+04 7.95E+05 9.09E-04 1.49E-03 0.00E+00 2.55E+04 2.28E-03 0.00E+00 3.83E-03 3.00E-03 2.57E-02 0.00E+00 1.84E-01
  5.25E+05 0.00E+00 2.06E-03 0.00E+00 0.00E+00 1.19E+02 2.42E+04 7.95E+05 9.09E-04 1.49E-03 0.00E+00 2.55E+04 2.28E-03 0.00E+00 3.83E-03 3.00E-03 2.57E-02 0.00E+00 1.84E-01
  6.25E+05 0.00E+00 2.06E-03 0.00E+00 0.00E+00 1.19E+02 2.42E+04 7.95E+05 9.09E-04 1.49E-03 0.00E+00 2.55E+04 2.28E-03 0.00E+00 3.83E-03 3.00E-03 2.57E-02 0.00E+00 1.84E-01
  7.25E+05 0.00E+00 2.06E-03 0.00E+00 0.00E+00 1.19E+02 2.42E+04 7.95E+05 9.09E-04 1.49E-03 0.00E+00 2.55E+04 2.28E-03 0.00E+00 3.83E-03 3.00E-03 2.57E-02 0.00E+00 1.84E-01
  8.25E+05 0.00E+00 2.06E-03 0.00E+00 0.00E+00 1.19E+02 2.42E+04 7.95E+05 9.09E-04 1.49E-03 0.00E+00 2.55E+04 2.28E-03 0.00E+00 3.83E-03 3.00E-03 2.57E-02 0.00E+00 1.84E-01
  9.25E+05 0.00E+00 2.06E-03 0.00E+00 0.00E+00 1.19E+02 2.42E+04 7.95E+05 9.09E-04 1.49E-03 0.00E+00 2.55E+04 2.28E-03 0.00E+00 3.83E-03 3.00E-03 2.57E-02 0.00E+00 1.84E-01
  1.02E+06 0.00E+00 2.06E-03 0.00E+00 0.00E+00 1.19E+02 2.42E+04 7.95E+05 9.09E-04 1.49E-03 0.00E+00 2.55E+04 2.28E-03 0.00E+00 3.83E-03 3.00E-03 2.57E-02 0.00E+00 1.84E-01

     Z        HS       S        SO       SO2      H2SO4    HSO      S2       S4       S8       SO3      OCS      S3       O3       HNO3     N        NO3      N2O      HO2NO2  
  2.50E+04 1.00E+05 0.00E+00 1.90E-03 2.09E+00 7.00E+11 9.00E+03 0.00E+00 0.00E+00 0.00E+00 7.00E+11 2.94E-02 0.00E+00 0.00E+00 6.94E+05 0.00E+00 3.80E-02 3.57E-02 3.10E+04
  1.25E+05 1.00E+05 0.00E+00 1.90E-03 2.53E+00 7.00E+11 9.00E+03 0.00E+00 0.00E+00 0.00E+00 7.00E+11 3.38E-02 0.00E+00 0.00E+00 1.24E+06 0.00E+00 3.80E-02 4.25E-02 4.90E+04
  2.25E+05 1.00E+05 0.00E+00 1.90E-03 3.13E+00 7.00E+11 9.00E+03 0.00E+00 0.00E+00 0.00E+00 7.00E+11 3.94E-02 0.00E+00 0.00E+00 2.35E+06 0.00E+00 3.80E-02 5.15E-02 8.15E+04
  3.25E+05 1.00E+05 0.00E+00 1.90E-03 3.39E+00 7.00E+11 9.00E+03 0.00E+00 0.00E+00 0.00E+00 7.00E+11 4.18E-02 0.00E+00 0.00E+00 2.99E+06 0.00E+00 3.80E-02 5.53E-02 9.86E+04
  4.25E+05 1.00E+05 0.00E+00 1.90E-03 3.39E+00 7.00E+11 9.00E+03 0.00E+00 0.00E+00 0.00E+00 7.00E+11 4.18E-02 0.00E+00 0.00E+00 2.99E+06 0.00E+00 3.80E-02 5.53E-02 9.86E+04
  5.25E+05 1.00E+05 0.00E+00 1.90E-03 3.39E+00 7.00E+11 9.00E+03 0.00E+00 0.00E+00 0.00E+00 7.00E+11 4.18E-02 0.00E+00 0.00E+00 2.99E+06 0.00E+00 3.80E-02 5.53E-02 9.86E+04
  6.25E+05 1.00E+05 0.00E+00 1.90E-03 3.39E+00 7.00E+11 9.00E+03 0.00E+00 0.00E+00 0.00E+00 7.00E+11 4.18E-02 0.00E+00 0.00E+00 2.99E+06 0.00E+00 3.80E-02 5.53E-02 9.86E+04
  7.25E+05 1.00E+05 0.00E+00 1.90E-03 3.39E+00 7.00E+11 9.00E+03 0.00E+00 0.00E+00 0.00E+00 7.00E+11 4.18E-02 0.00E+00 0.00E+00 2.99E+06 0.00E+00 3.80E-02 5.53E-02 9.86E+04
  8.25E+05 1.00E+05 0.00E+00 1.90E-03 3.39E+00 7.00E+11 9.00E+03 0.00E+00 0.00E+00 0.00E+00 7.00E+11 4.18E-02 0.00E+00 0.00E+00 2.99E+06 0.00E+00 3.80E-02 5.53E-02 9.86E+04
  9.25E+05 1.00E+05 0.00E+00 1.90E-03 3.39E+00 7.00E+11 9.00E+03 0.00E+00 0.00E+00 0.00E+00 7.00E+11 4.18E-02 0.00E+00 0.00E+00 2.99E+06 0.00E+00 3.80E-02 5.53E-02 9.86E+04
  1.02E+06 1.00E+05 0.00E+00 1.90E-03 3.39E+00 7.00E+11 9.00E+03 0.00E+00 0.00E+00 0.00E+00 7.00E+11 4.18E-02 0.00E+00 0.00E+00 2.99E+06 0.00E+00 3.80E-02 5.53E-02 9.86E+04

     Z        N2O5     CO2      SO4AER   S8AER   
  2.50E+04 3.57E-02 0.00E+00 7.00E+11 7.00E+11
  1.25E+05 4.25E-02 0.00E+00 7.00E+11 7.00E+11
  2.25E+05 5.15E-02 0.00E+00 7.00E+11 7.00E+11
  3.25E+05 5.53E-02 0.00E+00 7.00E+11 7.00E+11
  4.25E+05 5.53E-02 0.00E+00 7.00E+11 7.00E+11
  5.25E+05 5.53E-02 0.00E+00 7.00E+11 7.00E+11
  6.25E+05 5.53E-02 0.00E+00 7.00E+11 7.00E+11
  7.25E+05 5.53E-02 0.00E+00 7.00E+11 7.00E+11
  8.25E+05 5.53E-02 0.00E+00 7.00E+11 7.00E+11
  9.25E+05 5.53E-02 0.00E+00 7.00E+11 7.00E+11
  1.02E+06 5.53E-02 0.00E+00 7.00E+11 7.00E+11

 ENHANCEMENTS OF HENRYS LAW COEFFICIENTS


     Z        O        O2       H2O      H        OH       HO2      H2O2     H2       CO       HCO      H2CO     CH4      CH3      C2H6     NO       NO2      HNO      H2S     
  2.50E+04 1.00E+00 1.00E+00 1.00E+00 1.00E+00 1.00E+00 1.00E+00 1.00E+00 1.00E+00 1.00E+00 1.00E+00 1.02E+00 1.00E+00 1.00E+00 1.00E+00 1.00E+00 1.00E+00 1.00E+00 1.01E+00
  1.25E+05 1.00E+00 1.00E+00 1.00E+00 1.00E+00 1.00E+00 1.00E+00 1.00E+00 1.00E+00 1.00E+00 1.00E+00 1.04E+00 1.00E+00 1.00E+00 1.00E+00 1.00E+00 1.00E+00 1.00E+00 1.01E+00
  2.25E+05 1.00E+00 1.00E+00 1.00E+00 1.00E+00 1.00E+00 1.00E+00 1.00E+00 1.00E+00 1.00E+00 1.00E+00 1.06E+00 1.00E+00 1.00E+00 1.00E+00 1.00E+00 1.00E+00 1.00E+00 1.00E+00
  3.25E+05 1.00E+00 1.00E+00 1.00E+00 1.00E+00 1.00E+00 1.00E+00 1.00E+00 1.00E+00 1.00E+00 1.00E+00 1.07E+00 1.00E+00 1.00E+00 1.00E+00 1.00E+00 1.00E+00 1.00E+00 1.00E+00
  4.25E+05 1.00E+00 1.00E+00 1.00E+00 1.00E+00 1.00E+00 1.00E+00 1.00E+00 1.00E+00 1.00E+00 1.00E+00 1.07E+00 1.00E+00 1.00E+00 1.00E+00 1.00E+00 1.00E+00 1.00E+00 1.00E+00
  5.25E+05 1.00E+00 1.00E+00 1.00E+00 1.00E+00 1.00E+00 1.00E+00 1.00E+00 1.00E+00 1.00E+00 1.00E+00 1.08E+00 1.00E+00 1.00E+00 1.00E+00 1.00E+00 1.00E+00 1.00E+00 1.00E+00
  6.25E+05 1.00E+00 1.00E+00 1.00E+00 1.00E+00 1.00E+00 1.00E+00 1.00E+00 1.00E+00 1.00E+00 1.00E+00 1.08E+00 1.00E+00 1.00E+00 1.00E+00 1.00E+00 1.00E+00 1.00E+00 1.00E+00
  7.25E+05 1.00E+00 1.00E+00 1.00E+00 1.00E+00 1.00E+00 1.00E+00 1.00E+00 1.00E+00 1.00E+00 1.00E+00 1.09E+00 1.00E+00 1.00E+00 1.00E+00 1.00E+00 1.00E+00 1.00E+00 1.00E+00
  8.25E+05 1.00E+00 1.00E+00 1.00E+00 1.00E+00 1.00E+00 1.00E+00 1.00E+00 1.00E+00 1.00E+00 1.00E+00 1.09E+00 1.00E+00 1.00E+00 1.00E+00 1.00E+00 1.00E+00 1.00E+00 1.00E+00
  9.25E+05 1.00E+00 1.00E+00 1.00E+00 1.00E+00 1.00E+00 1.00E+00 1.00E+00 1.00E+00 1.00E+00 1.00E+00 1.09E+00 1.00E+00 1.00E+00 1.00E+00 1.00E+00 1.00E+00 1.00E+00 1.00E+00
  1.02E+06 1.00E+00 1.00E+00 1.00E+00 1.00E+00 1.00E+00 1.00E+00 1.00E+00 1.00E+00 1.00E+00 1.00E+00 1.10E+00 1.00E+00 1.00E+00 1.00E+00 1.00E+00 1.00E+00 1.00E+00 1.00E+00

     Z        HS       S        SO       SO2      H2SO4    HSO      S2       S4       S8       SO3      OCS      S3       O3       HNO3     N        NO3      N2O      HO2NO2  
  2.50E+04 1.00E+00 1.00E+00 1.00E+00 1.47E+03 1.00E+00 1.00E+00 1.00E+00 1.00E+00 1.00E+00 1.00E+00 1.00E+00 1.00E+00 1.00E+00 1.00E+00 1.00E+00 1.00E+00 1.00E+00 1.00E+00
  1.25E+05 1.00E+00 1.00E+00 1.00E+00 1.63E+03 1.00E+00 1.00E+00 1.00E+00 1.00E+00 1.00E+00 1.00E+00 1.00E+00 1.00E+00 1.00E+00 1.00E+00 1.00E+00 1.00E+00 1.00E+00 1.00E+00
  2.25E+05 1.00E+00 1.00E+00 1.00E+00 1.60E+03 1.00E+00 1.00E+00 1.00E+00 1.00E+00 1.00E+00 1.00E+00 1.00E+00 1.00E+00 1.00E+00 1.00E+00 1.00E+00 1.00E+00 1.00E+00 1.00E+00
  3.25E+05 1.00E+00 1.00E+00 1.00E+00 1.36E+03 1.00E+00 1.00E+00 1.00E+00 1.00E+00 1.00E+00 1.00E+00 1.00E+00 1.00E+00 1.00E+00 1.00E+00 1.00E+00 1.00E+00 1.00E+00 1.00E+00
  4.25E+05 1.00E+00 1.00E+00 1.00E+00 1.11E+03 1.00E+00 1.00E+00 1.00E+00 1.00E+00 1.00E+00 1.00E+00 1.00E+00 1.00E+00 1.00E+00 1.00E+00 1.00E+00 1.00E+00 1.00E+00 1.00E+00
  5.25E+05 1.00E+00 1.00E+00 1.00E+00 9.43E+02 1.00E+00 1.00E+00 1.00E+00 1.00E+00 1.00E+00 1.00E+00 1.00E+00 1.00E+00 1.00E+00 1.00E+00 1.00E+00 1.00E+00 1.00E+00 1.00E+00
  6.25E+05 1.00E+00 1.00E+00 1.00E+00 8.24E+02 1.00E+00 1.00E+00 1.00E+00 1.00E+00 1.00E+00 1.00E+00 1.00E+00 1.00E+00 1.00E+00 1.00E+00 1.00E+00 1.00E+00 1.00E+00 1.00E+00
  7.25E+05 1.00E+00 1.00E+00 1.00E+00 7.45E+02 1.00E+00 1.00E+00 1.00E+00 1.00E+00 1.00E+00 1.00E+00 1.00E+00 1.00E+00 1.00E+00 1.00E+00 1.00E+00 1.00E+00 1.00E+00 1.00E+00
  8.25E+05 1.00E+00 1.00E+00 1.00E+00 6.95E+02 1.00E+00 1.00E+00 1.00E+00 1.00E+00 1.00E+00 1.00E+00 1.00E+00 1.00E+00 1.00E+00 1.00E+00 1.00E+00 1.00E+00 1.00E+00 1.00E+00
  9.25E+05 1.00E+00 1.00E+00 1.00E+00 6.65E+02 1.00E+00 1.00E+00 1.00E+00 1.00E+00 1.00E+00 1.00E+00 1.00E+00 1.00E+00 1.00E+00 1.00E+00 1.00E+00 1.00E+00 1.00E+00 1.00E+00
  1.02E+06 1.00E+00 1.00E+00 1.00E+00 6.49E+02 1.00E+00 1.00E+00 1.00E+00 1.00E+00 1.00E+00 1.00E+00 1.00E+00 1.00E+00 1.00E+00 1.00E+00 1.00E+00 1.00E+00 1.00E+00 1.00E+00

     Z        N2O5     CO2      SO4AER   S8AER   
  2.50E+04 1.00E+00 1.00E+00 1.00E+00 1.00E+00
  1.25E+05 1.00E+00 1.00E+00 1.00E+00 1.00E+00
  2.25E+05 1.00E+00 1.00E+00 1.00E+00 1.00E+00
  3.25E+05 1.00E+00 1.00E+00 1.00E+00 1.00E+00
  4.25E+05 1.00E+00 1.00E+00 1.00E+00 1.00E+00
  5.25E+05 1.00E+00 1.00E+00 1.00E+00 1.00E+00
  6.25E+05 1.00E+00 1.00E+00 1.00E+00 1.00E+00
  7.25E+05 1.00E+00 1.00E+00 1.00E+00 1.00E+00
  8.25E+05 1.00E+00 1.00E+00 1.00E+00 1.00E+00
  9.25E+05 1.00E+00 1.00E+00 1.00E+00 1.00E+00
  1.02E+06 1.00E+00 1.00E+00 1.00E+00 1.00E+00

 GIORGI AND CHAMEIDES RAINOUT RATES


     Z        O        O2       H2O      H        OH       HO2      H2O2     H2       CO       HCO      H2CO     CH4      CH3      C2H6     NO       NO2      HNO      H2S     
  2.50E+04 0.00E+00 2.68E-13 0.00E+00 0.00E+00 9.31E-09 9.87E-07 2.29E-06 1.40E-13 2.01E-13 0.00E+00 9.34E-07 2.93E-13 0.00E+00 4.37E-13 3.92E-13 2.84E-12 0.00E+00 2.22E-11
  1.25E+05 0.00E+00 3.25E-13 0.00E+00 0.00E+00 1.38E-08 1.33E-06 2.37E-06 1.59E-13 2.40E-13 0.00E+00 1.33E-06 3.57E-13 0.00E+00 5.59E-13 4.75E-13 3.68E-12 0.00E+00 2.78E-11
  2.25E+05 0.00E+00 2.72E-13 0.00E+00 0.00E+00 1.43E-08 1.03E-06 1.33E-06 1.23E-13 1.98E-13 0.00E+00 1.06E-06 3.01E-13 0.00E+00 4.96E-13 3.97E-13 3.31E-12 0.00E+00 2.41E-11
  3.25E+05 0.00E+00 2.03E-13 0.00E+00 0.00E+00 1.16E-08 7.00E-07 8.19E-07 8.97E-14 1.47E-13 0.00E+00 7.17E-07 2.25E-13 0.00E+00 3.78E-13 2.96E-13 2.54E-12 0.00E+00 1.82E-11
  4.25E+05 0.00E+00 1.39E-13 0.00E+00 0.00E+00 7.95E-09 4.93E-07 5.83E-07 6.15E-14 1.01E-13 0.00E+00 5.06E-07 1.54E-13 0.00E+00 2.60E-13 2.03E-13 1.74E-12 0.00E+00 1.25E-11
  5.25E+05 0.00E+00 9.11E-14 0.00E+00 0.00E+00 5.21E-09 3.60E-07 4.49E-07 4.03E-14 6.59E-14 0.00E+00 3.71E-07 1.01E-13 0.00E+00 1.70E-13 1.33E-13 1.14E-12 0.00E+00 8.19E-12
  6.25E+05 0.00E+00 5.70E-14 0.00E+00 0.00E+00 3.26E-09 2.61E-07 3.60E-07 2.52E-14 4.12E-14 0.00E+00 2.72E-07 6.33E-14 0.00E+00 1.06E-13 8.33E-14 7.14E-13 0.00E+00 5.12E-12
  7.25E+05 0.00E+00 3.40E-14 0.00E+00 0.00E+00 1.95E-09 1.82E-07 2.89E-07 1.51E-14 2.46E-14 0.00E+00 1.92E-07 3.78E-14 0.00E+00 6.35E-14 4.98E-14 4.26E-13 0.00E+00 3.06E-12
  8.25E+05 0.00E+00 1.94E-14 0.00E+00 0.00E+00 1.12E-09 1.21E-07 2.29E-07 8.59E-15 1.41E-14 0.00E+00 1.29E-07 2.16E-14 0.00E+00 3.63E-14 2.84E-14 2.43E-13 0.00E+00 1.75E-12
  9.25E+05 0.00E+00 1.06E-14 0.00E+00 0.00E+00 6.09E-10 7.49E-08 1.73E-07 4.69E-15 7.67E-15 0.00E+00 8.13E-08 1.18E-14 0.00E+00 1.98E-14 1.55E-14 1.33E-13 0.00E+00 9.52E-13
  1.02E+06 0.00E+00 5.59E-15 0.00E+00 0.00E+00 3.21E-10 4.28E-08 1.14E-07 2.47E-15 4.04E-15 0.00E+00 4.69E-08 6.20E-15 0.00E+00 1.04E-14 8.17E-15 7.00E-14 0.00E+00 5.02E-13

     Z        HS       S        SO       SO2      H2SO4    HSO      S2       S4       S8       SO3      OCS      S3       O3       HNO3     N        NO3      N2O      HO2NO2  
  2.50E+04 2.18E-06 0.00E+00 3.19E-13 4.39E-07 2.37E-06 9.87E-07 0.00E+00 0.00E+00 0.00E+00 2.37E-06 4.93E-12 0.00E+00 0.00E+00 2.35E-06 0.00E+00 6.38E-12 6.00E-12 1.76E-06
  1.25E+05 2.25E-06 0.00E+00 3.50E-13 6.06E-07 2.42E-06 1.06E-06 0.00E+00 0.00E+00 0.00E+00 2.42E-06 6.22E-12 0.00E+00 0.00E+00 2.40E-06 0.00E+00 7.00E-12 7.82E-12 2.06E-06
  2.25E+05 1.29E-06 0.00E+00 2.62E-13 4.99E-07 1.34E-06 7.23E-07 0.00E+00 0.00E+00 0.00E+00 1.34E-06 5.43E-12 0.00E+00 0.00E+00 1.34E-06 0.00E+00 5.24E-12 7.09E-12 1.28E-06
  3.25E+05 8.04E-07 0.00E+00 1.88E-13 3.26E-07 8.20E-07 4.89E-07 0.00E+00 0.00E+00 0.00E+00 8.20E-07 4.12E-12 0.00E+00 0.00E+00 8.20E-07 0.00E+00 3.75E-12 5.46E-12 8.03E-07
  4.25E+05 5.72E-07 0.00E+00 1.29E-13 1.95E-07 5.84E-07 3.41E-07 0.00E+00 0.00E+00 0.00E+00 5.84E-07 2.83E-12 0.00E+00 0.00E+00 5.84E-07 0.00E+00 2.57E-12 3.74E-12 5.71E-07
  5.25E+05 4.35E-07 0.00E+00 8.42E-14 1.15E-07 4.50E-07 2.37E-07 0.00E+00 0.00E+00 0.00E+00 4.50E-07 1.85E-12 0.00E+00 0.00E+00 4.50E-07 0.00E+00 1.68E-12 2.45E-12 4.35E-07
  6.25E+05 3.40E-07 0.00E+00 5.27E-14 6.66E-08 3.62E-07 1.61E-07 0.00E+00 0.00E+00 0.00E+00 3.62E-07 1.16E-12 0.00E+00 0.00E+00 3.61E-07 0.00E+00 1.05E-12 1.53E-12 3.39E-07
  7.25E+05 2.61E-07 0.00E+00 3.15E-14 3.75E-08 2.93E-07 1.04E-07 0.00E+00 0.00E+00 0.00E+00 2.93E-07 6.92E-13 0.00E+00 0.00E+00 2.92E-07 0.00E+00 6.30E-13 9.16E-13 2.61E-07
  8.25E+05 1.94E-07 0.00E+00 1.80E-14 2.06E-08 2.35E-07 6.42E-08 0.00E+00 0.00E+00 0.00E+00 2.35E-07 3.95E-13 0.00E+00 0.00E+00 2.34E-07 0.00E+00 3.59E-13 5.23E-13 1.94E-07
  9.25E+05 1.36E-07 0.00E+00 9.80E-15 1.10E-08 1.81E-07 3.73E-08 0.00E+00 0.00E+00 0.00E+00 1.81E-07 2.15E-13 0.00E+00 0.00E+00 1.79E-07 0.00E+00 1.96E-13 2.85E-13 1.35E-07
  1.02E+06 8.39E-08 0.00E+00 5.17E-15 5.71E-09 1.21E-07 2.04E-08 0.00E+00 0.00E+00 0.00E+00 1.21E-07 1.14E-13 0.00E+00 0.00E+00 1.19E-07 0.00E+00 1.03E-13 1.50E-13 8.36E-08

     Z        N2O5     CO2      SO4AER   S8AER   
  2.50E+04 6.00E-12 0.00E+00 2.37E-06 2.37E-06
  1.25E+05 7.82E-12 0.00E+00 2.42E-06 2.42E-06
  2.25E+05 7.09E-12 0.00E+00 1.34E-06 1.34E-06
  3.25E+05 5.46E-12 0.00E+00 8.20E-07 8.20E-07
  4.25E+05 3.74E-12 0.00E+00 5.84E-07 5.84E-07
  5.25E+05 2.45E-12 0.00E+00 4.50E-07 4.50E-07
  6.25E+05 1.53E-12 0.00E+00 3.62E-07 3.62E-07
  7.25E+05 9.16E-13 0.00E+00 2.93E-07 2.93E-07
  8.25E+05 5.23E-13 0.00E+00 2.35E-07 2.35E-07
  9.25E+05 2.85E-13 0.00E+00 1.81E-07 1.81E-07
  1.02E+06 1.50E-13 0.00E+00 1.21E-07 1.21E-07

 RAINOUT RATE, PHIDEP, TLOSS, LOWER B.C. and vdep

 FOLLOWED BY TP, TL, FUP, FLOW, CON


     Z        O        O2       H2O      H        OH       HO2      H2O2     H2       CO       HCO      H2CO     CH4      CH3      C2H6     NO       NO2      HNO      H2S     
           0.00E+00 5.08E+11 0.00E+00 0.00E+00 8.92E+03 1.15E+08 1.83E+10 6.74E+05 1.94E+05 0.00E+00 2.12E+09 5.31E+06 0.00E+00 4.78E-14 1.83E+01 2.14E+02 0.00E+00 7.09E+02
           9.20E+02 0.00E+00 0.00E+00 1.29E-01 1.22E+06 2.87E+08 5.65E+09 3.17E+09 3.28E+08 5.29E-03 1.28E+09 0.00E+00 4.62E-02 0.00E+00 1.82E+04 3.91E+05 3.61E+02 4.22E+06
           9.20E+02 5.08E+11 0.00E+00 1.29E-01 1.23E+06 4.03E+08 2.40E+10 3.17E+09 3.29E+08 5.29E-03 3.41E+09 5.31E+06 4.62E-02 4.78E-14 1.82E+04 3.91E+05 3.61E+02 4.22E+06
              0        1        0        0        0        0        0        1        1        0        0        1        0        0        0        0        0        2
           1.00E+00 0.00E+00 0.00E+00 1.00E+00 1.00E+00 1.00E+00 2.00E-01 2.40E-04 1.20E-04 1.00E+00 2.00E-01 0.00E+00 1.00E+00 0.00E+00 3.00E-04 3.00E-03 1.00E+00 2.00E-02

           2.35E+15 2.50E+15 3.93E+10 3.28E+12 3.97E+12 2.86E+12 8.68E+10 5.34E+10 1.15E+11 6.17E+10 1.18E+11 1.50E+02 1.18E+11 6.11E-03 3.42E+13 3.43E+13 2.35E+05 5.10E+05
           2.35E+15 2.50E+15 2.92E+10 3.28E+12 3.97E+12 2.86E+12 8.12E+10 3.76E+10 2.77E+11 6.17E+10 1.16E+11 1.18E+11 1.18E+11 6.11E-03 3.42E+13 3.43E+13 2.35E+05 2.01E+08
           1.65E-02-1.69E-03-7.45E-09 1.58E+08 8.03E-05-5.25E-06-1.13E-17 7.28E+07-4.19E-05 1.49E-08 7.39E-09-1.67E-10 6.70E-09-1.17E-19 5.82E-07 1.50E-09-3.08E-13-5.33E-32
          -8.95E+02 8.64E+11 9.66E+12-3.80E-01-1.22E+06-2.87E+08-5.65E+09-1.58E+10 1.61E+11-5.36E-02-1.28E+09 1.18E+11-1.65E-01-2.87E-20-1.82E+04-3.91E+05-3.61E+02 2.00E+08
          -4.70E+03-2.64E+03 9.67E+12-5.16E-01-2.95E+00-3.26E-01 1.79E-01-1.84E-01-1.39E+00-3.12E-01 4.30E-01-1.14E+00-1.25E-01 1.57E-16-5.58E+01 5.59E+01 2.72E-07 5.92E-04

     Z        HS       S        SO       SO2      H2SO4    HSO      S2       S4       S8       SO3      OCS      S3       O3       HNO3     N        NO3      N2O      HO2NO2  
           1.18E+02 0.00E+00 2.66E-07 7.39E+08 2.04E+08 1.91E+06 0.00E+00 0.00E+00 0.00E+00 2.15E+01 1.77E-08 0.00E+00 0.00E+00 8.77E+08 0.00E+00 3.01E-02 2.02E+07 5.72E+07
           0.00E+00 0.00E+00 0.00E+00 1.56E+09 1.05E+08 1.06E+07 0.00E+00 0.00E+00 0.00E+00 0.00E+00 0.00E+00 0.00E+00 2.33E+10 1.61E+08 0.00E+00 0.00E+00 0.00E+00 5.70E+05
           1.18E+02 0.00E+00 2.66E-07 2.29E+09 3.09E+08 1.25E+07 0.00E+00 0.00E+00 0.00E+00 2.15E+01 1.77E-08 0.00E+00 2.33E+10 1.04E+09 0.00E+00 3.01E-02 2.02E+07 5.78E+07
              0        0        0        3        0        0        0        0        0        0        0        0        0        0        0        0        1        0
           0.00E+00 0.00E+00 0.00E+00 1.00E+00 1.00E+00 1.00E+00 0.00E+00 0.00E+00 0.00E+00 0.00E+00 0.00E+00 0.00E+00 7.00E-02 2.00E-01 0.00E+00 0.00E+00 0.00E+00 2.00E-01

           1.77E+08 1.23E+03 2.31E+08 6.78E+11 6.89E+09 9.47E+07 1.05E-16 3.33E-40 5.53E-94 6.89E+09 1.09E-05 7.02E-37 2.34E+15 1.52E+10 1.46E+08 4.21E+10 4.40E+05 3.18E+10
           1.77E+08 1.23E+03 2.31E+08 6.86E+11 6.79E+09 8.40E+07 1.05E-16 3.33E-40 5.53E-94 6.89E+09 1.09E-05 7.02E-37 2.34E+15 1.50E+10 2.46E+08 4.21E+10 1.13E+09 3.18E+10
          -3.82E-20-9.88E-11-1.14E-10-1.07E-10-2.11E-15-2.70E-16-2.27E-36-3.51E-83 1.43-112-1.51E-15-9.00E-24-3.25E-60 9.59E-04 1.53E-23-1.00E+08 1.13E-15-2.53E-12-4.11E-26
          -3.54E-04-1.86E-12-2.57E-04-1.56E+09-1.05E+08-1.06E+07-1.25E-27-4.95E-51-2.30-104-2.29E-04-8.62E-12-1.13E-47-2.33E+10-1.61E+08 3.80-211 6.18E-04 1.13E+09-5.70E+05
          -3.54E-04-9.95E-11-1.52E-03-9.00E+09 4.18E-05 1.05E-04-8.28E-29-3.60E-51-2.71-104-2.54E-04-6.26E-11-8.95E-48 4.69E+03 4.57E-02-2.76E-05 1.60E-02 2.41E-03 2.10E-02

     Z        N2O5     CO2      SO4AER   S8AER   
           2.55E-02 0.00E+00 6.51E+09 1.70E-19
           0.00E+00 2.76E+11 6.46E+07 2.61E-21
           2.55E-02 2.76E+11 6.57E+09 1.73E-19
              0        3        0        0
           0.00E+00 5.00E-05 1.24E-02 1.05E-02

           3.41E+08 2.77E+11 6.58E+09 0.00E+00
           3.41E+08 1.03E+09 6.51E+09 1.70E-19
           1.00E-33-6.31E-06-6.84E-23-8.07E-23
           2.35E-06-2.76E+11-7.76E+07 2.94E-20
           1.31E-03-6.88E+08-2.12E-04-1.41E-19

 CONSERVATION OF SULFUR:
     S loss = 9.200E+09  S prod = 9.200000E+09  SO4LOS = 6.880126E+09  8 S8LOSS = 1.383269E-18  sulrain = 7.451E+09   Difference = 1.833E-02

                    OxidOut =  1.6003E-02
                    RedOut  =  1.5166E+08
                       / \
                      /\
  OxidUp = 1.9398E-02 |
  RedUp  = 1.5166E+08 | |
-----------------------|-|----------------
                       | | OxidDown = -3.3953E-03
                         | RedDown  = -4.1870E-05
                         \/
/\
 | OxidDist = 0.0000E+00
 | RedDist  = 0.0000E+00
 |                             /\
 | | OxidRain = 1.0428E+12     | OxidAtm = 1.7291E+12
 | | RedRain  = 4.2700E+09     | RedAtm  = 6.3241E+11
---|--------------------------|-|---------
  \/  OxidOcean = -7.6614E+10| |
      RedOcean  = -1.8359E+10|
                             \/
                              \ /
                         OxidFlow =  1.6525E+12
                         RedFlow  =  6.1405E+11

    global imbalance (ocean)    =  1.5166E+08
    global imbalance (dist-fup) =  1.5166E+08

old redox budget numbers:
     OxidIn = 1.652478E+12  OxidOut = 1.600300E-02  RedIn = 6.140542E+11  RedOut = 1.516602E+08  RedRain = 4.270040E+09  OxidRain = 1.042846E+12   redox =-4.125161E+03

 INTEGRATED REACTION RATES

         1         2         3         4         5         6         7         8         9        10
  1   7.498E+10 8.914E+08 7.333E+07 3.662E+10 1.002E+12 2.269E+12 6.326E+08 1.467E+08 6.601E+09 2.930E+12   10
 11   4.890E+10 4.684E+11 2.042E+12 1.223E+11 8.680E+10 2.937E+10 2.633E+10 2.343E+15 1.073E+12 5.137E+08   20
 21   5.221E+14 1.512E+14 2.765E+11 6.321E+12 2.173E+09 9.869E+07 1.480E+08 6.731E+14 1.634E+15 1.671E+11   30
 31   4.905E+03 5.968E+03 2.935E-07 4.623E+01 9.958E+05 9.958E+05 3.350E+10 5.373E+08 4.971E+08 2.765E+11   40
 41   5.185E+05 5.248E+10 3.177E+10 1.511E+03 5.840E+04 3.296E+05 6.175E+10 2.951E+10 2.047E+05 2.052E+07   50
 51   4.472E+08 2.692E+06 3.346E+09 1.314E+07 1.425E+07 2.425E+06 0.000E+00 2.519E-04 7.312E+09 9.942E+09   60
 61   2.326E+08 1.670E+08 1.461E+08 2.996E+09 3.165E+13 1.160E+11 1.411E+09 9.404E+07 3.661E+00 5.820E+06   70
 71   7.327E+06 5.190E+00 5.011E-09 9.442E+06 1.175E+11 1.818E+07 6.111E-03 3.029E+03 1.497E+02 4.758E-05   80
 81   7.344E-07 5.132E-05 8.164E+04 2.632E+01 1.771E+08 2.152E+04 3.777E+06 6.424E+07 3.376E+13 7.148E+09   90
 91   4.330E+11 6.962E+09 2.552E+12 1.516E+10 1.713E+08 3.778E+09 3.133E+02 1.497E+05 6.751E+00 7.896E+04  100
101   6.272E+03 7.216E+07 7.735E+07 4.167E+02 2.214E+02 3.095E+05 7.231E+01 3.952E-03 1.591E-03 3.167E-04  110
111   1.447E-06 6.606E-04 5.435E-09 5.280E-16 2.921E-20 5.197E-03 1.227E+03 8.999E-01 4.367E+07 6.721E+11  120
121   5.931E+09 2.275E+08 9.137E+03 1.257E+02 5.641E+03 6.890E+09 1.359E+06 6.893E+09 6.890E+09 9.886E-02  130
131   5.123E-07 2.212E-02 1.767E+08 2.927E+00 5.013E+02 1.266E+01 1.054E+08 1.626E+05 2.960E-01 6.405E-06  140
141   2.288E-03 1.054E-16 1.228E+03 2.650E-04 3.404E-12 8.175E-06 8.175E-06 2.902E-24 0.000E+00 1.641E-17  150
151   3.338E+05 8.903E-17 0.000E+00 7.020E-37 3.328E-40 1.022E-60 5.534E-94 3.328E-40 7.020E-37 0.000E+00  160
161   0.000E+00 5.534E-94 1.828E+03 6.107E+10 6.107E+11 1.874E+07 2.748E+08 1.154E+06 2.477E+02 6.692E+10  170
171   9.974E+07 3.152E+01 1.311E+06 2.279E+06 5.584E+05 7.029E+07 5.645E+05 3.061E-02 2.895E-06 2.110E-04  180
181   5.772E-09 9.137E+03 1.023E-06 1.294E-02 1.251E+01 1.533E+05 8.188E+07 6.357E+00 3.179E+00 1.396E+04  190
191   7.968E+04 8.007E-12 0.000E+00 4.689E-12 1.091E-05 4.942E-07 1.353E-12 2.892E-22 8.568E-06 2.723E-11  200
201   1.765E-11 1.827E-06 3.012E+07 0.000E+00 2.379E+07 9.287E-23 4.187E-42 0.000E+00 0.000E+00 9.287E-23  210
211   1.812E+08 1.141E+07 1.291E+10 1.357E+10 1.888E+07 3.314E+09 2.532E+10 4.399E+05 0.000E+00 5.361E+07  220
221   8.389E+07 9.760E+08 5.588E+05 3.975E+04 3.407E+08 3.077E+06 8.961E+04 2.381E+10 5.726E-01 3.176E+10  230
231   1.043E+05 3.722E+09 2.501E+10 2.377E+09 6.024E+08 4.236E+07 2.952E+08 1.926E+06 2.283E+07
         1         2         3         4         5         6         7         8         9        10

 PHOTOCHEMICAL EQUILIBRIUM AND INERT SPECIES

     Z        HNO2     O1D      CH21     CH23     C2H5     SO21     SO23     HSO3     OCS2     N2      
  2.50E+04 1.10E+06 2.74E-03 1.69E-38 2.07E-37 1.85E-21 2.06E-04 1.55E-03 9.91E-04 6.26E-29 1.96E+19
  1.25E+05 1.14E+06 3.43E-03 1.79E-36 2.33E-35 1.82E-21 4.62E-04 3.46E-03 2.12E-03 1.44E-29 1.78E+19
  2.25E+05 1.30E+06 4.38E-03 1.45E-34 2.00E-33 1.80E-21 7.11E-04 5.30E-03 3.21E-03 3.17E-30 1.62E+19
  3.25E+05 1.54E+06 5.59E-03 8.38E-33 1.23E-31 1.75E-21 9.66E-04 7.18E-03 4.29E-03 6.50E-31 1.46E+19
  4.25E+05 1.83E+06 7.03E-03 3.48E-31 5.46E-30 1.65E-21 1.24E-03 9.20E-03 5.41E-03 1.28E-31 1.32E+19
  5.25E+05 1.91E+06 8.62E-03 1.00E-29 1.71E-28 1.44E-21 1.55E-03 1.15E-02 6.33E-03 2.39E-32 1.19E+19
  6.25E+05 1.51E+06 1.03E-02 1.91E-28 3.56E-27 1.10E-21 1.90E-03 1.40E-02 6.54E-03 4.06E-33 1.07E+19
  7.25E+05 1.12E+06 1.20E-02 2.57E-27 5.36E-26 7.87E-22 2.29E-03 1.69E-02 6.35E-03 7.33E-34 9.69E+18
  8.25E+05 1.28E+06 1.39E-02 2.96E-26 6.99E-25 6.25E-22 2.68E-03 1.97E-02 6.86E-03 1.90E-34 8.73E+18
  9.25E+05 1.89E+06 1.57E-02 2.87E-25 7.80E-24 5.43E-22 3.05E-03 2.24E-02 8.09E-03 6.88E-35 7.83E+18
  1.02E+06 2.47E+06 1.78E-02 2.37E-24 7.27E-23 4.87E-22 3.45E-03 2.52E-02 9.20E-03 2.87E-35 6.93E+18
  1.12E+06 2.60E+06 2.17E-02 1.90E-23 6.05E-22 4.94E-22 4.06E-03 2.97E-02 9.62E-03 1.29E-35 5.97E+18
  1.22E+06 2.55E+06 3.10E-02 1.08E-22 3.50E-21 5.40E-22 5.48E-03 4.00E-02 9.76E-03 1.59E-35 5.10E+18
  1.32E+06 2.23E+06 4.85E-02 4.50E-22 1.47E-20 6.12E-22 7.83E-03 5.71E-02 9.25E-03 2.85E-34 4.36E+18
  1.42E+06 1.93E+06 8.43E-02 1.59E-21 5.22E-20 7.85E-22 1.14E-02 8.29E-02 8.61E-03 7.33E-33 3.71E+18
  1.52E+06 1.83E+06 1.38E-01 6.17E-21 2.02E-19 1.17E-21 1.44E-02 1.05E-01 8.53E-03 1.21E-31 3.15E+18
  1.62E+06 1.80E+06 2.18E-01 2.42E-20 7.90E-19 1.86E-21 1.59E-02 1.16E-01 8.25E-03 1.34E-30 2.68E+18
  1.72E+06 1.77E+06 3.29E-01 9.32E-20 3.01E-18 3.04E-21 1.54E-02 1.12E-01 7.43E-03 1.01E-29 2.27E+18
  1.82E+06 1.75E+06 4.76E-01 3.46E-19 1.10E-17 5.00E-21 1.29E-02 9.27E-02 6.01E-03 5.28E-29 1.93E+18
  1.92E+06 1.73E+06 6.73E-01 1.23E-18 3.87E-17 8.30E-21 8.74E-03 6.28E-02 4.07E-03 1.83E-28 1.63E+18
  2.02E+06 1.71E+06 9.32E-01 4.24E-18 1.30E-16 1.39E-20 4.78E-03 3.43E-02 2.27E-03 4.19E-28 1.39E+18
  2.12E+06 1.71E+06 1.27E+00 1.40E-17 4.21E-16 2.34E-20 2.55E-03 1.82E-02 1.25E-03 7.80E-28 1.18E+18
  2.22E+06 1.75E+06 1.72E+00 4.46E-17 1.31E-15 4.00E-20 1.36E-03 9.65E-03 6.95E-04 1.23E-27 9.98E+17
  2.32E+06 1.82E+06 2.31E+00 1.37E-16 3.94E-15 6.94E-20 7.29E-04 5.15E-03 3.92E-04 1.67E-27 8.48E+17
  2.42E+06 1.94E+06 3.08E+00 4.10E-16 1.15E-14 1.22E-19 3.93E-04 2.76E-03 2.23E-04 1.98E-27 7.21E+17
  2.52E+06 2.10E+06 4.08E+00 1.19E-15 3.24E-14 2.20E-19 2.12E-04 1.49E-03 1.27E-04 2.07E-27 6.14E+17
  2.62E+06 2.31E+06 5.38E+00 3.34E-15 8.89E-14 4.05E-19 1.15E-04 8.00E-04 7.19E-05 1.89E-27 5.23E+17
  2.72E+06 2.53E+06 7.05E+00 9.10E-15 2.36E-13 7.58E-19 6.23E-05 4.31E-04 4.00E-05 1.52E-27 4.46E+17
  2.82E+06 2.72E+06 9.15E+00 2.41E-14 6.07E-13 1.44E-18 3.41E-05 2.35E-04 2.20E-05 1.08E-27 3.81E+17
  2.92E+06 2.86E+06 1.18E+01 6.14E-14 1.50E-12 2.78E-18 1.91E-05 1.30E-04 1.20E-05 6.81E-28 3.25E+17
  3.02E+06 2.90E+06 1.49E+01 1.50E-13 3.55E-12 5.42E-18 1.08E-05 7.35E-05 6.39E-06 3.74E-28 2.78E+17
  3.12E+06 2.82E+06 1.87E+01 3.51E-13 7.99E-12 1.06E-17 6.36E-06 4.30E-05 3.40E-06 1.83E-28 2.37E+17
  3.22E+06 2.63E+06 2.31E+01 7.83E-13 1.71E-11 2.07E-17 3.93E-06 2.64E-05 1.84E-06 8.16E-29 2.03E+17
  3.32E+06 2.36E+06 2.82E+01 1.65E-12 3.48E-11 4.04E-17 2.55E-06 1.70E-05 1.02E-06 3.28E-29 1.74E+17
  3.42E+06 2.05E+06 3.40E+01 3.33E-12 6.71E-11 7.84E-17 1.77E-06 1.17E-05 5.95E-07 1.23E-29 1.49E+17
  3.52E+06 1.75E+06 4.06E+01 6.39E-12 1.24E-10 1.52E-16 1.33E-06 8.78E-06 3.74E-07 4.35E-30 1.28E+17
  3.62E+06 1.47E+06 4.81E+01 1.18E-11 2.20E-10 2.91E-16 1.10E-06 7.20E-06 2.57E-07 1.50E-30 1.11E+17
  3.72E+06 1.22E+06 5.67E+01 2.10E-11 3.78E-10 5.53E-16 9.96E-07 6.46E-06 1.95E-07 5.08E-31 9.54E+16
  3.82E+06 1.01E+06 6.68E+01 3.62E-11 6.32E-10 1.05E-15 9.63E-07 6.19E-06 1.60E-07 1.66E-31 8.26E+16
  3.92E+06 8.37E+05 7.87E+01 6.11E-11 1.03E-09 1.99E-15 9.74E-07 6.21E-06 1.38E-07 5.10E-32 7.16E+16
  4.02E+06 6.92E+05 9.28E+01 1.01E-10 1.65E-09 3.71E-15 1.01E-06 6.37E-06 1.24E-07 1.48E-32 6.23E+16
  4.12E+06 5.68E+05 1.09E+02 1.61E-10 2.58E-09 6.83E-15 1.06E-06 6.59E-06 1.13E-07 3.95E-33 5.43E+16
  4.22E+06 4.60E+05 1.28E+02 2.49E-10 3.91E-09 1.22E-14 1.11E-06 6.85E-06 1.04E-07 9.77E-34 4.74E+16
  4.32E+06 3.65E+05 1.47E+02 3.71E-10 5.71E-09 2.07E-14 1.16E-06 7.09E-06 9.45E-08 2.33E-34 4.15E+16
  4.42E+06 2.83E+05 1.65E+02 5.26E-10 8.02E-09 3.32E-14 1.22E-06 7.31E-06 8.55E-08 5.95E-35 3.64E+16
  4.52E+06 2.15E+05 1.81E+02 7.11E-10 1.08E-08 5.02E-14 1.27E-06 7.49E-06 7.66E-08 2.12E-35 3.20E+16
  4.62E+06 1.60E+05 1.94E+02 9.17E-10 1.39E-08 7.19E-14 1.31E-06 7.63E-06 6.81E-08 1.36E-35 2.83E+16
  4.72E+06 1.18E+05 2.03E+02 1.13E-09 1.74E-08 9.75E-14 1.35E-06 7.71E-06 6.02E-08 1.29E-35 2.50E+16
  4.82E+06 8.53E+04 2.07E+02 1.36E-09 2.11E-08 1.27E-13 1.38E-06 7.74E-06 5.31E-08 1.41E-35 2.21E+16
  4.92E+06 6.10E+04 2.07E+02 1.58E-09 2.51E-08 1.62E-13 1.40E-06 7.72E-06 4.63E-08 1.58E-35 1.96E+16
  5.02E+06 4.29E+04 2.03E+02 1.84E-09 2.95E-08 2.04E-13 1.42E-06 7.64E-06 3.98E-08 1.77E-35 1.74E+16
  5.12E+06 2.98E+04 1.96E+02 2.11E-09 3.44E-08 2.54E-13 1.43E-06 7.51E-06 3.39E-08 1.98E-35 1.53E+16
  5.22E+06 2.05E+04 1.87E+02 2.40E-09 3.99E-08 3.15E-13 1.43E-06 7.33E-06 2.86E-08 2.21E-35 1.36E+16
  5.32E+06 1.40E+04 1.76E+02 2.73E-09 4.60E-08 3.87E-13 1.43E-06 7.11E-06 2.40E-08 2.46E-35 1.20E+16
  5.42E+06 9.46E+03 1.64E+02 3.08E-09 5.30E-08 4.75E-13 1.42E-06 6.85E-06 2.00E-08 2.74E-35 1.06E+16
  5.52E+06 6.38E+03 1.53E+02 3.48E-09 6.18E-08 5.80E-13 1.41E-06 6.55E-06 1.67E-08 3.03E-35 9.32E+15
  5.62E+06 4.29E+03 1.41E+02 3.95E-09 7.60E-08 7.05E-13 1.38E-06 6.23E-06 1.39E-08 3.35E-35 8.22E+15
  5.72E+06 2.88E+03 1.30E+02 4.60E-09 1.07E-07 8.55E-13 1.36E-06 5.89E-06 1.15E-08 3.70E-35 7.24E+15
  5.82E+06 1.93E+03 1.19E+02 5.70E-09 1.90E-07 1.03E-12 1.33E-06 5.54E-06 9.57E-09 4.07E-35 6.37E+15
  5.92E+06 1.29E+03 1.08E+02 7.92E-09 4.04E-07 1.25E-12 1.29E-06 5.17E-06 7.95E-09 4.48E-35 5.60E+15
  6.02E+06 8.61E+02 9.84E+01 1.25E-08 9.13E-07 1.50E-12 1.26E-06 4.80E-06 6.61E-09 4.92E-35 4.92E+15
  6.12E+06 5.75E+02 8.90E+01 2.16E-08 2.00E-06 1.79E-12 1.21E-06 4.43E-06 5.50E-09 5.40E-35 4.33E+15
  6.22E+06 3.84E+02 8.02E+01 3.84E-08 4.10E-06 2.14E-12 1.17E-06 4.06E-06 4.59E-09 5.91E-35 3.80E+15
  6.32E+06 2.57E+02 7.19E+01 6.72E-08 7.79E-06 2.56E-12 1.12E-06 3.70E-06 3.83E-09 6.47E-35 3.33E+15
  6.42E+06 1.71E+02 6.43E+01 1.16E-07 1.38E-05 3.04E-12 1.06E-06 3.36E-06 3.19E-09 7.06E-35 2.92E+15
  6.52E+06 1.15E+02 5.73E+01 2.08E-07 2.35E-05 3.61E-12 1.01E-06 3.02E-06 2.67E-09 7.68E-35 2.56E+15
  6.62E+06 7.66E+01 5.09E+01 4.41E-07 4.00E-05 4.29E-12 9.48E-07 2.71E-06 2.23E-09 8.34E-35 2.24E+15
  6.72E+06 5.13E+01 4.51E+01 1.15E-06 7.37E-05 5.08E-12 8.88E-07 2.41E-06 1.86E-09 9.04E-35 1.95E+15
  6.82E+06 3.44E+01 3.98E+01 3.31E-06 1.55E-04 6.03E-12 8.26E-07 2.14E-06 1.56E-09 9.81E-35 1.71E+15
  6.92E+06 2.33E+01 3.48E+01 9.22E-06 3.55E-04 7.18E-12 7.64E-07 1.88E-06 1.31E-09 1.07E-34 1.49E+15
  7.02E+06 1.60E+01 3.00E+01 2.34E-05 8.23E-04 8.61E-12 7.01E-07 1.65E-06 1.12E-09 1.18E-34 1.30E+15
  7.12E+06 1.13E+01 2.53E+01 5.35E-05 1.81E-03 1.05E-11 6.40E-07 1.44E-06 9.76E-10 1.34E-34 1.13E+15
  7.22E+06 8.24E+00 2.08E+01 1.10E-04 3.69E-03 1.29E-11 5.80E-07 1.25E-06 8.74E-10 1.58E-34 9.84E+14
  7.32E+06 6.20E+00 1.68E+01 2.06E-04 6.93E-03 1.64E-11 5.22E-07 1.08E-06 8.03E-10 1.91E-34 8.55E+14
  7.42E+06 4.74E+00 1.35E+01 3.52E-04 1.19E-02 2.12E-11 4.67E-07 9.25E-07 7.43E-10 2.36E-34 7.42E+14
  7.52E+06 3.55E+00 1.08E+01 5.57E-04 1.88E-02 2.86E-11 4.15E-07 7.92E-07 6.63E-10 2.86E-34 6.40E+14
  7.62E+06 2.65E+00 8.89E+00 8.19E-04 2.75E-02 3.79E-11 3.68E-07 6.77E-07 5.85E-10 3.47E-34 5.53E+14
  7.72E+06 1.97E+00 7.49E+00 1.13E-03 3.78E-02 4.90E-11 3.24E-07 5.77E-07 5.12E-10 4.14E-34 4.77E+14
  7.82E+06 1.50E+00 6.43E+00 1.47E-03 4.90E-02 6.18E-11 2.84E-07 4.92E-07 4.52E-10 4.79E-34 4.12E+14
  7.92E+06 1.14E+00 5.85E+00 1.81E-03 6.05E-02 7.41E-11 2.48E-07 4.18E-07 3.95E-10 5.38E-34 3.56E+14
  8.02E+06 7.16E-01 6.42E+00 2.13E-03 7.13E-02 7.42E-11 2.13E-07 3.51E-07 2.80E-10 6.23E-34 3.07E+14
  8.12E+06 3.28E-01 9.01E+00 2.41E-03 8.05E-02 6.64E-11 1.78E-07 2.88E-07 1.39E-10 7.43E-34 2.66E+14
  8.22E+06 1.36E-01 1.39E+01 2.62E-03 8.75E-02 7.43E-11 1.47E-07 2.33E-07 6.10E-11 7.96E-34 2.29E+14
  8.32E+06 6.05E-02 2.07E+01 2.76E-03 9.19E-02 8.73E-11 1.21E-07 1.89E-07 2.80E-11 7.21E-34 1.98E+14
  8.42E+06 2.97E-02 2.93E+01 2.82E-03 9.34E-02 8.62E-11 9.97E-08 1.53E-07 1.37E-11 5.72E-34 1.71E+14
  8.52E+06 1.58E-02 3.91E+01 2.80E-03 9.22E-02 7.22E-11 8.18E-08 1.24E-07 7.00E-12 4.19E-34 1.48E+14
  8.62E+06 8.97E-03 4.97E+01 2.73E-03 8.87E-02 5.44E-11 6.69E-08 1.00E-07 3.63E-12 2.97E-34 1.28E+14
  8.72E+06 5.31E-03 6.04E+01 2.61E-03 8.32E-02 3.83E-11 5.45E-08 8.07E-08 1.87E-12 2.09E-34 1.10E+14
  8.82E+06 3.26E-03 7.07E+01 2.45E-03 7.65E-02 2.57E-11 4.42E-08 6.49E-08 9.47E-13 1.48E-34 9.53E+13
  8.92E+06 2.04E-03 7.99E+01 2.28E-03 6.90E-02 1.67E-11 3.57E-08 5.19E-08 4.70E-13 1.06E-34 8.23E+13
  9.02E+06 1.29E-03 8.76E+01 2.11E-03 6.13E-02 1.05E-11 2.86E-08 4.13E-08 2.29E-13 7.65E-35 7.11E+13
  9.12E+06 8.13E-04 9.38E+01 1.93E-03 5.38E-02 6.51E-12 2.27E-08 3.27E-08 1.10E-13 5.60E-35 6.14E+13
  9.22E+06 5.02E-04 9.84E+01 1.77E-03 4.68E-02 3.95E-12 1.79E-08 2.56E-08 5.16E-14 4.17E-35 5.31E+13
  9.32E+06 3.00E-04 1.02E+02 1.62E-03 4.04E-02 2.37E-12 1.40E-08 1.99E-08 2.40E-14 3.17E-35 4.59E+13
  9.42E+06 1.72E-04 1.08E+02 1.48E-03 3.49E-02 1.42E-12 1.08E-08 1.53E-08 1.11E-14 2.46E-35 3.96E+13
  9.52E+06 9.36E-05 1.19E+02 1.37E-03 3.02E-02 8.49E-13 8.28E-09 1.17E-08 5.05E-15 1.96E-35 3.43E+13
  9.62E+06 4.92E-05 1.48E+02 1.28E-03 2.65E-02 5.15E-13 6.26E-09 8.82E-09 2.29E-15 1.61E-35 2.96E+13
  9.72E+06 2.52E-05 2.18E+02 1.22E-03 2.38E-02 3.22E-13 4.68E-09 6.58E-09 1.03E-15 1.38E-35 2.56E+13
  9.82E+06 1.27E-05 4.02E+02 1.21E-03 2.23E-02 2.14E-13 3.47E-09 4.86E-09 4.65E-16 1.27E-35 2.22E+13
  9.92E+06 6.41E-06 1.04E+03 1.27E-03 2.21E-02 1.61E-13 2.56E-09 3.59E-09 2.13E-16 1.27E-35 1.92E+13

 ATMOSPHERIC PARAMETERS

    Z         T         EDD       DEN        P        H2OSAT     H2O       RELH     CONDEN    H FLUX
  2.500E+04 2.863E+02 1.000E+05 2.488E+19 9.831E-01 1.532E-02 1.144E-02 7.465E-01 0.000E+00 3.801E+11
  1.250E+05 2.809E+02 1.000E+05 2.250E+19 8.722E-01 1.209E-02 7.983E-03 6.601E-01 0.000E+00 2.948E+11
  2.250E+05 2.752E+02 1.000E+05 2.033E+19 7.720E-01 9.176E-03 5.350E-03 5.831E-01 0.000E+00 2.222E+11
  3.250E+05 2.694E+02 1.000E+05 1.833E+19 6.815E-01 6.535E-03 3.304E-03 5.056E-01 0.000E+00 1.626E+11
  4.250E+05 2.631E+02 1.000E+05 1.652E+19 5.998E-01 4.312E-03 1.911E-03 4.432E-01 0.000E+00 1.140E+11
  5.250E+05 2.560E+02 1.000E+05 1.489E+19 5.263E-01 2.586E-03 1.001E-03 3.871E-01 0.000E+00 7.713E+10
  6.250E+05 2.481E+02 1.000E+05 1.343E+19 4.599E-01 1.379E-03 4.637E-04 3.362E-01 0.000E+00 5.300E+10
  7.250E+05 2.395E+02 1.000E+05 1.211E+19 4.001E-01 6.486E-04 1.884E-04 2.905E-01 0.000E+00 3.903E+10
  8.250E+05 2.302E+02 1.000E+05 1.090E+19 3.463E-01 2.688E-04 6.706E-05 2.495E-01 0.000E+00 3.060E+10
  9.250E+05 2.207E+02 1.000E+05 9.781E+18 2.979E-01 9.848E-05 2.093E-05 2.126E-01 0.000E+00 2.516E+10
  1.025E+06 2.131E+02 8.000E+04 8.657E+18 2.546E-01 4.313E-05 7.747E-06 1.796E-01 0.000E+00 2.176E+10
  1.125E+06 2.110E+02 3.000E+04 7.451E+18 2.170E-01 3.797E-05 4.971E-06 1.309E-01 1.877E-11 5.356E+12
  1.225E+06 2.100E+02 1.700E+04 6.374E+18 1.847E-01 3.845E-05 3.953E-06 1.028E-01 1.719E-12 4.241E+10
  1.325E+06 2.093E+02 8.000E+03 5.440E+18 1.571E-01 4.108E-05 3.954E-06 9.626E-02 0.000E+00 3.033E+08
  1.425E+06 2.090E+02 5.800E+03 4.631E+18 1.336E-01 4.676E-05 3.982E-06 8.517E-02 0.000E+00 3.033E+08
  1.525E+06 2.092E+02 4.600E+03 3.936E+18 1.136E-01 5.598E-05 4.024E-06 7.188E-02 0.000E+00 3.033E+08
  1.625E+06 2.095E+02 4.000E+03 3.342E+18 9.665E-02 6.928E-05 4.082E-06 5.892E-02 0.000E+00 3.033E+08
  1.725E+06 2.101E+02 3.900E+03 2.837E+18 8.225E-02 8.788E-05 4.156E-06 4.729E-02 0.000E+00 3.033E+08
  1.825E+06 2.108E+02 3.900E+03 2.407E+18 7.003E-02 1.144E-04 4.243E-06 3.709E-02 0.000E+00 3.033E+08
  1.925E+06 2.118E+02 4.100E+03 2.041E+18 5.966E-02 1.532E-04 4.343E-06 2.835E-02 0.000E+00 3.033E+08
  2.025E+06 2.130E+02 4.600E+03 1.731E+18 5.088E-02 2.106E-04 4.450E-06 2.113E-02 0.000E+00 3.033E+08
  2.125E+06 2.143E+02 5.100E+03 1.469E+18 4.343E-02 2.952E-04 4.561E-06 1.545E-02 0.000E+00 3.033E+08
  2.225E+06 2.158E+02 5.800E+03 1.246E+18 3.711E-02 4.193E-04 4.676E-06 1.115E-02 0.000E+00 3.033E+08
  2.325E+06 2.173E+02 6.600E+03 1.059E+18 3.175E-02 5.988E-04 4.792E-06 8.003E-03 0.000E+00 3.033E+08
  2.425E+06 2.189E+02 7.500E+03 9.003E+17 2.719E-02 8.558E-04 4.910E-06 5.736E-03 0.000E+00 3.033E+08
  2.525E+06 2.205E+02 8.500E+03 7.664E+17 2.332E-02 1.223E-03 5.028E-06 4.110E-03 0.000E+00 3.033E+08
  2.625E+06 2.221E+02 9.500E+03 6.530E+17 2.002E-02 1.753E-03 5.147E-06 2.937E-03 0.000E+00 3.033E+08
  2.725E+06 2.239E+02 1.060E+04 5.569E+17 1.720E-02 2.529E-03 5.268E-06 2.084E-03 0.000E+00 3.033E+08
  2.825E+06 2.258E+02 1.200E+04 4.752E+17 1.481E-02 3.706E-03 5.390E-06 1.454E-03 0.000E+00 3.033E+08
  2.925E+06 2.279E+02 1.300E+04 4.058E+17 1.276E-02 5.536E-03 5.511E-06 9.955E-04 0.000E+00 3.033E+08
  3.025E+06 2.303E+02 1.430E+04 3.466E+17 1.101E-02 8.467E-03 5.635E-06 6.656E-04 0.000E+00 3.033E+08
  3.125E+06 2.329E+02 1.600E+04 2.962E+17 9.522E-03 1.329E-02 5.758E-06 4.332E-04 0.000E+00 3.033E+08
  3.225E+06 2.358E+02 1.740E+04 2.534E+17 8.246E-03 2.121E-02 5.880E-06 2.772E-04 0.000E+00 3.033E+08
  3.325E+06 2.389E+02 1.900E+04 2.170E+17 7.155E-03 3.408E-02 6.000E-06 1.760E-04 0.000E+00 3.033E+08
  3.425E+06 2.420E+02 2.100E+04 1.862E+17 6.220E-03 5.461E-02 6.118E-06 1.120E-04 0.000E+00 3.033E+08
  3.525E+06 2.451E+02 2.300E+04 1.601E+17 5.417E-03 8.657E-02 6.232E-06 7.199E-05 0.000E+00 3.033E+08
  3.625E+06 2.482E+02 2.600E+04 1.380E+17 4.726E-03 1.350E-01 6.340E-06 4.696E-05 0.000E+00 3.033E+08
  3.725E+06 2.512E+02 2.900E+04 1.192E+17 4.130E-03 2.068E-01 6.441E-06 3.115E-05 0.000E+00 3.033E+08
  3.825E+06 2.540E+02 3.200E+04 1.031E+17 3.615E-03 3.106E-01 6.535E-06 2.104E-05 0.000E+00 3.033E+08
  3.925E+06 2.567E+02 3.600E+04 8.946E+16 3.169E-03 4.570E-01 6.621E-06 1.449E-05 0.000E+00 3.033E+08
  4.025E+06 2.592E+02 4.000E+04 7.776E+16 2.782E-03 6.573E-01 6.699E-06 1.019E-05 0.000E+00 3.033E+08
  4.125E+06 2.615E+02 4.400E+04 6.775E+16 2.445E-03 9.203E-01 6.769E-06 7.355E-06 0.000E+00 3.033E+08
  4.225E+06 2.635E+02 4.900E+04 5.917E+16 2.151E-03 1.247E+00 6.830E-06 5.478E-06 0.000E+00 3.033E+08
  4.325E+06 2.651E+02 5.500E+04 5.180E+16 1.895E-03 1.623E+00 6.881E-06 4.239E-06 0.000E+00 3.033E+08
  4.425E+06 2.661E+02 6.200E+04 4.547E+16 1.670E-03 2.018E+00 6.923E-06 3.431E-06 0.000E+00 3.033E+08
  4.525E+06 2.666E+02 6.700E+04 4.002E+16 1.472E-03 2.381E+00 6.955E-06 2.921E-06 0.000E+00 3.033E+08
  4.625E+06 2.664E+02 7.600E+04 3.531E+16 1.298E-03 2.659E+00 6.979E-06 2.624E-06 0.000E+00 3.033E+08
  4.725E+06 2.656E+02 8.400E+04 3.122E+16 1.144E-03 2.815E+00 6.994E-06 2.485E-06 0.000E+00 3.033E+08
  4.825E+06 2.643E+02 9.200E+04 2.764E+16 1.008E-03 2.845E+00 7.003E-06 2.461E-06 0.000E+00 3.033E+08
  4.925E+06 2.627E+02 1.020E+05 2.448E+16 8.877E-04 2.822E+00 7.005E-06 2.482E-06 0.000E+00 3.033E+08
  5.025E+06 2.613E+02 1.120E+05 2.166E+16 7.811E-04 2.813E+00 7.002E-06 2.489E-06 0.000E+00 3.033E+08
  5.125E+06 2.598E+02 1.220E+05 1.916E+16 6.869E-04 2.805E+00 6.994E-06 2.493E-06 0.000E+00 3.033E+08
  5.225E+06 2.583E+02 1.320E+05 1.693E+16 6.036E-04 2.794E+00 6.981E-06 2.499E-06 0.000E+00 3.033E+08
  5.325E+06 2.569E+02 1.420E+05 1.495E+16 5.300E-04 2.780E+00 6.964E-06 2.505E-06 0.000E+00 3.033E+08
  5.425E+06 2.554E+02 1.520E+05 1.319E+16 4.651E-04 2.762E+00 6.944E-06 2.514E-06 0.000E+00 3.033E+08
  5.525E+06 2.540E+02 1.620E+05 1.164E+16 4.078E-04 2.741E+00 6.919E-06 2.524E-06 0.000E+00 3.033E+08
  5.625E+06 2.525E+02 1.720E+05 1.026E+16 3.574E-04 2.716E+00 6.891E-06 2.537E-06 0.000E+00 3.033E+08
  5.725E+06 2.510E+02 1.820E+05 9.034E+15 3.129E-04 2.687E+00 6.858E-06 2.552E-06 0.000E+00 3.033E+08
  5.825E+06 2.495E+02 1.920E+05 7.952E+15 2.738E-04 2.654E+00 6.822E-06 2.571E-06 0.000E+00 3.033E+08
  5.925E+06 2.480E+02 2.020E+05 6.994E+15 2.394E-04 2.615E+00 6.781E-06 2.593E-06 0.000E+00 3.033E+08
  6.025E+06 2.465E+02 2.120E+05 6.148E+15 2.091E-04 2.571E+00 6.736E-06 2.620E-06 0.000E+00 3.033E+08
  6.125E+06 2.449E+02 2.220E+05 5.400E+15 1.825E-04 2.522E+00 6.685E-06 2.651E-06 0.000E+00 3.033E+08
  6.225E+06 2.434E+02 2.320E+05 4.740E+15 1.592E-04 2.468E+00 6.630E-06 2.686E-06 0.000E+00 3.033E+08
  6.325E+06 2.419E+02 2.420E+05 4.157E+15 1.388E-04 2.411E+00 6.568E-06 2.724E-06 0.000E+00 3.033E+08
  6.425E+06 2.403E+02 2.520E+05 3.643E+15 1.208E-04 2.351E+00 6.500E-06 2.765E-06 0.000E+00 3.033E+08
  6.525E+06 2.388E+02 2.620E+05 3.190E+15 1.051E-04 2.290E+00 6.425E-06 2.806E-06 0.000E+00 3.033E+08
  6.625E+06 2.372E+02 2.720E+05 2.791E+15 9.137E-05 2.228E+00 6.342E-06 2.847E-06 0.000E+00 3.033E+08
  6.725E+06 2.357E+02 2.820E+05 2.440E+15 7.936E-05 2.167E+00 6.250E-06 2.884E-06 0.000E+00 3.033E+08
  6.825E+06 2.342E+02 2.920E+05 2.131E+15 6.886E-05 2.111E+00 6.149E-06 2.913E-06 0.000E+00 3.033E+08
  6.925E+06 2.327E+02 3.020E+05 1.859E+15 5.971E-05 2.061E+00 6.037E-06 2.930E-06 0.000E+00 3.033E+08
  7.025E+06 2.312E+02 3.120E+05 1.621E+15 5.172E-05 2.018E+00 5.913E-06 2.930E-06 0.000E+00 3.033E+08
  7.125E+06 2.299E+02 3.220E+05 1.411E+15 4.477E-05 1.985E+00 5.776E-06 2.909E-06 0.000E+00 3.033E+08
  7.225E+06 2.285E+02 3.320E+05 1.228E+15 3.872E-05 1.964E+00 5.624E-06 2.864E-06 0.000E+00 3.033E+08
  7.325E+06 2.272E+02 3.420E+05 1.067E+15 3.346E-05 1.953E+00 5.455E-06 2.793E-06 0.000E+00 3.033E+08
  7.425E+06 2.262E+02 3.520E+05 9.254E+14 2.889E-05 2.005E+00 5.269E-06 2.627E-06 0.000E+00 3.033E+08
  7.525E+06 2.262E+02 3.620E+05 7.989E+14 2.494E-05 2.323E+00 5.063E-06 2.179E-06 0.000E+00 3.033E+08
  7.625E+06 2.262E+02 3.720E+05 6.898E+14 2.153E-05 2.691E+00 4.836E-06 1.797E-06 0.000E+00 3.033E+08
  7.725E+06 2.262E+02 3.820E+05 5.955E+14 1.859E-05 3.116E+00 4.588E-06 1.472E-06 0.000E+00 3.033E+08
  7.825E+06 2.262E+02 3.920E+05 5.142E+14 1.605E-05 3.609E+00 4.321E-06 1.197E-06 0.000E+00 3.033E+08
  7.925E+06 2.262E+02 4.020E+05 4.440E+14 1.386E-05 4.180E+00 4.032E-06 9.646E-07 0.000E+00 3.033E+08
  8.025E+06 2.262E+02 4.070E+05 3.834E+14 1.197E-05 4.841E+00 3.719E-06 7.683E-07 0.000E+00 3.033E+08
  8.125E+06 2.262E+02 4.070E+05 3.311E+14 1.034E-05 5.605E+00 3.382E-06 6.033E-07 0.000E+00 3.033E+08
  8.225E+06 2.262E+02 4.070E+05 2.859E+14 8.926E-06 6.491E+00 3.035E-06 4.675E-07 0.000E+00 3.033E+08
  8.325E+06 2.262E+02 4.070E+05 2.469E+14 7.709E-06 7.515E+00 2.693E-06 3.583E-07 0.000E+00 3.033E+08
  8.425E+06 2.262E+02 4.070E+05 2.133E+14 6.658E-06 8.701E+00 2.366E-06 2.719E-07 0.000E+00 3.033E+08
  8.525E+06 2.262E+02 4.070E+05 1.842E+14 5.751E-06 1.007E+01 2.060E-06 2.045E-07 0.000E+00 3.033E+08
  8.625E+06 2.262E+02 4.070E+05 1.591E+14 4.968E-06 1.166E+01 1.780E-06 1.526E-07 0.000E+00 3.033E+08
  8.725E+06 2.262E+02 4.070E+05 1.375E+14 4.292E-06 1.350E+01 1.526E-06 1.131E-07 0.000E+00 3.033E+08
  8.825E+06 2.262E+02 4.070E+05 1.188E+14 3.708E-06 1.562E+01 1.300E-06 8.323E-08 0.000E+00 3.033E+08
  8.925E+06 2.262E+02 4.070E+05 1.026E+14 3.204E-06 1.808E+01 1.101E-06 6.090E-08 0.000E+00 3.033E+08
  9.025E+06 2.262E+02 4.070E+05 8.870E+13 2.769E-06 2.092E+01 9.274E-07 4.432E-08 0.000E+00 3.033E+08
  9.125E+06 2.262E+02 4.070E+05 7.667E+13 2.394E-06 2.421E+01 7.772E-07 3.211E-08 0.000E+00 3.033E+08
  9.225E+06 2.262E+02 4.070E+05 6.628E+13 2.069E-06 2.800E+01 6.488E-07 2.317E-08 0.000E+00 3.033E+08
  9.325E+06 2.262E+02 4.070E+05 5.731E+13 1.789E-06 3.238E+01 5.403E-07 1.669E-08 0.000E+00 3.033E+08
  9.425E+06 2.262E+02 4.070E+05 4.957E+13 1.548E-06 3.744E+01 4.497E-07 1.201E-08 0.000E+00 3.033E+08
  9.525E+06 2.262E+02 4.070E+05 4.289E+13 1.339E-06 4.328E+01 3.755E-07 8.678E-09 0.000E+00 3.033E+08
  9.625E+06 2.262E+02 4.070E+05 3.711E+13 1.159E-06 5.001E+01 3.163E-07 6.325E-09 0.000E+00 3.033E+08
  9.725E+06 2.262E+02 4.070E+05 3.212E+13 1.003E-06 5.777E+01 2.711E-07 4.693E-09 0.000E+00 3.033E+08
  9.825E+06 2.262E+02 4.070E+05 2.781E+13 8.683E-07 6.673E+01 2.397E-07 3.592E-09 0.000E+00 3.033E+08
  9.925E+06 2.262E+02 4.070E+05 2.409E+13 7.520E-07 7.705E+01 2.226E-07 2.889E-09 0.000E+00 3.033E+08

 SULFATE AEROSOL PARAMETERS

    Z        AERSOL     RPAR      WFALL     FSULF    TAUSED    TAUEDD    TAUC      H2SO4S    H2SO4     CONSO4    CONVER
  2.500E+04 9.399E+00 3.706E-05 2.440E-03 2.361E-01 3.461E+08 7.130E+06 3.022E+08 5.068E-19 4.225E-12 6.760E-17 5.525E+08
  1.250E+05 7.995E+00 3.706E-05 2.621E-03 2.945E-01 3.159E+08 6.855E+06 3.502E+08 9.604E-19 8.649E-12 1.384E-16 6.893E+08
  2.250E+05 8.305E+00 3.706E-05 2.806E-03 3.448E-01 2.888E+08 6.571E+06 3.319E+08 1.391E-18 1.332E-11 2.131E-16 8.071E+08
  3.250E+05 8.469E+00 3.706E-05 3.049E-03 4.152E-01 2.601E+08 6.289E+06 3.195E+08 3.631E-18 1.787E-11 2.859E-16 9.718E+08
  4.250E+05 9.345E+00 3.706E-05 3.245E-03 4.456E-01 2.387E+08 5.998E+06 2.838E+08 3.100E-18 2.190E-11 3.503E-16 1.043E+09
  5.250E+05 9.973E+00 3.706E-05 3.471E-03 4.756E-01 2.171E+08 5.680E+06 2.600E+08 2.173E-18 2.462E-11 3.940E-16 1.113E+09
  6.250E+05 1.035E+01 3.706E-05 3.736E-03 5.053E-01 1.955E+08 5.336E+06 2.444E+08 1.194E-18 2.528E-11 4.045E-16 1.183E+09
  7.250E+05 1.070E+01 3.706E-05 4.028E-03 5.256E-01 1.751E+08 4.972E+06 2.301E+08 3.749E-19 2.488E-11 3.980E-16 1.230E+09
  8.250E+05 1.090E+01 3.706E-05 4.371E-03 5.440E-01 1.551E+08 4.599E+06 2.190E+08 8.539E-20 2.548E-11 4.077E-16 1.273E+09
  9.250E+05 1.094E+01 3.706E-05 4.780E-03 5.610E-01 1.360E+08 4.228E+06 2.105E+08 1.428E-20 2.730E-11 4.368E-16 1.313E+09
  1.025E+06 1.082E+01 3.706E-05 5.241E-03 5.771E-01 1.199E+08 4.933E+06 2.032E+08 3.616E-21 2.911E-11 4.657E-16 1.351E+09
  1.125E+06 1.097E+01 3.706E-05 5.734E-03 6.003E-01 1.085E+08 1.290E+07 1.876E+08 6.691E-21 3.048E-11 4.876E-16 1.405E+09
  1.225E+06 1.300E+01 3.706E-05 6.290E-03 6.181E-01 9.845E+07 2.255E+07 1.469E+08 1.330E-20 3.097E-11 4.955E-16 1.447E+09
  1.325E+06 1.587E+01 3.706E-05 6.902E-03 6.226E-01 8.945E+07 4.764E+07 1.107E+08 1.566E-20 2.942E-11 4.708E-16 1.457E+09
  1.425E+06 1.908E+01 3.706E-05 7.644E-03 6.308E-01 8.070E+07 6.561E+07 8.390E+07 2.551E-20 2.738E-11 4.380E-16 1.476E+09
  1.525E+06 2.001E+01 3.706E-05 8.536E-03 6.409E-01 7.233E+07 8.288E+07 7.233E+07 5.133E-20 2.708E-11 4.333E-16 1.500E+09
  1.625E+06 1.958E+01 3.648E-05 9.416E-03 6.528E-01 6.571E+07 9.571E+07 6.571E+07 1.218E-19 2.623E-11 4.197E-16 1.457E+09
  1.725E+06 1.836E+01 3.511E-05 1.019E-02 6.660E-01 6.089E+07 9.874E+07 6.089E+07 3.256E-19 2.376E-11 3.802E-16 1.326E+09
  1.825E+06 1.665E+01 3.320E-05 1.088E-02 6.790E-01 5.723E+07 9.950E+07 5.723E+07 9.125E-19 1.933E-11 3.093E-16 1.143E+09
  1.925E+06 1.472E+01 3.091E-05 1.153E-02 6.932E-01 5.431E+07 9.557E+07 5.431E+07 2.890E-18 1.325E-11 2.120E-16 9.420E+08
  2.025E+06 1.284E+01 2.852E-05 1.217E-02 7.072E-01 5.173E+07 8.618E+07 5.173E+07 9.768E-18 7.529E-12 1.205E-16 7.549E+08
  2.125E+06 1.119E+01 2.620E-05 1.286E-02 7.207E-01 4.926E+07 7.876E+07 4.926E+07 3.392E-17 4.191E-12 6.705E-17 5.963E+08
  2.225E+06 9.799E+00 2.401E-05 1.362E-02 7.339E-01 4.686E+07 7.024E+07 4.686E+07 1.184E-16 2.361E-12 3.777E-17 4.670E+08
  2.325E+06 8.673E+00 2.197E-05 1.445E-02 7.468E-01 4.450E+07 6.265E+07 4.450E+07 4.121E-16 1.350E-12 2.159E-17 3.641E+08
  2.425E+06 7.785E+00 2.008E-05 1.533E-02 7.586E-01 4.225E+07 5.596E+07 4.225E+07 1.347E-15 7.784E-13 1.243E-17 2.824E+08
  2.525E+06 7.107E+00 1.831E-05 1.626E-02 7.700E-01 4.014E+07 5.013E+07 4.014E+07 4.302E-15 4.529E-13 7.178E-18 2.176E+08
  2.625E+06 6.615E+00 1.666E-05 1.721E-02 7.811E-01 3.823E+07 4.556E+07 3.823E+07 1.370E-14 2.721E-13 4.135E-18 1.660E+08
  2.725E+06 6.293E+00 1.509E-05 1.814E-02 7.914E-01 3.657E+07 4.150E+07 3.657E+07 4.255E-14 1.924E-13 2.398E-18 1.251E+08
  2.825E+06 6.132E+00 1.361E-05 1.903E-02 8.014E-01 3.516E+07 3.731E+07 3.516E+07 1.357E-13 2.305E-13 1.518E-18 9.300E+07
  2.925E+06 6.122E+00 1.223E-05 1.986E-02 8.104E-01 3.402E+07 3.512E+07 3.402E+07 4.250E-13 4.999E-13 1.198E-18 6.812E+07
  3.025E+06 6.348E+00 1.086E-05 2.050E-02 8.203E-01 3.331E+07 3.261E+07 3.261E+07 1.447E-12 9.885E-13-7.344E-18 4.836E+07
  3.125E+06 5.974E+00 1.000E-05 2.193E-02 8.312E-01 3.152E+07 2.985E+07 3.473E+07 5.334E-12 1.235E-12-6.558E-17 3.824E+07
  3.225E+06 4.376E+00 1.000E-05 2.546E-02 8.427E-01 2.749E+07 2.815E+07 4.644E+07 2.020E-11 1.359E-12-3.014E-16 3.876E+07
  3.325E+06 3.181E+00 1.000E-05 2.950E-02 8.537E-01 2.404E+07 2.647E+07 6.273E+07 7.145E-11 1.423E-12-1.120E-15 3.927E+07
  3.425E+06 2.296E+00 1.000E-05 3.415E-02 8.657E-01 2.104E+07 2.459E+07 8.550E+07 2.374E-10 1.456E-12-3.774E-15 3.982E+07
  3.525E+06 1.647E+00 1.000E-05 3.947E-02 8.781E-01 1.845E+07 2.305E+07 1.175E+08 7.107E-10 1.474E-12-1.135E-14 4.039E+07
  3.625E+06 1.176E+00 1.000E-05 4.555E-02 8.906E-01 1.619E+07 2.092E+07 1.624E+08 2.042E-09 1.483E-12-3.265E-14 4.097E+07
  3.725E+06 8.382E-01 1.000E-05 5.248E-02 9.030E-01 1.422E+07 1.921E+07 2.251E+08 5.399E-09 1.487E-12-8.636E-14 4.154E+07
  3.825E+06 5.949E-01 1.000E-05 6.037E-02 9.153E-01 1.251E+07 1.782E+07 3.137E+08 1.213E-08 1.489E-12-1.940E-13 4.210E+07
  3.925E+06 4.210E-01 1.000E-05 6.931E-02 9.270E-01 1.101E+07 1.619E+07 4.391E+08 2.586E-08 1.490E-12-4.138E-13 4.264E+07
  4.025E+06 2.973E-01 1.000E-05 7.945E-02 9.382E-01 9.707E+06 1.487E+07 6.162E+08 5.261E-08 1.490E-12-8.417E-13 4.315E+07
  4.125E+06 2.108E-01 1.000E-05 9.063E-02 9.414E-01 8.588E+06 1.377E+07 8.636E+08 8.859E-08 1.489E-12-1.417E-12 4.330E+07
  4.225E+06 1.495E-01 1.000E-05 1.031E-01 9.414E-01 7.609E+06 1.256E+07 1.213E+09 1.331E-07 1.489E-12-2.130E-12 4.330E+07
  4.325E+06 1.059E-01 1.000E-05 1.171E-01 9.414E-01 6.738E+06 1.133E+07 1.706E+09 1.881E-07 1.488E-12-3.010E-12 4.330E+07
  4.425E+06 7.502E-02 1.000E-05 1.330E-01 9.414E-01 5.961E+06 1.013E+07 2.402E+09 2.472E-07 1.487E-12-3.955E-12 4.330E+07
  4.525E+06 5.302E-02 1.000E-05 1.508E-01 9.414E-01 5.267E+06 9.416E+06 3.394E+09 2.983E-07 1.487E-12-4.773E-12 4.330E+07
  4.625E+06 3.732E-02 1.000E-05 1.710E-01 9.414E-01 4.644E+06 8.295E+06 4.822E+09 3.303E-07 1.486E-12-5.285E-12 4.330E+07
  4.725E+06 2.628E-02 1.000E-05 1.937E-01 9.414E-01 4.087E+06 7.465E+06 6.858E+09 3.355E-07 1.485E-12-5.368E-12 4.330E+07
  4.825E+06 1.840E-02 1.000E-05 2.196E-01 9.414E-01 3.589E+06 6.752E+06 9.816E+09 3.161E-07 1.484E-12-5.058E-12 4.330E+07
  4.925E+06 1.280E-02 1.000E-05 2.490E-01 9.414E-01 3.148E+06 6.024E+06 1.415E+10 2.895E-07 1.483E-12-4.633E-12 4.330E+07
  5.025E+06 8.833E-03 1.000E-05 2.826E-01 9.414E-01 2.759E+06 5.428E+06 2.056E+10 2.669E-07 1.482E-12-4.271E-12 4.330E+07
  5.125E+06 6.036E-03 1.000E-05 3.209E-01 9.414E-01 2.417E+06 4.931E+06 3.017E+10 2.458E-07 1.481E-12-3.932E-12 4.330E+07
  5.225E+06 4.072E-03 1.000E-05 3.647E-01 9.414E-01 2.115E+06 4.509E+06 4.484E+10 2.264E-07 1.480E-12-3.622E-12 4.330E+07
  5.325E+06 2.706E-03 1.000E-05 4.148E-01 9.414E-01 1.850E+06 4.147E+06 6.768E+10 2.074E-07 1.479E-12-3.319E-12 4.330E+07
  5.425E+06 1.766E-03 1.000E-05 4.720E-01 9.414E-01 1.617E+06 3.832E+06 1.040E+11 1.898E-07 1.478E-12-3.037E-12 4.330E+07
  5.525E+06 1.129E-03 1.000E-05 5.376E-01 9.414E-01 1.412E+06 3.557E+06 1.631E+11 1.736E-07 1.477E-12-2.778E-12 4.330E+07
  5.625E+06 7.052E-04 1.000E-05 6.128E-01 9.414E-01 1.232E+06 3.313E+06 2.619E+11 1.577E-07 1.475E-12-2.523E-12 4.330E+07
  5.725E+06 4.286E-04 1.000E-05 6.990E-01 9.414E-01 1.074E+06 3.096E+06 4.322E+11 1.431E-07 1.474E-12-2.290E-12 4.330E+07
  5.825E+06 2.527E-04 1.000E-05 7.979E-01 9.414E-01 9.355E+05 2.902E+06 7.352E+11 1.295E-07 1.472E-12-2.071E-12 4.330E+07
  5.925E+06 1.439E-04 1.000E-05 9.115E-01 9.414E-01 8.142E+05 2.727E+06 1.295E+12 1.164E-07 1.471E-12-1.862E-12 4.330E+07
  6.025E+06 7.882E-05 1.000E-05 1.042E+00 9.414E-01 7.080E+05 2.568E+06 2.372E+12 1.045E-07 1.469E-12-1.672E-12 4.330E+07
  6.125E+06 4.130E-05 1.000E-05 1.192E+00 9.414E-01 6.151E+05 2.424E+06 4.541E+12 9.321E-08 1.467E-12-1.491E-12 4.330E+07
  6.225E+06 2.058E-05 1.000E-05 1.366E+00 9.414E-01 5.339E+05 2.292E+06 9.140E+12 8.285E-08 1.465E-12-1.326E-12 4.330E+07
  6.325E+06 9.691E-06 1.000E-05 1.565E+00 9.414E-01 4.630E+05 2.171E+06 1.947E+13 7.354E-08 1.463E-12-1.177E-12 4.330E+07
  6.425E+06 4.279E-06 1.000E-05 1.796E+00 9.414E-01 4.011E+05 2.059E+06 4.424E+13 6.474E-08 1.460E-12-1.036E-12 4.330E+07
  6.525E+06 1.756E-06 1.000E-05 2.062E+00 9.414E-01 3.472E+05 1.956E+06 1.081E+14 5.704E-08 1.457E-12-9.126E-13 4.330E+07
  6.625E+06 6.634E-07 1.000E-05 2.369E+00 9.414E-01 3.003E+05 1.861E+06 2.872E+14 5.010E-08 1.454E-12-8.015E-13 4.330E+07
  6.725E+06 2.281E-07 1.000E-05 2.724E+00 9.404E-01 2.596E+05 1.773E+06 8.381E+14 4.307E-08 1.451E-12-6.891E-13 4.326E+07
  6.825E+06 7.051E-08 1.000E-05 3.133E+00 9.383E-01 2.243E+05 1.692E+06 2.722E+15 3.641E-08 1.447E-12-5.825E-13 4.316E+07
  6.925E+06 1.925E-08 1.000E-05 3.607E+00 9.362E-01 1.937E+05 1.616E+06 1.000E+16 3.070E-08 1.443E-12-4.913E-13 4.306E+07
  7.025E+06 4.555E-09 1.000E-05 4.157E+00 9.343E-01 1.671E+05 1.546E+06 4.243E+16 2.619E-08 1.439E-12-4.190E-13 4.298E+07
  7.125E+06 9.122E-10 1.000E-05 4.795E+00 9.327E-01 1.440E+05 1.481E+06 2.126E+17 2.264E-08 1.434E-12-3.622E-13 4.290E+07
  7.225E+06 1.502E-10 1.000E-05 5.537E+00 9.312E-01 1.240E+05 1.420E+06 1.295E+18 1.969E-08 1.428E-12-3.150E-13 4.283E+07
  7.325E+06 1.961E-11 1.000E-05 6.399E+00 9.300E-01 1.067E+05 1.364E+06 9.955E+18 1.743E-08 1.422E-12-2.788E-13 4.278E+07
  7.425E+06 1.930E-12 1.000E-05 7.406E+00 9.301E-01 9.185E+04 1.315E+06 1.014E+20 1.666E-08 1.415E-12-2.666E-13 4.278E+07
  7.525E+06 1.327E-13 1.000E-05 8.593E+00 9.343E-01 7.919E+04 1.279E+06 1.473E+21 2.099E-08 1.407E-12-3.357E-13 4.298E+07
  7.625E+06 5.836E-15 1.000E-05 9.969E+00 9.386E-01 6.828E+04 1.245E+06 3.345E+22 2.650E-08 1.399E-12-4.240E-13 4.318E+07
  7.725E+06 1.412E-16 1.000E-05 1.156E+01 9.414E-01 5.891E+04 1.214E+06 1.382E+24 3.245E-08 1.389E-12-5.192E-13 4.330E+07
  7.825E+06 1.420E-18 1.000E-05 1.338E+01 9.414E-01 5.090E+04 1.183E+06 1.374E+26 3.758E-08 1.378E-12-6.013E-13 4.330E+07
  7.925E+06 2.648E-21 1.000E-05 1.549E+01 9.414E-01 4.398E+04 1.155E+06 7.368E+28 4.352E-08 1.366E-12-6.964E-13 4.330E+07
  8.025E+06 8.490E-25 1.000E-05 1.794E+01 9.414E-01 3.800E+04 1.141E+06 2.298E+32 5.040E-08 1.353E-12-8.064E-13 4.330E+07
  8.125E+06 5.344E-27 1.000E-05 2.076E+01 9.414E-01 3.284E+04 1.142E+06 3.651E+34 5.837E-08 1.338E-12-9.338E-13 4.330E+07
  8.225E+06 1.549E-29 1.000E-05 2.403E+01 9.414E-01 2.838E+04 1.143E+06 1.260E+37 6.758E-08 1.320E-12-1.081E-12 4.330E+07
  8.325E+06 5.703E-32 1.000E-05 2.782E+01 9.414E-01 2.452E+04 1.144E+06 3.421E+39 7.825E-08 1.301E-12-1.252E-12 4.330E+07
  8.425E+06 4.925E-32 1.000E-05 3.220E+01 9.414E-01 2.120E+04 1.145E+06 3.961E+39 9.060E-08 1.278E-12-1.450E-12 4.330E+07
  8.525E+06 4.254E-32 1.000E-05 3.727E+01 9.414E-01 1.832E+04 1.146E+06 4.586E+39 1.049E-07 1.253E-12-1.678E-12 4.330E+07
  8.625E+06 3.675E-32 1.000E-05 4.313E+01 9.414E-01 1.584E+04 1.147E+06 5.309E+39 1.214E-07 1.225E-12-1.943E-12 4.330E+07
  8.725E+06 3.175E-32 1.000E-05 4.991E+01 9.414E-01 1.370E+04 1.148E+06 6.146E+39 1.406E-07 1.193E-12-2.249E-12 4.330E+07
  8.825E+06 2.743E-32 1.000E-05 5.775E+01 9.414E-01 1.185E+04 1.150E+06 7.113E+39 1.627E-07 1.158E-12-2.603E-12 4.330E+07
  8.925E+06 2.370E-32 1.000E-05 6.681E+01 9.414E-01 1.025E+04 1.152E+06 8.232E+39 1.883E-07 1.119E-12-3.012E-12 4.330E+07
  9.025E+06 2.048E-32 1.000E-05 7.728E+01 9.414E-01 8.869E+03 1.154E+06 9.525E+39 2.179E-07 1.077E-12-3.486E-12 4.330E+07
  9.125E+06 1.770E-32 1.000E-05 8.938E+01 9.414E-01 7.678E+03 1.157E+06 1.102E+40 2.520E-07 1.030E-12-4.033E-12 4.330E+07
  9.225E+06 1.531E-32 1.000E-05 1.034E+02 9.414E-01 6.648E+03 1.160E+06 1.275E+40 2.915E-07 9.795E-13-4.665E-12 4.330E+07
  9.325E+06 1.324E-32 1.000E-05 1.195E+02 9.414E-01 5.759E+03 1.164E+06 1.474E+40 3.372E-07 9.254E-13-5.395E-12 4.330E+07
  9.425E+06 1.145E-32 1.000E-05 1.381E+02 9.414E-01 4.991E+03 1.167E+06 1.704E+40 3.898E-07 8.679E-13-6.237E-12 4.330E+07
  9.525E+06 9.903E-33 1.000E-05 1.596E+02 9.414E-01 4.327E+03 1.172E+06 1.970E+40 4.506E-07 8.075E-13-7.210E-12 4.330E+07
  9.625E+06 8.570E-33 1.000E-05 1.844E+02 9.414E-01 3.752E+03 1.176E+06 2.277E+40 5.207E-07 7.448E-13-8.332E-12 4.330E+07
  9.725E+06 7.418E-33 1.000E-05 2.129E+02 9.414E-01 3.255E+03 1.181E+06 2.630E+40 6.016E-07 6.806E-13-9.625E-12 4.330E+07
  9.825E+06 6.423E-33 1.000E-05 2.459E+02 9.414E-01 2.825E+03 1.185E+06 3.038E+40 6.948E-07 6.156E-13-1.112E-11 4.330E+07
  9.925E+06 5.563E-33 1.000E-05 2.838E+02 9.414E-01 2.452E+03 1.189E+06 3.507E+40 8.022E-07 5.509E-13-1.284E-11 4.330E+07

 S8 AEROSOL PARAMETERS

    Z        AERSOL     RPAR      WFALL     TAUSED    TAUEDD    TAUC      CONVER
  2.500E+04 1.226E-26 1.000E-05 4.739E-04 1.782E+09 7.130E+06 1.562E+35 2.030E+07
  1.250E+05 1.108E-26 1.000E-05 5.066E-04 1.634E+09 6.855E+06 1.652E+35 2.030E+07
  2.250E+05 1.001E-26 1.000E-05 5.444E-04 1.489E+09 6.571E+06 1.743E+35 2.030E+07
  3.250E+05 9.031E-27 1.000E-05 5.883E-04 1.348E+09 6.289E+06 1.835E+35 2.030E+07
  4.250E+05 8.139E-27 1.000E-05 6.395E-04 1.211E+09 5.998E+06 1.927E+35 2.030E+07
  5.250E+05 7.337E-27 1.000E-05 6.996E-04 1.077E+09 5.680E+06 2.018E+35 2.030E+07
  6.250E+05 6.617E-27 1.000E-05 7.707E-04 9.478E+08 5.336E+06 2.109E+35 2.030E+07
  7.250E+05 5.964E-27 1.000E-05 8.557E-04 8.241E+08 4.972E+06 2.200E+35 2.030E+07
  8.250E+05 5.368E-27 1.000E-05 9.579E-04 7.080E+08 4.599E+06 2.291E+35 2.030E+07
  9.250E+05 4.818E-27 1.000E-05 1.082E-03 6.009E+08 4.228E+06 2.381E+35 2.030E+07
  1.025E+06 4.265E-27 1.000E-05 1.231E-03 5.101E+08 4.933E+06 2.479E+35 2.030E+07
  1.125E+06 3.670E-27 1.000E-05 1.405E-03 4.429E+08 1.290E+07 2.591E+35 2.030E+07
  1.225E+06 3.140E-27 1.000E-05 1.610E-03 3.847E+08 2.255E+07 2.707E+35 2.030E+07
  1.325E+06 2.680E-27 1.000E-05 1.851E-03 3.335E+08 4.764E+07 2.828E+35 2.030E+07
  1.425E+06 2.282E-27 1.000E-05 2.137E-03 2.887E+08 6.561E+07 2.957E+35 2.030E+07
  1.525E+06 1.939E-27 1.000E-05 2.473E-03 2.497E+08 8.288E+07 3.096E+35 2.030E+07
  1.625E+06 1.646E-27 1.000E-05 2.868E-03 2.158E+08 9.571E+07 3.248E+35 2.030E+07
  1.725E+06 1.397E-27 1.000E-05 3.331E-03 1.863E+08 9.874E+07 3.418E+35 2.030E+07
  1.825E+06 1.186E-27 1.000E-05 3.874E-03 1.608E+08 9.950E+07 3.611E+35 2.030E+07
  1.925E+06 1.006E-27 1.000E-05 4.510E-03 1.388E+08 9.557E+07 3.832E+35 2.030E+07
  2.025E+06 8.528E-28 1.000E-05 5.252E-03 1.199E+08 8.618E+07 4.089E+35 2.030E+07
  2.125E+06 7.234E-28 1.000E-05 6.117E-03 1.036E+08 7.876E+07 4.390E+35 2.030E+07
  2.225E+06 6.140E-28 1.000E-05 7.123E-03 8.961E+07 7.024E+07 4.743E+35 2.030E+07
  2.325E+06 5.216E-28 1.000E-05 8.292E-03 7.754E+07 6.265E+07 5.161E+35 2.030E+07
  2.425E+06 4.435E-28 1.000E-05 9.649E-03 6.714E+07 5.596E+07 5.657E+35 2.030E+07
  2.525E+06 3.775E-28 1.000E-05 1.122E-02 5.818E+07 5.013E+07 6.245E+35 2.030E+07
  2.625E+06 3.217E-28 1.000E-05 1.304E-02 5.045E+07 4.556E+07 6.943E+35 2.030E+07
  2.725E+06 2.743E-28 1.000E-05 1.514E-02 4.380E+07 4.150E+07 7.773E+35 2.030E+07
  2.825E+06 2.341E-28 1.000E-05 1.757E-02 3.809E+07 3.731E+07 8.755E+35 2.030E+07
  2.925E+06 1.999E-28 1.000E-05 2.036E-02 3.318E+07 3.512E+07 9.917E+35 2.030E+07
  3.025E+06 1.707E-28 1.000E-05 2.358E-02 2.897E+07 3.261E+07 1.129E+36 2.030E+07
  3.125E+06 1.459E-28 1.000E-05 2.726E-02 2.535E+07 2.985E+07 1.289E+36 2.030E+07
  3.225E+06 1.248E-28 1.000E-05 3.148E-02 2.224E+07 2.815E+07 1.476E+36 2.030E+07
  3.325E+06 1.069E-28 1.000E-05 3.629E-02 1.954E+07 2.647E+07 1.693E+36 2.030E+07
  3.425E+06 9.174E-29 1.000E-05 4.177E-02 1.721E+07 2.459E+07 1.944E+36 2.030E+07
  3.525E+06 7.888E-29 1.000E-05 4.799E-02 1.517E+07 2.305E+07 2.232E+36 2.030E+07
  3.625E+06 6.797E-29 1.000E-05 5.506E-02 1.339E+07 2.092E+07 2.562E+36 2.030E+07
  3.725E+06 5.870E-29 1.000E-05 6.307E-02 1.184E+07 1.921E+07 2.938E+36 2.030E+07
  3.825E+06 5.081E-29 1.000E-05 7.213E-02 1.047E+07 1.782E+07 3.366E+36 2.030E+07
  3.925E+06 4.407E-29 1.000E-05 8.238E-02 9.267E+06 1.619E+07 3.851E+36 2.030E+07
  4.025E+06 3.831E-29 1.000E-05 9.396E-02 8.209E+06 1.487E+07 4.402E+36 2.030E+07
  4.125E+06 3.337E-29 1.000E-05 1.070E-01 7.273E+06 1.377E+07 5.024E+36 2.030E+07
  4.225E+06 2.915E-29 1.000E-05 1.217E-01 6.444E+06 1.256E+07 5.726E+36 2.030E+07
  4.325E+06 2.552E-29 1.000E-05 1.383E-01 5.706E+06 1.133E+07 6.516E+36 2.030E+07
  4.425E+06 2.240E-29 1.000E-05 1.570E-01 5.049E+06 1.013E+07 7.405E+36 2.030E+07
  4.525E+06 1.971E-29 1.000E-05 1.781E-01 4.460E+06 9.416E+06 8.403E+36 2.030E+07
  4.625E+06 1.739E-29 1.000E-05 2.019E-01 3.933E+06 8.295E+06 9.524E+36 2.030E+07
  4.725E+06 1.538E-29 1.000E-05 2.288E-01 3.462E+06 7.465E+06 1.079E+37 2.030E+07
  4.825E+06 1.362E-29 1.000E-05 2.593E-01 3.040E+06 6.752E+06 1.221E+37 2.030E+07
  4.925E+06 1.206E-29 1.000E-05 2.940E-01 2.666E+06 6.024E+06 1.382E+37 2.030E+07
  5.025E+06 1.067E-29 1.000E-05 3.337E-01 2.337E+06 5.428E+06 1.566E+37 2.030E+07
  5.125E+06 9.437E-30 1.000E-05 3.789E-01 2.047E+06 4.931E+06 1.776E+37 2.030E+07
  5.225E+06 8.340E-30 1.000E-05 4.306E-01 1.792E+06 4.509E+06 2.015E+37 2.030E+07
  5.325E+06 7.365E-30 1.000E-05 4.897E-01 1.567E+06 4.147E+06 2.288E+37 2.030E+07
  5.425E+06 6.500E-30 1.000E-05 5.574E-01 1.369E+06 3.832E+06 2.600E+37 2.030E+07
  5.525E+06 5.733E-30 1.000E-05 6.348E-01 1.196E+06 3.557E+06 2.956E+37 2.030E+07
  5.625E+06 5.053E-30 1.000E-05 7.235E-01 1.043E+06 3.313E+06 3.364E+37 2.030E+07
  5.725E+06 4.450E-30 1.000E-05 8.253E-01 9.096E+05 3.096E+06 3.831E+37 2.030E+07
  5.825E+06 3.917E-30 1.000E-05 9.421E-01 7.923E+05 2.902E+06 4.365E+37 2.030E+07
  5.925E+06 3.446E-30 1.000E-05 1.076E+00 6.896E+05 2.727E+06 4.977E+37 2.030E+07
  6.025E+06 3.029E-30 1.000E-05 1.231E+00 5.996E+05 2.568E+06 5.680E+37 2.030E+07
  6.125E+06 2.660E-30 1.000E-05 1.408E+00 5.210E+05 2.424E+06 6.487E+37 2.030E+07
  6.225E+06 2.335E-30 1.000E-05 1.613E+00 4.522E+05 2.292E+06 7.414E+37 2.030E+07
  6.325E+06 2.048E-30 1.000E-05 1.848E+00 3.921E+05 2.171E+06 8.480E+37 2.030E+07
  6.425E+06 1.795E-30 1.000E-05 2.120E+00 3.397E+05 2.059E+06 9.707E+37 2.030E+07
  6.525E+06 1.572E-30 1.000E-05 2.434E+00 2.941E+05 1.956E+06 1.112E+38 2.030E+07
  6.625E+06 1.375E-30 1.000E-05 2.798E+00 2.543E+05 1.861E+06 1.275E+38 2.030E+07
  6.725E+06 1.202E-30 1.000E-05 3.218E+00 2.197E+05 1.773E+06 1.464E+38 2.030E+07
  6.825E+06 1.050E-30 1.000E-05 3.705E+00 1.897E+05 1.692E+06 1.681E+38 2.030E+07
  6.925E+06 9.160E-31 1.000E-05 4.270E+00 1.636E+05 1.616E+06 1.933E+38 2.030E+07
  7.025E+06 7.984E-31 1.000E-05 4.924E+00 1.410E+05 1.546E+06 2.224E+38 2.030E+07
  7.125E+06 6.952E-31 1.000E-05 5.685E+00 1.215E+05 1.481E+06 2.562E+38 2.030E+07
  7.225E+06 6.048E-31 1.000E-05 6.568E+00 1.045E+05 1.420E+06 2.954E+38 2.030E+07
  7.325E+06 5.256E-31 1.000E-05 7.595E+00 8.993E+04 1.364E+06 3.409E+38 2.030E+07
  7.425E+06 4.559E-31 1.000E-05 8.790E+00 7.738E+04 1.315E+06 3.939E+38 2.030E+07
  7.525E+06 3.936E-31 1.000E-05 1.018E+01 6.685E+04 1.279E+06 4.562E+38 2.030E+07
  7.625E+06 3.398E-31 1.000E-05 1.179E+01 5.775E+04 1.245E+06 5.284E+38 2.030E+07
  7.725E+06 2.934E-31 1.000E-05 1.365E+01 4.989E+04 1.214E+06 6.120E+38 2.030E+07
  7.825E+06 2.533E-31 1.000E-05 1.580E+01 4.311E+04 1.183E+06 7.088E+38 2.030E+07
  7.925E+06 2.187E-31 1.000E-05 1.829E+01 3.725E+04 1.155E+06 8.209E+38 2.030E+07
  8.025E+06 1.889E-31 1.000E-05 2.118E+01 3.218E+04 1.141E+06 9.507E+38 2.030E+07
  8.125E+06 1.631E-31 1.000E-05 2.452E+01 2.781E+04 1.142E+06 1.101E+39 2.030E+07
  8.225E+06 1.409E-31 1.000E-05 2.838E+01 2.403E+04 1.143E+06 1.275E+39 2.030E+07
  8.325E+06 1.216E-31 1.000E-05 3.285E+01 2.077E+04 1.144E+06 1.476E+39 2.030E+07
  8.425E+06 1.051E-31 1.000E-05 3.802E+01 1.795E+04 1.145E+06 1.709E+39 2.030E+07
  8.525E+06 9.075E-32 1.000E-05 4.400E+01 1.552E+04 1.146E+06 1.978E+39 2.030E+07
  8.625E+06 7.839E-32 1.000E-05 5.093E+01 1.342E+04 1.147E+06 2.290E+39 2.030E+07
  8.725E+06 6.772E-32 1.000E-05 5.893E+01 1.160E+04 1.148E+06 2.651E+39 2.030E+07
  8.825E+06 5.851E-32 1.000E-05 6.819E+01 1.003E+04 1.150E+06 3.069E+39 2.030E+07
  8.925E+06 5.056E-32 1.000E-05 7.889E+01 8.680E+03 1.152E+06 3.551E+39 2.030E+07
  9.025E+06 4.369E-32 1.000E-05 9.125E+01 7.511E+03 1.154E+06 4.109E+39 2.030E+07
  9.125E+06 3.777E-32 1.000E-05 1.055E+02 6.502E+03 1.157E+06 4.754E+39 2.030E+07
  9.225E+06 3.265E-32 1.000E-05 1.220E+02 5.631E+03 1.160E+06 5.499E+39 2.030E+07
  9.325E+06 2.823E-32 1.000E-05 1.411E+02 4.877E+03 1.164E+06 6.359E+39 2.030E+07
  9.425E+06 2.442E-32 1.000E-05 1.631E+02 4.227E+03 1.167E+06 7.353E+39 2.030E+07
  9.525E+06 2.113E-32 1.000E-05 1.884E+02 3.664E+03 1.172E+06 8.499E+39 2.030E+07
  9.625E+06 1.828E-32 1.000E-05 2.177E+02 3.178E+03 1.176E+06 9.822E+39 2.030E+07
  9.725E+06 1.582E-32 1.000E-05 2.514E+02 2.757E+03 1.181E+06 1.135E+40 2.030E+07
  9.825E+06 1.370E-32 1.000E-05 2.903E+02 2.392E+03 1.185E+06 1.310E+40 2.030E+07
  9.925E+06 1.187E-32 1.000E-05 3.351E+02 2.076E+03 1.189E+06 1.513E+40 2.030E+07


 PHOTOLYSIS RATES

     Z      PO2_O1D    PO2_O3P    PH2O_1     PH2O_2     PH2O_3     PO3_O1D    PO3_O      PO3_3O     
 2.50E+04   0.00E+00   1.84E-34   6.54E-36   0.00E+00   0.00E+00   7.11E-06   2.03E-04   4.27E-39
 1.75E+05   0.00E+00   1.82E-31   1.35E-32   0.00E+00   0.00E+00   8.22E-06   2.10E-04   5.37E-33
 3.25E+05   0.00E+00   1.06E-28   1.61E-29   0.00E+00   0.00E+00   9.18E-06   2.16E-04   1.91E-28
 4.75E+05   0.00E+00   3.19E-26   9.95E-27   0.00E+00   0.00E+00   1.00E-05   2.21E-04   5.86E-25
 6.25E+05   0.00E+00   5.10E-24   2.89E-24   0.00E+00   0.00E+00   1.07E-05   2.26E-04   3.71E-22
 7.75E+05   0.00E+00   4.55E-22   4.00E-22   0.00E+00   0.00E+00   1.14E-05   2.31E-04   8.09E-20
 9.25E+05   0.00E+00   2.36E-20   2.84E-20   0.00E+00   0.00E+00   1.20E-05   2.36E-04   7.94E-18
 1.08E+06   0.00E+00   7.12E-19   1.08E-18   0.00E+00   0.00E+00   1.27E-05   2.40E-04   3.89E-16
 1.22E+06   0.00E+00   1.18E-17   2.12E-17   0.00E+00   0.00E+00   1.35E-05   2.43E-04   9.31E-15
 1.38E+06   0.00E+00   1.18E-16   2.40E-16   0.00E+00   0.00E+00   1.42E-05   2.47E-04   1.23E-13
 1.52E+06   0.00E+00   8.07E-16   1.79E-15   0.00E+00   0.00E+00   1.52E-05   2.50E-04   1.03E-12
 1.68E+06   0.00E+00   4.10E-15   9.70E-15   0.00E+00   0.00E+00   1.64E-05   2.54E-04   6.10E-12
 1.82E+06   0.00E+00   1.67E-14   4.11E-14   0.00E+00   0.00E+00   1.80E-05   2.57E-04   2.77E-11
 1.98E+06   0.00E+00   5.66E-14   1.43E-13   0.00E+00   0.00E+00   2.02E-05   2.60E-04   1.02E-10
 2.12E+06   0.00E+00   1.66E-13   4.26E-13   0.00E+00   0.00E+00   2.32E-05   2.63E-04   3.16E-10
 2.28E+06   0.00E+00   4.35E-13   1.13E-12   0.00E+00   0.00E+00   2.74E-05   2.66E-04   8.55E-10
 2.42E+06   0.00E+00   1.03E-12   2.71E-12   0.00E+00   0.00E+00   3.31E-05   2.69E-04   2.07E-09
 2.58E+06   0.00E+00   2.24E-12   6.04E-12   0.00E+00   0.00E+00   4.10E-05   2.71E-04   4.53E-09
 2.72E+06   0.00E+00   4.53E-12   1.25E-11   0.00E+00   0.00E+00   5.21E-05   2.74E-04   9.07E-09
 2.88E+06   0.00E+00   8.51E-12   2.40E-11   0.00E+00   0.00E+00   6.76E-05   2.78E-04   1.67E-08
 3.02E+06   4.67-155   1.49E-11   4.27E-11   2.11-152   3.17-152   8.91E-05   2.82E-04   2.82E-08
 3.18E+06   1.61-127   2.44E-11   7.05E-11   7.29-125   1.09-124   1.18E-04   2.86E-04   4.39E-08
 3.32E+06   1.07-105   3.76E-11   1.09E-10   4.86-103   7.30-103   1.57E-04   2.92E-04   6.38E-08
 3.48E+06   2.25E-88   5.47E-11   1.62E-10   1.02E-85   1.53E-85   2.07E-04   2.98E-04   8.74E-08
 3.62E+06   1.39E-74   7.61E-11   2.32E-10   6.28E-72   9.43E-72   2.72E-04   3.06E-04   1.14E-07
 3.78E+06   1.48E-63   1.02E-10   3.26E-10   6.69E-61   1.00E-60   3.56E-04   3.16E-04   1.43E-07
 3.92E+06   1.06E-54   1.31E-10   4.52E-10   4.80E-52   7.20E-52   4.71E-04   3.29E-04   1.74E-07
 4.08E+06   1.47E-47   1.64E-10   6.15E-10   6.64E-45   9.96E-45   6.34E-04   3.48E-04   2.06E-07
 4.22E+06   8.86E-42   1.98E-10   8.16E-10   4.01E-39   6.02E-39   8.66E-04   3.74E-04   2.39E-07
 4.38E+06   4.51E-37   2.33E-10   1.06E-09   2.04E-34   3.06E-34   1.17E-03   4.08E-04   2.72E-07
 4.52E+06   3.30E-33   2.67E-10   1.33E-09   1.49E-30   2.24E-30   1.53E-03   4.48E-04   3.05E-07
 4.68E+06   5.42E-30   2.99E-10   1.65E-09   2.45E-27   3.68E-27   1.91E-03   4.91E-04   3.37E-07
 4.82E+06   2.84E-27   3.28E-10   1.99E-09   1.29E-24   1.93E-24   2.28E-03   5.32E-04   3.68E-07
 4.98E+06   5.94E-25   3.55E-10   2.36E-09   2.69E-22   4.03E-22   2.61E-03   5.69E-04   3.98E-07
 5.12E+06   5.55E-23   3.81E-10   2.77E-09   2.51E-20   3.77E-20   2.89E-03   6.01E-04   4.26E-07
 5.28E+06   2.53E-21   4.06E-10   3.22E-09   1.15E-18   1.72E-18   3.12E-03   6.26E-04   4.54E-07
 5.42E+06   6.18E-20   4.31E-10   3.76E-09   2.80E-17   4.20E-17   3.30E-03   6.46E-04   4.81E-07
 5.58E+06   8.78E-19   4.59E-10   4.44E-09   3.98E-16   5.97E-16   3.43E-03   6.61E-04   5.07E-07
 5.72E+06   7.91E-18   4.90E-10   5.31E-09   3.58E-15   5.38E-15   3.53E-03   6.72E-04   5.32E-07
 5.88E+06   4.86E-17   5.24E-10   6.42E-09   2.20E-14   3.30E-14   3.60E-03   6.81E-04   5.57E-07
 6.02E+06   2.17E-16   5.63E-10   7.81E-09   9.82E-14   1.47E-13   3.66E-03   6.87E-04   5.81E-07
 6.18E+06   7.43E-16   6.06E-10   9.46E-09   3.36E-13   5.04E-13   3.69E-03   6.91E-04   6.05E-07
 6.32E+06   2.07E-15   6.54E-10   1.14E-08   9.29E-13   1.39E-12   3.72E-03   6.94E-04   6.29E-07
 6.48E+06   5.50E-15   7.09E-10   1.35E-08   2.28E-12   3.42E-12   3.74E-03   6.97E-04   6.51E-07
 6.62E+06   2.10E-14   7.72E-10   1.59E-08   6.53E-12   9.79E-12   3.75E-03   6.98E-04   6.74E-07
 6.78E+06   1.19E-13   8.45E-10   1.87E-08   2.79E-11   4.18E-11   3.76E-03   6.99E-04   6.95E-07
 6.92E+06   6.32E-13   9.32E-10   2.24E-08   1.33E-10   1.99E-10   3.77E-03   7.00E-04   7.17E-07
 7.08E+06   2.64E-12   1.04E-09   2.89E-08   5.34E-10   8.01E-10   3.77E-03   7.01E-04   7.43E-07
 7.22E+06   8.71E-12   1.17E-09   4.20E-08   1.72E-09   2.59E-09   3.77E-03   7.01E-04   7.80E-07
 7.38E+06   2.33E-11   1.35E-09   6.84E-08   4.54E-09   6.82E-09   3.78E-03   7.01E-04   8.39E-07
 7.52E+06   5.24E-11   1.59E-09   1.16E-07   1.01E-08   1.51E-08   3.78E-03   7.02E-04   9.36E-07
 7.68E+06   1.01E-10   1.94E-09   1.93E-07   1.92E-08   2.88E-08   3.78E-03   7.02E-04   1.08E-06
 7.82E+06   1.74E-10   2.41E-09   3.03E-07   3.25E-08   4.88E-08   3.78E-03   7.02E-04   1.29E-06
 7.98E+06   2.69E-10   3.04E-09   4.46E-07   4.99E-08   7.48E-08   3.78E-03   7.02E-04   1.55E-06
 8.12E+06   3.83E-10   3.86E-09   6.15E-07   7.04E-08   1.06E-07   3.78E-03   7.02E-04   1.85E-06
 8.28E+06   5.11E-10   4.91E-09   8.04E-07   9.31E-08   1.40E-07   3.78E-03   7.02E-04   2.19E-06
 8.42E+06   6.48E-10   6.22E-09   1.00E-06   1.17E-07   1.75E-07   3.78E-03   7.02E-04   2.53E-06
 8.58E+06   7.98E-10   7.83E-09   1.20E-06   1.40E-07   2.10E-07   3.78E-03   7.02E-04   2.88E-06
 8.72E+06   9.85E-10   9.83E-09   1.40E-06   1.63E-07   2.45E-07   3.78E-03   7.02E-04   3.22E-06
 8.88E+06   1.26E-09   1.23E-08   1.61E-06   1.86E-07   2.78E-07   3.78E-03   7.02E-04   3.56E-06
 9.02E+06   1.68E-09   1.56E-08   1.82E-06   2.08E-07   3.12E-07   3.78E-03   7.02E-04   3.92E-06
 9.18E+06   2.37E-09   1.99E-08   2.05E-06   2.32E-07   3.48E-07   3.78E-03   7.02E-04   4.29E-06
 9.32E+06   3.62E-09   2.57E-08   2.30E-06   2.58E-07   3.85E-07   3.78E-03   7.02E-04   4.71E-06
 9.48E+06   6.59E-09   3.35E-08   2.59E-06   2.85E-07   4.26E-07   3.78E-03   7.02E-04   5.16E-06
 9.62E+06   1.55E-08   4.37E-08   2.95E-06   3.16E-07   4.69E-07   3.78E-03   7.02E-04   5.66E-06
 9.78E+06   4.65E-08   5.67E-08   3.43E-06   3.50E-07   5.15E-07   3.79E-03   7.02E-04   6.23E-06
 9.92E+06   2.09E-07   7.59E-08   4.33E-06   3.91E-07   5.64E-07   3.79E-03   7.02E-04   6.95E-06

     Z      PH2O2      PCO2_1     PCO2_2     PH2CO_1    PH2CO_2    PHO2       PCH4_1     PCH4_2     
 2.50E+04   1.98E-06   7.90E-44   0.00E+00   1.68E-05   9.79E-06   1.50E-28   0.00E+00   0.00E+00
 1.75E+05   2.23E-06   1.13E-37   0.00E+00   1.92E-05   1.14E-05   1.45E-25   0.00E+00   0.00E+00
 3.25E+05   2.44E-06   4.07E-33   0.00E+00   2.13E-05   1.28E-05   8.29E-23   0.00E+00   0.00E+00
 4.75E+05   2.60E-06   1.24E-29   0.00E+00   2.33E-05   1.42E-05   2.44E-20   0.00E+00   0.00E+00
 6.25E+05   2.73E-06   7.72E-27   0.00E+00   2.51E-05   1.54E-05   3.82E-18   0.00E+00   0.00E+00
 7.75E+05   2.83E-06   1.65E-24   0.00E+00   2.67E-05   1.65E-05   3.34E-16   0.00E+00   0.00E+00
 9.25E+05   2.92E-06   1.58E-22   0.00E+00   2.81E-05   1.75E-05   1.70E-14   0.00E+00   0.00E+00
 1.08E+06   3.02E-06   7.61E-21   0.00E+00   2.94E-05   1.84E-05   5.05E-13   0.00E+00   0.00E+00
 1.22E+06   3.14E-06   1.81E-19   0.00E+00   3.06E-05   1.92E-05   8.30E-12   0.00E+00   0.00E+00
 1.38E+06   3.26E-06   2.38E-18   0.00E+00   3.16E-05   2.00E-05   8.24E-11   0.00E+00   0.00E+00
 1.52E+06   3.37E-06   2.00E-17   0.00E+00   3.25E-05   2.07E-05   5.58E-10   0.00E+00   0.00E+00
 1.68E+06   3.49E-06   1.18E-16   0.00E+00   3.34E-05   2.14E-05   2.82E-09   0.00E+00   0.00E+00
 1.82E+06   3.62E-06   5.37E-16   0.00E+00   3.42E-05   2.22E-05   1.14E-08   0.00E+00   0.00E+00
 1.98E+06   3.76E-06   1.97E-15   0.00E+00   3.49E-05   2.30E-05   3.87E-08   0.00E+00   0.00E+00
 2.12E+06   3.92E-06   6.16E-15   0.00E+00   3.55E-05   2.38E-05   1.13E-07   0.00E+00   0.00E+00
 2.28E+06   4.12E-06   1.70E-14   0.00E+00   3.61E-05   2.48E-05   2.94E-07   0.00E+00   0.00E+00
 2.42E+06   4.36E-06   4.30E-14   0.00E+00   3.67E-05   2.58E-05   6.94E-07   0.00E+00   0.00E+00
 2.58E+06   4.67E-06   1.01E-13   0.00E+00   3.73E-05   2.70E-05   1.51E-06   0.00E+00   0.00E+00
 2.72E+06   5.10E-06   2.18E-13   0.00E+00   3.80E-05   2.83E-05   3.03E-06   0.00E+00   0.00E+00
 2.88E+06   5.69E-06   4.35E-13   0.00E+00   3.86E-05   2.98E-05   5.70E-06   0.00E+00   0.00E+00
 3.02E+06   6.48E-06   7.98E-13   9.39-154   3.93E-05   3.14E-05   1.00E-05   7.62-152   1.48-151
 3.18E+06   7.52E-06   1.35E-12   3.24-126   4.00E-05   3.31E-05   1.65E-05   2.63-124   5.10-124
 3.32E+06   8.84E-06   2.10E-12   2.16-104   4.07E-05   3.48E-05   2.55E-05   1.75-102   3.40-102
 3.48E+06   1.04E-05   3.09E-12   4.52E-87   4.13E-05   3.65E-05   3.73E-05   3.67E-85   7.12E-85
 3.62E+06   1.23E-05   4.35E-12   2.79E-73   4.20E-05   3.82E-05   5.19E-05   2.27E-71   4.40E-71
 3.78E+06   1.45E-05   5.90E-12   2.97E-62   4.26E-05   3.98E-05   6.96E-05   2.41E-60   4.68E-60
 3.92E+06   1.70E-05   7.78E-12   2.13E-53   4.32E-05   4.13E-05   9.01E-05   1.73E-51   3.36E-51
 4.08E+06   1.99E-05   1.00E-11   2.95E-46   4.38E-05   4.27E-05   1.13E-04   2.39E-44   4.65E-44
 4.22E+06   2.32E-05   1.26E-11   1.78E-40   4.44E-05   4.39E-05   1.38E-04   1.45E-38   2.81E-38
 4.38E+06   2.69E-05   1.55E-11   9.06E-36   4.49E-05   4.50E-05   1.63E-04   7.36E-34   1.43E-33
 4.52E+06   3.07E-05   1.86E-11   6.63E-32   4.54E-05   4.59E-05   1.87E-04   5.38E-30   1.04E-29
 4.68E+06   3.44E-05   2.20E-11   1.09E-28   4.58E-05   4.66E-05   2.09E-04   8.85E-27   1.72E-26
 4.82E+06   3.78E-05   2.56E-11   5.71E-26   4.61E-05   4.72E-05   2.28E-04   4.64E-24   9.01E-24
 4.98E+06   4.07E-05   2.93E-11   1.19E-23   4.64E-05   4.77E-05   2.44E-04   9.69E-22   1.88E-21
 5.12E+06   4.32E-05   3.33E-11   1.12E-21   4.67E-05   4.81E-05   2.57E-04   9.06E-20   1.76E-19
 5.28E+06   4.51E-05   3.73E-11   5.10E-20   4.69E-05   4.84E-05   2.67E-04   4.14E-18   8.03E-18
 5.42E+06   4.66E-05   4.17E-11   1.24E-18   4.70E-05   4.86E-05   2.75E-04   1.01E-16   1.96E-16
 5.58E+06   4.78E-05   4.64E-11   1.77E-17   4.71E-05   4.87E-05   2.81E-04   1.43E-15   2.78E-15
 5.72E+06   4.87E-05   5.17E-11   1.59E-16   4.72E-05   4.89E-05   2.86E-04   1.29E-14   2.51E-14
 5.88E+06   4.93E-05   5.76E-11   9.77E-16   4.72E-05   4.89E-05   2.89E-04   7.94E-14   1.54E-13
 6.02E+06   4.98E-05   6.42E-11   4.36E-15   4.73E-05   4.90E-05   2.92E-04   3.54E-13   6.88E-13
 6.18E+06   5.02E-05   7.15E-11   1.49E-14   4.73E-05   4.90E-05   2.94E-04   1.21E-12   2.35E-12
 6.32E+06   5.04E-05   7.94E-11   4.13E-14   4.73E-05   4.91E-05   2.96E-04   3.36E-12   6.49E-12
 6.48E+06   5.06E-05   8.79E-11   1.02E-13   4.73E-05   4.91E-05   2.97E-04   8.37E-12   1.56E-11
 6.62E+06   5.08E-05   9.68E-11   3.08E-13   4.73E-05   4.91E-05   2.98E-04   2.57E-11   4.07E-11
 6.78E+06   5.09E-05   1.06E-10   1.40E-12   4.74E-05   4.91E-05   2.99E-04   1.19E-10   1.52E-10
 6.92E+06   5.10E-05   1.17E-10   6.82E-12   4.74E-05   4.91E-05   3.00E-04   5.86E-10   6.73E-10
 7.08E+06   5.11E-05   1.28E-10   2.77E-11   4.74E-05   4.91E-05   3.00E-04   2.38E-09   2.64E-09
 7.22E+06   5.11E-05   1.40E-10   8.95E-11   4.74E-05   4.91E-05   3.01E-04   7.70E-09   8.45E-09
 7.38E+06   5.12E-05   1.54E-10   2.36E-10   4.74E-05   4.92E-05   3.01E-04   2.03E-08   2.22E-08
 7.52E+06   5.13E-05   1.70E-10   5.22E-10   4.74E-05   4.92E-05   3.01E-04   4.49E-08   4.89E-08
 7.68E+06   5.14E-05   1.89E-10   9.97E-10   4.74E-05   4.92E-05   3.02E-04   8.57E-08   9.31E-08
 7.82E+06   5.16E-05   2.12E-10   1.69E-09   4.75E-05   4.93E-05   3.02E-04   1.45E-07   1.57E-07
 7.98E+06   5.18E-05   2.38E-10   2.58E-09   4.75E-05   4.93E-05   3.02E-04   2.22E-07   2.40E-07
 8.12E+06   5.20E-05   2.68E-10   3.65E-09   4.76E-05   4.94E-05   3.02E-04   3.13E-07   3.39E-07
 8.28E+06   5.22E-05   3.04E-10   4.82E-09   4.77E-05   4.95E-05   3.03E-04   4.13E-07   4.47E-07
 8.42E+06   5.24E-05   3.44E-10   6.05E-09   4.78E-05   4.96E-05   3.03E-04   5.17E-07   5.59E-07
 8.58E+06   5.27E-05   3.90E-10   7.27E-09   4.79E-05   4.97E-05   3.03E-04   6.21E-07   6.72E-07
 8.72E+06   5.29E-05   4.40E-10   8.47E-09   4.80E-05   4.97E-05   3.04E-04   7.23E-07   7.82E-07
 8.88E+06   5.32E-05   4.98E-10   9.67E-09   4.80E-05   4.98E-05   3.04E-04   8.25E-07   8.92E-07
 9.02E+06   5.34E-05   5.64E-10   1.09E-08   4.81E-05   4.99E-05   3.04E-04   9.30E-07   1.01E-06
 9.18E+06   5.37E-05   6.44E-10   1.23E-08   4.82E-05   5.00E-05   3.04E-04   1.04E-06   1.13E-06
 9.32E+06   5.40E-05   7.45E-10   1.40E-08   4.83E-05   5.01E-05   3.05E-04   1.17E-06   1.26E-06
 9.48E+06   5.43E-05   8.83E-10   1.61E-08   4.85E-05   5.03E-05   3.05E-04   1.31E-06   1.42E-06
 9.62E+06   5.47E-05   1.12E-09   1.88E-08   4.88E-05   5.06E-05   3.05E-04   1.47E-06   1.59E-06
 9.78E+06   5.51E-05   1.65E-09   2.24E-08   4.93E-05   5.11E-05   3.06E-04   1.66E-06   1.78E-06
 9.92E+06   5.60E-05   3.26E-09   3.04E-08   5.02E-05   5.20E-05   3.06E-04   1.89E-06   2.01E-06

     Z      PCH4_3     PC2H6_1    PC2H6_2    PHNO2_1    PHNO3      PHNO3_3    PHNO3_1    PNO        
 2.50E+04   0.00E+00   0.00E+00   0.00E+00   5.43E-04   1.53E-07   6.70E-39   4.81E-39   0.00E+00
 1.75E+05   0.00E+00   0.00E+00   0.00E+00   6.02E-04   1.71E-07   9.81E-33   7.04E-33   0.00E+00
 3.25E+05   0.00E+00   0.00E+00   0.00E+00   6.55E-04   1.84E-07   3.53E-28   2.53E-28   0.00E+00
 4.75E+05   0.00E+00   0.00E+00   0.00E+00   7.03E-04   1.93E-07   1.06E-24   7.65E-25   0.00E+00
 6.25E+05   0.00E+00   0.00E+00   0.00E+00   7.46E-04   1.96E-07   6.54E-22   4.70E-22   0.00E+00
 7.75E+05   0.00E+00   0.00E+00   0.00E+00   7.84E-04   1.96E-07   1.38E-19   9.91E-20   5.97-142
 9.25E+05   0.00E+00   0.00E+00   0.00E+00   8.19E-04   1.93E-07   1.32E-17   9.48E-18   7.82-115
 1.08E+06   0.00E+00   0.00E+00   0.00E+00   8.50E-04   1.94E-07   6.46E-16   4.64E-16   6.55E-93
 1.22E+06   0.00E+00   0.00E+00   0.00E+00   8.76E-04   2.02E-07   1.59E-14   1.14E-14   2.31E-75
 1.38E+06   0.00E+00   0.00E+00   0.00E+00   9.00E-04   2.10E-07   2.17E-13   1.56E-13   1.80E-61
 1.52E+06   0.00E+00   0.00E+00   0.00E+00   9.22E-04   2.21E-07   1.89E-12   1.36E-12   1.67E-50
 1.68E+06   0.00E+00   0.00E+00   0.00E+00   9.40E-04   2.35E-07   1.16E-11   8.34E-12   7.45E-42
 1.82E+06   0.00E+00   0.00E+00   0.00E+00   9.56E-04   2.55E-07   5.45E-11   3.91E-11   5.02E-35
 1.98E+06   0.00E+00   0.00E+00   0.00E+00   9.69E-04   2.89E-07   2.07E-10   1.49E-10   1.26E-29
 2.12E+06   0.00E+00   0.00E+00   0.00E+00   9.78E-04   3.51E-07   6.74E-10   4.84E-10   2.42E-25
 2.28E+06   0.00E+00   0.00E+00   0.00E+00   9.86E-04   4.71E-07   1.97E-09   1.41E-09   6.39E-22
 2.42E+06   0.00E+00   0.00E+00   0.00E+00   9.92E-04   6.98E-07   5.31E-09   3.81E-09   3.74E-19
 2.58E+06   0.00E+00   0.00E+00   0.00E+00   9.98E-04   1.11E-06   1.34E-08   9.62E-09   6.87E-17
 2.72E+06   0.00E+00   0.00E+00   0.00E+00   1.00E-03   1.79E-06   3.13E-08   2.24E-08   5.02E-15
 2.88E+06   0.00E+00   0.00E+00   0.00E+00   1.01E-03   2.87E-06   6.66E-08   4.78E-08   1.69E-13
 3.02E+06   2.28-151   0.00E+00   1.50-152   1.01E-03   4.42E-06   1.29E-07   9.23E-08   2.96E-12
 3.18E+06   7.88-124   0.00E+00   5.19-125   1.02E-03   6.47E-06   2.26E-07   1.62E-07   2.99E-11
 3.32E+06   5.25-102   0.00E+00   3.46-103   1.02E-03   8.98E-06   3.64E-07   2.62E-07   1.92E-10
 3.48E+06   1.10E-84   0.00E+00   7.24E-86   1.03E-03   1.19E-05   5.48E-07   3.94E-07   8.54E-10
 3.62E+06   6.79E-71   0.00E+00   4.47E-72   1.04E-03   1.50E-05   7.79E-07   5.60E-07   2.85E-09
 3.78E+06   7.23E-60   0.00E+00   4.76E-61   1.05E-03   1.83E-05   1.06E-06   7.61E-07   7.56E-09
 3.92E+06   5.18E-51   0.00E+00   3.42E-52   1.06E-03   2.17E-05   1.39E-06   9.96E-07   1.68E-08
 4.08E+06   7.17E-44   0.00E+00   4.72E-45   1.07E-03   2.52E-05   1.76E-06   1.26E-06   3.25E-08
 4.22E+06   4.33E-38   0.00E+00   2.86E-39   1.08E-03   2.86E-05   2.16E-06   1.55E-06   5.64E-08
 4.38E+06   2.20E-33   0.00E+00   1.45E-34   1.09E-03   3.19E-05   2.60E-06   1.86E-06   8.96E-08
 4.52E+06   1.61E-29   0.00E+00   1.06E-30   1.10E-03   3.50E-05   3.04E-06   2.19E-06   1.33E-07
 4.68E+06   2.65E-26   0.00E+00   1.75E-27   1.11E-03   3.78E-05   3.50E-06   2.51E-06   1.87E-07
 4.82E+06   1.39E-23   0.00E+00   9.16E-25   1.12E-03   4.01E-05   3.96E-06   2.84E-06   2.51E-07
 4.98E+06   2.90E-21   0.00E+00   1.91E-22   1.13E-03   4.21E-05   4.41E-06   3.17E-06   3.26E-07
 5.12E+06   2.71E-19   0.00E+00   1.79E-20   1.14E-03   4.38E-05   4.87E-06   3.49E-06   4.09E-07
 5.28E+06   1.24E-17   0.00E+00   8.17E-19   1.14E-03   4.52E-05   5.32E-06   3.82E-06   5.01E-07
 5.42E+06   3.02E-16   0.00E+00   1.99E-17   1.15E-03   4.64E-05   5.76E-06   4.14E-06   6.00E-07
 5.58E+06   4.29E-15   0.00E+00   2.83E-16   1.15E-03   4.73E-05   6.20E-06   4.45E-06   7.05E-07
 5.72E+06   3.87E-14   0.00E+00   2.55E-15   1.15E-03   4.81E-05   6.64E-06   4.77E-06   8.15E-07
 5.88E+06   2.38E-13   0.00E+00   1.57E-14   1.15E-03   4.88E-05   7.08E-06   5.08E-06   9.31E-07
 6.02E+06   1.06E-12   0.00E+00   6.99E-14   1.16E-03   4.93E-05   7.52E-06   5.40E-06   1.05E-06
 6.18E+06   3.63E-12   0.00E+00   2.39E-13   1.16E-03   4.97E-05   7.94E-06   5.70E-06   1.17E-06
 6.32E+06   9.97E-12   0.00E+00   6.69E-13   1.16E-03   5.01E-05   8.36E-06   6.00E-06   1.29E-06
 6.48E+06   2.29E-11   0.00E+00   1.82E-12   1.16E-03   5.04E-05   8.77E-06   6.30E-06   1.42E-06
 6.62E+06   4.68E-11   0.00E+00   7.42E-12   1.16E-03   5.07E-05   9.16E-06   6.58E-06   1.54E-06
 6.78E+06   9.49E-11   0.00E+00   4.38E-11   1.16E-03   5.09E-05   9.54E-06   6.85E-06   1.67E-06
 6.92E+06   2.22E-10   0.00E+00   2.34E-10   1.16E-03   5.11E-05   9.91E-06   7.11E-06   1.79E-06
 7.08E+06   6.02E-10   0.00E+00   9.66E-10   1.16E-03   5.13E-05   1.03E-05   7.37E-06   1.92E-06
 7.22E+06   1.63E-09   0.00E+00   3.12E-09   1.16E-03   5.15E-05   1.06E-05   7.62E-06   2.05E-06
 7.38E+06   3.98E-09   0.00E+00   8.13E-09   1.16E-03   5.17E-05   1.10E-05   7.87E-06   2.18E-06
 7.52E+06   8.48E-09   0.00E+00   1.78E-08   1.16E-03   5.20E-05   1.13E-05   8.13E-06   2.32E-06
 7.68E+06   1.58E-08   0.00E+00   3.35E-08   1.16E-03   5.23E-05   1.17E-05   8.40E-06   2.48E-06
 7.82E+06   2.64E-08   0.00E+00   5.60E-08   1.16E-03   5.27E-05   1.21E-05   8.70E-06   2.65E-06
 7.98E+06   4.01E-08   0.00E+00   8.47E-08   1.16E-03   5.31E-05   1.26E-05   9.01E-06   2.84E-06
 8.12E+06   5.63E-08   0.00E+00   1.18E-07   1.16E-03   5.35E-05   1.30E-05   9.35E-06   3.04E-06
 8.28E+06   7.40E-08   0.00E+00   1.55E-07   1.16E-03   5.39E-05   1.35E-05   9.71E-06   3.26E-06
 8.42E+06   9.25E-08   0.00E+00   1.93E-07   1.16E-03   5.44E-05   1.40E-05   1.01E-05   3.50E-06
 8.58E+06   1.11E-07   0.00E+00   2.31E-07   1.16E-03   5.48E-05   1.46E-05   1.05E-05   3.74E-06
 8.72E+06   1.29E-07   0.00E+00   2.68E-07   1.16E-03   5.53E-05   1.51E-05   1.08E-05   3.99E-06
 8.88E+06   1.48E-07   0.00E+00   3.07E-07   1.16E-03   5.58E-05   1.56E-05   1.12E-05   4.25E-06
 9.02E+06   1.67E-07   0.00E+00   3.48E-07   1.16E-03   5.62E-05   1.62E-05   1.16E-05   4.51E-06
 9.18E+06   1.89E-07   0.00E+00   3.96E-07   1.16E-03   5.67E-05   1.67E-05   1.20E-05   4.78E-06
 9.32E+06   2.13E-07   0.00E+00   4.51E-07   1.16E-03   5.72E-05   1.73E-05   1.24E-05   5.07E-06
 9.48E+06   2.40E-07   0.00E+00   5.14E-07   1.16E-03   5.77E-05   1.79E-05   1.29E-05   5.38E-06
 9.62E+06   2.70E-07   0.00E+00   5.86E-07   1.16E-03   5.83E-05   1.86E-05   1.33E-05   5.73E-06
 9.78E+06   3.05E-07   0.00E+00   6.69E-07   1.16E-03   5.89E-05   1.94E-05   1.39E-05   6.18E-06
 9.92E+06   3.45E-07   0.00E+00   7.66E-07   1.16E-03   6.00E-05   2.06E-05   1.48E-05   6.96E-06

     Z      PNO2_O1D   PNO2       PCH3_1     PSO        PH2S       PSO2       PSO2_SO21  PSO2_SO23  
 2.50E+04   8.02E-30   3.59E-03   1.14E-28   1.33E-28   2.49E-14   7.99E-29   3.62E-05   4.29E-07
 1.75E+05   7.44E-27   3.93E-03   1.12E-25   1.62E-25   3.02E-14   9.23E-26   4.28E-05   4.73E-07
 3.25E+05   4.12E-24   4.24E-03   5.56E-23   1.08E-22   3.53E-14   6.06E-23   4.88E-05   5.12E-07
 4.75E+05   1.18E-21   4.52E-03   1.44E-20   3.56E-20   4.02E-14   2.01E-20   5.44E-05   5.46E-07
 6.25E+05   1.79E-19   4.76E-03   2.10E-18   6.09E-18   4.51E-14   3.51E-18   5.96E-05   5.78E-07
 7.75E+05   1.53E-17   4.99E-03   1.78E-16   5.73E-16   5.01E-14   3.37E-16   6.44E-05   6.06E-07
 9.25E+05   7.59E-16   5.19E-03   8.94E-15   3.08E-14   6.81E-14   1.85E-14   6.90E-05   6.31E-07
 1.08E+06   2.22E-14   5.37E-03   2.62E-13   9.54E-13   4.84E-13   5.81E-13   7.32E-05   6.54E-07
 1.22E+06   3.59E-13   5.52E-03   4.25E-12   1.61E-11   7.36E-12   9.92E-12   7.70E-05   6.73E-07
 1.38E+06   3.53E-12   5.66E-03   4.16E-11   1.63E-10   7.49E-11   1.01E-10   8.07E-05   6.90E-07
 1.52E+06   2.37E-11   5.79E-03   2.78E-10   1.12E-09   5.17E-10   6.97E-10   8.47E-05   7.06E-07
 1.68E+06   1.20E-10   5.90E-03   1.39E-09   5.71E-09   2.65E-09   3.56E-09   8.93E-05   7.20E-07
 1.82E+06   4.83E-10   5.99E-03   5.59E-09   2.32E-08   1.08E-08   1.44E-08   9.48E-05   7.31E-07
 1.98E+06   1.63E-09   6.06E-03   1.88E-08   7.83E-08   3.63E-08   4.87E-08   1.01E-04   7.39E-07
 2.12E+06   4.80E-09   6.12E-03   5.50E-08   2.28E-07   1.05E-07   1.41E-07   1.10E-04   7.46E-07
 2.28E+06   1.25E-08   6.17E-03   1.44E-07   5.87E-07   2.70E-07   3.62E-07   1.20E-04   7.51E-07
 2.42E+06   2.98E-08   6.21E-03   3.42E-07   1.37E-06   6.24E-07   8.37E-07   1.33E-04   7.55E-07
 2.58E+06   6.53E-08   6.24E-03   7.53E-07   2.91E-06   1.32E-06   1.77E-06   1.50E-04   7.57E-07
 2.72E+06   1.33E-07   6.27E-03   1.55E-06   5.70E-06   2.57E-06   3.45E-06   1.70E-04   7.60E-07
 2.88E+06   2.54E-07   6.30E-03   3.02E-06   1.04E-05   4.65E-06   6.23E-06   1.95E-04   7.62E-07
 3.02E+06   4.53E-07   6.32E-03   5.49E-06   1.75E-05   7.82E-06   1.04E-05   2.26E-04   7.63E-07
 3.18E+06   7.59E-07   6.34E-03   9.27E-06   2.73E-05   1.23E-05   1.63E-05   2.63E-04   7.64E-07
 3.32E+06   1.20E-06   6.36E-03   1.45E-05   3.99E-05   1.80E-05   2.37E-05   3.04E-04   7.65E-07
 3.48E+06   1.78E-06   6.38E-03   2.10E-05   5.47E-05   2.49E-05   3.25E-05   3.50E-04   7.66E-07
 3.62E+06   2.53E-06   6.39E-03   2.84E-05   7.11E-05   3.28E-05   4.23E-05   3.98E-04   7.66E-07
 3.78E+06   3.45E-06   6.41E-03   3.62E-05   8.84E-05   4.14E-05   5.26E-05   4.50E-04   7.67E-07
 3.92E+06   4.51E-06   6.42E-03   4.40E-05   1.06E-04   5.06E-05   6.31E-05   5.02E-04   7.67E-07
 4.08E+06   5.70E-06   6.43E-03   5.13E-05   1.23E-04   5.98E-05   7.33E-05   5.56E-04   7.67E-07
 4.22E+06   6.95E-06   6.44E-03   5.78E-05   1.38E-04   6.89E-05   8.27E-05   6.09E-04   7.67E-07
 4.38E+06   8.19E-06   6.45E-03   6.34E-05   1.52E-04   7.74E-05   9.11E-05   6.60E-04   7.68E-07
 4.52E+06   9.35E-06   6.46E-03   6.80E-05   1.64E-04   8.50E-05   9.84E-05   7.07E-04   7.68E-07
 4.68E+06   1.04E-05   6.46E-03   7.17E-05   1.74E-04   9.16E-05   1.04E-04   7.48E-04   7.68E-07
 4.82E+06   1.12E-05   6.47E-03   7.46E-05   1.82E-04   9.73E-05   1.10E-04   7.83E-04   7.68E-07
 4.98E+06   1.20E-05   6.47E-03   7.69E-05   1.89E-04   1.02E-04   1.14E-04   8.13E-04   7.68E-07
 5.12E+06   1.25E-05   6.47E-03   7.87E-05   1.95E-04   1.06E-04   1.17E-04   8.36E-04   7.68E-07
 5.28E+06   1.30E-05   6.48E-03   8.01E-05   1.99E-04   1.09E-04   1.20E-04   8.53E-04   7.68E-07
 5.42E+06   1.33E-05   6.48E-03   8.12E-05   2.03E-04   1.11E-04   1.22E-04   8.67E-04   7.68E-07
 5.58E+06   1.36E-05   6.48E-03   8.20E-05   2.06E-04   1.13E-04   1.24E-04   8.77E-04   7.68E-07
 5.72E+06   1.38E-05   6.48E-03   8.26E-05   2.08E-04   1.15E-04   1.26E-04   8.84E-04   7.68E-07
 5.88E+06   1.40E-05   6.48E-03   8.31E-05   2.11E-04   1.16E-04   1.27E-04   8.89E-04   7.68E-07
 6.02E+06   1.41E-05   6.48E-03   8.35E-05   2.12E-04   1.18E-04   1.28E-04   8.93E-04   7.68E-07
 6.18E+06   1.43E-05   6.48E-03   8.38E-05   2.14E-04   1.19E-04   1.29E-04   8.96E-04   7.68E-07
 6.32E+06   1.44E-05   6.48E-03   8.41E-05   2.15E-04   1.19E-04   1.30E-04   8.98E-04   7.68E-07
 6.48E+06   1.44E-05   6.48E-03   8.42E-05   2.16E-04   1.20E-04   1.31E-04   8.99E-04   7.68E-07
 6.62E+06   1.45E-05   6.48E-03   8.44E-05   2.17E-04   1.21E-04   1.32E-04   9.00E-04   7.68E-07
 6.78E+06   1.46E-05   6.48E-03   8.45E-05   2.18E-04   1.21E-04   1.32E-04   9.01E-04   7.68E-07
 6.92E+06   1.47E-05   6.48E-03   8.46E-05   2.19E-04   1.22E-04   1.33E-04   9.01E-04   7.68E-07
 7.08E+06   1.47E-05   6.48E-03   8.47E-05   2.19E-04   1.22E-04   1.33E-04   9.01E-04   7.68E-07
 7.22E+06   1.48E-05   6.48E-03   8.47E-05   2.20E-04   1.22E-04   1.34E-04   9.02E-04   7.68E-07
 7.38E+06   1.49E-05   6.48E-03   8.47E-05   2.20E-04   1.23E-04   1.34E-04   9.02E-04   7.68E-07
 7.52E+06   1.50E-05   6.48E-03   8.48E-05   2.21E-04   1.23E-04   1.35E-04   9.02E-04   7.68E-07
 7.68E+06   1.51E-05   6.48E-03   8.48E-05   2.21E-04   1.24E-04   1.35E-04   9.02E-04   7.68E-07
 7.82E+06   1.52E-05   6.48E-03   8.48E-05   2.21E-04   1.24E-04   1.36E-04   9.02E-04   7.68E-07
 7.98E+06   1.54E-05   6.48E-03   8.48E-05   2.22E-04   1.25E-04   1.36E-04   9.02E-04   7.68E-07
 8.12E+06   1.56E-05   6.49E-03   8.49E-05   2.22E-04   1.25E-04   1.37E-04   9.02E-04   7.68E-07
 8.28E+06   1.58E-05   6.49E-03   8.49E-05   2.22E-04   1.26E-04   1.38E-04   9.02E-04   7.68E-07
 8.42E+06   1.60E-05   6.49E-03   8.49E-05   2.22E-04   1.27E-04   1.39E-04   9.02E-04   7.68E-07
 8.58E+06   1.63E-05   6.49E-03   8.49E-05   2.22E-04   1.28E-04   1.40E-04   9.02E-04   7.68E-07
 8.72E+06   1.65E-05   6.49E-03   8.49E-05   2.23E-04   1.28E-04   1.41E-04   9.02E-04   7.68E-07
 8.88E+06   1.67E-05   6.49E-03   8.49E-05   2.23E-04   1.29E-04   1.42E-04   9.02E-04   7.68E-07
 9.02E+06   1.70E-05   6.49E-03   8.49E-05   2.23E-04   1.30E-04   1.42E-04   9.02E-04   7.68E-07
 9.18E+06   1.73E-05   6.49E-03   8.49E-05   2.23E-04   1.30E-04   1.43E-04   9.02E-04   7.68E-07
 9.32E+06   1.76E-05   6.49E-03   8.49E-05   2.23E-04   1.31E-04   1.44E-04   9.02E-04   7.68E-07
 9.48E+06   1.79E-05   6.49E-03   8.49E-05   2.23E-04   1.32E-04   1.45E-04   9.02E-04   7.68E-07
 9.62E+06   1.83E-05   6.49E-03   8.49E-05   2.23E-04   1.33E-04   1.46E-04   9.02E-04   7.68E-07
 9.78E+06   1.89E-05   6.49E-03   8.49E-05   2.23E-04   1.34E-04   1.48E-04   9.02E-04   7.68E-07
 9.92E+06   1.99E-05   6.49E-03   8.49E-05   2.24E-04   1.35E-04   1.49E-04   9.02E-04   7.68E-07

     Z      PS2        PS4        PS3        PS8L       PS8R       PS8        PSO3       PHSO       
 2.50E+04   2.88E-05   1.16E-01   5.37E-01   0.00E+00   0.00E+00   7.81E-14   6.58E-08   1.50E-28
 1.75E+05   3.40E-05   1.19E-01   5.77E-01   0.00E+00   0.00E+00   1.10E-13   7.67E-08   1.45E-25
 3.25E+05   3.86E-05   1.23E-01   6.12E-01   0.00E+00   0.00E+00   1.49E-13   8.65E-08   8.29E-23
 4.75E+05   4.30E-05   1.26E-01   6.43E-01   0.00E+00   0.00E+00   2.00E-13   9.54E-08   2.44E-20
 6.25E+05   4.70E-05   1.29E-01   6.72E-01   0.00E+00   0.00E+00   2.63E-13   1.04E-07   3.82E-18
 7.75E+05   5.07E-05   1.31E-01   6.97E-01   0.00E+00   0.00E+00   3.44E-13   1.11E-07   3.34E-16
 9.25E+05   5.42E-05   1.34E-01   7.20E-01   0.00E+00   0.00E+00   4.48E-13   1.18E-07   1.70E-14
 1.08E+06   5.74E-05   1.36E-01   7.40E-01   0.00E+00   0.00E+00   5.93E-13   1.25E-07   5.05E-13
 1.22E+06   6.03E-05   1.38E-01   7.58E-01   0.00E+00   0.00E+00   7.93E-13   1.30E-07   8.30E-12
 1.38E+06   6.31E-05   1.39E-01   7.74E-01   0.00E+00   0.00E+00   1.06E-12   1.35E-07   8.24E-11
 1.52E+06   6.60E-05   1.41E-01   7.89E-01   0.00E+00   0.00E+00   1.42E-12   1.41E-07   5.58E-10
 1.68E+06   6.93E-05   1.43E-01   8.02E-01   0.00E+00   0.00E+00   1.89E-12   1.47E-07   2.82E-09
 1.82E+06   7.31E-05   1.45E-01   8.13E-01   0.00E+00   0.00E+00   2.52E-12   1.54E-07   1.14E-08
 1.98E+06   7.77E-05   1.46E-01   8.21E-01   0.00E+00   0.00E+00   3.35E-12   1.64E-07   3.87E-08
 2.12E+06   8.32E-05   1.47E-01   8.27E-01   0.00E+00   0.00E+00   4.45E-12   1.80E-07   1.13E-07
 2.28E+06   9.00E-05   1.47E-01   8.31E-01   0.00E+00   0.00E+00   5.91E-12   2.11E-07   2.94E-07
 2.42E+06   9.85E-05   1.48E-01   8.35E-01   0.00E+00   0.00E+00   7.86E-12   2.68E-07   6.94E-07
 2.58E+06   1.09E-04   1.48E-01   8.37E-01   0.00E+00   0.00E+00   1.05E-11   3.73E-07   1.51E-06
 2.72E+06   1.22E-04   1.48E-01   8.39E-01   0.00E+00   0.00E+00   1.40E-11   5.57E-07   3.03E-06
 2.88E+06   1.38E-04   1.49E-01   8.41E-01   0.00E+00   0.00E+00   1.88E-11   8.58E-07   5.70E-06
 3.02E+06   1.58E-04   1.49E-01   8.42E-01   0.00E+00   0.00E+00   2.53E-11   1.31E-06   1.00E-05
 3.18E+06   1.82E-04   1.49E-01   8.43E-01   0.00E+00   0.00E+00   3.42E-11   1.95E-06   1.65E-05
 3.32E+06   2.09E-04   1.49E-01   8.44E-01   0.00E+00   0.00E+00   4.62E-11   2.79E-06   2.55E-05
 3.48E+06   2.39E-04   1.49E-01   8.44E-01   0.00E+00   0.00E+00   6.23E-11   3.80E-06   3.73E-05
 3.62E+06   2.72E-04   1.49E-01   8.45E-01   0.00E+00   0.00E+00   8.37E-11   4.96E-06   5.19E-05
 3.78E+06   3.06E-04   1.49E-01   8.45E-01   0.00E+00   0.00E+00   1.12E-10   6.26E-06   6.96E-05
 3.92E+06   3.40E-04   1.49E-01   8.45E-01   0.00E+00   0.00E+00   1.49E-10   7.65E-06   9.01E-05
 4.08E+06   3.73E-04   1.50E-01   8.46E-01   0.00E+00   0.00E+00   1.98E-10   9.12E-06   1.13E-04
 4.22E+06   4.05E-04   1.50E-01   8.46E-01   0.00E+00   0.00E+00   2.63E-10   1.06E-05   1.38E-04
 4.38E+06   4.35E-04   1.50E-01   8.46E-01   0.00E+00   0.00E+00   3.46E-10   1.21E-05   1.63E-04
 4.52E+06   4.61E-04   1.50E-01   8.46E-01   0.00E+00   0.00E+00   4.52E-10   1.36E-05   1.87E-04
 4.68E+06   4.84E-04   1.50E-01   8.46E-01   0.00E+00   0.00E+00   5.84E-10   1.49E-05   2.09E-04
 4.82E+06   5.02E-04   1.50E-01   8.46E-01   0.00E+00   0.00E+00   7.46E-10   1.61E-05   2.28E-04
 4.98E+06   5.17E-04   1.50E-01   8.46E-01   0.00E+00   0.00E+00   9.42E-10   1.71E-05   2.44E-04
 5.12E+06   5.29E-04   1.50E-01   8.46E-01   0.00E+00   0.00E+00   1.18E-09   1.79E-05   2.57E-04
 5.28E+06   5.38E-04   1.50E-01   8.46E-01   0.00E+00   0.00E+00   1.47E-09   1.86E-05   2.67E-04
 5.42E+06   5.44E-04   1.50E-01   8.46E-01   0.00E+00   0.00E+00   1.82E-09   1.91E-05   2.75E-04
 5.58E+06   5.49E-04   1.50E-01   8.46E-01   0.00E+00   0.00E+00   2.24E-09   1.95E-05   2.81E-04
 5.72E+06   5.53E-04   1.50E-01   8.46E-01   0.00E+00   0.00E+00   2.75E-09   1.99E-05   2.86E-04
 5.88E+06   5.55E-04   1.50E-01   8.46E-01   0.00E+00   0.00E+00   3.38E-09   2.02E-05   2.89E-04
 6.02E+06   5.57E-04   1.50E-01   8.46E-01   0.00E+00   0.00E+00   4.14E-09   2.04E-05   2.92E-04
 6.18E+06   5.58E-04   1.50E-01   8.46E-01   0.00E+00   0.00E+00   5.08E-09   2.06E-05   2.94E-04
 6.32E+06   5.59E-04   1.50E-01   8.46E-01   0.00E+00   0.00E+00   6.23E-09   2.07E-05   2.96E-04
 6.48E+06   5.60E-04   1.50E-01   8.46E-01   0.00E+00   0.00E+00   7.65E-09   2.08E-05   2.97E-04
 6.62E+06   5.61E-04   1.50E-01   8.46E-01   0.00E+00   0.00E+00   9.41E-09   2.10E-05   2.98E-04
 6.78E+06   5.61E-04   1.50E-01   8.46E-01   0.00E+00   0.00E+00   1.16E-08   2.11E-05   2.99E-04
 6.92E+06   5.61E-04   1.50E-01   8.46E-01   0.00E+00   0.00E+00   1.43E-08   2.11E-05   3.00E-04
 7.08E+06   5.61E-04   1.50E-01   8.46E-01   0.00E+00   0.00E+00   1.77E-08   2.12E-05   3.00E-04
 7.22E+06   5.61E-04   1.50E-01   8.46E-01   0.00E+00   0.00E+00   2.19E-08   2.13E-05   3.01E-04
 7.38E+06   5.61E-04   1.50E-01   8.46E-01   0.00E+00   0.00E+00   2.71E-08   2.13E-05   3.01E-04
 7.52E+06   5.62E-04   1.50E-01   8.46E-01   0.00E+00   0.00E+00   3.38E-08   2.14E-05   3.01E-04
 7.68E+06   5.62E-04   1.50E-01   8.46E-01   0.00E+00   0.00E+00   4.21E-08   2.15E-05   3.02E-04
 7.82E+06   5.62E-04   1.50E-01   8.46E-01   0.00E+00   0.00E+00   5.25E-08   2.15E-05   3.02E-04
 7.98E+06   5.62E-04   1.50E-01   8.46E-01   0.00E+00   0.00E+00   6.54E-08   2.16E-05   3.02E-04
 8.12E+06   5.62E-04   1.50E-01   8.46E-01   0.00E+00   0.00E+00   8.15E-08   2.16E-05   3.02E-04
 8.28E+06   5.62E-04   1.50E-01   8.46E-01   0.00E+00   0.00E+00   1.02E-07   2.17E-05   3.03E-04
 8.42E+06   5.62E-04   1.50E-01   8.46E-01   0.00E+00   0.00E+00   1.27E-07   2.18E-05   3.03E-04
 8.58E+06   5.62E-04   1.50E-01   8.46E-01   0.00E+00   0.00E+00   1.58E-07   2.18E-05   3.03E-04
 8.72E+06   5.62E-04   1.50E-01   8.46E-01   0.00E+00   0.00E+00   1.96E-07   2.19E-05   3.04E-04
 8.88E+06   5.62E-04   1.50E-01   8.46E-01   0.00E+00   0.00E+00   2.44E-07   2.20E-05   3.04E-04
 9.02E+06   5.62E-04   1.50E-01   8.46E-01   0.00E+00   0.00E+00   3.04E-07   2.21E-05   3.04E-04
 9.18E+06   5.62E-04   1.50E-01   8.46E-01   0.00E+00   0.00E+00   3.78E-07   2.21E-05   3.04E-04
 9.32E+06   5.62E-04   1.50E-01   8.46E-01   0.00E+00   0.00E+00   4.70E-07   2.22E-05   3.05E-04
 9.48E+06   5.62E-04   1.50E-01   8.46E-01   0.00E+00   0.00E+00   5.84E-07   2.23E-05   3.05E-04
 9.62E+06   5.62E-04   1.50E-01   8.46E-01   0.00E+00   0.00E+00   7.25E-07   2.24E-05   3.05E-04
 9.78E+06   5.62E-04   1.50E-01   8.46E-01   0.00E+00   0.00E+00   8.99E-07   2.25E-05   3.06E-04
 9.92E+06   5.62E-04   1.50E-01   8.46E-01   0.00E+00   0.00E+00   1.11E-06   2.28E-05   3.06E-04

     Z      POCS       PNO3_NO    PNO3_NO2   PN2O       PHO2NO2_NO2PHO2NO2_NO3PN2O5_NO2  PN2O5_NO   
 2.50E+04   1.03E-11   1.06E-02   8.34E-02   7.62E-32   1.52E-06   3.80E-07   3.45E-10   1.01E-05
 1.75E+05   1.23E-11   1.08E-02   8.49E-02   9.96E-29   1.77E-06   4.42E-07   4.33E-10   1.16E-05
 3.25E+05   1.42E-11   1.10E-02   8.61E-02   7.23E-26   1.99E-06   4.98E-07   5.21E-10   1.29E-05
 4.75E+05   1.59E-11   1.12E-02   8.71E-02   2.69E-23   2.20E-06   5.49E-07   6.11E-10   1.41E-05
 6.25E+05   1.75E-11   1.14E-02   8.78E-02   5.24E-21   2.39E-06   5.97E-07   7.08E-10   1.52E-05
 7.75E+05   1.91E-11   1.15E-02   8.82E-02   5.48E-19   2.56E-06   6.40E-07   8.11E-10   1.62E-05
 9.25E+05   2.06E-11   1.17E-02   8.83E-02   3.16E-17   2.72E-06   6.80E-07   9.21E-10   1.71E-05
 1.08E+06   2.20E-11   1.19E-02   8.87E-02   1.04E-15   2.87E-06   7.17E-07   1.04E-09   1.79E-05
 1.22E+06   2.35E-11   1.20E-02   8.96E-02   1.88E-14   3.00E-06   7.49E-07   1.17E-09   1.86E-05
 1.38E+06   2.62E-11   1.22E-02   9.06E-02   2.01E-13   3.12E-06   7.80E-07   1.41E-09   1.92E-05
 1.52E+06   3.68E-11   1.23E-02   9.18E-02   1.43E-12   3.24E-06   8.11E-07   2.25E-09   1.99E-05
 1.68E+06   8.07E-11   1.24E-02   9.29E-02   7.46E-12   3.38E-06   8.44E-07   5.54E-09   2.05E-05
 1.82E+06   2.43E-10   1.26E-02   9.39E-02   3.07E-11   3.52E-06   8.81E-07   1.72E-08   2.11E-05
 1.98E+06   7.59E-10   1.27E-02   9.48E-02   1.05E-10   3.70E-06   9.26E-07   5.32E-08   2.18E-05
 2.12E+06   2.21E-09   1.27E-02   9.56E-02   3.06E-10   3.94E-06   9.86E-07   1.49E-07   2.24E-05
 2.28E+06   5.92E-09   1.28E-02   9.62E-02   7.87E-10   4.28E-06   1.07E-06   3.77E-07   2.32E-05
 2.42E+06   1.46E-08   1.28E-02   9.68E-02   1.82E-09   4.79E-06   1.21E-06   8.66E-07   2.40E-05
 2.58E+06   3.38E-08   1.29E-02   9.74E-02   3.82E-09   5.59E-06   1.42E-06   1.83E-06   2.50E-05
 2.72E+06   7.37E-08   1.29E-02   9.79E-02   7.39E-09   6.85E-06   1.75E-06   3.56E-06   2.62E-05
 2.88E+06   1.51E-07   1.29E-02   9.84E-02   1.32E-08   8.77E-06   2.26E-06   6.44E-06   2.76E-05
 3.02E+06   2.94E-07   1.29E-02   9.89E-02   2.19E-08   1.16E-05   3.00E-06   1.08E-05   2.91E-05
 3.18E+06   5.38E-07   1.29E-02   9.94E-02   3.37E-08   1.54E-05   4.02E-06   1.70E-05   3.09E-05
 3.32E+06   9.28E-07   1.30E-02   9.99E-02   4.86E-08   2.03E-05   5.34E-06   2.49E-05   3.29E-05
 3.48E+06   1.51E-06   1.30E-02   1.00E-01   6.61E-08   2.63E-05   6.94E-06   3.45E-05   3.50E-05
 3.62E+06   2.33E-06   1.30E-02   1.01E-01   8.58E-08   3.33E-05   8.83E-06   4.56E-05   3.73E-05
 3.78E+06   3.42E-06   1.30E-02   1.01E-01   1.07E-07   4.15E-05   1.10E-05   5.81E-05   3.97E-05
 3.92E+06   4.81E-06   1.30E-02   1.02E-01   1.29E-07   5.09E-05   1.35E-05   7.18E-05   4.22E-05
 4.08E+06   6.46E-06   1.30E-02   1.02E-01   1.51E-07   6.19E-05   1.64E-05   8.67E-05   4.49E-05
 4.22E+06   8.32E-06   1.30E-02   1.02E-01   1.72E-07   7.45E-05   1.97E-05   1.03E-04   4.77E-05
 4.38E+06   1.03E-05   1.30E-02   1.03E-01   1.93E-07   8.88E-05   2.34E-05   1.20E-04   5.06E-05
 4.52E+06   1.22E-05   1.30E-02   1.03E-01   2.11E-07   1.04E-04   2.73E-05   1.38E-04   5.35E-05
 4.68E+06   1.39E-05   1.30E-02   1.03E-01   2.26E-07   1.19E-04   3.12E-05   1.55E-04   5.62E-05
 4.82E+06   1.54E-05   1.30E-02   1.03E-01   2.38E-07   1.33E-04   3.48E-05   1.71E-04   5.87E-05
 4.98E+06   1.67E-05   1.30E-02   1.02E-01   2.49E-07   1.45E-04   3.80E-05   1.84E-04   6.07E-05
 5.12E+06   1.77E-05   1.30E-02   1.02E-01   2.59E-07   1.55E-04   4.06E-05   1.96E-04   6.24E-05
 5.28E+06   1.85E-05   1.30E-02   1.02E-01   2.68E-07   1.63E-04   4.28E-05   2.06E-04   6.37E-05
 5.42E+06   1.91E-05   1.30E-02   1.02E-01   2.76E-07   1.70E-04   4.45E-05   2.13E-04   6.47E-05
 5.58E+06   1.95E-05   1.30E-02   1.02E-01   2.83E-07   1.75E-04   4.59E-05   2.20E-04   6.55E-05
 5.72E+06   1.99E-05   1.30E-02   1.01E-01   2.90E-07   1.79E-04   4.69E-05   2.24E-04   6.61E-05
 5.88E+06   2.01E-05   1.30E-02   1.01E-01   2.97E-07   1.82E-04   4.77E-05   2.28E-04   6.65E-05
 6.02E+06   2.03E-05   1.30E-02   1.01E-01   3.03E-07   1.84E-04   4.84E-05   2.32E-04   6.68E-05
 6.18E+06   2.05E-05   1.30E-02   1.01E-01   3.09E-07   1.86E-04   4.88E-05   2.34E-04   6.70E-05
 6.32E+06   2.06E-05   1.30E-02   1.01E-01   3.14E-07   1.87E-04   4.92E-05   2.37E-04   6.71E-05
 6.48E+06   2.07E-05   1.30E-02   1.00E-01   3.19E-07   1.88E-04   4.95E-05   2.39E-04   6.72E-05
 6.62E+06   2.07E-05   1.30E-02   1.00E-01   3.24E-07   1.89E-04   4.97E-05   2.40E-04   6.73E-05
 6.78E+06   2.08E-05   1.30E-02   1.00E-01   3.28E-07   1.89E-04   4.99E-05   2.42E-04   6.73E-05
 6.92E+06   2.08E-05   1.30E-02   9.98E-02   3.33E-07   1.90E-04   5.01E-05   2.43E-04   6.74E-05
 7.08E+06   2.08E-05   1.30E-02   9.96E-02   3.38E-07   1.90E-04   5.02E-05   2.44E-04   6.74E-05
 7.22E+06   2.09E-05   1.31E-02   9.94E-02   3.44E-07   1.90E-04   5.03E-05   2.46E-04   6.74E-05
 7.38E+06   2.09E-05   1.31E-02   9.93E-02   3.53E-07   1.91E-04   5.03E-05   2.47E-04   6.74E-05
 7.52E+06   2.10E-05   1.31E-02   9.92E-02   3.68E-07   1.91E-04   5.04E-05   2.48E-04   6.74E-05
 7.68E+06   2.11E-05   1.31E-02   9.92E-02   3.90E-07   1.91E-04   5.04E-05   2.49E-04   6.74E-05
 7.82E+06   2.12E-05   1.31E-02   9.92E-02   4.19E-07   1.91E-04   5.05E-05   2.50E-04   6.74E-05
 7.98E+06   2.13E-05   1.31E-02   9.92E-02   4.55E-07   1.91E-04   5.05E-05   2.52E-04   6.74E-05
 8.12E+06   2.15E-05   1.31E-02   9.92E-02   4.96E-07   1.91E-04   5.05E-05   2.53E-04   6.74E-05
 8.28E+06   2.17E-05   1.31E-02   9.92E-02   5.42E-07   1.91E-04   5.05E-05   2.55E-04   6.74E-05
 8.42E+06   2.19E-05   1.31E-02   9.92E-02   5.91E-07   1.91E-04   5.06E-05   2.57E-04   6.75E-05
 8.58E+06   2.21E-05   1.31E-02   9.92E-02   6.40E-07   1.91E-04   5.06E-05   2.59E-04   6.75E-05
 8.72E+06   2.23E-05   1.31E-02   9.92E-02   6.89E-07   1.91E-04   5.06E-05   2.61E-04   6.75E-05
 8.88E+06   2.26E-05   1.31E-02   9.92E-02   7.40E-07   1.91E-04   5.06E-05   2.62E-04   6.75E-05
 9.02E+06   2.28E-05   1.31E-02   9.92E-02   7.96E-07   1.91E-04   5.06E-05   2.64E-04   6.75E-05
 9.18E+06   2.31E-05   1.31E-02   9.92E-02   8.62E-07   1.91E-04   5.06E-05   2.66E-04   6.75E-05
 9.32E+06   2.35E-05   1.31E-02   9.92E-02   9.50E-07   1.91E-04   5.06E-05   2.69E-04   6.75E-05
 9.48E+06   2.39E-05   1.31E-02   9.92E-02   1.07E-06   1.91E-04   5.06E-05   2.71E-04   6.75E-05
 9.62E+06   2.45E-05   1.31E-02   9.92E-02   1.25E-06   1.91E-04   5.06E-05   2.74E-04   6.75E-05
 9.78E+06   2.57E-05   1.31E-02   9.92E-02   1.51E-06   1.91E-04   5.06E-05   2.77E-04   6.75E-05
 9.92E+06   2.87E-05   1.31E-02   9.92E-02   1.90E-06   1.91E-04   5.06E-05   2.84E-04   6.75E-05
