   1      H2O      +  O1D       =    OH       +  OH                  
   2      H2       +  O1D       =    OH       +  H                   
   3      H2       +  O         =    OH       +  H                   
   4      H2       +  OH        =    H2O      +  H                   
   5      H        +  O3        =    OH       +  O2                  
   6      H        +  O2        =    HO2      +                      
   7      H        +  HO2       =    H2       +  O2                  
   8      H        +  HO2       =    H2O      +  O                   
   9      H        +  HO2       =    OH       +  OH                  
  10      OH       +  O         =    H        +  O2                  
  11      OH       +  HO2       =    H2O      +  O2                  
  12      OH       +  O3        =    HO2      +  O2                  
  13      HO2      +  O         =    OH       +  O2                  
  14      HO2      +  O3        =    OH       +  O2          O2      
  15      HO2      +  HO2       =    H2O2     +  O2                  
  16      H2O2     +  OH        =    HO2      +  H2O                 
  17      O        +  O         =    O2       +                      
  18      O        +  O2        =    O3       +                      
  19      O        +  O3        =    O2       +  O2                  
  20      OH       +  OH        =    H2O      +  O                   
  21      O1D      +  N2        =    O        +  N2                  
  22      O1D      +  O2        =    O        +  O2                  
  23      O2       +  HV        =    O        +  O1D                 
  24      O2       +  HV        =    O        +  O                   
  25      H2O      +  HV        =    H        +  OH                  
  26      H2O      +  HV        =    H2       +  O1D                 
  27      H2O      +  HV        =    H        +  H           O       
  28      O3       +  HV        =    O2       +  O1D                 
  29      O3       +  HV        =    O2       +  O                   
  30      O3       +  HV        =    O        +  O           O       
  31      H        +  CO        =    HCO      +                      
  32      H        +  HCO       =    H2       +  CO                  
  33      HCO      +  HCO       =    H2CO     +  CO                  
  34      OH       +  HCO       =    H2O      +  CO                  
  35      O        +  HCO       =    H        +  CO2                 
  36      O        +  HCO       =    OH       +  CO                  
  37      H2O2     +  HV        =    OH       +  OH                  
  38      CO2      +  HV        =    CO       +  O                   
  39      CO2      +  HV        =    CO       +  O1D                 
  40      CO       +  OH        =    CO2      +  H                   
  41      CO       +  O         =    CO2      +                      
  42      H2CO     +  HV        =    H2       +  CO                  
  43      H2CO     +  HV        =    HCO      +  H                   
  44      HCO      +  HV        =    H        +  CO                  
  45      H2CO     +  H         =    H2       +  HCO                 
  46      H        +  H         =    H2       +                      
  47      HCO      +  O2        =    HO2      +  CO                  
  48      H2CO     +  OH        =    H2O      +  HCO                 
  49      H        +  OH        =    H2O      +                      
  50      OH       +  OH        =    H2O2     +                      
  51      H2CO     +  O         =    HCO      +  OH                  
  52      H2O2     +  O         =    OH       +  HO2                 
  53      HO2      +  HV        =    OH       +  O                   
  54      CH4      +  HV        =    CH21     +  H2                  
  55      CH4      +  HV        =    CH3      +  H                   
  56      CH4      +  HV        =    CH23     +  H           H       
  57      C2H6     +  HV        =    CH23     +  CH23        H2      
  58      C2H6     +  HV        =    CH4      +  CH21                
  59      HNO2     +  HV        =    NO       +  OH                  
  60      HNO3     +  HV        =    NO2      +  OH                  
  61      HNO3     +  HV        =    HNO2     +  O                   
  62      HNO3     +  HV        =    HNO2     +  O1D                 
  63      NO       +  HV        =    N        +  O                   
  64      NO2      +  HV        =    NO       +  O1D                 
  65      NO2      +  HV        =    NO       +  O                   
  66      CH4      +  OH        =    CH3      +  H2O                 
  67      CH4      +  O1D       =    CH3      +  OH                  
  68      CH4      +  O1D       =    H2CO     +  H2                  
  69      CH21     +  CH4       =    CH3      +  CH3                 
  70      CH21     +  O2        =    HCO      +  OH                  
  71      CH21     +  N2        =    CH23     +  N2                  
  72      CH23     +  H2        =    CH3      +  H                   
  73      CH23     +  CH4       =    CH3      +  CH3                 
  74      CH23     +  O2        =    HCO      +  OH                  
  75      CH3      +  O2        =    H2CO     +  OH                  
  76      CH3      +  O         =    H2CO     +  H                   
  77      CH3      +  CH3       =    C2H6     +                      
  78      CH3      +  HV        =    CH21     +  H                   
  79      CH3      +  H         =    CH4      +                      
  80      CH3      +  HCO       =    CH4      +  CO                  
  81      CH3      +  HNO       =    CH4      +  NO                  
  82      CH3      +  H2CO      =    CH4      +  HCO                 
  83      H        +  NO        =    HNO      +                      
  84      N        +  N         =    N2       +                      
  85      N        +  O2        =    NO       +  O                   
  86      N        +  O3        =    NO       +  O2                  
  87      N        +  OH        =    NO       +  H                   
  88      N        +  NO        =    N2       +  O                   
  89      NO       +  O3        =    NO2      +  O2                  
  90      NO       +  O         =    NO2      +                      
  91      NO       +  HO2       =    NO2      +  OH                  
  92      NO       +  OH        =    HNO2     +                      
  93      NO2      +  O         =    NO       +  O2                  
  94      NO2      +  OH        =    HNO3     +                      
  95      NO2      +  H         =    NO       +  OH                  
  96      HNO3     +  OH        =    H2O      +  NO3                 
  97      HCO      +  NO        =    HNO      +  CO                  
  98      HNO      +  HV        =    NO       +  H                   
  99      H        +  HNO       =    H2       +  NO                  
 100      O        +  HNO       =    OH       +  NO                  
 101      OH       +  HNO       =    H2O      +  NO                  
 102      HNO2     +  OH        =    H2O      +  NO2                 
 103      CH4      +  O         =    CH3      +  OH                  
 104      CH21     +  H2        =    CH3      +  H                   
 105      CH21     +  CO2       =    H2CO     +  CO                  
 106      CH23     +  O         =    HCO      +  H                   
 107      CH23     +  CO2       =    H2CO     +  CO                  
 108      C2H6     +  OH        =    C2H5     +  H2O                 
 109      C2H6     +  O         =    C2H5     +  OH                  
 110      C2H6     +  O1D       =    C2H5     +  OH                  
 111      C2H5     +  H         =    CH3      +  CH3                 
 112      C2H5     +  O         =    CH3      +  HCO         H       
 113      C2H5     +  OH        =    CH3      +  HCO         H2      
 114      C2H5     +  HCO       =    C2H6     +  CO                  
 115      C2H5     +  HNO       =    C2H6     +  NO                  
 116      C2H5     +  O2        =    CH3      +  HCO         OH      
 117      SO       +  HV        =    S        +  O                   
 118      H2S      +  HV        =    HS       +  H                   
 119      SO2      +  HV        =    SO       +  O                   
 120      SO2      +  HV        =    SO21     +                      
 121      SO2      +  HV        =    SO23     +                      
 122      SO       +  O2        =    O        +  SO2                 
 123      SO       +  HO2       =    SO2      +  OH                  
 124      SO       +  O         =    SO2      +                      
 125      SO       +  OH        =    SO2      +  H                   
 126      SO2      +  OH        =    HSO3     +                      
 127      SO2      +  O         =    SO3      +                      
 128      SO3      +  H2O       =    H2SO4    +                      
 129      HSO3     +  O2        =    HO2      +  SO3                 
 130      HSO3     +  OH        =    H2O      +  SO3                 
 131      HSO3     +  H         =    H2       +  SO3                 
 132      HSO3     +  O         =    OH       +  SO3                 
 133      H2S      +  OH        =    H2O      +  HS                  
 134      H2S      +  H         =    H2       +  HS                  
 135      H2S      +  O         =    OH       +  HS                  
 136      HS       +  O         =    H        +  SO                  
 137      HS       +  O2        =    OH       +  SO                  
 138      HS       +  HO2       =    H2S      +  O2                  
 139      HS       +  HS        =    H2S      +  S                   
 140      HS       +  HCO       =    H2S      +  CO                  
 141      HS       +  H         =    H2       +  S                   
 142      HS       +  S         =    H        +  S2                  
 143      S        +  O2        =    SO       +  O                   
 144      S        +  OH        =    SO       +  H                   
 145      S        +  HCO       =    HS       +  CO                  
 146      S        +  HO2       =    HS       +  O2                  
 147      S        +  HO2       =    SO       +  OH                  
 148      S        +  S         =    S2       +                      
 149      S2       +  OH        =    HSO      +  S                   
 150      S2       +  O         =    S        +  SO                  
 151      HS       +  H2CO      =    H2S      +  HCO                 
 152      S2       +  HV        =    S        +  S                   
 153      S2       +  HV        =    S2       +                      
 154      S        +  S2        =    S3       +                      
 155      S2       +  S2        =    S4       +                      
 156      S        +  S3        =    S4       +                      
 157      S4       +  S4        =    S8       +                      
 158      S4       +  HV        =    S2       +  S2                  
 159      S3       +  HV        =    S2       +  S                   
 160      S8       +  HV        =    S4       +  S4                  
 161      S8       +  HV        =    S4       +  S4                  
 162      S8       +  HV        =    S4       +  S4                  
 163      SO3      +  HV        =    SO2      +  O                   
 164      SO21     +  M         =    SO23     +  M                   
 165      SO21     +  M         =    SO2      +  M                   
 166      SO21     +  HV        =    SO23     +  HV                  
 167      SO21     +  HV        =    SO2      +  HV                  
 168      SO21     +  O2        =    SO3      +  O                   
 169      SO21     +  SO2       =    SO3      +  SO                  
 170      SO23     +  M         =    SO2      +  M                   
 171      SO23     +  HV        =    SO2      +  HV                  
 172      SO23     +  SO2       =    SO3      +  SO                  
 173      SO       +  NO2       =    SO2      +  NO                  
 174      SO       +  O3        =    SO2      +  O2                  
 175      SO2      +  HO2       =    SO3      +  OH                  
 176      HS       +  O3        =    HSO      +  O2                  
 177      HS       +  NO2       =    HSO      +  NO                  
 178      S        +  O3        =    SO       +  O2                  
 179      SO       +  SO        =    SO2      +  S                   
 180      SO3      +  SO        =    SO2      +  SO2                 
 181      S        +  CO2       =    SO       +  CO                  
 182      SO       +  HO2       =    HSO      +  O2                  
 183      SO       +  HCO       =    HSO      +  CO                  
 184      H        +  SO        =    HSO      +                      
 185      HSO      +  HV        =    HS       +  O                   
 186      HSO      +  NO        =    HNO      +  SO                  
 187      HSO      +  OH        =    H2O      +  SO                  
 188      HSO      +  H         =    HS       +  OH                  
 189      HSO      +  H         =    H2       +  SO                  
 190      HSO      +  HS        =    H2S      +  SO                  
 191      HSO      +  O         =    OH       +  SO                  
 192      HSO      +  S         =    HS       +  SO                  
 193      SO3      +  CO        =    SO2      +  CO2                 
 194      H        +  OCS       =    CO       +  HS                  
 195      HS       +  CO        =    OCS      +  H                   
 196      O        +  OCS       =    CO       +  SO                  
 197      O        +  OCS       =    S        +  CO2                 
 198      OCS      +  S         =    CO       +  S2                  
 199      OCS      +  OH        =    CO2      +  HS                  
 200      S        +  HCO       =    OCS      +  H                   
 201      S        +  CO        =    OCS      +                      
 202      OCS      +  HV        =    CO       +  S                   
 203      CO       +  O1D       =    CO       +  O                   
 204      CO       +  O1D       =    CO2      +                      
 205      H2S      +  HO2       =    H2O      +  HSO                 
 206      OCS      +  S         =    OCS2     +                      
 207      OCS2     +  S         =    OCS      +  S2                  
 208      S3       +  O         =    S2       +  SO                  
 209      S4       +  O         =    S3       +  SO                  
 210      OCS2     +  CO        =    OCS      +  OCS                 
 211      O        +  NO3       =    O2       +  NO2                 
 212      HO2      +  NO3       =    OH       +  NO2         O2      
 213      NO       +  NO3       =    NO2      +  NO2                 
 214      O        +  NO2       =    NO3      +                      
 215      OH       +  NO3       =    HO2      +  NO2                 
 216      NO3      +  HV        =    NO       +  O2                  
 217      NO3      +  HV        =    NO2      +  O                   
 218      N        +  NO2       =    N2O      +  O                   
 219      O1D      +  N2        =    N2O      +                      
 220      O1D      +  N2O       =    N2       +  O2                  
 221      O1D      +  N2O       =    NO       +  NO                  
 222      N2O      +  HV        =    N2       +  O1D                 
 223      N        +  HO2       =    NO       +  OH                  
 224      O        +  N2O5      =    NO2      +  NO2         O2      
 225      NO2      +  NO3       =    N2O5     +                      
 226      N2O5     +  M         =    NO3      +  NO2                 
 227      NO2      +  NO3       =    NO       +  NO2         O2      
 228      NO2      +  O3        =    NO3      +  O2                  
 229      NO3      +  NO3       =    NO2      +  NO2         O2      
 230      HO2      +  NO2       =    HO2NO2   +                      
 231      O        +  HO2NO2    =    OH       +  NO2         O2      
 232      OH       +  HO2NO2    =    H2O      +  NO2         O2      
 233      HO2NO2   +  M         =    HO2      +  NO2                 
 234      HO2NO2   +  HV        =    HO2      +  NO2                 
 235      HO2NO2   +  HV        =    OH       +  NO3                 
 236      N2O5     +  HV        =    NO3      +  NO2                 
 237      N2O5     +  HV        =    NO3      +  NO          O       
 238      O        +  HNO3      =    OH       +  NO3                 
 239      HO2      +  NO2       =    HNO2     +  O2                  


 NQ=40     NZ=200     KJAC= 968000

 PO2= 5.091E-02  PNO= 2.198E-02  ZAPO2= 1.794E+03  ZAPNO = 7.743E+02  PRONO = 1.000E+09  PRONOP = 6.150E+08  ZAPCO = 1.113E+01  ZAPH2 = 1.807E+02
 N= 4     X= 5.65748E-01  ERR= 4.67496E-11

 TIME = 0.00E+00     TIMEY = 0.00E+00 YEARS

 NPHOT =    0

 MIXING RATIOS OF LONG-LIVED SPECIES


     Z        O        O2       H2O      H        OH       HO2      H2O2     H2       CO       HCO      H2CO     CH4      CH3      C2H6     NO       NO2      HNO      H2S     
  2.50E+04 7.32E-17 8.40E-02 1.13E-02 1.01E-20 4.25E-14 1.09E-11 1.07E-09 5.30E-07 1.10E-07 3.98E-22 2.33E-10 1.80E-06 3.61E-21 3.89E-26 2.03E-12 3.98E-12 1.71E-17 9.17E-12
  7.50E+04 8.40E-17 8.40E-02 9.37E-03 1.09E-20 4.55E-14 1.11E-11 1.13E-09 5.30E-07 1.07E-07 4.31E-22 2.30E-10 1.80E-06 3.62E-21 3.88E-26 2.20E-12 4.03E-12 1.73E-17 6.41E-12
  1.25E+05 9.75E-17 8.40E-02 7.89E-03 1.19E-20 4.94E-14 1.13E-11 1.16E-09 5.31E-07 1.04E-07 4.51E-22 2.19E-10 1.80E-06 3.67E-21 3.88E-26 2.44E-12 4.19E-12 1.50E-17 4.46E-12
  1.75E+05 1.14E-16 8.40E-02 6.49E-03 1.29E-20 5.34E-14 1.14E-11 1.18E-09 5.31E-07 1.02E-07 4.63E-22 2.06E-10 1.79E-06 3.70E-21 3.87E-26 2.76E-12 4.45E-12 1.22E-17 3.10E-12
  3.75E+05 2.24E-16 8.40E-02 2.54E-03 1.73E-20 7.16E-14 1.07E-11 1.04E-09 5.32E-07 9.19E-08 4.75E-22 1.51E-10 1.79E-06 3.63E-21 3.83E-26 4.99E-12 6.37E-12 4.73E-18 7.14E-13
  5.75E+05 4.19E-16 8.40E-02 7.05E-04 1.90E-20 7.96E-14 8.43E-12 6.98E-10 5.32E-07 8.37E-08 3.58E-22 8.93E-11 1.79E-06 2.65E-21 3.80E-26 7.64E-12 7.09E-12 1.54E-18 1.79E-13
  7.75E+05 7.11E-16 8.40E-02 1.20E-04 1.51E-20 6.50E-14 5.56E-12 3.89E-10 5.32E-07 7.76E-08 1.71E-22 3.74E-11 1.78E-06 1.20E-21 3.86E-26 8.30E-12 4.85E-12 4.49E-19 5.79E-14
  9.75E+05 1.14E-15 8.40E-02 1.23E-05 1.76E-20 7.74E-14 3.13E-12 1.90E-10 5.33E-07 7.29E-08 1.05E-22 1.75E-11 1.78E-06 6.71E-22 4.03E-26 2.07E-11 6.62E-12 3.39E-19 2.24E-14
  1.18E+06 3.03E-15 8.40E-02 4.37E-06 2.48E-20 9.45E-14 1.75E-12 6.22E-11 5.33E-07 6.65E-08 9.69E-23 1.18E-11 1.78E-06 6.96E-22 4.79E-26 4.77E-11 1.27E-11 1.77E-19 6.64E-15
  1.38E+06 1.54E-14 8.40E-02 4.19E-06 2.28E-20 7.96E-14 6.39E-13 4.92E-12 5.32E-07 5.26E-08 7.58E-23 7.16E-12 1.76E-06 6.53E-22 9.69E-26 1.19E-10 5.32E-11 4.49E-20 6.47E-16
  1.58E+06 7.96E-14 8.40E-02 4.29E-06 2.58E-20 9.02E-14 4.65E-13 7.63E-13 5.29E-07 3.62E-08 9.25E-23 6.27E-12 1.71E-06 9.43E-22 2.58E-25 2.41E-10 2.01E-10 6.20E-20 2.87E-17
  1.78E+06 3.16E-13 8.40E-02 4.45E-06 3.94E-20 1.40E-13 6.29E-13 8.37E-13 5.24E-07 2.34E-08 1.63E-22 7.51E-12 1.63E-06 1.92E-21 6.05E-25 3.98E-10 4.87E-10 1.29E-19 7.10E-19
  1.98E+06 1.02E-12 8.40E-02 4.67E-06 7.69E-20 2.56E-13 1.09E-12 1.58E-12 5.15E-07 1.58E-08 3.32E-22 1.01E-11 1.52E-06 4.51E-21 1.25E-24 6.11E-10 9.03E-10 1.26E-19 1.03E-20
  2.18E+06 2.91E-12 8.40E-02 4.91E-06 1.92E-19 5.25E-13 2.13E-12 3.60E-12 5.03E-07 1.21E-08 7.43E-22 1.45E-11 1.40E-06 1.16E-20 2.38E-24 9.11E-10 1.44E-09 7.45E-20 1.52E-22
  2.38E+06 7.64E-12 8.40E-02 5.16E-06 5.81E-19 1.15E-12 4.30E-12 8.46E-12 4.89E-07 1.04E-08 1.75E-21 2.09E-11 1.28E-06 3.11E-20 4.51E-24 1.34E-09 2.10E-09 6.48E-20 6.09E-23
  2.58E+06 1.91E-11 8.40E-02 5.41E-06 2.02E-18 2.54E-12 8.55E-12 1.82E-11 4.73E-07 9.76E-09 4.18E-21 2.94E-11 1.17E-06 8.49E-20 8.97E-24 1.91E-09 2.81E-09 1.02E-19 4.68E-23
  2.78E+06 4.61E-11 8.40E-02 5.65E-06 7.83E-18 5.34E-12 1.58E-11 3.32E-11 4.55E-07 9.65E-09 9.55E-21 3.89E-11 1.05E-06 2.27E-19 1.94E-23 2.62E-09 3.46E-09 2.09E-19 2.91E-23
  2.98E+06 1.09E-10 8.40E-02 5.90E-06 3.31E-17 1.03E-11 2.63E-11 4.92E-11 4.36E-07 9.93E-09 2.01E-20 4.85E-11 9.36E-07 5.86E-19 4.52E-23 3.43E-09 3.88E-09 4.34E-19 1.51E-23
  3.18E+06 2.56E-10 8.40E-02 6.13E-06 1.49E-16 1.81E-11 3.95E-11 6.06E-11 4.16E-07 1.05E-08 3.92E-20 5.77E-11 8.25E-07 1.46E-18 1.12E-22 4.20E-09 3.92E-09 8.52E-19 6.92E-24
  3.38E+06 5.98E-10 8.40E-02 6.36E-06 6.90E-16 3.03E-11 5.42E-11 6.34E-11 3.96E-07 1.12E-08 7.24E-20 6.62E-11 7.19E-07 3.56E-18 2.86E-22 4.80E-09 3.53E-09 1.57E-18 3.01E-24
  3.58E+06 1.39E-09 8.40E-02 6.57E-06 3.31E-15 5.03E-11 6.86E-11 5.73E-11 3.80E-07 1.17E-08 1.30E-19 7.33E-11 6.20E-07 8.51E-18 7.32E-22 5.16E-09 2.79E-09 2.77E-18 1.37E-24
  3.78E+06 3.22E-09 8.40E-02 6.75E-06 1.62E-14 8.46E-11 8.20E-11 4.70E-11 3.69E-07 1.21E-08 2.32E-19 7.82E-11 5.34E-07 2.00E-17 1.82E-21 5.33E-09 1.91E-09 4.76E-18 7.83E-25
  3.98E+06 7.22E-09 8.40E-02 6.88E-06 7.57E-14 1.38E-10 9.57E-11 3.84E-11 3.68E-07 1.22E-08 3.92E-19 7.85E-11 4.62E-07 4.36E-17 4.37E-21 5.27E-09 1.09E-09 7.65E-18 5.89E-25
  4.18E+06 1.49E-08 8.39E-02 6.98E-06 2.92E-13 2.02E-10 1.11E-10 3.34E-11 3.79E-07 1.22E-08 5.74E-19 7.24E-11 4.07E-07 8.14E-17 1.03E-20 4.92E-09 5.22E-10 1.05E-17 5.65E-25
  4.38E+06 2.67E-08 8.39E-02 7.02E-06 8.63E-13 2.60E-10 1.28E-10 3.07E-11 4.04E-07 1.24E-08 7.06E-19 6.19E-11 3.66E-07 1.25E-16 2.45E-20 4.34E-09 2.30E-10 1.19E-17 6.34E-25
  4.58E+06 4.26E-08 8.39E-02 7.03E-06 2.06E-12 3.06E-10 1.43E-10 2.86E-11 4.43E-07 1.31E-08 7.68E-19 5.11E-11 3.38E-07 1.66E-16 6.11E-20 3.70E-09 1.00E-10 1.20E-17 7.46E-25
  4.78E+06 6.32E-08 8.39E-02 7.01E-06 4.37E-12 3.41E-10 1.57E-10 2.63E-11 4.94E-07 1.47E-08 7.94E-19 4.19E-11 3.19E-07 2.11E-16 1.50E-19 3.11E-09 4.54E-11 1.13E-17 8.40E-25
  4.98E+06 8.98E-08 8.39E-02 6.97E-06 8.64E-12 3.71E-10 1.69E-10 2.40E-11 5.57E-07 1.78E-08 8.02E-19 3.44E-11 3.04E-07 2.63E-16 3.44E-19 2.61E-09 2.14E-11 1.04E-17 8.98E-25
  5.18E+06 1.24E-07 8.39E-02 6.91E-06 1.66E-11 4.02E-10 1.82E-10 2.19E-11 6.31E-07 2.31E-08 8.03E-19 2.81E-11 2.93E-07 3.27E-16 7.17E-19 2.19E-09 1.06E-11 9.39E-18 9.32E-25
  5.38E+06 1.69E-07 8.39E-02 6.83E-06 3.14E-11 4.36E-10 1.97E-10 2.03E-11 7.18E-07 3.17E-08 8.00E-19 2.30E-11 2.83E-07 4.04E-16 1.38E-18 1.84E-09 5.43E-12 8.57E-18 9.68E-25
  5.58E+06 2.26E-07 8.39E-02 6.73E-06 5.93E-11 4.77E-10 2.15E-10 1.92E-11 8.21E-07 4.50E-08 7.91E-19 1.87E-11 2.74E-07 4.97E-16 2.47E-18 1.56E-09 2.92E-12 7.92E-18 1.03E-24
  5.78E+06 2.97E-07 8.39E-02 6.61E-06 1.12E-10 5.29E-10 2.39E-10 1.88E-11 9.42E-07 6.50E-08 7.77E-19 1.52E-11 2.65E-07 6.06E-16 4.18E-18 1.32E-09 1.66E-12 7.45E-18 1.16E-24
  5.98E+06 3.85E-07 8.39E-02 6.47E-06 2.13E-10 5.95E-10 2.69E-10 1.89E-11 1.09E-06 9.44E-08 7.59E-19 1.22E-11 2.55E-07 7.27E-16 6.75E-18 1.13E-09 9.98E-13 7.16E-18 1.35E-24
  6.18E+06 4.96E-07 8.39E-02 6.30E-06 4.10E-10 6.79E-10 3.09E-10 1.96E-11 1.26E-06 1.37E-07 7.49E-19 9.82E-12 2.44E-07 8.62E-16 1.05E-17 9.71E-10 6.43E-13 7.05E-18 1.66E-24
  6.38E+06 6.30E-07 8.39E-02 6.09E-06 8.03E-10 7.96E-10 3.64E-10 2.18E-11 1.47E-06 1.97E-07 8.74E-19 8.49E-12 2.31E-07 1.07E-15 1.57E-17 8.46E-10 4.53E-13 7.23E-18 2.26E-24
  6.58E+06 7.58E-07 8.38E-02 5.84E-06 1.62E-09 1.01E-09 4.67E-10 2.85E-11 1.73E-06 2.82E-07 1.91E-18 1.09E-11 2.16E-07 1.94E-15 2.31E-17 7.51E-10 3.75E-13 8.21E-18 4.06E-24
  6.78E+06 8.40E-07 8.38E-02 5.53E-06 3.48E-09 1.44E-09 6.84E-10 4.70E-11 2.04E-06 4.01E-07 6.73E-18 2.38E-11 1.98E-07 6.15E-15 3.31E-17 6.85E-10 3.98E-13 1.09E-17 1.08E-23
  6.98E+06 9.22E-07 8.38E-02 5.16E-06 7.90E-09 2.20E-09 1.06E-09 8.42E-11 2.42E-06 5.67E-07 2.18E-17 5.55E-11 1.76E-07 2.11E-14 4.68E-17 6.46E-10 4.81E-13 1.60E-17 3.10E-23
  7.18E+06 1.11E-06 8.37E-02 4.70E-06 1.89E-08 3.26E-09 1.57E-09 1.35E-10 2.87E-06 7.96E-07 5.66E-17 1.06E-10 1.53E-07 5.67E-14 6.39E-17 6.33E-10 5.37E-13 2.33E-17 6.82E-23
  7.38E+06 1.54E-06 8.37E-02 4.17E-06 4.68E-08 4.41E-09 2.08E-09 1.76E-10 3.38E-06 1.11E-06 1.19E-16 1.64E-10 1.28E-07 1.09E-13 8.04E-17 6.45E-10 4.99E-13 3.17E-17 1.00E-22
  7.58E+06 2.43E-06 8.36E-02 3.57E-06 1.19E-07 5.35E-09 2.43E-09 1.83E-10 3.93E-06 1.52E-06 2.09E-16 2.10E-10 1.04E-07 1.50E-13 8.81E-17 6.87E-10 3.77E-13 4.04E-17 1.01E-22
  7.78E+06 4.93E-06 8.36E-02 2.92E-06 3.54E-07 5.97E-09 2.58E-09 1.38E-10 4.43E-06 2.04E-06 3.16E-16 2.13E-10 8.14E-08 1.29E-13 8.28E-17 7.65E-10 2.13E-13 4.90E-17 5.64E-23
  7.98E+06 3.68E-05 8.34E-02 2.26E-06 1.02E-06 2.13E-09 7.66E-10 3.17E-11 4.71E-06 2.68E-06 4.71E-16 1.04E-10 6.26E-08 2.53E-14 7.04E-17 8.77E-10 1.63E-14 1.63E-17 1.62E-24
  8.18E+06 2.02E-04 8.32E-02 1.68E-06 1.84E-06 8.89E-10 1.90E-10 4.21E-12 4.82E-06 3.39E-06 5.87E-16 2.95E-11 4.70E-08 5.80E-15 5.67E-17 1.07E-09 4.08E-15 4.84E-18 1.05E-26
  8.38E+06 6.85E-04 8.28E-02 1.21E-06 2.57E-06 5.03E-10 5.78E-11 4.36E-13 4.86E-06 4.17E-06 6.26E-16 1.06E-11 3.44E-08 2.01E-15 4.25E-17 1.39E-09 3.30E-15 1.92E-18 2.96E-29
  8.58E+06 1.72E-03 8.21E-02 8.44E-07 3.15E-06 3.16E-10 2.07E-11 3.59E-14 4.87E-06 4.99E-06 5.86E-16 4.82E-12 2.46E-08 9.01E-16 2.96E-17 1.77E-09 3.06E-15 8.83E-19 1.10E-31
  8.78E+06 3.51E-03 8.09E-02 5.77E-07 3.58E-06 2.03E-10 8.41E-12 2.43E-15 4.86E-06 5.84E-06 4.94E-16 2.58E-12 1.73E-08 4.79E-16 1.93E-17 2.03E-09 2.58E-15 4.17E-19 2.24E-33
  8.98E+06 6.20E-03 7.92E-02 3.87E-07 3.90E-06 1.29E-10 3.75E-12 1.53E-16 4.84E-06 6.70E-06 3.90E-16 1.55E-12 1.19E-08 2.87E-16 1.20E-17 2.08E-09 1.95E-15 1.94E-19 1.03E-34
  9.18E+06 9.83E-03 7.69E-02 2.56E-07 4.12E-06 8.06E-11 1.80E-12 1.15E-17 4.82E-06 7.53E-06 3.01E-16 1.01E-12 8.12E-09 1.87E-16 7.21E-18 2.00E-09 1.39E-15 9.25E-20 7.65E-36
  9.38E+06 1.44E-02 7.41E-02 1.68E-07 4.29E-06 4.90E-11 9.14E-13 1.31E-18 4.79E-06 8.30E-06 2.34E-16 7.07E-13 5.57E-09 1.31E-16 4.34E-18 1.90E-09 9.73E-16 4.63E-20 8.09E-37
  9.58E+06 1.96E-02 7.09E-02 1.12E-07 4.40E-06 2.91E-11 4.88E-13 2.25E-19 4.77E-06 8.96E-06 1.92E-16 5.41E-13 3.94E-09 1.00E-16 2.70E-18 1.80E-09 6.80E-16 2.44E-20 1.14E-37
  9.78E+06 2.51E-02 6.76E-02 8.02E-08 4.49E-06 1.70E-11 2.74E-13 5.03E-20 4.75E-06 9.45E-06 1.76E-16 4.79E-13 3.04E-09 8.85E-17 1.85E-18 1.70E-09 4.76E-16 1.36E-20 2.12E-38
  9.98E+06 2.98E-02 6.49E-02 6.93E-08 4.53E-06 9.90E-12 1.67E-13 1.72E-20 4.73E-06 9.71E-06 2.13E-16 5.84E-13 2.79E-09 1.08E-16 1.54E-18 1.62E-09 3.37E-16 8.23E-21 5.87E-39

     Z        HS       S        SO       SO2      H2SO4    HSO      S2       S4       S8       SO3      OCS      S3       O3       HNO3     N        NO3      N2O      HO2NO2  
  2.50E+04 2.46E-17 6.33E-32 3.21E-19 6.73E-11 3.98E-12 5.99E-13 9.19E-36 1.14E-61 2.34-104 1.64E-21 5.13E-22 3.38E-59 1.19E-08 2.16E-11 5.06-171 3.24E-16 3.00E-07 8.50E-14
  7.50E+04 1.79E-17 3.36E-32 3.05E-19 1.03E-10 6.04E-12 5.83E-13 5.86E-36 4.15E-62 2.34-104 3.33E-21 5.13E-22 1.01E-59 1.25E-08 2.41E-11 1.39-164 3.11E-16 3.00E-07 1.21E-13
  1.25E+05 1.31E-17 1.79E-32 2.71E-19 1.35E-10 8.17E-12 4.77E-13 3.18E-36 1.10E-62 2.34-104 5.66E-21 5.13E-22 2.59E-60 1.34E-08 2.71E-11 3.25-158 3.12E-16 3.00E-07 1.79E-13
  1.75E+05 9.47E-18 9.32E-33 2.32E-19 1.64E-10 1.04E-11 3.62E-13 1.57E-36 2.40E-63 2.34-104 9.20E-21 5.13E-22 5.89E-61 1.44E-08 3.10E-11 6.38-152 3.23E-16 3.00E-07 2.72E-13
  3.75E+05 2.40E-18 5.91E-34 1.07E-19 2.63E-10 1.91E-11 9.52E-14 5.73E-38 2.04E-66 2.34-104 5.89E-20 5.12E-22 8.39E-64 2.03E-08 4.90E-11 1.51-127 4.25E-16 3.00E-07 1.81E-12
  5.75E+05 5.45E-19 3.08E-35 4.80E-20 3.63E-10 2.41E-11 2.47E-14 1.33E-39 7.14E-70 2.34-104 3.93E-19 5.10E-22 6.34E-67 2.83E-08 6.01E-11 1.32-104 4.76E-16 3.00E-07 1.27E-11
  7.75E+05 1.22E-19 1.75E-36 2.49E-20 4.69E-10 2.34E-11 8.04E-15 2.36E-41 1.45E-73 2.34-104 2.97E-18 5.09E-22 4.04E-70 3.76E-08 6.33E-11 1.37E-83 4.82E-16 2.99E-07 3.28E-11
  9.75E+05 4.87E-20 4.96E-36 4.75E-20 5.53E-10 2.62E-11 3.02E-15 9.27E-43 1.42E-76 2.34-104 4.97E-17 5.08E-22 2.80E-71 4.84E-08 7.07E-11 2.53E-66 6.27E-16 2.99E-07 3.36E-11
  1.18E+06 1.25E-20 5.57E-34 4.64E-19 7.03E-10 2.96E-11 9.01E-16 8.33E-42 6.30E-75 2.34-104 3.59E-16 5.05E-22 1.53E-68 7.56E-08 1.07E-10 1.77E-53 8.05E-16 2.98E-07 2.67E-11
  1.38E+06 4.24E-22 5.72E-32 6.13E-18 1.18E-09 2.85E-11 1.17E-16 2.00E-41 1.91E-74 2.33-104 6.09E-16 4.89E-22 1.97E-66 2.03E-07 3.24E-10 6.57E-44 1.63E-15 2.93E-07 3.02E-11
  1.58E+06 8.97E-24 2.45E-30 4.49E-17 1.58E-09 2.81E-11 1.12E-16 1.34E-41 4.43E-75 2.33-104 1.21E-15 4.43E-22 2.90E-65 5.32E-07 9.44E-10 7.22E-37 5.90E-15 2.79E-07 5.24E-11
  1.78E+06 2.30E-24 4.34E-29 1.60E-16 1.27E-09 2.22E-11 2.00E-16 4.79E-41 2.93E-74 2.32-104 1.97E-15 3.67E-22 9.44E-64 1.06E-06 1.94E-09 1.22E-31 1.82E-14 2.54E-07 9.41E-11
  1.98E+06 5.08E-24 2.67E-28 2.23E-16 4.62E-10 9.30E-12 1.75E-16 3.03E-40 6.12E-73 2.32-104 1.73E-15 2.72E-22 1.91E-62 1.72E-06 3.02E-09 1.12E-27 4.17E-14 2.21E-07 1.50E-10
  2.18E+06 6.61E-24 6.70E-28 1.41E-16 8.74E-11 2.24E-12 8.11E-17 5.08E-40 8.97E-73 2.31-104 9.27E-16 1.80E-22 4.19E-62 2.42E-06 3.80E-09 1.30E-24 7.74E-14 1.85E-07 2.07E-10
  2.38E+06 7.74E-24 1.27E-27 7.65E-17 1.60E-11 5.50E-13 3.47E-17 5.63E-40 5.79E-73 2.30-104 5.33E-16 1.05E-22 4.63E-62 3.12E-06 4.08E-09 3.34E-22 1.26E-13 1.50E-07 2.44E-10
  2.58E+06 7.65E-24 1.85E-27 3.58E-17 2.88E-12 1.36E-13 1.32E-17 3.94E-40 1.50E-73 2.29-104 3.09E-16 5.13E-23 2.50E-62 3.77E-06 3.85E-09 2.69E-20 1.85E-13 1.17E-07 2.42E-10
  2.78E+06 6.11E-24 2.13E-27 1.48E-17 5.15E-13 6.50E-14 4.24E-18 1.72E-40 1.53E-74 2.27-104 1.76E-16 2.01E-23 6.65E-63 4.30E-06 3.22E-09 8.50E-19 2.48E-13 8.80E-08 2.02E-10
  2.98E+06 4.13E-24 2.10E-27 5.90E-18 1.01E-13 2.34E-13 1.21E-18 5.37E-41 7.93E-76 2.26-104 1.08E-16 6.00E-24 1.09E-63 4.65E-06 2.34E-09 1.24E-17 3.04E-13 6.38E-08 1.41E-10
  3.18E+06 2.50E-24 1.91E-27 2.42E-18 2.29E-14 3.12E-13 3.25E-19 1.36E-41 2.73E-77 2.25-104 7.58E-17 1.26E-24 1.35E-64 4.79E-06 1.48E-09 9.61E-17 3.43E-13 4.46E-08 8.28E-11
  3.38E+06 1.48E-24 1.78E-27 1.11E-18 6.58E-15 3.28E-13 8.97E-20 3.39E-42 9.16E-79 2.23-104 6.47E-17 1.77E-25 1.70E-65 4.75E-06 8.34E-10 4.43E-16 3.53E-13 3.01E-08 4.04E-11
  3.58E+06 9.56E-25 1.89E-27 6.42E-19 2.57E-15 3.31E-13 2.85E-20 1.05E-42 4.83E-80 2.22-104 6.36E-17 1.62E-26 3.07E-66 4.58E-06 4.36E-10 1.38E-15 3.27E-13 1.98E-08 1.63E-11
  3.78E+06 7.95E-25 2.63E-27 5.22E-19 1.49E-15 3.32E-13 1.21E-20 5.45E-43 7.23E-81 2.20-104 6.38E-17 9.97E-28 1.23E-66 4.26E-06 2.13E-10 3.27E-15 2.64E-13 1.30E-08 5.46E-12
  3.98E+06 8.54E-25 4.53E-27 5.68E-19 1.18E-15 3.32E-13 6.89E-21 4.61E-43 2.96E-81 2.18-104 5.70E-17 4.26E-29 1.03E-66 3.73E-06 9.08E-11 6.53E-15 1.77E-13 8.60E-09 1.57E-12
  4.18E+06 1.09E-24 8.60E-27 7.25E-19 1.08E-15 3.32E-13 5.00E-21 5.51E-43 2.47E-81 2.16-104 4.53E-17 1.51E-30 1.36E-66 3.06E-06 3.21E-11 1.17E-14 9.52E-14 5.78E-09 4.16E-13
  4.38E+06 1.50E-24 1.70E-26 1.02E-18 1.05E-15 3.32E-13 4.50E-21 8.43E-43 3.46E-81 2.14-104 3.37E-17 1.66E-31 2.46E-66 2.44E-06 9.98E-12 2.04E-14 4.34E-14 3.99E-09 1.13E-13
  4.58E+06 2.10E-24 3.42E-26 1.51E-18 1.04E-15 3.31E-13 4.70E-21 1.49E-42 6.61E-81 2.12-104 2.44E-17 1.35E-31 5.35E-66 1.95E-06 2.99E-12 3.52E-14 1.83E-14 2.86E-09 3.22E-14
  4.78E+06 2.78E-24 6.81E-26 2.25E-18 1.04E-15 3.31E-13 5.17E-21 2.66E-42 1.27E-80 2.10-104 1.74E-17 1.55E-31 1.15E-65 1.55E-06 9.04E-13 5.81E-14 7.46E-15 2.12E-09 9.68E-15
  4.98E+06 3.49E-24 1.33E-25 3.33E-18 1.04E-15 3.31E-13 5.81E-21 4.60E-42 2.29E-80 2.08-104 1.23E-17 1.98E-31 2.34E-65 1.24E-06 2.80E-13 9.22E-14 3.05E-15 1.63E-09 3.04E-15
  5.18E+06 4.25E-24 2.57E-25 4.91E-18 1.03E-15 3.30E-13 6.65E-21 7.84E-42 3.99E-80 2.06-104 8.73E-18 2.70E-31 4.62E-65 9.97E-07 9.02E-14 1.43E-13 1.27E-15 1.29E-09 1.00E-15
  5.38E+06 5.18E-24 4.94E-25 7.20E-18 1.03E-15 3.30E-13 7.77E-21 1.35E-41 7.06E-80 2.04-104 6.21E-18 3.90E-31 9.12E-65 8.00E-07 3.04E-14 2.17E-13 5.36E-16 1.05E-09 3.48E-16
  5.58E+06 6.42E-24 9.46E-25 1.05E-17 1.03E-15 3.29E-13 9.31E-21 2.40E-41 1.33E-79 2.02-104 4.43E-18 5.80E-31 1.84E-64 6.37E-07 1.08E-14 3.25E-13 2.33E-16 8.64E-10 1.27E-16
  5.78E+06 8.25E-24 1.81E-24 1.54E-17 1.03E-15 3.29E-13 1.15E-20 4.48E-41 2.72E-79 1.99-104 3.16E-18 8.72E-31 3.87E-64 5.02E-07 4.06E-15 4.79E-13 1.05E-16 7.24E-10 4.95E-17
  5.98E+06 1.10E-23 3.44E-24 2.23E-17 1.02E-15 3.28E-13 1.45E-20 8.74E-41 6.07E-79 1.96-104 2.25E-18 1.31E-30 8.43E-64 3.91E-07 1.64E-15 7.00E-13 4.94E-17 6.14E-10 2.07E-17
  6.18E+06 1.51E-23 6.52E-24 3.23E-17 1.01E-15 3.27E-13 1.87E-20 1.77E-40 1.45E-78 1.93-104 1.61E-18 1.95E-30 1.89E-63 3.01E-07 7.15E-16 1.01E-12 2.46E-17 5.26E-10 9.38E-18
  6.38E+06 2.23E-23 1.23E-23 4.63E-17 9.92E-16 3.26E-13 2.48E-20 3.86E-40 4.00E-78 1.89-104 1.15E-18 2.90E-30 4.48E-63 2.28E-07 3.48E-16 1.45E-12 1.32E-17 4.54E-10 4.74E-18
  6.58E+06 3.98E-23 2.25E-23 6.45E-17 9.72E-16 3.25E-13 3.68E-20 1.05E-39 1.70E-77 1.84-104 8.26E-19 4.54E-30 1.28E-62 1.62E-07 2.12E-16 2.03E-12 7.87E-18 3.94E-10 3.02E-18
  6.78E+06 9.50E-23 3.90E-23 8.47E-17 9.50E-16 3.23E-13 6.36E-20 3.91E-39 1.34E-76 1.80-104 6.15E-19 8.13E-30 4.74E-62 1.05E-07 1.83E-16 2.68E-12 5.58E-18 3.44E-10 2.75E-18
  6.98E+06 2.45E-22 6.27E-23 1.03E-16 9.28E-16 3.21E-13 1.09E-19 1.47E-38 1.08E-75 1.74-104 4.81E-19 1.67E-29 1.62E-61 6.63E-08 1.90E-16 3.27E-12 4.42E-18 3.00E-10 3.00E-18
  7.18E+06 5.19E-22 9.58E-23 1.18E-16 9.09E-16 3.19E-13 1.52E-19 3.92E-38 4.31E-75 1.67-104 3.82E-19 3.57E-29 3.72E-61 4.49E-08 1.78E-16 3.89E-12 3.47E-18 2.61E-10 2.86E-18
  7.38E+06 8.20E-22 1.46E-22 1.34E-16 8.88E-16 3.16E-13 1.63E-19 6.81E-38 7.25E-75 1.59-104 2.93E-19 7.20E-29 5.47E-61 3.33E-08 1.29E-16 4.87E-12 2.53E-18 2.27E-10 2.03E-18
  7.58E+06 9.92E-22 2.30E-22 1.56E-16 8.61E-16 3.12E-13 1.38E-19 8.30E-38 5.85E-75 1.51-104 2.14E-19 1.34E-28 5.72E-61 2.55E-08 6.82E-17 6.63E-12 1.61E-18 1.96E-10 1.02E-18
  7.78E+06 8.34E-22 3.83E-22 1.91E-16 8.18E-16 3.08E-13 8.67E-20 5.77E-38 1.54E-75 1.40-104 1.68E-19 2.37E-28 3.61E-61 2.21E-08 2.52E-17 1.10E-11 9.45E-19 1.69E-10 3.50E-19
  7.98E+06 2.47E-23 9.93E-22 3.65E-16 6.34E-16 3.02E-13 6.92E-21 6.06E-40 9.43E-80 1.29-104 2.00E-19 3.77E-28 5.36E-63 6.21E-08 2.75E-18 4.06E-11 1.59E-19 1.45E-10 1.35E-20
  8.18E+06 5.14E-25 1.86E-21 5.02E-16 4.86E-16 2.94E-13 4.40E-22 4.29E-42 2.56E-84 1.16-104 3.25E-19 3.63E-28 3.86E-65 1.55E-07 2.28E-19 1.44E-10 4.38E-20 1.23E-10 3.60E-22
  8.38E+06 2.23E-26 2.88E-21 5.72E-16 4.03E-16 2.85E-13 4.63E-23 8.52E-44 5.74E-88 1.01-104 4.66E-19 2.36E-28 6.47E-67 2.78E-07 2.04E-20 5.72E-10 2.90E-20 1.04E-10 2.69E-23
  8.58E+06 1.75E-27 4.20E-21 6.10E-16 3.47E-16 2.72E-13 7.41E-24 4.00E-45 1.49E-90 8.41-105 5.47E-19 1.39E-28 2.42E-68 3.99E-07 2.57E-21 2.52E-09 2.05E-20 8.62E-11 4.28E-24
  8.78E+06 2.20E-28 6.02E-21 6.37E-16 2.98E-16 2.57E-13 1.66E-24 4.22E-46 5.77E-92 6.69-105 5.38E-19 8.42E-29 2.00E-69 4.84E-07 5.03E-22 1.06E-08 1.30E-20 7.07E-11 7.90E-25
  8.98E+06 4.00E-29 8.61E-21 6.59E-16 2.49E-16 2.37E-13 4.85E-25 1.17E-46 9.29E-93 4.99-105 4.53E-19 5.45E-29 4.35E-70 5.12E-07 1.17E-22 3.87E-08 7.29E-21 5.71E-11 1.45E-25
  9.18E+06 9.63E-30 1.23E-20 6.75E-16 1.99E-16 2.14E-13 1.72E-25 7.44E-47 3.56E-93 3.45-105 3.33E-19 3.81E-29 2.15E-70 4.84E-07 2.72E-23 1.19E-07 3.85E-21 4.55E-11 2.71E-26
  9.38E+06 2.89E-30 1.74E-20 6.83E-16 1.52E-16 1.88E-13 7.10E-26 6.78E-47 1.96E-93 2.16-105 2.17E-19 2.88E-29 1.52E-70 4.16E-07 6.26E-24 3.14E-07 2.01E-21 3.60E-11 5.26E-27
  9.58E+06 1.03E-30 2.44E-20 6.78E-16 1.09E-16 1.59E-13 3.26E-26 7.00E-47 1.20E-93 1.21-105 1.27E-19 2.41E-29 1.21E-70 3.30E-07 1.43E-24 7.16E-07 1.04E-21 2.85E-11 1.08E-27
  9.78E+06 4.26E-31 3.36E-20 6.59E-16 7.48E-17 1.29E-13 1.64E-26 7.59E-47 7.44E-94 5.95-106 6.99E-20 2.37E-29 9.94E-71 2.42E-07 3.26E-25 1.45E-06 5.40E-22 2.32E-11 2.33E-28
  9.98E+06 2.11E-31 4.46E-20 6.24E-16 5.09E-17 9.97E-14 9.07E-27 8.40E-47 4.43E-94 2.57-106 4.22E-20 2.94E-29 8.07E-71 1.64E-07 9.60E-26 2.65E-06 2.83E-22 2.02E-11 6.31E-29

     Z        N2O5     CO2      SO4AER   S8AER   
  2.50E+04 4.53E-18 1.99E-04 2.01E-10 1.00E-38
  7.50E+04 5.98E-18 1.99E-04 2.13E-10 1.00E-38
  1.25E+05 8.61E-18 1.99E-04 2.36E-10 1.00E-38
  1.75E+05 1.34E-17 1.99E-04 2.71E-10 1.00E-38
  3.75E+05 1.18E-16 1.99E-04 4.99E-10 1.00E-38
  5.75E+05 9.27E-16 1.99E-04 7.99E-10 1.00E-38
  7.75E+05 1.95E-15 1.99E-04 1.14E-09 1.00E-38
  9.75E+05 2.89E-15 1.99E-04 1.52E-09 1.00E-38
  1.18E+06 5.14E-15 1.99E-04 2.42E-09 1.00E-38
  1.38E+06 2.98E-14 1.99E-04 5.18E-09 1.00E-38
  1.58E+06 2.66E-13 1.99E-04 8.28E-09 1.00E-38
  1.78E+06 1.29E-12 1.99E-04 8.35E-09 1.00E-38
  1.98E+06 3.51E-12 1.99E-04 6.11E-09 1.00E-38
  2.18E+06 6.41E-12 1.99E-04 3.99E-09 1.00E-38
  2.38E+06 8.91E-12 1.99E-04 2.63E-09 1.00E-38
  2.58E+06 9.61E-12 2.00E-04 1.81E-09 1.00E-38
  2.78E+06 8.11E-12 2.00E-04 1.29E-09 1.00E-38
  2.98E+06 5.41E-12 2.00E-04 9.57E-10 1.00E-38
  3.18E+06 2.90E-12 2.00E-04 7.32E-10 1.00E-38
  3.38E+06 1.26E-12 2.00E-04 5.54E-10 1.00E-38
  3.58E+06 4.36E-13 2.00E-04 4.07E-10 1.00E-38
  3.78E+06 1.16E-13 2.00E-04 2.93E-10 1.00E-38
  3.98E+06 2.18E-14 2.00E-04 2.06E-10 1.00E-38
  4.18E+06 2.95E-15 2.00E-04 1.42E-10 1.00E-38
  4.38E+06 3.38E-16 2.00E-04 9.63E-11 1.00E-38
  4.58E+06 3.75E-17 2.00E-04 6.42E-11 1.00E-38
  4.78E+06 4.26E-18 2.00E-04 4.20E-11 1.00E-38
  4.98E+06 5.08E-19 2.00E-04 2.67E-11 1.00E-38
  5.18E+06 6.46E-20 2.00E-04 1.64E-11 1.00E-38
  5.38E+06 8.73E-21 2.00E-04 9.54E-12 1.00E-38
  5.58E+06 1.26E-21 2.00E-04 5.14E-12 1.00E-38
  5.78E+06 1.98E-22 2.00E-04 2.50E-12 1.00E-38
  5.98E+06 3.45E-23 1.99E-04 1.07E-12 1.00E-38
  6.18E+06 6.75E-24 1.99E-04 3.84E-13 1.00E-38
  6.38E+06 1.53E-24 1.99E-04 1.11E-13 1.00E-38
  6.58E+06 4.51E-25 1.99E-04 2.41E-14 1.00E-38
  6.78E+06 1.99E-25 1.98E-04 3.60E-15 1.00E-38
  6.98E+06 1.11E-25 1.98E-04 3.26E-16 1.00E-38
  7.18E+06 5.74E-26 1.97E-04 1.50E-17 1.00E-38
  7.38E+06 2.27E-26 1.97E-04 2.62E-19 1.00E-38
  7.58E+06 6.17E-27 1.96E-04 1.04E-21 1.00E-38
  7.78E+06 1.19E-27 1.94E-04 2.70E-25 1.00E-38
  7.98E+06 2.53E-29 1.93E-04 3.63E-30 1.00E-38
  8.18E+06 4.59E-31 1.91E-04 6.06E-35 1.00E-38
  8.38E+06 7.53E-32 1.89E-04 1.00E-38 1.00E-38
  8.58E+06 2.38E-32 1.86E-04 1.00E-38 1.00E-38
  8.78E+06 6.40E-33 1.82E-04 1.00E-38 1.00E-38
  8.98E+06 1.38E-33 1.78E-04 1.00E-38 1.00E-38
  9.18E+06 2.71E-34 1.72E-04 1.00E-38 1.00E-38
  9.38E+06 5.25E-35 1.66E-04 1.00E-38 1.00E-38
  9.58E+06 1.04E-35 1.59E-04 1.00E-38 1.00E-38
  9.78E+06 2.10E-36 1.50E-04 1.00E-38 1.00E-38
  9.98E+06 4.81E-37 1.41E-04 1.00E-38 1.00E-38
 NW =                   750    WAVELENGTH GRID:   1176.5000000000000       -   10000.000000000000       Angstroms


 PHOTOLYSIS RATES

     Z      PO2_O1D    PO2_O3P    PH2O_1     PH2O_2     PH2O_3     PO3_O1D    PO3_O      PO3_3O     
 2.50E+04   0.00E+00   7.55E-25   1.88E-25   0.00E+00   0.00E+00   6.82E-06   2.03E-04   4.94E-26
 1.75E+05   0.00E+00   4.45E-23   2.11E-23   0.00E+00   0.00E+00   7.90E-06   2.09E-04   2.46E-22
 3.25E+05   0.00E+00   1.80E-21   1.47E-21   0.00E+00   0.00E+00   8.82E-06   2.15E-04   1.26E-19
 4.75E+05   0.00E+00   4.61E-20   5.50E-20   0.00E+00   0.00E+00   9.61E-06   2.20E-04   1.19E-17
 6.25E+05   0.00E+00   7.73E-19   1.18E-18   0.00E+00   0.00E+00   1.03E-05   2.26E-04   3.94E-16
 7.75E+05   0.00E+00   8.92E-18   1.61E-17   0.00E+00   0.00E+00   1.09E-05   2.30E-04   6.83E-15
 9.25E+05   0.00E+00   7.44E-17   1.53E-16   0.00E+00   0.00E+00   1.15E-05   2.35E-04   7.64E-14
 1.08E+06   0.00E+00   4.61E-16   1.05E-15   0.00E+00   0.00E+00   1.22E-05   2.39E-04   5.99E-13
 1.22E+06   0.00E+00   2.09E-15   5.20E-15   0.00E+00   0.00E+00   1.29E-05   2.42E-04   3.27E-12
 1.38E+06   0.00E+00   7.40E-15   1.97E-14   0.00E+00   0.00E+00   1.37E-05   2.46E-04   1.34E-11
 1.52E+06   0.00E+00   2.23E-14   6.27E-14   0.00E+00   0.00E+00   1.47E-05   2.50E-04   4.55E-11
 1.68E+06   0.00E+00   6.10E-14   1.78E-13   0.00E+00   0.00E+00   1.61E-05   2.54E-04   1.36E-10
 1.82E+06   0.00E+00   1.55E-13   4.69E-13   0.00E+00   0.00E+00   1.82E-05   2.57E-04   3.68E-10
 1.98E+06   0.00E+00   3.74E-13   1.17E-12   0.00E+00   0.00E+00   2.12E-05   2.61E-04   9.21E-10
 2.12E+06   0.00E+00   8.47E-13   2.75E-12   0.00E+00   0.00E+00   2.54E-05   2.64E-04   2.14E-09
 2.28E+06   0.00E+00   1.80E-12   6.11E-12   0.00E+00   0.00E+00   3.13E-05   2.67E-04   4.61E-09
 2.42E+06   0.00E+00   3.61E-12   1.27E-11   0.00E+00   0.00E+00   3.95E-05   2.70E-04   9.18E-09
 2.58E+06   1.05-167   6.78E-12   2.47E-11   4.76-165   7.15-165   5.08E-05   2.74E-04   1.69E-08
 2.72E+06   6.18-137   1.20E-11   4.49E-11   2.80-134   4.20-134   6.66E-05   2.77E-04   2.88E-08
 2.88E+06   2.00-112   2.01E-11   7.67E-11   9.05-110   1.36-109   8.85E-05   2.82E-04   4.58E-08
 3.02E+06   6.18E-93   3.19E-11   1.25E-10   2.80E-90   4.20E-90   1.19E-04   2.86E-04   6.81E-08
 3.18E+06   1.82E-77   4.81E-11   1.96E-10   8.26E-75   1.24E-74   1.60E-04   2.92E-04   9.55E-08
 3.32E+06   3.37E-65   6.94E-11   2.98E-10   1.53E-62   2.29E-62   2.14E-04   2.99E-04   1.27E-07
 3.48E+06   1.84E-55   9.59E-11   4.41E-10   8.31E-53   1.25E-52   2.87E-04   3.08E-04   1.63E-07
 3.62E+06   1.03E-47   1.28E-10   6.30E-10   4.65E-45   6.97E-45   3.86E-04   3.20E-04   2.00E-07
 3.78E+06   1.58E-41   1.64E-10   8.68E-10   7.13E-39   1.07E-38   5.32E-04   3.37E-04   2.39E-07
 3.92E+06   1.43E-36   2.04E-10   1.15E-09   6.47E-34   9.71E-34   7.51E-04   3.62E-04   2.77E-07
 4.08E+06   1.41E-32   2.44E-10   1.47E-09   6.39E-30   9.59E-30   1.06E-03   3.97E-04   3.15E-07
 4.22E+06   2.51E-29   2.83E-10   1.83E-09   1.14E-26   1.71E-26   1.45E-03   4.40E-04   3.50E-07
 4.38E+06   1.22E-26   3.20E-10   2.21E-09   5.51E-24   8.26E-24   1.87E-03   4.87E-04   3.84E-07
 4.52E+06   2.17E-24   3.53E-10   2.63E-09   9.81E-22   1.47E-21   2.27E-03   5.32E-04   4.16E-07
 4.68E+06   1.71E-22   3.85E-10   3.09E-09   7.76E-20   1.16E-19   2.63E-03   5.72E-04   4.46E-07
 4.82E+06   6.74E-21   4.15E-10   3.62E-09   3.05E-18   4.58E-18   2.92E-03   6.05E-04   4.75E-07
 4.98E+06   1.44E-19   4.46E-10   4.28E-09   6.54E-17   9.81E-17   3.15E-03   6.31E-04   5.02E-07
 5.12E+06   1.84E-18   4.79E-10   5.12E-09   8.32E-16   1.25E-15   3.33E-03   6.51E-04   5.29E-07
 5.28E+06   1.50E-17   5.15E-10   6.19E-09   6.80E-15   1.02E-14   3.46E-03   6.66E-04   5.55E-07
 5.42E+06   8.47E-17   5.55E-10   7.54E-09   3.83E-14   5.75E-14   3.56E-03   6.77E-04   5.80E-07
 5.58E+06   3.50E-16   5.99E-10   9.15E-09   1.59E-13   2.38E-13   3.63E-03   6.85E-04   6.05E-07
 5.72E+06   1.13E-15   6.47E-10   1.10E-08   5.09E-13   7.64E-13   3.68E-03   6.90E-04   6.29E-07
 5.88E+06   3.19E-15   7.01E-10   1.31E-08   1.37E-12   2.06E-12   3.71E-03   6.94E-04   6.52E-07
 6.02E+06   1.13E-14   7.63E-10   1.55E-08   3.86E-12   5.79E-12   3.74E-03   6.97E-04   6.75E-07
 6.18E+06   6.36E-14   8.35E-10   1.81E-08   1.58E-11   2.37E-11   3.75E-03   6.99E-04   6.97E-07
 6.32E+06   3.69E-13   9.19E-10   2.15E-08   7.90E-11   1.18E-10   3.76E-03   7.00E-04   7.19E-07
 6.48E+06   1.70E-12   1.02E-09   2.69E-08   3.46E-10   5.19E-10   3.77E-03   7.01E-04   7.43E-07
 6.62E+06   6.09E-12   1.15E-09   3.74E-08   1.21E-09   1.82E-09   3.78E-03   7.02E-04   7.75E-07
 6.78E+06   1.74E-11   1.31E-09   5.89E-08   3.41E-09   5.11E-09   3.78E-03   7.02E-04   8.25E-07
 6.92E+06   4.14E-11   1.54E-09   9.94E-08   7.99E-09   1.20E-08   3.78E-03   7.02E-04   9.09E-07
 7.08E+06   8.42E-11   1.86E-09   1.68E-07   1.60E-08   2.40E-08   3.78E-03   7.03E-04   1.04E-06
 7.22E+06   1.50E-10   2.30E-09   2.69E-07   2.83E-08   4.24E-08   3.78E-03   7.03E-04   1.23E-06
 7.38E+06   2.41E-10   2.90E-09   4.05E-07   4.48E-08   6.71E-08   3.78E-03   7.03E-04   1.48E-06
 7.52E+06   3.52E-10   3.69E-09   5.70E-07   6.48E-08   9.72E-08   3.78E-03   7.03E-04   1.78E-06
 7.68E+06   4.77E-10   4.68E-09   7.55E-07   8.71E-08   1.31E-07   3.78E-03   7.03E-04   2.11E-06
 7.82E+06   6.11E-10   5.92E-09   9.50E-07   1.10E-07   1.66E-07   3.78E-03   7.03E-04   2.45E-06
 7.98E+06   7.54E-10   7.41E-09   1.15E-06   1.33E-07   2.00E-07   3.78E-03   7.03E-04   2.79E-06
 8.12E+06   9.21E-10   9.21E-09   1.34E-06   1.56E-07   2.33E-07   3.78E-03   7.03E-04   3.12E-06
 8.28E+06   1.14E-09   1.14E-08   1.53E-06   1.77E-07   2.65E-07   3.78E-03   7.03E-04   3.44E-06
 8.42E+06   1.47E-09   1.41E-08   1.72E-06   1.98E-07   2.97E-07   3.79E-03   7.03E-04   3.76E-06
 8.58E+06   1.95E-09   1.74E-08   1.92E-06   2.19E-07   3.28E-07   3.79E-03   7.03E-04   4.09E-06
 8.72E+06   2.68E-09   2.16E-08   2.12E-06   2.40E-07   3.59E-07   3.79E-03   7.03E-04   4.42E-06
 8.88E+06   3.91E-09   2.68E-08   2.34E-06   2.61E-07   3.91E-07   3.79E-03   7.03E-04   4.77E-06
 9.02E+06   6.28E-09   3.29E-08   2.57E-06   2.83E-07   4.23E-07   3.79E-03   7.03E-04   5.13E-06
 9.18E+06   1.13E-08   4.00E-08   2.82E-06   3.05E-07   4.54E-07   3.79E-03   7.03E-04   5.49E-06
 9.32E+06   2.17E-08   4.77E-08   3.09E-06   3.27E-07   4.83E-07   3.79E-03   7.03E-04   5.85E-06
 9.48E+06   4.30E-08   5.57E-08   3.39E-06   3.48E-07   5.11E-07   3.79E-03   7.03E-04   6.20E-06
 9.62E+06   8.62E-08   6.43E-08   3.76E-06   3.68E-07   5.37E-07   3.79E-03   7.03E-04   6.54E-06
 9.78E+06   1.82E-07   7.40E-08   4.24E-06   3.88E-07   5.61E-07   3.79E-03   7.03E-04   6.89E-06
 9.92E+06   5.39E-07   9.32E-08   4.98E-06   4.10E-07   5.83E-07   3.79E-03   7.03E-04   7.32E-06

     Z      PH2O2      PCO2_1     PCO2_2     PH2CO_1    PH2CO_2    PHO2       PCH4_1     PCH4_2     
 2.50E+04   1.95E-06   4.27E-31   0.00E+00   1.65E-05   9.60E-06   5.74E-19   0.00E+00   0.00E+00
 1.75E+05   2.20E-06   3.65E-27   0.00E+00   1.90E-05   1.12E-05   3.32E-17   0.00E+00   0.00E+00
 3.25E+05   2.40E-06   2.24E-24   0.00E+00   2.11E-05   1.26E-05   1.31E-15   0.00E+00   0.00E+00
 4.75E+05   2.57E-06   2.23E-22   0.00E+00   2.31E-05   1.39E-05   3.30E-14   0.00E+00   0.00E+00
 6.25E+05   2.69E-06   7.48E-21   0.00E+00   2.49E-05   1.51E-05   5.46E-13   0.00E+00   0.00E+00
 7.75E+05   2.80E-06   1.30E-19   0.00E+00   2.65E-05   1.62E-05   6.24E-12   0.00E+00   0.00E+00
 9.25E+05   2.88E-06   1.46E-18   0.00E+00   2.79E-05   1.72E-05   5.16E-11   0.00E+00   0.00E+00
 1.08E+06   2.99E-06   1.15E-17   0.00E+00   2.93E-05   1.82E-05   3.18E-10   0.00E+00   0.00E+00
 1.22E+06   3.11E-06   6.29E-17   0.00E+00   3.04E-05   1.90E-05   1.43E-09   0.00E+00   0.00E+00
 1.38E+06   3.23E-06   2.58E-16   0.00E+00   3.14E-05   1.97E-05   5.02E-09   0.00E+00   0.00E+00
 1.52E+06   3.35E-06   8.72E-16   0.00E+00   3.24E-05   2.05E-05   1.50E-08   0.00E+00   0.00E+00
 1.68E+06   3.49E-06   2.61E-15   0.00E+00   3.33E-05   2.13E-05   4.07E-08   0.00E+00   0.00E+00
 1.82E+06   3.64E-06   7.20E-15   0.00E+00   3.42E-05   2.22E-05   1.03E-07   0.00E+00   0.00E+00
 1.98E+06   3.82E-06   1.88E-14   0.00E+00   3.50E-05   2.31E-05   2.45E-07   0.00E+00   0.00E+00
 2.12E+06   4.04E-06   4.64E-14   0.00E+00   3.57E-05   2.42E-05   5.50E-07   0.00E+00   0.00E+00
 2.28E+06   4.31E-06   1.08E-13   0.00E+00   3.64E-05   2.54E-05   1.16E-06   0.00E+00   0.00E+00
 2.42E+06   4.68E-06   2.33E-13   0.00E+00   3.71E-05   2.67E-05   2.31E-06   0.00E+00   0.00E+00
 2.58E+06   5.16E-06   4.67E-13   2.11-166   3.78E-05   2.81E-05   4.31E-06   1.72-164   3.33-164
 2.72E+06   5.82E-06   8.64E-13   1.24-135   3.85E-05   2.96E-05   7.61E-06   1.01-133   1.96-133
 2.88E+06   6.69E-06   1.49E-12   4.02-111   3.93E-05   3.13E-05   1.27E-05   3.26-109   6.34-109
 3.02E+06   7.84E-06   2.40E-12   1.24E-91   4.00E-05   3.31E-05   2.01E-05   1.01E-89   1.96E-89
 3.18E+06   9.28E-06   3.67E-12   3.67E-76   4.07E-05   3.49E-05   3.03E-05   2.98E-74   5.78E-74
 3.32E+06   1.11E-05   5.34E-12   6.78E-64   4.15E-05   3.67E-05   4.37E-05   5.50E-62   1.07E-61
 3.48E+06   1.32E-05   7.45E-12   3.69E-54   4.22E-05   3.85E-05   6.05E-05   3.00E-52   5.82E-52
 3.62E+06   1.57E-05   1.00E-11   2.06E-46   4.29E-05   4.03E-05   8.09E-05   1.68E-44   3.25E-44
 3.78E+06   1.86E-05   1.30E-11   3.17E-40   4.35E-05   4.19E-05   1.05E-04   2.57E-38   4.99E-38
 3.92E+06   2.21E-05   1.64E-11   2.87E-35   4.42E-05   4.34E-05   1.31E-04   2.33E-33   4.53E-33
 4.08E+06   2.60E-05   2.00E-11   2.84E-31   4.48E-05   4.47E-05   1.59E-04   2.31E-29   4.48E-29
 4.22E+06   3.01E-05   2.39E-11   5.05E-28   4.54E-05   4.57E-05   1.86E-04   4.10E-26   7.97E-26
 4.38E+06   3.42E-05   2.78E-11   2.45E-25   4.58E-05   4.66E-05   2.10E-04   1.99E-23   3.86E-23
 4.52E+06   3.79E-05   3.19E-11   4.36E-23   4.62E-05   4.73E-05   2.31E-04   3.54E-21   6.87E-21
 4.68E+06   4.10E-05   3.61E-11   3.44E-21   4.66E-05   4.78E-05   2.48E-04   2.80E-19   5.43E-19
 4.82E+06   4.35E-05   4.06E-11   1.36E-19   4.68E-05   4.82E-05   2.61E-04   1.10E-17   2.14E-17
 4.98E+06   4.55E-05   4.54E-11   2.90E-18   4.70E-05   4.85E-05   2.71E-04   2.36E-16   4.58E-16
 5.12E+06   4.71E-05   5.07E-11   3.69E-17   4.71E-05   4.87E-05   2.79E-04   3.00E-15   5.82E-15
 5.28E+06   4.82E-05   5.66E-11   3.02E-16   4.72E-05   4.89E-05   2.85E-04   2.45E-14   4.76E-14
 5.42E+06   4.91E-05   6.32E-11   1.70E-15   4.73E-05   4.90E-05   2.89E-04   1.38E-13   2.68E-13
 5.58E+06   4.97E-05   7.04E-11   7.04E-15   4.74E-05   4.91E-05   2.93E-04   5.72E-13   1.11E-12
 5.72E+06   5.01E-05   7.83E-11   2.26E-14   4.74E-05   4.91E-05   2.95E-04   1.84E-12   3.56E-12
 5.88E+06   5.05E-05   8.67E-11   6.13E-14   4.74E-05   4.92E-05   2.97E-04   5.00E-12   9.47E-12
 6.02E+06   5.07E-05   9.56E-11   1.79E-13   4.75E-05   4.92E-05   2.99E-04   1.48E-11   2.49E-11
 6.18E+06   5.09E-05   1.05E-10   7.81E-13   4.75E-05   4.92E-05   3.00E-04   6.62E-11   8.85E-11
 6.32E+06   5.10E-05   1.15E-10   4.04E-12   4.75E-05   4.92E-05   3.01E-04   3.47E-10   4.05E-10
 6.48E+06   5.11E-05   1.26E-10   1.79E-11   4.75E-05   4.92E-05   3.01E-04   1.54E-09   1.72E-09
 6.62E+06   5.12E-05   1.38E-10   6.28E-11   4.75E-05   4.93E-05   3.02E-04   5.41E-09   5.94E-09
 6.78E+06   5.13E-05   1.52E-10   1.77E-10   4.75E-05   4.93E-05   3.02E-04   1.52E-08   1.66E-08
 6.92E+06   5.13E-05   1.67E-10   4.14E-10   4.75E-05   4.93E-05   3.03E-04   3.56E-08   3.88E-08
 7.08E+06   5.14E-05   1.86E-10   8.31E-10   4.76E-05   4.93E-05   3.03E-04   7.14E-08   7.76E-08
 7.22E+06   5.16E-05   2.07E-10   1.46E-09   4.76E-05   4.94E-05   3.03E-04   1.26E-07   1.36E-07
 7.38E+06   5.17E-05   2.33E-10   2.32E-09   4.77E-05   4.94E-05   3.04E-04   1.99E-07   2.16E-07
 7.52E+06   5.19E-05   2.63E-10   3.36E-09   4.77E-05   4.95E-05   3.04E-04   2.88E-07   3.12E-07
 7.68E+06   5.21E-05   2.97E-10   4.51E-09   4.78E-05   4.96E-05   3.04E-04   3.86E-07   4.18E-07
 7.82E+06   5.24E-05   3.36E-10   5.72E-09   4.79E-05   4.97E-05   3.04E-04   4.89E-07   5.29E-07
 7.98E+06   5.26E-05   3.79E-10   6.92E-09   4.80E-05   4.97E-05   3.05E-04   5.91E-07   6.39E-07
 8.12E+06   5.28E-05   4.26E-10   8.08E-09   4.81E-05   4.98E-05   3.05E-04   6.90E-07   7.46E-07
 8.28E+06   5.31E-05   4.78E-10   9.21E-09   4.81E-05   4.99E-05   3.05E-04   7.86E-07   8.50E-07
 8.42E+06   5.33E-05   5.35E-10   1.03E-08   4.82E-05   5.00E-05   3.05E-04   8.82E-07   9.53E-07
 8.58E+06   5.35E-05   6.00E-10   1.15E-08   4.83E-05   5.01E-05   3.06E-04   9.79E-07   1.06E-06
 8.72E+06   5.38E-05   6.75E-10   1.28E-08   4.84E-05   5.02E-05   3.06E-04   1.08E-06   1.17E-06
 8.88E+06   5.40E-05   7.63E-10   1.43E-08   4.85E-05   5.03E-05   3.06E-04   1.19E-06   1.29E-06
 9.02E+06   5.43E-05   8.73E-10   1.59E-08   4.86E-05   5.04E-05   3.06E-04   1.30E-06   1.40E-06
 9.18E+06   5.45E-05   1.02E-09   1.78E-08   4.88E-05   5.06E-05   3.07E-04   1.41E-06   1.53E-06
 9.32E+06   5.48E-05   1.24E-09   1.98E-08   4.91E-05   5.08E-05   3.07E-04   1.53E-06   1.65E-06
 9.48E+06   5.51E-05   1.60E-09   2.21E-08   4.94E-05   5.12E-05   3.07E-04   1.64E-06   1.76E-06
 9.62E+06   5.54E-05   2.19E-09   2.49E-08   4.98E-05   5.16E-05   3.07E-04   1.76E-06   1.88E-06
 9.78E+06   5.59E-05   3.09E-09   2.93E-08   5.02E-05   5.20E-05   3.07E-04   1.87E-06   1.99E-06
 9.92E+06   5.66E-05   4.34E-09   4.33E-08   5.08E-05   5.26E-05   3.07E-04   2.00E-06   2.11E-06

     Z      PCH4_3     PC2H6_1    PC2H6_2    PHNO2_1    PHNO3      PHNO3_3    PHNO3_1    PNO        
 2.50E+04   0.00E+00   0.00E+00   0.00E+00   5.39E-04   1.48E-07   2.20E-26   1.58E-26   0.00E+00
 1.75E+05   0.00E+00   0.00E+00   0.00E+00   5.98E-04   1.66E-07   2.84E-22   2.04E-22   0.00E+00
 3.25E+05   0.00E+00   0.00E+00   0.00E+00   6.52E-04   1.79E-07   1.89E-19   1.36E-19   0.00E+00
 4.75E+05   0.00E+00   0.00E+00   0.00E+00   6.99E-04   1.88E-07   1.95E-17   1.40E-17   7.55-119
 6.25E+05   0.00E+00   0.00E+00   0.00E+00   7.43E-04   1.92E-07   6.74E-16   4.84E-16   7.17E-90
 7.75E+05   0.00E+00   0.00E+00   0.00E+00   7.82E-04   1.91E-07   1.20E-14   8.59E-15   1.92E-72
 9.25E+05   0.00E+00   0.00E+00   0.00E+00   8.17E-04   1.88E-07   1.36E-13   9.79E-14   1.57E-59
 1.08E+06   0.00E+00   0.00E+00   0.00E+00   8.48E-04   1.89E-07   1.09E-12   7.86E-13   2.80E-49
 1.22E+06   0.00E+00   0.00E+00   0.00E+00   8.75E-04   1.98E-07   6.17E-12   4.43E-12   4.37E-41
 1.38E+06   0.00E+00   0.00E+00   0.00E+00   8.99E-04   2.09E-07   2.60E-11   1.87E-11   1.42E-34
 1.52E+06   0.00E+00   0.00E+00   0.00E+00   9.21E-04   2.26E-07   9.08E-11   6.52E-11   2.18E-29
 1.68E+06   0.00E+00   0.00E+00   0.00E+00   9.41E-04   2.55E-07   2.81E-10   2.02E-10   3.05E-25
 1.82E+06   0.00E+00   0.00E+00   0.00E+00   9.57E-04   3.08E-07   8.17E-10   5.86E-10   6.64E-22
 1.98E+06   0.00E+00   0.00E+00   0.00E+00   9.70E-04   4.09E-07   2.27E-09   1.63E-09   3.40E-19
 2.12E+06   0.00E+00   0.00E+00   0.00E+00   9.81E-04   5.98E-07   6.02E-09   4.32E-09   5.62E-17
 2.28E+06   0.00E+00   0.00E+00   0.00E+00   9.89E-04   9.40E-07   1.50E-08   1.08E-08   3.79E-15
 2.42E+06   0.00E+00   0.00E+00   0.00E+00   9.97E-04   1.52E-06   3.47E-08   2.49E-08   1.24E-13
 2.58E+06   5.14-164   0.00E+00   3.39-165   1.00E-03   2.44E-06   7.32E-08   5.26E-08   2.22E-12
 2.72E+06   3.02-133   0.00E+00   1.99-134   1.01E-03   3.80E-06   1.42E-07   1.02E-07   2.40E-11
 2.88E+06   9.78-109   0.00E+00   6.44-110   1.01E-03   5.66E-06   2.52E-07   1.81E-07   1.68E-10
 3.02E+06   3.02E-89   0.00E+00   1.99E-90   1.02E-03   8.05E-06   4.16E-07   2.99E-07   8.16E-10
 3.18E+06   8.91E-74   0.00E+00   5.87E-75   1.03E-03   1.09E-05   6.43E-07   4.62E-07   2.94E-09
 3.32E+06   1.65E-61   0.00E+00   1.09E-62   1.04E-03   1.42E-05   9.38E-07   6.73E-07   8.30E-09
 3.48E+06   8.97E-52   0.00E+00   5.91E-53   1.04E-03   1.77E-05   1.30E-06   9.32E-07   1.93E-08
 3.62E+06   5.02E-44   0.00E+00   3.31E-45   1.05E-03   2.14E-05   1.72E-06   1.23E-06   3.84E-08
 3.78E+06   7.70E-38   0.00E+00   5.08E-39   1.07E-03   2.51E-05   2.18E-06   1.57E-06   6.78E-08
 3.92E+06   6.99E-33   0.00E+00   4.61E-34   1.08E-03   2.89E-05   2.68E-06   1.93E-06   1.09E-07
 4.08E+06   6.90E-29   0.00E+00   4.55E-30   1.09E-03   3.24E-05   3.19E-06   2.29E-06   1.61E-07
 4.22E+06   1.23E-25   0.00E+00   8.10E-27   1.10E-03   3.57E-05   3.70E-06   2.66E-06   2.25E-07
 4.38E+06   5.95E-23   0.00E+00   3.92E-24   1.12E-03   3.86E-05   4.20E-06   3.02E-06   2.99E-07
 4.52E+06   1.06E-20   0.00E+00   6.98E-22   1.13E-03   4.11E-05   4.69E-06   3.37E-06   3.83E-07
 4.68E+06   8.38E-19   0.00E+00   5.52E-20   1.14E-03   4.31E-05   5.16E-06   3.71E-06   4.75E-07
 4.82E+06   3.30E-17   0.00E+00   2.17E-18   1.14E-03   4.48E-05   5.63E-06   4.04E-06   5.75E-07
 4.98E+06   7.06E-16   0.00E+00   4.66E-17   1.15E-03   4.61E-05   6.09E-06   4.38E-06   6.81E-07
 5.12E+06   8.99E-15   0.00E+00   5.92E-16   1.15E-03   4.72E-05   6.55E-06   4.70E-06   7.93E-07
 5.28E+06   7.34E-14   0.00E+00   4.84E-15   1.16E-03   4.81E-05   7.00E-06   5.03E-06   9.09E-07
 5.42E+06   4.14E-13   0.00E+00   2.73E-14   1.16E-03   4.89E-05   7.45E-06   5.35E-06   1.03E-06
 5.58E+06   1.71E-12   0.00E+00   1.13E-13   1.16E-03   4.94E-05   7.89E-06   5.66E-06   1.15E-06
 5.72E+06   5.48E-12   0.00E+00   3.64E-13   1.16E-03   4.99E-05   8.32E-06   5.97E-06   1.28E-06
 5.88E+06   1.42E-11   0.00E+00   1.04E-12   1.16E-03   5.03E-05   8.73E-06   6.27E-06   1.40E-06
 6.02E+06   3.16E-11   0.00E+00   3.94E-12   1.16E-03   5.07E-05   9.13E-06   6.55E-06   1.53E-06
 6.18E+06   6.64E-11   0.00E+00   2.33E-11   1.16E-03   5.09E-05   9.51E-06   6.83E-06   1.65E-06
 6.32E+06   1.54E-10   0.00E+00   1.37E-10   1.16E-03   5.12E-05   9.88E-06   7.09E-06   1.77E-06
 6.48E+06   4.20E-10   0.00E+00   6.24E-10   1.16E-03   5.14E-05   1.02E-05   7.35E-06   1.90E-06
 6.62E+06   1.18E-09   0.00E+00   2.19E-09   1.16E-03   5.16E-05   1.06E-05   7.60E-06   2.03E-06
 6.78E+06   3.03E-09   0.00E+00   6.12E-09   1.16E-03   5.17E-05   1.09E-05   7.85E-06   2.16E-06
 6.92E+06   6.78E-09   0.00E+00   1.41E-08   1.16E-03   5.19E-05   1.13E-05   8.10E-06   2.30E-06
 7.08E+06   1.33E-08   0.00E+00   2.80E-08   1.16E-03   5.21E-05   1.16E-05   8.36E-06   2.45E-06
 7.22E+06   2.30E-08   0.00E+00   4.87E-08   1.16E-03   5.23E-05   1.20E-05   8.65E-06   2.62E-06
 7.38E+06   3.61E-08   0.00E+00   7.62E-08   1.16E-03   5.25E-05   1.25E-05   8.96E-06   2.80E-06
 7.52E+06   5.19E-08   0.00E+00   1.09E-07   1.16E-03   5.29E-05   1.29E-05   9.29E-06   3.01E-06
 7.68E+06   6.93E-08   0.00E+00   1.45E-07   1.16E-03   5.34E-05   1.34E-05   9.64E-06   3.22E-06
 7.82E+06   8.75E-08   0.00E+00   1.83E-07   1.16E-03   5.38E-05   1.39E-05   1.00E-05   3.45E-06
 7.98E+06   1.06E-07   0.00E+00   2.20E-07   1.16E-03   5.42E-05   1.44E-05   1.04E-05   3.68E-06
 8.12E+06   1.23E-07   0.00E+00   2.56E-07   1.16E-03   5.47E-05   1.50E-05   1.07E-05   3.92E-06
 8.28E+06   1.41E-07   0.00E+00   2.92E-07   1.16E-03   5.51E-05   1.55E-05   1.11E-05   4.16E-06
 8.42E+06   1.58E-07   0.00E+00   3.29E-07   1.16E-03   5.55E-05   1.60E-05   1.15E-05   4.40E-06
 8.58E+06   1.76E-07   0.00E+00   3.69E-07   1.16E-03   5.60E-05   1.64E-05   1.18E-05   4.64E-06
 8.72E+06   1.96E-07   0.00E+00   4.12E-07   1.16E-03   5.64E-05   1.69E-05   1.22E-05   4.88E-06
 8.88E+06   2.16E-07   0.00E+00   4.59E-07   1.16E-03   5.68E-05   1.74E-05   1.25E-05   5.12E-06
 9.02E+06   2.38E-07   0.00E+00   5.09E-07   1.16E-03   5.72E-05   1.79E-05   1.28E-05   5.36E-06
 9.18E+06   2.59E-07   0.00E+00   5.60E-07   1.16E-03   5.76E-05   1.84E-05   1.32E-05   5.61E-06
 9.32E+06   2.81E-07   0.00E+00   6.12E-07   1.17E-03   5.80E-05   1.88E-05   1.35E-05   5.87E-06
 9.48E+06   3.02E-07   0.00E+00   6.63E-07   1.17E-03   5.84E-05   1.93E-05   1.39E-05   6.15E-06
 9.62E+06   3.23E-07   0.00E+00   7.12E-07   1.17E-03   5.89E-05   1.99E-05   1.43E-05   6.48E-06
 9.78E+06   3.42E-07   0.00E+00   7.59E-07   1.17E-03   5.94E-05   2.05E-05   1.47E-05   6.88E-06
 9.92E+06   3.61E-07   0.00E+00   8.05E-07   1.17E-03   6.01E-05   2.13E-05   1.53E-05   7.49E-06

     Z      PNO2_O1D   PNO2       PCH3_1     PSO        PH2S       PSO2       PSO2_SO21  PSO2_SO23  
 2.50E+04   2.75E-20   3.57E-03   3.18E-19   8.70E-19   2.34E-14   4.86E-19   3.51E-05   4.26E-07
 1.75E+05   1.55E-18   3.91E-03   1.81E-17   5.41E-17   2.84E-14   3.10E-17   4.15E-05   4.70E-07
 3.25E+05   5.96E-17   4.22E-03   7.07E-16   2.29E-15   3.41E-14   1.35E-15   4.74E-05   5.09E-07
 4.75E+05   1.47E-15   4.50E-03   1.76E-14   6.08E-14   6.42E-14   3.65E-14   5.28E-05   5.44E-07
 6.25E+05   2.39E-14   4.75E-03   2.86E-13   1.04E-12   5.07E-13   6.36E-13   5.79E-05   5.76E-07
 7.75E+05   2.69E-13   4.97E-03   3.21E-12   1.22E-11   5.59E-12   7.52E-12   6.26E-05   6.04E-07
 9.25E+05   2.20E-12   5.18E-03   2.61E-11   1.03E-10   4.74E-11   6.39E-11   6.71E-05   6.30E-07
 1.08E+06   1.34E-11   5.36E-03   1.58E-10   6.44E-10   2.99E-10   4.01E-10   7.12E-05   6.53E-07
 1.22E+06   6.00E-11   5.51E-03   6.98E-10   2.93E-09   1.37E-09   1.83E-09   7.50E-05   6.73E-07
 1.38E+06   2.10E-10   5.65E-03   2.42E-09   1.04E-08   4.89E-09   6.51E-09   7.87E-05   6.90E-07
 1.52E+06   6.26E-10   5.78E-03   7.15E-09   3.13E-08   1.48E-08   1.96E-08   8.30E-05   7.06E-07
 1.68E+06   1.69E-09   5.90E-03   1.92E-08   8.49E-08   4.01E-08   5.31E-08   8.83E-05   7.20E-07
 1.82E+06   4.28E-09   6.00E-03   4.82E-08   2.14E-07   1.01E-07   1.33E-07   9.50E-05   7.32E-07
 1.98E+06   1.02E-08   6.08E-03   1.15E-07   5.06E-07   2.37E-07   3.14E-07   1.04E-04   7.41E-07
 2.12E+06   2.31E-08   6.14E-03   2.58E-07   1.13E-06   5.24E-07   6.93E-07   1.15E-04   7.48E-07
 2.28E+06   4.92E-08   6.19E-03   5.50E-07   2.34E-06   1.08E-06   1.43E-06   1.29E-04   7.53E-07
 2.42E+06   9.88E-08   6.23E-03   1.11E-06   4.56E-06   2.09E-06   2.77E-06   1.46E-04   7.57E-07
 2.58E+06   1.87E-07   6.27E-03   2.13E-06   8.30E-06   3.78E-06   5.01E-06   1.67E-04   7.60E-07
 2.72E+06   3.36E-07   6.30E-03   3.90E-06   1.42E-05   6.41E-06   8.49E-06   1.93E-04   7.62E-07
 2.88E+06   5.70E-07   6.33E-03   6.77E-06   2.27E-05   1.02E-05   1.35E-05   2.25E-04   7.64E-07
 3.02E+06   9.21E-07   6.35E-03   1.11E-05   3.41E-05   1.54E-05   2.03E-05   2.62E-04   7.65E-07
 3.18E+06   1.42E-06   6.37E-03   1.69E-05   4.84E-05   2.19E-05   2.87E-05   3.06E-04   7.67E-07
 3.32E+06   2.09E-06   6.39E-03   2.42E-05   6.51E-05   2.98E-05   3.86E-05   3.55E-04   7.68E-07
 3.48E+06   2.95E-06   6.41E-03   3.24E-05   8.35E-05   3.87E-05   4.96E-05   4.08E-04   7.68E-07
 3.62E+06   4.01E-06   6.43E-03   4.10E-05   1.03E-04   4.84E-05   6.11E-05   4.65E-04   7.69E-07
 3.78E+06   5.25E-06   6.44E-03   4.94E-05   1.22E-04   5.86E-05   7.26E-05   5.24E-04   7.69E-07
 3.92E+06   6.63E-06   6.45E-03   5.70E-05   1.39E-04   6.88E-05   8.34E-05   5.85E-04   7.69E-07
 4.08E+06   8.02E-06   6.46E-03   6.34E-05   1.55E-04   7.83E-05   9.29E-05   6.43E-04   7.70E-07
 4.22E+06   9.32E-06   6.47E-03   6.86E-05   1.68E-04   8.68E-05   1.01E-04   6.97E-04   7.70E-07
 4.38E+06   1.05E-05   6.48E-03   7.27E-05   1.79E-04   9.40E-05   1.07E-04   7.44E-04   7.70E-07
 4.52E+06   1.14E-05   6.49E-03   7.57E-05   1.87E-04   9.99E-05   1.13E-04   7.83E-04   7.70E-07
 4.68E+06   1.22E-05   6.49E-03   7.81E-05   1.94E-04   1.05E-04   1.17E-04   8.14E-04   7.70E-07
 4.82E+06   1.27E-05   6.49E-03   7.99E-05   2.00E-04   1.09E-04   1.20E-04   8.39E-04   7.70E-07
 4.98E+06   1.32E-05   6.50E-03   8.12E-05   2.04E-04   1.12E-04   1.23E-04   8.57E-04   7.71E-07
 5.12E+06   1.36E-05   6.50E-03   8.22E-05   2.08E-04   1.14E-04   1.25E-04   8.70E-04   7.71E-07
 5.28E+06   1.38E-05   6.50E-03   8.30E-05   2.10E-04   1.16E-04   1.27E-04   8.80E-04   7.71E-07
 5.42E+06   1.40E-05   6.50E-03   8.36E-05   2.13E-04   1.17E-04   1.29E-04   8.87E-04   7.71E-07
 5.58E+06   1.42E-05   6.50E-03   8.40E-05   2.15E-04   1.19E-04   1.30E-04   8.92E-04   7.71E-07
 5.72E+06   1.43E-05   6.50E-03   8.44E-05   2.16E-04   1.20E-04   1.31E-04   8.96E-04   7.71E-07
 5.88E+06   1.45E-05   6.50E-03   8.46E-05   2.17E-04   1.21E-04   1.32E-04   8.98E-04   7.71E-07
 6.02E+06   1.45E-05   6.50E-03   8.48E-05   2.19E-04   1.21E-04   1.32E-04   9.00E-04   7.71E-07
 6.18E+06   1.46E-05   6.50E-03   8.50E-05   2.19E-04   1.22E-04   1.33E-04   9.01E-04   7.71E-07
 6.32E+06   1.47E-05   6.50E-03   8.51E-05   2.20E-04   1.22E-04   1.34E-04   9.02E-04   7.71E-07
 6.48E+06   1.48E-05   6.50E-03   8.52E-05   2.21E-04   1.23E-04   1.34E-04   9.03E-04   7.71E-07
 6.62E+06   1.48E-05   6.50E-03   8.53E-05   2.22E-04   1.23E-04   1.35E-04   9.03E-04   7.71E-07
 6.78E+06   1.49E-05   6.50E-03   8.53E-05   2.22E-04   1.24E-04   1.35E-04   9.03E-04   7.71E-07
 6.92E+06   1.50E-05   6.50E-03   8.54E-05   2.22E-04   1.24E-04   1.36E-04   9.03E-04   7.71E-07
 7.08E+06   1.51E-05   6.51E-03   8.54E-05   2.23E-04   1.24E-04   1.36E-04   9.03E-04   7.71E-07
 7.22E+06   1.53E-05   6.51E-03   8.54E-05   2.23E-04   1.25E-04   1.37E-04   9.03E-04   7.71E-07
 7.38E+06   1.54E-05   6.51E-03   8.54E-05   2.23E-04   1.26E-04   1.37E-04   9.03E-04   7.71E-07
 7.52E+06   1.56E-05   6.51E-03   8.55E-05   2.24E-04   1.26E-04   1.38E-04   9.04E-04   7.71E-07
 7.68E+06   1.58E-05   6.51E-03   8.55E-05   2.24E-04   1.27E-04   1.39E-04   9.04E-04   7.71E-07
 7.82E+06   1.60E-05   6.51E-03   8.55E-05   2.24E-04   1.28E-04   1.40E-04   9.04E-04   7.71E-07
 7.98E+06   1.63E-05   6.51E-03   8.55E-05   2.24E-04   1.28E-04   1.41E-04   9.04E-04   7.71E-07
 8.12E+06   1.65E-05   6.51E-03   8.55E-05   2.24E-04   1.29E-04   1.42E-04   9.04E-04   7.71E-07
 8.28E+06   1.67E-05   6.51E-03   8.55E-05   2.25E-04   1.30E-04   1.42E-04   9.04E-04   7.71E-07
 8.42E+06   1.70E-05   6.51E-03   8.55E-05   2.25E-04   1.30E-04   1.43E-04   9.04E-04   7.71E-07
 8.58E+06   1.72E-05   6.51E-03   8.55E-05   2.25E-04   1.31E-04   1.44E-04   9.04E-04   7.71E-07
 8.72E+06   1.74E-05   6.51E-03   8.55E-05   2.25E-04   1.31E-04   1.45E-04   9.04E-04   7.71E-07
 8.88E+06   1.77E-05   6.51E-03   8.55E-05   2.25E-04   1.32E-04   1.45E-04   9.04E-04   7.71E-07
 9.02E+06   1.80E-05   6.51E-03   8.55E-05   2.25E-04   1.33E-04   1.46E-04   9.04E-04   7.71E-07
 9.18E+06   1.83E-05   6.51E-03   8.55E-05   2.25E-04   1.33E-04   1.47E-04   9.04E-04   7.71E-07
 9.32E+06   1.86E-05   6.51E-03   8.55E-05   2.25E-04   1.34E-04   1.48E-04   9.04E-04   7.71E-07
 9.48E+06   1.89E-05   6.51E-03   8.55E-05   2.25E-04   1.35E-04   1.49E-04   9.04E-04   7.71E-07
 9.62E+06   1.93E-05   6.51E-03   8.55E-05   2.25E-04   1.35E-04   1.49E-04   9.04E-04   7.71E-07
 9.78E+06   1.98E-05   6.51E-03   8.55E-05   2.26E-04   1.36E-04   1.50E-04   9.04E-04   7.71E-07
 9.92E+06   2.07E-05   6.51E-03   8.55E-05   2.26E-04   1.37E-04   1.51E-04   9.04E-04   7.71E-07

     Z      PS2        PS4        PS3        PS8L       PS8R       PS8        PSO3       PHSO       
 2.50E+04   2.80E-05   1.15E-01   5.34E-01   0.00E+00   0.00E+00   7.59E-14   6.44E-08   5.74E-19
 1.75E+05   3.30E-05   1.19E-01   5.74E-01   0.00E+00   0.00E+00   1.06E-13   7.52E-08   3.32E-17
 3.25E+05   3.76E-05   1.22E-01   6.09E-01   0.00E+00   0.00E+00   1.45E-13   8.48E-08   1.31E-15
 4.75E+05   4.19E-05   1.26E-01   6.41E-01   0.00E+00   0.00E+00   1.93E-13   9.37E-08   3.30E-14
 6.25E+05   4.58E-05   1.28E-01   6.70E-01   0.00E+00   0.00E+00   2.54E-13   1.02E-07   5.46E-13
 7.75E+05   4.94E-05   1.31E-01   6.95E-01   0.00E+00   0.00E+00   3.31E-13   1.09E-07   6.24E-12
 9.25E+05   5.28E-05   1.33E-01   7.19E-01   0.00E+00   0.00E+00   4.31E-13   1.16E-07   5.16E-11
 1.08E+06   5.60E-05   1.35E-01   7.39E-01   0.00E+00   0.00E+00   5.68E-13   1.22E-07   3.18E-10
 1.22E+06   5.89E-05   1.37E-01   7.57E-01   0.00E+00   0.00E+00   7.57E-13   1.28E-07   1.43E-09
 1.38E+06   6.17E-05   1.39E-01   7.74E-01   0.00E+00   0.00E+00   1.01E-12   1.34E-07   5.02E-09
 1.52E+06   6.48E-05   1.41E-01   7.89E-01   0.00E+00   0.00E+00   1.35E-12   1.41E-07   1.50E-08
 1.68E+06   6.86E-05   1.43E-01   8.02E-01   0.00E+00   0.00E+00   1.80E-12   1.50E-07   4.07E-08
 1.82E+06   7.33E-05   1.45E-01   8.13E-01   0.00E+00   0.00E+00   2.40E-12   1.65E-07   1.03E-07
 1.98E+06   7.91E-05   1.46E-01   8.22E-01   0.00E+00   0.00E+00   3.20E-12   1.91E-07   2.45E-07
 2.12E+06   8.64E-05   1.47E-01   8.28E-01   0.00E+00   0.00E+00   4.26E-12   2.38E-07   5.50E-07
 2.28E+06   9.55E-05   1.47E-01   8.33E-01   0.00E+00   0.00E+00   5.69E-12   3.22E-07   1.16E-06
 2.42E+06   1.07E-04   1.48E-01   8.36E-01   0.00E+00   0.00E+00   7.61E-12   4.68E-07   2.31E-06
 2.58E+06   1.20E-04   1.48E-01   8.39E-01   0.00E+00   0.00E+00   1.02E-11   7.08E-07   4.31E-06
 2.72E+06   1.37E-04   1.49E-01   8.41E-01   0.00E+00   0.00E+00   1.37E-11   1.08E-06   7.61E-06
 2.88E+06   1.57E-04   1.49E-01   8.43E-01   0.00E+00   0.00E+00   1.86E-11   1.62E-06   1.27E-05
 3.02E+06   1.82E-04   1.49E-01   8.44E-01   0.00E+00   0.00E+00   2.52E-11   2.36E-06   2.01E-05
 3.18E+06   2.10E-04   1.49E-01   8.45E-01   0.00E+00   0.00E+00   3.43E-11   3.31E-06   3.03E-05
 3.32E+06   2.43E-04   1.49E-01   8.46E-01   0.00E+00   0.00E+00   4.66E-11   4.45E-06   4.37E-05
 3.48E+06   2.78E-04   1.49E-01   8.46E-01   0.00E+00   0.00E+00   6.33E-11   5.76E-06   6.05E-05
 3.62E+06   3.16E-04   1.50E-01   8.47E-01   0.00E+00   0.00E+00   8.57E-11   7.23E-06   8.09E-05
 3.78E+06   3.54E-04   1.50E-01   8.47E-01   0.00E+00   0.00E+00   1.16E-10   8.81E-06   1.05E-04
 3.92E+06   3.91E-04   1.50E-01   8.48E-01   0.00E+00   0.00E+00   1.56E-10   1.05E-05   1.31E-04
 4.08E+06   4.26E-04   1.50E-01   8.48E-01   0.00E+00   0.00E+00   2.08E-10   1.21E-05   1.59E-04
 4.22E+06   4.56E-04   1.50E-01   8.48E-01   0.00E+00   0.00E+00   2.76E-10   1.37E-05   1.86E-04
 4.38E+06   4.81E-04   1.50E-01   8.48E-01   0.00E+00   0.00E+00   3.61E-10   1.52E-05   2.10E-04
 4.52E+06   5.02E-04   1.50E-01   8.48E-01   0.00E+00   0.00E+00   4.66E-10   1.64E-05   2.31E-04
 4.68E+06   5.18E-04   1.50E-01   8.48E-01   0.00E+00   0.00E+00   5.93E-10   1.75E-05   2.48E-04
 4.82E+06   5.30E-04   1.50E-01   8.48E-01   0.00E+00   0.00E+00   7.47E-10   1.83E-05   2.61E-04
 4.98E+06   5.40E-04   1.50E-01   8.48E-01   0.00E+00   0.00E+00   9.34E-10   1.90E-05   2.71E-04
 5.12E+06   5.46E-04   1.50E-01   8.48E-01   0.00E+00   0.00E+00   1.16E-09   1.95E-05   2.79E-04
 5.28E+06   5.51E-04   1.50E-01   8.48E-01   0.00E+00   0.00E+00   1.44E-09   1.99E-05   2.85E-04
 5.42E+06   5.55E-04   1.50E-01   8.49E-01   0.00E+00   0.00E+00   1.77E-09   2.03E-05   2.89E-04
 5.58E+06   5.57E-04   1.50E-01   8.49E-01   0.00E+00   0.00E+00   2.18E-09   2.05E-05   2.93E-04
 5.72E+06   5.59E-04   1.50E-01   8.49E-01   0.00E+00   0.00E+00   2.69E-09   2.07E-05   2.95E-04
 5.88E+06   5.60E-04   1.50E-01   8.49E-01   0.00E+00   0.00E+00   3.31E-09   2.09E-05   2.97E-04
 6.02E+06   5.61E-04   1.50E-01   8.49E-01   0.00E+00   0.00E+00   4.07E-09   2.10E-05   2.99E-04
 6.18E+06   5.61E-04   1.50E-01   8.49E-01   0.00E+00   0.00E+00   5.02E-09   2.11E-05   3.00E-04
 6.32E+06   5.62E-04   1.50E-01   8.49E-01   0.00E+00   0.00E+00   6.20E-09   2.12E-05   3.01E-04
 6.48E+06   5.62E-04   1.50E-01   8.49E-01   0.00E+00   0.00E+00   7.67E-09   2.13E-05   3.01E-04
 6.62E+06   5.62E-04   1.50E-01   8.49E-01   0.00E+00   0.00E+00   9.49E-09   2.14E-05   3.02E-04
 6.78E+06   5.62E-04   1.50E-01   8.49E-01   0.00E+00   0.00E+00   1.18E-08   2.14E-05   3.02E-04
 6.92E+06   5.63E-04   1.50E-01   8.49E-01   0.00E+00   0.00E+00   1.46E-08   2.15E-05   3.03E-04
 7.08E+06   5.63E-04   1.50E-01   8.49E-01   0.00E+00   0.00E+00   1.82E-08   2.16E-05   3.03E-04
 7.22E+06   5.63E-04   1.50E-01   8.49E-01   0.00E+00   0.00E+00   2.28E-08   2.16E-05   3.03E-04
 7.38E+06   5.63E-04   1.50E-01   8.49E-01   0.00E+00   0.00E+00   2.85E-08   2.17E-05   3.04E-04
 7.52E+06   5.63E-04   1.50E-01   8.49E-01   0.00E+00   0.00E+00   3.58E-08   2.18E-05   3.04E-04
 7.68E+06   5.63E-04   1.50E-01   8.49E-01   0.00E+00   0.00E+00   4.49E-08   2.18E-05   3.04E-04
 7.82E+06   5.63E-04   1.50E-01   8.49E-01   0.00E+00   0.00E+00   5.65E-08   2.19E-05   3.04E-04
 7.98E+06   5.63E-04   1.50E-01   8.49E-01   0.00E+00   0.00E+00   7.09E-08   2.19E-05   3.05E-04
 8.12E+06   5.63E-04   1.50E-01   8.49E-01   0.00E+00   0.00E+00   8.90E-08   2.20E-05   3.05E-04
 8.28E+06   5.63E-04   1.50E-01   8.49E-01   0.00E+00   0.00E+00   1.12E-07   2.21E-05   3.05E-04
 8.42E+06   5.63E-04   1.50E-01   8.49E-01   0.00E+00   0.00E+00   1.40E-07   2.21E-05   3.05E-04
 8.58E+06   5.63E-04   1.50E-01   8.49E-01   0.00E+00   0.00E+00   1.76E-07   2.22E-05   3.06E-04
 8.72E+06   5.63E-04   1.50E-01   8.49E-01   0.00E+00   0.00E+00   2.21E-07   2.23E-05   3.06E-04
 8.88E+06   5.63E-04   1.50E-01   8.49E-01   0.00E+00   0.00E+00   2.77E-07   2.23E-05   3.06E-04
 9.02E+06   5.63E-04   1.50E-01   8.49E-01   0.00E+00   0.00E+00   3.47E-07   2.24E-05   3.06E-04
 9.18E+06   5.63E-04   1.50E-01   8.49E-01   0.00E+00   0.00E+00   4.35E-07   2.25E-05   3.07E-04
 9.32E+06   5.63E-04   1.50E-01   8.49E-01   0.00E+00   0.00E+00   5.45E-07   2.26E-05   3.07E-04
 9.48E+06   5.63E-04   1.50E-01   8.49E-01   0.00E+00   0.00E+00   6.82E-07   2.26E-05   3.07E-04
 9.62E+06   5.63E-04   1.50E-01   8.49E-01   0.00E+00   0.00E+00   8.53E-07   2.27E-05   3.07E-04
 9.78E+06   5.63E-04   1.50E-01   8.49E-01   0.00E+00   0.00E+00   1.07E-06   2.29E-05   3.07E-04
 9.92E+06   5.63E-04   1.50E-01   8.49E-01   0.00E+00   0.00E+00   1.33E-06   2.34E-05   3.07E-04

     Z      POCS       PNO3_NO    PNO3_NO2   PN2O       PHO2NO2_NO2PHO2NO2_NO3PN2O5_NO2  PN2O5_NO   
 2.50E+04   9.93E-12   1.06E-02   8.31E-02   7.59E-22   1.49E-06   3.72E-07   3.09E-10   9.97E-06
 1.75E+05   1.19E-11   1.08E-02   8.46E-02   5.41E-20   1.73E-06   4.33E-07   3.87E-10   1.14E-05
 3.25E+05   1.36E-11   1.10E-02   8.59E-02   2.63E-18   1.95E-06   4.89E-07   4.65E-10   1.27E-05
 4.75E+05   1.53E-11   1.12E-02   8.69E-02   7.68E-17   2.16E-06   5.39E-07   5.44E-10   1.39E-05
 6.25E+05   1.69E-11   1.14E-02   8.76E-02   1.37E-15   2.34E-06   5.86E-07   6.27E-10   1.50E-05
 7.75E+05   1.85E-11   1.15E-02   8.80E-02   1.62E-14   2.51E-06   6.29E-07   7.23E-10   1.60E-05
 9.25E+05   2.08E-11   1.17E-02   8.81E-02   1.35E-13   2.67E-06   6.68E-07   8.74E-10   1.69E-05
 1.08E+06   2.69E-11   1.19E-02   8.86E-02   8.46E-13   2.82E-06   7.05E-07   1.31E-09   1.77E-05
 1.22E+06   4.76E-11   1.20E-02   8.95E-02   3.96E-12   2.95E-06   7.37E-07   2.87E-09   1.84E-05
 1.38E+06   1.10E-10   1.21E-02   9.05E-02   1.44E-11   3.08E-06   7.69E-07   7.76E-09   1.91E-05
 1.52E+06   2.80E-10   1.23E-02   9.18E-02   4.42E-11   3.21E-06   8.03E-07   2.14E-08   1.97E-05
 1.68E+06   7.17E-10   1.24E-02   9.30E-02   1.21E-10   3.38E-06   8.45E-07   5.60E-08   2.04E-05
 1.82E+06   1.80E-09   1.26E-02   9.40E-02   3.07E-10   3.59E-06   8.98E-07   1.39E-07   2.11E-05
 1.98E+06   4.38E-09   1.27E-02   9.50E-02   7.27E-10   3.88E-06   9.73E-07   3.26E-07   2.19E-05
 2.12E+06   1.02E-08   1.27E-02   9.57E-02   1.61E-09   4.31E-06   1.09E-06   7.20E-07   2.27E-05
 2.28E+06   2.29E-08   1.28E-02   9.64E-02   3.32E-09   4.98E-06   1.26E-06   1.49E-06   2.37E-05
 2.42E+06   4.88E-08   1.29E-02   9.69E-02   6.38E-09   6.01E-06   1.54E-06   2.88E-06   2.48E-05
 2.58E+06   9.94E-08   1.29E-02   9.74E-02   1.14E-08   7.57E-06   1.96E-06   5.21E-06   2.60E-05
 2.72E+06   1.93E-07   1.29E-02   9.79E-02   1.91E-08   9.87E-06   2.59E-06   8.86E-06   2.74E-05
 2.88E+06   3.59E-07   1.29E-02   9.84E-02   3.00E-08   1.31E-05   3.47E-06   1.42E-05   2.91E-05
 3.02E+06   6.37E-07   1.30E-02   9.89E-02   4.42E-08   1.74E-05   4.65E-06   2.13E-05   3.09E-05
 3.18E+06   1.08E-06   1.30E-02   9.94E-02   6.18E-08   2.30E-05   6.16E-06   3.05E-05   3.30E-05
 3.32E+06   1.75E-06   1.30E-02   9.99E-02   8.24E-08   2.97E-05   8.00E-06   4.15E-05   3.53E-05
 3.48E+06   2.70E-06   1.30E-02   1.00E-01   1.05E-07   3.78E-05   1.02E-05   5.41E-05   3.78E-05
 3.62E+06   4.00E-06   1.30E-02   1.01E-01   1.29E-07   4.72E-05   1.27E-05   6.83E-05   4.05E-05
 3.78E+06   5.67E-06   1.30E-02   1.01E-01   1.54E-07   5.82E-05   1.56E-05   8.41E-05   4.33E-05
 3.92E+06   7.65E-06   1.30E-02   1.02E-01   1.78E-07   7.13E-05   1.91E-05   1.01E-04   4.64E-05
 4.08E+06   9.80E-06   1.30E-02   1.02E-01   2.00E-07   8.65E-05   2.30E-05   1.20E-04   4.97E-05
 4.22E+06   1.19E-05   1.30E-02   1.02E-01   2.19E-07   1.03E-04   2.73E-05   1.39E-04   5.29E-05
 4.38E+06   1.38E-05   1.30E-02   1.02E-01   2.35E-07   1.19E-04   3.15E-05   1.58E-04   5.60E-05
 4.52E+06   1.55E-05   1.30E-02   1.02E-01   2.47E-07   1.34E-04   3.54E-05   1.75E-04   5.87E-05
 4.68E+06   1.68E-05   1.30E-02   1.02E-01   2.58E-07   1.47E-04   3.87E-05   1.89E-04   6.09E-05
 4.82E+06   1.79E-05   1.30E-02   1.01E-01   2.68E-07   1.58E-04   4.15E-05   2.01E-04   6.27E-05
 4.98E+06   1.87E-05   1.30E-02   1.01E-01   2.76E-07   1.66E-04   4.37E-05   2.11E-04   6.40E-05
 5.12E+06   1.93E-05   1.30E-02   1.01E-01   2.84E-07   1.73E-04   4.54E-05   2.19E-04   6.50E-05
 5.28E+06   1.97E-05   1.30E-02   1.01E-01   2.91E-07   1.78E-04   4.67E-05   2.25E-04   6.58E-05
 5.42E+06   2.01E-05   1.30E-02   1.01E-01   2.98E-07   1.81E-04   4.77E-05   2.29E-04   6.63E-05
 5.58E+06   2.03E-05   1.30E-02   1.01E-01   3.04E-07   1.84E-04   4.84E-05   2.33E-04   6.67E-05
 5.72E+06   2.05E-05   1.30E-02   1.00E-01   3.10E-07   1.86E-04   4.90E-05   2.36E-04   6.70E-05
 5.88E+06   2.06E-05   1.30E-02   1.00E-01   3.16E-07   1.88E-04   4.94E-05   2.39E-04   6.72E-05
 6.02E+06   2.07E-05   1.30E-02   1.00E-01   3.21E-07   1.89E-04   4.98E-05   2.41E-04   6.73E-05
 6.18E+06   2.08E-05   1.30E-02   9.98E-02   3.26E-07   1.90E-04   5.00E-05   2.42E-04   6.74E-05
 6.32E+06   2.08E-05   1.31E-02   9.96E-02   3.30E-07   1.90E-04   5.02E-05   2.44E-04   6.75E-05
 6.48E+06   2.09E-05   1.31E-02   9.94E-02   3.35E-07   1.91E-04   5.03E-05   2.45E-04   6.75E-05
 6.62E+06   2.09E-05   1.31E-02   9.92E-02   3.41E-07   1.91E-04   5.04E-05   2.47E-04   6.75E-05
 6.78E+06   2.10E-05   1.31E-02   9.90E-02   3.48E-07   1.91E-04   5.05E-05   2.48E-04   6.76E-05
 6.92E+06   2.10E-05   1.31E-02   9.88E-02   3.60E-07   1.91E-04   5.06E-05   2.49E-04   6.76E-05
 7.08E+06   2.11E-05   1.31E-02   9.86E-02   3.77E-07   1.91E-04   5.06E-05   2.50E-04   6.76E-05
 7.22E+06   2.12E-05   1.31E-02   9.84E-02   4.02E-07   1.92E-04   5.07E-05   2.51E-04   6.76E-05
 7.38E+06   2.14E-05   1.31E-02   9.83E-02   4.35E-07   1.92E-04   5.07E-05   2.53E-04   6.76E-05
 7.52E+06   2.15E-05   1.31E-02   9.83E-02   4.76E-07   1.92E-04   5.07E-05   2.54E-04   6.76E-05
 7.68E+06   2.17E-05   1.31E-02   9.83E-02   5.21E-07   1.92E-04   5.08E-05   2.56E-04   6.76E-05
 7.82E+06   2.19E-05   1.31E-02   9.83E-02   5.68E-07   1.92E-04   5.08E-05   2.58E-04   6.76E-05
 7.98E+06   2.21E-05   1.31E-02   9.83E-02   6.16E-07   1.92E-04   5.08E-05   2.60E-04   6.76E-05
 8.12E+06   2.23E-05   1.31E-02   9.83E-02   6.63E-07   1.92E-04   5.08E-05   2.61E-04   6.76E-05
 8.28E+06   2.25E-05   1.31E-02   9.83E-02   7.10E-07   1.92E-04   5.08E-05   2.63E-04   6.76E-05
 8.42E+06   2.28E-05   1.31E-02   9.83E-02   7.59E-07   1.92E-04   5.08E-05   2.65E-04   6.76E-05
 8.58E+06   2.30E-05   1.31E-02   9.83E-02   8.13E-07   1.92E-04   5.08E-05   2.67E-04   6.76E-05
 8.72E+06   2.33E-05   1.31E-02   9.83E-02   8.77E-07   1.92E-04   5.08E-05   2.68E-04   6.76E-05
 8.88E+06   2.36E-05   1.31E-02   9.83E-02   9.54E-07   1.92E-04   5.08E-05   2.70E-04   6.76E-05
 9.02E+06   2.39E-05   1.31E-02   9.83E-02   1.05E-06   1.92E-04   5.08E-05   2.72E-04   6.76E-05
 9.18E+06   2.44E-05   1.31E-02   9.83E-02   1.17E-06   1.92E-04   5.08E-05   2.74E-04   6.76E-05
 9.32E+06   2.49E-05   1.31E-02   9.83E-02   1.31E-06   1.92E-04   5.09E-05   2.76E-04   6.76E-05
 9.48E+06   2.56E-05   1.31E-02   9.83E-02   1.48E-06   1.92E-04   5.09E-05   2.78E-04   6.76E-05
 9.62E+06   2.67E-05   1.31E-02   9.83E-02   1.65E-06   1.92E-04   5.09E-05   2.81E-04   6.76E-05
 9.78E+06   2.84E-05   1.31E-02   9.83E-02   1.86E-06   1.92E-04   5.09E-05   2.84E-04   6.76E-05
 9.92E+06   3.23E-05   1.31E-02   9.83E-02   2.11E-06   1.92E-04   5.09E-05   2.90E-04   6.76E-05
 N =    1  EMAX = 1.35E-04 FOR H       AT Z = 1.02E+06 U = 1.91E-20 RHS = 2.58E-24  DT = 5.00E-06  TIME = 1.00E-06
 N =    2  EMAX = 2.23E-04 FOR H       AT Z = 1.02E+06 U = 1.91E-20 RHS = 4.26E-24  DT = 2.50E-05  TIME = 6.00E-06
 N =    3  EMAX = 1.69E-04 FOR CH3     AT Z = 2.38E+06 U = 3.11E-20 RHS =-5.25E-24  DT = 1.25E-04  TIME = 3.10E-05
 N =    4  EMAX = 3.40E-04 FOR O       AT Z = 1.02E+06 U = 1.33E-15 RHS = 4.51E-19  DT = 6.25E-04  TIME = 1.56E-04
 N =    5  EMAX = 2.40E-04 FOR O       AT Z = 1.02E+06 U = 1.33E-15 RHS = 3.19E-19  DT = 3.13E-03  TIME = 7.81E-04
 N =    6  EMAX = 1.66E-04 FOR HCO     AT Z = 6.92E+06 U = 1.66E-17 RHS = 2.75E-21  DT = 1.56E-02  TIME = 3.91E-03
 N =    7  EMAX = 6.24E-04 FOR SO3     AT Z = 1.08E+06 U = 1.29E-16 RHS =-8.07E-20  DT = 6.25E-02  TIME = 1.95E-02
 N =    8  EMAX = 2.04E-03 FOR SO3     AT Z = 1.08E+06 U = 1.29E-16 RHS =-2.63E-19  DT = 1.88E-01  TIME = 8.20E-02
 N =    9  EMAX = 3.65E-03 FOR SO3     AT Z = 1.08E+06 U = 1.29E-16 RHS =-4.70E-19  DT = 5.62E-01  TIME = 2.70E-01
 N =   10  EMAX = 3.62E-03 FOR SO3     AT Z = 1.08E+06 U = 1.28E-16 RHS =-4.65E-19  DT = 1.69E+00  TIME = 8.32E-01
 N =   11  EMAX = 1.53E-03 FOR SO3     AT Z = 1.08E+06 U = 1.28E-16 RHS =-1.96E-19  DT = 5.06E+00  TIME = 2.52E+00
 N =   12  EMAX = 9.40E-04 FOR SO3     AT Z = 1.78E+06 U = 1.97E-15 RHS =-1.85E-18  DT = 2.02E+01  TIME = 7.58E+00
 N =   13  EMAX = 1.23E-03 FOR SO3     AT Z = 2.02E+06 U = 1.46E-15 RHS =-1.79E-18  DT = 6.08E+01  TIME = 2.78E+01
 N =   14  EMAX = 1.18E-03 FOR SO3     AT Z = 2.32E+06 U = 6.09E-16 RHS =-7.16E-19  DT = 1.82E+02  TIME = 8.86E+01
 N =   15  EMAX = 1.15E-03 FOR SO3     AT Z = 2.58E+06 U = 3.08E-16 RHS =-3.55E-19  DT = 5.47E+02  TIME = 2.71E+02
 N =   16  EMAX = 1.12E-03 FOR SO3     AT Z = 2.78E+06 U = 1.76E-16 RHS =-1.97E-19  DT = 1.64E+03  TIME = 8.18E+02
 N =   17  EMAX = 1.07E-03 FOR SO3     AT Z = 2.98E+06 U = 1.07E-16 RHS =-1.15E-19  DT = 4.92E+03  TIME = 2.46E+03
 N =   18  EMAX = 9.75E-04 FOR SO3     AT Z = 3.18E+06 U = 7.57E-17 RHS =-7.38E-20  DT = 1.97E+04  TIME = 7.38E+03
 N =   19  EMAX = 1.09E-03 FOR HO2NO2  AT Z = 7.98E+06 U = 1.35E-20 RHS =-1.48E-23  DT = 5.90E+04  TIME = 2.71E+04
 N =   20  EMAX = 1.11E-03 FOR H2SO4   AT Z = 2.88E+06 U = 1.22E-13 RHS =-1.35E-16  DT = 1.77E+05  TIME = 8.61E+04
 N =   21  EMAX = 9.19E-04 FOR N       AT Z = 8.58E+06 U = 2.52E-09 RHS = 2.32E-12  DT = 7.09E+05  TIME = 2.63E+05
 N =   22  EMAX = 7.53E-04 FOR N       AT Z = 8.62E+06 U = 3.65E-09 RHS = 2.75E-12  DT = 2.83E+06  TIME = 9.72E+05
 N =   23  EMAX = 6.42E-04 FOR H2SO4   AT Z = 3.08E+06 U = 2.88E-13 RHS =-1.85E-16  DT = 1.13E+07  TIME = 3.81E+06
 N =   24  EMAX = 1.34E-03 FOR H2S     AT Z = 1.98E+06 U = 1.03E-20 RHS =-1.38E-23  DT = 3.40E+07  TIME = 1.51E+07
 N =   25  EMAX = 1.70E-03 FOR H2S     AT Z = 1.98E+06 U = 1.03E-20 RHS =-1.75E-23  DT = 1.02E+08  TIME = 4.92E+07
 N =   26  EMAX = 2.37E-03 FOR SO      AT Z = 7.82E+06 U = 2.23E-16 RHS =-5.30E-19  DT = 3.06E+08  TIME = 1.51E+08
 N =   27  EMAX = 2.45E-03 FOR SO      AT Z = 7.82E+06 U = 2.22E-16 RHS =-5.45E-19  DT = 9.18E+08  TIME = 4.57E+08
 N =   28  EMAX = 1.08E-03 FOR SO      AT Z = 7.82E+06 U = 2.22E-16 RHS =-2.40E-19  DT = 2.75E+09  TIME = 1.38E+09
 N =   29  EMAX = 2.32E-04 FOR H2SO4   AT Z = 2.88E+06 U = 1.22E-13 RHS =-2.82E-17  DT = 1.38E+10  TIME = 4.13E+09
 N =   30  EMAX = 3.59E-05 FOR H2SO4   AT Z = 2.88E+06 U = 1.22E-13 RHS =-4.36E-18  DT = 6.89E+10  TIME = 1.79E+10
 N =   31  EMAX = 6.30E-06 FOR CO2     AT Z = 3.12E+06 U = 2.00E-04 RHS = 1.26E-09  DT = 3.44E+11  TIME = 8.68E+10
 N =   32  EMAX = 1.49E-06 FOR CO2     AT Z = 3.18E+06 U = 2.00E-04 RHS = 2.98E-10  DT = 1.72E+12  TIME = 4.31E+11
 N =   33  EMAX = 2.44E-07 FOR H2S     AT Z = 1.98E+06 U = 1.03E-20 RHS =-2.51E-27  DT = 8.61E+12  TIME = 2.15E+12
 N =   34  EMAX = 1.54E-07 FOR SO4AER  AT Z = 3.12E+06 U = 7.81E-10 RHS =-1.21E-16  DT = 4.30E+13  TIME = 1.08E+13
 N =   35  EMAX = 5.71E-08 FOR H2S     AT Z = 1.98E+06 U = 1.03E-20 RHS = 5.87E-28  DT = 2.15E+14  TIME = 5.38E+13
 N =   36  EMAX = 2.32E-08 FOR SO4AER  AT Z = 4.98E+06 U = 2.67E-11 RHS = 6.19E-19  DT = 1.08E+15  TIME = 2.69E+14
 N =   37  EMAX = 9.44E-09 FOR SO4AER  AT Z = 3.02E+06 U = 8.92E-10 RHS =-8.42E-18  DT = 5.38E+15  TIME = 1.35E+15
 N =   38  EMAX = 2.74E-09 FOR H2S     AT Z = 1.98E+06 U = 1.03E-20 RHS = 2.82E-29  DT = 2.69E+16  TIME = 6.73E+15
 N =   39  EMAX = 1.44E-09 FOR SO4AER  AT Z = 4.98E+06 U = 2.67E-11 RHS = 3.84E-20  DT = 1.35E+17  TIME = 3.36E+16
 N =   40  EMAX = 1.82E-10 FOR H2S     AT Z = 1.98E+06 U = 1.03E-20 RHS =-1.87E-30  DT = 6.73E+17  TIME = 1.68E+17

 ENERGY FLUXES IN W/m2/nm (NOT DIURNALLY AVERAGED)

  L   WAV      TAUR      EFLUX     GFLUX     S(1)
   1 1177.2  1.032E+02 5.413E-05 0.000E+00 0.000E+00
   2 1178.6  1.025E+02 4.768E-05 0.000E+00 0.000E+00
   3 1179.9  1.019E+02 4.123E-05 0.000E+00 0.000E+00
   4 1181.3  1.013E+02 3.455E-05 0.000E+00 0.000E+00
   5 1182.7  1.006E+02 2.786E-05 0.000E+00 0.000E+00
   6 1184.1  9.998E+01 2.117E-05 0.000E+00 0.000E+00
   7 1185.5  9.935E+01 1.899E-05 0.000E+00 0.000E+00
   8 1186.9  9.872E+01 2.442E-05 0.000E+00 0.000E+00
   9 1188.3  9.809E+01 3.017E-05 0.000E+00 0.000E+00
  10 1189.8  9.743E+01 3.593E-05 0.000E+00 0.000E+00
  11 1191.2  9.681E+01 4.149E-05 0.000E+00 0.000E+00
  12 1192.6  9.620E+01 4.704E-05 0.000E+00 0.000E+00
  13 1194.0  9.559E+01 5.260E-05 0.000E+00 0.000E+00
  14 1195.5  9.499E+01 5.608E-05 0.000E+00 0.000E+00
  15 1196.9  9.435E+01 5.512E-05 0.000E+00 0.000E+00
  16 1198.3  9.376E+01 5.891E-05 0.000E+00 0.000E+00
  17 1199.8  9.318E+01 6.400E-05 0.000E+00 0.000E+00
  18 1201.2  9.255E+01 5.848E-05 0.000E+00 0.000E+00
  19 1202.7  9.198E+01 5.851E-05 0.000E+00 0.000E+00
  20 1204.1  9.136E+01 1.550E-04 0.000E+00 0.000E+00
  21 1205.5  9.079E+01 3.814E-04 0.000E+00 0.000E+00
  22 1207.0  9.019E+01 3.958E-04 0.000E+00 0.000E+00
  23 1208.5  8.963E+01 1.820E-04 0.000E+00 0.000E+00
  24 1210.0  8.904E+01 1.014E-04 0.000E+00 0.000E+00
  25 1211.4  8.845E+01 2.778E-04 0.000E+00 0.000E+00
  26 1212.8  8.790E+01 4.063E-03 0.000E+00 0.000E+00
  27 1214.3  8.732E+01 1.837E-02 0.000E+00 0.000E+00
  28 1215.8  8.675E+01 2.550E-02 0.000E+00 0.000E+00
  29 1217.2  8.622E+01 1.269E-02 0.000E+00 0.000E+00
  30 1218.8  8.565E+01 1.953E-03 0.000E+00 0.000E+00
  31 1220.2  8.509E+01 2.304E-04 0.000E+00 0.000E+00
  32 1221.8  8.453E+01 9.415E-05 0.000E+00 0.000E+00
  33 1223.2  8.398E+01 6.190E-05 0.000E+00 0.000E+00
  34 1224.8  8.343E+01 4.859E-05 0.000E+00 0.000E+00
  35 1226.2  8.289E+01 4.298E-05 0.000E+00 0.000E+00
  36 1227.8  8.235E+01 4.077E-05 0.000E+00 0.000E+00
  37 1229.2  8.182E+01 3.730E-05 0.000E+00 0.000E+00
  38 1230.8  8.129E+01 3.304E-05 0.000E+00 0.000E+00
  39 1232.2  8.076E+01 3.085E-05 0.000E+00 0.000E+00
  40 1233.8  8.024E+01 3.007E-05 0.000E+00 0.000E+00
  41 1235.3  7.969E+01 3.114E-05 0.000E+00 0.000E+00
  42 1236.8  7.918E+01 4.785E-05 0.000E+00 0.000E+00
  43 1238.4  7.867E+01 6.985E-05 0.000E+00 0.000E+00
  44 1240.0  7.813E+01 5.861E-05 0.000E+00 0.000E+00
  45 1241.5  7.763E+01 4.901E-05 0.000E+00 0.000E+00
  46 1243.0  7.713E+01 4.753E-05 0.000E+00 0.000E+00
  47 1244.5  7.661E+01 3.176E-05 0.000E+00 0.000E+00
  48 1246.1  7.612E+01 2.375E-05 0.000E+00 0.000E+00
  49 1247.7  7.560E+01 2.316E-05 0.000E+00 0.000E+00
  50 1249.2  7.512E+01 2.327E-05 0.000E+00 0.000E+00
  51 1250.8  7.461E+01 2.382E-05 0.000E+00 0.000E+00
  52 1252.3  7.411E+01 2.661E-05 0.000E+00 0.000E+00
  53 1253.9  7.364E+01 3.071E-05 0.000E+00 0.000E+00
  54 1255.5  7.315E+01 3.062E-05 0.000E+00 0.000E+00
  55 1257.1  7.266E+01 3.412E-05 0.000E+00 0.000E+00
  56 1258.7  7.217E+01 4.922E-05 0.000E+00 0.000E+00
  57 1260.2  7.172E+01 5.734E-05 0.000E+00 0.000E+00
  58 1261.8  7.124E+01 4.188E-05 0.000E+00 0.000E+00
  59 1263.4  7.076E+01 5.704E-05 0.000E+00 0.000E+00
  60 1265.0  7.029E+01 8.211E-05 0.000E+00 0.000E+00
  61 1266.6  6.982E+01 5.035E-05 0.000E+00 0.000E+00
  62 1268.2  6.936E+01 2.200E-05 0.000E+00 0.000E+00
  63 1269.8  6.890E+01 1.766E-05 0.000E+00 0.000E+00
  64 1271.4  6.844E+01 1.748E-05 0.000E+00 0.000E+00
  65 1273.1  6.796E+01 2.007E-05 0.000E+00 0.000E+00
  66 1274.7  6.751E+01 2.742E-05 0.000E+00 0.000E+00
  67 1276.3  6.707E+01 3.156E-05 0.000E+00 0.000E+00
  68 1277.9  6.663E+01 3.090E-05 0.000E+00 0.000E+00
  69 1279.6  6.616E+01 2.813E-05 0.000E+00 0.000E+00
  70 1281.2  6.573E+01 2.158E-05 0.000E+00 0.000E+00
  71 1282.9  6.527E+01 1.577E-05 0.000E+00 0.000E+00
  72 1284.5  6.485E+01 1.463E-05 0.000E+00 0.000E+00
  73 1286.2  6.443E+01 1.767E-05 0.000E+00 0.000E+00
  74 1287.8  6.398E+01 2.579E-05 0.000E+00 0.000E+00
  75 1289.5  6.354E+01 2.603E-05 0.000E+00 0.000E+00
  76 1291.2  6.313E+01 1.933E-05 0.000E+00 0.000E+00
  77 1292.8  6.269E+01 1.789E-05 0.000E+00 0.000E+00
  78 1294.5  6.226E+01 2.386E-05 0.000E+00 0.000E+00
  79 1296.2  6.186E+01 2.750E-05 0.000E+00 0.000E+00
  80 1297.8  6.144E+01 3.032E-05 0.000E+00 0.000E+00
  81 1299.6  6.102E+01 6.221E-05 0.000E+00 0.000E+00
  82 1301.2  6.060E+01 1.605E-04 0.000E+00 0.000E+00
  83 1302.9  6.019E+01 2.341E-04 0.000E+00 0.000E+00
  84 1304.7  5.978E+01 3.161E-04 0.000E+00 0.000E+00
  85 1306.3  5.938E+01 2.521E-04 0.000E+00 0.000E+00
  86 1308.1  5.897E+01 9.567E-05 0.000E+00 0.000E+00
  87 1309.8  5.858E+01 5.384E-05 0.000E+00 0.000E+00
  88 1311.4  5.818E+01 3.787E-05 0.000E+00 0.000E+00
  89 1313.2  5.779E+01 2.660E-05 0.000E+00 0.000E+00
  90 1314.9  5.738E+01 2.578E-05 0.000E+00 0.000E+00
  91 1316.7  5.699E+01 3.090E-05 0.000E+00 0.000E+00
  92 1318.4  5.661E+01 3.087E-05 0.000E+00 0.000E+00
  93 1320.2  5.621E+01 2.333E-05 0.000E+00 0.000E+00
  94 1321.9  5.583E+01 1.999E-05 0.000E+00 0.000E+00
  95 1323.7  5.544E+01 2.261E-05 0.000E+00 0.000E+00
  96 1325.4  5.507E+01 2.198E-05 0.000E+00 0.000E+00
  97 1327.2  5.468E+01 2.565E-05 0.000E+00 0.000E+00
  98 1328.9  5.432E+01 3.306E-05 0.000E+00 0.000E+00
  99 1330.7  5.394E+01 3.243E-05 0.000E+00 0.000E+00
 100 1332.4  5.356E+01 1.605E-04 0.000E+00 0.000E+00
 101 1334.2  5.321E+01 5.537E-04 0.000E+00 0.000E+00
 102 1336.0  5.284E+01 5.056E-04 0.000E+00 0.000E+00
 103 1337.8  5.247E+01 1.145E-04 0.000E+00 0.000E+00
 104 1339.6  5.211E+01 2.202E-05 0.000E+00 0.000E+00
 105 1341.4  5.175E+01 2.130E-05 0.000E+00 0.000E+00
 106 1343.2  5.139E+01 2.151E-05 0.000E+00 0.000E+00
 107 1345.0  5.103E+01 2.168E-05 0.000E+00 0.000E+00
 108 1346.8  5.068E+01 2.256E-05 0.000E+00 0.000E+00
 109 1348.6  5.033E+01 2.619E-05 0.000E+00 0.000E+00
 110 1350.5  4.999E+01 3.956E-05 0.000E+00 0.000E+00
 111 1352.3  4.962E+01 4.245E-05 0.000E+00 0.000E+00
 112 1354.1  4.928E+01 4.974E-05 0.000E+00 0.000E+00
 113 1356.0  4.895E+01 6.151E-05 0.000E+00 0.000E+00
 114 1357.8  4.859E+01 5.111E-05 0.000E+00 0.000E+00
 115 1359.6  4.826E+01 4.212E-05 0.000E+00 0.000E+00
 116 1361.5  4.794E+01 3.367E-05 0.000E+00 0.000E+00
 117 1363.3  4.759E+01 3.233E-05 0.000E+00 0.000E+00
 118 1365.2  4.725E+01 3.022E-05 0.000E+00 0.000E+00
 119 1367.0  4.693E+01 2.976E-05 0.000E+00 0.000E+00
 120 1369.0  4.660E+01 3.424E-05 0.000E+00 0.000E+00
 121 1370.8  4.627E+01 3.814E-05 0.000E+00 0.000E+00
 122 1372.7  4.596E+01 3.609E-05 0.000E+00 0.000E+00
 123 1374.5  4.563E+01 3.130E-05 0.000E+00 0.000E+00
 124 1376.5  4.531E+01 2.991E-05 0.000E+00 0.000E+00
 125 1378.3  4.499E+01 3.258E-05 0.000E+00 0.000E+00
 126 1380.2  4.467E+01 3.565E-05 0.000E+00 0.000E+00
 127 1382.2  4.436E+01 3.438E-05 0.000E+00 0.000E+00
 128 1384.0  4.404E+01 3.249E-05 0.000E+00 0.000E+00
 129 1386.0  4.374E+01 3.416E-05 0.000E+00 0.000E+00
 130 1388.0  4.341E+01 3.596E-05 0.000E+00 0.000E+00
 131 1389.8  4.311E+01 4.015E-05 0.000E+00 0.000E+00
 132 1391.8  4.281E+01 1.225E-04 0.000E+00 0.000E+00
 133 1393.8  4.250E+01 2.103E-04 0.000E+00 0.000E+00
 134 1395.7  4.220E+01 1.132E-04 0.000E+00 0.000E+00
 135 1397.6  4.191E+01 4.745E-05 0.000E+00 0.000E+00
 136 1399.6  4.160E+01 6.685E-05 0.000E+00 0.000E+00
 137 1401.5  4.130E+01 1.299E-04 0.000E+00 0.000E+00
 138 1403.5  4.102E+01 1.288E-04 0.000E+00 0.000E+00
 139 1405.5  4.072E+01 6.890E-05 0.000E+00 0.000E+00
 140 1407.5  4.042E+01 4.960E-05 0.000E+00 0.000E+00
 141 1409.5  4.013E+01 4.897E-05 0.000E+00 0.000E+00
 142 1411.4  3.986E+01 5.215E-05 0.000E+00 0.000E+00
 143 1413.4  3.957E+01 5.092E-05 0.000E+00 0.000E+00
 144 1415.4  3.929E+01 4.986E-05 0.000E+00 0.000E+00
 145 1417.4  3.901E+01 5.040E-05 0.000E+00 0.000E+00
 146 1419.5  3.873E+01 4.958E-05 0.000E+00 0.000E+00
 147 1421.5  3.844E+01 5.019E-05 0.000E+00 0.000E+00
 148 1423.5  3.816E+01 5.965E-05 0.000E+00 0.000E+00
 149 1425.5  3.789E+01 6.274E-05 0.000E+00 0.000E+00
 150 1427.5  3.762E+01 5.269E-05 0.000E+00 0.000E+00
 151 1429.6  3.734E+01 5.402E-05 0.000E+00 0.000E+00
 152 1431.7  3.708E+01 6.567E-05 0.000E+00 0.000E+00
 153 1433.7  3.680E+01 6.713E-05 0.000E+00 0.000E+00
 154 1435.8  3.655E+01 6.111E-05 0.000E+00 0.000E+00
 155 1437.8  3.628E+01 5.862E-05 0.000E+00 0.000E+00
 156 1439.8  3.602E+01 5.711E-05 0.000E+00 0.000E+00
 157 1442.0  3.576E+01 5.829E-05 0.000E+00 0.000E+00
 158 1444.0  3.549E+01 6.098E-05 0.000E+00 0.000E+00
 159 1446.2  3.523E+01 6.205E-05 0.000E+00 0.000E+00
 160 1448.2  3.498E+01 5.994E-05 0.000E+00 0.000E+00
 161 1450.3  3.472E+01 5.957E-05 0.000E+00 0.000E+00
 162 1452.5  3.447E+01 6.227E-05 0.000E+00 0.000E+00
 163 1454.5  3.422E+01 6.600E-05 0.000E+00 0.000E+00
 164 1456.7  3.397E+01 6.589E-05 0.000E+00 0.000E+00
 165 1458.8  3.372E+01 6.696E-05 0.000E+00 0.000E+00
 166 1461.0  3.347E+01 6.926E-05 0.000E+00 0.000E+00
 167 1463.0  3.323E+01 7.491E-05 0.000E+00 0.000E+00
 168 1465.2  3.299E+01 7.765E-05 0.000E+00 0.000E+00
 169 1467.3  3.274E+01 8.866E-05 0.000E+00 0.000E+00
 170 1469.5  3.250E+01 8.868E-05 0.000E+00 0.000E+00
 171 1471.7  3.226E+01 1.093E-04 0.000E+00 0.000E+00
 172 1473.8  3.202E+01 1.260E-04 0.000E+00 0.000E+00
 173 1476.0  3.179E+01 9.189E-05 0.000E+00 0.000E+00
 174 1478.2  3.155E+01 7.718E-05 0.000E+00 0.000E+00
 175 1480.4  3.132E+01 9.513E-05 0.000E+00 0.000E+00
 176 1482.6  3.108E+01 1.090E-04 0.000E+00 0.000E+00
 177 1484.8  3.085E+01 9.774E-05 0.000E+00 0.000E+00
 178 1487.0  3.063E+01 9.585E-05 0.000E+00 0.000E+00
 179 1489.2  3.040E+01 8.629E-05 0.000E+00 0.000E+00
 180 1491.4  3.017E+01 8.798E-05 0.000E+00 0.000E+00
 181 1493.7  2.995E+01 9.053E-05 0.000E+00 0.000E+00
 182 1495.9  2.972E+01 8.783E-05 0.000E+00 0.000E+00
 183 1498.2  2.951E+01 9.003E-05 0.000E+00 0.000E+00
 184 1500.4  2.928E+01 9.779E-05 0.000E+00 0.000E+00
 185 1502.7  2.907E+01 9.895E-05 0.000E+00 0.000E+00
 186 1504.9  2.884E+01 9.643E-05 0.000E+00 0.000E+00
 187 1507.2  2.863E+01 9.797E-05 0.000E+00 0.000E+00
 188 1509.4  2.842E+01 1.057E-04 0.000E+00 0.000E+00
 189 1511.8  2.820E+01 1.091E-04 0.000E+00 0.000E+00
 190 1514.1  2.799E+01 1.031E-04 0.000E+00 0.000E+00
 191 1516.3  2.778E+01 1.031E-04 0.000E+00 0.000E+00
 192 1518.7  2.757E+01 1.035E-04 0.000E+00 0.000E+00
 193 1520.9  2.736E+01 1.071E-04 0.000E+00 0.000E+00
 194 1523.2  2.716E+01 1.179E-04 0.000E+00 0.000E+00
 195 1525.6  2.695E+01 1.600E-04 0.000E+00 0.000E+00
 196 1527.9  2.675E+01 1.577E-04 0.000E+00 0.000E+00
 197 1530.2  2.654E+01 1.299E-04 0.000E+00 0.000E+00
 198 1532.6  2.635E+01 1.766E-04 0.000E+00 0.000E+00
 199 1534.9  2.615E+01 1.678E-04 0.000E+00 0.000E+00
 200 1537.3  2.595E+01 1.354E-04 0.000E+00 0.000E+00
 201 1539.7  2.575E+01 1.384E-04 0.000E+00 0.000E+00
 202 1542.0  2.556E+01 1.408E-04 0.000E+00 0.000E+00
 203 1544.4  2.536E+01 1.459E-04 0.000E+00 0.000E+00
 204 1546.8  2.517E+01 3.516E-04 0.000E+00 0.000E+00
 205 1549.2  2.497E+01 4.828E-04 0.000E+00 0.000E+00
 206 1551.6  2.478E+01 2.998E-04 0.000E+00 0.000E+00
 207 1554.0  2.459E+01 1.518E-04 0.000E+00 0.000E+00
 208 1556.4  2.441E+01 1.538E-04 0.000E+00 0.000E+00
 209 1558.8  2.422E+01 2.564E-04 0.000E+00 0.000E+00
 210 1561.3  2.403E+01 2.890E-04 0.000E+00 0.000E+00
 211 1563.7  2.385E+01 1.903E-04 0.000E+00 0.000E+00
 212 1566.2  2.367E+01 1.711E-04 0.000E+00 0.000E+00
 213 1568.7  2.348E+01 1.946E-04 0.000E+00 0.000E+00
 214 1571.1  2.330E+01 1.993E-04 0.000E+00 0.000E+00
 215 1573.5  2.312E+01 2.187E-04 0.000E+00 0.000E+00
 216 1576.0  2.294E+01 2.004E-04 0.000E+00 0.000E+00
 217 1578.5  2.277E+01 1.707E-04 0.000E+00 0.000E+00
 218 1581.0  2.259E+01 1.771E-04 0.000E+00 0.000E+00
 219 1583.5  2.241E+01 1.776E-04 0.000E+00 0.000E+00
 220 1586.0  2.224E+01 1.916E-04 0.000E+00 0.000E+00
 221 1588.5  2.207E+01 1.992E-04 0.000E+00 0.000E+00
 222 1591.1  2.190E+01 1.891E-04 0.000E+00 0.000E+00
 223 1593.7  2.172E+01 1.969E-04 0.000E+00 0.000E+00
 224 1596.2  2.156E+01 1.861E-04 0.000E+00 0.000E+00
 225 1598.7  2.139E+01 1.789E-04 0.000E+00 0.000E+00
 226 1601.3  2.122E+01 2.093E-04 0.000E+00 0.000E+00
 227 1603.8  2.105E+01 2.073E-04 0.000E+00 0.000E+00
 228 1606.4  2.089E+01 2.038E-04 0.000E+00 0.000E+00
 229 1609.0  2.073E+01 2.312E-04 0.000E+00 0.000E+00
 230 1611.6  2.056E+01 2.644E-04 0.000E+00 0.000E+00
 231 1614.2  2.040E+01 2.544E-04 0.000E+00 0.000E+00
 232 1616.8  2.024E+01 2.298E-04 0.000E+00 0.000E+00
 233 1619.4  2.008E+01 2.476E-04 0.000E+00 0.000E+00
 234 1622.1  1.993E+01 2.793E-04 0.000E+00 0.000E+00
 235 1624.7  1.977E+01 2.934E-04 0.000E+00 0.000E+00
 236 1627.3  1.961E+01 2.898E-04 0.000E+00 0.000E+00
 237 1630.0  1.945E+01 2.857E-04 0.000E+00 0.000E+00
 238 1632.7  1.930E+01 3.076E-04 0.000E+00 0.000E+00
 239 1635.3  1.915E+01 3.009E-04 0.000E+00 0.000E+00
 240 1638.0  1.899E+01 3.555E-04 0.000E+00 0.000E+00
 241 1640.7  1.885E+01 4.226E-04 0.000E+00 0.000E+00
 242 1643.3  1.870E+01 3.455E-04 0.000E+00 0.000E+00
 243 1646.1  1.855E+01 3.101E-04 0.000E+00 0.000E+00
 244 1648.8  1.840E+01 3.060E-04 0.000E+00 0.000E+00
 245 1651.6  1.825E+01 2.994E-04 0.000E+00 0.000E+00
 246 1654.2  1.811E+01 4.522E-04 0.000E+00 0.000E+00
 247 1657.0  1.796E+01 8.233E-04 0.000E+00 0.000E+00
 248 1659.8  1.782E+01 5.530E-04 0.000E+00 0.000E+00
 249 1662.5  1.768E+01 3.785E-04 0.000E+00 0.000E+00
 250 1665.3  1.753E+01 3.720E-04 0.000E+00 0.000E+00
 251 1668.1  1.739E+01 3.955E-04 0.000E+00 0.000E+00
 252 1670.8  1.725E+01 4.912E-04 0.000E+00 0.000E+00
 253 1673.6  1.711E+01 4.275E-04 0.000E+00 0.000E+00
 254 1676.5  1.698E+01 4.123E-04 0.000E+00 0.000E+00
 255 1679.3  1.683E+01 4.218E-04 0.000E+00 0.000E+00
 256 1682.1  1.670E+01 4.298E-04 0.000E+00 0.000E+00
 257 1684.9  1.656E+01 4.870E-04 0.000E+00 0.000E+00
 258 1687.8  1.643E+01 5.413E-04 0.000E+00 0.000E+00
 259 1690.6  1.630E+01 5.700E-04 0.000E+00 0.000E+00
 260 1693.5  1.617E+01 6.138E-04 0.000E+00 0.000E+00
 261 1696.3  1.603E+01 6.693E-04 0.000E+00 0.000E+00
 262 1699.2  1.590E+01 6.997E-04 0.000E+00 0.000E+00
 263 1702.2  1.577E+01 7.582E-04 0.000E+00 0.000E+00
 264 1705.0  1.564E+01 7.069E-04 0.000E+00 0.000E+00
 265 1708.0  1.551E+01 7.524E-04 0.000E+00 0.000E+00
 266 1710.8  1.539E+01 7.515E-04 0.000E+00 0.000E+00
 267 1713.8  1.526E+01 7.052E-04 0.000E+00 0.000E+00
 268 1716.8  1.514E+01 7.787E-04 0.000E+00 0.000E+00
 269 1719.7  1.501E+01 8.083E-04 0.000E+00 0.000E+00
 270 1722.7  1.489E+01 7.764E-04 0.000E+00 0.000E+00
 271 1725.6  1.477E+01 8.303E-04 0.000E+00 0.000E+00
 272 1728.6  1.464E+01 7.812E-04 0.000E+00 0.000E+00
 273 1731.6  1.452E+01 7.491E-04 0.000E+00 0.000E+00
 274 1734.6  1.440E+01 8.041E-04 0.000E+00 0.000E+00
 275 1737.6  1.428E+01 8.396E-04 0.000E+00 0.000E+00
 276 1740.7  1.417E+01 9.183E-04 0.000E+00 0.000E+00
 277 1743.7  1.405E+01 1.002E-03 0.000E+00 0.000E+00
 278 1746.8  1.393E+01 9.724E-04 0.000E+00 0.000E+00
 279 1749.8  1.381E+01 1.021E-03 0.000E+00 0.000E+00
 280 1752.8  1.370E+01 1.142E-03 0.000E+00 0.000E+00
 281 1756.0  1.358E+01 1.218E-03 0.000E+00 0.000E+00
 282 1759.0  1.347E+01 1.261E-03 0.000E+00 0.000E+00
 283 1762.2  1.336E+01 1.261E-03 0.000E+00 0.000E+00
 284 1765.2  1.325E+01 1.209E-03 0.000E+00 0.000E+00
 285 1768.3  1.313E+01 1.383E-03 0.000E+00 0.000E+00
 286 1771.5  1.303E+01 1.592E-03 0.000E+00 0.000E+00
 287 1774.6  1.292E+01 1.512E-03 0.000E+00 0.000E+00
 288 1777.8  1.281E+01 1.493E-03 0.000E+00 0.000E+00
 289 1781.0  1.270E+01 1.673E-03 0.000E+00 0.000E+00
 290 1784.1  1.259E+01 1.671E-03 0.000E+00 0.000E+00
 291 1787.3  1.249E+01 1.733E-03 0.000E+00 0.000E+00
 292 1790.5  1.238E+01 1.811E-03 0.000E+00 0.000E+00
 293 1793.7  1.227E+01 1.615E-03 0.000E+00 0.000E+00
 294 1796.9  1.217E+01 1.666E-03 0.000E+00 0.000E+00
 295 1800.2  1.206E+01 1.826E-03 0.000E+00 0.000E+00
 296 1803.4  1.196E+01 1.913E-03 0.000E+00 0.000E+00
 297 1806.7  1.186E+01 2.258E-03 0.000E+00 0.000E+00
 298 1809.9  1.176E+01 2.205E-03 0.000E+00 0.000E+00
 299 1813.2  1.166E+01 1.959E-03 0.000E+00 0.000E+00
 300 1816.6  1.156E+01 3.257E-03 0.000E+00 0.000E+00
 301 1819.8  1.146E+01 2.531E-03 0.000E+00 0.000E+00
 302 1823.2  1.136E+01 2.483E-03 0.000E+00 0.000E+00
 303 1826.5  1.127E+01 2.353E-03 0.000E+00 0.000E+00
 304 1829.8  1.117E+01 2.349E-03 0.000E+00 0.000E+00
 305 1833.2  1.107E+01 2.529E-03 0.000E+00 0.000E+00
 306 1836.6  1.097E+01 2.578E-03 0.000E+00 0.000E+00
 307 1839.9  1.088E+01 2.423E-03 0.000E+00 0.000E+00
 308 1843.3  1.079E+01 2.274E-03 0.000E+00 0.000E+00
 309 1846.7  1.069E+01 2.086E-03 0.000E+00 0.000E+00
 310 1850.2  1.060E+01 2.105E-03 0.000E+00 0.000E+00
 311 1853.6  1.051E+01 2.457E-03 0.000E+00 0.000E+00
 312 1857.0  1.042E+01 2.775E-03 0.000E+00 0.000E+00
 313 1860.5  1.033E+01 2.625E-03 0.000E+00 0.000E+00
 314 1864.0  1.024E+01 2.755E-03 0.000E+00 0.000E+00
 315 1867.5  1.015E+01 3.096E-03 0.000E+00 0.000E+00
 316 1871.0  1.006E+01 3.421E-03 0.000E+00 0.000E+00
 317 1874.5  9.969E+00 3.345E-03 0.000E+00 0.000E+00
 318 1878.0  9.882E+00 3.235E-03 0.000E+00 0.000E+00
 319 1881.5  9.795E+00 3.230E-03 0.000E+00 0.000E+00
 320 1885.0  9.710E+00 3.637E-03 0.000E+00 0.000E+00
 321 1888.6  9.624E+00 3.743E-03 0.000E+00 0.000E+00
 322 1892.2  9.538E+00 4.130E-03 0.000E+00 0.000E+00
 323 1895.7  9.455E+00 4.004E-03 0.000E+00 0.000E+00
 324 1899.3  9.372E+00 3.648E-03 0.000E+00 0.000E+00
 325 1902.9  9.289E+00 4.003E-03 0.000E+00 0.000E+00
 326 1906.6  9.204E+00 4.221E-03 0.000E+00 0.000E+00
 327 1910.2  9.123E+00 4.305E-03 0.000E+00 0.000E+00
 328 1913.8  9.043E+00 4.450E-03 0.000E+00 0.000E+00
 329 1917.6  8.962E+00 4.630E-03 0.000E+00 0.000E+00
 330 1921.2  8.881E+00 4.912E-03 0.000E+00 0.000E+00
 331 1924.9  8.802E+00 4.706E-03 0.000E+00 0.000E+00
 332 1928.7  8.723E+00 4.445E-03 0.000E+00 0.000E+00
 333 1932.3  8.645E+00 3.413E-03 0.000E+00 0.000E+00
 334 1936.1  8.568E+00 3.368E-03 2.694E-83 8.000E-81
 335 1939.8  8.490E+00 4.997E-03 3.307E-75 6.619E-73
 336 1943.6  8.415E+00 6.086E-03 7.752E-68 1.274E-65
 337 1947.4  8.339E+00 6.134E-03 9.275-121 1.512-118
 338 1951.2  8.263E+00 5.782E-03 7.905-126 1.367-123
 339 1955.0  8.189E+00 5.932E-03 6.156E-51 1.038E-48
 340 1958.8  8.115E+00 6.066E-03 7.168E-55 1.182E-52
 341 1962.7  8.040E+00 6.006E-03 6.235-124 1.038-121
 342 1966.5  7.968E+00 7.110E-03 2.734-102 3.846-100
 343 1970.5  7.895E+00 7.006E-03 2.986-122 4.262-120
 344 1974.3  7.823E+00 6.665E-03 6.021-124 9.034-122
 345 1978.2  7.751E+00 6.534E-03 5.559E-27 8.507E-25
 346 1982.2  7.681E+00 6.950E-03 8.041E-50 1.157E-47
 347 1986.1  7.611E+00 6.526E-03 2.275E-50 3.486E-48
 348 1990.0  7.540E+00 6.519E-03 6.448E-23 9.892E-21
 349 1994.0  7.472E+00 7.415E-03 3.833E-21 5.170E-19
 350 1998.0  7.403E+00 7.273E-03 5.038E-33 6.927E-31
 351 2002.0  7.334E+00 7.651E-03 4.479E-32 5.854E-30
 352 2006.0  7.267E+00 7.954E-03 1.470E-20 1.848E-18
 353 2010.0  7.200E+00 8.162E-03 2.629E-26 3.221E-24
 354 2014.1  7.133E+00 8.565E-03 5.817E-25 6.792E-23
 355 2018.2  7.067E+00 8.873E-03 2.187E-18 2.465E-16
 356 2022.2  7.001E+00 8.774E-03 8.878E-18 1.012E-15
 357 2026.3  6.936E+00 8.543E-03 5.235E-18 6.128E-16
 358 2030.5  6.872E+00 9.592E-03 5.929E-18 6.181E-16
 359 2034.6  6.808E+00 9.627E-03 1.211E-17 1.258E-15
 360 2038.8  6.743E+00 9.960E-03 1.659E-17 1.665E-15
 361 2042.9  6.681E+00 1.084E-02 2.217E-17 2.045E-15
 362 2047.1  6.618E+00 1.114E-02 2.310E-17 2.073E-15
 363 2051.3  6.556E+00 1.135E-02 2.549E-17 2.246E-15
 364 2055.5  6.494E+00 1.125E-02 3.505E-17 3.116E-15
 365 2059.8  6.434E+00 1.128E-02 4.987E-17 4.421E-15
 366 2064.0  6.372E+00 1.151E-02 5.964E-17 5.181E-15
 367 2068.2  6.313E+00 1.221E-02 6.655E-17 5.452E-15
 368 2072.6  6.253E+00 1.303E-02 8.264E-17 6.342E-15
 369 2076.8  6.194E+00 1.393E-02 1.091E-16 7.833E-15
 370 2081.2  6.135E+00 1.426E-02 1.221E-16 8.566E-15
 371 2085.5  6.077E+00 1.571E-02 1.451E-16 9.236E-15
 372 2089.9  6.019E+00 1.840E-02 1.953E-16 1.061E-14
 373 2094.2  5.961E+00 2.200E-02 2.533E-16 1.151E-14
 374 2098.6  5.905E+00 2.490E-02 2.818E-16 1.131E-14
 375 2103.1  5.848E+00 2.854E-02 3.341E-16 1.171E-14
 376 2107.5  5.791E+00 3.135E-02 4.225E-16 1.348E-14
 377 2111.9  5.736E+00 3.264E-02 4.609E-16 1.412E-14
 378 2116.4  5.681E+00 3.679E-02 4.689E-16 1.274E-14
 379 2120.8  5.627E+00 3.851E-02 4.299E-16 1.116E-14
 380 2125.4  5.573E+00 2.960E-02 2.893E-16 9.772E-15
 381 2129.9  5.518E+00 3.265E-02 2.653E-16 8.126E-15
 382 2134.5  5.465E+00 3.259E-02 2.110E-16 6.473E-15
 383 2139.1  5.411E+00 3.680E-02 1.856E-16 5.045E-15
 384 2143.6  5.360E+00 4.501E-02 1.712E-16 3.803E-15
 385 2148.2  5.308E+00 4.120E-02 1.097E-16 2.662E-15
 386 2152.8  5.256E+00 4.049E-02 7.941E-17 1.961E-15
 387 2157.5  5.204E+00 3.376E-02 5.211E-17 1.544E-15
 388 2162.2  5.154E+00 3.763E-02 4.246E-17 1.129E-15
 389 2166.8  5.103E+00 3.159E-02 2.388E-17 7.559E-16
 390 2171.6  5.053E+00 3.453E-02 1.752E-17 5.073E-16
 391 2176.2  5.003E+00 3.489E-02 1.226E-17 3.512E-16
 392 2181.0  4.954E+00 4.829E-02 1.119E-17 2.317E-16
 393 2185.8  4.905E+00 4.612E-02 6.582E-18 1.427E-16
 394 2190.6  4.856E+00 4.576E-02 3.779E-18 8.258E-17
 395 2195.4  4.808E+00 5.013E-02 2.217E-18 4.422E-17
 396 2200.2  4.761E+00 5.135E-02 1.131E-18 2.202E-17
 397 2205.1  4.714E+00 5.468E-02 5.776E-19 1.056E-17
 398 2209.9  4.667E+00 3.881E-02 1.922E-19 4.953E-18
 399 2214.9  4.620E+00 4.120E-02 8.952E-20 2.173E-18
 400 2219.8  4.574E+00 4.492E-02 4.011E-20 8.930E-19
 401 2224.7  4.529E+00 5.151E-02 1.858E-20 3.607E-19
 402 2229.6  4.483E+00 5.498E-02 7.941E-21 1.444E-19
 403 2234.6  4.438E+00 7.085E-02 3.923E-21 5.538E-20
 404 2239.6  4.394E+00 6.537E-02 1.268E-21 1.939E-20
 405 2244.7  4.349E+00 5.969E-02 3.992E-22 6.687E-21
 406 2249.8  4.305E+00 6.034E-02 1.398E-22 2.317E-21
 407 2254.8  4.261E+00 5.395E-02 4.120E-23 7.636E-22
 408 2259.9  4.219E+00 4.912E-02 1.165E-23 2.371E-22
 409 2265.0  4.176E+00 4.027E-02 2.851E-24 7.080E-23
 410 2270.1  4.133E+00 3.456E-02 6.933E-25 2.006E-23
 411 2275.3  4.092E+00 3.964E-02 2.041E-25 5.149E-24
 412 2280.5  4.050E+00 5.145E-02 6.445E-26 1.253E-24
 413 2285.7  4.008E+00 5.448E-02 1.576E-26 2.893E-25
 414 2290.9  3.968E+00 5.028E-02 3.030E-27 6.027E-26
 415 2296.2  3.926E+00 4.940E-02 6.210E-28 1.257E-26
 416 2301.5  3.886E+00 4.792E-02 1.231E-28 2.569E-27
 417 2306.8  3.847E+00 6.023E-02 3.533E-29 5.865E-28
 418 2312.2  3.806E+00 4.720E-02 5.542E-30 1.174E-28
 419 2317.5  3.767E+00 5.539E-02 1.151E-30 2.078E-29
 420 2322.9  3.728E+00 5.678E-02 1.862E-31 3.280E-30
 421 2328.3  3.690E+00 5.140E-02 2.360E-32 4.592E-31
 422 2333.7  3.651E+00 4.677E-02 4.199E-33 8.978E-32
 423 2339.2  3.614E+00 4.205E-02 6.373E-34 1.515E-32
 424 2344.7  3.576E+00 3.790E-02 5.889E-35 1.554E-33
 425 2350.2  3.538E+00 4.593E-02 1.118E-35 2.433E-34
 426 2355.7  3.502E+00 5.672E-02 2.520E-36 4.443E-35
 427 2361.3  3.465E+00 4.961E-02 2.445E-37 4.928E-36
 428 2366.9  3.428E+00 4.837E-02 3.306E-38 6.834E-37
 429 2372.5  3.392E+00 5.323E-02 5.326E-39 1.001E-37
 430 2378.2  3.356E+00 4.954E-02 5.924E-40 1.196E-38
 431 2383.8  3.321E+00 3.920E-02 5.905E-41 1.506E-39
 432 2389.4  3.286E+00 4.709E-02 1.127E-41 2.393E-40
 433 2395.2  3.251E+00 4.436E-02 8.849E-43 1.995E-41
 434 2400.9  3.216E+00 4.382E-02 8.750E-44 1.997E-42
 435 2406.7  3.182E+00 3.933E-02 1.630E-44 4.144E-43
 436 2412.6  3.148E+00 4.349E-02 1.844E-45 4.240E-44
 437 2418.4  3.114E+00 6.294E-02 3.167E-46 5.032E-45
 438 2424.2  3.081E+00 7.230E-02 9.740E-46 1.347E-44
 439 2430.1  3.048E+00 7.332E-02 1.019E-46 1.390E-45
 440 2436.1  3.015E+00 6.667E-02 6.556E-48 9.833E-47
 441 2442.0  2.983E+00 6.764E-02 1.281E-48 1.893E-47
 442 2448.0  2.950E+00 5.894E-02 3.077E-49 5.219E-48
 443 2454.0  2.918E+00 5.126E-02 1.803E-50 3.516E-49
 444 2460.1  2.887E+00 5.015E-02 2.159E-51 4.305E-50
 445 2466.1  2.855E+00 5.137E-02 1.161E-51 2.260E-50
 446 2472.1  2.825E+00 5.640E-02 2.408E-52 4.269E-51
 447 2478.3  2.794E+00 5.606E-02 4.643E-53 8.283E-52
 448 2484.5  2.763E+00 4.697E-02 9.380E-54 1.997E-52
 449 2490.7  2.733E+00 4.445E-02 1.254E-54 2.822E-53
 450 2496.9  2.703E+00 6.412E-02 4.362E-55 6.802E-54
 451 2503.2  2.673E+00 6.400E-02 3.939E-55 6.155E-54
 452 2509.4  2.644E+00 5.619E-02 3.533E-55 6.288E-54
 453 2515.8  2.614E+00 4.520E-02 2.744E-56 6.071E-55
 454 2522.1  2.586E+00 4.222E-02 9.896E-57 2.344E-55
 455 2528.4  2.557E+00 4.386E-02 2.296E-56 5.236E-55
 456 2534.8  2.529E+00 5.354E-02 1.104E-56 2.063E-55
 457 2541.3  2.500E+00 5.788E-02 9.969E-57 1.723E-55
 458 2547.8  2.473E+00 6.165E-02 9.244E-57 1.500E-55
 459 2554.2  2.445E+00 8.123E-02 4.051E-57 4.987E-56
 460 2560.8  2.418E+00 9.049E-02 1.466E-56 1.621E-55
 461 2567.4  2.390E+00 1.128E-01 9.405E-56 8.339E-55
 462 2574.0  2.363E+00 1.268E-01 2.088E-55 1.646E-54
 463 2580.7  2.337E+00 1.373E-01 1.977E-55 1.440E-54
 464 2587.3  2.310E+00 1.233E-01 6.597E-56 5.348E-55
 465 2594.1  2.284E+00 1.154E-01 1.241E-54 1.076E-53
 466 2600.8  2.258E+00 8.971E-02 9.068E-54 1.011E-52
 467 2607.6  2.232E+00 8.767E-02 5.550E-54 6.330E-53
 468 2614.4  2.207E+00 8.788E-02 7.372E-53 8.389E-52
 469 2621.2  2.182E+00 1.094E-01 3.719E-52 3.399E-51
 470 2628.1  2.157E+00 1.040E-01 2.761E-51 2.655E-50
 471 2635.1  2.132E+00 1.585E-01 1.492E-49 9.410E-49
 472 2642.0  2.108E+00 2.627E-01 3.899E-49 1.484E-48
 473 2649.0  2.083E+00 2.404E-01 2.562E-48 1.065E-47
 474 2656.1  2.059E+00 2.713E-01 4.794E-47 1.767E-46
 475 2663.1  2.035E+00 2.608E-01 4.785E-46 1.835E-45
 476 2670.2  2.012E+00 2.535E-01 1.793E-44 7.072E-44
 477 2677.4  1.989E+00 2.618E-01 1.902E-43 7.264E-43
 478 2684.6  1.965E+00 2.575E-01 4.684E-42 1.819E-41
 479 2691.8  1.942E+00 2.451E-01 1.130E-40 4.610E-40
 480 2699.1  1.920E+00 2.587E-01 9.348E-40 3.614E-39
 481 2706.3  1.897E+00 2.792E-01 3.551E-38 1.272E-37
 482 2713.7  1.875E+00 2.494E-01 8.021E-37 3.216E-36
 483 2721.1  1.853E+00 1.902E-01 9.314E-36 4.898E-35
 484 2728.5  1.831E+00 2.263E-01 2.611E-34 1.154E-33
 485 2735.9  1.809E+00 1.974E-01 9.431E-33 4.778E-32
 486 2743.5  1.788E+00 1.397E-01 2.370E-31 1.696E-30
 487 2751.1  1.766E+00 1.557E-01 4.483E-30 2.879E-29
 488 2758.6  1.745E+00 2.121E-01 1.217E-28 5.739E-28
 489 2766.2  1.725E+00 2.558E-01 3.305E-27 1.292E-26
 490 2773.9  1.704E+00 2.569E-01 6.896E-26 2.684E-25
 491 2781.7  1.683E+00 1.875E-01 1.027E-24 5.475E-24
 492 2789.4  1.663E+00 1.354E-01 1.957E-23 1.445E-22
 493 2797.2  1.643E+00 8.132E-02 2.043E-22 2.512E-21
 494 2805.1  1.623E+00 9.790E-02 4.243E-21 4.334E-20
 495 2812.9  1.604E+00 1.921E-01 2.680E-19 1.395E-18
 496 2820.9  1.584E+00 2.792E-01 6.792E-18 2.433E-17
 497 2828.9  1.565E+00 3.235E-01 5.151E-17 1.592E-16
 498 2836.9  1.546E+00 3.239E-01 5.907E-16 1.824E-15
 499 2844.9  1.527E+00 2.570E-01 6.974E-15 2.714E-14
 500 2853.1  1.508E+00 1.401E-01 4.041E-14 2.885E-13
 501 2861.2  1.490E+00 2.826E-01 7.378E-13 2.610E-12
 502 2869.4  1.471E+00 3.659E-01 5.977E-12 1.634E-11
 503 2877.7  1.453E+00 3.310E-01 5.107E-11 1.543E-10
 504 2886.0  1.435E+00 3.428E-01 4.602E-10 1.342E-09
 505 2894.4  1.417E+00 4.682E-01 3.491E-09 7.456E-09
 506 2902.8  1.399E+00 6.167E-01 2.146E-08 3.481E-08
 507 2911.2  1.382E+00 6.155E-01 9.630E-08 1.565E-07
 508 2919.8  1.365E+00 5.713E-01 4.237E-07 7.415E-07
 509 2928.3  1.348E+00 5.279E-01 1.421E-06 2.692E-06
 510 2936.9  1.331E+00 5.470E-01 4.940E-06 9.031E-06
 511 2945.6  1.314E+00 5.216E-01 1.417E-05 2.717E-05
 512 2954.2  1.297E+00 5.615E-01 4.268E-05 7.601E-05
 513 2963.0  1.281E+00 5.575E-01 1.130E-04 2.028E-04
 514 2971.8  1.265E+00 4.783E-01 2.339E-04 4.890E-04
 515 2980.6  1.249E+00 5.294E-01 5.845E-04 1.104E-03
 516 2989.6  1.233E+00 4.960E-01 1.090E-03 2.198E-03
 517 2998.5  1.217E+00 4.648E-01 1.880E-03 4.045E-03
 518 3007.5  1.201E+00 4.431E-01 3.187E-03 7.194E-03
 519 3016.6  1.186E+00 4.699E-01 5.513E-03 1.173E-02
 520 3025.7  1.171E+00 5.187E-01 9.529E-03 1.837E-02
 521 3034.9  1.155E+00 6.473E-01 1.792E-02 2.768E-02
 522 3044.2  1.140E+00 6.183E-01 2.406E-02 3.891E-02
 523 3053.4  1.125E+00 6.420E-01 3.515E-02 5.475E-02
 524 3062.8  1.111E+00 5.638E-01 4.017E-02 7.126E-02
 525 3072.2  1.096E+00 6.284E-01 5.879E-02 9.356E-02
 526 3081.7  1.082E+00 6.508E-01 7.668E-02 1.178E-01
 527 3091.2  1.068E+00 5.660E-01 8.035E-02 1.420E-01
 528 3100.8  1.054E+00 5.362E-01 9.211E-02 1.718E-01
 529 3110.4  1.040E+00 7.776E-01 1.508E-01 1.939E-01
 530 3120.2  1.026E+00 6.951E-01 1.571E-01 2.260E-01
 531 3129.9  1.012E+00 7.004E-01 1.806E-01 2.579E-01
 532 3139.8  9.989E-01 7.325E-01 2.116E-01 2.889E-01
 533 3149.6  9.855E-01 6.813E-01 2.191E-01 3.216E-01
 534 3159.6  9.723E-01 5.985E-01 2.097E-01 3.504E-01
 535 3169.6  9.592E-01 7.619E-01 2.904E-01 3.812E-01
 536 3179.6  9.464E-01 7.239E-01 2.969E-01 4.102E-01
 537 3189.8  9.336E-01 7.041E-01 3.074E-01 4.366E-01
 538 3200.0  9.209E-01 7.954E-01 3.628E-01 4.561E-01
 539 3210.2  9.085E-01 7.579E-01 3.737E-01 4.931E-01
 540 3220.6  8.961E-01 7.435E-01 3.770E-01 5.070E-01
 541 3231.0  8.838E-01 6.604E-01 3.480E-01 5.269E-01
 542 3241.5  8.718E-01 7.627E-01 4.256E-01 5.580E-01
 543 3252.1  8.597E-01 8.479E-01 4.749E-01 5.601E-01
 544 3262.7  8.480E-01 1.010E+00 5.905E-01 5.846E-01
 545 3273.3  8.362E-01 9.921E-01 5.918E-01 5.965E-01
 546 3284.1  8.246E-01 9.435E-01 5.695E-01 6.036E-01
 547 3294.9  8.132E-01 1.100E+00 6.956E-01 6.326E-01
 548 3305.8  8.019E-01 1.041E+00 6.569E-01 6.307E-01
 549 3316.8  7.906E-01 1.005E+00 6.413E-01 6.381E-01
 550 3327.8  7.795E-01 9.758E-01 6.433E-01 6.593E-01
 551 3338.9  7.686E-01 9.516E-01 6.306E-01 6.627E-01
 552 3350.1  7.578E-01 1.011E+00 6.816E-01 6.739E-01
 553 3361.3  7.471E-01 8.890E-01 6.067E-01 6.824E-01
 554 3372.7  7.365E-01 8.586E-01 5.863E-01 6.828E-01
 555 3384.1  7.260E-01 9.485E-01 6.559E-01 6.914E-01
 556 3395.6  7.157E-01 1.008E+00 7.031E-01 6.975E-01
 557 3407.2  7.054E-01 1.022E+00 7.185E-01 7.028E-01
 558 3418.8  6.953E-01 9.797E-01 6.976E-01 7.121E-01
 559 3430.6  6.852E-01 1.040E+00 7.447E-01 7.159E-01
 560 3442.4  6.754E-01 8.392E-01 6.033E-01 7.189E-01
 561 3454.2  6.656E-01 9.750E-01 7.054E-01 7.234E-01
 562 3466.2  6.560E-01 9.653E-01 7.029E-01 7.282E-01
 563 3478.2  6.464E-01 9.291E-01 6.811E-01 7.331E-01
 564 3490.4  6.370E-01 9.296E-01 6.855E-01 7.374E-01
 565 3502.7  6.276E-01 1.051E+00 7.790E-01 7.414E-01
 566 3514.9  6.184E-01 1.028E+00 7.659E-01 7.452E-01
 567 3527.3  6.093E-01 9.648E-01 7.227E-01 7.491E-01
 568 3539.8  6.002E-01 1.127E+00 8.492E-01 7.533E-01
 569 3552.4  5.913E-01 1.114E+00 8.439E-01 7.573E-01
 570 3565.1  5.825E-01 9.549E-01 7.264E-01 7.608E-01
 571 3577.8  5.738E-01 8.137E-01 6.219E-01 7.643E-01
 572 3590.6  5.652E-01 8.845E-01 6.796E-01 7.683E-01
 573 3603.6  5.567E-01 1.040E+00 8.029E-01 7.719E-01
 574 3616.6  5.483E-01 9.341E-01 7.245E-01 7.756E-01
 575 3629.8  5.400E-01 1.057E+00 8.236E-01 7.795E-01
 576 3643.0  5.318E-01 1.067E+00 8.352E-01 7.828E-01
 577 3656.3  5.237E-01 1.225E+00 9.630E-01 7.863E-01
 578 3669.8  5.157E-01 1.260E+00 9.956E-01 7.900E-01
 579 3683.2  5.078E-01 1.161E+00 9.212E-01 7.936E-01
 580 3696.8  5.000E-01 1.288E+00 1.027E+00 7.972E-01
 581 3710.6  4.923E-01 1.204E+00 9.636E-01 8.006E-01
 582 3724.4  4.846E-01 1.105E+00 8.888E-01 8.042E-01
 583 3738.3  4.772E-01 9.608E-01 7.762E-01 8.079E-01
 584 3752.4  4.697E-01 1.030E+00 8.360E-01 8.113E-01
 585 3766.5  4.623E-01 1.140E+00 9.289E-01 8.147E-01
 586 3780.8  4.551E-01 1.385E+00 1.134E+00 8.184E-01
 587 3795.1  4.479E-01 1.131E+00 9.293E-01 8.217E-01
 588 3809.6  4.408E-01 1.225E+00 1.011E+00 8.250E-01
 589 3824.1  4.339E-01 8.587E-01 7.116E-01 8.287E-01
 590 3838.8  4.270E-01 8.091E-01 6.732E-01 8.321E-01
 591 3853.6  4.201E-01 1.043E+00 8.715E-01 8.355E-01
 592 3868.5  4.134E-01 1.035E+00 8.682E-01 8.389E-01
 593 3883.6  4.067E-01 1.023E+00 8.616E-01 8.422E-01
 594 3898.6  4.002E-01 1.224E+00 1.035E+00 8.456E-01
 595 3913.9  3.937E-01 1.305E+00 1.108E+00 8.491E-01
 596 3929.3  3.873E-01 8.235E-01 7.021E-01 8.526E-01
 597 3944.8  3.810E-01 1.014E+00 8.681E-01 8.559E-01
 598 3960.4  3.748E-01 1.087E+00 9.344E-01 8.593E-01
 599 3976.2  3.686E-01 1.060E+00 9.146E-01 8.624E-01
 600 3992.1  3.625E-01 1.604E+00 1.388E+00 8.655E-01
 601 4008.1  3.565E-01 1.719E+00 1.495E+00 8.694E-01
 602 4024.2  3.506E-01 1.783E+00 1.558E+00 8.739E-01
 603 4040.4  3.448E-01 1.711E+00 1.502E+00 8.777E-01
 604 4056.8  3.390E-01 1.683E+00 1.483E+00 8.815E-01
 605 4073.3  3.333E-01 1.648E+00 1.459E+00 8.851E-01
 606 4090.0  3.277E-01 1.747E+00 1.553E+00 8.885E-01
 607 4106.8  3.221E-01 1.639E+00 1.462E+00 8.921E-01
 608 4123.7  3.167E-01 1.809E+00 1.620E+00 8.954E-01
 609 4140.8  3.113E-01 1.772E+00 1.592E+00 8.987E-01
 610 4158.0  3.060E-01 1.822E+00 1.644E+00 9.020E-01
 611 4175.4  3.007E-01 1.729E+00 1.565E+00 9.052E-01
 612 4192.9  2.955E-01 1.738E+00 1.579E+00 9.084E-01
 613 4210.5  2.904E-01 1.775E+00 1.618E+00 9.116E-01
 614 4228.4  2.854E-01 1.728E+00 1.581E+00 9.146E-01
 615 4246.3  2.804E-01 1.779E+00 1.632E+00 9.176E-01
 616 4264.4  2.755E-01 1.730E+00 1.593E+00 9.207E-01
 617 4282.6  2.706E-01 1.638E+00 1.513E+00 9.238E-01
 618 4301.1  2.659E-01 1.371E+00 1.271E+00 9.269E-01
 619 4319.6  2.612E-01 1.606E+00 1.493E+00 9.298E-01
 620 4338.4  2.565E-01 1.678E+00 1.565E+00 9.327E-01
 621 4357.3  2.519E-01 1.819E+00 1.702E+00 9.357E-01
 622 4376.4  2.474E-01 1.731E+00 1.624E+00 9.386E-01
 623 4395.6  2.430E-01 1.817E+00 1.710E+00 9.412E-01
 624 4415.1  2.386E-01 1.935E+00 1.826E+00 9.438E-01
 625 4434.6  2.342E-01 1.972E+00 1.866E+00 9.466E-01
 626 4454.4  2.300E-01 1.905E+00 1.809E+00 9.496E-01
 627 4474.3  2.258E-01 2.009E+00 1.914E+00 9.525E-01
 628 4494.4  2.216E-01 2.061E+00 1.968E+00 9.551E-01
 629 4514.7  2.175E-01 2.154E+00 2.063E+00 9.578E-01
 630 4535.2  2.135E-01 2.000E+00 1.921E+00 9.606E-01
 631 4555.9  2.095E-01 2.080E+00 2.004E+00 9.631E-01
 632 4576.7  2.056E-01 2.094E+00 2.021E+00 9.651E-01
 633 4597.8  2.018E-01 2.078E+00 2.010E+00 9.670E-01
 634 4619.0  1.980E-01 2.131E+00 2.066E+00 9.692E-01
 635 4640.4  1.942E-01 2.077E+00 2.020E+00 9.722E-01
 636 4662.0  1.905E-01 2.031E+00 1.981E+00 9.752E-01
 637 4683.9  1.869E-01 2.048E+00 2.002E+00 9.775E-01
 638 4705.9  1.833E-01 2.010E+00 1.969E+00 9.797E-01
 639 4728.1  1.798E-01 2.077E+00 2.040E+00 9.822E-01
 640 4750.6  1.763E-01 2.112E+00 2.079E+00 9.843E-01
 641 4773.3  1.729E-01 2.090E+00 2.060E+00 9.855E-01
 642 4796.2  1.695E-01 2.099E+00 2.070E+00 9.864E-01
 643 4819.3  1.662E-01 2.111E+00 2.085E+00 9.876E-01
 644 4842.6  1.629E-01 2.041E+00 2.020E+00 9.901E-01
 645 4866.2  1.597E-01 1.771E+00 1.759E+00 9.932E-01
 646 4890.0  1.565E-01 1.997E+00 1.988E+00 9.955E-01
 647 4914.1  1.534E-01 1.971E+00 1.966E+00 9.973E-01
 648 4938.3  1.503E-01 2.008E+00 2.006E+00 9.992E-01
 649 4962.8  1.473E-01 2.024E+00 2.025E+00 1.001E+00
 650 4987.6  1.443E-01 1.974E+00 1.977E+00 1.002E+00
 651 5012.6  1.414E-01 1.869E+00 1.871E+00 1.001E+00
 652 5037.8  1.385E-01 1.942E+00 1.943E+00 1.001E+00
 653 5063.3  1.357E-01 1.979E+00 1.982E+00 1.002E+00
 654 5089.1  1.329E-01 1.877E+00 1.885E+00 1.004E+00
 655 5115.1  1.301E-01 1.944E+00 1.958E+00 1.007E+00
 656 5141.4  1.274E-01 1.856E+00 1.871E+00 1.008E+00
 657 5168.0  1.247E-01 1.760E+00 1.777E+00 1.010E+00
 658 5194.8  1.221E-01 1.780E+00 1.799E+00 1.011E+00
 659 5222.0  1.195E-01 1.847E+00 1.867E+00 1.011E+00
 660 5249.4  1.170E-01 1.914E+00 1.934E+00 1.010E+00
 661 5277.1  1.145E-01 1.801E+00 1.817E+00 1.009E+00
 662 5305.1  1.121E-01 1.937E+00 1.952E+00 1.008E+00
 663 5333.4  1.096E-01 1.855E+00 1.870E+00 1.008E+00
 664 5362.0  1.073E-01 1.905E+00 1.924E+00 1.010E+00
 665 5390.9  1.049E-01 1.878E+00 1.898E+00 1.011E+00
 666 5420.1  1.026E-01 1.842E+00 1.863E+00 1.011E+00
 667 5449.6  1.004E-01 1.901E+00 1.922E+00 1.011E+00
 668 5479.5  9.817E-02 1.888E+00 1.910E+00 1.012E+00
 669 5509.7  9.599E-02 1.898E+00 1.921E+00 1.012E+00
 670 5540.2  9.384E-02 1.890E+00 1.915E+00 1.013E+00
 671 5571.1  9.174E-02 1.853E+00 1.876E+00 1.012E+00
 672 5602.3  8.967E-02 1.813E+00 1.832E+00 1.011E+00
 673 5633.9  8.764E-02 1.855E+00 1.872E+00 1.009E+00
 674 5665.8  8.564E-02 1.818E+00 1.833E+00 1.008E+00
 675 5698.1  8.368E-02 1.795E+00 1.808E+00 1.007E+00
 676 5730.7  8.175E-02 1.863E+00 1.877E+00 1.007E+00
 677 5763.7  7.986E-02 1.835E+00 1.852E+00 1.009E+00
 678 5797.1  7.800E-02 1.814E+00 1.836E+00 1.012E+00
 679 5831.0  7.617E-02 1.847E+00 1.876E+00 1.015E+00
 680 5865.2  7.438E-02 1.806E+00 1.838E+00 1.018E+00
 681 5899.8  7.262E-02 1.727E+00 1.760E+00 1.019E+00
 682 5934.8  7.089E-02 1.787E+00 1.820E+00 1.019E+00
 683 5970.2  6.919E-02 1.773E+00 1.802E+00 1.017E+00
 684 6006.1  6.753E-02 1.741E+00 1.767E+00 1.015E+00
 685 6042.4  6.589E-02 1.754E+00 1.783E+00 1.016E+00
 686 6079.1  6.429E-02 1.748E+00 1.784E+00 1.021E+00
 687 6116.3  6.271E-02 1.724E+00 1.768E+00 1.026E+00
 688 6153.9  6.117E-02 1.670E+00 1.721E+00 1.031E+00
 689 6192.0  5.965E-02 1.699E+00 1.759E+00 1.035E+00
 690 6230.6  5.816E-02 1.666E+00 1.731E+00 1.039E+00
 691 6269.6  5.671E-02 1.673E+00 1.745E+00 1.043E+00
 692 6309.2  5.528E-02 1.657E+00 1.734E+00 1.047E+00
 693 6349.2  5.387E-02 1.643E+00 1.727E+00 1.051E+00
 694 6389.9  5.250E-02 1.641E+00 1.732E+00 1.055E+00
 695 6431.0  5.115E-02 1.613E+00 1.709E+00 1.060E+00
 696 6472.6  4.983E-02 1.610E+00 1.713E+00 1.063E+00
 697 6514.7  4.853E-02 1.583E+00 1.689E+00 1.067E+00
 698 6557.4  4.727E-02 1.463E+00 1.566E+00 1.071E+00
 699 6600.7  4.602E-02 1.553E+00 1.668E+00 1.074E+00
 700 6644.6  4.480E-02 1.532E+00 1.650E+00 1.078E+00
 701 6689.0  4.361E-02 1.539E+00 1.664E+00 1.081E+00
 702 6734.1  4.244E-02 1.537E+00 1.667E+00 1.085E+00
 703 6779.8  4.129E-02 1.514E+00 1.646E+00 1.088E+00
 704 6826.0  4.017E-02 1.492E+00 1.627E+00 1.090E+00
 705 6873.0  3.907E-02 1.496E+00 1.636E+00 1.093E+00
 706 6920.5  3.799E-02 1.465E+00 1.605E+00 1.096E+00
 707 6968.7  3.694E-02 1.463E+00 1.608E+00 1.099E+00
 708 7017.6  3.591E-02 1.446E+00 1.592E+00 1.102E+00
 709 7067.2  3.490E-02 1.441E+00 1.591E+00 1.104E+00
 710 7117.5  3.391E-02 1.402E+00 1.549E+00 1.105E+00
 711 7168.5  3.295E-02 1.370E+00 1.517E+00 1.107E+00
 712 7220.3  3.201E-02 1.360E+00 1.509E+00 1.109E+00
 713 7272.9  3.108E-02 1.338E+00 1.486E+00 1.111E+00
 714 7326.1  3.018E-02 1.333E+00 1.483E+00 1.113E+00
 715 7380.1  2.929E-02 1.306E+00 1.455E+00 1.114E+00
 716 7435.0  2.843E-02 1.291E+00 1.439E+00 1.115E+00
 717 7490.8  2.759E-02 1.286E+00 1.435E+00 1.116E+00
 718 7547.3  2.676E-02 1.277E+00 1.428E+00 1.118E+00
 719 7604.7  2.596E-02 1.251E+00 1.400E+00 1.120E+00
 720 7663.0  2.517E-02 1.225E+00 1.374E+00 1.121E+00
 721 7722.1  2.440E-02 1.207E+00 1.354E+00 1.122E+00
 722 7782.2  2.365E-02 1.191E+00 1.336E+00 1.122E+00
 723 7843.2  2.291E-02 1.173E+00 1.317E+00 1.123E+00
 724 7905.2  2.220E-02 1.159E+00 1.304E+00 1.125E+00
 725 7968.2  2.150E-02 1.138E+00 1.282E+00 1.126E+00
 726 8032.2  2.082E-02 1.128E+00 1.272E+00 1.127E+00
 727 8097.3  2.015E-02 1.118E+00 1.260E+00 1.127E+00
 728 8163.4  1.950E-02 1.105E+00 1.246E+00 1.128E+00
 729 8230.6  1.887E-02 1.076E+00 1.214E+00 1.129E+00
 730 8298.9  1.825E-02 1.066E+00 1.206E+00 1.131E+00
 731 8368.3  1.765E-02 1.043E+00 1.181E+00 1.132E+00
 732 8439.0  1.706E-02 1.027E+00 1.163E+00 1.132E+00
 733 8510.8  1.649E-02 9.429E-01 1.068E+00 1.132E+00
 734 8583.9  1.593E-02 9.775E-01 1.107E+00 1.133E+00
 735 8658.2  1.539E-02 9.655E-01 1.095E+00 1.134E+00
 736 8733.8  1.486E-02 9.832E-01 1.116E+00 1.135E+00
 737 8810.8  1.435E-02 9.527E-01 1.082E+00 1.136E+00
 738 8889.1  1.384E-02 9.335E-01 1.061E+00 1.136E+00
 739 8968.8  1.336E-02 9.153E-01 1.040E+00 1.137E+00
 740 9050.0  1.288E-02 8.918E-01 1.014E+00 1.138E+00
 741 9132.6  1.242E-02 8.811E-01 1.003E+00 1.138E+00
 742 9216.8  1.197E-02 8.526E-01 9.711E-01 1.139E+00
 743 9302.5  1.153E-02 8.536E-01 9.727E-01 1.140E+00
 744 9389.9  1.111E-02 8.303E-01 9.464E-01 1.140E+00
 745 9478.9  1.070E-02 8.202E-01 9.353E-01 1.140E+00
 746 9569.6  1.029E-02 7.969E-01 9.092E-01 1.141E+00
 747 9662.0  9.904E-03 7.851E-01 8.962E-01 1.142E+00
 748 9756.3  9.526E-03 7.699E-01 8.792E-01 1.142E+00
 749 9852.5  9.159E-03 7.565E-01 8.642E-01 1.142E+00
 750 9950.5  8.802E-03 7.427E-01 8.489E-01 1.143E+00


 PHOTOLYSIS RATES

     Z      PO2_O1D    PO2_O3P    PH2O_1     PH2O_2     PH2O_3     PO3_O1D    PO3_O      PO3_3O     
 2.50E+04   0.00E+00   7.55E-25   1.88E-25   0.00E+00   0.00E+00   6.82E-06   2.03E-04   4.94E-26
 1.75E+05   0.00E+00   4.45E-23   2.11E-23   0.00E+00   0.00E+00   7.90E-06   2.09E-04   2.46E-22
 3.25E+05   0.00E+00   1.80E-21   1.47E-21   0.00E+00   0.00E+00   8.82E-06   2.15E-04   1.26E-19
 4.75E+05   0.00E+00   4.61E-20   5.50E-20   0.00E+00   0.00E+00   9.61E-06   2.20E-04   1.19E-17
 6.25E+05   0.00E+00   7.73E-19   1.18E-18   0.00E+00   0.00E+00   1.03E-05   2.26E-04   3.94E-16
 7.75E+05   0.00E+00   8.92E-18   1.61E-17   0.00E+00   0.00E+00   1.09E-05   2.30E-04   6.83E-15
 9.25E+05   0.00E+00   7.44E-17   1.53E-16   0.00E+00   0.00E+00   1.15E-05   2.35E-04   7.64E-14
 1.08E+06   0.00E+00   4.61E-16   1.05E-15   0.00E+00   0.00E+00   1.22E-05   2.39E-04   5.99E-13
 1.22E+06   0.00E+00   2.09E-15   5.20E-15   0.00E+00   0.00E+00   1.29E-05   2.42E-04   3.27E-12
 1.38E+06   0.00E+00   7.40E-15   1.97E-14   0.00E+00   0.00E+00   1.37E-05   2.46E-04   1.34E-11
 1.52E+06   0.00E+00   2.23E-14   6.27E-14   0.00E+00   0.00E+00   1.47E-05   2.50E-04   4.55E-11
 1.68E+06   0.00E+00   6.10E-14   1.78E-13   0.00E+00   0.00E+00   1.61E-05   2.54E-04   1.35E-10
 1.82E+06   0.00E+00   1.55E-13   4.69E-13   0.00E+00   0.00E+00   1.82E-05   2.57E-04   3.67E-10
 1.98E+06   0.00E+00   3.73E-13   1.17E-12   0.00E+00   0.00E+00   2.12E-05   2.61E-04   9.21E-10
 2.12E+06   0.00E+00   8.46E-13   2.75E-12   0.00E+00   0.00E+00   2.54E-05   2.64E-04   2.14E-09
 2.28E+06   0.00E+00   1.80E-12   6.10E-12   0.00E+00   0.00E+00   3.13E-05   2.67E-04   4.61E-09
 2.42E+06   0.00E+00   3.61E-12   1.27E-11   0.00E+00   0.00E+00   3.95E-05   2.70E-04   9.18E-09
 2.58E+06   1.00-167   6.78E-12   2.47E-11   4.54-165   6.80-165   5.08E-05   2.74E-04   1.69E-08
 2.72E+06   5.94-137   1.20E-11   4.48E-11   2.69-134   4.04-134   6.66E-05   2.77E-04   2.88E-08
 2.88E+06   1.94-112   2.01E-11   7.67E-11   8.78-110   1.32-109   8.85E-05   2.82E-04   4.57E-08
 3.02E+06   6.03E-93   3.19E-11   1.25E-10   2.73E-90   4.10E-90   1.19E-04   2.86E-04   6.81E-08
 3.18E+06   1.79E-77   4.81E-11   1.96E-10   8.10E-75   1.21E-74   1.60E-04   2.92E-04   9.55E-08
 3.32E+06   3.32E-65   6.94E-11   2.98E-10   1.50E-62   2.25E-62   2.14E-04   2.99E-04   1.27E-07
 3.48E+06   1.81E-55   9.59E-11   4.41E-10   8.21E-53   1.23E-52   2.87E-04   3.08E-04   1.63E-07
 3.62E+06   1.02E-47   1.28E-10   6.30E-10   4.60E-45   6.90E-45   3.86E-04   3.20E-04   2.00E-07
 3.78E+06   1.56E-41   1.64E-10   8.68E-10   7.08E-39   1.06E-38   5.32E-04   3.37E-04   2.39E-07
 3.92E+06   1.42E-36   2.04E-10   1.15E-09   6.43E-34   9.65E-34   7.51E-04   3.62E-04   2.77E-07
 4.08E+06   1.40E-32   2.44E-10   1.47E-09   6.36E-30   9.54E-30   1.06E-03   3.97E-04   3.15E-07
 4.22E+06   2.50E-29   2.83E-10   1.83E-09   1.13E-26   1.70E-26   1.45E-03   4.40E-04   3.50E-07
 4.38E+06   1.21E-26   3.20E-10   2.21E-09   5.49E-24   8.23E-24   1.87E-03   4.87E-04   3.84E-07
 4.52E+06   2.16E-24   3.53E-10   2.63E-09   9.78E-22   1.47E-21   2.27E-03   5.32E-04   4.16E-07
 4.68E+06   1.71E-22   3.85E-10   3.09E-09   7.74E-20   1.16E-19   2.63E-03   5.72E-04   4.46E-07
 4.82E+06   6.73E-21   4.15E-10   3.62E-09   3.05E-18   4.57E-18   2.92E-03   6.05E-04   4.75E-07
 4.98E+06   1.44E-19   4.46E-10   4.28E-09   6.53E-17   9.80E-17   3.15E-03   6.31E-04   5.02E-07
 5.12E+06   1.84E-18   4.79E-10   5.12E-09   8.31E-16   1.25E-15   3.33E-03   6.51E-04   5.29E-07
 5.28E+06   1.50E-17   5.15E-10   6.19E-09   6.79E-15   1.02E-14   3.46E-03   6.66E-04   5.55E-07
 5.42E+06   8.46E-17   5.55E-10   7.54E-09   3.83E-14   5.75E-14   3.56E-03   6.77E-04   5.80E-07
 5.58E+06   3.50E-16   5.99E-10   9.15E-09   1.59E-13   2.38E-13   3.63E-03   6.85E-04   6.05E-07
 5.72E+06   1.13E-15   6.47E-10   1.10E-08   5.09E-13   7.63E-13   3.68E-03   6.90E-04   6.29E-07
 5.88E+06   3.19E-15   7.01E-10   1.31E-08   1.37E-12   2.06E-12   3.71E-03   6.94E-04   6.52E-07
 6.02E+06   1.13E-14   7.63E-10   1.55E-08   3.86E-12   5.79E-12   3.74E-03   6.97E-04   6.75E-07
 6.18E+06   6.36E-14   8.35E-10   1.81E-08   1.58E-11   2.37E-11   3.75E-03   6.99E-04   6.97E-07
 6.32E+06   3.69E-13   9.19E-10   2.15E-08   7.89E-11   1.18E-10   3.76E-03   7.00E-04   7.19E-07
 6.48E+06   1.70E-12   1.02E-09   2.69E-08   3.46E-10   5.19E-10   3.77E-03   7.01E-04   7.43E-07
 6.62E+06   6.09E-12   1.15E-09   3.74E-08   1.21E-09   1.81E-09   3.78E-03   7.02E-04   7.75E-07
 6.78E+06   1.74E-11   1.31E-09   5.89E-08   3.41E-09   5.11E-09   3.78E-03   7.02E-04   8.25E-07
 6.92E+06   4.14E-11   1.54E-09   9.94E-08   7.99E-09   1.20E-08   3.78E-03   7.02E-04   9.09E-07
 7.08E+06   8.42E-11   1.86E-09   1.68E-07   1.60E-08   2.40E-08   3.78E-03   7.03E-04   1.04E-06
 7.22E+06   1.50E-10   2.30E-09   2.69E-07   2.83E-08   4.24E-08   3.78E-03   7.03E-04   1.23E-06
 7.38E+06   2.41E-10   2.90E-09   4.05E-07   4.48E-08   6.71E-08   3.78E-03   7.03E-04   1.48E-06
 7.52E+06   3.52E-10   3.69E-09   5.70E-07   6.48E-08   9.72E-08   3.78E-03   7.03E-04   1.78E-06
 7.68E+06   4.77E-10   4.68E-09   7.55E-07   8.71E-08   1.31E-07   3.78E-03   7.03E-04   2.11E-06
 7.82E+06   6.11E-10   5.92E-09   9.50E-07   1.10E-07   1.66E-07   3.78E-03   7.03E-04   2.45E-06
 7.98E+06   7.54E-10   7.42E-09   1.15E-06   1.33E-07   2.00E-07   3.78E-03   7.03E-04   2.79E-06
 8.12E+06   9.21E-10   9.21E-09   1.34E-06   1.56E-07   2.33E-07   3.78E-03   7.03E-04   3.12E-06
 8.28E+06   1.14E-09   1.14E-08   1.53E-06   1.77E-07   2.66E-07   3.78E-03   7.03E-04   3.44E-06
 8.42E+06   1.47E-09   1.41E-08   1.72E-06   1.98E-07   2.97E-07   3.79E-03   7.03E-04   3.76E-06
 8.58E+06   1.95E-09   1.74E-08   1.92E-06   2.19E-07   3.28E-07   3.79E-03   7.03E-04   4.09E-06
 8.72E+06   2.68E-09   2.16E-08   2.12E-06   2.40E-07   3.59E-07   3.79E-03   7.03E-04   4.42E-06
 8.88E+06   3.91E-09   2.68E-08   2.34E-06   2.61E-07   3.91E-07   3.79E-03   7.03E-04   4.77E-06
 9.02E+06   6.28E-09   3.29E-08   2.57E-06   2.83E-07   4.23E-07   3.79E-03   7.03E-04   5.13E-06
 9.18E+06   1.13E-08   4.00E-08   2.82E-06   3.05E-07   4.54E-07   3.79E-03   7.03E-04   5.49E-06
 9.32E+06   2.17E-08   4.77E-08   3.09E-06   3.27E-07   4.83E-07   3.79E-03   7.03E-04   5.85E-06
 9.48E+06   4.30E-08   5.57E-08   3.39E-06   3.48E-07   5.11E-07   3.79E-03   7.03E-04   6.20E-06
 9.62E+06   8.62E-08   6.43E-08   3.76E-06   3.68E-07   5.37E-07   3.79E-03   7.03E-04   6.54E-06
 9.78E+06   1.82E-07   7.40E-08   4.24E-06   3.88E-07   5.61E-07   3.79E-03   7.03E-04   6.89E-06
 9.92E+06   5.39E-07   9.32E-08   4.98E-06   4.10E-07   5.83E-07   3.79E-03   7.03E-04   7.32E-06

     Z      PH2O2      PCO2_1     PCO2_2     PH2CO_1    PH2CO_2    PHO2       PCH4_1     PCH4_2     
 2.50E+04   1.95E-06   4.27E-31   0.00E+00   1.65E-05   9.60E-06   5.74E-19   0.00E+00   0.00E+00
 1.75E+05   2.20E-06   3.65E-27   0.00E+00   1.90E-05   1.12E-05   3.32E-17   0.00E+00   0.00E+00
 3.25E+05   2.40E-06   2.24E-24   0.00E+00   2.11E-05   1.26E-05   1.31E-15   0.00E+00   0.00E+00
 4.75E+05   2.57E-06   2.23E-22   0.00E+00   2.31E-05   1.39E-05   3.30E-14   0.00E+00   0.00E+00
 6.25E+05   2.69E-06   7.48E-21   0.00E+00   2.49E-05   1.51E-05   5.46E-13   0.00E+00   0.00E+00
 7.75E+05   2.80E-06   1.30E-19   0.00E+00   2.65E-05   1.62E-05   6.24E-12   0.00E+00   0.00E+00
 9.25E+05   2.88E-06   1.46E-18   0.00E+00   2.79E-05   1.72E-05   5.16E-11   0.00E+00   0.00E+00
 1.08E+06   2.99E-06   1.15E-17   0.00E+00   2.93E-05   1.82E-05   3.18E-10   0.00E+00   0.00E+00
 1.22E+06   3.11E-06   6.29E-17   0.00E+00   3.04E-05   1.90E-05   1.43E-09   0.00E+00   0.00E+00
 1.38E+06   3.23E-06   2.58E-16   0.00E+00   3.14E-05   1.97E-05   5.02E-09   0.00E+00   0.00E+00
 1.52E+06   3.35E-06   8.72E-16   0.00E+00   3.24E-05   2.05E-05   1.50E-08   0.00E+00   0.00E+00
 1.68E+06   3.49E-06   2.60E-15   0.00E+00   3.33E-05   2.13E-05   4.07E-08   0.00E+00   0.00E+00
 1.82E+06   3.64E-06   7.20E-15   0.00E+00   3.42E-05   2.22E-05   1.03E-07   0.00E+00   0.00E+00
 1.98E+06   3.82E-06   1.88E-14   0.00E+00   3.50E-05   2.31E-05   2.45E-07   0.00E+00   0.00E+00
 2.12E+06   4.04E-06   4.64E-14   0.00E+00   3.57E-05   2.42E-05   5.50E-07   0.00E+00   0.00E+00
 2.28E+06   4.31E-06   1.08E-13   0.00E+00   3.64E-05   2.54E-05   1.16E-06   0.00E+00   0.00E+00
 2.42E+06   4.68E-06   2.33E-13   0.00E+00   3.71E-05   2.67E-05   2.31E-06   0.00E+00   0.00E+00
 2.58E+06   5.16E-06   4.67E-13   2.01-166   3.78E-05   2.81E-05   4.31E-06   1.63-164   3.17-164
 2.72E+06   5.82E-06   8.64E-13   1.19-135   3.85E-05   2.96E-05   7.61E-06   9.70-134   1.88-133
 2.88E+06   6.69E-06   1.49E-12   3.90-111   3.93E-05   3.13E-05   1.27E-05   3.16-109   6.14-109
 3.02E+06   7.84E-06   2.40E-12   1.21E-91   4.00E-05   3.31E-05   2.01E-05   9.84E-90   1.91E-89
 3.18E+06   9.28E-06   3.67E-12   3.59E-76   4.07E-05   3.49E-05   3.03E-05   2.92E-74   5.67E-74
 3.32E+06   1.11E-05   5.34E-12   6.67E-64   4.15E-05   3.67E-05   4.37E-05   5.42E-62   1.05E-61
 3.48E+06   1.32E-05   7.45E-12   3.64E-54   4.22E-05   3.85E-05   6.05E-05   2.96E-52   5.74E-52
 3.62E+06   1.57E-05   1.00E-11   2.04E-46   4.29E-05   4.03E-05   8.09E-05   1.66E-44   3.22E-44
 3.78E+06   1.86E-05   1.30E-11   3.14E-40   4.35E-05   4.19E-05   1.05E-04   2.55E-38   4.95E-38
 3.92E+06   2.21E-05   1.64E-11   2.85E-35   4.42E-05   4.34E-05   1.31E-04   2.32E-33   4.50E-33
 4.08E+06   2.60E-05   2.00E-11   2.82E-31   4.48E-05   4.47E-05   1.59E-04   2.29E-29   4.45E-29
 4.22E+06   3.01E-05   2.39E-11   5.03E-28   4.54E-05   4.57E-05   1.86E-04   4.09E-26   7.93E-26
 4.38E+06   3.42E-05   2.78E-11   2.44E-25   4.58E-05   4.66E-05   2.10E-04   1.98E-23   3.84E-23
 4.52E+06   3.79E-05   3.19E-11   4.34E-23   4.62E-05   4.73E-05   2.31E-04   3.53E-21   6.85E-21
 4.68E+06   4.10E-05   3.61E-11   3.44E-21   4.66E-05   4.78E-05   2.48E-04   2.79E-19   5.42E-19
 4.82E+06   4.35E-05   4.06E-11   1.35E-19   4.68E-05   4.82E-05   2.61E-04   1.10E-17   2.13E-17
 4.98E+06   4.55E-05   4.54E-11   2.90E-18   4.70E-05   4.85E-05   2.71E-04   2.35E-16   4.57E-16
 5.12E+06   4.71E-05   5.07E-11   3.69E-17   4.71E-05   4.87E-05   2.79E-04   3.00E-15   5.82E-15
 5.28E+06   4.82E-05   5.66E-11   3.02E-16   4.72E-05   4.89E-05   2.85E-04   2.45E-14   4.76E-14
 5.42E+06   4.91E-05   6.32E-11   1.70E-15   4.73E-05   4.90E-05   2.89E-04   1.38E-13   2.68E-13
 5.58E+06   4.97E-05   7.04E-11   7.04E-15   4.74E-05   4.91E-05   2.93E-04   5.72E-13   1.11E-12
 5.72E+06   5.01E-05   7.83E-11   2.26E-14   4.74E-05   4.91E-05   2.95E-04   1.84E-12   3.56E-12
 5.88E+06   5.05E-05   8.67E-11   6.13E-14   4.74E-05   4.92E-05   2.97E-04   4.99E-12   9.47E-12
 6.02E+06   5.07E-05   9.56E-11   1.79E-13   4.75E-05   4.92E-05   2.99E-04   1.48E-11   2.49E-11
 6.18E+06   5.09E-05   1.05E-10   7.80E-13   4.75E-05   4.92E-05   3.00E-04   6.61E-11   8.85E-11
 6.32E+06   5.10E-05   1.15E-10   4.04E-12   4.75E-05   4.92E-05   3.01E-04   3.47E-10   4.05E-10
 6.48E+06   5.11E-05   1.26E-10   1.79E-11   4.75E-05   4.92E-05   3.01E-04   1.54E-09   1.72E-09
 6.62E+06   5.12E-05   1.38E-10   6.28E-11   4.75E-05   4.93E-05   3.02E-04   5.41E-09   5.94E-09
 6.78E+06   5.13E-05   1.52E-10   1.77E-10   4.75E-05   4.93E-05   3.02E-04   1.52E-08   1.66E-08
 6.92E+06   5.13E-05   1.67E-10   4.14E-10   4.75E-05   4.93E-05   3.03E-04   3.56E-08   3.88E-08
 7.08E+06   5.14E-05   1.86E-10   8.31E-10   4.76E-05   4.93E-05   3.03E-04   7.14E-08   7.76E-08
 7.22E+06   5.16E-05   2.07E-10   1.46E-09   4.76E-05   4.94E-05   3.03E-04   1.26E-07   1.36E-07
 7.38E+06   5.17E-05   2.33E-10   2.32E-09   4.77E-05   4.94E-05   3.04E-04   1.99E-07   2.16E-07
 7.52E+06   5.19E-05   2.63E-10   3.36E-09   4.77E-05   4.95E-05   3.04E-04   2.88E-07   3.12E-07
 7.68E+06   5.21E-05   2.97E-10   4.51E-09   4.78E-05   4.96E-05   3.04E-04   3.86E-07   4.18E-07
 7.82E+06   5.24E-05   3.36E-10   5.72E-09   4.79E-05   4.97E-05   3.04E-04   4.89E-07   5.29E-07
 7.98E+06   5.26E-05   3.79E-10   6.92E-09   4.80E-05   4.97E-05   3.05E-04   5.91E-07   6.39E-07
 8.12E+06   5.28E-05   4.26E-10   8.08E-09   4.81E-05   4.98E-05   3.05E-04   6.90E-07   7.46E-07
 8.28E+06   5.31E-05   4.78E-10   9.21E-09   4.81E-05   4.99E-05   3.05E-04   7.86E-07   8.50E-07
 8.42E+06   5.33E-05   5.35E-10   1.03E-08   4.82E-05   5.00E-05   3.05E-04   8.82E-07   9.53E-07
 8.58E+06   5.35E-05   6.00E-10   1.15E-08   4.83E-05   5.01E-05   3.06E-04   9.79E-07   1.06E-06
 8.72E+06   5.38E-05   6.75E-10   1.28E-08   4.84E-05   5.02E-05   3.06E-04   1.08E-06   1.17E-06
 8.88E+06   5.40E-05   7.63E-10   1.43E-08   4.85E-05   5.03E-05   3.06E-04   1.19E-06   1.29E-06
 9.02E+06   5.43E-05   8.73E-10   1.59E-08   4.86E-05   5.04E-05   3.06E-04   1.30E-06   1.40E-06
 9.18E+06   5.45E-05   1.02E-09   1.78E-08   4.88E-05   5.06E-05   3.07E-04   1.41E-06   1.53E-06
 9.32E+06   5.48E-05   1.24E-09   1.98E-08   4.91E-05   5.08E-05   3.07E-04   1.53E-06   1.65E-06
 9.48E+06   5.51E-05   1.60E-09   2.21E-08   4.94E-05   5.12E-05   3.07E-04   1.64E-06   1.76E-06
 9.62E+06   5.54E-05   2.19E-09   2.49E-08   4.98E-05   5.16E-05   3.07E-04   1.76E-06   1.88E-06
 9.78E+06   5.59E-05   3.09E-09   2.93E-08   5.02E-05   5.20E-05   3.07E-04   1.87E-06   1.99E-06
 9.92E+06   5.66E-05   4.34E-09   4.33E-08   5.08E-05   5.26E-05   3.07E-04   2.00E-06   2.11E-06

     Z      PCH4_3     PC2H6_1    PC2H6_2    PHNO2_1    PHNO3      PHNO3_3    PHNO3_1    PNO        
 2.50E+04   0.00E+00   0.00E+00   0.00E+00   5.39E-04   1.48E-07   2.20E-26   1.58E-26   0.00E+00
 1.75E+05   0.00E+00   0.00E+00   0.00E+00   5.98E-04   1.66E-07   2.84E-22   2.04E-22   0.00E+00
 3.25E+05   0.00E+00   0.00E+00   0.00E+00   6.51E-04   1.79E-07   1.89E-19   1.36E-19   0.00E+00
 4.75E+05   0.00E+00   0.00E+00   0.00E+00   6.99E-04   1.88E-07   1.95E-17   1.40E-17   7.54-119
 6.25E+05   0.00E+00   0.00E+00   0.00E+00   7.43E-04   1.92E-07   6.74E-16   4.84E-16   7.16E-90
 7.75E+05   0.00E+00   0.00E+00   0.00E+00   7.82E-04   1.91E-07   1.20E-14   8.59E-15   1.92E-72
 9.25E+05   0.00E+00   0.00E+00   0.00E+00   8.17E-04   1.88E-07   1.36E-13   9.79E-14   1.57E-59
 1.08E+06   0.00E+00   0.00E+00   0.00E+00   8.48E-04   1.89E-07   1.09E-12   7.86E-13   2.80E-49
 1.22E+06   0.00E+00   0.00E+00   0.00E+00   8.75E-04   1.98E-07   6.17E-12   4.43E-12   4.37E-41
 1.38E+06   0.00E+00   0.00E+00   0.00E+00   8.99E-04   2.09E-07   2.60E-11   1.87E-11   1.42E-34
 1.52E+06   0.00E+00   0.00E+00   0.00E+00   9.21E-04   2.26E-07   9.08E-11   6.52E-11   2.18E-29
 1.68E+06   0.00E+00   0.00E+00   0.00E+00   9.41E-04   2.55E-07   2.81E-10   2.02E-10   3.05E-25
 1.82E+06   0.00E+00   0.00E+00   0.00E+00   9.57E-04   3.08E-07   8.16E-10   5.86E-10   6.64E-22
 1.98E+06   0.00E+00   0.00E+00   0.00E+00   9.70E-04   4.09E-07   2.27E-09   1.63E-09   3.40E-19
 2.12E+06   0.00E+00   0.00E+00   0.00E+00   9.81E-04   5.98E-07   6.02E-09   4.32E-09   5.61E-17
 2.28E+06   0.00E+00   0.00E+00   0.00E+00   9.89E-04   9.40E-07   1.50E-08   1.08E-08   3.79E-15
 2.42E+06   0.00E+00   0.00E+00   0.00E+00   9.97E-04   1.52E-06   3.47E-08   2.49E-08   1.24E-13
 2.58E+06   4.90-164   0.00E+00   3.23-165   1.00E-03   2.44E-06   7.32E-08   5.26E-08   2.22E-12
 2.72E+06   2.91-133   0.00E+00   1.91-134   1.01E-03   3.80E-06   1.42E-07   1.02E-07   2.40E-11
 2.88E+06   9.48-109   0.00E+00   6.24-110   1.01E-03   5.66E-06   2.52E-07   1.81E-07   1.68E-10
 3.02E+06   2.95E-89   0.00E+00   1.94E-90   1.02E-03   8.05E-06   4.16E-07   2.99E-07   8.16E-10
 3.18E+06   8.74E-74   0.00E+00   5.76E-75   1.03E-03   1.09E-05   6.43E-07   4.62E-07   2.94E-09
 3.32E+06   1.62E-61   0.00E+00   1.07E-62   1.04E-03   1.42E-05   9.38E-07   6.73E-07   8.30E-09
 3.48E+06   8.86E-52   0.00E+00   5.84E-53   1.04E-03   1.77E-05   1.30E-06   9.32E-07   1.93E-08
 3.62E+06   4.97E-44   0.00E+00   3.27E-45   1.05E-03   2.14E-05   1.72E-06   1.23E-06   3.84E-08
 3.78E+06   7.64E-38   0.00E+00   5.04E-39   1.07E-03   2.51E-05   2.18E-06   1.57E-06   6.78E-08
 3.92E+06   6.94E-33   0.00E+00   4.58E-34   1.08E-03   2.89E-05   2.68E-06   1.93E-06   1.09E-07
 4.08E+06   6.87E-29   0.00E+00   4.53E-30   1.09E-03   3.24E-05   3.19E-06   2.29E-06   1.61E-07
 4.22E+06   1.22E-25   0.00E+00   8.06E-27   1.10E-03   3.57E-05   3.70E-06   2.66E-06   2.25E-07
 4.38E+06   5.93E-23   0.00E+00   3.91E-24   1.12E-03   3.86E-05   4.20E-06   3.02E-06   2.99E-07
 4.52E+06   1.06E-20   0.00E+00   6.96E-22   1.13E-03   4.11E-05   4.69E-06   3.37E-06   3.83E-07
 4.68E+06   8.36E-19   0.00E+00   5.51E-20   1.14E-03   4.31E-05   5.16E-06   3.71E-06   4.75E-07
 4.82E+06   3.29E-17   0.00E+00   2.17E-18   1.14E-03   4.48E-05   5.63E-06   4.04E-06   5.75E-07
 4.98E+06   7.05E-16   0.00E+00   4.65E-17   1.15E-03   4.61E-05   6.09E-06   4.38E-06   6.81E-07
 5.12E+06   8.97E-15   0.00E+00   5.91E-16   1.15E-03   4.72E-05   6.55E-06   4.70E-06   7.93E-07
 5.28E+06   7.34E-14   0.00E+00   4.83E-15   1.16E-03   4.81E-05   7.00E-06   5.03E-06   9.09E-07
 5.42E+06   4.14E-13   0.00E+00   2.73E-14   1.16E-03   4.89E-05   7.45E-06   5.35E-06   1.03E-06
 5.58E+06   1.71E-12   0.00E+00   1.13E-13   1.16E-03   4.94E-05   7.89E-06   5.66E-06   1.15E-06
 5.72E+06   5.48E-12   0.00E+00   3.64E-13   1.16E-03   4.99E-05   8.32E-06   5.97E-06   1.28E-06
 5.88E+06   1.42E-11   0.00E+00   1.04E-12   1.16E-03   5.03E-05   8.73E-06   6.27E-06   1.40E-06
 6.02E+06   3.16E-11   0.00E+00   3.93E-12   1.16E-03   5.07E-05   9.13E-06   6.55E-06   1.53E-06
 6.18E+06   6.64E-11   0.00E+00   2.33E-11   1.16E-03   5.09E-05   9.51E-06   6.83E-06   1.65E-06
 6.32E+06   1.54E-10   0.00E+00   1.37E-10   1.16E-03   5.12E-05   9.88E-06   7.09E-06   1.77E-06
 6.48E+06   4.20E-10   0.00E+00   6.24E-10   1.16E-03   5.14E-05   1.02E-05   7.35E-06   1.90E-06
 6.62E+06   1.18E-09   0.00E+00   2.19E-09   1.16E-03   5.16E-05   1.06E-05   7.60E-06   2.03E-06
 6.78E+06   3.03E-09   0.00E+00   6.12E-09   1.16E-03   5.17E-05   1.09E-05   7.85E-06   2.16E-06
 6.92E+06   6.78E-09   0.00E+00   1.41E-08   1.16E-03   5.19E-05   1.13E-05   8.10E-06   2.30E-06
 7.08E+06   1.33E-08   0.00E+00   2.80E-08   1.16E-03   5.21E-05   1.16E-05   8.36E-06   2.45E-06
 7.22E+06   2.30E-08   0.00E+00   4.87E-08   1.16E-03   5.23E-05   1.20E-05   8.65E-06   2.62E-06
 7.38E+06   3.61E-08   0.00E+00   7.62E-08   1.16E-03   5.25E-05   1.25E-05   8.96E-06   2.80E-06
 7.52E+06   5.19E-08   0.00E+00   1.09E-07   1.16E-03   5.29E-05   1.29E-05   9.29E-06   3.01E-06
 7.68E+06   6.93E-08   0.00E+00   1.45E-07   1.16E-03   5.34E-05   1.34E-05   9.64E-06   3.22E-06
 7.82E+06   8.75E-08   0.00E+00   1.83E-07   1.16E-03   5.38E-05   1.39E-05   1.00E-05   3.45E-06
 7.98E+06   1.06E-07   0.00E+00   2.20E-07   1.16E-03   5.42E-05   1.44E-05   1.04E-05   3.68E-06
 8.12E+06   1.23E-07   0.00E+00   2.56E-07   1.16E-03   5.47E-05   1.50E-05   1.07E-05   3.92E-06
 8.28E+06   1.41E-07   0.00E+00   2.92E-07   1.16E-03   5.51E-05   1.55E-05   1.11E-05   4.16E-06
 8.42E+06   1.58E-07   0.00E+00   3.29E-07   1.16E-03   5.55E-05   1.60E-05   1.15E-05   4.40E-06
 8.58E+06   1.76E-07   0.00E+00   3.69E-07   1.16E-03   5.60E-05   1.64E-05   1.18E-05   4.64E-06
 8.72E+06   1.96E-07   0.00E+00   4.12E-07   1.16E-03   5.64E-05   1.69E-05   1.22E-05   4.88E-06
 8.88E+06   2.16E-07   0.00E+00   4.59E-07   1.16E-03   5.68E-05   1.74E-05   1.25E-05   5.12E-06
 9.02E+06   2.38E-07   0.00E+00   5.09E-07   1.16E-03   5.72E-05   1.79E-05   1.28E-05   5.36E-06
 9.18E+06   2.59E-07   0.00E+00   5.60E-07   1.16E-03   5.76E-05   1.84E-05   1.32E-05   5.61E-06
 9.32E+06   2.81E-07   0.00E+00   6.12E-07   1.17E-03   5.80E-05   1.88E-05   1.35E-05   5.87E-06
 9.48E+06   3.02E-07   0.00E+00   6.63E-07   1.17E-03   5.84E-05   1.93E-05   1.39E-05   6.15E-06
 9.62E+06   3.23E-07   0.00E+00   7.12E-07   1.17E-03   5.89E-05   1.99E-05   1.43E-05   6.48E-06
 9.78E+06   3.42E-07   0.00E+00   7.59E-07   1.17E-03   5.94E-05   2.05E-05   1.47E-05   6.88E-06
 9.92E+06   3.61E-07   0.00E+00   8.05E-07   1.17E-03   6.01E-05   2.13E-05   1.53E-05   7.49E-06

     Z      PNO2_O1D   PNO2       PCH3_1     PSO        PH2S       PSO2       PSO2_SO21  PSO2_SO23  
 2.50E+04   2.75E-20   3.57E-03   3.18E-19   8.70E-19   2.34E-14   4.86E-19   3.51E-05   4.26E-07
 1.75E+05   1.55E-18   3.91E-03   1.81E-17   5.41E-17   2.84E-14   3.10E-17   4.15E-05   4.70E-07
 3.25E+05   5.96E-17   4.22E-03   7.07E-16   2.29E-15   3.41E-14   1.35E-15   4.74E-05   5.09E-07
 4.75E+05   1.47E-15   4.50E-03   1.76E-14   6.08E-14   6.42E-14   3.65E-14   5.28E-05   5.44E-07
 6.25E+05   2.39E-14   4.75E-03   2.86E-13   1.04E-12   5.07E-13   6.36E-13   5.79E-05   5.76E-07
 7.75E+05   2.69E-13   4.97E-03   3.21E-12   1.22E-11   5.59E-12   7.52E-12   6.26E-05   6.04E-07
 9.25E+05   2.20E-12   5.18E-03   2.61E-11   1.03E-10   4.74E-11   6.39E-11   6.71E-05   6.30E-07
 1.08E+06   1.34E-11   5.36E-03   1.58E-10   6.44E-10   2.99E-10   4.01E-10   7.12E-05   6.53E-07
 1.22E+06   6.00E-11   5.51E-03   6.98E-10   2.93E-09   1.37E-09   1.83E-09   7.50E-05   6.73E-07
 1.38E+06   2.10E-10   5.65E-03   2.42E-09   1.04E-08   4.89E-09   6.51E-09   7.87E-05   6.90E-07
 1.52E+06   6.26E-10   5.78E-03   7.15E-09   3.13E-08   1.48E-08   1.96E-08   8.30E-05   7.06E-07
 1.68E+06   1.69E-09   5.90E-03   1.92E-08   8.49E-08   4.01E-08   5.31E-08   8.83E-05   7.20E-07
 1.82E+06   4.28E-09   6.00E-03   4.82E-08   2.14E-07   1.01E-07   1.33E-07   9.50E-05   7.32E-07
 1.98E+06   1.02E-08   6.08E-03   1.15E-07   5.06E-07   2.37E-07   3.14E-07   1.04E-04   7.41E-07
 2.12E+06   2.31E-08   6.14E-03   2.58E-07   1.12E-06   5.24E-07   6.93E-07   1.15E-04   7.48E-07
 2.28E+06   4.92E-08   6.19E-03   5.50E-07   2.34E-06   1.08E-06   1.43E-06   1.29E-04   7.53E-07
 2.42E+06   9.88E-08   6.23E-03   1.11E-06   4.56E-06   2.09E-06   2.77E-06   1.46E-04   7.57E-07
 2.58E+06   1.87E-07   6.27E-03   2.13E-06   8.30E-06   3.78E-06   5.01E-06   1.67E-04   7.60E-07
 2.72E+06   3.36E-07   6.30E-03   3.90E-06   1.42E-05   6.41E-06   8.49E-06   1.93E-04   7.62E-07
 2.88E+06   5.70E-07   6.33E-03   6.76E-06   2.27E-05   1.02E-05   1.35E-05   2.25E-04   7.64E-07
 3.02E+06   9.21E-07   6.35E-03   1.11E-05   3.41E-05   1.54E-05   2.03E-05   2.62E-04   7.65E-07
 3.18E+06   1.42E-06   6.37E-03   1.69E-05   4.84E-05   2.19E-05   2.87E-05   3.06E-04   7.67E-07
 3.32E+06   2.09E-06   6.39E-03   2.42E-05   6.51E-05   2.97E-05   3.86E-05   3.55E-04   7.68E-07
 3.48E+06   2.95E-06   6.41E-03   3.24E-05   8.35E-05   3.87E-05   4.96E-05   4.08E-04   7.68E-07
 3.62E+06   4.01E-06   6.43E-03   4.10E-05   1.03E-04   4.84E-05   6.11E-05   4.65E-04   7.69E-07
 3.78E+06   5.25E-06   6.44E-03   4.94E-05   1.22E-04   5.86E-05   7.26E-05   5.24E-04   7.69E-07
 3.92E+06   6.63E-06   6.45E-03   5.70E-05   1.39E-04   6.88E-05   8.34E-05   5.85E-04   7.69E-07
 4.08E+06   8.02E-06   6.46E-03   6.34E-05   1.55E-04   7.83E-05   9.29E-05   6.43E-04   7.70E-07
 4.22E+06   9.32E-06   6.47E-03   6.86E-05   1.68E-04   8.68E-05   1.01E-04   6.97E-04   7.70E-07
 4.38E+06   1.05E-05   6.48E-03   7.27E-05   1.79E-04   9.40E-05   1.07E-04   7.44E-04   7.70E-07
 4.52E+06   1.14E-05   6.49E-03   7.57E-05   1.87E-04   9.99E-05   1.13E-04   7.83E-04   7.70E-07
 4.68E+06   1.22E-05   6.49E-03   7.81E-05   1.94E-04   1.05E-04   1.17E-04   8.14E-04   7.70E-07
 4.82E+06   1.27E-05   6.49E-03   7.99E-05   2.00E-04   1.09E-04   1.20E-04   8.39E-04   7.70E-07
 4.98E+06   1.32E-05   6.50E-03   8.12E-05   2.04E-04   1.12E-04   1.23E-04   8.57E-04   7.71E-07
 5.12E+06   1.36E-05   6.50E-03   8.22E-05   2.08E-04   1.14E-04   1.25E-04   8.70E-04   7.71E-07
 5.28E+06   1.38E-05   6.50E-03   8.30E-05   2.10E-04   1.16E-04   1.27E-04   8.80E-04   7.71E-07
 5.42E+06   1.40E-05   6.50E-03   8.36E-05   2.13E-04   1.17E-04   1.29E-04   8.87E-04   7.71E-07
 5.58E+06   1.42E-05   6.50E-03   8.40E-05   2.15E-04   1.19E-04   1.30E-04   8.92E-04   7.71E-07
 5.72E+06   1.43E-05   6.50E-03   8.44E-05   2.16E-04   1.20E-04   1.31E-04   8.96E-04   7.71E-07
 5.88E+06   1.45E-05   6.50E-03   8.46E-05   2.17E-04   1.21E-04   1.32E-04   8.98E-04   7.71E-07
 6.02E+06   1.45E-05   6.50E-03   8.48E-05   2.19E-04   1.21E-04   1.32E-04   9.00E-04   7.71E-07
 6.18E+06   1.46E-05   6.50E-03   8.50E-05   2.19E-04   1.22E-04   1.33E-04   9.01E-04   7.71E-07
 6.32E+06   1.47E-05   6.50E-03   8.51E-05   2.20E-04   1.22E-04   1.34E-04   9.02E-04   7.71E-07
 6.48E+06   1.48E-05   6.50E-03   8.52E-05   2.21E-04   1.23E-04   1.34E-04   9.03E-04   7.71E-07
 6.62E+06   1.48E-05   6.50E-03   8.53E-05   2.22E-04   1.23E-04   1.35E-04   9.03E-04   7.71E-07
 6.78E+06   1.49E-05   6.50E-03   8.53E-05   2.22E-04   1.24E-04   1.35E-04   9.03E-04   7.71E-07
 6.92E+06   1.50E-05   6.50E-03   8.54E-05   2.22E-04   1.24E-04   1.36E-04   9.03E-04   7.71E-07
 7.08E+06   1.51E-05   6.51E-03   8.54E-05   2.23E-04   1.24E-04   1.36E-04   9.03E-04   7.71E-07
 7.22E+06   1.53E-05   6.51E-03   8.54E-05   2.23E-04   1.25E-04   1.37E-04   9.03E-04   7.71E-07
 7.38E+06   1.54E-05   6.51E-03   8.54E-05   2.23E-04   1.26E-04   1.37E-04   9.03E-04   7.71E-07
 7.52E+06   1.56E-05   6.51E-03   8.55E-05   2.24E-04   1.26E-04   1.38E-04   9.04E-04   7.71E-07
 7.68E+06   1.58E-05   6.51E-03   8.55E-05   2.24E-04   1.27E-04   1.39E-04   9.04E-04   7.71E-07
 7.82E+06   1.60E-05   6.51E-03   8.55E-05   2.24E-04   1.28E-04   1.40E-04   9.04E-04   7.71E-07
 7.98E+06   1.63E-05   6.51E-03   8.55E-05   2.24E-04   1.28E-04   1.41E-04   9.04E-04   7.71E-07
 8.12E+06   1.65E-05   6.51E-03   8.55E-05   2.24E-04   1.29E-04   1.42E-04   9.04E-04   7.71E-07
 8.28E+06   1.67E-05   6.51E-03   8.55E-05   2.25E-04   1.30E-04   1.42E-04   9.04E-04   7.71E-07
 8.42E+06   1.70E-05   6.51E-03   8.55E-05   2.25E-04   1.30E-04   1.43E-04   9.04E-04   7.71E-07
 8.58E+06   1.72E-05   6.51E-03   8.55E-05   2.25E-04   1.31E-04   1.44E-04   9.04E-04   7.71E-07
 8.72E+06   1.74E-05   6.51E-03   8.55E-05   2.25E-04   1.31E-04   1.45E-04   9.04E-04   7.71E-07
 8.88E+06   1.77E-05   6.51E-03   8.55E-05   2.25E-04   1.32E-04   1.45E-04   9.04E-04   7.71E-07
 9.02E+06   1.80E-05   6.51E-03   8.55E-05   2.25E-04   1.33E-04   1.46E-04   9.04E-04   7.71E-07
 9.18E+06   1.83E-05   6.51E-03   8.55E-05   2.25E-04   1.33E-04   1.47E-04   9.04E-04   7.71E-07
 9.32E+06   1.86E-05   6.51E-03   8.55E-05   2.25E-04   1.34E-04   1.48E-04   9.04E-04   7.71E-07
 9.48E+06   1.89E-05   6.51E-03   8.55E-05   2.25E-04   1.35E-04   1.49E-04   9.04E-04   7.71E-07
 9.62E+06   1.93E-05   6.51E-03   8.55E-05   2.25E-04   1.35E-04   1.49E-04   9.04E-04   7.71E-07
 9.78E+06   1.98E-05   6.51E-03   8.55E-05   2.26E-04   1.36E-04   1.50E-04   9.04E-04   7.71E-07
 9.92E+06   2.07E-05   6.51E-03   8.55E-05   2.26E-04   1.37E-04   1.51E-04   9.04E-04   7.71E-07

     Z      PS2        PS4        PS3        PS8L       PS8R       PS8        PSO3       PHSO       
 2.50E+04   2.80E-05   1.15E-01   5.34E-01   0.00E+00   0.00E+00   7.59E-14   6.44E-08   5.74E-19
 1.75E+05   3.30E-05   1.19E-01   5.74E-01   0.00E+00   0.00E+00   1.06E-13   7.52E-08   3.32E-17
 3.25E+05   3.76E-05   1.22E-01   6.09E-01   0.00E+00   0.00E+00   1.45E-13   8.48E-08   1.31E-15
 4.75E+05   4.19E-05   1.26E-01   6.41E-01   0.00E+00   0.00E+00   1.93E-13   9.37E-08   3.30E-14
 6.25E+05   4.58E-05   1.28E-01   6.70E-01   0.00E+00   0.00E+00   2.54E-13   1.02E-07   5.46E-13
 7.75E+05   4.94E-05   1.31E-01   6.95E-01   0.00E+00   0.00E+00   3.31E-13   1.09E-07   6.24E-12
 9.25E+05   5.28E-05   1.33E-01   7.19E-01   0.00E+00   0.00E+00   4.31E-13   1.16E-07   5.16E-11
 1.08E+06   5.60E-05   1.35E-01   7.39E-01   0.00E+00   0.00E+00   5.68E-13   1.22E-07   3.18E-10
 1.22E+06   5.89E-05   1.37E-01   7.57E-01   0.00E+00   0.00E+00   7.57E-13   1.28E-07   1.43E-09
 1.38E+06   6.17E-05   1.39E-01   7.74E-01   0.00E+00   0.00E+00   1.01E-12   1.34E-07   5.02E-09
 1.52E+06   6.48E-05   1.41E-01   7.89E-01   0.00E+00   0.00E+00   1.35E-12   1.41E-07   1.50E-08
 1.68E+06   6.86E-05   1.43E-01   8.02E-01   0.00E+00   0.00E+00   1.80E-12   1.50E-07   4.07E-08
 1.82E+06   7.33E-05   1.45E-01   8.13E-01   0.00E+00   0.00E+00   2.40E-12   1.65E-07   1.03E-07
 1.98E+06   7.91E-05   1.46E-01   8.22E-01   0.00E+00   0.00E+00   3.20E-12   1.91E-07   2.45E-07
 2.12E+06   8.64E-05   1.47E-01   8.28E-01   0.00E+00   0.00E+00   4.26E-12   2.38E-07   5.50E-07
 2.28E+06   9.54E-05   1.47E-01   8.33E-01   0.00E+00   0.00E+00   5.69E-12   3.22E-07   1.16E-06
 2.42E+06   1.07E-04   1.48E-01   8.36E-01   0.00E+00   0.00E+00   7.61E-12   4.68E-07   2.31E-06
 2.58E+06   1.20E-04   1.48E-01   8.39E-01   0.00E+00   0.00E+00   1.02E-11   7.08E-07   4.31E-06
 2.72E+06   1.37E-04   1.49E-01   8.41E-01   0.00E+00   0.00E+00   1.37E-11   1.08E-06   7.61E-06
 2.88E+06   1.57E-04   1.49E-01   8.43E-01   0.00E+00   0.00E+00   1.86E-11   1.62E-06   1.27E-05
 3.02E+06   1.82E-04   1.49E-01   8.44E-01   0.00E+00   0.00E+00   2.52E-11   2.36E-06   2.01E-05
 3.18E+06   2.10E-04   1.49E-01   8.45E-01   0.00E+00   0.00E+00   3.43E-11   3.31E-06   3.03E-05
 3.32E+06   2.43E-04   1.49E-01   8.46E-01   0.00E+00   0.00E+00   4.66E-11   4.45E-06   4.37E-05
 3.48E+06   2.78E-04   1.49E-01   8.46E-01   0.00E+00   0.00E+00   6.33E-11   5.76E-06   6.05E-05
 3.62E+06   3.16E-04   1.50E-01   8.47E-01   0.00E+00   0.00E+00   8.57E-11   7.23E-06   8.09E-05
 3.78E+06   3.54E-04   1.50E-01   8.47E-01   0.00E+00   0.00E+00   1.16E-10   8.81E-06   1.05E-04
 3.92E+06   3.91E-04   1.50E-01   8.48E-01   0.00E+00   0.00E+00   1.56E-10   1.05E-05   1.31E-04
 4.08E+06   4.26E-04   1.50E-01   8.48E-01   0.00E+00   0.00E+00   2.08E-10   1.21E-05   1.59E-04
 4.22E+06   4.56E-04   1.50E-01   8.48E-01   0.00E+00   0.00E+00   2.76E-10   1.37E-05   1.86E-04
 4.38E+06   4.82E-04   1.50E-01   8.48E-01   0.00E+00   0.00E+00   3.61E-10   1.52E-05   2.10E-04
 4.52E+06   5.02E-04   1.50E-01   8.48E-01   0.00E+00   0.00E+00   4.66E-10   1.64E-05   2.31E-04
 4.68E+06   5.18E-04   1.50E-01   8.48E-01   0.00E+00   0.00E+00   5.93E-10   1.75E-05   2.48E-04
 4.82E+06   5.30E-04   1.50E-01   8.48E-01   0.00E+00   0.00E+00   7.47E-10   1.83E-05   2.61E-04
 4.98E+06   5.40E-04   1.50E-01   8.48E-01   0.00E+00   0.00E+00   9.34E-10   1.90E-05   2.71E-04
 5.12E+06   5.46E-04   1.50E-01   8.48E-01   0.00E+00   0.00E+00   1.16E-09   1.95E-05   2.79E-04
 5.28E+06   5.51E-04   1.50E-01   8.48E-01   0.00E+00   0.00E+00   1.44E-09   1.99E-05   2.85E-04
 5.42E+06   5.55E-04   1.50E-01   8.49E-01   0.00E+00   0.00E+00   1.77E-09   2.03E-05   2.89E-04
 5.58E+06   5.57E-04   1.50E-01   8.49E-01   0.00E+00   0.00E+00   2.18E-09   2.05E-05   2.93E-04
 5.72E+06   5.59E-04   1.50E-01   8.49E-01   0.00E+00   0.00E+00   2.69E-09   2.07E-05   2.95E-04
 5.88E+06   5.60E-04   1.50E-01   8.49E-01   0.00E+00   0.00E+00   3.31E-09   2.09E-05   2.97E-04
 6.02E+06   5.61E-04   1.50E-01   8.49E-01   0.00E+00   0.00E+00   4.07E-09   2.10E-05   2.99E-04
 6.18E+06   5.61E-04   1.50E-01   8.49E-01   0.00E+00   0.00E+00   5.02E-09   2.11E-05   3.00E-04
 6.32E+06   5.62E-04   1.50E-01   8.49E-01   0.00E+00   0.00E+00   6.20E-09   2.12E-05   3.01E-04
 6.48E+06   5.62E-04   1.50E-01   8.49E-01   0.00E+00   0.00E+00   7.67E-09   2.13E-05   3.01E-04
 6.62E+06   5.62E-04   1.50E-01   8.49E-01   0.00E+00   0.00E+00   9.49E-09   2.14E-05   3.02E-04
 6.78E+06   5.62E-04   1.50E-01   8.49E-01   0.00E+00   0.00E+00   1.18E-08   2.14E-05   3.02E-04
 6.92E+06   5.63E-04   1.50E-01   8.49E-01   0.00E+00   0.00E+00   1.46E-08   2.15E-05   3.03E-04
 7.08E+06   5.63E-04   1.50E-01   8.49E-01   0.00E+00   0.00E+00   1.82E-08   2.16E-05   3.03E-04
 7.22E+06   5.63E-04   1.50E-01   8.49E-01   0.00E+00   0.00E+00   2.28E-08   2.16E-05   3.03E-04
 7.38E+06   5.63E-04   1.50E-01   8.49E-01   0.00E+00   0.00E+00   2.85E-08   2.17E-05   3.04E-04
 7.52E+06   5.63E-04   1.50E-01   8.49E-01   0.00E+00   0.00E+00   3.58E-08   2.18E-05   3.04E-04
 7.68E+06   5.63E-04   1.50E-01   8.49E-01   0.00E+00   0.00E+00   4.49E-08   2.18E-05   3.04E-04
 7.82E+06   5.63E-04   1.50E-01   8.49E-01   0.00E+00   0.00E+00   5.65E-08   2.19E-05   3.04E-04
 7.98E+06   5.63E-04   1.50E-01   8.49E-01   0.00E+00   0.00E+00   7.09E-08   2.19E-05   3.05E-04
 8.12E+06   5.63E-04   1.50E-01   8.49E-01   0.00E+00   0.00E+00   8.90E-08   2.20E-05   3.05E-04
 8.28E+06   5.63E-04   1.50E-01   8.49E-01   0.00E+00   0.00E+00   1.12E-07   2.21E-05   3.05E-04
 8.42E+06   5.63E-04   1.50E-01   8.49E-01   0.00E+00   0.00E+00   1.40E-07   2.21E-05   3.05E-04
 8.58E+06   5.63E-04   1.50E-01   8.49E-01   0.00E+00   0.00E+00   1.76E-07   2.22E-05   3.06E-04
 8.72E+06   5.63E-04   1.50E-01   8.49E-01   0.00E+00   0.00E+00   2.21E-07   2.23E-05   3.06E-04
 8.88E+06   5.63E-04   1.50E-01   8.49E-01   0.00E+00   0.00E+00   2.77E-07   2.23E-05   3.06E-04
 9.02E+06   5.63E-04   1.50E-01   8.49E-01   0.00E+00   0.00E+00   3.47E-07   2.24E-05   3.06E-04
 9.18E+06   5.63E-04   1.50E-01   8.49E-01   0.00E+00   0.00E+00   4.35E-07   2.25E-05   3.07E-04
 9.32E+06   5.63E-04   1.50E-01   8.49E-01   0.00E+00   0.00E+00   5.45E-07   2.26E-05   3.07E-04
 9.48E+06   5.63E-04   1.50E-01   8.49E-01   0.00E+00   0.00E+00   6.82E-07   2.26E-05   3.07E-04
 9.62E+06   5.63E-04   1.50E-01   8.49E-01   0.00E+00   0.00E+00   8.53E-07   2.27E-05   3.07E-04
 9.78E+06   5.63E-04   1.50E-01   8.49E-01   0.00E+00   0.00E+00   1.07E-06   2.29E-05   3.07E-04
 9.92E+06   5.63E-04   1.50E-01   8.49E-01   0.00E+00   0.00E+00   1.33E-06   2.34E-05   3.07E-04

     Z      POCS       PNO3_NO    PNO3_NO2   PN2O       PHO2NO2_NO2PHO2NO2_NO3PN2O5_NO2  PN2O5_NO   
 2.50E+04   9.93E-12   1.06E-02   8.31E-02   7.59E-22   1.49E-06   3.72E-07   3.09E-10   9.97E-06
 1.75E+05   1.19E-11   1.08E-02   8.46E-02   5.41E-20   1.73E-06   4.33E-07   3.87E-10   1.14E-05
 3.25E+05   1.36E-11   1.10E-02   8.59E-02   2.63E-18   1.95E-06   4.89E-07   4.65E-10   1.27E-05
 4.75E+05   1.53E-11   1.12E-02   8.69E-02   7.68E-17   2.16E-06   5.39E-07   5.44E-10   1.39E-05
 6.25E+05   1.69E-11   1.14E-02   8.76E-02   1.37E-15   2.34E-06   5.86E-07   6.27E-10   1.50E-05
 7.75E+05   1.85E-11   1.15E-02   8.80E-02   1.62E-14   2.51E-06   6.29E-07   7.23E-10   1.60E-05
 9.25E+05   2.08E-11   1.17E-02   8.81E-02   1.35E-13   2.67E-06   6.68E-07   8.74E-10   1.69E-05
 1.08E+06   2.69E-11   1.19E-02   8.86E-02   8.46E-13   2.82E-06   7.05E-07   1.31E-09   1.77E-05
 1.22E+06   4.76E-11   1.20E-02   8.95E-02   3.96E-12   2.95E-06   7.37E-07   2.87E-09   1.84E-05
 1.38E+06   1.10E-10   1.21E-02   9.05E-02   1.44E-11   3.08E-06   7.69E-07   7.76E-09   1.91E-05
 1.52E+06   2.80E-10   1.23E-02   9.18E-02   4.42E-11   3.21E-06   8.03E-07   2.14E-08   1.97E-05
 1.68E+06   7.17E-10   1.24E-02   9.30E-02   1.21E-10   3.38E-06   8.45E-07   5.60E-08   2.04E-05
 1.82E+06   1.80E-09   1.26E-02   9.40E-02   3.07E-10   3.59E-06   8.98E-07   1.39E-07   2.11E-05
 1.98E+06   4.37E-09   1.27E-02   9.50E-02   7.27E-10   3.88E-06   9.73E-07   3.26E-07   2.19E-05
 2.12E+06   1.02E-08   1.27E-02   9.57E-02   1.61E-09   4.31E-06   1.09E-06   7.20E-07   2.27E-05
 2.28E+06   2.29E-08   1.28E-02   9.64E-02   3.32E-09   4.98E-06   1.26E-06   1.49E-06   2.37E-05
 2.42E+06   4.88E-08   1.29E-02   9.69E-02   6.38E-09   6.01E-06   1.54E-06   2.88E-06   2.48E-05
 2.58E+06   9.94E-08   1.29E-02   9.74E-02   1.14E-08   7.57E-06   1.96E-06   5.21E-06   2.60E-05
 2.72E+06   1.93E-07   1.29E-02   9.79E-02   1.91E-08   9.87E-06   2.59E-06   8.86E-06   2.74E-05
 2.88E+06   3.59E-07   1.29E-02   9.84E-02   3.00E-08   1.31E-05   3.47E-06   1.42E-05   2.91E-05
 3.02E+06   6.36E-07   1.30E-02   9.89E-02   4.42E-08   1.74E-05   4.65E-06   2.13E-05   3.09E-05
 3.18E+06   1.08E-06   1.30E-02   9.94E-02   6.18E-08   2.30E-05   6.16E-06   3.05E-05   3.30E-05
 3.32E+06   1.75E-06   1.30E-02   9.99E-02   8.24E-08   2.97E-05   8.00E-06   4.15E-05   3.53E-05
 3.48E+06   2.70E-06   1.30E-02   1.00E-01   1.05E-07   3.78E-05   1.02E-05   5.41E-05   3.78E-05
 3.62E+06   4.00E-06   1.30E-02   1.01E-01   1.29E-07   4.72E-05   1.27E-05   6.83E-05   4.05E-05
 3.78E+06   5.67E-06   1.30E-02   1.01E-01   1.54E-07   5.82E-05   1.56E-05   8.41E-05   4.33E-05
 3.92E+06   7.65E-06   1.30E-02   1.02E-01   1.78E-07   7.13E-05   1.91E-05   1.01E-04   4.64E-05
 4.08E+06   9.80E-06   1.30E-02   1.02E-01   2.00E-07   8.65E-05   2.30E-05   1.20E-04   4.97E-05
 4.22E+06   1.19E-05   1.30E-02   1.02E-01   2.19E-07   1.03E-04   2.73E-05   1.39E-04   5.29E-05
 4.38E+06   1.38E-05   1.30E-02   1.02E-01   2.35E-07   1.19E-04   3.15E-05   1.58E-04   5.60E-05
 4.52E+06   1.55E-05   1.30E-02   1.02E-01   2.47E-07   1.34E-04   3.54E-05   1.75E-04   5.87E-05
 4.68E+06   1.68E-05   1.30E-02   1.02E-01   2.58E-07   1.47E-04   3.87E-05   1.89E-04   6.09E-05
 4.82E+06   1.79E-05   1.30E-02   1.01E-01   2.68E-07   1.58E-04   4.15E-05   2.01E-04   6.27E-05
 4.98E+06   1.87E-05   1.30E-02   1.01E-01   2.76E-07   1.66E-04   4.37E-05   2.11E-04   6.40E-05
 5.12E+06   1.93E-05   1.30E-02   1.01E-01   2.84E-07   1.73E-04   4.54E-05   2.19E-04   6.50E-05
 5.28E+06   1.97E-05   1.30E-02   1.01E-01   2.91E-07   1.78E-04   4.67E-05   2.25E-04   6.58E-05
 5.42E+06   2.01E-05   1.30E-02   1.01E-01   2.98E-07   1.81E-04   4.77E-05   2.29E-04   6.63E-05
 5.58E+06   2.03E-05   1.30E-02   1.01E-01   3.04E-07   1.84E-04   4.84E-05   2.33E-04   6.67E-05
 5.72E+06   2.05E-05   1.30E-02   1.00E-01   3.10E-07   1.86E-04   4.90E-05   2.36E-04   6.70E-05
 5.88E+06   2.06E-05   1.30E-02   1.00E-01   3.16E-07   1.88E-04   4.94E-05   2.39E-04   6.72E-05
 6.02E+06   2.07E-05   1.30E-02   1.00E-01   3.21E-07   1.89E-04   4.98E-05   2.41E-04   6.73E-05
 6.18E+06   2.08E-05   1.30E-02   9.98E-02   3.26E-07   1.90E-04   5.00E-05   2.42E-04   6.74E-05
 6.32E+06   2.08E-05   1.31E-02   9.96E-02   3.30E-07   1.90E-04   5.02E-05   2.44E-04   6.75E-05
 6.48E+06   2.09E-05   1.31E-02   9.94E-02   3.35E-07   1.91E-04   5.03E-05   2.45E-04   6.75E-05
 6.62E+06   2.09E-05   1.31E-02   9.92E-02   3.41E-07   1.91E-04   5.04E-05   2.47E-04   6.75E-05
 6.78E+06   2.10E-05   1.31E-02   9.90E-02   3.48E-07   1.91E-04   5.05E-05   2.48E-04   6.76E-05
 6.92E+06   2.10E-05   1.31E-02   9.88E-02   3.60E-07   1.91E-04   5.06E-05   2.49E-04   6.76E-05
 7.08E+06   2.11E-05   1.31E-02   9.86E-02   3.77E-07   1.91E-04   5.06E-05   2.50E-04   6.76E-05
 7.22E+06   2.12E-05   1.31E-02   9.84E-02   4.02E-07   1.92E-04   5.07E-05   2.51E-04   6.76E-05
 7.38E+06   2.14E-05   1.31E-02   9.83E-02   4.35E-07   1.92E-04   5.07E-05   2.53E-04   6.76E-05
 7.52E+06   2.15E-05   1.31E-02   9.83E-02   4.76E-07   1.92E-04   5.07E-05   2.54E-04   6.76E-05
 7.68E+06   2.17E-05   1.31E-02   9.83E-02   5.21E-07   1.92E-04   5.08E-05   2.56E-04   6.76E-05
 7.82E+06   2.19E-05   1.31E-02   9.83E-02   5.68E-07   1.92E-04   5.08E-05   2.58E-04   6.76E-05
 7.98E+06   2.21E-05   1.31E-02   9.83E-02   6.16E-07   1.92E-04   5.08E-05   2.60E-04   6.76E-05
 8.12E+06   2.23E-05   1.31E-02   9.83E-02   6.63E-07   1.92E-04   5.08E-05   2.61E-04   6.76E-05
 8.28E+06   2.25E-05   1.31E-02   9.83E-02   7.10E-07   1.92E-04   5.08E-05   2.63E-04   6.76E-05
 8.42E+06   2.28E-05   1.31E-02   9.83E-02   7.59E-07   1.92E-04   5.08E-05   2.65E-04   6.76E-05
 8.58E+06   2.30E-05   1.31E-02   9.83E-02   8.13E-07   1.92E-04   5.08E-05   2.67E-04   6.76E-05
 8.72E+06   2.33E-05   1.31E-02   9.83E-02   8.77E-07   1.92E-04   5.08E-05   2.68E-04   6.76E-05
 8.88E+06   2.36E-05   1.31E-02   9.83E-02   9.54E-07   1.92E-04   5.08E-05   2.70E-04   6.76E-05
 9.02E+06   2.39E-05   1.31E-02   9.83E-02   1.05E-06   1.92E-04   5.08E-05   2.72E-04   6.76E-05
 9.18E+06   2.44E-05   1.31E-02   9.83E-02   1.17E-06   1.92E-04   5.08E-05   2.74E-04   6.76E-05
 9.32E+06   2.49E-05   1.31E-02   9.83E-02   1.31E-06   1.92E-04   5.09E-05   2.76E-04   6.76E-05
 9.48E+06   2.56E-05   1.31E-02   9.83E-02   1.48E-06   1.92E-04   5.09E-05   2.78E-04   6.76E-05
 9.62E+06   2.67E-05   1.31E-02   9.83E-02   1.65E-06   1.92E-04   5.09E-05   2.81E-04   6.76E-05
 9.78E+06   2.84E-05   1.31E-02   9.83E-02   1.86E-06   1.92E-04   5.09E-05   2.84E-04   6.76E-05
 9.92E+06   3.23E-05   1.31E-02   9.83E-02   2.11E-06   1.92E-04   5.09E-05   2.90E-04   6.76E-05
 N =   41  EMAX = 1.46E-10 FOR H2S     AT Z = 1.98E+06 U = 1.03E-20 RHS = 1.51E-30  DT = 3.36E+18  TIME = 8.41E+17

 TIME = 8.41E+17     TIMEY = 2.67E+10 YEARS

 NPHOT =   28

 MIXING RATIOS OF LONG-LIVED SPECIES


     Z        O        O2       H2O      H        OH       HO2      H2O2     H2       CO       HCO      H2CO     CH4      CH3      C2H6     NO       NO2      HNO      H2S     
  2.50E+04 7.32E-17 8.40E-02 1.13E-02 1.01E-20 4.25E-14 1.09E-11 1.07E-09 5.30E-07 1.10E-07 3.98E-22 2.33E-10 1.80E-06 3.61E-21 3.89E-26 2.03E-12 3.98E-12 1.71E-17 9.17E-12
  7.50E+04 8.40E-17 8.40E-02 9.37E-03 1.09E-20 4.55E-14 1.11E-11 1.13E-09 5.30E-07 1.07E-07 4.31E-22 2.30E-10 1.80E-06 3.62E-21 3.88E-26 2.20E-12 4.03E-12 1.73E-17 6.41E-12
  1.25E+05 9.75E-17 8.40E-02 7.89E-03 1.19E-20 4.94E-14 1.13E-11 1.16E-09 5.31E-07 1.04E-07 4.51E-22 2.19E-10 1.80E-06 3.67E-21 3.88E-26 2.44E-12 4.19E-12 1.50E-17 4.46E-12
  1.75E+05 1.14E-16 8.40E-02 6.49E-03 1.29E-20 5.34E-14 1.14E-11 1.18E-09 5.31E-07 1.02E-07 4.63E-22 2.06E-10 1.79E-06 3.70E-21 3.87E-26 2.76E-12 4.45E-12 1.22E-17 3.10E-12
  2.75E+05 1.59E-16 8.40E-02 4.19E-03 1.50E-20 6.22E-14 1.12E-11 1.15E-09 5.31E-07 9.66E-08 4.77E-22 1.78E-10 1.79E-06 3.70E-21 3.85E-26 3.65E-12 5.25E-12 7.68E-18 1.49E-12
  3.75E+05 2.24E-16 8.40E-02 2.54E-03 1.73E-20 7.16E-14 1.07E-11 1.04E-09 5.32E-07 9.19E-08 4.75E-22 1.51E-10 1.79E-06 3.63E-21 3.83E-26 4.99E-12 6.37E-12 4.73E-18 7.14E-13
  4.75E+05 3.10E-16 8.40E-02 1.41E-03 1.90E-20 7.91E-14 9.72E-12 8.74E-10 5.32E-07 8.75E-08 4.41E-22 1.21E-10 1.79E-06 3.31E-21 3.81E-26 6.63E-12 7.33E-12 2.83E-18 3.48E-13
  5.75E+05 4.19E-16 8.40E-02 7.05E-04 1.90E-20 7.96E-14 8.43E-12 6.98E-10 5.32E-07 8.37E-08 3.58E-22 8.94E-11 1.79E-06 2.65E-21 3.80E-26 7.64E-12 7.09E-12 1.54E-18 1.79E-13
  6.75E+05 5.51E-16 8.40E-02 3.10E-04 1.68E-20 7.13E-14 6.99E-12 5.32E-10 5.32E-07 8.04E-08 2.51E-22 5.90E-11 1.79E-06 1.81E-21 3.81E-26 7.46E-12 5.59E-12 7.60E-19 9.86E-14
  7.75E+05 7.11E-16 8.40E-02 1.20E-04 1.51E-20 6.50E-14 5.56E-12 3.89E-10 5.32E-07 7.76E-08 1.71E-22 3.74E-11 1.78E-06 1.20E-21 3.86E-26 8.30E-12 4.85E-12 4.49E-19 5.79E-14
  8.75E+05 9.06E-16 8.40E-02 4.08E-05 1.56E-20 6.81E-14 4.23E-12 2.74E-10 5.32E-07 7.51E-08 1.29E-22 2.49E-11 1.78E-06 8.80E-22 3.93E-26 1.26E-11 5.53E-12 3.69E-19 3.53E-14
  9.75E+05 1.14E-15 8.40E-02 1.23E-05 1.76E-20 7.74E-14 3.13E-12 1.90E-10 5.33E-07 7.29E-08 1.05E-22 1.75E-11 1.78E-06 6.71E-22 4.03E-26 2.06E-11 6.61E-12 3.39E-19 2.24E-14
  1.08E+06 1.65E-15 8.40E-02 6.68E-06 2.15E-20 8.89E-14 2.48E-12 1.28E-10 5.33E-07 7.07E-08 9.89E-23 1.40E-11 1.78E-06 6.54E-22 4.21E-26 3.08E-11 8.09E-12 2.78E-19 1.42E-14
  1.18E+06 3.03E-15 8.40E-02 4.38E-06 2.48E-20 9.46E-14 1.75E-12 6.22E-11 5.33E-07 6.65E-08 9.71E-23 1.18E-11 1.78E-06 6.98E-22 4.79E-26 4.76E-11 1.27E-11 1.77E-19 6.64E-15
  1.28E+06 6.36E-15 8.40E-02 4.17E-06 2.52E-20 8.99E-14 1.09E-12 2.12E-11 5.32E-07 6.06E-08 8.77E-23 9.39E-12 1.77E-06 6.86E-22 6.20E-26 7.44E-11 2.35E-11 9.10E-20 2.39E-15
  1.38E+06 1.54E-14 8.40E-02 4.20E-06 2.29E-20 7.96E-14 6.40E-13 4.92E-12 5.32E-07 5.26E-08 7.59E-23 7.17E-12 1.76E-06 6.54E-22 9.68E-26 1.19E-10 5.31E-11 4.48E-20 6.46E-16
  1.48E+06 3.62E-14 8.40E-02 4.24E-06 2.30E-20 7.98E-14 4.84E-13 1.35E-12 5.31E-07 4.41E-08 7.78E-23 6.29E-12 1.74E-06 7.32E-22 1.59E-25 1.76E-10 1.11E-10 4.03E-20 1.46E-16
  1.58E+06 7.96E-14 8.40E-02 4.29E-06 2.58E-20 9.03E-14 4.65E-13 7.64E-13 5.29E-07 3.61E-08 9.26E-23 6.27E-12 1.71E-06 9.44E-22 2.58E-25 2.41E-10 2.01E-10 6.19E-20 2.86E-17
  1.68E+06 1.64E-13 8.40E-02 4.37E-06 3.09E-20 1.09E-13 5.16E-13 7.14E-13 5.27E-07 2.91E-08 1.20E-22 6.71E-12 1.67E-06 1.31E-21 4.04E-25 3.15E-10 3.28E-10 9.52E-20 4.79E-18
  1.78E+06 3.16E-13 8.40E-02 4.46E-06 3.94E-20 1.40E-13 6.30E-13 8.38E-13 5.24E-07 2.34E-08 1.63E-22 7.51E-12 1.63E-06 1.92E-21 6.05E-25 3.98E-10 4.86E-10 1.29E-19 7.08E-19
  1.88E+06 5.80E-13 8.40E-02 4.56E-06 5.33E-20 1.86E-13 8.13E-13 1.11E-12 5.20E-07 1.90E-08 2.29E-22 8.64E-12 1.57E-06 2.91E-21 8.78E-25 4.96E-10 6.78E-10 1.45E-19 9.14E-20
  1.98E+06 1.02E-12 8.40E-02 4.68E-06 7.69E-20 2.56E-13 1.09E-12 1.58E-12 5.15E-07 1.58E-08 3.32E-22 1.01E-11 1.52E-06 4.51E-21 1.25E-24 6.11E-10 9.02E-10 1.26E-19 1.03E-20
  2.08E+06 1.74E-12 8.40E-02 4.80E-06 1.18E-19 3.62E-13 1.51E-12 2.36E-12 5.09E-07 1.36E-08 4.92E-22 1.21E-11 1.46E-06 7.16E-21 1.73E-24 7.47E-10 1.15E-09 9.47E-20 1.08E-21
  2.18E+06 2.90E-12 8.40E-02 4.92E-06 1.92E-19 5.25E-13 2.13E-12 3.60E-12 5.03E-07 1.21E-08 7.43E-22 1.45E-11 1.40E-06 1.15E-20 2.38E-24 9.11E-10 1.44E-09 7.44E-20 1.52E-22
  2.28E+06 4.75E-12 8.40E-02 5.04E-06 3.27E-19 7.73E-13 3.02E-12 5.55E-12 4.96E-07 1.11E-08 1.14E-21 1.74E-11 1.34E-06 1.89E-20 3.26E-24 1.11E-09 1.76E-09 6.44E-20 7.02E-23
  2.38E+06 7.64E-12 8.40E-02 5.17E-06 5.80E-19 1.15E-12 4.30E-12 8.46E-12 4.89E-07 1.04E-08 1.75E-21 2.09E-11 1.28E-06 3.11E-20 4.51E-24 1.34E-09 2.10E-09 6.48E-20 6.08E-23
  2.48E+06 1.21E-11 8.40E-02 5.29E-06 1.07E-18 1.72E-12 6.10E-12 1.26E-11 4.81E-07 1.00E-08 2.71E-21 2.49E-11 1.22E-06 5.14E-20 6.30E-24 1.60E-09 2.45E-09 7.66E-20 5.45E-23
  2.58E+06 1.91E-11 8.40E-02 5.42E-06 2.02E-18 2.55E-12 8.55E-12 1.83E-11 4.73E-07 9.76E-09 4.18E-21 2.94E-11 1.17E-06 8.49E-20 8.96E-24 1.91E-09 2.81E-09 1.02E-19 4.67E-23
  2.68E+06 2.97E-11 8.40E-02 5.54E-06 3.93E-18 3.72E-12 1.18E-11 2.53E-11 4.64E-07 9.65E-09 6.37E-21 3.41E-11 1.11E-06 1.39E-19 1.30E-23 2.25E-09 3.15E-09 1.44E-19 3.79E-23
  2.78E+06 4.60E-11 8.40E-02 5.66E-06 7.83E-18 5.34E-12 1.58E-11 3.32E-11 4.55E-07 9.65E-09 9.55E-21 3.89E-11 1.05E-06 2.27E-19 1.93E-23 2.62E-09 3.46E-09 2.09E-19 2.91E-23
  2.88E+06 7.09E-11 8.40E-02 5.78E-06 1.60E-17 7.50E-12 2.07E-11 4.15E-11 4.46E-07 9.74E-09 1.40E-20 4.38E-11 9.93E-07 3.67E-19 2.92E-23 3.02E-09 3.71E-09 3.03E-19 2.14E-23
  2.98E+06 1.09E-10 8.40E-02 5.90E-06 3.31E-17 1.03E-11 2.63E-11 4.93E-11 4.36E-07 9.92E-09 2.01E-20 4.85E-11 9.36E-07 5.85E-19 4.51E-23 3.43E-09 3.88E-09 4.34E-19 1.51E-23
  3.08E+06 1.67E-10 8.40E-02 6.02E-06 6.98E-17 1.37E-11 3.26E-11 5.58E-11 4.26E-07 1.02E-08 2.83E-20 5.31E-11 8.80E-07 9.27E-19 7.09E-23 3.83E-09 3.96E-09 6.13E-19 1.03E-23
  3.18E+06 2.56E-10 8.40E-02 6.14E-06 1.49E-16 1.81E-11 3.95E-11 6.06E-11 4.16E-07 1.05E-08 3.92E-20 5.77E-11 8.25E-07 1.46E-18 1.12E-22 4.20E-09 3.92E-09 8.52E-19 6.89E-24
  3.28E+06 3.91E-10 8.40E-02 6.26E-06 3.19E-16 2.35E-11 4.68E-11 6.32E-11 4.06E-07 1.08E-08 5.36E-20 6.21E-11 7.72E-07 2.28E-18 1.78E-22 4.53E-09 3.78E-09 1.17E-18 4.56E-24
  3.38E+06 5.98E-10 8.40E-02 6.37E-06 6.91E-16 3.03E-11 5.42E-11 6.34E-11 3.96E-07 1.12E-08 7.24E-20 6.62E-11 7.19E-07 3.56E-18 2.86E-22 4.80E-09 3.53E-09 1.57E-18 2.99E-24
  3.48E+06 9.13E-10 8.40E-02 6.48E-06 1.51E-15 3.90E-11 6.16E-11 6.13E-11 3.87E-07 1.15E-08 9.73E-20 7.00E-11 6.68E-07 5.51E-18 4.58E-22 5.01E-09 3.19E-09 2.09E-18 1.99E-24
  3.58E+06 1.39E-09 8.40E-02 6.58E-06 3.31E-15 5.04E-11 6.87E-11 5.74E-11 3.80E-07 1.17E-08 1.30E-19 7.33E-11 6.20E-07 8.51E-18 7.32E-22 5.16E-09 2.79E-09 2.77E-18 1.37E-24
  3.68E+06 2.12E-09 8.40E-02 6.67E-06 7.33E-15 6.52E-11 7.54E-11 5.23E-11 3.74E-07 1.19E-08 1.74E-19 7.61E-11 5.75E-07 1.31E-17 1.16E-21 5.27E-09 2.36E-09 3.65E-18 9.97E-25
  3.78E+06 3.22E-09 8.40E-02 6.75E-06 1.62E-14 8.46E-11 8.20E-11 4.70E-11 3.69E-07 1.21E-08 2.32E-19 7.82E-11 5.34E-07 2.00E-17 1.82E-21 5.33E-09 1.91E-09 4.77E-18 7.78E-25
  3.88E+06 4.85E-09 8.40E-02 6.83E-06 3.55E-14 1.09E-10 8.87E-11 4.22E-11 3.67E-07 1.21E-08 3.05E-19 7.90E-11 4.96E-07 2.99E-17 2.83E-21 5.33E-09 1.48E-09 6.12E-18 6.52E-25
  3.98E+06 7.22E-09 8.40E-02 6.89E-06 7.57E-14 1.38E-10 9.57E-11 3.84E-11 3.68E-07 1.22E-08 3.92E-19 7.85E-11 4.62E-07 4.36E-17 4.37E-21 5.27E-09 1.09E-09 7.65E-18 5.85E-25
  4.08E+06 1.05E-08 8.40E-02 6.94E-06 1.54E-13 1.70E-10 1.03E-10 3.55E-11 3.72E-07 1.22E-08 4.85E-19 7.62E-11 4.32E-07 6.11E-17 6.70E-21 5.14E-09 7.67E-10 9.18E-18 5.59E-25
  4.18E+06 1.49E-08 8.39E-02 6.98E-06 2.92E-13 2.02E-10 1.12E-10 3.34E-11 3.79E-07 1.22E-08 5.74E-19 7.24E-11 4.07E-07 8.14E-17 1.03E-20 4.92E-09 5.22E-10 1.05E-17 5.62E-25
  4.28E+06 2.02E-08 8.39E-02 7.01E-06 5.18E-13 2.33E-10 1.20E-10 3.19E-11 3.90E-07 1.23E-08 6.49E-19 6.74E-11 3.85E-07 1.03E-16 1.58E-20 4.65E-09 3.48E-10 1.14E-17 5.87E-25
  4.38E+06 2.67E-08 8.39E-02 7.03E-06 8.63E-13 2.60E-10 1.28E-10 3.07E-11 4.04E-07 1.24E-08 7.06E-19 6.19E-11 3.66E-07 1.25E-16 2.45E-20 4.34E-09 2.30E-10 1.20E-17 6.30E-25
  4.48E+06 3.41E-08 8.39E-02 7.04E-06 1.36E-12 2.85E-10 1.36E-10 2.97E-11 4.22E-07 1.27E-08 7.45E-19 5.64E-11 3.51E-07 1.46E-16 3.84E-20 4.02E-09 1.52E-10 1.21E-17 6.83E-25
  4.58E+06 4.26E-08 8.39E-02 7.04E-06 2.07E-12 3.06E-10 1.43E-10 2.87E-11 4.43E-07 1.31E-08 7.68E-19 5.11E-11 3.38E-07 1.66E-16 6.11E-20 3.70E-09 1.00E-10 1.20E-17 7.41E-25
  4.68E+06 5.23E-08 8.39E-02 7.03E-06 3.04E-12 3.25E-10 1.50E-10 2.75E-11 4.68E-07 1.37E-08 7.84E-19 4.63E-11 3.28E-07 1.87E-16 9.64E-20 3.40E-09 6.71E-11 1.18E-17 7.93E-25
  4.78E+06 6.32E-08 8.39E-02 7.02E-06 4.37E-12 3.41E-10 1.57E-10 2.63E-11 4.95E-07 1.46E-08 7.94E-19 4.19E-11 3.19E-07 2.10E-16 1.50E-19 3.11E-09 4.53E-11 1.13E-17 8.35E-25
  4.88E+06 7.57E-08 8.39E-02 7.00E-06 6.18E-12 3.57E-10 1.63E-10 2.51E-11 5.25E-07 1.60E-08 7.99E-19 3.80E-11 3.11E-07 2.35E-16 2.30E-19 2.85E-09 3.10E-11 1.09E-17 8.68E-25
  4.98E+06 8.98E-08 8.39E-02 6.97E-06 8.64E-12 3.72E-10 1.69E-10 2.40E-11 5.58E-07 1.77E-08 8.02E-19 3.44E-11 3.04E-07 2.63E-16 3.44E-19 2.61E-09 2.14E-11 1.04E-17 8.92E-25
  5.08E+06 1.06E-07 8.39E-02 6.95E-06 1.20E-11 3.86E-10 1.75E-10 2.29E-11 5.93E-07 2.01E-08 8.03E-19 3.11E-11 2.98E-07 2.93E-16 5.02E-19 2.39E-09 1.50E-11 9.86E-18 9.10E-25
  5.18E+06 1.24E-07 8.39E-02 6.91E-06 1.66E-11 4.02E-10 1.82E-10 2.19E-11 6.31E-07 2.31E-08 8.03E-19 2.81E-11 2.93E-07 3.27E-16 7.17E-19 2.19E-09 1.06E-11 9.39E-18 9.26E-25
  5.28E+06 1.45E-07 8.39E-02 6.88E-06 2.28E-11 4.18E-10 1.89E-10 2.10E-11 6.73E-07 2.69E-08 8.02E-19 2.54E-11 2.88E-07 3.63E-16 1.00E-18 2.01E-09 7.54E-12 8.96E-18 9.42E-25
  5.38E+06 1.69E-07 8.39E-02 6.83E-06 3.14E-11 4.36E-10 1.97E-10 2.03E-11 7.18E-07 3.16E-08 7.99E-19 2.30E-11 2.83E-07 4.04E-16 1.38E-18 1.84E-09 5.43E-12 8.57E-18 9.62E-25
  5.48E+06 1.96E-07 8.39E-02 6.79E-06 4.32E-11 4.55E-10 2.05E-10 1.97E-11 7.68E-07 3.76E-08 7.96E-19 2.08E-11 2.79E-07 4.49E-16 1.86E-18 1.69E-09 3.96E-12 8.22E-18 9.90E-25
  5.58E+06 2.25E-07 8.39E-02 6.74E-06 5.93E-11 4.77E-10 2.15E-10 1.93E-11 8.21E-07 4.49E-08 7.91E-19 1.87E-11 2.74E-07 4.97E-16 2.47E-18 1.56E-09 2.92E-12 7.92E-18 1.03E-24
  5.68E+06 2.59E-07 8.39E-02 6.68E-06 8.15E-11 5.02E-10 2.26E-10 1.90E-11 8.79E-07 5.40E-08 7.84E-19 1.69E-11 2.70E-07 5.49E-16 3.24E-18 1.43E-09 2.18E-12 7.66E-18 1.08E-24
  5.78E+06 2.96E-07 8.39E-02 6.62E-06 1.12E-10 5.29E-10 2.39E-10 1.88E-11 9.43E-07 6.50E-08 7.77E-19 1.52E-11 2.65E-07 6.05E-16 4.18E-18 1.32E-09 1.66E-12 7.45E-18 1.15E-24
  5.88E+06 3.38E-07 8.39E-02 6.55E-06 1.54E-10 5.61E-10 2.53E-10 1.88E-11 1.01E-06 7.83E-08 7.68E-19 1.36E-11 2.60E-07 6.65E-16 5.34E-18 1.22E-09 1.27E-12 7.29E-18 1.24E-24
  5.98E+06 3.85E-07 8.39E-02 6.48E-06 2.13E-10 5.96E-10 2.70E-10 1.89E-11 1.09E-06 9.44E-08 7.58E-19 1.22E-11 2.55E-07 7.27E-16 6.75E-18 1.13E-09 9.98E-13 7.16E-18 1.35E-24
  6.08E+06 4.38E-07 8.39E-02 6.40E-06 2.95E-10 6.35E-10 2.88E-10 1.92E-11 1.17E-06 1.14E-07 7.50E-19 1.09E-11 2.50E-07 7.92E-16 8.45E-18 1.04E-09 7.94E-13 7.08E-18 1.48E-24
  6.18E+06 4.96E-07 8.39E-02 6.31E-06 4.10E-10 6.80E-10 3.09E-10 1.96E-11 1.26E-06 1.37E-07 7.49E-19 9.82E-12 2.44E-07 8.62E-16 1.05E-17 9.70E-10 6.43E-13 7.05E-18 1.65E-24
  6.28E+06 5.61E-07 8.39E-02 6.21E-06 5.72E-10 7.32E-10 3.34E-10 2.04E-11 1.36E-06 1.64E-07 7.74E-19 8.93E-12 2.38E-07 9.45E-16 1.29E-17 9.04E-10 5.32E-13 7.09E-18 1.89E-24
  6.38E+06 6.30E-07 8.39E-02 6.10E-06 8.03E-10 7.97E-10 3.65E-10 2.18E-11 1.47E-06 1.97E-07 8.74E-19 8.49E-12 2.31E-07 1.07E-15 1.58E-17 8.45E-10 4.53E-13 7.23E-18 2.24E-24
  6.48E+06 6.98E-07 8.38E-02 5.98E-06 1.14E-09 8.83E-10 4.07E-10 2.42E-11 1.60E-06 2.36E-07 1.17E-18 8.89E-12 2.24E-07 1.34E-15 1.91E-17 7.94E-10 4.01E-13 7.57E-18 2.86E-24
  6.58E+06 7.58E-07 8.38E-02 5.85E-06 1.63E-09 1.01E-09 4.67E-10 2.85E-11 1.73E-06 2.82E-07 1.92E-18 1.09E-11 2.16E-07 1.94E-15 2.31E-17 7.51E-10 3.75E-13 8.21E-18 4.04E-24
  6.68E+06 8.04E-07 8.38E-02 5.70E-06 2.36E-09 1.19E-09 5.57E-10 3.58E-11 1.88E-06 3.37E-07 3.54E-18 1.55E-11 2.07E-07 3.30E-15 2.77E-17 7.14E-10 3.75E-13 9.30E-18 6.33E-24
  6.78E+06 8.40E-07 8.38E-02 5.54E-06 3.48E-09 1.44E-09 6.84E-10 4.71E-11 2.04E-06 4.01E-07 6.74E-18 2.39E-11 1.98E-07 6.16E-15 3.32E-17 6.85E-10 3.98E-13 1.09E-17 1.07E-23
  6.88E+06 8.74E-07 8.38E-02 5.36E-06 5.21E-09 1.78E-09 8.54E-10 6.32E-11 2.22E-06 4.77E-07 1.24E-17 3.71E-11 1.87E-07 1.16E-14 3.95E-17 6.62E-10 4.37E-13 1.32E-17 1.85E-23
  6.98E+06 9.22E-07 8.38E-02 5.16E-06 7.91E-09 2.21E-09 1.06E-09 8.43E-11 2.42E-06 5.67E-07 2.19E-17 5.55E-11 1.76E-07 2.11E-14 4.68E-17 6.46E-10 4.81E-13 1.60E-17 3.08E-23
  7.08E+06 9.97E-07 8.38E-02 4.94E-06 1.22E-08 2.71E-09 1.31E-09 1.09E-10 2.64E-06 6.72E-07 3.62E-17 7.88E-11 1.65E-07 3.60E-14 5.51E-17 6.36E-10 5.19E-13 1.94E-17 4.79E-23
  7.18E+06 1.11E-06 8.37E-02 4.70E-06 1.89E-08 3.26E-09 1.57E-09 1.35E-10 2.87E-06 7.96E-07 5.67E-17 1.06E-10 1.53E-07 5.67E-14 6.39E-17 6.33E-10 5.38E-13 2.33E-17 6.78E-23
  7.28E+06 1.29E-06 8.37E-02 4.45E-06 2.96E-08 3.84E-09 1.84E-09 1.59E-10 3.12E-06 9.40E-07 8.40E-17 1.35E-10 1.40E-07 8.23E-14 7.27E-17 6.36E-10 5.32E-13 2.74E-17 8.69E-23
  7.38E+06 1.54E-06 8.37E-02 4.17E-06 4.68E-08 4.41E-09 2.08E-09 1.76E-10 3.39E-06 1.11E-06 1.19E-16 1.64E-10 1.28E-07 1.10E-13 8.04E-17 6.45E-10 4.99E-13 3.18E-17 9.98E-23
  7.48E+06 1.92E-06 8.37E-02 3.88E-06 7.46E-08 4.88E-09 2.26E-09 1.83E-10 3.66E-06 1.30E-06 1.61E-16 1.89E-10 1.15E-07 1.33E-13 8.58E-17 6.62E-10 4.38E-13 3.58E-17 1.02E-22
  7.58E+06 2.43E-06 8.36E-02 3.57E-06 1.19E-07 5.35E-09 2.43E-09 1.83E-10 3.94E-06 1.52E-06 2.09E-16 2.10E-10 1.03E-07 1.50E-13 8.82E-17 6.87E-10 3.78E-13 4.05E-17 1.00E-22
  7.68E+06 3.08E-06 8.36E-02 3.25E-06 1.97E-07 6.03E-09 2.68E-09 1.76E-10 4.20E-06 1.76E-06 2.61E-16 2.20E-10 9.21E-08 1.59E-13 8.71E-17 7.21E-10 3.29E-13 4.75E-17 9.37E-23
  7.78E+06 4.93E-06 8.36E-02 2.92E-06 3.54E-07 5.97E-09 2.58E-09 1.39E-10 4.43E-06 2.04E-06 3.16E-16 2.13E-10 8.14E-08 1.29E-13 8.29E-17 7.65E-10 2.13E-13 4.91E-17 5.61E-23
  7.88E+06 1.27E-05 8.35E-02 2.59E-06 6.40E-07 3.85E-09 1.59E-09 7.53E-11 4.61E-06 2.35E-06 3.85E-16 1.71E-10 7.16E-08 6.24E-14 7.70E-17 8.16E-10 6.59E-14 3.19E-17 1.30E-23
  7.98E+06 3.68E-05 8.34E-02 2.26E-06 1.02E-06 2.13E-09 7.67E-10 3.18E-11 4.72E-06 2.68E-06 4.71E-16 1.04E-10 6.26E-08 2.53E-14 7.05E-17 8.78E-10 1.63E-14 1.63E-17 1.61E-24
  8.08E+06 9.29E-05 8.34E-02 1.96E-06 1.43E-06 1.30E-09 3.71E-10 1.20E-11 4.78E-06 3.03E-06 5.39E-16 5.48E-11 5.44E-08 1.14E-14 6.38E-17 9.59E-10 6.27E-15 8.54E-18 1.47E-25
  8.18E+06 2.02E-04 8.32E-02 1.68E-06 1.84E-06 8.89E-10 1.90E-10 4.21E-12 4.83E-06 3.39E-06 5.87E-16 2.95E-11 4.70E-08 5.80E-15 5.67E-17 1.07E-09 4.08E-15 4.85E-18 1.04E-26
  8.28E+06 3.90E-04 8.31E-02 1.43E-06 2.22E-06 6.54E-10 1.02E-10 1.40E-12 4.85E-06 3.77E-06 6.16E-16 1.71E-11 4.04E-08 3.28E-15 4.96E-17 1.21E-09 3.50E-15 2.96E-18 5.98E-28
  8.38E+06 6.85E-04 8.28E-02 1.21E-06 2.57E-06 5.03E-10 5.78E-11 4.37E-13 4.86E-06 4.17E-06 6.26E-16 1.06E-11 3.44E-08 2.01E-15 4.26E-17 1.39E-09 3.30E-15 1.92E-18 2.94E-29
  8.48E+06 1.12E-03 8.25E-02 1.01E-06 2.88E-06 3.96E-10 3.40E-11 1.29E-13 4.87E-06 4.58E-06 6.15E-16 6.98E-12 2.92E-08 1.31E-15 3.59E-17 1.58E-09 3.19E-15 1.29E-18 1.49E-30
  8.58E+06 1.72E-03 8.21E-02 8.45E-07 3.15E-06 3.16E-10 2.07E-11 3.59E-14 4.87E-06 4.99E-06 5.86E-16 4.82E-12 2.46E-08 9.01E-16 2.97E-17 1.77E-09 3.06E-15 8.83E-19 1.10E-31
  8.68E+06 2.51E-03 8.15E-02 7.01E-07 3.38E-06 2.54E-10 1.30E-11 9.53E-15 4.87E-06 5.41E-06 5.44E-16 3.46E-12 2.07E-08 6.46E-16 2.41E-17 1.93E-09 2.85E-15 6.08E-19 1.33E-32
  8.78E+06 3.51E-03 8.09E-02 5.78E-07 3.58E-06 2.03E-10 8.41E-12 2.43E-15 4.86E-06 5.84E-06 4.94E-16 2.58E-12 1.72E-08 4.79E-16 1.93E-17 2.03E-09 2.58E-15 4.17E-19 2.22E-33
  8.88E+06 4.74E-03 8.01E-02 4.74E-07 3.75E-06 1.63E-10 5.56E-12 6.09E-16 4.85E-06 6.27E-06 4.41E-16 1.97E-12 1.43E-08 3.66E-16 1.53E-17 2.08E-09 2.27E-15 2.85E-19 4.45E-34
  8.98E+06 6.20E-03 7.92E-02 3.87E-07 3.90E-06 1.29E-10 3.75E-12 1.54E-16 4.84E-06 6.70E-06 3.90E-16 1.55E-12 1.19E-08 2.87E-16 1.20E-17 2.08E-09 1.94E-15 1.94E-19 1.03E-34
  9.08E+06 7.90E-03 7.81E-02 3.15E-07 4.02E-06 1.02E-10 2.58E-12 4.04E-17 4.83E-06 7.12E-06 3.43E-16 1.24E-12 9.83E-09 2.29E-16 9.32E-18 2.05E-09 1.65E-15 1.33E-19 2.65E-35
  9.18E+06 9.84E-03 7.69E-02 2.56E-07 4.12E-06 8.06E-11 1.80E-12 1.15E-17 4.82E-06 7.53E-06 3.01E-16 1.01E-12 8.12E-09 1.87E-16 7.22E-18 2.00E-09 1.38E-15 9.24E-20 7.59E-36
  9.28E+06 1.20E-02 7.56E-02 2.07E-07 4.21E-06 6.30E-11 1.27E-12 3.67E-18 4.81E-06 7.93E-06 2.65E-16 8.37E-13 6.71E-09 1.55E-16 5.59E-18 1.95E-09 1.16E-15 6.49E-20 2.37E-36
  9.38E+06 1.44E-02 7.41E-02 1.68E-07 4.29E-06 4.90E-11 9.14E-13 1.32E-18 4.80E-06 8.30E-06 2.34E-16 7.07E-13 5.57E-09 1.31E-16 4.35E-18 1.90E-09 9.71E-16 4.62E-20 8.03E-37
  9.48E+06 1.69E-02 7.26E-02 1.37E-07 4.35E-06 3.79E-11 6.64E-13 5.23E-19 4.78E-06 8.65E-06 2.10E-16 6.11E-13 4.65E-09 1.13E-16 3.41E-18 1.85E-09 8.13E-16 3.34E-20 2.92E-37
  9.58E+06 1.96E-02 7.09E-02 1.12E-07 4.41E-06 2.91E-11 4.88E-13 2.25E-19 4.77E-06 8.96E-06 1.92E-16 5.42E-13 3.94E-09 1.00E-16 2.71E-18 1.80E-09 6.79E-16 2.44E-20 1.14E-37
  9.68E+06 2.24E-02 6.93E-02 9.35E-08 4.45E-06 2.23E-11 3.64E-13 1.04E-19 4.76E-06 9.23E-06 1.80E-16 4.97E-13 3.41E-09 9.20E-17 2.21E-18 1.75E-09 5.68E-16 1.81E-20 4.72E-38
  9.78E+06 2.51E-02 6.76E-02 8.02E-08 4.49E-06 1.70E-11 2.75E-13 5.03E-20 4.75E-06 9.45E-06 1.76E-16 4.79E-13 3.04E-09 8.85E-17 1.86E-18 1.70E-09 4.76E-16 1.36E-20 2.11E-38
  9.88E+06 2.77E-02 6.61E-02 7.21E-08 4.52E-06 1.29E-11 2.11E-13 2.64E-20 4.74E-06 9.62E-06 1.84E-16 4.94E-13 2.83E-09 9.13E-17 1.64E-18 1.66E-09 3.99E-16 1.04E-20 1.02E-38
  9.98E+06 2.98E-02 6.49E-02 6.94E-08 4.53E-06 9.90E-12 1.67E-13 1.72E-20 4.74E-06 9.71E-06 2.13E-16 5.84E-13 2.79E-09 1.08E-16 1.54E-18 1.62E-09 3.37E-16 8.22E-21 5.83E-39

 TP, TL
           2.36E+15 2.43E+15 4.47E+10 2.91E+12 3.55E+12 2.65E+12 8.18E+10 4.92E+10 1.03E+11 5.31E+10 1.04E+11 8.08E+02 1.04E+11 8.14E-02 2.30E+13 2.31E+13 2.50E+05 7.50E+05
           2.36E+15 2.43E+15 3.29E+10 2.91E+12 3.55E+12 2.65E+12 7.65E+10 3.38E+10 2.49E+11 5.31E+10 1.03E+11 1.04E+11 1.04E+11 8.14E-02 2.30E+13 2.31E+13 2.49E+05 2.01E+08

     Z        HS       S        SO       SO2      H2SO4    HSO      S2       S4       S8       SO3      OCS      S3       O3       HNO3     N        NO3      N2O      HO2NO2  
  2.50E+04 2.46E-17 6.33E-32 3.21E-19 6.73E-11 3.98E-12 5.99E-13 9.19E-36 1.14E-61 2.34-104 1.64E-21 5.13E-22 3.38E-59 1.19E-08 2.16E-11 5.02-171 3.24E-16 3.00E-07 8.50E-14
  7.50E+04 1.79E-17 3.36E-32 3.05E-19 1.03E-10 6.04E-12 5.83E-13 5.87E-36 4.15E-62 2.34-104 3.33E-21 5.13E-22 1.01E-59 1.25E-08 2.41E-11 1.38-164 3.11E-16 3.00E-07 1.21E-13
  1.25E+05 1.31E-17 1.79E-32 2.71E-19 1.35E-10 8.17E-12 4.77E-13 3.18E-36 1.10E-62 2.34-104 5.66E-21 5.13E-22 2.59E-60 1.34E-08 2.71E-11 3.22-158 3.12E-16 3.00E-07 1.78E-13
  1.75E+05 9.47E-18 9.32E-33 2.32E-19 1.64E-10 1.04E-11 3.62E-13 1.57E-36 2.40E-63 2.34-104 9.20E-21 5.13E-22 5.89E-61 1.44E-08 3.10E-11 6.34-152 3.23E-16 3.00E-07 2.72E-13
  2.75E+05 4.82E-18 2.41E-33 1.60E-19 2.15E-10 1.49E-11 1.90E-13 3.24E-37 8.16E-65 2.34-104 2.31E-20 5.12E-22 2.46E-62 1.70E-08 4.00E-11 1.43-139 3.66E-16 3.00E-07 6.87E-13
  3.75E+05 2.40E-18 5.92E-34 1.07E-19 2.63E-10 1.91E-11 9.52E-14 5.73E-38 2.04E-66 2.34-104 5.89E-20 5.12E-22 8.39E-64 2.03E-08 4.90E-11 1.50-127 4.25E-16 3.00E-07 1.81E-12
  4.75E+05 1.16E-18 1.40E-34 7.19E-20 3.12E-10 2.24E-11 4.75E-14 9.12E-39 4.15E-68 2.34-104 1.52E-19 5.11E-22 2.48E-65 2.41E-08 5.61E-11 7.03-116 4.72E-16 3.00E-07 5.03E-12
  5.75E+05 5.45E-19 3.08E-35 4.80E-20 3.63E-10 2.41E-11 2.47E-14 1.34E-39 7.14E-70 2.34-104 3.93E-19 5.11E-22 6.35E-67 2.83E-08 6.01E-11 1.31-104 4.76E-16 3.00E-07 1.27E-11
  6.75E+05 2.47E-19 6.45E-36 3.23E-20 4.17E-10 2.38E-11 1.37E-14 1.82E-40 1.07E-71 2.34-104 1.01E-18 5.10E-22 1.44E-68 3.28E-08 6.18E-11 8.59E-94 4.60E-16 2.99E-07 2.39E-11
  7.75E+05 1.22E-19 1.75E-36 2.49E-20 4.69E-10 2.34E-11 8.04E-15 2.37E-41 1.45E-73 2.34-104 2.97E-18 5.10E-22 4.04E-70 3.76E-08 6.33E-11 1.36E-83 4.82E-16 2.99E-07 3.28E-11
  8.75E+05 7.22E-20 1.24E-36 2.63E-20 5.14E-10 2.43E-11 4.84E-15 3.09E-42 1.98E-75 2.34-104 1.11E-17 5.09E-22 2.96E-71 4.28E-08 6.62E-11 2.19E-74 5.40E-16 2.99E-07 3.57E-11
  9.75E+05 4.87E-20 4.95E-36 4.74E-20 5.53E-10 2.62E-11 3.02E-15 9.26E-43 1.42E-76 2.34-104 4.97E-17 5.08E-22 2.79E-71 4.84E-08 7.07E-11 2.52E-66 6.27E-16 2.99E-07 3.36E-11
  1.08E+06 3.21E-20 4.84E-35 1.33E-19 5.98E-10 2.80E-11 1.90E-15 2.38E-42 7.07E-76 2.34-104 1.28E-16 5.08E-22 5.26E-70 5.59E-08 7.91E-11 2.00E-59 6.98E-16 2.99E-07 3.00E-11
  1.18E+06 1.25E-20 5.55E-34 4.63E-19 7.03E-10 2.96E-11 9.00E-16 8.31E-42 6.27E-75 2.34-104 3.59E-16 5.05E-22 1.53E-68 7.56E-08 1.07E-10 1.75E-53 8.05E-16 2.98E-07 2.67E-11
  1.28E+06 2.95E-21 6.06E-33 1.73E-18 8.86E-10 2.96E-11 3.39E-16 1.76E-41 2.05E-74 2.34-104 4.81E-16 5.00E-22 2.55E-67 1.16E-07 1.72E-10 2.39E-48 1.03E-15 2.96E-07 2.62E-11
  1.38E+06 4.24E-22 5.71E-32 6.12E-18 1.18E-09 2.85E-11 1.17E-16 2.00E-41 1.90E-74 2.34-104 6.08E-16 4.89E-22 1.96E-66 2.03E-07 3.24E-10 6.52E-44 1.63E-15 2.93E-07 3.02E-11
  1.48E+06 5.87E-23 4.22E-31 1.82E-17 1.45E-09 2.84E-11 8.25E-17 1.70E-41 9.86E-75 2.33-104 8.46E-16 4.70E-22 8.80E-66 3.41E-07 5.80E-10 4.05E-40 3.06E-15 2.87E-07 3.89E-11
  1.58E+06 8.96E-24 2.45E-30 4.48E-17 1.58E-09 2.81E-11 1.12E-16 1.34E-41 4.40E-75 2.33-104 1.20E-15 4.43E-22 2.88E-65 5.32E-07 9.45E-10 7.19E-37 5.90E-15 2.79E-07 5.24E-11
  1.68E+06 2.24E-24 1.14E-29 9.26E-17 1.52E-09 2.62E-11 1.57E-16 1.63E-41 4.71E-75 2.33-104 1.61E-15 4.08E-22 1.18E-64 7.78E-07 1.41E-09 4.54E-34 1.09E-14 2.67E-07 7.12E-11
  1.78E+06 2.30E-24 4.33E-29 1.60E-16 1.27E-09 2.22E-11 2.00E-16 4.78E-41 2.91E-74 2.33-104 1.96E-15 3.67E-22 9.40E-64 1.06E-06 1.94E-09 1.21E-31 1.82E-14 2.54E-07 9.42E-11
  1.88E+06 3.75E-24 1.27E-28 2.21E-16 8.81E-10 1.62E-11 2.14E-16 1.52E-40 2.13E-73 2.32-104 2.07E-15 3.21E-22 6.34E-63 1.38E-06 2.49E-09 1.58E-29 2.84E-14 2.38E-07 1.21E-10
  1.98E+06 5.07E-24 2.67E-28 2.23E-16 4.61E-10 9.30E-12 1.75E-16 3.02E-40 6.08E-73 2.32-104 1.72E-15 2.72E-22 1.90E-62 1.72E-06 3.02E-09 1.12E-27 4.17E-14 2.21E-07 1.50E-10
  2.08E+06 5.84E-24 4.38E-28 1.81E-16 2.02E-10 4.56E-12 1.20E-16 4.11E-40 8.13E-73 2.31-104 1.24E-15 2.25E-22 3.06E-62 2.07E-06 3.47E-09 4.73E-26 5.79E-14 2.03E-07 1.79E-10
  2.18E+06 6.60E-24 6.68E-28 1.41E-16 8.73E-11 2.24E-12 8.11E-17 5.06E-40 8.91E-73 2.31-104 9.22E-16 1.81E-22 4.16E-62 2.42E-06 3.80E-09 1.30E-24 7.74E-14 1.85E-07 2.07E-10
  2.28E+06 7.27E-24 9.53E-28 1.06E-16 3.75E-11 1.11E-12 5.37E-17 5.63E-40 7.97E-73 2.30-104 6.95E-16 1.40E-22 4.78E-62 2.77E-06 4.01E-09 2.45E-23 1.00E-13 1.67E-07 2.29E-10
  2.38E+06 7.73E-24 1.27E-27 7.63E-17 1.60E-11 5.49E-13 3.47E-17 5.61E-40 5.75E-73 2.30-104 5.29E-16 1.05E-22 4.60E-62 3.12E-06 4.08E-09 3.33E-22 1.26E-13 1.50E-07 2.44E-10
  2.48E+06 7.87E-24 1.58E-27 5.31E-17 6.79E-12 2.72E-13 2.17E-17 4.97E-40 3.28E-73 2.29-104 4.03E-16 7.50E-23 3.69E-62 3.45E-06 4.03E-09 3.40E-21 1.55E-13 1.33E-07 2.48E-10
  2.58E+06 7.63E-24 1.85E-27 3.57E-17 2.87E-12 1.36E-13 1.31E-17 3.92E-40 1.49E-73 2.29-104 3.07E-16 5.13E-23 2.48E-62 3.77E-06 3.85E-09 2.68E-20 1.85E-13 1.17E-07 2.42E-10
  2.68E+06 7.00E-24 2.03E-27 2.32E-17 1.21E-12 7.47E-14 7.61E-18 2.74E-40 5.29E-74 2.28-104 2.31E-16 3.32E-23 1.39E-62 4.05E-06 3.58E-09 1.68E-19 2.17E-13 1.02E-07 2.26E-10
  2.78E+06 6.10E-24 2.12E-27 1.48E-17 5.14E-13 6.47E-14 4.23E-18 1.71E-40 1.51E-74 2.28-104 1.75E-16 2.01E-23 6.60E-63 4.30E-06 3.22E-09 8.49E-19 2.48E-13 8.80E-08 2.02E-10
  2.88E+06 5.12E-24 2.14E-27 9.37E-18 2.24E-13 1.22E-13 2.30E-18 9.97E-41 3.74E-75 2.27-104 1.35E-16 1.15E-23 2.84E-63 4.50E-06 2.79E-09 3.55E-18 2.77E-13 7.54E-08 1.73E-10
  2.98E+06 4.12E-24 2.09E-27 5.88E-18 1.00E-13 2.33E-13 1.21E-18 5.34E-41 7.83E-76 2.26-104 1.07E-16 6.00E-24 1.08E-63 4.65E-06 2.34E-09 1.24E-17 3.04E-13 6.39E-08 1.41E-10
  3.08E+06 3.22E-24 1.99E-27 3.72E-18 4.65E-14 2.87E-13 6.26E-19 2.70E-41 1.47E-76 2.26-104 8.71E-17 2.87E-24 3.83E-64 4.75E-06 1.89E-09 3.72E-17 3.26E-13 5.35E-08 1.11E-10
  3.18E+06 2.49E-24 1.90E-27 2.41E-18 2.28E-14 3.10E-13 3.24E-19 1.35E-41 2.69E-77 2.25-104 7.52E-17 1.26E-24 1.34E-64 4.79E-06 1.48E-09 9.61E-17 3.42E-13 4.46E-08 8.29E-11
  3.28E+06 1.91E-24 1.82E-27 1.60E-18 1.19E-14 3.21E-13 1.69E-19 6.70E-42 4.85E-78 2.24-104 6.80E-17 5.00E-25 4.66E-65 4.79E-06 1.12E-09 2.18E-16 3.52E-13 3.68E-08 5.92E-11
  3.38E+06 1.47E-24 1.77E-27 1.11E-18 6.56E-15 3.26E-13 8.94E-20 3.37E-42 9.02E-79 2.23-104 6.42E-17 1.78E-25 1.67E-65 4.75E-06 8.35E-10 4.43E-16 3.53E-13 3.01E-08 4.04E-11
  3.48E+06 1.16E-24 1.78E-27 8.13E-19 3.92E-15 3.29E-13 4.90E-20 1.79E-42 1.88E-79 2.23-104 6.30E-17 5.68E-26 6.62E-66 4.68E-06 6.09E-10 8.14E-16 3.45E-13 2.45E-08 2.63E-11
  3.58E+06 9.52E-25 1.88E-27 6.39E-19 2.56E-15 3.30E-13 2.84E-20 1.04E-42 4.74E-80 2.22-104 6.32E-17 1.62E-26 3.02E-66 4.58E-06 4.37E-10 1.38E-15 3.27E-13 1.98E-08 1.63E-11
  3.68E+06 8.36E-25 2.14E-27 5.51E-19 1.85E-15 3.31E-13 1.78E-20 6.98E-43 1.58E-80 2.21-104 6.38E-17 4.22E-27 1.71E-66 4.45E-06 3.08E-10 2.18E-15 3.00E-13 1.61E-08 9.64E-12
  3.78E+06 7.90E-25 2.61E-27 5.19E-19 1.48E-15 3.31E-13 1.20E-20 5.39E-43 7.06E-81 2.20-104 6.33E-17 9.99E-28 1.21E-66 4.26E-06 2.13E-10 3.27E-15 2.64E-13 1.30E-08 5.46E-12
  3.88E+06 7.97E-25 3.36E-27 5.26E-19 1.28E-15 3.31E-13 8.78E-21 4.70E-43 4.06E-81 2.19-104 6.08E-17 2.14E-28 1.02E-66 4.02E-06 1.42E-10 4.70E-15 2.22E-13 1.06E-08 2.97E-12
  3.98E+06 8.48E-25 4.50E-27 5.64E-19 1.17E-15 3.31E-13 6.84E-21 4.55E-43 2.88E-81 2.18-104 5.66E-17 4.27E-29 1.01E-66 3.73E-06 9.09E-11 6.53E-15 1.77E-13 8.61E-09 1.57E-12
  4.08E+06 9.42E-25 6.16E-27 6.28E-19 1.11E-15 3.31E-13 5.67E-21 4.79E-43 2.44E-81 2.17-104 5.11E-17 8.05E-30 1.11E-66 3.40E-06 5.53E-11 8.83E-15 1.33E-13 7.04E-09 8.10E-13
  4.18E+06 1.08E-24 8.54E-27 7.20E-19 1.07E-15 3.31E-13 4.97E-21 5.43E-43 2.40E-81 2.16-104 4.50E-17 1.52E-30 1.33E-66 3.06E-06 3.21E-11 1.17E-14 9.51E-14 5.79E-09 4.16E-13
  4.28E+06 1.26E-24 1.19E-26 8.44E-19 1.05E-15 3.31E-13 4.60E-21 6.55E-43 2.70E-81 2.15-104 3.90E-17 3.62E-31 1.74E-66 2.74E-06 1.81E-11 1.55E-14 6.52E-14 4.78E-09 2.15E-13
  4.38E+06 1.49E-24 1.69E-26 1.01E-18 1.04E-15 3.30E-13 4.47E-21 8.32E-43 3.37E-81 2.14-104 3.35E-17 1.65E-31 2.41E-66 2.44E-06 9.98E-12 2.04E-14 4.34E-14 3.99E-09 1.13E-13
  4.48E+06 1.77E-24 2.39E-26 1.23E-18 1.03E-15 3.30E-13 4.51E-21 1.10E-42 4.56E-81 2.13-104 2.86E-17 1.34E-31 3.51E-66 2.18E-06 5.49E-12 2.69E-14 2.84E-14 3.37E-09 5.99E-14
  4.58E+06 2.08E-24 3.40E-26 1.50E-18 1.03E-15 3.30E-13 4.67E-21 1.47E-42 6.43E-81 2.12-104 2.42E-17 1.34E-31 5.24E-66 1.95E-06 2.99E-12 3.52E-14 1.82E-14 2.86E-09 3.22E-14
  4.68E+06 2.42E-24 4.81E-26 1.84E-18 1.03E-15 3.30E-13 4.88E-21 1.97E-42 8.99E-81 2.11-104 2.05E-17 1.41E-31 7.73E-66 1.74E-06 1.64E-12 4.55E-14 1.17E-14 2.45E-09 1.76E-14
  4.78E+06 2.76E-24 6.76E-26 2.24E-18 1.03E-15 3.30E-13 5.14E-21 2.62E-42 1.23E-80 2.10-104 1.73E-17 1.54E-31 1.12E-65 1.55E-06 9.04E-13 5.81E-14 7.46E-15 2.12E-09 9.68E-15
  4.88E+06 3.11E-24 9.47E-26 2.72E-18 1.03E-15 3.30E-13 5.43E-21 3.46E-42 1.67E-80 2.09-104 1.45E-17 1.72E-31 1.61E-65 1.39E-06 5.00E-13 7.35E-14 4.76E-15 1.85E-09 5.39E-15
  4.98E+06 3.47E-24 1.32E-25 3.31E-18 1.03E-15 3.29E-13 5.77E-21 4.54E-42 2.23E-80 2.08-104 1.22E-17 1.96E-31 2.29E-65 1.24E-06 2.80E-13 9.22E-14 3.05E-15 1.63E-09 3.04E-15
  5.08E+06 3.84E-24 1.84E-25 4.02E-18 1.03E-15 3.29E-13 6.16E-21 5.93E-42 2.95E-80 2.07-104 1.03E-17 2.27E-31 3.23E-65 1.11E-06 1.58E-13 1.15E-13 1.96E-15 1.45E-09 1.74E-15
  5.18E+06 4.23E-24 2.55E-25 4.87E-18 1.03E-15 3.29E-13 6.61E-21 7.74E-42 3.89E-80 2.06-104 8.66E-18 2.68E-31 4.53E-65 9.97E-07 9.02E-14 1.43E-13 1.27E-15 1.29E-09 1.00E-15
  5.28E+06 4.66E-24 3.54E-25 5.90E-18 1.03E-15 3.29E-13 7.12E-21 1.01E-41 5.15E-80 2.05-104 7.30E-18 3.20E-31 6.35E-65 8.93E-07 5.21E-14 1.76E-13 8.21E-16 1.16E-09 5.87E-16
  5.38E+06 5.14E-24 4.91E-25 7.15E-18 1.03E-15 3.28E-13 7.72E-21 1.33E-41 6.88E-80 2.04-104 6.16E-18 3.87E-31 8.94E-65 8.00E-07 3.04E-14 2.17E-13 5.36E-16 1.05E-09 3.48E-16
  5.48E+06 5.71E-24 6.79E-25 8.64E-18 1.02E-15 3.28E-13 8.42E-21 1.77E-41 9.33E-80 2.03-104 5.20E-18 4.70E-31 1.27E-64 7.15E-07 1.80E-14 2.66E-13 3.52E-16 9.49E-10 2.09E-16
  5.58E+06 6.38E-24 9.40E-25 1.05E-17 1.02E-15 3.28E-13 9.25E-21 2.37E-41 1.29E-79 2.02-104 4.39E-18 5.75E-31 1.81E-64 6.37E-07 1.08E-14 3.25E-13 2.33E-16 8.64E-10 1.27E-16
  5.68E+06 7.20E-24 1.30E-24 1.26E-17 1.02E-15 3.28E-13 1.02E-20 3.22E-41 1.83E-79 2.00-104 3.71E-18 7.05E-31 2.60E-64 5.66E-07 6.56E-15 3.95E-13 1.55E-16 7.90E-10 7.87E-17
  5.78E+06 8.20E-24 1.79E-24 1.53E-17 1.02E-15 3.27E-13 1.14E-20 4.42E-41 2.65E-79 1.99-104 3.14E-18 8.65E-31 3.79E-64 5.02E-07 4.06E-15 4.79E-13 1.05E-16 7.24E-10 4.95E-17
  5.88E+06 9.42E-24 2.48E-24 1.84E-17 1.01E-15 3.27E-13 1.28E-20 6.15E-41 3.92E-79 1.98-104 2.65E-18 1.06E-30 5.58E-64 4.43E-07 2.55E-15 5.80E-13 7.15E-17 6.66E-10 3.17E-17
  5.98E+06 1.09E-23 3.42E-24 2.22E-17 1.01E-15 3.27E-13 1.44E-20 8.63E-41 5.91E-79 1.96-104 2.24E-18 1.30E-30 8.26E-64 3.91E-07 1.64E-15 7.01E-13 4.94E-17 6.14E-10 2.07E-17
  6.08E+06 1.28E-23 4.71E-24 2.67E-17 1.01E-15 3.26E-13 1.63E-20 1.22E-40 9.07E-79 1.94-104 1.89E-18 1.59E-30 1.23E-63 3.43E-07 1.07E-15 8.44E-13 3.46E-17 5.68E-10 1.38E-17
  6.18E+06 1.50E-23 6.48E-24 3.21E-17 1.00E-15 3.26E-13 1.85E-20 1.75E-40 1.42E-78 1.93-104 1.59E-18 1.93E-30 1.85E-63 3.01E-07 7.16E-16 1.01E-12 2.46E-17 5.26E-10 9.38E-18
  6.28E+06 1.80E-23 8.89E-24 3.85E-17 9.93E-16 3.25E-13 2.12E-20 2.55E-40 2.28E-78 1.91-104 1.35E-18 2.35E-30 2.81E-63 2.63E-07 4.91E-16 1.22E-12 1.78E-17 4.88E-10 6.55E-18
  6.38E+06 2.22E-23 1.22E-23 4.59E-17 9.85E-16 3.25E-13 2.47E-20 3.81E-40 3.90E-78 1.89-104 1.14E-18 2.88E-30 4.39E-63 2.28E-07 3.49E-16 1.45E-12 1.32E-17 4.54E-10 4.74E-18
  6.48E+06 2.86E-23 1.66E-23 5.45E-17 9.75E-16 3.24E-13 2.94E-20 6.04E-40 7.42E-78 1.87-104 9.63E-19 3.56E-30 7.18E-63 1.94E-07 2.62E-16 1.73E-12 9.99E-18 4.23E-10 3.63E-18
  6.58E+06 3.96E-23 2.23E-23 6.40E-17 9.65E-16 3.23E-13 3.66E-20 1.04E-39 1.66E-77 1.85-104 8.19E-19 4.51E-30 1.26E-62 1.62E-07 2.12E-16 2.03E-12 7.87E-18 3.94E-10 3.02E-18
  6.68E+06 5.93E-23 2.97E-23 7.41E-17 9.54E-16 3.23E-13 4.74E-20 1.94E-39 4.40E-77 1.82-104 7.03E-19 5.91E-30 2.37E-62 1.32E-07 1.89E-16 2.36E-12 6.49E-18 3.68E-10 2.77E-18
  6.78E+06 9.45E-23 3.87E-23 8.41E-17 9.42E-16 3.22E-13 6.33E-20 3.86E-39 1.31E-76 1.80-104 6.11E-19 8.07E-30 4.64E-62 1.05E-07 1.83E-16 2.68E-12 5.58E-18 3.44E-10 2.76E-18
  6.88E+06 1.54E-22 4.96E-23 9.36E-17 9.32E-16 3.21E-13 8.41E-20 7.69E-39 3.92E-76 1.77-104 5.37E-19 1.14E-29 8.92E-62 8.30E-08 1.86E-16 2.98E-12 4.94E-18 3.21E-10 2.87E-18
  6.98E+06 2.44E-22 6.23E-23 1.02E-16 9.21E-16 3.20E-13 1.08E-19 1.45E-38 1.05E-75 1.74-104 4.77E-19 1.66E-29 1.59E-61 6.62E-08 1.90E-16 3.27E-12 4.42E-18 3.00E-10 3.00E-18
  7.08E+06 3.67E-22 7.72E-23 1.10E-16 9.12E-16 3.19E-13 1.32E-19 2.50E-38 2.34E-75 1.71-104 4.26E-19 2.43E-29 2.55E-61 5.38E-08 1.89E-16 3.56E-12 3.94E-18 2.80E-10 3.02E-18
  7.18E+06 5.16E-22 9.51E-23 1.17E-16 9.02E-16 3.18E-13 1.51E-19 3.87E-38 4.20E-75 1.67-104 3.79E-19 3.54E-29 3.64E-61 4.48E-08 1.79E-16 3.89E-12 3.47E-18 2.61E-10 2.86E-18
  7.28E+06 6.74E-22 1.17E-22 1.25E-16 8.93E-16 3.16E-13 1.61E-19 5.38E-38 6.07E-75 1.64-104 3.34E-19 5.08E-29 4.66E-61 3.83E-08 1.58E-16 4.31E-12 3.01E-18 2.44E-10 2.52E-18
  7.38E+06 8.15E-22 1.45E-22 1.33E-16 8.82E-16 3.15E-13 1.61E-19 6.72E-38 7.06E-75 1.60-104 2.91E-19 7.14E-29 5.36E-61 3.33E-08 1.29E-16 4.87E-12 2.53E-18 2.27E-10 2.03E-18
  7.48E+06 9.04E-22 1.81E-22 1.44E-16 8.69E-16 3.13E-13 1.50E-19 7.51E-38 6.50E-75 1.55-104 2.49E-19 9.85E-29 5.54E-61 2.92E-08 9.62E-17 5.63E-12 2.03E-18 2.11E-10 1.47E-18
  7.58E+06 9.86E-22 2.28E-22 1.55E-16 8.54E-16 3.11E-13 1.37E-19 8.18E-38 5.69E-75 1.51-104 2.12E-19 1.33E-28 5.60E-61 2.55E-08 6.82E-17 6.63E-12 1.61E-18 1.96E-10 1.02E-18
  7.68E+06 1.11E-21 2.83E-22 1.65E-16 8.41E-16 3.09E-13 1.25E-19 8.99E-38 5.07E-75 1.46-104 1.84E-19 1.77E-28 5.62E-61 2.18E-08 4.65E-17 7.88E-12 1.30E-18 1.82E-10 7.03E-19
  7.78E+06 8.29E-22 3.80E-22 1.90E-16 8.11E-16 3.07E-13 8.61E-20 5.70E-38 1.50E-75 1.40-104 1.67E-19 2.35E-28 3.54E-61 2.21E-08 2.53E-17 1.10E-11 9.45E-19 1.69E-10 3.50E-19
  7.88E+06 1.94E-22 6.20E-22 2.66E-16 7.31E-16 3.04E-13 2.95E-20 8.55E-39 2.52E-77 1.35-104 1.68E-19 3.09E-28 6.39E-62 3.45E-08 9.17E-18 2.05E-11 4.51E-19 1.57E-10 8.45E-20
  7.98E+06 2.46E-23 9.86E-22 3.63E-16 6.29E-16 3.01E-13 6.87E-21 5.97E-40 9.15E-80 1.29-104 1.98E-19 3.74E-28 5.24E-63 6.21E-08 2.76E-18 4.07E-11 1.59E-19 1.45E-10 1.36E-20
  8.08E+06 3.23E-24 1.40E-21 4.42E-16 5.45E-16 2.97E-13 1.63E-21 4.42E-41 3.69E-82 1.22-104 2.53E-19 3.94E-28 4.06E-64 1.03E-07 7.96E-19 7.66E-11 6.86E-20 1.34E-10 2.06E-21
  8.18E+06 5.11E-25 1.84E-21 4.99E-16 4.82E-16 2.93E-13 4.37E-22 4.23E-42 2.49E-84 1.16-104 3.22E-19 3.61E-28 3.78E-65 1.55E-07 2.28E-19 1.44E-10 4.38E-20 1.23E-10 3.60E-22
  8.28E+06 9.77E-26 2.32E-21 5.39E-16 4.36E-16 2.89E-13 1.33E-22 5.29E-43 2.88E-86 1.08-104 3.96E-19 2.99E-28 4.39E-66 2.14E-07 6.67E-20 2.81E-10 3.45E-20 1.13E-10 8.45E-23
  8.38E+06 2.21E-26 2.86E-21 5.68E-16 4.00E-16 2.84E-13 4.59E-23 8.39E-44 5.57E-88 1.01-104 4.62E-19 2.34E-28 6.33E-67 2.78E-07 2.04E-20 5.73E-10 2.90E-20 1.04E-10 2.69E-23
  8.48E+06 5.81E-27 3.46E-21 5.89E-16 3.70E-16 2.78E-13 1.75E-23 1.65E-44 1.93E-89 9.25-105 5.13E-19 1.80E-28 1.11E-67 3.41E-07 6.82E-21 1.20E-09 2.46E-20 9.47E-11 1.03E-23
  8.58E+06 1.74E-27 4.17E-21 6.06E-16 3.44E-16 2.71E-13 7.36E-24 3.94E-45 1.44E-90 8.41-105 5.43E-19 1.38E-28 2.37E-68 3.99E-07 2.57E-21 2.53E-09 2.05E-20 8.62E-11 4.28E-24
  8.68E+06 5.85E-28 4.99E-21 6.20E-16 3.20E-16 2.64E-13 3.36E-24 1.15E-45 2.24E-91 7.56-105 5.50E-19 1.07E-28 6.10E-69 4.48E-07 1.09E-21 5.25E-09 1.66E-20 7.82E-11 1.83E-24
  8.78E+06 2.19E-28 5.98E-21 6.32E-16 2.96E-16 2.55E-13 1.65E-24 4.15E-46 5.59E-92 6.69-105 5.34E-19 8.36E-29 1.95E-69 4.84E-07 5.03E-22 1.06E-08 1.30E-20 7.07E-11 7.89E-25
  8.88E+06 8.94E-29 7.15E-21 6.44E-16 2.71E-16 2.46E-13 8.65E-25 1.93E-46 1.95E-92 5.83-105 4.99E-19 6.66E-29 8.02E-70 5.05E-07 2.41E-22 2.07E-08 9.83E-21 6.37E-11 3.39E-25
  8.98E+06 3.97E-29 8.55E-21 6.54E-16 2.47E-16 2.36E-13 4.81E-25 1.16E-46 9.01E-93 5.00-105 4.49E-19 5.41E-29 4.25E-70 5.12E-07 1.17E-22 3.88E-08 7.28E-21 5.71E-11 1.45E-25
  9.08E+06 1.89E-29 1.02E-20 6.63E-16 2.22E-16 2.25E-13 2.81E-25 8.57E-47 5.19E-93 4.19-105 3.91E-19 4.48E-29 2.78E-70 5.04E-07 5.64E-23 6.96E-08 5.31E-21 5.11E-11 6.23E-26
  9.18E+06 9.56E-30 1.22E-20 6.70E-16 1.98E-16 2.13E-13 1.71E-25 7.33E-47 3.46E-93 3.45-105 3.30E-19 3.78E-29 2.10E-70 4.84E-07 2.72E-23 1.20E-07 3.85E-21 4.55E-11 2.70E-26
  9.28E+06 5.11E-30 1.45E-20 6.75E-16 1.74E-16 2.01E-13 1.08E-25 6.83E-47 2.50E-93 2.77-105 2.70E-19 3.25E-29 1.73E-70 4.54E-07 1.31E-23 1.98E-07 2.78E-21 4.05E-11 1.18E-26
  9.38E+06 2.86E-30 1.73E-20 6.77E-16 1.50E-16 1.87E-13 7.05E-26 6.68E-47 1.90E-93 2.16-105 2.15E-19 2.86E-29 1.49E-70 4.16E-07 6.25E-24 3.14E-07 2.00E-21 3.60E-11 5.25E-27
  9.48E+06 1.68E-30 2.05E-20 6.77E-16 1.29E-16 1.73E-13 4.72E-26 6.73E-47 1.48E-93 1.64-105 1.67E-19 2.58E-29 1.32E-70 3.74E-07 2.99E-24 4.83E-07 1.44E-21 3.20E-11 2.36E-27
  9.58E+06 1.02E-30 2.42E-20 6.73E-16 1.09E-16 1.58E-13 3.24E-26 6.90E-47 1.16E-93 1.21-105 1.26E-19 2.40E-29 1.18E-70 3.30E-07 1.42E-24 7.17E-07 1.04E-21 2.85E-11 1.07E-27
  9.68E+06 6.44E-31 2.85E-20 6.65E-16 9.03E-17 1.43E-13 2.27E-26 7.15E-47 9.15E-94 8.62-106 9.39E-20 2.31E-29 1.07E-70 2.85E-07 6.80E-25 1.03E-06 7.48E-22 2.56E-11 4.96E-28
  9.78E+06 4.23E-31 3.33E-20 6.54E-16 7.42E-17 1.28E-13 1.63E-26 7.48E-47 7.21E-94 5.95-106 6.93E-20 2.35E-29 9.71E-71 2.42E-07 3.26E-25 1.45E-06 5.39E-22 2.32E-11 2.33E-28
  9.88E+06 2.89E-31 3.87E-20 6.39E-16 6.04E-17 1.14E-13 1.19E-26 7.86E-47 5.63E-94 3.97-106 5.20E-20 2.56E-29 8.80E-71 2.01E-07 1.61E-25 1.98E-06 3.90E-22 2.14E-11 1.13E-28
  9.98E+06 2.09E-31 4.43E-20 6.19E-16 5.05E-17 9.93E-14 9.00E-27 8.27E-47 4.30E-94 2.57-106 4.19E-20 2.92E-29 7.88E-71 1.64E-07 9.58E-26 2.65E-06 2.83E-22 2.02E-11 6.30E-29

 TP, TL
           1.75E+08 4.14E+02 3.82E+08 6.37E+11 6.68E+09 1.26E+08 7.43E-16 2.39E-38 2.81E-90 6.68E+09 1.67E-05 3.12E-35 2.35E+15 1.39E+10 1.21E+08 3.42E+10 1.20E+06 2.55E+10
           1.75E+08 4.14E+02 3.82E+08 6.44E+11 6.58E+09 1.11E+08 7.43E-16 2.39E-38 2.81E-90 6.68E+09 1.67E-05 3.12E-35 2.35E+15 1.37E+10 2.21E+08 3.42E+10 1.62E+09 2.55E+10

     Z        N2O5     CO2      SO4AER   S8AER   
  2.50E+04 4.53E-18 1.99E-04 2.01E-10 1.00E-38
  7.50E+04 5.98E-18 1.99E-04 2.13E-10 1.00E-38
  1.25E+05 8.61E-18 1.99E-04 2.36E-10 1.00E-38
  1.75E+05 1.34E-17 1.99E-04 2.71E-10 1.00E-38
  2.75E+05 3.77E-17 1.99E-04 3.72E-10 1.00E-38
  3.75E+05 1.18E-16 1.99E-04 4.99E-10 1.00E-38
  4.75E+05 3.77E-16 1.99E-04 6.43E-10 1.00E-38
  5.75E+05 9.27E-16 1.99E-04 7.99E-10 1.00E-38
  6.75E+05 1.51E-15 1.99E-04 9.64E-10 1.00E-38
  7.75E+05 1.95E-15 1.99E-04 1.14E-09 1.00E-38
  8.75E+05 2.41E-15 1.99E-04 1.33E-09 1.00E-38
  9.75E+05 2.89E-15 1.99E-04 1.52E-09 1.00E-38
  1.08E+06 3.42E-15 1.99E-04 1.78E-09 1.00E-38
  1.18E+06 5.14E-15 1.99E-04 2.42E-09 1.00E-38
  1.28E+06 1.02E-14 1.99E-04 3.48E-09 1.00E-38
  1.38E+06 2.99E-14 1.99E-04 5.18E-09 1.00E-38
  1.48E+06 9.41E-14 1.99E-04 6.98E-09 1.00E-38
  1.58E+06 2.66E-13 1.99E-04 8.28E-09 1.00E-38
  1.68E+06 6.44E-13 1.99E-04 8.75E-09 1.00E-38
  1.78E+06 1.29E-12 1.99E-04 8.35E-09 1.00E-38
  1.88E+06 2.25E-12 1.99E-04 7.35E-09 1.00E-38
  1.98E+06 3.50E-12 1.99E-04 6.11E-09 1.00E-38
  2.08E+06 4.91E-12 1.99E-04 4.95E-09 1.00E-38
  2.18E+06 6.40E-12 1.99E-04 3.99E-09 1.00E-38
  2.28E+06 7.80E-12 1.99E-04 3.22E-09 1.00E-38
  2.38E+06 8.90E-12 1.99E-04 2.63E-09 1.00E-38
  2.48E+06 9.54E-12 1.99E-04 2.17E-09 1.00E-38
  2.58E+06 9.61E-12 2.00E-04 1.81E-09 1.00E-38
  2.68E+06 9.10E-12 2.00E-04 1.52E-09 1.00E-38
  2.78E+06 8.11E-12 2.00E-04 1.29E-09 1.00E-38
  2.88E+06 6.81E-12 2.00E-04 1.11E-09 1.00E-38
  2.98E+06 5.41E-12 2.00E-04 9.57E-10 1.00E-38
  3.08E+06 4.06E-12 2.00E-04 8.34E-10 1.00E-38
  3.18E+06 2.90E-12 2.00E-04 7.32E-10 1.00E-38
  3.28E+06 1.96E-12 2.00E-04 6.40E-10 1.00E-38
  3.38E+06 1.26E-12 2.00E-04 5.54E-10 1.00E-38
  3.48E+06 7.63E-13 2.00E-04 4.77E-10 1.00E-38
  3.58E+06 4.36E-13 2.00E-04 4.07E-10 1.00E-38
  3.68E+06 2.33E-13 2.00E-04 3.46E-10 1.00E-38
  3.78E+06 1.16E-13 2.00E-04 2.93E-10 1.00E-38
  3.88E+06 5.24E-14 2.00E-04 2.46E-10 1.00E-38
  3.98E+06 2.18E-14 2.00E-04 2.06E-10 1.00E-38
  4.08E+06 8.29E-15 2.00E-04 1.72E-10 1.00E-38
  4.18E+06 2.95E-15 2.00E-04 1.42E-10 1.00E-38
  4.28E+06 1.01E-15 2.00E-04 1.17E-10 1.00E-38
  4.38E+06 3.38E-16 2.00E-04 9.63E-11 1.00E-38
  4.48E+06 1.13E-16 2.00E-04 7.89E-11 1.00E-38
  4.58E+06 3.75E-17 2.00E-04 6.42E-11 1.00E-38
  4.68E+06 1.26E-17 2.00E-04 5.21E-11 1.00E-38
  4.78E+06 4.26E-18 2.00E-04 4.20E-11 1.00E-38
  4.88E+06 1.46E-18 2.00E-04 3.36E-11 1.00E-38
  4.98E+06 5.07E-19 2.00E-04 2.67E-11 1.00E-38
  5.08E+06 1.80E-19 2.00E-04 2.11E-11 1.00E-38
  5.18E+06 6.45E-20 2.00E-04 1.64E-11 1.00E-38
  5.28E+06 2.35E-20 2.00E-04 1.26E-11 1.00E-38
  5.38E+06 8.73E-21 2.00E-04 9.54E-12 1.00E-38
  5.48E+06 3.29E-21 2.00E-04 7.08E-12 1.00E-38
  5.58E+06 1.26E-21 2.00E-04 5.14E-12 1.00E-38
  5.68E+06 4.95E-22 2.00E-04 3.64E-12 1.00E-38
  5.78E+06 1.98E-22 2.00E-04 2.50E-12 1.00E-38
  5.88E+06 8.16E-23 1.99E-04 1.67E-12 1.00E-38
  5.98E+06 3.45E-23 1.99E-04 1.07E-12 1.00E-38
  6.08E+06 1.50E-23 1.99E-04 6.56E-13 1.00E-38
  6.18E+06 6.75E-24 1.99E-04 3.84E-13 1.00E-38
  6.28E+06 3.14E-24 1.99E-04 2.13E-13 1.00E-38
  6.38E+06 1.53E-24 1.99E-04 1.11E-13 1.00E-38
  6.48E+06 7.94E-25 1.99E-04 5.39E-14 1.00E-38
  6.58E+06 4.51E-25 1.99E-04 2.41E-14 1.00E-38
  6.68E+06 2.85E-25 1.99E-04 9.82E-15 1.00E-38
  6.78E+06 1.99E-25 1.98E-04 3.60E-15 1.00E-38
  6.88E+06 1.48E-25 1.98E-04 1.16E-15 1.00E-38
  6.98E+06 1.11E-25 1.98E-04 3.26E-16 1.00E-38
  7.08E+06 8.21E-26 1.98E-04 7.70E-17 1.00E-38
  7.18E+06 5.75E-26 1.97E-04 1.49E-17 1.00E-38
  7.28E+06 3.77E-26 1.97E-04 2.28E-18 1.00E-38
  7.38E+06 2.27E-26 1.97E-04 2.62E-19 1.00E-38
  7.48E+06 1.21E-26 1.96E-04 2.08E-20 1.00E-38
  7.58E+06 6.17E-27 1.96E-04 1.04E-21 1.00E-38
  7.68E+06 3.15E-27 1.95E-04 2.73E-23 1.00E-38
  7.78E+06 1.19E-27 1.94E-04 2.68E-25 1.00E-38
  7.88E+06 2.18E-28 1.94E-04 2.84E-28 1.00E-38
  7.98E+06 2.54E-29 1.93E-04 3.57E-30 1.00E-38
  8.08E+06 2.85E-30 1.92E-04 2.23E-32 1.00E-38
  8.18E+06 4.59E-31 1.91E-04 5.94E-35 1.00E-38
  8.28E+06 1.49E-31 1.90E-04 5.91E-38 1.00E-38
  8.38E+06 7.52E-32 1.89E-04 1.00E-38 1.00E-38
  8.48E+06 4.25E-32 1.87E-04 1.00E-38 1.00E-38
  8.58E+06 2.38E-32 1.86E-04 1.00E-38 1.00E-38
  8.68E+06 1.27E-32 1.84E-04 1.00E-38 1.00E-38
  8.78E+06 6.39E-33 1.82E-04 1.00E-38 1.00E-38
  8.88E+06 3.04E-33 1.80E-04 1.00E-38 1.00E-38
  8.98E+06 1.38E-33 1.78E-04 1.00E-38 1.00E-38
  9.08E+06 6.13E-34 1.75E-04 1.00E-38 1.00E-38
  9.18E+06 2.70E-34 1.72E-04 1.00E-38 1.00E-38
  9.28E+06 1.19E-34 1.69E-04 1.00E-38 1.00E-38
  9.38E+06 5.23E-35 1.66E-04 1.00E-38 1.00E-38
  9.48E+06 2.32E-35 1.63E-04 1.00E-38 1.00E-38
  9.58E+06 1.03E-35 1.59E-04 1.00E-38 1.00E-38
  9.68E+06 4.64E-36 1.55E-04 1.00E-38 1.00E-38
  9.78E+06 2.10E-36 1.50E-04 1.00E-38 1.00E-38
  9.88E+06 9.58E-37 1.46E-04 1.00E-38 1.00E-38
  9.98E+06 4.80E-37 1.41E-04 1.00E-38 1.00E-38

 TP, TL
           2.63E+08 2.49E+11 6.39E+09 0.00E+00
           2.63E+08 1.96E+09 6.31E+09 1.71E-19

     TP = 0.000E+00  TL = 1.710E-19


 OZONE COLUMN DEPTH =  6.0668E+18


 O2, CO, CH4 COLUMN DEPTHs =      1.843E+24     1.732E+18     3.823E+19

 SULFUR COLUMN DEPTHS:  H2S = 3.392E+13  SO2 = 9.191E+15  S2 = 2.495E-11  S4 = 2.064E-37  S8 = 0.000E+00

 SCALED AEROSOL EXTINCTION OPTICAL DEPTHS
     SULFATE = 7.054E-02     S8(VIS) = 2.037E-30     S8(UV) = 4.075E-30

 FH2O AT COLD TRAP = 6.682E-06

 NUMBER DENSITIES OF LONG-LIVED SPECIES


     Z        O        O2       H2O      H        OH       HO2      H2O2     H2       CO       HCO      H2CO     CH4      CH3      C2H6     NO       NO2      HNO      H2S     
  2.50E+04 1.82E+03 2.09E+18 2.81E+17 2.51E-01 1.06E+06 2.71E+08 2.66E+10 1.32E+13 2.74E+12 9.93E-03 5.80E+09 4.48E+13 8.98E-02 9.68E-07 5.07E+07 9.92E+07 4.26E+02 2.28E+08
  1.25E+05 2.20E+03 1.89E+18 1.78E+17 2.68E-01 1.11E+06 2.55E+08 2.62E+10 1.20E+13 2.36E+12 1.02E-02 4.95E+09 4.05E+13 8.29E-02 8.75E-07 5.51E+07 9.44E+07 3.38E+02 1.01E+08
  2.25E+05 2.74E+03 1.71E+18 1.08E+17 2.85E-01 1.18E+06 2.32E+08 2.40E+10 1.08E+13 2.02E+12 9.65E-03 3.92E+09 3.66E+13 7.60E-02 7.89E-07 6.44E+07 9.81E+07 1.99E+02 4.39E+07
  3.25E+05 3.48E+03 1.55E+18 6.06E+16 2.98E-01 1.23E+06 2.03E+08 2.03E+10 9.80E+12 1.74E+12 8.83E-03 3.04E+09 3.30E+13 6.80E-02 7.08E-07 7.86E+07 1.07E+08 1.11E+02 1.90E+07
  4.25E+05 4.40E+03 1.40E+18 3.18E+16 3.04E-01 1.26E+06 1.71E+08 1.60E+10 8.85E+12 1.49E+12 7.71E-03 2.27E+09 2.98E+13 5.84E-02 6.36E-07 9.66E+07 1.15E+08 6.13E+01 8.27E+06
  5.25E+05 5.44E+03 1.26E+18 1.52E+16 2.90E-01 1.21E+06 1.37E+08 1.18E+10 8.00E+12 1.29E+12 6.09E-03 1.59E+09 2.69E+13 4.55E-02 5.71E-07 1.10E+08 1.12E+08 3.18E+01 3.72E+06
  6.25E+05 6.54E+03 1.14E+18 6.45E+15 2.45E-01 1.03E+06 1.05E+08 8.32E+09 7.22E+12 1.11E+12 4.12E-03 9.97E+08 2.42E+13 3.02E-02 5.16E-07 1.03E+08 8.66E+07 1.47E+01 1.78E+06
  7.25E+05 7.69E+03 1.03E+18 2.40E+15 1.93E-01 8.22E+05 7.69E+07 5.61E+09 6.52E+12 9.68E+11 2.52E-03 5.74E+08 2.19E+13 1.79E-02 4.69E-07 9.27E+07 6.16E+07 6.86E+00 9.20E+05
  8.25E+05 8.88E+03 9.28E+17 7.85E+14 1.67E-01 7.23E+05 5.39E+07 3.62E+09 5.88E+12 8.43E+11 1.62E-03 3.34E+08 1.97E+13 1.12E-02 4.30E-07 1.10E+08 5.59E+07 4.36E+00 4.97E+05
  9.25E+05 1.01E+04 8.34E+17 2.26E+14 1.64E-01 7.19E+05 3.62E+07 2.27E+09 5.29E+12 7.35E+11 1.15E-03 2.06E+08 1.77E+13 7.64E-03 3.95E-07 1.61E+08 6.06E+07 3.52E+00 2.78E+05
  1.02E+06 1.18E+04 7.43E+17 6.83E+13 1.69E-01 7.34E+05 2.43E+07 1.40E+09 4.71E+12 6.35E+11 8.77E-04 1.35E+08 1.58E+13 5.51E-03 3.63E-07 2.26E+08 6.35E+07 2.78E+00 1.59E+05
  1.12E+06 1.65E+04 6.39E+17 3.93E+13 1.80E-01 7.11E+05 1.65E+07 7.33E+08 4.05E+12 5.25E+11 7.56E-04 9.86E+07 1.36E+13 5.22E-03 3.35E-07 2.85E+08 7.33E+07 1.76E+00 7.92E+04
  1.22E+06 2.84E+04 5.48E+17 2.72E+13 1.64E-01 6.06E+05 9.01E+06 2.42E+08 3.47E+12 4.15E+11 6.04E-04 6.89E+07 1.16E+13 4.52E-03 3.51E-07 3.91E+08 1.12E+08 8.36E-01 2.63E+04
  1.32E+06 5.42E+04 4.69E+17 2.33E+13 1.35E-01 4.74E+05 4.66E+06 5.99E+07 2.97E+12 3.18E+11 4.54E-04 4.58E+07 9.86E+12 3.73E-03 4.21E-07 5.24E+08 1.92E+08 3.51E-01 7.29E+03
  1.42E+06 1.14E+05 4.00E+17 2.01E+13 1.07E-01 3.71E+05 2.54E+06 1.13E+07 2.53E+12 2.30E+11 3.56E-04 3.12E+07 8.33E+12 3.21E-03 5.94E-07 6.99E+08 3.75E+08 1.81E-01 1.47E+03
  1.52E+06 2.19E+05 3.40E+17 1.73E+13 9.79E-02 3.40E+05 1.88E+06 3.77E+06 2.15E+12 1.62E+11 3.40E-04 2.52E+07 6.99E+12 3.33E-03 8.24E-07 8.40E+08 6.13E+08 1.98E-01 2.67E+02
  1.62E+06 3.98E+05 2.90E+17 1.49E+13 9.67E-02 3.40E+05 1.67E+06 2.45E+06 1.82E+12 1.12E+11 3.60E-04 2.22E+07 5.84E+12 3.82E-03 1.12E-06 9.54E+08 8.97E+08 2.68E-01 4.12E+01
  1.72E+06 6.74E+05 2.47E+17 1.30E+13 1.02E-01 3.62E+05 1.66E+06 2.23E+06 1.54E+12 7.66E+10 4.08E-04 2.08E+07 4.85E+12 4.65E-03 1.46E-06 1.04E+09 1.19E+09 3.32E-01 5.49E+00
  1.82E+06 1.08E+06 2.10E+17 1.13E+13 1.14E-01 4.02E+05 1.78E+06 2.39E+06 1.31E+12 5.28E+10 4.82E-04 2.01E+07 4.01E+12 5.90E-03 1.83E-06 1.11E+09 1.45E+09 3.52E-01 6.48E-01
  1.92E+06 1.65E+06 1.79E+17 9.86E+12 1.35E-01 4.63E+05 2.00E+06 2.80E+06 1.10E+12 3.69E+10 5.87E-04 1.99E+07 3.30E+12 7.70E-03 2.24E-06 1.17E+09 1.68E+09 2.99E-01 6.64E-02
  2.02E+06 2.43E+06 1.53E+17 8.61E+12 1.72E-01 5.51E+05 2.33E+06 3.49E+06 9.30E+11 2.65E+10 7.33E-04 2.01E+07 2.71E+12 1.03E-02 2.67E-06 1.23E+09 1.86E+09 1.98E-01 6.06E-03
  2.12E+06 3.49E+06 1.30E+17 7.52E+12 2.32E-01 6.73E+05 2.77E+06 4.50E+06 7.84E+11 1.98E+10 9.34E-04 2.04E+07 2.22E+12 1.41E-02 3.14E-06 1.28E+09 2.00E+09 1.29E-01 5.69E-04
  2.22E+06 4.91E+06 1.11E+17 6.57E+12 3.29E-01 8.39E+05 3.34E+06 5.90E+06 6.59E+11 1.52E+10 1.21E-03 2.09E+07 1.81E+12 1.95E-02 3.67E-06 1.33E+09 2.10E+09 8.99E-02 1.17E-04
  2.32E+06 6.79E+06 9.45E+16 5.75E+12 4.88E-01 1.06E+06 4.06E+06 7.72E+06 5.54E+11 1.20E+10 1.59E-03 2.15E+07 1.48E+12 2.72E-02 4.31E-06 1.37E+09 2.17E+09 7.12E-02 7.21E-05
  2.42E+06 9.26E+06 8.06E+16 5.02E+12 7.52E-01 1.35E+06 4.92E+06 9.97E+06 4.66E+11 9.77E+09 2.10E-03 2.19E+07 1.20E+12 3.84E-02 5.11E-06 1.41E+09 2.18E+09 6.64E-02 5.55E-05
  2.52E+06 1.25E+07 6.88E+16 4.39E+12 1.20E+00 1.72E+06 5.93E+06 1.25E+07 3.91E+11 8.08E+09 2.77E-03 2.22E+07 9.79E+11 5.42E-02 6.15E-06 1.43E+09 2.16E+09 7.16E-02 4.16E-05
  2.62E+06 1.67E+07 5.88E+16 3.84E+12 1.97E+00 2.16E+06 7.04E+06 1.51E+07 3.28E+11 6.78E+09 3.62E-03 2.22E+07 7.96E+11 7.62E-02 7.55E-06 1.45E+09 2.09E+09 8.46E-02 2.97E-05
  2.72E+06 2.22E+07 5.03E+16 3.35E+12 3.31E+00 2.68E+06 8.19E+06 1.75E+07 2.75E+11 5.77E+09 4.68E-03 2.18E+07 6.45E+11 1.07E-01 9.48E-06 1.45E+09 1.98E+09 1.04E-01 2.00E-05
  2.82E+06 2.93E+07 4.30E+16 2.93E+12 5.71E+00 3.25E+06 9.28E+06 1.91E+07 2.31E+11 4.96E+09 5.94E-03 2.11E+07 5.23E+11 1.48E-01 1.21E-05 1.44E+09 1.84E+09 1.29E-01 1.28E-05
  2.92E+06 3.85E+07 3.68E+16 2.56E+12 1.00E+01 3.85E+06 1.02E+07 1.99E+07 1.93E+11 4.30E+09 7.37E-03 2.02E+07 4.22E+11 2.03E-01 1.58E-05 1.41E+09 1.67E+09 1.59E-01 7.92E-06
  3.02E+06 5.05E+07 3.14E+16 2.23E+12 1.80E+01 4.46E+06 1.10E+07 1.97E+07 1.61E+11 3.76E+09 8.96E-03 1.90E+07 3.40E+11 2.76E-01 2.11E-05 1.36E+09 1.47E+09 1.94E-01 4.68E-06
  3.12E+06 6.62E+07 2.69E+16 1.95E+12 3.26E+01 5.06E+06 1.15E+07 1.87E+07 1.35E+11 3.31E+09 1.07E-02 1.78E+07 2.73E+11 3.73E-01 2.85E-05 1.29E+09 1.27E+09 2.32E-01 2.70E-06
  3.22E+06 8.68E+07 2.30E+16 1.70E+12 5.97E+01 5.66E+06 1.18E+07 1.71E+07 1.13E+11 2.92E+09 1.26E-02 1.64E+07 2.19E+11 5.01E-01 3.87E-05 1.20E+09 1.06E+09 2.74E-01 1.54E-06
  3.32E+06 1.14E+08 1.98E+16 1.49E+12 1.10E+02 6.28E+06 1.19E+07 1.50E+07 9.44E+10 2.59E+09 1.47E-02 1.51E+07 1.75E+11 6.71E-01 5.32E-05 1.10E+09 8.62E+08 3.19E-01 8.69E-07
  3.42E+06 1.49E+08 1.70E+16 1.30E+12 2.06E+02 6.94E+06 1.17E+07 1.27E+07 7.92E+10 2.29E+09 1.70E-02 1.38E+07 1.40E+11 8.95E-01 7.32E-05 9.93E+08 6.81E+08 3.67E-01 4.92E-07
  3.52E+06 1.96E+08 1.46E+16 1.14E+12 3.88E+02 7.70E+06 1.13E+07 1.04E+07 6.67E+10 2.02E+09 1.96E-02 1.25E+07 1.12E+11 1.19E+00 1.01E-04 8.86E+08 5.22E+08 4.19E-01 2.86E-07
  3.62E+06 2.58E+08 1.26E+16 9.94E+11 7.39E+02 8.59E+06 1.08E+07 8.24E+06 5.65E+10 1.78E+09 2.26E-02 1.12E+07 8.95E+10 1.58E+00 1.38E-04 7.84E+08 3.87E+08 4.77E-01 1.74E-07
  3.72E+06 3.39E+08 1.09E+16 8.71E+11 1.41E+03 9.64E+06 1.02E+07 6.44E+06 4.81E+10 1.56E+09 2.61E-02 1.00E+07 7.18E+10 2.10E+00 1.88E-04 6.88E+08 2.77E+08 5.42E-01 1.13E-07
  3.82E+06 4.44E+08 9.44E+15 7.64E+11 2.71E+03 1.08E+07 9.59E+06 5.01E+06 4.14E+10 1.36E+09 3.00E-02 8.86E+06 5.78E+10 2.75E+00 2.55E-04 6.00E+08 1.90E+08 6.09E-01 7.94E-08
  3.92E+06 5.80E+08 8.21E+15 6.71E+11 5.09E+03 1.20E+07 9.01E+06 3.93E+06 3.59E+10 1.19E+09 3.39E-02 7.72E+06 4.68E+10 3.55E+00 3.45E-04 5.19E+08 1.25E+08 6.72E-01 5.99E-08
  4.02E+06 7.46E+08 7.16E+15 5.90E+11 9.26E+03 1.31E+07 8.48E+06 3.14E+06 3.15E+10 1.04E+09 3.74E-02 6.61E+06 3.81E+10 4.43E+00 4.61E-04 4.45E+08 7.83E+07 7.18E-01 4.84E-08
  4.12E+06 9.36E+08 6.26E+15 5.19E+11 1.59E+04 1.39E+07 8.01E+06 2.56E+06 2.79E+10 9.11E+08 3.95E-02 5.55E+06 3.12E+10 5.29E+00 6.18E-04 3.76E+08 4.74E+07 7.35E-01 4.15E-08
  4.22E+06 1.14E+09 5.49E+15 4.58E+11 2.57E+04 1.42E+07 7.57E+06 2.13E+06 2.51E+10 8.02E+08 4.01E-02 4.58E+06 2.58E+10 6.03E+00 8.32E-04 3.13E+08 2.79E+07 7.19E-01 3.74E-08
  4.32E+06 1.34E+09 4.83E+15 4.04E+11 3.88E+04 1.42E+07 7.14E+06 1.80E+06 2.28E+10 7.11E+08 3.91E-02 3.72E+06 2.16E+10 6.56E+00 1.13E-03 2.59E+08 1.63E+07 6.75E-01 3.49E-08
  4.42E+06 1.54E+09 4.26E+15 3.57E+11 5.54E+04 1.38E+07 6.70E+06 1.53E+06 2.09E+10 6.35E+08 3.69E-02 3.00E+06 1.82E+10 6.86E+00 1.56E-03 2.12E+08 9.47E+06 6.14E-01 3.33E-08
  4.52E+06 1.71E+09 3.76E+15 3.15E+11 7.55E+04 1.32E+07 6.26E+06 1.31E+06 1.94E+10 5.75E+08 3.40E-02 2.41E+06 1.54E+10 6.98E+00 2.17E-03 1.73E+08 5.52E+06 5.44E-01 3.19E-08
  4.62E+06 1.87E+09 3.32E+15 2.78E+11 9.94E+04 1.25E+07 5.81E+06 1.11E+06 1.80E+10 5.29E+08 3.07E-02 1.93E+06 1.32E+10 6.98E+00 3.04E-03 1.40E+08 3.24E+06 4.72E-01 3.04E-08
  4.72E+06 2.01E+09 2.93E+15 2.45E+11 1.27E+05 1.16E+07 5.36E+06 9.41E+05 1.68E+10 4.94E+08 2.76E-02 1.54E+06 1.13E+10 6.94E+00 4.21E-03 1.14E+08 1.92E+06 4.04E-01 2.85E-08
  4.82E+06 2.13E+09 2.58E+15 2.16E+11 1.60E+05 1.08E+07 4.92E+06 7.93E+05 1.57E+10 4.70E+08 2.45E-02 1.23E+06 9.69E+09 6.86E+00 5.73E-03 9.17E+07 1.15E+06 3.42E-01 2.63E-08
  4.92E+06 2.24E+09 2.28E+15 1.90E+11 1.99E+05 9.88E+06 4.50E+06 6.66E+05 1.47E+10 4.56E+08 2.17E-02 9.80E+05 8.34E+09 6.75E+00 7.65E-03 7.39E+07 6.98E+05 2.88E-01 2.39E-08
  5.02E+06 2.33E+09 2.01E+15 1.66E+11 2.44E+05 9.05E+06 4.11E+06 5.59E+05 1.37E+10 4.50E+08 1.92E-02 7.81E+05 7.20E+09 6.63E+00 9.96E-03 5.96E+07 4.27E+05 2.41E-01 2.15E-08
  5.12E+06 2.41E+09 1.76E+15 1.46E+11 2.97E+05 8.28E+06 3.75E+06 4.70E+05 1.29E+10 4.51E+08 1.69E-02 6.22E+05 6.22E+09 6.50E+00 1.27E-02 4.81E+07 2.64E+05 2.02E-01 1.93E-08
  5.22E+06 2.49E+09 1.55E+15 1.27E+11 3.60E+05 7.57E+06 3.43E+06 3.96E+05 1.21E+10 4.59E+08 1.48E-02 4.95E+05 5.37E+09 6.37E+00 1.57E-02 3.88E+07 1.65E+05 1.70E-01 1.73E-08
  5.32E+06 2.55E+09 1.36E+15 1.11E+11 4.35E+05 6.93E+06 3.13E+06 3.35E+05 1.13E+10 4.73E+08 1.30E-02 3.93E+05 4.64E+09 6.23E+00 1.92E-02 3.13E+07 1.04E+05 1.42E-01 1.55E-08
  5.42E+06 2.59E+09 1.20E+15 9.72E+10 5.25E+05 6.35E+06 2.87E+06 2.85E+05 1.06E+10 4.92E+08 1.14E-02 3.12E+05 4.01E+09 6.08E+00 2.29E-02 2.52E+07 6.61E+04 1.20E-01 1.39E-08
  5.52E+06 2.63E+09 1.05E+15 8.47E+10 6.33E+05 5.84E+06 2.63E+06 2.44E+05 9.94E+09 5.14E+08 9.93E-03 2.47E+05 3.46E+09 5.91E+00 2.69E-02 2.03E+07 4.25E+04 1.01E-01 1.26E-08
  5.62E+06 2.66E+09 9.21E+14 7.37E+10 7.63E+05 5.37E+06 2.42E+06 2.10E+05 9.33E+09 5.41E+08 8.65E-03 1.95E+05 2.99E+09 5.74E+00 3.11E-02 1.64E+07 2.77E+04 8.55E-02 1.16E-08
  5.72E+06 2.67E+09 8.07E+14 6.40E+10 9.19E+05 4.96E+06 2.24E+06 1.81E+05 8.76E+09 5.70E+08 7.51E-03 1.54E+05 2.57E+09 5.55E+00 3.55E-02 1.32E+07 1.83E+04 7.27E-02 1.07E-08
  5.82E+06 2.67E+09 7.07E+14 5.55E+10 1.11E+06 4.59E+06 2.07E+06 1.58E+05 8.23E+09 6.01E+08 6.51E-03 1.21E+05 2.21E+09 5.35E+00 3.99E-02 1.07E+07 1.22E+04 6.21E-02 1.00E-08
  5.92E+06 2.66E+09 6.19E+14 4.80E+10 1.34E+06 4.26E+06 1.93E+06 1.39E+05 7.74E+09 6.34E+08 5.63E-03 9.51E+04 1.90E+09 5.13E+00 4.43E-02 8.65E+06 8.30E+03 5.32E-02 9.50E-09
  6.02E+06 2.65E+09 5.41E+14 4.15E+10 1.62E+06 3.96E+06 1.79E+06 1.23E+05 7.28E+09 6.68E+08 4.86E-03 7.45E+04 1.63E+09 4.90E+00 4.87E-02 7.00E+06 5.73E+03 4.59E-02 9.10E-09
  6.12E+06 2.63E+09 4.72E+14 3.58E+10 1.96E+06 3.70E+06 1.68E+06 1.09E+05 6.85E+09 7.03E+08 4.21E-03 5.83E+04 1.39E+09 4.65E+00 5.30E-02 5.67E+06 4.02E+03 3.98E-02 8.80E-09
  6.22E+06 2.60E+09 4.12E+14 3.08E+10 2.38E+06 3.47E+06 1.58E+06 9.83E+04 6.45E+09 7.38E+08 3.72E-03 4.59E+04 1.19E+09 4.43E+00 5.72E-02 4.60E+06 2.87E+03 3.47E-02 8.66E-09
  6.32E+06 2.55E+09 3.60E+14 2.64E+10 2.91E+06 3.27E+06 1.49E+06 9.01E+04 6.08E+09 7.73E+08 3.47E-03 3.70E+04 1.01E+09 4.29E+00 6.12E-02 3.75E+06 2.10E+03 3.06E-02 8.77E-09
  6.42E+06 2.48E+09 3.14E+14 2.26E+10 3.57E+06 3.13E+06 1.43E+06 8.53E+04 5.73E+09 8.07E+08 3.69E-03 3.20E+04 8.51E+08 4.41E+00 6.50E-02 3.06E+06 1.58E+03 2.76E-02 9.37E-09
  6.52E+06 2.37E+09 2.73E+14 1.93E+10 4.42E+06 3.06E+06 1.41E+06 8.50E+04 5.41E+09 8.41E+08 4.78E-03 3.14E+04 7.16E+08 5.14E+00 6.85E-02 2.51E+06 1.25E+03 2.55E-02 1.09E-08
  6.62E+06 2.22E+09 2.38E+14 1.64E+10 5.54E+06 3.09E+06 1.44E+06 8.99E+04 5.11E+09 8.74E+08 7.32E-03 3.62E+04 5.99E+08 7.06E+00 7.17E-02 2.07E+06 1.06E+03 2.46E-02 1.42E-08
  6.72E+06 2.03E+09 2.07E+14 1.38E+10 7.05E+06 3.21E+06 1.52E+06 1.01E+05 4.83E+09 9.05E+08 1.20E-02 4.71E+04 4.99E+08 1.10E+01 7.47E-02 1.72E+06 9.47E+02 2.47E-02 2.02E-08
  6.82E+06 1.83E+09 1.79E+14 1.17E+10 9.10E+06 3.42E+06 1.63E+06 1.17E+05 4.56E+09 9.36E+08 1.97E-02 6.38E+04 4.12E+08 1.81E+01 7.75E-02 1.44E+06 8.91E+02 2.56E-02 3.01E-08
  6.92E+06 1.66E+09 1.56E+14 9.77E+09 1.19E+07 3.68E+06 1.77E+06 1.36E+05 4.31E+09 9.65E+08 3.08E-02 8.47E+04 3.38E+08 2.93E+01 7.99E-02 1.21E+06 8.53E+02 2.70E-02 4.46E-08
  7.02E+06 1.54E+09 1.35E+14 8.13E+09 1.58E+07 3.94E+06 1.90E+06 1.55E+05 4.07E+09 9.93E+08 4.56E-02 1.07E+05 2.74E+08 4.48E+01 8.18E-02 1.03E+06 8.07E+02 2.84E-02 6.25E-08
  7.12E+06 1.46E+09 1.17E+14 6.73E+09 2.11E+07 4.16E+06 2.01E+06 1.71E+05 3.84E+09 1.02E+09 6.36E-02 1.28E+05 2.21E+08 6.36E+01 8.29E-02 8.83E+05 7.40E+02 2.97E-02 8.04E-08
  7.22E+06 1.44E+09 1.01E+14 5.52E+09 2.85E+07 4.28E+06 2.06E+06 1.78E+05 3.61E+09 1.04E+09 8.37E-02 1.45E+05 1.76E+08 8.33E+01 8.25E-02 7.64E+05 6.49E+02 3.05E-02 9.38E-08
  7.32E+06 1.46E+09 8.72E+13 4.49E+09 3.87E+07 4.31E+06 2.04E+06 1.76E+05 3.39E+09 1.06E+09 1.05E-01 1.56E+05 1.40E+08 1.00E+02 8.00E-02 6.66E+05 5.42E+02 3.09E-02 9.86E-08
  7.42E+06 1.54E+09 7.50E+13 3.61E+09 5.30E+07 4.17E+06 1.95E+06 1.62E+05 3.16E+09 1.07E+09 1.24E-01 1.59E+05 1.09E+08 1.10E+02 7.48E-02 5.85E+05 4.22E+02 3.03E-02 9.16E-08
  7.52E+06 1.66E+09 6.44E+13 2.87E+09 7.25E+07 3.93E+06 1.80E+06 1.41E+05 2.93E+09 1.08E+09 1.42E-01 1.54E+05 8.42E+07 1.10E+02 6.73E-02 5.19E+05 3.13E+02 2.92E-02 7.80E-08
  7.62E+06 1.80E+09 5.53E+13 2.26E+09 1.00E+08 3.75E+06 1.69E+06 1.20E+05 2.69E+09 1.08E+09 1.55E-01 1.43E+05 6.46E+07 1.03E+02 5.82E-02 4.65E+05 2.34E+02 2.89E-02 6.51E-08
  7.72E+06 2.10E+09 4.75E+13 1.76E+09 1.48E+08 3.56E+06 1.56E+06 9.23E+04 2.46E+09 1.08E+09 1.64E-01 1.25E+05 4.92E+07 8.60E+01 4.85E-02 4.22E+05 1.63E+02 2.86E-02 4.56E-08
  7.82E+06 3.69E+09 4.08E+13 1.34E+09 2.35E+08 2.46E+06 1.04E+06 5.21E+04 2.21E+09 1.07E+09 1.69E-01 9.63E+04 3.73E+07 4.62E+01 3.91E-02 3.85E+05 6.28E+01 2.04E-02 1.47E-08
  7.92E+06 9.17E+09 3.50E+13 1.02E+09 3.44E+08 1.19E+06 4.66E+05 2.09E+04 1.96E+09 1.05E+09 1.79E-01 5.76E+04 2.81E+07 1.66E+01 3.09E-02 3.54E+05 1.34E+01 9.61E-03 2.01E-09
  8.02E+06 2.15E+10 3.00E+13 7.59E+08 4.40E+08 5.91E+05 1.91E+05 7.10E+03 1.71E+09 1.03E+09 1.83E-01 2.73E+04 2.10E+07 6.01E+00 2.42E-02 3.30E+05 3.38E+00 4.21E-03 1.81E-10
  8.12E+06 4.31E+10 2.58E+13 5.62E+08 5.06E+08 3.29E+05 8.15E+04 2.21E+03 1.49E+09 9.93E+08 1.75E-01 1.23E+04 1.57E+07 2.48E+00 1.86E-02 3.13E+05 1.49E+00 1.97E-03 1.24E-11
  8.22E+06 7.56E+10 2.21E+13 4.12E+08 5.41E+08 2.01E+05 3.68E+04 6.49E+02 1.29E+09 9.52E+08 1.61E-01 5.91E+03 1.16E+07 1.15E+00 1.41E-02 3.02E+05 9.85E-01 9.99E-04 6.80E-13
  8.32E+06 1.19E+11 1.90E+13 3.00E+08 5.49E+08 1.30E+05 1.75E+04 1.80E+02 1.11E+09 9.07E+08 1.42E-01 3.05E+03 8.52E+06 5.81E-01 1.05E-02 2.96E+05 7.72E-01 5.41E-04 3.07E-14
  8.42E+06 1.73E+11 1.62E+13 2.17E+08 5.36E+08 8.75E+04 8.66E+03 4.69E+01 9.55E+08 8.58E+08 1.22E-01 1.68E+03 6.23E+06 3.16E-01 7.69E-03 2.91E+05 6.37E-01 3.07E-04 1.27E-15
  8.52E+06 2.35E+11 1.39E+13 1.56E+08 5.09E+08 5.97E+04 4.46E+03 1.16E+01 8.22E+08 8.07E+08 1.02E-01 9.73E+02 4.53E+06 1.82E-01 5.51E-03 2.83E+05 5.28E-01 1.80E-04 6.38E-17
  8.62E+06 3.03E+11 1.19E+13 1.12E+08 4.74E+08 4.11E+04 2.37E+03 2.70E+00 7.06E+08 7.54E+08 8.21E-02 5.90E+02 3.27E+06 1.10E-01 3.89E-03 2.69E+05 4.30E-01 1.06E-04 5.25E-18
  8.72E+06 3.72E+11 1.01E+13 7.93E+07 4.35E+08 2.83E+04 1.30E+03 6.02E-01 6.06E+08 7.01E+08 6.47E-02 3.71E+02 2.35E+06 6.90E-02 2.70E-03 2.48E+05 3.40E-01 6.28E-05 6.59E-19
  8.82E+06 4.39E+11 8.63E+12 5.61E+07 3.93E+08 1.95E+04 7.30E+02 1.31E-01 5.20E+08 6.49E+08 5.01E-02 2.41E+02 1.69E+06 4.47E-02 1.84E-03 2.21E+05 2.60E-01 3.69E-05 1.05E-19
  8.92E+06 5.01E+11 7.34E+12 3.95E+07 3.53E+08 1.34E+04 4.20E+02 2.81E-02 4.47E+08 5.97E+08 3.82E-02 1.60E+02 1.20E+06 2.98E-02 1.25E-03 1.92E+05 1.94E-01 2.16E-05 1.94E-20
  9.02E+06 5.56E+11 6.23E+12 2.77E+07 3.14E+08 9.13E+03 2.46E+02 6.19E-03 3.83E+08 5.47E+08 2.90E-02 1.09E+02 8.57E+05 2.03E-02 8.38E-04 1.64E+05 1.42E-01 1.27E-05 4.08E-21
  9.12E+06 6.02E+11 5.28E+12 1.94E+07 2.78E+08 6.20E+03 1.46E+02 1.45E-03 3.29E+08 4.99E+08 2.19E-02 7.59E+01 6.09E+05 1.41E-02 5.59E-04 1.38E+05 1.03E-01 7.55E-06 9.56E-22
  9.22E+06 6.38E+11 4.47E+12 1.35E+07 2.45E+08 4.18E+03 8.86E+01 3.76E-04 2.82E+08 4.53E+08 1.65E-02 5.37E+01 4.33E+05 9.95E-03 3.72E-04 1.16E+05 7.43E-02 4.53E-06 2.46E-22
  9.32E+06 6.64E+11 3.78E+12 9.41E+06 2.15E+08 2.81E+03 5.44E+01 1.09E-04 2.42E+08 4.09E+08 1.25E-02 3.87E+01 3.08E+05 7.17E-03 2.49E-04 9.72E+04 5.36E-02 2.76E-06 6.90E-23
  9.42E+06 6.78E+11 3.18E+12 6.57E+06 1.88E+08 1.87E+03 3.38E+01 3.56E-05 2.08E+08 3.68E+08 9.61E-03 2.85E+01 2.21E+05 5.27E-03 1.67E-04 8.14E+04 3.86E-02 1.70E-06 2.08E-23
  9.52E+06 6.82E+11 2.68E+12 4.62E+06 1.64E+08 1.24E+03 2.13E+01 1.27E-05 1.79E+08 3.29E+08 7.48E-03 2.14E+01 1.60E+05 3.96E-03 1.13E-04 6.81E+04 2.78E-02 1.06E-06 6.75E-24
  9.62E+06 6.76E+11 2.26E+12 3.29E+06 1.43E+08 8.19E+02 1.35E+01 4.88E-06 1.53E+08 2.93E+08 5.95E-03 1.66E+01 1.18E+05 3.07E-03 7.84E-05 5.70E+04 2.00E-02 6.75E-07 2.34E-24
  9.72E+06 6.59E+11 1.90E+12 2.39E+06 1.24E+08 5.39E+02 8.74E+00 1.99E-06 1.32E+08 2.59E+08 4.91E-03 1.34E+01 8.88E+04 2.48E-03 5.58E-05 4.77E+04 1.44E-02 4.34E-07 8.66E-25
  9.82E+06 6.32E+11 1.60E+12 1.80E+06 1.08E+08 3.53E+02 5.73E+00 8.59E-07 1.13E+08 2.28E+08 4.26E-03 1.15E+01 6.97E+04 2.12E-03 4.14E-05 4.00E+04 1.04E-02 2.83E-07 3.47E-25
  9.92E+06 5.94E+11 1.35E+12 1.44E+06 9.31E+07 2.32E+02 3.84E+00 4.18E-07 9.75E+07 1.99E+08 3.99E-03 1.08E+01 5.74E+04 1.99E-03 3.25E-05 3.37E+04 7.54E-03 1.89E-07 1.54E-25

     Z        HS       S        SO       SO2      H2SO4    HSO      S2       S4       S8       SO3      OCS      S3       O3       HNO3     N        NO3      N2O      HO2NO2  
  2.50E+04 6.12E+02 1.58E-12 8.00E+00 1.68E+09 9.91E+07 1.49E+07 2.29E-16 2.83E-42 5.82E-85 4.08E-02 1.28E-02 8.42E-40 2.97E+11 5.38E+08 1.25-151 8.07E+03 7.47E+12 2.12E+06
  1.25E+05 2.96E+02 4.04E-13 6.12E+00 3.05E+09 1.84E+08 1.08E+07 7.18E-17 2.47E-43 5.27E-85 1.28E-01 1.16E-02 5.83E-41 3.01E+11 6.12E+08 7.27-139 7.04E+03 6.77E+12 4.03E+06
  2.25E+05 1.39E+02 9.80E-14 3.97E+00 3.88E+09 2.58E+08 5.42E+06 1.49E-17 9.48E-45 4.77E-85 2.94E-01 1.05E-02 2.55E-42 3.18E+11 7.22E+08 2.13-126 6.97E+03 6.12E+12 8.77E+06
  3.25E+05 6.29E+01 2.21E-14 2.42E+00 4.41E+09 3.14E+08 2.49E+06 2.55E-18 2.46E-46 4.31E-85 6.80E-01 9.44E-03 8.55E-44 3.42E+11 8.23E+08 2.97-114 7.29E+03 5.53E+12 2.03E+07
  4.25E+05 2.79E+01 4.81E-15 1.46E+00 4.78E+09 3.48E+08 1.12E+06 3.85E-19 4.96E-48 3.89E-85 1.57E+00 8.51E-03 2.44E-45 3.68E+11 8.81E+08 1.90-102 7.53E+03 4.99E+12 5.02E+07
  5.25E+05 1.20E+01 9.96E-16 8.84E-01 5.07E+09 3.53E+08 5.10E+05 5.30E-20 8.34E-50 3.51E-85 3.68E+00 7.68E-03 6.09E-47 3.93E+11 8.80E+08 5.16E-91 7.21E+03 4.50E+12 1.23E+08
  6.25E+05 4.97E+00 1.90E-16 5.30E-01 5.29E+09 3.27E+08 2.48E+05 6.75E-21 1.21E-51 3.17E-85 8.53E+00 6.93E-03 1.30E-48 4.14E+11 8.29E+08 5.25E-80 6.33E+03 4.06E+12 2.47E+08
  7.25E+05 2.08E+00 3.87E-17 3.38E-01 5.43E+09 2.88E+08 1.28E+05 8.09E-22 1.54E-53 2.86E-85 2.07E+01 6.25E-03 2.79E-50 4.30E+11 7.65E+08 1.67E-69 5.70E+03 3.67E+12 3.56E+08
  8.25E+05 1.01E+00 1.35E-17 2.69E-01 5.44E+09 2.61E+08 6.87E+04 9.33E-23 1.83E-55 2.58E-85 6.14E+01 5.63E-03 9.90E-52 4.44E+11 7.13E+08 8.40E-60 5.61E+03 3.31E+12 3.87E+08
  9.25E+05 5.84E-01 2.00E-17 3.22E-01 5.30E+09 2.50E+08 3.78E+04 1.31E-23 3.20E-57 2.32E-85 2.29E+02 5.05E-03 1.81E-52 4.52E+11 6.78E+08 3.19E-51 5.75E+03 2.97E+12 3.48E+08
  1.02E+06 3.56E-01 1.34E-16 6.93E-01 5.07E+09 2.40E+08 2.13E+04 1.13E-23 2.10E-57 2.07E-85 8.23E+02 4.49E-03 9.15E-52 4.57E+11 6.55E+08 8.94E-44 5.96E+03 2.64E+12 2.81E+08
  1.12E+06 1.71E-01 1.23E-15 1.83E+00 4.84E+09 2.20E+08 1.06E+04 3.58E-23 1.79E-56 1.78E-85 1.78E+03 3.86E-03 2.25E-50 4.79E+11 6.75E+08 1.79E-37 5.59E+03 2.27E+12 2.14E+08
  1.22E+06 4.06E-02 1.22E-14 5.89E+00 5.14E+09 1.95E+08 3.62E+03 8.32E-23 8.22E-56 1.53E-85 2.84E+03 3.28E-03 4.39E-49 6.08E+11 8.78E+08 5.30E-32 5.87E+03 1.94E+12 1.70E+08
  1.32E+06 6.70E-03 1.06E-13 1.83E+01 5.68E+09 1.62E+08 1.10E+03 1.15E-22 1.32E-55 1.30E-85 2.99E+03 2.77E-03 4.40E-48 8.42E+11 1.29E+09 2.66E-27 6.96E+03 1.65E+12 1.53E+08
  1.42E+06 7.29E-04 7.64E-13 5.17E+01 6.32E+09 1.35E+08 4.09E+02 8.78E-23 6.56E-56 1.11E-85 3.38E+03 2.28E-03 2.05E-47 1.27E+12 2.10E+09 2.91E-23 1.06E+04 1.38E+12 1.62E+08
  1.52E+06 9.18E-05 4.24E-12 1.19E+02 6.23E+09 1.15E+08 3.78E+02 6.08E-23 2.66E-56 9.46E-86 4.10E+03 1.85E-03 6.62E-47 1.74E+12 3.03E+09 7.97E-20 1.72E+04 1.15E+12 1.82E+08
  1.62E+06 1.35E-05 1.87E-11 2.27E+02 5.44E+09 9.44E+07 4.61E+02 4.54E-23 1.25E-56 8.04E-86 4.84E+03 1.47E-03 1.84E-46 2.24E+12 4.03E+09 7.01E-17 2.79E+04 9.43E+11 2.11E+08
  1.72E+06 5.76E-06 6.72E-11 3.66E+02 4.16E+09 7.19E+07 5.30E+02 7.66E-23 3.00E-56 6.84E-86 5.30E+03 1.14E-03 9.39E-46 2.69E+12 4.92E+09 2.41E-14 4.18E+04 7.66E+11 2.42E+08
  1.82E+06 7.39E-06 1.93E-10 4.86E+02 2.73E+09 4.88E+07 5.32E+02 2.21E-22 2.12E-55 5.82E-86 5.17E+03 8.62E-04 6.56E-45 3.05E+12 5.55E+09 3.76E-12 5.75E+04 6.16E+11 2.68E+08
  1.92E+06 9.65E-06 4.13E-10 4.95E+02 1.42E+09 2.72E+07 4.29E+02 4.94E-22 8.96E-55 4.95E-86 4.17E+03 6.33E-04 2.66E-44 3.31E+12 5.90E+09 3.04E-10 7.40E+04 4.89E+11 2.89E+08
  2.02E+06 9.89E-06 6.25E-10 3.66E+02 5.54E+08 1.18E+07 2.63E+02 6.47E-22 1.30E-54 4.21E-86 2.64E+03 4.52E-04 4.46E-44 3.44E+12 5.92E+09 1.40E-08 8.98E+04 3.85E+11 3.00E+08
  2.12E+06 9.64E-06 8.45E-10 2.49E+02 2.06E+08 4.94E+06 1.53E+02 7.16E-22 1.35E-54 3.58E-86 1.66E+03 3.14E-04 5.66E-44 3.47E+12 5.65E+09 4.03E-07 1.04E+05 3.00E+11 3.00E+08
  2.22E+06 9.17E-06 1.06E-09 1.62E+02 7.55E+07 2.07E+06 8.73E+01 7.13E-22 1.14E-54 3.04E-86 1.05E+03 2.11E-04 6.01E-44 3.43E+12 5.17E+09 7.76E-06 1.17E+05 2.32E+11 2.89E+08
  2.32E+06 8.47E-06 1.25E-09 1.02E+02 2.76E+07 8.77E+05 4.87E+01 6.41E-22 7.84E-55 2.59E-86 6.82E+02 1.37E-04 5.39E-44 3.32E+12 4.57E+09 1.06E-04 1.27E+05 1.78E+11 2.67E+08
  2.42E+06 7.53E-06 1.37E-09 6.14E+01 1.00E+07 3.71E+05 2.65E+01 5.14E-22 4.29E-55 2.20E-86 4.44E+02 8.55E-05 4.05E-44 3.16E+12 3.91E+09 1.06E-03 1.35E+05 1.36E+11 2.37E+08
  2.52E+06 6.39E-06 1.41E-09 3.58E+01 3.62E+06 1.57E+05 1.39E+01 3.67E-22 1.87E-55 1.88E-86 2.88E+02 5.12E-05 2.53E-44 2.96E+12 3.24E+09 8.07E-03 1.39E+05 1.02E+11 2.02E+08
  2.62E+06 5.16E-06 1.37E-09 2.02E+01 1.31E+06 6.88E+04 7.04E+00 2.33E-22 6.40E-56 1.60E-86 1.87E+02 2.91E-05 1.33E-44 2.74E+12 2.61E+09 4.83E-02 1.41E+05 7.66E+10 1.65E+08
  2.72E+06 3.93E-06 1.25E-09 1.11E+01 4.71E+05 3.80E+04 3.41E+00 1.31E-22 1.73E-56 1.36E-86 1.20E+02 1.56E-05 5.82E-45 2.50E+12 2.04E+09 2.32E-01 1.39E+05 5.68E+10 1.29E+08
  2.82E+06 2.87E-06 1.09E-09 6.02E+00 1.73E+05 4.20E+04 1.60E+00 6.74E-23 3.91E-57 1.16E-86 7.85E+01 7.84E-06 2.24E-45 2.26E+12 1.54E+09 9.09E-01 1.34E+05 4.17E+10 9.61E+07
  2.92E+06 2.02E-06 9.30E-10 3.25E+00 6.55E+04 8.04E+04 7.34E-01 3.23E-23 7.65E-58 9.92E-87 5.25E+01 3.67E-06 7.79E-46 2.01E+12 1.12E+09 2.97E+00 1.27E+05 3.04E+10 6.87E+07
  3.02E+06 1.37E-06 7.65E-10 1.75E+00 2.54E+04 9.94E+04 3.26E-01 1.43E-23 1.28E-58 8.46E-87 3.59E+01 1.57E-06 2.42E-46 1.76E+12 7.92E+08 8.20E+00 1.18E+05 2.19E+10 4.71E+07
  3.12E+06 9.07E-07 6.24E-10 9.55E-01 1.04E+04 9.64E+04 1.44E-01 6.12E-24 2.01E-59 7.22E-87 2.58E+01 6.17E-07 7.24E-47 1.53E+12 5.39E+08 1.95E+01 1.07E+05 1.57E+10 3.09E+07
  3.22E+06 5.99E-07 5.11E-10 5.38E-01 4.48E+03 8.69E+04 6.42E-02 2.61E-24 3.14E-60 6.17E-87 1.95E+01 2.21E-07 2.17E-47 1.32E+12 3.55E+08 4.04E+01 9.56E+04 1.11E+10 1.93E+07
  3.32E+06 3.94E-07 4.22E-10 3.12E-01 2.06E+03 7.63E+04 2.88E-02 1.11E-24 4.88E-61 5.27E-87 1.55E+01 7.11E-08 6.53E-48 1.12E+12 2.29E+08 7.42E+01 8.32E+04 7.84E+09 1.16E+07
  3.42E+06 2.63E-07 3.57E-10 1.90E-01 1.01E+03 6.63E+04 1.33E-02 4.92E-25 8.18E-62 4.51E-87 1.28E+01 2.06E-08 2.10E-48 9.54E+11 1.44E+08 1.23E+02 7.08E+04 5.49E+09 6.63E+06
  3.52E+06 1.81E-07 3.16E-10 1.24E-01 5.44E+02 5.73E+04 6.44E-03 2.34E-25 1.60E-62 3.86E-87 1.09E+01 5.35E-09 7.61E-49 8.06E+11 8.98E+07 1.86E+02 5.86E+04 3.83E+09 3.62E+06
  3.62E+06 1.33E-07 2.98E-10 8.80E-02 3.22E+02 4.96E+04 3.33E-03 1.26E-25 3.96E-63 3.32E-87 9.52E+00 1.25E-09 3.32E-49 6.78E+11 5.52E+07 2.62E+02 4.72E+04 2.68E+09 1.89E+06
  3.72E+06 1.05E-07 3.04E-10 6.87E-02 2.12E+02 4.29E+04 1.88E-03 7.83E-26 1.33E-63 2.86E-87 8.27E+00 2.69E-10 1.82E-49 5.65E+11 3.34E+07 3.49E+02 3.67E+04 1.88E+09 9.46E+05
  3.82E+06 8.86E-08 3.31E-10 5.83E-02 1.53E+02 3.72E+04 1.15E-03 5.58E-26 5.85E-64 2.47E-87 7.01E+00 5.27E-11 1.23E-49 4.66E+11 1.97E+07 4.44E+02 2.74E+04 1.32E+09 4.55E+05
  3.92E+06 7.99E-08 3.79E-10 5.29E-02 1.19E+02 3.23E+04 7.52E-04 4.47E-26 3.26E-64 2.14E-87 5.76E+00 9.43E-12 9.77E-50 3.79E+11 1.12E+07 5.44E+02 1.95E+04 9.31E+08 2.11E+05
  4.02E+06 7.58E-08 4.48E-10 5.05E-02 9.66E+01 2.82E+04 5.27E-04 3.94E-26 2.21E-64 1.86E-87 4.60E+00 1.59E-12 8.87E-50 3.04E+11 6.08E+06 6.49E+02 1.32E+04 6.63E+08 9.61E+04
  4.12E+06 7.49E-08 5.40E-10 5.00E-02 8.11E+01 2.47E+04 3.93E-04 3.77E-26 1.77E-64 1.62E-87 3.58E+00 2.58E-13 8.95E-50 2.41E+11 3.16E+06 7.60E+02 8.44E+03 4.76E+08 4.33E+04
  4.22E+06 7.62E-08 6.60E-10 5.08E-02 6.95E+01 2.16E+04 3.11E-04 3.87E-26 1.64E-64 1.41E-87 2.74E+00 4.58E-14 9.85E-50 1.89E+11 1.58E+06 8.81E+02 5.18E+03 3.44E+08 1.95E+04
  4.32E+06 7.89E-08 8.16E-10 5.30E-02 6.02E+01 1.90E+04 2.60E-04 4.23E-26 1.72E-64 1.24E-87 2.08E+00 1.28E-14 1.17E-49 1.49E+11 7.73E+05 1.02E+03 3.07E+03 2.51E+08 8.94E+03
  4.42E+06 8.25E-08 1.02E-09 5.64E-02 5.27E+01 1.68E+04 2.27E-04 4.84E-26 1.98E-64 1.09E-87 1.57E+00 7.23E-15 1.47E-49 1.17E+11 3.76E+05 1.19E+03 1.78E+03 1.86E+08 4.16E+03
  4.52E+06 8.62E-08 1.28E-09 6.08E-02 4.63E+01 1.48E+04 2.05E-04 5.70E-26 2.43E-64 9.54E-88 1.18E+00 5.93E-15 1.93E-49 9.25E+10 1.82E+05 1.38E+03 1.02E+03 1.39E+08 1.97E+03
  4.62E+06 8.90E-08 1.60E-09 6.57E-02 4.08E+01 1.31E+04 1.89E-04 6.76E-26 3.02E-64 8.38E-88 8.83E-01 5.42E-15 2.52E-49 7.29E+10 8.77E+04 1.59E+03 5.78E+02 1.05E+08 9.40E+02
  4.72E+06 9.03E-08 1.99E-09 7.08E-02 3.59E+01 1.15E+04 1.75E-04 7.95E-26 3.68E-64 7.36E-88 6.58E-01 5.14E-15 3.26E-49 5.74E+10 4.25E+04 1.80E+03 3.26E+02 7.96E+07 4.55E+02
  4.82E+06 9.03E-08 2.46E-09 7.60E-02 3.16E+01 1.01E+04 1.63E-04 9.28E-26 4.43E-64 6.46E-88 4.88E-01 5.00E-15 4.15E-49 4.52E+10 2.07E+04 2.02E+03 1.83E+02 6.10E+07 2.22E+02
  4.92E+06 8.92E-08 3.04E-09 8.15E-02 2.79E+01 8.94E+03 1.52E-04 1.08E-25 5.24E-64 5.67E-88 3.62E-01 4.97E-15 5.22E-49 3.56E+10 1.01E+04 2.24E+03 1.03E+02 4.71E+07 1.10E+02
  5.02E+06 8.72E-08 3.73E-09 8.71E-02 2.45E+01 7.87E+03 1.42E-04 1.24E-25 6.13E-64 4.97E-88 2.68E-01 5.03E-15 6.50E-49 2.81E+10 5.02E+03 2.46E+03 5.84E+01 3.67E+07 5.49E+01
  5.12E+06 8.47E-08 4.56E-09 9.30E-02 2.16E+01 6.92E+03 1.34E-04 1.42E-25 7.12E-64 4.35E-88 1.98E-01 5.18E-15 8.04E-49 2.21E+10 2.51E+03 2.70E+03 3.31E+01 2.87E+07 2.77E+01
  5.22E+06 8.20E-08 5.56E-09 9.91E-02 1.90E+01 6.08E+03 1.27E-04 1.64E-25 8.27E-64 3.80E-88 1.47E-01 5.41E-15 9.92E-49 1.74E+10 1.27E+03 2.94E+03 1.88E+01 2.26E+07 1.42E+01
  5.32E+06 7.95E-08 6.78E-09 1.06E-01 1.67E+01 5.34E+03 1.20E-04 1.89E-25 9.65E-64 3.32E-88 1.09E-01 5.71E-15 1.22E-48 1.37E+10 6.45E+02 3.18E+03 1.08E+01 1.79E+07 7.33E+00
  5.42E+06 7.73E-08 8.24E-09 1.12E-01 1.46E+01 4.68E+03 1.15E-04 2.19E-25 1.14E-63 2.90E-88 8.07E-02 6.08E-15 1.52E-48 1.08E+10 3.33E+02 3.43E+03 6.19E+00 1.42E+07 3.84E+00
  5.52E+06 7.55E-08 1.00E-08 1.19E-01 1.28E+01 4.11E+03 1.10E-04 2.56E-25 1.37E-63 2.53E-88 5.98E-02 6.51E-15 1.89E-48 8.45E+09 1.74E+02 3.68E+03 3.58E+00 1.13E+07 2.04E+00
  5.62E+06 7.44E-08 1.21E-08 1.26E-01 1.12E+01 3.60E+03 1.07E-04 3.03E-25 1.68E-63 2.21E-88 4.43E-02 6.99E-15 2.38E-48 6.60E+09 9.21E+01 3.93E+03 2.09E+00 9.06E+06 1.10E+00
  5.72E+06 7.38E-08 1.47E-08 1.34E-01 9.81E+00 3.15E+03 1.04E-04 3.63E-25 2.11E-63 1.92E-88 3.28E-02 7.52E-15 3.02E-48 5.13E+09 4.95E+01 4.19E+03 1.23E+00 7.27E+06 5.99E-01
  5.82E+06 7.39E-08 1.78E-08 1.41E-01 8.56E+00 2.76E+03 1.02E-04 4.39E-25 2.71E-63 1.67E-88 2.43E-02 8.08E-15 3.87E-48 3.98E+09 2.71E+01 4.45E+03 7.28E-01 5.85E+06 3.33E-01
  5.92E+06 7.47E-08 2.14E-08 1.49E-01 7.47E+00 2.41E+03 1.00E-04 5.37E-25 3.54E-63 1.45E-88 1.79E-02 8.66E-15 5.00E-48 3.07E+09 1.51E+01 4.70E+03 4.37E-01 4.71E+06 1.89E-01
  6.02E+06 7.60E-08 2.59E-08 1.57E-01 6.50E+00 2.10E+03 9.88E-05 6.62E-25 4.71E-63 1.26E-88 1.33E-02 9.26E-15 6.50E-48 2.36E+09 8.52E+00 4.96E+03 2.66E-01 3.81E+06 1.09E-01
  6.12E+06 7.79E-08 3.11E-08 1.65E-01 5.65E+00 1.84E+03 9.79E-05 8.23E-25 6.37E-63 1.09E-88 9.78E-03 9.86E-15 8.50E-48 1.81E+09 4.92E+00 5.21E+03 1.64E-01 3.08E+06 6.39E-02
  6.22E+06 8.08E-08 3.73E-08 1.73E-01 4.90E+00 1.60E+03 9.74E-05 1.04E-24 8.80E-63 9.43E-89 7.20E-03 1.05E-14 1.12E-47 1.38E+09 2.90E+00 5.47E+03 1.03E-01 2.49E+06 3.84E-02
  6.32E+06 8.53E-08 4.47E-08 1.80E-01 4.24E+00 1.39E+03 9.79E-05 1.33E-24 1.27E-62 8.15E-89 5.31E-03 1.12E-14 1.50E-47 1.05E+09 1.76E+00 5.71E+03 6.55E-02 2.02E+06 2.38E-02
  6.42E+06 9.34E-08 5.31E-08 1.87E-01 3.67E+00 1.21E+03 1.00E-04 1.78E-24 1.98E-62 7.03E-89 3.91E-03 1.19E-14 2.08E-47 7.88E+08 1.12E+00 5.94E+03 4.27E-02 1.64E+06 1.54E-02
  6.52E+06 1.08E-07 6.27E-08 1.93E-01 3.16E+00 1.05E+03 1.06E-04 2.55E-24 3.53E-62 6.05E-89 2.89E-03 1.30E-14 3.07E-47 5.79E+08 7.59E-01 6.12E+03 2.87E-02 1.33E+06 1.07E-02
  6.62E+06 1.36E-07 7.31E-08 1.95E-01 2.72E+00 9.16E+02 1.17E-04 3.98E-24 7.51E-62 5.20E-89 2.15E-03 1.46E-14 4.86E-47 4.15E+08 5.61E-01 6.22E+03 2.01E-02 1.08E+06 8.10E-03
  6.72E+06 1.83E-07 8.37E-08 1.95E-01 2.34E+00 7.94E+02 1.35E-04 6.72E-24 1.86E-61 4.46E-89 1.61E-03 1.69E-14 8.16E-47 2.90E+08 4.54E-01 6.20E+03 1.48E-02 8.76E+05 6.75E-03
  6.82E+06 2.58E-07 9.40E-08 1.90E-01 2.00E+00 6.88E+02 1.56E-04 1.17E-23 4.89E-61 3.81E-89 1.22E-03 2.05E-14 1.39E-46 2.00E+08 3.93E-01 6.06E+03 1.12E-02 7.11E+05 6.01E-03
  6.92E+06 3.61E-07 1.03E-07 1.82E-01 1.72E+00 5.95E+02 1.78E-04 1.98E-23 1.22E-60 3.26E-89 9.39E-04 2.56E-14 2.24E-46 1.37E+08 3.49E-01 5.80E+03 8.68E-03 5.76E+05 5.47E-03
  7.02E+06 4.85E-07 1.12E-07 1.71E-01 1.48E+00 5.14E+02 1.94E-04 3.11E-23 2.59E-60 2.77E-89 7.25E-04 3.24E-14 3.29E-46 9.59E+07 3.07E-01 5.49E+03 6.73E-03 4.66E+05 4.87E-03
  7.12E+06 6.12E-07 1.19E-07 1.58E-01 1.26E+00 4.44E+02 1.98E-04 4.39E-23 4.49E-60 2.35E-89 5.60E-04 4.10E-14 4.31E-46 6.83E+07 2.58E-01 5.19E+03 5.17E-03 3.77E+05 4.13E-03
  7.22E+06 7.17E-07 1.27E-07 1.46E-01 1.08E+00 3.82E+02 1.89E-04 5.57E-23 6.25E-60 1.99E-89 4.30E-04 5.12E-14 5.03E-46 4.98E+07 2.04E-01 4.93E+03 3.91E-03 3.04E+05 3.27E-03
  7.32E+06 7.81E-07 1.35E-07 1.34E-01 9.24E-01 3.29E+02 1.70E-04 6.36E-23 7.04E-60 1.68E-89 3.25E-04 6.29E-14 5.29E-46 3.72E+07 1.51E-01 4.76E+03 2.89E-03 2.45E+05 2.39E-03
  7.42E+06 7.75E-07 1.45E-07 1.24E-01 7.85E-01 2.81E+02 1.41E-04 6.43E-23 6.18E-60 1.41E-89 2.41E-04 7.54E-14 4.92E-46 2.79E+07 1.01E-01 4.68E+03 2.04E-03 1.96E+05 1.56E-03
  7.52E+06 7.24E-07 1.57E-07 1.15E-01 6.63E-01 2.40E+02 1.11E-04 6.02E-23 4.65E-60 1.18E-89 1.77E-04 8.84E-14 4.28E-46 2.10E+07 6.26E-02 4.70E+03 1.39E-03 1.57E+05 9.42E-04
  7.62E+06 6.94E-07 1.68E-07 1.06E-01 5.60E-01 2.05E+02 8.70E-05 5.73E-23 3.63E-60 9.80E-90 1.30E-04 1.02E-13 3.75E-46 1.56E+07 3.76E-02 4.76E+03 9.57E-04 1.25E+05 5.65E-04
  7.72E+06 6.11E-07 1.82E-07 9.81E-02 4.72E-01 1.75E+02 6.31E-05 4.69E-23 2.09E-60 8.13E-90 9.88E-05 1.16E-13 2.85E-46 1.19E+07 2.05E-02 5.09E+03 6.51E-04 9.97E+04 3.05E-04
  7.82E+06 2.25E-07 2.34E-07 1.08E-01 3.79E-01 1.49E+02 2.68E-05 1.28E-23 1.34E-61 6.72E-90 8.03E-05 1.32E-13 8.61E-47 1.29E+07 7.74E-03 7.14E+03 3.39E-04 7.94E+04 9.12E-05
  7.92E+06 2.95E-08 3.32E-07 1.32E-01 2.85E-01 1.27E+02 6.04E-06 9.69E-25 6.68E-64 5.53E-90 7.53E-05 1.45E-13 7.96E-48 1.95E+07 2.13E-03 1.22E+04 1.13E-04 6.32E+04 1.45E-05
  8.02E+06 3.15E-09 4.28E-07 1.46E-01 2.10E-01 1.08E+02 1.19E-06 5.70E-26 1.99E-66 4.53E-90 8.02E-05 1.41E-13 5.18E-49 2.92E+07 5.35E-04 2.02E+04 3.57E-05 5.02E+04 1.89E-06
  8.12E+06 3.88E-10 5.00E-07 1.46E-01 1.58E-01 9.14E+01 2.57E-07 4.09E-27 8.74E-69 3.69E-90 8.86E-05 1.18E-13 3.73E-50 3.95E+07 1.32E-04 3.24E+04 1.63E-05 3.98E+04 2.59E-07
  8.22E+06 5.80E-11 5.52E-07 1.38E-01 1.22E-01 7.74E+01 6.32E-08 3.85E-28 6.66E-71 2.98E-90 9.55E-05 8.81E-14 3.33E-51 4.88E+07 3.27E-05 5.32E+04 1.02E-05 3.14E+04 4.45E-08
  8.32E+06 1.04E-11 5.89E-07 1.27E-01 9.52E-02 6.54E+01 1.76E-08 4.68E-29 8.57E-73 2.39E-90 9.83E-05 6.07E-14 3.71E-52 5.61E+07 8.36E-06 9.13E+04 7.20E-06 2.48E+04 1.05E-08
  8.42E+06 2.19E-12 6.18E-07 1.14E-01 7.54E-02 5.51E+01 5.50E-09 7.11E-30 1.87E-74 1.90E-90 9.62E-05 4.03E-14 5.09E-53 6.08E+07 2.28E-06 1.63E+05 5.25E-06 1.95E+04 3.21E-09
  8.52E+06 5.28E-13 6.41E-07 1.01E-01 6.02E-02 4.63E+01 1.90E-09 1.33E-30 8.03E-76 1.49E-90 8.96E-05 2.65E-14 8.46E-54 6.25E+07 6.95E-07 2.94E+05 3.80E-06 1.52E+04 1.11E-09
  8.62E+06 1.44E-13 6.62E-07 8.89E-02 4.81E-02 3.88E+01 7.14E-10 3.00E-31 7.64E-77 1.16E-90 7.97E-05 1.75E-14 1.70E-54 6.16E+07 2.40E-07 5.29E+05 2.69E-06 1.19E+04 4.06E-10
  8.72E+06 4.40E-14 6.81E-07 7.81E-02 3.83E-02 3.24E+01 2.91E-10 8.36E-32 1.33E-77 8.88E-91 6.79E-05 1.17E-14 4.18E-55 5.82E+07 9.16E-08 9.34E+05 1.84E-06 9.27E+03 1.50E-10
  8.82E+06 1.48E-14 7.00E-07 6.84E-02 3.04E-02 2.69E+01 1.27E-10 2.94E-32 3.41E-78 6.71E-91 5.56E-05 7.98E-15 1.30E-55 5.32E+07 3.72E-08 1.60E+06 1.21E-06 7.19E+03 5.54E-11
  8.92E+06 5.44E-15 7.20E-07 5.98E-02 2.39E-02 2.22E+01 5.90E-11 1.33E-32 1.18E-78 4.98E-91 4.38E-05 5.52E-15 5.22E-56 4.70E+07 1.54E-08 2.62E+06 7.81E-07 5.56E+03 2.04E-11
  9.02E+06 2.15E-15 7.40E-07 5.22E-02 1.86E-02 1.83E+01 2.89E-11 7.71E-33 5.30E-79 3.64E-91 3.34E-05 3.89E-15 2.66E-56 4.04E+07 6.43E-09 4.14E+06 4.93E-07 4.28E+03 7.53E-12
  9.12E+06 9.09E-16 7.60E-07 4.54E-02 1.43E-02 1.50E+01 1.49E-11 5.33E-33 2.85E-79 2.60E-91 2.46E-05 2.80E-15 1.63E-56 3.38E+07 2.67E-09 6.25E+06 3.08E-07 3.29E+03 2.79E-12
  9.22E+06 4.07E-16 7.80E-07 3.94E-02 1.09E-02 1.21E+01 7.94E-12 4.11E-33 1.71E-79 1.82E-91 1.76E-05 2.05E-15 1.11E-56 2.76E+07 1.11E-09 9.06E+06 1.92E-07 2.52E+03 1.05E-12
  9.32E+06 1.92E-16 8.00E-07 3.41E-02 8.17E-03 9.78E+00 4.39E-12 3.39E-33 1.10E-79 1.24E-91 1.22E-05 1.53E-15 8.06E-57 2.20E+07 4.56E-10 1.26E+07 1.19E-07 1.93E+03 3.97E-13
  9.42E+06 9.47E-17 8.17E-07 2.94E-02 6.05E-03 7.82E+00 2.50E-12 2.90E-33 7.25E-80 8.21E-92 8.24E-06 1.18E-15 6.07E-57 1.72E+07 1.88E-10 1.70E+07 7.38E-08 1.47E+03 1.53E-13
  9.52E+06 4.86E-17 8.33E-07 2.52E-02 4.43E-03 6.19E+00 1.46E-12 2.54E-33 4.88E-80 5.29E-92 5.44E-06 9.26E-16 4.66E-57 1.32E+07 7.71E-11 2.21E+07 4.57E-08 1.13E+03 5.94E-14
  9.62E+06 2.60E-17 8.46E-07 2.15E-02 3.19E-03 4.85E+00 8.71E-13 2.26E-33 3.32E-80 3.30E-92 3.51E-06 7.54E-16 3.62E-57 9.89E+06 3.17E-11 2.78E+07 2.84E-08 8.69E+02 2.34E-14
  9.72E+06 1.44E-17 8.54E-07 1.83E-02 2.27E-03 3.77E+00 5.32E-13 2.03E-33 2.25E-80 1.99E-92 2.24E-06 6.42E-16 2.83E-57 7.30E+06 1.30E-11 3.40E+07 1.76E-08 6.75E+02 9.39E-15
  9.82E+06 8.30E-18 8.58E-07 1.55E-02 1.60E-03 2.89E+00 3.32E-13 1.83E-33 1.52E-80 1.17E-92 1.43E-06 5.81E-16 2.21E-57 5.29E+06 5.42E-12 4.06E+07 1.09E-08 5.31E+02 3.84E-15
  9.92E+06 5.02E-18 8.54E-07 1.30E-02 1.13E-03 2.19E+00 2.12E-13 1.66E-33 1.02E-80 6.60E-93 9.48E-07 5.63E-16 1.72E-57 3.75E+06 2.44E-12 4.73E+07 6.83E-09 4.27E+02 1.67E-15

     Z        N2O5     CO2      SO4AER   S8AER   
  2.50E+04 1.13E+02 4.96E+15 5.00E+09 2.49E-19
  1.25E+05 1.94E+02 4.49E+15 5.32E+09 2.26E-19
  2.25E+05 4.50E+02 4.06E+15 6.48E+09 2.04E-19
  3.25E+05 1.22E+03 3.67E+15 7.98E+09 1.84E-19
  4.25E+05 3.56E+03 3.31E+15 9.47E+09 1.66E-19
  5.25E+05 9.35E+03 2.99E+15 1.08E+10 1.50E-19
  6.25E+05 1.68E+04 2.70E+15 1.19E+10 1.36E-19
  7.25E+05 2.13E+04 2.44E+15 1.29E+10 1.23E-19
  8.25E+05 2.40E+04 2.20E+15 1.36E+10 1.10E-19
  9.25E+05 2.63E+04 1.98E+15 1.41E+10 9.93E-20
  1.02E+06 2.77E+04 1.76E+15 1.45E+10 8.84E-20
  1.12E+06 3.01E+04 1.51E+15 1.54E+10 7.61E-20
  1.22E+06 4.62E+04 1.30E+15 1.90E+10 6.53E-20
  1.32E+06 9.18E+04 1.11E+15 2.36E+10 5.58E-20
  1.42E+06 2.58E+05 9.47E+14 2.92E+10 4.76E-20
  1.52E+06 6.51E+05 8.07E+14 3.13E+10 4.05E-20
  1.62E+06 1.46E+06 6.87E+14 2.98E+10 3.45E-20
  1.72E+06 2.74E+06 5.85E+14 2.54E+10 2.94E-20
  1.82E+06 4.34E+06 4.99E+14 1.98E+10 2.50E-20
  1.92E+06 6.08E+06 4.25E+14 1.44E+10 2.13E-20
  2.02E+06 7.62E+06 3.62E+14 1.00E+10 1.82E-20
  2.12E+06 8.75E+06 3.09E+14 6.88E+09 1.55E-20
  2.22E+06 9.40E+06 2.63E+14 4.72E+09 1.32E-20
  2.32E+06 9.45E+06 2.24E+14 3.27E+09 1.13E-20
  2.42E+06 8.92E+06 1.91E+14 2.29E+09 9.60E-21
  2.52E+06 7.91E+06 1.64E+14 1.62E+09 8.20E-21
  2.62E+06 6.59E+06 1.40E+14 1.16E+09 7.00E-21
  2.72E+06 5.18E+06 1.19E+14 8.39E+08 5.99E-21
  2.82E+06 3.83E+06 1.02E+14 6.12E+08 5.12E-21
  2.92E+06 2.67E+06 8.74E+13 4.50E+08 4.38E-21
  3.02E+06 1.77E+06 7.48E+13 3.34E+08 3.74E-21
  3.12E+06 1.11E+06 6.40E+13 2.50E+08 3.20E-21
  3.22E+06 6.58E+05 5.48E+13 1.88E+08 2.74E-21
  3.32E+06 3.72E+05 4.70E+13 1.40E+08 2.35E-21
  3.42E+06 1.99E+05 4.04E+13 1.04E+08 2.02E-21
  3.52E+06 1.01E+05 3.48E+13 7.66E+07 1.74E-21
  3.62E+06 4.82E+04 3.00E+13 5.63E+07 1.50E-21
  3.72E+06 2.15E+04 2.59E+13 4.13E+07 1.30E-21
  3.82E+06 8.85E+03 2.25E+13 3.02E+07 1.12E-21
  3.92E+06 3.34E+03 1.95E+13 2.20E+07 9.78E-22
  4.02E+06 1.16E+03 1.70E+13 1.61E+07 8.52E-22
  4.12E+06 3.71E+02 1.49E+13 1.17E+07 7.45E-22
  4.22E+06 1.13E+02 1.31E+13 8.45E+06 6.54E-22
  4.32E+06 3.36E+01 1.15E+13 6.12E+06 5.75E-22
  4.42E+06 9.91E+00 1.01E+13 4.43E+06 5.08E-22
  4.52E+06 2.92E+00 8.96E+12 3.19E+06 4.48E-22
  4.62E+06 8.58E-01 7.91E+12 2.29E+06 3.96E-22
  4.72E+06 2.55E-01 6.98E+12 1.63E+06 3.49E-22
  4.82E+06 7.65E-02 6.15E+12 1.16E+06 3.08E-22
  4.92E+06 2.33E-02 5.42E+12 8.14E+05 2.71E-22
  5.02E+06 7.20E-03 4.77E+12 5.68E+05 2.39E-22
  5.12E+06 2.26E-03 4.20E+12 3.92E+05 2.10E-22
  5.22E+06 7.19E-04 3.69E+12 2.67E+05 1.85E-22
  5.32E+06 2.32E-04 3.25E+12 1.79E+05 1.62E-22
  5.42E+06 7.63E-05 2.85E+12 1.18E+05 1.43E-22
  5.52E+06 2.55E-05 2.50E+12 7.58E+04 1.25E-22
  5.62E+06 8.65E-06 2.19E+12 4.76E+04 1.10E-22
  5.72E+06 3.00E-06 1.92E+12 2.91E+04 9.62E-23
  5.82E+06 1.07E-06 1.68E+12 1.73E+04 8.43E-23
  5.92E+06 3.90E-07 1.47E+12 9.88E+03 7.37E-23
  6.02E+06 1.46E-07 1.29E+12 5.43E+03 6.45E-23
  6.12E+06 5.65E-08 1.12E+12 2.85E+03 5.63E-23
  6.22E+06 2.25E-08 9.80E+11 1.42E+03 4.92E-23
  6.32E+06 9.34E-09 8.54E+11 6.65E+02 4.29E-23
  6.42E+06 4.08E-09 7.44E+11 2.92E+02 3.74E-23
  6.52E+06 1.92E-09 6.48E+11 1.19E+02 3.26E-23
  6.62E+06 1.00E-09 5.63E+11 4.42E+01 2.83E-23
  6.72E+06 5.80E-10 4.89E+11 1.49E+01 2.46E-23
  6.82E+06 3.65E-10 4.24E+11 4.45E+00 2.14E-23
  6.92E+06 2.38E-10 3.68E+11 1.16E+00 1.86E-23
  7.02E+06 1.55E-10 3.18E+11 2.61E-01 1.61E-23
  7.12E+06 9.64E-11 2.75E+11 4.86E-02 1.39E-23
  7.22E+06 5.66E-11 2.38E+11 7.28E-03 1.21E-23
  7.32E+06 3.09E-11 2.05E+11 8.39E-04 1.04E-23
  7.42E+06 1.50E-11 1.76E+11 6.97E-05 8.96E-24
  7.52E+06 6.65E-12 1.51E+11 3.83E-06 7.70E-24
  7.62E+06 2.93E-12 1.29E+11 1.23E-07 6.61E-24
  7.72E+06 1.18E-12 1.11E+11 1.80E-09 5.68E-24
  7.82E+06 2.71E-13 9.47E+10 6.84E-12 4.88E-24
  7.92E+06 3.20E-14 8.11E+10 1.43E-14 4.19E-24
  8.02E+06 3.01E-15 6.93E+10 1.12E-16 3.60E-24
  8.12E+06 3.28E-16 5.93E+10 3.99E-19 3.09E-24
  8.22E+06 6.39E-17 5.06E+10 5.68E-22 2.66E-24
  8.32E+06 2.35E-17 4.32E+10 2.28E-24 2.28E-24
  8.42E+06 1.11E-17 3.69E+10 1.96E-24 1.96E-24
  8.52E+06 5.39E-18 3.15E+10 1.69E-24 1.69E-24
  8.62E+06 2.54E-18 2.68E+10 1.45E-24 1.45E-24
  8.72E+06 1.13E-18 2.28E+10 1.25E-24 1.25E-24
  8.82E+06 4.75E-19 1.94E+10 1.07E-24 1.07E-24
  8.92E+06 1.89E-19 1.65E+10 9.21E-25 9.21E-25
  9.02E+06 7.31E-20 1.40E+10 7.92E-25 7.92E-25
  9.12E+06 2.77E-20 1.18E+10 6.81E-25 6.81E-25
  9.22E+06 1.05E-20 1.00E+10 5.86E-25 5.86E-25
  9.32E+06 3.97E-21 8.47E+09 5.04E-25 5.04E-25
  9.42E+06 1.51E-21 7.14E+09 4.34E-25 4.34E-25
  9.52E+06 5.78E-22 6.01E+09 3.74E-25 3.74E-25
  9.62E+06 2.23E-22 5.04E+09 3.22E-25 3.22E-25
  9.72E+06 8.63E-23 4.23E+09 2.77E-25 2.77E-25
  9.82E+06 3.38E-23 3.53E+09 2.39E-25 2.39E-25
  9.92E+06 1.36E-23 2.95E+09 2.06E-25 2.06E-25

 FLUXES OF LONG-LIVED SPECIES


     Z        O         O2        H2O       H         OH        HO2       H2O2      H2        CO        HCO       H2CO      CH4       CH3       C2H6      NO        NO2       HNO       H2S     
  0.00E+00 -1.81E+03  5.44E+11  1.01E+13 -4.45E-01 -1.06E+06 -2.71E+08 -5.32E+09 -1.53E+10  1.46E+11 -4.72E-02 -1.16E+09  1.04E+11 -1.80E-01 -1.05E-19 -1.52E+04 -2.97E+05 -4.26E+02  2.00E+08
  5.00E+04 -5.22E+02  5.00E+11  0.00E+00 -4.04E-02 -1.46E+05 -1.31E+07 -3.01E+09 -1.41E+10  1.36E+11 -1.59E-03  1.19E+08  9.21E+10 -7.38E-04  1.25E-09 -8.35E+06 -2.19E+06 -9.96E+00  1.34E+08
  1.50E+05 -7.32E+02  4.08E+11  0.00E+00 -4.39E-02 -1.77E+05 -2.34E+06 -6.94E+08 -1.12E+10  1.18E+11 -5.46E-04  5.90E+08  7.15E+10 -1.24E-03  3.08E-09 -1.38E+07 -1.15E+07  1.21E+02  6.00E+07
  2.50E+05 -9.80E+02  3.29E+11  0.00E+00 -4.18E-02 -1.73E+05  5.70E+06  1.03E+09 -8.57E+09  1.01E+11 -1.69E-04  5.56E+08  5.40E+10  7.76E-04  4.15E-09 -1.98E+07 -1.77E+07  8.16E+01  2.63E+07
  3.50E+05 -1.26E+03  2.65E+11  0.00E+00 -3.98E-02 -1.66E+05  1.15E+07  2.34E+09 -6.27E+09  8.41E+10  1.43E-04  4.98E+08  3.96E+10  2.21E-03  4.24E-09 -2.61E+07 -2.09E+07  4.69E+01  1.14E+07
  4.50E+05 -1.49E+03  2.14E+11  0.00E+00 -2.40E-02 -1.07E+05  1.72E+07  2.78E+09 -4.39E+09  6.82E+10  7.29E-04  4.88E+08  2.80E+10  6.29E-03  3.18E-09 -2.66E+07 -1.33E+07  2.77E+01  4.81E+06
  5.50E+05 -1.67E+03  1.75E+11  0.00E+00  9.62E-03  3.04E+04  1.98E+07  2.58E+09 -2.92E+09  5.37E+10  1.39E-03  4.77E+08  1.95E+10  1.10E-02  7.13E-10 -1.01E+07  9.90E+06  1.71E+01  2.02E+06
  6.50E+05 -1.83E+03  1.47E+11  0.00E+00  3.23E-02  1.26E+05  1.92E+07  2.13E+09 -1.82E+09  4.18E+10  1.41E-03  3.83E+08  1.39E+10  1.10E-02 -2.70E-09  4.24E+06  2.10E+07  8.51E+00  8.70E+05
  7.50E+05 -2.01E+03  1.30E+11  0.00E+00  1.47E-02  5.07E+04  1.69E+07  1.64E+09 -1.06E+09  3.30E+10  8.19E-04  2.26E+08  1.08E+10  6.22E-03 -5.90E-09 -1.76E+07  4.23E+06  2.64E+00  4.12E+05
  8.50E+05 -2.20E+03  1.18E+11  0.00E+00 -1.09E-02 -5.83E+04  1.39E+07  1.16E+09 -5.87E+08  2.59E+10  3.81E-04  1.15E+08  8.94E+09  2.93E-03 -8.44E-09 -5.71E+07 -1.03E+07  5.51E-01  2.09E+05
  9.50E+05 -2.33E+03  1.06E+11  0.00E+00 -2.02E-02 -9.37E+04  9.53E+06  7.06E+08 -2.87E+08  1.96E+10  1.94E-04  6.01E+07  7.79E+09  1.83E-03 -1.05E-08 -8.27E+07 -9.59E+06  2.78E-01  1.04E+05
  1.05E+06 -3.80E+03  9.44E+10  0.00E+00 -2.77E-02 -6.94E+04  3.04E+06  3.45E+08 -8.53E+07  1.38E+10  3.20E-06  1.50E+07  7.03E+09 -3.59E-04 -1.21E-08 -6.05E+07 -1.06E+07  4.30E-01  4.40E+04
  1.15E+06 -3.02E+03  8.40E+10  2.75E+12 -4.09E-03 -4.11E+03  1.46E+06  1.19E+08  5.57E+07  8.85E+09  8.06E-06  4.05E+06  6.46E+09 -4.01E-05 -1.35E-08 -3.53E+07 -1.06E+07  1.90E-01  1.31E+04
  1.25E+06 -3.59E+03  7.62E+10 -1.09E+10  6.93E-05  5.21E+03  5.20E+05  2.86E+07  1.58E+08  5.38E+09  8.81E-06  2.10E+06  6.04E+09  1.35E-05 -1.48E-08 -2.60E+07 -1.14E+07  6.64E-02  2.93E+03
  1.35E+06 -4.23E+03  7.08E+10 -1.07E+10  1.01E-03  3.95E+03  1.45E+05  4.34E+06  2.31E+08  3.24E+09  4.15E-06  7.69E+05  5.76E+09  1.07E-05 -1.59E-08 -1.88E+07 -1.39E+07  1.35E-02  4.93E+02
  1.45E+06 -6.10E+03  6.71E+10 -1.06E+10 -2.90E-04 -9.45E+02  2.45E+04  5.07E+05  2.81E+08  2.06E+09 -1.52E-06  1.35E+05  5.57E+09 -2.89E-05 -1.71E-08 -1.44E+07 -1.58E+07 -1.13E-03  8.09E+01
  1.55E+06 -8.75E+03  6.41E+10 -1.05E+10 -5.72E-04 -2.15E+03 -3.62E+02  5.73E+04  3.21E+08  1.34E+09 -3.03E-06 -2.13E+04  5.42E+09 -4.22E-05 -1.87E-08 -1.15E+07 -1.70E+07 -4.46E-03  1.28E+01
  1.65E+06 -1.28E+04  6.12E+10 -1.04E+10 -7.48E-04 -2.82E+03 -8.73E+03 -1.23E+03  3.56E+08  8.84E+08 -3.97E-06 -7.02E+04  5.29E+09 -5.45E-05 -2.08E-08 -9.96E+06 -1.78E+07 -4.55E-03  1.87E+00
  1.75E+06 -1.91E+04  5.86E+10 -1.03E+10 -1.05E-03 -3.71E+03 -1.42E+04 -1.74E+04  3.89E+08  5.84E+08 -5.27E-06 -9.70E+04  5.17E+09 -7.49E-05 -2.37E-08 -9.51E+06 -1.83E+07 -3.52E-03  2.55E-01
  1.85E+06 -2.83E+04  5.61E+10 -1.02E+10 -1.49E-03 -4.82E+03 -1.93E+04 -2.95E+04  4.20E+08  3.85E+08 -6.99E-06 -1.15E+05  5.05E+09 -1.05E-04 -2.79E-08 -9.61E+06 -1.90E+07 -8.81E-04  3.18E-02
  1.95E+06 -4.30E+04  5.40E+10 -1.01E+10 -2.30E-03 -6.64E+03 -2.66E+04 -4.59E+04  4.49E+08  2.54E+08 -9.83E-06 -1.38E+05  4.92E+09 -1.55E-04 -3.39E-08 -1.04E+07 -2.00E+07  2.47E-03  3.60E-03
  2.05E+06 -6.66E+04  5.22E+10 -9.87E+09 -3.89E-03 -9.71E+03 -3.80E+04 -7.19E+04  4.78E+08  1.66E+08 -1.47E-05 -1.68E+05  4.80E+09 -2.46E-04 -4.24E-08 -1.17E+07 -2.14E+07  2.32E-03  3.72E-04
  2.15E+06 -1.02E+05  5.05E+10 -9.64E+09 -6.63E-03 -1.41E+04 -5.27E+04 -1.09E+05  5.05E+08  1.08E+08 -2.18E-05 -1.99E+05  4.66E+09 -3.87E-04 -5.48E-08 -1.34E+07 -2.31E+07  1.39E-03  3.38E-05
  2.25E+06 -1.56E+05  4.86E+10 -9.39E+09 -1.19E-02 -2.09E+04 -7.42E+04 -1.63E+05  5.31E+08  6.90E+07 -3.33E-05 -2.34E+05  4.52E+09 -6.28E-04 -7.29E-08 -1.55E+07 -2.46E+07  5.63E-04  2.79E-06
  2.35E+06 -2.37E+05  4.64E+10 -9.12E+09 -2.17E-02 -3.07E+04 -1.03E+05 -2.36E+05  5.54E+08  4.32E+07 -5.07E-05 -2.68E+05  4.37E+09 -1.02E-03 -9.99E-08 -1.76E+07 -2.55E+07 -2.23E-04  4.88E-07
  2.45E+06 -3.56E+05  4.35E+10 -8.81E+09 -4.05E-02 -4.44E+04 -1.39E+05 -3.24E+05  5.73E+08  2.59E+07 -7.61E-05 -2.96E+05  4.20E+09 -1.63E-03 -1.40E-07 -1.97E+07 -2.56E+07 -1.06E-03  4.72E-07
  2.55E+06 -5.30E+05  3.97E+10 -8.47E+09 -7.69E-02 -6.25E+04 -1.81E+05 -4.13E+05  5.88E+08  1.39E+07 -1.12E-04 -3.12E+05  4.02E+09 -2.59E-03 -2.02E-07 -2.16E+07 -2.45E+07 -2.01E-03  5.59E-07
  2.65E+06 -7.76E+05  3.50E+10 -8.10E+09 -1.48E-01 -8.41E+04 -2.25E+05 -4.81E+05  5.96E+08  5.18E+06 -1.58E-04 -3.13E+05  3.83E+09 -4.02E-03 -2.96E-07 -2.30E+07 -2.22E+07 -3.12E-03  5.92E-07
  2.75E+06 -1.13E+06  2.95E+10 -7.69E+09 -2.90E-01 -1.10E+05 -2.67E+05 -5.12E+05  5.96E+08 -1.57E+06 -2.17E-04 -3.04E+05  3.62E+09 -6.15E-03 -4.41E-07 -2.40E+07 -1.87E+07 -4.47E-03  5.43E-07
  2.85E+06 -1.66E+06  2.36E+10 -7.26E+09 -5.83E-01 -1.39E+05 -3.06E+05 -4.97E+05  5.89E+08 -6.99E+06 -2.93E-04 -2.93E+05  3.41E+09 -9.40E-03 -6.63E-07 -2.43E+07 -1.41E+07 -6.16E-03  4.40E-07
  2.95E+06 -2.35E+06  1.76E+10 -6.80E+09 -1.14E+00 -1.64E+05 -3.26E+05 -4.25E+05  5.72E+08 -1.12E+07 -3.69E-04 -2.65E+05  3.19E+09 -1.36E-02 -1.00E-06 -2.30E+07 -8.53E+06 -7.95E-03  3.37E-07
  3.05E+06 -3.39E+06  1.23E+10 -6.33E+09 -2.31E+00 -1.95E+05 -3.42E+05 -3.27E+05  5.47E+08 -1.43E+07 -4.65E-04 -2.43E+05  2.97E+09 -2.01E-02 -1.52E-06 -2.11E+07 -2.54E+06 -1.02E-02  2.35E-07
  3.15E+06 -4.95E+06  7.78E+09 -5.85E+09 -4.74E+00 -2.31E+05 -3.54E+05 -2.16E+05  5.14E+08 -1.61E+07 -5.88E-04 -2.29E+05  2.75E+09 -2.99E-02 -2.32E-06 -1.83E+07  3.16E+06 -1.29E-02  1.55E-07
  3.25E+06 -7.05E+06  4.26E+09 -5.37E+09 -9.58E+00 -2.68E+05 -3.46E+05 -9.55E+04  4.73E+08 -1.62E+07 -7.20E-04 -2.05E+05  2.53E+09 -4.30E-02 -3.51E-06 -1.47E+07  8.10E+06 -1.57E-02  9.95E-08
  3.35E+06 -1.01E+07  1.65E+09 -4.89E+09 -1.96E+01 -3.18E+05 -3.29E+05  1.74E+04  4.24E+08 -1.49E+07 -8.89E-04 -1.79E+05  2.31E+09 -6.22E-02 -5.31E-06 -1.13E+07  1.20E+07 -1.90E-02  6.17E-08
  3.45E+06 -1.46E+07 -4.93E+08 -4.41E+09 -4.10E+01 -3.89E+05 -3.07E+05  1.10E+05  3.68E+08 -1.26E+07 -1.12E-03 -1.55E+05  2.10E+09 -9.08E-02 -8.03E-06 -8.23E+06  1.48E+07 -2.34E-02  3.72E-08
  3.55E+06 -2.10E+07 -2.66E+09 -3.94E+09 -8.63E+01 -4.82E+05 -2.79E+05  1.72E+05  3.04E+08 -9.82E+06 -1.41E-03 -1.28E+05  1.90E+09 -1.32E-01 -1.21E-05 -5.56E+06  1.63E+07 -2.86E-02  2.18E-08
  3.65E+06 -3.11E+07 -5.25E+09 -3.47E+09 -1.87E+02 -6.16E+05 -2.59E+05  2.02E+05  2.31E+08 -6.98E+06 -1.83E-03 -1.04E+05  1.70E+09 -1.96E-01 -1.83E-05 -3.67E+06  1.70E+07 -3.61E-02  1.25E-08
  3.75E+06 -4.51E+07 -8.17E+09 -3.01E+09 -3.98E+02 -7.67E+05 -2.45E+05  1.95E+05  1.50E+08 -4.40E+06 -2.30E-03 -6.74E+04  1.51E+09 -2.82E-01 -2.73E-05 -1.73E+06  1.67E+07 -4.40E-02  7.07E-09
  3.85E+06 -6.42E+07 -1.11E+10 -2.54E+09 -8.25E+02 -9.19E+05 -2.41E+05  1.65E+05  5.84E+07 -2.42E+06 -2.75E-03 -1.97E+04  1.32E+09 -3.89E-01 -4.03E-05  4.13E+05  1.52E+07 -5.07E-02  3.88E-09
  3.95E+06 -9.04E+07 -1.37E+10 -2.08E+09 -1.66E+03 -1.05E+06 -2.53E+05  1.26E+05 -4.21E+07 -1.22E+06 -3.13E-03  3.41E+04  1.14E+09 -5.15E-01 -5.93E-05  2.71E+06  1.31E+07 -5.44E-02  1.92E-09
  4.05E+06 -1.20E+08 -1.50E+10 -1.63E+09 -3.05E+03 -1.09E+06 -2.64E+05  8.92E+04 -1.50E+08 -7.49E+05 -3.15E-03  9.12E+04  9.72E+08 -6.19E-01 -8.68E-05  5.31E+06  1.02E+07 -5.05E-02  6.04E-10
  4.15E+06 -1.50E+08 -1.50E+10 -1.20E+09 -5.14E+03 -1.05E+06 -2.68E+05  6.18E+04 -2.61E+08 -1.02E+06 -2.81E-03  1.37E+05  8.14E+08 -6.79E-01 -1.29E-04  7.61E+06  7.38E+06 -3.98E-02 -3.22E-10
  4.25E+06 -1.81E+08 -1.41E+10 -8.10E+08 -8.09E+03 -9.54E+05 -2.66E+05  4.50E+04 -3.71E+08 -2.20E+06 -2.27E-03  1.65E+05  6.74E+08 -6.98E-01 -1.97E-04  9.14E+06  5.06E+06 -2.67E-02 -9.76E-10
  4.35E+06 -2.12E+08 -1.27E+10 -4.64E+08 -1.20E+04 -8.47E+05 -2.58E+05  3.58E+04 -4.77E+08 -4.57E+06 -1.66E-03  1.75E+05  5.53E+08 -6.83E-01 -3.08E-04  9.86E+06  3.36E+06 -1.42E-02 -1.44E-09
  4.45E+06 -2.41E+08 -1.12E+10 -1.66E+08 -1.71E+04 -7.37E+05 -2.44E+05  3.19E+04 -5.74E+08 -8.42E+06 -1.10E-03  1.71E+05  4.53E+08 -6.51E-01 -4.87E-04  9.96E+06  2.18E+06 -3.68E-03 -1.71E-09
  4.55E+06 -2.63E+08 -9.80E+09  8.51E+07 -2.29E+04 -6.16E+05 -2.19E+05  3.19E+04 -6.61E+08 -1.39E+07 -6.26E-04  1.56E+05  3.71E+08 -6.15E-01 -7.62E-04  9.63E+06  1.37E+06  5.07E-03 -1.72E-09
  4.65E+06 -2.99E+08 -8.85E+09  2.93E+08 -3.16E+04 -5.45E+05 -2.04E+05  3.40E+04 -7.38E+08 -2.12E+07 -4.22E-04  1.41E+05  3.05E+08 -6.54E-01 -1.17E-03  8.96E+06  8.89E+05  9.67E-03 -1.49E-09
  4.75E+06 -3.30E+08 -7.78E+09  4.65E+08 -4.19E+04 -4.75E+05 -1.86E+05  3.49E+04 -8.04E+08 -2.99E+07 -2.52E-04  1.24E+05  2.53E+08 -6.86E-01 -1.73E-03  8.16E+06  5.67E+05  1.27E-02 -1.16E-09
  4.85E+06 -3.62E+08 -6.73E+09  6.05E+08 -5.52E+04 -4.27E+05 -1.73E+05  3.39E+04 -8.62E+08 -4.02E+07 -1.29E-04  1.09E+05  2.12E+08 -7.20E-01 -2.47E-03  7.32E+06  3.64E+05  1.40E-02 -8.64E-10
  4.95E+06 -4.02E+08 -5.85E+09  7.18E+08 -7.33E+04 -4.05E+05 -1.68E+05  3.17E+04 -9.11E+08 -5.21E+07 -6.70E-05  9.66E+04  1.80E+08 -7.73E-01 -3.40E-03  6.47E+06  2.37E+05  1.38E-02 -6.17E-10
  5.05E+06 -4.42E+08 -5.06E+09  8.11E+08 -9.63E+04 -3.93E+05 -1.67E+05  2.85E+04 -9.53E+08 -6.56E+07 -2.06E-05  8.45E+04  1.54E+08 -8.22E-01 -4.54E-03  5.67E+06  1.55E+05  1.30E-02 -4.57E-10
  5.15E+06 -4.82E+08 -4.38E+09  8.85E+08 -1.26E+05 -3.92E+05 -1.69E+05  2.45E+04 -9.88E+08 -8.06E+07  1.14E-05  7.35E+04  1.35E+08 -8.70E-01 -5.87E-03  4.93E+06  1.01E+05  1.17E-02 -3.87E-10
  5.25E+06 -5.20E+08 -3.79E+09  9.45E+08 -1.63E+05 -4.00E+05 -1.74E+05  2.02E+04 -1.02E+09 -9.71E+07  3.68E-05  6.35E+04  1.19E+08 -9.12E-01 -7.40E-03  4.26E+06  6.63E+04  1.02E-02 -4.04E-10
  5.35E+06 -5.55E+08 -3.28E+09  9.94E+08 -2.11E+05 -4.13E+05 -1.82E+05  1.59E+04 -1.04E+09 -1.15E+08  6.05E-05  5.45E+04  1.08E+08 -9.47E-01 -9.09E-03  3.66E+06  4.36E+04  8.67E-03 -4.97E-10
  5.45E+06 -5.87E+08 -2.85E+09  1.03E+09 -2.72E+05 -4.30E+05 -1.92E+05  1.18E+04 -1.06E+09 -1.34E+08  8.41E-05  4.67E+04  9.85E+07 -9.72E-01 -1.09E-02  3.13E+06  2.87E+04  7.17E-03 -6.47E-10
  5.55E+06 -6.15E+08 -2.48E+09  1.06E+09 -3.49E+05 -4.49E+05 -2.03E+05  8.07E+03 -1.08E+09 -1.55E+08  1.07E-04  3.98E+04  9.15E+07 -9.86E-01 -1.29E-02  2.66E+06  1.90E+04  5.78E-03 -8.35E-10
  5.65E+06 -6.40E+08 -2.15E+09  1.09E+09 -4.47E+05 -4.68E+05 -2.14E+05  4.80E+03 -1.09E+09 -1.76E+08  1.26E-04  3.38E+04  8.60E+07 -9.88E-01 -1.50E-02  2.25E+06  1.25E+04  4.53E-03 -1.04E-09
  5.75E+06 -6.62E+08 -1.86E+09  1.11E+09 -5.72E+05 -4.88E+05 -2.25E+05  2.00E+03 -1.11E+09 -1.99E+08  1.40E-04  2.86E+04  8.19E+07 -9.77E-01 -1.72E-02  1.89E+06  8.34E+03  3.43E-03 -1.26E-09
  5.85E+06 -6.83E+08 -1.61E+09  1.12E+09 -7.32E+05 -5.07E+05 -2.36E+05 -3.56E+02 -1.11E+09 -2.22E+08  1.46E-04  2.41E+04  7.87E+07 -9.53E-01 -1.94E-02  1.58E+06  5.56E+03  2.48E-03 -1.48E-09
  5.95E+06 -7.04E+08 -1.39E+09  1.14E+09 -9.36E+05 -5.25E+05 -2.45E+05 -2.35E+03 -1.12E+09 -2.46E+08  1.37E-04  2.01E+04  7.63E+07 -9.19E-01 -2.16E-02  1.31E+06  3.73E+03  1.66E-03 -1.69E-09
  6.05E+06 -7.23E+08 -1.20E+09  1.15E+09 -1.20E+06 -5.43E+05 -2.55E+05 -4.21E+03 -1.13E+09 -2.71E+08  9.92E-05  1.66E+04  7.45E+07 -8.81E-01 -2.38E-02  1.08E+06  2.52E+03  9.32E-04 -1.93E-09
  6.15E+06 -7.39E+08 -1.04E+09  1.15E+09 -1.54E+06 -5.67E+05 -2.68E+05 -6.43E+03 -1.13E+09 -2.97E+08 -2.57E-05  1.32E+04  7.30E+07 -8.71E-01 -2.61E-02  8.88E+05  1.71E+03  2.11E-04 -2.25E-09
  6.25E+06 -7.39E+08 -9.25E+08  1.16E+09 -1.99E+06 -6.11E+05 -2.90E+05 -9.88E+03 -1.13E+09 -3.23E+08 -3.91E-04  9.04E+03  7.20E+07 -9.93E-01 -2.82E-02  7.21E+05  1.14E+03 -6.47E-04 -2.85E-09
  6.35E+06 -7.05E+08 -8.60E+08  1.16E+09 -2.58E+06 -6.98E+05 -3.36E+05 -1.59E+04 -1.14E+09 -3.49E+08 -1.33E-03  3.03E+03  7.11E+07 -1.50E+00 -3.04E-02  5.77E+05  7.35E+02 -1.87E-03 -4.07E-09
  6.45E+06 -6.17E+08 -8.49E+08  1.16E+09 -3.39E+06 -8.64E+05 -4.22E+05 -2.59E+04 -1.14E+09 -3.75E+08 -3.43E-03 -6.43E+03  7.04E+07 -2.92E+00 -3.25E-02  4.55E+05  4.17E+02 -3.68E-03 -6.59E-09
  6.55E+06 -4.75E+08 -8.74E+08  1.16E+09 -4.55E+06 -1.13E+06 -5.60E+05 -4.12E+04 -1.13E+09 -4.02E+08 -7.53E-03 -2.09E+04  6.96E+07 -6.12E+00 -3.45E-02  3.51E+05  1.57E+02 -6.18E-03 -1.15E-08
  6.65E+06 -3.23E+08 -8.99E+08  1.16E+09 -6.20E+06 -1.48E+06 -7.43E+05 -6.14E+04 -1.13E+09 -4.30E+08 -1.45E-02 -4.08E+04  6.86E+07 -1.23E+01 -3.66E-02  2.63E+05 -4.96E+01 -9.16E-03 -2.03E-08
  6.75E+06 -2.26E+08 -8.87E+08  1.16E+09 -8.56E+06 -1.87E+06 -9.39E+05 -8.48E+04 -1.12E+09 -4.58E+08 -2.52E-02 -6.48E+04  6.72E+07 -2.29E+01 -3.85E-02  1.89E+05 -1.92E+02 -1.22E-02 -3.45E-08
  6.85E+06 -2.18E+08 -8.31E+08  1.15E+09 -1.19E+07 -2.22E+06 -1.11E+06 -1.07E+05 -1.11E+09 -4.86E+08 -3.98E-02 -8.90E+04  6.53E+07 -3.86E+01 -4.04E-02  1.29E+05 -2.58E+02 -1.47E-02 -5.40E-08
  6.95E+06 -2.87E+08 -7.46E+08  1.14E+09 -1.68E+07 -2.46E+06 -1.22E+06 -1.23E+05 -1.09E+09 -5.14E+08 -5.78E-02 -1.09E+05  6.26E+07 -5.90E+01 -4.17E-02  7.96E+04 -2.45E+02 -1.65E-02 -7.48E-08
  7.05E+06 -4.08E+08 -6.49E+08  1.12E+09 -2.38E+07 -2.56E+06 -1.24E+06 -1.27E+05 -1.06E+09 -5.42E+08 -7.79E-02 -1.21E+05  5.91E+07 -8.08E+01 -4.18E-02  3.98E+04 -1.69E+02 -1.74E-02 -8.94E-08
  7.15E+06 -5.62E+08 -5.46E+08  1.09E+09 -3.38E+07 -2.50E+06 -1.18E+06 -1.16E+05 -1.02E+09 -5.67E+08 -9.77E-02 -1.23E+05  5.48E+07 -9.82E+01 -3.97E-02  7.72E+03 -6.18E+01 -1.75E-02 -8.98E-08
  7.25E+06 -7.42E+08 -4.35E+08  1.06E+09 -4.81E+07 -2.29E+06 -1.04E+06 -9.00E+04 -9.63E+08 -5.90E+08 -1.15E-01 -1.16E+05  4.99E+07 -1.04E+02 -3.43E-02 -1.85E+04  4.36E+01 -1.67E-02 -7.24E-08
  7.35E+06 -9.90E+08 -2.91E+08  1.01E+09 -6.95E+07 -1.92E+06 -8.17E+05 -5.15E+04 -8.94E+08 -6.07E+08 -1.29E-01 -9.96E+04  4.44E+07 -9.52E+01 -2.56E-02 -4.03E+04  1.42E+02 -1.52E-02 -3.69E-08
  7.45E+06 -1.29E+09 -1.15E+08  9.46E+08 -9.93E+07 -1.40E+06 -5.40E+05 -1.46E+04 -8.06E+08 -6.19E+08 -1.36E-01 -7.70E+04  3.88E+07 -6.91E+01 -1.48E-02 -5.88E+04  1.99E+02 -1.26E-02 -1.25E-09
  7.55E+06 -1.45E+09 -2.85E+06  8.71E+08 -1.41E+08 -1.35E+06 -5.01E+05  2.61E+03 -7.00E+08 -6.24E+08 -1.36E-01 -5.10E+04  3.33E+07 -4.18E+01 -4.12E-03 -7.52E+04  1.53E+02 -1.38E-02  6.82E-09
  7.65E+06 -1.78E+09  1.99E+08  7.96E+08 -2.28E+08 -1.77E+06 -6.38E+05  2.68E+04 -5.70E+08 -6.23E+08 -1.30E-01 -1.92E+04  2.80E+07 -9.79E+00  4.69E-03 -8.98E+04  1.20E+02 -1.87E-02  2.30E-08
  7.75E+06 -5.37E+09  2.04E+09  7.33E+08 -4.21E+08  1.27E+06  6.98E+05  1.03E+05 -4.03E+08 -6.18E+08 -1.21E-01  2.88E+04  2.32E+07  9.88E+01  1.04E-02 -9.90E+04  3.14E+02  5.62E-03  1.04E-07
  7.85E+06 -1.98E+10  9.32E+09  6.57E+08 -6.35E+08  4.56E+06  2.10E+06  1.20E+05 -2.14E+08 -6.01E+08 -1.45E-01  1.01E+05  1.89E+07  1.25E+02  1.17E-02 -1.02E+05  2.39E+02  3.82E-02  6.56E-08
  7.95E+06 -5.07E+10  2.49E+10  5.53E+08 -6.94E+08  2.45E+06  1.17E+06  6.10E+04 -7.24E+07 -5.64E+08 -1.44E-01  1.13E+05  1.52E+07  4.86E+01  1.10E-02 -1.11E+05  5.26E+01  2.24E-02  1.08E-08
  8.05E+06 -9.82E+10  4.87E+10  4.48E+08 -6.32E+08  1.01E+06  4.67E+05  2.27E+04  9.55E+06 -5.18E+08 -9.18E-02  6.21E+04  1.21E+07  1.58E+01  1.00E-02 -1.30E+05  9.11E+00  9.25E-03  1.04E-09
  8.15E+06 -1.60E+11  7.97E+10  3.54E+08 -5.22E+08  4.52E+05  1.87E+05  7.47E+03  5.41E+07 -4.70E+08 -5.46E-02  2.64E+04  9.50E+06  5.69E+00  8.96E-03 -1.51E+05  1.81E+00  3.87E-03  7.56E-11
  8.25E+06 -2.33E+11  1.16E+11  2.75E+08 -4.05E+08  2.32E+05  7.92E+04  2.29E+03  7.85E+07 -4.23E+08 -2.73E-02  1.13E+04  7.40E+06  2.32E+00  7.82E-03 -1.68E+05  4.30E-01  1.75E-03  4.30E-12
  8.35E+06 -3.12E+11  1.56E+11  2.11E+08 -2.98E+08  1.34E+05  3.54E+04  6.65E+02  9.22E+07 -3.79E+08 -4.37E-03  5.23E+03  5.72E+06  1.04E+00  6.63E-03 -1.74E+05  1.28E-01  8.59E-04  1.99E-13
  8.45E+06 -3.91E+11  1.95E+11  1.61E+08 -2.07E+08  8.40E+04  1.67E+04  1.82E+02  1.00E+08 -3.38E+08  1.30E-02  2.59E+03  4.39E+06  5.12E-01  5.45E-03 -1.63E+05  7.36E-02  4.58E-04  8.22E-15
  8.55E+06 -4.64E+11  2.32E+11  1.21E+08 -1.33E+08  5.60E+04  8.17E+03  4.67E+01  1.05E+08 -3.00E+08  2.36E-02  1.36E+03  3.35E+06  2.68E-01  4.34E-03 -1.34E+05  9.11E-02  2.61E-04  3.85E-16
  8.65E+06 -5.26E+11  2.63E+11  9.09E+07 -7.36E+07  3.88E+04  4.16E+03  1.13E+01  1.07E+08 -2.66E+08  2.81E-02  7.53E+02  2.54E+06  1.48E-01  3.35E-03 -9.25E+04  1.23E-01  1.56E-04  2.86E-17
  8.75E+06 -5.75E+11  2.87E+11  6.77E+07 -2.71E+07  2.74E+04  2.19E+03  2.61E+00  1.08E+08 -2.34E+08  2.80E-02  4.36E+02  1.91E+06  8.64E-02  2.51E-03 -4.96E+04  1.42E-01  9.47E-05  3.34E-18
  8.85E+06 -6.09E+11  3.05E+11  5.02E+07  9.17E+06  1.96E+04  1.19E+03  5.79E-01  1.09E+08 -2.05E+08  2.51E-02  2.62E+02  1.43E+06  5.24E-02  1.83E-03 -1.60E+04  1.40E-01  5.72E-05  5.05E-19
  8.95E+06 -6.29E+11  3.14E+11  3.70E+07  3.73E+07  1.41E+04  6.67E+02  1.26E-01  1.08E+08 -1.79E+08  2.11E-02  1.63E+02  1.07E+06  3.30E-02  1.31E-03  3.63E+03  1.22E-01  3.40E-05  8.99E-20
  9.05E+06 -6.35E+11  3.17E+11  2.72E+07  5.90E+07  1.01E+04  3.82E+02  2.76E-02  1.08E+08 -1.54E+08  1.69E-02  1.04E+02  7.95E+05  2.14E-02  9.20E-04  1.19E+04  9.70E-02  2.01E-05  1.82E-20
  9.15E+06 -6.28E+11  3.14E+11  1.99E+07  7.57E+07  7.28E+03  2.24E+02  6.31E-03  1.07E+08 -1.32E+08  1.31E-02  6.84E+01  5.88E+05  1.43E-02  6.37E-04  1.40E+04  7.36E-02  1.19E-05  4.15E-21
  9.25E+06 -6.11E+11  3.06E+11  1.45E+07  8.86E+07  5.23E+03  1.34E+02  1.56E-03  1.07E+08 -1.12E+08  9.96E-03  4.55E+01  4.33E+05  9.72E-03  4.35E-04  1.35E+04  5.47E-02  7.08E-06  1.04E-21
  9.35E+06 -5.85E+11  2.92E+11  1.05E+07  9.85E+07  3.74E+03  8.19E+01  4.30E-04  1.06E+08 -9.39E+07  7.34E-03  3.04E+01  3.16E+05  6.68E-03  2.95E-04  1.23E+04  4.03E-02  4.29E-06  2.86E-22
  9.45E+06 -5.49E+11  2.74E+11  7.54E+06  1.06E+08  2.67E+03  5.08E+01  1.34E-04  1.05E+08 -7.72E+07  5.19E-03  2.01E+01  2.29E+05  4.58E-03  1.97E-04  1.09E+04  2.97E-02  2.64E-06  8.47E-23
  9.55E+06 -5.04E+11  2.52E+11  5.35E+06  1.13E+08  1.90E+03  3.20E+01  4.62E-05  1.04E+08 -6.20E+07  3.39E-03  1.26E+01  1.62E+05  3.06E-03  1.30E-04  9.54E+03  2.18E-02  1.65E-06  2.70E-23
  9.65E+06 -4.48E+11  2.24E+11  3.69E+06  1.18E+08  1.34E+03  2.04E+01  1.74E-05  1.03E+08 -4.80E+07  1.78E-03  6.78E+00  1.12E+05  1.87E-03  8.39E-05  8.23E+03  1.61E-02  1.05E-06  9.18E-24
  9.75E+06 -3.79E+11  1.90E+11  2.40E+06  1.22E+08  9.51E+02  1.31E+01  6.96E-06  1.03E+08 -3.50E+07  1.91E-04  1.62E+00  7.24E+04  8.26E-04  5.11E-05  6.89E+03  1.18E-02  6.70E-07  3.32E-24
  9.85E+06 -2.89E+11  1.44E+11  1.36E+06  1.26E+08  6.69E+02  8.43E+00  2.83E-06  1.02E+08 -2.25E+07 -1.68E-03 -4.21E+00  4.03E+04 -3.22E-04  2.73E-05  5.40E+03  8.60E-03  4.30E-07  1.26E-24
  9.95E+06 -1.45E+11  7.23E+10  4.52E+05  1.31E+08  4.51E+02  5.22E+00  8.30E-07  1.00E+08 -9.08E+06 -5.46E-03 -1.73E+01  1.30E+04 -2.97E-03  8.69E-06  3.09E+03  6.09E-03  2.65E-07  4.38E-25
  1.00E+07  6.87E-03  3.54E-03  0.00E+00  1.34E+08 -1.01E-05 -8.98E-07 -3.80E-19  9.92E+07  2.13E-04 -2.93E-08 -1.47E-08 -6.18E-11 -1.46E-08 -2.68E-19  1.26E-07  1.21E-10 -2.24E-14 -3.41E-34

     Z        HS        S         SO        SO2       H2SO4     HSO       S2        S4        S8        SO3       OCS       S3        O3        HNO3      N         NO3       N2O       HO2NO2  
  0.00E+00 -3.59E-04 -4.74E-12 -2.19E-04 -1.68E+09 -9.91E+07 -1.49E+07 -9.15E-27 -2.99E-49 -6.74-101 -2.26E-04 -4.73E-17 -4.91E-46 -2.08E+10 -1.08E+08  1.42-160  3.98E-04  1.62E+09 -4.23E+05
  5.00E+04  3.22E+02  1.44E-12  7.63E-01 -1.75E+09 -1.00E+08  7.72E+05  1.62E-16  3.51E-42  2.50E-90 -8.23E-02  7.29E-06  1.15E-39 -2.99E+10 -1.21E+08 -6.72-145  6.22E+02  1.62E+09 -1.76E+06
  1.50E+05  1.60E+02  3.78E-13  1.74E+00 -1.26E+09 -9.73E+07  5.03E+06  7.08E-17  3.76E-43  2.80E-90 -1.56E-01  1.16E-05  8.79E-41 -4.49E+10 -1.68E+08 -2.79-132 -4.66E+02  1.62E+09 -4.13E+06
  2.50E+05  7.89E+01  9.54E-14  1.36E+00 -9.98E+08 -8.86E+07  2.99E+06  1.62E-17  1.52E-44  2.79E-90 -3.45E-01  1.12E-05  3.99E-42 -5.57E+10 -1.85E+08 -5.67-120 -9.67E+02  1.61E+09 -1.03E+07
  3.50E+05  3.64E+01  2.19E-14  8.62E-01 -8.63E+08 -7.32E+07  1.43E+06  2.91E-18  4.05E-46  2.79E-90 -7.93E-01  9.92E-06  1.36E-43 -6.19E+10 -1.57E+08 -5.40-108 -1.09E+03  1.61E+09 -2.54E+07
  4.50E+05  1.66E+01  4.85E-15  5.16E-01 -7.94E+08 -4.95E+07  6.35E+05  4.55E-19  8.32E-48  2.78E-90 -1.87E+00  8.60E-06  3.96E-45 -6.37E+10 -1.04E+08 -2.28E-96 -6.30E+02  1.60E+09 -6.53E+07
  5.50E+05  7.52E+00  1.04E-15  3.18E-01 -7.64E+08 -1.62E+07  2.72E+05  6.41E-20  1.42E-49  2.77E-90 -4.33E+00  7.51E-06  1.00E-46 -6.23E+10 -4.66E+07 -3.85E-85  1.12E+02  1.60E+09 -1.32E+08
  6.50E+05  3.17E+00  2.00E-16  1.81E-01 -7.14E+08  7.39E+06  1.20E+05  8.33E-21  2.07E-51  2.76E-90 -1.02E+01  6.73E-06  2.16E-48 -6.03E+10 -1.75E+07 -2.27E-74  1.55E+02  1.60E+09 -1.52E+08
  7.50E+05  1.15E+00  3.35E-17  6.27E-02 -6.02E+08  2.40E+06  5.77E+04  1.01E-21  2.66E-53  2.76E-90 -3.05E+01  6.24E-06  4.47E-50 -5.90E+10 -2.15E+07 -3.26E-64 -3.94E+02  1.60E+09 -9.06E+07
  8.50E+05  4.19E-01 -3.41E-19 -4.12E-02 -4.65E+08 -1.37E+07  2.97E+04  1.15E-22  3.14E-55  2.75E-90 -1.18E+02  5.91E-06  1.29E-51 -5.70E+10 -3.51E+07 -4.70E-55 -6.95E+02  1.60E+09 -1.42E+07
  9.50E+05  1.88E-01 -5.46E-17 -2.80E-01 -3.55E+08 -1.88E+07  1.46E+04  7.32E-24  3.37E-57  2.74E-90 -4.96E+02  5.68E-06 -1.80E-52 -5.35E+10 -4.67E+07 -4.68E-47 -9.04E+02  1.60E+09  2.68E+07
  1.05E+06  9.45E-02 -3.89E-16 -6.33E-01 -2.87E+08 -9.97E+06  5.94E+03 -1.29E-23 -5.49E-57  2.73E-90 -4.04E+02  5.50E-06 -4.94E-51 -4.89E+10 -5.84E+07 -2.33E-40 -2.84E+02  1.60E+09  2.12E+07
  1.15E+06  3.48E-02 -1.37E-15 -7.76E-01 -2.31E+08 -2.49E+06  1.72E+03 -1.26E-23 -1.37E-56  2.72E-90 -4.35E+02  5.35E-06 -4.29E-50 -4.45E+10 -6.52E+07 -6.10E-35 -2.47E+02  1.60E+09  5.21E+06
  1.25E+06  5.85E-03 -7.51E-15 -1.48E+00 -1.78E+08  3.81E+05  3.87E+02 -8.78E-24 -1.43E-56  2.70E-90 -8.25E+01  5.24E-06 -3.37E-49 -4.10E+10 -6.72E+07 -4.28E-30 -2.31E+02  1.60E+09 -2.73E+05
  1.35E+06  5.79E-04 -2.84E-14 -2.12E+00 -1.19E+08  4.27E+05  5.98E+01  4.15E-25  3.46E-57  2.69E-90 -5.33E+01  5.15E-06 -8.71E-49 -3.86E+10 -6.88E+07 -4.83E-26 -2.86E+02  1.59E+09 -2.05E+06
  1.45E+06  4.68E-05 -1.30E-13 -3.66E+00 -6.01E+07 -3.32E+04  1.73E+00  7.45E-25  1.94E-57  2.68E-90 -6.78E+01  5.06E-06 -2.23E-48 -3.68E+10 -6.89E+07 -1.98E-22 -4.15E+02  1.59E+09 -2.38E+06
  1.55E+06  4.70E-06 -4.81E-13 -5.36E+00 -1.52E+07  1.00E+05 -6.30E+00  5.68E-25  7.40E-58  2.67E-90 -6.50E+01  4.96E-06 -4.28E-48 -3.53E+10 -6.74E+07 -2.40E-19 -5.65E+02  1.58E+09 -2.55E+06
  1.65E+06  4.35E-07 -1.57E-12 -6.99E+00  1.44E+07  3.12E+05 -6.17E+00 -8.24E-25 -2.86E-58  2.65E-90 -5.36E+01  4.84E-06 -1.69E-47 -3.38E+10 -6.42E+07 -1.13E-16 -7.26E+02  1.57E+09 -2.62E+06
  1.75E+06 -7.46E-08 -4.50E-12 -7.76E+00  3.21E+07  4.88E+05 -4.33E+00 -4.78E-24 -4.16E-57  2.64E-90 -3.58E+01  4.67E-06 -1.36E-46 -3.23E+10 -5.91E+07 -2.49E-14 -8.80E+02  1.56E+09 -2.63E+06
  1.85E+06 -1.52E-07 -9.56E-12 -5.06E+00  3.94E+07  6.12E+05 -2.71E-01 -1.21E-23 -2.44E-56  2.63E-90 -1.32E+00  4.45E-06 -7.05E-46 -3.09E+10 -5.25E+07 -2.71E-12 -1.04E+03  1.53E+09 -2.62E+06
  1.95E+06 -9.43E-08 -1.26E-11  1.60E+00  3.50E+07  5.92E+05  4.53E+00 -1.22E-23 -3.24E-56  2.61E-90  4.07E+01  4.17E-06 -1.13E-45 -2.97E+10 -4.43E+07 -1.68E-10 -1.21E+03  1.50E+09 -2.55E+06
  2.05E+06 -6.59E-08 -1.54E-11  3.38E+00  1.70E+07  3.22E+05  4.10E+00 -9.14E-24 -1.60E-56  2.60E-90  3.48E+01  3.84E-06 -1.01E-45 -2.87E+10 -3.45E+07 -6.54E-09 -1.40E+03  1.46E+09 -2.40E+06
  2.15E+06 -5.76E-08 -1.92E-11  3.08E+00  7.14E+06  1.49E+05  2.80E+00 -6.80E-24 -2.48E-57  2.58E-90  2.31E+01  3.44E-06 -7.95E-46 -2.77E+10 -2.40E+07 -1.62E-07 -1.60E+03  1.41E+09 -2.09E+06
  2.25E+06 -4.84E-08 -2.25E-11  2.58E+00  3.00E+06  7.07E+04  1.89E+00 -3.38E-24  1.01E-56  2.57E-90  1.58E+01  2.99E-06 -3.42E-46 -2.67E+10 -1.32E+07 -2.82E-06 -1.80E+03  1.35E+09 -1.57E+06
  2.35E+06 -2.90E-08 -2.36E-11  2.06E+00  1.26E+06  3.40E+04  1.27E+00  1.34E-24  1.80E-56  2.55E-90  1.13E+01  2.50E-06  2.88E-46 -2.54E+10 -3.03E+06 -3.53E-05 -1.97E+03  1.27E+09 -9.00E+05
  2.45E+06 -3.60E-09 -2.18E-11  1.55E+00  5.21E+05  1.64E+04  8.35E-01  5.51E-24  1.70E-56  2.53E-90  8.42E+00  2.01E-06  7.47E-46 -2.36E+10  6.08E+06 -3.29E-04 -2.08E+03  1.18E+09 -1.35E+05
  2.55E+06  2.30E-08 -1.73E-11  1.10E+00  2.13E+05  7.69E+03  5.30E-01  7.71E-24  1.09E-56  2.52E-90  6.24E+00  1.53E-06  8.47E-46 -2.13E+10  1.37E+07 -2.34E-03 -2.12E+03  1.08E+09  6.03E+05
  2.65E+06  4.75E-08 -1.05E-11  7.46E-01  8.60E+04  3.10E+03  3.22E-01  7.76E-24  5.08E-57  2.50E-90  4.60E+00  1.10E-06  6.71E-46 -1.84E+10  1.97E+07 -1.30E-02 -2.08E+03  9.72E+08  1.20E+06
  2.75E+06  5.97E-08 -4.19E-12  4.76E-01  3.44E+04 -1.64E+02  1.85E-01  6.01E-24  1.74E-57  2.48E-90  3.29E+00  7.45E-07  3.93E-46 -1.50E+10  2.39E+07 -5.82E-02 -1.94E+03  8.58E+08  1.62E+06
  2.85E+06  5.91E-08 -4.88E-13  2.90E-01  1.38E+04 -4.79E+03  1.00E-01  3.87E-24  4.71E-58  2.46E-90  2.16E+00  4.66E-07  1.86E-46 -1.13E+10  2.62E+07 -2.14E-01 -1.74E+03  7.44E+08  1.82E+06
  2.95E+06  5.61E-08  4.06E-12  1.74E-01  5.53E+03 -5.53E+03  5.22E-02  2.28E-24  1.08E-58  2.44E-90  1.47E+00  2.68E-07  7.81E-47 -7.59E+09  2.56E+07 -6.34E-01 -1.45E+03  6.33E+08  1.76E+06
  3.05E+06  4.57E-08  5.17E-12  1.00E-01  2.26E+03 -2.27E+03  2.60E-02  1.17E-24  2.06E-59  2.42E-90  9.39E-01  1.41E-07  2.79E-47 -4.30E+09  2.35E+07 -1.62E+00 -1.10E+03  5.29E+08  1.60E+06
  3.15E+06  3.45E-08  4.30E-12  5.77E-02  9.59E+02 -9.60E+02  1.27E-02  5.65E-25  3.63E-60  2.40E-90  5.23E-01  6.70E-08  9.31E-48 -1.57E+09  2.02E+07 -3.57E+00 -7.61E+02  4.36E+08  1.36E+06
  3.25E+06  2.56E-08  3.69E-12  3.34E-02  4.21E+02 -4.22E+02  6.11E-03  2.66E-25  6.20E-61  2.38E-90  2.87E-01  2.87E-08  3.05E-48  4.98E+08  1.60E+07 -6.70E+00 -3.70E+02  3.53E+08  1.05E+06
  3.35E+06  1.80E-08  1.83E-12  1.92E-02  1.93E+02 -1.93E+02  2.92E-03  1.20E-25  1.03E-61  2.35E-90  1.34E-01  1.10E-08  9.70E-49  1.96E+09  1.21E+07 -1.13E+01  4.32E+01  2.83E+08  7.78E+05
  3.45E+06  1.19E-08 -1.21E-12  1.08E-02  9.19E+01 -9.20E+01  1.41E-03  5.38E-26  1.81E-62  2.33E-90  2.87E-02  3.77E-09  3.14E-49  3.11E+09  8.84E+06 -1.73E+01  4.38E+02  2.24E+08  5.44E+05
  3.55E+06  7.28E-09 -5.22E-12  5.92E-03  4.53E+01 -4.53E+01  6.86E-04  2.42E-26  3.54E-63  2.30E-90 -2.03E-02  1.16E-09  1.08E-49  4.28E+09  6.35E+06 -2.45E+01  8.04E+02  1.76E+08  3.59E+05
  3.65E+06  3.72E-09 -1.17E-11  2.76E-03  2.29E+01 -2.29E+01  3.47E-04  1.09E-26  8.21E-64  2.27E-90 -2.31E-02  3.21E-10  3.88E-50  5.74E+09  4.59E+06 -3.36E+01  1.14E+03  1.38E+08  2.29E+05
  3.75E+06  1.20E-09 -1.97E-11  7.73E-04  1.17E+01 -1.18E+01  1.82E-04  4.82E-27  2.36E-64  2.24E-90  3.25E-02  8.04E-11  1.46E-50  7.42E+09  3.29E+06 -4.35E+01  1.40E+03  1.07E+08  1.37E+05
  3.85E+06 -6.51E-10 -2.99E-11 -5.53E-04  6.10E+00 -6.21E+00  1.01E-04  1.86E-27  8.20E-65  2.21E-90  1.04E-01  1.82E-11  4.71E-51  9.13E+09  2.34E+06 -5.43E+01  1.55E+03  8.32E+07  7.70E+04
  3.95E+06 -2.19E-09 -4.38E-11 -1.57E-03  3.23E+00 -3.39E+00  5.92E-05  1.43E-28  3.19E-65  2.18E-90  1.61E-01  3.76E-12 -5.12E-52  1.06E+10  1.64E+06 -6.77E+01  1.58E+03  6.45E+07  4.18E+04
  4.05E+06 -3.56E-09 -6.13E-11 -2.41E-03  1.74E+00 -1.93E+00  3.46E-05 -1.16E-27  1.06E-65  2.14E-90  1.93E-01  7.17E-13 -4.41E-51  1.12E+10  1.08E+06 -8.25E+01  1.44E+03  5.00E+07  2.15E+04
  4.15E+06 -4.87E-09 -8.47E-11 -3.24E-03  9.63E-01 -1.16E+00  1.94E-05 -2.45E-27 -1.83E-66  2.11E-90  2.00E-01  1.27E-13 -8.66E-51  1.10E+10  6.68E+05 -1.01E+02  1.18E+03  3.88E+07  1.07E+04
  4.25E+06 -6.22E-09 -1.19E-10 -4.27E-03  5.42E-01 -7.27E-01  9.52E-06 -4.04E-27 -1.23E-65  2.07E-90  1.89E-01  2.16E-14 -1.47E-50  1.01E+10  3.90E+05 -1.27E+02  8.89E+02  3.01E+07  5.35E+03
  4.35E+06 -7.61E-09 -1.69E-10 -5.59E-03  3.08E-01 -4.72E-01  2.65E-06 -6.17E-27 -2.47E-65  2.03E-90  1.70E-01  3.62E-15 -2.40E-50  9.04E+09  2.19E+05 -1.66E+02  6.30E+02  2.35E+07  2.70E+03
  4.45E+06 -8.86E-09 -2.40E-10 -7.17E-03  1.72E-01 -3.12E-01 -2.19E-06 -8.95E-27 -4.10E-65  1.98E-90  1.47E-01  5.21E-16 -3.81E-50  7.89E+09  1.20E+05 -2.15E+02  4.24E+02  1.84E+07  1.38E+03
  4.55E+06 -9.66E-09 -3.28E-10 -8.66E-03  9.03E-02 -2.07E-01 -5.20E-06 -1.22E-26 -6.09E-65  1.94E-90  1.26E-01 -8.48E-17 -5.67E-50  6.83E+09  6.37E+04 -2.63E+02  2.72E+02  1.45E+07  7.00E+02
  4.65E+06 -1.01E-08 -4.57E-10 -1.05E-02  4.02E-02 -1.37E-01 -6.75E-06 -1.60E-26 -8.22E-65  1.90E-90  1.07E-01 -2.75E-16 -8.13E-50  6.09E+09  3.43E+04 -3.26E+02  1.75E+02  1.15E+07  3.71E+02
  4.75E+06 -1.00E-08 -6.16E-10 -1.23E-02  1.25E-02 -9.03E-02 -7.74E-06 -2.01E-26 -1.04E-64  1.85E-90  9.01E-02 -4.07E-16 -1.11E-49  5.29E+09  1.83E+04 -3.86E+02  1.09E+02  9.10E+06  1.95E+02
  4.85E+06 -9.93E-09 -8.25E-10 -1.44E-02 -4.85E-04 -5.93E-02 -8.70E-06 -2.52E-26 -1.31E-64  1.80E-90  7.42E-02 -5.46E-16 -1.50E-49  4.53E+09  9.68E+03 -4.54E+02  6.75E+01  7.26E+06  1.03E+02
  4.95E+06 -9.88E-09 -1.11E-09 -1.69E-02 -4.77E-03 -3.89E-02 -9.67E-06 -3.15E-26 -1.63E-64  1.75E-90  6.06E-02 -7.06E-16 -2.02E-49  3.89E+09  5.16E+03 -5.41E+02  4.17E+01  5.82E+06  5.51E+01
  5.05E+06 -9.92E-09 -1.49E-09 -1.97E-02 -3.82E-03 -2.55E-02 -1.07E-05 -3.93E-26 -2.04E-64  1.70E-90  4.90E-02 -8.90E-16 -2.69E-49  3.33E+09  2.76E+03 -6.35E+02  2.56E+01  4.67E+06  2.96E+01
  5.15E+06 -1.01E-08 -1.96E-09 -2.27E-02  1.58E-04 -1.67E-02 -1.17E-05 -4.91E-26 -2.56E-64  1.65E-90  3.93E-02 -1.10E-15 -3.59E-49  2.84E+09  1.47E+03 -7.38E+02  1.56E+01  3.77E+06  1.60E+01
  5.25E+06 -1.06E-08 -2.58E-09 -2.61E-02  5.73E-03 -1.10E-02 -1.29E-05 -6.18E-26 -3.27E-64  1.60E-90  3.13E-02 -1.34E-15 -4.78E-49  2.43E+09  7.90E+02 -8.49E+02  9.52E+00  3.05E+06  8.65E+00
  5.35E+06 -1.15E-08 -3.36E-09 -2.97E-02  1.21E-02 -7.17E-03 -1.42E-05 -7.85E-26 -4.28E-64  1.55E-90  2.48E-02 -1.60E-15 -6.42E-49  2.08E+09  4.24E+02 -9.68E+02  5.78E+00  2.47E+06  4.70E+00
  5.45E+06 -1.26E-08 -4.36E-09 -3.36E-02  1.88E-02 -4.69E-03 -1.57E-05 -1.01E-25 -5.75E-64  1.50E-90  1.96E-02 -1.90E-15 -8.69E-49  1.77E+09  2.29E+02 -1.09E+03  3.50E+00  2.01E+06  2.57E+00
  5.55E+06 -1.41E-08 -5.62E-09 -3.79E-02  2.56E-02 -3.06E-03 -1.74E-05 -1.31E-25 -7.90E-64  1.45E-90  1.54E-02 -2.21E-15 -1.19E-48  1.51E+09  1.24E+02 -1.23E+03  2.12E+00  1.64E+06  1.41E+00
  5.65E+06 -1.59E-08 -7.22E-09 -4.25E-02  3.24E-02 -1.99E-03 -1.92E-05 -1.72E-25 -1.11E-63  1.39E-90  1.21E-02 -2.55E-15 -1.63E-48  1.28E+09  6.80E+01 -1.37E+03  1.29E+00  1.34E+06  7.84E-01
  5.75E+06 -1.81E-08 -9.22E-09 -4.74E-02  3.92E-02 -1.29E-03 -2.11E-05 -2.26E-25 -1.57E-63  1.34E-90  9.45E-03 -2.91E-15 -2.26E-48  1.08E+09  3.75E+01 -1.52E+03  7.80E-01  1.09E+06  4.39E-01
  5.85E+06 -2.04E-08 -1.17E-08 -5.26E-02  4.61E-02 -8.40E-04 -2.29E-05 -3.00E-25 -2.26E-63  1.29E-90  7.38E-03 -3.28E-15 -3.13E-48  9.03E+08  2.09E+01 -1.67E+03  4.74E-01  8.94E+05  2.48E-01
  5.95E+06 -2.30E-08 -1.49E-08 -5.80E-02  5.28E-02 -5.44E-04 -2.48E-05 -3.98E-25 -3.26E-63  1.24E-90  5.74E-03 -3.66E-15 -4.35E-48  7.48E+08  1.18E+01 -1.84E+03  2.90E-01  7.33E+05  1.42E-01
  6.05E+06 -2.60E-08 -1.87E-08 -6.35E-02  5.95E-02 -3.51E-04 -2.66E-05 -5.29E-25 -4.75E-63  1.19E-90  4.45E-03 -4.04E-15 -6.04E-48  6.15E+08  6.71E+00 -2.01E+03  1.78E-01  6.03E+05  8.22E-02
  6.15E+06 -2.98E-08 -2.34E-08 -6.91E-02  6.59E-02 -2.26E-04 -2.86E-05 -7.12E-25 -7.06E-63  1.14E-90  3.44E-03 -4.46E-15 -8.43E-48  5.05E+08  3.86E+00 -2.18E+03  1.10E-01  4.96E+05  4.81E-02
  6.25E+06 -3.56E-08 -2.92E-08 -7.45E-02  7.20E-02 -1.45E-04 -3.17E-05 -9.87E-25 -1.11E-62  1.09E-90  2.64E-03 -4.97E-15 -1.21E-47  4.17E+08  2.23E+00 -2.36E+03  6.88E-02  4.09E+05  2.82E-02
  6.35E+06 -4.62E-08 -3.59E-08 -7.90E-02  7.71E-02 -9.31E-05 -3.75E-05 -1.46E-24 -1.93E-62  1.04E-90  2.02E-03 -5.68E-15 -1.82E-47  3.53E+08  1.27E+00 -2.51E+03  4.28E-02  3.38E+05  1.62E-02
  6.45E+06 -6.68E-08 -4.35E-08 -8.19E-02  8.05E-02 -5.95E-05 -4.83E-05 -2.38E-24 -3.96E-62  9.86E-91  1.52E-03 -6.81E-15 -2.98E-47  3.06E+08  6.97E-01 -2.62E+03  2.63E-02  2.80E+05  8.83E-03
  6.55E+06 -1.05E-07 -5.14E-08 -8.16E-02  8.06E-02 -3.80E-05 -6.63E-05 -4.27E-24 -9.62E-62  9.36E-91  1.13E-03 -8.68E-15 -5.33E-47  2.66E+08  3.46E-01 -2.61E+03  1.58E-02  2.33E+05  4.19E-03
  6.65E+06 -1.71E-07 -5.88E-08 -7.71E-02  7.64E-02 -2.41E-05 -9.09E-05 -8.15E-24 -2.66E-61  8.87E-91  8.20E-04 -1.17E-14 -9.97E-47  2.23E+08  1.35E-01 -2.45E+03  9.26E-03  1.94E+05  1.32E-03
  6.75E+06 -2.73E-07 -6.48E-08 -6.84E-02  6.80E-02 -1.53E-05 -1.17E-04 -1.55E-23 -7.63E-61  8.38E-91  5.86E-04 -1.64E-14 -1.82E-46  1.74E+08  1.88E-02 -2.16E+03  5.53E-03  1.62E+05 -2.80E-04
  6.85E+06 -4.06E-07 -6.94E-08 -5.74E-02  5.71E-02 -9.54E-06 -1.35E-04 -2.73E-23 -2.01E-60  7.89E-91  4.19E-04 -2.30E-14 -3.01E-46  1.26E+08 -2.71E-02 -1.82E+03  3.62E-03  1.35E+05 -8.63E-04
  6.95E+06 -5.44E-07 -7.30E-08 -4.65E-02  4.63E-02 -5.86E-06 -1.35E-04 -4.25E-23 -4.38E-60  7.41E-91  3.09E-04 -3.16E-14 -4.27E-46  8.55E+07 -2.23E-02 -1.57E+03  2.72E-03  1.14E+05 -6.47E-04
  7.05E+06 -6.47E-07 -7.70E-08 -3.80E-02  3.79E-02 -3.50E-06 -1.14E-04 -5.65E-23 -7.25E-60  6.94E-91  2.40E-04 -4.19E-14 -5.04E-46  5.61E+07  1.27E-02 -1.46E+03  2.30E-03  9.54E+04  5.95E-05
  7.15E+06 -6.78E-07 -8.26E-08 -3.30E-02  3.29E-02 -2.01E-06 -7.60E-05 -6.35E-23 -8.68E-60  6.48E-91  1.98E-04 -5.34E-14 -4.89E-46  3.64E+07  5.57E-02 -1.52E+03  2.04E-03  8.02E+04  8.72E-04
  7.25E+06 -6.24E-07 -9.11E-08 -3.13E-02  3.12E-02 -1.10E-06 -3.38E-05 -6.03E-23 -7.15E-60  6.02E-91  1.70E-04 -6.56E-14 -3.90E-46  2.37E+07  8.89E-02 -1.74E+03  1.82E-03  6.74E+04  1.46E-03
  7.35E+06 -4.62E-07 -1.04E-07 -3.14E-02  3.12E-02 -5.49E-07  9.34E-06 -4.37E-23 -2.24E-60  5.58E-91  1.48E-04 -7.82E-14 -2.08E-46  1.63E+07  1.07E-01 -2.08E+03  1.69E-03  5.66E+04  1.82E-03
  7.45E+06 -2.47E-07 -1.23E-07 -3.43E-02  3.41E-02 -2.57E-07  3.83E-05 -2.19E-23  2.30E-60  5.14E-91  1.24E-04 -9.05E-14 -4.05E-47  1.20E+07  1.00E-01 -2.57E+03  1.50E-03  4.74E+04  1.69E-03
  7.55E+06 -2.52E-07 -1.35E-07 -3.14E-02  3.13E-02 -1.21E-07  3.45E-05 -2.12E-23  1.77E-60  4.72E-91  9.25E-05 -1.02E-13 -3.22E-47  1.02E+07  7.10E-02 -2.84E+03  1.05E-03  3.96E+04  1.10E-03
  7.65E+06 -2.98E-07 -1.40E-07 -2.46E-02  2.45E-02 -5.82E-08  3.29E-05 -1.68E-23  1.87E-60  4.30E-91  5.96E-05 -1.15E-13  1.34E-47  8.31E+06  5.01E-02 -3.33E+03  6.95E-04  3.30E+04  7.26E-04
  7.75E+06  1.06E-06 -2.60E-07 -7.57E-02  7.56E-02 -2.97E-08  1.07E-04  1.10E-22  9.28E-60  3.91E-91  2.77E-05 -1.37E-13  6.33E-46 -5.13E+06  4.59E-02 -8.68E+03  8.57E-04  2.74E+04  7.96E-04
  7.85E+06  1.02E-06 -5.39E-07 -1.70E-01  1.70E-01 -1.63E-08  9.66E-05  6.73E-23  9.47E-61  3.52E-91 -1.71E-05 -1.48E-13  4.26E-46 -3.10E+07  2.54E-02 -2.27E+04  9.24E-04  2.27E+04  3.87E-04
  7.95E+06  1.55E-07 -6.52E-07 -1.63E-01  1.63E-01 -9.43E-09  2.54E-05  5.76E-24  5.02E-63  3.16E-91 -6.42E-05 -1.00E-13  4.60E-47 -5.29E+07  7.76E-03 -3.92E+04  3.70E-04  1.87E+04  7.04E-05
  8.05E+06  1.62E-08 -6.21E-07 -1.10E-01  1.10E-01 -5.43E-09  4.89E-06  3.32E-25  1.49E-65  2.80E-91 -9.06E-05 -1.10E-14  2.99E-48 -6.49E+07  2.00E-03 -6.07E+04  8.89E-05  1.54E+04  9.28E-06
  8.15E+06  1.88E-09 -5.73E-07 -6.81E-02  6.82E-02 -3.00E-09  9.90E-07  2.26E-26  6.45E-68  2.47E-91 -9.50E-05  5.25E-14  2.07E-49 -6.92E+07  4.96E-04 -1.00E+05  2.20E-05  1.26E+04  1.19E-06
  8.25E+06  2.65E-10 -5.42E-07 -4.29E-02  4.30E-02 -1.57E-09  2.27E-07  2.00E-27  4.79E-70  2.16E-91 -8.44E-05  6.88E-14  1.76E-50 -6.78E+07  1.22E-04 -1.79E+05  7.98E-06  1.03E+04  1.79E-07
  8.35E+06  4.46E-11 -5.26E-07 -2.82E-02  2.83E-02 -7.80E-10  5.89E-08  2.27E-28  5.96E-72  1.86E-91 -6.58E-05  5.76E-14  1.85E-51 -6.21E+07  3.03E-05 -3.33E+05  4.48E-06  8.44E+03  3.60E-08
  8.45E+06  8.80E-12 -5.23E-07 -1.96E-02  1.97E-02 -3.66E-10  1.71E-08  3.22E-29  1.23E-73  1.59E-91 -4.46E-05  4.04E-14  2.38E-52 -5.31E+07  7.81E-06 -6.22E+05  3.28E-06  6.88E+03  9.77E-09
  8.55E+06  1.99E-12 -5.30E-07 -1.47E-02  1.47E-02 -1.63E-10  5.48E-09  5.53E-30  4.62E-75  1.34E-91 -2.45E-05  2.64E-14  3.69E-53 -4.23E+07  2.17E-06 -1.14E+06  2.68E-06  5.60E+03  3.22E-09
  8.65E+06  5.12E-13 -5.45E-07 -1.18E-02  1.18E-02 -6.86E-11  1.92E-09  1.13E-30  3.63E-76  1.12E-91 -7.93E-06  1.68E-14  6.76E-54 -3.09E+07  6.83E-07 -2.02E+06  2.23E-06  4.54E+03  1.16E-09
  8.75E+06  1.47E-13 -5.66E-07 -1.00E-02  1.00E-02 -2.75E-11  7.28E-10  2.70E-31  5.24E-77  9.15E-92  4.14E-06  1.07E-14  1.46E-54 -2.03E+07  2.45E-07 -3.45E+06  1.77E-06  3.68E+03  4.32E-10
  8.85E+06  4.65E-14 -5.91E-07 -8.74E-03  8.73E-03 -1.06E-11  2.97E-10  7.40E-32  1.08E-77  7.37E-92  1.17E-05  6.76E-15  3.66E-55 -1.12E+07  9.71E-08 -5.62E+06  1.32E-06  2.98E+03  1.62E-10
  8.95E+06  1.61E-14 -6.20E-07 -7.70E-03  7.69E-03 -3.90E-12  1.29E-10  2.28E-32  2.85E-78  5.82E-92  1.53E-05  4.29E-15  1.07E-55 -4.01E+06  4.05E-08 -8.74E+06  9.18E-07  2.40E+03  6.03E-11
  9.05E+06  6.04E-15 -6.51E-07 -6.76E-03  6.74E-03 -1.35E-12  5.96E-11  7.53E-33  9.21E-79  4.50E-92  1.60E-05  2.73E-15  3.63E-56  1.21E+06  1.72E-08 -1.30E+07  6.08E-07  1.92E+03  2.25E-11
  9.15E+06  2.44E-15 -6.83E-07 -5.86E-03  5.84E-03 -4.88E-13  2.89E-11  2.37E-33  3.58E-79  3.40E-92  1.48E-05  1.73E-15  1.40E-56  4.65E+06  7.31E-09 -1.84E+07  3.91E-07  1.53E+03  8.38E-12
  9.25E+06  1.05E-15 -7.16E-07 -4.99E-03  4.98E-03 -1.24E-13  1.47E-11  4.08E-34  1.63E-79  2.50E-92  1.26E-05  1.08E-15  5.96E-57  6.60E+06  3.10E-09 -2.51E+07  2.49E-07  1.20E+03  3.16E-12
  9.35E+06  4.75E-16 -7.49E-07 -4.18E-03  4.17E-03 -4.49E-14  7.80E-12 -4.29E-34  8.30E-80  1.78E-92  1.02E-05  6.44E-16  2.66E-57  7.43E+06  1.31E-09 -3.30E+07  1.57E-07  9.38E+02  1.21E-12
  9.45E+06  2.26E-16 -7.82E-07 -3.45E-03  3.44E-03 -8.44E-15  4.28E-12 -8.27E-34  4.57E-80  1.22E-92  7.76E-06  3.39E-16  1.15E-57  7.48E+06  5.55E-10 -4.20E+07  9.93E-08  7.17E+02  4.67E-13
  9.55E+06  1.13E-16 -8.13E-07 -2.79E-03  2.79E-03  1.51E-14  2.42E-12 -1.04E-33  2.64E-80  8.05E-93  5.67E-06  1.05E-16  3.92E-58  7.02E+06  2.35E-10 -5.19E+07  6.28E-08  5.34E+02  1.84E-13
  9.65E+06  5.86E-17 -8.42E-07 -2.22E-03  2.22E-03  1.91E-14  1.41E-12 -1.17E-33  1.57E-80  4.99E-93  3.95E-06 -1.01E-16 -2.08E-60  6.30E+06  9.97E-11 -6.24E+07  3.97E-08  3.82E+02  7.34E-14
  9.75E+06  3.14E-17 -8.65E-07 -1.74E-03  1.73E-03  1.20E-14  8.33E-13 -1.25E-33  9.62E-81  2.82E-93  2.57E-06 -3.18E-16 -2.04E-58  5.47E+06  4.22E-11 -7.32E+07  2.52E-08  2.55E+02  2.97E-14
  9.85E+06  1.72E-17 -8.74E-07 -1.27E-03  1.27E-03  2.75E-14  4.99E-13 -1.31E-33  6.25E-81  1.34E-93  1.46E-06 -5.86E-16 -2.78E-58  4.65E+06  1.73E-11 -8.41E+07  1.59E-08  1.45E+02  1.20E-14
  9.95E+06  9.17E-18 -8.34E-07 -6.16E-04  6.16E-04  2.44E-15  2.93E-13 -1.34E-33  4.95E-81  3.52E-94  4.88E-07 -7.17E-16 -2.12E-58  3.82E+06  4.96E-12 -9.48E+07  9.98E-09  4.83E+01  3.70E-15
  1.00E+07 -8.41E-22 -6.13E-12 -6.47E-12 -2.30E-12  2.50E-15 -6.75E-18 -4.55E-38 -1.13E-86  1.60-109 -2.19E-17 -6.70E-25 -8.82E-63  1.10E-04 -3.31E-26 -1.00E+08  7.85E-17  3.48E-13 -9.31E-28

     Z        N2O5      CO2       SO4AER    S8AER   
  0.00E+00  1.04E-06 -2.48E+11 -7.52E+07  2.95E-20
  5.00E+04 -7.06E+01 -2.27E+11 -5.89E+08 -1.17E-22
  1.50E+05 -2.09E+02 -1.90E+11 -1.58E+09 -1.13E-22
  2.50E+05 -6.25E+02 -1.55E+11 -2.18E+09 -1.10E-22
  3.50E+05 -1.88E+03 -1.24E+11 -2.40E+09 -1.08E-22
  4.50E+05 -5.30E+03 -9.69E+10 -2.43E+09 -1.06E-22
  5.50E+05 -8.92E+03 -7.39E+10 -2.36E+09 -1.04E-22
  6.50E+05 -7.15E+03 -5.63E+10 -2.27E+09 -1.04E-22
  7.50E+05 -5.11E+03 -4.41E+10 -2.19E+09 -1.04E-22
  8.50E+05 -5.06E+03 -3.51E+10 -2.09E+09 -1.05E-22
  9.50E+05 -4.47E+03 -2.75E+10 -1.96E+09 -1.06E-22
  1.05E+06 -3.36E+03 -2.09E+10 -1.77E+09 -1.07E-22
  1.15E+06 -4.15E+03 -1.53E+10 -1.48E+09 -1.04E-22
  1.25E+06 -5.52E+03 -1.14E+10 -1.15E+09 -1.02E-22
  1.35E+06 -1.00E+04 -9.00E+09 -8.81E+08 -1.00E-22
  1.45E+06 -1.98E+04 -7.63E+09 -6.56E+08 -9.83E-23
  1.55E+06 -3.61E+04 -6.76E+09 -4.64E+08 -9.66E-23
  1.65E+06 -5.78E+04 -6.18E+09 -3.05E+08 -9.51E-23
  1.75E+06 -7.93E+04 -5.75E+09 -1.81E+08 -9.38E-23
  1.85E+06 -9.87E+04 -5.43E+09 -9.32E+07 -9.26E-23
  1.95E+06 -1.13E+05 -5.18E+09 -4.15E+07 -9.15E-23
  2.05E+06 -1.19E+05 -4.96E+09 -1.74E+07 -9.05E-23
  2.15E+06 -1.17E+05 -4.77E+09 -7.29E+06 -8.96E-23
  2.25E+06 -1.02E+05 -4.59E+09 -3.07E+06 -8.87E-23
  2.35E+06 -7.47E+04 -4.41E+09 -1.29E+06 -8.78E-23
  2.45E+06 -3.62E+04 -4.23E+09 -5.37E+05 -8.70E-23
  2.55E+06  5.86E+03 -4.03E+09 -2.21E+05 -8.62E-23
  2.65E+06  4.21E+04 -3.83E+09 -8.91E+04 -8.55E-23
  2.75E+06  6.86E+04 -3.62E+09 -3.42E+04 -8.47E-23
  2.85E+06  8.14E+04 -3.40E+09 -8.98E+03 -8.39E-23
  2.95E+06  7.86E+04 -3.18E+09  1.86E-09 -8.30E-23
  3.05E+06  6.94E+04 -2.96E+09  8.38E-09 -8.21E-23
  3.15E+06  5.61E+04 -2.73E+09  1.58E-08 -8.11E-23
  3.25E+06  4.12E+04 -2.51E+09  9.31E-10 -8.01E-23
  3.35E+06  2.85E+04 -2.30E+09  8.38E-09 -7.91E-23
  3.45E+06  1.87E+04 -2.09E+09 -8.38E-09 -7.81E-23
  3.55E+06  1.15E+04 -1.89E+09 -1.16E-08 -7.72E-23
  3.65E+06  6.84E+03 -1.70E+09 -7.45E-09 -7.63E-23
  3.75E+06  3.75E+03 -1.51E+09 -1.23E-08 -7.56E-23
  3.85E+06  1.88E+03 -1.32E+09 -1.63E-08 -7.49E-23
  3.95E+06  8.67E+02 -1.14E+09 -7.22E-09 -7.43E-23
  4.05E+06  3.57E+02 -9.71E+08 -6.98E-10 -7.39E-23
  4.15E+06  1.32E+02 -8.13E+08  1.28E-09 -7.36E-23
  4.25E+06  4.62E+01 -6.72E+08  2.21E-09 -7.34E-23
  4.35E+06  1.56E+01 -5.49E+08  2.21E-09 -7.35E-23
  4.45E+06  5.14E+00 -4.45E+08  2.62E-09 -7.37E-23
  4.55E+06  1.65E+00 -3.57E+08  1.75E-09 -7.40E-23
  4.65E+06  5.46E-01 -2.84E+08  6.98E-10 -7.43E-23
  4.75E+06  1.78E-01 -2.23E+08  2.91E-10 -7.46E-23
  4.85E+06  5.80E-02 -1.72E+08  8.73E-11 -7.49E-23
  4.95E+06  1.93E-02 -1.28E+08 -3.49E-10 -7.53E-23
  5.05E+06  6.45E-03 -8.89E+07 -5.82E-11 -7.56E-23
  5.15E+06  2.18E-03 -5.42E+07  2.91E-11 -7.59E-23
  5.25E+06  7.40E-04 -2.24E+07 -2.91E-11 -7.63E-23
  5.35E+06  2.54E-04  7.30E+06  0.00E+00 -7.67E-23
  5.45E+06  8.79E-05  3.57E+07  5.82E-11 -7.70E-23
  5.55E+06  3.07E-05  6.31E+07 -5.82E-11 -7.74E-23
  5.65E+06  1.09E-05  9.01E+07 -4.00E-11 -7.78E-23
  5.75E+06  3.92E-06  1.17E+08  0.00E+00 -7.82E-23
  5.85E+06  1.44E-06  1.43E+08 -1.09E-11 -7.85E-23
  5.95E+06  5.36E-07  1.70E+08 -1.27E-11 -7.90E-23
  6.05E+06  2.05E-07  1.97E+08 -9.09E-12 -7.94E-23
  6.15E+06  8.03E-08  2.24E+08 -1.82E-12 -7.98E-23
  6.25E+06  3.22E-08  2.51E+08 -6.82E-13 -8.02E-23
  6.35E+06  1.32E-08  2.78E+08  9.09E-13 -8.07E-23
  6.45E+06  5.48E-09  3.05E+08  3.98E-13 -8.11E-23
  6.55E+06  2.33E-09  3.33E+08  2.84E-14 -8.16E-23
  6.65E+06  1.03E-09  3.61E+08 -4.26E-14 -8.20E-23
  6.75E+06  4.96E-10  3.90E+08 -2.13E-14 -8.25E-23
  6.85E+06  2.77E-10  4.21E+08 -3.55E-15 -8.30E-23
  6.95E+06  1.85E-10  4.52E+08  1.78E-15 -8.34E-23
  7.05E+06  1.37E-10  4.83E+08  2.22E-16 -8.39E-23
  7.15E+06  1.02E-10  5.13E+08 -2.78E-17 -8.43E-23
  7.25E+06  7.20E-11  5.40E+08 -6.94E-18 -8.48E-23
  7.35E+06  4.86E-11  5.63E+08 -8.67E-19 -8.52E-23
  7.45E+06  2.86E-11  5.80E+08  0.00E+00 -8.52E-23
  7.55E+06  1.34E-11  5.91E+08 -6.78E-21 -8.52E-23
  7.65E+06  6.20E-12  5.95E+08  0.00E+00 -8.52E-23
  7.75E+06  3.81E-12  5.95E+08 -3.31E-24 -8.51E-23
  7.85E+06  1.28E-12  5.82E+08  1.94E-26 -8.51E-23
  7.95E+06  1.70E-13  5.49E+08 -3.48E-14 -8.51E-23
  8.05E+06  1.60E-14  5.06E+08 -3.78E-16 -8.51E-23
  8.15E+06  1.50E-15  4.60E+08 -1.86E-18 -8.50E-23
  8.25E+06  1.95E-16  4.16E+08 -3.57E-21 -8.50E-23
  8.35E+06  5.04E-17  3.73E+08 -7.20E-23 -8.50E-23
  8.45E+06  2.16E-17  3.34E+08 -7.19E-23 -8.49E-23
  8.55E+06  1.10E-17  2.97E+08 -7.19E-23 -8.49E-23
  8.65E+06  5.62E-18  2.63E+08 -7.19E-23 -8.49E-23
  8.75E+06  2.73E-18  2.32E+08 -7.19E-23 -8.49E-23
  8.85E+06  1.23E-18  2.04E+08 -7.19E-23 -8.48E-23
  8.95E+06  5.17E-19  1.77E+08 -7.18E-23 -8.48E-23
  9.05E+06  2.06E-19  1.54E+08 -7.18E-23 -8.48E-23
  9.15E+06  7.95E-20  1.32E+08 -7.18E-23 -8.48E-23
  9.25E+06  3.04E-20  1.12E+08 -7.18E-23 -8.47E-23
  9.35E+06  1.16E-20  9.36E+07 -7.17E-23 -8.47E-23
  9.45E+06  4.47E-21  7.70E+07 -7.17E-23 -8.47E-23
  9.55E+06  1.73E-21  6.18E+07 -7.17E-23 -8.47E-23
  9.65E+06  6.75E-22  4.79E+07 -7.17E-23 -8.46E-23
  9.75E+06  2.65E-22  3.50E+07 -7.17E-23 -8.46E-23
  9.85E+06  1.05E-22  2.25E+07 -7.16E-23 -8.46E-23
  9.95E+06  3.44E-23  9.07E+06 -7.16E-23 -8.46E-23
  1.00E+07  1.98E-35 -1.95E-06 -7.16E-23 -8.46E-23

 AQUEOUS PHASE SPECIES

     Z      (SO2)g   (H2CO)g  (SO2)aq CH2(OH)2   HCO3-    CO3=     HSO3-    SO3=   CH2OHSO3-   OH-     SO4=      PH
  2.50E+04 6.25E-11 1.93E-10 1.31E-10 1.61E-06 3.70E-07 1.18E-12 1.71E-07 6.86E-10 2.75E-08 2.23E-10 8.47E-06 4.76E+00
  1.25E+05 1.21E-10 1.61E-10 3.09E-10 2.10E-06 3.32E-07 9.71E-13 4.23E-07 1.67E-09 8.86E-08 1.31E-10 9.14E-06 4.72E+00
  2.25E+05 1.65E-10 1.15E-10 5.20E-10 2.46E-06 2.67E-07 6.36E-13 6.74E-07 2.35E-09 1.66E-07 6.51E-11 1.12E-05 4.63E+00
  3.25E+05 2.08E-10 8.67E-11 7.05E-10 2.21E-06 2.03E-07 3.97E-13 7.90E-07 2.32E-09 1.75E-07 4.48E-11 1.38E-05 4.54E+00
  4.25E+05 2.53E-10 6.83E-11 8.57E-10 1.74E-06 1.56E-07 2.60E-13 8.18E-07 2.05E-09 1.42E-07 3.82E-11 1.63E-05 4.47E+00
  5.25E+05 2.98E-10 5.01E-11 1.01E-09 1.28E-06 1.25E-07 1.83E-13 8.54E-07 1.89E-09 1.09E-07 3.37E-11 1.85E-05 4.42E+00
  6.25E+05 3.46E-10 3.29E-11 1.18E-09 8.39E-07 1.03E-07 1.37E-13 9.04E-07 1.82E-09 7.58E-08 3.07E-11 2.04E-05 4.38E+00
  7.25E+05 3.94E-10 1.97E-11 1.34E-09 5.04E-07 8.66E-08 1.08E-13 9.59E-07 1.81E-09 4.83E-08 2.87E-11 2.19E-05 4.35E+00
  8.25E+05 4.35E-10 1.20E-11 1.48E-09 3.05E-07 7.42E-08 8.80E-14 1.01E-06 1.80E-09 3.07E-08 2.73E-11 2.30E-05 4.33E+00
  9.25E+05 4.69E-10 7.67E-12 1.59E-09 1.96E-07 6.43E-08 7.36E-14 1.05E-06 1.81E-09 2.05E-08 2.63E-11 2.39E-05 4.31E+00
  1.02E+06 4.98E-10 5.22E-12 1.69E-09 1.33E-07 5.59E-08 6.25E-14 1.08E-06 1.83E-09 1.44E-08 2.57E-11 2.45E-05 4.30E+00

 NORMAL HENRYS LAW COEFFICIENTS


     Z        O        O2       H2O      H        OH       HO2      H2O2     H2       CO       HCO      H2CO     CH4      CH3      C2H6     NO       NO2      HNO      H2S     
  2.50E+04 0.00E+00 1.60E-03 0.00E+00 0.00E+00 5.64E+01 9.15E+03 2.34E+05 8.37E-04 1.20E-03 0.00E+00 8.31E+03 1.75E-03 0.00E+00 2.62E-03 2.35E-03 1.70E-02 0.00E+00 1.32E-01
  1.25E+05 0.00E+00 1.77E-03 0.00E+00 0.00E+00 7.59E+01 1.35E+04 3.82E+05 8.65E-04 1.31E-03 0.00E+00 1.30E+04 1.95E-03 0.00E+00 3.05E-03 2.59E-03 2.01E-02 0.00E+00 1.51E-01
  2.25E+05 0.00E+00 1.98E-03 0.00E+00 0.00E+00 1.06E+02 2.08E+04 6.56E+05 8.97E-04 1.44E-03 0.00E+00 2.14E+04 2.19E-03 0.00E+00 3.61E-03 2.89E-03 2.41E-02 0.00E+00 1.75E-01
  3.25E+05 0.00E+00 2.06E-03 0.00E+00 0.00E+00 1.19E+02 2.42E+04 7.95E+05 9.09E-04 1.49E-03 0.00E+00 2.55E+04 2.28E-03 0.00E+00 3.83E-03 3.00E-03 2.57E-02 0.00E+00 1.84E-01
  4.25E+05 0.00E+00 2.06E-03 0.00E+00 0.00E+00 1.19E+02 2.42E+04 7.95E+05 9.09E-04 1.49E-03 0.00E+00 2.55E+04 2.28E-03 0.00E+00 3.83E-03 3.00E-03 2.57E-02 0.00E+00 1.84E-01
  5.25E+05 0.00E+00 2.06E-03 0.00E+00 0.00E+00 1.19E+02 2.42E+04 7.95E+05 9.09E-04 1.49E-03 0.00E+00 2.55E+04 2.28E-03 0.00E+00 3.83E-03 3.00E-03 2.57E-02 0.00E+00 1.84E-01
  6.25E+05 0.00E+00 2.06E-03 0.00E+00 0.00E+00 1.19E+02 2.42E+04 7.95E+05 9.09E-04 1.49E-03 0.00E+00 2.55E+04 2.28E-03 0.00E+00 3.83E-03 3.00E-03 2.57E-02 0.00E+00 1.84E-01
  7.25E+05 0.00E+00 2.06E-03 0.00E+00 0.00E+00 1.19E+02 2.42E+04 7.95E+05 9.09E-04 1.49E-03 0.00E+00 2.55E+04 2.28E-03 0.00E+00 3.83E-03 3.00E-03 2.57E-02 0.00E+00 1.84E-01
  8.25E+05 0.00E+00 2.06E-03 0.00E+00 0.00E+00 1.19E+02 2.42E+04 7.95E+05 9.09E-04 1.49E-03 0.00E+00 2.55E+04 2.28E-03 0.00E+00 3.83E-03 3.00E-03 2.57E-02 0.00E+00 1.84E-01
  9.25E+05 0.00E+00 2.06E-03 0.00E+00 0.00E+00 1.19E+02 2.42E+04 7.95E+05 9.09E-04 1.49E-03 0.00E+00 2.55E+04 2.28E-03 0.00E+00 3.83E-03 3.00E-03 2.57E-02 0.00E+00 1.84E-01
  1.02E+06 0.00E+00 2.06E-03 0.00E+00 0.00E+00 1.19E+02 2.42E+04 7.95E+05 9.09E-04 1.49E-03 0.00E+00 2.55E+04 2.28E-03 0.00E+00 3.83E-03 3.00E-03 2.57E-02 0.00E+00 1.84E-01

     Z        HS       S        SO       SO2      H2SO4    HSO      S2       S4       S8       SO3      OCS      S3       O3       HNO3     N        NO3      N2O      HO2NO2  
  2.50E+04 1.00E+05 0.00E+00 1.90E-03 2.10E+00 7.00E+11 9.00E+03 0.00E+00 0.00E+00 0.00E+00 7.00E+11 2.95E-02 0.00E+00 0.00E+00 7.12E+05 0.00E+00 3.80E-02 3.60E-02 3.16E+04
  1.25E+05 1.00E+05 0.00E+00 1.90E-03 2.55E+00 7.00E+11 9.00E+03 0.00E+00 0.00E+00 0.00E+00 7.00E+11 3.39E-02 0.00E+00 0.00E+00 1.26E+06 0.00E+00 3.80E-02 4.27E-02 4.98E+04
  2.25E+05 1.00E+05 0.00E+00 1.90E-03 3.15E+00 7.00E+11 9.00E+03 0.00E+00 0.00E+00 0.00E+00 7.00E+11 3.96E-02 0.00E+00 0.00E+00 2.39E+06 0.00E+00 3.80E-02 5.17E-02 8.25E+04
  3.25E+05 1.00E+05 0.00E+00 1.90E-03 3.39E+00 7.00E+11 9.00E+03 0.00E+00 0.00E+00 0.00E+00 7.00E+11 4.18E-02 0.00E+00 0.00E+00 2.99E+06 0.00E+00 3.80E-02 5.53E-02 9.86E+04
  4.25E+05 1.00E+05 0.00E+00 1.90E-03 3.39E+00 7.00E+11 9.00E+03 0.00E+00 0.00E+00 0.00E+00 7.00E+11 4.18E-02 0.00E+00 0.00E+00 2.99E+06 0.00E+00 3.80E-02 5.53E-02 9.86E+04
  5.25E+05 1.00E+05 0.00E+00 1.90E-03 3.39E+00 7.00E+11 9.00E+03 0.00E+00 0.00E+00 0.00E+00 7.00E+11 4.18E-02 0.00E+00 0.00E+00 2.99E+06 0.00E+00 3.80E-02 5.53E-02 9.86E+04
  6.25E+05 1.00E+05 0.00E+00 1.90E-03 3.39E+00 7.00E+11 9.00E+03 0.00E+00 0.00E+00 0.00E+00 7.00E+11 4.18E-02 0.00E+00 0.00E+00 2.99E+06 0.00E+00 3.80E-02 5.53E-02 9.86E+04
  7.25E+05 1.00E+05 0.00E+00 1.90E-03 3.39E+00 7.00E+11 9.00E+03 0.00E+00 0.00E+00 0.00E+00 7.00E+11 4.18E-02 0.00E+00 0.00E+00 2.99E+06 0.00E+00 3.80E-02 5.53E-02 9.86E+04
  8.25E+05 1.00E+05 0.00E+00 1.90E-03 3.39E+00 7.00E+11 9.00E+03 0.00E+00 0.00E+00 0.00E+00 7.00E+11 4.18E-02 0.00E+00 0.00E+00 2.99E+06 0.00E+00 3.80E-02 5.53E-02 9.86E+04
  9.25E+05 1.00E+05 0.00E+00 1.90E-03 3.39E+00 7.00E+11 9.00E+03 0.00E+00 0.00E+00 0.00E+00 7.00E+11 4.18E-02 0.00E+00 0.00E+00 2.99E+06 0.00E+00 3.80E-02 5.53E-02 9.86E+04
  1.02E+06 1.00E+05 0.00E+00 1.90E-03 3.39E+00 7.00E+11 9.00E+03 0.00E+00 0.00E+00 0.00E+00 7.00E+11 4.18E-02 0.00E+00 0.00E+00 2.99E+06 0.00E+00 3.80E-02 5.53E-02 9.86E+04

     Z        N2O5     CO2      SO4AER   S8AER   
  2.50E+04 3.60E-02 0.00E+00 7.00E+11 7.00E+11
  1.25E+05 4.27E-02 0.00E+00 7.00E+11 7.00E+11
  2.25E+05 5.17E-02 0.00E+00 7.00E+11 7.00E+11
  3.25E+05 5.53E-02 0.00E+00 7.00E+11 7.00E+11
  4.25E+05 5.53E-02 0.00E+00 7.00E+11 7.00E+11
  5.25E+05 5.53E-02 0.00E+00 7.00E+11 7.00E+11
  6.25E+05 5.53E-02 0.00E+00 7.00E+11 7.00E+11
  7.25E+05 5.53E-02 0.00E+00 7.00E+11 7.00E+11
  8.25E+05 5.53E-02 0.00E+00 7.00E+11 7.00E+11
  9.25E+05 5.53E-02 0.00E+00 7.00E+11 7.00E+11
  1.02E+06 5.53E-02 0.00E+00 7.00E+11 7.00E+11

 ENHANCEMENTS OF HENRYS LAW COEFFICIENTS


     Z        O        O2       H2O      H        OH       HO2      H2O2     H2       CO       HCO      H2CO     CH4      CH3      C2H6     NO       NO2      HNO      H2S     
  2.50E+04 1.00E+00 1.00E+00 1.00E+00 1.00E+00 1.00E+00 1.00E+00 1.00E+00 1.00E+00 1.00E+00 1.00E+00 1.02E+00 1.00E+00 1.00E+00 1.00E+00 1.00E+00 1.00E+00 1.00E+00 1.01E+00
  1.25E+05 1.00E+00 1.00E+00 1.00E+00 1.00E+00 1.00E+00 1.00E+00 1.00E+00 1.00E+00 1.00E+00 1.00E+00 1.04E+00 1.00E+00 1.00E+00 1.00E+00 1.00E+00 1.00E+00 1.00E+00 1.01E+00
  2.25E+05 1.00E+00 1.00E+00 1.00E+00 1.00E+00 1.00E+00 1.00E+00 1.00E+00 1.00E+00 1.00E+00 1.00E+00 1.07E+00 1.00E+00 1.00E+00 1.00E+00 1.00E+00 1.00E+00 1.00E+00 1.00E+00
  3.25E+05 1.00E+00 1.00E+00 1.00E+00 1.00E+00 1.00E+00 1.00E+00 1.00E+00 1.00E+00 1.00E+00 1.00E+00 1.08E+00 1.00E+00 1.00E+00 1.00E+00 1.00E+00 1.00E+00 1.00E+00 1.00E+00
  4.25E+05 1.00E+00 1.00E+00 1.00E+00 1.00E+00 1.00E+00 1.00E+00 1.00E+00 1.00E+00 1.00E+00 1.00E+00 1.08E+00 1.00E+00 1.00E+00 1.00E+00 1.00E+00 1.00E+00 1.00E+00 1.00E+00
  5.25E+05 1.00E+00 1.00E+00 1.00E+00 1.00E+00 1.00E+00 1.00E+00 1.00E+00 1.00E+00 1.00E+00 1.00E+00 1.09E+00 1.00E+00 1.00E+00 1.00E+00 1.00E+00 1.00E+00 1.00E+00 1.00E+00
  6.25E+05 1.00E+00 1.00E+00 1.00E+00 1.00E+00 1.00E+00 1.00E+00 1.00E+00 1.00E+00 1.00E+00 1.00E+00 1.09E+00 1.00E+00 1.00E+00 1.00E+00 1.00E+00 1.00E+00 1.00E+00 1.00E+00
  7.25E+05 1.00E+00 1.00E+00 1.00E+00 1.00E+00 1.00E+00 1.00E+00 1.00E+00 1.00E+00 1.00E+00 1.00E+00 1.10E+00 1.00E+00 1.00E+00 1.00E+00 1.00E+00 1.00E+00 1.00E+00 1.00E+00
  8.25E+05 1.00E+00 1.00E+00 1.00E+00 1.00E+00 1.00E+00 1.00E+00 1.00E+00 1.00E+00 1.00E+00 1.00E+00 1.10E+00 1.00E+00 1.00E+00 1.00E+00 1.00E+00 1.00E+00 1.00E+00 1.00E+00
  9.25E+05 1.00E+00 1.00E+00 1.00E+00 1.00E+00 1.00E+00 1.00E+00 1.00E+00 1.00E+00 1.00E+00 1.00E+00 1.10E+00 1.00E+00 1.00E+00 1.00E+00 1.00E+00 1.00E+00 1.00E+00 1.00E+00
  1.02E+06 1.00E+00 1.00E+00 1.00E+00 1.00E+00 1.00E+00 1.00E+00 1.00E+00 1.00E+00 1.00E+00 1.00E+00 1.11E+00 1.00E+00 1.00E+00 1.00E+00 1.00E+00 1.00E+00 1.00E+00 1.00E+00

     Z        HS       S        SO       SO2      H2SO4    HSO      S2       S4       S8       SO3      OCS      S3       O3       HNO3     N        NO3      N2O      HO2NO2  
  2.50E+04 1.00E+00 1.00E+00 1.00E+00 1.52E+03 1.00E+00 1.00E+00 1.00E+00 1.00E+00 1.00E+00 1.00E+00 1.00E+00 1.00E+00 1.00E+00 1.00E+00 1.00E+00 1.00E+00 1.00E+00 1.00E+00
  1.25E+05 1.00E+00 1.00E+00 1.00E+00 1.66E+03 1.00E+00 1.00E+00 1.00E+00 1.00E+00 1.00E+00 1.00E+00 1.00E+00 1.00E+00 1.00E+00 1.00E+00 1.00E+00 1.00E+00 1.00E+00 1.00E+00
  2.25E+05 1.00E+00 1.00E+00 1.00E+00 1.62E+03 1.00E+00 1.00E+00 1.00E+00 1.00E+00 1.00E+00 1.00E+00 1.00E+00 1.00E+00 1.00E+00 1.00E+00 1.00E+00 1.00E+00 1.00E+00 1.00E+00
  3.25E+05 1.00E+00 1.00E+00 1.00E+00 1.37E+03 1.00E+00 1.00E+00 1.00E+00 1.00E+00 1.00E+00 1.00E+00 1.00E+00 1.00E+00 1.00E+00 1.00E+00 1.00E+00 1.00E+00 1.00E+00 1.00E+00
  4.25E+05 1.00E+00 1.00E+00 1.00E+00 1.12E+03 1.00E+00 1.00E+00 1.00E+00 1.00E+00 1.00E+00 1.00E+00 1.00E+00 1.00E+00 1.00E+00 1.00E+00 1.00E+00 1.00E+00 1.00E+00 1.00E+00
  5.25E+05 1.00E+00 1.00E+00 1.00E+00 9.53E+02 1.00E+00 1.00E+00 1.00E+00 1.00E+00 1.00E+00 1.00E+00 1.00E+00 1.00E+00 1.00E+00 1.00E+00 1.00E+00 1.00E+00 1.00E+00 1.00E+00
  6.25E+05 1.00E+00 1.00E+00 1.00E+00 8.36E+02 1.00E+00 1.00E+00 1.00E+00 1.00E+00 1.00E+00 1.00E+00 1.00E+00 1.00E+00 1.00E+00 1.00E+00 1.00E+00 1.00E+00 1.00E+00 1.00E+00
  7.25E+05 1.00E+00 1.00E+00 1.00E+00 7.56E+02 1.00E+00 1.00E+00 1.00E+00 1.00E+00 1.00E+00 1.00E+00 1.00E+00 1.00E+00 1.00E+00 1.00E+00 1.00E+00 1.00E+00 1.00E+00 1.00E+00
  8.25E+05 1.00E+00 1.00E+00 1.00E+00 7.05E+02 1.00E+00 1.00E+00 1.00E+00 1.00E+00 1.00E+00 1.00E+00 1.00E+00 1.00E+00 1.00E+00 1.00E+00 1.00E+00 1.00E+00 1.00E+00 1.00E+00
  9.25E+05 1.00E+00 1.00E+00 1.00E+00 6.73E+02 1.00E+00 1.00E+00 1.00E+00 1.00E+00 1.00E+00 1.00E+00 1.00E+00 1.00E+00 1.00E+00 1.00E+00 1.00E+00 1.00E+00 1.00E+00 1.00E+00
  1.02E+06 1.00E+00 1.00E+00 1.00E+00 6.53E+02 1.00E+00 1.00E+00 1.00E+00 1.00E+00 1.00E+00 1.00E+00 1.00E+00 1.00E+00 1.00E+00 1.00E+00 1.00E+00 1.00E+00 1.00E+00 1.00E+00

     Z        N2O5     CO2      SO4AER   S8AER   
  2.50E+04 1.00E+00 1.00E+00 1.00E+00 1.00E+00
  1.25E+05 1.00E+00 1.00E+00 1.00E+00 1.00E+00
  2.25E+05 1.00E+00 1.00E+00 1.00E+00 1.00E+00
  3.25E+05 1.00E+00 1.00E+00 1.00E+00 1.00E+00
  4.25E+05 1.00E+00 1.00E+00 1.00E+00 1.00E+00
  5.25E+05 1.00E+00 1.00E+00 1.00E+00 1.00E+00
  6.25E+05 1.00E+00 1.00E+00 1.00E+00 1.00E+00
  7.25E+05 1.00E+00 1.00E+00 1.00E+00 1.00E+00
  8.25E+05 1.00E+00 1.00E+00 1.00E+00 1.00E+00
  9.25E+05 1.00E+00 1.00E+00 1.00E+00 1.00E+00
  1.02E+06 1.00E+00 1.00E+00 1.00E+00 1.00E+00

 GIORGI AND CHAMEIDES RAINOUT RATES


     Z        O        O2       H2O      H        OH       HO2      H2O2     H2       CO       HCO      H2CO     CH4      CH3      C2H6     NO       NO2      HNO      H2S     
  2.50E+04 0.00E+00 2.69E-13 0.00E+00 0.00E+00 9.43E-09 9.97E-07 2.29E-06 1.40E-13 2.01E-13 0.00E+00 9.47E-07 2.94E-13 0.00E+00 4.40E-13 3.93E-13 2.86E-12 0.00E+00 2.23E-11
  1.25E+05 0.00E+00 3.26E-13 0.00E+00 0.00E+00 1.39E-08 1.34E-06 2.38E-06 1.59E-13 2.41E-13 0.00E+00 1.34E-06 3.58E-13 0.00E+00 5.62E-13 4.77E-13 3.70E-12 0.00E+00 2.80E-11
  2.25E+05 0.00E+00 2.72E-13 0.00E+00 0.00E+00 1.44E-08 1.03E-06 1.33E-06 1.24E-13 1.98E-13 0.00E+00 1.06E-06 3.01E-13 0.00E+00 4.98E-13 3.98E-13 3.32E-12 0.00E+00 2.42E-11
  3.25E+05 0.00E+00 2.03E-13 0.00E+00 0.00E+00 1.16E-08 7.00E-07 8.19E-07 8.97E-14 1.47E-13 0.00E+00 7.18E-07 2.25E-13 0.00E+00 3.78E-13 2.96E-13 2.54E-12 0.00E+00 1.82E-11
  4.25E+05 0.00E+00 1.39E-13 0.00E+00 0.00E+00 7.95E-09 4.93E-07 5.83E-07 6.15E-14 1.01E-13 0.00E+00 5.07E-07 1.54E-13 0.00E+00 2.60E-13 2.03E-13 1.74E-12 0.00E+00 1.25E-11
  5.25E+05 0.00E+00 9.12E-14 0.00E+00 0.00E+00 5.21E-09 3.60E-07 4.49E-07 4.03E-14 6.60E-14 0.00E+00 3.72E-07 1.01E-13 0.00E+00 1.70E-13 1.33E-13 1.14E-12 0.00E+00 8.19E-12
  6.25E+05 0.00E+00 5.70E-14 0.00E+00 0.00E+00 3.27E-09 2.61E-07 3.60E-07 2.52E-14 4.13E-14 0.00E+00 2.73E-07 6.33E-14 0.00E+00 1.06E-13 8.34E-14 7.15E-13 0.00E+00 5.13E-12
  7.25E+05 0.00E+00 3.41E-14 0.00E+00 0.00E+00 1.96E-09 1.82E-07 2.89E-07 1.51E-14 2.47E-14 0.00E+00 1.93E-07 3.79E-14 0.00E+00 6.36E-14 4.98E-14 4.27E-13 0.00E+00 3.06E-12
  8.25E+05 0.00E+00 1.95E-14 0.00E+00 0.00E+00 1.12E-09 1.21E-07 2.29E-07 8.61E-15 1.41E-14 0.00E+00 1.30E-07 2.16E-14 0.00E+00 3.63E-14 2.85E-14 2.44E-13 0.00E+00 1.75E-12
  9.25E+05 0.00E+00 1.06E-14 0.00E+00 0.00E+00 6.11E-10 7.51E-08 1.73E-07 4.70E-15 7.69E-15 0.00E+00 8.19E-08 1.18E-14 0.00E+00 1.98E-14 1.55E-14 1.33E-13 0.00E+00 9.55E-13
  1.02E+06 0.00E+00 5.59E-15 0.00E+00 0.00E+00 3.21E-10 4.28E-08 1.14E-07 2.47E-15 4.04E-15 0.00E+00 4.72E-08 6.20E-15 0.00E+00 1.04E-14 8.16E-15 7.00E-14 0.00E+00 5.02E-13

     Z        HS       S        SO       SO2      H2SO4    HSO      S2       S4       S8       SO3      OCS      S3       O3       HNO3     N        NO3      N2O      HO2NO2  
  2.50E+04 2.18E-06 0.00E+00 3.19E-13 4.53E-07 2.37E-06 9.86E-07 0.00E+00 0.00E+00 0.00E+00 2.37E-06 4.95E-12 0.00E+00 0.00E+00 2.35E-06 0.00E+00 6.37E-12 6.04E-12 1.77E-06
  1.25E+05 2.25E-06 0.00E+00 3.50E-13 6.20E-07 2.42E-06 1.06E-06 0.00E+00 0.00E+00 0.00E+00 2.42E-06 6.24E-12 0.00E+00 0.00E+00 2.40E-06 0.00E+00 6.99E-12 7.87E-12 2.06E-06
  2.25E+05 1.29E-06 0.00E+00 2.62E-13 5.05E-07 1.34E-06 7.23E-07 0.00E+00 0.00E+00 0.00E+00 1.34E-06 5.45E-12 0.00E+00 0.00E+00 1.34E-06 0.00E+00 5.23E-12 7.12E-12 1.28E-06
  3.25E+05 8.04E-07 0.00E+00 1.88E-13 3.27E-07 8.20E-07 4.89E-07 0.00E+00 0.00E+00 0.00E+00 8.20E-07 4.12E-12 0.00E+00 0.00E+00 8.20E-07 0.00E+00 3.75E-12 5.46E-12 8.03E-07
  4.25E+05 5.72E-07 0.00E+00 1.29E-13 1.96E-07 5.84E-07 3.41E-07 0.00E+00 0.00E+00 0.00E+00 5.84E-07 2.83E-12 0.00E+00 0.00E+00 5.84E-07 0.00E+00 2.57E-12 3.74E-12 5.71E-07
  5.25E+05 4.35E-07 0.00E+00 8.43E-14 1.16E-07 4.50E-07 2.37E-07 0.00E+00 0.00E+00 0.00E+00 4.50E-07 1.85E-12 0.00E+00 0.00E+00 4.50E-07 0.00E+00 1.69E-12 2.45E-12 4.35E-07
  6.25E+05 3.40E-07 0.00E+00 5.27E-14 6.74E-08 3.62E-07 1.61E-07 0.00E+00 0.00E+00 0.00E+00 3.62E-07 1.16E-12 0.00E+00 0.00E+00 3.61E-07 0.00E+00 1.05E-12 1.53E-12 3.39E-07
  7.25E+05 2.61E-07 0.00E+00 3.15E-14 3.80E-08 2.93E-07 1.04E-07 0.00E+00 0.00E+00 0.00E+00 2.93E-07 6.93E-13 0.00E+00 0.00E+00 2.92E-07 0.00E+00 6.31E-13 9.17E-13 2.61E-07
  8.25E+05 1.94E-07 0.00E+00 1.80E-14 2.09E-08 2.35E-07 6.43E-08 0.00E+00 0.00E+00 0.00E+00 2.35E-07 3.96E-13 0.00E+00 0.00E+00 2.34E-07 0.00E+00 3.60E-13 5.24E-13 1.94E-07
  9.25E+05 1.36E-07 0.00E+00 9.83E-15 1.11E-08 1.81E-07 3.73E-08 0.00E+00 0.00E+00 0.00E+00 1.81E-07 2.16E-13 0.00E+00 0.00E+00 1.79E-07 0.00E+00 1.97E-13 2.86E-13 1.35E-07
  1.02E+06 8.39E-08 0.00E+00 5.16E-15 5.74E-09 1.21E-07 2.04E-08 0.00E+00 0.00E+00 0.00E+00 1.21E-07 1.14E-13 0.00E+00 0.00E+00 1.19E-07 0.00E+00 1.03E-13 1.50E-13 8.36E-08

     Z        N2O5     CO2      SO4AER   S8AER   
  2.50E+04 6.04E-12 0.00E+00 2.37E-06 2.37E-06
  1.25E+05 7.87E-12 0.00E+00 2.42E-06 2.42E-06
  2.25E+05 7.12E-12 0.00E+00 1.34E-06 1.34E-06
  3.25E+05 5.46E-12 0.00E+00 8.20E-07 8.20E-07
  4.25E+05 3.74E-12 0.00E+00 5.84E-07 5.84E-07
  5.25E+05 2.45E-12 0.00E+00 4.50E-07 4.50E-07
  6.25E+05 1.53E-12 0.00E+00 3.62E-07 3.62E-07
  7.25E+05 9.17E-13 0.00E+00 2.93E-07 2.93E-07
  8.25E+05 5.24E-13 0.00E+00 2.35E-07 2.35E-07
  9.25E+05 2.86E-13 0.00E+00 1.81E-07 1.81E-07
  1.02E+06 1.50E-13 0.00E+00 1.21E-07 1.21E-07

 RAINOUT RATE, PHIDEP, TLOSS, LOWER B.C. and vdep

 FOLLOWED BY TP, TL, FUP, FLOW, CON


     Z        O        O2       H2O      H        OH       HO2      H2O2     H2       CO       HCO      H2CO     CH4      CH3      C2H6     NO       NO2      HNO      H2S     
           0.00E+00 2.27E+11 0.00E+00 0.00E+00 7.75E+03 1.12E+08 1.77E+10 6.77E+05 1.97E+05 0.00E+00 1.94E+09 5.35E+06 0.00E+00 1.85E-13 1.46E+01 1.61E+02 0.00E+00 8.07E+02
           1.82E+03 0.00E+00 0.00E+00 2.51E-01 1.06E+06 2.71E+08 5.32E+09 3.17E+09 3.29E+08 9.93E-03 1.16E+09 0.00E+00 8.98E-02 0.00E+00 1.52E+04 2.97E+05 4.26E+02 4.57E+06
           1.82E+03 2.27E+11 0.00E+00 2.51E-01 1.07E+06 3.83E+08 2.30E+10 3.17E+09 3.29E+08 9.93E-03 3.10E+09 5.35E+06 8.98E-02 1.85E-13 1.52E+04 2.98E+05 4.26E+02 4.57E+06
              0        1        0        0        0        0        0        1        1        0        0        1        0        0        0        0        0        2
           1.00E+00 0.00E+00 0.00E+00 1.00E+00 1.00E+00 1.00E+00 2.00E-01 2.40E-04 1.20E-04 1.00E+00 2.00E-01 0.00E+00 1.00E+00 0.00E+00 3.00E-04 3.00E-03 1.00E+00 2.00E-02

           2.36E+15 2.43E+15 4.47E+10 2.91E+12 3.55E+12 2.65E+12 8.18E+10 4.92E+10 1.03E+11 5.31E+10 1.04E+11 8.08E+02 1.04E+11 8.14E-02 2.30E+13 2.31E+13 2.50E+05 7.50E+05
           2.36E+15 2.43E+15 3.29E+10 2.91E+12 3.55E+12 2.65E+12 7.65E+10 3.38E+10 2.49E+11 5.31E+10 1.03E+11 1.04E+11 1.04E+11 8.14E-02 2.30E+13 2.31E+13 2.49E+05 2.01E+08
           6.87E-03 3.54E-03 0.00E+00 1.34E+08-1.01E-05-8.98E-07-3.80E-19 9.92E+07 2.13E-04-2.93E-08-1.47E-08-6.18E-11-1.46E-08-2.68E-19 1.26E-07 1.21E-10-2.24E-14-3.41E-34
          -1.81E+03 5.44E+11 1.01E+13-4.45E-01-1.06E+06-2.71E+08-5.32E+09-1.53E+10 1.46E+11-4.72E-02-1.16E+09 1.04E+11-1.80E-01-1.05E-19-1.52E+04-2.97E+05-4.26E+02 2.00E+08
          -4.39E+03-9.76E+03 1.01E+13-3.82E-01-2.41E+00-2.49E-01 1.35E-01-1.00E-01-1.01E+00-2.23E-01 2.67E-01-7.86E-01-9.81E-02 2.97E-15-2.39E+01 2.40E+01 3.13E-07 4.93E-04

     Z        HS       S        SO       SO2      H2SO4    HSO      S2       S4       S8       SO3      OCS      S3       O3       HNO3     N        NO3      N2O      HO2NO2  
           1.85E+02 0.00E+00 5.88E-07 8.23E+08 1.94E+08 2.84E+06 0.00E+00 0.00E+00 0.00E+00 1.90E+01 2.71E-08 0.00E+00 0.00E+00 5.87E+08 0.00E+00 1.97E-02 2.04E+07 4.46E+07
           0.00E+00 0.00E+00 0.00E+00 1.68E+09 9.91E+07 1.49E+07 0.00E+00 0.00E+00 0.00E+00 0.00E+00 0.00E+00 0.00E+00 2.08E+10 1.08E+08 0.00E+00 0.00E+00 0.00E+00 4.23E+05
           1.85E+02 0.00E+00 5.88E-07 2.50E+09 2.93E+08 1.78E+07 0.00E+00 0.00E+00 0.00E+00 1.90E+01 2.71E-08 0.00E+00 2.08E+10 6.95E+08 0.00E+00 1.97E-02 2.04E+07 4.51E+07
              0        0        0        3        0        0        0        0        0        0        0        0        0        0        0        0        1        0
           0.00E+00 0.00E+00 0.00E+00 1.00E+00 1.00E+00 1.00E+00 0.00E+00 0.00E+00 0.00E+00 0.00E+00 0.00E+00 0.00E+00 7.00E-02 2.00E-01 0.00E+00 0.00E+00 0.00E+00 2.00E-01

           1.75E+08 4.14E+02 3.82E+08 6.37E+11 6.68E+09 1.26E+08 7.43E-16 2.39E-38 2.81E-90 6.68E+09 1.67E-05 3.12E-35 2.35E+15 1.39E+10 1.21E+08 3.42E+10 1.20E+06 2.55E+10
           1.75E+08 4.14E+02 3.82E+08 6.44E+11 6.58E+09 1.11E+08 7.43E-16 2.39E-38 2.81E-90 6.68E+09 1.67E-05 3.12E-35 2.35E+15 1.37E+10 2.21E+08 3.42E+10 1.62E+09 2.55E+10
          -8.41E-22-6.13E-12-6.47E-12-2.30E-12 2.50E-15-6.75E-18-4.55E-38-1.13E-86 1.60-109-2.19E-17-6.70E-25-8.82E-63 1.10E-04-3.31E-26-1.00E+08 7.85E-17 3.48E-13-9.31E-28
          -3.59E-04-4.74E-12-2.19E-04-1.68E+09-9.91E+07-1.49E+07-9.15E-27-2.99E-49-6.74-101-2.26E-04-4.73E-17-4.91E-46-2.08E+10-1.08E+08 1.42-160 3.98E-04 1.62E+09-4.23E+05
          -3.59E-04-3.24E-09-6.14E-03-9.00E+09 4.28E-05 8.63E-05-3.72E-28-2.50E-49-4.51-100-2.33E-04-3.31E-16-4.40E-46 4.39E+03 5.05E-02-1.56E-05 1.51E-02 6.08E-03 2.08E-02

     Z        N2O5     CO2      SO4AER   S8AER   
           1.18E-02 0.00E+00 6.31E+09 1.71E-19
           0.00E+00 2.48E+11 6.24E+07 2.61E-21
           1.18E-02 2.48E+11 6.38E+09 1.74E-19
              0        3        0        0
           0.00E+00 5.00E-05 1.25E-02 1.05E-02

           2.63E+08 2.49E+11 6.39E+09 0.00E+00
           2.63E+08 1.96E+09 6.31E+09 1.71E-19
           1.98E-35-1.95E-06-7.16E-23-8.46E-23
           1.04E-06-2.48E+11-7.52E+07 2.95E-20
           9.44E-04-6.87E+08 1.38E-04-1.41E-19

 CONSERVATION OF SULFUR:
     S loss = 9.200E+09  S prod = 9.200000E+09  SO4LOS = 6.669705E+09  8 S8LOSS = 1.389089E-18  sulrain = 7.334E+09   Difference = 1.526E-02

                    OxidOut =  1.4271E-02
                    RedOut  =  1.6626E+08
                       / \
                      /\
  OxidUp = 1.4277E-02 |
  RedUp  = 1.6626E+08 | |
-----------------------|-|----------------
                       | | OxidDown = -6.3849E-06
                         | RedDown  = -1.2479E-07
                         \/
/\
 | OxidDist = 0.0000E+00
 | RedDist  = 0.0000E+00
 |                             /\
 | | OxidRain = 4.8012E+11     | OxidAtm = 1.0894E+12
 | | RedRain  = 3.9118E+09     | RedAtm  = 5.6249E+11
---|--------------------------|-|---------
  \/  OxidOcean = -6.8536E+10| |
      RedOcean  = -1.7651E+10|
                             \/
                              \ /
                         OxidFlow =  1.0209E+12
                         RedFlow  =  5.4484E+11

    global imbalance (ocean)    =  1.6627E+08
    global imbalance (dist-fup) =  1.6626E+08

old redox budget numbers:
     OxidIn = 1.020882E+12  OxidOut = 1.427086E-02  RedIn = 5.448393E+11  RedOut = 1.662555E+08  RedRain = 3.911822E+09  OxidRain = 4.801208E+11   redox = 1.072359E+04

 INTEGRATED REACTION RATES

         1         2         3         4         5         6         7         8         9        10
  1   6.975E+10 1.057E+09 6.695E+07 3.270E+10 7.920E+11 2.106E+12 1.045E+09 2.424E+08 1.091E+10 2.594E+12   10
 11   4.880E+10 4.410E+11 1.926E+12 1.180E+11 8.178E+10 2.536E+10 3.896E+10 2.355E+15 7.724E+11 5.452E+08   20
 21   6.045E+14 6.837E+13 2.968E+11 4.790E+12 4.680E+09 2.257E+08 3.385E+08 6.726E+14 1.657E+15 2.295E+11   30
 31   1.053E+04 1.344E+04 1.545E-06 1.164E+02 1.266E+06 1.266E+06 3.341E+10 9.584E+08 1.006E+09 2.491E+11   40
 41   8.733E+05 4.768E+10 2.876E+10 3.300E+03 1.181E+05 6.409E+05 5.311E+10 2.386E+10 4.320E+05 2.440E+07   50
 51   4.499E+08 2.318E+06 3.906E+09 3.032E+07 3.289E+07 5.591E+06 0.000E+00 8.663E-03 6.627E+09 9.391E+09   60
 61   3.416E+08 2.452E+08 1.207E+08 2.042E+09 2.129E+13 1.021E+11 1.514E+09 1.009E+08 1.138E+01 7.242E+06   70
 71   2.309E+07 4.854E+01 1.786E-08 2.807E+07 1.037E+11 2.799E+07 8.140E-02 8.442E+03 8.075E+02 5.011E-04   80
 81   1.171E-06 8.589E-05 5.559E+04 2.547E+02 1.463E+08 5.797E+04 6.940E+06 6.534E+07 2.263E+13 7.337E+09   90
 91   3.551E+11 6.095E+09 1.705E+12 1.385E+10 8.026E+07 3.176E+09 3.885E+02 1.893E+05 8.571E+00 5.327E+04  100
101   6.794E+03 7.254E+07 6.422E+07 1.399E+03 5.633E+02 6.042E+05 5.087E+02 5.686E-02 1.341E-02 2.466E-03  110
111   1.916E-05 7.443E-03 1.515E-07 1.831E-14 4.875E-19 6.528E-02 4.130E+02 1.748E+01 1.998E+08 6.309E+11  120
121   5.762E+09 3.596E+08 3.312E+04 6.422E+02 2.101E+04 6.678E+09 2.883E+06 6.682E+09 6.678E+09 1.988E-01  130
131   1.880E-07 9.054E-02 1.752E+08 6.505E+00 1.135E+03 3.718E+01 7.413E+07 2.438E+05 7.186E-01 1.906E-05  140
141   1.321E-03 7.426E-16 4.137E+02 6.050E-05 9.744E-13 2.051E-06 2.051E-06 9.605E-26 0.000E+00 1.527E-18  150
151   4.744E+05 7.410E-16 0.000E+00 3.117E-35 2.389E-38 9.752E-59 2.805E-90 2.389E-38 3.117E-35 0.000E+00  160
161   0.000E+00 2.805E-90 8.617E+02 5.734E+10 5.734E+11 1.541E+07 2.260E+08 4.816E+05 1.893E+02 6.303E+10  170
171   8.226E+07 2.418E+01 6.032E+06 1.643E+07 6.234E+05 9.965E+07 6.792E+05 5.093E-02 1.845E-04 2.004E-03  180
181   3.891E-09 3.312E+04 1.702E-06 2.248E-03 7.464E+01 1.939E+05 1.077E+08 1.736E+01 8.679E+00 3.170E+04  190
191   2.536E+05 6.434E-11 0.000E+00 1.375E-11 1.674E-05 1.031E-06 3.213E-12 5.739E-21 1.143E-05 7.795E-12  200
201   9.674E-11 4.254E-06 2.860E+07 0.000E+00 2.553E+07 2.843E-21 6.298E-40 0.000E+00 0.000E+00 2.843E-21  210
211   1.553E+08 9.248E+06 8.765E+09 1.502E+10 1.623E+07 2.905E+09 2.207E+10 1.197E+06 0.000E+00 4.639E+07  220
221   7.258E+07 1.485E+09 8.794E+05 3.409E+04 2.634E+08 1.147E+06 5.274E+04 1.504E+10 3.556E-01 2.548E+10  230
231   8.256E+04 3.741E+09 1.836E+10 2.659E+09 6.794E+08 4.057E+07 2.216E+08 1.770E+06 1.758E+07
         1         2         3         4         5         6         7         8         9        10

 PHOTOCHEMICAL EQUILIBRIUM AND INERT SPECIES

     Z        HNO2     O1D      CH21     CH23     C2H5     SO21     SO23     HSO3     OCS2     N2      
  2.50E+04 8.07E+05 2.40E-03 1.10E-28 3.47E-27 1.41E-20 2.15E-04 1.62E-03 2.09E-03 5.07E-28 2.23E+19
  1.25E+05 8.31E+05 3.01E-03 1.70E-27 5.63E-26 1.39E-20 4.84E-04 3.64E-03 4.49E-03 1.24E-28 2.03E+19
  2.25E+05 9.39E+05 3.84E-03 2.30E-26 8.09E-25 1.36E-20 7.52E-04 5.62E-03 6.84E-03 2.86E-29 1.84E+19
  3.25E+05 1.10E+06 4.92E-03 2.49E-25 9.31E-24 1.31E-20 1.03E-03 7.69E-03 9.21E-03 6.13E-30 1.66E+19
  4.25E+05 1.28E+06 6.22E-03 2.12E-24 8.46E-23 1.21E-20 1.33E-03 9.92E-03 1.16E-02 1.26E-30 1.50E+19
  5.25E+05 1.31E+06 7.68E-03 1.34E-23 5.81E-22 1.05E-20 1.67E-03 1.24E-02 1.36E-02 2.47E-31 1.36E+19
  6.25E+05 1.00E+06 9.27E-03 6.06E-23 2.87E-21 7.86E-21 2.05E-03 1.52E-02 1.41E-02 4.45E-32 1.23E+19
  7.25E+05 6.88E+05 1.10E-02 2.07E-22 1.09E-20 5.45E-21 2.46E-03 1.82E-02 1.35E-02 8.46E-33 1.11E+19
  8.25E+05 6.93E+05 1.28E-02 6.46E-22 3.86E-20 4.11E-21 2.87E-03 2.11E-02 1.42E-02 2.76E-33 1.00E+19
  9.25E+05 9.84E+05 1.47E-02 1.91E-21 1.31E-19 3.46E-21 3.25E-03 2.39E-02 1.65E-02 3.78E-33 9.00E+18
  1.02E+06 1.36E+06 1.70E-02 5.32E-21 4.16E-19 3.06E-21 3.64E-03 2.67E-02 1.94E-02 2.32E-32 8.01E+18
  1.12E+06 1.51E+06 2.15E-02 1.75E-20 1.40E-18 3.07E-21 4.19E-03 3.07E-02 2.05E-02 1.90E-31 6.89E+18
  1.22E+06 1.58E+06 3.30E-02 4.61E-20 3.76E-18 3.14E-21 5.36E-03 3.92E-02 2.10E-02 1.75E-30 5.91E+18
  1.32E+06 1.48E+06 5.55E-02 1.04E-19 8.54E-18 3.43E-21 7.16E-03 5.23E-02 2.05E-02 1.42E-29 5.05E+18
  1.42E+06 1.37E+06 1.02E-01 2.26E-19 1.85E-17 4.47E-21 9.66E-03 7.05E-02 1.99E-02 1.00E-28 4.31E+18
  1.52E+06 1.33E+06 1.73E-01 5.59E-19 4.57E-17 6.78E-21 1.16E-02 8.44E-02 1.99E-02 5.43E-28 3.67E+18
  1.62E+06 1.32E+06 2.78E-01 1.47E-18 1.19E-16 1.10E-20 1.24E-02 8.98E-02 1.91E-02 2.35E-27 3.13E+18
  1.72E+06 1.34E+06 4.22E-01 3.95E-18 3.17E-16 1.83E-20 1.16E-02 8.42E-02 1.70E-02 8.13E-27 2.66E+18
  1.82E+06 1.39E+06 6.12E-01 1.08E-17 8.58E-16 3.07E-20 9.40E-03 6.78E-02 1.35E-02 2.18E-26 2.27E+18
  1.92E+06 1.47E+06 8.59E-01 2.97E-17 2.33E-15 5.22E-20 6.06E-03 4.36E-02 8.71E-03 4.18E-26 1.93E+18
  2.02E+06 1.59E+06 1.18E+00 8.17E-17 6.31E-15 8.95E-20 2.96E-03 2.12E-02 4.36E-03 5.35E-26 1.65E+18
  2.12E+06 1.76E+06 1.58E+00 2.23E-16 1.70E-14 1.56E-19 1.38E-03 9.85E-03 2.11E-03 5.74E-26 1.40E+18
  2.22E+06 1.99E+06 2.10E+00 6.04E-16 4.52E-14 2.76E-19 6.42E-04 4.55E-03 1.03E-03 5.37E-26 1.20E+18
  2.32E+06 2.27E+06 2.77E+00 1.61E-15 1.18E-13 4.98E-19 2.98E-04 2.10E-03 5.05E-04 4.41E-26 1.02E+18
  2.42E+06 2.59E+06 3.63E+00 4.23E-15 3.04E-13 9.16E-19 1.38E-04 9.67E-04 2.47E-04 3.19E-26 8.70E+17
  2.52E+06 2.92E+06 4.72E+00 1.09E-14 7.66E-13 1.71E-18 6.39E-05 4.45E-04 1.20E-04 2.03E-26 7.43E+17
  2.62E+06 3.22E+06 6.10E+00 2.72E-14 1.88E-12 3.24E-18 2.96E-05 2.05E-04 5.71E-05 1.14E-26 6.34E+17
  2.72E+06 3.45E+06 7.85E+00 6.62E-14 4.46E-12 6.20E-18 1.38E-05 9.50E-05 2.66E-05 5.59E-27 5.42E+17
  2.82E+06 3.55E+06 1.00E+01 1.56E-13 1.02E-11 1.19E-17 6.54E-06 4.48E-05 1.23E-05 2.45E-27 4.64E+17
  2.92E+06 3.49E+06 1.27E+01 3.55E-13 2.26E-11 2.29E-17 3.20E-06 2.18E-05 5.65E-06 9.62E-28 3.96E+17
  3.02E+06 3.29E+06 1.59E+01 7.77E-13 4.79E-11 4.46E-17 1.61E-06 1.09E-05 2.58E-06 3.31E-28 3.39E+17
  3.12E+06 2.96E+06 1.98E+01 1.64E-12 9.76E-11 8.64E-17 8.49E-07 5.72E-06 1.20E-06 1.03E-28 2.90E+17
  3.22E+06 2.56E+06 2.43E+01 3.34E-12 1.91E-10 1.67E-16 4.74E-07 3.18E-06 5.74E-07 2.93E-29 2.49E+17
  3.32E+06 2.14E+06 2.96E+01 6.57E-12 3.61E-10 3.27E-16 2.79E-07 1.86E-06 2.86E-07 7.54E-30 2.13E+17
  3.42E+06 1.76E+06 3.58E+01 1.25E-11 6.58E-10 6.43E-16 1.76E-07 1.16E-06 1.52E-07 1.79E-30 1.83E+17
  3.52E+06 1.43E+06 4.30E+01 2.30E-11 1.17E-09 1.27E-15 1.20E-07 7.89E-07 8.77E-08 4.03E-31 1.58E+17
  3.62E+06 1.15E+06 5.15E+01 4.12E-11 2.01E-09 2.51E-15 8.95E-08 5.85E-07 5.60E-08 8.74E-32 1.36E+17
  3.72E+06 9.30E+05 6.15E+01 7.19E-11 3.39E-09 4.94E-15 7.38E-08 4.79E-07 3.99E-08 1.89E-32 1.17E+17
  3.82E+06 7.47E+05 7.34E+01 1.21E-10 5.55E-09 9.65E-15 6.62E-08 4.26E-07 3.13E-08 3.98E-33 1.02E+17
  3.92E+06 5.93E+05 8.70E+01 1.97E-10 8.77E-09 1.85E-14 6.32E-08 4.04E-07 2.62E-08 8.12E-34 8.85E+16
  4.02E+06 4.61E+05 1.01E+02 3.04E-10 1.33E-08 3.41E-14 6.27E-08 3.97E-07 2.28E-08 1.61E-34 7.72E+16
  4.12E+06 3.48E+05 1.15E+02 4.42E-10 1.90E-08 6.05E-14 6.36E-08 3.99E-07 2.00E-08 3.15E-35 6.75E+16
  4.22E+06 2.56E+05 1.26E+02 6.03E-10 2.58E-08 1.03E-13 6.52E-08 4.04E-07 1.76E-08 6.82E-36 5.92E+16
  4.32E+06 1.83E+05 1.34E+02 7.76E-10 3.32E-08 1.69E-13 6.69E-08 4.11E-07 1.54E-08 2.34E-36 5.21E+16
  4.42E+06 1.29E+05 1.39E+02 9.51E-10 4.11E-08 2.71E-13 6.86E-08 4.16E-07 1.35E-08 1.63E-36 4.60E+16
  4.52E+06 8.94E+04 1.40E+02 1.12E-09 4.93E-08 4.26E-13 7.02E-08 4.20E-07 1.18E-08 1.63E-36 4.06E+16
  4.62E+06 6.09E+04 1.38E+02 1.30E-09 5.80E-08 6.63E-13 7.15E-08 4.22E-07 1.01E-08 1.80E-36 3.58E+16
  4.72E+06 4.11E+04 1.34E+02 1.49E-09 6.76E-08 1.01E-12 7.25E-08 4.21E-07 8.63E-09 2.00E-36 3.16E+16
  4.82E+06 2.74E+04 1.27E+02 1.70E-09 7.82E-08 1.50E-12 7.33E-08 4.18E-07 7.30E-09 2.23E-36 2.79E+16
  4.92E+06 1.81E+04 1.20E+02 1.92E-09 9.05E-08 2.17E-12 7.37E-08 4.12E-07 6.13E-09 2.49E-36 2.46E+16
  5.02E+06 1.20E+04 1.12E+02 2.18E-09 1.07E-07 3.07E-12 7.39E-08 4.05E-07 5.13E-09 2.76E-36 2.16E+16
  5.12E+06 7.90E+03 1.04E+02 2.51E-09 1.38E-07 4.23E-12 7.38E-08 3.95E-07 4.28E-09 3.04E-36 1.90E+16
  5.22E+06 5.21E+03 9.51E+01 3.07E-09 2.20E-07 5.71E-12 7.34E-08 3.83E-07 3.57E-09 3.35E-36 1.67E+16
  5.32E+06 3.43E+03 8.69E+01 4.27E-09 4.59E-07 7.56E-12 7.28E-08 3.69E-07 2.98E-09 3.68E-36 1.47E+16
  5.42E+06 2.27E+03 7.89E+01 7.09E-09 1.11E-06 9.85E-12 7.19E-08 3.53E-07 2.49E-09 4.02E-36 1.29E+16
  5.52E+06 1.50E+03 7.12E+01 1.35E-08 2.69E-06 1.27E-11 7.08E-08 3.37E-07 2.08E-09 4.39E-36 1.13E+16
  5.62E+06 9.92E+02 6.39E+01 2.66E-08 6.10E-06 1.61E-11 6.95E-08 3.19E-07 1.74E-09 4.77E-36 9.95E+15
  5.72E+06 6.59E+02 5.70E+01 5.14E-08 1.27E-05 2.02E-11 6.79E-08 3.00E-07 1.45E-09 5.16E-36 8.72E+15
  5.82E+06 4.39E+02 5.07E+01 9.55E-08 2.44E-05 2.51E-11 6.62E-08 2.81E-07 1.22E-09 5.57E-36 7.63E+15
  5.92E+06 2.93E+02 4.48E+01 1.77E-07 4.41E-05 3.10E-11 6.42E-08 2.61E-07 1.02E-09 5.98E-36 6.68E+15
  6.02E+06 1.96E+02 3.95E+01 3.63E-07 7.81E-05 3.80E-11 6.20E-08 2.41E-07 8.62E-10 6.39E-36 5.84E+15
  6.12E+06 1.32E+02 3.47E+01 9.14E-07 1.47E-04 4.64E-11 5.96E-08 2.21E-07 7.27E-10 6.81E-36 5.10E+15
  6.22E+06 8.93E+01 3.03E+01 2.66E-06 3.14E-04 5.64E-11 5.69E-08 2.01E-07 6.14E-10 7.22E-36 4.46E+15
  6.32E+06 6.09E+01 2.64E+01 7.76E-06 7.49E-04 6.85E-11 5.41E-08 1.82E-07 5.22E-10 7.65E-36 3.89E+15
  6.42E+06 4.22E+01 2.26E+01 2.09E-05 1.83E-03 8.37E-11 5.12E-08 1.63E-07 4.48E-10 8.13E-36 3.39E+15
  6.52E+06 3.00E+01 1.91E+01 5.04E-05 4.24E-03 1.04E-10 4.81E-08 1.46E-07 3.93E-10 8.73E-36 2.95E+15
  6.62E+06 2.21E+01 1.57E+01 1.09E-04 9.11E-03 1.31E-10 4.49E-08 1.29E-07 3.55E-10 9.54E-36 2.57E+15
  6.72E+06 1.69E+01 1.26E+01 2.13E-04 1.79E-02 1.70E-10 4.17E-08 1.14E-07 3.30E-10 1.07E-35 2.23E+15
  6.82E+06 1.33E+01 9.99E+00 3.78E-04 3.22E-02 2.26E-10 3.85E-08 9.97E-08 3.14E-10 1.22E-35 1.94E+15
  6.92E+06 1.06E+01 7.96E+00 6.18E-04 5.35E-02 3.04E-10 3.54E-08 8.71E-08 3.01E-10 1.41E-35 1.68E+15
  7.02E+06 8.52E+00 6.47E+00 9.36E-04 8.24E-02 4.09E-10 3.23E-08 7.58E-08 2.87E-10 1.62E-35 1.46E+15
  7.12E+06 6.78E+00 5.42E+00 1.32E-03 1.19E-01 5.40E-10 2.94E-08 6.58E-08 2.69E-10 1.85E-35 1.26E+15
  7.22E+06 5.31E+00 4.71E+00 1.76E-03 1.60E-01 6.90E-10 2.66E-08 5.68E-08 2.46E-10 2.08E-35 1.09E+15
  7.32E+06 4.09E+00 4.25E+00 2.20E-03 2.05E-01 8.45E-10 2.39E-08 4.89E-08 2.19E-10 2.31E-35 9.44E+14
  7.42E+06 3.01E+00 3.93E+00 2.63E-03 2.46E-01 1.00E-09 2.13E-08 4.17E-08 1.82E-10 2.52E-35 8.12E+14
  7.52E+06 2.16E+00 3.71E+00 3.00E-03 2.81E-01 1.13E-09 1.87E-08 3.54E-08 1.45E-10 2.73E-35 6.98E+14
  7.62E+06 1.59E+00 3.51E+00 3.29E-03 3.07E-01 1.25E-09 1.65E-08 3.00E-08 1.17E-10 2.89E-35 5.99E+14
  7.72E+06 1.17E+00 3.44E+00 3.48E-03 3.25E-01 1.32E-09 1.43E-08 2.53E-08 9.37E-11 3.07E-35 5.15E+14
  7.82E+06 6.38E-01 4.23E+00 3.57E-03 3.33E-01 1.04E-09 1.19E-08 2.04E-08 5.20E-11 3.90E-35 4.42E+14
  7.92E+06 2.46E-01 6.56E+00 3.56E-03 3.33E-01 7.39E-10 9.16E-09 1.53E-08 1.89E-11 5.30E-35 3.80E+14
  8.02E+06 9.76E-02 1.04E+01 3.48E-03 3.24E-01 7.48E-10 6.92E-09 1.13E-08 6.82E-12 5.85E-35 3.26E+14
  8.12E+06 4.43E-02 1.56E+01 3.34E-03 3.09E-01 7.92E-10 5.31E-09 8.49E-09 2.77E-12 5.11E-35 2.80E+14
  8.22E+06 2.25E-02 2.18E+01 3.14E-03 2.87E-01 7.27E-10 4.16E-09 6.52E-09 1.23E-12 3.76E-35 2.41E+14
  8.32E+06 1.23E-02 2.87E+01 2.92E-03 2.61E-01 5.94E-10 3.31E-09 5.10E-09 5.76E-13 2.49E-35 2.07E+14
  8.42E+06 6.98E-03 3.60E+01 2.67E-03 2.33E-01 4.54E-10 2.66E-09 4.04E-09 2.72E-13 1.58E-35 1.78E+14
  8.52E+06 3.98E-03 4.31E+01 2.43E-03 2.03E-01 3.33E-10 2.14E-09 3.22E-09 1.28E-13 9.83E-36 1.53E+14
  8.62E+06 2.24E-03 4.97E+01 2.19E-03 1.74E-01 2.38E-10 1.73E-09 2.57E-09 5.97E-14 6.17E-36 1.31E+14
  8.72E+06 1.22E-03 5.54E+01 1.96E-03 1.46E-01 1.66E-10 1.39E-09 2.05E-09 2.74E-14 3.93E-36 1.13E+14
  8.82E+06 6.45E-04 6.02E+01 1.75E-03 1.21E-01 1.14E-10 1.11E-09 1.62E-09 1.24E-14 2.55E-36 9.70E+13
  8.92E+06 3.30E-04 6.41E+01 1.55E-03 9.83E-02 7.71E-11 8.81E-10 1.28E-09 5.54E-15 1.70E-36 8.34E+13
  9.02E+06 1.65E-04 6.79E+01 1.36E-03 7.91E-02 5.18E-11 6.90E-10 9.92E-10 2.45E-15 1.15E-36 7.16E+13
  9.12E+06 8.15E-05 7.27E+01 1.20E-03 6.32E-02 3.46E-11 5.33E-10 7.63E-10 1.07E-15 8.03E-37 6.16E+13
  9.22E+06 3.98E-05 8.00E+01 1.05E-03 5.02E-02 2.31E-11 4.07E-10 5.80E-10 4.66E-16 5.73E-37 5.29E+13
  9.32E+06 1.93E-05 9.24E+01 9.18E-04 3.98E-02 1.54E-11 3.07E-10 4.35E-10 2.01E-16 4.18E-37 4.55E+13
  9.42E+06 9.26E-06 1.13E+02 8.06E-04 3.17E-02 1.04E-11 2.28E-10 3.22E-10 8.56E-17 3.14E-37 3.91E+13
  9.52E+06 4.43E-06 1.48E+02 7.14E-04 2.55E-02 7.08E-12 1.67E-10 2.36E-10 3.63E-17 2.42E-37 3.36E+13
  9.62E+06 2.11E-06 2.05E+02 6.41E-04 2.09E-02 4.94E-12 1.21E-10 1.70E-10 1.53E-17 1.94E-37 2.89E+13
  9.72E+06 9.99E-07 3.03E+02 5.90E-04 1.77E-02 3.57E-12 8.63E-11 1.21E-10 6.38E-18 1.62E-37 2.49E+13
  9.82E+06 4.74E-07 4.89E+02 5.63E-04 1.56E-02 2.72E-12 6.08E-11 8.51E-11 2.67E-18 1.44E-37 2.14E+13
  9.92E+06 2.25E-07 1.03E+03 5.65E-04 1.47E-02 2.31E-12 4.30E-11 6.00E-11 1.14E-18 1.38E-37 1.84E+13

 ATMOSPHERIC PARAMETERS

    Z         T         EDD       DEN        P        H2OSAT     H2O       RELH     CONDEN    H FLUX
  2.500E+04 2.860E+02 1.000E+05 2.491E+19 9.834E-01 1.507E-02 1.126E-02 7.474E-01 0.000E+00 3.333E+11
  1.250E+05 2.807E+02 1.000E+05 2.256E+19 8.740E-01 1.191E-02 7.886E-03 6.619E-01 0.000E+00 2.598E+11
  2.250E+05 2.751E+02 1.000E+05 2.041E+19 7.749E-01 9.056E-03 5.297E-03 5.849E-01 0.000E+00 1.973E+11
  3.250E+05 2.693E+02 1.000E+05 1.844E+19 6.852E-01 6.467E-03 3.289E-03 5.086E-01 0.000E+00 1.463E+11
  4.250E+05 2.631E+02 1.000E+05 1.664E+19 6.043E-01 4.284E-03 1.914E-03 4.467E-01 0.000E+00 1.048E+11
  5.250E+05 2.561E+02 1.000E+05 1.503E+19 5.312E-01 2.589E-03 1.012E-03 3.909E-01 0.000E+00 7.322E+10
  6.250E+05 2.484E+02 1.000E+05 1.357E+19 4.652E-01 1.395E-03 4.750E-04 3.404E-01 0.000E+00 5.237E+10
  7.250E+05 2.398E+02 1.000E+05 1.225E+19 4.056E-01 6.648E-04 1.960E-04 2.947E-01 0.000E+00 4.019E+10
  8.250E+05 2.307E+02 1.000E+05 1.105E+19 3.518E-01 2.800E-04 7.104E-05 2.537E-01 0.000E+00 3.289E+10
  9.250E+05 2.213E+02 1.000E+05 9.934E+18 3.034E-01 1.048E-04 2.272E-05 2.168E-01 0.000E+00 2.815E+10
  1.025E+06 2.131E+02 8.000E+04 8.843E+18 2.601E-01 4.201E-05 7.723E-06 1.838E-01 0.000E+00 2.510E+10
  1.125E+06 2.115E+02 3.000E+04 7.611E+18 2.222E-01 3.962E-05 5.165E-06 1.304E-01 1.925E-11 5.517E+12
  1.225E+06 2.106E+02 1.700E+04 6.526E+18 1.896E-01 4.067E-05 4.167E-06 1.025E-01 1.598E-12 3.325E+08
  1.325E+06 2.101E+02 8.000E+03 5.579E+18 1.618E-01 4.478E-05 4.183E-06 9.341E-02 0.000E+00 3.325E+08
  1.425E+06 2.101E+02 5.800E+03 4.759E+18 1.380E-01 5.271E-05 4.215E-06 7.997E-02 0.000E+00 3.325E+08
  1.525E+06 2.105E+02 4.600E+03 4.053E+18 1.177E-01 6.498E-05 4.262E-06 6.560E-02 0.000E+00 3.325E+08
  1.625E+06 2.110E+02 4.000E+03 3.451E+18 1.005E-01 8.167E-05 4.328E-06 5.300E-02 0.000E+00 3.325E+08
  1.725E+06 2.116E+02 3.900E+03 2.939E+18 8.581E-02 1.032E-04 4.412E-06 4.274E-02 0.000E+00 3.325E+08
  1.825E+06 2.122E+02 3.900E+03 2.504E+18 7.331E-02 1.315E-04 4.510E-06 3.429E-02 0.000E+00 3.325E+08
  1.925E+06 2.129E+02 4.100E+03 2.133E+18 6.267E-02 1.699E-04 4.621E-06 2.720E-02 0.000E+00 3.325E+08
  2.025E+06 2.138E+02 4.600E+03 1.817E+18 5.360E-02 2.228E-04 4.739E-06 2.127E-02 0.000E+00 3.325E+08
  2.125E+06 2.148E+02 5.100E+03 1.548E+18 4.588E-02 2.972E-04 4.859E-06 1.635E-02 0.000E+00 3.325E+08
  2.225E+06 2.158E+02 5.800E+03 1.319E+18 3.930E-02 4.007E-04 4.983E-06 1.244E-02 0.000E+00 3.325E+08
  2.325E+06 2.170E+02 6.600E+03 1.125E+18 3.370E-02 5.450E-04 5.107E-06 9.370E-03 0.000E+00 3.325E+08
  2.425E+06 2.183E+02 7.500E+03 9.601E+17 2.892E-02 7.456E-04 5.231E-06 7.015E-03 0.000E+00 3.325E+08
  2.525E+06 2.196E+02 8.500E+03 8.197E+17 2.484E-02 1.027E-03 5.354E-06 5.213E-03 0.000E+00 3.325E+08
  2.625E+06 2.210E+02 9.500E+03 7.003E+17 2.136E-02 1.427E-03 5.477E-06 3.837E-03 0.000E+00 3.325E+08
  2.725E+06 2.225E+02 1.060E+04 5.985E+17 1.838E-02 2.015E-03 5.600E-06 2.780E-03 0.000E+00 3.325E+08
  2.825E+06 2.243E+02 1.200E+04 5.118E+17 1.584E-02 2.895E-03 5.722E-06 1.977E-03 0.000E+00 3.325E+08
  2.925E+06 2.263E+02 1.300E+04 4.377E+17 1.367E-02 4.264E-03 5.843E-06 1.370E-03 0.000E+00 3.325E+08
  3.025E+06 2.285E+02 1.430E+04 3.744E+17 1.181E-02 6.459E-03 5.964E-06 9.234E-04 0.000E+00 3.325E+08
  3.125E+06 2.311E+02 1.600E+04 3.204E+17 1.022E-02 1.003E-02 6.083E-06 6.066E-04 0.000E+00 3.325E+08
  3.225E+06 2.339E+02 1.740E+04 2.745E+17 8.858E-03 1.590E-02 6.199E-06 3.900E-04 0.000E+00 3.325E+08
  3.325E+06 2.369E+02 1.900E+04 2.353E+17 7.693E-03 2.553E-02 6.313E-06 2.472E-04 0.000E+00 3.325E+08
  3.425E+06 2.400E+02 2.100E+04 2.021E+17 6.693E-03 4.100E-02 6.423E-06 1.567E-04 0.000E+00 3.325E+08
  3.525E+06 2.431E+02 2.300E+04 1.739E+17 5.834E-03 6.516E-02 6.528E-06 1.002E-04 0.000E+00 3.325E+08
  3.625E+06 2.461E+02 2.600E+04 1.500E+17 5.095E-03 1.017E-01 6.625E-06 6.517E-05 0.000E+00 3.325E+08
  3.725E+06 2.490E+02 2.900E+04 1.297E+17 4.456E-03 1.546E-01 6.713E-06 4.343E-05 0.000E+00 3.325E+08
  3.825E+06 2.515E+02 3.200E+04 1.124E+17 3.903E-03 2.274E-01 6.792E-06 2.987E-05 0.000E+00 3.325E+08
  3.925E+06 2.538E+02 3.600E+04 9.775E+16 3.423E-03 3.214E-01 6.861E-06 2.134E-05 0.000E+00 3.325E+08
  4.025E+06 2.556E+02 4.000E+04 8.523E+16 3.006E-03 4.329E-01 6.918E-06 1.598E-05 0.000E+00 3.325E+08
  4.125E+06 2.568E+02 4.400E+04 7.455E+16 2.641E-03 5.509E-01 6.964E-06 1.264E-05 0.000E+00 3.325E+08
  4.225E+06 2.573E+02 4.900E+04 6.540E+16 2.322E-03 6.585E-01 6.999E-06 1.063E-05 0.000E+00 3.325E+08
  4.325E+06 2.571E+02 5.500E+04 5.755E+16 2.042E-03 7.371E-01 7.022E-06 9.527E-06 0.000E+00 3.325E+08
  4.425E+06 2.563E+02 6.200E+04 5.075E+16 1.795E-03 7.764E-01 7.035E-06 9.061E-06 0.000E+00 3.325E+08
  4.525E+06 2.550E+02 6.700E+04 4.482E+16 1.577E-03 7.838E-01 7.039E-06 8.981E-06 0.000E+00 3.325E+08
  4.625E+06 2.536E+02 7.600E+04 3.957E+16 1.385E-03 7.799E-01 7.035E-06 9.021E-06 0.000E+00 3.325E+08
  4.725E+06 2.522E+02 8.400E+04 3.492E+16 1.215E-03 7.761E-01 7.025E-06 9.051E-06 0.000E+00 3.325E+08
  4.825E+06 2.508E+02 9.200E+04 3.079E+16 1.066E-03 7.728E-01 7.008E-06 9.068E-06 0.000E+00 3.325E+08
  4.925E+06 2.494E+02 1.020E+05 2.713E+16 9.337E-04 7.689E-01 6.987E-06 9.086E-06 0.000E+00 3.325E+08
  5.025E+06 2.480E+02 1.120E+05 2.389E+16 8.176E-04 7.644E-01 6.960E-06 9.106E-06 0.000E+00 3.325E+08
  5.125E+06 2.466E+02 1.220E+05 2.102E+16 7.154E-04 7.591E-01 6.930E-06 9.129E-06 0.000E+00 3.325E+08
  5.225E+06 2.452E+02 1.320E+05 1.849E+16 6.256E-04 7.531E-01 6.895E-06 9.155E-06 0.000E+00 3.325E+08
  5.325E+06 2.438E+02 1.420E+05 1.625E+16 5.466E-04 7.463E-01 6.855E-06 9.186E-06 0.000E+00 3.325E+08
  5.425E+06 2.424E+02 1.520E+05 1.427E+16 4.772E-04 7.387E-01 6.812E-06 9.222E-06 0.000E+00 3.325E+08
  5.525E+06 2.410E+02 1.620E+05 1.252E+16 4.164E-04 7.302E-01 6.763E-06 9.262E-06 0.000E+00 3.325E+08
  5.625E+06 2.395E+02 1.720E+05 1.098E+16 3.630E-04 7.208E-01 6.710E-06 9.309E-06 0.000E+00 3.325E+08
  5.725E+06 2.381E+02 1.820E+05 9.622E+15 3.162E-04 7.105E-01 6.652E-06 9.362E-06 0.000E+00 3.325E+08
  5.825E+06 2.367E+02 1.920E+05 8.426E+15 2.752E-04 6.991E-01 6.587E-06 9.422E-06 0.000E+00 3.325E+08
  5.925E+06 2.353E+02 2.020E+05 7.373E+15 2.394E-04 6.866E-01 6.516E-06 9.491E-06 0.000E+00 3.325E+08
  6.025E+06 2.338E+02 2.120E+05 6.447E+15 2.080E-04 6.731E-01 6.438E-06 9.566E-06 0.000E+00 3.325E+08
  6.125E+06 2.324E+02 2.220E+05 5.633E+15 1.806E-04 6.585E-01 6.353E-06 9.647E-06 0.000E+00 3.325E+08
  6.225E+06 2.309E+02 2.320E+05 4.918E+15 1.567E-04 6.431E-01 6.259E-06 9.732E-06 0.000E+00 3.325E+08
  6.325E+06 2.295E+02 2.420E+05 4.290E+15 1.359E-04 6.270E-01 6.155E-06 9.816E-06 0.000E+00 3.325E+08
  6.425E+06 2.280E+02 2.520E+05 3.739E+15 1.177E-04 6.104E-01 6.041E-06 9.896E-06 0.000E+00 3.325E+08
  6.525E+06 2.266E+02 2.620E+05 3.257E+15 1.018E-04 5.937E-01 5.914E-06 9.962E-06 0.000E+00 3.325E+08
  6.625E+06 2.251E+02 2.720E+05 2.834E+15 8.804E-05 5.771E-01 5.775E-06 1.001E-05 0.000E+00 3.325E+08
  6.725E+06 2.237E+02 2.820E+05 2.464E+15 7.605E-05 5.612E-01 5.620E-06 1.002E-05 0.000E+00 3.325E+08
  6.825E+06 2.223E+02 2.920E+05 2.140E+15 6.564E-05 5.462E-01 5.449E-06 9.977E-06 0.000E+00 3.325E+08
  6.925E+06 2.209E+02 3.020E+05 1.857E+15 5.660E-05 5.327E-01 5.261E-06 9.876E-06 0.000E+00 3.325E+08
  7.025E+06 2.195E+02 3.120E+05 1.610E+15 4.876E-05 5.211E-01 5.054E-06 9.698E-06 0.000E+00 3.325E+08
  7.125E+06 2.182E+02 3.220E+05 1.394E+15 4.198E-05 5.122E-01 4.826E-06 9.423E-06 0.000E+00 3.325E+08
  7.225E+06 2.170E+02 3.320E+05 1.206E+15 3.610E-05 5.060E-01 4.578E-06 9.048E-06 0.000E+00 3.325E+08
  7.325E+06 2.158E+02 3.420E+05 1.042E+15 3.103E-05 5.023E-01 4.311E-06 8.583E-06 0.000E+00 3.325E+08
  7.425E+06 2.154E+02 3.520E+05 8.965E+14 2.665E-05 5.585E-01 4.026E-06 7.207E-06 0.000E+00 3.325E+08
  7.525E+06 2.154E+02 3.620E+05 7.700E+14 2.289E-05 6.503E-01 3.725E-06 5.727E-06 0.000E+00 3.325E+08
  7.625E+06 2.154E+02 3.720E+05 6.614E+14 1.966E-05 7.571E-01 3.412E-06 4.507E-06 0.000E+00 3.325E+08
  7.725E+06 2.154E+02 3.820E+05 5.681E+14 1.689E-05 8.814E-01 3.090E-06 3.506E-06 0.000E+00 3.325E+08
  7.825E+06 2.154E+02 3.920E+05 4.880E+14 1.451E-05 1.026E+00 2.755E-06 2.685E-06 0.000E+00 3.325E+08
  7.925E+06 2.154E+02 4.020E+05 4.192E+14 1.246E-05 1.194E+00 2.421E-06 2.027E-06 0.000E+00 3.325E+08
  8.025E+06 2.154E+02 4.070E+05 3.602E+14 1.071E-05 1.390E+00 2.107E-06 1.515E-06 0.000E+00 3.325E+08
  8.125E+06 2.154E+02 4.070E+05 3.094E+14 9.199E-06 1.618E+00 1.815E-06 1.122E-06 0.000E+00 3.325E+08
  8.225E+06 2.154E+02 4.070E+05 2.659E+14 7.904E-06 1.883E+00 1.551E-06 8.235E-07 0.000E+00 3.325E+08
  8.325E+06 2.154E+02 4.070E+05 2.284E+14 6.791E-06 2.192E+00 1.315E-06 5.999E-07 0.000E+00 3.325E+08
  8.425E+06 2.154E+02 4.070E+05 1.963E+14 5.836E-06 2.551E+00 1.107E-06 4.340E-07 0.000E+00 3.325E+08
  8.525E+06 2.154E+02 4.070E+05 1.687E+14 5.015E-06 2.968E+00 9.261E-07 3.120E-07 0.000E+00 3.325E+08
  8.625E+06 2.154E+02 4.070E+05 1.450E+14 4.311E-06 3.453E+00 7.700E-07 2.230E-07 0.000E+00 3.325E+08
  8.725E+06 2.154E+02 4.070E+05 1.246E+14 3.705E-06 4.017E+00 6.366E-07 1.585E-07 0.000E+00 3.325E+08
  8.825E+06 2.154E+02 4.070E+05 1.072E+14 3.185E-06 4.673E+00 5.236E-07 1.121E-07 0.000E+00 3.325E+08
  8.925E+06 2.154E+02 4.070E+05 9.213E+13 2.739E-06 5.435E+00 4.287E-07 7.887E-08 0.000E+00 3.325E+08
  9.025E+06 2.154E+02 4.070E+05 7.923E+13 2.355E-06 6.320E+00 3.495E-07 5.530E-08 0.000E+00 3.325E+08
  9.125E+06 2.154E+02 4.070E+05 6.814E+13 2.026E-06 7.348E+00 2.840E-07 3.865E-08 0.000E+00 3.325E+08
  9.225E+06 2.154E+02 4.070E+05 5.862E+13 1.743E-06 8.541E+00 2.303E-07 2.696E-08 0.000E+00 3.325E+08
  9.325E+06 2.154E+02 4.070E+05 5.044E+13 1.500E-06 9.926E+00 1.866E-07 1.880E-08 0.000E+00 3.325E+08
  9.425E+06 2.154E+02 4.070E+05 4.342E+13 1.291E-06 1.153E+01 1.514E-07 1.313E-08 0.000E+00 3.325E+08
  9.525E+06 2.154E+02 4.070E+05 3.738E+13 1.111E-06 1.340E+01 1.236E-07 9.225E-09 0.000E+00 3.325E+08
  9.625E+06 2.154E+02 4.070E+05 3.218E+13 9.568E-07 1.556E+01 1.021E-07 6.561E-09 0.000E+00 3.325E+08
  9.725E+06 2.154E+02 4.070E+05 2.772E+13 8.241E-07 1.806E+01 8.620E-08 4.772E-09 0.000E+00 3.325E+08
  9.825E+06 2.154E+02 4.070E+05 2.388E+13 7.100E-07 2.097E+01 7.554E-08 3.603E-09 0.000E+00 3.325E+08
  9.925E+06 2.154E+02 4.070E+05 2.058E+13 6.118E-07 2.433E+01 7.005E-08 2.879E-09 0.000E+00 3.325E+08

 SULFATE AEROSOL PARAMETERS

    Z        AERSOL     RPAR      WFALL     FSULF    TAUSED    TAUEDD    TAUC      H2SO4S    H2SO4     CONSO4    CONVER
  2.500E+04 8.764E+00 3.749E-05 2.492E-03 2.354E-01 3.436E+08 7.329E+06 3.249E+08 4.730E-19 3.976E-12 6.361E-17 5.704E+08
  1.250E+05 7.484E+00 3.749E-05 2.673E-03 2.931E-01 3.141E+08 7.050E+06 3.752E+08 8.852E-19 8.165E-12 1.306E-16 7.103E+08
  2.250E+05 7.790E+00 3.749E-05 2.861E-03 3.433E-01 2.874E+08 6.760E+06 3.550E+08 1.289E-18 1.264E-11 2.022E-16 8.319E+08
  3.250E+05 7.954E+00 3.749E-05 3.106E-03 4.138E-01 2.591E+08 6.474E+06 3.415E+08 3.411E-18 1.702E-11 2.724E-16 1.003E+09
  4.250E+05 8.795E+00 3.749E-05 3.302E-03 4.442E-01 2.380E+08 6.177E+06 3.029E+08 2.933E-18 2.089E-11 3.343E-16 1.076E+09
  5.250E+05 9.414E+00 3.749E-05 3.527E-03 4.738E-01 2.169E+08 5.855E+06 2.770E+08 2.066E-18 2.350E-11 3.761E-16 1.148E+09
  6.250E+05 9.800E+00 3.749E-05 3.790E-03 5.031E-01 1.958E+08 5.505E+06 2.598E+08 1.148E-18 2.410E-11 3.856E-16 1.219E+09
  7.250E+05 1.014E+01 3.749E-05 4.081E-03 5.239E-01 1.756E+08 5.136E+06 2.445E+08 3.773E-19 2.350E-11 3.760E-16 1.270E+09
  8.250E+05 1.036E+01 3.749E-05 4.420E-03 5.421E-01 1.560E+08 4.757E+06 2.323E+08 8.832E-20 2.367E-11 3.787E-16 1.314E+09
  9.250E+05 1.043E+01 3.749E-05 4.822E-03 5.591E-01 1.372E+08 4.379E+06 2.229E+08 1.552E-20 2.520E-11 4.032E-16 1.355E+09
  1.025E+06 1.041E+01 3.749E-05 5.284E-03 5.749E-01 1.206E+08 5.078E+06 2.140E+08 3.170E-21 2.719E-11 4.351E-16 1.393E+09
  1.125E+06 1.056E+01 3.749E-05 5.766E-03 6.006E-01 1.097E+08 1.335E+07 1.978E+08 7.712E-21 2.891E-11 4.625E-16 1.455E+09
  1.225E+06 1.267E+01 3.749E-05 6.304E-03 6.184E-01 9.996E+07 2.336E+07 1.534E+08 1.578E-20 2.981E-11 4.769E-16 1.499E+09
  1.325E+06 1.561E+01 3.749E-05 6.899E-03 6.252E-01 9.117E+07 4.945E+07 1.148E+08 2.235E-20 2.909E-11 4.654E-16 1.515E+09
  1.425E+06 1.895E+01 3.749E-05 7.615E-03 6.349E-01 8.264E+07 6.827E+07 8.640E+07 4.257E-20 2.831E-11 4.529E-16 1.539E+09
  1.525E+06 1.995E+01 3.749E-05 8.474E-03 6.467E-01 7.441E+07 8.643E+07 7.441E+07 9.947E-20 2.836E-11 4.538E-16 1.567E+09
  1.625E+06 1.951E+01 3.692E-05 9.315E-03 6.595E-01 6.788E+07 9.994E+07 6.788E+07 2.541E-19 2.736E-11 4.377E-16 1.527E+09
  1.725E+06 1.829E+01 3.556E-05 1.003E-02 6.719E-01 6.320E+07 1.031E+08 6.320E+07 6.472E-19 2.446E-11 3.914E-16 1.389E+09
  1.825E+06 1.658E+01 3.362E-05 1.066E-02 6.835E-01 5.969E+07 1.038E+08 5.969E+07 1.628E-18 1.948E-11 3.117E-16 1.194E+09
  1.925E+06 1.464E+01 3.130E-05 1.122E-02 6.958E-01 5.691E+07 9.946E+07 5.691E+07 4.353E-18 1.274E-11 2.038E-16 9.812E+08
  2.025E+06 1.277E+01 2.888E-05 1.178E-02 7.073E-01 5.444E+07 8.941E+07 5.444E+07 1.177E-17 6.511E-12 1.042E-16 7.835E+08
  2.125E+06 1.113E+01 2.654E-05 1.239E-02 7.185E-01 5.200E+07 8.145E+07 5.200E+07 3.255E-17 3.192E-12 5.107E-17 6.178E+08
  2.225E+06 9.756E+00 2.434E-05 1.308E-02 7.299E-01 4.955E+07 7.239E+07 4.955E+07 9.309E-17 1.572E-12 2.515E-17 4.842E+08
  2.325E+06 8.643E+00 2.231E-05 1.384E-02 7.408E-01 4.708E+07 6.435E+07 4.708E+07 2.649E-16 7.798E-13 1.247E-17 3.786E+08
  2.425E+06 7.760E+00 2.044E-05 1.468E-02 7.518E-01 4.467E+07 5.732E+07 4.467E+07 7.639E-16 3.866E-13 6.173E-18 2.953E+08
  2.525E+06 7.078E+00 1.870E-05 1.557E-02 7.620E-01 4.238E+07 5.122E+07 4.238E+07 2.119E-15 1.916E-13 3.032E-18 2.293E+08
  2.625E+06 6.571E+00 1.707E-05 1.649E-02 7.723E-01 4.027E+07 4.644E+07 4.027E+07 6.087E-15 9.823E-14 1.474E-18 1.768E+08
  2.725E+06 6.221E+00 1.553E-05 1.742E-02 7.829E-01 3.841E+07 4.224E+07 3.841E+07 1.830E-14 6.345E-14 7.223E-19 1.348E+08
  2.825E+06 6.024E+00 1.407E-05 1.833E-02 7.930E-01 3.680E+07 3.792E+07 3.680E+07 5.599E-14 8.198E-14 4.159E-19 1.016E+08
  2.925E+06 5.968E+00 1.269E-05 1.919E-02 8.029E-01 3.547E+07 3.565E+07 3.547E+07 1.796E-13 1.838E-13 6.714E-20 7.547E+07
  3.025E+06 6.304E+00 1.123E-05 1.971E-02 8.124E-01 3.490E+07 3.308E+07 3.308E+07 5.923E-13 2.654E-13-5.229E-18 5.296E+07
  3.125E+06 6.616E+00 1.000E-05 2.034E-02 8.227E-01 3.420E+07 3.025E+07 3.177E+07 2.123E-12 3.009E-13-2.915E-17 3.784E+07
  3.225E+06 4.902E+00 1.000E-05 2.359E-02 8.341E-01 2.985E+07 2.851E+07 4.195E+07 8.172E-12 3.168E-13-1.257E-16 3.837E+07
  3.325E+06 3.605E+00 1.000E-05 2.732E-02 8.456E-01 2.612E+07 2.680E+07 5.594E+07 3.071E-11 3.243E-13-4.861E-16 3.890E+07
  3.425E+06 2.637E+00 1.000E-05 3.158E-02 8.569E-01 2.290E+07 2.490E+07 7.518E+07 1.083E-10 3.279E-13-1.727E-15 3.942E+07
  3.525E+06 1.917E+00 1.000E-05 3.646E-02 8.690E-01 2.010E+07 2.334E+07 1.018E+08 3.419E-10 3.296E-13-5.465E-15 3.997E+07
  3.625E+06 1.389E+00 1.000E-05 4.203E-02 8.813E-01 1.765E+07 2.118E+07 1.386E+08 9.913E-10 3.305E-13-1.586E-14 4.054E+07
  3.725E+06 1.006E+00 1.000E-05 4.837E-02 8.931E-01 1.552E+07 1.944E+07 1.892E+08 2.667E-09 3.308E-13-4.267E-14 4.108E+07
  3.825E+06 7.262E-01 1.000E-05 5.555E-02 9.044E-01 1.366E+07 1.800E+07 2.593E+08 6.243E-09 3.309E-13-9.988E-14 4.160E+07
  3.925E+06 5.237E-01 1.000E-05 6.369E-02 9.147E-01 1.203E+07 1.630E+07 3.564E+08 1.226E-08 3.309E-13-1.961E-13 4.208E+07
  4.025E+06 3.779E-01 1.000E-05 7.287E-02 9.235E-01 1.059E+07 1.488E+07 4.903E+08 2.148E-08 3.309E-13-3.436E-13 4.248E+07
  4.125E+06 2.725E-01 1.000E-05 8.321E-02 9.304E-01 9.318E+06 1.366E+07 6.765E+08 3.326E-08 3.308E-13-5.321E-13 4.280E+07
  4.225E+06 1.964E-01 1.000E-05 9.484E-02 9.351E-01 8.195E+06 1.233E+07 9.358E+08 4.475E-08 3.306E-13-7.159E-13 4.301E+07
  4.325E+06 1.418E-01 1.000E-05 1.079E-01 9.375E-01 7.199E+06 1.098E+07 1.295E+09 5.189E-08 3.305E-13-8.303E-13 4.313E+07
  4.425E+06 1.026E-01 1.000E-05 1.227E-01 9.378E-01 6.316E+06 9.680E+06 1.791E+09 5.244E-08 3.303E-13-8.390E-13 4.314E+07
  4.525E+06 7.411E-02 1.000E-05 1.393E-01 9.366E-01 5.534E+06 8.874E+06 2.486E+09 4.822E-08 3.302E-13-7.715E-13 4.309E+07
  4.625E+06 5.320E-02 1.000E-05 1.584E-01 9.350E-01 4.843E+06 7.741E+06 3.473E+09 4.292E-08 3.300E-13-6.868E-13 4.301E+07
  4.725E+06 3.807E-02 1.000E-05 1.801E-01 9.334E-01 4.236E+06 6.930E+06 4.867E+09 3.808E-08 3.298E-13-6.092E-13 4.293E+07
  4.825E+06 2.702E-02 1.000E-05 2.050E-01 9.318E-01 3.702E+06 6.261E+06 6.878E+09 3.393E-08 3.296E-13-5.429E-13 4.286E+07
  4.925E+06 1.902E-02 1.000E-05 2.335E-01 9.302E-01 3.233E+06 5.588E+06 9.800E+09 3.013E-08 3.294E-13-4.821E-13 4.279E+07
  5.025E+06 1.329E-02 1.000E-05 2.661E-01 9.285E-01 2.822E+06 5.035E+06 1.407E+10 2.664E-08 3.292E-13-4.262E-13 4.271E+07
  5.125E+06 9.184E-03 1.000E-05 3.036E-01 9.269E-01 2.461E+06 4.573E+06 2.042E+10 2.357E-08 3.290E-13-3.771E-13 4.264E+07
  5.225E+06 6.265E-03 1.000E-05 3.465E-01 9.252E-01 2.144E+06 4.182E+06 3.003E+10 2.075E-08 3.288E-13-3.319E-13 4.256E+07
  5.325E+06 4.207E-03 1.000E-05 3.958E-01 9.235E-01 1.867E+06 3.845E+06 4.487E+10 1.819E-08 3.286E-13-2.910E-13 4.248E+07
  5.425E+06 2.773E-03 1.000E-05 4.525E-01 9.219E-01 1.624E+06 3.553E+06 6.828E+10 1.596E-08 3.283E-13-2.554E-13 4.241E+07
  5.525E+06 1.790E-03 1.000E-05 5.177E-01 9.200E-01 1.412E+06 3.297E+06 1.061E+11 1.390E-08 3.281E-13-2.223E-13 4.232E+07
  5.625E+06 1.128E-03 1.000E-05 5.927E-01 9.183E-01 1.226E+06 3.071E+06 1.690E+11 1.206E-08 3.278E-13-1.930E-13 4.224E+07
  5.725E+06 6.913E-04 1.000E-05 6.792E-01 9.165E-01 1.064E+06 2.870E+06 2.767E+11 1.048E-08 3.275E-13-1.677E-13 4.216E+07
  5.825E+06 4.106E-04 1.000E-05 7.788E-01 9.145E-01 9.227E+05 2.690E+06 4.674E+11 9.000E-09 3.272E-13-1.440E-13 4.207E+07
  5.925E+06 2.354E-04 1.000E-05 8.938E-01 9.126E-01 7.994E+05 2.527E+06 8.183E+11 7.720E-09 3.268E-13-1.235E-13 4.198E+07
  6.025E+06 1.295E-04 1.000E-05 1.027E+00 9.108E-01 6.919E+05 2.380E+06 1.492E+12 6.612E-09 3.264E-13-1.058E-13 4.190E+07
  6.125E+06 6.811E-05 1.000E-05 1.180E+00 9.087E-01 5.984E+05 2.246E+06 2.848E+12 5.597E-09 3.260E-13-8.954E-14 4.180E+07
  6.225E+06 3.399E-05 1.000E-05 1.358E+00 9.067E-01 5.170E+05 2.124E+06 5.727E+12 4.740E-09 3.255E-13-7.583E-14 4.171E+07
  6.325E+06 1.599E-05 1.000E-05 1.564E+00 9.047E-01 4.463E+05 2.012E+06 1.222E+13 3.998E-09 3.250E-13-6.396E-14 4.162E+07
  6.425E+06 7.032E-06 1.000E-05 1.802E+00 9.026E-01 3.849E+05 1.909E+06 2.788E+13 3.347E-09 3.244E-13-5.355E-14 4.152E+07
  6.525E+06 2.863E-06 1.000E-05 2.079E+00 9.007E-01 3.316E+05 1.814E+06 6.872E+13 2.790E-09 3.238E-13-4.464E-14 4.143E+07
  6.625E+06 1.068E-06 1.000E-05 2.401E+00 8.988E-01 2.854E+05 1.726E+06 1.849E+14 2.307E-09 3.231E-13-3.691E-14 4.134E+07
  6.725E+06 3.600E-07 1.000E-05 2.775E+00 8.971E-01 2.454E+05 1.645E+06 5.507E+14 1.882E-09 3.224E-13-3.011E-14 4.127E+07
  6.825E+06 1.080E-07 1.000E-05 3.211E+00 8.957E-01 2.108E+05 1.569E+06 1.842E+15 1.551E-09 3.215E-13-2.481E-14 4.120E+07
  6.925E+06 2.832E-08 1.000E-05 3.719E+00 8.943E-01 1.810E+05 1.500E+06 7.048E+15 1.278E-09 3.206E-13-2.044E-14 4.114E+07
  7.025E+06 6.349E-09 1.000E-05 4.311E+00 8.931E-01 1.552E+05 1.435E+06 3.155E+16 1.067E-09 3.196E-13-1.706E-14 4.108E+07
  7.125E+06 1.184E-09 1.000E-05 5.003E+00 8.922E-01 1.330E+05 1.374E+06 1.697E+17 9.102E-10 3.184E-13-1.456E-14 4.104E+07
  7.225E+06 1.774E-10 1.000E-05 5.812E+00 8.915E-01 1.138E+05 1.319E+06 1.136E+18 7.840E-10 3.171E-13-1.254E-14 4.101E+07
  7.325E+06 2.046E-11 1.000E-05 6.758E+00 8.910E-01 9.738E+04 1.267E+06 9.879E+18 6.888E-10 3.156E-13-1.102E-14 4.099E+07
  7.425E+06 1.694E-12 1.000E-05 7.876E+00 8.938E-01 8.346E+04 1.227E+06 1.193E+20 8.332E-10 3.140E-13-1.333E-14 4.112E+07
  7.525E+06 9.275E-14 1.000E-05 9.185E+00 8.979E-01 7.159E+04 1.194E+06 2.177E+21 1.151E-09 3.122E-13-1.841E-14 4.131E+07
  7.625E+06 2.951E-15 1.000E-05 1.071E+01 9.028E-01 6.139E+04 1.163E+06 6.835E+22 1.542E-09 3.101E-13-2.467E-14 4.153E+07
  7.725E+06 4.311E-17 1.000E-05 1.250E+01 9.084E-01 5.263E+04 1.133E+06 4.673E+24 2.010E-09 3.078E-13-3.215E-14 4.178E+07
  7.825E+06 1.627E-19 1.000E-05 1.459E+01 9.142E-01 4.512E+04 1.105E+06 1.236E+27 2.638E-09 3.052E-13-4.220E-14 4.205E+07
  7.925E+06 3.387E-22 1.000E-05 1.702E+01 9.204E-01 3.867E+04 1.078E+06 5.931E+29 3.484E-09 3.023E-13-5.574E-14 4.234E+07
  8.025E+06 2.628E-24 1.000E-05 1.987E+01 9.268E-01 3.315E+04 1.066E+06 7.633E+31 4.622E-09 2.990E-13-7.395E-14 4.263E+07
  8.125E+06 9.295E-27 1.000E-05 2.319E+01 9.334E-01 2.841E+04 1.066E+06 2.155E+34 6.159E-09 2.953E-13-9.853E-14 4.294E+07
  8.225E+06 1.314E-29 1.000E-05 2.706E+01 9.402E-01 2.435E+04 1.067E+06 1.521E+37 8.237E-09 2.910E-13-1.318E-13 4.325E+07
  8.325E+06 5.275E-32 1.000E-05 3.150E+01 9.414E-01 2.093E+04 1.068E+06 3.790E+39 9.823E-09 2.862E-13-1.572E-13 4.330E+07
  8.425E+06 4.533E-32 1.000E-05 3.665E+01 9.414E-01 1.800E+04 1.069E+06 4.410E+39 1.143E-08 2.807E-13-1.829E-13 4.330E+07
  8.525E+06 3.896E-32 1.000E-05 4.263E+01 9.414E-01 1.548E+04 1.070E+06 5.132E+39 1.330E-08 2.745E-13-2.128E-13 4.330E+07
  8.625E+06 3.348E-32 1.000E-05 4.959E+01 9.414E-01 1.332E+04 1.072E+06 5.971E+39 1.548E-08 2.675E-13-2.476E-13 4.330E+07
  8.725E+06 2.878E-32 1.000E-05 5.767E+01 9.414E-01 1.146E+04 1.074E+06 6.947E+39 1.800E-08 2.597E-13-2.881E-13 4.330E+07
  8.825E+06 2.474E-32 1.000E-05 6.706E+01 9.414E-01 9.865E+03 1.075E+06 8.080E+39 2.094E-08 2.510E-13-3.351E-13 4.330E+07
  8.925E+06 2.127E-32 1.000E-05 7.797E+01 9.414E-01 8.493E+03 1.078E+06 9.398E+39 2.436E-08 2.414E-13-3.897E-13 4.330E+07
  9.025E+06 1.830E-32 1.000E-05 9.064E+01 9.414E-01 7.314E+03 1.080E+06 1.093E+40 2.832E-08 2.309E-13-4.532E-13 4.330E+07
  9.125E+06 1.574E-32 1.000E-05 1.054E+02 9.414E-01 6.301E+03 1.083E+06 1.271E+40 3.293E-08 2.194E-13-5.269E-13 4.330E+07
  9.225E+06 1.354E-32 1.000E-05 1.224E+02 9.414E-01 5.430E+03 1.086E+06 1.477E+40 3.828E-08 2.071E-13-6.125E-13 4.330E+07
  9.325E+06 1.165E-32 1.000E-05 1.422E+02 9.414E-01 4.680E+03 1.089E+06 1.716E+40 4.449E-08 1.939E-13-7.118E-13 4.330E+07
  9.425E+06 1.003E-32 1.000E-05 1.652E+02 9.414E-01 4.036E+03 1.092E+06 1.994E+40 5.169E-08 1.801E-13-8.270E-13 4.330E+07
  9.525E+06 8.631E-33 1.000E-05 1.918E+02 9.414E-01 3.481E+03 1.096E+06 2.317E+40 6.004E-08 1.656E-13-9.606E-13 4.330E+07
  9.625E+06 7.432E-33 1.000E-05 2.227E+02 9.414E-01 3.004E+03 1.100E+06 2.690E+40 6.972E-08 1.508E-13-1.116E-12 4.330E+07
  9.725E+06 6.401E-33 1.000E-05 2.585E+02 9.414E-01 2.593E+03 1.104E+06 3.123E+40 8.095E-08 1.358E-13-1.295E-12 4.330E+07
  9.825E+06 5.515E-33 1.000E-05 2.999E+02 9.414E-01 2.238E+03 1.107E+06 3.625E+40 9.396E-08 1.209E-13-1.503E-12 4.330E+07
  9.925E+06 4.753E-33 1.000E-05 3.480E+02 9.414E-01 1.932E+03 1.111E+06 4.207E+40 1.090E-07 1.063E-13-1.745E-12 4.330E+07

 S8 AEROSOL PARAMETERS

    Z        AERSOL     RPAR      WFALL     TAUSED    TAUEDD    TAUC      CONVER
  2.500E+04 1.227E-26 1.000E-05 4.739E-04 1.806E+09 7.329E+06 1.561E+35 2.030E+07
  1.250E+05 1.111E-26 1.000E-05 5.061E-04 1.659E+09 7.050E+06 1.650E+35 2.030E+07
  2.250E+05 1.006E-26 1.000E-05 5.433E-04 1.513E+09 6.760E+06 1.740E+35 2.030E+07
  3.250E+05 9.083E-27 1.000E-05 5.864E-04 1.372E+09 6.474E+06 1.830E+35 2.030E+07
  4.250E+05 8.199E-27 1.000E-05 6.365E-04 1.235E+09 6.177E+06 1.921E+35 2.030E+07
  5.250E+05 7.402E-27 1.000E-05 6.952E-04 1.101E+09 5.855E+06 2.011E+35 2.030E+07
  6.250E+05 6.686E-27 1.000E-05 7.645E-04 9.705E+08 5.505E+06 2.101E+35 2.030E+07
  7.250E+05 6.037E-27 1.000E-05 8.471E-04 8.460E+08 5.136E+06 2.191E+35 2.030E+07
  8.250E+05 5.443E-27 1.000E-05 9.462E-04 7.289E+08 4.757E+06 2.280E+35 2.030E+07
  9.250E+05 4.894E-27 1.000E-05 1.066E-03 6.207E+08 4.379E+06 2.369E+35 2.030E+07
  1.025E+06 4.356E-27 1.000E-05 1.211E-03 5.263E+08 5.078E+06 2.463E+35 2.030E+07
  1.125E+06 3.749E-27 1.000E-05 1.377E-03 4.595E+08 1.335E+07 2.574E+35 2.030E+07
  1.225E+06 3.215E-27 1.000E-05 1.573E-03 4.005E+08 2.336E+07 2.689E+35 2.030E+07
  1.325E+06 2.748E-27 1.000E-05 1.804E-03 3.487E+08 4.945E+07 2.808E+35 2.030E+07
  1.425E+06 2.344E-27 1.000E-05 2.075E-03 3.033E+08 6.827E+07 2.933E+35 2.030E+07
  1.525E+06 1.997E-27 1.000E-05 2.393E-03 2.635E+08 8.643E+07 3.068E+35 2.030E+07
  1.625E+06 1.700E-27 1.000E-05 2.765E-03 2.287E+08 9.994E+07 3.214E+35 2.030E+07
  1.725E+06 1.448E-27 1.000E-05 3.200E-03 1.981E+08 1.031E+08 3.376E+35 2.030E+07
  1.825E+06 1.233E-27 1.000E-05 3.709E-03 1.715E+08 1.038E+08 3.558E+35 2.030E+07
  1.925E+06 1.051E-27 1.000E-05 4.303E-03 1.484E+08 9.946E+07 3.766E+35 2.030E+07
  2.025E+06 8.951E-28 1.000E-05 4.995E-03 1.284E+08 8.941E+07 4.005E+35 2.030E+07
  2.125E+06 7.626E-28 1.000E-05 5.800E-03 1.111E+08 8.145E+07 4.284E+35 2.030E+07
  2.225E+06 6.500E-28 1.000E-05 6.737E-03 9.619E+07 7.239E+07 4.610E+35 2.030E+07
  2.325E+06 5.543E-28 1.000E-05 7.824E-03 8.330E+07 6.435E+07 4.995E+35 2.030E+07
  2.425E+06 4.729E-28 1.000E-05 9.084E-03 7.218E+07 5.732E+07 5.449E+35 2.030E+07
  2.525E+06 4.038E-28 1.000E-05 1.054E-02 6.258E+07 5.122E+07 5.988E+35 2.030E+07
  2.625E+06 3.450E-28 1.000E-05 1.223E-02 5.431E+07 4.644E+07 6.627E+35 2.030E+07
  2.725E+06 2.948E-28 1.000E-05 1.418E-02 4.719E+07 4.224E+07 7.386E+35 2.030E+07
  2.825E+06 2.521E-28 1.000E-05 1.643E-02 4.106E+07 3.792E+07 8.284E+35 2.030E+07
  2.925E+06 2.156E-28 1.000E-05 1.902E-02 3.580E+07 3.565E+07 9.346E+35 2.030E+07
  3.025E+06 1.844E-28 1.000E-05 2.199E-02 3.128E+07 3.308E+07 1.060E+36 2.030E+07
  3.125E+06 1.579E-28 1.000E-05 2.540E-02 2.739E+07 3.025E+07 1.207E+36 2.030E+07
  3.225E+06 1.352E-28 1.000E-05 2.929E-02 2.405E+07 2.851E+07 1.378E+36 2.030E+07
  3.325E+06 1.159E-28 1.000E-05 3.373E-02 2.116E+07 2.680E+07 1.577E+36 2.030E+07
  3.425E+06 9.956E-29 1.000E-05 3.879E-02 1.865E+07 2.490E+07 1.807E+36 2.030E+07
  3.525E+06 8.567E-29 1.000E-05 4.452E-02 1.646E+07 2.334E+07 2.071E+36 2.030E+07
  3.625E+06 7.389E-29 1.000E-05 5.103E-02 1.454E+07 2.118E+07 2.373E+36 2.030E+07
  3.725E+06 6.389E-29 1.000E-05 5.840E-02 1.286E+07 1.944E+07 2.717E+36 2.030E+07
  3.825E+06 5.539E-29 1.000E-05 6.672E-02 1.137E+07 1.800E+07 3.107E+36 2.030E+07
  3.925E+06 4.815E-29 1.000E-05 7.613E-02 1.006E+07 1.630E+07 3.549E+36 2.030E+07
  4.025E+06 4.199E-29 1.000E-05 8.675E-02 8.893E+06 1.488E+07 4.049E+36 2.030E+07
  4.125E+06 3.672E-29 1.000E-05 9.875E-02 7.852E+06 1.366E+07 4.612E+36 2.030E+07
  4.225E+06 3.222E-29 1.000E-05 1.123E-01 6.921E+06 1.233E+07 5.245E+36 2.030E+07
  4.325E+06 2.835E-29 1.000E-05 1.277E-01 6.087E+06 1.098E+07 5.958E+36 2.030E+07
  4.425E+06 2.500E-29 1.000E-05 1.451E-01 5.340E+06 9.680E+06 6.763E+36 2.030E+07
  4.525E+06 2.208E-29 1.000E-05 1.649E-01 4.676E+06 8.874E+06 7.674E+36 2.030E+07
  4.625E+06 1.949E-29 1.000E-05 1.875E-01 4.090E+06 7.741E+06 8.711E+36 2.030E+07
  4.725E+06 1.720E-29 1.000E-05 2.134E-01 3.575E+06 6.930E+06 9.897E+36 2.030E+07
  4.825E+06 1.517E-29 1.000E-05 2.431E-01 3.122E+06 6.261E+06 1.125E+37 2.030E+07
  4.925E+06 1.337E-29 1.000E-05 2.771E-01 2.724E+06 5.588E+06 1.280E+37 2.030E+07
  5.025E+06 1.177E-29 1.000E-05 3.161E-01 2.376E+06 5.035E+06 1.458E+37 2.030E+07
  5.125E+06 1.036E-29 1.000E-05 3.608E-01 2.070E+06 4.573E+06 1.661E+37 2.030E+07
  5.225E+06 9.108E-30 1.000E-05 4.122E-01 1.802E+06 4.182E+06 1.894E+37 2.030E+07
  5.325E+06 8.004E-30 1.000E-05 4.712E-01 1.568E+06 3.845E+06 2.162E+37 2.030E+07
  5.425E+06 7.029E-30 1.000E-05 5.391E-01 1.363E+06 3.553E+06 2.468E+37 2.030E+07
  5.525E+06 6.168E-30 1.000E-05 6.173E-01 1.184E+06 3.297E+06 2.821E+37 2.030E+07
  5.625E+06 5.409E-30 1.000E-05 7.074E-01 1.027E+06 3.071E+06 3.226E+37 2.030E+07
  5.725E+06 4.740E-30 1.000E-05 8.112E-01 8.909E+05 2.870E+06 3.692E+37 2.030E+07
  5.825E+06 4.151E-30 1.000E-05 9.310E-01 7.719E+05 2.690E+06 4.229E+37 2.030E+07
  5.925E+06 3.632E-30 1.000E-05 1.069E+00 6.681E+05 2.527E+06 4.848E+37 2.030E+07
  6.025E+06 3.176E-30 1.000E-05 1.229E+00 5.778E+05 2.380E+06 5.561E+37 2.030E+07
  6.125E+06 2.775E-30 1.000E-05 1.415E+00 4.992E+05 2.246E+06 6.384E+37 2.030E+07
  6.225E+06 2.423E-30 1.000E-05 1.629E+00 4.309E+05 2.124E+06 7.336E+37 2.030E+07
  6.325E+06 2.113E-30 1.000E-05 1.878E+00 3.716E+05 2.012E+06 8.435E+37 2.030E+07
  6.425E+06 1.842E-30 1.000E-05 2.166E+00 3.202E+05 1.909E+06 9.708E+37 2.030E+07
  6.525E+06 1.604E-30 1.000E-05 2.501E+00 2.756E+05 1.814E+06 1.118E+38 2.030E+07
  6.625E+06 1.396E-30 1.000E-05 2.891E+00 2.370E+05 1.726E+06 1.289E+38 2.030E+07
  6.725E+06 1.214E-30 1.000E-05 3.344E+00 2.037E+05 1.645E+06 1.488E+38 2.030E+07
  6.825E+06 1.054E-30 1.000E-05 3.872E+00 1.748E+05 1.569E+06 1.718E+38 2.030E+07
  6.925E+06 9.147E-31 1.000E-05 4.487E+00 1.500E+05 1.500E+06 1.987E+38 2.030E+07
  7.025E+06 7.929E-31 1.000E-05 5.205E+00 1.285E+05 1.435E+06 2.299E+38 2.030E+07
  7.125E+06 6.866E-31 1.000E-05 6.044E+00 1.101E+05 1.374E+06 2.662E+38 2.030E+07
  7.225E+06 5.940E-31 1.000E-05 7.023E+00 9.421E+04 1.319E+06 3.087E+38 2.030E+07
  7.325E+06 5.133E-31 1.000E-05 8.168E+00 8.058E+04 1.267E+06 3.582E+38 2.030E+07
  7.425E+06 4.416E-31 1.000E-05 9.506E+00 6.915E+04 1.227E+06 4.167E+38 2.030E+07
  7.525E+06 3.793E-31 1.000E-05 1.106E+01 5.943E+04 1.194E+06 4.851E+38 2.030E+07
  7.625E+06 3.258E-31 1.000E-05 1.288E+01 5.108E+04 1.163E+06 5.648E+38 2.030E+07
  7.725E+06 2.798E-31 1.000E-05 1.499E+01 4.390E+04 1.133E+06 6.575E+38 2.030E+07
  7.825E+06 2.404E-31 1.000E-05 1.744E+01 3.774E+04 1.105E+06 7.654E+38 2.030E+07
  7.925E+06 2.065E-31 1.000E-05 2.030E+01 3.244E+04 1.078E+06 8.910E+38 2.030E+07
  8.025E+06 1.774E-31 1.000E-05 2.362E+01 2.789E+04 1.066E+06 1.037E+39 2.030E+07
  8.125E+06 1.524E-31 1.000E-05 2.748E+01 2.397E+04 1.066E+06 1.207E+39 2.030E+07
  8.225E+06 1.310E-31 1.000E-05 3.197E+01 2.061E+04 1.067E+06 1.405E+39 2.030E+07
  8.325E+06 1.125E-31 1.000E-05 3.720E+01 1.773E+04 1.068E+06 1.635E+39 2.030E+07
  8.425E+06 9.670E-32 1.000E-05 4.327E+01 1.524E+04 1.069E+06 1.903E+39 2.030E+07
  8.525E+06 8.311E-32 1.000E-05 5.034E+01 1.311E+04 1.070E+06 2.214E+39 2.030E+07
  8.625E+06 7.143E-32 1.000E-05 5.855E+01 1.128E+04 1.072E+06 2.576E+39 2.030E+07
  8.725E+06 6.140E-32 1.000E-05 6.810E+01 9.707E+03 1.074E+06 2.997E+39 2.030E+07
  8.825E+06 5.278E-32 1.000E-05 7.918E+01 8.355E+03 1.075E+06 3.486E+39 2.030E+07
  8.925E+06 4.538E-32 1.000E-05 9.207E+01 7.193E+03 1.078E+06 4.054E+39 2.030E+07
  9.025E+06 3.903E-32 1.000E-05 1.070E+02 6.195E+03 1.080E+06 4.714E+39 2.030E+07
  9.125E+06 3.357E-32 1.000E-05 1.244E+02 5.336E+03 1.083E+06 5.481E+39 2.030E+07
  9.225E+06 2.888E-32 1.000E-05 1.446E+02 4.599E+03 1.086E+06 6.371E+39 2.030E+07
  9.325E+06 2.485E-32 1.000E-05 1.679E+02 3.964E+03 1.089E+06 7.405E+39 2.030E+07
  9.425E+06 2.139E-32 1.000E-05 1.951E+02 3.418E+03 1.092E+06 8.603E+39 2.030E+07
  9.525E+06 1.841E-32 1.000E-05 2.265E+02 2.948E+03 1.096E+06 9.994E+39 2.030E+07
  9.625E+06 1.585E-32 1.000E-05 2.630E+02 2.544E+03 1.100E+06 1.161E+40 2.030E+07
  9.725E+06 1.366E-32 1.000E-05 3.052E+02 2.196E+03 1.104E+06 1.347E+40 2.030E+07
  9.825E+06 1.176E-32 1.000E-05 3.542E+02 1.895E+03 1.107E+06 1.564E+40 2.030E+07
  9.925E+06 1.014E-32 1.000E-05 4.109E+02 1.636E+03 1.111E+06 1.815E+40 2.030E+07


 PHOTOLYSIS RATES

     Z      PO2_O1D    PO2_O3P    PH2O_1     PH2O_2     PH2O_3     PO3_O1D    PO3_O      PO3_3O     
 2.50E+04   0.00E+00   7.55E-25   1.88E-25   0.00E+00   0.00E+00   6.82E-06   2.03E-04   4.94E-26
 1.75E+05   0.00E+00   4.45E-23   2.11E-23   0.00E+00   0.00E+00   7.90E-06   2.09E-04   2.46E-22
 3.25E+05   0.00E+00   1.80E-21   1.47E-21   0.00E+00   0.00E+00   8.82E-06   2.15E-04   1.26E-19
 4.75E+05   0.00E+00   4.61E-20   5.50E-20   0.00E+00   0.00E+00   9.61E-06   2.20E-04   1.19E-17
 6.25E+05   0.00E+00   7.73E-19   1.18E-18   0.00E+00   0.00E+00   1.03E-05   2.26E-04   3.94E-16
 7.75E+05   0.00E+00   8.92E-18   1.61E-17   0.00E+00   0.00E+00   1.09E-05   2.30E-04   6.83E-15
 9.25E+05   0.00E+00   7.44E-17   1.53E-16   0.00E+00   0.00E+00   1.15E-05   2.35E-04   7.64E-14
 1.08E+06   0.00E+00   4.61E-16   1.05E-15   0.00E+00   0.00E+00   1.22E-05   2.39E-04   5.99E-13
 1.22E+06   0.00E+00   2.09E-15   5.20E-15   0.00E+00   0.00E+00   1.29E-05   2.42E-04   3.27E-12
 1.38E+06   0.00E+00   7.40E-15   1.97E-14   0.00E+00   0.00E+00   1.37E-05   2.46E-04   1.34E-11
 1.52E+06   0.00E+00   2.23E-14   6.27E-14   0.00E+00   0.00E+00   1.47E-05   2.50E-04   4.55E-11
 1.68E+06   0.00E+00   6.10E-14   1.78E-13   0.00E+00   0.00E+00   1.61E-05   2.54E-04   1.35E-10
 1.82E+06   0.00E+00   1.55E-13   4.69E-13   0.00E+00   0.00E+00   1.82E-05   2.57E-04   3.67E-10
 1.98E+06   0.00E+00   3.73E-13   1.17E-12   0.00E+00   0.00E+00   2.12E-05   2.61E-04   9.21E-10
 2.12E+06   0.00E+00   8.46E-13   2.75E-12   0.00E+00   0.00E+00   2.54E-05   2.64E-04   2.14E-09
 2.28E+06   0.00E+00   1.80E-12   6.10E-12   0.00E+00   0.00E+00   3.13E-05   2.67E-04   4.61E-09
 2.42E+06   0.00E+00   3.61E-12   1.27E-11   0.00E+00   0.00E+00   3.95E-05   2.70E-04   9.18E-09
 2.58E+06   1.00-167   6.78E-12   2.47E-11   4.54-165   6.80-165   5.08E-05   2.74E-04   1.69E-08
 2.72E+06   5.94-137   1.20E-11   4.48E-11   2.69-134   4.04-134   6.66E-05   2.77E-04   2.88E-08
 2.88E+06   1.94-112   2.01E-11   7.67E-11   8.78-110   1.32-109   8.85E-05   2.82E-04   4.57E-08
 3.02E+06   6.03E-93   3.19E-11   1.25E-10   2.73E-90   4.10E-90   1.19E-04   2.86E-04   6.81E-08
 3.18E+06   1.79E-77   4.81E-11   1.96E-10   8.10E-75   1.21E-74   1.60E-04   2.92E-04   9.55E-08
 3.32E+06   3.32E-65   6.94E-11   2.98E-10   1.50E-62   2.25E-62   2.14E-04   2.99E-04   1.27E-07
 3.48E+06   1.81E-55   9.59E-11   4.41E-10   8.21E-53   1.23E-52   2.87E-04   3.08E-04   1.63E-07
 3.62E+06   1.02E-47   1.28E-10   6.30E-10   4.60E-45   6.90E-45   3.86E-04   3.20E-04   2.00E-07
 3.78E+06   1.56E-41   1.64E-10   8.68E-10   7.08E-39   1.06E-38   5.32E-04   3.37E-04   2.39E-07
 3.92E+06   1.42E-36   2.04E-10   1.15E-09   6.43E-34   9.65E-34   7.51E-04   3.62E-04   2.77E-07
 4.08E+06   1.40E-32   2.44E-10   1.47E-09   6.36E-30   9.54E-30   1.06E-03   3.97E-04   3.15E-07
 4.22E+06   2.50E-29   2.83E-10   1.83E-09   1.13E-26   1.70E-26   1.45E-03   4.40E-04   3.50E-07
 4.38E+06   1.21E-26   3.20E-10   2.21E-09   5.49E-24   8.23E-24   1.87E-03   4.87E-04   3.84E-07
 4.52E+06   2.16E-24   3.53E-10   2.63E-09   9.78E-22   1.47E-21   2.27E-03   5.32E-04   4.16E-07
 4.68E+06   1.71E-22   3.85E-10   3.09E-09   7.74E-20   1.16E-19   2.63E-03   5.72E-04   4.46E-07
 4.82E+06   6.73E-21   4.15E-10   3.62E-09   3.05E-18   4.57E-18   2.92E-03   6.05E-04   4.75E-07
 4.98E+06   1.44E-19   4.46E-10   4.28E-09   6.53E-17   9.80E-17   3.15E-03   6.31E-04   5.02E-07
 5.12E+06   1.84E-18   4.79E-10   5.12E-09   8.31E-16   1.25E-15   3.33E-03   6.51E-04   5.29E-07
 5.28E+06   1.50E-17   5.15E-10   6.19E-09   6.79E-15   1.02E-14   3.46E-03   6.66E-04   5.55E-07
 5.42E+06   8.46E-17   5.55E-10   7.54E-09   3.83E-14   5.75E-14   3.56E-03   6.77E-04   5.80E-07
 5.58E+06   3.50E-16   5.99E-10   9.15E-09   1.59E-13   2.38E-13   3.63E-03   6.85E-04   6.05E-07
 5.72E+06   1.13E-15   6.47E-10   1.10E-08   5.09E-13   7.63E-13   3.68E-03   6.90E-04   6.29E-07
 5.88E+06   3.19E-15   7.01E-10   1.31E-08   1.37E-12   2.06E-12   3.71E-03   6.94E-04   6.52E-07
 6.02E+06   1.13E-14   7.63E-10   1.55E-08   3.86E-12   5.79E-12   3.74E-03   6.97E-04   6.75E-07
 6.18E+06   6.36E-14   8.35E-10   1.81E-08   1.58E-11   2.37E-11   3.75E-03   6.99E-04   6.97E-07
 6.32E+06   3.69E-13   9.19E-10   2.15E-08   7.89E-11   1.18E-10   3.76E-03   7.00E-04   7.19E-07
 6.48E+06   1.70E-12   1.02E-09   2.69E-08   3.46E-10   5.19E-10   3.77E-03   7.01E-04   7.43E-07
 6.62E+06   6.09E-12   1.15E-09   3.74E-08   1.21E-09   1.81E-09   3.78E-03   7.02E-04   7.75E-07
 6.78E+06   1.74E-11   1.31E-09   5.89E-08   3.41E-09   5.11E-09   3.78E-03   7.02E-04   8.25E-07
 6.92E+06   4.14E-11   1.54E-09   9.94E-08   7.99E-09   1.20E-08   3.78E-03   7.02E-04   9.09E-07
 7.08E+06   8.42E-11   1.86E-09   1.68E-07   1.60E-08   2.40E-08   3.78E-03   7.03E-04   1.04E-06
 7.22E+06   1.50E-10   2.30E-09   2.69E-07   2.83E-08   4.24E-08   3.78E-03   7.03E-04   1.23E-06
 7.38E+06   2.41E-10   2.90E-09   4.05E-07   4.48E-08   6.71E-08   3.78E-03   7.03E-04   1.48E-06
 7.52E+06   3.52E-10   3.69E-09   5.70E-07   6.48E-08   9.72E-08   3.78E-03   7.03E-04   1.78E-06
 7.68E+06   4.77E-10   4.68E-09   7.55E-07   8.71E-08   1.31E-07   3.78E-03   7.03E-04   2.11E-06
 7.82E+06   6.11E-10   5.92E-09   9.50E-07   1.10E-07   1.66E-07   3.78E-03   7.03E-04   2.45E-06
 7.98E+06   7.54E-10   7.42E-09   1.15E-06   1.33E-07   2.00E-07   3.78E-03   7.03E-04   2.79E-06
 8.12E+06   9.21E-10   9.21E-09   1.34E-06   1.56E-07   2.33E-07   3.78E-03   7.03E-04   3.12E-06
 8.28E+06   1.14E-09   1.14E-08   1.53E-06   1.77E-07   2.66E-07   3.78E-03   7.03E-04   3.44E-06
 8.42E+06   1.47E-09   1.41E-08   1.72E-06   1.98E-07   2.97E-07   3.79E-03   7.03E-04   3.76E-06
 8.58E+06   1.95E-09   1.74E-08   1.92E-06   2.19E-07   3.28E-07   3.79E-03   7.03E-04   4.09E-06
 8.72E+06   2.68E-09   2.16E-08   2.12E-06   2.40E-07   3.59E-07   3.79E-03   7.03E-04   4.42E-06
 8.88E+06   3.91E-09   2.68E-08   2.34E-06   2.61E-07   3.91E-07   3.79E-03   7.03E-04   4.77E-06
 9.02E+06   6.28E-09   3.29E-08   2.57E-06   2.83E-07   4.23E-07   3.79E-03   7.03E-04   5.13E-06
 9.18E+06   1.13E-08   4.00E-08   2.82E-06   3.05E-07   4.54E-07   3.79E-03   7.03E-04   5.49E-06
 9.32E+06   2.17E-08   4.77E-08   3.09E-06   3.27E-07   4.83E-07   3.79E-03   7.03E-04   5.85E-06
 9.48E+06   4.30E-08   5.57E-08   3.39E-06   3.48E-07   5.11E-07   3.79E-03   7.03E-04   6.20E-06
 9.62E+06   8.62E-08   6.43E-08   3.76E-06   3.68E-07   5.37E-07   3.79E-03   7.03E-04   6.54E-06
 9.78E+06   1.82E-07   7.40E-08   4.24E-06   3.88E-07   5.61E-07   3.79E-03   7.03E-04   6.89E-06
 9.92E+06   5.39E-07   9.32E-08   4.98E-06   4.10E-07   5.83E-07   3.79E-03   7.03E-04   7.32E-06

     Z      PH2O2      PCO2_1     PCO2_2     PH2CO_1    PH2CO_2    PHO2       PCH4_1     PCH4_2     
 2.50E+04   1.95E-06   4.27E-31   0.00E+00   1.65E-05   9.60E-06   5.74E-19   0.00E+00   0.00E+00
 1.75E+05   2.20E-06   3.65E-27   0.00E+00   1.90E-05   1.12E-05   3.32E-17   0.00E+00   0.00E+00
 3.25E+05   2.40E-06   2.24E-24   0.00E+00   2.11E-05   1.26E-05   1.31E-15   0.00E+00   0.00E+00
 4.75E+05   2.57E-06   2.23E-22   0.00E+00   2.31E-05   1.39E-05   3.30E-14   0.00E+00   0.00E+00
 6.25E+05   2.69E-06   7.48E-21   0.00E+00   2.49E-05   1.51E-05   5.46E-13   0.00E+00   0.00E+00
 7.75E+05   2.80E-06   1.30E-19   0.00E+00   2.65E-05   1.62E-05   6.24E-12   0.00E+00   0.00E+00
 9.25E+05   2.88E-06   1.46E-18   0.00E+00   2.79E-05   1.72E-05   5.16E-11   0.00E+00   0.00E+00
 1.08E+06   2.99E-06   1.15E-17   0.00E+00   2.93E-05   1.82E-05   3.18E-10   0.00E+00   0.00E+00
 1.22E+06   3.11E-06   6.29E-17   0.00E+00   3.04E-05   1.90E-05   1.43E-09   0.00E+00   0.00E+00
 1.38E+06   3.23E-06   2.58E-16   0.00E+00   3.14E-05   1.97E-05   5.02E-09   0.00E+00   0.00E+00
 1.52E+06   3.35E-06   8.72E-16   0.00E+00   3.24E-05   2.05E-05   1.50E-08   0.00E+00   0.00E+00
 1.68E+06   3.49E-06   2.60E-15   0.00E+00   3.33E-05   2.13E-05   4.07E-08   0.00E+00   0.00E+00
 1.82E+06   3.64E-06   7.20E-15   0.00E+00   3.42E-05   2.22E-05   1.03E-07   0.00E+00   0.00E+00
 1.98E+06   3.82E-06   1.88E-14   0.00E+00   3.50E-05   2.31E-05   2.45E-07   0.00E+00   0.00E+00
 2.12E+06   4.04E-06   4.64E-14   0.00E+00   3.57E-05   2.42E-05   5.50E-07   0.00E+00   0.00E+00
 2.28E+06   4.31E-06   1.08E-13   0.00E+00   3.64E-05   2.54E-05   1.16E-06   0.00E+00   0.00E+00
 2.42E+06   4.68E-06   2.33E-13   0.00E+00   3.71E-05   2.67E-05   2.31E-06   0.00E+00   0.00E+00
 2.58E+06   5.16E-06   4.67E-13   2.01-166   3.78E-05   2.81E-05   4.31E-06   1.63-164   3.17-164
 2.72E+06   5.82E-06   8.64E-13   1.19-135   3.85E-05   2.96E-05   7.61E-06   9.70-134   1.88-133
 2.88E+06   6.69E-06   1.49E-12   3.90-111   3.93E-05   3.13E-05   1.27E-05   3.16-109   6.14-109
 3.02E+06   7.84E-06   2.40E-12   1.21E-91   4.00E-05   3.31E-05   2.01E-05   9.84E-90   1.91E-89
 3.18E+06   9.28E-06   3.67E-12   3.59E-76   4.07E-05   3.49E-05   3.03E-05   2.92E-74   5.67E-74
 3.32E+06   1.11E-05   5.34E-12   6.67E-64   4.15E-05   3.67E-05   4.37E-05   5.42E-62   1.05E-61
 3.48E+06   1.32E-05   7.45E-12   3.64E-54   4.22E-05   3.85E-05   6.05E-05   2.96E-52   5.74E-52
 3.62E+06   1.57E-05   1.00E-11   2.04E-46   4.29E-05   4.03E-05   8.09E-05   1.66E-44   3.22E-44
 3.78E+06   1.86E-05   1.30E-11   3.14E-40   4.35E-05   4.19E-05   1.05E-04   2.55E-38   4.95E-38
 3.92E+06   2.21E-05   1.64E-11   2.85E-35   4.42E-05   4.34E-05   1.31E-04   2.32E-33   4.50E-33
 4.08E+06   2.60E-05   2.00E-11   2.82E-31   4.48E-05   4.47E-05   1.59E-04   2.29E-29   4.45E-29
 4.22E+06   3.01E-05   2.39E-11   5.03E-28   4.54E-05   4.57E-05   1.86E-04   4.09E-26   7.93E-26
 4.38E+06   3.42E-05   2.78E-11   2.44E-25   4.58E-05   4.66E-05   2.10E-04   1.98E-23   3.84E-23
 4.52E+06   3.79E-05   3.19E-11   4.34E-23   4.62E-05   4.73E-05   2.31E-04   3.53E-21   6.85E-21
 4.68E+06   4.10E-05   3.61E-11   3.44E-21   4.66E-05   4.78E-05   2.48E-04   2.79E-19   5.42E-19
 4.82E+06   4.35E-05   4.06E-11   1.35E-19   4.68E-05   4.82E-05   2.61E-04   1.10E-17   2.13E-17
 4.98E+06   4.55E-05   4.54E-11   2.90E-18   4.70E-05   4.85E-05   2.71E-04   2.35E-16   4.57E-16
 5.12E+06   4.71E-05   5.07E-11   3.69E-17   4.71E-05   4.87E-05   2.79E-04   3.00E-15   5.82E-15
 5.28E+06   4.82E-05   5.66E-11   3.02E-16   4.72E-05   4.89E-05   2.85E-04   2.45E-14   4.76E-14
 5.42E+06   4.91E-05   6.32E-11   1.70E-15   4.73E-05   4.90E-05   2.89E-04   1.38E-13   2.68E-13
 5.58E+06   4.97E-05   7.04E-11   7.04E-15   4.74E-05   4.91E-05   2.93E-04   5.72E-13   1.11E-12
 5.72E+06   5.01E-05   7.83E-11   2.26E-14   4.74E-05   4.91E-05   2.95E-04   1.84E-12   3.56E-12
 5.88E+06   5.05E-05   8.67E-11   6.13E-14   4.74E-05   4.92E-05   2.97E-04   4.99E-12   9.47E-12
 6.02E+06   5.07E-05   9.56E-11   1.79E-13   4.75E-05   4.92E-05   2.99E-04   1.48E-11   2.49E-11
 6.18E+06   5.09E-05   1.05E-10   7.80E-13   4.75E-05   4.92E-05   3.00E-04   6.61E-11   8.85E-11
 6.32E+06   5.10E-05   1.15E-10   4.04E-12   4.75E-05   4.92E-05   3.01E-04   3.47E-10   4.05E-10
 6.48E+06   5.11E-05   1.26E-10   1.79E-11   4.75E-05   4.92E-05   3.01E-04   1.54E-09   1.72E-09
 6.62E+06   5.12E-05   1.38E-10   6.28E-11   4.75E-05   4.93E-05   3.02E-04   5.41E-09   5.94E-09
 6.78E+06   5.13E-05   1.52E-10   1.77E-10   4.75E-05   4.93E-05   3.02E-04   1.52E-08   1.66E-08
 6.92E+06   5.13E-05   1.67E-10   4.14E-10   4.75E-05   4.93E-05   3.03E-04   3.56E-08   3.88E-08
 7.08E+06   5.14E-05   1.86E-10   8.31E-10   4.76E-05   4.93E-05   3.03E-04   7.14E-08   7.76E-08
 7.22E+06   5.16E-05   2.07E-10   1.46E-09   4.76E-05   4.94E-05   3.03E-04   1.26E-07   1.36E-07
 7.38E+06   5.17E-05   2.33E-10   2.32E-09   4.77E-05   4.94E-05   3.04E-04   1.99E-07   2.16E-07
 7.52E+06   5.19E-05   2.63E-10   3.36E-09   4.77E-05   4.95E-05   3.04E-04   2.88E-07   3.12E-07
 7.68E+06   5.21E-05   2.97E-10   4.51E-09   4.78E-05   4.96E-05   3.04E-04   3.86E-07   4.18E-07
 7.82E+06   5.24E-05   3.36E-10   5.72E-09   4.79E-05   4.97E-05   3.04E-04   4.89E-07   5.29E-07
 7.98E+06   5.26E-05   3.79E-10   6.92E-09   4.80E-05   4.97E-05   3.05E-04   5.91E-07   6.39E-07
 8.12E+06   5.28E-05   4.26E-10   8.08E-09   4.81E-05   4.98E-05   3.05E-04   6.90E-07   7.46E-07
 8.28E+06   5.31E-05   4.78E-10   9.21E-09   4.81E-05   4.99E-05   3.05E-04   7.86E-07   8.50E-07
 8.42E+06   5.33E-05   5.35E-10   1.03E-08   4.82E-05   5.00E-05   3.05E-04   8.82E-07   9.53E-07
 8.58E+06   5.35E-05   6.00E-10   1.15E-08   4.83E-05   5.01E-05   3.06E-04   9.79E-07   1.06E-06
 8.72E+06   5.38E-05   6.75E-10   1.28E-08   4.84E-05   5.02E-05   3.06E-04   1.08E-06   1.17E-06
 8.88E+06   5.40E-05   7.63E-10   1.43E-08   4.85E-05   5.03E-05   3.06E-04   1.19E-06   1.29E-06
 9.02E+06   5.43E-05   8.73E-10   1.59E-08   4.86E-05   5.04E-05   3.06E-04   1.30E-06   1.40E-06
 9.18E+06   5.45E-05   1.02E-09   1.78E-08   4.88E-05   5.06E-05   3.07E-04   1.41E-06   1.53E-06
 9.32E+06   5.48E-05   1.24E-09   1.98E-08   4.91E-05   5.08E-05   3.07E-04   1.53E-06   1.65E-06
 9.48E+06   5.51E-05   1.60E-09   2.21E-08   4.94E-05   5.12E-05   3.07E-04   1.64E-06   1.76E-06
 9.62E+06   5.54E-05   2.19E-09   2.49E-08   4.98E-05   5.16E-05   3.07E-04   1.76E-06   1.88E-06
 9.78E+06   5.59E-05   3.09E-09   2.93E-08   5.02E-05   5.20E-05   3.07E-04   1.87E-06   1.99E-06
 9.92E+06   5.66E-05   4.34E-09   4.33E-08   5.08E-05   5.26E-05   3.07E-04   2.00E-06   2.11E-06

     Z      PCH4_3     PC2H6_1    PC2H6_2    PHNO2_1    PHNO3      PHNO3_3    PHNO3_1    PNO        
 2.50E+04   0.00E+00   0.00E+00   0.00E+00   5.39E-04   1.48E-07   2.20E-26   1.58E-26   0.00E+00
 1.75E+05   0.00E+00   0.00E+00   0.00E+00   5.98E-04   1.66E-07   2.84E-22   2.04E-22   0.00E+00
 3.25E+05   0.00E+00   0.00E+00   0.00E+00   6.51E-04   1.79E-07   1.89E-19   1.36E-19   0.00E+00
 4.75E+05   0.00E+00   0.00E+00   0.00E+00   6.99E-04   1.88E-07   1.95E-17   1.40E-17   7.54-119
 6.25E+05   0.00E+00   0.00E+00   0.00E+00   7.43E-04   1.92E-07   6.74E-16   4.84E-16   7.16E-90
 7.75E+05   0.00E+00   0.00E+00   0.00E+00   7.82E-04   1.91E-07   1.20E-14   8.59E-15   1.92E-72
 9.25E+05   0.00E+00   0.00E+00   0.00E+00   8.17E-04   1.88E-07   1.36E-13   9.79E-14   1.57E-59
 1.08E+06   0.00E+00   0.00E+00   0.00E+00   8.48E-04   1.89E-07   1.09E-12   7.86E-13   2.80E-49
 1.22E+06   0.00E+00   0.00E+00   0.00E+00   8.75E-04   1.98E-07   6.17E-12   4.43E-12   4.37E-41
 1.38E+06   0.00E+00   0.00E+00   0.00E+00   8.99E-04   2.09E-07   2.60E-11   1.87E-11   1.42E-34
 1.52E+06   0.00E+00   0.00E+00   0.00E+00   9.21E-04   2.26E-07   9.08E-11   6.52E-11   2.18E-29
 1.68E+06   0.00E+00   0.00E+00   0.00E+00   9.41E-04   2.55E-07   2.81E-10   2.02E-10   3.05E-25
 1.82E+06   0.00E+00   0.00E+00   0.00E+00   9.57E-04   3.08E-07   8.16E-10   5.86E-10   6.64E-22
 1.98E+06   0.00E+00   0.00E+00   0.00E+00   9.70E-04   4.09E-07   2.27E-09   1.63E-09   3.40E-19
 2.12E+06   0.00E+00   0.00E+00   0.00E+00   9.81E-04   5.98E-07   6.02E-09   4.32E-09   5.61E-17
 2.28E+06   0.00E+00   0.00E+00   0.00E+00   9.89E-04   9.40E-07   1.50E-08   1.08E-08   3.79E-15
 2.42E+06   0.00E+00   0.00E+00   0.00E+00   9.97E-04   1.52E-06   3.47E-08   2.49E-08   1.24E-13
 2.58E+06   4.90-164   0.00E+00   3.23-165   1.00E-03   2.44E-06   7.32E-08   5.26E-08   2.22E-12
 2.72E+06   2.91-133   0.00E+00   1.91-134   1.01E-03   3.80E-06   1.42E-07   1.02E-07   2.40E-11
 2.88E+06   9.48-109   0.00E+00   6.24-110   1.01E-03   5.66E-06   2.52E-07   1.81E-07   1.68E-10
 3.02E+06   2.95E-89   0.00E+00   1.94E-90   1.02E-03   8.05E-06   4.16E-07   2.99E-07   8.16E-10
 3.18E+06   8.74E-74   0.00E+00   5.76E-75   1.03E-03   1.09E-05   6.43E-07   4.62E-07   2.94E-09
 3.32E+06   1.62E-61   0.00E+00   1.07E-62   1.04E-03   1.42E-05   9.38E-07   6.73E-07   8.30E-09
 3.48E+06   8.86E-52   0.00E+00   5.84E-53   1.04E-03   1.77E-05   1.30E-06   9.32E-07   1.93E-08
 3.62E+06   4.97E-44   0.00E+00   3.27E-45   1.05E-03   2.14E-05   1.72E-06   1.23E-06   3.84E-08
 3.78E+06   7.64E-38   0.00E+00   5.04E-39   1.07E-03   2.51E-05   2.18E-06   1.57E-06   6.78E-08
 3.92E+06   6.94E-33   0.00E+00   4.58E-34   1.08E-03   2.89E-05   2.68E-06   1.93E-06   1.09E-07
 4.08E+06   6.87E-29   0.00E+00   4.53E-30   1.09E-03   3.24E-05   3.19E-06   2.29E-06   1.61E-07
 4.22E+06   1.22E-25   0.00E+00   8.06E-27   1.10E-03   3.57E-05   3.70E-06   2.66E-06   2.25E-07
 4.38E+06   5.93E-23   0.00E+00   3.91E-24   1.12E-03   3.86E-05   4.20E-06   3.02E-06   2.99E-07
 4.52E+06   1.06E-20   0.00E+00   6.96E-22   1.13E-03   4.11E-05   4.69E-06   3.37E-06   3.83E-07
 4.68E+06   8.36E-19   0.00E+00   5.51E-20   1.14E-03   4.31E-05   5.16E-06   3.71E-06   4.75E-07
 4.82E+06   3.29E-17   0.00E+00   2.17E-18   1.14E-03   4.48E-05   5.63E-06   4.04E-06   5.75E-07
 4.98E+06   7.05E-16   0.00E+00   4.65E-17   1.15E-03   4.61E-05   6.09E-06   4.38E-06   6.81E-07
 5.12E+06   8.97E-15   0.00E+00   5.91E-16   1.15E-03   4.72E-05   6.55E-06   4.70E-06   7.93E-07
 5.28E+06   7.34E-14   0.00E+00   4.83E-15   1.16E-03   4.81E-05   7.00E-06   5.03E-06   9.09E-07
 5.42E+06   4.14E-13   0.00E+00   2.73E-14   1.16E-03   4.89E-05   7.45E-06   5.35E-06   1.03E-06
 5.58E+06   1.71E-12   0.00E+00   1.13E-13   1.16E-03   4.94E-05   7.89E-06   5.66E-06   1.15E-06
 5.72E+06   5.48E-12   0.00E+00   3.64E-13   1.16E-03   4.99E-05   8.32E-06   5.97E-06   1.28E-06
 5.88E+06   1.42E-11   0.00E+00   1.04E-12   1.16E-03   5.03E-05   8.73E-06   6.27E-06   1.40E-06
 6.02E+06   3.16E-11   0.00E+00   3.93E-12   1.16E-03   5.07E-05   9.13E-06   6.55E-06   1.53E-06
 6.18E+06   6.64E-11   0.00E+00   2.33E-11   1.16E-03   5.09E-05   9.51E-06   6.83E-06   1.65E-06
 6.32E+06   1.54E-10   0.00E+00   1.37E-10   1.16E-03   5.12E-05   9.88E-06   7.09E-06   1.77E-06
 6.48E+06   4.20E-10   0.00E+00   6.24E-10   1.16E-03   5.14E-05   1.02E-05   7.35E-06   1.90E-06
 6.62E+06   1.18E-09   0.00E+00   2.19E-09   1.16E-03   5.16E-05   1.06E-05   7.60E-06   2.03E-06
 6.78E+06   3.03E-09   0.00E+00   6.12E-09   1.16E-03   5.17E-05   1.09E-05   7.85E-06   2.16E-06
 6.92E+06   6.78E-09   0.00E+00   1.41E-08   1.16E-03   5.19E-05   1.13E-05   8.10E-06   2.30E-06
 7.08E+06   1.33E-08   0.00E+00   2.80E-08   1.16E-03   5.21E-05   1.16E-05   8.36E-06   2.45E-06
 7.22E+06   2.30E-08   0.00E+00   4.87E-08   1.16E-03   5.23E-05   1.20E-05   8.65E-06   2.62E-06
 7.38E+06   3.61E-08   0.00E+00   7.62E-08   1.16E-03   5.25E-05   1.25E-05   8.96E-06   2.80E-06
 7.52E+06   5.19E-08   0.00E+00   1.09E-07   1.16E-03   5.29E-05   1.29E-05   9.29E-06   3.01E-06
 7.68E+06   6.93E-08   0.00E+00   1.45E-07   1.16E-03   5.34E-05   1.34E-05   9.64E-06   3.22E-06
 7.82E+06   8.75E-08   0.00E+00   1.83E-07   1.16E-03   5.38E-05   1.39E-05   1.00E-05   3.45E-06
 7.98E+06   1.06E-07   0.00E+00   2.20E-07   1.16E-03   5.42E-05   1.44E-05   1.04E-05   3.68E-06
 8.12E+06   1.23E-07   0.00E+00   2.56E-07   1.16E-03   5.47E-05   1.50E-05   1.07E-05   3.92E-06
 8.28E+06   1.41E-07   0.00E+00   2.92E-07   1.16E-03   5.51E-05   1.55E-05   1.11E-05   4.16E-06
 8.42E+06   1.58E-07   0.00E+00   3.29E-07   1.16E-03   5.55E-05   1.60E-05   1.15E-05   4.40E-06
 8.58E+06   1.76E-07   0.00E+00   3.69E-07   1.16E-03   5.60E-05   1.64E-05   1.18E-05   4.64E-06
 8.72E+06   1.96E-07   0.00E+00   4.12E-07   1.16E-03   5.64E-05   1.69E-05   1.22E-05   4.88E-06
 8.88E+06   2.16E-07   0.00E+00   4.59E-07   1.16E-03   5.68E-05   1.74E-05   1.25E-05   5.12E-06
 9.02E+06   2.38E-07   0.00E+00   5.09E-07   1.16E-03   5.72E-05   1.79E-05   1.28E-05   5.36E-06
 9.18E+06   2.59E-07   0.00E+00   5.60E-07   1.16E-03   5.76E-05   1.84E-05   1.32E-05   5.61E-06
 9.32E+06   2.81E-07   0.00E+00   6.12E-07   1.17E-03   5.80E-05   1.88E-05   1.35E-05   5.87E-06
 9.48E+06   3.02E-07   0.00E+00   6.63E-07   1.17E-03   5.84E-05   1.93E-05   1.39E-05   6.15E-06
 9.62E+06   3.23E-07   0.00E+00   7.12E-07   1.17E-03   5.89E-05   1.99E-05   1.43E-05   6.48E-06
 9.78E+06   3.42E-07   0.00E+00   7.59E-07   1.17E-03   5.94E-05   2.05E-05   1.47E-05   6.88E-06
 9.92E+06   3.61E-07   0.00E+00   8.05E-07   1.17E-03   6.01E-05   2.13E-05   1.53E-05   7.49E-06

     Z      PNO2_O1D   PNO2       PCH3_1     PSO        PH2S       PSO2       PSO2_SO21  PSO2_SO23  
 2.50E+04   2.75E-20   3.57E-03   3.18E-19   8.70E-19   2.34E-14   4.86E-19   3.51E-05   4.26E-07
 1.75E+05   1.55E-18   3.91E-03   1.81E-17   5.41E-17   2.84E-14   3.10E-17   4.15E-05   4.70E-07
 3.25E+05   5.96E-17   4.22E-03   7.07E-16   2.29E-15   3.41E-14   1.35E-15   4.74E-05   5.09E-07
 4.75E+05   1.47E-15   4.50E-03   1.76E-14   6.08E-14   6.42E-14   3.65E-14   5.28E-05   5.44E-07
 6.25E+05   2.39E-14   4.75E-03   2.86E-13   1.04E-12   5.07E-13   6.36E-13   5.79E-05   5.76E-07
 7.75E+05   2.69E-13   4.97E-03   3.21E-12   1.22E-11   5.59E-12   7.52E-12   6.26E-05   6.04E-07
 9.25E+05   2.20E-12   5.18E-03   2.61E-11   1.03E-10   4.74E-11   6.39E-11   6.71E-05   6.30E-07
 1.08E+06   1.34E-11   5.36E-03   1.58E-10   6.44E-10   2.99E-10   4.01E-10   7.12E-05   6.53E-07
 1.22E+06   6.00E-11   5.51E-03   6.98E-10   2.93E-09   1.37E-09   1.83E-09   7.50E-05   6.73E-07
 1.38E+06   2.10E-10   5.65E-03   2.42E-09   1.04E-08   4.89E-09   6.51E-09   7.87E-05   6.90E-07
 1.52E+06   6.26E-10   5.78E-03   7.15E-09   3.13E-08   1.48E-08   1.96E-08   8.30E-05   7.06E-07
 1.68E+06   1.69E-09   5.90E-03   1.92E-08   8.49E-08   4.01E-08   5.31E-08   8.83E-05   7.20E-07
 1.82E+06   4.28E-09   6.00E-03   4.82E-08   2.14E-07   1.01E-07   1.33E-07   9.50E-05   7.32E-07
 1.98E+06   1.02E-08   6.08E-03   1.15E-07   5.06E-07   2.37E-07   3.14E-07   1.04E-04   7.41E-07
 2.12E+06   2.31E-08   6.14E-03   2.58E-07   1.12E-06   5.24E-07   6.93E-07   1.15E-04   7.48E-07
 2.28E+06   4.92E-08   6.19E-03   5.50E-07   2.34E-06   1.08E-06   1.43E-06   1.29E-04   7.53E-07
 2.42E+06   9.88E-08   6.23E-03   1.11E-06   4.56E-06   2.09E-06   2.77E-06   1.46E-04   7.57E-07
 2.58E+06   1.87E-07   6.27E-03   2.13E-06   8.30E-06   3.78E-06   5.01E-06   1.67E-04   7.60E-07
 2.72E+06   3.36E-07   6.30E-03   3.90E-06   1.42E-05   6.41E-06   8.49E-06   1.93E-04   7.62E-07
 2.88E+06   5.70E-07   6.33E-03   6.76E-06   2.27E-05   1.02E-05   1.35E-05   2.25E-04   7.64E-07
 3.02E+06   9.21E-07   6.35E-03   1.11E-05   3.41E-05   1.54E-05   2.03E-05   2.62E-04   7.65E-07
 3.18E+06   1.42E-06   6.37E-03   1.69E-05   4.84E-05   2.19E-05   2.87E-05   3.06E-04   7.67E-07
 3.32E+06   2.09E-06   6.39E-03   2.42E-05   6.51E-05   2.97E-05   3.86E-05   3.55E-04   7.68E-07
 3.48E+06   2.95E-06   6.41E-03   3.24E-05   8.35E-05   3.87E-05   4.96E-05   4.08E-04   7.68E-07
 3.62E+06   4.01E-06   6.43E-03   4.10E-05   1.03E-04   4.84E-05   6.11E-05   4.65E-04   7.69E-07
 3.78E+06   5.25E-06   6.44E-03   4.94E-05   1.22E-04   5.86E-05   7.26E-05   5.24E-04   7.69E-07
 3.92E+06   6.63E-06   6.45E-03   5.70E-05   1.39E-04   6.88E-05   8.34E-05   5.85E-04   7.69E-07
 4.08E+06   8.02E-06   6.46E-03   6.34E-05   1.55E-04   7.83E-05   9.29E-05   6.43E-04   7.70E-07
 4.22E+06   9.32E-06   6.47E-03   6.86E-05   1.68E-04   8.68E-05   1.01E-04   6.97E-04   7.70E-07
 4.38E+06   1.05E-05   6.48E-03   7.27E-05   1.79E-04   9.40E-05   1.07E-04   7.44E-04   7.70E-07
 4.52E+06   1.14E-05   6.49E-03   7.57E-05   1.87E-04   9.99E-05   1.13E-04   7.83E-04   7.70E-07
 4.68E+06   1.22E-05   6.49E-03   7.81E-05   1.94E-04   1.05E-04   1.17E-04   8.14E-04   7.70E-07
 4.82E+06   1.27E-05   6.49E-03   7.99E-05   2.00E-04   1.09E-04   1.20E-04   8.39E-04   7.70E-07
 4.98E+06   1.32E-05   6.50E-03   8.12E-05   2.04E-04   1.12E-04   1.23E-04   8.57E-04   7.71E-07
 5.12E+06   1.36E-05   6.50E-03   8.22E-05   2.08E-04   1.14E-04   1.25E-04   8.70E-04   7.71E-07
 5.28E+06   1.38E-05   6.50E-03   8.30E-05   2.10E-04   1.16E-04   1.27E-04   8.80E-04   7.71E-07
 5.42E+06   1.40E-05   6.50E-03   8.36E-05   2.13E-04   1.17E-04   1.29E-04   8.87E-04   7.71E-07
 5.58E+06   1.42E-05   6.50E-03   8.40E-05   2.15E-04   1.19E-04   1.30E-04   8.92E-04   7.71E-07
 5.72E+06   1.43E-05   6.50E-03   8.44E-05   2.16E-04   1.20E-04   1.31E-04   8.96E-04   7.71E-07
 5.88E+06   1.45E-05   6.50E-03   8.46E-05   2.17E-04   1.21E-04   1.32E-04   8.98E-04   7.71E-07
 6.02E+06   1.45E-05   6.50E-03   8.48E-05   2.19E-04   1.21E-04   1.32E-04   9.00E-04   7.71E-07
 6.18E+06   1.46E-05   6.50E-03   8.50E-05   2.19E-04   1.22E-04   1.33E-04   9.01E-04   7.71E-07
 6.32E+06   1.47E-05   6.50E-03   8.51E-05   2.20E-04   1.22E-04   1.34E-04   9.02E-04   7.71E-07
 6.48E+06   1.48E-05   6.50E-03   8.52E-05   2.21E-04   1.23E-04   1.34E-04   9.03E-04   7.71E-07
 6.62E+06   1.48E-05   6.50E-03   8.53E-05   2.22E-04   1.23E-04   1.35E-04   9.03E-04   7.71E-07
 6.78E+06   1.49E-05   6.50E-03   8.53E-05   2.22E-04   1.24E-04   1.35E-04   9.03E-04   7.71E-07
 6.92E+06   1.50E-05   6.50E-03   8.54E-05   2.22E-04   1.24E-04   1.36E-04   9.03E-04   7.71E-07
 7.08E+06   1.51E-05   6.51E-03   8.54E-05   2.23E-04   1.24E-04   1.36E-04   9.03E-04   7.71E-07
 7.22E+06   1.53E-05   6.51E-03   8.54E-05   2.23E-04   1.25E-04   1.37E-04   9.03E-04   7.71E-07
 7.38E+06   1.54E-05   6.51E-03   8.54E-05   2.23E-04   1.26E-04   1.37E-04   9.03E-04   7.71E-07
 7.52E+06   1.56E-05   6.51E-03   8.55E-05   2.24E-04   1.26E-04   1.38E-04   9.04E-04   7.71E-07
 7.68E+06   1.58E-05   6.51E-03   8.55E-05   2.24E-04   1.27E-04   1.39E-04   9.04E-04   7.71E-07
 7.82E+06   1.60E-05   6.51E-03   8.55E-05   2.24E-04   1.28E-04   1.40E-04   9.04E-04   7.71E-07
 7.98E+06   1.63E-05   6.51E-03   8.55E-05   2.24E-04   1.28E-04   1.41E-04   9.04E-04   7.71E-07
 8.12E+06   1.65E-05   6.51E-03   8.55E-05   2.24E-04   1.29E-04   1.42E-04   9.04E-04   7.71E-07
 8.28E+06   1.67E-05   6.51E-03   8.55E-05   2.25E-04   1.30E-04   1.42E-04   9.04E-04   7.71E-07
 8.42E+06   1.70E-05   6.51E-03   8.55E-05   2.25E-04   1.30E-04   1.43E-04   9.04E-04   7.71E-07
 8.58E+06   1.72E-05   6.51E-03   8.55E-05   2.25E-04   1.31E-04   1.44E-04   9.04E-04   7.71E-07
 8.72E+06   1.74E-05   6.51E-03   8.55E-05   2.25E-04   1.31E-04   1.45E-04   9.04E-04   7.71E-07
 8.88E+06   1.77E-05   6.51E-03   8.55E-05   2.25E-04   1.32E-04   1.45E-04   9.04E-04   7.71E-07
 9.02E+06   1.80E-05   6.51E-03   8.55E-05   2.25E-04   1.33E-04   1.46E-04   9.04E-04   7.71E-07
 9.18E+06   1.83E-05   6.51E-03   8.55E-05   2.25E-04   1.33E-04   1.47E-04   9.04E-04   7.71E-07
 9.32E+06   1.86E-05   6.51E-03   8.55E-05   2.25E-04   1.34E-04   1.48E-04   9.04E-04   7.71E-07
 9.48E+06   1.89E-05   6.51E-03   8.55E-05   2.25E-04   1.35E-04   1.49E-04   9.04E-04   7.71E-07
 9.62E+06   1.93E-05   6.51E-03   8.55E-05   2.25E-04   1.35E-04   1.49E-04   9.04E-04   7.71E-07
 9.78E+06   1.98E-05   6.51E-03   8.55E-05   2.26E-04   1.36E-04   1.50E-04   9.04E-04   7.71E-07
 9.92E+06   2.07E-05   6.51E-03   8.55E-05   2.26E-04   1.37E-04   1.51E-04   9.04E-04   7.71E-07

     Z      PS2        PS4        PS3        PS8L       PS8R       PS8        PSO3       PHSO       
 2.50E+04   2.80E-05   1.15E-01   5.34E-01   0.00E+00   0.00E+00   7.59E-14   6.44E-08   5.74E-19
 1.75E+05   3.30E-05   1.19E-01   5.74E-01   0.00E+00   0.00E+00   1.06E-13   7.52E-08   3.32E-17
 3.25E+05   3.76E-05   1.22E-01   6.09E-01   0.00E+00   0.00E+00   1.45E-13   8.48E-08   1.31E-15
 4.75E+05   4.19E-05   1.26E-01   6.41E-01   0.00E+00   0.00E+00   1.93E-13   9.37E-08   3.30E-14
 6.25E+05   4.58E-05   1.28E-01   6.70E-01   0.00E+00   0.00E+00   2.54E-13   1.02E-07   5.46E-13
 7.75E+05   4.94E-05   1.31E-01   6.95E-01   0.00E+00   0.00E+00   3.31E-13   1.09E-07   6.24E-12
 9.25E+05   5.28E-05   1.33E-01   7.19E-01   0.00E+00   0.00E+00   4.31E-13   1.16E-07   5.16E-11
 1.08E+06   5.60E-05   1.35E-01   7.39E-01   0.00E+00   0.00E+00   5.68E-13   1.22E-07   3.18E-10
 1.22E+06   5.89E-05   1.37E-01   7.57E-01   0.00E+00   0.00E+00   7.57E-13   1.28E-07   1.43E-09
 1.38E+06   6.17E-05   1.39E-01   7.74E-01   0.00E+00   0.00E+00   1.01E-12   1.34E-07   5.02E-09
 1.52E+06   6.48E-05   1.41E-01   7.89E-01   0.00E+00   0.00E+00   1.35E-12   1.41E-07   1.50E-08
 1.68E+06   6.86E-05   1.43E-01   8.02E-01   0.00E+00   0.00E+00   1.80E-12   1.50E-07   4.07E-08
 1.82E+06   7.33E-05   1.45E-01   8.13E-01   0.00E+00   0.00E+00   2.40E-12   1.65E-07   1.03E-07
 1.98E+06   7.91E-05   1.46E-01   8.22E-01   0.00E+00   0.00E+00   3.20E-12   1.91E-07   2.45E-07
 2.12E+06   8.64E-05   1.47E-01   8.28E-01   0.00E+00   0.00E+00   4.26E-12   2.38E-07   5.50E-07
 2.28E+06   9.54E-05   1.47E-01   8.33E-01   0.00E+00   0.00E+00   5.69E-12   3.22E-07   1.16E-06
 2.42E+06   1.07E-04   1.48E-01   8.36E-01   0.00E+00   0.00E+00   7.61E-12   4.68E-07   2.31E-06
 2.58E+06   1.20E-04   1.48E-01   8.39E-01   0.00E+00   0.00E+00   1.02E-11   7.08E-07   4.31E-06
 2.72E+06   1.37E-04   1.49E-01   8.41E-01   0.00E+00   0.00E+00   1.37E-11   1.08E-06   7.61E-06
 2.88E+06   1.57E-04   1.49E-01   8.43E-01   0.00E+00   0.00E+00   1.86E-11   1.62E-06   1.27E-05
 3.02E+06   1.82E-04   1.49E-01   8.44E-01   0.00E+00   0.00E+00   2.52E-11   2.36E-06   2.01E-05
 3.18E+06   2.10E-04   1.49E-01   8.45E-01   0.00E+00   0.00E+00   3.43E-11   3.31E-06   3.03E-05
 3.32E+06   2.43E-04   1.49E-01   8.46E-01   0.00E+00   0.00E+00   4.66E-11   4.45E-06   4.37E-05
 3.48E+06   2.78E-04   1.49E-01   8.46E-01   0.00E+00   0.00E+00   6.33E-11   5.76E-06   6.05E-05
 3.62E+06   3.16E-04   1.50E-01   8.47E-01   0.00E+00   0.00E+00   8.57E-11   7.23E-06   8.09E-05
 3.78E+06   3.54E-04   1.50E-01   8.47E-01   0.00E+00   0.00E+00   1.16E-10   8.81E-06   1.05E-04
 3.92E+06   3.91E-04   1.50E-01   8.48E-01   0.00E+00   0.00E+00   1.56E-10   1.05E-05   1.31E-04
 4.08E+06   4.26E-04   1.50E-01   8.48E-01   0.00E+00   0.00E+00   2.08E-10   1.21E-05   1.59E-04
 4.22E+06   4.56E-04   1.50E-01   8.48E-01   0.00E+00   0.00E+00   2.76E-10   1.37E-05   1.86E-04
 4.38E+06   4.82E-04   1.50E-01   8.48E-01   0.00E+00   0.00E+00   3.61E-10   1.52E-05   2.10E-04
 4.52E+06   5.02E-04   1.50E-01   8.48E-01   0.00E+00   0.00E+00   4.66E-10   1.64E-05   2.31E-04
 4.68E+06   5.18E-04   1.50E-01   8.48E-01   0.00E+00   0.00E+00   5.93E-10   1.75E-05   2.48E-04
 4.82E+06   5.30E-04   1.50E-01   8.48E-01   0.00E+00   0.00E+00   7.47E-10   1.83E-05   2.61E-04
 4.98E+06   5.40E-04   1.50E-01   8.48E-01   0.00E+00   0.00E+00   9.34E-10   1.90E-05   2.71E-04
 5.12E+06   5.46E-04   1.50E-01   8.48E-01   0.00E+00   0.00E+00   1.16E-09   1.95E-05   2.79E-04
 5.28E+06   5.51E-04   1.50E-01   8.48E-01   0.00E+00   0.00E+00   1.44E-09   1.99E-05   2.85E-04
 5.42E+06   5.55E-04   1.50E-01   8.49E-01   0.00E+00   0.00E+00   1.77E-09   2.03E-05   2.89E-04
 5.58E+06   5.57E-04   1.50E-01   8.49E-01   0.00E+00   0.00E+00   2.18E-09   2.05E-05   2.93E-04
 5.72E+06   5.59E-04   1.50E-01   8.49E-01   0.00E+00   0.00E+00   2.69E-09   2.07E-05   2.95E-04
 5.88E+06   5.60E-04   1.50E-01   8.49E-01   0.00E+00   0.00E+00   3.31E-09   2.09E-05   2.97E-04
 6.02E+06   5.61E-04   1.50E-01   8.49E-01   0.00E+00   0.00E+00   4.07E-09   2.10E-05   2.99E-04
 6.18E+06   5.61E-04   1.50E-01   8.49E-01   0.00E+00   0.00E+00   5.02E-09   2.11E-05   3.00E-04
 6.32E+06   5.62E-04   1.50E-01   8.49E-01   0.00E+00   0.00E+00   6.20E-09   2.12E-05   3.01E-04
 6.48E+06   5.62E-04   1.50E-01   8.49E-01   0.00E+00   0.00E+00   7.67E-09   2.13E-05   3.01E-04
 6.62E+06   5.62E-04   1.50E-01   8.49E-01   0.00E+00   0.00E+00   9.49E-09   2.14E-05   3.02E-04
 6.78E+06   5.62E-04   1.50E-01   8.49E-01   0.00E+00   0.00E+00   1.18E-08   2.14E-05   3.02E-04
 6.92E+06   5.63E-04   1.50E-01   8.49E-01   0.00E+00   0.00E+00   1.46E-08   2.15E-05   3.03E-04
 7.08E+06   5.63E-04   1.50E-01   8.49E-01   0.00E+00   0.00E+00   1.82E-08   2.16E-05   3.03E-04
 7.22E+06   5.63E-04   1.50E-01   8.49E-01   0.00E+00   0.00E+00   2.28E-08   2.16E-05   3.03E-04
 7.38E+06   5.63E-04   1.50E-01   8.49E-01   0.00E+00   0.00E+00   2.85E-08   2.17E-05   3.04E-04
 7.52E+06   5.63E-04   1.50E-01   8.49E-01   0.00E+00   0.00E+00   3.58E-08   2.18E-05   3.04E-04
 7.68E+06   5.63E-04   1.50E-01   8.49E-01   0.00E+00   0.00E+00   4.49E-08   2.18E-05   3.04E-04
 7.82E+06   5.63E-04   1.50E-01   8.49E-01   0.00E+00   0.00E+00   5.65E-08   2.19E-05   3.04E-04
 7.98E+06   5.63E-04   1.50E-01   8.49E-01   0.00E+00   0.00E+00   7.09E-08   2.19E-05   3.05E-04
 8.12E+06   5.63E-04   1.50E-01   8.49E-01   0.00E+00   0.00E+00   8.90E-08   2.20E-05   3.05E-04
 8.28E+06   5.63E-04   1.50E-01   8.49E-01   0.00E+00   0.00E+00   1.12E-07   2.21E-05   3.05E-04
 8.42E+06   5.63E-04   1.50E-01   8.49E-01   0.00E+00   0.00E+00   1.40E-07   2.21E-05   3.05E-04
 8.58E+06   5.63E-04   1.50E-01   8.49E-01   0.00E+00   0.00E+00   1.76E-07   2.22E-05   3.06E-04
 8.72E+06   5.63E-04   1.50E-01   8.49E-01   0.00E+00   0.00E+00   2.21E-07   2.23E-05   3.06E-04
 8.88E+06   5.63E-04   1.50E-01   8.49E-01   0.00E+00   0.00E+00   2.77E-07   2.23E-05   3.06E-04
 9.02E+06   5.63E-04   1.50E-01   8.49E-01   0.00E+00   0.00E+00   3.47E-07   2.24E-05   3.06E-04
 9.18E+06   5.63E-04   1.50E-01   8.49E-01   0.00E+00   0.00E+00   4.35E-07   2.25E-05   3.07E-04
 9.32E+06   5.63E-04   1.50E-01   8.49E-01   0.00E+00   0.00E+00   5.45E-07   2.26E-05   3.07E-04
 9.48E+06   5.63E-04   1.50E-01   8.49E-01   0.00E+00   0.00E+00   6.82E-07   2.26E-05   3.07E-04
 9.62E+06   5.63E-04   1.50E-01   8.49E-01   0.00E+00   0.00E+00   8.53E-07   2.27E-05   3.07E-04
 9.78E+06   5.63E-04   1.50E-01   8.49E-01   0.00E+00   0.00E+00   1.07E-06   2.29E-05   3.07E-04
 9.92E+06   5.63E-04   1.50E-01   8.49E-01   0.00E+00   0.00E+00   1.33E-06   2.34E-05   3.07E-04

     Z      POCS       PNO3_NO    PNO3_NO2   PN2O       PHO2NO2_NO2PHO2NO2_NO3PN2O5_NO2  PN2O5_NO   
 2.50E+04   9.93E-12   1.06E-02   8.31E-02   7.59E-22   1.49E-06   3.72E-07   3.09E-10   9.97E-06
 1.75E+05   1.19E-11   1.08E-02   8.46E-02   5.41E-20   1.73E-06   4.33E-07   3.87E-10   1.14E-05
 3.25E+05   1.36E-11   1.10E-02   8.59E-02   2.63E-18   1.95E-06   4.89E-07   4.65E-10   1.27E-05
 4.75E+05   1.53E-11   1.12E-02   8.69E-02   7.68E-17   2.16E-06   5.39E-07   5.44E-10   1.39E-05
 6.25E+05   1.69E-11   1.14E-02   8.76E-02   1.37E-15   2.34E-06   5.86E-07   6.27E-10   1.50E-05
 7.75E+05   1.85E-11   1.15E-02   8.80E-02   1.62E-14   2.51E-06   6.29E-07   7.23E-10   1.60E-05
 9.25E+05   2.08E-11   1.17E-02   8.81E-02   1.35E-13   2.67E-06   6.68E-07   8.74E-10   1.69E-05
 1.08E+06   2.69E-11   1.19E-02   8.86E-02   8.46E-13   2.82E-06   7.05E-07   1.31E-09   1.77E-05
 1.22E+06   4.76E-11   1.20E-02   8.95E-02   3.96E-12   2.95E-06   7.37E-07   2.87E-09   1.84E-05
 1.38E+06   1.10E-10   1.21E-02   9.05E-02   1.44E-11   3.08E-06   7.69E-07   7.76E-09   1.91E-05
 1.52E+06   2.80E-10   1.23E-02   9.18E-02   4.42E-11   3.21E-06   8.03E-07   2.14E-08   1.97E-05
 1.68E+06   7.17E-10   1.24E-02   9.30E-02   1.21E-10   3.38E-06   8.45E-07   5.60E-08   2.04E-05
 1.82E+06   1.80E-09   1.26E-02   9.40E-02   3.07E-10   3.59E-06   8.98E-07   1.39E-07   2.11E-05
 1.98E+06   4.37E-09   1.27E-02   9.50E-02   7.27E-10   3.88E-06   9.73E-07   3.26E-07   2.19E-05
 2.12E+06   1.02E-08   1.27E-02   9.57E-02   1.61E-09   4.31E-06   1.09E-06   7.20E-07   2.27E-05
 2.28E+06   2.29E-08   1.28E-02   9.64E-02   3.32E-09   4.98E-06   1.26E-06   1.49E-06   2.37E-05
 2.42E+06   4.88E-08   1.29E-02   9.69E-02   6.38E-09   6.01E-06   1.54E-06   2.88E-06   2.48E-05
 2.58E+06   9.94E-08   1.29E-02   9.74E-02   1.14E-08   7.57E-06   1.96E-06   5.21E-06   2.60E-05
 2.72E+06   1.93E-07   1.29E-02   9.79E-02   1.91E-08   9.87E-06   2.59E-06   8.86E-06   2.74E-05
 2.88E+06   3.59E-07   1.29E-02   9.84E-02   3.00E-08   1.31E-05   3.47E-06   1.42E-05   2.91E-05
 3.02E+06   6.36E-07   1.30E-02   9.89E-02   4.42E-08   1.74E-05   4.65E-06   2.13E-05   3.09E-05
 3.18E+06   1.08E-06   1.30E-02   9.94E-02   6.18E-08   2.30E-05   6.16E-06   3.05E-05   3.30E-05
 3.32E+06   1.75E-06   1.30E-02   9.99E-02   8.24E-08   2.97E-05   8.00E-06   4.15E-05   3.53E-05
 3.48E+06   2.70E-06   1.30E-02   1.00E-01   1.05E-07   3.78E-05   1.02E-05   5.41E-05   3.78E-05
 3.62E+06   4.00E-06   1.30E-02   1.01E-01   1.29E-07   4.72E-05   1.27E-05   6.83E-05   4.05E-05
 3.78E+06   5.67E-06   1.30E-02   1.01E-01   1.54E-07   5.82E-05   1.56E-05   8.41E-05   4.33E-05
 3.92E+06   7.65E-06   1.30E-02   1.02E-01   1.78E-07   7.13E-05   1.91E-05   1.01E-04   4.64E-05
 4.08E+06   9.80E-06   1.30E-02   1.02E-01   2.00E-07   8.65E-05   2.30E-05   1.20E-04   4.97E-05
 4.22E+06   1.19E-05   1.30E-02   1.02E-01   2.19E-07   1.03E-04   2.73E-05   1.39E-04   5.29E-05
 4.38E+06   1.38E-05   1.30E-02   1.02E-01   2.35E-07   1.19E-04   3.15E-05   1.58E-04   5.60E-05
 4.52E+06   1.55E-05   1.30E-02   1.02E-01   2.47E-07   1.34E-04   3.54E-05   1.75E-04   5.87E-05
 4.68E+06   1.68E-05   1.30E-02   1.02E-01   2.58E-07   1.47E-04   3.87E-05   1.89E-04   6.09E-05
 4.82E+06   1.79E-05   1.30E-02   1.01E-01   2.68E-07   1.58E-04   4.15E-05   2.01E-04   6.27E-05
 4.98E+06   1.87E-05   1.30E-02   1.01E-01   2.76E-07   1.66E-04   4.37E-05   2.11E-04   6.40E-05
 5.12E+06   1.93E-05   1.30E-02   1.01E-01   2.84E-07   1.73E-04   4.54E-05   2.19E-04   6.50E-05
 5.28E+06   1.97E-05   1.30E-02   1.01E-01   2.91E-07   1.78E-04   4.67E-05   2.25E-04   6.58E-05
 5.42E+06   2.01E-05   1.30E-02   1.01E-01   2.98E-07   1.81E-04   4.77E-05   2.29E-04   6.63E-05
 5.58E+06   2.03E-05   1.30E-02   1.01E-01   3.04E-07   1.84E-04   4.84E-05   2.33E-04   6.67E-05
 5.72E+06   2.05E-05   1.30E-02   1.00E-01   3.10E-07   1.86E-04   4.90E-05   2.36E-04   6.70E-05
 5.88E+06   2.06E-05   1.30E-02   1.00E-01   3.16E-07   1.88E-04   4.94E-05   2.39E-04   6.72E-05
 6.02E+06   2.07E-05   1.30E-02   1.00E-01   3.21E-07   1.89E-04   4.98E-05   2.41E-04   6.73E-05
 6.18E+06   2.08E-05   1.30E-02   9.98E-02   3.26E-07   1.90E-04   5.00E-05   2.42E-04   6.74E-05
 6.32E+06   2.08E-05   1.31E-02   9.96E-02   3.30E-07   1.90E-04   5.02E-05   2.44E-04   6.75E-05
 6.48E+06   2.09E-05   1.31E-02   9.94E-02   3.35E-07   1.91E-04   5.03E-05   2.45E-04   6.75E-05
 6.62E+06   2.09E-05   1.31E-02   9.92E-02   3.41E-07   1.91E-04   5.04E-05   2.47E-04   6.75E-05
 6.78E+06   2.10E-05   1.31E-02   9.90E-02   3.48E-07   1.91E-04   5.05E-05   2.48E-04   6.76E-05
 6.92E+06   2.10E-05   1.31E-02   9.88E-02   3.60E-07   1.91E-04   5.06E-05   2.49E-04   6.76E-05
 7.08E+06   2.11E-05   1.31E-02   9.86E-02   3.77E-07   1.91E-04   5.06E-05   2.50E-04   6.76E-05
 7.22E+06   2.12E-05   1.31E-02   9.84E-02   4.02E-07   1.92E-04   5.07E-05   2.51E-04   6.76E-05
 7.38E+06   2.14E-05   1.31E-02   9.83E-02   4.35E-07   1.92E-04   5.07E-05   2.53E-04   6.76E-05
 7.52E+06   2.15E-05   1.31E-02   9.83E-02   4.76E-07   1.92E-04   5.07E-05   2.54E-04   6.76E-05
 7.68E+06   2.17E-05   1.31E-02   9.83E-02   5.21E-07   1.92E-04   5.08E-05   2.56E-04   6.76E-05
 7.82E+06   2.19E-05   1.31E-02   9.83E-02   5.68E-07   1.92E-04   5.08E-05   2.58E-04   6.76E-05
 7.98E+06   2.21E-05   1.31E-02   9.83E-02   6.16E-07   1.92E-04   5.08E-05   2.60E-04   6.76E-05
 8.12E+06   2.23E-05   1.31E-02   9.83E-02   6.63E-07   1.92E-04   5.08E-05   2.61E-04   6.76E-05
 8.28E+06   2.25E-05   1.31E-02   9.83E-02   7.10E-07   1.92E-04   5.08E-05   2.63E-04   6.76E-05
 8.42E+06   2.28E-05   1.31E-02   9.83E-02   7.59E-07   1.92E-04   5.08E-05   2.65E-04   6.76E-05
 8.58E+06   2.30E-05   1.31E-02   9.83E-02   8.13E-07   1.92E-04   5.08E-05   2.67E-04   6.76E-05
 8.72E+06   2.33E-05   1.31E-02   9.83E-02   8.77E-07   1.92E-04   5.08E-05   2.68E-04   6.76E-05
 8.88E+06   2.36E-05   1.31E-02   9.83E-02   9.54E-07   1.92E-04   5.08E-05   2.70E-04   6.76E-05
 9.02E+06   2.39E-05   1.31E-02   9.83E-02   1.05E-06   1.92E-04   5.08E-05   2.72E-04   6.76E-05
 9.18E+06   2.44E-05   1.31E-02   9.83E-02   1.17E-06   1.92E-04   5.08E-05   2.74E-04   6.76E-05
 9.32E+06   2.49E-05   1.31E-02   9.83E-02   1.31E-06   1.92E-04   5.09E-05   2.76E-04   6.76E-05
 9.48E+06   2.56E-05   1.31E-02   9.83E-02   1.48E-06   1.92E-04   5.09E-05   2.78E-04   6.76E-05
 9.62E+06   2.67E-05   1.31E-02   9.83E-02   1.65E-06   1.92E-04   5.09E-05   2.81E-04   6.76E-05
 9.78E+06   2.84E-05   1.31E-02   9.83E-02   1.86E-06   1.92E-04   5.09E-05   2.84E-04   6.76E-05
 9.92E+06   3.23E-05   1.31E-02   9.83E-02   2.11E-06   1.92E-04   5.09E-05   2.90E-04   6.76E-05
