   1      H2O      +  O1D       =    OH       +  OH                  
   2      H2       +  O1D       =    OH       +  H                   
   3      H2       +  O         =    OH       +  H                   
   4      H2       +  OH        =    H2O      +  H                   
   5      H        +  O3        =    OH       +  O2                  
   6      H        +  O2        =    HO2      +                      
   7      H        +  HO2       =    H2       +  O2                  
   8      H        +  HO2       =    H2O      +  O                   
   9      H        +  HO2       =    OH       +  OH                  
  10      OH       +  O         =    H        +  O2                  
  11      OH       +  HO2       =    H2O      +  O2                  
  12      OH       +  O3        =    HO2      +  O2                  
  13      HO2      +  O         =    OH       +  O2                  
  14      HO2      +  O3        =    OH       +  O2          O2      
  15      HO2      +  HO2       =    H2O2     +  O2                  
  16      H2O2     +  OH        =    HO2      +  H2O                 
  17      O        +  O         =    O2       +                      
  18      O        +  O2        =    O3       +                      
  19      O        +  O3        =    O2       +  O2                  
  20      OH       +  OH        =    H2O      +  O                   
  21      O1D      +  N2        =    O        +  N2                  
  22      O1D      +  O2        =    O        +  O2                  
  23      O2       +  HV        =    O        +  O1D                 
  24      O2       +  HV        =    O        +  O                   
  25      H2O      +  HV        =    H        +  OH                  
  26      H2O      +  HV        =    H2       +  O1D                 
  27      H2O      +  HV        =    H        +  H           O       
  28      O3       +  HV        =    O2       +  O1D                 
  29      O3       +  HV        =    O2       +  O                   
  30      O3       +  HV        =    O        +  O           O       
  31      H        +  CO        =    HCO      +                      
  32      H        +  HCO       =    H2       +  CO                  
  33      HCO      +  HCO       =    H2CO     +  CO                  
  34      OH       +  HCO       =    H2O      +  CO                  
  35      O        +  HCO       =    H        +  CO2                 
  36      O        +  HCO       =    OH       +  CO                  
  37      H2O2     +  HV        =    OH       +  OH                  
  38      CO2      +  HV        =    CO       +  O                   
  39      CO2      +  HV        =    CO       +  O1D                 
  40      CO       +  OH        =    CO2      +  H                   
  41      CO       +  O         =    CO2      +                      
  42      H2CO     +  HV        =    H2       +  CO                  
  43      H2CO     +  HV        =    HCO      +  H                   
  44      HCO      +  HV        =    H        +  CO                  
  45      H2CO     +  H         =    H2       +  HCO                 
  46      H        +  H         =    H2       +                      
  47      HCO      +  O2        =    HO2      +  CO                  
  48      H2CO     +  OH        =    H2O      +  HCO                 
  49      H        +  OH        =    H2O      +                      
  50      OH       +  OH        =    H2O2     +                      
  51      H2CO     +  O         =    HCO      +  OH                  
  52      H2O2     +  O         =    OH       +  HO2                 
  53      HO2      +  HV        =    OH       +  O                   
  54      CH4      +  HV        =    CH21     +  H2                  
  55      CH4      +  HV        =    CH3      +  H                   
  56      CH4      +  HV        =    CH23     +  H           H       
  57      C2H6     +  HV        =    CH23     +  CH23        H2      
  58      C2H6     +  HV        =    CH4      +  CH21                
  59      HNO2     +  HV        =    NO       +  OH                  
  60      HNO3     +  HV        =    NO2      +  OH                  
  61      HNO3     +  HV        =    HNO2     +  O                   
  62      HNO3     +  HV        =    HNO2     +  O1D                 
  63      NO       +  HV        =    N        +  O                   
  64      NO2      +  HV        =    NO       +  O1D                 
  65      NO2      +  HV        =    NO       +  O                   
  66      CH4      +  OH        =    CH3      +  H2O                 
  67      CH4      +  O1D       =    CH3      +  OH                  
  68      CH4      +  O1D       =    H2CO     +  H2                  
  69      CH21     +  CH4       =    CH3      +  CH3                 
  70      CH21     +  O2        =    HCO      +  OH                  
  71      CH21     +  N2        =    CH23     +  N2                  
  72      CH23     +  H2        =    CH3      +  H                   
  73      CH23     +  CH4       =    CH3      +  CH3                 
  74      CH23     +  O2        =    HCO      +  OH                  
  75      CH3      +  O2        =    H2CO     +  OH                  
  76      CH3      +  O         =    H2CO     +  H                   
  77      CH3      +  CH3       =    C2H6     +                      
  78      CH3      +  HV        =    CH21     +  H                   
  79      CH3      +  H         =    CH4      +                      
  80      CH3      +  HCO       =    CH4      +  CO                  
  81      CH3      +  HNO       =    CH4      +  NO                  
  82      CH3      +  H2CO      =    CH4      +  HCO                 
  83      H        +  NO        =    HNO      +                      
  84      N        +  N         =    N2       +                      
  85      N        +  O2        =    NO       +  O                   
  86      N        +  O3        =    NO       +  O2                  
  87      N        +  OH        =    NO       +  H                   
  88      N        +  NO        =    N2       +  O                   
  89      NO       +  O3        =    NO2      +  O2                  
  90      NO       +  O         =    NO2      +                      
  91      NO       +  HO2       =    NO2      +  OH                  
  92      NO       +  OH        =    HNO2     +                      
  93      NO2      +  O         =    NO       +  O2                  
  94      NO2      +  OH        =    HNO3     +                      
  95      NO2      +  H         =    NO       +  OH                  
  96      HNO3     +  OH        =    H2O      +  NO3                 
  97      HCO      +  NO        =    HNO      +  CO                  
  98      HNO      +  HV        =    NO       +  H                   
  99      H        +  HNO       =    H2       +  NO                  
 100      O        +  HNO       =    OH       +  NO                  
 101      OH       +  HNO       =    H2O      +  NO                  
 102      HNO2     +  OH        =    H2O      +  NO2                 
 103      CH4      +  O         =    CH3      +  OH                  
 104      CH21     +  H2        =    CH3      +  H                   
 105      CH21     +  CO2       =    H2CO     +  CO                  
 106      CH23     +  O         =    HCO      +  H                   
 107      CH23     +  CO2       =    H2CO     +  CO                  
 108      C2H6     +  OH        =    C2H5     +  H2O                 
 109      C2H6     +  O         =    C2H5     +  OH                  
 110      C2H6     +  O1D       =    C2H5     +  OH                  
 111      C2H5     +  H         =    CH3      +  CH3                 
 112      C2H5     +  O         =    CH3      +  HCO         H       
 113      C2H5     +  OH        =    CH3      +  HCO         H2      
 114      C2H5     +  HCO       =    C2H6     +  CO                  
 115      C2H5     +  HNO       =    C2H6     +  NO                  
 116      C2H5     +  O2        =    CH3      +  HCO         OH      
 117      SO       +  HV        =    S        +  O                   
 118      H2S      +  HV        =    HS       +  H                   
 119      SO2      +  HV        =    SO       +  O                   
 120      SO2      +  HV        =    SO21     +                      
 121      SO2      +  HV        =    SO23     +                      
 122      SO       +  O2        =    O        +  SO2                 
 123      SO       +  HO2       =    SO2      +  OH                  
 124      SO       +  O         =    SO2      +                      
 125      SO       +  OH        =    SO2      +  H                   
 126      SO2      +  OH        =    HSO3     +                      
 127      SO2      +  O         =    SO3      +                      
 128      SO3      +  H2O       =    H2SO4    +                      
 129      HSO3     +  O2        =    HO2      +  SO3                 
 130      HSO3     +  OH        =    H2O      +  SO3                 
 131      HSO3     +  H         =    H2       +  SO3                 
 132      HSO3     +  O         =    OH       +  SO3                 
 133      H2S      +  OH        =    H2O      +  HS                  
 134      H2S      +  H         =    H2       +  HS                  
 135      H2S      +  O         =    OH       +  HS                  
 136      HS       +  O         =    H        +  SO                  
 137      HS       +  O2        =    OH       +  SO                  
 138      HS       +  HO2       =    H2S      +  O2                  
 139      HS       +  HS        =    H2S      +  S                   
 140      HS       +  HCO       =    H2S      +  CO                  
 141      HS       +  H         =    H2       +  S                   
 142      HS       +  S         =    H        +  S2                  
 143      S        +  O2        =    SO       +  O                   
 144      S        +  OH        =    SO       +  H                   
 145      S        +  HCO       =    HS       +  CO                  
 146      S        +  HO2       =    HS       +  O2                  
 147      S        +  HO2       =    SO       +  OH                  
 148      S        +  S         =    S2       +                      
 149      S2       +  OH        =    HSO      +  S                   
 150      S2       +  O         =    S        +  SO                  
 151      HS       +  H2CO      =    H2S      +  HCO                 
 152      S2       +  HV        =    S        +  S                   
 153      S2       +  HV        =    S2       +                      
 154      S        +  S2        =    S3       +                      
 155      S2       +  S2        =    S4       +                      
 156      S        +  S3        =    S4       +                      
 157      S4       +  S4        =    S8       +                      
 158      S4       +  HV        =    S2       +  S2                  
 159      S3       +  HV        =    S2       +  S                   
 160      S8       +  HV        =    S4       +  S4                  
 161      S8       +  HV        =    S4       +  S4                  
 162      S8       +  HV        =    S4       +  S4                  
 163      SO3      +  HV        =    SO2      +  O                   
 164      SO21     +  M         =    SO23     +  M                   
 165      SO21     +  M         =    SO2      +  M                   
 166      SO21     +  HV        =    SO23     +  HV                  
 167      SO21     +  HV        =    SO2      +  HV                  
 168      SO21     +  O2        =    SO3      +  O                   
 169      SO21     +  SO2       =    SO3      +  SO                  
 170      SO23     +  M         =    SO2      +  M                   
 171      SO23     +  HV        =    SO2      +  HV                  
 172      SO23     +  SO2       =    SO3      +  SO                  
 173      SO       +  NO2       =    SO2      +  NO                  
 174      SO       +  O3        =    SO2      +  O2                  
 175      SO2      +  HO2       =    SO3      +  OH                  
 176      HS       +  O3        =    HSO      +  O2                  
 177      HS       +  NO2       =    HSO      +  NO                  
 178      S        +  O3        =    SO       +  O2                  
 179      SO       +  SO        =    SO2      +  S                   
 180      SO3      +  SO        =    SO2      +  SO2                 
 181      S        +  CO2       =    SO       +  CO                  
 182      SO       +  HO2       =    HSO      +  O2                  
 183      SO       +  HCO       =    HSO      +  CO                  
 184      H        +  SO        =    HSO      +                      
 185      HSO      +  HV        =    HS       +  O                   
 186      HSO      +  NO        =    HNO      +  SO                  
 187      HSO      +  OH        =    H2O      +  SO                  
 188      HSO      +  H         =    HS       +  OH                  
 189      HSO      +  H         =    H2       +  SO                  
 190      HSO      +  HS        =    H2S      +  SO                  
 191      HSO      +  O         =    OH       +  SO                  
 192      HSO      +  S         =    HS       +  SO                  
 193      SO3      +  CO        =    SO2      +  CO2                 
 194      H        +  OCS       =    CO       +  HS                  
 195      HS       +  CO        =    OCS      +  H                   
 196      O        +  OCS       =    CO       +  SO                  
 197      O        +  OCS       =    S        +  CO2                 
 198      OCS      +  S         =    CO       +  S2                  
 199      OCS      +  OH        =    CO2      +  HS                  
 200      S        +  HCO       =    OCS      +  H                   
 201      S        +  CO        =    OCS      +                      
 202      OCS      +  HV        =    CO       +  S                   
 203      CO       +  O1D       =    CO       +  O                   
 204      CO       +  O1D       =    CO2      +                      
 205      H2S      +  HO2       =    H2O      +  HSO                 
 206      OCS      +  S         =    OCS2     +                      
 207      OCS2     +  S         =    OCS      +  S2                  
 208      S3       +  O         =    S2       +  SO                  
 209      S4       +  O         =    S3       +  SO                  
 210      OCS2     +  CO        =    OCS      +  OCS                 
 211      O        +  NO3       =    O2       +  NO2                 
 212      HO2      +  NO3       =    OH       +  NO2         O2      
 213      NO       +  NO3       =    NO2      +  NO2                 
 214      O        +  NO2       =    NO3      +                      
 215      OH       +  NO3       =    HO2      +  NO2                 
 216      NO3      +  HV        =    NO       +  O2                  
 217      NO3      +  HV        =    NO2      +  O                   
 218      N        +  NO2       =    N2O      +  O                   
 219      O1D      +  N2        =    N2O      +                      
 220      O1D      +  N2O       =    N2       +  O2                  
 221      O1D      +  N2O       =    NO       +  NO                  
 222      N2O      +  HV        =    N2       +  O1D                 
 223      N        +  HO2       =    NO       +  OH                  
 224      O        +  N2O5      =    NO2      +  NO2         O2      
 225      NO2      +  NO3       =    N2O5     +                      
 226      N2O5     +  M         =    NO3      +  NO2                 
 227      NO2      +  NO3       =    NO       +  NO2         O2      
 228      NO2      +  O3        =    NO3      +  O2                  
 229      NO3      +  NO3       =    NO2      +  NO2         O2      
 230      HO2      +  NO2       =    HO2NO2   +                      
 231      O        +  HO2NO2    =    OH       +  NO2         O2      
 232      OH       +  HO2NO2    =    H2O      +  NO2         O2      
 233      HO2NO2   +  M         =    HO2      +  NO2                 
 234      HO2NO2   +  HV        =    HO2      +  NO2                 
 235      HO2NO2   +  HV        =    OH       +  NO3                 
 236      N2O5     +  HV        =    NO3      +  NO2                 
 237      N2O5     +  HV        =    NO3      +  NO          O       
 238      O        +  HNO3      =    OH       +  NO3                 
 239      HO2      +  NO2       =    HNO2     +  O2                  


 NQ=40     NZ=200     KJAC= 968000

 PO2= 8.301E-02  PNO= 2.740E-02  ZAPO2= 2.924E+03  ZAPNO = 9.652E+02  PRONO = 1.000E+09  PRONOP = 7.665E+08  ZAPCO = 1.077E+01  ZAPH2 = 1.581E+02
 N= 3     X= 6.28690E-01  ERR= 6.41925E-06

 TIME = 0.00E+00     TIMEY = 0.00E+00 YEARS

 NPHOT =    0

 MIXING RATIOS OF LONG-LIVED SPECIES


     Z        O        O2       H2O      H        OH       HO2      H2O2     H2       CO       HCO      H2CO     CH4      CH3      C2H6     NO       NO2      HNO      H2S     
  2.50E+04 5.22E-17 1.26E-01 1.13E-02 7.19E-21 4.55E-14 1.12E-11 1.10E-09 5.30E-07 1.10E-07 2.89E-22 2.45E-10 1.80E-06 2.58E-21 1.94E-26 2.24E-12 4.61E-12 1.61E-17 8.83E-12
  7.50E+04 5.99E-17 1.26E-01 9.45E-03 7.78E-21 4.87E-14 1.14E-11 1.16E-09 5.30E-07 1.07E-07 3.13E-22 2.42E-10 1.80E-06 2.59E-21 1.94E-26 2.44E-12 4.67E-12 1.61E-17 6.10E-12
  1.25E+05 6.95E-17 1.26E-01 7.93E-03 8.47E-21 5.28E-14 1.16E-11 1.19E-09 5.31E-07 1.04E-07 3.27E-22 2.31E-10 1.80E-06 2.63E-21 1.94E-26 2.71E-12 4.87E-12 1.38E-17 4.20E-12
  1.75E+05 8.14E-17 1.26E-01 6.52E-03 9.18E-21 5.72E-14 1.16E-11 1.20E-09 5.31E-07 1.01E-07 3.36E-22 2.17E-10 1.79E-06 2.65E-21 1.94E-26 3.06E-12 5.18E-12 1.11E-17 2.88E-12
  3.75E+05 1.59E-16 1.26E-01 2.54E-03 1.23E-20 7.69E-14 1.08E-11 1.03E-09 5.32E-07 9.10E-08 3.46E-22 1.59E-10 1.79E-06 2.60E-21 1.93E-26 5.60E-12 7.44E-12 4.13E-18 6.31E-13
  5.75E+05 2.95E-16 1.26E-01 7.00E-04 1.35E-20 8.59E-14 8.38E-12 6.76E-10 5.32E-07 8.25E-08 2.61E-22 9.42E-11 1.79E-06 1.91E-21 1.94E-26 8.77E-12 8.36E-12 1.31E-18 1.50E-13
  7.75E+05 4.95E-16 1.26E-01 1.18E-04 1.08E-20 7.07E-14 5.32E-12 3.62E-10 5.32E-07 7.62E-08 1.25E-22 3.96E-11 1.78E-06 8.67E-22 2.01E-26 1.02E-11 6.01E-12 3.96E-19 4.64E-14
  9.75E+05 7.83E-16 1.26E-01 1.19E-05 1.27E-20 8.51E-14 2.79E-12 1.68E-10 5.33E-07 7.14E-08 7.76E-23 1.87E-11 1.78E-06 4.88E-22 2.15E-26 2.65E-11 8.30E-12 2.99E-19 1.72E-14
  1.18E+06 2.00E-15 1.26E-01 4.27E-06 1.72E-20 9.96E-14 1.48E-12 5.14E-11 5.33E-07 6.50E-08 6.81E-23 1.21E-11 1.78E-06 4.87E-22 2.73E-26 6.03E-11 1.51E-11 1.50E-19 4.90E-15
  1.38E+06 9.45E-15 1.26E-01 4.10E-06 1.44E-20 7.57E-14 4.70E-13 3.47E-12 5.32E-07 5.21E-08 4.70E-23 6.66E-12 1.76E-06 4.07E-22 6.35E-26 1.55E-10 6.11E-11 3.22E-20 4.94E-16
  1.58E+06 4.79E-14 1.26E-01 4.19E-06 1.55E-20 7.94E-14 3.00E-13 3.44E-13 5.29E-07 3.69E-08 5.27E-23 5.39E-12 1.71E-06 5.42E-22 1.80E-25 3.27E-10 2.34E-10 1.80E-20 2.68E-17
  1.78E+06 1.94E-13 1.26E-01 4.35E-06 2.38E-20 1.21E-13 3.99E-13 3.52E-13 5.23E-07 2.47E-08 9.16E-23 6.41E-12 1.64E-06 1.10E-21 4.24E-25 5.35E-10 5.68E-10 4.80E-20 9.02E-19
  1.98E+06 6.56E-13 1.26E-01 4.55E-06 4.69E-20 2.18E-13 7.33E-13 7.43E-13 5.14E-07 1.71E-08 1.89E-22 8.79E-12 1.53E-06 2.62E-21 8.57E-25 7.77E-10 1.04E-09 6.33E-20 1.96E-20
  2.18E+06 1.96E-12 1.26E-01 4.79E-06 1.16E-19 4.43E-13 1.55E-12 2.00E-12 5.02E-07 1.31E-08 4.25E-22 1.28E-11 1.42E-06 6.85E-21 1.58E-24 1.08E-09 1.64E-09 4.98E-20 2.95E-22
  2.38E+06 5.42E-12 1.26E-01 5.03E-06 3.42E-19 9.63E-13 3.35E-12 5.47E-12 4.87E-07 1.13E-08 1.01E-21 1.89E-11 1.31E-06 1.88E-20 2.89E-24 1.52E-09 2.42E-09 4.86E-20 2.86E-23
  2.58E+06 1.41E-11 1.26E-01 5.27E-06 1.16E-18 2.15E-12 7.05E-12 1.34E-11 4.71E-07 1.05E-08 2.45E-21 2.75E-11 1.19E-06 5.28E-20 5.47E-24 2.15E-09 3.37E-09 7.29E-20 2.99E-23
  2.78E+06 3.50E-11 1.26E-01 5.51E-06 4.37E-18 4.65E-12 1.38E-11 2.75E-11 4.52E-07 1.03E-08 5.78E-21 3.78E-11 1.08E-06 1.46E-19 1.12E-23 3.01E-09 4.39E-09 1.47E-19 2.62E-23
  2.98E+06 8.38E-11 1.26E-01 5.76E-06 1.81E-17 9.30E-12 2.42E-11 4.49E-11 4.31E-07 1.04E-08 1.27E-20 4.87E-11 9.65E-07 3.93E-19 2.52E-23 4.07E-09 5.25E-09 3.18E-19 1.83E-23
  3.18E+06 1.97E-10 1.26E-01 6.00E-06 7.98E-17 1.69E-11 3.78E-11 5.93E-11 4.09E-07 1.09E-08 2.57E-20 5.92E-11 8.53E-07 1.01E-18 6.07E-23 5.24E-09 5.70E-09 6.60E-19 1.07E-23
  3.38E+06 4.55E-10 1.26E-01 6.23E-06 3.59E-16 2.85E-11 5.35E-11 6.59E-11 3.86E-07 1.16E-08 4.76E-20 6.85E-11 7.45E-07 2.47E-18 1.53E-22 6.33E-09 5.55E-09 1.28E-18 5.82E-24
  3.58E+06 1.04E-09 1.26E-01 6.45E-06 1.64E-15 4.64E-11 6.98E-11 6.38E-11 3.64E-07 1.22E-08 8.39E-20 7.60E-11 6.44E-07 5.82E-18 3.84E-22 7.22E-09 4.84E-09 2.36E-18 3.33E-24
  3.78E+06 2.37E-09 1.26E-01 6.64E-06 7.66E-15 7.57E-11 8.56E-11 5.57E-11 3.46E-07 1.26E-08 1.45E-19 8.13E-11 5.54E-07 1.34E-17 9.36E-22 7.86E-09 3.74E-09 4.19E-18 2.28E-24
  3.98E+06 5.37E-09 1.26E-01 6.80E-06 3.59E-14 1.24E-10 1.01E-10 4.62E-11 3.35E-07 1.28E-08 2.49E-19 8.36E-11 4.78E-07 2.99E-17 2.19E-21 8.26E-09 2.51E-09 7.18E-18 1.84E-24
  4.18E+06 1.18E-08 1.26E-01 6.92E-06 1.56E-13 1.93E-10 1.19E-10 3.95E-11 3.32E-07 1.29E-08 3.98E-19 8.06E-11 4.16E-07 6.18E-17 4.85E-21 8.29E-09 1.42E-09 1.12E-17 1.66E-24
  4.38E+06 2.34E-08 1.26E-01 6.99E-06 5.52E-13 2.70E-10 1.40E-10 3.59E-11 3.40E-07 1.31E-08 5.55E-19 7.20E-11 3.68E-07 1.09E-16 9.94E-21 7.87E-09 6.97E-10 1.48E-17 1.68E-24
  4.58E+06 4.11E-08 1.26E-01 7.03E-06 1.54E-12 3.38E-10 1.61E-10 3.38E-11 3.61E-07 1.34E-08 6.68E-19 6.07E-11 3.34E-07 1.62E-16 1.95E-20 7.13E-09 3.22E-10 1.69E-17 1.86E-24
  4.78E+06 6.50E-08 1.26E-01 7.04E-06 3.58E-12 3.93E-10 1.79E-10 3.18E-11 3.93E-07 1.44E-08 7.27E-19 5.00E-11 3.11E-07 2.14E-16 3.85E-20 6.27E-09 1.48E-10 1.73E-17 2.09E-24
  4.98E+06 9.59E-08 1.26E-01 7.02E-06 7.45E-12 4.36E-10 1.95E-10 2.93E-11 4.35E-07 1.64E-08 7.58E-19 4.11E-11 2.94E-07 2.74E-16 7.73E-20 5.44E-09 7.00E-11 1.66E-17 2.25E-24
  5.18E+06 1.36E-07 1.26E-01 6.98E-06 1.46E-11 4.72E-10 2.10E-10 2.66E-11 4.87E-07 2.02E-08 7.74E-19 3.38E-11 2.82E-07 3.44E-16 1.52E-19 4.69E-09 3.43E-11 1.55E-17 2.31E-24
  5.38E+06 1.88E-07 1.26E-01 6.93E-06 2.77E-11 5.07E-10 2.24E-10 2.41E-11 5.49E-07 2.66E-08 7.82E-19 2.77E-11 2.72E-07 4.29E-16 2.88E-19 4.03E-09 1.74E-11 1.43E-17 2.32E-24
  5.58E+06 2.57E-07 1.26E-01 6.86E-06 5.19E-11 5.46E-10 2.40E-10 2.20E-11 6.24E-07 3.68E-08 7.85E-19 2.27E-11 2.64E-07 5.32E-16 5.20E-19 3.46E-09 9.04E-12 1.31E-17 2.32E-24
  5.78E+06 3.45E-07 1.26E-01 6.77E-06 9.70E-11 5.91E-10 2.59E-10 2.05E-11 7.14E-07 5.23E-08 7.84E-19 1.86E-11 2.56E-07 6.54E-16 8.93E-19 2.96E-09 4.87E-12 1.21E-17 2.37E-24
  5.98E+06 4.58E-07 1.26E-01 6.66E-06 1.82E-10 6.47E-10 2.83E-10 1.95E-11 8.22E-07 7.52E-08 7.77E-19 1.51E-11 2.49E-07 7.94E-16 1.47E-18 2.53E-09 2.73E-12 1.13E-17 2.54E-24
  6.18E+06 6.00E-07 1.26E-01 6.53E-06 3.42E-10 7.18E-10 3.14E-10 1.91E-11 9.51E-07 1.08E-07 7.64E-19 1.23E-11 2.41E-07 9.45E-16 2.32E-18 2.17E-09 1.60E-12 1.08E-17 2.84E-24
  6.38E+06 7.81E-07 1.26E-01 6.37E-06 6.51E-10 8.05E-10 3.54E-10 1.91E-11 1.11E-06 1.55E-07 7.50E-19 9.87E-12 2.32E-07 1.10E-15 3.55E-18 1.86E-09 9.95E-13 1.04E-17 3.34E-24
  6.58E+06 1.01E-06 1.26E-01 6.18E-06 1.26E-09 9.20E-10 4.06E-10 2.00E-11 1.30E-06 2.21E-07 7.81E-19 8.11E-12 2.21E-07 1.26E-15 5.28E-18 1.61E-09 6.59E-13 1.03E-17 4.20E-24
  6.78E+06 1.27E-06 1.26E-01 5.94E-06 2.49E-09 1.10E-09 4.90E-10 2.34E-11 1.53E-06 3.12E-07 1.21E-18 8.23E-12 2.09E-07 1.72E-15 7.67E-18 1.41E-09 4.87E-13 1.08E-17 6.39E-24
  6.98E+06 1.47E-06 1.26E-01 5.65E-06 5.19E-09 1.47E-09 6.68E-10 3.41E-11 1.81E-06 4.36E-07 3.65E-18 1.46E-11 1.94E-07 4.08E-15 1.09E-17 1.25E-09 4.44E-13 1.31E-17 1.45E-23
  7.18E+06 1.63E-06 1.26E-01 5.29E-06 1.15E-08 2.17E-09 1.01E-09 5.84E-11 2.15E-06 6.06E-07 1.26E-17 3.55E-11 1.76E-07 1.35E-14 1.53E-17 1.14E-09 4.94E-13 1.80E-17 4.25E-23
  7.38E+06 1.91E-06 1.26E-01 4.86E-06 2.71E-08 3.22E-09 1.52E-09 9.59E-11 2.56E-06 8.36E-07 3.60E-17 7.58E-11 1.56E-07 3.83E-14 2.08E-17 1.06E-09 5.45E-13 2.53E-17 1.08E-22
  7.58E+06 2.60E-06 1.25E-01 4.35E-06 6.75E-08 4.40E-09 2.04E-09 1.29E-10 3.03E-06 1.15E-06 8.37E-17 1.28E-10 1.34E-07 7.87E-14 2.62E-17 1.03E-09 4.92E-13 3.35E-17 1.77E-22
  7.78E+06 3.83E-06 1.25E-01 3.76E-06 1.75E-07 5.81E-09 2.62E-09 1.46E-10 3.53E-06 1.55E-06 1.59E-16 1.73E-10 1.11E-07 1.16E-13 2.85E-17 1.04E-09 3.99E-13 4.41E-17 2.23E-22
  7.98E+06 1.14E-05 1.25E-01 3.11E-06 5.52E-07 4.90E-09 2.06E-09 8.42E-11 3.94E-06 2.06E-06 2.65E-16 1.59E-10 8.98E-08 7.13E-14 2.61E-17 1.08E-09 1.21E-13 3.67E-17 5.90E-23
  8.18E+06 7.91E-05 1.25E-01 2.44E-06 1.34E-06 1.79E-09 5.51E-10 1.57E-11 4.15E-06 2.67E-06 4.12E-16 6.00E-11 7.05E-08 1.52E-14 2.14E-17 1.18E-09 9.94E-15 1.05E-17 9.27E-25
  8.38E+06 3.54E-04 1.25E-01 1.83E-06 2.21E-06 8.82E-10 1.52E-10 1.91E-12 4.23E-06 3.36E-06 5.19E-16 1.91E-11 5.36E-08 4.43E-15 1.62E-17 1.41E-09 3.97E-15 3.44E-18 4.16E-27
  8.58E+06 1.07E-03 1.24E-01 1.33E-06 2.97E-06 5.33E-10 5.03E-11 1.76E-13 4.26E-06 4.11E-06 5.69E-16 7.81E-12 3.97E-08 1.77E-15 1.12E-17 1.87E-09 3.51E-15 1.50E-18 1.08E-29
  8.78E+06 2.51E-03 1.23E-01 9.47E-07 3.58E-06 3.44E-10 1.91E-11 1.24E-14 4.25E-06 4.88E-06 5.50E-16 3.87E-12 2.88E-08 8.68E-16 7.09E-18 2.61E-09 3.59E-15 8.05E-19 9.76E-32
  8.98E+06 4.89E-03 1.21E-01 6.56E-07 4.04E-06 2.24E-10 8.11E-12 7.43E-16 4.24E-06 5.67E-06 4.83E-16 2.21E-12 2.04E-08 4.94E-16 4.13E-18 3.52E-09 3.57E-15 4.67E-19 3.02E-33
  9.18E+06 8.34E-03 1.19E-01 4.47E-07 4.38E-06 1.44E-10 3.77E-12 4.83E-17 4.21E-06 6.44E-06 4.02E-16 1.40E-12 1.43E-08 3.13E-16 2.27E-18 4.19E-09 3.15E-15 2.63E-19 1.68E-34
  9.38E+06 1.29E-02 1.16E-01 3.01E-07 4.63E-06 9.05E-11 1.87E-12 4.82E-18 4.18E-06 7.17E-06 3.30E-16 9.69E-13 9.95E-09 2.16E-16 1.22E-18 4.39E-09 2.45E-15 1.41E-19 1.44E-35
  9.58E+06 1.83E-02 1.12E-01 2.05E-07 4.80E-06 5.57E-11 9.88E-13 7.72E-19 4.16E-06 7.79E-06 2.79E-16 7.36E-13 7.10E-09 1.64E-16 6.62E-19 4.31E-09 1.79E-15 7.52E-20 1.73E-36
  9.78E+06 2.42E-02 1.08E-01 1.49E-07 4.92E-06 3.36E-11 5.51E-13 1.67E-19 4.13E-06 8.27E-06 2.63E-16 6.46E-13 5.46E-09 1.44E-16 3.96E-19 4.17E-09 1.29E-15 4.20E-20 2.83E-37
  9.98E+06 2.92E-02 1.05E-01 1.28E-07 4.98E-06 2.02E-11 3.33E-13 5.49E-20 4.12E-06 8.51E-06 3.27E-16 8.06E-13 4.97E-09 1.79E-16 3.04E-19 4.03E-09 9.26E-16 2.54E-20 7.10E-38

     Z        HS       S        SO       SO2      H2SO4    HSO      S2       S4       S8       SO3      OCS      S3       O3       HNO3     N        NO3      N2O      HO2NO2  
  2.50E+04 2.00E-17 2.81E-32 2.29E-19 6.50E-11 4.09E-12 5.12E-13 3.30E-36 1.47E-62 3.96-106 1.68E-21 4.25E-22 5.37E-60 1.27E-08 2.66E-11 1.24-195 4.03E-16 3.00E-07 9.94E-14
  7.50E+04 1.45E-17 1.47E-32 2.10E-19 9.98E-11 6.21E-12 4.92E-13 2.09E-36 5.27E-63 3.96-106 3.42E-21 4.25E-22 1.57E-60 1.34E-08 2.97E-11 5.12-189 3.88E-16 3.00E-07 1.42E-13
  1.25E+05 1.05E-17 7.73E-33 1.82E-19 1.30E-10 8.39E-12 3.97E-13 1.13E-36 1.37E-63 3.96-106 5.81E-21 4.25E-22 3.93E-61 1.42E-08 3.35E-11 1.80-182 3.90E-16 3.00E-07 2.09E-13
  1.75E+05 7.57E-18 3.98E-33 1.53E-19 1.57E-10 1.06E-11 2.97E-13 5.53E-37 2.95E-64 3.96-106 9.44E-21 4.25E-22 8.79E-62 1.53E-08 3.82E-11 5.32-176 4.04E-16 3.00E-07 3.19E-13
  3.75E+05 1.88E-18 2.43E-34 6.69E-20 2.51E-10 1.95E-11 7.45E-14 1.97E-38 2.40E-67 3.96-106 6.05E-20 4.24E-22 1.18E-64 2.15E-08 6.06E-11 6.41-151 5.35E-16 3.00E-07 2.13E-12
  5.75E+05 4.19E-19 1.21E-35 2.85E-20 3.45E-10 2.46E-11 1.85E-14 4.52E-40 8.11E-71 3.96-106 4.07E-19 4.23E-22 8.38E-68 2.97E-08 7.45E-11 2.80-127 5.98E-16 3.00E-07 1.49E-11
  7.75E+05 9.25E-20 6.22E-37 1.41E-20 4.46E-10 2.41E-11 5.80E-15 7.90E-42 1.60E-74 3.96-106 3.14E-18 4.22E-22 4.74E-71 3.88E-08 7.84E-11 1.76-105 5.97E-16 2.99E-07 3.75E-11
  9.75E+05 3.66E-20 1.57E-37 1.51E-20 5.28E-10 2.72E-11 2.09E-15 1.25E-43 2.54E-78 3.95-106 5.40E-17 4.21E-22 1.18E-73 4.91E-08 8.68E-11 5.05E-86 7.69E-16 2.99E-07 3.62E-11
  1.18E+06 9.19E-21 2.59E-36 3.42E-20 6.88E-10 3.03E-11 6.08E-16 2.98E-44 7.93E-80 3.95-106 3.81E-16 4.19E-22 2.50E-73 7.34E-08 1.27E-10 8.34E-69 9.22E-16 2.98E-07 2.62E-11
  1.38E+06 3.25E-22 8.06E-34 7.57E-19 1.24E-09 2.82E-11 6.46E-17 2.15E-43 2.15E-78 3.95-106 6.04E-16 4.08E-22 2.91E-70 1.84E-07 3.63E-10 4.54E-55 1.57E-15 2.94E-07 2.59E-11
  1.58E+06 7.67E-24 8.94E-32 9.32E-18 1.77E-09 2.73E-11 2.13E-17 4.19E-43 4.23E-78 3.95-106 1.15E-15 3.76E-22 3.22E-68 4.72E-07 1.05E-09 5.61E-45 5.16E-15 2.82E-07 4.09E-11
  1.78E+06 4.22E-25 3.04E-30 4.73E-17 1.48E-09 2.20E-11 5.30E-17 1.34E-42 2.24E-77 3.94-106 1.93E-15 3.23E-22 1.80E-66 9.57E-07 2.20E-09 1.38E-37 1.58E-14 2.61E-07 7.33E-11
  1.98E+06 9.09E-25 3.05E-29 8.74E-17 5.79E-10 9.70E-12 6.64E-17 1.04E-41 6.93E-76 3.92-106 1.88E-15 2.53E-22 7.21E-65 1.61E-06 3.57E-09 4.15E-32 3.72E-14 2.32E-07 1.24E-10
  2.18E+06 1.88E-24 1.20E-28 7.51E-17 1.29E-10 2.68E-12 4.45E-17 3.51E-41 4.10E-75 3.91-106 1.23E-15 1.82E-22 4.97E-64 2.36E-06 4.72E-09 5.55E-28 7.21E-14 2.01E-07 1.87E-10
  2.38E+06 3.24E-24 3.41E-28 5.40E-17 2.82E-11 7.71E-13 2.63E-17 7.93E-41 1.09E-74 3.89-106 8.71E-16 1.17E-22 1.66E-63 3.18E-06 5.34E-09 8.44E-25 1.24E-13 1.68E-07 2.46E-10
  2.58E+06 4.54E-24 7.19E-28 3.31E-17 6.07E-12 2.28E-13 1.34E-17 1.11E-40 1.13E-74 3.87-106 6.26E-16 6.52E-23 2.59E-63 4.00E-06 5.31E-09 2.65E-22 1.94E-13 1.37E-07 2.73E-10
  2.78E+06 5.01E-24 1.15E-27 1.75E-17 1.29E-12 1.14E-13 5.68E-18 9.32E-41 4.22E-75 3.85-106 4.40E-16 3.01E-23 1.84E-63 4.73E-06 4.67E-09 2.43E-20 2.74E-13 1.08E-07 2.52E-10
  2.98E+06 4.51E-24 1.50E-27 8.53E-18 2.88E-13 4.22E-13 2.07E-18 5.13E-41 6.81E-76 3.83-106 3.20E-16 1.09E-23 7.02E-64 5.23E-06 3.61E-09 8.09E-19 3.52E-13 8.16E-08 1.94E-10
  3.18E+06 3.47E-24 1.70E-27 4.09E-18 7.29E-14 6.36E-13 6.75E-19 2.08E-41 6.02E-77 3.81-106 2.57E-16 2.89E-24 1.73E-64 5.45E-06 2.43E-09 1.17E-17 4.14E-13 5.95E-08 1.25E-10
  3.38E+06 2.53E-24 1.90E-27 2.15E-18 2.30E-14 6.86E-13 2.22E-19 7.87E-42 4.62E-78 3.78-106 2.39E-16 5.33E-25 3.94E-65 5.44E-06 1.44E-09 8.63E-17 4.44E-13 4.19E-08 6.73E-11
  3.58E+06 2.00E-24 2.38E-27 1.41E-18 9.88E-15 6.98E-13 8.44E-20 3.60E-42 5.31E-79 3.75-106 2.50E-16 6.62E-26 1.24E-65 5.29E-06 7.92E-10 3.85E-16 4.34E-13 2.87E-08 3.09E-11
  3.78E+06 1.95E-24 3.81E-27 1.28E-18 6.27E-15 7.01E-13 4.18E-20 2.58E-42 1.51E-79 3.72-106 2.64E-16 5.72E-27 7.90E-66 5.05E-06 4.13E-10 1.20E-15 3.84E-13 1.95E-08 1.21E-11
  3.98E+06 2.24E-24 7.24E-27 1.48E-18 5.28E-15 7.02E-13 2.56E-20 2.56E-42 8.48E-80 3.69-106 2.45E-16 3.48E-28 8.48E-66 4.65E-06 2.00E-10 2.93E-15 2.97E-13 1.33E-08 4.08E-12
  4.18E+06 2.78E-24 1.44E-26 1.92E-18 5.01E-15 7.01E-13 1.78E-20 2.94E-42 6.48E-80 3.66-106 2.03E-16 1.58E-29 1.12E-65 4.07E-06 8.40E-11 6.09E-15 1.93E-13 9.14E-09 1.22E-12
  4.38E+06 3.61E-24 2.85E-26 2.62E-18 4.95E-15 7.01E-13 1.44E-20 3.86E-42 6.63E-80 3.62-106 1.57E-16 8.12E-31 1.73E-65 3.41E-06 3.00E-11 1.15E-14 1.05E-13 6.39E-09 3.51E-13
  4.58E+06 4.82E-24 5.71E-26 3.78E-18 4.94E-15 7.00E-13 1.36E-20 5.93E-42 9.46E-80 3.59-106 1.18E-16 2.72E-31 3.22E-65 2.80E-06 9.75E-12 2.12E-14 4.94E-14 4.61E-09 1.03E-13
  4.78E+06 6.40E-24 1.15E-25 5.66E-18 4.94E-15 6.99E-13 1.45E-20 1.01E-41 1.67E-79 3.55-106 8.65E-17 2.78E-31 6.74E-65 2.29E-06 3.09E-12 3.86E-14 2.18E-14 3.44E-09 3.17E-14
  4.98E+06 8.08E-24 2.27E-25 8.40E-18 4.95E-15 6.98E-13 1.59E-20 1.70E-41 2.90E-79 3.52-106 6.24E-17 3.31E-31 1.37E-64 1.85E-06 9.77E-13 6.62E-14 9.29E-15 2.65E-09 1.00E-14
  5.18E+06 9.78E-24 4.40E-25 1.24E-17 4.96E-15 6.97E-13 1.77E-20 2.82E-41 4.83E-79 3.48-106 4.47E-17 4.30E-31 2.66E-64 1.50E-06 3.15E-13 1.09E-13 3.95E-15 2.10E-09 3.28E-15
  5.38E+06 1.16E-23 8.44E-25 1.82E-17 4.96E-15 6.96E-13 2.00E-20 4.63E-41 7.86E-79 3.44-106 3.20E-17 5.98E-31 5.06E-64 1.22E-06 1.04E-13 1.73E-13 1.69E-15 1.70E-09 1.11E-15
  5.58E+06 1.37E-23 1.61E-24 2.66E-17 4.95E-15 6.95E-13 2.30E-20 7.67E-41 1.29E-78 3.40-106 2.30E-17 8.72E-31 9.60E-64 9.89E-07 3.54E-14 2.70E-13 7.29E-16 1.41E-09 3.88E-16
  5.78E+06 1.64E-23 3.08E-24 3.88E-17 4.94E-15 6.94E-13 2.71E-20 1.31E-40 2.24E-78 3.36-106 1.65E-17 1.31E-30 1.86E-63 7.99E-07 1.25E-14 4.13E-13 3.20E-16 1.18E-09 1.41E-16
  5.98E+06 2.04E-23 5.87E-24 5.68E-17 4.92E-15 6.92E-13 3.26E-20 2.33E-40 4.24E-78 3.31-106 1.19E-17 1.97E-30 3.76E-63 6.39E-07 4.62E-15 6.22E-13 1.44E-16 1.00E-09 5.38E-17
  6.18E+06 2.63E-23 1.12E-23 8.29E-17 4.89E-15 6.91E-13 4.03E-20 4.39E-40 8.81E-78 3.25-106 8.59E-18 2.97E-30 7.95E-63 5.05E-07 1.81E-15 9.25E-13 6.71E-17 8.59E-10 2.17E-17
  6.38E+06 3.52E-23 2.13E-23 1.21E-16 4.85E-15 6.89E-13 5.08E-20 8.61E-40 1.99E-77 3.19-106 6.18E-18 4.43E-30 1.74E-62 3.96E-07 7.51E-16 1.36E-12 3.27E-17 7.44E-10 9.36E-18
  6.58E+06 4.95E-23 4.05E-23 1.75E-16 4.78E-15 6.86E-13 6.54E-20 1.78E-39 4.94E-77 3.11-106 4.43E-18 6.58E-30 3.98E-62 3.06E-07 3.37E-16 1.99E-12 1.68E-17 6.48E-10 4.35E-18
  6.78E+06 7.92E-23 7.60E-23 2.50E-16 4.70E-15 6.83E-13 9.00E-20 4.25E-39 1.64E-76 3.03-106 3.17E-18 1.01E-29 1.03E-61 2.28E-07 1.75E-16 2.86E-12 9.30E-18 5.68E-10 2.35E-18
  6.98E+06 1.68E-22 1.38E-22 3.45E-16 4.59E-15 6.79E-13 1.45E-19 1.41E-38 1.03E-75 2.94-106 2.27E-18 1.73E-29 3.57E-61 1.55E-07 1.21E-16 3.95E-12 5.97E-18 4.99E-10 1.73E-18
  7.18E+06 4.47E-22 2.37E-22 4.48E-16 4.47E-15 6.74E-13 2.56E-19 5.77E-38 9.85E-75 2.83-106 1.67E-18 3.52E-29 1.43E-60 9.91E-08 1.11E-16 5.14E-12 4.42E-18 4.39E-10 1.69E-18
  7.38E+06 1.09E-21 3.84E-22 5.47E-16 4.35E-15 6.68E-13 3.96E-19 1.94E-37 6.27E-74 2.70-106 1.26E-18 7.76E-29 4.39E-60 6.50E-08 1.02E-16 6.35E-12 3.38E-18 3.86E-10 1.62E-18
  7.58E+06 1.89E-21 5.99E-22 6.33E-16 4.23E-15 6.61E-13 4.49E-19 3.85E-37 1.37E-73 2.56-106 9.51E-19 1.65E-28 7.52E-60 4.54E-08 7.18E-17 7.70E-12 2.29E-18 3.39E-10 1.11E-18
  7.78E+06 2.89E-21 9.24E-22 7.23E-16 4.11E-15 6.52E-13 4.39E-19 6.19E-37 1.95E-73 2.39-106 7.41E-19 3.17E-28 1.03E-59 3.21E-08 4.10E-17 9.69E-12 1.49E-18 2.95E-10 6.30E-19
  7.98E+06 1.04E-21 1.73E-21 1.00E-15 3.79E-15 6.40E-13 1.61E-19 1.42E-37 5.67E-75 2.20-106 7.28E-19 5.59E-28 2.42E-60 3.88E-08 1.09E-17 1.76E-11 6.21E-19 2.57E-10 1.20E-19
  8.18E+06 2.26E-23 3.77E-21 1.62E-15 3.12E-15 6.25E-13 1.03E-20 9.77E-40 1.50E-79 1.99-106 1.15E-18 7.44E-28 2.01E-62 1.09E-07 1.06E-18 4.62E-11 8.79E-20 2.21E-10 3.53E-21
  8.38E+06 6.65E-25 6.46E-21 2.05E-15 2.62E-15 6.06E-13 8.28E-22 1.10E-41 1.05E-83 1.75-106 1.95E-18 6.05E-28 2.15E-64 2.34E-07 9.06E-20 1.08E-10 3.35E-20 1.89E-10 1.24E-22
  8.58E+06 3.77E-26 1.00E-20 2.34E-15 2.24E-15 5.82E-13 1.06E-22 3.21E-43 5.36E-87 1.48-106 2.68E-18 3.91E-28 5.33E-66 3.87E-07 9.13E-21 2.95E-10 2.37E-20 1.59E-10 1.33E-23
  8.78E+06 3.61E-27 1.48E-20 2.56E-15 1.92E-15 5.51E-13 1.95E-23 2.01E-44 3.17E-89 1.19-106 2.99E-18 2.50E-28 2.74E-67 5.27E-07 1.50E-21 1.09E-09 1.84E-20 1.33E-10 2.59E-24
  8.98E+06 5.24E-28 2.16E-20 2.73E-15 1.62E-15 5.13E-13 4.86E-24 2.70E-45 1.94E-90 9.11-107 2.81E-18 1.67E-28 2.96E-68 6.16E-07 3.93E-22 4.88E-09 1.38E-20 1.09E-10 5.92E-25
  9.18E+06 1.06E-28 3.11E-20 2.87E-15 1.33E-15 4.67E-13 1.53E-24 8.97E-46 3.95E-91 6.47-107 2.28E-18 1.18E-28 7.84E-69 6.34E-07 1.15E-22 2.14E-08 9.13E-21 8.88E-11 1.34E-25
  9.38E+06 2.76E-29 4.44E-20 2.97E-15 1.05E-15 4.15E-13 5.72E-25 6.16E-46 1.68E-91 4.22-107 1.62E-18 9.00E-29 4.26E-69 5.88E-07 3.09E-23 8.19E-08 5.29E-21 7.16E-11 2.90E-26
  9.58E+06 8.83E-30 6.25E-20 3.01E-15 7.88E-16 3.56E-13 2.45E-25 5.76E-46 9.60E-92 2.48-107 1.03E-18 7.54E-29 3.11E-69 4.99E-07 7.78E-24 2.64E-07 2.89E-21 5.77E-11 6.23E-27
  9.78E+06 3.36E-30 8.62E-20 2.99E-15 5.64E-16 2.94E-13 1.17E-25 6.00E-46 5.91E-92 1.30-107 6.11E-19 7.37E-29 2.49E-69 3.90E-07 1.90E-24 7.15E-07 1.55E-21 4.75E-11 1.39E-27
  9.98E+06 1.57E-30 1.15E-19 2.89E-15 4.01E-16 2.33E-13 6.29E-26 6.55E-46 3.59E-92 6.04-108 3.89E-19 9.45E-29 2.03E-69 2.79E-07 5.82E-25 1.66E-06 8.31E-22 4.15E-11 3.85E-28

     Z        N2O5     CO2      SO4AER   S8AER   
  2.50E+04 6.43E-18 2.10E-04 2.04E-10 1.00E-38
  7.50E+04 8.53E-18 2.10E-04 2.17E-10 1.00E-38
  1.25E+05 1.23E-17 2.10E-04 2.40E-10 1.00E-38
  1.75E+05 1.92E-17 2.10E-04 2.76E-10 1.00E-38
  3.75E+05 1.73E-16 2.10E-04 5.07E-10 1.00E-38
  5.75E+05 1.38E-15 2.10E-04 8.12E-10 1.00E-38
  7.75E+05 2.98E-15 2.10E-04 1.16E-09 1.00E-38
  9.75E+05 4.36E-15 2.10E-04 1.55E-09 1.00E-38
  1.18E+06 6.93E-15 2.10E-04 2.44E-09 1.00E-38
  1.38E+06 3.26E-14 2.10E-04 5.16E-09 1.00E-38
  1.58E+06 2.68E-13 2.10E-04 8.21E-09 1.00E-38
  1.78E+06 1.30E-12 2.10E-04 8.32E-09 1.00E-38
  1.98E+06 3.58E-12 2.10E-04 6.14E-09 1.00E-38
  2.18E+06 6.81E-12 2.10E-04 4.04E-09 1.00E-38
  2.38E+06 1.03E-11 2.10E-04 2.67E-09 1.00E-38
  2.58E+06 1.26E-11 2.10E-04 1.83E-09 1.00E-38
  2.78E+06 1.22E-11 2.10E-04 1.30E-09 1.00E-38
  2.98E+06 9.25E-12 2.10E-04 9.58E-10 1.00E-38
  3.18E+06 5.57E-12 2.10E-04 7.29E-10 1.00E-38
  3.38E+06 2.71E-12 2.11E-04 5.47E-10 1.00E-38
  3.58E+06 1.08E-12 2.11E-04 3.98E-10 1.00E-38
  3.78E+06 3.49E-13 2.11E-04 2.83E-10 1.00E-38
  3.98E+06 8.65E-14 2.11E-04 1.97E-10 1.00E-38
  4.18E+06 1.58E-14 2.11E-04 1.34E-10 1.00E-38
  4.38E+06 2.26E-15 2.11E-04 8.97E-11 1.00E-38
  4.58E+06 2.91E-16 2.11E-04 5.90E-11 1.00E-38
  4.78E+06 3.66E-17 2.11E-04 3.82E-11 1.00E-38
  4.98E+06 4.58E-18 2.11E-04 2.40E-11 1.00E-38
  5.18E+06 5.93E-19 2.11E-04 1.46E-11 1.00E-38
  5.38E+06 7.97E-20 2.10E-04 8.43E-12 1.00E-38
  5.58E+06 1.12E-20 2.10E-04 4.51E-12 1.00E-38
  5.78E+06 1.64E-21 2.10E-04 2.19E-12 1.00E-38
  5.98E+06 2.56E-22 2.10E-04 9.33E-13 1.00E-38
  6.18E+06 4.30E-23 2.10E-04 3.38E-13 1.00E-38
  6.38E+06 7.95E-24 2.10E-04 9.92E-14 1.00E-38
  6.58E+06 1.64E-24 2.10E-04 2.22E-14 1.00E-38
  6.78E+06 4.01E-25 2.09E-04 3.48E-15 1.00E-38
  6.98E+06 1.38E-25 2.09E-04 3.43E-16 1.00E-38
  7.18E+06 6.61E-26 2.08E-04 1.79E-17 1.00E-38
  7.38E+06 3.25E-26 2.08E-04 3.91E-19 1.00E-38
  7.58E+06 1.14E-26 2.07E-04 2.29E-21 1.00E-38
  7.78E+06 3.31E-27 2.06E-04 1.40E-24 1.00E-38
  7.98E+06 3.43E-28 2.04E-04 1.68E-29 1.00E-38
  8.18E+06 5.13E-30 2.02E-04 6.33E-34 1.00E-38
  8.38E+06 1.52E-31 2.00E-04 1.00E-38 1.00E-38
  8.58E+06 3.67E-32 1.97E-04 1.00E-38 1.00E-38
  8.78E+06 1.43E-32 1.94E-04 1.00E-38 1.00E-38
  8.98E+06 5.35E-33 1.90E-04 1.00E-38 1.00E-38
  9.18E+06 1.62E-33 1.85E-04 1.00E-38 1.00E-38
  9.38E+06 3.90E-34 1.79E-04 1.00E-38 1.00E-38
  9.58E+06 8.45E-35 1.71E-04 1.00E-38 1.00E-38
  9.78E+06 1.81E-35 1.63E-04 1.00E-38 1.00E-38
  9.98E+06 4.31E-36 1.54E-04 1.00E-38 1.00E-38
 NW =                   750    WAVELENGTH GRID:   1176.5000000000000       -   10000.000000000000       Angstroms


 PHOTOLYSIS RATES

     Z      PO2_O1D    PO2_O3P    PH2O_1     PH2O_2     PH2O_3     PO3_O1D    PO3_O      PO3_3O     
 2.50E+04   0.00E+00   5.57E-29   6.65E-30   0.00E+00   0.00E+00   6.85E-06   2.03E-04   2.02E-31
 1.75E+05   0.00E+00   1.18E-26   2.68E-27   0.00E+00   0.00E+00   7.93E-06   2.09E-04   1.00E-26
 3.25E+05   0.00E+00   1.52E-24   6.79E-25   0.00E+00   0.00E+00   8.85E-06   2.15E-04   2.95E-23
 4.75E+05   0.00E+00   1.13E-22   8.59E-23   0.00E+00   0.00E+00   9.65E-06   2.21E-04   1.14E-20
 6.25E+05   0.00E+00   4.99E-21   5.47E-21   0.00E+00   0.00E+00   1.03E-05   2.26E-04   1.25E-18
 7.75E+05   0.00E+00   1.38E-19   1.94E-19   0.00E+00   0.00E+00   1.10E-05   2.31E-04   6.09E-17
 9.25E+05   0.00E+00   2.49E-18   4.19E-18   0.00E+00   0.00E+00   1.16E-05   2.35E-04   1.65E-15
 1.08E+06   0.00E+00   2.99E-17   5.81E-17   0.00E+00   0.00E+00   1.22E-05   2.39E-04   2.75E-14
 1.22E+06   0.00E+00   2.32E-16   5.06E-16   0.00E+00   0.00E+00   1.30E-05   2.42E-04   2.75E-13
 1.38E+06   0.00E+00   1.26E-15   3.00E-15   0.00E+00   0.00E+00   1.37E-05   2.46E-04   1.82E-12
 1.52E+06   0.00E+00   5.31E-15   1.35E-14   0.00E+00   0.00E+00   1.47E-05   2.50E-04   8.87E-12
 1.68E+06   0.00E+00   1.86E-14   4.95E-14   0.00E+00   0.00E+00   1.60E-05   2.54E-04   3.48E-11
 1.82E+06   0.00E+00   5.72E-14   1.57E-13   0.00E+00   0.00E+00   1.77E-05   2.57E-04   1.16E-10
 1.98E+06   0.00E+00   1.58E-13   4.41E-13   0.00E+00   0.00E+00   2.03E-05   2.60E-04   3.37E-10
 2.12E+06   0.00E+00   3.98E-13   1.14E-12   0.00E+00   0.00E+00   2.38E-05   2.63E-04   8.82E-10
 2.28E+06   0.00E+00   9.24E-13   2.71E-12   0.00E+00   0.00E+00   2.87E-05   2.66E-04   2.10E-09
 2.42E+06   0.00E+00   1.99E-12   6.04E-12   0.00E+00   0.00E+00   3.55E-05   2.69E-04   4.56E-09
 2.58E+06   0.00E+00   4.01E-12   1.26E-11   0.00E+00   0.00E+00   4.50E-05   2.72E-04   9.11E-09
 2.72E+06   0.00E+00   7.54E-12   2.43E-11   0.00E+00   0.00E+00   5.81E-05   2.76E-04   1.68E-08
 2.88E+06   2.32-145   1.33E-11   4.37E-11   1.05-142   1.58-142   7.65E-05   2.79E-04   2.85E-08
 3.02E+06   2.02-119   2.20E-11   7.34E-11   9.14-117   1.37-116   1.02E-04   2.84E-04   4.49E-08
 3.18E+06   7.79E-99   3.45E-11   1.16E-10   3.53E-96   5.29E-96   1.36E-04   2.89E-04   6.60E-08
 3.32E+06   1.65E-82   5.12E-11   1.77E-10   7.45E-80   1.12E-79   1.82E-04   2.95E-04   9.14E-08
 3.48E+06   1.50E-69   7.24E-11   2.61E-10   6.79E-67   1.02E-66   2.41E-04   3.02E-04   1.21E-07
 3.62E+06   3.12E-59   9.83E-11   3.77E-10   1.41E-56   2.12E-56   3.18E-04   3.12E-04   1.52E-07
 3.78E+06   5.54E-51   1.29E-10   5.30E-10   2.51E-48   3.76E-48   4.24E-04   3.24E-04   1.86E-07
 3.92E+06   2.31E-44   1.63E-10   7.26E-10   1.05E-41   1.57E-41   5.76E-04   3.41E-04   2.22E-07
 4.08E+06   5.00E-39   2.00E-10   9.65E-10   2.26E-36   3.40E-36   7.99E-04   3.66E-04   2.57E-07
 4.22E+06   1.05E-34   2.37E-10   1.24E-09   4.76E-32   7.14E-32   1.10E-03   4.01E-04   2.92E-07
 4.38E+06   3.61E-31   2.74E-10   1.56E-09   1.63E-28   2.45E-28   1.47E-03   4.42E-04   3.26E-07
 4.52E+06   3.09E-28   3.08E-10   1.90E-09   1.40E-25   2.10E-25   1.87E-03   4.86E-04   3.59E-07
 4.68E+06   9.17E-26   3.39E-10   2.28E-09   4.15E-23   6.23E-23   2.26E-03   5.30E-04   3.90E-07
 4.82E+06   1.15E-23   3.68E-10   2.68E-09   5.19E-21   7.79E-21   2.60E-03   5.69E-04   4.21E-07
 4.98E+06   6.79E-22   3.96E-10   3.14E-09   3.07E-19   4.61E-19   2.89E-03   6.01E-04   4.49E-07
 5.12E+06   2.08E-20   4.23E-10   3.67E-09   9.42E-18   1.41E-17   3.13E-03   6.27E-04   4.77E-07
 5.28E+06   3.60E-19   4.52E-10   4.32E-09   1.63E-16   2.44E-16   3.30E-03   6.47E-04   5.03E-07
 5.42E+06   3.82E-18   4.83E-10   5.16E-09   1.73E-15   2.60E-15   3.44E-03   6.63E-04   5.29E-07
 5.58E+06   2.69E-17   5.18E-10   6.24E-09   1.22E-14   1.83E-14   3.54E-03   6.74E-04   5.55E-07
 5.72E+06   1.35E-16   5.57E-10   7.59E-09   6.09E-14   9.14E-14   3.61E-03   6.82E-04   5.79E-07
 5.88E+06   5.05E-16   6.00E-10   9.21E-09   2.29E-13   3.43E-13   3.66E-03   6.88E-04   6.04E-07
 6.02E+06   1.51E-15   6.48E-10   1.11E-08   6.79E-13   1.02E-12   3.70E-03   6.92E-04   6.27E-07
 6.18E+06   4.06E-15   7.01E-10   1.32E-08   1.73E-12   2.59E-12   3.73E-03   6.95E-04   6.50E-07
 6.32E+06   1.44E-14   7.63E-10   1.55E-08   4.77E-12   7.16E-12   3.75E-03   6.98E-04   6.72E-07
 6.48E+06   7.94E-14   8.34E-10   1.82E-08   1.94E-11   2.91E-11   3.76E-03   6.99E-04   6.94E-07
 6.62E+06   4.43E-13   9.18E-10   2.16E-08   9.42E-11   1.41E-10   3.77E-03   7.00E-04   7.16E-07
 6.78E+06   1.96E-12   1.02E-09   2.73E-08   3.98E-10   5.98E-10   3.77E-03   7.01E-04   7.41E-07
 6.92E+06   6.79E-12   1.15E-09   3.85E-08   1.35E-09   2.02E-09   3.77E-03   7.01E-04   7.74E-07
 7.08E+06   1.90E-11   1.32E-09   6.11E-08   3.71E-09   5.56E-09   3.78E-03   7.02E-04   8.27E-07
 7.22E+06   4.42E-11   1.54E-09   1.03E-07   8.52E-09   1.28E-08   3.78E-03   7.02E-04   9.13E-07
 7.38E+06   8.85E-11   1.87E-09   1.74E-07   1.68E-08   2.53E-08   3.78E-03   7.02E-04   1.05E-06
 7.52E+06   1.56E-10   2.31E-09   2.77E-07   2.93E-08   4.40E-08   3.78E-03   7.02E-04   1.24E-06
 7.68E+06   2.47E-10   2.91E-09   4.14E-07   4.59E-08   6.88E-08   3.78E-03   7.02E-04   1.49E-06
 7.82E+06   3.57E-10   3.69E-09   5.78E-07   6.58E-08   9.87E-08   3.78E-03   7.02E-04   1.79E-06
 7.98E+06   4.82E-10   4.68E-09   7.62E-07   8.80E-08   1.32E-07   3.78E-03   7.02E-04   2.11E-06
 8.12E+06   6.16E-10   5.92E-09   9.56E-07   1.11E-07   1.67E-07   3.78E-03   7.02E-04   2.45E-06
 8.28E+06   7.59E-10   7.43E-09   1.15E-06   1.34E-07   2.01E-07   3.78E-03   7.02E-04   2.80E-06
 8.42E+06   9.28E-10   9.26E-09   1.35E-06   1.57E-07   2.35E-07   3.78E-03   7.02E-04   3.13E-06
 8.58E+06   1.16E-09   1.15E-08   1.54E-06   1.78E-07   2.68E-07   3.78E-03   7.02E-04   3.46E-06
 8.72E+06   1.50E-09   1.43E-08   1.74E-06   2.00E-07   3.00E-07   3.78E-03   7.02E-04   3.79E-06
 8.88E+06   2.03E-09   1.79E-08   1.94E-06   2.21E-07   3.32E-07   3.78E-03   7.03E-04   4.13E-06
 9.02E+06   2.86E-09   2.25E-08   2.16E-06   2.44E-07   3.65E-07   3.79E-03   7.03E-04   4.49E-06
 9.18E+06   4.39E-09   2.83E-08   2.40E-06   2.67E-07   4.00E-07   3.79E-03   7.03E-04   4.87E-06
 9.32E+06   7.76E-09   3.55E-08   2.66E-06   2.92E-07   4.35E-07   3.79E-03   7.03E-04   5.27E-06
 9.48E+06   1.60E-08   4.41E-08   2.96E-06   3.17E-07   4.70E-07   3.79E-03   7.03E-04   5.68E-06
 9.62E+06   3.69E-08   5.39E-08   3.32E-06   3.43E-07   5.05E-07   3.79E-03   7.03E-04   6.12E-06
 9.78E+06   9.40E-08   6.53E-08   3.81E-06   3.70E-07   5.40E-07   3.79E-03   7.03E-04   6.58E-06
 9.92E+06   3.31E-07   8.29E-08   4.66E-06   4.01E-07   5.75E-07   3.79E-03   7.03E-04   7.14E-06

     Z      PH2O2      PCO2_1     PCO2_2     PH2CO_1    PH2CO_2    PHO2       PCH4_1     PCH4_2     
 2.50E+04   1.96E-06   2.51E-36   0.00E+00   1.66E-05   9.65E-06   4.34E-23   0.00E+00   0.00E+00
 1.75E+05   2.20E-06   1.81E-31   0.00E+00   1.90E-05   1.12E-05   9.05E-21   0.00E+00   0.00E+00
 3.25E+05   2.41E-06   5.77E-28   0.00E+00   2.12E-05   1.27E-05   1.14E-18   0.00E+00   0.00E+00
 4.75E+05   2.57E-06   2.27E-25   0.00E+00   2.31E-05   1.40E-05   8.28E-17   0.00E+00   0.00E+00
 6.25E+05   2.70E-06   2.47E-23   0.00E+00   2.49E-05   1.52E-05   3.61E-15   0.00E+00   0.00E+00
 7.75E+05   2.80E-06   1.19E-21   0.00E+00   2.65E-05   1.63E-05   9.82E-14   0.00E+00   0.00E+00
 9.25E+05   2.89E-06   3.20E-20   0.00E+00   2.80E-05   1.73E-05   1.75E-12   0.00E+00   0.00E+00
 1.08E+06   2.99E-06   5.29E-19   0.00E+00   2.93E-05   1.82E-05   2.08E-11   0.00E+00   0.00E+00
 1.22E+06   3.11E-06   5.30E-18   0.00E+00   3.04E-05   1.90E-05   1.61E-10   0.00E+00   0.00E+00
 1.38E+06   3.23E-06   3.51E-17   0.00E+00   3.15E-05   1.97E-05   8.67E-10   0.00E+00   0.00E+00
 1.52E+06   3.35E-06   1.71E-16   0.00E+00   3.24E-05   2.05E-05   3.63E-09   0.00E+00   0.00E+00
 1.68E+06   3.47E-06   6.70E-16   0.00E+00   3.33E-05   2.13E-05   1.27E-08   0.00E+00   0.00E+00
 1.82E+06   3.61E-06   2.23E-15   0.00E+00   3.41E-05   2.21E-05   3.86E-08   0.00E+00   0.00E+00
 1.98E+06   3.77E-06   6.58E-15   0.00E+00   3.49E-05   2.29E-05   1.06E-07   0.00E+00   0.00E+00
 2.12E+06   3.95E-06   1.77E-14   0.00E+00   3.56E-05   2.39E-05   2.65E-07   0.00E+00   0.00E+00
 2.28E+06   4.18E-06   4.44E-14   0.00E+00   3.62E-05   2.49E-05   6.12E-07   0.00E+00   0.00E+00
 2.42E+06   4.48E-06   1.04E-13   0.00E+00   3.69E-05   2.61E-05   1.31E-06   0.00E+00   0.00E+00
 2.58E+06   4.87E-06   2.25E-13   0.00E+00   3.75E-05   2.74E-05   2.63E-06   0.00E+00   0.00E+00
 2.72E+06   5.40E-06   4.50E-13   0.00E+00   3.82E-05   2.89E-05   4.93E-06   0.00E+00   0.00E+00
 2.88E+06   6.12E-06   8.30E-13   4.66-144   3.89E-05   3.05E-05   8.69E-06   3.79-142   7.35-142
 3.02E+06   7.07E-06   1.41E-12   4.06-118   3.96E-05   3.21E-05   1.44E-05   3.30-116   6.40-116
 3.18E+06   8.30E-06   2.25E-12   1.57E-97   4.03E-05   3.39E-05   2.26E-05   1.27E-95   2.47E-95
 3.32E+06   9.82E-06   3.36E-12   3.31E-81   4.10E-05   3.57E-05   3.36E-05   2.69E-79   5.21E-79
 3.48E+06   1.17E-05   4.80E-12   3.01E-68   4.17E-05   3.74E-05   4.76E-05   2.45E-66   4.75E-66
 3.62E+06   1.38E-05   6.60E-12   6.28E-58   4.24E-05   3.91E-05   6.48E-05   5.10E-56   9.90E-56
 3.78E+06   1.63E-05   8.79E-12   1.11E-49   4.30E-05   4.07E-05   8.52E-05   9.04E-48   1.76E-47
 3.92E+06   1.92E-05   1.14E-11   4.65E-43   4.37E-05   4.22E-05   1.08E-04   3.77E-41   7.32E-41
 4.08E+06   2.25E-05   1.43E-11   1.01E-37   4.43E-05   4.36E-05   1.34E-04   8.16E-36   1.58E-35
 4.22E+06   2.63E-05   1.75E-11   2.11E-33   4.48E-05   4.48E-05   1.60E-04   1.72E-31   3.33E-31
 4.38E+06   3.03E-05   2.10E-11   7.25E-30   4.53E-05   4.58E-05   1.86E-04   5.89E-28   1.14E-27
 4.52E+06   3.41E-05   2.47E-11   6.22E-27   4.58E-05   4.66E-05   2.09E-04   5.05E-25   9.81E-25
 4.68E+06   3.77E-05   2.85E-11   1.84E-24   4.62E-05   4.72E-05   2.28E-04   1.50E-22   2.91E-22
 4.82E+06   4.07E-05   3.25E-11   2.31E-22   4.65E-05   4.77E-05   2.45E-04   1.87E-20   3.63E-20
 4.98E+06   4.32E-05   3.66E-11   1.36E-20   4.67E-05   4.81E-05   2.58E-04   1.11E-18   2.15E-18
 5.12E+06   4.52E-05   4.10E-11   4.18E-19   4.69E-05   4.84E-05   2.69E-04   3.39E-17   6.59E-17
 5.28E+06   4.68E-05   4.57E-11   7.23E-18   4.70E-05   4.86E-05   2.77E-04   5.87E-16   1.14E-15
 5.42E+06   4.79E-05   5.09E-11   7.69E-17   4.72E-05   4.88E-05   2.83E-04   6.24E-15   1.21E-14
 5.58E+06   4.88E-05   5.68E-11   5.41E-16   4.72E-05   4.89E-05   2.87E-04   4.40E-14   8.54E-14
 5.72E+06   4.95E-05   6.33E-11   2.70E-15   4.73E-05   4.90E-05   2.91E-04   2.20E-13   4.26E-13
 5.88E+06   4.99E-05   7.05E-11   1.01E-14   4.73E-05   4.90E-05   2.93E-04   8.24E-13   1.60E-12
 6.02E+06   5.03E-05   7.83E-11   3.02E-14   4.74E-05   4.91E-05   2.95E-04   2.45E-12   4.74E-12
 6.18E+06   5.06E-05   8.67E-11   7.74E-14   4.74E-05   4.91E-05   2.97E-04   6.31E-12   1.19E-11
 6.32E+06   5.07E-05   9.56E-11   2.23E-13   4.74E-05   4.91E-05   2.98E-04   1.84E-11   3.05E-11
 6.48E+06   5.09E-05   1.05E-10   9.62E-13   4.74E-05   4.91E-05   2.99E-04   8.17E-11   1.08E-10
 6.62E+06   5.10E-05   1.15E-10   4.83E-12   4.74E-05   4.92E-05   3.00E-04   4.14E-10   4.82E-10
 6.78E+06   5.11E-05   1.26E-10   2.06E-11   4.74E-05   4.92E-05   3.01E-04   1.77E-09   1.98E-09
 6.92E+06   5.11E-05   1.38E-10   7.00E-11   4.74E-05   4.92E-05   3.01E-04   6.03E-09   6.62E-09
 7.08E+06   5.12E-05   1.52E-10   1.93E-10   4.74E-05   4.92E-05   3.01E-04   1.66E-08   1.81E-08
 7.22E+06   5.13E-05   1.67E-10   4.42E-10   4.75E-05   4.92E-05   3.02E-04   3.80E-08   4.14E-08
 7.38E+06   5.14E-05   1.86E-10   8.73E-10   4.75E-05   4.92E-05   3.02E-04   7.50E-08   8.15E-08
 7.52E+06   5.15E-05   2.07E-10   1.52E-09   4.75E-05   4.93E-05   3.02E-04   1.30E-07   1.42E-07
 7.68E+06   5.17E-05   2.33E-10   2.38E-09   4.76E-05   4.93E-05   3.03E-04   2.04E-07   2.21E-07
 7.82E+06   5.19E-05   2.63E-10   3.41E-09   4.77E-05   4.94E-05   3.03E-04   2.92E-07   3.17E-07
 7.98E+06   5.21E-05   2.97E-10   4.56E-09   4.77E-05   4.95E-05   3.03E-04   3.90E-07   4.23E-07
 8.12E+06   5.24E-05   3.35E-10   5.76E-09   4.78E-05   4.96E-05   3.04E-04   4.93E-07   5.33E-07
 8.28E+06   5.26E-05   3.79E-10   6.96E-09   4.79E-05   4.97E-05   3.04E-04   5.95E-07   6.44E-07
 8.42E+06   5.28E-05   4.27E-10   8.14E-09   4.80E-05   4.97E-05   3.04E-04   6.95E-07   7.51E-07
 8.58E+06   5.31E-05   4.80E-10   9.29E-09   4.81E-05   4.98E-05   3.04E-04   7.92E-07   8.56E-07
 8.72E+06   5.33E-05   5.39E-10   1.05E-08   4.82E-05   4.99E-05   3.05E-04   8.90E-07   9.63E-07
 8.88E+06   5.35E-05   6.08E-10   1.17E-08   4.82E-05   5.00E-05   3.05E-04   9.93E-07   1.07E-06
 9.02E+06   5.38E-05   6.89E-10   1.31E-08   4.83E-05   5.01E-05   3.05E-04   1.10E-06   1.19E-06
 9.18E+06   5.41E-05   7.90E-10   1.47E-08   4.85E-05   5.02E-05   3.05E-04   1.22E-06   1.32E-06
 9.32E+06   5.43E-05   9.23E-10   1.66E-08   4.86E-05   5.04E-05   3.06E-04   1.34E-06   1.45E-06
 9.48E+06   5.47E-05   1.13E-09   1.89E-08   4.89E-05   5.06E-05   3.06E-04   1.48E-06   1.59E-06
 9.62E+06   5.50E-05   1.50E-09   2.16E-08   4.92E-05   5.10E-05   3.06E-04   1.62E-06   1.74E-06
 9.78E+06   5.55E-05   2.28E-09   2.53E-08   4.98E-05   5.15E-05   3.06E-04   1.77E-06   1.89E-06
 9.92E+06   5.63E-05   3.84E-09   3.53E-08   5.05E-05   5.22E-05   3.07E-04   1.95E-06   2.06E-06

     Z      PCH4_3     PC2H6_1    PC2H6_2    PHNO2_1    PHNO3      PHNO3_3    PHNO3_1    PNO        
 2.50E+04   0.00E+00   0.00E+00   0.00E+00   5.40E-04   1.49E-07   1.77E-31   1.27E-31   0.00E+00
 1.75E+05   0.00E+00   0.00E+00   0.00E+00   6.00E-04   1.67E-07   1.51E-26   1.09E-26   0.00E+00
 3.25E+05   0.00E+00   0.00E+00   0.00E+00   6.53E-04   1.80E-07   4.93E-23   3.54E-23   0.00E+00
 4.75E+05   0.00E+00   0.00E+00   0.00E+00   7.01E-04   1.88E-07   1.95E-20   1.40E-20   6.39-162
 6.25E+05   0.00E+00   0.00E+00   0.00E+00   7.44E-04   1.92E-07   2.13E-18   1.53E-18   3.38-125
 7.75E+05   0.00E+00   0.00E+00   0.00E+00   7.82E-04   1.92E-07   1.03E-16   7.41E-17   6.49-101
 9.25E+05   0.00E+00   0.00E+00   0.00E+00   8.17E-04   1.89E-07   2.81E-15   2.02E-15   3.37E-82
 1.08E+06   0.00E+00   0.00E+00   0.00E+00   8.49E-04   1.90E-07   4.76E-14   3.42E-14   3.27E-67
 1.22E+06   0.00E+00   0.00E+00   0.00E+00   8.75E-04   1.98E-07   4.94E-13   3.54E-13   3.23E-55
 1.38E+06   0.00E+00   0.00E+00   0.00E+00   8.99E-04   2.07E-07   3.38E-12   2.43E-12   1.06E-45
 1.52E+06   0.00E+00   0.00E+00   0.00E+00   9.21E-04   2.19E-07   1.70E-11   1.22E-11   3.71E-38
 1.68E+06   0.00E+00   0.00E+00   0.00E+00   9.40E-04   2.37E-07   6.88E-11   4.94E-11   3.58E-32
 1.82E+06   0.00E+00   0.00E+00   0.00E+00   9.56E-04   2.68E-07   2.37E-10   1.70E-10   2.07E-27
 1.98E+06   0.00E+00   0.00E+00   0.00E+00   9.69E-04   3.25E-07   7.30E-10   5.24E-10   1.33E-23
 2.12E+06   0.00E+00   0.00E+00   0.00E+00   9.79E-04   4.35E-07   2.09E-09   1.50E-09   1.54E-20
 2.28E+06   0.00E+00   0.00E+00   0.00E+00   9.88E-04   6.42E-07   5.61E-09   4.03E-09   4.76E-18
 2.42E+06   0.00E+00   0.00E+00   0.00E+00   9.94E-04   1.01E-06   1.41E-08   1.01E-08   5.27E-16
 2.58E+06   0.00E+00   0.00E+00   0.00E+00   1.00E-03   1.64E-06   3.28E-08   2.36E-08   2.56E-14
 2.72E+06   0.00E+00   0.00E+00   0.00E+00   1.01E-03   2.64E-06   6.97E-08   5.01E-08   6.26E-13
 2.88E+06   1.13-141   0.00E+00   7.47-143   1.01E-03   4.09E-06   1.35E-07   9.68E-08   8.59E-12
 3.02E+06   9.87-116   0.00E+00   6.50-117   1.02E-03   6.05E-06   2.39E-07   1.71E-07   7.22E-11
 3.18E+06   3.81E-95   0.00E+00   2.51E-96   1.02E-03   8.51E-06   3.89E-07   2.80E-07   4.04E-10
 3.32E+06   8.05E-79   0.00E+00   5.30E-80   1.03E-03   1.14E-05   5.93E-07   4.26E-07   1.61E-09
 3.48E+06   7.33E-66   0.00E+00   4.83E-67   1.04E-03   1.46E-05   8.53E-07   6.13E-07   4.93E-09
 3.62E+06   1.53E-55   0.00E+00   1.01E-56   1.05E-03   1.80E-05   1.17E-06   8.40E-07   1.22E-08
 3.78E+06   2.71E-47   0.00E+00   1.78E-48   1.06E-03   2.15E-05   1.54E-06   1.11E-06   2.56E-08
 3.92E+06   1.13E-40   0.00E+00   7.45E-42   1.07E-03   2.51E-05   1.95E-06   1.40E-06   4.71E-08
 4.08E+06   2.44E-35   0.00E+00   1.61E-36   1.08E-03   2.87E-05   2.40E-06   1.73E-06   7.84E-08
 4.22E+06   5.14E-31   0.00E+00   3.39E-32   1.09E-03   3.21E-05   2.87E-06   2.06E-06   1.20E-07
 4.38E+06   1.76E-27   0.00E+00   1.16E-28   1.10E-03   3.53E-05   3.35E-06   2.40E-06   1.73E-07
 4.52E+06   1.51E-24   0.00E+00   9.97E-26   1.11E-03   3.81E-05   3.83E-06   2.75E-06   2.36E-07
 4.68E+06   4.48E-22   0.00E+00   2.95E-23   1.12E-03   4.05E-05   4.30E-06   3.09E-06   3.10E-07
 4.82E+06   5.61E-20   0.00E+00   3.70E-21   1.13E-03   4.26E-05   4.77E-06   3.42E-06   3.93E-07
 4.98E+06   3.32E-18   0.00E+00   2.19E-19   1.14E-03   4.42E-05   5.23E-06   3.75E-06   4.84E-07
 5.12E+06   1.02E-16   0.00E+00   6.70E-18   1.15E-03   4.56E-05   5.68E-06   4.08E-06   5.83E-07
 5.28E+06   1.76E-15   0.00E+00   1.16E-16   1.15E-03   4.68E-05   6.13E-06   4.40E-06   6.88E-07
 5.42E+06   1.87E-14   0.00E+00   1.23E-15   1.15E-03   4.77E-05   6.58E-06   4.72E-06   7.98E-07
 5.58E+06   1.32E-13   0.00E+00   8.68E-15   1.16E-03   4.84E-05   7.02E-06   5.04E-06   9.14E-07
 5.72E+06   6.58E-13   0.00E+00   4.33E-14   1.16E-03   4.91E-05   7.46E-06   5.35E-06   1.03E-06
 5.88E+06   2.47E-12   0.00E+00   1.63E-13   1.16E-03   4.96E-05   7.89E-06   5.66E-06   1.15E-06
 6.02E+06   7.30E-12   0.00E+00   4.87E-13   1.16E-03   5.00E-05   8.31E-06   5.97E-06   1.28E-06
 6.18E+06   1.78E-11   0.00E+00   1.33E-12   1.16E-03   5.04E-05   8.72E-06   6.26E-06   1.40E-06
 6.32E+06   3.78E-11   0.00E+00   5.02E-12   1.16E-03   5.07E-05   9.12E-06   6.55E-06   1.53E-06
 6.48E+06   7.71E-11   0.00E+00   2.92E-11   1.16E-03   5.09E-05   9.50E-06   6.82E-06   1.65E-06
 6.62E+06   1.77E-10   0.00E+00   1.64E-10   1.16E-03   5.12E-05   9.86E-06   7.08E-06   1.77E-06
 6.78E+06   4.74E-10   0.00E+00   7.19E-10   1.16E-03   5.13E-05   1.02E-05   7.34E-06   1.90E-06
 6.92E+06   1.31E-09   0.00E+00   2.44E-09   1.16E-03   5.15E-05   1.06E-05   7.59E-06   2.03E-06
 7.08E+06   3.28E-09   0.00E+00   6.65E-09   1.16E-03   5.17E-05   1.09E-05   7.83E-06   2.16E-06
 7.22E+06   7.22E-09   0.00E+00   1.51E-08   1.16E-03   5.19E-05   1.13E-05   8.09E-06   2.30E-06
 7.38E+06   1.39E-08   0.00E+00   2.94E-08   1.16E-03   5.21E-05   1.16E-05   8.35E-06   2.45E-06
 7.52E+06   2.39E-08   0.00E+00   5.05E-08   1.16E-03   5.24E-05   1.20E-05   8.64E-06   2.62E-06
 7.68E+06   3.70E-08   0.00E+00   7.81E-08   1.16E-03   5.28E-05   1.25E-05   8.96E-06   2.80E-06
 7.82E+06   5.27E-08   0.00E+00   1.11E-07   1.16E-03   5.32E-05   1.29E-05   9.29E-06   3.01E-06
 7.98E+06   7.01E-08   0.00E+00   1.47E-07   1.16E-03   5.36E-05   1.34E-05   9.64E-06   3.22E-06
 8.12E+06   8.82E-08   0.00E+00   1.84E-07   1.16E-03   5.40E-05   1.39E-05   1.00E-05   3.45E-06
 8.28E+06   1.06E-07   0.00E+00   2.21E-07   1.16E-03   5.45E-05   1.44E-05   1.04E-05   3.68E-06
 8.42E+06   1.24E-07   0.00E+00   2.58E-07   1.16E-03   5.49E-05   1.50E-05   1.07E-05   3.92E-06
 8.58E+06   1.42E-07   0.00E+00   2.94E-07   1.16E-03   5.54E-05   1.55E-05   1.11E-05   4.17E-06
 8.72E+06   1.60E-07   0.00E+00   3.32E-07   1.16E-03   5.58E-05   1.60E-05   1.15E-05   4.41E-06
 8.88E+06   1.79E-07   0.00E+00   3.74E-07   1.16E-03   5.62E-05   1.65E-05   1.18E-05   4.66E-06
 9.02E+06   2.00E-07   0.00E+00   4.21E-07   1.16E-03   5.67E-05   1.70E-05   1.22E-05   4.92E-06
 9.18E+06   2.22E-07   0.00E+00   4.72E-07   1.16E-03   5.71E-05   1.75E-05   1.26E-05   5.18E-06
 9.32E+06   2.46E-07   0.00E+00   5.28E-07   1.16E-03   5.76E-05   1.81E-05   1.30E-05   5.45E-06
 9.48E+06   2.71E-07   0.00E+00   5.89E-07   1.16E-03   5.80E-05   1.86E-05   1.34E-05   5.74E-06
 9.62E+06   2.98E-07   0.00E+00   6.52E-07   1.16E-03   5.85E-05   1.92E-05   1.38E-05   6.08E-06
 9.78E+06   3.25E-07   0.00E+00   7.18E-07   1.16E-03   5.92E-05   1.99E-05   1.43E-05   6.52E-06
 9.92E+06   3.54E-07   0.00E+00   7.87E-07   1.16E-03   6.00E-05   2.10E-05   1.51E-05   7.22E-06

     Z      PNO2_O1D   PNO2       PCH3_1     PSO        PH2S       PSO2       PSO2_SO21  PSO2_SO23  
 2.50E+04   2.16E-24   3.57E-03   2.87E-23   5.68E-23   2.34E-14   3.16E-23   3.52E-05   4.27E-07
 1.75E+05   4.38E-22   3.92E-03   5.31E-21   1.31E-20   2.85E-14   7.30E-21   4.17E-05   4.71E-07
 3.25E+05   5.38E-20   4.23E-03   6.29E-19   1.80E-18   3.32E-14   1.02E-18   4.76E-05   5.10E-07
 4.75E+05   3.81E-18   4.50E-03   4.45E-17   1.41E-16   3.79E-14   8.22E-17   5.30E-05   5.45E-07
 6.25E+05   1.62E-16   4.75E-03   1.91E-15   6.48E-15   4.52E-14   3.86E-15   5.81E-05   5.77E-07
 7.75E+05   4.33E-15   4.98E-03   5.14E-14   1.84E-13   1.28E-13   1.11E-13   6.29E-05   6.05E-07
 9.25E+05   7.59E-14   5.18E-03   9.03E-13   3.38E-12   1.57E-12   2.07E-12   6.73E-05   6.31E-07
 1.08E+06   8.93E-13   5.36E-03   1.06E-11   4.11E-11   1.89E-11   2.54E-11   7.15E-05   6.53E-07
 1.22E+06   6.82E-12   5.51E-03   8.02E-11   3.23E-10   1.49E-10   2.01E-10   7.52E-05   6.73E-07
 1.38E+06   3.65E-11   5.65E-03   4.26E-10   1.76E-09   8.21E-10   1.10E-09   7.89E-05   6.90E-07
 1.52E+06   1.52E-10   5.78E-03   1.76E-09   7.44E-09   3.48E-09   4.65E-09   8.30E-05   7.06E-07
 1.68E+06   5.30E-10   5.90E-03   6.09E-09   2.61E-08   1.22E-08   1.63E-08   8.78E-05   7.20E-07
 1.82E+06   1.62E-09   5.99E-03   1.85E-08   7.95E-08   3.73E-08   4.97E-08   9.38E-05   7.31E-07
 1.98E+06   4.45E-09   6.07E-03   5.05E-08   2.17E-07   1.01E-07   1.35E-07   1.01E-04   7.40E-07
 2.12E+06   1.12E-08   6.13E-03   1.27E-07   5.40E-07   2.51E-07   3.34E-07   1.11E-04   7.47E-07
 2.28E+06   2.60E-08   6.18E-03   2.94E-07   1.23E-06   5.68E-07   7.57E-07   1.23E-04   7.52E-07
 2.42E+06   5.62E-08   6.22E-03   6.38E-07   2.59E-06   1.19E-06   1.58E-06   1.38E-04   7.56E-07
 2.58E+06   1.14E-07   6.25E-03   1.30E-06   5.07E-06   2.31E-06   3.08E-06   1.57E-04   7.59E-07
 2.72E+06   2.16E-07   6.28E-03   2.52E-06   9.24E-06   4.18E-06   5.56E-06   1.80E-04   7.61E-07
 2.88E+06   3.88E-07   6.31E-03   4.61E-06   1.57E-05   7.06E-06   9.39E-06   2.08E-04   7.63E-07
 3.02E+06   6.56E-07   6.34E-03   7.92E-06   2.49E-05   1.12E-05   1.48E-05   2.42E-04   7.64E-07
 3.18E+06   1.05E-06   6.36E-03   1.27E-05   3.70E-05   1.66E-05   2.19E-05   2.82E-04   7.66E-07
 3.32E+06   1.59E-06   6.38E-03   1.89E-05   5.16E-05   2.34E-05   3.06E-05   3.27E-04   7.66E-07
 3.48E+06   2.30E-06   6.39E-03   2.63E-05   6.81E-05   3.12E-05   4.05E-05   3.76E-04   7.67E-07
 3.62E+06   3.18E-06   6.41E-03   3.43E-05   8.59E-05   4.00E-05   5.11E-05   4.28E-04   7.68E-07
 3.78E+06   4.24E-06   6.42E-03   4.25E-05   1.04E-04   4.94E-05   6.21E-05   4.83E-04   7.68E-07
 3.92E+06   5.45E-06   6.44E-03   5.03E-05   1.22E-04   5.91E-05   7.28E-05   5.39E-04   7.68E-07
 4.08E+06   6.76E-06   6.45E-03   5.73E-05   1.39E-04   6.87E-05   8.29E-05   5.95E-04   7.69E-07
 4.22E+06   8.07E-06   6.46E-03   6.33E-05   1.53E-04   7.76E-05   9.18E-05   6.49E-04   7.69E-07
 4.38E+06   9.29E-06   6.46E-03   6.82E-05   1.66E-04   8.57E-05   9.95E-05   7.00E-04   7.69E-07
 4.52E+06   1.04E-05   6.47E-03   7.21E-05   1.76E-04   9.26E-05   1.06E-04   7.44E-04   7.69E-07
 4.68E+06   1.13E-05   6.48E-03   7.51E-05   1.85E-04   9.84E-05   1.11E-04   7.81E-04   7.69E-07
 4.82E+06   1.20E-05   6.48E-03   7.74E-05   1.91E-04   1.03E-04   1.15E-04   8.12E-04   7.69E-07
 4.98E+06   1.26E-05   6.48E-03   7.92E-05   1.97E-04   1.07E-04   1.19E-04   8.36E-04   7.69E-07
 5.12E+06   1.31E-05   6.49E-03   8.06E-05   2.01E-04   1.10E-04   1.21E-04   8.54E-04   7.69E-07
 5.28E+06   1.34E-05   6.49E-03   8.17E-05   2.05E-04   1.13E-04   1.24E-04   8.68E-04   7.69E-07
 5.42E+06   1.37E-05   6.49E-03   8.25E-05   2.08E-04   1.15E-04   1.26E-04   8.78E-04   7.70E-07
 5.58E+06   1.39E-05   6.49E-03   8.31E-05   2.10E-04   1.16E-04   1.27E-04   8.85E-04   7.70E-07
 5.72E+06   1.41E-05   6.49E-03   8.36E-05   2.12E-04   1.17E-04   1.28E-04   8.90E-04   7.70E-07
 5.88E+06   1.42E-05   6.49E-03   8.39E-05   2.14E-04   1.19E-04   1.30E-04   8.94E-04   7.70E-07
 6.02E+06   1.44E-05   6.49E-03   8.42E-05   2.16E-04   1.20E-04   1.30E-04   8.97E-04   7.70E-07
 6.18E+06   1.44E-05   6.49E-03   8.44E-05   2.17E-04   1.20E-04   1.31E-04   8.99E-04   7.70E-07
 6.32E+06   1.45E-05   6.49E-03   8.46E-05   2.18E-04   1.21E-04   1.32E-04   9.00E-04   7.70E-07
 6.48E+06   1.46E-05   6.49E-03   8.47E-05   2.19E-04   1.22E-04   1.33E-04   9.01E-04   7.70E-07
 6.62E+06   1.47E-05   6.50E-03   8.48E-05   2.19E-04   1.22E-04   1.33E-04   9.01E-04   7.70E-07
 6.78E+06   1.47E-05   6.50E-03   8.49E-05   2.20E-04   1.22E-04   1.34E-04   9.02E-04   7.70E-07
 6.92E+06   1.48E-05   6.50E-03   8.50E-05   2.21E-04   1.23E-04   1.34E-04   9.02E-04   7.70E-07
 7.08E+06   1.49E-05   6.50E-03   8.50E-05   2.21E-04   1.23E-04   1.35E-04   9.02E-04   7.70E-07
 7.22E+06   1.50E-05   6.50E-03   8.51E-05   2.21E-04   1.24E-04   1.35E-04   9.02E-04   7.70E-07
 7.38E+06   1.51E-05   6.50E-03   8.51E-05   2.22E-04   1.24E-04   1.36E-04   9.02E-04   7.70E-07
 7.52E+06   1.52E-05   6.50E-03   8.51E-05   2.22E-04   1.25E-04   1.36E-04   9.02E-04   7.70E-07
 7.68E+06   1.54E-05   6.50E-03   8.51E-05   2.22E-04   1.25E-04   1.37E-04   9.02E-04   7.70E-07
 7.82E+06   1.56E-05   6.50E-03   8.51E-05   2.23E-04   1.26E-04   1.38E-04   9.02E-04   7.70E-07
 7.98E+06   1.58E-05   6.50E-03   8.51E-05   2.23E-04   1.26E-04   1.38E-04   9.02E-04   7.70E-07
 8.12E+06   1.60E-05   6.50E-03   8.52E-05   2.23E-04   1.27E-04   1.39E-04   9.03E-04   7.70E-07
 8.28E+06   1.62E-05   6.50E-03   8.52E-05   2.23E-04   1.28E-04   1.40E-04   9.03E-04   7.70E-07
 8.42E+06   1.65E-05   6.50E-03   8.52E-05   2.23E-04   1.28E-04   1.41E-04   9.03E-04   7.70E-07
 8.58E+06   1.67E-05   6.50E-03   8.52E-05   2.23E-04   1.29E-04   1.42E-04   9.03E-04   7.70E-07
 8.72E+06   1.69E-05   6.50E-03   8.52E-05   2.24E-04   1.30E-04   1.43E-04   9.03E-04   7.70E-07
 8.88E+06   1.72E-05   6.50E-03   8.52E-05   2.24E-04   1.30E-04   1.43E-04   9.03E-04   7.70E-07
 9.02E+06   1.75E-05   6.50E-03   8.52E-05   2.24E-04   1.31E-04   1.44E-04   9.03E-04   7.70E-07
 9.18E+06   1.77E-05   6.50E-03   8.52E-05   2.24E-04   1.32E-04   1.45E-04   9.03E-04   7.70E-07
 9.32E+06   1.80E-05   6.50E-03   8.52E-05   2.24E-04   1.33E-04   1.46E-04   9.03E-04   7.70E-07
 9.48E+06   1.84E-05   6.50E-03   8.52E-05   2.24E-04   1.33E-04   1.47E-04   9.03E-04   7.70E-07
 9.62E+06   1.88E-05   6.50E-03   8.52E-05   2.24E-04   1.34E-04   1.48E-04   9.03E-04   7.70E-07
 9.78E+06   1.93E-05   6.50E-03   8.52E-05   2.24E-04   1.35E-04   1.49E-04   9.03E-04   7.70E-07
 9.92E+06   2.03E-05   6.50E-03   8.52E-05   2.25E-04   1.36E-04   1.50E-04   9.03E-04   7.70E-07

     Z      PS2        PS4        PS3        PS8L       PS8R       PS8        PSO3       PHSO       
 2.50E+04   2.81E-05   1.15E-01   5.35E-01   0.00E+00   0.00E+00   7.65E-14   6.47E-08   4.34E-23
 1.75E+05   3.32E-05   1.19E-01   5.75E-01   0.00E+00   0.00E+00   1.07E-13   7.55E-08   9.05E-21
 3.25E+05   3.78E-05   1.23E-01   6.10E-01   0.00E+00   0.00E+00   1.46E-13   8.51E-08   1.14E-18
 4.75E+05   4.20E-05   1.26E-01   6.42E-01   0.00E+00   0.00E+00   1.95E-13   9.40E-08   8.28E-17
 6.25E+05   4.59E-05   1.29E-01   6.70E-01   0.00E+00   0.00E+00   2.57E-13   1.02E-07   3.61E-15
 7.75E+05   4.96E-05   1.31E-01   6.96E-01   0.00E+00   0.00E+00   3.35E-13   1.10E-07   9.82E-14
 9.25E+05   5.30E-05   1.33E-01   7.19E-01   0.00E+00   0.00E+00   4.36E-13   1.16E-07   1.75E-12
 1.08E+06   5.62E-05   1.36E-01   7.40E-01   0.00E+00   0.00E+00   5.76E-13   1.23E-07   2.08E-11
 1.22E+06   5.90E-05   1.37E-01   7.58E-01   0.00E+00   0.00E+00   7.69E-13   1.28E-07   1.61E-10
 1.38E+06   6.18E-05   1.39E-01   7.74E-01   0.00E+00   0.00E+00   1.03E-12   1.34E-07   8.67E-10
 1.52E+06   6.48E-05   1.41E-01   7.89E-01   0.00E+00   0.00E+00   1.37E-12   1.39E-07   3.63E-09
 1.68E+06   6.83E-05   1.43E-01   8.02E-01   0.00E+00   0.00E+00   1.83E-12   1.46E-07   1.27E-08
 1.82E+06   7.25E-05   1.45E-01   8.13E-01   0.00E+00   0.00E+00   2.44E-12   1.56E-07   3.86E-08
 1.98E+06   7.76E-05   1.46E-01   8.21E-01   0.00E+00   0.00E+00   3.24E-12   1.72E-07   1.06E-07
 2.12E+06   8.39E-05   1.47E-01   8.28E-01   0.00E+00   0.00E+00   4.31E-12   2.00E-07   2.65E-07
 2.28E+06   9.18E-05   1.47E-01   8.32E-01   0.00E+00   0.00E+00   5.74E-12   2.51E-07   6.12E-07
 2.42E+06   1.01E-04   1.48E-01   8.36E-01   0.00E+00   0.00E+00   7.65E-12   3.45E-07   1.31E-06
 2.58E+06   1.14E-04   1.48E-01   8.38E-01   0.00E+00   0.00E+00   1.02E-11   5.08E-07   2.63E-06
 2.72E+06   1.28E-04   1.48E-01   8.40E-01   0.00E+00   0.00E+00   1.37E-11   7.76E-07   4.93E-06
 2.88E+06   1.47E-04   1.49E-01   8.42E-01   0.00E+00   0.00E+00   1.84E-11   1.19E-06   8.69E-06
 3.02E+06   1.69E-04   1.49E-01   8.43E-01   0.00E+00   0.00E+00   2.49E-11   1.78E-06   1.44E-05
 3.18E+06   1.95E-04   1.49E-01   8.44E-01   0.00E+00   0.00E+00   3.38E-11   2.57E-06   2.26E-05
 3.32E+06   2.24E-04   1.49E-01   8.45E-01   0.00E+00   0.00E+00   4.58E-11   3.55E-06   3.36E-05
 3.48E+06   2.57E-04   1.49E-01   8.46E-01   0.00E+00   0.00E+00   6.19E-11   4.70E-06   4.76E-05
 3.62E+06   2.91E-04   1.49E-01   8.46E-01   0.00E+00   0.00E+00   8.34E-11   6.00E-06   6.48E-05
 3.78E+06   3.27E-04   1.50E-01   8.46E-01   0.00E+00   0.00E+00   1.12E-10   7.43E-06   8.52E-05
 3.92E+06   3.63E-04   1.50E-01   8.47E-01   0.00E+00   0.00E+00   1.50E-10   8.94E-06   1.08E-04
 4.08E+06   3.97E-04   1.50E-01   8.47E-01   0.00E+00   0.00E+00   2.00E-10   1.05E-05   1.34E-04
 4.22E+06   4.29E-04   1.50E-01   8.47E-01   0.00E+00   0.00E+00   2.65E-10   1.21E-05   1.60E-04
 4.38E+06   4.57E-04   1.50E-01   8.47E-01   0.00E+00   0.00E+00   3.49E-10   1.36E-05   1.86E-04
 4.52E+06   4.81E-04   1.50E-01   8.47E-01   0.00E+00   0.00E+00   4.54E-10   1.50E-05   2.09E-04
 4.68E+06   5.01E-04   1.50E-01   8.47E-01   0.00E+00   0.00E+00   5.82E-10   1.62E-05   2.28E-04
 4.82E+06   5.17E-04   1.50E-01   8.47E-01   0.00E+00   0.00E+00   7.39E-10   1.72E-05   2.45E-04
 4.98E+06   5.29E-04   1.50E-01   8.47E-01   0.00E+00   0.00E+00   9.28E-10   1.81E-05   2.58E-04
 5.12E+06   5.38E-04   1.50E-01   8.48E-01   0.00E+00   0.00E+00   1.16E-09   1.88E-05   2.69E-04
 5.28E+06   5.45E-04   1.50E-01   8.48E-01   0.00E+00   0.00E+00   1.44E-09   1.93E-05   2.77E-04
 5.42E+06   5.50E-04   1.50E-01   8.48E-01   0.00E+00   0.00E+00   1.77E-09   1.97E-05   2.83E-04
 5.58E+06   5.53E-04   1.50E-01   8.48E-01   0.00E+00   0.00E+00   2.18E-09   2.01E-05   2.87E-04
 5.72E+06   5.56E-04   1.50E-01   8.48E-01   0.00E+00   0.00E+00   2.68E-09   2.03E-05   2.91E-04
 5.88E+06   5.58E-04   1.50E-01   8.48E-01   0.00E+00   0.00E+00   3.29E-09   2.05E-05   2.93E-04
 6.02E+06   5.59E-04   1.50E-01   8.48E-01   0.00E+00   0.00E+00   4.04E-09   2.07E-05   2.95E-04
 6.18E+06   5.60E-04   1.50E-01   8.48E-01   0.00E+00   0.00E+00   4.97E-09   2.09E-05   2.97E-04
 6.32E+06   5.61E-04   1.50E-01   8.48E-01   0.00E+00   0.00E+00   6.11E-09   2.10E-05   2.98E-04
 6.48E+06   5.61E-04   1.50E-01   8.48E-01   0.00E+00   0.00E+00   7.53E-09   2.11E-05   2.99E-04
 6.62E+06   5.61E-04   1.50E-01   8.48E-01   0.00E+00   0.00E+00   9.28E-09   2.12E-05   3.00E-04
 6.78E+06   5.62E-04   1.50E-01   8.48E-01   0.00E+00   0.00E+00   1.15E-08   2.12E-05   3.01E-04
 6.92E+06   5.62E-04   1.50E-01   8.48E-01   0.00E+00   0.00E+00   1.42E-08   2.13E-05   3.01E-04
 7.08E+06   5.62E-04   1.50E-01   8.48E-01   0.00E+00   0.00E+00   1.76E-08   2.14E-05   3.01E-04
 7.22E+06   5.62E-04   1.50E-01   8.48E-01   0.00E+00   0.00E+00   2.18E-08   2.14E-05   3.02E-04
 7.38E+06   5.62E-04   1.50E-01   8.48E-01   0.00E+00   0.00E+00   2.72E-08   2.15E-05   3.02E-04
 7.52E+06   5.62E-04   1.50E-01   8.48E-01   0.00E+00   0.00E+00   3.40E-08   2.16E-05   3.02E-04
 7.68E+06   5.62E-04   1.50E-01   8.48E-01   0.00E+00   0.00E+00   4.25E-08   2.16E-05   3.03E-04
 7.82E+06   5.62E-04   1.50E-01   8.48E-01   0.00E+00   0.00E+00   5.32E-08   2.17E-05   3.03E-04
 7.98E+06   5.62E-04   1.50E-01   8.48E-01   0.00E+00   0.00E+00   6.65E-08   2.17E-05   3.03E-04
 8.12E+06   5.62E-04   1.50E-01   8.48E-01   0.00E+00   0.00E+00   8.31E-08   2.18E-05   3.04E-04
 8.28E+06   5.62E-04   1.50E-01   8.48E-01   0.00E+00   0.00E+00   1.04E-07   2.19E-05   3.04E-04
 8.42E+06   5.62E-04   1.50E-01   8.48E-01   0.00E+00   0.00E+00   1.30E-07   2.19E-05   3.04E-04
 8.58E+06   5.62E-04   1.50E-01   8.48E-01   0.00E+00   0.00E+00   1.62E-07   2.20E-05   3.04E-04
 8.72E+06   5.62E-04   1.50E-01   8.48E-01   0.00E+00   0.00E+00   2.03E-07   2.21E-05   3.05E-04
 8.88E+06   5.62E-04   1.50E-01   8.48E-01   0.00E+00   0.00E+00   2.53E-07   2.22E-05   3.05E-04
 9.02E+06   5.62E-04   1.50E-01   8.48E-01   0.00E+00   0.00E+00   3.16E-07   2.22E-05   3.05E-04
 9.18E+06   5.62E-04   1.50E-01   8.48E-01   0.00E+00   0.00E+00   3.94E-07   2.23E-05   3.05E-04
 9.32E+06   5.62E-04   1.50E-01   8.48E-01   0.00E+00   0.00E+00   4.92E-07   2.24E-05   3.06E-04
 9.48E+06   5.62E-04   1.50E-01   8.48E-01   0.00E+00   0.00E+00   6.12E-07   2.24E-05   3.06E-04
 9.62E+06   5.62E-04   1.50E-01   8.48E-01   0.00E+00   0.00E+00   7.63E-07   2.25E-05   3.06E-04
 9.78E+06   5.62E-04   1.50E-01   8.48E-01   0.00E+00   0.00E+00   9.49E-07   2.27E-05   3.06E-04
 9.92E+06   5.62E-04   1.50E-01   8.48E-01   0.00E+00   0.00E+00   1.18E-06   2.30E-05   3.07E-04

     Z      POCS       PNO3_NO    PNO3_NO2   PN2O       PHO2NO2_NO2PHO2NO2_NO3PN2O5_NO2  PN2O5_NO   
 2.50E+04   9.97E-12   1.06E-02   8.32E-02   4.14E-26   1.49E-06   3.73E-07   3.08E-10   1.00E-05
 1.75E+05   1.19E-11   1.08E-02   8.47E-02   1.04E-23   1.74E-06   4.35E-07   3.86E-10   1.15E-05
 3.25E+05   1.37E-11   1.10E-02   8.59E-02   1.64E-21   1.96E-06   4.90E-07   4.64E-10   1.28E-05
 4.75E+05   1.53E-11   1.12E-02   8.69E-02   1.47E-19   2.16E-06   5.41E-07   5.44E-10   1.39E-05
 6.25E+05   1.69E-11   1.14E-02   8.76E-02   7.36E-18   2.35E-06   5.88E-07   6.28E-10   1.50E-05
 7.75E+05   1.84E-11   1.15E-02   8.80E-02   2.18E-16   2.52E-06   6.30E-07   7.18E-10   1.60E-05
 9.25E+05   1.99E-11   1.17E-02   8.82E-02   4.06E-15   2.68E-06   6.70E-07   8.16E-10   1.69E-05
 1.08E+06   2.16E-11   1.19E-02   8.86E-02   5.05E-14   2.83E-06   7.06E-07   9.41E-10   1.77E-05
 1.22E+06   2.55E-11   1.20E-02   8.95E-02   4.12E-13   2.96E-06   7.39E-07   1.23E-09   1.84E-05
 1.38E+06   3.95E-11   1.21E-02   9.05E-02   2.33E-12   3.08E-06   7.69E-07   2.27E-09   1.91E-05
 1.52E+06   8.96E-11   1.23E-02   9.17E-02   1.01E-11   3.21E-06   8.01E-07   6.09E-09   1.97E-05
 1.68E+06   2.50E-10   1.24E-02   9.29E-02   3.58E-11   3.35E-06   8.37E-07   1.83E-08   2.04E-05
 1.82E+06   7.13E-10   1.26E-02   9.40E-02   1.10E-10   3.52E-06   8.80E-07   5.30E-08   2.10E-05
 1.98E+06   1.95E-09   1.27E-02   9.49E-02   3.02E-10   3.74E-06   9.37E-07   1.41E-07   2.17E-05
 2.12E+06   5.00E-09   1.27E-02   9.56E-02   7.50E-10   4.06E-06   1.02E-06   3.47E-07   2.25E-05
 2.28E+06   1.21E-08   1.28E-02   9.63E-02   1.70E-09   4.53E-06   1.14E-06   7.83E-07   2.34E-05
 2.42E+06   2.75E-08   1.28E-02   9.69E-02   3.54E-09   5.25E-06   1.33E-06   1.64E-06   2.43E-05
 2.58E+06   5.93E-08   1.29E-02   9.74E-02   6.84E-09   6.39E-06   1.63E-06   3.18E-06   2.54E-05
 2.72E+06   1.22E-07   1.29E-02   9.79E-02   1.22E-08   8.11E-06   2.09E-06   5.77E-06   2.67E-05
 2.88E+06   2.37E-07   1.29E-02   9.84E-02   2.04E-08   1.06E-05   2.78E-06   9.77E-06   2.82E-05
 3.02E+06   4.37E-07   1.29E-02   9.89E-02   3.17E-08   1.42E-05   3.73E-06   1.55E-05   2.99E-05
 3.18E+06   7.67E-07   1.30E-02   9.94E-02   4.63E-08   1.88E-05   4.98E-06   2.31E-05   3.19E-05
 3.32E+06   1.28E-06   1.30E-02   9.99E-02   6.39E-08   2.45E-05   6.53E-06   3.25E-05   3.40E-05
 3.48E+06   2.02E-06   1.30E-02   1.00E-01   8.39E-08   3.15E-05   8.39E-06   4.35E-05   3.63E-05
 3.62E+06   3.04E-06   1.30E-02   1.01E-01   1.06E-07   3.95E-05   1.06E-05   5.60E-05   3.87E-05
 3.78E+06   4.37E-06   1.30E-02   1.01E-01   1.29E-07   4.89E-05   1.30E-05   6.98E-05   4.13E-05
 3.92E+06   6.02E-06   1.30E-02   1.02E-01   1.52E-07   5.98E-05   1.59E-05   8.51E-05   4.40E-05
 4.08E+06   7.93E-06   1.30E-02   1.02E-01   1.75E-07   7.25E-05   1.93E-05   1.02E-04   4.70E-05
 4.22E+06   9.97E-06   1.30E-02   1.02E-01   1.96E-07   8.71E-05   2.31E-05   1.20E-04   5.00E-05
 4.38E+06   1.20E-05   1.30E-02   1.02E-01   2.14E-07   1.03E-04   2.71E-05   1.38E-04   5.31E-05
 4.52E+06   1.38E-05   1.30E-02   1.02E-01   2.30E-07   1.18E-04   3.12E-05   1.56E-04   5.60E-05
 4.68E+06   1.54E-05   1.30E-02   1.02E-01   2.42E-07   1.33E-04   3.49E-05   1.72E-04   5.85E-05
 4.82E+06   1.67E-05   1.30E-02   1.02E-01   2.53E-07   1.46E-04   3.82E-05   1.86E-04   6.07E-05
 4.98E+06   1.77E-05   1.30E-02   1.02E-01   2.63E-07   1.56E-04   4.09E-05   1.98E-04   6.24E-05
 5.12E+06   1.85E-05   1.30E-02   1.02E-01   2.72E-07   1.64E-04   4.31E-05   2.08E-04   6.38E-05
 5.28E+06   1.92E-05   1.30E-02   1.01E-01   2.80E-07   1.71E-04   4.49E-05   2.16E-04   6.48E-05
 5.42E+06   1.96E-05   1.30E-02   1.01E-01   2.87E-07   1.76E-04   4.62E-05   2.22E-04   6.56E-05
 5.58E+06   2.00E-05   1.30E-02   1.01E-01   2.94E-07   1.80E-04   4.72E-05   2.27E-04   6.62E-05
 5.72E+06   2.02E-05   1.30E-02   1.01E-01   3.00E-07   1.83E-04   4.80E-05   2.31E-04   6.66E-05
 5.88E+06   2.04E-05   1.30E-02   1.01E-01   3.06E-07   1.85E-04   4.86E-05   2.34E-04   6.68E-05
 6.02E+06   2.05E-05   1.30E-02   1.01E-01   3.12E-07   1.87E-04   4.91E-05   2.36E-04   6.71E-05
 6.18E+06   2.06E-05   1.30E-02   1.00E-01   3.17E-07   1.88E-04   4.95E-05   2.39E-04   6.72E-05
 6.32E+06   2.07E-05   1.30E-02   1.00E-01   3.22E-07   1.89E-04   4.97E-05   2.40E-04   6.73E-05
 6.48E+06   2.08E-05   1.30E-02   9.99E-02   3.27E-07   1.89E-04   5.00E-05   2.42E-04   6.74E-05
 6.62E+06   2.08E-05   1.30E-02   9.97E-02   3.31E-07   1.90E-04   5.01E-05   2.43E-04   6.74E-05
 6.78E+06   2.09E-05   1.30E-02   9.95E-02   3.36E-07   1.90E-04   5.02E-05   2.45E-04   6.74E-05
 6.92E+06   2.09E-05   1.31E-02   9.93E-02   3.42E-07   1.91E-04   5.03E-05   2.46E-04   6.75E-05
 7.08E+06   2.09E-05   1.31E-02   9.91E-02   3.50E-07   1.91E-04   5.04E-05   2.47E-04   6.75E-05
 7.22E+06   2.10E-05   1.31E-02   9.90E-02   3.62E-07   1.91E-04   5.05E-05   2.48E-04   6.75E-05
 7.38E+06   2.11E-05   1.31E-02   9.88E-02   3.80E-07   1.91E-04   5.05E-05   2.49E-04   6.75E-05
 7.52E+06   2.12E-05   1.31E-02   9.88E-02   4.07E-07   1.91E-04   5.06E-05   2.51E-04   6.75E-05
 7.68E+06   2.13E-05   1.31E-02   9.88E-02   4.42E-07   1.91E-04   5.06E-05   2.52E-04   6.75E-05
 7.82E+06   2.15E-05   1.31E-02   9.88E-02   4.82E-07   1.91E-04   5.06E-05   2.54E-04   6.75E-05
 7.98E+06   2.17E-05   1.31E-02   9.88E-02   5.27E-07   1.91E-04   5.06E-05   2.55E-04   6.75E-05
 8.12E+06   2.19E-05   1.31E-02   9.88E-02   5.74E-07   1.91E-04   5.07E-05   2.57E-04   6.75E-05
 8.28E+06   2.21E-05   1.31E-02   9.88E-02   6.22E-07   1.91E-04   5.07E-05   2.59E-04   6.75E-05
 8.42E+06   2.23E-05   1.31E-02   9.88E-02   6.70E-07   1.91E-04   5.07E-05   2.61E-04   6.75E-05
 8.58E+06   2.25E-05   1.31E-02   9.88E-02   7.18E-07   1.92E-04   5.07E-05   2.62E-04   6.75E-05
 8.72E+06   2.28E-05   1.31E-02   9.88E-02   7.69E-07   1.92E-04   5.07E-05   2.64E-04   6.75E-05
 8.88E+06   2.30E-05   1.31E-02   9.88E-02   8.26E-07   1.92E-04   5.07E-05   2.66E-04   6.75E-05
 9.02E+06   2.33E-05   1.31E-02   9.88E-02   8.95E-07   1.92E-04   5.07E-05   2.68E-04   6.75E-05
 9.18E+06   2.36E-05   1.31E-02   9.88E-02   9.84E-07   1.92E-04   5.07E-05   2.70E-04   6.75E-05
 9.32E+06   2.40E-05   1.31E-02   9.88E-02   1.10E-06   1.92E-04   5.07E-05   2.72E-04   6.75E-05
 9.48E+06   2.46E-05   1.31E-02   9.88E-02   1.25E-06   1.92E-04   5.07E-05   2.74E-04   6.75E-05
 9.62E+06   2.54E-05   1.31E-02   9.88E-02   1.44E-06   1.92E-04   5.07E-05   2.77E-04   6.75E-05
 9.78E+06   2.68E-05   1.31E-02   9.88E-02   1.68E-06   1.92E-04   5.07E-05   2.81E-04   6.75E-05
 9.92E+06   3.02E-05   1.31E-02   9.88E-02   2.01E-06   1.92E-04   5.07E-05   2.87E-04   6.75E-05
 N =    1  EMAX = 1.24E-04 FOR H       AT Z = 1.02E+06 U = 1.38E-20 RHS = 1.71E-24  DT = 5.00E-06  TIME = 1.00E-06
 N =    2  EMAX = 1.56E-04 FOR H       AT Z = 1.02E+06 U = 1.38E-20 RHS = 2.15E-24  DT = 2.50E-05  TIME = 6.00E-06
 N =    3  EMAX = 2.26E-04 FOR CH3     AT Z = 2.38E+06 U = 1.88E-20 RHS =-4.26E-24  DT = 1.25E-04  TIME = 3.10E-05
 N =    4  EMAX = 2.48E-04 FOR O       AT Z = 1.02E+06 U = 9.11E-16 RHS = 2.26E-19  DT = 6.25E-04  TIME = 1.56E-04
 N =    5  EMAX = 1.68E-04 FOR CH3     AT Z = 3.42E+06 U = 3.07E-18 RHS =-5.15E-22  DT = 3.13E-03  TIME = 7.81E-04
 N =    6  EMAX = 1.64E-04 FOR O       AT Z = 2.12E+06 U = 1.50E-12 RHS =-2.47E-16  DT = 1.56E-02  TIME = 3.91E-03
 N =    7  EMAX = 2.85E-04 FOR SO3     AT Z = 1.02E+06 U = 9.70E-17 RHS =-2.76E-20  DT = 7.81E-02  TIME = 1.95E-02
 N =    8  EMAX = 1.03E-03 FOR SO3     AT Z = 1.02E+06 U = 9.70E-17 RHS =-1.00E-19  DT = 2.34E-01  TIME = 9.77E-02
 N =    9  EMAX = 1.46E-03 FOR SO3     AT Z = 1.02E+06 U = 9.69E-17 RHS =-1.41E-19  DT = 7.03E-01  TIME = 3.32E-01
 N =   10  EMAX = 1.23E-03 FOR SO3     AT Z = 1.08E+06 U = 1.42E-16 RHS =-1.75E-19  DT = 2.11E+00  TIME = 1.04E+00
 N =   11  EMAX = 9.33E-04 FOR SO3     AT Z = 1.68E+06 U = 1.55E-15 RHS =-1.44E-18  DT = 8.44E+00  TIME = 3.14E+00
 N =   12  EMAX = 1.44E-03 FOR SO3     AT Z = 1.88E+06 U = 2.12E-15 RHS =-3.05E-18  DT = 2.53E+01  TIME = 1.16E+01
 N =   13  EMAX = 1.48E-03 FOR SO3     AT Z = 2.12E+06 U = 1.35E-15 RHS =-2.01E-18  DT = 7.59E+01  TIME = 3.69E+01
 N =   14  EMAX = 1.48E-03 FOR SO3     AT Z = 2.32E+06 U = 9.44E-16 RHS =-1.39E-18  DT = 2.28E+02  TIME = 1.13E+02
 N =   15  EMAX = 1.41E-03 FOR SO3     AT Z = 2.52E+06 U = 6.79E-16 RHS =-9.59E-19  DT = 6.83E+02  TIME = 3.41E+02
 N =   16  EMAX = 1.33E-03 FOR SO3     AT Z = 2.78E+06 U = 4.40E-16 RHS =-5.83E-19  DT = 2.05E+03  TIME = 1.02E+03
 N =   17  EMAX = 1.25E-03 FOR SO3     AT Z = 3.02E+06 U = 2.98E-16 RHS =-3.73E-19  DT = 6.15E+03  TIME = 3.07E+03
 N =   18  EMAX = 1.16E-03 FOR SO3     AT Z = 3.18E+06 U = 2.57E-16 RHS =-2.97E-19  DT = 1.85E+04  TIME = 9.23E+03
 N =   19  EMAX = 1.06E-03 FOR SO3     AT Z = 3.38E+06 U = 2.39E-16 RHS =-2.54E-19  DT = 5.54E+04  TIME = 2.77E+04
 N =   20  EMAX = 1.09E-03 FOR H2O     AT Z = 1.18E+06 U = 4.28E-06 RHS = 4.67E-09  DT = 1.66E+05  TIME = 8.30E+04
 N =   21  EMAX = 9.02E-04 FOR N       AT Z = 8.92E+06 U = 3.34E-09 RHS = 3.01E-12  DT = 6.64E+05  TIME = 2.49E+05
 N =   22  EMAX = 9.94E-04 FOR H2O     AT Z = 1.32E+06 U = 4.09E-06 RHS = 4.06E-09  DT = 2.66E+06  TIME = 9.13E+05
 N =   23  EMAX = 1.10E-03 FOR H2O     AT Z = 1.38E+06 U = 4.10E-06 RHS = 4.50E-09  DT = 7.97E+06  TIME = 3.57E+06
 N =   24  EMAX = 2.12E-03 FOR H2S     AT Z = 1.98E+06 U = 1.96E-20 RHS =-4.14E-23  DT = 2.39E+07  TIME = 1.15E+07
 N =   25  EMAX = 2.91E-03 FOR H2S     AT Z = 1.98E+06 U = 1.95E-20 RHS =-5.69E-23  DT = 7.17E+07  TIME = 3.55E+07
 N =   26  EMAX = 3.36E-03 FOR SO3     AT Z = 8.18E+06 U = 1.15E-18 RHS =-3.87E-21  DT = 2.15E+08  TIME = 1.07E+08
 N =   27  EMAX = 4.91E-03 FOR SO3     AT Z = 8.18E+06 U = 1.15E-18 RHS =-5.63E-21  DT = 4.30E+08  TIME = 3.22E+08
 N =   28  EMAX = 2.62E-03 FOR SO3     AT Z = 8.18E+06 U = 1.14E-18 RHS =-2.99E-21  DT = 1.29E+09  TIME = 7.53E+08
 N =   29  EMAX = 8.56E-04 FOR SO3     AT Z = 8.18E+06 U = 1.14E-18 RHS =-9.75E-22  DT = 5.17E+09  TIME = 2.04E+09
 N =   30  EMAX = 1.59E-04 FOR H2SO4   AT Z = 2.92E+06 U = 2.92E-13 RHS =-4.64E-17  DT = 2.58E+10  TIME = 7.21E+09
 N =   31  EMAX = 1.86E-05 FOR H2SO4   AT Z = 2.92E+06 U = 2.92E-13 RHS =-5.44E-18  DT = 1.29E+11  TIME = 3.30E+10
 N =   32  EMAX = 3.82E-06 FOR H       AT Z = 4.02E+06 U = 5.26E-14 RHS = 2.01E-19  DT = 6.46E+11  TIME = 1.62E+11
 N =   33  EMAX = 9.25E-07 FOR SO4AER  AT Z = 4.98E+06 U = 2.40E-11 RHS = 2.22E-17  DT = 3.23E+12  TIME = 8.08E+11
 N =   34  EMAX = 2.64E-07 FOR SO4AER  AT Z = 2.98E+06 U = 9.58E-10 RHS =-2.53E-16  DT = 1.61E+13  TIME = 4.04E+12
 N =   35  EMAX = 1.78E-07 FOR SO4AER  AT Z = 3.12E+06 U = 7.80E-10 RHS =-1.39E-16  DT = 8.07E+13  TIME = 2.02E+13
 N =   36  EMAX = 8.35E-08 FOR SO4AER  AT Z = 3.08E+06 U = 8.33E-10 RHS = 6.95E-17  DT = 4.04E+14  TIME = 1.01E+14
 N =   37  EMAX = 1.95E-08 FOR SO4AER  AT Z = 4.72E+06 U = 4.26E-11 RHS = 8.31E-19  DT = 2.02E+15  TIME = 5.04E+14
 N =   38  EMAX = 1.77E-08 FOR SO4AER  AT Z = 3.12E+06 U = 7.80E-10 RHS =-1.38E-17  DT = 1.01E+16  TIME = 2.52E+15
 N =   39  EMAX = 1.84E-09 FOR SO4AER  AT Z = 2.78E+06 U = 1.30E-09 RHS = 2.39E-18  DT = 5.04E+16  TIME = 1.26E+16
 N =   40  EMAX = 2.45E-09 FOR SO4AER  AT Z = 3.12E+06 U = 7.80E-10 RHS = 1.91E-18  DT = 2.52E+17  TIME = 6.31E+16
 N =   41  EMAX = 4.91E-10 FOR SO4AER  AT Z = 2.92E+06 U = 1.03E-09 RHS =-5.07E-19  DT = 1.26E+18  TIME = 3.15E+17

 ENERGY FLUXES IN W/m2/nm (NOT DIURNALLY AVERAGED)

  L   WAV      TAUR      EFLUX     GFLUX     S(1)
   1 1177.2  1.012E+02 5.413E-05 0.000E+00 0.000E+00
   2 1178.6  1.005E+02 4.768E-05 0.000E+00 0.000E+00
   3 1179.9  9.992E+01 4.123E-05 0.000E+00 0.000E+00
   4 1181.3  9.929E+01 3.455E-05 0.000E+00 0.000E+00
   5 1182.7  9.865E+01 2.786E-05 0.000E+00 0.000E+00
   6 1184.1  9.803E+01 2.117E-05 0.000E+00 0.000E+00
   7 1185.5  9.741E+01 1.899E-05 0.000E+00 0.000E+00
   8 1186.9  9.679E+01 2.442E-05 0.000E+00 0.000E+00
   9 1188.3  9.618E+01 3.017E-05 0.000E+00 0.000E+00
  10 1189.8  9.553E+01 3.593E-05 0.000E+00 0.000E+00
  11 1191.2  9.492E+01 4.149E-05 0.000E+00 0.000E+00
  12 1192.6  9.433E+01 4.704E-05 0.000E+00 0.000E+00
  13 1194.0  9.373E+01 5.260E-05 0.000E+00 0.000E+00
  14 1195.5  9.315E+01 5.608E-05 0.000E+00 0.000E+00
  15 1196.9  9.252E+01 5.512E-05 0.000E+00 0.000E+00
  16 1198.3  9.194E+01 5.891E-05 0.000E+00 0.000E+00
  17 1199.8  9.137E+01 6.400E-05 0.000E+00 0.000E+00
  18 1201.2  9.076E+01 5.848E-05 0.000E+00 0.000E+00
  19 1202.7  9.019E+01 5.851E-05 0.000E+00 0.000E+00
  20 1204.1  8.959E+01 1.550E-04 0.000E+00 0.000E+00
  21 1205.5  8.904E+01 3.814E-04 0.000E+00 0.000E+00
  22 1207.0  8.845E+01 3.958E-04 0.000E+00 0.000E+00
  23 1208.5  8.790E+01 1.820E-04 0.000E+00 0.000E+00
  24 1210.0  8.732E+01 1.014E-04 0.000E+00 0.000E+00
  25 1211.4  8.674E+01 2.778E-04 0.000E+00 0.000E+00
  26 1212.8  8.621E+01 4.063E-03 0.000E+00 0.000E+00
  27 1214.3  8.564E+01 1.837E-02 0.000E+00 0.000E+00
  28 1215.8  8.508E+01 2.550E-02 0.000E+00 0.000E+00
  29 1217.2  8.456E+01 1.269E-02 0.000E+00 0.000E+00
  30 1218.8  8.400E+01 1.953E-03 0.000E+00 0.000E+00
  31 1220.2  8.345E+01 2.304E-04 0.000E+00 0.000E+00
  32 1221.8  8.291E+01 9.415E-05 0.000E+00 0.000E+00
  33 1223.2  8.237E+01 6.190E-05 0.000E+00 0.000E+00
  34 1224.8  8.183E+01 4.859E-05 0.000E+00 0.000E+00
  35 1226.2  8.130E+01 4.298E-05 0.000E+00 0.000E+00
  36 1227.8  8.077E+01 4.077E-05 0.000E+00 0.000E+00
  37 1229.2  8.025E+01 3.730E-05 0.000E+00 0.000E+00
  38 1230.8  7.973E+01 3.304E-05 0.000E+00 0.000E+00
  39 1232.2  7.922E+01 3.085E-05 0.000E+00 0.000E+00
  40 1233.8  7.871E+01 3.007E-05 0.000E+00 0.000E+00
  41 1235.3  7.817E+01 3.114E-05 0.000E+00 0.000E+00
  42 1236.8  7.767E+01 4.785E-05 0.000E+00 0.000E+00
  43 1238.4  7.717E+01 6.985E-05 0.000E+00 0.000E+00
  44 1240.0  7.664E+01 5.861E-05 0.000E+00 0.000E+00
  45 1241.5  7.615E+01 4.901E-05 0.000E+00 0.000E+00
  46 1243.0  7.567E+01 4.753E-05 0.000E+00 0.000E+00
  47 1244.5  7.515E+01 3.176E-05 0.000E+00 0.000E+00
  48 1246.1  7.467E+01 2.375E-05 0.000E+00 0.000E+00
  49 1247.7  7.417E+01 2.316E-05 0.000E+00 0.000E+00
  50 1249.2  7.370E+01 2.327E-05 0.000E+00 0.000E+00
  51 1250.8  7.320E+01 2.382E-05 0.000E+00 0.000E+00
  52 1252.3  7.271E+01 2.661E-05 0.000E+00 0.000E+00
  53 1253.9  7.225E+01 3.071E-05 0.000E+00 0.000E+00
  54 1255.5  7.176E+01 3.062E-05 0.000E+00 0.000E+00
  55 1257.1  7.128E+01 3.412E-05 0.000E+00 0.000E+00
  56 1258.7  7.081E+01 4.922E-05 0.000E+00 0.000E+00
  57 1260.2  7.036E+01 5.734E-05 0.000E+00 0.000E+00
  58 1261.8  6.989E+01 4.188E-05 0.000E+00 0.000E+00
  59 1263.4  6.943E+01 5.704E-05 0.000E+00 0.000E+00
  60 1265.0  6.897E+01 8.211E-05 0.000E+00 0.000E+00
  61 1266.6  6.851E+01 5.035E-05 0.000E+00 0.000E+00
  62 1268.2  6.805E+01 2.200E-05 0.000E+00 0.000E+00
  63 1269.8  6.760E+01 1.766E-05 0.000E+00 0.000E+00
  64 1271.4  6.716E+01 1.748E-05 0.000E+00 0.000E+00
  65 1273.1  6.669E+01 2.007E-05 0.000E+00 0.000E+00
  66 1274.7  6.625E+01 2.742E-05 0.000E+00 0.000E+00
  67 1276.3  6.581E+01 3.156E-05 0.000E+00 0.000E+00
  68 1277.9  6.538E+01 3.090E-05 0.000E+00 0.000E+00
  69 1279.6  6.493E+01 2.813E-05 0.000E+00 0.000E+00
  70 1281.2  6.450E+01 2.158E-05 0.000E+00 0.000E+00
  71 1282.9  6.406E+01 1.577E-05 0.000E+00 0.000E+00
  72 1284.5  6.364E+01 1.463E-05 0.000E+00 0.000E+00
  73 1286.2  6.322E+01 1.767E-05 0.000E+00 0.000E+00
  74 1287.8  6.279E+01 2.579E-05 0.000E+00 0.000E+00
  75 1289.5  6.236E+01 2.603E-05 0.000E+00 0.000E+00
  76 1291.2  6.195E+01 1.933E-05 0.000E+00 0.000E+00
  77 1292.8  6.153E+01 1.789E-05 0.000E+00 0.000E+00
  78 1294.5  6.111E+01 2.386E-05 0.000E+00 0.000E+00
  79 1296.2  6.071E+01 2.750E-05 0.000E+00 0.000E+00
  80 1297.8  6.030E+01 3.032E-05 0.000E+00 0.000E+00
  81 1299.6  5.989E+01 6.221E-05 0.000E+00 0.000E+00
  82 1301.2  5.948E+01 1.605E-04 0.000E+00 0.000E+00
  83 1302.9  5.908E+01 2.341E-04 0.000E+00 0.000E+00
  84 1304.7  5.868E+01 3.161E-04 0.000E+00 0.000E+00
  85 1306.3  5.828E+01 2.521E-04 0.000E+00 0.000E+00
  86 1308.1  5.788E+01 9.567E-05 0.000E+00 0.000E+00
  87 1309.8  5.749E+01 5.384E-05 0.000E+00 0.000E+00
  88 1311.4  5.711E+01 3.787E-05 0.000E+00 0.000E+00
  89 1313.2  5.672E+01 2.660E-05 0.000E+00 0.000E+00
  90 1314.9  5.632E+01 2.578E-05 0.000E+00 0.000E+00
  91 1316.7  5.594E+01 3.090E-05 0.000E+00 0.000E+00
  92 1318.4  5.557E+01 3.087E-05 0.000E+00 0.000E+00
  93 1320.2  5.518E+01 2.333E-05 0.000E+00 0.000E+00
  94 1321.9  5.481E+01 1.999E-05 0.000E+00 0.000E+00
  95 1323.7  5.442E+01 2.261E-05 0.000E+00 0.000E+00
  96 1325.4  5.406E+01 2.198E-05 0.000E+00 0.000E+00
  97 1327.2  5.368E+01 2.565E-05 0.000E+00 0.000E+00
  98 1328.9  5.333E+01 3.306E-05 0.000E+00 0.000E+00
  99 1330.7  5.295E+01 3.243E-05 0.000E+00 0.000E+00
 100 1332.4  5.258E+01 1.605E-04 0.000E+00 0.000E+00
 101 1334.2  5.224E+01 5.537E-04 0.000E+00 0.000E+00
 102 1336.0  5.187E+01 5.056E-04 0.000E+00 0.000E+00
 103 1337.8  5.151E+01 1.145E-04 0.000E+00 0.000E+00
 104 1339.6  5.116E+01 2.202E-05 0.000E+00 0.000E+00
 105 1341.4  5.080E+01 2.130E-05 0.000E+00 0.000E+00
 106 1343.2  5.045E+01 2.151E-05 0.000E+00 0.000E+00
 107 1345.0  5.010E+01 2.168E-05 0.000E+00 0.000E+00
 108 1346.8  4.976E+01 2.256E-05 0.000E+00 0.000E+00
 109 1348.6  4.942E+01 2.619E-05 0.000E+00 0.000E+00
 110 1350.5  4.908E+01 3.956E-05 0.000E+00 0.000E+00
 111 1352.3  4.872E+01 4.245E-05 0.000E+00 0.000E+00
 112 1354.1  4.839E+01 4.974E-05 0.000E+00 0.000E+00
 113 1356.0  4.806E+01 6.151E-05 0.000E+00 0.000E+00
 114 1357.8  4.772E+01 5.111E-05 0.000E+00 0.000E+00
 115 1359.6  4.739E+01 4.212E-05 0.000E+00 0.000E+00
 116 1361.5  4.707E+01 3.367E-05 0.000E+00 0.000E+00
 117 1363.3  4.673E+01 3.233E-05 0.000E+00 0.000E+00
 118 1365.2  4.640E+01 3.022E-05 0.000E+00 0.000E+00
 119 1367.0  4.609E+01 2.976E-05 0.000E+00 0.000E+00
 120 1369.0  4.576E+01 3.424E-05 0.000E+00 0.000E+00
 121 1370.8  4.543E+01 3.814E-05 0.000E+00 0.000E+00
 122 1372.7  4.513E+01 3.609E-05 0.000E+00 0.000E+00
 123 1374.5  4.481E+01 3.130E-05 0.000E+00 0.000E+00
 124 1376.5  4.449E+01 2.991E-05 0.000E+00 0.000E+00
 125 1378.3  4.418E+01 3.258E-05 0.000E+00 0.000E+00
 126 1380.2  4.387E+01 3.565E-05 0.000E+00 0.000E+00
 127 1382.2  4.356E+01 3.438E-05 0.000E+00 0.000E+00
 128 1384.0  4.326E+01 3.249E-05 0.000E+00 0.000E+00
 129 1386.0  4.295E+01 3.416E-05 0.000E+00 0.000E+00
 130 1388.0  4.264E+01 3.596E-05 0.000E+00 0.000E+00
 131 1389.8  4.234E+01 4.015E-05 0.000E+00 0.000E+00
 132 1391.8  4.205E+01 1.225E-04 0.000E+00 0.000E+00
 133 1393.8  4.174E+01 2.103E-04 0.000E+00 0.000E+00
 134 1395.7  4.145E+01 1.132E-04 0.000E+00 0.000E+00
 135 1397.6  4.116E+01 4.745E-05 0.000E+00 0.000E+00
 136 1399.6  4.086E+01 6.685E-05 0.000E+00 0.000E+00
 137 1401.5  4.057E+01 1.299E-04 0.000E+00 0.000E+00
 138 1403.5  4.029E+01 1.288E-04 0.000E+00 0.000E+00
 139 1405.5  4.000E+01 6.890E-05 0.000E+00 0.000E+00
 140 1407.5  3.971E+01 4.960E-05 0.000E+00 0.000E+00
 141 1409.5  3.942E+01 4.897E-05 0.000E+00 0.000E+00
 142 1411.4  3.915E+01 5.215E-05 0.000E+00 0.000E+00
 143 1413.4  3.887E+01 5.092E-05 0.000E+00 0.000E+00
 144 1415.4  3.859E+01 4.986E-05 0.000E+00 0.000E+00
 145 1417.4  3.832E+01 5.040E-05 0.000E+00 0.000E+00
 146 1419.5  3.804E+01 4.958E-05 0.000E+00 0.000E+00
 147 1421.5  3.776E+01 5.019E-05 0.000E+00 0.000E+00
 148 1423.5  3.749E+01 5.965E-05 0.000E+00 0.000E+00
 149 1425.5  3.722E+01 6.274E-05 0.000E+00 0.000E+00
 150 1427.5  3.696E+01 5.269E-05 0.000E+00 0.000E+00
 151 1429.6  3.669E+01 5.402E-05 0.000E+00 0.000E+00
 152 1431.7  3.643E+01 6.567E-05 0.000E+00 0.000E+00
 153 1433.7  3.616E+01 6.713E-05 0.000E+00 0.000E+00
 154 1435.8  3.590E+01 6.111E-05 0.000E+00 0.000E+00
 155 1437.8  3.564E+01 5.862E-05 0.000E+00 0.000E+00
 156 1439.8  3.539E+01 5.711E-05 0.000E+00 0.000E+00
 157 1442.0  3.513E+01 5.829E-05 0.000E+00 0.000E+00
 158 1444.0  3.487E+01 6.098E-05 0.000E+00 0.000E+00
 159 1446.2  3.462E+01 6.205E-05 0.000E+00 0.000E+00
 160 1448.2  3.437E+01 5.994E-05 0.000E+00 0.000E+00
 161 1450.3  3.411E+01 5.957E-05 0.000E+00 0.000E+00
 162 1452.5  3.387E+01 6.227E-05 0.000E+00 0.000E+00
 163 1454.5  3.362E+01 6.600E-05 0.000E+00 0.000E+00
 164 1456.7  3.338E+01 6.589E-05 0.000E+00 0.000E+00
 165 1458.8  3.314E+01 6.696E-05 0.000E+00 0.000E+00
 166 1461.0  3.289E+01 6.926E-05 0.000E+00 0.000E+00
 167 1463.0  3.265E+01 7.491E-05 0.000E+00 0.000E+00
 168 1465.2  3.241E+01 7.765E-05 0.000E+00 0.000E+00
 169 1467.3  3.217E+01 8.866E-05 0.000E+00 0.000E+00
 170 1469.5  3.194E+01 8.868E-05 0.000E+00 0.000E+00
 171 1471.7  3.170E+01 1.093E-04 0.000E+00 0.000E+00
 172 1473.8  3.146E+01 1.260E-04 0.000E+00 0.000E+00
 173 1476.0  3.124E+01 9.189E-05 0.000E+00 0.000E+00
 174 1478.2  3.101E+01 7.718E-05 0.000E+00 0.000E+00
 175 1480.4  3.078E+01 9.513E-05 0.000E+00 0.000E+00
 176 1482.6  3.055E+01 1.090E-04 0.000E+00 0.000E+00
 177 1484.8  3.032E+01 9.774E-05 0.000E+00 0.000E+00
 178 1487.0  3.010E+01 9.585E-05 0.000E+00 0.000E+00
 179 1489.2  2.988E+01 8.629E-05 0.000E+00 0.000E+00
 180 1491.4  2.966E+01 8.798E-05 0.000E+00 0.000E+00
 181 1493.7  2.944E+01 9.053E-05 0.000E+00 0.000E+00
 182 1495.9  2.921E+01 8.783E-05 0.000E+00 0.000E+00
 183 1498.2  2.900E+01 9.003E-05 0.000E+00 0.000E+00
 184 1500.4  2.878E+01 9.779E-05 0.000E+00 0.000E+00
 185 1502.7  2.857E+01 9.895E-05 0.000E+00 0.000E+00
 186 1504.9  2.835E+01 9.643E-05 0.000E+00 0.000E+00
 187 1507.2  2.815E+01 9.797E-05 0.000E+00 0.000E+00
 188 1509.4  2.793E+01 1.057E-04 0.000E+00 0.000E+00
 189 1511.8  2.772E+01 1.091E-04 0.000E+00 0.000E+00
 190 1514.1  2.751E+01 1.031E-04 0.000E+00 0.000E+00
 191 1516.3  2.731E+01 1.031E-04 0.000E+00 0.000E+00
 192 1518.7  2.710E+01 1.035E-04 0.000E+00 0.000E+00
 193 1520.9  2.690E+01 1.071E-04 0.000E+00 0.000E+00
 194 1523.2  2.670E+01 1.179E-04 0.000E+00 0.000E+00
 195 1525.6  2.650E+01 1.600E-04 0.000E+00 0.000E+00
 196 1527.9  2.630E+01 1.577E-04 0.000E+00 0.000E+00
 197 1530.2  2.609E+01 1.299E-04 0.000E+00 0.000E+00
 198 1532.6  2.590E+01 1.766E-04 0.000E+00 0.000E+00
 199 1534.9  2.571E+01 1.678E-04 0.000E+00 0.000E+00
 200 1537.3  2.551E+01 1.354E-04 0.000E+00 0.000E+00
 201 1539.7  2.531E+01 1.384E-04 0.000E+00 0.000E+00
 202 1542.0  2.513E+01 1.408E-04 0.000E+00 0.000E+00
 203 1544.4  2.493E+01 1.459E-04 0.000E+00 0.000E+00
 204 1546.8  2.474E+01 3.516E-04 0.000E+00 0.000E+00
 205 1549.2  2.455E+01 4.828E-04 0.000E+00 0.000E+00
 206 1551.6  2.437E+01 2.998E-04 0.000E+00 0.000E+00
 207 1554.0  2.418E+01 1.518E-04 0.000E+00 0.000E+00
 208 1556.4  2.400E+01 1.538E-04 0.000E+00 0.000E+00
 209 1558.8  2.382E+01 2.564E-04 0.000E+00 0.000E+00
 210 1561.3  2.363E+01 2.890E-04 0.000E+00 0.000E+00
 211 1563.7  2.345E+01 1.903E-04 0.000E+00 0.000E+00
 212 1566.2  2.327E+01 1.711E-04 0.000E+00 0.000E+00
 213 1568.7  2.309E+01 1.946E-04 0.000E+00 0.000E+00
 214 1571.1  2.291E+01 1.993E-04 0.000E+00 0.000E+00
 215 1573.5  2.274E+01 2.187E-04 0.000E+00 0.000E+00
 216 1576.0  2.256E+01 2.004E-04 0.000E+00 0.000E+00
 217 1578.5  2.239E+01 1.707E-04 0.000E+00 0.000E+00
 218 1581.0  2.221E+01 1.771E-04 0.000E+00 0.000E+00
 219 1583.5  2.204E+01 1.776E-04 0.000E+00 0.000E+00
 220 1586.0  2.187E+01 1.916E-04 0.000E+00 0.000E+00
 221 1588.5  2.170E+01 1.992E-04 0.000E+00 0.000E+00
 222 1591.1  2.154E+01 1.891E-04 0.000E+00 0.000E+00
 223 1593.7  2.136E+01 1.969E-04 0.000E+00 0.000E+00
 224 1596.2  2.120E+01 1.861E-04 0.000E+00 0.000E+00
 225 1598.7  2.104E+01 1.789E-04 0.000E+00 0.000E+00
 226 1601.3  2.087E+01 2.093E-04 0.000E+00 0.000E+00
 227 1603.8  2.071E+01 2.073E-04 0.000E+00 0.000E+00
 228 1606.4  2.055E+01 2.038E-04 0.000E+00 0.000E+00
 229 1609.0  2.039E+01 2.312E-04 0.000E+00 0.000E+00
 230 1611.6  2.023E+01 2.644E-04 0.000E+00 0.000E+00
 231 1614.2  2.007E+01 2.544E-04 0.000E+00 0.000E+00
 232 1616.8  1.991E+01 2.298E-04 0.000E+00 0.000E+00
 233 1619.4  1.975E+01 2.476E-04 0.000E+00 0.000E+00
 234 1622.1  1.960E+01 2.793E-04 0.000E+00 0.000E+00
 235 1624.7  1.944E+01 2.934E-04 0.000E+00 0.000E+00
 236 1627.3  1.929E+01 2.898E-04 0.000E+00 0.000E+00
 237 1630.0  1.914E+01 2.857E-04 0.000E+00 0.000E+00
 238 1632.7  1.899E+01 3.076E-04 0.000E+00 0.000E+00
 239 1635.3  1.883E+01 3.009E-04 0.000E+00 0.000E+00
 240 1638.0  1.868E+01 3.555E-04 0.000E+00 0.000E+00
 241 1640.7  1.854E+01 4.226E-04 0.000E+00 0.000E+00
 242 1643.3  1.839E+01 3.455E-04 0.000E+00 0.000E+00
 243 1646.1  1.825E+01 3.101E-04 0.000E+00 0.000E+00
 244 1648.8  1.810E+01 3.060E-04 0.000E+00 0.000E+00
 245 1651.6  1.795E+01 2.994E-04 0.000E+00 0.000E+00
 246 1654.2  1.781E+01 4.522E-04 0.000E+00 0.000E+00
 247 1657.0  1.767E+01 8.233E-04 0.000E+00 0.000E+00
 248 1659.8  1.753E+01 5.530E-04 0.000E+00 0.000E+00
 249 1662.5  1.739E+01 3.785E-04 0.000E+00 0.000E+00
 250 1665.3  1.725E+01 3.720E-04 0.000E+00 0.000E+00
 251 1668.1  1.711E+01 3.955E-04 0.000E+00 0.000E+00
 252 1670.8  1.697E+01 4.912E-04 0.000E+00 0.000E+00
 253 1673.6  1.684E+01 4.275E-04 0.000E+00 0.000E+00
 254 1676.5  1.670E+01 4.123E-04 0.000E+00 0.000E+00
 255 1679.3  1.656E+01 4.218E-04 0.000E+00 0.000E+00
 256 1682.1  1.643E+01 4.298E-04 0.000E+00 0.000E+00
 257 1684.9  1.630E+01 4.870E-04 0.000E+00 0.000E+00
 258 1687.8  1.617E+01 5.413E-04 0.000E+00 0.000E+00
 259 1690.6  1.603E+01 5.700E-04 0.000E+00 0.000E+00
 260 1693.5  1.591E+01 6.138E-04 0.000E+00 0.000E+00
 261 1696.3  1.578E+01 6.693E-04 0.000E+00 0.000E+00
 262 1699.2  1.565E+01 6.997E-04 0.000E+00 0.000E+00
 263 1702.2  1.552E+01 7.582E-04 0.000E+00 0.000E+00
 264 1705.0  1.539E+01 7.069E-04 0.000E+00 0.000E+00
 265 1708.0  1.527E+01 7.524E-04 0.000E+00 0.000E+00
 266 1710.8  1.514E+01 7.515E-04 0.000E+00 0.000E+00
 267 1713.8  1.502E+01 7.052E-04 0.000E+00 0.000E+00
 268 1716.8  1.489E+01 7.787E-04 0.000E+00 0.000E+00
 269 1719.7  1.477E+01 8.083E-04 0.000E+00 0.000E+00
 270 1722.7  1.465E+01 7.764E-04 0.000E+00 0.000E+00
 271 1725.6  1.453E+01 8.303E-04 0.000E+00 0.000E+00
 272 1728.6  1.441E+01 7.812E-04 0.000E+00 0.000E+00
 273 1731.6  1.429E+01 7.491E-04 0.000E+00 0.000E+00
 274 1734.6  1.417E+01 8.041E-04 0.000E+00 0.000E+00
 275 1737.6  1.406E+01 8.396E-04 0.000E+00 0.000E+00
 276 1740.7  1.394E+01 9.183E-04 0.000E+00 0.000E+00
 277 1743.7  1.382E+01 1.002E-03 0.000E+00 0.000E+00
 278 1746.8  1.371E+01 9.724E-04 0.000E+00 0.000E+00
 279 1749.8  1.359E+01 1.021E-03 0.000E+00 0.000E+00
 280 1752.8  1.348E+01 1.142E-03 0.000E+00 0.000E+00
 281 1756.0  1.337E+01 1.218E-03 0.000E+00 0.000E+00
 282 1759.0  1.326E+01 1.261E-03 0.000E+00 0.000E+00
 283 1762.2  1.315E+01 1.261E-03 0.000E+00 0.000E+00
 284 1765.2  1.304E+01 1.209E-03 0.000E+00 0.000E+00
 285 1768.3  1.293E+01 1.383E-03 0.000E+00 0.000E+00
 286 1771.5  1.282E+01 1.592E-03 0.000E+00 0.000E+00
 287 1774.6  1.271E+01 1.512E-03 0.000E+00 0.000E+00
 288 1777.8  1.261E+01 1.493E-03 0.000E+00 0.000E+00
 289 1781.0  1.250E+01 1.673E-03 0.000E+00 0.000E+00
 290 1784.1  1.240E+01 1.671E-03 0.000E+00 0.000E+00
 291 1787.3  1.229E+01 1.733E-03 0.000E+00 0.000E+00
 292 1790.5  1.219E+01 1.811E-03 0.000E+00 0.000E+00
 293 1793.7  1.208E+01 1.615E-03 0.000E+00 0.000E+00
 294 1796.9  1.198E+01 1.666E-03 0.000E+00 0.000E+00
 295 1800.2  1.188E+01 1.826E-03 0.000E+00 0.000E+00
 296 1803.4  1.178E+01 1.913E-03 0.000E+00 0.000E+00
 297 1806.7  1.168E+01 2.258E-03 0.000E+00 0.000E+00
 298 1809.9  1.158E+01 2.205E-03 0.000E+00 0.000E+00
 299 1813.2  1.148E+01 1.959E-03 0.000E+00 0.000E+00
 300 1816.6  1.138E+01 3.257E-03 0.000E+00 0.000E+00
 301 1819.8  1.128E+01 2.531E-03 0.000E+00 0.000E+00
 302 1823.2  1.119E+01 2.483E-03 0.000E+00 0.000E+00
 303 1826.5  1.109E+01 2.353E-03 0.000E+00 0.000E+00
 304 1829.8  1.099E+01 2.349E-03 0.000E+00 0.000E+00
 305 1833.2  1.090E+01 2.529E-03 0.000E+00 0.000E+00
 306 1836.6  1.081E+01 2.578E-03 0.000E+00 0.000E+00
 307 1839.9  1.071E+01 2.423E-03 0.000E+00 0.000E+00
 308 1843.3  1.062E+01 2.274E-03 0.000E+00 0.000E+00
 309 1846.7  1.053E+01 2.086E-03 0.000E+00 0.000E+00
 310 1850.2  1.044E+01 2.105E-03 0.000E+00 0.000E+00
 311 1853.6  1.035E+01 2.457E-03 0.000E+00 0.000E+00
 312 1857.0  1.026E+01 2.775E-03 0.000E+00 0.000E+00
 313 1860.5  1.017E+01 2.625E-03 0.000E+00 0.000E+00
 314 1864.0  1.008E+01 2.755E-03 0.000E+00 0.000E+00
 315 1867.5  9.991E+00 3.096E-03 0.000E+00 0.000E+00
 316 1871.0  9.904E+00 3.421E-03 0.000E+00 0.000E+00
 317 1874.5  9.817E+00 3.345E-03 0.000E+00 0.000E+00
 318 1878.0  9.731E+00 3.235E-03 0.000E+00 0.000E+00
 319 1881.5  9.647E+00 3.230E-03 0.000E+00 0.000E+00
 320 1885.0  9.563E+00 3.637E-03 0.000E+00 0.000E+00
 321 1888.6  9.478E+00 3.743E-03 0.000E+00 0.000E+00
 322 1892.2  9.393E+00 4.130E-03 0.000E+00 0.000E+00
 323 1895.7  9.312E+00 4.004E-03 0.000E+00 0.000E+00
 324 1899.3  9.230E+00 3.648E-03 0.000E+00 0.000E+00
 325 1902.9  9.148E+00 4.003E-03 0.000E+00 0.000E+00
 326 1906.6  9.065E+00 4.221E-03 0.000E+00 0.000E+00
 327 1910.2  8.986E+00 4.305E-03 0.000E+00 0.000E+00
 328 1913.8  8.907E+00 4.450E-03 0.000E+00 0.000E+00
 329 1917.6  8.827E+00 4.630E-03 0.000E+00 0.000E+00
 330 1921.2  8.748E+00 4.912E-03 0.000E+00 0.000E+00
 331 1924.9  8.669E+00 4.706E-03 0.000E+00 0.000E+00
 332 1928.7  8.592E+00 4.445E-03 0.000E+00 0.000E+00
 333 1932.3  8.516E+00 3.413E-03 0.000E+00 0.000E+00
 334 1936.1  8.440E+00 3.368E-03 1.417E-98 4.207E-96
 335 1939.8  8.363E+00 4.997E-03 6.366E-90 1.274E-87
 336 1943.6  8.289E+00 6.086E-03 9.082E-82 1.492E-79
 337 1947.4  8.214E+00 6.134E-03 5.877-163 9.581-161
 338 1951.2  8.140E+00 5.782E-03 0.000E+00 0.000E+00
 339 1955.0  8.067E+00 5.932E-03 9.704E-63 1.636E-60
 340 1958.8  7.994E+00 6.066E-03 4.970E-70 8.193E-68
 341 1962.7  7.920E+00 6.006E-03 0.000E+00 0.000E+00
 342 1966.5  7.849E+00 7.110E-03 6.322-143 8.892-141
 343 1970.5  7.778E+00 7.006E-03 0.000E+00 0.000E+00
 344 1974.3  7.706E+00 6.665E-03 0.000E+00 0.000E+00
 345 1978.2  7.636E+00 6.534E-03 3.914E-33 5.990E-31
 346 1982.2  7.567E+00 6.950E-03 1.256E-67 1.808E-65
 347 1986.1  7.498E+00 6.526E-03 6.876E-69 1.054E-66
 348 1990.0  7.429E+00 6.519E-03 1.695E-28 2.601E-26
 349 1994.0  7.361E+00 7.415E-03 3.143E-26 4.239E-24
 350 1998.0  7.293E+00 7.273E-03 3.908E-44 5.373E-42
 351 2002.0  7.226E+00 7.651E-03 5.772E-43 7.544E-41
 352 2006.0  7.160E+00 7.954E-03 4.370E-26 5.495E-24
 353 2010.0  7.094E+00 8.162E-03 8.531E-35 1.045E-32
 354 2014.1  7.028E+00 8.565E-03 5.807E-33 6.780E-31
 355 2018.2  6.964E+00 8.873E-03 2.405E-23 2.711E-21
 356 2022.2  6.899E+00 8.774E-03 1.516E-22 1.728E-20
 357 2026.3  6.834E+00 8.543E-03 5.710E-23 6.684E-21
 358 2030.5  6.771E+00 9.592E-03 5.366E-23 5.594E-21
 359 2034.6  6.708E+00 9.627E-03 1.397E-22 1.451E-20
 360 2038.8  6.645E+00 9.960E-03 1.981E-22 1.989E-20
 361 2042.9  6.584E+00 1.084E-02 2.618E-22 2.415E-20
 362 2047.1  6.522E+00 1.114E-02 2.600E-22 2.334E-20
 363 2051.3  6.460E+00 1.135E-02 2.953E-22 2.602E-20
 364 2055.5  6.400E+00 1.125E-02 4.593E-22 4.083E-20
 365 2059.8  6.340E+00 1.128E-02 7.386E-22 6.547E-20
 366 2064.0  6.279E+00 1.151E-02 9.548E-22 8.295E-20
 367 2068.2  6.221E+00 1.221E-02 1.127E-21 9.230E-20
 368 2072.6  6.162E+00 1.303E-02 1.534E-21 1.177E-19
 369 2076.8  6.104E+00 1.393E-02 2.296E-21 1.648E-19
 370 2081.2  6.046E+00 1.426E-02 2.905E-21 2.038E-19
 371 2085.5  5.989E+00 1.571E-02 3.896E-21 2.479E-19
 372 2089.9  5.931E+00 1.840E-02 5.908E-21 3.210E-19
 373 2094.2  5.875E+00 2.200E-02 8.601E-21 3.909E-19
 374 2098.6  5.820E+00 2.490E-02 1.078E-20 4.330E-19
 375 2103.1  5.764E+00 2.854E-02 1.495E-20 5.240E-19
 376 2107.5  5.708E+00 3.135E-02 2.272E-20 7.248E-19
 377 2111.9  5.654E+00 3.264E-02 2.903E-20 8.895E-19
 378 2116.4  5.599E+00 3.679E-02 3.370E-20 9.159E-19
 379 2120.8  5.546E+00 3.851E-02 3.493E-20 9.069E-19
 380 2125.4  5.493E+00 2.960E-02 2.637E-20 8.906E-19
 381 2129.9  5.439E+00 3.265E-02 2.709E-20 8.296E-19
 382 2134.5  5.387E+00 3.259E-02 2.421E-20 7.429E-19
 383 2139.1  5.334E+00 3.680E-02 2.389E-20 6.493E-19
 384 2143.6  5.283E+00 4.501E-02 2.437E-20 5.413E-19
 385 2148.2  5.232E+00 4.120E-02 1.718E-20 4.170E-19
 386 2152.8  5.181E+00 4.049E-02 1.426E-20 3.521E-19
 387 2157.5  5.130E+00 3.376E-02 1.109E-20 3.286E-19
 388 2162.2  5.080E+00 3.763E-02 1.065E-20 2.830E-19
 389 2166.8  5.030E+00 3.159E-02 7.013E-21 2.220E-19
 390 2171.6  4.981E+00 3.453E-02 6.078E-21 1.760E-19
 391 2176.2  4.932E+00 3.489E-02 5.076E-21 1.455E-19
 392 2181.0  4.884E+00 4.829E-02 5.539E-21 1.147E-19
 393 2185.8  4.836E+00 4.612E-02 3.886E-21 8.428E-20
 394 2190.6  4.788E+00 4.576E-02 2.623E-21 5.731E-20
 395 2195.4  4.740E+00 5.013E-02 1.769E-21 3.528E-20
 396 2200.2  4.694E+00 5.135E-02 1.033E-21 2.011E-20
 397 2205.1  4.647E+00 5.468E-02 6.090E-22 1.114E-20
 398 2209.9  4.601E+00 3.881E-02 2.339E-22 6.027E-21
 399 2214.9  4.555E+00 4.120E-02 1.243E-22 3.016E-21
 400 2219.8  4.510E+00 4.492E-02 6.347E-23 1.413E-21
 401 2224.7  4.465E+00 5.151E-02 3.393E-23 6.588E-22
 402 2229.6  4.420E+00 5.498E-02 1.690E-23 3.073E-22
 403 2234.6  4.376E+00 7.085E-02 9.797E-24 1.383E-22
 404 2239.6  4.332E+00 6.537E-02 3.743E-24 5.725E-23
 405 2244.7  4.288E+00 5.969E-02 1.393E-24 2.335E-23
 406 2249.8  4.245E+00 6.034E-02 5.791E-25 9.597E-24
 407 2254.8  4.202E+00 5.395E-02 2.040E-25 3.781E-24
 408 2259.9  4.160E+00 4.912E-02 6.910E-26 1.407E-24
 409 2265.0  4.118E+00 4.027E-02 2.026E-26 5.031E-25
 410 2270.1  4.076E+00 3.456E-02 5.865E-27 1.697E-25
 411 2275.3  4.035E+00 3.964E-02 2.039E-27 5.144E-26
 412 2280.5  3.993E+00 5.145E-02 7.466E-28 1.451E-26
 413 2285.7  3.953E+00 5.448E-02 2.059E-28 3.780E-27
 414 2290.9  3.912E+00 5.028E-02 4.495E-29 8.940E-28
 415 2296.2  3.872E+00 4.940E-02 1.072E-29 2.171E-28
 416 2301.5  3.832E+00 4.792E-02 2.475E-30 5.164E-29
 417 2306.8  3.793E+00 6.023E-02 8.215E-31 1.364E-29
 418 2312.2  3.754E+00 4.720E-02 1.474E-31 3.123E-30
 419 2317.5  3.715E+00 5.539E-02 3.459E-32 6.245E-31
 420 2322.9  3.677E+00 5.678E-02 6.350E-33 1.118E-31
 421 2328.3  3.639E+00 5.140E-02 9.167E-34 1.783E-32
 422 2333.7  3.601E+00 4.677E-02 1.858E-34 3.973E-33
 423 2339.2  3.564E+00 4.205E-02 3.213E-35 7.640E-34
 424 2344.7  3.527E+00 3.790E-02 3.371E-36 8.893E-35
 425 2350.2  3.490E+00 4.593E-02 7.246E-37 1.578E-35
 426 2355.7  3.453E+00 5.672E-02 1.853E-37 3.268E-36
 427 2361.3  3.417E+00 4.961E-02 2.035E-38 4.101E-37
 428 2366.9  3.381E+00 4.837E-02 3.101E-39 6.410E-38
 429 2372.5  3.345E+00 5.323E-02 5.580E-40 1.048E-38
 430 2378.2  3.310E+00 4.954E-02 6.877E-41 1.388E-39
 431 2383.8  3.275E+00 3.920E-02 7.594E-42 1.937E-40
 432 2389.4  3.241E+00 4.709E-02 1.597E-42 3.391E-41
 433 2395.2  3.207E+00 4.436E-02 1.366E-43 3.079E-42
 434 2400.9  3.172E+00 4.382E-02 1.456E-44 3.322E-43
 435 2406.7  3.139E+00 3.933E-02 2.914E-45 7.409E-44
 436 2412.6  3.105E+00 4.349E-02 3.553E-46 8.170E-45
 437 2418.4  3.072E+00 6.294E-02 6.597E-47 1.048E-45
 438 2424.2  3.039E+00 7.230E-02 7.624E-46 1.055E-44
 439 2430.1  3.006E+00 7.332E-02 7.956E-47 1.085E-45
 440 2436.1  2.974E+00 6.667E-02 5.102E-48 7.652E-47
 441 2442.0  2.942E+00 6.764E-02 9.946E-49 1.470E-47
 442 2448.0  2.910E+00 5.894E-02 2.385E-49 4.047E-48
 443 2454.0  2.879E+00 5.126E-02 1.393E-50 2.717E-49
 444 2460.1  2.848E+00 5.015E-02 1.664E-51 3.318E-50
 445 2466.1  2.817E+00 5.137E-02 8.940E-52 1.740E-50
 446 2472.1  2.787E+00 5.640E-02 1.851E-52 3.281E-51
 447 2478.3  2.756E+00 5.606E-02 3.561E-53 6.353E-52
 448 2484.5  2.726E+00 4.697E-02 7.181E-54 1.529E-52
 449 2490.7  2.696E+00 4.445E-02 9.577E-55 2.155E-53
 450 2496.9  2.666E+00 6.412E-02 3.325E-55 5.185E-54
 451 2503.2  2.637E+00 6.400E-02 3.002E-55 4.690E-54
 452 2509.4  2.608E+00 5.619E-02 2.692E-55 4.790E-54
 453 2515.8  2.579E+00 4.520E-02 2.085E-56 4.612E-55
 454 2522.1  2.551E+00 4.222E-02 7.509E-57 1.778E-55
 455 2528.4  2.523E+00 4.386E-02 1.743E-56 3.975E-55
 456 2534.8  2.495E+00 5.354E-02 8.374E-57 1.564E-55
 457 2541.3  2.467E+00 5.788E-02 7.555E-57 1.305E-55
 458 2547.8  2.440E+00 6.165E-02 7.003E-57 1.136E-55
 459 2554.2  2.412E+00 8.123E-02 3.065E-57 3.773E-56
 460 2560.8  2.385E+00 9.049E-02 1.110E-56 1.227E-55
 461 2567.4  2.359E+00 1.128E-01 7.132E-56 6.324E-55
 462 2574.0  2.332E+00 1.268E-01 1.584E-55 1.249E-54
 463 2580.7  2.306E+00 1.373E-01 1.500E-55 1.092E-54
 464 2587.3  2.280E+00 1.233E-01 4.997E-56 4.051E-55
 465 2594.1  2.254E+00 1.154E-01 9.432E-55 8.172E-54
 466 2600.8  2.228E+00 8.971E-02 6.904E-54 7.696E-53
 467 2607.6  2.203E+00 8.767E-02 4.222E-54 4.816E-53
 468 2614.4  2.178E+00 8.788E-02 5.623E-53 6.399E-52
 469 2621.2  2.153E+00 1.094E-01 2.840E-52 2.596E-51
 470 2628.1  2.128E+00 1.040E-01 2.113E-51 2.032E-50
 471 2635.1  2.104E+00 1.585E-01 1.146E-49 7.228E-49
 472 2642.0  2.080E+00 2.627E-01 2.996E-49 1.140E-48
 473 2649.0  2.056E+00 2.404E-01 1.972E-48 8.202E-48
 474 2656.1  2.032E+00 2.713E-01 3.701E-47 1.364E-46
 475 2663.1  2.009E+00 2.608E-01 3.703E-46 1.420E-45
 476 2670.2  1.985E+00 2.535E-01 1.393E-44 5.494E-44
 477 2677.4  1.962E+00 2.618E-01 1.481E-43 5.657E-43
 478 2684.6  1.939E+00 2.575E-01 3.661E-42 1.421E-41
 479 2691.8  1.917E+00 2.451E-01 8.861E-41 3.615E-40
 480 2699.1  1.895E+00 2.587E-01 7.348E-40 2.840E-39
 481 2706.3  1.872E+00 2.792E-01 2.803E-38 1.004E-37
 482 2713.7  1.850E+00 2.494E-01 6.353E-37 2.547E-36
 483 2721.1  1.829E+00 1.902E-01 7.401E-36 3.892E-35
 484 2728.5  1.807E+00 2.263E-01 2.083E-34 9.204E-34
 485 2735.9  1.786E+00 1.974E-01 7.558E-33 3.830E-32
 486 2743.5  1.765E+00 1.397E-01 1.909E-31 1.366E-30
 487 2751.1  1.743E+00 1.557E-01 3.625E-30 2.328E-29
 488 2758.6  1.723E+00 2.121E-01 9.889E-29 4.662E-28
 489 2766.2  1.702E+00 2.558E-01 2.699E-27 1.055E-26
 490 2773.9  1.682E+00 2.569E-01 5.665E-26 2.205E-25
 491 2781.7  1.662E+00 1.875E-01 8.489E-25 4.527E-24
 492 2789.4  1.642E+00 1.354E-01 1.631E-23 1.205E-22
 493 2797.2  1.622E+00 8.132E-02 1.717E-22 2.111E-21
 494 2805.1  1.602E+00 9.790E-02 3.599E-21 3.676E-20
 495 2812.9  1.583E+00 1.921E-01 2.302E-19 1.198E-18
 496 2820.9  1.564E+00 2.792E-01 5.908E-18 2.116E-17
 497 2828.9  1.545E+00 3.235E-01 4.519E-17 1.397E-16
 498 2836.9  1.526E+00 3.239E-01 5.244E-16 1.619E-15
 499 2844.9  1.507E+00 2.570E-01 6.277E-15 2.443E-14
 500 2853.1  1.489E+00 1.401E-01 3.683E-14 2.629E-13
 501 2861.2  1.470E+00 2.826E-01 6.800E-13 2.406E-12
 502 2869.4  1.452E+00 3.659E-01 5.560E-12 1.520E-11
 503 2877.7  1.434E+00 3.310E-01 4.803E-11 1.451E-10
 504 2886.0  1.417E+00 3.428E-01 4.372E-10 1.275E-09
 505 2894.4  1.399E+00 4.682E-01 3.341E-09 7.136E-09
 506 2902.8  1.382E+00 6.167E-01 2.067E-08 3.352E-08
 507 2911.2  1.364E+00 6.155E-01 9.329E-08 1.516E-07
 508 2919.8  1.347E+00 5.713E-01 4.127E-07 7.224E-07
 509 2928.3  1.330E+00 5.279E-01 1.390E-06 2.634E-06
 510 2936.9  1.314E+00 5.470E-01 4.853E-06 8.871E-06
 511 2945.6  1.297E+00 5.216E-01 1.397E-05 2.678E-05
 512 2954.2  1.281E+00 5.615E-01 4.219E-05 7.514E-05
 513 2963.0  1.265E+00 5.575E-01 1.120E-04 2.010E-04
 514 2971.8  1.249E+00 4.783E-01 2.324E-04 4.858E-04
 515 2980.6  1.233E+00 5.294E-01 5.819E-04 1.099E-03
 516 2989.6  1.217E+00 4.960E-01 1.087E-03 2.192E-03
 517 2998.5  1.201E+00 4.648E-01 1.877E-03 4.039E-03
 518 3007.5  1.186E+00 4.431E-01 3.187E-03 7.194E-03
 519 3016.6  1.171E+00 4.699E-01 5.519E-03 1.175E-02
 520 3025.7  1.156E+00 5.187E-01 9.546E-03 1.840E-02
 521 3034.9  1.141E+00 6.473E-01 1.797E-02 2.776E-02
 522 3044.2  1.126E+00 6.183E-01 2.414E-02 3.904E-02
 523 3053.4  1.111E+00 6.420E-01 3.529E-02 5.496E-02
 524 3062.8  1.097E+00 5.638E-01 4.034E-02 7.156E-02
 525 3072.2  1.083E+00 6.284E-01 5.906E-02 9.399E-02
 526 3081.7  1.068E+00 6.508E-01 7.705E-02 1.184E-01
 527 3091.2  1.054E+00 5.660E-01 8.075E-02 1.427E-01
 528 3100.8  1.040E+00 5.362E-01 9.258E-02 1.727E-01
 529 3110.4  1.027E+00 7.776E-01 1.515E-01 1.949E-01
 530 3120.2  1.013E+00 6.951E-01 1.579E-01 2.272E-01
 531 3129.9  9.997E-01 7.004E-01 1.816E-01 2.592E-01
 532 3139.8  9.864E-01 7.325E-01 2.128E-01 2.905E-01
 533 3149.6  9.732E-01 6.813E-01 2.203E-01 3.233E-01
 534 3159.6  9.602E-01 5.985E-01 2.108E-01 3.522E-01
 535 3169.6  9.473E-01 7.619E-01 2.919E-01 3.831E-01
 536 3179.6  9.346E-01 7.239E-01 2.984E-01 4.122E-01
 537 3189.8  9.220E-01 7.041E-01 3.089E-01 4.388E-01
 538 3200.0  9.095E-01 7.954E-01 3.646E-01 4.583E-01
 539 3210.2  8.972E-01 7.579E-01 3.755E-01 4.955E-01
 540 3220.6  8.850E-01 7.435E-01 3.787E-01 5.094E-01
 541 3231.0  8.729E-01 6.604E-01 3.496E-01 5.293E-01
 542 3241.5  8.610E-01 7.627E-01 4.275E-01 5.606E-01
 543 3252.1  8.491E-01 8.479E-01 4.771E-01 5.626E-01
 544 3262.7  8.375E-01 1.010E+00 5.931E-01 5.871E-01
 545 3273.3  8.259E-01 9.921E-01 5.944E-01 5.991E-01
 546 3284.1  8.145E-01 9.435E-01 5.720E-01 6.062E-01
 547 3294.9  8.031E-01 1.100E+00 6.985E-01 6.352E-01
 548 3305.8  7.920E-01 1.041E+00 6.596E-01 6.333E-01
 549 3316.8  7.809E-01 1.005E+00 6.440E-01 6.408E-01
 550 3327.8  7.700E-01 9.758E-01 6.459E-01 6.620E-01
 551 3338.9  7.592E-01 9.516E-01 6.331E-01 6.653E-01
 552 3350.1  7.485E-01 1.011E+00 6.842E-01 6.766E-01
 553 3361.3  7.379E-01 8.890E-01 6.090E-01 6.851E-01
 554 3372.7  7.275E-01 8.586E-01 5.886E-01 6.855E-01
 555 3384.1  7.171E-01 9.485E-01 6.583E-01 6.940E-01
 556 3395.6  7.069E-01 1.008E+00 7.056E-01 7.000E-01
 557 3407.2  6.968E-01 1.022E+00 7.211E-01 7.053E-01
 558 3418.8  6.868E-01 9.797E-01 7.001E-01 7.146E-01
 559 3430.6  6.769E-01 1.040E+00 7.473E-01 7.185E-01
 560 3442.4  6.672E-01 8.392E-01 6.054E-01 7.214E-01
 561 3454.2  6.575E-01 9.750E-01 7.078E-01 7.259E-01
 562 3466.2  6.480E-01 9.653E-01 7.053E-01 7.306E-01
 563 3478.2  6.385E-01 9.291E-01 6.833E-01 7.354E-01
 564 3490.4  6.292E-01 9.296E-01 6.877E-01 7.398E-01
 565 3502.7  6.200E-01 1.051E+00 7.815E-01 7.438E-01
 566 3514.9  6.109E-01 1.028E+00 7.683E-01 7.476E-01
 567 3527.3  6.019E-01 9.648E-01 7.250E-01 7.515E-01
 568 3539.8  5.929E-01 1.127E+00 8.518E-01 7.556E-01
 569 3552.4  5.842E-01 1.114E+00 8.464E-01 7.596E-01
 570 3565.1  5.755E-01 9.549E-01 7.286E-01 7.630E-01
 571 3577.8  5.669E-01 8.137E-01 6.237E-01 7.664E-01
 572 3590.6  5.584E-01 8.845E-01 6.815E-01 7.705E-01
 573 3603.6  5.500E-01 1.040E+00 8.051E-01 7.741E-01
 574 3616.6  5.417E-01 9.341E-01 7.265E-01 7.777E-01
 575 3629.8  5.335E-01 1.057E+00 8.258E-01 7.816E-01
 576 3643.0  5.254E-01 1.067E+00 8.374E-01 7.849E-01
 577 3656.3  5.175E-01 1.225E+00 9.655E-01 7.883E-01
 578 3669.8  5.095E-01 1.260E+00 9.982E-01 7.921E-01
 579 3683.2  5.017E-01 1.161E+00 9.235E-01 7.957E-01
 580 3696.8  4.940E-01 1.288E+00 1.029E+00 7.992E-01
 581 3710.6  4.864E-01 1.204E+00 9.659E-01 8.026E-01
 582 3724.4  4.788E-01 1.105E+00 8.909E-01 8.061E-01
 583 3738.3  4.715E-01 9.608E-01 7.781E-01 8.098E-01
 584 3752.4  4.641E-01 1.030E+00 8.379E-01 8.131E-01
 585 3766.5  4.568E-01 1.140E+00 9.310E-01 8.166E-01
 586 3780.8  4.497E-01 1.385E+00 1.136E+00 8.203E-01
 587 3795.1  4.426E-01 1.131E+00 9.313E-01 8.235E-01
 588 3809.6  4.356E-01 1.225E+00 1.013E+00 8.267E-01
 589 3824.1  4.287E-01 8.587E-01 7.131E-01 8.304E-01
 590 3838.8  4.219E-01 8.091E-01 6.746E-01 8.338E-01
 591 3853.6  4.151E-01 1.043E+00 8.732E-01 8.371E-01
 592 3868.5  4.085E-01 1.035E+00 8.699E-01 8.406E-01
 593 3883.6  4.019E-01 1.023E+00 8.632E-01 8.438E-01
 594 3898.6  3.954E-01 1.224E+00 1.037E+00 8.472E-01
 595 3913.9  3.891E-01 1.305E+00 1.110E+00 8.506E-01
 596 3929.3  3.827E-01 8.235E-01 7.033E-01 8.541E-01
 597 3944.8  3.765E-01 1.014E+00 8.696E-01 8.575E-01
 598 3960.4  3.703E-01 1.087E+00 9.361E-01 8.609E-01
 599 3976.2  3.642E-01 1.060E+00 9.161E-01 8.639E-01
 600 3992.1  3.582E-01 1.604E+00 1.390E+00 8.668E-01
 601 4008.1  3.523E-01 1.719E+00 1.497E+00 8.709E-01
 602 4024.2  3.465E-01 1.783E+00 1.561E+00 8.756E-01
 603 4040.4  3.407E-01 1.711E+00 1.505E+00 8.795E-01
 604 4056.8  3.350E-01 1.683E+00 1.486E+00 8.834E-01
 605 4073.3  3.294E-01 1.648E+00 1.462E+00 8.871E-01
 606 4090.0  3.239E-01 1.747E+00 1.556E+00 8.905E-01
 607 4106.8  3.184E-01 1.639E+00 1.465E+00 8.941E-01
 608 4123.7  3.130E-01 1.809E+00 1.624E+00 8.974E-01
 609 4140.8  3.076E-01 1.772E+00 1.596E+00 9.007E-01
 610 4158.0  3.024E-01 1.822E+00 1.647E+00 9.041E-01
 611 4175.4  2.972E-01 1.729E+00 1.569E+00 9.073E-01
 612 4192.9  2.921E-01 1.738E+00 1.582E+00 9.105E-01
 613 4210.5  2.870E-01 1.775E+00 1.621E+00 9.136E-01
 614 4228.4  2.820E-01 1.728E+00 1.584E+00 9.166E-01
 615 4246.3  2.771E-01 1.779E+00 1.636E+00 9.196E-01
 616 4264.4  2.723E-01 1.730E+00 1.596E+00 9.226E-01
 617 4282.6  2.675E-01 1.638E+00 1.516E+00 9.258E-01
 618 4301.1  2.628E-01 1.371E+00 1.274E+00 9.288E-01
 619 4319.6  2.581E-01 1.606E+00 1.496E+00 9.317E-01
 620 4338.4  2.535E-01 1.678E+00 1.568E+00 9.346E-01
 621 4357.3  2.490E-01 1.819E+00 1.706E+00 9.376E-01
 622 4376.4  2.445E-01 1.731E+00 1.628E+00 9.404E-01
 623 4395.6  2.401E-01 1.817E+00 1.713E+00 9.430E-01
 624 4415.1  2.358E-01 1.935E+00 1.829E+00 9.456E-01
 625 4434.6  2.315E-01 1.972E+00 1.870E+00 9.483E-01
 626 4454.4  2.273E-01 1.905E+00 1.812E+00 9.513E-01
 627 4474.3  2.232E-01 2.009E+00 1.917E+00 9.543E-01
 628 4494.4  2.191E-01 2.061E+00 1.972E+00 9.568E-01
 629 4514.7  2.150E-01 2.154E+00 2.067E+00 9.594E-01
 630 4535.2  2.110E-01 2.000E+00 1.925E+00 9.622E-01
 631 4555.9  2.071E-01 2.080E+00 2.007E+00 9.647E-01
 632 4576.7  2.032E-01 2.094E+00 2.024E+00 9.668E-01
 633 4597.8  1.994E-01 2.078E+00 2.013E+00 9.686E-01
 634 4619.0  1.957E-01 2.131E+00 2.069E+00 9.708E-01
 635 4640.4  1.920E-01 2.077E+00 2.023E+00 9.737E-01
 636 4662.0  1.883E-01 2.031E+00 1.984E+00 9.767E-01
 637 4683.9  1.847E-01 2.048E+00 2.005E+00 9.790E-01
 638 4705.9  1.812E-01 2.010E+00 1.972E+00 9.812E-01
 639 4728.1  1.777E-01 2.077E+00 2.043E+00 9.836E-01
 640 4750.6  1.743E-01 2.112E+00 2.082E+00 9.857E-01
 641 4773.3  1.709E-01 2.090E+00 2.063E+00 9.869E-01
 642 4796.2  1.676E-01 2.099E+00 2.073E+00 9.877E-01
 643 4819.3  1.643E-01 2.111E+00 2.087E+00 9.890E-01
 644 4842.6  1.611E-01 2.041E+00 2.023E+00 9.914E-01
 645 4866.2  1.579E-01 1.771E+00 1.761E+00 9.945E-01
 646 4890.0  1.547E-01 1.997E+00 1.990E+00 9.968E-01
 647 4914.1  1.516E-01 1.971E+00 1.968E+00 9.985E-01
 648 4938.3  1.486E-01 2.008E+00 2.009E+00 1.000E+00
 649 4962.8  1.456E-01 2.024E+00 2.028E+00 1.002E+00
 650 4987.6  1.427E-01 1.974E+00 1.979E+00 1.003E+00
 651 5012.6  1.398E-01 1.869E+00 1.873E+00 1.002E+00
 652 5037.8  1.369E-01 1.942E+00 1.946E+00 1.002E+00
 653 5063.3  1.341E-01 1.979E+00 1.984E+00 1.003E+00
 654 5089.1  1.314E-01 1.877E+00 1.888E+00 1.006E+00
 655 5115.1  1.286E-01 1.944E+00 1.960E+00 1.008E+00
 656 5141.4  1.260E-01 1.856E+00 1.873E+00 1.010E+00
 657 5168.0  1.233E-01 1.760E+00 1.779E+00 1.011E+00
 658 5194.8  1.207E-01 1.780E+00 1.801E+00 1.012E+00
 659 5222.0  1.182E-01 1.847E+00 1.869E+00 1.012E+00
 660 5249.4  1.157E-01 1.914E+00 1.936E+00 1.011E+00
 661 5277.1  1.132E-01 1.801E+00 1.818E+00 1.010E+00
 662 5305.1  1.108E-01 1.937E+00 1.954E+00 1.009E+00
 663 5333.4  1.084E-01 1.855E+00 1.872E+00 1.009E+00
 664 5362.0  1.061E-01 1.905E+00 1.925E+00 1.011E+00
 665 5390.9  1.038E-01 1.878E+00 1.900E+00 1.012E+00
 666 5420.1  1.015E-01 1.842E+00 1.865E+00 1.012E+00
 667 5449.6  9.925E-02 1.901E+00 1.924E+00 1.012E+00
 668 5479.5  9.706E-02 1.888E+00 1.912E+00 1.013E+00
 669 5509.7  9.491E-02 1.898E+00 1.923E+00 1.013E+00
 670 5540.2  9.279E-02 1.890E+00 1.916E+00 1.014E+00
 671 5571.1  9.071E-02 1.853E+00 1.877E+00 1.013E+00
 672 5602.3  8.867E-02 1.813E+00 1.834E+00 1.011E+00
 673 5633.9  8.666E-02 1.855E+00 1.873E+00 1.010E+00
 674 5665.8  8.468E-02 1.818E+00 1.834E+00 1.009E+00
 675 5698.1  8.274E-02 1.795E+00 1.809E+00 1.008E+00
 676 5730.7  8.084E-02 1.863E+00 1.878E+00 1.008E+00
 677 5763.7  7.897E-02 1.835E+00 1.853E+00 1.010E+00
 678 5797.1  7.713E-02 1.814E+00 1.837E+00 1.013E+00
 679 5831.0  7.532E-02 1.847E+00 1.877E+00 1.016E+00
 680 5865.2  7.355E-02 1.806E+00 1.839E+00 1.018E+00
 681 5899.8  7.181E-02 1.727E+00 1.761E+00 1.020E+00
 682 5934.8  7.010E-02 1.787E+00 1.821E+00 1.019E+00
 683 5970.2  6.842E-02 1.773E+00 1.803E+00 1.017E+00
 684 6006.1  6.678E-02 1.741E+00 1.768E+00 1.016E+00
 685 6042.4  6.516E-02 1.754E+00 1.784E+00 1.017E+00
 686 6079.1  6.357E-02 1.748E+00 1.785E+00 1.021E+00
 687 6116.3  6.201E-02 1.724E+00 1.769E+00 1.026E+00
 688 6153.9  6.049E-02 1.670E+00 1.722E+00 1.031E+00
 689 6192.0  5.899E-02 1.699E+00 1.760E+00 1.036E+00
 690 6230.6  5.752E-02 1.666E+00 1.732E+00 1.040E+00
 691 6269.6  5.608E-02 1.673E+00 1.746E+00 1.043E+00
 692 6309.2  5.466E-02 1.657E+00 1.735E+00 1.047E+00
 693 6349.2  5.328E-02 1.643E+00 1.727E+00 1.051E+00
 694 6389.9  5.192E-02 1.641E+00 1.732E+00 1.056E+00
 695 6431.0  5.058E-02 1.613E+00 1.710E+00 1.060E+00
 696 6472.6  4.928E-02 1.610E+00 1.713E+00 1.064E+00
 697 6514.7  4.800E-02 1.583E+00 1.690E+00 1.067E+00
 698 6557.4  4.674E-02 1.463E+00 1.566E+00 1.071E+00
 699 6600.7  4.551E-02 1.553E+00 1.668E+00 1.074E+00
 700 6644.6  4.431E-02 1.532E+00 1.651E+00 1.078E+00
 701 6689.0  4.312E-02 1.539E+00 1.665E+00 1.081E+00
 702 6734.1  4.197E-02 1.537E+00 1.667E+00 1.085E+00
 703 6779.8  4.083E-02 1.514E+00 1.647E+00 1.088E+00
 704 6826.0  3.973E-02 1.492E+00 1.628E+00 1.091E+00
 705 6873.0  3.864E-02 1.496E+00 1.636E+00 1.094E+00
 706 6920.5  3.757E-02 1.465E+00 1.606E+00 1.096E+00
 707 6968.7  3.654E-02 1.463E+00 1.608E+00 1.099E+00
 708 7017.6  3.552E-02 1.446E+00 1.593E+00 1.102E+00
 709 7067.2  3.452E-02 1.441E+00 1.591E+00 1.104E+00
 710 7117.5  3.354E-02 1.402E+00 1.550E+00 1.106E+00
 711 7168.5  3.259E-02 1.370E+00 1.517E+00 1.107E+00
 712 7220.3  3.165E-02 1.360E+00 1.509E+00 1.109E+00
 713 7272.9  3.074E-02 1.338E+00 1.487E+00 1.111E+00
 714 7326.1  2.985E-02 1.333E+00 1.484E+00 1.113E+00
 715 7380.1  2.897E-02 1.306E+00 1.455E+00 1.114E+00
 716 7435.0  2.812E-02 1.291E+00 1.439E+00 1.115E+00
 717 7490.8  2.728E-02 1.286E+00 1.435E+00 1.116E+00
 718 7547.3  2.647E-02 1.277E+00 1.428E+00 1.118E+00
 719 7604.7  2.567E-02 1.251E+00 1.401E+00 1.120E+00
 720 7663.0  2.489E-02 1.225E+00 1.374E+00 1.121E+00
 721 7722.1  2.413E-02 1.207E+00 1.354E+00 1.122E+00
 722 7782.2  2.339E-02 1.191E+00 1.336E+00 1.122E+00
 723 7843.2  2.266E-02 1.173E+00 1.317E+00 1.123E+00
 724 7905.2  2.196E-02 1.159E+00 1.304E+00 1.125E+00
 725 7968.2  2.127E-02 1.138E+00 1.282E+00 1.126E+00
 726 8032.2  2.059E-02 1.128E+00 1.272E+00 1.127E+00
 727 8097.3  1.993E-02 1.118E+00 1.260E+00 1.128E+00
 728 8163.4  1.929E-02 1.105E+00 1.246E+00 1.128E+00
 729 8230.6  1.866E-02 1.076E+00 1.215E+00 1.129E+00
 730 8298.9  1.805E-02 1.066E+00 1.206E+00 1.131E+00
 731 8368.3  1.746E-02 1.043E+00 1.181E+00 1.132E+00
 732 8439.0  1.688E-02 1.027E+00 1.163E+00 1.132E+00
 733 8510.8  1.631E-02 9.429E-01 1.068E+00 1.132E+00
 734 8583.9  1.576E-02 9.775E-01 1.108E+00 1.133E+00
 735 8658.2  1.522E-02 9.655E-01 1.095E+00 1.134E+00
 736 8733.8  1.470E-02 9.832E-01 1.116E+00 1.135E+00
 737 8810.8  1.419E-02 9.527E-01 1.082E+00 1.136E+00
 738 8889.1  1.369E-02 9.335E-01 1.061E+00 1.136E+00
 739 8968.8  1.321E-02 9.153E-01 1.041E+00 1.137E+00
 740 9050.0  1.274E-02 8.918E-01 1.014E+00 1.138E+00
 741 9132.6  1.228E-02 8.811E-01 1.003E+00 1.138E+00
 742 9216.8  1.184E-02 8.526E-01 9.711E-01 1.139E+00
 743 9302.5  1.141E-02 8.536E-01 9.727E-01 1.140E+00
 744 9389.9  1.099E-02 8.303E-01 9.465E-01 1.140E+00
 745 9478.9  1.058E-02 8.202E-01 9.353E-01 1.140E+00
 746 9569.6  1.018E-02 7.969E-01 9.092E-01 1.141E+00
 747 9662.0  9.797E-03 7.851E-01 8.962E-01 1.142E+00
 748 9756.3  9.423E-03 7.699E-01 8.792E-01 1.142E+00
 749 9852.5  9.060E-03 7.565E-01 8.642E-01 1.142E+00
 750 9950.5  8.707E-03 7.427E-01 8.489E-01 1.143E+00


 PHOTOLYSIS RATES

     Z      PO2_O1D    PO2_O3P    PH2O_1     PH2O_2     PH2O_3     PO3_O1D    PO3_O      PO3_3O     
 2.50E+04   0.00E+00   5.57E-29   6.65E-30   0.00E+00   0.00E+00   6.85E-06   2.03E-04   2.02E-31
 1.75E+05   0.00E+00   1.18E-26   2.68E-27   0.00E+00   0.00E+00   7.93E-06   2.09E-04   1.00E-26
 3.25E+05   0.00E+00   1.52E-24   6.79E-25   0.00E+00   0.00E+00   8.85E-06   2.15E-04   2.94E-23
 4.75E+05   0.00E+00   1.13E-22   8.58E-23   0.00E+00   0.00E+00   9.65E-06   2.21E-04   1.14E-20
 6.25E+05   0.00E+00   4.99E-21   5.47E-21   0.00E+00   0.00E+00   1.03E-05   2.26E-04   1.25E-18
 7.75E+05   0.00E+00   1.38E-19   1.94E-19   0.00E+00   0.00E+00   1.10E-05   2.31E-04   6.09E-17
 9.25E+05   0.00E+00   2.49E-18   4.19E-18   0.00E+00   0.00E+00   1.16E-05   2.35E-04   1.65E-15
 1.08E+06   0.00E+00   2.99E-17   5.81E-17   0.00E+00   0.00E+00   1.22E-05   2.39E-04   2.75E-14
 1.22E+06   0.00E+00   2.32E-16   5.06E-16   0.00E+00   0.00E+00   1.30E-05   2.42E-04   2.75E-13
 1.38E+06   0.00E+00   1.26E-15   3.00E-15   0.00E+00   0.00E+00   1.37E-05   2.46E-04   1.82E-12
 1.52E+06   0.00E+00   5.31E-15   1.35E-14   0.00E+00   0.00E+00   1.47E-05   2.50E-04   8.87E-12
 1.68E+06   0.00E+00   1.86E-14   4.95E-14   0.00E+00   0.00E+00   1.60E-05   2.54E-04   3.48E-11
 1.82E+06   0.00E+00   5.72E-14   1.57E-13   0.00E+00   0.00E+00   1.77E-05   2.57E-04   1.16E-10
 1.98E+06   0.00E+00   1.58E-13   4.41E-13   0.00E+00   0.00E+00   2.03E-05   2.60E-04   3.37E-10
 2.12E+06   0.00E+00   3.98E-13   1.14E-12   0.00E+00   0.00E+00   2.38E-05   2.63E-04   8.82E-10
 2.28E+06   0.00E+00   9.24E-13   2.71E-12   0.00E+00   0.00E+00   2.87E-05   2.66E-04   2.10E-09
 2.42E+06   0.00E+00   1.99E-12   6.04E-12   0.00E+00   0.00E+00   3.55E-05   2.69E-04   4.56E-09
 2.58E+06   0.00E+00   4.01E-12   1.26E-11   0.00E+00   0.00E+00   4.50E-05   2.72E-04   9.11E-09
 2.72E+06   0.00E+00   7.54E-12   2.43E-11   0.00E+00   0.00E+00   5.81E-05   2.76E-04   1.68E-08
 2.88E+06   2.19-145   1.33E-11   4.37E-11   9.90-143   1.49-142   7.65E-05   2.79E-04   2.85E-08
 3.02E+06   1.93-119   2.20E-11   7.34E-11   8.72-117   1.31-116   1.02E-04   2.84E-04   4.49E-08
 3.18E+06   7.51E-99   3.45E-11   1.16E-10   3.40E-96   5.10E-96   1.36E-04   2.89E-04   6.60E-08
 3.32E+06   1.60E-82   5.12E-11   1.77E-10   7.23E-80   1.08E-79   1.82E-04   2.95E-04   9.14E-08
 3.48E+06   1.46E-69   7.24E-11   2.61E-10   6.63E-67   9.94E-67   2.41E-04   3.02E-04   1.20E-07
 3.62E+06   3.06E-59   9.83E-11   3.77E-10   1.39E-56   2.08E-56   3.18E-04   3.12E-04   1.52E-07
 3.78E+06   5.45E-51   1.29E-10   5.30E-10   2.47E-48   3.70E-48   4.24E-04   3.24E-04   1.86E-07
 3.92E+06   2.28E-44   1.63E-10   7.26E-10   1.03E-41   1.55E-41   5.76E-04   3.41E-04   2.22E-07
 4.08E+06   4.95E-39   2.00E-10   9.65E-10   2.24E-36   3.36E-36   7.99E-04   3.67E-04   2.57E-07
 4.22E+06   1.04E-34   2.37E-10   1.24E-09   4.72E-32   7.09E-32   1.10E-03   4.01E-04   2.92E-07
 4.38E+06   3.58E-31   2.74E-10   1.56E-09   1.62E-28   2.43E-28   1.47E-03   4.42E-04   3.26E-07
 4.52E+06   3.08E-28   3.08E-10   1.90E-09   1.39E-25   2.09E-25   1.87E-03   4.86E-04   3.59E-07
 4.68E+06   9.12E-26   3.39E-10   2.28E-09   4.13E-23   6.20E-23   2.26E-03   5.30E-04   3.90E-07
 4.82E+06   1.14E-23   3.68E-10   2.68E-09   5.17E-21   7.76E-21   2.60E-03   5.69E-04   4.21E-07
 4.98E+06   6.76E-22   3.96E-10   3.14E-09   3.06E-19   4.60E-19   2.89E-03   6.01E-04   4.49E-07
 5.12E+06   2.07E-20   4.23E-10   3.67E-09   9.39E-18   1.41E-17   3.13E-03   6.27E-04   4.77E-07
 5.28E+06   3.59E-19   4.52E-10   4.32E-09   1.63E-16   2.44E-16   3.31E-03   6.48E-04   5.03E-07
 5.42E+06   3.82E-18   4.83E-10   5.16E-09   1.73E-15   2.59E-15   3.44E-03   6.63E-04   5.29E-07
 5.58E+06   2.69E-17   5.18E-10   6.24E-09   1.22E-14   1.83E-14   3.54E-03   6.74E-04   5.55E-07
 5.72E+06   1.34E-16   5.57E-10   7.59E-09   6.08E-14   9.13E-14   3.61E-03   6.82E-04   5.79E-07
 5.88E+06   5.04E-16   6.00E-10   9.21E-09   2.28E-13   3.42E-13   3.66E-03   6.88E-04   6.04E-07
 6.02E+06   1.51E-15   6.48E-10   1.11E-08   6.78E-13   1.02E-12   3.70E-03   6.92E-04   6.27E-07
 6.18E+06   4.06E-15   7.01E-10   1.32E-08   1.73E-12   2.59E-12   3.73E-03   6.95E-04   6.50E-07
 6.32E+06   1.43E-14   7.63E-10   1.55E-08   4.77E-12   7.16E-12   3.75E-03   6.98E-04   6.72E-07
 6.48E+06   7.94E-14   8.34E-10   1.82E-08   1.94E-11   2.91E-11   3.76E-03   6.99E-04   6.94E-07
 6.62E+06   4.43E-13   9.18E-10   2.16E-08   9.42E-11   1.41E-10   3.77E-03   7.00E-04   7.16E-07
 6.78E+06   1.96E-12   1.02E-09   2.73E-08   3.98E-10   5.97E-10   3.77E-03   7.01E-04   7.41E-07
 6.92E+06   6.79E-12   1.15E-09   3.85E-08   1.35E-09   2.02E-09   3.77E-03   7.01E-04   7.74E-07
 7.08E+06   1.90E-11   1.32E-09   6.11E-08   3.71E-09   5.56E-09   3.78E-03   7.02E-04   8.27E-07
 7.22E+06   4.42E-11   1.54E-09   1.03E-07   8.52E-09   1.28E-08   3.78E-03   7.02E-04   9.13E-07
 7.38E+06   8.85E-11   1.87E-09   1.74E-07   1.68E-08   2.52E-08   3.78E-03   7.02E-04   1.05E-06
 7.52E+06   1.56E-10   2.31E-09   2.77E-07   2.93E-08   4.40E-08   3.78E-03   7.02E-04   1.24E-06
 7.68E+06   2.47E-10   2.91E-09   4.14E-07   4.59E-08   6.88E-08   3.78E-03   7.02E-04   1.49E-06
 7.82E+06   3.57E-10   3.69E-09   5.78E-07   6.58E-08   9.87E-08   3.78E-03   7.02E-04   1.79E-06
 7.98E+06   4.82E-10   4.68E-09   7.62E-07   8.80E-08   1.32E-07   3.78E-03   7.02E-04   2.11E-06
 8.12E+06   6.16E-10   5.92E-09   9.56E-07   1.11E-07   1.67E-07   3.78E-03   7.02E-04   2.45E-06
 8.28E+06   7.59E-10   7.43E-09   1.15E-06   1.34E-07   2.01E-07   3.78E-03   7.02E-04   2.80E-06
 8.42E+06   9.28E-10   9.26E-09   1.35E-06   1.57E-07   2.35E-07   3.78E-03   7.02E-04   3.13E-06
 8.58E+06   1.16E-09   1.15E-08   1.54E-06   1.78E-07   2.68E-07   3.78E-03   7.02E-04   3.46E-06
 8.72E+06   1.50E-09   1.43E-08   1.74E-06   2.00E-07   3.00E-07   3.78E-03   7.02E-04   3.79E-06
 8.88E+06   2.03E-09   1.79E-08   1.94E-06   2.21E-07   3.32E-07   3.78E-03   7.03E-04   4.13E-06
 9.02E+06   2.86E-09   2.25E-08   2.16E-06   2.44E-07   3.65E-07   3.79E-03   7.03E-04   4.49E-06
 9.18E+06   4.39E-09   2.83E-08   2.40E-06   2.67E-07   4.00E-07   3.79E-03   7.03E-04   4.87E-06
 9.32E+06   7.76E-09   3.55E-08   2.66E-06   2.92E-07   4.35E-07   3.79E-03   7.03E-04   5.27E-06
 9.48E+06   1.60E-08   4.41E-08   2.96E-06   3.17E-07   4.70E-07   3.79E-03   7.03E-04   5.68E-06
 9.62E+06   3.69E-08   5.39E-08   3.32E-06   3.43E-07   5.05E-07   3.79E-03   7.03E-04   6.12E-06
 9.78E+06   9.40E-08   6.53E-08   3.81E-06   3.70E-07   5.40E-07   3.79E-03   7.03E-04   6.58E-06
 9.92E+06   3.31E-07   8.29E-08   4.66E-06   4.01E-07   5.75E-07   3.79E-03   7.03E-04   7.14E-06

     Z      PH2O2      PCO2_1     PCO2_2     PH2CO_1    PH2CO_2    PHO2       PCH4_1     PCH4_2     
 2.50E+04   1.96E-06   2.51E-36   0.00E+00   1.66E-05   9.65E-06   4.34E-23   0.00E+00   0.00E+00
 1.75E+05   2.20E-06   1.81E-31   0.00E+00   1.90E-05   1.12E-05   9.05E-21   0.00E+00   0.00E+00
 3.25E+05   2.41E-06   5.77E-28   0.00E+00   2.12E-05   1.27E-05   1.14E-18   0.00E+00   0.00E+00
 4.75E+05   2.57E-06   2.27E-25   0.00E+00   2.31E-05   1.40E-05   8.28E-17   0.00E+00   0.00E+00
 6.25E+05   2.70E-06   2.47E-23   0.00E+00   2.49E-05   1.52E-05   3.60E-15   0.00E+00   0.00E+00
 7.75E+05   2.80E-06   1.19E-21   0.00E+00   2.65E-05   1.63E-05   9.82E-14   0.00E+00   0.00E+00
 9.25E+05   2.89E-06   3.20E-20   0.00E+00   2.80E-05   1.73E-05   1.75E-12   0.00E+00   0.00E+00
 1.08E+06   2.99E-06   5.29E-19   0.00E+00   2.93E-05   1.82E-05   2.08E-11   0.00E+00   0.00E+00
 1.22E+06   3.11E-06   5.30E-18   0.00E+00   3.04E-05   1.90E-05   1.60E-10   0.00E+00   0.00E+00
 1.38E+06   3.23E-06   3.50E-17   0.00E+00   3.14E-05   1.97E-05   8.66E-10   0.00E+00   0.00E+00
 1.52E+06   3.35E-06   1.71E-16   0.00E+00   3.24E-05   2.05E-05   3.63E-09   0.00E+00   0.00E+00
 1.68E+06   3.47E-06   6.69E-16   0.00E+00   3.33E-05   2.13E-05   1.27E-08   0.00E+00   0.00E+00
 1.82E+06   3.61E-06   2.23E-15   0.00E+00   3.41E-05   2.21E-05   3.86E-08   0.00E+00   0.00E+00
 1.98E+06   3.77E-06   6.58E-15   0.00E+00   3.49E-05   2.29E-05   1.06E-07   0.00E+00   0.00E+00
 2.12E+06   3.95E-06   1.77E-14   0.00E+00   3.56E-05   2.39E-05   2.65E-07   0.00E+00   0.00E+00
 2.28E+06   4.18E-06   4.43E-14   0.00E+00   3.62E-05   2.49E-05   6.12E-07   0.00E+00   0.00E+00
 2.42E+06   4.48E-06   1.04E-13   0.00E+00   3.69E-05   2.61E-05   1.31E-06   0.00E+00   0.00E+00
 2.58E+06   4.87E-06   2.25E-13   0.00E+00   3.75E-05   2.74E-05   2.63E-06   0.00E+00   0.00E+00
 2.72E+06   5.40E-06   4.50E-13   0.00E+00   3.82E-05   2.89E-05   4.93E-06   0.00E+00   0.00E+00
 2.88E+06   6.12E-06   8.30E-13   4.40-144   3.89E-05   3.04E-05   8.69E-06   3.57-142   6.93-142
 3.02E+06   7.07E-06   1.41E-12   3.87-118   3.96E-05   3.21E-05   1.44E-05   3.14-116   6.11-116
 3.18E+06   8.30E-06   2.25E-12   1.51E-97   4.03E-05   3.39E-05   2.26E-05   1.23E-95   2.38E-95
 3.32E+06   9.82E-06   3.36E-12   3.21E-81   4.10E-05   3.57E-05   3.36E-05   2.61E-79   5.06E-79
 3.48E+06   1.17E-05   4.80E-12   2.94E-68   4.17E-05   3.74E-05   4.76E-05   2.39E-66   4.64E-66
 3.62E+06   1.38E-05   6.60E-12   6.16E-58   4.24E-05   3.91E-05   6.48E-05   5.00E-56   9.71E-56
 3.78E+06   1.63E-05   8.79E-12   1.10E-49   4.30E-05   4.07E-05   8.52E-05   8.90E-48   1.73E-47
 3.92E+06   1.92E-05   1.14E-11   4.59E-43   4.37E-05   4.22E-05   1.08E-04   3.73E-41   7.23E-41
 4.08E+06   2.25E-05   1.43E-11   9.95E-38   4.43E-05   4.36E-05   1.34E-04   8.08E-36   1.57E-35
 4.22E+06   2.63E-05   1.75E-11   2.10E-33   4.48E-05   4.48E-05   1.60E-04   1.70E-31   3.31E-31
 4.38E+06   3.03E-05   2.10E-11   7.20E-30   4.53E-05   4.58E-05   1.86E-04   5.85E-28   1.14E-27
 4.52E+06   3.41E-05   2.47E-11   6.19E-27   4.58E-05   4.66E-05   2.09E-04   5.02E-25   9.75E-25
 4.68E+06   3.77E-05   2.85E-11   1.83E-24   4.62E-05   4.72E-05   2.28E-04   1.49E-22   2.89E-22
 4.82E+06   4.07E-05   3.25E-11   2.30E-22   4.65E-05   4.77E-05   2.45E-04   1.86E-20   3.62E-20
 4.98E+06   4.32E-05   3.66E-11   1.36E-20   4.67E-05   4.81E-05   2.58E-04   1.10E-18   2.14E-18
 5.12E+06   4.52E-05   4.10E-11   4.17E-19   4.69E-05   4.84E-05   2.69E-04   3.39E-17   6.57E-17
 5.28E+06   4.68E-05   4.57E-11   7.22E-18   4.70E-05   4.86E-05   2.77E-04   5.86E-16   1.14E-15
 5.42E+06   4.79E-05   5.09E-11   7.67E-17   4.72E-05   4.88E-05   2.83E-04   6.23E-15   1.21E-14
 5.58E+06   4.88E-05   5.68E-11   5.41E-16   4.72E-05   4.89E-05   2.87E-04   4.39E-14   8.52E-14
 5.72E+06   4.95E-05   6.33E-11   2.70E-15   4.73E-05   4.90E-05   2.91E-04   2.19E-13   4.26E-13
 5.88E+06   4.99E-05   7.05E-11   1.01E-14   4.73E-05   4.90E-05   2.93E-04   8.23E-13   1.60E-12
 6.02E+06   5.03E-05   7.83E-11   3.01E-14   4.74E-05   4.91E-05   2.95E-04   2.45E-12   4.74E-12
 6.18E+06   5.06E-05   8.67E-11   7.74E-14   4.74E-05   4.91E-05   2.97E-04   6.31E-12   1.19E-11
 6.32E+06   5.07E-05   9.56E-11   2.22E-13   4.74E-05   4.91E-05   2.98E-04   1.84E-11   3.05E-11
 6.48E+06   5.09E-05   1.05E-10   9.62E-13   4.74E-05   4.91E-05   2.99E-04   8.16E-11   1.08E-10
 6.62E+06   5.10E-05   1.15E-10   4.83E-12   4.74E-05   4.92E-05   3.00E-04   4.14E-10   4.82E-10
 6.78E+06   5.11E-05   1.26E-10   2.06E-11   4.74E-05   4.92E-05   3.01E-04   1.77E-09   1.98E-09
 6.92E+06   5.11E-05   1.38E-10   7.00E-11   4.74E-05   4.92E-05   3.01E-04   6.03E-09   6.62E-09
 7.08E+06   5.12E-05   1.52E-10   1.92E-10   4.74E-05   4.92E-05   3.01E-04   1.66E-08   1.81E-08
 7.22E+06   5.13E-05   1.67E-10   4.42E-10   4.75E-05   4.92E-05   3.02E-04   3.80E-08   4.14E-08
 7.38E+06   5.14E-05   1.86E-10   8.73E-10   4.75E-05   4.92E-05   3.02E-04   7.50E-08   8.15E-08
 7.52E+06   5.15E-05   2.07E-10   1.52E-09   4.75E-05   4.93E-05   3.02E-04   1.30E-07   1.42E-07
 7.68E+06   5.17E-05   2.33E-10   2.38E-09   4.76E-05   4.93E-05   3.03E-04   2.04E-07   2.21E-07
 7.82E+06   5.19E-05   2.63E-10   3.41E-09   4.77E-05   4.94E-05   3.03E-04   2.92E-07   3.17E-07
 7.98E+06   5.21E-05   2.97E-10   4.56E-09   4.77E-05   4.95E-05   3.03E-04   3.90E-07   4.23E-07
 8.12E+06   5.24E-05   3.35E-10   5.76E-09   4.78E-05   4.96E-05   3.04E-04   4.93E-07   5.33E-07
 8.28E+06   5.26E-05   3.79E-10   6.96E-09   4.79E-05   4.97E-05   3.04E-04   5.95E-07   6.44E-07
 8.42E+06   5.28E-05   4.27E-10   8.14E-09   4.80E-05   4.97E-05   3.04E-04   6.95E-07   7.51E-07
 8.58E+06   5.31E-05   4.80E-10   9.29E-09   4.81E-05   4.98E-05   3.04E-04   7.92E-07   8.56E-07
 8.72E+06   5.33E-05   5.39E-10   1.05E-08   4.82E-05   4.99E-05   3.05E-04   8.90E-07   9.63E-07
 8.88E+06   5.35E-05   6.08E-10   1.17E-08   4.82E-05   5.00E-05   3.05E-04   9.93E-07   1.07E-06
 9.02E+06   5.38E-05   6.89E-10   1.31E-08   4.83E-05   5.01E-05   3.05E-04   1.10E-06   1.19E-06
 9.18E+06   5.41E-05   7.90E-10   1.47E-08   4.85E-05   5.02E-05   3.05E-04   1.22E-06   1.32E-06
 9.32E+06   5.43E-05   9.23E-10   1.66E-08   4.86E-05   5.04E-05   3.06E-04   1.34E-06   1.45E-06
 9.48E+06   5.47E-05   1.13E-09   1.89E-08   4.89E-05   5.06E-05   3.06E-04   1.48E-06   1.59E-06
 9.62E+06   5.50E-05   1.50E-09   2.16E-08   4.92E-05   5.10E-05   3.06E-04   1.62E-06   1.74E-06
 9.78E+06   5.55E-05   2.28E-09   2.53E-08   4.98E-05   5.15E-05   3.06E-04   1.77E-06   1.89E-06
 9.92E+06   5.63E-05   3.84E-09   3.53E-08   5.05E-05   5.22E-05   3.07E-04   1.95E-06   2.06E-06

     Z      PCH4_3     PC2H6_1    PC2H6_2    PHNO2_1    PHNO3      PHNO3_3    PHNO3_1    PNO        
 2.50E+04   0.00E+00   0.00E+00   0.00E+00   5.40E-04   1.49E-07   1.77E-31   1.27E-31   0.00E+00
 1.75E+05   0.00E+00   0.00E+00   0.00E+00   6.00E-04   1.67E-07   1.51E-26   1.09E-26   0.00E+00
 3.25E+05   0.00E+00   0.00E+00   0.00E+00   6.53E-04   1.80E-07   4.93E-23   3.54E-23   0.00E+00
 4.75E+05   0.00E+00   0.00E+00   0.00E+00   7.01E-04   1.88E-07   1.95E-20   1.40E-20   6.38-162
 6.25E+05   0.00E+00   0.00E+00   0.00E+00   7.44E-04   1.92E-07   2.13E-18   1.53E-18   3.37-125
 7.75E+05   0.00E+00   0.00E+00   0.00E+00   7.82E-04   1.92E-07   1.03E-16   7.41E-17   6.47-101
 9.25E+05   0.00E+00   0.00E+00   0.00E+00   8.17E-04   1.89E-07   2.81E-15   2.02E-15   3.36E-82
 1.08E+06   0.00E+00   0.00E+00   0.00E+00   8.49E-04   1.90E-07   4.76E-14   3.42E-14   3.27E-67
 1.22E+06   0.00E+00   0.00E+00   0.00E+00   8.75E-04   1.98E-07   4.94E-13   3.54E-13   3.22E-55
 1.38E+06   0.00E+00   0.00E+00   0.00E+00   8.99E-04   2.07E-07   3.38E-12   2.43E-12   1.06E-45
 1.52E+06   0.00E+00   0.00E+00   0.00E+00   9.21E-04   2.19E-07   1.70E-11   1.22E-11   3.71E-38
 1.68E+06   0.00E+00   0.00E+00   0.00E+00   9.40E-04   2.37E-07   6.87E-11   4.94E-11   3.57E-32
 1.82E+06   0.00E+00   0.00E+00   0.00E+00   9.56E-04   2.68E-07   2.37E-10   1.70E-10   2.07E-27
 1.98E+06   0.00E+00   0.00E+00   0.00E+00   9.69E-04   3.25E-07   7.30E-10   5.24E-10   1.33E-23
 2.12E+06   0.00E+00   0.00E+00   0.00E+00   9.79E-04   4.35E-07   2.09E-09   1.50E-09   1.54E-20
 2.28E+06   0.00E+00   0.00E+00   0.00E+00   9.88E-04   6.42E-07   5.61E-09   4.03E-09   4.76E-18
 2.42E+06   0.00E+00   0.00E+00   0.00E+00   9.94E-04   1.01E-06   1.41E-08   1.01E-08   5.26E-16
 2.58E+06   0.00E+00   0.00E+00   0.00E+00   1.00E-03   1.64E-06   3.28E-08   2.36E-08   2.55E-14
 2.72E+06   0.00E+00   0.00E+00   0.00E+00   1.01E-03   2.64E-06   6.97E-08   5.00E-08   6.26E-13
 2.88E+06   1.07-141   0.00E+00   7.05-143   1.01E-03   4.09E-06   1.35E-07   9.68E-08   8.59E-12
 3.02E+06   9.42-116   0.00E+00   6.21-117   1.02E-03   6.05E-06   2.38E-07   1.71E-07   7.22E-11
 3.18E+06   3.67E-95   0.00E+00   2.42E-96   1.02E-03   8.51E-06   3.89E-07   2.80E-07   4.03E-10
 3.32E+06   7.81E-79   0.00E+00   5.15E-80   1.03E-03   1.14E-05   5.93E-07   4.26E-07   1.61E-09
 3.48E+06   7.15E-66   0.00E+00   4.71E-67   1.04E-03   1.46E-05   8.53E-07   6.13E-07   4.93E-09
 3.62E+06   1.50E-55   0.00E+00   9.87E-57   1.05E-03   1.80E-05   1.17E-06   8.40E-07   1.22E-08
 3.78E+06   2.67E-47   0.00E+00   1.76E-48   1.06E-03   2.15E-05   1.54E-06   1.11E-06   2.56E-08
 3.92E+06   1.12E-40   0.00E+00   7.35E-42   1.07E-03   2.51E-05   1.95E-06   1.40E-06   4.71E-08
 4.08E+06   2.42E-35   0.00E+00   1.59E-36   1.08E-03   2.87E-05   2.40E-06   1.73E-06   7.84E-08
 4.22E+06   5.10E-31   0.00E+00   3.36E-32   1.09E-03   3.21E-05   2.87E-06   2.06E-06   1.20E-07
 4.38E+06   1.75E-27   0.00E+00   1.15E-28   1.10E-03   3.53E-05   3.35E-06   2.40E-06   1.73E-07
 4.52E+06   1.50E-24   0.00E+00   9.91E-26   1.11E-03   3.81E-05   3.83E-06   2.75E-06   2.36E-07
 4.68E+06   4.46E-22   0.00E+00   2.94E-23   1.12E-03   4.05E-05   4.30E-06   3.09E-06   3.10E-07
 4.82E+06   5.58E-20   0.00E+00   3.68E-21   1.13E-03   4.26E-05   4.77E-06   3.42E-06   3.93E-07
 4.98E+06   3.31E-18   0.00E+00   2.18E-19   1.14E-03   4.43E-05   5.23E-06   3.75E-06   4.84E-07
 5.12E+06   1.01E-16   0.00E+00   6.68E-18   1.15E-03   4.56E-05   5.68E-06   4.08E-06   5.83E-07
 5.28E+06   1.76E-15   0.00E+00   1.16E-16   1.15E-03   4.68E-05   6.13E-06   4.40E-06   6.88E-07
 5.42E+06   1.87E-14   0.00E+00   1.23E-15   1.15E-03   4.77E-05   6.58E-06   4.72E-06   7.98E-07
 5.58E+06   1.32E-13   0.00E+00   8.67E-15   1.16E-03   4.84E-05   7.02E-06   5.04E-06   9.14E-07
 5.72E+06   6.57E-13   0.00E+00   4.33E-14   1.16E-03   4.91E-05   7.46E-06   5.35E-06   1.03E-06
 5.88E+06   2.46E-12   0.00E+00   1.63E-13   1.16E-03   4.96E-05   7.89E-06   5.66E-06   1.15E-06
 6.02E+06   7.29E-12   0.00E+00   4.86E-13   1.16E-03   5.00E-05   8.31E-06   5.97E-06   1.28E-06
 6.18E+06   1.78E-11   0.00E+00   1.33E-12   1.16E-03   5.04E-05   8.72E-06   6.26E-06   1.40E-06
 6.32E+06   3.77E-11   0.00E+00   5.01E-12   1.16E-03   5.07E-05   9.12E-06   6.55E-06   1.53E-06
 6.48E+06   7.71E-11   0.00E+00   2.92E-11   1.16E-03   5.09E-05   9.50E-06   6.82E-06   1.65E-06
 6.62E+06   1.77E-10   0.00E+00   1.64E-10   1.16E-03   5.12E-05   9.86E-06   7.08E-06   1.77E-06
 6.78E+06   4.74E-10   0.00E+00   7.19E-10   1.16E-03   5.13E-05   1.02E-05   7.34E-06   1.90E-06
 6.92E+06   1.31E-09   0.00E+00   2.44E-09   1.16E-03   5.15E-05   1.06E-05   7.59E-06   2.03E-06
 7.08E+06   3.28E-09   0.00E+00   6.65E-09   1.16E-03   5.17E-05   1.09E-05   7.83E-06   2.16E-06
 7.22E+06   7.22E-09   0.00E+00   1.51E-08   1.16E-03   5.19E-05   1.13E-05   8.09E-06   2.30E-06
 7.38E+06   1.39E-08   0.00E+00   2.94E-08   1.16E-03   5.21E-05   1.16E-05   8.35E-06   2.45E-06
 7.52E+06   2.39E-08   0.00E+00   5.05E-08   1.16E-03   5.24E-05   1.20E-05   8.64E-06   2.62E-06
 7.68E+06   3.70E-08   0.00E+00   7.81E-08   1.16E-03   5.28E-05   1.25E-05   8.96E-06   2.80E-06
 7.82E+06   5.27E-08   0.00E+00   1.11E-07   1.16E-03   5.32E-05   1.29E-05   9.29E-06   3.01E-06
 7.98E+06   7.01E-08   0.00E+00   1.47E-07   1.16E-03   5.36E-05   1.34E-05   9.64E-06   3.22E-06
 8.12E+06   8.82E-08   0.00E+00   1.84E-07   1.16E-03   5.40E-05   1.39E-05   1.00E-05   3.45E-06
 8.28E+06   1.06E-07   0.00E+00   2.21E-07   1.16E-03   5.45E-05   1.44E-05   1.04E-05   3.68E-06
 8.42E+06   1.24E-07   0.00E+00   2.58E-07   1.16E-03   5.49E-05   1.50E-05   1.07E-05   3.92E-06
 8.58E+06   1.42E-07   0.00E+00   2.94E-07   1.16E-03   5.54E-05   1.55E-05   1.11E-05   4.17E-06
 8.72E+06   1.60E-07   0.00E+00   3.32E-07   1.16E-03   5.58E-05   1.60E-05   1.15E-05   4.41E-06
 8.88E+06   1.79E-07   0.00E+00   3.74E-07   1.16E-03   5.62E-05   1.65E-05   1.18E-05   4.66E-06
 9.02E+06   2.00E-07   0.00E+00   4.21E-07   1.16E-03   5.67E-05   1.70E-05   1.22E-05   4.92E-06
 9.18E+06   2.22E-07   0.00E+00   4.72E-07   1.16E-03   5.71E-05   1.75E-05   1.26E-05   5.18E-06
 9.32E+06   2.46E-07   0.00E+00   5.28E-07   1.16E-03   5.76E-05   1.81E-05   1.30E-05   5.45E-06
 9.48E+06   2.71E-07   0.00E+00   5.89E-07   1.16E-03   5.80E-05   1.86E-05   1.34E-05   5.74E-06
 9.62E+06   2.98E-07   0.00E+00   6.52E-07   1.16E-03   5.85E-05   1.92E-05   1.38E-05   6.08E-06
 9.78E+06   3.25E-07   0.00E+00   7.18E-07   1.16E-03   5.92E-05   1.99E-05   1.43E-05   6.52E-06
 9.92E+06   3.54E-07   0.00E+00   7.87E-07   1.16E-03   6.00E-05   2.10E-05   1.51E-05   7.22E-06

     Z      PNO2_O1D   PNO2       PCH3_1     PSO        PH2S       PSO2       PSO2_SO21  PSO2_SO23  
 2.50E+04   2.16E-24   3.57E-03   2.87E-23   5.68E-23   2.34E-14   3.16E-23   3.52E-05   4.27E-07
 1.75E+05   4.38E-22   3.92E-03   5.31E-21   1.31E-20   2.85E-14   7.30E-21   4.17E-05   4.71E-07
 3.25E+05   5.38E-20   4.23E-03   6.29E-19   1.80E-18   3.32E-14   1.02E-18   4.76E-05   5.10E-07
 4.75E+05   3.80E-18   4.50E-03   4.45E-17   1.41E-16   3.79E-14   8.22E-17   5.30E-05   5.45E-07
 6.25E+05   1.62E-16   4.75E-03   1.91E-15   6.48E-15   4.52E-14   3.86E-15   5.81E-05   5.77E-07
 7.75E+05   4.33E-15   4.98E-03   5.13E-14   1.84E-13   1.28E-13   1.11E-13   6.29E-05   6.05E-07
 9.25E+05   7.59E-14   5.18E-03   9.03E-13   3.38E-12   1.57E-12   2.07E-12   6.73E-05   6.31E-07
 1.08E+06   8.92E-13   5.36E-03   1.06E-11   4.11E-11   1.88E-11   2.54E-11   7.14E-05   6.53E-07
 1.22E+06   6.82E-12   5.51E-03   8.02E-11   3.23E-10   1.49E-10   2.01E-10   7.52E-05   6.73E-07
 1.38E+06   3.65E-11   5.65E-03   4.26E-10   1.76E-09   8.21E-10   1.10E-09   7.89E-05   6.90E-07
 1.52E+06   1.52E-10   5.78E-03   1.76E-09   7.44E-09   3.48E-09   4.65E-09   8.30E-05   7.06E-07
 1.68E+06   5.30E-10   5.90E-03   6.09E-09   2.60E-08   1.22E-08   1.63E-08   8.78E-05   7.20E-07
 1.82E+06   1.62E-09   5.99E-03   1.85E-08   7.95E-08   3.72E-08   4.97E-08   9.38E-05   7.31E-07
 1.98E+06   4.44E-09   6.07E-03   5.05E-08   2.17E-07   1.01E-07   1.35E-07   1.01E-04   7.40E-07
 2.12E+06   1.12E-08   6.13E-03   1.27E-07   5.39E-07   2.51E-07   3.34E-07   1.11E-04   7.47E-07
 2.28E+06   2.60E-08   6.18E-03   2.94E-07   1.23E-06   5.68E-07   7.56E-07   1.23E-04   7.52E-07
 2.42E+06   5.62E-08   6.22E-03   6.38E-07   2.59E-06   1.19E-06   1.58E-06   1.38E-04   7.56E-07
 2.58E+06   1.14E-07   6.25E-03   1.30E-06   5.07E-06   2.31E-06   3.07E-06   1.57E-04   7.59E-07
 2.72E+06   2.16E-07   6.28E-03   2.52E-06   9.24E-06   4.18E-06   5.56E-06   1.80E-04   7.61E-07
 2.88E+06   3.88E-07   6.31E-03   4.61E-06   1.57E-05   7.06E-06   9.39E-06   2.08E-04   7.63E-07
 3.02E+06   6.56E-07   6.34E-03   7.92E-06   2.49E-05   1.12E-05   1.48E-05   2.42E-04   7.64E-07
 3.18E+06   1.05E-06   6.36E-03   1.27E-05   3.69E-05   1.66E-05   2.19E-05   2.82E-04   7.66E-07
 3.32E+06   1.59E-06   6.38E-03   1.89E-05   5.16E-05   2.34E-05   3.06E-05   3.27E-04   7.66E-07
 3.48E+06   2.30E-06   6.39E-03   2.63E-05   6.81E-05   3.12E-05   4.05E-05   3.76E-04   7.67E-07
 3.62E+06   3.18E-06   6.41E-03   3.43E-05   8.59E-05   4.00E-05   5.11E-05   4.28E-04   7.68E-07
 3.78E+06   4.24E-06   6.42E-03   4.25E-05   1.04E-04   4.94E-05   6.21E-05   4.83E-04   7.68E-07
 3.92E+06   5.45E-06   6.44E-03   5.03E-05   1.22E-04   5.91E-05   7.28E-05   5.39E-04   7.68E-07
 4.08E+06   6.76E-06   6.45E-03   5.73E-05   1.39E-04   6.87E-05   8.29E-05   5.95E-04   7.69E-07
 4.22E+06   8.07E-06   6.46E-03   6.33E-05   1.53E-04   7.77E-05   9.18E-05   6.49E-04   7.69E-07
 4.38E+06   9.29E-06   6.46E-03   6.82E-05   1.66E-04   8.57E-05   9.95E-05   7.00E-04   7.69E-07
 4.52E+06   1.04E-05   6.47E-03   7.21E-05   1.76E-04   9.26E-05   1.06E-04   7.44E-04   7.69E-07
 4.68E+06   1.13E-05   6.48E-03   7.51E-05   1.85E-04   9.84E-05   1.11E-04   7.81E-04   7.69E-07
 4.82E+06   1.20E-05   6.48E-03   7.74E-05   1.91E-04   1.03E-04   1.15E-04   8.12E-04   7.69E-07
 4.98E+06   1.26E-05   6.48E-03   7.92E-05   1.97E-04   1.07E-04   1.19E-04   8.36E-04   7.69E-07
 5.12E+06   1.31E-05   6.49E-03   8.06E-05   2.01E-04   1.10E-04   1.21E-04   8.54E-04   7.69E-07
 5.28E+06   1.34E-05   6.49E-03   8.17E-05   2.05E-04   1.13E-04   1.24E-04   8.68E-04   7.69E-07
 5.42E+06   1.37E-05   6.49E-03   8.25E-05   2.08E-04   1.15E-04   1.26E-04   8.78E-04   7.70E-07
 5.58E+06   1.39E-05   6.49E-03   8.31E-05   2.10E-04   1.16E-04   1.27E-04   8.85E-04   7.70E-07
 5.72E+06   1.41E-05   6.49E-03   8.36E-05   2.12E-04   1.18E-04   1.28E-04   8.90E-04   7.70E-07
 5.88E+06   1.42E-05   6.49E-03   8.39E-05   2.14E-04   1.19E-04   1.30E-04   8.94E-04   7.70E-07
 6.02E+06   1.44E-05   6.49E-03   8.42E-05   2.16E-04   1.20E-04   1.30E-04   8.97E-04   7.70E-07
 6.18E+06   1.44E-05   6.49E-03   8.44E-05   2.17E-04   1.20E-04   1.31E-04   8.99E-04   7.70E-07
 6.32E+06   1.45E-05   6.49E-03   8.46E-05   2.18E-04   1.21E-04   1.32E-04   9.00E-04   7.70E-07
 6.48E+06   1.46E-05   6.49E-03   8.47E-05   2.19E-04   1.22E-04   1.33E-04   9.01E-04   7.70E-07
 6.62E+06   1.47E-05   6.50E-03   8.48E-05   2.19E-04   1.22E-04   1.33E-04   9.01E-04   7.70E-07
 6.78E+06   1.47E-05   6.50E-03   8.49E-05   2.20E-04   1.22E-04   1.34E-04   9.02E-04   7.70E-07
 6.92E+06   1.48E-05   6.50E-03   8.50E-05   2.21E-04   1.23E-04   1.34E-04   9.02E-04   7.70E-07
 7.08E+06   1.49E-05   6.50E-03   8.50E-05   2.21E-04   1.23E-04   1.35E-04   9.02E-04   7.70E-07
 7.22E+06   1.50E-05   6.50E-03   8.51E-05   2.21E-04   1.24E-04   1.35E-04   9.02E-04   7.70E-07
 7.38E+06   1.51E-05   6.50E-03   8.51E-05   2.22E-04   1.24E-04   1.36E-04   9.02E-04   7.70E-07
 7.52E+06   1.52E-05   6.50E-03   8.51E-05   2.22E-04   1.25E-04   1.36E-04   9.02E-04   7.70E-07
 7.68E+06   1.54E-05   6.50E-03   8.51E-05   2.22E-04   1.25E-04   1.37E-04   9.02E-04   7.70E-07
 7.82E+06   1.56E-05   6.50E-03   8.51E-05   2.23E-04   1.26E-04   1.38E-04   9.02E-04   7.70E-07
 7.98E+06   1.58E-05   6.50E-03   8.51E-05   2.23E-04   1.26E-04   1.38E-04   9.02E-04   7.70E-07
 8.12E+06   1.60E-05   6.50E-03   8.52E-05   2.23E-04   1.27E-04   1.39E-04   9.03E-04   7.70E-07
 8.28E+06   1.62E-05   6.50E-03   8.52E-05   2.23E-04   1.28E-04   1.40E-04   9.03E-04   7.70E-07
 8.42E+06   1.65E-05   6.50E-03   8.52E-05   2.23E-04   1.28E-04   1.41E-04   9.03E-04   7.70E-07
 8.58E+06   1.67E-05   6.50E-03   8.52E-05   2.23E-04   1.29E-04   1.42E-04   9.03E-04   7.70E-07
 8.72E+06   1.69E-05   6.50E-03   8.52E-05   2.24E-04   1.30E-04   1.43E-04   9.03E-04   7.70E-07
 8.88E+06   1.72E-05   6.50E-03   8.52E-05   2.24E-04   1.30E-04   1.43E-04   9.03E-04   7.70E-07
 9.02E+06   1.75E-05   6.50E-03   8.52E-05   2.24E-04   1.31E-04   1.44E-04   9.03E-04   7.70E-07
 9.18E+06   1.77E-05   6.50E-03   8.52E-05   2.24E-04   1.32E-04   1.45E-04   9.03E-04   7.70E-07
 9.32E+06   1.80E-05   6.50E-03   8.52E-05   2.24E-04   1.33E-04   1.46E-04   9.03E-04   7.70E-07
 9.48E+06   1.84E-05   6.50E-03   8.52E-05   2.24E-04   1.33E-04   1.47E-04   9.03E-04   7.70E-07
 9.62E+06   1.88E-05   6.50E-03   8.52E-05   2.24E-04   1.34E-04   1.48E-04   9.03E-04   7.70E-07
 9.78E+06   1.93E-05   6.50E-03   8.52E-05   2.24E-04   1.35E-04   1.49E-04   9.03E-04   7.70E-07
 9.92E+06   2.03E-05   6.50E-03   8.52E-05   2.25E-04   1.36E-04   1.50E-04   9.03E-04   7.70E-07

     Z      PS2        PS4        PS3        PS8L       PS8R       PS8        PSO3       PHSO       
 2.50E+04   2.81E-05   1.15E-01   5.35E-01   0.00E+00   0.00E+00   7.65E-14   6.47E-08   4.34E-23
 1.75E+05   3.32E-05   1.19E-01   5.75E-01   0.00E+00   0.00E+00   1.07E-13   7.55E-08   9.05E-21
 3.25E+05   3.78E-05   1.23E-01   6.10E-01   0.00E+00   0.00E+00   1.46E-13   8.51E-08   1.14E-18
 4.75E+05   4.20E-05   1.26E-01   6.42E-01   0.00E+00   0.00E+00   1.95E-13   9.40E-08   8.28E-17
 6.25E+05   4.59E-05   1.29E-01   6.70E-01   0.00E+00   0.00E+00   2.57E-13   1.02E-07   3.60E-15
 7.75E+05   4.96E-05   1.31E-01   6.96E-01   0.00E+00   0.00E+00   3.35E-13   1.10E-07   9.82E-14
 9.25E+05   5.30E-05   1.33E-01   7.19E-01   0.00E+00   0.00E+00   4.36E-13   1.16E-07   1.75E-12
 1.08E+06   5.62E-05   1.36E-01   7.40E-01   0.00E+00   0.00E+00   5.76E-13   1.23E-07   2.08E-11
 1.22E+06   5.90E-05   1.37E-01   7.58E-01   0.00E+00   0.00E+00   7.69E-13   1.28E-07   1.60E-10
 1.38E+06   6.18E-05   1.39E-01   7.74E-01   0.00E+00   0.00E+00   1.03E-12   1.34E-07   8.66E-10
 1.52E+06   6.48E-05   1.41E-01   7.89E-01   0.00E+00   0.00E+00   1.37E-12   1.39E-07   3.63E-09
 1.68E+06   6.83E-05   1.43E-01   8.02E-01   0.00E+00   0.00E+00   1.83E-12   1.46E-07   1.27E-08
 1.82E+06   7.24E-05   1.45E-01   8.13E-01   0.00E+00   0.00E+00   2.44E-12   1.56E-07   3.86E-08
 1.98E+06   7.76E-05   1.46E-01   8.21E-01   0.00E+00   0.00E+00   3.24E-12   1.72E-07   1.06E-07
 2.12E+06   8.39E-05   1.47E-01   8.28E-01   0.00E+00   0.00E+00   4.31E-12   2.00E-07   2.65E-07
 2.28E+06   9.18E-05   1.47E-01   8.32E-01   0.00E+00   0.00E+00   5.74E-12   2.51E-07   6.12E-07
 2.42E+06   1.01E-04   1.48E-01   8.36E-01   0.00E+00   0.00E+00   7.65E-12   3.45E-07   1.31E-06
 2.58E+06   1.13E-04   1.48E-01   8.38E-01   0.00E+00   0.00E+00   1.02E-11   5.08E-07   2.63E-06
 2.72E+06   1.28E-04   1.48E-01   8.40E-01   0.00E+00   0.00E+00   1.37E-11   7.75E-07   4.93E-06
 2.88E+06   1.47E-04   1.49E-01   8.42E-01   0.00E+00   0.00E+00   1.84E-11   1.19E-06   8.69E-06
 3.02E+06   1.69E-04   1.49E-01   8.43E-01   0.00E+00   0.00E+00   2.49E-11   1.78E-06   1.44E-05
 3.18E+06   1.95E-04   1.49E-01   8.44E-01   0.00E+00   0.00E+00   3.38E-11   2.57E-06   2.26E-05
 3.32E+06   2.24E-04   1.49E-01   8.45E-01   0.00E+00   0.00E+00   4.58E-11   3.55E-06   3.36E-05
 3.48E+06   2.57E-04   1.49E-01   8.46E-01   0.00E+00   0.00E+00   6.19E-11   4.70E-06   4.76E-05
 3.62E+06   2.91E-04   1.49E-01   8.46E-01   0.00E+00   0.00E+00   8.34E-11   6.00E-06   6.48E-05
 3.78E+06   3.27E-04   1.50E-01   8.46E-01   0.00E+00   0.00E+00   1.12E-10   7.43E-06   8.52E-05
 3.92E+06   3.63E-04   1.50E-01   8.47E-01   0.00E+00   0.00E+00   1.50E-10   8.94E-06   1.08E-04
 4.08E+06   3.97E-04   1.50E-01   8.47E-01   0.00E+00   0.00E+00   2.00E-10   1.05E-05   1.34E-04
 4.22E+06   4.29E-04   1.50E-01   8.47E-01   0.00E+00   0.00E+00   2.65E-10   1.21E-05   1.60E-04
 4.38E+06   4.57E-04   1.50E-01   8.47E-01   0.00E+00   0.00E+00   3.49E-10   1.36E-05   1.86E-04
 4.52E+06   4.81E-04   1.50E-01   8.47E-01   0.00E+00   0.00E+00   4.54E-10   1.50E-05   2.09E-04
 4.68E+06   5.01E-04   1.50E-01   8.47E-01   0.00E+00   0.00E+00   5.82E-10   1.62E-05   2.28E-04
 4.82E+06   5.17E-04   1.50E-01   8.47E-01   0.00E+00   0.00E+00   7.39E-10   1.72E-05   2.45E-04
 4.98E+06   5.29E-04   1.50E-01   8.47E-01   0.00E+00   0.00E+00   9.28E-10   1.81E-05   2.58E-04
 5.12E+06   5.38E-04   1.50E-01   8.48E-01   0.00E+00   0.00E+00   1.16E-09   1.88E-05   2.69E-04
 5.28E+06   5.45E-04   1.50E-01   8.48E-01   0.00E+00   0.00E+00   1.44E-09   1.93E-05   2.77E-04
 5.42E+06   5.50E-04   1.50E-01   8.48E-01   0.00E+00   0.00E+00   1.77E-09   1.97E-05   2.83E-04
 5.58E+06   5.53E-04   1.50E-01   8.48E-01   0.00E+00   0.00E+00   2.18E-09   2.01E-05   2.87E-04
 5.72E+06   5.56E-04   1.50E-01   8.48E-01   0.00E+00   0.00E+00   2.68E-09   2.03E-05   2.91E-04
 5.88E+06   5.58E-04   1.50E-01   8.48E-01   0.00E+00   0.00E+00   3.29E-09   2.05E-05   2.93E-04
 6.02E+06   5.59E-04   1.50E-01   8.48E-01   0.00E+00   0.00E+00   4.04E-09   2.07E-05   2.95E-04
 6.18E+06   5.60E-04   1.50E-01   8.48E-01   0.00E+00   0.00E+00   4.97E-09   2.09E-05   2.97E-04
 6.32E+06   5.61E-04   1.50E-01   8.48E-01   0.00E+00   0.00E+00   6.11E-09   2.10E-05   2.98E-04
 6.48E+06   5.61E-04   1.50E-01   8.48E-01   0.00E+00   0.00E+00   7.53E-09   2.11E-05   2.99E-04
 6.62E+06   5.61E-04   1.50E-01   8.48E-01   0.00E+00   0.00E+00   9.28E-09   2.12E-05   3.00E-04
 6.78E+06   5.62E-04   1.50E-01   8.48E-01   0.00E+00   0.00E+00   1.15E-08   2.12E-05   3.01E-04
 6.92E+06   5.62E-04   1.50E-01   8.48E-01   0.00E+00   0.00E+00   1.42E-08   2.13E-05   3.01E-04
 7.08E+06   5.62E-04   1.50E-01   8.48E-01   0.00E+00   0.00E+00   1.76E-08   2.14E-05   3.01E-04
 7.22E+06   5.62E-04   1.50E-01   8.48E-01   0.00E+00   0.00E+00   2.18E-08   2.14E-05   3.02E-04
 7.38E+06   5.62E-04   1.50E-01   8.48E-01   0.00E+00   0.00E+00   2.72E-08   2.15E-05   3.02E-04
 7.52E+06   5.62E-04   1.50E-01   8.48E-01   0.00E+00   0.00E+00   3.40E-08   2.16E-05   3.02E-04
 7.68E+06   5.62E-04   1.50E-01   8.48E-01   0.00E+00   0.00E+00   4.25E-08   2.16E-05   3.03E-04
 7.82E+06   5.62E-04   1.50E-01   8.48E-01   0.00E+00   0.00E+00   5.32E-08   2.17E-05   3.03E-04
 7.98E+06   5.62E-04   1.50E-01   8.48E-01   0.00E+00   0.00E+00   6.65E-08   2.17E-05   3.03E-04
 8.12E+06   5.62E-04   1.50E-01   8.48E-01   0.00E+00   0.00E+00   8.31E-08   2.18E-05   3.04E-04
 8.28E+06   5.62E-04   1.50E-01   8.48E-01   0.00E+00   0.00E+00   1.04E-07   2.19E-05   3.04E-04
 8.42E+06   5.62E-04   1.50E-01   8.48E-01   0.00E+00   0.00E+00   1.30E-07   2.19E-05   3.04E-04
 8.58E+06   5.62E-04   1.50E-01   8.48E-01   0.00E+00   0.00E+00   1.62E-07   2.20E-05   3.04E-04
 8.72E+06   5.62E-04   1.50E-01   8.48E-01   0.00E+00   0.00E+00   2.03E-07   2.21E-05   3.05E-04
 8.88E+06   5.62E-04   1.50E-01   8.48E-01   0.00E+00   0.00E+00   2.53E-07   2.22E-05   3.05E-04
 9.02E+06   5.62E-04   1.50E-01   8.48E-01   0.00E+00   0.00E+00   3.16E-07   2.22E-05   3.05E-04
 9.18E+06   5.62E-04   1.50E-01   8.48E-01   0.00E+00   0.00E+00   3.94E-07   2.23E-05   3.05E-04
 9.32E+06   5.62E-04   1.50E-01   8.48E-01   0.00E+00   0.00E+00   4.92E-07   2.24E-05   3.06E-04
 9.48E+06   5.62E-04   1.50E-01   8.48E-01   0.00E+00   0.00E+00   6.12E-07   2.24E-05   3.06E-04
 9.62E+06   5.62E-04   1.50E-01   8.48E-01   0.00E+00   0.00E+00   7.63E-07   2.25E-05   3.06E-04
 9.78E+06   5.62E-04   1.50E-01   8.48E-01   0.00E+00   0.00E+00   9.49E-07   2.27E-05   3.06E-04
 9.92E+06   5.62E-04   1.50E-01   8.48E-01   0.00E+00   0.00E+00   1.18E-06   2.30E-05   3.07E-04

     Z      POCS       PNO3_NO    PNO3_NO2   PN2O       PHO2NO2_NO2PHO2NO2_NO3PN2O5_NO2  PN2O5_NO   
 2.50E+04   9.97E-12   1.06E-02   8.32E-02   4.14E-26   1.49E-06   3.73E-07   3.08E-10   1.00E-05
 1.75E+05   1.19E-11   1.08E-02   8.47E-02   1.04E-23   1.74E-06   4.35E-07   3.86E-10   1.15E-05
 3.25E+05   1.37E-11   1.10E-02   8.59E-02   1.64E-21   1.96E-06   4.90E-07   4.63E-10   1.28E-05
 4.75E+05   1.53E-11   1.12E-02   8.69E-02   1.47E-19   2.16E-06   5.41E-07   5.43E-10   1.39E-05
 6.25E+05   1.69E-11   1.14E-02   8.76E-02   7.36E-18   2.35E-06   5.87E-07   6.28E-10   1.50E-05
 7.75E+05   1.84E-11   1.15E-02   8.80E-02   2.18E-16   2.52E-06   6.30E-07   7.18E-10   1.60E-05
 9.25E+05   1.99E-11   1.17E-02   8.82E-02   4.06E-15   2.68E-06   6.70E-07   8.16E-10   1.69E-05
 1.08E+06   2.16E-11   1.19E-02   8.86E-02   5.05E-14   2.83E-06   7.06E-07   9.41E-10   1.77E-05
 1.22E+06   2.55E-11   1.20E-02   8.95E-02   4.12E-13   2.96E-06   7.39E-07   1.23E-09   1.84E-05
 1.38E+06   3.95E-11   1.21E-02   9.05E-02   2.33E-12   3.08E-06   7.69E-07   2.27E-09   1.91E-05
 1.52E+06   8.96E-11   1.23E-02   9.17E-02   1.01E-11   3.21E-06   8.01E-07   6.09E-09   1.97E-05
 1.68E+06   2.50E-10   1.24E-02   9.29E-02   3.58E-11   3.35E-06   8.37E-07   1.83E-08   2.04E-05
 1.82E+06   7.13E-10   1.26E-02   9.40E-02   1.10E-10   3.52E-06   8.80E-07   5.30E-08   2.10E-05
 1.98E+06   1.95E-09   1.27E-02   9.49E-02   3.02E-10   3.74E-06   9.37E-07   1.41E-07   2.17E-05
 2.12E+06   5.00E-09   1.27E-02   9.56E-02   7.49E-10   4.06E-06   1.02E-06   3.47E-07   2.25E-05
 2.28E+06   1.21E-08   1.28E-02   9.63E-02   1.70E-09   4.53E-06   1.14E-06   7.83E-07   2.33E-05
 2.42E+06   2.75E-08   1.28E-02   9.69E-02   3.54E-09   5.25E-06   1.33E-06   1.64E-06   2.43E-05
 2.58E+06   5.93E-08   1.29E-02   9.74E-02   6.84E-09   6.38E-06   1.63E-06   3.18E-06   2.54E-05
 2.72E+06   1.21E-07   1.29E-02   9.79E-02   1.22E-08   8.11E-06   2.09E-06   5.77E-06   2.67E-05
 2.88E+06   2.37E-07   1.29E-02   9.84E-02   2.04E-08   1.06E-05   2.77E-06   9.76E-06   2.82E-05
 3.02E+06   4.37E-07   1.29E-02   9.89E-02   3.17E-08   1.42E-05   3.72E-06   1.55E-05   2.99E-05
 3.18E+06   7.67E-07   1.30E-02   9.94E-02   4.63E-08   1.88E-05   4.97E-06   2.31E-05   3.19E-05
 3.32E+06   1.28E-06   1.30E-02   9.99E-02   6.39E-08   2.45E-05   6.53E-06   3.24E-05   3.40E-05
 3.48E+06   2.02E-06   1.30E-02   1.00E-01   8.39E-08   3.15E-05   8.39E-06   4.35E-05   3.63E-05
 3.62E+06   3.04E-06   1.30E-02   1.01E-01   1.06E-07   3.95E-05   1.06E-05   5.60E-05   3.87E-05
 3.78E+06   4.37E-06   1.30E-02   1.01E-01   1.29E-07   4.89E-05   1.30E-05   6.98E-05   4.13E-05
 3.92E+06   6.02E-06   1.30E-02   1.02E-01   1.52E-07   5.98E-05   1.59E-05   8.51E-05   4.40E-05
 4.08E+06   7.93E-06   1.30E-02   1.02E-01   1.75E-07   7.25E-05   1.93E-05   1.02E-04   4.70E-05
 4.22E+06   9.97E-06   1.30E-02   1.02E-01   1.96E-07   8.71E-05   2.31E-05   1.20E-04   5.00E-05
 4.38E+06   1.20E-05   1.30E-02   1.02E-01   2.14E-07   1.03E-04   2.71E-05   1.38E-04   5.31E-05
 4.52E+06   1.38E-05   1.30E-02   1.02E-01   2.30E-07   1.18E-04   3.12E-05   1.56E-04   5.60E-05
 4.68E+06   1.54E-05   1.30E-02   1.02E-01   2.42E-07   1.33E-04   3.49E-05   1.72E-04   5.85E-05
 4.82E+06   1.67E-05   1.30E-02   1.02E-01   2.53E-07   1.46E-04   3.82E-05   1.86E-04   6.07E-05
 4.98E+06   1.77E-05   1.30E-02   1.02E-01   2.63E-07   1.56E-04   4.09E-05   1.98E-04   6.24E-05
 5.12E+06   1.85E-05   1.30E-02   1.02E-01   2.72E-07   1.64E-04   4.31E-05   2.08E-04   6.38E-05
 5.28E+06   1.92E-05   1.30E-02   1.01E-01   2.80E-07   1.71E-04   4.49E-05   2.16E-04   6.48E-05
 5.42E+06   1.96E-05   1.30E-02   1.01E-01   2.87E-07   1.76E-04   4.62E-05   2.22E-04   6.56E-05
 5.58E+06   2.00E-05   1.30E-02   1.01E-01   2.94E-07   1.80E-04   4.73E-05   2.27E-04   6.62E-05
 5.72E+06   2.02E-05   1.30E-02   1.01E-01   3.00E-07   1.83E-04   4.80E-05   2.31E-04   6.66E-05
 5.88E+06   2.04E-05   1.30E-02   1.01E-01   3.06E-07   1.85E-04   4.86E-05   2.34E-04   6.68E-05
 6.02E+06   2.05E-05   1.30E-02   1.01E-01   3.12E-07   1.87E-04   4.91E-05   2.36E-04   6.71E-05
 6.18E+06   2.06E-05   1.30E-02   1.00E-01   3.17E-07   1.88E-04   4.95E-05   2.39E-04   6.72E-05
 6.32E+06   2.07E-05   1.30E-02   1.00E-01   3.22E-07   1.89E-04   4.97E-05   2.40E-04   6.73E-05
 6.48E+06   2.08E-05   1.30E-02   9.99E-02   3.27E-07   1.89E-04   5.00E-05   2.42E-04   6.74E-05
 6.62E+06   2.08E-05   1.30E-02   9.97E-02   3.31E-07   1.90E-04   5.01E-05   2.43E-04   6.74E-05
 6.78E+06   2.09E-05   1.30E-02   9.95E-02   3.36E-07   1.90E-04   5.02E-05   2.45E-04   6.74E-05
 6.92E+06   2.09E-05   1.31E-02   9.93E-02   3.42E-07   1.91E-04   5.03E-05   2.46E-04   6.75E-05
 7.08E+06   2.09E-05   1.31E-02   9.91E-02   3.50E-07   1.91E-04   5.04E-05   2.47E-04   6.75E-05
 7.22E+06   2.10E-05   1.31E-02   9.90E-02   3.62E-07   1.91E-04   5.05E-05   2.48E-04   6.75E-05
 7.38E+06   2.11E-05   1.31E-02   9.88E-02   3.80E-07   1.91E-04   5.05E-05   2.49E-04   6.75E-05
 7.52E+06   2.12E-05   1.31E-02   9.88E-02   4.07E-07   1.91E-04   5.06E-05   2.51E-04   6.75E-05
 7.68E+06   2.13E-05   1.31E-02   9.88E-02   4.42E-07   1.91E-04   5.06E-05   2.52E-04   6.75E-05
 7.82E+06   2.15E-05   1.31E-02   9.88E-02   4.82E-07   1.91E-04   5.06E-05   2.54E-04   6.75E-05
 7.98E+06   2.17E-05   1.31E-02   9.88E-02   5.27E-07   1.91E-04   5.06E-05   2.55E-04   6.75E-05
 8.12E+06   2.19E-05   1.31E-02   9.88E-02   5.74E-07   1.91E-04   5.07E-05   2.57E-04   6.75E-05
 8.28E+06   2.21E-05   1.31E-02   9.88E-02   6.22E-07   1.91E-04   5.07E-05   2.59E-04   6.75E-05
 8.42E+06   2.23E-05   1.31E-02   9.88E-02   6.70E-07   1.91E-04   5.07E-05   2.61E-04   6.75E-05
 8.58E+06   2.25E-05   1.31E-02   9.88E-02   7.18E-07   1.92E-04   5.07E-05   2.62E-04   6.75E-05
 8.72E+06   2.28E-05   1.31E-02   9.88E-02   7.69E-07   1.92E-04   5.07E-05   2.64E-04   6.75E-05
 8.88E+06   2.30E-05   1.31E-02   9.88E-02   8.26E-07   1.92E-04   5.07E-05   2.66E-04   6.75E-05
 9.02E+06   2.33E-05   1.31E-02   9.88E-02   8.95E-07   1.92E-04   5.07E-05   2.68E-04   6.75E-05
 9.18E+06   2.36E-05   1.31E-02   9.88E-02   9.84E-07   1.92E-04   5.07E-05   2.70E-04   6.75E-05
 9.32E+06   2.40E-05   1.31E-02   9.88E-02   1.10E-06   1.92E-04   5.07E-05   2.72E-04   6.75E-05
 9.48E+06   2.46E-05   1.31E-02   9.88E-02   1.25E-06   1.92E-04   5.07E-05   2.74E-04   6.75E-05
 9.62E+06   2.54E-05   1.31E-02   9.88E-02   1.44E-06   1.92E-04   5.07E-05   2.77E-04   6.75E-05
 9.78E+06   2.68E-05   1.31E-02   9.88E-02   1.68E-06   1.92E-04   5.07E-05   2.81E-04   6.75E-05
 9.92E+06   3.02E-05   1.31E-02   9.88E-02   2.01E-06   1.92E-04   5.07E-05   2.87E-04   6.75E-05
 N =   42  EMAX = 2.35E-10 FOR SO4AER  AT Z = 3.12E+06 U = 7.80E-10 RHS =-1.83E-19  DT = 6.31E+18  TIME = 1.58E+18

 TIME = 1.58E+18     TIMEY = 5.00E+10 YEARS

 NPHOT =   30

 MIXING RATIOS OF LONG-LIVED SPECIES


     Z        O        O2       H2O      H        OH       HO2      H2O2     H2       CO       HCO      H2CO     CH4      CH3      C2H6     NO       NO2      HNO      H2S     
  2.50E+04 5.22E-17 1.26E-01 1.13E-02 7.19E-21 4.55E-14 1.12E-11 1.10E-09 5.30E-07 1.10E-07 2.89E-22 2.45E-10 1.80E-06 2.58E-21 1.94E-26 2.24E-12 4.61E-12 1.61E-17 8.83E-12
  7.50E+04 5.99E-17 1.26E-01 9.45E-03 7.78E-21 4.87E-14 1.14E-11 1.16E-09 5.30E-07 1.07E-07 3.13E-22 2.42E-10 1.80E-06 2.59E-21 1.94E-26 2.44E-12 4.67E-12 1.61E-17 6.10E-12
  1.25E+05 6.95E-17 1.26E-01 7.93E-03 8.47E-21 5.28E-14 1.16E-11 1.19E-09 5.31E-07 1.04E-07 3.27E-22 2.31E-10 1.80E-06 2.63E-21 1.94E-26 2.71E-12 4.87E-12 1.38E-17 4.20E-12
  1.75E+05 8.14E-17 1.26E-01 6.52E-03 9.18E-21 5.72E-14 1.16E-11 1.20E-09 5.31E-07 1.01E-07 3.36E-22 2.17E-10 1.79E-06 2.65E-21 1.94E-26 3.06E-12 5.18E-12 1.11E-17 2.89E-12
  2.75E+05 1.13E-16 1.26E-01 4.20E-03 1.07E-20 6.67E-14 1.14E-11 1.16E-09 5.31E-07 9.60E-08 3.46E-22 1.87E-10 1.79E-06 2.65E-21 1.93E-26 4.08E-12 6.12E-12 6.83E-18 1.35E-12
  3.75E+05 1.59E-16 1.26E-01 2.54E-03 1.23E-20 7.69E-14 1.08E-11 1.03E-09 5.32E-07 9.10E-08 3.46E-22 1.59E-10 1.79E-06 2.60E-21 1.93E-26 5.60E-12 7.44E-12 4.13E-18 6.32E-13
  4.75E+05 2.20E-16 1.26E-01 1.41E-03 1.36E-20 8.53E-14 9.76E-12 8.61E-10 5.32E-07 8.65E-08 3.21E-22 1.28E-10 1.79E-06 2.38E-21 1.93E-26 7.51E-12 8.60E-12 2.44E-18 3.00E-13
  5.75E+05 2.95E-16 1.26E-01 7.00E-04 1.35E-20 8.59E-14 8.38E-12 6.76E-10 5.32E-07 8.25E-08 2.61E-22 9.42E-11 1.79E-06 1.91E-21 1.94E-26 8.77E-12 8.36E-12 1.31E-18 1.50E-13
  6.75E+05 3.86E-16 1.26E-01 3.07E-04 1.20E-20 7.69E-14 6.85E-12 5.07E-10 5.32E-07 7.91E-08 1.82E-22 6.22E-11 1.78E-06 1.30E-21 1.96E-26 8.79E-12 6.70E-12 6.54E-19 8.09E-14
  7.75E+05 4.95E-16 1.26E-01 1.18E-04 1.08E-20 7.07E-14 5.32E-12 3.62E-10 5.32E-07 7.62E-08 1.25E-22 3.96E-11 1.78E-06 8.67E-22 2.00E-26 1.02E-11 6.01E-12 3.96E-19 4.64E-14
  8.75E+05 6.25E-16 1.26E-01 3.98E-05 1.13E-20 7.51E-14 3.91E-12 2.48E-10 5.33E-07 7.36E-08 9.51E-23 2.66E-11 1.78E-06 6.42E-22 2.07E-26 1.61E-11 7.01E-12 3.30E-19 2.76E-14
  9.75E+05 7.83E-16 1.26E-01 1.19E-05 1.27E-20 8.51E-14 2.79E-12 1.68E-10 5.33E-07 7.14E-08 7.76E-23 1.87E-11 1.78E-06 4.88E-22 2.15E-26 2.65E-11 8.30E-12 2.98E-19 1.72E-14
  1.08E+06 1.12E-15 1.26E-01 6.42E-06 1.53E-20 9.61E-14 2.16E-12 1.10E-10 5.33E-07 6.92E-08 7.17E-23 1.47E-11 1.78E-06 4.67E-22 2.29E-26 3.92E-11 9.95E-12 2.39E-19 1.07E-14
  1.18E+06 2.00E-15 1.26E-01 4.29E-06 1.72E-20 9.97E-14 1.48E-12 5.14E-11 5.33E-07 6.50E-08 6.82E-23 1.22E-11 1.78E-06 4.87E-22 2.73E-26 6.02E-11 1.51E-11 1.50E-19 4.90E-15
  1.28E+06 4.04E-15 1.26E-01 4.09E-06 1.69E-20 9.15E-14 8.81E-13 1.66E-11 5.32E-07 5.95E-08 5.89E-23 9.33E-12 1.77E-06 4.60E-22 3.77E-26 9.46E-11 2.73E-11 7.62E-20 1.76E-15
  1.38E+06 9.45E-15 1.26E-01 4.11E-06 1.45E-20 7.58E-14 4.71E-13 3.47E-12 5.32E-07 5.21E-08 4.71E-23 6.67E-12 1.76E-06 4.07E-22 6.33E-26 1.55E-10 6.11E-11 3.22E-20 4.93E-16
  1.48E+06 2.19E-14 1.26E-01 4.15E-06 1.40E-20 7.22E-14 3.29E-13 7.57E-13 5.31E-07 4.43E-08 4.56E-23 5.55E-12 1.74E-06 4.32E-22 1.09E-25 2.35E-10 1.28E-10 1.58E-20 1.21E-16
  1.58E+06 4.79E-14 1.26E-01 4.20E-06 1.55E-20 7.96E-14 3.01E-13 3.45E-13 5.29E-07 3.68E-08 5.28E-23 5.40E-12 1.71E-06 5.43E-22 1.79E-25 3.27E-10 2.34E-10 1.80E-20 2.67E-17
  1.68E+06 9.93E-14 1.26E-01 4.27E-06 1.86E-20 9.52E-14 3.27E-13 3.00E-13 5.26E-07 3.02E-08 6.75E-23 5.73E-12 1.68E-06 7.49E-22 2.83E-25 4.28E-10 3.83E-10 3.04E-20 5.14E-18
  1.78E+06 1.94E-13 1.26E-01 4.36E-06 2.38E-20 1.21E-13 4.00E-13 3.53E-13 5.23E-07 2.47E-08 9.17E-23 6.42E-12 1.64E-06 1.10E-21 4.22E-25 5.35E-10 5.68E-10 4.79E-20 8.97E-19
  1.88E+06 3.63E-13 1.26E-01 4.46E-06 3.25E-20 1.60E-13 5.28E-13 4.88E-13 5.19E-07 2.03E-08 1.30E-22 7.43E-12 1.59E-06 1.67E-21 6.09E-25 6.50E-10 7.87E-10 6.25E-20 1.40E-19
  1.98E+06 6.55E-13 1.26E-01 4.57E-06 4.69E-20 2.19E-13 7.34E-13 7.45E-13 5.14E-07 1.71E-08 1.89E-22 8.80E-12 1.53E-06 2.62E-21 8.54E-25 7.76E-10 1.04E-09 6.32E-20 1.94E-20
  2.08E+06 1.15E-12 1.26E-01 4.68E-06 7.18E-20 3.08E-13 1.06E-12 1.21E-12 5.08E-07 1.47E-08 2.81E-22 1.06E-11 1.48E-06 4.21E-21 1.17E-24 9.18E-10 1.32E-09 5.56E-20 2.47E-21
  2.18E+06 1.96E-12 1.26E-01 4.80E-06 1.16E-19 4.43E-13 1.55E-12 2.01E-12 5.02E-07 1.31E-08 4.25E-22 1.28E-11 1.42E-06 6.86E-21 1.58E-24 1.08E-09 1.64E-09 4.97E-20 2.92E-22
  2.28E+06 3.29E-12 1.26E-01 4.92E-06 1.95E-19 6.50E-13 2.28E-12 3.34E-12 4.95E-07 1.20E-08 6.52E-22 1.56E-11 1.36E-06 1.13E-20 2.13E-24 1.28E-09 2.00E-09 4.69E-20 4.91E-23
  2.38E+06 5.42E-12 1.26E-01 5.04E-06 3.42E-19 9.64E-13 3.36E-12 5.48E-12 4.87E-07 1.12E-08 1.01E-21 1.90E-11 1.31E-06 1.88E-20 2.88E-24 1.52E-09 2.42E-09 4.85E-20 2.84E-23
  2.48E+06 8.80E-12 1.26E-01 5.16E-06 6.20E-19 1.44E-12 4.90E-12 8.75E-12 4.79E-07 1.08E-08 1.57E-21 2.29E-11 1.25E-06 3.15E-20 3.94E-24 1.81E-09 2.87E-09 5.63E-20 2.90E-23
  2.58E+06 1.41E-11 1.26E-01 5.28E-06 1.16E-18 2.15E-12 7.06E-12 1.34E-11 4.71E-07 1.05E-08 2.45E-21 2.75E-11 1.19E-06 5.28E-20 5.46E-24 2.15E-09 3.37E-09 7.28E-20 2.98E-23
  2.68E+06 2.23E-11 1.26E-01 5.40E-06 2.22E-18 3.18E-12 9.99E-12 1.97E-11 4.62E-07 1.03E-08 3.78E-21 3.25E-11 1.13E-06 8.81E-20 7.74E-24 2.55E-09 3.88E-09 1.02E-19 2.88E-23
  2.78E+06 3.50E-11 1.26E-01 5.53E-06 4.37E-18 4.65E-12 1.38E-11 2.75E-11 4.52E-07 1.03E-08 5.78E-21 3.78E-11 1.08E-06 1.46E-19 1.12E-23 3.01E-09 4.38E-09 1.47E-19 2.61E-23
  2.88E+06 5.43E-11 1.26E-01 5.65E-06 8.81E-18 6.66E-12 1.86E-11 3.62E-11 4.42E-07 1.03E-08 8.68E-21 4.32E-11 1.02E-06 2.41E-19 1.66E-23 3.52E-09 4.85E-09 2.17E-19 2.25E-23
  2.98E+06 8.38E-11 1.26E-01 5.77E-06 1.81E-17 9.31E-12 2.42E-11 4.50E-11 4.31E-07 1.04E-08 1.27E-20 4.87E-11 9.65E-07 3.93E-19 2.51E-23 4.07E-09 5.24E-09 3.18E-19 1.82E-23
  3.08E+06 1.29E-10 1.26E-01 5.89E-06 3.79E-17 1.27E-11 3.07E-11 5.30E-11 4.20E-07 1.06E-08 1.83E-20 5.40E-11 9.08E-07 6.33E-19 3.88E-23 4.65E-09 5.54E-09 4.62E-19 1.41E-23
  3.18E+06 1.97E-10 1.26E-01 6.01E-06 7.98E-17 1.69E-11 3.79E-11 5.94E-11 4.09E-07 1.09E-08 2.57E-20 5.92E-11 8.53E-07 1.01E-18 6.06E-23 5.24E-09 5.70E-09 6.61E-19 1.06E-23
  3.28E+06 3.00E-10 1.26E-01 6.13E-06 1.69E-16 2.21E-11 4.55E-11 6.38E-11 3.97E-07 1.12E-08 3.53E-20 6.40E-11 7.99E-07 1.59E-18 9.58E-23 5.81E-09 5.70E-09 9.29E-19 7.87E-24
  3.38E+06 4.55E-10 1.26E-01 6.24E-06 3.60E-16 2.85E-11 5.35E-11 6.60E-11 3.86E-07 1.15E-08 4.76E-20 6.85E-11 7.45E-07 2.47E-18 1.52E-22 6.33E-09 5.55E-09 1.29E-18 5.78E-24
  3.48E+06 6.89E-10 1.26E-01 6.36E-06 7.68E-16 3.65E-11 6.17E-11 6.60E-11 3.74E-07 1.19E-08 6.35E-20 7.25E-11 6.93E-07 3.81E-18 2.42E-22 6.80E-09 5.26E-09 1.75E-18 4.30E-24
  3.58E+06 1.04E-09 1.26E-01 6.46E-06 1.64E-15 4.65E-11 6.98E-11 6.39E-11 3.64E-07 1.22E-08 8.40E-20 7.59E-11 6.44E-07 5.82E-18 3.84E-22 7.22E-09 4.84E-09 2.36E-18 3.30E-24
  3.68E+06 1.57E-09 1.26E-01 6.56E-06 3.54E-15 5.92E-11 7.79E-11 6.03E-11 3.54E-07 1.24E-08 1.11E-19 7.89E-11 5.97E-07 8.84E-18 6.02E-22 7.57E-09 4.32E-09 3.16E-18 2.67E-24
  3.78E+06 2.37E-09 1.26E-01 6.65E-06 7.67E-15 7.58E-11 8.57E-11 5.57E-11 3.46E-07 1.26E-08 1.46E-19 8.13E-11 5.54E-07 1.34E-17 9.35E-22 7.86E-09 3.74E-09 4.19E-18 2.26E-24
  3.88E+06 3.57E-09 1.26E-01 6.74E-06 1.66E-14 9.70E-11 9.35E-11 5.09E-11 3.40E-07 1.27E-08 1.91E-19 8.29E-11 5.14E-07 2.01E-17 1.44E-21 8.09E-09 3.13E-09 5.52E-18 1.99E-24
  3.98E+06 5.37E-09 1.26E-01 6.81E-06 3.59E-14 1.24E-10 1.01E-10 4.63E-11 3.35E-07 1.28E-08 2.49E-19 8.35E-11 4.78E-07 3.00E-17 2.19E-21 8.26E-09 2.51E-09 7.18E-18 1.82E-24
  4.08E+06 8.02E-09 1.26E-01 6.88E-06 7.62E-14 1.56E-10 1.10E-10 4.25E-11 3.32E-07 1.29E-08 3.19E-19 8.29E-11 4.45E-07 4.37E-17 3.28E-21 8.33E-09 1.93E-09 9.13E-18 1.70E-24
  4.18E+06 1.18E-08 1.26E-01 6.93E-06 1.56E-13 1.93E-10 1.19E-10 3.96E-11 3.32E-07 1.29E-08 3.98E-19 8.06E-11 4.15E-07 6.18E-17 4.84E-21 8.29E-09 1.42E-09 1.12E-17 1.64E-24
  4.28E+06 1.69E-08 1.26E-01 6.97E-06 3.03E-13 2.32E-10 1.29E-10 3.75E-11 3.35E-07 1.30E-08 4.79E-19 7.69E-11 3.90E-07 8.39E-17 7.00E-21 8.13E-09 1.01E-09 1.32E-17 1.63E-24
  4.38E+06 2.34E-08 1.26E-01 7.01E-06 5.52E-13 2.70E-10 1.40E-10 3.60E-11 3.41E-07 1.30E-08 5.55E-19 7.20E-11 3.68E-07 1.09E-16 9.93E-21 7.87E-09 6.97E-10 1.49E-17 1.67E-24
  4.48E+06 3.15E-08 1.26E-01 7.03E-06 9.49E-13 3.06E-10 1.50E-10 3.48E-11 3.49E-07 1.32E-08 6.20E-19 6.65E-11 3.50E-07 1.36E-16 1.39E-20 7.53E-09 4.76E-10 1.61E-17 1.74E-24
  4.58E+06 4.11E-08 1.26E-01 7.05E-06 1.54E-12 3.39E-10 1.61E-10 3.38E-11 3.61E-07 1.34E-08 6.68E-19 6.07E-11 3.34E-07 1.62E-16 1.95E-20 7.13E-09 3.22E-10 1.69E-17 1.84E-24
  4.68E+06 5.22E-08 1.26E-01 7.05E-06 2.39E-12 3.68E-10 1.70E-10 3.29E-11 3.76E-07 1.38E-08 7.03E-19 5.51E-11 3.21E-07 1.88E-16 2.73E-20 6.70E-09 2.18E-10 1.73E-17 1.96E-24
  4.78E+06 6.49E-08 1.26E-01 7.05E-06 3.58E-12 3.94E-10 1.80E-10 3.19E-11 3.93E-07 1.43E-08 7.27E-19 5.00E-11 3.11E-07 2.14E-16 3.84E-20 6.27E-09 1.48E-10 1.73E-17 2.07E-24
  4.88E+06 7.94E-08 1.26E-01 7.05E-06 5.22E-12 4.16E-10 1.88E-10 3.07E-11 4.13E-07 1.52E-08 7.45E-19 4.53E-11 3.02E-07 2.43E-16 5.45E-20 5.84E-09 1.01E-10 1.70E-17 2.16E-24
  4.98E+06 9.59E-08 1.26E-01 7.04E-06 7.45E-12 4.36E-10 1.96E-10 2.94E-11 4.35E-07 1.64E-08 7.58E-19 4.11E-11 2.94E-07 2.74E-16 7.73E-20 5.44E-09 7.00E-11 1.66E-17 2.23E-24
  5.08E+06 1.15E-07 1.26E-01 7.02E-06 1.05E-11 4.55E-10 2.03E-10 2.80E-11 4.60E-07 1.80E-08 7.67E-19 3.72E-11 2.87E-07 3.07E-16 1.09E-19 5.05E-09 4.88E-11 1.61E-17 2.27E-24
  5.18E+06 1.36E-07 1.26E-01 7.00E-06 1.46E-11 4.73E-10 2.10E-10 2.67E-11 4.87E-07 2.02E-08 7.73E-19 3.38E-11 2.82E-07 3.44E-16 1.52E-19 4.69E-09 3.43E-11 1.55E-17 2.29E-24
  5.28E+06 1.60E-07 1.26E-01 6.97E-06 2.01E-11 4.90E-10 2.17E-10 2.54E-11 5.17E-07 2.30E-08 7.78E-19 3.06E-11 2.77E-07 3.84E-16 2.11E-19 4.35E-09 2.43E-11 1.49E-17 2.30E-24
  5.38E+06 1.88E-07 1.26E-01 6.94E-06 2.77E-11 5.08E-10 2.24E-10 2.41E-11 5.50E-07 2.66E-08 7.81E-19 2.77E-11 2.72E-07 4.29E-16 2.88E-19 4.03E-09 1.73E-11 1.43E-17 2.29E-24
  5.48E+06 2.20E-07 1.26E-01 6.91E-06 3.79E-11 5.26E-10 2.32E-10 2.30E-11 5.86E-07 3.11E-08 7.83E-19 2.51E-11 2.68E-07 4.78E-16 3.89E-19 3.73E-09 1.25E-11 1.37E-17 2.29E-24
  5.58E+06 2.57E-07 1.26E-01 6.87E-06 5.19E-11 5.46E-10 2.40E-10 2.20E-11 6.25E-07 3.67E-08 7.85E-19 2.27E-11 2.64E-07 5.32E-16 5.20E-19 3.45E-09 9.04E-12 1.31E-17 2.30E-24
  5.68E+06 2.98E-07 1.26E-01 6.83E-06 7.09E-11 5.67E-10 2.49E-10 2.12E-11 6.68E-07 4.37E-08 7.85E-19 2.06E-11 2.60E-07 5.90E-16 6.85E-19 3.20E-09 6.60E-12 1.26E-17 2.31E-24
  5.78E+06 3.45E-07 1.26E-01 6.78E-06 9.70E-11 5.91E-10 2.59E-10 2.05E-11 7.15E-07 5.22E-08 7.84E-19 1.86E-11 2.56E-07 6.54E-16 8.93E-19 2.96E-09 4.87E-12 1.21E-17 2.35E-24
  5.88E+06 3.98E-07 1.26E-01 6.73E-06 1.33E-10 6.18E-10 2.71E-10 1.99E-11 7.66E-07 6.26E-08 7.81E-19 1.68E-11 2.53E-07 7.22E-16 1.15E-18 2.74E-09 3.62E-12 1.17E-17 2.42E-24
  5.98E+06 4.58E-07 1.26E-01 6.68E-06 1.82E-10 6.48E-10 2.84E-10 1.95E-11 8.23E-07 7.52E-08 7.77E-19 1.51E-11 2.49E-07 7.94E-16 1.47E-18 2.53E-09 2.73E-12 1.14E-17 2.51E-24
  6.08E+06 5.25E-07 1.26E-01 6.61E-06 2.49E-10 6.81E-10 2.98E-10 1.92E-11 8.84E-07 9.02E-08 7.71E-19 1.36E-11 2.45E-07 8.68E-16 1.85E-18 2.34E-09 2.08E-12 1.10E-17 2.64E-24
  6.18E+06 6.00E-07 1.26E-01 6.54E-06 3.42E-10 7.18E-10 3.15E-10 1.91E-11 9.52E-07 1.08E-07 7.64E-19 1.23E-11 2.41E-07 9.45E-16 2.32E-18 2.17E-09 1.60E-12 1.08E-17 2.82E-24
  6.28E+06 6.85E-07 1.26E-01 6.47E-06 4.71E-10 7.60E-10 3.33E-10 1.91E-11 1.03E-06 1.30E-07 7.56E-19 1.10E-11 2.36E-07 1.02E-15 2.88E-18 2.01E-09 1.25E-12 1.06E-17 3.04E-24
  6.38E+06 7.81E-07 1.26E-01 6.38E-06 6.51E-10 8.06E-10 3.54E-10 1.92E-11 1.11E-06 1.55E-07 7.49E-19 9.87E-12 2.32E-07 1.10E-15 3.55E-18 1.86E-09 9.95E-13 1.04E-17 3.31E-24
  6.48E+06 8.89E-07 1.26E-01 6.29E-06 9.02E-10 8.59E-10 3.78E-10 1.94E-11 1.20E-06 1.85E-07 7.51E-19 8.88E-12 2.27E-07 1.17E-15 4.35E-18 1.73E-09 8.03E-13 1.03E-17 3.67E-24
  6.58E+06 1.01E-06 1.26E-01 6.19E-06 1.26E-09 9.20E-10 4.06E-10 2.00E-11 1.30E-06 2.21E-07 7.80E-19 8.11E-12 2.21E-07 1.26E-15 5.28E-18 1.61E-09 6.59E-13 1.03E-17 4.16E-24
  6.68E+06 1.14E-06 1.26E-01 6.07E-06 1.76E-09 9.97E-10 4.42E-10 2.12E-11 1.41E-06 2.63E-07 8.92E-19 7.76E-12 2.15E-07 1.41E-15 6.39E-18 1.50E-09 5.56E-13 1.04E-17 4.94E-24
  6.78E+06 1.26E-06 1.26E-01 5.95E-06 2.49E-09 1.10E-09 4.91E-10 2.34E-11 1.53E-06 3.12E-07 1.21E-18 8.23E-12 2.09E-07 1.72E-15 7.68E-18 1.41E-09 4.87E-13 1.08E-17 6.34E-24
  6.88E+06 1.38E-06 1.26E-01 5.81E-06 3.57E-09 1.25E-09 5.63E-10 2.75E-11 1.66E-06 3.69E-07 1.98E-18 1.02E-11 2.02E-07 2.45E-15 9.19E-18 1.32E-09 4.51E-13 1.17E-17 9.04E-24
  6.98E+06 1.47E-06 1.26E-01 5.66E-06 5.19E-09 1.47E-09 6.68E-10 3.42E-11 1.81E-06 4.36E-07 3.65E-18 1.46E-11 1.94E-07 4.08E-15 1.09E-17 1.25E-09 4.45E-13 1.31E-17 1.43E-23
  7.08E+06 1.55E-06 1.26E-01 5.49E-06 7.68E-09 1.77E-09 8.17E-10 4.44E-11 1.97E-06 5.14E-07 6.88E-18 2.27E-11 1.85E-07 7.39E-15 1.30E-17 1.19E-09 4.62E-13 1.52E-17 2.44E-23
  7.18E+06 1.63E-06 1.26E-01 5.30E-06 1.15E-08 2.17E-09 1.01E-09 5.86E-11 2.15E-06 6.06E-07 1.26E-17 3.55E-11 1.76E-07 1.35E-14 1.53E-17 1.14E-09 4.94E-13 1.80E-17 4.22E-23
  7.28E+06 1.74E-06 1.26E-01 5.09E-06 1.75E-08 2.66E-09 1.25E-09 7.64E-11 2.35E-06 7.12E-07 2.19E-17 5.33E-11 1.66E-07 2.36E-14 1.80E-17 1.09E-09 5.27E-13 2.14E-17 7.00E-23
  7.38E+06 1.91E-06 1.26E-01 4.87E-06 2.71E-08 3.23E-09 1.52E-09 9.61E-11 2.57E-06 8.36E-07 3.60E-17 7.58E-11 1.56E-07 3.84E-14 2.08E-17 1.06E-09 5.46E-13 2.54E-17 1.07E-22
  7.48E+06 2.19E-06 1.26E-01 4.62E-06 4.26E-08 3.82E-09 1.79E-09 1.14E-10 2.79E-06 9.79E-07 5.64E-17 1.01E-10 1.45E-07 5.76E-14 2.37E-17 1.04E-09 5.33E-13 2.95E-17 1.45E-22
  7.58E+06 2.60E-06 1.25E-01 4.35E-06 6.75E-08 4.40E-09 2.04E-09 1.29E-10 3.04E-06 1.14E-06 8.37E-17 1.28E-10 1.34E-07 7.88E-14 2.62E-17 1.03E-09 4.92E-13 3.35E-17 1.76E-22
  7.68E+06 3.14E-06 1.25E-01 4.07E-06 1.07E-07 5.02E-09 2.30E-09 1.40E-10 3.29E-06 1.33E-06 1.18E-16 1.53E-10 1.22E-07 9.92E-14 2.79E-17 1.03E-09 4.43E-13 3.79E-17 2.02E-22
  7.78E+06 3.82E-06 1.25E-01 3.77E-06 1.75E-07 5.82E-09 2.62E-09 1.47E-10 3.54E-06 1.55E-06 1.59E-16 1.73E-10 1.11E-07 1.16E-13 2.86E-17 1.04E-09 4.00E-13 4.42E-17 2.21E-22
  7.88E+06 5.38E-06 1.25E-01 3.45E-06 3.07E-07 6.34E-09 2.78E-09 1.32E-10 3.77E-06 1.79E-06 2.07E-16 1.81E-10 1.00E-07 1.14E-13 2.79E-17 1.06E-09 3.01E-13 4.84E-17 1.74E-22
  7.98E+06 1.14E-05 1.25E-01 3.11E-06 5.53E-07 4.91E-09 2.07E-09 8.44E-11 3.95E-06 2.06E-06 2.65E-16 1.59E-10 8.98E-08 7.14E-14 2.61E-17 1.08E-09 1.22E-13 3.68E-17 5.85E-23
  8.08E+06 3.08E-05 1.25E-01 2.77E-06 9.13E-07 2.93E-09 1.11E-09 3.96E-11 4.08E-06 2.35E-06 3.40E-16 1.08E-10 7.98E-08 3.29E-14 2.38E-17 1.12E-09 3.16E-14 2.02E-17 9.08E-24
  8.18E+06 7.91E-05 1.25E-01 2.44E-06 1.34E-06 1.79E-09 5.51E-10 1.57E-11 4.16E-06 2.67E-06 4.12E-16 6.01E-11 7.04E-08 1.52E-14 2.14E-17 1.18E-09 9.95E-15 1.05E-17 9.20E-25
  8.28E+06 1.78E-04 1.25E-01 2.13E-06 1.78E-06 1.21E-09 2.83E-10 5.69E-12 4.21E-06 3.01E-06 4.72E-16 3.29E-11 6.16E-08 7.82E-15 1.89E-17 1.28E-09 5.20E-15 5.79E-18 6.97E-26
  8.38E+06 3.54E-04 1.25E-01 1.83E-06 2.21E-06 8.83E-10 1.53E-10 1.92E-12 4.24E-06 3.36E-06 5.19E-16 1.91E-11 5.36E-08 4.43E-15 1.63E-17 1.41E-09 3.97E-15 3.45E-18 4.13E-27
  8.48E+06 6.41E-04 1.24E-01 1.57E-06 2.61E-06 6.76E-10 8.59E-11 6.03E-13 4.26E-06 3.73E-06 5.52E-16 1.19E-11 4.63E-08 2.71E-15 1.37E-17 1.61E-09 3.60E-15 2.21E-18 2.07E-28
  8.58E+06 1.07E-03 1.24E-01 1.34E-06 2.98E-06 5.33E-10 5.03E-11 1.77E-13 4.27E-06 4.11E-06 5.68E-16 7.81E-12 3.97E-08 1.77E-15 1.13E-17 1.87E-09 3.51E-15 1.51E-18 1.07E-29
  8.68E+06 1.68E-03 1.24E-01 1.13E-06 3.30E-06 4.27E-10 3.05E-11 4.84E-14 4.27E-06 4.49E-06 5.67E-16 5.38E-12 3.39E-08 1.21E-15 9.04E-18 2.20E-09 3.53E-15 1.08E-18 8.05E-31
  8.78E+06 2.51E-03 1.23E-01 9.48E-07 3.59E-06 3.44E-10 1.91E-11 1.25E-14 4.26E-06 4.88E-06 5.50E-16 3.87E-12 2.87E-08 8.67E-16 7.10E-18 2.61E-09 3.59E-15 8.05E-19 9.68E-32
  8.88E+06 3.57E-03 1.22E-01 7.92E-07 3.83E-06 2.78E-10 1.23E-11 3.08E-15 4.25E-06 5.28E-06 5.20E-16 2.88E-12 2.43E-08 6.44E-16 5.47E-18 3.07E-09 3.62E-15 6.12E-19 1.55E-32
  8.98E+06 4.89E-03 1.21E-01 6.58E-07 4.05E-06 2.24E-10 8.12E-12 7.45E-16 4.24E-06 5.67E-06 4.83E-16 2.21E-12 2.04E-08 4.93E-16 4.13E-18 3.52E-09 3.57E-15 4.67E-19 2.99E-33
  9.08E+06 6.48E-03 1.20E-01 5.44E-07 4.23E-06 1.80E-10 5.48E-12 1.84E-16 4.23E-06 6.06E-06 4.42E-16 1.74E-12 1.71E-08 3.88E-16 3.08E-18 3.91E-09 3.42E-15 3.54E-19 6.64E-34
  9.18E+06 8.34E-03 1.19E-01 4.48E-07 4.39E-06 1.44E-10 3.77E-12 4.85E-17 4.22E-06 6.44E-06 4.02E-16 1.40E-12 1.43E-08 3.12E-16 2.27E-18 4.19E-09 3.15E-15 2.63E-19 1.67E-34
  9.28E+06 1.05E-02 1.17E-01 3.68E-07 4.52E-06 1.14E-10 2.64E-12 1.43E-17 4.21E-06 6.81E-06 3.64E-16 1.15E-12 1.19E-08 2.57E-16 1.67E-18 4.34E-09 2.81E-15 1.93E-19 4.65E-35
  9.38E+06 1.29E-02 1.16E-01 3.02E-07 4.63E-06 9.05E-11 1.88E-12 4.83E-18 4.19E-06 7.17E-06 3.30E-16 9.69E-13 9.94E-09 2.16E-16 1.22E-18 4.39E-09 2.45E-15 1.41E-19 1.43E-35
  9.48E+06 1.55E-02 1.14E-01 2.48E-07 4.73E-06 7.12E-11 1.35E-12 1.84E-18 4.18E-06 7.50E-06 3.01E-16 8.33E-13 8.35E-09 1.86E-16 8.95E-19 4.37E-09 2.10E-15 1.03E-19 4.76E-36
  9.58E+06 1.83E-02 1.12E-01 2.06E-07 4.81E-06 5.57E-11 9.89E-13 7.74E-19 4.16E-06 7.79E-06 2.79E-16 7.36E-13 7.09E-09 1.64E-16 6.64E-19 4.31E-09 1.79E-15 7.53E-20 1.72E-36
  9.68E+06 2.12E-02 1.10E-01 1.73E-07 4.87E-06 4.34E-11 7.33E-13 3.49E-19 4.15E-06 8.05E-06 2.65E-16 6.73E-13 6.13E-09 1.50E-16 5.04E-19 4.24E-09 1.52E-15 5.58E-20 6.67E-37
  9.78E+06 2.42E-02 1.08E-01 1.49E-07 4.93E-06 3.36E-11 5.52E-13 1.67E-19 4.14E-06 8.27E-06 2.62E-16 6.46E-13 5.46E-09 1.44E-16 3.97E-19 4.16E-09 1.28E-15 4.20E-20 2.81E-37
  9.88E+06 2.70E-02 1.06E-01 1.34E-07 4.96E-06 2.60E-11 4.23E-13 8.63E-20 4.13E-06 8.43E-06 2.76E-16 6.66E-13 5.07E-09 1.48E-16 3.33E-19 4.09E-09 1.09E-15 3.22E-20 1.29E-37
  9.98E+06 2.92E-02 1.05E-01 1.28E-07 4.98E-06 2.02E-11 3.34E-13 5.50E-20 4.12E-06 8.51E-06 3.27E-16 8.06E-13 4.97E-09 1.79E-16 3.05E-19 4.02E-09 9.25E-16 2.54E-20 7.03E-38

 TP, TL
           2.37E+15 2.47E+15 4.20E+10 3.09E+12 3.76E+12 2.76E+12 8.36E+10 5.12E+10 1.08E+11 5.70E+10 1.10E+11 3.65E+02 1.10E+11 2.24E-02 2.84E+13 2.85E+13 2.45E+05 6.25E+05
           2.37E+15 2.47E+15 3.10E+10 3.09E+12 3.76E+12 2.76E+12 7.81E+10 3.55E+10 2.62E+11 5.70E+10 1.09E+11 1.10E+11 1.10E+11 2.24E-02 2.84E+13 2.85E+13 2.45E+05 2.01E+08

     Z        HS       S        SO       SO2      H2SO4    HSO      S2       S4       S8       SO3      OCS      S3       O3       HNO3     N        NO3      N2O      HO2NO2  
  2.50E+04 2.00E-17 2.81E-32 2.29E-19 6.50E-11 4.09E-12 5.12E-13 3.30E-36 1.47E-62 3.96-106 1.68E-21 4.25E-22 5.37E-60 1.27E-08 2.66E-11 1.22-195 4.04E-16 3.00E-07 9.94E-14
  7.50E+04 1.45E-17 1.47E-32 2.10E-19 9.98E-11 6.21E-12 4.92E-13 2.09E-36 5.27E-63 3.96-106 3.42E-21 4.25E-22 1.57E-60 1.34E-08 2.97E-11 5.04-189 3.88E-16 3.00E-07 1.42E-13
  1.25E+05 1.05E-17 7.73E-33 1.82E-19 1.30E-10 8.39E-12 3.97E-13 1.13E-36 1.37E-63 3.96-106 5.81E-21 4.25E-22 3.93E-61 1.42E-08 3.35E-11 1.77-182 3.90E-16 3.00E-07 2.09E-13
  1.75E+05 7.57E-18 3.98E-33 1.53E-19 1.57E-10 1.06E-11 2.97E-13 5.54E-37 2.95E-64 3.96-106 9.44E-21 4.25E-22 8.80E-62 1.53E-08 3.82E-11 5.24-176 4.04E-16 3.00E-07 3.19E-13
  2.75E+05 3.82E-18 1.01E-33 1.03E-19 2.06E-10 1.52E-11 1.52E-13 1.13E-37 9.79E-66 3.96-106 2.37E-20 4.24E-22 3.55E-63 1.81E-08 4.94E-11 2.66-163 4.59E-16 3.00E-07 8.08E-13
  3.75E+05 1.88E-18 2.43E-34 6.69E-20 2.51E-10 1.95E-11 7.45E-14 1.97E-38 2.40E-67 3.96-106 6.04E-20 4.24E-22 1.18E-64 2.15E-08 6.06E-11 6.31-151 5.35E-16 3.00E-07 2.13E-12
  4.75E+05 9.06E-19 5.63E-35 4.38E-20 2.97E-10 2.29E-11 3.63E-14 3.11E-39 4.79E-69 3.96-106 1.57E-19 4.23E-22 3.39E-66 2.54E-08 6.95E-11 6.62-139 5.95E-16 3.00E-07 5.90E-12
  5.75E+05 4.19E-19 1.21E-35 2.85E-20 3.45E-10 2.46E-11 1.85E-14 4.52E-40 8.12E-71 3.96-106 4.07E-19 4.23E-22 8.39E-68 2.96E-08 7.45E-11 2.76-127 5.98E-16 3.00E-07 1.49E-11
  6.75E+05 1.88E-19 2.47E-36 1.87E-20 3.97E-10 2.44E-11 1.01E-14 6.14E-41 1.20E-72 3.96-106 1.06E-18 4.23E-22 1.84E-69 3.41E-08 7.65E-11 4.00-116 5.75E-16 3.00E-07 2.78E-11
  7.75E+05 9.25E-20 6.22E-37 1.41E-20 4.46E-10 2.41E-11 5.80E-15 7.91E-42 1.60E-74 3.96-106 3.14E-18 4.22E-22 4.74E-71 3.88E-08 7.84E-11 1.74-105 5.97E-16 2.99E-07 3.75E-11
  8.75E+05 5.49E-20 2.40E-37 1.33E-20 4.90E-10 2.52E-11 3.41E-15 9.83E-43 1.98E-76 3.96-106 1.20E-17 4.22E-22 1.80E-72 4.38E-08 8.18E-11 1.94E-95 6.66E-16 2.99E-07 3.97E-11
  9.75E+05 3.66E-20 1.57E-37 1.51E-20 5.28E-10 2.72E-11 2.09E-15 1.25E-43 2.55E-78 3.96-106 5.40E-17 4.21E-22 1.18E-73 4.91E-08 8.68E-11 4.99E-86 7.69E-16 2.99E-07 3.62E-11
  1.08E+06 2.37E-20 3.29E-37 1.72E-20 5.75E-10 2.89E-11 1.29E-15 2.28E-44 6.34E-80 3.96-106 1.42E-16 4.21E-22 3.36E-74 5.59E-08 9.60E-11 3.60E-77 8.39E-16 2.99E-07 3.11E-11
  1.18E+06 9.19E-21 2.58E-36 3.41E-20 6.88E-10 3.03E-11 6.08E-16 2.97E-44 7.88E-80 3.96-106 3.80E-16 4.19E-22 2.49E-73 7.34E-08 1.27E-10 8.24E-69 9.22E-16 2.98E-07 2.63E-11
  1.28E+06 2.21E-21 4.70E-35 1.55E-19 8.94E-10 3.00E-11 2.26E-16 1.02E-43 6.76E-79 3.95-106 4.98E-16 4.16E-22 1.13E-71 1.09E-07 1.98E-10 1.91E-61 1.10E-15 2.97E-07 2.43E-11
  1.38E+06 3.25E-22 8.03E-34 7.55E-19 1.24E-09 2.83E-11 6.46E-17 2.14E-43 2.14E-78 3.95-106 6.02E-16 4.08E-22 2.89E-70 1.84E-07 3.63E-10 4.49E-55 1.58E-15 2.94E-07 2.60E-11
  1.48E+06 4.77E-23 9.97E-33 2.99E-18 1.58E-09 2.77E-11 2.21E-17 3.25E-43 3.54E-78 3.95-106 8.11E-16 3.95E-22 3.90E-69 3.04E-07 6.43E-10 1.25E-49 2.76E-15 2.89E-07 3.14E-11
  1.58E+06 7.66E-24 8.90E-32 9.29E-18 1.77E-09 2.73E-11 2.13E-17 4.17E-43 4.18E-78 3.95-106 1.14E-15 3.76E-22 3.19E-68 4.72E-07 1.05E-09 5.55E-45 5.16E-15 2.82E-07 4.10E-11
  1.68E+06 1.30E-24 5.95E-31 2.33E-17 1.74E-09 2.56E-11 3.44E-17 5.73E-43 5.67E-78 3.94-106 1.54E-15 3.52E-22 2.10E-67 6.93E-07 1.58E-09 5.28E-41 9.41E-15 2.72E-07 5.51E-11
  1.78E+06 4.21E-25 3.03E-30 4.72E-17 1.48E-09 2.20E-11 5.29E-17 1.34E-42 2.22E-77 3.94-106 1.92E-15 3.23E-22 1.79E-66 9.57E-07 2.20E-09 1.37E-37 1.58E-14 2.61E-07 7.33E-11
  1.88E+06 5.46E-25 1.15E-29 7.49E-17 1.05E-09 1.63E-11 6.76E-17 4.16E-42 1.54E-76 3.93-106 2.10E-15 2.89E-22 1.51E-65 1.26E-06 2.88E-09 1.19E-34 2.50E-14 2.47E-07 9.64E-11
  1.98E+06 9.07E-25 3.04E-29 8.71E-17 5.78E-10 9.70E-12 6.63E-17 1.04E-41 6.86E-76 3.92-106 1.87E-15 2.53E-22 7.15E-65 1.61E-06 3.57E-09 4.13E-32 3.72E-14 2.32E-07 1.24E-10
  2.08E+06 1.33E-24 6.31E-29 8.29E-17 2.73E-10 5.08E-12 5.51E-17 1.99E-41 1.83E-75 3.91-106 1.49E-15 2.17E-22 2.05E-64 1.97E-06 4.20E-09 6.61E-30 5.27E-14 2.17E-07 1.55E-10
  2.18E+06 1.87E-24 1.20E-28 7.49E-17 1.28E-10 2.68E-12 4.44E-17 3.49E-41 4.05E-75 3.91-106 1.22E-15 1.82E-22 4.92E-64 2.36E-06 4.72E-09 5.54E-28 7.21E-14 2.01E-07 1.87E-10
  2.28E+06 2.52E-24 2.09E-28 6.47E-17 6.02E-11 1.43E-12 3.47E-17 5.54E-41 7.37E-75 3.90-106 1.02E-15 1.48E-22 9.85E-64 2.77E-06 5.12E-09 2.71E-26 9.59E-14 1.84E-07 2.19E-10
  2.38E+06 3.23E-24 3.39E-28 5.37E-17 2.81E-11 7.70E-13 2.62E-17 7.87E-41 1.08E-74 3.89-106 8.62E-16 1.17E-22 1.64E-63 3.18E-06 5.35E-09 8.42E-25 1.24E-13 1.68E-07 2.46E-10
  2.48E+06 3.93E-24 5.10E-28 4.29E-17 1.31E-11 4.16E-13 1.91E-17 9.91E-41 1.24E-74 3.88-106 7.32E-16 8.90E-23 2.25E-63 3.60E-06 5.41E-09 1.77E-23 1.57E-13 1.53E-07 2.65E-10
  2.58E+06 4.52E-24 7.15E-28 3.29E-17 6.04E-12 2.27E-13 1.33E-17 1.10E-40 1.11E-74 3.87-106 6.19E-16 6.52E-23 2.55E-63 4.00E-06 5.31E-09 2.65E-22 1.94E-13 1.37E-07 2.73E-10
  2.68E+06 4.89E-24 9.34E-28 2.43E-17 2.78E-12 1.34E-13 8.88E-18 1.07E-40 7.69E-75 3.86-106 5.20E-16 4.56E-23 2.36E-63 4.39E-06 5.06E-09 2.91E-21 2.33E-13 1.22E-07 2.69E-10
  2.78E+06 4.99E-24 1.14E-27 1.74E-17 1.28E-12 1.13E-13 5.65E-18 9.22E-41 4.13E-75 3.85-106 4.36E-16 3.01E-23 1.81E-63 4.73E-06 4.67E-09 2.43E-20 2.74E-13 1.08E-07 2.53E-10
  2.88E+06 4.86E-24 1.34E-27 1.23E-17 6.00E-13 1.92E-13 3.48E-18 7.22E-41 1.85E-75 3.84-106 3.70E-16 1.88E-23 1.21E-63 5.01E-06 4.18E-09 1.57E-19 3.14E-13 9.43E-08 2.27E-10
  2.98E+06 4.49E-24 1.49E-27 8.48E-18 2.86E-13 4.19E-13 2.06E-18 5.07E-41 6.65E-76 3.83-106 3.16E-16 1.09E-23 6.89E-64 5.23E-06 3.61E-09 8.09E-19 3.52E-13 8.16E-08 1.94E-10
  3.08E+06 3.97E-24 1.59E-27 5.82E-18 1.40E-13 5.65E-13 1.18E-18 3.28E-41 2.04E-76 3.82-106 2.78E-16 5.84E-24 3.49E-64 5.38E-06 3.01E-09 3.38E-18 3.86E-13 7.00E-08 1.59E-10
  3.18E+06 3.45E-24 1.69E-27 4.06E-18 7.24E-14 6.32E-13 6.71E-19 2.06E-41 5.86E-77 3.81-106 2.54E-16 2.89E-24 1.70E-64 5.45E-06 2.43E-09 1.17E-17 4.14E-13 5.95E-08 1.25E-10
  3.28E+06 2.95E-24 1.77E-27 2.89E-18 3.94E-14 6.65E-13 3.82E-19 1.26E-41 1.61E-77 3.79-106 2.41E-16 1.31E-24 8.01E-65 5.47E-06 1.90E-09 3.41E-17 4.34E-13 5.02E-08 9.36E-11
  3.38E+06 2.51E-24 1.88E-27 2.14E-18 2.28E-14 6.82E-13 2.21E-19 7.75E-42 4.48E-78 3.78-106 2.36E-16 5.33E-25 3.84E-65 5.44E-06 1.44E-09 8.63E-17 4.44E-13 4.19E-08 6.74E-11
  3.48E+06 2.19E-24 2.06E-27 1.67E-18 1.43E-14 6.90E-13 1.32E-19 5.02E-42 1.39E-78 3.77-106 2.39E-16 1.98E-25 2.01E-65 5.38E-06 1.08E-09 1.92E-16 4.45E-13 3.48E-08 4.66E-11
  3.58E+06 1.99E-24 2.36E-27 1.40E-18 9.79E-15 6.94E-13 8.37E-20 3.54E-42 5.12E-79 3.75-106 2.47E-16 6.63E-26 1.21E-65 5.29E-06 7.93E-10 3.85E-16 4.34E-13 2.87E-08 3.09E-11
  3.68E+06 1.91E-24 2.89E-27 1.28E-18 7.44E-15 6.96E-13 5.69E-20 2.82E-42 2.43E-79 3.74-106 2.56E-16 2.04E-26 8.79E-66 5.19E-06 5.76E-10 7.06E-16 4.14E-13 2.37E-08 1.98E-11
  3.78E+06 1.93E-24 3.77E-27 1.27E-18 6.20E-15 6.97E-13 4.14E-20 2.52E-42 1.45E-79 3.72-106 2.60E-16 5.73E-27 7.66E-66 5.05E-06 4.14E-10 1.20E-15 3.84E-13 1.95E-08 1.21E-11
  3.88E+06 2.04E-24 5.13E-27 1.34E-18 5.55E-15 6.97E-13 3.17E-20 2.45E-42 1.03E-79 3.71-106 2.55E-16 1.47E-27 7.60E-66 4.87E-06 2.91E-10 1.93E-15 3.44E-13 1.61E-08 7.16E-12
  3.98E+06 2.22E-24 7.16E-27 1.47E-18 5.21E-15 6.97E-13 2.53E-20 2.50E-42 8.11E-80 3.69-106 2.42E-16 3.49E-28 8.19E-66 4.65E-06 2.00E-10 2.93E-15 2.97E-13 1.33E-08 4.09E-12
  4.08E+06 2.45E-24 1.01E-26 1.65E-18 5.04E-15 6.97E-13 2.08E-20 2.64E-42 6.87E-80 3.67-106 2.23E-16 7.68E-29 9.25E-66 4.38E-06 1.33E-10 4.30E-15 2.46E-13 1.10E-08 2.26E-12
  4.18E+06 2.75E-24 1.42E-26 1.89E-18 4.95E-15 6.97E-13 1.76E-20 2.87E-42 6.19E-80 3.66-106 2.01E-16 1.58E-29 1.08E-65 4.07E-06 8.40E-11 6.09E-15 1.93E-13 9.14E-09 1.22E-12
  4.28E+06 3.12E-24 2.00E-26 2.20E-18 4.91E-15 6.97E-13 1.55E-20 3.23E-42 6.00E-80 3.64-106 1.78E-16 3.25E-30 1.31E-65 3.74E-06 5.11E-11 8.44E-15 1.45E-13 7.62E-09 6.55E-13
  4.38E+06 3.57E-24 2.82E-26 2.59E-18 4.89E-15 6.96E-13 1.42E-20 3.78E-42 6.33E-80 3.62-106 1.55E-16 8.09E-31 1.67E-65 3.41E-06 3.00E-11 1.15E-14 1.05E-13 6.40E-09 3.51E-13
  4.48E+06 4.12E-24 3.98E-26 3.09E-18 4.88E-15 6.96E-13 1.36E-20 4.59E-42 7.27E-80 3.60-106 1.35E-16 3.51E-31 2.23E-65 3.09E-06 1.73E-11 1.57E-14 7.29E-14 5.42E-09 1.90E-13
  4.58E+06 4.77E-24 5.64E-26 3.73E-18 4.88E-15 6.96E-13 1.35E-20 5.80E-42 9.04E-80 3.59-106 1.16E-16 2.69E-31 3.11E-65 2.80E-06 9.76E-12 2.12E-14 4.94E-14 4.61E-09 1.03E-13
  4.68E+06 5.52E-24 8.02E-26 4.56E-18 4.88E-15 6.95E-13 1.38E-20 7.52E-42 1.19E-79 3.57-106 9.99E-17 2.62E-31 4.48E-65 2.54E-06 5.50E-12 2.88E-14 3.30E-14 3.97E-09 5.70E-14
  4.78E+06 6.34E-24 1.14E-25 5.59E-18 4.88E-15 6.95E-13 1.43E-20 9.85E-42 1.60E-79 3.55-106 8.54E-17 2.74E-31 6.51E-65 2.29E-06 3.10E-12 3.86E-14 2.18E-14 3.44E-09 3.17E-14
  4.88E+06 7.16E-24 1.60E-25 6.82E-18 4.88E-15 6.94E-13 1.49E-20 1.28E-41 2.12E-79 3.54-106 7.27E-17 2.96E-31 9.33E-65 2.06E-06 1.74E-12 5.09E-14 1.42E-14 3.00E-09 1.78E-14
  4.98E+06 8.00E-24 2.24E-25 8.30E-18 4.89E-15 6.94E-13 1.57E-20 1.66E-41 2.78E-79 3.52-106 6.16E-17 3.27E-31 1.32E-64 1.85E-06 9.78E-13 6.62E-14 9.29E-15 2.65E-09 1.00E-14
  5.08E+06 8.83E-24 3.12E-25 1.01E-17 4.89E-15 6.93E-13 1.65E-20 2.15E-41 3.60E-79 3.50-106 5.22E-17 3.69E-31 1.85E-64 1.67E-06 5.53E-13 8.53E-14 6.05E-15 2.35E-09 5.72E-15
  5.18E+06 9.68E-24 4.34E-25 1.22E-17 4.89E-15 6.93E-13 1.75E-20 2.76E-41 4.62E-79 3.48-106 4.41E-17 4.25E-31 2.57E-64 1.50E-06 3.15E-13 1.09E-13 3.94E-15 2.10E-09 3.28E-15
  5.28E+06 1.05E-23 6.02E-25 1.48E-17 4.90E-15 6.93E-13 1.86E-20 3.54E-41 5.90E-79 3.46-106 3.73E-17 4.97E-31 3.55E-64 1.35E-06 1.80E-13 1.38E-13 2.58E-15 1.88E-09 1.90E-15
  5.38E+06 1.15E-23 8.34E-25 1.79E-17 4.90E-15 6.92E-13 1.98E-20 4.53E-41 7.52E-79 3.44-106 3.16E-17 5.90E-31 4.89E-64 1.22E-06 1.04E-13 1.73E-13 1.69E-15 1.70E-09 1.11E-15
  5.48E+06 1.24E-23 1.15E-24 2.17E-17 4.89E-15 6.91E-13 2.12E-20 5.82E-41 9.61E-79 3.42-106 2.67E-17 7.10E-31 6.73E-64 1.10E-06 6.04E-14 2.17E-13 1.11E-15 1.54E-09 6.53E-16
  5.58E+06 1.35E-23 1.59E-24 2.62E-17 4.89E-15 6.91E-13 2.28E-20 7.50E-41 1.24E-78 3.40-106 2.27E-17 8.61E-31 9.29E-64 9.89E-07 3.54E-14 2.70E-13 7.28E-16 1.41E-09 3.88E-16
  5.68E+06 1.48E-23 2.20E-24 3.17E-17 4.89E-15 6.90E-13 2.46E-20 9.75E-41 1.61E-78 3.38-106 1.92E-17 1.05E-30 1.29E-63 8.89E-07 2.09E-14 3.35E-13 4.82E-16 1.29E-09 2.33E-16
  5.78E+06 1.62E-23 3.04E-24 3.84E-17 4.88E-15 6.90E-13 2.68E-20 1.28E-40 2.15E-78 3.36-106 1.63E-17 1.29E-30 1.80E-63 7.99E-07 1.25E-14 4.13E-13 3.20E-16 1.18E-09 1.41E-16
  5.88E+06 1.80E-23 4.20E-24 4.64E-17 4.87E-15 6.89E-13 2.93E-20 1.70E-40 2.92E-78 3.33-106 1.39E-17 1.58E-30 2.55E-63 7.15E-07 7.55E-15 5.08E-13 2.14E-16 1.09E-09 8.65E-17
  5.98E+06 2.02E-23 5.80E-24 5.61E-17 4.86E-15 6.88E-13 3.23E-20 2.29E-40 4.06E-78 3.31-106 1.18E-17 1.95E-30 3.64E-63 6.39E-07 4.62E-15 6.22E-13 1.44E-16 1.00E-09 5.38E-17
  6.08E+06 2.28E-23 8.01E-24 6.78E-17 4.85E-15 6.87E-13 3.58E-20 3.11E-40 5.79E-78 3.28-106 1.00E-17 2.39E-30 5.26E-63 5.69E-07 2.87E-15 7.60E-13 9.78E-17 9.27E-10 3.40E-17
  6.18E+06 2.60E-23 1.11E-23 8.19E-17 4.83E-15 6.86E-13 3.99E-20 4.29E-40 8.45E-78 3.25-106 8.49E-18 2.94E-30 7.69E-63 5.05E-07 1.81E-15 9.25E-13 6.71E-17 8.60E-10 2.18E-17
  6.28E+06 3.00E-23 1.53E-23 9.90E-17 4.81E-15 6.85E-13 4.47E-20 5.98E-40 1.26E-77 3.22-106 7.20E-18 3.59E-30 1.13E-62 4.48E-07 1.16E-15 1.12E-12 4.65E-17 7.99E-10 1.42E-17
  6.38E+06 3.49E-23 2.11E-23 1.19E-16 4.79E-15 6.84E-13 5.03E-20 8.43E-40 1.91E-77 3.19-106 6.10E-18 4.38E-30 1.69E-62 3.96E-07 7.52E-16 1.36E-12 3.27E-17 7.44E-10 9.37E-18
  6.48E+06 4.10E-23 2.91E-23 1.44E-16 4.76E-15 6.83E-13 5.68E-20 1.20E-39 2.95E-77 3.15-106 5.17E-18 5.33E-30 2.53E-62 3.49E-07 4.98E-16 1.65E-12 2.32E-17 6.94E-10 6.31E-18
  6.58E+06 4.90E-23 4.00E-23 1.73E-16 4.73E-15 6.82E-13 6.47E-20 1.74E-39 4.74E-77 3.11-106 4.38E-18 6.50E-30 3.85E-62 3.06E-07 3.38E-16 1.99E-12 1.68E-17 6.48E-10 4.36E-18
  6.68E+06 6.04E-23 5.50E-23 2.08E-16 4.69E-15 6.80E-13 7.48E-20 2.61E-39 8.12E-77 3.07-106 3.70E-18 7.97E-30 6.04E-62 2.66E-07 2.37E-16 2.39E-12 1.23E-17 6.06E-10 3.11E-18
  6.78E+06 7.84E-23 7.51E-23 2.47E-16 4.64E-15 6.79E-13 8.90E-20 4.17E-39 1.57E-76 3.03-106 3.13E-18 9.95E-30 1.00E-61 2.28E-07 1.75E-16 2.86E-12 9.31E-18 5.68E-10 2.35E-18
  6.88E+06 1.10E-22 1.02E-22 2.92E-16 4.59E-15 6.77E-13 1.11E-19 7.25E-39 3.60E-76 2.99-106 2.64E-18 1.28E-29 1.79E-61 1.90E-07 1.40E-16 3.38E-12 7.29E-18 5.32E-10 1.93E-18
  6.98E+06 1.67E-22 1.37E-22 3.41E-16 4.53E-15 6.75E-13 1.43E-19 1.38E-38 9.90E-76 2.94-106 2.24E-18 1.71E-29 3.46E-61 1.55E-07 1.21E-16 3.96E-12 5.97E-18 4.99E-10 1.74E-18
  7.08E+06 2.69E-22 1.80E-22 3.92E-16 4.47E-15 6.73E-13 1.91E-19 2.79E-38 3.05E-75 2.88-106 1.92E-18 2.39E-29 6.97E-61 1.24E-07 1.14E-16 4.55E-12 5.08E-18 4.68E-10 1.69E-18
  7.18E+06 4.43E-22 2.34E-22 4.43E-16 4.41E-15 6.70E-13 2.53E-19 5.65E-38 9.45E-75 2.83-106 1.65E-18 3.48E-29 1.38E-60 9.90E-08 1.11E-16 5.14E-12 4.43E-18 4.39E-10 1.70E-18
  7.28E+06 7.10E-22 3.00E-22 4.92E-16 4.35E-15 6.67E-13 3.24E-19 1.08E-37 2.62E-74 2.77-106 1.43E-18 5.15E-29 2.56E-60 7.95E-08 1.09E-16 5.74E-12 3.88E-18 4.12E-10 1.70E-18
  7.38E+06 1.08E-21 3.79E-22 5.40E-16 4.29E-15 6.64E-13 3.92E-19 1.90E-37 6.01E-74 2.70-106 1.25E-18 7.67E-29 4.25E-60 6.50E-08 1.02E-16 6.35E-12 3.38E-18 3.86E-10 1.62E-18
  7.48E+06 1.48E-21 4.74E-22 5.81E-16 4.24E-15 6.61E-13 4.32E-19 2.83E-37 9.97E-74 2.63-106 1.08E-18 1.13E-28 5.89E-60 5.37E-08 8.91E-17 6.96E-12 2.82E-18 3.62E-10 1.40E-18
  7.58E+06 1.87E-21 5.92E-22 6.25E-16 4.18E-15 6.57E-13 4.44E-19 3.77E-37 1.31E-73 2.56-106 9.39E-19 1.63E-28 7.27E-60 4.53E-08 7.19E-17 7.70E-12 2.29E-18 3.39E-10 1.11E-18
  7.68E+06 2.29E-21 7.39E-22 6.72E-16 4.12E-15 6.52E-13 4.41E-19 4.78E-37 1.57E-73 2.48-106 8.19E-19 2.29E-28 8.55E-60 3.83E-08 5.54E-17 8.62E-12 1.83E-18 3.17E-10 8.43E-19
  7.78E+06 2.86E-21 9.13E-22 7.14E-16 4.06E-15 6.48E-13 4.34E-19 6.06E-37 1.86E-73 2.39-106 7.32E-19 3.13E-28 9.93E-60 3.20E-08 4.11E-17 9.69E-12 1.49E-18 2.96E-10 6.31E-19
  7.88E+06 2.78E-21 1.16E-21 7.83E-16 3.97E-15 6.42E-13 3.56E-19 5.36E-37 1.08E-73 2.30-106 6.90E-19 4.21E-28 8.31E-60 2.95E-08 2.56E-17 1.17E-11 1.13E-18 2.76E-10 3.79E-19
  7.98E+06 1.03E-21 1.70E-21 9.87E-16 3.74E-15 6.36E-13 1.59E-19 1.39E-37 5.45E-75 2.20-106 7.18E-19 5.52E-28 2.35E-60 3.87E-08 1.09E-17 1.76E-11 6.22E-19 2.57E-10 1.21E-19
  8.08E+06 1.64E-22 2.61E-21 1.30E-15 3.40E-15 6.29E-13 4.23E-20 1.26E-38 3.34E-77 2.10-106 8.64E-19 6.78E-28 2.41E-61 6.51E-08 3.56E-18 2.91E-11 2.34E-19 2.39E-10 2.26E-20
  8.18E+06 2.24E-23 3.72E-21 1.60E-15 3.08E-15 6.21E-13 1.02E-20 9.57E-40 1.44E-79 1.99-106 1.14E-18 7.35E-28 1.94E-62 1.08E-07 1.06E-18 4.62E-11 8.80E-20 2.21E-10 3.54E-21
  8.28E+06 3.51E-24 4.97E-21 1.83E-15 2.81E-15 6.12E-13 2.72E-21 8.93E-41 9.26E-82 1.87-106 1.51E-18 6.97E-28 1.80E-63 1.66E-07 3.09E-19 7.06E-11 4.68E-20 2.05E-10 5.90E-22
  8.38E+06 6.59E-25 6.39E-21 2.03E-15 2.58E-15 6.02E-13 8.19E-22 1.08E-41 1.00E-83 1.75-106 1.92E-18 5.98E-28 2.08E-64 2.34E-07 9.09E-20 1.08E-10 3.35E-20 1.89E-10 1.24E-22
  8.48E+06 1.46E-25 8.01E-21 2.18E-15 2.39E-15 5.91E-13 2.77E-22 1.66E-42 1.78E-85 1.61-106 2.32E-18 4.85E-28 2.96E-65 3.09E-07 2.77E-20 1.72E-10 2.74E-20 1.73E-10 3.59E-23
  8.58E+06 3.73E-26 9.88E-21 2.32E-15 2.21E-15 5.78E-13 1.04E-22 3.14E-43 5.13E-87 1.48-106 2.64E-18 3.86E-28 5.15E-66 3.87E-07 9.15E-21 2.95E-10 2.37E-20 1.59E-10 1.33E-23
  8.68E+06 1.09E-26 1.21E-20 2.43E-15 2.05E-15 5.63E-13 4.31E-23 7.19E-44 2.72E-88 1.34-106 2.86E-18 3.07E-28 1.07E-66 4.61E-07 3.43E-21 5.49E-10 2.08E-20 1.45E-10 5.66E-24
  8.78E+06 3.57E-27 1.47E-20 2.53E-15 1.90E-15 5.47E-13 1.93E-23 1.97E-44 3.03E-89 1.19-106 2.95E-18 2.47E-28 2.65E-67 5.27E-07 1.50E-21 1.10E-09 1.84E-20 1.33E-10 2.60E-24
  8.88E+06 1.30E-27 1.77E-20 2.62E-15 1.75E-15 5.29E-13 9.33E-24 6.50E-45 6.19E-90 1.05-106 2.92E-18 2.00E-28 7.85E-68 5.79E-07 7.41E-22 2.30E-09 1.61E-20 1.21E-10 1.23E-24
  8.98E+06 5.19E-28 2.14E-20 2.70E-15 1.60E-15 5.10E-13 4.81E-24 2.64E-45 1.85E-90 9.11-107 2.78E-18 1.65E-28 2.86E-68 6.15E-07 3.93E-22 4.89E-09 1.38E-20 1.09E-10 5.93E-25
  9.08E+06 2.25E-28 2.57E-20 2.77E-15 1.46E-15 4.88E-13 2.63E-24 1.35E-45 7.38E-91 7.75-107 2.54E-18 1.37E-28 1.31E-68 6.34E-07 2.13E-22 1.03E-08 1.14E-20 9.87E-11 2.84E-25
  9.18E+06 1.05E-28 3.08E-20 2.83E-15 1.31E-15 4.64E-13 1.51E-24 8.76E-46 3.76E-91 6.47-107 2.25E-18 1.17E-28 7.57E-69 6.34E-07 1.14E-22 2.14E-08 9.12E-21 8.89E-11 1.34E-25
  9.28E+06 5.20E-29 3.68E-20 2.89E-15 1.17E-15 4.39E-13 9.06E-25 6.82E-46 2.31E-91 5.29-107 1.92E-18 1.01E-28 5.25E-69 6.18E-07 6.01E-23 4.28E-08 7.03E-21 7.98E-11 6.28E-26
  9.38E+06 2.73E-29 4.39E-20 2.93E-15 1.03E-15 4.12E-13 5.65E-25 6.01E-46 1.60E-91 4.22-107 1.60E-18 8.89E-29 4.10E-69 5.88E-07 3.09E-23 8.21E-08 5.29E-21 7.16E-11 2.90E-26
  9.48E+06 1.51E-29 5.22E-20 2.96E-15 9.03E-16 3.84E-13 3.65E-25 5.69E-46 1.19E-91 3.28-107 1.29E-18 8.02E-29 3.44E-69 5.47E-07 1.56E-23 1.51E-07 3.92E-21 6.42E-11 1.34E-26
  9.58E+06 8.74E-30 6.17E-20 2.98E-15 7.78E-16 3.54E-13 2.42E-25 5.62E-46 9.14E-92 2.48-107 1.02E-18 7.45E-29 3.00E-69 4.98E-07 7.77E-24 2.64E-07 2.88E-21 5.77E-11 6.23E-27
  9.68E+06 5.28E-30 7.27E-20 2.97E-15 6.62E-16 3.23E-13 1.65E-25 5.69E-46 7.14E-92 1.82-107 7.88E-19 7.18E-29 2.67E-69 4.45E-07 3.85E-24 4.44E-07 2.11E-21 5.21E-11 2.92E-27
  9.78E+06 3.33E-30 8.52E-20 2.96E-15 5.57E-16 2.92E-13 1.16E-25 5.86E-46 5.62E-92 1.30-107 6.02E-19 7.28E-29 2.40E-69 3.90E-07 1.90E-24 7.16E-07 1.55E-21 4.75E-11 1.39E-27
  9.88E+06 2.20E-30 9.91E-20 2.92E-15 4.64E-16 2.62E-13 8.33E-26 6.09E-46 4.41E-92 8.96-108 4.66E-19 7.95E-29 2.17E-69 3.34E-07 9.62E-25 1.11E-06 1.13E-21 4.39E-11 6.81E-28
  9.98E+06 1.56E-30 1.14E-19 2.85E-15 3.95E-16 2.31E-13 6.22E-26 6.39E-46 3.41E-92 6.03-108 3.84E-19 9.34E-29 1.95E-69 2.79E-07 5.81E-25 1.67E-06 8.30E-22 4.16E-11 3.84E-28

 TP, TL
           1.76E+08 5.54E+02 2.81E+08 6.50E+11 6.79E+09 1.10E+08 2.70E-16 3.06E-39 4.64E-92 6.79E+09 1.37E-05 4.93E-36 2.36E+15 1.47E+10 1.35E+08 3.82E+10 7.58E+05 2.86E+10
           1.76E+08 5.54E+02 2.81E+08 6.58E+11 6.68E+09 9.78E+07 2.70E-16 3.06E-39 4.64E-92 6.79E+09 1.37E-05 4.93E-36 2.36E+15 1.46E+10 2.35E+08 3.82E+10 1.35E+09 2.86E+10

     Z        N2O5     CO2      SO4AER   S8AER   
  2.50E+04 6.43E-18 2.10E-04 2.04E-10 1.00E-38
  7.50E+04 8.53E-18 2.10E-04 2.17E-10 1.00E-38
  1.25E+05 1.23E-17 2.10E-04 2.40E-10 1.00E-38
  1.75E+05 1.92E-17 2.10E-04 2.76E-10 1.00E-38
  2.75E+05 5.48E-17 2.10E-04 3.79E-10 1.00E-38
  3.75E+05 1.73E-16 2.10E-04 5.07E-10 1.00E-38
  4.75E+05 5.57E-16 2.10E-04 6.54E-10 1.00E-38
  5.75E+05 1.38E-15 2.10E-04 8.12E-10 1.00E-38
  6.75E+05 2.27E-15 2.10E-04 9.80E-10 1.00E-38
  7.75E+05 2.98E-15 2.10E-04 1.16E-09 1.00E-38
  8.75E+05 3.69E-15 2.10E-04 1.35E-09 1.00E-38
  9.75E+05 4.36E-15 2.10E-04 1.55E-09 1.00E-38
  1.08E+06 4.98E-15 2.10E-04 1.81E-09 1.00E-38
  1.18E+06 6.93E-15 2.10E-04 2.44E-09 1.00E-38
  1.28E+06 1.24E-14 2.10E-04 3.49E-09 1.00E-38
  1.38E+06 3.27E-14 2.10E-04 5.16E-09 1.00E-38
  1.48E+06 9.69E-14 2.10E-04 6.93E-09 1.00E-38
  1.58E+06 2.68E-13 2.10E-04 8.21E-09 1.00E-38
  1.68E+06 6.46E-13 2.10E-04 8.69E-09 1.00E-38
  1.78E+06 1.30E-12 2.10E-04 8.32E-09 1.00E-38
  1.88E+06 2.28E-12 2.10E-04 7.36E-09 1.00E-38
  1.98E+06 3.58E-12 2.10E-04 6.14E-09 1.00E-38
  2.08E+06 5.10E-12 2.10E-04 5.00E-09 1.00E-38
  2.18E+06 6.81E-12 2.10E-04 4.04E-09 1.00E-38
  2.28E+06 8.60E-12 2.10E-04 3.27E-09 1.00E-38
  2.38E+06 1.03E-11 2.10E-04 2.67E-09 1.00E-38
  2.48E+06 1.17E-11 2.10E-04 2.20E-09 1.00E-38
  2.58E+06 1.26E-11 2.10E-04 1.83E-09 1.00E-38
  2.68E+06 1.28E-11 2.10E-04 1.54E-09 1.00E-38
  2.78E+06 1.22E-11 2.10E-04 1.30E-09 1.00E-38
  2.88E+06 1.09E-11 2.10E-04 1.11E-09 1.00E-38
  2.98E+06 9.25E-12 2.10E-04 9.58E-10 1.00E-38
  3.08E+06 7.38E-12 2.10E-04 8.33E-10 1.00E-38
  3.18E+06 5.57E-12 2.10E-04 7.29E-10 1.00E-38
  3.28E+06 3.99E-12 2.11E-04 6.34E-10 1.00E-38
  3.38E+06 2.71E-12 2.11E-04 5.47E-10 1.00E-38
  3.48E+06 1.76E-12 2.11E-04 4.68E-10 1.00E-38
  3.58E+06 1.08E-12 2.11E-04 3.98E-10 1.00E-38
  3.68E+06 6.33E-13 2.11E-04 3.37E-10 1.00E-38
  3.78E+06 3.49E-13 2.11E-04 2.83E-10 1.00E-38
  3.88E+06 1.80E-13 2.11E-04 2.37E-10 1.00E-38
  3.98E+06 8.66E-14 2.11E-04 1.97E-10 1.00E-38
  4.08E+06 3.84E-14 2.11E-04 1.63E-10 1.00E-38
  4.18E+06 1.58E-14 2.11E-04 1.34E-10 1.00E-38
  4.28E+06 6.11E-15 2.11E-04 1.10E-10 1.00E-38
  4.38E+06 2.26E-15 2.11E-04 8.97E-11 1.00E-38
  4.48E+06 8.18E-16 2.11E-04 7.30E-11 1.00E-38
  4.58E+06 2.91E-16 2.11E-04 5.90E-11 1.00E-38
  4.68E+06 1.03E-16 2.11E-04 4.76E-11 1.00E-38
  4.78E+06 3.66E-17 2.11E-04 3.82E-11 1.00E-38
  4.88E+06 1.29E-17 2.11E-04 3.04E-11 1.00E-38
  4.98E+06 4.58E-18 2.11E-04 2.40E-11 1.00E-38
  5.08E+06 1.64E-18 2.11E-04 1.88E-11 1.00E-38
  5.18E+06 5.92E-19 2.11E-04 1.46E-11 1.00E-38
  5.28E+06 2.16E-19 2.10E-04 1.12E-11 1.00E-38
  5.38E+06 7.97E-20 2.10E-04 8.43E-12 1.00E-38
  5.48E+06 2.97E-20 2.10E-04 6.23E-12 1.00E-38
  5.58E+06 1.12E-20 2.10E-04 4.51E-12 1.00E-38
  5.68E+06 4.25E-21 2.10E-04 3.18E-12 1.00E-38
  5.78E+06 1.64E-21 2.10E-04 2.19E-12 1.00E-38
  5.88E+06 6.42E-22 2.10E-04 1.45E-12 1.00E-38
  5.98E+06 2.56E-22 2.10E-04 9.33E-13 1.00E-38
  6.08E+06 1.04E-22 2.10E-04 5.75E-13 1.00E-38
  6.18E+06 4.30E-23 2.10E-04 3.38E-13 1.00E-38
  6.28E+06 1.83E-23 2.10E-04 1.89E-13 1.00E-38
  6.38E+06 7.95E-24 2.10E-04 9.92E-14 1.00E-38
  6.48E+06 3.55E-24 2.10E-04 4.88E-14 1.00E-38
  6.58E+06 1.64E-24 2.10E-04 2.22E-14 1.00E-38
  6.68E+06 7.86E-25 2.09E-04 9.24E-15 1.00E-38
  6.78E+06 4.02E-25 2.09E-04 3.48E-15 1.00E-38
  6.88E+06 2.24E-25 2.09E-04 1.17E-15 1.00E-38
  6.98E+06 1.38E-25 2.09E-04 3.42E-16 1.00E-38
  7.08E+06 9.31E-26 2.09E-04 8.58E-17 1.00E-38
  7.18E+06 6.62E-26 2.08E-04 1.79E-17 1.00E-38
  7.28E+06 4.73E-26 2.08E-04 3.01E-18 1.00E-38
  7.38E+06 3.25E-26 2.08E-04 3.90E-19 1.00E-38
  7.48E+06 2.02E-26 2.07E-04 3.66E-20 1.00E-38
  7.58E+06 1.14E-26 2.07E-04 2.28E-21 1.00E-38
  7.68E+06 6.17E-27 2.06E-04 8.29E-23 1.00E-38
  7.78E+06 3.31E-27 2.06E-04 1.40E-24 1.00E-38
  7.88E+06 1.45E-27 2.05E-04 6.27E-27 1.00E-38
  7.98E+06 3.44E-28 2.04E-04 1.66E-29 1.00E-38
  8.08E+06 4.62E-29 2.03E-04 1.48E-31 1.00E-38
  8.18E+06 5.14E-30 2.02E-04 6.23E-34 1.00E-38
  8.28E+06 6.68E-31 2.01E-04 1.09E-36 1.00E-38
  8.38E+06 1.52E-31 2.00E-04 1.00E-38 1.00E-38
  8.48E+06 6.49E-32 1.99E-04 1.00E-38 1.00E-38
  8.58E+06 3.66E-32 1.97E-04 1.00E-38 1.00E-38
  8.68E+06 2.26E-32 1.96E-04 1.00E-38 1.00E-38
  8.78E+06 1.42E-32 1.94E-04 1.00E-38 1.00E-38
  8.88E+06 8.89E-33 1.92E-04 1.00E-38 1.00E-38
  8.98E+06 5.34E-33 1.90E-04 1.00E-38 1.00E-38
  9.08E+06 3.03E-33 1.87E-04 1.00E-38 1.00E-38
  9.18E+06 1.61E-33 1.85E-04 1.00E-38 1.00E-38
  9.28E+06 8.10E-34 1.82E-04 1.00E-38 1.00E-38
  9.38E+06 3.89E-34 1.79E-04 1.00E-38 1.00E-38
  9.48E+06 1.82E-34 1.75E-04 1.00E-38 1.00E-38
  9.58E+06 8.43E-35 1.71E-04 1.00E-38 1.00E-38
  9.68E+06 3.90E-35 1.67E-04 1.00E-38 1.00E-38
  9.78E+06 1.81E-35 1.63E-04 1.00E-38 1.00E-38
  9.88E+06 8.46E-36 1.59E-04 1.00E-38 1.00E-38
  9.98E+06 4.30E-36 1.54E-04 1.00E-38 1.00E-38

 TP, TL
           3.08E+08 2.62E+11 6.48E+09 0.00E+00
           3.08E+08 1.43E+09 6.41E+09 1.71E-19

     TP = 0.000E+00  TL = 1.707E-19


 OZONE COLUMN DEPTH =  6.0729E+18


 O2, CO, CH4 COLUMN DEPTHs =      2.748E+24     1.711E+18     3.805E+19

 SULFUR COLUMN DEPTHS:  H2S = 3.190E+13  SO2 = 9.247E+15  S2 = 8.898E-12  S4 = 2.643E-38  S8 = 0.000E+00

 SCALED AEROSOL EXTINCTION OPTICAL DEPTHS
     SULFATE = 7.066E-02     S8(VIS) = 2.025E-30     S8(UV) = 4.051E-30

 FH2O AT COLD TRAP = 6.417E-06

 NUMBER DENSITIES OF LONG-LIVED SPECIES


     Z        O        O2       H2O      H        OH       HO2      H2O2     H2       CO       HCO      H2CO     CH4      CH3      C2H6     NO       NO2      HNO      H2S     
  2.50E+04 1.30E+03 3.14E+18 2.82E+17 1.79E-01 1.13E+06 2.78E+08 2.73E+10 1.32E+13 2.74E+12 7.21E-03 6.10E+09 4.48E+13 6.42E-02 4.83E-07 5.58E+07 1.15E+08 4.01E+02 2.20E+08
  1.25E+05 1.57E+03 2.84E+18 1.79E+17 1.91E-01 1.19E+06 2.61E+08 2.67E+10 1.20E+13 2.35E+12 7.37E-03 5.20E+09 4.05E+13 5.92E-02 4.37E-07 6.10E+07 1.10E+08 3.10E+02 9.47E+07
  2.25E+05 1.95E+03 2.57E+18 1.09E+17 2.03E-01 1.26E+06 2.36E+08 2.43E+10 1.08E+13 2.01E+12 7.00E-03 4.12E+09 3.65E+13 5.43E-02 3.94E-07 7.16E+07 1.14E+08 1.78E+02 4.03E+07
  3.25E+05 2.47E+03 2.32E+18 6.06E+16 2.12E-01 1.32E+06 2.05E+08 2.03E+10 9.78E+12 1.72E+12 6.40E-03 3.18E+09 3.29E+13 4.86E-02 3.55E-07 8.78E+07 1.24E+08 9.78E+01 1.70E+07
  4.25E+05 3.11E+03 2.09E+18 3.18E+16 2.16E-01 1.35E+06 1.71E+08 1.58E+10 8.83E+12 1.47E+12 5.60E-03 2.38E+09 2.97E+13 4.18E-02 3.20E-07 1.09E+08 1.34E+08 5.30E+01 7.20E+06
  5.25E+05 3.83E+03 1.89E+18 1.51E+16 2.06E-01 1.30E+06 1.36E+08 1.15E+10 7.97E+12 1.26E+12 4.43E-03 1.67E+09 2.67E+13 3.26E-02 2.89E-07 1.24E+08 1.31E+08 2.72E+01 3.15E+06
  6.25E+05 4.58E+03 1.70E+18 6.37E+15 1.74E-01 1.11E+06 1.03E+08 7.96E+09 7.19E+12 1.09E+12 2.98E-03 1.05E+09 2.41E+13 2.16E-02 2.63E-07 1.19E+08 1.02E+08 1.25E+01 1.47E+06
  7.25E+05 5.34E+03 1.54E+18 2.36E+15 1.37E-01 8.85E+05 7.42E+07 5.25E+09 6.49E+12 9.46E+11 1.82E-03 6.04E+08 2.18E+13 1.28E-02 2.42E-07 1.11E+08 7.46E+07 5.94E+00 7.43E+05
  8.25E+05 6.12E+03 1.38E+18 7.64E+14 1.20E-01 7.88E+05 5.05E+07 3.30E+09 5.85E+12 8.22E+11 1.18E-03 3.54E+08 1.96E+13 8.11E-03 2.23E-07 1.38E+08 6.99E+07 3.87E+00 3.91E+05
  9.25E+05 6.90E+03 1.24E+18 2.18E+14 1.18E-01 7.89E+05 3.26E+07 2.01E+09 5.26E+12 7.15E+11 8.44E-04 2.19E+08 1.76E+13 5.54E-03 2.08E-07 2.06E+08 7.61E+07 3.11E+00 2.14E+05
  1.02E+06 7.99E+03 1.10E+18 6.87E+13 1.21E-01 7.94E+05 2.12E+07 1.20E+09 4.67E+12 6.16E+11 6.40E-04 1.43E+08 1.56E+13 4.00E-03 1.93E-07 2.86E+08 7.86E+07 2.39E+00 1.19E+05
  1.12E+06 1.09E+04 9.51E+17 3.78E+13 1.26E-01 7.53E+05 1.41E+07 6.14E+08 4.02E+12 5.09E+11 5.36E-04 1.02E+08 1.34E+13 3.67E-03 1.84E-07 3.59E+08 8.82E+07 1.49E+00 5.84E+04
  1.22E+06 1.82E+04 8.15E+17 2.64E+13 1.11E-01 6.23E+05 7.40E+06 1.94E+08 3.44E+12 4.03E+11 4.12E-04 6.92E+07 1.15E+13 3.07E-03 2.04E-07 4.90E+08 1.30E+08 6.98E-01 1.91E+04
  1.32E+06 3.35E+04 6.96E+17 2.26E+13 8.74E-02 4.63E+05 3.58E+06 4.47E+07 2.94E+12 3.10E+11 2.91E-04 4.37E+07 9.77E+12 2.39E-03 2.63E-07 6.67E+08 2.20E+08 2.82E-01 5.37E+03
  1.42E+06 6.85E+04 5.93E+17 1.94E+13 6.52E-02 3.39E+05 1.77E+06 7.13E+06 2.50E+12 2.26E+11 2.11E-04 2.78E+07 8.25E+12 1.91E-03 3.95E-07 9.15E+08 4.27E+08 9.81E-02 1.15E+03
  1.52E+06 1.31E+05 5.05E+17 1.67E+13 5.84E-02 3.00E+05 1.23E+06 1.84E+06 2.12E+12 1.62E+11 1.93E-04 2.16E+07 6.93E+12 1.91E-03 5.63E-07 1.12E+09 7.02E+08 6.10E-02 2.31E+02
  1.62E+06 2.37E+05 4.29E+17 1.44E+13 5.74E-02 2.94E+05 1.05E+06 1.04E+06 1.80E+12 1.14E+11 2.01E-04 1.88E+07 5.78E+12 2.15E-03 7.72E-07 1.28E+09 1.03E+09 7.91E-02 4.06E+01
  1.72E+06 4.05E+05 3.65E+17 1.25E+13 6.05E-02 3.09E+05 1.04E+06 9.20E+05 1.52E+12 7.90E+10 2.27E-04 1.75E+07 4.80E+12 2.61E-03 1.01E-06 1.39E+09 1.37E+09 1.13E-01 6.30E+00
  1.82E+06 6.57E+05 3.10E+17 1.09E+13 6.81E-02 3.41E+05 1.12E+06 1.01E+06 1.28E+12 5.51E+10 2.68E-04 1.70E+07 3.97E+12 3.33E-03 1.25E-06 1.46E+09 1.66E+09 1.39E-01 8.86E-01
  1.92E+06 1.03E+06 2.64E+17 9.45E+12 8.11E-02 3.90E+05 1.30E+06 1.25E+06 1.08E+12 3.89E+10 3.27E-04 1.69E+07 3.27E+12 4.38E-03 1.52E-06 1.49E+09 1.91E+09 1.36E-01 1.11E-01
  2.02E+06 1.55E+06 2.24E+17 8.24E+12 1.03E-01 4.61E+05 1.56E+06 1.68E+06 9.10E+11 2.81E+10 4.09E-04 1.71E+07 2.68E+12 5.90E-03 1.78E-06 1.50E+09 2.09E+09 1.05E-01 1.25E-02
  2.12E+06 2.28E+06 1.91E+17 7.18E+12 1.37E-01 5.59E+05 1.94E+06 2.35E+06 7.65E+11 2.10E+10 5.22E-04 1.76E+07 2.20E+12 8.12E-03 2.06E-06 1.51E+09 2.23E+09 7.94E-02 1.29E-03
  2.22E+06 3.28E+06 1.62E+17 6.26E+12 1.93E-01 6.91E+05 2.42E+06 3.34E+06 6.42E+11 1.61E+10 6.77E-04 1.82E+07 1.79E+12 1.13E-02 2.37E-06 1.52E+09 2.34E+09 6.17E-02 1.38E-04
  2.32E+06 4.64E+06 1.38E+17 5.47E+12 2.83E-01 8.67E+05 3.04E+06 4.71E+06 5.39E+11 1.27E+10 8.90E-04 1.89E+07 1.47E+12 1.60E-02 2.72E-06 1.53E+09 2.42E+09 5.17E-02 3.54E-05
  2.42E+06 6.47E+06 1.18E+17 4.77E+12 4.29E-01 1.10E+06 3.80E+06 6.50E+06 4.52E+11 1.03E+10 1.18E-03 1.95E+07 1.19E+12 2.28E-02 3.14E-06 1.55E+09 2.47E+09 4.82E-02 2.65E-05
  2.52E+06 8.89E+06 1.00E+17 4.16E+12 6.73E-01 1.40E+06 4.70E+06 8.70E+06 3.79E+11 8.45E+09 1.56E-03 2.00E+07 9.74E+11 3.25E-02 3.69E-06 1.58E+09 2.49E+09 5.05E-02 2.36E-05
  2.62E+06 1.21E+07 8.58E+16 3.64E+12 1.09E+00 1.78E+06 5.73E+06 1.12E+07 3.17E+11 7.06E+09 2.07E-03 2.04E+07 7.92E+11 4.64E-02 4.41E-06 1.60E+09 2.47E+09 5.81E-02 2.01E-05
  2.72E+06 1.63E+07 7.32E+16 3.18E+12 1.80E+00 2.24E+06 6.85E+06 1.37E+07 2.66E+11 5.97E+09 2.73E-03 2.04E+07 6.43E+11 6.61E-02 5.40E-06 1.61E+09 2.40E+09 7.09E-02 1.61E-05
  2.82E+06 2.17E+07 6.26E+16 2.78E+12 3.07E+00 2.77E+06 7.98E+06 1.58E+07 2.22E+11 5.10E+09 3.53E-03 2.01E+07 5.21E+11 9.34E-02 6.75E-06 1.62E+09 2.30E+09 8.87E-02 1.21E-05
  2.92E+06 2.87E+07 5.35E+16 2.42E+12 5.36E+00 3.35E+06 9.04E+06 1.73E+07 1.85E+11 4.40E+09 4.48E-03 1.95E+07 4.22E+11 1.31E-01 8.63E-06 1.61E+09 2.15E+09 1.12E-01 8.66E-06
  3.02E+06 3.78E+07 4.57E+16 2.12E+12 9.50E+00 3.96E+06 9.94E+06 1.78E+07 1.55E+11 3.82E+09 5.56E-03 1.87E+07 3.40E+11 1.81E-01 1.13E-05 1.58E+09 1.96E+09 1.39E-01 5.85E-06
  3.12E+06 4.94E+07 3.91E+16 1.85E+12 1.71E+01 4.57E+06 1.06E+07 1.75E+07 1.29E+11 3.35E+09 6.75E-03 1.76E+07 2.74E+11 2.48E-01 1.51E-05 1.54E+09 1.75E+09 1.72E-01 3.81E-06
  3.22E+06 6.46E+07 3.35E+16 1.61E+12 3.09E+01 5.16E+06 1.11E+07 1.65E+07 1.07E+11 2.94E+09 8.02E-03 1.64E+07 2.20E+11 3.37E-01 2.02E-05 1.47E+09 1.52E+09 2.09E-01 2.44E-06
  3.32E+06 8.42E+07 2.87E+16 1.41E+12 5.62E+01 5.74E+06 1.13E+07 1.49E+07 8.92E+10 2.60E+09 9.37E-03 1.51E+07 1.76E+11 4.52E-01 2.75E-05 1.39E+09 1.29E+09 2.50E-01 1.54E-06
  3.42E+06 1.10E+08 2.47E+16 1.23E+12 1.03E+02 6.32E+06 1.13E+07 1.30E+07 7.44E+10 2.29E+09 1.08E-02 1.38E+07 1.41E+11 6.01E-01 3.76E-05 1.29E+09 1.06E+09 2.94E-01 9.73E-07
  3.52E+06 1.43E+08 2.12E+16 1.08E+12 1.89E+02 6.93E+06 1.11E+07 1.10E+07 6.22E+10 2.02E+09 1.23E-02 1.25E+07 1.13E+11 7.94E-01 5.14E-05 1.18E+09 8.52E+08 3.43E-01 6.32E-07
  3.62E+06 1.86E+08 1.83E+16 9.46E+11 3.50E+02 7.62E+06 1.07E+07 9.05E+06 5.21E+10 1.78E+09 1.40E-02 1.13E+07 9.00E+10 1.04E+00 6.99E-05 1.07E+09 6.67E+08 3.97E-01 4.28E-07
  3.72E+06 2.42E+08 1.58E+16 8.29E+11 6.53E+02 8.40E+06 1.03E+07 7.29E+06 4.39E+10 1.57E+09 1.59E-02 1.01E+07 7.22E+10 1.37E+00 9.42E-05 9.69E+08 5.07E+08 4.57E-01 3.06E-07
  3.82E+06 3.17E+08 1.37E+16 7.27E+11 1.23E+03 9.31E+06 9.73E+06 5.79E+06 3.72E+10 1.37E+09 1.81E-02 8.93E+06 5.80E+10 1.79E+00 1.26E-04 8.68E+08 3.74E+08 5.23E-01 2.30E-07
  3.92E+06 4.14E+08 1.19E+16 6.39E+11 2.31E+03 1.03E+07 9.19E+06 4.57E+06 3.18E+10 1.20E+09 2.06E-02 7.86E+06 4.67E+10 2.32E+00 1.68E-04 7.72E+08 2.66E+08 5.95E-01 1.79E-07
  4.02E+06 5.40E+08 1.03E+16 5.62E+11 4.32E+03 1.14E+07 8.68E+06 3.63E+06 2.73E+10 1.05E+09 2.32E-02 6.85E+06 3.78E+10 2.98E+00 2.21E-04 6.82E+08 1.81E+08 6.67E-01 1.44E-07
  4.12E+06 6.98E+08 9.02E+15 4.94E+11 7.86E+03 1.25E+07 8.21E+06 2.93E+06 2.38E+10 9.23E+08 2.57E-02 5.87E+06 3.08E+10 3.75E+00 2.86E-04 5.96E+08 1.19E+08 7.28E-01 1.19E-07
  4.22E+06 8.87E+08 7.89E+15 4.36E+11 1.37E+04 1.33E+07 7.79E+06 2.41E+06 2.09E+10 8.11E+08 2.75E-02 4.95E+06 2.52E+10 4.55E+00 3.66E-04 5.15E+08 7.52E+07 7.66E-01 1.02E-07
  4.32E+06 1.10E+09 6.92E+15 3.84E+11 2.27E+04 1.38E+07 7.41E+06 2.01E+06 1.85E+10 7.15E+08 2.85E-02 4.10E+06 2.08E+10 5.30E+00 4.59E-04 4.41E+08 4.62E+07 7.73E-01 9.02E-08
  4.42E+06 1.32E+09 6.09E+15 3.40E+11 3.53E+04 1.40E+07 7.03E+06 1.71E+06 1.67E+10 6.34E+08 2.85E-02 3.35E+06 1.73E+10 5.92E+00 5.69E-04 3.73E+08 2.79E+07 7.52E-01 8.21E-08
  4.52E+06 1.54E+09 5.38E+15 3.01E+11 5.20E+04 1.38E+07 6.64E+06 1.46E+06 1.51E+10 5.67E+08 2.76E-02 2.71E+06 1.46E+10 6.36E+00 7.02E-04 3.13E+08 1.67E+07 7.07E-01 7.62E-08
  4.62E+06 1.75E+09 4.75E+15 2.66E+11 7.28E+04 1.33E+07 6.25E+06 1.26E+06 1.39E+10 5.12E+08 2.59E-02 2.18E+06 1.24E+10 6.60E+00 8.69E-04 2.61E+08 9.99E+06 6.46E-01 7.17E-08
  4.72E+06 1.95E+09 4.20E+15 2.36E+11 9.80E+04 1.27E+07 5.84E+06 1.08E+06 1.28E+10 4.68E+08 2.39E-02 1.75E+06 1.05E+10 6.71E+00 1.08E-03 2.17E+08 5.99E+06 5.78E-01 6.74E-08
  4.82E+06 2.12E+09 3.72E+15 2.08E+11 1.28E+05 1.20E+07 5.42E+06 9.23E+05 1.19E+10 4.35E+08 2.18E-02 1.40E+06 9.03E+09 6.74E+00 1.35E-03 1.79E+08 3.61E+06 5.07E-01 6.26E-08
  4.92E+06 2.28E+09 3.28E+15 1.84E+11 1.63E+05 1.11E+07 5.00E+06 7.83E+05 1.10E+10 4.11E+08 1.96E-02 1.13E+06 7.76E+09 6.73E+00 1.69E-03 1.47E+08 2.19E+06 4.40E-01 5.74E-08
  5.02E+06 2.42E+09 2.90E+15 1.62E+11 2.04E+05 1.03E+07 4.59E+06 6.60E+05 1.03E+10 3.95E+08 1.76E-02 9.01E+05 6.69E+09 6.68E+00 2.11E-03 1.21E+08 1.34E+06 3.77E-01 5.19E-08
  5.12E+06 2.54E+09 2.56E+15 1.42E+11 2.51E+05 9.43E+06 4.19E+06 5.55E+05 9.61E+09 3.87E+08 1.57E-02 7.20E+05 5.78E+09 6.60E+00 2.62E-03 9.89E+07 8.30E+05 3.21E-01 4.64E-08
  5.22E+06 2.65E+09 2.25E+15 1.25E+11 3.07E+05 8.62E+06 3.82E+06 4.66E+05 8.98E+09 3.85E+08 1.39E-02 5.76E+05 5.00E+09 6.51E+00 3.21E-03 8.09E+07 5.17E+05 2.72E-01 4.11E-08
  5.32E+06 2.74E+09 1.99E+15 1.10E+11 3.73E+05 7.87E+06 3.48E+06 3.90E+05 8.41E+09 3.90E+08 1.23E-02 4.60E+05 4.33E+09 6.41E+00 3.89E-03 6.61E+07 3.24E+05 2.30E-01 3.62E-08
  5.42E+06 2.83E+09 1.75E+15 9.63E+10 4.50E+05 7.18E+06 3.17E+06 3.28E+05 7.88E+09 3.99E+08 1.09E-02 3.67E+05 3.75E+09 6.29E+00 4.66E-03 5.39E+07 2.04E+05 1.94E-01 3.19E-08
  5.52E+06 2.91E+09 1.54E+15 8.43E+10 5.43E+05 6.55E+06 2.88E+06 2.75E+05 7.40E+09 4.13E+08 9.59E-03 2.92E+05 3.25E+09 6.17E+00 5.51E-03 4.39E+07 1.30E+05 1.64E-01 2.80E-08
  5.62E+06 2.98E+09 1.35E+15 7.37E+10 6.52E+05 5.98E+06 2.63E+06 2.32E+05 6.95E+09 4.31E+08 8.44E-03 2.33E+05 2.82E+09 6.03E+00 6.43E-03 3.57E+07 8.30E+04 1.38E-01 2.48E-08
  5.72E+06 3.03E+09 1.19E+15 6.44E+10 7.84E+05 5.47E+06 2.40E+06 1.97E+05 6.53E+09 4.51E+08 7.41E-03 1.85E+05 2.44E+09 5.88E+00 7.40E-03 2.91E+07 5.35E+04 1.17E-01 2.20E-08
  5.82E+06 3.08E+09 1.04E+15 5.61E+10 9.42E+05 5.02E+06 2.20E+06 1.68E+05 6.14E+09 4.75E+08 6.49E-03 1.47E+05 2.11E+09 5.71E+00 8.43E-03 2.36E+07 3.48E+04 9.90E-02 1.98E-08
  5.92E+06 3.11E+09 9.17E+14 4.88E+10 1.13E+06 4.61E+06 2.02E+06 1.44E+05 5.78E+09 5.00E+08 5.67E-03 1.16E+05 1.83E+09 5.52E+00 9.48E-03 1.92E+07 2.29E+04 8.40E-02 1.79E-08
  6.02E+06 3.13E+09 8.04E+14 4.25E+10 1.36E+06 4.24E+06 1.86E+06 1.24E+05 5.45E+09 5.26E+08 4.94E-03 9.18E+04 1.58E+09 5.31E+00 1.06E-02 1.56E+07 1.52E+04 7.15E-02 1.64E-08
  6.12E+06 3.14E+09 7.04E+14 3.68E+10 1.63E+06 3.91E+06 1.71E+06 1.07E+05 5.14E+09 5.53E+08 4.29E-03 7.24E+04 1.36E+09 5.07E+00 1.16E-02 1.26E+07 1.02E+04 6.10E-02 1.53E-08
  6.22E+06 3.14E+09 6.17E+14 3.19E+10 1.97E+06 3.62E+06 1.59E+06 9.34E+04 4.85E+09 5.81E+08 3.72E-03 5.69E+04 1.17E+09 4.82E+00 1.27E-02 1.02E+07 6.94E+03 5.23E-02 1.43E-08
  6.32E+06 3.14E+09 5.40E+14 2.76E+10 2.37E+06 3.35E+06 1.47E+06 8.19E+04 4.57E+09 6.09E+08 3.23E-03 4.47E+04 1.00E+09 4.54E+00 1.37E-02 8.30E+06 4.78E+03 4.49E-02 1.36E-08
  6.42E+06 3.13E+09 4.72E+14 2.38E+10 2.87E+06 3.12E+06 1.37E+06 7.23E+04 4.32E+09 6.36E+08 2.81E-03 3.51E+04 8.59E+08 4.25E+00 1.47E-02 6.74E+06 3.35E+03 3.88E-02 1.30E-08
  6.52E+06 3.11E+09 4.12E+14 2.04E+10 3.49E+06 2.91E+06 1.28E+06 6.45E+04 4.09E+09 6.63E+08 2.49E-03 2.77E+04 7.34E+08 3.97E+00 1.57E-02 5.47E+06 2.38E+03 3.37E-02 1.28E-08
  6.62E+06 3.07E+09 3.60E+14 1.75E+10 4.25E+06 2.73E+06 1.21E+06 5.87E+04 3.86E+09 6.89E+08 2.35E-03 2.25E+04 6.24E+08 3.78E+00 1.66E-02 4.45E+06 1.72E+03 2.96E-02 1.29E-08
  6.72E+06 3.00E+09 3.14E+14 1.50E+10 5.21E+06 2.61E+06 1.16E+06 5.53E+04 3.66E+09 7.14E+08 2.53E-03 1.96E+04 5.29E+08 3.82E+00 1.75E-02 3.62E+06 1.29E+03 2.64E-02 1.38E-08
  6.82E+06 2.88E+09 2.73E+14 1.28E+10 6.46E+06 2.54E+06 1.14E+06 5.47E+04 3.46E+09 7.37E+08 3.30E-03 1.95E+04 4.46E+08 4.37E+00 1.83E-02 2.96E+06 1.01E+03 2.43E-02 1.62E-08
  6.92E+06 2.70E+09 2.38E+14 1.08E+10 8.12E+06 2.55E+06 1.16E+06 5.76E+04 3.28E+09 7.59E+08 5.05E-03 2.28E+04 3.74E+08 5.89E+00 1.90E-02 2.43E+06 8.40E+02 2.32E-02 2.13E-08
  7.02E+06 2.49E+09 2.07E+14 9.17E+09 1.04E+07 2.64E+06 1.21E+06 6.38E+04 3.11E+09 7.79E+08 8.25E-03 2.99E+04 3.12E+08 8.99E+00 1.96E-02 2.00E+06 7.42E+02 2.31E-02 3.06E-08
  7.12E+06 2.27E+09 1.80E+14 7.71E+09 1.34E+07 2.80E+06 1.30E+06 7.28E+04 2.95E+09 7.98E+08 1.34E-02 4.07E+04 2.58E+08 1.43E+01 2.02E-02 1.66E+06 6.82E+02 2.36E-02 4.60E-08
  7.22E+06 2.08E+09 1.56E+14 6.45E+09 1.76E+07 2.98E+06 1.40E+06 8.32E+04 2.79E+09 8.15E+08 2.07E-02 5.43E+04 2.12E+08 2.23E+01 2.06E-02 1.38E+06 6.34E+02 2.43E-02 6.79E-08
  7.32E+06 1.95E+09 1.35E+14 5.36E+09 2.34E+07 3.15E+06 1.48E+06 9.26E+04 2.64E+09 8.30E+08 3.04E-02 6.89E+04 1.73E+08 3.26E+01 2.08E-02 1.16E+06 5.79E+02 2.51E-02 9.43E-08
  7.42E+06 1.89E+09 1.17E+14 4.41E+09 3.15E+07 3.28E+06 1.54E+06 9.81E+04 2.49E+09 8.41E+08 4.22E-02 8.21E+04 1.40E+08 4.42E+01 2.07E-02 9.79E+05 5.06E+02 2.55E-02 1.18E-07
  7.52E+06 1.90E+09 1.01E+14 3.60E+09 4.29E+07 3.30E+06 1.54E+06 9.78E+04 2.33E+09 8.48E+08 5.54E-02 9.17E+04 1.12E+08 5.46E+01 2.00E-02 8.30E+05 4.13E+02 2.52E-02 1.29E-07
  7.62E+06 1.97E+09 8.66E+13 2.91E+09 5.86E+07 3.24E+06 1.49E+06 9.31E+04 2.18E+09 8.53E+08 6.91E-02 9.71E+04 8.84E+07 6.15E+01 1.88E-02 7.10E+05 3.22E+02 2.46E-02 1.30E-07
  7.72E+06 2.05E+09 7.45E+13 2.33E+09 8.10E+07 3.20E+06 1.46E+06 8.60E+04 2.03E+09 8.54E+08 8.20E-02 9.75E+04 6.94E+07 6.45E+01 1.69E-02 6.14E+05 2.51E+02 2.42E-02 1.27E-07
  7.82E+06 2.24E+09 6.42E+13 1.85E+09 1.18E+08 3.19E+06 1.42E+06 7.35E+04 1.87E+09 8.53E+08 9.33E-02 9.19E+04 5.41E+07 6.13E+01 1.45E-02 5.36E+05 1.87E+02 2.43E-02 1.09E-07
  7.92E+06 3.27E+09 5.53E+13 1.45E+09 1.83E+08 2.59E+06 1.12E+06 4.88E+04 1.71E+09 8.47E+08 1.03E-01 7.70E+04 4.19E+07 4.23E+01 1.19E-02 4.72E+05 9.23E+01 1.97E-02 5.03E-08
  8.02E+06 7.06E+09 4.76E+13 1.12E+09 2.74E+08 1.46E+06 5.88E+05 2.26E+04 1.53E+09 8.37E+08 1.14E-01 5.15E+04 3.22E+07 1.87E+01 9.50E-03 4.19E+05 2.39E+01 1.06E-02 9.40E-09
  8.12E+06 1.64E+10 4.10E+13 8.53E+08 3.67E+08 7.43E+05 2.56E+05 8.29E+03 1.35E+09 8.22E+08 1.24E-01 2.67E+04 2.46E+07 7.24E+00 7.42E-03 3.77E+05 5.49E+00 4.75E-03 9.87E-10
  8.22E+06 3.40E+10 3.53E+13 6.44E+08 4.40E+08 4.11E+05 1.11E+05 2.70E+03 1.18E+09 8.01E+08 1.25E-01 1.25E+04 1.86E+07 3.04E+00 5.69E-03 3.46E+05 1.91E+00 2.18E-03 7.39E-11
  8.32E+06 6.19E+10 3.04E+13 4.81E+08 4.87E+08 2.50E+05 5.03E+04 8.11E+02 1.03E+09 7.75E+08 1.21E-01 6.05E+03 1.40E+07 1.42E+00 4.27E-03 3.26E+05 1.07E+00 1.08E-03 4.24E-12
  8.42E+06 1.01E+11 2.61E+13 3.56E+08 5.07E+08 1.61E+05 2.39E+04 2.27E+02 8.91E+08 7.43E+08 1.13E-01 3.14E+03 1.05E+07 7.20E-01 3.14E-03 3.15E+05 7.83E-01 5.74E-04 1.96E-13
  8.52E+06 1.51E+11 2.25E+13 2.62E+08 5.06E+08 1.08E+05 1.18E+04 5.95E+01 7.70E+08 7.08E+08 1.02E-01 1.73E+03 7.75E+06 3.93E-01 2.25E-03 3.12E+05 6.39E-01 3.27E-04 8.28E-15
  8.62E+06 2.11E+11 1.93E+13 1.92E+08 4.90E+08 7.43E+04 6.08E+03 1.45E+01 6.65E+08 6.69E+08 8.88E-02 1.00E+03 5.72E+06 2.27E-01 1.58E-03 3.16E+05 5.47E-01 1.98E-04 4.29E-16
  8.72E+06 2.78E+11 1.66E+13 1.39E+08 4.63E+08 5.15E+04 3.23E+03 3.32E+00 5.73E+08 6.29E+08 7.52E-02 6.10E+02 4.19E+06 1.37E-01 1.08E-03 3.22E+05 4.78E-01 1.25E-04 3.57E-17
  8.82E+06 3.48E+11 1.42E+13 1.00E+08 4.30E+08 3.58E+04 1.77E+03 7.21E-01 4.93E+08 5.88E+08 6.21E-02 3.85E+02 3.06E+06 8.62E-02 7.23E-04 3.28E+05 4.18E-01 8.12E-05 4.37E-18
  8.92E+06 4.19E+11 1.22E+13 7.21E+07 3.94E+08 2.49E+04 9.95E+02 1.51E-01 4.24E+08 5.46E+08 5.01E-02 2.51E+02 2.22E+06 5.61E-02 4.76E-04 3.29E+05 3.60E-01 5.34E-05 6.68E-19
  9.02E+06 4.87E+11 1.04E+13 5.15E+07 3.57E+08 1.73E+04 5.73E+02 3.17E-02 3.65E+08 5.05E+08 3.99E-02 1.68E+02 1.61E+06 3.76E-02 3.08E-04 3.21E+05 3.02E-01 3.51E-05 1.19E-19
  9.12E+06 5.48E+11 8.88E+12 3.67E+07 3.20E+08 1.20E+04 3.37E+02 6.93E-03 3.14E+08 4.64E+08 3.13E-02 1.16E+02 1.16E+06 2.58E-02 1.97E-04 3.02E+05 2.45E-01 2.27E-05 2.44E-20
  9.22E+06 6.01E+11 7.57E+12 2.60E+07 2.86E+08 8.23E+03 2.02E+02 1.66E-03 2.70E+08 4.25E+08 2.45E-02 8.12E+01 8.35E+05 1.81E-02 1.25E-04 2.74E+05 1.92E-01 1.45E-05 5.57E-21
  9.32E+06 6.43E+11 6.45E+12 1.84E+07 2.53E+08 5.63E+03 1.23E+02 4.52E-04 2.32E+08 3.87E+08 1.91E-02 5.83E+01 6.01E+05 1.30E-02 7.88E-05 2.42E+05 1.45E-01 9.12E-06 1.41E-21
  9.42E+06 6.74E+11 5.49E+12 1.31E+07 2.23E+08 3.83E+03 7.59E+01 1.40E-04 2.00E+08 3.50E+08 1.50E-02 4.27E+01 4.35E+05 9.53E-03 4.98E-05 2.09E+05 1.08E-01 5.73E-06 3.89E-22
  9.52E+06 6.94E+11 4.66E+12 9.30E+06 1.97E+08 2.60E+03 4.76E+01 4.87E-05 1.72E+08 3.15E+08 1.19E-02 3.21E+01 3.17E+05 7.16E-03 3.17E-05 1.79E+05 7.99E-02 3.62E-06 1.17E-22
  9.62E+06 7.02E+11 3.96E+12 6.69E+06 1.72E+08 1.75E+03 3.02E+01 1.83E-05 1.48E+08 2.82E+08 9.65E-03 2.49E+01 2.34E+05 5.55E-03 2.05E-05 1.52E+05 5.86E-02 2.30E-06 3.77E-23
  9.72E+06 6.97E+11 3.36E+12 4.91E+06 1.51E+08 1.17E+03 1.95E+01 7.37E-06 1.27E+08 2.51E+08 8.06E-03 2.01E+01 1.77E+05 4.48E-03 1.37E-05 1.29E+05 4.29E-02 1.49E-06 1.32E-23
  9.82E+06 6.80E+11 2.85E+12 3.72E+06 1.31E+08 7.86E+02 1.28E+01 3.15E-06 1.10E+08 2.22E+08 7.07E-03 1.72E+01 1.39E+05 3.84E-03 9.57E-06 1.10E+05 3.14E-02 9.73E-07 4.99E-24
  9.92E+06 6.48E+11 2.42E+12 2.98E+06 1.14E+08 5.25E+02 8.58E+00 1.51E-06 9.47E+07 1.95E+08 6.72E-03 1.62E+01 1.14E+05 3.60E-03 7.22E-06 9.30E+04 2.30E-02 6.52E-07 2.11E-24

     Z        HS       S        SO       SO2      H2SO4    HSO      S2       S4       S8       SO3      OCS      S3       O3       HNO3     N        NO3      N2O      HO2NO2  
  2.50E+04 4.99E+02 7.00E-13 5.71E+00 1.62E+09 1.02E+08 1.27E+07 8.23E-17 3.65E-43 9.85E-87 4.18E-02 1.06E-02 1.34E-40 3.16E+11 6.63E+08 3.03-176 1.00E+04 7.47E+12 2.48E+06
  1.25E+05 2.38E+02 1.74E-13 4.11E+00 2.93E+09 1.89E+08 8.94E+06 2.54E-17 3.08E-44 8.91E-87 1.31E-01 9.57E-03 8.87E-42 3.21E+11 7.54E+08 3.99-163 8.79E+03 6.76E+12 4.71E+06
  2.25E+05 1.10E+02 4.13E-14 2.57E+00 3.71E+09 2.64E+08 4.38E+06 5.21E-18 1.15E-45 8.06E-87 3.01E-01 8.65E-03 3.74E-43 3.38E+11 8.90E+08 2.64-150 8.73E+03 6.11E+12 1.03E+07
  3.25E+05 4.95E+01 9.15E-15 1.53E+00 4.21E+09 3.20E+08 1.96E+06 8.80E-19 2.91E-47 7.28E-87 6.95E-01 7.80E-03 1.21E-44 3.62E+11 1.02E+09 8.30-138 9.14E+03 5.52E+12 2.38E+07
  4.25E+05 2.17E+01 1.95E-15 8.98E-01 4.54E+09 3.54E+08 8.61E+05 1.31E-19 5.76E-49 6.56E-87 1.61E+00 7.03E-03 3.37E-46 3.88E+11 1.09E+09 1.19-125 9.46E+03 4.97E+12 5.88E+07
  5.25E+05 9.30E+00 3.96E-16 5.30E-01 4.80E+09 3.60E+08 3.85E+05 1.79E-20 9.51E-51 5.92E-87 3.79E+00 6.34E-03 8.16E-48 4.12E+11 1.09E+09 7.23-114 9.05E+03 4.49E+12 1.44E+08
  6.25E+05 3.79E+00 7.37E-17 3.10E-01 5.01E+09 3.33E+08 1.83E+05 2.27E-21 1.36E-52 5.35E-87 8.82E+00 5.71E-03 1.69E-49 4.30E+11 1.02E+09 1.63-102 7.90E+03 4.05E+12 2.87E+08
  7.25E+05 1.57E+00 1.44E-17 1.93E-01 5.15E+09 2.94E+08 9.29E+04 2.70E-22 1.71E-54 4.82E-87 2.16E+01 5.15E-03 3.46E-51 4.44E+11 9.43E+08 1.19E-91 7.06E+03 3.65E+12 4.08E+08
  8.25E+05 7.67E-01 4.02E-18 1.47E-01 5.15E+09 2.69E+08 4.87E+04 3.07E-23 1.97E-56 4.35E-87 6.55E+01 4.64E-03 9.64E-53 4.54E+11 8.78E+08 2.42E-81 6.90E+03 3.29E+12 4.34E+08
  9.25E+05 4.40E-01 1.74E-18 1.38E-01 5.03E+09 2.59E+08 2.62E+04 3.44E-24 2.19E-58 3.91E-87 2.48E+02 4.16E-03 4.11E-54 4.58E+11 8.30E+08 1.16E-71 7.03E+03 2.95E+12 3.79E+08
  1.02E+06 2.62E-01 1.67E-18 1.41E-01 4.81E+09 2.47E+08 1.45E+04 4.15E-25 2.80E-60 3.47E-87 8.47E+02 3.69E-03 4.14E-55 4.56E+11 7.94E+08 1.34E-62 7.14E+03 2.62E+12 2.95E+08
  1.12E+06 1.25E-01 5.84E-18 1.59E-01 4.65E+09 2.24E+08 7.13E+03 1.47E-25 3.00E-61 2.98E-87 1.91E+03 3.17E-03 4.35E-55 4.69E+11 8.04E+08 5.08E-54 6.53E+03 2.25E+12 2.15E+08
  1.22E+06 2.98E-02 6.99E-17 4.54E-01 5.05E+09 1.96E+08 2.42E+03 3.59E-25 1.51E-60 2.56E-87 2.95E+03 2.70E-03 1.07E-53 5.74E+11 1.01E+09 3.51E-46 6.46E+03 1.93E+12 1.61E+08
  1.32E+06 5.01E-03 1.10E-15 1.91E+00 5.78E+09 1.62E+08 6.94E+02 8.93E-25 7.94E-60 2.18E-87 3.01E+03 2.28E-03 3.54E-52 7.67E+11 1.45E+09 2.12E-39 7.03E+03 1.63E+12 1.36E+08
  1.42E+06 5.66E-04 1.40E-14 7.31E+00 6.70E+09 1.31E+08 1.62E+02 1.25E-24 1.32E-59 1.86E-87 3.24E+03 1.89E-03 5.29E-51 1.13E+12 2.31E+09 1.44E-33 9.70E+03 1.37E+12 1.33E+08
  1.52E+06 7.64E-05 1.24E-13 2.17E+01 6.79E+09 1.11E+08 7.62E+01 1.50E-24 1.60E-59 1.58E-87 3.86E+03 1.55E-03 4.73E-50 1.53E+12 3.32E+09 1.30E-28 1.51E+04 1.15E+12 1.43E+08
  1.62E+06 1.05E-05 8.12E-13 5.15E+01 6.07E+09 9.10E+07 9.13E+01 1.59E-24 1.52E-59 1.34E-87 4.55E+03 1.24E-03 2.77E-49 1.96E+12 4.43E+09 2.20E-24 2.39E+04 9.45E+11 1.62E+08
  1.72E+06 1.81E-06 4.03E-12 9.87E+01 4.73E+09 6.97E+07 1.26E+02 2.36E-24 2.82E-59 1.14E-87 5.04E+03 9.79E-04 1.71E-48 2.38E+12 5.46E+09 9.05E-21 3.58E+04 7.73E+11 1.85E+08
  1.82E+06 1.05E-06 1.51E-11 1.52E+02 3.15E+09 4.77E+07 1.52E+02 5.81E-24 1.44E-58 9.69E-88 5.06E+03 7.55E-04 1.33E-47 2.72E+12 6.25E+09 1.13E-17 4.94E+04 6.26E+11 2.08E+08
  1.92E+06 1.51E-06 4.10E-11 1.77E+02 1.69E+09 2.72E+07 1.46E+02 1.44E-23 7.52E-58 8.23E-88 4.28E+03 5.69E-04 7.59E-47 3.00E+12 6.77E+09 5.17E-15 6.43E+04 5.02E+11 2.30E+08
  2.02E+06 1.96E-06 7.88E-11 1.52E+02 7.07E+08 1.25E+07 1.08E+02 2.58E-23 2.03E-57 6.98E-88 2.95E+03 4.19E-04 2.20E-46 3.18E+12 6.94E+09 1.02E-12 7.93E+04 4.00E+11 2.48E+08
  2.12E+06 2.41E-06 1.33E-10 1.20E+02 2.84E+08 5.58E+06 7.53E+01 4.05E-23 4.23E-57 5.92E-88 2.03E+03 3.02E-04 4.93E-46 3.28E+12 6.78E+09 9.86E-11 9.37E+04 3.16E+11 2.59E+08
  2.22E+06 2.82E-06 2.06E-10 9.02E+01 1.13E+08 2.52E+06 5.08E+01 5.74E-23 7.22E-57 5.03E-88 1.43E+03 2.12E-04 9.17E-46 3.30E+12 6.37E+09 5.31E-09 1.08E+05 2.48E+11 2.62E+08
  2.32E+06 3.15E-06 2.95E-10 6.51E+01 4.52E+07 1.15E+06 3.32E+01 7.35E-23 1.01E-56 4.27E-88 1.03E+03 1.45E-04 1.43E-45 3.26E+12 5.76E+09 1.75E-07 1.20E+05 1.94E+11 2.56E+08
  2.42E+06 3.36E-06 3.93E-10 4.51E+01 1.79E+07 5.29E+05 2.10E+01 8.38E-23 1.11E-56 3.63E-88 7.43E+02 9.58E-05 1.84E-45 3.17E+12 5.05E+09 3.78E-06 1.31E+05 1.50E+11 2.40E+08
  2.52E+06 3.39E-06 4.86E-10 3.01E+01 7.09E+06 2.44E+05 1.28E+01 8.47E-23 9.66E-57 3.09E-88 5.37E+02 6.11E-05 1.96E-45 3.03E+12 4.29E+09 5.69E-05 1.40E+05 1.15E+11 2.16E+08
  2.62E+06 3.23E-06 5.61E-10 1.94E+01 2.79E+06 1.16E+05 7.45E+00 7.53E-23 6.51E-57 2.63E-88 3.87E+02 3.74E-05 1.71E-45 2.86E+12 3.54E+09 6.20E-04 1.45E+05 8.82E+10 1.85E+08
  2.72E+06 2.89E-06 6.05E-10 1.20E+01 1.09E+06 6.63E+04 4.14E+00 5.87E-23 3.37E-57 2.24E-88 2.77E+02 2.17E-05 1.23E-45 2.65E+12 2.84E+09 5.05E-03 1.48E+05 6.67E+10 1.52E+08
  2.82E+06 2.46E-06 6.18E-10 7.28E+00 4.34E+05 6.76E+04 2.21E+00 4.10E-23 1.41E-57 1.91E-88 1.99E+02 1.19E-05 7.48E-46 2.42E+12 2.21E+09 3.16E-02 1.46E+05 5.01E+10 1.20E+08
  2.92E+06 2.00E-06 6.02E-10 4.34E+00 1.76E+05 1.24E+05 1.14E+00 2.60E-23 4.83E-58 1.63E-88 1.45E+02 6.15E-06 3.95E-46 2.18E+12 1.66E+09 1.56E-01 1.42E+05 3.73E+10 8.96E+07
  3.02E+06 1.54E-06 5.60E-10 2.55E+00 7.23E+04 1.84E+05 5.66E-01 1.49E-23 1.35E-58 1.39E-88 1.07E+02 2.93E-06 1.80E-46 1.93E+12 1.20E+09 6.15E-01 1.34E+05 2.75E+10 6.42E+07
  3.12E+06 1.15E-06 5.10E-10 1.51E+00 3.11E+04 1.88E+05 2.76E-01 8.10E-24 3.42E-59 1.18E-88 8.20E+01 1.29E-06 7.60E-47 1.68E+12 8.44E+08 2.00E+00 1.25E+05 2.01E+10 4.40E+07
  3.22E+06 8.49E-07 4.60E-10 9.09E-01 1.41E+04 1.73E+05 1.35E-01 4.29E-24 8.20E-60 1.01E-88 6.55E+01 5.23E-07 3.11E-47 1.45E+12 5.73E+08 5.42E+00 1.13E+05 1.46E+10 2.89E+07
  3.32E+06 6.20E-07 4.15E-10 5.64E-01 6.77E+03 1.54E+05 6.60E-02 2.24E-24 1.92E-60 8.64E-89 5.41E+01 1.93E-07 1.26E-47 1.24E+12 3.79E+08 1.26E+01 1.00E+05 1.05E+10 1.82E+07
  3.42E+06 4.58E-07 3.83E-10 3.67E-01 3.49E+03 1.34E+05 3.33E-02 1.21E-24 4.80E-61 7.39E-89 4.63E+01 6.44E-08 5.37E-48 1.06E+12 2.45E+08 2.56E+01 8.72E+04 7.49E+09 1.10E+07
  3.52E+06 3.49E-07 3.68E-10 2.55E-01 1.97E+03 1.17E+05 1.76E-02 7.00E-25 1.38E-61 6.33E-89 4.09E+01 1.95E-08 2.57E-48 8.99E+11 1.56E+08 4.64E+01 7.42E+04 5.33E+09 6.43E+06
  3.62E+06 2.81E-07 3.76E-10 1.92E-01 1.22E+03 1.01E+05 9.93E-03 4.52E-25 4.95E-62 5.44E-89 3.66E+01 5.39E-09 1.46E-48 7.61E+11 9.83E+07 7.64E+01 6.18E+04 3.79E+09 3.61E+06
  3.72E+06 2.39E-07 4.12E-10 1.58E-01 8.43E+02 8.74E+04 6.04E-03 3.30E-25 2.29E-62 4.68E-89 3.25E+01 1.37E-09 1.01E-48 6.43E+11 6.14E+07 1.16E+02 5.02E+04 2.70E+09 1.95E+06
  3.82E+06 2.15E-07 4.76E-10 1.40E-01 6.33E+02 7.57E+04 3.91E-03 2.67E-25 1.30E-62 4.03E-89 2.81E+01 3.19E-10 8.16E-49 5.39E+11 3.78E+07 1.66E+02 3.97E+04 1.93E+09 1.02E+06
  3.92E+06 2.00E-07 5.70E-10 1.31E-01 5.05E+02 6.58E+04 2.66E-03 2.32E-25 8.47E-63 3.49E-89 2.35E+01 6.81E-11 7.36E-49 4.49E+11 2.29E+07 2.25E+02 3.03E+04 1.38E+09 5.12E+05
  4.02E+06 1.91E-07 6.96E-10 1.27E-01 4.20E+02 5.72E+04 1.87E-03 2.10E-25 6.03E-63 3.02E-89 1.91E+01 1.36E-11 7.07E-49 3.71E+11 1.34E+07 2.92E+02 2.23E+04 9.93E+08 2.50E+05
  4.12E+06 1.85E-07 8.55E-10 1.26E-01 3.57E+02 4.99E+04 1.36E-03 1.96E-25 4.58E-63 2.62E-89 1.52E+01 2.51E-12 7.08E-49 3.03E+11 7.60E+06 3.67E+02 1.57E+04 7.18E+08 1.19E+05
  4.22E+06 1.83E-07 1.05E-09 1.27E-01 3.09E+02 4.37E+04 1.03E-03 1.89E-25 3.74E-63 2.29E-89 1.18E+01 4.46E-13 7.37E-49 2.45E+11 4.12E+06 4.49E+02 1.06E+04 5.22E+08 5.61E+04
  4.32E+06 1.83E-07 1.30E-09 1.31E-01 2.69E+02 3.83E+04 8.11E-04 1.90E-25 3.31E-63 2.00E-89 9.14E+00 8.52E-14 8.03E-49 1.97E+11 2.16E+06 5.41E+02 6.81E+03 3.83E+08 2.63E+04
  4.42E+06 1.85E-07 1.62E-09 1.36E-01 2.36E+02 3.37E+04 6.68E-04 1.99E-25 3.22E-63 1.75E-89 7.01E+00 2.37E-14 9.21E-49 1.57E+11 1.10E+06 6.49E+02 4.24E+03 2.85E+08 1.25E+04
  4.52E+06 1.89E-07 2.02E-09 1.45E-01 2.08E+02 2.97E+04 5.75E-04 2.19E-25 3.41E-63 1.54E-89 5.35E+00 1.25E-14 1.11E-48 1.26E+11 5.55E+05 7.78E+02 2.57E+03 2.13E+08 5.97E+03
  4.62E+06 1.94E-07 2.54E-09 1.56E-01 1.84E+02 2.62E+04 5.13E-04 2.49E-25 3.90E-63 1.35E-89 4.07E+00 9.87E-15 1.40E-48 1.01E+11 2.77E+05 9.34E+02 1.53E+03 1.61E+08 2.89E+03
  4.72E+06 1.98E-07 3.19E-09 1.69E-01 1.63E+02 2.32E+04 4.68E-04 2.88E-25 4.61E-63 1.19E-89 3.09E+00 8.90E-15 1.81E-48 8.05E+10 1.38E+05 1.12E+03 8.96E+02 1.23E+08 1.42E+03
  4.82E+06 1.99E-07 3.98E-09 1.82E-01 1.44E+02 2.05E+04 4.31E-04 3.32E-25 5.44E-63 1.05E-89 2.33E+00 8.38E-15 2.30E-48 6.41E+10 6.85E+04 1.31E+03 5.20E+02 9.48E+07 7.00E+02
  4.92E+06 1.98E-07 4.94E-09 1.96E-01 1.27E+02 1.81E+04 3.99E-04 3.81E-25 6.33E-63 9.20E-90 1.75E+00 8.09E-15 2.90E-48 5.10E+10 3.40E+04 1.52E+03 3.00E+02 7.34E+07 3.48E+02
  5.02E+06 1.94E-07 6.09E-09 2.11E-01 1.13E+02 1.60E+04 3.71E-04 4.35E-25 7.29E-63 8.08E-90 1.31E+00 7.98E-15 3.60E-48 4.05E+10 1.69E+04 1.73E+03 1.73E+02 5.73E+07 1.74E+02
  5.12E+06 1.88E-07 7.49E-09 2.26E-01 9.94E+01 1.41E+04 3.46E-04 4.94E-25 8.29E-63 7.09E-90 9.75E-01 8.03E-15 4.44E-48 3.21E+10 8.47E+03 1.96E+03 9.92E+01 4.51E+07 8.79E+01
  5.22E+06 1.81E-07 9.16E-09 2.41E-01 8.77E+01 1.24E+04 3.23E-04 5.60E-25 9.36E-63 6.22E-90 7.27E-01 8.21E-15 5.42E-48 2.55E+10 4.26E+03 2.20E+03 5.71E+01 3.56E+07 4.47E+01
  5.32E+06 1.74E-07 1.12E-08 2.57E-01 7.73E+01 1.09E+04 3.03E-04 6.32E-25 1.05E-62 5.45E-90 5.42E-01 8.54E-15 6.58E-48 2.02E+10 2.16E+03 2.44E+03 3.29E+01 2.83E+07 2.29E+01
  5.42E+06 1.66E-07 1.36E-08 2.74E-01 6.80E+01 9.62E+03 2.85E-04 7.13E-25 1.18E-62 4.77E-90 4.04E-01 8.99E-15 7.97E-48 1.61E+10 1.10E+03 2.70E+03 1.90E+01 2.25E+07 1.18E+01
  5.52E+06 1.58E-07 1.66E-08 2.92E-01 5.98E+01 8.45E+03 2.69E-04 8.07E-25 1.33E-62 4.17E-90 3.01E-01 9.55E-15 9.66E-48 1.27E+10 5.65E+02 2.96E+03 1.10E+01 1.80E+07 6.15E+00
  5.62E+06 1.52E-07 2.02E-08 3.10E-01 5.26E+01 7.43E+03 2.55E-04 9.19E-25 1.52E-62 3.65E-90 2.25E-01 1.02E-14 1.18E-47 1.01E+10 2.92E+02 3.24E+03 6.37E+00 1.45E+07 3.23E+00
  5.72E+06 1.46E-07 2.45E-08 3.30E-01 4.62E+01 6.52E+03 2.43E-04 1.05E-24 1.75E-62 3.18E-90 1.68E-01 1.10E-14 1.44E-47 7.97E+09 1.53E+02 3.52E+03 3.71E+00 1.16E+07 1.71E+00
  5.82E+06 1.42E-07 2.97E-08 3.50E-01 4.05E+01 5.72E+03 2.32E-04 1.22E-24 2.07E-62 2.78E-90 1.25E-01 1.19E-14 1.78E-47 6.28E+09 8.05E+01 3.80E+03 2.17E+00 9.39E+06 9.16E-01
  5.92E+06 1.39E-07 3.60E-08 3.72E-01 3.54E+01 5.02E+03 2.24E-04 1.43E-24 2.50E-62 2.42E-90 9.31E-02 1.28E-14 2.21E-47 4.93E+09 4.30E+01 4.10E+03 1.28E+00 7.59E+06 4.96E-01
  6.02E+06 1.37E-07 4.35E-08 3.94E-01 3.10E+01 4.39E+03 2.17E-04 1.70E-24 3.09E-62 2.10E-90 6.93E-02 1.38E-14 2.79E-47 3.85E+09 2.32E+01 4.39E+03 7.57E-01 6.15E+06 2.73E-01
  6.12E+06 1.36E-07 5.27E-08 4.17E-01 2.71E+01 3.85E+03 2.12E-04 2.04E-24 3.91E-62 1.83E-90 5.16E-02 1.48E-14 3.56E-47 3.00E+09 1.27E+01 4.70E+03 4.53E-01 5.00E+06 1.52E-01
  6.22E+06 1.37E-07 6.37E-08 4.41E-01 2.36E+01 3.36E+03 2.07E-04 2.48E-24 5.04E-62 1.59E-90 3.83E-02 1.59E-14 4.57E-47 2.33E+09 7.07E+00 5.00E+03 2.73E-01 4.06E+06 8.59E-02
  6.32E+06 1.39E-07 7.70E-08 4.66E-01 2.06E+01 2.94E+03 2.03E-04 3.04E-24 6.63E-62 1.37E-90 2.84E-02 1.70E-14 5.93E-47 1.81E+09 3.99E+00 5.31E+03 1.67E-01 3.31E+06 4.93E-02
  6.42E+06 1.42E-07 9.29E-08 4.92E-01 1.79E+01 2.56E+03 2.00E-04 3.77E-24 8.88E-62 1.19E-90 2.11E-02 1.81E-14 7.74E-47 1.39E+09 2.29E+00 5.62E+03 1.03E-01 2.69E+06 2.88E-02
  6.52E+06 1.46E-07 1.12E-07 5.17E-01 1.55E+01 2.24E+03 1.98E-04 4.72E-24 1.22E-61 1.03E-90 1.56E-02 1.93E-14 1.02E-46 1.07E+09 1.34E+00 5.93E+03 6.45E-02 2.20E+06 1.71E-02
  6.62E+06 1.55E-07 1.34E-07 5.42E-01 1.35E+01 1.95E+03 1.98E-04 6.06E-24 1.75E-61 8.85E-91 1.15E-02 2.06E-14 1.37E-46 8.17E+08 8.04E-01 6.23E+03 4.10E-02 1.79E+06 1.05E-02
  6.72E+06 1.70E-07 1.60E-07 5.66E-01 1.16E+01 1.69E+03 2.03E-04 8.15E-24 2.76E-61 7.62E-91 8.48E-03 2.22E-14 1.92E-46 6.15E+08 5.04E-01 6.52E+03 2.66E-02 1.46E+06 6.69E-03
  6.82E+06 2.00E-07 1.90E-07 5.85E-01 1.00E+01 1.47E+03 2.14E-04 1.18E-23 5.05E-61 6.54E-91 6.25E-03 2.44E-14 2.88E-46 4.54E+08 3.36E-01 6.76E+03 1.78E-02 1.19E+06 4.58E-03
  6.92E+06 2.54E-07 2.23E-07 5.99E-01 8.63E+00 1.28E+03 2.37E-04 1.87E-23 1.11E-60 5.60E-91 4.60E-03 2.78E-14 4.67E-46 3.26E+08 2.44E-01 6.93E+03 1.24E-02 9.75E+05 3.42E-03
  7.02E+06 3.47E-07 2.59E-07 6.03E-01 7.41E+00 1.11E+03 2.72E-04 3.21E-23 2.84E-60 4.79E-91 3.41E-03 3.31E-14 8.06E-46 2.29E+08 1.92E-01 6.99E+03 9.02E-03 7.95E+05 2.79E-03
  7.12E+06 4.93E-07 2.94E-07 5.97E-01 6.35E+00 9.59E+02 3.15E-04 5.69E-23 7.73E-60 4.08E-91 2.54E-03 4.10E-14 1.41E-45 1.59E+08 1.61E-01 6.92E+03 6.76E-03 6.48E+05 2.41E-03
  7.22E+06 6.99E-07 3.29E-07 5.80E-01 5.44E+00 8.29E+02 3.57E-04 9.80E-23 1.99E-59 3.47E-91 1.90E-03 5.24E-14 2.36E-45 1.10E+08 1.37E-01 6.74E+03 5.14E-03 5.28E+05 2.11E-03
  7.32E+06 9.49E-07 3.63E-07 5.55E-01 4.65E+00 7.16E+02 3.86E-04 1.56E-22 4.38E-59 2.94E-91 1.44E-03 6.76E-14 3.60E-45 7.70E+07 1.14E-01 6.49E+03 3.90E-03 4.29E+05 1.80E-03
  7.42E+06 1.19E-06 3.94E-07 5.22E-01 3.97E+00 6.16E+02 3.87E-04 2.20E-22 7.49E-59 2.48E-91 1.08E-03 8.66E-14 4.75E-45 5.48E+07 8.97E-02 6.18E+03 2.89E-03 3.48E+05 1.42E-03
  7.52E+06 1.34E-06 4.24E-07 4.82E-01 3.37E+00 5.28E+02 3.53E-04 2.65E-22 9.36E-59 2.08E-91 8.08E-04 1.09E-13 5.29E-45 3.94E+07 6.46E-02 5.85E+03 2.04E-03 2.80E+05 1.01E-03
  7.62E+06 1.43E-06 4.57E-07 4.47E-01 2.86E+00 4.52E+02 3.06E-04 2.93E-22 9.90E-59 1.74E-91 6.04E-04 1.34E-13 5.45E-45 2.88E+07 4.37E-02 5.62E+03 1.41E-03 2.26E+05 6.69E-04
  7.72E+06 1.52E-06 4.89E-07 4.12E-01 2.43E+00 3.86E+02 2.61E-04 3.22E-22 1.03E-58 1.45E-91 4.58E-04 1.60E-13 5.51E-45 2.08E+07 2.86E-02 5.42E+03 9.80E-04 1.82E+05 4.36E-04
  7.82E+06 1.56E-06 5.22E-07 3.78E-01 2.06E+00 3.30E+02 2.11E-04 3.22E-22 8.87E-59 1.20E-91 3.61E-04 1.86E-13 5.07E-45 1.53E+07 1.73E-02 5.35E+03 6.78E-04 1.46E+05 2.65E-04
  7.92E+06 8.64E-07 6.11E-07 3.81E-01 1.71E+00 2.82E+02 1.15E-04 1.45E-22 1.55E-59 9.94E-92 3.05E-04 2.14E-13 2.30E-45 1.42E+07 7.76E-03 6.17E+03 3.91E-04 1.17E+05 1.03E-04
  8.02E+06 1.65E-07 8.06E-07 4.33E-01 1.36E+00 2.41E+02 3.24E-05 1.71E-23 1.87E-61 8.19E-92 2.94E-04 2.35E-13 3.08E-46 1.89E+07 2.42E-03 8.59E+03 1.49E-04 9.41E+04 2.07E-05
  8.12E+06 1.97E-08 1.03E-06 4.77E-01 1.06E+00 2.05E+02 6.78E-06 1.12E-24 6.98E-64 6.70E-92 3.23E-04 2.35E-13 2.23E-47 2.78E+07 6.39E-04 1.21E+04 4.56E-05 7.53E+04 2.94E-06
  8.22E+06 2.45E-09 1.22E-06 4.86E-01 8.30E-01 1.74E+02 1.47E-06 7.99E-26 3.05E-66 5.45E-92 3.71E-04 2.05E-13 1.63E-48 3.82E+07 1.62E-04 1.62E+04 1.73E-05 6.01E+04 4.00E-07
  8.32E+06 3.62E-10 1.38E-06 4.71E-01 6.55E-01 1.48E+02 3.57E-07 7.32E-27 2.20E-68 4.40E-92 4.17E-04 1.59E-13 1.45E-49 4.83E+07 4.07E-05 2.12E+04 9.40E-06 4.78E+04 6.34E-08
  8.42E+06 6.37E-11 1.50E-06 4.42E-01 5.21E-01 1.25E+02 9.86E-08 8.62E-28 2.64E-70 3.52E-92 4.45E-04 1.13E-13 1.60E-50 5.68E+07 1.05E-05 2.84E+04 6.30E-06 3.79E+04 1.35E-08
  8.52E+06 1.31E-11 1.61E-06 4.07E-01 4.15E-01 1.06E+02 3.04E-08 1.27E-28 5.11E-72 2.79E-92 4.50E-04 7.83E-14 2.18E-51 6.29E+07 2.84E-06 4.04E+04 4.59E-06 3.00E+04 3.85E-09
  8.62E+06 3.09E-12 1.70E-06 3.70E-01 3.32E-01 8.89E+01 1.03E-08 2.29E-29 1.68E-73 2.19E-92 4.31E-04 5.36E-14 3.58E-52 6.61E+07 8.57E-07 6.21E+04 3.46E-06 2.37E+04 1.33E-09
  8.72E+06 8.27E-13 1.79E-06 3.33E-01 2.65E-01 7.46E+01 3.84E-09 4.94E-30 1.11E-74 1.70E-92 3.93E-04 3.69E-14 7.00E-53 6.65E+07 2.99E-07 1.03E+05 2.63E-06 1.87E+04 5.11E-10
  8.82E+06 2.46E-13 1.87E-06 2.98E-01 2.11E-01 6.24E+01 1.54E-09 1.28E-30 1.49E-75 1.30E-92 3.42E-04 2.57E-14 1.63E-53 6.42E+07 1.20E-07 1.83E+05 2.00E-06 1.46E+04 2.07E-10
  8.92E+06 8.11E-14 1.94E-06 2.65E-01 1.67E-01 5.19E+01 6.63E-10 4.02E-31 3.25E-76 9.79E-93 2.86E-04 1.81E-14 4.60E-54 5.99E+07 5.36E-08 3.34E+05 1.50E-06 1.15E+04 8.53E-11
  9.02E+06 2.91E-14 2.02E-06 2.35E-01 1.32E-01 4.30E+01 3.04E-10 1.58E-31 9.73E-77 7.25E-93 2.30E-04 1.29E-14 1.62E-54 5.40E+07 2.49E-08 6.14E+05 1.09E-06 8.94E+03 3.54E-11
  9.12E+06 1.13E-14 2.09E-06 2.08E-01 1.03E-01 3.54E+01 1.47E-10 7.87E-32 3.81E-77 5.28E-93 1.78E-04 9.38E-15 7.20E-55 4.72E+07 1.16E-08 1.11E+06 7.62E-07 6.96E+03 1.45E-11
  9.22E+06 4.69E-15 2.16E-06 1.83E-01 7.96E-02 2.90E+01 7.45E-11 4.86E-32 1.85E-77 3.76E-93 1.34E-04 6.93E-15 3.96E-55 4.02E+07 5.33E-09 1.95E+06 5.15E-07 5.40E+03 5.89E-12
  9.32E+06 2.07E-15 2.22E-06 1.61E-01 6.10E-02 2.35E+01 3.94E-11 3.50E-32 1.05E-77 2.62E-93 9.74E-05 5.22E-15 2.54E-55 3.34E+07 2.39E-09 3.30E+06 3.38E-07 4.18E+03 2.36E-12
  9.42E+06 9.63E-16 2.28E-06 1.41E-01 4.62E-02 1.90E+01 2.16E-11 2.77E-32 6.55E-78 1.78E-93 6.89E-05 4.02E-15 1.78E-55 2.71E+07 1.05E-09 5.34E+06 2.18E-07 3.24E+03 9.42E-13
  9.52E+06 4.71E-16 2.34E-06 1.22E-01 3.46E-02 1.52E+01 1.22E-11 2.32E-32 4.28E-78 1.18E-93 4.74E-05 3.17E-15 1.32E-55 2.16E+07 4.54E-10 8.26E+06 1.39E-07 2.51E+03 3.76E-13
  9.62E+06 2.40E-16 2.39E-06 1.06E-01 2.56E-02 1.20E+01 7.10E-12 2.01E-32 2.87E-78 7.58E-94 3.20E-05 2.59E-15 1.00E-55 1.68E+07 1.95E-10 1.22E+07 8.78E-08 1.95E+03 1.52E-13
  9.72E+06 1.28E-16 2.42E-06 9.12E-02 1.87E-02 9.46E+00 4.24E-12 1.77E-32 1.95E-78 4.74E-94 2.12E-05 2.21E-15 7.77E-56 1.28E+07 8.30E-11 1.74E+07 5.55E-08 1.53E+03 6.18E-14
  9.82E+06 7.14E-17 2.44E-06 7.80E-02 1.35E-02 7.36E+00 2.60E-12 1.58E-32 1.32E-78 2.87E-94 1.40E-05 2.00E-15 6.06E-56 9.60E+06 3.57E-11 2.38E+07 3.51E-08 1.21E+03 2.57E-14
  9.92E+06 4.20E-17 2.44E-06 6.63E-02 9.76E-03 5.65E+00 1.64E-12 1.43E-32 8.94E-79 1.69E-94 9.59E-06 1.97E-15 4.73E-56 7.02E+06 1.64E-11 3.13E+07 2.22E-08 9.77E+02 1.13E-14

     Z        N2O5     CO2      SO4AER   S8AER   
  2.50E+04 1.60E+02 5.22E+15 5.09E+09 2.49E-19
  1.25E+05 2.78E+02 4.72E+15 5.41E+09 2.25E-19
  2.25E+05 6.49E+02 4.27E+15 6.59E+09 2.04E-19
  3.25E+05 1.77E+03 3.86E+15 8.10E+09 1.84E-19
  4.25E+05 5.21E+03 3.48E+15 9.60E+09 1.66E-19
  5.25E+05 1.38E+04 3.14E+15 1.10E+10 1.50E-19
  6.25E+05 2.50E+04 2.83E+15 1.21E+10 1.35E-19
  7.25E+05 3.21E+04 2.56E+15 1.30E+10 1.22E-19
  8.25E+05 3.66E+04 2.30E+15 1.38E+10 1.10E-19
  9.25E+05 3.98E+04 2.07E+15 1.43E+10 9.87E-20
  1.02E+06 4.08E+04 1.84E+15 1.46E+10 8.76E-20
  1.12E+06 4.21E+04 1.58E+15 1.54E+10 7.55E-20
  1.22E+06 5.87E+04 1.36E+15 1.89E+10 6.46E-20
  1.32E+06 1.05E+05 1.16E+15 2.34E+10 5.52E-20
  1.42E+06 2.69E+05 9.88E+14 2.87E+10 4.71E-20
  1.52E+06 6.54E+05 8.41E+14 3.07E+10 4.01E-20
  1.62E+06 1.45E+06 7.15E+14 2.92E+10 3.41E-20
  1.72E+06 2.71E+06 6.08E+14 2.49E+10 2.90E-20
  1.82E+06 4.31E+06 5.17E+14 1.95E+10 2.46E-20
  1.92E+06 6.07E+06 4.40E+14 1.42E+10 2.10E-20
  2.02E+06 7.69E+06 3.74E+14 9.89E+09 1.78E-20
  2.12E+06 8.99E+06 3.18E+14 6.81E+09 1.52E-20
  2.22E+06 9.93E+06 2.71E+14 4.68E+09 1.29E-20
  2.32E+06 1.04E+07 2.31E+14 3.24E+09 1.10E-20
  2.42E+06 1.04E+07 1.97E+14 2.26E+09 9.35E-21
  2.52E+06 9.77E+06 1.68E+14 1.60E+09 7.98E-21
  2.62E+06 8.71E+06 1.43E+14 1.14E+09 6.81E-21
  2.72E+06 7.32E+06 1.22E+14 8.20E+08 5.81E-21
  2.82E+06 5.78E+06 1.05E+14 5.97E+08 4.97E-21
  2.92E+06 4.30E+06 8.94E+13 4.38E+08 4.25E-21
  3.02E+06 3.02E+06 7.64E+13 3.24E+08 3.63E-21
  3.12E+06 2.00E+06 6.54E+13 2.42E+08 3.11E-21
  3.22E+06 1.26E+06 5.60E+13 1.81E+08 2.66E-21
  3.32E+06 7.55E+05 4.80E+13 1.34E+08 2.28E-21
  3.42E+06 4.30E+05 4.12E+13 9.92E+07 1.96E-21
  3.52E+06 2.34E+05 3.55E+13 7.28E+07 1.68E-21
  3.62E+06 1.21E+05 3.06E+13 5.32E+07 1.45E-21
  3.72E+06 5.94E+04 2.64E+13 3.88E+07 1.25E-21
  3.82E+06 2.75E+04 2.29E+13 2.82E+07 1.09E-21
  3.92E+06 1.19E+04 1.99E+13 2.04E+07 9.43E-22
  4.02E+06 4.78E+03 1.73E+13 1.47E+07 8.21E-22
  4.12E+06 1.78E+03 1.51E+13 1.06E+07 7.16E-22
  4.22E+06 6.19E+02 1.32E+13 7.61E+06 6.27E-22
  4.32E+06 2.05E+02 1.16E+13 5.46E+06 5.50E-22
  4.42E+06 6.59E+01 1.02E+13 3.92E+06 4.84E-22
  4.52E+06 2.09E+01 8.99E+12 2.80E+06 4.27E-22
  4.62E+06 6.55E+00 7.95E+12 2.00E+06 3.77E-22
  4.72E+06 2.05E+00 7.03E+12 1.42E+06 3.34E-22
  4.82E+06 6.41E-01 6.22E+12 1.01E+06 2.95E-22
  4.92E+06 2.00E-01 5.49E+12 7.05E+05 2.61E-22
  5.02E+06 6.30E-02 4.85E+12 4.90E+05 2.30E-22
  5.12E+06 2.00E-02 4.28E+12 3.38E+05 2.03E-22
  5.22E+06 6.40E-03 3.77E+12 2.29E+05 1.79E-22
  5.32E+06 2.07E-03 3.32E+12 1.54E+05 1.58E-22
  5.42E+06 6.75E-04 2.92E+12 1.01E+05 1.39E-22
  5.52E+06 2.22E-04 2.57E+12 6.50E+04 1.22E-22
  5.62E+06 7.41E-05 2.26E+12 4.09E+04 1.08E-22
  5.72E+06 2.49E-05 1.99E+12 2.50E+04 9.45E-23
  5.82E+06 8.51E-06 1.75E+12 1.49E+04 8.30E-23
  5.92E+06 2.95E-06 1.53E+12 8.52E+03 7.29E-23
  6.02E+06 1.04E-06 1.34E+12 4.70E+03 6.39E-23
  6.12E+06 3.73E-07 1.18E+12 2.48E+03 5.60E-23
  6.22E+06 1.37E-07 1.03E+12 1.25E+03 4.90E-23
  6.32E+06 5.15E-08 9.00E+11 5.91E+02 4.29E-23
  6.42E+06 1.99E-08 7.86E+11 2.63E+02 3.75E-23
  6.52E+06 7.86E-09 6.87E+11 1.09E+02 3.28E-23
  6.62E+06 3.22E-09 5.99E+11 4.14E+01 2.86E-23
  6.72E+06 1.39E-09 5.22E+11 1.43E+01 2.49E-23
  6.82E+06 6.43E-10 4.54E+11 4.45E+00 2.17E-23
  6.92E+06 3.28E-10 3.95E+11 1.22E+00 1.89E-23
  7.02E+06 1.85E-10 3.43E+11 2.88E-01 1.64E-23
  7.12E+06 1.12E-10 2.98E+11 5.74E-02 1.43E-23
  7.22E+06 6.95E-11 2.58E+11 9.38E-03 1.24E-23
  7.32E+06 4.25E-11 2.23E+11 1.21E-03 1.08E-23
  7.42E+06 2.42E-11 1.93E+11 1.16E-04 9.30E-24
  7.52E+06 1.22E-11 1.66E+11 7.75E-06 8.01E-24
  7.62E+06 5.80E-12 1.42E+11 3.24E-07 6.90E-24
  7.72E+06 2.70E-12 1.22E+11 7.20E-09 5.94E-24
  7.82E+06 1.18E-12 1.05E+11 6.04E-11 5.12E-24
  7.92E+06 3.42E-13 9.03E+10 6.02E-14 4.41E-24
  8.02E+06 5.02E-14 7.75E+10 6.52E-16 3.80E-24
  8.12E+06 5.07E-15 6.65E+10 3.49E-18 3.28E-24
  8.22E+06 5.01E-16 5.70E+10 8.27E-21 2.82E-24
  8.32E+06 7.09E-17 4.89E+10 7.64E-24 2.43E-24
  8.42E+06 1.97E-17 4.18E+10 2.10E-24 2.10E-24
  8.52E+06 8.65E-18 3.58E+10 1.81E-24 1.81E-24
  8.62E+06 4.46E-18 3.06E+10 1.56E-24 1.56E-24
  8.72E+06 2.41E-18 2.62E+10 1.34E-24 1.34E-24
  8.82E+06 1.31E-18 2.24E+10 1.16E-24 1.16E-24
  8.92E+06 6.92E-19 1.91E+10 9.98E-25 9.98E-25
  9.02E+06 3.49E-19 1.62E+10 8.61E-25 8.61E-25
  9.12E+06 1.66E-19 1.38E+10 7.43E-25 7.43E-25
  9.22E+06 7.38E-20 1.17E+10 6.41E-25 6.41E-25
  9.32E+06 3.12E-20 9.97E+09 5.53E-25 5.53E-25
  9.42E+06 1.27E-20 8.44E+09 4.77E-25 4.77E-25
  9.52E+06 5.10E-21 7.14E+09 4.12E-25 4.12E-25
  9.62E+06 2.04E-21 6.03E+09 3.56E-25 3.56E-25
  9.72E+06 8.15E-22 5.08E+09 3.07E-25 3.07E-25
  9.82E+06 3.28E-22 4.27E+09 2.66E-25 2.66E-25
  9.92E+06 1.35E-22 3.59E+09 2.29E-25 2.29E-25

 FLUXES OF LONG-LIVED SPECIES


     Z        O         O2        H2O       H         OH        HO2       H2O2      H2        CO        HCO       H2CO      CH4       CH3       C2H6      NO        NO2       HNO       H2S     
  0.00E+00 -1.27E+03  6.75E+11  9.23E+12 -4.56E-01 -1.13E+06 -2.78E+08 -5.45E+09 -1.56E+10  1.53E+11 -6.30E-02 -1.22E+09  1.10E+11 -1.94E-01 -6.91E-20 -1.68E+04 -3.45E+05 -4.01E+02  2.00E+08
  5.00E+04 -3.73E+02  6.16E+11  0.00E+00 -2.87E-02 -1.58E+05 -1.30E+07 -2.99E+09 -1.44E+10  1.43E+11 -1.15E-03  1.29E+08  9.76E+10 -6.20E-04  3.84E-10 -9.46E+06 -2.83E+06 -4.45E-01  1.33E+08
  1.50E+05 -5.21E+02  4.90E+11  0.00E+00 -3.12E-02 -1.91E+05 -1.59E+06 -5.22E+08 -1.14E+10  1.23E+11 -3.97E-04  6.21E+08  7.55E+10 -9.46E-04  8.45E-10 -1.56E+07 -1.37E+07  1.17E+02  5.79E+07
  2.50E+05 -6.93E+02  3.83E+11  0.00E+00 -2.94E-02 -1.85E+05  7.03E+06  1.26E+09 -8.72E+09  1.05E+11 -1.21E-04  5.84E+08  5.68E+10  6.17E-04  9.68E-10 -2.24E+07 -2.08E+07  7.59E+01  2.48E+07
  3.50E+05 -8.86E+02  2.99E+11  0.00E+00 -2.85E-02 -1.82E+05  1.28E+07  2.55E+09 -6.38E+09  8.76E+10  8.79E-05  5.19E+08  4.14E+10  1.46E-03  6.11E-10 -2.98E+07 -2.46E+07  4.25E+01  1.05E+07
  4.50E+05 -1.04E+03  2.34E+11  0.00E+00 -1.74E-02 -1.19E+05  1.85E+07  2.93E+09 -4.47E+09  7.09E+10  5.17E-04  5.08E+08  2.91E+10  4.41E-03 -2.84E-10 -3.11E+07 -1.60E+07  2.45E+01  4.32E+06
  5.50E+05 -1.15E+03  1.85E+11  0.00E+00  7.32E-03  3.33E+04  2.11E+07  2.67E+09 -2.97E+09  5.57E+10  1.02E-03  5.00E+08  1.99E+10  7.97E-03 -1.86E-09 -1.33E+07  1.08E+07  1.47E+01  1.76E+06
  6.50E+05 -1.25E+03  1.51E+11  0.00E+00  2.32E-02  1.36E+05  2.03E+07  2.16E+09 -1.85E+09  4.32E+10  1.03E-03  4.01E+08  1.40E+10  7.88E-03 -3.86E-09  1.37E+06  2.30E+07  7.15E+00  7.43E+05
  7.50E+05 -1.35E+03  1.30E+11  0.00E+00  9.13E-03  4.45E+04  1.80E+07  1.64E+09 -1.07E+09  3.39E+10  5.80E-04  2.35E+08  1.06E+10  4.34E-03 -5.69E-09 -2.69E+07  2.56E+06  2.16E+00  3.45E+05
  8.50E+05 -1.46E+03  1.14E+11  0.00E+00 -8.98E-03 -7.26E+04  1.46E+07  1.13E+09 -5.76E+08  2.65E+10  2.68E-04  1.20E+08  8.68E+09  2.06E-03 -7.14E-09 -7.63E+07 -1.38E+07  4.71E-01  1.72E+05
  9.50E+05 -1.54E+03  9.99E+10  0.00E+00 -1.37E-02 -9.62E+04  9.48E+06  6.67E+08 -2.64E+08  1.97E+10  1.45E-04  6.43E+07  7.43E+09  1.35E-03 -8.32E-09 -1.05E+08 -1.09E+07  3.03E-01  8.30E+04
  1.05E+06 -2.41E+03  8.62E+10  0.00E+00 -1.73E-02 -6.40E+04  3.08E+06  3.14E+08 -5.37E+07  1.36E+10  1.49E-05  1.78E+07  6.62E+09 -1.19E-04 -9.28E-09 -7.57E+07 -1.14E+07  3.91E-01  3.42E+04
  1.15E+06 -1.89E+03  7.49E+10  2.51E+12 -2.05E-03  6.03E+02  1.32E+06  1.03E+08  9.19E+07  8.52E+09  9.87E-06  4.74E+06  6.01E+09 -4.58E-06 -1.01E-08 -4.37E+07 -1.19E+07  1.64E-01  9.83E+03
  1.25E+06 -2.17E+03  6.68E+10 -1.01E+10  5.90E-04  8.54E+03  4.68E+05  2.37E+07  1.95E+08  5.02E+09  8.64E-06  2.45E+06  5.59E+09  2.79E-05 -1.08E-08 -3.34E+07 -1.27E+07  5.64E-02  2.12E+03
  1.35E+06 -2.50E+03  6.16E+10 -9.84E+09  1.01E-03  5.96E+03  1.30E+05  3.41E+06  2.66E+08  2.95E+09  4.18E-06  9.20E+05  5.31E+09  1.92E-05 -1.15E-08 -2.56E+07 -1.58E+07  1.39E-02  3.53E+02
  1.45E+06 -3.60E+03  5.86E+10 -9.76E+09 -7.43E-05 -1.12E+02  2.28E+04  3.71E+05  3.12E+08  1.87E+09 -3.66E-07  1.80E+05  5.14E+09 -1.24E-05 -1.23E-08 -2.02E+07 -1.82E+07  2.47E-03  6.08E+01
  1.55E+06 -5.20E+03  5.66E+10 -9.73E+09 -3.21E-04 -1.59E+03  1.92E+03  3.90E+04  3.47E+08  1.24E+09 -1.53E-06 -4.58E+01  5.02E+09 -2.23E-05 -1.32E-08 -1.60E+07 -1.98E+07 -9.32E-04  1.05E+01
  1.65E+06 -7.70E+03  5.52E+10 -9.69E+09 -4.52E-04 -2.30E+03 -4.87E+03  1.23E+03  3.77E+08  8.31E+08 -2.16E-06 -5.55E+04  4.91E+09 -3.03E-05 -1.45E-08 -1.33E+07 -2.06E+07 -1.85E-03  1.74E+00
  1.75E+06 -1.18E+04  5.41E+10 -9.63E+09 -6.43E-04 -3.09E+03 -9.20E+03 -7.76E+03  4.05E+08  5.62E+08 -2.93E-06 -8.36E+04  4.80E+09 -4.26E-05 -1.62E-08 -1.18E+07 -2.09E+07 -1.96E-03  2.77E-01
  1.85E+06 -1.80E+04  5.35E+10 -9.55E+09 -9.03E-04 -4.01E+03 -1.34E+04 -1.47E+04  4.32E+08  3.79E+08 -3.93E-06 -1.02E+05  4.70E+09 -6.03E-05 -1.87E-08 -1.10E+07 -2.13E+07 -1.16E-03  4.10E-02
  1.95E+06 -2.81E+04  5.34E+10 -9.42E+09 -1.38E-03 -5.50E+03 -1.95E+04 -2.51E+04  4.58E+08  2.56E+08 -5.55E-06 -1.24E+05  4.60E+09 -9.06E-05 -2.21E-08 -1.09E+07 -2.19E+07  3.06E-04  5.65E-03
  2.05E+06 -4.47E+04  5.37E+10 -9.26E+09 -2.30E-03 -7.97E+03 -2.89E+04 -4.25E+04  4.83E+08  1.71E+08 -8.27E-06 -1.52E+05  4.49E+09 -1.44E-04 -2.69E-08 -1.18E+07 -2.32E+07  5.80E-04  7.32E-04
  2.15E+06 -7.01E+04  5.39E+10 -9.08E+09 -3.86E-03 -1.15E+04 -4.16E+04 -6.95E+04  5.08E+08  1.14E+08 -1.23E-05 -1.81E+05  4.38E+09 -2.29E-04 -3.39E-08 -1.32E+07 -2.53E+07  4.09E-04  8.55E-05
  2.25E+06 -1.10E+05  5.38E+10 -8.87E+09 -6.80E-03 -1.69E+04 -5.98E+04 -1.11E+05  5.32E+08  7.43E+07 -1.88E-05 -2.17E+05  4.26E+09 -3.74E-04 -4.38E-08 -1.55E+07 -2.79E+07  1.40E-04  8.64E-06
  2.35E+06 -1.71E+05  5.30E+10 -8.64E+09 -1.22E-02 -2.49E+04 -8.45E+04 -1.71E+05  5.55E+08  4.77E+07 -2.87E-05 -2.53E+05  4.13E+09 -6.11E-04 -5.84E-08 -1.81E+07 -3.06E+07 -2.08E-04  5.53E-07
  2.45E+06 -2.62E+05  5.11E+10 -8.39E+09 -2.24E-02 -3.65E+04 -1.17E+05 -2.50E+05  5.75E+08  2.97E+07 -4.35E-05 -2.87E+05  3.99E+09 -9.96E-04 -7.99E-08 -2.10E+07 -3.26E+07 -6.71E-04 -9.47E-08
  2.55E+06 -3.95E+05  4.78E+10 -8.11E+09 -4.20E-02 -5.22E+04 -1.57E+05 -3.42E+05  5.92E+08  1.72E+07 -6.51E-05 -3.14E+05  3.84E+09 -1.61E-03 -1.12E-07 -2.39E+07 -3.35E+07 -1.28E-03 -2.95E-08
  2.65E+06 -5.83E+05  4.30E+10 -7.79E+09 -7.97E-02 -7.22E+04 -2.01E+05 -4.29E+05  6.05E+08  8.27E+06 -9.43E-05 -3.25E+05  3.67E+09 -2.54E-03 -1.61E-07 -2.65E+07 -3.28E+07 -2.07E-03  9.48E-08
  2.75E+06 -8.57E+05  3.70E+10 -7.45E+09 -1.55E-01 -9.71E+04 -2.48E+05 -4.95E+05  6.12E+08  1.49E+06 -1.34E-04 -3.28E+05  3.49E+09 -4.00E-03 -2.35E-07 -2.87E+07 -3.06E+07 -3.10E-03  1.85E-07
  2.85E+06 -1.26E+06  3.01E+10 -7.07E+09 -3.09E-01 -1.27E+05 -2.94E+05 -5.17E+05  6.12E+08 -3.91E+06 -1.85E-04 -3.23E+05  3.30E+09 -6.23E-03 -3.48E-07 -3.05E+07 -2.65E+07 -4.46E-03  2.24E-07
  2.95E+06 -1.77E+06  2.26E+10 -6.66E+09 -6.01E-01 -1.54E+05 -3.19E+05 -4.72E+05  6.04E+08 -8.20E+06 -2.39E-04 -2.93E+05  3.10E+09 -9.18E-03 -5.22E-07 -3.08E+07 -2.05E+07 -6.01E-03  2.36E-07
  3.05E+06 -2.54E+06  1.56E+10 -6.24E+09 -1.21E+00 -1.84E+05 -3.42E+05 -3.94E+05  5.89E+08 -1.15E+07 -3.06E-04 -2.72E+05  2.90E+09 -1.37E-02 -7.87E-07 -3.01E+07 -1.36E+07 -8.02E-03  2.06E-07
  3.15E+06 -3.68E+06  9.66E+09 -5.80E+09 -2.44E+00 -2.18E+05 -3.59E+05 -2.93E+05  5.66E+08 -1.38E+07 -3.87E-04 -2.52E+05  2.69E+09 -2.05E-02 -1.19E-06 -2.85E+07 -6.02E+06 -1.05E-02  1.60E-07
  3.25E+06 -5.17E+06  5.18E+09 -5.35E+09 -4.85E+00 -2.49E+05 -3.54E+05 -1.77E+05  5.35E+08 -1.45E+07 -4.66E-04 -2.18E+05  2.48E+09 -2.92E-02 -1.80E-06 -2.55E+07  1.46E+06 -1.31E-02  1.19E-07
  3.35E+06 -7.33E+06  2.14E+09 -4.90E+09 -9.71E+00 -2.88E+05 -3.45E+05 -6.93E+04  4.98E+08 -1.41E+07 -5.62E-04 -1.86E+05  2.28E+09 -4.17E-02 -2.70E-06 -2.20E+07  8.07E+06 -1.63E-02  8.23E-08
  3.45E+06 -1.05E+07  1.26E+08 -4.46E+09 -1.97E+01 -3.40E+05 -3.33E+05  2.24E+04  4.55E+08 -1.26E+07 -6.85E-04 -1.57E+05  2.08E+09 -5.98E-02 -4.06E-06 -1.86E+07  1.34E+07 -2.02E-02  5.43E-08
  3.55E+06 -1.50E+07 -1.40E+09 -4.03E+09 -4.03E+01 -4.07E+05 -3.13E+05  9.55E+04  4.06E+08 -1.06E+07 -8.38E-04 -1.28E+05  1.89E+09 -8.52E-02 -6.07E-06 -1.52E+07  1.72E+07 -2.50E-02  3.44E-08
  3.65E+06 -2.19E+07 -2.99E+09 -3.61E+09 -8.50E+01 -5.10E+05 -2.98E+05  1.47E+05  3.52E+08 -8.41E+06 -1.07E-03 -1.06E+05  1.71E+09 -1.25E-01 -9.03E-06 -1.27E+07  2.00E+07 -3.18E-02  2.11E-08
  3.75E+06 -3.17E+07 -4.81E+09 -3.20E+09 -1.78E+02 -6.33E+05 -2.80E+05  1.71E+05  2.92E+08 -6.19E+06 -1.34E-03 -7.90E+04  1.53E+09 -1.80E-01 -1.33E-05 -1.01E+07  2.14E+07 -3.98E-02  1.30E-08
  3.85E+06 -4.57E+07 -6.98E+09 -2.79E+09 -3.71E+02 -7.80E+05 -2.69E+05  1.69E+05  2.25E+08 -4.23E+06 -1.67E-03 -4.64E+04  1.36E+09 -2.55E-01 -1.93E-05 -7.52E+06  2.16E+07 -4.88E-02  8.21E-09
  3.95E+06 -6.66E+07 -9.40E+09 -2.39E+09 -7.75E+02 -9.54E+05 -2.73E+05  1.48E+05  1.52E+08 -2.79E+06 -2.05E-03 -1.03E+04  1.20E+09 -3.59E-01 -2.77E-05 -4.95E+06  2.08E+07 -5.88E-02  5.31E-09
  4.05E+06 -9.38E+07 -1.15E+10 -2.00E+09 -1.55E+03 -1.10E+06 -2.84E+05  1.16E+05  7.27E+07 -1.87E+06 -2.36E-03  3.69E+04  1.04E+09 -4.78E-01 -3.88E-05 -1.64E+06  1.85E+07 -6.52E-02  3.14E-09
  4.15E+06 -1.27E+08 -1.30E+10 -1.62E+09 -2.90E+03 -1.17E+06 -2.98E+05  8.40E+04 -1.22E+07 -1.50E+06 -2.49E-03  8.69E+04  8.95E+08 -5.92E-01 -5.30E-05  2.14E+06  1.53E+07 -6.52E-02  1.29E-09
  4.25E+06 -1.66E+08 -1.37E+10 -1.25E+09 -5.13E+03 -1.19E+06 -3.11E+05  5.88E+04 -1.00E+08 -1.73E+06 -2.43E-03  1.29E+05  7.57E+08 -6.93E-01 -7.13E-05  5.69E+06  1.18E+07 -5.89E-02 -2.86E-10
  4.35E+06 -2.09E+08 -1.37E+10 -9.15E+08 -8.48E+03 -1.14E+06 -3.17E+05  4.21E+04 -1.89E+08 -2.64E+06 -2.18E-03  1.57E+05  6.32E+08 -7.60E-01 -9.50E-05  8.60E+06  8.65E+06 -4.77E-02 -1.58E-09
  4.45E+06 -2.51E+08 -1.29E+10 -6.10E+08 -1.31E+04 -1.05E+06 -3.12E+05  3.20E+04 -2.74E+08 -4.38E+06 -1.77E-03  1.69E+05  5.22E+08 -7.79E-01 -1.27E-04  1.07E+07  6.03E+06 -3.38E-02 -2.54E-09
  4.55E+06 -2.84E+08 -1.15E+10 -3.43E+08 -1.86E+04 -9.05E+05 -2.89E+05  2.70E+04 -3.54E+08 -7.29E+06 -1.25E-03  1.66E+05  4.29E+08 -7.39E-01 -1.74E-04  1.19E+07  3.99E+06 -1.86E-02 -3.21E-09
  4.65E+06 -3.29E+08 -1.06E+10 -1.14E+08 -2.65E+04 -8.10E+05 -2.75E+05  2.68E+04 -4.27E+08 -1.18E+07 -9.09E-04  1.56E+05  3.51E+08 -7.43E-01 -2.42E-04  1.22E+07  2.68E+06 -8.11E-03 -3.43E-09
  4.75E+06 -3.67E+08 -9.69E+09  7.87E+07 -3.60E+04 -6.94E+05 -2.49E+05  2.99E+04 -4.93E+08 -1.78E+07 -6.28E-04  1.40E+05  2.87E+08 -7.51E-01 -3.40E-04  1.20E+07  1.75E+06  1.24E-03 -3.06E-09
  4.85E+06 -4.05E+08 -8.77E+09  2.39E+08 -4.80E+04 -5.93E+05 -2.22E+05  3.33E+04 -5.50E+08 -2.54E+07 -4.41E-04  1.24E+05  2.36E+08 -7.84E-01 -4.75E-04  1.15E+07  1.14E+06  7.94E-03 -2.28E-09
  4.95E+06 -4.50E+08 -7.80E+09  3.70E+08 -6.39E+04 -5.22E+05 -2.02E+05  3.49E+04 -6.00E+08 -3.44E+07 -3.13E-04  1.09E+05  1.95E+08 -8.32E-01 -6.52E-04  1.06E+07  7.47E+05  1.18E-02 -1.54E-09
  5.05E+06 -4.95E+08 -6.81E+09  4.78E+08 -8.37E+04 -4.67E+05 -1.85E+05  3.47E+04 -6.42E+08 -4.48E+07 -2.14E-04  9.59E+04  1.62E+08 -8.76E-01 -8.75E-04  9.74E+06  4.91E+05  1.40E-02 -8.99E-10
  5.15E+06 -5.42E+08 -5.87E+09  5.66E+08 -1.09E+05 -4.28E+05 -1.72E+05  3.29E+04 -6.79E+08 -5.66E+07 -1.44E-04  8.35E+04  1.36E+08 -9.22E-01 -1.15E-03  8.78E+06  3.23E+05  1.47E-02 -4.00E-10
  5.25E+06 -5.90E+08 -5.02E+09  6.38E+08 -1.40E+05 -4.03E+05 -1.64E+05  3.00E+04 -7.10E+08 -6.96E+07 -9.78E-05  7.22E+04  1.16E+08 -9.67E-01 -1.47E-03  7.84E+06  2.12E+05  1.45E-02 -7.80E-11
  5.35E+06 -6.38E+08 -4.28E+09  6.95E+08 -1.80E+05 -3.91E+05 -1.61E+05  2.64E+04 -7.36E+08 -8.40E+07 -6.56E-05  6.21E+04  1.00E+08 -1.01E+00 -1.84E-03  6.94E+06  1.40E+05  1.36E-02  6.11E-11
  5.45E+06 -6.87E+08 -3.65E+09  7.42E+08 -2.31E+05 -3.89E+05 -1.61E+05  2.25E+04 -7.58E+08 -9.95E+07 -4.07E-05  5.32E+04  8.80E+07 -1.05E+00 -2.25E-03  6.09E+06  9.26E+04  1.23E-02  3.20E-11
  5.55E+06 -7.34E+08 -3.11E+09  7.80E+08 -2.95E+05 -3.93E+05 -1.65E+05  1.85E+04 -7.76E+08 -1.16E+08 -1.83E-05  4.54E+04  7.83E+07 -1.08E+00 -2.70E-03  5.31E+06  6.13E+04  1.08E-02 -1.37E-10
  5.65E+06 -7.78E+08 -2.66E+09  8.10E+08 -3.76E+05 -4.02E+05 -1.70E+05  1.47E+04 -7.91E+08 -1.34E+08  4.46E-06  3.86E+04  7.08E+07 -1.09E+00 -3.19E-03  4.61E+06  4.06E+04  9.24E-03 -4.10E-10
  5.75E+06 -8.18E+08 -2.27E+09  8.35E+08 -4.78E+05 -4.13E+05 -1.78E+05  1.13E+04 -8.04E+08 -1.52E+08  2.76E-05  3.27E+04  6.50E+07 -1.09E+00 -3.72E-03  3.97E+06  2.69E+04  7.74E-03 -7.52E-10
  5.85E+06 -8.55E+08 -1.94E+09  8.54E+08 -6.07E+05 -4.26E+05 -1.85E+05  8.17E+03 -8.14E+08 -1.71E+08  4.95E-05  2.76E+04  6.05E+07 -1.08E+00 -4.26E-03  3.40E+06  1.79E+04  6.34E-03 -1.13E-09
  5.95E+06 -8.87E+08 -1.65E+09  8.69E+08 -7.69E+05 -4.40E+05 -1.94E+05  5.52E+03 -8.23E+08 -1.90E+08  6.86E-05  2.33E+04  5.70E+07 -1.05E+00 -4.82E-03  2.90E+06  1.19E+04  5.09E-03 -1.52E-09
  6.05E+06 -9.18E+08 -1.39E+09  8.82E+08 -9.75E+05 -4.52E+05 -2.01E+05  3.30E+03 -8.29E+08 -2.10E+08  8.27E-05  1.96E+04  5.43E+07 -9.98E-01 -5.40E-03  2.46E+06  7.95E+03  3.99E-03 -1.89E-09
  6.15E+06 -9.47E+08 -1.17E+09  8.91E+08 -1.24E+06 -4.64E+05 -2.08E+05  1.48E+03 -8.35E+08 -2.30E+08  8.96E-05  1.64E+04  5.23E+07 -9.31E-01 -5.98E-03  2.08E+06  5.33E+03  3.04E-03 -2.25E-09
  6.25E+06 -9.77E+08 -9.74E+08  8.98E+08 -1.57E+06 -4.75E+05 -2.14E+05 -4.33E+01 -8.38E+08 -2.51E+08  8.54E-05  1.37E+04  5.07E+07 -8.48E-01 -6.55E-03  1.74E+06  3.59E+03  2.23E-03 -2.60E-09
  6.35E+06 -1.01E+09 -8.06E+08  9.03E+08 -2.00E+06 -4.86E+05 -2.20E+05 -1.47E+03 -8.41E+08 -2.71E+08  5.56E-05  1.12E+04  4.95E+07 -7.60E-01 -7.13E-03  1.45E+06  2.44E+03  1.51E-03 -2.98E-09
  6.45E+06 -1.03E+09 -6.69E+08  9.07E+08 -2.55E+06 -5.03E+05 -2.30E+05 -3.20E+03 -8.42E+08 -2.91E+08 -4.72E-05  8.81E+03  4.86E+07 -7.08E-01 -7.69E-03  1.20E+06  1.66E+03  7.70E-04 -3.53E-09
  6.55E+06 -1.03E+09 -5.73E+08  9.09E+08 -3.27E+06 -5.41E+05 -2.49E+05 -5.90E+03 -8.43E+08 -3.12E+08 -3.45E-04  5.86E+03  4.79E+07 -8.00E-01 -8.24E-03  9.88E+05  1.11E+03 -1.40E-04 -4.57E-09
  6.65E+06 -9.86E+08 -5.30E+08  9.10E+08 -4.24E+06 -6.22E+05 -2.91E+05 -1.05E+04 -8.42E+08 -3.32E+08 -1.09E-03  1.58E+03  4.73E+07 -1.29E+00 -8.77E-03  8.03E+05  7.18E+02 -1.46E-03 -6.75E-09
  6.75E+06 -8.65E+08 -5.44E+08  9.10E+08 -5.57E+06 -7.76E+05 -3.70E+05 -1.79E+04 -8.40E+08 -3.52E+08 -2.72E-03 -5.13E+03  4.68E+07 -2.63E+00 -9.28E-03  6.44E+05  4.14E+02 -3.40E-03 -1.12E-08
  6.85E+06 -6.78E+08 -5.98E+08  9.08E+08 -7.48E+06 -1.02E+06 -4.94E+05 -2.86E+04 -8.37E+08 -3.72E+08 -5.82E-03 -1.53E+04  4.63E+07 -5.52E+00 -9.78E-03  5.09E+05  1.74E+02 -5.97E-03 -1.97E-08
  6.95E+06 -4.87E+08 -6.46E+08  9.06E+08 -1.02E+07 -1.33E+06 -6.50E+05 -4.21E+04 -8.31E+08 -3.92E+08 -1.10E-02 -2.93E+04  4.56E+07 -1.09E+01 -1.02E-02  3.95E+05 -5.51E+00 -8.86E-03 -3.48E-08
  7.05E+06 -3.75E+08 -6.46E+08  9.00E+08 -1.41E+07 -1.64E+06 -8.09E+05 -5.66E+04 -8.21E+08 -4.11E+08 -1.88E-02 -4.63E+04  4.47E+07 -1.95E+01 -1.07E-02  2.99E+05 -1.17E+02 -1.15E-02 -5.88E-08
  7.15E+06 -3.81E+08 -5.87E+08  8.92E+08 -1.97E+07 -1.91E+06 -9.35E+05 -6.89E+04 -8.07E+08 -4.31E+08 -2.93E-02 -6.35E+04  4.34E+07 -3.15E+01 -1.10E-02  2.19E+05 -1.55E+02 -1.35E-02 -9.10E-08
  7.25E+06 -4.89E+08 -4.86E+08  8.79E+08 -2.77E+07 -2.07E+06 -1.00E+06 -7.54E+04 -7.87E+08 -4.49E+08 -4.21E-02 -7.76E+04  4.16E+07 -4.55E+01 -1.10E-02  1.55E+05 -1.27E+02 -1.45E-02 -1.24E-07
  7.35E+06 -6.77E+08 -3.56E+08  8.61E+08 -3.96E+07 -2.13E+06 -1.01E+06 -7.22E+04 -7.58E+08 -4.66E+08 -5.62E-02 -8.54E+04  3.93E+07 -5.81E+01 -1.05E-02  1.02E+05 -5.67E+01 -1.48E-02 -1.41E-07
  7.45E+06 -9.94E+08 -1.73E+08  8.35E+08 -5.78E+07 -1.91E+06 -8.67E+05 -5.65E+04 -7.17E+08 -4.81E+08 -7.14E-02 -8.40E+04  3.64E+07 -6.52E+01 -9.13E-03  5.94E+04  6.90E+01 -1.32E-02 -1.18E-07
  7.55E+06 -1.27E+09 -9.48E+06  8.00E+08 -8.20E+07 -1.65E+06 -7.15E+05 -3.96E+04 -6.64E+08 -4.91E+08 -8.36E-02 -7.60E+04  3.32E+07 -6.08E+01 -6.84E-03  2.58E+04  1.29E+02 -1.16E-02 -8.38E-08
  7.65E+06 -1.44E+09  9.84E+07  7.55E+08 -1.17E+08 -1.61E+06 -6.73E+05 -2.73E+04 -5.95E+08 -4.97E+08 -9.23E-02 -6.26E+04  2.96E+07 -5.08E+01 -3.88E-03 -1.74E+03  1.20E+02 -1.20E-02 -6.56E-08
  7.75E+06 -1.68E+09  2.44E+08  7.07E+08 -1.83E+08 -1.94E+06 -7.82E+05 -9.27E+03 -5.06E+08 -4.99E+08 -9.66E-02 -4.18E+04  2.60E+07 -3.50E+01 -7.06E-04 -2.46E+04  9.72E+01 -1.54E-02 -3.28E-08
  7.85E+06 -4.04E+09  1.46E+09  6.64E+08 -3.25E+08 -4.32E+05 -4.73E+04  4.68E+04 -3.86E+08 -4.98E+08 -9.81E-02 -4.86E+03  2.24E+07  2.49E+01  2.09E-03 -4.17E+04  2.55E+02 -3.91E-03  1.50E-07
  7.95E+06 -1.41E+10  6.56E+09  6.17E+08 -5.22E+08  3.48E+06  1.67E+06  9.29E+04 -2.36E+08 -4.90E+08 -1.11E-01  5.44E+04  1.89E+07  8.78E+01  3.47E-03 -5.30E+04  3.10E+02  2.80E-02  1.97E-07
  8.05E+06 -3.81E+10  1.86E+10  5.42E+08 -6.28E+08  2.82E+06  1.36E+06  6.16E+04 -1.02E+08 -4.67E+08 -1.21E-01  8.61E+04  1.57E+07  5.11E+01  3.55E-03 -6.78E+04  9.63E+01  2.37E-02  4.84E-08
  8.15E+06 -7.82E+10  3.87E+10  4.56E+08 -6.13E+08  1.29E+06  6.14E+05  2.57E+04 -1.57E+07 -4.35E+08 -9.29E-02  5.73E+04  1.29E+07  1.88E+01  3.31E-03 -9.13E+04  1.82E+01  1.07E-02  5.61E-09
  8.25E+06 -1.34E+11  6.67E+10  3.72E+08 -5.34E+08  5.85E+05  2.55E+05  8.98E+03  3.38E+07 -3.98E+08 -6.59E-02  2.64E+04  1.04E+07  7.00E+00  3.00E-03 -1.20E+05  3.59E+00  4.50E-03  4.47E-10
  8.35E+06 -2.03E+11  1.01E+11  2.97E+08 -4.32E+08  2.96E+05  1.09E+05  2.86E+03  6.16E+07 -3.61E+08 -4.50E-02  1.16E+04  8.32E+06  2.88E+00  2.63E-03 -1.52E+05  8.46E-01  1.98E-03  2.69E-11
  8.45E+06 -2.82E+11  1.41E+11  2.34E+08 -3.30E+08  1.68E+05  4.91E+04  8.46E+02  7.74E+07 -3.25E+08 -2.58E-02  5.43E+03  6.58E+06  1.31E+00  2.24E-03 -1.85E+05  2.10E-01  9.29E-04  1.28E-12
  8.55E+06 -3.64E+11  1.82E+11  1.82E+08 -2.38E+08  1.05E+05  2.31E+04  2.33E+02  8.65E+07 -2.91E+08 -9.07E-03  2.70E+03  5.16E+06  6.44E-01  1.83E-03 -2.15E+05  2.08E-02  4.66E-04  5.38E-14
  8.65E+06 -4.44E+11  2.22E+11  1.41E+08 -1.61E+08  6.94E+04  1.13E+04  5.98E+01  9.17E+07 -2.59E+08  3.79E-03  1.42E+03  4.02E+06  3.38E-01  1.44E-03 -2.39E+05 -4.16E-02  2.50E-04  2.60E-15
  8.75E+06 -5.16E+11  2.58E+11  1.08E+08 -9.68E+07  4.80E+04  5.76E+03  1.43E+01  9.46E+07 -2.29E+08  1.22E-02  7.87E+02  3.10E+06  1.88E-01  1.09E-03 -2.49E+05 -4.99E-02  1.45E-04  1.97E-16
  8.85E+06 -5.75E+11  2.88E+11  8.17E+07 -4.51E+07  3.41E+04  3.03E+03  3.21E+00  9.60E+07 -2.02E+08  1.64E-02  4.55E+02  2.38E+06  1.09E-01  7.98E-04 -2.38E+05 -2.67E-02  9.07E-05  2.27E-17
  8.95E+06 -6.20E+11  3.10E+11  6.18E+07 -3.72E+06  2.46E+04  1.65E+03  6.90E-01  9.65E+07 -1.77E+08  1.73E-02  2.73E+02  1.82E+06  6.61E-02  5.65E-04 -2.03E+05  1.37E-02  6.07E-05  3.31E-18
  9.05E+06 -6.49E+11  3.24E+11  4.64E+07  2.91E+07  1.78E+04  9.21E+02  1.45E-01  9.63E+07 -1.54E+08  1.62E-02  1.70E+02  1.38E+06  4.15E-02  3.90E-04 -1.48E+05  5.54E-02  4.22E-05  5.69E-19
  9.15E+06 -6.62E+11  3.31E+11  3.47E+07  5.50E+07  1.30E+04  5.28E+02  3.11E-02  9.57E+07 -1.33E+08  1.41E-02  1.08E+02  1.04E+06  2.69E-02  2.63E-04 -8.85E+04  8.42E-02  2.95E-05  1.12E-19
  9.25E+06 -6.61E+11  3.30E+11  2.58E+07  7.55E+07  9.46E+03  3.11E+02  7.13E-03  9.50E+07 -1.13E+08  1.15E-02  7.06E+01  7.83E+05  1.79E-02  1.74E-04 -3.94E+04  9.33E-02  2.01E-05  2.49E-20
  9.35E+06 -6.47E+11  3.23E+11  1.90E+07  9.16E+07  6.88E+03  1.87E+02  1.82E-03  9.41E+07 -9.52E+07  9.00E-03  4.65E+01  5.82E+05  1.21E-02  1.13E-04 -8.73E+03  8.62E-02  1.32E-05  6.11E-21
  9.45E+06 -6.20E+11  3.10E+11  1.39E+07  1.04E+08  4.99E+03  1.14E+02  5.34E-04  9.31E+07 -7.87E+07  6.61E-03  3.04E+01  4.28E+05  8.22E-03  7.27E-05  5.91E+03  7.15E-02  8.53E-06  1.65E-21
  9.55E+06 -5.82E+11  2.91E+11  1.00E+07  1.14E+08  3.62E+03  7.12E+01  1.77E-04  9.22E+07 -6.33E+07  4.39E-03  1.91E+01  3.08E+05  5.45E-03  4.61E-05  1.13E+04  5.60E-02  5.44E-06  4.84E-22
  9.65E+06 -5.30E+11  2.65E+11  7.01E+06  1.23E+08  2.61E+03  4.51E+01  6.49E-05  9.13E+07 -4.91E+07  2.23E-03  1.04E+01  2.15E+05  3.33E-03  2.85E-05  1.25E+04  4.28E-02  3.48E-06  1.53E-22
  9.75E+06 -4.60E+11  2.30E+11  4.64E+06  1.30E+08  1.88E+03  2.88E+01  2.55E-05  9.03E+07 -3.58E+07 -8.90E-05  2.74E+00  1.41E+05  1.47E-03  1.68E-05  1.18E+04  3.22E-02  2.24E-06  5.20E-23
  9.85E+06 -3.62E+11  1.81E+11  2.68E+06  1.36E+08  1.35E+03  1.84E+01  1.03E-05  8.93E+07 -2.29E+07 -3.08E-03 -6.04E+00  7.93E+04 -6.09E-04  8.75E-06  1.00E+04  2.41E-02  1.44E-06  1.87E-23
  9.95E+06 -1.96E+11  9.82E+10  9.20E+05  1.42E+08  9.38E+02  1.13E+01  3.07E-06  8.79E+07 -9.38E+06 -1.03E-02 -3.01E+01  2.59E+04 -6.33E-03  2.75E-06  6.15E+03  1.75E-02  8.82E-07  6.31E-24
  1.00E+07  9.31E-03 -1.07E-03  9.31E-10  1.47E+08  4.27E-05 -1.58E-08 -4.39E-19  8.64E+07  2.19E-04 -6.68E-08 -3.41E-08  6.91E-11 -3.39E-08 -1.81E-19  2.52E-07  4.09E-10 -1.30E-15 -8.88E-33

     Z        HS        S         SO        SO2       H2SO4     HSO       S2        S4        S8        SO3       OCS       S3        O3        HNO3      N         NO3       N2O       HO2NO2  
  0.00E+00 -4.55E-04 -3.88E-12 -3.02E-04 -1.62E+09 -1.02E+08 -1.27E+07 -4.06E-27 -4.24E-50 -2.27-102 -3.08E-04  4.09E-14 -9.16E-47 -2.21E+10 -1.33E+08  8.83-185  6.31E-04  1.35E+09 -4.95E+05
  5.00E+04  2.68E+02  6.50E-13  9.15E-01 -1.69E+09 -1.03E+08  9.84E+05  5.88E-17  4.56E-43  4.15E-92 -8.43E-02  5.94E-06  1.85E-40 -3.18E+10 -1.49E+08 -2.45-169  7.31E+02  1.35E+09 -2.06E+06
  1.50E+05  1.30E+02  1.65E-13  1.30E+00 -1.19E+09 -9.93E+07  4.36E+06  2.52E-17  4.72E-44  4.63E-92 -1.59E-01  9.27E-06  1.34E-41 -4.74E+10 -2.08E+08 -2.30-156 -6.19E+02  1.35E+09 -4.84E+06
  2.50E+05  6.35E+01  4.06E-14  9.42E-01 -9.38E+08 -8.99E+07  2.49E+06  5.68E-18  1.85E-45  4.62E-92 -3.53E-01  8.84E-06  5.88E-43 -5.83E+10 -2.29E+08 -1.06-143 -1.22E+03  1.34E+09 -1.21E+07
  3.50E+05  2.89E+01  9.11E-15  5.73E-01 -8.07E+08 -7.43E+07  1.16E+06  1.01E-18  4.80E-47  4.61E-92 -8.13E-01  7.67E-06  1.94E-44 -6.42E+10 -1.95E+08 -2.26-131 -1.38E+03  1.34E+09 -2.98E+07
  4.50E+05  1.31E+01  1.98E-15  3.34E-01 -7.44E+08 -5.04E+07  5.03E+05  1.56E-19  9.67E-49  4.60E-92 -1.93E+00  6.50E-06  5.48E-46 -6.52E+10 -1.30E+08 -2.14-119 -7.99E+02  1.33E+09 -7.63E+07
  5.50E+05  5.88E+00  4.18E-16  2.01E-01 -7.22E+08 -1.65E+07  2.11E+05  2.17E-20  1.62E-50  4.58E-92 -4.50E+00  5.53E-06  1.35E-47 -6.26E+10 -5.81E+07 -8.05-108  1.74E+02  1.33E+09 -1.53E+08
  6.50E+05  2.44E+00  7.85E-17  1.12E-01 -6.79E+08  6.75E+06  9.09E+04  2.81E-21  2.33E-52  4.57E-92 -1.06E+01  4.85E-06  2.80E-49 -5.95E+10 -2.17E+07 -1.05E-96  2.54E+02  1.33E+09 -1.73E+08
  7.50E+05  8.66E-01  1.33E-17  4.08E-02 -5.75E+08  1.84E+05  4.33E+04  3.39E-22  2.96E-54  4.56E-92 -3.26E+01  4.41E-06  5.61E-51 -5.71E+10 -2.57E+07 -4.13E-86 -4.44E+02  1.33E+09 -9.56E+07
  8.50E+05  3.18E-01  2.71E-18  3.60E-04 -4.48E+08 -1.60E+07  2.19E+04  3.88E-23  3.41E-56  4.54E-92 -1.29E+02  4.13E-06  1.49E-52 -5.41E+10 -4.03E+07 -4.16E-76 -8.27E+02  1.33E+09 -3.31E+06
  9.50E+05  1.47E-01  3.65E-19 -2.22E-02 -3.54E+08 -1.88E+07  1.05E+04  4.13E-24  3.63E-58  4.52E-92 -5.33E+02  3.92E-06  5.52E-54 -4.94E+10 -5.16E+07 -9.21E-67 -1.05E+03  1.33E+09  4.07E+07
  1.05E+06  7.17E-02 -1.60E-18 -1.31E-02 -2.98E+08 -9.12E+06  4.14E+03  2.84E-25  2.96E-60  4.51E-92 -5.22E+02  3.76E-06  1.59E-55 -4.39E+10 -6.37E+07 -4.17E-58 -2.81E+02  1.33E+09  2.91E+07
  1.15E+06  2.53E-02 -6.23E-18 -4.52E-02 -2.49E+08 -2.07E+06  1.16E+03 -3.54E-26 -1.35E-61  4.49E-92 -4.38E+02  3.64E-06 -6.60E-55 -3.90E+10 -7.09E+07 -2.85E-50 -1.97E+02  1.33E+09  7.95E+06
  1.25E+06  4.27E-03 -6.43E-17 -1.51E-01 -1.99E+08  6.26E+05  2.63E+02 -8.30E-26 -7.85E-61  4.47E-92 -7.44E+01  3.55E-06 -1.70E-53 -3.54E+10 -7.26E+07 -3.40E-43 -1.82E+02  1.33E+09  1.06E+06
  1.35E+06  4.30E-04 -4.46E-16 -3.02E-01 -1.41E+08  7.25E+05  4.52E+01 -3.86E-26 -5.16E-61  4.45E-92 -4.21E+01  3.49E-06 -1.66E-52 -3.30E+10 -7.40E+07 -3.31E-37 -2.24E+02  1.33E+09 -1.03E+06
  1.45E+06  3.56E-05 -3.44E-15 -7.03E-01 -7.60E+07  4.29E+04  6.05E+00 -2.87E-26 -3.59E-61  4.43E-92 -5.99E+01  3.44E-06 -1.36E-51 -3.17E+10 -7.46E+07 -6.13E-32 -3.43E+02  1.32E+09 -1.55E+06
  1.55E+06  3.88E-06 -1.97E-14 -1.32E+00 -2.39E+07  9.13E+04 -7.66E-01 -1.43E-26 -6.49E-62  4.41E-92 -6.01E+01  3.40E-06 -6.83E-51 -3.08E+10 -7.43E+07 -1.87E-27 -4.74E+02  1.32E+09 -1.81E+06
  1.65E+06  4.64E-07 -9.22E-14 -2.11E+00  1.17E+07  2.80E+05 -1.97E+00 -2.71E-26 -3.11E-61  4.38E-92 -5.26E+01  3.35E-06 -3.33E-50 -3.01E+10 -7.26E+07 -1.35E-23 -6.16E+02  1.32E+09 -1.96E+06
  1.75E+06  4.43E-08 -3.56E-13 -2.85E+00  3.34E+07  4.50E+05 -2.05E+00 -1.13E-25 -2.70E-60  4.36E-92 -3.92E+01  3.28E-06 -2.60E-49 -2.97E+10 -6.93E+07 -2.91E-20 -7.61E+02  1.31E+09 -2.10E+06
  1.85E+06 -2.20E-08 -9.94E-13 -2.50E+00  4.29E+07  5.70E+05 -1.14E+00 -3.35E-25 -1.78E-59  4.34E-92 -9.50E+00  3.19E-06 -1.81E-48 -2.95E+10 -6.44E+07 -2.14E-17 -9.21E+02  1.30E+09 -2.26E+06
  1.95E+06 -3.17E-08 -1.83E-12 -4.84E-01  3.89E+07  5.52E+05  5.34E-01 -5.85E-25 -5.54E-59  4.31E-92  2.96E+01  3.07E-06 -5.97E-48 -2.96E+10 -5.77E+07 -6.58E-15 -1.11E+03  1.28E+09 -2.43E+06
  2.05E+06 -3.71E-08 -3.05E-12  4.13E-01  2.00E+07  3.13E+05  8.86E-01 -8.78E-25 -1.11E-58  4.29E-92  2.75E+01  2.91E-06 -1.32E-47 -3.00E+10 -4.88E+07 -9.76E-13 -1.32E+03  1.26E+09 -2.53E+06
  2.15E+06 -4.36E-08 -4.87E-12  6.76E-01  9.05E+06  1.54E+05  8.09E-01 -1.26E-24 -1.93E-58  4.26E-92  1.91E+01  2.71E-06 -2.55E-47 -3.03E+10 -3.83E+07 -7.48E-11 -1.57E+03  1.24E+09 -2.53E+06
  2.25E+06 -4.99E-08 -7.35E-12  7.76E-01  4.12E+06  7.77E+04  6.98E-01 -1.61E-24 -2.62E-58  4.24E-92  1.38E+01  2.47E-06 -4.07E-47 -3.04E+10 -2.63E+07 -3.41E-09 -1.85E+03  1.20E+09 -2.29E+06
  2.35E+06 -5.16E-08 -1.01E-11  7.97E-01  1.88E+06  4.01E+04  5.87E-01 -1.68E-24 -2.29E-58  4.21E-92  1.07E+01  2.18E-06 -4.87E-47 -3.00E+10 -1.37E+07 -9.82E-08 -2.12E+03  1.15E+09 -1.83E+06
  2.45E+06 -4.75E-08 -1.26E-11  7.46E-01  8.51E+05  2.08E+04  4.73E-01 -1.31E-24 -6.69E-59  4.18E-92  8.74E+00  1.86E-06 -3.95E-47 -2.89E+10 -1.58E+06 -1.91E-06 -2.36E+03  1.10E+09 -1.15E+06
  2.55E+06 -3.70E-08 -1.42E-11  6.47E-01  3.82E+05  1.06E+04  3.62E-01 -5.43E-25  1.32E-58  4.15E-92  7.24E+00  1.53E-06 -1.27E-47 -2.69E+10  9.32E+06 -2.60E-05 -2.52E+03  1.03E+09 -3.40E+05
  2.65E+06 -1.96E-08 -1.40E-11  5.24E-01  1.69E+05  4.75E+03  2.63E-01  4.11E-25  2.39E-58  4.12E-92  6.19E+00  1.19E-06  1.97E-47 -2.40E+10  1.83E+07 -2.56E-04 -2.56E+03  9.51E+08  4.66E+05
  2.75E+06 -1.81E-09 -1.25E-11  3.96E-01  7.38E+04  1.25E+02  1.80E-01  1.06E-24  2.03E-58  4.09E-92  4.91E+00  8.78E-07  3.69E-47 -2.02E+10  2.55E+07 -1.91E-03 -2.51E+03  8.65E+08  1.15E+06
  2.85E+06  1.06E-08 -1.10E-11  2.78E-01  3.21E+04 -6.61E+03  1.14E-01  1.22E-24  1.15E-58  4.06E-92  3.54E+00  6.06E-07  3.47E-47 -1.57E+10  3.03E+07 -1.10E-02 -2.35E+03  7.73E+08  1.64E+06
  2.95E+06  2.35E-08 -7.40E-12  1.90E-01  1.39E+04 -1.39E+04  6.89E-02  1.15E-24  5.13E-59  4.03E-92  2.78E+00  3.88E-07  2.62E-47 -1.10E+10  3.16E+07 -4.81E-02 -2.02E+03  6.78E+08  1.82E+06
  3.05E+06  2.74E-08 -5.13E-12  1.23E-01  6.06E+03 -6.06E+03  3.92E-02  8.45E-25  1.74E-59  4.00E-92  1.81E+00  2.29E-07  1.50E-47 -6.58E+09  3.09E+07 -1.73E-01 -1.67E+03  5.85E+08  1.81E+06
  3.15E+06  2.54E-08 -4.49E-12  7.71E-02  2.71E+03 -2.71E+03  2.14E-02  5.38E-25  5.03E-60  3.96E-92  9.56E-01  1.23E-07  7.33E-48 -2.90E+09  2.81E+07 -5.14E-01 -1.28E+03  4.96E+08  1.65E+06
  3.25E+06  2.24E-08 -3.94E-12  4.77E-02  1.24E+03 -1.24E+03  1.13E-02  3.22E-25  1.34E-60  3.92E-92  4.94E-01  6.03E-08  3.35E-48 -1.75E+08  2.34E+07 -1.26E+00 -8.09E+02  4.14E+08  1.37E+06
  3.35E+06  1.74E-08 -5.00E-12  2.88E-02  5.90E+02 -5.90E+02  5.88E-03  1.79E-25  3.38E-61  3.88E-92  1.14E-01  2.66E-08  1.43E-48  1.59E+09  1.85E+07 -2.66E+00 -3.47E+02  3.41E+08  1.06E+06
  3.45E+06  1.19E-08 -8.10E-12  1.66E-02  2.89E+02 -2.89E+02  3.05E-03  9.43E-26  8.62E-62  3.84E-92 -1.97E-01  1.06E-08  5.92E-49  2.68E+09  1.40E+07 -5.00E+00  8.22E+01  2.77E+08  7.88E+05
  3.55E+06  6.75E-09 -1.33E-11  8.74E-03  1.45E+02 -1.45E+02  1.59E-03  4.76E-26  2.37E-62  3.80E-92 -3.45E-01  3.83E-09  2.45E-49  3.45E+09  1.03E+07 -8.44E+00  4.85E+02  2.24E+08  5.55E+05
  3.65E+06  1.85E-09 -2.27E-11  3.24E-03  7.38E+01 -7.35E+01  8.59E-04  2.15E-26  7.38E-63  3.75E-92 -3.31E-01  1.25E-09  9.36E-50  4.26E+09  7.52E+06 -1.34E+01  8.58E+02  1.79E+08  3.81E+05
  3.75E+06 -1.85E-09 -3.54E-11 -4.60E-04  3.74E+01 -3.74E+01  4.87E-04  7.94E-27  2.70E-63  3.71E-92 -7.30E-02  3.74E-10  2.69E-50  5.24E+09  5.44E+06 -1.97E+01  1.19E+03  1.43E+08  2.47E+05
  3.85E+06 -4.51E-09 -5.21E-11 -3.03E-03  1.89E+01 -1.91E+01  2.96E-04  8.25E-28  1.16E-63  3.66E-92  2.54E-01  1.01E-10 -6.29E-51  6.45E+09  3.92E+06 -2.73E+01  1.45E+03  1.13E+08  1.52E+05
  3.95E+06 -6.61E-09 -7.52E-11 -5.03E-03  9.45E+00 -9.96E+00  1.95E-04 -3.15E-27  5.86E-64  3.61E-92  5.07E-01  2.52E-11 -2.63E-50  7.84E+09  2.85E+06 -3.70E+01  1.64E+03  8.96E+07  9.08E+04
  4.05E+06 -8.35E-09 -1.04E-10 -6.64E-03  4.71E+00 -5.35E+00  1.31E-04 -5.83E-27  3.14E-64  3.55E-92  6.53E-01  5.75E-12 -4.10E-50  9.03E+09  2.03E+06 -4.80E+01  1.71E+03  7.07E+07  5.13E+04
  4.15E+06 -1.02E-08 -1.42E-10 -8.21E-03  2.31E+00 -3.01E+00  8.62E-05 -8.82E-27  1.31E-64  3.50E-92  7.07E-01  1.21E-12 -5.81E-50  9.79E+09  1.38E+06 -6.09E+01  1.63E+03  5.58E+07  2.77E+04
  4.25E+06 -1.25E-08 -1.95E-10 -1.02E-02  1.08E+00 -1.78E+00  5.44E-05 -1.32E-26 -2.48E-65  3.44E-92  7.03E-01  2.37E-13 -8.45E-50  1.01E+10  9.03E+05 -7.81E+01  1.44E+03  4.40E+07  1.47E+04
  4.35E+06 -1.50E-08 -2.71E-10 -1.28E-02  4.54E-01 -1.10E+00  3.07E-05 -1.94E-26 -1.85E-64  3.37E-92  6.60E-01  4.47E-14 -1.27E-49  9.90E+09  5.60E+05 -1.02E+02  1.17E+03  3.48E+07  7.73E+03
  4.45E+06 -1.76E-08 -3.79E-10 -1.62E-02  1.35E-01 -7.12E-01  1.26E-05 -2.78E-26 -3.69E-64  3.31E-92  5.93E-01  8.21E-15 -1.92E-49  9.19E+09  3.30E+05 -1.34E+02  8.80E+02  2.76E+07  4.04E+03
  4.55E+06 -1.98E-08 -5.20E-10 -1.99E-02 -2.36E-02 -4.72E-01 -1.36E-06 -3.87E-26 -6.07E-64  3.24E-92  5.16E-01  1.35E-15 -2.88E-49  8.17E+09  1.85E+05 -1.73E+02  6.15E+02  2.19E+07  2.08E+03
  4.65E+06 -2.20E-08 -7.40E-10 -2.51E-02 -1.08E-01 -3.17E-01 -1.05E-05 -5.34E-26 -9.03E-64  3.17E-92  4.50E-01 -2.42E-17 -4.34E-49  7.43E+09  1.04E+05 -2.31E+02  4.26E+02  1.75E+07  1.12E+03
  4.75E+06 -2.29E-08 -1.01E-09 -3.00E-02 -1.48E-01 -2.12E-01 -1.57E-05 -6.92E-26 -1.21E-63  3.09E-92  3.90E-01 -4.21E-16 -6.14E-49  6.74E+09  5.77E+04 -2.90E+02  2.82E+02  1.40E+07  6.01E+02
  4.85E+06 -2.25E-08 -1.36E-09 -3.49E-02 -1.57E-01 -1.41E-01 -1.81E-05 -8.58E-26 -1.50E-63  3.01E-92  3.33E-01 -6.56E-16 -8.25E-49  6.04E+09  3.15E+04 -3.51E+02  1.83E+02  1.12E+07  3.22E+02
  4.95E+06 -2.21E-08 -1.83E-09 -4.10E-02 -1.46E-01 -9.38E-02 -2.05E-05 -1.07E-25 -1.84E-63  2.94E-92  2.81E-01 -8.91E-16 -1.11E-48  5.34E+09  1.72E+04 -4.28E+02  1.17E+02  9.01E+06  1.75E+02
  5.05E+06 -2.15E-08 -2.45E-09 -4.78E-02 -1.22E-01 -6.21E-02 -2.26E-05 -1.31E-25 -2.23E-63  2.86E-92  2.32E-01 -1.16E-15 -1.46E-48  4.63E+09  9.30E+03 -5.14E+02  7.40E+01  7.27E+06  9.46E+01
  5.15E+06 -2.08E-08 -3.24E-09 -5.52E-02 -9.25E-02 -4.11E-02 -2.44E-05 -1.59E-25 -2.66E-63  2.77E-92  1.89E-01 -1.46E-15 -1.91E-48  3.97E+09  5.02E+03 -6.09E+02  4.61E+01  5.89E+06  5.13E+01
  5.25E+06 -2.04E-08 -4.25E-09 -6.34E-02 -6.13E-02 -2.72E-02 -2.61E-05 -1.93E-25 -3.17E-63  2.69E-92  1.52E-01 -1.81E-15 -2.48E-48  3.38E+09  2.70E+03 -7.14E+02  2.86E+01  4.78E+06  2.78E+01
  5.35E+06 -2.04E-08 -5.54E-09 -7.24E-02 -3.08E-02 -1.80E-02 -2.79E-05 -2.34E-25 -3.81E-63  2.61E-92  1.21E-01 -2.20E-15 -3.20E-48  2.87E+09  1.45E+03 -8.28E+02  1.76E+01  3.89E+06  1.51E+01
  5.45E+06 -2.08E-08 -7.20E-09 -8.23E-02 -1.89E-03 -1.19E-02 -2.99E-05 -2.86E-25 -4.66E-63  2.52E-92  9.61E-02 -2.64E-15 -4.15E-48  2.44E+09  7.82E+02 -9.54E+02  1.08E+01  3.17E+06  8.21E+00
  5.55E+06 -2.19E-08 -9.30E-09 -9.31E-02  2.51E-02 -7.84E-03 -3.23E-05 -3.53E-25 -5.83E-63  2.44E-92  7.58E-02 -3.13E-15 -5.42E-48  2.07E+09  4.21E+02 -1.09E+03  6.59E+00  2.59E+06  4.48E+00
  5.65E+06 -2.37E-08 -1.20E-08 -1.05E-01  5.05E-02 -5.17E-03 -3.50E-05 -4.41E-25 -7.49E-63  2.35E-92  5.97E-02 -3.67E-15 -7.15E-48  1.76E+09  2.28E+02 -1.24E+03  4.02E+00  2.12E+06  2.45E+00
  5.75E+06 -2.61E-08 -1.54E-08 -1.18E-01  7.45E-02 -3.40E-03 -3.81E-05 -5.58E-25 -9.87E-63  2.27E-92  4.69E-02 -4.26E-15 -9.53E-48  1.50E+09  1.23E+02 -1.39E+03  2.45E+00  1.74E+06  1.35E+00
  5.85E+06 -2.91E-08 -1.96E-08 -1.32E-01  9.75E-02 -2.24E-03 -4.15E-05 -7.14E-25 -1.33E-62  2.18E-92  3.68E-02 -4.89E-15 -1.28E-47  1.28E+09  6.73E+01 -1.56E+03  1.49E+00  1.43E+06  7.44E-01
  5.95E+06 -3.28E-08 -2.50E-08 -1.47E-01  1.20E-01 -1.47E-03 -4.51E-05 -9.22E-25 -1.83E-62  2.10E-92  2.89E-02 -5.55E-15 -1.74E-47  1.08E+09  3.69E+01 -1.73E+03  9.05E-01  1.17E+06  4.13E-01
  6.05E+06 -3.69E-08 -3.18E-08 -1.64E-01  1.42E-01 -9.62E-04 -4.88E-05 -1.20E-24 -2.56E-62  2.01E-92  2.26E-02 -6.24E-15 -2.38E-47  9.07E+08  2.04E+01 -1.92E+03  5.51E-01  9.67E+05  2.31E-01
  6.15E+06 -4.15E-08 -4.03E-08 -1.81E-01  1.64E-01 -6.28E-04 -5.24E-05 -1.57E-24 -3.61E-62  1.93E-92  1.76E-02 -6.95E-15 -3.27E-47  7.56E+08  1.14E+01 -2.11E+03  3.37E-01  7.97E+05  1.31E-01
  6.25E+06 -4.67E-08 -5.09E-08 -2.00E-01  1.86E-01 -4.08E-04 -5.59E-05 -2.06E-24 -5.15E-62  1.84E-92  1.37E-02 -7.68E-15 -4.51E-47  6.25E+08  6.39E+00 -2.32E+03  2.06E-01  6.58E+05  7.48E-02
  6.35E+06 -5.26E-08 -6.40E-08 -2.19E-01  2.09E-01 -2.64E-04 -5.93E-05 -2.73E-24 -7.42E-62  1.76E-92  1.06E-02 -8.44E-15 -6.23E-47  5.14E+08  3.63E+00 -2.54E+03  1.27E-01  5.44E+05  4.32E-02
  6.45E+06 -6.03E-08 -8.02E-08 -2.38E-01  2.30E-01 -1.69E-04 -6.34E-05 -3.65E-24 -1.10E-61  1.67E-92  8.24E-03 -9.30E-15 -8.70E-47  4.23E+08  2.08E+00 -2.76E+03  7.90E-02  4.50E+05  2.51E-02
  6.55E+06 -7.27E-08 -9.98E-08 -2.57E-01  2.51E-01 -1.08E-04 -7.01E-05 -5.06E-24 -1.72E-61  1.59E-92  6.37E-03 -1.04E-14 -1.25E-46  3.52E+08  1.19E+00 -2.99E+03  4.92E-02  3.73E+05  1.46E-02
  6.65E+06 -9.58E-08 -1.23E-07 -2.74E-01  2.70E-01 -6.85E-05 -8.33E-05 -7.54E-24 -3.05E-61  1.51E-92  4.90E-03 -1.21E-14 -1.91E-46  3.00E+08  6.77E-01 -3.19E+03  3.06E-02  3.10E+05  8.34E-03
  6.75E+06 -1.41E-07 -1.50E-07 -2.86E-01  2.82E-01 -4.29E-05 -1.08E-04 -1.24E-23 -6.41E-61  1.43E-92  3.75E-03 -1.48E-14 -3.18E-46  2.62E+08  3.70E-01 -3.33E+03  1.87E-02  2.58E+05  4.52E-03
  6.85E+06 -2.24E-07 -1.78E-07 -2.89E-01  2.86E-01 -2.67E-05 -1.49E-04 -2.27E-23 -1.60E-60  1.35E-92  2.84E-03 -1.95E-14 -5.82E-46  2.29E+08  1.87E-01 -3.36E+03  1.12E-02  2.16E+05  2.18E-03
  6.95E+06 -3.68E-07 -2.07E-07 -2.80E-01  2.78E-01 -1.63E-05 -2.04E-04 -4.39E-23 -4.55E-60  1.27E-92  2.11E-03 -2.71E-14 -1.12E-45  1.92E+08  8.17E-02 -3.25E+03  6.61E-03  1.80E+05  8.08E-04
  7.05E+06 -5.90E-07 -2.33E-07 -2.60E-01  2.58E-01 -9.88E-06 -2.61E-04 -8.45E-23 -1.35E-59  1.19E-92  1.54E-03 -3.86E-14 -2.10E-45  1.49E+08  2.74E-02 -2.99E+03  4.03E-03  1.51E+05  1.02E-04
  7.15E+06 -8.83E-07 -2.57E-07 -2.32E-01  2.31E-01 -5.84E-06 -2.98E-04 -1.51E-22 -3.67E-59  1.11E-92  1.12E-03 -5.48E-14 -3.60E-45  1.07E+08  8.11E-03 -2.68E+03  2.73E-03  1.27E+05 -1.05E-04
  7.25E+06 -1.19E-06 -2.80E-07 -2.02E-01  2.02E-01 -3.34E-06 -2.93E-04 -2.39E-22 -8.27E-59  1.03E-92  8.26E-04 -7.57E-14 -5.35E-45  7.32E+07  1.16E-02 -2.41E+03  2.11E-03  1.07E+05  2.89E-05
  7.35E+06 -1.43E-06 -3.02E-07 -1.75E-01  1.74E-01 -1.81E-06 -2.40E-04 -3.22E-22 -1.41E-58  9.60E-93  6.29E-04 -1.00E-13 -6.58E-45  4.81E+07  2.76E-02 -2.22E+03  1.76E-03  9.03E+04  3.53E-04
  7.45E+06 -1.29E-06 -3.20E-07 -1.32E-01  1.32E-01 -9.12E-07 -1.03E-04 -3.05E-22 -1.26E-58  8.87E-93  4.98E-04 -1.27E-13 -5.13E-45  3.36E+07  4.70E-02 -1.97E+03  1.81E-03  7.62E+04  7.95E-04
  7.55E+06 -1.11E-06 -3.60E-07 -1.33E-01  1.32E-01 -4.55E-07 -2.00E-05 -2.70E-22 -8.45E-59  8.16E-93  3.84E-04 -1.55E-13 -3.88E-45  2.22E+07  4.94E-02 -2.25E+03  1.46E-03  6.43E+04  8.32E-04
  7.65E+06 -1.14E-06 -3.94E-07 -1.22E-01  1.21E-01 -2.31E-07  8.06E-06 -2.76E-22 -7.05E-59  7.47E-93  2.75E-04 -1.81E-13 -3.47E-45  1.70E+07  4.00E-02 -2.40E+03  1.07E-03  5.42E+04  6.29E-04
  7.75E+06 -1.36E-06 -4.09E-07 -9.61E-02  9.60E-02 -1.21E-07  2.03E-05 -2.96E-22 -6.57E-59  6.80E-93  1.65E-04 -2.04E-13 -3.09E-45  1.34E+07  3.12E-02 -2.51E+03  7.21E-04  4.55E+04  4.52E-04
  7.85E+06  1.03E-06 -5.82E-07 -1.81E-01  1.80E-01 -6.75E-08  2.26E-04  3.66E-22  2.55E-58  6.16E-93  5.00E-05 -2.31E-13  6.23E-45  1.26E+06  3.19E-02 -5.11E+03  7.64E-04  3.82E+04  5.46E-04
  7.95E+06  3.30E-06 -1.14E-06 -4.42E-01  4.42E-01 -4.00E-08  3.58E-04  6.66E-22  1.04E-58  5.54E-93 -1.02E-04 -2.45E-13  1.01E-44 -2.35E+07  2.34E-02 -1.28E+04  9.31E-04  3.19E+04  3.98E-04
  8.05E+06  8.36E-07 -1.52E-06 -5.04E-01  5.04E-01 -2.47E-08  1.32E-04  9.92E-23  1.40E-60  4.94E-93 -2.86E-04 -1.86E-13  1.75E-45 -4.81E+07  8.60E-03 -2.01E+04  4.89E-04  2.66E+04  9.77E-05
  8.15E+06  1.01E-07 -1.55E-06 -3.85E-01  3.86E-01 -1.52E-08  2.79E-05  6.56E-24  5.27E-63  4.38E-93 -4.20E-04 -5.12E-14  1.29E-46 -6.35E+07  2.37E-03 -2.50E+04  1.36E-04  2.21E+04  1.44E-05
  8.25E+06  1.20E-08 -1.50E-06 -2.71E-01  2.71E-01 -8.93E-09  5.72E-06  4.47E-25  2.27E-65  3.84E-93 -4.67E-04  6.29E-14  9.10E-48 -7.09E+07  6.06E-04 -3.11E+04  3.28E-05  1.82E+04  1.90E-06
  8.35E+06  1.68E-09 -1.48E-06 -1.93E-01  1.94E-01 -4.98E-09  1.30E-06  3.86E-26  1.60E-67  3.34E-93 -4.40E-04  1.04E-13  7.69E-49 -7.22E+07  1.52E-04 -4.25E+04  9.94E-06  1.50E+04  2.71E-07
  8.45E+06  2.78E-10 -1.48E-06 -1.43E-01  1.43E-01 -2.61E-09  3.35E-07  4.26E-27  1.86E-69  2.88E-93 -3.63E-04  9.32E-14  8.06E-50 -6.85E+07  3.83E-05 -6.52E+04  4.28E-06  1.24E+04  4.89E-08
  8.55E+06  5.38E-11 -1.50E-06 -1.09E-01  1.09E-01 -1.29E-09  9.63E-08  5.87E-28  3.46E-71  2.45E-93 -2.63E-04  6.82E-14  1.03E-50 -6.10E+07  9.87E-06 -1.11E+05  2.39E-06  1.01E+04  1.19E-08
  8.65E+06  1.20E-11 -1.54E-06 -8.54E-02  8.56E-02 -6.06E-10  3.06E-08  9.81E-29  1.05E-72  2.05E-93 -1.62E-04  4.62E-14  1.59E-51 -5.08E+07  2.70E-06 -2.03E+05  1.58E-06  8.28E+03  3.74E-09
  8.75E+06  3.01E-12 -1.59E-06 -6.93E-02  6.94E-02 -2.69E-10  1.06E-08  1.95E-29  5.88E-74  1.70E-93 -7.43E-05  3.06E-14  2.88E-52 -3.93E+07  8.24E-07 -3.87E+05  1.19E-06  6.76E+03  1.36E-09
  8.85E+06  8.46E-13 -1.65E-06 -5.78E-02  5.78E-02 -1.14E-10  3.98E-09  4.51E-30  6.50E-75  1.38E-93 -6.69E-06  2.02E-14  6.08E-53 -2.78E+07  2.94E-07 -7.44E+05  1.01E-06  5.51E+03  5.35E-10
  8.95E+06  2.63E-13 -1.72E-06 -4.92E-02  4.92E-02 -4.59E-11  1.60E-09  1.20E-30  1.17E-75  1.11E-93  3.86E-05  1.32E-14  1.48E-53 -1.74E+07  1.23E-07 -1.41E+06  9.12E-07  4.47E+03  2.21E-10
  9.05E+06  8.93E-14 -1.80E-06 -4.24E-02  4.23E-02 -1.77E-11  6.89E-10  3.58E-31  2.79E-76  8.68E-94  6.38E-05  8.66E-15  4.11E-54 -8.72E+06  5.70E-08 -2.60E+06  8.19E-07  3.62E+03  9.36E-11
  9.15E+06  3.29E-14 -1.89E-06 -3.65E-02  3.65E-02 -6.57E-12  3.14E-10  1.17E-31  8.15E-77  6.66E-94  7.32E-05  5.62E-15  1.30E-54 -2.03E+06  2.76E-08 -4.62E+06  6.94E-07  2.92E+03  3.96E-11
  9.25E+06  1.30E-14 -1.98E-06 -3.13E-02  3.13E-02 -2.25E-12  1.51E-10  3.93E-32  2.84E-77  4.98E-94  7.17E-05  3.58E-15  4.64E-55  2.70E+06  1.33E-08 -7.85E+06  5.41E-07  2.34E+03  1.66E-11
  9.35E+06  5.51E-15 -2.07E-06 -2.66E-02  2.66E-02 -7.26E-13  7.59E-11  1.14E-32  1.16E-77  3.62E-94  6.38E-05  2.19E-15  1.83E-55  5.72E+06  6.26E-09 -1.27E+07  3.91E-07  1.85E+03  6.82E-12
  9.45E+06  2.47E-15 -2.16E-06 -2.24E-02  2.23E-02 -2.20E-13  3.98E-11  2.02E-34  5.48E-78  2.54E-94  5.29E-05  1.19E-15  7.72E-56  7.36E+06  2.88E-09 -1.95E+07  2.67E-07  1.45E+03  2.78E-12
  9.55E+06  1.17E-15 -2.25E-06 -1.85E-02  1.85E-02 -8.97E-14  2.17E-11 -4.74E-33  2.86E-78  1.71E-94  4.14E-05  4.27E-16  3.26E-56  8.00E+06  1.30E-09 -2.87E+07  1.77E-07  1.10E+03  1.13E-12
  9.65E+06  5.75E-16 -2.33E-06 -1.51E-02  1.51E-02 -3.73E-14  1.21E-11 -7.21E-33  1.61E-78  1.08E-94  3.06E-05 -2.50E-16  1.18E-56  7.96E+06  5.77E-10 -4.03E+07  1.15E-07  8.04E+02  4.59E-13
  9.75E+06  2.94E-16 -2.39E-06 -1.21E-02  1.21E-02 -4.44E-14  6.97E-12 -8.66E-33  9.44E-79  6.25E-95  2.09E-05 -9.80E-16  1.41E-57  7.52E+06  2.54E-10 -5.46E+07  7.48E-08  5.48E+02  1.89E-13
  9.85E+06  1.55E-16 -2.42E-06 -9.15E-03  9.14E-03 -3.46E-14  4.06E-12 -9.67E-33  5.85E-79  3.03E-95  1.24E-05 -1.96E-15 -3.65E-57  6.91E+06  1.08E-10 -7.12E+07  4.84E-08  3.21E+02  7.75E-14
  9.95E+06  7.93E-17 -2.31E-06 -4.59E-03  4.59E-03  2.66E-15  2.31E-12 -1.03E-32  4.40E-79  8.16E-96  4.27E-06 -2.90E-15 -3.91E-57  6.19E+06  3.19E-11 -8.99E+07  3.09E-08  1.10E+02  2.44E-14
  1.00E+07 -1.11E-20 -4.59E-11 -5.02E-11 -2.95E-11  3.77E-15 -8.35E-17 -6.31E-37 -1.47E-84 -1.03-109 -3.62E-16 -4.77E-24 -3.57E-61  2.26E-04  4.08E-22 -1.00E+08  2.88E-16 -4.26E-14  3.61E-27

     Z        N2O5      CO2       SO4AER    S8AER   
  0.00E+00  1.89E-06 -2.61E+11 -7.63E+07  2.94E-20
  5.00E+04 -1.02E+02 -2.39E+11 -5.99E+08 -1.17E-22
  1.50E+05 -3.03E+02 -1.99E+11 -1.60E+09 -1.13E-22
  2.50E+05 -9.14E+02 -1.63E+11 -2.22E+09 -1.10E-22
  3.50E+05 -2.76E+03 -1.30E+11 -2.43E+09 -1.07E-22
  4.50E+05 -7.85E+03 -1.01E+11 -2.46E+09 -1.05E-22
  5.50E+05 -1.34E+04 -7.63E+10 -2.39E+09 -1.04E-22
  6.50E+05 -1.10E+04 -5.78E+10 -2.30E+09 -1.04E-22
  7.50E+05 -8.17E+03 -4.50E+10 -2.21E+09 -1.04E-22
  8.50E+05 -7.70E+03 -3.54E+10 -2.10E+09 -1.05E-22
  9.50E+05 -5.96E+03 -2.73E+10 -1.96E+09 -1.06E-22
  1.05E+06 -3.79E+03 -2.03E+10 -1.76E+09 -1.06E-22
  1.15E+06 -4.66E+03 -1.46E+10 -1.46E+09 -1.04E-22
  1.25E+06 -5.90E+03 -1.06E+10 -1.13E+09 -1.02E-22
  1.35E+06 -1.01E+04 -8.27E+09 -8.60E+08 -1.00E-22
  1.45E+06 -1.96E+04 -7.02E+09 -6.40E+08 -9.84E-23
  1.55E+06 -3.55E+04 -6.25E+09 -4.55E+08 -9.68E-23
  1.65E+06 -5.71E+04 -5.74E+09 -3.02E+08 -9.53E-23
  1.75E+06 -7.89E+04 -5.36E+09 -1.82E+08 -9.39E-23
  1.85E+06 -9.95E+04 -5.08E+09 -9.67E+07 -9.27E-23
  1.95E+06 -1.16E+05 -4.86E+09 -4.53E+07 -9.16E-23
  2.05E+06 -1.26E+05 -4.66E+09 -2.03E+07 -9.05E-23
  2.15E+06 -1.34E+05 -4.49E+09 -9.20E+06 -8.95E-23
  2.25E+06 -1.33E+05 -4.33E+09 -4.20E+06 -8.86E-23
  2.35E+06 -1.20E+05 -4.18E+09 -1.92E+06 -8.77E-23
  2.45E+06 -9.13E+04 -4.02E+09 -8.72E+05 -8.68E-23
  2.55E+06 -4.84E+04 -3.85E+09 -3.93E+05 -8.60E-23
  2.65E+06  5.26E+02 -3.68E+09 -1.74E+05 -8.52E-23
  2.75E+06  4.68E+04 -3.49E+09 -7.40E+04 -8.44E-23
  2.85E+06  8.21E+04 -3.30E+09 -2.55E+04 -8.36E-23
  2.95E+06  9.60E+04 -3.09E+09  2.51E-08 -8.27E-23
  3.05E+06  9.66E+04 -2.88E+09  1.02E-08 -8.18E-23
  3.15E+06  8.64E+04 -2.67E+09 -1.30E-08 -8.09E-23
  3.25E+06  6.87E+04 -2.47E+09 -8.38E-09 -7.99E-23
  3.35E+06  5.10E+04 -2.26E+09 -5.59E-09 -7.89E-23
  3.45E+06  3.56E+04 -2.07E+09 -1.30E-08 -7.79E-23
  3.55E+06  2.35E+04 -1.88E+09 -1.07E-08 -7.70E-23
  3.65E+06  1.50E+04 -1.70E+09 -1.02E-08 -7.61E-23
  3.75E+06  8.97E+03 -1.53E+09  1.63E-09 -7.53E-23
  3.85E+06  5.03E+03 -1.36E+09 -2.33E-10 -7.46E-23
  3.95E+06  2.66E+03 -1.20E+09 -2.10E-09 -7.39E-23
  4.05E+06  1.29E+03 -1.04E+09 -3.26E-09 -7.33E-23
  4.15E+06  5.67E+02 -8.93E+08 -1.28E-09 -7.29E-23
  4.25E+06  2.31E+02 -7.55E+08 -1.98E-09 -7.26E-23
  4.35E+06  8.86E+01 -6.29E+08 -2.79E-09 -7.24E-23
  4.45E+06  3.23E+01 -5.18E+08 -2.50E-09 -7.23E-23
  4.55E+06  1.13E+01 -4.22E+08 -1.05E-09 -7.24E-23
  4.65E+06  4.01E+00 -3.39E+08 -8.73E-10 -7.27E-23
  4.75E+06  1.39E+00 -2.69E+08 -4.37E-10 -7.30E-23
  4.85E+06  4.77E-01 -2.10E+08 -5.82E-10 -7.33E-23
  4.95E+06  1.64E-01 -1.60E+08 -5.53E-10 -7.36E-23
  5.05E+06  5.61E-02 -1.17E+08 -3.35E-10 -7.39E-23
  5.15E+06  1.92E-02 -7.99E+07 -2.62E-10 -7.42E-23
  5.25E+06  6.60E-03 -4.66E+07 -1.46E-11 -7.46E-23
  5.35E+06  2.27E-03 -1.64E+07  1.24E-10 -7.49E-23
  5.45E+06  7.87E-04  1.15E+07  1.60E-10 -7.52E-23
  5.55E+06  2.74E-04  3.77E+07  4.00E-11 -7.56E-23
  5.65E+06  9.57E-05  6.27E+07  3.64E-11 -7.59E-23
  5.75E+06  3.37E-05  8.68E+07 -1.82E-12 -7.63E-23
  5.85E+06  1.20E-05  1.10E+08  3.64E-12 -7.67E-23
  5.95E+06  4.30E-06  1.33E+08  3.64E-12 -7.71E-23
  6.05E+06  1.56E-06  1.56E+08  5.46E-12 -7.74E-23
  6.15E+06  5.76E-07  1.78E+08  1.36E-12 -7.78E-23
  6.25E+06  2.16E-07  2.00E+08 -9.09E-13 -7.83E-23
  6.35E+06  8.26E-08  2.21E+08 -1.14E-13 -7.87E-23
  6.45E+06  3.22E-08  2.43E+08  1.71E-13 -7.91E-23
  6.55E+06  1.28E-08  2.64E+08  2.84E-14 -7.95E-23
  6.65E+06  5.19E-09  2.85E+08  1.42E-14 -8.00E-23
  6.75E+06  2.13E-09  3.05E+08 -7.11E-15 -8.04E-23
  6.85E+06  8.97E-10  3.26E+08  5.33E-15 -8.09E-23
  6.95E+06  3.95E-10  3.46E+08  8.88E-16 -8.13E-23
  7.05E+06  1.91E-10  3.67E+08  1.11E-16 -8.17E-23
  7.15E+06  1.08E-10  3.87E+08  2.78E-17 -8.22E-23
  7.25E+06  7.02E-11  4.08E+08  0.00E+00 -8.26E-23
  7.35E+06  4.97E-11  4.27E+08  0.00E+00 -8.30E-23
  7.45E+06  3.72E-11  4.44E+08  0.00E+00 -8.31E-23
  7.55E+06  2.20E-11  4.58E+08 -6.78E-21 -8.31E-23
  7.65E+06  1.12E-11  4.67E+08 -4.24E-22 -8.31E-23
  7.75E+06  5.45E-12  4.73E+08  6.62E-24 -8.31E-23
  7.85E+06  3.38E-12  4.75E+08  5.17E-26 -8.30E-23
  7.95E+06  1.51E-12  4.71E+08 -1.25E-13 -8.30E-23
  8.05E+06  2.63E-13  4.52E+08 -1.88E-15 -8.30E-23
  8.15E+06  2.73E-14  4.22E+08 -1.38E-17 -8.30E-23
  8.25E+06  2.53E-15  3.88E+08 -4.43E-20 -8.29E-23
  8.35E+06  2.74E-16  3.53E+08 -1.05E-22 -8.29E-23
  8.45E+06  4.90E-17  3.19E+08 -7.02E-23 -8.29E-23
  8.55E+06  1.62E-17  2.86E+08 -7.02E-23 -8.29E-23
  8.65E+06  7.43E-18  2.55E+08 -7.02E-23 -8.28E-23
  8.75E+06  3.92E-18  2.26E+08 -7.01E-23 -8.28E-23
  8.85E+06  2.21E-18  2.00E+08 -7.01E-23 -8.28E-23
  8.95E+06  1.28E-18  1.75E+08 -7.01E-23 -8.28E-23
  9.05E+06  7.19E-19  1.52E+08 -7.01E-23 -8.27E-23
  9.15E+06  3.80E-19  1.32E+08 -7.00E-23 -8.27E-23
  9.25E+06  1.85E-19  1.12E+08 -7.00E-23 -8.27E-23
  9.35E+06  8.31E-20  9.46E+07 -7.00E-23 -8.27E-23
  9.45E+06  3.53E-20  7.82E+07 -7.00E-23 -8.26E-23
  9.55E+06  1.45E-20  6.30E+07 -7.00E-23 -8.26E-23
  9.65E+06  5.92E-21  4.89E+07 -6.99E-23 -8.26E-23
  9.75E+06  2.40E-21  3.56E+07 -6.99E-23 -8.26E-23
  9.85E+06  9.75E-22  2.29E+07 -6.99E-23 -8.25E-23
  9.95E+06  3.32E-22  9.36E+06 -6.99E-23 -8.25E-23
  1.00E+07  1.71E-34 -8.81E-07 -6.99E-23 -8.25E-23

 AQUEOUS PHASE SPECIES

     Z      (SO2)g   (H2CO)g  (SO2)aq CH2(OH)2   HCO3-    CO3=     HSO3-    SO3=   CH2OHSO3-   OH-     SO4=      PH
  2.50E+04 6.04E-11 2.04E-10 1.27E-10 1.68E-06 3.63E-07 1.14E-12 1.61E-07 6.36E-10 2.71E-08 2.21E-10 8.63E-06 4.75E+00
  1.25E+05 1.17E-10 1.70E-10 2.97E-10 2.19E-06 3.26E-07 9.40E-13 3.99E-07 1.55E-09 8.75E-08 1.30E-10 9.30E-06 4.71E+00
  2.25E+05 1.59E-10 1.21E-10 4.98E-10 2.58E-06 2.62E-07 6.16E-13 6.36E-07 2.19E-09 1.64E-07 6.47E-11 1.14E-05 4.62E+00
  3.25E+05 1.99E-10 9.12E-11 6.74E-10 2.33E-06 2.00E-07 3.86E-13 7.45E-07 2.16E-09 1.73E-07 4.42E-11 1.40E-05 4.54E+00
  4.25E+05 2.41E-10 7.19E-11 8.17E-10 1.83E-06 1.54E-07 2.52E-13 7.69E-07 1.90E-09 1.41E-07 3.77E-11 1.65E-05 4.47E+00
  5.25E+05 2.84E-10 5.28E-11 9.63E-10 1.35E-06 1.23E-07 1.78E-13 8.02E-07 1.75E-09 1.08E-07 3.33E-11 1.88E-05 4.41E+00
  6.25E+05 3.29E-10 3.47E-11 1.12E-09 8.84E-07 1.01E-07 1.34E-13 8.50E-07 1.70E-09 7.52E-08 3.04E-11 2.06E-05 4.37E+00
  7.25E+05 3.75E-10 2.09E-11 1.27E-09 5.32E-07 8.53E-08 1.05E-13 9.03E-07 1.68E-09 4.81E-08 2.84E-11 2.21E-05 4.34E+00
  8.25E+05 4.15E-10 1.27E-11 1.41E-09 3.25E-07 7.31E-08 8.59E-14 9.50E-07 1.68E-09 3.09E-08 2.70E-11 2.33E-05 4.32E+00
  9.25E+05 4.47E-10 8.19E-12 1.52E-09 2.09E-07 6.34E-08 7.20E-14 9.90E-07 1.70E-09 2.07E-08 2.61E-11 2.41E-05 4.31E+00
  1.02E+06 4.77E-10 5.55E-12 1.62E-09 1.42E-07 5.52E-08 6.14E-14 1.03E-06 1.74E-09 1.46E-08 2.56E-11 2.46E-05 4.30E+00

 NORMAL HENRYS LAW COEFFICIENTS


     Z        O        O2       H2O      H        OH       HO2      H2O2     H2       CO       HCO      H2CO     CH4      CH3      C2H6     NO       NO2      HNO      H2S     
  2.50E+04 0.00E+00 1.60E-03 0.00E+00 0.00E+00 5.61E+01 9.08E+03 2.32E+05 8.36E-04 1.20E-03 0.00E+00 8.23E+03 1.75E-03 0.00E+00 2.62E-03 2.34E-03 1.70E-02 0.00E+00 1.32E-01
  1.25E+05 0.00E+00 1.77E-03 0.00E+00 0.00E+00 7.55E+01 1.34E+04 3.78E+05 8.64E-04 1.31E-03 0.00E+00 1.29E+04 1.94E-03 0.00E+00 3.04E-03 2.58E-03 2.00E-02 0.00E+00 1.51E-01
  2.25E+05 0.00E+00 1.97E-03 0.00E+00 0.00E+00 1.05E+02 2.07E+04 6.52E+05 8.97E-04 1.44E-03 0.00E+00 2.13E+04 2.19E-03 0.00E+00 3.61E-03 2.89E-03 2.41E-02 0.00E+00 1.75E-01
  3.25E+05 0.00E+00 2.06E-03 0.00E+00 0.00E+00 1.19E+02 2.42E+04 7.95E+05 9.09E-04 1.49E-03 0.00E+00 2.55E+04 2.28E-03 0.00E+00 3.83E-03 3.00E-03 2.57E-02 0.00E+00 1.84E-01
  4.25E+05 0.00E+00 2.06E-03 0.00E+00 0.00E+00 1.19E+02 2.42E+04 7.95E+05 9.09E-04 1.49E-03 0.00E+00 2.55E+04 2.28E-03 0.00E+00 3.83E-03 3.00E-03 2.57E-02 0.00E+00 1.84E-01
  5.25E+05 0.00E+00 2.06E-03 0.00E+00 0.00E+00 1.19E+02 2.42E+04 7.95E+05 9.09E-04 1.49E-03 0.00E+00 2.55E+04 2.28E-03 0.00E+00 3.83E-03 3.00E-03 2.57E-02 0.00E+00 1.84E-01
  6.25E+05 0.00E+00 2.06E-03 0.00E+00 0.00E+00 1.19E+02 2.42E+04 7.95E+05 9.09E-04 1.49E-03 0.00E+00 2.55E+04 2.28E-03 0.00E+00 3.83E-03 3.00E-03 2.57E-02 0.00E+00 1.84E-01
  7.25E+05 0.00E+00 2.06E-03 0.00E+00 0.00E+00 1.19E+02 2.42E+04 7.95E+05 9.09E-04 1.49E-03 0.00E+00 2.55E+04 2.28E-03 0.00E+00 3.83E-03 3.00E-03 2.57E-02 0.00E+00 1.84E-01
  8.25E+05 0.00E+00 2.06E-03 0.00E+00 0.00E+00 1.19E+02 2.42E+04 7.95E+05 9.09E-04 1.49E-03 0.00E+00 2.55E+04 2.28E-03 0.00E+00 3.83E-03 3.00E-03 2.57E-02 0.00E+00 1.84E-01
  9.25E+05 0.00E+00 2.06E-03 0.00E+00 0.00E+00 1.19E+02 2.42E+04 7.95E+05 9.09E-04 1.49E-03 0.00E+00 2.55E+04 2.28E-03 0.00E+00 3.83E-03 3.00E-03 2.57E-02 0.00E+00 1.84E-01
  1.02E+06 0.00E+00 2.06E-03 0.00E+00 0.00E+00 1.19E+02 2.42E+04 7.95E+05 9.09E-04 1.49E-03 0.00E+00 2.55E+04 2.28E-03 0.00E+00 3.83E-03 3.00E-03 2.57E-02 0.00E+00 1.84E-01

     Z        HS       S        SO       SO2      H2SO4    HSO      S2       S4       S8       SO3      OCS      S3       O3       HNO3     N        NO3      N2O      HO2NO2  
  2.50E+04 1.00E+05 0.00E+00 1.90E-03 2.09E+00 7.00E+11 9.00E+03 0.00E+00 0.00E+00 0.00E+00 7.00E+11 2.95E-02 0.00E+00 0.00E+00 7.03E+05 0.00E+00 3.80E-02 3.59E-02 3.13E+04
  1.25E+05 1.00E+05 0.00E+00 1.90E-03 2.54E+00 7.00E+11 9.00E+03 0.00E+00 0.00E+00 0.00E+00 7.00E+11 3.38E-02 0.00E+00 0.00E+00 1.25E+06 0.00E+00 3.80E-02 4.26E-02 4.94E+04
  2.25E+05 1.00E+05 0.00E+00 1.90E-03 3.14E+00 7.00E+11 9.00E+03 0.00E+00 0.00E+00 0.00E+00 7.00E+11 3.95E-02 0.00E+00 0.00E+00 2.37E+06 0.00E+00 3.80E-02 5.16E-02 8.20E+04
  3.25E+05 1.00E+05 0.00E+00 1.90E-03 3.39E+00 7.00E+11 9.00E+03 0.00E+00 0.00E+00 0.00E+00 7.00E+11 4.18E-02 0.00E+00 0.00E+00 2.99E+06 0.00E+00 3.80E-02 5.53E-02 9.86E+04
  4.25E+05 1.00E+05 0.00E+00 1.90E-03 3.39E+00 7.00E+11 9.00E+03 0.00E+00 0.00E+00 0.00E+00 7.00E+11 4.18E-02 0.00E+00 0.00E+00 2.99E+06 0.00E+00 3.80E-02 5.53E-02 9.86E+04
  5.25E+05 1.00E+05 0.00E+00 1.90E-03 3.39E+00 7.00E+11 9.00E+03 0.00E+00 0.00E+00 0.00E+00 7.00E+11 4.18E-02 0.00E+00 0.00E+00 2.99E+06 0.00E+00 3.80E-02 5.53E-02 9.86E+04
  6.25E+05 1.00E+05 0.00E+00 1.90E-03 3.39E+00 7.00E+11 9.00E+03 0.00E+00 0.00E+00 0.00E+00 7.00E+11 4.18E-02 0.00E+00 0.00E+00 2.99E+06 0.00E+00 3.80E-02 5.53E-02 9.86E+04
  7.25E+05 1.00E+05 0.00E+00 1.90E-03 3.39E+00 7.00E+11 9.00E+03 0.00E+00 0.00E+00 0.00E+00 7.00E+11 4.18E-02 0.00E+00 0.00E+00 2.99E+06 0.00E+00 3.80E-02 5.53E-02 9.86E+04
  8.25E+05 1.00E+05 0.00E+00 1.90E-03 3.39E+00 7.00E+11 9.00E+03 0.00E+00 0.00E+00 0.00E+00 7.00E+11 4.18E-02 0.00E+00 0.00E+00 2.99E+06 0.00E+00 3.80E-02 5.53E-02 9.86E+04
  9.25E+05 1.00E+05 0.00E+00 1.90E-03 3.39E+00 7.00E+11 9.00E+03 0.00E+00 0.00E+00 0.00E+00 7.00E+11 4.18E-02 0.00E+00 0.00E+00 2.99E+06 0.00E+00 3.80E-02 5.53E-02 9.86E+04
  1.02E+06 1.00E+05 0.00E+00 1.90E-03 3.39E+00 7.00E+11 9.00E+03 0.00E+00 0.00E+00 0.00E+00 7.00E+11 4.18E-02 0.00E+00 0.00E+00 2.99E+06 0.00E+00 3.80E-02 5.53E-02 9.86E+04

     Z        N2O5     CO2      SO4AER   S8AER   
  2.50E+04 3.59E-02 0.00E+00 7.00E+11 7.00E+11
  1.25E+05 4.26E-02 0.00E+00 7.00E+11 7.00E+11
  2.25E+05 5.16E-02 0.00E+00 7.00E+11 7.00E+11
  3.25E+05 5.53E-02 0.00E+00 7.00E+11 7.00E+11
  4.25E+05 5.53E-02 0.00E+00 7.00E+11 7.00E+11
  5.25E+05 5.53E-02 0.00E+00 7.00E+11 7.00E+11
  6.25E+05 5.53E-02 0.00E+00 7.00E+11 7.00E+11
  7.25E+05 5.53E-02 0.00E+00 7.00E+11 7.00E+11
  8.25E+05 5.53E-02 0.00E+00 7.00E+11 7.00E+11
  9.25E+05 5.53E-02 0.00E+00 7.00E+11 7.00E+11
  1.02E+06 5.53E-02 0.00E+00 7.00E+11 7.00E+11

 ENHANCEMENTS OF HENRYS LAW COEFFICIENTS


     Z        O        O2       H2O      H        OH       HO2      H2O2     H2       CO       HCO      H2CO     CH4      CH3      C2H6     NO       NO2      HNO      H2S     
  2.50E+04 1.00E+00 1.00E+00 1.00E+00 1.00E+00 1.00E+00 1.00E+00 1.00E+00 1.00E+00 1.00E+00 1.00E+00 1.02E+00 1.00E+00 1.00E+00 1.00E+00 1.00E+00 1.00E+00 1.00E+00 1.01E+00
  1.25E+05 1.00E+00 1.00E+00 1.00E+00 1.00E+00 1.00E+00 1.00E+00 1.00E+00 1.00E+00 1.00E+00 1.00E+00 1.04E+00 1.00E+00 1.00E+00 1.00E+00 1.00E+00 1.00E+00 1.00E+00 1.01E+00
  2.25E+05 1.00E+00 1.00E+00 1.00E+00 1.00E+00 1.00E+00 1.00E+00 1.00E+00 1.00E+00 1.00E+00 1.00E+00 1.06E+00 1.00E+00 1.00E+00 1.00E+00 1.00E+00 1.00E+00 1.00E+00 1.00E+00
  3.25E+05 1.00E+00 1.00E+00 1.00E+00 1.00E+00 1.00E+00 1.00E+00 1.00E+00 1.00E+00 1.00E+00 1.00E+00 1.07E+00 1.00E+00 1.00E+00 1.00E+00 1.00E+00 1.00E+00 1.00E+00 1.00E+00
  4.25E+05 1.00E+00 1.00E+00 1.00E+00 1.00E+00 1.00E+00 1.00E+00 1.00E+00 1.00E+00 1.00E+00 1.00E+00 1.08E+00 1.00E+00 1.00E+00 1.00E+00 1.00E+00 1.00E+00 1.00E+00 1.00E+00
  5.25E+05 1.00E+00 1.00E+00 1.00E+00 1.00E+00 1.00E+00 1.00E+00 1.00E+00 1.00E+00 1.00E+00 1.00E+00 1.08E+00 1.00E+00 1.00E+00 1.00E+00 1.00E+00 1.00E+00 1.00E+00 1.00E+00
  6.25E+05 1.00E+00 1.00E+00 1.00E+00 1.00E+00 1.00E+00 1.00E+00 1.00E+00 1.00E+00 1.00E+00 1.00E+00 1.08E+00 1.00E+00 1.00E+00 1.00E+00 1.00E+00 1.00E+00 1.00E+00 1.00E+00
  7.25E+05 1.00E+00 1.00E+00 1.00E+00 1.00E+00 1.00E+00 1.00E+00 1.00E+00 1.00E+00 1.00E+00 1.00E+00 1.09E+00 1.00E+00 1.00E+00 1.00E+00 1.00E+00 1.00E+00 1.00E+00 1.00E+00
  8.25E+05 1.00E+00 1.00E+00 1.00E+00 1.00E+00 1.00E+00 1.00E+00 1.00E+00 1.00E+00 1.00E+00 1.00E+00 1.10E+00 1.00E+00 1.00E+00 1.00E+00 1.00E+00 1.00E+00 1.00E+00 1.00E+00
  9.25E+05 1.00E+00 1.00E+00 1.00E+00 1.00E+00 1.00E+00 1.00E+00 1.00E+00 1.00E+00 1.00E+00 1.00E+00 1.10E+00 1.00E+00 1.00E+00 1.00E+00 1.00E+00 1.00E+00 1.00E+00 1.00E+00
  1.02E+06 1.00E+00 1.00E+00 1.00E+00 1.00E+00 1.00E+00 1.00E+00 1.00E+00 1.00E+00 1.00E+00 1.00E+00 1.10E+00 1.00E+00 1.00E+00 1.00E+00 1.00E+00 1.00E+00 1.00E+00 1.00E+00

     Z        HS       S        SO       SO2      H2SO4    HSO      S2       S4       S8       SO3      OCS      S3       O3       HNO3     N        NO3      N2O      HO2NO2  
  2.50E+04 1.00E+00 1.00E+00 1.00E+00 1.50E+03 1.00E+00 1.00E+00 1.00E+00 1.00E+00 1.00E+00 1.00E+00 1.00E+00 1.00E+00 1.00E+00 1.00E+00 1.00E+00 1.00E+00 1.00E+00 1.00E+00
  1.25E+05 1.00E+00 1.00E+00 1.00E+00 1.64E+03 1.00E+00 1.00E+00 1.00E+00 1.00E+00 1.00E+00 1.00E+00 1.00E+00 1.00E+00 1.00E+00 1.00E+00 1.00E+00 1.00E+00 1.00E+00 1.00E+00
  2.25E+05 1.00E+00 1.00E+00 1.00E+00 1.61E+03 1.00E+00 1.00E+00 1.00E+00 1.00E+00 1.00E+00 1.00E+00 1.00E+00 1.00E+00 1.00E+00 1.00E+00 1.00E+00 1.00E+00 1.00E+00 1.00E+00
  3.25E+05 1.00E+00 1.00E+00 1.00E+00 1.37E+03 1.00E+00 1.00E+00 1.00E+00 1.00E+00 1.00E+00 1.00E+00 1.00E+00 1.00E+00 1.00E+00 1.00E+00 1.00E+00 1.00E+00 1.00E+00 1.00E+00
  4.25E+05 1.00E+00 1.00E+00 1.00E+00 1.12E+03 1.00E+00 1.00E+00 1.00E+00 1.00E+00 1.00E+00 1.00E+00 1.00E+00 1.00E+00 1.00E+00 1.00E+00 1.00E+00 1.00E+00 1.00E+00 1.00E+00
  5.25E+05 1.00E+00 1.00E+00 1.00E+00 9.48E+02 1.00E+00 1.00E+00 1.00E+00 1.00E+00 1.00E+00 1.00E+00 1.00E+00 1.00E+00 1.00E+00 1.00E+00 1.00E+00 1.00E+00 1.00E+00 1.00E+00
  6.25E+05 1.00E+00 1.00E+00 1.00E+00 8.30E+02 1.00E+00 1.00E+00 1.00E+00 1.00E+00 1.00E+00 1.00E+00 1.00E+00 1.00E+00 1.00E+00 1.00E+00 1.00E+00 1.00E+00 1.00E+00 1.00E+00
  7.25E+05 1.00E+00 1.00E+00 1.00E+00 7.50E+02 1.00E+00 1.00E+00 1.00E+00 1.00E+00 1.00E+00 1.00E+00 1.00E+00 1.00E+00 1.00E+00 1.00E+00 1.00E+00 1.00E+00 1.00E+00 1.00E+00
  8.25E+05 1.00E+00 1.00E+00 1.00E+00 6.99E+02 1.00E+00 1.00E+00 1.00E+00 1.00E+00 1.00E+00 1.00E+00 1.00E+00 1.00E+00 1.00E+00 1.00E+00 1.00E+00 1.00E+00 1.00E+00 1.00E+00
  9.25E+05 1.00E+00 1.00E+00 1.00E+00 6.68E+02 1.00E+00 1.00E+00 1.00E+00 1.00E+00 1.00E+00 1.00E+00 1.00E+00 1.00E+00 1.00E+00 1.00E+00 1.00E+00 1.00E+00 1.00E+00 1.00E+00
  1.02E+06 1.00E+00 1.00E+00 1.00E+00 6.50E+02 1.00E+00 1.00E+00 1.00E+00 1.00E+00 1.00E+00 1.00E+00 1.00E+00 1.00E+00 1.00E+00 1.00E+00 1.00E+00 1.00E+00 1.00E+00 1.00E+00

     Z        N2O5     CO2      SO4AER   S8AER   
  2.50E+04 1.00E+00 1.00E+00 1.00E+00 1.00E+00
  1.25E+05 1.00E+00 1.00E+00 1.00E+00 1.00E+00
  2.25E+05 1.00E+00 1.00E+00 1.00E+00 1.00E+00
  3.25E+05 1.00E+00 1.00E+00 1.00E+00 1.00E+00
  4.25E+05 1.00E+00 1.00E+00 1.00E+00 1.00E+00
  5.25E+05 1.00E+00 1.00E+00 1.00E+00 1.00E+00
  6.25E+05 1.00E+00 1.00E+00 1.00E+00 1.00E+00
  7.25E+05 1.00E+00 1.00E+00 1.00E+00 1.00E+00
  8.25E+05 1.00E+00 1.00E+00 1.00E+00 1.00E+00
  9.25E+05 1.00E+00 1.00E+00 1.00E+00 1.00E+00
  1.02E+06 1.00E+00 1.00E+00 1.00E+00 1.00E+00

 GIORGI AND CHAMEIDES RAINOUT RATES


     Z        O        O2       H2O      H        OH       HO2      H2O2     H2       CO       HCO      H2CO     CH4      CH3      C2H6     NO       NO2      HNO      H2S     
  2.50E+04 0.00E+00 2.69E-13 0.00E+00 0.00E+00 9.38E-09 9.92E-07 2.29E-06 1.40E-13 2.01E-13 0.00E+00 9.41E-07 2.93E-13 0.00E+00 4.39E-13 3.93E-13 2.85E-12 0.00E+00 2.23E-11
  1.25E+05 0.00E+00 3.26E-13 0.00E+00 0.00E+00 1.38E-08 1.33E-06 2.38E-06 1.59E-13 2.40E-13 0.00E+00 1.33E-06 3.58E-13 0.00E+00 5.61E-13 4.76E-13 3.69E-12 0.00E+00 2.79E-11
  2.25E+05 0.00E+00 2.72E-13 0.00E+00 0.00E+00 1.44E-08 1.03E-06 1.33E-06 1.23E-13 1.98E-13 0.00E+00 1.06E-06 3.01E-13 0.00E+00 4.97E-13 3.97E-13 3.32E-12 0.00E+00 2.42E-11
  3.25E+05 0.00E+00 2.03E-13 0.00E+00 0.00E+00 1.16E-08 7.00E-07 8.19E-07 8.97E-14 1.47E-13 0.00E+00 7.17E-07 2.25E-13 0.00E+00 3.78E-13 2.96E-13 2.54E-12 0.00E+00 1.82E-11
  4.25E+05 0.00E+00 1.39E-13 0.00E+00 0.00E+00 7.95E-09 4.93E-07 5.83E-07 6.15E-14 1.01E-13 0.00E+00 5.07E-07 1.54E-13 0.00E+00 2.60E-13 2.03E-13 1.74E-12 0.00E+00 1.25E-11
  5.25E+05 0.00E+00 9.11E-14 0.00E+00 0.00E+00 5.21E-09 3.60E-07 4.49E-07 4.03E-14 6.60E-14 0.00E+00 3.72E-07 1.01E-13 0.00E+00 1.70E-13 1.33E-13 1.14E-12 0.00E+00 8.19E-12
  6.25E+05 0.00E+00 5.70E-14 0.00E+00 0.00E+00 3.27E-09 2.61E-07 3.60E-07 2.52E-14 4.13E-14 0.00E+00 2.72E-07 6.33E-14 0.00E+00 1.06E-13 8.34E-14 7.14E-13 0.00E+00 5.12E-12
  7.25E+05 0.00E+00 3.41E-14 0.00E+00 0.00E+00 1.95E-09 1.82E-07 2.89E-07 1.51E-14 2.47E-14 0.00E+00 1.93E-07 3.78E-14 0.00E+00 6.36E-14 4.98E-14 4.27E-13 0.00E+00 3.06E-12
  8.25E+05 0.00E+00 1.95E-14 0.00E+00 0.00E+00 1.12E-09 1.21E-07 2.29E-07 8.60E-15 1.41E-14 0.00E+00 1.30E-07 2.16E-14 0.00E+00 3.63E-14 2.84E-14 2.44E-13 0.00E+00 1.75E-12
  9.25E+05 0.00E+00 1.06E-14 0.00E+00 0.00E+00 6.10E-10 7.50E-08 1.73E-07 4.69E-15 7.68E-15 0.00E+00 8.16E-08 1.18E-14 0.00E+00 1.98E-14 1.55E-14 1.33E-13 0.00E+00 9.54E-13
  1.02E+06 0.00E+00 5.59E-15 0.00E+00 0.00E+00 3.21E-10 4.28E-08 1.14E-07 2.47E-15 4.04E-15 0.00E+00 4.71E-08 6.21E-15 0.00E+00 1.04E-14 8.17E-15 7.00E-14 0.00E+00 5.02E-13

     Z        HS       S        SO       SO2      H2SO4    HSO      S2       S4       S8       SO3      OCS      S3       O3       HNO3     N        NO3      N2O      HO2NO2  
  2.50E+04 2.18E-06 0.00E+00 3.19E-13 4.46E-07 2.37E-06 9.87E-07 0.00E+00 0.00E+00 0.00E+00 2.37E-06 4.94E-12 0.00E+00 0.00E+00 2.35E-06 0.00E+00 6.38E-12 6.02E-12 1.77E-06
  1.25E+05 2.25E-06 0.00E+00 3.50E-13 6.13E-07 2.42E-06 1.06E-06 0.00E+00 0.00E+00 0.00E+00 2.42E-06 6.23E-12 0.00E+00 0.00E+00 2.40E-06 0.00E+00 7.00E-12 7.84E-12 2.06E-06
  2.25E+05 1.29E-06 0.00E+00 2.62E-13 5.02E-07 1.34E-06 7.23E-07 0.00E+00 0.00E+00 0.00E+00 1.34E-06 5.44E-12 0.00E+00 0.00E+00 1.34E-06 0.00E+00 5.23E-12 7.10E-12 1.28E-06
  3.25E+05 8.04E-07 0.00E+00 1.88E-13 3.27E-07 8.20E-07 4.89E-07 0.00E+00 0.00E+00 0.00E+00 8.20E-07 4.12E-12 0.00E+00 0.00E+00 8.20E-07 0.00E+00 3.75E-12 5.46E-12 8.03E-07
  4.25E+05 5.72E-07 0.00E+00 1.29E-13 1.95E-07 5.84E-07 3.41E-07 0.00E+00 0.00E+00 0.00E+00 5.84E-07 2.83E-12 0.00E+00 0.00E+00 5.84E-07 0.00E+00 2.57E-12 3.74E-12 5.71E-07
  5.25E+05 4.35E-07 0.00E+00 8.43E-14 1.16E-07 4.50E-07 2.37E-07 0.00E+00 0.00E+00 0.00E+00 4.50E-07 1.85E-12 0.00E+00 0.00E+00 4.50E-07 0.00E+00 1.69E-12 2.45E-12 4.35E-07
  6.25E+05 3.40E-07 0.00E+00 5.27E-14 6.70E-08 3.62E-07 1.61E-07 0.00E+00 0.00E+00 0.00E+00 3.62E-07 1.16E-12 0.00E+00 0.00E+00 3.61E-07 0.00E+00 1.05E-12 1.53E-12 3.39E-07
  7.25E+05 2.61E-07 0.00E+00 3.15E-14 3.77E-08 2.93E-07 1.04E-07 0.00E+00 0.00E+00 0.00E+00 2.93E-07 6.93E-13 0.00E+00 0.00E+00 2.92E-07 0.00E+00 6.30E-13 9.17E-13 2.61E-07
  8.25E+05 1.94E-07 0.00E+00 1.80E-14 2.07E-08 2.35E-07 6.42E-08 0.00E+00 0.00E+00 0.00E+00 2.35E-07 3.95E-13 0.00E+00 0.00E+00 2.34E-07 0.00E+00 3.60E-13 5.23E-13 1.94E-07
  9.25E+05 1.36E-07 0.00E+00 9.82E-15 1.10E-08 1.81E-07 3.73E-08 0.00E+00 0.00E+00 0.00E+00 1.81E-07 2.16E-13 0.00E+00 0.00E+00 1.79E-07 0.00E+00 1.96E-13 2.86E-13 1.35E-07
  1.02E+06 8.39E-08 0.00E+00 5.17E-15 5.72E-09 1.21E-07 2.04E-08 0.00E+00 0.00E+00 0.00E+00 1.21E-07 1.14E-13 0.00E+00 0.00E+00 1.19E-07 0.00E+00 1.03E-13 1.50E-13 8.36E-08

     Z        N2O5     CO2      SO4AER   S8AER   
  2.50E+04 6.02E-12 0.00E+00 2.37E-06 2.37E-06
  1.25E+05 7.84E-12 0.00E+00 2.42E-06 2.42E-06
  2.25E+05 7.10E-12 0.00E+00 1.34E-06 1.34E-06
  3.25E+05 5.46E-12 0.00E+00 8.20E-07 8.20E-07
  4.25E+05 3.74E-12 0.00E+00 5.84E-07 5.84E-07
  5.25E+05 2.45E-12 0.00E+00 4.50E-07 4.50E-07
  6.25E+05 1.53E-12 0.00E+00 3.62E-07 3.62E-07
  7.25E+05 9.17E-13 0.00E+00 2.93E-07 2.93E-07
  8.25E+05 5.23E-13 0.00E+00 2.35E-07 2.35E-07
  9.25E+05 2.86E-13 0.00E+00 1.81E-07 1.81E-07
  1.02E+06 1.50E-13 0.00E+00 1.21E-07 1.21E-07

 RAINOUT RATE, PHIDEP, TLOSS, LOWER B.C. and vdep

 FOLLOWED BY TP, TL, FUP, FLOW, CON


     Z        O        O2       H2O      H        OH       HO2      H2O2     H2       CO       HCO      H2CO     CH4      CH3      C2H6     NO       NO2      HNO      H2S     
           0.00E+00 3.40E+11 0.00E+00 0.00E+00 8.28E+03 1.13E+08 1.79E+10 6.75E+05 1.95E+05 0.00E+00 2.03E+09 5.33E+06 0.00E+00 9.27E-14 1.64E+01 1.87E+02 0.00E+00 7.59E+02
           1.30E+03 0.00E+00 0.00E+00 1.79E-01 1.13E+06 2.78E+08 5.45E+09 3.17E+09 3.29E+08 7.21E-03 1.22E+09 0.00E+00 6.42E-02 0.00E+00 1.68E+04 3.45E+05 4.01E+02 4.40E+06
           1.30E+03 3.40E+11 0.00E+00 1.79E-01 1.14E+06 3.91E+08 2.34E+10 3.17E+09 3.29E+08 7.21E-03 3.25E+09 5.33E+06 6.42E-02 9.27E-14 1.68E+04 3.45E+05 4.01E+02 4.40E+06
              0        1        0        0        0        0        0        1        1        0        0        1        0        0        0        0        0        2
           1.00E+00 0.00E+00 0.00E+00 1.00E+00 1.00E+00 1.00E+00 2.00E-01 2.40E-04 1.20E-04 1.00E+00 2.00E-01 0.00E+00 1.00E+00 0.00E+00 3.00E-04 3.00E-03 1.00E+00 2.00E-02

           2.37E+15 2.47E+15 4.20E+10 3.09E+12 3.76E+12 2.76E+12 8.36E+10 5.12E+10 1.08E+11 5.70E+10 1.10E+11 3.65E+02 1.10E+11 2.24E-02 2.84E+13 2.85E+13 2.45E+05 6.25E+05
           2.37E+15 2.47E+15 3.10E+10 3.09E+12 3.76E+12 2.76E+12 7.81E+10 3.55E+10 2.62E+11 5.70E+10 1.09E+11 1.10E+11 1.10E+11 2.24E-02 2.84E+13 2.85E+13 2.45E+05 2.01E+08
           9.31E-03-1.07E-03 9.31E-10 1.47E+08 4.27E-05-1.58E-08-4.39E-19 8.64E+07 2.19E-04-6.68E-08-3.41E-08 6.91E-11-3.39E-08-1.81E-19 2.52E-07 4.09E-10-1.30E-15-8.88E-33
          -1.27E+03 6.75E+11 9.23E+12-4.56E-01-1.13E+06-2.78E+08-5.45E+09-1.56E+10 1.53E+11-6.30E-02-1.22E+09 1.10E+11-1.94E-01-6.91E-20-1.68E+04-3.45E+05-4.01E+02 2.00E+08
          -7.03E+03-1.15E+04 9.24E+12-5.47E-01-3.46E+00-3.73E-01 1.71E-01-1.66E-01-1.44E+00-3.18E-01 3.68E-01-1.21E+00-1.42E-01 5.56E-17-4.53E+01 4.55E+01 4.10E-07 6.80E-04

     Z        HS       S        SO       SO2      H2SO4    HSO      S2       S4       S8       SO3      OCS      S3       O3       HNO3     N        NO3      N2O      HO2NO2  
           1.50E+02 0.00E+00 3.95E-07 7.82E+08 1.98E+08 2.37E+06 0.00E+00 0.00E+00 0.00E+00 2.03E+01 2.24E-08 0.00E+00 0.00E+00 7.23E+08 0.00E+00 2.47E-02 2.03E+07 5.09E+07
           0.00E+00 0.00E+00 0.00E+00 1.62E+09 1.02E+08 1.27E+07 0.00E+00 0.00E+00 0.00E+00 0.00E+00 0.00E+00 0.00E+00 2.21E+10 1.33E+08 0.00E+00 0.00E+00 0.00E+00 4.95E+05
           1.50E+02 0.00E+00 3.95E-07 2.40E+09 3.00E+08 1.51E+07 0.00E+00 0.00E+00 0.00E+00 2.03E+01 2.24E-08 0.00E+00 2.21E+10 8.56E+08 0.00E+00 2.47E-02 2.03E+07 5.14E+07
              0        0        0        3        0        0        0        0        0        0        0        0        0        0        0        0        1        0
           0.00E+00 0.00E+00 0.00E+00 1.00E+00 1.00E+00 1.00E+00 0.00E+00 0.00E+00 0.00E+00 0.00E+00 0.00E+00 0.00E+00 7.00E-02 2.00E-01 0.00E+00 0.00E+00 0.00E+00 2.00E-01

           1.76E+08 5.54E+02 2.81E+08 6.50E+11 6.79E+09 1.10E+08 2.70E-16 3.06E-39 4.64E-92 6.79E+09 1.37E-05 4.93E-36 2.36E+15 1.47E+10 1.35E+08 3.82E+10 7.58E+05 2.86E+10
           1.76E+08 5.54E+02 2.81E+08 6.58E+11 6.68E+09 9.78E+07 2.70E-16 3.06E-39 4.64E-92 6.79E+09 1.37E-05 4.93E-36 2.36E+15 1.46E+10 2.35E+08 3.82E+10 1.35E+09 2.86E+10
          -1.11E-20-4.59E-11-5.02E-11-2.95E-11 3.77E-15-8.35E-17-6.31E-37-1.47E-84-1.03-109-3.62E-16-4.77E-24-3.57E-61 2.26E-04 4.08E-22-1.00E+08 2.88E-16-4.26E-14 3.61E-27
          -4.55E-04-3.88E-12-3.02E-04-1.62E+09-1.02E+08-1.27E+07-4.06E-27-4.24E-50-2.27-102-3.08E-04 4.09E-14-9.16E-47-2.21E+10-1.33E+08 8.83-185 6.31E-04 1.35E+09-4.95E+05
          -4.55E-04-2.20E-09-4.80E-03-9.00E+09 4.84E-05 1.23E-04 1.87E-28-3.54E-50-3.73-102-3.16E-04 4.10E-14-8.32E-47 7.02E+03 1.02E-01-9.06E-06 2.71E-02 1.56E-02 3.10E-02

     Z        N2O5     CO2      SO4AER   S8AER   
           1.76E-02 0.00E+00 6.41E+09 1.71E-19
           0.00E+00 2.61E+11 6.35E+07 2.61E-21
           1.76E-02 2.61E+11 6.47E+09 1.73E-19
              0        3        0        0
           0.00E+00 5.00E-05 1.25E-02 1.05E-02

           3.08E+08 2.62E+11 6.48E+09 0.00E+00
           3.08E+08 1.43E+09 6.41E+09 1.71E-19
           1.71E-34-8.81E-07-6.99E-23-8.25E-23
           1.89E-06-2.61E+11-7.63E+07 2.94E-20
           1.88E-03-6.87E+08-3.58E-04-1.41E-19

 CONSERVATION OF SULFUR:
     S loss = 9.200E+09  S prod = 9.200000E+09  SO4LOS = 6.772291E+09  8 S8LOSS = 1.386701E-18  sulrain = 7.391E+09   Difference = 2.015E-02

                    OxidOut =  7.8708E-03
                    RedOut  =  1.6002E+08
                       / \
                      /\
  OxidUp = 1.0007E-02 |
  RedUp  = 1.6002E+08 | |
-----------------------|-|----------------
                       | | OxidDown = -2.1363E-03
                         | RedDown  = -2.8738E-07
                         \/
/\
 | OxidDist = 0.0000E+00
 | RedDist  = 0.0000E+00
 |                             /\
 | | OxidRain = 7.0597E+11     | OxidAtm = 1.3514E+12
 | | RedRain  = 4.0889E+09     | RedAtm  = 5.9486E+11
---|--------------------------|-|---------
  \/  OxidOcean = -7.2808E+10| |
      RedOcean  = -1.8032E+10|
                             \/
                              \ /
                         OxidFlow =  1.2786E+12
                         RedFlow  =  5.7683E+11

    global imbalance (ocean)    =  1.6003E+08
    global imbalance (dist-fup) =  1.6002E+08

old redox budget numbers:
     OxidIn = 1.278555E+12  OxidOut = 7.870790E-03  RedIn = 5.768305E+11  RedOut = 1.600233E+08  RedRain = 4.088909E+09  OxidRain = 7.059733E+11   redox = 8.951456E+03

 INTEGRATED REACTION RATES

         1         2         3         4         5         6         7         8         9        10
  1   7.206E+10 9.736E+08 7.135E+07 3.447E+10 8.931E+11 2.187E+12 8.280E+08 1.920E+08 8.640E+09 2.759E+12   10
 11   4.852E+10 4.558E+11 1.984E+12 1.198E+11 8.357E+10 2.707E+10 3.252E+10 2.364E+15 9.062E+11 5.283E+08   20
 21   5.716E+14 1.020E+14 2.896E+11 5.513E+12 3.204E+09 1.495E+08 2.241E+08 6.734E+14 1.660E+15 1.969E+11   30
 31   7.305E+03 9.297E+03 6.883E-07 7.191E+01 1.151E+06 1.151E+06 3.315E+10 7.196E+08 7.076E+08 2.618E+11   40
 41   6.704E+05 4.995E+10 3.011E+10 2.248E+03 8.840E+04 4.708E+05 5.701E+10 2.643E+10 2.951E+05 2.213E+07   50
 51   4.508E+08 2.488E+06 3.609E+09 2.017E+07 2.188E+07 3.721E+06 0.000E+00 1.711E-03 6.992E+09 9.853E+09   60
 61   2.912E+08 2.090E+08 1.348E+08 2.529E+09 2.633E+13 1.085E+11 1.466E+09 9.771E+07 6.680E+00 6.656E+06   70
 71   1.352E+07 1.669E+01 9.678E-09 1.679E+07 1.101E+11 2.279E+07 2.239E-02 5.060E+03 3.647E+02 1.618E-04   80
 81   9.100E-07 6.599E-05 6.848E+04 8.085E+01 1.634E+08 3.488E+04 4.969E+06 6.494E+07 2.803E+13 7.344E+09   90
 91   3.963E+11 6.545E+09 2.107E+12 1.472E+10 1.193E+08 3.512E+09 3.562E+02 1.724E+05 7.235E+00 6.593E+04  100
101   6.665E+03 7.400E+07 7.073E+07 7.999E+02 3.616E+02 4.549E+05 1.974E+02 1.472E-02 5.072E-03 8.950E-04  110
111   6.105E-06 2.563E-03 3.167E-08 3.530E-15 1.227E-19 1.811E-02 5.534E+02 2.052E+00 9.573E+07 6.442E+11  120
121   5.843E+09 2.715E+08 1.581E+04 2.246E+02 9.217E+03 6.782E+09 1.994E+06 6.785E+09 6.782E+09 1.391E-01  130
131   2.962E-07 4.285E-02 1.760E+08 4.362E+00 7.597E+02 2.161E+01 8.952E+07 2.008E+05 4.721E-01 1.113E-05  140
141   1.796E-03 2.704E-16 5.539E+02 1.385E-04 2.009E-12 4.475E-06 4.475E-06 6.186E-25 0.000E+00 5.013E-18  150
151   4.028E+05 2.653E-16 0.000E+00 4.927E-36 3.063E-39 6.777E-60 4.640E-92 3.063E-39 4.927E-36 0.000E+00  160
161   0.000E+00 4.640E-92 1.105E+03 5.854E+10 5.854E+11 1.677E+07 2.459E+08 7.376E+05 2.131E+02 6.431E+10  170
171   8.946E+07 2.719E+01 2.872E+06 6.188E+06 5.889E+05 8.521E+07 6.340E+05 2.851E-02 2.414E-05 6.645E-04  180
181   3.681E-09 1.581E+04 9.422E-07 5.902E-03 2.617E+01 1.766E+05 9.505E+07 1.043E+01 5.213E+00 2.159E+04  190
191   1.437E+05 2.322E-11 0.000E+00 8.152E-12 1.367E-05 7.237E-07 2.084E-12 1.205E-21 1.009E-05 1.607E-11  200
201   3.862E-11 2.827E-06 2.940E+07 0.000E+00 2.463E+07 4.731E-22 4.330E-41 0.000E+00 0.000E+00 4.731E-22  210
211   1.674E+08 1.022E+07 1.080E+10 1.448E+10 1.757E+07 3.123E+09 2.379E+10 7.585E+05 0.000E+00 4.996E+07  220
221   7.817E+07 1.206E+09 7.070E+05 3.734E+04 3.075E+08 1.875E+06 6.980E+04 1.926E+10 4.484E-01 2.857E+10  230
231   9.285E+04 3.754E+09 2.157E+10 2.547E+09 6.481E+08 4.248E+07 2.631E+08 1.877E+06 2.020E+07
         1         2         3         4         5         6         7         8         9        10

 PHOTOCHEMICAL EQUILIBRIUM AND INERT SPECIES

     Z        HNO2     O1D      CH21     CH23     C2H5     SO21     SO23     HSO3     OCS2     N2      
  2.50E+04 9.46E+05 2.54E-03 6.55E-33 1.31E-31 5.03E-21 2.08E-04 1.57E-03 1.44E-03 1.86E-28 2.12E+19
  1.25E+05 9.79E+05 3.19E-03 2.24E-31 4.71E-30 4.94E-21 4.69E-04 3.52E-03 3.08E-03 4.43E-29 1.93E+19
  2.25E+05 1.11E+06 4.06E-03 6.49E-30 1.45E-28 4.86E-21 7.25E-04 5.42E-03 4.68E-03 1.00E-29 1.75E+19
  3.25E+05 1.31E+06 5.19E-03 1.46E-28 3.47E-27 4.68E-21 9.90E-04 7.37E-03 6.28E-03 2.11E-30 1.58E+19
  4.25E+05 1.54E+06 6.53E-03 2.52E-27 6.40E-26 4.38E-21 1.28E-03 9.48E-03 7.92E-03 4.28E-31 1.43E+19
  5.25E+05 1.60E+06 8.03E-03 3.15E-26 8.65E-25 3.80E-21 1.60E-03 1.18E-02 9.27E-03 8.22E-32 1.29E+19
  6.25E+05 1.24E+06 9.63E-03 2.68E-25 8.07E-24 2.88E-21 1.96E-03 1.45E-02 9.58E-03 1.44E-32 1.17E+19
  7.25E+05 8.83E+05 1.13E-02 1.66E-24 5.58E-23 2.02E-21 2.35E-03 1.73E-02 9.25E-03 2.65E-33 1.05E+19
  8.25E+05 9.43E+05 1.31E-02 9.06E-24 3.45E-22 1.56E-21 2.74E-03 2.02E-02 9.82E-03 6.90E-34 9.49E+18
  9.25E+05 1.37E+06 1.49E-02 4.45E-23 1.95E-21 1.33E-21 3.11E-03 2.29E-02 1.16E-02 2.77E-34 8.53E+18
  1.02E+06 1.85E+06 1.71E-02 1.96E-22 9.72E-21 1.19E-21 3.50E-03 2.57E-02 1.34E-02 2.43E-34 7.57E+18
  1.12E+06 2.00E+06 2.11E-02 9.29E-22 4.75E-20 1.20E-21 4.07E-03 2.98E-02 1.41E-02 7.60E-34 6.52E+18
  1.22E+06 2.03E+06 3.13E-02 3.35E-21 1.74E-19 1.26E-21 5.34E-03 3.91E-02 1.43E-02 8.38E-33 5.58E+18
  1.32E+06 1.83E+06 5.08E-02 9.61E-21 5.05E-19 1.40E-21 7.38E-03 5.39E-02 1.38E-02 1.24E-31 4.77E+18
  1.42E+06 1.63E+06 9.11E-02 2.50E-20 1.32E-18 1.81E-21 1.04E-02 7.56E-02 1.30E-02 1.52E-30 4.07E+18
  1.52E+06 1.55E+06 1.52E-01 7.38E-20 3.87E-18 2.71E-21 1.28E-02 9.31E-02 1.30E-02 1.31E-29 3.46E+18
  1.62E+06 1.53E+06 2.43E-01 2.27E-19 1.18E-17 4.37E-21 1.39E-02 1.01E-01 1.25E-02 8.37E-29 2.94E+18
  1.72E+06 1.52E+06 3.69E-01 7.07E-19 3.64E-17 7.20E-21 1.33E-02 9.63E-02 1.12E-02 4.00E-28 2.50E+18
  1.82E+06 1.52E+06 5.35E-01 2.19E-18 1.12E-16 1.20E-20 1.09E-02 7.88E-02 8.96E-03 1.41E-27 2.13E+18
  1.92E+06 1.54E+06 7.57E-01 6.70E-18 3.36E-16 2.01E-20 7.23E-03 5.20E-02 5.94E-03 3.48E-27 1.81E+18
  2.02E+06 1.59E+06 1.04E+00 2.02E-17 9.95E-16 3.39E-20 3.76E-03 2.69E-02 3.15E-03 5.79E-27 1.54E+18
  2.12E+06 1.67E+06 1.42E+00 5.96E-17 2.89E-15 5.78E-20 1.89E-03 1.35E-02 1.64E-03 8.04E-27 1.31E+18
  2.22E+06 1.79E+06 1.90E+00 1.73E-16 8.20E-15 1.00E-19 9.47E-04 6.72E-03 8.58E-04 9.68E-27 1.11E+18
  2.32E+06 1.97E+06 2.53E+00 4.91E-16 2.28E-14 1.77E-19 4.76E-04 3.36E-03 4.55E-04 1.02E-26 9.48E+17
  2.42E+06 2.19E+06 3.34E+00 1.36E-15 6.20E-14 3.19E-19 2.40E-04 1.69E-03 2.42E-04 9.48E-27 8.08E+17
  2.52E+06 2.46E+06 4.39E+00 3.70E-15 1.64E-13 5.84E-19 1.21E-04 8.44E-04 1.28E-04 7.75E-27 6.89E+17
  2.62E+06 2.74E+06 5.73E+00 9.79E-15 4.25E-13 1.09E-18 6.09E-05 4.23E-04 6.73E-05 5.59E-27 5.88E+17
  2.72E+06 3.01E+06 7.42E+00 2.52E-14 1.07E-12 2.07E-18 3.07E-05 2.12E-04 3.46E-05 3.53E-27 5.02E+17
  2.82E+06 3.20E+06 9.55E+00 6.26E-14 2.58E-12 3.96E-18 1.57E-05 1.08E-04 1.75E-05 1.98E-27 4.29E+17
  2.92E+06 3.28E+06 1.22E+01 1.50E-13 6.03E-12 7.64E-18 8.18E-06 5.59E-05 8.77E-06 9.89E-28 3.67E+17
  3.02E+06 3.23E+06 1.53E+01 3.47E-13 1.35E-11 1.49E-17 4.36E-06 2.96E-05 4.32E-06 4.31E-28 3.14E+17
  3.12E+06 3.03E+06 1.91E+01 7.68E-13 2.87E-11 2.89E-17 2.42E-06 1.63E-05 2.15E-06 1.69E-28 2.68E+17
  3.22E+06 2.73E+06 2.35E+01 1.63E-12 5.86E-11 5.61E-17 1.42E-06 9.51E-06 1.09E-06 6.02E-29 2.30E+17
  3.32E+06 2.37E+06 2.85E+01 3.30E-12 1.14E-10 1.09E-16 8.74E-07 5.83E-06 5.70E-07 1.94E-29 1.97E+17
  3.42E+06 2.01E+06 3.43E+01 6.40E-12 2.13E-10 2.12E-16 5.76E-07 3.82E-06 3.15E-07 5.82E-30 1.69E+17
  3.52E+06 1.67E+06 4.10E+01 1.20E-11 3.82E-10 4.10E-16 4.12E-07 2.71E-06 1.89E-07 1.66E-30 1.45E+17
  3.62E+06 1.37E+06 4.88E+01 2.16E-11 6.65E-10 7.94E-16 3.23E-07 2.11E-06 1.24E-07 4.56E-31 1.25E+17
  3.72E+06 1.12E+06 5.79E+01 3.81E-11 1.13E-09 1.53E-15 2.79E-07 1.81E-06 9.11E-08 1.25E-31 1.08E+17
  3.82E+06 9.16E+05 6.86E+01 6.52E-11 1.87E-09 2.94E-15 2.60E-07 1.68E-06 7.30E-08 3.32E-32 9.39E+16
  3.92E+06 7.47E+05 8.14E+01 1.09E-10 3.03E-09 5.59E-15 2.56E-07 1.64E-06 6.24E-08 8.42E-33 8.15E+16
  4.02E+06 6.04E+05 9.62E+01 1.76E-10 4.77E-09 1.04E-14 2.61E-07 1.65E-06 5.55E-08 2.03E-33 7.09E+16
  4.12E+06 4.81E+05 1.12E+02 2.73E-10 7.24E-09 1.88E-14 2.70E-07 1.69E-06 5.02E-08 4.61E-34 6.19E+16
  4.22E+06 3.74E+05 1.29E+02 4.04E-10 1.05E-08 3.23E-14 2.81E-07 1.74E-06 4.54E-08 1.01E-34 5.41E+16
  4.32E+06 2.83E+05 1.44E+02 5.65E-10 1.46E-08 5.24E-14 2.93E-07 1.79E-06 4.08E-08 2.36E-35 4.75E+16
  4.42E+06 2.10E+05 1.56E+02 7.49E-10 1.93E-08 8.04E-14 3.04E-07 1.84E-06 3.63E-08 8.08E-36 4.18E+16
  4.52E+06 1.52E+05 1.65E+02 9.44E-10 2.45E-08 1.18E-13 3.14E-07 1.87E-06 3.22E-08 5.25E-36 3.69E+16
  4.62E+06 1.09E+05 1.70E+02 1.14E-09 2.99E-08 1.69E-13 3.23E-07 1.90E-06 2.84E-08 5.11E-36 3.26E+16
  4.72E+06 7.71E+04 1.71E+02 1.34E-09 3.58E-08 2.36E-13 3.30E-07 1.91E-06 2.48E-08 5.60E-36 2.88E+16
  4.82E+06 5.35E+04 1.68E+02 1.55E-09 4.21E-08 3.27E-13 3.36E-07 1.91E-06 2.14E-08 6.26E-36 2.55E+16
  4.92E+06 3.66E+04 1.63E+02 1.78E-09 4.91E-08 4.52E-13 3.40E-07 1.89E-06 1.83E-08 7.01E-36 2.25E+16
  5.02E+06 2.48E+04 1.55E+02 2.03E-09 5.69E-08 6.16E-13 3.43E-07 1.86E-06 1.54E-08 7.83E-36 1.99E+16
  5.12E+06 1.67E+04 1.46E+02 2.30E-09 6.57E-08 8.32E-13 3.44E-07 1.83E-06 1.30E-08 8.72E-36 1.75E+16
  5.22E+06 1.12E+04 1.36E+02 2.60E-09 7.62E-08 1.11E-12 3.43E-07 1.78E-06 1.08E-08 9.68E-36 1.55E+16
  5.32E+06 7.48E+03 1.27E+02 2.96E-09 9.14E-08 1.46E-12 3.42E-07 1.72E-06 9.04E-09 1.07E-35 1.36E+16
  5.42E+06 4.98E+03 1.17E+02 3.43E-09 1.23E-07 1.91E-12 3.39E-07 1.65E-06 7.52E-09 1.18E-35 1.20E+16
  5.52E+06 3.31E+03 1.07E+02 4.23E-09 2.05E-07 2.46E-12 3.34E-07 1.58E-06 6.26E-09 1.30E-35 1.06E+16
  5.62E+06 2.20E+03 9.77E+01 5.89E-09 4.32E-07 3.13E-12 3.29E-07 1.50E-06 5.21E-09 1.42E-35 9.29E+15
  5.72E+06 1.46E+03 8.87E+01 9.54E-09 1.01E-06 3.96E-12 3.22E-07 1.42E-06 4.34E-09 1.56E-35 8.17E+15
  5.82E+06 9.74E+02 8.02E+01 1.73E-08 2.31E-06 4.96E-12 3.15E-07 1.33E-06 3.61E-09 1.70E-35 7.17E+15
  5.92E+06 6.48E+02 7.21E+01 3.23E-08 4.98E-06 6.15E-12 3.06E-07 1.24E-06 3.02E-09 1.86E-35 6.29E+15
  6.02E+06 4.32E+02 6.45E+01 5.92E-08 9.89E-06 7.59E-12 2.97E-07 1.15E-06 2.52E-09 2.02E-35 5.52E+15
  6.12E+06 2.88E+02 5.75E+01 1.05E-07 1.82E-05 9.30E-12 2.86E-07 1.06E-06 2.11E-09 2.19E-35 4.84E+15
  6.22E+06 1.93E+02 5.11E+01 1.90E-07 3.18E-05 1.13E-11 2.74E-07 9.67E-07 1.77E-09 2.37E-35 4.24E+15
  6.32E+06 1.29E+02 4.52E+01 3.87E-07 5.49E-05 1.37E-11 2.62E-07 8.79E-07 1.48E-09 2.55E-35 3.71E+15
  6.42E+06 8.66E+01 3.99E+01 9.72E-07 1.01E-04 1.66E-11 2.49E-07 7.94E-07 1.25E-09 2.74E-35 3.24E+15
  6.52E+06 5.84E+01 3.51E+01 2.79E-06 2.11E-04 2.00E-11 2.35E-07 7.13E-07 1.05E-09 2.95E-35 2.83E+15
  6.62E+06 3.96E+01 3.06E+01 7.96E-06 4.91E-04 2.41E-11 2.21E-07 6.36E-07 8.88E-10 3.17E-35 2.47E+15
  6.72E+06 2.73E+01 2.64E+01 2.09E-05 1.17E-03 2.92E-11 2.06E-07 5.64E-07 7.60E-10 3.44E-35 2.15E+15
  6.82E+06 1.93E+01 2.23E+01 4.94E-05 2.65E-03 3.59E-11 1.91E-07 4.97E-07 6.63E-10 3.79E-35 1.88E+15
  6.92E+06 1.41E+01 1.84E+01 1.05E-04 5.57E-03 4.49E-11 1.76E-07 4.35E-07 5.95E-10 4.29E-35 1.63E+15
  7.02E+06 1.06E+01 1.48E+01 2.02E-04 1.08E-02 5.75E-11 1.61E-07 3.79E-07 5.50E-10 5.00E-35 1.42E+15
  7.12E+06 8.21E+00 1.19E+01 3.54E-04 1.91E-02 7.52E-11 1.46E-07 3.29E-07 5.17E-10 5.98E-35 1.23E+15
  7.22E+06 6.42E+00 9.53E+00 5.73E-04 3.13E-02 9.95E-11 1.32E-07 2.85E-07 4.88E-10 7.26E-35 1.07E+15
  7.32E+06 5.02E+00 7.82E+00 8.61E-04 4.78E-02 1.31E-10 1.19E-07 2.45E-07 4.57E-10 8.80E-35 9.29E+14
  7.42E+06 3.85E+00 6.60E+00 1.21E-03 6.79E-02 1.71E-10 1.06E-07 2.11E-07 4.15E-10 1.04E-34 8.03E+14
  7.52E+06 2.83E+00 5.74E+00 1.60E-03 8.96E-02 2.20E-10 9.42E-08 1.80E-07 3.56E-10 1.20E-34 6.92E+14
  7.62E+06 2.05E+00 5.16E+00 2.00E-03 1.12E-01 2.68E-10 8.31E-08 1.53E-07 2.97E-10 1.36E-34 5.96E+14
  7.72E+06 1.51E+00 4.70E+00 2.38E-03 1.33E-01 3.17E-10 7.30E-08 1.30E-07 2.50E-10 1.50E-34 5.14E+14
  7.82E+06 1.13E+00 4.42E+00 2.72E-03 1.52E-01 3.61E-10 6.38E-08 1.11E-07 2.11E-10 1.62E-34 4.43E+14
  7.92E+06 6.99E-01 4.95E+00 2.98E-03 1.67E-01 3.37E-10 5.45E-08 9.18E-08 1.43E-10 1.88E-34 3.81E+14
  8.02E+06 3.02E-01 7.11E+00 3.16E-03 1.77E-01 2.63E-10 4.44E-08 7.30E-08 6.38E-11 2.39E-34 3.29E+14
  8.12E+06 1.19E-01 1.11E+01 3.26E-03 1.82E-01 2.68E-10 3.53E-08 5.69E-08 2.52E-11 2.68E-34 2.83E+14
  8.22E+06 5.24E-02 1.68E+01 3.26E-03 1.81E-01 3.04E-10 2.82E-08 4.45E-08 1.07E-11 2.45E-34 2.44E+14
  8.32E+06 2.58E-02 2.38E+01 3.19E-03 1.76E-01 2.96E-10 2.26E-08 3.51E-08 4.97E-12 1.90E-34 2.10E+14
  8.42E+06 1.39E-02 3.18E+01 3.05E-03 1.67E-01 2.49E-10 1.82E-08 2.79E-08 2.42E-12 1.33E-34 1.81E+14
  8.52E+06 8.00E-03 4.05E+01 2.88E-03 1.54E-01 1.90E-10 1.47E-08 2.22E-08 1.20E-12 8.91E-35 1.56E+14
  8.62E+06 4.78E-03 4.92E+01 2.67E-03 1.40E-01 1.38E-10 1.19E-08 1.77E-08 5.90E-13 5.88E-35 1.35E+14
  8.72E+06 2.92E-03 5.76E+01 2.46E-03 1.24E-01 9.57E-11 9.58E-09 1.42E-08 2.87E-13 3.90E-35 1.16E+14
  8.82E+06 1.78E-03 6.51E+01 2.24E-03 1.09E-01 6.47E-11 7.69E-09 1.13E-08 1.37E-13 2.61E-35 1.00E+14
  8.92E+06 1.07E-03 7.13E+01 2.03E-03 9.35E-02 4.27E-11 6.14E-09 8.93E-09 6.42E-14 1.78E-35 8.63E+13
  9.02E+06 6.26E-04 7.63E+01 1.83E-03 7.93E-02 2.77E-11 4.87E-09 7.03E-09 2.97E-14 1.23E-35 7.43E+13
  9.12E+06 3.52E-04 8.03E+01 1.65E-03 6.65E-02 1.77E-11 3.82E-09 5.49E-09 1.35E-14 8.66E-36 6.41E+13
  9.22E+06 1.90E-04 8.44E+01 1.47E-03 5.53E-02 1.13E-11 2.97E-09 4.24E-09 6.11E-15 6.24E-36 5.52E+13
  9.32E+06 9.88E-05 9.03E+01 1.32E-03 4.58E-02 7.11E-12 2.28E-09 3.25E-09 2.73E-15 4.59E-36 4.76E+13
  9.42E+06 5.02E-05 1.01E+02 1.18E-03 3.79E-02 4.50E-12 1.74E-09 2.46E-09 1.21E-15 3.46E-36 4.11E+13
  9.52E+06 2.51E-05 1.24E+02 1.07E-03 3.15E-02 2.87E-12 1.30E-09 1.84E-09 5.34E-16 2.68E-36 3.54E+13
  9.62E+06 1.24E-05 1.68E+02 9.77E-04 2.67E-02 1.86E-12 9.66E-10 1.36E-09 2.34E-16 2.15E-36 3.06E+13
  9.72E+06 6.12E-06 2.57E+02 9.14E-04 2.31E-02 1.25E-12 7.07E-10 9.93E-10 1.02E-16 1.81E-36 2.64E+13
  9.82E+06 3.00E-06 4.51E+02 8.86E-04 2.09E-02 8.93E-13 5.12E-10 7.18E-10 4.43E-17 1.62E-36 2.27E+13
  9.92E+06 1.47E-06 1.04E+03 9.06E-04 2.01E-02 7.12E-13 3.71E-10 5.19E-10 1.97E-17 1.57E-36 1.96E+13

 ATMOSPHERIC PARAMETERS

    Z         T         EDD       DEN        P        H2OSAT     H2O       RELH     CONDEN    H FLUX
  2.500E+04 2.862E+02 1.000E+05 2.490E+19 9.833E-01 1.518E-02 1.134E-02 7.470E-01 0.000E+00 3.548E+11
  1.250E+05 2.808E+02 1.000E+05 2.253E+19 8.733E-01 1.200E-02 7.934E-03 6.612E-01 0.000E+00 2.759E+11
  2.250E+05 2.752E+02 1.000E+05 2.038E+19 7.737E-01 9.117E-03 5.326E-03 5.842E-01 0.000E+00 2.088E+11
  3.250E+05 2.693E+02 1.000E+05 1.840E+19 6.837E-01 6.498E-03 3.297E-03 5.074E-01 0.000E+00 1.539E+11
  4.250E+05 2.631E+02 1.000E+05 1.659E+19 6.025E-01 4.298E-03 1.914E-03 4.453E-01 0.000E+00 1.091E+11
  5.250E+05 2.561E+02 1.000E+05 1.497E+19 5.292E-01 2.592E-03 1.009E-03 3.894E-01 0.000E+00 7.504E+10
  6.250E+05 2.483E+02 1.000E+05 1.352E+19 4.631E-01 1.390E-03 4.709E-04 3.387E-01 0.000E+00 5.264E+10
  7.250E+05 2.397E+02 1.000E+05 1.220E+19 4.034E-01 6.591E-04 1.931E-04 2.930E-01 0.000E+00 3.961E+10
  8.250E+05 2.306E+02 1.000E+05 1.099E+19 3.496E-01 2.759E-04 6.951E-05 2.520E-01 0.000E+00 3.178E+10
  9.250E+05 2.211E+02 1.000E+05 9.872E+18 3.012E-01 1.024E-04 2.204E-05 2.152E-01 0.000E+00 2.670E+10
  1.025E+06 2.132E+02 8.000E+04 8.765E+18 2.579E-01 4.301E-05 7.835E-06 1.822E-01 0.000E+00 2.346E+10
  1.125E+06 2.113E+02 3.000E+04 7.546E+18 2.201E-01 3.902E-05 5.015E-06 1.285E-01 1.780E-11 5.051E+12
  1.225E+06 2.103E+02 1.700E+04 6.465E+18 1.877E-01 3.988E-05 4.085E-06 1.024E-01 1.540E-12 3.200E+08
  1.325E+06 2.098E+02 8.000E+03 5.524E+18 1.599E-01 4.312E-05 4.099E-06 9.507E-02 0.000E+00 3.200E+08
  1.425E+06 2.096E+02 5.800E+03 4.709E+18 1.362E-01 4.978E-05 4.129E-06 8.295E-02 0.000E+00 3.200E+08
  1.525E+06 2.099E+02 4.600E+03 4.008E+18 1.161E-01 6.048E-05 4.174E-06 6.900E-02 0.000E+00 3.200E+08
  1.625E+06 2.103E+02 4.000E+03 3.408E+18 9.893E-02 7.559E-05 4.236E-06 5.603E-02 0.000E+00 3.200E+08
  1.725E+06 2.109E+02 3.900E+03 2.898E+18 8.436E-02 9.599E-05 4.314E-06 4.495E-02 0.000E+00 3.200E+08
  1.825E+06 2.116E+02 3.900E+03 2.464E+18 7.197E-02 1.240E-04 4.407E-06 3.553E-02 0.000E+00 3.200E+08
  1.925E+06 2.125E+02 4.100E+03 2.095E+18 6.144E-02 1.635E-04 4.512E-06 2.760E-02 0.000E+00 3.200E+08
  2.025E+06 2.135E+02 4.600E+03 1.781E+18 5.249E-02 2.196E-04 4.624E-06 2.106E-02 0.000E+00 3.200E+08
  2.125E+06 2.147E+02 5.100E+03 1.515E+18 4.488E-02 3.001E-04 4.740E-06 1.580E-02 0.000E+00 3.200E+08
  2.225E+06 2.159E+02 5.800E+03 1.289E+18 3.841E-02 4.147E-04 4.859E-06 1.172E-02 0.000E+00 3.200E+08
  2.325E+06 2.173E+02 6.600E+03 1.098E+18 3.291E-02 5.762E-04 4.979E-06 8.641E-03 0.000E+00 3.200E+08
  2.425E+06 2.187E+02 7.500E+03 9.352E+17 2.822E-02 8.034E-04 5.100E-06 6.348E-03 0.000E+00 3.200E+08
  2.525E+06 2.201E+02 8.500E+03 7.977E+17 2.423E-02 1.123E-03 5.221E-06 4.649E-03 0.000E+00 3.200E+08
  2.625E+06 2.216E+02 9.500E+03 6.808E+17 2.082E-02 1.579E-03 5.342E-06 3.383E-03 0.000E+00 3.200E+08
  2.725E+06 2.232E+02 1.060E+04 5.815E+17 1.791E-02 2.243E-03 5.464E-06 2.436E-03 0.000E+00 3.200E+08
  2.825E+06 2.250E+02 1.200E+04 4.969E+17 1.543E-02 3.237E-03 5.586E-06 1.726E-03 0.000E+00 3.200E+08
  2.925E+06 2.270E+02 1.300E+04 4.247E+17 1.331E-02 4.786E-03 5.707E-06 1.192E-03 0.000E+00 3.200E+08
  3.025E+06 2.293E+02 1.430E+04 3.632E+17 1.149E-02 7.247E-03 5.830E-06 8.045E-04 0.000E+00 3.200E+08
  3.125E+06 2.318E+02 1.600E+04 3.107E+17 9.941E-03 1.124E-02 5.951E-06 5.297E-04 0.000E+00 3.200E+08
  3.225E+06 2.347E+02 1.740E+04 2.660E+17 8.615E-03 1.781E-02 6.070E-06 3.408E-04 0.000E+00 3.200E+08
  3.325E+06 2.376E+02 1.900E+04 2.280E+17 7.479E-03 2.851E-02 6.187E-06 2.170E-04 0.000E+00 3.200E+08
  3.425E+06 2.407E+02 2.100E+04 1.958E+17 6.504E-03 4.561E-02 6.301E-06 1.381E-04 0.000E+00 3.200E+08
  3.525E+06 2.438E+02 2.300E+04 1.684E+17 5.667E-03 7.234E-02 6.410E-06 8.861E-05 0.000E+00 3.200E+08
  3.625E+06 2.469E+02 2.600E+04 1.452E+17 4.947E-03 1.131E-01 6.514E-06 5.761E-05 0.000E+00 3.200E+08
  3.725E+06 2.498E+02 2.900E+04 1.255E+17 4.325E-03 1.733E-01 6.609E-06 3.812E-05 0.000E+00 3.200E+08
  3.825E+06 2.526E+02 3.200E+04 1.086E+17 3.787E-03 2.598E-01 6.696E-06 2.577E-05 0.000E+00 3.200E+08
  3.925E+06 2.552E+02 3.600E+04 9.431E+16 3.321E-03 3.791E-01 6.775E-06 1.787E-05 0.000E+00 3.200E+08
  4.025E+06 2.575E+02 4.000E+04 8.207E+16 2.917E-03 5.358E-01 6.844E-06 1.277E-05 0.000E+00 3.200E+08
  4.125E+06 2.595E+02 4.400E+04 7.161E+16 2.564E-03 7.280E-01 6.904E-06 9.483E-06 0.000E+00 3.200E+08
  4.225E+06 2.609E+02 4.900E+04 6.266E+16 2.256E-03 9.435E-01 6.954E-06 7.370E-06 0.000E+00 3.200E+08
  4.325E+06 2.618E+02 5.500E+04 5.498E+16 1.986E-03 1.157E+00 6.993E-06 6.043E-06 0.000E+00 3.200E+08
  4.425E+06 2.620E+02 6.200E+04 4.838E+16 1.749E-03 1.336E+00 7.021E-06 5.254E-06 0.000E+00 3.200E+08
  4.525E+06 2.615E+02 6.700E+04 4.269E+16 1.540E-03 1.452E+00 7.041E-06 4.850E-06 0.000E+00 3.200E+08
  4.625E+06 2.604E+02 7.600E+04 3.774E+16 1.356E-03 1.494E+00 7.051E-06 4.718E-06 0.000E+00 3.200E+08
  4.725E+06 2.589E+02 8.400E+04 3.338E+16 1.193E-03 1.493E+00 7.054E-06 4.726E-06 0.000E+00 3.200E+08
  4.825E+06 2.575E+02 9.200E+04 2.952E+16 1.049E-03 1.487E+00 7.051E-06 4.742E-06 0.000E+00 3.200E+08
  4.925E+06 2.561E+02 1.020E+05 2.608E+16 9.216E-04 1.483E+00 7.042E-06 4.748E-06 0.000E+00 3.200E+08
  5.025E+06 2.547E+02 1.120E+05 2.302E+16 8.092E-04 1.479E+00 7.027E-06 4.753E-06 0.000E+00 3.200E+08
  5.125E+06 2.532E+02 1.220E+05 2.031E+16 7.100E-04 1.473E+00 7.009E-06 4.760E-06 0.000E+00 3.200E+08
  5.225E+06 2.518E+02 1.320E+05 1.791E+16 6.225E-04 1.465E+00 6.986E-06 4.768E-06 0.000E+00 3.200E+08
  5.325E+06 2.504E+02 1.420E+05 1.578E+16 5.454E-04 1.456E+00 6.958E-06 4.779E-06 0.000E+00 3.200E+08
  5.425E+06 2.490E+02 1.520E+05 1.390E+16 4.776E-04 1.445E+00 6.927E-06 4.792E-06 0.000E+00 3.200E+08
  5.525E+06 2.475E+02 1.620E+05 1.223E+16 4.179E-04 1.433E+00 6.892E-06 4.809E-06 0.000E+00 3.200E+08
  5.625E+06 2.461E+02 1.720E+05 1.076E+16 3.653E-04 1.419E+00 6.852E-06 4.830E-06 0.000E+00 3.200E+08
  5.725E+06 2.447E+02 1.820E+05 9.453E+15 3.192E-04 1.402E+00 6.808E-06 4.855E-06 0.000E+00 3.200E+08
  5.825E+06 2.432E+02 1.920E+05 8.301E+15 2.786E-04 1.383E+00 6.759E-06 4.885E-06 0.000E+00 3.200E+08
  5.925E+06 2.418E+02 2.020E+05 7.285E+15 2.431E-04 1.362E+00 6.704E-06 4.921E-06 0.000E+00 3.200E+08
  6.025E+06 2.403E+02 2.120E+05 6.389E+15 2.119E-04 1.339E+00 6.645E-06 4.962E-06 0.000E+00 3.200E+08
  6.125E+06 2.388E+02 2.220E+05 5.598E+15 1.845E-04 1.314E+00 6.579E-06 5.009E-06 0.000E+00 3.200E+08
  6.225E+06 2.373E+02 2.320E+05 4.902E+15 1.606E-04 1.286E+00 6.506E-06 5.060E-06 0.000E+00 3.200E+08
  6.325E+06 2.359E+02 2.420E+05 4.289E+15 1.396E-04 1.257E+00 6.426E-06 5.114E-06 0.000E+00 3.200E+08
  6.425E+06 2.344E+02 2.520E+05 3.750E+15 1.213E-04 1.226E+00 6.338E-06 5.169E-06 0.000E+00 3.200E+08
  6.525E+06 2.329E+02 2.620E+05 3.276E+15 1.053E-04 1.195E+00 6.240E-06 5.223E-06 0.000E+00 3.200E+08
  6.625E+06 2.314E+02 2.720E+05 2.860E+15 9.132E-05 1.164E+00 6.133E-06 5.270E-06 0.000E+00 3.200E+08
  6.725E+06 2.299E+02 2.820E+05 2.494E+15 7.913E-05 1.134E+00 6.014E-06 5.305E-06 0.000E+00 3.200E+08
  6.825E+06 2.285E+02 2.920E+05 2.173E+15 6.851E-05 1.105E+00 5.882E-06 5.321E-06 0.000E+00 3.200E+08
  6.925E+06 2.271E+02 3.020E+05 1.891E+15 5.926E-05 1.080E+00 5.737E-06 5.309E-06 0.000E+00 3.200E+08
  7.025E+06 2.257E+02 3.120E+05 1.645E+15 5.122E-05 1.060E+00 5.575E-06 5.262E-06 0.000E+00 3.200E+08
  7.125E+06 2.243E+02 3.220E+05 1.429E+15 4.423E-05 1.043E+00 5.397E-06 5.172E-06 0.000E+00 3.200E+08
  7.225E+06 2.231E+02 3.320E+05 1.240E+15 3.817E-05 1.033E+00 5.200E-06 5.034E-06 0.000E+00 3.200E+08
  7.325E+06 2.218E+02 3.420E+05 1.075E+15 3.291E-05 1.028E+00 4.984E-06 4.847E-06 0.000E+00 3.200E+08
  7.425E+06 2.210E+02 3.520E+05 9.297E+14 2.835E-05 1.076E+00 4.748E-06 4.412E-06 0.000E+00 3.200E+08
  7.525E+06 2.210E+02 3.620E+05 8.009E+14 2.442E-05 1.249E+00 4.491E-06 3.595E-06 0.000E+00 3.200E+08
  7.625E+06 2.210E+02 3.720E+05 6.899E+14 2.104E-05 1.450E+00 4.214E-06 2.906E-06 0.000E+00 3.200E+08
  7.725E+06 2.210E+02 3.820E+05 5.944E+14 1.813E-05 1.683E+00 3.921E-06 2.329E-06 0.000E+00 3.200E+08
  7.825E+06 2.210E+02 3.920E+05 5.121E+14 1.562E-05 1.954E+00 3.611E-06 1.849E-06 0.000E+00 3.200E+08
  7.925E+06 2.210E+02 4.020E+05 4.412E+14 1.346E-05 2.267E+00 3.284E-06 1.448E-06 0.000E+00 3.200E+08
  8.025E+06 2.210E+02 4.070E+05 3.802E+14 1.160E-05 2.632E+00 2.944E-06 1.119E-06 0.000E+00 3.200E+08
  8.125E+06 2.210E+02 4.070E+05 3.276E+14 9.991E-06 3.054E+00 2.605E-06 8.530E-07 0.000E+00 3.200E+08
  8.225E+06 2.210E+02 4.070E+05 2.823E+14 8.610E-06 3.544E+00 2.280E-06 6.433E-07 0.000E+00 3.200E+08
  8.325E+06 2.210E+02 4.070E+05 2.433E+14 7.420E-06 4.112E+00 1.977E-06 4.807E-07 0.000E+00 3.200E+08
  8.425E+06 2.210E+02 4.070E+05 2.097E+14 6.395E-06 4.772E+00 1.700E-06 3.562E-07 0.000E+00 3.200E+08
  8.525E+06 2.210E+02 4.070E+05 1.807E+14 5.512E-06 5.536E+00 1.451E-06 2.620E-07 0.000E+00 3.200E+08
  8.625E+06 2.210E+02 4.070E+05 1.558E+14 4.751E-06 6.422E+00 1.229E-06 1.914E-07 0.000E+00 3.200E+08
  8.725E+06 2.210E+02 4.070E+05 1.343E+14 4.096E-06 7.450E+00 1.036E-06 1.390E-07 0.000E+00 3.200E+08
  8.825E+06 2.210E+02 4.070E+05 1.158E+14 3.531E-06 8.641E+00 8.670E-07 1.003E-07 0.000E+00 3.200E+08
  8.925E+06 2.210E+02 4.070E+05 9.984E+13 3.045E-06 1.002E+01 7.220E-07 7.204E-08 0.000E+00 3.200E+08
  9.025E+06 2.210E+02 4.070E+05 8.610E+13 2.626E-06 1.162E+01 5.983E-07 5.148E-08 0.000E+00 3.200E+08
  9.125E+06 2.210E+02 4.070E+05 7.427E+13 2.265E-06 1.347E+01 4.936E-07 3.664E-08 0.000E+00 3.200E+08
  9.225E+06 2.210E+02 4.070E+05 6.407E+13 1.954E-06 1.562E+01 4.060E-07 2.600E-08 0.000E+00 3.200E+08
  9.325E+06 2.210E+02 4.070E+05 5.529E+13 1.686E-06 1.810E+01 3.333E-07 1.842E-08 0.000E+00 3.200E+08
  9.425E+06 2.210E+02 4.070E+05 4.772E+13 1.455E-06 2.097E+01 2.738E-07 1.306E-08 0.000E+00 3.200E+08
  9.525E+06 2.210E+02 4.070E+05 4.120E+13 1.256E-06 2.429E+01 2.258E-07 9.296E-09 0.000E+00 3.200E+08
  9.625E+06 2.210E+02 4.070E+05 3.558E+13 1.085E-06 2.812E+01 1.880E-07 6.687E-09 0.000E+00 3.200E+08
  9.725E+06 2.210E+02 4.070E+05 3.073E+13 9.372E-07 3.256E+01 1.597E-07 4.905E-09 0.000E+00 3.200E+08
  9.825E+06 2.210E+02 4.070E+05 2.655E+13 8.097E-07 3.768E+01 1.403E-07 3.722E-09 0.000E+00 3.200E+08
  9.925E+06 2.210E+02 4.070E+05 2.295E+13 6.998E-07 4.360E+01 1.299E-07 2.980E-09 0.000E+00 3.200E+08

 SULFATE AEROSOL PARAMETERS

    Z        AERSOL     RPAR      WFALL     FSULF    TAUSED    TAUEDD    TAUC      H2SO4S    H2SO4     CONSO4    CONVER
  2.500E+04 9.050E+00 3.730E-05 2.469E-03 2.357E-01 3.449E+08 7.249E+06 3.143E+08 4.879E-19 4.091E-12 6.546E-17 5.625E+08
  1.250E+05 7.716E+00 3.730E-05 2.650E-03 2.937E-01 3.151E+08 6.972E+06 3.635E+08 9.185E-19 8.389E-12 1.342E-16 7.010E+08
  2.250E+05 8.025E+00 3.730E-05 2.837E-03 3.439E-01 2.882E+08 6.684E+06 3.441E+08 1.334E-18 1.295E-11 2.072E-16 8.209E+08
  3.250E+05 8.186E+00 3.730E-05 3.081E-03 4.146E-01 2.596E+08 6.399E+06 3.313E+08 3.520E-18 1.741E-11 2.785E-16 9.895E+08
  4.250E+05 9.048E+00 3.730E-05 3.277E-03 4.447E-01 2.384E+08 6.104E+06 2.938E+08 3.003E-18 2.135E-11 3.417E-16 1.061E+09
  5.250E+05 9.673E+00 3.730E-05 3.502E-03 4.745E-01 2.172E+08 5.785E+06 2.689E+08 2.113E-18 2.402E-11 3.844E-16 1.133E+09
  6.250E+05 1.006E+01 3.730E-05 3.765E-03 5.039E-01 1.958E+08 5.437E+06 2.525E+08 1.169E-18 2.464E-11 3.943E-16 1.203E+09
  7.250E+05 1.041E+01 3.730E-05 4.056E-03 5.246E-01 1.755E+08 5.070E+06 2.377E+08 3.774E-19 2.412E-11 3.860E-16 1.252E+09
  8.250E+05 1.062E+01 3.730E-05 4.397E-03 5.429E-01 1.558E+08 4.693E+06 2.260E+08 8.740E-20 2.450E-11 3.920E-16 1.296E+09
  9.250E+05 1.067E+01 3.730E-05 4.801E-03 5.598E-01 1.369E+08 4.318E+06 2.170E+08 1.506E-20 2.620E-11 4.193E-16 1.336E+09
  1.025E+06 1.060E+01 3.730E-05 5.262E-03 5.759E-01 1.205E+08 5.024E+06 2.089E+08 3.457E-21 2.815E-11 4.504E-16 1.375E+09
  1.125E+06 1.074E+01 3.730E-05 5.753E-03 6.017E-01 1.093E+08 1.317E+07 1.934E+08 7.746E-21 2.970E-11 4.752E-16 1.436E+09
  1.225E+06 1.282E+01 3.730E-05 6.294E-03 6.184E-01 9.943E+07 2.304E+07 1.505E+08 1.493E-20 3.038E-11 4.861E-16 1.476E+09
  1.325E+06 1.573E+01 3.730E-05 6.894E-03 6.237E-01 9.055E+07 4.871E+07 1.130E+08 1.887E-20 2.924E-11 4.678E-16 1.489E+09
  1.425E+06 1.901E+01 3.730E-05 7.619E-03 6.326E-01 8.191E+07 6.715E+07 8.539E+07 3.286E-20 2.775E-11 4.439E-16 1.510E+09
  1.525E+06 1.997E+01 3.730E-05 8.491E-03 6.436E-01 7.361E+07 8.492E+07 7.361E+07 7.168E-20 2.760E-11 4.415E-16 1.536E+09
  1.625E+06 1.953E+01 3.673E-05 9.347E-03 6.560E-01 6.703E+07 9.814E+07 6.703E+07 1.782E-19 2.669E-11 4.270E-16 1.495E+09
  1.725E+06 1.831E+01 3.536E-05 1.009E-02 6.691E-01 6.229E+07 1.013E+08 6.229E+07 4.722E-19 2.403E-11 3.846E-16 1.361E+09
  1.825E+06 1.660E+01 3.344E-05 1.074E-02 6.815E-01 5.871E+07 1.020E+08 5.871E+07 1.267E-18 1.935E-11 3.096E-16 1.172E+09
  1.925E+06 1.467E+01 3.114E-05 1.134E-02 6.949E-01 5.586E+07 9.790E+07 5.586E+07 3.737E-18 1.296E-11 2.074E-16 9.654E+08
  2.025E+06 1.280E+01 2.874E-05 1.194E-02 7.076E-01 5.333E+07 8.815E+07 5.333E+07 1.130E-17 7.012E-12 1.122E-16 7.727E+08
  2.125E+06 1.116E+01 2.641E-05 1.259E-02 7.199E-01 5.087E+07 8.043E+07 5.087E+07 3.488E-17 3.683E-12 5.893E-17 6.103E+08
  2.225E+06 9.774E+00 2.422E-05 1.330E-02 7.321E-01 4.844E+07 7.160E+07 4.844E+07 1.095E-16 1.953E-12 3.125E-17 4.785E+08
  2.325E+06 8.656E+00 2.219E-05 1.409E-02 7.440E-01 4.602E+07 6.374E+07 4.602E+07 3.411E-16 1.048E-12 1.677E-17 3.739E+08
  2.425E+06 7.770E+00 2.031E-05 1.495E-02 7.552E-01 4.367E+07 5.685E+07 4.367E+07 1.033E-15 5.653E-13 9.029E-18 2.910E+08
  2.525E+06 7.088E+00 1.856E-05 1.586E-02 7.659E-01 4.146E+07 5.085E+07 4.146E+07 3.038E-15 3.063E-13 4.852E-18 2.253E+08
  2.625E+06 6.586E+00 1.692E-05 1.679E-02 7.765E-01 3.944E+07 4.615E+07 3.944E+07 9.068E-15 1.709E-13 2.589E-18 1.730E+08
  2.725E+06 6.247E+00 1.537E-05 1.772E-02 7.870E-01 3.765E+07 4.199E+07 3.765E+07 2.739E-14 1.140E-13 1.386E-18 1.313E+08
  2.825E+06 6.064E+00 1.390E-05 1.862E-02 7.970E-01 3.612E+07 3.771E+07 3.612E+07 8.462E-14 1.361E-13 8.237E-19 9.845E+07
  2.925E+06 6.025E+00 1.252E-05 1.947E-02 8.062E-01 3.487E+07 3.546E+07 3.487E+07 2.629E-13 2.919E-13 4.639E-19 7.273E+07
  3.025E+06 6.313E+00 1.110E-05 2.004E-02 8.157E-01 3.423E+07 3.291E+07 3.291E+07 8.673E-13 5.060E-13-5.782E-18 5.132E+07
  3.125E+06 6.374E+00 1.000E-05 2.095E-02 8.261E-01 3.312E+07 3.009E+07 3.280E+07 3.076E-12 6.049E-13-3.954E-17 3.800E+07
  3.225E+06 4.702E+00 1.000E-05 2.430E-02 8.376E-01 2.891E+07 2.836E+07 4.352E+07 1.176E-11 6.517E-13-1.778E-16 3.853E+07
  3.325E+06 3.444E+00 1.000E-05 2.815E-02 8.487E-01 2.528E+07 2.666E+07 5.831E+07 4.252E-11 6.748E-13-6.695E-16 3.904E+07
  3.425E+06 2.507E+00 1.000E-05 3.256E-02 8.601E-01 2.215E+07 2.476E+07 7.878E+07 1.460E-10 6.864E-13-2.325E-15 3.956E+07
  3.525E+06 1.814E+00 1.000E-05 3.761E-02 8.723E-01 1.943E+07 2.321E+07 1.073E+08 4.466E-10 6.922E-13-7.135E-15 4.012E+07
  3.625E+06 1.306E+00 1.000E-05 4.337E-02 8.847E-01 1.706E+07 2.106E+07 1.469E+08 1.297E-09 6.952E-13-2.074E-14 4.070E+07
  3.725E+06 9.397E-01 1.000E-05 4.994E-02 8.970E-01 1.500E+07 1.935E+07 2.018E+08 3.582E-09 6.965E-13-5.730E-14 4.126E+07
  3.825E+06 6.735E-01 1.000E-05 5.741E-02 9.090E-01 1.320E+07 1.794E+07 2.785E+08 8.290E-09 6.971E-13-1.326E-13 4.182E+07
  3.925E+06 4.816E-01 1.000E-05 6.588E-02 9.204E-01 1.162E+07 1.629E+07 3.858E+08 1.744E-08 6.973E-13-2.790E-13 4.234E+07
  4.025E+06 3.441E-01 1.000E-05 7.545E-02 9.309E-01 1.024E+07 1.493E+07 5.354E+08 3.417E-08 6.972E-13-5.468E-13 4.282E+07
  4.125E+06 2.453E-01 1.000E-05 8.626E-02 9.401E-01 9.030E+06 1.379E+07 7.459E+08 6.116E-08 6.970E-13-9.785E-13 4.324E+07
  4.225E+06 1.757E-01 1.000E-05 9.815E-02 9.414E-01 7.983E+06 1.253E+07 1.037E+09 8.778E-08 6.967E-13-1.404E-12 4.330E+07
  4.325E+06 1.260E-01 1.000E-05 1.115E-01 9.414E-01 7.053E+06 1.124E+07 1.443E+09 1.129E-07 6.964E-13-1.806E-12 4.330E+07
  4.425E+06 9.047E-02 1.000E-05 1.266E-01 9.414E-01 6.219E+06 9.994E+06 2.008E+09 1.317E-07 6.960E-13-2.107E-12 4.330E+07
  4.525E+06 6.477E-02 1.000E-05 1.436E-01 9.414E-01 5.473E+06 9.219E+06 2.806E+09 1.392E-07 6.957E-13-2.227E-12 4.330E+07
  4.625E+06 4.618E-02 1.000E-05 1.629E-01 9.414E-01 4.805E+06 8.064E+06 3.943E+09 1.350E-07 6.953E-13-2.159E-12 4.330E+07
  4.725E+06 3.288E-02 1.000E-05 1.849E-01 9.414E-01 4.211E+06 7.222E+06 5.552E+09 1.248E-07 6.949E-13-1.998E-12 4.330E+07
  4.825E+06 2.323E-02 1.000E-05 2.101E-01 9.414E-01 3.688E+06 6.524E+06 7.879E+09 1.149E-07 6.945E-13-1.839E-12 4.330E+07
  4.925E+06 1.628E-02 1.000E-05 2.388E-01 9.414E-01 3.228E+06 5.824E+06 1.127E+10 1.058E-07 6.941E-13-1.692E-12 4.330E+07
  5.025E+06 1.132E-02 1.000E-05 2.716E-01 9.414E-01 2.823E+06 5.249E+06 1.625E+10 9.743E-08 6.937E-13-1.559E-12 4.330E+07
  5.125E+06 7.796E-03 1.000E-05 3.091E-01 9.414E-01 2.467E+06 4.768E+06 2.366E+10 8.945E-08 6.932E-13-1.431E-12 4.330E+07
  5.225E+06 5.299E-03 1.000E-05 3.521E-01 9.414E-01 2.154E+06 4.360E+06 3.490E+10 8.189E-08 6.928E-13-1.310E-12 4.330E+07
  5.325E+06 3.547E-03 1.000E-05 4.014E-01 9.414E-01 1.880E+06 4.010E+06 5.229E+10 7.498E-08 6.923E-13-1.200E-12 4.330E+07
  5.425E+06 2.332E-03 1.000E-05 4.579E-01 9.414E-01 1.639E+06 3.706E+06 7.976E+10 6.831E-08 6.918E-13-1.093E-12 4.330E+07
  5.525E+06 1.502E-03 1.000E-05 5.227E-01 9.414E-01 1.428E+06 3.439E+06 1.242E+11 6.210E-08 6.912E-13-9.936E-13 4.330E+07
  5.625E+06 9.443E-04 1.000E-05 5.972E-01 9.413E-01 1.243E+06 3.204E+06 1.981E+11 5.636E-08 6.906E-13-9.017E-13 4.330E+07
  5.725E+06 5.791E-04 1.000E-05 6.822E-01 9.394E-01 1.082E+06 2.994E+06 3.241E+11 4.906E-08 6.900E-13-7.850E-13 4.321E+07
  5.825E+06 3.446E-04 1.000E-05 7.799E-01 9.375E-01 9.412E+05 2.807E+06 5.466E+11 4.265E-08 6.893E-13-6.824E-13 4.313E+07
  5.925E+06 1.980E-04 1.000E-05 8.924E-01 9.357E-01 8.180E+05 2.638E+06 9.543E+11 3.699E-08 6.885E-13-5.919E-13 4.304E+07
  6.025E+06 1.095E-04 1.000E-05 1.022E+00 9.337E-01 7.102E+05 2.484E+06 1.732E+12 3.174E-08 6.877E-13-5.079E-13 4.295E+07
  6.125E+06 5.792E-05 1.000E-05 1.171E+00 9.317E-01 6.162E+05 2.345E+06 3.286E+12 2.723E-08 6.869E-13-4.356E-13 4.286E+07
  6.225E+06 2.915E-05 1.000E-05 1.343E+00 9.296E-01 5.341E+05 2.217E+06 6.553E+12 2.321E-08 6.859E-13-3.714E-13 4.276E+07
  6.325E+06 1.386E-05 1.000E-05 1.541E+00 9.275E-01 4.625E+05 2.101E+06 1.383E+13 1.966E-08 6.848E-13-3.145E-13 4.266E+07
  6.425E+06 6.183E-06 1.000E-05 1.771E+00 9.254E-01 4.002E+05 1.993E+06 3.112E+13 1.666E-08 6.837E-13-2.666E-13 4.257E+07
  6.525E+06 2.563E-06 1.000E-05 2.036E+00 9.233E-01 3.459E+05 1.894E+06 7.533E+13 1.401E-08 6.824E-13-2.242E-13 4.247E+07
  6.625E+06 9.778E-07 1.000E-05 2.344E+00 9.212E-01 2.988E+05 1.802E+06 1.982E+14 1.179E-08 6.810E-13-1.886E-13 4.237E+07
  6.725E+06 3.391E-07 1.000E-05 2.700E+00 9.192E-01 2.578E+05 1.717E+06 5.736E+14 9.960E-09 6.794E-13-1.593E-13 4.228E+07
  6.825E+06 1.054E-07 1.000E-05 3.113E+00 9.172E-01 2.222E+05 1.639E+06 1.852E+15 8.371E-09 6.777E-13-1.339E-13 4.219E+07
  6.925E+06 2.890E-08 1.000E-05 3.593E+00 9.154E-01 1.914E+05 1.566E+06 6.778E+15 7.111E-09 6.758E-13-1.138E-13 4.211E+07
  7.025E+06 6.848E-09 1.000E-05 4.151E+00 9.137E-01 1.647E+05 1.498E+06 2.871E+16 6.098E-09 6.737E-13-9.756E-14 4.203E+07
  7.125E+06 1.368E-09 1.000E-05 4.800E+00 9.123E-01 1.416E+05 1.435E+06 1.441E+17 5.256E-09 6.713E-13-8.409E-14 4.197E+07
  7.225E+06 2.238E-10 1.000E-05 5.556E+00 9.112E-01 1.217E+05 1.377E+06 8.840E+17 4.611E-09 6.687E-13-7.377E-14 4.191E+07
  7.325E+06 2.883E-11 1.000E-05 6.438E+00 9.104E-01 1.045E+05 1.323E+06 6.882E+18 4.110E-09 6.657E-13-6.576E-14 4.188E+07
  7.425E+06 2.772E-12 1.000E-05 7.471E+00 9.113E-01 8.973E+04 1.277E+06 7.170E+19 4.096E-09 6.625E-13-6.553E-14 4.192E+07
  7.525E+06 1.841E-13 1.000E-05 8.688E+00 9.158E-01 7.718E+04 1.242E+06 1.079E+21 5.213E-09 6.588E-13-8.339E-14 4.213E+07
  7.625E+06 7.663E-15 1.000E-05 1.010E+01 9.205E-01 6.639E+04 1.210E+06 2.588E+22 6.656E-09 6.547E-13-1.065E-13 4.234E+07
  7.725E+06 1.691E-16 1.000E-05 1.175E+01 9.254E-01 5.710E+04 1.179E+06 1.172E+24 8.532E-09 6.501E-13-1.365E-13 4.257E+07
  7.825E+06 1.411E-18 1.000E-05 1.367E+01 9.306E-01 4.911E+04 1.149E+06 1.403E+26 1.099E-08 6.450E-13-1.758E-13 4.281E+07
  7.925E+06 1.399E-21 1.000E-05 1.590E+01 9.360E-01 4.224E+04 1.121E+06 1.413E+29 1.423E-08 6.392E-13-2.276E-13 4.306E+07
  8.025E+06 1.505E-23 1.000E-05 1.849E+01 9.414E-01 3.633E+04 1.108E+06 1.312E+31 1.841E-08 6.328E-13-2.945E-13 4.330E+07
  8.125E+06 8.052E-26 1.000E-05 2.145E+01 9.414E-01 3.132E+04 1.109E+06 2.452E+33 2.136E-08 6.254E-13-3.418E-13 4.330E+07
  8.225E+06 1.910E-28 1.000E-05 2.488E+01 9.414E-01 2.701E+04 1.110E+06 1.033E+36 2.479E-08 6.170E-13-3.966E-13 4.330E+07
  8.325E+06 1.764E-31 1.000E-05 2.886E+01 9.414E-01 2.329E+04 1.111E+06 1.119E+39 2.876E-08 6.075E-13-4.602E-13 4.330E+07
  8.425E+06 4.842E-32 1.000E-05 3.348E+01 9.414E-01 2.009E+04 1.112E+06 4.077E+39 3.338E-08 5.967E-13-5.340E-13 4.330E+07
  8.525E+06 4.173E-32 1.000E-05 3.883E+01 9.414E-01 1.733E+04 1.113E+06 4.730E+39 3.872E-08 5.846E-13-6.196E-13 4.330E+07
  8.625E+06 3.597E-32 1.000E-05 4.504E+01 9.414E-01 1.495E+04 1.114E+06 5.487E+39 4.492E-08 5.709E-13-7.188E-13 4.330E+07
  8.725E+06 3.101E-32 1.000E-05 5.223E+01 9.414E-01 1.290E+04 1.116E+06 6.365E+39 5.211E-08 5.556E-13-8.338E-13 4.330E+07
  8.825E+06 2.674E-32 1.000E-05 6.056E+01 9.414E-01 1.114E+04 1.118E+06 7.383E+39 6.044E-08 5.385E-13-9.671E-13 4.330E+07
  8.925E+06 2.306E-32 1.000E-05 7.021E+01 9.414E-01 9.614E+03 1.120E+06 8.562E+39 7.010E-08 5.197E-13-1.122E-12 4.330E+07
  9.025E+06 1.988E-32 1.000E-05 8.139E+01 9.414E-01 8.303E+03 1.122E+06 9.928E+39 8.128E-08 4.989E-13-1.300E-12 4.330E+07
  9.125E+06 1.715E-32 1.000E-05 9.433E+01 9.414E-01 7.173E+03 1.125E+06 1.151E+40 9.423E-08 4.763E-13-1.508E-12 4.330E+07
  9.225E+06 1.480E-32 1.000E-05 1.093E+02 9.414E-01 6.198E+03 1.128E+06 1.334E+40 1.092E-07 4.519E-13-1.748E-12 4.330E+07
  9.325E+06 1.277E-32 1.000E-05 1.266E+02 9.414E-01 5.358E+03 1.131E+06 1.546E+40 1.266E-07 4.257E-13-2.025E-12 4.330E+07
  9.425E+06 1.102E-32 1.000E-05 1.467E+02 9.414E-01 4.633E+03 1.135E+06 1.791E+40 1.467E-07 3.979E-13-2.347E-12 4.330E+07
  9.525E+06 9.513E-33 1.000E-05 1.698E+02 9.414E-01 4.008E+03 1.139E+06 2.075E+40 1.699E-07 3.688E-13-2.718E-12 4.330E+07
  9.625E+06 8.215E-33 1.000E-05 1.966E+02 9.414E-01 3.469E+03 1.143E+06 2.403E+40 1.967E-07 3.387E-13-3.147E-12 4.330E+07
  9.725E+06 7.096E-33 1.000E-05 2.275E+02 9.414E-01 3.003E+03 1.147E+06 2.782E+40 2.277E-07 3.079E-13-3.644E-12 4.330E+07
  9.825E+06 6.131E-33 1.000E-05 2.633E+02 9.414E-01 2.600E+03 1.151E+06 3.220E+40 2.636E-07 2.770E-13-4.217E-12 4.330E+07
  9.925E+06 5.299E-33 1.000E-05 3.045E+02 9.414E-01 2.251E+03 1.155E+06 3.725E+40 3.050E-07 2.464E-13-4.880E-12 4.330E+07

 S8 AEROSOL PARAMETERS

    Z        AERSOL     RPAR      WFALL     TAUSED    TAUEDD    TAUC      CONVER
  2.500E+04 1.227E-26 1.000E-05 4.739E-04 1.797E+09 7.249E+06 1.562E+35 2.030E+07
  1.250E+05 1.110E-26 1.000E-05 5.063E-04 1.649E+09 6.972E+06 1.651E+35 2.030E+07
  2.250E+05 1.004E-26 1.000E-05 5.437E-04 1.504E+09 6.684E+06 1.741E+35 2.030E+07
  3.250E+05 9.062E-27 1.000E-05 5.871E-04 1.363E+09 6.399E+06 1.832E+35 2.030E+07
  4.250E+05 8.174E-27 1.000E-05 6.376E-04 1.225E+09 6.104E+06 1.923E+35 2.030E+07
  5.250E+05 7.376E-27 1.000E-05 6.969E-04 1.091E+09 5.785E+06 2.014E+35 2.030E+07
  6.250E+05 6.658E-27 1.000E-05 7.670E-04 9.614E+08 5.437E+06 2.104E+35 2.030E+07
  7.250E+05 6.008E-27 1.000E-05 8.505E-04 8.372E+08 5.070E+06 2.194E+35 2.030E+07
  8.250E+05 5.413E-27 1.000E-05 9.508E-04 7.205E+08 4.693E+06 2.284E+35 2.030E+07
  9.250E+05 4.863E-27 1.000E-05 1.072E-03 6.128E+08 4.318E+06 2.374E+35 2.030E+07
  1.025E+06 4.318E-27 1.000E-05 1.219E-03 5.201E+08 5.024E+06 2.469E+35 2.030E+07
  1.125E+06 3.717E-27 1.000E-05 1.388E-03 4.528E+08 1.317E+07 2.581E+35 2.030E+07
  1.225E+06 3.185E-27 1.000E-05 1.588E-03 3.942E+08 2.304E+07 2.696E+35 2.030E+07
  1.325E+06 2.721E-27 1.000E-05 1.823E-03 3.425E+08 4.871E+07 2.816E+35 2.030E+07
  1.425E+06 2.320E-27 1.000E-05 2.099E-03 2.973E+08 6.715E+07 2.942E+35 2.030E+07
  1.525E+06 1.974E-27 1.000E-05 2.424E-03 2.578E+08 8.492E+07 3.078E+35 2.030E+07
  1.625E+06 1.679E-27 1.000E-05 2.806E-03 2.233E+08 9.814E+07 3.227E+35 2.030E+07
  1.725E+06 1.428E-27 1.000E-05 3.252E-03 1.932E+08 1.013E+08 3.392E+35 2.030E+07
  1.825E+06 1.214E-27 1.000E-05 3.775E-03 1.671E+08 1.020E+08 3.579E+35 2.030E+07
  1.925E+06 1.032E-27 1.000E-05 4.385E-03 1.445E+08 9.790E+07 3.792E+35 2.030E+07
  2.025E+06 8.776E-28 1.000E-05 5.097E-03 1.249E+08 8.815E+07 4.039E+35 2.030E+07
  2.125E+06 7.463E-28 1.000E-05 5.925E-03 1.081E+08 8.043E+07 4.326E+35 2.030E+07
  2.225E+06 6.350E-28 1.000E-05 6.888E-03 9.355E+07 7.160E+07 4.663E+35 2.030E+07
  2.325E+06 5.407E-28 1.000E-05 8.007E-03 8.101E+07 6.374E+07 5.061E+35 2.030E+07
  2.425E+06 4.607E-28 1.000E-05 9.304E-03 7.018E+07 5.685E+07 5.531E+35 2.030E+07
  2.525E+06 3.929E-28 1.000E-05 1.081E-02 6.084E+07 5.085E+07 6.089E+35 2.030E+07
  2.625E+06 3.354E-28 1.000E-05 1.254E-02 5.279E+07 4.615E+07 6.750E+35 2.030E+07
  2.725E+06 2.864E-28 1.000E-05 1.455E-02 4.585E+07 4.199E+07 7.535E+35 2.030E+07
  2.825E+06 2.448E-28 1.000E-05 1.687E-02 3.989E+07 3.771E+07 8.466E+35 2.030E+07
  2.925E+06 2.092E-28 1.000E-05 1.953E-02 3.476E+07 3.546E+07 9.565E+35 2.030E+07
  3.025E+06 1.789E-28 1.000E-05 2.260E-02 3.036E+07 3.291E+07 1.086E+36 2.030E+07
  3.125E+06 1.531E-28 1.000E-05 2.611E-02 2.658E+07 3.009E+07 1.238E+36 2.030E+07
  3.225E+06 1.311E-28 1.000E-05 3.012E-02 2.332E+07 2.836E+07 1.415E+36 2.030E+07
  3.325E+06 1.123E-28 1.000E-05 3.471E-02 2.051E+07 2.666E+07 1.621E+36 2.030E+07
  3.425E+06 9.645E-29 1.000E-05 3.992E-02 1.806E+07 2.476E+07 1.859E+36 2.030E+07
  3.525E+06 8.297E-29 1.000E-05 4.585E-02 1.594E+07 2.321E+07 2.132E+36 2.030E+07
  3.625E+06 7.153E-29 1.000E-05 5.257E-02 1.408E+07 2.106E+07 2.445E+36 2.030E+07
  3.725E+06 6.180E-29 1.000E-05 6.019E-02 1.245E+07 1.935E+07 2.801E+36 2.030E+07
  3.825E+06 5.352E-29 1.000E-05 6.880E-02 1.101E+07 1.794E+07 3.207E+36 2.030E+07
  3.925E+06 4.646E-29 1.000E-05 7.853E-02 9.750E+06 1.629E+07 3.667E+36 2.030E+07
  4.025E+06 4.043E-29 1.000E-05 8.952E-02 8.634E+06 1.493E+07 4.187E+36 2.030E+07
  4.125E+06 3.528E-29 1.000E-05 1.019E-01 7.643E+06 1.379E+07 4.774E+36 2.030E+07
  4.225E+06 3.086E-29 1.000E-05 1.159E-01 6.761E+06 1.253E+07 5.436E+36 2.030E+07
  4.325E+06 2.708E-29 1.000E-05 1.316E-01 5.973E+06 1.124E+07 6.180E+36 2.030E+07
  4.425E+06 2.383E-29 1.000E-05 1.494E-01 5.267E+06 9.994E+06 7.015E+36 2.030E+07
  4.525E+06 2.103E-29 1.000E-05 1.696E-01 4.635E+06 9.219E+06 7.955E+36 2.030E+07
  4.625E+06 1.859E-29 1.000E-05 1.924E-01 4.069E+06 8.064E+06 9.014E+36 2.030E+07
  4.725E+06 1.645E-29 1.000E-05 2.184E-01 3.567E+06 7.222E+06 1.022E+37 2.030E+07
  4.825E+06 1.454E-29 1.000E-05 2.480E-01 3.124E+06 6.524E+06 1.158E+37 2.030E+07
  4.925E+06 1.285E-29 1.000E-05 2.819E-01 2.734E+06 5.824E+06 1.315E+37 2.030E+07
  5.025E+06 1.134E-29 1.000E-05 3.207E-01 2.391E+06 5.249E+06 1.493E+37 2.030E+07
  5.125E+06 1.001E-29 1.000E-05 3.650E-01 2.089E+06 4.768E+06 1.696E+37 2.030E+07
  5.225E+06 8.824E-30 1.000E-05 4.158E-01 1.825E+06 4.360E+06 1.929E+37 2.030E+07
  5.325E+06 7.776E-30 1.000E-05 4.740E-01 1.592E+06 4.010E+06 2.195E+37 2.030E+07
  5.425E+06 6.847E-30 1.000E-05 5.407E-01 1.388E+06 3.706E+06 2.500E+37 2.030E+07
  5.525E+06 6.025E-30 1.000E-05 6.172E-01 1.209E+06 3.439E+06 2.849E+37 2.030E+07
  5.625E+06 5.299E-30 1.000E-05 7.052E-01 1.053E+06 3.204E+06 3.249E+37 2.030E+07
  5.725E+06 4.657E-30 1.000E-05 8.062E-01 9.156E+05 2.994E+06 3.708E+37 2.030E+07
  5.825E+06 4.089E-30 1.000E-05 9.225E-01 7.957E+05 2.807E+06 4.235E+37 2.030E+07
  5.925E+06 3.589E-30 1.000E-05 1.056E+00 6.909E+05 2.638E+06 4.840E+37 2.030E+07
  6.025E+06 3.147E-30 1.000E-05 1.211E+00 5.994E+05 2.484E+06 5.536E+37 2.030E+07
  6.125E+06 2.758E-30 1.000E-05 1.389E+00 5.195E+05 2.345E+06 6.337E+37 2.030E+07
  6.225E+06 2.415E-30 1.000E-05 1.594E+00 4.499E+05 2.217E+06 7.259E+37 2.030E+07
  6.325E+06 2.113E-30 1.000E-05 1.832E+00 3.892E+05 2.101E+06 8.322E+37 2.030E+07
  6.425E+06 1.847E-30 1.000E-05 2.106E+00 3.364E+05 1.993E+06 9.549E+37 2.030E+07
  6.525E+06 1.614E-30 1.000E-05 2.424E+00 2.906E+05 1.894E+06 1.097E+38 2.030E+07
  6.625E+06 1.409E-30 1.000E-05 2.793E+00 2.507E+05 1.802E+06 1.260E+38 2.030E+07
  6.725E+06 1.228E-30 1.000E-05 3.220E+00 2.161E+05 1.717E+06 1.450E+38 2.030E+07
  6.825E+06 1.070E-30 1.000E-05 3.717E+00 1.861E+05 1.639E+06 1.669E+38 2.030E+07
  6.925E+06 9.317E-31 1.000E-05 4.293E+00 1.602E+05 1.566E+06 1.924E+38 2.030E+07
  7.025E+06 8.102E-31 1.000E-05 4.963E+00 1.377E+05 1.498E+06 2.219E+38 2.030E+07
  7.125E+06 7.038E-31 1.000E-05 5.744E+00 1.184E+05 1.435E+06 2.562E+38 2.030E+07
  7.225E+06 6.108E-31 1.000E-05 6.652E+00 1.017E+05 1.377E+06 2.960E+38 2.030E+07
  7.325E+06 5.296E-31 1.000E-05 7.710E+00 8.724E+04 1.323E+06 3.424E+38 2.030E+07
  7.425E+06 4.580E-31 1.000E-05 8.944E+00 7.495E+04 1.277E+06 3.967E+38 2.030E+07
  7.525E+06 3.945E-31 1.000E-05 1.038E+01 6.460E+04 1.242E+06 4.605E+38 2.030E+07
  7.625E+06 3.399E-31 1.000E-05 1.204E+01 5.569E+04 1.210E+06 5.345E+38 2.030E+07
  7.725E+06 2.928E-31 1.000E-05 1.398E+01 4.801E+04 1.179E+06 6.204E+38 2.030E+07
  7.825E+06 2.523E-31 1.000E-05 1.622E+01 4.139E+04 1.149E+06 7.201E+38 2.030E+07
  7.925E+06 2.174E-31 1.000E-05 1.882E+01 3.568E+04 1.121E+06 8.358E+38 2.030E+07
  8.025E+06 1.873E-31 1.000E-05 2.183E+01 3.077E+04 1.108E+06 9.699E+38 2.030E+07
  8.125E+06 1.614E-31 1.000E-05 2.533E+01 2.653E+04 1.109E+06 1.126E+39 2.030E+07
  8.225E+06 1.391E-31 1.000E-05 2.938E+01 2.288E+04 1.110E+06 1.306E+39 2.030E+07
  8.325E+06 1.199E-31 1.000E-05 3.408E+01 1.973E+04 1.111E+06 1.516E+39 2.030E+07
  8.425E+06 1.033E-31 1.000E-05 3.953E+01 1.702E+04 1.112E+06 1.759E+39 2.030E+07
  8.525E+06 8.903E-32 1.000E-05 4.585E+01 1.468E+04 1.113E+06 2.040E+39 2.030E+07
  8.625E+06 7.674E-32 1.000E-05 5.318E+01 1.266E+04 1.114E+06 2.367E+39 2.030E+07
  8.725E+06 6.616E-32 1.000E-05 6.167E+01 1.093E+04 1.116E+06 2.746E+39 2.030E+07
  8.825E+06 5.704E-32 1.000E-05 7.151E+01 9.432E+03 1.118E+06 3.185E+39 2.030E+07
  8.925E+06 4.918E-32 1.000E-05 8.290E+01 8.143E+03 1.120E+06 3.694E+39 2.030E+07
  9.025E+06 4.241E-32 1.000E-05 9.610E+01 7.032E+03 1.122E+06 4.283E+39 2.030E+07
  9.125E+06 3.659E-32 1.000E-05 1.114E+02 6.075E+03 1.125E+06 4.965E+39 2.030E+07
  9.225E+06 3.156E-32 1.000E-05 1.291E+02 5.249E+03 1.128E+06 5.756E+39 2.030E+07
  9.325E+06 2.724E-32 1.000E-05 1.495E+02 4.538E+03 1.131E+06 6.670E+39 2.030E+07
  9.425E+06 2.351E-32 1.000E-05 1.732E+02 3.924E+03 1.135E+06 7.728E+39 2.030E+07
  9.525E+06 2.029E-32 1.000E-05 2.005E+02 3.395E+03 1.139E+06 8.951E+39 2.030E+07
  9.625E+06 1.753E-32 1.000E-05 2.321E+02 2.938E+03 1.143E+06 1.037E+40 2.030E+07
  9.725E+06 1.514E-32 1.000E-05 2.687E+02 2.543E+03 1.147E+06 1.200E+40 2.030E+07
  9.825E+06 1.308E-32 1.000E-05 3.109E+02 2.202E+03 1.151E+06 1.389E+40 2.030E+07
  9.925E+06 1.130E-32 1.000E-05 3.596E+02 1.907E+03 1.155E+06 1.607E+40 2.030E+07


 PHOTOLYSIS RATES

     Z      PO2_O1D    PO2_O3P    PH2O_1     PH2O_2     PH2O_3     PO3_O1D    PO3_O      PO3_3O     
 2.50E+04   0.00E+00   5.57E-29   6.65E-30   0.00E+00   0.00E+00   6.85E-06   2.03E-04   2.02E-31
 1.75E+05   0.00E+00   1.18E-26   2.68E-27   0.00E+00   0.00E+00   7.93E-06   2.09E-04   1.00E-26
 3.25E+05   0.00E+00   1.52E-24   6.79E-25   0.00E+00   0.00E+00   8.85E-06   2.15E-04   2.94E-23
 4.75E+05   0.00E+00   1.13E-22   8.58E-23   0.00E+00   0.00E+00   9.65E-06   2.21E-04   1.14E-20
 6.25E+05   0.00E+00   4.99E-21   5.47E-21   0.00E+00   0.00E+00   1.03E-05   2.26E-04   1.25E-18
 7.75E+05   0.00E+00   1.38E-19   1.94E-19   0.00E+00   0.00E+00   1.10E-05   2.31E-04   6.09E-17
 9.25E+05   0.00E+00   2.49E-18   4.19E-18   0.00E+00   0.00E+00   1.16E-05   2.35E-04   1.65E-15
 1.08E+06   0.00E+00   2.99E-17   5.81E-17   0.00E+00   0.00E+00   1.22E-05   2.39E-04   2.75E-14
 1.22E+06   0.00E+00   2.32E-16   5.06E-16   0.00E+00   0.00E+00   1.30E-05   2.42E-04   2.75E-13
 1.38E+06   0.00E+00   1.26E-15   3.00E-15   0.00E+00   0.00E+00   1.37E-05   2.46E-04   1.82E-12
 1.52E+06   0.00E+00   5.31E-15   1.35E-14   0.00E+00   0.00E+00   1.47E-05   2.50E-04   8.87E-12
 1.68E+06   0.00E+00   1.86E-14   4.95E-14   0.00E+00   0.00E+00   1.60E-05   2.54E-04   3.48E-11
 1.82E+06   0.00E+00   5.72E-14   1.57E-13   0.00E+00   0.00E+00   1.77E-05   2.57E-04   1.16E-10
 1.98E+06   0.00E+00   1.58E-13   4.41E-13   0.00E+00   0.00E+00   2.03E-05   2.60E-04   3.37E-10
 2.12E+06   0.00E+00   3.98E-13   1.14E-12   0.00E+00   0.00E+00   2.38E-05   2.63E-04   8.82E-10
 2.28E+06   0.00E+00   9.24E-13   2.71E-12   0.00E+00   0.00E+00   2.87E-05   2.66E-04   2.10E-09
 2.42E+06   0.00E+00   1.99E-12   6.04E-12   0.00E+00   0.00E+00   3.55E-05   2.69E-04   4.56E-09
 2.58E+06   0.00E+00   4.01E-12   1.26E-11   0.00E+00   0.00E+00   4.50E-05   2.72E-04   9.11E-09
 2.72E+06   0.00E+00   7.54E-12   2.43E-11   0.00E+00   0.00E+00   5.81E-05   2.76E-04   1.68E-08
 2.88E+06   2.19-145   1.33E-11   4.37E-11   9.90-143   1.49-142   7.65E-05   2.79E-04   2.85E-08
 3.02E+06   1.93-119   2.20E-11   7.34E-11   8.72-117   1.31-116   1.02E-04   2.84E-04   4.49E-08
 3.18E+06   7.51E-99   3.45E-11   1.16E-10   3.40E-96   5.10E-96   1.36E-04   2.89E-04   6.60E-08
 3.32E+06   1.60E-82   5.12E-11   1.77E-10   7.23E-80   1.08E-79   1.82E-04   2.95E-04   9.14E-08
 3.48E+06   1.46E-69   7.24E-11   2.61E-10   6.63E-67   9.94E-67   2.41E-04   3.02E-04   1.20E-07
 3.62E+06   3.06E-59   9.83E-11   3.77E-10   1.39E-56   2.08E-56   3.18E-04   3.12E-04   1.52E-07
 3.78E+06   5.45E-51   1.29E-10   5.30E-10   2.47E-48   3.70E-48   4.24E-04   3.24E-04   1.86E-07
 3.92E+06   2.28E-44   1.63E-10   7.26E-10   1.03E-41   1.55E-41   5.76E-04   3.41E-04   2.22E-07
 4.08E+06   4.95E-39   2.00E-10   9.65E-10   2.24E-36   3.36E-36   7.99E-04   3.67E-04   2.57E-07
 4.22E+06   1.04E-34   2.37E-10   1.24E-09   4.72E-32   7.09E-32   1.10E-03   4.01E-04   2.92E-07
 4.38E+06   3.58E-31   2.74E-10   1.56E-09   1.62E-28   2.43E-28   1.47E-03   4.42E-04   3.26E-07
 4.52E+06   3.08E-28   3.08E-10   1.90E-09   1.39E-25   2.09E-25   1.87E-03   4.86E-04   3.59E-07
 4.68E+06   9.12E-26   3.39E-10   2.28E-09   4.13E-23   6.20E-23   2.26E-03   5.30E-04   3.90E-07
 4.82E+06   1.14E-23   3.68E-10   2.68E-09   5.17E-21   7.76E-21   2.60E-03   5.69E-04   4.21E-07
 4.98E+06   6.76E-22   3.96E-10   3.14E-09   3.06E-19   4.60E-19   2.89E-03   6.01E-04   4.49E-07
 5.12E+06   2.07E-20   4.23E-10   3.67E-09   9.39E-18   1.41E-17   3.13E-03   6.27E-04   4.77E-07
 5.28E+06   3.59E-19   4.52E-10   4.32E-09   1.63E-16   2.44E-16   3.31E-03   6.48E-04   5.03E-07
 5.42E+06   3.82E-18   4.83E-10   5.16E-09   1.73E-15   2.59E-15   3.44E-03   6.63E-04   5.29E-07
 5.58E+06   2.69E-17   5.18E-10   6.24E-09   1.22E-14   1.83E-14   3.54E-03   6.74E-04   5.55E-07
 5.72E+06   1.34E-16   5.57E-10   7.59E-09   6.08E-14   9.13E-14   3.61E-03   6.82E-04   5.79E-07
 5.88E+06   5.04E-16   6.00E-10   9.21E-09   2.28E-13   3.42E-13   3.66E-03   6.88E-04   6.04E-07
 6.02E+06   1.51E-15   6.48E-10   1.11E-08   6.78E-13   1.02E-12   3.70E-03   6.92E-04   6.27E-07
 6.18E+06   4.06E-15   7.01E-10   1.32E-08   1.73E-12   2.59E-12   3.73E-03   6.95E-04   6.50E-07
 6.32E+06   1.43E-14   7.63E-10   1.55E-08   4.77E-12   7.16E-12   3.75E-03   6.98E-04   6.72E-07
 6.48E+06   7.94E-14   8.34E-10   1.82E-08   1.94E-11   2.91E-11   3.76E-03   6.99E-04   6.94E-07
 6.62E+06   4.43E-13   9.18E-10   2.16E-08   9.42E-11   1.41E-10   3.77E-03   7.00E-04   7.16E-07
 6.78E+06   1.96E-12   1.02E-09   2.73E-08   3.98E-10   5.97E-10   3.77E-03   7.01E-04   7.41E-07
 6.92E+06   6.79E-12   1.15E-09   3.85E-08   1.35E-09   2.02E-09   3.77E-03   7.01E-04   7.74E-07
 7.08E+06   1.90E-11   1.32E-09   6.11E-08   3.71E-09   5.56E-09   3.78E-03   7.02E-04   8.27E-07
 7.22E+06   4.42E-11   1.54E-09   1.03E-07   8.52E-09   1.28E-08   3.78E-03   7.02E-04   9.13E-07
 7.38E+06   8.85E-11   1.87E-09   1.74E-07   1.68E-08   2.52E-08   3.78E-03   7.02E-04   1.05E-06
 7.52E+06   1.56E-10   2.31E-09   2.77E-07   2.93E-08   4.40E-08   3.78E-03   7.02E-04   1.24E-06
 7.68E+06   2.47E-10   2.91E-09   4.14E-07   4.59E-08   6.88E-08   3.78E-03   7.02E-04   1.49E-06
 7.82E+06   3.57E-10   3.69E-09   5.78E-07   6.58E-08   9.87E-08   3.78E-03   7.02E-04   1.79E-06
 7.98E+06   4.82E-10   4.68E-09   7.62E-07   8.80E-08   1.32E-07   3.78E-03   7.02E-04   2.11E-06
 8.12E+06   6.16E-10   5.92E-09   9.56E-07   1.11E-07   1.67E-07   3.78E-03   7.02E-04   2.45E-06
 8.28E+06   7.59E-10   7.43E-09   1.15E-06   1.34E-07   2.01E-07   3.78E-03   7.02E-04   2.80E-06
 8.42E+06   9.28E-10   9.26E-09   1.35E-06   1.57E-07   2.35E-07   3.78E-03   7.02E-04   3.13E-06
 8.58E+06   1.16E-09   1.15E-08   1.54E-06   1.78E-07   2.68E-07   3.78E-03   7.02E-04   3.46E-06
 8.72E+06   1.50E-09   1.43E-08   1.74E-06   2.00E-07   3.00E-07   3.78E-03   7.02E-04   3.79E-06
 8.88E+06   2.03E-09   1.79E-08   1.94E-06   2.21E-07   3.32E-07   3.78E-03   7.03E-04   4.13E-06
 9.02E+06   2.86E-09   2.25E-08   2.16E-06   2.44E-07   3.65E-07   3.79E-03   7.03E-04   4.49E-06
 9.18E+06   4.39E-09   2.83E-08   2.40E-06   2.67E-07   4.00E-07   3.79E-03   7.03E-04   4.87E-06
 9.32E+06   7.76E-09   3.55E-08   2.66E-06   2.92E-07   4.35E-07   3.79E-03   7.03E-04   5.27E-06
 9.48E+06   1.60E-08   4.41E-08   2.96E-06   3.17E-07   4.70E-07   3.79E-03   7.03E-04   5.68E-06
 9.62E+06   3.69E-08   5.39E-08   3.32E-06   3.43E-07   5.05E-07   3.79E-03   7.03E-04   6.12E-06
 9.78E+06   9.40E-08   6.53E-08   3.81E-06   3.70E-07   5.40E-07   3.79E-03   7.03E-04   6.58E-06
 9.92E+06   3.31E-07   8.29E-08   4.66E-06   4.01E-07   5.75E-07   3.79E-03   7.03E-04   7.14E-06

     Z      PH2O2      PCO2_1     PCO2_2     PH2CO_1    PH2CO_2    PHO2       PCH4_1     PCH4_2     
 2.50E+04   1.96E-06   2.51E-36   0.00E+00   1.66E-05   9.65E-06   4.34E-23   0.00E+00   0.00E+00
 1.75E+05   2.20E-06   1.81E-31   0.00E+00   1.90E-05   1.12E-05   9.05E-21   0.00E+00   0.00E+00
 3.25E+05   2.41E-06   5.77E-28   0.00E+00   2.12E-05   1.27E-05   1.14E-18   0.00E+00   0.00E+00
 4.75E+05   2.57E-06   2.27E-25   0.00E+00   2.31E-05   1.40E-05   8.28E-17   0.00E+00   0.00E+00
 6.25E+05   2.70E-06   2.47E-23   0.00E+00   2.49E-05   1.52E-05   3.60E-15   0.00E+00   0.00E+00
 7.75E+05   2.80E-06   1.19E-21   0.00E+00   2.65E-05   1.63E-05   9.82E-14   0.00E+00   0.00E+00
 9.25E+05   2.89E-06   3.20E-20   0.00E+00   2.80E-05   1.73E-05   1.75E-12   0.00E+00   0.00E+00
 1.08E+06   2.99E-06   5.29E-19   0.00E+00   2.93E-05   1.82E-05   2.08E-11   0.00E+00   0.00E+00
 1.22E+06   3.11E-06   5.30E-18   0.00E+00   3.04E-05   1.90E-05   1.60E-10   0.00E+00   0.00E+00
 1.38E+06   3.23E-06   3.50E-17   0.00E+00   3.14E-05   1.97E-05   8.66E-10   0.00E+00   0.00E+00
 1.52E+06   3.35E-06   1.71E-16   0.00E+00   3.24E-05   2.05E-05   3.63E-09   0.00E+00   0.00E+00
 1.68E+06   3.47E-06   6.69E-16   0.00E+00   3.33E-05   2.13E-05   1.27E-08   0.00E+00   0.00E+00
 1.82E+06   3.61E-06   2.23E-15   0.00E+00   3.41E-05   2.21E-05   3.86E-08   0.00E+00   0.00E+00
 1.98E+06   3.77E-06   6.58E-15   0.00E+00   3.49E-05   2.29E-05   1.06E-07   0.00E+00   0.00E+00
 2.12E+06   3.95E-06   1.77E-14   0.00E+00   3.56E-05   2.39E-05   2.65E-07   0.00E+00   0.00E+00
 2.28E+06   4.18E-06   4.43E-14   0.00E+00   3.62E-05   2.49E-05   6.12E-07   0.00E+00   0.00E+00
 2.42E+06   4.48E-06   1.04E-13   0.00E+00   3.69E-05   2.61E-05   1.31E-06   0.00E+00   0.00E+00
 2.58E+06   4.87E-06   2.25E-13   0.00E+00   3.75E-05   2.74E-05   2.63E-06   0.00E+00   0.00E+00
 2.72E+06   5.40E-06   4.50E-13   0.00E+00   3.82E-05   2.89E-05   4.93E-06   0.00E+00   0.00E+00
 2.88E+06   6.12E-06   8.30E-13   4.40-144   3.89E-05   3.04E-05   8.69E-06   3.57-142   6.93-142
 3.02E+06   7.07E-06   1.41E-12   3.87-118   3.96E-05   3.21E-05   1.44E-05   3.14-116   6.11-116
 3.18E+06   8.30E-06   2.25E-12   1.51E-97   4.03E-05   3.39E-05   2.26E-05   1.23E-95   2.38E-95
 3.32E+06   9.82E-06   3.36E-12   3.21E-81   4.10E-05   3.57E-05   3.36E-05   2.61E-79   5.06E-79
 3.48E+06   1.17E-05   4.80E-12   2.94E-68   4.17E-05   3.74E-05   4.76E-05   2.39E-66   4.64E-66
 3.62E+06   1.38E-05   6.60E-12   6.16E-58   4.24E-05   3.91E-05   6.48E-05   5.00E-56   9.71E-56
 3.78E+06   1.63E-05   8.79E-12   1.10E-49   4.30E-05   4.07E-05   8.52E-05   8.90E-48   1.73E-47
 3.92E+06   1.92E-05   1.14E-11   4.59E-43   4.37E-05   4.22E-05   1.08E-04   3.73E-41   7.23E-41
 4.08E+06   2.25E-05   1.43E-11   9.95E-38   4.43E-05   4.36E-05   1.34E-04   8.08E-36   1.57E-35
 4.22E+06   2.63E-05   1.75E-11   2.10E-33   4.48E-05   4.48E-05   1.60E-04   1.70E-31   3.31E-31
 4.38E+06   3.03E-05   2.10E-11   7.20E-30   4.53E-05   4.58E-05   1.86E-04   5.85E-28   1.14E-27
 4.52E+06   3.41E-05   2.47E-11   6.19E-27   4.58E-05   4.66E-05   2.09E-04   5.02E-25   9.75E-25
 4.68E+06   3.77E-05   2.85E-11   1.83E-24   4.62E-05   4.72E-05   2.28E-04   1.49E-22   2.89E-22
 4.82E+06   4.07E-05   3.25E-11   2.30E-22   4.65E-05   4.77E-05   2.45E-04   1.86E-20   3.62E-20
 4.98E+06   4.32E-05   3.66E-11   1.36E-20   4.67E-05   4.81E-05   2.58E-04   1.10E-18   2.14E-18
 5.12E+06   4.52E-05   4.10E-11   4.17E-19   4.69E-05   4.84E-05   2.69E-04   3.39E-17   6.57E-17
 5.28E+06   4.68E-05   4.57E-11   7.22E-18   4.70E-05   4.86E-05   2.77E-04   5.86E-16   1.14E-15
 5.42E+06   4.79E-05   5.09E-11   7.67E-17   4.72E-05   4.88E-05   2.83E-04   6.23E-15   1.21E-14
 5.58E+06   4.88E-05   5.68E-11   5.41E-16   4.72E-05   4.89E-05   2.87E-04   4.39E-14   8.52E-14
 5.72E+06   4.95E-05   6.33E-11   2.70E-15   4.73E-05   4.90E-05   2.91E-04   2.19E-13   4.26E-13
 5.88E+06   4.99E-05   7.05E-11   1.01E-14   4.73E-05   4.90E-05   2.93E-04   8.23E-13   1.60E-12
 6.02E+06   5.03E-05   7.83E-11   3.01E-14   4.74E-05   4.91E-05   2.95E-04   2.45E-12   4.74E-12
 6.18E+06   5.06E-05   8.67E-11   7.74E-14   4.74E-05   4.91E-05   2.97E-04   6.31E-12   1.19E-11
 6.32E+06   5.07E-05   9.56E-11   2.22E-13   4.74E-05   4.91E-05   2.98E-04   1.84E-11   3.05E-11
 6.48E+06   5.09E-05   1.05E-10   9.62E-13   4.74E-05   4.91E-05   2.99E-04   8.16E-11   1.08E-10
 6.62E+06   5.10E-05   1.15E-10   4.83E-12   4.74E-05   4.92E-05   3.00E-04   4.14E-10   4.82E-10
 6.78E+06   5.11E-05   1.26E-10   2.06E-11   4.74E-05   4.92E-05   3.01E-04   1.77E-09   1.98E-09
 6.92E+06   5.11E-05   1.38E-10   7.00E-11   4.74E-05   4.92E-05   3.01E-04   6.03E-09   6.62E-09
 7.08E+06   5.12E-05   1.52E-10   1.92E-10   4.74E-05   4.92E-05   3.01E-04   1.66E-08   1.81E-08
 7.22E+06   5.13E-05   1.67E-10   4.42E-10   4.75E-05   4.92E-05   3.02E-04   3.80E-08   4.14E-08
 7.38E+06   5.14E-05   1.86E-10   8.73E-10   4.75E-05   4.92E-05   3.02E-04   7.50E-08   8.15E-08
 7.52E+06   5.15E-05   2.07E-10   1.52E-09   4.75E-05   4.93E-05   3.02E-04   1.30E-07   1.42E-07
 7.68E+06   5.17E-05   2.33E-10   2.38E-09   4.76E-05   4.93E-05   3.03E-04   2.04E-07   2.21E-07
 7.82E+06   5.19E-05   2.63E-10   3.41E-09   4.77E-05   4.94E-05   3.03E-04   2.92E-07   3.17E-07
 7.98E+06   5.21E-05   2.97E-10   4.56E-09   4.77E-05   4.95E-05   3.03E-04   3.90E-07   4.23E-07
 8.12E+06   5.24E-05   3.35E-10   5.76E-09   4.78E-05   4.96E-05   3.04E-04   4.93E-07   5.33E-07
 8.28E+06   5.26E-05   3.79E-10   6.96E-09   4.79E-05   4.97E-05   3.04E-04   5.95E-07   6.44E-07
 8.42E+06   5.28E-05   4.27E-10   8.14E-09   4.80E-05   4.97E-05   3.04E-04   6.95E-07   7.51E-07
 8.58E+06   5.31E-05   4.80E-10   9.29E-09   4.81E-05   4.98E-05   3.04E-04   7.92E-07   8.56E-07
 8.72E+06   5.33E-05   5.39E-10   1.05E-08   4.82E-05   4.99E-05   3.05E-04   8.90E-07   9.63E-07
 8.88E+06   5.35E-05   6.08E-10   1.17E-08   4.82E-05   5.00E-05   3.05E-04   9.93E-07   1.07E-06
 9.02E+06   5.38E-05   6.89E-10   1.31E-08   4.83E-05   5.01E-05   3.05E-04   1.10E-06   1.19E-06
 9.18E+06   5.41E-05   7.90E-10   1.47E-08   4.85E-05   5.02E-05   3.05E-04   1.22E-06   1.32E-06
 9.32E+06   5.43E-05   9.23E-10   1.66E-08   4.86E-05   5.04E-05   3.06E-04   1.34E-06   1.45E-06
 9.48E+06   5.47E-05   1.13E-09   1.89E-08   4.89E-05   5.06E-05   3.06E-04   1.48E-06   1.59E-06
 9.62E+06   5.50E-05   1.50E-09   2.16E-08   4.92E-05   5.10E-05   3.06E-04   1.62E-06   1.74E-06
 9.78E+06   5.55E-05   2.28E-09   2.53E-08   4.98E-05   5.15E-05   3.06E-04   1.77E-06   1.89E-06
 9.92E+06   5.63E-05   3.84E-09   3.53E-08   5.05E-05   5.22E-05   3.07E-04   1.95E-06   2.06E-06

     Z      PCH4_3     PC2H6_1    PC2H6_2    PHNO2_1    PHNO3      PHNO3_3    PHNO3_1    PNO        
 2.50E+04   0.00E+00   0.00E+00   0.00E+00   5.40E-04   1.49E-07   1.77E-31   1.27E-31   0.00E+00
 1.75E+05   0.00E+00   0.00E+00   0.00E+00   6.00E-04   1.67E-07   1.51E-26   1.09E-26   0.00E+00
 3.25E+05   0.00E+00   0.00E+00   0.00E+00   6.53E-04   1.80E-07   4.93E-23   3.54E-23   0.00E+00
 4.75E+05   0.00E+00   0.00E+00   0.00E+00   7.01E-04   1.88E-07   1.95E-20   1.40E-20   6.38-162
 6.25E+05   0.00E+00   0.00E+00   0.00E+00   7.44E-04   1.92E-07   2.13E-18   1.53E-18   3.37-125
 7.75E+05   0.00E+00   0.00E+00   0.00E+00   7.82E-04   1.92E-07   1.03E-16   7.41E-17   6.47-101
 9.25E+05   0.00E+00   0.00E+00   0.00E+00   8.17E-04   1.89E-07   2.81E-15   2.02E-15   3.36E-82
 1.08E+06   0.00E+00   0.00E+00   0.00E+00   8.49E-04   1.90E-07   4.76E-14   3.42E-14   3.27E-67
 1.22E+06   0.00E+00   0.00E+00   0.00E+00   8.75E-04   1.98E-07   4.94E-13   3.54E-13   3.22E-55
 1.38E+06   0.00E+00   0.00E+00   0.00E+00   8.99E-04   2.07E-07   3.38E-12   2.43E-12   1.06E-45
 1.52E+06   0.00E+00   0.00E+00   0.00E+00   9.21E-04   2.19E-07   1.70E-11   1.22E-11   3.71E-38
 1.68E+06   0.00E+00   0.00E+00   0.00E+00   9.40E-04   2.37E-07   6.87E-11   4.94E-11   3.57E-32
 1.82E+06   0.00E+00   0.00E+00   0.00E+00   9.56E-04   2.68E-07   2.37E-10   1.70E-10   2.07E-27
 1.98E+06   0.00E+00   0.00E+00   0.00E+00   9.69E-04   3.25E-07   7.30E-10   5.24E-10   1.33E-23
 2.12E+06   0.00E+00   0.00E+00   0.00E+00   9.79E-04   4.35E-07   2.09E-09   1.50E-09   1.54E-20
 2.28E+06   0.00E+00   0.00E+00   0.00E+00   9.88E-04   6.42E-07   5.61E-09   4.03E-09   4.76E-18
 2.42E+06   0.00E+00   0.00E+00   0.00E+00   9.94E-04   1.01E-06   1.41E-08   1.01E-08   5.26E-16
 2.58E+06   0.00E+00   0.00E+00   0.00E+00   1.00E-03   1.64E-06   3.28E-08   2.36E-08   2.55E-14
 2.72E+06   0.00E+00   0.00E+00   0.00E+00   1.01E-03   2.64E-06   6.97E-08   5.00E-08   6.26E-13
 2.88E+06   1.07-141   0.00E+00   7.05-143   1.01E-03   4.09E-06   1.35E-07   9.68E-08   8.59E-12
 3.02E+06   9.42-116   0.00E+00   6.21-117   1.02E-03   6.05E-06   2.38E-07   1.71E-07   7.22E-11
 3.18E+06   3.67E-95   0.00E+00   2.42E-96   1.02E-03   8.51E-06   3.89E-07   2.80E-07   4.03E-10
 3.32E+06   7.81E-79   0.00E+00   5.15E-80   1.03E-03   1.14E-05   5.93E-07   4.26E-07   1.61E-09
 3.48E+06   7.15E-66   0.00E+00   4.71E-67   1.04E-03   1.46E-05   8.53E-07   6.13E-07   4.93E-09
 3.62E+06   1.50E-55   0.00E+00   9.87E-57   1.05E-03   1.80E-05   1.17E-06   8.40E-07   1.22E-08
 3.78E+06   2.67E-47   0.00E+00   1.76E-48   1.06E-03   2.15E-05   1.54E-06   1.11E-06   2.56E-08
 3.92E+06   1.12E-40   0.00E+00   7.35E-42   1.07E-03   2.51E-05   1.95E-06   1.40E-06   4.71E-08
 4.08E+06   2.42E-35   0.00E+00   1.59E-36   1.08E-03   2.87E-05   2.40E-06   1.73E-06   7.84E-08
 4.22E+06   5.10E-31   0.00E+00   3.36E-32   1.09E-03   3.21E-05   2.87E-06   2.06E-06   1.20E-07
 4.38E+06   1.75E-27   0.00E+00   1.15E-28   1.10E-03   3.53E-05   3.35E-06   2.40E-06   1.73E-07
 4.52E+06   1.50E-24   0.00E+00   9.91E-26   1.11E-03   3.81E-05   3.83E-06   2.75E-06   2.36E-07
 4.68E+06   4.46E-22   0.00E+00   2.94E-23   1.12E-03   4.05E-05   4.30E-06   3.09E-06   3.10E-07
 4.82E+06   5.58E-20   0.00E+00   3.68E-21   1.13E-03   4.26E-05   4.77E-06   3.42E-06   3.93E-07
 4.98E+06   3.31E-18   0.00E+00   2.18E-19   1.14E-03   4.43E-05   5.23E-06   3.75E-06   4.84E-07
 5.12E+06   1.01E-16   0.00E+00   6.68E-18   1.15E-03   4.56E-05   5.68E-06   4.08E-06   5.83E-07
 5.28E+06   1.76E-15   0.00E+00   1.16E-16   1.15E-03   4.68E-05   6.13E-06   4.40E-06   6.88E-07
 5.42E+06   1.87E-14   0.00E+00   1.23E-15   1.15E-03   4.77E-05   6.58E-06   4.72E-06   7.98E-07
 5.58E+06   1.32E-13   0.00E+00   8.67E-15   1.16E-03   4.84E-05   7.02E-06   5.04E-06   9.14E-07
 5.72E+06   6.57E-13   0.00E+00   4.33E-14   1.16E-03   4.91E-05   7.46E-06   5.35E-06   1.03E-06
 5.88E+06   2.46E-12   0.00E+00   1.63E-13   1.16E-03   4.96E-05   7.89E-06   5.66E-06   1.15E-06
 6.02E+06   7.29E-12   0.00E+00   4.86E-13   1.16E-03   5.00E-05   8.31E-06   5.97E-06   1.28E-06
 6.18E+06   1.78E-11   0.00E+00   1.33E-12   1.16E-03   5.04E-05   8.72E-06   6.26E-06   1.40E-06
 6.32E+06   3.77E-11   0.00E+00   5.01E-12   1.16E-03   5.07E-05   9.12E-06   6.55E-06   1.53E-06
 6.48E+06   7.71E-11   0.00E+00   2.92E-11   1.16E-03   5.09E-05   9.50E-06   6.82E-06   1.65E-06
 6.62E+06   1.77E-10   0.00E+00   1.64E-10   1.16E-03   5.12E-05   9.86E-06   7.08E-06   1.77E-06
 6.78E+06   4.74E-10   0.00E+00   7.19E-10   1.16E-03   5.13E-05   1.02E-05   7.34E-06   1.90E-06
 6.92E+06   1.31E-09   0.00E+00   2.44E-09   1.16E-03   5.15E-05   1.06E-05   7.59E-06   2.03E-06
 7.08E+06   3.28E-09   0.00E+00   6.65E-09   1.16E-03   5.17E-05   1.09E-05   7.83E-06   2.16E-06
 7.22E+06   7.22E-09   0.00E+00   1.51E-08   1.16E-03   5.19E-05   1.13E-05   8.09E-06   2.30E-06
 7.38E+06   1.39E-08   0.00E+00   2.94E-08   1.16E-03   5.21E-05   1.16E-05   8.35E-06   2.45E-06
 7.52E+06   2.39E-08   0.00E+00   5.05E-08   1.16E-03   5.24E-05   1.20E-05   8.64E-06   2.62E-06
 7.68E+06   3.70E-08   0.00E+00   7.81E-08   1.16E-03   5.28E-05   1.25E-05   8.96E-06   2.80E-06
 7.82E+06   5.27E-08   0.00E+00   1.11E-07   1.16E-03   5.32E-05   1.29E-05   9.29E-06   3.01E-06
 7.98E+06   7.01E-08   0.00E+00   1.47E-07   1.16E-03   5.36E-05   1.34E-05   9.64E-06   3.22E-06
 8.12E+06   8.82E-08   0.00E+00   1.84E-07   1.16E-03   5.40E-05   1.39E-05   1.00E-05   3.45E-06
 8.28E+06   1.06E-07   0.00E+00   2.21E-07   1.16E-03   5.45E-05   1.44E-05   1.04E-05   3.68E-06
 8.42E+06   1.24E-07   0.00E+00   2.58E-07   1.16E-03   5.49E-05   1.50E-05   1.07E-05   3.92E-06
 8.58E+06   1.42E-07   0.00E+00   2.94E-07   1.16E-03   5.54E-05   1.55E-05   1.11E-05   4.17E-06
 8.72E+06   1.60E-07   0.00E+00   3.32E-07   1.16E-03   5.58E-05   1.60E-05   1.15E-05   4.41E-06
 8.88E+06   1.79E-07   0.00E+00   3.74E-07   1.16E-03   5.62E-05   1.65E-05   1.18E-05   4.66E-06
 9.02E+06   2.00E-07   0.00E+00   4.21E-07   1.16E-03   5.67E-05   1.70E-05   1.22E-05   4.92E-06
 9.18E+06   2.22E-07   0.00E+00   4.72E-07   1.16E-03   5.71E-05   1.75E-05   1.26E-05   5.18E-06
 9.32E+06   2.46E-07   0.00E+00   5.28E-07   1.16E-03   5.76E-05   1.81E-05   1.30E-05   5.45E-06
 9.48E+06   2.71E-07   0.00E+00   5.89E-07   1.16E-03   5.80E-05   1.86E-05   1.34E-05   5.74E-06
 9.62E+06   2.98E-07   0.00E+00   6.52E-07   1.16E-03   5.85E-05   1.92E-05   1.38E-05   6.08E-06
 9.78E+06   3.25E-07   0.00E+00   7.18E-07   1.16E-03   5.92E-05   1.99E-05   1.43E-05   6.52E-06
 9.92E+06   3.54E-07   0.00E+00   7.87E-07   1.16E-03   6.00E-05   2.10E-05   1.51E-05   7.22E-06

     Z      PNO2_O1D   PNO2       PCH3_1     PSO        PH2S       PSO2       PSO2_SO21  PSO2_SO23  
 2.50E+04   2.16E-24   3.57E-03   2.87E-23   5.68E-23   2.34E-14   3.16E-23   3.52E-05   4.27E-07
 1.75E+05   4.38E-22   3.92E-03   5.31E-21   1.31E-20   2.85E-14   7.30E-21   4.17E-05   4.71E-07
 3.25E+05   5.38E-20   4.23E-03   6.29E-19   1.80E-18   3.32E-14   1.02E-18   4.76E-05   5.10E-07
 4.75E+05   3.80E-18   4.50E-03   4.45E-17   1.41E-16   3.79E-14   8.22E-17   5.30E-05   5.45E-07
 6.25E+05   1.62E-16   4.75E-03   1.91E-15   6.48E-15   4.52E-14   3.86E-15   5.81E-05   5.77E-07
 7.75E+05   4.33E-15   4.98E-03   5.13E-14   1.84E-13   1.28E-13   1.11E-13   6.29E-05   6.05E-07
 9.25E+05   7.59E-14   5.18E-03   9.03E-13   3.38E-12   1.57E-12   2.07E-12   6.73E-05   6.31E-07
 1.08E+06   8.92E-13   5.36E-03   1.06E-11   4.11E-11   1.88E-11   2.54E-11   7.14E-05   6.53E-07
 1.22E+06   6.82E-12   5.51E-03   8.02E-11   3.23E-10   1.49E-10   2.01E-10   7.52E-05   6.73E-07
 1.38E+06   3.65E-11   5.65E-03   4.26E-10   1.76E-09   8.21E-10   1.10E-09   7.89E-05   6.90E-07
 1.52E+06   1.52E-10   5.78E-03   1.76E-09   7.44E-09   3.48E-09   4.65E-09   8.30E-05   7.06E-07
 1.68E+06   5.30E-10   5.90E-03   6.09E-09   2.60E-08   1.22E-08   1.63E-08   8.78E-05   7.20E-07
 1.82E+06   1.62E-09   5.99E-03   1.85E-08   7.95E-08   3.72E-08   4.97E-08   9.38E-05   7.31E-07
 1.98E+06   4.44E-09   6.07E-03   5.05E-08   2.17E-07   1.01E-07   1.35E-07   1.01E-04   7.40E-07
 2.12E+06   1.12E-08   6.13E-03   1.27E-07   5.39E-07   2.51E-07   3.34E-07   1.11E-04   7.47E-07
 2.28E+06   2.60E-08   6.18E-03   2.94E-07   1.23E-06   5.68E-07   7.56E-07   1.23E-04   7.52E-07
 2.42E+06   5.62E-08   6.22E-03   6.38E-07   2.59E-06   1.19E-06   1.58E-06   1.38E-04   7.56E-07
 2.58E+06   1.14E-07   6.25E-03   1.30E-06   5.07E-06   2.31E-06   3.07E-06   1.57E-04   7.59E-07
 2.72E+06   2.16E-07   6.28E-03   2.52E-06   9.24E-06   4.18E-06   5.56E-06   1.80E-04   7.61E-07
 2.88E+06   3.88E-07   6.31E-03   4.61E-06   1.57E-05   7.06E-06   9.39E-06   2.08E-04   7.63E-07
 3.02E+06   6.56E-07   6.34E-03   7.92E-06   2.49E-05   1.12E-05   1.48E-05   2.42E-04   7.64E-07
 3.18E+06   1.05E-06   6.36E-03   1.27E-05   3.69E-05   1.66E-05   2.19E-05   2.82E-04   7.66E-07
 3.32E+06   1.59E-06   6.38E-03   1.89E-05   5.16E-05   2.34E-05   3.06E-05   3.27E-04   7.66E-07
 3.48E+06   2.30E-06   6.39E-03   2.63E-05   6.81E-05   3.12E-05   4.05E-05   3.76E-04   7.67E-07
 3.62E+06   3.18E-06   6.41E-03   3.43E-05   8.59E-05   4.00E-05   5.11E-05   4.28E-04   7.68E-07
 3.78E+06   4.24E-06   6.42E-03   4.25E-05   1.04E-04   4.94E-05   6.21E-05   4.83E-04   7.68E-07
 3.92E+06   5.45E-06   6.44E-03   5.03E-05   1.22E-04   5.91E-05   7.28E-05   5.39E-04   7.68E-07
 4.08E+06   6.76E-06   6.45E-03   5.73E-05   1.39E-04   6.87E-05   8.29E-05   5.95E-04   7.69E-07
 4.22E+06   8.07E-06   6.46E-03   6.33E-05   1.53E-04   7.77E-05   9.18E-05   6.49E-04   7.69E-07
 4.38E+06   9.29E-06   6.46E-03   6.82E-05   1.66E-04   8.57E-05   9.95E-05   7.00E-04   7.69E-07
 4.52E+06   1.04E-05   6.47E-03   7.21E-05   1.76E-04   9.26E-05   1.06E-04   7.44E-04   7.69E-07
 4.68E+06   1.13E-05   6.48E-03   7.51E-05   1.85E-04   9.84E-05   1.11E-04   7.81E-04   7.69E-07
 4.82E+06   1.20E-05   6.48E-03   7.74E-05   1.91E-04   1.03E-04   1.15E-04   8.12E-04   7.69E-07
 4.98E+06   1.26E-05   6.48E-03   7.92E-05   1.97E-04   1.07E-04   1.19E-04   8.36E-04   7.69E-07
 5.12E+06   1.31E-05   6.49E-03   8.06E-05   2.01E-04   1.10E-04   1.21E-04   8.54E-04   7.69E-07
 5.28E+06   1.34E-05   6.49E-03   8.17E-05   2.05E-04   1.13E-04   1.24E-04   8.68E-04   7.69E-07
 5.42E+06   1.37E-05   6.49E-03   8.25E-05   2.08E-04   1.15E-04   1.26E-04   8.78E-04   7.70E-07
 5.58E+06   1.39E-05   6.49E-03   8.31E-05   2.10E-04   1.16E-04   1.27E-04   8.85E-04   7.70E-07
 5.72E+06   1.41E-05   6.49E-03   8.36E-05   2.12E-04   1.18E-04   1.28E-04   8.90E-04   7.70E-07
 5.88E+06   1.42E-05   6.49E-03   8.39E-05   2.14E-04   1.19E-04   1.30E-04   8.94E-04   7.70E-07
 6.02E+06   1.44E-05   6.49E-03   8.42E-05   2.16E-04   1.20E-04   1.30E-04   8.97E-04   7.70E-07
 6.18E+06   1.44E-05   6.49E-03   8.44E-05   2.17E-04   1.20E-04   1.31E-04   8.99E-04   7.70E-07
 6.32E+06   1.45E-05   6.49E-03   8.46E-05   2.18E-04   1.21E-04   1.32E-04   9.00E-04   7.70E-07
 6.48E+06   1.46E-05   6.49E-03   8.47E-05   2.19E-04   1.22E-04   1.33E-04   9.01E-04   7.70E-07
 6.62E+06   1.47E-05   6.50E-03   8.48E-05   2.19E-04   1.22E-04   1.33E-04   9.01E-04   7.70E-07
 6.78E+06   1.47E-05   6.50E-03   8.49E-05   2.20E-04   1.22E-04   1.34E-04   9.02E-04   7.70E-07
 6.92E+06   1.48E-05   6.50E-03   8.50E-05   2.21E-04   1.23E-04   1.34E-04   9.02E-04   7.70E-07
 7.08E+06   1.49E-05   6.50E-03   8.50E-05   2.21E-04   1.23E-04   1.35E-04   9.02E-04   7.70E-07
 7.22E+06   1.50E-05   6.50E-03   8.51E-05   2.21E-04   1.24E-04   1.35E-04   9.02E-04   7.70E-07
 7.38E+06   1.51E-05   6.50E-03   8.51E-05   2.22E-04   1.24E-04   1.36E-04   9.02E-04   7.70E-07
 7.52E+06   1.52E-05   6.50E-03   8.51E-05   2.22E-04   1.25E-04   1.36E-04   9.02E-04   7.70E-07
 7.68E+06   1.54E-05   6.50E-03   8.51E-05   2.22E-04   1.25E-04   1.37E-04   9.02E-04   7.70E-07
 7.82E+06   1.56E-05   6.50E-03   8.51E-05   2.23E-04   1.26E-04   1.38E-04   9.02E-04   7.70E-07
 7.98E+06   1.58E-05   6.50E-03   8.51E-05   2.23E-04   1.26E-04   1.38E-04   9.02E-04   7.70E-07
 8.12E+06   1.60E-05   6.50E-03   8.52E-05   2.23E-04   1.27E-04   1.39E-04   9.03E-04   7.70E-07
 8.28E+06   1.62E-05   6.50E-03   8.52E-05   2.23E-04   1.28E-04   1.40E-04   9.03E-04   7.70E-07
 8.42E+06   1.65E-05   6.50E-03   8.52E-05   2.23E-04   1.28E-04   1.41E-04   9.03E-04   7.70E-07
 8.58E+06   1.67E-05   6.50E-03   8.52E-05   2.23E-04   1.29E-04   1.42E-04   9.03E-04   7.70E-07
 8.72E+06   1.69E-05   6.50E-03   8.52E-05   2.24E-04   1.30E-04   1.43E-04   9.03E-04   7.70E-07
 8.88E+06   1.72E-05   6.50E-03   8.52E-05   2.24E-04   1.30E-04   1.43E-04   9.03E-04   7.70E-07
 9.02E+06   1.75E-05   6.50E-03   8.52E-05   2.24E-04   1.31E-04   1.44E-04   9.03E-04   7.70E-07
 9.18E+06   1.77E-05   6.50E-03   8.52E-05   2.24E-04   1.32E-04   1.45E-04   9.03E-04   7.70E-07
 9.32E+06   1.80E-05   6.50E-03   8.52E-05   2.24E-04   1.33E-04   1.46E-04   9.03E-04   7.70E-07
 9.48E+06   1.84E-05   6.50E-03   8.52E-05   2.24E-04   1.33E-04   1.47E-04   9.03E-04   7.70E-07
 9.62E+06   1.88E-05   6.50E-03   8.52E-05   2.24E-04   1.34E-04   1.48E-04   9.03E-04   7.70E-07
 9.78E+06   1.93E-05   6.50E-03   8.52E-05   2.24E-04   1.35E-04   1.49E-04   9.03E-04   7.70E-07
 9.92E+06   2.03E-05   6.50E-03   8.52E-05   2.25E-04   1.36E-04   1.50E-04   9.03E-04   7.70E-07

     Z      PS2        PS4        PS3        PS8L       PS8R       PS8        PSO3       PHSO       
 2.50E+04   2.81E-05   1.15E-01   5.35E-01   0.00E+00   0.00E+00   7.65E-14   6.47E-08   4.34E-23
 1.75E+05   3.32E-05   1.19E-01   5.75E-01   0.00E+00   0.00E+00   1.07E-13   7.55E-08   9.05E-21
 3.25E+05   3.78E-05   1.23E-01   6.10E-01   0.00E+00   0.00E+00   1.46E-13   8.51E-08   1.14E-18
 4.75E+05   4.20E-05   1.26E-01   6.42E-01   0.00E+00   0.00E+00   1.95E-13   9.40E-08   8.28E-17
 6.25E+05   4.59E-05   1.29E-01   6.70E-01   0.00E+00   0.00E+00   2.57E-13   1.02E-07   3.60E-15
 7.75E+05   4.96E-05   1.31E-01   6.96E-01   0.00E+00   0.00E+00   3.35E-13   1.10E-07   9.82E-14
 9.25E+05   5.30E-05   1.33E-01   7.19E-01   0.00E+00   0.00E+00   4.36E-13   1.16E-07   1.75E-12
 1.08E+06   5.62E-05   1.36E-01   7.40E-01   0.00E+00   0.00E+00   5.76E-13   1.23E-07   2.08E-11
 1.22E+06   5.90E-05   1.37E-01   7.58E-01   0.00E+00   0.00E+00   7.69E-13   1.28E-07   1.60E-10
 1.38E+06   6.18E-05   1.39E-01   7.74E-01   0.00E+00   0.00E+00   1.03E-12   1.34E-07   8.66E-10
 1.52E+06   6.48E-05   1.41E-01   7.89E-01   0.00E+00   0.00E+00   1.37E-12   1.39E-07   3.63E-09
 1.68E+06   6.83E-05   1.43E-01   8.02E-01   0.00E+00   0.00E+00   1.83E-12   1.46E-07   1.27E-08
 1.82E+06   7.24E-05   1.45E-01   8.13E-01   0.00E+00   0.00E+00   2.44E-12   1.56E-07   3.86E-08
 1.98E+06   7.76E-05   1.46E-01   8.21E-01   0.00E+00   0.00E+00   3.24E-12   1.72E-07   1.06E-07
 2.12E+06   8.39E-05   1.47E-01   8.28E-01   0.00E+00   0.00E+00   4.31E-12   2.00E-07   2.65E-07
 2.28E+06   9.18E-05   1.47E-01   8.32E-01   0.00E+00   0.00E+00   5.74E-12   2.51E-07   6.12E-07
 2.42E+06   1.01E-04   1.48E-01   8.36E-01   0.00E+00   0.00E+00   7.65E-12   3.45E-07   1.31E-06
 2.58E+06   1.13E-04   1.48E-01   8.38E-01   0.00E+00   0.00E+00   1.02E-11   5.08E-07   2.63E-06
 2.72E+06   1.28E-04   1.48E-01   8.40E-01   0.00E+00   0.00E+00   1.37E-11   7.75E-07   4.93E-06
 2.88E+06   1.47E-04   1.49E-01   8.42E-01   0.00E+00   0.00E+00   1.84E-11   1.19E-06   8.69E-06
 3.02E+06   1.69E-04   1.49E-01   8.43E-01   0.00E+00   0.00E+00   2.49E-11   1.78E-06   1.44E-05
 3.18E+06   1.95E-04   1.49E-01   8.44E-01   0.00E+00   0.00E+00   3.38E-11   2.57E-06   2.26E-05
 3.32E+06   2.24E-04   1.49E-01   8.45E-01   0.00E+00   0.00E+00   4.58E-11   3.55E-06   3.36E-05
 3.48E+06   2.57E-04   1.49E-01   8.46E-01   0.00E+00   0.00E+00   6.19E-11   4.70E-06   4.76E-05
 3.62E+06   2.91E-04   1.49E-01   8.46E-01   0.00E+00   0.00E+00   8.34E-11   6.00E-06   6.48E-05
 3.78E+06   3.27E-04   1.50E-01   8.46E-01   0.00E+00   0.00E+00   1.12E-10   7.43E-06   8.52E-05
 3.92E+06   3.63E-04   1.50E-01   8.47E-01   0.00E+00   0.00E+00   1.50E-10   8.94E-06   1.08E-04
 4.08E+06   3.97E-04   1.50E-01   8.47E-01   0.00E+00   0.00E+00   2.00E-10   1.05E-05   1.34E-04
 4.22E+06   4.29E-04   1.50E-01   8.47E-01   0.00E+00   0.00E+00   2.65E-10   1.21E-05   1.60E-04
 4.38E+06   4.57E-04   1.50E-01   8.47E-01   0.00E+00   0.00E+00   3.49E-10   1.36E-05   1.86E-04
 4.52E+06   4.81E-04   1.50E-01   8.47E-01   0.00E+00   0.00E+00   4.54E-10   1.50E-05   2.09E-04
 4.68E+06   5.01E-04   1.50E-01   8.47E-01   0.00E+00   0.00E+00   5.82E-10   1.62E-05   2.28E-04
 4.82E+06   5.17E-04   1.50E-01   8.47E-01   0.00E+00   0.00E+00   7.39E-10   1.72E-05   2.45E-04
 4.98E+06   5.29E-04   1.50E-01   8.47E-01   0.00E+00   0.00E+00   9.28E-10   1.81E-05   2.58E-04
 5.12E+06   5.38E-04   1.50E-01   8.48E-01   0.00E+00   0.00E+00   1.16E-09   1.88E-05   2.69E-04
 5.28E+06   5.45E-04   1.50E-01   8.48E-01   0.00E+00   0.00E+00   1.44E-09   1.93E-05   2.77E-04
 5.42E+06   5.50E-04   1.50E-01   8.48E-01   0.00E+00   0.00E+00   1.77E-09   1.97E-05   2.83E-04
 5.58E+06   5.53E-04   1.50E-01   8.48E-01   0.00E+00   0.00E+00   2.18E-09   2.01E-05   2.87E-04
 5.72E+06   5.56E-04   1.50E-01   8.48E-01   0.00E+00   0.00E+00   2.68E-09   2.03E-05   2.91E-04
 5.88E+06   5.58E-04   1.50E-01   8.48E-01   0.00E+00   0.00E+00   3.29E-09   2.05E-05   2.93E-04
 6.02E+06   5.59E-04   1.50E-01   8.48E-01   0.00E+00   0.00E+00   4.04E-09   2.07E-05   2.95E-04
 6.18E+06   5.60E-04   1.50E-01   8.48E-01   0.00E+00   0.00E+00   4.97E-09   2.09E-05   2.97E-04
 6.32E+06   5.61E-04   1.50E-01   8.48E-01   0.00E+00   0.00E+00   6.11E-09   2.10E-05   2.98E-04
 6.48E+06   5.61E-04   1.50E-01   8.48E-01   0.00E+00   0.00E+00   7.53E-09   2.11E-05   2.99E-04
 6.62E+06   5.61E-04   1.50E-01   8.48E-01   0.00E+00   0.00E+00   9.28E-09   2.12E-05   3.00E-04
 6.78E+06   5.62E-04   1.50E-01   8.48E-01   0.00E+00   0.00E+00   1.15E-08   2.12E-05   3.01E-04
 6.92E+06   5.62E-04   1.50E-01   8.48E-01   0.00E+00   0.00E+00   1.42E-08   2.13E-05   3.01E-04
 7.08E+06   5.62E-04   1.50E-01   8.48E-01   0.00E+00   0.00E+00   1.76E-08   2.14E-05   3.01E-04
 7.22E+06   5.62E-04   1.50E-01   8.48E-01   0.00E+00   0.00E+00   2.18E-08   2.14E-05   3.02E-04
 7.38E+06   5.62E-04   1.50E-01   8.48E-01   0.00E+00   0.00E+00   2.72E-08   2.15E-05   3.02E-04
 7.52E+06   5.62E-04   1.50E-01   8.48E-01   0.00E+00   0.00E+00   3.40E-08   2.16E-05   3.02E-04
 7.68E+06   5.62E-04   1.50E-01   8.48E-01   0.00E+00   0.00E+00   4.25E-08   2.16E-05   3.03E-04
 7.82E+06   5.62E-04   1.50E-01   8.48E-01   0.00E+00   0.00E+00   5.32E-08   2.17E-05   3.03E-04
 7.98E+06   5.62E-04   1.50E-01   8.48E-01   0.00E+00   0.00E+00   6.65E-08   2.17E-05   3.03E-04
 8.12E+06   5.62E-04   1.50E-01   8.48E-01   0.00E+00   0.00E+00   8.31E-08   2.18E-05   3.04E-04
 8.28E+06   5.62E-04   1.50E-01   8.48E-01   0.00E+00   0.00E+00   1.04E-07   2.19E-05   3.04E-04
 8.42E+06   5.62E-04   1.50E-01   8.48E-01   0.00E+00   0.00E+00   1.30E-07   2.19E-05   3.04E-04
 8.58E+06   5.62E-04   1.50E-01   8.48E-01   0.00E+00   0.00E+00   1.62E-07   2.20E-05   3.04E-04
 8.72E+06   5.62E-04   1.50E-01   8.48E-01   0.00E+00   0.00E+00   2.03E-07   2.21E-05   3.05E-04
 8.88E+06   5.62E-04   1.50E-01   8.48E-01   0.00E+00   0.00E+00   2.53E-07   2.22E-05   3.05E-04
 9.02E+06   5.62E-04   1.50E-01   8.48E-01   0.00E+00   0.00E+00   3.16E-07   2.22E-05   3.05E-04
 9.18E+06   5.62E-04   1.50E-01   8.48E-01   0.00E+00   0.00E+00   3.94E-07   2.23E-05   3.05E-04
 9.32E+06   5.62E-04   1.50E-01   8.48E-01   0.00E+00   0.00E+00   4.92E-07   2.24E-05   3.06E-04
 9.48E+06   5.62E-04   1.50E-01   8.48E-01   0.00E+00   0.00E+00   6.12E-07   2.24E-05   3.06E-04
 9.62E+06   5.62E-04   1.50E-01   8.48E-01   0.00E+00   0.00E+00   7.63E-07   2.25E-05   3.06E-04
 9.78E+06   5.62E-04   1.50E-01   8.48E-01   0.00E+00   0.00E+00   9.49E-07   2.27E-05   3.06E-04
 9.92E+06   5.62E-04   1.50E-01   8.48E-01   0.00E+00   0.00E+00   1.18E-06   2.30E-05   3.07E-04

     Z      POCS       PNO3_NO    PNO3_NO2   PN2O       PHO2NO2_NO2PHO2NO2_NO3PN2O5_NO2  PN2O5_NO   
 2.50E+04   9.97E-12   1.06E-02   8.32E-02   4.14E-26   1.49E-06   3.73E-07   3.08E-10   1.00E-05
 1.75E+05   1.19E-11   1.08E-02   8.47E-02   1.04E-23   1.74E-06   4.35E-07   3.86E-10   1.15E-05
 3.25E+05   1.37E-11   1.10E-02   8.59E-02   1.64E-21   1.96E-06   4.90E-07   4.63E-10   1.28E-05
 4.75E+05   1.53E-11   1.12E-02   8.69E-02   1.47E-19   2.16E-06   5.41E-07   5.43E-10   1.39E-05
 6.25E+05   1.69E-11   1.14E-02   8.76E-02   7.36E-18   2.35E-06   5.87E-07   6.28E-10   1.50E-05
 7.75E+05   1.84E-11   1.15E-02   8.80E-02   2.18E-16   2.52E-06   6.30E-07   7.18E-10   1.60E-05
 9.25E+05   1.99E-11   1.17E-02   8.82E-02   4.06E-15   2.68E-06   6.70E-07   8.16E-10   1.69E-05
 1.08E+06   2.16E-11   1.19E-02   8.86E-02   5.05E-14   2.83E-06   7.06E-07   9.41E-10   1.77E-05
 1.22E+06   2.55E-11   1.20E-02   8.95E-02   4.12E-13   2.96E-06   7.39E-07   1.23E-09   1.84E-05
 1.38E+06   3.95E-11   1.21E-02   9.05E-02   2.33E-12   3.08E-06   7.69E-07   2.27E-09   1.91E-05
 1.52E+06   8.96E-11   1.23E-02   9.17E-02   1.01E-11   3.21E-06   8.01E-07   6.09E-09   1.97E-05
 1.68E+06   2.50E-10   1.24E-02   9.29E-02   3.58E-11   3.35E-06   8.37E-07   1.83E-08   2.04E-05
 1.82E+06   7.13E-10   1.26E-02   9.40E-02   1.10E-10   3.52E-06   8.80E-07   5.30E-08   2.10E-05
 1.98E+06   1.95E-09   1.27E-02   9.49E-02   3.02E-10   3.74E-06   9.37E-07   1.41E-07   2.17E-05
 2.12E+06   5.00E-09   1.27E-02   9.56E-02   7.49E-10   4.06E-06   1.02E-06   3.47E-07   2.25E-05
 2.28E+06   1.21E-08   1.28E-02   9.63E-02   1.70E-09   4.53E-06   1.14E-06   7.83E-07   2.33E-05
 2.42E+06   2.75E-08   1.28E-02   9.69E-02   3.54E-09   5.25E-06   1.33E-06   1.64E-06   2.43E-05
 2.58E+06   5.93E-08   1.29E-02   9.74E-02   6.84E-09   6.38E-06   1.63E-06   3.18E-06   2.54E-05
 2.72E+06   1.21E-07   1.29E-02   9.79E-02   1.22E-08   8.11E-06   2.09E-06   5.77E-06   2.67E-05
 2.88E+06   2.37E-07   1.29E-02   9.84E-02   2.04E-08   1.06E-05   2.77E-06   9.76E-06   2.82E-05
 3.02E+06   4.37E-07   1.29E-02   9.89E-02   3.17E-08   1.42E-05   3.72E-06   1.55E-05   2.99E-05
 3.18E+06   7.67E-07   1.30E-02   9.94E-02   4.63E-08   1.88E-05   4.97E-06   2.31E-05   3.19E-05
 3.32E+06   1.28E-06   1.30E-02   9.99E-02   6.39E-08   2.45E-05   6.53E-06   3.24E-05   3.40E-05
 3.48E+06   2.02E-06   1.30E-02   1.00E-01   8.39E-08   3.15E-05   8.39E-06   4.35E-05   3.63E-05
 3.62E+06   3.04E-06   1.30E-02   1.01E-01   1.06E-07   3.95E-05   1.06E-05   5.60E-05   3.87E-05
 3.78E+06   4.37E-06   1.30E-02   1.01E-01   1.29E-07   4.89E-05   1.30E-05   6.98E-05   4.13E-05
 3.92E+06   6.02E-06   1.30E-02   1.02E-01   1.52E-07   5.98E-05   1.59E-05   8.51E-05   4.40E-05
 4.08E+06   7.93E-06   1.30E-02   1.02E-01   1.75E-07   7.25E-05   1.93E-05   1.02E-04   4.70E-05
 4.22E+06   9.97E-06   1.30E-02   1.02E-01   1.96E-07   8.71E-05   2.31E-05   1.20E-04   5.00E-05
 4.38E+06   1.20E-05   1.30E-02   1.02E-01   2.14E-07   1.03E-04   2.71E-05   1.38E-04   5.31E-05
 4.52E+06   1.38E-05   1.30E-02   1.02E-01   2.30E-07   1.18E-04   3.12E-05   1.56E-04   5.60E-05
 4.68E+06   1.54E-05   1.30E-02   1.02E-01   2.42E-07   1.33E-04   3.49E-05   1.72E-04   5.85E-05
 4.82E+06   1.67E-05   1.30E-02   1.02E-01   2.53E-07   1.46E-04   3.82E-05   1.86E-04   6.07E-05
 4.98E+06   1.77E-05   1.30E-02   1.02E-01   2.63E-07   1.56E-04   4.09E-05   1.98E-04   6.24E-05
 5.12E+06   1.85E-05   1.30E-02   1.02E-01   2.72E-07   1.64E-04   4.31E-05   2.08E-04   6.38E-05
 5.28E+06   1.92E-05   1.30E-02   1.01E-01   2.80E-07   1.71E-04   4.49E-05   2.16E-04   6.48E-05
 5.42E+06   1.96E-05   1.30E-02   1.01E-01   2.87E-07   1.76E-04   4.62E-05   2.22E-04   6.56E-05
 5.58E+06   2.00E-05   1.30E-02   1.01E-01   2.94E-07   1.80E-04   4.73E-05   2.27E-04   6.62E-05
 5.72E+06   2.02E-05   1.30E-02   1.01E-01   3.00E-07   1.83E-04   4.80E-05   2.31E-04   6.66E-05
 5.88E+06   2.04E-05   1.30E-02   1.01E-01   3.06E-07   1.85E-04   4.86E-05   2.34E-04   6.68E-05
 6.02E+06   2.05E-05   1.30E-02   1.01E-01   3.12E-07   1.87E-04   4.91E-05   2.36E-04   6.71E-05
 6.18E+06   2.06E-05   1.30E-02   1.00E-01   3.17E-07   1.88E-04   4.95E-05   2.39E-04   6.72E-05
 6.32E+06   2.07E-05   1.30E-02   1.00E-01   3.22E-07   1.89E-04   4.97E-05   2.40E-04   6.73E-05
 6.48E+06   2.08E-05   1.30E-02   9.99E-02   3.27E-07   1.89E-04   5.00E-05   2.42E-04   6.74E-05
 6.62E+06   2.08E-05   1.30E-02   9.97E-02   3.31E-07   1.90E-04   5.01E-05   2.43E-04   6.74E-05
 6.78E+06   2.09E-05   1.30E-02   9.95E-02   3.36E-07   1.90E-04   5.02E-05   2.45E-04   6.74E-05
 6.92E+06   2.09E-05   1.31E-02   9.93E-02   3.42E-07   1.91E-04   5.03E-05   2.46E-04   6.75E-05
 7.08E+06   2.09E-05   1.31E-02   9.91E-02   3.50E-07   1.91E-04   5.04E-05   2.47E-04   6.75E-05
 7.22E+06   2.10E-05   1.31E-02   9.90E-02   3.62E-07   1.91E-04   5.05E-05   2.48E-04   6.75E-05
 7.38E+06   2.11E-05   1.31E-02   9.88E-02   3.80E-07   1.91E-04   5.05E-05   2.49E-04   6.75E-05
 7.52E+06   2.12E-05   1.31E-02   9.88E-02   4.07E-07   1.91E-04   5.06E-05   2.51E-04   6.75E-05
 7.68E+06   2.13E-05   1.31E-02   9.88E-02   4.42E-07   1.91E-04   5.06E-05   2.52E-04   6.75E-05
 7.82E+06   2.15E-05   1.31E-02   9.88E-02   4.82E-07   1.91E-04   5.06E-05   2.54E-04   6.75E-05
 7.98E+06   2.17E-05   1.31E-02   9.88E-02   5.27E-07   1.91E-04   5.06E-05   2.55E-04   6.75E-05
 8.12E+06   2.19E-05   1.31E-02   9.88E-02   5.74E-07   1.91E-04   5.07E-05   2.57E-04   6.75E-05
 8.28E+06   2.21E-05   1.31E-02   9.88E-02   6.22E-07   1.91E-04   5.07E-05   2.59E-04   6.75E-05
 8.42E+06   2.23E-05   1.31E-02   9.88E-02   6.70E-07   1.91E-04   5.07E-05   2.61E-04   6.75E-05
 8.58E+06   2.25E-05   1.31E-02   9.88E-02   7.18E-07   1.92E-04   5.07E-05   2.62E-04   6.75E-05
 8.72E+06   2.28E-05   1.31E-02   9.88E-02   7.69E-07   1.92E-04   5.07E-05   2.64E-04   6.75E-05
 8.88E+06   2.30E-05   1.31E-02   9.88E-02   8.26E-07   1.92E-04   5.07E-05   2.66E-04   6.75E-05
 9.02E+06   2.33E-05   1.31E-02   9.88E-02   8.95E-07   1.92E-04   5.07E-05   2.68E-04   6.75E-05
 9.18E+06   2.36E-05   1.31E-02   9.88E-02   9.84E-07   1.92E-04   5.07E-05   2.70E-04   6.75E-05
 9.32E+06   2.40E-05   1.31E-02   9.88E-02   1.10E-06   1.92E-04   5.07E-05   2.72E-04   6.75E-05
 9.48E+06   2.46E-05   1.31E-02   9.88E-02   1.25E-06   1.92E-04   5.07E-05   2.74E-04   6.75E-05
 9.62E+06   2.54E-05   1.31E-02   9.88E-02   1.44E-06   1.92E-04   5.07E-05   2.77E-04   6.75E-05
 9.78E+06   2.68E-05   1.31E-02   9.88E-02   1.68E-06   1.92E-04   5.07E-05   2.81E-04   6.75E-05
 9.92E+06   3.02E-05   1.31E-02   9.88E-02   2.01E-06   1.92E-04   5.07E-05   2.87E-04   6.75E-05
